model,feature,gain,split,gain_share,task
p07_early,trend_pres_30_60,665.4006346702575,62.0,0.0289217939103589,p07_early
p07_early,rec_cat,615.4054320335388,64.2,0.0267487407573778,p07_early
p07_early,rec_over_gap,437.3917151451111,45.4,0.0190113329990948,p07_early
p07_early,trend_pres_30_90,385.4282339096069,39.0,0.0167527281573624,p07_early
p07_early,weekend_share,375.1035383224488,37.8,0.0163039628535737,p07_early
p07_early,rec_over_buygap,362.0114323616028,37.6,0.0157349114118963,p07_early
p07_early,trend_srch_30_90,314.5812810897827,33.2,0.0136733488152503,p07_early
p07_early,dlog_buyd_30_60,313.4557218551636,24.4,0.0136244261203784,p07_early
p07_early,rec_buy,304.85512790679934,31.4,0.0132505992967768,p07_early
p07_early,buygap_cv,297.8829853057861,31.6,0.012947553491117,p07_early
p07_early,trend_srch_14_30,296.93494720458983,30.8,0.0129063467937481,p07_early
p07_early,trend_pres_7_14,292.6045282363892,31.8,0.0127181241224459,p07_early
p07_early,trend_srch_60_180,283.0539510726929,29.0,0.0123030060566354,p07_early
p07_early,trend_pres_7_30,278.96137647628785,29.6,0.0121251213464733,p07_early
p07_early,trend_pres_14_30,276.9386408805847,30.0,0.012037202671639,p07_early
p07_early,w14_srch2cart,253.4279969215393,27.0,0.0110153070438714,p07_early
p07_early,trend_srch_7_14,252.90013694763184,26.2,0.0109923634868872,p07_early
p07_early,trend_pres_60_180,247.66350975036625,27.0,0.0107647522633726,p07_early
p07_early,w180_ponly_share,245.2755989074707,25.6,0.0106609611611763,p07_early
p07_early,rec_cart,244.62718534469604,27.0,0.0106327777143112,p07_early
p07_early,trend_srch_30_60,244.2020791053772,26.2,0.0106143003723867,p07_early
p07_early,w7_lgmv_mean,232.66438751220704,24.0,0.0101128119140471,p07_early
p07_early,w60_lgmv_std,232.6606731414795,24.6,0.0101126504680564,p07_early
p07_early,w7_gmv_max,225.22581405639647,23.8,0.0097894925824047,p07_early
p07_early,dlog_gmv_30_60,222.2964575767517,16.8,0.0096621674192175,p07_early
p07_early,w7_srch_per_day,221.72042541503907,23.6,0.0096371300468455,p07_early
p07_early,rec_search,204.39152631759643,21.8,0.0088839254024917,p07_early
p07_early,w14_days_presence_only,203.0897087097168,19.8,0.008827341596282,p07_early
p07_early,w14_lgmv_std,202.84721450805665,21.2,0.0088168015292015,p07_early
p07_early,w14_lgmv_mean,202.63413190841675,21.4,0.0088075398442683,p07_early
p07_early,w180_lgmv_std,198.9139814376831,21.2,0.0086458426356634,p07_early
p07_early,buygap_std,197.76371507644652,21.6,0.0085958460397657,p07_early
p07_early,w90_lgmv_std,194.6951212882996,20.8,0.0084624688944623,p07_early
p07_early,w180_days_presence_only,194.4364835739136,20.2,0.0084512271458327,p07_early
p07_early,trend_srch_7_30,192.55973653793336,20.0,0.0083696538978249,p07_early
p07_early,gap_cv,187.62953023910524,21.0,0.0081553613301887,p07_early
p07_early,w180_lgmv_mean,184.53717203140255,19.4,0.008020951258842,p07_early
p07_early,dlog_buyd_60_180,181.4070701599121,19.6,0.0078849006503382,p07_early
p07_early,w7_searches,175.91556949615477,17.8,0.0076462112921074,p07_early
p07_early,buygap_mean,174.74360790252686,18.8,0.0075952717078695,p07_early
p07_early,w30_lgmv_std,174.35269536972046,18.6,0.0075782806033804,p07_early
p07_early,trend_gmv_60_180,172.79367389678956,17.4,0.0075105173711372,p07_early
p07_early,w90_srch_per_day,169.90001173019408,17.8,0.0073847436695988,p07_early
p07_early,w30_srch_per_day,169.67945356369017,19.4,0.0073751570574068,p07_early
p07_early,w14_carts,166.7544075012207,17.0,0.0072480192475083,p07_early
p07_early,w180_days_cat,165.82439775466918,18.2,0.0072075961567824,p07_early
p07_early,w30_lgmv_mean,165.18432064056395,17.8,0.0071797750556046,p07_early
p07_early,w60_srch2cart,160.57176628112794,17.0,0.0069792893036636,p07_early
p07_early,w14_srch_per_day,159.2647744178772,17.4,0.0069224805972364,p07_early
p07_early,w180_cart2ord,154.81337394714356,16.2,0.0067289994366859,p07_early
p07_early,w180_srch_per_day,152.6134687423706,17.0,0.0066333800434367,p07_early
p07_early,w90_buyday_rate,151.45074558258057,16.2,0.0065828420098821,p07_early
p07_early,w7_srch2cart,144.27390203475952,15.4,0.006270898829786,p07_early
p07_early,trend_gmv_30_60,140.6266881942749,15.4,0.0061123718288405,p07_early
p07_early,w7_aov,140.23524589538573,15.0,0.006095357697945,p07_early
p07_early,w14_ponly_share,138.65122365951538,14.4,0.0060265078017047,p07_early
p07_early,w30_srch2cart,138.4636854171753,15.0,0.0060183564082243,p07_early
p07_early,w90_srch2cart,134.6758683204651,13.6,0.005853718053926,p07_early
p07_early,dlog_gmv_7_14,132.80012140274047,13.6,0.0057721882762916,p07_early
p07_early,w180_srch2cart,132.2962840080261,14.4,0.0057502888663197,p07_early
p07_early,w30_gmv_max,131.780672454834,13.2,0.005727877689801,p07_early
p07_early,w60_days_present,131.62271957397462,13.6,0.0057210122309635,p07_early
p07_early,w30_ponly_share,129.22885971069337,14.0,0.0056169625532075,p07_early
p07_early,w14_searches,128.85056753158568,13.0,0.0056005199953378,p07_early
p07_early,w90_ponly_share,128.0432580947876,13.4,0.0055654301022172,p07_early
p07_early,w90_gmv_max,127.9332468032837,13.6,0.0055606484357521,p07_early
p07_early,w60_srch_per_day,127.6073842048645,14.0,0.0055464847418457,p07_early
p07_early,w60_lgmv_mean,123.88843393325806,13.4,0.0053848397001761,p07_early
p07_early,w90_lgmv_mean,120.94226245880128,12.6,0.0052567836693143,p07_early
p07_early,dlog_gmv_60_180,120.49885301589966,12.4,0.0052375107743735,p07_early
p07_early,w60_cart2ord,119.69053354263306,13.0,0.005202376979782,p07_early
p07_early,w14_gmv_max,119.22495756149291,12.8,0.0051821406110824,p07_early
p07_early,w30_gmv_per_day,118.57812633514403,12.4,0.0051540259408394,p07_early
p07_early,w60_ponly_share,116.56721620559692,13.4,0.005066621262652,p07_early
p07_early,rec_any,115.9372378349304,12.6,0.0050392391057152,p07_early
p07_early,w60_aov,115.50839204788208,12.2,0.0050205992234757,p07_early
p07_early,w60_gmv_max,115.3430874824524,12.4,0.0050134142219523,p07_early
p07_early,w14_aov,111.99181184768676,12.2,0.0048677502441992,p07_early
p07_early,dlog_buyd_7_30,111.86426992416382,11.4,0.0048622066047212,p07_early
p07_early,w90_cart2ord,110.655011844635,12.6,0.0048096459200175,p07_early
p07_early,w30_carts,109.94943227767943,11.0,0.0047789777394363,p07_early
p07_early,w180_carts,109.10889406204224,11.0,0.0047424435496869,p07_early
p07_early,w7_lgmv_std,109.05172214508056,11.8,0.0047399585589705,p07_early
p07_early,w180_gmv_max,108.87887039184572,11.0,0.0047324455171674,p07_early
p07_early,w14_buyday_rate,107.88689804077148,11.4,0.0046893292073719,p07_early
p07_early,trend_gmv_7_14,107.1670262336731,11.2,0.0046580398112368,p07_early
p07_early,w60_buyday_rate,105.38678216934204,11.0,0.0045806610874184,p07_early
p07_early,w60_gmv_per_day,104.24853868484496,9.6,0.0045311870686647,p07_early
p07_early,w14_gmv_per_day,104.14874029159546,10.6,0.0045268493082061,p07_early
p07_early,gap_mean,102.19890613555908,10.4,0.0044420993114644,p07_early
p07_early,w90_aov,101.83920783996582,10.6,0.0044264649410821,p07_early
p07_early,dlog_gmv_7_30,100.99053802490236,10.8,0.0043895773094654,p07_early
p07_early,gap_max,100.97648200988768,11.0,0.0043889663614917,p07_early
p07_early,w180_buyday_rate,99.6171661376953,11.2,0.0043298833798019,p07_early
p07_early,w90_days_search,99.0534704208374,10.8,0.0043053822138852,p07_early
p07_early,w30_searches,98.9261121749878,10.6,0.0042998465580001,p07_early
p07_early,w30_aov,95.80072784423828,10.0,0.0041640009985059,p07_early
p07_early,dlog_gmv_30_90,94.82326850891111,10.0,0.0041215155003276,p07_early
p07_early,w90_gmv_per_day,94.48896036148072,10.0,0.0041069847186621,p07_early
p07_early,w7_gmv_cat,94.35598793029786,10.2,0.004101205040901,p07_early
p07_early,w14_cart2ord,94.03800268173218,9.4,0.0040873837378448,p07_early
p07_early,trend_gmv_14_30,93.61132774353028,9.4,0.0040688382120571,p07_early
p07_early,dlog_buyd_30_90,93.06367835998536,10.0,0.0040450345037636,p07_early
p07_early,dlog_buyd_14_30,90.8036759376526,9.4,0.0039468029709247,p07_early
p07_early,w90_days_presence_only,90.4509178161621,9.8,0.0039314702568298,p07_early
p07_early,w60_days_search,90.3751319885254,9.8,0.0039281762081409,p07_early
p07_early,w180_aov,88.94371604919434,9.8,0.0038659593802026,p07_early
p07_early,w180_days_present,88.59442434310913,9.6,0.0038507773346625,p07_early
p07_early,w30_buyday_rate,88.52674369812011,9.4,0.0038478355796293,p07_early
p07_early,w180_searches,88.44815807342529,9.6,0.0038444198371077,p07_early
p07_early,w180_days_search,87.83749179840088,9.2,0.003817877084916,p07_early
p07_early,trend_gmv_30_90,85.33304491043091,8.8,0.0037090207163176,p07_early
p07_early,w180_gmv_cat,84.84154033660889,8.6,0.0036876573552845,p07_early
p07_early,w90_carts,83.58680219650269,8.8,0.0036331198691314,p07_early
p07_early,w180_cat_gmv_share,83.46177005767822,9.2,0.0036276853180311,p07_early
p07_early,w7_carts,83.17921752929688,8.8,0.0036154041064288,p07_early
p07_early,w30_cart2ord,82.91469802856446,9.0,0.0036039067045827,p07_early
p07_early,dlog_gmv_14_30,82.3660698890686,8.6,0.0035800604544333,p07_early
p07_early,w14_orders,82.02798957824707,8.4,0.0035653657148054,p07_early
p07_early,w90_searches,78.54548206329346,7.8,0.0034139977127465,p07_early
p07_early,w60_searches,76.00838241577148,8.2,0.003303722084332,p07_early
p07_early,w90_days_present,75.57233638763428,7.6,0.0032847692419328,p07_early
p07_early,w180_days_cart,74.97727794647217,8.0,0.0032589048878833,p07_early
p07_early,trend_gmv_7_30,74.59920015335084,7.8,0.0032424716483506,p07_early
p07_early,w60_orders,73.11105213165283,6.8,0.0031777889472092,p07_early
p07_early,gap_std,72.09979600906372,8.0,0.0031338344637834,p07_early
p07_early,w90_days_cart,71.13176412582398,7.6,0.0030917587320108,p07_early
p07_early,w7_ponly_share,70.30183153152466,7.0,0.0030556855180685,p07_early
p07_early,w180_gmv,69.94376001358032,6.6,0.0030401218559564,p07_early
p07_early,w7_cart2ord,67.75262613296509,7.4,0.0029448837103593,p07_early
p07_early,w90_gmv,66.54371557235717,7.2,0.0028923381306466,p07_early
p07_early,w7_gmv,66.06655416488647,6.6,0.0028715981986871,p07_early
p07_early,w14_days_search,65.72439203262329,6.4,0.0028567260417374,p07_early
p07_early,w30_gmv,65.51134185791015,6.6,0.0028474657661612,p07_early
p07_early,w60_carts,64.20333185195923,6.6,0.0027906128059239,p07_early
p07_early,w30_days_presence_only,63.97344255447388,7.0,0.0027806206139457,p07_early
p07_early,w30_days_search,63.133864116668704,6.4,0.0027441281411637,p07_early
p07_early,w60_gmv,62.35191020965576,6.0,0.002710140332064,p07_early
p07_early,w60_days_cart,59.96370611190796,5.6,0.0026063364834771,p07_early
p07_early,w180_gmv_per_day,58.85082244873047,6.4,0.0025579647352767,p07_early
p07_early,w7_gmv_per_day,57.91648054122925,6.0,0.0025173533461638,p07_early
p07_early,w90_orders,57.09159622192383,5.6,0.0024814995566725,p07_early
p07_early,w14_days_present,57.053972244262695,6.6,0.0024798642217009,p07_early
p07_early,w30_days_cat,57.00741567611694,6.4,0.0024778406295988,p07_early
p07_early,w30_days_present,56.36102809906006,6.4,0.0024497452426758,p07_early
p07_early,w180_orders,56.25373573303223,6.2,0.0024450817549412,p07_early
p07_early,w90_days_cat,54.69178810119629,6.0,0.0023771913365181,p07_early
p07_early,w14_gmv_cat,54.54125785827637,5.2,0.0023706485043713,p07_early
p07_early,w7_buyday_rate,52.23261013031006,5.8,0.0022703025919678,p07_early
p07_early,dlog_buyd_7_14,51.98171796798706,5.2,0.0022593975055667,p07_early
p07_early,w180_days_buy,50.65691213607788,4.8,0.0022018145108335,p07_early
p07_early,w60_days_cat,49.17159414291382,4.6,0.0021372548175429,p07_early
p07_early,w60_days_presence_only,46.25854454040528,4.8,0.002010638436577,p07_early
p07_early,w7_days_present,43.65759582519532,4.6,0.0018975875935311,p07_early
p07_early,w7_days_search,42.119571685791016,4.6,0.0018307370152911,p07_early
p07_early,w90_cat_gmv_share,38.96679372787476,4.0,0.0016937007853975,p07_early
p07_early,w60_cat_gmv_share,38.36958208084106,4.2,0.0016677428417521,p07_early
p07_early,w14_cat_gmv_share,38.291561698913576,4.2,0.0016643516676394,p07_early
p07_early,w60_gmv_cat,37.97204580307007,4.2,0.001650463834642,p07_early
p07_early,w14_gmv,37.47018795013428,3.8,0.0016286504659155,p07_early
p07_early,w60_days_buy,36.645256233215335,3.2,0.0015927946162758,p07_early
p07_early,w14_days_cart,36.50266399383545,3.8,0.0015865968113059,p07_early
p07_early,w30_days_cart,33.84737987518311,3.6,0.0014711842672659,p07_early
p07_early,w30_cat_gmv_share,32.068061923980714,3.6,0.0013938457971709,p07_early
p07_early,w90_days_buy,28.96424436569214,3.0,0.001258937642476,p07_early
p07_early,w7_cat_gmv_share,28.833316040039065,3.0,0.0012532468122389,p07_early
p07_early,w7_days_cart,26.729317951202397,2.6,0.0011617960441715,p07_early
p07_early,w14_days_cat,25.854506015777588,2.8,0.001123772139191,p07_early
p07_early,w14_days_buy,24.91750183105469,2.6,0.0010830450335772,p07_early
p07_early,w90_presence_rate,23.91292600631714,2.4,0.0010393809108569,p07_early
p07_early,w90_gmv_cat,20.68603982925415,2.4,0.0008991235499191,p07_early
p07_early,w30_orders,19.945490264892577,2.2,0.0008669353902377,p07_early
p07_early,w7_orders,17.97976417541504,2.2,0.0007814946468993,p07_early
p07_early,w30_gmv_cat,17.77463827133179,2.0,0.0007725788015958,p07_early
p07_early,w60_presence_rate,17.42947988510132,1.6,0.000757576411768,p07_early
p07_early,w7_days_presence_only,17.403792095184325,2.0,0.0007564598859829,p07_early
p07_early,w30_days_buy,17.30680208206177,1.8,0.0007522441924222,p07_early
p07_early,w90_lgmv,14.841218185424804,1.8,0.0006450770128138,p07_early
p07_early,w7_presence_rate,14.489622020721436,1.6,0.0006297948034419,p07_early
p07_early,w7_lgmv,13.9819580078125,1.4,0.0006077290686168,p07_early
p07_early,w60_lgmv,12.597319984436036,1.2,0.0005475454537148,p07_early
p07_early,w14_lgmv,11.996636009216308,1.4,0.0005214365845143,p07_early
p07_early,w7_days_cat,11.845080184936524,1.2,0.0005148491752343,p07_early
p07_early,w30_lgmv,11.821734046936037,1.2,0.0005138344298964,p07_early
p07_early,w30_presence_rate,10.539738082885744,1.2,0.0004581121760628,p07_early
p07_early,w180_lgmv,9.02899398803711,1.0,0.0003924473313273,p07_early
p07_early,w180_presence_rate,8.034639835357666,1.0,0.0003492274959691,p07_early
p07_early,w14_presence_rate,6.414662075042725,0.8,0.0002788147844657,p07_early
p07_early,w14_gmv30eq,5.089612007141113,0.4,0.0002212211739581,p07_early
p07_early,w7_days_buy,4.678598022460937,0.6,0.000203356355171,p07_early
p07_early,w60_gmv30eq,4.069528007507325,0.4,0.0001768829847958,p07_early
p07_early,w7_gmv30eq,1.706954002380371,0.2,7.419315416759714e-05,p07_early
p07_early,w180_gmv30eq,0.0,0.0,0.0,p07_early
p07_early,w30_gmv30eq,0.0,0.0,0.0,p07_early
p07_early,w90_gmv30eq,0.0,0.0,0.0,p07_early
p07_mid,rec_cat,1553.4351961135865,117.0,0.0589723138318761,p07_mid
p07_mid,trend_pres_14_30,731.5511917114258,54.8,0.0277715263369987,p07_mid
p07_mid,trend_srch_14_30,606.3271073341369,43.4,0.0230177045994185,p07_mid
p07_mid,w7_lgmv_mean,593.1392043113708,40.2,0.0225170585745386,p07_mid
p07_mid,trend_pres_60_180,543.8358771324158,47.0,0.0206453800580307,p07_mid
p07_mid,trend_pres_30_60,458.4030375480652,43.0,0.0174021342244605,p07_mid
p07_mid,dlog_buyd_14_30,411.06946792602537,23.6,0.0156052326674999,p07_mid
p07_mid,trend_srch_30_60,402.154420375824,37.4,0.0152667950015632,p07_mid
p07_mid,dlog_gmv_14_30,356.5221343994141,22.4,0.0135344784580735,p07_mid
p07_mid,trend_pres_7_30,339.9540383338928,31.8,0.0129055117890956,p07_mid
p07_mid,w14_days_cat,339.3586835861206,24.6,0.0128829106229094,p07_mid
p07_mid,dlog_gmv_30_60,317.5157509803772,23.8,0.0120536978692283,p07_mid
p07_mid,trend_pres_7_14,298.040514087677,28.0,0.0113143688100826,p07_mid
p07_mid,w7_gmv_max,287.7381539344788,22.0,0.0109232652624847,p07_mid
p07_mid,rec_over_buygap,277.36197996139526,27.4,0.0105293595563145,p07_mid
p07_mid,weekend_share,267.5536195755005,27.4,0.0101570094844864,p07_mid
p07_mid,trend_srch_7_14,267.08148155212405,25.8,0.0101390859355955,p07_mid
p07_mid,rec_over_gap,260.1325707435608,25.6,0.0098752877739357,p07_mid
p07_mid,w7_days_cat,257.7848430633545,22.4,0.0097861621162351,p07_mid
p07_mid,trend_srch_30_90,249.74342746734615,22.6,0.0094808897203432,p07_mid
p07_mid,buygap_cv,248.8691722869873,25.4,0.009447700791063,p07_mid
p07_mid,w7_aov,247.0865873336792,22.8,0.0093800293751188,p07_mid
p07_mid,w30_lgmv_std,243.30637035369872,23.6,0.0092365228145274,p07_mid
p07_mid,dlog_buyd_30_60,241.227414894104,20.4,0.0091576004274768,p07_mid
p07_mid,w180_lgmv_std,239.96599369049076,23.4,0.0091097137005121,p07_mid
p07_mid,w60_lgmv_std,236.96873626708984,24.4,0.0089959302573083,p07_mid
p07_mid,trend_pres_30_90,232.966174030304,22.6,0.0088439829105829,p07_mid
p07_mid,trend_gmv_14_30,231.1054720878601,21.0,0.00877334597692,p07_mid
p07_mid,w7_srch_per_day,227.88530073165893,23.0,0.0086511001592088,p07_mid
p07_mid,w30_carts,224.0914227485657,20.0,0.0085070749925211,p07_mid
p07_mid,trend_srch_7_30,223.63664951324463,20.8,0.0084898106547342,p07_mid
p07_mid,w7_ponly_share,223.59464673995973,20.2,0.0084882161236369,p07_mid
p07_mid,w30_srch_per_day,222.96800956726076,22.6,0.0084644273977862,p07_mid
p07_mid,rec_buy,221.9062520027161,21.2,0.0084241204056012,p07_mid
p07_mid,w90_lgmv_std,215.0187219619751,21.8,0.0081626524125331,p07_mid
p07_mid,w180_lgmv_mean,214.5333065032959,21.8,0.0081442248187463,p07_mid
p07_mid,trend_srch_60_180,206.2767360687256,21.0,0.0078307846031129,p07_mid
p07_mid,w14_ponly_share,196.3145167350769,18.8,0.0074525936579896,p07_mid
p07_mid,gap_cv,194.66182022094728,20.2,0.0073898531344429,p07_mid
p07_mid,w14_srch2cart,193.4383267402649,17.6,0.0073434062393973,p07_mid
p07_mid,buygap_std,189.78244171142575,18.8,0.0072046196329181,p07_mid
p07_mid,rec_cart,188.4376178741455,17.6,0.0071535667318514,p07_mid
p07_mid,w180_cart2ord,187.66373853683476,18.6,0.0071241883224642,p07_mid
p07_mid,w180_ponly_share,186.85698766708373,18.6,0.0070935620268877,p07_mid
p07_mid,w14_lgmv_std,179.89070196151732,16.6,0.0068291042703627,p07_mid
p07_mid,w60_lgmv_mean,178.28994216918946,17.6,0.006768335395627,p07_mid
p07_mid,w14_lgmv_mean,177.40199842453003,17.0,0.0067346268139584,p07_mid
p07_mid,w30_srch2cart,174.72224645614625,17.0,0.0066328966777632,p07_mid
p07_mid,w30_ponly_share,174.0618493080139,16.4,0.0066078263381888,p07_mid
p07_mid,rec_search,169.37372493743896,15.8,0.0064298533256318,p07_mid
p07_mid,dlog_gmv_7_14,166.70422649383545,15.0,0.0063285124390704,p07_mid
p07_mid,w14_srch_per_day,166.39008626937866,16.2,0.0063165868846924,p07_mid
p07_mid,w180_days_presence_only,164.22817316055298,14.4,0.0062345152162702,p07_mid
p07_mid,w7_srch2cart,163.99920806884765,16.4,0.0062258231245251,p07_mid
p07_mid,buygap_mean,163.08809652328492,16.0,0.0061912350347643,p07_mid
p07_mid,trend_gmv_30_60,162.13309230804444,14.2,0.0061549806686776,p07_mid
p07_mid,w14_gmv_max,158.60978803634643,12.8,0.0060212271617688,p07_mid
p07_mid,dlog_gmv_30_90,157.68975648880004,13.2,0.0059863004462592,p07_mid
p07_mid,dlog_buyd_60_180,154.72570400238038,15.4,0.0058737775461211,p07_mid
p07_mid,w60_srch2cart,154.31920404434203,15.6,0.0058583457835616,p07_mid
p07_mid,w180_aov,149.6262354850769,14.6,0.0056801888733973,p07_mid
p07_mid,w90_ponly_share,148.846443939209,14.4,0.0056505860216778,p07_mid
p07_mid,w60_srch_per_day,147.18075981140137,14.6,0.0055873524555943,p07_mid
p07_mid,trend_gmv_60_180,146.1410182952881,15.2,0.0055478812480759,p07_mid
p07_mid,w90_srch2cart,143.91680746078492,14.6,0.0054634446010315,p07_mid
p07_mid,w180_days_cat,140.69207429885864,14.4,0.0053410256056817,p07_mid
p07_mid,w30_aov,139.05274772644043,12.8,0.0052787926388071,p07_mid
p07_mid,w60_ponly_share,137.96903162002565,13.4,0.0052376520450495,p07_mid
p07_mid,w7_days_presence_only,137.24647731781005,12.8,0.0052102220633048,p07_mid
p07_mid,w90_cart2ord,136.98212852478028,13.2,0.0052001867171104,p07_mid
p07_mid,dlog_gmv_60_180,136.23067798614505,13.8,0.005171659761429,p07_mid
p07_mid,w60_days_present,134.5299677848816,11.0,0.005107096517351,p07_mid
p07_mid,dlog_buyd_30_90,134.52987422943116,13.0,0.0051070929657504,p07_mid
p07_mid,w30_lgmv_mean,134.485352230072,13.4,0.0051054027984842,p07_mid
p07_mid,w180_carts,131.81204442977906,12.6,0.0050039172991454,p07_mid
p07_mid,dlog_buyd_7_14,128.77960834503173,12.2,0.0048887983853264,p07_mid
p07_mid,w30_gmv_max,128.41302433013917,12.2,0.0048748819325345,p07_mid
p07_mid,w180_srch_per_day,125.4872579574585,12.4,0.0047638124697335,p07_mid
p07_mid,w7_searches,122.44599390029909,11.4,0.0046483584238401,p07_mid
p07_mid,w60_buyday_rate,122.4375943183899,12.0,0.0046480395545486,p07_mid
p07_mid,w30_days_presence_only,122.41100368499755,11.6,0.0046470301071115,p07_mid
p07_mid,w60_gmv_max,121.32186098098757,12.4,0.0046056835060372,p07_mid
p07_mid,w90_lgmv_mean,118.86310653686525,12.0,0.004512342992653,p07_mid
p07_mid,rec_any,118.46411628723143,10.8,0.0044971963175447,p07_mid
p07_mid,gap_max,116.39196825027466,11.6,0.0044185323574084,p07_mid
p07_mid,w90_buyday_rate,115.7097741127014,11.2,0.0043926345491986,p07_mid
p07_mid,w90_days_cat,115.1246298789978,11.0,0.0043704209998512,p07_mid
p07_mid,trend_gmv_30_90,114.89078044891356,11.0,0.0043615434863155,p07_mid
p07_mid,w180_gmv_max,114.39671449661256,11.8,0.0043427874979964,p07_mid
p07_mid,w30_cart2ord,114.08566236495972,11.0,0.0043309791754016,p07_mid
p07_mid,w180_srch2cart,113.77283821105956,11.2,0.0043191035823777,p07_mid
p07_mid,w180_buyday_rate,112.85761966705324,11.2,0.0042843595806086,p07_mid
p07_mid,w90_days_presence_only,111.48089427947998,10.0,0.0042320956163188,p07_mid
p07_mid,w90_aov,111.26229486465454,11.0,0.0042237970317838,p07_mid
p07_mid,w180_days_cart,105.04299383163452,10.2,0.003987696695412,p07_mid
p07_mid,w90_gmv_max,104.7740159034729,9.6,0.0039774856155852,p07_mid
p07_mid,w90_srch_per_day,104.6889757156372,10.8,0.0039742572758012,p07_mid
p07_mid,w14_aov,104.61242218017578,10.2,0.0039713511107231,p07_mid
p07_mid,w14_carts,103.44104042053225,9.8,0.0039268825079004,p07_mid
p07_mid,w30_buyday_rate,102.5391619682312,10.4,0.0038926449296221,p07_mid
p07_mid,w60_aov,101.85577363967896,10.4,0.0038667017869141,p07_mid
p07_mid,trend_gmv_7_14,96.395485496521,9.0,0.0036594154921292,p07_mid
p07_mid,w60_cart2ord,95.87097864151,9.8,0.0036395038904492,p07_mid
p07_mid,w180_cat_gmv_share,95.67798194885252,9.2,0.0036321772497523,p07_mid
p07_mid,w30_searches,95.5706979751587,8.6,0.0036281044798153,p07_mid
p07_mid,w180_gmv_cat,94.34906787872316,9.4,0.0035817283235304,p07_mid
p07_mid,w90_days_present,93.87791357040405,9.2,0.0035638421189414,p07_mid
p07_mid,w90_carts,93.42786750793456,9.2,0.0035467572365458,p07_mid
p07_mid,w180_gmv_per_day,92.00182332992554,9.2,0.0034926210067152,p07_mid
p07_mid,w7_lgmv_std,89.33362531661987,8.4,0.0033913294877643,p07_mid
p07_mid,w180_gmv,88.4122654914856,8.4,0.003356352347491,p07_mid
p07_mid,w180_days_present,87.85120029449463,7.8,0.0033350528990429,p07_mid
p07_mid,dlog_gmv_7_30,86.68361768722534,8.4,0.0032907285216161,p07_mid
p07_mid,w30_orders,86.54366092681884,8.0,0.0032854154103784,p07_mid
p07_mid,w60_carts,85.18694181442261,8.2,0.0032339109346989,p07_mid
p07_mid,w14_days_present,84.4228081703186,8.8,0.0032049024963795,p07_mid
p07_mid,w14_cart2ord,83.67485027313232,7.8,0.003176508130167,p07_mid
p07_mid,w14_gmv_per_day,82.85463247299194,8.2,0.0031453705959838,p07_mid
p07_mid,w30_days_search,81.66277418136596,7.8,0.0031001246524177,p07_mid
p07_mid,trend_gmv_7_30,81.02335376739502,8.2,0.0030758506425217,p07_mid
p07_mid,w60_days_presence_only,80.86810750961304,8.0,0.0030699571034426,p07_mid
p07_mid,w90_gmv_per_day,80.85235509872436,7.6,0.0030693591022381,p07_mid
p07_mid,gap_mean,80.11957969665528,7.8,0.0030415411017916,p07_mid
p07_mid,w60_searches,78.50703573226929,7.8,0.002980324870195,p07_mid
p07_mid,w14_searches,78.45020008087158,7.6,0.0029781672456739,p07_mid
p07_mid,w60_days_search,78.35828790664672,6.8,0.0029746780279731,p07_mid
p07_mid,w60_gmv_per_day,74.49638004302979,7.2,0.0028280702756235,p07_mid
p07_mid,w30_gmv_per_day,71.08836603164673,6.8,0.0026986934774632,p07_mid
p07_mid,w90_days_cart,70.80683164596557,6.6,0.0026880057228736,p07_mid
p07_mid,w90_days_search,67.58327808380128,6.8,0.0025656315081028,p07_mid
p07_mid,w7_gmv_per_day,67.22600021362305,6.4,0.0025520683400105,p07_mid
p07_mid,gap_std,66.72710971832275,7.0,0.002533129199884,p07_mid
p07_mid,w14_buyday_rate,66.65500440597535,6.8,0.0025303919005623,p07_mid
p07_mid,w60_days_cat,65.82282590866089,6.2,0.0024988003081801,p07_mid
p07_mid,w7_carts,63.97840394973755,6.2,0.0024287814037081,p07_mid
p07_mid,w90_searches,63.30908031463623,6.2,0.0024033721921987,p07_mid
p07_mid,w30_days_present,61.040074062347415,5.8,0.0023172349982358,p07_mid
p07_mid,w60_gmv,59.90638380050659,5.6,0.0022741972596312,p07_mid
p07_mid,w30_days_cat,59.1233341217041,5.8,0.0022444707209769,p07_mid
p07_mid,w90_orders,58.562042236328125,5.4,0.0022231626668666,p07_mid
p07_mid,w180_searches,56.60044050216675,5.6,0.0021486953228991,p07_mid
p07_mid,w180_orders,55.79285564422607,5.4,0.0021180373670298,p07_mid
p07_mid,w180_days_search,55.78243579864502,5.8,0.0021176418034393,p07_mid
p07_mid,w14_days_search,53.86611375808716,5.4,0.0020448933907206,p07_mid
p07_mid,w90_cat_gmv_share,53.2334680557251,5.0,0.0020208765659458,p07_mid
p07_mid,w180_days_buy,52.706904315948485,5.2,0.0020008868797379,p07_mid
p07_mid,w30_gmv,52.59552583694458,5.0,0.0019966586720634,p07_mid
p07_mid,w30_days_cart,51.36061820983887,4.6,0.0019497784672623,p07_mid
p07_mid,w7_cart2ord,49.90296792984009,5.2,0.0018944423901706,p07_mid
p07_mid,w14_gmv,49.47731199264526,4.8,0.0018782834183799,p07_mid
p07_mid,w60_days_cart,45.97558012008667,4.4,0.0017453488540928,p07_mid
p07_mid,w60_gmv_cat,45.84621210098267,4.4,0.0017404377181526,p07_mid
p07_mid,dlog_buyd_7_30,45.36005010604858,4.6,0.0017219817839687,p07_mid
p07_mid,w90_gmv,43.132770252227786,4.4,0.0016374286292188,p07_mid
p07_mid,w7_gmv,40.380225849151614,3.6,0.0015329351088064,p07_mid
p07_mid,w14_orders,38.092559814453125,3.8,0.001446089542491,p07_mid
p07_mid,w7_orders,36.49762372970581,3.4,0.0013855417503676,p07_mid
p07_mid,w7_days_present,36.22085380554199,3.4,0.001375034866741,p07_mid
p07_mid,w14_days_presence_only,33.205321884155275,3.0,0.0012605576775522,p07_mid
p07_mid,w30_gmv_cat,32.422382259368895,3.2,0.0012308353168256,p07_mid
p07_mid,w14_cat_gmv_share,31.52256965637207,3.2,0.0011966761633916,p07_mid
p07_mid,w60_orders,30.992116355895995,3.0,0.00117653881966,p07_mid
p07_mid,w60_cat_gmv_share,30.811259746551517,3.2,0.0011696730471119,p07_mid
p07_mid,w7_buyday_rate,30.224004077911378,3.0,0.0011473793423746,p07_mid
p07_mid,w14_days_cart,27.72327642440796,2.6,0.0010524454202133,p07_mid
p07_mid,w30_days_buy,27.60565032958984,2.4,0.0010479800373021,p07_mid
p07_mid,w90_gmv_cat,26.276985931396485,2.6,0.0009975405892559,p07_mid
p07_mid,w7_days_search,25.60106191635132,2.2,0.0009718808106945,p07_mid
p07_mid,w90_lgmv,24.254266262054443,2.0,0.000920753054486,p07_mid
p07_mid,w90_days_buy,23.543649864196777,2.4,0.0008937762656677,p07_mid
p07_mid,w7_presence_rate,20.711269664764405,2.0,0.0007862519772841,p07_mid
p07_mid,w7_days_cart,18.632015991210935,1.8,0.0007073182692803,p07_mid
p07_mid,w7_cat_gmv_share,18.598135948181152,2.0,0.0007060320974881,p07_mid
p07_mid,w30_cat_gmv_share,18.26876792907715,2.0,0.0006935284576598,p07_mid
p07_mid,w14_gmv_cat,17.33010015487671,1.8,0.0006578942640337,p07_mid
p07_mid,w60_presence_rate,16.838906002044677,1.6,0.0006392472964578,p07_mid
p07_mid,w60_days_buy,16.534732055664062,1.8,0.000627700087105,p07_mid
p07_mid,w14_days_buy,15.97009210586548,2.0,0.000606264932034,p07_mid
p07_mid,w30_lgmv,15.579604148864746,1.6,0.0005914410253751,p07_mid
p07_mid,w14_lgmv,15.248065757751466,1.6,0.0005788549927572,p07_mid
p07_mid,w180_presence_rate,14.968745994567872,1.6,0.0005682513108173,p07_mid
p07_mid,w180_lgmv,12.607026100158691,1.2,0.000478594473413,p07_mid
p07_mid,w14_presence_rate,12.472858142852782,1.4,0.0004735011197255,p07_mid
p07_mid,w7_gmv_cat,9.55402593612671,1.2,0.0003626948953343,p07_mid
p07_mid,w90_presence_rate,6.137709999084473,0.6,0.0002330029351598,p07_mid
p07_mid,w60_lgmv,4.905259895324707,0.4,0.0001862160241365,p07_mid
p07_mid,w30_presence_rate,4.466926002502442,0.4,0.0001695757652088,p07_mid
p07_mid,w7_lgmv,4.36786003112793,0.4,0.0001658149713446,p07_mid
p07_mid,w7_days_buy,3.7649518966674806,0.4,0.0001429270595694,p07_mid
p07_mid,w60_gmv30eq,1.8191400527954105,0.2,6.905913961907077e-05,p07_mid
p07_mid,w14_gmv30eq,0.0,0.0,0.0,p07_mid
p07_mid,w30_gmv30eq,0.0,0.0,0.0,p07_mid
p07_mid,w180_gmv30eq,0.0,0.0,0.0,p07_mid
p07_mid,w7_gmv30eq,0.0,0.0,0.0,p07_mid
p07_mid,w90_gmv30eq,0.0,0.0,0.0,p07_mid
p07_late,trend_pres_7_14,916.144489479065,44.6,0.0363342933666317,p07_late
p07_late,rec_cat,671.9314723968506,60.8,0.0266488043324064,p07_late
p07_late,trend_srch_30_60,578.5170568466186,52.6,0.02294398831457,p07_late
p07_late,rec_buy,576.4812702178955,44.0,0.0228632490103998,p07_late
p07_late,w14_srch2cart,523.0447661399842,48.0,0.0207439570887095,p07_late
p07_late,trend_pres_60_180,399.4322303771973,39.8,0.015841483527195,p07_late
p07_late,trend_pres_7_30,398.3062715530396,25.2,0.0157968279966477,p07_late
p07_late,trend_srch_7_14,363.7044766426087,36.6,0.0144245207004454,p07_late
p07_late,rec_over_buygap,333.5037813186645,30.8,0.0132267610278413,p07_late
p07_late,trend_pres_14_30,328.1780591964722,33.2,0.0130155428715362,p07_late
p07_late,weekend_share,323.92708721160886,33.2,0.0128469493090959,p07_late
p07_late,w60_lgmv_std,298.2472576141357,29.0,0.0118284871855827,p07_late
p07_late,rec_over_gap,296.8288228034973,28.8,0.0117722320564813,p07_late
p07_late,w30_lgmv_std,294.6720983505249,28.6,0.0116866963578168,p07_late
p07_late,trend_pres_30_60,293.97044534683226,31.0,0.0116588687974586,p07_late
p07_late,trend_srch_14_30,292.0664113044739,29.6,0.0115833548012827,p07_late
p07_late,trend_srch_30_90,292.03671045303344,28.8,0.0115821768654201,p07_late
p07_late,w30_lgmv_mean,283.69320611953736,27.6,0.0112512734570163,p07_late
p07_late,w7_srch_per_day,274.46671905517576,25.6,0.0108853509506979,p07_late
p07_late,trend_gmv_60_180,271.91471061706545,27.0,0.0107841382879255,p07_late
p07_late,w14_srch_per_day,242.36027164459227,25.2,0.0096120091442763,p07_late
p07_late,buygap_cv,240.7199632644653,24.8,0.0095469545087033,p07_late
p07_late,buygap_std,239.9748497962952,23.4,0.0095174033061858,p07_late
p07_late,trend_pres_30_90,232.3308374404907,23.8,0.009214241751842,p07_late
p07_late,w90_lgmv_std,231.4645380973816,23.6,0.0091798843171389,p07_late
p07_late,trend_srch_60_180,230.07745895385744,23.2,0.009124872753895,p07_late
p07_late,w90_srch2cart,224.65447120666505,23.0,0.008909797042593,p07_late
p07_late,w14_carts,220.4059185028076,20.0,0.008741299428845,p07_late
p07_late,w7_days_presence_only,220.11606245040892,19.6,0.008729803736885,p07_late
p07_late,gap_cv,214.92198696136475,21.8,0.0085238066864692,p07_late
p07_late,w14_ponly_share,213.5487711906433,19.0,0.0084693449446347,p07_late
p07_late,w60_lgmv_mean,213.51715250015255,20.8,0.0084680909472693,p07_late
p07_late,rec_cart,211.34551753997803,21.6,0.0083819638978417,p07_late
p07_late,w7_carts,209.4850609779358,14.2,0.0083081781846737,p07_late
p07_late,w180_lgmv_std,207.07432622909545,21.6,0.0082125684368671,p07_late
p07_late,w7_gmv_max,206.45399074554444,19.0,0.0081879659296164,p07_late
p07_late,w14_cart2ord,204.83151483535767,18.6,0.008123618529858,p07_late
p07_late,w60_srch2cart,202.04595785140992,20.2,0.0080131433310149,p07_late
p07_late,w60_srch_per_day,199.7831359863281,20.0,0.0079233998086486,p07_late
p07_late,trend_srch_7_30,195.4723318099976,20.0,0.0077524333013044,p07_late
p07_late,dlog_gmv_30_60,195.0877743721008,17.6,0.0077371817520942,p07_late
p07_late,w180_cart2ord,193.34390258789065,19.0,0.0076680197915859,p07_late
p07_late,w180_srch_per_day,190.5470742225647,18.6,0.0075570975697215,p07_late
p07_late,dlog_buyd_30_60,189.4667860031128,16.6,0.007514253335502,p07_late
p07_late,trend_gmv_7_14,188.56603832244872,14.2,0.007478529679622,p07_late
p07_late,w30_ponly_share,188.0983358383179,19.2,0.0074599805976138,p07_late
p07_late,w180_srch2cart,188.02810096740723,19.6,0.0074571950824101,p07_late
p07_late,dlog_gmv_7_30,186.77407455444336,17.8,0.0074074603908834,p07_late
p07_late,w30_srch2cart,186.66307830810547,19.2,0.0074030582794006,p07_late
p07_late,w90_ponly_share,183.9612858772278,19.2,0.0072959051829986,p07_late
p07_late,w7_srch2cart,181.1336708068848,18.0,0.0071837619603153,p07_late
p07_late,w60_ponly_share,177.6871780395508,17.2,0.0070470740462009,p07_late
p07_late,dlog_buyd_60_180,172.33625717163085,17.4,0.0068348565075601,p07_late
p07_late,w180_lgmv_mean,172.20690975189208,17.2,0.0068297265884818,p07_late
p07_late,w180_carts,164.3444561958313,16.4,0.0065179016554411,p07_late
p07_late,w90_srch_per_day,163.32236557006837,17.0,0.0064773655379725,p07_late
p07_late,w7_ponly_share,161.80893983840943,16.8,0.0064173430686413,p07_late
p07_late,buygap_mean,159.621902179718,16.6,0.0063306051481415,p07_late
p07_late,w14_lgmv_mean,157.3889705657959,15.2,0.0062420470732313,p07_late
p07_late,dlog_gmv_14_30,156.0232466697693,15.6,0.006187882459171,p07_late
p07_late,dlog_gmv_60_180,148.67128562927246,15.2,0.0058963036609212,p07_late
p07_late,w14_searches,145.04845247268676,14.4,0.0057526220864083,p07_late
p07_late,w60_buyday_rate,141.99201612472535,14.0,0.0056314038111268,p07_late
p07_late,w60_carts,140.94366025924683,13.6,0.0055898260141675,p07_late
p07_late,w30_srch_per_day,138.842849445343,14.2,0.0055065078506063,p07_late
p07_late,w14_buyday_rate,137.7836067199707,13.4,0.005464498280749,p07_late
p07_late,w180_ponly_share,136.6784101486206,13.4,0.005420666181214,p07_late
p07_late,w90_gmv_max,131.73527851104737,13.0,0.0052246215647457,p07_late
p07_late,w30_aov,126.27170820236206,12.4,0.0050079363489258,p07_late
p07_late,w180_gmv_max,126.24756193161012,12.8,0.005006978707751,p07_late
p07_late,w60_gmv_max,125.3259220123291,12.6,0.0049704264656209,p07_late
p07_late,w180_days_presence_only,125.06462364196776,12.6,0.0049600633714213,p07_late
p07_late,w90_cart2ord,124.68861389160156,12.0,0.0049451508235259,p07_late
p07_late,w180_buyday_rate,123.57680387496949,12.6,0.00490105643473,p07_late
p07_late,w90_lgmv_mean,121.85353584289552,12.0,0.0048327116190969,p07_late
p07_late,w7_lgmv_mean,121.62351007461548,12.2,0.0048235887963953,p07_late
p07_late,w14_gmv_max,121.34501333236696,12.2,0.0048125436147119,p07_late
p07_late,w7_lgmv_std,121.24728202819824,11.8,0.0048086675908778,p07_late
p07_late,w60_cart2ord,120.95252780914306,12.0,0.0047969776376125,p07_late
p07_late,trend_gmv_30_60,120.76719884872436,12.2,0.0047896274904529,p07_late
p07_late,w60_aov,119.40465936660766,11.8,0.0047355891702584,p07_late
p07_late,dlog_buyd_14_30,118.36244010925292,11.6,0.0046942547511969,p07_late
p07_late,w7_searches,116.86929359436036,12.0,0.0046350365556671,p07_late
p07_late,w30_gmv_max,114.57465324401856,12.0,0.0045440311120742,p07_late
p07_late,w7_aov,114.05102100372316,11.6,0.0045232638557586,p07_late
p07_late,w90_buyday_rate,112.6620602607727,11.4,0.0044681776682755,p07_late
p07_late,gap_std,112.51167793273926,11.0,0.0044622135046674,p07_late
p07_late,w14_lgmv_std,111.4250560760498,11.2,0.004419118078375,p07_late
p07_late,gap_max,110.16357984542849,10.8,0.0043690879270563,p07_late
p07_late,dlog_gmv_7_14,106.590487575531,10.6,0.0042273790762675,p07_late
p07_late,w180_days_cat,106.3236177444458,11.8,0.0042167950179179,p07_late
p07_late,dlog_gmv_30_90,106.13900661468506,10.8,0.0042094733399244,p07_late
p07_late,w180_aov,104.47606201171877,10.8,0.0041435209516816,p07_late
p07_late,trend_gmv_7_30,104.23246221542358,8.4,0.0041338597829857,p07_late
p07_late,w90_carts,103.71846199035645,10.4,0.0041134745324247,p07_late
p07_late,w7_gmv_per_day,103.2075961112976,9.6,0.0040932135900364,p07_late
p07_late,w90_aov,102.67978982925416,10.2,0.0040722807912118,p07_late
p07_late,w30_buyday_rate,101.9140519142151,10.2,0.0040419116230659,p07_late
p07_late,dlog_buyd_30_90,98.18759393692017,9.8,0.003894120287834,p07_late
p07_late,w30_cart2ord,97.27811012268066,10.4,0.0038580501568685,p07_late
p07_late,w30_carts,96.28869428634644,9.6,0.0038188099216526,p07_late
p07_late,w180_gmv_per_day,94.77553644180298,9.8,0.0037587980767252,p07_late
p07_late,w180_orders,92.04746599197388,8.6,0.0036506027940081,p07_late
p07_late,w90_days_presence_only,91.37797002792358,9.0,0.0036240505819445,p07_late
p07_late,w90_searches,89.88352823257446,9.0,0.0035647810155877,p07_late
p07_late,dlog_buyd_7_30,88.49330186843872,8.0,0.0035096446335643,p07_late
p07_late,w180_days_search,88.17828559875488,9.2,0.0034971510873067,p07_late
p07_late,w180_days_cart,87.93960752487183,8.6,0.0034876851141374,p07_late
p07_late,w30_searches,85.84441957473754,8.4,0.0034045899533711,p07_late
p07_late,w7_cart2ord,85.41705217361451,8.4,0.0033876405608832,p07_late
p07_late,w60_gmv_per_day,85.13021640777588,8.0,0.0033762646534978,p07_late
p07_late,w30_days_search,84.8569299697876,8.6,0.0033654261124979,p07_late
p07_late,w14_days_presence_only,83.38934850692749,8.4,0.0033072218270131,p07_late
p07_late,w30_gmv_per_day,82.9063593864441,8.0,0.0032880664769585,p07_late
p07_late,gap_mean,80.88389978408813,8.0,0.0032078557226965,p07_late
p07_late,w60_days_search,80.18762397766113,8.0,0.003180241421999,p07_late
p07_late,w60_days_present,79.93601980209351,7.8,0.0031702627995957,p07_late
p07_late,w180_gmv,79.8600399017334,8.0,0.0031672494365058,p07_late
p07_late,trend_gmv_14_30,79.56944017410278,8.2,0.0031557242503837,p07_late
p07_late,w60_days_cart,79.32439956665038,8.0,0.0031460059391127,p07_late
p07_late,w90_days_cat,76.58122968673706,8.2,0.0030372118129504,p07_late
p07_late,w30_days_present,72.41546630859375,7.0,0.0028719976241236,p07_late
p07_late,w60_searches,72.27512016296387,7.6,0.0028664314955416,p07_late
p07_late,w180_cat_gmv_share,71.78680181503296,7.4,0.0028470647883095,p07_late
p07_late,w90_days_cart,71.6165322303772,7.0,0.0028403118960405,p07_late
p07_late,w180_searches,68.86834230422974,7.0,0.0027313186748286,p07_late
p07_late,w90_gmv_per_day,68.83293142318726,6.8,0.0027299142791738,p07_late
p07_late,w180_days_present,68.10531969070435,6.4,0.0027010571955493,p07_late
p07_late,w60_gmv,67.83991832733155,5.8,0.0026905313766338,p07_late
p07_late,w90_gmv,66.92917184829712,6.4,0.0026544111683785,p07_late
p07_late,w14_aov,65.56369400024414,6.4,0.0026002563125817,p07_late
p07_late,trend_gmv_30_90,65.55431413650513,6.8,0.002599884307156,p07_late
p07_late,w60_orders,65.12245187759399,6.2,0.002582756648594,p07_late
p07_late,w14_days_cat,64.65554180145264,7.6,0.0025642389934892,p07_late
p07_late,w7_gmv,60.93834257125855,6.0,0.0024168148601967,p07_late
p07_late,w14_gmv_per_day,60.38428392410278,5.6,0.0023948408924883,p07_late
p07_late,w14_gmv,60.29107236862183,6.2,0.0023911441219015,p07_late
p07_late,w90_days_search,59.30578012466431,5.8,0.0023520674283723,p07_late
p07_late,w90_days_present,59.07580986022949,5.6,0.0023429468069534,p07_late
p07_late,w180_gmv_cat,58.942972087860106,6.0,0.0023376784604787,p07_late
p07_late,w90_cat_gmv_share,58.36273555755615,5.6,0.0023146662778413,p07_late
p07_late,rec_any,57.67227420806885,5.6,0.0022872825785246,p07_late
p07_late,w30_gmv,55.75483589172363,5.2,0.0022112369687997,p07_late
p07_late,rec_search,55.71361780166626,6.0,0.0022096022592169,p07_late
p07_late,w7_days_present,55.41150989532471,5.2,0.0021976206586905,p07_late
p07_late,w30_days_presence_only,51.440973949432376,5.2,0.0020401491904478,p07_late
p07_late,dlog_buyd_7_14,51.42058429718018,4.4,0.0020393405367746,p07_late
p07_late,w14_days_present,50.63543586730957,5.0,0.0020082015475487,p07_late
p07_late,w60_days_presence_only,48.73213977813721,5.0,0.0019327168185985,p07_late
p07_late,w180_days_buy,48.2807279586792,4.6,0.001914813824403,p07_late
p07_late,w90_orders,46.73151836395264,4.2,0.0018533721669487,p07_late
p07_late,w60_days_cat,46.26044635772705,4.2,0.0018346894496835,p07_late
p07_late,w14_days_search,46.10450620651245,4.6,0.0018285048627904,p07_late
p07_late,w14_orders,46.06315393447876,4.8,0.00182686483155,p07_late
p07_late,w30_days_cart,43.4903660774231,4.2,0.0017248280569561,p07_late
p07_late,w90_gmv_cat,43.196758079528806,4.2,0.0017131835628258,p07_late
p07_late,w30_days_cat,39.3791000366211,4.2,0.0015617752327016,p07_late
p07_late,w7_orders,39.28367395401001,4.2,0.0015579906339618,p07_late
p07_late,w7_buyday_rate,35.74366989135742,3.8,0.0014175940615776,p07_late
p07_late,w60_cat_gmv_share,34.028921890258786,3.6,0.0013495871504001,p07_late
p07_late,w7_days_cat,33.86485605239868,3.6,0.0013430802987487,p07_late
p07_late,w90_days_buy,32.27450819015503,3.4,0.0012800070974739,p07_late
p07_late,w30_orders,29.48697786331177,3.0,0.0011694536358453,p07_late
p07_late,w60_gmv_cat,29.2646541595459,2.8,0.0011606362770468,p07_late
p07_late,w90_presence_rate,28.99335594177246,2.8,0.001149876588867,p07_late
p07_late,w14_cat_gmv_share,28.33323993682861,3.0,0.0011236963860114,p07_late
p07_late,w60_days_buy,24.4616982460022,2.4,0.0009701510302394,p07_late
p07_late,w14_days_cart,23.562434196472168,2.6,0.0009344862151748,p07_late
p07_late,w14_gmv_cat,21.66769819259644,2.6,0.0008593409792347,p07_late
p07_late,w30_cat_gmv_share,21.33746204376221,2.0,0.0008462438125216,p07_late
p07_late,w30_gmv_cat,20.79099645614624,2.2,0.0008245709855786,p07_late
p07_late,w7_days_buy,19.89749984741211,2.0,0.0007891349072344,p07_late
p07_late,w7_gmv_cat,19.117193984985352,2.0,0.0007581879742487,p07_late
p07_late,w7_cat_gmv_share,18.026613998413087,1.8,0.0007149355685125,p07_late
p07_late,w180_lgmv,17.88813409805298,1.6,0.0007094434552238,p07_late
p07_late,w7_days_cart,16.663220119476318,1.8,0.0006608633629375,p07_late
p07_late,w7_days_search,14.223998069763184,1.6,0.0005641238086877,p07_late
p07_late,w90_lgmv,12.475410175323486,1.2,0.0004947748072326,p07_late
p07_late,w30_presence_rate,11.3596378326416,1.0,0.000450523272573,p07_late
p07_late,w180_presence_rate,10.945926094055176,1.0,0.0004341154637048,p07_late
p07_late,w14_days_buy,10.678670120239255,1.0,0.0004235160909333,p07_late
p07_late,w30_lgmv,10.420880031585693,1.0,0.0004132921351973,p07_late
p07_late,w14_lgmv,10.011459827423096,1.0,0.000397054528598,p07_late
p07_late,w7_presence_rate,9.116419982910156,1.0,0.0003615572455179,p07_late
p07_late,w14_presence_rate,8.235782051086426,0.8,0.0003266311423408,p07_late
p07_late,w30_days_buy,7.923172092437744,0.6,0.0003142330303865,p07_late
p07_late,w7_gmv30eq,6.863589859008789,0.6,0.0002722099956386,p07_late
p07_late,w60_lgmv,6.773680114746094,0.6,0.0002686441748952,p07_late
p07_late,w7_lgmv,6.717880058288574,0.8,0.0002664311444786,p07_late
p07_late,w60_presence_rate,4.7048540115356445,0.4,0.0001865945250617,p07_late
p07_late,w60_gmv30eq,3.448799991607666,0.4,0.0001367794186364,p07_late
p07_late,w180_gmv30eq,2.3827600479125977,0.2,9.45002710788276e-05,p07_late
p07_late,w30_gmv30eq,2.238640022277832,0.2,8.87844704037642e-05,p07_late
p07_late,w90_gmv30eq,1.5920720100402832,0.2,6.314158098194678e-05,p07_late
p07_late,w14_gmv30eq,0.0,0.0,0.0,p07_late
p28_early,w180_days_presence_only,2217.4400882720947,110.4,0.0643364387514499,p28_early
p28_early,rec_cat,1877.5266112327577,103.0,0.0544742455350485,p28_early
p28_early,w90_days_presence_only,1318.4969053268433,70.6,0.0382546504152169,p28_early
p28_early,w180_ponly_share,1293.7090980529786,66.4,0.0375354610883474,p28_early
p28_early,w180_days_cat,1211.1967214584351,76.8,0.0351414606862225,p28_early
p28_early,weekend_share,789.0609857559205,55.4,0.0228936845012135,p28_early
p28_early,w14_srch2cart,782.0103081703186,55.8,0.0226891173117587,p28_early
p28_early,w90_ponly_share,768.3305479049683,47.6,0.0222922150174865,p28_early
p28_early,w90_days_cat,704.749525642395,45.8,0.020447485788415,p28_early
p28_early,w60_buyday_rate,672.9651306152343,22.4,0.0195252986255093,p28_early
p28_early,rec_buy,658.6508424758911,48.0,0.0191099862447969,p28_early
p28_early,gap_cv,647.2702312469482,45.8,0.0187797910791383,p28_early
p28_early,w14_srch_per_day,587.9756191253662,38.2,0.0170594270425958,p28_early
p28_early,trend_pres_60_180,581.4189014434814,44.6,0.016869191523818,p28_early
p28_early,dlog_gmv_30_60,549.2297967910766,32.2,0.0159352621830044,p28_early
p28_early,trend_srch_14_30,513.7488395690918,37.2,0.0149058235779985,p28_early
p28_early,buygap_cv,489.5482925415039,34.6,0.0142036729224625,p28_early
p28_early,w30_days_presence_only,470.24847345352174,31.6,0.0136437111741225,p28_early
p28_early,trend_pres_30_60,447.5397912979126,33.4,0.0129848452384169,p28_early
p28_early,trend_pres_30_90,440.75238552093504,33.8,0.0127879165735293,p28_early
p28_early,w7_srch2cart,435.81022748947146,31.4,0.0126445256205232,p28_early
p28_early,w14_lgmv_std,369.941460609436,26.0,0.0107334201487568,p28_early
p28_early,trend_pres_14_30,341.1507219314575,25.6,0.0098980904343887,p28_early
p28_early,trend_gmv_60_180,321.70006160736085,22.8,0.0093337522034552,p28_early
p28_early,buygap_std,304.4880270957947,24.4,0.0088343650903611,p28_early
p28_early,w30_srch_per_day,291.19301891326904,21.4,0.008448625929173,p28_early
p28_early,w60_srch2cart,288.9058057785034,23.2,0.0083822651068289,p28_early
p28_early,w14_lgmv_mean,276.9853609085083,19.8,0.0080364072974908,p28_early
p28_early,w30_lgmv_mean,264.51838874816895,19.8,0.0076746926360431,p28_early
p28_early,w60_days_cat,256.99001121521,17.6,0.0074562655395869,p28_early
p28_early,rec_over_gap,247.71603393554688,20.0,0.0071871919017506,p28_early
p28_early,w180_lgmv_std,243.0625602722168,20.6,0.0070521767890962,p28_early
p28_early,dlog_gmv_60_180,240.5810064315796,19.2,0.0069801773977616,p28_early
p28_early,rec_over_buygap,236.722184753418,19.2,0.0068682181859376,p28_early
p28_early,w30_aov,236.41784858703613,17.4,0.0068593882269088,p28_early
p28_early,trend_srch_60_180,234.40113620758055,18.6,0.0068008756685915,p28_early
p28_early,w60_gmv_per_day,234.2713024139404,13.4,0.0067971086924479,p28_early
p28_early,trend_srch_30_60,230.76711559295651,18.2,0.0066954387975208,p28_early
p28_early,w30_lgmv_std,230.32228450775148,18.8,0.0066825325422315,p28_early
p28_early,w180_srch2cart,225.45531024932865,17.6,0.0065413229587401,p28_early
p28_early,trend_pres_7_30,217.6814897537232,16.8,0.0063157746208953,p28_early
p28_early,w180_lgmv_mean,216.7648157119751,18.0,0.0062891783923641,p28_early
p28_early,trend_srch_30_90,212.356392288208,16.6,0.0061612731266959,p28_early
p28_early,w30_ponly_share,208.7626145362854,16.8,0.0060570038553655,p28_early
p28_early,rec_cart,202.11294384002684,16.4,0.0058640714132536,p28_early
p28_early,w180_carts,199.48345584869384,16.0,0.0057877798850194,p28_early
p28_early,w180_cat_gmv_share,191.607483291626,15.4,0.0055592677242148,p28_early
p28_early,w14_searches,184.76450386047364,11.8,0.005360726654547,p28_early
p28_early,w60_lgmv_std,181.76041011810304,14.4,0.0052735663772156,p28_early
p28_early,w90_lgmv_mean,177.99911556243896,13.8,0.0051644368011398,p28_early
p28_early,w60_lgmv_mean,175.8923770904541,14.4,0.0051033122407131,p28_early
p28_early,w90_srch2cart,167.75701141357422,13.8,0.0048672740909748,p28_early
p28_early,w90_lgmv_std,163.8252980232239,13.6,0.0047532000111093,p28_early
p28_early,trend_gmv_30_60,162.6215313911438,12.8,0.0047182741258033,p28_early
p28_early,w180_srch_per_day,159.35555324554443,12.8,0.0046235155778546,p28_early
p28_early,dlog_buyd_60_180,157.1046820640564,13.0,0.0045582091749122,p28_early
p28_early,w30_cart2ord,156.49839935302734,11.6,0.0045406185889431,p28_early
p28_early,w7_cart2ord,155.79190521240236,12.0,0.0045201204851851,p28_early
p28_early,w30_srch2cart,155.37451057434083,13.0,0.0045080102664203,p28_early
p28_early,w7_srch_per_day,149.867843914032,11.8,0.0043482407537334,p28_early
p28_early,w60_gmv_max,149.57772312164306,12.0,0.0043398232372067,p28_early
p28_early,rec_search,145.67808170318602,11.6,0.0042266796882115,p28_early
p28_early,dlog_gmv_14_30,145.3487522125244,11.8,0.0042171245770195,p28_early
p28_early,w180_searches,144.1160804748535,10.6,0.0041813600437766,p28_early
p28_early,gap_max,143.72015552520753,11.6,0.0041698727429887,p28_early
p28_early,dlog_buyd_30_90,141.65502223968505,12.2,0.0041099553085379,p28_early
p28_early,w60_carts,140.25030059814452,11.2,0.0040691989479346,p28_early
p28_early,w14_cart2ord,138.2179121017456,10.8,0.0040102315653617,p28_early
p28_early,w90_buyday_rate,136.58291912078855,7.6,0.0039627941503286,p28_early
p28_early,w90_aov,131.3951560974121,10.8,0.0038122772548437,p28_early
p28_early,trend_srch_7_30,130.6204128265381,10.8,0.0037897989821461,p28_early
p28_early,buygap_mean,127.67578945159912,11.2,0.0037043641681866,p28_early
p28_early,w180_cart2ord,127.625244140625,10.0,0.0037028976549217,p28_early
p28_early,w60_aov,125.84701824188232,10.2,0.0036513045037805,p28_early
p28_early,w90_srch_per_day,123.55020561218262,10.2,0.0035846651632834,p28_early
p28_early,trend_srch_7_14,123.14381294250488,10.4,0.0035728741538036,p28_early
p28_early,w30_days_cat,122.34387817382812,9.2,0.0035496649791692,p28_early
p28_early,w14_aov,121.75039443969726,10.0,0.0035324457405918,p28_early
p28_early,dlog_buyd_30_60,116.4841552734375,8.6,0.0033796519513199,p28_early
p28_early,rec_any,114.83456001281738,8.0,0.0033317908681678,p28_early
p28_early,w60_cart2ord,111.55979595184326,8.4,0.0032367774071284,p28_early
p28_early,w90_cat_gmv_share,108.60722427368164,8.6,0.0031511119824182,p28_early
p28_early,w60_srch_per_day,108.41357936859131,8.6,0.003145493601276,p28_early
p28_early,w14_gmv_max,105.48796195983888,8.4,0.0030606102232655,p28_early
p28_early,w180_aov,105.35845432281494,8.8,0.0030568527101758,p28_early
p28_early,dlog_gmv_7_30,103.53068809509276,8.0,0.0030038222041506,p28_early
p28_early,w180_orders,103.43693656921388,8.0,0.0030011021129362,p28_early
p28_early,w180_days_buy,99.98225765228273,7.6,0.0029008686321217,p28_early
p28_early,w180_days_present,98.56716175079346,7.8,0.0028598112744618,p28_early
p28_early,w90_cart2ord,96.4779182434082,7.6,0.0027991943100348,p28_early
p28_early,w7_gmv_max,96.24098796844484,7.8,0.002792320054354,p28_early
p28_early,w30_days_present,93.15225410461426,6.8,0.002702704042584,p28_early
p28_early,trend_pres_7_14,93.13458652496338,8.0,0.0027021914383599,p28_early
p28_early,dlog_buyd_14_30,93.01401023864746,7.6,0.0026986930579975,p28_early
p28_early,w90_gmv_max,92.61278419494629,8.0,0.0026870519521464,p28_early
p28_early,w60_gmv,92.3573715209961,6.2,0.0026796414512085,p28_early
p28_early,w60_ponly_share,91.77951583862304,8.0,0.0026628756423315,p28_early
p28_early,w30_gmv_max,91.57094802856446,7.8,0.0026568242905009,p28_early
p28_early,dlog_gmv_30_90,90.02713794708252,7.6,0.002612032440982,p28_early
p28_early,w7_ponly_share,89.65620422363281,7.0,0.0026012702314839,p28_early
p28_early,w7_carts,89.23824405670166,7.0,0.0025891436045583,p28_early
p28_early,w180_days_cart,88.46301822662353,6.6,0.002566651330968,p28_early
p28_early,w7_lgmv_mean,86.47068920135499,6.6,0.0025088462272429,p28_early
p28_early,trend_gmv_14_30,84.14871215820312,6.8,0.0024414767706298,p28_early
p28_early,w60_searches,83.43647422790528,6.6,0.0024208120175113,p28_early
p28_early,w14_days_present,82.38837032318115,6.2,0.0023904025047456,p28_early
p28_early,w180_buyday_rate,81.93662424087525,6.8,0.0023772956188779,p28_early
p28_early,w90_gmv_cat,81.77308197021485,6.8,0.0023725506305758,p28_early
p28_early,w60_days_present,79.44064636230469,6.8,0.0023048777309003,p28_early
p28_early,w30_carts,77.09892024993897,6.0,0.0022369352780702,p28_early
p28_early,w30_buyday_rate,76.21457614898682,6.2,0.0022112770650763,p28_early
p28_early,w14_cat_gmv_share,73.27846984863281,6.2,0.0021260893641055,p28_early
p28_early,w90_days_present,73.03336029052734,5.8,0.0021189777960609,p28_early
p28_early,w60_orders,71.88578205108642,5.0,0.0020856821514549,p28_early
p28_early,w180_gmv_cat,70.4458080291748,5.8,0.0020439029841374,p28_early
p28_early,w90_days_search,70.11279182434082,5.8,0.0020342409072322,p28_early
p28_early,w14_ponly_share,69.55881195068359,5.8,0.0020181678271073,p28_early
p28_early,w90_carts,69.146244430542,6.0,0.0020061976615408,p28_early
p28_early,w60_days_cart,68.67905807495117,5.4,0.0019926427941462,p28_early
p28_early,w14_carts,68.40040016174316,5.4,0.0019845578596938,p28_early
p28_early,w180_gmv_max,65.89572772979736,5.6,0.0019118877093874,p28_early
p28_early,dlog_gmv_7_14,64.99426975250245,5.0,0.0018857329572252,p28_early
p28_early,w7_aov,64.51272144317628,5.4,0.0018717613944882,p28_early
p28_early,w7_searches,62.93224391937256,5.2,0.0018259056818824,p28_early
p28_early,w180_gmv_per_day,61.40424346923828,5.0,0.0017815725303839,p28_early
p28_early,w30_searches,61.22720203399658,5.2,0.0017764358795607,p28_early
p28_early,w90_searches,59.84273233413696,5.4,0.0017362671054326,p28_early
p28_early,w60_days_presence_only,58.06039218902588,4.8,0.0016845545842301,p28_early
p28_early,dlog_buyd_7_30,56.78121967315674,4.6,0.001647440885125,p28_early
p28_early,w30_orders,55.13837814331055,4.2,0.0015997757535968,p28_early
p28_early,w14_days_search,53.56679172515869,4.0,0.001554178006055,p28_early
p28_early,trend_gmv_30_90,52.86349411010743,4.4,0.0015337726457596,p28_early
p28_early,w180_days_search,52.03061628341675,4.2,0.0015096076667066,p28_early
p28_early,gap_std,51.79918212890625,4.0,0.0015028928745526,p28_early
p28_early,w60_days_search,49.44778003692627,4.4,0.0014346696844557,p28_early
p28_early,w14_gmv,49.42060165405273,3.4,0.0014338811353651,p28_early
p28_early,trend_gmv_7_30,49.31090545654297,4.2,0.0014306984280939,p28_early
p28_early,w7_lgmv_std,48.762253761291504,4.2,0.001414779938853,p28_early
p28_early,w90_gmv_per_day,46.05546398162842,3.8,0.00133624558936,p28_early
p28_early,gap_mean,45.1250862121582,3.6,0.0013092517631467,p28_early
p28_early,w30_gmv_per_day,42.63677997589112,3.2,0.0012370564589257,p28_early
p28_early,w30_days_search,42.34483966827393,3.4,0.0012285861512861,p28_early
p28_early,w14_days_cart,41.99939212799072,3.4,0.0012185633936771,p28_early
p28_early,w90_days_cart,41.39481430053711,3.6,0.0012010222729171,p28_early
p28_early,w180_gmv,37.94327392578125,3.4,0.0011008798532445,p28_early
p28_early,w90_orders,37.59987945556641,2.8,0.0010909166630697,p28_early
p28_early,w90_gmv,36.7246973991394,3.0,0.0010655242761153,p28_early
p28_early,w60_cat_gmv_share,35.28595371246338,2.8,0.0010237808055402,p28_early
p28_early,w30_cat_gmv_share,35.22855186462402,3.0,0.0010221153578524,p28_early
p28_early,w14_buyday_rate,32.49622402191162,2.8,0.0009428400512359,p28_early
p28_early,w14_orders,32.28656997680664,2.4,0.0009367571835619,p28_early
p28_early,trend_gmv_7_14,31.56329002380371,2.8,0.0009157720590291,p28_early
p28_early,w7_days_present,31.274203872680665,2.4,0.0009073845614124,p28_early
p28_early,w30_days_cart,30.88547992706299,2.6,0.0008961061893604,p28_early
p28_early,w60_days_buy,30.69071979522705,2.4,0.0008904554512145,p28_early
p28_early,w60_gmv_cat,29.82271785736084,2.4,0.0008652713870285,p28_early
p28_early,w7_gmv_per_day,29.502839851379395,2.2,0.0008559904996446,p28_early
p28_early,w30_gmv,28.09010238647461,2.6,0.0008150015692724,p28_early
p28_early,w90_presence_rate,27.7813081741333,2.4,0.0008060422652379,p28_early
p28_early,dlog_buyd_7_14,27.201495742797853,2.2,0.0007892196835712,p28_early
p28_early,w30_presence_rate,26.86287956237793,2.0,0.0007793951299037,p28_early
p28_early,w7_days_search,26.37426013946533,2.2,0.0007652184070505,p28_early
p28_early,w60_presence_rate,26.000732040405275,2.0,0.0007543809247689,p28_early
p28_early,w14_gmv_per_day,25.871239852905276,2.2,0.0007506238599291,p28_early
p28_early,w14_days_presence_only,25.245202445983885,2.0,0.0007324601144915,p28_early
p28_early,w7_buyday_rate,21.63403987884521,1.8,0.0006276864430174,p28_early
p28_early,w30_gmv_cat,19.523789978027345,1.4,0.0005664600025772,p28_early
p28_early,w14_days_buy,15.259540367126466,1.2,0.0004427377719909,p28_early
p28_early,w180_presence_rate,15.207922172546386,1.2,0.000441240130259,p28_early
p28_early,w7_days_cart,14.661260223388672,1.2,0.0004253793711811,p28_early
p28_early,w60_lgmv,13.932919883728028,1.0,0.0004042474254295,p28_early
p28_early,w90_days_buy,13.613580131530762,1.2,0.0003949821548516,p28_early
p28_early,w14_presence_rate,12.70031394958496,1.0,0.0003684848013992,p28_early
p28_early,w14_gmv_cat,12.562004089355469,1.0,0.0003644719020661,p28_early
p28_early,w7_days_cat,12.451460075378415,1.0,0.0003612645963886,p28_early
p28_early,w7_orders,11.51954002380371,1.0,0.0003342260226583,p28_early
p28_early,w7_days_presence_only,11.433053970336914,1.0,0.0003317167306548,p28_early
p28_early,w14_days_cat,10.48227596282959,1.0,0.0003041310153204,p28_early
p28_early,w90_lgmv,9.581419944763184,0.8,0.0002779937283033,p28_early
p28_early,w180_lgmv,9.313599967956543,0.8,0.0002702232439393,p28_early
p28_early,w7_gmv,8.212756061553955,0.8,0.0002382835415167,p28_early
p28_early,w7_gmv_cat,7.509299850463867,0.6,0.0002178735797421,p28_early
p28_early,w14_lgmv,6.735754013061523,0.6,0.0001954300491806,p28_early
p28_early,w30_lgmv,6.506550025939942,0.6,0.0001887799627332,p28_early
p28_early,w7_presence_rate,5.315659904479981,0.4,0.0001542276743695,p28_early
p28_early,w7_days_buy,5.173699951171875,0.4,0.0001501088718416,p28_early
p28_early,w30_days_buy,4.725539970397949,0.4,0.0001371060325286,p28_early
p28_early,w30_gmv30eq,3.0315200805664064,0.2,8.795602055662796e-05,p28_early
p28_early,w7_lgmv,1.7639400482177734,0.2,5.117866384467882e-05,p28_early
p28_early,w14_gmv30eq,0.0,0.0,0.0,p28_early
p28_early,w180_gmv30eq,0.0,0.0,0.0,p28_early
p28_early,w7_gmv30eq,0.0,0.0,0.0,p28_early
p28_early,w7_cat_gmv_share,0.0,0.0,0.0,p28_early
p28_early,w60_gmv30eq,0.0,0.0,0.0,p28_early
p28_early,w90_gmv30eq,0.0,0.0,0.0,p28_early
p28_mid,trend_pres_60_180,1830.2588008880616,56.0,0.04887667137272,p28_mid
p28_mid,trend_pres_30_90,1684.9438234329225,84.2,0.0449960658566242,p28_mid
p28_mid,rec_cat,1437.2657305717469,97.0,0.0383818751503023,p28_mid
p28_mid,w180_days_cat,1404.502806091309,91.2,0.0375069482316268,p28_mid
p28_mid,trend_srch_30_60,1132.6115646362305,58.0,0.0302461505502974,p28_mid
p28_mid,dlog_buyd_14_30,902.0672526359558,21.0,0.0240895138118101,p28_mid
p28_mid,trend_srch_60_180,754.42108669281,40.2,0.0201466544037615,p28_mid
p28_mid,trend_gmv_14_30,699.5061191558838,24.6,0.0186801618943723,p28_mid
p28_mid,trend_pres_14_30,630.4805276870727,34.0,0.0168368481789067,p28_mid
p28_mid,dlog_gmv_14_30,624.690549659729,17.8,0.0166822280491412,p28_mid
p28_mid,w14_srch_per_day,593.2679456710815,38.2,0.0158430941036669,p28_mid
p28_mid,w14_carts,577.8698100090027,30.8,0.0154318901711177,p28_mid
p28_mid,w180_ponly_share,564.0484601974488,39.8,0.0150627939687997,p28_mid
p28_mid,trend_pres_30_60,545.2599504470825,36.4,0.0145610508184834,p28_mid
p28_mid,rec_buy,523.7495847702027,35.0,0.0139866210854939,p28_mid
p28_mid,buygap_std,507.4110618591309,34.4,0.0135503043117935,p28_mid
p28_mid,w30_srch_per_day,458.6809883117676,32.6,0.0122489780788109,p28_mid
p28_mid,rec_over_buygap,457.9149826049805,28.6,0.0122285220595954,p28_mid
p28_mid,trend_gmv_30_90,452.9278387069702,21.6,0.0120953414442239,p28_mid
p28_mid,w90_srch_per_day,441.89411907196046,31.2,0.0118006883119141,p28_mid
p28_mid,gap_cv,423.1858877182007,32.4,0.0113010889790772,p28_mid
p28_mid,trend_srch_14_30,410.20616512298585,22.6,0.0109544682522775,p28_mid
p28_mid,w14_lgmv_mean,405.486420249939,26.0,0.0108284284709029,p28_mid
p28_mid,w180_days_presence_only,396.4970833778381,27.4,0.0105883701447562,p28_mid
p28_mid,w60_days_cat,391.7914316177368,23.2,0.0104627067169605,p28_mid
p28_mid,w14_gmv_max,389.1841796875,21.2,0.0103930806095934,p28_mid
p28_mid,w30_days_present,387.538519859314,23.8,0.0103491336144611,p28_mid
p28_mid,buygap_mean,367.4912469863892,26.6,0.0098137754631146,p28_mid
p28_mid,trend_srch_30_90,364.5336727142334,25.2,0.0097347940722367,p28_mid
p28_mid,w60_srch2cart,326.6953460693359,25.8,0.0087243296199861,p28_mid
p28_mid,w7_gmv_max,313.2881845474243,20.2,0.0083662942277074,p28_mid
p28_mid,weekend_share,309.1777866363525,25.6,0.0082565269271414,p28_mid
p28_mid,trend_srch_7_14,301.259538269043,24.2,0.0080450717913383,p28_mid
p28_mid,w7_lgmv_mean,273.66604404449464,18.4,0.0073081934063887,p28_mid
p28_mid,trend_pres_7_14,266.60386123657224,21.0,0.0071195993189791,p28_mid
p28_mid,w30_days_presence_only,263.9952802658081,14.4,0.0070499377198679,p28_mid
p28_mid,w14_srch2cart,263.4377481460571,19.8,0.0070350489433825,p28_mid
p28_mid,dlog_buyd_30_90,261.37750883102416,17.0,0.0069800306913729,p28_mid
p28_mid,rec_over_gap,253.07246055603028,20.0,0.0067582461464362,p28_mid
p28_mid,trend_pres_7_30,247.40026473999023,18.0,0.0066067713655321,p28_mid
p28_mid,rec_cart,244.83370838165283,18.4,0.0065382320247431,p28_mid
p28_mid,buygap_cv,244.8129524230957,19.8,0.0065376777412916,p28_mid
p28_mid,w60_lgmv_std,231.20256185531616,18.8,0.0061742151606374,p28_mid
p28_mid,w7_carts,226.99780597686768,14.2,0.006061928050654,p28_mid
p28_mid,dlog_buyd_60_180,223.46943283081052,16.0,0.0059677035974475,p28_mid
p28_mid,w14_orders,220.5620658874512,14.0,0.0058900629825893,p28_mid
p28_mid,w90_lgmv_std,212.0843616485596,16.4,0.005663667696918,p28_mid
p28_mid,w30_lgmv_mean,205.158127784729,16.4,0.0054787040970988,p28_mid
p28_mid,w30_lgmv_std,205.1436155319214,16.4,0.0054783165504792,p28_mid
p28_mid,w180_srch2cart,203.14825286865235,15.8,0.0054250308156341,p28_mid
p28_mid,w180_cart2ord,201.7415901184082,14.2,0.005387466186554,p28_mid
p28_mid,dlog_gmv_30_90,200.61170597076412,14.0,0.0053572928710935,p28_mid
p28_mid,w90_buyday_rate,199.17092418670651,14.8,0.0053188171004839,p28_mid
p28_mid,w90_carts,196.32786388397216,14.0,0.0052428937807642,p28_mid
p28_mid,w180_srch_per_day,193.84851570129396,14.8,0.005176683315728,p28_mid
p28_mid,w180_buyday_rate,189.60487174987796,13.6,0.0050633577080404,p28_mid
p28_mid,trend_gmv_60_180,184.48899059295653,14.0,0.0049267391915949,p28_mid
p28_mid,w30_ponly_share,181.09644002914428,13.2,0.0048361418515125,p28_mid
p28_mid,w180_lgmv_std,179.43257207870482,15.0,0.0047917086123543,p28_mid
p28_mid,w60_searches,179.31236782073975,12.6,0.0047884985832528,p28_mid
p28_mid,w90_ponly_share,178.5781063079834,13.6,0.0047688902859764,p28_mid
p28_mid,w180_lgmv_mean,178.14272804260253,14.2,0.0047572636021492,p28_mid
p28_mid,w180_aov,177.01072463989257,13.0,0.0047270336924336,p28_mid
p28_mid,w60_ponly_share,172.29920921325683,13.6,0.0046012136766722,p28_mid
p28_mid,trend_gmv_30_60,168.06340656280517,9.2,0.0044880974692564,p28_mid
p28_mid,w7_srch2cart,166.1734493255615,12.2,0.0044376265638585,p28_mid
p28_mid,w90_cart2ord,162.62733631134034,12.4,0.0043429283712518,p28_mid
p28_mid,w60_days_present,159.4451519012451,10.0,0.0042579488144896,p28_mid
p28_mid,w7_ponly_share,156.9853145599365,12.8,0.0041922593823158,p28_mid
p28_mid,trend_srch_7_30,156.2572301864624,12.0,0.0041728160442279,p28_mid
p28_mid,w30_srch2cart,153.7314079284668,12.4,0.0041053644989109,p28_mid
p28_mid,w90_days_presence_only,153.6985824584961,10.8,0.0041044879017283,p28_mid
p28_mid,w7_srch_per_day,149.09533405303955,10.8,0.003981559133703,p28_mid
p28_mid,w180_cat_gmv_share,146.25469913482667,11.0,0.0039057005833603,p28_mid
p28_mid,w180_carts,144.91266975402831,10.6,0.0038698619746423,p28_mid
p28_mid,w30_aov,142.38360862731935,10.6,0.0038023239360262,p28_mid
p28_mid,w90_lgmv_mean,142.10196352005005,11.4,0.0037948026634362,p28_mid
p28_mid,w60_cart2ord,141.6243260383606,10.8,0.0037820474562401,p28_mid
p28_mid,w14_lgmv_std,140.64315795898438,10.8,0.0037558455717013,p28_mid
p28_mid,w180_gmv_cat,138.623313331604,10.6,0.0037019060512201,p28_mid
p28_mid,w60_lgmv_mean,137.0833782196045,10.8,0.0036607824121107,p28_mid
p28_mid,w60_gmv_max,136.32258586883546,10.4,0.0036404656144571,p28_mid
p28_mid,w90_orders,134.68319396972657,9.8,0.0035966860030355,p28_mid
p28_mid,w30_days_search,134.4891923904419,9.6,0.0035915052321893,p28_mid
p28_mid,w180_days_search,132.64435176849366,9.4,0.0035422391563916,p28_mid
p28_mid,w14_aov,129.14680614471436,8.6,0.0034488379456002,p28_mid
p28_mid,w7_days_presence_only,128.74764575958253,9.8,0.0034381784525495,p28_mid
p28_mid,w30_gmv_max,128.67060070037843,10.0,0.0034361209806566,p28_mid
p28_mid,w14_searches,128.59416904449463,9.6,0.0034340798895686,p28_mid
p28_mid,w60_srch_per_day,127.59353771209716,9.6,0.0034073582430042,p28_mid
p28_mid,w180_orders,125.39280433654784,8.4,0.0033485881270383,p28_mid
p28_mid,w14_ponly_share,124.81323375701903,9.2,0.0033331108181795,p28_mid
p28_mid,w30_buyday_rate,123.671919631958,9.6,0.003302632267607,p28_mid
p28_mid,w7_aov,120.89862995147703,8.8,0.0032285721574912,p28_mid
p28_mid,w180_days_cart,117.27599048614502,7.8,0.0031318303423102,p28_mid
p28_mid,w180_gmv_per_day,115.32613887786866,8.2,0.0030797599704933,p28_mid
p28_mid,gap_std,114.8220624923706,8.8,0.0030662987180034,p28_mid
p28_mid,w14_buyday_rate,114.56236534118652,8.4,0.003059363560905,p28_mid
p28_mid,dlog_gmv_60_180,113.8751594543457,8.6,0.0030410118740942,p28_mid
p28_mid,w60_buyday_rate,112.09572734832764,8.6,0.0029934925187803,p28_mid
p28_mid,gap_max,111.53317136764528,9.0,0.002978469581159,p28_mid
p28_mid,w14_gmv_per_day,109.70975399017334,7.4,0.0029297756085411,p28_mid
p28_mid,w90_gmv_per_day,109.55464191436768,8.2,0.0029256333736007,p28_mid
p28_mid,dlog_buyd_30_60,109.00255451202392,8.6,0.0029108899971338,p28_mid
p28_mid,w30_cart2ord,106.00336818695068,7.8,0.0028307973652475,p28_mid
p28_mid,w60_days_search,105.78275575637818,8.2,0.0028249059572867,p28_mid
p28_mid,w90_aov,105.53416423797609,8.8,0.0028182673737459,p28_mid
p28_mid,w180_searches,103.65722637176512,8.2,0.0027681441478779,p28_mid
p28_mid,w180_days_buy,103.4390941619873,6.8,0.0027623189736851,p28_mid
p28_mid,w30_carts,102.73148555755616,7.8,0.0027434224366475,p28_mid
p28_mid,dlog_gmv_7_30,102.13573894500732,7.6,0.0027275131502729,p28_mid
p28_mid,w90_searches,101.62920455932615,7.4,0.0027139862574117,p28_mid
p28_mid,w180_days_present,101.24918785095215,8.0,0.0027038379921706,p28_mid
p28_mid,w90_days_cat,100.47674198150636,7.6,0.0026832099897833,p28_mid
p28_mid,w14_cart2ord,96.84275550842284,8.0,0.0025861651551776,p28_mid
p28_mid,w60_orders,92.37813377380373,6.8,0.002466938382865,p28_mid
p28_mid,rec_search,91.39497413635254,7.8,0.0024406833141921,p28_mid
p28_mid,w90_srch2cart,90.77994441986084,7.6,0.0024242590766346,p28_mid
p28_mid,w90_days_cart,90.72697811126709,6.2,0.0024228446226472,p28_mid
p28_mid,w90_days_present,86.06994018554687,6.6,0.0022984794169422,p28_mid
p28_mid,w60_aov,84.525834274292,7.0,0.0022572443975272,p28_mid
p28_mid,w180_gmv,82.69076042175293,6.2,0.0022082391412259,p28_mid
p28_mid,w90_gmv,80.64657535552979,6.0,0.0021536496145107,p28_mid
p28_mid,dlog_gmv_30_60,79.72368001937866,6.0,0.0021290038911657,p28_mid
p28_mid,w60_carts,78.34773349761963,5.6,0.0020922595324238,p28_mid
p28_mid,w90_gmv_max,75.92337398529052,6.4,0.0020275175281149,p28_mid
p28_mid,dlog_gmv_7_14,75.01246223449706,5.8,0.0020031918238639,p28_mid
p28_mid,w180_gmv_max,73.34391613006592,6.0,0.0019586336556,p28_mid
p28_mid,gap_mean,71.6410530090332,5.8,0.0019131590587184,p28_mid
p28_mid,w7_searches,69.86095237731934,5.4,0.0018656218505681,p28_mid
p28_mid,trend_gmv_7_30,68.69606857299804,4.8,0.0018345138767321,p28_mid
p28_mid,w90_days_buy,67.49000816345215,4.8,0.0018023062904255,p28_mid
p28_mid,w60_days_cart,64.35265655517578,5.0,0.001718523984085,p28_mid
p28_mid,w90_days_search,61.92788391113281,5.0,0.0016537709471817,p28_mid
p28_mid,w60_days_presence_only,61.6485460281372,5.0,0.0016463112885244,p28_mid
p28_mid,rec_any,60.33159589767456,5.0,0.0016111424158439,p28_mid
p28_mid,dlog_buyd_7_14,58.760934066772464,4.6,0.001569198226252,p28_mid
p28_mid,w30_searches,58.38495559692383,4.2,0.0015591578013104,p28_mid
p28_mid,w14_gmv,57.271369743347165,4.4,0.0015294197283208,p28_mid
p28_mid,w30_gmv_cat,56.80916194915771,4.2,0.0015170765676424,p28_mid
p28_mid,w30_gmv_per_day,55.9763578414917,4.0,0.0014948367113617,p28_mid
p28_mid,w14_days_present,54.98529224395752,4.2,0.0014683705157089,p28_mid
p28_mid,w7_days_present,52.82211170196533,3.8,0.0014106032401632,p28_mid
p28_mid,w14_days_cart,50.739019584655765,3.6,0.0013549747089372,p28_mid
p28_mid,trend_gmv_7_14,50.02642040252685,3.6,0.0013359448995854,p28_mid
p28_mid,w60_gmv_per_day,48.73190364837647,3.6,0.0013013751054403,p28_mid
p28_mid,w30_orders,46.96026344299317,3.6,0.0012540638311728,p28_mid
p28_mid,w30_cat_gmv_share,45.500675964355466,3.6,0.0012150858584957,p28_mid
p28_mid,w30_presence_rate,45.39919948577881,2.8,0.0012123759507531,p28_mid
p28_mid,w90_cat_gmv_share,44.59713649749756,3.2,0.0011909570295167,p28_mid
p28_mid,w30_gmv,43.669884300231935,3.2,0.0011661949571238,p28_mid
p28_mid,w7_gmv_per_day,42.52511959075928,3.0,0.0011356242594296,p28_mid
p28_mid,w60_cat_gmv_share,41.237586212158206,3.4,0.0011012409548408,p28_mid
p28_mid,w30_days_cart,40.854428100585935,3.2,0.0010910087990965,p28_mid
p28_mid,w7_orders,40.60213756561279,3.0,0.0010842714341062,p28_mid
p28_mid,w60_presence_rate,39.7978796005249,2.6,0.0010627938964818,p28_mid
p28_mid,w7_lgmv_std,39.61790447235107,3.6,0.0010579876990245,p28_mid
p28_mid,w7_days_search,37.07063598632813,2.8,0.0009899634367567,p28_mid
p28_mid,w30_days_cat,35.4999755859375,2.8,0.0009480192853663,p28_mid
p28_mid,w14_days_search,34.79353427886963,2.6,0.0009291539207562,p28_mid
p28_mid,w60_gmv,33.31258010864258,2.6,0.000889605355132,p28_mid
p28_mid,w7_cat_gmv_share,31.38677215576172,2.6,0.0008381770640104,p28_mid
p28_mid,w7_days_cat,31.232196044921874,2.8,0.0008340491419002,p28_mid
p28_mid,w7_cart2ord,30.725128173828125,2.4,0.0008205080024247,p28_mid
p28_mid,dlog_buyd_7_30,29.451760292053223,2.2,0.0007865029844109,p28_mid
p28_mid,w30_days_buy,29.326399993896484,2.2,0.0007831552643544,p28_mid
p28_mid,w60_days_buy,27.634020042419436,2.0,0.0007379606182825,p28_mid
p28_mid,w7_buyday_rate,24.952740097045897,2.0,0.0006663576085417,p28_mid
p28_mid,w90_presence_rate,23.567209815979005,1.8,0.0006293573175491,p28_mid
p28_mid,w90_gmv_cat,22.81435413360596,2.0,0.0006092524669342,p28_mid
p28_mid,w7_gmv,22.74444007873535,1.8,0.0006073854269928,p28_mid
p28_mid,w14_days_presence_only,22.18761577606201,1.4,0.0005925155526117,p28_mid
p28_mid,w7_days_cart,20.507544326782227,1.6,0.0005476496024689,p28_mid
p28_mid,w180_lgmv,19.26794033050537,1.4,0.0005145462418245,p28_mid
p28_mid,w14_days_cat,19.18350009918213,1.6,0.0005122912834356,p28_mid
p28_mid,w14_lgmv,18.911395835876466,1.4,0.0005050247970511,p28_mid
p28_mid,w60_gmv_cat,16.273917961120606,1.4,0.0004345915122748,p28_mid
p28_mid,w14_days_buy,14.752480125427246,1.2,0.0003939618389886,p28_mid
p28_mid,w14_cat_gmv_share,13.542325973510742,1.2,0.0003616449301641,p28_mid
p28_mid,w180_presence_rate,13.340379905700685,1.0,0.0003562520034444,p28_mid
p28_mid,w90_lgmv,12.827300071716309,1.0,0.0003425503157806,p28_mid
p28_mid,w7_lgmv,12.519459915161132,1.0,0.0003343295099798,p28_mid
p28_mid,w7_presence_rate,12.468440055847168,0.8,0.0003329670355058,p28_mid
p28_mid,w14_presence_rate,11.514182090759276,1.0,0.0003074837798362,p28_mid
p28_mid,w30_lgmv,11.225940132141114,0.8,0.0002997863397363,p28_mid
p28_mid,w7_gmv_cat,9.35056800842285,0.8,0.000249704926688,p28_mid
p28_mid,w60_lgmv,6.79827995300293,0.6,0.0001815466178889,p28_mid
p28_mid,w14_gmv_cat,4.478359985351562,0.4,0.0001195936493716,p28_mid
p28_mid,w60_gmv30eq,3.3891998291015626,0.2,9.050785942572674e-05,p28_mid
p28_mid,w90_gmv30eq,2.8124399185180664,0.2,7.51056088823223e-05,p28_mid
p28_mid,w14_gmv30eq,2.4705999374389647,0.2,6.597684501070306e-05,p28_mid
p28_mid,w30_gmv30eq,0.0,0.0,0.0,p28_mid
p28_mid,w180_gmv30eq,0.0,0.0,0.0,p28_mid
p28_mid,w7_gmv30eq,0.0,0.0,0.0,p28_mid
p28_mid,w7_days_buy,0.0,0.0,0.0,p28_mid
p28_late,trend_pres_60_180,4123.487029075623,116.6,0.1017972999788923,p28_late
p28_late,trend_srch_14_30,1512.6941173553466,37.0,0.0373441642364637,p28_late
p28_late,w7_carts,1098.7780241012574,39.0,0.0271257397782392,p28_late
p28_late,dlog_buyd_60_180,933.3756298065184,49.0,0.0230424197555197,p28_late
p28_late,trend_gmv_60_180,914.9823942184448,46.0,0.022588342488503,p28_late
p28_late,w14_lgmv_mean,872.3856569290161,39.2,0.0215367488219295,p28_late
p28_late,rec_buy,818.88099193573,45.6,0.0202158690921798,p28_late
p28_late,trend_srch_30_60,777.8577083587646,53.0,0.019203119573397,p28_late
p28_late,rec_cat,771.3243787765502,57.4,0.0190418300369799,p28_late
p28_late,w14_gmv_max,764.2922874450684,31.0,0.0188682274754337,p28_late
p28_late,w7_gmv_max,757.3088542938233,27.6,0.0186958261475365,p28_late
p28_late,w60_srch_per_day,752.3372694015503,52.0,0.0185730916960684,p28_late
p28_late,w14_carts,698.5417411804199,35.6,0.017245031371097,p28_late
p28_late,w180_cart2ord,630.7850334167481,40.4,0.0155723087804437,p28_late
p28_late,dlog_gmv_14_30,627.1757843017579,28.4,0.015483206568586,p28_late
p28_late,w30_lgmv_mean,589.3605752944947,33.4,0.0145496553901942,p28_late
p28_late,trend_srch_60_180,533.1280466079712,32.6,0.013161432376296,p28_late
p28_late,trend_pres_30_60,529.7446947097778,37.4,0.0130779069315241,p28_late
p28_late,w7_srch_per_day,525.7329967498779,30.8,0.0129788693893252,p28_late
p28_late,w90_srch2cart,456.0098735809326,33.6,0.0112576015316486,p28_late
p28_late,trend_srch_7_30,444.0968412399292,26.0,0.0109635022612194,p28_late
p28_late,w7_lgmv_mean,429.96336250305177,17.8,0.0106145864129147,p28_late
p28_late,w14_lgmv_std,418.81321773529055,27.4,0.0103393206915172,p28_late
p28_late,w14_cart2ord,413.1354564666748,25.2,0.0101991527310036,p28_late
p28_late,w14_srch2cart,396.6921106338501,28.2,0.0097932127591793,p28_late
p28_late,w30_lgmv_std,361.6237396240234,26.2,0.0089274732871532,p28_late
p28_late,w180_ponly_share,351.9743572235108,26.2,0.0086892571686327,p28_late
p28_late,w180_buyday_rate,339.1529964447021,23.0,0.0083727338231887,p28_late
p28_late,w7_cart2ord,331.1003879547119,21.2,0.0081739375625753,p28_late
p28_late,dlog_buyd_14_30,326.050270652771,16.8,0.0080492643667366,p28_late
p28_late,w180_days_cat,321.3915565490723,23.0,0.0079342538152819,p28_late
p28_late,w180_srch_per_day,309.5317893981934,22.8,0.0076414695126214,p28_late
p28_late,w30_orders,303.5585514068604,18.6,0.0074940070626703,p28_late
p28_late,dlog_buyd_30_90,303.2663356781006,21.4,0.0074867930780041,p28_late
p28_late,w14_srch_per_day,296.3443532943726,20.8,0.0073159087967643,p28_late
p28_late,w30_carts,295.4323831558228,17.4,0.0072933948183982,p28_late
p28_late,w60_lgmv_std,286.0600826263428,21.0,0.0070620190721513,p28_late
p28_late,w7_days_presence_only,284.5651153564453,17.6,0.0070251125339327,p28_late
p28_late,weekend_share,284.26046657562256,20.8,0.0070175916121713,p28_late
p28_late,w60_lgmv_mean,283.3684574127197,19.2,0.0069955704141659,p28_late
p28_late,w7_srch2cart,275.59313163757326,20.6,0.0068036194840951,p28_late
p28_late,w60_carts,272.20018405914306,17.2,0.0067198571489601,p28_late
p28_late,rec_over_buygap,260.5839500427246,20.6,0.0064330849946023,p28_late
p28_late,w30_ponly_share,260.06898097991944,18.8,0.0064203718564752,p28_late
p28_late,dlog_gmv_60_180,259.22507705688474,13.2,0.0063995382415757,p28_late
p28_late,gap_cv,255.69588623046877,20.0,0.0063124124437483,p28_late
p28_late,w14_ponly_share,251.0138214111328,18.2,0.006196825428784,p28_late
p28_late,trend_pres_7_30,250.8472162246704,18.0,0.0061927124152048,p28_late
p28_late,trend_pres_30_90,244.8981155395508,20.0,0.0060458458474728,p28_late
p28_late,w90_lgmv_std,243.00785789489743,18.2,0.0059991807014124,p28_late
p28_late,trend_pres_14_30,241.69209995269776,17.6,0.0059666983375787,p28_late
p28_late,w14_aov,240.942374420166,16.0,0.0059481897223221,p28_late
p28_late,w90_carts,236.8630256652832,15.4,0.0058474820722213,p28_late
p28_late,w90_lgmv_mean,228.82195796966556,17.4,0.0056489707213696,p28_late
p28_late,trend_srch_30_90,226.287504196167,16.8,0.005586402184293,p28_late
p28_late,buygap_mean,221.8824699401856,16.2,0.0054776542749601,p28_late
p28_late,buygap_cv,220.8942855834961,17.4,0.0054532587818536,p28_late
p28_late,w90_srch_per_day,219.97887802124023,15.8,0.0054306599431618,p28_late
p28_late,trend_gmv_14_30,210.30009212493897,13.2,0.0051917179350095,p28_late
p28_late,trend_gmv_30_90,206.4683078765869,12.6,0.0050971219564522,p28_late
p28_late,w30_srch2cart,201.1787364959717,15.4,0.0049665373127282,p28_late
p28_late,rec_cart,199.4199579238892,14.8,0.0049231180152656,p28_late
p28_late,w30_cart2ord,196.3387704849243,14.0,0.0048470521613405,p28_late
p28_late,w30_gmv_max,196.19243774414065,14.0,0.0048434396174413,p28_late
p28_late,w180_days_search,191.9796953201294,12.6,0.0047394388527373,p28_late
p28_late,w60_buyday_rate,190.0136749267578,13.0,0.0046909033374471,p28_late
p28_late,w90_cart2ord,182.80867290496823,14.0,0.0045130320971621,p28_late
p28_late,w30_srch_per_day,174.2219675064087,13.4,0.0043010504856949,p28_late
p28_late,w30_aov,172.49002227783205,11.6,0.0042582936280312,p28_late
p28_late,w180_lgmv_mean,171.9989782333374,12.6,0.0042461711313317,p28_late
p28_late,w14_searches,171.34149627685548,11.2,0.0042299397505895,p28_late
p28_late,w180_carts,168.97178974151612,12.4,0.0041714383595729,p28_late
p28_late,w7_ponly_share,162.70682125091554,11.6,0.0040167739039073,p28_late
p28_late,buygap_std,161.36426391601563,12.8,0.0039836299384247,p28_late
p28_late,dlog_gmv_7_30,156.31779689788817,10.4,0.0038590468578292,p28_late
p28_late,dlog_gmv_30_90,155.84059314727784,11.2,0.0038472660390684,p28_late
p28_late,w180_days_presence_only,155.30176677703858,11.8,0.0038339639311047,p28_late
p28_late,w60_days_present,150.2914810180664,10.4,0.0037102740640602,p28_late
p28_late,rec_over_gap,148.53392372131347,10.6,0.0036668849164514,p28_late
p28_late,dlog_buyd_30_60,146.70906352996826,10.8,0.003621834249623,p28_late
p28_late,w7_aov,143.4941905975342,10.8,0.0035424680767724,p28_late
p28_late,w60_ponly_share,141.74639568328857,11.6,0.003499319934937,p28_late
p28_late,trend_srch_7_14,139.0947120666504,10.8,0.00343385732267,p28_late
p28_late,w60_aov,136.1285415649414,9.8,0.0033606309135115,p28_late
p28_late,trend_pres_7_14,133.15668067932128,10.2,0.0032872640247749,p28_late
p28_late,w60_days_search,132.96636238098145,9.4,0.003282565601142,p28_late
p28_late,w180_gmv_per_day,132.94789772033693,9.4,0.0032821097605911,p28_late
p28_late,w30_days_search,132.91549015045166,9.8,0.003281309708817,p28_late
p28_late,w90_aov,127.8229881286621,10.0,0.0031555901534262,p28_late
p28_late,w180_lgmv_std,124.35736122131348,9.6,0.0030700335700261,p28_late
p28_late,dlog_gmv_30_60,117.8351833343506,9.0,0.0029090193376074,p28_late
p28_late,w30_days_presence_only,113.31336650848388,8.4,0.0027973883950031,p28_late
p28_late,w180_aov,113.0752691268921,8.6,0.002791510440154,p28_late
p28_late,w180_orders,111.93992824554444,8.6,0.0027634820662408,p28_late
p28_late,w60_srch2cart,109.92640361785888,8.0,0.0027137738049818,p28_late
p28_late,w60_gmv_max,108.39841957092284,8.0,0.0026760521753775,p28_late
p28_late,w90_days_present,107.12964916229248,7.8,0.0026447298016242,p28_late
p28_late,w60_cart2ord,106.04286365509031,8.0,0.0026179001233666,p28_late
p28_late,w60_searches,104.9865098953247,7.8,0.0025918217193827,p28_late
p28_late,gap_max,104.6312982559204,8.2,0.0025830525428199,p28_late
p28_late,w180_days_present,103.75672016143798,6.8,0.0025614616688797,p28_late
p28_late,w90_ponly_share,103.66962585449218,8.2,0.0025593115553403,p28_late
p28_late,trend_gmv_30_60,102.81406707763672,7.2,0.0025381902148721,p28_late
p28_late,w90_gmv_max,102.06170043945312,7.8,0.0025196163981434,p28_late
p28_late,gap_std,102.04144763946532,7.0,0.0025191164134603,p28_late
p28_late,w180_searches,101.58915824890136,7.4,0.0025079506601927,p28_late
p28_late,w14_days_presence_only,100.47819519042967,7.6,0.0024805241061788,p28_late
p28_late,w180_srch2cart,99.25533561706544,7.4,0.0024503351418522,p28_late
p28_late,w30_buyday_rate,99.04644622802736,7.4,0.0024451782502097,p28_late
p28_late,w7_searches,92.37964363098143,6.4,0.0022805936403671,p28_late
p28_late,w30_gmv,92.06503200531006,6.6,0.0022728267639808,p28_late
p28_late,w7_lgmv_std,91.25645942687989,6.8,0.002252865380632,p28_late
p28_late,w90_days_search,85.96434574127197,6.6,0.0021222179745464,p28_late
p28_late,w7_days_present,85.13822212219239,5.2,0.0021018233053555,p28_late
p28_late,w60_days_cart,84.97595138549805,6.2,0.0020978172971531,p28_late
p28_late,w30_gmv_per_day,84.0893123626709,6.4,0.0020759286728059,p28_late
p28_late,w90_searches,81.9640998840332,6.0,0.0020234631525602,p28_late
p28_late,w30_searches,80.78850212097169,6.6,0.0019944409494353,p28_late
p28_late,w180_days_buy,76.89514236450195,5.6,0.0018983248447258,p28_late
p28_late,w90_days_cart,73.56305179595947,5.4,0.001816064898042,p28_late
p28_late,w180_gmv_max,73.26819591522217,5.6,0.0018087857354473,p28_late
p28_late,w90_orders,73.0769552230835,5.2,0.0018040645405051,p28_late
p28_late,w14_days_present,68.26727828979492,4.8,0.0016853271412779,p28_late
p28_late,w7_gmv_per_day,66.98280029296875,4.6,0.00165361699134,p28_late
p28_late,w90_buyday_rate,66.86791973114013,5.0,0.0016507809132993,p28_late
p28_late,w14_buyday_rate,66.59729747772217,5.0,0.0016441000108209,p28_late
p28_late,w14_gmv,63.80889186859131,4.4,0.0015752621170058,p28_late
p28_late,dlog_buyd_7_30,63.78259410858154,4.0,0.0015746128992574,p28_late
p28_late,rec_search,62.53634967803955,4.2,0.0015438466285626,p28_late
p28_late,w60_gmv,61.30990257263184,4.6,0.0015135690981576,p28_late
p28_late,trend_gmv_7_30,59.840063667297365,4.6,0.0014772829086021,p28_late
p28_late,w60_gmv_per_day,58.9177583694458,4.6,0.001454513784214,p28_late
p28_late,w30_days_present,57.00734634399414,4.4,0.0014073510831634,p28_late
p28_late,w30_days_cart,56.145019912719725,3.8,0.0013860626683375,p28_late
p28_late,w90_gmv_per_day,54.776743698120114,4.4,0.0013522837760337,p28_late
p28_late,gap_mean,54.56092014312744,4.0,0.0013469556993318,p28_late
p28_late,w14_gmv_per_day,53.72916603088379,4.2,0.0013264220290969,p28_late
p28_late,rec_any,53.45309391021728,4.0,0.0013196065847206,p28_late
p28_late,w60_gmv_cat,51.80057029724121,3.8,0.0012788104234216,p28_late
p28_late,w180_gmv,51.694709587097165,4.0,0.0012761970201562,p28_late
p28_late,w90_days_cat,51.42229843139648,3.8,0.0012694719547107,p28_late
p28_late,dlog_gmv_7_14,50.00034370422363,4.0,0.0012343678908691,p28_late
p28_late,w60_orders,48.72036380767823,3.6,0.001202768786379,p28_late
p28_late,w7_days_cat,48.022026252746585,3.6,0.0011855287957922,p28_late
p28_late,w180_cat_gmv_share,46.8060438156128,3.8,0.0011555096086215,p28_late
p28_late,trend_gmv_7_14,45.54265995025635,3.2,0.0011243202134752,p28_late
p28_late,w90_days_presence_only,44.89922962188721,3.4,0.0011084357279195,p28_late
p28_late,w14_days_search,44.29810409545898,3.4,0.0010935956289675,p28_late
p28_late,w60_days_cat,43.03445835113526,3.6,0.001062399768766,p28_late
p28_late,w14_days_cat,38.99321403503418,3.0,0.0009626328101134,p28_late
p28_late,w30_cat_gmv_share,38.19388370513916,3.0,0.0009428995918928,p28_late
p28_late,w7_gmv,37.20463981628418,2.4,0.0009184779419165,p28_late
p28_late,w180_days_cart,37.02072944641113,2.8,0.000913937712019,p28_late
p28_late,w14_orders,36.58115997314453,2.4,0.0009030859777426,p28_late
p28_late,w90_gmv,36.346934127807614,2.8,0.0008973036002373,p28_late
p28_late,w60_days_presence_only,32.48737983703613,2.4,0.0008020220574188,p28_late
p28_late,w7_days_search,32.329939651489255,2.4,0.0007981353019412,p28_late
p28_late,w180_gmv_cat,30.741752052307127,2.6,0.0007589274159174,p28_late
p28_late,w30_days_cat,30.126400184631347,2.4,0.0007437361086028,p28_late
p28_late,w90_days_buy,30.06239585876465,2.2,0.0007421560217699,p28_late
p28_late,w90_presence_rate,29.48994560241699,2.2,0.0007280238346047,p28_late
p28_late,w7_days_cart,29.31595973968506,2.2,0.000723728612882,p28_late
p28_late,w60_cat_gmv_share,28.90282020568848,2.4,0.0007135293594882,p28_late
p28_late,w30_lgmv,28.23195991516113,2.0,0.0006969677052967,p28_late
p28_late,w90_gmv_cat,27.874239921569824,2.2,0.0006881366045222,p28_late
p28_late,w90_cat_gmv_share,24.07265968322754,2.0,0.0005942862780418,p28_late
p28_late,dlog_buyd_7_14,22.83593978881836,1.8,0.0005637551413623,p28_late
p28_late,w14_days_cart,22.318168258666997,1.6,0.0005509728181965,p28_late
p28_late,w14_presence_rate,21.017920112609865,1.4,0.0005188733476179,p28_late
p28_late,w30_gmv_cat,20.99318027496338,1.6,0.000518262590592,p28_late
p28_late,w30_days_buy,18.090760040283204,1.4,0.000446609996268,p28_late
p28_late,w60_days_buy,17.36294021606445,1.2,0.0004286421713533,p28_late
p28_late,w7_presence_rate,17.196059799194337,1.0,0.0004245223631092,p28_late
p28_late,w60_presence_rate,16.559379959106444,1.2,0.0004088045281276,p28_late
p28_late,w14_gmv_cat,14.324940299987793,1.0,0.00035364249593,p28_late
p28_late,w7_buyday_rate,13.878118133544922,1.0,0.0003426117130528,p28_late
p28_late,w7_lgmv,13.586899948120116,0.8,0.0003354223549266,p28_late
p28_late,w90_lgmv,12.655422019958497,1.0,0.0003124267840886,p28_late
p28_late,w180_lgmv,11.71900005340576,0.8,0.0002893091588447,p28_late
p28_late,w7_orders,10.99061985015869,0.8,0.0002713274997475,p28_late
p28_late,w180_presence_rate,10.654180145263672,0.8,0.0002630217494632,p28_late
p28_late,w14_lgmv,9.807376098632812,0.8,0.000242116538667,p28_late
p28_late,w60_lgmv,7.328059768676757,0.6,0.0001809091900314,p28_late
p28_late,w14_cat_gmv_share,5.784079933166504,0.6,0.0001427926693855,p28_late
p28_late,w14_days_buy,4.595159912109375,0.4,0.0001134415771713,p28_late
p28_late,w7_days_buy,4.205908012390137,0.4,0.0001038320422986,p28_late
p28_late,w180_gmv30eq,3.5279399871826174,0.2,8.709491812401001e-05,p28_late
p28_late,w7_cat_gmv_share,2.709659957885742,0.2,6.689388510954597e-05,p28_late
p28_late,w14_gmv30eq,0.0,0.0,0.0,p28_late
p28_late,w30_presence_rate,0.0,0.0,0.0,p28_late
p28_late,w30_gmv30eq,0.0,0.0,0.0,p28_late
p28_late,w7_gmv30eq,0.0,0.0,0.0,p28_late
p28_late,w7_gmv_cat,0.0,0.0,0.0,p28_late
p28_late,w60_gmv30eq,0.0,0.0,0.0,p28_late
p28_late,w90_gmv30eq,0.0,0.0,0.0,p28_late
p56_early,w180_days_cat,4489.54587726593,179.0,0.0806812742873899,p56_early
p56_early,w180_ponly_share,3921.7746505737305,131.6,0.0704779024262835,p56_early
p56_early,w180_days_presence_only,3579.2809623718263,139.8,0.0643229754125193,p56_early
p56_early,rec_cat,2570.9746210098265,108.0,0.0462027818078414,p56_early
p56_early,w90_days_cat,1975.7406398773196,79.6,0.0355058789562388,p56_early
p56_early,weekend_share,1931.2217189788817,78.2,0.0347058329457561,p56_early
p56_early,w90_buyday_rate,1868.924174118042,39.0,0.0335862886885518,p56_early
p56_early,w90_ponly_share,1840.4013381958007,79.6,0.0330737070574898,p56_early
p56_early,w90_days_presence_only,1706.4851861953734,67.4,0.0306671104692313,p56_early
p56_early,w7_days_present,1525.6948236465455,14.6,0.0274181411462579,p56_early
p56_early,gap_cv,1521.606920814514,74.0,0.0273446777674068,p56_early
p56_early,trend_pres_30_90,1470.2915378570556,38.8,0.0264224930741802,p56_early
p56_early,trend_srch_30_90,1172.9434152603149,22.0,0.0210788734534185,p56_early
p56_early,trend_srch_60_180,1122.2117792129516,41.4,0.0201671792297973,p56_early
p56_early,trend_pres_14_30,1036.4113636016846,42.4,0.0186252667390578,p56_early
p56_early,w30_srch_per_day,924.3462381362916,39.6,0.0166113532224349,p56_early
p56_early,w60_srch_per_day,876.3733409881592,39.2,0.0157492360776323,p56_early
p56_early,w30_srch2cart,779.1337409973145,44.4,0.0140017509080999,p56_early
p56_early,trend_pres_60_180,656.7644815444946,39.6,0.0118026626136129,p56_early
p56_early,trend_pres_30_60,605.685281944275,30.2,0.0108847223528408,p56_early
p56_early,buygap_cv,578.9740398406982,30.8,0.0104046967311786,p56_early
p56_early,w90_cart2ord,564.9833980560303,26.2,0.0101532720129234,p56_early
p56_early,w60_buyday_rate,528.5295791625977,12.6,0.0094981633134318,p56_early
p56_early,w14_orders,510.80188236236575,10.6,0.0091795802747182,p56_early
p56_early,rec_buy,509.00991859436033,20.4,0.0091473770354081,p56_early
p56_early,w14_searches,485.8827587127686,20.8,0.0087317606722156,p56_early
p56_early,trend_pres_7_30,451.1604600906372,20.8,0.0081077689867298,p56_early
p56_early,rec_over_gap,370.7606605529785,15.2,0.0066629105408018,p56_early
p56_early,w7_lgmv_mean,366.8667587280273,16.8,0.0065929335387228,p56_early
p56_early,w7_searches,365.3401998519897,15.0,0.0065654998697593,p56_early
p56_early,w180_lgmv_mean,355.11256103515626,22.2,0.0063816997805628,p56_early
p56_early,w60_cart2ord,334.8763202667236,15.6,0.0060180358963711,p56_early
p56_early,gap_max,324.414319229126,18.6,0.0058300241022198,p56_early
p56_early,w14_srch_per_day,318.3061594009399,14.0,0.0057202548444905,p56_early
p56_early,w90_gmv_per_day,295.08354034423826,13.4,0.0053029229920033,p56_early
p56_early,trend_gmv_60_180,285.39874477386473,16.6,0.0051288782959045,p56_early
p56_early,w90_srch_per_day,274.4556694030762,14.2,0.0049322211529162,p56_early
p56_early,w60_orders,273.5857608795166,7.6,0.0049165880955618,p56_early
p56_early,w180_cat_gmv_share,270.7903196334839,15.8,0.0048663514417685,p56_early
p56_early,dlog_buyd_60_180,263.38404121398924,17.0,0.0047332537973858,p56_early
p56_early,w14_lgmv_std,258.2183410644531,12.0,0.0046404214080875,p56_early
p56_early,trend_srch_30_60,251.6666164398193,13.4,0.0045226808824427,p56_early
p56_early,w180_carts,250.8804620742798,14.0,0.0045085529644456,p56_early
p56_early,w14_days_present,247.0624786376953,11.0,0.0044399402857264,p56_early
p56_early,w7_presence_rate,245.7090196609497,2.8,0.0044156173813783,p56_early
p56_early,w60_days_presence_only,236.0671998977661,12.4,0.0042423450001153,p56_early
p56_early,w180_gmv_cat,231.06278171539307,13.8,0.0041524109963076,p56_early
p56_early,buygap_std,216.99312076568603,15.2,0.00389956623088,p56_early
p56_early,trend_srch_14_30,216.42766036987305,10.2,0.0038894043867781,p56_early
p56_early,w30_lgmv_mean,214.46863861083983,13.6,0.0038541989615087,p56_early
p56_early,w180_srch2cart,211.76259956359863,13.2,0.0038055689475671,p56_early
p56_early,w180_aov,205.27045917510983,13.4,0.003688899205523,p56_early
p56_early,w30_aov,205.2417392730713,13.2,0.0036883830824323,p56_early
p56_early,w30_lgmv_std,204.3213859558105,13.4,0.0036718434856755,p56_early
p56_early,w14_days_cat,203.8579402923584,10.0,0.0036635149402697,p56_early
p56_early,dlog_buyd_30_60,200.07376079559327,11.2,0.0035955097494825,p56_early
p56_early,w7_srch_per_day,193.9252601623535,9.4,0.0034850155303325,p56_early
p56_early,w180_lgmv_std,192.82308101654053,12.8,0.003465208355975,p56_early
p56_early,w7_gmv_max,186.36645011901857,9.0,0.0033491767521878,p56_early
p56_early,dlog_gmv_30_60,180.19162101745604,10.8,0.0032382093862135,p56_early
p56_early,w30_searches,174.6626802444458,8.6,0.0031388492283666,p56_early
p56_early,w14_lgmv_mean,169.25593967437743,10.4,0.003041685120713,p56_early
p56_early,w90_cat_gmv_share,162.98920021057128,8.2,0.0029290660408797,p56_early
p56_early,w14_srch2cart,162.20764045715333,11.6,0.0029150206922941,p56_early
p56_early,w90_orders,159.52905902862548,7.2,0.0028668841170492,p56_early
p56_early,trend_srch_7_14,158.16224002838135,10.2,0.0028423211207742,p56_early
p56_early,dlog_gmv_60_180,157.76651840209962,9.4,0.0028352096386902,p56_early
p56_early,rec_over_buygap,151.36079502105713,10.4,0.0027200928898599,p56_early
p56_early,w60_lgmv_std,149.17671451568603,9.2,0.0026808429516397,p56_early
p56_early,w180_days_present,149.15370082855225,9.0,0.0026804293744863,p56_early
p56_early,w60_days_cat,141.62477989196776,8.4,0.0025451277311177,p56_early
p56_early,dlog_gmv_14_30,126.20720024108888,7.8,0.0022680596251966,p56_early
p56_early,dlog_buyd_30_90,125.7985595703125,7.4,0.0022607159759846,p56_early
p56_early,buygap_mean,125.1630401611328,7.8,0.0022492951068881,p56_early
p56_early,w180_srch_per_day,122.37200031280516,8.2,0.0021991375502652,p56_early
p56_early,trend_gmv_30_60,120.44797954559326,8.0,0.0021645611250548,p56_early
p56_early,w60_aov,119.8110803604126,7.8,0.0021531154601128,p56_early
p56_early,w7_srch2cart,116.27243938446044,7.8,0.0020895228226856,p56_early
p56_early,w180_searches,111.09381980895996,7.2,0.0019964582594039,p56_early
p56_early,rec_cart,110.7337797164917,7.2,0.0019899880073452,p56_early
p56_early,w90_lgmv_mean,109.94536037445069,7.6,0.0019758193856343,p56_early
p56_early,w180_cart2ord,109.80771770477295,7.4,0.0019733458200913,p56_early
p56_early,w180_orders,109.0081392288208,6.4,0.0019589766584665,p56_early
p56_early,dlog_gmv_30_90,105.10516014099122,6.6,0.0018888365296134,p56_early
p56_early,w60_ponly_share,104.63155975341796,7.6,0.0018803254944626,p56_early
p56_early,w180_buyday_rate,104.06792011260988,5.6,0.0018701963710051,p56_early
p56_early,w7_days_search,103.81011943817138,4.6,0.0018655634554509,p56_early
p56_early,rec_search,103.57562007904052,6.0,0.0018613492859934,p56_early
p56_early,w60_carts,103.03189907073974,5.2,0.001851578118707,p56_early
p56_early,w14_cart2ord,101.77113342285156,6.8,0.001828920998849,p56_early
p56_early,w30_cart2ord,99.82569980621338,6.0,0.0017939597650131,p56_early
p56_early,w90_gmv_max,99.62654037475586,6.0,0.0017903806866039,p56_early
p56_early,trend_srch_7_30,99.3790195465088,6.4,0.0017859325093536,p56_early
p56_early,w14_gmv_max,99.2103998184204,6.2,0.001782902257541,p56_early
p56_early,w90_carts,89.06894035339356,5.4,0.0016006508906677,p56_early
p56_early,w180_days_cart,85.86953983306884,4.8,0.0015431547166687,p56_early
p56_early,w30_carts,84.9183738708496,5.8,0.0015260613883035,p56_early
p56_early,w60_searches,84.20075950622558,5.4,0.0015131651972482,p56_early
p56_early,w14_days_buy,83.13604049682617,1.8,0.0014940312160428,p56_early
p56_early,gap_std,82.90787982940674,5.4,0.0014899309587133,p56_early
p56_early,w90_gmv_cat,81.45456066131592,5.0,0.0014638134747554,p56_early
p56_early,w90_srch2cart,80.0672737121582,5.4,0.0014388826505874,p56_early
p56_early,trend_pres_7_14,79.63090019226074,5.0,0.0014310406165347,p56_early
p56_early,w7_cart2ord,78.13662052154541,4.6,0.00140418703462,p56_early
p56_early,w60_gmv_per_day,78.03974056243896,4.4,0.0014024460125283,p56_early
p56_early,w60_days_cart,74.09278011322021,4.2,0.0013315154981043,p56_early
p56_early,dlog_buyd_14_30,73.28878040313721,4.6,0.0013170668828301,p56_early
p56_early,w90_lgmv_std,72.42514057159424,5.0,0.0013015464796448,p56_early
p56_early,w90_days_present,71.93916034698486,4.8,0.0012928129674207,p56_early
p56_early,trend_gmv_14_30,66.3603593826294,4.4,0.0011925567760141,p56_early
p56_early,trend_gmv_30_90,66.35518074035645,4.8,0.0011924637110429,p56_early
p56_early,w14_ponly_share,66.12183990478516,4.4,0.0011882703613207,p56_early
p56_early,w60_gmv_max,66.07325992584228,4.4,0.0011873973343569,p56_early
p56_early,rec_any,64.33002033233643,3.4,0.0011560697133375,p56_early
p56_early,w30_ponly_share,64.29862003326416,4.4,0.0011555054210435,p56_early
p56_early,w60_lgmv_mean,63.464599800109866,4.4,0.0011405173093209,p56_early
p56_early,w30_gmv_max,63.23513965606689,4.6,0.0011363936991995,p56_early
p56_early,w60_gmv,61.99133987426758,3.6,0.0011140414715807,p56_early
p56_early,w90_aov,57.045839881896974,3.4,0.001025166281911,p56_early
p56_early,w180_days_buy,56.632640266418456,3.4,0.0010177407042639,p56_early
p56_early,w90_days_search,56.10714111328125,3.8,0.0010082970004972,p56_early
p56_early,w180_days_search,54.337160682678224,3.4,0.0009764888220068,p56_early
p56_early,w180_gmv_max,53.8625602722168,3.8,0.0009679598155237,p56_early
p56_early,w60_days_present,51.447919845581055,3.4,0.0009245665031726,p56_early
p56_early,w7_aov,50.98120040893555,3.6,0.0009161791250474,p56_early
p56_early,w30_days_present,50.28368072509765,3.0,0.000903644053913,p56_early
p56_early,w14_aov,50.23253974914551,3.4,0.0009027250034743,p56_early
p56_early,w180_gmv,49.79609985351563,3.6,0.0008948817765885,p56_early
p56_early,w30_days_cat,49.43511981964112,3.0,0.0008883946329171,p56_early
p56_early,w30_orders,49.413679885864255,2.4,0.000888009337561,p56_early
p56_early,w180_gmv_per_day,48.90309963226319,3.2,0.0008788337401592,p56_early
p56_early,w60_srch2cart,48.88162040710449,3.0,0.0008784477387007,p56_early
p56_early,gap_mean,47.302060508728026,3.0,0.0008500615925518,p56_early
p56_early,w7_ponly_share,47.26303005218506,3.2,0.0008493601793007,p56_early
p56_early,dlog_gmv_7_30,45.99997978210449,2.8,0.0008266620026777,p56_early
p56_early,w14_days_search,45.23003997802734,2.8,0.0008128254752837,p56_early
p56_early,w14_gmv,40.93262004852295,2.2,0.0007355968812256,p56_early
p56_early,w90_searches,40.75228023529053,2.8,0.0007323560086888,p56_early
p56_early,w30_buyday_rate,39.07896022796631,2.6,0.000702284907029,p56_early
p56_early,dlog_gmv_7_14,38.86473960876465,2.6,0.0006984351652047,p56_early
p56_early,w90_gmv,37.22021999359131,2.4,0.0006688816331171,p56_early
p56_early,w7_days_cat,36.93728065490723,1.6,0.0006637969526137,p56_early
p56_early,w30_days_cart,36.0679594039917,2.0,0.0006481744490897,p56_early
p56_early,w60_days_search,35.81200008392334,2.8,0.0006435746243694,p56_early
p56_early,w90_days_buy,34.63896007537842,2.0,0.0006224940150457,p56_early
p56_early,w90_days_cart,34.47154006958008,2.2,0.0006194853233477,p56_early
p56_early,w7_lgmv_std,34.37140045166016,2.0,0.000617685722185,p56_early
p56_early,w30_gmv_per_day,34.00920009613037,2.4,0.0006111766482096,p56_early
p56_early,w14_presence_rate,29.7764799118042,1.2,0.0005351107681608,p56_early
p56_early,w180_presence_rate,28.76982002258301,1.8,0.0005170201628175,p56_early
p56_early,w14_buyday_rate,28.30050048828125,2.0,0.0005085860585427,p56_early
p56_early,w7_buyday_rate,27.845519828796387,2.0,0.0005004096370544,p56_early
p56_early,w7_gmv_cat,25.71345996856689,1.8,0.0004620945577384,p56_early
p56_early,w60_days_buy,24.92245979309082,1.2,0.0004478795560737,p56_early
p56_early,w60_cat_gmv_share,24.85711936950684,1.6,0.0004467053284834,p56_early
p56_early,w14_carts,24.1435998916626,1.6,0.0004338827263149,p56_early
p56_early,w90_lgmv,19.89899959564209,1.0,0.0003576033497174,p56_early
p56_early,w7_orders,19.769279861450197,1.2,0.0003552721666221,p56_early
p56_early,w30_days_search,19.75323982238769,1.4,0.0003549839123473,p56_early
p56_early,dlog_buyd_7_30,19.7383602142334,1.4,0.0003547165120846,p56_early
p56_early,trend_gmv_7_30,19.51018028259277,1.2,0.0003506159085593,p56_early
p56_early,w14_gmv_per_day,18.326500129699703,1.2,0.000329344086042,p56_early
p56_early,w90_presence_rate,16.986199951171876,1.2,0.0003052576574171,p56_early
p56_early,w14_days_cart,16.786459922790527,1.0,0.0003016681451465,p56_early
p56_early,w60_presence_rate,16.76826000213623,1.0,0.0003013410758102,p56_early
p56_early,w14_lgmv,16.44155979156494,0.8,0.0002954699721352,p56_early
p56_early,w30_gmv,16.06761989593506,1.0,0.000288749927812,p56_early
p56_early,w7_gmv,14.644059944152833,1.0,0.0002631672443794,p56_early
p56_early,w180_lgmv,14.352359962463378,1.0,0.0002579251270527,p56_early
p56_early,w30_presence_rate,12.989660263061523,0.6,0.0002334361584076,p56_early
p56_early,trend_gmv_7_14,12.526919937133789,0.8,0.0002251202885668,p56_early
p56_early,w60_gmv_cat,12.270339965820312,0.8,0.000220509310172,p56_early
p56_early,w30_days_buy,8.917219924926759,0.6,0.0001602506548128,p56_early
p56_early,w7_days_buy,8.66166000366211,0.4,0.0001556580076569,p56_early
p56_early,w14_days_presence_only,8.324980163574219,0.6,0.0001496075608483,p56_early
p56_early,dlog_buyd_7_14,8.256859970092773,0.6,0.0001483833782327,p56_early
p56_early,w30_cat_gmv_share,8.034239959716796,0.6,0.0001443826916132,p56_early
p56_early,w30_days_presence_only,7.268679809570313,0.4,0.0001306248706339,p56_early
p56_early,w60_lgmv,7.170740127563477,0.4,0.0001288648043458,p56_early
p56_early,w7_days_cart,7.127000045776367,0.4,0.0001280787547914,p56_early
p56_early,w7_carts,7.080119895935058,0.4,0.0001272362753222,p56_early
p56_early,w30_gmv_cat,6.544219970703125,0.4,0.0001176056601018,p56_early
p56_early,w7_gmv_per_day,6.2488397598266605,0.4,0.0001122974056671,p56_early
p56_early,w7_cat_gmv_share,6.08788013458252,0.4,0.0001094048129576,p56_early
p56_early,w7_days_presence_only,4.876599884033203,0.4,8.763699126583873e-05,p56_early
p56_early,w30_lgmv,4.757040023803711,0.4,8.548839046285238e-05,p56_early
p56_early,w14_cat_gmv_share,2.575979995727539,0.2,4.629273300147021e-05,p56_early
p56_early,w7_lgmv,2.135079956054688,0.2,3.836935321949781e-05,p56_early
p56_early,w14_gmv_cat,0.0,0.0,0.0,p56_early
p56_early,w14_gmv30eq,0.0,0.0,0.0,p56_early
p56_early,w180_gmv30eq,0.0,0.0,0.0,p56_early
p56_early,w30_gmv30eq,0.0,0.0,0.0,p56_early
p56_early,w60_gmv30eq,0.0,0.0,0.0,p56_early
p56_early,w7_gmv30eq,0.0,0.0,0.0,p56_early
p56_early,w90_gmv30eq,0.0,0.0,0.0,p56_early
p56_late,trend_pres_60_180,11257.167690467835,138.6,0.2050853096619,p56_late
p56_late,w180_days_cat,2493.008039855957,113.2,0.04541811403204,p56_late
p56_late,dlog_buyd_60_180,1720.820038986206,68.6,0.0313502401555876,p56_late
p56_late,w30_lgmv_mean,1445.9496154785156,54.0,0.0263425963616957,p56_late
p56_late,trend_srch_60_180,1247.5395797729493,29.2,0.0227279230502942,p56_late
p56_late,trend_pres_30_90,1136.988103485107,46.2,0.020713874368469,p56_late
p56_late,w180_ponly_share,1105.3269021987917,60.8,0.0201370643351984,p56_late
p56_late,rec_cat,1070.0823989868163,56.4,0.0194949729980294,p56_late
p56_late,dlog_buyd_30_90,955.8988859176636,25.4,0.0174147551510571,p56_late
p56_late,w60_days_present,884.8968795776367,24.0,0.0161212265426852,p56_late
p56_late,trend_srch_7_30,808.3616779327392,35.8,0.0147268930867955,p56_late
p56_late,w14_cart2ord,785.9934200286865,39.2,0.0143193837358657,p56_late
p56_late,w180_days_presence_only,775.7797590255738,42.6,0.014133309237626,p56_late
p56_late,trend_gmv_60_180,761.0672018051148,36.4,0.0138652729574139,p56_late
p56_late,w30_srch_per_day,735.0798194885253,42.4,0.0133918296814278,p56_late
p56_late,gap_cv,677.8717802047729,39.6,0.0123496022957957,p56_late
p56_late,w7_gmv_max,677.519199180603,22.6,0.0123431789048939,p56_late
p56_late,w30_days_present,618.3662799835205,20.4,0.0112655193119564,p56_late
p56_late,trend_pres_14_30,599.6288585662842,34.4,0.010924157258971,p56_late
p56_late,w180_buyday_rate,587.2772415161132,32.4,0.0106991330541966,p56_late
p56_late,buygap_std,574.981950378418,32.0,0.010475135006047,p56_late
p56_late,weekend_share,547.0166200637817,32.0,0.0099656570818413,p56_late
p56_late,w90_srch_per_day,542.5816604614258,31.2,0.009884860109779,p56_late
p56_late,trend_pres_30_60,534.1780818939209,32.4,0.0097317620517085,p56_late
p56_late,rec_buy,522.7855415344238,31.0,0.0095242104959614,p56_late
p56_late,w60_lgmv_std,520.2672998428345,32.0,0.0094783326702663,p56_late
p56_late,trend_gmv_30_90,512.0875989913941,19.0,0.00932931326075,p56_late
p56_late,w14_lgmv_mean,503.4299011230469,21.2,0.0091715856069466,p56_late
p56_late,w180_cart2ord,468.6283422470093,27.4,0.0085375639173832,p56_late
p56_late,w60_days_cat,455.4701013565064,22.8,0.0082978444797915,p56_late
p56_late,buygap_mean,454.79387950897217,27.8,0.0082855249362957,p56_late
p56_late,w90_lgmv_std,452.1955604553223,27.6,0.0082381882453651,p56_late
p56_late,w30_lgmv_std,451.4255802154541,27.2,0.0082241605929156,p56_late
p56_late,trend_srch_14_30,438.3075199127197,27.4,0.0079851731732268,p56_late
p56_late,rec_over_buygap,428.57951698303225,25.8,0.0078079464899185,p56_late
p56_late,trend_srch_30_90,405.1177581787109,23.2,0.007380515523098,p56_late
p56_late,w30_days_search,404.81511478424073,19.0,0.0073750019058207,p56_late
p56_late,w180_days_search,392.20876159667966,20.0,0.007145336867663,p56_late
p56_late,w14_aov,391.3438011169434,18.8,0.0071295788463996,p56_late
p56_late,w90_cart2ord,377.9498207092285,23.0,0.006885564659612,p56_late
p56_late,w30_aov,357.42971324920654,20.8,0.0065117252793656,p56_late
p56_late,trend_srch_7_14,336.99716091156006,18.8,0.0061394809956727,p56_late
p56_late,w7_srch2cart,332.7178995132446,20.6,0.0060615205643165,p56_late
p56_late,w7_cart2ord,302.4557594299316,16.0,0.0055101989050262,p56_late
p56_late,w90_days_cat,300.7475788116455,14.0,0.0054790789323393,p56_late
p56_late,w60_ponly_share,289.19049949645995,18.2,0.0052685297733222,p56_late
p56_late,w60_lgmv_mean,288.6319393157959,17.4,0.005258353813368,p56_late
p56_late,w90_srch2cart,280.63261966705323,18.4,0.005112620624314,p56_late
p56_late,w60_srch2cart,272.24000148773194,18.4,0.0049597222447653,p56_late
p56_late,dlog_gmv_60_180,264.2669998168945,12.0,0.0048144685218433,p56_late
p56_late,w60_days_search,262.5670192718506,13.0,0.0047834979397141,p56_late
p56_late,dlog_gmv_30_90,261.1237714767456,10.0,0.0047572045656509,p56_late
p56_late,w60_srch_per_day,259.84350032806395,16.4,0.0047338803323981,p56_late
p56_late,w7_lgmv_mean,251.13016033172607,11.8,0.004575138979291,p56_late
p56_late,trend_pres_7_30,249.68818016052245,15.2,0.0045488686990509,p56_late
p56_late,trend_pres_7_14,243.1056188583374,13.2,0.0044289462940422,p56_late
p56_late,w60_carts,235.4181402206421,14.6,0.0042888942862654,p56_late
p56_late,w30_carts,232.78535346984864,13.4,0.0042409296560043,p56_late
p56_late,w7_srch_per_day,222.1318689346313,14.4,0.004046842365581,p56_late
p56_late,w7_searches,208.3921630859375,11.8,0.0037965296842634,p56_late
p56_late,w14_gmv_max,204.86030044555665,10.4,0.0037321855114482,p56_late
p56_late,w180_srch_per_day,197.4966588973999,13.2,0.0035980332318813,p56_late
p56_late,rec_over_gap,195.53220081329343,11.6,0.0035622443455846,p56_late
p56_late,w30_ponly_share,195.15664043426517,12.4,0.0035554023122466,p56_late
p56_late,trend_srch_30_60,187.3738784790039,11.8,0.0034136144141262,p56_late
p56_late,w180_days_buy,187.10071868896483,9.8,0.0034086379349915,p56_late
p56_late,buygap_cv,177.6282642364502,12.6,0.0032360668844335,p56_late
p56_late,w7_carts,171.1281198501587,10.4,0.0031176459671153,p56_late
p56_late,gap_std,167.36391944885253,10.2,0.0030490690189737,p56_late
p56_late,w30_cart2ord,159.26148071289063,10.0,0.0029014571859734,p56_late
p56_late,w90_buyday_rate,157.96249942779542,10.2,0.0028777920877512,p56_late
p56_late,gap_max,157.94669971466064,9.4,0.0028775042454493,p56_late
p56_late,w14_ponly_share,151.6139808654785,10.0,0.0027621335197128,p56_late
p56_late,w60_cart2ord,147.65107975006103,9.4,0.002689936602623,p56_late
p56_late,w60_buyday_rate,140.47678031921387,9.2,0.0025592337952349,p56_late
p56_late,w90_lgmv_mean,139.56464023590087,9.2,0.002542616246613,p56_late
p56_late,w30_gmv_max,136.29106063842772,8.8,0.002482977525408,p56_late
p56_late,w7_aov,136.0194004058838,9.0,0.0024780283655086,p56_late
p56_late,rec_cart,130.75737953186035,9.0,0.0023821638274587,p56_late
p56_late,w90_searches,130.21939964294432,8.4,0.002372362803334,p56_late
p56_late,w14_srch2cart,129.42537956237794,8.8,0.0023578971883074,p56_late
p56_late,w90_ponly_share,128.60362014770507,8.6,0.0023429262126002,p56_late
p56_late,w14_orders,127.82381992340088,7.8,0.0023287196577301,p56_late
p56_late,w30_buyday_rate,127.47172012329102,7.6,0.0023223050338636,p56_late
p56_late,trend_gmv_30_60,125.84848022460938,6.4,0.0022927325280228,p56_late
p56_late,rec_search,124.59517459869384,8.0,0.0022698995580023,p56_late
p56_late,trend_gmv_14_30,124.15607986450196,7.6,0.0022619000432035,p56_late
p56_late,w60_gmv_max,121.92313346862792,8.0,0.0022212197836881,p56_late
p56_late,w180_days_present,121.75925979614256,7.0,0.0022182343006793,p56_late
p56_late,w14_days_present,121.23565979003908,5.8,0.0022086952521066,p56_late
p56_late,w90_days_present,120.95951995849607,6.8,0.0022036644819858,p56_late
p56_late,w30_orders,119.36952133178713,6.8,0.0021746975722189,p56_late
p56_late,w90_carts,117.83795967102051,6.8,0.0021467952786668,p56_late
p56_late,w60_days_presence_only,116.52528057098388,6.8,0.0021228806309402,p56_late
p56_late,w180_orders,112.53772144317628,7.2,0.0020502344892989,p56_late
p56_late,w180_aov,110.6130002975464,7.8,0.0020151695384144,p56_late
p56_late,w14_lgmv_std,110.44396018981934,7.2,0.0020120899322655,p56_late
p56_late,w180_carts,107.55319995880129,7.2,0.0019594254900685,p56_late
p56_late,w60_aov,106.76760025024414,7.4,0.0019451132790462,p56_late
p56_late,w60_days_cart,106.66300067901612,7.0,0.0019432076633491,p56_late
p56_late,w180_gmv_per_day,105.21831932067872,6.4,0.0019168881723471,p56_late
p56_late,w180_lgmv_mean,105.0440019607544,7.4,0.0019137124241729,p56_late
p56_late,w14_searches,102.04813995361329,6.6,0.0018591332170106,p56_late
p56_late,w90_days_buy,98.81713981628418,5.6,0.0018002702168402,p56_late
p56_late,rec_any,95.68448028564453,6.2,0.0017431988053119,p56_late
p56_late,w14_days_search,94.82047958374024,5.2,0.001727458269471,p56_late
p56_late,w30_gmv_per_day,94.69225978851318,5.4,0.0017251223358568,p56_late
p56_late,w90_gmv_max,94.61097660064698,6.6,0.0017236415026479,p56_late
p56_late,w30_days_cat,93.86273918151856,5.2,0.0017100099652114,p56_late
p56_late,w180_srch2cart,92.25188064575195,6.4,0.0016806630254914,p56_late
p56_late,w180_searches,91.76119995117188,6.0,0.0016717237074534,p56_late
p56_late,w7_days_present,91.44991931915284,3.6,0.0016660527352724,p56_late
p56_late,w14_srch_per_day,90.19019966125488,6.4,0.0016431029131474,p56_late
p56_late,w180_lgmv_std,88.55446033477783,6.0,0.0016133026902565,p56_late
p56_late,w14_carts,82.30944023132324,4.8,0.0014995296776321,p56_late
p56_late,w90_days_search,81.86568031311035,4.8,0.0014914451715872,p56_late
p56_late,dlog_gmv_7_14,80.88560066223144,5.2,0.0014735898864728,p56_late
p56_late,gap_mean,79.88069953918458,5.0,0.0014552823988644,p56_late
p56_late,w90_orders,79.75487937927247,4.6,0.0014529901822814,p56_late
p56_late,dlog_gmv_30_60,79.61181945800782,5.2,0.001450383888313,p56_late
p56_late,w90_aov,73.22258033752442,5.4,0.0013339834650842,p56_late
p56_late,w90_days_presence_only,72.67522048950195,4.2,0.0013240115550074,p56_late
p56_late,w7_lgmv_std,72.6336805343628,4.6,0.0013232547718807,p56_late
p56_late,w14_gmv_per_day,71.30419960021973,4.2,0.0012990340250139,p56_late
p56_late,w30_srch2cart,71.13197975158691,5.4,0.0012958964897156,p56_late
p56_late,w14_gmv,70.88305950164795,4.4,0.0012913616113214,p56_late
p56_late,w14_days_presence_only,69.47315998077393,4.2,0.0012656757827204,p56_late
p56_late,w180_cat_gmv_share,66.89585971832275,4.6,0.001218722016289,p56_late
p56_late,w7_gmv,62.03412017822266,4.0,0.0011301498828277,p56_late
p56_late,dlog_buyd_14_30,56.50546016693115,3.8,0.0010294276601863,p56_late
p56_late,w180_gmv_max,54.78730030059815,4.2,0.0009981258835827,p56_late
p56_late,w90_gmv,54.482460021972656,3.4,0.0009925722430349,p56_late
p56_late,dlog_gmv_7_30,54.18587913513184,3.6,0.0009871690737218,p56_late
p56_late,w14_buyday_rate,52.727480506896974,3.6,0.0009605996787811,p56_late
p56_late,w90_days_cart,52.124819946289065,3.2,0.0009496202893741,p56_late
p56_late,w90_gmv_per_day,51.052119445800784,3.6,0.0009300776192846,p56_late
p56_late,w90_presence_rate,49.35993976593018,2.4,0.0008992491548616,p56_late
p56_late,w30_searches,48.14825172424317,3.4,0.0008771743822299,p56_late
p56_late,dlog_buyd_30_60,47.84792003631592,3.0,0.0008717028800801,p56_late
p56_late,w180_gmv,47.44335994720459,3.0,0.0008643325242824,p56_late
p56_late,w60_gmv_per_day,46.99420013427734,3.0,0.0008561496418866,p56_late
p56_late,dlog_buyd_7_14,46.395379829406735,2.8,0.0008452402150189,p56_late
p56_late,dlog_gmv_14_30,44.89835968017578,3.2,0.0008179672055624,p56_late
p56_late,w60_searches,44.78416004180908,3.2,0.0008158866939416,p56_late
p56_late,w180_days_cart,44.50423927307129,2.8,0.0008107870419584,p56_late
p56_late,w180_gmv_cat,44.07007999420166,3.0,0.0008028774422618,p56_late
p56_late,w60_gmv,41.90844020843506,2.8,0.0007634962606865,p56_late
p56_late,w30_days_presence_only,41.6494800567627,2.2,0.0007587784733748,p56_late
p56_late,w60_presence_rate,40.96794052124024,2.2,0.0007463620511865,p56_late
p56_late,w60_cat_gmv_share,37.07776012420654,2.4,0.0006754899745414,p56_late
p56_late,w30_gmv,35.117279815673825,2.0,0.0006397735561476,p56_late
p56_late,w60_orders,34.80107955932617,2.4,0.0006340129572766,p56_late
p56_late,w60_gmv_cat,34.04398059844971,2.4,0.0006202199785181,p56_late
p56_late,w30_presence_rate,33.55359783172607,1.2,0.0006112860881887,p56_late
p56_late,trend_gmv_7_14,32.87941989898682,2.4,0.0005990037811373,p56_late
p56_late,w30_days_cart,32.09142017364502,2.2,0.000584647846134,p56_late
p56_late,w180_presence_rate,29.22196025848389,1.6,0.0005323714573083,p56_late
p56_late,w60_lgmv,27.02374038696289,1.6,0.0004923238524887,p56_late
p56_late,w14_days_cart,26.62805976867676,1.6,0.0004851152646485,p56_late
p56_late,w7_cat_gmv_share,26.447319793701173,1.6,0.0004818225080018,p56_late
p56_late,w60_days_buy,21.000160026550294,1.4,0.0003825850729434,p56_late
p56_late,w7_ponly_share,20.19876003265381,1.4,0.0003679850091947,p56_late
p56_late,w7_days_search,18.667640113830565,1.2,0.0003400907633847,p56_late
p56_late,trend_gmv_7_30,18.50606002807617,1.4,0.0003371470653931,p56_late
p56_late,w14_presence_rate,17.67678031921387,0.8,0.0003220390834775,p56_late
p56_late,w7_buyday_rate,16.598720169067384,1.2,0.0003023987702294,p56_late
p56_late,w7_days_presence_only,14.406839942932129,1.0,0.0002624666623246,p56_late
p56_late,w90_gmv_cat,14.394219589233398,1.0,0.0002622367422223,p56_late
p56_late,w14_cat_gmv_share,14.00265998840332,1.0,0.000255103231894,p56_late
p56_late,dlog_buyd_7_30,13.920980072021484,1.0,0.0002536151710065,p56_late
p56_late,w7_lgmv,13.001579856872558,0.8,0.0002368653558655,p56_late
p56_late,w7_presence_rate,12.020279693603516,0.4,0.0002189878352147,p56_late
p56_late,w14_days_cat,11.741180419921877,0.8,0.0002139031493911,p56_late
p56_late,w7_days_cat,10.664440155029297,0.8,0.0001942868820739,p56_late
p56_late,w14_lgmv,10.29523983001709,0.6,0.0001875607174591,p56_late
p56_late,w90_cat_gmv_share,9.876919937133788,0.8,0.0001799396828323,p56_late
p56_late,w30_gmv_cat,8.676560020446777,0.6,0.0001580712882246,p56_late
p56_late,w30_cat_gmv_share,8.4464599609375,0.6,0.0001538792797856,p56_late
p56_late,w90_lgmv,6.936100006103516,0.4,0.0001263632431097,p56_late
p56_late,w60_gmv30eq,5.903660011291504,0.4,0.0001075540468833,p56_late
p56_late,w7_gmv_per_day,5.765279960632324,0.4,0.0001050330117241,p56_late
p56_late,w7_days_cart,5.144539833068848,0.4,9.372424518702864e-05,p56_late
p56_late,w30_days_buy,3.488779830932617,0.2,6.355928166326107e-05,p56_late
p56_late,w180_lgmv,3.1215200424194336,0.2,5.6868470126592913e-05,p56_late
p56_late,w7_gmv_cat,2.838339996337891,0.2,5.1709439983524057e-05,p56_late
p56_late,w7_orders,2.768840026855469,0.2,5.044327577999493e-05,p56_late
p56_late,w14_days_buy,2.520260047912598,0.2,4.591459651012712e-05,p56_late
p56_late,w7_gmv30eq,2.49507999420166,0.2,4.545586130651248e-05,p56_late
p56_late,w14_gmv_cat,0.0,0.0,0.0,p56_late
p56_late,w14_gmv30eq,0.0,0.0,0.0,p56_late
p56_late,w180_gmv30eq,0.0,0.0,0.0,p56_late
p56_late,w30_gmv30eq,0.0,0.0,0.0,p56_late
p56_late,w30_lgmv,0.0,0.0,0.0,p56_late
p56_late,w7_days_buy,0.0,0.0,0.0,p56_late
p56_late,w90_gmv30eq,0.0,0.0,0.0,p56_late
p105_max,w180_days_cat,11044.264381980896,276.6,0.1181989018545223,p105_max
p105_max,trend_pres_60_180,8484.527123260497,41.4,0.0908038556520346,p105_max
p105_max,w180_days_presence_only,6784.667193412781,151.0,0.0726114645551394,p105_max
p105_max,w90_days_cat,6134.573171615601,146.0,0.06565397088956,p105_max
p105_max,w180_ponly_share,5035.820614433289,129.0,0.0538948042147123,p105_max
p105_max,trend_pres_30_90,3399.8780628204345,66.2,0.0363864753292494,p105_max
p105_max,trend_srch_60_180,3284.522015762329,31.4,0.035151901652546,p105_max
p105_max,gap_cv,2806.5245769500734,89.8,0.0300362352393929,p105_max
p105_max,rec_cat,2767.628964805603,80.6,0.0296199631832896,p105_max
p105_max,weekend_share,2604.509161758423,72.0,0.0278742080180692,p105_max
p105_max,w7_days_present,2418.862903213501,15.8,0.0258873682309656,p105_max
p105_max,dlog_buyd_30_90,2119.0997926712034,46.6,0.0226792169900008,p105_max
p105_max,w90_ponly_share,2081.785697555542,64.8,0.0222798707851452,p105_max
p105_max,w180_buyday_rate,2055.7741607666017,45.0,0.0220014878184156,p105_max
p105_max,w30_lgmv_mean,1913.8758422851563,61.8,0.0204828510998964,p105_max
p105_max,w7_searches,1618.039719772339,33.6,0.0173167276171078,p105_max
p105_max,w7_lgmv_mean,1099.3814422607422,16.2,0.0117658971842861,p105_max
p105_max,w90_days_presence_only,1042.4367610931397,36.2,0.0111564587873343,p105_max
p105_max,w90_srch_per_day,1006.3555194854736,36.2,0.010770306936195,p105_max
p105_max,dlog_gmv_30_90,835.1382818222046,22.2,0.0089378906909463,p105_max
p105_max,w180_orders,764.0537826538086,25.2,0.0081771238847576,p105_max
p105_max,w14_searches,751.211757850647,24.0,0.0080396848325199,p105_max
p105_max,w90_orders,741.8575399398803,18.8,0.0079395732952984,p105_max
p105_max,rec_over_gap,718.636100769043,18.0,0.0076910507577582,p105_max
p105_max,w30_lgmv_std,693.2717624664307,29.8,0.0074195942958388,p105_max
p105_max,w30_srch2cart,671.483842086792,30.0,0.0071864136897344,p105_max
p105_max,w7_srch_per_day,628.6162006378174,14.6,0.0067276318307426,p105_max
p105_max,w90_cart2ord,627.3404811859131,24.6,0.0067139787133349,p105_max
p105_max,w30_aov,627.229998588562,22.6,0.0067127962967221,p105_max
p105_max,trend_gmv_30_90,599.3564020156861,21.4,0.0064144850292895,p105_max
p105_max,w30_days_present,596.8386989593506,13.2,0.0063875398452408,p105_max
p105_max,dlog_buyd_60_180,594.0682998657227,27.6,0.0063578902353401,p105_max
p105_max,w90_buyday_rate,545.2069595336914,16.4,0.0058349620827138,p105_max
p105_max,trend_srch_7_30,513.4522811889649,16.2,0.0054951143591104,p105_max
p105_max,w14_lgmv_mean,479.4549180984497,11.4,0.005131264776715,p105_max
p105_max,w180_srch_per_day,456.60017986297606,18.2,0.0048866667783174,p105_max
p105_max,w180_cart2ord,455.57105960845945,18.6,0.0048756528366231,p105_max
p105_max,buygap_cv,407.5686201095581,18.0,0.0043619168883633,p105_max
p105_max,rec_any,406.01117916107177,10.0,0.0043452487062692,p105_max
p105_max,w14_ponly_share,383.89209880828855,17.2,0.0041085239306476,p105_max
p105_max,w7_presence_rate,371.4932361602784,3.2,0.0039758277275731,p105_max
p105_max,w7_gmv_max,356.62906017303465,7.2,0.003816747030308,p105_max
p105_max,gap_max,345.3375389099121,15.6,0.0036959019140189,p105_max
p105_max,buygap_mean,322.65349941253663,13.4,0.0034531307827348,p105_max
p105_max,trend_pres_7_14,318.721559715271,9.0,0.0034110500303822,p105_max
p105_max,trend_pres_7_30,313.4310396194458,9.2,0.0033544293588791,p105_max
p105_max,dlog_gmv_30_60,308.77111968994143,9.2,0.0033045575521795,p105_max
p105_max,trend_gmv_30_60,297.9468801498413,11.2,0.0031887134196234,p105_max
p105_max,w14_days_search,273.26496028900146,9.0,0.0029245603966324,p105_max
p105_max,w90_days_buy,272.0685214996338,4.0,0.0029117557637344,p105_max
p105_max,w90_searches,267.7398603439331,9.6,0.0028654291839453,p105_max
p105_max,w180_carts,256.03237972259524,11.2,0.0027401323506693,p105_max
p105_max,rec_search,250.4900405883789,9.4,0.0026808166392093,p105_max
p105_max,w180_days_buy,247.19858264923096,8.8,0.0026455905073048,p105_max
p105_max,w14_days_cat,232.42147941589357,8.8,0.0024874416877581,p105_max
p105_max,dlog_buyd_30_60,221.6820394515991,7.6,0.002372505104713,p105_max
p105_max,w14_aov,218.6251600265503,10.6,0.0023397894997034,p105_max
p105_max,w14_srch_per_day,217.17562046051023,8.4,0.0023242761093159,p105_max
p105_max,w7_days_search,216.7178005218506,6.8,0.0023193763883272,p105_max
p105_max,w180_lgmv_std,209.59360027313232,10.8,0.0022431311431152,p105_max
p105_max,w90_srch2cart,209.26074028015137,10.6,0.0022395687794954,p105_max
p105_max,w180_aov,207.56386051177975,10.8,0.0022214082829459,p105_max
p105_max,w14_gmv_max,206.4661602020264,5.8,0.0022096603777265,p105_max
p105_max,w60_srch2cart,202.5041015625,9.8,0.0021672572837695,p105_max
p105_max,w180_cat_gmv_share,194.79594078063965,9.2,0.002084762324556,p105_max
p105_max,w60_days_present,192.9004196166992,7.0,0.002064475910516,p105_max
p105_max,w180_lgmv_mean,189.79652061462403,9.6,0.0020312570884358,p105_max
p105_max,trend_pres_30_60,188.06452045440676,7.4,0.0020127207233263,p105_max
p105_max,w30_searches,174.8339204788208,7.0,0.0018711230275538,p105_max
p105_max,w30_gmv_per_day,173.88316116333007,5.6,0.0018609477272231,p105_max
p105_max,trend_srch_14_30,165.17817916870118,8.2,0.001767784499973,p105_max
p105_max,trend_srch_7_14,162.34428062438965,7.8,0.001737455300642,p105_max
p105_max,trend_srch_30_60,157.97436008453369,7.0,0.0016906871510272,p105_max
p105_max,rec_buy,154.7524211883545,7.8,0.0016562050319653,p105_max
p105_max,w90_lgmv_std,153.84138069152831,7.8,0.0016464548138841,p105_max
p105_max,w30_days_search,151.10248184204102,6.2,0.0016171423286789,p105_max
p105_max,w60_lgmv_std,149.83134002685546,7.6,0.0016035382024592,p105_max
p105_max,w180_gmv_cat,148.3012195587158,7.0,0.0015871624120231,p105_max
p105_max,w14_lgmv_std,144.77093982696533,6.4,0.0015493803404337,p105_max
p105_max,w30_ponly_share,142.4100383758545,6.2,0.0015241132923755,p105_max
p105_max,trend_pres_14_30,136.49132022857663,7.4,0.0014607694641947,p105_max
p105_max,w60_lgmv_mean,131.2439790725708,5.8,0.0014046109061555,p105_max
p105_max,w180_srch2cart,130.39689979553222,6.0,0.0013955452194908,p105_max
p105_max,rec_cart,130.27179985046388,7.2,0.0013942063638081,p105_max
p105_max,w14_days_present,127.11195793151856,3.8,0.0013603888245012,p105_max
p105_max,w180_days_present,121.85411987304688,5.4,0.0013041179255852,p105_max
p105_max,rec_over_buygap,119.61038093566894,5.8,0.0012801047845308,p105_max
p105_max,w30_presence_rate,116.19255981445312,2.6,0.001243526277417,p105_max
p105_max,w7_days_cat,112.71602020263671,4.2,0.0012063193480862,p105_max
p105_max,gap_std,104.00224056243896,5.2,0.0011130619658966,p105_max
p105_max,w90_lgmv_mean,100.03458099365234,5.4,0.0010705989291797,p105_max
p105_max,w180_days_search,98.96071968078611,5.4,0.0010591061557785,p105_max
p105_max,w60_days_search,97.55396041870117,4.0,0.001044050612539,p105_max
p105_max,w7_lgmv_std,94.29025974273682,4.2,0.0010091215468684,p105_max
p105_max,trend_gmv_60_180,84.80265998840332,4.8,0.0009075825186986,p105_max
p105_max,buygap_std,77.73652019500733,3.8,0.0008319586532203,p105_max
p105_max,w14_days_presence_only,75.4594202041626,3.2,0.0008075884725525,p105_max
p105_max,dlog_gmv_7_30,74.33972034454345,3.8,0.0007956051218072,p105_max
p105_max,w60_aov,73.66600036621094,4.2,0.0007883947763426,p105_max
p105_max,w60_searches,72.5640209197998,2.6,0.0007766010745688,p105_max
p105_max,w60_cart2ord,71.93341884613037,3.6,0.0007698521893523,p105_max
p105_max,w90_gmv_max,70.87628002166748,4.0,0.0007585383848437,p105_max
p105_max,w7_aov,69.00430030822754,3.4,0.0007385039181948,p105_max
p105_max,w30_gmv_max,66.1845006942749,2.6,0.0007083256096817,p105_max
p105_max,w90_carts,61.54135971069336,3.2,0.0006586333760993,p105_max
p105_max,w60_presence_rate,61.240499877929686,1.6,0.0006554134874209,p105_max
p105_max,w180_searches,60.05810031890869,3.2,0.0006427591064141,p105_max
p105_max,w60_days_cat,58.67456035614013,2.2,0.0006279520628107,p105_max
p105_max,w30_buyday_rate,58.01195983886719,3.2,0.0006208607210245,p105_max
p105_max,w90_gmv_cat,57.78036022186279,3.0,0.0006183820751453,p105_max
p105_max,w14_gmv,51.73699989318848,2.6,0.0005537042904006,p105_max
p105_max,w30_carts,49.8835599899292,2.8,0.000533868242146,p105_max
p105_max,w60_days_presence_only,49.24960021972656,1.6,0.000527083421893,p105_max
p105_max,w180_days_cart,48.99540004730225,2.4,0.0005243628983531,p105_max
p105_max,w30_days_presence_only,48.64240016937256,2.2,0.0005205849918776,p105_max
p105_max,w180_gmv_per_day,45.389760398864745,2.2,0.0004857743032065,p105_max
p105_max,w60_srch_per_day,43.613480758667,2.0,0.000466764046335,p105_max
p105_max,gap_mean,41.59485988616943,2.4,0.0004451601837202,p105_max
p105_max,w14_cart2ord,41.18072032928467,2.2,0.0004407279427719,p105_max
p105_max,w30_cart2ord,41.11909999847412,2.4,0.0004400684642243,p105_max
p105_max,dlog_gmv_14_30,39.5342399597168,2.2,0.0004231068351202,p105_max
p105_max,trend_srch_30_90,39.27168006896973,2.4,0.0004202968434645,p105_max
p105_max,w14_srch2cart,38.02726039886475,2.0,0.0004069787053463,p105_max
p105_max,w60_ponly_share,37.239319801330566,2.0,0.0003985459378813,p105_max
p105_max,w180_gmv_max,36.39052028656006,2.0,0.0003894618407364,p105_max
p105_max,w90_gmv_per_day,34.48741989135742,1.4,0.0003690943115781,p105_max
p105_max,w90_cat_gmv_share,34.09537944793701,1.6,0.000364898581714,p105_max
p105_max,w60_orders,33.68162021636963,1.4,0.0003604704111168,p105_max
p105_max,w60_gmv_max,33.37021980285645,1.8,0.000357137714104,p105_max
p105_max,w7_ponly_share,32.62712001800537,1.6,0.0003491848459455,p105_max
p105_max,trend_gmv_14_30,32.44010009765625,1.4,0.0003471833048337,p105_max
p105_max,w90_aov,30.772460174560543,1.6,0.0003293357415392,p105_max
p105_max,w30_days_cat,30.43942031860352,1.2,0.000325771452974,p105_max
p105_max,w30_days_cart,28.762600135803225,1.6,0.0003078256398931,p105_max
p105_max,dlog_gmv_60_180,27.13896026611328,1.4,0.0002904489778569,p105_max
p105_max,dlog_gmv_7_14,26.770999908447266,1.4,0.0002865109600136,p105_max
p105_max,w60_buyday_rate,26.452459716796877,1.6,0.0002831018510365,p105_max
p105_max,w7_srch2cart,24.27828025817871,1.4,0.0002598331555802,p105_max
p105_max,w60_carts,24.1877799987793,1.2,0.0002588645957098,p105_max
p105_max,w7_cart2ord,23.340480041503906,1.6,0.0002497965472616,p105_max
p105_max,w90_days_cart,23.0243200302124,1.2,0.000246412911661,p105_max
p105_max,w60_days_cart,22.171060180664064,1.4,0.0002372810787272,p105_max
p105_max,w60_gmv,21.172679901123047,1.0,0.0002265961251084,p105_max
p105_max,w90_days_search,20.82913990020752,1.2,0.0002229194609643,p105_max
p105_max,w14_presence_rate,20.792320251464844,0.8,0.0002225254064671,p105_max
p105_max,dlog_buyd_14_30,20.728199768066407,1.2,0.0002218391705656,p105_max
p105_max,w7_carts,19.84934005737305,1.0,0.0002124333605365,p105_max
p105_max,w90_days_present,19.216080093383788,1.2,0.0002056560298114,p105_max
p105_max,w180_presence_rate,19.10706043243408,0.8,0.0002044892699659,p105_max
p105_max,trend_gmv_7_14,18.60192012786865,1.0,0.0001990831127772,p105_max
p105_max,w30_gmv,16.561779975891113,0.8,0.0001772489446287,p105_max
p105_max,w90_gmv,15.896240234375,0.8,0.0001701261464171,p105_max
p105_max,w180_gmv,15.067399787902833,0.8,0.000161255656976,p105_max
p105_max,w30_srch_per_day,14.561540031433106,1.0,0.0001558418000056,p105_max
p105_max,w60_gmv_cat,13.324680137634278,0.8,0.0001426045687932,p105_max
p105_max,w7_gmv_per_day,12.99381980895996,0.6,0.0001390636061574,p105_max
p105_max,w7_days_buy,11.549919891357424,0.4,0.0001236105729136,p105_max
p105_max,w60_days_buy,10.575679969787595,0.6,0.0001131839763663,p105_max
p105_max,w7_days_presence_only,10.474080085754396,0.6,0.0001120966251127,p105_max
p105_max,dlog_buyd_7_30,10.400759887695312,0.6,0.0001113119312123,p105_max
p105_max,w30_lgmv,9.90996036529541,0.6,0.0001060592532093,p105_max
p105_max,w14_days_buy,9.058760070800782,0.4,9.694946222757852e-05,p105_max
p105_max,w14_buyday_rate,7.866619873046875,0.4,8.419083409648779e-05,p105_max
p105_max,w90_lgmv,7.688440132141113,0.4,8.228390313401051e-05,p105_max
p105_max,w7_days_cart,7.681519889831543,0.4,8.220984070547133e-05,p105_max
p105_max,w7_gmv,7.445219802856445,0.4,7.968088904127953e-05,p105_max
p105_max,w60_gmv_per_day,7.05702018737793,0.4,7.552626482522301e-05,p105_max
p105_max,w180_lgmv,6.463420104980469,0.4,6.917338558823126e-05,p105_max
p105_max,w14_carts,5.518680000305176,0.4,5.906250458716295e-05,p105_max
p105_max,w14_lgmv,4.430279922485352,0.2,4.741413313142588e-05,p105_max
p105_max,w14_orders,4.245339965820312,0.2,4.543485239069176e-05,p105_max
p105_max,dlog_buyd_7_14,4.070859909057617,0.2,4.356751651465885e-05,p105_max
p105_max,w7_lgmv,3.569480133056641,0.2,3.820160558698577e-05,p105_max
p105_max,w30_orders,3.5617000579833986,0.2,3.811834098029062e-05,p105_max
p105_max,w60_cat_gmv_share,3.315420150756836,0.2,3.548258240224468e-05,p105_max
p105_max,trend_gmv_7_30,3.2158599853515626,0.2,3.441706080548196e-05,p105_max
p105_max,w30_gmv_cat,3.160860061645508,0.2,3.382843576362361e-05,p105_max
p105_max,w7_buyday_rate,3.000219917297364,0.2,3.210921862077058e-05,p105_max
p105_max,w14_gmv_per_day,2.527120018005371,0.2,2.704596708769121e-05,p105_max
p105_max,w14_gmv30eq,0.0,0.0,0.0,p105_max
p105_max,w14_gmv_cat,0.0,0.0,0.0,p105_max
p105_max,w14_cat_gmv_share,0.0,0.0,0.0,p105_max
p105_max,w14_days_cart,0.0,0.0,0.0,p105_max
p105_max,w30_gmv30eq,0.0,0.0,0.0,p105_max
p105_max,w30_days_buy,0.0,0.0,0.0,p105_max
p105_max,w180_gmv30eq,0.0,0.0,0.0,p105_max
p105_max,w30_cat_gmv_share,0.0,0.0,0.0,p105_max
p105_max,w7_gmv30eq,0.0,0.0,0.0,p105_max
p105_max,w7_gmv_cat,0.0,0.0,0.0,p105_max
p105_max,w7_cat_gmv_share,0.0,0.0,0.0,p105_max
p105_max,w60_gmv30eq,0.0,0.0,0.0,p105_max
p105_max,w60_lgmv,0.0,0.0,0.0,p105_max
p105_max,w7_orders,0.0,0.0,0.0,p105_max
p105_max,w90_gmv30eq,0.0,0.0,0.0,p105_max
p105_max,w90_presence_rate,0.0,0.0,0.0,p105_max
real_20251016_to_20260213,trend_pres_30_90,13552.56561050415,177.4,0.117968266927819,real_20251016_to_20260213
real_20251016_to_20260213,trend_pres_30_60,8715.278502845764,176.4,0.0758621157293734,real_20251016_to_20260213
real_20251016_to_20260213,w30_aov,6493.284781455994,19.6,0.0565207780099911,real_20251016_to_20260213
real_20251016_to_20260213,w60_days_cart,6414.409797859192,175.0,0.0558342109505657,real_20251016_to_20260213
real_20251016_to_20260213,w90_cart2ord,6303.1866687774655,91.8,0.0548660695552648,real_20251016_to_20260213
real_20251016_to_20260213,trend_pres_60_180,5135.114421653748,59.4,0.0446985881646661,real_20251016_to_20260213
real_20251016_to_20260213,trend_srch_30_90,4294.447562789917,45.0,0.0373810059994889,real_20251016_to_20260213
real_20251016_to_20260213,w60_carts,4037.7747814178474,107.2,0.0351467985397192,real_20251016_to_20260213
real_20251016_to_20260213,w90_carts,3755.5485866546633,91.2,0.0326901614693153,real_20251016_to_20260213
real_20251016_to_20260213,w180_lgmv_mean,3056.978487586975,57.8,0.0266094601258931,real_20251016_to_20260213
real_20251016_to_20260213,rec_cart,2334.0355337142946,45.0,0.0203166053405278,real_20251016_to_20260213
real_20251016_to_20260213,weekend_share,2333.557780456543,74.4,0.0203124467387209,real_20251016_to_20260213
real_20251016_to_20260213,w90_days_present,2162.9808992385865,62.4,0.018827660785009,real_20251016_to_20260213
real_20251016_to_20260213,w180_days_present,2056.0502565383917,47.0,0.0178968833246112,real_20251016_to_20260213
real_20251016_to_20260213,rec_cat,1907.488464546204,46.4,0.0166037276493916,real_20251016_to_20260213
real_20251016_to_20260213,w180_lgmv_std,1825.436816596985,46.6,0.0158895093245868,real_20251016_to_20260213
real_20251016_to_20260213,w90_lgmv_mean,1821.756045913696,34.8,0.0158574700671543,real_20251016_to_20260213
real_20251016_to_20260213,w60_cart2ord,1791.5299236297608,34.0,0.0155943668759017,real_20251016_to_20260213
real_20251016_to_20260213,dlog_buyd_60_180,1499.3001747131348,26.0,0.0130506538982108,real_20251016_to_20260213
real_20251016_to_20260213,w180_days_buy,1467.519199371338,30.4,0.0127740164931544,real_20251016_to_20260213
real_20251016_to_20260213,w60_lgmv_mean,1442.3252202987671,27.6,0.0125547155774736,real_20251016_to_20260213
real_20251016_to_20260213,w60_srch2cart,1358.117179107666,43.0,0.0118217269341277,real_20251016_to_20260213
real_20251016_to_20260213,gap_cv,1266.2637588500977,27.2,0.0110221891115046,real_20251016_to_20260213
real_20251016_to_20260213,w60_aov,1198.6059562683106,16.8,0.0104332619707622,real_20251016_to_20260213
real_20251016_to_20260213,rec_search,1150.4159936904907,20.6,0.0100137925852596,real_20251016_to_20260213
real_20251016_to_20260213,w180_cart2ord,1129.1595232009888,29.0,0.0098287657012942,real_20251016_to_20260213
real_20251016_to_20260213,w30_lgmv_mean,1097.5857734680176,12.2,0.0095539320909316,real_20251016_to_20260213
real_20251016_to_20260213,w30_days_presence_only,1076.5023777008057,21.8,0.00937041173537,real_20251016_to_20260213
real_20251016_to_20260213,w14_days_presence_only,897.2239784240722,20.0,0.0078098834436731,real_20251016_to_20260213
real_20251016_to_20260213,rec_over_gap,855.3026420593262,20.6,0.0074449792963422,real_20251016_to_20260213
real_20251016_to_20260213,w90_days_presence_only,816.1270826339721,23.4,0.0071039757561893,real_20251016_to_20260213
real_20251016_to_20260213,w180_days_cart,803.2320388793945,29.6,0.0069917308862949,real_20251016_to_20260213
real_20251016_to_20260213,w90_presence_rate,779.8846366882324,18.6,0.0067885034935698,real_20251016_to_20260213
real_20251016_to_20260213,w90_lgmv_std,734.3745801925659,21.6,0.0063923613425649,real_20251016_to_20260213
real_20251016_to_20260213,w90_days_search,723.241360282898,26.2,0.0062954522630728,real_20251016_to_20260213
real_20251016_to_20260213,gap_std,710.7267621994018,15.4,0.0061865189813875,real_20251016_to_20260213
real_20251016_to_20260213,w60_days_search,596.0546394348145,12.0,0.0051883558308628,real_20251016_to_20260213
real_20251016_to_20260213,w60_days_present,590.5204603195191,16.2,0.0051401835852628,real_20251016_to_20260213
real_20251016_to_20260213,w30_ponly_share,578.9267986297607,13.4,0.0050392665916695,real_20251016_to_20260213
real_20251016_to_20260213,w180_days_search,578.6613794326782,15.8,0.0050369562510603,real_20251016_to_20260213
real_20251016_to_20260213,w60_lgmv_std,542.0925422668457,20.0,0.0047186429170392,real_20251016_to_20260213
real_20251016_to_20260213,w180_buyday_rate,520.5050214767456,17.2,0.0045307344067198,real_20251016_to_20260213
real_20251016_to_20260213,w180_days_cat,477.320559501648,17.0,0.0041548353862816,real_20251016_to_20260213
real_20251016_to_20260213,w90_days_cart,449.9324012756348,14.6,0.0039164352447052,real_20251016_to_20260213
real_20251016_to_20260213,w180_aov,443.4320615768432,12.4,0.0038598530571883,real_20251016_to_20260213
real_20251016_to_20260213,w90_aov,441.88542137146,11.2,0.0038463903321343,real_20251016_to_20260213
real_20251016_to_20260213,w30_gmv_max,435.0553398132324,14.8,0.0037869379075856,real_20251016_to_20260213
real_20251016_to_20260213,w30_cart2ord,424.0419208526611,12.2,0.0036910716350976,real_20251016_to_20260213
real_20251016_to_20260213,w30_days_cart,412.7432388305664,12.6,0.0035927222911415,real_20251016_to_20260213
real_20251016_to_20260213,gap_max,400.7803188323975,13.8,0.0034885910897042,real_20251016_to_20260213
real_20251016_to_20260213,trend_srch_60_180,395.028762626648,11.8,0.0034385266858688,real_20251016_to_20260213
real_20251016_to_20260213,trend_gmv_30_90,391.9887788772583,8.2,0.0034120651563908,real_20251016_to_20260213
real_20251016_to_20260213,w180_orders,384.3145214080811,11.8,0.0033452646051435,real_20251016_to_20260213
real_20251016_to_20260213,w60_srch_per_day,360.3853006362915,15.2,0.003136972774319,real_20251016_to_20260213
real_20251016_to_20260213,dlog_gmv_30_60,359.7050998687744,11.8,0.0031310519687673,real_20251016_to_20260213
real_20251016_to_20260213,w60_gmv_max,355.0310989379883,11.2,0.0030903671416083,real_20251016_to_20260213
real_20251016_to_20260213,gap_mean,330.9061813354492,9.6,0.0028803718683043,real_20251016_to_20260213
real_20251016_to_20260213,w30_carts,318.50131874084474,11.8,0.0027723937788547,real_20251016_to_20260213
real_20251016_to_20260213,trend_srch_30_60,291.0407991409302,8.6,0.002533363767915,real_20251016_to_20260213
real_20251016_to_20260213,w60_days_cat,264.8809593200684,9.0,0.002305655520232,real_20251016_to_20260213
real_20251016_to_20260213,w180_srch2cart,259.1900405883789,10.2,0.0022561189351087,real_20251016_to_20260213
real_20251016_to_20260213,w60_ponly_share,253.77322006225583,6.0,0.002208968236998,real_20251016_to_20260213
real_20251016_to_20260213,w14_days_cart,243.7340217590332,7.4,0.0021215820653157,real_20251016_to_20260213
real_20251016_to_20260213,w7_lgmv_mean,235.94644165039065,5.4,0.0020537950974912,real_20251016_to_20260213
real_20251016_to_20260213,w180_srch_per_day,235.70085773468017,10.2,0.0020516574130295,real_20251016_to_20260213
real_20251016_to_20260213,w30_days_search,222.4205402374268,4.6,0.0019360589289914,real_20251016_to_20260213
real_20251016_to_20260213,rec_any,217.91466102600097,6.0,0.001896837516837,real_20251016_to_20260213
real_20251016_to_20260213,w14_lgmv_mean,203.4113410949707,5.4,0.0017705934117624,real_20251016_to_20260213
real_20251016_to_20260213,buygap_std,199.81772003173828,8.0,0.0017393127479377,real_20251016_to_20260213
real_20251016_to_20260213,w90_searches,199.8061595916748,7.8,0.0017392121201216,real_20251016_to_20260213
real_20251016_to_20260213,w14_ponly_share,199.5152193069458,6.6,0.0017366796312811,real_20251016_to_20260213
real_20251016_to_20260213,w14_days_cat,192.0230581283569,6.8,0.001671464136652,real_20251016_to_20260213
real_20251016_to_20260213,w90_ponly_share,184.44123916625975,5.8,0.0016054682161139,real_20251016_to_20260213
real_20251016_to_20260213,dlog_gmv_30_90,183.73613929748532,5.6,0.0015993306764095,real_20251016_to_20260213
real_20251016_to_20260213,w30_gmv,163.55330009460448,4.6,0.0014236492127757,real_20251016_to_20260213
real_20251016_to_20260213,dlog_buyd_30_90,157.26317958831788,5.4,0.0013688968775929,real_20251016_to_20260213
real_20251016_to_20260213,w180_presence_rate,156.1553810119629,3.8,0.0013592540481897,real_20251016_to_20260213
real_20251016_to_20260213,buygap_mean,150.95342025756835,5.2,0.0013139735963211,real_20251016_to_20260213
real_20251016_to_20260213,w90_buyday_rate,150.93465995788574,5.6,0.0013138102973484,real_20251016_to_20260213
real_20251016_to_20260213,w180_days_presence_only,145.6752788543701,5.4,0.0012680300302222,real_20251016_to_20260213
real_20251016_to_20260213,w7_days_cart,132.98826026916504,5.0,0.0011575959147941,real_20251016_to_20260213
real_20251016_to_20260213,w14_aov,128.27795944213867,2.8,0.0011165951152966,real_20251016_to_20260213
real_20251016_to_20260213,trend_pres_7_14,127.64654026031494,5.4,0.001111098928912,real_20251016_to_20260213
real_20251016_to_20260213,w30_days_cat,124.82385940551758,4.2,0.0010865289118318,real_20251016_to_20260213
real_20251016_to_20260213,w60_buyday_rate,123.4571409225464,5.0,0.0010746323148738,real_20251016_to_20260213
real_20251016_to_20260213,w90_srch_per_day,122.55229949951172,5.2,0.0010667561254063,real_20251016_to_20260213
real_20251016_to_20260213,trend_gmv_30_60,119.93430042266846,4.8,0.0010439677602517,real_20251016_to_20260213
real_20251016_to_20260213,w30_srch2cart,119.43112068176268,4.4,0.001039587833698,real_20251016_to_20260213
real_20251016_to_20260213,w30_gmv_per_day,101.70555953979492,3.2,0.0008852957396151,real_20251016_to_20260213
real_20251016_to_20260213,dlog_buyd_30_60,100.07283935546874,3.6,0.0008710837316412,real_20251016_to_20260213
real_20251016_to_20260213,w180_ponly_share,96.91252059936524,4.6,0.0008435747464563,real_20251016_to_20260213
real_20251016_to_20260213,rec_buy,90.85053939819336,3.6,0.0007908082491742,real_20251016_to_20260213
real_20251016_to_20260213,rec_over_buygap,89.9880802154541,3.0,0.0007833009757909,real_20251016_to_20260213
real_20251016_to_20260213,w30_lgmv_std,88.14254112243653,3.8,0.0007672364862612,real_20251016_to_20260213
real_20251016_to_20260213,w60_days_presence_only,86.06469993591308,3.4,0.0007491499238515,real_20251016_to_20260213
real_20251016_to_20260213,w7_days_cat,80.76286125183105,3.0,0.0007030000848419,real_20251016_to_20260213
real_20251016_to_20260213,trend_gmv_60_180,80.46998023986816,2.8,0.000700450702947,real_20251016_to_20260213
real_20251016_to_20260213,w60_presence_rate,78.95605964660645,2.0,0.0006872727856591,real_20251016_to_20260213
real_20251016_to_20260213,w180_carts,75.61470050811768,3.4,0.0006581879350058,real_20251016_to_20260213
real_20251016_to_20260213,w7_carts,73.80240058898926,2.8,0.000642412775766,real_20251016_to_20260213
real_20251016_to_20260213,w30_days_present,71.3158992767334,3.0,0.000620769032511,real_20251016_to_20260213
real_20251016_to_20260213,w90_srch2cart,67.5351209640503,3.2,0.0005878592589667,real_20251016_to_20260213
real_20251016_to_20260213,dlog_gmv_60_180,65.81842041015625,3.0,0.0005729162441165,real_20251016_to_20260213
real_20251016_to_20260213,w14_srch2cart,63.37550010681152,2.8,0.0005516518516235,real_20251016_to_20260213
real_20251016_to_20260213,w60_gmv_per_day,60.79375991821289,3.0,0.0005291791018535,real_20251016_to_20260213
real_20251016_to_20260213,w30_srch_per_day,60.35219974517823,3.0,0.0005253355426445,real_20251016_to_20260213
real_20251016_to_20260213,w90_gmv_max,57.12454090118408,2.8,0.0004972403958654,real_20251016_to_20260213
real_20251016_to_20260213,trend_srch_7_30,56.2944995880127,2.2,0.000490015303731,real_20251016_to_20260213
real_20251016_to_20260213,w60_searches,50.3559196472168,1.6,0.0004383229523518,real_20251016_to_20260213
real_20251016_to_20260213,w7_srch2cart,49.82452049255371,1.6,0.0004336973899953,real_20251016_to_20260213
real_20251016_to_20260213,trend_pres_7_30,45.08372077941895,1.6,0.0003924311130346,real_20251016_to_20260213
real_20251016_to_20260213,w90_gmv_per_day,42.41952037811279,1.6,0.0003692405885891,real_20251016_to_20260213
real_20251016_to_20260213,w180_searches,41.83882083892822,2.0,0.0003641858911825,real_20251016_to_20260213
real_20251016_to_20260213,w90_gmv_cat,39.41375980377197,1.8,0.0003430769546362,real_20251016_to_20260213
real_20251016_to_20260213,w90_orders,35.86803970336914,1.2,0.0003122132445996,real_20251016_to_20260213
real_20251016_to_20260213,w60_days_buy,35.614739990234376,1.4,0.0003100083980022,real_20251016_to_20260213
real_20251016_to_20260213,w180_gmv_max,32.9256196975708,1.2,0.0002866009584367,real_20251016_to_20260213
real_20251016_to_20260213,w180_gmv,31.49029998779297,1.0,0.0002741072223046,real_20251016_to_20260213
real_20251016_to_20260213,w7_days_present,31.237180709838867,1.2,0.0002719039463047,real_20251016_to_20260213
real_20251016_to_20260213,w60_orders,29.44725971221924,1.2,0.0002563235843205,real_20251016_to_20260213
real_20251016_to_20260213,w7_days_presence_only,27.999739837646484,0.8,0.0002437236518904,real_20251016_to_20260213
real_20251016_to_20260213,w7_ponly_share,27.039879608154298,0.8,0.0002353685513862,real_20251016_to_20260213
real_20251016_to_20260213,dlog_gmv_7_30,26.53499984741211,1.2,0.0002309738270149,real_20251016_to_20260213
real_20251016_to_20260213,buygap_cv,25.738200187683105,1.4,0.0002240380867537,real_20251016_to_20260213
real_20251016_to_20260213,w30_searches,23.092139625549315,1.0,0.0002010054604841,real_20251016_to_20260213
real_20251016_to_20260213,trend_srch_7_14,21.88833999633789,1.0,0.0001905269902027,real_20251016_to_20260213
real_20251016_to_20260213,w14_gmv_max,20.878800201416016,1.0,0.0001817394540694,real_20251016_to_20260213
real_20251016_to_20260213,w7_searches,19.910380172729493,1.0,0.0001733098448186,real_20251016_to_20260213
real_20251016_to_20260213,w30_orders,19.64663982391357,0.6,0.0001710141177391,real_20251016_to_20260213
real_20251016_to_20260213,w7_gmv_max,18.740380477905276,0.6,0.0001631255859652,real_20251016_to_20260213
real_20251016_to_20260213,w30_gmv_cat,18.6970796585083,0.8,0.000162748674112,real_20251016_to_20260213
real_20251016_to_20260213,w30_presence_rate,18.090480041503906,0.6,0.0001574685295553,real_20251016_to_20260213
real_20251016_to_20260213,w7_days_search,17.596879959106445,0.4,0.0001531719891105,real_20251016_to_20260213
real_20251016_to_20260213,trend_pres_14_30,17.128420257568358,0.8,0.000149094283036,real_20251016_to_20260213
real_20251016_to_20260213,w14_days_present,14.393300247192382,0.8,0.0001252864390648,real_20251016_to_20260213
real_20251016_to_20260213,w60_gmv_cat,14.35197982788086,0.4,0.0001249267655982,real_20251016_to_20260213
real_20251016_to_20260213,w14_srch_per_day,14.222380065917967,0.6,0.0001237986648568,real_20251016_to_20260213
real_20251016_to_20260213,w14_gmv,13.559260177612304,0.6,0.0001180265397672,real_20251016_to_20260213
real_20251016_to_20260213,w60_gmv,13.311059951782228,0.6,0.0001158660816419,real_20251016_to_20260213
real_20251016_to_20260213,w30_lgmv,12.244079971313475,0.4,0.0001065785575848,real_20251016_to_20260213
real_20251016_to_20260213,trend_srch_14_30,11.671000289916991,0.6,0.0001015901872076,real_20251016_to_20260213
real_20251016_to_20260213,w180_gmv_cat,11.531879806518557,0.6,0.0001003792133749,real_20251016_to_20260213
real_20251016_to_20260213,w90_days_cat,10.859360504150391,0.4,9.452527111369388e-05,real_20251016_to_20260213
real_20251016_to_20260213,w90_lgmv,9.94921989440918,0.4,8.660295489125242e-05,real_20251016_to_20260213
real_20251016_to_20260213,w180_gmv_per_day,9.659300231933594,0.4,8.407935005409637e-05,real_20251016_to_20260213
real_20251016_to_20260213,w180_cat_gmv_share,9.527279663085938,0.4,8.293017740639403e-05,real_20251016_to_20260213
real_20251016_to_20260213,w7_cart2ord,9.4,0.4,8.182227195875191e-05,real_20251016_to_20260213
real_20251016_to_20260213,w90_days_buy,9.031660079956056,0.4,7.861605822352844e-05,real_20251016_to_20260213
real_20251016_to_20260213,w14_carts,8.234020233154297,0.4,7.167300455649113e-05,real_20251016_to_20260213
real_20251016_to_20260213,w7_gmv,7.870440292358398,0.4,6.850822404643273e-05,real_20251016_to_20260213
real_20251016_to_20260213,w14_lgmv_std,7.636199951171875,0.4,6.64692796953397e-05,real_20251016_to_20260213
real_20251016_to_20260213,w90_gmv,7.586639785766602,0.4,6.6037883383413e-05,real_20251016_to_20260213
real_20251016_to_20260213,dlog_buyd_14_30,7.34552001953125,0.4,6.393905709750453e-05,real_20251016_to_20260213
real_20251016_to_20260213,w90_cat_gmv_share,7.176359939575195,0.4,6.246660368615042e-05,real_20251016_to_20260213
real_20251016_to_20260213,w14_gmv_per_day,6.238919830322265,0.2,5.430665905164667e-05,real_20251016_to_20260213
real_20251016_to_20260213,w30_buyday_rate,6.062839889526368,0.2,5.277397173225487e-05,real_20251016_to_20260213
real_20251016_to_20260213,w14_orders,5.991540145874024,0.2,5.215334332632813e-05,real_20251016_to_20260213
real_20251016_to_20260213,w14_buyday_rate,5.880239868164063,0.2,5.1184530391022914e-05,real_20251016_to_20260213
real_20251016_to_20260213,trend_gmv_14_30,4.441839981079101,0.2,3.866398286479911e-05,real_20251016_to_20260213
real_20251016_to_20260213,w30_cat_gmv_share,4.389319992065429,0.2,3.8206822777102586e-05,real_20251016_to_20260213
real_20251016_to_20260213,w14_cart2ord,4.362080001831055,0.2,3.79697123633674e-05,real_20251016_to_20260213
real_20251016_to_20260213,w60_lgmv,4.243080139160156,0.2,3.693387841373842e-05,real_20251016_to_20260213
real_20251016_to_20260213,dlog_gmv_7_14,3.901599884033203,0.2,3.396146455165953e-05,real_20251016_to_20260213
real_20251016_to_20260213,dlog_gmv_14_30,3.6336200714111326,0.2,3.1628835072104385e-05,real_20251016_to_20260213
real_20251016_to_20260213,trend_gmv_7_14,3.5533599853515625,0.2,3.093021139242364e-05,real_20251016_to_20260213
real_20251016_to_20260213,w14_searches,3.478559875488281,0.2,3.0279114059255777e-05,real_20251016_to_20260213
real_20251016_to_20260213,w14_gmv_cat,3.406740188598633,0.2,2.9653959808970965e-05,real_20251016_to_20260213
real_20251016_to_20260213,trend_gmv_7_30,3.401200103759765,0.2,2.9605736157017732e-05,real_20251016_to_20260213
real_20251016_to_20260213,w14_days_buy,0.0,0.0,0.0,real_20251016_to_20260213
real_20251016_to_20260213,dlog_buyd_7_30,0.0,0.0,0.0,real_20251016_to_20260213
real_20251016_to_20260213,dlog_buyd_7_14,0.0,0.0,0.0,real_20251016_to_20260213
real_20251016_to_20260213,w14_presence_rate,0.0,0.0,0.0,real_20251016_to_20260213
real_20251016_to_20260213,w14_lgmv,0.0,0.0,0.0,real_20251016_to_20260213
real_20251016_to_20260213,w14_days_search,0.0,0.0,0.0,real_20251016_to_20260213
real_20251016_to_20260213,w14_gmv30eq,0.0,0.0,0.0,real_20251016_to_20260213
real_20251016_to_20260213,w14_cat_gmv_share,0.0,0.0,0.0,real_20251016_to_20260213
real_20251016_to_20260213,w180_gmv30eq,0.0,0.0,0.0,real_20251016_to_20260213
real_20251016_to_20260213,w30_gmv30eq,0.0,0.0,0.0,real_20251016_to_20260213
real_20251016_to_20260213,w180_lgmv,0.0,0.0,0.0,real_20251016_to_20260213
real_20251016_to_20260213,w60_cat_gmv_share,0.0,0.0,0.0,real_20251016_to_20260213
real_20251016_to_20260213,w30_days_buy,0.0,0.0,0.0,real_20251016_to_20260213
real_20251016_to_20260213,w7_lgmv_std,0.0,0.0,0.0,real_20251016_to_20260213
real_20251016_to_20260213,w7_lgmv,0.0,0.0,0.0,real_20251016_to_20260213
real_20251016_to_20260213,w7_gmv30eq,0.0,0.0,0.0,real_20251016_to_20260213
real_20251016_to_20260213,w7_cat_gmv_share,0.0,0.0,0.0,real_20251016_to_20260213
real_20251016_to_20260213,w7_days_buy,0.0,0.0,0.0,real_20251016_to_20260213
real_20251016_to_20260213,w7_buyday_rate,0.0,0.0,0.0,real_20251016_to_20260213
real_20251016_to_20260213,w7_aov,0.0,0.0,0.0,real_20251016_to_20260213
real_20251016_to_20260213,w60_gmv30eq,0.0,0.0,0.0,real_20251016_to_20260213
real_20251016_to_20260213,w7_gmv_per_day,0.0,0.0,0.0,real_20251016_to_20260213
real_20251016_to_20260213,w7_gmv_cat,0.0,0.0,0.0,real_20251016_to_20260213
real_20251016_to_20260213,w7_presence_rate,0.0,0.0,0.0,real_20251016_to_20260213
real_20251016_to_20260213,w7_orders,0.0,0.0,0.0,real_20251016_to_20260213
real_20251016_to_20260213,w7_srch_per_day,0.0,0.0,0.0,real_20251016_to_20260213
real_20251016_to_20260213,w90_gmv30eq,0.0,0.0,0.0,real_20251016_to_20260213
