fold,slice,calibration_mode,model,n,target_zero_rate,mean_log1p_target,mse_contribution_to_fold,rmsle,prediction_bias_mean_z_minus_ly,auc_y_positive,offset,delta_to_strongest,corr_candidate_correction_strongest_residual
2025-09-04,all,fixed_fold,STRONGEST,188518,0.3998185849627091,2.591790730513112,3.121876796535845,1.7668833567997195,7.327125676686761e-17,0.8402109222127274,-0.11734465876764338,0.0,
2025-09-04,all,fixed_fold,CAP,188518,0.3998185849627091,2.591790730513112,3.1576976030971244,1.776991165734125,-4.0555489856558406e-17,0.8372962857902819,-0.08171608833146897,0.010107808934405549,-0.010159297608643049
2025-09-04,all,fixed_fold,UNC,188518,0.3998185849627091,2.591790730513112,3.138290783529086,1.7715221656894633,-0.00013998451004871776,0.8391147730678876,-0.1758524590347353,0.004638808889743773,-0.012339597216982431
2025-09-04,all,fixed_fold,DIST,188518,0.3998185849627091,2.591790730513112,3.1334283138866246,1.7701492349196506,2.08054185881229e-17,0.8397032451069543,-0.07727053594752385,0.003265878119931065,-0.011904544590325805
2025-09-04,all,fixed_fold,ETX-AVG3,188518,0.3998185849627091,2.591790730513112,3.1303254703682812,1.769272582268849,-6.845661274441155e-05,0.8392661840290829,-0.1779746356962283,0.0023892254691295634,0.004722333508106176
2025-09-04,all,fixed_fold,SEQ-AVG3,188518,0.3998185849627091,2.591790730513112,3.126381083494089,1.7681575392181796,-1.132897196671216e-05,0.8397971946454099,-0.06531329494292291,0.0012741824184601125,0.02255334297729596
2025-09-04,all,fixed_fold,BTYD,188518,0.3998185849627091,2.591790730513112,3.2970941417520976,1.8157902251504985,3.6032572772183867e-17,0.8269043166248166,0.22339644322651336,0.048906868350778954,0.03394427855382438
2025-09-04,all,fixed_fold,FRESH,188518,0.3998185849627091,2.591790730513112,3.1210186124408263,1.7666404876037531,-2.3217641033122657e-17,0.8402307412737533,-0.11734445661741116,-0.00024286919596638867,0.01671625945562181
2025-09-04,all,fixed_fold,ZERO2D,188518,0.3998185849627091,2.591790730513112,3.122003368655976,1.7669191743415928,-3.1057363979371865e-17,0.840210962550069,-0.11271433687689565,3.581754187331754e-05,-0.002449953116747354
2025-09-04,all,fixed_fold,BTYD05,188518,0.3998185849627091,2.591790730513112,3.1195637792058935,1.7662286882524283,-2.3519168838747628e-17,0.8403100916259961,-0.10030743519317234,-0.0006546685472912372,0.03394427855382438
2025-09-04,all,fixed_fold,SEQ_SLOT_25,188518,0.3998185849627091,2.591790730513112,3.121328403503616,1.766728163443266,-1.0794695441373911e-16,0.8402732014853496,-0.10467780895937277,-0.00015519335645342025,0.013738702984970045
2025-09-04,all,fixed_fold,SEQ_SLOT_50,188518,0.3998185849627091,2.591790730513112,3.121876796535845,1.7668833567997195,5.321965769280713e-17,0.8402109222127273,-0.11734465876764334,0.0,-0.0036267923957970473
2025-09-04,all,fixed_fold,SEQ_SLOT_75,188518,0.3998185849627091,2.591790730513112,3.123064724212083,1.7672194895405842,9.588584218874032e-17,0.8401042913293166,-0.13001153866393822,0.0003361327408646364,-0.013738702984970002
2025-09-04,all,fixed_fold,BTYD05_FRESH1,188518,0.3998185849627091,2.591790730513112,3.1189262567781597,1.7660482034129645,-8.985528607624093e-17,0.8403039767664136,-0.10030732923966469,-0.0008351533867549943,0.03263572049733629
2025-09-04,all,slice_shape_only,STRONGEST,188518,0.3998185849627091,2.591790730513112,3.121876796535845,1.7668833567997195,7.327125676686761e-17,0.8402109222127274,-0.11734465876764338,0.0,
2025-09-04,all,slice_shape_only,CAP,188518,0.3998185849627091,2.591790730513112,3.1576976030971244,1.776991165734125,-4.0555489856558406e-17,0.8372962857902819,-0.08171608833146897,0.010107808934405549,-0.010159297608643049
2025-09-04,all,slice_shape_only,UNC,188518,0.3998185849627091,2.591790730513112,3.138290783529086,1.7715221656894633,-0.00013998451004871776,0.8391147730678876,-0.1758524590347353,0.004638808889743773,-0.012339597216982431
2025-09-04,all,slice_shape_only,DIST,188518,0.3998185849627091,2.591790730513112,3.1334283138866246,1.7701492349196506,2.08054185881229e-17,0.8397032451069543,-0.07727053594752385,0.003265878119931065,-0.011904544590325805
2025-09-04,all,slice_shape_only,ETX-AVG3,188518,0.3998185849627091,2.591790730513112,3.1303254703682812,1.769272582268849,-6.845661274441155e-05,0.8392661840290829,-0.1779746356962283,0.0023892254691295634,0.004722333508106176
2025-09-04,all,slice_shape_only,SEQ-AVG3,188518,0.3998185849627091,2.591790730513112,3.126381083494089,1.7681575392181796,-1.132897196671216e-05,0.8397971946454099,-0.06531329494292291,0.0012741824184601125,0.02255334297729596
2025-09-04,all,slice_shape_only,BTYD,188518,0.3998185849627091,2.591790730513112,3.2970941417520976,1.8157902251504985,3.6032572772183867e-17,0.8269043166248166,0.22339644322651336,0.048906868350778954,0.03394427855382438
2025-09-04,all,slice_shape_only,FRESH,188518,0.3998185849627091,2.591790730513112,3.1210186124408263,1.7666404876037531,-2.3217641033122657e-17,0.8402307412737533,-0.11734445661741116,-0.00024286919596638867,0.01671625945562181
2025-09-04,all,slice_shape_only,ZERO2D,188518,0.3998185849627091,2.591790730513112,3.122003368655976,1.7669191743415928,-3.1057363979371865e-17,0.840210962550069,-0.11271433687689565,3.581754187331754e-05,-0.002449953116747354
2025-09-04,all,slice_shape_only,BTYD05,188518,0.3998185849627091,2.591790730513112,3.1195637792058935,1.7662286882524283,-2.3519168838747628e-17,0.8403100916259961,-0.10030743519317234,-0.0006546685472912372,0.03394427855382438
2025-09-04,all,slice_shape_only,SEQ_SLOT_25,188518,0.3998185849627091,2.591790730513112,3.121328403503616,1.766728163443266,-1.0794695441373911e-16,0.8402732014853496,-0.10467780895937277,-0.00015519335645342025,0.013738702984970045
2025-09-04,all,slice_shape_only,SEQ_SLOT_50,188518,0.3998185849627091,2.591790730513112,3.121876796535845,1.7668833567997195,5.321965769280713e-17,0.8402109222127273,-0.11734465876764334,0.0,-0.0036267923957970473
2025-09-04,all,slice_shape_only,SEQ_SLOT_75,188518,0.3998185849627091,2.591790730513112,3.123064724212083,1.7672194895405842,9.588584218874032e-17,0.8401042913293166,-0.13001153866393822,0.0003361327408646364,-0.013738702984970002
2025-09-04,all,slice_shape_only,BTYD05_FRESH1,188518,0.3998185849627091,2.591790730513112,3.1189262567781597,1.7660482034129645,-8.985528607624093e-17,0.8403039767664136,-0.10030732923966469,-0.0008351533867549943,0.03263572049733629
2025-09-04,future_k_lt3,fixed_fold,STRONGEST,7237,0.8108332181843305,0.711999485752706,0.08491394908487272,1.487259134720601,0.45815164773478867,0.7748641528280062,-0.11734465876764338,0.0,
2025-09-04,future_k_lt3,fixed_fold,CAP,7237,0.8108332181843305,0.711999485752706,0.08607179539580051,1.4973645829486906,0.4666173017845168,0.7704863709672198,-0.08171608833146897,0.010105448228089564,0.00936506795892095
2025-09-04,future_k_lt3,fixed_fold,UNC,7237,0.8108332181843305,0.711999485752706,0.08589821733247532,1.495853978846404,0.4533340013146506,0.7714731395298466,-0.1758524590347353,0.008594844125803025,-0.06443050478749088
2025-09-04,future_k_lt3,fixed_fold,DIST,7237,0.8108332181843305,0.711999485752706,0.0849189198832894,1.4873026655965156,0.47260846014207475,0.7741229249478295,-0.07727053594752385,4.353087591457694e-05,0.0867671310762105
2025-09-04,future_k_lt3,fixed_fold,ETX-AVG3,7237,0.8108332181843305,0.711999485752706,0.0853168356103453,1.4907832176834834,0.4515279839121527,0.7757766056555644,-0.1779746356962283,0.0035240829628824244,-0.029446564142459143
2025-09-04,future_k_lt3,fixed_fold,SEQ-AVG3,7237,0.8108332181843305,0.711999485752706,0.08493314454659133,1.487427228495924,0.4490760204661018,0.7732100364333825,-0.06531329494292291,0.0001680937753230083,0.0027718080249667827
2025-09-04,future_k_lt3,fixed_fold,BTYD,7237,0.8108332181843305,0.711999485752706,0.09249177862870428,1.5522036167714868,0.5184135795642193,0.7537894800786527,0.22339644322651336,0.06494448205088577,0.011274504442470213
2025-09-04,future_k_lt3,fixed_fold,FRESH,7237,0.8108332181843305,0.711999485752706,0.08539785907924839,1.491490931248544,0.4745792586390397,0.7749761865994663,-0.11734445661741116,0.0042317965279430325,0.07822572379202125
2025-09-04,future_k_lt3,fixed_fold,ZERO2D,7237,0.8108332181843305,0.711999485752706,0.08479439076564993,1.4862117400419788,0.4502494755884858,0.774860169405021,-0.11271433687689565,-0.0010473946786222488,-0.15905985033428435
2025-09-04,future_k_lt3,fixed_fold,BTYD05,7237,0.8108332181843305,0.711999485752706,0.0850109854239152,1.4881086828598882,0.46116491280102334,0.7747539862860705,-0.10030743519317234,0.0008495481392871707,0.011274504442470488
2025-09-04,future_k_lt3,fixed_fold,SEQ_SLOT_25,7237,0.8108332181843305,0.711999485752706,0.08487655684499443,1.4869316380341462,0.45786926977566644,0.7745480931105206,-0.10467780895937277,-0.0003274966864548201,0.021634211516539527
2025-09-04,future_k_lt3,fixed_fold,SEQ_SLOT_50,7237,0.8108332181843305,0.711999485752706,0.08491394908487272,1.487259134720601,0.4581516477347887,0.7748641528280062,-0.11734465876764334,0.0,0.004406887892804606
2025-09-04,future_k_lt3,fixed_fold,SEQ_SLOT_75,7237,0.8108332181843305,0.711999485752706,0.08497032632627743,1.4877527736072773,0.45843399560588666,0.7751169757056011,-0.13001153866393822,0.0004936388866763064,-0.021634211516539513
2025-09-04,future_k_lt3,fixed_fold,BTYD05_FRESH1,7237,0.8108332181843305,0.711999485752706,0.08550642223782152,1.4924386689311169,0.47759242750854974,0.7748475967262239,-0.10030732923966469,0.005179534210515868,0.04528744467929594
2025-09-04,future_k_lt3,slice_shape_only,STRONGEST,7237,0.8108332181843305,0.711999485752706,0.07573202720072704,1.4045490703060897,-0.06001050409687667,0.7748641528280062,-0.7193867661188679,0.0,
2025-09-04,future_k_lt3,slice_shape_only,CAP,7237,0.8108332181843305,0.711999485752706,0.07672006113264514,1.4136815681584345,-0.06501223541094617,0.7704863709672198,-0.6950766688859187,0.009132497852344823,0.00936506795892095
2025-09-04,future_k_lt3,slice_shape_only,UNC,7237,0.8108332181843305,0.711999485752706,0.0764887341970346,1.4115486872476057,-0.07107507806283485,0.7714731395298466,-0.8059980115406536,0.006999616941516074,-0.06443050478749088
2025-09-04,future_k_lt3,slice_shape_only,DIST,7237,0.8108332181843305,0.711999485752706,0.07551444620392639,1.4025299575452113,-0.051204441176541916,0.7741229249478295,-0.6658195663363428,-0.0020191127608784054,0.0867671310762105
2025-09-04,future_k_lt3,slice_shape_only,ETX-AVG3,7237,0.8108332181843305,0.711999485752706,0.07590954494490985,1.4061942556552791,-0.06790957155388223,0.7757766056555644,-0.8052191109531375,0.0016451853491894486,-0.029446564142459143
2025-09-04,future_k_lt3,slice_shape_only,SEQ-AVG3,7237,0.8108332181843305,0.711999485752706,0.07612087539419209,1.4081503016416903,-0.06229295484578769,0.7732100364333825,-0.6593868825575071,0.003601231335600641,0.0027718080249667827
2025-09-04,future_k_lt3,slice_shape_only,BTYD,7237,0.8108332181843305,0.711999485752706,0.08088197238504735,1.4515198930816127,-0.0594263395065845,0.7537894800786527,-0.44147205607568907,0.046970822775523,0.011274504442470213
2025-09-04,future_k_lt3,slice_shape_only,FRESH,7237,0.8108332181843305,0.711999485752706,0.0756995001585917,1.404247409733477,-0.058464841167039996,0.7749761865994663,-0.7303614667562359,-0.0003016605726127164,0.07822572379202125
2025-09-04,future_k_lt3,slice_shape_only,ZERO2D,7237,0.8108332181843305,0.711999485752706,0.07579664244980051,1.4051481295239256,-0.060940664534603096,0.774860169405021,-0.7125369291266882,0.0005990592178359844,-0.15905985033428435
2025-09-04,future_k_lt3,slice_shape_only,BTYD05,7237,0.8108332181843305,0.711999485752706,0.07574140799560075,1.4046360571412202,-0.0603068230928036,0.7747539862860705,-0.705187436251192,8.69868351305314e-05,0.011274504442470488
2025-09-04,future_k_lt3,slice_shape_only,SEQ_SLOT_25,7237,0.8108332181843305,0.711999485752706,0.07576063885385194,1.404814365435337,-0.05917548422273176,0.7745480931105206,-0.7027505204439803,0.0002652951292474448,0.021634211516539527
2025-09-04,future_k_lt3,slice_shape_only,SEQ_SLOT_50,7237,0.8108332181843305,0.711999485752706,0.07573202720072704,1.4045490703060897,-0.060010504096876686,0.7748641528280062,-0.7193867661188679,0.0,0.004406887892804606
2025-09-04,future_k_lt3,slice_shape_only,SEQ_SLOT_75,7237,0.8108332181843305,0.711999485752706,0.07571835301986289,1.4044222618356843,-0.059898833159996945,0.7751169757056011,-0.7347128822226203,-0.00012680847040535959,-0.021634211516539513
2025-09-04,future_k_lt3,slice_shape_only,BTYD05_FRESH1,7237,0.8108332181843305,0.711999485752706,0.07571593674326499,1.4043998531356627,-0.058906277553058634,0.7748475967262239,-0.7163991373251402,-0.0001492171704269296,0.04528744467929594
2025-09-04,future_k_1,fixed_fold,STRONGEST,685,0.8948905109489051,0.38679863411044285,0.006614139664965193,1.3491735136254637,0.6019943760627574,0.7457177814029362,-0.11734465876764338,0.0,
2025-09-04,future_k_1,fixed_fold,CAP,685,0.8948905109489051,0.38679863411044285,0.006697920571253825,1.3576915736375714,0.6135537226619702,0.7399628421243432,-0.08171608833146897,0.008518060012107753,0.03701691005956725
2025-09-04,future_k_1,fixed_fold,UNC,685,0.8948905109489051,0.38679863411044285,0.0067029787621075134,1.3582041332416572,0.589231337374969,0.7403253579844118,-0.1758524590347353,0.009030619616193558,-0.12720569797052025
2025-09-04,future_k_1,fixed_fold,DIST,685,0.8948905109489051,0.38679863411044285,0.006614964992086454,1.349257687442022,0.6238244518374684,0.7451286931303244,-0.07727053594752385,8.417381655823064e-05,0.17664668866752267
2025-09-04,future_k_1,fixed_fold,ETX-AVG3,685,0.8948905109489051,0.38679863411044285,0.006635056420363553,1.3513051632279676,0.5871507428191203,0.7448114917527642,-0.1779746356962283,0.0021316496025038933,-0.06834948205626364
2025-09-04,future_k_1,fixed_fold,SEQ-AVG3,685,0.8948905109489051,0.38679863411044285,0.006631591329154817,1.3509522644100922,0.5987361580391878,0.7419680079753489,-0.06531329494292291,0.0017787507846285244,0.0006688853585094434
2025-09-04,future_k_1,fixed_fold,BTYD,685,0.8948905109489051,0.38679863411044285,0.007408656910222055,1.4279101074781664,0.681743936051911,0.7174642015588182,0.22339644322651336,0.07873659385270271,0.019334411517309878
2025-09-04,future_k_1,fixed_fold,FRESH,685,0.8948905109489051,0.38679863411044285,0.006676020463320054,1.3554701426432558,0.6203428214865534,0.7453326083016132,-0.11734445661741116,0.006296629017792155,0.20796941139753994
2025-09-04,future_k_1,fixed_fold,ZERO2D,685,0.8948905109489051,0.38679863411044285,0.006601610287988194,1.3478950165268961,0.5925538459047065,0.7456271524379191,-0.11271433687689565,-0.0012784970985675326,-0.3797634583539495
2025-09-04,future_k_1,fixed_fold,BTYD05,685,0.8948905109489051,0.38679863411044285,0.0066297564888140965,1.3507653595578306,0.6059820225369783,0.7446075765814754,-0.10030743519317234,0.001591845932366942,0.01933441151731102
2025-09-04,future_k_1,fixed_fold,SEQ_SLOT_25,685,0.8948905109489051,0.38679863411044285,0.006614467395226218,1.34920693894856,0.6032908643117311,0.7449700924415443,-0.10467780895937277,3.3425323096247794e-05,0.04567516931928394
2025-09-04,future_k_1,fixed_fold,SEQ_SLOT_50,685,0.8948905109489051,0.38679863411044285,0.006614139664965193,1.3491735136254637,0.6019943760627574,0.7457177814029362,-0.11734465876764334,0.0,0.09526486826253665
2025-09-04,future_k_1,fixed_fold,SEQ_SLOT_75,685,0.8948905109489051,0.38679863411044285,0.006615578692080465,1.3493202743363857,0.6006978577257597,0.7454232372666304,-0.13001153866393822,0.00014676071092201148,-0.04567516931928361
2025-09-04,future_k_1,fixed_fold,BTYD05_FRESH1,685,0.8948905109489051,0.38679863411044285,0.006692666531859116,1.3571589632258478,0.6243303717640495,0.744720862787747,-0.10030732923966469,0.007985449600384165,0.10851348468552982
2025-09-04,future_k_1,slice_shape_only,STRONGEST,685,0.8948905109489051,0.38679863411044285,0.0047168974727128336,1.1393557391705385,-0.1689916062729156,0.7457177814029362,-1.4289309174130456,0.0,
2025-09-04,future_k_1,slice_shape_only,CAP,685,0.8948905109489051,0.38679863411044285,0.004774825018749119,1.1463305232107333,-0.16595650717044974,0.7399628421243432,-1.3984971166627835,0.006974784040194804,0.03701691005956725
2025-09-04,future_k_1,slice_shape_only,UNC,685,0.8948905109489051,0.38679863411044285,0.00475964832996083,1.1445072785943984,-0.1900872354502047,0.7403253579844118,-1.5945842896519256,0.00515153942385993,-0.12720569797052025
2025-09-04,future_k_1,slice_shape_only,DIST,685,0.8948905109489051,0.38679863411044285,0.004704948415517323,1.1379116904124698,-0.18531707238075568,0.7451286931303244,-1.4324502960773613,-0.0014440487580686945,0.17664668866752267
2025-09-04,future_k_1,slice_shape_only,ETX-AVG3,685,0.8948905109489051,0.38679863411044285,0.004693949377067819,1.1365808301454492,-0.1803837267489428,0.7448114917527642,-1.5617000568929404,-0.002774909025089256,-0.06834948205626364
2025-09-04,future_k_1,slice_shape_only,SEQ-AVG3,685,0.8948905109489051,0.38679863411044285,0.00472457386345341,1.1402824695447655,-0.2020931183947858,0.7419680079753489,-1.527489539449502,0.0009267303742270805,0.0006688853585094434
2025-09-04,future_k_1,slice_shape_only,BTYD,685,0.8948905109489051,0.38679863411044285,0.004979694697723674,1.1706645969607736,-0.20957532536909268,0.7174642015588182,-1.4041320292943886,0.03130885779023518,0.019334411517309878
2025-09-04,future_k_1,slice_shape_only,FRESH,685,0.8948905109489051,0.38679863411044285,0.004713214590575223,1.138910856457937,-0.1689916062729157,0.7453326083016132,-1.4411845412677518,-0.0004448827126013466,0.20796941139753994
2025-09-04,future_k_1,slice_shape_only,ZERO2D,685,0.8948905109489051,0.38679863411044285,0.004718589527759118,1.1395600768500542,-0.16899160627291565,0.7456271524379191,-1.426659312443903,0.00020433767951577586,-0.3797634583539495
2025-09-04,future_k_1,slice_shape_only,BTYD05,685,0.8948905109489051,0.38679863411044285,0.004717722012195924,1.1394553176271696,-0.16540638371538807,0.7446075765814754,-1.4003364489514827,9.957845663111087e-05,0.01933441151731102
2025-09-04,future_k_1,slice_shape_only,SEQ_SLOT_25,685,0.8948905109489051,0.38679863411044285,0.004722176840222902,1.1399931704015818,-0.1689916062729157,0.7449700924415443,-1.4142063671389136,0.0006374312310433172,0.04567516931928394
2025-09-04,future_k_1,slice_shape_only,SEQ_SLOT_50,685,0.8948905109489051,0.38679863411044285,0.0047168974727128336,1.1393557391705385,-0.1689916062729156,0.7457177814029362,-1.4289309174130456,0.0,0.09526486826253665
2025-09-04,future_k_1,slice_shape_only,SEQ_SLOT_75,685,0.8948905109489051,0.38679863411044285,0.004712663764830149,1.138844303181061,-0.16540638371538802,0.7454232372666304,-1.4303658095250738,-0.00051143598947756,-0.04567516931928361
2025-09-04,future_k_1,slice_shape_only,BTYD05_FRESH1,685,0.8948905109489051,0.38679863411044285,0.004714372650283017,1.1390507658278122,-0.16540638371538816,0.744720862787747,-1.4128171162940337,-0.00030497334272627796,0.10851348468552982
2025-09-04,future_k_2,fixed_fold,STRONGEST,6552,0.8020451770451771,0.7459986590394813,0.07829980941990754,1.5009624238588053,0.4431131451547127,0.7752449295637228,-0.11734465876764338,0.0,
2025-09-04,future_k_2,fixed_fold,CAP,6552,0.8020451770451771,0.7459986590394813,0.07937387482454668,1.5112219690601807,0.45125535912562553,0.770764855147684,-0.08171608833146897,0.010259545201375397,0.007378822370199019
2025-09-04,future_k_2,fixed_fold,UNC,6552,0.8020451770451771,0.7459986590394813,0.07919523857036781,1.5095204577392864,0.4391261754292235,0.7719116133476434,-0.1758524590347353,0.008558033880481153,-0.060247345827333404
2025-09-04,future_k_2,fixed_fold,DIST,6552,0.8020451770451771,0.7459986590394813,0.07830395489120295,1.5010021564860976,0.4567990959309416,0.7744516915637125,-0.07727053594752385,3.9732627292288214e-05,0.08059787828860308
2025-09-04,future_k_2,fixed_fold,ETX-AVG3,6552,0.8020451770451771,0.7459986590394813,0.07868177918998175,1.504619040441305,0.4373488645819829,0.776175496846635,-0.1779746356962283,0.0036566165824996055,-0.027178826029780914
2025-09-04,future_k_2,fixed_fold,SEQ-AVG3,6552,0.8020451770451771,0.7459986590394813,0.07830155321743651,1.5009791375648325,0.4334293180488912,0.7736649092137532,-0.06531329494292291,1.6713706027182695e-05,0.003642350700647843
2025-09-04,future_k_2,fixed_fold,BTYD,6552,0.8020451770451771,0.7459986590394813,0.08508312171848222,1.5646282789925547,0.5013376799619499,0.7547219778938,0.22339644322651336,0.06366585513374945,0.01120205876117258
2025-09-04,future_k_2,fixed_fold,FRESH,6552,0.8020451770451771,0.7459986590394813,0.07872183861592834,1.505002016688923,0.45933993621069014,0.7753617181419172,-0.11734445661741116,0.004039592830117789,0.07055855147928856
2025-09-04,future_k_2,fixed_fold,ZERO2D,6552,0.8020451770451771,0.7459986590394813,0.07819278047766173,1.499936231351471,0.4353718056149494,0.7752447828444035,-0.11271433687689565,-0.001026192507334267,-0.14301927315169088
2025-09-04,future_k_2,fixed_fold,BTYD05,6552,0.8020451770451771,0.7459986590394813,0.0783812289351011,1.5017426037921657,0.44602454036983763,0.7751708363074562,-0.10030743519317234,0.0007801799333604365,0.011202058761172798
2025-09-04,future_k_2,fixed_fold,SEQ_SLOT_25,6552,0.8020451770451771,0.7459986590394813,0.0782620894497682,1.500600845213742,0.44266569952884044,0.7749268420793942,-0.10467780895937277,-0.0003615786450632541,0.020753745436022535
2025-09-04,future_k_2,fixed_fold,SEQ_SLOT_50,6552,0.8020451770451771,0.7459986590394813,0.07829980941990754,1.5009624238588053,0.4431131451547127,0.7752449295637228,-0.11734465876764334,0.0,-0.0021597668841033917
2025-09-04,future_k_2,fixed_fold,SEQ_SLOT_75,6552,0.8020451770451771,0.7459986590394813,0.07835474763419696,1.501488898550374,0.44356056069256056,0.7755047694782734,-0.13001153866393822,0.0005264746915687457,-0.020753745436022545
2025-09-04,future_k_2,fixed_fold,BTYD05_FRESH1,6552,0.8020451770451771,0.7459986590394813,0.0788137557059624,1.5058803946022636,0.46225123522909045,0.7752692849707332,-0.10030732923966469,0.004917970743458344,0.04166412580282058
2025-09-04,future_k_2,slice_shape_only,STRONGEST,6552,0.8020451770451771,0.7459986590394813,0.07062621448797736,1.4255171020968682,-0.05215954821938383,0.7752449295637228,-0.6814285662395138,0.0,
2025-09-04,future_k_2,slice_shape_only,CAP,6552,0.8020451770451771,0.7459986590394813,0.07158025709513298,1.4351129864018926,-0.05918310604144727,0.770764855147684,-0.6586515816005504,0.009595884305024338,0.007378822370199019
2025-09-04,future_k_2,slice_shape_only,UNC,6552,0.8020451770451771,0.7459986590394813,0.0713249200023521,1.4325510722603298,-0.06294402927056818,0.7719116133476434,-0.766215891034046,0.007033970163461634,-0.060247345827333404
2025-09-04,future_k_2,slice_shape_only,DIST,6552,0.8020451770451771,0.7459986590394813,0.07043968277296261,1.4236333826122936,-0.04409629823979276,0.7744516915637125,-0.6303812725564664,-0.001883719484574664,0.08059787828860308
2025-09-04,future_k_2,slice_shape_only,ETX-AVG3,6552,0.8020451770451771,0.7459986590394813,0.07080659976346297,1.4273363863076334,-0.05660815182937446,0.776175496846635,-0.761019095944272,0.0018192842107651597,-0.027178826029780914
2025-09-04,future_k_2,slice_shape_only,SEQ-AVG3,6552,0.8020451770451771,0.7459986590394813,0.07097437288331646,1.4290263911560308,-0.057393716605281815,0.7736649092137532,-0.6246089349230323,0.0035092890591625903,0.003642350700647843
2025-09-04,future_k_2,slice_shape_only,BTYD,6552,0.8020451770451771,0.7459986590394813,0.07535751483557489,1.4724913468162917,-0.059701322454194926,0.7547219778938,-0.4136358064591405,0.046974244719423464,0.01120205876117258
2025-09-04,future_k_2,slice_shape_only,FRESH,6552,0.8020451770451771,0.7459986590394813,0.07059754838436061,1.4252277749071347,-0.051228358499845826,0.7753617181419172,-0.6934283432179551,-0.00028932718973351257,0.07055855147928856
2025-09-04,future_k_2,slice_shape_only,ZERO2D,6552,0.8020451770451771,0.7459986590394813,0.07068420900362328,1.4261022616579428,-0.05506508216563427,0.7752447828444035,-0.6770771802769691,0.000585159561074633,-0.14301927315169088
2025-09-04,future_k_2,slice_shape_only,BTYD05,6552,0.8020451770451771,0.7459986590394813,0.07063427924099068,1.4255984891233018,-0.05237092553412146,0.7751708363074562,-0.6669826589451292,8.138702643356588e-05,0.011202058761172798
2025-09-04,future_k_2,slice_shape_only,SEQ_SLOT_25,6552,0.8020451770451771,0.7459986590394813,0.07064873160256348,1.4257443263233964,-0.052786026683841226,0.7749268420793942,-0.6669058346618963,0.00022722422652821095,0.020753745436022535
2025-09-04,future_k_2,slice_shape_only,SEQ_SLOT_50,6552,0.8020451770451771,0.7459986590394813,0.07062621448797736,1.4255171020968682,-0.052159548219383844,0.7752449295637228,-0.6814285662395138,0.0,-0.0021597668841033917
2025-09-04,future_k_2,slice_shape_only,SEQ_SLOT_75,6552,0.8020451770451771,0.7459986590394813,0.07061744785742198,1.4254286266653104,-0.05249902118401677,0.7755047694782734,-0.6974501445598285,-8.847543155776627e-05,-0.020753745436022545
2025-09-04,future_k_2,slice_shape_only,BTYD05_FRESH1,6552,0.8020451770451771,0.7459986590394813,0.07061244513341167,1.4253781352320207,-0.051744447069663954,0.7752692849707332,-0.6794244924696704,-0.00013896686484748955,0.04166412580282058
2025-09-04,future_k_3,fixed_fold,STRONGEST,181281,0.3834102856890684,2.666834718787289,3.0369628474509724,1.7771333100231965,-0.018290077143532157,0.8358034533437373,-0.11734465876764338,0.0,
2025-09-04,future_k_3,fixed_fold,CAP,181281,0.3834102856890684,2.666834718787289,3.071625807701323,1.7872463616990992,-0.018628038310769226,0.8329491840644302,-0.08171608833146897,0.010113051675902707,-0.01024043394433156
2025-09-04,future_k_3,fixed_fold,UNC,181281,0.3834102856890684,2.666834718787289,3.052392566196611,1.7816420788286667,-0.018243322617259892,0.8347625255546701,-0.1758524590347353,0.004508768805470131,-0.011228753923998025
2025-09-04,future_k_3,fixed_fold,DIST,181281,0.3834102856890684,2.666834718787289,3.048509394003335,1.7805084394641848,-0.018867214027108142,0.835211582202295,-0.07727053594752385,0.003375129440988278,-0.013049592350885585
2025-09-04,future_k_3,fixed_fold,ETX-AVG3,181281,0.3834102856890684,2.666834718787289,3.0450086347579357,1.7794858213483746,-0.018096840393056084,0.8348047996421384,-0.1779746356962283,0.0023525113251781082,0.005041697550832754
2025-09-04,future_k_3,fixed_fold,SEQ-AVG3,181281,0.3834102856890684,2.666834718787289,3.0414479389474978,1.7784450917689625,-0.017939546203134354,0.835451365081278,-0.06531329494292291,0.0013117817457659608,0.022286100979940857
2025-09-04,future_k_3,fixed_fold,BTYD,181281,0.3834102856890684,2.666834718787289,3.204602363123393,1.8255231385716033,-0.020695820716491235,0.8230284677589941,0.22339644322651336,0.04838982854840679,0.035904870464343264
2025-09-04,future_k_3,fixed_fold,FRESH,181281,0.3834102856890684,2.666834718787289,3.0356207533615773,1.7767405914103829,-0.0189458911566614,0.8358601278213883,-0.11734445661741116,-0.0003927186128136473,0.02270311466376956
2025-09-04,future_k_3,fixed_fold,ZERO2D,181281,0.3834102856890684,2.666834718787289,3.0372089778903257,1.7772053223859285,-0.017974610989755564,0.8358034345510776,-0.11271433687689565,7.201236273202127e-05,-0.007910003805374644
2025-09-04,future_k_3,fixed_fold,BTYD05,181281,0.3834102856890684,2.666834718787289,3.0345527937819785,1.776428026994897,-0.018410371047936688,0.8359316026124618,-0.10030743519317234,-0.0007052830282994194,0.03590487046434325
2025-09-04,future_k_3,fixed_fold,SEQ_SLOT_25,181281,0.3834102856890684,2.666834718787289,3.0364518466586214,1.7769837930915786,-0.018278804206544087,0.8358787261184171,-0.10467780895937277,-0.00014951693161791013,0.013371464611356475
2025-09-04,future_k_3,fixed_fold,SEQ_SLOT_50,181281,0.3834102856890684,2.666834718787289,3.0369628474509724,1.7771333100231965,-0.018290077143532178,0.8358034533437372,-0.11734465876764334,0.0,-0.0030062620350486584
2025-09-04,future_k_3,fixed_fold,SEQ_SLOT_75,181281,0.3834102856890684,2.666834718787289,3.0380943978858057,1.7774643527116336,-0.01830134887936289,0.835683524962511,-0.13001153866393822,0.00033104268843708873,-0.013371464611356413
2025-09-04,future_k_3,fixed_fold,BTYD05_FRESH1,181281,0.3834102856890684,2.666834718787289,3.0334198345403385,1.7760963787131556,-0.01906618122075337,0.8359622086465881,-0.10030732923966469,-0.0010369313100409006,0.03797977767646499
2025-09-04,future_k_3,slice_shape_only,STRONGEST,181281,0.3834102856890684,2.666834718787289,3.0366411590613813,1.777039186663626,2.822087089917157e-18,0.8358034533437373,-0.0990544117774113,0.0,
2025-09-04,future_k_3,slice_shape_only,CAP,181281,0.3834102856890684,2.666834718787289,3.0712921075985116,1.787149276225291,-7.149287294456798e-17,0.8329491840644302,-0.06308722527422175,0.010110089561665037,-0.01024043394433156
2025-09-04,future_k_3,slice_shape_only,UNC,181281,0.3834102856890684,2.666834718787289,3.0520756840577383,1.7815495964244883,-8.179609832023772e-05,0.8347625255546701,-0.15768192690162994,0.004510409760862366,-0.011228753923998025
2025-09-04,future_k_3,slice_shape_only,DIST,181281,0.3834102856890684,2.666834718787289,3.048167087605234,1.780408473142622,-1.2652357119795254e-16,0.835211582202295,-0.05840332192041569,0.0033692864789960364,-0.013049592350885585
2025-09-04,future_k_3,slice_shape_only,ETX-AVG3,181281,0.3834102856890684,2.666834718787289,3.0446958030554074,1.7793944104618435,-5.739919159372447e-05,0.8348047996421384,-0.15992752514432323,0.0023552237982176205,0.005041697550832754
2025-09-04,future_k_3,slice_shape_only,SEQ-AVG3,181281,0.3834102856890684,2.666834718787289,3.041138652450481,1.7783546639451069,1.241718319563549e-16,0.835451365081278,-0.04737188766862239,0.001315477281480959,0.022286100979940857
2025-09-04,future_k_3,slice_shape_only,BTYD,181281,0.3834102856890684,2.666834718787289,3.204190488749625,1.8254058213080147,-2.0224957477739624e-17,0.8230284677589941,0.24409226394300465,0.04836663464438873,0.035904870464343264
2025-09-04,future_k_3,slice_shape_only,FRESH,181281,0.3834102856890684,2.666834718787289,3.035275584276652,1.7766395752742719,-1.1445130975775137e-17,0.8358601278213883,-0.09839847527706498,-0.0003996113893540709,0.02270311466376956
2025-09-04,future_k_3,slice_shape_only,ZERO2D,181281,0.3834102856890684,2.666834718787289,3.0368982882998545,1.7771144209498992,-1.1915478824094662e-17,0.8358034345510776,-0.09473940542072037,7.523428627331796e-05,-0.007910003805374644
2025-09-04,future_k_3,slice_shape_only,BTYD05,181281,0.3834102856890684,2.666834718787289,3.0342268618257573,1.7763326241053916,-1.458078329790531e-17,0.8359316026124618,-0.08189696258758425,-0.0007065625582343138,0.03590487046434325
2025-09-04,future_k_3,slice_shape_only,SEQ_SLOT_25,181281,0.3834102856890684,2.666834718787289,3.0361305557947715,1.7768897781375739,6.694617707747923e-17,0.8358787261184171,-0.08639888259894098,-0.0001494085260520528,0.013371464611356475
2025-09-04,future_k_3,slice_shape_only,SEQ_SLOT_50,181281,0.3834102856890684,2.666834718787289,3.0366411590613813,1.777039186663626,-2.586913165757394e-17,0.8358034533437372,-0.09905441177741128,0.0,-0.0030062620350486584
2025-09-04,future_k_3,slice_shape_only,SEQ_SLOT_75,181281,0.3834102856890684,2.666834718787289,3.037772311730756,1.7773701305186471,-3.41786103112189e-17,0.835683524962511,-0.11170994900809772,0.00033094385502119295,-0.013371464611356413
2025-09-04,future_k_3,slice_shape_only,BTYD05_FRESH1,181281,0.3834102856890684,2.666834718787289,3.0330702703813626,1.7759940391824636,8.576009101026027e-17,0.8359622086465881,-0.0812411480189114,-0.0010451474811623562,0.03797977767646499
2025-09-04,"future_total_active_days:q1[1,12]",fixed_fold,STRONGEST,21765,0.7722030783367793,0.8523273308385128,0.28434139072795533,1.569340264990837,0.3639618970384472,0.7595767318084511,-0.11734465876764338,0.0,
2025-09-04,"future_total_active_days:q1[1,12]",fixed_fold,CAP,21765,0.7722030783367793,0.8523273308385128,0.287797611057566,1.578849261823988,0.3700192864233212,0.7546966602521813,-0.08171608833146897,0.009508996833150984,0.003424052076540671
2025-09-04,"future_total_active_days:q1[1,12]",fixed_fold,UNC,21765,0.7722030783367793,0.8523273308385128,0.28650265172726574,1.5752932026769542,0.3617744593638829,0.7574582823437468,-0.1758524590347353,0.005952937686117155,-0.02961803954497303
2025-09-04,"future_total_active_days:q1[1,12]",fixed_fold,DIST,21765,0.7722030783367793,0.8523273308385128,0.28448114988895984,1.5697258977924078,0.375235877077786,0.758900695514482,-0.07727053594752385,0.00038563280157077884,0.055334237082418775
2025-09-04,"future_total_active_days:q1[1,12]",fixed_fold,ETX-AVG3,21765,0.7722030783367793,0.8523273308385128,0.2861495965510136,1.5743222921787643,0.36150370051909625,0.7588371582913658,-0.1779746356962283,0.004982027187927285,-0.02947700613024877
2025-09-04,"future_total_active_days:q1[1,12]",fixed_fold,SEQ-AVG3,21765,0.7722030783367793,0.8523273308385128,0.2844552353573718,1.5696543998428638,0.35293910166353126,0.7584178750219641,-0.06531329494292291,0.0003141348520268039,0.0030724253960939915
2025-09-04,"future_total_active_days:q1[1,12]",fixed_fold,BTYD,21765,0.7722030783367793,0.8523273308385128,0.3007373132511094,1.6139524438877668,0.41567101861520667,0.7442280011980448,0.22339644322651336,0.04461217889692981,0.0374033126298467
2025-09-04,"future_total_active_days:q1[1,12]",fixed_fold,FRESH,21765,0.7722030783367793,0.8523273308385128,0.2853020787923789,1.5719891497604142,0.38026341511190453,0.7598252884172308,-0.11734445661741116,0.0026488847695771423,0.10151737875719624
2025-09-04,"future_total_active_days:q1[1,12]",fixed_fold,ZERO2D,21765,0.7722030783367793,0.8523273308385128,0.28415283289629895,1.5688198334233452,0.35670849390944176,0.7595890684342635,-0.11271433687689565,-0.0005204315674918192,-0.12913293007127935
2025-09-04,"future_total_active_days:q1[1,12]",fixed_fold,BTYD05,21765,0.7722030783367793,0.8523273308385128,0.2843501664023784,1.5693644822054482,0.36654752159204834,0.7597520607025354,-0.10030743519317234,2.4217214611210736e-05,0.037403312629846974
2025-09-04,"future_total_active_days:q1[1,12]",fixed_fold,SEQ_SLOT_25,21765,0.7722030783367793,0.8523273308385128,0.28416619308859825,1.568856714083799,0.3629918331720673,0.7595570748112911,-0.10467780895937277,-0.0004835509070379995,0.022010780248739616
2025-09-04,"future_total_active_days:q1[1,12]",fixed_fold,SEQ_SLOT_50,21765,0.7722030783367793,0.8523273308385128,0.28434139072795533,1.569340264990837,0.3639618970384473,0.7595767318084511,-0.11734465876764334,0.0,0.016156293017349936
2025-09-04,"future_total_active_days:q1[1,12]",fixed_fold,SEQ_SLOT_75,21765,0.7722030783367793,0.8523273308385128,0.28457447682827014,1.5699833589644536,0.364931930816803,0.759536325758733,-0.13001153866393822,0.0006430939736166152,-0.022010780248739367
2025-09-04,"future_total_active_days:q1[1,12]",fixed_fold,BTYD05_FRESH1,21765,0.7722030783367793,0.8523273308385128,0.28534351795139834,1.572103308660677,0.382848943468781,0.759981620347637,-0.10030732923966469,0.0027630436698400374,0.07476283009834636
2025-09-04,"future_total_active_days:q1[1,12]",slice_shape_only,STRONGEST,21765,0.7722030783367793,0.8523273308385128,0.26779144496228907,1.5229842966999114,-0.04401414499265401,0.7595767318084511,-0.5573373869533366,0.0,
2025-09-04,"future_total_active_days:q1[1,12]",slice_shape_only,CAP,21765,0.7722030783367793,0.8523273308385128,0.2710071457459418,1.5321011804666773,-0.04794147725135567,0.7546966602521813,-0.5264544018073529,0.009116883766765893,0.003424052076540671
2025-09-04,"future_total_active_days:q1[1,12]",slice_shape_only,UNC,21765,0.7722030783367793,0.8523273308385128,0.26937119947784394,1.5274698833608826,-0.05082031857407214,0.7574582823437468,-0.6334014183369449,0.004485586660971208,-0.02961803954497303
2025-09-04,"future_total_active_days:q1[1,12]",slice_shape_only,DIST,21765,0.7722030783367793,0.8523273308385128,0.2674605773761311,1.5220431503469911,-0.033941234561956114,0.758900695514482,-0.5074460900404765,-0.0009411463529203079,0.055334237082418775
2025-09-04,"future_total_active_days:q1[1,12]",slice_shape_only,ETX-AVG3,21765,0.7722030783367793,0.8523273308385128,0.26883692203905635,1.5259543208860098,-0.05316525253079583,0.7588371582913658,-0.6417967784007809,0.0029700241860983745,-0.02947700613024877
2025-09-04,"future_total_active_days:q1[1,12]",slice_shape_only,SEQ-AVG3,21765,0.7722030783367793,0.8523273308385128,0.2690571028601367,1.5265790808831645,-0.04551387675673232,0.7584178750219641,-0.4921854860665141,0.003594784183253097,0.0030724253960939915
2025-09-04,"future_total_active_days:q1[1,12]",slice_shape_only,BTYD,21765,0.7722030783367793,0.8523273308385128,0.2794775025995357,1.5558599548724517,-0.07235529586079369,0.7442280011980448,-0.30422975537407726,0.032875658172540234,0.0374033126298467
2025-09-04,"future_total_active_days:q1[1,12]",slice_shape_only,FRESH,21765,0.7722030783367793,0.8523273308385128,0.26747805755373694,1.5220928869290284,-0.04354358452398093,0.7598252884172308,-0.570986553046178,-0.0008914097708829782,0.10151737875719624
2025-09-04,"future_total_active_days:q1[1,12]",slice_shape_only,ZERO2D,21765,0.7722030783367793,0.8523273308385128,0.2680470140652428,1.5237108600692932,-0.04597904282291275,0.7595890684342635,-0.5505886922676783,0.0007265633693818163,-0.12913293007127935
2025-09-04,"future_total_active_days:q1[1,12]",slice_shape_only,BTYD05,21765,0.7722030783367793,0.8523273308385128,0.26763237874012,1.522531908566838,-0.04474648751268332,0.7597520607025354,-0.5430788026758182,-0.0004523881330733559,0.037403312629846974
2025-09-04,"future_total_active_days:q1[1,12]",slice_shape_only,SEQ_SLOT_25,21765,0.7722030783367793,0.8523273308385128,0.2678242266711292,1.523077511962928,-0.0433997453459645,0.7595570748112911,-0.5409091892795147,9.321526301664385e-05,0.022010780248739616
2025-09-04,"future_total_active_days:q1[1,12]",slice_shape_only,SEQ_SLOT_50,21765,0.7722030783367793,0.8523273308385128,0.267791444962289,1.5229842966999112,-0.04401414499265402,0.7595767318084511,-0.5573373869533366,-2.220446049250313e-16,0.016156293017349936
2025-09-04,"future_total_active_days:q1[1,12]",slice_shape_only,SEQ_SLOT_75,21765,0.7722030783367793,0.8523273308385128,0.2678062606854422,1.5230264261294475,-0.04533686264179323,0.759536325758733,-0.5747519970425129,4.2129429536075236e-05,-0.022010780248739367
2025-09-04,"future_total_active_days:q1[1,12]",slice_shape_only,BTYD05_FRESH1,21765,0.7722030783367793,0.8523273308385128,0.2673408587414004,1.521702469628834,-0.04324613932759095,0.759981620347637,-0.5553886838617635,-0.0012818270710774904,0.07476283009834636
2025-09-04,"future_total_active_days:q2[12,17]",fixed_fold,STRONGEST,16160,0.6469678217821783,1.3477279704443899,0.2685168388937535,1.7698705243411095,0.2443788196355152,0.7501085030750292,-0.11734465876764338,0.0,
2025-09-04,"future_total_active_days:q2[12,17]",fixed_fold,CAP,16160,0.6469678217821783,1.3477279704443899,0.27166043986280347,1.7802005602686153,0.24577279741266012,0.7454797007835006,-0.08171608833146897,0.01033003592750581,-0.00926770157334685
2025-09-04,"future_total_active_days:q2[12,17]",fixed_fold,UNC,16160,0.6469678217821783,1.3477279704443899,0.26984782435117977,1.7742515531070289,0.2495013389748944,0.7489258208146344,-0.1758524590347353,0.0043810287659193925,-0.003623878505418803
2025-09-04,"future_total_active_days:q2[12,17]",fixed_fold,DIST,16160,0.6469678217821783,1.3477279704443899,0.26906134017959493,1.7716640966294084,0.24905838183041187,0.7488948881961882,-0.07727053594752385,0.0017935722882989058,0.010937745060836347
2025-09-04,"future_total_active_days:q2[12,17]",fixed_fold,ETX-AVG3,16160,0.6469678217821783,1.3477279704443899,0.2699244449717969,1.7745034258186583,0.24795069055849697,0.7491092872881608,-0.1779746356962283,0.004632901477548801,-0.014517197685403401
2025-09-04,"future_total_active_days:q2[12,17]",fixed_fold,SEQ-AVG3,16160,0.6469678217821783,1.3477279704443899,0.2684987957600017,1.769811059640126,0.23020985014462528,0.7497802903893864,-0.06531329494292291,-5.946470098350254e-05,0.013475162072551087
2025-09-04,"future_total_active_days:q2[12,17]",fixed_fold,BTYD,16160,0.6469678217821783,1.3477279704443899,0.27830479484391707,1.8018393949234535,0.27596930268210207,0.7402725088239696,0.22339644322651336,0.03196887058234399,0.05827560348498446
2025-09-04,"future_total_active_days:q2[12,17]",fixed_fold,FRESH,16160,0.6469678217821783,1.3477279704443899,0.2686323762488545,1.7702512531033432,0.25783779374496046,0.7505050441544266,-0.11734445661741116,0.00038072876223371743,0.10156451051887437
2025-09-04,"future_total_active_days:q2[12,17]",fixed_fold,ZERO2D,16160,0.6469678217821783,1.3477279704443899,0.2685956278268657,1.770130165381247,0.2402769162351168,0.7501046972731933,-0.11271433687689565,0.00025964104013742606,-0.09034243594179485
2025-09-04,"future_total_active_days:q2[12,17]",fixed_fold,BTYD05,16160,0.6469678217821783,1.3477279704443899,0.2682455937925835,1.7689763718378728,0.24595851226260765,0.750446783531608,-0.10030743519317234,-0.000894152503236656,0.05827560348498463
2025-09-04,"future_total_active_days:q2[12,17]",fixed_fold,SEQ_SLOT_25,16160,0.6469678217821783,1.3477279704443899,0.268360394283182,1.769354863855696,0.2423755257194032,0.7501688929349983,-0.10467780895937277,-0.0005156604854135161,0.019167411080423694
2025-09-04,"future_total_active_days:q2[12,17]",fixed_fold,SEQ_SLOT_50,16160,0.6469678217821783,1.3477279704443899,0.2685168388937535,1.7698705243411095,0.24437881963551525,0.7501085030750292,-0.11734465876764334,0.0,-0.0016313665584222455
2025-09-04,"future_total_active_days:q2[12,17]",fixed_fold,SEQ_SLOT_75,16160,0.6469678217821783,1.3477279704443899,0.2687229175731336,1.7705495555488435,0.24638208346360294,0.749971594802817,-0.13001153866393822,0.0006790312077340488,-0.019167411080423795
2025-09-04,"future_total_active_days:q2[12,17]",fixed_fold,BTYD05_FRESH1,16160,0.6469678217821783,1.3477279704443899,0.2683873967402362,1.7694438779724824,0.2594173901753283,0.7508176396400248,-0.10030732923966469,-0.0004266463686271038,0.09166278607041672
2025-09-04,"future_total_active_days:q2[12,17]",slice_shape_only,STRONGEST,16160,0.6469678217821783,1.3477279704443899,0.26332561528272974,1.7526786137610906,-0.007818820932189332,0.7501085030750292,-0.37156010690449426,0.0,
2025-09-04,"future_total_active_days:q2[12,17]",slice_shape_only,CAP,16160,0.6469678217821783,1.3477279704443899,0.2664556814233922,1.7630646021901695,-0.00424967446684062,0.7454797007835006,-0.33248463648998183,0.010385988429078896,-0.00926770157334685
2025-09-04,"future_total_active_days:q2[12,17]",slice_shape_only,UNC,16160,0.6469678217821783,1.3477279704443899,0.26429761232233595,1.755910409537785,-0.017434798510815152,0.7489258208146344,-0.4478867051043963,0.0032317957766945238,-0.003623878505418803
2025-09-04,"future_total_active_days:q2[12,17]",slice_shape_only,DIST,16160,0.6469678217821783,1.3477279704443899,0.26371997611210374,1.7539905431019116,-0.0032589373036389286,0.7488948881961882,-0.33023670830749613,0.0013119293408210275,0.010937745060836347
2025-09-04,"future_total_active_days:q2[12,17]",slice_shape_only,ETX-AVG3,16160,0.6469678217821783,1.3477279704443899,0.26438094696702863,1.7561872123361206,-0.022199834153868375,0.7491092872881608,-0.4547057111888569,0.003508598575030053,-0.014517197685403401
2025-09-04,"future_total_active_days:q2[12,17]",slice_shape_only,SEQ-AVG3,16160,0.6469678217821783,1.3477279704443899,0.2638830670993262,1.7545328149473727,-0.007482158701098497,0.7497802903893864,-0.30474314814019005,0.0018542011862821006,0.013475162072551087
2025-09-04,"future_total_active_days:q2[12,17]",slice_shape_only,BTYD,16160,0.6469678217821783,1.3477279704443899,0.2717751097671073,1.780576238616856,-0.00019813835375142403,0.7402725088239696,-0.05279084140041844,0.027897624855765413,0.05827560348498446
2025-09-04,"future_total_active_days:q2[12,17]",slice_shape_only,FRESH,16160,0.6469678217821783,1.3477279704443899,0.26287921412338494,1.7511923746908178,-0.006384306596158659,0.7505050441544266,-0.3831467262445337,-0.001486239070272788,0.10156451051887437
2025-09-04,"future_total_active_days:q2[12,17]",slice_shape_only,ZERO2D,16160,0.6469678217821783,1.3477279704443899,0.2635518859833185,1.753431473790722,-0.01007052816123404,0.7501046972731933,-0.3656741671072973,0.0007528600296313748,-0.09034243594179485
2025-09-04,"future_total_active_days:q2[12,17]",slice_shape_only,BTYD05,16160,0.6469678217821783,1.3477279704443899,0.2630014497173742,1.7515994688063028,-0.007119275544625829,0.750446783531608,-0.355068133186614,-0.0010791449547877807,0.05827560348498463
2025-09-04,"future_total_active_days:q2[12,17]",slice_shape_only,SEQ_SLOT_25,16160,0.6469678217821783,1.3477279704443899,0.26326466164516066,1.7524757502457504,-0.006644426088680248,0.7501688929349983,-0.35532726808859266,-0.000202863515340157,0.019167411080423694
2025-09-04,"future_total_active_days:q2[12,17]",slice_shape_only,SEQ_SLOT_50,16160,0.6469678217821783,1.3477279704443899,0.26332561528272974,1.7526786137610906,-0.007818820932189347,0.7501085030750292,-0.37156010690449426,0.0,-0.0016313665584222455
2025-09-04,"future_total_active_days:q2[12,17]",slice_shape_only,SEQ_SLOT_75,16160,0.6469678217821783,1.3477279704443899,0.26343268169037787,1.753034891163126,-0.010197782066400384,0.749971594802817,-0.3891185837365395,0.0003562774020353654,-0.019167411080423795
2025-09-04,"future_total_active_days:q2[12,17]",slice_shape_only,BTYD05_FRESH1,16160,0.6469678217821783,1.3477279704443899,0.2625750494735409,1.750178972047951,-0.004587185569079498,0.7508176396400248,-0.36556629172995503,-0.0024996417131395443,0.09166278607041672
2025-09-04,"future_total_active_days:q3[17,23]",fixed_fold,STRONGEST,19587,0.5605248379026906,1.7225200977091177,0.35604896596632213,1.8511743097048898,0.15263957203177084,0.7565153638189298,-0.11734465876764338,0.0,
2025-09-04,"future_total_active_days:q3[17,23]",fixed_fold,CAP,19587,0.5605248379026906,1.7225200977091177,0.36033542058760304,1.8622840669735994,0.15090928758999045,0.751501805703081,-0.08171608833146897,0.011109757268709552,-0.013864239043713839
2025-09-04,"future_total_active_days:q3[17,23]",fixed_fold,UNC,19587,0.5605248379026906,1.7225200977091177,0.35774853222689784,1.8555872530347017,0.1601521688464625,0.7554935160940911,-0.1758524590347353,0.0044129433298119025,-0.0041787235056384795
2025-09-04,"future_total_active_days:q3[17,23]",fixed_fold,DIST,19587,0.5605248379026906,1.7225200977091177,0.35675290630619044,1.8530033738773597,0.15248512196338213,0.7552877276100944,-0.07727053594752385,0.001829064172469863,0.0035072801207840414
2025-09-04,"future_total_active_days:q3[17,23]",fixed_fold,ETX-AVG3,19587,0.5605248379026906,1.7225200977091177,0.3581004726539133,1.8564997594140618,0.1580708819442655,0.7549332309298826,-0.1779746356962283,0.0053254497091719255,-0.01931550661825833
2025-09-04,"future_total_active_days:q3[17,23]",fixed_fold,SEQ-AVG3,19587,0.5605248379026906,1.7225200977091177,0.3558379895314115,1.8506257727530142,0.14129932795489006,0.7571613567097172,-0.06531329494292291,-0.0005485369518756222,0.027817256756594272
2025-09-04,"future_total_active_days:q3[17,23]",fixed_fold,BTYD,19587,0.5605248379026906,1.7225200977091177,0.3665388256749653,1.8782458685396126,0.1689784279398767,0.7524017050885587,0.22339644322651336,0.027071558834722786,0.06987840975696799
2025-09-04,"future_total_active_days:q3[17,23]",fixed_fold,FRESH,19587,0.5605248379026906,1.7225200977091177,0.3556533755559879,1.8501456445543403,0.1632770167031051,0.7571362263577881,-0.11734445661741116,-0.001028665150549557,0.11098153629342647
2025-09-04,"future_total_active_days:q3[17,23]",fixed_fold,ZERO2D,19587,0.5605248379026906,1.7225200977091177,0.35621273215802557,1.851599988395144,0.15043347998690046,0.7565130042111486,-0.11271433687689565,0.00042567869025411653,-0.06945379636493895
2025-09-04,"future_total_active_days:q3[17,23]",fixed_fold,BTYD05,19587,0.5605248379026906,1.7225200977091177,0.3555093026044485,1.8497708653977019,0.1534561722507999,0.7571567221437614,-0.10030743519317234,-0.0014034443071879732,0.06987840975696816
2025-09-04,"future_total_active_days:q3[17,23]",fixed_fold,SEQ_SLOT_25,19587,0.5605248379026906,1.7225200977091177,0.35579807298623434,1.8505219717801225,0.15074589665738647,0.7567690798520054,-0.10467780895937277,-0.0006523379247673766,0.03325591893135618
2025-09-04,"future_total_active_days:q3[17,23]",fixed_fold,SEQ_SLOT_50,19587,0.5605248379026906,1.7225200977091177,0.35604896596632213,1.8511743097048898,0.15263957203177084,0.7565153638189298,-0.11734465876764334,0.0,-0.011404243938844235
2025-09-04,"future_total_active_days:q3[17,23]",fixed_fold,SEQ_SLOT_75,19587,0.5605248379026906,1.7225200977091177,0.3563641817411238,1.8519935653515915,0.15453350690173176,0.7562018428388635,-0.13001153866393822,0.0008192556467017109,-0.03325591893135625
2025-09-04,"future_total_active_days:q3[17,23]",fixed_fold,BTYD05_FRESH1,19587,0.5605248379026906,1.7225200977091177,0.3551459145053928,1.8488252409487727,0.16409405867397722,0.7577426878823411,-0.10030732923966469,-0.0023490687561171786,0.10700613295946
2025-09-04,"future_total_active_days:q3[17,23]",slice_shape_only,STRONGEST,19587,0.5605248379026906,1.7225200977091177,0.3536221904697583,1.8448548621912142,-0.000822378916464762,0.7565153638189298,-0.27100570595537504,0.0,
2025-09-04,"future_total_active_days:q3[17,23]",slice_shape_only,CAP,19587,0.5605248379026906,1.7225200977091177,0.3579614783664994,1.8561394305048429,-0.0007063898124040843,0.751501805703081,-0.23347980172175625,0.011284568313628673,-0.013864239043713839
2025-09-04,"future_total_active_days:q3[17,23]",slice_shape_only,UNC,19587,0.5605248379026906,1.7225200977091177,0.3550368398095105,1.8485413076007884,-0.0044406047679191405,0.7554935160940911,-0.3413307880411008,0.0036864454095741905,-0.0041787235056384795
2025-09-04,"future_total_active_days:q3[17,23]",slice_shape_only,DIST,19587,0.5605248379026906,1.7225200977091177,0.35433654974929485,1.8467173362150866,-2.9020992934501463e-17,0.7552877276100944,-0.22981673072835115,0.001862474023872407,0.0035072801207840414
2025-09-04,"future_total_active_days:q3[17,23]",slice_shape_only,ETX-AVG3,19587,0.5605248379026906,1.7225200977091177,0.35545844106458985,1.8496385403654758,-0.004686628377404054,0.7549332309298826,-0.34183432683945286,0.0047836781742616186,-0.01931550661825833
2025-09-04,"future_total_active_days:q3[17,23]",slice_shape_only,SEQ-AVG3,19587,0.5605248379026906,1.7225200977091177,0.35375680988458524,1.845205985023654,-0.0010840442954006561,0.7571613567097172,-0.20793588708414074,0.0003511228324397653,0.027817256756594272
2025-09-04,"future_total_active_days:q3[17,23]",slice_shape_only,BTYD,19587,0.5605248379026906,1.7225200977091177,0.3635720983581117,1.8706292613922975,2.1765744700876097e-17,0.7524017050885587,0.0544180152866367,0.025774399201083265,0.06987840975696799
2025-09-04,"future_total_active_days:q3[17,23]",slice_shape_only,FRESH,19587,0.5605248379026906,1.7225200977091177,0.3528801937312241,1.8429183390431672,-0.00045169251610063934,0.7571362263577881,-0.28121533332502446,-0.0019365231480470424,0.11098153629342647
2025-09-04,"future_total_active_days:q3[17,23]",slice_shape_only,ZERO2D,19587,0.5605248379026906,1.7225200977091177,0.3538524287173222,1.845455343504734,-0.0008223789164647779,0.7565130042111486,-0.26424185214012036,0.0006004813135198628,-0.06945379636493895
2025-09-04,"future_total_active_days:q3[17,23]",slice_shape_only,BTYD05,19587,0.5605248379026906,1.7225200977091177,0.3530591626103226,1.8433856126771768,-0.0005895755168552436,0.7571567221437614,-0.25449576992530515,-0.001469249514037374,0.06987840975696816
2025-09-04,"future_total_active_days:q3[17,23]",slice_shape_only,SEQ_SLOT_25,19587,0.5605248379026906,1.7225200977091177,0.35343233014336356,1.8443595429171693,-0.0005895755168551551,0.7567690798520054,-0.25616819399794966,-0.000495319274044892,0.03325591893135618
2025-09-04,"future_total_active_days:q3[17,23]",slice_shape_only,SEQ_SLOT_50,19587,0.5605248379026906,1.7225200977091177,0.3536221904697583,1.8448548621912142,-0.0008223789164647895,0.7565153638189298,-0.27100570595537504,0.0,-0.011404243938844235
2025-09-04,"future_total_active_days:q3[17,23]",slice_shape_only,SEQ_SLOT_75,19587,0.5605248379026906,1.7225200977091177,0.35387407655155956,1.8455117928846627,-0.0011790616567521088,0.7562018428388635,-0.28598945129499814,0.0006569306934485208,-0.03325591893135625
2025-09-04,"future_total_active_days:q3[17,23]",slice_shape_only,BTYD05_FRESH1,19587,0.5605248379026906,1.7225200977091177,0.3523465909513622,1.8415244404891897,-0.00045169251610062194,0.7577426878823411,-0.2649515112168513,-0.0033304217020244664,0.10700613295946
2025-09-04,"future_total_active_days:q4[23,29]",fixed_fold,STRONGEST,19117,0.47570225453784587,2.100751681921609,0.3646411511573133,1.8962665369050706,0.05591268191673195,0.7625180031825196,-0.11734465876764338,0.0,
2025-09-04,"future_total_active_days:q4[23,29]",fixed_fold,CAP,19117,0.47570225453784587,2.100751681921609,0.36855076286869354,1.906405134384179,0.05214595996561859,0.7590727548323484,-0.08171608833146897,0.010138597479108391,-0.00865680428115992
2025-09-04,"future_total_active_days:q4[23,29]",fixed_fold,UNC,19117,0.47570225453784587,2.100751681921609,0.36617343089739784,1.9002465659347316,0.06395130528222043,0.7615702654512612,-0.1758524590347353,0.003980029029660992,-0.003949249636319058
2025-09-04,"future_total_active_days:q4[23,29]",fixed_fold,DIST,19117,0.47570225453784587,2.100751681921609,0.3660708082029692,1.8999802685039837,0.053579962456597116,0.7607954036922469,-0.07727053594752385,0.0037137315989130837,-0.019319226251765416
2025-09-04,"future_total_active_days:q4[23,29]",fixed_fold,ETX-AVG3,19117,0.47570225453784587,2.100751681921609,0.3656862284524836,1.898981983566015,0.061208022390494006,0.7612664776885167,-0.1779746356962283,0.002715446660944476,0.0025025418560572954
2025-09-04,"future_total_active_days:q4[23,29]",fixed_fold,SEQ-AVG3,19117,0.47570225453784587,2.100751681921609,0.3648760083674067,1.8968771100395445,0.047535791080756035,0.7629441782470804,-0.06531329494292291,0.0006105731344738796,0.023500869173589473
2025-09-04,"future_total_active_days:q4[23,29]",fixed_fold,BTYD,19117,0.47570225453784587,2.100751681921609,0.37874471208532845,1.9325904574104038,0.06084436276706317,0.7544052132920323,0.22339644322651336,0.036323920505333174,0.05297497322311475
2025-09-04,"future_total_active_days:q4[23,29]",fixed_fold,FRESH,19117,0.47570225453784587,2.100751681921609,0.3641609892522639,1.8950176173981672,0.06375443081998106,0.7630398730379989,-0.11734445661741116,-0.0012489195069034231,0.0789998146254726
2025-09-04,"future_total_active_days:q4[23,29]",fixed_fold,ZERO2D,19117,0.47570225453784587,2.100751681921609,0.36479768350085834,1.8966735057778756,0.05525889688676993,0.7625165220937522,-0.11271433687689565,0.0004069688728050025,-0.051994489399634
2025-09-04,"future_total_active_days:q4[23,29]",fixed_fold,BTYD05,19117,0.47570225453784587,2.100751681921609,0.3642090660870672,1.8951427041658897,0.05615943443401151,0.7629777550779897,-0.10030743519317234,-0.00112383273918093,0.052974973223114834
2025-09-04,"future_total_active_days:q4[23,29]",fixed_fold,SEQ_SLOT_25,19117,0.47570225453784587,2.100751681921609,0.3645488497031228,1.89602652115817,0.05436788268465533,0.7627035342354547,-0.10467780895937277,-0.00024001574690069027,0.015660053925035763
2025-09-04,"future_total_active_days:q4[23,29]",fixed_fold,SEQ_SLOT_50,19117,0.47570225453784587,2.100751681921609,0.3646411511573133,1.8962665369050706,0.05591268191673195,0.7625180031825196,-0.11734465876764334,0.0,-0.003143318468380363
2025-09-04,"future_total_active_days:q4[23,29]",fixed_fold,SEQ_SLOT_75,19117,0.47570225453784587,2.100751681921609,0.36479819074778463,1.896674824428617,0.05745745106078417,0.7622912210646545,-0.13001153866393822,0.00040828752354626907,-0.015660053925035437
2025-09-04,"future_total_active_days:q4[23,29]",fixed_fold,BTYD05_FRESH1,19117,0.47570225453784587,2.100751681921609,0.3637588058132276,1.8939708890672258,0.06400108714053605,0.7634640458899666,-0.10030732923966469,-0.002295647837844861,0.08040211314396506
2025-09-04,"future_total_active_days:q4[23,29]",slice_shape_only,STRONGEST,19117,0.47570225453784587,2.100751681921609,0.3643241108846629,1.8954419953073387,6.095569841745903e-17,0.7625180031825196,-0.17326344676352898,0.0,
2025-09-04,"future_total_active_days:q4[23,29]",slice_shape_only,CAP,19117,0.47570225453784587,2.100751681921609,0.36827435255620083,1.905690105504515,-9.683325282436634e-05,0.7590727548323484,-0.13397269688338706,0.010248110197176308,-0.00865680428115992
2025-09-04,"future_total_active_days:q4[23,29]",slice_shape_only,UNC,19117,0.47570225453784587,2.100751681921609,0.3657564051593094,1.8991641860919513,-0.0005107032378112577,0.7615702654512612,-0.24039915783052623,0.0037221907846125557,-0.003949249636319058
2025-09-04,"future_total_active_days:q4[23,29]",slice_shape_only,DIST,19117,0.47570225453784587,2.100751681921609,0.36577958602563027,1.8992243676403522,-9.683325282438938e-05,0.7607954036922469,-0.13094760653150941,0.003782372333013484,-0.019319226251765416
2025-09-04,"future_total_active_days:q4[23,29]",slice_shape_only,ETX-AVG3,19117,0.47570225453784587,2.100751681921609,0.36530313120766356,1.8979870248525605,-0.00027471474604649705,0.7612664776885167,-0.2395382410911046,0.002545029545221844,0.0025025418560572954
2025-09-04,"future_total_active_days:q4[23,29]",slice_shape_only,SEQ-AVG3,19117,0.47570225453784587,2.100751681921609,0.36464680688399337,1.8962812427653735,-4.683181707682828e-17,0.7629441782470804,-0.11286449018584524,0.0008392474580347642,0.023500869173589473
2025-09-04,"future_total_active_days:q4[23,29]",slice_shape_only,BTYD,19117,0.47570225453784587,2.100751681921609,0.3783693005522213,1.9316324286968325,5.203535230758698e-17,0.7544052132920323,0.16255208045945024,0.03619043338949379,0.05297497322311475
2025-09-04,"future_total_active_days:q4[23,29]",slice_shape_only,FRESH,19117,0.47570225453784587,2.100751681921609,0.36374880399815157,1.8939448508291066,-4.608845490100561e-17,0.7630398730379989,-0.18110135457586898,-0.0014971444782321264,0.0789998146254726
2025-09-04,"future_total_active_days:q4[23,29]",slice_shape_only,ZERO2D,19117,0.47570225453784587,2.100751681921609,0.36448770615825843,1.8958675100349547,-9.68332528244481e-05,0.7625165220937522,-0.16808241254221823,0.0004255147276159832,-0.051994489399634
2025-09-04,"future_total_active_days:q4[23,29]",slice_shape_only,BTYD05,19117,0.47570225453784587,2.100751681921609,0.3638892372125352,1.8943104150510939,2.676103832961616e-17,0.7629777550779897,-0.1564691445071664,-0.001131580256244824,0.052974973223114834
2025-09-04,"future_total_active_days:q4[23,29]",slice_shape_only,SEQ_SLOT_25,19117,0.47570225453784587,2.100751681921609,0.3642490911005661,1.8952468353305296,-2.601767615379349e-17,0.7627035342354547,-0.15905069640588057,-0.00019515997680907837,0.015660053925035763
2025-09-04,"future_total_active_days:q4[23,29]",slice_shape_only,SEQ_SLOT_50,19117,0.47570225453784587,2.100751681921609,0.3643241108846629,1.8954419953073387,5.723888753834568e-17,0.7625180031825196,-0.17326344676352892,0.0,-0.003143318468380363
2025-09-04,"future_total_active_days:q4[23,29]",slice_shape_only,SEQ_SLOT_75,19117,0.47570225453784587,2.100751681921609,0.3644627977426528,1.89580272888886,-9.683325282438938e-05,0.7622912210646545,-0.1875755655360886,0.00036073358152122204,-0.015660053925035437
2025-09-04,"future_total_active_days:q4[23,29]",slice_shape_only,BTYD05_FRESH1,19117,0.47570225453784587,2.100751681921609,0.36334342944745784,1.8928892170267586,7.284949323062177e-17,0.7634640458899666,-0.16430870046602405,-0.0025527782805800925,0.08040211314396506
2025-09-04,"future_total_active_days:q5[29,35]",fixed_fold,STRONGEST,18169,0.40007705432329793,2.455863806216001,0.3529085772661899,1.9135596568290443,-0.0255033694014333,0.767074582145368,-0.11734465876764338,0.0,
2025-09-04,"future_total_active_days:q5[29,35]",fixed_fold,CAP,18169,0.40007705432329793,2.455863806216001,0.3571771268248842,1.925097451520839,-0.0303295588092881,0.7635735390075487,-0.08171608833146897,0.011537794691794723,-0.016311715031381638
2025-09-04,"future_total_active_days:q5[29,35]",fixed_fold,UNC,18169,0.40007705432329793,2.455863806216001,0.354185854484201,1.9170193894468703,-0.017389846947701595,0.7660448290528713,-0.1758524590347353,0.0034597326178260612,-0.003530935451798412
2025-09-04,"future_total_active_days:q5[29,35]",fixed_fold,DIST,18169,0.40007705432329793,2.455863806216001,0.3541478118939553,1.9169164345425584,-0.027920150946896392,0.7657182821104073,-0.07727053594752385,0.0033567777135141696,-0.015031259006318713
2025-09-04,"future_total_active_days:q5[29,35]",fixed_fold,ETX-AVG3,18169,0.40007705432329793,2.455863806216001,0.353331513626434,1.914705947507519,-0.02073279097721188,0.7662802008276949,-0.1779746356962283,0.001146290678474715,0.01464474765330248
2025-09-04,"future_total_active_days:q5[29,35]",fixed_fold,SEQ-AVG3,18169,0.40007705432329793,2.455863806216001,0.3537296322688335,1.9157843476754293,-0.032886785300714164,0.7670653182232958,-0.06531329494292291,0.0022246908463849913,0.013653900524093737
2025-09-04,"future_total_active_days:q5[29,35]",fixed_fold,BTYD,18169,0.40007705432329793,2.455863806216001,0.3686675029346155,1.9558175014766548,-0.024042130796230153,0.7564551867235628,0.22339644322651336,0.04225784464761051,0.04681873684016129
2025-09-04,"future_total_active_days:q5[29,35]",fixed_fold,FRESH,18169,0.40007705432329793,2.455863806216001,0.352340925817973,1.9120200625363928,-0.020544341467834834,0.7675924278165038,-0.11734445661741116,-0.0015395942926514916,0.07212988182699688
2025-09-04,"future_total_active_days:q5[29,35]",fixed_fold,ZERO2D,18169,0.40007705432329793,2.455863806216001,0.3530494778345732,1.9139416179856479,-0.02493157497382911,0.76707064434743,-0.11271433687689565,0.0003819611566036052,-0.05234079593733607
2025-09-04,"future_total_active_days:q5[29,35]",fixed_fold,BTYD05,18169,0.40007705432329793,2.455863806216001,0.3525343783858017,1.912544887225156,-0.02543013899641019,0.7673872584470184,-0.10030743519317234,-0.0010147696038882437,0.04681873684016139
2025-09-04,"future_total_active_days:q5[29,35]",fixed_fold,SEQ_SLOT_25,18169,0.40007705432329793,2.455863806216001,0.35294102329054766,1.9136476200867245,-0.026878246022026455,0.7671814075355821,-0.10467780895937277,8.796325768023472e-05,0.0009271291711432061
2025-09-04,"future_total_active_days:q5[29,35]",fixed_fold,SEQ_SLOT_50,18169,0.40007705432329793,2.455863806216001,0.3529085772661899,1.9135596568290443,-0.025503369401433322,0.767074582145368,-0.11734465876764334,0.0,0.0010836194485110899
2025-09-04,"future_total_active_days:q5[29,35]",fixed_fold,SEQ_SLOT_75,18169,0.40007705432329793,2.455863806216001,0.352939910115327,1.913644602264127,-0.02412852286886462,0.7669317486220862,-0.13001153866393822,8.494543508263952e-05,-0.0009271291711430866
2025-09-04,"future_total_active_days:q5[29,35]",fixed_fold,BTYD05_FRESH1,18169,0.40007705432329793,2.455863806216001,0.35199582327751006,1.9110834630901583,-0.020471207259536224,0.7678636436494803,-0.10030732923966469,-0.002476193738885968,0.07365704392536442
2025-09-04,"future_total_active_days:q5[29,35]",slice_shape_only,STRONGEST,18169,0.40007705432329793,2.455863806216001,0.3528458908669726,1.9133896985174932,-3.12859369590005e-17,0.767074582145368,-0.09184128936620999,0.0,
2025-09-04,"future_total_active_days:q5[29,35]",slice_shape_only,CAP,18169,0.40007705432329793,2.455863806216001,0.35708847036471886,1.9248585183629634,1.0774094540255798e-16,0.7635735390075487,-0.05138652952218086,0.011468819845470213,-0.016311715031381638
2025-09-04,"future_total_active_days:q5[29,35]",slice_shape_only,UNC,18169,0.40007705432329793,2.455863806216001,0.3541574922273604,1.9169426330150168,-0.00023878023748910248,0.7660448290528713,-0.15869455675806024,0.0035529344975235855,-0.003530935451798412
2025-09-04,"future_total_active_days:q5[29,35]",slice_shape_only,DIST,18169,0.40007705432329793,2.455863806216001,0.3540726818357845,1.9167130933424692,2.033585902335033e-17,0.7657182821104073,-0.049350385000627404,0.0033233948249760115,-0.015031259006318713
2025-09-04,"future_total_active_days:q5[29,35]",slice_shape_only,ETX-AVG3,18169,0.40007705432329793,2.455863806216001,0.35329008436475823,1.9145936914872062,1.4078671631550225e-17,0.7662802008276949,-0.15724149577871196,0.0012039929697129637,0.01464474765330248
2025-09-04,"future_total_active_days:q5[29,35]",slice_shape_only,SEQ-AVG3,18169,0.40007705432329793,2.455863806216001,0.3536253934197091,1.9155020503336004,1.1302044726438931e-16,0.7670653182232958,-0.03242614974436912,0.0021123518161072496,0.013653900524093737
2025-09-04,"future_total_active_days:q5[29,35]",slice_shape_only,BTYD,18169,0.40007705432329793,2.455863806216001,0.36861179409501915,1.9556697254467996,-2.3464452719250376e-18,0.7564551867235628,0.24743857402274358,0.042280026929306436,0.04681873684016129
2025-09-04,"future_total_active_days:q5[29,35]",slice_shape_only,FRESH,18169,0.40007705432329793,2.455863806216001,0.35230024753145095,1.9119096865634957,-5.709683495017592e-17,0.7675924278165038,-0.09680011514957634,-0.0014800119539974954,0.07212988182699688
2025-09-04,"future_total_active_days:q5[29,35]",slice_shape_only,ZERO2D,18169,0.40007705432329793,2.455863806216001,0.35298957082647875,1.9137792280267971,-6.726476446185108e-17,0.76707064434743,-0.0877827619030666,0.00038952950930393193,-0.05234079593733607
2025-09-04,"future_total_active_days:q5[29,35]",slice_shape_only,BTYD05,18169,0.40007705432329793,2.455863806216001,0.35247205146533994,1.9123758139240592,4.6537831226513247e-17,0.7673872584470184,-0.07487729619676221,-0.001013884593433989,0.04681873684016139
2025-09-04,"future_total_active_days:q5[29,35]",slice_shape_only,SEQ_SLOT_25,18169,0.40007705432329793,2.455863806216001,0.3528713959109636,1.9134588508129367,8.799169769718891e-17,0.7671814075355821,-0.07779956293734641,6.915229544346424e-05,0.0009271291711432061
2025-09-04,"future_total_active_days:q5[29,35]",slice_shape_only,SEQ_SLOT_50,18169,0.40007705432329793,2.455863806216001,0.3528458908669726,1.9133896985174932,-5.553253810222589e-17,0.767074582145368,-0.09184128936620997,0.0,0.0010836194485110899
2025-09-04,"future_total_active_days:q5[29,35]",slice_shape_only,SEQ_SLOT_75,18169,0.40007705432329793,2.455863806216001,0.3528838001923803,1.913492481866285,1.173222635962519e-17,0.7669317486220862,-0.10588301579507352,0.00010278334879187945,-0.0009271291711430866
2025-09-04,"future_total_active_days:q5[29,35]",slice_shape_only,BTYD05_FRESH1,18169,0.40007705432329793,2.455863806216001,0.3519554340904556,1.910973817866171,6.961120973377612e-17,0.7678636436494803,-0.07983612198012856,-0.0024158806513221442,0.07365704392536442
2025-09-04,"future_total_active_days:q6[35,42]",fixed_fold,STRONGEST,19587,0.33716240363506406,2.7847077756384175,0.3738476596481413,1.8968796757546391,-0.07456382137781355,0.7740135693449568,-0.11734465876764338,0.0,
2025-09-04,"future_total_active_days:q6[35,42]",fixed_fold,CAP,19587,0.33716240363506406,2.7847077756384175,0.37826747411015244,1.9080596602678217,-0.07808454429727998,0.7710511912960026,-0.08171608833146897,0.011179984513182584,-0.01538426894436718
2025-09-04,"future_total_active_days:q6[35,42]",fixed_fold,UNC,19587,0.33716240363506406,2.7847077756384175,0.3749662677801458,1.899715429987404,-0.06875970017466984,0.7731356916301069,-0.1758524590347353,0.002835754232764831,0.0006331935872534206
2025-09-04,"future_total_active_days:q6[35,42]",fixed_fold,DIST,19587,0.33716240363506406,2.7847077756384175,0.3755006283529707,1.9010685805320424,-0.07707044673371202,0.7725311294418321,-0.07727053594752385,0.004188904777403302,-0.023803019185900453
2025-09-04,"future_total_active_days:q6[35,42]",fixed_fold,ETX-AVG3,19587,0.33716240363506406,2.7847077756384175,0.37441676435558585,1.8983229275719928,-0.07275566577641569,0.7727489164533428,-0.1779746356962283,0.001443251817353719,0.011214441708489255
2025-09-04,"future_total_active_days:q6[35,42]",fixed_fold,SEQ-AVG3,19587,0.33716240363506406,2.7847077756384175,0.37449561016390165,1.8985227943261074,-0.07738557584236766,0.7745776310567427,-0.06531329494292291,0.0016431185714682606,0.01933995972098372
2025-09-04,"future_total_active_days:q6[35,42]",fixed_fold,BTYD,19587,0.33716240363506406,2.7847077756384175,0.39301770552761695,1.9449055162734992,-0.08663783714216466,0.764762362448252,0.22339644322651336,0.04802584051886005,0.041164032117867656
2025-09-04,"future_total_active_days:q6[35,42]",fixed_fold,FRESH,19587,0.33716240363506406,2.7847077756384175,0.37317680557083843,1.8951769757111072,-0.07322450474481801,0.7745953649586869,-0.11734445661741116,-0.0017027000435319017,0.07636736066743743
2025-09-04,"future_total_active_days:q6[35,42]",fixed_fold,ZERO2D,19587,0.33716240363506406,2.7847077756384175,0.3739401191040761,1.897114228005605,-0.07296857361206971,0.7740121697604561,-0.11271433687689565,0.0002345522509659137,-0.04478882814815959
2025-09-04,"future_total_active_days:q6[35,42]",fixed_fold,BTYD05,19587,0.33716240363506406,2.7847077756384175,0.3735098899175719,1.8960225708547964,-0.07516744889662413,0.7743631738900234,-0.10030743519317234,-0.0008571048998426978,0.04116403211786776
2025-09-04,"future_total_active_days:q6[35,42]",fixed_fold,SEQ_SLOT_25,19587,0.33716240363506406,2.7847077756384175,0.3738356542705906,1.8968492182421786,-0.0750913906427667,0.7742214193065123,-0.10467780895937277,-3.0457512460557723e-05,0.007606706048312621
2025-09-04,"future_total_active_days:q6[35,42]",fixed_fold,SEQ_SLOT_50,19587,0.33716240363506406,2.7847077756384175,0.3738476596481414,1.8968796757546393,-0.07456382137781357,0.7740135693449568,-0.11734465876764334,2.220446049250313e-16,0.0015548324679015913
2025-09-04,"future_total_active_days:q6[35,42]",fixed_fold,SEQ_SLOT_75,19587,0.33716240363506406,2.7847077756384175,0.373927606804495,1.8970824883514232,-0.07403628219934878,0.7737553460045804,-0.13001153866393822,0.00020281259678411878,-0.0076067060483125774
2025-09-04,"future_total_active_days:q6[35,42]",fixed_fold,BTYD05_FRESH1,19587,0.33716240363506406,2.7847077756384175,0.3728665466997101,1.8943889876504154,-0.0738281282441889,0.7749189488952449,-0.10030732923966469,-0.002490688104223704,0.07421448523209112
2025-09-04,"future_total_active_days:q6[35,42]",slice_shape_only,STRONGEST,19587,0.33716240363506406,2.7847077756384175,0.37326999928819854,1.8954136029068354,-9.286717739040468e-17,0.7740135693449568,-0.04278073717366556,0.0,
2025-09-04,"future_total_active_days:q6[35,42]",slice_shape_only,CAP,19587,0.33716240363506406,2.7847077756384175,0.3776339743127931,1.9064612385120774,-1.5163468808277014e-16,0.7710511912960026,-0.0036314327655222753,0.011047635605242023,-0.01538426894436718
2025-09-04,"future_total_active_days:q6[35,42]",slice_shape_only,UNC,19587,0.33716240363506406,2.7847077756384175,0.37447488386296346,1.8984702571291903,-3.3374141874676685e-17,0.7731356916301069,-0.10707019617414167,0.0030566542223549042,0.0006331935872534206
2025-09-04,"future_total_active_days:q6[35,42]",slice_shape_only,DIST,19587,0.33716240363506406,2.7847077756384175,0.37488347818379897,1.8995056973134827,-1.0375004974084273e-16,0.7725311294418321,-0.00020008921381176896,0.004092094406647373,-0.023803019185900453
2025-09-04,"future_total_active_days:q6[35,42]",slice_shape_only,ETX-AVG3,19587,0.33716240363506406,2.7847077756384175,0.37386853620782984,1.8969326381952507,-4.062939010830205e-17,0.7727489164533428,-0.10520797145515956,0.001519035288415349,0.011214441708489255
2025-09-04,"future_total_active_days:q6[35,42]",slice_shape_only,SEQ-AVG3,19587,0.33716240363506406,2.7847077756384175,0.3738733511796148,1.8969448532479214,-8.996507809695454e-17,0.7745776310567427,0.012076021385405955,0.0015312503410860323,0.01933995972098372
2025-09-04,"future_total_active_days:q6[35,42]",slice_shape_only,BTYD,19587,0.33716240363506406,2.7847077756384175,0.39223782100162546,1.9429748717897548,2.4667843994326242e-17,0.764762362448252,0.31003428036867803,0.04756126888291945,0.041164032117867656
2025-09-04,"future_total_active_days:q6[35,42]",slice_shape_only,FRESH,19587,0.33716240363506406,2.7847077756384175,0.3726197122062832,1.8937618491168242,4.3531489401752195e-17,0.7745953649586869,-0.044119951872593176,-0.0016517537900111456,0.07636736066743743
2025-09-04,"future_total_active_days:q6[35,42]",slice_shape_only,ZERO2D,19587,0.33716240363506406,2.7847077756384175,0.3733869009997959,1.89571038506047,4.8610163165289947e-17,0.7740121697604561,-0.039744846396659254,0.0002967821536346005,-0.04478882814815959
2025-09-04,"future_total_active_days:q6[35,42]",slice_shape_only,BTYD05,19587,0.33716240363506406,2.7847077756384175,0.372922840418674,1.894531985429965,-6.094408516245307e-17,0.7743631738900234,-0.025139986296548258,-0.0008816174768704332,0.04116403211786776
2025-09-04,"future_total_active_days:q6[35,42]",slice_shape_only,SEQ_SLOT_25,19587,0.33716240363506406,2.7847077756384175,0.3732497901846087,1.8953622926911826,-7.327800715961619e-17,0.7742214193065123,-0.029586287979101924,-5.131021565274452e-05,0.007606706048312621
2025-09-04,"future_total_active_days:q6[35,42]",slice_shape_only,SEQ_SLOT_50,19587,0.33716240363506406,2.7847077756384175,0.37326999928819854,1.8954136029068354,-1.1390739726791824e-16,0.7740135693449568,-0.04278073717366553,0.0,0.0015548324679015913
2025-09-04,"future_total_active_days:q6[35,42]",slice_shape_only,SEQ_SLOT_75,19587,0.33716240363506406,2.7847077756384175,0.3733580918680087,1.8956372507008334,3.3374141874676685e-17,0.7737553460045804,-0.05597518636822913,0.000223647793998083,-0.0076067060483125774
2025-09-04,"future_total_active_days:q6[35,42]",slice_shape_only,BTYD05_FRESH1,19587,0.33716240363506406,2.7847077756384175,0.3723002307209175,1.8929498260680673,1.0157347527075512e-17,0.7749189488952449,-0.026479200995475877,-0.0024637768387680836,0.07421448523209112
2025-09-04,"future_total_active_days:q7[42,49]",fixed_fold,STRONGEST,17819,0.27599753072562994,3.1148663778386383,0.3156431473025832,1.8273970962035033,-0.13977957623328577,0.7959309672663146,-0.11734465876764338,0.0,
2025-09-04,"future_total_active_days:q7[42,49]",fixed_fold,CAP,17819,0.27599753072562994,3.1148663778386383,0.3192901504392223,1.8379238296566605,-0.13963365821409418,0.7931036836062435,-0.08171608833146897,0.010526733453157133,-0.014068728856191398
2025-09-04,"future_total_active_days:q7[42,49]",fixed_fold,UNC,17819,0.27599753072562994,3.1148663778386383,0.3168773445341812,1.8309662661275625,-0.13778248690508688,0.7952101859063165,-0.1758524590347353,0.003569169924059201,-0.004804347399688188
2025-09-04,"future_total_active_days:q7[42,49]",fixed_fold,DIST,17819,0.27599753072562994,3.1148663778386383,0.3172607948902419,1.832073748897558,-0.1428240596915086,0.7944515777690642,-0.07727053594752385,0.004676652694054706,-0.027404629710146775
2025-09-04,"future_total_active_days:q7[42,49]",fixed_fold,ETX-AVG3,17819,0.27599753072562994,3.1148663778386383,0.31589263389610084,1.8281191473983034,-0.13948969999899968,0.794960442490075,-0.1779746356962283,0.0007220511948000663,0.020277161800731847
2025-09-04,"future_total_active_days:q7[42,49]",fixed_fold,SEQ-AVG3,17819,0.27599753072562994,3.1148663778386383,0.31626984161303395,1.8292103012295042,-0.13873181846815857,0.7958941492031206,-0.06531329494292291,0.001813205026000908,0.017670622793045914
2025-09-04,"future_total_active_days:q7[42,49]",fixed_fold,BTYD,17819,0.27599753072562994,3.1148663778386383,0.33332823527663585,1.8778928113006492,-0.17097135933080154,0.7867442930977575,0.22339644322651336,0.0504957150971459,0.050596932053716244
2025-09-04,"future_total_active_days:q7[42,49]",fixed_fold,FRESH,17819,0.27599753072562994,3.1148663778386383,0.3151140249996793,1.8258647928316298,-0.142436810172128,0.796537440833798,-0.11734445661741116,-0.001532303371873489,0.07677942364431183
2025-09-04,"future_total_active_days:q7[42,49]",fixed_fold,ZERO2D,17819,0.27599753072562994,3.1148663778386383,0.3156308896502431,1.8273616133869839,-0.13746716223076777,0.795932417292776,-0.11271433687689565,-3.548281651943874e-05,-0.02305923742011448
2025-09-04,"future_total_active_days:q7[42,49]",fixed_fold,BTYD05,17819,0.27599753072562994,3.1148663778386383,0.31529325751577714,1.8263839823847816,-0.14133899691339863,0.7963117410628485,-0.10030743519317234,-0.0010131138187217115,0.050596932053716334
2025-09-04,"future_total_active_days:q7[42,49]",fixed_fold,SEQ_SLOT_25,17819,0.27599753072562994,3.1148663778386383,0.3156684481370099,1.8274703335686946,-0.13970048250405231,0.7960381588963585,-0.10467780895937277,7.323736519126989e-05,0.000622079245554627
2025-09-04,"future_total_active_days:q7[42,49]",fixed_fold,SEQ_SLOT_50,17819,0.27599753072562994,3.1148663778386383,0.31564314730258314,1.8273970962035033,-0.1397795762332858,0.7959309672663146,-0.11734465876764334,0.0,0.005062160905551158
2025-09-04,"future_total_active_days:q7[42,49]",fixed_fold,SEQ_SLOT_75,17819,0.27599753072562994,3.1148663778386383,0.31568042585915485,1.8275050040027818,-0.13985870005054374,0.7957591864141094,-0.13001153866393822,0.00010790779927849492,-0.0006220792455544153
2025-09-04,"future_total_active_days:q7[42,49]",fixed_fold,BTYD05_FRESH1,17819,0.27599753072562994,3.1148663778386383,0.3147875270138018,1.8249186342517145,-0.14399632704896534,0.7969030051136443,-0.10030732923966469,-0.002478461951788802,0.0823542165140598
2025-09-04,"future_total_active_days:q7[42,49]",slice_shape_only,STRONGEST,17819,0.27599753072562994,3.1148663778386383,0.3137963554786855,1.8220433082890866,8.05486461774175e-17,0.7959309672663146,0.022434917465642506,0.0,
2025-09-04,"future_total_active_days:q7[42,49]",slice_shape_only,CAP,17819,0.27599753072562994,3.1148663778386383,0.31744720202116417,1.8326118889190577,-6.539593055988351e-17,0.7931036836062435,0.05791796780711459,0.010568580629971125,-0.014068728856191398
2025-09-04,"future_total_active_days:q7[42,49]",slice_shape_only,UNC,17819,0.27599753072562994,3.1148663778386383,0.3150827785419994,1.8257742649324802,-5.582579438038836e-18,0.7952101859063165,-0.038047587956717414,0.0037309566433936237,-0.004804347399688188
2025-09-04,"future_total_active_days:q7[42,49]",slice_shape_only,DIST,17819,0.27599753072562994,3.1148663778386383,0.31533267847905094,1.8264981547685146,-1.5790724696166994e-16,0.7944515777690642,0.06555352374398479,0.004454846479428065,-0.027404629710146775
2025-09-04,"future_total_active_days:q7[42,49]",slice_shape_only,ETX-AVG3,17819,0.27599753072562994,3.1148663778386383,0.31405316337631317,1.8227887271062202,-3.828054471798059e-17,0.794960442490075,-0.038469455150656445,0.0007454188171336362,0.020277161800731847
2025-09-04,"future_total_active_days:q7[42,49]",slice_shape_only,SEQ-AVG3,17819,0.27599753072562994,3.1148663778386383,0.314450555486473,1.8239416097106325,1.1085407741248547e-16,0.7958941492031206,0.07342170999633837,0.0018983014215459004,0.017670622793045914
2025-09-04,"future_total_active_days:q7[42,49]",slice_shape_only,BTYD,17819,0.27599753072562994,3.1148663778386383,0.3305652585074582,1.870093635362474,-1.1723416819881556e-16,0.7867442930977575,0.3943678025573149,0.04805032707338741,0.050596932053716244
2025-09-04,"future_total_active_days:q7[42,49]",slice_shape_only,FRESH,17819,0.27599753072562994,3.1148663778386383,0.31319635010534164,1.820300523762513,1.0128394123299032e-16,0.796537440833798,0.025092353554716798,-0.0017427845265736153,0.07677942364431183
2025-09-04,"future_total_active_days:q7[42,49]",slice_shape_only,ZERO2D,17819,0.27599753072562994,3.1148663778386383,0.3138446964193218,1.8221836475472226,2.392534044873787e-18,0.795932417292776,0.024752825353872077,0.0001403392581360574,-0.02305923742011448
2025-09-04,"future_total_active_days:q7[42,49]",slice_shape_only,BTYD05,17819,0.27599753072562994,3.1148663778386383,0.3134050291662722,1.8209068452458539,-7.018099864963109e-17,0.7963117410628485,0.04103156172022627,-0.0011364630432326717,0.050596932053716334
2025-09-04,"future_total_active_days:q7[42,49]",slice_shape_only,SEQ_SLOT_25,17819,0.27599753072562994,3.1148663778386383,0.3138237457217359,1.8221228266123584,-1.3796946325438837e-16,0.7960381588963585,0.03502267354467944,7.951832327179886e-05,0.000622079245554627
2025-09-04,"future_total_active_days:q7[42,49]",slice_shape_only,SEQ_SLOT_50,17819,0.27599753072562994,3.1148663778386383,0.3137963554786855,1.8220433082890866,8.373869157058254e-17,0.7959309672663146,0.022434917465642537,0.0,0.005062160905551158
2025-09-04,"future_total_active_days:q7[42,49]",slice_shape_only,SEQ_SLOT_75,17819,0.27599753072562994,3.1148663778386383,0.3138315426485089,1.8221454617223567,6.77884646047573e-17,0.7957591864141094,0.009847161386605633,0.00010215343327013571,-0.0006220792455544153
2025-09-04,"future_total_active_days:q7[42,49]",slice_shape_only,BTYD05_FRESH1,17819,0.27599753072562994,3.1148663778386383,0.3128276296293302,1.8192287045436453,-7.576357808766993e-17,0.7969030051136443,0.04368899780930055,-0.002814603745441291,0.0823542165140598
2025-09-04,"future_total_active_days:q8[49,58]",fixed_fold,STRONGEST,19685,0.2208280416560833,3.470193437405646,0.33272911482445544,1.7850652868045953,-0.17743380422609298,0.8026089548225533,-0.11734465876764338,0.0,
2025-09-04,"future_total_active_days:q8[49,58]",fixed_fold,CAP,19685,0.2208280416560833,3.470193437405646,0.3358427882735916,1.793398142953665,-0.17827307141207918,0.8008427191856244,-0.08171608833146897,0.008332856149069645,-0.0006961937356690687
2025-09-04,"future_total_active_days:q8[49,58]",fixed_fold,UNC,19685,0.2208280416560833,3.470193437405646,0.33427705263625473,1.7892127503837298,-0.1814392014738309,0.8016925670565112,-0.1758524590347353,0.004147463579134536,-0.005849882059664725
2025-09-04,"future_total_active_days:q8[49,58]",fixed_fold,DIST,19685,0.2208280416560833,3.470193437405646,0.33417193288794,1.7889314023502672,-0.1812887038774304,0.8015688986905687,-0.07727053594752385,0.0038661155456718443,-0.015189767030898135
2025-09-04,"future_total_active_days:q8[49,58]",fixed_fold,ETX-AVG3,19685,0.2208280416560833,3.470193437405646,0.33307593443247446,1.7859953743310446,-0.178179290200735,0.8013617798621797,-0.1779746356962283,0.0009300875264492969,0.019472579657129292
2025-09-04,"future_total_active_days:q8[49,58]",fixed_fold,SEQ-AVG3,19685,0.2208280416560833,3.470193437405646,0.3339234852854029,1.7882662681556674,-0.16867947014593143,0.802116673585376,-0.06531329494292291,0.003200981351072052,0.0011561736525381838
2025-09-04,"future_total_active_days:q8[49,58]",fixed_fold,BTYD,19685,0.2208280416560833,3.470193437405646,0.3568393547671349,1.8486090506096668,-0.204581831342338,0.7911107289547878,0.22339644322651336,0.06354376380507154,0.024229689653361614
2025-09-04,"future_total_active_days:q8[49,58]",fixed_fold,FRESH,19685,0.2208280416560833,3.470193437405646,0.3323334205266864,1.784003536794816,-0.18577345380324828,0.8033249879871229,-0.11734445661741116,-0.001061750009779372,0.08102110190461449
2025-09-04,"future_total_active_days:q8[49,58]",fixed_fold,ZERO2D,19685,0.2208280416560833,3.470193437405646,0.33268677546668923,1.7849517095447205,-0.17441914185965907,0.8026077399613998,-0.11271433687689565,-0.0001135772598748197,-0.03656418163497736
2025-09-04,"future_total_active_days:q8[49,58]",fixed_fold,BTYD05,19685,0.2208280416560833,3.470193437405646,0.3326174725653646,1.784765785750655,-0.17879204730675696,0.8028332691856648,-0.10030743519317234,-0.0002995010539403875,0.0242296896533617
2025-09-04,"future_total_active_days:q8[49,58]",fixed_fold,SEQ_SLOT_25,19685,0.2208280416560833,3.470193437405646,0.33279968904157303,1.7852545893031202,-0.17637113476942526,0.8027006093473578,-0.10467780895937277,0.00018930249852489034,-0.011120287730745153
2025-09-04,"future_total_active_days:q8[49,58]",fixed_fold,SEQ_SLOT_50,19685,0.2208280416560833,3.470193437405646,0.3327291148244554,1.7850652868045953,-0.177433804226093,0.8026089548225532,-0.11734465876764334,0.0,0.00017417752082789714
2025-09-04,"future_total_active_days:q8[49,58]",fixed_fold,SEQ_SLOT_75,19685,0.2208280416560833,3.470193437405646,0.3327281206743363,1.78506262003437,-0.1784965037692568,0.8024544874766263,-0.13001153866393822,-2.666770225312476e-06,0.011120287730745504
2025-09-04,"future_total_active_days:q8[49,58]",fixed_fold,BTYD05_FRESH1,19685,0.2208280416560833,3.470193437405646,0.33223851006075067,1.7837487735252153,-0.18713150681792332,0.8035332691826651,-0.10030732923966469,-0.0013165132793799827,0.07110536343975815
2025-09-04,"future_total_active_days:q8[49,58]",slice_shape_only,STRONGEST,19685,0.2208280416560833,3.470193437405646,0.3294416241924986,1.7762248327036199,-1.689276100257693e-16,0.8026089548225533,0.06009127691963488,0.0,
2025-09-04,"future_total_active_days:q8[49,58]",slice_shape_only,CAP,19685,0.2208280416560833,3.470193437405646,0.3325240642653632,1.7845151620497248,1.7470291293263321e-16,0.8008427191856244,0.0965614385923146,0.008290329346104963,-0.0006961937356690687
2025-09-04,"future_total_active_days:q8[49,58]",slice_shape_only,UNC,19685,0.2208280416560833,3.470193437405646,0.3308408238598924,1.779992814231488,-1.443825726715977e-18,0.8016925670565112,0.0056125793865702414,0.0037679815278681694,-0.005849882059664725
2025-09-04,"future_total_active_days:q8[49,58]",slice_shape_only,DIST,19685,0.2208280416560833,3.470193437405646,0.33074011618654914,1.7797218794410925,-1.9636029883337288e-16,0.8015688986905687,0.10401816792990658,0.003497046737472642,-0.015189767030898135
2025-09-04,"future_total_active_days:q8[49,58]",slice_shape_only,ETX-AVG3,19685,0.2208280416560833,3.470193437405646,0.32976026734912617,1.7770836268793486,-1.6748378429905332e-16,0.8013617798621797,0.00022213101184684052,0.0008587941757287609,0.019472579657129292
2025-09-04,"future_total_active_days:q8[49,58]",slice_shape_only,SEQ-AVG3,19685,0.2208280416560833,3.470193437405646,0.33095236485768,1.7802928458913247,-1.516017013051776e-16,0.802116673585376,0.10336931432421019,0.004068013187704889,0.0011561736525381838
2025-09-04,"future_total_active_days:q8[49,58]",slice_shape_only,BTYD,19685,0.2208280416560833,3.470193437405646,0.35246899973097207,1.8372538464459909,5.197772616177517e-17,0.7911107289547878,0.4279782745688514,0.06102901374237102,0.024229689653361614
2025-09-04,"future_total_active_days:q8[49,58]",slice_shape_only,FRESH,19685,0.2208280416560833,3.470193437405646,0.32872967913180084,1.774304525204733,2.887651453431954e-18,0.8033249879871229,0.06842982769579754,-0.0019203074988869417,0.08102110190461449
2025-09-04,"future_total_active_days:q8[49,58]",slice_shape_only,ZERO2D,19685,0.2208280416560833,3.470193437405646,0.3295100249322519,1.7764092186127836,1.2994431540443792e-17,0.8026077399613998,0.06170774903032262,0.0001843859091636979,-0.03656418163497736
2025-09-04,"future_total_active_days:q8[49,58]",slice_shape_only,BTYD05,19685,0.2208280416560833,3.470193437405646,0.3292794932249519,1.7757877044388053,4.187094607476333e-17,0.8028332691856648,0.07848562680209584,-0.000437128264814568,0.0242296896533617
2025-09-04,"future_total_active_days:q8[49,58]",slice_shape_only,SEQ_SLOT_25,19685,0.2208280416560833,3.470193437405646,0.3295514618373045,1.7765209095790144,-8.662954360295862e-18,0.8027006093473578,0.07169533504227578,0.0002960768753945686,-0.011120287730745153
2025-09-04,"future_total_active_days:q8[49,58]",slice_shape_only,SEQ_SLOT_50,19685,0.2208280416560833,3.470193437405646,0.3294416241924986,1.7762248327036199,4.331477180147931e-18,0.8026089548225532,0.0600912769196349,0.0,0.00017417752082789714
2025-09-04,"future_total_active_days:q8[49,58]",slice_shape_only,SEQ_SLOT_75,19685,0.2208280416560833,3.470193437405646,0.32940112966486396,1.7761156637481332,1.443825726715977e-16,0.8024544874766263,0.04848721879699404,-0.00010916895548662708,0.011120287730745504
2025-09-04,"future_total_active_days:q8[49,58]",slice_shape_only,BTYD05_FRESH1,19685,0.2208280416560833,3.470193437405646,0.328581918734654,1.7739057151406787,1.1550605813727816e-17,0.8035332691826651,0.08682417757825851,-0.00231911756294112,0.07110536343975815
2025-09-04,"future_total_active_days:q9[58,69]",fixed_fold,STRONGEST,18804,0.1656030631780472,3.846604947396868,0.2745549677347717,1.659074711549055,-0.19935885041033574,0.8350186640403154,-0.11734465876764338,0.0,
2025-09-04,"future_total_active_days:q9[58,69]",fixed_fold,CAP,18804,0.1656030631780472,3.846604947396868,0.2779852709767747,1.6694068196977168,-0.19804163059526475,0.8327146610242688,-0.08171608833146897,0.010332108148661812,-0.014996122056212433
2025-09-04,"future_total_active_days:q9[58,69]",fixed_fold,UNC,18804,0.1656030631780472,3.846604947396868,0.276515548050235,1.664987849760389,-0.21118875881176818,0.8335109579345811,-0.1758524590347353,0.00591313821133399,-0.01011913997442288
2025-09-04,"future_total_active_days:q9[58,69]",fixed_fold,DIST,18804,0.1656030631780472,3.846604947396868,0.2759384526804406,1.6632495051303273,-0.2021339969628201,0.8338589310472289,-0.07727053594752385,0.0041747935812723735,-0.016621342736264172
2025-09-04,"future_total_active_days:q9[58,69]",fixed_fold,ETX-AVG3,18804,0.1656030631780472,3.846604947396868,0.2746515992775328,1.6593666473431752,-0.20296000406883286,0.834283216117675,-0.1779746356962283,0.00029193579412023496,0.031456044772709614
2025-09-04,"future_total_active_days:q9[58,69]",fixed_fold,SEQ-AVG3,18804,0.1656030631780472,3.846604947396868,0.27526045726067944,1.6612049022897346,-0.18294208318431818,0.8348694069792335,-0.06531329494292291,0.0021301907406796605,0.004711501395625916
2025-09-04,"future_total_active_days:q9[58,69]",fixed_fold,BTYD,18804,0.1656030631780472,3.846604947396868,0.3003680136020688,1.7353142447364565,-0.22989376831447172,0.8193687669698678,0.22339644322651336,0.07623953318740151,0.006857506350911712
2025-09-04,"future_total_active_days:q9[58,69]",fixed_fold,FRESH,18804,0.1656030631780472,3.846604947396868,0.2747023240277958,1.6595198725073979,-0.2158598150107957,0.8356921168120452,-0.11734445661741116,0.00044516095834290503,0.06987430312595802
2025-09-04,"future_total_active_days:q9[58,69]",fixed_fold,ZERO2D,18804,0.1656030631780472,3.846604947396868,0.2744525690424776,1.6587652964151518,-0.19582636973982018,0.835018357032305,-0.11271433687689565,-0.0003094151339031459,-0.026224186942095724
2025-09-04,"future_total_active_days:q9[58,69]",fixed_fold,BTYD05,18804,0.1656030631780472,3.846604947396868,0.27462290545215423,1.659279965123596,-0.2008854278307796,0.8350294502550827,-0.10030743519317234,0.00020525357454115323,0.006857506350911875
2025-09-04,"future_total_active_days:q9[58,69]",fixed_fold,SEQ_SLOT_25,18804,0.1656030631780472,3.846604947396868,0.2745920241309073,1.6591866695586415,-0.19711237414038574,0.8350954774445307,-0.10467780895937277,0.00011195800958652136,-0.015678519434528984
2025-09-04,"future_total_active_days:q9[58,69]",fixed_fold,SEQ_SLOT_50,18804,0.1656030631780472,3.846604947396868,0.2745549677347718,1.659074711549055,-0.19935885041033574,0.8350186640403154,-0.11734465876764334,0.0,0.0072306379188180475
2025-09-04,"future_total_active_days:q9[58,69]",fixed_fold,SEQ_SLOT_75,18804,0.1656030631780472,3.846604947396868,0.2745842549255846,1.659163197185169,-0.20160535676831035,0.8348993197930521,-0.13001153866393822,8.848563611407734e-05,0.01567851943452946
2025-09-04,"future_total_active_days:q9[58,69]",fixed_fold,BTYD05_FRESH1,18804,0.1656030631780472,3.846604947396868,0.2747795385449014,1.6597530886311302,-0.21738648862796398,0.8356759477234947,-0.10030732923966469,0.0006783770820752988,0.05426498957807543
2025-09-04,"future_total_active_days:q9[58,69]",slice_shape_only,STRONGEST,18804,0.1656030631780472,3.846604947396868,0.27059064995578386,1.6470534136040182,1.3754390332731146e-16,0.8350186640403154,0.0820141916426925,0.0,
2025-09-04,"future_total_active_days:q9[58,69]",slice_shape_only,CAP,18804,0.1656030631780472,3.846604947396868,0.2740731053572256,1.657618178509463,3.1740900767841106e-17,0.8327146610242688,0.11632723467570556,0.010564764905444779,-0.014996122056212433
2025-09-04,"future_total_active_days:q9[58,69]",slice_shape_only,UNC,18804,0.1656030631780472,3.846604947396868,0.27206583716859256,1.6515369565449303,-1.8742246167677606e-16,0.8335109579345811,0.03536390356029904,0.004483542940912022,-0.01011913997442288
2025-09-04,"future_total_active_days:q9[58,69]",slice_shape_only,DIST,18804,0.1656030631780472,3.846604947396868,0.27186299726557084,1.6509211863647861,9.219975937325274e-17,0.8338589310472289,0.12486346101529626,0.0038677727607678847,-0.016621342736264172
2025-09-04,"future_total_active_days:q9[58,69]",slice_shape_only,ETX-AVG3,18804,0.1656030631780472,3.846604947396868,0.2705420777396034,1.6469055802902353,-1.0202432389663212e-16,0.834283216117675,0.025004611405772374,-0.0001478333137829857,0.031456044772709614
2025-09-04,"future_total_active_days:q9[58,69]",slice_shape_only,SEQ-AVG3,18804,0.1656030631780472,3.846604947396868,0.27192211632191104,1.6511006804447819,-6.49932730008175e-17,0.8348694069792335,0.11763015396861957,0.004047266840763619,0.004711501395625916
2025-09-04,"future_total_active_days:q9[58,69]",slice_shape_only,BTYD,18804,0.1656030631780472,3.846604947396868,0.29509629989237735,1.7200187159666114,-1.7835363288596431e-16,0.8193687669698678,0.4532902115409851,0.07296530236259313,0.006857506350911712
2025-09-04,"future_total_active_days:q9[58,69]",slice_shape_only,FRESH,18804,0.1656030631780472,3.846604947396868,0.2700545926446651,1.6454211459412071,-1.6399465396717906e-16,0.8356921168120452,0.09851535839338439,-0.0016322676628111044,0.06987430312595802
2025-09-04,"future_total_active_days:q9[58,69]",slice_shape_only,ZERO2D,18804,0.1656030631780472,3.846604947396868,0.27062749571751493,1.647165547692693,1.715520112928555e-16,0.835018357032305,0.08311203286292448,0.00011213408867472019,-0.026224186942095724
2025-09-04,"future_total_active_days:q9[58,69]",slice_shape_only,BTYD05,18804,0.1656030631780472,3.846604947396868,0.27059764220950444,1.6470746939789365,-1.1713903854798504e-16,0.8350294502550827,0.10057799263760729,2.128037491821999e-05,0.006857506350911875
2025-09-04,"future_total_active_days:q9[58,69]",slice_shape_only,SEQ_SLOT_25,18804,0.1656030631780472,3.846604947396868,0.2707165468380745,1.6474365287930932,1.579487681066379e-16,0.8350954774445307,0.09243456518101283,0.00038311518907496733,-0.015678519434528984
2025-09-04,"future_total_active_days:q9[58,69]",slice_shape_only,SEQ_SLOT_50,18804,0.1656030631780472,3.846604947396868,0.27059064995578386,1.6470534136040182,1.0807020975717329e-16,0.8350186640403154,0.08201419164269254,0.0,0.0072306379188180475
2025-09-04,"future_total_active_days:q9[58,69]",slice_shape_only,SEQ_SLOT_75,18804,0.1656030631780472,3.846604947396868,0.27053008867843653,1.6468690886090593,-1.828880472813702e-16,0.8348993197930521,0.07159381810437224,-0.00018432499495890653,0.01567851943452946
2025-09-04,"future_total_active_days:q9[58,69]",slice_shape_only,BTYD05_FRESH1,18804,0.1656030631780472,3.846604947396868,0.2700658323005317,1.6454553867493886,1.5190288224609672e-16,0.8356759477234947,0.11707915938829919,-0.0015980268546296195,0.05426498957807543
2025-09-04,"future_total_active_days:q10[69,90]",fixed_fold,STRONGEST,17825,0.10019635343618513,4.435296695102924,0.19864498301435946,1.449440669949178,-0.23973709036470064,0.8764003782214222,-0.11734465876764338,0.0,
2025-09-04,"future_total_active_days:q10[69,90]",fixed_fold,CAP,17825,0.10019635343618513,4.435296695102924,0.20079055809583266,1.4572473894502185,-0.23427661130693944,0.8746562393024785,-0.08171608833146897,0.007806719501040504,-0.004926058126189035
2025-09-04,"future_total_active_days:q10[69,90]",fixed_fold,UNC,17825,0.10019635343618513,4.435296695102924,0.2011962768413272,1.4587189083990115,-0.25980854797451863,0.8750956078712673,-0.1758524590347353,0.009278238449833554,-0.0205998523920136
2025-09-04,"future_total_active_days:q10[69,90]",fixed_fold,DIST,17825,0.10019635343618513,4.435296695102924,0.20004248860336116,1.4545302807206018,-0.2396279800320079,0.8755275233024877,-0.07727053594752385,0.00508961077142378,-0.016456435166416577
2025-09-04,"future_total_active_days:q10[69,90]",fixed_fold,ETX-AVG3,17825,0.10019635343618513,4.435296695102924,0.19909628215094566,1.451086219225418,-0.25486222274359605,0.8760589651749617,-0.1779746356962283,0.0016455492762399437,0.04572153765220044
2025-09-04,"future_total_active_days:q10[69,90]",fixed_fold,SEQ-AVG3,17825,0.10019635343618513,4.435296695102924,0.19903402788604554,1.4508593356098698,-0.20951395480878202,0.8750196975778595,-0.06531329494292291,0.0014186656606918202,-0.005764831658941028
2025-09-04,"future_total_active_days:q10[69,90]",fixed_fold,BTYD,17825,0.10019635343618513,4.435296695102924,0.22054768378870532,1.5272597035549051,-0.24960642865435956,0.865514171887994,0.22339644322651336,0.07781903360572717,0.007864016451880031
2025-09-04,"future_total_active_days:q10[69,90]",fixed_fold,FRESH,17825,0.10019635343618513,4.435296695102924,0.19960229164836815,1.4529290398298056,-0.26919573197057667,0.8768669062329664,-0.11734445661741116,0.0034883698806276175,0.07715700486942634
2025-09-04,"future_total_active_days:q10[69,90]",fixed_fold,ZERO2D,17825,0.10019635343618513,4.435296695102924,0.19848466117586822,1.4488556466202795,-0.23573945445510044,0.8764002385841845,-0.11271433687689565,-0.0005850233288984263,-0.021839098393835767
2025-09-04,"future_total_active_days:q10[69,90]",fixed_fold,BTYD05,17825,0.10019635343618513,4.435296695102924,0.1986717464827463,1.4495383083401234,-0.24023038880442066,0.8765960798102218,-0.10030743519317234,9.763839094545368e-05,0.007864016451880175
2025-09-04,"future_total_active_days:q10[69,90]",fixed_fold,SEQ_SLOT_25,17825,0.10019635343618513,4.435296695102924,0.1986180545718497,1.4493424230616343,-0.23464015406567612,0.8762704457716344,-0.10467780895937277,-9.824688754367372e-05,-0.032776207637988206
2025-09-04,"future_total_active_days:q10[69,90]",fixed_fold,SEQ_SLOT_50,17825,0.10019635343618513,4.435296695102924,0.19864498301435946,1.449440669949178,-0.2397370903647007,0.8764003782214222,-0.11734465876764334,0.0,-0.00044401501714466554
2025-09-04,"future_total_active_days:q10[69,90]",fixed_fold,SEQ_SLOT_75,17825,0.10019635343618513,4.435296695102924,0.1987446389428732,1.4498042010131298,-0.24483405675174985,0.8764632847970586,-0.13001153866393822,0.00036353106395181634,0.03277620763798816
2025-09-04,"future_total_active_days:q10[69,90]",fixed_fold,BTYD05_FRESH1,17825,0.10019635343618513,4.435296695102924,0.19962267617123092,1.4530032286300782,-0.2696891266070211,0.8770472477256062,-0.10030732923966469,0.003562558680900274,0.06317143321934177
2025-09-04,"future_total_active_days:q10[69,90]",slice_shape_only,STRONGEST,17825,0.10019635343618513,4.435296695102924,0.19321063840402675,1.4294769614114768,-1.5865133735344732e-16,0.8764003782214222,0.12239243159705741,0.0,
2025-09-04,"future_total_active_days:q10[69,90]",slice_shape_only,CAP,17825,0.10019635343618513,4.435296695102924,0.19560084522974794,1.4382918055350853,1.1480297778339909e-16,0.8746562393024785,0.152563087688488,0.008814844123608445,-0.004926058126189035
2025-09-04,"future_total_active_days:q10[69,90]",slice_shape_only,UNC,17825,0.10019635343618513,4.435296695102924,0.19481287936153113,1.435391847365237,-2.4315908488844946e-16,0.8750956078712673,0.08398145942971298,0.005914885953760107,-0.0205998523920136
2025-09-04,"future_total_active_days:q10[69,90]",slice_shape_only,DIST,17825,0.10019635343618513,4.435296695102924,0.1946130894790681,1.4346556272217148,-3.188971605094419e-17,0.8755275233024877,0.16235744408448397,0.005178665810237959,-0.016456435166416577
2025-09-04,"future_total_active_days:q10[69,90]",slice_shape_only,ETX-AVG3,17825,0.10019635343618513,4.435296695102924,0.19295460490409003,1.4285295101676665,2.4794254229609107e-16,0.8760589651749617,0.07691253978367524,-0.0009474512438103488,0.04572153765220044
2025-09-04,"future_total_active_days:q10[69,90]",slice_shape_only,SEQ-AVG3,17825,0.10019635343618513,4.435296695102924,0.19488350680236835,1.4356520171917346,2.407673561846286e-16,0.8750196975778595,0.144200659865859,0.006175055780257788,-0.005764831658941028
2025-09-04,"future_total_active_days:q10[69,90]",slice_shape_only,BTYD,17825,0.10019635343618513,4.435296695102924,0.2146566942999242,1.5067245378227014,-2.8461571575467686e-16,0.865514171887994,0.4730028718808729,0.0772475764112246,0.007864016451880031
2025-09-04,"future_total_active_days:q10[69,90]",slice_shape_only,FRESH,17825,0.10019635343618513,4.435296695102924,0.1927503594820409,1.4277732497387625,-2.495370280986383e-16,0.8768669062329664,0.1518512753531653,-0.0017037116727143253,0.07715700486942634
2025-09-04,"future_total_active_days:q10[69,90]",slice_shape_only,ZERO2D,17825,0.10019635343618513,4.435296695102924,0.19323004179658088,1.4295487380137415,1.8575759599674989e-16,0.8764002385841845,0.12302511757820479,7.177660226465044e-05,-0.021839098393835767
2025-09-04,"future_total_active_days:q10[69,90]",slice_shape_only,BTYD05,17825,0.10019635343618513,4.435296695102924,0.19321501475026545,1.4294931506098316,-1.7937965278656105e-16,0.8765960798102218,0.1399229536112484,1.6189198354776835e-05,0.007864016451880175
2025-09-04,"future_total_active_days:q10[69,90]",slice_shape_only,SEQ_SLOT_25,17825,0.10019635343618513,4.435296695102924,0.19341232761810065,1.4302228698305046,1.5865133735344732e-16,0.8762704457716344,0.12996234510630314,0.0007459084190277743,-0.032776207637988206
2025-09-04,"future_total_active_days:q10[69,90]",slice_shape_only,SEQ_SLOT_50,17825,0.10019635343618513,4.435296695102924,0.19321063840402675,1.4294769614114768,-2.1485696189323648e-16,0.8764003782214222,0.12239243159705747,0.0,-0.00044401501714466554
2025-09-04,"future_total_active_days:q10[69,90]",slice_shape_only,SEQ_SLOT_75,17825,0.10019635343618513,4.435296695102924,0.19307676252770928,1.4289816324676117,1.175933279378567e-16,0.8764632847970586,0.11482251808781183,-0.0004953289438651698,0.03277620763798816
2025-09-04,"future_total_active_days:q10[69,90]",slice_shape_only,BTYD05_FRESH1,17825,0.10019635343618513,4.435296695102924,0.19274560389800355,1.4277556364446171,1.7619068118146663e-16,0.8770472477256062,0.16938179736735626,-0.0017213249668597275,0.06317143321934177
2025-09-04,"days_to_first_activity_after_target:q1[1,2]",fixed_fold,STRONGEST,106837,0.2837219315405711,3.191236933613132,1.7609905536648158,1.7627636354936926,-0.15425344213742526,0.8365991150382963,-0.11734465876764338,0.0,
2025-09-04,"days_to_first_activity_after_target:q1[1,2]",fixed_fold,CAP,106837,0.2837219315405711,3.191236933613132,1.7807413205355458,1.7726213987250068,-0.15399201061177373,0.8341867580538206,-0.08171608833146897,0.009857763231314154,-0.009843810858296654
2025-09-04,"days_to_first_activity_after_target:q1[1,2]",fixed_fold,UNC,106837,0.2837219315405711,3.191236933613132,1.7701001029546564,1.767317115031143,-0.15745635089321414,0.8355855252601518,-0.1758524590347353,0.004553479537450444,-0.008971830281529085
2025-09-04,"days_to_first_activity_after_target:q1[1,2]",fixed_fold,DIST,106837,0.2837219315405711,3.191236933613132,1.7688707588919508,1.7667033028073622,-0.15604184246389788,0.8359264354190231,-0.07727053594752385,0.00393966731366957,-0.016885441388359946
2025-09-04,"days_to_first_activity_after_target:q1[1,2]",fixed_fold,ETX-AVG3,106837,0.2837219315405711,3.191236933613132,1.7642672800268195,1.764402886091244,-0.15511306589793977,0.8355746467813904,-0.1779746356962283,0.0016392505975513227,0.013389478209898444
2025-09-04,"days_to_first_activity_after_target:q1[1,2]",fixed_fold,SEQ-AVG3,106837,0.2837219315405711,3.191236933613132,1.7645849457699376,1.7645617240215183,-0.14888660497968184,0.8362491088002212,-0.06531329494292291,0.001798088527825703,0.015897947557540378
2025-09-04,"days_to_first_activity_after_target:q1[1,2]",fixed_fold,BTYD,106837,0.2837219315405711,3.191236933613132,1.8708937765300346,1.8169381120231107,-0.17491457712570394,0.8249863018854161,0.22339644322651336,0.05417447652941809,0.036205062110592275
2025-09-04,"days_to_first_activity_after_target:q1[1,2]",fixed_fold,FRESH,106837,0.2837219315405711,3.191236933613132,1.7601023834277583,1.7623190471758534,-0.16062520513838738,0.8367904984933345,-0.11734445661741116,-0.0004445883178392229,0.04499527362662954
2025-09-04,"days_to_first_activity_after_target:q1[1,2]",fixed_fold,ZERO2D,106837,0.2837219315405711,3.191236933613132,1.7609045894505426,1.7627206095842334,-0.15250226882962073,0.8365987412711137,-0.11271433687689565,-4.302590945925999e-05,-0.015456395624776527
2025-09-04,"days_to_first_activity_after_target:q1[1,2]",fixed_fold,BTYD05,106837,0.2837219315405711,3.191236933613132,1.7597226908357522,1.7621289515359169,-0.15528634786658455,0.8367767085535951,-0.10030743519317234,-0.0006346839577757724,0.03620506211059233
2025-09-04,"days_to_first_activity_after_target:q1[1,2]",fixed_fold,SEQ_SLOT_25,106837,0.2837219315405711,3.191236933613132,1.7609307106137022,1.762733683586701,-0.15355928542916233,0.8366768670188096,-0.10467780895937277,-2.9951906991732002e-05,0.0035237282214068072
2025-09-04,"days_to_first_activity_after_target:q1[1,2]",fixed_fold,SEQ_SLOT_50,106837,0.2837219315405711,3.191236933613132,1.7609905536648158,1.7627636354936926,-0.15425344213742528,0.8365991150382963,-0.11734465876764334,0.0,-0.0015422611034661205
2025-09-04,"days_to_first_activity_after_target:q1[1,2]",fixed_fold,SEQ_SLOT_75,106837,0.2837219315405711,3.191236933613132,1.761429930019531,1.7629835311522222,-0.15494757584279858,0.8364748555564436,-0.13001153866393822,0.0002198956585295342,-0.0035237282214066563
2025-09-04,"days_to_first_activity_after_target:q1[1,2]",fixed_fold,BTYD05_FRESH1,106837,0.2837219315405711,3.191236933613132,1.7589345129523213,1.7617342795151811,-0.1616581886911045,0.8369443489549047,-0.10030732923966469,-0.0010293559785115036,0.054490731540104156
2025-09-04,"days_to_first_activity_after_target:q1[1,2]",slice_shape_only,STRONGEST,106837,0.2837219315405711,3.191236933613132,1.7475059343104322,1.7560015673613485,1.5190239415895886e-16,0.8365991150382963,0.03690880174294865,0.0,
2025-09-04,"days_to_first_activity_after_target:q1[1,2]",slice_shape_only,CAP,106837,0.2837219315405711,3.191236933613132,1.7673022402794056,1.765919830758632,9.550430736088657e-17,0.8341867580538206,0.07227676185110322,0.009918263397283411,-0.009843810858296654
2025-09-04,"days_to_first_activity_after_target:q1[1,2]",slice_shape_only,UNC,106837,0.2837219315405711,3.191236933613132,1.7560499909307608,1.7602891300721863,-4.495885221167084e-17,0.8355855252601518,-0.01837461843115635,0.0042875627108378556,-0.008971830281529085
2025-09-04,"days_to_first_activity_after_target:q1[1,2]",slice_shape_only,DIST,106837,0.2837219315405711,3.191236933613132,1.7550716513270297,1.759798711089116,-1.8622009791816324e-18,0.8359264354190231,0.07877130651637401,0.0037971437277675157,-0.016885441388359946
2025-09-04,"days_to_first_activity_after_target:q1[1,2]",slice_shape_only,ETX-AVG3,106837,0.2837219315405711,3.191236933613132,1.7506330611177645,1.7575720298836963,-1.3301435565583088e-17,0.8355746467813904,-0.022849412183445255,0.0015704625223478264,0.013389478209898444
2025-09-04,"days_to_first_activity_after_target:q1[1,2]",slice_shape_only,SEQ-AVG3,106837,0.2837219315405711,3.191236933613132,1.7520221305468329,1.7582691792555094,6.11866036016822e-17,0.8362491088002212,0.08357457557045904,0.0022676118941609147,0.015897947557540378
2025-09-04,"days_to_first_activity_after_target:q1[1,2]",slice_shape_only,BTYD,106837,0.2837219315405711,3.191236933613132,1.853554903364982,1.808499099704239,2.4740670151984545e-17,0.8249863018854161,0.3983110203522174,0.05249753234289045,0.036205062110592275
2025-09-04,"days_to_first_activity_after_target:q1[1,2]",slice_shape_only,FRESH,106837,0.2837219315405711,3.191236933613132,1.7454807378881203,1.7549837513530029,-5.134354128315072e-17,0.8367904984933345,0.04328074852097614,-0.0010178160083456067,0.04499527362662954
2025-09-04,"days_to_first_activity_after_target:q1[1,2]",slice_shape_only,ZERO2D,106837,0.2837219315405711,3.191236933613132,1.7477243781856662,1.7561113168600717,-3.990430669674926e-18,0.8365987412711137,0.03978810004708169,0.0001097494987232217,-0.015456395624776527
2025-09-04,"days_to_first_activity_after_target:q1[1,2]",slice_shape_only,BTYD05,106837,0.2837219315405711,3.191236933613132,1.746056879747753,1.7552733667458547,7.58181827238236e-17,0.8367767085535951,0.05497891267341223,-0.0007282006154938347,0.03620506211059233
2025-09-04,"days_to_first_activity_after_target:q1[1,2]",slice_shape_only,SEQ_SLOT_25,106837,0.2837219315405711,3.191236933613132,1.7475671816315947,1.7560323396315582,-1.162545468431962e-16,0.8366768670188096,0.048881500365262905,3.07722702097557e-05,0.0035237282214068072
2025-09-04,"days_to_first_activity_after_target:q1[1,2]",slice_shape_only,SEQ_SLOT_50,106837,0.2837219315405711,3.191236933613132,1.7475059343104322,1.7560015673613485,1.162545468431962e-16,0.8365991150382963,0.03690880174294869,0.0,-0.0015422611034661205
2025-09-04,"days_to_first_activity_after_target:q1[1,2]",slice_shape_only,SEQ_SLOT_75,106837,0.2837219315405711,3.191236933613132,1.7478236690392595,1.7561611998157045,-7.129569463152536e-17,0.8364748555564436,0.024936103120634462,0.00015963245435601792,-0.0035237282214066563
2025-09-04,"days_to_first_activity_after_target:q1[1,2]",slice_shape_only,BTYD05_FRESH1,106837,0.2837219315405711,3.191236933613132,1.7441241985654732,1.7543016564000578,8.858756086678336e-17,0.8369443489549047,0.061350859451439706,-0.0016999109612907404,0.054490731540104156
2025-09-04,"days_to_first_activity_after_target:q2[2,3]",fixed_fold,STRONGEST,17694,0.41279529784107605,2.45031224984332,0.31671925011795354,1.8369639379142049,0.027788431858842888,0.8054730515376758,-0.11734465876764338,0.0,
2025-09-04,"days_to_first_activity_after_target:q2[2,3]",fixed_fold,CAP,17694,0.41279529784107605,2.45031224984332,0.31989568314277905,1.8461525738752906,0.02565183189912051,0.8028974657049759,-0.08171608833146897,0.009188635961085767,-0.005035105014436877
2025-09-04,"days_to_first_activity_after_target:q2[2,3]",fixed_fold,UNC,17694,0.41279529784107605,2.45031224984332,0.31820398608828115,1.8412646197929283,0.02995408009690336,0.8043075135435434,-0.1758524590347353,0.004300681878723456,-0.009074509384817861
2025-09-04,"days_to_first_activity_after_target:q2[2,3]",fixed_fold,DIST,17694,0.41279529784107605,2.45031224984332,0.3179737877321647,1.8405984861294695,0.026572795336837634,0.8044818876521045,-0.07727053594752385,0.0036345482152646547,-0.017471836526105063
2025-09-04,"days_to_first_activity_after_target:q2[2,3]",fixed_fold,ETX-AVG3,17694,0.41279529784107605,2.45031224984332,0.31749594822622496,1.8392149737490397,0.029859063441861455,0.8045934262028427,-0.1779746356962283,0.0022510358348348802,0.005050599038000983
2025-09-04,"days_to_first_activity_after_target:q2[2,3]",fixed_fold,SEQ-AVG3,17694,0.41279529784107605,2.45031224984332,0.3171718094522374,1.838275885980729,0.025905526903483203,0.805158517963709,-0.06531329494292291,0.0013119480665242378,0.02095969735157731
2025-09-04,"days_to_first_activity_after_target:q2[2,3]",fixed_fold,BTYD,17694,0.41279529784107605,2.45031224984332,0.3314539438681924,1.8792086196531201,0.032610737312518595,0.7944646729362107,0.22339644322651336,0.04224468173891527,0.04352410610034185
2025-09-04,"days_to_first_activity_after_target:q2[2,3]",fixed_fold,FRESH,17694,0.41279529784107605,2.45031224984332,0.3162588357154278,1.8356282561566093,0.030730989712448482,0.8057828347250231,-0.11734445661741116,-0.0013356817575955748,0.06411738987369314
2025-09-04,"days_to_first_activity_after_target:q2[2,3]",fixed_fold,ZERO2D,17694,0.41279529784107605,2.45031224984332,0.3168128496571777,1.8372353553868708,0.027842341289052594,0.805472998828809,-0.11271433687689565,0.00027141747266590244,-0.03336052099300657
2025-09-04,"days_to_first_activity_after_target:q2[2,3]",fixed_fold,BTYD05,17694,0.41279529784107605,2.45031224984332,0.3164124329134397,1.8360739561654615,0.028029715606289654,0.8057018870828487,-0.10030743519317234,-0.0008899817487433292,0.0435241061003419
2025-09-04,"days_to_first_activity_after_target:q2[2,3]",fixed_fold,SEQ_SLOT_25,17694,0.41279529784107605,2.45031224984332,0.3166700959783074,1.8368213859765814,0.02733776518443048,0.8055414808239871,-0.10467780895937277,-0.00014255193762346963,0.012465466797037883
2025-09-04,"days_to_first_activity_after_target:q2[2,3]",fixed_fold,SEQ_SLOT_50,17694,0.41279529784107605,2.45031224984332,0.31671925011795354,1.8369639379142049,0.027788431858842874,0.8054730515376758,-0.11734465876764334,0.0,0.006997041493479534
2025-09-04,"days_to_first_activity_after_target:q2[2,3]",fixed_fold,SEQ_SLOT_75,17694,0.41279529784107605,2.45031224984332,0.31682831767313463,1.8372802052705788,0.028239068445230837,0.8053491857007169,-0.13001153866393822,0.00031626735637391157,-0.01246546679703774
2025-09-04,"days_to_first_activity_after_target:q2[2,3]",fixed_fold,BTYD05_FRESH1,17694,0.41279529784107605,2.45031224984332,0.31597624704158234,1.8348079728581308,0.030972177263170735,0.8059778575321497,-0.10030732923966469,-0.0021559650560740717,0.06882920420376835
2025-09-04,"days_to_first_activity_after_target:q2[2,3]",slice_shape_only,STRONGEST,17694,0.41279529784107605,2.45031224984332,0.31664677293939286,1.8367537429530636,-6.425163203437099e-17,0.8054730515376758,-0.1451330906264862,0.0,
2025-09-04,"days_to_first_activity_after_target:q2[2,3]",slice_shape_only,CAP,17694,0.41279529784107605,2.45031224984332,0.3198338137578301,1.8459740377875706,-0.00010462084855002224,0.8028974657049759,-0.10747972043924696,0.009220294834507037,-0.005035105014436877
2025-09-04,"days_to_first_activity_after_target:q2[2,3]",slice_shape_only,UNC,17694,0.41279529784107605,2.45031224984332,0.3181191018499369,1.841019015123671,-0.0001046208485501909,0.8043075135435434,-0.20594175682821958,0.004265272170607348,-0.009074509384817861
2025-09-04,"days_to_first_activity_after_target:q2[2,3]",slice_shape_only,DIST,17694,0.41279529784107605,2.45031224984332,0.3179075130452917,1.8404066598689761,1.0440890205585285e-17,0.8044818876521045,-0.10384333128436146,0.0036529169159125185,-0.017471836526105063
2025-09-04,"days_to_first_activity_after_target:q2[2,3]",slice_shape_only,ETX-AVG3,17694,0.41279529784107605,2.45031224984332,0.3174120768913087,1.8389720295404464,-0.00010462084854999814,0.8045934262028427,-0.20796691786486046,0.0022182865873827673,0.005050599038000983
2025-09-04,"days_to_first_activity_after_target:q2[2,3]",slice_shape_only,SEQ-AVG3,17694,0.41279529784107605,2.45031224984332,0.3171088031846867,1.8380932899058473,-2.811008901503731e-17,0.805158517963709,-0.09122669440706814,0.00133954695278371,0.02095969735157731
2025-09-04,"days_to_first_activity_after_target:q2[2,3]",slice_shape_only,BTYD,17694,0.41279529784107605,2.45031224984332,0.3313541291843551,1.8789256440824154,3.2125816017185496e-18,0.7944646729362107,0.1907857059139948,0.04217190112935176,0.04352410610034185
2025-09-04,"days_to_first_activity_after_target:q2[2,3]",slice_shape_only,FRESH,17694,0.41279529784107605,2.45031224984332,0.31617019642031674,1.835370998210402,-2.5700652813748397e-17,0.8057828347250231,-0.14807544632985967,-0.0013827447426615347,0.06411738987369314
2025-09-04,"days_to_first_activity_after_target:q2[2,3]",slice_shape_only,ZERO2D,17694,0.41279529784107605,2.45031224984332,0.31674008986613544,1.8370243719360815,3.694468841976332e-17,0.805472998828809,-0.14055804014757076,0.0002706289830178843,-0.03336052099300657
2025-09-04,"days_to_first_activity_after_target:q2[2,3]",slice_shape_only,BTYD05,17694,0.41279529784107605,2.45031224984332,0.31633869164868716,1.835859991271698,5.782646883093389e-17,0.8057018870828487,-0.12833715079946204,-0.0008937516813656288,0.0435241061003419
2025-09-04,"days_to_first_activity_after_target:q2[2,3]",slice_shape_only,SEQ_SLOT_25,17694,0.41279529784107605,2.45031224984332,0.31659995057493484,1.8366179381067937,2.8913234415466945e-17,0.8055414808239871,-0.13201557414380335,-0.00013580484626984912,0.012465466797037883
2025-09-04,"days_to_first_activity_after_target:q2[2,3]",slice_shape_only,SEQ_SLOT_50,17694,0.41279529784107605,2.45031224984332,0.31664677293939286,1.8367537429530636,-8.433026704511192e-17,0.8054730515376758,-0.14513309062648616,0.0,0.006997041493479534
2025-09-04,"days_to_first_activity_after_target:q2[2,3]",slice_shape_only,SEQ_SLOT_75,17694,0.41279529784107605,2.45031224984332,0.3167534660657663,1.8370631610664903,-0.00010462084855003267,0.8053491857007169,-0.15835591845171545,0.0003094181134266627,-0.01246546679703774
2025-09-04,"days_to_first_activity_after_target:q2[2,3]",slice_shape_only,BTYD05_FRESH1,17694,0.41279529784107605,2.45031224984332,0.31588621094224084,1.8345465438356536,4.7385578625348605e-17,0.8059778575321497,-0.13127950650283554,-0.0022071991174099637,0.06882920420376835
2025-09-04,"days_to_first_activity_after_target:q3[3,4]",fixed_fold,STRONGEST,11796,0.4509155645981689,2.267097915872258,0.21397117773294166,1.8492118527688248,0.07059943963890407,0.8003056965014506,-0.11734465876764338,0.0,
2025-09-04,"days_to_first_activity_after_target:q3[3,4]",fixed_fold,CAP,11796,0.4509155645981689,2.267097915872258,0.2167418016822079,1.8611456837519182,0.07011749363386925,0.7962021195046449,-0.08171608833146897,0.011933830983093419,-0.020805030508331053
2025-09-04,"days_to_first_activity_after_target:q3[3,4]",fixed_fold,UNC,11796,0.4509155645981689,2.267097915872258,0.21511134376403288,1.8541321586367778,0.07539848993648895,0.7993421005845289,-0.1758524590347353,0.004920305867953001,-0.01500812780822891
2025-09-04,"days_to_first_activity_after_target:q3[3,4]",fixed_fold,DIST,11796,0.4509155645981689,2.267097915872258,0.2145343408268956,1.8516437773493037,0.0697355189367151,0.79966991244969,-0.07727053594752385,0.002431924580478917,-0.005285762534089051
2025-09-04,"days_to_first_activity_after_target:q3[3,4]",fixed_fold,ETX-AVG3,11796,0.4509155645981689,2.267097915872258,0.21459131983744176,1.8518896536632803,0.07177605378043646,0.7990780166115148,-0.1779746356962283,0.002677800894455462,0.0015551643667712958
2025-09-04,"days_to_first_activity_after_target:q3[3,4]",fixed_fold,SEQ-AVG3,11796,0.4509155645981689,2.267097915872258,0.21400747828554156,1.8493687069910016,0.06611922741716483,0.8004269696207352,-0.06531329494292291,0.00015685422217681655,0.029017159930669285
2025-09-04,"days_to_first_activity_after_target:q3[3,4]",fixed_fold,BTYD,11796,0.4509155645981689,2.267097915872258,0.22361752854510572,1.8904358800922347,0.07587703438105832,0.7888996229241956,0.22339644322651336,0.041224027323409906,0.04447920269015201
2025-09-04,"days_to_first_activity_after_target:q3[3,4]",fixed_fold,FRESH,11796,0.4509155645981689,2.267097915872258,0.21379980794654846,1.848471186385167,0.0755328360711667,0.8004690872119469,-0.11734445661741116,-0.0007406663836577732,0.04744537951889957
2025-09-04,"days_to_first_activity_after_target:q3[3,4]",fixed_fold,ZERO2D,11796,0.4509155645981689,2.267097915872258,0.21403743683086063,1.8494981474615113,0.07022238532084697,0.8003058126078357,-0.11271433687689565,0.000286294692686484,-0.03634011875434781
2025-09-04,"days_to_first_activity_after_target:q3[3,4]",fixed_fold,BTYD05,11796,0.4509155645981689,2.267097915872258,0.21376183357987547,1.848307019633819,0.07086348785077477,0.8005209867661072,-0.10030743519317234,-0.0009048331350058891,0.04447920269015212
2025-09-04,"days_to_first_activity_after_target:q3[3,4]",fixed_fold,SEQ_SLOT_25,11796,0.4509155645981689,2.267097915872258,0.21390136460483472,1.848910153732819,0.06995594654680194,0.8004668811906291,-0.10467780895937277,-0.00030169903600585357,0.020259021402920484
2025-09-04,"days_to_first_activity_after_target:q3[3,4]",fixed_fold,SEQ_SLOT_50,11796,0.4509155645981689,2.267097915872258,0.21397117773294166,1.8492118527688248,0.07059943963890405,0.8003056965014506,-0.11734465876764334,0.0,-0.010080957360220036
2025-09-04,"days_to_first_activity_after_target:q3[3,4]",fixed_fold,SEQ_SLOT_75,11796,0.4509155645981689,2.267097915872258,0.2140817728438597,1.8496896913549425,0.07124290264298178,0.80009246712513,-0.13001153866393822,0.0004778385861177181,-0.02025902140292054
2025-09-04,"days_to_first_activity_after_target:q3[3,4]",fixed_fold,BTYD05_FRESH1,11796,0.4509155645981689,2.267097915872258,0.21360674528257118,1.8476364069353417,0.07579678808631289,0.8006734634763998,-0.10030732923966469,-0.0015754458334831245,0.05839731372677888
2025-09-04,"days_to_first_activity_after_target:q3[3,4]",slice_shape_only,STRONGEST,11796,0.4509155645981689,2.267097915872258,0.2136591706903088,1.8478631253128892,-0.0002771274483525466,0.8003056965014506,-0.18823173491045886,0.0,
2025-09-04,"days_to_first_activity_after_target:q3[3,4]",slice_shape_only,CAP,11796,0.4509155645981689,2.267097915872258,0.21643245954470994,1.8598170605872164,-0.00024803025766337826,0.7962021195046449,-0.15209253530480374,0.011953935274327199,-0.020805030508331053
2025-09-04,"days_to_first_activity_after_target:q3[3,4]",slice_shape_only,UNC,11796,0.4509155645981689,2.267097915872258,0.21474948410265182,1.8525719944390375,-0.0009553440380050192,0.7993421005845289,-0.25233664785933385,0.004708869126148318,-0.01500812780822891
2025-09-04,"days_to_first_activity_after_target:q3[3,4]",slice_shape_only,DIST,11796,0.4509155645981689,2.267097915872258,0.21423004514770186,1.8503301248613315,1.2047181006444561e-17,0.79966991244969,-0.14701082869980875,0.002466999548442317,-0.005285762534089051
2025-09-04,"days_to_first_activity_after_target:q3[3,4]",slice_shape_only,ETX-AVG3,11796,0.4509155645981689,2.267097915872258,0.21426636554161915,1.8504869699732023,-0.0009553440380051173,0.7990780166115148,-0.25084834421453633,0.0026238446603130683,0.0015551643667712958
2025-09-04,"days_to_first_activity_after_target:q3[3,4]",slice_shape_only,SEQ-AVG3,11796,0.4509155645981689,2.267097915872258,0.21373227591430874,1.8481792289789158,-0.0005728930379148568,0.8004269696207352,-0.13203868313188102,0.00031610366602663476,0.029017159930669285
2025-09-04,"days_to_first_activity_after_target:q3[3,4]",slice_shape_only,BTYD,11796,0.4509155645981689,2.267097915872258,0.22325727966706285,1.8889125158126403,6.204298218318949e-17,0.7888996229241956,0.14751940884545509,0.04104939049975109,0.04447920269015201
2025-09-04,"days_to_first_activity_after_target:q3[3,4]",slice_shape_only,FRESH,11796,0.4509155645981689,2.267097915872258,0.21344281315114386,1.8469272881555874,-4.818872402577825e-18,0.8004690872119469,-0.1928808656662004,-0.0009358371573018331,0.04744537951889957
2025-09-04,"days_to_first_activity_after_target:q3[3,4]",slice_shape_only,ZERO2D,11796,0.4509155645981689,2.267097915872258,0.21372808632059734,1.8481611148265542,-0.00057289303791487,0.8003058126078357,-0.1835290301090397,0.00029798951366499793,-0.03634011875434781
2025-09-04,"days_to_first_activity_after_target:q3[3,4]",slice_shape_only,BTYD05,11796,0.4509155645981689,2.267097915872258,0.21344761077342575,1.8469480450262177,-2.2889643912244665e-17,0.8005209867661072,-0.17117487729243608,-0.0009150802866715324,0.04447920269015212
2025-09-04,"days_to_first_activity_after_target:q3[3,4]",slice_shape_only,SEQ_SLOT_25,11796,0.4509155645981689,2.267097915872258,0.21359504758419137,1.8475858153932028,-0.00027712744835253696,0.8004668811906291,-0.17492056340252676,-0.0002773099196864415,0.020259021402920484
2025-09-04,"days_to_first_activity_after_target:q3[3,4]",slice_shape_only,SEQ_SLOT_50,11796,0.4509155645981689,2.267097915872258,0.2136591706903088,1.8478631253128892,-0.0002771274483525605,0.8003056965014506,-0.18823173491045886,0.0,-0.010080957360220036
2025-09-04,"days_to_first_activity_after_target:q3[3,4]",slice_shape_only,SEQ_SLOT_75,11796,0.4509155645981689,2.267097915872258,0.2137640224983238,1.8483164829297418,-0.0002771274483525924,0.80009246712513,-0.20154294272344084,0.0004533576168526121,-0.02025902140292054
2025-09-04,"days_to_first_activity_after_target:q3[3,4]",slice_shape_only,BTYD05_FRESH1,11796,0.4509155645981689,2.267097915872258,0.21324725649677795,1.8460810153715697,-1.7468412459344614e-17,0.8006734634763998,-0.17610553881703667,-0.001782109941319554,0.05839731372677888
2025-09-04,"days_to_first_activity_after_target:q4[4,7]",fixed_fold,STRONGEST,19520,0.5164959016393442,1.9396899758701864,0.3409724293116227,1.8146636383463743,0.16109880859379636,0.7938116072910756,-0.11734465876764338,0.0,
2025-09-04,"days_to_first_activity_after_target:q4[4,7]",fixed_fold,CAP,19520,0.5164959016393442,1.9396899758701864,0.3447155534510817,1.8245969505739061,0.15875680314206506,0.7901476120015911,-0.08171608833146897,0.009933312227531799,-0.010159231117834457
2025-09-04,"days_to_first_activity_after_target:q4[4,7]",fixed_fold,UNC,19520,0.5164959016393442,1.9396899758701864,0.34243653274882485,1.8185554622557865,0.16799205976337406,0.7929206612999512,-0.1758524590347353,0.0038918239094121176,-0.00011798469532407051
2025-09-04,"days_to_first_activity_after_target:q4[4,7]",fixed_fold,DIST,19520,0.5164959016393442,1.9396899758701864,0.3421895235048615,1.817899455957836,0.16167248678389975,0.7926410353936458,-0.07727053594752385,0.0032358176114617443,-0.01140732394384122
2025-09-04,"days_to_first_activity_after_target:q4[4,7]",fixed_fold,ETX-AVG3,19520,0.5164959016393442,1.9396899758701864,0.34214455528162874,1.8177800040331082,0.1629209236431184,0.7926630681179743,-0.1779746356962283,0.003116365686733902,-0.0012807499876216748
2025-09-04,"days_to_first_activity_after_target:q4[4,7]",fixed_fold,SEQ-AVG3,19520,0.5164959016393442,1.9396899758701864,0.34131412755253016,1.8155726738735032,0.1533782500307712,0.7939022131259423,-0.06531329494292291,0.0009090355271288431,0.017922584104293576
2025-09-04,"days_to_first_activity_after_target:q4[4,7]",fixed_fold,BTYD,19520,0.5164959016393442,1.9396899758701864,0.354134783439807,1.8493571809720217,0.1799410994938997,0.7858274272180242,0.22339644322651336,0.03469354262564739,0.05841426788623924
2025-09-04,"days_to_first_activity_after_target:q4[4,7]",fixed_fold,FRESH,19520,0.5164959016393442,1.9396899758701864,0.3407171830778572,1.8139842978261442,0.16870443177869085,0.7941537582121161,-0.11734445661741116,-0.0006793405202301095,0.07152060452045186
2025-09-04,"days_to_first_activity_after_target:q4[4,7]",fixed_fold,ZERO2D,19520,0.5164959016393442,1.9396899758701864,0.3410841655336174,1.8149609454496547,0.15954115780465275,0.7938123114134368,-0.11271433687689565,0.00029730710328035315,-0.04959844048161339
2025-09-04,"days_to_first_activity_after_target:q4[4,7]",fixed_fold,BTYD05,19520,0.5164959016393442,1.9396899758701864,0.34054844135959683,1.8135350502527683,0.16203956006960557,0.7942262617967295,-0.10030743519317234,-0.0011285880936060533,0.05841426788623934
2025-09-04,"days_to_first_activity_after_target:q4[4,7]",fixed_fold,SEQ_SLOT_25,19520,0.5164959016393442,1.9396899758701864,0.3408762391718821,1.8144076571492886,0.16001868235859154,0.7939684374103951,-0.10467780895937277,-0.00025598119708569733,0.014042647280392815
2025-09-04,"days_to_first_activity_after_target:q4[4,7]",fixed_fold,SEQ_SLOT_50,19520,0.5164959016393442,1.9396899758701864,0.3409724293116227,1.8146636383463743,0.16109880859379636,0.7938116072910756,-0.11734465876764334,0.0,0.010008174447038762
2025-09-04,"days_to_first_activity_after_target:q4[4,7]",fixed_fold,SEQ_SLOT_75,19520,0.5164959016393442,1.9396899758701864,0.3411323793909325,1.8150892175665705,0.1621789047440596,0.7936317092824641,-0.13001153866393822,0.00042557922019614836,-0.01404264728039254
2025-09-04,"days_to_first_activity_after_target:q4[4,7]",fixed_fold,BTYD05_FRESH1,19520,0.5164959016393442,1.9396899758701864,0.34032256453348464,1.8129335154355553,0.16964591553524005,0.7945334062762063,-0.10030732923966469,-0.0017301229108190874,0.08084611936707549
2025-09-04,"days_to_first_activity_after_target:q4[4,7]",slice_shape_only,STRONGEST,19520,0.5164959016393442,1.9396899758701864,0.33827628530039106,1.807474927158979,-0.001097077765882122,0.7938116072910756,-0.27977410006910836,0.0,
2025-09-04,"days_to_first_activity_after_target:q4[4,7]",slice_shape_only,CAP,19520,0.5164959016393442,1.9396899758701864,0.3421028714355893,1.8176692695955132,-0.00017467115711881725,0.7901476120015911,-0.2408133115849092,0.010194342436534276,-0.010159231117834457
2025-09-04,"days_to_first_activity_after_target:q4[4,7]",slice_shape_only,UNC,19520,0.5164959016393442,1.9396899758701864,0.33946653112892744,1.8106519905575442,-0.003121645989849753,0.7929206612999512,-0.34802104350016133,0.003177063398565272,-0.00011798469532407051
2025-09-04,"days_to_first_activity_after_target:q4[4,7]",slice_shape_only,DIST,19520,0.5164959016393442,1.9396899758701864,0.339481308829905,1.8106914008970671,3.348869451328341e-17,0.7926410353936458,-0.23912563679334925,0.003216473738088199,-0.01140732394384122
2025-09-04,"days_to_first_activity_after_target:q4[4,7]",slice_shape_only,ETX-AVG3,19520,0.5164959016393442,1.9396899758701864,0.3393512510477601,1.8103445230854411,-0.003584888718592145,0.7926630681179743,-0.34574455084920896,0.0028695959264621873,-0.0012807499876216748
2025-09-04,"days_to_first_activity_after_target:q4[4,7]",slice_shape_only,SEQ-AVG3,19520,0.5164959016393442,1.9396899758701864,0.33886900149025,1.8090577321424353,-0.0010582367831740564,0.7939022131259423,-0.2200044940974027,0.0015828049834563096,0.017922584104293576
2025-09-04,"days_to_first_activity_after_target:q4[4,7]",slice_shape_only,BTYD,19520,0.5164959016393442,1.9396899758701864,0.3507821372092949,1.840582294689838,3.494472470951313e-17,0.7858274272180242,0.04345534373261369,0.03310736753085908,0.05841426788623924
2025-09-04,"days_to_first_activity_after_target:q4[4,7]",slice_shape_only,FRESH,19520,0.5164959016393442,1.9396899758701864,0.33776531866004356,1.806109315003815,-0.0008290413344662105,0.7941537582121161,-0.28702977562263315,-0.0013656121551639533,0.07152060452045186
2025-09-04,"days_to_first_activity_after_target:q4[4,7]",slice_shape_only,ZERO2D,19520,0.5164959016393442,1.9396899758701864,0.3384353268186203,1.8078997718629435,-0.0012767990133194594,0.7938123114134368,-0.27386322033401644,0.0004248447039645331,-0.04959844048161339
2025-09-04,"days_to_first_activity_after_target:q4[4,7]",slice_shape_only,BTYD05,19520,0.5164959016393442,1.9396899758701864,0.3378238972893825,1.8062659249567397,-0.0008290413344661492,0.7942262617967295,-0.26334557094556266,-0.0012090022022392954,0.05841426788623934
2025-09-04,"days_to_first_activity_after_target:q4[4,7]",slice_shape_only,SEQ_SLOT_25,19520,0.5164959016393442,1.9396899758701864,0.3382181890610923,1.807319710832275,-0.0006543701773472279,0.7939684374103951,-0.2655112242018572,-0.00015521632670401075,0.014042647280392815
2025-09-04,"days_to_first_activity_after_target:q4[4,7]",slice_shape_only,SEQ_SLOT_50,19520,0.5164959016393442,1.9396899758701864,0.33827628530039106,1.807474927158979,-0.0010970777658821538,0.7938116072910756,-0.27977410006910836,0.0,0.010008174447038762
2025-09-04,"days_to_first_activity_after_target:q4[4,7]",slice_shape_only,SEQ_SLOT_75,19520,0.5164959016393442,1.9396899758701864,0.3383965513946966,1.8077962009845951,-0.001276799013319474,0.7936317092824641,-0.2938033289712215,0.00032127382561619733,-0.01404264728039254
2025-09-04,"days_to_first_activity_after_target:q4[4,7]",slice_shape_only,BTYD05_FRESH1,19520,0.5164959016393442,1.9396899758701864,0.33734017904344954,1.8049722971528943,-0.0006543701773472854,0.7945334062762063,-0.2707111463504608,-0.0025026300060846385,0.08084611936707549
2025-09-04,"days_to_first_activity_after_target:q5[7,12]",fixed_fold,STRONGEST,15116,0.6080973802593279,1.5303861947625617,0.25126988997508015,1.7702238799736714,0.2871382655134587,0.7869116107480362,-0.11734465876764338,0.0,
2025-09-04,"days_to_first_activity_after_target:q5[7,12]",fixed_fold,CAP,15116,0.6080973802593279,1.5303861947625617,0.25422595952390925,1.7806063498454225,0.2868129474161911,0.7836150218550142,-0.08171608833146897,0.010382469871751177,-0.008938947918545825
2025-09-04,"days_to_first_activity_after_target:q5[7,12]",fixed_fold,UNC,15116,0.6080973802593279,1.5303861947625617,0.25239121747704973,1.774169420488682,0.2920244812768513,0.7861067208135072,-0.1758524590347353,0.003945540515010615,0.0017448172057240748
2025-09-04,"days_to_first_activity_after_target:q5[7,12]",fixed_fold,DIST,15116,0.6080973802593279,1.5303861947625617,0.2520376508696521,1.7729262969962716,0.2897412610201043,0.7854959693248217,-0.07727053594752385,0.002702417022600212,-0.0014887865486120303
2025-09-04,"days_to_first_activity_after_target:q5[7,12]",fixed_fold,ETX-AVG3,15116,0.6080973802593279,1.5303861947625617,0.2525071154421385,1.7745767227466016,0.2900337117335266,0.7857322630752513,-0.1779746356962283,0.004352842772930243,-0.010139383198462002
2025-09-04,"days_to_first_activity_after_target:q5[7,12]",fixed_fold,SEQ-AVG3,15116,0.6080973802593279,1.5303861947625617,0.25132110127622526,1.7704042653942442,0.27693826542587135,0.7866612499258081,-0.06531329494292291,0.00018038542057285945,0.015335533909774164
2025-09-04,"days_to_first_activity_after_target:q5[7,12]",fixed_fold,BTYD,15116,0.6080973802593279,1.5303861947625617,0.2630863827698977,1.811369935089152,0.32352846160482285,0.7760791941617318,0.22339644322651336,0.04114605511548053,0.04748414300642951
2025-09-04,"days_to_first_activity_after_target:q5[7,12]",fixed_fold,FRESH,15116,0.6080973802593279,1.5303861947625617,0.251367452793488,1.7705675169878186,0.29783848016003955,0.7872074783638887,-0.11734445661741116,0.00034363701414719117,0.08303819233873155
2025-09-04,"days_to_first_activity_after_target:q5[7,12]",fixed_fold,ZERO2D,15116,0.6080973802593279,1.5303861947625617,0.2513213329091611,1.770405081250615,0.2841216349309501,0.7869084704487183,-0.11271433687689565,0.00018120127694354338,-0.07417054304615249
2025-09-04,"days_to_first_activity_after_target:q5[7,12]",fixed_fold,BTYD05,15116,0.6080973802593279,1.5303861947625617,0.2510970525292462,1.7696149458782282,0.28895794379278994,0.7871869837788665,-0.10030743519317234,-0.0006089340954431588,0.04748414300642955
2025-09-04,"days_to_first_activity_after_target:q5[7,12]",fixed_fold,SEQ_SLOT_25,15116,0.6080973802593279,1.5303861947625617,0.25113981651814477,1.7697656297897928,0.2856582216424305,0.787015314082821,-0.10467780895937277,-0.0004582501838785724,0.017787725856246477
2025-09-04,"days_to_first_activity_after_target:q5[7,12]",fixed_fold,SEQ_SLOT_50,15116,0.6080973802593279,1.5303861947625617,0.2512698899750802,1.7702238799736716,0.2871382655134587,0.7869116107480362,-0.11734465876764334,2.220446049250313e-16,-0.014331902449862077
2025-09-04,"days_to_first_activity_after_target:q5[7,12]",fixed_fold,SEQ_SLOT_75,15116,0.6080973802593279,1.5303861947625617,0.25144804060136533,1.770851314112167,0.2886182792964626,0.7867603438153954,-0.13001153866393822,0.0006274341384955306,-0.017787725856246602
2025-09-04,"days_to_first_activity_after_target:q5[7,12]",fixed_fold,BTYD05_FRESH1,15116,0.6080973802593279,1.5303861947625617,0.2512178565261262,1.7700405798117986,0.29965806224264624,0.7874621548021384,-0.10030732923966469,-0.0001833001618727348,0.07866666917394893
2025-09-04,"days_to_first_activity_after_target:q5[7,12]",slice_shape_only,STRONGEST,15116,0.6080973802593279,1.5303861947625617,0.24449812464419365,1.7462070463724741,-0.013037390508728701,0.7869116107480362,-0.4220246243430568,0.0,
2025-09-04,"days_to_first_activity_after_target:q5[7,12]",slice_shape_only,CAP,15116,0.6080973802593279,1.5303861947625617,0.24754087423280094,1.7570391173650604,-0.009140983744628198,0.7836150218550142,-0.380032861275298,0.010832070992586207,-0.008938947918545825
2025-09-04,"days_to_first_activity_after_target:q5[7,12]",slice_shape_only,UNC,15116,0.6080973802593279,1.5303861947625617,0.24520201178860918,1.748718822945247,-0.018113182061245823,0.7861067208135072,-0.49449796828698794,0.0025117765727729058,0.0017448172057240748
2025-09-04,"days_to_first_activity_after_target:q5[7,12]",slice_shape_only,DIST,15116,0.6080973802593279,1.5303861947625617,0.2452305969868727,1.748820751182131,-0.0075243082312124185,0.7854959693248217,-0.37662794756942686,0.002613704809656836,-0.0014887865486120303
2025-09-04,"days_to_first_activity_after_target:q5[7,12]",slice_shape_only,ETX-AVG3,15116,0.6080973802593279,1.5303861947625617,0.24537954423270722,1.7493517666771432,-0.01864689015988184,0.7857322630752513,-0.4963460271623084,0.0031447203046690575,-0.010139383198462002
2025-09-04,"days_to_first_activity_after_target:q5[7,12]",slice_shape_only,SEQ-AVG3,15116,0.6080973802593279,1.5303861947625617,0.2450431183923697,1.7481521373389286,-0.011170162923436432,0.7866612499258081,-0.35714658498360446,0.0019450909664544547,0.015335533909774164
2025-09-04,"days_to_first_activity_after_target:q5[7,12]",slice_shape_only,BTYD,15116,0.6080973802593279,1.5303861947625617,0.25468458395133664,1.7822117358580447,-0.0007167026703222361,0.7760791941617318,-0.10090778758811482,0.03600468948557056,0.04748414300642951
2025-09-04,"days_to_first_activity_after_target:q5[7,12]",slice_shape_only,FRESH,15116,0.6080973802593279,1.5303861947625617,0.24413116682416777,1.7448961468620743,-0.011065549679944511,0.7872074783638887,-0.4298367845082637,-0.0013108995103998655,0.08303819233873155
2025-09-04,"days_to_first_activity_after_target:q5[7,12]",slice_shape_only,ZERO2D,15116,0.6080973802593279,1.5303861947625617,0.2446490270638809,1.746745836236158,-0.014271834792057608,0.7869084704487183,-0.41656367880117706,0.0005387898636839417,-0.07417054304615249
2025-09-04,"days_to_first_activity_after_target:q5[7,12]",slice_shape_only,BTYD05,15116,0.6080973802593279,1.5303861947625617,0.2442602712018112,1.7453574643556684,-0.013037390508728746,0.7871869837788665,-0.40639260721087983,-0.0008495820168057389,0.04748414300642955
2025-09-04,"days_to_first_activity_after_target:q5[7,12]",slice_shape_only,SEQ_SLOT_25,15116,0.6080973802593279,1.5303861947625617,0.24446316228115417,1.7460821912074702,-0.012007389357528837,0.787015314082821,-0.4062299875053489,-0.00012485516500393423,0.017787725856246477
2025-09-04,"days_to_first_activity_after_target:q5[7,12]",slice_shape_only,SEQ_SLOT_50,15116,0.6080973802593279,1.5303861947625617,0.24449812464419365,1.7462070463724741,-0.01303739050872872,0.7869116107480362,-0.4220246243430568,0.0,-0.014331902449862077
2025-09-04,"days_to_first_activity_after_target:q5[7,12]",slice_shape_only,SEQ_SLOT_75,15116,0.6080973802593279,1.5303861947625617,0.2445783815934794,1.7464936206595398,-0.013167533642385666,0.7867603438153954,-0.43691872741522075,0.00028657428706568844,-0.017787725856246602
2025-09-04,"days_to_first_activity_after_target:q5[7,12]",slice_shape_only,BTYD05_FRESH1,15116,0.6080973802593279,1.5303861947625617,0.2439111061910732,1.7441095420101562,-0.010381309248840183,0.7874621548021384,-0.41351247161081794,-0.0020975043623179257,0.07866666917394893
2025-09-04,"days_to_first_activity_after_target:q6[12,72]",fixed_fold,STRONGEST,17555,0.7498718313870693,0.9434603614395247,0.23795349573343144,1.5985345950381407,0.4369390332721669,0.777343124222836,-0.11734465876764338,0.0,
2025-09-04,"days_to_first_activity_after_target:q6[12,72]",fixed_fold,CAP,17555,0.7498718313870693,0.9434603614395247,0.24137728476160053,1.6099937634869756,0.4407096359285473,0.7705078621702176,-0.08171608833146897,0.011459168448834989,-0.008883332633571646
2025-09-04,"days_to_first_activity_after_target:q6[12,72]",fixed_fold,UNC,17555,0.7498718313870693,0.9434603614395247,0.24004760049624077,1.6055531223985247,0.437648499824869,0.7760163274220265,-0.1758524590347353,0.007018527360383997,-0.03282681708656722
2025-09-04,"days_to_first_activity_after_target:q6[12,72]",fixed_fold,DIST,17555,0.7498718313870693,0.9434603614395247,0.23782225206109955,1.5980936969406176,0.44674948776111323,0.7770742806219263,-0.07727053594752385,-0.00044089809752301257,0.06648721999193001
2025-09-04,"days_to_first_activity_after_target:q6[12,72]",fixed_fold,ETX-AVG3,17555,0.7498718313870693,0.9434603614395247,0.23931925155402756,1.60311549896348,0.43403854757076954,0.7769425749376453,-0.1779746356962283,0.004580903925339275,-0.028409144283779626
2025-09-04,"days_to_first_activity_after_target:q6[12,72]",fixed_fold,SEQ-AVG3,17555,0.7498718313870693,0.9434603614395247,0.23798162115761656,1.5986290633605746,0.4264315260983091,0.7763982531463178,-0.06531329494292291,9.446832243398262e-05,0.00314726181050738
2025-09-04,"days_to_first_activity_after_target:q6[12,72]",fixed_fold,BTYD,17555,0.7498718313870693,0.9434603614395247,0.25390772659906014,1.651254269018369,0.5019870296253346,0.7646419075896314,0.22339644322651336,0.052719673980228254,0.040976273580092794
2025-09-04,"days_to_first_activity_after_target:q6[12,72]",fixed_fold,FRESH,17555,0.7498718313870693,0.9434603614395247,0.23877294947974645,1.6012847108340325,0.4517652293183217,0.7774928393143596,-0.11734445661741116,0.0027501157958917943,0.1014544159149655
2025-09-04,"days_to_first_activity_after_target:q6[12,72]",fixed_fold,ZERO2D,17555,0.7498718313870693,0.9434603614395247,0.23784299427461641,1.5981633861258313,0.43081020888487126,0.7773419478158308,-0.11271433687689565,-0.00037120891230935094,-0.14487602950613776
2025-09-04,"days_to_first_activity_after_target:q6[12,72]",fixed_fold,BTYD05,17555,0.7498718313870693,0.9434603614395247,0.2380213279879833,1.5987624220737686,0.4401916015645884,0.7774807811425555,-0.10030743519317234,0.0002278270356279588,0.04097627358009306
2025-09-04,"days_to_first_activity_after_target:q6[12,72]",fixed_fold,SEQ_SLOT_25,17555,0.7498718313870693,0.9434603614395247,0.2378101766167438,1.5980531247563243,0.4360765740113543,0.7772832139660825,-0.10467780895937277,-0.0004814702818163319,0.021218422885983364
2025-09-04,"days_to_first_activity_after_target:q6[12,72]",fixed_fold,SEQ_SLOT_50,17555,0.7498718313870693,0.9434603614395247,0.23795349573343144,1.5985345950381407,0.4369390332721669,0.777343124222836,-0.11734465876764334,0.0,0.015938961995087528
2025-09-04,"days_to_first_activity_after_target:q6[12,72]",fixed_fold,SEQ_SLOT_75,17555,0.7498718313870693,0.9434603614395247,0.23814428368325977,1.5991753085296927,0.43780146244495516,0.7773532274829991,-0.13001153866393822,0.0006407134915520363,-0.021218422885983138
2025-09-04,"days_to_first_activity_after_target:q6[12,72]",fixed_fold,BTYD05_FRESH1,17555,0.7498718313870693,0.9434603614395247,0.23886833044207428,1.601604505909971,0.45501770141401865,0.7776056532861443,-0.10030732923966469,0.0030699108718303947,0.08093574142400654
2025-09-04,"days_to_first_activity_after_target:q6[12,72]",slice_shape_only,STRONGEST,17555,0.7498718313870693,0.9434603614395247,0.21844162294947098,1.5315941264659232,-0.047344262519612566,0.777343124222836,-0.6505006351357092,0.0,
2025-09-04,"days_to_first_activity_after_target:q6[12,72]",slice_shape_only,CAP,17555,0.7498718313870693,0.9434603614395247,0.22165774754718265,1.542827789385937,-0.0579208287875584,0.7705078621702176,-0.6264424403158381,0.01123366292001382,-0.008883332633571646
2025-09-04,"days_to_first_activity_after_target:q6[12,72]",slice_shape_only,UNC,17555,0.7498718313870693,0.9434603614395247,0.21975056415127028,1.5361760654846814,-0.053484269793147216,0.7760163274220265,-0.7297245220759111,0.004581939018758252,-0.03282681708656722
2025-09-04,"days_to_first_activity_after_target:q6[12,72]",slice_shape_only,DIST,17555,0.7498718313870693,0.9434603614395247,0.2180612652433845,1.530260114586428,-0.03633620800261342,0.7770742806219263,-0.5948283842690529,-0.0013340118794951117,0.06648721999193001
2025-09-04,"days_to_first_activity_after_target:q6[12,72]",slice_shape_only,ETX-AVG3,17555,0.7498718313870693,0.9434603614395247,0.21915097496073335,1.534078906568289,-0.05437032538023921,0.7769425749376453,-0.731934590061454,0.0024847801023657468,-0.028409144283779626
2025-09-04,"days_to_first_activity_after_target:q6[12,72]",slice_shape_only,SEQ-AVG3,17555,0.7498718313870693,0.9434603614395247,0.21937291640079465,1.5348555162151987,-0.05143903780802704,0.7763982531463178,-0.5923191978019022,0.0032613897492754784,0.00314726181050738
2025-09-04,"days_to_first_activity_after_target:q6[12,72]",slice_shape_only,BTYD,17555,0.7498718313870693,0.9434603614395247,0.2282151607732622,1.5654825858172117,-0.056282164377881035,0.7646419075896314,-0.3931725214757635,0.03388845935128848,0.040976273580092794
2025-09-04,"days_to_first_activity_after_target:q6[12,72]",slice_shape_only,FRESH,17555,0.7498718313870693,0.9434603614395247,0.2181767616108765,1.5306653128411243,-0.04578815939780234,0.7774928393143596,-0.6607709311788263,-0.0009288136247989076,0.1014544159149655
2025-09-04,"days_to_first_activity_after_target:q6[12,72]",slice_shape_only,ZERO2D,17555,0.7498718313870693,0.9434603614395247,0.21864243569870231,1.532297959760089,-0.05029611556883698,0.7773419478158308,-0.6469350186160463,0.0007038332941657899,-0.14487602950613776
2025-09-04,"days_to_first_activity_after_target:q6[12,72]",slice_shape_only,BTYD05,17555,0.7498718313870693,0.9434603614395247,0.21827534238127358,1.5310110809319337,-0.047677644258612865,0.7774807811425555,-0.6368193803480182,-0.000583045533989468,0.04097627358009306
2025-09-04,"days_to_first_activity_after_target:q6[12,72]",slice_shape_only,SEQ_SLOT_25,17555,0.7498718313870693,0.9434603614395247,0.21847423254888418,1.5317084426077396,-0.04669815022257525,0.7772832139660825,-0.6344101890700097,0.00011431614181645067,0.021218422885983364
2025-09-04,"days_to_first_activity_after_target:q6[12,72]",slice_shape_only,SEQ_SLOT_50,17555,0.7498718313870693,0.9434603614395247,0.21844162294947098,1.5315941264659232,-0.04734426251961244,0.777343124222836,-0.6505006351357091,0.0,0.015938961995087528
2025-09-04,"days_to_first_activity_after_target:q6[12,72]",slice_shape_only,SEQ_SLOT_75,17555,0.7498718313870693,0.9434603614395247,0.21844860510339065,1.531618603807598,-0.04787611116587125,0.7773532274829991,-0.6665011241494582,2.4477341674877806e-05,-0.021218422885983138
2025-09-04,"days_to_first_activity_after_target:q6[12,72]",slice_shape_only,BTYD05_FRESH1,17555,0.7498718313870693,0.9434603614395247,0.21802689861988675,1.530139524748138,-0.045494397589924414,0.7776056532861443,-0.6462624002790988,-0.00145460171778522,0.08093574142400654
2025-09-04,rec_buy_15_60,fixed_fold,STRONGEST,53224,0.41640989027506387,2.333956599837319,1.093959003160152,1.9684445253420007,0.0157563435859099,0.7191730725268775,-0.11734465876764338,0.0,
2025-09-04,rec_buy_15_60,fixed_fold,CAP,53224,0.41640989027506387,2.333956599837319,1.106014484190609,1.9792609843677236,0.017320412743339,0.7133419922291289,-0.08171608833146897,0.010816459025722924,-0.010443516951005876
2025-09-04,rec_buy_15_60,fixed_fold,UNC,53224,0.41640989027506387,2.333956599837319,1.0995738615917627,1.9734896831189406,0.033367179166522015,0.7167638706220039,-0.1758524590347353,0.005045157776939924,-0.009344233634747977
2025-09-04,rec_buy_15_60,fixed_fold,DIST,53224,0.41640989027506387,2.333956599837319,1.0982165217603383,1.9722712459500527,0.003368709517979711,0.7177435280269334,-0.07727053594752385,0.0038267206080520033,-0.018110188317321984
2025-09-04,rec_buy_15_60,fixed_fold,ETX-AVG3,53224,0.41640989027506387,2.333956599837319,1.0965736321288564,1.9707954728961719,0.013696153725492075,0.717445829699686,-0.1779746356962283,0.002350947554171201,0.004114110285964059
2025-09-04,rec_buy_15_60,fixed_fold,SEQ-AVG3,53224,0.41640989027506387,2.333956599837319,1.0945055389743394,1.96893617589412,0.014987530032889915,0.719264427913906,-0.06531329494292291,0.0004916505521193049,0.027049768741059056
2025-09-04,rec_buy_15_60,fixed_fold,BTYD,53224,0.41640989027506387,2.333956599837319,1.1454768962314792,2.0142613692719427,0.11213417562789235,0.7029657702501417,0.22339644322651336,0.04581684392994201,0.04024215360195985
2025-09-04,rec_buy_15_60,fixed_fold,FRESH,53224,0.41640989027506387,2.333956599837319,1.0936055070947035,1.9681264633240778,0.015245498470337807,0.7191571749071534,-0.11734445661741116,-0.0003180620179228377,0.019443222556432816
2025-09-04,rec_buy_15_60,fixed_fold,ZERO2D,53224,0.41640989027506387,2.333956599837319,1.0940185464558911,1.9684980950275845,0.017910217856481957,0.7191727965265351,-0.11271433687689565,5.356968558389852e-05,-0.005953693197143286
2025-09-04,rec_buy_15_60,fixed_fold,BTYD05,53224,0.41640989027506387,2.333956599837319,1.0930678644047447,1.9676426147681474,0.020575403662771965,0.7193870773818658,-0.10030743519317234,-0.0008019105738532595,0.040242153601959846
2025-09-04,rec_buy_15_60,fixed_fold,SEQ_SLOT_25,53224,0.41640989027506387,2.333956599837319,1.0936933009823033,1.9682054616487328,0.015894072394015715,0.7193746217769386,-0.10467780895937277,-0.00023906369326787136,0.017827032331949155
2025-09-04,rec_buy_15_60,fixed_fold,SEQ_SLOT_50,53224,0.41640989027506387,2.333956599837319,1.093959003160152,1.9684445253420007,0.01575634358590988,0.7191730725268775,-0.11734465876764334,0.0,-0.003416230097979967
2025-09-04,rec_buy_15_60,fixed_fold,SEQ_SLOT_75,53224,0.41640989027506387,2.333956599837319,1.0944113994154783,1.96885149894995,0.015618584689779632,0.7188947436131352,-0.13001153866393822,0.00040697360794927917,-0.017827032331949166
2025-09-04,rec_buy_15_60,fixed_fold,BTYD05_FRESH1,53224,0.41640989027506387,2.333956599837319,1.0927881674396964,1.967390855981749,0.020064462350475338,0.7193217103323443,-0.10030732923966469,-0.0010536693602516412,0.038528895660298955
2025-09-04,rec_buy_15_60,slice_shape_only,STRONGEST,53224,0.41640989027506387,2.333956599837319,1.0938889116250265,1.968381463788383,-3.417611234679574e-17,0.7191730725268775,-0.1331010023535532,0.0,
2025-09-04,rec_buy_15_60,slice_shape_only,CAP,53224,0.41640989027506387,2.333956599837319,1.1059297865795956,1.979185197888942,-4.806015798768151e-18,0.7133419922291289,-0.09903650107480791,0.010803734100559126,-0.010443516951005876
2025-09-04,rec_buy_15_60,slice_shape_only,UNC,53224,0.41640989027506387,2.333956599837319,1.0992595259167093,1.9732075817641095,1.1641238268127298e-16,0.7167638706220039,-0.2092196382012574,0.004826117975726518,-0.009344233634747977
2025-09-04,rec_buy_15_60,slice_shape_only,DIST,53224,0.41640989027506387,2.333956599837319,1.0982133178392277,1.9722683690100484,-8.650828437782672e-17,0.7177435280269334,-0.08063924546550347,0.00388690522166546,-0.018110188317321984
2025-09-04,rec_buy_15_60,slice_shape_only,ETX-AVG3,53224,0.41640989027506387,2.333956599837319,1.0965206716466709,1.9707478812271177,-8.116826682363988e-17,0.717445829699686,-0.19167078942172047,0.0023664174387347803,0.004114110285964059
2025-09-04,rec_buy_15_60,slice_shape_only,SEQ-AVG3,53224,0.41640989027506387,2.333956599837319,1.094442120641711,1.9688791325746926,-3.9516129900982573e-17,0.719264427913906,-0.08030082497581277,0.0004976687863096352,0.027049768741059056
2025-09-04,rec_buy_15_60,slice_shape_only,BTYD,53224,0.41640989027506387,2.333956599837319,1.1419268772431195,2.011137685589312,1.1214036863792353e-17,0.7029657702501417,0.11126226759862108,0.042756221800929195,0.04024215360195985
2025-09-04,rec_buy_15_60,slice_shape_only,FRESH,53224,0.41640989027506387,2.333956599837319,1.0935398868350925,1.9680674151087745,1.1748038619211035e-16,0.7191571749071534,-0.13258995508774893,-0.0003140486796084918,0.019443222556432816
2025-09-04,rec_buy_15_60,slice_shape_only,ZERO2D,53224,0.41640989027506387,2.333956599837319,1.0939279822832564,1.9684166160199836,3.577811761305179e-17,0.7191727965265351,-0.13062455473337767,3.515223160066583e-05,-0.005953693197143286
2025-09-04,rec_buy_15_60,slice_shape_only,BTYD05,53224,0.41640989027506387,2.333956599837319,1.0929483414240064,1.9675350345586595,7.209023698152227e-17,0.7193870773818658,-0.12088283885594439,-0.0008464292297234444,0.040242153601959846
2025-09-04,rec_buy_15_60,slice_shape_only,SEQ_SLOT_25,53224,0.41640989027506387,2.333956599837319,1.0936219787281978,1.968141285001317,9.078029842117619e-17,0.7193746217769386,-0.12057188135338856,-0.00024017878706605877,0.017827032331949155
2025-09-04,rec_buy_15_60,slice_shape_only,SEQ_SLOT_50,53224,0.41640989027506387,2.333956599837319,1.0938889116250265,1.968381463788383,-5.820619134063649e-17,0.7191730725268775,-0.13310100235355318,0.0,-0.003416230097979967
2025-09-04,rec_buy_15_60,slice_shape_only,SEQ_SLOT_75,53224,0.41640989027506387,2.333956599837319,1.094342528153579,1.9687895481055748,6.194420362856728e-17,0.7188947436131352,-0.1456301233537178,0.0004080843171918591,-0.017827032331949166
2025-09-04,rec_buy_15_60,slice_shape_only,BTYD05_FRESH1,53224,0.41640989027506387,2.333956599837319,1.0926745068930517,1.9672885394753832,-1.1214036863792353e-17,0.7193217103323443,-0.12037179159014012,-0.0010929243129997879,0.038528895660298955
2025-09-04,w180_days_buy_2_15,fixed_fold,STRONGEST,107913,0.372763244465449,2.5157545990400845,2.2158163382245477,1.9674622529693149,0.026014543520804807,0.7178934930814771,-0.11734465876764338,0.0,
2025-09-04,w180_days_buy_2_15,fixed_fold,CAP,107913,0.372763244465449,2.5157545990400845,2.2404812958744147,1.9783821733879088,0.026362814355589632,0.7119713013454716,-0.08171608833146897,0.01091992041859391,-0.013907181161907017
2025-09-04,w180_days_buy_2_15,fixed_fold,UNC,107913,0.372763244465449,2.5157545990400845,2.2271583061411846,1.9724911921314123,0.0371805141868499,0.7154627426516242,-0.1758524590347353,0.005028939162097457,-0.010955068637872604
2025-09-04,w180_days_buy_2_15,fixed_fold,DIST,107913,0.372763244465449,2.5157545990400845,2.222925544328238,1.9706159199405804,0.011132929012366084,0.7169261407252048,-0.07727053594752385,0.003153666971265512,-0.01387386893032337
2025-09-04,w180_days_buy_2_15,fixed_fold,ETX-AVG3,107913,0.372763244465449,2.5157545990400845,2.2207349541299153,1.9696447052368748,0.036683426022847986,0.7162170838269619,-0.1779746356962283,0.0021824522675599756,0.00777716268956278
2025-09-04,w180_days_buy_2_15,fixed_fold,SEQ-AVG3,107913,0.372763244465449,2.5157545990400845,2.217752568149937,1.9683216715482073,0.021556870606679147,0.7174895035538167,-0.06531329494292291,0.0008594185788923792,0.02337195364474986
2025-09-04,w180_days_buy_2_15,fixed_fold,BTYD,107913,0.372763244465449,2.5157545990400845,2.345201740906569,2.024089130518423,-0.02673999686133341,0.6881346400049377,0.22339644322651336,0.056626877549108334,0.02720914595232663
2025-09-04,w180_days_buy_2_15,fixed_fold,FRESH,107913,0.372763244465449,2.5157545990400845,2.2147222956151467,1.9669764831744012,0.02517327550384928,0.7178652748349563,-0.11734445661741116,-0.0004857697949136597,0.02620445155901015
2025-09-04,w180_days_buy_2_15,fixed_fold,ZERO2D,107913,0.372763244465449,2.5157545990400845,2.2159711625971874,1.967530987408845,0.02898322961117176,0.7178935544159102,-0.11271433687689565,6.873443953003822e-05,-0.005977115402000085
2025-09-04,w180_days_buy_2_15,fixed_fold,BTYD05,107913,0.372763244465449,2.5157545990400845,2.2145168145992824,1.966885233426745,0.023376984976460794,0.7180399110443285,-0.10030743519317234,-0.0005770195425698343,0.02720914595232658
2025-09-04,w180_days_buy_2_15,fixed_fold,SEQ_SLOT_25,107913,0.372763244465449,2.5157545990400845,2.215442392262788,1.967296229370031,0.024305255010009325,0.7180363859671456,-0.10467780895937277,-0.00016602359928397092,0.012571319998745861
2025-09-04,w180_days_buy_2_15,fixed_fold,SEQ_SLOT_50,107913,0.372763244465449,2.5157545990400845,2.2158163382245477,1.9674622529693149,0.026014543520804782,0.7178934930814771,-0.11734465876764334,0.0,-0.007060125485439874
2025-09-04,w180_days_buy_2_15,fixed_fold,SEQ_SLOT_75,107913,0.372763244465449,2.5157545990400845,2.216567397951883,1.9677956642819927,0.027723801943575783,0.717673631358539,-0.13001153866393822,0.00033341131267783375,-0.01257131999874588
2025-09-04,w180_days_buy_2_15,fixed_fold,BTYD05_FRESH1,107913,0.372763244465449,2.5157545990400845,2.213676745277979,1.9665121324725254,0.02253562076278077,0.717949203661302,-0.10030732923966469,-0.0009501204967894417,0.032489357832492814
2025-09-04,w180_days_buy_2_15,slice_shape_only,STRONGEST,107913,0.372763244465449,2.5157545990400845,2.215428943803627,1.967290258295531,6.064235630879063e-17,0.7178934930814771,-0.1433592022884481,0.0,
2025-09-04,w180_days_buy_2_15,slice_shape_only,CAP,107913,0.372763244465449,2.5157545990400845,2.2400834595028405,1.9782065175300374,-8.928451156864288e-17,0.7119713013454716,-0.10807890268705857,0.010916259234506454,-0.013907181161907017
2025-09-04,w180_days_buy_2_15,slice_shape_only,UNC,107913,0.372763244465449,2.5157545990400845,2.226366986900496,1.9721407435578227,1.0205825437418617e-16,0.7154627426516242,-0.2130329732215853,0.004850485262291704,-0.010955068637872604
2025-09-04,w180_days_buy_2_15,slice_shape_only,DIST,107913,0.372763244465449,2.5157545990400845,2.222854596382985,1.9705844721338046,1.164780980567325e-16,0.7169261407252048,-0.08840346495988982,0.003294213838273663,-0.01387386893032337
2025-09-04,w180_days_buy_2_15,slice_shape_only,ETX-AVG3,107913,0.372763244465449,2.5157545990400845,2.2199646526689416,1.9693030724403193,-1.5868412454308947e-17,0.7162170838269619,-0.21465806171907637,0.0020128141447883774,0.00777716268956278
2025-09-04,w180_days_buy_2_15,slice_shape_only,SEQ-AVG3,107913,0.372763244465449,2.5157545990400845,2.217486561574364,1.968203623616209,1.4077454700129682e-16,0.7174895035538167,-0.086870165549602,0.0009133653206780945,0.02337195364474986
2025-09-04,w180_days_buy_2_15,slice_shape_only,BTYD,107913,0.372763244465449,2.5157545990400845,2.3447924391142467,2.023912493377785,5.86011912213069e-17,0.6881346400049377,0.2501364400878468,0.05662223508225406,0.02720914595232663
2025-09-04,w180_days_buy_2_15,slice_shape_only,FRESH,107913,0.372763244465449,2.5157545990400845,2.2143595514793324,1.9668153933609385,5.702093437938401e-17,0.7178652748349563,-0.14251773212126043,-0.00047486493459247825,0.02620445155901015
2025-09-04,w180_days_buy_2_15,slice_shape_only,ZERO2D,107913,0.372763244465449,2.5157545990400845,2.2154903071973964,1.967317503306299,6.031313613339003e-17,0.7178935544159102,-0.14169756648806744,2.7245010768117695e-05,-0.005977115402000085
2025-09-04,w180_days_buy_2_15,slice_shape_only,BTYD05,107913,0.372763244465449,2.5157545990400845,2.2142039921313295,1.9667463074950953,1.7777889471632432e-17,0.7180399110443285,-0.12368442016963324,-0.0005439508004356775,0.02720914595232658
2025-09-04,w180_days_buy_2_15,slice_shape_only,SEQ_SLOT_25,107913,0.372763244465449,2.5157545990400845,2.2151042329855444,1.9671460821892304,3.56874670134251e-17,0.7180363859671456,-0.12898306396938222,-0.0001441761063005753,0.012571319998745861
2025-09-04,w180_days_buy_2_15,slice_shape_only,SEQ_SLOT_50,107913,0.372763244465449,2.5157545990400845,2.215428943803627,1.967290258295531,3.364630192594138e-17,0.7178934930814771,-0.14335920228844806,0.0,-0.007060125485439874
2025-09-04,w180_days_buy_2_15,slice_shape_only,SEQ_SLOT_75,107913,0.372763244465449,2.5157545990400845,2.2161274244534668,1.9676003575860628,-1.0403357542658978e-17,0.717673631358539,-0.15773534060751393,0.00031009929053182894,-0.01257131999874588
2025-09-04,w180_days_buy_2_15,slice_shape_only,BTYD05_FRESH1,107913,0.372763244465449,2.5157545990400845,2.2133860352628822,1.9663830026112603,3.364630192594138e-17,0.717949203661302,-0.12284295000244556,-0.0009072556842706359,0.032489357832492814
2025-09-04,intersection_rec15_60_buy2_15,fixed_fold,STRONGEST,43302,0.41670130709897923,2.2838355643204076,0.9241188045049344,2.0057940458733023,0.022830311530350606,0.6787250191194683,-0.11734465876764338,0.0,
2025-09-04,intersection_rec15_60_buy2_15,fixed_fold,CAP,43302,0.41670130709897923,2.2838355643204076,0.9347717976510317,2.017322045421787,0.029938707063870647,0.6709230317497181,-0.08171608833146897,0.011527999548484491,-0.013086023923944904
2025-09-04,intersection_rec15_60_buy2_15,fixed_fold,UNC,43302,0.41670130709897923,2.2838355643204076,0.9289106184689377,2.0109876230584782,0.0465228706623454,0.6755040092211578,-0.1758524590347353,0.005193577185175879,-0.009536927700810816
2025-09-04,intersection_rec15_60_buy2_15,fixed_fold,DIST,43302,0.41670130709897923,2.2838355643204076,0.9276390623323315,2.009610763283758,0.005498538646069235,0.6771159990678507,-0.07727053594752385,0.003816717410455528,-0.019596747152446973
2025-09-04,intersection_rec15_60_buy2_15,fixed_fold,ETX-AVG3,43302,0.41670130709897923,2.2838355643204076,0.9258766056595609,2.007700787751199,0.02341457270036336,0.6767545145580649,-0.1779746356962283,0.001906741877896856,0.007789333692734244
2025-09-04,intersection_rec15_60_buy2_15,fixed_fold,SEQ-AVG3,43302,0.41670130709897923,2.2838355643204076,0.9243649851380297,2.0060611948396496,0.017040412974465236,0.6790996543250687,-0.06531329494292291,0.0002671489663472748,0.02749709771813613
2025-09-04,intersection_rec15_60_buy2_15,fixed_fold,BTYD,43302,0.41670130709897923,2.2838355643204076,0.9624484600753502,2.0469685727947664,0.11298208689722536,0.6585277708378947,0.22339644322651336,0.04117452692146406,0.03775250754633577
2025-09-04,intersection_rec15_60_buy2_15,fixed_fold,FRESH,43302,0.41670130709897923,2.2838355643204076,0.9237236946855043,2.005365208343197,0.02326807113395517,0.6786952355964874,-0.11734445661741116,-0.0004288375301051417,0.025188513063526062
2025-09-04,intersection_rec15_60_buy2_15,fixed_fold,ZERO2D,43302,0.41670130709897923,2.2838355643204076,0.92418260325752,2.00586328207372,0.025726127078905314,0.6787246899955219,-0.11271433687689565,6.923620041776601e-05,-0.008455536441095118
2025-09-04,intersection_rec15_60_buy2_15,fixed_fold,BTYD05,43302,0.41670130709897923,2.2838355643204076,0.9234727803891836,2.0050928276640843,0.027338068773457264,0.6789619817783292,-0.10030743519317234,-0.0007012182092180907,0.03775250754633577
2025-09-04,intersection_rec15_60_buy2_15,fixed_fold,SEQ_SLOT_25,43302,0.41670130709897923,2.2838355643204076,0.9239232743981178,2.0055818362148066,0.02210566753471061,0.678992459752837,-0.10467780895937277,-0.00021220965849577667,0.01590428247487038
2025-09-04,intersection_rec15_60_buy2_15,fixed_fold,SEQ_SLOT_50,43302,0.41670130709897923,2.2838355643204076,0.9241188045049344,2.0057940458733023,0.02283031153035058,0.6787250191194683,-0.11734465876764334,0.0,-0.005021551502303212
2025-09-04,intersection_rec15_60_buy2_15,fixed_fold,SEQ_SLOT_75,43302,0.41670130709897923,2.2838355643204076,0.9244600940265855,2.0061643950615213,0.02355492543796613,0.678367546630588,-0.13001153866393822,0.000370349188218988,-0.015904282474870433
2025-09-04,intersection_rec15_60_buy2_15,fixed_fold,BTYD05_FRESH1,43302,0.41670130709897923,2.2838355643204076,0.9231628172007895,2.004756295207578,0.027775732180337295,0.6788706762131451,-0.10030732923966469,-0.001037750665724424,0.03859248218694412
2025-09-04,intersection_rec15_60_buy2_15,slice_shape_only,STRONGEST,43302,0.41670130709897923,2.2838355643204076,0.9239990811695487,2.0056641122920404,-6.432329971316782e-17,0.6787250191194683,-0.14017497029799392,0.0,
2025-09-04,intersection_rec15_60_buy2_15,slice_shape_only,CAP,43302,0.41670130709897923,2.2838355643204076,0.9345659143068694,2.0170998757533263,5.119609569007234e-17,0.6709230317497181,-0.11165479539533955,0.01143576346128583,-0.013086023923944904
2025-09-04,intersection_rec15_60_buy2_15,slice_shape_only,UNC,43302,0.41670130709897923,2.2838355643204076,0.928413467670213,2.010449413091442,7.810686393741807e-17,0.6755040092211578,-0.2223753296970808,0.004785300799401426,-0.009536927700810816
2025-09-04,intersection_rec15_60_buy2_15,slice_shape_only,DIST,43302,0.41670130709897923,2.2838355643204076,0.9276321176930002,2.0096032409355544,5.250881609238189e-17,0.6771159990678507,-0.08276907459359298,0.003939128643513978,-0.019596747152446973
2025-09-04,intersection_rec15_60_buy2_15,slice_shape_only,ETX-AVG3,43302,0.41670130709897923,2.2838355643204076,0.9257506761229505,2.0075642482675478,1.3127204023095473e-17,0.6767545145580649,-0.20138920839659175,0.001900135975507311,0.007789333692734244
2025-09-04,intersection_rec15_60_buy2_15,slice_shape_only,SEQ-AVG3,43302,0.41670130709897923,2.2838355643204076,0.9242982867460973,2.0059888189536705,-8.795226695473967e-17,0.6790996543250687,-0.08235370791738808,0.000324706661630092,0.02749709771813613
2025-09-04,intersection_rec15_60_buy2_15,slice_shape_only,BTYD,43302,0.41670130709897923,2.2838355643204076,0.9595163901947191,2.0438481807731685,-6.169785890854872e-17,0.6585277708378947,0.11041435632928802,0.0381840684811281,0.03775250754633577
2025-09-04,intersection_rec15_60_buy2_15,slice_shape_only,FRESH,43302,0.41670130709897923,2.2838355643204076,0.9235993360644641,2.0052302151371695,7.613778333395374e-17,0.6786952355964874,-0.14061252775136626,-0.0004338971548709658,0.025188513063526062
2025-09-04,intersection_rec15_60_buy2_15,slice_shape_only,ZERO2D,43302,0.41670130709897923,2.2838355643204076,0.9240305821286399,2.005698300532031,3.2818010057738683e-18,0.6787246899955219,-0.138440463955801,3.418823999057352e-05,-0.008455536441095118
2025-09-04,intersection_rec15_60_buy2_15,slice_shape_only,BTYD05,43302,0.41670130709897923,2.2838355643204076,0.9233011118168215,2.0049064510708954,7.351234252933465e-17,0.6789619817783292,-0.12764550396662971,-0.0007576612211450673,0.03775250754633577
2025-09-04,intersection_rec15_60_buy2_15,slice_shape_only,SEQ_SLOT_25,43302,0.41670130709897923,2.2838355643204076,0.9238110305880842,2.005460007384241,8.007594454088239e-17,0.678992459752837,-0.12678347649408347,-0.00020410490779942947,0.01590428247487038
2025-09-04,intersection_rec15_60_buy2_15,slice_shape_only,SEQ_SLOT_50,43302,0.41670130709897923,2.2838355643204076,0.9239990811695487,2.0056641122920404,-8.20450251443467e-17,0.6787250191194683,-0.14017497029799386,0.0,-0.005021551502303212
2025-09-04,intersection_rec15_60_buy2_15,slice_shape_only,SEQ_SLOT_75,43302,0.41670130709897923,2.2838355643204076,0.9243326502596487,2.0060261078809947,9.385950876513263e-17,0.678367546630588,-0.15356646410190428,0.00036199558895422257,-0.015904282474870433
2025-09-04,intersection_rec15_60_buy2_15,slice_shape_only,BTYD05_FRESH1,43302,0.41670130709897923,2.2838355643204076,0.9229856080420211,2.0045638707400317,-5.119609569007234e-17,0.6788706762131451,-0.1280830614200021,-0.0011002415520087183,0.03859248218694412
2025-09-04,long_recency_gt60_or_never,fixed_fold,STRONGEST,48425,0.7552916881775942,0.8925427193474238,0.6366289941399664,1.57429024394134,0.0012913224233787586,0.7182566796738682,-0.11734465876764338,0.0,
2025-09-04,long_recency_gt60_or_never,fixed_fold,CAP,48425,0.7552916881775942,0.8925427193474238,0.6453941684050257,1.5850906915867802,-0.011212252894191546,0.7064918314197461,-0.08171608833146897,0.010800447645440192,-0.006139852265337932
2025-09-04,long_recency_gt60_or_never,fixed_fold,UNC,48425,0.7552916881775942,0.8925427193474238,0.639254549983897,1.577533211252404,9.021178874579626e-05,0.7155330570384534,-0.1758524590347353,0.0032429673110641044,-0.007482546011046019
2025-09-04,long_recency_gt60_or_never,fixed_fold,DIST,48425,0.7552916881775942,0.8925427193474238,0.6386302993685586,1.5767627696412125,0.032669320617102024,0.7170301426754457,-0.07727053594752385,0.002472525699872552,-0.004636050677690344
2025-09-04,long_recency_gt60_or_never,fixed_fold,ETX-AVG3,48425,0.7552916881775942,0.8925427193474238,0.6390729206816712,1.5773090856581955,-0.0030572976616670905,0.7164175617409461,-0.1779746356962283,0.0030188417168555137,-0.003258649355233491
2025-09-04,long_recency_gt60_or_never,fixed_fold,SEQ-AVG3,48425,0.7552916881775942,0.8925427193474238,0.638130891740546,1.5761461363861875,-0.022689334833078757,0.7162265710305683,-0.06531329494292291,0.0018558924448475178,0.01691614703715374
2025-09-04,long_recency_gt60_or_never,fixed_fold,BTYD,48425,0.7552916881775942,0.8925427193474238,0.6602925634194459,1.6032815694147842,0.03446413828582714,0.6904894064851426,0.22339644322651336,0.028991325473444185,0.024204372215152717
2025-09-04,long_recency_gt60_or_never,fixed_fold,FRESH,48425,0.7552916881775942,0.8925427193474238,0.6364367523050444,1.5740525330463795,0.013357860048314943,0.7182798538348172,-0.11734445661741116,-0.0002377108949604967,0.02644861975530796
2025-09-04,long_recency_gt60_or_never,fixed_fold,ZERO2D,48425,0.7552916881775942,0.8925427193474238,0.6367421680551534,1.5744301689797902,-0.008755742187634499,0.7182562436009471,-0.11271433687689565,0.00013992503845017268,-0.012300602907360115
2025-09-04,long_recency_gt60_or_never,fixed_fold,BTYD05,48425,0.7552916881775942,0.8925427193474238,0.6363711382221353,1.5739713916956413,0.0029494758208382117,0.7184508544087491,-0.10030743519317234,-0.00031885224569871973,0.024204372215152738
2025-09-04,long_recency_gt60_or_never,fixed_fold,SEQ_SLOT_25,48425,0.7552916881775942,0.8925427193474238,0.6365105361718986,1.5741437725263403,-0.0009204564153709347,0.7183590898996628,-0.10467780895937277,-0.00014647141499968264,0.014103862227081553
2025-09-04,long_recency_gt60_or_never,fixed_fold,SEQ_SLOT_50,48425,0.7552916881775942,0.8925427193474238,0.6366289941399664,1.57429024394134,0.0012913224233787896,0.7182566796738682,-0.11734465876764334,0.0,0.001287783312736238
2025-09-04,long_recency_gt60_or_never,fixed_fold,SEQ_SLOT_75,48425,0.7552916881775942,0.8925427193474238,0.6368896500219458,1.5746124928665866,0.0035031883064567,0.7179996689075969,-0.13001153866393822,0.000322248925246571,-0.014103862227081532
2025-09-04,long_recency_gt60_or_never,fixed_fold,BTYD05_FRESH1,48425,0.7552916881775942,0.8925427193474238,0.636229694105906,1.5737964612570778,0.015016291741855429,0.7184485379155598,-0.10030732923966469,-0.0004937826842621451,0.03053716666393737
2025-09-04,long_recency_gt60_or_never,slice_shape_only,STRONGEST,48425,0.7552916881775942,0.8925427193474238,0.6366285657758368,1.5742897143003798,1.7901128293801183e-17,0.7182566796738682,-0.11863606119530265,0.0,
2025-09-04,long_recency_gt60_or_never,slice_shape_only,CAP,48425,0.7552916881775942,0.8925427193474238,0.6453618679743742,1.5850510260962314,-4.695377913128179e-17,0.7064918314197461,-0.0705015556845465,0.010761311795851602,-0.006139852265337932
2025-09-04,long_recency_gt60_or_never,slice_shape_only,UNC,48425,0.7552916881775942,0.8925427193474238,0.6392544460655938,1.5775330830291625,-0.0005449581799760692,0.7155330570384534,-0.1764893824633583,0.003243368728782725,-0.007482546011046019
2025-09-04,long_recency_gt60_or_never,slice_shape_only,DIST,48425,0.7552916881775942,0.8925427193474238,0.6383561437236238,1.5764242914815658,7.600642996876239e-17,0.7170301426754457,-0.10993996693980203,0.002134577181186037,-0.004636050677690344
2025-09-04,long_recency_gt60_or_never,slice_shape_only,ETX-AVG3,48425,0.7552916881775942,0.8925427193474238,0.6390709157137767,1.5773066114049024,-0.0002665008512409517,0.7164175617409461,-0.1751778655150622,0.0030168971045225756,-0.003258649355233491
2025-09-04,long_recency_gt60_or_never,slice_shape_only,SEQ-AVG3,48425,0.7552916881775942,0.8925427193474238,0.6379988135266667,1.5759830151973087,-7.160451317520473e-17,0.7162265710305683,-0.04261503369732078,0.0016933008969288732,0.01691614703715374
2025-09-04,long_recency_gt60_or_never,slice_shape_only,BTYD,48425,0.7552916881775942,0.8925427193474238,0.6599874567830214,1.6029111060808547,3.521533434846134e-17,0.6904894064851426,0.18893230494068625,0.02862139178047496,0.024204372215152717
2025-09-04,long_recency_gt60_or_never,slice_shape_only,FRESH,48425,0.7552916881775942,0.8925427193474238,0.6363909170605576,1.573995851544679,-2.288996732649987e-17,0.7182798538348172,-0.13070259251778393,-0.0002938627557007578,0.02644861975530796
2025-09-04,long_recency_gt60_or_never,slice_shape_only,ZERO2D,48425,0.7552916881775942,0.8925427193474238,0.6367224739074119,1.5744058205844156,-2.288996732649987e-17,0.7182562436009471,-0.10395796577802442,0.00011610628403579959,-0.012300602907360115
2025-09-04,long_recency_gt60_or_never,slice_shape_only,BTYD05,48425,0.7552916881775942,0.8925427193474238,0.6363689035415558,1.5739686281146283,-3.6095717707172874e-17,0.7184508544087491,-0.10325697192339063,-0.0003210861857514402,0.024204372215152738
2025-09-04,long_recency_gt60_or_never,slice_shape_only,SEQ_SLOT_25,48425,0.7552916881775942,0.8925427193474238,0.6365103185261591,1.574143503398262,-2.9052650837480605e-17,0.7183590898996628,-0.10375729551683967,-0.00014621090211774934,0.014103862227081553
2025-09-04,long_recency_gt60_or_never,slice_shape_only,SEQ_SLOT_50,48425,0.7552916881775942,0.8925427193474238,0.6366285657758367,1.5742897143003796,2.1129200609076806e-17,0.7182566796738682,-0.11863606119530264,-2.220446049250313e-16,0.001287783312736238
2025-09-04,long_recency_gt60_or_never,slice_shape_only,SEQ_SLOT_75,48425,0.7552916881775942,0.8925427193474238,0.6368864973437304,1.5746085956038136,5.8692223914102235e-18,0.7179996689075969,-0.1335150163645261,0.0003188813034338267,-0.014103862227081532
2025-09-04,long_recency_gt60_or_never,slice_shape_only,BTYD05_FRESH1,48425,0.7552916881775942,0.8925427193474238,0.6361717718189535,1.5737248204912317,1.0564600304538403e-17,0.7184485379155598,-0.11532381471409954,-0.0005648938091480371,0.03053716666393737
2025-09-04,hist_buy_days_0,fixed_fold,STRONGEST,24947,0.8602637591694392,0.49803940086960413,0.21985126538053373,1.2889371259994147,-0.004328492062393871,0.645365889794141,-0.11734465876764338,0.0,
2025-09-04,hist_buy_days_0,fixed_fold,CAP,24947,0.8602637591694392,0.49803940086960413,0.22343625718688281,1.299403619665532,-0.0137289715602484,0.6109743747099937,-0.08171608833146897,0.010466493666117405,0.0033452736767014854
2025-09-04,hist_buy_days_0,fixed_fold,UNC,24947,0.8602637591694392,0.49803940086960413,0.22082308419554747,1.291782759280002,-0.01660904598615095,0.6428584862057349,-0.1758524590347353,0.0028456332805872897,-0.019059731145781782
2025-09-04,hist_buy_days_0,fixed_fold,DIST,24947,0.8602637591694392,0.49803940086960413,0.22056275947151538,1.2910211039493629,0.05165587733666178,0.64466857157507,-0.07727053594752385,0.0020839779499481903,-0.0034216797156109953
2025-09-04,hist_buy_days_0,fixed_fold,ETX-AVG3,24947,0.8602637591694392,0.49803940086960413,0.2209275839452222,1.292088377256624,-0.02451974288040126,0.6430500303382916,-0.1779746356962283,0.0031512512572093865,-0.007563364291593469
2025-09-04,hist_buy_days_0,fixed_fold,SEQ-AVG3,24947,0.8602637591694392,0.49803940086960413,0.22058638556024543,1.2910902474495032,-0.031193952727439515,0.6376346847313235,-0.06531329494292291,0.002153121450088502,0.01709864057391769
2025-09-04,hist_buy_days_0,fixed_fold,BTYD,24947,0.8602637591694392,0.49803940086960413,0.22439547344508082,1.3021898152513989,-0.030619586381715285,0.5622835220477456,0.22339644322651336,0.013252689251984195,0.024280812159464586
2025-09-04,hist_buy_days_0,fixed_fold,FRESH,24947,0.8602637591694392,0.49803940086960413,0.2197925555940811,1.288765013557926,0.012918427843764154,0.645480041007821,-0.11734445661741116,-0.00017211244148862548,0.0313527373675629
2025-09-04,hist_buy_days_0,fixed_fold,ZERO2D,24947,0.8602637591694392,0.49803940086960413,0.21991829441610286,1.2891335988924022,-0.019361498129327123,0.6453679883586079,-0.11271433687689565,0.00019647289298752035,-0.015097210693564825
2025-09-04,hist_buy_days_0,fixed_fold,BTYD05,24947,0.8602637591694392,0.49803940086960413,0.21977877867625467,1.2887246220899788,-0.0056441514236266616,0.6456023191463157,-0.10030743519317234,-0.00021250390943583497,0.024280812159464604
2025-09-04,hist_buy_days_0,fixed_fold,SEQ_SLOT_25,24947,0.8602637591694392,0.49803940086960413,0.2198011208059558,1.2887901245946225,-0.0050783966594414665,0.6452506959815538,-0.10467780895937277,-0.0001470014047921797,0.015619393025223437
2025-09-04,hist_buy_days_0,fixed_fold,SEQ_SLOT_50,24947,0.8602637591694392,0.49803940086960413,0.21985126538053373,1.2889371259994147,-0.004328492062393821,0.645365889794141,-0.11734465876764334,0.0,0.011366181532544225
2025-09-04,hist_buy_days_0,fixed_fold,SEQ_SLOT_75,24947,0.8602637591694392,0.49803940086960413,0.21996710607312736,1.2892766548761003,-0.0035783901859849383,0.6451014172046945,-0.13001153866393822,0.00033952887668564635,-0.015619393025223376
2025-09-04,hist_buy_days_0,fixed_fold,BTYD05_FRESH1,24947,0.8602637591694392,0.49803940086960413,0.21973115592920892,1.2885849909298437,0.011603399219470739,0.6457216432545736,-0.10030732923966469,-0.0003521350695709913,0.029308020621060887
2025-09-04,hist_buy_days_0,slice_shape_only,STRONGEST,24947,0.8602637591694392,0.49803940086960413,0.2198487857568117,1.2889298572486976,1.5665150305369588e-18,0.645365889794141,-0.11301574097191087,0.0,
2025-09-04,hist_buy_days_0,slice_shape_only,CAP,24947,0.8602637591694392,0.49803940086960413,0.22341130358477512,1.2993310582409217,-1.424104573215417e-17,0.6109743747099937,-0.0679820855511623,0.01040120099222408,0.0033452736767014854
2025-09-04,hist_buy_days_0,slice_shape_only,UNC,24947,0.8602637591694392,0.49803940086960413,0.22078946404513994,1.2916844190544123,-0.0005943832324364437,0.6428584862057349,-0.15977239026181428,0.0027545618057147614,-0.019059731145781782
2025-09-04,hist_buy_days_0,slice_shape_only,DIST,24947,0.8602637591694392,0.49803940086960413,0.22020955835483033,1.289986992854545,-7.420376374893678e-05,0.64466857157507,-0.12901706009727704,0.0010571356058475256,-0.0034216797156109953
2025-09-04,hist_buy_days_0,slice_shape_only,ETX-AVG3,24947,0.8602637591694392,0.49803940086960413,0.22085051721561538,1.2918629963665123,-0.0002526682317785161,0.6430500303382916,-0.1536369630959073,0.002933139117814676,-0.007563364291593469
2025-09-04,hist_buy_days_0,slice_shape_only,SEQ-AVG3,24947,0.8602637591694392,0.49803940086960413,0.22045773670651875,1.2907137022140411,-1.5665150305369588e-18,0.6376346847313235,-0.03409942010885234,0.0017838449653435617,0.01709864057391769
2025-09-04,hist_buy_days_0,slice_shape_only,BTYD,24947,0.8602637591694392,0.49803940086960413,0.22427140419904618,1.3018297722337913,5.15525855503981e-17,0.5622835220477456,0.25401602960822867,0.012899914985093686,0.024280812159464586
2025-09-04,hist_buy_days_0,slice_shape_only,FRESH,24947,0.8602637591694392,0.49803940086960413,0.2197704703481359,1.2887002629405822,-1.3101762073581837e-17,0.645480041007821,-0.13026340231685735,-0.0002295943081154217,0.0313527373675629
2025-09-04,hist_buy_days_0,slice_shape_only,ZERO2D,24947,0.8602637591694392,0.49803940086960413,0.2198686805947892,1.2889881756753412,-1.993746402501584e-18,0.6453679883586079,-0.09335039867515389,5.8318426643610977e-05,-0.015097210693564825
2025-09-04,hist_buy_days_0,slice_shape_only,BTYD05,24947,0.8602637591694392,0.49803940086960413,0.21977456287405842,1.2887122618562492,-1.5522739848048047e-17,0.6456023191463157,-0.09466305751477844,-0.00021759539244836645,0.024280812159464604
2025-09-04,hist_buy_days_0,slice_shape_only,SEQ_SLOT_25,24947,0.8602637591694392,0.49803940086960413,0.21979770764248036,1.2887801181204934,-1.7943717622514253e-17,0.6452506959815538,-0.09959905377955798,-0.00014973912820415158,0.015619393025223437
2025-09-04,hist_buy_days_0,slice_shape_only,SEQ_SLOT_50,24947,0.8602637591694392,0.49803940086960413,0.2198487857568117,1.2889298572486976,-6.2660601221478354e-18,0.645365889794141,-0.11301574097191087,0.0,0.011366181532544225
2025-09-04,hist_buy_days_0,slice_shape_only,SEQ_SLOT_75,24947,0.8602637591694392,0.49803940086960413,0.21996541132986053,1.2892716882309105,-2.4779419573948257e-17,0.6451014172046945,-0.126432663064709,0.00034183098221296504,-0.015619393025223376
2025-09-04,hist_buy_days_0,slice_shape_only,BTYD05_FRESH1,24947,0.8602637591694392,0.49803940086960413,0.21971333868311438,1.2885327464012146,4.5571346342893345e-18,0.6457216432545736,-0.11191096771247877,-0.000397110847482951,0.029308020621060887
2025-09-04,hist_buy_days_1,fixed_fold,STRONGEST,16633,0.7001743521914267,1.0812544740235432,0.2669678590588779,1.73948467692735,0.009344492330706326,0.6151852622072411,-0.11734465876764338,0.0,
2025-09-04,hist_buy_days_1,fixed_fold,CAP,16633,0.7001743521914267,1.0812544740235432,0.2696792343401368,1.7482956271500127,-0.0347508249949586,0.5998146615168183,-0.08171608833146897,0.008810950222662761,-0.007268942410431967
2025-09-04,hist_buy_days_1,fixed_fold,UNC,16633,0.7001743521914267,1.0812544740235432,0.26758340784583073,1.7414888904610126,-0.006340265655206692,0.611757597057863,-0.1758524590347353,0.0020042135336626465,0.008692380142227073
2025-09-04,hist_buy_days_1,fixed_fold,DIST,16633,0.7001743521914267,1.0812544740235432,0.2680433072613906,1.7429848088571689,0.04430250358012591,0.6112285295710114,-0.07727053594752385,0.003500131929818906,-0.019428614724977162
2025-09-04,hist_buy_days_1,fixed_fold,ETX-AVG3,16633,0.7001743521914267,1.0812544740235432,0.2679830609253299,1.7427889182177154,0.028858295567450804,0.6146960889313416,-0.1779746356962283,0.0033042412903654395,-0.002051839314552259
2025-09-04,hist_buy_days_1,fixed_fold,SEQ-AVG3,16633,0.7001743521914267,1.0812544740235432,0.2672695994570632,1.7404674255160735,-0.015713384464165654,0.6139725264048195,-0.06531329494292291,0.0009827485887234921,0.016502558363248772
2025-09-04,hist_buy_days_1,fixed_fold,BTYD,16633,0.7001743521914267,1.0812544740235432,0.2780010072298138,1.7750651713978491,-0.17764918345210579,0.5449729833373055,0.22339644322651336,0.03558049447049916,0.044601899323135775
2025-09-04,hist_buy_days_1,fixed_fold,FRESH,16633,0.7001743521914267,1.0812544740235432,0.26689136050350354,1.7392354379379746,0.01675570299994127,0.6149660592725699,-0.11734445661741116,-0.0002492389893753444,0.02689451960974298
2025-09-04,hist_buy_days_1,fixed_fold,ZERO2D,16633,0.7001743521914267,1.0812544740235432,0.26700839342967897,1.7396167269819234,0.0017750590371872325,0.6151688017559376,-0.11271433687689565,0.00013205005457339603,-0.01896947700477094
2025-09-04,hist_buy_days_1,fixed_fold,BTYD05,16633,0.7001743521914267,1.0812544740235432,0.2667251183887744,1.738693683392428,-5.022983671071523e-06,0.6154463738641642,-0.10030743519317234,-0.0007909935349219577,0.04460189932313568
2025-09-04,hist_buy_days_1,fixed_fold,SEQ_SLOT_25,16633,0.7001743521914267,1.0812544740235432,0.2669241557669014,1.739342292150281,0.004322627300673299,0.6151449031090659,-0.10467780895937277,-0.00014238477706896013,0.012289671794533549
2025-09-04,hist_buy_days_1,fixed_fold,SEQ_SLOT_50,16633,0.7001743521914267,1.0812544740235432,0.2669678590588779,1.73948467692735,0.009344492330706349,0.6151852622072411,-0.11734465876764334,0.0,-0.015978833649034716
2025-09-04,hist_buy_days_1,fixed_fold,SEQ_SLOT_75,16633,0.7001743521914267,1.0812544740235432,0.2670604736918709,1.739786375727101,0.014366327272715213,0.6150753594241128,-0.13001153866393822,0.00030169879975106006,-0.012289671794533621
2025-09-04,hist_buy_days_1,fixed_fold,BTYD05_FRESH1,16633,0.7001743521914267,1.0812544740235432,0.2666659022516183,1.7385006673776657,0.007406091488839168,0.6152129316060329,-0.10030732923966469,-0.0009840095496842505,0.041169962213671356
2025-09-04,hist_buy_days_1,slice_shape_only,STRONGEST,16633,0.7001743521914267,1.0812544740235432,0.26696015482979857,1.739459577491851,2.7340067990528716e-17,0.6151852622072411,-0.12668915109834974,0.0,
2025-09-04,hist_buy_days_1,slice_shape_only,CAP,16633,0.7001743521914267,1.0812544740235432,0.26957268567760784,1.7479502224245478,4.1010101985793074e-17,0.5998146615168183,-0.04696526333651025,0.00849064493269669,-0.007268942410431967
2025-09-04,hist_buy_days_1,slice_shape_only,UNC,16633,0.7001743521914267,1.0812544740235432,0.26757986086545876,1.741477348176997,1.3670033995264358e-17,0.611757597057863,-0.16951181217067485,0.0020177706851458588,0.008692380142227073
2025-09-04,hist_buy_days_1,slice_shape_only,DIST,16633,0.7001743521914267,1.0812544740235432,0.2678701366052213,1.7424216860689592,-2.7340067990528716e-17,0.6112285295710114,-0.12157303952764979,0.0029621085771081024,-0.019428614724977162
2025-09-04,hist_buy_days_1,slice_shape_only,ETX-AVG3,16633,0.7001743521914267,1.0812544740235432,0.26790958262223347,1.7425499741010058,4.613636473401721e-17,0.6146960889313416,-0.2068329312636792,0.0030903966091546664,-0.002051839314552259
2025-09-04,hist_buy_days_1,slice_shape_only,SEQ-AVG3,16633,0.7001743521914267,1.0812544740235432,0.26724781447347123,1.7403964918463926,-7.689394122336201e-17,0.6139725264048195,-0.04959991047875735,0.0009369143545414627,0.016502558363248772
2025-09-04,hist_buy_days_1,slice_shape_only,BTYD,16633,0.7001743521914267,1.0812544740235432,0.2752165266380587,1.7661532012621317,-1.7087542494080446e-17,0.5449729833373055,0.40104562667861915,0.026693623770280617,0.044601899323135775
2025-09-04,hist_buy_days_1,slice_shape_only,FRESH,16633,0.7001743521914267,1.0812544740235432,0.2668665895301937,1.7391547242831145,1.7087542494080446e-17,0.6149660592725699,-0.13410015961735242,-0.0003048532087366329,0.02689451960974298
2025-09-04,hist_buy_days_1,slice_shape_only,ZERO2D,16633,0.7001743521914267,1.0812544740235432,0.2670081154305931,1.7396158213699695,6.835016997632179e-18,0.6151688017559376,-0.11448939591408291,0.00015624387811841167,-0.01896947700477094
2025-09-04,hist_buy_days_1,slice_shape_only,BTYD05,16633,0.7001743521914267,1.0812544740235432,0.26672511838654833,1.7386936833851725,-1.1961279745856312e-17,0.6154463738641642,-0.10030241220950124,-0.0007658941066785996,0.04460189932313568
2025-09-04,hist_buy_days_1,slice_shape_only,SEQ_SLOT_25,16633,0.7001743521914267,1.0812544740235432,0.26692250717429444,1.7393369208281106,-3.588383923756894e-17,0.6151449031090659,-0.10900043626004603,-0.00012265666374045026,0.012289671794533549
2025-09-04,hist_buy_days_1,slice_shape_only,SEQ_SLOT_50,16633,0.7001743521914267,1.0812544740235432,0.26696015482979857,1.739459577491851,5.809764447987353e-17,0.6151852622072411,-0.12668915109834972,0.0,-0.015978833649034716
2025-09-04,hist_buy_days_1,slice_shape_only,SEQ_SLOT_75,16633,0.7001743521914267,1.0812544740235432,0.2670422637199884,1.7397270595717982,-3.588383923756894e-17,0.6150753594241128,-0.14437786593665344,0.00026748207994709006,-0.012289671794533621
2025-09-04,hist_buy_days_1,slice_shape_only,BTYD05_FRESH1,16633,0.7001743521914267,1.0812544740235432,0.2666610628027103,1.7384848921637048,-2.904882223993676e-17,0.6152129316060329,-0.10771342072850391,-0.0009746853281462631,0.041169962213671356
2025-09-04,hist_buy_days_2_3,fixed_fold,STRONGEST,27451,0.580124585625296,1.5523201604552808,0.5408150536132852,1.9271774831375774,0.05163208891926064,0.6227279911283778,-0.11734465876764338,0.0,
2025-09-04,hist_buy_days_2_3,fixed_fold,CAP,27451,0.580124585625296,1.5523201604552808,0.5468275930246592,1.9378606204429913,0.024039627733393687,0.6102214963589248,-0.08171608833146897,0.010683137305413926,-0.016618401638520776
2025-09-04,hist_buy_days_2_3,fixed_fold,UNC,27451,0.580124585625296,1.5523201604552808,0.5433587930210536,1.931704434023759,0.054308923604143904,0.6172855146142868,-0.1758524590347353,0.004526950886181602,-0.006235440032416915
2025-09-04,hist_buy_days_2_3,fixed_fold,DIST,27451,0.580124585625296,1.5523201604552808,0.5421524432160465,1.9295588847496512,0.05170407006202697,0.621613563056264,-0.07727053594752385,0.0023814016120737858,-0.0038375645013908406
2025-09-04,hist_buy_days_2_3,fixed_fold,ETX-AVG3,27451,0.580124585625296,1.5523201604552808,0.5427075649111243,1.9305464906911591,0.0825213443385182,0.6211834767943938,-0.1779746356962283,0.0033690075535817154,0.0058990723393335396
2025-09-04,hist_buy_days_2_3,fixed_fold,SEQ-AVG3,27451,0.580124585625296,1.5523201604552808,0.5412903760741682,1.9280241954759492,0.030302938579015608,0.6223101139707075,-0.06531329494292291,0.0008467123383717468,0.016042514189577656
2025-09-04,hist_buy_days_2_3,fixed_fold,BTYD,27451,0.580124585625296,1.5523201604552808,0.5698042955998049,1.978154400119547,-0.1287821064615046,0.5556068853681704,0.22339644322651336,0.0509769169819696,0.02992144337377741
2025-09-04,hist_buy_days_2_3,fixed_fold,FRESH,27451,0.580124585625296,1.5523201604552808,0.5406587622131559,1.926898993264299,0.05271270215226836,0.6222809341571891,-0.11734445661741116,-0.0002784898732783869,0.022531021798230418
2025-09-04,hist_buy_days_2_3,fixed_fold,ZERO2D,27451,0.580124585625296,1.5523201604552808,0.540872892961266,1.9272805347336677,0.05099606587668169,0.622725305234415,-0.11271433687689565,0.00010305159609025338,-0.01946307543035976
2025-09-04,hist_buy_days_2_3,fixed_fold,BTYD05,27451,0.580124585625296,1.5523201604552808,0.5403665121777701,1.9263781356929994,0.04261154762498549,0.6227626081065509,-0.10030743519317234,-0.0007993474445779913,0.029921443373777414
2025-09-04,hist_buy_days_2_3,fixed_fold,SEQ_SLOT_25,27451,0.580124585625296,1.5523201604552808,0.5407021883474756,1.9269763767269852,0.04574996724484033,0.6228791067141628,-0.10467780895937277,-0.00020110641059223333,0.00747697690353932
2025-09-04,hist_buy_days_2_3,fixed_fold,SEQ_SLOT_50,27451,0.580124585625296,1.5523201604552808,0.5408150536132852,1.9271774831375774,0.05163208891926062,0.6227279911283778,-0.11734465876764334,0.0,-0.012995761608311687
2025-09-04,hist_buy_days_2_3,fixed_fold,SEQ_SLOT_75,27451,0.580124585625296,1.5523201604552808,0.5410190697888166,1.9275409514839543,0.05751418050565671,0.6224721120578932,-0.13001153866393822,0.00036346834637690506,-0.007476976903539393
2025-09-04,hist_buy_days_2_3,fixed_fold,BTYD05_FRESH1,27451,0.580124585625296,1.5523201604552808,0.5402803612196314,1.9262245677593255,0.04369206466126852,0.6222483166173208,-0.10030732923966469,-0.0009529153782519284,0.02995281311391365
2025-09-04,hist_buy_days_2_3,slice_shape_only,STRONGEST,27451,0.580124585625296,1.5523201604552808,0.5404268632605769,1.9264857069042378,2.7437080612936003e-17,0.6227279911283778,-0.16897674768690402,0.0,
2025-09-04,hist_buy_days_2_3,slice_shape_only,CAP,27451,0.580124585625296,1.5523201604552808,0.5467434417260483,1.9377115060199583,-1.0819528015289857e-16,0.6102214963589248,-0.10575571606486256,0.011225799115720525,-0.016618401638520776
2025-09-04,hist_buy_days_2_3,slice_shape_only,UNC,27451,0.580124585625296,1.5523201604552808,0.5429291363854223,1.9309405430398565,-0.00015589409014449116,0.6172855146142868,-0.23031741743550516,0.0044548361356187005,-0.006235440032416915
2025-09-04,hist_buy_days_2_3,slice_shape_only,DIST,27451,0.580124585625296,1.5523201604552808,0.54176316974378,1.928866034450122,-1.2217266084250748e-16,0.621613563056264,-0.1289746060095508,0.002380327545884242,-0.0038375645013908406
2025-09-04,hist_buy_days_2_3,slice_shape_only,ETX-AVG3,27451,0.580124585625296,1.5523201604552808,0.5417159616762969,1.9287819940181195,8.955877256675337e-17,0.6211834767943938,-0.2604959800347466,0.0022962871138816343,0.0058990723393335396
2025-09-04,hist_buy_days_2_3,slice_shape_only,SEQ-AVG3,27451,0.580124585625296,1.5523201604552808,0.5411566627033326,1.9277860436921304,4.1155620919404005e-17,0.6223101139707075,-0.09561623352193857,0.001300336787892542,0.016042514189577656
2025-09-04,hist_buy_days_2_3,slice_shape_only,BTYD,27451,0.580124585625296,1.5523201604552808,0.5673892997147334,1.973957952887463,-5.176807662818114e-18,0.5556068853681704,0.352178549688018,0.04747224598322508,0.02992144337377741
2025-09-04,hist_buy_days_2_3,slice_shape_only,FRESH,27451,0.580124585625296,1.5523201604552808,0.5402541528718416,1.926177847779061,-5.3321118927026573e-17,0.6222809341571891,-0.17005715876967947,-0.0003078591251768348,0.022531021798230418
2025-09-04,hist_buy_days_2_3,slice_shape_only,ZERO2D,27451,0.580124585625296,1.5523201604552808,0.5404942074465051,1.9266057356990283,-9.835934559354416e-18,0.622725305234415,-0.1637104027535774,0.00012002879479044992,-0.01946307543035976
2025-09-04,hist_buy_days_2_3,slice_shape_only,BTYD05,27451,0.580124585625296,1.5523201604552808,0.5401021130843316,1.9259067936130865,5.176807662818114e-18,0.6227626081065509,-0.14291898281815785,-0.0005789132911513395,0.029921443373777414
2025-09-04,hist_buy_days_2_3,slice_shape_only,SEQ_SLOT_25,27451,0.580124585625296,1.5523201604552808,0.5403974080272186,1.9264332059432934,7.402834957829903e-17,0.6228791067141628,-0.1504277762042131,-5.250096094444601e-05,0.00747697690353932
2025-09-04,hist_buy_days_2_3,slice_shape_only,SEQ_SLOT_50,27451,0.580124585625296,1.5523201604552808,0.5404268632605769,1.9264857069042378,6.212169195381736e-18,0.6227279911283778,-0.16897674768690402,0.0,-0.012995761608311687
2025-09-04,hist_buy_days_2_3,slice_shape_only,SEQ_SLOT_75,27451,0.580124585625296,1.5523201604552808,0.5405373935551837,1.9266827031684357,-1.5789263371595247e-17,0.6224721120578932,-0.18752571916959493,0.00019699626419789062,-0.007476976903539393
2025-09-04,hist_buy_days_2_3,slice_shape_only,BTYD05_FRESH1,27451,0.580124585625296,1.5523201604552808,0.5400023831840283,1.925728975979028,1.8377667203004303e-17,0.6222483166173208,-0.1439993939009333,-0.0007567309252098919,0.02995281311391365
2025-09-04,hist_buy_days_4_10,fixed_fold,STRONGEST,58728,0.3525405258139218,2.564575697809752,1.278192047632977,2.0255914813371567,0.024677792880653675,0.6518710989719826,-0.11734465876764338,0.0,
2025-09-04,hist_buy_days_4_10,fixed_fold,CAP,58728,0.3525405258139218,2.564575697809752,1.291781042087146,2.036330469402956,0.02932270898601543,0.6425800862602924,-0.08171608833146897,0.010738988065799315,-0.011804514325014582
2025-09-04,hist_buy_days_4_10,fixed_fold,UNC,58728,0.3525405258139218,2.564575697809752,1.2848471756006996,2.030857931260038,0.038547980554325546,0.6484275546065675,-0.1758524590347353,0.005266449922881389,-0.012047384605644654
2025-09-04,hist_buy_days_4_10,fixed_fold,DIST,58728,0.3525405258139218,2.564575697809752,1.282456912769686,2.028968000656889,0.0015634973982764084,0.6502425314293486,-0.07727053594752385,0.003376519319732374,-0.016727275192284344
2025-09-04,hist_buy_days_4_10,fixed_fold,ETX-AVG3,58728,0.3525405258139218,2.564575697809752,1.2805423501625823,2.02745292552213,0.03972676861755618,0.6505558243424963,-0.1779746356962283,0.0018614441849731378,0.010289576814429591
2025-09-04,hist_buy_days_4_10,fixed_fold,SEQ-AVG3,58728,0.3525405258139218,2.564575697809752,1.2793092028145914,2.0264764836296214,0.020674081464564578,0.6514597862325868,-0.06531329494292291,0.0008850022924646872,0.023142208731228537
2025-09-04,hist_buy_days_4_10,fixed_fold,BTYD,58728,0.3525405258139218,2.564575697809752,1.351587281753179,2.0829356568338606,-0.029974414309759844,0.6026374243400654,0.22339644322651336,0.0573441754967039,0.027084135374862893
2025-09-04,hist_buy_days_4_10,fixed_fold,FRESH,58728,0.3525405258139218,2.564575697809752,1.2774171128857819,2.0249773564038693,0.022772108445842747,0.6517994748639191,-0.11734445661741116,-0.0006141249332873855,0.031226064677577207
2025-09-04,hist_buy_days_4_10,fixed_fold,ZERO2D,58728,0.3525405258139218,2.564575697809752,1.2782900316853811,2.02566911906721,0.028720304213906235,0.6518715333962184,-0.11271433687689565,7.763773005331487e-05,-0.01100708257869569
2025-09-04,hist_buy_days_4_10,fixed_fold,BTYD05,58728,0.3525405258139218,2.564575697809752,1.2774540055291421,2.025006597529294,0.021945350995895823,0.6519331187477461,-0.10030743519317234,-0.0005848838078628127,0.027084135374862914
2025-09-04,hist_buy_days_4_10,fixed_fold,SEQ_SLOT_25,58728,0.3525405258139218,2.564575697809752,1.2780061283433237,2.0254441598820265,0.02252681454946557,0.6520016072528096,-0.10467780895937277,-0.00014732145513018935,0.011238434789866608
2025-09-04,hist_buy_days_4_10,fixed_fold,SEQ_SLOT_50,58728,0.3525405258139218,2.564575697809752,1.278192047632977,2.0255914813371567,0.024677792880653644,0.6518710989719826,-0.11734465876764334,0.0,-0.005110070901357821
2025-09-04,hist_buy_days_4_10,fixed_fold,SEQ_SLOT_75,58728,0.3525405258139218,2.564575697809752,1.2785822661483448,2.0259006535715995,0.02682874112381719,0.6516383047426972,-0.13001153866393822,0.0003091722344428227,-0.01123843478986658
2025-09-04,hist_buy_days_4_10,fixed_fold,BTYD05_FRESH1,58728,0.3525405258139218,2.564575697809752,1.276831031771792,2.024512771605889,0.02003957036436045,0.6517746821965693,-0.10030732923966469,-0.0010787097312676686,0.03487080309940957
2025-09-04,hist_buy_days_4_10,slice_shape_only,STRONGEST,58728,0.3525405258139218,2.564575697809752,1.2780023311708637,2.0254411509111288,7.380313799442534e-17,0.6518710989719826,-0.14202245164829694,0.0,
2025-09-04,hist_buy_days_4_10,slice_shape_only,CAP,58728,0.3525405258139218,2.564575697809752,1.2915131865874532,2.036119338191302,1.292159858656496e-16,0.6425800862602924,-0.11103879731748433,0.010678187280173113,-0.011804514325014582
2025-09-04,hist_buy_days_4_10,slice_shape_only,UNC,58728,0.3525405258139218,2.564575697809752,1.2843842665736929,2.0304920561669246,-1.2365050332836507e-16,0.6484275546065675,-0.21440043958906096,0.005050905255795879,-0.012047384605644654
2025-09-04,hist_buy_days_4_10,slice_shape_only,DIST,58728,0.3525405258139218,2.564575697809752,1.2824561512402184,2.028967398251017,8.396619306251013e-17,0.6502425314293486,-0.0788340333458001,0.0035262473398880445,-0.016727275192284344
2025-09-04,hist_buy_days_4_10,slice_shape_only,ETX-AVG3,58728,0.3525405258139218,2.564575697809752,1.2800506969636762,2.0270636766178436,4.307199528854987e-17,0.6505558243424963,-0.2177014043137846,0.001622525706714839,0.010289576814429591
2025-09-04,hist_buy_days_4_10,slice_shape_only,SEQ-AVG3,58728,0.3525405258139218,2.564575697809752,1.279176051691513,2.02637102255719,6.581788044093013e-17,0.6514597862325868,-0.08598737640748737,0.0009298716460612866,0.023142208731228537
2025-09-04,hist_buy_days_4_10,slice_shape_only,BTYD,58728,0.3525405258139218,2.564575697809752,1.3513073876175528,2.0827199727751915,1.0429230319867974e-16,0.6026374243400654,0.25337085753627325,0.057278821864062746,0.027084135374862893
2025-09-04,hist_buy_days_4_10,slice_shape_only,FRESH,58728,0.3525405258139218,2.564575697809752,1.2772555658944391,2.0248493092142277,-1.16149200778112e-17,0.6517994748639191,-0.14011656506325387,-0.0005918416969010742,0.031226064677577207
2025-09-04,hist_buy_days_4_10,slice_shape_only,ZERO2D,58728,0.3525405258139218,2.564575697809752,1.2780330687652546,2.0254655079927644,-8.324026055764693e-17,0.6518715333962184,-0.14143464109080192,2.435708163561756e-05,-0.01100708257869569
2025-09-04,hist_buy_days_4_10,slice_shape_only,BTYD05,58728,0.3525405258139218,2.564575697809752,1.2773039757568307,2.024887681232427,1.6986820613798882e-16,0.6519331187477461,-0.1222527861890683,-0.0005534696787017346,0.027084135374862914
2025-09-04,hist_buy_days_4_10,slice_shape_only,SEQ_SLOT_25,58728,0.3525405258139218,2.564575697809752,1.2778480428732606,2.025318885367552,-1.1639117827973306e-16,0.6520016072528096,-0.1272046235088385,-0.00012226554357663844,0.011238434789866608
2025-09-04,hist_buy_days_4_10,slice_shape_only,SEQ_SLOT_50,58728,0.3525405258139218,2.564575697809752,1.2780023311708637,2.0254411509111288,3.84744227577496e-17,0.6518710989719826,-0.14202245164829694,0.0,-0.005110070901357821
2025-09-04,hist_buy_days_4_10,slice_shape_only,SEQ_SLOT_75,58728,0.3525405258139218,2.564575697809752,1.2783580365302725,2.02572300100274,-1.2292457082350188e-16,0.6516383047426972,-0.15684027978775536,0.00028185009161108,-0.01123843478986658
2025-09-04,hist_buy_days_4_10,slice_shape_only,BTYD05_FRESH1,58728,0.3525405258139218,2.564575697809752,1.2767059283467002,2.0244135886757357,9.751693315328987e-17,0.6517746821965693,-0.12034689960402523,-0.0010275622353930203,0.03487080309940957
2025-09-04,hist_buy_days_11plus,fixed_fold,STRONGEST,60759,0.09277637880807782,4.360917197934696,0.8160505708501715,1.5912178411729163,-0.04796118999117395,0.7476418669540843,-0.11734465876764338,0.0,
2025-09-04,hist_buy_days_11plus,fixed_fold,CAP,60759,0.09277637880807782,4.360917197934696,0.8259734764582993,1.6008629513150903,-0.02405353525544276,0.741621539453984,-0.08171608833146897,0.009645110142173952,-0.017159770593350516
2025-09-04,hist_buy_days_11plus,fixed_fold,UNC,60759,0.09277637880807782,4.360917197934696,0.8216783228659548,1.596695193694333,-0.05367544157832729,0.7453181858472052,-0.1758524590347353,0.0054773525214166785,-0.017668855848059693
2025-09-04,hist_buy_days_11plus,fixed_fold,DIST,60759,0.09277637880807782,4.360917197934696,0.8202128911679857,1.5952707360494376,-0.05820853233997616,0.7474697102446138,-0.07727053594752385,0.0040528948765212736,-0.012663546677246356
2025-09-04,hist_buy_days_11plus,fixed_fold,ETX-AVG3,60759,0.09277637880807782,4.360917197934696,0.8181649104240223,1.5932778841199893,-0.07372699351644847,0.7463884584247034,-0.1779746356962283,0.0020600429470729598,0.01837209044539446
2025-09-04,hist_buy_days_11plus,fixed_fold,SEQ-AVG3,60759,0.09277637880807782,4.360917197934696,0.8179255195880205,1.5930447746184797,-0.01659956345293416,0.7445669388688462,-0.06531329494292291,0.0018269334455633945,0.019068377055893006
2025-09-04,hist_buy_days_11plus,fixed_fold,BTYD,60759,0.09277637880807782,4.360917197934696,0.8733060837242187,1.6460929159606423,0.14836058358238077,0.7053081191869353,0.22339644322651336,0.05487507478772602,0.030472842248436417
2025-09-04,hist_buy_days_11plus,fixed_fold,FRESH,60759,0.09277637880807782,4.360917197934696,0.8162588212443035,1.591420862049422,-0.05571767802310412,0.7481653578115952,-0.11734445661741116,0.00020302087650558853,0.012059849609919692
2025-09-04,hist_buy_days_11plus,fixed_fold,ZERO2D,60759,0.09277637880807782,4.360917197934696,0.815913756163547,1.5910844480331277,-0.04333666277240067,0.7476418669540843,-0.11271433687689565,-0.0001333931397886623,0.0035189402655919633
2025-09-04,hist_buy_days_11plus,fixed_fold,BTYD05,60759,0.09277637880807782,4.360917197934696,0.8152393644339524,1.5904267584177754,-0.03814493283773328,0.7473005883953499,-0.10030743519317234,-0.0007910827551409483,0.03047284224843638
2025-09-04,hist_buy_days_11plus,fixed_fold,SEQ_SLOT_25,60759,0.09277637880807782,4.360917197934696,0.815894810239959,1.5910659750394185,-0.04154190513550518,0.7474893290227891,-0.10467780895937277,-0.0001518661334978244,0.0039605623258905254
2025-09-04,hist_buy_days_11plus,fixed_fold,SEQ_SLOT_50,60759,0.09277637880807782,4.360917197934696,0.8160505708501715,1.5912178411729163,-0.047961189991174,0.7476418669540844,-0.11734465876764334,0.0,0.0006350876817108604
2025-09-04,hist_buy_days_11plus,fixed_fold,SEQ_SLOT_75,60759,0.09277637880807782,4.360917197934696,0.8164358085099233,1.5915933845099348,-0.05438050493486736,0.7476860606978348,-0.13001153866393822,0.0003755433370185024,-0.003960562325890306
2025-09-04,hist_buy_days_11plus,fixed_fold,BTYD05_FRESH1,60759,0.09277637880807782,4.360917197934696,0.8154178056059094,1.5906008067397899,-0.04590151706638782,0.7478089097792832,-0.10030732923966469,-0.0006170344331264399,0.026457357684619095
2025-09-04,hist_buy_days_11plus,slice_shape_only,STRONGEST,60759,0.09277637880807782,4.360917197934696,0.8153091962651827,1.5904948734031261,-1.1975110871119383e-16,0.7476418669540843,-0.06938346877646928,0.0,
2025-09-04,hist_buy_days_11plus,slice_shape_only,CAP,60759,0.09277637880807782,4.360917197934696,0.8257870036012309,1.600682234653392,2.4324443956961246e-17,0.741621539453984,-0.05766255307602644,0.01018736125026587,-0.017159770593350516
2025-09-04,hist_buy_days_11plus,slice_shape_only,UNC,60759,0.09277637880807782,4.360917197934696,0.8207497648451478,1.5957927461102066,-2.0488666256055819e-16,0.7453181858472052,-0.12217701745640815,0.0052978727070804865,-0.017668855848059693
2025-09-04,hist_buy_days_11plus,slice_shape_only,DIST,60759,0.09277637880807782,4.360917197934696,0.819120869911355,1.5942084205205227,-1.9646666272930237e-16,0.7474697102446138,-0.019062003607547753,0.003713547117396576,-0.012663546677246356
2025-09-04,hist_buy_days_11plus,slice_shape_only,ETX-AVG3,60759,0.09277637880807782,4.360917197934696,0.8164130042528113,1.5915711565785853,1.11331108879938e-16,0.7463884584247034,-0.10424764217977966,0.0010762831754591584,0.01837209044539446
2025-09-04,hist_buy_days_11plus,slice_shape_only,SEQ-AVG3,60759,0.09277637880807782,4.360917197934696,0.8178367117847903,1.5929582883529672,1.1226666441674422e-17,0.7445669388688462,-0.048713731489988824,0.0024634149498410363,0.019068377055893006
2025-09-04,hist_buy_days_11plus,slice_shape_only,BTYD,60759,0.09277637880807782,4.360917197934696,0.8662120236849133,1.6393934930988674,-1.1881555317438764e-16,0.7053081191869353,0.07503585964413263,0.048898619695741274,0.030472842248436417
2025-09-04,hist_buy_days_11plus,slice_shape_only,FRESH,60759,0.09277637880807782,4.360917197934696,0.8152582596877032,1.5904451894113922,-2.4043777295919384e-16,0.7481653578115952,-0.06162677859430725,-4.968399173388427e-05,0.012059849609919692
2025-09-04,hist_buy_days_11plus,slice_shape_only,ZERO2D,60759,0.09277637880807782,4.360917197934696,0.8153084588828247,1.5904941541648725,-1.0852444226951941e-16,0.7476418669540843,-0.06937767410449504,-7.192382536214126e-07,0.0035189402655919633
2025-09-04,hist_buy_days_11plus,slice_shape_only,BTYD05,60759,0.09277637880807782,4.360917197934696,0.8147704090752029,1.5899692569323713,1.2910666407925585e-16,0.7473005883953499,-0.062162502355438985,-0.000525616470754775,0.03047284224843638
2025-09-04,hist_buy_days_11plus,slice_shape_only,SEQ_SLOT_25,60759,0.09277637880807782,4.360917197934696,0.8153386107156809,1.5905235638134536,-1.9365999611888378e-16,0.7474893290227891,-0.06313590382386777,2.869041032749209e-05,0.0039605623258905254
2025-09-04,hist_buy_days_11plus,slice_shape_only,SEQ_SLOT_50,60759,0.09277637880807782,4.360917197934696,0.8153091962651827,1.5904948734031261,-1.6839999662511631e-16,0.7476418669540844,-0.06938346877646923,0.0,0.0006350876817108604
2025-09-04,hist_buy_days_11plus,slice_shape_only,SEQ_SLOT_75,60759,0.09277637880807782,4.360917197934696,0.815482695790396,1.5906640947411927,2.7131110567379852e-17,0.7476860606978348,-0.07563103372907068,0.00016922133806662742,-0.003960562325890306
2025-09-04,hist_buy_days_11plus,slice_shape_only,BTYD05_FRESH1,60759,0.09277637880807782,4.360917197934696,0.8147387397838929,1.5899383563938179,-1.4781777481537988e-16,0.7478089097792832,-0.05440581217327697,-0.000556517009308255,0.026457357684619095
2025-09-04,actual_target_zero,fixed_fold,STRONGEST,75373,1.0,0.0,1.3828345986374884,1.8597459844601614,1.5358093031887707,,-0.11734465876764338,0.0,
2025-09-04,actual_target_zero,fixed_fold,CAP,75373,1.0,0.0,1.3863792119535425,1.862127997981858,1.5349286497462737,,-0.08171608833146897,0.0023820135216965355,0.04955266856940479
2025-09-04,actual_target_zero,fixed_fold,UNC,75373,1.0,0.0,1.3975720040961515,1.8696297381735436,1.5361103445840107,,-0.1758524590347353,0.009883753713382237,-0.11578512620910632
2025-09-04,actual_target_zero,fixed_fold,DIST,75373,1.0,0.0,1.3808289922843666,1.85839684560547,1.5497643718880514,,-0.07727053594752385,-0.0013491388546913452,0.31313426809153333
2025-09-04,actual_target_zero,fixed_fold,ETX-AVG3,75373,1.0,0.0,1.4001479819657292,1.8713519777473984,1.5368337573867696,,-0.1779746356962283,0.011605993287236993,-0.1471540435400178
2025-09-04,actual_target_zero,fixed_fold,SEQ-AVG3,75373,1.0,0.0,1.3738214106479525,1.853675250025158,1.5192545001716184,,-0.06531329494292291,-0.006070734435003278,-0.07088427053086331
2025-09-04,actual_target_zero,fixed_fold,BTYD,75373,1.0,0.0,1.39794976886261,1.869882402264826,1.5110046325215936,,0.22339644322651336,0.010136417804664566,0.0811978719904285
2025-09-04,actual_target_zero,fixed_fold,FRESH,75373,1.0,0.0,1.3839460566044965,1.8604932228914353,1.5428600313371725,,-0.11734445661741116,0.0007472384312738889,0.49017261698243336
2025-09-04,actual_target_zero,fixed_fold,ZERO2D,75373,1.0,0.0,1.3836661210140198,1.860305049152279,1.5312180746298538,,-0.11271433687689565,0.000559064692117639,-0.8460348042357302
2025-09-04,actual_target_zero,fixed_fold,BTYD05,75373,1.0,0.0,1.3800268007631338,1.857856950085378,1.5345688167521565,,-0.10030743519317234,-0.0018890343747832716,0.08119787199043035
2025-09-04,actual_target_zero,fixed_fold,SEQ_SLOT_25,75373,1.0,0.0,1.379873349174372,1.857753655342799,1.5338268262039239,,-0.10467780895937277,-0.001992329117362468,0.04523470671788195
2025-09-04,actual_target_zero,fixed_fold,SEQ_SLOT_50,75373,1.0,0.0,1.3828345986374884,1.8597459844601614,1.5358093031887707,,-0.11734465876764334,0.0,0.0870038105641698
2025-09-04,actual_target_zero,fixed_fold,SEQ_SLOT_75,75373,1.0,0.0,1.3860289098312633,1.8618927273594603,1.5377918253397844,,-0.13001153866393822,0.002146742899298948,-0.045234706717880595
2025-09-04,actual_target_zero,fixed_fold,BTYD05_FRESH1,75373,1.0,0.0,1.3812529740704538,1.8586821329019398,1.5416196893047664,,-0.10030732923966469,-0.001063851558221529,0.32654423360340834
2025-09-04,actual_target_zero,slice_shape_only,STRONGEST,75373,1.0,0.0,0.0,0.0,0.0,,-7.143200778961182,0.0,
2025-09-04,actual_target_zero,slice_shape_only,CAP,75373,1.0,0.0,0.0,0.0,0.0,,-7.225794315338135,0.0,0.04955266856940479
2025-09-04,actual_target_zero,slice_shape_only,UNC,75373,1.0,0.0,0.0,0.0,0.0,,-7.2896013259887695,0.0,-0.11578512620910632
2025-09-04,actual_target_zero,slice_shape_only,DIST,75373,1.0,0.0,0.0,0.0,0.0,,-6.791429042816162,0.0,0.31313426809153333
2025-09-04,actual_target_zero,slice_shape_only,ETX-AVG3,75373,1.0,0.0,0.0,0.0,0.0,,-7.302083492279053,0.0,-0.1471540435400178
2025-09-04,actual_target_zero,slice_shape_only,SEQ-AVG3,75373,1.0,0.0,0.0,0.0,0.0,,-7.208333492279053,0.0,-0.07088427053086331
2025-09-04,actual_target_zero,slice_shape_only,BTYD,75373,1.0,0.0,0.0,0.0,0.0,,-7.775824504044197,0.0,0.0811978719904285
2025-09-04,actual_target_zero,slice_shape_only,FRESH,75373,1.0,0.0,0.0,0.0,0.0,,-7.090644154876294,0.0,0.49017261698243336
2025-09-04,actual_target_zero,slice_shape_only,ZERO2D,75373,1.0,0.0,0.0,0.0,0.0,,-7.143200778961182,0.0,-0.8460348042357302
2025-09-04,actual_target_zero,slice_shape_only,BTYD05,75373,1.0,0.0,0.0,0.0,0.0,,-7.174831965215333,0.0,0.08119787199043035
2025-09-04,actual_target_zero,slice_shape_only,SEQ_SLOT_25,75373,1.0,0.0,0.0,0.0,0.0,,-7.132653903961183,0.0,0.04523470671788195
2025-09-04,actual_target_zero,slice_shape_only,SEQ_SLOT_50,75373,1.0,0.0,0.0,0.0,0.0,,-7.143200778961182,0.0,0.0870038105641698
2025-09-04,actual_target_zero,slice_shape_only,SEQ_SLOT_75,75373,1.0,0.0,0.0,0.0,0.0,,-7.153747653961182,0.0,-0.045234706717880595
2025-09-04,actual_target_zero,slice_shape_only,BTYD05_FRESH1,75373,1.0,0.0,0.0,0.0,0.0,,-7.122275341130445,0.0,0.32654423360340834
2025-09-04,actual_target_positive,fixed_fold,STRONGEST,113145,0.0,4.318345529496406,1.7390421978983568,1.7022125517621394,-1.0230991613349878,,-0.11734465876764338,0.0,
2025-09-04,actual_target_positive,fixed_fold,CAP,113145,0.0,4.318345529496406,1.7713183911435815,1.7179362522335648,-1.022512502694117,,-0.08171608833146897,0.01572370047142546,-0.05361989467059296
2025-09-04,actual_target_positive,fixed_fold,UNC,113145,0.0,4.318345529496406,1.7407187794329344,1.703032891434791,-1.0235329409359317,,-0.1758524590347353,0.0008203396726516043,0.03438129415220015
2025-09-04,actual_target_positive,fixed_fold,DIST,113145,0.0,4.318345529496406,1.7525993216022577,1.7088346753751518,-1.032395510206532,,-0.07727053594752385,0.006622123613012398,0.018975327523877917
2025-09-04,actual_target_positive,fixed_fold,ETX-AVG3,113145,0.0,4.318345529496406,1.7301774884025516,1.6978685230013673,-1.0238956745701033,,-0.1779746356962283,-0.004344028760772112,0.09659543542781872
2025-09-04,actual_target_positive,fixed_fold,SEQ-AVG3,113145,0.0,4.318345529496406,1.7525596728461363,1.7088153459278397,-1.012089841854016,,-0.06531329494292291,0.00660279416570031,-0.0900704177954636
2025-09-04,actual_target_positive,fixed_fold,BTYD,113145,0.0,4.318345529496406,1.8991443728894875,1.7788434089844931,-1.0065752102792882,,0.22339644322651336,0.07663085722235374,-0.026604470713181408
2025-09-04,actual_target_positive,fixed_fold,FRESH,113145,0.0,4.318345529496406,1.73707255583633,1.7012483142885204,-1.0277960947631508,,-0.11734445661741116,-0.0009642374736189563,0.17654077289127557
2025-09-04,actual_target_positive,fixed_fold,ZERO2D,113145,0.0,4.318345529496406,1.738337247641956,1.701867506423823,-1.0200406552572006,,-0.11271433687689565,-0.0003450453383164742,-0.4018509753619085
2025-09-04,actual_target_positive,fixed_fold,BTYD05,113145,0.0,4.318345529496406,1.73953697844276,1.7024546855518727,-1.02227279530744,,-0.10030743519317234,0.00024213378973336752,-0.026604470713180194
2025-09-04,actual_target_positive,fixed_fold,SEQ_SLOT_25,113145,0.0,4.318345529496406,1.7414550543292437,1.7033930207725354,-1.0217785087407165,,-0.10467780895937277,0.0011804690103960347,-0.12783826494605968
2025-09-04,actual_target_positive,fixed_fold,SEQ_SLOT_50,113145,0.0,4.318345529496406,1.7390421978983568,1.7022125517621394,-1.0230991613349878,,-0.11734465876764334,0.0,0.029026558063328156
2025-09-04,actual_target_positive,fixed_fold,SEQ_SLOT_75,113145,0.0,4.318345529496406,1.7370358143808198,1.7012303223314291,-1.0244198440172838,,-0.13001153866393822,-0.0009822294307102464,0.12783826494606054
2025-09-04,actual_target_positive,fixed_fold,BTYD05_FRESH1,113145,0.0,4.318345529496406,1.737673282707706,1.7015424577978187,-1.0269698249323274,,-0.10030732923966469,-0.0006700939643207171,0.10714637728979287
2025-09-04,actual_target_positive,slice_shape_only,STRONGEST,113145,0.0,4.318345529496406,1.1108131686381737,1.3604395162785512,1.5071833185949361e-18,,0.9057545025673446,0.0,
2025-09-04,actual_target_positive,slice_shape_only,CAP,113145,0.0,4.318345529496406,1.143809625050328,1.3804974279485347,-2.7079060290755685e-16,,0.9407964143626482,0.020057911669983497,-0.05361989467059296
2025-09-04,actual_target_positive,slice_shape_only,UNC,113145,0.0,4.318345529496406,1.1119619168634505,1.3611427842490325,-8.791902691803794e-18,,0.8476826343004831,0.0007032679704812583,0.03438129415220015
2025-09-04,actual_target_positive,slice_shape_only,DIST,113145,0.0,4.318345529496406,1.1129016684133464,1.3617178335726878,-4.508990094796517e-17,,0.9551249742590082,0.0012783172941366328,0.018975327523877917
2025-09-04,actual_target_positive,slice_shape_only,ETX-AVG3,113145,0.0,4.318345529496406,1.1009722729475553,1.3543999196192356,-1.9857140222488282e-16,,0.8459215472849623,-0.006039596659315638,0.09659543542781872
2025-09-04,actual_target_positive,slice_shape_only,SEQ-AVG3,113145,0.0,4.318345529496406,1.1377784534194735,1.3768530183821532,1.5599347347457588e-16,,0.9467766336316206,0.01641350210360204,-0.0900704177954636
2025-09-04,actual_target_positive,slice_shape_only,BTYD,113145,0.0,4.318345529496406,1.2910443719556974,1.4666595445906248,-4.270352736018986e-17,,1.2299716535058016,0.10622002831207356,-0.026604470713181408
2025-09-04,actual_target_positive,slice_shape_only,FRESH,113145,0.0,4.318345529496406,1.1030620279282637,1.3556847031884474,1.4079604167874362e-16,,0.9104516381457396,-0.004754813090103838,0.17654077289127557
2025-09-04,actual_target_positive,slice_shape_only,ZERO2D,113145,0.0,4.318345529496406,1.1138587253643661,1.3623032228706284,3.830757601428796e-17,,0.9073263183803051,0.001863706592077241,-0.4018509753619085
2025-09-04,actual_target_positive,slice_shape_only,BTYD05,113145,0.0,4.318345529496406,1.1123223913541722,1.3613633931951594,2.6626905295177203e-17,,0.9219653601142677,0.0009238769166082239,-0.026604470713180194
2025-09-04,actual_target_positive,slice_shape_only,SEQ_SLOT_25,113145,0.0,4.318345529496406,1.1148468587935838,1.3629073564597782,-6.6567263237943e-17,,0.9171006997813436,0.0024678401812270323,-0.12783826494605968
2025-09-04,actual_target_positive,slice_shape_only,SEQ_SLOT_50,113145,0.0,4.318345529496406,1.1108131686381737,1.3604395162785512,-9.294297131335439e-17,,0.9057545025673446,0.0,0.029026558063328156
2025-09-04,actual_target_positive,slice_shape_only,SEQ_SLOT_75,113145,0.0,4.318345529496406,1.107183820816857,1.358215223299865,4.534109816773099e-17,,0.8944083053533456,-0.0022242929786862042,0.12783826494606054
2025-09-04,actual_target_positive,slice_shape_only,BTYD05_FRESH1,113145,0.0,4.318345529496406,1.1046817374577826,1.3566796653473903,-9.6334133780193e-17,,0.9266624956926626,-0.003759850931160935,0.10714637728979287
2025-09-18,all,fixed_fold,STRONGEST,191025,0.38964009946342104,2.6408131898400367,3.099393969933438,1.7605095767798136,7.111936713902953e-17,0.8420513316471882,-0.07873621159214053,0.0,
2025-09-18,all,fixed_fold,CAP,191025,0.38964009946342104,2.6408131898400367,3.1401034806803922,1.7720337131895636,-6.516795566296012e-17,0.8388359144256852,-0.0475301842616148,0.01152413640975003,-0.014229882857779578
2025-09-18,all,fixed_fold,UNC,191025,0.38964009946342104,2.6408131898400367,3.1126379441330863,1.76426697076522,3.868417459445121e-17,0.8407258073014426,-0.10853020840952435,0.003757393985406532,-0.00515072980062733
2025-09-18,all,fixed_fold,DIST,191025,0.38964009946342104,2.6408131898400367,3.111073870440329,1.7638236506069218,3.868417459445121e-18,0.841791327681351,-0.04513225744261832,0.0033140738271082437,-0.011467179309293135
2025-09-18,all,fixed_fold,ETX-AVG3,191025,0.38964009946342104,2.6408131898400367,3.1064838016411978,1.7625220003282789,3.600603943021997e-17,0.8414129310705873,-0.13759103957230182,0.002012423548465314,0.005884243682862003
2025-09-18,all,fixed_fold,SEQ-AVG3,191025,0.38964009946342104,2.6408131898400367,3.105537278430517,1.7622534660004265,-7.482829119296439e-05,0.8414349310617941,-0.04470435010357287,0.0017438892206129708,0.018652280673860013
2025-09-18,all,fixed_fold,BTYD,191025,0.38964009946342104,2.6408131898400367,3.2750366058210774,1.8097062208604682,-1.1709402079166576e-16,0.8289117266370241,0.2696019021402007,0.049196644080654606,0.030720596869240568
2025-09-18,all,fixed_fold,FRESH,191025,0.38964009946342104,2.6408131898400367,3.098817032671771,1.7603457139640983,5.772869131787334e-17,0.8421568922650626,-0.07873621159214048,-0.0001638628157152322,0.013656639685708101
2025-09-18,all,fixed_fold,ZERO2D,191025,0.38964009946342104,2.6408131898400367,3.09941134982694,1.7605145128134958,-8.034405492693713e-18,0.8420522430104542,-0.07420304362670621,4.9360336822346085e-06,0.001561123407449904
2025-09-18,all,fixed_fold,BTYD05,191025,0.38964009946342104,2.6408131898400367,3.0973840286132845,1.7599386434229134,6.784609082719135e-17,0.8421439648842232,-0.06131930590552335,-0.0005709333569001718,0.03072059686924049
2025-09-18,all,fixed_fold,SEQ_SLOT_25,191025,0.38964009946342104,2.6408131898400367,3.0990362349216114,1.7604079739996668,5.2372420989410865e-17,0.8420617976903912,-0.06827674781948408,-0.00010160278014681445,0.01080073206485392
2025-09-18,all,fixed_fold,SEQ_SLOT_50,191025,0.38964009946342104,2.6408131898400367,3.099393969933438,1.7605095767798136,8.748574869822042e-17,0.8420513316471882,-0.07873621159214049,0.0,0.0013404676456403846
2025-09-18,all,fixed_fold,SEQ_SLOT_75,191025,0.38964009946342104,2.6408131898400367,3.100333685732453,1.760776443996356,-1.0057885394557313e-16,0.842000767175895,-0.08919567536479693,0.0002668672165424546,-0.01080073206485389
2025-09-18,all,fixed_fold,BTYD05_FRESH1,191025,0.38964009946342104,2.6408131898400367,3.0969163860062316,1.759805780762818,2.529349877329502e-17,0.8422335964070842,-0.06131930590552328,-0.0007037960169955504,0.03012612314068607
2025-09-18,all,slice_shape_only,STRONGEST,191025,0.38964009946342104,2.6408131898400367,3.099393969933438,1.7605095767798136,7.111936713902953e-17,0.8420513316471882,-0.07873621159214053,0.0,
2025-09-18,all,slice_shape_only,CAP,191025,0.38964009946342104,2.6408131898400367,3.1401034806803922,1.7720337131895636,-6.516795566296012e-17,0.8388359144256852,-0.0475301842616148,0.01152413640975003,-0.014229882857779578
2025-09-18,all,slice_shape_only,UNC,191025,0.38964009946342104,2.6408131898400367,3.1126379441330863,1.76426697076522,3.868417459445121e-17,0.8407258073014426,-0.10853020840952435,0.003757393985406532,-0.00515072980062733
2025-09-18,all,slice_shape_only,DIST,191025,0.38964009946342104,2.6408131898400367,3.111073870440329,1.7638236506069218,3.868417459445121e-18,0.841791327681351,-0.04513225744261832,0.0033140738271082437,-0.011467179309293135
2025-09-18,all,slice_shape_only,ETX-AVG3,191025,0.38964009946342104,2.6408131898400367,3.1064838016411978,1.7625220003282789,3.600603943021997e-17,0.8414129310705873,-0.13759103957230182,0.002012423548465314,0.005884243682862003
2025-09-18,all,slice_shape_only,SEQ-AVG3,191025,0.38964009946342104,2.6408131898400367,3.105537278430517,1.7622534660004265,-7.482829119296439e-05,0.8414349310617941,-0.04470435010357287,0.0017438892206129708,0.018652280673860013
2025-09-18,all,slice_shape_only,BTYD,191025,0.38964009946342104,2.6408131898400367,3.2750366058210774,1.8097062208604682,-1.1709402079166576e-16,0.8289117266370241,0.2696019021402007,0.049196644080654606,0.030720596869240568
2025-09-18,all,slice_shape_only,FRESH,191025,0.38964009946342104,2.6408131898400367,3.098817032671771,1.7603457139640983,5.772869131787334e-17,0.8421568922650626,-0.07873621159214048,-0.0001638628157152322,0.013656639685708101
2025-09-18,all,slice_shape_only,ZERO2D,191025,0.38964009946342104,2.6408131898400367,3.09941134982694,1.7605145128134958,-8.034405492693713e-18,0.8420522430104542,-0.07420304362670621,4.9360336822346085e-06,0.001561123407449904
2025-09-18,all,slice_shape_only,BTYD05,191025,0.38964009946342104,2.6408131898400367,3.0973840286132845,1.7599386434229134,6.784609082719135e-17,0.8421439648842232,-0.06131930590552335,-0.0005709333569001718,0.03072059686924049
2025-09-18,all,slice_shape_only,SEQ_SLOT_25,191025,0.38964009946342104,2.6408131898400367,3.0990362349216114,1.7604079739996668,5.2372420989410865e-17,0.8420617976903912,-0.06827674781948408,-0.00010160278014681445,0.01080073206485392
2025-09-18,all,slice_shape_only,SEQ_SLOT_50,191025,0.38964009946342104,2.6408131898400367,3.099393969933438,1.7605095767798136,8.748574869822042e-17,0.8420513316471882,-0.07873621159214049,0.0,0.0013404676456403846
2025-09-18,all,slice_shape_only,SEQ_SLOT_75,191025,0.38964009946342104,2.6408131898400367,3.100333685732453,1.760776443996356,-1.0057885394557313e-16,0.842000767175895,-0.08919567536479693,0.0002668672165424546,-0.01080073206485389
2025-09-18,all,slice_shape_only,BTYD05_FRESH1,191025,0.38964009946342104,2.6408131898400367,3.0969163860062316,1.759805780762818,2.529349877329502e-17,0.8422335964070842,-0.06131930590552328,-0.0007037960169955504,0.03012612314068607
2025-09-18,future_k_lt3,fixed_fold,STRONGEST,4741,0.8137523729171061,0.701211955579078,0.057595403044542075,1.5233652249688896,0.487835742310829,0.7589768021853956,-0.07873621159214053,0.0,
2025-09-18,future_k_lt3,fixed_fold,CAP,4741,0.8137523729171061,0.701211955579078,0.05854444099041759,1.5358646982305206,0.49504095792982095,0.7515151408407293,-0.0475301842616148,0.012499473261631033,-0.005253386190108574
2025-09-18,future_k_lt3,fixed_fold,UNC,4741,0.8137523729171061,0.701211955579078,0.05812127859827597,1.5303039750696037,0.4898803570357785,0.7578971377443995,-0.10853020840952435,0.006938750100714097,-0.03330737716942346
2025-09-18,future_k_lt3,fixed_fold,DIST,4741,0.8137523729171061,0.701211955579078,0.057581486375408705,1.5231811699099918,0.5055403871671611,0.7584387312445731,-0.04513225744261832,-0.00018405505889784735,0.10441667301720048
2025-09-18,future_k_lt3,fixed_fold,ETX-AVG3,4741,0.8137523729171061,0.701211955579078,0.057845870029357274,1.5266739853596523,0.4846063805956232,0.7582741983682333,-0.13759103957230182,0.003308760390762666,-0.024748234224197255
2025-09-18,future_k_lt3,fixed_fold,SEQ-AVG3,4741,0.8137523729171061,0.701211955579078,0.05764247714941993,1.5239876392916583,0.46632974199842725,0.75765525533565,-0.04470435010357287,0.0006224143227686607,-0.04191309557143268
2025-09-18,future_k_lt3,fixed_fold,BTYD,4741,0.8137523729171061,0.701211955579078,0.06310140921845718,1.5945188423903223,0.5639984498674183,0.7385013388660999,0.2696019021402007,0.07115361742143267,0.002603236527525047
2025-09-18,future_k_lt3,fixed_fold,FRESH,4741,0.8137523729171061,0.701211955579078,0.05748181772728098,1.5218623505415165,0.48592294843635353,0.7590953950168702,-0.07873621159214048,-0.0015028744273730688,0.09613987844155512
2025-09-18,future_k_lt3,fixed_fold,ZERO2D,4741,0.8137523729171061,0.701211955579078,0.05752210420190401,1.5223955602824346,0.47969193389979864,0.7589706377065321,-0.07420304362670621,-0.0009696646864549852,-0.18818836969471825
2025-09-18,future_k_lt3,fixed_fold,BTYD05,4741,0.8137523729171061,0.701211955579078,0.05769340289322298,1.5246606939016873,0.4916438776886584,0.7587548809463004,-0.06131930590552335,0.0012954689327977498,0.002603236527525277
2025-09-18,future_k_lt3,fixed_fold,SEQ_SLOT_25,4741,0.8137523729171061,0.701211955579078,0.057568464023812965,1.5230089225125754,0.4857855690903313,0.7589180928628837,-0.06827674781948408,-0.0003563024563142392,-0.016391520610694852
2025-09-18,future_k_lt3,fixed_fold,SEQ_SLOT_50,4741,0.8137523729171061,0.701211955579078,0.057595403044542075,1.5233652249688896,0.487835742310829,0.7589768021853956,-0.07873621159214049,0.0,0.022579728074294855
2025-09-18,future_k_lt3,fixed_fold,SEQ_SLOT_75,4741,0.8137523729171061,0.701211955579078,0.05763325986839437,1.523865788317903,0.4898859155313264,0.7589201476891717,-0.08919567536479693,0.0005005633490133832,0.016391520610695102
2025-09-18,future_k_lt3,fixed_fold,BTYD05_FRESH1,4741,0.8137523729171061,0.701211955579078,0.05758198073585886,1.523187708460488,0.48973108381418307,0.7588602641802095,-0.06131930590552328,-0.0001775165084016983,0.04309482529732957
2025-09-18,future_k_lt3,slice_shape_only,STRONGEST,4741,0.8137523729171061,0.701211955579078,0.0506636102718233,1.4287564159262491,-0.07973303079098569,0.7589768021853956,-0.7484552793455282,0.0,
2025-09-18,future_k_lt3,slice_shape_only,CAP,4741,0.8137523729171061,0.701211955579078,0.0516185103826443,1.4421580557633504,-0.08381251856922678,0.7515151408407293,-0.7188148868144515,0.013401639837101298,-0.005253386190108574
2025-09-18,future_k_lt3,slice_shape_only,UNC,4741,0.8137523729171061,0.701211955579078,0.05092486915867961,1.4324355391173387,-0.0863906719051172,0.7578971377443995,-0.8038369041685514,0.0036791231910895394,-0.03330737716942346
2025-09-18,future_k_lt3,slice_shape_only,DIST,4741,0.8137523729171061,0.701211955579078,0.05057552206188382,1.4275137947590009,-0.06296843190951686,0.7584387312445731,-0.6842774394602594,-0.00124262116724827,0.10441667301720048
2025-09-18,future_k_lt3,slice_shape_only,ETX-AVG3,4741,0.8137523729171061,0.701211955579078,0.05077952606818154,1.4303899435719156,-0.0814889742066082,0.7582741983682333,-0.8194724417106751,0.0016335276456664882,-0.024748234224197255
2025-09-18,future_k_lt3,slice_shape_only,SEQ-AVG3,4741,0.8137523729171061,0.701211955579078,0.05085497258158042,1.4314521618214473,-0.07728377037576338,0.75765525533565,-0.7099288672334321,0.002695745895198165,-0.04191309557143268
2025-09-18,future_k_lt3,slice_shape_only,BTYD,4741,0.8137523729171061,0.701211955579078,0.05415510776798672,1.4771678224409215,-0.1368138279549637,0.7385013388660999,-0.5769736209328122,0.04841140651467235,0.002603236527525047
2025-09-18,future_k_lt3,slice_shape_only,FRESH,4741,0.8137523729171061,0.701211955579078,0.05062289238990378,1.4281821612660506,-0.07973303079098559,0.7590953950168702,-0.7448838337577701,-0.0005742546601985588,0.09613987844155512
2025-09-18,future_k_lt3,slice_shape_only,ZERO2D,4741,0.8137523729171061,0.701211955579078,0.05071196351323408,1.4294380543620233,-0.08017268412539956,0.7589706377065321,-0.7411911240350534,0.0006816384357741789,-0.18818836969471825
2025-09-18,future_k_lt3,slice_shape_only,BTYD05,4741,0.8137523729171061,0.701211955579078,0.05068395061777024,1.429043194575877,-0.07874775771173606,0.7587548809463004,-0.7324862920974841,0.00028677864962789457,0.002603236527525277
2025-09-18,future_k_lt3,slice_shape_only,SEQ_SLOT_25,4741,0.8137523729171061,0.701211955579078,0.05067043240287878,1.4288526076046395,-0.07874775771173609,0.7589180928628837,-0.7352289611257998,9.619167839036713e-05,-0.016391520610694852
2025-09-18,future_k_lt3,slice_shape_only,SEQ_SLOT_50,4741,0.8137523729171061,0.701211955579078,0.0506636102718233,1.4287564159262491,-0.07973303079098559,0.7589768021853956,-0.7484552793455281,0.0,0.022579728074294855
2025-09-18,future_k_lt3,slice_shape_only,SEQ_SLOT_75,4741,0.8137523729171061,0.701211955579078,0.05066533643052475,1.4287807552824434,-0.08055245842402542,0.7589201476891717,-0.761556306729225,2.4339356194280626e-05,0.016391520610695102
2025-09-18,future_k_lt3,slice_shape_only,BTYD05_FRESH1,4741,0.8137523729171061,0.701211955579078,0.05064531564805029,1.4284984307467843,-0.07874775771173612,0.7588602641802095,-0.7289401672398409,-0.000257985179464848,0.04309482529732957
2025-09-18,future_k_1,fixed_fold,STRONGEST,76,0.8552631578947368,0.4765927215249449,0.0007333117098544107,1.3576337259661657,0.6607829937448062,0.8251748251748252,-0.07873621159214053,0.0,
2025-09-18,future_k_1,fixed_fold,CAP,76,0.8552631578947368,0.4765927215249449,0.0007244265524559802,1.3493837881306356,0.6712715023673003,0.8237762237762238,-0.0475301842616148,-0.008249937835530075,0.1631633922363754
2025-09-18,future_k_1,fixed_fold,UNC,76,0.8552631578947368,0.4765927215249449,0.0007463287003543394,1.3696303764980367,0.6536641844896716,0.8167832167832167,-0.10853020840952435,0.011996650531870934,-0.1552564067117415
2025-09-18,future_k_1,fixed_fold,DIST,76,0.8552631578947368,0.4765927215249449,0.0007140322151288386,1.339668084849979,0.669654726574449,0.8307692307692307,-0.04513225744261832,-0.017965641116186815,0.3009759871819972
2025-09-18,future_k_1,fixed_fold,ETX-AVG3,76,0.8552631578947368,0.4765927215249449,0.00075792679553829,1.3802315124153983,0.6667321544766516,0.8265734265734266,-0.13759103957230182,0.022597786449232604,-0.20076487062206547
2025-09-18,future_k_1,fixed_fold,SEQ-AVG3,76,0.8552631578947368,0.4765927215249449,0.0007432017303586315,1.3667581242803293,0.6465431762472479,0.8153846153846154,-0.04470435010357287,0.009124398314163562,-0.10954383084890477
2025-09-18,future_k_1,fixed_fold,BTYD,76,0.8552631578947368,0.4765927215249449,0.0007449309944518555,1.3683472705534687,0.7320994719328093,0.7783216783216782,0.2696019021402007,0.010713544587303003,0.23714881503092705
2025-09-18,future_k_1,fixed_fold,FRESH,76,0.8552631578947368,0.4765927215249449,0.0007303627640842941,1.3549011762816887,0.6596770098211426,0.8251748251748252,-0.07873621159214048,-0.0027325496844770036,0.2757406754238162
2025-09-18,future_k_1,fixed_fold,ZERO2D,76,0.8552631578947368,0.4765927215249449,0.0007316426225233273,1.3560877939262528,0.6517131218042971,0.8251748251748252,-0.07420304362670621,-0.001545932039912934,-0.36729838525587943
2025-09-18,future_k_1,fixed_fold,BTYD05,76,0.8552631578947368,0.4765927215249449,0.0007311251825406453,1.3556081757822651,0.6643488176542064,0.8237762237762238,-0.06131930590552335,-0.002025550183900604,0.23714881503092755
2025-09-18,future_k_1,fixed_fold,SEQ_SLOT_25,76,0.8552631578947368,0.4765927215249449,0.0007316235821679379,1.3560701483157245,0.6585214449014228,0.8237762237762238,-0.06827674781948408,-0.001563577650441239,0.03448841645242243
2025-09-18,future_k_1,fixed_fold,SEQ_SLOT_50,76,0.8552631578947368,0.4765927215249449,0.0007333117098544107,1.3576337259661657,0.6607829937448063,0.8251748251748252,-0.07873621159214049,0.0,-0.08379979650933475
2025-09-18,future_k_1,fixed_fold,SEQ_SLOT_75,76,0.8552631578947368,0.4765927215249449,0.00073534044309653,1.3595104001775722,0.6630445425881897,0.8237762237762238,-0.08919567536479693,0.0018766742114064705,-0.034488416452426014
2025-09-18,future_k_1,fixed_fold,BTYD05_FRESH1,76,0.8552631578947368,0.4765927215249449,0.0007282281183076351,1.352919729110828,0.6632428337305427,0.8237762237762238,-0.06131930590552328,-0.004713996855337799,0.2915787618833367
2025-09-18,future_k_1,slice_shape_only,STRONGEST,76,0.8552631578947368,0.4765927215249449,0.0005106553147355392,1.1329278063667163,-0.07894736232706659,0.8251748251748252,-1.1448123563062957,0.0,
2025-09-18,future_k_1,slice_shape_only,CAP,76,0.8552631578947368,0.4765927215249449,0.0004895033996664632,1.1092160989759612,-0.07894736232706658,0.8237762237762238,-1.1743428232793514,-0.02371170739075512,0.1631633922363754
2025-09-18,future_k_1,slice_shape_only,UNC,76,0.8552631578947368,0.4765927215249449,0.0005203703238619264,1.1436537771760324,-0.07894736232706658,0.8167832167832167,-1.183128808526767,0.010725970809316143,-0.1552564067117415
2025-09-18,future_k_1,slice_shape_only,DIST,76,0.8552631578947368,0.4765927215249449,0.000503892848975445,1.1254012820903998,-0.045037845402703135,0.8307692307692307,-0.9856945679626071,-0.007526524276316504,0.3009759871819972
2025-09-18,future_k_1,slice_shape_only,ETX-AVG3,76,0.8552631578947368,0.4765927215249449,0.0005234660817495355,1.1470506129922322,-0.07894736232706655,0.8265734265734266,-1.2498309935327443,0.014122806625515905,-0.20076487062206547
2025-09-18,future_k_1,slice_shape_only,SEQ-AVG3,76,0.8552631578947368,0.4765927215249449,0.0005196940114000055,1.1429103462541657,-0.07894736232706655,0.8153846153846154,-1.1166768783684773,0.009982539887449349,-0.10954383084890477
2025-09-18,future_k_1,slice_shape_only,BTYD,76,0.8552631578947368,0.4765927215249449,0.00047443244808130475,1.0920071958188498,-0.12007383606557827,0.7783216783216782,-0.9325599093486906,-0.040920610547866554,0.23714881503092705
2025-09-18,future_k_1,slice_shape_only,FRESH,76,0.8552631578947368,0.4765927215249449,0.0005089557615186006,1.1310409408110154,-0.07894736232706652,0.8251748251748252,-1.1406278342867213,-0.001886865555700945,0.2757406754238162
2025-09-18,future_k_1,slice_shape_only,ZERO2D,76,0.8552631578947368,0.4765927215249449,0.000511393680510683,1.1337465709316983,-0.07894736232706649,0.8251748251748252,-1.1413990198604806,0.0008187645649819775,-0.36729838525587943
2025-09-18,future_k_1,slice_shape_only,BTYD05,76,0.8552631578947368,0.4765927215249449,0.0005071379744852165,1.129019320472642,-0.07894736232706656,0.8237762237762238,-1.1246064869955474,-0.003908485894074332,0.23714881503092755
2025-09-18,future_k_1,slice_shape_only,SEQ_SLOT_25,76,0.8552631578947368,0.4765927215249449,0.0005101529691390659,1.1323704232237677,-0.07894736232706649,0.8237762237762238,-1.1305858116338525,-0.0005573831429486198,0.03448841645242243
2025-09-18,future_k_1,slice_shape_only,SEQ_SLOT_50,76,0.8552631578947368,0.4765927215249449,0.0005106553147355392,1.1329278063667163,-0.07894736232706659,0.8251748251748252,-1.1448123563062957,0.0,-0.08379979650933475
2025-09-18,future_k_1,slice_shape_only,SEQ_SLOT_75,76,0.8552631578947368,0.4765927215249449,0.0005114364328251773,1.1337939603293603,-0.07894736232706655,0.8237762237762238,-1.1599427640791937,0.0008661539626440007,-0.034488416452426014
2025-09-18,future_k_1,slice_shape_only,BTYD05_FRESH1,76,0.8552631578947368,0.4765927215249449,0.0005054796056292672,1.1271718314887578,-0.07894736232706655,0.8237762237762238,-1.1204062466357227,-0.005755974877958536,0.2915787618833367
2025-09-18,future_k_2,fixed_fold,STRONGEST,4665,0.8130760986066452,0.7048713471735291,0.05686209133468767,1.525916237484062,0.4850181665104039,0.758012103415998,-0.07873621159214053,0.0,
2025-09-18,future_k_2,fixed_fold,CAP,4665,0.8130760986066452,0.7048713471735291,0.05782001443796162,1.5387156751116224,0.4921698922540978,0.7504069543848276,-0.0475301842616148,0.012799437627560417,-0.00733847827109038
2025-09-18,future_k_2,fixed_fold,UNC,4665,0.8130760986066452,0.7048713471735291,0.057374949897921634,1.53278216975004,0.4872120674566798,0.7569971362021299,-0.10853020840952435,0.00686593226597787,-0.031990608290115394
2025-09-18,future_k_2,fixed_fold,DIST,4665,0.8130760986066452,0.7048713471735291,0.05686745416027987,1.525988192538134,0.5028667130417691,0.7573424125078305,-0.04513225744261832,7.195505407198155e-05,0.10123933868125752
2025-09-18,future_k_2,fixed_fold,ETX-AVG3,4665,0.8130760986066452,0.7048713471735291,0.057087943233818994,1.5289436458848282,0.48163927259670397,0.7573569249970371,-0.13759103957230182,0.003027408400766207,-0.021927628584459305
2025-09-18,future_k_2,fixed_fold,SEQ-AVG3,4665,0.8130760986066452,0.7048713471735291,0.0568992754190613,1.5264150805954713,0.46339378894314087,0.7568273703127683,-0.04470435010357287,0.0004988431114092418,-0.04077599018401522
2025-09-18,future_k_2,fixed_fold,BTYD,4665,0.8130760986066452,0.7048713471735291,0.06235647822400533,1.597938533504209,0.5612598265711762,0.7377115497645348,0.2696019021402007,0.07202229602014687,-0.0005175286227497106
2025-09-18,future_k_2,fixed_fold,FRESH,4665,0.8130760986066452,0.7048713471735291,0.0567514549631967,1.5244310297582317,0.4830922284652402,0.7581357619177771,-0.07873621159214048,-0.0014852077258302732,0.09414161981053114
2025-09-18,future_k_2,fixed_fold,ZERO2D,4665,0.8130760986066452,0.7048713471735291,0.05679046157938068,1.5249548285054333,0.4768894450936374,0.7580048471713949,-0.07420304362670621,-0.0009614089786287305,-0.18612449043563392
2025-09-18,future_k_2,fixed_fold,BTYD05,4665,0.8130760986066452,0.7048713471735291,0.05696227771068233,1.5272599159770701,0.4888302495134426,0.7577913926426517,-0.06131930590552335,0.0013436784930080936,-0.0005175286227494995
2025-09-18,future_k_2,fixed_fold,SEQ_SLOT_25,4665,0.8130760986066452,0.7048713471735291,0.056836840441645026,1.5255773911159283,0.48297143692277655,0.7579688682919041,-0.06827674781948408,-0.00033884636813374946,-0.017426897214330096
2025-09-18,future_k_2,fixed_fold,SEQ_SLOT_50,4665,0.8130760986066452,0.7048713471735291,0.05686209133468767,1.525916237484062,0.4850181665104039,0.758012103415998,-0.07873621159214049,0.0,0.02450647803207069
2025-09-18,future_k_2,fixed_fold,SEQ_SLOT_75,4665,0.8130760986066452,0.7048713471735291,0.05689791942529784,1.5263968921242972,0.48706489609803133,0.7579486112757204,-0.08919567536479693,0.00048065464023516746,0.017426897214330415
2025-09-18,future_k_2,fixed_fold,BTYD05_FRESH1,4665,0.8130760986066452,0.7048713471735291,0.056853752617551226,1.5258043470302627,0.48690431146827884,0.7579038644340008,-0.06131930590552328,-0.00011189045379933482,0.039809690693880184
2025-09-18,future_k_2,slice_shape_only,STRONGEST,4665,0.8130760986066452,0.7048713471735291,0.05012746871456751,1.432706289563355,-0.08029826853793298,0.758012103415998,-0.7442918998794078,0.0,
2025-09-18,future_k_2,slice_shape_only,CAP,4665,0.8130760986066452,0.7048713471735291,0.051093866610613874,1.446450796837751,-0.08315709798149785,0.7504069543848276,-0.7124395871239854,0.0137445072743958,-0.00733847827109038
2025-09-18,future_k_2,slice_shape_only,UNC,4665,0.8130760986066452,0.7048713471735291,0.05037954196433689,1.4363040579891984,-0.08706437282991542,0.7569971362021299,-0.7998251056239155,0.0035977684258432507,-0.031990608290115394
2025-09-18,future_k_2,slice_shape_only,DIST,4665,0.8130760986066452,0.7048713471735291,0.05005270256190692,1.4316374353814172,-0.06326054864574779,0.7573424125078305,-0.680380898172105,-0.0010688541819379171,0.10123933868125752
2025-09-18,future_k_2,slice_shape_only,ETX-AVG3,4665,0.8130760986066452,0.7048713471735291,0.05022585176937662,1.4341115562932776,-0.08208281896311331,0.7573569249970371,-0.8150000365354906,0.001405266729922472,-0.021927628584459305
2025-09-18,future_k_2,slice_shape_only,SEQ-AVG3,4665,0.8130760986066452,0.7048713471735291,0.05030738839943238,1.4352751523368832,-0.07780910591658925,0.7568273703127683,-0.7055984566488486,0.00256886277352808,-0.04077599018401522
2025-09-18,future_k_2,slice_shape_only,BTYD,4665,0.8130760986066452,0.7048713471735291,0.05365943281402365,1.4823211971324364,-0.13708654808006407,0.7377115497645348,-0.5719859204341476,0.04961490756908127,-0.0005175286227497106
2025-09-18,future_k_2,slice_shape_only,FRESH,4665,0.8130760986066452,0.7048713471735291,0.05008855074188963,1.4321500191968075,-0.0797255294442117,0.7581357619177771,-0.7398169884075717,-0.0005562703665475954,0.09414161981053114
2025-09-18,future_k_2,slice_shape_only,ZERO2D,4665,0.8130760986066452,0.7048713471735291,0.05017455949456955,1.433379088537884,-0.08074508449901692,0.7580048471713949,-0.7370150485097554,0.0006727989745289875,-0.18612449043563392
2025-09-18,future_k_2,slice_shape_only,BTYD05,4665,0.8130760986066452,0.7048713471735291,0.05015147865272498,1.433049365646863,-0.07929694385010401,0.7577913926426517,-0.7283309136292595,0.0003430760835079205,-0.0005175286227494995
2025-09-18,future_k_2,slice_shape_only,SEQ_SLOT_25,4665,0.8130760986066452,0.7048713471735291,0.050134886608941304,1.4328122920312052,-0.07824475834456734,0.7579688682919041,-0.729421243023052,0.00010600246785008594,-0.017426897214330096
2025-09-18,future_k_2,slice_shape_only,SEQ_SLOT_50,4665,0.8130760986066452,0.7048713471735291,0.05012746871456751,1.432706289563355,-0.08029826853793301,0.758012103415998,-0.7442918998794078,0.0,0.02450647803207069
2025-09-18,future_k_2,slice_shape_only,SEQ_SLOT_75,4665,0.8130760986066452,0.7048713471735291,0.050128191474408085,1.4327166182201119,-0.08055830680932238,0.7579486112757204,-0.7564899852140714,1.0328656756763976e-05,0.017426897214330415
2025-09-18,future_k_2,slice_shape_only,BTYD05_FRESH1,4665,0.8130760986066452,0.7048713471735291,0.05011462246767468,1.4325226968296008,-0.07850343126914476,0.7579038644340008,-0.7235389234222652,-0.00018359273375434526,0.039809690693880184
2025-09-18,future_k_3,fixed_fold,STRONGEST,186284,0.37884627772648216,2.690176793003116,3.0417985668888963,1.766129530741525,-0.012415608717311344,0.8393704399414692,-0.07873621159214053,0.0,
2025-09-18,future_k_3,fixed_fold,CAP,186284,0.37884627772648216,2.690176793003116,3.081559039689975,1.7776349207870326,-0.01259898424741413,0.8361924063998529,-0.0475301842616148,0.011505390045507546,-0.014133638659870025
2025-09-18,future_k_3,fixed_fold,UNC,186284,0.37884627772648216,2.690176793003116,3.05451666553481,1.7698178715740824,-0.012467644954513638,0.8380554606013332,-0.10853020840952435,0.003688340832557424,-0.004476981351452226
2025-09-18,future_k_3,fixed_fold,DIST,186284,0.37884627772648216,2.690176793003116,3.0534923840649197,1.769521107167904,-0.012866198790875812,0.8390586658872659,-0.04513225744261832,0.003391576426378995,-0.012296204991025931
2025-09-18,future_k_3,fixed_fold,ETX-AVG3,186284,0.37884627772648216,2.690176793003116,3.048637931611841,1.7681139523693672,-0.01233342021002256,0.8387220597608018,-0.13759103957230182,0.001984421627842181,0.00621232364244561
2025-09-18,future_k_3,fixed_fold,SEQ-AVG3,186284,0.37884627772648216,2.690176793003116,3.047894801281096,1.7678984431458558,-0.011945005374265525,0.8387882673540386,-0.04470435010357287,0.001768912404330747,0.018448122359164973
2025-09-18,future_k_3,fixed_fold,BTYD,186284,0.37884627772648216,2.690176793003116,3.21193519660262,1.8148499090114354,-0.014353979143788264,0.8266635048472029,0.2696019021402007,0.04872037826991038,0.032372976711226416
2025-09-18,future_k_3,fixed_fold,FRESH,186284,0.37884627772648216,2.690176793003116,3.0413352149444894,1.7659950098814836,-0.012366927371844824,0.8394795451460315,-0.07873621159214048,-0.0001345208600413983,0.01235241097069552
2025-09-18,future_k_3,fixed_fold,ZERO2D,186284,0.37884627772648216,2.690176793003116,3.041889245625036,1.7661558554958845,-0.012208345636871372,0.83937096234683,-0.07420304362670621,2.632475435948578e-05,-0.001505239534500668
2025-09-18,future_k_3,fixed_fold,BTYD05,186284,0.37884627772648216,2.690176793003116,3.0396906257200618,1.765517468129019,-0.012512527238635184,0.8394855507871254,-0.06131930590552335,-0.0006120626125059037,0.03237297671122635
2025-09-18,future_k_3,fixed_fold,SEQ_SLOT_25,186284,0.37884627772648216,2.690176793003116,3.041467770897799,1.7660334947219996,-0.01236343101424304,0.8393857016846732,-0.06827674781948408,-9.603601952545837e-05,0.01043544161535498
2025-09-18,future_k_3,fixed_fold,SEQ_SLOT_50,186284,0.37884627772648216,2.690176793003116,3.0417985668888963,1.766129530741525,-0.012415608717311327,0.8393704399414692,-0.07873621159214049,0.0,0.0015557122146787966
2025-09-18,future_k_3,fixed_fold,SEQ_SLOT_75,186284,0.37884627772648216,2.690176793003116,3.042700425864059,1.766391330083145,-0.01246778642037984,0.8393150126837052,-0.08919567536479693,0.00026179934162007257,-0.010435441615354939
2025-09-18,future_k_3,fixed_fold,BTYD05_FRESH1,186284,0.37884627772648216,2.690176793003116,3.0393344052703735,1.7654140148618127,-0.012463845893168695,0.8395784998772806,-0.06131930590552328,-0.0007155158797123029,0.03037148531773366
2025-09-18,future_k_3,slice_shape_only,STRONGEST,186284,0.37884627772648216,2.690176793003116,3.0416482452919786,1.7660858903285137,-1.3166957569323536e-16,0.8393704399414692,-0.06632060287482912,0.0,
2025-09-18,future_k_3,slice_shape_only,CAP,186284,0.37884627772648216,2.690176793003116,3.0814042386241898,1.777590270784753,1.754577196375674e-17,0.8361924063998529,-0.03493075951575922,0.01150438045623936,-0.014133638659870025
2025-09-18,future_k_3,slice_shape_only,UNC,186284,0.37884627772648216,2.690176793003116,3.0543650336360417,1.7697739425004693,1.5257193011962384e-19,0.8380554606013332,-0.0960588404365721,0.003688052171955558,-0.004476981351452226
2025-09-18,future_k_3,slice_shape_only,DIST,186284,0.37884627772648216,2.690176793003116,3.0533309534649313,1.7694743314446242,-9.032258263081732e-17,0.8390586658872659,-0.032266058651742514,0.0033884411161104744,-0.012296204991025931
2025-09-18,future_k_3,slice_shape_only,ETX-AVG3,186284,0.37884627772648216,2.690176793003116,3.048489579277968,1.7680709320061108,8.544028086698935e-18,0.8387220597608018,-0.12525659067627495,0.0019850416775970547,0.00621232364244561
2025-09-18,future_k_3,slice_shape_only,SEQ-AVG3,186284,0.37884627772648216,2.690176793003116,3.0477572903317265,1.7678585618259208,-3.3857130598478434e-05,0.8387882673540386,-0.032787927060444116,0.001772671497407119,0.018448122359164973
2025-09-18,future_k_3,slice_shape_only,BTYD,186284,0.37884627772648216,2.690176793003116,3.211734273457282,1.8147931440033476,2.0749782496268842e-17,0.8266635048472029,0.2839558812839889,0.04870725367483386,0.032372976711226416
2025-09-18,future_k_3,slice_shape_only,FRESH,186284,0.37884627772648216,2.690176793003116,3.0411860698522717,1.765951707729767,4.638186675636565e-17,0.8394795451460315,-0.06636928422029559,-0.00013418259874664606,0.01235241097069552
2025-09-18,future_k_3,slice_shape_only,ZERO2D,186284,0.37884627772648216,2.690176793003116,3.0417439002453643,1.766113660392921,-1.708805617339787e-17,0.83937096234683,-0.06199464457351603,2.777006440735086e-05,-0.001505239534500668
2025-09-18,future_k_3,slice_shape_only,BTYD05,186284,0.37884627772648216,2.690176793003116,3.039537948087098,1.7654731283513787,-7.628596505981192e-17,0.8394855507871254,-0.048806778666888095,-0.0006127619771350012,0.03237297671122635
2025-09-18,future_k_3,slice_shape_only,SEQ_SLOT_25,186284,0.37884627772648216,2.690176793003116,3.041318710125776,1.765990217994866,-4.729729833708339e-17,0.8393857016846732,-0.055913316805240976,-9.567233364760064e-05,0.01043544161535498
2025-09-18,future_k_3,slice_shape_only,SEQ_SLOT_50,186284,0.37884627772648216,2.690176793003116,3.041648245291978,1.7660858903285133,1.9986922845670724e-17,0.8393704399414692,-0.06632060287482908,-4.440892098500626e-16,0.0015557122146787966
2025-09-18,future_k_3,slice_shape_only,SEQ_SLOT_75,186284,0.37884627772648216,2.690176793003116,3.042548838132359,1.7663473286119802,-8.132083875375951e-17,0.8393150126837052,-0.07672788894441719,0.00026143828346647524,-0.010435441615354939
2025-09-18,future_k_3,slice_shape_only,BTYD05_FRESH1,186284,0.37884627772648216,2.690176793003116,3.0391829133441615,1.7653700168565387,-6.118134397796916e-17,0.8395784998772806,-0.048855460012354565,-0.0007158734719749926,0.03037148531773366
2025-09-18,"future_total_active_days:q1[2,12]",fixed_fold,STRONGEST,21915,0.7633127994524298,0.8840513128440364,0.29091223547145273,1.592411702396976,0.3738141479657857,0.7592297130826919,-0.07873621159214053,0.0,
2025-09-18,"future_total_active_days:q1[2,12]",fixed_fold,CAP,21915,0.7633127994524298,0.8840513128440364,0.29439912839997473,1.6019266506175343,0.3769794937030102,0.7525062080393198,-0.0475301842616148,0.009514948220558317,0.003131970928363088
2025-09-18,"future_total_active_days:q1[2,12]",fixed_fold,UNC,21915,0.7633127994524298,0.8840513128440364,0.29283633928057623,1.597669157121763,0.3768772349480195,0.7577776535386216,-0.10853020840952435,0.005257454724787003,-0.01353012479672654
2025-09-18,"future_total_active_days:q1[2,12]",fixed_fold,DIST,21915,0.7633127994524298,0.8840513128440364,0.2915245268012617,1.5940866188514164,0.3889286005670128,0.7579183561117413,-0.04513225744261832,0.0016749164544405115,0.05093162504260359
2025-09-18,"future_total_active_days:q1[2,12]",fixed_fold,ETX-AVG3,21915,0.7633127994524298,0.8840513128440364,0.2922949983416503,1.5961917383656985,0.37274285025796006,0.7584762510053229,-0.13759103957230182,0.0037800359687225615,-0.02078535114739924
2025-09-18,"future_total_active_days:q1[2,12]",fixed_fold,SEQ-AVG3,21915,0.7633127994524298,0.8840513128440364,0.29114229590445895,1.5930412368062385,0.3539055049595453,0.7584284857750085,-0.04470435010357287,0.000629534409262611,-0.019441978886039733
2025-09-18,"future_total_active_days:q1[2,12]",fixed_fold,BTYD,21915,0.7633127994524298,0.8840513128440364,0.3055567912102631,1.6320006861533056,0.4280014623095137,0.7477902544777498,0.2696019021402007,0.03958898375632969,0.05090511298408593
2025-09-18,"future_total_active_days:q1[2,12]",fixed_fold,FRESH,21915,0.7633127994524298,0.8840513128440364,0.290484646141512,1.5912409908323017,0.3719500700958405,0.7593762069522849,-0.07873621159214048,-0.0011707115646741872,0.0753165696425767
2025-09-18,"future_total_active_days:q1[2,12]",fixed_fold,ZERO2D,21915,0.7633127994524298,0.8840513128440364,0.2906966143985838,1.5918214536472226,0.36643920579433986,0.7592257369686956,-0.07420304362670621,-0.0005902487497533304,-0.12487895277617096
2025-09-18,"future_total_active_days:q1[2,12]",fixed_fold,BTYD05,21915,0.7633127994524298,0.8840513128440364,0.2908437179963252,1.5922241639556252,0.3765235136829722,0.7595303649256681,-0.06131930590552335,-0.00018753844135077635,0.050905112984086114
2025-09-18,"future_total_active_days:q1[2,12]",fixed_fold,SEQ_SLOT_25,21915,0.7633127994524298,0.8840513128440364,0.2907645875558939,1.5920075493916024,0.37170194058823736,0.7592739689602184,-0.06827674781948408,-0.00040415300537355314,-0.0015234020769602965
2025-09-18,"future_total_active_days:q1[2,12]",fixed_fold,SEQ_SLOT_50,21915,0.7633127994524298,0.8840513128440364,0.29091223547145273,1.592411702396976,0.3738141479657858,0.7592297130826919,-0.07873621159214049,0.0,0.021800798186561693
2025-09-18,"future_total_active_days:q1[2,12]",fixed_fold,SEQ_SLOT_75,21915,0.7633127994524298,0.8840513128440364,0.2911109378843561,1.5929554437678906,0.3759263553433341,0.7591202719855593,-0.08919567536479693,0.0005437413709146188,0.0015234020769605261
2025-09-18,"future_total_active_days:q1[2,12]",fixed_fold,BTYD05_FRESH1,21915,0.7633127994524298,0.8840513128440364,0.290430335227818,1.59109222945517,0.37465943581302696,0.759653774284145,-0.06131930590552328,-0.0013194729418060103,0.07145850067956341
2025-09-18,"future_total_active_days:q1[2,12]",slice_shape_only,STRONGEST,21915,0.7633127994524298,0.8840513128440364,0.2737426449817547,1.544705156470379,-0.041254982207234066,0.7592297130826919,-0.5226831257108723,0.0,
2025-09-18,"future_total_active_days:q1[2,12]",slice_shape_only,CAP,21915,0.7633127994524298,0.8840513128440364,0.2773951060574096,1.5549762638500204,-0.04512745685096842,0.7525062080393198,-0.4884579228701947,0.01027110737964132,0.003131970928363088
2025-09-18,"future_total_active_days:q1[2,12]",slice_shape_only,UNC,21915,0.7633127994524298,0.8840513128440364,0.27493553395198284,1.5480671804303585,-0.04827676229193289,0.7577776535386216,-0.5711650146201471,0.003362023959979421,-0.01353012479672654
2025-09-18,"future_total_active_days:q1[2,12]",slice_shape_only,DIST,21915,0.7633127994524298,0.8840513128440364,0.2736329295504899,1.5443955682850359,-0.027563925189986575,0.7579183561117413,-0.47686573958808226,-0.00030958818534321253,0.05093162504260359
2025-09-18,"future_total_active_days:q1[2,12]",slice_shape_only,ETX-AVG3,21915,0.7633127994524298,0.8840513128440364,0.27467820515776786,1.5473425459830445,-0.04621918834705393,0.7584762510053229,-0.5949831484245214,0.0026373895126654556,-0.02078535114739924
2025-09-18,"future_total_active_days:q1[2,12]",slice_shape_only,SEQ-AVG3,21915,0.7633127994524298,0.8840513128440364,0.2747984778867747,1.5476812746108366,-0.05302299292698327,0.7584284857750085,-0.49603674708949463,0.0029761181404575066,-0.019441978886039733
2025-09-18,"future_total_active_days:q1[2,12]",slice_shape_only,BTYD,21915,0.7633127994524298,0.8840513128440364,0.28453839834639666,1.5748703548091774,-0.0004013636208183279,0.7477902544777498,-0.1588868879883778,0.03016519833879827,0.05090511298408593
2025-09-18,"future_total_active_days:q1[2,12]",slice_shape_only,FRESH,21915,0.7633127994524298,0.8840513128440364,0.27353602804396177,1.5441220860161378,-0.04059378980955614,0.7593762069522849,-0.5189874448824929,-0.0005830704542413301,0.0753165696425767
2025-09-18,"future_total_active_days:q1[2,12]",slice_shape_only,ZERO2D,21915,0.7633127994524298,0.8840513128440364,0.2740049919678685,1.5454451794472686,-0.04371325604801256,0.7592257369686956,-0.5163076220440682,0.0007400229768894651,-0.12487895277617096
2025-09-18,"future_total_active_days:q1[2,12]",slice_shape_only,BTYD05,21915,0.7633127994524298,0.8840513128440364,0.2735081891794232,1.5440435082513062,-0.04163337048326798,0.7595303649256681,-0.5073908317389175,-0.0006616482190728856,0.050905112984086114
2025-09-18,"future_total_active_days:q1[2,12]",slice_shape_only,SEQ_SLOT_25,21915,0.7633127994524298,0.8840513128440364,0.27375730976727186,1.544746531949949,-0.04219617126561516,0.7592739689602184,-0.5115695780969298,4.137547956983845e-05,-0.0015234020769602965
2025-09-18,"future_total_active_days:q1[2,12]",slice_shape_only,SEQ_SLOT_50,21915,0.7633127994524298,0.8840513128440364,0.2737426449817547,1.544705156470379,-0.04125498220723407,0.7592297130826919,-0.5226831257108723,0.0,0.021800798186561693
2025-09-18,"future_total_active_days:q1[2,12]",slice_shape_only,SEQ_SLOT_75,21915,0.7633127994524298,0.8840513128440364,0.2737701941527652,1.544782883263535,-0.04089866875862188,0.7591202719855593,-0.5346114606363606,7.772679315598552e-05,0.0015234020769605261
2025-09-18,"future_total_active_days:q1[2,12]",slice_shape_only,BTYD05_FRESH1,21915,0.7633127994524298,0.8840513128440364,0.2733159936871427,1.543500909591403,-0.04113785273941792,0.759653774284145,-0.5039023705898672,-0.001204246878976134,0.07145850067956341
2025-09-18,"future_total_active_days:q2[12,17]",fixed_fold,STRONGEST,16335,0.635873890419345,1.3929844973891758,0.2758926278662439,1.7962036836008555,0.254750278585476,0.7480253917831825,-0.07873621159214053,0.0,
2025-09-18,"future_total_active_days:q2[12,17]",fixed_fold,CAP,16335,0.635873890419345,1.3929844973891758,0.27933577840478935,1.8073772752885773,0.25533424457066495,0.7438190125531313,-0.0475301842616148,0.011173591687721807,-0.009437015655497188
2025-09-18,"future_total_active_days:q2[12,17]",fixed_fold,UNC,16335,0.635873890419345,1.3929844973891758,0.27765712636124795,1.80193842778556,0.2621464025627014,0.7468148425923486,-0.10853020840952435,0.005734744184704432,-0.014318383072052689
2025-09-18,"future_total_active_days:q2[12,17]",fixed_fold,DIST,16335,0.635873890419345,1.3929844973891758,0.27620224283298667,1.7972112777665312,0.26095572965372577,0.7472694095595285,-0.04513225744261832,0.0010075941656757514,0.02299408419947389
2025-09-18,"future_total_active_days:q2[12,17]",fixed_fold,ETX-AVG3,16335,0.635873890419345,1.3929844973891758,0.2769993514987389,1.7998027494556348,0.25681904196064514,0.7464111319636846,-0.13759103957230182,0.0035990658547793153,-0.009778670508408959
2025-09-18,"future_total_active_days:q2[12,17]",fixed_fold,SEQ-AVG3,16335,0.635873890419345,1.3929844973891758,0.27600118071153584,1.796557016428794,0.23888699500020263,0.7476163559682132,-0.04470435010357287,0.00035333282793859055,0.007521150676359389
2025-09-18,"future_total_active_days:q2[12,17]",fixed_fold,BTYD,16335,0.635873890419345,1.3929844973891758,0.28691806171039147,1.831742739976395,0.28293561332845674,0.7395450730567003,0.2696019021402007,0.03553905637553956,0.04961170246036581
2025-09-18,"future_total_active_days:q2[12,17]",fixed_fold,FRESH,16335,0.635873890419345,1.3929844973891758,0.2755858741709388,1.7952048432851242,0.2527732552325635,0.7482511699709475,-0.07873621159214048,-0.0009988403157312753,0.05859986327330433
2025-09-18,"future_total_active_days:q2[12,17]",fixed_fold,ZERO2D,16335,0.635873890419345,1.3929844973891758,0.2759666545172218,1.7964446433286974,0.2507799270548948,0.7480316719421081,-0.07420304362670621,0.0002409597278418829,-0.087688205653327
2025-09-18,"future_total_active_days:q2[12,17]",fixed_fold,BTYD05,16335,0.635873890419345,1.3929844973891758,0.275665460257301,1.795464042009594,0.25615954532262514,0.7484558254592334,-0.06131930590552335,-0.0007396415912614973,0.04961170246036594
2025-09-18,"future_total_active_days:q2[12,17]",fixed_fold,SEQ_SLOT_25,16335,0.635873890419345,1.3929844973891758,0.27576837385113484,1.7957991591014255,0.2527405196367704,0.7481746750454776,-0.06827674781948408,-0.00040452449942995905,0.012082168327508788
2025-09-18,"future_total_active_days:q2[12,17]",fixed_fold,SEQ_SLOT_50,16335,0.635873890419345,1.3929844973891758,0.2758926278662439,1.7962036836008555,0.2547502785854761,0.7480253917831825,-0.07873621159214049,0.0,0.007991031160449219
2025-09-18,"future_total_active_days:q2[12,17]",fixed_fold,SEQ_SLOT_75,16335,0.635873890419345,1.3929844973891758,0.2760622065072233,1.7967556211258338,0.2567600375341816,0.7478168516605096,-0.08919567536479693,0.0005519375249782854,-0.012082168327508571
2025-09-18,"future_total_active_days:q2[12,17]",fixed_fold,BTYD05_FRESH1,16335,0.635873890419345,1.3929844973891758,0.2753731400152142,1.794511819528044,0.2541825219697125,0.7486462372881004,-0.06131930590552328,-0.001691864072811411,0.06467168440034629
2025-09-18,"future_total_active_days:q2[12,17]",slice_shape_only,STRONGEST,16335,0.635873890419345,1.3929844973891758,0.27028149181173894,1.7778441557856652,-0.007138898139466945,0.7480253917831825,-0.342262934394262,0.0,
2025-09-18,"future_total_active_days:q2[12,17]",slice_shape_only,CAP,16335,0.635873890419345,1.3929844973891758,0.27375169065405647,1.789220806157213,-0.0011778816168943047,0.7438190125531313,-0.3044394998597521,0.01137665037154778,-0.009437015655497188
2025-09-18,"future_total_active_days:q2[12,17]",slice_shape_only,UNC,16335,0.635873890419345,1.3929844973891758,0.2716599996099447,1.7823721296804858,-0.010494027394277978,0.7468148425923486,-0.38423870222562156,0.004527973894820514,-0.014318383072052689
2025-09-18,"future_total_active_days:q2[12,17]",slice_shape_only,DIST,16335,0.635873890419345,1.3929844973891758,0.2703736020156587,1.7781470689395062,-0.0022356713597093273,0.7472694095595285,-0.3086401305460416,0.00030291315384101125,0.02299408419947389
2025-09-18,"future_total_active_days:q2[12,17]",slice_shape_only,ETX-AVG3,16335,0.635873890419345,1.3929844973891758,0.2712145316826911,1.780910163652301,-0.01199648416877911,0.7464111319636846,-0.41025616463887793,0.0030660078666358004,-0.009778670508408959
2025-09-18,"future_total_active_days:q2[12,17]",slice_shape_only,SEQ-AVG3,16335,0.635873890419345,1.3929844973891758,0.2709136894414211,1.7799221604291764,-0.015613887058287899,0.7476163559682132,-0.30387691511735365,0.0020780046435111554,0.007521150676359389
2025-09-18,"future_total_active_days:q2[12,17]",slice_shape_only,BTYD,16335,0.635873890419345,1.3929844973891758,0.2800719620808113,1.8097573608981923,-0.0002983264722550608,0.7395450730567003,-0.013634017390659699,0.03191320511252704,0.04961170246036581
2025-09-18,"future_total_active_days:q2[12,17]",slice_shape_only,FRESH,16335,0.635873890419345,1.3929844973891758,0.270068427508684,1.7771432757430976,-0.007138898139467023,0.7482511699709475,-0.3401265554063063,-0.0007008800425676309,0.05859986327330433
2025-09-18,"future_total_active_days:q2[12,17]",slice_shape_only,ZERO2D,16335,0.635873890419345,1.3929844973891758,0.2705072861696648,1.7785866102050316,-0.00810221689213333,0.7480316719421081,-0.33516975877517685,0.0007424544193663785,-0.087688205653327
2025-09-18,"future_total_active_days:q2[12,17]",slice_shape_only,BTYD05,16335,0.635873890419345,1.3929844973891758,0.27000752926768284,1.7769428987457834,-0.007138898139467048,0.7484558254592334,-0.3259560926389076,-0.0009012570398818642,0.04961170246036594
2025-09-18,"future_total_active_days:q2[12,17]",slice_shape_only,SEQ_SLOT_25,16335,0.635873890419345,1.3929844973891758,0.2702430362490574,1.7777176757427113,-0.007404366257581125,0.7481746750454776,-0.33008459561391995,-0.00012648004295390258,0.012082168327508788
2025-09-18,"future_total_active_days:q2[12,17]",slice_shape_only,SEQ_SLOT_50,16335,0.635873890419345,1.3929844973891758,0.27028149181173894,1.7778441557856652,-0.007138898139466968,0.7480253917831825,-0.342262934394262,0.0,0.007991031160449219
2025-09-18,"future_total_active_days:q2[12,17]",slice_shape_only,SEQ_SLOT_75,16335,0.635873890419345,1.3929844973891758,0.27036348498222157,1.7781138006368533,-0.007258988888462951,0.7478168516605096,-0.35486716904480603,0.0002696448511880778,-0.012082168327508571
2025-09-18,"future_total_active_days:q2[12,17]",slice_shape_only,BTYD05_FRESH1,16335,0.635873890419345,1.3929844973891758,0.2698088885759877,1.776289142699257,-0.006796227721403704,0.7486462372881004,-0.32348282601267814,-0.0015550130864081524,0.06467168440034629
2025-09-18,"future_total_active_days:q3[17,23]",fixed_fold,STRONGEST,20089,0.5556772362984718,1.742397770760126,0.3623621161646925,1.8562537260255028,0.16927469181641133,0.7603560596749901,-0.07873621159214053,0.0,
2025-09-18,"future_total_active_days:q3[17,23]",fixed_fold,CAP,20089,0.5556772362984718,1.742397770760126,0.3671884316755639,1.8685745949829005,0.168015927955414,0.7546939792959395,-0.0475301842616148,0.012320868957397701,-0.016331475017184696
2025-09-18,"future_total_active_days:q3[17,23]",fixed_fold,UNC,20089,0.5556772362984718,1.742397770760126,0.36360222622246346,1.859427337007589,0.1788913167914667,0.7590961156949365,-0.10853020840952435,0.00317361098208635,0.008670969114417
2025-09-18,"future_total_active_days:q3[17,23]",fixed_fold,DIST,20089,0.5556772362984718,1.742397770760126,0.3630978255861081,1.8581371608753563,0.17075754287731118,0.7591510830618635,-0.04513225744261832,0.001883434849853538,0.004576486908176089
2025-09-18,"future_total_active_days:q3[17,23]",fixed_fold,ETX-AVG3,20089,0.5556772362984718,1.742397770760126,0.363484221543126,1.8591255801471591,0.17237490736198402,0.7598054325823387,-0.13759103957230182,0.0028718541216563587,-0.0016480848212809143
2025-09-18,"future_total_active_days:q3[17,23]",fixed_fold,SEQ-AVG3,20089,0.5556772362984718,1.742397770760126,0.3631903716977693,1.858373946117482,0.1564708459089294,0.7603750227642377,-0.04470435010357287,0.002120220091979208,0.0019158179802562763
2025-09-18,"future_total_active_days:q3[17,23]",fixed_fold,BTYD,20089,0.5556772362984718,1.742397770760126,0.37614734265389765,1.891232593128935,0.18298370345475315,0.7498601829701763,0.2696019021402007,0.03497886710343234,0.048227932040461816
2025-09-18,"future_total_active_days:q3[17,23]",fixed_fold,FRESH,20089,0.5556772362984718,1.742397770760126,0.3620909459341794,1.8555590411579708,0.16738781193439578,0.7604998258848186,-0.07873621159214048,-0.0006946848675319917,0.038451387288024025
2025-09-18,"future_total_active_days:q3[17,23]",fixed_fold,ZERO2D,20089,0.5556772362984718,1.742397770760126,0.3625040319872966,1.8566171828758828,0.16706503697510208,0.7603513929184407,-0.07420304362670621,0.0003634568503800839,-0.06374693971424933
2025-09-18,"future_total_active_days:q3[17,23]",fixed_fold,BTYD05,20089,0.5556772362984718,1.742397770760126,0.3620140783606168,1.8553620742173653,0.1699601423983285,0.7606717833186195,-0.06131930590552335,-0.0008916518081374392,0.04822793204046198
2025-09-18,"future_total_active_days:q3[17,23]",fixed_fold,SEQ_SLOT_25,20089,0.5556772362984718,1.742397770760126,0.3623115798151996,1.8561242815364116,0.167492947185257,0.7604288610771609,-0.06827674781948408,-0.00012944448909113504,0.0025363296306980367
2025-09-18,"future_total_active_days:q3[17,23]",fixed_fold,SEQ_SLOT_50,20089,0.5556772362984718,1.742397770760126,0.3623621161646925,1.8562537260255028,0.1692746918164114,0.7603560596749901,-0.07873621159214049,0.0,0.010916318399841689
2025-09-18,"future_total_active_days:q3[17,23]",fixed_fold,SEQ_SLOT_75,20089,0.5556772362984718,1.742397770760126,0.362471156310076,1.8565329921831115,0.17105643644756552,0.7602461951933852,-0.08919567536479693,0.0002792661576087596,-0.0025363296306977878
2025-09-18,"future_total_active_days:q3[17,23]",fixed_fold,BTYD05_FRESH1,20089,0.5556772362984718,1.742397770760126,0.3617611259004332,1.8547137563198095,0.16807326251631288,0.760802372213718,-0.06131930590552328,-0.001539969705693256,0.055357740190367294
2025-09-18,"future_total_active_days:q3[17,23]",slice_shape_only,STRONGEST,20089,0.5556772362984718,1.742397770760126,0.35934342844649575,1.8485057179697633,-0.0009337795453596417,0.7603560596749901,-0.24910717851635197,0.0,
2025-09-18,"future_total_active_days:q3[17,23]",slice_shape_only,CAP,20089,0.5556772362984718,1.742397770760126,0.36421884981977826,1.8610033464409301,-0.00016096487331295555,0.7546939792959395,-0.21576877699049066,0.012497628471166866,-0.016331475017184696
2025-09-18,"future_total_active_days:q3[17,23]",slice_shape_only,UNC,20089,0.5556772362984718,1.742397770760126,0.36020704833835887,1.8507256671341241,-0.00246174392993222,0.7590961156949365,-0.2904738080467369,0.002219949164360857,0.008670969114417
2025-09-18,"future_total_active_days:q3[17,23]",slice_shape_only,DIST,20089,0.5556772362984718,1.742397770760126,0.36003076773510645,1.8502727512853268,-6.827331057301943e-05,0.7591510830618635,-0.21598176643222108,0.0017670333155634932,0.004576486908176089
2025-09-18,"future_total_active_days:q3[17,23]",slice_shape_only,ETX-AVG3,20089,0.5556772362984718,1.742397770760126,0.3603207782404556,1.8510178133293944,-0.003799093095647785,0.7598054325823387,-0.31449717566987817,0.00251209535963115,-0.0016480848212809143
2025-09-18,"future_total_active_days:q3[17,23]",slice_shape_only,SEQ-AVG3,20089,0.5556772362984718,1.742397770760126,0.36056910250127394,1.8516555415565081,-0.004238835239837253,0.7603750227642377,-0.20643994868698015,0.003149823586744871,0.0019158179802562763
2025-09-18,"future_total_active_days:q3[17,23]",slice_shape_only,BTYD,20089,0.5556772362984718,1.742397770760126,0.3726261244637116,1.8823596058094691,2.829579315088258e-18,0.7498601829701763,0.08661819868544751,0.03385388783970589,0.048227932040461816
2025-09-18,"future_total_active_days:q3[17,23]",slice_shape_only,FRESH,20089,0.5556772362984718,1.742397770760126,0.3591403759625779,1.8479833809986985,-0.000933779545359735,0.7604998258848186,-0.2471947927423063,-0.0005223369710647408,0.038451387288024025
2025-09-18,"future_total_active_days:q3[17,23]",slice_shape_only,ZERO2D,20089,0.5556772362984718,1.742397770760126,0.35955917774124546,1.8490605548327426,-0.001589154975526793,0.7603513929184407,-0.2431034301932059,0.0005548368629793021,-0.06374693971424933
2025-09-18,"future_total_active_days:q3[17,23]",slice_shape_only,BTYD05,20089,0.5556772362984718,1.742397770760126,0.3589737852600944,1.847554728890644,-0.0003542279723302551,0.7606717833186195,-0.2317374040242551,-0.0009509890791192799,0.04822793204046198
2025-09-18,"future_total_active_days:q3[17,23]",slice_shape_only,SEQ_SLOT_25,20089,0.5556772362984718,1.742397770760126,0.35935578727836326,1.8485375053535587,-0.0010568850510191245,0.7604288610771609,-0.2370013310612344,3.17873837953897e-05,0.0025363296306980367
2025-09-18,"future_total_active_days:q3[17,23]",slice_shape_only,SEQ_SLOT_50,20089,0.5556772362984718,1.742397770760126,0.35934342844649575,1.8485057179697633,-0.0009337795453596614,0.7603560596749901,-0.24910717851635197,0.0,0.010916318399841689
2025-09-18,"future_total_active_days:q3[17,23]",slice_shape_only,SEQ_SLOT_75,20089,0.5556772362984718,1.742397770760126,0.3593878568790874,1.8486199870322615,-0.0011351859789727541,0.7602461951933852,-0.26155014719381786,0.00011426906249822899,-0.0025363296306977878
2025-09-18,"future_total_active_days:q3[17,23]",slice_shape_only,BTYD05_FRESH1,20089,0.5556772362984718,1.742397770760126,0.35878849754564995,1.8470778509226666,-0.00035422797233022467,0.760802372213718,-0.2298325437490542,-0.0014278670470966315,0.055357740190367294
2025-09-18,"future_total_active_days:q4[23,29]",fixed_fold,STRONGEST,19622,0.4577515034145347,2.1855694444301768,0.3689753951297025,1.8952747282971172,0.035623943862123426,0.7685610150961908,-0.07873621159214053,0.0,
2025-09-18,"future_total_active_days:q4[23,29]",fixed_fold,CAP,19622,0.4577515034145347,2.1855694444301768,0.3746671959924507,1.9098370030372522,0.030084756136950306,0.7634915455388638,-0.0475301842616148,0.01456227474013505,-0.028342464981276703
2025-09-18,"future_total_active_days:q4[23,29]",fixed_fold,UNC,19622,0.4577515034145347,2.1855694444301768,0.3701647172746121,1.898326799989075,0.04427227861506145,0.7671318828132456,-0.10853020840952435,0.0030520716919577584,0.0026195178416623093
2025-09-18,"future_total_active_days:q4[23,29]",fixed_fold,DIST,19622,0.4577515034145347,2.1855694444301768,0.3703635250772643,1.898836507562611,0.032904904518557335,0.767040210328761,-0.04513225744261832,0.0035617792654938363,-0.016351746084059787
2025-09-18,"future_total_active_days:q4[23,29]",fixed_fold,ETX-AVG3,19622,0.4577515034145347,2.1855694444301768,0.3696396094527673,1.8969798590534945,0.040720776308104535,0.7682781969536399,-0.13759103957230182,0.0017051307563773488,0.009202874940477312
2025-09-18,"future_total_active_days:q4[23,29]",fixed_fold,SEQ-AVG3,19622,0.4577515034145347,2.1855694444301768,0.36923663367442416,1.8959455470184368,0.028253070586790385,0.7688937974110293,-0.04470435010357287,0.0006708187213195771,0.024298219153936467
2025-09-18,"future_total_active_days:q4[23,29]",fixed_fold,BTYD,19622,0.4577515034145347,2.1855694444301768,0.3811040292609536,1.9261727685958916,0.04047882995044022,0.762151841276538,0.2696019021402007,0.03089804029877441,0.06298353428124952
2025-09-18,"future_total_active_days:q4[23,29]",fixed_fold,FRESH,19622,0.4577515034145347,2.1855694444301768,0.3688217800770884,1.8948801585777972,0.03418334828473147,0.7687453331893529,-0.07873621159214048,-0.0003945697193199482,0.025487044923968624
2025-09-18,"future_total_active_days:q4[23,29]",fixed_fold,ZERO2D,19622,0.4577515034145347,2.1855694444301768,0.3690998357263408,1.895594301416134,0.03509721014528423,0.7685570388898098,-0.07420304362670621,0.00031957311901686936,-0.03985898426532562
2025-09-18,"future_total_active_days:q4[23,29]",fixed_fold,BTYD05,19622,0.4577515034145347,2.1855694444301768,0.3684453401160013,1.8939129018223306,0.035866688166539304,0.7690825573452669,-0.06131930590552335,-0.0013618264747865538,0.06298353428124968
2025-09-18,"future_total_active_days:q4[23,29]",fixed_fold,SEQ_SLOT_25,19622,0.4577515034145347,2.1855694444301768,0.36890961626811114,1.895105781298897,0.03422862652371457,0.7686334343708302,-0.06827674781948408,-0.00016894699822023185,0.012872716131158325
2025-09-18,"future_total_active_days:q4[23,29]",fixed_fold,SEQ_SLOT_50,19622,0.4577515034145347,2.1855694444301768,0.3689753951297025,1.8952747282971172,0.035623943862123454,0.7685610150961908,-0.07873621159214049,0.0,-0.00513030838110578
2025-09-18,"future_total_active_days:q4[23,29]",fixed_fold,SEQ_SLOT_75,19622,0.4577515034145347,2.1855694444301768,0.3691021682426068,1.895600290984712,0.037019261200532096,0.7684232081539855,-0.08919567536479693,0.0003255626875948714,-0.012872716131158238
2025-09-18,"future_total_active_days:q4[23,29]",fixed_fold,BTYD05_FRESH1,19622,0.4577515034145347,2.1855694444301768,0.3683113424810914,1.8935684776974424,0.03442609258914731,0.7692465758584838,-0.06131930590552328,-0.0017062505996747745,0.05977817210160715
2025-09-18,"future_total_active_days:q4[23,29]",slice_shape_only,STRONGEST,19622,0.4577515034145347,2.1855694444301768,0.36884503704679605,1.8949399008139225,-6.01111477607668e-17,0.7685610150961908,-0.1143605228712062,0.0,
2025-09-18,"future_total_active_days:q4[23,29]",slice_shape_only,CAP,19622,0.4577515034145347,2.1855694444301768,0.3745742253024791,1.90960003289131,1.0863460438692797e-17,0.7634915455388638,-0.07761494039856517,0.014660132077387589,-0.028342464981276703
2025-09-18,"future_total_active_days:q4[23,29]",slice_shape_only,UNC,19622,0.4577515034145347,2.1855694444301768,0.36996184498265855,1.8978065306708998,-0.00017201549730432782,0.7671318828132456,-0.15300191076902037,0.0028666298569772763,0.0026195178416623093
2025-09-18,"future_total_active_days:q4[23,29]",slice_shape_only,DIST,19622,0.4577515034145347,2.1855694444301768,0.37025230726885566,1.898551381899157,3.259038131607839e-17,0.767040210328761,-0.07803716196117569,0.003611481085234569,-0.016351746084059787
2025-09-18,"future_total_active_days:q4[23,29]",slice_shape_only,ETX-AVG3,19622,0.4577515034145347,2.1855694444301768,0.3694692234078515,1.8965426005145383,-1.3687960152752924e-16,0.7682781969536399,-0.1783289232424872,0.0016026997006157728,0.009202874940477312
2025-09-18,"future_total_active_days:q4[23,29]",slice_shape_only,SEQ-AVG3,19622,0.4577515034145347,2.1855694444301768,0.36915354913839243,1.895732224985724,-0.00017201549730423945,0.7688937974110293,-0.07316270257565771,0.0007923241718015284,0.024298219153936467
2025-09-18,"future_total_active_days:q4[23,29]",slice_shape_only,BTYD,19622,0.4577515034145347,2.1855694444301768,0.3809357196313328,1.9257473870698112,1.4484613918257061e-18,0.762151841276538,0.22912307218976047,0.030807486255888694,0.06298353428124952
2025-09-18,"future_total_active_days:q4[23,29]",slice_shape_only,FRESH,19622,0.4577515034145347,2.1855694444301768,0.36870175215994505,1.8945718022955165,3.259038131607839e-17,0.7687453331893529,-0.11291959064976859,-0.0003680985184060237,0.025487044923968624
2025-09-18,"future_total_active_days:q4[23,29]",slice_shape_only,ZERO2D,19622,0.4577515034145347,2.1855694444301768,0.36897330124433414,1.8952693505758582,3.3314612011991244e-17,0.7685570388898098,-0.1093018405076173,0.0003294497619357184,-0.03985898426532562
2025-09-18,"future_total_active_days:q4[23,29]",slice_shape_only,BTYD05,19622,0.4577515034145347,2.1855694444301768,0.36831319971606546,1.8935732519152897,5.5041532889376835e-17,0.7690825573452669,-0.09718599407206256,-0.0013666488986328051,0.06298353428124968
2025-09-18,"future_total_active_days:q4[23,29]",slice_shape_only,SEQ_SLOT_25,19622,0.4577515034145347,2.1855694444301768,0.368789269491429,1.8947966426025429,7.749268446267528e-17,0.7686334343708302,-0.10250600185718656,-0.00014325821137961547,0.012872716131158325
2025-09-18,"future_total_active_days:q4[23,29]",slice_shape_only,SEQ_SLOT_50,19622,0.4577515034145347,2.1855694444301768,0.36884503704679605,1.8949399008139225,-8.03896072463267e-17,0.7685610150961908,-0.11436052287120618,0.0,-0.00513030838110578
2025-09-18,"future_total_active_days:q4[23,29]",slice_shape_only,SEQ_SLOT_75,19622,0.4577515034145347,2.1855694444301768,0.36896139860204313,1.8952387807555202,-8.328653002997811e-17,0.7684232081539855,-0.1262153096162607,0.00029887994159771836,-0.012872716131158238
2025-09-18,"future_total_active_days:q4[23,29]",slice_shape_only,BTYD05_FRESH1,19622,0.4577515034145347,2.1855694444301768,0.36818960381805005,1.8932555094013204,3.6211534795642657e-17,0.7692465758584838,-0.09574539849467055,-0.0016843914126021264,0.05977817210160715
2025-09-18,"future_total_active_days:q5[29,35]",fixed_fold,STRONGEST,18437,0.388403753322124,2.5058711846860375,0.34599976632120466,1.8933804088294979,-0.019130327234388345,0.7732893215333798,-0.07873621159214053,0.0,
2025-09-18,"future_total_active_days:q5[29,35]",fixed_fold,CAP,18437,0.388403753322124,2.5058711846860375,0.3503480310058112,1.9052405528967447,-0.026281205616847644,0.7697702995795432,-0.0475301842616148,0.01186014406724678,-0.012564615171641785
2025-09-18,"future_total_active_days:q5[29,35]",fixed_fold,UNC,18437,0.388403753322124,2.5058711846860375,0.34625393838683716,1.8940757215263042,-0.010386221153091972,0.7730367624304504,-0.10853020840952435,0.0006953126968063383,0.021864023965409738
2025-09-18,"future_total_active_days:q5[29,35]",fixed_fold,DIST,18437,0.388403753322124,2.5058711846860375,0.34740238979040927,1.8972142463922814,-0.023097883200522428,0.7721396627380218,-0.04513225744261832,0.0038338375627835486,-0.02010967727204943
2025-09-18,"future_total_active_days:q5[29,35]",fixed_fold,ETX-AVG3,18437,0.388403753322124,2.5058711846860375,0.34678494692480377,1.8955275246048844,-0.01407528187759435,0.7722292692984084,-0.13759103957230182,0.00214711577538651,0.0029678306700191234
2025-09-18,"future_total_active_days:q5[29,35]",fixed_fold,SEQ-AVG3,18437,0.388403753322124,2.5058711846860375,0.34716262284019733,1.8965594325481117,-0.024447085922644125,0.7727346785351799,-0.04470435010357287,0.0031790237186137826,0.0050833898725983805
2025-09-18,"future_total_active_days:q5[29,35]",fixed_fold,BTYD,18437,0.388403753322124,2.5058711846860375,0.36229458850214435,1.937451768718694,-0.0269029672759175,0.7643152904570245,0.2696019021402007,0.04407135988919619,0.04104456952093942
2025-09-18,"future_total_active_days:q5[29,35]",fixed_fold,FRESH,18437,0.388403753322124,2.5058711846860375,0.3459603688559556,1.8932726103283493,-0.019662105613719946,0.7735010805792026,-0.07873621159214048,-0.00010779850114861489,0.010957126532841904
2025-09-18,"future_total_active_days:q5[29,35]",fixed_fold,ZERO2D,18437,0.388403753322124,2.5058711846860375,0.3461212071824444,1.893712654104749,-0.018504055368896974,0.773284739344541,-0.07420304362670621,0.0003322452752512195,-0.04553056701138338
2025-09-18,"future_total_active_days:q5[29,35]",fixed_fold,BTYD05,18437,0.388403753322124,2.5058711846860375,0.3456888474807772,1.8925295123721648,-0.019518959236464774,0.773681395902156,-0.06131930590552335,-0.0008508964573330502,0.04104456952093957
2025-09-18,"future_total_active_days:q5[29,35]",fixed_fold,SEQ_SLOT_25,18437,0.388403753322124,2.5058711846860375,0.34601964652782985,1.8934348022955383,-0.0202887113657904,0.7733602835389102,-0.06827674781948408,5.4393466040414395e-05,0.0020709230447001877
2025-09-18,"future_total_active_days:q5[29,35]",fixed_fold,SEQ_SLOT_50,18437,0.388403753322124,2.5058711846860375,0.34599976632120466,1.8933804088294979,-0.01913032723438832,0.7732893215333798,-0.07873621159214049,0.0,0.022578925371840364
2025-09-18,"future_total_active_days:q5[29,35]",fixed_fold,SEQ_SLOT_75,18437,0.388403753322124,2.5058711846860375,0.3460370899378389,1.893482527249418,-0.01797194310298651,0.7731945940673585,-0.08919567536479693,0.00010211841992013859,-0.002070923044699982
2025-09-18,"future_total_active_days:q5[29,35]",fixed_fold,BTYD05_FRESH1,18437,0.388403753322124,2.5058711846860375,0.3456680037923103,1.8924724554400347,-0.020050737615796423,0.7738811917198213,-0.06131930590552328,-0.0009079533894631453,0.035730339036996246
2025-09-18,"future_total_active_days:q5[29,35]",slice_shape_only,STRONGEST,18437,0.388403753322124,2.5058711846860375,0.3459644443570728,1.8932837619118963,-2.3894152854111956e-17,0.7732893215333798,-0.05960588435775212,0.0,
2025-09-18,"future_total_active_days:q5[29,35]",slice_shape_only,CAP,18437,0.388403753322124,2.5058711846860375,0.3502813598891381,1.9050592609417365,-1.5184348749225985e-16,0.7697702995795432,-0.021246127415516698,0.011775499029840208,-0.012564615171641785
2025-09-18,"future_total_active_days:q5[29,35]",slice_shape_only,UNC,18437,0.388403753322124,2.5058711846860375,0.3462435251474741,1.8940472400998618,-1.3796946325438837e-16,0.7730367624304504,-0.09814229697415723,0.0007634781879655161,0.021864023965409738
2025-09-18,"future_total_active_days:q5[29,35]",slice_shape_only,DIST,18437,0.388403753322124,2.5058711846860375,0.3473508972392497,1.8970736370804082,-1.1561686864892881e-17,0.7721396627380218,-0.022034374242095922,0.0037898751685119247,-0.02010967727204943
2025-09-18,"future_total_active_days:q5[29,35]",slice_shape_only,ETX-AVG3,18437,0.388403753322124,2.5058711846860375,0.3467658247270348,1.8954752628902256,1.1561686864892881e-17,0.7722292692984084,-0.1235149942274761,0.0021915009783293193,0.0029678306700191234
2025-09-18,"future_total_active_days:q5[29,35]",slice_shape_only,SEQ-AVG3,18437,0.388403753322124,2.5058711846860375,0.3471054403863008,1.8964032314173676,-3.699739796765722e-17,0.7727346785351799,-0.02024833143763833,0.003119469505471262,0.0050833898725983805
2025-09-18,"future_total_active_days:q5[29,35]",slice_shape_only,BTYD,18437,0.388403753322124,2.5058711846860375,0.36222473303293995,1.937264975800406,-7.707791243261921e-18,0.7643152904570245,0.2965048694161181,0.04398121388850962,0.04104456952093942
2025-09-18,"future_total_active_days:q5[29,35]",slice_shape_only,FRESH,18437,0.388403753322124,2.5058711846860375,0.34592305586211436,1.8931705096536753,-8.70980410488597e-17,0.7735010805792026,-0.05907410597842046,-0.00011325225822100826,0.010957126532841904
2025-09-18,"future_total_active_days:q5[29,35]",slice_shape_only,ZERO2D,18437,0.388403753322124,2.5058711846860375,0.346088157753771,1.8936222412463728,-1.171584268975812e-16,0.773284739344541,-0.055698161478094275,0.0003384793344765047,-0.04553056701138338
2025-09-18,"future_total_active_days:q5[29,35]",slice_shape_only,BTYD05,18437,0.388403753322124,2.5058711846860375,0.34565207581013996,1.892428853465818,-1.2332465989219073e-17,0.773681395902156,-0.0418003466690585,-0.000854908446078273,0.04104456952093957
2025-09-18,"future_total_active_days:q5[29,35]",slice_shape_only,SEQ_SLOT_25,18437,0.388403753322124,2.5058711846860375,0.3459799174051475,1.8933260994173877,4.5475968335245335e-17,0.7733602835389102,-0.04798803645369366,4.2337505491429894e-05,0.0020709230447001877
2025-09-18,"future_total_active_days:q5[29,35]",slice_shape_only,SEQ_SLOT_50,18437,0.388403753322124,2.5058711846860375,0.3459644443570728,1.8932837619118963,-4.316363096226676e-17,0.7732893215333798,-0.05960588435775209,0.0,0.022578925371840364
2025-09-18,"future_total_active_days:q5[29,35]",slice_shape_only,SEQ_SLOT_75,18437,0.388403753322124,2.5058711846860375,0.3460059161110987,1.8933972351991926,2.4664931978438147e-17,0.7731945940673585,-0.07122373226181052,0.00011347328729627293,-0.002070923044699982
2025-09-18,"future_total_active_days:q5[29,35]",slice_shape_only,BTYD05_FRESH1,18437,0.388403753322124,2.5058711846860375,0.34562920119872637,1.8923662337191223,-6.628700469205253e-17,0.7738811917198213,-0.04126856828972684,-0.0009175281927740198,0.035730339036996246
2025-09-18,"future_total_active_days:q6[35,42]",fixed_fold,STRONGEST,19948,0.3277020252656908,2.8357268487611154,0.36720979483655747,1.8752214100762532,-0.07876760933459882,0.7818332923889524,-0.07873621159214053,0.0,
2025-09-18,"future_total_active_days:q6[35,42]",fixed_fold,CAP,19948,0.3277020252656908,2.8357268487611154,0.37177775681858394,1.8868489120056795,-0.08256805444891577,0.778141111869163,-0.0475301842616148,0.011627501929426298,-0.0131372720883844
2025-09-18,"future_total_active_days:q6[35,42]",fixed_fold,UNC,19948,0.3277020252656908,2.8357268487611154,0.36853935287696543,1.87861315372741,-0.07714448102150004,0.7808120554584597,-0.10853020840952435,0.0033917436511567978,-0.004071302459261808
2025-09-18,"future_total_active_days:q6[35,42]",fixed_fold,DIST,19948,0.3277020252656908,2.8357268487611154,0.36839835001168214,1.878253741392099,-0.0829869219742081,0.7809125371557852,-0.04513225744261832,0.003032331315845793,-0.00934272678854788
2025-09-18,"future_total_active_days:q6[35,42]",fixed_fold,ETX-AVG3,19948,0.3277020252656908,2.8357268487611154,0.36779063895107433,1.87670391538065,-0.07446014351577099,0.78112327609983,-0.13759103957230182,0.0014825053043967529,0.007485717524883398
2025-09-18,"future_total_active_days:q6[35,42]",fixed_fold,SEQ-AVG3,19948,0.3277020252656908,2.8357268487611154,0.36804354290467184,1.8773490436492204,-0.07822172970513872,0.7815770863038543,-0.04470435010357287,0.0021276335729671914,0.013921723779325277
2025-09-18,"future_total_active_days:q6[35,42]",fixed_fold,BTYD,19948,0.3277020252656908,2.8357268487611154,0.38543593495822714,1.9211953445197756,-0.09328017045190827,0.7723045442491155,0.2696019021402007,0.04597393444352238,0.045763908044599906
2025-09-18,"future_total_active_days:q6[35,42]",fixed_fold,FRESH,19948,0.3277020252656908,2.8357268487611154,0.3671994425269697,1.8751949769450043,-0.07862436376334846,0.7820284155487265,-0.07873621159214048,-2.6433131248948527e-05,0.006805175342543697
2025-09-18,"future_total_active_days:q6[35,42]",fixed_fold,ZERO2D,19948,0.3277020252656908,2.8357268487611154,0.36729030046826366,1.875426956895735,-0.07712721554209546,0.7818308285398636,-0.07420304362670621,0.0002055468194817056,-0.0414311377417582
2025-09-18,"future_total_active_days:q6[35,42]",fixed_fold,BTYD05,19948,0.3277020252656908,2.8357268487611154,0.36683350099284817,1.8742603584548376,-0.0794932373904643,0.7822006454440517,-0.06131930590552335,-0.0009610516214155762,0.045763908044599934
2025-09-18,"future_total_active_days:q6[35,42]",fixed_fold,SEQ_SLOT_25,19948,0.3277020252656908,2.8357268487611154,0.36720485965644645,1.8752088088512429,-0.07918206930785888,0.7818972954317147,-0.06827674781948408,-1.2601225010344663e-05,0.006322430830222835
2025-09-18,"future_total_active_days:q6[35,42]",fixed_fold,SEQ_SLOT_50,19948,0.3277020252656908,2.8357268487611154,0.3672097948365574,1.875221410076253,-0.07876760933459882,0.7818332923889524,-0.07873621159214049,-2.220446049250313e-16,-0.0020042872217060055
2025-09-18,"future_total_active_days:q6[35,42]",fixed_fold,SEQ_SLOT_75,19948,0.3277020252656908,2.8357268487611154,0.3672758241799485,1.875389997726345,-0.07835314936133898,0.7817317384610047,-0.08919567536479693,0.00016858765009186705,-0.006322430830223119
2025-09-18,"future_total_active_days:q6[35,42]",fixed_fold,BTYD05_FRESH1,19948,0.3277020252656908,2.8357268487611154,0.3668433935848613,1.8742856303670279,-0.07934999181921397,0.7823752251213779,-0.06131930590552328,-0.0009357797092253151,0.036097909123265465
2025-09-18,"future_total_active_days:q6[35,42]",slice_shape_only,STRONGEST,19948,0.3277020252656908,2.8357268487611154,0.3665619000577632,1.8735663854072755,4.1318907834455396e-17,0.7818332923889524,3.1397742458374076e-05,0.0,
2025-09-18,"future_total_active_days:q6[35,42]",slice_shape_only,CAP,19948,0.3277020252656908,2.8357268487611154,0.37106582465219523,1.8850414448909516,7.40890761169545e-17,0.778141111869163,0.035038415818829195,0.011475059483676109,-0.0131372720883844
2025-09-18,"future_total_active_days:q6[35,42]",slice_shape_only,UNC,19948,0.3277020252656908,2.8357268487611154,0.36791779213516945,1.8770282959275522,-3.348256324516213e-17,0.7808120554584597,-0.03137714446935406,0.0034619105202766676,-0.004071302459261808
2025-09-18,"future_total_active_days:q6[35,42]",slice_shape_only,DIST,19948,0.3277020252656908,2.8357268487611154,0.36767918514187087,1.8764195393980165,1.7097479103912576e-17,0.7809125371557852,0.03785466453158974,0.002853153990741042,-0.00934272678854788
2025-09-18,"future_total_active_days:q6[35,42]",slice_shape_only,ETX-AVG3,19948,0.3277020252656908,2.8357268487611154,0.36721166580825865,1.8752261872932174,-1.1398319402608384e-16,0.78112327609983,-0.06313076257702466,0.0016598018859419472,0.007485717524883398
2025-09-18,"future_total_active_days:q6[35,42]",slice_shape_only,SEQ-AVG3,19948,0.3277020252656908,2.8357268487611154,0.36740495129679807,1.8757196442837125,-1.2110714365271409e-17,0.7815770863038543,0.033526337386677325,0.0021532588764370253,0.013921723779325277
2025-09-18,"future_total_active_days:q6[35,42]",slice_shape_only,BTYD,19948,0.3277020252656908,2.8357268487611154,0.3845273034068576,1.9189294832288448,7.230808871029694e-17,0.7723045442491155,0.3628820725921089,0.04536309782156933,0.045763908044599906
2025-09-18,"future_total_active_days:q6[35,42]",slice_shape_only,FRESH,19948,0.3277020252656908,2.8357268487611154,0.3665539021085228,1.8735459457890493,1.923466399190165e-17,0.7820284155487265,-0.00011184782879194768,-2.0439618226175682e-05,0.006805175342543697
2025-09-18,"future_total_active_days:q6[35,42]",slice_shape_only,ZERO2D,19948,0.3277020252656908,2.8357268487611154,0.3666691104671543,1.8738403515972004,1.2110714365271409e-17,0.7818308285398636,0.002924171915389268,0.0002739661899249235,-0.0414311377417582
2025-09-18,"future_total_active_days:q6[35,42]",slice_shape_only,BTYD05,19948,0.3277020252656908,2.8357268487611154,0.36617361407371607,1.8725738213711203,9.973529477282336e-18,0.7822006454440517,0.01817393148494103,-0.000992564036155219,0.045763908044599934
2025-09-18,"future_total_active_days:q6[35,42]",slice_shape_only,SEQ_SLOT_25,19948,0.3277020252656908,2.8357268487611154,0.36655012874482595,1.873536302475461,-5.841638693836797e-17,0.7818972954317147,0.010905321488374867,-3.008293181450128e-05,0.006322430830222835
2025-09-18,"future_total_active_days:q6[35,42]",slice_shape_only,SEQ_SLOT_50,19948,0.3277020252656908,2.8357268487611154,0.3665619000577632,1.8735663854072755,8.548739551956288e-18,0.7818332923889524,3.139774245841112e-05,0.0,-0.0020042872217060055
2025-09-18,"future_total_active_days:q6[35,42]",slice_shape_only,SEQ_SLOT_75,19948,0.3277020252656908,2.8357268487611154,0.3666347296579538,1.8737524990129246,8.263781566891079e-17,0.7817317384610047,-0.010842526003458055,0.0001861136056491297,-0.006322430830223119
2025-09-18,"future_total_active_days:q6[35,42]",slice_shape_only,BTYD05_FRESH1,19948,0.3277020252656908,2.8357268487611154,0.3661858827348065,1.8726051914374842,2.5646218655868866e-17,0.7823752251213779,0.018030685913690704,-0.0009611939697913296,0.036097909123265465
2025-09-18,"future_total_active_days:q7[42,49]",fixed_fold,STRONGEST,17976,0.2597908322207388,3.1992815357036055,0.31337553502610127,1.824866584035814,-0.15341841759920208,0.7913351868117648,-0.07873621159214053,0.0,
2025-09-18,"future_total_active_days:q7[42,49]",fixed_fold,CAP,17976,0.2597908322207388,3.1992815357036055,0.3173921180507963,1.8365241483331014,-0.1534280090477365,0.7887201149937673,-0.0475301842616148,0.01165756429728737,-0.015834684312909922
2025-09-18,"future_total_active_days:q7[42,49]",fixed_fold,UNC,17976,0.2597908322207388,3.1992815357036055,0.3141730002625421,1.8271870316283887,-0.15525116557997293,0.790317710192404,-0.10853020840952435,0.0023204475925746593,0.009119586047619815
2025-09-18,"future_total_active_days:q7[42,49]",fixed_fold,DIST,17976,0.2597908322207388,3.1992815357036055,0.3148687577603734,1.829209127767911,-0.15743177612798165,0.7900879270384373,-0.04513225744261832,0.004342543732096971,-0.02191547632330541
2025-09-18,"future_total_active_days:q7[42,49]",fixed_fold,ETX-AVG3,17976,0.2597908322207388,3.1992815357036055,0.31415983412824394,1.8271487450126196,-0.15109171597404006,0.7902457586231646,-0.13759103957230182,0.0022821609768055584,0.0002383785330004381
2025-09-18,"future_total_active_days:q7[42,49]",fixed_fold,SEQ-AVG3,17976,0.2597908322207388,3.1992815357036055,0.3137969647206489,1.8260932186927628,-0.14972999615647864,0.7915246651781763,-0.04470435010357287,0.0012266346569487219,0.020655447456203003
2025-09-18,"future_total_active_days:q7[42,49]",fixed_fold,BTYD,17976,0.2597908322207388,3.1992815357036055,0.33331130111995166,1.8820172249252594,-0.18135019185333942,0.780661120822311,0.2696019021402007,0.057150640889445325,0.029134150202301146
2025-09-18,"future_total_active_days:q7[42,49]",fixed_fold,FRESH,17976,0.2597908322207388,3.1992815357036055,0.3134622915089987,1.8251191692458093,-0.15200553231622252,0.7915084434868782,-0.07873621159214048,0.0002525852099952708,-0.008460786595242856
2025-09-18,"future_total_active_days:q7[42,49]",fixed_fold,ZERO2D,17976,0.2597908322207388,3.1992815357036055,0.31337827259040224,1.8248745547899825,-0.1510618148345613,0.7913312279466267,-0.07420304362670621,7.970754168473704e-06,-0.034970956514414134
2025-09-18,"future_total_active_days:q7[42,49]",fixed_fold,BTYD05,17976,0.2597908322207388,3.1992815357036055,0.31322399703653486,1.824425308279536,-0.15481500631190898,0.791563079044375,-0.06131930590552335,-0.0004412757562779479,0.029134150202301205
2025-09-18,"future_total_active_days:q7[42,49]",fixed_fold,SEQ_SLOT_25,17976,0.2597908322207388,3.1992815357036055,0.31330337283736903,1.8246564624181647,-0.15325611276786014,0.7915000107822749,-0.06827674781948408,-0.00021012161764932813,0.016164228731325687
2025-09-18,"future_total_active_days:q7[42,49]",fixed_fold,SEQ_SLOT_50,17976,0.2597908322207388,3.1992815357036055,0.31337553502610127,1.824866584035814,-0.1534184175992021,0.7913351868117648,-0.07873621159214049,0.0,-0.0023833843086173982
2025-09-18,"future_total_active_days:q7[42,49]",fixed_fold,SEQ_SLOT_75,17976,0.2597908322207388,3.1992815357036055,0.31350385734456804,1.8252401727773588,-0.15358072243054433,0.7911309673052456,-0.08919567536479693,0.0003735887415448058,-0.016164228731325555
2025-09-18,"future_total_active_days:q7[42,49]",fixed_fold,BTYD05_FRESH1,17976,0.2597908322207388,3.1992815357036055,0.31332574193644086,1.8247215992730554,-0.15340212102892942,0.791727790364251,-0.06131930590552328,-0.00014498476275859318,0.014147793964422353
2025-09-18,"future_total_active_days:q7[42,49]",slice_shape_only,STRONGEST,17976,0.2597908322207388,3.1992815357036055,0.31116061602390277,1.8184061258893451,-3.2412385587632517e-17,0.7913351868117648,0.07468220600706167,0.0,
2025-09-18,"future_total_active_days:q7[42,49]",slice_shape_only,CAP,17976,0.2597908322207388,3.1992815357036055,0.3151768024760893,1.8301036916817695,8.696005889364822e-17,0.7887201149937673,0.10590265729298656,0.011697565792424314,-0.015834684312909922
2025-09-18,"future_total_active_days:q7[42,49]",slice_shape_only,UNC,17976,0.2597908322207388,3.1992815357036055,0.31190456024627766,1.8205786134075848,-1.857783076364303e-17,0.790317710192404,0.046733558139771446,0.0021724875182396186,0.009119586047619815
2025-09-18,"future_total_active_days:q7[42,49]",slice_shape_only,DIST,17976,0.2597908322207388,3.1992815357036055,0.3125364404192539,1.8224218142281527,-3.0436020612776874e-17,0.7900879270384373,0.1122995186853633,0.00401568833880761,-0.02191547632330541
2025-09-18,"future_total_active_days:q7[42,49]",slice_shape_only,ETX-AVG3,17976,0.2597908322207388,3.1992815357036055,0.3120115458929798,1.8208908228229306,-4.8618578381448775e-17,0.7902457586231646,0.013502291324086904,0.0024846969335854396,0.0002383785330004381
2025-09-18,"future_total_active_days:q7[42,49]",slice_shape_only,SEQ-AVG3,17976,0.2597908322207388,3.1992815357036055,0.3116870950013257,1.8199438333210982,1.1858189849133849e-17,0.7915246651781763,0.1050325930246598,0.001537707431753077,0.020655447456203003
2025-09-18,"future_total_active_days:q7[42,49]",slice_shape_only,BTYD,17976,0.2597908322207388,3.1992815357036055,0.3302164562141837,1.8732594435448955,6.047676823058262e-17,0.780661120822311,0.4509520939935401,0.05485331765555035,0.029134150202301146
2025-09-18,"future_total_active_days:q7[42,49]",slice_shape_only,FRESH,17976,0.2597908322207388,3.1992815357036055,0.31128798062288027,1.8187782437927322,-5.810513026075585e-17,0.7915084434868782,0.07326932072408208,0.0003721179033870925,-0.008460786595242856
2025-09-18,"future_total_active_days:q7[42,49]",slice_shape_only,ZERO2D,17976,0.2597908322207388,3.1992815357036055,0.3112308760606581,1.8186114122645403,3.004074761780575e-17,0.7913312279466267,0.0768587712078551,0.00020528637519512394,-0.034970956514414134
2025-09-18,"future_total_active_days:q7[42,49]",slice_shape_only,BTYD05,17976,0.2597908322207388,3.1992815357036055,0.3109685690728646,1.8178448831821499,7.075386609983197e-17,0.791563079044375,0.09349570040638573,-0.0005612427071952641,0.029134150202301205
2025-09-18,"future_total_active_days:q7[42,49]",slice_shape_only,SEQ_SLOT_25,17976,0.2597908322207388,3.1992815357036055,0.3110931377825518,1.8182089455680435,-3.0436020612776874e-17,0.7915000107822749,0.08497936494837614,-0.00019718032130167096,0.016164228731325687
2025-09-18,"future_total_active_days:q7[42,49]",slice_shape_only,SEQ_SLOT_50,17976,0.2597908322207388,3.1992815357036055,0.31116061602390277,1.8184061258893451,-5.929094924566924e-17,0.7913351868117648,0.07468220600706171,0.0,-0.0023833843086173982
2025-09-18,"future_total_active_days:q7[42,49]",slice_shape_only,SEQ_SLOT_75,17976,0.2597908322207388,3.1992815357036055,0.3112842494371113,1.8187673435648757,1.3202118032035684e-16,0.7911309673052456,0.06438504706574727,0.0003612176755305452,-0.016164228731325555
2025-09-18,"future_total_active_days:q7[42,49]",slice_shape_only,BTYD05_FRESH1,17976,0.2597908322207388,3.1992815357036055,0.31111129346009764,1.8182620009551547,8.182150995902355e-17,0.791727790364251,0.09208281512340614,-0.00014412493419047046,0.014147793964422353
2025-09-18,"future_total_active_days:q8[49,58]",fixed_fold,STRONGEST,19892,0.2086768550170923,3.521579860050628,0.3158814054219304,1.7416781749241883,-0.17946597933696626,0.8145539521338943,-0.07873621159214053,0.0,
2025-09-18,"future_total_active_days:q8[49,58]",fixed_fold,CAP,19892,0.2086768550170923,3.521579860050628,0.32066104725177513,1.7548054809160827,-0.17909863185194427,0.810245264332254,-0.0475301842616148,0.013127305991894378,-0.027203356707303363
2025-09-18,"future_total_active_days:q8[49,58]",fixed_fold,UNC,19892,0.2086768550170923,3.521579860050628,0.31721835819677413,1.745360067510237,-0.1860658435606292,0.8133328331871079,-0.10853020840952435,0.003681892586048674,0.0010814511469011776
2025-09-18,"future_total_active_days:q8[49,58]",fixed_fold,DIST,19892,0.2086768550170923,3.521579860050628,0.31743252060790533,1.7459491372204876,-0.18427807098567006,0.8139557050117361,-0.04513225744261832,0.004270962296299308,-0.017304115793946764
2025-09-18,"future_total_active_days:q8[49,58]",fixed_fold,ETX-AVG3,19892,0.2086768550170923,3.521579860050628,0.31570287834177607,1.7411859321720977,-0.17829347684419777,0.8141821329005139,-0.13759103957230182,-0.0004922427520905881,0.031117226805027733
2025-09-18,"future_total_active_days:q8[49,58]",fixed_fold,SEQ-AVG3,19892,0.2086768550170923,3.521579860050628,0.31674533225943363,1.7440582692888906,-0.16967829906544435,0.8143875020008526,-0.04470435010357287,0.002380094364702323,0.0063601764921437706
2025-09-18,"future_total_active_days:q8[49,58]",fixed_fold,BTYD,19892,0.2086768550170923,3.521579860050628,0.33983075302370674,1.8064968882499814,-0.2042535787024429,0.8028991447331197,0.2696019021402007,0.06481871332579314,0.021836352421167358
2025-09-18,"future_total_active_days:q8[49,58]",fixed_fold,FRESH,19892,0.2086768550170923,3.521579860050628,0.31607350567650416,1.7422076868914724,-0.1774581318079848,0.8147599181039633,-0.07873621159214048,0.0005295119672841242,-0.019593331252007948
2025-09-18,"future_total_active_days:q8[49,58]",fixed_fold,ZERO2D,19892,0.2086768550170923,3.521579860050628,0.3158177181950968,1.741502589652873,-0.17650037732954826,0.8145552530038197,-0.07420304362670621,-0.00017558527131522617,-0.025098892224142605
2025-09-18,"future_total_active_days:q8[49,58]",fixed_fold,BTYD05,19892,0.2086768550170923,3.521579860050628,0.3157948392552875,1.7414395082418854,-0.18070535930524012,0.8148137894232266,-0.06131930590552335,-0.00023866668230287935,0.021836352421167566
2025-09-18,"future_total_active_days:q8[49,58]",fixed_fold,SEQ_SLOT_25,19892,0.2086768550170923,3.521579860050628,0.3159636949437433,1.7419050203934245,-0.17848732440104534,0.8145951055365928,-0.06827674781948408,0.0002268454692362365,-0.01412969087137784
2025-09-18,"future_total_active_days:q8[49,58]",fixed_fold,SEQ_SLOT_50,19892,0.2086768550170923,3.521579860050628,0.31588140542193044,1.7416781749241885,-0.17946597933696626,0.8145539521338943,-0.07873621159214049,2.220446049250313e-16,0.013691773739900943
2025-09-18,"future_total_active_days:q8[49,58]",fixed_fold,SEQ_SLOT_75,19892,0.2086768550170923,3.521579860050628,0.3158611567877731,1.7416223514905174,-0.18044463427288743,0.8144664724574998,-0.08919567536479693,-5.582343367094289e-05,0.014129690871377894
2025-09-18,"future_total_active_days:q8[49,58]",fixed_fold,BTYD05_FRESH1,19892,0.2086768550170923,3.521579860050628,0.3159972694841118,1.7419975660051736,-0.1786975117762587,0.8149803007736763,-0.06131930590552328,0.00031939108098533175,0.00069379720620627
2025-09-18,"future_total_active_days:q8[49,58]",slice_shape_only,STRONGEST,19892,0.2086768550170923,3.521579860050628,0.3125274868944514,1.7324072348232316,1.3287849271202355e-16,0.8145539521338943,0.10072976774482581,0.0,
2025-09-18,"future_total_active_days:q8[49,58]",slice_shape_only,CAP,19892,0.2086768550170923,3.521579860050628,0.31732084489044965,1.745641989619259,-1.678841171361588e-16,0.810245264332254,0.13156844759032937,0.013234754796027426,-0.027203356707303363
2025-09-18,"future_total_active_days:q8[49,58]",slice_shape_only,UNC,19892,0.2086768550170923,3.521579860050628,0.3136130718870104,1.7354134423434915,7.286885084207744e-17,0.8133328331871079,0.07753990162614148,0.003006207520259929,0.0010814511469011776
2025-09-18,"future_total_active_days:q8[49,58]",slice_shape_only,DIST,19892,0.2086768550170923,3.521579860050628,0.3138963308897019,1.7361969883382373,-7.92984553281431e-17,0.8139557050117361,0.13914581354305175,0.003789753515005767,-0.017304115793946764
2025-09-18,"future_total_active_days:q8[49,58]",slice_shape_only,ETX-AVG3,19892,0.2086768550170923,3.521579860050628,0.3123925790234546,1.7320332827569134,1.7431372162222445e-16,0.8141821329005139,0.04070415911406824,-0.0003739520663181839,0.031117226805027733
2025-09-18,"future_total_active_days:q8[49,58]",slice_shape_only,SEQ-AVG3,19892,0.2086768550170923,3.521579860050628,0.31374713696562967,1.7357843348559983,6.643924635601178e-17,0.8143875020008526,0.12497801544060626,0.0033771000327667,0.0063601764921437706
2025-09-18,"future_total_active_days:q8[49,58]",slice_shape_only,BTYD,19892,0.2086768550170923,3.521579860050628,0.3354863751694022,1.7949126671913904,-3.572002492258698e-17,0.8028991447331197,0.4738554808426435,0.06250543236815886,0.021836352421167358
2025-09-18,"future_total_active_days:q8[49,58]",slice_shape_only,FRESH,19892,0.2086768550170923,3.521579860050628,0.3127942139558772,1.7331463399606377,-1.193048832414405e-16,0.8147599181039633,0.0987219202158444,0.0007391051374061597,-0.019593331252007948
2025-09-18,"future_total_active_days:q8[49,58]",slice_shape_only,ZERO2D,19892,0.2086768550170923,3.521579860050628,0.31257372810707623,1.7325353925880391,4.715043289781481e-17,0.8145552530038197,0.10229733370284202,0.00012815776480756824,-0.025098892224142605
2025-09-18,"future_total_active_days:q8[49,58]",slice_shape_only,BTYD05,19892,0.2086768550170923,3.521579860050628,0.31239443690203794,1.7320384331717653,-1.4288009969034792e-17,0.8148137894232266,0.11938605339971685,-0.000368801651466244,0.021836352421167566
2025-09-18,"future_total_active_days:q8[49,58]",slice_shape_only,SEQ_SLOT_25,19892,0.2086768550170923,3.521579860050628,0.31264625552408665,1.732736383614072,1.2144808473679573e-16,0.8145951055365928,0.11021057658156137,0.000329148790840339,-0.01412969087137784
2025-09-18,"future_total_active_days:q8[49,58]",slice_shape_only,SEQ_SLOT_50,19892,0.2086768550170923,3.521579860050628,0.3125274868944514,1.7324072348232316,9.715846778943658e-17,0.8145539521338943,0.10072976774482585,0.0,0.013691773739900943
2025-09-18,"future_total_active_days:q8[49,58]",slice_shape_only,SEQ_SLOT_75,19892,0.2086768550170923,3.521579860050628,0.312470559682549,1.732249447733635,-5.78664403745909e-17,0.8144664724574998,0.09124895890809034,-0.00015778708959657273,0.014129690871377894
2025-09-18,"future_total_active_days:q8[49,58]",slice_shape_only,BTYD05_FRESH1,19892,0.2086768550170923,3.521579860050628,0.3126720122045761,1.73280775599976,-7.286885084207744e-17,0.8149803007736763,0.11737820587073544,0.0004005211765283345,0.00069379720620627
2025-09-18,"future_total_active_days:q9[58,69]",fixed_fold,STRONGEST,18937,0.1557268838781222,3.9201797286774616,0.26453132546932306,1.633533587730967,-0.20265269197641067,0.8343662375469292,-0.07873621159214053,0.0,
2025-09-18,"future_total_active_days:q9[58,69]",fixed_fold,CAP,18937,0.1557268838781222,3.9201797286774616,0.2674941102506477,1.6426560086557613,-0.19787938179107095,0.8316814925537999,-0.0475301842616148,0.009122420924794428,-0.006974114335949012
2025-09-18,"future_total_active_days:q9[58,69]",fixed_fold,UNC,18937,0.1557268838781222,3.9201797286774616,0.2660910095274337,1.6383421899857977,-0.21629904691578114,0.8329403631224606,-0.10853020840952435,0.004808602254830818,0.002128281904630052
2025-09-18,"future_total_active_days:q9[58,69]",fixed_fold,DIST,18937,0.1557268838781222,3.9201797286774616,0.26579057901799,1.6374170422511822,-0.20679961687157,0.8337415531977909,-0.04513225744261832,0.0038834545202153237,-0.010108160238269152
2025-09-18,"future_total_active_days:q9[58,69]",fixed_fold,ETX-AVG3,18937,0.1557268838781222,3.9201797286774616,0.2648878353384931,1.6346339768075242,-0.20589635461791403,0.8339157470849832,-0.13759103957230182,0.0011003890765572955,0.021858131283023472
2025-09-18,"future_total_active_days:q9[58,69]",fixed_fold,SEQ-AVG3,18937,0.1557268838781222,3.9201797286774616,0.2655308222002479,1.6366167237988136,-0.1848786789642151,0.8335901171385491,-0.04470435010357287,0.0030831360678467146,-0.006136977156774867
2025-09-18,"future_total_active_days:q9[58,69]",fixed_fold,BTYD,18937,0.1557268838781222,3.9201797286774616,0.2886139507367768,1.7062716480913778,-0.2307284530763385,0.8221346473571693,0.2696019021402007,0.07273806036041086,0.01138002684837646
2025-09-18,"future_total_active_days:q9[58,69]",fixed_fold,FRESH,18937,0.1557268838781222,3.9201797286774616,0.2646671500140198,1.633952905711974,-0.19984937112334414,0.834481299258608,-0.07873621159214048,0.000419317981007028,-0.015529462658419844
2025-09-18,"future_total_active_days:q9[58,69]",fixed_fold,ZERO2D,18937,0.1557268838781222,3.9201797286774616,0.26443418117020817,1.6332336174973543,-0.1991702636854037,0.8343661951278651,-0.07420304362670621,-0.000299970233612612,-0.030829019327499513
2025-09-18,"future_total_active_days:q9[58,69]",fixed_fold,BTYD05,18937,0.1557268838781222,3.9201797286774616,0.2645583982897348,1.6336171756197129,-0.20405648003140708,0.8345284904675454,-0.06131930590552335,8.358788874596179e-05,0.011380026848376596
2025-09-18,"future_total_active_days:q9[58,69]",fixed_fold,SEQ_SLOT_25,18937,0.1557268838781222,3.9201797286774616,0.26456763203331407,1.633645684014429,-0.2002789921753688,0.8343463854248774,-0.06827674781948408,0.00011209628346198208,-0.01837307572252022
2025-09-18,"future_total_active_days:q9[58,69]",fixed_fold,SEQ_SLOT_50,18937,0.1557268838781222,3.9201797286774616,0.26453132546932306,1.633533587730967,-0.20265269197641067,0.8343662375469292,-0.07873621159214049,0.0,0.006592640390401332
2025-09-18,"future_total_active_days:q9[58,69]",fixed_fold,SEQ_SLOT_75,18937,0.1557268838781222,3.9201797286774616,0.2645549631412041,1.6336065697650257,-0.20502639177745272,0.8343402346605664,-0.08919567536479693,7.298203405881054e-05,0.018373075722520716
2025-09-18,"future_total_active_days:q9[58,69]",fixed_fold,BTYD05_FRESH1,18937,0.1557268838781222,3.9201797286774616,0.26469322909080956,1.6340334048099003,-0.20125315917834058,0.8346301053358687,-0.06131930590552328,0.0004998170789334289,-0.004901880257844819
2025-09-18,"future_total_active_days:q9[58,69]",slice_shape_only,STRONGEST,18937,0.1557268838781222,3.9201797286774616,0.26046009465353553,1.6209145161543588,7.429237032291273e-17,0.8343662375469292,0.12391648038427021,0.0,
2025-09-18,"future_total_active_days:q9[58,69]",slice_shape_only,CAP,18937,0.1557268838781222,3.9201797286774616,0.26361240941940145,1.6306938747155644,1.5083602459500463e-16,0.8316814925537999,0.15034919752945605,0.009779358561205598,-0.006974114335949012
2025-09-18,"future_total_active_days:q9[58,69]",slice_shape_only,UNC,18937,0.1557268838781222,3.9201797286774616,0.2614528849933351,1.624000781106973,-7.504279830597245e-17,0.8329403631224606,0.10777204741587482,0.003086264952614215,0.002128281904630052
2025-09-18,"future_total_active_days:q9[58,69]",slice_shape_only,DIST,18937,0.1557268838781222,3.9201797286774616,0.2615510224882718,1.6243055404437867,2.041164113922451e-16,0.8337415531977909,0.16166735942895175,0.0033910242894279463,-0.010108160238269152
2025-09-18,"future_total_active_days:q9[58,69]",slice_shape_only,ETX-AVG3,18937,0.1557268838781222,3.9201797286774616,0.2606851159062673,1.6216145494383476,1.6884629618843803e-16,0.8339157470849832,0.06830840743929459,0.0007000332839888213,0.021858131283023472
2025-09-18,"future_total_active_days:q9[58,69]",slice_shape_only,SEQ-AVG3,18937,0.1557268838781222,3.9201797286774616,0.2621431811765613,1.6261432370291107,-1.7635057601903527e-16,0.8335901171385491,0.14018186496475812,0.005228720874751902,-0.006136977156774867
2025-09-18,"future_total_active_days:q9[58,69]",slice_shape_only,BTYD,18937,0.1557268838781222,3.9201797286774616,0.2833365110397723,1.690599691831708,-1.1256419745895868e-16,0.8221346473571693,0.500330355216539,0.06968517567734933,0.01138002684837646
2025-09-18,"future_total_active_days:q9[58,69]",slice_shape_only,FRESH,18937,0.1557268838781222,3.9201797286774616,0.26070777586902405,1.6216850270463148,-1.0280863367918227e-16,0.834481299258608,0.12111315953120372,0.0007705108919560111,-0.015529462658419844
2025-09-18,"future_total_active_days:q9[58,69]",slice_shape_only,ZERO2D,18937,0.1557268838781222,3.9201797286774616,0.2605016699765123,1.6210438783040333,-1.0205820569612254e-16,0.8343661951278651,0.12496722005869744,0.00012936214967451676,-0.030829019327499513
2025-09-18,"future_total_active_days:q9[58,69]",slice_shape_only,BTYD05,18937,0.1557268838781222,3.9201797286774616,0.2604305687708255,1.620822639722471,-7.504279830597245e-19,0.8345284904675454,0.14273717412588383,-9.187643188779404e-05,0.011380026848376596
2025-09-18,"future_total_active_days:q9[58,69]",slice_shape_only,SEQ_SLOT_25,18937,0.1557268838781222,3.9201797286774616,0.26059121646507794,1.6213224682931493,-6.978980242455439e-17,0.8343463854248774,0.1320022443558849,0.00040795213879052383,-0.01837307572252022
2025-09-18,"future_total_active_days:q9[58,69]",slice_shape_only,SEQ_SLOT_50,18937,0.1557268838781222,3.9201797286774616,0.26046009465353553,1.6209145161543588,2.9266691339329256e-17,0.8343662375469292,0.12391648038427026,0.0,0.006592640390401332
2025-09-18,"future_total_active_days:q9[58,69]",slice_shape_only,SEQ_SLOT_75,18937,0.1557268838781222,3.9201797286774616,0.2603877999508528,1.6206895456731287,-1.2156933325567537e-16,0.8343402346605664,0.11583071641265563,-0.00022497048123004681,0.018373075722520716
2025-09-18,"future_total_active_days:q9[58,69]",slice_shape_only,BTYD05_FRESH1,18937,0.1557268838781222,3.9201797286774616,0.260678036477492,1.621592530186105,-1.868565677818714e-16,0.8346301053358687,0.13993385327281732,0.0006780140317461658,-0.004901880257844819
2025-09-18,"future_total_active_days:q10[69,90]",fixed_fold,STRONGEST,17874,0.09527805751370706,4.468997407010811,0.19425376822623003,1.4408506059203128,-0.24413518439117893,0.8746229240465222,-0.07873621159214053,0.0,
2025-09-18,"future_total_active_days:q10[69,90]",fixed_fold,CAP,17874,0.09527805751370706,4.468997407010811,0.19683988282999945,1.450409969661691,-0.23489301133800786,0.871900714809824,-0.0475301842616148,0.009559363741378224,-0.019493239942092615
2025-09-18,"future_total_active_days:q10[69,90]",fixed_fold,UNC,17874,0.09527805751370706,4.468997407010811,0.19610187574363366,1.4476884225240887,-0.26213739358408084,0.8739385544532446,-0.10853020840952435,0.006837816603775915,-0.00023572380504513683
2025-09-18,"future_total_active_days:q10[69,90]",fixed_fold,DIST,17874,0.09527805751370706,4.468997407010811,0.1959931529543481,1.447287053223728,-0.24443293656233248,0.8735901421729081,-0.04513225744261832,0.006436447303415305,-0.025459335368070917
2025-09-18,"future_total_active_days:q10[69,90]",fixed_fold,ETX-AVG3,17874,0.09527805751370706,4.468997407010811,0.19473948712052444,1.4426508578132864,-0.26402184684902535,0.87391246438306,-0.13759103957230182,0.0018002518929736144,0.05322586603311164
2025-09-18,"future_total_active_days:q10[69,90]",fixed_fold,SEQ-AVG3,17874,0.09527805751370706,4.468997407010811,0.19468751151712868,1.4424583245633975,-0.21210384841571261,0.8740164433892864,-0.04470435010357287,0.0016077186430847323,-0.009704338379234886
2025-09-18,"future_total_active_days:q10[69,90]",fixed_fold,BTYD,17874,0.09527805751370706,4.468997407010811,0.2158238526447646,1.518741805871849,-0.24743256742594974,0.8662477210223836,0.2696019021402007,0.07789119995153615,-0.00016560840630129426
2025-09-18,"future_total_active_days:q10[69,90]",fixed_fold,FRESH,17874,0.09527805751370706,4.468997407010811,0.1944710277656043,1.4416561271276407,-0.2425775499055774,0.8748329881467564,-0.07873621159214048,0.0008055212073279083,-0.016401380536181277
2025-09-18,"future_total_active_days:q10[69,90]",fixed_fold,ZERO2D,17874,0.09527805751370706,4.468997407010811,0.1941025335910823,1.4402896156586633,-0.24023941767384172,0.8746207453350245,-0.07420304362670621,-0.0005609902616494633,-0.028698842892151397
2025-09-18,"future_total_active_days:q10[69,90]",fixed_fold,BTYD05,17874,0.09527805751370706,4.468997407010811,0.19431584882785777,1.4410808246898095,-0.2443000535429176,0.8749843722839865,-0.06131930590552335,0.00023021876949669284,-0.00016560840630120295
2025-09-18,"future_total_active_days:q10[69,90]",fixed_fold,SEQ_SLOT_25,17874,0.09527805751370706,4.468997407010811,0.19422287143256967,1.4407360150050648,-0.23828423615200617,0.8746091255403704,-0.06827674781948408,-0.00011459091524801401,-0.041260987775298665
2025-09-18,"future_total_active_days:q10[69,90]",fixed_fold,SEQ_SLOT_50,17874,0.09527805751370706,4.468997407010811,0.19425376822623003,1.4408506059203128,-0.244135184391179,0.8746229240465222,-0.07873621159214049,0.0,0.009330975416673262
2025-09-18,"future_total_active_days:q10[69,90]",fixed_fold,SEQ_SLOT_75,17874,0.09527805751370706,4.468997407010811,0.19435432539685835,1.4412234921602691,-0.24998613263035194,0.8745861764459283,-0.08919567536479693,0.0003728862399563493,0.04126098777529923
2025-09-18,"future_total_active_days:q10[69,90]",fixed_fold,BTYD05_FRESH1,17874,0.09527805751370706,4.468997407010811,0.19451280449314148,1.4418109688068914,-0.24274241905731603,0.8751838696334568,-0.06131930590552328,0.0009603628865786362,-0.01470170237577097
2025-09-18,"future_total_active_days:q10[69,90]",slice_shape_only,STRONGEST,17874,0.09527805751370706,4.468997407010811,0.18867687547335268,1.420017070433739,-1.4350784805270012e-16,0.8746229240465222,0.1653989727990385,0.0,
2025-09-18,"future_total_active_days:q10[69,90]",slice_shape_only,CAP,17874,0.09527805751370706,4.468997407010811,0.19167724408436837,1.431263201971807,3.005316707142418e-16,0.871900714809824,0.18736282707639296,0.011246131538068083,-0.019493239942092615
2025-09-18,"future_total_active_days:q10[69,90]",slice_shape_only,UNC,17874,0.09527805751370706,4.468997407010811,0.1896716391747548,1.4237555371442556,-1.5424112200678016e-16,0.8739385544532446,0.15361967885260178,0.003738466710516697,-0.00023572380504513683
2025-09-18,"future_total_active_days:q10[69,90]",slice_shape_only,DIST,17874,0.09527805751370706,4.468997407010811,0.1904026485253116,1.426496531349634,5.008861178570696e-17,0.8735901421729081,0.19930067911971422,0.00647946091589513,-0.025459335368070917
2025-09-18,"future_total_active_days:q10[69,90]",slice_shape_only,ETX-AVG3,17874,0.09527805751370706,4.468997407010811,0.18821674636140198,1.418284505069991,5.784042075254257e-17,0.87391246438306,0.12643678549773968,-0.0017325653637478844,0.05322586603311164
2025-09-18,"future_total_active_days:q10[69,90]",slice_shape_only,SEQ-AVG3,17874,0.09527805751370706,4.468997407010811,0.19047796069087564,1.426778622807837,1.1170555485542584e-16,0.8740164433892864,0.16740136801759573,0.006761552374098034,-0.009704338379234886
2025-09-18,"future_total_active_days:q10[69,90]",slice_shape_only,BTYD,17874,0.09527805751370706,4.468997407010811,0.2100952952553619,1.4984504654742137,-1.4708560603739345e-16,0.8662477210223836,0.5170344695661503,0.07843339504047475,-0.00016560840630129426
2025-09-18,"future_total_active_days:q10[69,90]",slice_shape_only,FRESH,17874,0.09527805751370706,4.468997407010811,0.18896507152115996,1.4211011650007452,2.556109315730919e-16,0.8748329881467564,0.16384133831343697,0.0010840945670063107,-0.016401380536181277
2025-09-18,"future_total_active_days:q10[69,90]",slice_shape_only,ZERO2D,17874,0.09527805751370706,4.468997407010811,0.18870220633929086,1.4201123896262273,1.534460646768483e-16,0.8746207453350245,0.1660363740471354,9.531919248839671e-05,-0.028698842892151397
2025-09-18,"future_total_active_days:q10[69,90]",slice_shape_only,BTYD05,17874,0.09527805751370706,4.468997407010811,0.188731421167274,1.4202223160926561,4.0150395161558756e-17,0.8749843722839865,0.1829807476373943,0.00020524565891721913,-0.00016560840630120295
2025-09-18,"future_total_active_days:q10[69,90]",slice_shape_only,SEQ_SLOT_25,17874,0.09527805751370706,4.468997407010811,0.18891008730459274,1.4208943971084302,-2.281814536904428e-16,0.8746091255403704,0.17000748833252238,0.0008773266746913144,-0.041260987775298665
2025-09-18,"future_total_active_days:q10[69,90]",slice_shape_only,SEQ_SLOT_50,17874,0.09527805751370706,4.468997407010811,0.18867687547335266,1.4200170704337387,-1.800804852295655e-16,0.8746229240465222,0.1653989727990386,-2.220446049250313e-16,0.009330975416673262
2025-09-18,"future_total_active_days:q10[69,90]",slice_shape_only,SEQ_SLOT_75,17874,0.09527805751370706,4.468997407010811,0.18850691761905602,1.419377359213244,-4.929355445577511e-17,0.8745861764459283,0.16079045726555477,-0.0006397112204949984,0.04126098777529923
2025-09-18,"future_total_active_days:q10[69,90]",slice_shape_only,BTYD05_FRESH1,17874,0.09527805751370706,4.468997407010811,0.18899936139907986,1.4212300966986553,-1.2323388613943776e-16,0.8751838696334568,0.18142311315179274,0.0012130262649163726,-0.01470170237577097
2025-09-18,"days_to_first_activity_after_target:q1[1,2]",fixed_fold,STRONGEST,110753,0.27637174613780213,3.2296524806531584,1.7865718287309251,1.7554060690066573,-0.1590125943077905,0.8378603194409494,-0.07873621159214053,0.0,
2025-09-18,"days_to_first_activity_after_target:q1[1,2]",fixed_fold,CAP,110753,0.27637174613780213,3.2296524806531584,1.8102859614995854,1.7670178899419957,-0.15780113712483756,0.8348886500444126,-0.0475301842616148,0.011611820935338413,-0.01710826148344317
2025-09-18,"days_to_first_activity_after_target:q1[1,2]",fixed_fold,UNC,110753,0.27637174613780213,3.2296524806531584,1.793882952531002,1.7589941945050687,-0.163151687601021,0.8365843049452081,-0.10853020840952435,0.0035881254984113653,7.448377541236748e-05
2025-09-18,"days_to_first_activity_after_target:q1[1,2]",fixed_fold,DIST,110753,0.27637174613780213,3.2296524806531584,1.7949419332998535,1.759513310369225,-0.16166255212687902,0.8374505988211711,-0.04513225744261832,0.004107241362567793,-0.01643402455487529
2025-09-18,"days_to_first_activity_after_target:q1[1,2]",fixed_fold,ETX-AVG3,110753,0.27637174613780213,3.2296524806531584,1.7888099599426819,1.7565052689820815,-0.1601467921809493,0.8372684014163118,-0.13759103957230182,0.001099199975424181,0.01730062200421427
2025-09-18,"days_to_first_activity_after_target:q1[1,2]",fixed_fold,SEQ-AVG3,110753,0.27637174613780213,3.2296524806531584,1.7910694880179887,1.757614280149564,-0.15187249163504915,0.8373666152192021,-0.04470435010357287,0.002208211142906702,0.010942856487055128
2025-09-18,"days_to_first_activity_after_target:q1[1,2]",fixed_fold,BTYD,110753,0.27637174613780213,3.2296524806531584,1.9002792293041355,1.8104063549051435,-0.1770498982442192,0.8266730224874523,0.2696019021402007,0.055000285898486156,0.02947172457803149
2025-09-18,"days_to_first_activity_after_target:q1[1,2]",fixed_fold,FRESH,110753,0.27637174613780213,3.2296524806531584,1.7869402563049055,1.7555870599552565,-0.15827584488097685,0.8379874328808687,-0.07873621159214048,0.0001809909485992467,-0.001920928737432815
2025-09-18,"days_to_first_activity_after_target:q1[1,2]",fixed_fold,ZERO2D,110753,0.27637174613780213,3.2296524806531584,1.7864551360403882,1.755348739545031,-0.15732603261793074,0.8378605505744533,-0.07420304362670621,-5.7329461626398626e-05,-0.013029036820349347
2025-09-18,"days_to_first_activity_after_target:q1[1,2]",fixed_fold,BTYD05,110753,0.27637174613780213,3.2296524806531584,1.78562209031193,1.7549394216030096,-0.15991445950461197,0.8380368283934617,-0.06131930590552335,-0.00046664740364765755,0.029471724578031544
2025-09-18,"days_to_first_activity_after_target:q1[1,2]",fixed_fold,SEQ_SLOT_25,110753,0.27637174613780213,3.2296524806531584,1.7866561380281734,1.755447487802059,-0.15807284113157555,0.837878323803328,-0.06827674781948408,4.141879540164872e-05,-0.0022537042941804296
2025-09-18,"days_to_first_activity_after_target:q1[1,2]",fixed_fold,SEQ_SLOT_50,110753,0.27637174613780213,3.2296524806531584,1.7865718287309251,1.7554060690066573,-0.15901259430779052,0.8378603194409493,-0.07873621159214049,0.0,0.006070454565106639
2025-09-18,"days_to_first_activity_after_target:q1[1,2]",fixed_fold,SEQ_SLOT_75,110753,0.27637174613780213,3.2296524806531584,1.7868429514033701,1.7555392604972178,-0.15995234748400564,0.837801069773581,-0.08919567536479693,0.0001331914905604581,0.002253704294180584
2025-09-18,"days_to_first_activity_after_target:q1[1,2]",fixed_fold,BTYD05_FRESH1,110753,0.27637174613780213,3.2296524806531584,1.7860343031468617,1.7551419747672374,-0.15917771007779835,0.8381468854444829,-0.06131930590552328,-0.0002640942394198653,0.018157132330106067
2025-09-18,"days_to_first_activity_after_target:q1[1,2]",slice_shape_only,STRONGEST,110753,0.27637174613780213,3.2296524806531584,1.771912018888176,1.7481891951264634,-1.4948259408964393e-16,0.8378603194409494,0.08027638271565005,0.0,
2025-09-18,"days_to_first_activity_after_target:q1[1,2]",slice_shape_only,CAP,110753,0.27637174613780213,3.2296524806531584,1.7958485774827144,1.759957628673914,1.8502480744829746e-16,0.8348886500444126,0.11027154300824706,0.011768433547450607,-0.01710826148344317
2025-09-18,"days_to_first_activity_after_target:q1[1,2]",slice_shape_only,UNC,110753,0.27637174613780213,3.2296524806531584,1.7784485041993483,1.7514107134247652,-9.67466746296923e-17,0.8365843049452081,0.05463081234367489,0.003221518298301751,7.448377541236748e-05
2025-09-18,"days_to_first_activity_after_target:q1[1,2]",slice_shape_only,DIST,110753,0.27637174613780213,3.2296524806531584,1.779789438215274,1.752070862895189,1.9503308413412772e-17,0.8374505988211711,0.11653029468426068,0.0038816677687256718,-0.01643402455487529
2025-09-18,"days_to_first_activity_after_target:q1[1,2]",slice_shape_only,ETX-AVG3,110753,0.27637174613780213,3.2296524806531584,1.77393989736617,1.7491892734254446,4.208608657631177e-17,0.8372684014163118,0.022557935738094018,0.0010000782989811885,0.01730062200421427
2025-09-18,"days_to_first_activity_after_target:q1[1,2]",slice_shape_only,SEQ-AVG3,110753,0.27637174613780213,3.2296524806531584,1.7776965635978592,1.751040419863749,2.1043043288155885e-17,0.8373666152192021,0.1071775854842407,0.002851224737285607,0.010942856487055128
2025-09-18,"days_to_first_activity_after_target:q1[1,2]",slice_shape_only,BTYD,110753,0.27637174613780213,3.2296524806531584,1.8821049727860761,1.8017281990945917,7.647349877890797e-17,0.8266730224874523,0.4466518003844198,0.053539003968128274,0.02947172457803149
2025-09-18,"days_to_first_activity_after_target:q1[1,2]",slice_shape_only,FRESH,110753,0.27637174613780213,3.2296524806531584,1.7724159776814772,1.7484377832824234,-1.026489916495409e-16,0.8379874328808687,0.07953963328883645,0.0002485881559599612,-0.001920928737432815
2025-09-18,"days_to_first_activity_after_target:q1[1,2]",slice_shape_only,ZERO2D,110753,0.27637174613780213,3.2296524806531584,1.7721046545632575,1.7482842208528424,-7.519038638328871e-17,0.8378605505744533,0.08312298899122453,9.502572637898332e-05,-0.013029036820349347
2025-09-18,"days_to_first_activity_after_target:q1[1,2]",slice_shape_only,BTYD05,110753,0.27637174613780213,3.2296524806531584,1.7707955180144619,1.747638331903273,-8.712333166254784e-17,0.8380368283934617,0.0985951535990887,-0.0005508632231905342,0.029471724578031544
2025-09-18,"days_to_first_activity_after_target:q1[1,2]",slice_shape_only,SEQ_SLOT_25,110753,0.27637174613780213,3.2296524806531584,1.7721690930352576,1.7483160067125028,-1.2638657096849722e-16,0.837878323803328,0.08979609331209158,0.00012681158603933262,-0.0022537042941804296
2025-09-18,"days_to_first_activity_after_target:q1[1,2]",slice_shape_only,SEQ_SLOT_50,110753,0.27637174613780213,3.2296524806531584,1.771912018888176,1.7481891951264634,5.0041383429151185e-18,0.8378603194409493,0.08027638271565012,0.0,0.006070454565106639
2025-09-18,"days_to_first_activity_after_target:q1[1,2]",slice_shape_only,SEQ_SLOT_75,110753,0.27637174613780213,3.2296524806531584,1.7720093526567116,1.748237209786325,-4.593542376316955e-17,0.837801069773581,0.07075667211920861,4.801465986159492e-05,0.002253704294180584
2025-09-18,"days_to_first_activity_after_target:q1[1,2]",slice_shape_only,BTYD05_FRESH1,110753,0.27637174613780213,3.2296524806531584,1.7713440325404668,1.747908981670449,-7.442051894591715e-17,0.8381468854444829,0.09785840417227507,-0.00028021345601447756,0.018157132330106067
2025-09-18,"days_to_first_activity_after_target:q2[2,3]",fixed_fold,STRONGEST,17889,0.39538263737492313,2.5243102623876426,0.312262864267692,1.826048219973348,-0.0034058069682273233,0.8070059034606978,-0.07873621159214053,0.0,
2025-09-18,"days_to_first_activity_after_target:q2[2,3]",fixed_fold,CAP,17889,0.39538263737492313,2.5243102623876426,0.3158536513478724,1.836517297019876,-0.007161096406279409,0.8038718043007955,-0.0475301842616148,0.010469077046527886,-0.00731441961181905
2025-09-18,"days_to_first_activity_after_target:q2[2,3]",fixed_fold,UNC,17889,0.39538263737492313,2.5243102623876426,0.3132290967747847,1.8288712011483494,0.0006710195630011427,0.8060323482519993,-0.10853020840952435,0.002822981175001349,0.0024804909721367245
2025-09-18,"days_to_first_activity_after_target:q2[2,3]",fixed_fold,DIST,17889,0.39538263737492313,2.5243102623876426,0.31361509896456335,1.8299977422950717,-0.004606734568890371,0.8060323286445581,-0.04513225744261832,0.003949522321723631,-0.020922866596161847
2025-09-18,"days_to_first_activity_after_target:q2[2,3]",fixed_fold,ETX-AVG3,17889,0.39538263737492313,2.5243102623876426,0.3129874624005209,1.8281656418420993,0.00012844461069930262,0.806311322926087,-0.13759103957230182,0.0021174218687511903,0.0035861273988759077
2025-09-18,"days_to_first_activity_after_target:q2[2,3]",fixed_fold,SEQ-AVG3,17889,0.39538263737492313,2.5243102623876426,0.31284522279819843,1.827750182541236,-0.007635793598764177,0.806650322513651,-0.04470435010357287,0.0017019625678877937,0.01761648212004292
2025-09-18,"days_to_first_activity_after_target:q2[2,3]",fixed_fold,BTYD,17889,0.39538263737492313,2.5243102623876426,0.3280113458317763,1.8715287593314156,0.0009636821721873722,0.7956175486494603,0.2696019021402007,0.04548053935806751,0.03790889733719095
2025-09-18,"days_to_first_activity_after_target:q2[2,3]",fixed_fold,FRESH,17889,0.39538263737492313,2.5243102623876426,0.312172584141379,1.8257842311995456,-0.0037326502162763958,0.8071459136628415,-0.07873621159214048,-0.00026398877380251484,0.018332133452089446
2025-09-18,"days_to_first_activity_after_target:q2[2,3]",fixed_fold,ZERO2D,17889,0.39538263737492313,2.5243102623876426,0.31233745204060326,1.8262662938354763,-0.003277619954748431,0.8070031061324129,-0.07420304362670621,0.00021807386212824298,-0.026649940653162243
2025-09-18,"days_to_first_activity_after_target:q2[2,3]",fixed_fold,BTYD05,17889,0.39538263737492313,2.5243102623876426,0.31200334364698434,1.825289250966377,-0.0031873325112065655,0.8072067098023402,-0.06131930590552335,-0.0007589690069711441,0.037908897337190973
2025-09-18,"days_to_first_activity_after_target:q2[2,3]",fixed_fold,SEQ_SLOT_25,17889,0.39538263737492313,2.5243102623876426,0.3122242559699798,1.825935329840232,-0.004270290147375076,0.8070622291035918,-0.06827674781948408,-0.00011289013311599483,0.011403373549810913
2025-09-18,"days_to_first_activity_after_target:q2[2,3]",fixed_fold,SEQ_SLOT_50,17889,0.39538263737492313,2.5243102623876426,0.312262864267692,1.826048219973348,-0.003405806968227298,0.8070059034606978,-0.07873621159214049,0.0,0.00652695818937555
2025-09-18,"days_to_first_activity_after_target:q2[2,3]",fixed_fold,SEQ_SLOT_75,17889,0.39538263737492313,2.5243102623876426,0.31235567776931267,1.8263195768283602,-0.0025413237890797606,0.8069246110092803,-0.08919567536479693,0.00027135685501211704,-0.01140337354981075
2025-09-18,"days_to_first_activity_after_target:q2[2,3]",fixed_fold,BTYD05_FRESH1,17889,0.39538263737492313,2.5243102623876426,0.3119279759566692,1.825068778739802,-0.003514175759255679,0.807323491722418,-0.06131930590552328,-0.0009794412335462077,0.03782767568565808
2025-09-18,"days_to_first_activity_after_target:q2[2,3]",slice_shape_only,STRONGEST,17889,0.39538263737492313,2.5243102623876426,0.31226177800237054,1.8260450438438611,-9.532688053128965e-18,0.8070059034606978,-0.07533040462391313,0.0,
2025-09-18,"days_to_first_activity_after_target:q2[2,3]",slice_shape_only,CAP,17889,0.39538263737492313,2.5243102623876426,0.3158488484488773,1.836503333843299,6.831759771409092e-17,0.8038718043007955,-0.04036828818914635,0.010458289999437875,-0.00731441961181905
2025-09-18,"days_to_first_activity_after_target:q2[2,3]",slice_shape_only,UNC,17889,0.39538263737492313,2.5243102623876426,0.3132290545966255,1.8288710780141577,-8.738297382034885e-18,0.8060323482519993,-0.10920141557584771,0.0028260341702965874,0.0024804909721367245
2025-09-18,"days_to_first_activity_after_target:q2[2,3]",slice_shape_only,DIST,17889,0.39538263737492313,2.5243102623876426,0.3136131115785216,1.8299919439171506,-5.004661227892706e-17,0.8060323286445581,-0.040525522873727966,0.003946900073289461,-0.020922866596161847
2025-09-18,"days_to_first_activity_after_target:q2[2,3]",slice_shape_only,ETX-AVG3,17889,0.39538263737492313,2.5243102623876426,0.31298746085552387,1.828165637329921,1.0207920123558933e-16,0.806311322926087,-0.1377194841830011,0.002120593486059974,0.0035861273988759077
2025-09-18,"days_to_first_activity_after_target:q2[2,3]",slice_shape_only,SEQ-AVG3,17889,0.39538263737492313,2.5243102623876426,0.312839761131581,1.8277342279972653,-1.0327078724223044e-17,0.806650322513651,-0.03706647869731642,0.001689184153404133,0.01761648212004292
2025-09-18,"days_to_first_activity_after_target:q2[2,3]",slice_shape_only,BTYD,17889,0.39538263737492313,2.5243102623876426,0.32801125886297083,1.8715285112231819,-4.686904959455074e-17,0.7956175486494603,0.26863821996801324,0.04548346737932074,0.03790889733719095
2025-09-18,"days_to_first_activity_after_target:q2[2,3]",slice_shape_only,FRESH,17889,0.39538263737492313,2.5243102623876426,0.3121712793819483,1.8257804156631974,-9.135492717581925e-18,0.8071459136628415,-0.075003561375864,-0.0002646281806637507,0.018332133452089446
2025-09-18,"days_to_first_activity_after_target:q2[2,3]",slice_shape_only,ZERO2D,17889,0.39538263737492313,2.5243102623876426,0.3123364460057061,1.8262633526430407,-8.658858314925476e-17,0.8070031061324129,-0.07092542367195777,0.00021830879917961177,-0.026649940653162243
2025-09-18,"days_to_first_activity_after_target:q2[2,3]",slice_shape_only,BTYD05,17889,0.39538263737492313,2.5243102623876426,0.31200239227446847,1.825286468093395,5.64017376476797e-17,0.8072067098023402,-0.05813197339431671,-0.0007585757504662283,0.037908897337190973
2025-09-18,"days_to_first_activity_after_target:q2[2,3]",slice_shape_only,SEQ_SLOT_25,17889,0.39538263737492313,2.5243102623876426,0.31222254827373064,1.8259303363986301,-7.228955106956131e-17,0.8070622291035918,-0.06400645767210897,-0.0001147074452310104,0.011403373549810913
2025-09-18,"days_to_first_activity_after_target:q2[2,3]",slice_shape_only,SEQ_SLOT_50,17889,0.39538263737492313,2.5243102623876426,0.31226177800237054,1.8260450438438611,-3.5350384863686576e-17,0.8070059034606978,-0.0753304046239131,0.0,0.00652695818937555
2025-09-18,"days_to_first_activity_after_target:q2[2,3]",slice_shape_only,SEQ_SLOT_75,17889,0.39538263737492313,2.5243102623876426,0.31235507296363507,1.82631780870141,5.4812956305491546e-17,0.8069246110092803,-0.08665435157571727,0.0002727648575489017,-0.01140337354981075
2025-09-18,"days_to_first_activity_after_target:q2[2,3]",slice_shape_only,BTYD05_FRESH1,17889,0.39538263737492313,2.5243102623876426,0.3119268194641895,1.825065395458345,2.6214892146104652e-17,0.807323491722418,-0.057805130146267585,-0.0009796483855162297,0.03782767568565808
2025-09-18,"days_to_first_activity_after_target:q3[3,4]",fixed_fold,STRONGEST,11432,0.4631735479356193,2.2064838595807665,0.19824256024050602,1.8200463381513332,0.13359927583015066,0.8073637773205851,-0.07873621159214053,0.0,
2025-09-18,"days_to_first_activity_after_target:q3[3,4]",fixed_fold,CAP,11432,0.4631735479356193,2.2064838595807665,0.20115624040585173,1.8333726627345968,0.13114330802262744,0.8031732784455899,-0.0475301842616148,0.013326324583263549,-0.024692394960351464
2025-09-18,"days_to_first_activity_after_target:q3[3,4]",fixed_fold,UNC,11432,0.4631735479356193,2.2064838595807665,0.19879449183123118,1.8225781931920624,0.1394083432780582,0.8062360336065872,-0.10853020840952435,0.0025318550407291696,0.010038141514376374
2025-09-18,"days_to_first_activity_after_target:q3[3,4]",fixed_fold,DIST,11432,0.4631735479356193,2.2064838595807665,0.19893780850109813,1.8232350493606504,0.13216976322037144,0.8066795731028515,-0.04513225744261832,0.0031887112093171854,-0.012286246832955254
2025-09-18,"days_to_first_activity_after_target:q3[3,4]",fixed_fold,ETX-AVG3,11432,0.4631735479356193,2.2064838595807665,0.1988259814710758,1.8227225383843375,0.13641844413208204,0.8064911619069952,-0.13759103957230182,0.0026762002330043,-1.0821413112893642e-05
2025-09-18,"days_to_first_activity_after_target:q3[3,4]",fixed_fold,SEQ-AVG3,11432,0.4631735479356193,2.2064838595807665,0.1984635621229794,1.82106055433631,0.12821554609392513,0.8072473916704865,-0.04470435010357287,0.0010142161849768794,0.019572060788368272
2025-09-18,"days_to_first_activity_after_target:q3[3,4]",fixed_fold,BTYD,11432,0.4631735479356193,2.2064838595807665,0.2051117282302534,1.8513104101914266,0.14187135625183467,0.79763458937207,0.2696019021402007,0.031264072040093405,0.06393050131157156
2025-09-18,"days_to_first_activity_after_target:q3[3,4]",fixed_fold,FRESH,11432,0.4631735479356193,2.2064838595807665,0.19817140747080741,1.8197196853883002,0.1330507250309794,0.8075021353012417,-0.07873621159214048,-0.0003266527630330085,0.020220430117038828
2025-09-18,"days_to_first_activity_after_target:q3[3,4]",fixed_fold,ZERO2D,11432,0.4631735479356193,2.2064838595807665,0.1982918034727279,1.8202723728619956,0.13292357561000412,0.8073571302289877,-0.07420304362670621,0.00022603471066240388,-0.03218649326046101
2025-09-18,"days_to_first_activity_after_target:q3[3,4]",fixed_fold,BTYD05,11432,0.4631735479356193,2.2064838595807665,0.1979553028230037,1.8187272184266283,0.13401287985123492,0.8076509562964499,-0.06131930590552335,-0.001319119724704887,0.06393050131157166
2025-09-18,"days_to_first_activity_after_target:q3[3,4]",fixed_fold,SEQ_SLOT_25,11432,0.4631735479356193,2.2064838595807665,0.19818941162057932,1.8198023455512387,0.13268494406592005,0.8074496663606234,-0.06827674781948408,-0.0002439926000945558,0.015242213189643519
2025-09-18,"days_to_first_activity_after_target:q3[3,4]",fixed_fold,SEQ_SLOT_50,11432,0.4631735479356193,2.2064838595807665,0.19824256024050602,1.8200463381513332,0.13359927583015072,0.8073637773205851,-0.07873621159214049,0.0,-0.006757780997575749
2025-09-18,"days_to_first_activity_after_target:q3[3,4]",fixed_fold,SEQ_SLOT_75,11432,0.4631735479356193,2.2064838595807665,0.1983290888769292,1.8204435004624793,0.13451360759438116,0.8072257270756505,-0.08919567536479693,0.0003971623111460598,-0.01524221318964358
2025-09-18,"days_to_first_activity_after_target:q3[3,4]",fixed_fold,BTYD05_FRESH1,11432,0.4631735479356193,2.2064838595807665,0.19789477393963112,1.818449140641813,0.13346432905206357,0.8077654032114993,-0.06131930590552328,-0.001597197509520143,0.057045988481698645
2025-09-18,"days_to_first_activity_after_target:q3[3,4]",slice_shape_only,STRONGEST,11432,0.4631735479356193,2.2064838595807665,0.19717427524197417,1.8151358016179093,-3.23199984775413e-17,0.8073637773205851,-0.21237850742483058,0.0,
2025-09-18,"days_to_first_activity_after_target:q3[3,4]",slice_shape_only,CAP,11432,0.4631735479356193,2.2064838595807665,0.20012696383377548,1.828676145158622,7.209845814220751e-17,0.8031732784455899,-0.17868389019539072,0.013540343540712652,-0.024692394960351464
2025-09-18,"days_to_first_activity_after_target:q3[3,4]",slice_shape_only,UNC,11432,0.4631735479356193,2.2064838595807665,0.19762626502678018,1.8172150617196214,-0.0005351715340386813,0.8062360336065872,-0.24871137431157234,0.0020792601017121104,0.010038141514376374
2025-09-18,"days_to_first_activity_after_target:q3[3,4]",slice_shape_only,DIST,11432,0.4631735479356193,2.2064838595807665,0.19789228854398214,1.8184377214929324,-2.2375383561374743e-17,0.8066795731028515,-0.17732763211745206,0.0033019198750230405,-0.012286246832955254
2025-09-18,"days_to_first_activity_after_target:q3[3,4]",slice_shape_only,ETX-AVG3,11432,0.4631735479356193,2.2064838595807665,0.19771004911928167,1.8176002270749212,-0.000819440163073671,0.8064911619069952,-0.2750831263110343,0.002464425457011865,-1.0821413112893642e-05
2025-09-18,"days_to_first_activity_after_target:q3[3,4]",slice_shape_only,SEQ-AVG3,11432,0.4631735479356193,2.2064838595807665,0.1974662390507651,1.8164791764714148,-0.0018986393313011793,0.8072473916704865,-0.17524662692539894,0.0013433748535054413,0.019572060788368272
2025-09-18,"days_to_first_activity_after_target:q3[3,4]",slice_shape_only,BTYD,11432,0.4631735479356193,2.2064838595807665,0.20390718761474666,1.8458663963457413,-5.469538203891604e-17,0.79763458937207,0.12773054588836594,0.030730594727832017,0.06393050131157156
2025-09-18,"days_to_first_activity_after_target:q3[3,4]",slice_shape_only,FRESH,11432,0.4631735479356193,2.2064838595807665,0.19711190240615334,1.81484868474614,3.729230593562457e-17,0.8075021353012417,-0.2118226995650005,-0.00028711687176929956,0.020220430117038828
2025-09-18,"days_to_first_activity_after_target:q3[3,4]",slice_shape_only,ZERO2D,11432,0.4631735479356193,2.2064838595807665,0.19723419080299218,1.8154115643134576,-2.9833844748499656e-17,0.8073571302289877,-0.20719921439946085,0.00027576269554829835,-0.03218649326046101
2025-09-18,"days_to_first_activity_after_target:q3[3,4]",slice_shape_only,BTYD05,11432,0.4631735479356193,2.2064838595807665,0.19688046076336152,1.8137829070716824,-3.23199984775413e-17,0.8076509562964499,-0.1953553481429171,-0.0013528945462268904,0.06393050131157166
2025-09-18,"days_to_first_activity_after_target:q3[3,4]",slice_shape_only,SEQ_SLOT_25,11432,0.4631735479356193,2.2064838595807665,0.19713570785832224,1.8149582722156963,1.2430768645208192e-17,0.8074496663606234,-0.20099812802911773,-0.00017752940221305025,0.015242213189643519
2025-09-18,"days_to_first_activity_after_target:q3[3,4]",slice_shape_only,SEQ_SLOT_50,11432,0.4631735479356193,2.2064838595807665,0.19717427524197417,1.8151358016179093,-5.718153576795768e-17,0.8073637773205851,-0.21237850742483058,0.0,-0.006757780997575749
2025-09-18,"days_to_first_activity_after_target:q3[3,4]",slice_shape_only,SEQ_SLOT_75,11432,0.4631735479356193,2.2064838595807665,0.19724607675097752,1.8154662646731157,6.46399969550826e-17,0.8072257270756505,-0.22376668688947027,0.00033046305520634256,-0.01524221318964358
2025-09-18,"days_to_first_activity_after_target:q3[3,4]",slice_shape_only,BTYD05_FRESH1,11432,0.4631735479356193,2.2064838595807665,0.19682872688537004,1.813544589393515,6.215384322604095e-17,0.8077654032114993,-0.19480244719703788,-0.0015912122243944005,0.057045988481698645
2025-09-18,"days_to_first_activity_after_target:q4[4,6]",fixed_fold,STRONGEST,14341,0.5074262603723589,1.9698651821311681,0.24130752332484753,1.792837045228387,0.1984800275528364,0.8011809536274561,-0.07873621159214053,0.0,
2025-09-18,"days_to_first_activity_after_target:q4[4,6]",fixed_fold,CAP,14341,0.5074262603723589,1.9698651821311681,0.24483609452655292,1.8058975463097495,0.1960818320084484,0.7962209526719022,-0.0475301842616148,0.013060501081362474,-0.02181378506733124
2025-09-18,"days_to_first_activity_after_target:q4[4,6]",fixed_fold,UNC,14341,0.5074262603723589,1.9698651821311681,0.24215986899652445,1.7960005808073805,0.2031106817825887,0.8001232299099026,-0.10853020840952435,0.003163535578993404,0.004915625253723706
2025-09-18,"days_to_first_activity_after_target:q4[4,6]",fixed_fold,DIST,14341,0.5074262603723589,1.9698651821311681,0.24196897642533555,1.7952925552334438,0.20002140699411347,0.8002522939135093,-0.04513225744261832,0.002455510005056727,-0.0021735206431638433
2025-09-18,"days_to_first_activity_after_target:q4[4,6]",fixed_fold,ETX-AVG3,14341,0.5074262603723589,1.9698651821311681,0.24199801183742747,1.7954002663463837,0.20193410261317787,0.8004580629237061,-0.13759103957230182,0.0025632211179966724,0.0032812117847069774
2025-09-18,"days_to_first_activity_after_target:q4[4,6]",fixed_fold,SEQ-AVG3,14341,0.5074262603723589,1.9698651821311681,0.24173055816553318,1.7944078632730727,0.1901828791956155,0.8012262121102947,-0.04470435010357287,0.001570818044685618,0.010563761098289489
2025-09-18,"days_to_first_activity_after_target:q4[4,6]",fixed_fold,BTYD,14341,0.5074262603723589,1.9698651821311681,0.2520561534245942,1.8323314608012495,0.21142431617971613,0.7910774861020566,0.2696019021402007,0.039494415572862485,0.04725711990391991
2025-09-18,"days_to_first_activity_after_target:q4[4,6]",fixed_fold,FRESH,14341,0.5074262603723589,1.9698651821311681,0.24115007722708293,1.7922520629370915,0.19758398599129323,0.8013359199177165,-0.07873621159214048,-0.0005849822912955549,0.03236241530297727
2025-09-18,"days_to_first_activity_after_target:q4[4,6]",fixed_fold,ZERO2D,14341,0.5074262603723589,1.9698651821311681,0.24136331062492525,1.7930442740723531,0.19707296559596388,0.8011828795203431,-0.07420304362670621,0.00020722884396606744,-0.041252917171703825
2025-09-18,"days_to_first_activity_after_target:q4[4,6]",fixed_fold,BTYD05,14341,0.5074262603723589,1.9698651821311681,0.2410735041851456,1.7919674910014525,0.19912724198418044,0.8014872484103018,-0.06131930590552335,-0.0008695542269345768,0.04725711990391994
2025-09-18,"days_to_first_activity_after_target:q4[4,6]",fixed_fold,SEQ_SLOT_25,14341,0.5074262603723589,1.9698651821311681,0.24126208593529194,1.7926682447094078,0.19716680464137806,0.8012639226492941,-0.06827674781948408,-0.00016880051897927295,0.006111409831564383
2025-09-18,"days_to_first_activity_after_target:q4[4,6]",fixed_fold,SEQ_SLOT_50,14341,0.5074262603723589,1.9698651821311681,0.24130752332484753,1.792837045228387,0.19848002755283642,0.8011809536274561,-0.07873621159214049,0.0,-0.008262328248225113
2025-09-18,"days_to_first_activity_after_target:q4[4,6]",fixed_fold,SEQ_SLOT_75,14341,0.5074262603723589,1.9698651821311681,0.24139472766554892,1.7931609660245278,0.1997932504642946,0.801030208738776,-0.08919567536479693,0.000323920796140742,-0.006111409831564619
2025-09-18,"days_to_first_activity_after_target:q4[4,6]",fixed_fold,BTYD05_FRESH1,14341,0.5074262603723589,1.9698651821311681,0.2409285303179494,1.7914285941060915,0.19823120042263723,0.8016303869947528,-0.06131930590552328,-0.0014084511222955953,0.052326178641379256
2025-09-18,"days_to_first_activity_after_target:q4[4,6]",slice_shape_only,STRONGEST,14341,0.5074262603723589,1.9698651821311681,0.238344100897589,1.7817944014081237,-0.0016336637526122978,0.8011809536274561,-0.2792330493362574,0.0,
2025-09-18,"days_to_first_activity_after_target:q4[4,6]",slice_shape_only,CAP,14341,0.5074262603723589,1.9698651821311681,0.24194651436619372,1.7952092245022486,-0.00048359508540741754,0.7962209526719022,-0.24421645430770708,0.013414823094124895,-0.02181378506733124
2025-09-18,"days_to_first_activity_after_target:q4[4,6]",slice_shape_only,UNC,14341,0.5074262603723589,1.9698651821311681,0.23904131922392421,1.7843986037355741,-0.001394469618413175,0.8001232299099026,-0.31405769661816435,0.0026042023274504,0.004915625253723706
2025-09-18,"days_to_first_activity_after_target:q4[4,6]",slice_shape_only,DIST,14341,0.5074262603723589,1.9698651821311681,0.23896384498211468,1.7841094149614165,-0.00016264462884252074,0.8002522939135093,-0.24551970994804903,0.0023150135532927774,-0.0021735206431638433
2025-09-18,"days_to_first_activity_after_target:q4[4,6]",slice_shape_only,ETX-AVG3,14341,0.5074262603723589,1.9698651821311681,0.23890613448684273,1.7838939680281902,-0.00230800309222172,0.8004580629237061,-0.3431207485699224,0.0020995666200664953,0.0032812117847069774
2025-09-18,"days_to_first_activity_after_target:q4[4,6]",slice_shape_only,SEQ-AVG3,14341,0.5074262603723589,1.9698651821311681,0.23897570842757682,1.784153700786447,-0.0041782495937758846,0.8012262121102947,-0.24046084618932373,0.002359299378323243,0.010563761098289489
2025-09-18,"days_to_first_activity_after_target:q4[4,6]",slice_shape_only,BTYD,14341,0.5074262603723589,1.9698651821311681,0.24870033003524297,1.8200929483875212,4.558254772326143e-17,0.7910774861020566,0.05817758596048453,0.038298546979397496,0.04725711990391991
2025-09-18,"days_to_first_activity_after_target:q4[4,6]",slice_shape_only,FRESH,14341,0.5074262603723589,1.9698651821311681,0.2382148001561425,1.781311027599259,-0.0010144132601728377,0.8013359199177165,-0.27766834842933485,-0.0004833738088647621,0.03236241530297727
2025-09-18,"days_to_first_activity_after_target:q4[4,6]",slice_shape_only,ZERO2D,14341,0.5074262603723589,1.9698651821311681,0.23843673013235078,1.7821406030104427,-0.0018093991714463425,0.8011828795203431,-0.2736337716151224,0.0003462016023190184,-0.041252917171703825
2025-09-18,"days_to_first_activity_after_target:q4[4,6]",slice_shape_only,BTYD05,14341,0.5074262603723589,1.9698651821311681,0.23809373015895124,1.7808583044056376,-0.0007966261508008738,0.8014872484103018,-0.26150734614978266,-0.0009360970024860915,0.04725711990391994
2025-09-18,"days_to_first_activity_after_target:q4[4,6]",slice_shape_only,SEQ_SLOT_25,14341,0.5074262603723589,1.9698651821311681,0.23833873183873647,1.7817743324975779,-0.0012714032222828063,0.8012639226492941,-0.26706296701167087,-2.0068910545845142e-05,0.006111409831564383
2025-09-18,"days_to_first_activity_after_target:q4[4,6]",slice_shape_only,SEQ_SLOT_50,14341,0.5074262603723589,1.9698651821311681,0.238344100897589,1.7817944014081237,-0.0016336637526123017,0.8011809536274561,-0.2792330493362573,0.0,-0.008262328248225113
2025-09-18,"days_to_first_activity_after_target:q4[4,6]",slice_shape_only,SEQ_SLOT_75,14341,0.5074262603723589,1.9698651821311681,0.23839014308162756,1.7819664923973875,-0.0016336637526123117,0.801030208738776,-0.2910542450666132,0.0001720909892637401,-0.006111409831564619
2025-09-18,"days_to_first_activity_after_target:q4[4,6]",slice_shape_only,BTYD05_FRESH1,14341,0.5074262603723589,1.9698651821311681,0.2379762699798854,1.780418969567748,-0.0007966261508009014,0.8016303869947528,-0.26057752052891475,-0.001375431840375807,0.052326178641379256
2025-09-18,"days_to_first_activity_after_target:q5[6,11]",fixed_fold,STRONGEST,17844,0.5889934992154225,1.6138589676044541,0.29413467694274487,1.7744840955523016,0.2886989903971509,0.7904574370066348,-0.07873621159214053,0.0,
2025-09-18,"days_to_first_activity_after_target:q5[6,11]",fixed_fold,CAP,17844,0.5889934992154225,1.6138589676044541,0.2979300079954308,1.7858958210121283,0.2863569509238716,0.7859762035299793,-0.0475301842616148,0.011411725459826716,-0.012379611126599136
2025-09-18,"days_to_first_activity_after_target:q5[6,11]",fixed_fold,UNC,17844,0.5889934992154225,1.6138589676044541,0.2953602463126326,1.7781771192744678,0.2967354050584705,0.7897316877429446,-0.10853020840952435,0.0036930237221661777,0.008527821909278777
2025-09-18,"days_to_first_activity_after_target:q5[6,11]",fixed_fold,DIST,17844,0.5889934992154225,1.6138589676044541,0.2947000975637233,1.7761888387545643,0.2936051481680716,0.7892718169120687,-0.04513225744261832,0.0017047432022627707,0.014554320503451963
2025-09-18,"days_to_first_activity_after_target:q5[6,11]",fixed_fold,ETX-AVG3,17844,0.5889934992154225,1.6138589676044541,0.29555770548823523,1.7787714083304929,0.28947670616884386,0.7895157766558891,-0.13759103957230182,0.004287312778191277,-0.018669897816555026
2025-09-18,"days_to_first_activity_after_target:q5[6,11]",fixed_fold,SEQ-AVG3,17844,0.5889934992154225,1.6138589676044541,0.2944743674713127,1.775508458802452,0.2763037413890726,0.7901130560659176,-0.04470435010357287,0.0010243632501503175,0.004669706734597118
2025-09-18,"days_to_first_activity_after_target:q5[6,11]",fixed_fold,BTYD,17844,0.5889934992154225,1.6138589676044541,0.30604446203109437,1.8100528662406707,0.31738765717263034,0.7807333037192103,0.2696019021402007,0.03556877068836917,0.05806445798482207
2025-09-18,"days_to_first_activity_after_target:q5[6,11]",fixed_fold,FRESH,17844,0.5889934992154225,1.6138589676044541,0.2939535933648673,1.7739377822035096,0.2874915493703127,0.7905940996108737,-0.07873621159214048,-0.0005463133487919603,0.02688860697771715
2025-09-18,"days_to_first_activity_after_target:q5[6,11]",fixed_fold,ZERO2D,17844,0.5889934992154225,1.6138589676044541,0.29419670714079,1.7746711965741333,0.28582752291623786,0.7904565807571684,-0.07420304362670621,0.00018710102183172594,-0.07194078258395999
2025-09-18,"days_to_first_activity_after_target:q5[6,11]",fixed_fold,BTYD05,17844,0.5889934992154225,1.6138589676044541,0.29383313980342174,1.7735742911242824,0.29013342373592493,0.7907925289379886,-0.06131930590552335,-0.0009098044280191342,0.058064457984822154
2025-09-18,"days_to_first_activity_after_target:q5[6,11]",fixed_fold,SEQ_SLOT_25,17844,0.5889934992154225,1.6138589676044541,0.2939968953217172,1.774068435732435,0.2872240373545117,0.7905291154657594,-0.06827674781948408,-0.0004156598198665762,0.015614740489011134
2025-09-18,"days_to_first_activity_after_target:q5[6,11]",fixed_fold,SEQ_SLOT_50,17844,0.5889934992154225,1.6138589676044541,0.29413467694274487,1.7744840955523016,0.28869899039715097,0.7904574370066348,-0.07873621159214049,0.0,0.00805047560825155
2025-09-18,"days_to_first_activity_after_target:q5[6,11]",fixed_fold,SEQ_SLOT_75,17844,0.5889934992154225,1.6138589676044541,0.29432249443062697,1.7750505468839382,0.29017394343979,0.7903527799695745,-0.08919567536479693,0.0005664513316365749,-0.015614740489011068
2025-09-18,"days_to_first_activity_after_target:q5[6,11]",fixed_fold,BTYD05_FRESH1,17844,0.5889934992154225,1.6138589676044541,0.29366714431033475,1.7730732466699126,0.28892598270908665,0.7909086156080785,-0.06131930590552328,-0.0014108488823889598,0.05701089402784929
2025-09-18,"days_to_first_activity_after_target:q5[6,11]",slice_shape_only,STRONGEST,17844,0.5889934992154225,1.6138589676044541,0.2862124191078548,1.7504238984483218,-0.009155499518697834,0.7904574370066348,-0.37985955898285784,0.0,
2025-09-18,"days_to_first_activity_after_target:q5[6,11]",slice_shape_only,CAP,17844,0.5889934992154225,1.6138589676044541,0.29023762800713715,1.7626896518964708,-0.0036601063876571744,0.7859762035299793,-0.3385251087944474,0.012265753448148953,-0.012379611126599136
2025-09-18,"days_to_first_activity_after_target:q5[6,11]",slice_shape_only,UNC,17844,0.5889934992154225,1.6138589676044541,0.28687308866354155,1.7524430022787842,-0.014861611536061739,0.7897316877429446,-0.4256074066126766,0.002019103830462443,0.008527821909278777
2025-09-18,"days_to_first_activity_after_target:q5[6,11]",slice_shape_only,DIST,17844,0.5889934992154225,1.6138589676044541,0.28661334528055,1.751649465740896,-0.003913988448105415,0.7892718169120687,-0.34361271217857886,0.001225567292574281,0.014554320503451963
2025-09-18,"days_to_first_activity_after_target:q5[6,11]",slice_shape_only,ETX-AVG3,17844,0.5889934992154225,1.6138589676044541,0.2874459736933148,1.7541919422809618,-0.01754367347136789,0.7895157766558891,-0.4510703330177342,0.0037680438326399557,-0.018669897816555026
2025-09-18,"days_to_first_activity_after_target:q5[6,11]",slice_shape_only,SEQ-AVG3,17844,0.5889934992154225,1.6138589676044541,0.28699613149040104,1.7528187824292811,-0.018280921625400987,0.7901130560659176,-0.3466689114515472,0.002394883980959328,0.004669706734597118
2025-09-18,"days_to_first_activity_after_target:q5[6,11]",slice_shape_only,BTYD,17844,0.5889934992154225,1.6138589676044541,0.29663328824701857,1.7820050888553245,-0.0005068095826587886,0.7807333037192103,-0.04830779164163858,0.03158119040700269,0.05806445798482207
2025-09-18,"days_to_first_activity_after_target:q5[6,11]",slice_shape_only,FRESH,17844,0.5889934992154225,1.6138589676044541,0.2861068131814529,1.750100935187401,-0.0088365931537298,0.7905940996108737,-0.3781157166474664,-0.0003229632609207389,0.02688860697771715
2025-09-18,"days_to_first_activity_after_target:q5[6,11]",slice_shape_only,ZERO2D,17844,0.5889934992154225,1.6138589676044541,0.28639106041581486,1.7509700823591803,-0.013348328933442488,0.7904565807571684,-0.37756094355856823,0.0005461839108584776,-0.07194078258395999
2025-09-18,"days_to_first_activity_after_target:q5[6,11]",slice_shape_only,BTYD05,17844,0.5889934992154225,1.6138589676044541,0.28585461538862217,1.7493294245472575,-0.008836593153729765,0.7907925289379886,-0.3631192123881857,-0.001094473901064319,0.058064457984822154
2025-09-18,"days_to_first_activity_after_target:q5[6,11]",slice_shape_only,SEQ_SLOT_25,17844,0.5889934992154225,1.6138589676044541,0.2861513300781876,1.7502370836967707,-0.009541034237244925,0.7905291154657594,-0.3683619004802061,-0.00018681475155113425,0.015614740489011134
2025-09-18,"days_to_first_activity_after_target:q5[6,11]",slice_shape_only,SEQ_SLOT_50,17844,0.5889934992154225,1.6138589676044541,0.2862124191078548,1.7504238984483218,-0.009155499518697876,0.7904574370066348,-0.37985955898285784,0.0,0.00805047560825155
2025-09-18,"days_to_first_activity_after_target:q5[6,11]",slice_shape_only,SEQ_SLOT_75,17844,0.5889934992154225,1.6138589676044541,0.2863213103359761,1.7507568464084358,-0.010002128425315003,0.7903527799695745,-0.3926791451127657,0.00033294796011396066,-0.015614740489011068
2025-09-18,"days_to_first_activity_after_target:q5[6,11]",slice_shape_only,BTYD05_FRESH1,17844,0.5889934992154225,1.6138589676044541,0.2857638728925369,1.749051746473311,-0.008836593153729717,0.7909086156080785,-0.361718517256553,-0.001372151975010727,0.05701089402784929
2025-09-18,"days_to_first_activity_after_target:q6[11,58]",fixed_fold,STRONGEST,18766,0.7282851966322071,1.0304909217711216,0.2668745164267228,1.6482109720927238,0.43412525616290537,0.7798349825715414,-0.07873621159214053,0.0,
2025-09-18,"days_to_first_activity_after_target:q6[11,58]",fixed_fold,CAP,18766,0.7282851966322071,1.0304909217711216,0.2700415249050988,1.6579618153527793,0.43611110045644536,0.7747072729115485,-0.0475301842616148,0.009750843260055486,0.0020662056488092878
2025-09-18,"days_to_first_activity_after_target:q6[11,58]",fixed_fold,UNC,18766,0.7282851966322071,1.0304909217711216,0.2692112876869107,1.6554111682956871,0.4399478819274831,0.7786133811525431,-0.10853020840952435,0.007200196202963305,-0.024478892607212015
2025-09-18,"days_to_first_activity_after_target:q6[11,58]",fixed_fold,DIST,18766,0.7282851966322071,1.0304909217711216,0.2669099556857554,1.6483204044906261,0.4459373609539685,0.7796818214111452,-0.04513225744261832,0.00010943239790228709,0.06379087121305636
2025-09-18,"days_to_first_activity_after_target:q6[11,58]",fixed_fold,ETX-AVG3,18766,0.7282851966322071,1.0304909217711216,0.2683046805012566,1.6526214016573322,0.43235345651739787,0.7782894804908613,-0.13759103957230182,0.0044104295646083536,-0.028814938372884374
2025-09-18,"days_to_first_activity_after_target:q6[11,58]",fixed_fold,SEQ-AVG3,18766,0.7282851966322071,1.0304909217711216,0.26695407985450414,1.648456644747894,0.41666311140270024,0.7789935540295705,-0.04470435010357287,0.0002456726551702815,-0.01332795572549819
2025-09-18,"days_to_first_activity_after_target:q6[11,58]",fixed_fold,BTYD,18766,0.7282851966322071,1.0304909217711216,0.2835336869992234,1.6988756078572451,0.49420192114840833,0.7688581624911124,0.2696019021402007,0.05066463576452129,0.04295353922859103
2025-09-18,"days_to_first_activity_after_target:q6[11,58]",fixed_fold,FRESH,18766,0.7282851966322071,1.0304909217711216,0.26642911416272874,1.6468350005936174,0.43225572786969296,0.7800578472346895,-0.07873621159214048,-0.0013759714991063987,0.07843232985557472
2025-09-18,"days_to_first_activity_after_target:q6[11,58]",fixed_fold,ZERO2D,18766,0.7282851966322071,1.0304909217711216,0.26676694050750555,1.6478787453886556,0.42826662043064817,0.7798274489968744,-0.07420304362670621,-0.00033222670406818366,-0.1318908525376028
2025-09-18,"days_to_first_activity_after_target:q6[11,58]",fixed_fold,BTYD05,18766,0.7282851966322071,1.0304909217711216,0.26689664784279926,1.6482793122382673,0.4371290894121806,0.7800941805890833,-0.06131930590552335,6.834014554346624e-05,0.04295353922859135
2025-09-18,"days_to_first_activity_after_target:q6[11,58]",fixed_fold,SEQ_SLOT_25,18766,0.7282851966322071,1.0304909217711216,0.26670744804587015,1.6476949860568104,0.43236616464959415,0.7799334212805231,-0.06827674781948408,-0.0005159860359134072,0.008444263603855575
2025-09-18,"days_to_first_activity_after_target:q6[11,58]",fixed_fold,SEQ_SLOT_50,18766,0.7282851966322071,1.0304909217711216,0.2668745164267228,1.6482109720927238,0.43412525616290537,0.7798349825715414,-0.07873621159214049,0.0,0.017780846442974615
2025-09-18,"days_to_first_activity_after_target:q6[11,58]",fixed_fold,SEQ_SLOT_75,18766,0.7282851966322071,1.0304909217711216,0.2670887455866652,1.6488723766075333,0.4358843476762165,0.779667895060261,-0.08919567536479693,0.0006614045148094494,-0.008444263603855306
2025-09-18,"days_to_first_activity_after_target:q6[11,58]",fixed_fold,BTYD05_FRESH1,18766,0.7282851966322071,1.0304909217711216,0.2664636583347855,1.6469417582727104,0.4352595611189682,0.7802911441050431,-0.06131930590552328,-0.0012692138200134373,0.06922712334035476
2025-09-18,"days_to_first_activity_after_target:q6[11,58]",slice_shape_only,STRONGEST,18766,0.7282851966322071,1.0304909217711216,0.24682427481758687,1.5850872879378124,-0.045830150325864905,0.7798349825715414,-0.5974314726925395,0.0,
2025-09-18,"days_to_first_activity_after_target:q6[11,58]",slice_shape_only,CAP,18766,0.7282851966322071,1.0304909217711216,0.25027372025882005,1.5961249003304943,-0.04963342438371778,0.7747072729115485,-0.5627656004035076,0.011037612392681861,0.0020662056488092878
2025-09-18,"days_to_first_activity_after_target:q6[11,58]",slice_shape_only,UNC,18766,0.7282851966322071,1.0304909217711216,0.24817421546383567,1.589415986968884,-0.05092094682981576,0.7786133811525431,-0.6467222242436574,0.004328699031071581,-0.024478892607212015
2025-09-18,"days_to_first_activity_after_target:q6[11,58]",slice_shape_only,DIST,18766,0.7282851966322071,1.0304909217711216,0.24657631551529197,1.584290899699601,-0.03451654571145429,0.7796818214111452,-0.5489429897384162,-0.0007963882382113763,0.06379087121305636
2025-09-18,"days_to_first_activity_after_target:q6[11,58]",slice_shape_only,ETX-AVG3,18766,0.7282851966322071,1.0304909217711216,0.24790219698792845,1.5885446856310899,-0.04916752168552872,0.7782894804908613,-0.6662923890461214,0.003457397693277464,-0.028814938372884374
2025-09-18,"days_to_first_activity_after_target:q6[11,58]",slice_shape_only,SEQ-AVG3,18766,0.7282851966322071,1.0304909217711216,0.24747905863948394,1.5871883821020187,-0.05134152553687184,0.7789935540295705,-0.5661457883448501,0.0021010941642063408,-0.01332795572549819
2025-09-18,"days_to_first_activity_after_target:q6[11,58]",slice_shape_only,BTYD,18766,0.7282851966322071,1.0304909217711216,0.2581444105313117,1.6210283533606753,-0.057973714391915565,0.7688581624911124,-0.3211911207270638,0.035941065422862906,0.04295353922859103
2025-09-18,"days_to_first_activity_after_target:q6[11,58]",slice_shape_only,FRESH,18766,0.7282851966322071,1.0304909217711216,0.24659563956533867,1.5843529784859907,-0.045668990164422205,0.7800578472346895,-0.5944375801421518,-0.0007343094518217352,0.07843232985557472
2025-09-18,"days_to_first_activity_after_target:q6[11,58]",slice_shape_only,ZERO2D,18766,0.7282851966322071,1.0304909217711216,0.24703586556723844,1.5857665524876883,-0.048318326432938256,0.7798274489968744,-0.5930742169324281,0.0006792645498758798,-0.1318908525376028
2025-09-18,"days_to_first_activity_after_target:q6[11,58]",slice_shape_only,BTYD05,18766,0.7282851966322071,1.0304909217711216,0.24663671647431154,1.5844849305618953,-0.046051523909714814,0.7800941805890833,-0.5825928374938233,-0.0006023573759170731,0.04295353922859135
2025-09-18,"days_to_first_activity_after_target:q6[11,58]",slice_shape_only,SEQ_SLOT_25,18766,0.7282851966322071,1.0304909217711216,0.24677324593006067,1.5849234275921942,-0.04582229273722554,0.7799334212805231,-0.5857134065016429,-0.00016386034561821639,0.008444263603855575
2025-09-18,"days_to_first_activity_after_target:q6[11,58]",slice_shape_only,SEQ_SLOT_50,18766,0.7282851966322071,1.0304909217711216,0.24682427481758687,1.5850872879378124,-0.045830150325864925,0.7798349825715414,-0.5974314726925395,0.0,0.017780846442974615
2025-09-18,"days_to_first_activity_after_target:q6[11,58]",slice_shape_only,SEQ_SLOT_75,18766,0.7282851966322071,1.0304909217711216,0.2469136763752428,1.5853743270529006,-0.0457489681354623,0.779667895060261,-0.6091002921441789,0.0002870391150882057,-0.008444263603855306
2025-09-18,"days_to_first_activity_after_target:q6[11,58]",slice_shape_only,BTYD05_FRESH1,18766,0.7282851966322071,1.0304909217711216,0.24642040067255658,1.5837899320249864,-0.04511829662895575,0.7802911441050431,-0.5786216989162636,-0.0012973559128259815,0.06922712334035476
2025-09-18,rec_buy_15_60,fixed_fold,STRONGEST,57084,0.4068215261719571,2.36254561313949,1.1401770172972663,1.953322923204652,0.04630016654521221,0.721805346999677,-0.07873621159214053,0.0,
2025-09-18,rec_buy_15_60,fixed_fold,CAP,57084,0.4068215261719571,2.36254561313949,1.155215459277464,1.96616246736934,0.04431224245440496,0.7149842244778399,-0.0475301842616148,0.012839544164688022,-0.017269761200901446
2025-09-18,rec_buy_15_60,fixed_fold,UNC,57084,0.4068215261719571,2.36254561313949,1.1446637143385647,1.9571623986644706,0.062115697040843056,0.7192888290033923,-0.10853020840952435,0.003839475459818553,0.0024097587154567257
2025-09-18,rec_buy_15_60,fixed_fold,DIST,57084,0.4068215261719571,2.36254561313949,1.1442282169871365,1.956790053443928,0.02997743697665545,0.7210307047931439,-0.04513225744261832,0.0034671302392759173,-0.017517312839889925
2025-09-18,rec_buy_15_60,fixed_fold,ETX-AVG3,57084,0.4068215261719571,2.36254561313949,1.1428060972394325,1.9555736636841536,0.04595379857854982,0.7205966572793041,-0.13759103957230182,0.0022507404795015784,0.0030620816806730534
2025-09-18,rec_buy_15_60,fixed_fold,SEQ-AVG3,57084,0.4068215261719571,2.36254561313949,1.1414208883431811,1.9543881172443573,0.051508726282725244,0.7211941000318147,-0.04470435010357287,0.0010651940397052861,0.022741045487912472
2025-09-18,rec_buy_15_60,fixed_fold,BTYD,57084,0.4068215261719571,2.36254561313949,1.195474023545829,2.0001288644799855,0.11780505999420074,0.7058790352466737,0.2696019021402007,0.04680594127533344,0.03761269098431723
2025-09-18,rec_buy_15_60,fixed_fold,FRESH,57084,0.4068215261719571,2.36254561313949,1.1397286493534058,1.9529388190313737,0.0424486310653511,0.7219629306064587,-0.07873621159214048,-0.00038410417327838786,0.02153730983689421
2025-09-18,rec_buy_15_60,fixed_fold,ZERO2D,57084,0.4068215261719571,2.36254561313949,1.1402698155843562,1.9534024114466293,0.04858680086099042,0.7218076118829142,-0.07420304362670621,7.948824197723248e-05,-0.0039131628747633715
2025-09-18,rec_buy_15_60,fixed_fold,BTYD05,57084,0.4068215261719571,2.36254561313949,1.1393746340995086,1.9526354907664205,0.049875411217661675,0.722030566174914,-0.06131930590552335,-0.00068743243823155,0.03761269098431718
2025-09-18,rec_buy_15_60,fixed_fold,SEQ_SLOT_25,57084,0.4068215261719571,2.36254561313949,1.1399665070918652,1.9531425944552834,0.046934807119356284,0.7218763938815989,-0.06827674781948408,-0.0001803287493686856,0.01578416679329248
2025-09-18,rec_buy_15_60,fixed_fold,SEQ_SLOT_50,57084,0.4068215261719571,2.36254561313949,1.1401770172972663,1.953322923204652,0.04630016654521225,0.721805346999677,-0.07873621159214049,0.0,0.00234996267002556
2025-09-18,rec_buy_15_60,fixed_fold,SEQ_SLOT_75,57084,0.4068215261719571,2.36254561313949,1.140563940279731,1.9536543285088164,0.0456655259710679,0.7216642267159668,-0.08919567536479693,0.0003314053041643117,-0.015784166793292417
2025-09-18,rec_buy_15_60,fixed_fold,BTYD05_FRESH1,57084,0.4068215261719571,2.36254561313949,1.1389810321892442,1.9522981884325932,0.0460238757378005,0.7221480387122796,-0.06131930590552328,-0.0010247347720588884,0.03892159712975515
2025-09-18,rec_buy_15_60,slice_shape_only,STRONGEST,57084,0.4068215261719571,2.36254561313949,1.1395364138143924,1.9527741131259018,-8.46417665750242e-18,0.721805346999677,-0.1250363781373527,0.0,
2025-09-18,rec_buy_15_60,slice_shape_only,CAP,57084,0.4068215261719571,2.36254561313949,1.1546286842183244,1.9656630619871132,1.2248161516150561e-16,0.7149842244778399,-0.0918424267160198,0.012888948861211391,-0.017269761200901446
2025-09-18,rec_buy_15_60,slice_shape_only,UNC,57084,0.4068215261719571,2.36254561313949,1.1435107206890407,1.9561764477999408,-7.816916089575765e-17,0.7192888290033923,-0.17064590545036737,0.0034023346740390537,0.0024097587154567257
2025-09-18,rec_buy_15_60,slice_shape_only,DIST,57084,0.4068215261719571,2.36254561313949,1.1439596743890295,1.9565604172959756,-4.1822990542953134e-17,0.7210307047931439,-0.07510969441927384,0.003786304170073862,-0.017517312839889925
2025-09-18,rec_buy_15_60,slice_shape_only,ETX-AVG3,57084,0.4068215261719571,2.36254561313949,1.142175042515961,1.955033657636427,-3.584827760824554e-17,0.7205966572793041,-0.18354483815085165,0.0022595445105251244,0.0030620816806730534
2025-09-18,rec_buy_15_60,slice_shape_only,SEQ-AVG3,57084,0.4068215261719571,2.36254561313949,1.1406280478728106,1.9537092321895484,8.563755206414213e-17,0.7211941000318147,-0.096213076386298,0.0009351190636466278,0.022741045487912472
2025-09-18,rec_buy_15_60,slice_shape_only,BTYD,57084,0.4068215261719571,2.36254561313949,1.191326851249873,1.9966565659536342,9.235910411568817e-17,0.7058790352466737,0.15179684214599992,0.0438824528277324,0.03761269098431723
2025-09-18,rec_buy_15_60,slice_shape_only,FRESH,57084,0.4068215261719571,2.36254561313949,1.1391901916836302,1.9524774376674199,7.368812619472694e-17,0.7219629306064587,-0.12118484265749149,-0.0002966754584818876,0.02153730983689421
2025-09-18,rec_buy_15_60,slice_shape_only,ZERO2D,57084,0.4068215261719571,2.36254561313949,1.139564374420598,1.95279807041783,-5.277663092325038e-17,0.7218076118829142,-0.12278984448769656,2.3957291928278224e-05,-0.0039131628747633715
2025-09-18,rec_buy_15_60,slice_shape_only,BTYD05,57084,0.4068215261719571,2.36254561313949,1.1386312775573098,1.9519984126931278,-4.754875710538124e-17,0.722030566174914,-0.11119471712318493,-0.0007757004327739736,0.03761269098431718
2025-09-18,rec_buy_15_60,slice_shape_only,SEQ_SLOT_25,57084,0.4068215261719571,2.36254561313949,1.1393082216297745,1.9525785818133379,1.2148582967238768e-16,0.7218763938815989,-0.11521155493884037,-0.00019553131256389022,0.01578416679329248
2025-09-18,rec_buy_15_60,slice_shape_only,SEQ_SLOT_50,57084,0.4068215261719571,2.36254561313949,1.1395364138143924,1.9527741131259018,-2.0911495271476567e-17,0.721805346999677,-0.12503637813735266,0.0,0.00234996267002556
2025-09-18,rec_buy_15_60,slice_shape_only,SEQ_SLOT_75,57084,0.4068215261719571,2.36254561313949,1.139940778057361,1.9531205531249265,5.1282952689573484e-17,0.7216642267159668,-0.1348612013358649,0.000346439999024728,-0.015784166793292417
2025-09-18,rec_buy_15_60,slice_shape_only,BTYD05_FRESH1,57084,0.4068215261719571,2.36254561313949,1.1383480513468334,1.9517556249231758,6.397921767582711e-17,0.7221480387122796,-0.10734318164332375,-0.0010184882027259867,0.03892159712975515
2025-09-18,w180_days_buy_2_15,fixed_fold,STRONGEST,108979,0.36143660705273495,2.5613562748186998,2.1924837185400627,1.9603873138682641,0.019693412464043523,0.7192848184528516,-0.07873621159214053,0.0,
2025-09-18,w180_days_buy_2_15,fixed_fold,CAP,108979,0.36143660705273495,2.5613562748186998,2.2196493573161598,1.9724948667676776,0.018848744682320215,0.7130634616055112,-0.0475301842616148,0.012107552899413454,-0.016839657714490308
2025-09-18,w180_days_buy_2_15,fixed_fold,UNC,108979,0.36143660705273495,2.5613562748186998,2.201570474054929,1.9644455290206124,0.0279198323916231,0.7164183127185857,-0.10853020840952435,0.004058215152348277,-0.0036039224449397433
2025-09-18,w180_days_buy_2_15,fixed_fold,DIST,108979,0.36143660705273495,2.5613562748186998,2.1993510163734116,1.9634550762547671,0.004340634699965611,0.7187970701013813,-0.04513225744261832,0.00306776238650297,-0.013576210951471912
2025-09-18,w180_days_buy_2_15,fixed_fold,ETX-AVG3,108979,0.36143660705273495,2.5613562748186998,2.1969185228068584,1.9623689801445987,0.02972766756338455,0.71806526689725,-0.13759103957230182,0.0019816662763345594,0.006894412606371885
2025-09-18,w180_days_buy_2_15,fixed_fold,SEQ-AVG3,108979,0.36143660705273495,2.5613562748186998,2.1949457906011935,1.9614877235383117,0.01968138705369591,0.718456647776464,-0.04470435010357287,0.0011004096700475419,0.020597027975253673
2025-09-18,w180_days_buy_2_15,fixed_fold,BTYD,108979,0.36143660705273495,2.5613562748186998,2.3176749286118246,2.0155796102720576,-0.03478809966530489,0.6907684681614842,0.2696019021402007,0.05519229640379342,0.02843733776508691
2025-09-18,w180_days_buy_2_15,fixed_fold,FRESH,108979,0.36143660705273495,2.5613562748186998,2.191804757448021,1.9600837472412609,0.017567123484668434,0.7194207103023034,-0.07873621159214048,-0.00030356662700326,0.020781789886166562
2025-09-18,w180_days_buy_2_15,fixed_fold,ZERO2D,108979,0.36143660705273495,2.5613562748186998,2.1925742433580795,1.9604277843793003,0.022702796563836152,0.7192866399973054,-0.07420304362670621,4.0470511036172496e-05,-0.001174916196412263
2025-09-18,w180_days_buy_2_15,fixed_fold,BTYD05,108979,0.36143660705273495,2.5613562748186998,2.1911474859327433,1.95978983333125,0.016969336857576126,0.7194599136382172,-0.06131930590552335,-0.000597480537014139,0.028437337765086862
2025-09-18,w180_days_buy_2_15,fixed_fold,SEQ_SLOT_25,108979,0.36143660705273495,2.5613562748186998,2.1921881802254983,1.9602551831064152,0.01857291711412787,0.7193383931287739,-0.06827674781948408,-0.00013213076184892536,0.01146805048841565
2025-09-18,w180_days_buy_2_15,fixed_fold,SEQ_SLOT_50,108979,0.36143660705273495,2.5613562748186998,2.1924837185400627,1.9603873138682641,0.019693412464043547,0.7192848184528516,-0.07873621159214049,0.0,0.0021827004147484397
2025-09-18,w180_days_buy_2_15,fixed_fold,SEQ_SLOT_75,108979,0.36143660705273495,2.5613562748186998,2.193109789368907,1.960667191363991,0.020813907813958886,0.7191614869787243,-0.08919567536479693,0.0002798774957268879,-0.011468050488415598
2025-09-18,w180_days_buy_2_15,fixed_fold,BTYD05_FRESH1,108979,0.36143660705273495,2.5613562748186998,2.1905822272057214,1.9595370297733317,0.014843047878200987,0.7195576805586057,-0.06131930590552328,-0.0008502840949324852,0.03226141188072712
2025-09-18,w180_days_buy_2_15,slice_shape_only,STRONGEST,108979,0.36143660705273495,2.5613562748186998,2.1922624627910365,1.9602883945688065,3.2339184332486965e-17,0.7192848184528516,-0.09842962405618397,0.0,
2025-09-18,w180_days_buy_2_15,slice_shape_only,CAP,108979,0.36143660705273495,2.5613562748186998,2.21944667424632,1.9724048073985063,2.5819187491259755e-17,0.7130634616055112,-0.06637892894393509,0.012116412829699774,-0.016839657714490308
2025-09-18,w180_days_buy_2_15,slice_shape_only,UNC,108979,0.36143660705273495,2.5613562748186998,2.201125762694705,1.9642471126231285,1.1110074617451167e-16,0.7164183127185857,-0.13645004080114742,0.003958718054321908,-0.0036039224449397433
2025-09-18,w180_days_buy_2_15,slice_shape_only,DIST,108979,0.36143660705273495,2.5613562748186998,2.199340267595592,1.9634502783011885,4.1988779657503234e-17,0.7187970701013813,-0.04947289214258403,0.0031618837323819093,-0.013576210951471912
2025-09-18,w180_days_buy_2_15,slice_shape_only,ETX-AVG3,108979,0.36143660705273495,2.5613562748186998,2.1964143559625913,1.9621437969769173,2.8427186227750636e-17,0.71806526689725,-0.1673187071356864,0.0018554024081107734,0.006894412606371885
2025-09-18,w180_days_buy_2_15,slice_shape_only,SEQ-AVG3,108979,0.36143660705273495,2.5613562748186998,2.1947248049809556,1.9613889804409403,1.9820790397330722e-17,0.718456647776464,-0.06438573715726865,0.0011005858721337969,0.020597027975253673
2025-09-18,w180_days_buy_2_15,slice_shape_only,BTYD,108979,0.36143660705273495,2.5613562748186998,2.3169845075659516,2.0152793735524948,-3.546878281627603e-17,0.6907684681614842,0.30439000180550546,0.05499097898368821,0.02843733776508691
2025-09-18,w180_days_buy_2_15,slice_shape_only,FRESH,108979,0.36143660705273495,2.5613562748186998,2.1916287001962482,1.9600050235578013,5.763677207644854e-17,0.7194207103023034,-0.09630333507680884,-0.0002833710110052845,0.020781789886166562
2025-09-18,w180_days_buy_2_15,slice_shape_only,ZERO2D,108979,0.36143660705273495,2.5613562748186998,2.1922802000330077,1.9602963247413676,-1.374415334130696e-16,0.7192866399973054,-0.09690584019054228,7.930172561065874e-06,-0.001174916196412263
2025-09-18,w180_days_buy_2_15,slice_shape_only,BTYD05,108979,0.36143660705273495,2.5613562748186998,2.1909832068187383,1.959716365302679,5.86799715710449e-17,0.7194599136382172,-0.07828864276309938,-0.0005720292661275383,0.028437337765086862
2025-09-18,w180_days_buy_2_15,slice_shape_only,SEQ_SLOT_25,108979,0.36143660705273495,2.5613562748186998,2.1919913857732243,1.9601671943090564,-9.362715464002274e-17,0.7193383931287739,-0.08684966493361196,-0.0001212002597501538,0.01146805048841565
2025-09-18,w180_days_buy_2_15,slice_shape_only,SEQ_SLOT_50,108979,0.36143660705273495,2.5613562748186998,2.1922624627910365,1.9602883945688065,2.0863989891927073e-18,0.7192848184528516,-0.09842962405618394,0.0,0.0021827004147484397
2025-09-18,w180_days_buy_2_15,slice_shape_only,SEQ_SLOT_75,108979,0.36143660705273495,2.5613562748186998,2.1928626397964357,1.9605567108687962,1.103183465535644e-16,0.7191614869787243,-0.11000958317875592,0.0002683162999896904,-0.011468050488415598
2025-09-18,w180_days_buy_2_15,slice_shape_only,BTYD05_FRESH1,108979,0.36143660705273495,2.5613562748186998,2.190456537767026,1.959480812608936,8.31951596940592e-17,0.7195576805586057,-0.07616235378372424,-0.0008075819598705181,0.03226141188072712
2025-09-18,intersection_rec15_60_buy2_15,fixed_fold,STRONGEST,46309,0.406961929646505,2.3095290111820668,0.9608114865258826,1.9908177119860457,0.048887048406791644,0.6805313089689766,-0.07873621159214053,0.0,
2025-09-18,intersection_rec15_60_buy2_15,fixed_fold,CAP,46309,0.406961929646505,2.3095290111820668,0.973402801731738,2.003819961858645,0.05213617005746513,0.6717137986845538,-0.0475301842616148,0.013002249872599458,-0.017233495664116114
2025-09-18,intersection_rec15_60_buy2_15,fixed_fold,UNC,46309,0.406961929646505,2.3095290111820668,0.9646710010020824,1.9948121943744905,0.06993551809907053,0.6773429125401098,-0.10853020840952435,0.003994482388444798,0.002273591339413536
2025-09-18,intersection_rec15_60_buy2_15,fixed_fold,DIST,46309,0.406961929646505,2.3095290111820668,0.9639317817694557,1.9940477440383797,0.02807571697416734,0.6797922433327747,-0.04513225744261832,0.0032300320523339643,-0.01735624963161797
2025-09-18,intersection_rec15_60_buy2_15,fixed_fold,ETX-AVG3,46309,0.406961929646505,2.3095290111820668,0.962814259811565,1.992891521979761,0.051554781424700054,0.6790538094979799,-0.13759103957230182,0.0020738099937152032,0.004550785061547959
2025-09-18,intersection_rec15_60_buy2_15,fixed_fold,SEQ-AVG3,46309,0.406961929646505,2.3095290111820668,0.9617004894287046,1.9917385135931984,0.04908976517101923,0.6798772457395517,-0.04470435010357287,0.0009208016071526881,0.021714889063829713
2025-09-18,intersection_rec15_60_buy2_15,fixed_fold,BTYD,46309,0.406961929646505,2.3095290111820668,1.0022810814838654,2.033326726665099,0.11061469549667188,0.6601730968148635,0.2696019021402007,0.042509014679053214,0.03401037344674853
2025-09-18,intersection_rec15_60_buy2_15,fixed_fold,FRESH,46309,0.406961929646505,2.3095290111820668,0.9604766072230351,1.9904707439501164,0.044921479676396536,0.6806676940259899,-0.07873621159214048,-0.00034696803592937364,0.020709836522594935
2025-09-18,intersection_rec15_60_buy2_15,fixed_fold,ZERO2D,46309,0.406961929646505,2.3095290111820668,0.9608900231437153,1.990899074926172,0.051885276555863,0.6805341627019389,-0.07420304362670621,8.136294012617284e-05,-0.0007525685308378187
2025-09-18,intersection_rec15_60_buy2_15,fixed_fold,BTYD05,46309,0.406961929646505,2.3095290111820668,0.960244394107207,1.9902301127101178,0.05197343076128571,0.6807679388832338,-0.06131930590552335,-0.0005875992759278859,0.03401037344674845
2025-09-18,intersection_rec15_60_buy2_15,fixed_fold,SEQ_SLOT_25,46309,0.406961929646505,2.3095290111820668,0.960644945979179,1.9906451670886989,0.04861944528567687,0.6806329053402401,-0.06827674781948408,-0.00017254489734686018,0.014127357241329382
2025-09-18,intersection_rec15_60_buy2_15,fixed_fold,SEQ_SLOT_50,46309,0.406961929646505,2.3095290111820668,0.9608114865258826,1.9908177119860457,0.048887048406791686,0.6805313089689766,-0.07873621159214049,0.0,0.0034607946160879343
2025-09-18,intersection_rec15_60_buy2_15,fixed_fold,SEQ_SLOT_75,46309,0.406961929646505,2.3095290111820668,0.9611137689371121,1.9911308545024087,0.04915465152790616,0.6803451951516495,-0.08919567536479693,0.0003131425163629409,-0.014127357241329302
2025-09-18,intersection_rec15_60_buy2_15,fixed_fold,BTYD05_FRESH1,46309,0.406961929646505,2.3095290111820668,0.9599551059321876,1.9899302966369405,0.04800786203089053,0.6808541633523659,-0.06131930590552328,-0.0008874153491051917,0.035331736224672006
2025-09-18,intersection_rec15_60_buy2_15,slice_shape_only,STRONGEST,46309,0.406961929646505,2.3095290111820668,0.9602321074203688,1.9902173797993592,4.787176003739041e-17,0.6805313089689766,-0.12762325999893212,0.0,
2025-09-18,intersection_rec15_60_buy2_15,slice_shape_only,CAP,46309,0.406961929646505,2.3095290111820668,0.9727438502427154,2.003141597420143,1.1292825444717738e-16,0.6717137986845538,-0.09966635431908,0.012924217620783773,-0.017233495664116114
2025-09-18,intersection_rec15_60_buy2_15,slice_shape_only,UNC,46309,0.406961929646505,2.3095290111820668,0.963485312010485,1.993585893342292,8.83786339151823e-17,0.6773429125401098,-0.17846572650859485,0.0033685135429328827,0.002273591339413536
2025-09-18,intersection_rec15_60_buy2_15,slice_shape_only,DIST,46309,0.406961929646505,2.3095290111820668,0.9637406922334042,1.9938500845401939,-6.014657030338796e-17,0.6797922433327747,-0.07320797441678575,0.003632704740834658,-0.01735624963161797
2025-09-18,intersection_rec15_60_buy2_15,slice_shape_only,ETX-AVG3,46309,0.406961929646505,2.3095290111820668,0.9621699227764011,1.9922245663807727,7.917252621568415e-17,0.6790538094979799,-0.18914582099700192,0.0020071865814135226,0.004550785061547959
2025-09-18,intersection_rec15_60_buy2_15,slice_shape_only,SEQ-AVG3,46309,0.406961929646505,2.3095290111820668,0.9611162954132204,1.9911334715397402,-7.610382364918476e-17,0.6798772457395517,-0.09379411527459197,0.0009160917403809865,0.021714889063829713
2025-09-18,intersection_rec15_60_buy2_15,slice_shape_only,BTYD,46309,0.406961929646505,2.3095290111820668,0.9993148786135213,2.030315730745045,1.2274810265997542e-18,0.6601730968148635,0.15898720664352872,0.04009835094568559,0.03401037344674853
2025-09-18,intersection_rec15_60_buy2_15,slice_shape_only,FRESH,46309,0.406961929646505,2.3095290111820668,0.9599874107685108,1.9899637793650953,7.978626672898402e-17,0.6806676940259899,-0.12365769126853694,-0.0002536004342639231,0.020709836522594935
2025-09-18,intersection_rec15_60_buy2_15,slice_shape_only,ZERO2D,46309,0.406961929646505,2.3095290111820668,0.9602373985040866,1.9902228630529317,3.191450669159361e-17,0.6805341627019389,-0.12608832018256913,5.48325357252466e-06,-0.0007525685308378187
2025-09-18,intersection_rec15_60_buy2_15,slice_shape_only,BTYD05,46309,0.406961929646505,2.3095290111820668,0.9595895499369487,1.9895513725543832,1.0126718469447971e-16,0.6807679388832338,-0.11329273666680895,-0.0006660072449760079,0.03401037344674845
2025-09-18,intersection_rec15_60_buy2_15,slice_shape_only,SEQ_SLOT_25,46309,0.406961929646505,2.3095290111820668,0.960071892447197,1.9900513387331764,4.0506873877791886e-17,0.6806329053402401,-0.116896193105161,-0.00016604106618278713,0.014127357241329382
2025-09-18,intersection_rec15_60_buy2_15,slice_shape_only,SEQ_SLOT_50,46309,0.406961929646505,2.3095290111820668,0.9602321074203688,1.9902173797993592,8.776489340188243e-17,0.6805313089689766,-0.1276232599989321,0.0,0.0034607946160879343
2025-09-18,intersection_rec15_60_buy2_15,slice_shape_only,SEQ_SLOT_75,46309,0.406961929646505,2.3095290111820668,0.9605280295374411,1.990524026477616,9.267481750828144e-17,0.6803451951516495,-0.13835032689270318,0.0003066466782568611,-0.014127357241329302
2025-09-18,intersection_rec15_60_buy2_15,slice_shape_only,BTYD05_FRESH1,46309,0.406961929646505,2.3095290111820668,0.9593963785885932,1.9893511079386679,8.346870980878329e-17,0.6808541633523659,-0.10932716793641378,-0.0008662718606913256,0.035331736224672006
2025-09-18,long_recency_gt60_or_never,fixed_fold,STRONGEST,48806,0.7448059664795312,0.9302331033596299,0.6493394633171974,1.59420583822926,0.0062551650851263366,0.7226494155333992,-0.07873621159214053,0.0,
2025-09-18,long_recency_gt60_or_never,fixed_fold,CAP,48806,0.7448059664795312,0.9302331033596299,0.6591525712308284,1.6062068423547389,-0.0012243498780617121,0.7088829538477388,-0.0475301842616148,0.012001004125478776,-0.007154005299305442
2025-09-18,long_recency_gt60_or_never,fixed_fold,UNC,48806,0.7448059664795312,0.9302331033596299,0.6517750155399711,1.5971928255561414,0.0057588534561296995,0.7200480559206288,-0.10853020840952435,0.0029869873268812963,-0.006226966534416441
2025-09-18,long_recency_gt60_or_never,fixed_fold,DIST,48806,0.7448059664795312,0.9302331033596299,0.6511261870686346,1.5963976414911003,0.04589699447676054,0.72172700266253,-0.04513225744261832,0.0021918032618402084,0.005328024517817625
2025-09-18,long_recency_gt60_or_never,fixed_fold,ETX-AVG3,48806,0.7448059664795312,0.9302331033596299,0.651233713307559,1.596529449696252,0.004717886331771759,0.7214028459594646,-0.13759103957230182,0.002323611466992004,-0.0004998124852413788
2025-09-18,long_recency_gt60_or_never,fixed_fold,SEQ-AVG3,48806,0.7448059664795312,0.9302331033596299,0.6521436943128839,1.5976444904935252,-0.0324917289980104,0.719867615959613,-0.04470435010357287,0.0034386522642650963,0.005929112645081431
2025-09-18,long_recency_gt60_or_never,fixed_fold,BTYD,48806,0.7448059664795312,0.9302331033596299,0.6721772866926908,1.6219983684765906,0.05171644032495218,0.6944430192703527,0.2696019021402007,0.027792530247330527,0.02566963116138911
2025-09-18,long_recency_gt60_or_never,fixed_fold,FRESH,48806,0.7448059664795312,0.9302331033596299,0.6492907826247538,1.5941460786558141,0.004666601306845763,0.722594422918849,-0.07873621159214048,-5.9759573445949954e-05,0.01030616878081725
2025-09-18,long_recency_gt60_or_never,fixed_fold,ZERO2D,48806,0.7448059664795312,0.9302331033596299,0.6493969462311165,1.594276400372893,-0.003826851182407188,0.7226543542226969,-0.07420304362670621,7.056214363299063e-05,-0.007136542732270242
2025-09-18,long_recency_gt60_or_never,fixed_fold,BTYD05,48806,0.7448059664795312,0.9302331033596299,0.6490674499242843,1.5938718905890568,0.008528228847117727,0.7228169709487896,-0.06131930590552335,-0.0003339476402033359,0.02566963116138911
2025-09-18,long_recency_gt60_or_never,fixed_fold,SEQ_SLOT_25,48806,0.7448059664795312,0.9302331033596299,0.649329648354691,1.5941937897318703,0.002073733714025059,0.7226085211539954,-0.06827674781948408,-1.2048497389782753e-05,0.004982062300133909
2025-09-18,long_recency_gt60_or_never,fixed_fold,SEQ_SLOT_50,48806,0.7448059664795312,0.9302331033596299,0.6493394633171974,1.59420583822926,0.006255165085126404,0.7226494155333992,-0.07873621159214049,0.0,0.005622729898217844
2025-09-18,long_recency_gt60_or_never,fixed_fold,SEQ_SLOT_75,48806,0.7448059664795312,0.9302331033596299,0.6494834539547052,1.5943825855268292,0.010436596456227645,0.7225413540960601,-0.08919567536479693,0.00017674729756911312,-0.004982062300133911
2025-09-18,long_recency_gt60_or_never,fixed_fold,BTYD05_FRESH1,48806,0.7448059664795312,0.9302331033596299,0.6490320950744881,1.5938284807179577,0.006939665068837141,0.7227469988213517,-0.06131930590552328,-0.0003773575113024119,0.025461126554753827
2025-09-18,long_recency_gt60_or_never,slice_shape_only,STRONGEST,48806,0.7448059664795312,0.9302331033596299,0.6493294665274245,1.5941935665263536,-2.795234300412639e-17,0.7226494155333992,-0.08499137667726689,0.0,
2025-09-18,long_recency_gt60_or_never,slice_shape_only,CAP,48806,0.7448059664795312,0.9302331033596299,0.6591521881564683,1.6062063756215617,6.900734679143701e-17,0.7088829538477388,-0.0463055834716181,0.012012809095208077,-0.007154005299305442
2025-09-18,long_recency_gt60_or_never,slice_shape_only,UNC,48806,0.7448059664795312,0.9302331033596299,0.6517664548375061,1.5971823364018087,-6.915723657146514e-05,0.7200480559206288,-0.11436685163246978,0.002988769875455155,-0.006226966534416441
2025-09-18,long_recency_gt60_or_never,slice_shape_only,DIST,48806,0.7448059664795312,0.9302331033596299,0.6505879773925074,1.5957377277160392,5.182830265348434e-17,0.72172700266253,-0.09102925191937881,0.001544161189685589,0.005328024517817625
2025-09-18,long_recency_gt60_or_never,slice_shape_only,ETX-AVG3,48806,0.7448059664795312,0.9302331033596299,0.6512280228152209,1.5965224744289541,-6.638681463480017e-17,0.7214028459594646,-0.1423120500237185,0.002328907902600541,-0.0004998124852413788
2025-09-18,long_recency_gt60_or_never,slice_shape_only,SEQ-AVG3,48806,0.7448059664795312,0.9302331033596299,0.6518759098652526,1.5973164429492077,-3.261106683814745e-17,0.719867615959613,-0.012167492525929908,0.0031228764228541372,0.005929112645081431
2025-09-18,long_recency_gt60_or_never,slice_shape_only,BTYD,48806,0.7448059664795312,0.9302331033596299,0.6714939413227363,1.6211736850630278,8.152766709536862e-17,0.6944430192703527,0.21788546181524857,0.026980118536674258,0.02566963116138911
2025-09-18,long_recency_gt60_or_never,slice_shape_only,FRESH,48806,0.7448059664795312,0.9302331033596299,0.6492852186595683,1.5941392482860313,-3.2028726358894817e-17,0.722594422918849,-0.08340281289898623,-5.431824032231525e-05,0.01030616878081725
2025-09-18,long_recency_gt60_or_never,slice_shape_only,ZERO2D,48806,0.7448059664795312,0.9302331033596299,0.6493932044019833,1.5942718072511444,-1.2811490543557926e-17,0.7226543542226969,-0.07037603561899035,7.824072479079014e-05,-0.007136542732270242
2025-09-18,long_recency_gt60_or_never,slice_shape_only,BTYD05,48806,0.7448059664795312,0.9302331033596299,0.6490488675715931,1.593849074700194,0.0,0.7228169709487896,-0.06984753475264106,-0.0003444918261594765,0.02566963116138911
2025-09-18,long_recency_gt60_or_never,slice_shape_only,SEQ_SLOT_25,48806,0.7448059664795312,0.9302331033596299,0.649328549629748,1.5941924409707084,-7.861596469910546e-18,0.7226085211539954,-0.07035048153350916,-1.1255556451317261e-06,0.004982062300133909
2025-09-18,long_recency_gt60_or_never,slice_shape_only,SEQ_SLOT_50,48806,0.7448059664795312,0.9302331033596299,0.6493294665274245,1.5941935665263536,3.668745019291588e-17,0.7226494155333992,-0.08499137667726685,0.0,0.005622729898217844
2025-09-18,long_recency_gt60_or_never,slice_shape_only,SEQ_SLOT_75,48806,0.7448059664795312,0.9302331033596299,0.6494556246988008,1.5943484268765804,1.8634895336084257e-17,0.7225413540960601,-0.099632336123541,0.00015486035022682643,-0.004982062300133911
2025-09-18,long_recency_gt60_or_never,slice_shape_only,BTYD05_FRESH1,48806,0.7448059664795312,0.9302331033596299,0.6490197906861852,1.5938133726997166,-1.6014363179447408e-17,0.7227469988213517,-0.06825897097436041,-0.00038019382663700974,0.025461126554753827
2025-09-18,hist_buy_days_0,fixed_fold,STRONGEST,25257,0.8523973551886606,0.5240756699911785,0.22867233124244257,1.3151068252187155,-0.0014448867495780737,0.6562749625866457,-0.07873621159214053,0.0,
2025-09-18,hist_buy_days_0,fixed_fold,CAP,25257,0.8523973551886606,0.5240756699911785,0.2328653567475091,1.3271092121662285,0.001184018018939734,0.615024764729957,-0.0475301842616148,0.012002386947512989,-0.0009358266536873461
2025-09-18,hist_buy_days_0,fixed_fold,UNC,25257,0.8523973551886606,0.5240756699911785,0.22948458418894369,1.3174404099106858,-0.00891566539204734,0.6528494814460264,-0.10853020840952435,0.002333584691970314,-0.016255149045126194
2025-09-18,hist_buy_days_0,fixed_fold,DIST,25257,0.8523973551886606,0.5240756699911785,0.22962860815626662,1.3178537562668151,0.06956273290633781,0.6552997209871823,-0.04513225744261832,0.0027469310480996434,0.00020917753379778896
2025-09-18,hist_buy_days_0,fixed_fold,ETX-AVG3,25257,0.8523973551886606,0.5240756699911785,0.22916287365512286,1.3165166373949049,-0.01368337088610797,0.6553135261012344,-0.13759103957230182,0.0014098121761894067,0.008906427138749309
2025-09-18,hist_buy_days_0,fixed_fold,SEQ-AVG3,25257,0.8523973551886606,0.5240756699911785,0.23027204886041425,1.319698839007768,-0.06254471795743473,0.6472584164846418,-0.04470435010357287,0.004592013789052496,0.00293351464343165
2025-09-18,hist_buy_days_0,fixed_fold,BTYD,25257,0.8523973551886606,0.5240756699911785,0.23407099900960449,1.3305402792116638,-0.004372603885445789,0.5688791463435785,0.2696019021402007,0.015433453992948376,0.011768280173931528
2025-09-18,hist_buy_days_0,fixed_fold,FRESH,25257,0.8523973551886606,0.5240756699911785,0.2286775410001537,1.3151218059312129,-0.0013397575429907084,0.656224102951663,-0.07873621159214048,1.498071249739219e-05,-0.0021573102486131214
2025-09-18,hist_buy_days_0,fixed_fold,ZERO2D,25257,0.8523973551886606,0.5240756699911785,0.22870870082508146,1.3152114027696014,-0.01668976982992494,0.6562808060870884,-0.07420304362670621,0.00010457755088588705,0.0015227053095317068
2025-09-18,hist_buy_days_0,fixed_fold,BTYD05,25257,0.8523973551886606,0.5240756699911785,0.2286434842274274,1.3150238722382692,-0.0015912726063713957,0.6565444987168719,-0.06131930590552335,-8.295298044624921e-05,0.011768280173931585
2025-09-18,hist_buy_days_0,fixed_fold,SEQ_SLOT_25,25257,0.8523973551886606,0.5240756699911785,0.22872025803047427,1.3152446327609428,-0.006941856556208357,0.6558043925979071,-0.06827674781948408,0.0001378075422273639,-0.002855628185497922
2025-09-18,hist_buy_days_0,fixed_fold,SEQ_SLOT_50,25257,0.8523973551886606,0.5240756699911785,0.22867233124244257,1.3151068252187155,-0.0014448867495780548,0.6562749625866457,-0.07873621159214049,0.0,-0.0005824792323814148
2025-09-18,hist_buy_days_0,fixed_fold,SEQ_SLOT_75,25257,0.8523973551886606,0.5240756699911785,0.22868740956585887,1.3151501826267953,0.004052083057052246,0.6563427671269634,-0.08919567536479693,4.335740807981381e-05,0.002855628185497984
2025-09-18,hist_buy_days_0,fixed_fold,BTYD05_FRESH1,25257,0.8523973551886606,0.5240756699911785,0.2286569430844489,1.3150625754138476,-0.001486143399783966,0.6564711123253851,-0.06131930590552328,-4.424980486783525e-05,0.008497321483409417
2025-09-18,hist_buy_days_0,slice_shape_only,STRONGEST,25257,0.8523973551886606,0.5240756699911785,0.22867205521060754,1.3151060314815417,1.772347957116297e-17,0.6562749625866457,-0.07729132484256244,0.0,
2025-09-18,hist_buy_days_0,slice_shape_only,CAP,25257,0.8523973551886606,0.5240756699911785,0.2328651713174385,1.3271086837793373,4.97945378427912e-17,0.615024764729957,-0.048714671254301546,0.012002652297795624,-0.0009358266536873461
2025-09-18,hist_buy_days_0,slice_shape_only,UNC,25257,0.8523973551886606,0.5240756699911785,0.2294740482062914,1.3174101667275195,9.002402321860555e-18,0.6528494814460264,-0.0995932194332534,0.002304135245977834,-0.016255149045126194
2025-09-18,hist_buy_days_0,slice_shape_only,DIST,25257,0.8523973551886606,0.5240756699911785,0.22898880578015865,1.3160165415823795,-9.058667336372185e-17,0.6552997209871823,-0.11469662798851198,0.0009105101008377581,0.00020917753379778896
2025-09-18,hist_buy_days_0,slice_shape_only,ETX-AVG3,25257,0.8523973551886606,0.5240756699911785,0.22913810065207707,1.3164454763215416,-3.150840812651195e-17,0.6553135261012344,-0.12389952612831828,0.001339444839999926,0.008906427138749309
2025-09-18,hist_buy_days_0,slice_shape_only,SEQ-AVG3,25257,0.8523973551886606,0.5240756699911785,0.22975600663285695,1.3182192797134111,4.97945378427912e-17,0.6472584164846418,0.01793946758291637,0.0031132482318694255,0.00293351464343165
2025-09-18,hist_buy_days_0,slice_shape_only,BTYD,25257,0.8523973551886606,0.5240756699911785,0.23406847104011191,1.3305330942670734,7.877102031627987e-18,0.5688791463435785,0.2739745060256465,0.015427062785531742,0.011768280173931528
2025-09-18,hist_buy_days_0,slice_shape_only,FRESH,25257,0.8523973551886606,0.5240756699911785,0.228677303674887,1.3151211235036493,3.3759008706977083e-18,0.656224102951663,-0.07739645404914978,1.5092022107587866e-05,-0.0021573102486131214
2025-09-18,hist_buy_days_0,slice_shape_only,ZERO2D,25257,0.8523973551886606,0.5240756699911785,0.22867186962934902,1.3151054978372325,-2.250600580465139e-18,0.6562808060870884,-0.05751267026755754,-5.33644309186343e-07,0.0015227053095317068
2025-09-18,hist_buy_days_0,slice_shape_only,BTYD05,25257,0.8523973551886606,0.5240756699911785,0.2286431494310664,1.3150229094612853,-1.0409027684651267e-17,0.6565444987168719,-0.05972803329915197,-8.31220202563987e-05,0.011768280173931585
2025-09-18,hist_buy_days_0,slice_shape_only,SEQ_SLOT_25,25257,0.8523973551886606,0.5240756699911785,0.2287138865137624,1.3152263130860866,-5.90782652372099e-18,0.6558043925979071,-0.06133489126327572,0.00012028160454491399,-0.002855628185497922
2025-09-18,hist_buy_days_0,slice_shape_only,SEQ_SLOT_50,25257,0.8523973551886606,0.5240756699911785,0.22867205521060754,1.3151060314815417,9.846377539534983e-18,0.6562749625866457,-0.07729132484256244,0.0,-0.0005824792323814148
2025-09-18,hist_buy_days_0,slice_shape_only,SEQ_SLOT_75,25257,0.8523973551886606,0.5240756699911785,0.22868523862379653,1.3151439402157437,-8.721077249302414e-18,0.6563427671269634,-0.09324775842184915,3.79087342019524e-05,0.002855628185497984
2025-09-18,hist_buy_days_0,slice_shape_only,BTYD05_FRESH1,25257,0.8523973551886606,0.5240756699911785,0.22865665106418442,1.3150617356732335,-9.002402321860555e-18,0.6564711123253851,-0.0598331625057393,-4.429580830822566e-05,0.008497321483409417
2025-09-18,hist_buy_days_1,fixed_fold,STRONGEST,16683,0.692681172450998,1.1121863121913522,0.26934557664729697,1.756155439149698,0.028346627042596433,0.6200894982906652,-0.07873621159214053,0.0,
2025-09-18,hist_buy_days_1,fixed_fold,CAP,16683,0.692681172450998,1.1121863121913522,0.272672217688414,1.7669671455915723,-0.01606535136691471,0.6018010903122981,-0.0475301842616148,0.010811706441874236,-0.015927841407843778
2025-09-18,hist_buy_days_1,fixed_fold,UNC,16683,0.692681172450998,1.1121863121913522,0.270213885051685,1.758983882730645,0.0074739222758025735,0.6159946075126201,-0.10853020840952435,0.0028284435809469155,-0.00391349616043253
2025-09-18,hist_buy_days_1,fixed_fold,DIST,16683,0.692681172450998,1.1121863121913522,0.27028310472303724,1.7592091644362644,0.06518535226633776,0.618144230015549,-0.04513225744261832,0.0030537252865663334,-0.007331165367687178
2025-09-18,hist_buy_days_1,fixed_fold,ETX-AVG3,16683,0.692681172450998,1.1121863121913522,0.2698077363756734,1.7576614532273565,0.042038582659865056,0.6205519473088636,-0.13759103957230182,0.0015060140776583797,0.012299188679569868
2025-09-18,hist_buy_days_1,fixed_fold,SEQ-AVG3,16683,0.692681172450998,1.1121863121913522,0.26976453670418854,1.7575207355482019,0.011915480024093844,0.6176855870579223,-0.04470435010357287,0.0013652963985038014,0.010771815734515125
2025-09-18,hist_buy_days_1,fixed_fold,BTYD,16683,0.692681172450998,1.1121863121913522,0.2807078958553794,1.7928144489519902,-0.15221687848054108,0.553247124964294,0.2696019021402007,0.036659009802292086,0.03587481306114687
2025-09-18,hist_buy_days_1,fixed_fold,FRESH,16683,0.692681172450998,1.1121863121913522,0.2692519400099661,1.7558501533042576,0.023685084700509795,0.6200734807674612,-0.07873621159214048,-0.00030528584544042836,0.0312777789990052
2025-09-18,hist_buy_days_1,fixed_fold,ZERO2D,16683,0.692681172450998,1.1121863121913522,0.26935391538837006,1.7561826235800724,0.020877067414350248,0.6200653454184786,-0.07420304362670621,2.718443037430518e-05,-0.014921987501323748
2025-09-18,hist_buy_days_1,fixed_fold,BTYD05,16683,0.692681172450998,1.1121863121913522,0.2691239162064194,1.7554326682115449,0.0193184517664397,0.6204900713973079,-0.06131930590552335,-0.0007227709381532055,0.03587481306114688
2025-09-18,hist_buy_days_1,fixed_fold,SEQ_SLOT_25,16683,0.692681172450998,1.1121863121913522,0.2693522627097811,1.756177235854655,0.024967489203496614,0.6198522566614162,-0.06827674781948408,2.1796704956944524e-05,-0.0006970547159367863
2025-09-18,hist_buy_days_1,fixed_fold,SEQ_SLOT_50,16683,0.692681172450998,1.1121863121913522,0.26934557664729697,1.756155439149698,0.02834662704259654,0.6200894982906652,-0.07873621159214049,0.0,-0.009830799686979592
2025-09-18,hist_buy_days_1,fixed_fold,SEQ_SLOT_75,16683,0.692681172450998,1.1121863121913522,0.2693793772481607,1.756265627049648,0.03172576488169635,0.6201509522442862,-0.08919567536479693,0.00011018789994987621,0.0006970547159366192
2025-09-18,hist_buy_days_1,fixed_fold,BTYD05_FRESH1,16683,0.692681172450998,1.1121863121913522,0.2690532320213608,1.7552021248288765,0.014656909424352983,0.6204432171882304,-0.06131930590552328,-0.0009533143208215744,0.038261520426426714
2025-09-18,hist_buy_days_1,slice_shape_only,STRONGEST,16683,0.692681172450998,1.1121863121913522,0.269275400952551,1.7559266485791416,5.621988918080275e-17,0.6200894982906652,-0.10708283863473698,0.0,
2025-09-18,hist_buy_days_1,slice_shape_only,CAP,16683,0.692681172450998,1.1121863121913522,0.27264967714414434,1.7668941106035434,-2.0443596065746454e-17,0.6018010903122981,-0.031464832894700076,0.010967462024401797,-0.015927841407843778
2025-09-18,hist_buy_days_1,slice_shape_only,UNC,16683,0.692681172450998,1.1121863121913522,0.2702090066102499,1.7589680043116165,8.85889162849013e-17,0.6159946075126201,-0.11600413068532689,0.003041355732474882,-0.00391349616043253
2025-09-18,hist_buy_days_1,slice_shape_only,DIST,16683,0.692681172450998,1.1121863121913522,0.2699120106866865,1.7580010677148217,9.881071431777453e-17,0.618144230015549,-0.11031760970895603,0.0020744191356800723,-0.007331165367687178
2025-09-18,hist_buy_days_1,slice_shape_only,ETX-AVG3,16683,0.692681172450998,1.1121863121913522,0.26965339581556924,1.7571586558217367,1.703633005478871e-17,0.6205519473088636,-0.17962962223216686,0.00123200724259509,0.012299188679569868
2025-09-18,hist_buy_days_1,slice_shape_only,SEQ-AVG3,16683,0.692681172450998,1.1121863121913522,0.26975213712269436,1.7574803433374975,1.0221798032873227e-17,0.6176855870579223,-0.056619830127666755,0.0015536947583558725,0.010771815734515125
2025-09-18,hist_buy_days_1,slice_shape_only,BTYD,16683,0.692681172450998,1.1121863121913522,0.2786843662412022,1.7863408606077027,0.0,0.553247124964294,0.4218187806207418,0.030414212028561094,0.03587481306114687
2025-09-18,hist_buy_days_1,slice_shape_only,FRESH,16683,0.692681172450998,1.1121863121913522,0.2692029470334061,1.755690399136851,-4.259082513697178e-17,0.6200734807674612,-0.10242129629265025,-0.0002362494422905037,0.0312777789990052
2025-09-18,hist_buy_days_1,slice_shape_only,ZERO2D,16683,0.692681172450998,1.1121863121913522,0.2693158506430288,1.7560585284724317,2.0443596065746454e-17,0.6200653454184786,-0.09508011104105649,0.00013187989329010996,-0.014921987501323748
2025-09-18,hist_buy_days_1,slice_shape_only,BTYD05,16683,0.692681172450998,1.1121863121913522,0.26909132288816445,1.755326365678375,-8.518165027394355e-18,0.6204900713973079,-0.08063775767196299,-0.0006002829007665245,0.03587481306114688
2025-09-18,hist_buy_days_1,slice_shape_only,SEQ_SLOT_25,16683,0.692681172450998,1.1121863121913522,0.2692978207584541,1.7559997460754284,4.429445814245065e-17,0.6198522566614162,-0.09324423702298072,7.309749628681139e-05,-0.0006970547159367863
2025-09-18,hist_buy_days_1,slice_shape_only,SEQ_SLOT_50,16683,0.692681172450998,1.1121863121913522,0.269275400952551,1.7559266485791416,4.259082513697178e-17,0.6200894982906652,-0.10708283863473698,0.0,-0.009830799686979592
2025-09-18,hist_buy_days_1,slice_shape_only,SEQ_SLOT_75,16683,0.692681172450998,1.1121863121913522,0.26929147334806014,1.7559790512983817,-2.7258128087661937e-17,0.6201509522442862,-0.12092144024649323,5.2402719240118856e-05,0.0006970547159366192
2025-09-18,hist_buy_days_1,slice_shape_only,BTYD05_FRESH1,16683,0.692681172450998,1.1121863121913522,0.2690344704698739,1.755140927108114,2.3850862076704197e-17,0.6204432171882304,-0.07597621532987625,-0.0007857214710276228,0.038261520426426714
2025-09-18,hist_buy_days_2_3,fixed_fold,STRONGEST,27608,0.5692915097073312,1.5787273317468786,0.5346404426165817,1.92335094358114,0.06191776794686224,0.6215132515291131,-0.07873621159214053,0.0,
2025-09-18,hist_buy_days_2_3,fixed_fold,CAP,27608,0.5692915097073312,1.5787273317468786,0.5411777883055456,1.935074156118914,0.03194483280390216,0.6091513299204,-0.0475301842616148,0.011723212537773975,-0.01820398670479779
2025-09-18,hist_buy_days_2_3,fixed_fold,UNC,27608,0.5692915097073312,1.5787273317468786,0.5368269110226198,1.9272798039468073,0.06371614794101567,0.616616227331882,-0.10853020840952435,0.003928860365667308,-0.0016714430013797818
2025-09-18,hist_buy_days_2_3,fixed_fold,DIST,27608,0.5692915097073312,1.5787273317468786,0.5365702693282197,1.926819060013865,0.06405285187195704,0.6200799764153244,-0.04513225744261832,0.0034681164327250436,-0.01604355997058262
2025-09-18,hist_buy_days_2_3,fixed_fold,ETX-AVG3,27608,0.5692915097073312,1.5787273317468786,0.535778800971863,1.9253974576759465,0.08562955641638195,0.6202264496131262,-0.13759103957230182,0.0020465140948064953,0.013779842466017432
2025-09-18,hist_buy_days_2_3,fixed_fold,SEQ-AVG3,27608,0.5692915097073312,1.5787273317468786,0.5349885435427971,1.9239769823605974,0.04745696161307317,0.6202441818886936,-0.04470435010357287,0.0006260387794574385,0.017905316754115528
2025-09-18,hist_buy_days_2_3,fixed_fold,BTYD,27608,0.5692915097073312,1.5787273317468786,0.5615801016973934,1.971212691291781,-0.1103480796005428,0.5592298214582976,0.2696019021402007,0.04786174771064089,0.030992128547499637
2025-09-18,hist_buy_days_2_3,fixed_fold,FRESH,27608,0.5692915097073312,1.5787273317468786,0.534414950257486,1.9229453002303716,0.055564391230751624,0.621362388068154,-0.07873621159214048,-0.0004056433507684254,0.022482366405905584
2025-09-18,hist_buy_days_2_3,fixed_fold,ZERO2D,27608,0.5692915097073312,1.5787273317468786,0.5346820283348096,1.9234257437353546,0.061508780496234546,0.6215284315127536,-0.07420304362670621,7.480015421457153e-05,-0.01418648782587941
2025-09-18,hist_buy_days_2_3,fixed_fold,BTYD05,27608,0.5692915097073312,1.5787273317468786,0.5341640154728945,1.9224937872990213,0.05330447556949215,0.621525253186958,-0.06131930590552335,-0.0008571562821186873,0.030992128547499668
2025-09-18,hist_buy_days_2_3,fixed_fold,SEQ_SLOT_25,27608,0.5692915097073312,1.5787273317468786,0.5345665514807041,1.9232180285551013,0.05763306223891442,0.6215761920111582,-0.06827674781948408,-0.00013291502603873795,0.0040298498560859975
2025-09-18,hist_buy_days_2_3,fixed_fold,SEQ_SLOT_50,27608,0.5692915097073312,1.5787273317468786,0.5346404426165817,1.9233509435811398,0.06191776794686238,0.6215132515291131,-0.07873621159214049,-2.220446049250313e-16,-0.0035152766247883538
2025-09-18,hist_buy_days_2_3,fixed_fold,SEQ_SLOT_75,27608,0.5692915097073312,1.5787273317468786,0.5347895890726018,1.9236191995441532,0.06620247365481008,0.6213456777795008,-0.08919567536479693,0.00026825596301316423,-0.004029849856086218
2025-09-18,hist_buy_days_2_3,fixed_fold,BTYD05_FRESH1,27608,0.5692915097073312,1.5787273317468786,0.5339900576727202,1.9221807186412834,0.04695109885338138,0.6213161846283463,-0.06131930590552328,-0.0011702249398566344,0.03221995147135446
2025-09-18,hist_buy_days_2_3,slice_shape_only,STRONGEST,27608,0.5692915097073312,1.5787273317468786,0.5340863589828402,1.9223540366402179,7.206315778500002e-17,0.6215132515291131,-0.1406539795390028,0.0,
2025-09-18,hist_buy_days_2_3,slice_shape_only,CAP,27608,0.5692915097073312,1.5787273317468786,0.5410303039425464,1.9348104603129626,-8.068499987713395e-17,0.6091513299204,-0.07947501706551692,0.012456423672744688,-0.01820398670479779
2025-09-18,hist_buy_days_2_3,slice_shape_only,UNC,27608,0.5692915097073312,1.5787273317468786,0.5362401736363456,1.9262262834861337,-1.724368418426786e-17,0.616616227331882,-0.17224635635054,0.0038722468459158055,-0.0016714430013797818
2025-09-18,hist_buy_days_2_3,slice_shape_only,DIST,27608,0.5692915097073312,1.5787273317468786,0.5359773144043534,1.9257541177938016,1.0166052616098218e-16,0.6200799764153244,-0.10918510931457537,0.0034000811535837006,-0.01604355997058262
2025-09-18,hist_buy_days_2_3,slice_shape_only,ETX-AVG3,27608,0.5692915097073312,1.5787273317468786,0.5347190785423775,1.9234923834247257,7.489421041226788e-17,0.6202264496131262,-0.22322059598868377,0.0011383467845078599,0.013779842466017432
2025-09-18,hist_buy_days_2_3,slice_shape_only,SEQ-AVG3,27608,0.5692915097073312,1.5787273317468786,0.5346630483365221,1.9233916048085076,-8.390210513539288e-17,0.6202441818886936,-0.09216131171664602,0.0010375681682897042,0.017905316754115528
2025-09-18,hist_buy_days_2_3,slice_shape_only,BTYD,27608,0.5692915097073312,1.5787273317468786,0.5598202571905302,1.9681216363929994,-3.320052626523215e-17,0.5592298214582976,0.37994998174074346,0.04576759975278155,0.030992128547499637
2025-09-18,hist_buy_days_2_3,slice_shape_only,FRESH,27608,0.5692915097073312,1.5787273317468786,0.5339687417370144,1.9221423532364166,-1.4155263136339288e-17,0.621362388068154,-0.13430060282289202,-0.00021168340380128825,0.022482366405905584
2025-09-18,hist_buy_days_2_3,slice_shape_only,ZERO2D,27608,0.5692915097073312,1.5787273317468786,0.5341352403395361,1.9224420047392243,5.932342096229466e-17,0.6215284315127536,-0.13571182412294075,8.796809900646352e-05,-0.01418648782587941
2025-09-18,hist_buy_days_2_3,slice_shape_only,BTYD05,27608,0.5692915097073312,1.5787273317468786,0.5337533652264278,1.921754665686439,4.014947362307144e-17,0.621525253186958,-0.1146237814750154,-0.0005993709537788217,0.030992128547499668
2025-09-18,hist_buy_days_2_3,slice_shape_only,SEQ_SLOT_25,27608,0.5692915097073312,1.5787273317468786,0.5340864996509506,1.9223542897958055,-7.823999988085717e-17,0.6215761920111582,-0.12590981005839855,2.531555876039704e-07,0.0040298498560859975
2025-09-18,hist_buy_days_2_3,slice_shape_only,SEQ_SLOT_50,27608,0.5692915097073312,1.5787273317468786,0.5340863589828402,1.9223540366402179,6.292657885154466e-17,0.6215132515291131,-0.14065397953900277,0.0,-0.0035152766247883538
2025-09-18,hist_buy_days_2_3,slice_shape_only,SEQ_SLOT_75,27608,0.5692915097073312,1.5787273317468786,0.534156167030265,1.9224796636991697,-2.058947365285715e-17,0.6213456777795008,-0.15539814901960702,0.00012562705895180493,-0.004029849856086218
2025-09-18,hist_buy_days_2_3,slice_shape_only,BTYD05_FRESH1,27608,0.5692915097073312,1.5787273317468786,0.5336714646502825,1.9216072203842232,-5.842263148998215e-17,0.6213161846283463,-0.10827040475890465,-0.0007468162559947089,0.03221995147135446
2025-09-18,hist_buy_days_4_10,fixed_fold,STRONGEST,59344,0.34091062280938256,2.611598664002503,1.2663741103042048,2.0190064567352377,0.015780272120738764,0.6537992880767265,-0.07873621159214053,0.0,
2025-09-18,hist_buy_days_4_10,fixed_fold,CAP,59344,0.34091062280938256,2.611598664002503,1.2818163727220464,2.031279115971216,0.018745358157323335,0.6441214580598762,-0.0475301842616148,0.01227265923597809,-0.01717765567565444
2025-09-18,hist_buy_days_4_10,fixed_fold,UNC,59344,0.34091062280938256,2.611598664002503,1.2716200261100192,2.023183970977521,0.026086032261480603,0.6497638555460643,-0.10853020840952435,0.004177514242283298,-0.0042441161285424805
2025-09-18,hist_buy_days_4_10,fixed_fold,DIST,59344,0.34091062280938256,2.611598664002503,1.269986104314294,2.021883744929518,-0.008493851350792567,0.6536215541321251,-0.04513225744261832,0.0028772881942802364,-0.011361333249479995
2025-09-18,hist_buy_days_4_10,fixed_fold,ETX-AVG3,59344,0.34091062280938256,2.611598664002503,1.2687909268478965,2.0209321287297892,0.03113558158299097,0.6525562764666826,-0.13759103957230182,0.0019256719945515144,0.007372803062560388
2025-09-18,hist_buy_days_4_10,fixed_fold,SEQ-AVG3,59344,0.34091062280938256,2.611598664002503,1.2679706273804099,2.020278735981571,0.01681827235814702,0.6521806713367212,-0.04470435010357287,0.00127227924633333,0.019070488118040668
2025-09-18,hist_buy_days_4_10,fixed_fold,BTYD,59344,0.34091062280938256,2.611598664002503,1.339544375734378,2.0765158423475,-0.04306293596045713,0.6062194131890135,0.2696019021402007,0.057509385612262154,0.025789277346367875
2025-09-18,hist_buy_days_4_10,fixed_fold,FRESH,59344,0.34091062280938256,2.611598664002503,1.2660531011718164,2.0187505447644654,0.012364893165732468,0.6539260075516985,-0.07873621159214048,-0.00025591197077234895,0.01844067889860064
2025-09-18,hist_buy_days_4_10,fixed_fold,ZERO2D,59344,0.34091062280938256,2.611598664002503,1.2664446471159307,2.0190626851017597,0.019818843076603497,0.6537999085784814,-0.07420304362670621,5.622836652197094e-05,-0.010631761752268211
2025-09-18,hist_buy_days_4_10,fixed_fold,BTYD05,59344,0.34091062280938256,2.611598664002503,1.2657021166676967,2.018470698969525,0.012838111716678974,0.6538543155877461,-0.06131930590552335,-0.0005357577657125745,0.02578927734636781
2025-09-18,hist_buy_days_4_10,fixed_fold,SEQ_SLOT_25,59344,0.34091062280938256,2.611598664002503,1.266231464115028,2.018892741646871,0.014179286040368087,0.6537837344609474,-0.06827674781948408,-0.00011371508836655053,0.01019794439284403
2025-09-18,hist_buy_days_4_10,fixed_fold,SEQ_SLOT_50,59344,0.34091062280938256,2.611598664002503,1.2663741103042048,2.0190064567352377,0.015780272120738764,0.6537992880767265,-0.07873621159214049,0.0,0.00854219570498317
2025-09-18,hist_buy_days_4_10,fixed_fold,SEQ_SLOT_75,59344,0.34091062280938256,2.611598664002503,1.2666984319941115,2.0192649765760735,0.017381258201109057,0.6537179739124457,-0.08919567536479693,0.0002585198408358025,-0.010197944392843843
2025-09-18,hist_buy_days_4_10,fixed_fold,BTYD05_FRESH1,59344,0.34091062280938256,2.611598664002503,1.2654432770273212,2.0182642969509037,0.00942273276167264,0.6539308445587587,-0.06131930590552328,-0.0007421597843340066,0.029044387209746003
2025-09-18,hist_buy_days_4_10,slice_shape_only,STRONGEST,59344,0.34091062280938256,2.611598664002503,1.2662967504604772,2.0189447875933544,6.321895465107389e-17,0.6537992880767265,-0.0945164837128792,0.0,
2025-09-18,hist_buy_days_4_10,slice_shape_only,CAP,59344,0.34091062280938256,2.611598664002503,1.281707210066258,2.031192619750367,-9.195484312883475e-17,0.6441214580598762,-0.06627554241893824,0.012247832157012528,-0.01717765567565444
2025-09-18,hist_buy_days_4_10,slice_shape_only,UNC,59344,0.34091062280938256,2.611598664002503,1.271408627239919,2.023015793151705,1.427215794395456e-16,0.6497638555460643,-0.13461624067100492,0.0040710055583508264,-0.0042441161285424805
2025-09-18,hist_buy_days_4_10,slice_shape_only,DIST,59344,0.34091062280938256,2.611598664002503,1.2699636915243915,2.0218659036888282,2.203084783294999e-17,0.6536215541321251,-0.036638406091825906,0.0029211160954738524,-0.011361333249479995
2025-09-18,hist_buy_days_4_10,slice_shape_only,ETX-AVG3,59344,0.34091062280938256,2.611598664002503,1.2684897645707198,2.020692268627711,-1.0344919851993909e-16,0.6525562764666826,-0.16872662115529283,0.0017474810343567349,0.007372803062560388
2025-09-18,hist_buy_days_4_10,slice_shape_only,SEQ-AVG3,59344,0.34091062280938256,2.611598664002503,1.2678827556112922,2.0202087309914742,1.0823851326623257e-16,0.6521806713367212,-0.06152262246171971,0.00126394339811986,0.019070488118040668
2025-09-18,hist_buy_days_4_10,slice_shape_only,BTYD,59344,0.34091062280938256,2.611598664002503,1.3389682810346342,2.076069273185895,-6.13032287525565e-17,0.6062194131890135,0.3126648381006577,0.0571244855925408,0.025789277346367875
2025-09-18,hist_buy_days_4_10,slice_shape_only,FRESH,59344,0.34091062280938256,2.611598664002503,1.2660056040444376,2.0187126767828616,1.2643790930214778e-16,0.6539260075516985,-0.09110110475787286,-0.00023211081049279159,0.01844067889860064
2025-09-18,hist_buy_days_4_10,slice_shape_only,ZERO2D,59344,0.34091062280938256,2.611598664002503,1.2663226236923848,2.0189654132325874,1.3410081289621734e-17,0.6537999085784814,-0.09402188670330959,2.0625639232996207e-05,-0.010631761752268211
2025-09-18,hist_buy_days_4_10,slice_shape_only,BTYD05,59344,0.34091062280938256,2.611598664002503,1.2656509144338466,2.0184298713321884,4.885101041219346e-17,0.6538543155877461,-0.07415741762220222,-0.0005149162611659541,0.02578927734636781
2025-09-18,hist_buy_days_4_10,slice_shape_only,SEQ_SLOT_25,59344,0.34091062280938256,2.611598664002503,1.2661690050706893,2.0188429483547763,-1.015334726214217e-16,0.6537837344609474,-0.08245603385985222,-0.00010183923857809418,0.01019794439284403
2025-09-18,hist_buy_days_4_10,slice_shape_only,SEQ_SLOT_50,59344,0.34091062280938256,2.611598664002503,1.2662967504604774,2.018944787593355,2.5862299629984772e-17,0.6537992880767265,-0.09451648371287914,4.440892098500626e-16,0.00854219570498317
2025-09-18,hist_buy_days_4_10,slice_shape_only,SEQ_SLOT_75,59344,0.34091062280938256,2.611598664002503,1.2666045788059865,2.019190168728572,1.7049960496804776e-16,0.6537179739124457,-0.10657693356590613,0.00024538113521765936,-0.010197944392843843
2025-09-18,hist_buy_days_4_10,slice_shape_only,BTYD05_FRESH1,59344,0.34091062280938256,2.611598664002503,1.2654156940999335,2.01824230072953,1.1206996506326736e-16,0.6539308445587587,-0.0707420386671959,-0.0007024868638243476,0.029044387209746003
2025-09-18,hist_buy_days_11plus,fixed_fold,STRONGEST,62133,0.08687814848792107,4.4115355906604385,0.8003615091229123,1.5686535609168384,-0.04960815477327063,0.7506304196368307,-0.07873621159214053,0.0,
2025-09-18,hist_buy_days_11plus,fixed_fold,CAP,62133,0.08687814848792107,4.4115355906604385,0.8115717452168772,1.5796010066744797,-0.028265880688015405,0.7430166518136014,-0.0475301842616148,0.010947445757641283,-0.021224317161387677
2025-09-18,hist_buy_days_11plus,fixed_fold,UNC,62133,0.08687814848792107,4.4115355906604385,0.804492537759818,1.572696616752317,-0.051609119073618426,0.7466901626233493,-0.10853020840952435,0.004043055835478704,-0.006017052301139334
2025-09-18,hist_buy_days_11plus,fixed_fold,DIST,62133,0.08687814848792107,4.4115355906604385,0.8046057839185116,1.5728073049035398,-0.06612822810413535,0.7514105508560123,-0.04513225744261832,0.00415374398670143,-0.010109956780766028
2025-09-18,hist_buy_days_11plus,fixed_fold,ETX-AVG3,62133,0.08687814848792107,4.4115355906604385,0.802943463790642,1.57118175044756,-0.07351165279398356,0.7499540938901578,-0.13759103957230182,0.0025281895307216473,0.012202328333175671
2025-09-18,hist_buy_days_11plus,fixed_fold,SEQ-AVG3,62133,0.08687814848792107,4.4115355906604385,0.8025415219427067,1.5707884458268817,-0.015155286838745357,0.747545933293025,-0.04470435010357287,0.002134884910043322,0.015894312788154147
2025-09-18,hist_buy_days_11plus,fixed_fold,BTYD,62133,0.08687814848792107,4.4115355906604385,0.859133233524322,1.6252276485752566,0.1328100959759661,0.7093687255214624,0.2696019021402007,0.056574087658418204,0.02227404546004191
2025-09-18,hist_buy_days_11plus,fixed_fold,FRESH,62133,0.08687814848792107,4.4115355906604385,0.8004195002323484,1.5687103891822811,-0.04231413170008041,0.7523813627136791,-0.07873621159214048,5.682826544273212e-05,0.0033492193437595764
2025-09-18,hist_buy_days_11plus,fixed_fold,ZERO2D,62133,0.08687814848792107,4.4115355906604385,0.8002220581627485,1.5685168978139428,-0.04508107502546462,0.7506304163715836,-0.07420304362670621,-0.00013666310289561778,0.00016955803638826788
2025-09-18,hist_buy_days_11plus,fixed_fold,BTYD05,62133,0.08687814848792107,4.4115355906604385,0.7997504960388465,1.568054674764937,-0.04048724223580889,0.7503428427888306,-0.06131930590552335,-0.00059888615190129,0.02227404546004189
2025-09-18,hist_buy_days_11plus,fixed_fold,SEQ_SLOT_25,62133,0.08687814848792107,4.4115355906604385,0.8001656985856245,1.5684616615799851,-0.043033352395881776,0.7504053298237586,-0.06827674781948408,-0.00019189933685326288,0.005368092726984018
2025-09-18,hist_buy_days_11plus,fixed_fold,SEQ_SLOT_50,62133,0.08687814848792107,4.4115355906604385,0.8003615091229123,1.5686535609168384,-0.04960815477327068,0.7506304196368307,-0.07873621159214049,0.0,0.0010161060119443896
2025-09-18,hist_buy_days_11plus,fixed_fold,SEQ_SLOT_75,62133,0.08687814848792107,4.4115355906604385,0.8007788778517202,1.5690625146234303,-0.056182957150659726,0.7507440339118121,-0.08919567536479693,0.0004089537065918858,-0.005368092726983927
2025-09-18,hist_buy_days_11plus,fixed_fold,BTYD05_FRESH1,62133,0.08687814848792107,4.4115355906604385,0.7997728762003808,1.5680766147772165,-0.033193219162618685,0.7521059554418495,-0.06131930590552328,-0.0005769461396218922,0.01595560579488935
2025-09-18,hist_buy_days_11plus,slice_shape_only,STRONGEST,62133,0.08687814848792107,4.4115355906604385,0.7995610516533654,1.567868943871607,1.1710295035139822e-16,0.7506304196368307,-0.02912805681886977,0.0,
2025-09-18,hist_buy_days_11plus,slice_shape_only,CAP,62133,0.08687814848792107,4.4115355906604385,0.811311874611628,1.5793480871156809,-8.965694636278927e-17,0.7430166518136014,-0.01926430357359952,0.011479143244073953,-0.021224317161387677
2025-09-18,hist_buy_days_11plus,slice_shape_only,UNC,62133,0.08687814848792107,4.4115355906604385,0.8036262044615992,1.5718495943227613,1.2076241754987943e-16,0.7466901626233493,-0.0569210893359059,0.003980650451154366,-0.006017052301139334
2025-09-18,hist_buy_days_11plus,slice_shape_only,DIST,62133,0.08687814848792107,4.4115355906604385,0.8031834358510054,1.571416518878984,1.9395176151950331e-16,0.7514105508560123,0.02099597066151713,0.003547575007377013,-0.010109956780766028
2025-09-18,hist_buy_days_11plus,slice_shape_only,ETX-AVG3,62133,0.08687814848792107,4.4115355906604385,0.8011857648555549,1.5694610953581984,-1.8846256072178152e-16,0.7499540938901578,-0.06407938677831806,0.001592151486591531,0.012202328333175671
2025-09-18,hist_buy_days_11plus,slice_shape_only,SEQ-AVG3,62133,0.08687814848792107,4.4115355906604385,0.8024668150907769,1.5707153334783694,1.5278275553658988e-16,0.747545933293025,-0.029549063264827577,0.002846389606762534,0.015894312788154147
2025-09-18,hist_buy_days_11plus,slice_shape_only,BTYD,62133,0.08687814848792107,4.4115355906604385,0.8533961087388389,1.6197920817500968,1.1344348315291704e-16,0.7093687255214624,0.13679180616423448,0.0519231378784899,0.02227404546004191
2025-09-18,hist_buy_days_11plus,slice_shape_only,FRESH,62133,0.08687814848792107,4.4115355906604385,0.799837124885778,1.5681395981821555,-5.0317673979116426e-17,0.7523813627136791,-0.03642207989205998,0.00027065431054862366,0.0033492193437595764
2025-09-18,hist_buy_days_11plus,slice_shape_only,ZERO2D,62133,0.08687814848792107,4.4115355906604385,0.7995610289648932,1.5678689216265569,-1.344854195441839e-16,0.7506304163715836,-0.0291219686012417,-2.224505002423882e-08,0.00016955803638826788
2025-09-18,hist_buy_days_11plus,slice_shape_only,BTYD05,62133,0.08687814848792107,4.4115355906604385,0.7992173225985553,1.5675318964117801,1.4637868793924777e-17,0.7503428427888306,-0.02083206366971436,-0.000337047459826767,0.02227404546004189
2025-09-18,hist_buy_days_11plus,slice_shape_only,SEQ_SLOT_25,62133,0.08687814848792107,4.4115355906604385,0.7995633575173077,1.5678712046682342,7.13596103703833e-17,0.7504053298237586,-0.025243395423602055,2.2607966272403246e-06,0.005368092726984018
2025-09-18,hist_buy_days_11plus,slice_shape_only,SEQ_SLOT_50,62133,0.08687814848792107,4.4115355906604385,0.7995610516533654,1.567868943871607,6.49555427730412e-17,0.7506304196368307,-0.029128056818869714,0.0,0.0010161060119443896
2025-09-18,hist_buy_days_11plus,slice_shape_only,SEQ_SLOT_75,62133,0.08687814848792107,4.4115355906604385,0.7997521831909084,1.5680563287465823,6.67852763722818e-17,0.7507440339118121,-0.03301271821413739,0.0001873848749753826,-0.005368092726983927
2025-09-18,hist_buy_days_11plus,slice_shape_only,BTYD05_FRESH1,62133,0.08687814848792107,4.4115355906604385,0.7994145068479785,1.5677252565461834,-1.5552735593545078e-16,0.7521059554418495,-0.028126086742904573,-0.0001436873254234694,0.01595560579488935
2025-09-18,actual_target_zero,fixed_fold,STRONGEST,74431,1.0,0.0,1.3705171919923147,1.875471293566372,1.5580597535737628,,-0.07873621159214053,0.0,
2025-09-18,actual_target_zero,fixed_fold,CAP,74431,1.0,0.0,1.3754840349409307,1.8788666347509713,1.5608607590125103,,-0.0475301842616148,0.0033953411845992765,0.07490886575105885
2025-09-18,actual_target_zero,fixed_fold,UNC,74431,1.0,0.0,1.383293451211847,1.8841927903619111,1.5584454925131253,,-0.10853020840952435,0.00872149679553913,-0.09930792397735959
2025-09-18,actual_target_zero,fixed_fold,DIST,74431,1.0,0.0,1.3690884645874346,1.8744934744078456,1.5760367838933456,,-0.04513225744261832,-0.0009778191585263496,0.37281463379098756
2025-09-18,actual_target_zero,fixed_fold,ETX-AVG3,74431,1.0,0.0,1.384276433997399,1.8848621350180468,1.5592426883848183,,-0.13759103957230182,0.009390841451674792,-0.12221551907791442
2025-09-18,actual_target_zero,fixed_fold,SEQ-AVG3,74431,1.0,0.0,1.3653936357995817,1.8719623700311339,1.5352774301972385,,-0.04470435010357287,-0.0035089235352381287,-0.19729245252494232
2025-09-18,actual_target_zero,fixed_fold,BTYD,74431,1.0,0.0,1.3811791187106313,1.8827522668392476,1.535749715878344,,0.2696019021402007,0.007280973272875579,0.09657017943219003
2025-09-18,actual_target_zero,fixed_fold,FRESH,74431,1.0,0.0,1.3670050282317385,1.8730666583691993,1.5554420720406819,,-0.07873621159214048,-0.002404635197172711,0.03982038511913983
2025-09-18,actual_target_zero,fixed_fold,ZERO2D,74431,1.0,0.0,1.3711479863390985,1.8759028461954186,1.5533525899360807,,-0.07420304362670621,0.0004315526290465943,-0.8433277206780497
2025-09-18,actual_target_zero,fixed_fold,BTYD05,74431,1.0,0.0,1.3676628300748594,1.8735172633370512,1.556944251688992,,-0.06131930590552335,-0.0019540302293208356,0.09657017943219194
2025-09-18,actual_target_zero,fixed_fold,SEQ_SLOT_25,74431,1.0,0.0,1.3683171511627374,1.8739653764390363,1.5553701532885418,,-0.06827674781948408,-0.0015059171273357208,-0.07500725191539163
2025-09-18,actual_target_zero,fixed_fold,SEQ_SLOT_50,74431,1.0,0.0,1.3705171919923147,1.875471293566372,1.558059753573763,,-0.07873621159214049,0.0,0.09428958256786599
2025-09-18,actual_target_zero,fixed_fold,SEQ_SLOT_75,74431,1.0,0.0,1.3729178662117194,1.8771131648516233,1.560749353858984,,-0.08919567536479693,0.001641871285251284,0.07500725191539306
2025-09-18,actual_target_zero,fixed_fold,BTYD05_FRESH1,74431,1.0,0.0,1.3642156442995754,1.8711546792921911,1.5543265701559108,,-0.06131930590552328,-0.004316614274180841,0.09208436738159057
2025-09-18,actual_target_zero,slice_shape_only,STRONGEST,74431,1.0,0.0,0.0,0.0,0.0,,-6.70785276889801,0.0,
2025-09-18,actual_target_zero,slice_shape_only,CAP,74431,1.0,0.0,0.0,0.0,0.0,,-6.7887444496154785,0.0,0.07490886575105885
2025-09-18,actual_target_zero,slice_shape_only,UNC,74431,1.0,0.0,0.0,0.0,0.0,,-6.775738716125488,0.0,-0.09930792397735959
2025-09-18,actual_target_zero,slice_shape_only,DIST,74431,1.0,0.0,0.0,0.0,0.0,,-6.555022239685059,0.0,0.37281463379098756
2025-09-18,actual_target_zero,slice_shape_only,ETX-AVG3,74431,1.0,0.0,0.0,0.0,0.0,,-6.791666507720947,0.0,-0.12221551907791442
2025-09-18,actual_target_zero,slice_shape_only,SEQ-AVG3,74431,1.0,0.0,0.0,0.0,0.0,,-6.75,0.0,-0.19729245252494232
2025-09-18,actual_target_zero,slice_shape_only,BTYD,74431,1.0,0.0,0.0,0.0,0.0,,-7.029777428923261,0.0,0.09657017943219003
2025-09-18,actual_target_zero,slice_shape_only,FRESH,74431,1.0,0.0,0.0,0.0,0.0,,-6.65064835793904,0.0,0.03982038511913983
2025-09-18,actual_target_zero,slice_shape_only,ZERO2D,74431,1.0,0.0,0.0,0.0,0.0,,-6.70785276889801,0.0,-0.8433277206780497
2025-09-18,actual_target_zero,slice_shape_only,BTYD05,74431,1.0,0.0,0.0,0.0,0.0,,-6.702782657184723,0.0,0.09657017943219194
2025-09-18,actual_target_zero,slice_shape_only,SEQ_SLOT_25,74431,1.0,0.0,0.0,0.0,0.0,,-6.69730589389801,0.0,-0.07500725191539163
2025-09-18,actual_target_zero,slice_shape_only,SEQ_SLOT_50,74431,1.0,0.0,0.0,0.0,0.0,,-6.707852768898009,0.0,0.09428958256786599
2025-09-18,actual_target_zero,slice_shape_only,SEQ_SLOT_75,74431,1.0,0.0,0.0,0.0,0.0,,-6.718399643898009,0.0,0.07500725191539306
2025-09-18,actual_target_zero,slice_shape_only,BTYD05_FRESH1,74431,1.0,0.0,0.0,0.0,0.0,,-6.645578246225752,0.0,0.09208436738159057
2025-09-18,actual_target_positive,fixed_fold,STRONGEST,116594,0.0,4.326649223709564,1.728876777941124,1.6830190187164038,-0.9946304742803982,,-0.07873621159214053,0.0,
2025-09-18,actual_target_positive,fixed_fold,CAP,116594,0.0,4.326649223709564,1.7646194457394615,1.7003273226916193,-0.9964185734605567,,-0.0475301842616148,0.017308303975215544,-0.048394532442552096
2025-09-18,actual_target_positive,fixed_fold,UNC,116594,0.0,4.326649223709564,1.729344492921239,1.6832466578360339,-0.994876721385701,,-0.10853020840952435,0.00022763911963008532,0.039170246284101935
2025-09-18,actual_target_positive,fixed_fold,DIST,116594,0.0,4.326649223709564,1.7419854058528945,1.6893874333424048,-1.0061066080755923,,-0.04513225744261832,0.006368414626001018,0.039141875925686416
2025-09-18,actual_target_positive,fixed_fold,ETX-AVG3,116594,0.0,4.326649223709564,1.7222073676437992,1.679769628492055,-0.9953856333873989,,-0.13759103957230182,-0.0032493902243488915,0.0828473515844159
2025-09-18,actual_target_positive,fixed_fold,SEQ-AVG3,116594,0.0,4.326649223709564,1.7401436426309345,1.6884941208942998,-0.9802093459469251,,-0.04470435010357287,0.005475102177896041,-0.09934167379007586
2025-09-18,actual_target_positive,fixed_fold,BTYD,116594,0.0,4.326649223709564,1.8938574871104459,1.7614919013937265,-0.9803882455575847,,0.2696019021402007,0.07847288267732266,-0.03151615108762227
2025-09-18,actual_target_positive,fixed_fold,FRESH,116594,0.0,4.326649223709564,1.7318120044400322,1.684447098237541,-0.9929594049784721,,-0.07873621159214048,0.0014280795211372155,-0.09814025602685499
2025-09-18,actual_target_positive,fixed_fold,ZERO2D,116594,0.0,4.326649223709564,1.728263363487842,1.682720420286827,-0.9916255263695595,,-0.07420304362670621,-0.00029859842957691285,-0.3961645934212056
2025-09-18,actual_target_positive,fixed_fold,BTYD05,116594,0.0,4.326649223709564,1.7297211985384253,1.6834299798827315,-0.9939183628442575,,-0.06131930590552335,0.00041096116632766133,-0.03151615108762104
2025-09-18,actual_target_positive,fixed_fold,SEQ_SLOT_25,116594,0.0,4.326649223709564,1.7307190837588742,1.6839154996550596,-0.9929134936567872,,-0.06827674781948408,0.000896480938655797,-0.12815692559844355
2025-09-18,actual_target_positive,fixed_fold,SEQ_SLOT_50,116594,0.0,4.326649223709564,1.728876777941124,1.6830190187164038,-0.9946304742803982,,-0.07873621159214049,0.0,0.037296243292291566
2025-09-18,actual_target_positive,fixed_fold,SEQ_SLOT_75,116594,0.0,4.326649223709564,1.7274158195207336,1.6823077648825866,-0.9963474549040092,,-0.08919567536479693,-0.0007112538338172048,0.12815692559844463
2025-09-18,actual_target_positive,fixed_fold,BTYD05_FRESH1,116594,0.0,4.326649223709564,1.7327007417066567,1.6848792579905674,-0.9922472935423315,,-0.06131930590552328,0.0018602392741635665,-0.09144667979112553
2025-09-18,actual_target_positive,slice_shape_only,STRONGEST,116594,0.0,4.326649223709564,1.1250539659943153,1.3576683089009174,-4.948459624313441e-17,,0.9158942626882577,0.0,
2025-09-18,actual_target_positive,slice_shape_only,CAP,116594,0.0,4.326649223709564,1.158623634643569,1.3777746661753072,-1.5601054973204939e-16,,0.9488883891989419,0.020106357274389808,-0.048394532442552096
2025-09-18,actual_target_positive,slice_shape_only,UNC,116594,0.0,4.326649223709564,1.1252226593187922,1.3577700911277344,-7.319088680788723e-17,,0.8863465129761768,0.00010178222681700433,0.039170246284101935
2025-09-18,actual_target_positive,slice_shape_only,DIST,116594,0.0,4.326649223709564,1.124148287196182,1.3571217311361072,-2.204867847384979e-16,,0.960974350632974,-0.0005465777648101522,0.039141875925686416
2025-09-18,actual_target_positive,slice_shape_only,ETX-AVG3,116594,0.0,4.326649223709564,1.1174673197861609,1.3530829411570833,-7.763962514009019e-17,,0.8577945938150972,-0.004585367743834112,0.0828473515844159
2025-09-18,actual_target_positive,slice_shape_only,SEQ-AVG3,116594,0.0,4.326649223709564,1.15370524579258,1.3748472106180043,1.418720936625824e-16,,0.9355055551399464,0.017178901717086914,-0.09934167379007586
2025-09-18,actual_target_positive,slice_shape_only,BTYD,116594,0.0,4.326649223709564,1.3072032863737262,1.463452290526824,1.2224889170409806e-16,,1.2499901476977855,0.10578398162590652,-0.03151615108762227
2025-09-18,actual_target_positive,slice_shape_only,FRESH,116594,0.0,4.326649223709564,1.1300164421305707,1.36065926918743,-4.8631413549287265e-17,,0.9142231933863317,0.0029909602865125784,-0.09814025602685499
2025-09-18,actual_target_positive,slice_shape_only,ZERO2D,116594,0.0,4.326649223709564,1.128083543091793,1.3594950637286511,-8.79997007082341e-17,,0.9174224827428533,0.0018267548277337564,-0.3961645934212056
2025-09-18,actual_target_positive,slice_shape_only,BTYD05,116594,0.0,4.326649223709564,1.126762697940009,1.358698931025179,6.033220477919096e-17,,0.9325990569387342,0.0010306221242615266,-0.03151615108762104
2025-09-18,actual_target_positive,slice_shape_only,SEQ_SLOT_25,116594,0.0,4.326649223709564,1.1289791704331815,1.3600346334166722,1.9550072013297438e-16,,0.9246367458373034,0.002366324515754803,-0.12815692559844355
2025-09-18,actual_target_positive,slice_shape_only,SEQ_SLOT_50,116594,0.0,4.326649223709564,1.1250539659943153,1.3576683089009174,-1.24442790059705e-16,,0.9158942626882577,0.0,0.037296243292291566
2025-09-18,actual_target_positive,slice_shape_only,SEQ_SLOT_75,116594,0.0,4.326649223709564,1.1215065102434159,1.3555261579514235,-3.193340939827886e-17,,0.9071517795392121,-0.0021421509494938817,0.12815692559844463
2025-09-18,actual_target_positive,slice_shape_only,BTYD05_FRESH1,116594,0.0,4.326649223709564,1.1317680381042092,1.3617134142192928,-1.0055367463198495e-17,,0.9309279876368082,0.00404510531837543,-0.09144667979112553
2025-10-02,all,fixed_fold,STRONGEST,193694,0.38758041033795576,2.6375798500502956,3.0577041629042703,1.748629223964952,4.636829318413408e-17,0.8435785791919536,-0.02097755276250928,0.0,
2025-10-02,all,fixed_fold,CAP,193694,0.38758041033795576,2.6375798500502956,3.102718262357384,1.7614534516578586,-3.3826024284191565e-05,0.8402289167059354,-0.06234947720770449,0.012824227692906698,-0.017527311163911333
2025-10-02,all,fixed_fold,UNC,193694,0.38758041033795576,2.6375798500502956,3.0725535869845824,1.7528700998603925,-7.297057225818069e-06,0.8418958393873306,-0.03186661453415559,0.004240875895440643,-0.007023137536601643
2025-10-02,all,fixed_fold,DIST,193694,0.38758041033795576,2.6375798500502956,3.068915076596182,1.7518319201898858,-1.0931765323474649e-16,0.8435269308318953,-0.03615573527977523,0.003202696224933854,-0.00984380857402853
2025-10-02,all,fixed_fold,ETX-AVG3,193694,0.38758041033795576,2.6375798500502956,3.061691765474835,1.7497690606119525,-4.930299528439573e-17,0.8430397600788785,-0.06216330599506895,0.0011398366470005694,0.0138694214767832
2025-10-02,all,fixed_fold,SEQ-AVG3,193694,0.38758041033795576,2.6375798500502956,3.0643032826248797,1.7505151477850398,5.106381654455272e-17,0.8428571098090019,0.06511598110113727,0.001885923820087898,0.01604803410978113
2025-10-02,all,fixed_fold,BTYD,193694,0.38758041033795576,2.6375798500502956,3.2458887421498344,1.8016350191284123,1.3793099871229758e-17,0.8299429323602013,0.2645944304573571,0.05300579516346038,0.0170539631488967
2025-10-02,all,fixed_fold,FRESH,193694,0.38758041033795576,2.6375798500502956,3.0570254071422602,1.7484351309506052,4.0939094298650026e-17,0.8436743921307998,-0.020977552762509278,-0.0001940930143466968,0.014922811722326592
2025-10-02,all,fixed_fold,ZERO2D,193694,0.38758041033795576,2.6375798500502956,3.0575476118922236,1.7485844594677786,1.804841791660915e-17,0.8435794252153779,-0.017441581732531592,-4.476449717327746e-05,0.009108698727820259
2025-10-02,all,fixed_fold,BTYD05,193694,0.38758041033795576,2.6375798500502956,3.056858278252514,1.7483873364482236,-1.3162138919673504e-16,0.8436138090941095,-0.006698953601515847,-0.00024188751672826747,0.01705396314889663
2025-10-02,all,fixed_fold,SEQ_SLOT_25,193694,0.38758041033795576,2.6375798500502956,3.0577396827725676,1.7486393804248397,3.2281723102878156e-18,0.8435686974272465,-0.006658632964186069,1.0156459887777913e-05,0.003918747675136417
2025-10-02,all,fixed_fold,SEQ_SLOT_50,193694,0.38758041033795576,2.6375798500502956,3.0577041629042703,1.748629223964952,2.0102709386792307e-17,0.8435785791919538,-0.02097755276250925,0.0,-0.00144427431579183
2025-10-02,all,fixed_fold,SEQ_SLOT_75,193694,0.38758041033795576,2.6375798500502956,3.0581764311351054,1.7487642583078788,7.923695670706457e-17,0.8435506841691489,-0.035296472560832445,0.00013503434292694294,-0.003918747675136426
2025-10-02,all,fixed_fold,BTYD05_FRESH1,193694,0.38758041033795576,2.6375798500502956,3.056319468191791,1.748233241930776,3.712398156830988e-17,0.8436947432388666,-0.006698953601515843,-0.0003959820341759013,0.02129492757235224
2025-10-02,all,slice_shape_only,STRONGEST,193694,0.38758041033795576,2.6375798500502956,3.0577041629042703,1.748629223964952,4.636829318413408e-17,0.8435785791919536,-0.02097755276250928,0.0,
2025-10-02,all,slice_shape_only,CAP,193694,0.38758041033795576,2.6375798500502956,3.102718262357384,1.7614534516578586,-3.3826024284191565e-05,0.8402289167059354,-0.06234947720770449,0.012824227692906698,-0.017527311163911333
2025-10-02,all,slice_shape_only,UNC,193694,0.38758041033795576,2.6375798500502956,3.0725535869845824,1.7528700998603925,-7.297057225818069e-06,0.8418958393873306,-0.03186661453415559,0.004240875895440643,-0.007023137536601643
2025-10-02,all,slice_shape_only,DIST,193694,0.38758041033795576,2.6375798500502956,3.068915076596182,1.7518319201898858,-1.0931765323474649e-16,0.8435269308318953,-0.03615573527977523,0.003202696224933854,-0.00984380857402853
2025-10-02,all,slice_shape_only,ETX-AVG3,193694,0.38758041033795576,2.6375798500502956,3.061691765474835,1.7497690606119525,-4.930299528439573e-17,0.8430397600788785,-0.06216330599506895,0.0011398366470005694,0.0138694214767832
2025-10-02,all,slice_shape_only,SEQ-AVG3,193694,0.38758041033795576,2.6375798500502956,3.0643032826248797,1.7505151477850398,5.106381654455272e-17,0.8428571098090019,0.06511598110113727,0.001885923820087898,0.01604803410978113
2025-10-02,all,slice_shape_only,BTYD,193694,0.38758041033795576,2.6375798500502956,3.2458887421498344,1.8016350191284123,1.3793099871229758e-17,0.8299429323602013,0.2645944304573571,0.05300579516346038,0.0170539631488967
2025-10-02,all,slice_shape_only,FRESH,193694,0.38758041033795576,2.6375798500502956,3.0570254071422602,1.7484351309506052,4.0939094298650026e-17,0.8436743921307998,-0.020977552762509278,-0.0001940930143466968,0.014922811722326592
2025-10-02,all,slice_shape_only,ZERO2D,193694,0.38758041033795576,2.6375798500502956,3.0575476118922236,1.7485844594677786,1.804841791660915e-17,0.8435794252153779,-0.017441581732531592,-4.476449717327746e-05,0.009108698727820259
2025-10-02,all,slice_shape_only,BTYD05,193694,0.38758041033795576,2.6375798500502956,3.056858278252514,1.7483873364482236,-1.3162138919673504e-16,0.8436138090941095,-0.006698953601515847,-0.00024188751672826747,0.01705396314889663
2025-10-02,all,slice_shape_only,SEQ_SLOT_25,193694,0.38758041033795576,2.6375798500502956,3.0577396827725676,1.7486393804248397,3.2281723102878156e-18,0.8435686974272465,-0.006658632964186069,1.0156459887777913e-05,0.003918747675136417
2025-10-02,all,slice_shape_only,SEQ_SLOT_50,193694,0.38758041033795576,2.6375798500502956,3.0577041629042703,1.748629223964952,2.0102709386792307e-17,0.8435785791919538,-0.02097755276250925,0.0,-0.00144427431579183
2025-10-02,all,slice_shape_only,SEQ_SLOT_75,193694,0.38758041033795576,2.6375798500502956,3.0581764311351054,1.7487642583078788,7.923695670706457e-17,0.8435506841691489,-0.035296472560832445,0.00013503434292694294,-0.003918747675136426
2025-10-02,all,slice_shape_only,BTYD05_FRESH1,193694,0.38758041033795576,2.6375798500502956,3.056319468191791,1.748233241930776,3.712398156830988e-17,0.8436947432388666,-0.006698953601515843,-0.0003959820341759013,0.02129492757235224
2025-10-02,future_k_lt3,fixed_fold,STRONGEST,6029,0.7681207497097363,0.8722716092200998,0.07844404005020522,1.5875061572220297,0.3791282376588174,0.7646879013082514,-0.02097755276250928,0.0,
2025-10-02,future_k_lt3,fixed_fold,CAP,6029,0.7681207497097363,0.8722716092200998,0.0793042421998266,1.5961865677004936,0.3699240591561868,0.7593912116176701,-0.06234947720770449,0.008680410478463907,-0.00866092086574745
2025-10-02,future_k_lt3,fixed_fold,UNC,6029,0.7681207497097363,0.8722716092200998,0.07922057913754685,1.595344386427797,0.387516296614744,0.7620795231735871,-0.03186661453415559,0.007838229205767266,-0.02459469662397537
2025-10-02,future_k_lt3,fixed_fold,DIST,6029,0.7681207497097363,0.8722716092200998,0.07867402722885287,1.5898316292610393,0.3844068132085064,0.7623858187761829,-0.03615573527977523,0.0023254720390095684,0.012863750223166772
2025-10-02,future_k_lt3,fixed_fold,ETX-AVG3,6029,0.7681207497097363,0.8722716092200998,0.07835484224243451,1.5866033330853861,0.36923879412484284,0.7645820184864764,-0.06216330599506895,-0.0009028241366435541,0.0075421764593135284
2025-10-02,future_k_lt3,fixed_fold,SEQ-AVG3,6029,0.7681207497097363,0.8722716092200998,0.0786557055622352,1.5896464978894036,0.3797674926863701,0.7650430064975444,0.06511598110113727,0.0021403406673738967,0.011690122786207364
2025-10-02,future_k_lt3,fixed_fold,BTYD,6029,0.7681207497097363,0.8722716092200998,0.08391795179413752,1.641961159598202,0.4155732698630306,0.7447243169669846,0.2645944304573571,0.05445500237617229,-0.004793316535565053
2025-10-02,future_k_lt3,fixed_fold,FRESH,6029,0.7681207497097363,0.8722716092200998,0.07828264590863616,1.5858722146332256,0.37048826815413133,0.7647124605623173,-0.020977552762509278,-0.001633942588804116,-0.03486600007086396
2025-10-02,future_k_lt3,fixed_fold,ZERO2D,6029,0.7681207497097363,0.8722716092200998,0.07839904553661292,1.58705080514579,0.37313804395894257,0.7646880557689687,-0.017441581732531592,-0.0004553520762398122,-0.13518187660565545
2025-10-02,future_k_lt3,fixed_fold,BTYD05,6029,0.7681207497097363,0.8722716092200998,0.07850679745237624,1.5881410546853632,0.3809504892690282,0.7645612435199867,-0.006698953601515847,0.0006348974633334503,-0.004793316535564713
2025-10-02,future_k_lt3,fixed_fold,SEQ_SLOT_25,6029,0.7681207497097363,0.8722716092200998,0.07847230381240305,1.5877921244898752,0.3803127162469893,0.7648259891896033,-0.006658632964186069,0.0002859672678454661,0.004425160320168847
2025-10-02,future_k_lt3,fixed_fold,SEQ_SLOT_50,6029,0.7681207497097363,0.8722716092200998,0.07844404005020522,1.5875061572220297,0.3791282376588174,0.7646879013082514,-0.02097755276250925,0.0,0.014079279399647574
2025-10-02,future_k_lt3,fixed_fold,SEQ_SLOT_75,6029,0.7681207497097363,0.8722716092200998,0.0784284863982852,1.5873487664104642,0.3779437590706457,0.764494207568637,-0.035296472560832445,-0.00015739081156551649,-0.00442516032016865
2025-10-02,future_k_lt3,fixed_fold,BTYD05_FRESH1,6029,0.7681207497097363,0.8722716092200998,0.07834737429096617,1.5865277221933987,0.37231051976434215,0.7645288067693337,-0.006698953601515843,-0.0009784350286310417,-0.019753151349651017
2025-10-02,future_k_lt3,slice_shape_only,STRONGEST,6029,0.7681207497097363,0.8722716092200998,0.07372075684367357,1.5389706401667183,-0.04226921072686096,0.7646879013082514,-0.4672246188890521,0.0,
2025-10-02,future_k_lt3,slice_shape_only,CAP,6029,0.7681207497097363,0.8722716092200998,0.07479630900187836,1.5501564282463483,-0.05228531658673693,0.7593912116176701,-0.5089199148512116,0.011185788079629999,-0.00866092086574745
2025-10-02,future_k_lt3,slice_shape_only,UNC,6029,0.7681207497097363,0.8722716092200998,0.0741340988025822,1.543279005929325,-0.055061985052079966,0.7620795231735871,-0.5097650874795621,0.004308365762606847,-0.02459469662397537
2025-10-02,future_k_lt3,slice_shape_only,DIST,6029,0.7681207497097363,0.8722716092200998,0.07393231073723724,1.5411772235395296,-0.030224940082405005,0.7623858187761829,-0.46598152087447253,0.0022065833728113216,0.012863750223166772
2025-10-02,future_k_lt3,slice_shape_only,ETX-AVG3,6029,0.7681207497097363,0.8722716092200998,0.0738098724755969,1.5399005337643037,-0.04282931054685981,0.7645820184864764,-0.5024790265778841,0.0009298935975854405,0.0075421764593135284
2025-10-02,future_k_lt3,slice_shape_only,SEQ-AVG3,6029,0.7681207497097363,0.8722716092200998,0.07377959241491427,1.5395846338496417,-0.05048390149151374,0.7650430064975444,-0.4005800828506894,0.0006139936829234749,0.011690122786207364
2025-10-02,future_k_lt3,slice_shape_only,BTYD,6029,0.7681207497097363,0.8722716092200998,0.07853958034328133,1.5884726082740437,-0.00046225363448740883,0.7447243169669846,-0.15154364289545533,0.049501968107325434,-0.004793316535565053
2025-10-02,future_k_lt3,slice_shape_only,FRESH,6029,0.7681207497097363,0.8722716092200998,0.07375194402750176,1.539296132519602,-0.04291016953281851,0.7647124605623173,-0.45993491769652,0.00032549235288370504,-0.03486600007086396
2025-10-02,future_k_lt3,slice_shape_only,ZERO2D,6029,0.7681207497097363,0.8722716092200998,0.0737863242712922,1.5396548702516888,-0.04433408899763408,0.7646880557689687,-0.46208812920443093,0.0006842300849705385,-0.13518187660565545
2025-10-02,future_k_lt3,slice_shape_only,BTYD05,6029,0.7681207497097363,0.8722716092200998,0.07375490741936151,1.5393270570726336,-0.042269210726860997,0.7645612435199867,-0.45386813905244583,0.0003564169059153688,-0.004793316535564713
2025-10-02,future_k_lt3,slice_shape_only,SEQ_SLOT_25,6029,0.7681207497097363,0.8722716092200998,0.07371586408254563,1.538919569471109,-0.045396610088905096,0.7648259891896033,-0.45843108087309675,-5.107069560916777e-05,0.004425160320168847
2025-10-02,future_k_lt3,slice_shape_only,SEQ_SLOT_50,6029,0.7681207497097363,0.8722716092200998,0.07372075684367357,1.5389706401667183,-0.04226921072686096,0.7646879013082514,-0.4672246188890521,0.0,0.014079279399647574
2025-10-02,future_k_lt3,slice_shape_only,SEQ_SLOT_75,6029,0.7681207497097363,0.8722716092200998,0.07373668076476932,1.5391368425014937,-0.04226921072686099,0.764494207568637,-0.48002457123935716,0.0001662023347754893,-0.00442516032016865
2025-10-02,future_k_lt3,slice_shape_only,BTYD05_FRESH1,6029,0.7681207497097363,0.8722716092200998,0.07378895962371451,1.5396823651635363,-0.0439129710572954,0.7645288067693337,-0.44785012145535763,0.0007117249968180417,-0.019753151349651017
2025-10-02,future_k_1,fixed_fold,STRONGEST,140,0.9,0.38190632728338575,0.0010986103138528058,1.2328660746737525,0.6392362435528296,0.8214285714285715,-0.02097755276250928,0.0,
2025-10-02,future_k_1,fixed_fold,CAP,140,0.9,0.38190632728338575,0.0010711420797261274,1.2173560166855537,0.6281715275908748,0.8321995464852607,-0.06234947720770449,-0.015510057988198822,0.14696438438641093
2025-10-02,future_k_1,fixed_fold,UNC,140,0.9,0.38190632728338575,0.0011249590424083481,1.2475628147948605,0.6499404651135354,0.8202947845804989,-0.03186661453415559,0.014696740121107998,-0.0626762642918308
2025-10-02,future_k_1,fixed_fold,DIST,140,0.9,0.38190632728338575,0.0010761535869758428,1.2202004896025982,0.6428660369328629,0.81859410430839,-0.03615573527977523,-0.01266558507115434,0.24402554175067073
2025-10-02,future_k_1,fixed_fold,ETX-AVG3,140,0.9,0.38190632728338575,0.001108749172997231,1.2385419489825402,0.6241990599068235,0.8194444444444444,-0.06216330599506895,0.005675874308787687,-0.16631347441684097
2025-10-02,future_k_1,fixed_fold,SEQ-AVG3,140,0.9,0.38190632728338575,0.0011319677463984925,1.2514430546684598,0.6456195567671698,0.822562358276644,0.06511598110113727,0.01857697999470731,-0.15012287063138022
2025-10-02,future_k_1,fixed_fold,BTYD,140,0.9,0.38190632728338575,0.0012821591085743819,1.3318797843011376,0.7147011195942603,0.8061224489795918,0.2645944304573571,0.0990137096273851,-0.04075008387603484
2025-10-02,future_k_1,fixed_fold,FRESH,140,0.9,0.38190632728338575,0.0010873752203365392,1.2265458349360778,0.6288812546089663,0.8208616780045352,-0.020977552762509278,-0.006320239737674704,0.15648449370044926
2025-10-02,future_k_1,fixed_fold,ZERO2D,140,0.9,0.38190632728338575,0.001094585263999224,1.2306055365581663,0.6317327400743277,0.8214285714285715,-0.017441581732531592,-0.0022605381155862414,-0.28076049227174665
2025-10-02,future_k_1,fixed_fold,BTYD05,140,0.9,0.38190632728338575,0.0011034109841664224,1.2355568067160507,0.6430094873549012,0.8214285714285714,-0.006698953601515847,0.002690732042298194,-0.0407500838760351
2025-10-02,future_k_1,fixed_fold,SEQ_SLOT_25,140,0.9,0.38190632728338575,0.0011011607944230852,1.2342963261799502,0.6416460494496187,0.8197278911564626,-0.006658632964186069,0.0014302515061976884,-0.008953500330121366
2025-10-02,future_k_1,fixed_fold,SEQ_SLOT_50,140,0.9,0.38190632728338575,0.0010986103138528058,1.2328660746737525,0.6392362435528296,0.8214285714285715,-0.02097755276250925,0.0,0.030069335812517802
2025-10-02,future_k_1,fixed_fold,SEQ_SLOT_75,140,0.9,0.38190632728338575,0.0010963358501725434,1.2315892061053262,0.6368264376560407,0.820294784580499,-0.035296472560832445,-0.001276868568426348,0.008953500330122348
2025-10-02,future_k_1,fixed_fold,BTYD05_FRESH1,140,0.9,0.38190632728338575,0.0010921591036814559,1.2292409546094343,0.632654498411038,0.8202947845804989,-0.006698953601515843,-0.0036251200643182546,0.022562984058718018
2025-10-02,future_k_1,slice_shape_only,STRONGEST,140,0.9,0.38190632728338575,0.0007708584378696924,1.032717131318889,-5.075305255429287e-17,0.8214285714285715,-0.8332767418239152,0.0,
2025-10-02,future_k_1,slice_shape_only,CAP,140,0.9,0.38190632728338575,0.0007448940990405508,1.0151759791834842,-0.05426505914650985,0.8321995464852607,-0.9839845899338643,-0.017541152135404747,0.14696438438641093
2025-10-02,future_k_1,slice_shape_only,UNC,140,0.9,0.38190632728338575,0.0007689262061610039,1.0314220162202885,-0.08205066065547653,0.8202947845804989,-1.0703373154405609,-0.0012951150986004745,-0.0626762642918308
2025-10-02,future_k_1,slice_shape_only,DIST,140,0.9,0.38190632728338575,0.000746533110607592,1.0162922257121962,-0.05232157870139644,0.81859410430839,-0.9318749681840908,-0.01642490560669274,0.24402554175067073
2025-10-02,future_k_1,slice_shape_only,ETX-AVG3,140,0.9,0.38190632728338575,0.0007939687350801438,1.048083217022571,-6.3441315692866086e-18,0.8194444444444444,-0.8598999632188655,0.01536608570368192,-0.16631347441684097
2025-10-02,future_k_1,slice_shape_only,SEQ-AVG3,140,0.9,0.38190632728338575,0.0007931786114208046,1.0475615834626257,-0.019849870578370364,0.822562358276644,-0.8115611405809808,0.014844452143736753,-0.15012287063138022
2025-10-02,future_k_1,slice_shape_only,BTYD,140,0.9,0.38190632728338575,0.0008457393005004754,1.0817136803343212,-0.06942882311082087,0.8061224489795918,-0.8376478337399583,0.04899654901543227,-0.04075008387603484
2025-10-02,future_k_1,slice_shape_only,FRESH,140,0.9,0.38190632728338575,0.0007688255273718891,1.031354489767048,5.075305255429287e-17,0.8208616780045352,-0.8241619659619924,-0.0013626415518410706,0.15648449370044926
2025-10-02,future_k_1,slice_shape_only,ZERO2D,140,0.9,0.38190632728338575,0.0007723701334126661,1.0337292427393747,-3.8064789415719653e-17,0.8214285714285715,-0.8271434962397947,0.0010121114204857395,-0.28076049227174665
2025-10-02,future_k_1,slice_shape_only,BTYD05,140,0.9,0.38190632728338575,0.0007722229293989095,1.0336307301622083,3.172065784643304e-17,0.8214285714285714,-0.8233207840323118,0.0009135988433193187,-0.0407500838760351
2025-10-02,future_k_1,slice_shape_only,SEQ_SLOT_25,140,0.9,0.38190632728338575,0.000770925549301867,1.032762084849845,4.4408920985006264e-17,0.8197278911564626,-0.8230817954002091,4.495353095612664e-05,-0.008953500330121366
2025-10-02,future_k_1,slice_shape_only,SEQ_SLOT_50,140,0.9,0.38190632728338575,0.0007708584378696924,1.032717131318889,-6.344131569286608e-17,0.8214285714285715,-0.8332767418239152,0.0,0.030069335812517802
2025-10-02,future_k_1,slice_shape_only,SEQ_SLOT_75,140,0.9,0.38190632728338575,0.0007710025989330196,1.0328136929134493,5.709718412357947e-17,0.820294784580499,-0.8438767918932047,9.65615945602849e-05,0.008953500330122348
2025-10-02,future_k_1,slice_shape_only,BTYD05_FRESH1,140,0.9,0.38190632728338575,0.0007702220278624048,1.032290744844344,-3.172065784643304e-17,0.8202947845804989,-0.8143186822574484,-0.0004263864745450707,0.022562984058718018
2025-10-02,future_k_2,fixed_fold,STRONGEST,5889,0.7649855663100696,0.8839291299317895,0.07734542973635242,1.5949777726734324,0.37294465456743325,0.7633093929031969,-0.02097755276250928,0.0,
2025-10-02,future_k_2,fixed_fold,CAP,5889,0.7649855663100696,0.8839291299317895,0.07823310012010046,1.6041042036781443,0.3637847068755184,0.7579193478023777,-0.06234947720770449,0.009126431004711888,-0.010886869836452331
2025-10-02,future_k_2,fixed_fold,UNC,5889,0.7649855663100696,0.8839291299317895,0.07809562009513848,1.6026941275281668,0.38127765107393385,0.7607542678975833,-0.03186661453415559,0.00771635485473432,-0.02394815431799832
2025-10-02,future_k_2,fixed_fold,DIST,5889,0.7649855663100696,0.8839291299317895,0.07759787364187704,1.5975785366322541,0.37826242684046263,0.7609675825832569,-0.03615573527977523,0.0026007639588216946,0.008988711349552921
2025-10-02,future_k_2,fixed_fold,ETX-AVG3,5889,0.7649855663100696,0.8839291299317895,0.07724609306943728,1.593953208707495,0.3631775889610668,0.7632078679437748,-0.06216330599506895,-0.0010245639659374195,0.009999760523969134
2025-10-02,future_k_2,fixed_fold,SEQ-AVG3,5889,0.7649855663100696,0.8839291299317895,0.07752373781583671,1.5968152031744076,0.3734473553164751,0.7637419565928671,0.06511598110113727,0.001837430500975179,0.014371736564092023
2025-10-02,future_k_2,fixed_fold,BTYD,5889,0.7649855663100696,0.8839291299317895,0.08263579268556315,1.648623194002169,0.40846206270351765,0.7436157961930546,0.2645944304573571,0.05364542132873651,-0.0038373793573287015
2025-10-02,future_k_2,fixed_fold,FRESH,5889,0.7649855663100696,0.8839291299317895,0.07719527068829962,1.5934287690685607,0.36434545645372773,0.7633265543102397,-0.020977552762509278,-0.001549003604871757,-0.03763502066387329
2025-10-02,future_k_2,fixed_fold,ZERO2D,5889,0.7649855663100696,0.8839291299317895,0.0773044602726137,1.5945552910878187,0.36699043698727435,0.7633095532901786,-0.017441581732531592,-0.00042248158561375426,-0.13408632971092077
2025-10-02,future_k_2,fixed_fold,BTYD05,5889,0.7649855663100696,0.8839291299317895,0.07740338646820982,1.5955752377666153,0.37472052497423747,0.7631985654988357,-0.006698953601515847,0.000597465093182814,-0.0038373793573283407
2025-10-02,future_k_2,fixed_fold,SEQ_SLOT_25,5889,0.7649855663100696,0.8839291299317895,0.07737114301797997,1.5952428736934465,0.37410000328241666,0.763447325707467,-0.006658632964186069,0.0002651010200140913,0.004988338193012984
2025-10-02,future_k_2,fixed_fold,SEQ_SLOT_50,5889,0.7649855663100696,0.8839291299317895,0.07734542973635242,1.5949777726734324,0.37294465456743325,0.7633093929031969,-0.02097755276250925,0.0,0.01397659890997816
2025-10-02,future_k_2,fixed_fold,SEQ_SLOT_75,5889,0.7649855663100696,0.8839291299317895,0.07733215054811265,1.594840848492432,0.37178930585244985,0.7631084280151149,-0.035296472560832445,-0.0001369241810005306,-0.004988338193012794
2025-10-02,future_k_2,fixed_fold,BTYD05_FRESH1,5889,0.7649855663100696,0.8839291299317895,0.0772552151872847,1.5940473222036657,0.36612132686053206,0.7631539779179204,-0.006698953601515843,-0.0009304504697666971,-0.020309988063120187
2025-10-02,future_k_2,slice_shape_only,STRONGEST,5889,0.7649855663100696,0.8839291299317895,0.07289320097897689,1.5483916397780244,-0.04222389801818531,0.7633093929031969,-0.45924310410221497,0.0,
2025-10-02,future_k_2,slice_shape_only,CAP,5889,0.7649855663100696,0.8839291299317895,0.07398768512070356,1.559972802259175,-0.04848098593744789,0.7579193478023777,-0.49611755520258966,0.011581162481150598,-0.010886869836452331
2025-10-02,future_k_2,slice_shape_only,UNC,5889,0.7649855663100696,0.8839291299317895,0.07329880949028773,1.5526936156195468,-0.05535578266687293,0.7607542678975833,-0.5017309003818271,0.004301975841522365,-0.02394815431799832
2025-10-02,future_k_2,slice_shape_only,DIST,5889,0.7649855663100696,0.8839291299317895,0.07312324021037064,1.5508329528239115,-0.030298034195098678,0.7609675825832569,-0.45863079837534226,0.002441313045887128,0.008988711349552921
2025-10-02,future_k_2,slice_shape_only,ETX-AVG3,5889,0.7649855663100696,0.8839291299317895,0.07296197015477733,1.5491218623020233,-0.04295667022737552,0.7632078679437748,-0.4948198386163157,0.0007302225239989024,0.009999760523969134
2025-10-02,future_k_2,slice_shape_only,SEQ-AVG3,5889,0.7649855663100696,0.8839291299317895,0.07292919952469214,1.5487739317226328,-0.051233832056137976,0.7637419565928671,-0.3931688478161689,0.00038229194460837057,0.014371736564092023
2025-10-02,future_k_2,slice_shape_only,BTYD,5889,0.7649855663100696,0.8839291299317895,0.07756065783591011,1.5971953927366485,-0.0004732428531711334,0.7436157961930546,-0.14443862394699322,0.04880375295862405,-0.0038373793573287015
2025-10-02,future_k_2,slice_shape_only,FRESH,5889,0.7649855663100696,0.8839291299317895,0.07292697184231299,1.5487502772552386,-0.04327408243712759,0.7633265543102397,-0.4524807803982154,0.0003586374772142076,-0.03763502066387329
2025-10-02,future_k_2,slice_shape_only,ZERO2D,5889,0.7649855663100696,0.8839291299317895,0.07295794992213116,1.5490791831085897,-0.04327408243712758,0.7633095532901786,-0.4527914261906721,0.00068754333056531,-0.13408632971092077
2025-10-02,future_k_2,slice_shape_only,BTYD05,5889,0.7649855663100696,0.8839291299317895,0.07292502787447552,1.5487296350928452,-0.04222389801818537,0.7631985654988357,-0.4458292375008688,0.0003379953148208159,-0.0038373793573283407
2025-10-02,future_k_2,slice_shape_only,SEQ_SLOT_25,5889,0.7649855663100696,0.8839291299317895,0.072888247880055,1.548339032215549,-0.04262095915246106,0.763447325707467,-0.44695555204242804,-5.26075624753819e-05,0.004988338193012984
2025-10-02,future_k_2,slice_shape_only,SEQ_SLOT_50,5889,0.7649855663100696,0.8839291299317895,0.07289320097897689,1.5483916397780244,-0.04222389801818541,0.7633093929031969,-0.459243104102215,0.0,0.01397659890997816
2025-10-02,future_k_2,slice_shape_only,SEQ_SLOT_75,5889,0.7649855663100696,0.8839291299317895,0.07290926210718708,1.5485622149933553,-0.04142687744974166,0.7631084280151149,-0.4710941914763676,0.0001705752153309259,-0.004988338193012794
2025-10-02,future_k_2,slice_shape_only,BTYD05_FRESH1,5889,0.7649855663100696,0.8839291299317895,0.07296170508986766,1.549119048382535,-0.04327408243712764,0.7631539779179204,-0.4390708750889915,0.0007274086045105932,-0.020309988063120187
2025-10-02,future_k_3,fixed_fold,STRONGEST,187665,0.3753550209149282,2.6942928406663684,2.9792601228540647,1.7535600963969176,-0.01218002368499721,0.8411168810383887,-0.02097755276250928,0.0,
2025-10-02,future_k_3,fixed_fold,CAP,187665,0.3753550209149282,2.6942928406663684,3.0234140201575577,1.7665065566093976,-0.011919239339250005,0.8377371702525389,-0.06234947720770449,0.012946460212480027,-0.018135234965111165
2025-10-02,future_k_3,fixed_fold,UNC,187665,0.3753550209149282,2.6942928406663684,2.9933330078470353,1.757696790614577,-0.012457033269350116,0.8394635609210637,-0.03186661453415559,0.004136694217659498,-0.00601989582763971
2025-10-02,future_k_3,fixed_fold,DIST,187665,0.3753550209149282,2.6942928406663684,2.9902410493673295,1.7567887510387468,-0.012349605290459633,0.8410488133477927,-0.03615573527977523,0.0032286546418291984,-0.010008781530246005
2025-10-02,future_k_3,fixed_fold,ETX-AVG3,187665,0.3753550209149282,2.6942928406663684,2.9833369232324,1.7547594664098498,-0.01186231151135634,0.8405490525148177,-0.06216330599506895,0.0011993700129322438,0.013269107138359588
2025-10-02,future_k_3,fixed_fold,SEQ-AVG3,187665,0.3753550209149282,2.6942928406663684,2.985647577062644,1.7554388829474803,-0.012200560644798526,0.8404274267675742,0.06511598110113727,0.0018787865505627277,0.016207558955654428
2025-10-02,future_k_3,fixed_fold,BTYD,187665,0.3753550209149282,2.6942928406663684,3.1619707903556966,1.806530795290305,-0.013350871201365246,0.827711709541352,0.2645944304573571,0.05297069889338735,0.018126202928639718
2025-10-02,future_k_3,fixed_fold,FRESH,187665,0.3753550209149282,2.6942928406663684,2.9787427612336232,1.7534078330756715,-0.011902452608111529,0.8412181153193354,-0.020977552762509278,-0.00015226332124607111,0.013137879007145695
2025-10-02,future_k_3,fixed_fold,ZERO2D,187665,0.3753550209149282,2.6942928406663684,2.979148566355611,1.7535272656189096,-0.011987580353440762,0.8411176259481713,-0.017441581732531592,-3.283077800797507e-05,0.007002640887140252
2025-10-02,future_k_3,fixed_fold,BTYD05,187665,0.3753550209149282,2.6942928406663684,2.978351480800138,1.7532926675908114,-0.012238566060815796,0.8411665037043201,-0.006698953601515847,-0.0002674288061061958,0.018126202928639683
2025-10-02,future_k_3,fixed_fold,SEQ_SLOT_25,187665,0.3753550209149282,2.6942928406663684,2.979267378960165,1.7535622318281723,-0.012218076712509513,0.8411132861916993,-0.006658632964186069,2.1354312547128274e-06,0.004440673015158185
2025-10-02,future_k_3,fixed_fold,SEQ_SLOT_50,187665,0.3753550209149282,2.6942928406663684,2.9792601228540647,1.7535600963969176,-0.012180023684997238,0.8411168810383887,-0.02097755276250925,0.0,-0.001136325079496534
2025-10-02,future_k_3,fixed_fold,SEQ_SLOT_75,187665,0.3753550209149282,2.6942928406663684,2.97974794473682,1.753703653847203,-0.012141970657484921,0.8410826952985866,-0.035296472560832445,0.00014355745028549194,-0.004440673015158197
2025-10-02,future_k_3,fixed_fold,BTYD05_FRESH1,187665,0.3753550209149282,2.6942928406663684,2.9779720939008247,1.7531809955035558,-0.011960994983929937,0.8412526727268539,-0.006698953601515843,-0.00037910089336179453,0.020752112167927945
2025-10-02,future_k_3,slice_shape_only,STRONGEST,187665,0.3753550209149282,2.6942928406663684,2.979116387573558,1.7535177953755132,4.7706490131762784e-17,0.8411168810383887,-0.008797529077512023,0.0,
2025-10-02,future_k_3,slice_shape_only,CAP,187665,0.3753550209149282,2.6942928406663684,3.0232769317229846,1.7664665074527053,-1.7870202290108885e-05,0.8377371702525389,-0.05044755719473669,0.01294871207719206,-0.018135234965111165
2025-10-02,future_k_3,slice_shape_only,UNC,187665,0.3753550209149282,2.6942928406663684,2.9931828364370414,1.7576526994434054,-7.531485371666316e-06,0.8394635609210637,-0.01941664836010337,0.004134904067892187,-0.00601989582763971
2025-10-02,future_k_3,slice_shape_only,DIST,187665,0.3753550209149282,2.6942928406663684,2.99009328379181,1.7567453438177796,-3.5742005305066717e-17,0.8410488133477927,-0.023806129989315708,0.003227548442266359,-0.010008781530246005
2025-10-02,future_k_3,slice_shape_only,ETX-AVG3,187665,0.3753550209149282,2.6942928406663684,2.9832005887340145,1.7547193708740403,3.362171685476615e-17,0.8405490525148177,-0.050300994483712655,0.0012015754985270632,0.013269107138359588
2025-10-02,future_k_3,slice_shape_only,SEQ-AVG3,187665,0.3753550209149282,2.6942928406663684,2.9855033566641493,1.7553964845822867,-1.81739010025763e-17,0.8404274267675742,0.07731654174593586,0.0018786892067734762,0.016207558955654428
2025-10-02,future_k_3,slice_shape_only,BTYD,187665,0.3753550209149282,2.6942928406663684,3.1617980927455753,1.8064814608986126,-4.8463736006870125e-18,0.827711709541352,0.27794530165872233,0.05296366552309939,0.018126202928639718
2025-10-02,future_k_3,slice_shape_only,FRESH,187665,0.3753550209149282,2.6942928406663684,2.978605502484391,1.7533674345992156,-6.08825683586306e-17,0.8412181153193354,-0.009075100154397706,-0.0001503607762975978,0.013137879007145695
2025-10-02,future_k_3,slice_shape_only,ZERO2D,187665,0.3753550209149282,2.6942928406663684,2.979009337203672,1.7534862899909422,-8.238835121167922e-17,0.8411176259481713,-0.0054540013790908125,-3.1505384570973405e-05,0.007002640887140252
2025-10-02,future_k_3,slice_shape_only,BTYD05,187665,0.3753550209149282,2.6942928406663684,2.9782063604932776,1.7532499524393201,7.314995153536959e-17,0.8411665037043201,0.005539612459299812,-0.00026784293619308563,0.018126202928639683
2025-10-02,future_k_3,slice_shape_only,SEQ_SLOT_25,187665,0.3753550209149282,2.6942928406663684,2.9791227441565087,1.7535196661274284,-9.192964923803177e-17,0.8411132861916993,0.005559443748323451,1.8707519151561769e-06,0.004440673015158185
2025-10-02,future_k_3,slice_shape_only,SEQ_SLOT_50,187665,0.3753550209149282,2.6942928406663684,2.979116387573558,1.7535177953755132,2.498911387854241e-17,0.8411168810383887,-0.008797529077511992,0.0,-0.001136325079496534
2025-10-02,future_k_3,slice_shape_only,SEQ_SLOT_75,187665,0.3753550209149282,2.6942928406663684,2.979605106173541,1.7536616201723707,1.3327527401889286e-16,0.8410826952985866,-0.023154501903347443,0.0001438247968574835,-0.004440673015158197
2025-10-02,future_k_3,slice_shape_only,BTYD05_FRESH1,187665,0.3753550209149282,2.6942928406663684,2.977833481612991,1.75314019336556,-7.26956040103052e-17,0.8412526727268539,0.005262041382414129,-0.00037760200995329285,0.020752112167927945
2025-10-02,"future_total_active_days:q1[2,12]",fixed_fold,STRONGEST,21895,0.760949988581868,0.8858204987451687,0.2844046404371418,1.5861854006904126,0.3812532751454121,0.7580184866981636,-0.02097755276250928,0.0,
2025-10-02,"future_total_active_days:q1[2,12]",fixed_fold,CAP,21895,0.760949988581868,0.8858204987451687,0.28781893986149837,1.5956781338659944,0.3680832308459486,0.7509993214276729,-0.06234947720770449,0.009492733175581858,-0.018252716689296532
2025-10-02,"future_total_active_days:q1[2,12]",fixed_fold,UNC,21895,0.760949988581868,0.8858204987451687,0.2873222868748164,1.5943008087925814,0.38968310701268283,0.7556161681903448,-0.03186661453415559,0.00811540810216882,-0.026624511610381586
2025-10-02,"future_total_active_days:q1[2,12]",fixed_fold,DIST,21895,0.760949988581868,0.8858204987451687,0.28457581518264685,1.586662667938873,0.3861107938210943,0.7563630117235657,-0.03615573527977523,0.0004772672484603113,0.03492063501821894
2025-10-02,"future_total_active_days:q1[2,12]",fixed_fold,ETX-AVG3,21895,0.760949988581868,0.8858204987451687,0.28437390765099535,1.58609969672013,0.3719785090800115,0.7568746644780127,-0.06216330599506895,-8.570397028262455e-05,-0.002181584231660215
2025-10-02,"future_total_active_days:q1[2,12]",fixed_fold,SEQ-AVG3,21895,0.760949988581868,0.8858204987451687,0.28532746542299287,1.58875671254235,0.3834684471465989,0.7588698384428161,0.06511598110113727,0.0025713118519374856,0.00976673067645215
2025-10-02,"future_total_active_days:q1[2,12]",fixed_fold,BTYD,21895,0.760949988581868,0.8858204987451687,0.30100486127664855,1.631820422085301,0.42244396118351546,0.744637771798468,0.2645944304573571,0.0456350213948884,0.02024940538924675
2025-10-02,"future_total_active_days:q1[2,12]",fixed_fold,FRESH,21895,0.760949988581868,0.8858204987451687,0.28386576974755406,1.5846819897695021,0.37301707523629984,0.7580717872047456,-0.020977552762509278,-0.0015034109209104418,-0.03999232025670904
2025-10-02,"future_total_active_days:q1[2,12]",fixed_fold,ZERO2D,21895,0.760949988581868,0.8858204987451687,0.2842331272588815,1.5857070457535196,0.37555512518231937,0.7580271904598881,-0.017441581732531592,-0.00047835493689296626,-0.12371214250576001
2025-10-02,"future_total_active_days:q1[2,12]",fixed_fold,BTYD05,21895,0.760949988581868,0.8858204987451687,0.2844909428524344,1.5864260459337984,0.38331280944731727,0.7581808307755473,-0.006698953601515847,0.0002406452433858508,0.020249405389247122
2025-10-02,"future_total_active_days:q1[2,12]",fixed_fold,SEQ_SLOT_25,21895,0.760949988581868,0.8858204987451687,0.28449324352878924,1.5864324606292488,0.3825458931779031,0.7582942892979485,-0.006658632964186069,0.0002470599388362249,0.009276598873235679
2025-10-02,"future_total_active_days:q1[2,12]",fixed_fold,SEQ_SLOT_50,21895,0.760949988581868,0.8858204987451687,0.2844046404371418,1.5861854006904126,0.3812532751454121,0.7580184866981636,-0.02097755276250925,0.0,0.013744437061369495
2025-10-02,"future_total_active_days:q1[2,12]",fixed_fold,SEQ_SLOT_75,21895,0.760949988581868,0.8858204987451687,0.28435794835897,1.5860551895014348,0.37996065711292093,0.7576779735220789,-0.035296472560832445,-0.00013021118897782458,-0.009276598873235446
2025-10-02,"future_total_active_days:q1[2,12]",fixed_fold,BTYD05_FRESH1,21895,0.760949988581868,0.8858204987451687,0.28395867967980476,1.584941303618806,0.3750766095382051,0.7582218611569049,-0.006698953601515843,-0.0012440970716065536,-0.002429350332472527
2025-10-02,"future_total_active_days:q1[2,12]",slice_shape_only,STRONGEST,21895,0.760949988581868,0.8858204987451687,0.2672055283718602,1.5374759421783823,-0.035147962621414786,0.7580184866981636,-0.458955392138351,0.0,
2025-10-02,"future_total_active_days:q1[2,12]",slice_shape_only,CAP,21895,0.760949988581868,0.8858204987451687,0.27174089827448955,1.5504690897537277,-0.03971860808758979,0.7509993214276729,-0.4888401206744036,0.01299314757534531,-0.018252716689296532
2025-10-02,"future_total_active_days:q1[2,12]",slice_shape_only,UNC,21895,0.760949988581868,0.8858204987451687,0.26890491451137705,1.5423572488696473,-0.04220426837818771,0.7556161681903448,-0.49356281711623207,0.004881306691264964,-0.026624511610381586
2025-10-02,"future_total_active_days:q1[2,12]",slice_shape_only,DIST,21895,0.760949988581868,0.8858204987451687,0.26724560968407746,1.5375912499395727,-0.02588054767542234,0.7563630117235657,-0.4616885528803919,0.00011530776119039743,0.03492063501821894
2025-10-02,"future_total_active_days:q1[2,12]",slice_shape_only,ETX-AVG3,21895,0.760949988581868,0.8858204987451687,0.2678036282905133,1.5391956862263982,-0.03643009412737101,0.7568746644780127,-0.49569091473102517,0.001719744048015892,-0.002181584231660215
2025-10-02,"future_total_active_days:q1[2,12]",slice_shape_only,SEQ-AVG3,21895,0.760949988581868,0.8858204987451687,0.26750114321319607,1.53832617733846,-0.043110878439254686,0.7588698384428161,-0.39279997538359407,0.0008502351600776503,0.00976673067645215
2025-10-02,"future_total_active_days:q1[2,12]",slice_shape_only,BTYD,21895,0.760949988581868,0.8858204987451687,0.2808148322925027,1.5761430477201743,-0.0009292555468176406,0.744637771798468,-0.1588705475613601,0.03866710554179198,0.02024940538924675
2025-10-02,"future_total_active_days:q1[2,12]",slice_shape_only,FRESH,21895,0.760949988581868,0.8858204987451687,0.26733801400939194,1.537857050007816,-0.03541902513876782,0.7580717872047456,-0.4516053086652111,0.000381107829433569,-0.03999232025670904
2025-10-02,"future_total_active_days:q1[2,12]",slice_shape_only,ZERO2D,21895,0.760949988581868,0.8858204987451687,0.2674280192375607,1.538115904939131,-0.03578479641132006,0.7580271904598881,-0.4521872903659423,0.0006399627607487357,-0.12371214250576001
2025-10-02,"future_total_active_days:q1[2,12]",slice_shape_only,BTYD05,21895,0.760949988581868,0.8858204987451687,0.26715839364295846,1.5373403317583993,-0.03487644361939848,0.7581808307755473,-0.4456404155126651,-0.00013561041998300105,0.020249405389247122
2025-10-02,"future_total_active_days:q1[2,12]",slice_shape_only,SEQ_SLOT_25,21895,0.760949988581868,0.8858204987451687,0.26716814838043695,1.5373683979072092,-0.03526790526489141,0.7582942892979485,-0.44644294903754206,-0.00010754427117309895,0.009276598873235679
2025-10-02,"future_total_active_days:q1[2,12]",slice_shape_only,SEQ_SLOT_50,21895,0.760949988581868,0.8858204987451687,0.2672055283718602,1.5374759421783826,-0.03514796262141482,0.7580184866981636,-0.458955392138351,2.220446049250313e-16,0.013744437061369495
2025-10-02,"future_total_active_days:q1[2,12]",slice_shape_only,SEQ_SLOT_75,21895,0.760949988581868,0.8858204987451687,0.2672779234406912,1.53768420534426,-0.033929213251528784,0.7576779735220789,-0.47017928019641375,0.0002082631658777423,-0.009276598873235446
2025-10-02,"future_total_active_days:q1[2,12]",slice_shape_only,BTYD05_FRESH1,21895,0.760949988581868,0.8858204987451687,0.26730149244049145,1.5377520015904573,-0.035645648657234186,0.7582218611569049,-0.4389110837118511,0.0002760594120749804,-0.002429350332472527
2025-10-02,"future_total_active_days:q2[12,18]",fixed_fold,STRONGEST,20184,0.6272790328973444,1.4214999357427824,0.329091481126402,1.7771037583104414,0.23289280882156485,0.7548342994234788,-0.02097755276250928,0.0,
2025-10-02,"future_total_active_days:q2[12,18]",fixed_fold,CAP,20184,0.6272790328973444,1.4214999357427824,0.33474368149378075,1.792299812221006,0.22645161750995235,0.7480038179627495,-0.06234947720770449,0.015196053910564666,-0.032953589238912916
2025-10-02,"future_total_active_days:q2[12,18]",fixed_fold,UNC,20184,0.6272790328973444,1.4214999357427824,0.33144365875154147,1.7834433648821666,0.24247984877049195,0.7531152051487777,-0.03186661453415559,0.006339606571725165,-0.012662769435374767
2025-10-02,"future_total_active_days:q2[12,18]",fixed_fold,DIST,20184,0.6272790328973444,1.4214999357427824,0.32972126505686566,1.7788033715109823,0.23472953159741536,0.7535997734268362,-0.03615573527977523,0.001699613200540906,0.007280418442539112
2025-10-02,"future_total_active_days:q2[12,18]",fixed_fold,ETX-AVG3,20184,0.6272790328973444,1.4214999357427824,0.32919308625658217,1.7773780724970316,0.22596728774291583,0.7541914612737561,-0.06216330599506895,0.00027431418659018547,0.01075171716077732
2025-10-02,"future_total_active_days:q2[12,18]",fixed_fold,SEQ-AVG3,20184,0.6272790328973444,1.4214999357427824,0.32935905626771883,1.7778260683671536,0.23209491061684664,0.7553929999445768,0.06511598110113727,0.0007223100567121943,0.022561303178567384
2025-10-02,"future_total_active_days:q2[12,18]",fixed_fold,BTYD,20184,0.6272790328973444,1.4214999357427824,0.3438244419732601,1.8164474517051725,0.25465768793065524,0.7434182752073801,0.2645944304573571,0.039343693394731094,0.032304599359410144
2025-10-02,"future_total_active_days:q2[12,18]",fixed_fold,FRESH,20184,0.6272790328973444,1.4214999357427824,0.32881756139791346,1.7763640170183483,0.2267502579310593,0.7549615977448008,-0.020977552762509278,-0.0007397412920930879,1.6702098333206056e-05
2025-10-02,"future_total_active_days:q2[12,18]",fixed_fold,ZERO2D,20184,0.6272790328973444,1.4214999357427824,0.32912264493260646,1.777187899057412,0.22984922067422028,0.7548296484415121,-0.017441581732531592,8.414074697049578e-05,-0.06664332145828518
2025-10-02,"future_total_active_days:q2[12,18]",fixed_fold,BTYD05,20184,0.6272790328973444,1.4214999357427824,0.3289401738984334,1.7766951795824637,0.2339810527770193,0.7550843080771399,-0.006698953601515847,-0.00040857872797772643,0.032304599359410296
2025-10-02,"future_total_active_days:q2[12,18]",fixed_fold,SEQ_SLOT_25,20184,0.6272790328973444,1.4214999357427824,0.32908672185921306,1.7770909081719966,0.23358216639488202,0.75499134093196,-0.006658632964186069,-1.285013844487537e-05,0.011221106006613472
2025-10-02,"future_total_active_days:q2[12,18]",fixed_fold,SEQ_SLOT_50,20184,0.6272790328973444,1.4214999357427824,0.329091481126402,1.7771037583104414,0.23289280882156485,0.7548342994234788,-0.02097755276250925,0.0,0.003925436875147835
2025-10-02,"future_total_active_days:q2[12,18]",fixed_fold,SEQ_SLOT_75,20184,0.6272790328973444,1.4214999357427824,0.32914269258580947,1.7772420246314014,0.23220345124824765,0.7546378663024944,-0.035296472560832445,0.0001382663209599233,-0.011221106006613236
2025-10-02,"future_total_active_days:q2[12,18]",fixed_fold,BTYD05_FRESH1,20184,0.6272790328973444,1.4214999357427824,0.32867880570998814,1.7759891790408178,0.22783850188651392,0.7551744720345431,-0.006698953601515843,-0.0011145792696236612,0.024524046594742336
2025-10-02,"future_total_active_days:q2[12,18]",slice_shape_only,STRONGEST,20184,0.6272790328973444,1.4214999357427824,0.32342915583135706,1.7617490615088327,-0.002266506453789179,0.7548342994234788,-0.25665398044090254,0.0,
2025-10-02,"future_total_active_days:q2[12,18]",slice_shape_only,CAP,20184,0.6272790328973444,1.4214999357427824,0.3293889714241507,1.7779068050834113,-0.0010517661473877305,0.7480038179627495,-0.2902173238731951,0.016157743574578554,-0.032953589238912916
2025-10-02,"future_total_active_days:q2[12,18]",slice_shape_only,UNC,20184,0.6272790328973444,1.4214999357427824,0.3252597206114833,1.766727656256426,-0.005907743570288165,0.7531152051487777,-0.28176840667836417,0.004978594747593323,-0.012662769435374767
2025-10-02,"future_total_active_days:q2[12,18]",slice_shape_only,DIST,20184,0.6272790328973444,1.4214999357427824,0.3239764106616362,1.7632389058477225,-0.0004726245809009646,0.7535997734268362,-0.2715441739202399,0.0014898443388897675,0.007280418442539112
2025-10-02,"future_total_active_days:q2[12,18]",slice_shape_only,ETX-AVG3,20184,0.6272790328973444,1.4214999357427824,0.3238302819878766,1.7628412089551562,-0.004870518861277127,0.7541914612737561,-0.2941183406854573,0.001092147446323466,0.01075171716077732
2025-10-02,"future_total_active_days:q2[12,18]",slice_shape_only,SEQ-AVG3,20184,0.6272790328973444,1.4214999357427824,0.32367820076910975,1.7624272165980601,-0.007407538073052121,0.7553929999445768,-0.17642747158677183,0.0006781550892274169,0.022561303178567384
2025-10-02,"future_total_active_days:q2[12,18]",slice_shape_only,BTYD,20184,0.6272790328973444,1.4214999357427824,0.3370666525763773,1.7985079390383651,1.1265045354896555e-17,0.7434182752073801,0.009936742526701847,0.03675887752953244,0.032304599359410144
2025-10-02,"future_total_active_days:q2[12,18]",slice_shape_only,FRESH,20184,0.6272790328973444,1.4214999357427824,0.3234476610734299,1.761799460685823,-0.0025570327627227117,0.7549615977448008,-0.25084524226057964,5.039917699023455e-05,1.6702098333206056e-05
2025-10-02,"future_total_active_days:q2[12,18]",slice_shape_only,ZERO2D,20184,0.6272790328973444,1.4214999357427824,0.3235999280570135,1.7622141063258032,-0.0036363277228325945,0.7548296484415121,-0.2516288574337899,0.0004650448169705168,-0.06664332145828518
2025-10-02,"future_total_active_days:q2[12,18]",slice_shape_only,BTYD05,20184,0.6272790328973444,1.4214999357427824,0.3232291699075796,1.7612043062087994,-0.0012579979750478925,0.7550843080771399,-0.24230667680427517,-0.0005447553000332839,0.032304599359410296
2025-10-02,"future_total_active_days:q2[12,18]",slice_shape_only,SEQ_SLOT_25,20184,0.6272790328973444,1.4214999357427824,0.32339069387930786,1.761644305457429,-0.002266503518298294,0.75499134093196,-0.24304987041789036,-0.00010475605140380928,0.011221106006613472
2025-10-02,"future_total_active_days:q2[12,18]",slice_shape_only,SEQ_SLOT_50,20184,0.6272790328973444,1.4214999357427824,0.32342915583135706,1.7617490615088327,-0.0022665064537891635,0.7548342994234788,-0.2566539804409025,0.0,0.003925436875147835
2025-10-02,"future_total_active_days:q2[12,18]",slice_shape_only,SEQ_SLOT_75,20184,0.6272790328973444,1.4214999357427824,0.3235131307221414,1.7619777562332852,-0.002328878504968747,0.7546378663024944,-0.2703403626709413,0.00022869472445252725,-0.011221106006613236
2025-10-02,"future_total_active_days:q2[12,18]",slice_shape_only,BTYD05_FRESH1,20184,0.6272790328973444,1.4214999357427824,0.3232625660174322,1.7612952878694619,-0.0012579979750477967,0.7551744720345431,-0.23619350015425775,-0.0004537736393708247,0.024524046594742336
2025-10-02,"future_total_active_days:q3[18,23]",fixed_fold,STRONGEST,17111,0.5426333937233359,1.789766140512425,0.3003919440384639,1.8440153379750643,0.14964257926367389,0.7650320012231573,-0.02097755276250928,0.0,
2025-10-02,"future_total_active_days:q3[18,23]",fixed_fold,CAP,17111,0.5426333937233359,1.789766140512425,0.30513396859229364,1.8585132730925598,0.1420154516122054,0.7589074004729414,-0.06234947720770449,0.01449793511749542,-0.026607648214112007
2025-10-02,"future_total_active_days:q3[18,23]",fixed_fold,UNC,17111,0.5426333937233359,1.789766140512425,0.3011366792870868,1.8462997752320176,0.15748943461757936,0.7643365988934611,-0.03186661453415559,0.0022844372569532645,0.016932099448199796
2025-10-02,"future_total_active_days:q3[18,23]",fixed_fold,DIST,17111,0.5426333937233359,1.789766140512425,0.3018451749086676,1.8484704287911486,0.14871484521079317,0.7629439570210506,-0.03615573527977523,0.004455090816084306,-0.02705105325359199
2025-10-02,"future_total_active_days:q3[18,23]",fixed_fold,ETX-AVG3,17111,0.5426333937233359,1.789766140512425,0.30093501144206686,1.8456814486028024,0.1472723037510816,0.7643332203481732,-0.06216330599506895,0.0016661106277380267,0.003047135716431926
2025-10-02,"future_total_active_days:q3[18,23]",fixed_fold,SEQ-AVG3,17111,0.5426333937233359,1.789766140512425,0.30050048560279446,1.8443484598118103,0.14943496776033344,0.7657956625533738,0.06511598110113727,0.0003331218367459421,0.02678379341399061
2025-10-02,"future_total_active_days:q3[18,23]",fixed_fold,BTYD,17111,0.5426333937233359,1.789766140512425,0.31124067110920567,1.8770185293161306,0.15895126286984465,0.7561150018282679,0.2645944304573571,0.03300319134106622,0.04948411956593163
2025-10-02,"future_total_active_days:q3[18,23]",fixed_fold,FRESH,17111,0.5426333937233359,1.789766140512425,0.30028968253023,1.8437014350144958,0.14508462242951745,0.76518025812086,-0.020977552762509278,-0.00031390296056854616,0.0013555124341588984
2025-10-02,"future_total_active_days:q3[18,23]",fixed_fold,ZERO2D,17111,0.5426333937233359,1.789766140512425,0.3004450589961639,1.8441783591035925,0.1480983308565114,0.7650303910814111,-0.017441581732531592,0.00016302112852817352,-0.04164206311556791
2025-10-02,"future_total_active_days:q3[18,23]",fixed_fold,BTYD05,17111,0.5426333937233359,1.789766140512425,0.3000880432808152,1.8430823244953793,0.15010801344398242,0.7654304080911137,-0.006698953601515847,-0.0009330134796849965,0.049484119565931635
2025-10-02,"future_total_active_days:q3[18,23]",fixed_fold,SEQ_SLOT_25,17111,0.5426333937233359,1.789766140512425,0.3003210812925494,1.8437978226583729,0.14988587896471472,0.7652089103868042,-0.006658632964186069,-0.0002175153166914523,0.019732466657076224
2025-10-02,"future_total_active_days:q3[18,23]",fixed_fold,SEQ_SLOT_50,17111,0.5426333937233359,1.789766140512425,0.3003919440384639,1.8440153379750643,0.14964257926367389,0.7650320012231573,-0.02097755276250925,0.0,0.00449899287451452
2025-10-02,"future_total_active_days:q3[18,23]",fixed_fold,SEQ_SLOT_75,17111,0.5426333937233359,1.789766140512425,0.3005040929650946,1.8443595300320828,0.14939927956263313,0.7648013931441815,-0.035296472560832445,0.00034419205701841094,-0.01973246665707621
2025-10-02,"future_total_active_days:q3[18,23]",fixed_fold,BTYD05_FRESH1,17111,0.5426333937233359,1.789766140512425,0.2999984928617165,1.8428073033585237,0.1455500566098261,0.7655624121905069,-0.006698953601515843,-0.0012080346165406208,0.03736979147799135
2025-10-02,"future_total_active_days:q3[18,23]",slice_shape_only,STRONGEST,17111,0.5426333937233359,1.789766140512425,0.2984135379605775,1.8379328881253436,-0.0002135543707388791,0.7650320012231573,-0.1708646017399463,0.0,
2025-10-02,"future_total_active_days:q3[18,23]",slice_shape_only,CAP,17111,0.5426333937233359,1.789766140512425,0.30335189627754516,1.8530781931992566,5.4813652691445984e-17,0.7589074004729414,-0.20441450025373029,0.015145305073912985,-0.026607648214112007
2025-10-02,"future_total_active_days:q3[18,23]",slice_shape_only,UNC,17111,0.5426333937233359,1.789766140512425,0.2989418323467234,1.8395590547465657,-0.00042931911967404346,0.7643365988934611,-0.19000466635175867,0.0016261666212220582,0.016932099448199796
2025-10-02,"future_total_active_days:q3[18,23]",slice_shape_only,DIST,17111,0.5426333937233359,1.789766140512425,0.29989134788436655,1.8424781930724574,-6.644079114114665e-18,0.7629439570210506,-0.1848879048333156,0.004545304947113804,-0.02705105325359199
2025-10-02,"future_total_active_days:q3[18,23]",slice_shape_only,ETX-AVG3,17111,0.5426333937233359,1.789766140512425,0.2990179034938635,1.8397930943675231,-0.00021355437073902528,0.7643332203481732,-0.20977831895101628,0.0018602062421795296,0.003047135716431926
2025-10-02,"future_total_active_days:q3[18,23]",slice_shape_only,SEQ-AVG3,17111,0.5426333937233359,1.789766140512425,0.29852129030797336,1.838264682235995,-0.0007711454818641647,0.7657956625533738,-0.08546200440077686,0.0003317941106513178,0.02678379341399061
2025-10-02,"future_total_active_days:q3[18,23]",slice_shape_only,BTYD,17111,0.5426333937233359,1.789766140512425,0.3090087070917603,1.8702761976318285,1.910172745307966e-17,0.7561150018282679,0.10564316758751247,0.032343309506484896,0.04948411956593163
2025-10-02,"future_total_active_days:q3[18,23]",slice_shape_only,FRESH,17111,0.5426333937233359,1.789766140512425,0.2984298248555977,1.837983043040867,-0.00021355437073897128,0.76518025812086,-0.16631165483340274,5.015491552340379e-05,0.0013555124341588984
2025-10-02,"future_total_active_days:q3[18,23]",slice_shape_only,ZERO2D,17111,0.5426333937233359,1.789766140512425,0.29850676459773534,1.8382199577459613,-0.00021355437073890818,0.7650303910814111,-0.16580332620953683,0.0002870696206176415,-0.04164206311556791
2025-10-02,"future_total_active_days:q3[18,23]",slice_shape_only,BTYD05,17111,0.5426333937233359,1.789766140512425,0.298097470430948,1.8369592982333034,-3.155937579204466e-17,0.7654304080911137,-0.1568241159044014,-0.0009735898920402164,0.049484119565931635
2025-10-02,"future_total_active_days:q3[18,23]",slice_shape_only,SEQ_SLOT_25,17111,0.5426333937233359,1.789766140512425,0.29833598220846735,1.8376940391590766,-0.0002135543707389032,0.7652089103868042,-0.15678720310438055,-0.00023884896626702457,0.019732466657076224
2025-10-02,"future_total_active_days:q3[18,23]",slice_shape_only,SEQ_SLOT_50,17111,0.5426333937233359,1.789766140512425,0.29841353796057746,1.8379328881253436,-0.00021355437073888493,0.7650320012231573,-0.17086460173994628,0.0,0.00449899287451452
2025-10-02,"future_total_active_days:q3[18,23]",slice_shape_only,SEQ_SLOT_75,17111,0.5426333937233359,1.789766140512425,0.2985321435932434,1.8382980986627433,5.398314280218165e-17,0.7648013931441815,-0.18473312810579953,0.000365210537399685,-0.01973246665707621
2025-10-02,"future_total_active_days:q3[18,23]",slice_shape_only,BTYD05_FRESH1,17111,0.5426333937233359,1.789766140512425,0.29812695629910313,1.8370501460359796,4.1525494463216655e-17,0.7655624121905069,-0.15226838101575266,-0.0008827420893640081,0.03736979147799135
2025-10-02,"future_total_active_days:q4[23,29]",fixed_fold,STRONGEST,19890,0.4607340372046254,2.160035850439307,0.3717465367591156,1.902673011790223,0.04539730423598277,0.7619914564877132,-0.02097755276250928,0.0,
2025-10-02,"future_total_active_days:q4[23,29]",fixed_fold,CAP,19890,0.4607340372046254,2.160035850439307,0.3775305673127302,1.9174177911125185,0.03974141370284984,0.7568417391078581,-0.06234947720770449,0.014744779322295454,-0.025252131111302596
2025-10-02,"future_total_active_days:q4[23,29]",fixed_fold,UNC,19890,0.4607340372046254,2.160035850439307,0.3732580837146485,1.9065372872576154,0.05142170925378643,0.760533876530698,-0.03186661453415559,0.0038642754673923196,-0.0031546078254528964
2025-10-02,"future_total_active_days:q4[23,29]",fixed_fold,DIST,19890,0.4607340372046254,2.160035850439307,0.3728106640049339,1.9053942736472802,0.045565013090029034,0.7606751326828106,-0.03615573527977523,0.0027212618570571223,-0.007656980984143687
2025-10-02,"future_total_active_days:q4[23,29]",fixed_fold,ETX-AVG3,19890,0.4607340372046254,2.160035850439307,0.37254311585193606,1.9047104463554956,0.04255521438811529,0.7612248052415987,-0.06216330599506895,0.0020374345652725,0.0009781486686862588
2025-10-02,"future_total_active_days:q4[23,29]",fixed_fold,SEQ-AVG3,19890,0.4607340372046254,2.160035850439307,0.37180903827276124,1.9028329526819159,0.04519152552862472,0.7627878453356587,0.06511598110113727,0.00015994089169280024,0.02813294699294671
2025-10-02,"future_total_active_days:q4[23,29]",fixed_fold,BTYD,19890,0.4607340372046254,2.160035850439307,0.3865196674806627,1.9401106113216509,0.042742970058732524,0.754110630837594,0.2645944304573571,0.03743759953142778,0.04182559370433147
2025-10-02,"future_total_active_days:q4[23,29]",fixed_fold,FRESH,19890,0.4607340372046254,2.160035850439307,0.3717661428313358,1.9027231850251405,0.04259627106897445,0.7621247822735489,-0.020977552762509278,5.017323491740555e-05,-0.0012445298542936595
2025-10-02,"future_total_active_days:q4[23,29]",fixed_fold,ZERO2D,19890,0.4607340372046254,2.160035850439307,0.3718512560432216,1.9029409800242874,0.044962106399327365,0.7619908257209278,-0.017441581732531592,0.0002679682340642753,-0.043671935063432116
2025-10-02,"future_total_active_days:q4[23,29]",fixed_fold,BTYD05,19890,0.4607340372046254,2.160035850439307,0.37141953255754495,1.9018359912772451,0.04526458752712016,0.7623916881866659,-0.006698953601515847,-0.0008370205129779595,0.041825593704331546
2025-10-02,"future_total_active_days:q4[23,29]",fixed_fold,SEQ_SLOT_25,19890,0.4607340372046254,2.160035850439307,0.3716393178331916,1.9023986080658677,0.045693889239290054,0.7621827314285371,-0.006658632964186069,-0.0002744037243553876,0.022066062975761355
2025-10-02,"future_total_active_days:q4[23,29]",fixed_fold,SEQ_SLOT_50,19890,0.4607340372046254,2.160035850439307,0.3717465367591156,1.902673011790223,0.04539730423598275,0.7619914564877132,-0.02097755276250925,0.0,0.00454320704791151
2025-10-02,"future_total_active_days:q4[23,29]",fixed_fold,SEQ_SLOT_75,19890,0.4607340372046254,2.160035850439307,0.37190435921464116,1.9030768523548554,0.04510071923267549,0.7617675749735505,-0.035296472560832445,0.000403840564632274,-0.022066062975761216
2025-10-02,"future_total_active_days:q4[23,29]",fixed_fold,BTYD05_FRESH1,19890,0.4607340372046254,2.160035850439307,0.3714562238317131,1.9019299269165906,0.042463554360112045,0.7625002919839796,-0.006698953601515843,-0.0007430848736325046,0.029298368094648777
2025-10-02,"future_total_active_days:q4[23,29]",slice_shape_only,STRONGEST,19890,0.4607340372046254,2.160035850439307,0.37153490602216777,1.902131350502111,2.6435476343010262e-17,0.7619914564877132,-0.06637485699849205,0.0,
2025-10-02,"future_total_active_days:q4[23,29]",slice_shape_only,CAP,19890,0.4607340372046254,2.160035850439307,0.37736835072741054,1.9170058107164192,-2.2863114675035902e-17,0.7568417391078581,-0.10210045914184403,0.014874460214308272,-0.025252131111302596
2025-10-02,"future_total_active_days:q4[23,29]",slice_shape_only,UNC,19890,0.4607340372046254,2.160035850439307,0.3729854524406055,1.9058408835353975,-0.00023794310011148695,0.760533876530698,-0.08353820516130898,0.003709533033286583,-0.0031546078254528964
2025-10-02,"future_total_active_days:q4[23,29]",slice_shape_only,DIST,19890,0.4607340372046254,2.160035850439307,0.37259746674734245,1.9048493818751002,1.22889241378318e-16,0.7606751326828106,-0.08172074836980434,0.0027180313729893157,-0.007656980984143687
2025-10-02,"future_total_active_days:q4[23,29]",slice_shape_only,ETX-AVG3,19890,0.4607340372046254,2.160035850439307,0.3723571532772021,1.9042349992772207,-9.073798636654874e-17,0.7612248052415987,-0.1047191937600392,0.002103648775109823,0.0009781486686862588
2025-10-02,"future_total_active_days:q4[23,29]",slice_shape_only,SEQ-AVG3,19890,0.4607340372046254,2.160035850439307,0.3715993217639673,1.9022962366131553,1.0431296070485131e-16,0.7627878453356587,0.019924455572512545,0.00016488611104437112,0.02813294699294671
2025-10-02,"future_total_active_days:q4[23,29]",slice_shape_only,BTYD,19890,0.4607340372046254,2.160035850439307,0.38633206092586486,1.939639714656675,-4.07249230149077e-17,0.754110630837594,0.22185146039862452,0.037508364154564156,0.04182559370433147
2025-10-02,"future_total_active_days:q4[23,29]",slice_shape_only,FRESH,19890,0.4607340372046254,2.160035850439307,0.3715798218429436,1.9022463238296017,-5.35854250196154e-17,0.7621247822735489,-0.06357382383148374,0.00011497332749077493,-0.0012445298542936595
2025-10-02,"future_total_active_days:q4[23,29]",slice_shape_only,ZERO2D,19890,0.4607340372046254,2.160035850439307,0.3716436634217362,1.9024097304324141,7.287617802667694e-17,0.7619908257209278,-0.062403688131858974,0.0002783799303032186,-0.043671935063432116
2025-10-02,"future_total_active_days:q4[23,29]",slice_shape_only,BTYD05,19890,0.4607340372046254,2.160035850439307,0.37120913739526434,1.9012972557791958,-5.5014369686805144e-17,0.7623916881866659,-0.05196354112863613,-0.0008340947229150686,0.041825593704331546
2025-10-02,"future_total_active_days:q4[23,29]",slice_shape_only,SEQ_SLOT_25,19890,0.4607340372046254,2.160035850439307,0.3714249128551864,1.901849766006016,7.430512269386668e-17,0.7621827314285371,-0.05235252220347616,-0.00028158449609483327,0.022066062975761355
2025-10-02,"future_total_active_days:q4[23,29]",slice_shape_only,SEQ_SLOT_50,19890,0.4607340372046254,2.160035850439307,0.37153490602216777,1.902131350502111,1.7147336006276928e-17,0.7619914564877132,-0.06637485699849202,0.0,0.00454320704791151
2025-10-02,"future_total_active_days:q4[23,29]",slice_shape_only,SEQ_SLOT_75,19890,0.4607340372046254,2.160035850439307,0.3716954846533754,1.9025423598683837,7.573406736105643e-17,0.7617675749735505,-0.0803971917935079,0.0004110093662728076,-0.022066062975761216
2025-10-02,"future_total_active_days:q4[23,29]",slice_shape_only,BTYD05_FRESH1,19890,0.4607340372046254,2.160035850439307,0.3712710620709022,1.9014558352620374,-3.07223103445795e-17,0.7625002919839796,-0.04916250796162781,-0.0006755152400734765,0.029298368094648777
2025-10-02,"future_total_active_days:q5[29,35]",fixed_fold,STRONGEST,18938,0.38620762488119126,2.508908127561896,0.34716211464661356,1.8843309888804987,-0.01794529059514317,0.7750509139624373,-0.02097755276250928,0.0,
2025-10-02,"future_total_active_days:q5[29,35]",fixed_fold,CAP,18938,0.38620762488119126,2.508908127561896,0.3529309016757447,1.8999224332480964,-0.02251992026339048,0.7700758696376727,-0.06234947720770449,0.01559144436759774,-0.028968143353603343
2025-10-02,"future_total_active_days:q5[29,35]",fixed_fold,UNC,18938,0.38620762488119126,2.508908127561896,0.34849578959670025,1.8879469883790487,-0.013256686459732573,0.7735345986286941,-0.03186661453415559,0.003615999498550071,-0.0022995931067940414
2025-10-02,"future_total_active_days:q5[29,35]",fixed_fold,DIST,18938,0.38620762488119126,2.508908127561896,0.3484170369792404,1.88773365844506,-0.019775689787189413,0.774160978219937,-0.03615573527977523,0.003402669564561256,-0.014466068452638417
2025-10-02,"future_total_active_days:q5[29,35]",fixed_fold,ETX-AVG3,18938,0.38620762488119126,2.508908127561896,0.3475723143143852,1.8854439037432427,-0.01762889048089464,0.7742863811702039,-0.06216330599506895,0.0011129148627440077,0.013081820185583605
2025-10-02,"future_total_active_days:q5[29,35]",fixed_fold,SEQ-AVG3,18938,0.38620762488119126,2.508908127561896,0.3473828355931292,1.8849299096947065,-0.01838588896336958,0.775421459302423,0.06511598110113727,0.0005989208142078706,0.02541737064589928
2025-10-02,"future_total_active_days:q5[29,35]",fixed_fold,BTYD,18938,0.38620762488119126,2.508908127561896,0.3631887227184666,1.9273349872395933,-0.025398656196645792,0.7664964131803906,0.2645944304573571,0.04300399835909463,0.04032206979803862
2025-10-02,"future_total_active_days:q5[29,35]",fixed_fold,FRESH,18938,0.38620762488119126,2.508908127561896,0.34719025723651803,1.8844073636883425,-0.018902479358059537,0.7752925923772133,-0.020977552762509278,7.637480784383754e-05,0.002400142170918499
2025-10-02,"future_total_active_days:q5[29,35]",fixed_fold,ZERO2D,18938,0.38620762488119126,2.508908127561896,0.34722441768490253,1.8845000659111226,-0.01739862189446441,0.7750487026643413,-0.017441581732531592,0.00016907703062396529,-0.029937078817685148
2025-10-02,"future_total_active_days:q5[29,35]",fixed_fold,BTYD05,18938,0.38620762488119126,2.508908127561896,0.34685938066919286,1.8835092180030308,-0.01831795887521843,0.7754488535219204,-0.006698953601515847,-0.0008217708774678201,0.04032206979803868
2025-10-02,"future_total_active_days:q5[29,35]",fixed_fold,SEQ_SLOT_25,18938,0.38620762488119126,2.508908127561896,0.3471174166641866,1.884209678833811,-0.018030452924421635,0.7751889671845245,-0.006658632964186069,-0.00012131004668769485,0.01185251900427231
2025-10-02,"future_total_active_days:q5[29,35]",fixed_fold,SEQ_SLOT_50,18938,0.38620762488119126,2.508908127561896,0.34716211464661356,1.8843309888804987,-0.01794529059514319,0.7750509139624373,-0.02097755276250925,0.0,0.015036357676089795
2025-10-02,"future_total_active_days:q5[29,35]",fixed_fold,SEQ_SLOT_75,18938,0.38620762488119126,2.508908127561896,0.3472576590427117,1.8845902695929224,-0.01786012826586469,0.7748807498690629,-0.035296472560832445,0.0002592807124237595,-0.011852519004272127
2025-10-02,"future_total_active_days:q5[29,35]",fixed_fold,BTYD05_FRESH1,18938,0.38620762488119126,2.508908127561896,0.3469047036755128,1.8836322700473107,-0.019275147638134593,0.7756773582459118,-0.006698953601515843,-0.0006987188331879501,0.02968225210899535
2025-10-02,"future_total_active_days:q5[29,35]",slice_shape_only,STRONGEST,18938,0.38620762488119126,2.508908127561896,0.34713062854192195,1.8842455366010065,-6.00310686036625e-17,0.7750509139624373,-0.0030322621673661084,0.0,
2025-10-02,"future_total_active_days:q5[29,35]",slice_shape_only,CAP,18938,0.38620762488119126,2.508908127561896,0.35288131597397776,1.8997889619425823,1.350699043582406e-16,0.7700758696376727,-0.03982942453159773,0.015543425341575823,-0.028968143353603343
2025-10-02,"future_total_active_days:q5[29,35]",slice_shape_only,UNC,18938,0.38620762488119126,2.508908127561896,0.34847860703493616,1.8879004452548942,-1.0205281662622624e-16,0.7735345986286941,-0.018609928074423028,0.003654908653887734,-0.0022995931067940414
2025-10-02,"future_total_active_days:q5[29,35]",slice_shape_only,DIST,18938,0.38620762488119126,2.508908127561896,0.3483788002068344,1.8876300716294525,-1.5007767150915623e-18,0.774160978219937,-0.01638004549258589,0.003384535028446045,-0.014466068452638417
2025-10-02,"future_total_active_days:q5[29,35]",slice_shape_only,ETX-AVG3,18938,0.38620762488119126,2.508908127561896,0.34754192870827544,1.8853614869257755,-2.4012427441464997e-17,0.7742863811702039,-0.044534415514174315,0.0011159503247690772,0.013081820185583605
2025-10-02,"future_total_active_days:q5[29,35]",slice_shape_only,SEQ-AVG3,18938,0.38620762488119126,2.508908127561896,0.34734978439479625,1.8848402382028882,-1.0955670020168405e-16,0.775421459302423,0.08350187006450688,0.0005947016018816864,0.02541737064589928
2025-10-02,"future_total_active_days:q5[29,35]",slice_shape_only,BTYD,18938,0.38620762488119126,2.508908127561896,0.3631256503088532,1.9271676266742461,4.6524078167838433e-17,0.7664964131803906,0.28999308665400286,0.04292209007323966,0.04032206979803862
2025-10-02,"future_total_active_days:q5[29,35]",slice_shape_only,FRESH,18938,0.38620762488119126,2.508908127561896,0.34715532265950094,1.8843125559728588,-1.0505437005640936e-17,0.7752925923772133,-0.0020750734044497326,6.701937185238371e-05,0.002400142170918499
2025-10-02,"future_total_active_days:q5[29,35]",slice_shape_only,ZERO2D,18938,0.38620762488119126,2.508908127561896,0.34719482068816554,1.8844197479264537,-6.903572889421187e-17,0.7750487026643413,-4.2959838067205185e-05,0.00017421132544725992,-0.029937078817685148
2025-10-02,"future_total_active_days:q5[29,35]",slice_shape_only,BTYD05,18938,0.38620762488119126,2.508908127561896,0.34682657324729316,1.8834201407771543,1.8009320581098748e-17,0.7754488535219204,0.011619005273702448,-0.0008253958238522152,0.04032206979803868
2025-10-02,"future_total_active_days:q5[29,35]",slice_shape_only,SEQ_SLOT_25,18938,0.38620762488119126,2.508908127561896,0.3470856310054047,1.8841234080012788,4.8024854882929994e-17,0.7751889671845245,0.011371819960235539,-0.00012212859972771106,0.01185251900427231
2025-10-02,"future_total_active_days:q5[29,35]",slice_shape_only,SEQ_SLOT_50,18938,0.38620762488119126,2.508908127561896,0.34713062854192195,1.8842455366010065,-8.854582619040218e-17,0.7750509139624373,-0.0030322621673660797,0.0,0.015036357676089795
2025-10-02,"future_total_active_days:q5[29,35]",slice_shape_only,SEQ_SLOT_75,18938,0.38620762488119126,2.508908127561896,0.3472264710738922,1.8845056381084804,4.9525631598021554e-17,0.7748807498690629,-0.017436344294967702,0.0002601015074739088,-0.011852519004272127
2025-10-02,"future_total_active_days:q5[29,35]",slice_shape_only,BTYD05_FRESH1,18938,0.38620762488119126,2.508908127561896,0.34686837802747333,1.8835336464866013,7.653961246966968e-17,0.7756773582459118,0.012576194036618827,-0.0007118901144052003,0.02968225210899535
2025-10-02,"future_total_active_days:q6[35,42]",fixed_fold,STRONGEST,20157,0.32068264126606144,2.850461907963421,0.3546155920914302,1.845967495964659,-0.08660443970803688,0.7903513091714853,-0.02097755276250928,0.0,
2025-10-02,"future_total_active_days:q6[35,42]",fixed_fold,CAP,20157,0.32068264126606144,2.850461907963421,0.36016683922318743,1.8603600225304195,-0.08645931273047829,0.7859499514820394,-0.06234947720770449,0.01439252656576051,-0.025592141997449313
2025-10-02,"future_total_active_days:q6[35,42]",fixed_fold,UNC,20157,0.32068264126606144,2.850461907963421,0.35531180233189114,1.8477786843727393,-0.0884319477068219,0.7894023539435847,-0.03186661453415559,0.0018111884080802554,0.014444974492536594
2025-10-02,"future_total_active_days:q6[35,42]",fixed_fold,DIST,20157,0.32068264126606144,2.850461907963421,0.35598662464644204,1.8495325394246063,-0.08759865731921072,0.7894555051977847,-0.03615573527977523,0.003565043459947237,-0.015709355786330786
2025-10-02,"future_total_active_days:q6[35,42]",fixed_fold,ETX-AVG3,20157,0.32068264126606144,2.850461907963421,0.3552979082923502,1.8477425564409917,-0.08311275729890667,0.7895632143022416,-0.06216330599506895,0.0017750604763326905,0.003970585658432909
2025-10-02,"future_total_active_days:q6[35,42]",fixed_fold,SEQ-AVG3,20157,0.32068264126606144,2.850461907963421,0.35530835200596056,1.8477697127397337,-0.08745503981217272,0.7901615486303979,0.06511598110113727,0.0018022167750746387,0.016372382769757943
2025-10-02,"future_total_active_days:q6[35,42]",fixed_fold,BTYD,20157,0.32068264126606144,2.850461907963421,0.37561943376226453,1.8998493424725211,-0.09991183305193063,0.7776950967936931,0.2645944304573571,0.0538818465078621,0.026479490233890363
2025-10-02,"future_total_active_days:q6[35,42]",fixed_fold,FRESH,20157,0.32068264126606144,2.850461907963421,0.35470995783518916,1.8462130921996123,-0.08588556173323886,0.7904910649403142,-0.020977552762509278,0.0002455962349532381,-0.005848081021075513
2025-10-02,"future_total_active_days:q6[35,42]",fixed_fold,ZERO2D,20157,0.32068264126606144,2.850461907963421,0.35463963115420094,1.8460300631183357,-0.08532501688174156,0.7903514786408896,-0.017441581732531592,6.256715367669585e-05,-0.023247393073513152
2025-10-02,"future_total_active_days:q6[35,42]",fixed_fold,BTYD05,20157,0.32068264126606144,2.850461907963421,0.3544391171855714,1.8455081147544035,-0.08726980937523175,0.7905175699551625,-0.006698953601515847,-0.00045938121025557166,0.02647949023389042
2025-10-02,"future_total_active_days:q6[35,42]",fixed_fold,SEQ_SLOT_25,20157,0.32068264126606144,2.850461907963421,0.35458491629373917,1.8458876521120806,-0.08709294649077935,0.7904241019296555,-0.006658632964186069,-7.984385257842064e-05,0.010761366210864832
2025-10-02,"future_total_active_days:q6[35,42]",fixed_fold,SEQ_SLOT_50,20157,0.32068264126606144,2.850461907963421,0.3546155920914302,1.845967495964659,-0.08660443970803693,0.7903513091714853,-0.02097755276250925,0.0,0.0015666481389124904
2025-10-02,"future_total_active_days:q6[35,42]",fixed_fold,SEQ_SLOT_75,20157,0.32068264126606144,2.850461907963421,0.3547001616507233,1.8461875981748634,-0.0861159329252944,0.7902354033968357,-0.035296472560832445,0.00022010221020440923,-0.010761366210864922
2025-10-02,"future_total_active_days:q6[35,42]",fixed_fold,BTYD05_FRESH1,20157,0.32068264126606144,2.850461907963421,0.3545523061790788,1.8458027697760553,-0.08655093140043352,0.7906396218202116,-0.006698953601515843,-0.00016472618860374766,0.01435129747002181
2025-10-02,"future_total_active_days:q6[35,42]",slice_shape_only,STRONGEST,20157,0.32068264126606144,2.850461907963421,0.35383506129960246,1.843934832682785,1.9035227330974555e-17,0.7903513091714853,0.06562688694552764,0.0,
2025-10-02,"future_total_active_days:q6[35,42]",slice_shape_only,CAP,20157,0.32068264126606144,2.850461907963421,0.35938892218105123,1.8583498595989818,1.0363623769086146e-16,0.7859499514820394,0.024109835522773664,0.014415026916196894,-0.025592141997449313
2025-10-02,"future_total_active_days:q6[35,42]",slice_shape_only,UNC,20157,0.32068264126606144,2.850461907963421,0.35449798280017436,1.8456613603386265,2.961035362596042e-17,0.7894023539435847,0.0565653331726663,0.001726527655841581,0.014444974492536594
2025-10-02,"future_total_active_days:q6[35,42]",slice_shape_only,DIST,20157,0.32068264126606144,2.850461907963421,0.35518807002590375,1.847456924971812,-2.996285783579328e-17,0.7894555051977847,0.051442922039435415,0.0035220922890271122,-0.015709355786330786
2025-10-02,"future_total_active_days:q6[35,42]",slice_shape_only,ETX-AVG3,20157,0.32068264126606144,2.850461907963421,0.3545790469843416,1.8458723749103738,5.0055597796266424e-17,0.7895632143022416,0.0209494513038377,0.0019375422275889065,0.003970585658432909
2025-10-02,"future_total_active_days:q6[35,42]",slice_shape_only,SEQ-AVG3,20157,0.32068264126606144,2.850461907963421,0.35451241369059106,1.8456989265125905,1.395916670938134e-16,0.7901615486303979,0.15257102091331004,0.0017640938298055797,0.016372382769757943
2025-10-02,"future_total_active_days:q6[35,42]",slice_shape_only,BTYD,20157,0.32068264126606144,2.850461907963421,0.37458060591806597,1.8972203745768372,-1.4100168393314485e-18,0.7776950967936931,0.3645062635092877,0.053285541894052324,0.026479490233890363
2025-10-02,"future_total_active_days:q6[35,42]",slice_shape_only,FRESH,20157,0.32068264126606144,2.850461907963421,0.35394233117638807,1.8442143183738218,-9.87011787532014e-18,0.7904910649403142,0.06490800897072961,0.0002794856910368626,-0.005848081021075513
2025-10-02,"future_total_active_days:q6[35,42]",slice_shape_only,ZERO2D,20157,0.32068264126606144,2.850461907963421,0.35388199185508573,1.8440571128440728,1.163263892448445e-16,0.7903514786408896,0.06788343514920997,0.0001222801612879021,-0.023247393073513152
2025-10-02,"future_total_active_days:q6[35,42]",slice_shape_only,BTYD05,20157,0.32068264126606144,2.850461907963421,0.3536465469064226,1.8434435662628685,-4.0890488340612007e-17,0.7905175699551625,0.08057085577371577,-0.0004912664199163697,0.02647949023389042
2025-10-02,"future_total_active_days:q6[35,42]",slice_shape_only,SEQ_SLOT_25,20157,0.32068264126606144,2.850461907963421,0.35379555523951195,1.8438318911688787,1.2619650712016463e-16,0.7904241019296555,0.08043431352659329,-0.00010294151390621842,0.010761366210864832
2025-10-02,"future_total_active_days:q6[35,42]",slice_shape_only,SEQ_SLOT_50,20157,0.32068264126606144,2.850461907963421,0.35383506129960246,1.843934832682785,-7.050084196657242e-18,0.7903513091714853,0.06562688694552767,0.0,0.0015666481389124904
2025-10-02,"future_total_active_days:q6[35,42]",slice_shape_only,SEQ_SLOT_75,20157,0.32068264126606144,2.850461907963421,0.35392841145280945,1.8441780537006394,-1.2901654079882753e-16,0.7902354033968357,0.05081946036446203,0.00024322101785445582,-0.010761366210864922
2025-10-02,"future_total_active_days:q6[35,42]",slice_shape_only,BTYD05_FRESH1,20157,0.32068264126606144,2.850461907963421,0.35377273958676986,1.8437724374734195,1.452317344511392e-16,0.7906396218202116,0.07985197779891774,-0.00016239520936545127,0.01435129747002181
2025-10-02,"future_total_active_days:q7[42,49]",fixed_fold,STRONGEST,18181,0.26340685330839886,3.1680418761450335,0.307894062422235,1.811130972008259,-0.13802592012597384,0.7970383642522076,-0.02097755276250928,0.0,
2025-10-02,"future_total_active_days:q7[42,49]",fixed_fold,CAP,18181,0.26340685330839886,3.1680418761450335,0.31238200004885136,1.8242829582700306,-0.13365158566030452,0.7933560282138005,-0.06234947720770449,0.01315198626177172,-0.020637180236170526
2025-10-02,"future_total_active_days:q7[42,49]",fixed_fold,UNC,18181,0.26340685330839886,3.1680418761450335,0.30860810813630357,1.8132298779997522,-0.14200124090674343,0.7959848638219855,-0.03186661453415559,0.002098905991493316,0.013888647904070262
2025-10-02,"future_total_active_days:q7[42,49]",fixed_fold,DIST,18181,0.26340685330839886,3.1680418761450335,0.30919949552499965,1.814966397589266,-0.1387988703172253,0.7964337110907039,-0.03615573527977523,0.0038354255810071347,-0.018134308689956635
2025-10-02,"future_total_active_days:q7[42,49]",fixed_fold,ETX-AVG3,18181,0.26340685330839886,3.1680418761450335,0.308507120499222,1.8129331768132986,-0.13394040298464302,0.7961361869332673,-0.06216330599506895,0.0018022048050396755,0.003481928888930334
2025-10-02,"future_total_active_days:q7[42,49]",fixed_fold,SEQ-AVG3,18181,0.26340685330839886,3.1680418761450335,0.30862750268482175,1.8132868535318554,-0.13968124954201727,0.7967010329950183,0.06511598110113727,0.00215588152359647,0.015466599194695046
2025-10-02,"future_total_active_days:q7[42,49]",fixed_fold,BTYD,18181,0.26340685330839886,3.1680418761450335,0.3277093094005443,1.86850209850852,-0.16323036733242313,0.785678754241413,0.2645944304573571,0.057371126500260994,0.023769562157220418
2025-10-02,"future_total_active_days:q7[42,49]",fixed_fold,FRESH,18181,0.26340685330839886,3.1680418761450335,0.3080694994297302,1.8116468867137754,-0.13621719199754434,0.7972344995862433,-0.020977552762509278,0.0005159147055164848,-0.01909059789078516
2025-10-02,"future_total_active_days:q7[42,49]",fixed_fold,ZERO2D,18181,0.26340685330839886,3.1680418761450335,0.3078953675231364,1.8111348105138487,-0.13622777633706906,0.7970384422136252,-0.017441581732531592,3.838505589826013e-06,-0.030373472001998022
2025-10-02,"future_total_active_days:q7[42,49]",fixed_fold,BTYD05,18181,0.26340685330839886,3.1680418761450335,0.3077847385021146,1.8108094043962852,-0.13928614248629653,0.7972117192600625,-0.006698953601515847,-0.000321567611973661,0.02376956215722057
2025-10-02,"future_total_active_days:q7[42,49]",fixed_fold,SEQ_SLOT_25,18181,0.26340685330839886,3.1680418761450335,0.3078787555690356,1.811085951555022,-0.1386717653636785,0.7971068923381515,-0.006658632964186069,-4.5020453236954694e-05,0.010313939002981555
2025-10-02,"future_total_active_days:q7[42,49]",fixed_fold,SEQ_SLOT_50,18181,0.26340685330839886,3.1680418761450335,0.307894062422235,1.811130972008259,-0.13802592012597387,0.7970383642522076,-0.02097755276250925,0.0,-0.007746025932195346
2025-10-02,"future_total_active_days:q7[42,49]",fixed_fold,SEQ_SLOT_75,18181,0.26340685330839886,3.1680418761450335,0.30795969142674645,1.811323987080459,-0.1373800748882692,0.7969234803074449,-0.035296472560832445,0.00019301507220004233,-0.010313939002981378
2025-10-02,"future_total_active_days:q7[42,49]",fixed_fold,BTYD05_FRESH1,18181,0.26340685330839886,3.1680418761450335,0.3079770354390583,1.8113749924296894,-0.13747741435786684,0.797382018180353,-0.006698953601515843,0.00024402042143045755,0.002899727270213722
2025-10-02,"future_total_active_days:q7[42,49]",slice_shape_only,STRONGEST,18181,0.26340685330839886,3.1680418761450335,0.306105834380754,1.805863849558144,-2.42305976663144e-17,0.7970383642522076,0.11704836736346462,0.0,
2025-10-02,"future_total_active_days:q7[42,49]",slice_shape_only,CAP,18181,0.26340685330839886,3.1680418761450335,0.3107061081408868,1.8193828478335354,1.1568156305208165e-16,0.7933560282138005,0.07130836093819934,0.01351899827539138,-0.020637180236170526
2025-10-02,"future_total_active_days:q7[42,49]",slice_shape_only,UNC,18181,0.26340685330839886,3.1680418761450335,0.30671578344025263,1.8076621439255158,3.4000999951118594e-17,0.7959848638219855,0.11013761896459175,0.0017982943673717777,0.013888647904070262
2025-10-02,"future_total_active_days:q7[42,49]",slice_shape_only,DIST,18181,0.26340685330839886,3.1680418761450335,0.30739118311933544,1.8096513194471524,1.6570602275027912e-16,0.7964337110907039,0.10264313503744996,0.0037874698890083547,-0.018134308689956635
2025-10-02,"future_total_active_days:q7[42,49]",slice_shape_only,ETX-AVG3,18181,0.26340685330839886,3.1680418761450335,0.30682318752431703,1.8079786149284702,-2.892039076302041e-17,0.7961361869332673,0.07177709698957403,0.002114765370326177,0.003481928888930334
2025-10-02,"future_total_active_days:q7[42,49]",slice_shape_only,SEQ-AVG3,18181,0.26340685330839886,3.1680418761450335,0.30679612540601153,1.8078988803906697,-1.1177340213815997e-16,0.7967010329950183,0.2047972306431546,0.0020350308325256528,0.015466599194695046
2025-10-02,"future_total_active_days:q7[42,49]",slice_shape_only,BTYD,18181,0.26340685330839886,3.1680418761450335,0.3252083680063302,1.8613586272696794,9.379586193412026e-18,0.785678754241413,0.4278247977897802,0.055494777711535326,0.023769562157220418
2025-10-02,"future_total_active_days:q7[42,49]",slice_shape_only,FRESH,18181,0.26340685330839886,3.1680418761450335,0.3063278311361478,1.8065185630776173,1.602345974707888e-17,0.7972344995862433,0.11523963923503516,0.0006547135194732157,-0.01909059789078516
2025-10-02,"future_total_active_days:q7[42,49]",slice_shape_only,ZERO2D,18181,0.26340685330839886,3.1680418761450335,0.3061534285570422,1.8060042344383613,9.066933320298292e-17,0.7970384422136252,0.11878619460453747,0.00014038488021728135,-0.030373472001998022
2025-10-02,"future_total_active_days:q7[42,49]",slice_shape_only,BTYD05,18181,0.26340685330839886,3.1680418761450335,0.3059637071602336,1.8054445628601605,1.4108460899257256e-16,0.7972117192600625,0.13258718888478052,-0.000419286697983523,0.02376956215722057
2025-10-02,"future_total_active_days:q7[42,49]",slice_shape_only,SEQ_SLOT_25,18181,0.26340685330839886,3.1680418761450335,0.3060737535681808,1.8057692170958282,1.0552034467588529e-16,0.7971068923381515,0.13201313239949244,-9.463246231589117e-05,0.010313939002981555
2025-10-02,"future_total_active_days:q7[42,49]",slice_shape_only,SEQ_SLOT_50,18181,0.26340685330839886,3.1680418761450335,0.306105834380754,1.805863849558144,-6.096731025717817e-17,0.7970383642522076,0.11704836736346462,0.0,-0.007746025932195346
2025-10-02,"future_total_active_days:q7[42,49]",slice_shape_only,SEQ_SLOT_75,18181,0.26340685330839886,3.1680418761450335,0.3061881590398154,1.8061066693849352,3.829997695643244e-17,0.7969234803074449,0.10208360232743682,0.0002428198267911963,-0.010313939002981378
2025-10-02,"future_total_active_days:q7[42,49]",slice_shape_only,BTYD05_FRESH1,18181,0.26340685330839886,3.1680418761450335,0.30620299175471377,1.8061504155914403,-4.84611953326288e-17,0.797382018180353,0.13077846075635108,0.00028656603329624275,0.002899727270213722
2025-10-02,"future_total_active_days:q8[49,58]",fixed_fold,STRONGEST,20015,0.2017986510117412,3.5523066181622105,0.307744406531793,1.7257400209688236,-0.1882076423507979,0.8153316723041979,-0.02097755276250928,0.0,
2025-10-02,"future_total_active_days:q8[49,58]",fixed_fold,CAP,20015,0.2017986510117412,3.5523066181622105,0.3120482767648335,1.737765540623576,-0.18218481589848007,0.8121713084605864,-0.06234947720770449,0.012025519654752292,-0.018585385346949642
2025-10-02,"future_total_active_days:q8[49,58]",fixed_fold,UNC,20015,0.2017986510117412,3.5523066181622105,0.30902265580182864,1.7293203297948267,-0.19684294856829473,0.8147501178730214,-0.03186661453415559,0.0035803088260031313,0.00715200508758963
2025-10-02,"future_total_active_days:q8[49,58]",fixed_fold,DIST,20015,0.2017986510117412,3.5523066181622105,0.309042215432198,1.7293750577097315,-0.18987553419272635,0.8144064868657281,-0.03615573527977523,0.0036350367409079265,-0.012244287142483993
2025-10-02,"future_total_active_days:q8[49,58]",fixed_fold,ETX-AVG3,20015,0.2017986510117412,3.5523066181622105,0.308187778204316,1.7269827224331609,-0.18127442634809116,0.8140270414286942,-0.06216330599506895,0.001242701464337248,0.006030928482970842
2025-10-02,"future_total_active_days:q8[49,58]",fixed_fold,SEQ-AVG3,20015,0.2017986510117412,3.5523066181622105,0.308646516234073,1.7282675528463354,-0.1883072809386325,0.8151149182922688,0.06511598110113727,0.0025275318775117572,0.012482192865514401
2025-10-02,"future_total_active_days:q8[49,58]",fixed_fold,BTYD,20015,0.2017986510117412,3.5523066181622105,0.3336928055417375,1.7970233009818937,-0.2092104703553722,0.8017892771318403,0.2645944304573571,0.07128328001307005,0.00022532383099332538
2025-10-02,"future_total_active_days:q8[49,58]",fixed_fold,FRESH,20015,0.2017986510117412,3.5523066181622105,0.307716109743811,1.7256606791172178,-0.18394430764033082,0.8155598556289496,-0.020977552762509278,-7.934185160585194e-05,-0.00524466610574401
2025-10-02,"future_total_active_days:q8[49,58]",fixed_fold,ZERO2D,20015,0.2017986510117412,3.5523066181622105,0.30768196915823104,1.7255649468847245,-0.18588186376756405,0.8153321992148908,-0.017441581732531592,-0.00017507408409911385,-0.019532328700890528
2025-10-02,"future_total_active_days:q8[49,58]",fixed_fold,BTYD05,20015,0.2017986510117412,3.5523066181622105,0.3078462106293666,1.726025441068241,-0.18925778375102692,0.8153963118483123,-0.006698953601515847,0.0002854200994173439,0.00022532383099347231
2025-10-02,"future_total_active_days:q8[49,58]",fixed_fold,SEQ_SLOT_25,20015,0.2017986510117412,3.5523066181622105,0.3077675144888833,1.7258048110623847,-0.1889988384922339,0.8154544424956325,-0.006658632964186069,6.479009356108456e-05,0.0061225545707581
2025-10-02,"future_total_active_days:q8[49,58]",fixed_fold,SEQ_SLOT_50,20015,0.2017986510117412,3.5523066181622105,0.307744406531793,1.7257400209688236,-0.18820764235079795,0.8153316723041979,-0.02097755276250925,0.0,0.00519385948259317
2025-10-02,"future_total_active_days:q8[49,58]",fixed_fold,SEQ_SLOT_75,20015,0.2017986510117412,3.5523066181622105,0.3077774237406415,1.725832593878798,-0.18741644620936196,0.8151563505198376,-0.035296472560832445,9.25729099743311e-05,-0.00612255457075769
2025-10-02,"future_total_active_days:q8[49,58]",fixed_fold,BTYD05_FRESH1,20015,0.2017986510117412,3.5523066181622105,0.30783400937675126,1.7259912358703613,-0.1849944490405596,0.8156038061796831,-0.006698953601515843,0.00025121490153767745,-0.003604085225830664
2025-10-02,"future_total_active_days:q8[49,58]",slice_shape_only,STRONGEST,20015,0.2017986510117412,3.5523066181622105,0.3040841296799829,1.7154464443211948,4.8990705738143304e-17,0.8153316723041979,0.16723008958828872,0.0,
2025-10-02,"future_total_active_days:q8[49,58]",slice_shape_only,CAP,20015,0.2017986510117412,3.5523066181622105,0.3086195155380571,1.7281919559337169,1.6259234223238864e-16,0.8121713084605864,0.11984318587520226,0.012745511612522131,-0.018585385346949642
2025-10-02,"future_total_active_days:q8[49,58]",slice_shape_only,UNC,20015,0.2017986510117412,3.5523066181622105,0.3050187338154812,1.7180806385534881,6.496593587014655e-17,0.8147501178730214,0.16497792617076326,0.0026341942322933853,0.00715200508758963
2025-10-02,"future_total_active_days:q8[49,58]",slice_shape_only,DIST,20015,0.2017986510117412,3.5523066181622105,0.30531677654159356,1.7189198270261365,-8.626624271281756e-17,0.8144064868657281,0.15371979891295093,0.0034733827049417965,-0.012244287142483993
2025-10-02,"future_total_active_days:q8[49,58]",slice_shape_only,ETX-AVG3,20015,0.2017986510117412,3.5523066181622105,0.3047922096310958,1.7174425480739735,-1.8637768487337126e-16,0.8140270414286942,0.11911112035302214,0.0019961037527786996,0.006030928482970842
2025-10-02,"future_total_active_days:q8[49,58]",slice_shape_only,SEQ-AVG3,20015,0.2017986510117412,3.5523066181622105,0.30498236279839175,1.7179782018893486,1.4484208653016281e-16,0.8151149182922688,0.2534232620397699,0.002531757568153825,0.012482192865514401
2025-10-02,"future_total_active_days:q8[49,58]",slice_shape_only,BTYD,20015,0.2017986510117412,3.5523066181622105,0.3291700172600152,1.7848035531580346,1.6401236268856672e-16,0.8017892771318403,0.4738049008127294,0.06935710883683988,0.00022532383099332538
2025-10-02,"future_total_active_days:q8[49,58]",slice_shape_only,FRESH,20015,0.2017986510117412,3.5523066181622105,0.3042197820367559,1.7158290331900834,-7.206603815103689e-17,0.8155598556289496,0.1629667548778216,0.00038258886888864474,-0.00524466610574401
2025-10-02,"future_total_active_days:q8[49,58]",slice_shape_only,ZERO2D,20015,0.2017986510117412,3.5523066181622105,0.3041115971974928,1.7155239195766343,-7.952114554597174e-17,0.8153321992148908,0.16844028203503247,7.747525543955192e-05,-0.019532328700890528
2025-10-02,"future_total_active_days:q8[49,58]",slice_shape_only,BTYD05,20015,0.2017986510117412,3.5523066181622105,0.30414497335904506,1.7156180561256824,-9.58513807920195e-18,0.8153963118483123,0.18255883014951088,0.00017161180448765911,0.00022532383099347231
2025-10-02,"future_total_active_days:q8[49,58]",slice_shape_only,SEQ_SLOT_25,20015,0.2017986510117412,3.5523066181622105,0.3040763984633867,1.7154246369149126,7.100102280890334e-18,0.8154544424956325,0.18234020552804786,-2.180740628210387e-05,0.0061225545707581
2025-10-02,"future_total_active_days:q8[49,58]",slice_shape_only,SEQ_SLOT_50,20015,0.2017986510117412,3.5523066181622105,0.3040841296799829,1.7154464443211948,2.3785342640982618e-17,0.8153316723041979,0.16723008958828878,0.0,0.00519385948259317
2025-10-02,"future_total_active_days:q8[49,58]",slice_shape_only,SEQ_SLOT_75,20015,0.2017986510117412,3.5523066181622105,0.30414785669127714,1.7156261882428447,3.869555743085232e-17,0.8151563505198376,0.15211997364852964,0.00017974392164998854,-0.00612255457075769
2025-10-02,"future_total_active_days:q8[49,58]",slice_shape_only,BTYD05_FRESH1,20015,0.2017986510117412,3.5523066181622105,0.30429764651724583,1.7160486007469242,5.467078756285557e-17,0.8156038061796831,0.17829549543904377,0.000602156425729472,-0.003604085225830664
2025-10-02,"future_total_active_days:q9[58,69]",fixed_fold,STRONGEST,19070,0.15474567383324594,3.8943769570385767,0.2588860447848175,1.6215750653716443,-0.1936429250278905,0.8343505160040111,-0.02097755276250928,0.0,
2025-10-02,"future_total_active_days:q9[58,69]",fixed_fold,CAP,19070,0.15474567383324594,3.8943769570385767,0.2624996643880333,1.6328530946903457,-0.18299941471847384,0.8310590335952093,-0.06234947720770449,0.011278029318701366,-0.019005335746901164
2025-10-02,"future_total_active_days:q9[58,69]",fixed_fold,UNC,19070,0.15474567383324594,3.8943769570385767,0.26012876022467485,1.6254623816038756,-0.20756587862285872,0.8339838134996009,-0.03186661453415559,0.0038873162322312638,0.012254120600937094
2025-10-02,"future_total_active_days:q9[58,69]",fixed_fold,DIST,19070,0.15474567383324594,3.8943769570385767,0.2602845415948416,1.625949023022498,-0.1952727748016205,0.8335042074923568,-0.03615573527977523,0.004373957650853688,-0.016524719292313975
2025-10-02,"future_total_active_days:q9[58,69]",fixed_fold,ETX-AVG3,19070,0.15474567383324594,3.8943769570385767,0.25913987767334407,1.6223698325033422,-0.1847565870555131,0.8334759632216078,-0.06216330599506895,0.0007947671316979044,0.010019087102772252
2025-10-02,"future_total_active_days:q9[58,69]",fixed_fold,SEQ-AVG3,19070,0.15474567383324594,3.8943769570385767,0.2599486105812208,1.6248994350378465,-0.19309477103096123,0.8336339923866396,0.06511598110113727,0.003324369666202198,0.008878135290605688
2025-10-02,"future_total_active_days:q9[58,69]",fixed_fold,BTYD,19070,0.15474567383324594,3.8943769570385767,0.2850705480851377,1.7016056259859789,-0.211039154744134,0.8197882976806965,0.2645944304573571,0.08003056061433456,-0.013320223646659064
2025-10-02,"future_total_active_days:q9[58,69]",fixed_fold,FRESH,19070,0.15474567383324594,3.8943769570385767,0.2589309356159889,1.6217156498075733,-0.18709591798881678,0.8346150682206881,-0.020977552762509278,0.00014058443592901426,-0.018508346096127472
2025-10-02,"future_total_active_days:q9[58,69]",fixed_fold,ZERO2D,19070,0.15474567383324594,3.8943769570385767,0.25880255517382095,1.621313568873208,-0.19097114731288045,0.8343498853169085,-0.017441581732531592,-0.0002614964984362089,-0.01623754841516387
2025-10-02,"future_total_active_days:q9[58,69]",fixed_fold,BTYD05,19070,0.15474567383324594,3.8943769570385767,0.25908086550453535,1.6221850963399296,-0.19451273651370302,0.8343335505209486,-0.006698953601515847,0.0006100309682852689,-0.013320223646658882
2025-10-02,"future_total_active_days:q9[58,69]",fixed_fold,SEQ_SLOT_25,19070,0.15474567383324594,3.8943769570385767,0.2589454008323323,1.6217609478714132,-0.19458097072512853,0.8343603336999097,-0.006658632964186069,0.00018588249976891902,0.0007805190281833602
2025-10-02,"future_total_active_days:q9[58,69]",fixed_fold,SEQ_SLOT_50,19070,0.15474567383324594,3.8943769570385767,0.2588860447848175,1.6215750653716443,-0.19364292502789054,0.8343505160040111,-0.02097755276250925,0.0,0.00799892997474677
2025-10-02,"future_total_active_days:q9[58,69]",fixed_fold,SEQ_SLOT_75,19070,0.15474567383324594,3.8943769570385767,0.25888215860279623,1.6215628944577587,-0.19270487933065253,0.8343017218451659,-0.035296472560832445,-1.2170913885611867e-05,-0.0007805190281833669
2025-10-02,"future_total_active_days:q9[58,69]",fixed_fold,BTYD05_FRESH1,19070,0.15474567383324594,3.8943769570385767,0.25914052926468745,1.6223718721768259,-0.18796572947462914,0.8345836389800705,-0.006698953601515843,0.0007968068051815713,-0.021743371309363647
2025-10-02,"future_total_active_days:q9[58,69]",slice_shape_only,STRONGEST,19070,0.15474567383324594,3.8943769570385767,0.2551942479474208,1.6099714625488537,1.0870521403146787e-16,0.8343505160040111,0.17266537226538137,0.0,
2025-10-02,"future_total_active_days:q9[58,69]",slice_shape_only,CAP,19070,0.15474567383324594,3.8943769570385767,0.25920269411088787,1.6225664547272,-7.675500973601502e-17,0.8310590335952093,0.12065017892097823,0.012594992178346365,-0.019005335746901164
2025-10-02,"future_total_active_days:q9[58,69]",slice_shape_only,UNC,19070,0.15474567383324594,3.8943769570385767,0.2558869336818046,1.6121549924213443,-1.3394866990338542e-16,0.8339838134996009,0.17570093512250134,0.002183529872490597,0.012254120600937094
2025-10-02,"future_total_active_days:q9[58,69]",slice_shape_only,DIST,19070,0.15474567383324594,3.8943769570385767,0.25653033714371626,1.6141805254955506,-1.855533730511431e-16,0.8335042074923568,0.15911703952184506,0.004209062946696873,-0.016524719292313975
2025-10-02,"future_total_active_days:q9[58,69]",slice_shape_only,ETX-AVG3,19070,0.15474567383324594,3.8943769570385767,0.2557791417574156,1.611815397915196,1.4158691116352284e-16,0.8334759632216078,0.12259328106044408,0.0018439353663421976,0.010019087102772252
2025-10-02,"future_total_active_days:q9[58,69]",slice_shape_only,SEQ-AVG3,19070,0.15474567383324594,3.8943769570385767,0.25627768524160033,1.6133854416681754,1.7009059196354785e-16,0.8336339923866396,0.2582107521320987,0.0034139791193217306,0.008878135290605688
2025-10-02,"future_total_active_days:q9[58,69]",slice_shape_only,BTYD,19070,0.15474567383324594,3.8943769570385767,0.28068563890568093,1.6884679983796012,-5.085950887847597e-17,0.8197882976806965,0.4756335852014911,0.07849653583074745,-0.013320223646659064
2025-10-02,"future_total_active_days:q9[58,69]",slice_shape_only,FRESH,19070,0.15474567383324594,3.8943769570385767,0.2554845557084521,1.6108869501931915,1.75865847550481e-16,0.8346150682206881,0.16611836522630766,0.0009154876443377979,-0.018508346096127472
2025-10-02,"future_total_active_days:q9[58,69]",slice_shape_only,ZERO2D,19070,0.15474567383324594,3.8943769570385767,0.25521193026261363,1.6100272387467178,8.010838394778267e-17,0.8343498853169085,0.17352956558034893,5.577619786412136e-05,-0.01623754841516387
2025-10-02,"future_total_active_days:q9[58,69]",slice_shape_only,BTYD05,19070,0.15474567383324594,3.8943769570385767,0.25535582831710796,1.6104810716432956,-9.799304641054345e-17,0.8343335505209486,0.187813782912187,0.0005096090944418652,-0.013320223646658882
2025-10-02,"future_total_active_days:q9[58,69]",slice_shape_only,SEQ_SLOT_25,19070,0.15474567383324594,3.8943769570385767,0.25521774973322686,1.610045594966941,-5.5423823777826376e-17,0.8343603336999097,0.1879223377609425,7.413241808729154e-05,0.0007805190281833602
2025-10-02,"future_total_active_days:q9[58,69]",slice_shape_only,SEQ_SLOT_50,19070,0.15474567383324594,3.8943769570385767,0.2551942479474208,1.6099714625488537,8.355490744321052e-17,0.8343505160040111,0.1726653722653814,0.0,0.00799892997474677
2025-10-02,"future_total_active_days:q9[58,69]",slice_shape_only,SEQ_SLOT_75,19070,0.15474567383324594,3.8943769570385767,0.25522604276144223,1.61007175311052,-2.0772290256227366e-16,0.8343017218451659,0.15740840676982024,0.00010029056166627193,-0.0007805190281833669
2025-10-02,"future_total_active_days:q9[58,69]",slice_shape_only,BTYD05_FRESH1,19070,0.15474567383324594,3.8943769570385767,0.2556620303346037,1.6114463615564776,-2.962147220394754e-17,0.8345836389800705,0.1812667758731133,0.0014748990076238755,-0.021743371309363647
2025-10-02,"future_total_active_days:q10[69,90]",fixed_fold,STRONGEST,18253,0.09554593765408426,4.452702447543817,0.19576734006625762,1.441322203817342,-0.2441793714659799,0.8759871248987903,-0.02097755276250928,0.0,
2025-10-02,"future_total_active_days:q10[69,90]",fixed_fold,CAP,18253,0.09554593765408426,4.452702447543817,0.19746342299643085,1.4475523797311969,-0.225799965583249,0.8737170953736105,-0.06234947720770449,0.006230175913854774,-0.002706419791791357
2025-10-02,"future_total_active_days:q10[69,90]",fixed_fold,UNC,18253,0.09554593765408426,4.452702447543817,0.19782576226509044,1.4488798779344745,-0.253762254131877,0.8737888174423625,-0.03186661453415559,0.007557674117132374,-0.019057587613579504
2025-10-02,"future_total_active_days:q10[69,90]",fixed_fold,DIST,18253,0.09554593765408426,4.452702447543817,0.19703224326534619,1.4459710834736395,-0.24405157951529907,0.875448150049931,-0.03615573527977523,0.0046488796562973445,-0.005978161179828829
2025-10-02,"future_total_active_days:q10[69,90]",fixed_fold,ETX-AVG3,18253,0.09554593765408426,4.452702447543817,0.19594164528963634,1.441963715551701,-0.24521704891270074,0.8758148009064837,-0.06216330599506895,0.0006415117343590016,0.03206630006683991
2025-10-02,"future_total_active_days:q10[69,90]",fixed_fold,SEQ-AVG3,18253,0.09554593765408426,4.452702447543817,0.19739341995940682,1.4472957700669389,-0.24295354134245245,0.8754312354506661,0.06511598110113727,0.005973566249596773,-0.004925227318503658
2025-10-02,"future_total_active_days:q10[69,90]",fixed_fold,BTYD,18253,0.09554593765408426,4.452702447543817,0.21801828080190672,1.5210287127532132,-0.23475132379638833,0.8649637034233759,0.2645944304573571,0.07970650893587106,-0.01805855501566257
2025-10-02,"future_total_active_days:q10[69,90]",fixed_fold,FRESH,18253,0.09554593765408426,4.452702447543817,0.1956694907739892,1.440961954797293,-0.23329968833712333,0.8762668930652783,-0.020977552762509278,-0.0003602490200491637,-0.02464786226598433
2025-10-02,"future_total_active_days:q10[69,90]",fixed_fold,ZERO2D,18253,0.09554593765408426,4.452702447543817,0.19565158396705812,1.4408960180541928,-0.24116961708499532,0.8759869165053701,-0.017441581732531592,-0.00042618576314934487,-0.030819767982015685
2025-10-02,"future_total_active_days:q10[69,90]",fixed_fold,BTYD05,18253,0.09554593765408426,4.452702447543817,0.1959092731725054,1.4418445950186438,-0.24370796908250078,0.8760933013463326,-0.006698953601515847,0.0005223912013017085,-0.018058555015662444
2025-10-02,"future_total_active_days:q10[69,90]",fixed_fold,SEQ_SLOT_25,18253,0.09554593765408426,4.452702447543817,0.19590531441064768,1.441830027182904,-0.2439247268643271,0.8759464534496335,-0.006658632964186069,0.0005078233655619879,-0.02478717590906121
2025-10-02,"future_total_active_days:q10[69,90]",fixed_fold,SEQ_SLOT_50,18253,0.09554593765408426,4.452702447543817,0.19576734006625762,1.441322203817342,-0.24417937146597996,0.8759871248987903,-0.02097755276250925,0.0,-0.006499605246293038
2025-10-02,"future_total_active_days:q10[69,90]",fixed_fold,SEQ_SLOT_75,18253,0.09554593765408426,4.452702447543817,0.19569024354697095,1.4410383672296578,-0.24443401606763282,0.8759729541462233,-0.035296472560832445,-0.0002838365876842719,0.024787175909061085
2025-10-02,"future_total_active_days:q10[69,90]",fixed_fold,BTYD05_FRESH1,18253,0.09554593765408426,4.452702447543817,0.19581868217348003,1.4415111926136395,-0.23282828595364408,0.876377966758193,-0.006698953601515843,0.00018898879629736243,-0.029947678381621396
2025-10-02,"future_total_active_days:q10[69,90]",slice_shape_only,STRONGEST,18253,0.09554593765408426,4.452702447543817,0.19014863767924453,1.4204879900116574,-2.218864621614294e-17,0.8759871248987903,0.2232018187034708,0.0,
2025-10-02,"future_total_active_days:q10[69,90]",slice_shape_only,CAP,18253,0.09554593765408426,4.452702447543817,0.19265860264579457,1.4298324859842582,2.2889340307179033e-16,0.8737170953736105,0.16345390422374506,0.009344495972600786,-0.002706419791791357
2025-10-02,"future_total_active_days:q10[69,90]",slice_shape_only,UNC,18253,0.09554593765408426,4.452702447543817,0.19175725442571123,1.4264838478692028,6.773376213348898e-17,0.8737888174423625,0.2218986625797034,0.005995857857545417,-0.019057587613579504
2025-10-02,"future_total_active_days:q10[69,90]",slice_shape_only,DIST,18253,0.09554593765408426,4.452702447543817,0.19141942046630858,1.4252267190794659,1.2495711290143656e-16,0.875448150049931,0.20789584423552362,0.004738729067808478,-0.005978161179828829
2025-10-02,"future_total_active_days:q10[69,90]",slice_shape_only,ETX-AVG3,18253,0.09554593765408426,4.452702447543817,0.1902750863674872,1.4209602231907175,-9.887572173509311e-17,0.8758148009064837,0.18305374291763166,0.00047223317906008866,0.03206630006683991
2025-10-02,"future_total_active_days:q10[69,90]",slice_shape_only,SEQ-AVG3,18253,0.09554593765408426,4.452702447543817,0.19183099002560625,1.4267580813868954,2.1176532529090808e-16,0.8754312354506661,0.3080695224435899,0.0062700913752380405,-0.004925227318503658
2025-10-02,"future_total_active_days:q10[69,90]",slice_shape_only,BTYD,18253,0.09554593765408426,4.452702447543817,0.21282509111615014,1.502804099340809,8.291546743927099e-17,0.8649637034233759,0.4993457542537454,0.08231610932915157,-0.01805855501566257
2025-10-02,"future_total_active_days:q10[69,90]",slice_shape_only,FRESH,18253,0.09554593765408426,4.452702447543817,0.19054032892702513,1.4219502841502711,-1.5259560204786024e-16,0.8762668930652783,0.21232213557461427,0.0014622941386137622,-0.02464786226598433
2025-10-02,"future_total_active_days:q10[69,90]",slice_shape_only,ZERO2D,18253,0.09554593765408426,4.452702447543817,0.19017054015520815,1.42056979787672,-1.5570979800802064e-16,0.8759869165053701,0.22372803535246386,8.180786506262194e-05,-0.030819767982015685
2025-10-02,"future_total_active_days:q10[69,90]",slice_shape_only,BTYD05,18253,0.09554593765408426,4.452702447543817,0.19031224430341875,1.4210989627714743,9.186878082473217e-17,0.8760933013463326,0.2370090154809847,0.000610972759816919,-0.018058555015662444
2025-10-02,"future_total_active_days:q10[69,90]",slice_shape_only,SEQ_SLOT_25,18253,0.09554593765408426,4.452702447543817,0.1902983249392332,1.4210469925060243,-1.5804544497814094e-16,0.8759464534496335,0.23726609390014114,0.0005590024943669114,-0.02478717590906121
2025-10-02,"future_total_active_days:q10[69,90]",slice_shape_only,SEQ_SLOT_50,18253,0.09554593765408426,4.452702447543817,0.19014863767924453,1.4204879900116574,-7.279433056874965e-17,0.8759871248987903,0.22320181870347086,0.0,-0.006499605246293038
2025-10-02,"future_total_active_days:q10[69,90]",slice_shape_only,SEQ_SLOT_75,18253,0.09554593765408426,4.452702447543817,0.19005981602306982,1.4201561842336097,1.712807778088227e-17,0.8759729541462233,0.20913754350680058,-0.00033180577804770017,0.024787175909061085
2025-10-02,"future_total_active_days:q10[69,90]",slice_shape_only,BTYD05_FRESH1,18253,0.09554593765408426,4.452702447543817,0.19071022722371772,1.4225840951206665,7.902272248907047e-17,0.876377966758193,0.22612933235212818,0.00209610510900915,-0.029947678381621396
2025-10-02,"days_to_first_activity_after_target:q1[1,2]",fixed_fold,STRONGEST,109280,0.2786877745241581,3.2007629219347247,1.697876448773916,1.7347655254112393,-0.14396262141021746,0.8417146751382447,-0.02097755276250928,0.0,
2025-10-02,"days_to_first_activity_after_target:q1[1,2]",fixed_fold,CAP,109280,0.2786877745241581,3.2007629219347247,1.7231556741736436,1.747632039307777,-0.13924561902801416,0.8384728242857313,-0.06234947720770449,0.012866513896537812,-0.02127455550671244
2025-10-02,"days_to_first_activity_after_target:q1[1,2]",fixed_fold,UNC,109280,0.2786877745241581,3.2007629219347247,1.704650629717263,1.738222760847759,-0.14799846761361432,0.8403796978514311,-0.03186661453415559,0.0034572354365196567,0.0031769299329188405
2025-10-02,"days_to_first_activity_after_target:q1[1,2]",fixed_fold,DIST,109280,0.2786877745241581,3.2007629219347247,1.7054045891578271,1.738607122474998,-0.14415234166374505,0.8414317649698465,-0.03615573527977523,0.0038415970637586394,-0.014848662387067236
2025-10-02,"days_to_first_activity_after_target:q1[1,2]",fixed_fold,ETX-AVG3,109280,0.2786877745241581,3.2007629219347247,1.7000659220461825,1.7358836865874099,-0.14188669447046967,0.8411116549647192,-0.06216330599506895,0.0011181611761705845,0.013588040747580346
2025-10-02,"days_to_first_activity_after_target:q1[1,2]",fixed_fold,SEQ-AVG3,109280,0.2786877745241581,3.2007629219347247,1.7024947345120625,1.7371232359200188,-0.14435770699101408,0.8411101824256207,0.06511598110113727,0.0023577105087795314,0.014027953405101734
2025-10-02,"days_to_first_activity_after_target:q1[1,2]",fixed_fold,BTYD,109280,0.2786877745241581,3.2007629219347247,1.812754118007331,1.792491855211703,-0.1605151637394656,0.8298832464988274,0.2645944304573571,0.05772632980046377,0.019301060951408787
2025-10-02,"days_to_first_activity_after_target:q1[1,2]",fixed_fold,FRESH,109280,0.2786877745241581,3.2007629219347247,1.6979415999801244,1.734798808452048,-0.14135950768479597,0.8418533002189074,-0.020977552762509278,3.328304080874034e-05,-0.0008628825802581522
2025-10-02,"days_to_first_activity_after_target:q1[1,2]",fixed_fold,ZERO2D,109280,0.2786877745241581,3.2007629219347247,1.6977239897604688,1.7346876379482816,-0.14268454151015106,0.8417148250997935,-0.017441581732531592,-7.78874629576709e-05,-0.004054942186445762
2025-10-02,"days_to_first_activity_after_target:q1[1,2]",fixed_fold,BTYD05,109280,0.2786877745241581,3.2007629219347247,1.6974325054601016,1.7345387162387884,-0.14479024852668013,0.8418343684064757,-0.006698953601515847,-0.0002268091724508814,0.019301060951408804
2025-10-02,"days_to_first_activity_after_target:q1[1,2]",fixed_fold,SEQ_SLOT_25,109280,0.2786877745241581,3.2007629219347247,1.6979942666686714,1.734825713205442,-0.14424061031877877,0.841720351807711,-0.006658632964186069,6.018779420280396e-05,0.002486293535493042
2025-10-02,"days_to_first_activity_after_target:q1[1,2]",fixed_fold,SEQ_SLOT_50,109280,0.2786877745241581,3.2007629219347247,1.697876448773916,1.7347655254112393,-0.14396262141021748,0.8417146753465246,-0.02097755276250925,0.0,-0.0006606165086610013
2025-10-02,"days_to_first_activity_after_target:q1[1,2]",fixed_fold,SEQ_SLOT_75,109280,0.2786877745241581,3.2007629219347247,1.6980633264929872,1.7348609917523639,-0.14368463250165617,0.8416686271535689,-0.035296472560832445,9.546634112456154e-05,-0.0024862935354930315
2025-10-02,"days_to_first_activity_after_target:q1[1,2]",fixed_fold,BTYD05_FRESH1,109280,0.2786877745241581,3.2007629219347247,1.6975840330976368,1.734616134541921,-0.14218713480125844,0.8419579946246074,-0.006698953601515843,-0.0001493908693182,0.011311663124704089
2025-10-02,"days_to_first_activity_after_target:q1[1,2]",slice_shape_only,STRONGEST,109280,0.2786877745241581,3.2007629219347247,1.6861835009811006,1.7287817073858782,-8.426641522191525e-17,0.8417146751382447,0.12298506864770825,0.0,
2025-10-02,"days_to_first_activity_after_target:q1[1,2]",slice_shape_only,CAP,109280,0.2786877745241581,3.2007629219347247,1.712218387056963,1.7420768880301092,1.1729676933667831e-16,0.8384728242857313,0.07689887004548074,0.013295180644230964,-0.02127455550671244
2025-10-02,"days_to_first_activity_after_target:q1[1,2]",slice_shape_only,UNC,109280,0.2786877745241581,3.2007629219347247,1.692293118915038,1.731910858335931,-1.2665970436133557e-16,0.8403796978514311,0.11613343909734315,0.003129150950052839,0.0031769299329188405
2025-10-02,"days_to_first_activity_after_target:q1[1,2]",slice_shape_only,DIST,109280,0.2786877745241581,3.2007629219347247,1.693680802099331,1.7326207977262802,1.326415795159777e-17,0.8414317649698465,0.10799660638396966,0.003839090340401974,-0.014848662387067236
2025-10-02,"days_to_first_activity_after_target:q1[1,2]",slice_shape_only,ETX-AVG3,109280,0.2786877745241581,3.2007629219347247,1.6887077652270532,1.730075240933914,4.6554593594823546e-17,0.8411116549647192,0.07972338847540068,0.0012935335480357413,0.013588040747580346
2025-10-02,"days_to_first_activity_after_target:q1[1,2]",slice_shape_only,SEQ-AVG3,109280,0.2786877745241581,3.2007629219347247,1.6907375192849585,1.7311146666831558,-1.331617425729031e-16,0.8411101824256207,0.20947368809215142,0.0023329592972776148,0.014027953405101734
2025-10-02,"days_to_first_activity_after_target:q1[1,2]",slice_shape_only,BTYD,109280,0.2786877745241581,3.2007629219347247,1.7982177251808893,1.785290433853827,-6.632078975798886e-17,0.8298832464988274,0.42510959419682265,0.05650872646794869,0.019301060951408787
2025-10-02,"days_to_first_activity_after_target:q1[1,2]",slice_shape_only,FRESH,109280,0.2786877745241581,3.2007629219347247,1.6866676899058817,1.729029900086681,4.785500123713705e-17,0.8418533002189074,0.12038195492228676,0.0002481927008026741,-0.0008628825802581522
2025-10-02,"days_to_first_activity_after_target:q1[1,2]",slice_shape_only,ZERO2D,109280,0.2786877745241581,3.2007629219347247,1.6862377370628223,1.7288095102886916,-1.5344810179299382e-17,0.8417148250997935,0.12524295977761948,2.7802902813345298e-05,-0.004054942186445762
2025-10-02,"days_to_first_activity_after_target:q1[1,2]",slice_shape_only,BTYD05,109280,0.2786877745241581,3.2007629219347247,1.6856047279762523,1.7284849846217603,8.036519229497473e-17,0.8418343684064757,0.13809129492516412,-0.0002967227641179626,0.019301060951408804
2025-10-02,"days_to_first_activity_after_target:q1[1,2]",slice_shape_only,SEQ_SLOT_25,109280,0.2786877745241581,3.2007629219347247,1.6862561175854482,1.728818932547199,3.6411413984778195e-17,0.841720351807711,0.13758197735459274,3.7225161320764144e-05,0.002486293535493042
2025-10-02,"days_to_first_activity_after_target:q1[1,2]",slice_shape_only,SEQ_SLOT_50,109280,0.2786877745241581,3.2007629219347247,1.6861835009811006,1.7287817073858782,-1.154761986374394e-16,0.8417146753465246,0.12298506864770829,0.0,-0.0006606165086610013
2025-10-02,"days_to_first_activity_after_target:q1[1,2]",slice_shape_only,SEQ_SLOT_75,109280,0.2786877745241581,3.2007629219347247,1.6864154927919919,1.728900629616075,1.1703668780821563e-17,0.8416686271535689,0.10838815994082382,0.00011892223019671633,-0.0024862935354930315
2025-10-02,"days_to_first_activity_after_target:q1[1,2]",slice_shape_only,BTYD05_FRESH1,109280,0.2786877745241581,3.2007629219347247,1.6861777243178562,1.7287787460835364,1.3342182410136582e-16,0.8419579946246074,0.13548818119974262,-2.961302341786265e-06,0.011311663124704089
2025-10-02,"days_to_first_activity_after_target:q2[2,3]",fixed_fold,STRONGEST,19849,0.3964431457504156,2.5317465016908094,0.3321485410432891,1.800341707547389,0.023167941234949925,0.8180537159933816,-0.02097755276250928,0.0,
2025-10-02,"days_to_first_activity_after_target:q2[2,3]",fixed_fold,CAP,19849,0.3964431457504156,2.5317465016908094,0.33673923531828576,1.8127404622733234,0.02267174346130815,0.8146255005005801,-0.06234947720770449,0.012398754725934324,-0.013163312464332375
2025-10-02,"days_to_first_activity_after_target:q2[2,3]",fixed_fold,UNC,19849,0.3964431457504156,2.5317465016908094,0.3333148723398858,1.8034998649737803,0.023523957986089892,0.8164431558846224,-0.03186661453415559,0.0031581574263912504,0.0025082836575847953
2025-10-02,"days_to_first_activity_after_target:q2[2,3]",fixed_fold,DIST,19849,0.3964431457504156,2.5317465016908094,0.33320302337191837,1.8031972434276962,0.022720442144318693,0.8174792262955309,-0.03615573527977523,0.0028555358803070696,-0.008140579852500265
2025-10-02,"days_to_first_activity_after_target:q2[2,3]",fixed_fold,ETX-AVG3,19849,0.3964431457504156,2.5317465016908094,0.3330384640996731,1.802751915127452,0.02403709952089473,0.8174360155900109,-0.06216330599506895,0.0024102075800629397,-0.0009622207001398434
2025-10-02,"days_to_first_activity_after_target:q2[2,3]",fixed_fold,SEQ-AVG3,19849,0.3964431457504156,2.5317465016908094,0.33283002261844385,1.802187675355351,0.022679345717828137,0.8177689878352343,0.06511598110113727,0.001845967807961868,0.01531726140438186
2025-10-02,"days_to_first_activity_after_target:q2[2,3]",fixed_fold,BTYD,19849,0.3964431457504156,2.5317465016908094,0.3491722457808045,1.84590193975625,0.02266725824700538,0.8073289960329103,0.2645944304573571,0.04556023220886085,0.03068703542941031
2025-10-02,"days_to_first_activity_after_target:q2[2,3]",fixed_fold,FRESH,19849,0.3964431457504156,2.5317465016908094,0.33210311508494617,1.800218592383973,0.022626297939267615,0.8181895059139317,-0.020977552762509278,-0.00012311516341600992,0.011434760143443929
2025-10-02,"days_to_first_activity_after_target:q2[2,3]",fixed_fold,ZERO2D,19849,0.3964431457504156,2.5317465016908094,0.3321813995316524,1.8004307566274913,0.023255000832723433,0.8180546919071923,-0.017441581732531592,8.904908010221035e-05,-0.01308406507413739
2025-10-02,"days_to_first_activity_after_target:q2[2,3]",fixed_fold,BTYD05,19849,0.3964431457504156,2.5317465016908094,0.33194006117658015,1.799776608099389,0.02314290708555254,0.8182394048113824,-0.006698953601515847,-0.0005650994479999838,0.030687035429410293
2025-10-02,"days_to_first_activity_after_target:q2[2,3]",fixed_fold,SEQ_SLOT_25,19849,0.3964431457504156,2.5317465016908094,0.3320974148219383,1.800203142719372,0.02301519393210488,0.8181036891451441,-0.006658632964186069,-0.000138564828016996,0.013034471107177132
2025-10-02,"days_to_first_activity_after_target:q2[2,3]",fixed_fold,SEQ_SLOT_50,19849,0.3964431457504156,2.5317465016908094,0.3321485410432891,1.8003417075473893,0.023167941234949897,0.8180537159933816,-0.02097755276250925,2.220446049250313e-16,-0.007044955265484362
2025-10-02,"days_to_first_activity_after_target:q2[2,3]",fixed_fold,SEQ_SLOT_75,19849,0.3964431457504156,2.5317465016908094,0.33225084241274205,1.8006189377922694,0.02332068853779496,0.8179665202159485,-0.035296472560832445,0.0002772302448803554,-0.013034471107177292
2025-10-02,"days_to_first_activity_after_target:q2[2,3]",fixed_fold,BTYD05_FRESH1,19849,0.3964431457504156,2.5317465016908094,0.33190979235593676,1.7996945475654456,0.02260126378987042,0.8183650961455435,-0.006698953601515843,-0.0006471599819435347,0.028037492919198957
2025-10-02,"days_to_first_activity_after_target:q2[2,3]",slice_shape_only,STRONGEST,19849,0.3964431457504156,2.5317465016908094,0.3320935366536712,1.8001926314796377,-6.443533298242634e-17,0.8180537159933816,-0.04414549399745917,0.0,
2025-10-02,"days_to_first_activity_after_target:q2[2,3]",slice_shape_only,CAP,19849,0.3964431457504156,2.5317465016908094,0.33668655823217,1.8125986706284056,7.875429586740997e-18,0.8146255005005801,-0.08502350651994503,0.012406039148767922,-0.013163312464332375
2025-10-02,"days_to_first_activity_after_target:q2[2,3]",slice_shape_only,UNC,19849,0.3964431457504156,2.5317465016908094,0.3332581597833558,1.8033464283173182,3.293361463546235e-17,0.8164431558846224,-0.055392756948855405,0.003153796837680467,0.0025082836575847953
2025-10-02,"days_to_first_activity_after_target:q2[2,3]",slice_shape_only,DIST,19849,0.3964431457504156,2.5317465016908094,0.3331501233294158,1.803054097972107,-3.9735122005829576e-17,0.8174792262955309,-0.05887617742409402,0.0028614664924693223,-0.008140579852500265
2025-10-02,"days_to_first_activity_after_target:q2[2,3]",slice_shape_only,ETX-AVG3,19849,0.3964431457504156,2.5317465016908094,0.3329792551819075,1.8025916577608947,1.5034911029232812e-17,0.8174360155900109,-0.08620059506941787,0.0023990262812569885,-0.0009622207001398434
2025-10-02,"days_to_first_activity_after_target:q2[2,3]",slice_shape_only,SEQ-AVG3,19849,0.3964431457504156,2.5317465016908094,0.3327773137726215,1.802044967385813,-1.3030256225335103e-16,0.8177689878352343,0.042436635383309176,0.0018523359061752842,0.01531726140438186
2025-10-02,"days_to_first_activity_after_target:q2[2,3]",slice_shape_only,BTYD,19849,0.3964431457504156,2.5317465016908094,0.3491195931047553,1.845762760107444,-4.367283679920007e-17,0.8073289960329103,0.2419271722103517,0.045570128627806294,0.03068703542941031
2025-10-02,"days_to_first_activity_after_target:q2[2,3]",slice_shape_only,FRESH,19849,0.3964431457504156,2.5317465016908094,0.33205065252639704,1.8000763958806016,-4.367283679920007e-17,0.8181895059139317,-0.043603850701776865,-0.00011623559903606306,0.011434760143443929
2025-10-02,"days_to_first_activity_after_target:q2[2,3]",slice_shape_only,ZERO2D,19849,0.3964431457504156,2.5317465016908094,0.332125980978574,1.8002805654526497,-1.0166463648338377e-16,0.8180546919071923,-0.04069658256525502,8.79339730119888e-05,-0.01308406507413739
2025-10-02,"days_to_first_activity_after_target:q2[2,3]",slice_shape_only,BTYD05,19849,0.3964431457504156,2.5317465016908094,0.33188517559287084,1.7996278073294412,1.1455170307986905e-17,0.8182394048113824,-0.02984186068706852,-0.0005648241501965412,0.030687035429410293
2025-10-02,"days_to_first_activity_after_target:q2[2,3]",slice_shape_only,SEQ_SLOT_25,19849,0.3964431457504156,2.5317465016908094,0.33204313333432,1.8000560146575917,5.870774782843288e-17,0.8181036891451441,-0.029673826896290965,-0.00013661682204602066,0.013034471107177132
2025-10-02,"days_to_first_activity_after_target:q2[2,3]",slice_shape_only,SEQ_SLOT_50,19849,0.3964431457504156,2.5317465016908094,0.3320935366536712,1.8001926314796377,-4.367283679920007e-17,0.8180537159933816,-0.044145493997459144,0.0,-0.007044955265484362
2025-10-02,"days_to_first_activity_after_target:q2[2,3]",slice_shape_only,SEQ_SLOT_75,19849,0.3964431457504156,2.5317465016908094,0.33219511033923466,1.8004679126888887,-2.8637925769967262e-18,0.8179665202159485,-0.05861716109862735,0.0002752812092510215,-0.013034471107177292
2025-10-02,"days_to_first_activity_after_target:q2[2,3]",slice_shape_only,BTYD05_FRESH1,19849,0.3964431457504156,2.5317465016908094,0.33185744582423143,1.7995526242407844,6.443533298242634e-18,0.8183650961455435,-0.02930021739138622,-0.0006400072388532685,0.028037492919198957
2025-10-02,"days_to_first_activity_after_target:q3[3,4]",fixed_fold,STRONGEST,13358,0.43449618206318313,2.340683361697688,0.2283262396984193,1.8195553726572093,0.07171259414977213,0.8106719376063215,-0.02097755276250928,0.0,
2025-10-02,"days_to_first_activity_after_target:q3[3,4]",fixed_fold,CAP,13358,0.43449618206318313,2.340683361697688,0.2321979742237379,1.8349176478290434,0.06848546629923201,0.8064942065645614,-0.06234947720770449,0.015362275171834083,-0.031119787656270492
2025-10-02,"days_to_first_activity_after_target:q3[3,4]",fixed_fold,UNC,13358,0.43449618206318313,2.340683361697688,0.2296678103512073,1.8248931009588316,0.07715858826487133,0.8088534319497368,-0.03186661453415559,0.005337728301622269,-0.014836847030465998
2025-10-02,"days_to_first_activity_after_target:q3[3,4]",fixed_fold,DIST,13358,0.43449618206318313,2.340683361697688,0.22951758332422417,1.8242961668263245,0.06944381683858945,0.8096729050491869,-0.03615573527977523,0.004740794169115103,-0.02799874745062377
2025-10-02,"days_to_first_activity_after_target:q3[3,4]",fixed_fold,ETX-AVG3,13358,0.43449618206318313,2.340683361697688,0.22815183927242022,1.8188603324117807,0.07088493771721645,0.8105053675562142,-0.06216330599506895,-0.0006950402454286575,0.032343682126843944
2025-10-02,"days_to_first_activity_after_target:q3[3,4]",fixed_fold,SEQ-AVG3,13358,0.43449618206318313,2.340683361697688,0.2282092363928197,1.8190891072065134,0.07163095504303435,0.8107403515273537,0.06511598110113727,-0.00046626545069594627,0.03514566854671963
2025-10-02,"days_to_first_activity_after_target:q3[3,4]",fixed_fold,BTYD,13358,0.43449618206318313,2.340683361697688,0.23991118716727317,1.86514505984493,0.0739937453423891,0.7990975087342647,0.2645944304573571,0.04558968718772061,0.028185350195204507
2025-10-02,"days_to_first_activity_after_target:q3[3,4]",fixed_fold,FRESH,13358,0.43449618206318313,2.340683361697688,0.2283196188252058,1.8195289912549275,0.06995350468288777,0.8107828550585565,-0.020977552762509278,-2.6381402281838717e-05,0.0038068321044607335
2025-10-02,"days_to_first_activity_after_target:q3[3,4]",fixed_fold,ZERO2D,13358,0.43449618206318313,2.340683361697688,0.2283419677483484,1.8196180408047078,0.07147658101829833,0.8106696567621463,-0.017441581732531592,6.266814749844585e-05,-0.010044532219894643
2025-10-02,"days_to_first_activity_after_target:q3[3,4]",fixed_fold,BTYD05,13358,0.43449618206318313,2.340683361697688,0.22820052765214655,1.8190543975543396,0.07182665170940285,0.8108636197507967,-0.006698953601515847,-0.0005009751028697274,0.028185350195204496
2025-10-02,"days_to_first_activity_after_target:q3[3,4]",fixed_fold,SEQ_SLOT_25,13358,0.43449618206318313,2.340683361697688,0.22831536344898837,1.8195120351639145,0.0717965210989266,0.8107113049767837,-0.006658632964186069,-4.333749329488157e-05,0.0072919304250372175
2025-10-02,"days_to_first_activity_after_target:q3[3,4]",fixed_fold,SEQ_SLOT_50,13358,0.43449618206318313,2.340683361697688,0.22832623969841928,1.8195553726572091,0.0717125941497721,0.8106719376063215,-0.02097755276250925,-2.220446049250313e-16,0.008592784103086675
2025-10-02,"days_to_first_activity_after_target:q3[3,4]",fixed_fold,SEQ_SLOT_75,13358,0.43449618206318313,2.340683361697688,0.2283711605046377,1.8197343531253125,0.07162866720061765,0.8105968065991938,-0.035296472560832445,0.0001789804681031626,-0.007291930425037209
2025-10-02,"days_to_first_activity_after_target:q3[3,4]",fixed_fold,BTYD05_FRESH1,13358,0.43449618206318313,2.340683361697688,0.22820423470127998,1.8190691724909094,0.07006756224251867,0.8109408947514491,-0.006698953601515843,-0.000486200166299966,0.021804234520723564
2025-10-02,"days_to_first_activity_after_target:q3[3,4]",slice_shape_only,STRONGEST,13358,0.43449618206318313,2.340683361697688,0.22797157649098315,1.8181416495988496,-5.638383739374952e-17,0.8106719376063215,-0.09269014691228139,0.0,
2025-10-02,"days_to_first_activity_after_target:q3[3,4]",slice_shape_only,CAP,13358,0.43449618206318313,2.340683361697688,0.23187449004858177,1.8336390542102794,-1.5957689828419678e-16,0.8064942065645614,-0.13084629962539096,0.015497404611429788,-0.031119787656270492
2025-10-02,"days_to_first_activity_after_target:q3[3,4]",slice_shape_only,UNC,13358,0.43449618206318313,2.340683361697688,0.22925713759885677,1.823260810412848,-1.8085381805542302e-17,0.8088534319497368,-0.10905699564160869,0.005119160813998436,-0.014836847030465998
2025-10-02,"days_to_first_activity_after_target:q3[3,4]",slice_shape_only,DIST,13358,0.43449618206318313,2.340683361697688,0.2291850056321847,1.8229739584181799,-8.829921705058888e-17,0.8096729050491869,-0.10560030291397013,0.004832308819330278,-0.02799874745062377
2025-10-02,"days_to_first_activity_after_target:q3[3,4]",slice_shape_only,ETX-AVG3,13358,0.43449618206318313,2.340683361697688,0.2278052809277594,1.8174784001445168,-5.851152937087215e-18,0.8105053675562142,-0.13306289977838354,-0.000663249454332826,0.032343682126843944
2025-10-02,"days_to_first_activity_after_target:q3[3,4]",slice_shape_only,SEQ-AVG3,13358,0.43449618206318313,2.340683361697688,0.22785537883412552,1.8176782349704788,-6.010729835371412e-17,0.8107403515273537,-0.0065184087164716934,-0.0004634146283708507,0.03514566854671963
2025-10-02,"days_to_first_activity_after_target:q3[3,4]",slice_shape_only,BTYD,13358,0.43449618206318313,2.340683361697688,0.23953360168107043,1.8636767476990619,8.936306303915019e-17,0.7990975087342647,0.19060068511496803,0.04553509810021228,0.028185350195204507
2025-10-02,"days_to_first_activity_after_target:q3[3,4]",slice_shape_only,FRESH,13358,0.43449618206318313,2.340683361697688,0.22798214178897816,1.8181837798197837,-7.021383524504659e-17,0.8107828550585565,-0.09093105744539702,4.213022093413343e-05,0.0038068321044607335
2025-10-02,"days_to_first_activity_after_target:q3[3,4]",slice_shape_only,ZERO2D,13358,0.43449618206318313,2.340683361697688,0.2279896350701111,1.8182136594633367,6.489460530224003e-17,0.8106696567621463,-0.08891847816547402,7.200986448707702e-05,-0.010044532219894643
2025-10-02,"days_to_first_activity_after_target:q3[3,4]",slice_shape_only,BTYD05,13358,0.43449618206318313,2.340683361697688,0.2278447353769502,1.8176357812735746,5.531999140518822e-17,0.8108636197507967,-0.0785256053109188,-0.000505868325274994,0.028185350195204496
2025-10-02,"days_to_first_activity_after_target:q3[3,4]",slice_shape_only,SEQ_SLOT_25,13358,0.43449618206318313,2.340683361697688,0.2279598696142644,1.8180949660742203,-3.297922564540067e-17,0.8107113049767837,-0.07845515406311268,-4.6683524629331785e-05,0.0072919304250372175
2025-10-02,"days_to_first_activity_after_target:q3[3,4]",slice_shape_only,SEQ_SLOT_50,13358,0.43449618206318313,2.340683361697688,0.22797157649098315,1.8181416495988496,2.872384169115542e-17,0.8106719376063215,-0.09269014691228138,0.0,0.008592784103086675
2025-10-02,"days_to_first_activity_after_target:q3[3,4]",slice_shape_only,SEQ_SLOT_75,13358,0.43449618206318313,2.340683361697688,0.22801732612958797,1.8183240739869382,7.287345021644986e-17,0.8105968065991938,-0.10692608519203807,0.00018242438808857564,-0.007291930425037209
2025-10-02,"days_to_first_activity_after_target:q3[3,4]",slice_shape_only,BTYD05_FRESH1,13358,0.43449618206318313,2.340683361697688,0.2278656562709948,1.8177192277764334,9.680998495907937e-17,0.8109408947514491,-0.07676651584403446,-0.00042242182241625237,0.021804234520723564
2025-10-02,"days_to_first_activity_after_target:q4[4,6]",fixed_fold,STRONGEST,15302,0.48640700562018035,2.066025478160984,0.26035349162909005,1.8153722327552264,0.12815859622204664,0.7996304338642769,-0.02097755276250928,0.0,
2025-10-02,"days_to_first_activity_after_target:q4[4,6]",fixed_fold,CAP,15302,0.48640700562018035,2.066025478160984,0.2648846488421877,1.8311013384502253,0.12037493437923434,0.794833096977928,-0.06234947720770449,0.015729105694998857,-0.033746770161805766
2025-10-02,"days_to_first_activity_after_target:q4[4,6]",fixed_fold,UNC,15302,0.48640700562018035,2.066025478160984,0.26171638576119904,1.8201175708574973,0.13300114763324922,0.7979987344801106,-0.03186661453415559,0.004745338102270846,-0.008289987341609214
2025-10-02,"days_to_first_activity_after_target:q4[4,6]",fixed_fold,DIST,15302,0.48640700562018035,2.066025478160984,0.26111895560574305,1.8180389574224507,0.12727352599603423,0.79907900630105,-0.03615573527977523,0.002666724667224285,-0.007210637492705332
2025-10-02,"days_to_first_activity_after_target:q4[4,6]",fixed_fold,ETX-AVG3,15302,0.48640700562018035,2.066025478160984,0.2606754163153235,1.8164942315212378,0.12688416111247885,0.7988772096785721,-0.06216330599506895,0.0011219987660113784,0.011347570224033023
2025-10-02,"days_to_first_activity_after_target:q4[4,6]",fixed_fold,SEQ-AVG3,15302,0.48640700562018035,2.066025478160984,0.2604134727511504,1.8155813365241413,0.12954780320882753,0.7995990634133918,0.06511598110113727,0.00020910376891492,0.029946958586531857
2025-10-02,"days_to_first_activity_after_target:q4[4,6]",fixed_fold,BTYD,15302,0.48640700562018035,2.066025478160984,0.27345389184149826,1.8604844284781854,0.14724307082245952,0.787655161711939,0.2645944304573571,0.04511219572295899,0.027650035893891634
2025-10-02,"days_to_first_activity_after_target:q4[4,6]",fixed_fold,FRESH,15302,0.48640700562018035,2.066025478160984,0.2603253063097778,1.8152739659130779,0.12529481757595007,0.7997412989182221,-0.020977552762509278,-9.82668421485311e-05,0.000330385817151439
2025-10-02,"days_to_first_activity_after_target:q4[4,6]",fixed_fold,ZERO2D,15302,0.48640700562018035,2.066025478160984,0.26038777009668046,1.8154917359155844,0.12714307658014828,0.7996308783502295,-0.017441581732531592,0.00011950316035802544,-0.02757387180672875
2025-10-02,"days_to_first_activity_after_target:q4[4,6]",fixed_fold,BTYD05,15302,0.48640700562018035,2.066025478160984,0.2602340337365422,1.814955711699611,0.12911281995206716,0.7997707033735475,-0.006698953601515847,-0.0004165210556155152,0.02765003589389185
2025-10-02,"days_to_first_activity_after_target:q4[4,6]",fixed_fold,SEQ_SLOT_25,15302,0.48640700562018035,2.066025478160984,0.26030347098588064,1.8151978343860178,0.12845825595788582,0.79973039191677,-0.006658632964186069,-0.00017439836920862817,0.01691693461480767
2025-10-02,"days_to_first_activity_after_target:q4[4,6]",fixed_fold,SEQ_SLOT_50,15302,0.48640700562018035,2.066025478160984,0.26035349162909005,1.8153722327552264,0.1281585962220466,0.7996304338642769,-0.02097755276250925,0.0,0.0073030712910605545
2025-10-02,"days_to_first_activity_after_target:q4[4,6]",fixed_fold,SEQ_SLOT_75,15302,0.48640700562018035,2.066025478160984,0.2604415936790079,1.8156793622771759,0.12785893648620741,0.7994948827443491,-0.035296472560832445,0.0003071295219494452,-0.016916934614807234
2025-10-02,"days_to_first_activity_after_target:q4[4,6]",fixed_fold,BTYD05_FRESH1,15302,0.48640700562018035,2.066025478160984,0.2602156456678804,1.8148915884192554,0.1262490413059708,0.7998605921096529,-0.006698953601515843,-0.0004806443359710588,0.019686876506917066
2025-10-02,"days_to_first_activity_after_target:q4[4,6]",slice_shape_only,STRONGEST,15302,0.48640700562018035,2.066025478160984,0.25905593080484024,1.8108428174930686,1.85738527188629e-18,0.7996304338642769,-0.14913738423632733,0.0,
2025-10-02,"days_to_first_activity_after_target:q4[4,6]",slice_shape_only,CAP,15302,0.48640700562018035,2.066025478160984,0.26373984495884545,1.8271401391403121,-3.5290320165839504e-17,0.794833096977928,-0.18274141862742163,0.016297321647243512,-0.033746770161805766
2025-10-02,"days_to_first_activity_after_target:q4[4,6]",slice_shape_only,UNC,15302,0.48640700562018035,2.066025478160984,0.2603164276563973,1.8152430097874748,-0.00047909738287559673,0.7979987344801106,-0.16542867572554265,0.004400192294406136,-0.008289987341609214
2025-10-02,"days_to_first_activity_after_target:q4[4,6]",slice_shape_only,DIST,15302,0.48640700562018035,2.066025478160984,0.25983915962152904,1.8135781995130735,5.0149402340929824e-17,0.79907900630105,-0.16345887486044583,0.002735382020004895,-0.007210637492705332
2025-10-02,"days_to_first_activity_after_target:q4[4,6]",slice_shape_only,ETX-AVG3,15302,0.48640700562018035,2.066025478160984,0.25940326727260793,1.8120563798680351,1.1887265740072256e-16,0.7988772096785721,-0.18911603115632952,0.0012135623749665037,0.011347570224033023
2025-10-02,"days_to_first_activity_after_target:q4[4,6]",slice_shape_only,SEQ-AVG3,15302,0.48640700562018035,2.066025478160984,0.25908185389680843,1.8109334185274706,-0.0008200477307051632,0.7995990634133918,-0.06540688576723763,9.060103440194922e-05,0.029946958586531857
2025-10-02,"days_to_first_activity_after_target:q4[4,6]",slice_shape_only,BTYD,15302,0.48640700562018035,2.066025478160984,0.2717411111348486,1.8546486963046593,-1.9502545354806044e-17,0.787655161711939,0.11735135963489758,0.043805878811590704,0.027650035893891634
2025-10-02,"days_to_first_activity_after_target:q4[4,6]",slice_shape_only,FRESH,15302,0.48640700562018035,2.066025478160984,0.2590850854731978,1.8109447125477605,-2.786077907829435e-18,0.7997412989182221,-0.14627516601018323,0.00010189505469182514,0.000330385817151439
2025-10-02,"days_to_first_activity_after_target:q4[4,6]",slice_shape_only,ZERO2D,15302,0.48640700562018035,2.066025478160984,0.2591106851537957,1.811034178255558,6.500848451602015e-17,0.7996308783502295,-0.14459052933665514,0.0001913607624892677,-0.02757387180672875
2025-10-02,"days_to_first_activity_after_target:q4[4,6]",slice_shape_only,BTYD05,15302,0.48640700562018035,2.066025478160984,0.25891707925956836,1.8103574550776063,-7.24380256035653e-17,0.7997707033735475,-0.13581177355358312,-0.0004853624154623759,0.02765003589389185
2025-10-02,"days_to_first_activity_after_target:q4[4,6]",slice_shape_only,SEQ_SLOT_25,15302,0.48640700562018035,2.066025478160984,0.25899983477172916,1.8106467467101537,1.485908217509032e-17,0.79973039191677,-0.13511806543141563,-0.00019607078291494773,0.01691693461480767
2025-10-02,"days_to_first_activity_after_target:q4[4,6]",slice_shape_only,SEQ_SLOT_50,15302,0.48640700562018035,2.066025478160984,0.2590559308048402,1.8108428174930684,-1.5787774811033464e-17,0.7996304338642769,-0.1491373842363273,-2.220446049250313e-16,0.0073030712910605545
2025-10-02,"days_to_first_activity_after_target:q4[4,6]",slice_shape_only,SEQ_SLOT_75,15302,0.48640700562018035,2.066025478160984,0.25915008301621767,1.811171857184795,4.364855388932781e-17,0.7994948827443491,-0.1631623494004694,0.0003290396917263738,-0.016916934614807234
2025-10-02,"days_to_first_activity_after_target:q4[4,6]",slice_shape_only,BTYD05_FRESH1,15302,0.48640700562018035,2.066025478160984,0.2589564645326453,1.810495141458965,5.757894342847498e-17,0.7998605921096529,-0.1329480445933121,-0.0003476760341036833,0.019686876506917066
2025-10-02,"days_to_first_activity_after_target:q5[6,11]",fixed_fold,STRONGEST,18279,0.5821434432955851,1.6421270545889035,0.29880533489628386,1.7794100582011314,0.2614154882381581,0.7898815415993005,-0.02097755276250928,0.0,
2025-10-02,"days_to_first_activity_after_target:q5[6,11]",fixed_fold,CAP,18279,0.5821434432955851,1.6421270545889035,0.30232972521925044,1.7898733107234572,0.25181304285464645,0.7851205641894741,-0.06234947720770449,0.010463252522325828,-0.011171880383931906
2025-10-02,"days_to_first_activity_after_target:q5[6,11]",fixed_fold,UNC,18279,0.5821434432955851,1.6421270545889035,0.3000848355743116,1.7832157537763482,0.26820962268463217,0.7887115277066312,-0.03186661453415559,0.0038056955752168165,0.005549415276619742
2025-10-02,"days_to_first_activity_after_target:q5[6,11]",fixed_fold,DIST,18279,0.5821434432955851,1.6421270545889035,0.29952285176382093,1.7815452128261917,0.2626530125232126,0.789445840798333,-0.03615573527977523,0.0021351546250603093,0.0010263386446682718
2025-10-02,"days_to_first_activity_after_target:q5[6,11]",fixed_fold,ETX-AVG3,18279,0.5821434432955851,1.6421270545889035,0.29984319128579157,1.7824976390423768,0.2577748873003772,0.7886042819698292,-0.06216330599506895,0.0030875808412453853,-0.017133612581451
2025-10-02,"days_to_first_activity_after_target:q5[6,11]",fixed_fold,SEQ-AVG3,18279,0.5821434432955851,1.6421270545889035,0.29932821151119154,1.7809662640735757,0.26188884643575006,0.7896784680163351,0.06511598110113727,0.0015562058724443162,0.016581868292361558
2025-10-02,"days_to_first_activity_after_target:q5[6,11]",fixed_fold,BTYD,18279,0.5821434432955851,1.6421270545889035,0.3121270955194107,1.8186436186961754,0.29237242358859067,0.7794468752985968,0.2645944304573571,0.039233560495044006,0.04044846560254829
2025-10-02,"days_to_first_activity_after_target:q5[6,11]",fixed_fold,FRESH,18279,0.5821434432955851,1.6421270545889035,0.29859679032224057,1.7787889998735749,0.25691846963968895,0.7899867756711031,-0.020977552762509278,-0.0006210583275565451,0.0028180390162967474
2025-10-02,"days_to_first_activity_after_target:q5[6,11]",fixed_fold,ZERO2D,18279,0.5821434432955851,1.6421270545889035,0.2988298806775033,1.7794831427614575,0.2591908812594101,0.789882058357282,-0.017441581732531592,7.308456032606436e-05,-0.055822696629159674
2025-10-02,"days_to_first_activity_after_target:q5[6,11]",fixed_fold,BTYD05,18279,0.5821434432955851,1.6421270545889035,0.2986364293257676,1.7789070639081397,0.26296333500567975,0.7901404619555514,-0.006698953601515847,-0.0005029942929917208,0.04044846560254833
2025-10-02,"days_to_first_activity_after_target:q5[6,11]",fixed_fold,SEQ_SLOT_25,18279,0.5821434432955851,1.6421270545889035,0.29872706567565094,1.7791769931522805,0.26187830864088757,0.7900145698682506,-0.006658632964186069,-0.00023306504885090007,0.024475852723961522
2025-10-02,"days_to_first_activity_after_target:q5[6,11]",fixed_fold,SEQ_SLOT_50,18279,0.5821434432955851,1.6421270545889035,0.29880533489628386,1.7794100582011314,0.2614154882381581,0.7898815415993005,-0.02097755276250925,0.0,-0.000394894914894564
2025-10-02,"days_to_first_activity_after_target:q5[6,11]",fixed_fold,SEQ_SLOT_75,18279,0.5821434432955851,1.6421270545889035,0.2989265335846462,1.779770895635464,0.2609526678354287,0.7897104454923805,-0.035296472560832445,0.00036083743433268367,-0.024475852723961394
2025-10-02,"days_to_first_activity_after_target:q5[6,11]",fixed_fold,BTYD05_FRESH1,18279,0.5821434432955851,1.6421270545889035,0.29843943316524024,1.7783202371885114,0.2584663164072107,0.7902348810210271,-0.006698953601515843,-0.001089821012620007,0.030798201612525968
2025-10-02,"days_to_first_activity_after_target:q5[6,11]",slice_shape_only,STRONGEST,18279,0.5821434432955851,1.6421270545889035,0.2923165576691682,1.7599834154591254,-0.0036133247969705215,0.7898815415993005,-0.2870732779130658,0.0,
2025-10-02,"days_to_first_activity_after_target:q5[6,11]",slice_shape_only,CAP,18279,0.5821434432955851,1.6421270545889035,0.2963082733474496,1.7719593572569592,-0.002897554280237383,0.7851205641894741,-0.31778613333205125,0.011975941797833789,-0.011171880383931906
2025-10-02,"days_to_first_activity_after_target:q5[6,11]",slice_shape_only,UNC,18279,0.5821434432955851,1.6421270545889035,0.2932033188718101,1.7626509058070625,-0.005851775401971152,0.7887115277066312,-0.30810272153930224,0.002667490347937118,0.005549415276619742
2025-10-02,"days_to_first_activity_after_target:q5[6,11]",slice_shape_only,DIST,18279,0.5821434432955851,1.6421270545889035,0.29299732895487207,1.7620316220462455,-0.0013215195657312034,0.789445840798333,-0.3006745973989973,0.002048206587120127,0.0010263386446682718
2025-10-02,"days_to_first_activity_after_target:q5[6,11]",slice_shape_only,ETX-AVG3,18279,0.5821434432955851,1.6421270545889035,0.2935004087310938,1.7635436875241428,-0.005715681976687871,0.7886042819698292,-0.3276438216445332,0.0035602720650174113,-0.017133612581451
2025-10-02,"days_to_first_activity_after_target:q5[6,11]",slice_shape_only,SEQ-AVG3,18279,0.5821434432955851,1.6421270545889035,0.29274131878090726,1.7612616549531248,-0.007797616454123791,0.7896784680163351,-0.2073884324179971,0.0012782394939994113,0.016581868292361558
2025-10-02,"days_to_first_activity_after_target:q5[6,11]",slice_shape_only,BTYD,18279,0.5821434432955851,1.6421270545889035,0.3040586331974842,1.7949838150689275,-0.00034538564915542,0.7794468752985968,-0.028137979531440926,0.03500039960980206,0.04044846560254829
2025-10-02,"days_to_first_activity_after_target:q5[6,11]",slice_shape_only,FRESH,18279,0.5821434432955851,1.6421270545889035,0.29232380984645795,1.7600052473264234,-0.003815147269845576,0.7899867756711031,-0.2828955058640787,2.1831867297983365e-05,0.0028180390162967474
2025-10-02,"days_to_first_activity_after_target:q5[6,11]",slice_shape_only,ZERO2D,18279,0.5821434432955851,1.6421270545889035,0.2924399823336112,1.7603549346767031,-0.004735191727649022,0.789882058357282,-0.28273173519334355,0.00037151921757772044,-0.055822696629159674
2025-10-02,"days_to_first_activity_after_target:q5[6,11]",slice_shape_only,BTYD05,18279,0.5821434432955851,1.6421270545889035,0.2920789885580266,1.7592680904604283,-0.0034342935129575915,0.7901404619555514,-0.2739576605511251,-0.0007153249986970867,0.04044846560254833
2025-10-02,"days_to_first_activity_after_target:q5[6,11]",slice_shape_only,SEQ_SLOT_25,18279,0.5821434432955851,1.6421270545889035,0.2922140550535366,1.7596748138482308,-0.004253067946209089,0.7900145698682506,-0.2738719492761549,-0.0003086016108946321,0.024475852723961522
2025-10-02,"days_to_first_activity_after_target:q5[6,11]",slice_shape_only,SEQ_SLOT_50,18279,0.5821434432955851,1.6421270545889035,0.2923165576691682,1.7599834154591254,-0.003613324796970556,0.7898815415993005,-0.2870732779130658,0.0,-0.000394894914894564
2025-10-02,"days_to_first_activity_after_target:q5[6,11]",slice_shape_only,SEQ_SLOT_75,18279,0.5821434432955851,1.6421270545889035,0.2924600444982554,1.7604153161686054,-0.0037966417058899037,0.7897104454923805,-0.30113768105588434,0.00043190070947995984,-0.024475852723961394
2025-10-02,"days_to_first_activity_after_target:q5[6,11]",slice_shape_only,BTYD05_FRESH1,18279,0.5821434432955851,1.6421270545889035,0.29209948086062065,1.7593298046253367,-0.003434293512957518,0.7902348810210271,-0.26956119075076224,-0.0006536108337886759,0.030798201612525968
2025-10-02,"days_to_first_activity_after_target:q6[11,44]",fixed_fold,STRONGEST,17626,0.7296039940996255,1.0185959611566313,0.24019410686327206,1.624659577060752,0.42975952686873625,0.783719731979176,-0.02097755276250928,0.0,
2025-10-02,"days_to_first_activity_after_target:q6[11,44]",fixed_fold,CAP,17626,0.7296039940996255,1.0185959611566313,0.24341100458027867,1.6355028506727673,0.41986277081776424,0.7778582856534981,-0.06234947720770449,0.010843273612015425,-0.020179955080416093
2025-10-02,"days_to_first_activity_after_target:q6[11,44]",fixed_fold,UNC,17626,0.7296039940996255,1.0185959611566313,0.24311905324071512,1.634521731286921,0.43892320585323136,0.7810761197935873,-0.03186661453415559,0.009862154226168984,-0.03738296840566856
2025-10-02,"days_to_first_activity_after_target:q6[11,44]",fixed_fold,DIST,17626,0.7296039940996255,1.0185959611566313,0.24014807337264818,1.6245038856158902,0.432644129403067,0.7826497175104371,-0.03615573527977523,-0.00015569144486171638,0.03809388076235745
2025-10-02,"days_to_first_activity_after_target:q6[11,44]",fixed_fold,ETX-AVG3,17626,0.7296039940996255,1.0185959611566313,0.2399169324554433,1.6237219103373726,0.4214192662549277,0.7833206261433208,-0.06216330599506895,-0.0009376667233793601,0.010776950687005484
2025-10-02,"days_to_first_activity_after_target:q6[11,44]",fixed_fold,SEQ-AVG3,17626,0.7296039940996255,1.0185959611566313,0.24102760483921157,1.6274760028270634,0.43112418476452113,0.7840869488320914,0.06511598110113727,0.00281642576631147,0.007481047353868411
2025-10-02,"days_to_first_activity_after_target:q6[11,44]",fixed_fold,BTYD,17626,0.7296039940996255,1.0185959611566313,0.25847020383351654,1.6853357904293964,0.4825472162554882,0.7674142970327013,0.2645944304573571,0.06067621336864448,0.003941928746595599
2025-10-02,"days_to_first_activity_after_target:q6[11,44]",fixed_fold,FRESH,17626,0.7296039940996255,1.0185959611566313,0.2397389766199652,1.6231196093917792,0.4227133037191031,0.7837804915455446,-0.020977552762509278,-0.001539967668972686,-0.020811971840157695
2025-10-02,"days_to_first_activity_after_target:q6[11,44]",fixed_fold,ZERO2D,17626,0.7296039940996255,1.0185959611566313,0.24008260407757007,1.6242824339665287,0.42510498916872624,0.7837221303831117,-0.017441581732531592,-0.000377143094223209,-0.11755999290618287
2025-10-02,"days_to_first_activity_after_target:q6[11,44]",fixed_fold,BTYD05,17626,0.7296039940996255,1.0185959611566313,0.24041472090137594,1.6254055163576482,0.4323989113380739,0.7836707686444091,-0.006698953601515847,0.0007459392968962586,0.003941928746595897
2025-10-02,"days_to_first_activity_after_target:q6[11,44]",fixed_fold,SEQ_SLOT_25,17626,0.7296039940996255,1.0185959611566313,0.24030210117143816,1.6250247697629596,0.43085133020106553,0.7838181318032277,-0.006658632964186069,0.00036519270220769506,-0.0010299340873906276
2025-10-02,"days_to_first_activity_after_target:q6[11,44]",fixed_fold,SEQ_SLOT_50,17626,0.7296039940996255,1.0185959611566313,0.24019410686327206,1.624659577060752,0.42975952686873625,0.783719731979176,-0.02097755276250925,0.0,0.0249897172930868
2025-10-02,"days_to_first_activity_after_target:q6[11,44]",fixed_fold,SEQ_SLOT_75,17626,0.7296039940996255,1.0185959611566313,0.24012297446108433,1.6244189914416605,0.428667723536407,0.7835621388933667,-0.035296472560832445,-0.00024058561909146015,0.0010299340873909945
2025-10-02,"days_to_first_activity_after_target:q6[11,44]",fixed_fold,BTYD05_FRESH1,17626,0.7296039940996255,1.0185959611566313,0.2399663292038171,1.6238890566362683,0.4253526881884408,0.7837195198754265,-0.006698953601515843,-0.0007705204244836672,-0.007322648736664682
2025-10-02,"days_to_first_activity_after_target:q6[11,44]",slice_shape_only,STRONGEST,17626,0.7296039940996255,1.0185959611566313,0.22246751744759244,1.563559833675433,-0.03330676571441145,0.783719731979176,-0.5124480693020004,0.0,
2025-10-02,"days_to_first_activity_after_target:q6[11,44]",slice_shape_only,CAP,17626,0.7296039940996255,1.0185959611566313,0.2264412515115044,1.5774622475054925,-0.04117079202412121,0.7778582856534981,-0.5507156195777209,0.013902413830059412,-0.020179955080416093
2025-10-02,"days_to_first_activity_after_target:q6[11,44]",slice_shape_only,UNC,17626,0.7296039940996255,1.0185959611566313,0.2242811517907487,1.569920244898071,-0.03775773995330479,0.7810761197935873,-0.5444778658131434,0.006360411222637863,-0.03738296840566856
2025-10-02,"days_to_first_activity_after_target:q6[11,44]",slice_shape_only,DIST,17626,0.7296039940996255,1.0185959611566313,0.2224962996074727,1.563660974673792,-0.02780330518538918,0.7826497175104371,-0.515989022577947,0.00010114099835889512,0.03809388076235745
2025-10-02,"days_to_first_activity_after_target:q6[11,44]",slice_shape_only,ETX-AVG3,17626,0.7296039940996255,1.0185959611566313,0.22270014127121865,1.5643770905929182,-0.03409279506764423,0.7833206261433208,-0.549425536267918,0.0008172569174851319,0.010776950687005484
2025-10-02,"days_to_first_activity_after_target:q6[11,44]",slice_shape_only,SEQ-AVG3,17626,0.7296039940996255,1.0185959611566313,0.22279779726921,1.5647200496520717,-0.03769879319892297,0.7840869488320914,-0.4419910468314672,0.0011602159766386233,0.007481047353868411
2025-10-02,"days_to_first_activity_after_target:q6[11,44]",slice_shape_only,BTYD,17626,0.7296039940996255,1.0185959611566313,0.2361648023056359,1.6109749477914472,-0.05237957082557566,0.7674142970327013,-0.30633609765826036,0.04741511411601418,0.003941928746595599
2025-10-02,"days_to_first_activity_after_target:q6[11,44]",slice_shape_only,FRESH,17626,0.7296039940996255,1.0185959611566313,0.2225173158632076,1.5637348220209284,-0.03428081078739308,0.7837804915455446,-0.507515255968165,0.0001749883454953416,-0.020811971840157695
2025-10-02,"days_to_first_activity_after_target:q6[11,44]",slice_shape_only,ZERO2D,17626,0.7296039940996255,1.0185959611566313,0.22262299622336415,1.5641061109740897,-0.03450455254941102,0.7837221303831117,-0.5077445150231144,0.0005462772986566389,-0.11755999290618287
2025-10-02,"days_to_first_activity_after_target:q6[11,44]",slice_shape_only,BTYD05,17626,0.7296039940996255,1.0185959611566313,0.22250799196352375,1.5637020599428562,-0.03425403291601629,0.7836707686444091,-0.50154155420744,0.00014222626742310673,0.003941928746595897
2025-10-02,"days_to_first_activity_after_target:q6[11,44]",slice_shape_only,SEQ_SLOT_25,17626,0.7296039940996255,1.0185959611566313,0.22247054622065218,1.563570477143382,-0.03370025470015938,0.7838181318032277,-0.5002043189489174,1.0643467948989738e-05,-0.0010299340873906276
2025-10-02,"days_to_first_activity_after_target:q6[11,44]",slice_shape_only,SEQ_SLOT_50,17626,0.7296039940996255,1.0185959611566313,0.22246751744759244,1.563559833675433,-0.03330676571441148,0.783719731979176,-0.5124480693020004,0.0,0.0249897172930868
2025-10-02,"days_to_first_activity_after_target:q6[11,44]",slice_shape_only,SEQ_SLOT_75,17626,0.7296039940996255,1.0185959611566313,0.22249530817140425,1.563657490859412,-0.03359964855911485,0.7835621388933667,-0.5256037643783036,9.765718397902745e-05,0.0010299340873909945
2025-10-02,"days_to_first_activity_after_target:q6[11,44]",slice_shape_only,BTYD05_FRESH1,17626,0.7296039940996255,1.0185959611566313,0.2225674219811382,1.5639108718504933,-0.03456384787509906,0.7837195198754265,-0.4958042024679689,0.0003510381750602143,-0.007322648736664682
2025-10-02,rec_buy_15_60,fixed_fold,STRONGEST,56699,0.4090195594278559,2.3423804313767125,1.1121278798792127,1.9491611581299118,0.034940968063895385,0.7182876566599565,-0.02097755276250928,0.0,
2025-10-02,rec_buy_15_60,fixed_fold,CAP,56699,0.4090195594278559,2.3423804313767125,1.1294208175331342,1.9642568597873766,0.04532012604912191,0.7107626358265596,-0.06234947720770449,0.015095701657464877,-0.023448271116719814
2025-10-02,rec_buy_15_60,fixed_fold,UNC,56699,0.4090195594278559,2.3423804313767125,1.1175673972439533,1.953922104836847,0.053109801379494656,0.7154543337236111,-0.03186661453415559,0.004760946706935165,-0.004316496692489043
2025-10-02,rec_buy_15_60,fixed_fold,DIST,56699,0.4090195594278559,2.3423804313767125,1.1153662653495742,1.951996959172814,0.02632084444088214,0.7181791439419469,-0.03615573527977523,0.002835801042902153,-0.007736149940635298
2025-10-02,rec_buy_15_60,fixed_fold,ETX-AVG3,56699,0.4090195594278559,2.3423804313767125,1.1134812242909444,1.9503467611473078,0.03082068180794227,0.7174366791901172,-0.06216330599506895,0.0011856030173960086,0.012319756806799856
2025-10-02,rec_buy_15_60,fixed_fold,SEQ-AVG3,56699,0.4090195594278559,2.3423804313767125,1.1135061608632197,1.9503686001732459,0.027852581688470705,0.7174912035381584,0.06511598110113727,0.001207442043334117,0.01848220148508446
2025-10-02,rec_buy_15_60,fixed_fold,BTYD,56699,0.4090195594278559,2.3423804313767125,1.1685718852364817,1.9980120401834296,0.11604204201269777,0.702979293508269,0.2645944304573571,0.04885088205351784,0.02702552852378014
2025-10-02,rec_buy_15_60,fixed_fold,FRESH,56699,0.4090195594278559,2.3423804313767125,1.1118062851640658,1.9488793176773689,0.030557376626284903,0.718412459765548,-0.020977552762509278,-0.0002818404525428697,0.016634421057177332
2025-10-02,rec_buy_15_60,fixed_fold,ZERO2D,56699,0.4090195594278559,2.3423804313767125,1.1121790186524174,1.9492059715755456,0.03664534208268757,0.7182885741926484,-0.017441581732531592,4.4813445633895554e-05,-0.0026594390008640237
2025-10-02,rec_buy_15_60,fixed_fold,BTYD05,56699,0.4090195594278559,2.3423804313767125,1.1116434926363248,1.9487366333765987,0.0389960217613354,0.7184294939594358,-0.006698953601515847,-0.00042452475331300477,0.027025528523780137
2025-10-02,rec_buy_15_60,fixed_fold,SEQ_SLOT_25,56699,0.4090195594278559,2.3423804313767125,1.112076786645369,1.9491163835619392,0.03460705680045481,0.7183066012006619,-0.006658632964186069,-4.477456797258306e-05,0.00655212830595581
2025-10-02,rec_buy_15_60,fixed_fold,SEQ_SLOT_50,56699,0.4090195594278559,2.3423804313767125,1.1121278798792127,1.9491611581299118,0.03494096806389536,0.7182876566599563,-0.02097755276250925,0.0,0.006023217157492921
2025-10-02,rec_buy_15_60,fixed_fold,SEQ_SLOT_75,56699,0.4090195594278559,2.3423804313767125,1.1123325677050582,1.9493405220371287,0.03527487932733597,0.7182126975848744,-0.035296472560832445,0.00017936390721695616,-0.006552128305955705
2025-10-02,rec_buy_15_60,fixed_fold,BTYD05_FRESH1,56699,0.4090195594278559,2.3423804313767125,1.1113835691755467,1.9485087941523518,0.03461243032372517,0.7185239033120366,-0.006698953601515843,-0.0006523639775599666,0.027945377183927835
2025-10-02,rec_buy_15_60,slice_shape_only,STRONGEST,56699,0.4090195594278559,2.3423804313767125,1.1117705008227587,1.9488479543343282,-5.614263842757807e-17,0.7182876566599565,-0.055918520826404694,0.0,
2025-10-02,rec_buy_15_60,slice_shape_only,CAP,56699,0.4090195594278559,2.3423804313767125,1.128819586416167,1.9637339680813837,-1.0175853214998525e-16,0.7107626358265596,-0.10766960325682652,0.014886013747055449,-0.023448271116719814
2025-10-02,rec_buy_15_60,slice_shape_only,UNC,56699,0.4090195594278559,2.3423804313767125,1.1167417232881536,1.9532001793895795,-1.2231074800293792e-16,0.7154543337236111,-0.08497641591365024,0.004352225055251235,-0.004316496692489043
2025-10-02,rec_buy_15_60,slice_shape_only,DIST,56699,0.4090195594278559,2.3423804313767125,1.115163469590665,1.9518194951807994,-2.4562404312065405e-17,0.7181791439419469,-0.06247657972065743,0.002971540846471221,-0.007736149940635298
2025-10-02,rec_buy_15_60,slice_shape_only,ETX-AVG3,56699,0.4090195594278559,2.3423804313767125,1.1132031609637247,1.9501032214451335,2.2056036525119955e-17,0.7174366791901172,-0.09298398780301122,0.0012552671108052582,0.012319756806799856
2025-10-02,rec_buy_15_60,slice_shape_only,SEQ-AVG3,56699,0.4090195594278559,2.3423804313767125,1.1132790749760766,1.9501697131878122,1.4135914318372335e-16,0.7174912035381584,0.03726339941266654,0.0013217588534839564,0.01848220148508446
2025-10-02,rec_buy_15_60,slice_shape_only,BTYD,56699,0.4090195594278559,2.3423804313767125,1.1646301272475128,1.9946394053070027,-8.9226693215258e-17,0.702979293508269,0.14855238844465932,0.04579145097267445,0.02702552852378014
2025-10-02,rec_buy_15_60,slice_shape_only,FRESH,56699,0.4090195594278559,2.3423804313767125,1.111532952606295,1.9486397413591683,7.218339226402894e-17,0.718412459765548,-0.05153492938879422,-0.0002082129751599382,0.016634421057177332
2025-10-02,rec_buy_15_60,slice_shape_only,ZERO2D,56699,0.4090195594278559,2.3423804313767125,1.1117859243114345,1.948861472380582,-5.764645909974533e-17,0.7182885741926484,-0.0540869238152192,1.3518046253713223e-05,-0.0026594390008640237
2025-10-02,rec_buy_15_60,slice_shape_only,BTYD05,56699,0.4090195594278559,2.3423804313767125,1.111198349337878,1.948346421083979,-3.508914901723629e-18,0.7184294939594358,-0.04569497536285138,-0.0005015332503492953,0.027025528523780137
2025-10-02,rec_buy_15_60,slice_shape_only,SEQ_SLOT_25,56699,0.4090195594278559,2.3423804313767125,1.11172620549407,1.9488091307999311,-4.812226150935263e-17,0.7183066012006619,-0.04126568976464093,-3.882353439710329e-05,0.00655212830595581
2025-10-02,rec_buy_15_60,slice_shape_only,SEQ_SLOT_50,56699,0.4090195594278559,2.3423804313767125,1.1117705008227587,1.9488479543343282,-3.709424324679265e-17,0.7182876566599563,-0.05591852082640466,0.0,0.006023217157492921
2025-10-02,rec_buy_15_60,slice_shape_only,SEQ_SLOT_75,56699,0.4090195594278559,2.3423804313767125,1.1119683254677755,1.9490213322958854,-5.814773265713443e-17,0.7182126975848744,-0.0705713518881684,0.0001733779615571418,-0.006552128305955705
2025-10-02,rec_buy_15_60,slice_shape_only,BTYD05_FRESH1,56699,0.4090195594278559,2.3423804313767125,1.1110328791445911,1.9482013501063327,7.268466582141804e-17,0.7185239033120366,-0.04131138392524091,-0.0006466042279955619,0.027945377183927835
2025-10-02,w180_days_buy_2_15,fixed_fold,STRONGEST,110149,0.35923158630582214,2.5567046429160856,2.158083762949931,1.948058314491455,-0.005664615718624043,0.7195189037839078,-0.02097755276250928,0.0,
2025-10-02,w180_days_buy_2_15,fixed_fold,CAP,110149,0.35923158630582214,2.5567046429160856,2.1894360969822024,1.962157847231346,0.004990130155661418,0.7124237398762255,-0.06234947720770449,0.014099532739890952,-0.02311197563948796
2025-10-02,w180_days_buy_2_15,fixed_fold,UNC,110149,0.35923158630582214,2.5567046429160856,2.168876156651583,1.952923276892136,-0.0017713604186576064,0.7157137845393208,-0.03186661453415559,0.004864962400681128,-0.008076009360607561
2025-10-02,w180_days_buy_2_15,fixed_fold,DIST,110149,0.35923158630582214,2.5567046429160856,2.1636620079479116,1.9505743737997971,-0.010941088868721336,0.7198051959351958,-0.03615573527977523,0.0025160593083422,-0.004901285955065514
2025-10-02,w180_days_buy_2_15,fixed_fold,ETX-AVG3,110149,0.35923158630582214,2.5567046429160856,2.160660132187085,1.949220785700615,-0.004983934961113775,0.7185914125452673,-0.06216330599506895,0.0011624712091600209,0.013407110424872411
2025-10-02,w180_days_buy_2_15,fixed_fold,SEQ-AVG3,110149,0.35923158630582214,2.5567046429160856,2.161070559274475,1.949405908527183,-0.008702217125326766,0.7184881045518221,0.06511598110113727,0.0013475940357281502,0.017817682300343002
2025-10-02,w180_days_buy_2_15,fixed_fold,BTYD,110149,0.35923158630582214,2.5567046429160856,2.2927777407399756,2.007930991823013,-0.051275736855804104,0.6893254510607678,0.2645944304573571,0.0598726773315581,0.0164383563682426
2025-10-02,w180_days_buy_2_15,fixed_fold,FRESH,110149,0.35923158630582214,2.5567046429160856,2.157508764145472,1.9477987773402963,-0.005670105386521654,0.7196141866196822,-0.020977552762509278,-0.00025953715115867304,0.018355897150126272
2025-10-02,w180_days_buy_2_15,fixed_fold,ZERO2D,110149,0.35923158630582214,2.5567046429160856,2.158058894786785,1.9480470904666105,-0.003321225764207111,0.7195198573140752,-0.017441581732531592,-1.1224024844436187e-05,0.002774601259928613
2025-10-02,w180_days_buy_2_15,fixed_fold,BTYD05,110149,0.35923158630582214,2.5567046429160856,2.1575399006729037,1.9478128323170962,-0.007945171775483158,0.7195497499298208,-0.006698953601515847,-0.0002454821743587132,0.016438356368242563
2025-10-02,w180_days_buy_2_15,fixed_fold,SEQ_SLOT_25,110149,0.35923158630582214,2.5567046429160856,2.1580533283892844,1.9480445781136173,-0.006082922462098031,0.71951448112981,-0.006658632964186069,-1.3736377837636482e-05,0.00506884931243438
2025-10-02,w180_days_buy_2_15,fixed_fold,SEQ_SLOT_50,110149,0.35923158630582214,2.5567046429160856,2.158083762949931,1.948058314491455,-0.00566461571862407,0.7195189037839078,-0.02097755276250925,0.0,0.004017659896920174
2025-10-02,w180_days_buy_2_15,fixed_fold,SEQ_SLOT_75,110149,0.35923158630582214,2.5567046429160856,2.1584101268360585,1.9482056099435094,-0.005246308975150035,0.7194578604869852,-0.035296472560832445,0.00014729545205449668,-0.005068849312434286
2025-10-02,w180_days_buy_2_15,fixed_fold,BTYD05_FRESH1,110149,0.35923158630582214,2.5567046429160856,2.157058347752466,1.9475954487819565,-0.007950661443380488,0.7196110365326949,-0.006698953601515843,-0.0004628657094984945,0.022464207617292814
2025-10-02,w180_days_buy_2_15,slice_shape_only,STRONGEST,110149,0.35923158630582214,2.5567046429160856,2.1580655153690604,1.9480500786140096,-6.424938626924073e-17,0.7195189037839078,-0.015312937043885274,0.0,
2025-10-02,w180_days_buy_2_15,slice_shape_only,CAP,110149,0.35923158630582214,2.5567046429160856,2.189421936170844,1.962151501809322,8.166638857114334e-17,0.7124237398762255,-0.06733960736336603,0.01410142319531249,-0.02311197563948796
2025-10-02,w180_days_buy_2_15,slice_shape_only,UNC,110149,0.35923158630582214,2.5567046429160856,2.1688743723089057,1.9529224735532609,-8.69559966776471e-17,0.7157137845393208,-0.030095254115497964,0.00487239493925129,-0.008076009360607561
2025-10-02,w180_days_buy_2_15,slice_shape_only,DIST,110149,0.35923158630582214,2.5567046429160856,2.1635939332877463,1.9505436883850713,-5.5089333206758625e-17,0.7198051959351958,-0.025214646411053945,0.002493609771061722,-0.004901285955065514
2025-10-02,w180_days_buy_2_15,slice_shape_only,ETX-AVG3,110149,0.35923158630582214,2.5567046429160856,2.1606460065149,1.9492144140139191,-4.8767606445327305e-17,0.7185914125452673,-0.05717937103395515,0.0011643353999095662,0.013407110424872411
2025-10-02,w180_days_buy_2_15,slice_shape_only,SEQ-AVG3,110149,0.35923158630582214,2.5567046429160856,2.161027494297359,1.9493864849274491,-1.29659906025275e-16,0.7184881045518221,0.07381819822646402,0.0013364063134395643,0.017817682300343002
2025-10-02,w180_days_buy_2_15,slice_shape_only,BTYD,110149,0.35923158630582214,2.5567046429160856,2.291282578876991,2.007276180980894,2.580296637318905e-19,0.6893254510607678,0.3158701673131612,0.0592261023668843,0.0164383563682426
2025-10-02,w180_days_buy_2_15,slice_shape_only,FRESH,110149,0.35923158630582214,2.5567046429160856,2.15749048117943,1.9477905243925127,-1.0566314729820916e-16,0.7196141866196822,-0.015307447375987665,-0.0002595542214969271,0.018355897150126272
2025-10-02,w180_days_buy_2_15,slice_shape_only,ZERO2D,110149,0.35923158630582214,2.5567046429160856,2.1580526219904463,1.948044259285412,-9.611604974012922e-17,0.7195198573140752,-0.014120355968324535,-5.819328597667095e-06,0.002774601259928613
2025-10-02,w180_days_buy_2_15,slice_shape_only,BTYD05,110149,0.35923158630582214,2.5567046429160856,2.1575040026134022,1.947796627983683,-1.1817758598920586e-16,0.7195497499298208,0.0012462181739671602,-0.00025345063032666815,0.016438356368242563
2025-10-02,w180_days_buy_2_15,slice_shape_only,SEQ_SLOT_25,110149,0.35923158630582214,2.5567046429160856,2.158032286295494,1.9480350808884785,-6.889392021641476e-17,0.71951448112981,-0.0005757105020881083,-1.4997725531040729e-05,0.00506884931243438
2025-10-02,w180_days_buy_2_15,slice_shape_only,SEQ_SLOT_50,110149,0.35923158630582214,2.5567046429160856,2.1580655153690604,1.9480500786140096,-3.0060455824765244e-17,0.7195189037839078,-0.015312937043885243,0.0,0.004017659896920174
2025-10-02,w180_days_buy_2_15,slice_shape_only,SEQ_SLOT_75,110149,0.35923158630582214,2.5567046429160856,2.158394474753883,1.948198546056715,-4.128474619710248e-17,0.7194578604869852,-0.030050163585682396,0.00014846744270546886,-0.005068849312434286
2025-10-02,w180_days_buy_2_15,slice_shape_only,BTYD05_FRESH1,110149,0.35923158630582214,2.5567046429160856,2.1570224000687372,1.9475792202369593,-1.0682428078500267e-16,0.7196110365326949,0.001251707841864771,-0.0004708583770502983,0.022464207617292814
2025-10-02,intersection_rec15_60_buy2_15,fixed_fold,STRONGEST,46128,0.40981616371834895,2.2916256808804127,0.9442665556623433,1.991237559115629,0.035236662763661206,0.6760102725757028,-0.02097755276250928,0.0,
2025-10-02,intersection_rec15_60_buy2_15,fixed_fold,CAP,46128,0.40981616371834895,2.2916256808804127,0.9591246296032507,2.0068425158922842,0.05195995878196552,0.6660041604881382,-0.06234947720770449,0.015604956776655188,-0.025214299575477724
2025-10-02,intersection_rec15_60_buy2_15,fixed_fold,UNC,46128,0.40981616371834895,2.2916256808804127,0.9490031127865057,1.9962254581533405,0.05722480679363933,0.6724004929433576,-0.03186661453415559,0.004987899037711463,-0.005031713833953075
2025-10-02,intersection_rec15_60_buy2_15,fixed_fold,DIST,46128,0.40981616371834895,2.2916256808804127,0.9468973995527437,1.9940095472462989,0.02650156072162409,0.6760042208018515,-0.03615573527977523,0.0027719881306698113,-0.007904684822134769
2025-10-02,intersection_rec15_60_buy2_15,fixed_fold,ETX-AVG3,46128,0.40981616371834895,2.2916256808804127,0.9453575864772539,1.992387591563814,0.030780060724229,0.6749822307717084,-0.06216330599506895,0.0011500324481850122,0.012158689214404526
2025-10-02,intersection_rec15_60_buy2_15,fixed_fold,SEQ-AVG3,46128,0.40981616371834895,2.2916256808804127,0.9448855526106057,1.9918901121653387,0.022397786209815453,0.6752605278441678,0.06511598110113727,0.000652553049709681,0.021350598623117254
2025-10-02,intersection_rec15_60_buy2_15,fixed_fold,BTYD,46128,0.40981616371834895,2.2916256808804127,0.9849967029731201,2.0337293668447316,0.10813483184226827,0.6576358649558547,0.2645944304573571,0.04249180772910255,0.02968276598514202
2025-10-02,intersection_rec15_60_buy2_15,fixed_fold,FRESH,46128,0.40981616371834895,2.2916256808804127,0.9439730321382445,1.990928048792524,0.03149862819818558,0.6761313585732336,-0.020977552762509278,-0.00030951032310500004,0.02022610619544915
2025-10-02,intersection_rec15_60_buy2_15,fixed_fold,ZERO2D,46128,0.40981616371834895,2.2916256808804127,0.944317190290867,1.9912909467008884,0.03751382185077757,0.6760109448870697,-0.017441581732531592,5.338758525930132e-05,-0.003723383205629121
2025-10-02,intersection_rec15_60_buy2_15,fixed_fold,BTYD05,46128,0.40981616371834895,2.2916256808804127,0.9438059261074263,1.990751819812635,0.03888157121759149,0.6762214754997613,-0.006698953601515847,-0.0004857393029940038,0.029682765985142003
2025-10-02,intersection_rec15_60_buy2_15,fixed_fold,SEQ_SLOT_25,46128,0.40981616371834895,2.2916256808804127,0.9441788197005547,1.9911450496437808,0.03429365688078967,0.6760558925938366,-0.006658632964186069,-9.250947184824554e-05,0.008772485762145512
2025-10-02,intersection_rec15_60_buy2_15,fixed_fold,SEQ_SLOT_50,46128,0.40981616371834895,2.2916256808804127,0.9442665556623433,1.991237559115629,0.03523666276366118,0.6760102725757027,-0.02097755276250925,0.0,0.005077746001370363
2025-10-02,intersection_rec15_60_buy2_15,fixed_fold,SEQ_SLOT_75,46128,0.40981616371834895,2.2916256808804127,0.9444763830177845,1.9914587852621126,0.03617966864653277,0.6758940520916485,-0.035296472560832445,0.0002212261464835663,-0.008772485762145506
2025-10-02,intersection_rec15_60_buy2_15,fixed_fold,BTYD05_FRESH1,46128,0.40981616371834895,2.2916256808804127,0.9435649298118186,1.9904976391431604,0.035143536652116135,0.6763053201109921,-0.006698953601515843,-0.0007399199724686945,0.031200476210809958
2025-10-02,intersection_rec15_60_buy2_15,slice_shape_only,STRONGEST,46128,0.40981616371834895,2.2916256808804127,0.9439708647364877,1.990925763163973,8.163970906019188e-17,0.6760102725757028,-0.05621421552617054,0.0,
2025-10-02,intersection_rec15_60_buy2_15,slice_shape_only,CAP,46128,0.40981616371834895,2.2916256808804127,0.9584816664978306,2.0061697451303186,1.910061117634678e-17,0.6660041604881382,-0.11430943598967011,0.015243981966345688,-0.025214299575477724
2025-10-02,intersection_rec15_60_buy2_15,slice_shape_only,UNC,46128,0.40981616371834895,2.2916256808804127,0.9482232519212864,1.9954050719758496,1.3924961696304426e-16,0.6724004929433576,-0.08909142132779488,0.004479308811876637,-0.005031713833953075
2025-10-02,intersection_rec15_60_buy2_15,slice_shape_only,DIST,46128,0.40981616371834895,2.2916256808804127,0.9467301398351499,1.9938334287970767,1.6851668247518853e-16,0.6760042208018515,-0.06265729600139935,0.00290766563310374,-0.007904684822134769
2025-10-02,intersection_rec15_60_buy2_15,slice_shape_only,ETX-AVG3,46128,0.40981616371834895,2.2916256808804127,0.9451319613824636,1.9921498193858986,-1.189167082914493e-16,0.6749822307717084,-0.09294336671929793,0.0012240562219256734,0.012158689214404526
2025-10-02,intersection_rec15_60_buy2_15,slice_shape_only,SEQ-AVG3,46128,0.40981616371834895,2.2916256808804127,0.944766082670223,1.9917641823556687,8.194778343400393e-17,0.6752605278441678,0.04271819489132179,0.000838419191695694,0.021350598623117254
2025-10-02,intersection_rec15_60_buy2_15,slice_shape_only,BTYD,46128,0.40981616371834895,2.2916256808804127,0.9822119948892077,2.030852529286437,4.066581734318992e-17,0.6576358649558547,0.15645959861508882,0.03992676612246382,0.02968276598514202
2025-10-02,intersection_rec15_60_buy2_15,slice_shape_only,FRESH,46128,0.40981616371834895,2.2916256808804127,0.9437367495402138,1.9906788620695302,7.332170096726667e-17,0.6761313585732336,-0.05247618096069492,-0.0002469010944428085,0.02022610619544915
2025-10-02,intersection_rec15_60_buy2_15,slice_shape_only,ZERO2D,46128,0.40981616371834895,2.2916256808804127,0.9439820465750708,1.9909375549180512,6.038257726716079e-17,0.6760109448870697,-0.054955403583309234,1.1791754078283034e-05,-0.003723383205629121
2025-10-02,intersection_rec15_60_buy2_15,slice_shape_only,BTYD05,46128,0.40981616371834895,2.2916256808804127,0.9434458982795207,1.9903720836835934,1.016645433579748e-17,0.6762214754997613,-0.04558052481910747,-0.0005536794803795431,0.029682765985142003
2025-10-02,intersection_rec15_60_buy2_15,slice_shape_only,SEQ_SLOT_25,46128,0.40981616371834895,2.2916256808804127,0.9438987435983971,1.990849706486825,-7.794281657444734e-17,0.6760558925938366,-0.04095228984497581,-7.605667714805087e-05,0.008772485762145512
2025-10-02,intersection_rec15_60_buy2_15,slice_shape_only,SEQ_SLOT_50,46128,0.40981616371834895,2.2916256808804127,0.9439708647364877,1.990925763163973,5.144842042661149e-17,0.6760102725757027,-0.05621421552617052,0.0,0.005077746001370363
2025-10-02,intersection_rec15_60_buy2_15,slice_shape_only,SEQ_SLOT_75,46128,0.40981616371834895,2.2916256808804127,0.9441646537157237,1.991130112517581,1.244620470200661e-16,0.6758940520916485,-0.07147614120736522,0.00020434935360813533,-0.008772485762145506
2025-10-02,intersection_rec15_60_buy2_15,slice_shape_only,BTYD05_FRESH1,46128,0.40981616371834895,2.2916256808804127,0.9432707997692111,1.9901873739088178,-4.929189980992717e-18,0.6763053201109921,-0.04184249025363185,-0.0007383892551551252,0.031200476210809958
2025-10-02,long_recency_gt60_or_never,fixed_fold,STRONGEST,49063,0.7486904592055112,0.9121736416109301,0.6309809654450951,1.5782985702072163,0.026293641544819356,0.7243060303932795,-0.02097755276250928,0.0,
2025-10-02,long_recency_gt60_or_never,fixed_fold,CAP,49063,0.7486904592055112,0.9121736416109301,0.6409394008362459,1.5907045341155963,0.0009686767968211338,0.7108465764070393,-0.06234947720770449,0.012405963908380002,-0.008826911536527062
2025-10-02,long_recency_gt60_or_never,fixed_fold,UNC,49063,0.7486904592055112,0.9121736416109301,0.633437028329072,1.5813673122917642,0.02484089443238487,0.7209838255671465,-0.03186661453415559,0.003068742084547882,-0.00239527986616416
2025-10-02,long_recency_gt60_or_never,fixed_fold,DIST,49063,0.7486904592055112,0.9121736416109301,0.6334136751634221,1.5813381615857514,0.06127626915980338,0.7228512976159983,-0.03615573527977523,0.003039591378535045,-0.0016226403762698311
2025-10-02,long_recency_gt60_or_never,fixed_fold,ETX-AVG3,49063,0.7486904592055112,0.9121736416109301,0.63263540355894,1.5803663726027888,0.025471004508901243,0.7232924614658078,-0.06216330599506895,0.002067802395572471,0.0008774343392364389
2025-10-02,long_recency_gt60_or_never,fixed_fold,SEQ-AVG3,49063,0.7486904592055112,0.9121736416109301,0.6329366071021596,1.580742541327619,0.0007780404903487982,0.7208908782561008,0.06511598110113727,0.0024439711204027326,0.009325844876581633
2025-10-02,long_recency_gt60_or_never,fixed_fold,BTYD,49063,0.7486904592055112,0.9121736416109301,0.6523585776889202,1.604812219573266,0.06208451220883567,0.6971988642356343,0.2645944304573571,0.026513649366049608,0.028782703142299814
2025-10-02,long_recency_gt60_or_never,fixed_fold,FRESH,49063,0.7486904592055112,0.9121736416109301,0.6308375216446426,1.57811915907915,0.015910494997515307,0.7242877378943895,-0.020977552762509278,-0.00017941112806640902,0.008726445016938067
2025-10-02,long_recency_gt60_or_never,fixed_fold,ZERO2D,49063,0.7486904592055112,0.9121736416109301,0.6308870993348751,1.5781811702650566,0.01842881263218011,0.7243093996574081,-0.017441581732531592,-0.00011739994215975713,0.002972001351742976
2025-10-02,long_recency_gt60_or_never,fixed_fold,BTYD05,49063,0.7486904592055112,0.9121736416109301,0.630691957016081,1.5779370744895074,0.028083185078020243,0.7244838087539445,-0.006698953601515847,-0.0003614957177089373,0.02878270314229979
2025-10-02,long_recency_gt60_or_never,fixed_fold,SEQ_SLOT_25,49063,0.7486904592055112,0.9121736416109301,0.6309178384402024,1.5782196171491072,0.023515683092732217,0.7241782920078516,-0.006658632964186069,-7.895305810912134e-05,0.007066141958309024
2025-10-02,long_recency_gt60_or_never,fixed_fold,SEQ_SLOT_50,49063,0.7486904592055112,0.9121736416109301,0.6309809654450951,1.5782985702072163,0.026293641544819356,0.7243060303932795,-0.02097755276250925,0.0,-0.0016159472792173825
2025-10-02,long_recency_gt60_or_never,fixed_fold,SEQ_SLOT_75,49063,0.7486904592055112,0.9121736416109301,0.6311593354045598,1.5785216364918198,0.02907159999690653,0.7242634531393759,-0.035296472560832445,0.0002230662846034459,-0.007066141958309084
2025-10-02,long_recency_gt60_or_never,fixed_fold,BTYD05_FRESH1,49063,0.7486904592055112,0.9121736416109301,0.6305597981848177,1.577771740808796,0.017700038530716215,0.7244412359158522,-0.006698953601515843,-0.0005268293984204142,0.026763201718553443
2025-10-02,long_recency_gt60_or_never,slice_shape_only,STRONGEST,49063,0.7486904592055112,0.9121736416109301,0.6308058439694656,1.5780795357435111,-1.7813170107513264e-17,0.7243060303932795,-0.047271194307328644,0.0,
2025-10-02,long_recency_gt60_or_never,slice_shape_only,CAP,49063,0.7486904592055112,0.9121736416109301,0.6409390930291575,1.5907041521526608,-0.0001335405080749511,0.7108465764070393,-0.06345196416271287,0.012624616409149692,-0.008826911536527062
2025-10-02,long_recency_gt60_or_never,slice_shape_only,UNC,49063,0.7486904592055112,0.9121736416109301,0.6332803215256458,1.5811716919428296,-2.8807781878197173e-05,0.7209838255671465,-0.056744032098030084,0.003092156199318463,-0.00239527986616416
2025-10-02,long_recency_gt60_or_never,slice_shape_only,DIST,49063,0.7486904592055112,0.9121736416109301,0.6324625824923487,1.5801504984550125,-3.982619332980608e-17,0.7228512976159983,-0.09743234158530788,0.002070962711501423,-0.0016226403762698311
2025-10-02,long_recency_gt60_or_never,slice_shape_only,ETX-AVG3,49063,0.7486904592055112,0.9121736416109301,0.6324710674540891,1.580161097873798,-5.87979436069137e-17,0.7232924614658078,-0.08763479886428044,0.0020815621302869847,0.0008774343392364389
2025-10-02,long_recency_gt60_or_never,slice_shape_only,SEQ-AVG3,49063,0.7486904592055112,0.9121736416109301,0.6329364537667952,1.5807423498520858,3.92469032450089e-17,0.7208908782561008,0.0643379406107884,0.002662814108574718,0.009325844876581633
2025-10-02,long_recency_gt60_or_never,slice_shape_only,BTYD,49063,0.7486904592055112,0.9121736416109301,0.6513822300539207,1.6036108547385999,2.5343941209876594e-17,0.6971988642356343,0.20250991824852144,0.02553131899508876,0.028782703142299814
2025-10-02,long_recency_gt60_or_never,slice_shape_only,FRESH,49063,0.7486904592055112,0.9121736416109301,0.6307733999022817,1.5780389527516794,-2.910932676105826e-17,0.7242877378943895,-0.03688804776002459,-4.058299183173908e-05,0.008726445016938067
2025-10-02,long_recency_gt60_or_never,slice_shape_only,ZERO2D,49063,0.7486904592055112,0.9121736416109301,0.6308010727581712,1.578073567690731,2.5343941209876594e-17,0.7243093996574081,-0.0358703943647117,-5.968052780191968e-06,0.002972001351742976
2025-10-02,long_recency_gt60_or_never,slice_shape_only,BTYD05,49063,0.7486904592055112,0.9121736416109301,0.6304921868381969,1.577687150788894,-1.1006511611146407e-17,0.7244838087539445,-0.0347821386795361,-0.00039238495461701994,0.02878270314229979
2025-10-02,long_recency_gt60_or_never,slice_shape_only,SEQ_SLOT_25,49063,0.7486904592055112,0.9121736416109301,0.6307777658596491,1.578044414014687,-1.3902962035132303e-17,0.7241782920078516,-0.030174316056918293,-3.5121728824139e-05,0.007066141958309024
2025-10-02,long_recency_gt60_or_never,slice_shape_only,SEQ_SLOT_50,49063,0.7486904592055112,0.9121736416109301,0.6308058439694656,1.5780795357435111,-2.51991186886773e-17,0.7243060303932795,-0.04727119430732863,0.0,-0.0016159472792173825
2025-10-02,long_recency_gt60_or_never,slice_shape_only,SEQ_SLOT_75,49063,0.7486904592055112,0.9121736416109301,0.6309452555500368,1.5782539082626827,1.6944234980317495e-17,0.7242634531393759,-0.06436807255773898,0.00017437251917162833,-0.007066141958309084
2025-10-02,long_recency_gt60_or_never,slice_shape_only,BTYD05_FRESH1,49063,0.7486904592055112,0.9121736416109301,0.6304804409812316,1.5776724548304788,-2.0564798010299865e-17,0.7244412359158522,-0.024398992132232043,-0.0004070809130323205,0.026763201718553443
2025-10-02,hist_buy_days_0,fixed_fold,STRONGEST,25502,0.8560897184534546,0.5068221278377588,0.22026300654275704,1.2934264705481489,0.0315896667370672,0.6531494029712153,-0.02097755276250928,0.0,
2025-10-02,hist_buy_days_0,fixed_fold,CAP,25502,0.8560897184534546,0.5068221278377588,0.22369437229683214,1.3034623533670127,0.004712574396101493,0.6147054095530596,-0.06234947720770449,0.010035882818863806,0.008681824944165079
2025-10-02,hist_buy_days_0,fixed_fold,UNC,25502,0.8560897184534546,0.5068221278377588,0.22102638212430722,1.2956658755789383,0.02056946402907888,0.6463050013828662,-0.03186661453415559,0.002239405030789454,-0.007656819509401377
2025-10-02,hist_buy_days_0,fixed_fold,DIST,25502,0.8560897184534546,0.5068221278377588,0.22168233048610742,1.2975870495847068,0.08841898147349252,0.6496003104709434,-0.03615573527977523,0.0041605790365579765,-0.004101166806116038
2025-10-02,hist_buy_days_0,fixed_fold,ETX-AVG3,25502,0.8560897184534546,0.5068221278377588,0.22071482398433345,1.2947523701377475,0.027705489679112127,0.6549848895654006,-0.06216330599506895,0.0013258995895986114,0.0074002107377207135
2025-10-02,hist_buy_days_0,fixed_fold,SEQ-AVG3,25502,0.8560897184534546,0.5068221278377588,0.22155879873142523,1.297225461131363,-0.005936830874835328,0.6416553320726119,0.06511598110113727,0.0037989905832140902,-0.004688897818522315
2025-10-02,hist_buy_days_0,fixed_fold,BTYD,25502,0.8560897184534546,0.5068221278377588,0.2250854638623327,1.3075090023724592,0.009998703742315894,0.5655671860818755,0.2645944304573571,0.014082531824310296,0.011398029032556555
2025-10-02,hist_buy_days_0,fixed_fold,FRESH,25502,0.8560897184534546,0.5068221278377588,0.2201872912496798,1.2932041441046211,0.020171475453214394,0.6531065940254188,-0.020977552762509278,-0.00022232644352770947,-0.0006048735014373569
2025-10-02,hist_buy_days_0,fixed_fold,ZERO2D,25502,0.8560897184534546,0.5068221278377588,0.22019628353586257,1.2932305505855866,0.019562180860372272,0.6531496525860596,-0.017441581732531592,-0.0001959199625622965,-0.012702078178189344
2025-10-02,hist_buy_days_0,fixed_fold,BTYD05,25502,0.8560897184534546,0.5068221278377588,0.2202280018145592,1.2933236892374251,0.030510118587329715,0.6531894661537248,-0.006698953601515847,-0.00010278131072372076,0.011398029032556566
2025-10-02,hist_buy_days_0,fixed_fold,SEQ_SLOT_25,25502,0.8560897184534546,0.5068221278377588,0.2202981103857122,1.2935295346793148,0.0278049056747481,0.6520648763957214,-0.006658632964186069,0.00010306413116589752,-0.007728763027688526
2025-10-02,hist_buy_days_0,fixed_fold,SEQ_SLOT_50,25502,0.8560897184534546,0.5068221278377588,0.22026300654275704,1.2934264705481489,0.031589666737067215,0.6531494029712153,-0.02097755276250925,0.0,-0.005162302041526007
2025-10-02,hist_buy_days_0,fixed_fold,SEQ_SLOT_75,25502,0.8560897184534546,0.5068221278377588,0.220285693507635,1.2934930799298312,0.03537442779938629,0.6536863369820369,-0.035296472560832445,6.660938168234765e-05,0.007728763027688528
2025-10-02,hist_buy_days_0,fixed_fold,BTYD05_FRESH1,25502,0.8560897184534546,0.5068221278377588,0.22016053031862295,1.2931255555577306,0.019091927303476915,0.653130032859298,-0.006698953601515843,-0.0003009149904182884,0.009318926382189206
2025-10-02,hist_buy_days_0,slice_shape_only,STRONGEST,25502,0.8560897184534546,0.5068221278377588,0.22013162082378623,1.2930406519789246,1.8389075586293863e-17,0.6531494029712153,-0.05256721949957646,0.0,
2025-10-02,hist_buy_days_0,slice_shape_only,CAP,25502,0.8560897184534546,0.5068221278377588,0.22369111927955632,1.3034528757012898,-0.0002569170240639277,0.6147054095530596,-0.06732130812951934,0.010412223722365166,0.008681824944165079
2025-10-02,hist_buy_days_0,slice_shape_only,UNC,25502,0.8560897184534546,0.5068221278377588,0.22097035031308354,1.2955016347613977,-5.542295515202911e-05,0.6463050013828662,-0.052502317896660954,0.0024609827824730868,-0.007656819509401377
2025-10-02,hist_buy_days_0,slice_shape_only,DIST,25502,0.8560897184534546,0.5068221278377588,0.22065295154812967,1.294570880066114,6.965558934202221e-17,0.6496003104709434,-0.12460068812240635,0.0015302280871893892,-0.004101166806116038
2025-10-02,hist_buy_days_0,slice_shape_only,ETX-AVG3,25502,0.8560897184534546,0.5068221278377588,0.22061375979707298,1.2944559059576346,4.6808556037838926e-17,0.6549848895654006,-0.08987008583063018,0.0014152539787100071,0.0074002107377207135
2025-10-02,hist_buy_days_0,slice_shape_only,SEQ-AVG3,25502,0.8560897184534546,0.5068221278377588,0.22155415820310087,1.2972118759272289,3.0091214595753593e-17,0.6416553320726119,0.07105281197597253,0.00417122394830427,-0.004688897818522315
2025-10-02,hist_buy_days_0,slice_shape_only,BTYD,25502,0.8560897184534546,0.5068221278377588,0.225072301147434,1.307470771072339,-8.358670721042665e-18,0.5655671860818755,0.2545957267150412,0.014430119093414406,0.011398029032556555
2025-10-02,hist_buy_days_0,slice_shape_only,FRESH,25502,0.8560897184534546,0.5068221278377588,0.2201337197991609,1.2930468165953646,1.5045607297876797e-17,0.6531065940254188,-0.041149028215723665,6.164616439985338e-06,-0.0006048735014373569
2025-10-02,hist_buy_days_0,slice_shape_only,ZERO2D,25502,0.8560897184534546,0.5068221278377588,0.2201458995393619,1.293082587481513,6.129691862097955e-18,0.6531496525860596,-0.03700376259290387,4.193550258846379e-05,-0.012702078178189344
2025-10-02,hist_buy_days_0,slice_shape_only,BTYD05,25502,0.8560897184534546,0.5068221278377588,0.22010544262941095,1.2929637650787011,-5.572447147361777e-19,0.6531894661537248,-0.03720907218884556,-7.688690022344957e-05,0.011398029032556566
2025-10-02,hist_buy_days_0,slice_shape_only,SEQ_SLOT_25,25502,0.8560897184534546,0.5068221278377588,0.2201963213674417,1.293230661679541,2.2289788589447107e-18,0.6520648763957214,-0.03446353863893418,0.00019000970061644473,-0.007728763027688526
2025-10-02,hist_buy_days_0,slice_shape_only,SEQ_SLOT_50,25502,0.8560897184534546,0.5068221278377588,0.22013162082378623,1.2930406519789246,2.2289788589447108e-17,0.6531494029712153,-0.052567219499576455,0.0,-0.005162302041526007
2025-10-02,hist_buy_days_0,slice_shape_only,SEQ_SLOT_75,25502,0.8560897184534546,0.5068221278377588,0.2201209391459888,1.293009279813655,1.7831830871557686e-17,0.6536863369820369,-0.07067090036021874,-3.137216526960529e-05,0.007728763027688528
2025-10-02,hist_buy_days_0,slice_shape_only,BTYD05_FRESH1,25502,0.8560897184534546,0.5068221278377588,0.22011253955973784,1.2929846096332036,1.448836258314062e-17,0.653130032859298,-0.025790880904992753,-5.6042345720985765e-05,0.009318926382189206
2025-10-02,hist_buy_days_1,fixed_fold,STRONGEST,16516,0.7007750060547348,1.0711614514625496,0.2537088312431461,1.7249377993568091,0.044530629667385274,0.6222980945653528,-0.02097755276250928,0.0,
2025-10-02,hist_buy_days_1,fixed_fold,CAP,16516,0.7007750060547348,1.0711614514625496,0.2572366042997051,1.7368888645102392,0.00409870914783801,0.6022318546076251,-0.06234947720770449,0.01195106515343003,-0.022778535436392237
2025-10-02,hist_buy_days_1,fixed_fold,UNC,16516,0.7007750060547348,1.0711614514625496,0.25464315813102983,1.7281110722051167,0.027216896325816337,0.6163556876144826,-0.03186661453415559,0.0031732728483075956,-0.010448329577206426
2025-10-02,hist_buy_days_1,fixed_fold,DIST,16516,0.7007750060547348,1.0711614514625496,0.2547253159931319,1.7283898279002368,0.06973453535883692,0.6192714527747725,-0.03615573527977523,0.003452028543427632,-0.013294487819355341
2025-10-02,hist_buy_days_1,fixed_fold,ETX-AVG3,16516,0.7007750060547348,1.0711614514625496,0.2538572256736409,1.7254421841325487,0.04684830394972437,0.6214277514799809,-0.06216330599506895,0.0005043847757395525,0.01636625921793438
2025-10-02,hist_buy_days_1,fixed_fold,SEQ-AVG3,16516,0.7007750060547348,1.0711614514625496,0.25373075132835293,1.7250123138439257,0.04754478876831193,0.6218080485314459,0.06511598110113727,7.451448711659481e-05,0.026817417426909754
2025-10-02,hist_buy_days_1,fixed_fold,BTYD,16516,0.7007750060547348,1.0711614514625496,0.26437011598789617,1.7608072902170866,-0.11678310658419276,0.5503827114416641,0.2645944304573571,0.035869490860277464,0.02325600986898938
2025-10-02,hist_buy_days_1,fixed_fold,FRESH,16516,0.7007750060547348,1.0711614514625496,0.25360528506871494,1.7245857640390099,0.0324230741634905,0.6222981295311776,-0.020977552762509278,-0.00035203531779925967,0.01367567064747062
2025-10-02,hist_buy_days_1,fixed_fold,ZERO2D,16516,0.7007750060547348,1.0711614514625496,0.25367490708728957,1.724822472242033,0.038587070032489144,0.6223203328298954,-0.017441581732531592,-0.00011532711477624247,-0.002785759573874706
2025-10-02,hist_buy_days_1,fixed_fold,BTYD05,16516,0.7007750060547348,1.0711614514625496,0.2535541153809652,1.7244117712793128,0.03646494285480644,0.6225313166164522,-0.006698953601515847,-0.0005260280774963544,0.023256009868989333
2025-10-02,hist_buy_days_1,fixed_fold,SEQ_SLOT_25,16516,0.7007750060547348,1.0711614514625496,0.2536828784597051,1.7248495720731203,0.04460898420947639,0.6225395335852691,-0.006658632964186069,-8.822728368884647e-05,0.010770634225723129
2025-10-02,hist_buy_days_1,fixed_fold,SEQ_SLOT_50,16516,0.7007750060547348,1.0711614514625496,0.2537088312431461,1.7249377993568091,0.04453062966738525,0.6222980945653528,-0.02097755276250925,0.0,0.010255559866113026
2025-10-02,hist_buy_days_1,fixed_fold,SEQ_SLOT_75,16516,0.7007750060547348,1.0711614514625496,0.2537626256830393,1.7251206608364582,0.0444522751252942,0.6219252539760164,-0.035296472560832445,0.00018286147964907684,-0.01077063422572298
2025-10-02,hist_buy_days_1,fixed_fold,BTYD05_FRESH1,16516,0.7007750060547348,1.0711614514625496,0.25347711956827784,1.7241499286215882,0.02435738735091169,0.6224747244290901,-0.006698953601515843,-0.000787870735220908,0.02344479720399819
2025-10-02,hist_buy_days_1,slice_shape_only,STRONGEST,16516,0.7007750060547348,1.0711614514625496,0.25353974573828725,1.7243629068938295,-2.753374611809543e-17,0.6222980945653528,-0.06550818242989456,0.0,
2025-10-02,hist_buy_days_1,slice_shape_only,CAP,16516,0.7007750060547348,1.0711614514625496,0.25723517183836986,1.7368840284379925,9.464725228095304e-17,0.6022318546076251,-0.0664481863555425,0.01252112154416296,-0.022778535436392237
2025-10-02,hist_buy_days_1,slice_shape_only,UNC,16516,0.7007750060547348,1.0711614514625496,0.2545799946721529,1.7278967325718013,-2.5812886985714466e-17,0.6163556876144826,-0.05908351085997196,0.0035338256779717803,-0.010448329577206426
2025-10-02,hist_buy_days_1,slice_shape_only,DIST,16516,0.7007750060547348,1.0711614514625496,0.2543106632628202,1.7269824816040544,-8.776381575142918e-17,0.6192714527747725,-0.10589027063861221,0.0026195747102248923,-0.013294487819355341
2025-10-02,hist_buy_days_1,slice_shape_only,ETX-AVG3,16516,0.7007750060547348,1.0711614514625496,0.2536700814392492,1.7248060665481015,3.7858900912381215e-17,0.6214277514799809,-0.10901160994479339,0.0004431596542719962,0.01636625921793438
2025-10-02,hist_buy_days_1,slice_shape_only,SEQ-AVG3,16516,0.7007750060547348,1.0711614514625496,0.25353800125553233,1.7243569746355163,6.711350616285761e-17,0.6218080485314459,0.017571192332825246,-5.932258313245953e-06,0.026817417426909754
2025-10-02,hist_buy_days_1,slice_shape_only,BTYD,16516,0.7007750060547348,1.0711614514625496,0.263207198894797,1.7569302829930913,1.7208591323809643e-18,0.5503827114416641,0.38137753704154986,0.03256737609926175,0.02325600986898938
2025-10-02,hist_buy_days_1,slice_shape_only,FRESH,16516,0.7007750060547348,1.0711614514625496,0.2535156460516453,1.7242809521037472,-4.302147830952411e-17,0.6222981295311776,-0.0534006269259998,-8.195479008232809e-05,0.01367567064747062
2025-10-02,hist_buy_days_1,slice_shape_only,ZERO2D,16516,0.7007750060547348,1.0711614514625496,0.25354794550893656,1.7243907906206835,-4.1300619177143146e-17,0.6223203328298954,-0.05602865176502071,2.7883726853916713e-05,-0.002785759573874706
2025-10-02,hist_buy_days_1,slice_shape_only,BTYD05,16516,0.7007750060547348,1.0711614514625496,0.2534407345120684,1.7240261787076356,-5.678835136857183e-17,0.6225313166164522,-0.0431638964563223,-0.000336728186193902,0.023256009868989333
2025-10-02,hist_buy_days_1,slice_shape_only,SEQ_SLOT_25,16516,0.7007750060547348,1.0711614514625496,0.2535131973974374,1.7242726248504394,-2.5812886985714466e-17,0.6225395335852691,-0.05126761717366246,-9.028204339012191e-05,0.010770634225723129
2025-10-02,hist_buy_days_1,slice_shape_only,SEQ_SLOT_50,16516,0.7007750060547348,1.0711614514625496,0.25353974573828725,1.7243629068938295,-4.302147830952411e-17,0.6222980945653528,-0.06550818242989455,0.0,0.010255559866113026
2025-10-02,hist_buy_days_1,slice_shape_only,SEQ_SLOT_75,16516,0.7007750060547348,1.0711614514625496,0.2535941346885885,1.7245478507948115,-5.506749223619086e-17,0.6219252539760164,-0.07974874768612666,0.0001849439009820042,-0.01077063422572298
2025-10-02,hist_buy_days_1,slice_shape_only,BTYD05_FRESH1,16516,0.7007750060547348,1.0711614514625496,0.25342653126521536,1.7239778693612238,-1.548773219142868e-17,0.6224747244290901,-0.03105634095242752,-0.0003850375326057698,0.02344479720399819
2025-10-02,hist_buy_days_2_3,fixed_fold,STRONGEST,27883,0.5638561130437901,1.5992399547481921,0.5353402534862868,1.9284273608755393,0.011369547029520257,0.6191172581585477,-0.02097755276250928,0.0,
2025-10-02,hist_buy_days_2_3,fixed_fold,CAP,27883,0.5638561130437901,1.5992399547481921,0.5422757090583765,1.9408787719559848,-0.004794691504233217,0.6061513915707171,-0.06234947720770449,0.012451411080445451,-0.016093817795731605
2025-10-02,hist_buy_days_2_3,fixed_fold,UNC,27883,0.5638561130437901,1.5992399547481921,0.5381970533800846,1.933565962756793,0.012476256188874699,0.6125344034450397,-0.03186661453415559,0.0051386018812535905,-0.011783075961728005
2025-10-02,hist_buy_days_2_3,fixed_fold,DIST,27883,0.5638561130437901,1.5992399547481921,0.5366753962990303,1.93083061989266,0.0178719838408821,0.6189824927756309,-0.03615573527977523,0.0024032590171205737,-0.004090424864015648
2025-10-02,hist_buy_days_2_3,fixed_fold,ETX-AVG3,27883,0.5638561130437901,1.5992399547481921,0.5355558853073775,1.9288157012216147,0.013644758585849846,0.6179156644494321,-0.06216330599506895,0.0003883403460753776,0.019246401253497098
2025-10-02,hist_buy_days_2_3,fixed_fold,SEQ-AVG3,27883,0.5638561130437901,1.5992399547481921,0.5361181452562434,1.9298279310876092,0.008046215617605015,0.6173271586957169,0.06511598110113727,0.0014005702120698516,0.012575789440336422
2025-10-02,hist_buy_days_2_3,fixed_fold,BTYD,27883,0.5638561130437901,1.5992399547481921,0.5655643273225759,1.9821172401229137,-0.14478408003058127,0.5572563515989588,0.2645944304573571,0.05368987924737434,0.01671723242257638
2025-10-02,hist_buy_days_2_3,fixed_fold,FRESH,27883,0.5638561130437901,1.5992399547481921,0.5353044464309,1.9283628668835782,0.0018288819270363757,0.6188805367865797,-0.020977552762509278,-6.449399196117866e-05,0.0057614958056559085
2025-10-02,hist_buy_days_2_3,fixed_fold,ZERO2D,27883,0.5638561130437901,1.5992399547481921,0.535354310733138,1.928452679540926,0.011050167458198088,0.6191204643052781,-0.017441581732531592,2.531866538668659e-05,-0.0052869803554764115
2025-10-02,hist_buy_days_2_3,fixed_fold,BTYD05,27883,0.5638561130437901,1.5992399547481921,0.5351850701224796,1.9281478362805504,0.0035618656765152366,0.6191685669667448,-0.006698953601515847,-0.00027952459498892246,0.016717232422576365
2025-10-02,hist_buy_days_2_3,fixed_fold,SEQ_SLOT_25,27883,0.5638561130437901,1.5992399547481921,0.535394536549619,1.928525128874839,0.010739710945592784,0.619126677849023,-0.006658632964186069,9.77679992997249e-05,-0.0036478509668630412
2025-10-02,hist_buy_days_2_3,fixed_fold,SEQ_SLOT_50,27883,0.5638561130437901,1.5992399547481921,0.5353402534862868,1.9284273608755393,0.011369547029520241,0.6191172581585477,-0.02097755276250925,0.0,0.0025676973607762924
2025-10-02,hist_buy_days_2_3,fixed_fold,SEQ_SLOT_75,27883,0.5638561130437901,1.5992399547481921,0.5353421403099586,1.9284307592741876,0.01199938311344785,0.6190182808001049,-0.035296472560832445,3.398398648268852e-06,0.003647850966862937
2025-10-02,hist_buy_days_2_3,fixed_fold,BTYD05_FRESH1,27883,0.5638561130437901,1.5992399547481921,0.5351924542495899,1.9281611378844208,-0.005978799425968564,0.6188648303287798,-0.006698953601515843,-0.00026622299111855874,0.015883892001189417
2025-10-02,hist_buy_days_2_3,slice_shape_only,STRONGEST,27883,0.5638561130437901,1.5992399547481921,0.5353216450596023,1.9283938445176962,-1.5289805309904246e-17,0.6191172581585477,-0.03234709979202959,0.0,
2025-10-02,hist_buy_days_2_3,slice_shape_only,CAP,27883,0.5638561130437901,1.5992399547481921,0.542272399693375,1.9408728496124497,-2.7521649557827646e-17,0.6061513915707171,-0.0575547857034713,0.012479005094753415,-0.016093817795731605
2025-10-02,hist_buy_days_2_3,slice_shape_only,UNC,27883,0.5638561130437901,1.5992399547481921,0.5381746459577977,1.9335257110685424,7.339106548754038e-17,0.6125344034450397,-0.044342870723030274,0.005131866550846187,-0.011783075961728005
2025-10-02,hist_buy_days_2_3,slice_shape_only,DIST,27883,0.5638561130437901,1.5992399547481921,0.5366294163106667,1.9307479055818406,2.2425047787859562e-17,0.6189824927756309,-0.054027719120657375,0.002354061064144375,-0.004090424864015648
2025-10-02,hist_buy_days_2_3,slice_shape_only,ETX-AVG3,27883,0.5638561130437901,1.5992399547481921,0.5355290840577873,1.9287674379878368,6.21785415936106e-17,0.6179156644494321,-0.07580806458091888,0.000373593470140543,0.019246401253497098
2025-10-02,hist_buy_days_2_3,slice_shape_only,SEQ-AVG3,27883,0.5638561130437901,1.5992399547481921,0.5361088254547219,1.9298111570876868,-1.0193203539936165e-17,0.6173271586957169,0.05706976548353218,0.0014173125699905587,0.012575789440336422
2025-10-02,hist_buy_days_2_3,slice_shape_only,BTYD,27883,0.5638561130437901,1.5992399547481921,0.5625467045208458,1.9768222792558199,4.077281415974466e-17,0.5572563515989588,0.4093785104879384,0.04842843473812364,0.01671723242257638
2025-10-02,hist_buy_days_2_3,slice_shape_only,FRESH,27883,0.5638561130437901,1.5992399547481921,0.5353039649327007,1.928361999616864,-7.746834690351485e-17,0.6188805367865797,-0.022806434689545713,-3.184490083230074e-05,0.0057614958056559085
2025-10-02,hist_buy_days_2_3,slice_shape_only,ZERO2D,27883,0.5638561130437901,1.5992399547481921,0.5353367330735387,1.9284210201685013,-5.0966017699680825e-17,0.6191204643052781,-0.028491749190729658,2.7175650805011387e-05,-0.0052869803554764115
2025-10-02,hist_buy_days_2_3,slice_shape_only,BTYD05,27883,0.5638561130437901,1.5992399547481921,0.5351832437960423,1.928144546362194,3.363757168178934e-17,0.6191685669667448,-0.010260819278031123,-0.0002492981555022311,0.016717232422576365
2025-10-02,hist_buy_days_2_3,slice_shape_only,SEQ_SLOT_25,27883,0.5638561130437901,1.5992399547481921,0.5353779327105188,1.92849522460143,-5.4023978761661675e-17,0.619126677849023,-0.01739834390977884,0.00010138008373372642,-0.0036478509668630412
2025-10-02,hist_buy_days_2_3,slice_shape_only,SEQ_SLOT_50,27883,0.5638561130437901,1.5992399547481921,0.5353216450596023,1.9283938445176962,-3.771485309776381e-17,0.6191172581585477,-0.03234709979202958,0.0,0.0025676973607762924
2025-10-02,hist_buy_days_2_3,slice_shape_only,SEQ_SLOT_75,27883,0.5638561130437901,1.5992399547481921,0.5353214130845667,1.9283934266948008,-9.071951150543187e-17,0.6190182808001049,-0.0472958556742803,-4.1782289539327166e-07,0.003647850966862937
2025-10-02,hist_buy_days_2_3,slice_shape_only,BTYD05_FRESH1,27883,0.5638561130437901,1.5992399547481921,0.5351873084685891,1.928151868397603,-3.057961061980849e-17,0.6188648303287798,-0.0007201541755472447,-0.00024197612009313474,0.015883892001189417
2025-10-02,hist_buy_days_4_10,fixed_fold,STRONGEST,59646,0.3408778459578178,2.5932531191207575,1.2341322891967006,2.001927195844742,-0.0029873146056502865,0.6551241956148377,-0.02097755276250928,0.0,
2025-10-02,hist_buy_days_4_10,fixed_fold,CAP,59646,0.3408778459578178,2.5932531191207575,1.253186678715888,2.0173223807035097,0.01502730667762683,0.643222266193369,-0.06234947720770449,0.015395184858767674,-0.02899488668883361
2025-10-02,hist_buy_days_4_10,fixed_fold,UNC,59646,0.3408778459578178,2.5932531191207575,1.239803110584881,2.0065213387525676,-0.0006139848318255227,0.6496224039493524,-0.03186661453415559,0.00459414290782556,-0.004365101442620416
2025-10-02,hist_buy_days_4_10,fixed_fold,DIST,59646,0.3408778459578178,2.5932531191207575,1.2378595438099722,2.0049479688568734,-0.011254026600262482,0.655544784801426,-0.03615573527977523,0.003020773012131439,-0.010265459200069443
2025-10-02,hist_buy_days_4_10,fixed_fold,ETX-AVG3,59646,0.3408778459578178,2.5932531191207575,1.2354869414964664,2.003025607872531,0.0013473698730898204,0.6542380647202414,-0.06216330599506895,0.001098412027789042,0.014669863873182257
2025-10-02,hist_buy_days_4_10,fixed_fold,SEQ-AVG3,59646,0.3408778459578178,2.5932531191207575,1.2351569042292947,2.002758054558237,-0.008276442953769876,0.6541860481775534,0.06511598110113727,0.0008308587134950862,0.022085535395338373
2025-10-02,hist_buy_days_4_10,fixed_fold,BTYD,59646,0.3408778459578178,2.5932531191207575,1.3104850167195823,2.062925060846221,-0.0500055974056613,0.6077950454464838,0.2645944304573571,0.06099786500147886,0.01674972257722439
2025-10-02,hist_buy_days_4_10,fixed_fold,FRESH,59646,0.3408778459578178,2.5932531191207575,1.23369283966958,2.0015707412344366,-0.003056574676393806,0.6552637114423038,-0.020977552762509278,-0.00035645461030542336,0.024688796759685112
2025-10-02,hist_buy_days_4_10,fixed_fold,ZERO2D,59646,0.3408778459578178,2.5932531191207575,1.2341203855267395,2.0019175411511987,0.0001513786821548353,0.6551249862747937,-0.017441581732531592,-9.65469354330395e-06,0.0055851001946428365
2025-10-02,hist_buy_days_4_10,fixed_fold,BTYD05,59646,0.3408778459578178,2.5932531191207575,1.233807281692153,2.001663575724767,-0.005338228745650965,0.6551324562599156,-0.006698953601515847,-0.0002636201199748278,0.016749722577224308
2025-10-02,hist_buy_days_4_10,fixed_fold,SEQ_SLOT_25,59646,0.3408778459578178,2.5932531191207575,1.2340679662734133,2.0018750249840958,-0.0040699935486720505,0.6551145312981292,-0.006658632964186069,-5.217086064623899e-05,0.007392925877282732
2025-10-02,hist_buy_days_4_10,fixed_fold,SEQ_SLOT_50,59646,0.3408778459578178,2.5932531191207575,1.2341322891967006,2.001927195844742,-0.002987314605650321,0.6551241956148378,-0.02097755276250925,0.0,0.0060470786771071984
2025-10-02,hist_buy_days_4_10,fixed_fold,SEQ_SLOT_75,59646,0.3408778459578178,2.5932531191207575,1.2343627280647624,2.002114088412233,-0.0019046356626285376,0.6550318429039534,-0.035296472560832445,0.00018689256749082617,-0.007392925877282613
2025-10-02,hist_buy_days_4_10,fixed_fold,BTYD05_FRESH1,59646,0.3408778459578178,2.5932531191207575,1.2334086145466143,2.001340161368063,-0.005407488816394127,0.6552306244499222,-0.006698953601515843,-0.0005870344766791824,0.025955159898978775
2025-10-02,hist_buy_days_4_10,slice_shape_only,STRONGEST,59646,0.3408778459578178,2.5932531191207575,1.2341295411311952,2.001924966979092,1.5653240029319178e-16,0.6551241956148377,-0.017990238156859045,0.0,
2025-10-02,hist_buy_days_4_10,slice_shape_only,CAP,59646,0.3408778459578178,2.5932531191207575,1.2531171398737033,2.017266409709261,6.456663695503039e-17,0.643222266193369,-0.07737678388533145,0.015341442730168797,-0.02899488668883361
2025-10-02,hist_buy_days_4_10,slice_shape_only,UNC,59646,0.3408778459578178,2.5932531191207575,1.239802994498722,2.006521244814522,-4.407685548590636e-17,0.6496224039493524,-0.03125262970233004,0.00459627783543004,-0.004365101442620416
2025-10-02,hist_buy_days_4_10,slice_shape_only,DIST,59646,0.3408778459578178,2.5932531191207575,1.2378205423350654,2.0049163834705386,5.0033187308326135e-17,0.655544784801426,-0.02490170867951278,0.002991416491446408,-0.010265459200069443
2025-10-02,hist_buy_days_4_10,slice_shape_only,ETX-AVG3,59646,0.3408778459578178,2.5932531191207575,1.2354863824616955,2.003025154706637,-1.477170291960105e-17,0.6542380647202414,-0.06351067586815871,0.0011001877275447214,0.014669863873182257
2025-10-02,hist_buy_days_4_10,slice_shape_only,SEQ-AVG3,59646,0.3408778459578178,2.5932531191207575,1.235135810536913,2.0027409531913825,-2.070420941473115e-16,0.6541860481775534,0.07339242405490709,0.0008159862122902872,0.022085535395338373
2025-10-02,hist_buy_days_4_10,slice_shape_only,BTYD,59646,0.3408778459578178,2.5932531191207575,1.3097149960263519,2.062318900387495,9.291877642974854e-17,0.6077950454464838,0.3146000278630184,0.06039393340840293,0.01674972257722439
2025-10-02,hist_buy_days_4_10,slice_shape_only,FRESH,59646,0.3408778459578178,2.5932531191207575,1.233689962700611,2.0015684074038087,1.1674410371942765e-16,0.6552637114423038,-0.017920978086115532,-0.00035655957528346605,0.024688796759685112
2025-10-02,hist_buy_days_4_10,slice_shape_only,ZERO2D,59646,0.3408778459578178,2.5932531191207575,1.234120378470154,2.00191753542781,1.7868995467259334e-17,0.6551249862747937,-0.01759296041468653,-7.4315512823552865e-06,0.0055851001946428365
2025-10-02,hist_buy_days_4_10,slice_shape_only,BTYD05,59646,0.3408778459578178,2.5932531191207575,1.2337985064418018,2.0016564574614493,-7.469240105314402e-17,0.6551324562599156,-0.0013607248558650635,-0.0002685095176429009,0.016749722577224308
2025-10-02,hist_buy_days_4_10,slice_shape_only,SEQ_SLOT_25,59646,0.3408778459578178,2.5932531191207575,1.2340628653054266,2.00187088764675,-4.169432275693845e-18,0.6551145312981292,-0.0025886394155141277,-5.407933234202744e-05,0.007392925877282732
2025-10-02,hist_buy_days_4_10,slice_shape_only,SEQ_SLOT_50,59646,0.3408778459578178,2.5932531191207575,1.2341295411311952,2.001924966979092,1.210326626315699e-16,0.6551241956148378,-0.017990238156859018,0.0,0.0060470786771071984
2025-10-02,hist_buy_days_4_10,slice_shape_only,SEQ_SLOT_75,59646,0.3408778459578178,2.5932531191207575,1.234361610972664,2.002113182460407,-1.0578445316617526e-16,0.6550318429039534,-0.033391836898203915,0.00018821548131464638,-0.007392925877282613
2025-10-02,hist_buy_days_4_10,slice_shape_only,BTYD05_FRESH1,59646,0.3408778459578178,2.5932531191207575,1.233399610112678,2.001332856016071,-7.00464622316566e-17,0.6552306244499222,-0.0012914647851215428,-0.0005921109630211419,0.025955159898978775
2025-10-02,hist_buy_days_11plus,fixed_fold,STRONGEST,64147,0.087486554320545,4.380537325796179,0.8142597824353799,1.5680192903702062,-0.026188337312278202,0.7436221717596084,-0.02097755276250928,0.0,
2025-10-02,hist_buy_days_11plus,fixed_fold,CAP,64147,0.087486554320545,4.380537325796179,0.8263248979865826,1.5795934643635965,-0.014919709438695026,0.7373497032344936,-0.06234947720770449,0.011574173993390335,-0.015283889535597497
2025-10-02,hist_buy_days_11plus,fixed_fold,UNC,64147,0.087486554320545,4.380537325796179,0.8188838827642794,1.5724653000024094,-0.02005929879221755,0.7386968710534437,-0.03186661453415559,0.004446009632203207,-0.010083707711812422
2025-10-02,hist_buy_days_11plus,fixed_fold,DIST,64147,0.087486554320545,4.380537325796179,0.8179724900079401,1.5715900034587245,-0.05041020322633386,0.7457186917367822,-0.03615573527977523,0.003570713088518307,-0.0026721858066484556
2025-10-02,hist_buy_days_11plus,fixed_fold,ETX-AVG3,64147,0.087486554320545,4.380537325796179,0.8160768890130159,1.56976791555962,-0.030260402090977627,0.7427481645117198,-0.06216330599506895,0.0017486251894138771,0.011923473856287656
2025-10-02,hist_buy_days_11plus,fixed_fold,SEQ-AVG3,64147,0.087486554320545,4.380537325796179,0.8177386830795635,1.5713653779992889,-0.0056829560848130605,0.7394598427596699,0.06511598110113727,0.003346087629082728,0.010172161609574659
2025-10-02,hist_buy_days_11plus,fixed_fold,BTYD,64147,0.087486554320545,4.380537325796179,0.8803838182574474,1.6304441788644986,0.13552389374185483,0.7017172746218993,0.2645944304573571,0.062424888494292397,0.009546196191615869
2025-10-02,hist_buy_days_11plus,fixed_fold,FRESH,64147,0.087486554320545,4.380537325796179,0.814235544723385,1.5679959529270415,-0.01432015092701833,0.7452771584106858,-0.020977552762509278,-2.333744316462827e-05,0.007360568533304923
2025-10-02,hist_buy_days_11plus,fixed_fold,ZERO2D,64147,0.087486554320545,4.380537325796179,0.8142017250091939,1.5679633888084736,-0.02265608270177164,0.7436221717596084,-0.017441581732531592,-5.59015617325187e-05,0.005712404118436064
2025-10-02,hist_buy_days_11plus,fixed_fold,BTYD05,64147,0.087486554320545,4.380537325796179,0.8140838092423568,1.5678498455094363,-0.018102725759572044,0.7432145061763158,-0.006698953601515847,-0.00016944486076986287,0.009546196191615881
2025-10-02,hist_buy_days_11plus,fixed_fold,SEQ_SLOT_25,64147,0.087486554320545,4.380537325796179,0.8142961911041183,1.5680543460477625,-0.023423374636584844,0.7432863817122773,-0.006658632964186069,3.505567755635042e-05,0.0008740193889803587
2025-10-02,hist_buy_days_11plus,fixed_fold,SEQ_SLOT_50,64147,0.087486554320545,4.380537325796179,0.8142597824353799,1.5680192903702062,-0.026188337312278254,0.7436221702375311,-0.02097755276250925,0.0,-0.006652914362191588
2025-10-02,hist_buy_days_11plus,fixed_fold,SEQ_SLOT_75,64147,0.087486554320545,4.380537325796179,0.81442324356971,1.5681766709477722,-0.028953299987971654,0.7438554453321267,-0.035296472560832445,0.0001573805775660908,-0.0008740193889804576
2025-10-02,hist_buy_days_11plus,fixed_fold,BTYD05_FRESH1,64147,0.087486554320545,4.380537325796179,0.8140807495086864,1.56784689912516,-0.006234539374312013,0.7448804228647432,-0.006698953601515843,-0.00017239124504619951,0.011783282247348622
2025-10-02,hist_buy_days_11plus,slice_shape_only,STRONGEST,64147,0.087486554320545,4.380537325796179,0.8140326516332886,1.567800582332429,-4.829479676234332e-17,0.7436221717596084,0.005210784549769135,0.0,
2025-10-02,hist_buy_days_11plus,slice_shape_only,CAP,64147,0.087486554320545,4.380537325796179,0.8262511787357574,1.5795230023429394,2.2020655037508834e-16,0.7373497032344936,-0.047429767769009645,0.011722420010510382,-0.015283889535597497
2025-10-02,hist_buy_days_11plus,slice_shape_only,UNC,64147,0.087486554320545,4.380537325796179,0.8187506252594106,1.5723373506482736,-9.193734246042421e-17,0.7386968710534437,-0.011807315741938239,0.004536768315844597,-0.010083707711812422
2025-10-02,hist_buy_days_11plus,slice_shape_only,DIST,64147,0.087486554320545,4.380537325796179,0.8171309067661303,1.5707813184469928,-2.029267607078279e-16,0.7457186917367822,0.014254467946558358,0.0029807361145637312,-0.0026721858066484556
2025-10-02,hist_buy_days_11plus,slice_shape_only,ETX-AVG3,64147,0.087486554320545,4.380537325796179,0.8157736328949343,1.5694762237083066,-2.124527986013176e-16,0.7427481645117198,-0.03190290390409146,0.0016756413758776123,0.011923473856287656
2025-10-02,hist_buy_days_11plus,slice_shape_only,SEQ-AVG3,64147,0.087486554320545,4.380537325796179,0.8177279873901684,1.571355101555656,2.2508033720431564e-16,0.7394598427596699,0.0707989371859506,0.003554519223226915,0.010172161609574659
2025-10-02,hist_buy_days_11plus,slice_shape_only,BTYD,64147,0.087486554320545,4.380537325796179,0.8743011809104673,1.6248019862796126,-2.454616275810844e-16,0.7017172746218993,0.12907053671550225,0.05700140394718356,0.009546196191615869
2025-10-02,hist_buy_days_11plus,slice_shape_only,FRESH,64147,0.087486554320545,4.380537325796179,0.8141676313391145,1.5679305602203841,-6.180847842520085e-17,0.7452771584106858,-0.006657401835490733,0.00012997788795510168,0.007360568533304923
2025-10-02,hist_buy_days_11plus,slice_shape_only,ZERO2D,64147,0.087486554320545,4.380537325796179,0.8140317324841019,1.567799697206363,-8.551280527644275e-17,0.7436221717596084,0.005214500969240171,-8.851260659969995e-07,0.005712404118436064
2025-10-02,hist_buy_days_11plus,slice_shape_only,BTYD05,64147,0.087486554320545,4.380537325796179,0.813975279661207,1.5677453330767843,6.756840831428766e-17,0.7432145061763158,0.011403772158055981,-5.524925564470706e-05,0.009546196191615881
2025-10-02,hist_buy_days_11plus,slice_shape_only,SEQ_SLOT_25,64147,0.087486554320545,4.380537325796179,0.8141144893534813,1.5678793887540936,2.2020655037508834e-16,0.7432863817122773,0.01676474167239889,7.880642166457896e-05,0.0008740193889803587
2025-10-02,hist_buy_days_11plus,slice_shape_only,SEQ_SLOT_50,64147,0.087486554320545,4.380537325796179,0.8140326516332886,1.567800582332429,-9.348809281517835e-17,0.7436221702375311,0.005210784549769182,0.0,-0.006652914362191588
2025-10-02,hist_buy_days_11plus,slice_shape_only,SEQ_SLOT_75,64147,0.087486554320545,4.380537325796179,0.8141456200073454,1.5679093652774208,1.572903931250631e-16,0.7438554453321267,-0.006343172572860535,0.00010878294499172547,-0.0008740193889804576
2025-10-02,hist_buy_days_11plus,slice_shape_only,BTYD05_FRESH1,64147,0.087486554320545,4.380537325796179,0.8140678768300738,1.5678345032608416,5.915004924562233e-17,0.7448804228647432,-0.00046441422720389157,3.3920928412589646e-05,0.011783282247348622
2025-10-02,actual_target_zero,fixed_fold,STRONGEST,75072,1.0,0.0,1.3423542921884313,1.8610269778788044,1.547692031326134,,-0.02097755276250928,0.0,
2025-10-02,actual_target_zero,fixed_fold,CAP,75072,1.0,0.0,1.35690241647389,1.8710844903077395,1.5479010610448076,,-0.06234947720770449,0.010057512428935045,-0.009418103562774904
2025-10-02,actual_target_zero,fixed_fold,UNC,75072,1.0,0.0,1.3528158403988824,1.8682647978936948,1.5470510474453742,,-0.03186661453415559,0.007237820014890373,-0.07875501946405197
2025-10-02,actual_target_zero,fixed_fold,DIST,75072,1.0,0.0,1.3463723492133737,1.8638101943449643,1.563979035793125,,-0.03615573527977523,0.0027832164661598657,0.2700267761039653
2025-10-02,actual_target_zero,fixed_fold,ETX-AVG3,75072,1.0,0.0,1.3458774626352026,1.8634676221638893,1.543351574802089,,-0.06216330599506895,0.0024406442850848364,-0.0826431754496589
2025-10-02,actual_target_zero,fixed_fold,SEQ-AVG3,75072,1.0,0.0,1.3389998737187458,1.858700256780423,1.534393229493821,,0.06511598110113727,-0.002326721098381501,-0.09422447930125559
2025-10-02,actual_target_zero,fixed_fold,BTYD,75072,1.0,0.0,1.3648051586108438,1.8765252761417128,1.525108111708646,,0.2645944304573571,0.015498298262908383,0.048542713049254026
2025-10-02,actual_target_zero,fixed_fold,FRESH,75072,1.0,0.0,1.338369919206507,1.8582629772907306,1.5405322584106986,,-0.020977552762509278,-0.0027640005880738006,-0.4217005533324113
2025-10-02,actual_target_zero,fixed_fold,ZERO2D,75072,1.0,0.0,1.3427220094020778,1.861281860214901,1.5439641235806918,,-0.017441581732531592,0.0002548823360966068,-0.8298891120480154
2025-10-02,actual_target_zero,fixed_fold,BTYD05,75072,1.0,0.0,1.3403651815140543,1.8596476248272031,1.5465628353452598,,-0.006698953601515847,-0.0013793530516013064,0.04854271304925623
2025-10-02,actual_target_zero,fixed_fold,SEQ_SLOT_25,75072,1.0,0.0,1.3414927624437982,1.8604296737820922,1.5466842174789541,,-0.006658632964186069,-0.0005973040967122145,-0.021629015022169146
2025-10-02,actual_target_zero,fixed_fold,SEQ_SLOT_50,75072,1.0,0.0,1.3423542921884313,1.8610269778788044,1.547692031326134,,-0.02097755276250925,0.0,0.08680375993773262
2025-10-02,actual_target_zero,fixed_fold,SEQ_SLOT_75,75072,1.0,0.0,1.3433910585647781,1.861745520590962,1.5486998451733143,,-0.035296472560832445,0.0007185427121576549,0.021629015022170565
2025-10-02,actual_target_zero,fixed_fold,BTYD05_FRESH1,75072,1.0,0.0,1.336439080993432,1.8569220549738679,1.5394030624298247,,-0.006698953601515843,-0.004104922904936581,-0.1712848458495179
2025-10-02,actual_target_zero,slice_shape_only,STRONGEST,75072,1.0,0.0,0.0,0.0,0.0,,-6.755603563785554,0.0,
2025-10-02,actual_target_zero,slice_shape_only,CAP,75072,1.0,0.0,0.0,0.0,0.0,,-6.625030040740967,0.0,-0.009418103562774904
2025-10-02,actual_target_zero,slice_shape_only,UNC,75072,1.0,0.0,0.0,0.0,0.0,,-6.859711170196533,0.0,-0.07875501946405197
2025-10-02,actual_target_zero,slice_shape_only,DIST,75072,1.0,0.0,0.0,0.0,0.0,,-6.519008159637451,0.0,0.2700267761039653
2025-10-02,actual_target_zero,slice_shape_only,ETX-AVG3,75072,1.0,0.0,0.0,0.0,0.0,,-6.802083492279053,0.0,-0.0826431754496589
2025-10-02,actual_target_zero,slice_shape_only,SEQ-AVG3,75072,1.0,0.0,0.0,0.0,0.0,,-6.9375,0.0,-0.09422447930125559
2025-10-02,actual_target_zero,slice_shape_only,BTYD,75072,1.0,0.0,0.0,0.0,0.0,,-6.862093437577608,0.0,0.048542713049254026
2025-10-02,actual_target_zero,slice_shape_only,FRESH,75072,1.0,0.0,0.0,0.0,0.0,,-6.620774918606694,0.0,-0.4217005533324113
2025-10-02,actual_target_zero,slice_shape_only,ZERO2D,75072,1.0,0.0,0.0,0.0,0.0,,-6.755603563785554,0.0,-0.8298891120480154
2025-10-02,actual_target_zero,slice_shape_only,BTYD05,75072,1.0,0.0,0.0,0.0,0.0,,-6.760928057475157,0.0,0.04854271304925623
2025-10-02,actual_target_zero,slice_shape_only,SEQ_SLOT_25,75072,1.0,0.0,0.0,0.0,0.0,,-6.77083792090416,0.0,-0.021629015022169146
2025-10-02,actual_target_zero,slice_shape_only,SEQ_SLOT_50,75072,1.0,0.0,0.0,0.0,0.0,,-6.755603563785554,0.0,0.08680375993773262
2025-10-02,actual_target_zero,slice_shape_only,SEQ_SLOT_75,75072,1.0,0.0,0.0,0.0,0.0,,-6.740369206666947,0.0,0.021629015022170565
2025-10-02,actual_target_zero,slice_shape_only,BTYD05_FRESH1,75072,1.0,0.0,0.0,0.0,0.0,,-6.626099412296297,0.0,-0.1712848458495179
2025-10-02,actual_target_positive,fixed_fold,STRONGEST,118622,0.0,4.306818224913102,1.715349870715839,1.6736005888133862,-0.9794838746245681,,-0.02097755276250928,0.0,
2025-10-02,actual_target_positive,fixed_fold,CAP,118622,0.0,4.306818224913102,1.7458158458834938,1.6883974145261764,-0.9796713961381824,,-0.06234947720770449,0.014796825712790174,-0.030704205680590832
2025-10-02,actual_target_positive,fixed_fold,UNC,118622,0.0,4.306818224913102,1.7197377465856996,1.6757397621530856,-0.9790901319318628,,-0.03186661453415559,0.002139173339699374,0.015148455984714204
2025-10-02,actual_target_positive,fixed_fold,DIST,118622,0.0,4.306818224913102,1.7225427273828087,1.6771058142644426,-0.9897913892453466,,-0.03615573527977523,0.0035052254510563596,0.06815565208320719
2025-10-02,actual_target_positive,fixed_fold,ETX-AVG3,118622,0.0,4.306818224913102,1.715814302839632,1.6738271377187666,-0.976736941069468,,-0.06216330599506895,0.00022654890538031935,0.01099360394957606
2025-10-02,actual_target_positive,fixed_fold,SEQ-AVG3,118622,0.0,4.306818224913102,1.725303408906134,1.6784492066121899,-0.9710674961184276,,0.06511598110113727,0.004848617798803634,-0.05928842859444704
2025-10-02,actual_target_positive,fixed_fold,BTYD,118622,0.0,4.306818224913102,1.881083583538991,1.7525866917802289,-0.9651912475105079,,0.2645944304573571,0.07898610296684261,-0.03946432543159231
2025-10-02,actual_target_positive,fixed_fold,FRESH,118622,0.0,4.306818224913102,1.7186554879357527,1.6752123941647261,-0.9749526875571815,,-0.020977552762509278,0.0016118053513398678,-0.17238525268819593
2025-10-02,actual_target_positive,fixed_fold,ZERO2D,118622,0.0,4.306818224913102,1.7148256024901456,1.6733448151434416,-0.9771246032392783,,-0.017441581732531592,-0.00025577366994467,-0.3882547277176131
2025-10-02,actual_target_positive,fixed_fold,BTYD05,118622,0.0,4.306818224913102,1.71649309673846,1.6741581966502648,-0.9787692432688656,,-0.006698953601515847,0.0005576078368785264,-0.03946432543159097
2025-10-02,actual_target_positive,fixed_fold,SEQ_SLOT_25,118622,0.0,4.306818224913102,1.7162469203287696,1.6740381399390019,-0.9788460620675763,,-0.006658632964186069,0.0004375511256156095,-0.05466206342968457
2025-10-02,actual_target_positive,fixed_fold,SEQ_SLOT_50,118622,0.0,4.306818224913102,1.715349870715839,1.6736005888133862,-0.9794838746245681,,-0.02097755276250925,0.0,0.032927612490837393
2025-10-02,actual_target_positive,fixed_fold,SEQ_SLOT_75,118622,0.0,4.306818224913102,1.714785372570327,1.6733251866393903,-0.9801216871815602,,-0.035296472560832445,-0.00027540217399590894,0.05466206342968555
2025-10-02,actual_target_positive,fixed_fold,BTYD05_FRESH1,118622,0.0,4.306818224913102,1.7198803871983592,1.675809256350838,-0.9742380562014785,,-0.006698953601515843,0.0022086675374517473,-0.14982425865449414
2025-10-02,actual_target_positive,slice_shape_only,STRONGEST,118622,0.0,4.306818224913102,1.1278014608344191,1.3570373134984004,-1.514265512300866e-16,,0.958506321862059,0.0,
2025-10-02,actual_target_positive,slice_shape_only,CAP,118622,0.0,4.306818224913102,1.158043486323061,1.375111445880963,-2.615222795374043e-16,,0.9173230089698221,0.018074132382562613,-0.030704205680590832
2025-10-02,actual_target_positive,slice_shape_only,UNC,118622,0.0,4.306818224913102,1.132661767040446,1.3599582735948452,-1.48790962521968e-16,,0.947223786037711,0.0029209600964448246,0.015148455984714204
2025-10-02,actual_target_positive,slice_shape_only,DIST,118622,0.0,4.306818224913102,1.122563220382762,1.3538821654838968,2.407969683326535e-16,,0.9536356539655713,-0.0031551480145035615,0.06815565208320719
2025-10-02,actual_target_positive,slice_shape_only,ETX-AVG3,118622,0.0,4.306818224913102,1.1315567961319153,1.3592947564505855,1.1165312163484235e-16,,0.914573635074399,0.002257442952185107,0.01099360394957606
2025-10-02,actual_target_positive,slice_shape_only,SEQ-AVG3,118622,0.0,4.306818224913102,1.1478088333740828,1.3690214231922657,-3.0560849065502447e-16,,1.0361834772195648,0.011984109693865319,-0.05928842859444704
2025-10-02,actual_target_positive,slice_shape_only,BTYD,118622,0.0,4.306818224913102,1.3105570799730486,1.4628622518659355,-1.678390809124615e-16,,1.2297856779678649,0.10582493836753515,-0.03946432543159231
2025-10-02,actual_target_positive,slice_shape_only,FRESH,118622,0.0,4.306818224913102,1.1365306155226833,1.3622789077821555,3.258546039128446e-17,,0.9539751347946723,0.005241594283755147,-0.17238525268819593
2025-10-02,actual_target_positive,slice_shape_only,ZERO2D,118622,0.0,4.306818224913102,1.1301042257872536,1.3584220184139835,-5.4628565950094533e-17,,0.9596830215067469,0.0013847049155830682,-0.3882547277176131
2025-10-02,actual_target_positive,slice_shape_only,BTYD05,118622,0.0,4.306818224913102,1.1298017246402499,1.358240198139548,-2.3720298373067362e-17,,0.9720702896673495,0.0012028846411475946,-0.03946432543159097
2025-10-02,actual_target_positive,slice_shape_only,SEQ_SLOT_25,118622,0.0,4.306818224913102,1.129463451558442,1.3580368480807992,-2.324110042613671e-17,,0.9721874291033903,0.0009995345823987645,-0.05466206342968457
2025-10-02,actual_target_positive,slice_shape_only,SEQ_SLOT_50,118622,0.0,4.306818224913102,1.1278014608344191,1.3570373134984006,-3.366365577187843e-17,,0.9585063218620591,2.220446049250313e-16,0.032927612490837393
2025-10-02,actual_target_positive,slice_shape_only,SEQ_SLOT_75,118622,0.0,4.306818224913102,1.1264715233072866,1.3562369477927234,1.693964742399861e-16,,0.944825214620728,-0.0008003657056769864,0.05466206342968555
2025-10-02,actual_target_positive,slice_shape_only,BTYD05_FRESH1,118622,0.0,4.306818224913102,1.1386085863820212,1.3635236974544718,-8.901101864236894e-17,,0.9675391025999626,0.006486383956071373,-0.14982425865449414
2025-10-16,all,fixed_fold,STRONGEST,197379,0.3871384493791133,2.631519129731916,3.032051045971104,1.7412785664479717,6.659796944741767e-17,0.8443152632519227,-0.035387154112119984,0.0,
2025-10-16,all,fixed_fold,CAP,197379,0.3871384493791133,2.631519129731916,3.081235592436717,1.7553448642465437,-1.568527034774183e-05,0.8408097609708586,-0.08443674906610224,0.014066297798571936,-0.022334810705595853
2025-10-16,all,fixed_fold,UNC,197379,0.3871384493791133,2.631519129731916,3.045484559627142,1.7451316740083374,-6.941616351599323e-05,0.842916895982529,-0.06401832568997122,0.0038531075603656095,-0.0058688893174441556
2025-10-16,all,fixed_fold,DIST,197379,0.3871384493791133,2.631519129731916,3.0424592969979503,1.7442646866224032,-1.3031602670251459e-17,0.8443519790079688,-0.047333987708981964,0.0029861201744314503,-0.005564238262431758
2025-10-16,all,fixed_fold,ETX-AVG3,197379,0.3871384493791133,2.631519129731916,3.034456494044428,1.7419691426786033,-1.2441220670825702e-16,0.843754444825368,-0.027656305359862885,0.0006905762306315122,0.019120810243020297
2025-10-16,all,fixed_fold,SEQ-AVG3,197379,0.3871384493791133,2.631519129731916,3.0405718988310895,1.743723572941276,-6.155812311085634e-17,0.84342655609276,0.017331300526512865,0.002445006493304147,0.010695804037086908
2025-10-16,all,fixed_fold,BTYD,197379,0.3871384493791133,2.631519129731916,3.2259597474114363,1.7960956955049574,4.0318770692490704e-18,0.8307021921527031,0.26056693876523807,0.05481712905698566,0.017636400511009058
2025-10-16,all,fixed_fold,FRESH,197379,0.3871384493791133,2.631519129731916,3.0311685540216597,1.7410251445690437,-7.61016796820762e-17,0.8444834750800768,-0.03538715411212004,-0.0002534218789280729,0.01706034607705753
2025-10-16,all,fixed_fold,ZERO2D,197379,0.3871384493791133,2.631519129731916,3.031947454411702,1.7412488203618983,4.831052702618082e-17,0.844317229633259,-0.031006154898439827,-2.9746086073423328e-05,0.006500888900595535
2025-10-16,all,fixed_fold,BTYD05,197379,0.3871384493791133,2.631519129731916,3.0311584068905124,1.7410222304412177,-8.992525820521587e-17,0.8443693365749536,-0.020589449468251964,-0.0002563360067540099,0.01763640051100903
2025-10-16,all,fixed_fold,SEQ_SLOT_25,197379,0.3871384493791133,2.631519129731916,3.03253282912603,1.741416902733527,2.7647157046279338e-17,0.844291381931409,-0.030326048449902696,0.00013833628555515176,-0.00392557049592579
2025-10-16,all,fixed_fold,SEQ_SLOT_50,197379,0.3871384493791133,2.631519129731916,3.032051045971104,1.7412785664479717,4.18307245934591e-17,0.8443152632519226,-0.035387154112119956,0.0,-0.002762720970246501
2025-10-16,all,fixed_fold,SEQ_SLOT_75,197379,0.3871384493791133,2.631519129731916,3.0320911518080966,1.7412900826134905,-6.796592773877004e-17,0.8443043221724513,-0.04044825977433722,1.1516165518754562e-05,0.003925570495925721
2025-10-16,all,fixed_fold,BTYD05_FRESH1,197379,0.3871384493791133,2.631519129731916,3.0306679877331395,1.7408813824419915,-5.788623506564737e-17,0.8445151552836097,-0.020589449468252013,-0.0003971840059802112,0.021566133694840978
2025-10-16,all,slice_shape_only,STRONGEST,197379,0.3871384493791133,2.631519129731916,3.032051045971104,1.7412785664479717,6.659796944741767e-17,0.8443152632519227,-0.035387154112119984,0.0,
2025-10-16,all,slice_shape_only,CAP,197379,0.3871384493791133,2.631519129731916,3.081235592436717,1.7553448642465437,-1.568527034774183e-05,0.8408097609708586,-0.08443674906610224,0.014066297798571936,-0.022334810705595853
2025-10-16,all,slice_shape_only,UNC,197379,0.3871384493791133,2.631519129731916,3.045484559627142,1.7451316740083374,-6.941616351599323e-05,0.842916895982529,-0.06401832568997122,0.0038531075603656095,-0.0058688893174441556
2025-10-16,all,slice_shape_only,DIST,197379,0.3871384493791133,2.631519129731916,3.0424592969979503,1.7442646866224032,-1.3031602670251459e-17,0.8443519790079688,-0.047333987708981964,0.0029861201744314503,-0.005564238262431758
2025-10-16,all,slice_shape_only,ETX-AVG3,197379,0.3871384493791133,2.631519129731916,3.034456494044428,1.7419691426786033,-1.2441220670825702e-16,0.843754444825368,-0.027656305359862885,0.0006905762306315122,0.019120810243020297
2025-10-16,all,slice_shape_only,SEQ-AVG3,197379,0.3871384493791133,2.631519129731916,3.0405718988310895,1.743723572941276,-6.155812311085634e-17,0.84342655609276,0.017331300526512865,0.002445006493304147,0.010695804037086908
2025-10-16,all,slice_shape_only,BTYD,197379,0.3871384493791133,2.631519129731916,3.2259597474114363,1.7960956955049574,4.0318770692490704e-18,0.8307021921527031,0.26056693876523807,0.05481712905698566,0.017636400511009058
2025-10-16,all,slice_shape_only,FRESH,197379,0.3871384493791133,2.631519129731916,3.0311685540216597,1.7410251445690437,-7.61016796820762e-17,0.8444834750800768,-0.03538715411212004,-0.0002534218789280729,0.01706034607705753
2025-10-16,all,slice_shape_only,ZERO2D,197379,0.3871384493791133,2.631519129731916,3.031947454411702,1.7412488203618983,4.831052702618082e-17,0.844317229633259,-0.031006154898439827,-2.9746086073423328e-05,0.006500888900595535
2025-10-16,all,slice_shape_only,BTYD05,197379,0.3871384493791133,2.631519129731916,3.0311584068905124,1.7410222304412177,-8.992525820521587e-17,0.8443693365749536,-0.020589449468251964,-0.0002563360067540099,0.01763640051100903
2025-10-16,all,slice_shape_only,SEQ_SLOT_25,197379,0.3871384493791133,2.631519129731916,3.03253282912603,1.741416902733527,2.7647157046279338e-17,0.844291381931409,-0.030326048449902696,0.00013833628555515176,-0.00392557049592579
2025-10-16,all,slice_shape_only,SEQ_SLOT_50,197379,0.3871384493791133,2.631519129731916,3.032051045971104,1.7412785664479717,4.18307245934591e-17,0.8443152632519226,-0.035387154112119956,0.0,-0.002762720970246501
2025-10-16,all,slice_shape_only,SEQ_SLOT_75,197379,0.3871384493791133,2.631519129731916,3.0320911518080966,1.7412900826134905,-6.796592773877004e-17,0.8443043221724513,-0.04044825977433722,1.1516165518754562e-05,0.003925570495925721
2025-10-16,all,slice_shape_only,BTYD05_FRESH1,197379,0.3871384493791133,2.631519129731916,3.0306679877331395,1.7408813824419915,-5.788623506564737e-17,0.8445151552836097,-0.020589449468252013,-0.0003971840059802112,0.021566133694840978
2025-10-16,future_k_3,fixed_fold,STRONGEST,197379,0.3871384493791133,2.631519129731916,3.032051045971104,1.7412785664479717,6.659796944741767e-17,0.8443152632519227,-0.035387154112119984,0.0,
2025-10-16,future_k_3,fixed_fold,CAP,197379,0.3871384493791133,2.631519129731916,3.081235592436717,1.7553448642465437,-1.568527034774183e-05,0.8408097609708586,-0.08443674906610224,0.014066297798571936,-0.022334810705595853
2025-10-16,future_k_3,fixed_fold,UNC,197379,0.3871384493791133,2.631519129731916,3.045484559627142,1.7451316740083374,-6.941616351599323e-05,0.842916895982529,-0.06401832568997122,0.0038531075603656095,-0.0058688893174441556
2025-10-16,future_k_3,fixed_fold,DIST,197379,0.3871384493791133,2.631519129731916,3.0424592969979503,1.7442646866224032,-1.3031602670251459e-17,0.8443519790079688,-0.047333987708981964,0.0029861201744314503,-0.005564238262431758
2025-10-16,future_k_3,fixed_fold,ETX-AVG3,197379,0.3871384493791133,2.631519129731916,3.034456494044428,1.7419691426786033,-1.2441220670825702e-16,0.843754444825368,-0.027656305359862885,0.0006905762306315122,0.019120810243020297
2025-10-16,future_k_3,fixed_fold,SEQ-AVG3,197379,0.3871384493791133,2.631519129731916,3.0405718988310895,1.743723572941276,-6.155812311085634e-17,0.84342655609276,0.017331300526512865,0.002445006493304147,0.010695804037086908
2025-10-16,future_k_3,fixed_fold,BTYD,197379,0.3871384493791133,2.631519129731916,3.2259597474114363,1.7960956955049574,4.0318770692490704e-18,0.8307021921527031,0.26056693876523807,0.05481712905698566,0.017636400511009058
2025-10-16,future_k_3,fixed_fold,FRESH,197379,0.3871384493791133,2.631519129731916,3.0311685540216597,1.7410251445690437,-7.61016796820762e-17,0.8444834750800768,-0.03538715411212004,-0.0002534218789280729,0.01706034607705753
2025-10-16,future_k_3,fixed_fold,ZERO2D,197379,0.3871384493791133,2.631519129731916,3.031947454411702,1.7412488203618983,4.831052702618082e-17,0.844317229633259,-0.031006154898439827,-2.9746086073423328e-05,0.006500888900595535
2025-10-16,future_k_3,fixed_fold,BTYD05,197379,0.3871384493791133,2.631519129731916,3.0311584068905124,1.7410222304412177,-8.992525820521587e-17,0.8443693365749536,-0.020589449468251964,-0.0002563360067540099,0.01763640051100903
2025-10-16,future_k_3,fixed_fold,SEQ_SLOT_25,197379,0.3871384493791133,2.631519129731916,3.03253282912603,1.741416902733527,2.7647157046279338e-17,0.844291381931409,-0.030326048449902696,0.00013833628555515176,-0.00392557049592579
2025-10-16,future_k_3,fixed_fold,SEQ_SLOT_50,197379,0.3871384493791133,2.631519129731916,3.032051045971104,1.7412785664479717,4.18307245934591e-17,0.8443152632519226,-0.035387154112119956,0.0,-0.002762720970246501
2025-10-16,future_k_3,fixed_fold,SEQ_SLOT_75,197379,0.3871384493791133,2.631519129731916,3.0320911518080966,1.7412900826134905,-6.796592773877004e-17,0.8443043221724513,-0.04044825977433722,1.1516165518754562e-05,0.003925570495925721
2025-10-16,future_k_3,fixed_fold,BTYD05_FRESH1,197379,0.3871384493791133,2.631519129731916,3.0306679877331395,1.7408813824419915,-5.788623506564737e-17,0.8445151552836097,-0.020589449468252013,-0.0003971840059802112,0.021566133694840978
2025-10-16,future_k_3,slice_shape_only,STRONGEST,197379,0.3871384493791133,2.631519129731916,3.032051045971104,1.7412785664479717,6.659796944741767e-17,0.8443152632519227,-0.035387154112119984,0.0,
2025-10-16,future_k_3,slice_shape_only,CAP,197379,0.3871384493791133,2.631519129731916,3.081235592436717,1.7553448642465437,-1.568527034774183e-05,0.8408097609708586,-0.08443674906610224,0.014066297798571936,-0.022334810705595853
2025-10-16,future_k_3,slice_shape_only,UNC,197379,0.3871384493791133,2.631519129731916,3.045484559627142,1.7451316740083374,-6.941616351599323e-05,0.842916895982529,-0.06401832568997122,0.0038531075603656095,-0.0058688893174441556
2025-10-16,future_k_3,slice_shape_only,DIST,197379,0.3871384493791133,2.631519129731916,3.0424592969979503,1.7442646866224032,-1.3031602670251459e-17,0.8443519790079688,-0.047333987708981964,0.0029861201744314503,-0.005564238262431758
2025-10-16,future_k_3,slice_shape_only,ETX-AVG3,197379,0.3871384493791133,2.631519129731916,3.034456494044428,1.7419691426786033,-1.2441220670825702e-16,0.843754444825368,-0.027656305359862885,0.0006905762306315122,0.019120810243020297
2025-10-16,future_k_3,slice_shape_only,SEQ-AVG3,197379,0.3871384493791133,2.631519129731916,3.0405718988310895,1.743723572941276,-6.155812311085634e-17,0.84342655609276,0.017331300526512865,0.002445006493304147,0.010695804037086908
2025-10-16,future_k_3,slice_shape_only,BTYD,197379,0.3871384493791133,2.631519129731916,3.2259597474114363,1.7960956955049574,4.0318770692490704e-18,0.8307021921527031,0.26056693876523807,0.05481712905698566,0.017636400511009058
2025-10-16,future_k_3,slice_shape_only,FRESH,197379,0.3871384493791133,2.631519129731916,3.0311685540216597,1.7410251445690437,-7.61016796820762e-17,0.8444834750800768,-0.03538715411212004,-0.0002534218789280729,0.01706034607705753
2025-10-16,future_k_3,slice_shape_only,ZERO2D,197379,0.3871384493791133,2.631519129731916,3.031947454411702,1.7412488203618983,4.831052702618082e-17,0.844317229633259,-0.031006154898439827,-2.9746086073423328e-05,0.006500888900595535
2025-10-16,future_k_3,slice_shape_only,BTYD05,197379,0.3871384493791133,2.631519129731916,3.0311584068905124,1.7410222304412177,-8.992525820521587e-17,0.8443693365749536,-0.020589449468251964,-0.0002563360067540099,0.01763640051100903
2025-10-16,future_k_3,slice_shape_only,SEQ_SLOT_25,197379,0.3871384493791133,2.631519129731916,3.03253282912603,1.741416902733527,2.7647157046279338e-17,0.844291381931409,-0.030326048449902696,0.00013833628555515176,-0.00392557049592579
2025-10-16,future_k_3,slice_shape_only,SEQ_SLOT_50,197379,0.3871384493791133,2.631519129731916,3.032051045971104,1.7412785664479717,4.18307245934591e-17,0.8443152632519226,-0.035387154112119956,0.0,-0.002762720970246501
2025-10-16,future_k_3,slice_shape_only,SEQ_SLOT_75,197379,0.3871384493791133,2.631519129731916,3.0320911518080966,1.7412900826134905,-6.796592773877004e-17,0.8443043221724513,-0.04044825977433722,1.1516165518754562e-05,0.003925570495925721
2025-10-16,future_k_3,slice_shape_only,BTYD05_FRESH1,197379,0.3871384493791133,2.631519129731916,3.0306679877331395,1.7408813824419915,-5.788623506564737e-17,0.8445151552836097,-0.020589449468252013,-0.0003971840059802112,0.021566133694840978
2025-10-16,"future_total_active_days:q1[3,12]",fixed_fold,STRONGEST,22781,0.7617312672841403,0.8797538053089172,0.29049498155858605,1.5864756006446392,0.38023198001745756,0.7548135679851824,-0.035387154112119984,0.0,
2025-10-16,"future_total_active_days:q1[3,12]",fixed_fold,CAP,22781,0.7617312672841403,0.8797538053089172,0.2941319067944513,1.5963758506964456,0.3643101024884276,0.7460851805763211,-0.08443674906610224,0.009900250051806392,-0.022774998039552706
2025-10-16,"future_total_active_days:q1[3,12]",fixed_fold,UNC,22781,0.7617312672841403,0.8797538053089172,0.29295519502207246,1.5931793991231296,0.3851114659101783,0.753789055139708,-0.06401832568997122,0.0067037984784903415,-0.02357171503766467
2025-10-16,"future_total_active_days:q1[3,12]",fixed_fold,DIST,22781,0.7617312672841403,0.8797538053089172,0.289666580058147,1.5842119177240324,0.3792222672369604,0.7537369647750866,-0.047333987708981964,-0.0022636829206068576,0.05198793785397807
2025-10-16,"future_total_active_days:q1[3,12]",fixed_fold,ETX-AVG3,22781,0.7617312672841403,0.8797538053089172,0.29091872407257174,1.5876322681032362,0.38362148310360794,0.7540467997289453,-0.027656305359862885,0.0011566674585969938,0.020105463784631832
2025-10-16,"future_total_active_days:q1[3,12]",fixed_fold,SEQ-AVG3,22781,0.7617312672841403,0.8797538053089172,0.2925073198637229,1.5919610926777388,0.3806289098685797,0.754501158504997,0.017331300526512865,0.005485492033099559,-0.023180078405589444
2025-10-16,"future_total_active_days:q1[3,12]",fixed_fold,BTYD,22781,0.7617312672841403,0.8797538053089172,0.30663010718327205,1.6299394735935917,0.42105500698414094,0.7422199247656522,0.26056693876523807,0.04346387294895249,0.030934415706928065
2025-10-16,"future_total_active_days:q1[3,12]",fixed_fold,FRESH,22781,0.7617312672841403,0.8797538053089172,0.28970337455616463,1.58431253069656,0.3729529228775285,0.7549722862061319,-0.03538715411212004,-0.0021630699480792437,0.04238369730837071
2025-10-16,"future_total_active_days:q1[3,12]",fixed_fold,ZERO2D,22781,0.7617312672841403,0.8797538053089172,0.29027393091099285,1.585871875587777,0.37469589867034847,0.7548135042855619,-0.031006154898439827,-0.0006037250568622365,-0.12188291873453456
2025-10-16,"future_total_active_days:q1[3,12]",fixed_fold,BTYD05,22781,0.7617312672841403,0.8797538053089172,0.29050786168467657,1.586510771268186,0.3822731313657918,0.7550189780279201,-0.020589449468251964,3.5170623546854074e-05,0.030934415706928304
2025-10-16,"future_total_active_days:q1[3,12]",fixed_fold,SEQ_SLOT_25,22781,0.7617312672841403,0.8797538053089172,0.29064291772904566,1.586879509949772,0.3798953155285169,0.7549160925242933,-0.030326048449902696,0.000403909305132677,-0.03031262460579352
2025-10-16,"future_total_active_days:q1[3,12]",fixed_fold,SEQ_SLOT_50,22781,0.7617312672841403,0.8797538053089172,0.29049498155858605,1.5864756006446392,0.38023198001745756,0.7548135679851824,-0.035387154112119956,0.0,0.0027292895106984234
2025-10-16,"future_total_active_days:q1[3,12]",fixed_fold,SEQ_SLOT_75,22781,0.7617312672841403,0.8797538053089172,0.29039415985793,1.586200268781476,0.38056864450639827,0.7546425557374864,-0.04044825977433722,-0.00027533186316319735,0.030312624605793637
2025-10-16,"future_total_active_days:q1[3,12]",fixed_fold,BTYD05_FRESH1,22781,0.7617312672841403,0.8797538053089172,0.2897281465444179,1.5843802650343473,0.3749940742258628,0.7551671858114956,-0.020589449468252013,-0.0020953356102919596,0.04303619801454503
2025-10-16,"future_total_active_days:q1[3,12]",slice_shape_only,STRONGEST,22781,0.7617312672841403,0.8797538053089172,0.2728612713988113,1.537570469408389,-0.03933672957257446,0.7548135679851824,-0.47943163584011167,0.0,
2025-10-16,"future_total_active_days:q1[3,12]",slice_shape_only,CAP,22781,0.7617312672841403,0.8797538053089172,0.2777094153545764,1.5511699479494747,-0.05443046818636197,0.7460851805763211,-0.5299492173684976,0.013599478541085785,-0.022774998039552706
2025-10-16,"future_total_active_days:q1[3,12]",slice_shape_only,UNC,22781,0.7617312672841403,0.8797538053089172,0.27420421796557826,1.5413495702713529,-0.04701025142039372,0.753789055139708,-0.5324574197599121,0.0037791008629639578,-0.02357171503766467
2025-10-16,"future_total_active_days:q1[3,12]",slice_shape_only,DIST,22781,0.7617312672841403,0.8797538053089172,0.2724176958831735,1.5363201893303424,-0.029567745294833938,0.7537369647750866,-0.47244734164260593,-0.0012502800780465062,0.05198793785397807
2025-10-16,"future_total_active_days:q1[3,12]",slice_shape_only,ETX-AVG3,22781,0.7617312672841403,0.8797538053089172,0.27294797828550793,1.5378147462132215,-0.03601674418788924,0.7540467997289453,-0.4720154755436154,0.0002442768048325217,0.020105463784631832
2025-10-16,"future_total_active_days:q1[3,12]",slice_shape_only,SEQ-AVG3,22781,0.7617312672841403,0.8797538053089172,0.27435672509263964,1.5417781452230417,-0.04928071674969387,0.754501158504997,-0.44729805663318845,0.004207675814652756,-0.023180078405589444
2025-10-16,"future_total_active_days:q1[3,12]",slice_shape_only,BTYD,22781,0.7617312672841403,0.8797538053089172,0.28550089629914993,1.5727794214926702,-0.06421939352138195,0.7422199247656522,-0.25013866811938634,0.03520895208428132,0.030934415706928065
2025-10-16,"future_total_active_days:q1[3,12]",slice_shape_only,FRESH,22781,0.7617312672841403,0.8797538053089172,0.27272378706450834,1.5371830591941802,-0.03962088801211867,0.7549722862061319,-0.4721764782491417,-0.0003874102142087388,0.04238369730837071
2025-10-16,"future_total_active_days:q1[3,12]",slice_shape_only,ZERO2D,22781,0.7617312672841403,0.8797538053089172,0.2730764114354359,1.5381765059244763,-0.03988936271095702,0.7548135042855619,-0.47097843816717144,0.0006060365160873715,-0.12188291873453456
2025-10-16,"future_total_active_days:q1[3,12]",slice_shape_only,BTYD05,22781,0.7617312672841403,0.8797538053089172,0.27274318085380694,1.537237713895761,-0.039747361868981174,0.7550189780279201,-0.4664204668758909,-0.0003327555126280135,0.030934415706928304
2025-10-16,"future_total_active_days:q1[3,12]",slice_shape_only,SEQ_SLOT_25,22781,0.7617312672841403,0.8797538053089172,0.2730093764980737,1.5379876981583067,-0.040021954190279256,0.7549160925242933,-0.47538583502298454,0.00041722874991778625,-0.03031262460579352
2025-10-16,"future_total_active_days:q1[3,12]",slice_shape_only,SEQ_SLOT_50,22781,0.7617312672841403,0.8797538053089172,0.2728612713988113,1.537570469408389,-0.03933672957257443,0.7548135679851824,-0.47943163584011156,0.0,0.0027292895106984234
2025-10-16,"future_total_active_days:q1[3,12]",slice_shape_only,SEQ_SLOT_75,22781,0.7617312672841403,0.8797538053089172,0.2727514291492003,1.537260958280555,-0.03746978109285438,0.7546425557374864,-0.48210126842755935,-0.0003095111278339502,0.030312624605793637
2025-10-16,"future_total_active_days:q1[3,12]",slice_shape_only,BTYD05_FRESH1,22781,0.7617312672841403,0.8797538053089172,0.27262034191715634,1.5368915019169436,-0.040122380730951146,0.7551671858114956,-0.4592822748636342,-0.0006789674914453592,0.04303619801454503
2025-10-16,"future_total_active_days:q2[12,17]",fixed_fold,STRONGEST,17521,0.636721648307745,1.3810658769946247,0.27581555812979214,1.7627081292986042,0.24323738282022872,0.7549119014014489,-0.035387154112119984,0.0,
2025-10-16,"future_total_active_days:q2[12,17]",fixed_fold,CAP,17521,0.636721648307745,1.3810658769946247,0.2808762387996649,1.7788057629328078,0.23311669089894876,0.7467632704173646,-0.08443674906610224,0.01609763363420358,-0.03933637722356364
2025-10-16,"future_total_active_days:q2[12,17]",fixed_fold,UNC,17521,0.636721648307745,1.3810658769946247,0.2773376920103556,1.7675653357053633,0.24925887480088305,0.7536032801402208,-0.06401832568997122,0.004857206406759129,-0.006893219089016631
2025-10-16,"future_total_active_days:q2[12,17]",fixed_fold,DIST,17521,0.636721648307745,1.3810658769946247,0.2766294352678854,1.7653069150417648,0.24047108166467823,0.7526870516170445,-0.047333987708981964,0.0025987857431606365,-0.0100730278211298
2025-10-16,"future_total_active_days:q2[12,17]",fixed_fold,ETX-AVG3,17521,0.636721648307745,1.3810658769946247,0.27541374113072986,1.761423676298342,0.24533155386399547,0.7550337328473407,-0.027656305359862885,-0.0012844530002622534,0.04291888809360244
2025-10-16,"future_total_active_days:q2[12,17]",fixed_fold,SEQ-AVG3,17521,0.636721648307745,1.3810658769946247,0.2764020570326302,1.7645812603647113,0.24330302153668795,0.756043633993607,0.017331300526512865,0.0018731310661070921,0.012894931459867594
2025-10-16,"future_total_active_days:q2[12,17]",fixed_fold,BTYD,17521,0.636721648307745,1.3810658769946247,0.28839766624886015,1.8024652398752363,0.2622112943577879,0.7444588943151991,0.26056693876523807,0.039757110576632115,0.033902645719597745
2025-10-16,"future_total_active_days:q2[12,17]",fixed_fold,FRESH,17521,0.636721648307745,1.3810658769946247,0.2754664638030299,1.7615922636006895,0.23563833555378952,0.7551009365994845,-0.03538715411212004,-0.0011158656979146642,0.009882184371375422
2025-10-16,"future_total_active_days:q2[12,17]",fixed_fold,ZERO2D,17521,0.636721648307745,1.3810658769946247,0.2758115761212807,1.762695404954561,0.23958363828065787,0.754912337972345,-0.031006154898439827,-1.2724344043313351e-05,-0.07172392369853094
2025-10-16,"future_total_active_days:q2[12,17]",fixed_fold,BTYD05,17521,0.636721648307745,1.3810658769946247,0.27567255087401793,1.7622510979084047,0.24418607839710674,0.7552440051070346,-0.020589449468251964,-0.00045703139019948047,0.033902645719597814
2025-10-16,"future_total_active_days:q2[12,17]",fixed_fold,SEQ_SLOT_25,17521,0.636721648307745,1.3810658769946247,0.2759026086527536,1.7629862727075816,0.24300917293340668,0.7550494916483986,-0.030326048449902696,0.00027814340897736045,-0.016108787971495307
2025-10-16,"future_total_active_days:q2[12,17]",fixed_fold,SEQ_SLOT_50,17521,0.636721648307745,1.3810658769946247,0.27581555812979214,1.7627081292986042,0.24323738282022872,0.7549119014014489,-0.035387154112119956,0.0,0.007378894604410121
2025-10-16,"future_total_active_days:q2[12,17]",fixed_fold,SEQ_SLOT_75,17521,0.636721648307745,1.3810658769946247,0.2757698855862455,1.7625621790530148,0.24346559270705087,0.754718739904298,-0.04044825977433722,-0.00014595024558938796,0.01610878797149535
2025-10-16,"future_total_active_days:q2[12,17]",fixed_fold,BTYD05_FRESH1,17521,0.636721648307745,1.3810658769946247,0.2753366333758116,1.761177085601243,0.23658703113066748,0.755395833198372,-0.020589449468252013,-0.001531043697361234,0.029984298283203915
2025-10-16,"future_total_active_days:q2[12,17]",slice_shape_only,STRONGEST,17521,0.636721648307745,1.3810658769946247,0.2705357941908954,1.7457554013133723,-0.0036237772474844343,0.7549119014014489,-0.28330069604571784,0.0,
2025-10-16,"future_total_active_days:q2[12,17]",slice_shape_only,CAP,17521,0.636721648307745,1.3810658769946247,0.27601797398161265,1.7633548198473834,-0.004586332190095656,0.7467632704173646,-0.32301879483674206,0.017599418534011146,-0.03933637722356364
2025-10-16,"future_total_active_days:q2[12,17]",slice_shape_only,UNC,17521,0.636721648307745,1.3810658769946247,0.2717125585551829,1.7495480854290124,-0.009420518211125535,0.7536032801402208,-0.32547704119269727,0.0037926841156401547,-0.006893219089016631
2025-10-16,"future_total_active_days:q2[12,17]",slice_shape_only,DIST,17521,0.636721648307745,1.3810658769946247,0.2714717987111304,1.7487727913517441,-0.0016922626711351378,0.7526870516170445,-0.28996012979245706,0.00301739003837187,-0.0100730278211298
2025-10-16,"future_total_active_days:q2[12,17]",slice_shape_only,ETX-AVG3,17521,0.636721648307745,1.3810658769946247,0.2700249893793835,1.7441065223027015,-0.005168897193216843,0.7550337328473407,-0.2795718652759563,-0.0016488790106707896,0.04291888809360244
2025-10-16,"future_total_active_days:q2[12,17]",slice_shape_only,SEQ-AVG3,17521,0.636721648307745,1.3810658769946247,0.2710817766645008,1.7475161136774953,-0.005844552729584471,0.756043633993607,-0.23458491927374747,0.0017607123641230071,0.012894931459867594
2025-10-16,"future_total_active_days:q2[12,17]",slice_shape_only,BTYD,17521,0.636721648307745,1.3810658769946247,0.28229441285719453,1.7832907986211306,-0.00019286666185415477,0.7444588943151991,-0.0018372433866371519,0.037535397307758345,0.033902645719597745
2025-10-16,"future_total_active_days:q2[12,17]",slice_shape_only,FRESH,17521,0.636721648307745,1.3810658769946247,0.27051235069701285,1.7456797597649705,-0.003384661395097573,0.7551009365994845,-0.27539386340988947,-7.564154840178361e-05,0.009882184371375422
2025-10-16,"future_total_active_days:q2[12,17]",slice_shape_only,ZERO2D,17521,0.636721648307745,1.3810658769946247,0.2706837309407584,1.7462326506998378,-0.004647496369360347,0.754912337972345,-0.27643078967633894,0.00047724938646553916,-0.07172392369853094
2025-10-16,"future_total_active_days:q2[12,17]",slice_shape_only,BTYD05,17521,0.636721648307745,1.3810658769946247,0.270359208473406,1.7451855584349212,-0.0026455727648267285,0.7552440051070346,-0.26823908427232823,-0.0005698428784510767,0.033902645719597814
2025-10-16,"future_total_active_days:q2[12,17]",slice_shape_only,SEQ_SLOT_25,17521,0.636721648307745,1.3810658769946247,0.27063537511132724,1.7460766673693453,-0.003745791051574615,0.7550494916483986,-0.2781905400369718,0.00032126605597304625,-0.016108787971495307
2025-10-16,"future_total_active_days:q2[12,17]",slice_shape_only,SEQ_SLOT_50,17521,0.636721648307745,1.3810658769946247,0.2705357941908954,1.7457554013133723,-0.0036237772474844035,0.7549119014014489,-0.2833006960457178,0.0,0.007378894604410121
2025-10-16,"future_total_active_days:q2[12,17]",slice_shape_only,SEQ_SLOT_75,17521,0.636721648307745,1.3810658769946247,0.27047675222528716,1.7455648933346357,-0.004227482004538651,0.754718739904298,-0.2891763666898022,-0.00019050797873654268,0.01610878797149535
2025-10-16,"future_total_active_days:q2[12,17]",slice_shape_only,BTYD05_FRESH1,17521,0.636721648307745,1.3810658769946247,0.2703496392607473,1.7451546732292595,-0.002645572764826649,0.755395833198372,-0.2605848924761488,-0.0006007280841127116,0.029984298283203915
2025-10-16,"future_total_active_days:q3[17,23]",fixed_fold,STRONGEST,20970,0.5467334287076776,1.761832822255947,0.3596577725614449,1.8399074675889873,0.1566912965755877,0.7611459710992883,-0.035387154112119984,0.0,
2025-10-16,"future_total_active_days:q3[17,23]",fixed_fold,CAP,20970,0.5467334287076776,1.761832822255947,0.3662268142476027,1.856634116282549,0.1472173523404071,0.7543021794253856,-0.08443674906610224,0.016726648693561774,-0.035540365029500316
2025-10-16,"future_total_active_days:q3[17,23]",fixed_fold,UNC,20970,0.5467334287076776,1.761832822255947,0.3608044609052632,1.8428382001164114,0.16406736826224816,0.7606305860091997,-0.06401832568997122,0.0029307325274241514,0.008505356566975791
2025-10-16,"future_total_active_days:q3[17,23]",fixed_fold,DIST,20970,0.5467334287076776,1.761832822255947,0.36095516204338796,1.8432230191124646,0.15243599476813594,0.7592102763184065,-0.047333987708981964,0.003315551523477289,-0.017134956963000346
2025-10-16,"future_total_active_days:q3[17,23]",fixed_fold,ETX-AVG3,20970,0.5467334287076776,1.761832822255947,0.3596946509092011,1.8400017947707343,0.15635080349692002,0.7607297878202604,-0.027656305359862885,9.4327181747067e-05,0.022071765428861183
2025-10-16,"future_total_active_days:q3[17,23]",fixed_fold,SEQ-AVG3,20970,0.5467334287076776,1.761832822255947,0.36027674659815295,1.841490035054079,0.15934548002795654,0.7616698535648027,0.017331300526512865,0.0015825674650917776,0.018582392744552943
2025-10-16,"future_total_active_days:q3[17,23]",fixed_fold,BTYD,20970,0.5467334287076776,1.761832822255947,0.37562537499782217,1.8803068075692033,0.17392334077858063,0.7510440966525983,0.26056693876523807,0.040399339980216054,0.03714172191945834
2025-10-16,"future_total_active_days:q3[17,23]",fixed_fold,FRESH,20970,0.5467334287076776,1.761832822255947,0.35931547583600587,1.8390317125392601,0.14968230213157427,0.7614109680836835,-0.03538715411212004,-0.0008757550497271449,0.020978720755436473
2025-10-16,"future_total_active_days:q3[17,23]",fixed_fold,ZERO2D,20970,0.5467334287076776,1.761832822255947,0.3597601801680465,1.8401693931246894,0.15449253963671478,0.7611467419195213,-0.031006154898439827,0.0002619255357021455,-0.0640000956251822
2025-10-16,"future_total_active_days:q3[17,23]",fixed_fold,BTYD05,20970,0.5467334287076776,1.761832822255947,0.3594126717980017,1.8392804276409276,0.1575528987857374,0.7614550241305733,-0.020589449468251964,-0.0006270399480596822,0.03714172191945838
2025-10-16,"future_total_active_days:q3[17,23]",fixed_fold,SEQ_SLOT_25,20970,0.5467334287076776,1.761832822255947,0.3596878173905841,1.8399843164092855,0.1570281976853293,0.761276799480981,-0.030326048449902696,7.684882029823648e-05,0.001323430852510304
2025-10-16,"future_total_active_days:q3[17,23]",fixed_fold,SEQ_SLOT_50,20970,0.5467334287076776,1.761832822255947,0.3596577725614449,1.8399074675889873,0.1566912965755877,0.7611459710992883,-0.035387154112119956,0.0,0.010180826791647047
2025-10-16,"future_total_active_days:q3[17,23]",fixed_fold,SEQ_SLOT_75,20970,0.5467334287076776,1.761832822255947,0.3596818321213217,1.8399690075124395,0.15635439546584615,0.7609648283445283,-0.04044825977433722,6.153992345225845e-05,-0.00132343085251012
2025-10-16,"future_total_active_days:q3[17,23]",fixed_fold,BTYD05_FRESH1,20970,0.5467334287076776,1.761832822255947,0.3590926717135562,1.8384614512889674,0.1505439043417239,0.7616984289720126,-0.020589449468252013,-0.0014460163000198367,0.03748093320850351
2025-10-16,"future_total_active_days:q3[17,23]",slice_shape_only,STRONGEST,20970,0.5467334287076776,1.761832822255947,0.35704906575592266,1.8332226205332576,-6.776754752123034e-19,0.7611459710992883,-0.19213301441954073,0.0,
2025-10-16,"future_total_active_days:q3[17,23]",slice_shape_only,CAP,20970,0.5467334287076776,1.761832822255947,0.3639234628259829,1.8507863383055971,-4.9131471952892e-17,0.7543021794253856,-0.23173814656589892,0.01756371777233956,-0.035540365029500316
2025-10-16,"future_total_active_days:q3[17,23]",slice_shape_only,UNC,20970,0.5467334287076776,1.761832822255947,0.3579357609189433,1.8354975203162962,-0.0012414906055584554,0.7606305860091997,-0.22977346618251018,0.002274899783038631,0.008505356566975791
2025-10-16,"future_total_active_days:q3[17,23]",slice_shape_only,DIST,20970,0.5467334287076776,1.761832822255947,0.35848628893480017,1.8369085340598104,4.947030969049815e-17,0.7592102763184065,-0.19979311402900068,0.0036859135265527865,-0.017134956963000346
2025-10-16,"future_total_active_days:q3[17,23]",slice_shape_only,ETX-AVG3,20970,0.5467334287076776,1.761832822255947,0.3570958609591726,1.8333427485811107,-0.0002094166377457434,0.7607297878202604,-0.1843150650354702,0.00012012804785310749,0.022071765428861183
2025-10-16,"future_total_active_days:q3[17,23]",slice_shape_only,SEQ-AVG3,20970,0.5467334287076776,1.761832822255947,0.357559148640217,1.8345316307489175,-0.0021001969522840475,0.7616698535648027,-0.14462680235452724,0.0013090102156598782,0.018582392744552943
2025-10-16,"future_total_active_days:q3[17,23]",slice_shape_only,BTYD,20970,0.5467334287076776,1.761832822255947,0.37241161660424843,1.8722458070786292,8.470943440153793e-18,0.7510440966525983,0.08664359798665743,0.039023186545371624,0.03714172191945834
2025-10-16,"future_total_active_days:q3[17,23]",slice_shape_only,FRESH,20970,0.5467334287076776,1.761832822255947,0.3569349431086694,1.8329296230734042,-2.7784694483704445e-17,0.7614109680836835,-0.1851174869169835,-0.00029299745985333914,0.020978720755436473
2025-10-16,"future_total_active_days:q3[17,23]",slice_shape_only,ZERO2D,20970,0.5467334287076776,1.761832822255947,0.357224079978068,1.8336718595243784,7.454430227335338e-18,0.7611467419195213,-0.18557050408731307,0.000449238991120815,-0.0640000956251822
2025-10-16,"future_total_active_days:q3[17,23]",slice_shape_only,BTYD05,20970,0.5467334287076776,1.761832822255947,0.35677532384387944,1.8325197394225914,-5.96354418186827e-17,0.7614550241305733,-0.17817058789280607,-0.000702881110666187,0.03714172191945838
2025-10-16,"future_total_active_days:q3[17,23]",slice_shape_only,SEQ_SLOT_25,20970,0.5467334287076776,1.761832822255947,0.3570678002534599,1.833270714839416,-5.760241539304579e-17,0.761276799480981,-0.18742488805832366,4.809430615848598e-05,0.001323430852510304
2025-10-16,"future_total_active_days:q3[17,23]",slice_shape_only,SEQ_SLOT_50,20970,0.5467334287076776,1.761832822255947,0.35704906575592266,1.8332226205332576,-1.761956235551989e-17,0.7611459710992883,-0.19213301441954073,0.0,0.010180826791647047
2025-10-16,"future_total_active_days:q3[17,23]",slice_shape_only,SEQ_SLOT_75,20970,0.5467334287076776,1.761832822255947,0.357084345646292,1.8333131883315048,1.558653592988298e-17,0.7609648283445283,-0.196848304382346,9.056779824723193e-05,-0.00132343085251012
2025-10-16,"future_total_active_days:q3[17,23]",slice_shape_only,BTYD05_FRESH1,20970,0.5467334287076776,1.761832822255947,0.35668476625567447,1.8322871573344344,-3.896633982470745e-17,0.7616984289720126,-0.17115788877360616,-0.0009354631988232054,0.03748093320850351
2025-10-16,"future_total_active_days:q4[23,29]",fixed_fold,STRONGEST,20353,0.4530536038913182,2.1835638178085723,0.36508010911116906,1.881613159281112,0.0379047329766043,0.7710704580301733,-0.035387154112119984,0.0,
2025-10-16,"future_total_active_days:q4[23,29]",fixed_fold,CAP,20353,0.4530536038913182,2.1835638178085723,0.37151733824491817,1.898129326360153,0.03169825103018273,0.7656716819077889,-0.08443674906610224,0.016516167079041022,-0.031688643805090434
2025-10-16,"future_total_active_days:q4[23,29]",fixed_fold,UNC,20353,0.4530536038913182,2.1835638178085723,0.3663400874637431,1.884857310044172,0.04229362579110281,0.7699566193930858,-0.06401832568997122,0.0032441507630598387,0.0005169446100351606
2025-10-16,"future_total_active_days:q4[23,29]",fixed_fold,DIST,20353,0.4530536038913182,2.1835638178085723,0.366632885727284,1.8856103981402643,0.03381054762389256,0.7693683380937363,-0.047333987708981964,0.003997238859152263,-0.02038382930750278
2025-10-16,"future_total_active_days:q4[23,29]",fixed_fold,ETX-AVG3,20353,0.4530536038913182,2.1835638178085723,0.365034892570777,1.8814966332504832,0.03734579479808028,0.7708558609304801,-0.027656305359862885,-0.00011652603062883848,0.025052614959521866
2025-10-16,"future_total_active_days:q4[23,29]",fixed_fold,SEQ-AVG3,20353,0.4530536038913182,2.1835638178085723,0.3654734118922677,1.882626422485614,0.04180389706475172,0.7714097285629207,0.017331300526512865,0.0010132632045019019,0.0223233397688831
2025-10-16,"future_total_active_days:q4[23,29]",fixed_fold,BTYD,20353,0.4530536038913182,2.1835638178085723,0.3830189971049178,1.9272870943699012,0.030984992627368983,0.7599820043556158,0.26056693876523807,0.04567393508878914,0.029025038422342074
2025-10-16,"future_total_active_days:q4[23,29]",fixed_fold,FRESH,20353,0.4530536038913182,2.1835638178085723,0.3649192377788954,1.8811985503210173,0.03186675534418687,0.7713976241096627,-0.03538715411212004,-0.00041460896009470893,0.019696076943026
2025-10-16,"future_total_active_days:q4[23,29]",fixed_fold,ZERO2D,20353,0.4530536038913182,2.1835638178085723,0.36518806389616737,1.881891336761624,0.037158200929520824,0.7710668242586922,-0.031006154898439827,0.0002781774805118431,-0.042465500485955605
2025-10-16,"future_total_active_days:q4[23,29]",fixed_fold,BTYD05,20353,0.4530536038913182,2.1835638178085723,0.3648678735208149,1.8810661514800693,0.03755874595914246,0.7713578961737381,-0.020589449468251964,-0.0005470078010427759,0.02902503842234225
2025-10-16,"future_total_active_days:q4[23,29]",fixed_fold,SEQ_SLOT_25,20353,0.4530536038913182,2.1835638178085723,0.3650978084360666,1.881658769652884,0.038406269481604804,0.7711561682754565,-0.030326048449902696,4.561037177186478e-05,0.0021266336560192604
2025-10-16,"future_total_active_days:q4[23,29]",fixed_fold,SEQ_SLOT_50,20353,0.4530536038913182,2.1835638178085723,0.36508010911116906,1.881613159281112,0.03790473297660428,0.7710704580301733,-0.035387154112119956,0.0,0.0016214274639287736
2025-10-16,"future_total_active_days:q4[23,29]",fixed_fold,SEQ_SLOT_75,20353,0.4530536038913182,2.1835638178085723,0.36511673700618286,1.8817075465114423,0.037403196471603756,0.7709525309422948,-0.04044825977433722,9.438723033028396e-05,-0.0021266336560191355
2025-10-16,"future_total_active_days:q4[23,29]",fixed_fold,BTYD05_FRESH1,20353,0.4530536038913182,2.1835638178085723,0.3647357144484574,1.8807254494189414,0.0315207683267251,0.7716555244646734,-0.020589449468252013,-0.0008877098621706825,0.030875459795781764
2025-10-16,"future_total_active_days:q4[23,29]",slice_shape_only,STRONGEST,20353,0.4530536038913182,2.1835638178085723,0.3649319547734705,1.881231328783842,-9.914712177854294e-17,0.7710704580301733,-0.07329188708872426,0.0,
2025-10-16,"future_total_active_days:q4[23,29]",slice_shape_only,CAP,20353,0.4530536038913182,2.1835638178085723,0.3714131254899847,1.8978630895798434,-0.0002361456661767365,0.7656716819077889,-0.1163763031137948,0.01663176079600137,-0.031688643805090434
2025-10-16,"future_total_active_days:q4[23,29]",slice_shape_only,UNC,20353,0.4530536038913182,2.1835638178085723,0.36615555949132345,1.8843825425820753,-1.0473287511817916e-17,0.7699566193930858,-0.10633222644804298,0.0031512137982332433,0.0005169446100351606
2025-10-16,"future_total_active_days:q4[23,29]",slice_shape_only,DIST,20353,0.4530536038913182,2.1835638178085723,0.36651500795137626,1.8853072482628694,2.862698586563564e-17,0.7693683380937363,-0.08114460240097583,0.004075919479027412,-0.02038382930750278
2025-10-16,"future_total_active_days:q4[23,29]",slice_shape_only,ETX-AVG3,20353,0.4530536038913182,2.1835638178085723,0.3648910753468405,1.8811259587129734,1.4104027182581462e-16,0.7708558609304801,-0.06500210015794328,-0.00010537007086863781,0.025052614959521866
2025-10-16,"future_total_active_days:q4[23,29]",slice_shape_only,SEQ-AVG3,20353,0.4530536038913182,2.1835638178085723,0.3652932025876689,1.8821622182241062,7.052013591290731e-17,0.7714097285629207,-0.024477671823823408,0.0009308894402642043,0.0223233397688831
2025-10-16,"future_total_active_days:q4[23,29]",slice_shape_only,BTYD,20353,0.4530536038913182,2.1835638178085723,0.38291999822463924,1.9270380054261147,-5.4461095061453166e-17,0.7599820043556158,0.22958194613786906,0.04580667664227267,0.029025038422342074
2025-10-16,"future_total_active_days:q4[23,29]",slice_shape_only,FRESH,20353,0.4530536038913182,2.1835638178085723,0.3648145241572474,1.8809286258743927,1.0752575178799728e-16,0.7713976241096627,-0.06725390945630692,-0.0003027029094493372,0.019696076943026
2025-10-16,"future_total_active_days:q4[23,29]",slice_shape_only,ZERO2D,20353,0.4530536038913182,2.1835638178085723,0.3650456878770074,1.8815244541281233,4.8875341721816946e-18,0.7710668242586922,-0.06816435582796064,0.00029312534428127535,-0.042465500485955605
2025-10-16,"future_total_active_days:q4[23,29]",slice_shape_only,BTYD05,20353,0.4530536038913182,2.1835638178085723,0.3647224114872249,1.880691151371223,5.934862923363486e-17,0.7713578961737381,-0.05814819542739451,-0.0005401774126190251,0.02902503842234225
2025-10-16,"future_total_active_days:q4[23,29]",slice_shape_only,SEQ_SLOT_25,20353,0.4530536038913182,2.1835638178085723,0.364945707552123,1.881266776370675,-4.747890338690789e-17,0.7711561682754565,-0.06873231793150751,3.544758683293736e-05,0.0021266336560192604
2025-10-16,"future_total_active_days:q4[23,29]",slice_shape_only,SEQ_SLOT_50,20353,0.4530536038913182,2.1835638178085723,0.3649319547734705,1.881231328783842,-8.518273842945238e-17,0.7710704580301733,-0.07329188708872425,0.0,0.0016214274639287736
2025-10-16,"future_total_active_days:q4[23,29]",slice_shape_only,SEQ_SLOT_75,20353,0.4530536038913182,2.1835638178085723,0.3649724773391951,1.8813357731919675,8.378630009454333e-18,0.7709525309422948,-0.07785145624594099,0.0001044444081255147,-0.0021266336560191355
2025-10-16,"future_total_active_days:q4[23,29]",slice_shape_only,BTYD05_FRESH1,20353,0.4530536038913182,2.1835638178085723,0.36463326229809084,1.88046128842265,-7.680410841999806e-18,0.7716555244646734,-0.05211021779497716,-0.0007700403611921036,0.030875459795781764
2025-10-16,"future_total_active_days:q5[29,35]",fixed_fold,STRONGEST,19141,0.3825296483987253,2.521301168634589,0.3412335108771757,1.875832248550564,-0.03498735316651983,0.7742807098205454,-0.035387154112119984,0.0,
2025-10-16,"future_total_active_days:q5[29,35]",fixed_fold,CAP,19141,0.3825296483987253,2.521301168634589,0.348138473812494,1.8947162117718723,-0.039939546250318265,0.768701525021436,-0.08443674906610224,0.018883963221308253,-0.043022076080553195
2025-10-16,"future_total_active_days:q5[29,35]",fixed_fold,UNC,19141,0.3825296483987253,2.521301168634589,0.34234498227084653,1.878884760695989,-0.03197256257842419,0.772857601149118,-0.06401832568997122,0.0030525121454250126,0.00030143183868991153
2025-10-16,"future_total_active_days:q5[29,35]",fixed_fold,DIST,19141,0.3825296483987253,2.521301168634589,0.34270390106652415,1.8798694259157303,-0.0370023572560887,0.7733136802419468,-0.047333987708981964,0.004037177365166178,-0.019390351155037594
2025-10-16,"future_total_active_days:q5[29,35]",fixed_fold,ETX-AVG3,19141,0.3825296483987253,2.521301168634589,0.34092142892672955,1.8749742623332035,-0.03576999819379745,0.7742454250362248,-0.027656305359862885,-0.0008579862173605513,0.03360872294568605
2025-10-16,"future_total_active_days:q5[29,35]",fixed_fold,SEQ-AVG3,19141,0.3825296483987253,2.521301168634589,0.3415022930944199,1.876570879266795,-0.0325165811264257,0.7744501310962337,0.017331300526512865,0.0007386307162309258,0.02366744910486659
2025-10-16,"future_total_active_days:q5[29,35]",fixed_fold,BTYD,19141,0.3825296483987253,2.521301168634589,0.3580267797428363,1.9214359703688886,-0.04445332870800029,0.7653644349110881,0.26056693876523807,0.045603721818324505,0.03881888513032041
2025-10-16,"future_total_active_days:q5[29,35]",fixed_fold,FRESH,19141,0.3825296483987253,2.521301168634589,0.34117453944941056,1.8756701523874586,-0.03975391511510605,0.77461653638086,-0.03538715411212004,-0.00016209616310547403,0.016981652166585134
2025-10-16,"future_total_active_days:q5[29,35]",fixed_fold,ZERO2D,19141,0.3825296483987253,2.521301168634589,0.34132962480521434,1.876096409170989,-0.03467423866824071,0.7742797853788405,-0.031006154898439827,0.00026416062042500243,-0.04140472126259343
2025-10-16,"future_total_active_days:q5[29,35]",fixed_fold,BTYD05,19141,0.3825296483987253,2.521301168634589,0.34094695469315206,1.8750444533731097,-0.035460651943593956,0.774657327371085,-0.020589449468251964,-0.0007877951774544201,0.03881888513032052
2025-10-16,"future_total_active_days:q5[29,35]",fixed_fold,SEQ_SLOT_25,19141,0.3825296483987253,2.521301168634589,0.34126849889156213,1.8759284143158323,-0.03462134374644054,0.7743017755358936,-0.030326048449902696,9.616576526827458e-05,-0.002083234467902707
2025-10-16,"future_total_active_days:q5[29,35]",fixed_fold,SEQ_SLOT_50,19141,0.3825296483987253,2.521301168634589,0.3412335108771757,1.875832248550564,-0.03498735316651985,0.7742807098205454,-0.035387154112119956,0.0,0.0009811672812299465
2025-10-16,"future_total_active_days:q5[29,35]",fixed_fold,SEQ_SLOT_75,19141,0.3825296483987253,2.521301168634589,0.3412490180744569,1.8758748712258615,-0.035353362586599206,0.7742113304705993,-0.04044825977433722,4.262267529742125e-05,0.0020832344679029466
2025-10-16,"future_total_active_days:q5[29,35]",fixed_fold,BTYD05_FRESH1,19141,0.3825296483987253,2.521301168634589,0.34092111754074494,1.8749734060642944,-0.04022721389218008,0.7749688988921699,-0.020589449468252013,-0.000858842486269662,0.03492390309154805
2025-10-16,"future_total_active_days:q5[29,35]",slice_shape_only,STRONGEST,19141,0.3825296483987253,2.521301168634589,0.3411148012730705,1.8755059343602907,-1.1433423677661085e-16,0.7742807098205454,-0.000399800945600125,0.0,
2025-10-16,"future_total_active_days:q5[29,35]",slice_shape_only,CAP,19141,0.3825296483987253,2.521301168634589,0.34798385606959875,1.8942954176039402,-1.291828389553915e-16,0.768701525021436,-0.044496615586860064,0.018789483243649485,-0.043022076080553195
2025-10-16,"future_total_active_days:q5[29,35]",slice_shape_only,UNC,19141,0.3825296483987253,2.521301168634589,0.3422462392790752,1.8786137766127868,2.9697204357561263e-18,0.772857601149118,-0.03204342886588751,0.0031078422524961624,0.00030143183868991153
2025-10-16,"future_total_active_days:q5[29,35]",slice_shape_only,DIST,19141,0.3825296483987253,2.521301168634589,0.34257112418547786,1.8795052232037637,-7.27581506760251e-17,0.7733136802419468,-0.010331630452893226,0.003999288843473003,-0.019390351155037594
2025-10-16,"future_total_active_days:q5[29,35]",slice_shape_only,ETX-AVG3,19141,0.3825296483987253,2.521301168634589,0.34079734900371056,1.8746330285261585,-3.8606365664829644e-17,0.7742454250362248,0.008113692833934436,-0.0008729058341321316,0.03360872294568605
2025-10-16,"future_total_active_days:q5[29,35]",slice_shape_only,SEQ-AVG3,19141,0.3825296483987253,2.521301168634589,0.341399757788386,1.8762891399952197,2.82123441396832e-17,0.7744501310962337,0.04984788165293853,0.0007832056349290628,0.02366744910486659
2025-10-16,"future_total_active_days:q5[29,35]",slice_shape_only,BTYD,19141,0.3825296483987253,2.521301168634589,0.3578351458805192,1.9209216771628692,4.306094631846383e-17,0.7653644349110881,0.30502026747323835,0.04541574280257854,0.03881888513032041
2025-10-16,"future_total_active_days:q5[29,35]",slice_shape_only,FRESH,19141,0.3825296483987253,2.521301168634589,0.34102128133039206,1.8752488226340025,6.681870980451284e-17,0.77461653638086,0.004366761002985972,-0.0002571117262881728,0.016981652166585134
2025-10-16,"future_total_active_days:q5[29,35]",slice_shape_only,ZERO2D,19141,0.3825296483987253,2.521301168634589,0.3412130304440318,1.8757759550855366,1.1433423677661085e-16,0.7742797853788405,0.003668083769800899,0.00027002072524595633,-0.04140472126259343
2025-10-16,"future_total_active_days:q5[29,35]",slice_shape_only,BTYD05,19141,0.3825296483987253,2.521301168634589,0.34082501162705114,1.8747091092457513,7.27581506760251e-17,0.774657327371085,0.014871202475341908,-0.000796825114539379,0.03881888513032052
2025-10-16,"future_total_active_days:q5[29,35]",slice_shape_only,SEQ_SLOT_25,19141,0.3825296483987253,2.521301168634589,0.3411522599842174,1.8756089086466572,4.306094631846383e-17,0.7743017755358936,0.004295295296537852,0.00010297428636651951,-0.002083234467902707
2025-10-16,"future_total_active_days:q5[29,35]",slice_shape_only,SEQ_SLOT_50,19141,0.3825296483987253,2.521301168634589,0.3411148012730705,1.8755059343602907,7.127329045814703e-17,0.7742807098205454,-0.0003998009456001013,0.0,0.0009811672812299465
2025-10-16,"future_total_active_days:q5[29,35]",slice_shape_only,SEQ_SLOT_75,19141,0.3825296483987253,2.521301168634589,0.341127811791255,1.875541701016126,2.227290326817095e-17,0.7742113304705993,-0.005094897187738044,3.576665583526761e-05,0.0020832344679029466
2025-10-16,"future_total_active_days:q5[29,35]",slice_shape_only,BTYD05_FRESH1,19141,0.3825296483987253,2.521301168634589,0.3407641884030707,1.8745418226091446,5.197010762573221e-17,0.7749688988921699,0.01963776442392801,-0.0009641117511460795,0.03492390309154805
2025-10-16,"future_total_active_days:q6[35,41]",fixed_fold,STRONGEST,17720,0.3234198645598194,2.8256449074653034,0.3081490036772122,1.8526739597603425,-0.07927976866251457,0.7868589596882118,-0.035387154112119984,0.0,
2025-10-16,"future_total_active_days:q6[35,41]",fixed_fold,CAP,17720,0.3234198645598194,2.8256449074653034,0.3134570035344833,1.868562385746387,-0.07807002768922708,0.781998319898865,-0.08443674906610224,0.01588842598604434,-0.03203620259868389
2025-10-16,"future_total_active_days:q6[35,41]",fixed_fold,UNC,17720,0.3234198645598194,2.8256449074653034,0.3089723143355888,1.8551472903874342,-0.08056875764506916,0.7861576683180427,-0.06401832568997122,0.002473330627091652,0.006852824414066583
2025-10-16,"future_total_active_days:q6[35,41]",fixed_fold,DIST,17720,0.3234198645598194,2.8256449074653034,0.3096047168207649,1.857044871483889,-0.0799741357782482,0.7855928293135689,-0.047333987708981964,0.004370911723546422,-0.02242485590468108
2025-10-16,"future_total_active_days:q6[35,41]",fixed_fold,ETX-AVG3,17720,0.3234198645598194,2.8256449074653034,0.3083777005591299,1.8533613255608519,-0.08140120162974605,0.7866482520860199,-0.027656305359862885,0.0006873658005093208,0.01806499894513935
2025-10-16,"future_total_active_days:q6[35,41]",fixed_fold,SEQ-AVG3,17720,0.3234198645598194,2.8256449074653034,0.3084149818189443,1.8534733530465992,-0.07584545993595918,0.7866888072048945,0.017331300526512865,0.0007993932862566666,0.023305111311821825
2025-10-16,"future_total_active_days:q6[35,41]",fixed_fold,BTYD,17720,0.3234198645598194,2.8256449074653034,0.32646528397653346,1.906940384525871,-0.09909922285408829,0.775691092918465,0.26056693876523807,0.054266424765528454,0.030220961369416856
2025-10-16,"future_total_active_days:q6[35,41]",fixed_fold,FRESH,17720,0.3234198645598194,2.8256449074653034,0.308436838138167,1.8535390265546732,-0.08209255193239524,0.787069965650331,-0.03538715411212004,0.0008650667943306267,-0.018985386988213185
2025-10-16,"future_total_active_days:q6[35,41]",fixed_fold,ZERO2D,17720,0.3234198645598194,2.8256449074653034,0.30819685617858256,1.8528178051737505,-0.07805754342499055,0.7868641700713294,-0.031006154898439827,0.00014384541340795032,-0.03232401121705529
2025-10-16,"future_total_active_days:q6[35,41]",fixed_fold,BTYD05,17720,0.3234198645598194,2.8256449074653034,0.307966229957552,1.8521244360987497,-0.08027074137209343,0.7871481213970946,-0.020589449468251964,-0.0005495236615928878,0.030220961369417015
2025-10-16,"future_total_active_days:q6[35,41]",fixed_fold,SEQ_SLOT_25,17720,0.3234198645598194,2.8256449074653034,0.3081239350004986,1.8525985984438653,-0.07865474772196362,0.7868835561895211,-0.030326048449902696,-7.536131647722932e-05,0.007387976409364506
2025-10-16,"future_total_active_days:q6[35,41]",fixed_fold,SEQ_SLOT_50,17720,0.3234198645598194,2.8256449074653034,0.3081490036772122,1.8526739597603425,-0.07927976866251461,0.7868589596882118,-0.035387154112119956,0.0,-0.010504888141758451
2025-10-16,"future_total_active_days:q6[35,41]",fixed_fold,SEQ_SLOT_75,17720,0.3234198645598194,2.8256449074653034,0.3082213875812208,1.8528915426474772,-0.07990478960306571,0.7868091554115964,-0.04044825977433722,0.00021758288713469298,-0.007387976409364677
2025-10-16,"future_total_active_days:q6[35,41]",fixed_fold,BTYD05_FRESH1,17720,0.3234198645598194,2.8256449074653034,0.30829007558617005,1.853097992197493,-0.08308352464197394,0.7873294805703576,-0.020589449468252013,0.0004240324371505011,0.0054980434606743045
2025-10-16,"future_total_active_days:q6[35,41]",slice_shape_only,STRONGEST,17720,0.3234198645598194,2.8256449074653034,0.30758473294899946,1.8509769094872268,5.373178701571864e-17,0.7868589596882118,0.04389261455039466,0.0,
2025-10-16,"future_total_active_days:q6[35,41]",slice_shape_only,CAP,17720,0.3234198645598194,2.8256449074653034,0.3129098219911652,1.8669307593488391,3.127671184497055e-17,0.781998319898865,-0.00636672137687519,0.0159538498616123,-0.03203620259868389
2025-10-16,"future_total_active_days:q6[35,41]",slice_shape_only,UNC,17720,0.3234198645598194,2.8256449074653034,0.30839378025459013,1.8534096447116293,-4.009834851919301e-18,0.7861576683180427,0.01655938452992906,0.0024327352244024603,0.006852824414066583
2025-10-16,"future_total_active_days:q6[35,41]",slice_shape_only,DIST,17720,0.3234198645598194,2.8256449074653034,0.3090305185442896,1.85532201849467,-2.4059009111515807e-17,0.7855928293135689,0.03264014806926627,0.004345109007443115,-0.02242485590468108
2025-10-16,"future_total_active_days:q6[35,41]",slice_shape_only,ETX-AVG3,17720,0.3234198645598194,2.8256449074653034,0.30778282735728824,1.8515728577233765,1.3553241799487238e-16,0.7866482520860199,0.05374489626988304,0.0005959482361497237,0.01806499894513935
2025-10-16,"future_total_active_days:q6[35,41]",slice_shape_only,SEQ-AVG3,17720,0.3234198645598194,2.8256449074653034,0.30789853934628947,1.8519208775379434,-3.368261275612213e-17,0.7866888072048945,0.09317676046247202,0.0009439680507166148,0.023305111311821825
2025-10-16,"future_total_active_days:q6[35,41]",slice_shape_only,BTYD,17720,0.3234198645598194,2.8256449074653034,0.3255836196465215,1.9043636664685117,2.887081093381897e-17,0.775691092918465,0.35966616161932635,0.05338675698128492,0.030220961369416856
2025-10-16,"future_total_active_days:q6[35,41]",slice_shape_only,FRESH,17720,0.3234198645598194,2.8256449074653034,0.3078318173654063,1.851720209934123,-8.340456491992146e-17,0.787069965650331,0.04670539782027514,0.000743300446896189,-0.018985386988213185
2025-10-16,"future_total_active_days:q6[35,41]",slice_shape_only,ZERO2D,17720,0.3234198645598194,2.8256449074653034,0.30764984962208036,1.851172827988605,1.2831471526141763e-17,0.7868641700713294,0.04705138852655075,0.00019591850137823386,-0.03232401121705529
2025-10-16,"future_total_active_days:q6[35,41]",slice_shape_only,BTYD05,17720,0.3234198645598194,2.8256449074653034,0.30738776464548767,1.850384158728583,-3.849441457842529e-17,0.7871481213970946,0.05968129190384136,-0.0005927507586438452,0.030220961369417015
2025-10-16,"future_total_active_days:q6[35,41]",slice_shape_only,SEQ_SLOT_25,17720,0.3234198645598194,2.8256449074653034,0.30756852632637055,1.8509281449091883,1.9247207289212646e-17,0.7868835561895211,0.04832869927206093,-4.8764578038484885e-05,0.007387976409364506
2025-10-16,"future_total_active_days:q6[35,41]",slice_shape_only,SEQ_SLOT_50,17720,0.3234198645598194,2.8256449074653034,0.30758473294899946,1.8509769094872268,3.127671184497055e-17,0.7868589596882118,0.043892614550394685,0.0,-0.010504888141758451
2025-10-16,"future_total_active_days:q6[35,41]",slice_shape_only,SEQ_SLOT_75,17720,0.3234198645598194,2.8256449074653034,0.30764818465631616,1.851167818814123,4.090031548957687e-17,0.7868091554115964,0.03945652982872844,0.00019090932689613815,-0.007387976409364677
2025-10-16,"future_total_active_days:q6[35,41]",slice_shape_only,BTYD05_FRESH1,17720,0.3234198645598194,2.8256449074653034,0.3076703597449405,1.8512345331209246,9.623603644606323e-18,0.7873294805703576,0.06249407517372187,0.00025762363369774555,0.0054980434606743045
2025-10-16,"future_total_active_days:q7[41,49]",fixed_fold,STRONGEST,21043,0.26312788100556006,3.159142233072109,0.3426331072617377,1.7927152255643606,-0.13326519449597982,0.7996351526208978,-0.035387154112119984,0.0,
2025-10-16,"future_total_active_days:q7[41,49]",fixed_fold,CAP,21043,0.26312788100556006,3.159142233072109,0.34813199482475965,1.8070435277537988,-0.12937238604489185,0.7959699707612876,-0.08443674906610224,0.014328302189438258,-0.02565463193677563
2025-10-16,"future_total_active_days:q7[41,49]",fixed_fold,UNC,21043,0.26312788100556006,3.159142233072109,0.3434331741059071,1.7948070486710581,-0.13681052676257585,0.7990069082767918,-0.06401832568997122,0.0020918231066975324,0.012145660977231066
2025-10-16,"future_total_active_days:q7[41,49]",fixed_fold,DIST,21043,0.26312788100556006,3.159142233072109,0.34413736183695803,1.796646174860767,-0.13219682540531238,0.798557042510894,-0.047333987708981964,0.003930949296406361,-0.017902770039422606
2025-10-16,"future_total_active_days:q7[41,49]",fixed_fold,ETX-AVG3,21043,0.26312788100556006,3.159142233072109,0.3428187416276573,1.793200795236429,-0.13291482732811263,0.7993975416391975,-0.027656305359862885,0.00048556967206847546,0.020816746632748167
2025-10-16,"future_total_active_days:q7[41,49]",fixed_fold,SEQ-AVG3,21043,0.26312788100556006,3.159142233072109,0.34369448264809116,1.7954897276764321,-0.13344732684101665,0.7989584205183142,0.017331300526512865,0.0027745021120715307,0.007722138254729296
2025-10-16,"future_total_active_days:q7[41,49]",fixed_fold,BTYD,21043,0.26312788100556006,3.159142233072109,0.3657857445835352,1.852294480623409,-0.1559317801195558,0.7868512962793991,0.26056693876523807,0.059579255059048375,0.024882062955844737
2025-10-16,"future_total_active_days:q7[41,49]",fixed_fold,FRESH,21043,0.26312788100556006,3.159142233072109,0.3427187662441091,1.792939302809283,-0.13313774779462953,0.8000327103100908,-0.03538715411212004,0.0002240772449224604,0.0011993569764265366
2025-10-16,"future_total_active_days:q7[41,49]",fixed_fold,ZERO2D,21043,0.26312788100556006,3.159142233072109,0.34264655652392867,1.792750409643181,-0.13131853206696067,0.7996373423154916,-0.031006154898439827,3.5184078820416076e-05,-0.032718293741387405
2025-10-16,"future_total_active_days:q7[41,49]",fixed_fold,BTYD05,21043,0.26312788100556006,3.159142233072109,0.3424938128309079,1.7923507823352502,-0.13439852377715886,0.7997758288512342,-0.020589449468251964,-0.0003644432291103339,0.024882062955844903
2025-10-16,"future_total_active_days:q7[41,49]",fixed_fold,SEQ_SLOT_25,21043,0.26312788100556006,3.159142233072109,0.3427093698426004,1.7929147239202543,-0.13332510069118164,0.7995870259290823,-0.030326048449902696,0.00019949835589372356,-0.007380521328303056
2025-10-16,"future_total_active_days:q7[41,49]",fixed_fold,SEQ_SLOT_50,21043,0.26312788100556006,3.159142233072109,0.3426331072617377,1.7927152255643606,-0.13326519449597987,0.7996351526208978,-0.035387154112119956,0.0,0.001125249086580869
2025-10-16,"future_total_active_days:q7[41,49]",fixed_fold,SEQ_SLOT_75,21043,0.26312788100556006,3.159142233072109,0.3426139126170491,1.792665010023313,-0.13320528830077832,0.799638134332685,-0.04044825977433722,-5.021554104756021e-05,0.0073805213283028494
2025-10-16,"future_total_active_days:q7[41,49]",fixed_fold,BTYD05_FRESH1,21043,0.26312788100556006,3.159142233072109,0.34263085189086234,1.792709325310889,-0.13427107707580832,0.8001498822654793,-0.020589449468252013,-5.900253471580186e-06,0.014567677614993191
2025-10-16,"future_total_active_days:q7[41,49]",slice_shape_only,STRONGEST,21043,0.26312788100556006,3.159142233072109,0.34073971679636983,1.7877550917019436,-1.1818179799269831e-16,0.7996351526208978,0.09787804038385993,0.0,
2025-10-16,"future_total_active_days:q7[41,49]",slice_shape_only,CAP,21043,0.26312788100556006,3.159142233072109,0.34634760438857565,1.8024064738360062,-8.846751735453416e-17,0.7959699707612876,0.04493563697878953,0.014651382134062585,-0.02565463193677563
2025-10-16,"future_total_active_days:q7[41,49]",slice_shape_only,UNC,21043,0.26312788100556006,3.159142233072109,0.3414374606274098,1.7895845778100714,-1.8166230662877628e-16,0.7990069082767918,0.07280204330674088,0.0018294861081278313,0.012145660977231066
2025-10-16,"future_total_active_days:q7[41,49]",slice_shape_only,DIST,21043,0.26312788100556006,3.159142233072109,0.3422742077951404,1.7917760677591894,-1.1750647343274004e-16,0.798557042510894,0.08486283769633045,0.004020976057245829,-0.017902770039422606
2025-10-16,"future_total_active_days:q7[41,49]",slice_shape_only,ETX-AVG3,21043,0.26312788100556006,3.159142233072109,0.34093529389054333,1.7882680841285794,-1.4654542951094592e-16,0.7993975416391975,0.10525852196824959,0.0005129924266358277,0.020816746632748167
2025-10-16,"future_total_active_days:q7[41,49]",slice_shape_only,SEQ-AVG3,21043,0.26312788100556006,3.159142233072109,0.3417959132866594,1.7905237147691107,-1.2223374535244797e-16,0.7989584205183142,0.15077862736752948,0.0027686230671670753,0.007722138254729296
2025-10-16,"future_total_active_days:q7[41,49]",slice_shape_only,BTYD,21043,0.26312788100556006,3.159142233072109,0.3631934999473858,1.845719405244657,1.8909087678831732e-17,0.7868512962793991,0.4164987188847938,0.057964313542713475,0.024882062955844737
2025-10-16,"future_total_active_days:q7[41,49]",slice_shape_only,FRESH,21043,0.26312788100556006,3.159142233072109,0.34082899549332235,1.7879892851106272,1.1345452607299038e-16,0.8000327103100908,0.0977505936825094,0.00023419340868358063,0.0011993569764265366
2025-10-16,"future_total_active_days:q7[41,49]",slice_shape_only,ZERO2D,21043,0.26312788100556006,3.159142233072109,0.34080807720194506,1.7879344155789305,9.927271031386658e-17,0.7996373423154916,0.10031237716852089,0.00017932387698693653,-0.032718293741387405
2025-10-16,"future_total_active_days:q7[41,49]",slice_shape_only,BTYD05,21043,0.26312788100556006,3.159142233072109,0.3405680814487426,1.7873047764005732,-4.08571358774757e-17,0.7997758288512342,0.11380907430890676,-0.00045031530137040754,0.024882062955844903
2025-10-16,"future_total_active_days:q7[41,49]",slice_shape_only,SEQ_SLOT_25,21043,0.26312788100556006,3.159142233072109,0.3408142767374221,1.7879506773889842,1.127792015130321e-16,0.7995870259290823,0.10299905224127893,0.0001955856870405892,-0.007380521328303056
2025-10-16,"future_total_active_days:q7[41,49]",slice_shape_only,SEQ_SLOT_50,21043,0.26312788100556006,3.159142233072109,0.34073971679636994,1.7877550917019438,1.0197400855369969e-16,0.7996351526208978,0.09787804038385997,2.220446049250313e-16,0.001125249086580869
2025-10-16,"future_total_active_days:q7[41,49]",slice_shape_only,SEQ_SLOT_75,21043,0.26312788100556006,3.159142233072109,0.3407222240262826,1.7877092015567273,1.046753067935328e-16,0.799638134332685,0.092757028526441,-4.5890145216276323e-05,0.0073805213283028494
2025-10-16,"future_total_active_days:q7[41,49]",slice_shape_only,BTYD05_FRESH1,21043,0.26312788100556006,3.159142233072109,0.34070877102120034,1.7876739084401063,-6.145453495620312e-17,0.8001498822654793,0.11368162760755623,-8.118326183725877e-05,0.014567677614993191
2025-10-16,"future_total_active_days:q8[49,58]",fixed_fold,STRONGEST,20253,0.20120475978867328,3.5377207059309206,0.30090564416146476,1.7124620577582523,-0.16468360177932706,0.8151027942968828,-0.035387154112119984,0.0,
2025-10-16,"future_total_active_days:q8[49,58]",fixed_fold,CAP,20253,0.20120475978867328,3.5377207059309206,0.3056642778823439,1.7259496980933566,-0.1549546018476981,0.8106695679279672,-0.08443674906610224,0.0134876403351043,-0.026879699120187703
2025-10-16,"future_total_active_days:q8[49,58]",fixed_fold,UNC,20253,0.20120475978867328,3.5377207059309206,0.301967630370092,1.715481292097694,-0.17150006859747252,0.8143724227478504,-0.06401832568997122,0.0030192343394417342,0.007605428468822978
2025-10-16,"future_total_active_days:q8[49,58]",fixed_fold,DIST,20253,0.20120475978867328,3.5377207059309206,0.3022092405668862,1.7161674499108421,-0.16207078047781517,0.8142373760624706,-0.047333987708981964,0.0037053921525898037,-0.015974081881057343
2025-10-16,"future_total_active_days:q8[49,58]",fixed_fold,ETX-AVG3,20253,0.20120475978867328,3.5377207059309206,0.30125733945162214,1.713462519156309,-0.16517607152717423,0.8146240255076385,-0.027656305359862885,0.0010004613980567623,0.018645142125039534
2025-10-16,"future_total_active_days:q8[49,58]",fixed_fold,SEQ-AVG3,20253,0.20120475978867328,3.5377207059309206,0.30179338958301805,1.7149862888066398,-0.16543294733955588,0.8148870275243134,0.017331300526512865,0.002524231048387504,0.011420963795717387
2025-10-16,"future_total_active_days:q8[49,58]",fixed_fold,BTYD,20253,0.20120475978867328,3.5377207059309206,0.32561946532171876,1.7813980403639131,-0.1901693604485359,0.8029539244008563,0.26056693876523807,0.0689359826056608,0.01146694548115664
2025-10-16,"future_total_active_days:q8[49,58]",fixed_fold,FRESH,20253,0.20120475978867328,3.5377207059309206,0.3011643063441186,1.713197926346829,-0.16042555770702444,0.8155208732301005,-0.03538715411212004,0.0007358685885767713,-0.022409922310736262
2025-10-16,"future_total_active_days:q8[49,58]",fixed_fold,ZERO2D,20253,0.20120475978867328,3.5377207059309206,0.3008819726732021,1.712394698897518,-0.16196990853356125,0.8151027791282109,-0.031006154898439827,-6.735886073427899e-05,-0.04149304924634638
2025-10-16,"future_total_active_days:q8[49,58]",fixed_fold,BTYD05,20253,0.20120475978867328,3.5377207059309206,0.3009128084167694,1.712482443621055,-0.16595788971278777,0.8153038702107762,-0.020589449468251964,2.0385862802729804e-05,0.011466945481156624
2025-10-16,"future_total_active_days:q8[49,58]",fixed_fold,SEQ_SLOT_25,20253,0.20120475978867328,3.5377207059309206,0.3009549677408062,1.712602402910949,-0.16471250030822004,0.8151393659646858,-0.030326048449902696,0.0001403451526966748,-0.003539099426697504
2025-10-16,"future_total_active_days:q8[49,58]",fixed_fold,SEQ_SLOT_50,20253,0.20120475978867328,3.5377207059309206,0.30090564416146476,1.7124620577582523,-0.1646836017793271,0.8151027942968828,-0.035387154112119956,0.0,-0.005213132360138392
2025-10-16,"future_total_active_days:q8[49,58]",fixed_fold,SEQ_SLOT_75,20253,0.20120475978867328,3.5377207059309206,0.3009121692203085,1.7124806247996758,-0.16465470325043438,0.8150306369249462,-0.04044825977433722,1.856704142344512e-05,0.0035390994266972006
2025-10-16,"future_total_active_days:q8[49,58]",fixed_fold,BTYD05_FRESH1,20253,0.20120475978867328,3.5377207059309206,0.30122926920011306,1.7133826896583875,-0.16169984564048484,0.815689503354931,-0.020589449468252013,0.0009206319001351382,-0.010097568581003193
2025-10-16,"future_total_active_days:q8[49,58]",slice_shape_only,STRONGEST,20253,0.20120475978867328,3.5377207059309206,0.29812279842741973,1.7045250395833487,8.209499835474421e-17,0.8151027942968828,0.12929644766720716,0.0,
2025-10-16,"future_total_active_days:q8[49,58]",slice_shape_only,CAP,20253,0.20120475978867328,3.5377207059309206,0.3032005236956274,1.718979764777576,1.420874971524419e-16,0.8106695679279672,0.07051785278159575,0.014454725194227303,-0.026879699120187703
2025-10-16,"future_total_active_days:q8[49,58]",slice_shape_only,UNC,20253,0.20120475978867328,3.5377207059309206,0.298949610262428,1.7068870623557306,-1.3752666391051167e-16,0.8143724227478504,0.1074828051966447,0.0023620227723819553,0.007605428468822978
2025-10-16,"future_total_active_days:q8[49,58]",slice_shape_only,DIST,20253,0.20120475978867328,3.5377207059309206,0.29951399794746575,1.7084975207031454,2.001504126554768e-16,0.8142373760624706,0.1147367927688332,0.003972481119796756,-0.015974081881057343
2025-10-16,"future_total_active_days:q8[49,58]",slice_shape_only,ETX-AVG3,20253,0.20120475978867328,3.5377207059309206,0.2984578251914521,1.7054825328769376,-8.297208167050002e-17,0.8146240255076385,0.13751976616731118,0.0009574932935889624,0.018645142125039534
2025-10-16,"future_total_active_days:q8[49,58]",slice_shape_only,SEQ-AVG3,20253,0.20120475978867328,3.5377207059309206,0.2989851611468338,1.7069885502631,2.4558332841162796e-17,0.8148870275243134,0.1827642478660687,0.0024635106797512574,0.011420963795717387
2025-10-16,"future_total_active_days:q8[49,58]",slice_shape_only,BTYD,20253,0.20120475978867328,3.5377207059309206,0.3219086485547961,1.7712183921128934,-5.19233322927442e-17,0.8029539244008563,0.4507362992137739,0.06669335252954478,0.01146694548115664
2025-10-16,"future_total_active_days:q8[49,58]",slice_shape_only,FRESH,20253,0.20120475978867328,3.5377207059309206,0.29852350620690904,1.7056701836150696,-1.0244333128027909e-16,0.8155208732301005,0.12503840359490428,0.001145144031720946,-0.022409922310736262
2025-10-16,"future_total_active_days:q8[49,58]",slice_shape_only,ZERO2D,20253,0.20120475978867328,3.5377207059309206,0.29819008401747477,1.7047173823076809,5.227416561904653e-17,0.8151027791282109,0.1309637536351215,0.00019234272433221733,-0.04149304924634638
2025-10-16,"future_total_active_days:q8[49,58]",slice_shape_only,BTYD05,20253,0.20120475978867328,3.5377207059309206,0.2980867298850543,1.7044219250386385,-9.033958152284886e-17,0.8153038702107762,0.14536844024453566,-0.0001031145447101256,0.011466945481156624
2025-10-16,"future_total_active_days:q8[49,58]",slice_shape_only,SEQ_SLOT_25,20253,0.20120475978867328,3.5377207059309206,0.29817114525858457,1.7046632461276834,-6.630749867113955e-17,0.8151393659646858,0.1343864518583174,0.00013820654433471802,-0.003539099426697504
2025-10-16,"future_total_active_days:q8[49,58]",slice_shape_only,SEQ_SLOT_50,20253,0.20120475978867328,3.5377207059309206,0.29812279842741973,1.7045250395833487,1.3542166395269772e-16,0.8151027942968828,0.12929644766720721,0.0,-0.005213132360138392
2025-10-16,"future_total_active_days:q8[49,58]",slice_shape_only,SEQ_SLOT_75,20253,0.20120475978867328,3.5377207059309206,0.29813030006305624,1.7045464848492105,1.2629999746883725e-17,0.8150306369249462,0.12420644347609701,2.1445265861785856e-05,0.0035390994266972006
2025-10-16,"future_total_active_days:q8[49,58]",slice_shape_only,BTYD05_FRESH1,20253,0.20120475978867328,3.5377207059309206,0.2985463497804007,1.705735442892846,5.718583218727908e-17,0.815689503354931,0.14111039617223275,0.0012104033094972877,-0.010097568581003193
2025-10-16,"future_total_active_days:q9[58,69]",fixed_fold,STRONGEST,19120,0.14822175732217574,3.9218119111464587,0.25423652972999033,1.6200391286401363,-0.2126111483347561,0.8356152042646999,-0.035387154112119984,0.0,
2025-10-16,"future_total_active_days:q9[58,69]",fixed_fold,CAP,19120,0.14822175732217574,3.9218119111464587,0.25715658180292217,1.6293161052093321,-0.1992651874342433,0.832936593604562,-0.08443674906610224,0.009276976569195794,-0.00794794431400642
2025-10-16,"future_total_active_days:q9[58,69]",fixed_fold,UNC,19120,0.14822175732217574,3.9218119111464587,0.2558342022789595,1.625121479392666,-0.2233334886676119,0.8347429170756913,-0.06401832568997122,0.0050823507525297185,-0.004055991991571392
2025-10-16,"future_total_active_days:q9[58,69]",fixed_fold,DIST,19120,0.14822175732217574,3.9218119111464587,0.2550205456451738,1.6225351483015042,-0.20824360614151194,0.8346206647045044,-0.047333987708981964,0.002496019661367921,-0.001989360429663054
2025-10-16,"future_total_active_days:q9[58,69]",fixed_fold,ETX-AVG3,19120,0.14822175732217574,3.9218119111464587,0.25503225895764065,1.6225724100893837,-0.2112063362475293,0.8353162303222973,-0.027656305359862885,0.00253328144924736,0.003912622165369904
2025-10-16,"future_total_active_days:q9[58,69]",fixed_fold,SEQ-AVG3,19120,0.14822175732217574,3.9218119111464587,0.2553822263554091,1.6236853139492682,-0.21533488041091214,0.8348969864795921,0.017331300526512865,0.0036461853091318552,0.007057519333383487
2025-10-16,"future_total_active_days:q9[58,69]",fixed_fold,BTYD,19120,0.14822175732217574,3.9218119111464587,0.2789470060994701,1.6969434914655732,-0.22640414107430268,0.8238582419352868,0.26056693876523807,0.07690436282543689,-0.0042670915348993034
2025-10-16,"future_total_active_days:q9[58,69]",fixed_fold,FRESH,19120,0.14822175732217574,3.9218119111464587,0.2544903332886785,1.62084756700622,-0.20209539230757945,0.8360521928467943,-0.03538715411212004,0.0008084383660835748,-0.04425777013833958
2025-10-16,"future_total_active_days:q9[58,69]",fixed_fold,ZERO2D,19120,0.14822175732217574,3.9218119111464587,0.25415537604180255,1.6197805453362948,-0.2094405822037755,0.8356142292790193,-0.031006154898439827,-0.00025858330384154193,-0.03876263885444395
2025-10-16,"future_total_active_days:q9[58,69]",fixed_fold,BTYD05,19120,0.14822175732217574,3.9218119111464587,0.2543563358195291,1.620420796240677,-0.2133007979717338,0.835762557100578,-0.020589449468251964,0.0003816676005405917,-0.00426709153489904
2025-10-16,"future_total_active_days:q9[58,69]",fixed_fold,SEQ_SLOT_25,19120,0.14822175732217574,3.9218119111464587,0.25426798724293803,1.6201393518959772,-0.21307560955313679,0.835581166431269,-0.030326048449902696,0.0001002232558409144,0.0028320079028172985
2025-10-16,"future_total_active_days:q9[58,69]",fixed_fold,SEQ_SLOT_50,19120,0.14822175732217574,3.9218119111464587,0.25423652972999033,1.6200391286401363,-0.21261114833475617,0.8356152042646999,-0.035387154112119956,0.0,0.019100781215789814
2025-10-16,"future_total_active_days:q9[58,69]",fixed_fold,SEQ_SLOT_75,19120,0.14822175732217574,3.9218119111464587,0.2542591588738306,1.6201112254445993,-0.21214668711637588,0.8356118459806887,-0.04044825977433722,7.209680446296218e-05,-0.0028320079028168422
2025-10-16,"future_total_active_days:q9[58,69]",fixed_fold,BTYD05_FRESH1,19120,0.14822175732217574,3.9218119111464587,0.25467185433361966,1.6214255172460907,-0.2027850419445567,0.8361593546062787,-0.020589449468252013,0.001386388605954414,-0.03460280809761358
2025-10-16,"future_total_active_days:q9[58,69]",slice_shape_only,STRONGEST,19120,0.14822175732217574,3.9218119111464587,0.24985769040272754,1.606027172226195,4.236499575138673e-17,0.8356152042646999,0.1772239942226363,0.0,
2025-10-16,"future_total_active_days:q9[58,69]",slice_shape_only,CAP,19120,0.14822175732217574,3.9218119111464587,0.25331000502368745,1.6170844463962588,1.5905454545257474e-16,0.832936593604562,0.11483530527689342,0.011057274170063858,-0.00794794431400642
2025-10-16,"future_total_active_days:q9[58,69]",slice_shape_only,UNC,19120,0.14822175732217574,3.9218119111464587,0.25100228758826565,1.6097015712964051,-1.4270314358361844e-16,0.8347429170756913,0.15932205713084552,0.003674399070210166,-0.004055991991571392
2025-10-16,"future_total_active_days:q9[58,69]",slice_shape_only,DIST,19120,0.14822175732217574,3.9218119111464587,0.25081976218585206,1.6091161884633947,1.3898691588612837e-16,0.8346206647045044,0.16090961843252993,0.0030890162371997043,-0.001989360429663054
2025-10-16,"future_total_active_days:q9[58,69]",slice_shape_only,ETX-AVG3,19120,0.14822175732217574,3.9218119111464587,0.25071109415830783,1.608767574732959,-1.2709498725416018e-16,0.8353162303222973,0.18355003088766622,0.002740402506764106,0.003912622165369904
2025-10-16,"future_total_active_days:q9[58,69]",slice_shape_only,SEQ-AVG3,19120,0.14822175732217574,3.9218119111464587,0.2508904749685004,1.6093429988703316,1.7614919286102903e-16,0.8348969864795921,0.2326661809374249,0.0033158266441366546,0.007057519333383487
2025-10-16,"future_total_active_days:q9[58,69]",slice_shape_only,BTYD,19120,0.14822175732217574,3.9218119111464587,0.2739815896821829,1.6817723918924872,1.114868309247019e-16,0.8238582419352868,0.4869710798395407,0.07574521966629222,-0.0042670915348993034
2025-10-16,"future_total_active_days:q9[58,69]",slice_shape_only,FRESH,19120,0.14822175732217574,3.9218119111464587,0.2505339371677225,1.6081990821655223,-1.8581138487450318e-17,0.8360521928467943,0.1667082381954592,0.0021719099393273655,-0.04425777013833958
2025-10-16,"future_total_active_days:q9[58,69]",slice_shape_only,ZERO2D,19120,0.14822175732217574,3.9218119111464587,0.24990616191618564,1.60618294648402,1.635140186895628e-16,0.8356142292790193,0.17843442730533585,0.00015577425782509202,-0.03876263885444395
2025-10-16,"future_total_active_days:q9[58,69]",slice_shape_only,BTYD05,19120,0.14822175732217574,3.9218119111464587,0.24994904301967683,1.6063207420916568,1.7094647408454293e-17,0.835762557100578,0.1927113485034817,0.00029356986546180686,-0.00426709153489904
2025-10-16,"future_total_active_days:q9[58,69]",slice_shape_only,SEQ_SLOT_25,19120,0.14822175732217574,3.9218119111464587,0.24986999536847948,1.6060667184695274,1.7243296516353896e-16,0.835581166431269,0.18274956110323418,3.95462433324667e-05,0.0028320079028172985
2025-10-16,"future_total_active_days:q9[58,69]",slice_shape_only,SEQ_SLOT_50,19120,0.14822175732217574,3.9218119111464587,0.24985769040272754,1.606027172226195,0.0,0.8356152042646999,0.17722399422263632,0.0,0.019100781215789814
2025-10-16,"future_total_active_days:q9[58,69]",slice_shape_only,SEQ_SLOT_75,19120,0.14822175732217574,3.9218119111464587,0.24989943029957926,1.6061613138029278,-1.4790586236010454e-16,0.8356118459806887,0.17169842734203852,0.0001341415767328602,-0.0028320079028168422
2025-10-16,"future_total_active_days:q9[58,69]",slice_shape_only,BTYD05_FRESH1,19120,0.14822175732217574,3.9218119111464587,0.2506884097712243,1.608694792289792,-1.4864910789960254e-17,0.8361593546062787,0.1821955924763046,0.0026676200635971092,-0.03460280809761358
2025-10-16,"future_total_active_days:q10[69,90]",fixed_fold,STRONGEST,18477,0.09303458353628836,4.456166820004872,0.19384482890253105,1.439003508422925,-0.2544691444605483,0.8786943535464051,-0.035387154112119984,0.0,
2025-10-16,"future_total_active_days:q10[69,90]",fixed_fold,CAP,18477,0.09303458353628836,4.456166820004872,0.19593496249307668,1.4467407417068205,-0.23275810525862944,0.8753484482696255,-0.08443674906610224,0.007737233283895639,-0.01613880576626961
2025-10-16,"future_total_active_days:q10[69,90]",fixed_fold,UNC,18477,0.09303458353628836,4.456166820004872,0.1954948208643144,1.4451148735471986,-0.25942463107278496,0.8764261029315026,-0.06401832568997122,0.006111365124273682,-0.0141980882061612
2025-10-16,"future_total_active_days:q10[69,90]",fixed_fold,DIST,18477,0.09303458353628836,4.456166820004872,0.19489946796493876,1.4429127452563852,-0.2471086382081875,0.8776145813437997,-0.047333987708981964,0.003909236833460339,-0.006071624211148908
2025-10-16,"future_total_active_days:q10[69,90]",fixed_fold,ETX-AVG3,18477,0.09303458353628836,4.456166820004872,0.1949870158383684,1.4432367834922868,-0.25809951871112474,0.8792685195078613,-0.027656305359862885,0.004233275069361886,0.00940831360341185
2025-10-16,"future_total_active_days:q10[69,90]",fixed_fold,SEQ-AVG3,18477,0.09303458353628836,4.456166820004872,0.19512498994443261,1.4437473151559943,-0.2643339798213609,0.8786285882855841,0.017331300526512865,0.0047438067330694,0.017718139496586346
2025-10-16,"future_total_active_days:q10[69,90]",fixed_fold,BTYD,18477,0.09303458353628836,4.456166820004872,0.21744332215247056,1.5240800564835135,-0.23789192705987103,0.8662432140630253,0.26056693876523807,0.08507654806058862,-0.025920017977147453
2025-10-16,"future_total_active_days:q10[69,90]",fixed_fold,FRESH,18477,0.09303458353628836,4.456166820004872,0.19377921858308023,1.4387599593152272,-0.23174171689485973,0.8791331704701517,-0.03538715411212004,-0.00024354910769774918,-0.07048904285791441
2025-10-16,"future_total_active_days:q10[69,90]",fixed_fold,ZERO2D,18477,0.09303458353628836,4.456166820004872,0.19370331709248473,1.4384781573708263,-0.250830003909399,0.8786950478220538,-0.031006154898439827,-0.0005253510520986104,-0.03610245832084892
2025-10-16,"future_total_active_days:q10[69,90]",fixed_fold,BTYD05,18477,0.09303458353628836,4.456166820004872,0.19402130729509137,1.4396584014458782,-0.2536402835905149,0.8787617329981092,-0.020589449468251964,0.0006548930229532957,-0.025920017977147408
2025-10-16,"future_total_active_days:q10[69,90]",fixed_fold,SEQ_SLOT_25,18477,0.09303458353628836,4.456166820004872,0.19387691819917482,1.4391226106446362,-0.25517052133545,0.8786138522849409,-0.030326048449902696,0.00011910222171129803,0.006611823831893411
2025-10-16,"future_total_active_days:q10[69,90]",fixed_fold,SEQ_SLOT_50,18477,0.09303458353628836,4.456166820004872,0.19384482890253105,1.439003508422925,-0.25446914446054836,0.8786943535464051,-0.035387154112119956,0.0,0.005332099425495566
2025-10-16,"future_total_active_days:q10[69,90]",fixed_fold,SEQ_SLOT_75,18477,0.09303458353628836,4.456166820004872,0.1938728908695506,1.4391076634005922,-0.2537677675856473,0.8787095581831111,-0.04044825977433722,0.0001041549776672479,-0.0066118238318931405
2025-10-16,"future_total_active_days:q10[69,90]",fixed_fold,BTYD05_FRESH1,18477,0.09303458353628836,4.456166820004872,0.1940316530993862,1.4396967844094086,-0.2309128560248258,0.8791617399130947,-0.020589449468252013,0.0006932759864837212,-0.06448407765728753
2025-10-16,"future_total_active_days:q10[69,90]",slice_shape_only,STRONGEST,18477,0.09303458353628836,4.456166820004872,0.1877830404808659,1.4163250162907537,-1.968922880928567e-16,0.8786943535464051,0.2190819903484286,0.0,
2025-10-16,"future_total_active_days:q10[69,90]",slice_shape_only,CAP,18477,0.09303458353628836,4.456166820004872,0.19086331137875845,1.4278940040573624,-1.645896470776224e-16,0.8753484482696255,0.14832398046840406,0.011568987766608751,-0.01613880576626961
2025-10-16,"future_total_active_days:q10[69,90]",slice_shape_only,UNC,18477,0.09303458353628836,4.456166820004872,0.18919458037125925,1.4216382127840321,-1.2459590105876088e-16,0.8764261029315026,0.19540759297240765,0.005313196493278438,-0.0141980882061612
2025-10-16,"future_total_active_days:q10[69,90]",slice_shape_only,DIST,18477,0.09303458353628836,4.456166820004872,0.189183281737895,1.4215957622848392,-1.0152258604787923e-16,0.8776145813437997,0.19977465049920537,0.005270745994085502,-0.006071624211148908
2025-10-16,"future_total_active_days:q10[69,90]",slice_shape_only,ETX-AVG3,18477,0.09303458353628836,4.456166820004872,0.1887510331070542,1.419970792539849,-2.607284596229626e-16,0.8792685195078613,0.23044321335126172,0.003645776249095345,0.00940831360341185
2025-10-16,"future_total_active_days:q10[69,90]",slice_shape_only,SEQ-AVG3,18477,0.09303458353628836,4.456166820004872,0.18858410508831688,1.4193427553385203,2.8610910613493235e-16,0.8786285882855841,0.2816652803478737,0.0030177390477665877,0.017718139496586346
2025-10-16,"future_total_active_days:q10[69,90]",slice_shape_only,BTYD,18477,0.09303458353628836,4.456166820004872,0.21214559090102683,1.5053994319151747,-5.460684552575322e-17,0.8662432140630253,0.498458865825109,0.08907441562442098,-0.025920017977147453
2025-10-16,"future_total_active_days:q10[69,90]",slice_shape_only,FRESH,18477,0.09303458353628836,4.456166820004872,0.18875187051248285,1.4199739424297113,2.2765670810736554e-16,0.8791331704701517,0.1963545627827395,0.00364892613895762,-0.07048904285791441
2025-10-16,"future_total_active_days:q10[69,90]",slice_shape_only,ZERO2D,18477,0.09303458353628836,4.456166820004872,0.18781366712950895,1.4164405100009594,-1.2690323255984904e-16,0.8786950478220538,0.21982384901095933,0.0001154937102056941,-0.03610245832084892
2025-10-16,"future_total_active_days:q10[69,90]",slice_shape_only,BTYD05,18477,0.09303458353628836,4.456166820004872,0.18799894366492734,1.417138990852282,-2.8149444313275603e-16,0.8787617329981092,0.23305083412226277,0.0008139745615283189,-0.025920017977147408
2025-10-16,"future_total_active_days:q10[69,90]",slice_shape_only,SEQ_SLOT_25,18477,0.09303458353628836,4.456166820004872,0.18778166829492893,1.4163198415294573,1.6612786807834782e-16,0.8786138522849409,0.22484447288554746,-5.1747612963559675e-06,0.006611823831893411
2025-10-16,"future_total_active_days:q10[69,90]",slice_shape_only,SEQ_SLOT_50,18477,0.09303458353628836,4.456166820004872,0.1877830404808659,1.4163250162907537,-2.545755756200608e-16,0.8786943535464051,0.21908199034842862,0.0,0.005332099425495566
2025-10-16,"future_total_active_days:q10[69,90]",slice_shape_only,SEQ_SLOT_75,18477,0.09303458353628836,4.456166820004872,0.18784447182966768,1.4165566656483985,-9.69079230457029e-17,0.8787095581831111,0.21331950781130982,0.0002316493576448586,-0.0066118238318931405
2025-10-16,"future_total_active_days:q10[69,90]",slice_shape_only,BTYD05_FRESH1,18477,0.09303458353628836,4.456166820004872,0.18904020292610668,1.4210580860616675,1.507456580710934e-16,0.8791617399130947,0.2103234065565737,0.004733069770913811,-0.06448407765728753
2025-10-16,"days_to_first_activity_after_target:q1[1,2]",fixed_fold,STRONGEST,120969,0.28244426257966915,3.1688458647979934,1.8491458349875458,1.7369967614271857,-0.14429604679933256,0.8404852277430116,-0.035387154112119984,0.0,
2025-10-16,"days_to_first_activity_after_target:q1[1,2]",fixed_fold,CAP,120969,0.28244426257966915,3.1688458647979934,1.8776286392291857,1.750323313144831,-0.1389280663951386,0.8372120311177809,-0.08443674906610224,0.013326551717645296,-0.022549431734079715
2025-10-16,"days_to_first_activity_after_target:q1[1,2]",fixed_fold,UNC,120969,0.28244426257966915,3.1688458647979934,1.8564655895180802,1.7404312748632762,-0.14714149378609537,0.8392958043504214,-0.06401832568997122,0.0034345134360904694,0.0003108347603475289
2025-10-16,"days_to_first_activity_after_target:q1[1,2]",fixed_fold,DIST,120969,0.28244426257966915,3.1688458647979934,1.8564803935401577,1.7404382142139967,-0.1432056410303626,0.8403464021287137,-0.047333987708981964,0.0034414527868109612,-0.009548985466573626
2025-10-16,"days_to_first_activity_after_target:q1[1,2]",fixed_fold,ETX-AVG3,120969,0.28244426257966915,3.1688458647979934,1.85148541732938,1.7380952584380989,-0.14455838839266041,0.8399129493898552,-0.027656305359862885,0.0010984970109131353,0.0167126814529913
2025-10-16,"days_to_first_activity_after_target:q1[1,2]",fixed_fold,SEQ-AVG3,120969,0.28244426257966915,3.1688458647979934,1.8548186478902358,1.7396591019945546,-0.14517186443187227,0.8396805822779286,0.017331300526512865,0.002662340567368915,0.010525906327247878
2025-10-16,"days_to_first_activity_after_target:q1[1,2]",fixed_fold,BTYD,120969,0.28244426257966915,3.1688458647979934,1.9764174644085992,1.7957785027436501,-0.15910859161341884,0.8287970191494007,0.26056693876523807,0.05878174131646441,0.01981618125342337
2025-10-16,"days_to_first_activity_after_target:q1[1,2]",fixed_fold,FRESH,120969,0.28244426257966915,3.1688458647979934,1.849655154886647,1.7372359600042875,-0.14107009557381134,0.8407335573526467,-0.03538715411212004,0.0002391985771017513,-0.005441172442603394
2025-10-16,"days_to_first_activity_after_target:q1[1,2]",fixed_fold,ZERO2D,120969,0.28244426257966915,3.1688458647979934,1.8491090410152293,1.7369794801161418,-0.1429685593348848,0.8404869146608214,-0.031006154898439827,-1.7281311043948477e-05,-0.014638119174303308
2025-10-16,"days_to_first_activity_after_target:q1[1,2]",fixed_fold,BTYD05,120969,0.28244426257966915,3.1688458647979934,1.848617148936476,1.7367484328233052,-0.1450366740400371,0.8406312884240502,-0.020589449468251964,-0.00024832860388057654,0.019816181253423427
2025-10-16,"days_to_first_activity_after_target:q1[1,2]",fixed_fold,SEQ_SLOT_25,120969,0.28244426257966915,3.1688458647979934,1.849422110365603,1.737126516340101,-0.14436506285374395,0.8404688022954425,-0.030326048449902696,0.00012975491291533636,-0.0027622165270634992
2025-10-16,"days_to_first_activity_after_target:q1[1,2]",fixed_fold,SEQ_SLOT_50,120969,0.28244426257966915,3.1688458647979934,1.8491458349875458,1.7369967614271857,-0.14429604679933258,0.8404852277430116,-0.035387154112119956,0.0,0.0011124858947746403
2025-10-16,"days_to_first_activity_after_target:q1[1,2]",fixed_fold,SEQ_SLOT_75,120969,0.28244426257966915,3.1688458647979934,1.849204062760635,1.7370241093667502,-0.1442270307449214,0.8404664695069423,-0.04044825977433722,2.7347939564492663e-05,0.0027622165270635114
2025-10-16,"days_to_first_activity_after_target:q1[1,2]",fixed_fold,BTYD05_FRESH1,120969,0.28244426257966915,3.1688458647979934,1.849427642375917,1.7371291143934509,-0.14181072281451568,0.8408537606149201,-0.020589449468252013,0.00013235296626512572,0.0063774909635854965
2025-10-16,"days_to_first_activity_after_target:q1[1,2]",slice_shape_only,STRONGEST,120969,0.28244426257966915,3.1688458647979934,1.836384914211126,1.7309928942911972,-5.979486521371442e-17,0.8404852277430116,0.10890889268721267,0.0,
2025-10-16,"days_to_first_activity_after_target:q1[1,2]",slice_shape_only,CAP,120969,0.28244426257966915,3.1688458647979934,1.865799203144112,1.7448009078066355,1.4331971622933515e-17,0.8372120311177809,0.054494269101629904,0.013808013515438367,-0.022549431734079715
2025-10-16,"days_to_first_activity_after_target:q1[1,2]",slice_shape_only,UNC,120969,0.28244426257966915,3.1688458647979934,1.843197171454686,1.7342005696403304,-5.991234039095158e-17,0.8392958043504214,0.0831268582434429,0.0032076753491332433,0.0003108347603475289
2025-10-16,"days_to_first_activity_after_target:q1[1,2]",slice_shape_only,DIST,120969,0.28244426257966915,3.1688458647979934,1.8439116056404892,1.7345366303060563,1.5530218430752548e-16,0.8403464021287137,0.09587165332138062,0.0035437360148591335,-0.009548985466573626
2025-10-16,"days_to_first_activity_after_target:q1[1,2]",slice_shape_only,ETX-AVG3,120969,0.28244426257966915,3.1688458647979934,1.8386780536520924,1.7320733240109436,9.398014178972797e-19,0.8399129493898552,0.11690208303279738,0.001080429719746423,0.0167126814529913
2025-10-16,"days_to_first_activity_after_target:q1[1,2]",slice_shape_only,SEQ-AVG3,120969,0.28244426257966915,3.1688458647979934,1.8419023499256049,1.7335913361948583,-3.089597161337307e-17,0.8396805822779286,0.16250316495838507,0.0025984419036610973,0.010525906327247878
2025-10-16,"days_to_first_activity_after_target:q1[1,2]",slice_shape_only,BTYD,120969,0.28244426257966915,3.1688458647979934,1.9609021561281428,1.788715988353383,1.0079370206948325e-16,0.8287970191494007,0.4196755303786569,0.05772309406218579,0.01981618125342337
2025-10-16,"days_to_first_activity_after_target:q1[1,2]",slice_shape_only,FRESH,120969,0.28244426257966915,3.1688458647979934,1.837458434507266,1.7314987753004083,5.1689077984350385e-17,0.8407335573526467,0.10568294146169122,0.0005058810092111177,-0.005441172442603394
2025-10-16,"days_to_first_activity_after_target:q1[1,2]",slice_shape_only,ZERO2D,120969,0.28244426257966915,3.1688458647979934,1.8365818347588614,1.7310857013407077,3.994156026063439e-17,0.8404869146608214,0.11196240443644506,9.280704951053487e-05,-0.014638119174303308
2025-10-16,"days_to_first_activity_after_target:q1[1,2]",slice_shape_only,BTYD05,120969,0.28244426257966915,3.1688458647979934,1.835724896214217,1.730681796893239,8.669668080102406e-17,0.8406312884240502,0.12444722457178503,-0.0003110973979580933,0.019816181253423427
2025-10-16,"days_to_first_activity_after_target:q1[1,2]",slice_shape_only,SEQ_SLOT_25,120969,0.28244426257966915,3.1688458647979934,1.8366489797048333,1.7311173450691115,7.353946095046214e-17,0.8404688022954425,0.11403901440384132,0.00012445077791434223,-0.0027622165270634992
2025-10-16,"days_to_first_activity_after_target:q1[1,2]",slice_shape_only,SEQ_SLOT_50,120969,0.28244426257966915,3.1688458647979934,1.836384914211126,1.7309928942911972,-8.963356023195305e-17,0.8404852277430116,0.10890889268721271,0.0,0.0011124858947746403
2025-10-16,"days_to_first_activity_after_target:q1[1,2]",slice_shape_only,SEQ_SLOT_75,120969,0.28244426257966915,3.1688458647979934,1.836455346030037,1.7310260888050926,4.8047347489998423e-17,0.8404664695069423,0.10377877097058412,3.319451389538486e-05,0.0027622165270635114
2025-10-16,"days_to_first_activity_after_target:q1[1,2]",slice_shape_only,BTYD05_FRESH1,120969,0.28244426257966915,3.1688458647979934,1.8371025186544878,1.7313310714499985,-6.496377301214946e-17,0.8408537606149201,0.12122127334626355,0.000338177158801356,0.0063774909635854965
2025-10-16,"days_to_first_activity_after_target:q2[2,3]",fixed_fold,STRONGEST,17740,0.4177001127395716,2.401590615298519,0.2890609037220965,1.7933635664261303,0.035747899911189235,0.8156484068910828,-0.035387154112119984,0.0,
2025-10-16,"days_to_first_activity_after_target:q2[2,3]",fixed_fold,CAP,17740,0.4177001127395716,2.401590615298519,0.29435289357118766,1.8097051367791865,0.030845921463929536,0.8111984667902536,-0.08443674906610224,0.01634157035305628,-0.03170764718789808
2025-10-16,"days_to_first_activity_after_target:q2[2,3]",fixed_fold,UNC,17740,0.4177001127395716,2.401590615298519,0.290065310603763,1.7964765863307282,0.037549665530915294,0.8146023727126289,-0.06401832568997122,0.0031130199045978912,0.0011719649462866293
2025-10-16,"days_to_first_activity_after_target:q2[2,3]",fixed_fold,DIST,17740,0.4177001127395716,2.401590615298519,0.2906223803197804,1.7982008233136981,0.03469596262533824,0.8145947824360216,-0.047333987708981964,0.0048372568875678645,-0.028196112789912235
2025-10-16,"days_to_first_activity_after_target:q2[2,3]",fixed_fold,ETX-AVG3,17740,0.4177001127395716,2.401590615298519,0.288882843585501,1.792811129641093,0.035884593013956106,0.8155529013538388,-0.027656305359862885,-0.0005524367850373579,0.031342979486248514
2025-10-16,"days_to_first_activity_after_target:q2[2,3]",fixed_fold,SEQ-AVG3,17740,0.4177001127395716,2.401590615298519,0.2893700236848405,1.7943222162165404,0.03728618777884563,0.8151151213725729,0.017331300526512865,0.0009586497904101599,0.023246708761690167
2025-10-16,"days_to_first_activity_after_target:q2[2,3]",fixed_fold,BTYD,17740,0.4177001127395716,2.401590615298519,0.30397997426713397,1.8390610708651374,0.036137415115478244,0.8044959128777338,0.26056693876523807,0.04569750443900711,0.03535205509616377
2025-10-16,"days_to_first_activity_after_target:q2[2,3]",fixed_fold,FRESH,17740,0.4177001127395716,2.401590615298519,0.2890245909589768,1.793250918830289,0.032762520454168435,0.8158652458086911,-0.03538715411212004,-0.00011264759584128647,0.009408743848204944
2025-10-16,"days_to_first_activity_after_target:q2[2,3]",fixed_fold,ZERO2D,17740,0.4177001127395716,2.401590615298519,0.2891065061041294,1.7935050217807005,0.03532828270314698,0.815648210928692,-0.031006154898439827,0.00014145535457021907,-0.021153696249053194
2025-10-16,"days_to_first_activity_after_target:q2[2,3]",fixed_fold,BTYD05,17740,0.4177001127395716,2.401590615298519,0.2888408754639678,1.792680897524608,0.035767375671403576,0.8158408942155821,-0.020589449468251964,-0.0006826689015222431,0.035352055096163834
2025-10-16,"days_to_first_activity_after_target:q2[2,3]",fixed_fold,SEQ_SLOT_25,17740,0.4177001127395716,2.401590615298519,0.2890926305078101,1.793461981846006,0.03590557932223927,0.8156153937602961,-0.030326048449902696,9.841541987576363e-05,-0.0014654928284925557
2025-10-16,"days_to_first_activity_after_target:q2[2,3]",fixed_fold,SEQ_SLOT_50,17740,0.4177001127395716,2.401590615298519,0.2890609037220965,1.7933635664261303,0.03574789991118922,0.8156484068910828,-0.035387154112119956,0.0,-0.004640251423085117
2025-10-16,"days_to_first_activity_after_target:q2[2,3]",fixed_fold,SEQ_SLOT_75,17740,0.4177001127395716,2.401590615298519,0.2890754484530898,1.7934086843618335,0.035590220500139096,0.8156389745680008,-0.04044825977433722,4.5117935703276046e-05,0.0014654928284925212
2025-10-16,"days_to_first_activity_after_target:q2[2,3]",fixed_fold,BTYD05_FRESH1,17740,0.4177001127395716,2.401590615298519,0.28883494581784797,1.792662496358451,0.03278199621438289,0.8160386202679982,-0.020589449468252013,-0.0007010700676792769,0.02728825846124066
2025-10-16,"days_to_first_activity_after_target:q2[2,3]",slice_shape_only,STRONGEST,17740,0.4177001127395716,2.401590615298519,0.2889460477087688,1.7930072417691427,-6.768980966372995e-17,0.8156484068910828,-0.07113505402330918,0.0,
2025-10-16,"days_to_first_activity_after_target:q2[2,3]",slice_shape_only,CAP,17740,0.4177001127395716,2.401590615298519,0.2942668179963936,1.8094405176728148,-0.0002709285650335915,0.8111984667902536,-0.11555818532167496,0.01643327590367205,-0.03170764718789808
2025-10-16,"days_to_first_activity_after_target:q2[2,3]",slice_shape_only,UNC,17740,0.4177001127395716,2.401590615298519,0.2899385532054544,1.796084016841819,-1.493982189619602e-16,0.8146023727126289,-0.10157864950520848,0.003076775072676341,0.0011719649462866293
2025-10-16,"days_to_first_activity_after_target:q2[2,3]",slice_shape_only,DIST,17740,0.4177001127395716,2.401590615298519,0.2905141844564127,1.7978660658842407,6.0079712719286935e-18,0.8145947824360216,-0.08203007719519173,0.0048588241150979705,-0.028196112789912235
2025-10-16,"days_to_first_activity_after_target:q2[2,3]",slice_shape_only,ETX-AVG3,17740,0.4177001127395716,2.401590615298519,0.2887671075181387,1.7924519638052212,-3.164198203215779e-17,0.8155529013538388,-0.06354089837381913,-0.0005552779639215188,0.031342979486248514
2025-10-16,"days_to_first_activity_after_target:q2[2,3]",slice_shape_only,SEQ-AVG3,17740,0.4177001127395716,2.401590615298519,0.2892450651835876,1.79393475378518,-3.4445701959057845e-17,0.8151151213725729,-0.019958748783273098,0.0009275120160372463,0.023246708761690167
2025-10-16,"days_to_first_activity_after_target:q2[2,3]",slice_shape_only,BTYD,17740,0.4177001127395716,2.401590615298519,0.303862601635995,1.838705987807838,-5.6074398538001146e-18,0.8044959128777338,0.2244295236497598,0.04569874603869528,0.03535205509616377
2025-10-16,"days_to_first_activity_after_target:q2[2,3]",slice_shape_only,FRESH,17740,0.4177001127395716,2.401590615298519,0.28892811762633713,1.7929516098152691,-1.1415145416664519e-17,0.8158652458086911,-0.06814967456628852,-5.5631953873591655e-05,0.009408743848204944
2025-10-16,"days_to_first_activity_after_target:q2[2,3]",slice_shape_only,ZERO2D,17740,0.4177001127395716,2.401590615298519,0.288994330678718,1.7931570415314542,3.805048472221506e-18,0.815648210928692,-0.06633443760158678,0.0001497997623114422,-0.021153696249053194
2025-10-16,"days_to_first_activity_after_target:q2[2,3]",slice_shape_only,BTYD05,17740,0.4177001127395716,2.401590615298519,0.2887258942674813,1.7923240485992522,-9.21222261695733e-18,0.8158408942155821,-0.05635682513965562,-0.0006831931698905169,0.035352055096163834
2025-10-16,"days_to_first_activity_after_target:q2[2,3]",slice_shape_only,SEQ_SLOT_25,17740,0.4177001127395716,2.401590615298519,0.2889767590295196,1.7931025262657285,-2.4832947923971935e-17,0.8156153937602961,-0.06623162777214196,9.528449658580129e-05,-0.0014654928284925557
2025-10-16,"days_to_first_activity_after_target:q2[2,3]",slice_shape_only,SEQ_SLOT_50,17740,0.4177001127395716,2.401590615298519,0.2889460477087688,1.7930072417691427,-8.611425489764461e-17,0.8156484068910828,-0.07113505402330915,0.0,-0.004640251423085117
2025-10-16,"days_to_first_activity_after_target:q2[2,3]",slice_shape_only,SEQ_SLOT_75,17740,0.4177001127395716,2.401590615298519,0.28896160343549565,1.7930555053732145,1.1014613998535938e-17,0.8156389745680008,-0.07603848027447635,4.8263604071729915e-05,0.0014654928284925212
2025-10-16,"days_to_first_activity_after_target:q2[2,3]",slice_shape_only,BTYD05_FRESH1,17740,0.4177001127395716,2.401590615298519,0.28873835775350126,1.7923627329796592,-4.4859518830400917e-17,0.8160386202679982,-0.05337144568263495,-0.0006445087894835222,0.02728825846124066
2025-10-16,"days_to_first_activity_after_target:q3[3,5]",fixed_fold,STRONGEST,20092,0.4842723472028668,2.0745236075281097,0.3304845484017442,1.8018327111035863,0.14881839325107482,0.8034659111985786,-0.035387154112119984,0.0,
2025-10-16,"days_to_first_activity_after_target:q3[3,5]",fixed_fold,CAP,20092,0.4842723472028668,2.0745236075281097,0.33682799893532467,1.8190430612995414,0.14445858504507417,0.7981106801216319,-0.08443674906610224,0.01721035019595507,-0.038915508719890315
2025-10-16,"days_to_first_activity_after_target:q3[3,5]",fixed_fold,UNC,20092,0.4842723472028668,2.0745236075281097,0.3317762717447663,1.8053505753222436,0.1520255592933215,0.8024215287378005,-0.06401832568997122,0.003517864218657296,-0.00045548478384274546
2025-10-16,"days_to_first_activity_after_target:q3[3,5]",fixed_fold,DIST,20092,0.4842723472028668,2.0745236075281097,0.3315275864273174,1.8046738416589136,0.14659626767961564,0.8026746424847052,-0.047333987708981964,0.002841130555327309,-0.008443816714765094
2025-10-16,"days_to_first_activity_after_target:q3[3,5]",fixed_fold,ETX-AVG3,20092,0.4842723472028668,2.0745236075281097,0.33037930201093196,1.8015457816677711,0.14774596647978985,0.803143755158831,-0.027656305359862885,-0.0002869294358152086,0.026584619887848954
2025-10-16,"days_to_first_activity_after_target:q3[3,5]",fixed_fold,SEQ-AVG3,20092,0.4842723472028668,2.0745236075281097,0.33113108574464145,1.8035943410156394,0.15138041733857446,0.8032593943043926,0.017331300526512865,0.0017616299120530865,0.016983576063319208
2025-10-16,"days_to_first_activity_after_target:q3[3,5]",fixed_fold,BTYD,20092,0.4842723472028668,2.0745236075281097,0.34844568127061526,1.85014782923461,0.15799680805692465,0.7917786558246165,0.26056693876523807,0.04831511813102374,0.026405895165303905
2025-10-16,"days_to_first_activity_after_target:q3[3,5]",fixed_fold,FRESH,20092,0.4842723472028668,2.0745236075281097,0.330250161791903,1.8011936488996274,0.14425729624154598,0.8036495313634112,-0.03538715411212004,-0.0006390622039589289,0.0180154345188922
2025-10-16,"days_to_first_activity_after_target:q3[3,5]",fixed_fold,ZERO2D,20092,0.4842723472028668,2.0745236075281097,0.3305572815684206,1.802030974214189,0.1477315016142315,0.8034674783128251,-0.031006154898439827,0.00019826311060255897,-0.04137623606442963
2025-10-16,"days_to_first_activity_after_target:q3[3,5]",fixed_fold,BTYD05,20092,0.4842723472028668,2.0745236075281097,0.3303286173814935,1.8014075856879612,0.14927731399136723,0.8036485891111744,-0.020589449468251964,-0.0004251254156251161,0.026405895165303974
2025-10-16,"days_to_first_activity_after_target:q3[3,5]",fixed_fold,SEQ_SLOT_25,20092,0.4842723472028668,2.0745236075281097,0.3305398314944897,1.8019834091014353,0.1492272689726881,0.8035042162316139,-0.030326048449902696,0.00015069799784894755,-0.0030902640440796402
2025-10-16,"days_to_first_activity_after_target:q3[3,5]",fixed_fold,SEQ_SLOT_50,20092,0.4842723472028668,2.0745236075281097,0.3304845484017442,1.8018327111035863,0.14881839325107482,0.8034659111985786,-0.035387154112119956,0.0,-0.006679696030376162
2025-10-16,"days_to_first_activity_after_target:q3[3,5]",fixed_fold,SEQ_SLOT_75,20092,0.4842723472028668,2.0745236075281097,0.33047955577667254,1.8018191009224336,0.14840951752946155,0.8033933379394591,-0.04044825977433722,-1.3610181152756695e-05,0.003090264044079515
2025-10-16,"days_to_first_activity_after_target:q3[3,5]",fixed_fold,BTYD05_FRESH1,20092,0.4842723472028668,2.0745236075281097,0.3301246711580796,1.8008514016651913,0.14471621698183848,0.8038089703603153,-0.020589449468252013,-0.0009813094383950283,0.02778202506182641
2025-10-16,"days_to_first_activity_after_target:q3[3,5]",slice_shape_only,STRONGEST,20092,0.4842723472028668,2.0745236075281097,0.32822990987223555,1.7956759422073507,-2.121867616245571e-18,0.8034659111985786,-0.18425521563757602,0.0,
2025-10-16,"days_to_first_activity_after_target:q3[3,5]",slice_shape_only,CAP,20092,0.4842723472028668,2.0745236075281097,0.3346980278263957,1.8132824745164007,-0.00023877748076640528,0.7981106801216319,-0.22926727340567932,0.01760653230904996,-0.038915508719890315
2025-10-16,"days_to_first_activity_after_target:q3[3,5]",slice_shape_only,UNC,20092,0.4842723472028668,2.0745236075281097,0.32940897870268837,1.7988982682359693,-0.00057401541973713,0.8024215287378005,-0.2169815201390826,0.003222326028618605,-0.00045548478384274546
2025-10-16,"days_to_first_activity_after_target:q3[3,5]",slice_shape_only,DIST,20092,0.4842723472028668,2.0745236075281097,0.32933916703743016,1.798707637824655,4.031548470866585e-17,0.8026746424847052,-0.194036687767499,0.0030316956173042087,-0.008443816714765094
2025-10-16,"days_to_first_activity_after_target:q3[3,5]",slice_shape_only,ETX-AVG3,20092,0.4842723472028668,2.0745236075281097,0.3281543644633577,1.7954692838930435,-0.0005740154197370975,0.803143755158831,-0.17607421304609658,-0.0002066583143072176,0.026584619887848954
2025-10-16,"days_to_first_activity_after_target:q3[3,5]",slice_shape_only,SEQ-AVG3,20092,0.4842723472028668,2.0745236075281097,0.328788064290026,1.7972020656722802,-0.0011916502236657563,0.8032593943043926,-0.13559145228173028,0.0015261234649295297,0.016983576063319208
2025-10-16,"days_to_first_activity_after_target:q3[3,5]",slice_shape_only,BTYD,20092,0.4842723472028668,2.0745236075281097,0.345904598266201,1.8433892694342568,4.314464153032661e-17,0.7917786558246165,0.10257013070831339,0.04771332722690613,0.026405895165303905
2025-10-16,"days_to_first_activity_after_target:q3[3,5]",slice_shape_only,FRESH,20092,0.4842723472028668,2.0745236075281097,0.3281316027399569,1.7954070133759563,3.5364460270759515e-17,0.8036495313634112,-0.17969294882775583,-0.0002689288313943994,0.0180154345188922
2025-10-16,"days_to_first_activity_after_target:q3[3,5]",slice_shape_only,ZERO2D,20092,0.4842723472028668,2.0745236075281097,0.32833526970617016,1.7959641196912326,-0.00010659926308849862,0.8034674783128251,-0.17891014331045957,0.0002881774838818796,-0.04137623606442963
2025-10-16,"days_to_first_activity_after_target:q3[3,5]",slice_shape_only,BTYD05,20092,0.4842723472028668,2.0745236075281097,0.328060171761538,1.79521158163626,2.121867616245571e-18,0.8036485891111744,-0.1698937145292086,-0.00046436057109078277,0.026405895165303974
2025-10-16,"days_to_first_activity_after_target:q3[3,5]",slice_shape_only,SEQ_SLOT_25,20092,0.4842723472028668,2.0745236075281097,0.32827265526550803,1.7957928638728984,-0.000106599263088447,0.8035042162316139,-0.1797101749055372,0.00011692166554766459,-0.0030902640440796402
2025-10-16,"days_to_first_activity_after_target:q3[3,5]",slice_shape_only,SEQ_SLOT_50,20092,0.4842723472028668,2.0745236075281097,0.32822990987223555,1.7956759422073507,-6.365602848736713e-18,0.8034659111985786,-0.184255215637576,0.0,-0.006679696030376162
2025-10-16,"days_to_first_activity_after_target:q3[3,5]",slice_shape_only,SEQ_SLOT_75,20092,0.4842723472028668,2.0745236075281097,0.328237196088876,1.7956958727665848,3.7486327887005085e-17,0.8033933379394591,-0.18892201777383222,1.9930559234104805e-05,0.003090264044079515
2025-10-16,"days_to_first_activity_after_target:q3[3,5]",slice_shape_only,BTYD05_FRESH1,20092,0.4842723472028668,2.0745236075281097,0.3279927282061777,1.7950270397663353,-6.365602848736712e-17,0.8038089703603153,-0.16533182327622492,-0.0006489024410154531,0.02778202506182641
2025-10-16,"days_to_first_activity_after_target:q4[5,10]",fixed_fold,STRONGEST,21412,0.5934989725387633,1.5785012018939117,0.3298054335810727,1.7436156484061052,0.3026990511215205,0.7987610427197318,-0.035387154112119984,0.0,
2025-10-16,"days_to_first_activity_after_target:q4[5,10]",fixed_fold,CAP,21412,0.5934989725387633,1.5785012018939117,0.3351242405940258,1.7576191519574114,0.2942830405870181,0.7934247196503129,-0.08443674906610224,0.014003503551306196,-0.027399207977657426
2025-10-16,"days_to_first_activity_after_target:q4[5,10]",fixed_fold,UNC,21412,0.5934989725387633,1.5785012018939117,0.33143708604795596,1.747923437807219,0.3081310272354079,0.7978534339328862,-0.06401832568997122,0.004307789401113871,-0.0016037261304142209
2025-10-16,"days_to_first_activity_after_target:q4[5,10]",fixed_fold,DIST,21412,0.5934989725387633,1.5785012018939117,0.33053858088292193,1.745552574463259,0.30073583222129074,0.7976616934286994,-0.047333987708981964,0.0019369260571537872,-0.0011044035378001721
2025-10-16,"days_to_first_activity_after_target:q4[5,10]",fixed_fold,ETX-AVG3,21412,0.5934989725387633,1.5785012018939117,0.32996129666980745,1.7440276082951496,0.3024503549668595,0.7982343518918721,-0.027656305359862885,0.00041195988904441094,0.01887077432252442
2025-10-16,"days_to_first_activity_after_target:q4[5,10]",fixed_fold,SEQ-AVG3,21412,0.5934989725387633,1.5785012018939117,0.33083550202434997,1.7463364090145008,0.30398289347626417,0.7984774257097196,0.017331300526512865,0.002720760608395656,0.009016674811845019
2025-10-16,"days_to_first_activity_after_target:q4[5,10]",fixed_fold,BTYD,21412,0.5934989725387633,1.5785012018939117,0.3466977254163534,1.7877111588330319,0.334835472006738,0.7874521636440223,0.26056693876523807,0.04409551042692672,0.03775002799965421
2025-10-16,"days_to_first_activity_after_target:q4[5,10]",fixed_fold,FRESH,21412,0.5934989725387633,1.5785012018939117,0.3293087563331073,1.7423022368803196,0.2967180897023378,0.7989580675356192,-0.03538715411212004,-0.0013134115257855683,0.020593634328395297
2025-10-16,"days_to_first_activity_after_target:q4[5,10]",fixed_fold,ZERO2D,21412,0.5934989725387633,1.5785012018939117,0.3297693888379405,1.7435203651132203,0.30013169969600284,0.7987618202232499,-0.031006154898439827,-9.528329288488457e-05,-0.05012129396551951
2025-10-16,"days_to_first_activity_after_target:q4[5,10]",fixed_fold,BTYD05,21412,0.5934989725387633,1.5785012018939117,0.3296551634311952,1.7432183789702456,0.30430587216578137,0.7989874318545288,-0.020589449468251964,-0.00039726943585960406,0.03775002799965427
2025-10-16,"days_to_first_activity_after_target:q4[5,10]",fixed_fold,SEQ_SLOT_25,21412,0.5934989725387633,1.5785012018939117,0.3298677956491007,1.7437804885314745,0.30287146170382856,0.7988069877531986,-0.030326048449902696,0.00016484012536932546,-0.004237556577521983
2025-10-16,"days_to_first_activity_after_target:q4[5,10]",fixed_fold,SEQ_SLOT_50,21412,0.5934989725387633,1.5785012018939117,0.3298054335810727,1.7436156484061052,0.3026990511215205,0.7987610427197318,-0.035387154112119956,0.0,0.01611807607755589
2025-10-16,"days_to_first_activity_after_target:q4[5,10]",fixed_fold,SEQ_SLOT_75,21412,0.5934989725387633,1.5785012018939117,0.3297958885056709,1.7435904167671432,0.3025266405392125,0.798663131520904,-0.04044825977433722,-2.523163896195335e-05,0.00423755657752218
2025-10-16,"days_to_first_activity_after_target:q4[5,10]",fixed_fold,BTYD05_FRESH1,21412,0.5934989725387633,1.5785012018939117,0.32917943461124516,1.7419600964935116,0.2983249107465987,0.7991647297788331,-0.020589449468252013,-0.0016555519125935891,0.0375252061716108
2025-10-16,"days_to_first_activity_after_target:q4[5,10]",slice_shape_only,STRONGEST,21412,0.5934989725387633,1.5785012018939117,0.3197350027213021,1.7167890960195038,-0.009817643502472335,0.7987610427197318,-0.35127650534287563,0.0,
2025-10-16,"days_to_first_activity_after_target:q4[5,10]",slice_shape_only,CAP,21412,0.5934989725387633,1.5785012018939117,0.3255676771296285,1.732377343489518,-0.01022479922626943,0.7934247196503129,-0.3920164433115859,0.015588247470014194,-0.027399207977657426
2025-10-16,"days_to_first_activity_after_target:q4[5,10]",slice_shape_only,UNC,21412,0.5934989725387633,1.5785012018939117,0.320814609723733,1.7196850810829374,-0.01581466350602739,0.7978534339328862,-0.3945275033171246,0.0028959850634335815,-0.0016037261304142209
2025-10-16,"days_to_first_activity_after_target:q4[5,10]",slice_shape_only,DIST,21412,0.5934989725387633,1.5785012018939117,0.32065599856990806,1.7192599212735487,-0.005528290472898087,0.7976616934286994,-0.35541857694208145,0.0024708252540448505,-0.0011044035378001721
2025-10-16,"days_to_first_activity_after_target:q4[5,10]",slice_shape_only,ETX-AVG3,21412,0.5934989725387633,1.5785012018939117,0.31987975008086655,1.7171776561835712,-0.009443262981087578,0.7982343518918721,-0.3434756819800981,0.00038856016406740856,0.01887077432252442
2025-10-16,"days_to_first_activity_after_target:q4[5,10]",slice_shape_only,SEQ-AVG3,21412,0.5934989725387633,1.5785012018939117,0.3205485212576769,1.718971766798782,-0.013915361585915751,0.7984774257097196,-0.3069780204276807,0.0021826707792782507,0.009016674811845019
2025-10-16,"days_to_first_activity_after_target:q4[5,10]",slice_shape_only,BTYD,21412,0.5934989725387633,1.5785012018939117,0.3345297139693266,1.7560594091584476,-0.0004061786155502651,0.7874521636440223,-0.07470117644210514,0.0392703131389438,0.03775002799965421
2025-10-16,"days_to_first_activity_after_target:q4[5,10]",slice_shape_only,FRESH,21412,0.5934989725387633,1.5785012018939117,0.3196295674714888,1.7165060100099532,-0.009831474367271432,0.7989580675356192,-0.34526846959623925,-0.000283086009550626,0.020593634328395297
2025-10-16,"days_to_first_activity_after_target:q4[5,10]",slice_shape_only,ZERO2D,21412,0.5934989725387633,1.5785012018939117,0.31984847680821216,1.7170937135807083,-0.010538148259997446,0.7987618202232499,-0.34541966529773716,0.0003046175612044788,-0.05012129396551951
2025-10-16,"days_to_first_activity_after_target:q4[5,10]",slice_shape_only,BTYD05,21412,0.5934989725387633,1.5785012018939117,0.31950029551808967,1.7161588604528724,-0.009095058159139136,0.7989874318545288,-0.3369583619630483,-0.000630235566631443,0.03775002799965427
2025-10-16,"days_to_first_activity_after_target:q4[5,10]",slice_shape_only,SEQ_SLOT_25,21412,0.5934989725387633,1.5785012018939117,0.31978054751454066,1.7169113660547897,-0.01037240886843286,0.7988069877531986,-0.3471117861249033,0.00012227003528586522,-0.004237556577521983
2025-10-16,"days_to_first_activity_after_target:q4[5,10]",slice_shape_only,SEQ_SLOT_50,21412,0.5934989725387633,1.5785012018939117,0.3197350027213021,1.7167890960195038,-0.009817643502472271,0.7987610427197318,-0.3512765053428756,0.0,0.01611807607755589
2025-10-16,"days_to_first_activity_after_target:q4[5,10]",slice_shape_only,SEQ_SLOT_75,21412,0.5934989725387633,1.5785012018939117,0.3197388407463263,1.7167993999582067,-0.009735425265675678,0.798663131520904,-0.35598565281545164,1.0303938702937998e-05,0.00423755657752218
2025-10-16,"days_to_first_activity_after_target:q4[5,10]",slice_shape_only,BTYD05_FRESH1,21412,0.5934989725387633,1.5785012018939117,0.3194178882413757,1.7159375256051872,-0.009095058159139118,0.7991647297788331,-0.33093536578870447,-0.0008515704143166047,0.0375252061716108
2025-10-16,"days_to_first_activity_after_target:q5[10,30]",fixed_fold,STRONGEST,17166,0.7222416404520564,1.0480068341957602,0.23355432527864467,1.6387393238899777,0.4281562100098674,0.7835451038866411,-0.035387154112119984,0.0,
2025-10-16,"days_to_first_activity_after_target:q5[10,30]",fixed_fold,CAP,17166,0.7222416404520564,1.0480068341957602,0.23730182010699297,1.651834196556954,0.4108141860790274,0.7762967797090026,-0.08443674906610224,0.013094872666976398,-0.0396763195841742
2025-10-16,"days_to_first_activity_after_target:q5[10,30]",fixed_fold,UNC,17166,0.7222416404520564,1.0480068341957602,0.23574030171257712,1.6463904398265474,0.4350185197405997,0.7818978620577469,-0.06401832568997122,0.007651115936569752,-0.02502775507188329
2025-10-16,"days_to_first_activity_after_target:q5[10,30]",fixed_fold,DIST,17166,0.7222416404520564,1.0480068341957602,0.233290355827773,1.637812988195572,0.4266089341190326,0.7824664361863951,-0.047333987708981964,-0.0009263356944055889,0.0330633212663449
2025-10-16,"days_to_first_activity_after_target:q5[10,30]",fixed_fold,ETX-AVG3,17166,0.7222416404520564,1.0480068341957602,0.2337476344488073,1.6394173627497304,0.4314291067425025,0.7828934778937067,-0.027656305359862885,0.0006780388597527054,0.028100881495467075
2025-10-16,"days_to_first_activity_after_target:q5[10,30]",fixed_fold,SEQ-AVG3,17166,0.7222416404520564,1.0480068341957602,0.23441663948702143,1.6417617604403876,0.4281382521835033,0.7839998380069962,0.017331300526512865,0.0030224365504099016,0.001989362904250549
2025-10-16,"days_to_first_activity_after_target:q5[10,30]",fixed_fold,BTYD,17166,0.7222416404520564,1.0480068341957602,0.2504189020487347,1.6968735165883508,0.48130959341996254,0.7671562365005831,0.26056693876523807,0.058134192698373166,0.01291035371013494
2025-10-16,"days_to_first_activity_after_target:q5[10,30]",fixed_fold,FRESH,17166,0.7222416404520564,1.0480068341957602,0.23292989005102557,1.6365471755602314,0.4213069990574289,0.7836730607664584,-0.03538715411212004,-0.002192148329746235,0.034650343572080126
2025-10-16,"days_to_first_activity_after_target:q5[10,30]",fixed_fold,ZERO2D,17166,0.7222416404520564,1.0480068341957602,0.23340523688598222,1.6382161993157998,0.42370957909261975,0.783544359557885,-0.031006154898439827,-0.0005231245741779134,-0.09995939356615513
2025-10-16,"days_to_first_activity_after_target:q5[10,30]",fixed_fold,BTYD05,17166,0.7222416404520564,1.0480068341957602,0.2337166016773801,1.639308533085826,0.4308138791803722,0.7835334991246695,-0.020589449468251964,0.0005692091958482415,0.012910353710135181
2025-10-16,"days_to_first_activity_after_target:q5[10,30]",fixed_fold,SEQ_SLOT_25,17166,0.7222416404520564,1.0480068341957602,0.2336104611090266,1.6389362512335595,0.42778598887198005,0.7836911614884843,-0.030326048449902696,0.00019692734358178754,-0.01591404411965719
2025-10-16,"days_to_first_activity_after_target:q5[10,30]",fixed_fold,SEQ_SLOT_50,17166,0.7222416404520564,1.0480068341957602,0.23355432527864467,1.6387393238899777,0.4281562100098674,0.7835451038866411,-0.035387154112119956,0.0,0.000682282328924266
2025-10-16,"days_to_first_activity_after_target:q5[10,30]",fixed_fold,SEQ_SLOT_75,17166,0.7222416404520564,1.0480068341957602,0.2335361963120281,1.6386757214989824,0.42852643114775485,0.7833416483877569,-0.04044825977433722,-6.360239099523213e-05,0.0159140441196574
2025-10-16,"days_to_first_activity_after_target:q5[10,30]",fixed_fold,BTYD05_FRESH1,17166,0.7222416404520564,1.0480068341957602,0.23310129377004976,1.637149199386188,0.4239646682279337,0.7836485317506287,-0.020589449468252013,-0.0015901245037897027,0.027552378937330733
2025-10-16,"days_to_first_activity_after_target:q5[10,30]",slice_shape_only,STRONGEST,17166,0.7222416404520564,1.0480068341957602,0.21676765896343284,1.578749266381291,-0.03302119311136535,0.7835451038866411,-0.5246184044292969,0.0,
2025-10-16,"days_to_first_activity_after_target:q5[10,30]",slice_shape_only,CAP,17166,0.7222416404520564,1.0480068341957602,0.22171494870842984,1.596663531268279,-0.040190967024980574,0.7762967797090026,-0.5636363944655586,0.017914264886988107,-0.0396763195841742
2025-10-16,"days_to_first_activity_after_target:q5[10,30]",slice_shape_only,UNC,17166,0.7222416404520564,1.0480068341957602,0.21793958498961116,1.583011164614739,-0.03788344220044761,0.7818978620577469,-0.575493168379265,0.004261898233447914,-0.02502775507188329
2025-10-16,"days_to_first_activity_after_target:q5[10,30]",slice_shape_only,DIST,17166,0.7222416404520564,1.0480068341957602,0.21688315768655803,1.579169807071151,-0.0247124142466355,0.7824664361863951,-0.5181857805471919,0.00042054068986008275,0.0330633212663449
2025-10-16,"days_to_first_activity_after_target:q5[10,30]",slice_shape_only,ETX-AVG3,17166,0.7222416404520564,1.0480068341957602,0.21670685966277345,1.5785278459365908,-0.02936030249302992,0.7828934778937067,-0.5162356711929353,-0.00022142044470019329,0.028100881495467075
2025-10-16,"days_to_first_activity_after_target:q5[10,30]",slice_shape_only,SEQ-AVG3,17166,0.7222416404520564,1.0480068341957602,0.21721161764141692,1.5803651461026447,-0.03889376940775939,0.7839998380069962,-0.48755942865536106,0.0016158797213536857,0.001989362904250549
2025-10-16,"days_to_first_activity_after_target:q5[10,30]",slice_shape_only,BTYD,17166,0.7222416404520564,1.0480068341957602,0.22927939106381506,1.6236724728964893,-0.04685149083167232,0.7671562365005831,-0.30096352847225294,0.04492320651519832,0.01291035371013494
2025-10-16,"days_to_first_activity_after_target:q5[10,30]",slice_shape_only,FRESH,17166,0.7222416404520564,1.0480068341957602,0.2166565967028602,1.578344773552282,-0.03302119311136521,0.7836730607664584,-0.5176410037901383,-0.0004044928290090066,0.034650343572080126
2025-10-16,"days_to_first_activity_after_target:q5[10,30]",slice_shape_only,ZERO2D,17166,0.7222416404520564,1.0480068341957602,0.21690282837647554,1.5792414185683867,-0.03378567601458019,0.783544359557885,-0.5177210903593056,0.0004921521870957513,-0.09995939356615513
2025-10-16,"days_to_first_activity_after_target:q5[10,30]",slice_shape_only,BTYD05,17166,0.7222416404520564,1.0480068341957602,0.21675257333982348,1.5786943300690628,-0.033785676014580227,0.7835334991246695,-0.5130021851908513,-5.4936312228193174e-05,0.012910353710135181
2025-10-16,"days_to_first_activity_after_target:q5[10,30]",slice_shape_only,SEQ_SLOT_25,17166,0.7222416404520564,1.0480068341957602,0.21681572739516242,1.5789243012437322,-0.03420514545651082,0.7836911614884843,-0.5213732685111644,0.00017503486244119237,-0.01591404411965719
2025-10-16,"days_to_first_activity_after_target:q5[10,30]",slice_shape_only,SEQ_SLOT_50,17166,0.7222416404520564,1.0480068341957602,0.21676765896343284,1.578749266381291,-0.03302119311136537,0.7835451038866411,-0.5246184044292969,0.0,0.000682282328924266
2025-10-16,"days_to_first_activity_after_target:q5[10,30]",slice_shape_only,SEQ_SLOT_75,17166,0.7222416404520564,1.0480068341957602,0.21675232468421665,1.5786934245404611,-0.03178583505352157,0.7833416483877569,-0.527904593696591,-5.584184082985111e-05,0.0159140441196574
2025-10-16,"days_to_first_activity_after_target:q5[10,30]",slice_shape_only,BTYD05_FRESH1,17166,0.7222416404520564,1.0480068341957602,0.21665313150637389,1.5783321515118833,-0.03374217385317072,0.7836485317506287,-0.5059826555691832,-0.0004171148694076532,0.027552378937330733
2025-10-16,rec_buy_15_60,fixed_fold,STRONGEST,56145,0.40746281948526136,2.340513289304645,1.071211396471262,1.9405843349902085,0.008505845802738209,0.7209366591416847,-0.035387154112119984,0.0,
2025-10-16,rec_buy_15_60,fixed_fold,CAP,56145,0.40746281948526136,2.340513289304645,1.0896468937088708,1.9572117828719942,0.025362250374233706,0.7129694685037673,-0.08443674906610224,0.016627447881785606,-0.028607597972452627
2025-10-16,rec_buy_15_60,fixed_fold,UNC,56145,0.40746281948526136,2.340513289304645,1.0767391241582716,1.9455848506830353,0.02282546689316486,0.7178456567283468,-0.06401832568997122,0.005000515692826779,-0.010017784040897702
2025-10-16,rec_buy_15_60,fixed_fold,DIST,56145,0.40746281948526136,2.340513289304645,1.0739623488601462,1.9430745213968528,0.0011940182143888693,0.7211222118795599,-0.047333987708981964,0.0024901864066442236,-0.0007988536412915574
2025-10-16,rec_buy_15_60,fixed_fold,ETX-AVG3,56145,0.40746281948526136,2.340513289304645,1.0720335143848494,1.9413288580440633,-0.00867179640089023,0.7200375563398049,-0.027656305359862885,0.0007445230538547509,0.01700335883498588
2025-10-16,rec_buy_15_60,fixed_fold,SEQ-AVG3,56145,0.40746281948526136,2.340513289304645,1.072694292335574,1.941927062147618,0.013512747004671706,0.7201087762735774,0.017331300526512865,0.0013427271574093513,0.018314049647766003
2025-10-16,rec_buy_15_60,fixed_fold,BTYD,56145,0.40746281948526136,2.340513289304645,1.1262908701702445,1.9898494113193774,0.10516273544437969,0.705638061309613,0.26056693876523807,0.04926507632916888,0.027044903078868438
2025-10-16,rec_buy_15_60,fixed_fold,FRESH,56145,0.40746281948526136,2.340513289304645,1.0708392508803508,1.940247220094028,-0.00043734034594619366,0.7211319028150444,-0.03538715411212004,-0.0003371148961806014,0.021209281778082654
2025-10-16,rec_buy_15_60,fixed_fold,ZERO2D,56145,0.40746281948526136,2.340513289304645,1.071190932945008,1.9405657992519443,0.009018290327646712,0.7209416520987508,-0.031006154898439827,-1.853573826426924e-05,0.004936575564121512
2025-10-16,rec_buy_15_60,fixed_fold,BTYD05,56145,0.40746281948526136,2.340513289304645,1.0706862146031435,1.9401085723835407,0.013338690284820216,0.7211100185528299,-0.020589449468251964,-0.0004757626066678178,0.027044903078868473
2025-10-16,rec_buy_15_60,fixed_fold,SEQ_SLOT_25,56145,0.40746281948526136,2.340513289304645,1.0712398960248353,1.9406101494184127,0.011001606935863903,0.7209554766771118,-0.030326048449902696,2.5814428204151696e-05,0.0033373285837136803
2025-10-16,rec_buy_15_60,fixed_fold,SEQ_SLOT_50,56145,0.40746281948526136,2.340513289304645,1.071211396471262,1.9405843349902085,0.008505845802738185,0.7209366591416847,-0.035387154112119956,0.0,0.0008756649343622219
2025-10-16,rec_buy_15_60,fixed_fold,SEQ_SLOT_75,56145,0.40746281948526136,2.340513289304645,1.0713346975835438,1.94069601664461,0.006010084669612513,0.720854795668777,-0.04044825977433722,0.00011168165440134104,-0.0033373285837137124
2025-10-16,rec_buy_15_60,fixed_fold,BTYD05_FRESH1,56145,0.40746281948526136,2.340513289304645,1.07038087996728,1.9398319158917412,0.004395504136135861,0.7212613485118248,-0.020589449468252013,-0.0007524190984673496,0.02979638262444583
2025-10-16,rec_buy_15_60,slice_shape_only,STRONGEST,56145,0.40746281948526136,2.340513289304645,1.0711908164815833,1.9405656937595726,4.657221956714166e-17,0.7209366591416847,-0.043892999914858205,0.0,
2025-10-16,rec_buy_15_60,slice_shape_only,CAP,56145,0.40746281948526136,2.340513289304645,1.0894639212548132,1.9570474494168313,-4.151002178810453e-17,0.7129694685037673,-0.10979899944033591,0.016481755657258734,-0.028607597972452627
2025-10-16,rec_buy_15_60,slice_shape_only,UNC,56145,0.40746281948526136,2.340513289304645,1.0765909237222624,1.945450952676124,9.719419735751304e-17,0.7178456567283468,-0.0868437925831361,0.004885258916551338,-0.010017784040897702
2025-10-16,rec_buy_15_60,slice_shape_only,DIST,56145,0.40746281948526136,2.340513289304645,1.073961943321688,1.9430741545350532,-5.4671736013601083e-17,0.7211222118795599,-0.04852800592337077,0.0025084607754806143,-0.0007988536412915574
2025-10-16,rec_buy_15_60,slice_shape_only,ETX-AVG3,56145,0.40746281948526136,2.340513289304645,1.0720121235227744,1.941309489757326,-2.5310988895185686e-17,0.7200375563398049,-0.018984508958972766,0.000743795997753427,0.01700335883498588
2025-10-16,rec_buy_15_60,slice_shape_only,SEQ-AVG3,56145,0.40746281948526136,2.340513289304645,1.072642352875204,1.9418800478839227,-1.214927466968913e-17,0.7201087762735774,0.0038185535218411316,0.0013143541243501033,0.018314049647766003
2025-10-16,rec_buy_15_60,slice_shape_only,BTYD,56145,0.40746281948526136,2.340513289304645,1.123145050017146,1.987068564192471,-2.834830756260797e-17,0.705638061309613,0.15540420332085833,0.04650287043289847,0.027044903078868438
2025-10-16,rec_buy_15_60,slice_shape_only,FRESH,56145,0.40746281948526136,2.340513289304645,1.070839196474046,1.9402471708047986,7.897028535297934e-17,0.7211319028150444,-0.03494981376617384,-0.00031852295477396986,0.021209281778082654
2025-10-16,rec_buy_15_60,slice_shape_only,ZERO2D,56145,0.40746281948526136,2.340513289304645,1.0711677985276153,1.9405448440234263,1.5186593337111413e-17,0.7209416520987508,-0.040024445226086544,-2.0849736146244524e-05,0.004936575564121512
2025-10-16,rec_buy_15_60,slice_shape_only,BTYD05,56145,0.40746281948526136,2.340513289304645,1.0706356045819543,1.9400627185680328,5.3659296457793657e-17,0.7211100185528299,-0.03392813975307227,-0.0005029751915397451,0.027044903078868473
2025-10-16,rec_buy_15_60,slice_shape_only,SEQ_SLOT_25,56145,0.40746281948526136,2.340513289304645,1.0712054671848064,1.9405789642966305,6.580857112748279e-17,0.7209554766771118,-0.04132765538576662,1.3270537057907816e-05,0.0033373285837136803
2025-10-16,rec_buy_15_60,slice_shape_only,SEQ_SLOT_50,56145,0.40746281948526136,2.340513289304645,1.0711908164815833,1.9405656937595726,1.0023151602493532e-16,0.7209366591416847,-0.04389299991485817,0.0,0.0008756649343622219
2025-10-16,rec_buy_15_60,slice_shape_only,SEQ_SLOT_75,56145,0.40746281948526136,2.340513289304645,1.0713244228321503,1.940686710394679,9.111956002266848e-18,0.720854795668777,-0.04645834444394972,0.00012101663510644123,-0.0033373285837137124
2025-10-16,rec_buy_15_60,slice_shape_only,BTYD05_FRESH1,56145,0.40746281948526136,2.340513289304645,1.0703753842102017,1.9398269359547549,8.09951644645942e-18,0.7212613485118248,-0.024984953604387915,-0.0007387578048176913,0.02979638262444583
2025-10-16,w180_days_buy_2_15,fixed_fold,STRONGEST,111441,0.3613212372466148,2.5373204406741654,2.1366936743366245,1.9453560683692304,-0.0067414386499948485,0.71738834048973,-0.035387154112119984,0.0,
2025-10-16,w180_days_buy_2_15,fixed_fold,CAP,111441,0.3613212372466148,2.5373204406741654,2.1704933849878243,1.9606821958225211,0.0072708580043063555,0.7104077322057003,-0.08443674906610224,0.015326127453290761,-0.027477732235853605
2025-10-16,w180_days_buy_2_15,fixed_fold,UNC,111441,0.3613212372466148,2.5373204406741654,2.146350530054199,1.9497471621697087,-0.0015507238519277555,0.714178137583873,-0.06401832568997122,0.004391093800478307,-0.007031107138208744
2025-10-16,w180_days_buy_2_15,fixed_fold,DIST,111441,0.3613212372466148,2.5373204406741654,2.1421454152439514,1.9478362603147472,-0.010662500851891948,0.7178404093983302,-0.047333987708981964,0.002480191945516852,-0.0029242602119909757
2025-10-16,w180_days_buy_2_15,fixed_fold,ETX-AVG3,111441,0.3613212372466148,2.5373204406741654,2.1375598051026734,1.945750313469818,-0.01954646546424554,0.7164216645642969,-0.027656305359862885,0.0003942451005876091,0.02146424400876656
2025-10-16,w180_days_buy_2_15,fixed_fold,SEQ-AVG3,111441,0.3613212372466148,2.5373204406741654,2.1410858569302564,1.9473544766414348,-0.0004960385993134276,0.7159357764717804,0.017331300526512865,0.0019984082722044327,0.012033818235630657
2025-10-16,w180_days_buy_2_15,fixed_fold,BTYD,111441,0.3613212372466148,2.5373204406741654,2.274895912823088,2.0072836037311697,-0.05316399901704133,0.6872493607708946,0.26056693876523807,0.06192753536193929,0.01808642492345292
2025-10-16,w180_days_buy_2_15,fixed_fold,FRESH,111441,0.3613212372466148,2.5373204406741654,2.136138653106467,1.9451033919898173,-0.013265131348423187,0.7176022387547119,-0.03538715411212004,-0.00025267637941306376,0.01843327348720798
2025-10-16,w180_days_buy_2_15,fixed_fold,ZERO2D,111441,0.3613212372466148,2.5373204406741654,2.1367011443170316,1.9453594688938796,-0.005192746244973027,0.7173912142489187,-0.031006154898439827,3.40052464919971e-06,1.662246531243426e-05
2025-10-16,w180_days_buy_2_15,fixed_fold,BTYD05,111441,0.3613212372466148,2.5373204406741654,2.1360588245282917,1.9450670469031668,-0.009062566668347267,0.7174527052285302,-0.020589449468251964,-0.00028902146606357704,0.018086424923452884
2025-10-16,w180_days_buy_2_15,fixed_fold,SEQ_SLOT_25,111441,0.3613212372466148,2.5373204406741654,2.1369961624865423,1.9454937638985952,-0.004598265627690034,0.7173462718095023,-0.030326048449902696,0.000137695529364823,-0.004694675907149294
2025-10-16,w180_days_buy_2_15,fixed_fold,SEQ_SLOT_50,111441,0.3613212372466148,2.5373204406741654,2.1366936743366245,1.9453560683692304,-0.006741438649994875,0.7173883403152668,-0.035387154112119956,0.0,-0.003768511591451667
2025-10-16,w180_days_buy_2_15,fixed_fold,SEQ_SLOT_75,111441,0.3613212372466148,2.5373204406741654,2.13669396052211,1.9453561986482355,-0.008884611672299687,0.7173694982807604,-0.04044825977433722,1.3027900513939983e-07,0.004694675907149199
2025-10-16,w180_days_buy_2_15,fixed_fold,BTYD05_FRESH1,111441,0.3613212372466148,2.5373204406741654,2.1357139940545453,1.9449100415213951,-0.015586259366775563,0.7176161508057821,-0.020589449468252013,-0.0004460268478352347,0.022730855673239153
2025-10-16,w180_days_buy_2_15,slice_shape_only,STRONGEST,111441,0.3613212372466148,2.5373204406741654,2.1366680147751826,1.9453443874404135,7.651145295825775e-18,0.71738834048973,-0.028645715462125142,0.0,
2025-10-16,w180_days_buy_2_15,slice_shape_only,CAP,111441,0.3613212372466148,2.5373204406741654,2.1704635369777523,1.960668714403151,-1.530229059165155e-17,0.7104077322057003,-0.09170760707040856,0.015324326962737445,-0.027477732235853605
2025-10-16,w180_days_buy_2_15,slice_shape_only,UNC,111441,0.3613212372466148,2.5373204406741654,2.1463491723255257,1.949746545488507,-8.161221648880827e-17,0.714178137583873,-0.06246760183804351,0.0044021580480935185,-0.007031107138208744
2025-10-16,w180_days_buy_2_15,slice_shape_only,DIST,111441,0.3613212372466148,2.5373204406741654,2.1420812260068702,1.9478070767076812,5.406809342383548e-17,0.7178404093983302,-0.03667148685708993,0.0024626892672676703,-0.0029242602119909757
2025-10-16,w180_days_buy_2_15,slice_shape_only,ETX-AVG3,111441,0.3613212372466148,2.5373204406741654,2.1373440900113527,1.9456521318200102,-3.608790197864491e-17,0.7164216645642969,-0.008109839895617478,0.0003077443795966861,0.02146424400876656
2025-10-16,w180_days_buy_2_15,slice_shape_only,SEQ-AVG3,111441,0.3613212372466148,2.5373204406741654,2.1410857180069853,1.9473544134648793,-3.7490611949546296e-17,0.7159357764717804,0.01782733912582629,0.002010026024465761,0.012033818235630657
2025-10-16,w180_days_buy_2_15,slice_shape_only,BTYD,111441,0.3613212372466148,2.5373204406741654,2.273300109596738,2.0065794414915414,-1.3644542444222633e-17,0.6872493607708946,0.31373093778227934,0.061235054051127946,0.01808642492345292
2025-10-16,w180_days_buy_2_15,slice_shape_only,FRESH,111441,0.3613212372466148,2.5373204406741654,2.136039303267975,1.9450581589815255,7.281339939860863e-17,0.7176022387547119,-0.02212202276369685,-0.00028622845888803816,0.01843327348720798
2025-10-16,w180_days_buy_2_15,slice_shape_only,ZERO2D,111441,0.3613212372466148,2.5373204406741654,2.1366859199846546,1.945352538385141,-1.031629424053842e-16,0.7173912142489187,-0.025813408653466825,8.150944727614018e-06,1.662246531243426e-05
2025-10-16,w180_days_buy_2_15,slice_shape_only,BTYD05,111441,0.3613212372466148,2.5373204406741654,2.136012453525788,1.9450459343763553,5.037003986418635e-17,0.7174527052285302,-0.011526882799904803,-0.0002984530640581795,0.018086424923452884
2025-10-16,w180_days_buy_2_15,slice_shape_only,SEQ_SLOT_25,111441,0.3613212372466148,2.5373204406741654,2.1369842244702517,1.945488329782921,1.2751908826376292e-17,0.7173462718095023,-0.025727782822212705,0.00014394234250758586,-0.004694675907149294
2025-10-16,w180_days_buy_2_15,slice_shape_only,SEQ_SLOT_50,111441,0.3613212372466148,2.5373204406741654,2.1366680147751826,1.9453443874404135,-2.091313047525712e-17,0.7173883403152668,-0.02864571546212511,0.0,-0.003768511591451667
2025-10-16,w180_days_buy_2_15,slice_shape_only,SEQ_SLOT_75,111441,0.3613212372466148,2.5373204406741654,2.1366493927466825,1.9453359101436813,-4.2463856391833055e-17,0.7173694982807604,-0.03156364810203753,-8.47729673214559e-06,0.004694675907149199
2025-10-16,w180_days_buy_2_15,slice_shape_only,BTYD05_FRESH1,111441,0.3613212372466148,2.5373204406741654,2.1355768339352847,1.9448475873779174,-4.692702448106476e-17,0.7176161508057821,-0.005003190101476512,-0.0004968000624960833,0.022730855673239153
2025-10-16,intersection_rec15_60_buy2_15,fixed_fold,STRONGEST,45667,0.4078437383668732,2.290394894904163,0.9083998126593172,1.981471129437484,0.002258058037498642,0.6791334821448515,-0.035387154112119984,0.0,
2025-10-16,intersection_rec15_60_buy2_15,fixed_fold,CAP,45667,0.4078437383668732,2.290394894904163,0.9240384954830625,1.9984544918648337,0.02654262151180005,0.6688389693586263,-0.08443674906610224,0.016983362427349658,-0.03003402353061052
2025-10-16,intersection_rec15_60_buy2_15,fixed_fold,UNC,45667,0.4078437383668732,2.290394894904163,0.9130293677143385,1.986513882385771,0.01978173640152381,0.6752735903235783,-0.06401832568997122,0.005042752948287044,-0.009958392587329666
2025-10-16,intersection_rec15_60_buy2_15,fixed_fold,DIST,45667,0.4078437383668732,2.290394894904163,0.910573635142647,1.9838405666622507,-0.004854023813244738,0.6796354316353037,-0.047333987708981964,0.0023694372247666795,-0.00015715730685847963
2025-10-16,intersection_rec15_60_buy2_15,fixed_fold,ETX-AVG3,45667,0.4078437383668732,2.290394894904163,0.909009402575467,1.982135860005605,-0.01769745375463988,0.6780174821269822,-0.027656305359862885,0.0006647305681208859,0.017877027984227883
2025-10-16,intersection_rec15_60_buy2_15,fixed_fold,SEQ-AVG3,45667,0.4078437383668732,2.290394894904163,0.9094451598628835,1.9826108972577658,0.0036714342528232848,0.6779476042487227,0.017331300526512865,0.0011397678202818007,0.018773362374138455
2025-10-16,intersection_rec15_60_buy2_15,fixed_fold,BTYD,45667,0.4078437383668732,2.290394894904163,0.9482085424045673,2.0244225334814105,0.08794030523256531,0.6598365197760977,0.26056693876523807,0.0429514040439265,0.028677255821042524
2025-10-16,intersection_rec15_60_buy2_15,fixed_fold,FRESH,45667,0.4078437383668732,2.290394894904163,0.9081015625780762,1.981145819792495,-0.007428443639107021,0.6793273907999934,-0.03538715411212004,-0.0003253096449891135,0.02370741411172323
2025-10-16,intersection_rec15_60_buy2_15,fixed_fold,ZERO2D,45667,0.4078437383668732,2.290394894904163,0.9083891131774615,1.9814594601391586,0.0033394672597702397,0.6791386960080491,-0.031006154898439827,-1.1669298325411859e-05,0.0037135402178359823
2025-10-16,intersection_rec15_60_buy2_15,fixed_fold,BTYD05,45667,0.4078437383668732,2.290394894904163,0.9079213657374728,1.9809492482062974,0.00654217039725192,0.6793398427204215,-0.020589449468251964,-0.0005218812311866827,0.028677255821042535
2025-10-16,intersection_rec15_60_buy2_15,fixed_fold,SEQ_SLOT_25,45667,0.4078437383668732,2.290394894904163,0.9084167713078328,1.981489625101579,0.004662057938338217,0.6791377261024238,-0.030326048449902696,1.8495664094952957e-05,0.003097744592929675
2025-10-16,intersection_rec15_60_buy2_15,fixed_fold,SEQ_SLOT_50,45667,0.4078437383668732,2.290394894904163,0.9083998126593172,1.981471129437484,0.002258058037498612,0.6791334821448515,-0.035387154112119956,0.0,-1.932275373884722e-06
2025-10-16,intersection_rec15_60_buy2_15,fixed_fold,SEQ_SLOT_75,45667,0.4078437383668732,2.290394894904163,0.9085017899414225,1.9815823466388083,-0.00014594186334090632,0.679052233438514,-0.04044825977433722,0.00011121720132423185,-0.003097744592929693
2025-10-16,intersection_rec15_60_buy2_15,fixed_fold,BTYD05_FRESH1,45667,0.4078437383668732,2.290394894904163,0.9076776159887782,1.9806833175254621,-0.0031443312793537287,0.6794778730972304,-0.020589449468252013,-0.0007878119120219296,0.03170117645253271
2025-10-16,intersection_rec15_60_buy2_15,slice_shape_only,STRONGEST,45667,0.4078437383668732,2.290394894904163,0.9083986329588853,1.981469842810674,-3.7342119382141164e-17,0.6791334821448515,-0.03764521214961865,0.0,
2025-10-16,intersection_rec15_60_buy2_15,slice_shape_only,CAP,45667,0.4078437383668732,2.290394894904163,0.9238754948967435,1.9982782201930773,8.962108651713879e-17,0.6688389693586263,-0.11097937057790223,0.01680837738240326,-0.03003402353061052
2025-10-16,intersection_rec15_60_buy2_15,slice_shape_only,UNC,45667,0.4078437383668732,2.290394894904163,0.912938829826417,1.9864153865232546,-4.232106863309332e-17,0.6752735903235783,-0.08380006209149507,0.004945543712580491,-0.009958392587329666
2025-10-16,intersection_rec15_60_buy2_15,slice_shape_only,DIST,45667,0.4078437383668732,2.290394894904163,0.9105681837766201,1.9838346282862442,1.6181585065594502e-17,0.6796354316353037,-0.04247996389573714,0.0023647854755701747,-0.00015715730685847963
2025-10-16,intersection_rec15_60_buy2_15,slice_shape_only,ETX-AVG3,45667,0.4078437383668732,2.290394894904163,0.9089369384408035,1.9820568527796476,1.5559216409225483e-16,0.6780174821269822,-0.009958851605223128,0.0005870099689735397,0.017877027984227883
2025-10-16,intersection_rec15_60_buy2_15,slice_shape_only,SEQ-AVG3,45667,0.4078437383668732,2.290394894904163,0.9094420411668431,1.9826074978411057,1.2447373127380388e-16,0.6779476042487227,0.013659866273689583,0.0011376550304316169,0.018773362374138455
2025-10-16,intersection_rec15_60_buy2_15,slice_shape_only,BTYD,45667,0.4078437383668732,2.290394894904163,0.9464192658326596,2.02251158137176,-1.3692110440118425e-17,0.6598365197760977,0.17262663353267274,0.04104173856108573,0.028677255821042524
2025-10-16,intersection_rec15_60_buy2_15,slice_shape_only,FRESH,45667,0.4078437383668732,2.290394894904163,0.9080887953327548,1.98113189301126,1.1451583277189957e-16,0.6793273907999934,-0.027958710473012995,-0.000337949799414039,0.02370741411172323
2025-10-16,intersection_rec15_60_buy2_15,slice_shape_only,ZERO2D,45667,0.4078437383668732,2.290394894904163,0.9083865329623281,1.9814566460393188,8.962108651713879e-17,0.6791386960080491,-0.03434562215821009,-1.3196771355250547e-05,0.0037135402178359823
2025-10-16,intersection_rec15_60_buy2_15,slice_shape_only,BTYD05,45667,0.4078437383668732,2.290394894904163,0.9079114632285764,1.9809384452767804,-7.095002682606821e-17,0.6793398427204215,-0.02713161986550398,-0.0005313975338936405,0.028677255821042535
2025-10-16,intersection_rec15_60_buy2_15,slice_shape_only,SEQ_SLOT_25,45667,0.4078437383668732,2.290394894904163,0.9084117425945909,1.9814841406382682,-7.592897607702036e-17,0.6791377261024238,-0.03498810638824096,1.429782759410081e-05,0.003097744592929675
2025-10-16,intersection_rec15_60_buy2_15,slice_shape_only,SEQ_SLOT_50,45667,0.4078437383668732,2.290394894904163,0.9083986329588853,1.981469842810674,-6.597107757511606e-17,0.6791334821448515,-0.03764521214961861,0.0,-1.932275373884722e-06
2025-10-16,intersection_rec15_60_buy2_15,slice_shape_only,SEQ_SLOT_75,45667,0.4078437383668732,2.290394894904163,0.908501785013529,1.9815823412645608,2.862895819297489e-17,0.679052233438514,-0.04030231791099629,0.00011249845388672242,-0.003097744592929693
2025-10-16,intersection_rec15_60_buy2_15,slice_shape_only,BTYD05_FRESH1,45667,0.4078437383668732,2.290394894904163,0.9076753285044351,1.9806808217137046,7.966318801523448e-17,0.6794778730972304,-0.017445118188898327,-0.0007890210969694333,0.03170117645253271
2025-10-16,long_recency_gt60_or_never,fixed_fold,STRONGEST,50139,0.7495362891162568,0.9019636294423381,0.6215514997455648,1.5642321131842,0.019003889581593752,0.7268067688238381,-0.035387154112119984,0.0,
2025-10-16,long_recency_gt60_or_never,fixed_fold,CAP,50139,0.7495362891162568,0.9019636294423381,0.6324142505236939,1.577841817589651,-0.00774171978836403,0.7113143821905071,-0.08443674906610224,0.01360970440545084,-0.013233231843633694
2025-10-16,long_recency_gt60_or_never,fixed_fold,UNC,50139,0.7495362891162568,0.9019636294423381,0.6235924511359402,1.5667981959855302,0.015107125358344598,0.7244207817161541,-0.06401832568997122,0.002566082801330083,0.0010159193546889324
2025-10-16,long_recency_gt60_or_never,fixed_fold,DIST,50139,0.7495362891162568,0.9019636294423381,0.6240707392510761,1.56739893876077,0.05445489408341357,0.7254658461373695,-0.047333987708981964,0.003166825576569998,-0.004406299681540419
2025-10-16,long_recency_gt60_or_never,fixed_fold,ETX-AVG3,50139,0.7495362891162568,0.9019636294423381,0.622644935328163,1.565607409908531,0.03203502665378928,0.7255993275261222,-0.027656305359862885,0.00137529672433101,0.009327408431272789
2025-10-16,long_recency_gt60_or_never,fixed_fold,SEQ-AVG3,50139,0.7495362891162568,0.9019636294423381,0.6235683474110327,1.5667679149601754,-0.018117485435857863,0.7234105933879639,0.017331300526512865,0.0025358017759753437,0.006881623184904307
2025-10-16,long_recency_gt60_or_never,fixed_fold,BTYD,50139,0.7495362891162568,0.9019636294423381,0.6445072599108326,1.5928561075214667,0.06697584922695955,0.7006246377231137,0.26056693876523807,0.02862399433726659,0.02380329823118103
2025-10-16,long_recency_gt60_or_never,fixed_fold,FRESH,50139,0.7495362891162568,0.9019636294423381,0.6214076820886237,1.5640511328371494,0.010142084793615426,0.7268181918328904,-0.03538715411212004,-0.00018098034705071875,0.016205519314538067
2025-10-16,long_recency_gt60_or_never,fixed_fold,ZERO2D,50139,0.7495362891162568,0.9019636294423381,0.6215006819610521,1.5641681664031706,0.011579458415028634,0.7268141659161405,-0.031006154898439827,-6.394678102950024e-05,-0.0005951104566680904
2025-10-16,long_recency_gt60_or_never,fixed_fold,BTYD05,50139,0.7495362891162568,0.9019636294423381,0.6213314692695501,1.563955218025886,0.021402487563862163,0.7269696722478713,-0.020589449468251964,-0.0002768951583140833,0.02380329823118098
2025-10-16,long_recency_gt60_or_never,fixed_fold,SEQ_SLOT_25,50139,0.7495362891162568,0.9019636294423381,0.6215539681793725,1.5642352192820852,0.013361731971508486,0.7267166857581995,-0.030326048449902696,3.1060978851193966e-06,-0.00018236403047634307
2025-10-16,long_recency_gt60_or_never,fixed_fold,SEQ_SLOT_50,50139,0.7495362891162568,0.9019636294423381,0.6215514997455648,1.5642321131842,0.01900388958159376,0.7268067688238381,-0.035387154112119956,0.0,-0.0027004180858999625
2025-10-16,long_recency_gt60_or_never,fixed_fold,SEQ_SLOT_75,50139,0.7495362891162568,0.9019636294423381,0.6216589793522574,1.5643673520059038,0.024646047191679128,0.7267652107684593,-0.04044825977433722,0.00013523882170374257,0.00018236403047631233
2025-10-16,long_recency_gt60_or_never,fixed_fold,BTYD05_FRESH1,50139,0.7495362891162568,0.9019636294423381,0.6211976458861077,1.563786785345503,0.012540682775883792,0.7269563612957534,-0.020589449468252013,-0.0004453278386971071,0.02525668714998997
2025-10-16,long_recency_gt60_or_never,slice_shape_only,STRONGEST,50139,0.7495362891162568,0.9019636294423381,0.6214597595375977,1.5641166695926103,-2.125718709268534e-17,0.7268067688238381,-0.05439104369371377,0.0,
2025-10-16,long_recency_gt60_or_never,slice_shape_only,CAP,50139,0.7495362891162568,0.9019636294423381,0.6323991008249543,1.5778229186074306,-5.158410734491643e-17,0.7113143821905071,-0.0766930080900055,0.013706249014820315,-0.013233231843633694
2025-10-16,long_recency_gt60_or_never,slice_shape_only,UNC,50139,0.7495362891162568,0.9019636294423381,0.62353206403782,1.5667223317837682,-0.0003689505192003932,0.7244207817161541,-0.07951005921500655,0.002605662191157876,0.0010159193546889324
2025-10-16,long_recency_gt60_or_never,slice_shape_only,DIST,50139,0.7495362891162568,0.9019636294423381,0.6233174582707397,1.5664526932176916,5.866983637581154e-17,0.7254658461373695,-0.10179389098117582,0.0023360236250813404,-0.004406299681540419
2025-10-16,long_recency_gt60_or_never,slice_shape_only,ETX-AVG3,50139,0.7495362891162568,0.9019636294423381,0.6223842450095217,1.5652796296597584,3.6845790960654587e-17,0.7255993275261222,-0.059691332013652204,0.001162960067148111,0.009327408431272789
2025-10-16,long_recency_gt60_or_never,slice_shape_only,SEQ-AVG3,50139,0.7495362891162568,0.9019636294423381,0.623484965745599,1.566663159734771,-4.9316674055029987e-17,0.7234105933879639,0.03544878596237068,0.0025464901421607955,0.006881623184904307
2025-10-16,long_recency_gt60_or_never,slice_shape_only,BTYD,50139,0.7495362891162568,0.9019636294423381,0.6433677681704123,1.5914473962053428,4.194751586289907e-17,0.7006246377231137,0.19359108953827858,0.027330726612732503,0.02380329823118103
2025-10-16,long_recency_gt60_or_never,slice_shape_only,FRESH,50139,0.7495362891162568,0.9019636294423381,0.621381552703026,1.5640182493325356,2.7209199478637235e-17,0.7268181918328904,-0.045529238905735445,-9.842026007467197e-05,0.016205519314538067
2025-10-16,long_recency_gt60_or_never,slice_shape_only,ZERO2D,50139,0.7495362891162568,0.9019636294423381,0.6214666214454178,1.5641253047412382,4.138065754042746e-17,0.7268141659161405,-0.04258561331346843,8.635148627922362e-06,-0.0005951104566680904
2025-10-16,long_recency_gt60_or_never,slice_shape_only,BTYD05,50139,0.7495362891162568,0.9019636294423381,0.6212151093987637,1.56380876628713,2.1540616253921145e-17,0.7269696722478713,-0.0419919370321141,-0.00030790330548025047,0.02380329823118098
2025-10-16,long_recency_gt60_or_never,slice_shape_only,SEQ_SLOT_25,50139,0.7495362891162568,0.9019636294423381,0.621508615783467,1.5641781501354617,1.4738316384261835e-17,0.7267166857581995,-0.043687780421411186,6.14805428513776e-05,-0.00018236403047634307
2025-10-16,long_recency_gt60_or_never,slice_shape_only,SEQ_SLOT_50,50139,0.7495362891162568,0.9019636294423381,0.6214597595375977,1.5641166695926103,-2.947663276852367e-17,0.7268067688238381,-0.05439104369371376,0.0,-0.0027004180858999625
2025-10-16,long_recency_gt60_or_never,slice_shape_only,SEQ_SLOT_75,50139,0.7495362891162568,0.9019636294423381,0.6215046781624095,1.5641731951353048,-2.777605780110884e-17,0.7267652107684593,-0.06509430696601633,5.652554269452992e-05,0.00018236403047631233
2025-10-16,long_recency_gt60_or_never,slice_shape_only,BTYD05_FRESH1,50139,0.7495362891162568,0.9019636294423381,0.6211576958581059,1.56373649995667,1.558860386796925e-17,0.7269563612957534,-0.033130132244135795,-0.0003801696359402307,0.02525668714998997
2025-10-16,hist_buy_days_0,fixed_fold,STRONGEST,25990,0.8576760292420161,0.49904960189380937,0.21620046056046352,1.281373209880618,0.025408496351188813,0.6598965981309745,-0.035387154112119984,0.0,
2025-10-16,hist_buy_days_0,fixed_fold,CAP,25990,0.8576760292420161,0.49904960189380937,0.22055126851871737,1.2942021364629395,-0.00866684915842019,0.6116118969453773,-0.08443674906610224,0.012828926582321376,-0.003417977516917329
2025-10-16,hist_buy_days_0,fixed_fold,UNC,25990,0.8576760292420161,0.49904960189380937,0.21684826450784273,1.2832914707333647,0.007607391174759983,0.6544409771950461,-0.06401832568997122,0.0019182608527466005,-0.005509727676442829
2025-10-16,hist_buy_days_0,fixed_fold,DIST,25990,0.8576760292420161,0.49904960189380937,0.21746906701935914,1.2851270888299564,0.08022420463529037,0.6568409216297941,-0.047333987708981964,0.0037538789493383184,-0.000990873167340614
2025-10-16,hist_buy_days_0,fixed_fold,ETX-AVG3,25990,0.8576760292420161,0.49904960189380937,0.21667213320553905,1.2827701990645717,0.04256124936099421,0.6603974324768975,-0.027656305359862885,0.0013969891839535897,0.01141156542427816
2025-10-16,hist_buy_days_0,fixed_fold,SEQ-AVG3,25990,0.8576760292420161,0.49904960189380937,0.21735687325248235,1.2847955431713824,-0.021713883400936444,0.6488182760487677,0.017331300526512865,0.0034223332907643567,-0.0008792277323251647
2025-10-16,hist_buy_days_0,fixed_fold,BTYD,25990,0.8576760292420161,0.49904960189380937,0.22039625201679283,1.2937472355365058,0.016466390733346308,0.5814964667323007,0.26056693876523807,0.012374025655887744,0.021574594582369187
2025-10-16,hist_buy_days_0,fixed_fold,FRESH,25990,0.8576760292420161,0.49904960189380937,0.21614712276835948,1.2812151393715983,0.017496198819023052,0.6600339103758539,-0.03538715411212004,-0.00015807050901983644,0.007218066943770602
2025-10-16,hist_buy_days_0,fixed_fold,ZERO2D,25990,0.8576760292420161,0.49904960189380937,0.21615440831949445,1.2812367317935502,0.016763740739198008,0.6598991207371336,-0.031006154898439827,-0.00013647808706784836,-0.00569666287762608
2025-10-16,hist_buy_days_0,fixed_fold,BTYD05,25990,0.8576760292420161,0.49904960189380937,0.21613574005964675,1.2811814033436806,0.024961391070296813,0.6602974742078378,-0.020589449468251964,-0.00019180653693751104,0.021574594582369162
2025-10-16,hist_buy_days_0,fixed_fold,SEQ_SLOT_25,25990,0.8576760292420161,0.49904960189380937,0.21621392237850304,1.2814131018966712,0.018177543915471626,0.659300923495795,-0.030326048449902696,3.989201605314463e-05,-0.007056217321185736
2025-10-16,hist_buy_days_0,fixed_fold,SEQ_SLOT_50,25990,0.8576760292420161,0.49904960189380937,0.21620046056046352,1.281373209880618,0.025408496351188838,0.6598965981309745,-0.035387154112119956,0.0,0.004366837398987017
2025-10-16,hist_buy_days_0,fixed_fold,SEQ_SLOT_75,25990,0.8576760292420161,0.49904960189380937,0.2162473609692614,1.2815121866162693,0.03263944878690609,0.6601049556973964,-0.04044825977433722,0.00013897673565121949,0.007056217321185816
2025-10-16,hist_buy_days_0,fixed_fold,BTYD05_FRESH1,25990,0.8576760292420161,0.49904960189380937,0.21609178068138374,1.2810511083681568,0.017049093538131006,0.6603961954296464,-0.020589449468252013,-0.0003221015124612592,0.018567655601376708
2025-10-16,hist_buy_days_0,slice_shape_only,STRONGEST,25990,0.8576760292420161,0.49904960189380937,0.21611545188202927,1.2811212711187534,9.842069444926358e-18,0.6598965981309745,-0.06079565046330881,0.0,
2025-10-16,hist_buy_days_0,slice_shape_only,CAP,25990,0.8576760292420161,0.49904960189380937,0.22054145182966148,1.2941733338144457,7.27219575652892e-17,0.6116118969453773,-0.07576557249102503,0.013052062695692257,-0.003417977516917329
2025-10-16,hist_buy_days_0,slice_shape_only,UNC,25990,0.8576760292420161,0.49904960189380937,0.2168399645822926,1.2832669113355482,-0.00032545501990920454,0.6544409771950461,-0.0719647815241097,0.002145640216794753,-0.005509727676442829
2025-10-16,hist_buy_days_0,slice_shape_only,DIST,25990,0.8576760292420161,0.49904960189380937,0.216619806008136,1.2826152926130794,-0.00027107271124089395,0.6568409216297941,-0.12790398824192833,0.001494021494325981,-0.000990873167340614
2025-10-16,hist_buy_days_0,slice_shape_only,ETX-AVG3,25990,0.8576760292420161,0.49904960189380937,0.2164336079159955,1.282063930604339,-2.515195524814514e-17,0.6603974324768975,-0.07021779531152901,0.0009426594855856951,0.01141156542427816
2025-10-16,hist_buy_days_0,slice_shape_only,SEQ-AVG3,25990,0.8576760292420161,0.49904960189380937,0.21729478915987996,1.2846120406646897,-2.6792300155632866e-17,0.6488182760487677,0.03904518392744931,0.003490769545936301,-0.0008792277323251647
2025-10-16,hist_buy_days_0,slice_shape_only,BTYD,25990,0.8576760292420161,0.49904960189380937,0.22036054922572523,1.2936424418805097,4.428931250216862e-17,0.5814964667323007,0.24410054803189182,0.012521170761756295,0.021574594582369187
2025-10-16,hist_buy_days_0,slice_shape_only,FRESH,25990,0.8576760292420161,0.49904960189380937,0.21610681462954404,1.2810956702689573,-1.8043793982364992e-17,0.6600339103758539,-0.05288335293114309,-2.560084979608135e-05,0.007218066943770602
2025-10-16,hist_buy_days_0,slice_shape_only,ZERO2D,25990,0.8576760292420161,0.49904960189380937,0.21611740444439725,1.281127058450272,0.0,0.6598991207371336,-0.04776989563763784,5.787331518680716e-06,-0.00569666287762608
2025-10-16,hist_buy_days_0,slice_shape_only,BTYD05,25990,0.8576760292420161,0.49904960189380937,0.21605369680054706,1.280938217569262,2.241804706899893e-17,0.6602974742078378,-0.045550840538548756,-0.0001830535494913299,0.021574594582369162
2025-10-16,hist_buy_days_0,slice_shape_only,SEQ_SLOT_25,25990,0.8576760292420161,0.49904960189380937,0.21617041371526252,1.281284166221393,-9.842069444926358e-18,0.659300923495795,-0.04850359236537435,0.00016289510263955975,-0.007056217321185736
2025-10-16,hist_buy_days_0,slice_shape_only,SEQ_SLOT_50,25990,0.8576760292420161,0.49904960189380937,0.21611545188202927,1.2811212711187534,5.467816358292422e-18,0.6598965981309745,-0.06079565046330881,0.0,0.004366837398987017
2025-10-16,hist_buy_days_0,slice_shape_only,SEQ_SLOT_75,25990,0.8576760292420161,0.49904960189380937,0.21610708251659538,1.2810964642949019,1.0935632716584842e-18,0.6601049556973964,-0.07308770856124329,-2.480682385153088e-05,0.007056217321185816
2025-10-16,hist_buy_days_0,slice_shape_only,BTYD05_FRESH1,25990,0.8576760292420161,0.49904960189380937,0.2160535063227318,1.2809376529171164,-1.6403449074877265e-18,0.6603961954296464,-0.03763854300638302,-0.0001836182016370369,0.018567655601376708
2025-10-16,hist_buy_days_1,fixed_fold,STRONGEST,16708,0.6990663155374671,1.0653206050068442,0.24784805222417797,1.711122074513598,0.03382737500000034,0.621884705920816,-0.035387154112119984,0.0,
2025-10-16,hist_buy_days_1,fixed_fold,CAP,16708,0.6990663155374671,1.0653206050068442,0.25168477439386017,1.724315415244567,-0.0017634236200027014,0.6012992737246761,-0.08443674906610224,0.013193340730969005,-0.025421100545145323
2025-10-16,hist_buy_days_1,fixed_fold,UNC,16708,0.6990663155374671,1.0653206050068442,0.24868810519704693,1.7140194489899805,0.021176268810861834,0.6175894102614401,-0.06401832568997122,0.002897374476382497,-0.006139241361261904
2025-10-16,hist_buy_days_1,fixed_fold,DIST,16708,0.6990663155374671,1.0653206050068442,0.2488112296514387,1.7144436984626201,0.058237768151642,0.6193708809434292,-0.047333987708981964,0.0033216239490221344,-0.01144830419575571
2025-10-16,hist_buy_days_1,fixed_fold,ETX-AVG3,16708,0.6990663155374671,1.0653206050068442,0.24800181448102881,1.7116527730508422,0.04272227835485958,0.6195278103578863,-0.027656305359862885,0.0005306985372441897,0.01632751953476684
2025-10-16,hist_buy_days_1,fixed_fold,SEQ-AVG3,16708,0.6990663155374671,1.0653206050068442,0.24784442735315926,1.7111095615657643,0.02480207246345178,0.6217378059578688,0.017331300526512865,-1.2512947833664967e-05,0.02529455613233975
2025-10-16,hist_buy_days_1,fixed_fold,BTYD,16708,0.6990663155374671,1.0653206050068442,0.26001811815045384,1.7526292049098537,-0.11821497493814209,0.5532201350519284,0.26056693876523807,0.041507130396255754,0.01553754021018066
2025-10-16,hist_buy_days_1,fixed_fold,FRESH,16708,0.6990663155374671,1.0653206050068442,0.24776311218559763,1.7108288399522105,0.02399898125374274,0.6218736207375682,-0.03538715411212004,-0.00029323456138752313,0.016946542239298135
2025-10-16,hist_buy_days_1,fixed_fold,ZERO2D,16708,0.6990663155374671,1.0653206050068442,0.2477995345772367,1.7109545854427213,0.0256206686271182,0.6219085961083685,-0.031006154898439827,-0.00016748907087671405,0.007770551208622434
2025-10-16,hist_buy_days_1,fixed_fold,BTYD05,16708,0.6990663155374671,1.0653206050068442,0.24775387678052269,1.7107969539614896,0.026225257503093354,0.6220771215440111,-0.020589449468251964,-0.0003251205521084266,0.015537540210180611
2025-10-16,hist_buy_days_1,fixed_fold,SEQ_SLOT_25,16708,0.6990663155374671,1.0653206050068442,0.24781218905921443,1.7109982718999859,0.03181135183721704,0.622281626998398,-0.030326048449902696,-0.00012380261361211176,0.010506961664422953
2025-10-16,hist_buy_days_1,fixed_fold,SEQ_SLOT_50,16708,0.6990663155374671,1.0653206050068442,0.2478480522241779,1.711122074513598,0.033827375000000326,0.621884705920816,-0.035387154112119956,0.0,-0.0031265808191031346
2025-10-16,hist_buy_days_1,fixed_fold,SEQ_SLOT_75,16708,0.6990663155374671,1.0653206050068442,0.2479103784897378,1.7113372086331378,0.03584339816278378,0.6213300636299736,-0.04044825977433722,0.00021513411953977268,-0.010506961664422988
2025-10-16,hist_buy_days_1,fixed_fold,BTYD05_FRESH1,16708,0.6990663155374671,1.0653206050068442,0.24769940661682446,1.710608879179651,0.0163968637568357,0.6220038333278844,-0.020589449468252013,-0.000513195333947003,0.01751124885700984
2025-10-16,hist_buy_days_1,slice_shape_only,STRONGEST,16708,0.6990663155374671,1.0653206050068442,0.24775118873297466,1.7107876731460072,-4.8055619548055614e-17,0.621884705920816,-0.06921452911212035,0.0,
2025-10-16,hist_buy_days_1,slice_shape_only,CAP,16708,0.6990663155374671,1.0653206050068442,0.2516845111629839,1.7243145135349234,8.207729710420118e-17,0.6012992737246761,-0.08267332544609943,0.013526840388916161,-0.025421100545145323
2025-10-16,hist_buy_days_1,slice_shape_only,UNC,16708,0.6990663155374671,1.0653206050068442,0.24864900990016994,1.7138847165045548,-0.0003137848318884041,0.6175894102614401,-0.08550966562311714,0.0030970433585475465,-0.006139241361261904
2025-10-16,hist_buy_days_1,slice_shape_only,DIST,16708,0.6990663155374671,1.0653206050068442,0.24852412979949318,1.7134542764716263,5.953793572325474e-18,0.6193708809434292,-0.10557175586062405,0.002666603325619077,-0.01144830419575571
2025-10-16,hist_buy_days_1,slice_shape_only,ETX-AVG3,16708,0.6990663155374671,1.0653206050068442,0.24784731311169717,1.7111195231265426,-1.0291557460734034e-16,0.6195278103578863,-0.0703785837147225,0.0003318499805353703,0.01632751953476684
2025-10-16,hist_buy_days_1,slice_shape_only,SEQ-AVG3,16708,0.6990663155374671,1.0653206050068442,0.24779235592774398,1.7109298024417308,8.46289229209121e-17,0.6217378059578688,-0.007470771936939002,0.0001421292957235476,0.02529455613233975
2025-10-16,hist_buy_days_1,slice_shape_only,BTYD,16708,0.6990663155374671,1.0653206050068442,0.25883516236870324,1.7486378554758903,-1.0206503266843671e-17,0.5532201350519284,0.37878191370338016,0.03785018232988313,0.01553754021018066
2025-10-16,hist_buy_days_1,slice_shape_only,FRESH,16708,0.6990663155374671,1.0653206050068442,0.24771435831107635,1.7106605065035578,9.781232297391851e-18,0.6218736207375682,-0.059386135365862756,-0.00012716664244938336,0.016946542239298135
2025-10-16,hist_buy_days_1,slice_shape_only,ZERO2D,16708,0.6990663155374671,1.0653206050068442,0.2477439691777447,1.7107627464925035,-3.997547112847104e-17,0.6219085961083685,-0.05662682352555798,-2.49266535037318e-05,0.007770551208622434
2025-10-16,hist_buy_days_1,slice_shape_only,BTYD05,16708,0.6990663155374671,1.0653206050068442,0.2476956580079963,1.7105959352087818,-4.720507760915198e-17,0.6220771215440111,-0.04681470697134528,-0.00019173793722537802,0.015537540210180611
2025-10-16,hist_buy_days_1,slice_shape_only,SEQ_SLOT_25,16708,0.6990663155374671,1.0653206050068442,0.2477265271455244,1.7107025236256088,-2.7217342044916454e-17,0.622281626998398,-0.0621374002871197,-8.514952039839763e-05,0.010506961664422953
2025-10-16,hist_buy_days_1,slice_shape_only,SEQ_SLOT_50,16708,0.6990663155374671,1.0653206050068442,0.24775118873297466,1.7107876731460072,4.763034857860379e-17,0.621884705920816,-0.06921452911212032,0.0,-0.0031265808191031346
2025-10-16,hist_buy_days_1,slice_shape_only,SEQ_SLOT_75,16708,0.6990663155374671,1.0653206050068442,0.24780162533211955,1.7109618033317997,2.7217342044916454e-17,0.6213300636299736,-0.07629165793712098,0.00017413018579248707,-0.010506961664422988
2025-10-16,hist_buy_days_1,slice_shape_only,BTYD05_FRESH1,16708,0.6990663155374671,1.0653206050068442,0.2476766480401125,1.7105302921571433,7.229606480680933e-18,0.6220038333278844,-0.03698631322508768,-0.00025738098886396443,0.01751124885700984
2025-10-16,hist_buy_days_2_3,fixed_fold,STRONGEST,28127,0.5671418921321151,1.578741884232886,0.5216133153966946,1.9132120177031882,0.006771720286111127,0.6218775937669271,-0.035387154112119984,0.0,
2025-10-16,hist_buy_days_2_3,fixed_fold,CAP,28127,0.5671418921321151,1.578741884232886,0.5294094857259327,1.927456674984534,-0.004341350704514827,0.6066358495404077,-0.08443674906610224,0.01424465728134594,-0.026016456693723405
2025-10-16,hist_buy_days_2_3,fixed_fold,UNC,28127,0.5671418921321151,1.578741884232886,0.5234344785487246,1.9165490062091157,0.005270428438143733,0.6177863209752461,-0.06401832568997122,0.003336988505927563,0.0008823312335493294
2025-10-16,hist_buy_days_2_3,fixed_fold,DIST,28127,0.5671418921321151,1.578741884232886,0.5229820277353182,1.915720505545941,0.012665459063108064,0.6212084327932463,-0.047333987708981964,0.0025084878427528157,-0.005964364189239209
2025-10-16,hist_buy_days_2_3,fixed_fold,ETX-AVG3,28127,0.5671418921321151,1.578741884232886,0.521530564116528,1.913060251041263,0.005717367908619434,0.6204664815802643,-0.027656305359862885,-0.00015176666192506794,0.02404690526244629
2025-10-16,hist_buy_days_2_3,fixed_fold,SEQ-AVG3,28127,0.5671418921321151,1.578741884232886,0.522808782876202,1.9154031751199454,0.007476391895483151,0.6196243504641235,0.017331300526512865,0.002191157416757239,0.005994819950454796
2025-10-16,hist_buy_days_2_3,fixed_fold,BTYD,28127,0.5671418921321151,1.578741884232886,0.5522165244015341,1.9685364679664286,-0.13501795434698974,0.5575864812095424,0.26056693876523807,0.0553244502632404,0.01847911968818685
2025-10-16,hist_buy_days_2_3,fixed_fold,FRESH,28127,0.5671418921321151,1.578741884232886,0.5215220673337115,1.913044667176392,-0.004314773565984991,0.6217275182838041,-0.03538715411212004,-0.00016735052679606177,0.01607690091514432
2025-10-16,hist_buy_days_2_3,fixed_fold,ZERO2D,28127,0.5671418921321151,1.578741884232886,0.5216430146169998,1.913266483429756,0.0024773898507989807,0.6218933700485441,-0.031006154898439827,5.446572656775395e-05,-0.0076329418085503715
2025-10-16,hist_buy_days_2_3,fixed_fold,BTYD05,28127,0.5671418921321151,1.578741884232886,0.52144702896671,1.912907034542159,-0.00031776344554382984,0.621959065080251,-0.020589449468251964,-0.0003049831610291154,0.01847911968818683
2025-10-16,hist_buy_days_2_3,fixed_fold,SEQ_SLOT_25,28127,0.5671418921321151,1.578741884232886,0.5217294228711838,1.913424939659697,0.006969610484633386,0.6218394042497101,-0.030326048449902696,0.00021292195650879364,-0.011496765559658745
2025-10-16,hist_buy_days_2_3,fixed_fold,SEQ_SLOT_50,28127,0.5671418921321151,1.578741884232886,0.5216133153966946,1.9132120177031882,0.006771720286111113,0.6218775937669271,-0.035387154112119956,0.0,-0.005907951830607113
2025-10-16,hist_buy_days_2_3,fixed_fold,SEQ_SLOT_75,28127,0.5671418921321151,1.578741884232886,0.5215530998610438,1.9131015830113418,0.0065738300875890264,0.6218037171061439,-0.04044825977433722,-0.00011043469184635057,0.01149676555965858
2025-10-16,hist_buy_days_2_3,fixed_fold,BTYD05_FRESH1,28127,0.5671418921321151,1.578741884232886,0.5214227444550258,1.9128624906560878,-0.01140425729763996,0.6217345465554776,-0.020589449468252013,-0.00034952704710033977,0.01993971525079612
2025-10-16,hist_buy_days_2_3,slice_shape_only,STRONGEST,28127,0.5671418921321151,1.578741884232886,0.5216067807743965,1.9132000335794141,2.37462285922599e-17,0.6218775937669271,-0.04215887439823114,0.0,
2025-10-16,hist_buy_days_2_3,slice_shape_only,CAP,28127,0.5671418921321151,1.578741884232886,0.5294067999349585,1.9274517858085312,3.486148452906241e-17,0.6066358495404077,-0.08009539836158734,0.01425175222911701,-0.026016456693723405
2025-10-16,hist_buy_days_2_3,slice_shape_only,UNC,28127,0.5671418921321151,1.578741884232886,0.5234305201976456,1.9165417594681382,2.6272423123351377e-17,0.6177863209752461,-0.06928875412811489,0.0033417258887240564,0.0008823312335493294
2025-10-16,hist_buy_days_2_3,slice_shape_only,DIST,28127,0.5671418921321151,1.578741884232886,0.5229591683609612,1.9156786373282748,9.094300311929323e-18,0.6212084327932463,-0.05999944677209004,0.002478603748860664,-0.005964364189239209
2025-10-16,hist_buy_days_2_3,slice_shape_only,ETX-AVG3,28127,0.5671418921321151,1.578741884232886,0.5215259059528123,1.9130517075652342,1.414668937411228e-17,0.6204664815802643,-0.033373673268482354,-0.00014832601417991143,0.02404690526244629
2025-10-16,hist_buy_days_2_3,slice_shape_only,SEQ-AVG3,28127,0.5671418921321151,1.578741884232886,0.5228008174946314,1.915388583766697,2.2735750779823307e-17,0.6196243504641235,0.009854908631029613,0.0021885501872829227,0.005994819950454796
2025-10-16,hist_buy_days_2_3,slice_shape_only,BTYD,28127,0.5671418921321151,1.578741884232886,0.5496187255749885,1.9639007046482,-2.6272423123351377e-17,0.5575864812095424,0.3955848931122278,0.05070067106878584,0.01847911968818685
2025-10-16,hist_buy_days_2_3,slice_shape_only,FRESH,28127,0.5671418921321151,1.578741884232886,0.5215194143261509,1.9130398012955996,-1.1620494843020801e-17,0.6217275182838041,-0.031072380546135026,-0.00016023228381456533,0.01607690091514432
2025-10-16,hist_buy_days_2_3,slice_shape_only,ZERO2D,28127,0.5671418921321151,1.578741884232886,0.5216421400135682,1.913264879507067,3.3851006716625815e-17,0.6218933700485441,-0.03348354474923875,6.4845927652879e-05,-0.0076329418085503715
2025-10-16,hist_buy_days_2_3,slice_shape_only,BTYD05,28127,0.5671418921321151,1.578741884232886,0.5214470145777191,1.9129070081494475,2.020955624873183e-18,0.621959065080251,-0.020271686022708124,-0.0002930254299666757,0.01847911968818683
2025-10-16,hist_buy_days_2_3,slice_shape_only,SEQ_SLOT_25,28127,0.5671418921321151,1.578741884232886,0.5217225007454594,1.9134122462870897,-7.629107483896266e-17,0.6218394042497101,-0.037295658934536034,0.0002122127076755742,-0.011496765559658745
2025-10-16,hist_buy_days_2_3,slice_shape_only,SEQ_SLOT_50,28127,0.5671418921321151,1.578741884232886,0.5216067807743965,1.9132000335794141,1.3136211561675689e-17,0.6218775937669271,-0.04215887439823113,0.0,-0.005907951830607113
2025-10-16,hist_buy_days_2_3,slice_shape_only,SEQ_SLOT_75,28127,0.5671418921321151,1.578741884232886,0.5215469415812252,1.913090288428249,1.1620494843020801e-17,0.6218037171061439,-0.04702208986192622,-0.0001097451511651304,0.01149676555965858
2025-10-16,hist_buy_days_2_3,slice_shape_only,BTYD05_FRESH1,28127,0.5671418921321151,1.578741884232886,0.5214042109959646,1.9128284949452476,-4.0419112497463657e-17,0.6217345465554776,-0.009185192170612004,-0.0003715386341665017,0.01993971525079612
2025-10-16,hist_buy_days_4_10,fixed_fold,STRONGEST,60098,0.3445206163266664,2.570454584850438,1.2235654720257765,2.0046292779707433,-0.005680203447694398,0.6478214665334423,-0.035387154112119984,0.0,
2025-10-16,hist_buy_days_4_10,fixed_fold,CAP,60098,0.3445206163266664,2.570454584850438,1.2437596207092645,2.0211041277407715,0.016544810856977434,0.6361877496809789,-0.08443674906610224,0.01647484977002822,-0.03110805017976936
2025-10-16,hist_buy_days_4_10,fixed_fold,UNC,60098,0.3445206163266664,2.570454584850438,1.2295101161649211,2.0094930832519906,0.0020998135392032574,0.642421351470531,-0.06401832568997122,0.004863805281247302,-0.009455302282206288
2025-10-16,hist_buy_days_4_10,fixed_fold,DIST,60098,0.3445206163266664,2.570454584850438,1.2269277073833975,2.0073816486883502,-0.012301062104094592,0.6490444671274663,-0.047333987708981964,0.0027523707176069223,-0.005210397924358982
2025-10-16,hist_buy_days_4_10,fixed_fold,ETX-AVG3,60098,0.3445206163266664,2.570454584850438,1.224085620677641,2.0050553256355292,-0.02199718887398916,0.6469024633061723,-0.027656305359862885,0.0004260476647859335,0.021281132299543298
2025-10-16,hist_buy_days_4_10,fixed_fold,SEQ-AVG3,60098,0.3445206163266664,2.570454584850438,1.22491485679047,2.005734356074879,0.001125230374242747,0.6466635951836934,0.017331300526512865,0.001105078104135515,0.019553884058672286
2025-10-16,hist_buy_days_4_10,fixed_fold,BTYD,60098,0.3445206163266664,2.570454584850438,1.3028472301487657,2.0685556516408075,-0.05551480644352969,0.6015951923126024,0.26056693876523807,0.06392637367006415,0.017592275314365698
2025-10-16,hist_buy_days_4_10,fixed_fold,FRESH,60098,0.3445206163266664,2.570454584850438,1.2232250170943308,2.004350366289782,-0.013669092147572448,0.6480852858574166,-0.03538715411212004,-0.00027891168096116914,0.020375439837761335
2025-10-16,hist_buy_days_4_10,fixed_fold,ZERO2D,60098,0.3445206163266664,2.570454584850438,1.2235697667864898,2.0046327961296444,-0.002482949913073194,0.6478231977061863,-0.031006154898439827,3.518158901094637e-06,-0.0015663505593431248
2025-10-16,hist_buy_days_4_10,fixed_fold,BTYD05,60098,0.3445206163266664,2.570454584850438,1.2232171704306032,2.0043439375917425,-0.00817193359748627,0.6477549346959527,-0.020589449468251964,-0.0002853403790008535,0.017592275314365656
2025-10-16,hist_buy_days_4_10,fixed_fold,SEQ_SLOT_25,60098,0.3445206163266664,2.570454584850438,1.22361488920367,2.004669758894604,-0.003078931282268388,0.6478128781020889,-0.030326048449902696,4.048092386055302e-05,0.0013147189461060278
2025-10-16,hist_buy_days_4_10,fixed_fold,SEQ_SLOT_50,60098,0.3445206163266664,2.570454584850438,1.2235654720257767,2.0046292779707433,-0.005680203447694428,0.6478214665334423,-0.035387154112119956,0.0,-0.002094277436677221
2025-10-16,hist_buy_days_4_10,fixed_fold,SEQ_SLOT_75,60098,0.3445206163266664,2.570454584850438,1.2236858250266407,2.0047278657546492,-0.008281475613120431,0.6477464069537285,-0.04044825977433722,9.858778390592349e-05,-0.001314718946106073
2025-10-16,hist_buy_days_4_10,fixed_fold,BTYD05_FRESH1,60098,0.3445206163266664,2.570454584850438,1.2229883303131437,2.0041564419583175,-0.016160822297364305,0.6479503745356063,-0.020589449468252013,-0.0004728360124257591,0.023334685442037907
2025-10-16,hist_buy_days_4_10,slice_shape_only,STRONGEST,60098,0.3445206163266664,2.570454584850438,1.2235556480596297,2.0046212304039623,1.5062588528043657e-16,0.6478214665334423,-0.029706950664425604,0.0,
2025-10-16,hist_buy_days_4_10,slice_shape_only,CAP,60098,0.3445206163266664,2.570454584850438,1.2436762751071857,2.021036408480682,1.5795618738984556e-16,0.6361877496809789,-0.10098155992307963,0.01641517807671944,-0.03110805017976936
2025-10-16,hist_buy_days_4_10,slice_shape_only,UNC,60098,0.3445206163266664,2.570454584850438,1.2295087736456196,2.009491986154882,-1.5275403750574885e-16,0.642421351470531,-0.06611813922917456,0.004870755750919553,-0.009455302282206288
2025-10-16,hist_buy_days_4_10,slice_shape_only,DIST,60098,0.3445206163266664,2.570454584850438,1.2268816346162137,2.0073439584091886,8.725424123780392e-17,0.6490444671274663,-0.03503292560488723,0.002722728005226216,-0.005210397924358982
2025-10-16,hist_buy_days_4_10,slice_shape_only,ETX-AVG3,60098,0.3445206163266664,2.570454584850438,1.2239382899130677,2.0049346579230556,-3.310459017152452e-17,0.6469024633061723,-0.005659116485873865,0.0003134275190932456,0.021281132299543298
2025-10-16,hist_buy_days_4_10,slice_shape_only,SEQ-AVG3,60098,0.3445206163266664,2.570454584850438,1.224914471274859,2.005734040443975,3.546920375520484e-18,0.6466635951836934,0.01620607015227016,0.001112810040012846,0.019553884058672286
2025-10-16,hist_buy_days_4_10,slice_shape_only,BTYD,60098,0.3445206163266664,2.570454584850438,1.3019088544874555,2.0678105788975603,-6.526333490957691e-17,0.6015951923126024,0.31608174520876775,0.06318934849359792,0.017592275314365698
2025-10-16,hist_buy_days_4_10,slice_shape_only,FRESH,60098,0.3445206163266664,2.570454584850438,1.2231681267689762,2.004303756112293,-3.475981968010074e-17,0.6480852858574166,-0.021718061964547574,-0.0003174742916693951,0.020375439837761335
2025-10-16,hist_buy_days_4_10,slice_shape_only,ZERO2D,60098,0.3445206163266664,2.570454584850438,1.2235678896537139,2.004631258430908,-5.556841921648758e-17,0.6478231977061863,-0.028523204985366698,1.0028026945718693e-05,-0.0015663505593431248
2025-10-16,hist_buy_days_4_10,slice_shape_only,BTYD05,60098,0.3445206163266664,2.570454584850438,1.2231968370901152,2.0043272785805337,4.374535129808597e-17,0.6477549346959527,-0.012417515870765826,-0.0002939518234286176,0.017592275314365656
2025-10-16,hist_buy_days_4_10,slice_shape_only,SEQ_SLOT_25,60098,0.3445206163266664,2.570454584850438,1.2236120027867128,2.004667394459417,9.600331149742111e-17,0.6478128781020889,-0.027247117167634387,4.6164055454767094e-05,0.0013147189461060278
2025-10-16,hist_buy_days_4_10,slice_shape_only,SEQ_SLOT_50,60098,0.3445206163266664,2.570454584850438,1.2235556480596295,2.0046212304039623,1.151566815252317e-16,0.6478214665334423,-0.02970695066442558,0.0,-0.002094277436677221
2025-10-16,hist_buy_days_4_10,slice_shape_only,SEQ_SLOT_75,60098,0.3445206163266664,2.570454584850438,1.2236649429094046,2.0047107604078103,-1.6883340987477504e-16,0.6477464069537285,-0.03216678416121677,8.953000384792631e-05,-0.001314718946106073
2025-10-16,hist_buy_days_4_10,slice_shape_only,BTYD05_FRESH1,60098,0.3445206163266664,2.570454584850438,1.2229088085529107,2.0040912832667317,-1.4518727403797182e-16,0.6479503745356063,-0.004428627170887795,-0.0005299471372306463,0.023334685442037907
2025-10-16,hist_buy_days_11plus,fixed_fold,STRONGEST,66456,0.08705007824726134,4.36006509370894,0.8228237457639913,1.5632800357751848,-0.016170908741954065,0.744661997867211,-0.035387154112119984,0.0,
2025-10-16,hist_buy_days_11plus,fixed_fold,CAP,66456,0.08705007824726134,4.36006509370894,0.835830443088942,1.575587280119057,-0.009338240687407634,0.7380664039397947,-0.08443674906610224,0.012307244343872092,-0.01791299058726027
2025-10-16,hist_buy_days_11plus,fixed_fold,UNC,66456,0.08705007824726134,4.36006509370894,0.8270035952086072,1.5672456468146168,-0.012634922710082184,0.7410376425998351,-0.06401832568997122,0.003965611039431938,-0.007375659833976741
2025-10-16,hist_buy_days_11plus,fixed_fold,DIST,66456,0.08705007824726134,4.36006509370894,0.8262692652084369,1.566549681831215,-0.04025273632907484,0.7474844766494757,-0.047333987708981964,0.0032696460560301954,0.0016421722430222706
2025-10-16,hist_buy_days_11plus,fixed_fold,ETX-AVG3,66456,0.08705007824726134,4.36006509370894,0.8241663615636909,1.564554931515279,-0.009913266640513963,0.7441397598652818,-0.027656305359862885,0.0012748957400940952,0.019279020093220876
2025-10-16,hist_buy_days_11plus,fixed_fold,SEQ-AVG3,66456,0.08705007824726134,4.36006509370894,0.8276469585587752,1.567855143792514,-0.001925511120207678,0.7389554274099192,0.017331300526512865,0.004575108017329077,-0.0008879672150145973
2025-10-16,hist_buy_days_11plus,fixed_fold,BTYD,66456,0.08705007824726134,4.36006509370894,0.8904816226938899,1.6262819956496726,0.13063008826393155,0.7034319463945894,0.26056693876523807,0.06300195987448776,0.013842842234899054
2025-10-16,hist_buy_days_11plus,fixed_fold,FRESH,66456,0.08705007824726134,4.36006509370894,0.8225112346396601,1.5629831381707782,0.0013113270416713423,0.7471731356618885,-0.03538715411212004,-0.000296897604406654,0.018268527420018554
2025-10-16,hist_buy_days_11plus,fixed_fold,ZERO2D,66456,0.08705007824726134,4.36006509370894,0.8227807301114815,1.5632391725951718,-0.011800604515637227,0.7446620007163621,-0.031006154898439827,-4.0863180013062106e-05,0.0046499601020781045
2025-10-16,hist_buy_days_11plus,fixed_fold,BTYD05,66456,0.08705007824726134,4.36006509370894,0.8226045906530304,1.5630718358860705,-0.008830858891660265,0.7443316900806818,-0.020589449468251964,-0.00020819988911435772,0.013842842234898947
2025-10-16,hist_buy_days_11plus,fixed_fold,SEQ_SLOT_25,66456,0.08705007824726134,4.36006509370894,0.823162405613459,1.563601712027544,-0.01527228624591973,0.7440912673133832,-0.030326048449902696,0.0003216762523592376,-0.013148134712097337
2025-10-16,hist_buy_days_11plus,fixed_fold,SEQ_SLOT_50,66456,0.08705007824726134,4.36006509370894,0.8228237457639913,1.5632800357751848,-0.016170908741954114,0.744661997867211,-0.035387154112119956,0.0,-0.0022161187836008366
2025-10-16,hist_buy_days_11plus,fixed_fold,SEQ_SLOT_75,66456,0.08705007824726134,4.36006509370894,0.8226944874614129,1.5631572422478512,-0.017069531237989034,0.7451333372091286,-0.04044825977433722,-0.00012279352733357562,0.01314813471209729
2025-10-16,hist_buy_days_11plus,fixed_fold,BTYD05_FRESH1,66456,0.08705007824726134,4.36006509370894,0.8224657256667619,1.5629398981892453,0.008651376891965691,0.7468059527371133,-0.020589449468252013,-0.00034013758593953725,0.021442830453855994
2025-10-16,hist_buy_days_11plus,slice_shape_only,STRONGEST,66456,0.08705007824726134,4.36006509370894,0.8227357012895046,1.5631963958388984,-2.4676968733211617e-16,0.744661997867211,-0.019216245370165672,0.0,
2025-10-16,hist_buy_days_11plus,slice_shape_only,CAP,66456,0.08705007824726134,4.36006509370894,0.8358010825934891,1.5755596067854212,-2.300902803893908e-16,0.7380664039397947,-0.07509850837869485,0.012363210946522818,-0.01791299058726027
2025-10-16,hist_buy_days_11plus,slice_shape_only,UNC,66456,0.08705007824726134,4.36006509370894,0.8269498452130924,1.5671947154669317,-8.16863263092447e-17,0.7410376425998351,-0.05138340297988889,0.00399831962803332,-0.007375659833976741
2025-10-16,hist_buy_days_11plus,slice_shape_only,DIST,66456,0.08705007824726134,4.36006509370894,0.8257237283855775,1.5660324462997255,-6.8000659074188e-17,0.7474844766494757,-0.007081251379907213,0.002836050460827133,0.0016421722430222706
2025-10-16,hist_buy_days_11plus,slice_shape_only,ETX-AVG3,66456,0.08705007824726134,4.36006509370894,0.8241332738447128,1.5645235251901113,2.0870642533461473e-16,0.7441397598652818,-0.017743038719349114,0.00132712935121293,0.019279020093220876
2025-10-16,hist_buy_days_11plus,slice_shape_only,SEQ-AVG3,66456,0.08705007824726134,4.36006509370894,0.8276457102405383,1.5678539614146372,-2.3265634299596394e-16,0.7389554274099192,0.019256811646720398,0.00465756557573882,-0.0008879672150145973
2025-10-16,hist_buy_days_11plus,slice_shape_only,BTYD,66456,0.08705007824726134,4.36006509370894,0.8847362303185546,1.6210271155703841,1.441271830691909e-16,0.7034319463945894,0.12993685050130638,0.05783071973148579,0.013842842234899054
2025-10-16,hist_buy_days_11plus,slice_shape_only,FRESH,66456,0.08705007824726134,4.36006509370894,0.8225106556706915,1.5629825880756203,-1.868948931787431e-16,0.7471731356618885,-0.03669848115379163,-0.00021380776327806217,0.018268527420018554
2025-10-16,hist_buy_days_11plus,slice_shape_only,ZERO2D,66456,0.08705007824726134,4.36006509370894,0.8227338442646417,1.5631946316659044,-1.9801449780722668e-16,0.7446620007163621,-0.01920555038280244,-1.764172993912183e-06,0.0046499601020781045
2025-10-16,hist_buy_days_11plus,slice_shape_only,BTYD05,66456,0.08705007824726134,4.36006509370894,0.8225783340133989,1.5630468899145302,1.4327182886699986e-16,0.7443316900806818,-0.011758590576591878,-0.00014950592436813182,0.013842842234898947
2025-10-16,hist_buy_days_11plus,slice_shape_only,SEQ_SLOT_25,66456,0.08705007824726134,4.36006509370894,0.8230838745707579,1.563527125165499,7.954794080376708e-17,0.7440912673133832,-0.015053762203982829,0.0003307293266006095,-0.013148134712097337
2025-10-16,hist_buy_days_11plus,slice_shape_only,SEQ_SLOT_50,66456,0.08705007824726134,4.36006509370894,0.8227357012895046,1.5631963958388984,2.566062606573132e-16,0.744661997867211,-0.019216245370165624,0.0,-0.0022161187836008366
2025-10-16,hist_buy_days_11plus,slice_shape_only,SEQ_SLOT_75,66456,0.08705007824726134,4.36006509370894,0.8225963857819127,1.5630640406250869,-1.0478088976840289e-16,0.7451333372091286,-0.023378728536348432,-0.00013235521381149695,0.01314813471209729
2025-10-16,hist_buy_days_11plus,slice_shape_only,BTYD05_FRESH1,66456,0.08705007824726134,4.36006509370894,0.8224405254824299,1.5629159539238449,-1.830457992688834e-16,0.7468059527371133,-0.029240826360217832,-0.0002804419150534976,0.021442830453855994
2025-10-16,actual_target_zero,fixed_fold,STRONGEST,76413,1.0,0.0,1.3240334274462862,1.8493381199127794,1.5312174092579063,,-0.035387154112119984,0.0,
2025-10-16,actual_target_zero,fixed_fold,CAP,76413,1.0,0.0,1.342541794319609,1.8622190031748156,1.5334386719363984,,-0.08443674906610224,0.01288088326203618,-0.017745955395091856
2025-10-16,actual_target_zero,fixed_fold,UNC,76413,1.0,0.0,1.334295922334869,1.8564913339287885,1.5281026119830263,,-0.06401832568997122,0.007153214016009102,-0.11735664551307591
2025-10-16,actual_target_zero,fixed_fold,DIST,76413,1.0,0.0,1.3281517355283157,1.8522120016431267,1.5468507073058455,,-0.047333987708981964,0.002873881730347305,0.2505781890656944
2025-10-16,actual_target_zero,fixed_fold,ETX-AVG3,76413,1.0,0.0,1.3180758235809824,1.8451728000067193,1.5291419203795353,,-0.027656305359862885,-0.004165319906060061,0.0923205354519613
2025-10-16,actual_target_zero,fixed_fold,SEQ-AVG3,76413,1.0,0.0,1.3282136648496303,1.852255183793185,1.5176431728697863,,0.017331300526512865,0.0029170638804056903,-0.18216447960079094
2025-10-16,actual_target_zero,fixed_fold,BTYD,76413,1.0,0.0,1.3501644186401522,1.867498132656024,1.5142046710470343,,0.26056693876523807,0.018160012743244636,0.0636757556127232
2025-10-16,actual_target_zero,fixed_fold,FRESH,76413,1.0,0.0,1.314991704710495,1.8430128085495299,1.5227442851046387,,-0.03538715411212004,-0.006325311363249542,-0.07564034673232134
2025-10-16,actual_target_zero,fixed_fold,ZERO2D,76413,1.0,0.0,1.3236325309419275,1.8490581234635477,1.5272811585925907,,-0.031006154898439827,-0.00027999644923171196,-0.8021701222089515
2025-10-16,actual_target_zero,fixed_fold,BTYD05,76413,1.0,0.0,1.3221262555994873,1.8480057228080844,1.5303667723473626,,-0.020589449468251964,-0.0013323971046950156,0.06367575561272536
2025-10-16,actual_target_zero,fixed_fold,SEQ_SLOT_25,76413,1.0,0.0,1.3250627134905189,1.850056805741872,1.5299238001630595,,-0.030326048449902696,0.0007186858290926246,-0.2027725500822013
2025-10-16,actual_target_zero,fixed_fold,SEQ_SLOT_50,76413,1.0,0.0,1.3240334274462862,1.8493381199127794,1.5312174092579063,,-0.035387154112119956,0.0,0.09253410687187184
2025-10-16,actual_target_zero,fixed_fold,SEQ_SLOT_75,76413,1.0,0.0,1.32318406791315,1.84874485507612,1.532511018352753,,-0.04044825977433722,-0.0005932648366593352,0.2027725500822026
2025-10-16,actual_target_zero,fixed_fold,BTYD05_FRESH1,76413,1.0,0.0,1.3131664539250056,1.841733283858753,1.5218936481940954,,-0.020589449468252013,-0.007604836054026398,0.0074917351208494175
2025-10-16,actual_target_zero,slice_shape_only,STRONGEST,76413,1.0,0.0,0.0,0.0,0.0,,-6.709387481212616,0.0,
2025-10-16,actual_target_zero,slice_shape_only,CAP,76413,1.0,0.0,0.0,0.0,0.0,,-6.776392936706543,0.0,-0.017745955395091856
2025-10-16,actual_target_zero,slice_shape_only,UNC,76413,1.0,0.0,0.0,0.0,0.0,,-6.888214111328125,0.0,-0.11735664551307591
2025-10-16,actual_target_zero,slice_shape_only,DIST,76413,1.0,0.0,0.0,0.0,0.0,,-6.391421318054199,0.0,0.2505781890656944
2025-10-16,actual_target_zero,slice_shape_only,ETX-AVG3,76413,1.0,0.0,0.0,0.0,0.0,,-6.8125,0.0,0.0923205354519613
2025-10-16,actual_target_zero,slice_shape_only,SEQ-AVG3,76413,1.0,0.0,0.0,0.0,0.0,,-6.8125,0.0,-0.18216447960079094
2025-10-16,actual_target_zero,slice_shape_only,BTYD,76413,1.0,0.0,0.0,0.0,0.0,,-7.034491171911071,0.0,0.0636757556127232
2025-10-16,actual_target_zero,slice_shape_only,FRESH,76413,1.0,0.0,0.0,0.0,0.0,,-6.645069064348784,0.0,-0.07564034673232134
2025-10-16,actual_target_zero,slice_shape_only,ZERO2D,76413,1.0,0.0,0.0,0.0,0.0,,-6.709387481212616,0.0,-0.8021701222089515
2025-10-16,actual_target_zero,slice_shape_only,BTYD05,76413,1.0,0.0,0.0,0.0,0.0,,-6.7256426657475386,0.0,0.06367575561272536
2025-10-16,actual_target_zero,slice_shape_only,SEQ_SLOT_25,76413,1.0,0.0,0.0,0.0,0.0,,-6.704699999094009,0.0,-0.2027725500822013
2025-10-16,actual_target_zero,slice_shape_only,SEQ_SLOT_50,76413,1.0,0.0,0.0,0.0,0.0,,-6.709387481212616,0.0,0.09253410687187184
2025-10-16,actual_target_zero,slice_shape_only,SEQ_SLOT_75,76413,1.0,0.0,0.0,0.0,0.0,,-6.714074963331222,0.0,0.2027725500822026
2025-10-16,actual_target_zero,slice_shape_only,BTYD05_FRESH1,76413,1.0,0.0,0.0,0.0,0.0,,-6.661324248883707,0.0,0.0074917351208494175
2025-10-16,actual_target_positive,fixed_fold,STRONGEST,120966,0.0,4.293823175994542,1.7080176185248181,1.669417590331512,-0.9672545665197195,,-0.035387154112119984,0.0,
2025-10-16,actual_target_positive,fixed_fold,CAP,120966,0.0,4.293823175994542,1.7386937981171078,1.684342335514712,-0.9686833092079755,,-0.08443674906610224,0.014924745183199972,-0.024143091534133493
2025-10-16,actual_target_positive,fixed_fold,UNC,120966,0.0,4.293823175994542,1.7111886372922736,1.6709665496927868,-0.9654002462046991,,-0.06401832568997122,0.0015489593612747488,0.009560590649543206
2025-10-16,actual_target_positive,fixed_fold,DIST,120966,0.0,4.293823175994542,1.7143075614696346,1.672488662819527,-0.9771299629429885,,-0.047333987708981964,0.00307107248801497,0.06948521414516078
2025-10-16,actual_target_positive,fixed_fold,ETX-AVG3,120966,0.0,4.293823175994542,1.7163806704634452,1.673499626011028,-0.9659435011652983,,-0.027656305359862885,0.004082035679515927,-0.02528602591831299
2025-10-16,actual_target_positive,fixed_fold,SEQ-AVG3,120966,0.0,4.293823175994542,1.7123582339814585,1.6715375046024978,-0.958679858542888,,0.017331300526512865,0.00211991427098579,-0.03295956454427096
2025-10-16,actual_target_positive,fixed_fold,BTYD,120966,0.0,4.293823175994542,1.8757953287712839,1.7494902930704042,-0.9565077916829278,,0.26056693876523807,0.08007270273889211,-0.030110689797155997
2025-10-16,actual_target_positive,fixed_fold,FRESH,120966,0.0,4.293823175994542,1.7161768493111649,1.6734002585586676,-0.9619021796017128,,-0.03538715411212004,0.003982668227155539,-0.23539920287933644
2025-10-16,actual_target_positive,fixed_fold,ZERO2D,120966,0.0,4.293823175994542,1.708314923469775,1.6695628770379056,-0.9647680767449998,,-0.031006154898439827,0.000145286706393577,-0.4059291495156191
2025-10-16,actual_target_positive,fixed_fold,BTYD05,120966,0.0,4.293823175994542,1.7090321512910254,1.6699133192391733,-0.96671722777788,,-0.020589449468251964,0.0004957289076612525,-0.030110689797154706
2025-10-16,actual_target_positive,fixed_fold,SEQ_SLOT_25,120966,0.0,4.293823175994542,1.7074701156355114,1.6691500040366583,-0.9664374067246984,,-0.030326048449902696,-0.00026758629485379437,-0.00899703864060247
2025-10-16,actual_target_positive,fixed_fold,SEQ_SLOT_50,120966,0.0,4.293823175994542,1.7080176185248177,1.669417590331512,-0.9672545665197195,,-0.035387154112119956,0.0,0.03372891302783435
2025-10-16,actual_target_positive,fixed_fold,SEQ_SLOT_75,120966,0.0,4.293823175994542,1.708907083894947,1.6698522157861309,-0.9680717263147408,,-0.04044825977433722,0.00043462545461880886,0.008997038640603514
2025-10-16,actual_target_positive,fixed_fold,BTYD05_FRESH1,120966,0.0,4.293823175994542,1.717501533808134,1.674045967007403,-0.9613648408598733,,-0.020589449468252013,0.0046283766758909994,-0.1852364774286649
2025-10-16,actual_target_positive,slice_shape_only,STRONGEST,120966,0.0,4.293823175994542,1.1346357531624243,1.3606519372914667,1.2147234574606809e-16,,0.9318674124075996,0.0,
2025-10-16,actual_target_positive,slice_shape_only,CAP,120966,0.0,4.293823175994542,1.1636168384093026,1.3779193874959312,1.8890476978692214e-16,,0.8842465809939408,0.01726745020446452,-0.024143091534133493
2025-10-16,actual_target_positive,slice_shape_only,UNC,120966,0.0,4.293823175994542,1.1400067568598984,1.363868581250175,6.766738022218106e-17,,0.9013831532643292,0.003216643958708243,0.009560590649543206
2025-10-16,actual_target_positive,slice_shape_only,DIST,120966,0.0,4.293823175994542,1.129157793351423,1.3573633864145902,4.064741936957404e-17,,0.9297959752340065,-0.003288550876876517,0.06948521414516078
2025-10-16,actual_target_positive,slice_shape_only,ETX-AVG3,120966,0.0,4.293823175994542,1.1445521327373076,1.366584849475354,-2.3354644423905547e-16,,0.9382871958054351,0.005932912183887362,-0.02528602591831299
2025-10-16,actual_target_positive,slice_shape_only,SEQ-AVG3,120966,0.0,4.293823175994542,1.1490973636160537,1.369295643065052,1.6024011566502598e-16,,0.9760111590694007,0.008643705773585308,-0.03295956454427096
2025-10-16,actual_target_positive,slice_shape_only,BTYD,120966,0.0,4.293823175994542,1.3150839107466739,1.4648580579692418,-3.594829574303369e-17,,1.2170747304481657,0.10420612067777513,-0.030110689797155997
2025-10-16,actual_target_positive,slice_shape_only,FRESH,120966,0.0,4.293823175994542,1.14912314308852,1.3693110027388558,1.4943213132398318e-16,,0.9265150254895927,0.008659065447389036,-0.23539920287933644
2025-10-16,actual_target_positive,slice_shape_only,ZERO2D,120966,0.0,4.293823175994542,1.1378772171401708,1.3625941282997087,-1.2476173228464634e-16,,0.9337619218465599,0.0019421910082420002,-0.4059291495156191
2025-10-16,actual_target_positive,slice_shape_only,BTYD05,120966,0.0,4.293823175994542,1.1362871704083577,1.361641764668609,1.0126611415194458e-16,,0.9461277783096281,0.0009898273771422605,-0.030110689797154706
2025-10-16,actual_target_positive,slice_shape_only,SEQ_SLOT_25,120966,0.0,4.293823175994542,1.13505665446563,1.3609042857081524,7.589084656862667e-17,,0.9361113582747956,0.0002523484166856438,-0.00899703864060247
2025-10-16,actual_target_positive,slice_shape_only,SEQ_SLOT_50,120966,0.0,4.293823175994542,1.1346357531624245,1.360651937291467,1.3275024244976494e-16,,0.9318674124075996,2.220446049250313e-16,0.03372891302783435
2025-10-16,actual_target_positive,slice_shape_only,SEQ_SLOT_75,120966,0.0,4.293823175994542,1.1345559958632798,1.3606041140889764,-1.5178169313725334e-16,,0.9276234665404033,-4.7823202490304695e-05,0.008997038640603514
2025-10-16,actual_target_positive,slice_shape_only,BTYD05_FRESH1,120966,0.0,4.293823175994542,1.1510811868305992,1.3704771221776093,-8.317448818976422e-17,,0.9407753913916211,0.00982518488614259,-0.1852364774286649
