tree
version=v4
num_class=1
num_tree_per_iteration=1
label_index=0
max_feature_idx=226
objective=binary sigmoid:1
feature_names=Column_0 Column_1 Column_2 Column_3 Column_4 Column_5 Column_6 Column_7 Column_8 Column_9 Column_10 Column_11 Column_12 Column_13 Column_14 Column_15 Column_16 Column_17 Column_18 Column_19 Column_20 Column_21 Column_22 Column_23 Column_24 Column_25 Column_26 Column_27 Column_28 Column_29 Column_30 Column_31 Column_32 Column_33 Column_34 Column_35 Column_36 Column_37 Column_38 Column_39 Column_40 Column_41 Column_42 Column_43 Column_44 Column_45 Column_46 Column_47 Column_48 Column_49 Column_50 Column_51 Column_52 Column_53 Column_54 Column_55 Column_56 Column_57 Column_58 Column_59 Column_60 Column_61 Column_62 Column_63 Column_64 Column_65 Column_66 Column_67 Column_68 Column_69 Column_70 Column_71 Column_72 Column_73 Column_74 Column_75 Column_76 Column_77 Column_78 Column_79 Column_80 Column_81 Column_82 Column_83 Column_84 Column_85 Column_86 Column_87 Column_88 Column_89 Column_90 Column_91 Column_92 Column_93 Column_94 Column_95 Column_96 Column_97 Column_98 Column_99 Column_100 Column_101 Column_102 Column_103 Column_104 Column_105 Column_106 Column_107 Column_108 Column_109 Column_110 Column_111 Column_112 Column_113 Column_114 Column_115 Column_116 Column_117 Column_118 Column_119 Column_120 Column_121 Column_122 Column_123 Column_124 Column_125 Column_126 Column_127 Column_128 Column_129 Column_130 Column_131 Column_132 Column_133 Column_134 Column_135 Column_136 Column_137 Column_138 Column_139 Column_140 Column_141 Column_142 Column_143 Column_144 Column_145 Column_146 Column_147 Column_148 Column_149 Column_150 Column_151 Column_152 Column_153 Column_154 Column_155 Column_156 Column_157 Column_158 Column_159 Column_160 Column_161 Column_162 Column_163 Column_164 Column_165 Column_166 Column_167 Column_168 Column_169 Column_170 Column_171 Column_172 Column_173 Column_174 Column_175 Column_176 Column_177 Column_178 Column_179 Column_180 Column_181 Column_182 Column_183 Column_184 Column_185 Column_186 Column_187 Column_188 Column_189 Column_190 Column_191 Column_192 Column_193 Column_194 Column_195 Column_196 Column_197 Column_198 Column_199 Column_200 Column_201 Column_202 Column_203 Column_204 Column_205 Column_206 Column_207 Column_208 Column_209 Column_210 Column_211 Column_212 Column_213 Column_214 Column_215 Column_216 Column_217 Column_218 Column_219 Column_220 Column_221 Column_222 Column_223 Column_224 Column_225 Column_226
feature_infos=[0:7] [0:7] [0:7] [0:7] [0:7] [0:7] [0:550] [0:462] [0:80] [0:13303.1298828125] [0:5981.875] [0.031327780336141586:9508.3271484375] [0.030847078189253807:8.7262210845947266] [3.4040222089970484e-05:4.1903190612792969] [0:14] [0:14] [0:14] [0:14] [0:14] [0:14] [0:1002] [0:1237] [0:138] [0:17470.92578125] [0:10913.5791015625] [0.031235931441187859:10225.23828125] [0.030758015811443329:8.7008399963378906] [3.4040222089970484e-05:4.4851903915405273] [1:30] [0:30] [0:30] [0:30] [0:30] [0:28] [0:1993] [0:1356] [0:259] [0:19178.23828125] [0:10913.5791015625] [0.031208498403429985:11132.8408203125] [0.030731413513422012:9.1885976791381836] [1.5038751371321268e-05:5.4142665863037109] [2:60] [0:60] [0:60] [0:58] [0:60] [0:54] [0:3646] [0:2018] [0:503] [0:37431.46484375] [0:12017.15234375] [0.031327780336141586:12775.146484375] [0.030847078189253807:9.1885976791381836] [3.4007251088041812e-05:4.0219154357910156] [3:90] [0:90] [0:90] [0:86] [0:90] [0:78] [0:5851] [0:3884] [0:742] [0:44242.66015625] [0:12017.15234375] [0.031327780336141586:25647.416015625] [0.030847078189253807:9.1885976791381836] [3.4007251088041812e-05:4.4086875915527344] [3:180] [0:180] [0:179] [0:171] [0:180] [0:149] [0:10207] [0:8731] [0:1404] [0:73897.53125] [0:29683.849609375] [0.031740877777338028:73830.296875] [0.031247550621628761:8.5959892272949219] [7.0207242970354855e-05:4.3393950462341309] [3:365] [0:365] [0:359.94808959960938] [0:351.72726440429688] [0:365] [0:282.49041748046875] [0:23564.6015625] [0:14978.2724609375] [0:2697.01806640625] [0:121703.453125] [0:39398.56640625] [0.031492244452238083:73830.296875] [0.031006535515189171:8.5959892272949219] [7.7574273745995015e-05:4.3881568908691406] [0:29] [0:395] [0:408] [0:408] [0:408] [1:116.33333587646484] [0:164.59141540527344] [1:396] [0:279.30718994140625] [0:1] [0.14669926464557648:0.99755501747131348] [0:0.99755501747131348] [0.0034602077212184668:0.82640588283538818] [0:6651.5615234375] [0:3454.250732421875] [0:0.99999994039535522] [0:42000000] [0:0.99999988079071045] [0:1] [0:0.99999988079071045] [0:1] [0:134.99986267089844] [0:9.4958295822143555] [0:10.951059341430664] [0:6651.5615234375] [0:2112.754638671875] [0:1] [0:42000000] [0:0.99999994039535522] [0:1] [0:0.99999994039535522] [0:1] [0:93.999984741210938] [0:9.7683506011962891] [0:10.530460357666016] [0:9783.9130859375] [0:3712.366943359375] [0:1] [0:163000000] [0:0.99999994039535522] [0.033333335071802139:1] [0:0.99999994039535522] [0:1] [0:160.49995422363281] [0:9.8615837097167969] [0:9.8615837097167969] [0:9783.9130859375] [0:1900.7427978515625] [0:1] [0:180000000] [0:1] [0.033333335071802139:1] [0:1] [0:1] [0:82.166664123535156] [0:10.530293464660645] [0:9.8371734619140625] [0:9783.9130859375] [0:1834.8935546875] [0:1] [0:262000000] [0:0.99999988079071045] [0.033333335071802139:1] [0:1] [0:1] [0:76.986839294433594] [0:10.697467803955078] [0:9.5989007949829102] [0:18474.37890625] [0:3079.063720703125] [0:1] [0:551000000] [0:0.9999997615814209] [0.01666666753590107:1] [0:1] [0:1] [0:78.515380859375] [0:11.210448265075684] [0:9.4187564849853516] [0:18474.37890625] [0:2548.190673828125] [0:1] [0:978259136] [0:0.99999982118606567] [0.0082191778346896172:1] [0:1] [0:1] [0:78.515380859375] [0:11.7093505859375] [0:9.2107429504394531] [0:2] [0:1.9999959468841553] [0:1.9999998807907104] [-8.6629476547241211:0] [-2.0794415473937988:0] [0:4.2857141494750977] [0:4.2856960296630859] [0:4.2857136726379395] [-9.3181276321411133:0] [-2.8332133293151855:0] [0:2.1428570747375488] [0:2.1428523063659668] [0:2.1428568363189697] [-9.2221460342407227:0] [-2.4849066734313965:0] [0:2] [0.076922900974750519:1.9230724573135376] [0:1.9999994039535522] [-8.5410337448120117:0] [-2.7725887298583984:0] [0:3] [0.065217263996601105:2.777768611907959] [0:2.9999966621398926] [-9.4097843170166016:0] [-3.4965076446533203:0] [0:3] [0.088235057890415192:2.9433863162994385] [0:2.9999978542327881] [-9.2625389099121094:0] [-3.465735912322998:0] [0:4.0555553436279297] [0.088378973305225372:4.055537223815918] [0:4.0555539131164551] [-10.304465293884277:0] [-4.1896548271179199:0] [0:392.99960327148438] [0:21.222204208374023] [0:6.4863381385803223] [0:4.7137079238891602]
tree_sizes=3462 3542 3559 3541 3564 3520 3551 3536 3515 3549 3567 3545 3528 3568 3561 3568 3552 3565 3566 3538 3565 3566 3541 3548 3557 3540 3574 3553 3565 3564 3572 3570 3566 3575 3588 3561 3549 3580 3550 3600 3571 3557 3584 3538 3573 3560 3541 3568 3596 3567 3594 3596 3564 3558 3568 3557 3555 3554 3535 3580 3562 3550 3573 3610 3552 3554 3582 3509 3524 3562 3572 3567 3567 3516 3542 3519 3592 3558 3569 3581 3560 3540 3579 3510 3559 3544 3602 3568 3556 3532 3561 3561 3541 3561 3598 3555 3537 3602 3537 3564 3603 3554 3552 3571 3551 3572 3532 3573 3611 3521 3553 3545 3568 3559 3557 3544 3526 3563 3564 3557

Tree=0
num_leaves=31
num_cat=0
split_feature=218 109 101 219 110 225 225 110 225 110 110 225 110 104 104 110 104 110 104 110 218 104 104 110 70 225 225 110 225 110
split_gain=9644.26 2452.95 1505.07 1510.66 1507.07 4208.42 2343.54 5785.2 1644.1 4208.17 1175.69 1305.89 1065.89 2126.55 1032.12 2646.52 943.019 852.443 801.458 1219.16 656.179 710.054 605.963 1623.25 591.67 575.113 566.699 520.459 505.394 1003.66
threshold=3.2111083269119267 0.99704739451408397 260.50000000000006 3.0555385351181035 0.027288263663649562 0.73518776893615734 0.87406539916992199 0.039559902623295791 1.0777410864830019 0.068895712494850173 0.017741427756845955 0.52052596211433422 0.051623929291963584 2.8358474969863896 5.6332216262817392 0.10078029707074167 3.6143331527709965 0.051623929291963584 9.0464315414428729 0.14173142611980441 2.7034981250762944 15.216999530792238 4.2472503185272226 0.068895712494850173 35.500000000000007 0.6868899166584016 0.98696541786193859 0.023604979738593105 1.2785319685935976 0.086039882153272643
decision_type=2 10 10 2 2 2 2 2 2 2 2 2 2 2 2 2 2 2 2 2 2 2 2 2 2 2 2 2 2 2
left_child=1 2 3 4 5 10 -6 -8 12 16 11 -1 13 26 28 -16 17 -10 -17 -20 21 24 -14 -24 -21 -12 -9 -27 -11 -30
right_child=-2 -3 -4 -5 6 -7 7 8 9 14 25 -13 22 -15 15 18 -18 -19 19 20 -22 -23 23 -25 -26 27 -28 -29 29 -31
leaf_value=-1.1234116523271294 -0.94068520793124366 -0.93449471400961381 -0.98990714110563427 -1.0142748746007884 -1.1710679446693395 -0.95663492542275708 -0.98817091114655631 -1.1671723845760893 -0.97869712010716181 -1.1716681263033373 -1.1687440037367167 -0.99413563282750905 -1.1816529476637583 -1.0067787399443771 -1.0226117769725938 -1.1551471986448965 -0.97084248203745227 -1.099429777252473 -1.034982343712207 -1.1543312855237478 -1.172992394831859 -1.0812705770448656 -1.0181075772241297 -1.1601574604065932 -1.0684596939944786 -1.0012762171124612 -1.085823093069993 -1.1417480705931045 -1.050761310382851 -1.1543816885974556
leaf_weight=587.39058017730713 677.08970844745636 148.6971116065979 175.88427007198334 256.52101218700409 4361.2271004915237 426.85688257217407 678.93917500972748 947.85161316394806 190.49505591392517 2095.2606683969498 1167.5682407617569 282.96838402748108 2808.9698147773743 324.0265417098999 592.01424658298492 2344.1988676786423 389.12776470184326 562.79267489910126 389.12776470184326 1087.3013919591904 627.89389789104462 892.92245626449585 211.20908141136169 2232.4910873174667 235.80698668956757 95.987314581871033 267.06297159194946 169.41113710403442 285.37269055843353 1110.0498306751251
leaf_count=3176 3661 804 951 1387 23581 2308 3671 5125 1030 11329 6313 1530 15188 1752 3201 12675 2104 3043 2104 5879 3395 4828 1142 12071 1275 519 1444 916 1543 6002
internal_value=-1.12558 -1.13047 -1.13168 -1.1327 -1.13394 -1.09892 -1.13818 -1.13031 -1.13587 -1.12375 -1.1259 -1.08036 -1.15513 -1.11857 -1.13451 -1.12221 -1.03343 -1.06737 -1.13295 -1.11682 -1.12829 -1.11547 -1.16583 -1.14749 -1.13871 -1.15368 -1.14911 -1.08827 -1.1562 -1.13281
internal_weight=26622.5 25945.4 25796.7 25620.8 25364.3 2730.18 22634.1 18272.9 17594 10802.4 2303.33 870.359 6791.61 1538.94 9659.95 6169.27 1142.42 753.288 5577.25 3233.05 2843.92 2216.03 5252.67 2443.7 1323.11 1432.97 1214.91 265.398 3490.68 1395.42
internal_count=143947 140286 139482 138531 137144 14762 122382 98801 95130 58408 12454 4706 36722 8321 52231 33357 6177 4073 30156 17481 15377 11982 28401 13213 7154 7748 6569 1435 18874 7545
is_linear=0
shrinkage=1


Tree=1
num_leaves=31
num_cat=0
split_feature=108 218 108 108 108 108 220 102 108 108 108 108 213 225 110 110 225 110 225 103 225 103 110 225 103 110 215 106 103 110
split_gain=18046 8213.62 5558.97 12109.1 1877.24 7745 1848.44 1718.72 1566.08 5838.78 2056.89 4507.31 879.168 1127.87 973.654 730.565 1667.5 485.284 741.508 393.57 388.243 373.543 935.59 615.485 340.774 672.96 297.885 293.822 288.637 365.53
threshold=0.99704739451408397 3.2111083269119267 0.99553072452545177 0.99409481883049022 0.99269616603851329 0.99250110983848583 3.2110658884048466 275.50000000000006 0.99106144905090343 0.98991972208023082 0.98781466484069835 0.98696711659431469 1.8879411220550539 1.2586827874183657 0.086039882153272643 0.051623929291963584 0.96481704711914074 0.027288263663649562 0.73518776893615734 3.5632992982864384 1.6193273067474367 4.8270416259765634 0.083382975310087218 0.99785003066062938 4.6540837287902841 0.12242737412452699 1.4999985098838808 17.671770095825199 9.1043553352355975 0.12242737412452699
decision_type=2 2 2 2 2 2 2 10 2 2 2 2 2 2 2 2 2 2 2 2 2 2 2 2 2 2 2 10 2 2
left_child=1 2 3 4 5 6 7 8 9 10 11 12 13 15 -15 16 17 18 -1 -19 24 -17 23 -23 -16 -26 -22 -14 -24 -30
right_child=-2 -3 -4 -5 -6 -7 -8 -9 -10 -11 -12 -13 27 14 20 21 -18 19 -20 -21 26 22 28 -25 25 -27 -28 -29 29 -31
leaf_value=-0.0089657924870816946 0.1900194715222685 0.15910277377891413 -0.065614908895581123 0.19145428017063296 -0.065368778592672969 0.18989831744771718 0.12135409057584556 0.16149947851906243 -0.06520752943242937 0.18913828763152421 -0.065372739142337641 0.18753533414824908 -0.053072922113455517 0.10215749376251403 -0.03404239739157891 -0.040309866553962632 0.09987734815983991 -0.034524361977759682 0.13305663856021008 0.065931423383024365 0.052874284872718162 0.0030014306795932196 -0.042078645277412063 0.11656974846795182 0.090051089545600538 -0.0059063675056651201 -0.0066368451890361103 -0.020672503883208293 0.048343876182695367 -0.021833059742038599
leaf_weight=304.19088406860828 1183.8275003582239 697.48238590359688 4255.1177695244551 761.52955660223961 1433.1584807187319 480.40698134899139 248.04500788450241 129.31890590488911 1409.0051044970751 348.50894153118134 1781.3657113164663 277.38426052033901 1442.5740071982145 308.28715366125107 609.31000182032585 2501.6639433056116 393.68422320485115 1272.0756535381079 120.99923785030842 96.369032621383667 686.97202599048615 297.79487897455692 1346.147160962224 189.6492386162281 212.94333338737488 1006.9153258651495 298.19116885960102 1390.090087518096 222.09607227146626 918.46517036855221
leaf_count=1645 6142 3454 23366 3982 7858 2511 1280 687 7760 1826 9791 1452 7880 1604 3334 13753 2032 6958 604 514 3701 1621 7328 994 1134 5446 1606 7566 1208 5006
internal_value=2.75349e-05 -0.00888485 -0.0136828 -0.00286987 -0.0104652 -0.00613029 -0.0115209 -0.0134654 -0.014855 -0.0103901 -0.0149434 -0.00843626 -0.0125626 -0.00603682 0.019252 -0.0163533 0.0080473 -0.0125505 0.0335792 -0.0270231 0.0098408 -0.026097 -0.0140471 0.0486424 -0.00381302 0.0114404 0.0349757 -0.0373015 -0.0264811 -0.00786643
internal_weight=26623.6 25439.7 24742.3 20487.1 19725.6 18292.5 17812 17564 17434.7 16025.7 15677.2 13895.8 13618.4 10785.8 3122.62 7663.14 2187.32 1793.63 425.19 1368.44 2814.33 5475.82 2974.15 487.444 1829.17 1219.86 985.163 2832.66 2486.71 1140.56
internal_count=144043 137901 134447 111081 107099 99241 96730 95450 94763 87003 85177 75386 73934 58488 16825 41663 11753 9721 2249 7472 15221 29910 16157 2615 9914 6580 5307 15446 13542 6214
is_linear=0
shrinkage=0.05


Tree=2
num_leaves=31
num_cat=0
split_feature=108 218 108 108 108 108 108 108 108 108 220 102 108 108 218 109 225 110 110 225 109 86 86 110 225 225 103 214 103 110
split_gain=15028.4 6868.79 5275.65 10082.8 1776.67 6537.63 1695.65 4920.29 2215.63 3636.85 1534.42 1211.59 770.963 3413.39 738.948 1433.21 858.834 883.954 599.082 1349.52 538.671 396.954 1467.04 366.381 535.826 315.755 306.47 302.29 279.04 560.039
threshold=0.99704739451408397 3.2111083269119267 0.99553072452545177 0.99409481883049022 0.99269616603851329 0.99250110983848583 0.99106144905090343 0.98991972208023082 0.98781466484069835 0.98696711659431469 3.2110658884048466 275.50000000000006 0.98539230227470409 0.98500218987464916 2.7034981250762944 0.3329258412122727 1.2586827874183657 0.086039882153272643 0.051623929291963584 0.95398628711700451 0.37652316689491278 1.1314879059791567 1.0000000180025095e-35 0.027288263663649562 0.73518776893615734 1.7079319953918459 3.4502252340316777 1.2499945759773257 5.6405127048492441 0.13119848817586902
decision_type=2 2 2 2 2 2 2 2 2 2 2 10 2 2 2 8 2 2 2 2 10 2 2 2 2 2 2 2 2 2
left_child=1 2 3 4 5 6 7 8 9 10 11 12 13 14 15 -1 18 -18 19 23 -16 22 -20 24 -17 28 -25 -27 -19 -30
right_child=-2 -3 -4 -5 -6 -7 -8 -9 -10 -11 -12 -13 -14 -15 20 16 17 25 21 -21 -22 -23 -24 26 -26 27 -28 -29 29 -31
leaf_value=0.13043033621137887 0.16573356476602358 0.14159003434989395 -0.064612310082081167 0.16702206833144173 -0.064358665327345993 0.16595844814676944 -0.064210300801713777 0.16540510414055754 -0.064375844426830253 0.16459862477962076 0.10871243262895319 0.14015651746119287 -0.064478993389798817 0.18334241166650747 -0.058066298922119258 -0.012855159090602751 0.090868984784848006 -0.025837822600279378 -0.021203345314202909 0.081701226922457501 0.012720926963485547 -0.033294678844824614 0.17882149742975431 -0.037518355309278717 0.11673059940831017 0.061832925910049547 0.049077911209365686 -0.00061690254661653015 0.093986024567691756 -0.0048725485750794537
leaf_weight=173.92085984349251 1289.0604699999094 728.68522906303406 4131.6021294295788 828.9725052267313 1385.4578191936016 527.62377481162548 1371.9846992939711 395.84082397818565 1716.830912142992 301.42869381606579 265.30463406443596 122.17511050403118 655.45936831831932 216.02564266324043 1317.496101975441 259.19117476046085 305.80025507509708 1025.7354837059975 693.89997845888138 427.09349203109741 332.97732548415661 4795.2726577073336 95.400007307529449 1149.762472987175 104.18684868514538 370.4551145285368 103.47904832661152 394.52168928086758 159.34894160926342 924.62787505984306
leaf_count=901 6150 3383 23494 3982 7865 2535 7825 1905 9769 1453 1296 603 3642 1122 7336 1414 1530 5647 3819 2142 1819 26636 505 6415 494 1951 542 2108 822 5002
internal_value=-0.000123678 -0.00864296 -0.0131576 -0.00272034 -0.00998424 -0.00581331 -0.0110309 -0.00651988 -0.0108985 -0.00438917 -0.00817159 -0.0105253 -0.0119912 -0.00926564 -0.0127016 -0.0079934 -0.0103392 0.0114631 -0.0194325 0.00371844 -0.0437946 -0.0278962 0.00490774 -0.0172594 0.0264306 0.0027304 -0.0300363 0.0300333 -0.00726454 0.0103863
internal_weight=26569.6 25280.6 24551.9 20420.3 19591.3 18205.8 17678.2 16306.2 15910.4 14193.6 13892.1 13626.8 13504.7 12849.2 12633.2 10982.7 10808.8 3180.49 7628.29 2043.71 1650.47 5584.57 789.3 1616.62 363.378 2874.69 1253.24 764.977 2109.71 1083.98
internal_count=144107 137957 134574 111080 107098 99233 96698 88873 86968 77199 75746 74450 73847 70205 69083 59928 59027 17060 41967 11007 9155 30960 4324 8865 1908 15530 6957 4059 11471 5824
is_linear=0
shrinkage=0.05


Tree=3
num_leaves=31
num_cat=0
split_feature=218 109 220 110 225 225 110 110 225 104 104 110 104 110 110 225 110 218 70 104 110 70 104 225 110 225 110 104 104 110
split_gain=5601.22 1451.24 1287.86 1133.08 3857.41 2486.86 2625.08 1660.55 1889.07 1331.61 1291.82 2472.43 1058.72 1375 1014.13 775.495 706.324 698.56 609.131 570.415 615.043 469.581 460.417 446.104 683.343 422.327 408.805 816.841 391.701 776.064
threshold=3.2111083269119267 0.99704739451408397 3.2110658884048466 0.039559902623295791 0.84856149554252636 0.98696541786193859 0.061560431495308883 0.027288263663649562 0.71249237656593334 3.2093122005462651 4.600194215774537 0.086039882153272643 9.0464315414428729 0.12242737412452699 0.017741427756845955 0.52052596211433422 0.051623929291963584 2.7034981250762944 61.500000000000007 13.737472057342531 0.2077182084321976 35.500000000000007 5.8648414611816415 1.2034749388694765 0.083382975310087218 1.1287437081336977 0.11091887950897218 6.7057862281799325 3.080655694007874 0.051623929291963584
decision_type=2 10 2 2 2 2 2 2 2 2 2 2 2 2 2 2 2 2 2 2 2 2 2 2 2 2 2 2 2 2
left_child=1 2 3 4 7 28 9 8 14 16 23 22 18 -14 15 -1 -7 19 26 21 -21 -15 25 -8 -25 -12 27 -13 -5 -30
right_child=-2 -3 -4 5 -6 6 10 -9 -10 -11 11 12 13 17 -16 -17 -18 -19 -20 20 -22 -23 -24 24 -26 -27 -28 -29 29 -31
leaf_value=0.0023694961858305003 0.12868994257792241 0.13201176125307265 0.099580626955838483 -0.053627162748579142 0.097889640390126056 0.063994151320361001 -0.049439303807245434 -0.041734822696439307 0.099257640557699672 0.11509972995241123 0.0057574804339921189 -0.034205820041532602 0.1148308995667497 -0.021390471662325612 -0.031932239887784729 0.09786511127583708 -0.013391426562068638 -0.043538469464696881 0.034968328080487103 0.092020603981520038 0.015834481218918072 0.053156291249502156 0.12800382735035115 0.033309784590712301 -0.040173863249932509 0.091892411266317989 -0.044593024442810637 0.046143830924577585 0.0685476253910903 -0.034504577591580536
leaf_weight=585.81789468228817 807.55067560076714 183.91510209441185 279.42054812610149 2904.8613549023867 1075.3146775066853 557.96672087907791 2127.0576271861792 1957.5560769885778 562.54184068739414 605.28793634474277 270.57753603160381 1087.1884053349495 285.45306478440762 1191.3961940705776 1253.3492675721645 324.15207093954086 607.33180660009384 657.31960387527943 373.24448066949844 358.48352006077766 962.81834402680397 246.50065536797047 313.47648848593235 500.15786163508892 824.8332853615284 293.5601013302803 2291.5433419495821 434.80728770792484 189.31063891947269 2278.8147565722466
leaf_count=3185 3569 799 1305 16880 5200 2707 12289 11346 2610 2961 1469 6114 1427 6560 7147 1522 3404 3788 2010 1882 5070 1253 1524 2574 4676 1482 12965 2304 937 12943
internal_value=-0.000142811 -0.00425806 -0.00529631 -0.00650203 0.0129537 -0.0122924 -0.00117861 -0.0067146 0.0184955 0.055543 -0.00943691 0.000774973 -0.00811711 0.0113474 -0.00286564 0.0370812 0.0238915 0.00239143 -0.0253138 0.0134509 0.0370405 -0.00833195 0.0798957 -0.035297 -0.0123935 0.0513993 -0.0312898 -0.0111 -0.0411719 -0.0263555
internal_weight=26391.6 25584.1 25400.1 25120.7 5758.73 19362 13989 4683.42 2725.86 1770.59 12218.4 8766.37 7888.75 3701.97 2163.32 909.97 1165.3 3416.52 4186.78 2759.2 1321.3 1437.9 877.614 3452.05 1324.99 564.138 3813.54 1522 5372.99 2468.13
internal_count=143902 140333 139534 138229 31010 107219 76459 25810 14464 9072 67387 47848 43373 19980 11854 4707 6111 18553 23393 14765 6952 7813 4475 19539 7250 2951 21383 8418 30760 13880
is_linear=0
shrinkage=0.05


Tree=4
num_leaves=31
num_cat=0
split_feature=108 108 108 218 108 108 108 108 108 108 220 102 213 225 110 104 110 104 110 110 225 225 104 110 110 104 110 109 110 225
split_gain=11862.9 5642.28 8042.8 4778.24 1638.9 5291.52 1559.31 4027.7 2059.37 3041.38 1145.56 1010.75 722.952 860.697 639.734 1516.5 624.351 590.779 1137.89 510.007 1065.35 717.392 449.136 424.722 412.178 367.487 515.276 367.176 335.98 350.053
threshold=0.99704739451408397 0.99553072452545177 0.99409481883049022 3.2111083269119267 0.99269616603851329 0.99250110983848583 0.99106144905090343 0.98991972208023082 0.98781466484069835 0.98696711659431469 3.2110658884048466 275.50000000000006 1.8231326341629031 1.2785319685935976 0.068895712494850173 4.0782964229583749 0.10078029707074167 6.399564504623414 0.10078029707074167 0.039559902623295791 0.86123681068420421 1.0198564529418948 8.1207995414733904 0.15958477556705478 0.051623929291963584 10.840722084045412 0.14173142611980441 0.37652316689491278 0.027288263663649562 0.73518776893615734
decision_type=2 2 2 2 2 2 2 2 2 2 2 10 2 2 2 2 2 2 2 2 2 2 2 2 2 2 2 10 2 2
left_child=1 2 3 4 5 6 7 8 9 10 11 12 13 14 15 19 -15 -16 -19 20 28 -21 -18 -24 -23 -20 -27 -14 29 -1
right_child=-2 -3 -4 -5 -6 -7 -8 -9 -10 -11 -12 -13 27 16 17 -17 22 18 25 21 -22 24 23 -25 -26 26 -28 -29 -30 -31
leaf_value=-0.0071211570063588582 0.14269774828420681 -0.06334898889370072 0.14402534111256857 0.11786389113864004 -0.063125602711984918 0.14362733785863954 -0.06284699435770652 0.14367516572754754 -0.06306858685513847 0.14309022856862877 0.089497211822589975 0.12663914919045799 -0.058886027650565435 0.067171790357189121 -0.047857569401927244 0.096547462079862645 -0.02171819287613224 0.068806736680827207 -0.047280069940398496 -0.045495738698086055 0.097454723494276141 0.081478209410895217 0.073284196981070512 0.0093754590805033497 -0.0079743550999327711 0.071593432326321052 -0.022151884135890559 -0.020687653750444009 -0.040140836067079307 0.09554107599111035
leaf_weight=292.17802114784718 1366.3496439605951 3887.0898336172104 943.73303146660328 756.2379155755043 1314.7054926753044 565.89477190375328 1301.6711921989918 426.47590124607086 1644.6658579707146 332.49192969501019 286.30919860303402 124.23841507732868 947.89538504183292 516.06236761808395 1894.0404441952705 366.07676312327385 863.20485574007034 372.12712435424328 954.31277647614479 1341.7835373133421 290.60623510181904 179.76913648843765 321.96949873864651 1216.8492886573076 395.90551829338074 176.21207922697067 678.87842625379562 1889.897466018796 466.11228846013546 105.32967062294483
leaf_count=1596 6038 23287 4193 3227 7850 2519 7848 1904 9873 1486 1292 573 5547 2589 10953 1844 4817 1962 5440 7720 1397 827 1676 6452 2211 935 3780 10603 2726 462
internal_value=-0.000192146 -0.00810216 0.00216608 -0.00458902 -0.00945434 -0.00549056 -0.0104242 -0.00614509 -0.0103151 -0.00408271 -0.00776171 -0.00990602 -0.0112789 -0.0051778 -0.0141249 0.00176488 0.0178282 -0.0274995 -0.00968649 -0.00980774 0.0163635 -0.0255648 0.00699245 0.023134 0.0208737 -0.0261191 -0.00222912 -0.0336089 -0.0117267 0.0217588
internal_weight=26219.1 24852.7 20965.6 20021.9 19265.7 17951 17385.1 16083.4 15656.9 14012.3 13679.8 13393.4 13269.2 10431.4 7513.33 3437.76 2918.09 4075.57 2181.53 3071.68 1154.23 1917.46 2402.02 1538.82 575.675 1809.4 855.091 2837.79 863.62 397.508
internal_count=143627 137589 114302 110109 106882 99032 96513 88665 86761 76888 75402 74110 73537 57387 41853 18783 15534 23070 12117 16939 6181 10758 12945 8128 3038 10155 4715 16150 4784 2058
is_linear=0
shrinkage=0.05


Tree=5
num_leaves=31
num_cat=0
split_feature=108 108 108 218 108 108 108 108 108 108 86 102 86 86 86 86 108 108 86 86 86 86 225 214 87 225 186 108 70 105
split_gain=10517.6 5304.87 6894.83 4270.65 1546.32 4640.89 1453.29 3486.64 1936.04 2634.3 1089.06 3495.85 1386.49 4053.1 1255.37 3373.69 572.05 2118.99 484.257 3035.93 421.767 731.417 350.932 352.339 299.45 233.17 148.119 130.263 139.38 119.693
threshold=0.99704739451408397 0.99553072452545177 0.99409481883049022 3.2111083269119267 0.99269616603851329 0.99250110983848583 0.99106144905090343 0.98991972208023082 0.98781466484069835 0.98696711659431469 1.1314879059791567 inf 1.7388663887977602 2.2629758119583134 2.9777327775955205 3.3944636583328252 0.98539230227470409 0.98500218987464916 3.9909090995788579 4.097701072692872 4.7165992259979257 5.1804971694946298 1.1562876105308535 1.2499945759773257 1.1314879059791567 1.4985342025756838 6.0273835659027108 0.88962444663047802 91.500000000000014 23.757352828979496
decision_type=2 2 2 2 2 2 2 2 2 2 2 8 2 2 2 2 2 2 2 2 2 2 2 2 2 2 2 2 2 10
left_child=1 2 3 4 5 6 7 8 9 10 11 -1 -12 -14 -15 -16 17 18 -17 -20 -21 -22 27 25 -13 -24 -5 28 -23 -26
right_child=-2 -3 -4 26 -6 -7 -8 -9 -10 -11 12 24 13 14 15 16 -18 -19 19 20 21 22 23 -25 29 -27 -28 -29 -30 -31
leaf_value=0.15740435401120498 0.13042432647347343 -0.062522223772353072 0.13129959209802619 0.12206323934639794 -0.062279341402456216 0.13116777314995626 -0.062031638454034588 0.13137690303904823 -0.062243737272389257 0.13051307361134726 -0.064434339569693258 0.017643143249089381 0.16880147583893265 -0.064169545479043993 0.16978470750143981 -0.063783947300478802 -0.06269456718404201 0.15193724437951531 0.17036208595051869 -0.062882517561743706 0.059119468572639201 -0.017666751801810814 0.00038336355598724334 -0.023169725438677794 -0.045464132459028764 0.04132832736704431 0.063828224412035506 -0.029682642207890166 0.032949620862833179 -0.0069573682169011596
leaf_weight=397.68982498347759 1443.6259711682796 3764.8778242170811 970.9464685022831 598.29661117494106 1270.0546472370625 591.32624861598015 1241.4543668329716 438.48642365634441 1583.6789327859879 344.41149879992008 1175.2999264895916 615.74660058319569 306.67049364745617 1056.8015948981047 252.63082338869572 430.35837981104851 514.76076281070709 190.08360427618027 216.98479677736759 427.88990068435669 332.06412225961685 630.11623153090477 1177.4187712222338 1174.5551517158747 444.29374134540558 483.52994892001152 178.98378717899323 3249.9727631807327 163.00348341464996 370.68635976314545
leaf_count=1867 6141 23406 4144 2487 7869 2529 7764 1881 9863 1477 6716 3251 1505 6073 1249 2440 3050 888 1079 2489 1760 3461 6488 6551 2542 2550 744 18682 865 2069
internal_value=-0.000264293 -0.00798567 0.00189755 -0.00449263 -0.00919695 -0.00537873 -0.0101415 -0.00607322 -0.0100339 -0.00406858 -0.00756745 0.0282361 -0.0131429 -0.00740413 -0.012809 -0.00687391 -0.012021 -0.00887321 -0.012741 -0.00986712 -0.0152029 -0.0122903 -0.0158184 -0.00231728 -0.00851134 0.0124791 0.109635 -0.025258 -0.00698324 -0.0282463
internal_weight=26036.7 24593.1 20828.2 19857.2 19080 17809.9 17218.6 15977.1 15538.6 13955 13610.6 1828.42 11782.1 10606.8 10300.2 9243.37 8990.74 8475.98 8285.89 7855.54 7638.55 7210.66 6878.6 2835.5 1430.73 1660.95 777.28 4043.09 793.12 814.98
internal_count=143880 137739 114333 110189 106958 99089 96560 88796 86915 77052 75575 9729 65846 59130 57625 51552 50303 47253 46365 43925 42846 40357 38597 15589 7862 9038 3231 23008 4326 4611
is_linear=0
shrinkage=0.05


Tree=6
num_leaves=31
num_cat=0
split_feature=218 102 110 225 225 110 110 225 104 110 104 110 110 104 110 70 225 225 110 225 110 104 104 110 218 104 70 104 110 110
split_gain=3825.21 1267.77 1082.99 2741.93 2077.53 2405.16 1499.59 1241.71 1141.05 1635.13 978.146 867.59 744.68 635.145 746.027 572.401 528.391 503.953 687.273 450.688 450.027 441.315 411.374 1058.15 409.721 392.899 304.487 289.081 409.106 281.59
threshold=3.2111083269119267 275.50000000000006 0.039559902623295791 0.83493506908416759 1.0198564529418948 0.068895712494850173 0.027288263663649562 0.71249237656593334 6.1247837543487558 0.10078029707074167 3.6143331527709965 0.017741427756845955 0.051623929291963584 10.840722084045412 0.15958477556705478 49.500000000000007 0.52052596211433422 1.2785319685935976 0.10078029707074167 1.1713590025901797 0.12242737412452699 17.254394531250004 3.2093122005462651 0.051623929291963584 2.7034981250762944 8.1207995414733904 31.500000000000004 1.9969738721847536 0.03347855061292649 0.15958477556705478
decision_type=2 10 2 2 2 2 2 2 2 2 2 2 2 2 2 2 2 2 2 2 2 2 2 2 2 2 2 2 2 2
left_child=1 2 3 6 22 10 7 11 17 -10 12 16 -6 15 -15 20 -1 -7 -19 -14 25 26 -4 -24 -23 -11 -16 28 -5 -17
right_child=-2 -3 4 27 5 8 -8 -9 9 13 -12 -13 19 14 21 29 -18 18 -20 -21 -22 24 23 -25 -26 -27 -28 -29 -30 -31
leaf_value=0.006148597498416862 0.1017086459498463 0.10762841517504369 -0.046703461929575522 0.093049741094878735 0.074743468824900766 -0.04184178217825299 -0.041378463045745585 0.081234158080290192 0.08242160739360338 -0.021462144363499486 0.097715678799435379 -0.027842776874786136 -0.01990108585504427 0.074437129201105331 -0.030713732155417284 0.085205404239767857 0.081094570677948091 0.029182520033658212 -0.035189047098427031 0.058222533043760898 -0.041683711162098562 0.042932761874706071 0.081976822396075857 -0.029444238824834636 -0.037496620987512705 0.054900977448787573 0.030836357356173339 0.10056843511635397 0.017263237151494061 0.0005035003415444257
leaf_weight=615.39655104279518 880.96269483864307 243.0179745554924 3250.2820570915937 328.87131752073765 493.50757451355457 2692.2400572299957 1727.9474054723978 593.96243497729301 602.88187137246132 480.87983110547066 688.74932780861855 1217.0614282041788 725.75236222147942 420.72058148682117 949.85386988520622 158.34820464253426 372.47594393789768 732.73420763015747 929.27460563182831 236.44382305443287 1802.0622198581696 789.05154550075531 221.64720885455608 2704.2040979266167 189.23338949680328 246.53006391227245 245.47857761383057 639.42210461199284 387.24168558418751 235.51430408656597
leaf_count=3376 3594 1041 20304 1463 2212 16483 10813 2587 2858 2804 3131 7333 4221 2107 5409 826 1636 3763 5490 1172 10624 4010 1016 16013 1168 1244 1286 2824 1952 1276
internal_value=-9.02897e-05 -0.00372829 -0.00486804 0.0138394 -0.0107271 0.000907924 -0.00488313 0.017715 -0.00897991 0.00494104 0.0490236 0.000314789 0.025476 -0.00365858 0.0143199 -0.0196082 0.0349364 -0.0285144 -0.00680458 -0.000302086 -0.0283465 0.00239614 -0.0344633 -0.0207531 0.027153 0.004812 -0.0179226 0.0759416 0.05287 0.0358236
internal_weight=25801.7 24920.8 24677.8 5882.38 18795.4 12619.3 4526.84 2798.9 10474.8 6120.55 2144.45 2204.93 1455.7 5517.67 2594.34 2923.33 987.872 4354.25 1662.01 962.196 2529.47 2173.62 6176.13 2925.85 978.285 727.41 1195.33 1355.54 716.113 393.863
internal_count=144036 140442 139401 31984 107417 70084 25745 14932 59348 33612 10736 12345 7605 30754 13980 16774 5012 25736 9253 5393 14672 11873 37333 17029 5178 4048 6695 6239 3415 2102
is_linear=0
shrinkage=0.05


Tree=7
num_leaves=31
num_cat=0
split_feature=108 108 108 218 108 108 108 108 108 108 86 102 86 86 86 86 108 108 86 86 86 86 86 86 225 110 225 110 110 225
split_gain=8823.25 4893.18 5884.62 3313.29 1446.18 3891.22 1359.93 2910.89 1819.06 2221.66 947.055 2848.74 1307.39 3387.95 1192.36 2801.58 524.065 1751.97 460.468 2467.16 410.032 588.568 357.083 376.121 288.508 426.102 737.988 416.078 350.815 717.08
threshold=0.99704739451408397 0.99553072452545177 0.99409481883049022 3.2111083269119267 0.99269616603851329 0.99250110983848583 0.99106144905090343 0.98991972208023082 0.98781466484069835 0.98696711659431469 1.1314879059791567 inf 1.7388663887977602 2.2629758119583134 2.9777327775955205 3.3944636583328252 0.98539230227470409 0.98500218987464916 3.9909090995788579 4.097701072692872 4.7165992259979257 5.1804971694946298 5.7524003982543954 6.1574394702911386 1.4157783389091494 0.064173504710197463 1.0777410864830019 0.12242737412452699 0.03736854903399945 0.8213486671447755
decision_type=2 2 2 2 2 2 2 2 2 2 2 8 2 2 2 2 2 2 2 2 2 2 2 2 2 2 2 2 2 2
left_child=1 2 3 4 5 6 7 8 9 10 11 -1 -12 -14 -15 -16 17 18 -17 -20 -21 -22 -23 -24 25 26 28 -26 29 -25
right_child=-2 -3 -4 -5 -6 -7 -8 -9 -10 -11 12 -13 13 14 15 16 -18 -19 19 20 21 22 23 24 27 -27 -28 -29 -30 -31
leaf_value=0.13764257732774235 0.11810847761531834 -0.061488527459294631 0.11856014079282336 0.095698606769860931 -0.061283767945052636 0.11847213267767442 -0.060898427669395121 0.11843709874518647 -0.061173367991831665 0.11795874346949459 -0.063398120110614159 -0.0079415028377762299 0.14679760174286069 -0.063030543142864964 0.14730090736154397 -0.062722892676802797 -0.061551874507214235 0.13422471788039819 0.14760902098999668 -0.061748203574989682 0.050616369972591627 -0.062388124975429317 0.040435986139110841 -0.020530585379964952 0.056770980387630232 -0.034026736111819923 0.066467578715124084 -0.010552999400306325 -0.031676375127980216 0.077876431957254008
leaf_weight=429.71301703155041 1475.8628204911947 3556.9074197113514 1017.8722949773073 786.506252348423 1200.4652531594038 607.95341370999813 1176.0998406559229 450.894465893507 1501.4784286916256 357.16631744801998 1108.443977817893 1420.8116715401411 338.42213703691959 1010.6564320027828 278.52598686516285 410.46257823705673 475.29026183485985 200.89716701209545 233.76940396428108 415.10838341712952 356.36845058202744 358.30411346256733 318.89676839113235 598.88747090101242 309.05262884497643 2523.3952062427998 307.2104871571064 809.55571186542511 1283.2312482595444 256.18117317557335
leaf_count=1890 6092 23352 4207 3173 7837 2516 7801 1869 9890 1481 6625 7872 1539 6097 1273 2432 2964 884 1073 2538 1833 2119 1760 3431 1620 14878 1502 4469 7579 1246
internal_value=-0.000143428 -0.0074315 0.00195417 -0.00418267 -0.00842406 -0.00477273 -0.00926606 -0.005375 -0.0090983 -0.00339234 -0.00670175 0.0264229 -0.0120076 -0.00651912 -0.0117726 -0.00603906 -0.011022 -0.00808665 -0.0117412 -0.00897082 -0.014017 -0.011152 -0.0144759 -0.0117031 -0.0144963 -0.019654 -0.00474534 0.00838569 -0.0152383 0.00951187
internal_weight=25574.4 24098.5 20541.6 19523.7 18737.2 17536.8 16928.8 15752.7 15301.8 13800.4 13443.2 1850.52 11592.7 10484.2 10145.8 9135.14 8856.61 8381.32 8180.42 7769.96 7536.19 7121.08 6764.71 6406.41 6087.51 4968.91 2445.51 1118.61 2138.3 855.069
internal_count=143842 137750 114398 110191 107018 99181 96665 88864 86995 77105 75624 9762 65862 59237 57698 51601 50328 47364 46480 44048 42975 40437 38604 36485 34725 28636 13758 6089 12256 4677
is_linear=0
shrinkage=0.05


Tree=8
num_leaves=31
num_cat=0
split_feature=218 109 86 102 86 86 86 86 86 86 109 86 86 86 86 86 86 86 86 219 214 219 219 104 109 109 93 222 86 86
split_gain=3127.75 959.903 1059.59 3017.95 1802.89 3652.75 1730.53 3157 790.792 2988.08 746.075 676.73 806.77 619.945 645.984 576.829 648.85 532.65 624.409 452.999 850.148 292.753 216.372 199.703 180.026 281.421 142.717 140.728 124.242 134.741
threshold=3.2111083269119267 0.20024450123310092 1.1314879059791567 inf 1.7388663887977602 2.2629758119583134 2.9777327775955205 3.3944636583328252 3.9909090995788579 4.097701072692872 0.99704739451408397 4.7165992259979257 5.1804971694946298 5.7524003982543954 6.1574394702911386 6.8143503665924081 7.1943318843841562 7.7707455158233651 8.195402145385744 1.079253137111664 1.0996854901313784 3.0555385351181035 1.2586171030998232 20.280096054077152 0.99553072452545177 0.99250110983848583 413.62873840332037 -1.3862461447715757 8.8536138534545916 9.145454406738283
decision_type=2 8 2 8 2 2 2 2 2 2 10 2 2 2 2 2 2 2 2 2 2 2 2 2 10 10 2 2 2 2
left_child=1 -1 3 -3 -4 -6 -7 -8 -9 -10 11 -11 -13 -14 -15 -16 -17 -18 -19 24 22 23 -21 -5 25 27 -2 -20 -22 -30
right_child=26 2 4 21 5 6 7 8 9 10 -12 12 13 14 15 16 17 18 19 20 28 -23 -24 -25 -26 -27 -28 -29 29 -31
leaf_value=-0.06138481421553571 0.10191336338958534 0.12239412485831998 -0.062211701191915825 -0.018526270140610947 0.12749556096276468 -0.061879675562449235 0.12683331421177343 -0.06154103240753396 0.12632350486380753 -0.060858796662422138 0.095297858256452428 0.050616064845369714 -0.061294362522233095 0.045840348250739786 -0.061727496612689184 0.049227735249780691 -0.061441419099155903 0.051426928650048054 -0.0082063607966688882 0.013143824773147168 -0.059052743585490841 0.076225335102034303 0.04407709881851584 0.032970039729859249 -0.058665428891588947 0.031393808652358621 0.051473669403530237 -0.02404241337750276 0.034268602857577116 -0.01397132770816035
leaf_weight=685.68727678060532 690.38725890219212 632.98838573694229 1293.4047147035599 1304.465180799365 523.99981394410133 1243.6328822672367 459.470244333148 578.04045321047306 428.20906259119511 554.02319926023483 170.11913268268108 614.01021468639374 505.43609569966793 578.51507623493671 466.19678469002247 506.89363564550877 438.55060710012913 446.73939003050327 2300.7292292863131 1604.3940491229296 136.43766193091869 92.208256214857101 874.45110397040844 210.38005837798119 243.7285294085741 294.93456375598907 218.13385999202728 3644.9990231394768 142.03855691850185 3297.9085668474436
leaf_count=4440 2765 2657 8167 7516 2237 7952 1961 3671 1826 3603 681 3110 3215 3042 2916 2676 2763 2358 13678 8969 840 407 4510 1114 1654 1574 877 22310 765 19255
internal_value=-7.37571e-05 -0.00349962 -0.00179155 0.0308451 -0.00522913 -0.0015247 -0.00504995 -0.00115321 -0.00452129 -0.00257585 -0.0059305 -0.00702137 -0.00513165 -0.00737383 -0.0055144 -0.00760823 -0.00575428 -0.00786537 -0.00601022 -0.00809583 0.00173944 -0.00574832 0.0241893 -0.0112052 -0.0172687 -0.0155607 0.0904952 -0.0179386 -0.0138449 -0.0118859
internal_weight=25181.1 24272.6 23586.9 2240.04 21346.9 20053.5 19529.5 18285.8 17826.4 17248.3 16820.1 16650 16096 15482 14976.5 14398 13931.8 13424.9 12986.4 12539.6 6055.23 1607.05 2478.85 1514.85 6484.39 6240.66 908.521 5945.73 3576.38 3439.95
internal_count=143509 139867 135427 11694 123733 115566 113329 105377 103416 99745 97919 97238 93635 90525 87310 84268 81352 78676 75913 73555 34339 9037 13479 8630 39216 37562 3642 35988 20860 20020
is_linear=0
shrinkage=0.05


Tree=9
num_leaves=31
num_cat=0
split_feature=108 108 108 220 108 108 108 108 108 108 108 108 86 86 86 86 86 86 86 86 86 86 86 86 86 86 86 86 86 86
split_gain=7588.65 4555.45 5047.63 1594.05 1448.49 3410.55 1336.65 2628.33 1776.93 1932.69 745.008 1889.39 691.324 2017.02 1172.81 2540.96 1062.31 2092.13 440.849 1925.9 390.435 502.399 340.556 327.303 291.742 329.233 279.258 433.737 225.94 218.649
threshold=0.99704739451408397 0.99553072452545177 0.99409481883049022 3.2110658884048466 0.99269616603851329 0.99250110983848583 0.99106144905090343 0.98991972208023082 0.98781466484069835 0.98696711659431469 0.98539230227470409 0.98500218987464916 1.1314879059791567 1.0000000180025095e-35 1.7388663887977602 2.2629758119583134 2.9777327775955205 3.3944636583328252 3.9909090995788579 4.097701072692872 4.7165992259979257 5.1804971694946298 5.7524003982543954 6.1574394702911386 6.8143503665924081 7.1943318843841562 7.7707455158233651 8.195402145385744 8.8536138534545916 9.145454406738283
decision_type=2 2 2 2 2 2 2 2 2 2 2 2 2 2 2 2 2 2 2 2 2 2 2 2 2 2 2 2 2 2
left_child=1 2 3 4 5 6 7 8 9 10 11 12 13 -1 -14 -16 -17 -18 -19 -20 -21 -22 -23 -24 -25 -26 -27 -28 -29 -30
right_child=-2 -3 -4 -5 -6 -7 -8 -9 -10 -11 -12 -13 14 -15 15 16 17 18 19 20 21 22 23 24 25 26 27 28 29 -31
leaf_value=-0.006228164817385775 0.1087425358250515 -0.06056558360578565 0.1092343838000345 0.079777767376176562 -0.060518156277716006 0.1086250363921919 -0.059991766228606427 0.10872122607014337 -0.060285659534933339 0.10768311213606714 -0.060867840186197023 0.12166631242811612 -0.061748881600066342 0.11714610882876475 0.12182200771047885 -0.061494084579940593 0.12252971808593867 -0.061122412665134643 0.12299228888198391 -0.060140055181952604 0.046474921009527048 -0.060674797209270152 0.037566957577495994 -0.061560912678185364 0.040593325242576223 -0.06100756447878828 0.052814238524717644 -0.061149379642270907 0.03496762462138242 -0.01309599274599006
leaf_weight=1381.8096449673176 1497.4069907069206 3384.4486753046513 1031.5274739712477 544.20953063666821 1144.4211401492357 652.10830587148666 1104.0128750950098 496.68334931135178 1410.5934966057539 383.37852667272091 556.60035195946693 290.29842488467693 985.52194970846176 425.38252583146095 370.98456980288029 891.95168617367744 302.67449264228344 380.22242069244385 266.44738127291203 379.59422658383846 380.42033348977566 329.86722455918789 343.05850963294506 273.19847100973129 300.58834570646286 270.20217353105545 253.78338062763214 222.71263885498047 240.03316181898117 4577.4742208719254
leaf_count=7719 6086 23430 4191 2245 7850 2648 7716 2019 9794 1557 3640 1226 6345 1770 1565 5788 1282 2424 1131 2500 1863 2094 1800 1662 1600 1676 1325 1350 1322 26370
internal_value=-2.10472e-05 -0.00697277 0.00203664 -0.00378913 -0.00627386 -0.00268777 -0.00706598 -0.00331168 -0.00703748 -0.00155737 -0.0047553 -0.00228245 -0.00523804 0.0232969 -0.0100439 -0.00477761 -0.00989156 -0.00442375 -0.009243 -0.00665144 -0.0113703 -0.00871603 -0.0118623 -0.00928824 -0.0119639 -0.00955264 -0.0123296 -0.00973476 -0.0129825 -0.0106337
internal_weight=25071.6 23574.2 20189.8 19158.2 18614 17469.6 16817.5 15713.5 15216.8 13806.2 13422.8 12866.2 12575.9 1807.19 10768.7 9783.21 9412.23 8520.28 8217.6 7837.38 7570.93 7191.34 6810.92 6481.05 6137.99 5864.79 5564.21 5294 5040.22 4817.51
internal_count=143988 137902 114472 110281 108036 100186 97538 89822 87803 78009 76452 72812 71586 9489 62097 55752 54187 48399 47117 44693 43562 41062 39199 37105 35305 33643 32043 30367 29042 27692
is_linear=0
shrinkage=0.05


Tree=10
num_leaves=31
num_cat=0
split_feature=108 108 108 220 108 108 108 108 108 108 108 108 225 110 110 225 103 110 214 225 110 225 221 225 65 103 110 103 110 103
split_gain=6847.58 4281.15 4508.84 1501.03 1358.7 3038.29 1268.75 2343.63 1680.32 1735.48 712.868 1710.04 653.074 714.704 514.659 830.259 428.274 722.016 351.362 488.795 331.545 338.723 282.521 264.866 263.858 263.707 348.228 227.861 321.223 222.776
threshold=0.99704739451408397 0.99553072452545177 0.99409481883049022 3.2110658884048466 0.99269616603851329 0.99250110983848583 0.99106144905090343 0.98991972208023082 0.98781466484069835 0.98696711659431469 0.98539230227470409 0.98500218987464916 1.2034749388694765 0.083382975310087218 0.051623929291963584 0.93167042732238781 4.8270416259765634 0.076244100928306593 1.2127640247344973 1.4985342025756838 0.027288263663649562 0.73518776893615734 -0.2281987518072128 0.92016610503196727 33.996599197387702 9.1043553352355975 0.12242737412452699 4.4916644096374521 0.12242737412452699 3.0531108379364018
decision_type=2 2 2 2 2 2 2 2 2 2 2 2 2 2 2 2 2 2 2 2 2 2 2 2 2 2 2 2 2 2
left_child=1 2 3 4 5 6 7 8 9 10 11 12 14 -14 15 20 -16 23 19 27 21 -1 -20 -18 -24 -19 -27 -15 -29 -22
right_child=-2 -3 -4 -5 -6 -7 -8 -9 -10 -11 -12 -13 13 18 16 -17 17 25 22 -21 29 -23 24 -25 -26 26 -28 28 -30 -31
leaf_value=-0.0082974583198034742 0.10266382144987103 -0.059932995484216114 0.10297963701605205 0.076373692114016664 -0.059846076729866929 0.10234913286266333 -0.0593599725387568 0.10242323515140615 -0.059648026608659789 0.101912228076478 -0.060203622906653848 0.11331711358445394 0.060941205070199858 -0.034524545731842986 -0.039721347595964379 0.052095956818562029 -0.0007781021562761689 -0.034982607320101625 -0.022754198970318898 0.044593671935273999 -0.037863180408722913 0.082193887321939454 0.0014684981821949364 0.084095418989766635 0.085183174381303711 0.043880668889903704 -0.018358624884412211 0.055062890787388331 -0.0095743877860091468 0.02073968149987615
leaf_weight=306.16650582849979 1512.9585647135973 3246.6923864334822 1035.452139467001 557.84643615782261 1097.7285408824682 651.72538679838181 1067.9375784695148 497.48742905259132 1358.4442050606012 383.80008451640606 542.40900503098965 302.62276834249496 572.62578371167183 396.01153805851936 2219.6314310133457 661.0612018853426 146.09103685617447 1381.0731287151575 1624.7910038083792 889.94964699447155 965.86024218797684 144.94957886636257 529.64768488705158 237.08112867176533 104.56484077870846 289.77449175715446 888.14813284575939 269.73708668351173 607.10358045995235 187.80902959406376
leaf_count=1728 6116 23384 4180 2285 7835 2629 7769 2008 9812 1549 3681 1253 2719 2403 14098 3180 849 8578 9648 4510 6015 610 2831 1122 426 1515 5310 1352 3498 1027
internal_value=-3.68704e-05 -0.00678612 0.00190291 -0.00369149 -0.00616925 -0.00271605 -0.00690647 -0.00325813 -0.00682682 -0.0015306 -0.00459757 -0.00218187 -0.00508451 0.00888582 -0.0144776 0.00537182 -0.0231844 -0.0106162 0.00202232 0.0163887 -0.0140787 0.0219306 -0.0117439 0.0525392 0.0163789 -0.0202405 -0.00280697 -0.00352544 0.0107063 -0.0282268
internal_weight=24677.2 23164.2 19917.5 18882.1 18324.2 17226.5 16574.8 15506.8 15009.4 13650.9 13267.1 12724.7 12422.1 4994.43 7427.65 2265.85 5161.8 2942.17 4421.81 2162.8 1604.79 451.116 2259 383.172 634.213 2559 1177.92 1272.85 876.841 1153.67
internal_count=143920 137804 114420 110240 107955 100120 97491 89722 87714 77902 76353 72672 71419 27387 44032 12560 31472 17374 24668 11763 9380 2338 12905 1971 3257 15403 6825 7253 4850 7042
is_linear=0
shrinkage=0.05


Tree=11
num_leaves=31
num_cat=0
split_feature=218 213 219 214 220 106 219 101 106 222 87 222 106 87 87 87 101 226 87 87 87 226 214 219 214 104 93 106 219 87
split_gain=2465.36 846.866 859.296 773.465 639.032 413.787 312.955 284.971 275.022 262.929 256.947 244.643 226.264 216.239 215.053 212.087 194.239 172.695 160.253 158.805 210.914 140.798 130.657 259.121 125.378 121.967 120.773 111.46 104.714 99.1905
threshold=3.2111083269119267 1.7050973773002627 1.1039086580276491 1.0996854901313784 3.2110658884048466 13.488429546356203 1.34866338968277 260.50000000000006 34.013944625854499 -0.40515153110027308 5.0259516239166269 -0.49969495832920069 40.134532928466804 5.0259516239166269 5.9554655551910409 5.9554655551910409 228.50000000000003 0.85533869266510021 1.1314879059791567 1.7388663887977602 2.5902485847473149 0.86648425459861766 1.3636333942413332 1.9602886438369753 1.0106959939002993 20.280096054077152 413.62873840332037 34.013944625854499 1.0136553049087527 5.0259516239166269
decision_type=2 2 2 2 2 10 2 10 10 2 2 2 10 2 2 2 10 10 2 2 2 10 2 2 2 2 2 8 2 2
left_child=1 2 7 6 12 9 21 8 17 11 -7 -3 16 -10 -15 -12 22 18 -1 -20 -21 -4 23 -5 28 -24 -2 -22 -19 -14
right_child=26 5 3 4 -6 10 -8 -9 13 -11 15 -13 29 14 -16 -17 -18 24 19 20 27 -23 25 -25 -26 -27 -28 -29 -30 -31
leaf_value=-0.003378728719415735 0.090747540315153793 -0.029668203159355956 0.0037449555775767259 -0.0060293172275473371 0.074904586222001177 0.024242037864665625 0.049195281774193571 0.071390550674847467 0.047149006732419896 -0.059663479134940425 -0.05917501636808762 0.054880738114024254 0.056489014537211217 -0.05675941749948326 0.011764364616736831 -0.011427621332023692 0.055175208326745689 -0.0057060807216726007 -0.059579283063160064 0.033678941760834469 -0.022349582205077396 0.028962915019652397 -0.022911075815545801 0.049124088756083678 -0.019081891905424395 0.01395853200592919 0.044309690857115731 -0.058638573980035504 0.016202275544569156 0.010660212407978931
leaf_weight=957.23430505394936 692.46314689517021 917.19923044741154 921.98763108253479 2334.518142670393 264.85678535699844 453.25695469975471 1370.9354763031006 99.425118789076805 328.32266537845135 885.16703874617815 249.13231413066387 85.070433273911476 183.75565589219332 131.28173626959324 594.0923368409276 2372.6385725438595 113.20450698584318 2541.529026016593 326.31635573506355 147.87110815197229 1985.5977097153664 1387.5636698529124 1712.5130104273558 224.24046124517918 1360.5189120769501 251.08400703966618 213.69062076508999 233.31085073947906 683.72857206314802 317.88640186190605
leaf_count=5731 2796 5952 5350 13994 1084 2576 6875 459 1742 6101 1679 442 936 910 3485 14653 566 15704 2214 811 12843 7533 10190 1113 8795 1336 860 1606 3920 1829
internal_value=-6.44547e-05 -0.0032088 0.0017208 0.0126785 0.000623977 -0.0215248 0.0303221 -0.00888125 -0.00981621 -0.0398957 -0.0101561 -0.0220206 -0.00334376 0.0141387 -0.0012406 -0.0161724 -0.00681327 -0.0128943 -0.0209972 -0.0272239 -0.022531 0.0189553 -0.00848329 -0.00102345 -0.0064127 -0.0181497 0.0803997 -0.0264112 -0.00102596 0.0282236
internal_weight=24340.4 23434.2 18471.8 9082.55 5402.06 4962.46 3680.49 9389.23 9289.8 1887.44 3075.03 1002.27 5137.2 1053.7 725.374 2621.77 4635.56 8236.11 3650.33 2693.1 2366.78 2309.55 4522.36 2558.76 4585.78 1963.6 906.154 2218.91 3225.26 501.642
internal_count=144085 140429 109026 50806 31048 31403 19758 58220 57761 12495 18908 6394 29964 6137 4395 16332 27199 51624 23205 17474 15260 12883 26633 15107 28419 11526 3656 14449 19624 2765
is_linear=0
shrinkage=0.05


Tree=12
num_leaves=31
num_cat=0
split_feature=108 108 108 218 108 108 108 108 108 108 86 102 86 86 86 86 108 108 86 86 225 86 215 87 86 86 106 70 93 86
split_gain=6230.28 3952.33 4062 2141 1201.36 2708.41 1124.93 2081.96 1477.25 1569.73 692.846 1840.38 1092.74 2247.76 992.401 1763.94 444.244 1212.38 385.271 1676.08 351.823 259.582 250.484 218.04 170.986 190.542 147.877 139.895 132.689 124.128
threshold=0.99704739451408397 0.99553072452545177 0.99409481883049022 3.2111083269119267 0.99269616603851329 0.99250110983848583 0.99106144905090343 0.98991972208023082 0.98781466484069835 0.98696711659431469 1.1314879059791567 inf 1.7388663887977602 2.2629758119583134 2.9777327775955205 3.3944636583328252 0.98539230227470409 0.98500218987464916 3.9909090995788579 4.097701072692872 1.1287437081336977 4.7165992259979257 1.4432423114776614 1.1314879059791567 5.1804971694946298 5.7524003982543954 27.165990829467777 91.500000000000014 413.62873840332037 6.1574394702911386
decision_type=2 2 2 2 2 2 2 2 2 2 2 8 2 2 2 2 2 2 2 2 2 2 2 2 2 2 10 2 2 2
left_child=1 2 3 4 5 6 7 8 9 10 11 -1 -12 -14 -15 -16 17 18 -17 -20 -21 -22 24 -13 -23 -26 27 29 -5 -27
right_child=-2 -3 -4 28 -6 -7 -8 -9 -10 -11 12 23 13 14 15 16 -18 -19 19 20 21 22 -24 -25 25 26 -28 -29 -30 -31
leaf_value=0.1085041531768656 0.097447815862602816 -0.059241742023440486 0.09764811731474593 0.087550407032348315 -0.059031096266494804 0.09758269712669923 -0.05866562267731841 0.097428227967642458 -0.058908882545956887 0.096769972668490509 -0.060872658353036263 0.015329878159158631 0.11342852320393071 -0.060564119513684206 0.11299319074927533 -0.060173568667037242 -0.059026378526463474 0.10697954206987335 0.1148390620168684 -0.022502105223866739 -0.057967749246874638 0.062364582255271583 -0.017960042705942196 -0.024156058674863541 -0.056635371677831475 0.050468588505247547 0.034711358894405624 0.044464533360939654 0.036690294816591758 -0.0067617145014571061
leaf_weight=453.59793195128441 1519.7391976118088 3092.0155156552792 1030.2497971057892 603.02756406366825 1053.1997198462486 618.90859091281891 1022.9649707376957 472.88321143388748 1292.8254080638289 372.07618445158005 982.10765844583511 625.50714258849621 370.05993287265301 889.30852627009153 293.75838080048561 358.60466932505369 422.22201726585627 216.93326045572758 258.79641106724739 3904.6315935254097 175.47322118282318 148.1617097556591 986.3603982180357 768.47207334637642 97.319405868649483 92.923600137233734 509.90756586194038 173.21672430634499 189.12447300553322 1184.7255446612835
leaf_count=1857 6150 23363 4161 2453 7879 2496 7813 1907 9804 1500 6672 3269 1532 6100 1217 2403 3008 888 1078 23775 1194 699 5791 4602 624 465 2786 870 759 6708
internal_value=-0.000216403 -0.00680673 0.00150503 -0.00388815 -0.00749598 -0.00421087 -0.00818882 -0.00472115 -0.00809944 -0.00311403 -0.00606496 0.0222008 -0.0108006 -0.00586772 -0.0105251 -0.00541866 -0.00962445 -0.00698201 -0.0102467 -0.0077929 -0.0123084 -0.000459185 0.00287275 -0.00645492 0.0122256 0.00833197 0.0118275 0.00360243 0.0760164 -0.00223973
internal_weight=24179.1 22659.4 19567.3 18537.1 17744.9 16691.7 16072.8 15049.9 14577 13284.2 12912.1 1847.58 11064.5 10082.4 9712.34 8823.03 8529.28 8107.05 7890.12 7531.52 7272.72 3368.09 3192.61 1393.98 2206.25 2058.09 1960.77 1450.87 792.152 1277.65
internal_count=143823 137673 114310 110149 106937 99058 96562 88749 86842 77038 75538 9728 65810 59138 57606 51506 50289 47281 46393 43990 42912 19137 17943 7871 12152 11453 10829 8043 3212 7173
is_linear=0
shrinkage=0.05


Tree=13
num_leaves=31
num_cat=0
split_feature=108 108 108 218 108 108 108 108 108 108 87 101 87 106 87 220 87 106 87 87 87 87 87 87 87 110 225 225 110 110
split_gain=5625.32 3747.83 3638.02 1954.05 1129.9 2445.59 1068.15 1871.83 1415.28 1415.96 653.617 1288.91 888.041 507.367 1104.56 503.482 500.667 384.263 350.357 612.12 573.506 225.792 284.463 228.824 257.994 221.181 528.091 323.031 375.255 182.642
threshold=0.99704739451408397 0.99553072452545177 0.99409481883049022 3.2111083269119267 0.99269616603851329 0.99250110983848583 0.99106144905090343 0.98991972208023082 0.98781466484069835 0.98696711659431469 1.1314879059791567 88.500000000000014 1.7388663887977602 21.682895660400394 3.3944636583328252 3.2110658884048466 2.5902485847473149 1.0000000180025095e-35 3.9909090995788579 5.0259516239166269 5.9554655551910409 6.4756212234497079 6.9961686134338388 7.4832592010498056 7.9818181991577157 0.039559902623295791 0.87406539916992199 1.0657883286476137 0.068895712494850173 0.027288263663649562
decision_type=2 2 2 2 2 2 2 2 2 2 2 10 2 10 2 2 2 10 2 2 2 2 2 2 2 2 2 2 2 2
left_child=1 2 3 4 5 6 7 8 9 10 11 15 -12 16 -15 -1 -14 -18 -16 -20 -21 -22 -23 -24 -25 26 29 -27 -29 -19
right_child=-2 -3 -4 -5 -6 -7 -8 -9 -10 -11 12 -13 13 14 18 -17 17 25 19 20 21 22 23 24 -26 27 -28 28 -30 -31
leaf_value=-0.0025006331776984223 0.093202478275323214 -0.058698142982703087 0.093160021038523222 0.07312112060804711 -0.058454907383576775 0.092955434395761871 -0.05812642499117502 0.09283614837409232 -0.058370416902918054 0.092285623051380938 -0.060958583669633686 0.12540781130901515 0.037268061200113577 0.12914374272904991 -0.060228635213346163 0.074373220795866987 -0.06007565399563957 0.01118150948408171 0.057114164095212784 -0.060332938358433799 0.054020004291179535 -0.058863658940101794 0.054442806230904306 -0.058774111448490589 0.0055759953737092756 -0.039332206438919687 0.074122602938537327 0.036390310175063362 -0.018654787919533702 -0.03728613186134052
leaf_weight=2102.9276137128472 1495.9899474680424 2983.2333095371723 1013.7372659742832 781.84444713592529 1002.4147361218929 615.38587710261345 980.59908122569323 468.11585630476475 1248.9500100687146 369.67846776545048 819.73381872475147 237.05653066933155 390.6805105805397 166.50702546536922 209.12863098829985 226.92953529953957 547.44502121955156 364.84053021669388 474.25635723769665 376.41342505812645 204.88714487850666 176.17884612828493 205.47666271030903 159.80511977523565 1872.8688299357891 1504.2947535738349 206.52002219855785 365.74665893614292 1758.0492635518312 397.41986227780581
leaf_count=11910 6085 23480 4113 3202 7812 2492 7799 1895 9861 1496 5573 1031 2079 737 1318 926 3719 1975 2492 2497 1074 1150 1101 1037 10948 9909 928 1844 10667 2615
internal_value=-0.000317916 -0.00665022 0.00144298 -0.00370434 -0.00718594 -0.00402812 -0.00785354 -0.00449784 -0.00772739 -0.00287191 -0.0056973 0.016811 -0.0113725 -0.00697899 0.00696152 0.00527278 -0.0166595 -0.0208193 0.00109664 0.00495515 -0.00346501 0.00490599 0.000532398 0.00544887 0.000253943 -0.016024 0.00515866 -0.0216788 -0.00904915 -0.0142437
internal_weight=23727.1 22231.1 19247.9 18234.2 17452.3 16449.9 15834.5 14853.9 14385.8 13136.8 12767.2 2566.91 10200.3 9380.52 3845.52 2329.86 5535 5144.32 3679.02 3469.89 2995.63 2619.22 2414.33 2238.15 2032.67 4596.87 968.78 3628.09 2123.8 762.26
internal_count=143765 137680 114200 110087 106885 99073 96581 88782 86887 77026 75530 13867 61663 56090 22354 12836 33736 31657 21617 20299 17807 15310 14236 13086 11985 27938 5518 22420 12511 4590
is_linear=0
shrinkage=0.05


Tree=14
num_leaves=31
num_cat=0
split_feature=108 108 108 218 108 108 108 108 108 108 213 220 109 225 110 104 104 110 225 110 104 110 104 110 225 110 110 104 108 108
split_gain=5114.17 3534.67 3399.96 1824.91 1068.46 2271.06 1007.31 1748.29 1323.53 1293.82 665.941 451.04 395.527 392.713 459.073 670.158 422.341 507.546 303.46 422.175 266.303 276.522 252.756 264.784 262.923 239.703 237.19 233.915 208.798 571.421
threshold=0.99704739451408397 0.99553072452545177 0.99409481883049022 3.2111083269119267 0.99269616603851329 0.99250110983848583 0.99106144905090343 0.98991972208023082 0.98781466484069835 0.98696711659431469 0.76827195286750805 3.2110658884048466 0.24544273316860202 1.3260297775268557 0.076244100928306593 4.9783272743225107 7.7294142246246347 0.11091887950897218 1.0657883286476137 0.051623929291963584 13.737472057342531 0.16676595062017444 2.8358474969863896 0.03736854903399945 0.8213486671447755 0.061560431495308883 0.12242737412452699 9.5737462043762225 0.98539230227470409 0.98500218987464916
decision_type=2 2 2 2 2 2 2 2 2 2 2 2 10 2 2 2 2 2 2 2 2 2 2 2 2 2 2 2 2 2
left_child=1 2 3 4 5 6 7 8 9 10 11 13 -12 14 15 18 -16 -18 19 22 -19 -22 23 24 -1 -20 -15 -28 29 -14
right_child=-2 -3 -4 -5 -6 -7 -8 -9 -10 -11 12 -13 28 26 16 -17 17 20 25 -21 21 -23 -24 -25 -26 -27 27 -29 -30 -31
leaf_value=-0.0057565611221628826 0.089351604581788868 -0.058187871985032502 0.089361352492783402 0.070514029154158275 -0.05791643943266004 0.08912145766138499 -0.057617625086037953 0.089119676888136823 -0.057851081850959052 0.088439621472371666 -0.055599360162653294 0.068346447540483843 -0.014271610601206625 0.051195427138534567 -0.039714915714349784 0.084424143802812532 0.058439965794298769 -0.03315508660312573 0.071643854439400828 -0.044808389066357361 0.075777216354917673 -0.0080811024728182686 0.064035301913786064 -0.033927094122278768 0.069304372586094717 -0.0024115082652829529 -0.020061607545144165 0.024249317124694698 -0.057435981666717179 0.096090954496830333
leaf_weight=310.23982775211334 1480.4465429931879 2850.8478752151132 1029.0731351971626 783.02102479338646 964.4866319745779 619.33860670030117 941.29102893918753 472.16448782384396 1193.9469164460897 365.29071110486984 636.95393227040768 254.50350412726402 4503.5579429492354 482.70950712263584 1291.3928785100579 266.36076650768518 281.82527609169483 760.11616206914186 229.70636101067066 530.60411880910397 122.18905993551016 377.41897650808096 167.863435536623 353.99833661317825 175.66001616418362 199.64741406589746 421.42756479978561 957.86034013330936 251.4892755523324 110.52969117462635
leaf_count=1857 6077 23387 4212 3243 7837 2529 7801 1926 9827 1490 4623 1040 27449 2389 8531 1247 1409 4855 1056 3631 598 2185 789 2265 819 1175 2467 4967 1885 450
internal_value=-0.00026995 -0.00636488 0.00141503 -0.00365255 -0.00705953 -0.00401251 -0.0077507 -0.00452438 -0.00768858 -0.0030589 -0.00576115 0.00426483 -0.018834 0.001816 -0.00540435 0.0115145 -0.0187403 -0.00102663 0.00126814 -0.00914506 -0.014686 0.0135126 0.00988808 -0.00155999 0.0222294 0.0379374 0.0213885 0.0106636 -0.0139169 -0.0114258
internal_weight=23386 21905.5 19054.7 18025.6 17242.6 16278.1 15658.7 14717.5 14245.3 13051.3 12686.1 7183.52 5502.53 6929.02 5067.02 2234.08 2832.94 1541.55 1967.72 1538.37 1259.72 499.608 1007.76 839.898 485.9 429.354 1862 1379.29 4865.58 4614.09
internal_count=144016 137939 114552 110340 107097 99260 96731 88930 87004 77177 75687 41280 34407 40240 30417 12839 17578 9047 11592 9361 7638 2783 5730 4941 2676 2231 9823 7434 29784 27899
is_linear=0
shrinkage=0.05


Tree=15
num_leaves=31
num_cat=0
split_feature=108 108 108 108 108 108 108 108 108 220 108 108 225 215 225 221 222 67 108 215 102 106 87 109 87 87 106 222 108 108
split_gain=4733.52 3330.03 3076.49 1175.83 2024.9 1096.85 1549.91 1451.78 1142.37 891.164 596.684 1281.23 496.798 383.849 257.863 162.925 190.608 176.643 152.976 309.626 150.038 118.975 180.125 354.363 236.172 152.695 169.674 116.463 111.841 125.104
threshold=0.99704739451408397 0.99553072452545177 0.99409481883049022 0.99269616603851329 0.99250110983848583 0.99106144905090343 0.98991972208023082 0.98781466484069835 0.98696711659431469 3.2110658884048466 0.98539230227470409 0.98500218987464916 1.1287437081336977 1.4999985098838808 1.5541929602622988 -0.2281987518072128 -0.69266802072525013 14.79884195327759 0.76019558310508739 1.4999985098838808 243.50000000000003 32.39740180969239 1.1314879059791567 0.98423999547958385 1.7388663887977602 2.5902485847473149 32.39740180969239 -0.74536377191543568 0.98423999547958385 0.98279201984405529
decision_type=2 2 2 2 2 2 2 2 2 2 2 2 2 2 2 2 2 10 2 2 10 10 2 8 2 2 8 2 2 2
left_child=1 2 3 4 5 6 7 8 9 10 11 12 18 14 21 16 27 -17 19 -1 28 22 23 -14 -24 -26 -27 -15 29 -20
right_child=-2 -3 -4 -5 -6 -7 -8 -9 -10 -11 -12 -13 13 15 -16 17 -18 -19 20 -21 -22 -23 24 -25 25 26 -28 -29 -30 -31
leaf_value=0.018494469708400862 0.086012354305532307 -0.057705981262322542 0.086118645986799774 -0.057642494477084541 0.085611148076844487 -0.057131806327043871 0.085508412507418197 -0.057432966497760064 0.085011927368961418 0.061563630228634383 -0.058273639255132216 0.097382246708003245 0.10174312226709004 -0.010199283485808924 0.034437739216875589 -0.0053793653209689291 -0.037297704492999365 0.064096749555623708 -0.020710613796980457 -0.036281851361695053 0.042986600198365706 0.025448517386433857 -0.058095619826512283 0.0060712626655277831 0.04848677955603236 0.00027296511800138022 -0.056912539382742405 0.048961179444747316 -0.058054871256604294 0.012874213640883335
leaf_weight=806.64005914330482 1475.4048524796963 2735.6592277139425 1000.296565592289 941.7829562574625 645.85253810882568 906.56904488056898 492.86512346565723 1150.7322069481015 381.30388212203979 524.84448893368244 482.6057383492589 305.06286945939064 109.3968563079834 406.26745410263538 1099.9819787070155 400.59882672131062 829.89515548944473 108.07691115140915 4235.5979063212872 367.12744452059269 86.91989878565073 630.65352550148964 189.84336616098881 518.98341028392315 135.14027974009514 1344.8007919341326 133.54888717085123 93.978182226419449 179.18477567285299 290.14032071083784
leaf_count=4408 6135 23410 4143 7956 2672 7838 2037 9867 1575 2190 3715 1249 465 2443 5573 2199 5424 483 27204 2246 440 3472 1330 2854 664 7796 928 496 1230 1784
internal_value=-0.000317828 -0.00626983 0.00124206 -0.00357381 -0.0005206 -0.00400284 -0.000820403 -0.00374886 0.000812056 -0.00166782 -0.00431599 -0.00214831 -0.00476479 0.00538905 0.013785 -0.0135878 -0.0227445 0.0103332 -0.0149711 0.00119993 -0.0189264 0.00627872 0.00122326 0.02406 -0.0068231 -0.000469688 -0.00524065 0.00165658 -0.020159 -0.0185339
internal_weight=23009.8 21534.4 18798.7 17798.4 16856.6 16210.8 15304.2 14811.3 13660.6 13279.3 12754.4 12271.8 11966.8 6001.17 4162.35 1838.82 1330.14 508.676 5965.61 1173.77 4791.84 3062.37 2431.71 628.38 1803.33 1613.49 1478.35 500.246 4704.92 4525.74
internal_count=144226 138091 114681 110538 102582 99910 92072 90035 80168 78593 76403 72688 71439 34127 23082 11045 8363 2682 37312 6654 30658 17509 14037 3319 10718 9388 8724 2939 30218 28988
is_linear=0
shrinkage=0.05


Tree=16
num_leaves=31
num_cat=0
split_feature=108 108 108 218 108 108 108 108 108 108 218 109 86 102 86 86 86 86 109 108 108 225 110 104 110 110 225 225 104 110
split_gain=4354.88 3143.48 2875.34 1618.87 950.541 1925.74 899.083 1445.34 1190.26 1069.96 581.859 699.115 565.665 1251.02 873.102 1640.83 779.517 1371.05 490.863 377.234 835.498 331.347 407.602 815.36 332.95 296.119 574.636 467.826 270.12 477.864
threshold=0.99704739451408397 0.99553072452545177 0.99409481883049022 3.2111083269119267 0.99269616603851329 0.99250110983848583 0.99106144905090343 0.98991972208023082 0.98781466484069835 0.98696711659431469 2.7034981250762944 0.3329258412122727 1.1314879059791567 inf 1.7388663887977602 2.2629758119583134 2.9777327775955205 3.3944636583328252 0.37652316689491278 0.98539230227470409 0.98500218987464916 1.3518906235694887 0.068895712494850173 3.9148437976837163 0.10078029707074167 0.039559902623295791 0.87406539916992199 1.0198564529418948 6.1247837543487558 0.091431558132171645
decision_type=2 2 2 2 2 2 2 2 2 2 2 8 2 8 2 2 2 2 10 2 2 2 2 2 2 2 2 2 2 2
left_child=1 2 3 4 5 6 7 8 9 10 11 -1 13 -13 -14 -16 -17 -18 -12 20 21 22 23 25 -23 26 -19 -27 -24 -30
right_child=-2 -3 -4 -5 -6 -7 -8 -9 -10 -11 18 12 14 -15 15 16 17 19 -20 -21 -22 24 28 -25 -26 27 -28 -29 29 -31
leaf_value=0.084270459528155262 0.08308633334583039 -0.057257082279916272 0.083066855413810009 0.066548612372586899 -0.056954985647105341 0.082744830513345483 -0.056693865848313277 0.082590804821607564 -0.056920375260469315 0.082343650894340953 -0.051847778950960405 0.098535076498021804 -0.059906771756887495 -0.0025913252245247601 0.10295159941128909 -0.059398986388005108 0.10360743818949927 -0.010653354352286031 0.01621229487702212 -0.057225706542955571 0.092451426835374384 0.061800859119696419 -0.042725055482584234 0.077245835311814032 0.0013485597331681063 -0.043992707792450403 0.078449362901425013 0.014285141969444382 0.077560893022758537 -0.02206492286507734
leaf_weight=221.86906802654266 1453.1892250329256 2620.3953234925866 1002.7129258215427 776.33918224275112 886.25916096568108 604.77598834037781 866.04967451840639 451.03474824130535 1106.1461547389627 346.35805721580982 1083.9612845927477 407.00072515010834 738.75180228054523 1145.2757030501962 336.77065320312977 668.98627626895905 277.66243362426758 721.04162959009409 344.28062710911036 355.06318204849958 202.98882302641869 268.65004016458988 1436.787159986794 288.65758018940687 1249.958344578743 988.12544823437929 230.76031784713268 519.67303472757339 128.20950008928776 927.5277526974678
leaf_count=989 6138 23388 4219 3295 7825 2537 7800 1889 9897 1448 7834 1664 5295 6407 1382 4885 1141 4377 1994 2849 828 1269 9643 1407 6893 6778 1014 2808 636 5794
internal_value=-0.000343985 -0.00609877 0.00114251 -0.00357506 -0.00685267 -0.00402885 -0.007508 -0.004522 -0.00738656 -0.00309448 -0.00551765 -0.00164348 -0.00346926 0.0243846 -0.00811979 -0.00360726 -0.00806883 -0.00347545 -0.0354431 -0.00767459 -0.00506916 -0.00813001 -0.0140846 -0.000788282 0.0123772 -0.010222 0.0115403 -0.0239451 -0.0286834 -0.00935205
internal_weight=22655.3 21202.1 18581.7 17579 16802.6 15916.4 15311.6 14445.5 13994.5 12888.4 12542 11113.8 10891.9 1552.28 9339.61 8600.86 8264.09 7595.11 1428.24 7317.44 6962.38 6759.39 5240.78 2748.26 1518.61 2459.6 951.802 1507.8 2492.52 1055.74
internal_count=144323 138185 114797 110578 107283 99458 96921 89121 87232 77335 75887 66059 65070 8071 56999 51704 50322 45437 9828 44296 41447 40619 32457 16384 8162 14977 5391 9586 16073 6430
is_linear=0
shrinkage=0.05


Tree=17
num_leaves=31
num_cat=0
split_feature=108 108 108 218 108 108 108 108 108 108 218 106 87 220 225 110 110 225 225 86 213 225 110 225 110 225 110 110 218 86
split_gain=3976.91 2988.89 2606.12 1484.81 913.201 1755.8 852.416 1335.43 1125.28 1009.96 556.908 414.324 570.761 375.578 332.548 394.5 296.322 284.836 218.248 170.175 167.153 174.016 186.462 275.177 157.777 212.537 154.327 149.908 149.357 144.552
threshold=0.99704739451408397 0.99553072452545177 0.99409481883049022 3.2111083269119267 0.99269616603851329 0.99250110983848583 0.99106144905090343 0.98991972208023082 0.98781466484069835 0.98696711659431469 0.86681747436523449 9.2013196945190447 3.3944636583328252 3.2110658884048466 1.1287437081336977 0.086039882153272643 0.051623929291963584 0.89761385321617138 1.4541449546813967 1.1314879059791567 2.1005063056945805 1.4157783389091494 0.076244100928306593 1.1024435162544253 0.039559902623295791 0.87406539916992199 0.027288263663649562 0.12242737412452699 2.7034981250762944 1.1314879059791567
decision_type=2 2 2 2 2 2 2 2 2 2 2 10 2 2 2 2 2 2 2 2 2 2 2 2 2 2 2 2 2 2
left_child=1 2 3 4 5 6 7 8 9 10 13 28 -13 14 16 -16 17 26 19 -17 21 22 23 24 25 -14 -1 -23 -12 -18
right_child=-2 -3 -4 -5 -6 -7 -8 -9 -10 -11 11 12 20 -15 15 18 29 -19 -20 -21 -22 27 -24 -25 -26 -27 -28 -29 -30 -31
leaf_value=0.029480668855353127 0.080446071257219337 -0.056833409818592355 0.080362344965307447 0.064900420691734725 -0.05651855540414065 0.080154031156827954 -0.056250955897092683 0.08002964486666149 -0.056479623304050257 0.079595729471022975 -0.022093103520353922 0.11356582993420977 -0.0076184223451401523 0.064615590701804324 0.053151871697184522 0.025788919882726382 0.0051047669624094865 0.047909665369466919 0.023670567969818743 -0.015353193604263347 -0.027505580259081053 0.056638138001747398 -0.026948473763854938 0.046476808119117051 -0.022567867512259327 0.072977805596015244 -0.02452346856268002 0.0033220072842492462 -0.051684307620810832 -0.025566915757104597
leaf_weight=184.68225299566984 1413.6457812488079 2522.8197139129043 972.08229388296604 751.18885931372643 855.61242908984423 589.60171127319336 823.23123743385077 445.44359219074249 1050.3846219554543 350.83700865507126 899.80857762694359 84.88104984164238 267.075568780303 243.2941622287035 529.46821077913046 311.5063059553504 489.41794059425592 372.64947815984488 1009.8219214379787 1146.7940702736378 1059.7803526669741 174.13941753655672 1009.2908970341086 260.95828919112682 759.04415588080883 106.90930765867233 404.58412027359009 469.07225819677114 848.44007819890976 1726.7562228068709
leaf_count=967 6084 23505 4167 3241 7881 2516 7743 1897 9813 1493 5701 369 1651 1006 2621 1594 2732 1861 5222 7149 6924 861 6642 1326 5041 467 2708 2614 6409 11839
internal_value=-0.000392721 -0.0059443 0.00113837 -0.00337671 -0.00652762 -0.0037545 -0.00709758 -0.0042114 -0.0069947 -0.00286371 -0.00526708 -0.0162886 -0.00772139 0.00494043 0.00248884 0.0144116 -0.00876674 0.0143067 0.00592004 -0.00644908 -0.0104983 -0.0045114 -0.0106949 0.00118128 -0.00956649 0.0167218 -0.0073885 0.0184026 -0.0366662 -0.0188009
internal_weight=22133.2 20719.6 18196.8 17224.7 16473.5 15617.9 15028.3 14205 13759.6 12709.2 12358.4 5939.4 4191.15 6418.97 6175.68 2997.59 3178.09 961.916 2468.12 1458.3 4106.27 3046.49 2403.28 1393.99 1133.03 373.985 589.266 643.212 1748.25 2216.17
internal_count=144044 137960 114455 110288 107047 99166 96650 88907 87010 77197 75704 38005 25895 37699 36693 16586 20107 5536 13965 8743 25526 18602 15127 8485 7159 2118 3675 3475 12110 14571
is_linear=0
shrinkage=0.05


Tree=18
num_leaves=31
num_cat=0
split_feature=108 108 108 108 108 108 108 108 108 220 108 108 225 110 110 104 104 110 104 110 104 110 104 110 110 225 110 171 104 104
split_gain=3676.48 2842.48 2390.44 995.532 1575.29 938.394 1199.97 1230.32 888.352 661.693 538.807 1034.07 450.797 583.68 455.667 718.018 475.877 743.887 389.554 638.781 385.497 370.843 352.894 447.175 310.82 484.699 261.737 220.135 218.825 212.32
threshold=0.99704739451408397 0.99553072452545177 0.99409481883049022 0.99269616603851329 0.99250110983848583 0.99106144905090343 0.98991972208023082 0.98781466484069835 0.98696711659431469 3.2110658884048466 0.98539230227470409 0.98500218987464916 1.1713590025901797 0.076244100928306593 0.051623929291963584 2.7182571887969975 4.2472503185272226 0.076244100928306593 6.399564504623414 0.12242737412452699 12.574269294738771 0.2077182084321976 9.0464315414428729 0.11091887950897218 0.03736854903399945 0.8213486671447755 0.020502080209553245 0.34166666865348821 20.280096054077152 5.1849939823150644
decision_type=2 2 2 2 2 2 2 2 2 2 2 2 2 2 2 2 2 2 2 2 2 2 2 2 2 2 2 2 2 2
left_child=1 2 3 4 5 6 7 8 9 10 11 12 14 -14 15 24 -16 29 -15 -20 27 -22 -19 -24 25 26 -1 -21 -23 -18
right_child=-2 -3 -4 -5 -6 -7 -8 -9 -10 -11 -12 -13 13 18 16 -17 17 22 19 20 21 28 23 -25 -26 -27 -28 -29 -30 -31
leaf_value=0.038206868133518979 0.07816304725054686 -0.056437858642032747 0.078029262337008784 -0.056393019548861362 0.077664246663397968 -0.055857067544277154 0.077476724364282379 -0.05618279651081487 0.07719601143911807 0.053907003692019909 -0.057250323835356443 0.089030498593321822 0.05738681457708697 -0.020814243862359194 -0.045729461574252797 0.062902264100269029 0.010618893326243464 -0.039151995330287057 0.05880135311996576 -0.023173823464637155 0.062186302141460939 -0.01859802468830744 0.074585516815666511 -0.014422589291903612 -0.033444620589457588 0.05917013339225731 -0.033022283869240672 0.045708336082874189 0.027494431261525995 0.075085659824758733
leaf_weight=164.1503888964653 1390.7579205185175 2410.8738306537271 950.25818255543709 822.03858345746994 612.80657933652401 799.16060425341129 466.78734201192856 1006.2084909603 360.85003496706486 511.14855274558067 441.04456975311041 296.82735349237919 506.11771011352539 1386.8702237010002 1423.0054702237248 431.35415054112673 252.98612279444933 1331.3568117246032 560.72393464297056 1320.498829677701 363.94881092011929 519.37121229618788 157.67551427334547 880.67160127311945 716.63821496069431 319.84531922638416 493.63019356876612 117.81437595188618 491.65049629658461 256.08678404986858
leaf_count=892 6108 23449 4156 7874 2674 7846 2033 9800 1568 2201 3694 1235 2385 8529 10293 2075 1502 9484 2769 8332 1844 3097 750 5684 4741 1521 3227 593 2615 1229
internal_value=-0.000192913 -0.00557774 0.00127653 -0.00305425 -0.000312728 -0.00342835 -0.00055713 -0.00315481 0.000894911 -0.00129024 -0.00360116 -0.00158185 -0.00395588 0.0068816 -0.0128336 0.00608711 -0.0221753 -0.0104143 0.00140348 0.0105705 0.000783225 0.0196407 -0.0222113 -0.000323963 -0.00866205 0.00965924 -0.014941 -0.0172549 0.00386606 0.0438704
internal_weight=21763.2 20372.4 17961.5 17011.3 16189.2 15576.4 14777.3 14310.5 13304.3 12943.4 12432.3 11991.2 11694.4 5267 6427.4 2125.62 4301.78 2878.78 4760.88 3374.01 2813.28 1374.97 2369.7 1038.35 1694.26 977.626 657.781 1438.31 1011.02 509.073
internal_count=144200 138092 114643 110487 102613 99939 92093 90060 80260 78692 76491 72797 71562 30164 41398 12456 28942 18649 27779 19250 16481 7556 15918 6434 10381 5640 4119 8925 5712 2731
is_linear=0
shrinkage=0.05


Tree=19
num_leaves=31
num_cat=0
split_feature=218 109 86 102 86 86 86 86 86 86 110 103 86 86 86 86 110 86 86 86 86 106 87 110 220 103 110 93 219 214
split_gain=1293.37 620.443 504.488 1566.88 1260.37 1803.27 1177.76 1587.01 561.472 1608.46 528.999 444.829 357.056 482.94 319.312 359.874 292.662 290.854 430.541 264.614 379.393 224.54 353.457 210.342 173.137 155.694 192.362 130.044 103.629 140.619
threshold=3.2111083269119267 0.20024450123310092 1.1314879059791567 inf 1.7388663887977602 2.2629758119583134 2.9777327775955205 3.3944636583328252 3.9909090995788579 4.097701072692872 0.039559902623295791 2.2032743692398076 4.7165992259979257 5.1804971694946298 5.7524003982543954 6.1574394702911386 0.027288263663649562 6.8143503665924081 7.1943318843841562 7.7707455158233651 8.195402145385744 22.487142562866214 3.3944636583328252 0.029215381480753425 3.2110658884048466 1.6543962359428408 0.017741427756845955 413.62873840332037 1.4671887755393984 1.312497675418854
decision_type=2 8 2 8 2 2 2 2 2 2 2 2 2 2 2 2 2 2 2 2 2 10 2 2 2 2 2 2 2 2
left_child=1 -1 3 -3 -4 -6 -7 -8 -9 -10 11 16 -12 -14 -15 -16 25 -17 -19 -20 -21 -22 -23 -18 -5 26 -11 -2 -24 -30
right_child=27 2 4 24 5 6 7 8 9 10 12 -13 13 14 15 17 23 18 19 20 21 22 28 -25 -26 -27 -28 -29 29 -31
leaf_value=-0.057171778095611671 0.073018436208080753 0.087926856836117132 -0.058524972956167237 -0.010626495995133253 0.0904118192247928 -0.05805951416833674 0.090308983335596296 -0.058063566053314475 0.092362936269294676 0.025734653958144883 -0.057095741578193686 0.046754870873233996 0.037370810399410148 -0.057450946511409841 0.032810864929088433 -0.058197250876447316 -0.055178196345651388 0.039199338610296279 -0.057739332167284121 0.039814637925263623 -0.020356043597492705 0.098830018889406568 -0.010314891015892792 -0.0054444384992217848 0.055574463781100029 0.039314677543556491 -0.0081311586756607681 0.025176985126854415 0.048336208707895817 -0.0068991245366108178
leaf_weight=502.05517163872719 601.88059788942337 617.62006893754005 996.60556671768427 1410.9194031655788 513.57775586843491 934.25048267841339 456.25276619195938 444.84998959302902 431.21607649326324 761.92697634547949 393.33997616916895 680.86076131463051 519.98444010317326 357.29515892267227 459.1148457378149 320.93950095772743 247.42984550446272 406.62561838328838 307.85904031991959 339.24032884091139 4361.9738865867257 75.228082194924355 1795.9002987891436 1237.4119059816003 96.238533958792686 486.48190040141344 910.18926072865725 203.56065639853477 186.54093267023563 273.38632307201624
leaf_count=4466 2762 2630 8207 8732 2185 7898 1950 3656 1854 4705 3338 3764 2767 2955 2612 2564 2346 2302 2495 1931 32055 335 12851 9079 388 2697 6951 875 993 1757
internal_value=-0.000371858 -0.00282397 -0.00143342 0.0215429 -0.00417151 -0.000933891 -0.00384988 -0.000537294 -0.00335929 -0.00164839 -0.00458241 0.00996867 -0.0110085 -0.00902218 -0.0117765 -0.00979758 0.00298517 -0.01226 -0.0102842 -0.0130751 -0.0110406 -0.0136738 -0.00113609 -0.0140456 -0.00606084 0.0147109 0.0073616 0.0613844 -0.00489125 0.0160555
internal_weight=21330.8 20525.3 20023.3 2124.78 17898.5 16901.9 16388.3 15454 14997.8 14552.9 14121.7 4324.3 9797.43 9404.09 8884.1 8526.81 3643.44 8067.69 7746.75 7340.13 7032.27 6693.03 2331.06 1484.84 1507.16 2158.6 1672.12 805.441 2255.83 459.927
internal_count=144100 140463 135997 11750 124247 116040 113855 105957 104007 100351 98497 29542 68955 65617 62850 59895 25778 57283 54719 52417 49922 47991 15936 11425 9120 14353 11656 3637 15601 2750
is_linear=0
shrinkage=0.05


Tree=20
num_leaves=31
num_cat=0
split_feature=108 108 108 218 108 108 108 108 108 108 218 108 108 104 110 104 110 222 110 225 225 225 110 104 110 225 70 110 110 104
split_gain=3294.28 2658.05 2144.14 1173.3 816.036 1453.87 771.801 1083.93 1019.43 816.213 468.762 491.683 806.554 461.015 584.685 1062.15 501.949 426.515 400.044 648.442 487.624 391.866 313.306 273.999 273.162 311.689 269.151 222.313 207.003 197.164
threshold=0.99704739451408397 0.99553072452545177 0.99409481883049022 3.2111083269119267 0.99269616603851329 0.99250110983848583 0.99106144905090343 0.98991972208023082 0.98781466484069835 0.98696711659431469 2.7034981250762944 0.98539230227470409 0.98500218987464916 9.5737462043762225 0.083382975310087218 4.600194215774537 0.12242737412452699 -0.40515153110027308 0.049354091286659248 0.93167042732238781 1.1420742869377138 1.4157783389091494 0.12242737412452699 15.216999530792238 0.03736854903399945 0.8213486671447755 25.500000000000004 0.22519670426845553 0.024952211417257789 26.488859176635746
decision_type=2 2 2 2 2 2 2 2 2 2 2 2 2 2 2 2 2 2 2 2 2 2 2 2 2 2 2 2 2 2
left_child=1 2 3 4 5 6 7 8 9 10 11 12 13 14 15 18 -15 -12 19 24 -20 -16 -23 26 25 28 -18 -25 -1 -29
right_child=-2 -3 -4 -5 -6 -7 -8 -9 -10 -11 17 -13 -14 16 21 -17 23 -19 20 -21 -22 22 -24 27 -26 -27 -28 29 -30 -31
leaf_value=0.02098696467093128 0.07545423755074733 -0.055986832089337725 0.075271204610688203 0.05925746132816774 -0.055584623132836665 0.07504942276604 -0.055356829155238652 0.074921601687308673 -0.055573476663348977 0.074269857370956968 0.021772102168213663 -0.056294984203971388 0.085144158043806678 0.076406163379889744 -0.034887869735023704 0.05634192871645597 -0.023895387389722109 -0.047074983231859539 -0.039364057371346933 0.056880806319343793 0.018986577140003898 0.042535627071716625 -0.018297860485639691 0.059453177823667637 -0.040002874466527227 0.055196158697436076 0.02703436256661515 -0.010456741643188563 -0.03709420119491269 0.04412758015177054
leaf_weight=266.55806705355644 1337.210832208395 2281.2312087863684 917.52375282347202 716.82068160176277 769.8779549524188 562.17714063823223 747.20540134608746 416.99424701929092 952.46689800173044 329.88898938894272 280.24468418210745 375.0408575758338 268.75909808278084 305.911416195333 2236.2688921019435 796.76028972119093 797.87886785715818 1034.9289548397064 1319.3098978251219 506.93409624695778 483.10759656131268 326.51909328997135 560.7702355235815 349.67539314180613 456.21590013056993 235.54649794846773 372.58920527994633 421.86075090616941 336.45300345867872 259.1534084752202
leaf_count=1433 6069 23455 4149 3256 7852 2529 7777 1868 9863 1480 1653 3325 1132 1397 15706 4045 5170 8088 9659 2407 2512 1660 3326 1762 3256 1117 1956 2345 2319 1256
internal_value=-0.000188122 -0.00536233 0.00130184 -0.00285806 -0.00571743 -0.00312253 -0.00621638 -0.00349579 -0.00601399 -0.00214067 -0.00430305 -0.000820563 0.00125195 -0.0010782 -0.00726636 0.00447743 0.0174493 -0.0323511 -0.00711238 0.0095267 -0.0237057 -0.023774 0.00431319 0.00894715 -0.00930739 0.00766706 -0.0075915 0.0276212 -0.0114962 0.0106528
internal_weight=21021.9 19684.7 17403.4 16485.9 15769.1 14999.2 14437 13689.8 13272.8 12320.4 11990.5 10675.3 10300.3 10031.5 7524.44 4400.89 2507.07 1315.17 3604.13 1801.71 1802.42 3123.56 887.289 2201.16 1294.77 838.558 1170.47 1030.69 603.011 681.014
internal_count=143822 137753 114298 110149 106893 99041 96512 88735 86867 77004 75524 65783 62458 61326 47440 26748 13886 9741 22703 10532 12171 20692 4986 12489 8125 4869 7126 5363 3752 3601
is_linear=0
shrinkage=0.05


Tree=21
num_leaves=31
num_cat=0
split_feature=108 108 108 218 108 108 108 108 108 108 218 109 108 108 109 104 108 225 108 106 144 93 215 97 108 108 108 108 108 101
split_gain=3088 2514.93 2007.61 1069.14 770.668 1343.04 731.628 1007.76 966.806 772.84 467.97 562.511 444.972 744.947 397.952 382.922 243.387 214.48 149.48 147.733 142.128 128.992 101.716 96.4128 90.7403 131.994 164.751 104.237 99.0049 82.5395
threshold=0.99704739451408397 0.99553072452545177 0.99409481883049022 3.2111083269119267 0.99269616603851329 0.99250110983848583 0.99106144905090343 0.98991972208023082 0.98781466484069835 0.98696711659431469 2.7034981250762944 0.3329258412122727 0.98539230227470409 0.98500218987464916 0.37652316689491278 12.574269294738771 0.98423999547958385 1.0777410864830019 0.58866310119628917 21.682895660400394 7.525944948196412 413.62873840332037 1.3018834590911867 1.2709233760833742 0.98279201984405529 0.9813305437564851 0.98009857535362255 0.97871029376983654 0.97750329971313488 206.50000000000003
decision_type=2 2 2 2 2 2 2 2 2 2 2 8 2 2 10 2 2 2 2 10 2 2 2 10 2 2 2 2 2 10
left_child=1 2 3 4 5 6 7 8 9 10 11 -1 13 15 -12 16 17 18 22 29 -21 -5 -13 -16 25 26 27 28 -20 -19
right_child=-2 -3 -4 21 -6 -7 -8 -9 -10 -11 14 12 -14 -15 23 -17 -18 19 24 20 -22 -23 -24 -25 -26 -27 -28 -29 -30 -31
leaf_value=0.076261791806456453 0.073588018207697087 -0.055640400038284812 0.073537692667587251 0.070445804309014912 -0.055222789394174937 0.073187066898326561 -0.055004782776533902 0.072990205974119496 -0.055228212719623693 0.072488343704724886 -0.048898151970474001 0.034079581517683262 -0.055827882859577384 0.082315209129355901 0.029821445125216634 0.020405592302845287 -0.057760095379226786 -0.007237703855125884 -0.019667875251155688 0.037604356530881206 0.0048543587105114297 0.019372593772320791 -0.010846762938036603 -0.028510173964869087 0.011914069522018665 -0.057932677286177417 0.028788684924685587 -0.056913883219050422 0.024222343740681603 0.035583761463192795
leaf_weight=221.67016728967428 1314.6567647606134 2190.7535209581256 896.89887127280235 508.52883216738701 735.30962783098221 545.20528723299503 715.29446990042925 407.87536332011223 912.96669483929873 327.24194920063019 955.07697839289904 242.36653755605221 367.16263601183891 254.36463887989521 246.42883036285639 1500.8712583854795 219.43896651268005 2407.4701685905457 2477.129238165915 449.25747192651033 1202.3415982425213 174.85496585071087 244.2810474857688 88.944223344326019 234.62777940928936 204.65128042548895 175.27420913428068 171.60729403793812 127.23690014332533 108.19237621873617
leaf_count=985 6123 23538 4154 2417 7826 2513 7774 1873 9869 1504 7802 1243 3402 1086 1400 8054 1638 14578 17079 2489 7233 750 1325 575 1529 1501 1100 1297 798 616
internal_value=-0.000263589 -0.00532614 0.00114005 -0.00290467 -0.0056113 -0.003112 -0.00607804 -0.00345589 -0.00588279 -0.00215573 -0.00426781 -0.00079662 -0.00251302 -0.000505514 -0.0325767 -0.00274494 -0.00696908 -0.00551359 -0.013962 0.00236136 0.0139355 0.0578457 0.0117637 0.0139738 -0.0176782 -0.019909 -0.0170855 -0.020075 -0.0174392 -0.00526246
internal_weight=20628 19313.3 17122.6 16225.7 15542.3 14807 14261.8 13546.5 13138.6 12225.6 11898.4 10607.9 10386.3 10019.1 1290.45 9764.75 8263.87 8044.44 3877.17 4167.26 1651.6 683.384 486.648 335.373 3390.53 3155.9 2951.25 2775.97 2604.37 2515.66
internal_count=144071 137948 114410 110256 107089 99263 96750 88976 87103 77234 75730 65953 64968 61566 9777 60480 52426 50788 25872 24916 9722 3167 2568 1975 23304 21775 20274 19174 17877 15194
is_linear=0
shrinkage=0.05


Tree=22
num_leaves=31
num_cat=0
split_feature=220 106 87 110 225 225 110 110 87 101 87 87 225 87 87 87 225 110 110 103 225 110 225 214 217 103 110 225 110 103
split_gain=544.377 447.172 725.327 452.182 839.901 800.143 720.78 637.578 585.139 974.378 455.419 456.836 434.056 375.009 471.211 585.395 337.322 334.302 310.536 252.462 246.861 234.794 180.039 226.491 176.718 158.048 144.155 139.437 243.124 130.817
threshold=3.2110658884048466 32.39740180969239 3.3944636583328252 0.039559902623295791 0.8213486671447755 0.9759359359741212 0.064173504710197463 0.024952211417257789 1.1314879059791567 inf 1.7388663887977602 2.5902485847473149 0.65769734978675853 3.9909090995788579 5.0259516239166269 5.9554655551910409 1.2206367254257204 0.017741427756845955 0.10078029707074167 3.345346331596375 1.0777410864830019 0.049354091286659248 1.6193273067474367 1.312497675418854 -0.52934783697128285 3.6802061796188359 0.051623929291963584 0.89761385321617138 0.03347855061292649 3.7942551374435429
decision_type=2 10 2 2 2 2 2 2 2 8 2 2 2 2 2 2 2 2 2 2 2 2 2 2 2 2 2 2 2 2
left_child=1 3 -3 4 7 25 19 12 9 -8 -10 -12 17 -4 -15 -16 -13 -1 29 20 21 -7 -20 -24 -17 -5 -27 28 -6 -18
right_child=-2 2 13 5 27 6 8 -9 10 -11 11 16 -14 14 15 24 18 -19 22 -21 -22 -23 23 -25 -26 26 -28 -29 -30 -31
leaf_value=0.01984991402731958 0.050553833543329312 0.090192866484542583 -0.057430215796663277 -0.043502542864971204 0.057171482502545425 0.029543016427970355 0.087167211327158156 -0.032651943813222471 -0.057936272303963379 -0.0023923155151328603 0.037938269241430823 -0.032465552203915067 0.051417913817820841 0.050940848541191422 -0.057264783508504613 0.025971890298039892 0.0085965687397984367 -0.033642400333583761 -0.029558976252056175 0.06388452962496638 0.040625009158533364 -0.029828236390898606 0.025320896515787589 -0.027622563534327512 -0.0032494190443379035 0.032497241272190558 -0.024866295970093454 0.062988804409640997 -0.0045040723343202551 0.054497668489426582
leaf_weight=689.95404431223869 504.84922251105309 281.53642699122429 196.60089212656021 1573.7297225669026 325.83797066658735 284.09671901166439 361.78445705771446 1214.6344387382269 605.17108168452978 1655.6688810512424 406.07187642902136 1964.2385847568512 535.31417921185493 613.85413642972708 343.99569066613913 1095.2083230167627 601.06091839075089 491.29230020195246 1077.1964886561036 364.12282124906778 565.78883443772793 374.14167279750109 442.41417516767979 355.00086662918329 969.05863444507122 111.87516059726477 1197.0433633551002 552.73849408328533 302.22299217432737 201.691661067307
leaf_count=4565 2306 1285 1569 15177 1705 1607 1661 11224 5362 10219 2313 16566 2987 3429 2995 6972 3678 4546 8191 1880 3043 3164 2466 2570 6984 595 9223 2704 2040 1079
internal_value=-0.000203238 -0.00152539 0.0146601 -0.00501795 0.00929693 -0.00986983 -0.00269505 -0.00507223 -0.00904929 0.0140189 -0.0172923 -0.0123146 0.0145192 0.00779443 0.012213 0.0021716 -0.0167831 -0.00249373 -0.00519967 0.0278587 0.0167109 -0.00414487 -0.0163233 0.00170083 0.0123046 -0.0328247 -0.0197541 0.0447097 0.0278877 0.0206579
internal_weight=20258.2 19753.3 3500.25 16253.1 4111.99 12141.1 9258.45 2931.19 7670.3 2017.45 5652.85 5047.67 1716.56 3218.72 3022.12 2408.26 4641.6 1181.25 2677.36 1588.15 1224.03 658.238 1874.61 797.415 2064.27 2882.65 1308.92 1180.8 628.061 802.753
internal_count=144105 141799 23234 118565 29771 88794 63799 23322 54105 11880 42225 36863 12098 21949 20380 16951 34550 9111 17984 9694 7814 4771 13227 5036 13956 24995 9818 6449 3745 4757
is_linear=0
shrinkage=0.05


Tree=23
num_leaves=31
num_cat=0
split_feature=108 108 108 218 108 108 108 108 108 108 109 108 108 86 102 86 86 86 86 86 86 86 86 86 86 86 86 86 86 86
split_gain=2810.35 2330.9 1824.86 953.275 722.738 1195.5 685.187 929.34 901.016 677.885 432.311 439.566 702.718 362.539 1091.05 850.632 1321.23 767.177 1079.97 343.679 1097.27 306.68 323.117 267.705 224.455 240.295 241.818 227.625 287.45 201.226
threshold=0.99704739451408397 0.99553072452545177 0.99409481883049022 3.2111083269119267 0.99269616603851329 0.99250110983848583 0.99106144905090343 0.98991972208023082 0.98781466484069835 0.98696711659431469 0.20024450123310092 0.98539230227470409 0.98500218987464916 1.1314879059791567 inf 1.7388663887977602 2.2629758119583134 2.9777327775955205 3.3944636583328252 3.9909090995788579 4.097701072692872 4.7165992259979257 5.1804971694946298 5.7524003982543954 6.1574394702911386 6.8143503665924081 7.1943318843841562 7.7707455158233651 8.195402145385744 8.8536138534545916
decision_type=2 2 2 2 2 2 2 2 2 2 8 2 2 2 8 2 2 2 2 2 2 2 2 2 2 2 2 2 2 2
left_child=1 2 3 4 5 6 7 8 9 10 -1 12 13 14 -12 -15 -17 -18 -19 -20 -21 -22 -23 -24 -25 -26 -27 -28 -29 -30
right_child=-2 -3 -4 -5 -6 -7 -8 -9 -10 -11 11 -13 -14 15 -16 16 17 18 19 20 21 22 23 24 25 26 27 28 29 -31
leaf_value=-0.056138424153852423 0.071521038616785326 -0.055228009479115658 0.071290391412042131 0.055024134924778693 -0.054801215894570966 0.070905155995246244 -0.054541867542718905 0.070887397053127563 -0.054787113645580365 0.070275588903152761 0.087840886582094213 -0.055414863205884506 0.079276473607497192 -0.058482850146166387 -0.0047454069587417333 0.09139707879987824 -0.058038127845350999 0.092297607215049551 -0.057877434398403371 0.096746285413216851 -0.056840079521554468 0.04079366860749209 -0.057235266118606756 0.034967667250556798 -0.058412572511247735 0.038811098230611026 -0.057855037374031797 0.04729301501283055 -0.0583739734646255 -0.006339029282986651
leaf_weight=374.28606446832418 1269.0295647084713 2052.3843102231622 867.72736443579197 672.68885976076126 695.2765447050333 517.81957460939884 674.43595108389854 399.86623229086399 858.04905917495489 305.62506671249866 418.20976749062538 365.36715813726187 260.0072312951088 709.83486296981573 1234.9155465587974 353.53921127319336 642.15874867886305 284.92360088229179 288.38077826797962 254.78891129791737 285.73318404704332 357.36335054039955 249.23862652480602 317.16738492250443 213.96873676776886 281.02513464540243 209.8134088665247 232.28975576162338 184.70696669816971 4185.3292635083199
leaf_count=3624 6140 23401 4184 3244 7839 2483 7807 1905 9857 1457 1768 3563 1139 5783 7113 1480 5346 1192 2265 1064 2364 1722 1969 1693 1556 1511 1581 1206 1316 26474
internal_value=-0.000190078 -0.00507994 0.00111451 -0.00277557 -0.00537588 -0.00296295 -0.00575554 -0.00323617 -0.00559301 -0.00203531 -0.00398209 -0.00221093 -0.000388967 -0.0023964 0.0190645 -0.00633317 -0.00183011 -0.00606594 -0.00144921 -0.0053579 -0.00303915 -0.00708284 -0.00471368 -0.00754711 -0.00524753 -0.00771213 -0.00547187 -0.00813308 -0.0057458 -0.00866663
internal_weight=20016 18746.9 16694.5 15826.8 15154.1 14458.8 13941 13266.6 12866.7 12008.7 11703 11328.8 10963.4 10703.4 1653.13 9050.26 8340.43 7986.89 7344.73 7059.81 6771.42 6516.64 6230.9 5873.54 5624.3 5307.13 5093.16 4812.14 4602.33 4370.04
internal_count=144046 137906 114505 110321 107077 99238 96755 88948 87043 77186 75729 72105 68542 67403 8881 58522 52739 51259 45913 44721 42456 41392 39028 37306 35337 33644 32088 30577 28996 27790
is_linear=0
shrinkage=0.05


Tree=24
num_leaves=31
num_cat=0
split_feature=108 108 108 218 108 108 108 108 108 108 109 108 108 86 102 86 86 86 86 86 86 86 86 86 225 214 219 93 104 108
split_gain=2611.63 2195.17 1708.54 904.527 681 1135.65 642.735 862.278 843.466 644.036 402.727 408.539 681.751 367.386 974.459 788.465 1190.46 714.067 982.05 321.804 963.245 288.903 275.534 256.606 221.147 161.963 134.522 125.664 110.56 90.1073
threshold=0.99704739451408397 0.99553072452545177 0.99409481883049022 3.2111083269119267 0.99269616603851329 0.99250110983848583 0.99106144905090343 0.98991972208023082 0.98781466484069835 0.98696711659431469 0.20024450123310092 0.98539230227470409 0.98500218987464916 1.1314879059791567 inf 1.7388663887977602 2.2629758119583134 2.9777327775955205 3.3944636583328252 3.9909090995788579 4.097701072692872 4.7165992259979257 5.1804971694946298 5.7524003982543954 1.1154015064239504 1.3974906206130984 1.7765967249870303 413.62873840332037 20.280096054077152 0.88962444663047802
decision_type=2 2 2 2 2 2 2 2 2 2 8 2 2 2 8 2 2 2 2 2 2 2 2 2 2 2 2 2 2 2
left_child=1 2 3 4 5 6 7 8 9 10 -1 12 13 14 -12 -15 -17 -18 -19 -20 -21 -22 -23 -24 29 26 -26 -5 -16 -25
right_child=-2 -3 -4 27 -6 -7 -8 -9 -10 -11 11 -13 -14 15 28 16 17 18 19 20 21 22 23 24 25 -27 -28 -29 -30 -31
leaf_value=-0.055588445752178264 0.070033123257782257 -0.054923166781650858 0.069811857262636015 0.067040450186370656 -0.054466629024715274 0.069517174499085926 -0.054230048272832565 0.069375807821979926 -0.054467636990017866 0.068704884643223538 0.084520235154550524 -0.054965512117986719 0.077469228419193292 -0.057953370065024684 -0.010200062511943768 0.08747916622901411 -0.057514356902563762 0.088583402843975367 -0.057472018832699014 0.091951147488207194 -0.056313719202780756 0.036523119639156297 -0.056740046932371592 0.0022597169844267204 0.0075108007171641889 -0.016117409268725222 0.049677331332708213 0.01590695596403319 0.029640256107146504 -0.019518680249978156
leaf_weight=359.1887167468667 1222.5341907292604 1966.8255923017859 841.64977799355984 483.53253205120564 666.9350042194128 508.36907115578651 644.51481901854277 384.24777141213417 819.06379074603319 301.03952659666538 411.35956825315952 349.22197891771793 261.49853357672691 684.16122534871101 1030.5739893987775 342.24846911430359 620.42221692949533 277.20329491794109 278.40775817632675 244.24363967776299 277.01237019896507 365.93008354306221 244.68333335220814 596.50811469554901 1824.1590191051364 679.01669065654278 201.88563508540392 168.78693729639053 199.24975942820311 2284.0734873563051
leaf_count=3639 6089 23449 4177 2475 7865 2503 7797 1881 9845 1478 1766 3561 1164 5801 6069 1448 5379 1171 2262 1027 2386 1740 2002 3502 10512 4209 1003 744 1010 16045
internal_value=-0.000418943 -0.00515704 0.000859797 -0.00292506 -0.00547051 -0.00313065 -0.00587918 -0.00344881 -0.00571373 -0.00229564 -0.00420717 -0.00250696 -0.000765067 -0.00277363 0.0188966 -0.00677743 -0.00246104 -0.00646641 -0.00203886 -0.00575095 -0.00352513 -0.00726383 -0.00498378 -0.00764696 -0.00539884 0.00486057 0.0119358 0.0542496 -0.00355833 -0.0150166
internal_weight=19538.5 18316 16349.2 15507.5 14855.2 14188.3 13679.9 13035.4 12651.2 11832.1 11531 11171.9 10822.6 10561.1 1641.18 8919.96 8235.79 7893.55 7273.12 6995.92 6717.51 6473.27 6196.26 5830.33 5585.64 2705.06 2026.04 652.319 1229.82 2880.58
internal_count=143999 137910 114461 110284 107065 99200 96697 88900 87019 77174 75696 72057 68496 67332 8845 58487 52686 51238 45859 44688 42426 41399 39013 37273 35271 15724 11515 3219 7079 19547
is_linear=0
shrinkage=0.05


Tree=25
num_leaves=31
num_cat=0
split_feature=218 109 86 102 86 86 86 86 86 86 86 86 86 110 225 225 110 110 225 225 110 110 225 225 110 84 110 225 93 85
split_gain=829.216 466.413 396.657 1091.84 1019.07 1295.9 950.423 1116.72 456.855 1132.71 398.016 319.411 375.547 316.389 759.288 752.378 571.906 564.799 474.793 315.948 313.28 288.724 234.755 219.841 162.198 171.147 162.079 134.121 134.004 131.539
threshold=3.2111083269119267 0.20024450123310092 1.1314879059791567 inf 1.7388663887977602 2.2629758119583134 2.9777327775955205 3.3944636583328252 3.9909090995788579 4.097701072692872 4.7165992259979257 5.1804971694946298 5.7524003982543954 0.039559902623295791 0.96481704711914074 0.8213486671447755 0.061560431495308883 0.027288263663649562 1.1865671277046206 0.6868899166584016 0.017741427756845955 0.086039882153272643 1.4985342025756838 1.0777410864830019 0.049354091286659248 108.72613906860353 0.12242737412452699 0.52052596211433422 413.62873840332037 15.077854633331301
decision_type=2 8 2 8 2 2 2 2 2 2 2 2 2 2 2 2 2 2 2 2 2 2 2 2 2 2 2 2 2 2
left_child=1 -1 3 -3 -4 -6 -7 -8 -9 -10 -11 -12 -13 15 -15 17 23 19 -18 20 27 -20 -23 24 -16 -26 -24 -14 -2 -5
right_child=28 2 4 29 5 6 7 8 9 10 11 12 13 14 16 -17 18 -19 21 -21 -22 22 26 -25 25 -27 -28 -29 -30 -31
leaf_value=-0.055020334748475092 0.065502795824215532 0.077728403783209818 -0.0568574782867904 0.021067133136847115 0.079618979321874908 -0.056430124035550491 0.079189920547419149 -0.056354715897618771 0.080881843393427688 -0.055390878985264992 0.033607519073265112 -0.055749648034963628 0.0037589974133455531 -0.038147459181924519 0.036928019362859187 0.0448884843549444 -0.028894017085038793 -0.038465469860064577 0.033450862220106625 0.044450384420483775 -0.027671654475244518 -0.018546046891135249 0.048435508043941117 0.053325385560724019 0.040197915987608565 -0.028222446586230028 0.002553178769587979 0.049646056733293774 0.01611304039202191 -0.012672241164263865
leaf_weight=399.96367240697145 516.52398896217346 569.85644716024399 844.05444534868002 387.02928540110588 475.8576423227787 788.3660446330905 417.91870069503784 377.54868932068348 396.61129666864872 354.48231046646833 577.63618668913841 332.59057959914207 416.43690331280231 1665.4092282727361 339.67906023561954 1055.2386029809713 1742.077984392643 840.39046932011843 635.52947603911161 496.93854524940252 614.94131164997816 1303.0459117889404 235.81605885922909 537.10088665783405 118.32808078080416 309.56874883174896 892.80835962295532 249.6683963239193 196.63072021305561 1051.9953418970108
leaf_count=4449 2782 2652 8236 2033 2188 7956 1943 3665 1843 3601 3170 3290 3206 16358 1986 6029 15080 8854 3610 2923 6018 9673 1283 2835 717 2811 5585 1416 898 7041
internal_value=-0.000225039 -0.00228497 -0.00108507 0.0198019 -0.00371531 -0.000723772 -0.00337726 -0.000331999 -0.00285207 -0.00127001 -0.00389352 -0.00237339 -0.00416389 -0.00261853 -0.0083264 0.00945843 -0.000154276 -0.00493679 -0.00812811 0.0110375 -0.00216776 0.00372188 -0.00415312 0.029077 0.0116419 -0.00881598 0.0124811 0.0214382 0.0522962 -0.00351519
internal_weight=19140 18426.9 18026.9 2008.88 16018 15174 14698.1 13909.8 13491.8 13114.3 12717.7 12363.2 11785.6 11453 7779.36 3673.61 6113.95 2618.38 4809.28 1777.99 1281.05 3067.2 2431.67 1304.68 767.576 427.897 1128.62 666.105 713.155 1439.02
internal_count=144131 140451 136002 11726 124276 116040 113852 105896 103953 100288 98445 94844 91674 88384 59938 28446 43580 22417 35231 13563 10640 20151 16541 8349 5514 3528 6868 4622 3680 9074
is_linear=0
shrinkage=0.05


Tree=26
num_leaves=31
num_cat=0
split_feature=108 108 108 218 108 108 108 108 108 108 213 108 108 225 110 104 104 110 110 225 104 110 110 225 110 104 225 110 104 106
split_gain=2359.27 2055.8 1522.71 741.919 645.543 1014.35 609.617 764.143 804.399 568.815 375.556 364.582 527.673 316.058 310.38 836.445 506.115 460.121 311.743 449.438 297.744 283.482 254.139 238.679 228.65 235.957 224.489 198.768 180.045 159.864
threshold=0.99704739451408397 0.99553072452545177 0.99409481883049022 3.2111083269119267 0.99269616603851329 0.99250110983848583 0.99106144905090343 0.98991972208023082 0.98781466484069835 0.98696711659431469 2.1005063056945805 0.98539230227470409 0.98500218987464916 1.3822439312934878 0.076244100928306593 4.420795440673829 6.1247837543487558 0.10078029707074167 0.051623929291963584 0.93167042732238781 11.647444725036623 0.15958477556705478 0.035482855513691909 1.1154015064239504 0.12242737412452699 8.5537762641906756 0.80671241879463207 0.020502080209553245 20.280096054077152 18.900977134704593
decision_type=2 2 2 2 2 2 2 2 2 2 2 2 2 2 2 2 2 2 2 2 2 2 2 2 2 2 2 2 2 10
left_child=1 2 3 4 5 6 7 8 9 10 11 12 13 14 15 18 -16 -18 19 22 -19 -22 26 -20 -15 -26 27 -1 -23 -12
right_child=-2 -3 -4 -5 -6 -7 -8 -9 -10 -11 29 -13 -14 24 16 -17 17 20 23 -21 21 28 -24 -25 25 -27 -28 -29 -30 -31
leaf_value=0.037853835273263275 0.068229672209145359 -0.054553019052560305 0.067997348704776861 0.050551810041769986 -0.054080348071458811 0.067568790056353759 -0.053790988121509412 0.067483899608083917 -0.054062204492868221 0.066856418070583082 -0.041312317717413193 -0.05426838456957022 0.074267101515189934 0.044825600873340046 -0.042671400219040576 0.060472588645583407 0.044000585475977953 -0.030034383958273216 -0.041344189598456649 0.04413750839906766 0.051137954940880227 -0.030917450363143213 -0.03595622307741906 0.0097206128489067834 -0.024097158232131575 0.018949691750719734 0.052390645092797006 -0.028692562073373801 0.027340712361138483 -0.010176409340184746
leaf_weight=152.61904131621122 1175.410845592618 1836.9712328836322 799.42037200927734 623.44410580396652 623.73154300451279 488.36500869691372 602.97765891999006 366.02375492453575 768.6103150434792 286.11454296112061 793.92137137055397 284.89085105806589 237.25453546643257 539.59656634181738 1138.3726569339633 569.32458048313856 430.01737760752439 1069.629680775106 766.81875064224005 560.7496395856142 267.07751984894276 366.39490466564894 514.30998229235411 319.71749333292246 426.52471818029881 1169.7940950840712 206.84920709580183 353.58927186578512 195.53372796624899 864.183554507792
leaf_count=795 6138 23339 4161 3231 7822 2525 7818 1877 9870 1469 7270 3073 1100 2663 9063 2857 2373 8108 6426 2725 1444 2542 3932 1709 2700 6344 1008 2456 1084 5985
internal_value=-5.07838e-05 -0.00464108 0.00119794 -0.0024083 -0.00474067 -0.00246306 -0.00509311 -0.00273082 -0.00487655 -0.00154892 -0.00335012 0.000465817 0.00220195 0.000232139 -0.00496623 0.00565868 -0.0155064 -0.00210101 -0.00536921 0.00746535 -0.0127183 0.0097156 -0.00951042 -0.0263666 0.0169968 0.00736948 0.00979772 -0.00828455 -0.0105218 -0.025243
internal_weight=18798.2 17622.8 15785.9 14986.4 14363 13739.3 13250.9 12647.9 12281.9 11513.3 11227.2 9569.06 9284.17 9046.92 6911 3443.98 3467.03 2328.65 2874.65 1788.12 1898.64 829.006 1227.37 1086.54 2135.92 1596.32 713.058 506.208 561.929 1658.1
internal_count=143907 137769 114430 110269 107038 99216 96691 88873 86996 77126 75657 62402 59329 58229 46522 21908 24614 15551 19051 10916 13178 5070 8191 8135 11707 9044 4259 3251 3626 13255
is_linear=0
shrinkage=0.05


Tree=27
num_leaves=31
num_cat=0
split_feature=108 108 108 218 108 108 108 108 108 108 109 108 108 86 102 86 86 86 86 86 86 86 86 86 108 86 86 86 86 86
split_gain=2209.3 1934.88 1435.53 730.231 607.375 973.331 572.972 722.938 749.943 541.281 352.091 366.702 564.514 314.315 813.318 706.721 1000.36 626.651 814.67 284.248 823.085 248.953 244.028 228.879 180.271 164.634 242.348 226.437 226.983 256.685
threshold=0.99704739451408397 0.99553072452545177 0.99409481883049022 3.2111083269119267 0.99269616603851329 0.99250110983848583 0.99106144905090343 0.98991972208023082 0.98781466484069835 0.98696711659431469 0.20024450123310092 0.98539230227470409 0.98500218987464916 1.1314879059791567 inf 1.7388663887977602 2.2629758119583134 2.9777327775955205 3.3944636583328252 3.9909090995788579 4.097701072692872 4.7165992259979257 5.1804971694946298 5.7524003982543954 0.98423999547958385 6.1574394702911386 6.8143503665924081 7.1943318843841562 7.7707455158233651 8.195402145385744
decision_type=2 2 2 2 2 2 2 2 2 2 8 2 2 2 8 2 2 2 2 2 2 2 2 2 2 2 2 2 2 2
left_child=1 2 3 4 5 6 7 8 9 10 -1 12 13 14 -12 -15 -17 -18 -19 -20 -21 -22 -23 -24 25 -25 -27 -28 -29 -30
right_child=-2 -3 -4 -5 -6 -7 -8 -9 -10 -11 11 -13 -14 15 -16 16 17 18 19 20 21 22 23 24 -26 26 27 28 29 -31
leaf_value=-0.054558231425259396 0.067050957125581942 -0.05428294990968581 0.06674810710325399 0.050375203010380877 -0.053791961888891619 0.06639488571060978 -0.053518629912046235 0.066223641155890328 -0.05377918575790528 0.065524502953684435 0.078898567281814908 -0.054150268447589148 0.072838497998439819 -0.056985937947858369 -0.0025457417793904626 0.08142257344951645 -0.056506146535707957 0.081995004590391871 -0.056361360005073691 0.084973576752646662 -0.055164189215574082 0.03419087312886146 -0.055677263179356645 0.030838328336323353 -0.056287238922793741 -0.057833040194824062 0.040480330154612047 -0.0572191891096041 0.046202127661972979 -0.0066150143890747557
leaf_weight=320.1902983263135 1133.312001183629 1757.5664758421481 776.41211372613907 613.63351957499981 598.18986481800675 481.10550202429295 578.54365429654717 355.84610925614834 733.26988878846169 279.77014350891113 398.19235897064209 318.62535440176725 245.92691059410572 623.47053594142199 1228.4848120138049 333.03199392557144 555.55403178185225 268.62360975146294 251.41454861313105 244.57225961983204 244.63654381781816 368.90967558324337 224.10109727084637 316.68934474885464 157.33925997465849 204.2622951194644 266.4148082062602 197.56456218659878 233.61668077111244 4131.3502103313804
leaf_count=3629 6106 23374 4175 3260 7840 2566 7839 1883 9854 1486 1782 3583 1162 5793 7129 1460 5292 1175 2231 1057 2318 1724 2004 1699 1240 1573 1414 1584 1210 26748
internal_value=-0.000267285 -0.00471157 0.000922701 -0.00257956 -0.00490838 -0.0027141 -0.00530475 -0.00303259 -0.00511442 -0.00194336 -0.0036961 -0.00214094 -0.000511781 -0.00234126 0.0177512 -0.00614838 -0.00211926 -0.00585035 -0.00181817 -0.00522418 -0.00319064 -0.00671742 -0.00468747 -0.00724515 -0.005177 -0.00357165 -0.00579358 -0.00347737 -0.00612706 -0.00368905
internal_weight=18440.6 17307.3 15549.7 14773.3 14159.7 13561.5 13080.4 12501.9 12146 11412.7 11133 10812.8 10494.2 10248.2 1626.68 8621.55 7998.08 7665.05 7109.49 6840.87 6589.46 6344.88 6100.25 5731.34 5507.24 5349.9 5033.21 4828.95 4562.53 4364.97
internal_count=144190 138084 114710 110535 107275 99435 96869 89030 87147 77293 75807 72178 68595 67433 8911 58522 52729 51269 45977 44802 42571 41514 39196 37472 35468 34228 32529 30956 29542 27958
is_linear=0
shrinkage=0.05


Tree=28
num_leaves=31
num_cat=0
split_feature=108 108 108 108 108 218 108 108 108 108 108 108 213 225 110 104 104 110 110 225 225 106 104 110 110 104 110 110 93 110
split_gain=2071.47 1847.66 1336.36 645.975 883.932 628.669 542.491 671.112 717.843 506.682 333.156 537.69 314.701 231.256 288.56 478.163 388.531 388.875 231.261 313.78 238.688 219.159 196.633 260.952 177.688 156.785 151.85 149.523 138.717 133.377
threshold=0.99704739451408397 0.99553072452545177 0.99409481883049022 0.99269616603851329 0.99250110983848583 3.2111083269119267 0.99106144905090343 0.98991972208023082 0.98781466484069835 0.98696711659431469 0.98539230227470409 0.98500218987464916 1.1633098125457766 1.4541449546813967 0.076244100928306593 4.2472503185272226 7.0134875774383554 0.10078029707074167 0.039559902623295791 1.0198564529418948 0.8213486671447755 15.44036912918091 11.647444725036623 0.15958477556705478 0.061560431495308883 20.280096054077152 0.12242737412452699 0.024952211417257789 413.62873840332037 0.12242737412452699
decision_type=2 2 2 2 2 2 2 2 2 2 2 2 2 2 2 2 2 2 2 2 2 10 2 2 2 2 2 2 2 2
left_child=1 2 3 4 5 6 7 8 9 10 11 12 13 14 15 18 -16 -18 20 -20 27 -14 29 -24 -21 -25 -15 -1 -7 -19
right_child=-2 -3 -4 -5 -6 28 -8 -9 -10 -11 -12 -13 21 26 16 -17 17 22 19 24 -22 -23 23 25 -26 -27 -28 -29 -30 -31
leaf_value=0.025840999426975111 0.06592991247578163 -0.05404074359226984 0.065656558951231028 -0.053974538645540499 0.065252055090306113 0.063150193150785475 -0.053248807941625946 0.064915051685663749 -0.05351461472366123 0.064374065734366409 -0.053784177191990613 0.071051556021022505 -0.031483797664638359 0.053064676448201654 -0.034606191246654143 0.051166112255670228 0.056742834878357309 0.0014552458294788784 -0.036505382415779768 0.037428430284004235 0.05171480946522055 -0.0054585907356966834 0.049031642301688147 -0.028660526517120893 -0.01881497823935252 0.024375563340718262 0.012045951008509734 -0.033158452342299062 0.0076386187755553992 -0.039973727334192806
leaf_weight=197.78138642758131 1100.0348329842091 1688.4462850354612 748.07511559128761 573.7006968781352 486.2095328271389 412.58310456573963 547.46584426239133 345.22901579737663 701.90488404780626 272.5595775693655 309.05522670596838 236.57040192186832 1379.6117894947529 275.57316613942385 1195.3333084583282 549.42436466366053 264.21911533176899 306.39465050399303 692.01107366383076 319.46406069397926 331.1035760641098 1948.4061169847846 269.97340483218431 374.63912949711084 236.49578866362572 209.29740422964096 1123.2455429881811 212.52979492396116 157.49964947998524 517.67302247881889
leaf_count=1057 6131 23466 4154 7840 2686 2370 7750 1895 9869 1496 3644 1150 11617 1304 9452 2816 1338 2035 5787 1632 1532 13364 1439 2626 1595 1153 6167 1643 722 4222
internal_value=-0.000234139 -0.00458176 0.000946331 -0.00244775 -0.000279463 -0.00270664 -0.00500734 -0.00281301 -0.00482678 -0.00173638 -0.00343938 -0.00192787 -0.00365408 0.00231326 -0.00218331 0.0103266 -0.0123067 0.00152466 -0.00115187 -0.014256 0.0208016 -0.0163092 -0.0074548 0.00931705 0.0135937 -0.00956072 0.0204461 -0.0047809 0.0482098 -0.0247374
internal_weight=17982.5 16882.5 15194 14446 13872.3 13386 12816 12268.5 11923.3 11221.4 10948.8 10639.7 10403.2 7075.16 5676.34 2538.81 3137.53 1942.2 1989.39 1247.97 741.415 3328.02 1677.98 853.91 555.96 583.937 1398.82 410.311 570.083 824.068
internal_count=143952 137821 114355 110201 102361 99675 96583 88833 86938 77069 75573 71929 70779 45798 38327 16062 22265 12813 13246 9014 4232 24981 11475 5218 3227 3779 7471 2700 3092 6257
is_linear=0
shrinkage=0.05


Tree=29
num_leaves=31
num_cat=0
split_feature=108 108 108 108 108 108 108 108 108 108 108 220 106 87 87 101 87 92 92 87 87 87 221 215 108 217 220 217 92 221
split_gain=1931.3 1752.27 1237.84 621.543 798.244 569.377 629.299 759.177 456.011 348.827 500.413 333.661 292.385 441.203 299.392 860.779 504.646 735.511 337.004 234.379 273.449 342.179 227.662 208.11 129.019 104.513 103.7 100.939 96.7205 80.2179
threshold=0.99704739451408397 0.99553072452545177 0.99409481883049022 0.99269616603851329 0.99250110983848583 0.99106144905090343 0.98991972208023082 0.98781466484069835 0.98696711659431469 0.98539230227470409 0.98500218987464916 3.2110658884048466 32.39740180969239 3.3944636583328252 1.1314879059791567 inf 1.7388663887977602 2.2629758119583134 2.9777327775955205 3.9909090995788579 5.0259516239166269 5.9554655551910409 -0.2281987518072128 1.4999985098838808 0.98423999547958385 -0.52934783697128285 1.4598081707954409 -0.70089927315711964 4.097701072692872 -1.0000000180025095e-35
decision_type=2 2 2 2 2 2 2 2 2 2 2 2 10 2 2 8 2 2 2 2 2 2 2 2 2 2 2 2 2 2
left_child=1 2 3 4 5 6 7 8 9 10 11 12 14 -14 15 -1 -16 -18 -19 -15 -21 -22 23 24 26 -23 28 -28 -20 -13
right_child=-2 -3 -4 -5 -6 -7 -8 -9 -10 -11 -12 29 13 19 16 -17 17 18 22 20 21 25 -24 -25 -26 -27 27 -29 -30 -31
leaf_value=0.085976617459066693 0.064877732917538414 -0.053796129292157761 0.06453971969483295 -0.053758146692399644 0.064112528077684222 -0.052976736736154842 0.063994339541717682 -0.053453301974868452 0.063393308632973835 -0.053586695993884076 0.069353897493467917 0.0021247131582273642 0.093481089466388542 -0.056294466223666274 -0.057447839836532733 -0.0035962312363610458 0.095261549222832101 -0.058086722085895694 0.03420784318153481 0.050047466496262842 -0.056620175011326712 0.027443617418519153 0.057550673464456276 -0.030096335054592069 -0.053927179449308506 -0.0034364670706290255 0.024364531831703572 -0.0083495430373014198 -0.0092114005132181397 0.053346245496995015
leaf_weight=303.24183988571167 1065.1489454880357 1602.4448888860643 720.62668173015118 551.31692009046674 457.81827609241009 522.89841475710273 360.42404779791832 671.17837902158499 274.36763456463814 293.58277621865273 249.50441728532314 99.728569731116295 153.26378580927849 123.46546382457018 552.3050908818841 1860.9847539514303 158.19522455334663 344.28340056538582 124.39830245822668 367.10392305999994 201.49364954978228 568.75585971027613 120.68190463632345 965.70789986476302 117.58734339475632 516.57599697262049 580.90774634480476 385.67315053939819 2942.1105259731412 329.72501604259014
leaf_count=1494 6142 23315 4153 7880 2619 7760 2045 9844 1558 3600 1262 485 699 958 5396 11602 748 3037 754 2013 1695 3366 664 7429 1052 3450 3376 2570 20996 1716
internal_value=-5.71579e-05 -0.00428055 0.00107077 -0.00219395 -7.28428e-05 -0.00234789 -0.000217474 -0.00214876 0.000854514 -0.000710454 0.000739516 -0.000905858 -0.00270885 0.0147994 -0.00671902 0.00929203 -0.0122324 -0.00778906 -0.010875 0.00752968 0.0126038 0.0016184 -0.00766655 -0.00931412 -0.00441816 0.0128487 -0.00284488 0.0113595 -0.00734456 0.0417705
internal_weight=17585.5 16520.4 14917.9 14197.3 13646 13188.1 12665.2 12304.8 11633.6 11359.3 11065.7 10816.2 10386.7 1930.66 8456.08 2164.23 6291.85 5739.55 5581.35 1777.39 1653.93 1286.83 5237.07 5116.38 4150.68 1085.33 4033.09 966.581 3066.51 429.454
internal_count=143678 137536 114221 110068 102188 99569 91809 89764 79920 78362 74762 73500 71299 12181 59118 13096 46022 40626 39878 11482 10524 8511 36841 36177 28748 6816 27696 5946 21750 2201
is_linear=0
shrinkage=0.05


Tree=30
num_leaves=31
num_cat=0
split_feature=108 108 108 108 108 218 108 108 108 108 218 217 106 108 108 109 101 220 106 87 87 104 110 104 110 93 104 110 110 104
split_gain=1814.6 1654.84 1173.9 589.293 770.162 561.744 492.973 588.922 649.598 441.777 318.154 249.995 229.152 212.184 243.996 204.384 188.54 171.276 191.911 250.853 124.785 122.656 194.24 297.269 152.386 111.884 110.244 204.882 106.093 189.246
threshold=0.99704739451408397 0.99553072452545177 0.99409481883049022 0.99269616603851329 0.99250110983848583 3.2111083269119267 0.99106144905090343 0.98991972208023082 0.98781466484069835 0.98696711659431469 1.1176651120185854 -0.70089927315711964 18.900977134704593 0.98539230227470409 0.98500218987464916 0.3329258412122727 260.50000000000006 3.2110658884048466 21.682895660400394 3.3944636583328252 5.0259516239166269 17.254394531250004 0.088595714420080199 5.6332216262817392 0.22519670426845553 413.62873840332037 8.5537762641906756 0.12242737412452699 0.051623929291963584 2.5004253387451176
decision_type=2 2 2 2 2 2 2 2 2 2 2 2 10 2 2 8 10 2 10 2 2 2 2 2 2 2 2 2 2 2
left_child=1 2 3 4 5 6 7 8 9 10 13 -12 -13 14 15 -1 17 18 21 -20 -14 22 23 28 -23 -7 -24 -28 29 -17
right_child=-2 -3 -4 -5 -6 25 -8 -9 -10 -11 11 12 20 -15 -16 16 -18 -19 19 -21 -22 24 26 -25 -26 -27 27 -29 -30 -31
leaf_value=0.064676053132906197 0.063962036762414951 -0.053562975899602516 0.063599579523734115 -0.053569726288560687 0.063173160319572194 0.061338492003535278 -0.052737678942449719 0.062824188797945171 -0.053023049470435894 0.062443795486227055 0.0022649863053814914 -0.037248177887164953 0.018230239115352705 -0.05174567425335902 0.066629690000809635 -0.0074293512846743091 0.065942885292456774 0.045487681291324175 0.091592668413829764 0.0092647592590834674 -0.016610663046242254 0.060238231857444549 -0.033985364382341447 0.054096760344908679 -0.00011071438102803457 0.0094765542466795066 0.034837601823999864 -0.020584520810595041 -0.018279630368972226 0.046527315090169115
leaf_weight=124.67961821705103 1025.4773408025503 1533.096067622304 699.71380977332592 529.18358000740409 452.09397159516811 383.34437298774719 501.52603396773338 324.29909648001194 640.89219123125076 252.73782116174698 1574.993822272867 1357.2511657178402 327.52636459469795 157.11581289768219 148.36487131565809 587.30553666502237 104.47480613738298 200.10720950365067 89.213354110717773 1435.4277148656547 1077.3575340919197 135.1530385017395 833.96580289304256 231.07136449217796 374.30728821456432 146.97392126917839 199.90034415572882 807.97719965875149 795.16727687418461 213.59470373392105
leaf_count=599 6118 23363 4172 7885 2680 2366 7784 1907 9861 1475 10700 12224 2038 2001 763 3963 516 952 397 9349 7851 685 6552 1216 2070 685 1079 5631 6043 1113
internal_value=-0.000214552 -0.00430416 0.000864066 -0.00231322 -0.000262347 -0.002511 -0.00466595 -0.00261339 -0.0044843 -0.00161791 -0.00317705 -0.0136288 -0.0226671 0.00387446 0.00534588 0.00375713 0.00238747 0.00115305 -0.000479438 0.0146476 -0.00841662 -0.00602081 -0.00921968 0.00233444 0.0167505 0.0474067 -0.0206323 -0.00935795 -0.00544964 0.00735685
internal_weight=17264.3 16238.8 14705.7 14006 13476.8 13024.7 12494.4 11992.9 11668.6 11027.7 10775 4337.13 2762.14 6437.83 6280.71 6132.35 6007.67 5903.19 5703.08 1524.64 1404.88 4178.44 3668.98 1827.14 509.46 530.318 1841.84 1007.88 1596.07 800.9
internal_count=144038 137920 114557 110385 102500 99820 96769 88985 87078 77217 75742 32813 22113 42929 40928 40165 39566 39050 38098 9746 9889 28352 25597 12335 2755 3051 13262 6710 11119 5076
is_linear=0
shrinkage=0.05


Tree=31
num_leaves=31
num_cat=0
split_feature=108 108 108 108 108 218 108 108 108 108 109 108 108 225 110 104 110 110 104 104 110 104 104 110 104 110 104 171 110 171
split_gain=1688.11 1571.11 1106.91 555.242 706.644 514.012 468.533 554.516 620.945 406.471 302.634 306.374 437.444 269.515 496.306 433.006 456.444 346.513 365.154 289.413 255.786 222.923 213.465 405.736 216.405 363.917 209.737 191.813 185.345 179.972
threshold=0.99704739451408397 0.99553072452545177 0.99409481883049022 0.99269616603851329 0.99250110983848583 3.2111083269119267 0.99106144905090343 0.98991972208023082 0.98781466484069835 0.98696711659431469 0.20024450123310092 0.98539230227470409 0.98500218987464916 1.0777410864830019 0.076244100928306593 6.1247837543487558 0.11091887950897218 0.039559902623295791 2.0950937271118169 9.5737462043762225 0.15958477556705478 3.9148437976837163 3.080655694007874 0.059776136651635177 7.0134875774383554 0.10078029707074167 17.254394531250004 0.23055555671453479 0.064173504710197463 0.28611111640930181
decision_type=2 2 2 2 2 2 2 2 2 2 8 2 2 2 2 2 2 2 2 2 2 2 2 2 2 2 2 2 2 2
left_child=1 2 3 4 5 6 7 8 9 10 -1 12 13 17 21 -16 -17 18 -12 29 -21 28 -19 -24 -25 -26 27 -22 -15 -18
right_child=-2 -3 -4 -5 -6 -7 -8 -9 -10 -11 11 -13 -14 14 15 16 19 22 -20 20 26 -23 23 24 25 -27 -28 -29 -30 -31
leaf_value=-0.053456008725188964 0.062999138756306042 -0.053343801816143288 0.062734095929690606 -0.053257855138791776 0.062201271898932743 0.045968584823785519 -0.052497517849696466 0.06200869122466366 -0.052786746012637324 0.06135355517741134 -0.002839976401484731 -0.052887515955488018 0.067462327710278991 0.039354158556541174 -0.024851962254426319 0.05248818883841723 -0.031916025799299377 -0.03987333584495565 0.065636867204479796 0.046555032629772605 -0.024080779881425714 0.065917409758895568 0.036069797835237179 -0.037975728551241671 0.053270386453604636 -0.020964705317501168 0.022645420087604631 0.041483421152059628 -0.019411562354537577 0.023210965293003344
leaf_weight=279.10991759598255 983.71825719624758 1464.127794124186 678.0570981502533 503.58543399721384 427.72132480144501 516.84916336834431 477.62327842414379 314.2253233268857 614.4396401271224 241.17732066661119 855.58164134249091 273.17586774751544 223.6678804308176 337.68256294727325 1375.6508684419096 488.88282003253698 780.16313420981169 926.4641324095428 241.74524555727839 405.988874129951 725.0476700887084 402.71977174282074 366.74444548040628 912.11667998880148 206.43851024657488 686.25801998004317 689.42266343161464 122.16214855015278 210.64137183129787 174.51751312613487
leaf_count=3630 6100 23375 4188 7863 2630 3055 7756 1907 9903 1466 5443 3599 1169 1642 10016 2580 6013 7944 1166 2272 5013 1971 2195 7874 1083 5291 3778 636 1357 983
internal_value=-0.000227755 -0.00417123 0.000841834 -0.00224696 -0.000273414 -0.00239993 -0.00446277 -0.00248474 -0.00429304 -0.00151999 -0.0029953 -0.00159169 -0.00015787 -0.0017508 0.00531298 -0.00129921 0.00831419 -0.0113595 0.0127022 0.000705491 0.0117724 0.038089 -0.0198956 -0.0112287 -0.0209857 -0.00339769 0.00234105 -0.0142532 0.0168357 -0.0217026
internal_weight=16905.7 15922 14457.9 13779.8 13276.2 12848.5 12331.6 11854 11539.8 10925.4 10684.2 10405.1 10131.9 9908.23 5712.88 4761.84 3386.18 4195.35 1097.33 2897.3 1942.62 951.044 3098.02 2171.56 1804.81 892.697 1536.63 847.21 548.324 954.681
internal_count=143898 137798 114423 110235 102372 99742 96687 88931 87024 77121 75655 72025 68426 67257 36261 31291 21275 30996 6609 18695 11699 4970 24387 16443 14248 6374 9427 5649 2999 6996
is_linear=0
shrinkage=0.05


Tree=32
num_leaves=31
num_cat=0
split_feature=108 108 108 108 108 108 108 108 218 108 218 108 108 104 110 104 110 110 104 104 70 106 110 104 110 93 104 70 110 70
split_gain=1592.36 1505.58 1026.06 535.198 667.735 493.476 511.375 643.7 379.72 385.709 279.892 283.287 372.187 262.967 493.726 565.154 486.15 321.503 421.388 276.088 272.153 204.817 194.726 202.675 161.684 131.994 129.24 132.333 128.148 115.735
threshold=0.99704739451408397 0.99553072452545177 0.99409481883049022 0.99269616603851329 0.99250110983848583 0.99106144905090343 0.98991972208023082 0.98781466484069835 3.2111083269119267 0.98696711659431469 2.7034981250762944 0.98539230227470409 0.98500218987464916 7.7294142246246347 0.083382975310087218 4.420795440673829 0.12242737412452699 0.051623929291963584 2.5004253387451176 13.737472057342531 41.500000000000007 18.900977134704593 0.03736854903399945 1.8112934827804568 0.18468129634857181 413.62873840332037 20.280096054077152 21.500000000000004 0.068895712494850173 45.500000000000007
decision_type=2 2 2 2 2 2 2 2 2 2 2 2 2 2 2 2 2 2 2 2 2 10 2 2 2 2 2 2 2 2
left_child=1 2 3 4 5 6 7 8 9 10 11 12 13 14 15 17 -15 18 22 20 -18 -12 23 -1 -21 -10 27 -26 -17 -30
right_child=-2 -3 -4 -5 -6 -7 -8 -9 25 -11 21 -13 -14 16 -16 28 19 -19 -20 24 -22 -23 -24 -25 26 -27 -28 -29 29 -31
leaf_value=-0.0049069652623378078 0.062213163803958228 -0.053135930687933187 0.061898884165672907 -0.052951065047802462 0.061409397243849945 -0.052282944139787561 0.061224101991265427 -0.052773212200586041 0.059925777991075603 0.060622178936239848 -0.040403922307189505 -0.052385020412880651 0.065786683211127947 0.049186979369397643 -0.026307889392191898 0.066245261698546026 -0.024444830943158042 -0.023402011116857895 0.048652197755433634 0.053393285793104484 0.039022019602367591 0.0082661218313885704 -0.03032288631717819 0.05276401863689284 -0.028856267167324329 0.0023288354735250742 0.026281459597189711 0.02699812789296499 0.010283468587600932 0.071952184661535454
leaf_weight=623.88714452087879 955.99597699940205 1404.2567582316697 648.73096694052219 486.54790689051151 417.31502443552017 462.34463668614626 319.73997074365616 580.89188336208463 343.52143616974354 236.60667963325977 764.43797311931849 240.43081867694855 209.85524335503578 666.26840072125196 2013.1525605618954 320.74250321835279 1087.9718027338386 1368.2087593860924 472.89345906674862 250.78982391953468 190.37117952108383 295.70820904150605 496.23840989172459 190.96570391952991 306.03614240139723 139.5746101886034 494.71678044646978 150.35110266506672 349.92720164358616 88.888136103749275
leaf_count=4013 6139 23484 4154 7951 2656 7857 2013 9770 2256 1484 7873 3320 1134 3569 15559 1551 8163 10795 2473 1309 977 1953 3898 949 2045 660 2549 786 2228 447
internal_value=-8.59913e-05 -0.00393593 0.000957595 -0.00199957 -6.5549e-05 -0.00213809 -0.000196832 -0.00189968 0.000759532 -0.00119518 -0.00263332 9.14399e-05 0.00150576 -5.21006e-05 -0.00625361 0.00410793 0.0116082 -0.00525469 0.00871608 0.00135643 -0.0147638 -0.0268779 -0.00594759 0.0090844 0.0184824 0.0436698 0.0088172 -0.0102714 0.0425266 0.0241002
internal_weight=16577.4 15621.4 14217.1 13568.4 13081.8 12664.5 12202.2 11882.4 11301.5 10818.4 10581.8 9521.7 9281.26 9071.41 5924.9 3911.75 3146.51 3152.19 1783.98 2480.24 1278.34 1060.15 1311.09 814.853 1201.89 483.096 951.104 456.387 759.558 438.815
internal_count=144015 137876 114392 110238 102287 99631 91774 89761 79991 77075 75591 65765 62445 61311 41913 26354 19398 22128 11333 15829 9140 9826 8860 4962 6689 2916 5380 2831 4226 2675
is_linear=0
shrinkage=0.05


Tree=33
num_leaves=31
num_cat=0
split_feature=218 109 225 214 219 109 109 109 186 220 102 219 214 219 220 221 222 222 214 106 219 109 214 221 222 222 222 106 225 103
split_gain=445.837 326.809 289.573 263.158 145.735 132.552 127.981 140.77 124.236 120.9 112.036 105.346 235.212 113.072 100.863 82.7218 73.6468 88.8994 59.0749 58.4657 57.8059 56.6242 53.6599 53.2489 84.3244 81.995 47.7317 66.1847 46.4121 41.2189
threshold=3.2111083269119267 0.20024450123310092 1.2034749388694765 1.2708840370178225 1.2790636420249941 0.99704739451408397 0.99553072452545177 0.99250110983848583 6.0273835659027108 3.2110658884048466 275.50000000000006 1.0136553049087527 1.0996854901313784 1.2586171030998232 3.2110658884048466 -1.4083606004714964 -0.69327703118324269 -0.91260111331939686 1.6782644391059878 21.682895660400394 2.243485808372498 0.45698006451129919 0.99998247623443615 -2.119005441665649 -0.80675432085990895 -1.0984957218170164 -1.1727779507637022 1.0000000180025095e-35 1.7079319953918459 7.5341084003448495
decision_type=2 8 2 2 2 10 10 10 2 2 10 2 2 2 2 2 2 2 2 10 2 8 2 2 2 2 2 10 2 2
left_child=1 -1 5 4 28 6 7 10 -2 15 11 23 13 -13 18 16 17 -5 20 22 -14 -17 -6 24 25 26 27 -3 -4 -23
right_child=8 2 3 9 19 -7 -8 -9 -10 -11 -12 12 14 -15 -16 21 -18 -19 -20 -21 -22 29 -24 -25 -26 -27 -28 -29 -30 -31
leaf_value=-0.052897671198129541 0.059040245323661193 -0.049690841082201398 0.0054796661870855747 0.014474899965396477 0.036633505683430719 0.052927536016781233 -0.050024237519327677 0.026746307563182765 0.0078512929917853545 0.049877551827832045 0.049485181041992045 0.00095901004876923447 -0.013111132567184975 0.022808859768907463 0.028761988451722609 -0.032377639249503702 0.044601022068800955 -0.040241120938089764 -0.032534284464841932 0.044713920753175318 0.018765915319972903 -0.015275300949272611 0.011180356403655641 -0.018515222332763689 0.052567689372055748 -0.042874060672846354 0.039603747214030614 -0.0020434906555135126 0.029989963845580739 0.0036368116988673505
leaf_weight=296.49467144161463 381.62355338782072 69.400851592421532 1545.4558483213186 257.53299538418651 365.11503034085035 85.839893892407417 153.9001005589962 318.64165615290403 174.87440244108438 86.174138411879539 78.560549549758434 1977.2297343686223 2630.1070626750588 835.79208171367645 135.00481081008911 297.79941690340638 110.26771750673652 92.748189870268106 371.7024128139019 472.51257428154349 141.74504458531737 763.02869402617216 491.88127121329308 2260.644013274461 49.716858126223087 140.31179894134402 51.221170458942652 900.95300487801433 212.11699787527323 454.09727470949292
leaf_count=4421 2693 835 12205 1967 2083 667 2737 3071 886 438 500 18722 25458 5693 652 2713 685 821 2901 2830 818 6173 3230 25046 335 1644 395 9089 1294 2865
internal_value=-0.000198329 -0.00177494 -0.000753644 0.00890243 0.0181179 -0.00563139 -0.00618013 -0.00545324 0.0433771 -0.00491755 -0.00654391 -0.00705536 -0.00308406 0.00750874 -0.0121679 -0.00754699 0.0108424 -0.000727734 -0.0140114 0.0305545 -0.0114194 -0.0131719 0.0223219 -0.0139936 -0.00547455 -0.00838554 -0.0032789 -0.00592339 0.00859068 -0.00824725
internal_weight=16202.5 15646 15349.5 5148.73 3087.08 10200.8 10114.9 9961.03 556.498 2061.65 9642.39 9563.83 6091.58 2813.02 3278.56 1975.47 460.549 350.281 3143.55 1329.51 2771.85 1514.93 856.996 3472.25 1211.6 1161.89 1021.58 970.354 1757.57 1217.13
internal_count=143867 140288 135867 37304 21642 98563 97896 95159 3579 15662 92088 91588 54244 24415 29829 15224 3473 2788 29177 8143 26276 11751 5313 37344 12298 11963 10319 9924 13499 9038
is_linear=0
shrinkage=0.05


Tree=34
num_leaves=31
num_cat=0
split_feature=108 108 108 108 108 108 108 108 108 218 109 108 108 225 214 108 108 108 108 108 108 108 108 93 219 214 68 218 219 220
split_gain=1487.47 1399.09 969.097 502.289 635.352 456.246 482.122 602.729 355.505 353.7 259.896 265.61 376.383 258.89 186.548 140.391 126.273 272.326 203.532 219.039 180.311 178.581 113.354 111.327 100.838 94.3778 93.4457 72.4845 65.718 56.5439
threshold=0.99704739451408397 0.99553072452545177 0.99409481883049022 0.99269616603851329 0.99250110983848583 0.99106144905090343 0.98991972208023082 0.98781466484069835 0.98696711659431469 3.2111083269119267 0.20024450123310092 0.98539230227470409 0.98500218987464916 1.2586827874183657 1.499991297721863 0.98423999547958385 0.98279201984405529 0.9813305437564851 0.98009857535362255 0.97871029376983654 0.97750329971313488 0.97574350237846386 0.9750477969646455 413.62873840332037 1.8590431213378908 1.1249926090240481 2.6951124668121342 1.8461244106292727 1.0136553049087527 3.2110658884048466
decision_type=2 2 2 2 2 2 2 2 2 2 8 2 2 2 2 2 2 2 2 2 2 2 2 2 2 2 10 2 2 2
left_child=1 2 3 4 5 6 7 8 9 10 -1 12 13 15 24 16 17 18 19 20 21 22 26 -11 25 28 29 -16 -15 -12
right_child=-2 -3 -4 -5 -6 -7 -8 -9 -10 23 11 -13 -14 14 27 -17 -18 -19 -20 -21 -22 -23 -24 -25 -26 -27 -28 -29 -30 -31
leaf_value=-0.0525626730420709 0.061368547642261052 -0.052897561958904264 0.061092715085694929 -0.052785181899593941 0.060623630678178143 -0.052012187864645169 0.060314367199236496 -0.052507097482920852 0.059782652174908184 0.058515494197052181 -0.002283816748777832 -0.05216355857058487 0.065074330347178119 0.005684457696284716 0.0011564492621950701 -0.054018879906540002 0.024281273566853431 -0.05750296762865216 0.037203199362875188 -0.056425454209114934 0.039793811378011495 -0.056199220788920069 0.032752443685892703 0.0041462547123497966 0.038441961112301443 -0.0041791958461544062 -0.014590953246864916 -0.027309098191798054 0.027587713944047465 0.029985226377089738
leaf_weight=245.60525688529015 915.06052609533072 1321.2706691995263 625.1803338304162 461.93433440476656 404.65017236024141 434.89411088824272 307.83582757413387 554.34335592761636 236.95632124692202 307.99152031540871 2191.1674488037825 242.41373599693179 205.88727663457394 576.0824576318264 593.68852480500937 149.63424662128091 306.98729858919978 256.80059121549129 252.88432102650404 212.77123827859759 198.73239549994469 172.6720360442996 173.75639065355062 136.04441802203655 424.69784078374505 635.32668023556471 2238.5118381977081 348.04964733496308 857.92256688326597 134.67816306650639
leaf_count=3592 6142 23387 4170 7924 2680 7812 2023 9837 1553 2176 15408 3511 1142 3573 3539 1467 2146 2181 1687 1890 1291 1485 1228 645 2239 4033 17047 2747 4688 662
internal_value=-0.000191228 -0.00393282 0.000760247 -0.00212756 -0.000259758 -0.00229442 -0.000444846 -0.00210017 0.000462364 -0.000885477 -0.00276557 -0.00151285 -0.000225151 -0.00167312 0.00934752 -0.00769952 -0.00648449 -0.00814275 -0.00577026 -0.00787805 -0.00575017 -0.00767039 -0.00578721 0.042316 0.0164891 0.0118204 -0.00732273 -0.00954031 0.0188888 -0.000294906
internal_weight=16124.4 15209.4 13888.1 13262.9 12801 12396.3 11961.4 11653.6 11099.3 10862.3 10418.3 10172.7 9930.25 9724.36 3435.77 6288.6 6138.96 5831.97 5575.17 5322.29 5109.52 4910.79 4738.11 444.036 2494.03 2069.33 4564.36 941.738 1434.01 2325.85
internal_count=143905 137763 114376 110206 102282 99602 91790 89767 79930 78377 75556 71964 68453 67311 20819 46492 45025 42879 40698 39011 37121 35830 34345 2821 14533 12294 33117 6286 8261 16070
is_linear=0
shrinkage=0.05


Tree=35
num_leaves=31
num_cat=0
split_feature=108 108 108 108 108 108 108 108 108 218 108 108 109 225 110 110 225 225 110 84 110 86 102 110 225 84 93 110 214 225
split_gain=1398.04 1341.43 898.071 476.62 596.569 437.037 458.248 576.85 331.084 332.498 251.776 367.044 241.15 235.247 457.377 284.644 305.725 231.832 187.565 178.769 196.825 144.05 221.856 138.557 191.318 134.401 108.906 100.38 95.1681 87.1533
threshold=0.99704739451408397 0.99553072452545177 0.99409481883049022 0.99269616603851329 0.99250110983848583 0.99106144905090343 0.98991972208023082 0.98781466484069835 0.98696711659431469 3.2111083269119267 0.98539230227470409 0.98500218987464916 0.20024450123310092 1.0657883286476137 0.076244100928306593 0.039559902623295791 0.89761385321617138 1.4541449546813967 0.14173142611980441 82.046710968017592 0.11091887950897218 1.1314879059791567 inf 0.027288263663649562 0.71249237656593334 50.390594482421882 413.62873840332037 0.017741427756845955 1.3636333942413332 0.93167042732238781
decision_type=2 2 2 2 2 2 2 2 2 2 2 2 8 2 2 2 2 2 2 2 2 2 8 2 2 2 2 2 2 2
left_child=1 2 3 4 5 6 7 8 9 10 11 12 -1 15 28 16 23 19 -19 20 -16 22 -17 24 27 -22 -11 -14 -15 -23
right_child=-2 -3 -4 -5 -6 -7 -8 -9 -10 26 -12 -13 13 14 17 21 -18 18 -20 -21 25 29 -24 -25 -26 -27 -28 -29 -30 -31
leaf_value=-0.052183911375636396 0.060641506668832092 -0.052713559205726325 0.060306197374080009 -0.052578727647239913 0.059900478767612987 -0.051804191059860498 0.059677656493390553 -0.052353225776449186 0.059038777325077743 0.057899126610098828 -0.051942565214037666 0.06384785057229779 0.030379646731930044 0.04308280322077488 0.018502044822719835 0.0695000271974308 0.062250481887513635 0.037116312673466767 0.0022230289225438939 -0.032742923733316047 -0.0041898230560718057 -0.036781355645672725 -0.011144186364626329 -0.021237293428483107 0.059984330274983948 -0.037481763243096246 0.0041288046636101111 -0.033227581572769498 0.0053858366237758398 -0.016633440130704596
leaf_weight=229.99697190895677 884.42392244189978 1267.4084784835577 597.16952692717314 437.99487182497978 391.15500989556313 416.23959505930543 300.42599737644196 529.71266415342689 227.0585557743907 300.42209946364164 241.39063973724842 201.79814670234919 90.653784111142159 801.22604847326875 683.30541187152267 94.673013627529144 218.91135270893574 520.93769376352429 1407.5747114121914 681.79036338999867 1060.5998637974262 899.10997975245118 451.04807102680206 460.09907443076372 155.99411277472973 416.21699574962258 137.50413917005062 153.02649295330048 214.89314597100019 1393.0318688265979
leaf_count=3508 6171 23507 4148 7864 2691 7821 2041 9848 1541 2207 3668 1158 466 4244 4424 453 974 2824 8381 5472 7370 8353 2881 3378 718 3589 653 1067 1232 11593
internal_value=-8.43974e-05 -0.00370741 0.000856725 -0.00189372 -0.000102723 -0.00205997 -0.000273689 -0.00188044 0.000586213 -0.000694485 -0.00251288 -0.00128553 -0.00267165 -0.00144552 0.00495713 -0.0108937 0.0108976 -0.00155361 0.0117914 -0.0106191 -0.00351751 -0.0191859 0.00384504 -0.00274294 0.0185462 -0.0137616 0.0414849 -0.0092997 0.0352407 -0.0246621
internal_weight=15865.8 14981.4 13714 13116.8 12678.8 12287.6 11871.4 11571 11041.3 10814.2 10376.3 10134.9 9933.09 9703.09 5786.54 3916.55 1078.68 4770.43 1928.51 2841.91 2160.12 2837.86 545.721 859.773 399.674 1476.82 437.926 243.68 1016.12 2292.14
internal_count=144245 138074 114567 110419 102555 99864 92043 90002 80154 78613 75753 72085 70927 67419 37536 29883 6603 32060 11205 20855 15383 23280 3334 5629 2251 10959 2860 1533 5476 19946
is_linear=0
shrinkage=0.05


Tree=36
num_leaves=31
num_cat=0
split_feature=108 108 108 108 108 108 108 108 108 218 108 108 106 87 87 101 87 92 87 87 87 92 87 87 87 87 220 87 87 87
split_gain=1312.47 1270.54 843.193 450.946 553.074 414.974 417.474 551.63 312.827 315.536 240.39 344.632 225.406 497.412 356.967 603.001 352.579 655.343 251.137 290.508 426.346 246.361 127.102 230.479 133.267 199.77 126.374 111.619 209.4 204.928
threshold=0.99704739451408397 0.99553072452545177 0.99409481883049022 0.99269616603851329 0.99250110983848583 0.99106144905090343 0.98991972208023082 0.98781466484069835 0.98696711659431469 3.2111083269119267 0.98539230227470409 0.98500218987464916 18.900977134704593 3.3944636583328252 1.1314879059791567 88.500000000000014 1.7388663887977602 2.2629758119583134 3.9909090995788579 5.0259516239166269 5.9554655551910409 2.9777327775955205 6.4756212234497079 6.9961686134338388 7.4832592010498056 7.9818181991577157 3.2110658884048466 8.6158175468444842 8.9331984519958514 10.051903247833254
decision_type=2 2 2 2 2 2 2 2 2 2 2 2 10 2 2 10 2 2 2 2 2 2 2 2 2 2 2 2 2 2
left_child=1 2 3 4 5 6 7 8 9 10 11 12 14 -14 15 26 -16 -18 -15 -20 -21 -19 -22 -24 -25 -26 -1 -27 -29 -30
right_child=-2 -3 -4 -5 -6 -7 -8 -9 -10 -11 -12 -13 13 18 16 -17 17 21 19 20 22 -23 23 24 25 27 -28 28 29 -31
leaf_value=-0.0045206323078335166 0.05998717047223473 -0.052537562442382106 0.059631555362939653 -0.052257146141722756 0.059162516770002838 -0.0515929923592 0.058806909762954385 -0.052135345427554394 0.058321818355733891 0.041017162752650903 -0.051657360324695645 0.062839858139493082 0.090750982169007829 -0.056672091834850405 -0.056521068992803826 0.087832328699816234 0.096808118040121641 -0.056973415963693388 0.043521565404531677 -0.056987495015708767 0.045608128824302152 -0.011268468886425612 -0.056072073419505902 0.04665564990545152 -0.05617755157664827 0.046640368408350771 0.037851818990156903 -0.056358812537549763 0.049594603742104136 0.0011452930434711348
leaf_weight=1829.968045823276 849.41021608561277 1205.7883564978838 573.30002500861883 418.56003747880459 371.74638184905052 397.00509136915207 281.93824243545532 508.47543918713927 220.15817807614803 427.11539276689291 231.46009007841349 195.98757176101208 161.16889305412769 155.75071595981717 483.60753132402897 203.84541323781013 124.89277014881372 316.12694793567061 443.91313793510199 280.32100765779614 186.7153433188796 3193.2150198668242 140.87045258283615 190.8264716938138 119.6122439801693 160.18281237781048 184.57670359313488 122.21462564170361 251.49940522760153 1322.8953159302473
leaf_count=11676 6157 23416 4141 7880 2659 7817 2001 9884 1552 2871 3674 1162 734 1280 5418 963 570 3123 2511 2516 1021 24305 1168 1122 957 969 945 965 1497 9187
internal_value=-7.32533e-05 -0.00358125 0.000827729 -0.00182472 -9.64235e-05 -0.0019591 -0.000237783 -0.001741 0.000645217 -0.000591765 -0.00235535 -0.00117181 -0.0025049 0.00759529 -0.00814445 0.0080012 -0.0168409 -0.01142 0.00336768 0.00643916 0.000372466 -0.0155358 0.00701929 0.00371434 0.00784016 0.00387642 -0.000470593 0.00802523 0.00412752 0.00914893
internal_weight=15553.1 14703.7 13497.9 12924.6 12506.1 12134.3 11737.3 11455.4 10946.9 10726.8 10299.7 10068.2 9872.2 3535.97 6336.23 2218.39 4117.84 3634.23 3374.8 3219.05 2775.14 3509.34 2494.82 2308.1 2167.23 1976.4 2014.54 1856.79 1696.61 1574.39
internal_count=144141 137984 114568 110427 102547 99888 92071 90070 80186 78634 75763 72089 70927 23927 47000 13584 33416 27998 23193 21913 19402 27428 16886 15865 14697 13575 12621 12618 11649 10684
is_linear=0
shrinkage=0.05


Tree=37
num_leaves=31
num_cat=0
split_feature=108 108 108 108 108 108 108 108 108 218 108 108 214 219 225 110 104 104 110 110 110 225 104 110 110 225 225 104 218 104
split_gain=1211.46 1203.16 800.204 430.976 530.323 393.609 400.091 519.559 296.381 293.182 234.889 336.473 222.346 329.256 211.563 307.424 540.144 309.259 524.607 214.797 199.321 371.166 179.752 241.841 169.406 170.285 162.963 152.623 138.144 128.228
threshold=0.99704739451408397 0.99553072452545177 0.99409481883049022 0.99269616603851329 0.99250110983848583 0.99106144905090343 0.98991972208023082 0.98781466484069835 0.98696711659431469 4.0554487705230722 0.98539230227470409 0.98500218987464916 1.499991297721863 1.7765967249870303 1.3260297775268557 0.064173504710197463 3.3379534482955937 5.1849939823150644 0.093985531479120268 0.11821050196886064 0.047857817262411124 0.88606876134872448 9.0464315414428729 0.13593370467424395 0.027288263663649562 0.73518776893615734 1.1024435162544253 7.7294142246246347 2.1179345846176152 6.7057862281799325
decision_type=2 2 2 2 2 2 2 2 2 2 2 2 2 2 2 2 2 2 2 2 2 2 2 2 2 2 2 2 2 2
left_child=1 2 3 4 5 6 7 8 9 10 11 12 13 14 15 16 20 -17 29 -16 21 24 -20 -24 25 -1 -22 -21 -14 -19
right_child=-2 -3 -4 -5 -6 -7 -8 -9 -10 -11 -12 -13 28 -15 19 17 -18 18 22 27 26 -23 23 -25 -26 -27 -28 -29 -30 -31
leaf_value=-0.0092599501022190885 0.059354397194894971 -0.052361268185682347 0.059017609417796435 -0.052054643509406008 0.058512870195758439 -0.051394006314783275 0.058253089196587532 -0.051885114266741805 0.057618219141304876 0.057240864608118718 -0.051795094798081767 0.061977825152975022 -0.0067990640911267334 0.027860492023007701 0.040443693353598667 -0.037409472810284332 0.057910211424271343 0.018179273189297959 -0.037126866057521461 -0.026962328471613606 -0.040238697512120523 0.043675641737633532 0.035486697303018892 -0.021226265819880741 -0.030354180013682078 0.070037162112063192 0.025429169664920443 0.013717996118293435 -0.0344265200292568 0.071039555392120007
leaf_weight=201.61781619116664 800.2680482417345 1147.7078816629946 554.88916455209255 402.7581536732614 364.03965670615435 379.36278088390827 274.74276936799288 484.31203915551305 212.70407454669476 204.1924515068531 220.25076228380203 199.56118813157082 1206.6895156539977 1030.9132904075086 503.70888291299343 1153.8386451788247 416.93349212035537 292.88651945069432 729.12875386700034 325.65239708870649 487.69394298642874 433.90144814178348 264.6549115255475 585.99654223397374 510.4767280779779 90.494660586118698 109.34782682731748 726.48076750338078 720.24456764012575 189.64782636612654
leaf_count=1289 6034 23373 4162 7935 2713 7821 2016 9885 1560 1541 3636 1230 7803 5958 2650 10378 2380 2069 6753 2234 4514 2408 1644 4695 4363 385 547 4325 6743 969
internal_value=-0.000136635 -0.00347594 0.000786057 -0.00179811 -0.000114197 -0.00194678 -0.000283376 -0.00175668 0.00053358 -0.000664644 -0.00185543 -0.000725175 -0.00203974 0.00161651 -0.0022703 -0.00690119 0.00725514 -0.0167987 -0.00514235 0.013941 -0.00451514 0.00695378 -0.019088 -0.0033744 -0.0131922 0.0168109 -0.0279909 0.000991467 -0.01725 0.0399752
internal_weight=15225.1 14424.8 13277.1 12722.2 12319.5 11955.4 11576.1 11301.3 10817 10604.3 10400.1 10179.9 9980.31 8053.37 7022.46 5466.62 2250.47 3216.15 2062.31 1555.84 1833.53 1236.49 1579.78 850.651 802.589 292.112 597.042 1052.13 1926.93 482.534
internal_count=144013 137979 114606 110444 102509 99796 91975 89959 80074 78514 76973 73337 72107 57561 51603 42394 15886 26508 16130 9209 13506 8445 13092 6339 6037 1674 5061 6559 14546 3038
is_linear=0
shrinkage=0.05


Tree=38
num_leaves=31
num_cat=0
split_feature=108 108 108 108 108 108 108 108 108 218 106 213 92 101 92 220 92 92 92 92 214 219 92 92 221 109 133 104 225 218
split_gain=1152.27 1145.31 752.776 404.43 497.409 374.759 374.475 497.356 282.413 271.368 235.294 223.047 210.214 177.592 151.097 140.535 113.867 142.663 112.977 163.488 104.011 233.865 103.848 155.619 85.6173 125.636 84.891 80.7985 67.9962 67.1633
threshold=0.99704739451408397 0.99553072452545177 0.99409481883049022 0.99269616603851329 0.99250110983848583 0.99106144905090343 0.98991972208023082 0.98781466484069835 0.98696711659431469 4.0554487705230722 21.682895660400394 1.5491844415664675 4.097701072692872 260.50000000000006 4.7165992259979257 3.2110658884048466 5.1804971694946298 5.7524003982543954 6.1574394702911386 6.8143503665924081 1.1818132996559145 1.34866338968277 7.1943318843841562 7.7707455158233651 -0.2281987518072128 0.3329258412122727 9.498601436614992 15.216999530792238 1.7079319953918459 2.9444000720977788
decision_type=2 2 2 2 2 2 2 2 2 2 10 2 2 10 2 2 2 2 2 2 2 2 2 2 2 10 2 2 2 2
left_child=1 2 3 4 5 6 7 8 9 10 11 13 -12 15 -14 20 -16 -18 -19 -20 21 28 -21 -24 25 -13 -25 -22 -1 -28
right_child=-2 -3 -4 -5 -6 -7 -8 -9 -10 -11 12 24 14 -15 16 -17 17 18 19 22 27 -23 23 26 -26 -27 29 -29 -30 -31
leaf_value=-0.0096983385134814699 0.058755526405246283 -0.052197957541866659 0.058415656441088259 -0.051805219506494742 0.057921060217244927 -0.051200838015977281 0.057598610704279213 -0.051752752643602941 0.057006914284142784 0.056586154418868967 0.04937035820148223 -0.053291982803876418 -0.055378232576607789 0.059138304634152372 0.047902221862680484 0.034497890995894197 -0.052941577419224332 0.048932239033954911 -0.054660816199136035 0.046951751015280777 -0.02080612043354476 0.021164576851774811 -0.054755200477288726 0.018354364958456885 0.017546723991639406 -0.017845038537331423 -0.004612824545569277 0.0032001244914511211 0.028617079876053515 0.042509098472862661
leaf_weight=2573.6847316883504 778.59904792904854 1095.992480494082 533.22109192609787 380.27081713825464 348.5650934651494 362.64094944298267 263.102304674685 464.51807697862387 207.07738164812326 193.39109091460705 288.1331890784204 376.42659745365381 89.308158159255981 103.64070786908269 153.61624694615602 217.93912690132856 92.674572616815567 142.5733707100153 101.44324097409844 144.64928967878222 1438.8982651382685 912.31789814308286 95.574320994317532 967.69322250410914 96.930287953466177 757.87390644848347 1126.761746224016 459.14759081974626 111.70119464024901 71.018169097602367
leaf_count=20790 6115 23398 4166 7863 2698 7824 2007 9921 1579 1518 1713 4923 647 550 926 1131 877 873 902 890 10882 5328 806 6535 931 6361 8235 2699 574 422
internal_value=-7.0163e-05 -0.00334143 0.00079072 -0.00170387 -9.59757e-05 -0.00185546 -0.000249308 -0.00166004 0.000556275 -0.0006085 -0.00173382 -0.00687602 0.00932588 -0.00276541 0.00530899 -0.00398964 0.00736461 0.00492808 0.00714353 0.00458218 -0.00557578 -0.000569406 0.00729627 0.00456376 -0.0261192 -0.0299713 0.0074215 -0.0150125 -0.00800431 -0.00149007
internal_weight=14949.4 14170.8 13074.8 12541.6 12161.3 11812.7 11450.1 11187 10722.5 10515.4 10322 7048.56 3273.45 5817.33 2985.31 5713.69 2896 2742.39 2649.71 2507.14 5495.75 3597.7 2405.7 2261.05 1231.23 1134.3 2165.47 1898.05 2685.39 1197.78
internal_count=144084 137969 114571 110405 102542 99844 92020 90013 80092 78513 76995 54169 22826 41954 21113 41404 20466 19540 18663 17790 40273 26692 16888 15998 12215 11284 15192 13581 21364 8657
is_linear=0
shrinkage=0.05


Tree=39
num_leaves=31
num_cat=0
split_feature=108 108 108 108 108 108 108 108 108 218 108 108 108 108 108 108 108 108 108 215 225 109 219 104 108 217 108 225 221 84
split_gain=1081.42 1090.92 702.212 389.087 464.634 358.343 349.986 467.642 262.396 255.398 224.935 298.792 210.079 204.857 432.316 262.589 360.073 276.552 297.627 187.4 166.824 130.343 108.489 103.287 94.0391 93.0676 69.7535 61.1573 59.4829 44.4384
threshold=0.99704739451408397 0.99553072452545177 0.99409481883049022 0.99269616603851329 0.99250110983848583 0.99106144905090343 0.98991972208023082 0.98781466484069835 0.98696711659431469 4.0554487705230722 0.98539230227470409 0.98500218987464916 0.98423999547958385 0.98279201984405529 0.9813305437564851 0.98009857535362255 0.97871029376983654 0.97750329971313488 0.97574350237846386 1.2772036790847781 1.7079319953918459 0.41813735663890844 1.34866338968277 7.7294142246246347 0.9750477969646455 -0.44059970974922175 0.90297409892082225 1.0310544967651369 -0.2281987518072128 108.72613906860353
decision_type=2 2 2 2 2 2 2 2 2 2 2 2 2 2 2 2 2 2 2 2 2 8 2 2 2 2 2 2 2 2
left_child=1 2 3 4 5 6 7 8 9 10 11 12 13 14 15 16 17 18 19 20 22 25 24 -23 26 -21 29 -28 -27 -1
right_child=-2 -3 -4 -5 -6 -7 -8 -9 -10 -11 -12 -13 -14 -15 -16 -17 -18 -19 -20 21 -22 23 -24 -25 -26 28 27 -29 -30 -31
leaf_value=0.001466528021644908 0.058205123989988478 -0.052043851165935656 0.057851272939534217 -0.051705702487164544 0.057289912973956782 -0.051008003358227132 0.056980401763651545 -0.051556420070119513 0.056363131267959124 0.055945883076677687 -0.051546412127643451 0.060588881893652108 -0.054497039681788595 0.03343573705300816 -0.058402872513163409 0.041152682419716619 -0.057624632872825744 0.045967555483132014 -0.057593822437705805 -0.0029810535081989595 0.033291130649436874 -0.01430467564358317 0.013906087765738682 0.0065823048934531142 0.035002956762604676 -0.050483755674964548 -0.020389401912634556 -0.0023752068885541503 0.0049061035739624724 0.03083415555347141
leaf_weight=637.37940717115998 748.1419785246253 1043.0607503131032 509.21885248273611 364.28721302375197 334.51334270089865 346.17055088281631 252.57803006470203 436.44345177710056 197.44509632140398 187.12897101044655 209.79834128171206 186.80149866640568 174.40874890983105 412.27807686850429 319.68286519870162 359.83027162402868 270.1965298242867 304.88039691001177 222.11957067623734 215.81089627370238 491.24844033643603 1246.0719798468053 1446.0814193561673 1110.9536814019084 145.24595907703042 363.81707845255733 820.41775627061725 1096.0539188235998 53.760939095169306 151.79737064614892
leaf_count=4573 6117 23315 4137 7872 2702 7824 2005 9761 1566 1532 3646 1209 1793 2804 2807 2328 2464 1898 1972 1545 2510 9145 9104 7125 1016 4283 7086 8005 525 928
internal_value=5.16891e-05 -0.00311575 0.000888115 -0.00150412 6.25728e-05 -0.00162714 -7.22944e-05 -0.00142555 0.000680574 -0.000426951 -0.00151085 -0.000413823 -0.00163198 -0.000622937 -0.00217453 -9.98593e-05 -0.00187667 4.01734e-06 -0.00180269 -0.000137665 0.0059916 -0.00993905 0.00280055 -0.00447365 -0.00286151 -0.0298918 -0.00501558 -0.0101527 -0.0434046 0.0074305
internal_weight=14657.6 13909.5 12866.4 12357.2 11992.9 11658.4 11312.2 11059.7 10623.2 10425.8 10238.6 10028.8 9842.04 9667.63 9255.35 8935.67 8575.84 8305.64 8000.76 7778.64 4788.22 2990.41 4296.98 2357.03 2850.89 633.389 2705.65 1916.47 417.578 789.177
internal_count=143597 137480 114165 110028 102156 99454 91630 89625 79864 78298 76766 73120 71911 70118 67314 64507 62179 59715 57817 55845 33222 22623 30712 16270 21608 6353 20592 15091 4808 5501
is_linear=0
shrinkage=0.05


Tree=40
num_leaves=31
num_cat=0
split_feature=108 108 108 108 108 108 108 108 108 218 108 108 214 219 214 225 110 110 225 104 110 219 109 104 220 110 104 110 110 106
split_gain=1020.34 1037.65 678.968 365.771 434.565 336.801 332.111 445.074 246.245 248.62 211.799 278.417 201.215 289.673 154.999 145.67 316.592 228.617 245.108 182.615 287.146 142.415 136.854 130.652 110.991 101.314 99.7187 90.634 88.8093 88.0662
threshold=0.99704739451408397 0.99553072452545177 0.99409481883049022 0.99269616603851329 0.99250110983848583 0.99106144905090343 0.98991972208023082 0.98781466484069835 0.98696711659431469 4.0554487705230722 0.98539230227470409 0.98500218987464916 1.499991297721863 1.34866338968277 1.1249926090240481 1.0310544967651369 0.068895712494850173 0.039559902623295791 0.80671241879463207 4.9783272743225107 0.11091887950897218 2.243485808372498 0.41813735663890844 10.169554233551027 3.2110658884048466 0.15299198776483539 3.2093122005462651 0.024952211417257789 0.051623929291963584 40.134532928466804
decision_type=2 2 2 2 2 2 2 2 2 2 2 2 2 2 2 2 2 2 2 2 2 2 8 2 2 2 2 2 2 10
left_child=1 2 3 4 5 6 7 8 9 10 11 12 13 15 -15 17 26 18 27 -18 -21 29 -14 -22 -24 -25 28 -1 -17 -16
right_child=-2 -3 -4 -5 -6 -7 -8 -9 -10 -11 -12 -13 22 14 21 16 19 -19 -20 20 23 -23 24 25 -26 -27 -28 -29 -30 -31
leaf_value=0.01095904898682108 0.057692639678293182 -0.051889916689927353 0.057359792013151369 -0.051456987560917017 0.056790886799062516 -0.050813096390518765 0.056446998823775921 -0.05135663775636759 0.055729829374769294 0.055505930502655912 -0.051201741489838276 0.05974228894175343 -0.038834400724185224 0.027863711924397516 -0.0081350061518723742 0.050460150589615116 -0.027533031752673333 -0.025256169788132395 0.041487932688800529 0.03368606041600998 -0.024880802294875631 0.037398974591391812 -0.013231626043449808 0.044763576604204811 0.030710146927473949 -0.004224959635657187 0.060659105489954547 -0.03751745152107331 -0.01002372418703529 0.028018239981825222
leaf_weight=158.60097592696548 716.56007122993469 999.91844192147255 498.77191904187202 346.99144582822919 316.56052783131599 328.80035419389606 242.80392483621836 420.40850286185741 188.12835113704205 184.17990317940712 200.82350047305226 177.8286569789052 489.20116131007671 1237.028226532042 1104.7968474924564 91.898216262459755 655.83465496450663 1565.9140881672502 309.85438122600317 527.9289180226624 666.4273341037333 257.04510166123509 1245.5871886909008 129.19035143405199 152.72396614402533 430.71760065853596 244.23276320844889 222.33592668548226 143.58039677515626 188.50168639421463
leaf_count=958 6096 23465 4216 7864 2649 7785 2003 9852 1555 1562 3649 1190 5210 7049 7975 405 5429 14665 1625 3393 5524 1434 8591 753 791 2926 1236 1999 997 1155
internal_value=-5.23641e-05 -0.00310659 0.00076398 -0.00158952 -9.10575e-05 -0.00169585 -0.000214567 -0.00151625 0.000512304 -0.000540711 -0.0016061 -0.000559871 -0.00171137 0.00178466 0.0147377 -0.00524573 0.00219005 -0.0147352 0.00913418 -0.00523663 0.00320774 0.00415293 -0.0163384 -0.0100793 -0.00824831 0.00766553 0.0388471 -0.0175705 0.0146748 -0.00269103
internal_weight=14443.2 13726.6 12726.7 12227.9 11880.9 11564.4 11235.6 10992.8 10572.4 10384.2 10200.1 9999.23 9821.4 7933.89 2787.37 5146.52 2889.81 2256.71 690.791 2410.1 1754.26 1550.34 1887.51 1226.34 1398.31 559.908 479.711 380.937 235.479 1293.3
internal_count=144001 137905 114440 110224 102360 99711 91926 89923 80071 78516 76954 73305 72115 57523 17613 39910 20663 19247 4582 18025 12596 10564 14592 9203 9382 3679 2638 2957 1402 9130
is_linear=0
shrinkage=0.05


Tree=41
num_leaves=31
num_cat=0
split_feature=86 86 86 86 86 86 86 86 86 86 86 86 86 86 86 86 86 86 86 86 86 86 86 72 110 225 225 110 110 225
split_gain=216.37 838.464 872.193 748.319 749.183 694.883 378.171 729.289 293.542 178.243 276.928 205.147 307.37 216.996 269.478 220.251 253.169 178.63 246.226 265.715 203.567 200.588 200.847 132.086 124.869 364.112 311.802 246.834 235.05 156.132
threshold=1.1314879059791567 1.7388663887977602 2.2629758119583134 2.9777327775955205 3.3944636583328252 1.0000000180025095e-35 3.9909090995788579 4.097701072692872 4.7165992259979257 5.1804971694946298 5.7524003982543954 6.1574394702911386 6.8143503665924081 7.1943318843841562 7.7707455158233651 8.195402145385744 8.8536138534545916 9.145454406738283 9.8946361541748065 10.223968029022219 10.809091091156008 11.277260780334474 11.883658409118654 4.5000000000000009 0.03736854903399945 0.96481704711914074 0.79115372896194469 0.051623929291963584 0.024952211417257789 1.2586827874183657
decision_type=2 2 2 2 2 2 2 2 2 2 2 2 2 2 2 2 2 2 2 2 2 2 2 2 2 2 2 2 2 2
left_child=5 -2 -3 -4 -5 -1 -6 -8 -9 -10 -11 23 -13 -14 -15 -16 -17 -18 -19 -20 -21 -22 -23 -12 26 -26 28 -27 -24 -29
right_child=1 2 3 4 6 -7 7 8 9 10 11 12 13 14 15 16 17 18 19 20 21 22 24 -25 25 27 -28 29 -30 -31
leaf_value=-0.0016477464868090497 -0.056177429229646927 0.069907757280164948 -0.055370851864987372 0.070302279228774606 -0.056187417729563364 0.068754881224641323 0.072507147876038111 -0.05352602703539986 0.02726104289156786 -0.053816621673139199 0.017313404940353244 -0.056769531144825337 0.034993520117142976 -0.055942709249606121 0.037583919765261625 -0.0565080679902802 0.035564185910582975 -0.056273514919250138 0.045686522325322464 -0.054721658865313993 0.042561580550103208 -0.056336043441168743 0.0097036191699243629 0.084236136159379624 -0.036816135180242002 0.037900495509821205 0.038984212244895289 -0.017793944247201338 -0.03589939762960271 0.0078042727854201396
leaf_weight=1411.8342833314091 674.64221930131316 428.84454356133938 609.28871354833245 367.97392944991589 295.3420044798404 456.03510221093893 327.86505129188299 261.05558011122048 525.73915556818247 244.73730117827654 357.9937276430428 244.96109563671052 387.94847123138607 222.005405344069 338.58909492753446 205.38499500788748 301.214684298262 201.53625066578388 275.73490528389812 179.10720763914287 232.07431352138519 167.05694298259914 840.70326767489314 85.687935940921307 813.03571227751672 381.04963010922074 563.20482667163014 1177.9610813371837 413.41376395151019 1186.2925373669714
leaf_count=10509 8931 2676 8519 2305 3941 2845 2031 3752 3520 3443 2829 3097 2911 2863 2533 2438 2478 2381 2181 2243 1960 2033 10462 479 12468 2866 4866 13701 7145 9386
internal_value=5.51069e-06 -0.00240423 0.000759094 -0.00194691 0.00117388 0.0158155 -0.00137897 0.000305311 -0.00223174 -0.000743203 -0.00244151 -0.000914238 -0.00273671 -0.000988598 -0.00289436 -0.00120127 -0.0031455 -0.00143617 -0.00322167 -0.00141794 -0.00367238 -0.00199721 -0.00393618 0.03181 -0.00220619 -0.00764567 0.00842793 0.00109558 -0.00549427 -0.00497096
internal_weight=14178.3 12310.4 11635.8 11207 10597.7 1867.87 10229.7 9934.35 9606.49 9345.43 8819.69 8574.96 8131.27 7886.31 7498.36 7276.36 6937.77 6732.39 6431.17 6229.63 5953.9 5774.79 5542.72 443.682 5375.66 3558.34 1817.32 2745.3 1254.12 2364.25
internal_count=143792 130438 121507 118831 110312 13354 108007 104066 102035 98283 94763 91320 88012 84915 82004 79141 76608 74170 71692 69311 67130 64887 62927 3308 60894 38421 22473 25953 17607 23087
is_linear=0
shrinkage=0.05


Tree=42
num_leaves=31
num_cat=0
split_feature=108 108 108 108 108 108 108 108 108 218 108 108 214 219 104 220 108 222 222 222 222 222 222 87 87 222 109 214 219 106
split_gain=928.208 974.421 610.755 343.066 397.952 315.015 307.685 419.114 225.702 215.592 200.183 267.437 195.035 302.69 140.196 130.07 121.833 94.9093 216.195 73.1298 553.623 116.675 600.351 110.157 99.4484 95.8344 69.6588 62.9417 90.9325 61.9945
threshold=0.99704739451408397 0.99553072452545177 0.99409481883049022 0.99269616603851329 0.99250110983848583 0.99106144905090343 0.98991972208023082 0.98781466484069835 0.98696711659431469 4.0554487705230722 0.98539230227470409 0.98500218987464916 1.2499945759773257 1.34866338968277 7.7294142246246347 3.2110658884048466 0.98423999547958385 -1.3862461447715757 -1.409932494163513 -1.1046233177185056 -1.0984957218170164 -0.69327703118324269 -0.69266802072525013 3.9909090995788579 5.9554655551910409 -0.56684672832489003 0.41813735663890844 1.6782644391059878 2.4465355873107915 13.488429546356203
decision_type=2 2 2 2 2 2 2 2 2 2 2 2 2 2 2 2 2 2 2 2 2 2 2 2 2 2 8 2 2 10
left_child=1 2 3 4 5 6 7 8 9 10 11 12 13 16 27 26 17 18 -1 24 -21 23 -23 -22 -19 -24 -16 28 -14 -15
right_child=-2 -3 -4 -5 -6 -7 -8 -9 -10 -11 -12 -13 14 29 15 -17 -18 19 -20 20 21 22 25 -25 -26 -27 -28 -29 -30 -31
leaf_value=0.0031568614182503154 0.057009385314413831 -0.051712625690842597 0.056615854514336483 -0.051228377863497113 0.056050277076076155 -0.050558069714818799 0.055693971382105467 -0.051149962263809606 0.054977843627151163 0.054452358445646769 -0.05073060612771832 0.059044184432460969 -0.01877115145868483 0.013067107837072418 -0.025393898349193245 0.051375238811823376 -0.052063952155228979 -0.055037161571089413 0.073271291480516698 0.096544925535336834 -0.054514262363724565 0.092884527883589571 -0.041613492429120928 -0.011902113971022581 -0.01047883890476313 -0.0030896932770409502 0.0010760061627785266 -0.035831841351589781 0.028167982606470816 0.032236551666399334
leaf_weight=1068.2055757641792 670.72282143682241 937.71870483644307 462.94862147420645 324.65634572133422 299.57205904275179 306.89690738916397 232.58336352556944 394.93361139670014 178.06898678839207 166.67679297178984 190.44206699728966 176.53187565505505 1152.6242987439036 1004.9164202772081 301.54667130857706 102.66715664416552 113.27948335558176 144.34678918495774 112.69841508939862 125.63339851051569 174.93875816091895 152.02451761066914 191.48819169402122 899.68698298558593 705.0433123037219 821.88032439723611 1225.5419122762978 495.61283980309963 104.39688822254539 748.68765118345618
leaf_count=7939 6075 23422 4178 7844 2671 7763 2046 9909 1564 1524 3702 1239 9540 6220 3499 585 1291 1426 634 606 1827 728 1700 7052 5574 6522 8072 4023 635 4314
internal_value=6.00096e-05 -0.00284909 0.000891259 -0.00131943 0.000121447 -0.00141069 7.18488e-06 -0.00124806 0.000702319 -0.000300203 -0.00126511 -0.000255361 -0.00140072 0.00382409 -0.0110577 -0.000483994 -0.00303849 -0.00165985 0.0104072 -0.00611069 -0.00156571 -0.00747296 0.00348368 -0.0192776 -0.0186035 -0.0107047 -0.00428208 -0.0208316 -0.0146813 0.0213877
internal_weight=13987 13316.2 12378.5 11915.6 11590.9 11291.4 10984.5 10751.9 10356.9 10178.9 10012.2 9821.75 9645.22 6262.83 3382.39 1629.76 4509.23 4395.95 1180.9 3215.04 2365.65 2240.02 1165.39 1074.63 849.39 1013.37 1527.09 1752.63 1257.02 1753.6
internal_count=144124 138049 114627 110449 102605 99934 92171 90125 80216 78652 77128 73426 72187 45833 26354 12156 35299 34008 8573 25435 18435 17829 8950 8879 7000 8222 11571 14198 10175 10534
is_linear=0
shrinkage=0.05


Tree=43
num_leaves=31
num_cat=0
split_feature=108 108 108 108 108 108 108 108 108 218 106 87 87 101 87 92 92 87 214 87 87 219 220 87 87 214 104 213 87 73
split_gain=896.661 918.212 575.483 326.808 375.783 299.209 285.716 393.18 215.372 205.824 196.245 280.388 204.78 534.375 431.702 513.346 293.94 196.439 181.228 178.074 271.524 176.548 94.9875 70.1584 136.412 68.4495 72.9842 64.2129 60.8638 83.3159
threshold=0.99704739451408397 0.99553072452545177 0.99409481883049022 0.99269616603851329 0.99250110983848583 0.99106144905090343 0.98991972208023082 0.98781466484069835 0.98696711659431469 4.0554487705230722 34.013944625854499 3.3944636583328252 1.1314879059791567 inf 1.7388663887977602 2.2629758119583134 2.9777327775955205 3.9909090995788579 1.1999874114990237 5.0259516239166269 5.9554655551910409 1.1885207891464236 3.2110658884048466 6.4756212234497079 6.9961686134338388 2.117630243301392 26.488859176635746 2.4496207237243657 7.4832592010498056 6.5000000000000009
decision_type=2 2 2 2 2 2 2 2 2 2 10 2 2 8 2 2 2 2 2 2 2 2 2 2 2 2 2 2 2 2
left_child=1 2 3 4 5 6 7 8 9 10 12 -12 13 -1 -14 -16 -17 -13 21 -19 -21 -18 25 -22 -25 26 -15 -20 -26 -30
right_child=-2 -3 -4 -5 -6 -7 -8 -9 -10 -11 11 17 14 22 15 16 18 19 27 20 23 -23 -24 24 28 -27 -28 -29 29 -31
leaf_value=0.077731367320168221 0.05659876007763031 -0.051568146715768384 0.056208684176966499 -0.051071104553389896 0.055556312967910373 -0.050385676619875724 0.055093655655949196 -0.050997494839352765 0.054483570943978203 0.054003481112383935 0.07902641202632088 -0.054608099600399897 -0.056267063819226859 -0.0039282909885931302 0.087036518862939241 -0.056366708842576822 -0.0072973485483821933 0.042867668949701239 -0.014257553119609918 -0.054545481646586694 0.045140520481746542 0.016043836104319475 0.033952929001060582 -0.052202520348469818 0.044672649764077019 -0.035504724336368712 0.033834558186589786 -0.040772868234218607 -0.0061925107820929408 0.03217778423529951
leaf_weight=236.89596012607217 655.33894373103976 892.4081346411258 439.77546403557062 312.35036943107843 286.26881735771894 294.43858399800956 219.31390725821257 373.85251439362764 171.7951599881053 160.73298169672489 141.24765825271606 107.5905106253922 444.2101164907217 1524.7516568265855 135.87058912217617 287.31813723221421 2197.0045482497662 355.18098230659962 1361.2503242492676 165.75112916901708 135.2266028560698 1270.0570903122425 173.83810471743345 76.765705581754446 123.92659049481153 145.33097837120295 129.59187893941998 271.23913233540952 398.60201776027679 207.22190628200769
leaf_count=1329 6167 23395 4112 7896 2662 7804 2015 9815 1567 1524 728 1003 5677 10472 681 3242 18600 2036 11022 1734 785 8289 944 709 733 873 648 2986 2983 1301
internal_value=-2.05501e-05 -0.00290725 0.000707101 -0.0014239 -1.94633e-05 -0.00150028 -0.000124 -0.00131784 0.000547289 -0.000427981 -0.00136637 0.0139806 -0.00459162 0.00838247 -0.00940374 -0.0055395 -0.00803145 0.00766653 -0.00520317 0.012587 0.00257906 0.00127457 -0.000291938 0.0131007 0.00724164 -0.00376913 -0.000784647 -0.0188845 0.014116 0.00724143
internal_weight=13695.1 13039.8 12147.4 11707.6 11395.3 11109 10814.6 10595.3 10221.4 10049.6 9888.87 1711.51 8177.36 2210.41 5966.95 5522.74 5386.87 1570.27 5099.55 1462.67 1107.49 3467.06 1973.51 941.743 806.516 1799.67 1654.34 1632.49 729.751 605.824
internal_count=143732 137565 114170 110058 102162 99500 91696 89681 79866 78299 76775 12012 64763 14266 50497 44820 44139 11284 40897 10281 8245 26889 12937 6511 5726 11993 11120 14008 5017 4284
is_linear=0
shrinkage=0.05


Tree=44
num_leaves=31
num_cat=0
split_feature=108 108 108 108 108 108 108 108 108 108 108 108 104 110 104 110 225 225 110 110 225 104 110 104 104 104 110 110 225 225
split_gain=825.435 873.902 552.922 309.779 359.82 284.978 269.528 372.408 205.5 191.33 241.229 191.788 164.279 387.866 513.152 318.494 367.128 299.761 273.386 267.444 216.536 197.791 173.663 228.171 155.616 132.001 129.831 126.196 138.899 121.352
threshold=0.99704739451408397 0.99553072452545177 0.99409481883049022 0.99269616603851329 0.99250110983848583 0.99106144905090343 0.98991972208023082 0.98781466484069835 0.98696711659431469 0.98539230227470409 0.98500218987464916 0.98423999547958385 12.574269294738771 0.10078029707074167 5.4011600017547616 0.064173504710197463 0.98696541786193859 1.2206367254257204 0.16676595062017444 0.03736854903399945 1.3260297775268557 1.9969738721847536 0.15958477556705478 6.399564504623414 3.6143331527709965 20.280096054077152 0.086039882153272643 0.027288263663649562 0.6868899166584016 1.1713590025901797
decision_type=2 2 2 2 2 2 2 2 2 2 2 2 2 2 2 2 2 2 2 2 2 2 2 2 2 2 2 2 2 2
left_child=1 2 3 4 5 6 7 8 9 10 11 12 13 14 15 16 19 -17 -14 21 -15 27 23 -22 -21 -20 -16 28 -1 -28
right_child=-2 -3 -4 -5 -6 -7 -8 -9 -10 -11 -12 -13 18 20 26 17 -18 -19 25 24 22 -23 -24 -25 -26 -27 29 -29 -30 -31
leaf_value=-0.0084574559446376676 0.056123968056940969 -0.051439202263914643 0.055754899757030567 -0.050837458965595696 0.055121090000686504 -0.050212731927126365 0.054635197244440381 -0.050782028703994009 0.054022900092140086 -0.05050594822488607 0.05798770694216298 -0.053478979422341845 0.05522522269920406 -0.032607122632723529 0.054199899848031911 -0.037750231108415175 0.033359111803729809 0.0097112501727356568 -0.009398054816701874 -0.035961006548946704 -0.019940837524370966 0.05929460927478461 -0.025336147039706602 0.031115336090366031 0.02013029672873419 0.021959305420454382 -0.0043387691180530284 -0.021941172286600717 0.049742825149270371 0.045590963265983116
leaf_weight=206.61906359344721 613.12623573467135 851.66695289686322 429.20498410239816 298.41848702169955 278.03157711029053 282.14830937050283 209.81304209679365 357.0830077752471 166.10402546823025 177.42231598496437 169.1086171977222 158.32187154144049 321.85199296474457 1289.3925321511924 528.65332075580955 939.76129960641265 914.34829611703753 506.74020935967565 749.5620557628572 680.94114669039845 370.96247329562902 175.29591075703502 587.79801950603724 506.08799688145518 143.78127805143595 591.9479755461216 270.8351237885654 315.30761953443289 188.76037946715951 208.69644622132182
leaf_count=1373 6034 23383 4193 7910 2691 7838 2003 9836 1576 3640 1256 1814 1913 12466 3142 9365 5295 3058 5626 6713 2671 959 4292 3317 984 3741 2164 2496 981 1199
internal_value=-8.01848e-05 -0.00279826 0.000687179 -0.00139773 -4.77465e-05 -0.0014887 -0.00016257 -0.00130573 0.000479928 -0.000462316 0.000491841 -0.00057409 0.000363164 -0.00267133 0.00552091 -0.00241258 0.00796509 -0.0211709 0.0145853 -0.00572265 -0.0177459 0.0132863 -0.00453223 0.00953896 -0.0260581 0.00449864 0.0372693 0.00127271 0.0198699 0.0178785
internal_weight=13487.8 12874.7 12023 11593.8 11295.4 11017.3 10735.2 10525.4 10168.3 10002.2 9824.77 9655.67 9497.34 7833.98 5079.74 4071.56 2625.05 1446.5 1663.36 1710.71 2754.24 885.983 1464.85 877.05 824.722 1341.51 1008.18 710.687 395.379 479.532
internal_count=143929 137895 114512 110319 102409 99718 91880 89877 80041 78465 74825 73569 71755 60475 37729 31224 18801 12423 11280 13506 22746 5809 10280 5988 7697 9367 6505 4850 2354 3363
is_linear=0
shrinkage=0.05


Tree=45
num_leaves=31
num_cat=0
split_feature=218 214 219 218 220 93 110 104 104 110 225 110 225 225 110 110 225 110 106 225 104 110 110 104 110 110 110 225 104 110
split_gain=219.895 175.121 322.309 131.678 119.279 116.053 110.999 297.16 182.222 178.296 287.646 218.106 183.13 181.51 157.529 148.962 106.321 98.9951 98.6437 93.302 79.9114 131.326 106.381 182.29 78.6876 77.5078 72.5111 102.139 82.6125 93.8436
threshold=3.2111083269119267 1.1666578650474551 1.2222142815589907 2.478689551353455 3.2110658884048466 413.62873840332037 0.086039882153272643 4.420795440673829 8.1207995414733904 0.051623929291963584 0.90886104106903087 0.035482855513691909 0.79115372896194469 1.0657883286476137 0.12242737412452699 0.024952211417257789 0.65769734978675853 0.017741427756845955 24.204336166381839 1.3010663986206057 10.840722084045412 0.19550065696239474 0.10078029707074167 4.9783272743225107 0.068895712494850173 0.11091887950897218 0.064173504710197463 1.4157783389091494 4.420795440673829 0.088595714420080199
decision_type=2 2 2 2 2 2 2 2 2 2 2 2 2 2 2 2 2 2 10 2 2 2 2 2 2 2 2 2 2 2
left_child=1 2 6 4 20 -2 7 9 19 10 11 12 15 -11 -10 16 17 -1 -5 -8 22 -22 23 -3 -15 -21 -4 28 -28 -30
right_child=5 3 26 18 -6 -7 8 -9 14 13 -12 -13 -14 24 -16 -17 -18 -19 -20 25 21 -23 -24 -25 -26 -27 27 -29 29 -31
leaf_value=0.014321714619895535 0.054331139429339009 -0.012908676304745521 0.031816518124729652 -0.037422818007800139 0.03476585505833376 -1.9566031543566935e-05 -0.038782207812485807 0.038582830911827043 0.042642382367196918 -0.039132304671503595 0.035968427762049941 -0.033905115441079318 0.040029953835198605 0.022628241182210435 -0.0076255216502838915 -0.031405081894195212 0.038983671893983746 -0.028702506432302079 -0.0014586779549374228 0.018928411108247035 0.02802761697461267 -0.0088966063557583512 -0.025271870702795671 0.023887275494396194 -0.018271142118736046 -0.0250005823447737 -0.027167222593725657 0.027870293866280555 0.039201376332339423 -0.0015103125735700159
leaf_weight=314.64458432421088 266.07409325242043 1440.8005533609539 741.87204957194626 605.85568969137967 170.35393323749304 152.44354813545942 637.52335922606289 468.66373270191252 192.47295472212136 576.12236960604787 534.8579531237483 481.79379993863404 282.36010526865721 234.28034229204059 668.0771630294621 340.36767880059779 193.30848455242813 217.49819143302739 277.37234354950488 156.2514112573117 378.66260111890733 624.33978104963899 899.4932246543467 428.51142671518028 216.97098229266703 245.55578462965786 185.21928846649826 631.76498151756823 184.16083837486804 519.8275908883661
leaf_count=4325 2800 17829 5948 8495 958 877 8929 3854 1334 10080 5181 8679 2853 2033 6251 6721 2110 4216 2619 1292 2639 4496 9695 3323 2846 2607 1980 3850 1275 4273
internal_value=-0.000239667 -0.00141367 0.00311262 -0.00893081 -0.00498909 0.0349956 -0.00317294 0.00170016 -0.0130329 -0.00349394 0.00407128 -0.00539632 0.00496639 -0.0207791 0.00397822 -0.0046085 0.00822 -0.00346828 -0.0262713 -0.0270216 -0.00687181 0.00518243 -0.0112414 -0.00439154 0.0029932 -0.00787303 0.0190579 0.0126676 0.00167659 0.0095396
internal_weight=13267.5 12849 8023.59 4825.39 3942.16 418.518 5760.75 3860.87 1899.88 3392.2 2364.83 1829.97 1348.18 1027.37 860.55 1065.82 725.451 532.143 883.228 1039.33 3771.81 1003 2768.81 1869.31 451.251 401.807 2262.84 1520.97 889.208 703.988
internal_count=144368 140691 90637 50054 38940 3677 73311 52898 20413 49044 34085 28904 20225 14959 7585 17372 10651 8541 11114 12828 37982 7135 30847 21152 4879 3899 17326 11378 7528 5548
is_linear=0
shrinkage=0.05


Tree=46
num_leaves=31
num_cat=0
split_feature=108 108 108 108 108 108 108 108 108 218 106 87 87 101 87 92 92 87 87 87 214 92 226 87 87 87 87 87 87 87
split_gain=773.515 818.339 509.888 287.711 328.908 264.747 246.504 350.689 191.092 180.77 195.22 329.773 245.438 484.489 348.54 484.119 237.824 225.978 204.948 370.823 158.443 101.784 106.58 92.6535 191.163 93.7366 176.045 90.8777 176.725 158.76
threshold=0.99704739451408397 0.99553072452545177 0.99409481883049022 0.99269616603851329 0.99250110983848583 0.99106144905090343 0.98991972208023082 0.98781466484069835 0.98696711659431469 4.0554487705230722 21.682895660400394 3.3944636583328252 1.1314879059791567 inf 1.7388663887977602 2.2629758119583134 2.9777327775955205 3.9909090995788579 5.0259516239166269 5.9554655551910409 1.6782644391059878 4.097701072692872 0.66769623756408703 6.4756212234497079 6.9961686134338388 7.4832592010498056 7.9818181991577157 8.6158175468444842 8.9331984519958514 10.051903247833254
decision_type=2 2 2 2 2 2 2 2 2 2 10 2 2 8 2 2 2 2 2 2 2 2 10 2 2 2 2 2 2 2
left_child=1 2 3 4 5 6 7 8 9 10 12 -12 13 -1 -14 -16 -17 -13 -19 -20 21 -18 -23 -21 -25 -26 -27 -28 -29 -30
right_child=-2 -3 -4 -5 -6 -7 -8 -9 -10 -11 11 17 14 -15 15 16 20 18 19 23 -22 22 -24 24 25 26 27 28 29 -31
leaf_value=0.07547509935487938 0.055687890323922198 -0.051280061628476009 0.055240970060761896 -0.050615896868744362 0.054578758652176623 -0.049970658904457073 0.05408726513824829 -0.050606413786501207 0.053445047198743892 0.053013481089003403 0.07760843379413962 -0.055564484941679398 -0.0558238214151493 -0.00056221745186989442 0.083786563596463373 -0.055823249884362672 0.030904064294627106 0.039314089208757133 -0.055681908650201097 0.041357024706696492 -0.044212187100162545 -0.028303199690397914 -0.0031471987180604665 -0.053982173658852384 0.042098658882178043 -0.054252841811617561 0.04538598871801857 -0.054517115103027397 0.046463441345058643 0.0023061308003283296
leaf_weight=224.62430119141936 583.28094844147563 802.05144667252898 402.27227100729942 278.98340082168579 258.57437580451369 263.85871226713061 195.23485160991549 337.80486604012549 157.35836441814899 145.70372220873833 156.17519293725491 135.72935759834945 417.29803601466119 1954.5151409171522 128.02657241374254 271.41570406407118 176.58548430353403 437.92944795638323 236.36319149471819 191.97867986559868 269.82608385197818 490.22554017230868 2682.2927827835083 115.68752800673246 190.17034242674708 103.89863090217113 154.13048630207777 101.41975630447268 244.92467024549842 1015.9525889530778
leaf_count=1329 6032 23430 4149 7835 2635 7818 1955 9893 1570 1517 831 1318 5647 12924 662 3265 1221 2602 2537 1131 2834 4547 21833 1139 1148 1006 962 912 1519 7654
internal_value=-0.000100709 -0.00273773 0.000619692 -0.00136547 -7.82844e-05 -0.00143628 -0.000174484 -0.00125029 0.000465489 -0.000434698 -0.00129139 0.00907868 -0.00613316 0.00758463 -0.0128743 -0.00828657 -0.0115236 0.00517194 0.00831182 0.00240368 -0.00805655 -0.00502066 -0.00711109 0.00911656 0.00570622 0.00979578 0.00576957 0.0102105 0.00592902 0.0111818
internal_weight=13124.3 12541 11739 11336.7 11057.7 10799.1 10535.3 10340 10002.2 9844.87 9699.17 3084.36 6614.81 2179.14 4435.67 4018.37 3890.35 2928.18 2792.46 2354.53 3618.93 3349.1 3172.52 2118.16 1926.18 1810.5 1620.33 1516.43 1362.3 1260.88
internal_count=143855 137823 114393 110244 102409 99774 91956 90001 80108 78538 77021 22759 54262 14253 40009 34362 33700 21928 20610 18008 30435 27601 26380 15471 14340 13201 12053 11047 10085 9173
is_linear=0
shrinkage=0.05


Tree=47
num_leaves=31
num_cat=0
split_feature=218 109 225 110 110 104 104 110 104 110 110 225 110 104 104 110 104 110 110 225 70 104 104 225 70 110 110 225 110 93
split_gain=199.353 193.683 175.838 385.311 367.052 410.996 307.035 292.166 250.146 323.537 240.096 282.561 239.856 203.909 191.914 257.555 178.514 166.689 165.329 160.06 140.818 131.683 131.398 131.069 124.915 118.224 116.077 102.643 111.269 95.9345
threshold=3.2111083269119267 0.20024450123310092 1.1287437081336977 0.083382975310087218 0.051623929291963584 2.6092916727066044 5.8648414611816415 0.12242737412452699 3.7626260519027714 0.068895712494850173 0.03736854903399945 0.79115372896194469 0.024952211417257789 10.169554233551027 6.7057862281799325 0.093985531479120268 4.0782964229583749 0.19550065696239474 0.064173504710197463 0.93167042732238781 65.500000000000014 20.280096054077152 11.647444725036623 0.65769734978675853 39.500000000000007 0.14173142611980441 0.017741427756845955 1.4541449546813967 0.12242737412452699 413.62873840332037
decision_type=2 8 2 2 2 2 2 2 2 2 2 2 2 2 2 2 2 2 2 2 2 2 2 2 2 2 2 2 2 2
left_child=1 -1 4 16 5 10 27 -8 -6 -10 11 12 23 20 -11 -16 18 -15 -4 -12 -9 24 -17 26 -19 -24 -3 -5 -29 -2
right_child=29 2 3 6 8 -7 7 13 9 14 19 -13 -14 17 15 22 -18 21 -20 -21 -22 -23 25 -25 -26 -27 -28 28 -30 -31
leaf_value=-0.050268547657816333 0.053527267058925222 0.013927285158255531 0.040641483446095361 -0.035602739157956198 -0.038687710801764197 0.043171580913289084 0.034903627269608543 -0.026323162932730161 0.032081926778289929 -0.03658211557701696 -0.04160873052318384 0.032305962348036302 -0.035136216519560302 0.031366158546687603 0.046232562482895916 -0.032340445678930928 0.054343893788812159 -0.027198850676057401 -0.0085520942897457427 0.0019168355040893347 0.032750589162903403 0.018402322521054313 0.046186482325936015 0.03719384561155234 0.027041174344227783 -0.010636311640339844 -0.03016935434556043 0.019226783339150365 -0.034877065730094935 0.0027372427775965609
leaf_weight=188.82311709970236 239.89439369365573 354.90040078759193 310.47430442273617 677.67656560987234 993.77295459061861 586.94472412951291 711.54247884452343 840.86488972790539 392.69067953340709 758.98969849571586 518.28124529309571 707.99971257895231 465.24762585945427 562.86579687707126 197.90328364633024 506.333391379565 487.73066396266222 516.21996152959764 359.6281611006707 350.51622180826962 105.8330450784415 456.3120287694037 114.66997128725052 270.32792263664305 124.38979010842741 335.32302251458168 242.76162346079946 222.65421702712774 150.7300653103739 149.85060228407383
leaf_count=4470 2738 4645 2183 8842 16886 4663 5247 8927 3127 10366 10117 6845 9217 4086 1217 5862 3314 4466 3645 3640 710 2897 674 2779 819 2904 4646 1591 1529 874
internal_value=-0.000202816 -0.00131225 -0.000521985 0.00609512 -0.00590394 0.00537817 -0.000722495 0.00674631 -0.0178408 -0.00872816 -0.00236638 0.00701048 -0.00656288 -0.00104436 -0.0172277 -0.00429593 0.0316073 0.00950498 0.0145029 -0.0242264 -0.0194459 -0.00189471 -0.0151226 0.00897834 -0.0164131 0.0045329 -0.00418585 -0.0241417 -0.00295422 0.0345563
internal_weight=12902.2 12512.4 12323.6 5526.92 6796.66 3496.98 4369.09 3318.03 3299.68 2305.91 2910.03 2041.24 1333.24 2606.49 1913.22 1154.23 1157.83 1659.79 670.102 868.797 946.698 1096.92 956.326 867.99 640.61 449.993 597.662 1051.06 373.384 389.745
internal_count=143926 140314 135844 48256 87588 46552 39114 27152 41036 24150 41889 28132 21287 21905 21023 10657 9142 12268 5828 13757 9637 8182 9440 12070 5285 3578 9291 11962 3120 3612
is_linear=0
shrinkage=0.05


Tree=48
num_leaves=31
num_cat=0
split_feature=108 108 108 108 108 108 108 108 108 108 108 108 108 108 108 108 108 108 218 214 225 110 104 104 110 110 104 104 225 110
split_gain=727.097 763.28 475.944 270.344 307.891 244.618 232.853 323.505 179.281 177.712 218.895 172.017 163.932 374.72 214.425 311.354 231.365 268.453 148.704 174.22 174.449 221.033 354.28 269.629 233.128 224.207 179.187 173.452 170.38 137.212
threshold=0.99704739451408397 0.99553072452545177 0.99409481883049022 0.99269616603851329 0.99250110983848583 0.99106144905090343 0.98991972208023082 0.98781466484069835 0.98696711659431469 0.98539230227470409 0.98500218987464916 0.98423999547958385 0.98279201984405529 0.9813305437564851 0.98009857535362255 0.97871029376983654 0.97750329971313488 0.97574350237846386 4.0554487705230722 1.5555477738380434 1.7079319953918459 0.083382975310087218 4.420795440673829 6.7057862281799325 0.12242737412452699 0.049354091286659248 2.5004253387451176 13.737472057342531 1.1154015064239504 0.03347855061292649
decision_type=2 2 2 2 2 2 2 2 2 2 2 2 2 2 2 2 2 2 2 2 2 2 2 2 2 2 2 2 2 2
left_child=1 2 3 4 5 6 7 8 9 10 11 12 13 14 15 16 17 18 19 20 21 22 25 -23 -25 26 29 -26 -27 -1
right_child=-2 -3 -4 -5 -6 -7 -8 -9 -10 -11 -12 -13 -14 -15 -16 -17 -18 -19 -20 -21 -22 23 -24 24 27 28 -28 -29 -30 -31
leaf_value=0.025491914596701793 0.055272757704795096 -0.051119451904053918 0.054762839604168258 -0.050433869996959459 0.054074357839471114 -0.049711889516840774 0.053521162222243769 -0.050359284888633199 0.052935635595925581 -0.050184363482323704 0.056931393146497825 -0.052782679788353118 0.031419099816610334 -0.057349641340130486 0.038500923465678405 -0.05655574465222081 0.043819611585848517 -0.056750870471696691 0.052103258392491074 -0.015919040439931111 0.029017954044795669 -0.031646326810770911 0.044172507758947634 0.026975464236468117 -0.025154426402666425 -0.033915666930854599 0.051204899396569449 0.011571437688322264 0.0098424210145528282 -0.017885899692592088
leaf_weight=354.47069570049644 558.36849278211594 749.56346066482365 382.2578882239759 262.83527930267155 246.63842300698161 245.17916687205434 188.17277977243066 314.03454909659922 149.8555687405169 166.34982992149889 158.62873215228319 144.99442347325385 395.44799996353686 276.43119837902486 351.03657191433012 233.57690199837089 291.17916036210954 198.96592053584754 128.13967122882605 1420.4009761996567 592.75155179575086 885.77510049194098 611.05629946105182 605.8134103436023 780.55309929326177 561.90501232072711 268.86766528710723 534.05376546084881 358.06605499610305 355.05772017128766
leaf_count=2183 6100 23393 4188 7857 2663 7786 2009 9830 1576 3704 1264 1793 2831 2750 2389 2425 1918 1990 1433 11768 3215 8270 3689 4070 7105 5859 1475 3514 2116 2840
internal_value=-8.87881e-06 -0.00257966 0.000636278 -0.00127873 -3.89122e-05 -0.0013514 -0.000156105 -0.00120424 0.000416772 -0.00045064 0.000471382 -0.000546458 0.000332876 -0.00109682 0.000790816 -0.000872381 0.000833263 -0.000856684 0.000708695 -0.000259684 0.00352544 0.000633585 0.0113918 -0.00899318 0.00156517 0.000664014 0.0172411 -0.01026 -0.0169617 0.00383817
internal_weight=12770.4 12212.1 11462.5 11080.2 10817.4 10570.8 10325.6 10137.4 9823.38 9673.52 9507.17 9348.54 9203.55 8808.1 8531.67 8180.63 7947.06 7655.88 7456.91 7328.77 5908.37 5315.62 2509.42 2806.2 1920.42 1898.37 978.396 1314.61 919.971 709.528
internal_count=144003 137903 114510 110322 102465 99802 92016 90007 80177 78601 74897 73633 71840 69009 66259 63870 61445 59527 57537 56104 44336 41121 18162 22959 14689 14473 6498 10619 7975 5023
is_linear=0
shrinkage=0.05


Tree=49
num_leaves=31
num_cat=0
split_feature=108 108 108 108 108 108 108 108 106 87 87 87 109 87 92 92 87 87 221 218 92 226 217 73 222 220 133 215 109 73
split_gain=683.12 717.161 454.718 255.672 293.805 229.816 225.503 306.151 173.49 296.256 218.444 187.817 490.343 358.475 444.116 239.166 179.649 341.602 142.028 187.98 107.46 109.811 80.5316 78.4741 83.0977 76.6625 74.8937 63.9859 60.0152 59.9598
threshold=0.99704739451408397 0.99553072452545177 0.99409481883049022 0.99269616603851329 0.99250110983848583 0.99106144905090343 0.98991972208023082 0.98781466484069835 21.682895660400394 3.3944636583328252 3.9909090995788579 1.1314879059791567 0.98817998170852672 1.7388663887977602 2.2629758119583134 2.9777327775955205 5.0259516239166269 5.9554655551910409 -0.2281987518072128 3.2109569311141972 4.097701072692872 0.69519525766372692 -0.91372004151344288 3.5000000000000004 -1.0027329325675962 3.2110658884048466 9.498601436614992 1.8841768503189089 0.53371015191078197 12.500000000000002
decision_type=2 2 2 2 2 2 2 2 10 2 2 2 8 2 2 2 2 2 2 2 2 10 2 2 2 2 2 2 10 2
left_child=1 2 3 4 5 6 7 8 11 -10 -11 12 -1 -13 -15 -16 23 -18 19 20 -17 -22 28 24 -12 27 -19 -14 -23 -28
right_child=-2 -3 -4 -5 -6 -7 -8 -9 9 10 16 13 25 14 15 18 17 26 -20 -21 21 22 -24 -25 -26 -27 29 -29 -30 -31
leaf_value=0.070166754248340443 0.054869294887902278 -0.050998315552137102 0.054387994922091502 -0.050229607212760444 0.053642906758003456 -0.049536810042127469 0.053118145898511306 -0.050227590210103513 0.073530289785015676 -0.055075080736931119 0.061367732437179051 -0.055505184270564702 0.00010791477298777466 0.077317888475122581 -0.055384412880507432 0.030736517996219806 -0.054931940248721584 0.019906207784796598 0.047260210718149204 -0.077386114058298927 -0.027357205902688187 0.028863220836293932 -0.013164682550996837 0.078693792619341257 0.0099550711486925004 0.030215321523425948 -0.0024573464409738816 -0.024190473003236748 0.00013730232130827643 0.037216987487398503
leaf_weight=263.57868592068553 527.7975712902844 713.23606990650296 366.47359059378505 252.7121624853462 236.60228698328137 233.91522795334458 182.92894064635038 301.7704206481576 162.79926886036992 129.14530770294368 106.34886952489614 389.78771176934242 1444.3332941532135 144.50252193957567 250.91972112469375 181.58808251097798 216.29230206087232 963.38667139969766 112.07361930608749 84.052755923941731 580.11929960921407 200.9819860458374 1200.7458823043853 85.755880355834961 257.95187325403094 165.23421753942966 1062.2419635485858 323.47233767807484 1316.3905074317008 94.522722702473402
leaf_count=1956 6040 23344 4185 7893 2673 7783 2037 9901 994 1334 604 5667 9952 911 3219 1272 2492 6898 1040 698 5806 1160 10957 473 1688 950 8423 2109 11063 596
internal_value=-0.000264381 -0.0027281 0.000358124 -0.00149911 -0.000301411 -0.00157231 -0.000427255 -0.00145494 0.000106732 0.00990349 0.00611161 -0.00443118 0.0075142 -0.0103166 -0.0058649 -0.00911451 0.00913422 0.00349504 -0.00581445 -0.00761106 -0.00570877 -0.00780215 -0.0035436 0.0376974 0.0262023 -0.00134591 0.0096855 -0.00444925 0.00410623 0.00107575
internal_weight=12551.7 12023.9 11310.6 10944.2 10691.4 10454.8 10220.9 10038 9736.23 3078.44 2915.65 6657.78 2196.62 4461.16 4071.37 3926.87 2786.5 2336.44 3675.95 3563.88 3479.83 3298.24 2718.12 450.057 364.301 1933.04 2120.15 1767.81 1517.37 1156.76
internal_count=144118 138078 114734 110549 102656 99983 92200 90163 80262 23502 22508 56760 14967 41793 36126 35215 21174 18409 31996 30956 30258 28986 23180 2765 2292 13011 15917 12061 12223 9019
is_linear=0
shrinkage=0.05


Tree=50
num_leaves=31
num_cat=0
split_feature=108 108 108 108 108 108 108 108 108 108 108 108 225 110 104 104 110 110 104 110 110 225 110 104 104 110 104 225 110 70
split_gain=659.171 685.518 426.252 239.353 271.076 218.541 211.967 287.941 162.724 164.871 200.083 163.807 152.301 272.487 371.476 272.159 304.728 216.313 211.704 194.985 186.107 220.539 175.894 153.919 143.727 161.598 141.823 137.56 136.957 128.103
threshold=0.99704739451408397 0.99553072452545177 0.99409481883049022 0.99269616603851329 0.99250110983848583 0.99106144905090343 0.98991972208023082 0.98781466484069835 0.98696711659431469 0.98539230227470409 0.98500218987464916 0.98423999547958385 1.2206367254257204 0.064173504710197463 3.4723950624465947 5.8648414611816415 0.088595714420080199 0.10078029707074167 7.7294142246246347 0.15958477556705478 0.047857817262411124 0.89761385321617138 0.027288263663649562 13.737472057342531 10.169554233551027 0.14173142611980441 4.420795440673829 0.75520122051239025 0.24544273316860202 55.500000000000007
decision_type=2 2 2 2 2 2 2 2 2 2 2 2 2 2 2 2 2 2 2 2 2 2 2 2 2 2 2 2 2 2
left_child=1 2 3 4 5 6 7 8 9 10 11 12 13 14 20 -15 -17 26 -19 -20 21 22 27 29 -18 -26 -14 -1 -25 -21
right_child=-2 -3 -4 -5 -6 -7 -8 -9 -10 -11 -12 -13 17 15 -16 16 24 18 19 23 -22 -23 -24 28 25 -27 -28 -29 -30 -31
leaf_value=-0.0010047849513955558 0.054542904073362999 -0.0508816018818814 0.054025429309734363 -0.049966835650134121 0.053229253446461691 -0.049353574433679291 0.052739987408153111 -0.050003490662254929 0.052242834102403601 -0.049841928200196291 0.056180221975627401 -0.052379659169005201 0.0079578043631663327 -0.035227836295096453 0.044814703567022725 0.041863892924835784 -0.029547952884258013 -0.020068150696514454 0.035689026683605983 -0.028383190155821365 -0.026629430908001673 0.033626160311623084 -0.025951653749573467 0.041077403276401331 0.034746185872382866 -0.014011068784580617 0.04822598784735023 0.063167943196999338 -5.5314301019654155e-05 0.033988876088569028
leaf_weight=288.34665036946535 518.19399755075574 680.7250489667058 349.31348264962435 237.18995166942477 222.24528341367841 222.18428412266076 174.99321324005723 284.21208338066936 137.95435083657503 157.00010462850332 147.38320268318057 140.68156069517136 415.80258579179645 1096.2737762071192 500.90506442636251 296.4102794714272 678.74482325278223 821.44611665792763 528.16217642836273 513.59829678572714 577.51732739061117 489.23642785288393 536.27254531346262 293.37791028060019 243.35305926948786 506.33467048220336 462.4211417902261 107.37935853376985 607.75779928453267 88.937465758994222
leaf_count=1879 6196 23347 4165 7789 2620 7745 2024 9786 1536 3689 1233 1819 2446 11767 3129 1801 7066 6639 3545 4300 5449 2872 4949 1893 1582 4340 2755 554 4320 489
internal_value=-0.000105446 -0.00254819 0.000452192 -0.00133289 -0.000192002 -0.00139325 -0.000289824 -0.00127751 0.000210109 -0.000599852 0.000280269 -0.000676001 0.000184439 -0.00524316 0.00676442 -0.0158688 -0.00343248 0.00791701 0.00120494 0.00986156 -0.00294695 0.00679523 -0.00749665 0.000613864 -0.0130575 0.00206486 0.0294649 0.0175361 0.0136399 -0.0187722
internal_weight=12324.4 11806.2 11125.4 10776.1 10538.9 10316.7 10094.5 9919.51 9635.3 9497.34 9340.34 9192.96 9052.28 5320.77 2499.66 2821.12 1724.84 3731.5 2853.28 2031.83 1998.75 1421.23 931.999 1503.67 1428.43 749.688 878.224 395.726 901.136 602.536
internal_count=143724 137528 114181 110016 102227 99607 91862 89838 80052 78516 74827 73594 71775 45388 18832 26556 14789 26387 21186 14547 15703 10254 7382 11002 12988 5922 5201 2433 6213 4789
is_linear=0
shrinkage=0.05


Tree=51
num_leaves=31
num_cat=0
split_feature=108 108 108 108 108 108 108 108 108 108 108 108 108 108 108 108 108 108 108 104 110 104 110 104 110 110 110 70 104 104
split_gain=612.999 658.766 407.374 235.366 261.865 213.049 197.703 279.592 152.929 153.737 182.855 152.563 155.285 350.848 167.408 294.63 211.611 248.653 148.599 128.476 186.668 265.901 208.014 242.648 162.436 145.639 109.127 114.583 132.204 107.839
threshold=0.99704739451408397 0.99553072452545177 0.99409481883049022 0.99269616603851329 0.99250110983848583 0.99106144905090343 0.98991972208023082 0.98781466484069835 0.98696711659431469 0.98539230227470409 0.98500218987464916 0.98423999547958385 0.98279201984405529 0.9813305437564851 0.98009857535362255 0.97871029376983654 0.97750329971313488 0.97574350237846386 0.9750477969646455 15.216999530792238 0.14173142611980441 7.7294142246246347 0.076244100928306593 3.7626260519027714 0.047857817262411124 0.22519670426845553 0.10078029707074167 27.500000000000004 10.840722084045412 26.488859176635746
decision_type=2 2 2 2 2 2 2 2 2 2 2 2 2 2 2 2 2 2 2 2 2 2 2 2 2 2 2 2 2 2
left_child=1 2 3 4 5 6 7 8 9 10 11 12 13 14 15 16 17 18 19 20 21 22 23 24 -1 -21 -23 28 -28 -27
right_child=-2 -3 -4 -5 -6 -7 -8 -9 -10 -11 -12 -13 -14 -15 -16 -17 -18 -19 -20 25 -22 26 -24 -25 -26 29 27 -29 -30 -31
leaf_value=0.0075637116204450867 0.054209861094050953 -0.050767675859907546 0.053702947234039233 -0.049932939751977282 0.052908161792065866 -0.049216788103287605 0.052333530275915745 -0.049907187445884599 0.051837325598691669 -0.049410583027741817 0.055429764665014793 -0.051778832138254384 0.030839563138595101 -0.056833614429944161 0.03452248501720831 -0.055885165532911313 0.042026275512889899 -0.056015554162713976 0.038971709509329516 0.042119294765994991 -0.020628130725325267 0.052989606030667352 -0.018371522607163928 0.028909897191304542 -0.023869386363761302 -0.01411563937899884 -0.018689691033202029 0.050100153747804479 0.034774523393732042 0.026618675904578899
leaf_weight=978.72905766218901 491.23236183449626 650.30553385615349 340.33085112646222 231.09742992185056 219.06099833548069 215.42824280448258 166.84673630446196 273.86364286020398 132.60455033928156 146.90515396185219 139.06686422973871 132.22259234078228 390.73572009801865 262.47895041294396 342.91763450577855 224.49095726758242 292.0973141901195 187.4963695295155 236.87522322870791 339.75686362013221 1219.8992754928768 253.48963446542621 1579.3072561696172 724.17924667149782 694.30889424867928 397.67060883902013 294.36851639486849 155.12486792355776 176.48651237599552 260.22248275019228
leaf_count=6929 6129 23413 4238 7918 2701 7859 2013 9870 1536 3616 1211 1795 2802 2762 2347 2478 1903 1985 1735 2150 10446 1499 14396 4816 6216 2980 2685 1022 1087 1671
internal_value=6.62916e-05 -0.00225958 0.000649526 -0.00109174 3.65117e-05 -0.00114766 -6.42138e-05 -0.00100535 0.000446005 -0.000330903 0.000498222 -0.000396958 0.000413587 -0.000999745 0.000819639 -0.000663633 0.000997337 -0.00065488 0.000839581 -0.000490583 -0.00322796 0.00117664 -0.0043411 0.00494018 -0.00554531 0.0160472 0.0258934 0.0142602 0.00165627 0.00215369
internal_weight=12149.6 11658.4 11008.1 10667.7 10436.6 10217.6 10002.1 9835.3 9561.43 9428.83 9281.92 9142.86 9010.64 8619.9 8357.42 8014.5 7790.01 7497.91 7310.42 7073.54 6075.89 4855.99 3976.52 2397.22 1673.04 997.65 879.47 625.98 470.855 657.893
internal_count=144208 138079 114666 110428 102510 99809 91950 89937 80067 78531 74915 73704 71909 69107 66345 63998 61520 59617 57632 55897 49096 38650 32357 17961 13145 6801 6293 4794 3772 4651
is_linear=0
shrinkage=0.05


Tree=52
num_leaves=31
num_cat=0
split_feature=106 87 87 218 213 87 87 101 110 103 110 110 102 220 222 222 221 217 110 222 222 222 222 214 219 73 87 110 100 103
split_gain=158.869 264.044 194.526 161.474 154.863 142.618 287.684 130.804 133.957 197.221 113.346 102.801 91.0887 82.5688 74.9133 116.466 102.002 71.5509 66.3483 62.5958 220.739 90.6056 222.653 62.5306 121.923 61.6736 55.049 52.4694 45.7222 44.6778
threshold=29.568845748901371 3.3944636583328252 3.9909090995788579 4.0554487705230722 2.5585013628005986 5.0259516239166269 5.9554655551910409 260.50000000000006 0.051623929291963584 2.5502293109893803 0.027288263663649562 0.053714789450168617 275.50000000000006 3.2110658884048466 -0.40515153110027308 -0.45558638870716089 -1.0000000180025095e-35 -0.52934783697128285 0.029215381480753425 -0.53259715437889088 -0.6028212010860442 -0.9340710937976836 -1.0027329325675962 0.99998247623443615 1.2222142815589907 7.5000000000000009 10.051903247833254 0.03347855061292649 81.500000000000014 1.7116841077804568
decision_type=10 2 2 2 2 2 2 10 2 2 2 2 10 2 2 2 2 2 2 2 2 2 2 2 2 2 2 2 10 2
left_child=3 -2 -3 4 7 19 -7 8 9 10 29 -10 13 23 15 -6 -16 25 -12 20 21 22 -4 24 -13 26 -8 -20 -25 -1
right_child=1 2 5 -5 14 6 17 -9 11 -11 18 12 -14 -15 16 -17 -18 -19 27 -21 -22 -23 -24 28 -26 -27 -28 -29 -30 -31
leaf_value=0.0058792241140515362 0.06867845701924255 -0.05325021207740941 0.057949124107400933 0.051026910734359547 -0.026115267229490782 -0.052932858856764978 0.020051102772063078 0.049218040713503282 -0.052503583936821599 0.030211872243505519 -0.049701135532178253 -0.008854654628400167 0.048663259192982256 0.032032175334382518 -0.054777639471259833 0.060283638743321523 0.039491992679783011 -0.0014670213097015047 0.010979744060955796 0.067181582737533427 -0.053122935470782354 0.080007810486821915 -0.051829649507893094 -0.014050055606824451 0.016541698787803691 0.044175813933656924 -0.013391665827551661 -0.013225429157571605 0.008961658165936694 0.031654107066812716
leaf_weight=712.05466192960739 174.57615659013391 118.95824811607599 121.76131726615131 126.11162070557475 158.16171515733004 190.95058611780405 531.50028965622187 111.62515286169946 113.44845199771225 634.85078226216137 91.09444104321301 1656.7062206976116 64.456216655671597 122.40422904491425 275.93396832048893 40.871683964505792 24.770509343594313 689.72384296730161 287.17023741267622 105.21779897063971 66.805245330557227 95.346560556441545 61.883773267269135 3021.9420110266656 649.70272039622068 194.73036119528115 151.56609382852912 913.29338069818914 225.7783551774919 212.86823684722185
leaf_count=11878 1369 1695 925 1690 2430 3254 5293 947 2226 6277 2343 20735 504 762 5859 294 299 8115 4499 738 626 640 674 32779 4664 1764 1868 14694 1978 2368
internal_value=-7.85629e-05 0.0110953 0.00650279 -0.00304891 -0.00383478 0.0099453 0.00343504 -0.00228301 -0.00299906 0.00587466 -0.00120046 -0.00732355 -0.006341 -0.00705004 -0.0306324 -0.00633802 -0.0459911 0.0105936 -0.0107353 0.0347032 0.0232103 0.0426943 0.0201902 -0.00796737 -0.00166011 0.01998 0.0125443 -0.00739229 -0.0124277 0.0120864
internal_weight=11946.3 2503.02 2328.44 9443.24 9317.13 2209.49 1758.47 8817.4 8705.77 2851.33 2216.48 5854.44 5740.99 5676.53 499.738 199.033 300.704 1567.52 1291.56 451.015 345.797 278.992 183.645 5554.13 2306.41 877.797 683.066 1200.46 3247.72 924.923
internal_count=144187 26961 25592 117226 115536 23897 20294 106654 105707 42059 35782 63648 61422 60918 8882 2724 6158 17040 21536 3603 2865 2239 1599 60156 25399 8925 7161 19193 34757 14246
is_linear=0
shrinkage=0.05


Tree=53
num_leaves=31
num_cat=0
split_feature=108 108 108 108 108 108 108 108 89 89 75 89 89 225 110 104 110 110 104 104 110 70 89 89 89 70 104 110 110 225
split_gain=572.87 618.897 376.037 215.541 243.687 196.12 181.881 259.153 160.554 600.28 351.895 321.664 308.474 136.086 271.962 218.428 273.362 201.023 155.898 151.551 160.941 147.097 108.711 267.089 225.324 90.1859 119.976 97.2647 89.4745 103.102
threshold=0.99704739451408397 0.99553072452545177 0.99409481883049022 0.99269616603851329 0.99250110983848583 0.99106144905090343 0.98991972208023082 0.98781466484069835 2.9777327775955205 2.2629758119583134 1.5000000000000002 4.097701072692872 4.7165992259979257 1.0310544967651369 0.061560431495308883 4.2472503185272226 0.088595714420080199 0.039559902623295791 1.9969738721847536 7.3575022220611581 0.14173142611980441 83.500000000000014 1.2951242923736574 1.4381000995635989 1.0000000180025095e-35 57.500000000000007 11.647444725036623 0.24544273316860202 0.027288263663649562 0.75520122051239025
decision_type=2 2 2 2 2 2 2 2 2 2 2 2 2 2 2 2 2 2 2 2 2 2 2 2 2 2 2 2 2 2
left_child=1 2 3 4 5 6 7 8 9 10 22 -10 -13 17 -15 -16 -17 18 28 21 -21 -18 24 -24 -1 26 -22 -28 29 -14
right_child=-2 -3 -4 -5 -6 -7 -8 -9 11 -11 -12 12 13 14 15 16 19 -19 -20 20 25 -23 23 -25 -26 -27 27 -29 -30 -31
leaf_value=-0.012335567645111144 0.053847926104561961 -0.050645968097102492 0.053289501041297843 -0.049629770877798574 0.052473001130523049 -0.048977198950394263 0.051808602792230762 -0.049708058124153132 0.037031836761169633 -0.060056053456044034 0.079481058116277759 -0.056043339902610678 5.0753724403420428e-05 0.041824776988296494 -0.021827964943192033 0.043888802601707917 -0.020239492418634875 -0.019599993635648637 0.047095306076739223 0.037797654179401723 -0.025277985502236641 0.052577549878055387 -0.057815390835621476 0.013937027329476302 0.034555024518688963 0.042525653948624315 0.028750211643345926 -0.010728809597720749 -0.018551092328316782 0.0578941789684169
leaf_weight=694.800647277385 462.10781736671925 617.07461301237345 316.54865788295865 214.77964352443814 205.51426709070802 200.83309453725815 155.04327575862408 256.92608035169542 653.77584940008819 484.814995970577 126.51567494124174 222.64661431498826 278.18741376139224 510.21201212331653 695.50847615301609 464.741868885234 805.66926246508956 1335.0470499042422 212.41768483072519 419.78212919272482 372.98695891723037 66.247600559145212 256.99991794675589 246.08485823869705 392.76608203537762 110.34304331801832 322.92778231389821 285.99289638921618 352.37217003107071 96.549747440963984
leaf_count=5697 6073 23437 4165 7766 2666 7760 1975 9785 4808 4914 774 2401 2018 3105 6202 3179 7721 14652 1324 3054 3525 369 2631 1983 2691 626 2421 2218 3246 563
internal_value=-0.000122378 -0.00236046 0.00045389 -0.00119751 -0.000132751 -0.00126293 -0.000238211 -0.00112588 0.000252326 -0.0115328 0.00243534 0.00386487 0.000503808 0.00257835 0.008063 0.00309875 0.00923968 -0.00719051 0.0104638 0.00232986 0.0118771 -0.0141735 -0.00415091 -0.02313 0.00475914 0.00166262 -0.00331185 0.0103343 -0.000731456 0.0160713
internal_weight=11836.2 11374.1 10757 10440.5 10225.7 10020.2 9819.36 9664.32 9407.39 2201.98 1717.17 7205.41 6551.63 6328.99 4054.41 3544.2 2848.69 2274.57 939.527 2383.95 1512.03 871.917 1590.65 503.085 1087.57 1092.25 981.908 608.921 727.109 374.737
internal_count=143749 137676 114239 110074 102308 99642 91882 89907 80122 18690 13776 61432 56624 54223 32420 29315 23113 21803 7151 19934 11844 8090 13002 4614 8388 8790 8164 4639 5827 2581
is_linear=0
shrinkage=0.05


Tree=54
num_leaves=31
num_cat=0
split_feature=108 108 108 108 108 225 110 104 110 104 110 104 104 110 70 110 104 104 104 110 110 225 110 225 104 110 70 70 104 225
split_gain=546.545 583.966 360.631 206.224 229.188 187.665 295.719 285.598 250.022 196.779 182.349 254.675 185.494 211.87 162.769 146.624 133.461 125.334 124.371 185.948 118.552 202.367 152.097 122.146 115.895 109.771 104.753 101.072 160.452 93.2715
threshold=0.99704739451408397 0.99553072452545177 0.99409481883049022 0.99269616603851329 0.99250110983848583 1.0657883286476137 0.076244100928306593 5.6332216262817392 0.12242737412452699 10.840722084045412 0.047857817262411124 2.7182571887969975 3.7626260519027714 0.061560431495308883 55.500000000000007 0.19550065696239474 3.7626260519027714 20.280096054077152 6.399564504623414 0.093985531479120268 0.03736854903399945 0.80671241879463207 0.020502080209553245 0.62294310331344616 13.737472057342531 0.061560431495308883 39.500000000000007 43.500000000000007 7.7294142246246347 1.3822439312934878
decision_type=2 2 2 2 2 2 2 2 2 2 2 2 2 2 2 2 2 2 2 2 2 2 2 2 2 2 2 2 2 2
left_child=1 2 3 4 5 10 16 29 27 14 11 20 -12 -14 -10 -11 25 26 -15 -20 21 22 23 -1 -21 -7 -17 28 -9 -8
right_child=-2 -3 -4 -5 -6 6 7 8 9 15 12 -13 13 18 -16 17 -18 -19 19 24 -22 -23 -24 -25 -26 -27 -28 -29 -30 -31
leaf_value=-0.0070356911498685509 0.053552963908790913 -0.050531658783439307 0.052992581356011759 -0.049513487057558259 0.052080561413363868 0.029263219255387874 -0.034334532539156762 -0.0020532364121927916 -0.028060308637151723 0.029860671487133852 -0.03960371016883657 0.049394654093495881 0.040291807612746089 -0.035705965594311585 0.021299635984936862 -0.026171260236765248 0.046943006745929348 0.016668113459566893 0.037592849453704474 -0.031629949581276642 -0.026603021455626114 0.031431255612677754 -0.029396241804862222 0.067882056392127424 0.011699354106601341 -0.013178457935151797 0.02591209050259673 0.060169303822901088 0.043633962842773412 -0.0044749941217660768
leaf_weight=145.0138484723866 443.47255681082606 587.53532740660012 304.74077795818448 207.46555137634277 194.59988276660442 356.82026783935726 690.587258156389 412.38694484904408 865.29744479246438 539.4338909573853 730.52766488865018 237.92585382983088 181.51137643307447 491.92153847776353 198.58588574267924 507.90198067203164 485.3278997130692 504.27370395511389 193.85033931583166 440.12936339713633 445.92201056703925 402.06964964605868 450.88590787909925 75.53614435531199 228.32238779962063 252.78103926219046 110.17704151757061 183.70819473825395 348.49058621190488 422.67792680487037
leaf_count=1576 6083 23442 4179 7859 2643 2380 9160 3769 9760 4044 11973 1623 1283 6633 1383 4707 3290 3567 1286 5232 6256 2941 6489 515 1820 2406 735 1199 2317 3312
internal_value=-0.000261079 -0.00243846 0.000270095 -0.00133902 -0.000301122 -0.00138205 0.0043107 -0.00107231 0.00566548 -0.00203971 -0.00968915 0.00239714 -0.0190307 -0.00905154 -0.0187342 0.00869628 0.0276248 -0.00164978 -0.0159121 -0.00434028 -0.005237 0.00380182 -0.0129617 0.0204543 -0.0168757 0.0117354 -0.0166223 0.0276878 0.0191666 -0.0231384
internal_weight=11639.9 11196.4 10608.9 10304.1 10096.7 9902.07 5878.45 4783.52 3670.26 2725.67 4023.62 1757.35 2266.26 1535.74 1063.88 1661.79 1094.93 1122.35 1354.22 862.302 1519.43 1073.51 671.436 220.55 668.452 609.601 618.079 944.586 760.878 1113.27
internal_count=143862 137779 114337 110158 102299 99656 52029 43953 31481 24196 47627 19400 28227 16254 11143 13053 8076 9009 14971 8338 17777 11521 8580 2091 7052 4786 5442 7285 6086 12472
is_linear=0
shrinkage=0.05


Tree=55
num_leaves=31
num_cat=0
split_feature=108 108 108 108 108 108 108 108 106 87 87 87 101 87 92 92 87 87 221 218 92 217 73 222 73 133 222 104 225 226
split_gain=515.683 563.997 334.189 200.84 214.449 187.214 171.494 243.988 160.406 271.807 201.793 166.771 418.134 311.386 396.459 207.512 161.866 319.271 106.107 168.475 84.754 89.3706 77.0674 79.6217 69.156 75.0533 64.9625 62.234 56.9481 56.8759
threshold=0.99704739451408397 0.99553072452545177 0.99409481883049022 0.99269616603851329 0.99250110983848583 0.99106144905090343 0.98991972208023082 0.98781466484069835 18.900977134704593 3.3944636583328252 3.9909090995788579 1.1314879059791567 inf 1.7388663887977602 2.2629758119583134 2.9777327775955205 5.0259516239166269 5.9554655551910409 -0.2281987518072128 3.2109569311141972 3.8853727579116826 -0.60456594824790943 3.5000000000000004 -1.0027329325675962 13.500000000000002 7.1093804836273202 -1.0984957218170164 17.254394531250004 2.0165911912918095 0.69519525766372692
decision_type=2 2 2 2 2 2 2 2 10 2 2 2 8 2 2 2 2 2 2 2 2 2 2 2 2 2 2 2 2 10
left_child=1 2 3 4 5 6 7 8 11 -10 -11 12 -1 -13 -15 -16 22 -18 19 20 -17 28 23 -12 25 -19 -23 -14 29 -22
right_child=-2 -3 -4 -5 -6 -7 -8 -9 9 10 16 13 27 14 15 18 17 24 -20 -21 21 26 -24 -25 -26 -27 -28 -29 -30 -31
leaf_value=0.067538098321130627 0.053270654388148868 -0.05042669326543401 0.052659815372617769 -0.049322249144965136 0.051777487356901013 -0.048758371636747129 0.051442826231728613 -0.049482153817402848 0.071142513422145157 -0.054036269380302197 0.057485780779614228 -0.054897380479992278 -0.0063529922251627183 0.074366133778359766 -0.054654613770302202 0.039806614044802006 -0.054514447228410139 0.017755341214862077 0.044845464945359848 -0.075139404419267419 -0.022570156305294908 0.015519164780097622 0.074581034305145288 0.0077039518049865632 0.042580488022021724 -0.0006814130644704862 -0.032361008479677426 0.014850782267105261 0.031300644339867886 -0.00092854486881515156
leaf_weight=239.5255136154592 428.78096210584044 560.21868873946369 289.84327809512615 199.70646762102842 186.95574491471052 190.31274059414864 149.81788755580783 240.43886296451092 158.4994250535965 124.50703497044742 110.80440121516585 351.76112667657435 1446.1170154623687 136.72712038829923 227.80820792727172 89.199943767860532 206.28485790640116 913.61517420224845 89.055581362918019 80.119895378127694 356.69656160846353 77.201573384925723 92.644858054816723 251.17806219682097 133.66733630374074 1370.2078929301351 461.59126199968159 443.99687049165368 106.22855039685965 1769.7343135084957
leaf_count=1949 6153 23423 4165 7937 2638 7884 2007 9802 1055 1423 653 5606 10618 923 3202 543 2649 6932 941 678 3503 713 549 1752 876 11403 5404 2491 556 15584
internal_value=0.000109829 -0.00199846 0.000632352 -0.00089553 0.000119413 -0.000915977 7.93714e-05 -0.000785925 0.000533753 0.00922955 0.00595383 -0.00444817 0.00670393 -0.010789 -0.00607019 -0.00966346 0.00854726 0.00371535 -0.00611198 -0.00780187 -0.00566073 -0.00726196 0.0357534 0.0240781 0.00888821 0.00673923 -0.0253427 -0.00132018 -0.00280512 -0.00464745
internal_weight=11483.2 11054.5 10494.2 10204.4 10004.7 9817.74 9627.43 9477.61 9237.17 3361.41 3202.91 5875.76 2129.64 3746.12 3394.36 3257.64 3078.4 2623.78 3029.83 2940.77 2860.65 2771.45 454.627 361.982 2417.49 2283.82 538.793 1890.11 2232.66 2126.43
internal_count=144012 137859 114436 110271 102334 99696 91812 89805 80003 27292 26237 52711 15058 37653 32047 31124 24814 21860 27922 26981 26303 25760 2954 2405 19211 18335 6117 13109 19643 19087
is_linear=0
shrinkage=0.05


Tree=56
num_leaves=31
num_cat=0
split_feature=108 108 108 108 108 108 108 108 106 87 87 87 109 87 92 92 87 87 221 218 92 73 73 87 87 87 87 87 87 87
split_gain=485.609 531.304 315.833 187.996 205.805 176.703 163.008 231.341 140.287 292.472 201.864 183.943 408.564 277.565 380.635 177.283 168.432 340.487 88.9833 135.075 88.9545 85.8266 80.798 90.0183 177.281 113.322 178.86 110.255 170.451 191.25
threshold=0.99704739451408397 0.99553072452545177 0.99409481883049022 0.99269616603851329 0.99250110983848583 0.99106144905090343 0.98991972208023082 0.98781466484069835 14.438519001007082 3.3944636583328252 3.9909090995788579 1.1314879059791567 0.98817998170852672 1.7388663887977602 2.2629758119583134 2.9777327775955205 5.0259516239166269 5.9554655551910409 -0.2281987518072128 3.2109569311141972 3.8853727579116826 3.5000000000000004 13.500000000000002 6.4756212234497079 6.9961686134338388 7.4832592010498056 7.9818181991577157 8.6158175468444842 8.9331984519958514 10.051903247833254
decision_type=2 2 2 2 2 2 2 2 10 2 2 2 8 2 2 2 2 2 2 2 2 2 2 2 2 2 2 2 2 2
left_child=1 2 3 4 5 6 7 8 11 -10 -11 12 -1 -13 -15 -16 21 -18 19 20 -17 -12 23 -19 -25 -26 -27 -28 -29 -30
right_child=-2 -3 -4 -5 -6 -7 -8 -9 9 10 16 13 -14 14 15 18 17 22 -20 -21 -22 -23 -24 24 25 26 27 28 29 -31
leaf_value=0.067048018548436158 0.052963345447700441 -0.050315563934928323 0.052338577682983715 -0.049126505561463002 0.051445891157373483 -0.048589229838776851 0.051073279098110262 -0.049336933177351862 0.070566449248186433 -0.054374010180854873 0.022068428148034235 -0.05484911031165747 -0.0019254662750404238 0.072554801409503725 -0.054308017756007937 0.039396449080001811 -0.054940115852143562 0.034711507148009156 0.04202263891522752 -0.073620180159588933 -0.0095591106744361276 0.073833655148800068 0.031466390877627155 -0.053814407275305037 0.038657576060819654 -0.055039653638807508 0.041701477966982495 -0.055148740915644846 0.040812799494960431 -0.0019666747534584374
leaf_weight=232.49206894263625 405.81748651713133 532.71741893514991 275.02823135256767 189.17517252173275 180.20075593516231 181.78213890641928 143.03801338374615 230.68274185154587 164.0944815017283 131.33258621953428 375.28954822570086 344.83531462028623 1869.1664084065706 130.1894768550992 216.9453699849546 87.518620239570737 229.71604178659618 213.67470902390778 76.336969839408994 70.00336441770196 2003.5390430428088 97.945603784173727 292.2669417373836 126.62528421916068 213.47587194666266 122.5916878413409 174.99049584567547 115.26415493898094 302.64732841029763 1584.6759952642024
leaf_count=1957 6106 23373 4135 7852 2664 7868 1997 9845 1145 1543 2541 5717 13014 921 3184 531 3010 1337 846 613 18863 603 2135 1387 1404 1269 1181 1136 2037 13798
internal_value=-6.96336e-05 -0.00208931 0.000432863 -0.00103086 -6.42736e-05 -0.00106997 -0.000115508 -0.000947329 0.000321613 0.007124 0.00433833 -0.00528525 0.00598598 -0.0133646 -0.00763954 -0.0121706 0.00647729 0.00251752 -0.00786132 -0.00980885 -0.00733238 0.0340885 0.00687349 0.0042539 0.00166732 0.00466439 0.00135584 0.00476784 0.00134933 0.00507231
internal_weight=11314.1 10908.2 10375.5 10100.5 9911.32 9731.12 9549.34 9406.3 9175.62 4144.59 3980.5 5031.03 2101.66 2929.37 2584.53 2454.34 3849.16 3375.93 2237.4 2161.06 2091.06 473.235 3146.21 2853.95 2640.27 2513.65 2300.17 2177.58 2002.59 1887.32
internal_count=144012 137906 114533 110398 102546 99882 92014 90017 80172 34526 33381 45646 14971 30675 24958 24037 31838 28694 20853 20007 19394 3144 25684 23549 22212 20825 19421 18152 16971 15835
is_linear=0
shrinkage=0.05


Tree=57
num_leaves=31
num_cat=0
split_feature=225 110 104 104 110 110 225 110 110 104 110 225 104 225 110 110 225 104 110 104 110 70 110 104 84 104 110 104 225 110
split_gain=152.483 252.929 355.038 273.51 258.149 253.931 302.433 225.708 183.828 162.889 163.859 154.539 135.155 134.468 197.853 133.255 117.495 113.287 97.7474 90.506 83.2887 76.7268 76.6272 108.452 101.468 74.7125 113.44 67.1745 66.5639 72.9384
threshold=1.3260297775268557 0.076244100928306593 3.9148437976837163 7.0134875774383554 0.11091887950897218 0.049354091286659248 0.90886104106903087 0.035482855513691909 0.12242737412452699 9.0464315414428729 0.19550065696239474 1.0425879359245303 11.647444725036623 0.75520122051239025 0.020502080209553245 0.15958477556705478 0.57892319560050975 15.216999530792238 0.027288263663649562 20.280096054077152 0.24544273316860202 49.500000000000007 0.061560431495308883 5.1849939823150644 75.716548919677749 5.4011600017547616 0.086039882153272643 2.8358474969863896 1.8270083665847781 0.15958477556705478
decision_type=2 2 2 2 2 2 2 2 2 2 2 2 2 2 2 2 2 2 2 2 2 2 2 2 2 2 2 2 2 2
left_child=1 2 5 -3 -5 6 7 13 25 28 -11 -7 -6 14 16 -14 -1 21 -15 -17 -19 -12 -4 24 -24 26 -2 -9 -10 -30
right_child=8 3 22 4 12 11 -8 27 9 10 17 -13 15 18 -16 19 -18 20 -20 -21 -22 -23 23 -25 -26 -27 -28 -29 29 -31
leaf_value=-0.0025315980956782777 0.040586016720191832 -0.03154382842069773 0.050799409856392197 0.029069117821776465 -0.030546381151066761 -0.03923501207550098 0.031039632441113397 -0.039228327583493823 -0.0304765079704588 0.034854046596202663 -0.035081456256715625 -0.0037709542142211807 0.030928428601878655 0.053872134558200516 -0.029132048211964353 -0.029618373274815209 0.050078137653044835 0.047429155091436741 0.0089697366919120718 0.014194824480671895 0.0026440366382662326 0.018736438982035208 -0.036240224821622355 0.043329258481431557 0.021243717119024501 0.043335356210457622 -0.0059603861806055104 0.013532752343860137 0.042393411712819795 -0.01716855364447634
leaf_weight=281.37454880028963 223.68172762729228 1363.1650575585663 326.88182042166591 481.27273961529136 605.23904039431363 618.62775651179254 803.18475137464702 466.78018237091601 436.97238408774137 456.8864446664229 280.93786164093763 605.34583194088191 241.25140285491943 179.62664473801851 462.39021781180054 311.7225237255916 159.52700362913311 119.4379388121888 350.15946193784475 178.42709270957857 531.30546137224883 78.77821883559227 112.40401402674615 257.0086911553517 195.89963902067393 415.55477128736675 292.63593787699938 64.064082853496075 68.759357638657093 138.2593959858641
leaf_count=5525 1574 22401 2590 3868 8559 13775 8486 10713 5615 3746 3076 7405 1820 1985 10904 3514 1950 865 5023 1343 4502 552 1190 1936 2238 3175 2984 597 532 1273
internal_value=-0.000153349 -0.00375241 0.00339497 -0.0147006 -0.00196719 -0.00300127 0.00539279 -0.00520011 0.00936502 0.00116503 0.0103565 -0.0218681 -0.0132751 0.00515314 -0.00658031 0.00123631 0.0171921 -0.000953269 0.0249101 -0.0137043 0.0114573 -0.0231073 0.0317236 0.020002 -0.000194391 0.0277341 0.0145927 -0.0327285 -0.019616 0.00365627
internal_weight=11107.6 8064.35 4883.27 3181.08 1817.91 3991.08 2767.11 1963.92 3043.21 2111.34 1467.35 1223.97 1336.64 1433.08 903.292 731.401 440.902 1010.46 529.786 490.15 650.743 359.716 892.194 565.312 308.304 931.872 516.318 530.844 643.991 207.019
internal_count=143716 115822 74317 41505 19104 66363 45183 36697 27894 20161 12741 21180 15236 25387 18379 6677 7475 8995 7008 4857 5367 3628 7954 5364 3428 7733 4558 11310 7420 1805
is_linear=0
shrinkage=0.05


Tree=58
num_leaves=31
num_cat=0
split_feature=89 89 75 89 89 89 89 89 89 89 89 89 89 89 89 89 89 89 225 75 75 171 103 103 171 222 222 222 87 222
split_gain=142.169 581.798 350.071 275.852 302.357 133.866 284.732 158.314 291.274 143.579 268.469 140.187 243.759 116.094 205.215 91.8527 270.126 215.951 89.3711 65.1385 63.4096 57.6886 77.0346 54.7944 84.0634 51.5246 172.813 79.7175 52.9744 48.6554
threshold=2.9777327775955205 2.2629758119583134 1.5000000000000002 4.097701072692872 4.7165992259979257 5.1804971694946298 5.7524003982543954 6.1574394702911386 6.8143503665924081 7.1943318843841562 7.7707455158233651 8.195402145385744 8.8536138534545916 9.145454406738283 9.8946361541748065 1.2951242923736574 1.4381000995635989 1.0000000180025095e-35 1.0310544967651369 6.5000000000000009 4.5000000000000009 0.49722221493721014 2.4770941734313969 2.9616852998733525 0.39722222089767462 -0.69266802072525013 -0.69327703118324269 -0.91260111331939686 5.9554655551910409 -0.56684672832489003
decision_type=2 2 2 2 2 2 2 2 2 2 2 2 2 2 2 2 2 2 2 2 2 2 2 2 2 2 2 2 2 2
left_child=1 2 15 -2 -5 -6 -7 20 -9 -10 -11 -12 -13 19 -15 17 -17 -1 -16 -14 -8 23 -23 -20 25 26 27 -25 -29 -27
right_child=3 -3 -4 4 5 6 7 8 9 10 11 12 13 14 18 16 -18 -19 21 -21 -22 22 -24 24 -26 29 -28 28 -30 -31
leaf_value=-0.012980630683196329 0.032073656571862473 -0.0585437462228574 0.076370980695900662 -0.054874681035857978 0.032518733245447261 -0.055330968400202164 0.021756960889582556 -0.057388393643144603 0.036242946576641309 -0.056213132723585038 0.037590439573733245 -0.056017520740697192 0.018945782436114538 -0.053855891355054447 -0.0039436543408740161 -0.056732509298861193 0.013111846290455335 0.031817262994537389 -0.0079094312249813666 0.07708034409112885 0.073524126801913045 0.013869399542779177 0.066207055831098496 0.01522534729018493 0.050913004471898574 -0.028906864223295553 0.07367954895962929 -0.049433986951210165 -0.00068572467614762701 0.0032782481042192995
leaf_weight=707.78532935120165 731.36051190271974 494.10757031757385 136.30852497927845 231.76807959005237 331.37820505909622 211.6048125969246 227.2474599648267 199.81136096548289 290.05903105344623 189.70484657585621 264.90661128051579 171.34335479326546 183.38856439013034 153.50306099187583 2490.3567780908197 260.086869886145 277.78962317109108 420.46769512165338 539.5669911801815 60.848104549571872 77.776335459202528 305.63063488155603 84.668588137254119 787.59536851104349 108.11535127088428 134.98750499263406 99.823701720684767 74.386081391945481 164.95844770409167 609.85569959133863
leaf_count=7362 7146 7294 969 3732 3195 3411 2660 3057 3080 2964 2850 2744 2305 2705 44811 3717 2927 3520 6749 431 569 3103 586 8996 863 1654 734 1289 1825 6873
internal_value=-1.8419e-05 -0.0110593 0.00220889 0.00289716 0.000190865 0.00190368 0.000496403 0.00220721 0.000626771 0.00243619 0.000855685 0.00267959 0.00106996 0.00285066 0.00133566 -0.00427786 -0.02108 0.00384712 0.00300122 0.0358913 0.0368717 0.00893859 0.0265934 0.00610909 0.00995035 0.00732609 0.0140257 0.00757243 -0.0172112 -0.00286032
internal_weight=11021.2 2296.55 1802.44 8724.65 7993.28 7761.52 7430.14 7218.53 6913.51 6713.7 6423.64 6233.93 5969.03 5797.68 5553.45 1666.13 537.876 1128.25 5399.95 244.237 305.024 2909.59 390.299 2519.29 1979.72 1871.61 1126.76 1026.94 239.345 744.843
internal_count=144121 25789 18495 118332 111186 107454 104259 100848 97619 94562 91482 88518 85668 82924 80188 17526 6644 10882 77483 2736 3229 32672 3689 28983 22234 21371 12844 12110 3114 8527
is_linear=0
shrinkage=0.05


Tree=59
num_leaves=31
num_cat=0
split_feature=108 108 108 108 108 108 108 108 214 225 110 104 104 110 225 110 225 110 110 110 218 104 104 104 110 104 110 104 225 104
split_gain=451.727 490.198 295.963 170.161 191.499 160.779 151.088 212.72 136.693 139.178 194.848 234.486 182.063 161.627 222.65 204.05 149.018 145.863 116.716 101.104 99.9816 92.2511 91.9085 91.0655 81.2611 103.472 92.7058 81.9344 80.2359 78.6403
threshold=0.99704739451408397 0.99553072452545177 0.99409481883049022 0.99269616603851329 0.99250110983848583 0.99106144905090343 0.98991972208023082 0.98781466484069835 1.2499945759773257 1.3822439312934878 0.083382975310087218 4.7843902111053476 6.7057862281799325 0.064173504710197463 0.98696541786193859 0.03736854903399945 0.80671241879463207 0.12242737412452699 0.020502080209553245 0.13593370467424395 4.0554487705230722 12.574269294738771 3.9148437976837163 9.0464315414428729 0.083382975310087218 9.5737462043762225 0.19550065696239474 26.488859176635746 1.1420742869377138 2.8358474969863896
decision_type=2 2 2 2 2 2 2 2 2 2 2 2 2 2 2 2 2 2 2 2 2 2 2 2 2 2 2 2 2 2
left_child=1 2 3 4 5 6 7 8 9 10 11 13 -12 14 15 16 18 -14 -1 -11 22 -19 -10 -21 -24 -26 -27 -28 -15 -17
right_child=-2 -3 -4 -5 -6 -7 -8 -9 20 19 12 -13 17 28 -16 29 -18 21 -20 23 -22 -23 24 -25 25 26 27 -29 -30 -31
leaf_value=0.033893389042093082 0.052626292454160499 -0.050157684099867018 0.051960624438821872 -0.048735126512716498 0.051010597902353343 -0.048277078595873366 0.050531004696546034 -0.04912260057120283 -0.025852347497919266 0.036899662661035025 -0.034790228232129482 0.043150458574735456 0.020900094027456139 -0.038420258699752019 0.033899184846680377 -0.035993242088967883 0.042373592071391034 -0.031998724140781303 -0.020557859967181139 -0.017939748813211372 0.047240291555786351 0.0043213314383848617 0.015481555868834353 0.019262687774596148 -0.022947426300692002 0.016579391971393253 -0.022267041025792342 0.015312516486858541 0.0031383928151758802 0.0023148334455812521
leaf_weight=134.4379465021193 382.25129801593721 493.59441711008549 260.76396413147449 173.44079476594925 169.69771294668317 167.16135943960398 134.53005149587989 213.9545860812068 670.1799676194787 492.1687233094126 589.28692874126136 412.23136708512902 456.18139131367207 298.74972457624972 612.03331219963729 405.29226783849299 292.22148445993662 367.11596424132586 299.20524557493627 229.68122258223593 69.482945378869772 321.99429646879435 394.76756995916367 518.76659740507603 794.58942931052297 496.07048386707902 492.94017995893955 195.66316080465913 183.90081278979778 196.06318997964263
leaf_count=827 6131 23338 4192 7773 2680 7851 2022 9843 6369 2898 7335 2833 3542 4057 4059 5303 1799 4429 3071 1713 1129 2550 3008 3294 8701 4014 4566 1295 1335 1932
internal_value=-5.98402e-05 -0.00201938 0.000394172 -0.00103215 -0.00012129 -0.0010936 -0.000191808 -0.000993062 0.000214677 0.0047434 0.000696247 0.0087642 -0.0124607 0.00275796 0.0092142 -0.00233739 0.0154174 -0.000769795 -0.00329343 0.0195228 -0.00822286 -0.0152087 -0.00963932 0.00776012 -0.0049732 -0.00911025 0.000285075 -0.0115227 -0.0228432 -0.0236699
internal_weight=10918.4 10536.2 10042.6 9781.81 9608.37 9438.67 9271.51 9136.98 8923.02 5809.33 4568.71 2834.14 1734.58 2421.9 1939.25 1327.22 725.865 1145.29 433.643 1240.62 3113.69 689.11 3044.21 748.448 2374.03 1979.26 1184.67 688.603 482.651 601.355
internal_count=143889 137758 114420 110228 102455 99775 91924 89902 80059 50977 43072 25216 17856 22383 16991 12932 5697 10521 3898 7905 29082 6979 27953 5007 21584 18576 9875 5861 5392 7235
is_linear=0
shrinkage=0.05


Tree=60
num_leaves=31
num_cat=0
split_feature=108 108 108 108 108 225 110 104 110 104 104 110 110 104 110 225 104 110 110 225 225 110 104 110 104 225 110 104 70 110
split_gain=426.791 466.674 279.088 164.433 179.616 155.849 214.14 203.986 178.314 273.428 166.699 217.835 165.239 152.021 131.252 174.177 127.132 122.612 122.413 120.819 110.492 104.9 99.8371 174.642 118.821 97.0907 111.781 93.0023 108.83 89.4227
threshold=0.99704739451408397 0.99553072452545177 0.99409481883049022 0.99269616603851329 0.99250110983848583 1.1420742869377138 0.088595714420080199 6.1247837543487558 0.051623929291963584 2.7182571887969975 4.600194215774537 0.068895712494850173 0.14173142611980441 12.574269294738771 0.03736854903399945 0.80671241879463207 4.2472503185272226 0.22519670426845553 0.023604979738593105 0.65769734978675853 0.98696541786193859 0.068895712494850173 7.0134875774383554 0.10078029707074167 12.574269294738771 1.7079319953918459 0.19550065696239474 26.488859176635746 39.500000000000007 0.15958477556705478
decision_type=2 2 2 2 2 2 2 2 2 2 2 2 2 2 2 2 2 2 2 2 2 2 2 2 2 2 2 2 2 2
left_child=1 2 3 4 5 8 16 -8 9 14 -10 -12 -9 25 15 18 21 -15 19 -1 -16 -7 -13 -24 -25 -14 -27 28 -19 -26
right_child=-2 -3 -4 -5 -6 6 7 12 10 -11 11 22 13 17 20 -17 -18 27 -20 -21 -22 -23 23 24 29 26 -28 -29 -30 -31
leaf_value=-0.011164832621403624 0.052370877701480606 -0.050050120720772834 0.051706169123680562 -0.048640806491221662 0.050670996213225954 0.029804729520280106 -0.022978793638402828 0.024550196928377649 -0.031694976639334509 0.039262307659280585 0.043821588221951091 -0.030148017120233579 -0.031034359788844942 0.032695427969702061 -0.037351341055049281 0.030625725008984941 0.045052314126260588 -0.023690331836316258 -0.031468380552981484 0.054379315449468696 0.011158540724081744 -0.01281980143308146 0.034812406629796885 -0.03208663185319114 0.038008539538759822 0.033571842397725218 -0.022151942647538423 0.022650881593682826 0.037859525570800412 -0.011964364493716193
leaf_weight=190.43564879242331 365.56936858966947 469.69177255034447 248.60118358395994 167.2506087757647 161.50056741945446 291.29223806411028 761.62192805390805 834.8423684630543 1008.1364862006158 421.02626213803887 184.42881246469915 511.68636249564588 517.67519472911954 385.09681369271129 424.2102896310389 398.62217489816248 455.69055141881108 431.82180869299918 334.04754502139986 99.112715922296047 155.57243538834155 268.88835710193962 224.22034715022892 421.64889420475811 131.36572141386569 153.83035363256931 189.83691754285246 252.5230892021209 76.469999532215297 235.30707263108343
leaf_count=2266 6130 23310 4165 7829 2670 1875 8730 6925 16601 3089 1237 7108 6217 2858 7375 3000 3232 3928 5535 748 1104 2616 1509 5601 879 1155 1557 1822 525 2243
internal_value=5.89119e-06 -0.00188215 0.000442682 -0.000924714 -3.63461e-05 -0.00096447 0.00556496 -0.000172011 -0.00732659 0.00390338 -0.0156725 -0.00608955 0.00599887 -0.00180032 -0.00557532 0.00521535 0.0257197 0.0100968 -0.0112548 0.0123374 -0.0243662 0.00947882 -0.012375 -0.0031864 -0.014295 -0.0175623 0.0030348 -0.00161753 -0.0138787 0.00647289
internal_weight=10772 10406.5 9936.76 9688.16 9520.91 9359.41 4619.59 3603.72 4739.82 2023.03 2716.79 1708.66 2842.1 2007.25 1602 1022.22 1015.87 1145.91 623.596 289.548 579.783 560.181 1524.23 1012.54 788.322 861.342 343.667 760.815 508.292 366.673
internal_count=143839 137709 114399 110234 102405 99735 41440 33717 58295 23117 35178 18577 24987 18062 20028 11549 7723 9133 8549 3014 8479 4491 17340 10232 8723 8929 2712 6275 4453 3122
is_linear=0
shrinkage=0.05


Tree=61
num_leaves=31
num_cat=0
split_feature=108 108 108 108 108 108 106 87 87 87 101 87 87 106 87 87 73 89 89 89 225 110 104 110 110 225 214 225 110 225
split_gain=405.05 443.176 265.465 157.051 172.189 148.185 144.736 269.984 188.639 161.915 386.272 245.768 168.221 175.101 145.424 308.459 80.6491 72.9854 120.47 83.1198 74.0006 130.549 158.99 112.509 110.294 78.3472 72.391 58.0381 64.4135 76.1163
threshold=0.99704739451408397 0.99553072452545177 0.99409481883049022 0.99269616603851329 0.99250110983848583 0.99106144905090343 14.438519001007082 3.3944636583328252 3.9909090995788579 1.1314879059791567 inf 1.7388663887977602 2.5902485847473149 1.0000000180025095e-35 5.0259516239166269 5.9554655551910409 3.5000000000000004 2.9777327775955205 2.2629758119583134 1.4381000995635989 0.98696541786193859 0.068895712494850173 5.4011600017547616 0.03736854903399945 0.11091887950897218 1.4157783389091494 1.2321398854255678 1.6193273067474367 0.035482855513691909 0.79115372896194469
decision_type=2 2 2 2 2 2 10 2 2 2 8 2 2 10 2 2 2 2 2 2 2 2 2 2 2 2 2 2 2 2
left_child=1 2 3 4 5 6 9 -8 -9 10 -1 -11 -13 -14 16 -16 -10 18 19 -17 23 -22 -23 -19 -24 -26 27 28 29 -15
right_child=-2 -3 -4 -5 -6 -7 7 8 14 11 -12 12 13 26 15 17 -18 20 -20 -21 21 22 24 -25 25 -27 -28 -29 -30 -31
leaf_value=0.065639040998201212 0.05211618730108783 -0.049947505248190735 0.051415774509854573 -0.048457538339261697 0.050409387561415803 -0.04798846072590085 0.068395494182821773 -0.053703994070239881 0.020281251272983785 -0.054295085641364385 -0.0027846368295324415 0.025549155398534664 -0.052698438714657993 -0.0052157929184453071 -0.054090345240697571 -0.013573869397600897 0.070683790670546934 0.021283077580662169 -0.053540167470370527 0.042682404909909391 0.035516698328271867 -0.013431448410226541 0.044188147647362175 -0.01949900630867837 -0.015013494419591112 0.020395168780541689 -0.023854593903694942 0.026773451605053507 -0.012918572175198617 0.037748951630750101
leaf_weight=222.12840776704252 349.46124283783138 448.16684164199978 238.1711742002517 160.94065516628325 155.77937565371394 154.81627553328872 160.39699736796319 126.39459196850657 368.32292850501835 316.75885444227606 1845.1188722578809 314.04970855079591 237.74311887100339 285.72662038449198 215.0056289723143 191.91785250604153 96.859853740781546 257.84411557205021 117.86483989376575 87.462176375091076 521.34160618390888 594.22143177129328 294.9937945753336 449.71206744387746 235.97678560018539 421.61454482935369 532.94850746635348 142.00379116646945 964.49382568150759 149.51284715346992
leaf_count=2059 6141 23337 4189 7877 2680 7789 1235 1698 2783 6062 13769 2787 4076 3482 3359 1877 653 2367 1478 642 3929 6336 2170 6097 2505 2976 6297 811 11466 1135
internal_value=-5.88684e-05 -0.00187645 0.00035689 -0.000959034 -0.000100729 -0.000999529 -0.000153002 0.00675619 0.00410657 -0.00586383 0.00484817 -0.0133786 -0.00825674 -0.0129381 0.00613704 0.00249624 0.0320427 0.00648856 -0.0133256 0.00490398 0.00936192 0.0141197 0.00672622 -0.00454791 0.0193095 0.0076542 -0.00815098 -0.0026038 -0.00575291 0.0100597
internal_weight=10657.7 10308.3 9860.12 9621.95 9461.01 9305.23 9150.41 4139.93 3979.53 5010.48 2067.25 2943.24 2626.48 2312.43 3853.14 3387.95 465.183 3172.95 397.245 279.38 2775.7 2068.15 1546.81 707.556 952.585 657.591 2074.69 1541.74 1399.73 435.239
internal_count=144062 137921 114584 110395 102518 99838 92049 40105 38870 51944 15828 36116 30054 27267 37172 33736 3436 30377 3997 2519 26380 17916 13987 8464 7651 5481 23191 16894 16083 4617
is_linear=0
shrinkage=0.05


Tree=62
num_leaves=31
num_cat=0
split_feature=108 108 108 108 108 108 108 108 108 108 108 108 214 225 108 108 108 108 108 108 108 86 86 86 102 86 86 86 86 86
split_gain=387.229 422.108 250.162 149.5 163.767 140.753 136.819 194.47 129.768 130.508 158.414 126.107 129.217 128.144 109.905 261.783 153.057 203.331 153.837 169.811 124.491 72.8269 346.247 335.198 314.875 289.505 273.653 146.42 272.882 97.6982
threshold=0.99704739451408397 0.99553072452545177 0.99409481883049022 0.99269616603851329 0.99250110983848583 0.99106144905090343 0.98991972208023082 0.98781466484069835 0.98696711659431469 0.98539230227470409 0.98500218987464916 0.98423999547958385 2.117630243301392 1.6193273067474367 0.98279201984405529 0.9813305437564851 0.98009857535362255 0.97871029376983654 0.97750329971313488 0.97574350237846386 0.9750477969646455 1.1314879059791567 1.7388663887977602 2.2629758119583134 inf 2.9777327775955205 3.3944636583328252 3.9909090995788579 4.097701072692872 4.7165992259979257
decision_type=2 2 2 2 2 2 2 2 2 2 2 2 2 2 2 2 2 2 2 2 2 2 2 2 8 2 2 2 2 2
left_child=1 2 3 4 5 6 7 8 9 10 11 12 13 14 15 16 17 18 19 20 21 24 -23 -24 -1 -25 -27 -28 -29 -30
right_child=-2 -3 -4 -5 -6 -7 -8 -9 -10 -11 -12 -13 -14 -15 -16 -17 -18 -19 -20 -21 -22 22 23 25 -26 26 27 28 29 -31
leaf_value=0.064232474399161021 0.051878063543426514 -0.0498489365200597 0.051135349684067632 -0.048312313863773777 0.050104325830442054 -0.047814794868091141 0.050039979363707791 -0.048784893302755747 0.050713240199861433 -0.048796964243756513 0.0541861636374441 -0.050728501905649218 -0.027016550813181068 0.017641915749342131 0.026431891013421485 -0.055467333000485189 0.03387410806063703 -0.054166240837477259 0.037452023266358513 -0.053963445584596571 0.036635340164403771 -0.055104588243577717 0.06663489229609279 -0.054206309891703303 -0.0048865676527432818 0.066452201402583844 -0.053719154453791752 0.069581996846549032 -0.050315576791639706 -0.0024838277252036299
leaf_weight=199.07476009055972 335.57802321761847 429.88964854832739 225.46930726058781 154.32841094769537 149.02143486589193 148.28791471198201 123.23584679886699 197.99732726812363 115.00308663584292 128.19663738179952 123.67787334881723 113.98130417335778 407.84376407787204 1055.1234536226839 336.25287943333387 215.00529118441045 296.72910585254431 173.45561057794839 242.7605777233839 145.40949213132262 201.74237833358347 312.68739576917142 164.01704247295856 260.19609142653644 772.03305205330253 136.35647590085864 128.57916012220085 120.5898816883564 100.8046853300184 2971.0462958086282
leaf_count=1416 6166 23503 4142 7885 2680 7806 1959 9861 1558 3659 1237 1828 3913 7062 2623 2657 2194 2263 1718 1849 1590 4421 1091 3863 5681 903 1657 751 1568 24555
internal_value=-0.000171636 -0.00194207 0.000226017 -0.00103562 -0.00020353 -0.00107287 -0.000254312 -0.00100454 0.000134932 -0.000599065 0.000186429 -0.000676878 7.61469e-05 0.00151965 -0.00101285 -0.00248447 -0.000568618 -0.00234658 -0.000693578 -0.0024382 -0.00094449 -0.00248018 -0.00533833 -0.00119804 0.00979294 -0.00436152 -0.000464774 -0.00340354 -0.0012156 -0.00421163
internal_weight=10484.4 10148.8 9718.91 9493.44 9339.11 9190.09 9041.8 8918.56 8720.57 8605.56 8477.37 8353.69 8239.71 7831.86 6776.74 6440.49 6225.48 5928.75 5755.3 5512.54 5367.13 5165.38 4194.28 3881.59 971.108 3717.57 3457.38 3321.02 3192.44 3071.85
internal_count=144059 137893 114390 110248 102363 99683 91877 89918 80057 78499 74840 73603 71775 67862 60800 58177 55520 53326 51063 49345 47496 45906 38809 34388 7097 33297 29434 28531 26874 26123
is_linear=0
shrinkage=0.05


Tree=63
num_leaves=31
num_cat=0
split_feature=108 108 108 108 108 108 108 108 214 219 108 108 108 108 108 108 108 108 108 108 108 103 222 222 222 222 222 222 222 222
split_gain=365.027 400.612 239.763 142.434 153.11 135.578 133.913 184.323 127.756 122.581 109.916 112.467 133.797 107.244 104.544 260.582 123.704 206.35 137.58 176.996 107.272 87.8626 85.9684 133.229 83.3084 73.0851 328.942 92.1699 517.441 98.8752
threshold=0.99704739451408397 0.99553072452545177 0.99409481883049022 0.99269616603851329 0.99250110983848583 0.99106144905090343 0.98991972208023082 0.98781466484069835 1.6153678297996523 1.9602886438369753 0.98696711659431469 0.98539230227470409 0.98500218987464916 0.98423999547958385 0.98279201984405529 0.9813305437564851 0.98009857535362255 0.97871029376983654 0.97750329971313488 0.97574350237846386 0.9750477969646455 7.1261363029479989 -1.3862461447715757 -1.409932494163513 -1.2587087154388426 -1.0984957218170164 -1.1046233177185056 -0.69327703118324269 -0.69266802072525013 -0.56684672832489003
decision_type=2 2 2 2 2 2 2 2 2 2 2 2 2 2 2 2 2 2 2 2 2 2 2 2 2 2 2 2 2 2
left_child=1 2 3 4 5 6 7 8 9 10 11 12 13 14 15 16 17 18 19 20 22 -10 23 -1 -24 26 -26 -27 -29 -30
right_child=-2 -3 -4 -5 -6 -7 -8 -9 21 -11 -12 -13 -14 -15 -16 -17 -18 -19 -20 -21 -22 -23 24 -25 25 27 -28 28 29 -31
leaf_value=0.0060519332261229518 0.05163561078529573 -0.049740386438360817 0.050918709435202159 -0.048114716447717802 0.049760462795909441 -0.047656000100502076 0.049795962534775189 -0.048613466003242366 -0.026184998088610363 0.022044211388057896 0.049914348055004276 -0.048051461187277045 0.053263228610858387 -0.049713776767590145 0.02697236544229055 -0.055317806780914018 0.031946615674962341 -0.054084264779504843 0.036650176484662483 -0.053895785075716462 0.035946626224439268 -0.00030259213331482854 -0.029942556691137309 0.066183947059666778 -0.0099746199265921039 -0.015782047191420869 0.081248793328600785 0.078771443019515608 -0.032097321902347806 -0.0010197696638969799
leaf_weight=703.89334851503372 320.02744495123625 407.73852622881532 218.18741907738149 147.41001223772764 141.15801650099456 142.94451462198049 122.07251237891614 188.09093481488526 695.91771706566215 729.72165286168456 100.9951690081507 110.84252089262009 108.54433862864971 98.155706613324583 341.96880449354649 203.41769299097359 294.83587102033198 165.73226686753333 247.30976953729987 142.41470864135772 198.1050688251853 612.75037270691246 274.42030062526464 96.469743888825178 336.85931158065796 1143.622829630971 128.81394074484706 187.49308511614799 303.07767672836781 1406.2277808208019
leaf_count=5750 6163 23373 4173 7908 2660 7882 2035 9823 7233 5197 1424 3305 1124 1656 2626 2543 2115 2224 1703 1815 1536 5600 2779 582 3103 10714 692 1104 2950 12304
internal_value=-0.000102899 -0.00180874 0.000278545 -0.000953247 -0.000148425 -0.000977771 -0.000179161 -0.000926475 0.000167724 0.0027441 0.000577859 -0.000265223 0.000638694 -0.000355243 0.0005085 -0.00108658 0.000967725 -0.000801058 0.00100858 -0.000853167 0.000836755 -0.0141604 -0.000756602 0.0140271 -0.00391516 -0.00179865 0.0164371 -0.00463637 0.00213113 -0.00668478
internal_weight=10319.2 9999.19 9591.45 9373.27 9225.86 9084.7 8941.75 8819.68 8631.59 7322.92 6593.2 6492.2 6381.36 6272.82 6174.66 5832.69 5629.28 5334.44 5168.71 4921.4 4778.98 1308.67 4580.88 800.363 3780.51 3506.09 465.673 3040.42 1896.8 1709.31
internal_count=144096 137933 114560 110387 102479 99819 91937 89902 80079 67246 62049 60625 57320 56196 54540 51914 49371 47256 45032 43329 41514 12833 39978 6332 33646 30867 3795 27072 16358 15254
is_linear=0
shrinkage=0.05


Tree=64
num_leaves=31
num_cat=0
split_feature=108 108 108 108 108 108 108 108 89 89 75 89 89 89 89 89 89 89 89 89 89 89 89 89 89 89 104 70 70 103
split_gain=340.553 382.453 227.479 135.759 145.202 128.375 122.615 175.529 113.833 505.947 286.196 220.176 245.64 112.727 234.507 118.528 248.931 112.264 222.282 113.417 199.892 103.968 154.469 84.6178 222.624 181.379 67.8396 81.5235 55.5042 52.2305
threshold=0.99704739451408397 0.99553072452545177 0.99409481883049022 0.99269616603851329 0.99250110983848583 0.99106144905090343 0.98991972208023082 0.98781466484069835 2.9777327775955205 2.2629758119583134 1.5000000000000002 4.097701072692872 4.7165992259979257 5.1804971694946298 5.7524003982543954 6.1574394702911386 6.8143503665924081 7.1943318843841562 7.7707455158233651 8.195402145385744 8.8536138534545916 9.145454406738283 9.8946361541748065 1.2951242923736574 1.4381000995635989 1.0000000180025095e-35 3.6143331527709965 59.500000000000007 115.50000000000001 3.5632992982864384
decision_type=2 2 2 2 2 2 2 2 2 2 2 2 2 2 2 2 2 2 2 2 2 2 2 2 2 2 2 2 2 2
left_child=1 2 3 4 5 6 7 8 9 10 23 -10 -13 -14 -15 -16 -17 -18 -19 -20 -21 -22 -23 25 -25 -1 28 -28 -24 -29
right_child=-2 -3 -4 -5 -6 -7 -8 -9 11 -11 -12 12 13 14 15 16 17 18 19 20 21 22 26 24 -26 -27 27 29 -30 -31
leaf_value=-0.011527961419724304 0.051384745792324937 -0.049635583237754237 0.05067130040074444 -0.047892813341697572 0.0494784548348709 -0.047440125402008898 0.049339042646572177 -0.048403914756175503 0.031895856216259802 -0.05885670768275561 0.074787954628609501 -0.054689683676680603 0.032809734885109604 -0.055184009569033049 0.035848713575750001 -0.057751347337073614 0.03609888451664469 -0.056188800683106166 0.038354690312690967 -0.056295743449860526 0.038460767981087364 -0.053315602354977669 -0.0075179661404151596 -0.056570552447410383 0.01205216683673877 0.031694811138382149 0.0044311264910856301 0.017457010852809214 0.015897835807124432 0.056627711860108912
leaf_weight=642.28804878238589 302.30282698944211 388.43789402395487 209.55719795264304 140.68785564322025 135.65968454442918 135.434784646146 113.76498111523688 179.28947644401342 606.75356341712177 411.30896660685539 116.94216846488416 184.95437541697174 279.0121210962534 171.11380892805755 246.23754070885479 164.19447395578027 234.48666730709374 152.14043719507754 210.69547096733004 134.15447333082557 193.3810920920223 113.22658547386527 1494.0761791942641 217.30100009776652 240.24112316220999 376.84290862828493 1647.8419065717608 333.17297989316285 294.60887165926397 112.42375624924898
leaf_count=5674 6100 23368 4195 7891 2673 7822 1987 9822 4774 4967 813 2355 2096 2150 2036 1924 1871 1785 1699 1571 1572 1449 14801 2608 2030 2729 15886 2278 2337 707
internal_value=-2.24121e-05 -0.00164567 0.000368421 -0.000820533 -4.45524e-05 -0.000844591 -8.05472e-05 -0.000778143 0.000272563 -0.0101266 0.00273913 0.00345538 0.00051426 0.00237189 0.000771561 0.0026677 0.000993533 0.0030671 0.00134074 0.00339076 0.00160205 0.00358603 0.00180623 -0.00343131 -0.0210518 0.00460715 0.00354677 0.00963634 -0.00359428 0.0283658
internal_weight=10182.5 9880.23 9491.79 9282.24 9141.55 9005.89 8870.45 8756.69 8577.4 2004.92 1593.62 6572.47 5965.72 5780.77 5501.75 5330.64 5084.4 4920.21 4685.72 4533.58 4322.89 4188.73 3995.35 1476.67 457.542 1019.13 3882.12 2093.44 1788.69 445.597
internal_count=143970 137870 114502 110307 102416 99743 91921 89934 80112 18821 13854 61291 56517 54162 52066 49916 47880 45956 44085 42300 40601 39030 37458 13041 4638 8403 36009 18871 17138 2985
is_linear=0
shrinkage=0.05


Tree=65
num_leaves=31
num_cat=0
split_feature=108 108 108 225 110 104 110 104 110 110 104 70 110 104 225 110 70 70 104 110 225 110 90 110 225 104 70 110 104 84
split_gain=323.008 368.728 209.157 132.192 246.268 272.509 199.363 200.244 190.148 161.635 156.339 155.89 135.799 134.976 117.027 115.946 109.25 98.3228 93.9976 91.2743 80.2329 79.6467 76.9619 75.1299 117.941 73.3081 87.1693 72.481 70.7484 126.819
threshold=0.99704739451408397 0.99553072452545177 0.99409481883049022 0.93167042732238781 0.061560431495308883 4.2472503185272226 0.086039882153272643 8.1207995414733904 0.15958477556705478 0.035482855513691909 2.8358474969863896 59.500000000000007 0.04547985456883908 15.216999530792238 0.75520122051239025 0.020502080209553245 41.500000000000007 31.500000000000004 11.647444725036623 0.24544273316860202 0.62294310331344616 0.14173142611980441 30.419345855712894 0.11821050196886064 1.2586827874183657 26.488859176635746 29.500000000000004 0.11091887950897218 5.4011600017547616 84.972728729248061
decision_type=2 2 2 2 2 2 2 2 2 2 2 2 2 2 2 2 2 2 2 2 2 2 2 2 2 2 2 2 2 2
left_child=1 2 3 9 10 -6 28 11 17 14 12 23 -5 16 15 20 -10 18 27 -15 -1 -13 -11 24 -8 26 -21 -9 29 -7
right_child=-2 -3 -4 4 5 6 7 8 13 22 -12 21 -14 19 -16 -17 -18 -19 -20 25 -22 -23 -24 -25 -26 -27 -28 -29 -30 -31
leaf_value=-0.0052858985894849407 0.051188265612801188 -0.049534834504191279 0.050370728334003467 0.030912519212467578 -0.025682789744346835 -0.013337791300315458 -0.028374480215073335 0.033474120822099905 -0.028150541944970943 0.0036880134700208547 0.040442769166447096 0.037401747038829945 -0.016093155367536936 0.032129059288745952 0.024005929851017897 -0.032193696222094836 0.015575041007835095 0.060015474619450893 0.04178580841435154 -0.029601243575840583 0.058232910877700439 -0.013792254776349006 -0.029278441612267204 -0.038765748756105528 0.010262058215556254 0.018604340588816107 0.027721914795628251 -0.0067656307133071502 0.043923170751431546 0.044090767550373715
leaf_weight=145.71668317168951 291.71421409398317 371.35522558633238 196.60743160173297 265.63402665220201 962.51473944168538 210.8092465410009 492.38715599663556 148.71079644281417 588.87668160162866 212.79713227413595 621.9756318051368 178.90759570896626 337.70699422154576 307.91436479613185 407.96610307972878 283.40833195392042 180.443229297176 160.98368982970715 256.71230527479202 263.48970317840576 64.337513851001859 120.12356681935489 985.56083656754345 453.86412733141333 318.65480380691588 261.05835447087884 78.872592858970165 371.32341049518436 336.89707958698273 161.61248752009124
leaf_count=2050 6142 23442 4123 2283 14373 2360 7748 1107 7187 1855 5494 1444 4593 2392 4518 5665 1358 1219 1922 2556 547 1012 17633 6967 2934 1987 639 4348 2658 1377
internal_value=0.000235947 -0.00133985 0.000619778 -0.000499476 0.00277079 -0.00150751 0.00329209 -0.000887719 0.00756052 -0.0114861 0.0230578 -0.0149902 0.0047687 -0.00252406 0.00449136 -0.0117985 -0.0178265 0.0254706 0.0176392 0.0104471 0.0159315 0.0170558 -0.0234424 -0.0226404 -0.0132543 -0.000960279 -0.0159833 0.00515591 0.027607 0.0120846
internal_weight=10038.9 9747.22 9375.87 9179.26 7079.47 5854.16 4891.64 4182.32 2618.39 2099.79 1225.32 1563.94 603.341 1680.65 901.429 493.463 769.32 937.73 776.747 911.335 210.054 299.031 1198.36 1264.91 811.042 603.421 342.362 520.034 709.319 372.422
internal_count=143933 137791 114349 110226 77958 65588 51215 44820 24715 32268 12370 20105 6876 16119 12780 8262 8545 8596 7377 7574 2597 2456 19488 17649 10682 5182 3195 5455 6395 3737
is_linear=0
shrinkage=0.05


Tree=66
num_leaves=31
num_cat=0
split_feature=108 108 108 225 214 225 108 108 108 108 108 108 106 87 219 105 108 108 108 214 108 108 108 108 108 108 108 108 87 87
split_gain=307.628 348.849 203.675 128.005 109.469 67.4889 65.5032 101.426 62.8845 81.0801 83.8457 76.6648 61.8821 59.2048 55.9552 51.7658 51.648 83.5116 47.8345 48.8386 42.3269 111.77 67.0191 87.7924 41.1678 43.8309 65.8803 53.8231 38.783 116.595
threshold=0.99704739451408397 0.99553072452545177 0.99409481883049022 1.1154015064239504 1.499991297721863 2.0165911912918095 0.99269616603851329 0.99250110983848583 0.99106144905090343 0.98991972208023082 0.98781466484069835 0.98696711659431469 20.214430809021 3.3944636583328252 3.0555385351181035 29.348484992980961 0.98539230227470409 0.98500218987464916 0.98423999547958385 2.117630243301392 0.98279201984405529 0.9813305437564851 0.98009857535362255 0.97871029376983654 0.26491117477416998 0.97750329971313488 0.97574350237846386 0.9750477969646455 1.1314879059791567 1.7388663887977602
decision_type=2 2 2 2 2 2 2 2 2 2 2 2 10 2 2 10 2 2 2 2 2 2 2 2 2 2 2 2 2 2
left_child=1 2 3 6 5 12 7 8 9 10 11 16 28 -14 15 -6 17 18 19 20 21 22 23 24 -1 26 27 -26 -5 -30
right_child=-2 -3 -4 4 14 -7 -8 -9 -10 -11 -12 -13 13 -15 -16 -17 -18 -19 -20 -21 -22 -23 -24 -25 25 -27 -28 -29 29 -31
leaf_value=0.033671287092377149 0.050957835332832796 -0.049438106766037757 0.050165067704687399 0.010801034365227755 -0.018937432606796908 0.030882122055940844 -0.046160578645292577 0.047022491999643048 -0.045893990165117693 0.046207646494571014 -0.047022756713975745 0.046758933674435843 0.058903171353321293 0.012601023657638275 0.026396496614900379 0.004959789863155515 -0.045716860963761367 0.049356864429107354 -0.046735050732242434 -0.034643447832606047 0.016430641016670966 -0.052239677404519937 0.025030417684021252 -0.050777214817315022 -0.0068968645860082089 0.021354543408531872 -0.049829766742749304 0.027163373953716697 -0.050996622763184854 0.00097095913352021374
leaf_weight=59.379830492660403 277.59174842573702 355.43993610329926 190.8712285682559 698.84437486343086 746.87266725674272 315.07376562431455 94.361247559078038 78.47261724807322 92.23058476112783 62.865277856588364 117.29206807073206 58.488162886351347 64.158059818670154 1275.7430936330929 95.764874702319503 318.41923472471535 73.016995017416775 57.594212794676423 63.59914340171963 132.62671914789826 211.68272610753775 116.64091568347067 173.80904681608081 96.114920412190259 2496.3909467374906 136.32609247975051 76.178679646924138 111.88507701084018 108.60403786413372 1195.9545612446964
leaf_count=493 6130 23501 4187 5613 8638 2036 5715 1618 5786 1146 6974 856 568 12196 858 3504 2409 619 1225 1214 1760 1703 1331 1530 24576 1018 1132 970 2179 12623
internal_value=-3.44883e-06 -0.00151676 0.000362006 -0.000733113 0.00486083 0.00910145 -0.00698653 -0.00600227 -0.00711927 -0.00612389 -0.00706398 -0.00573269 0.00696286 0.015238 -0.00846459 -0.0118148 -0.00665995 -0.00577572 -0.00677144 -0.00594047 -0.00474989 -0.00616834 -0.0043025 -0.00609357 -0.00443188 -0.0053501 -0.00678048 -0.00533765 0.00138014 -0.00371035
internal_weight=9952.29 9674.7 9319.26 9128.39 4819.43 3658.38 4308.96 4214.59 4136.12 4043.89 3981.03 3863.73 3343.3 1339.9 1161.06 1065.29 3805.25 3732.23 3674.63 3611.03 3478.41 3266.73 3150.08 2976.28 2880.16 2820.78 2684.45 2608.28 2003.4 1304.56
internal_count=144108 137978 114477 110290 48215 35215 62075 56360 54742 48956 47810 40836 33179 12764 13000 12142 39980 37571 36952 35727 34513 32753 31050 29719 28189 27696 26678 25546 20415 14802
is_linear=0
shrinkage=0.05


Tree=67
num_leaves=31
num_cat=0
split_feature=106 87 87 87 87 87 101 87 87 106 87 87 221 87 87 87 87 87 87 87 87 87 87 73 222 222 222 222 104 110
split_gain=122.179 234.598 169.406 124.082 293.376 113.441 330.317 258.133 141.045 188.605 135.328 103.196 76.5769 69.1178 171.982 73.4167 174.775 79.4469 171.143 129.206 190.449 115.893 213.003 65.6102 60.312 123.241 125.238 138.341 54.0382 87.1871
threshold=14.921057224273683 3.3944636583328252 3.9909090995788579 5.0259516239166269 5.9554655551910409 1.1314879059791567 inf 1.7388663887977602 2.5902485847473149 14.921057224273683 3.3944636583328252 18.972318649291996 -0.2281987518072128 6.4756212234497079 6.9961686134338388 7.4832592010498056 7.9818181991577157 8.6158175468444842 8.9331984519958514 10.051903247833254 11.972727298736574 11.093869686126711 10.481155872344972 3.5000000000000004 -1.0027329325675962 -0.9340710937976836 -0.6028212010860442 -0.53259715437889088 17.254394531250004 0.24544273316860202
decision_type=10 2 2 2 2 2 8 2 2 8 2 2 2 2 2 2 2 2 2 2 2 2 2 2 2 2 2 2 2 2
left_child=5 -2 -3 23 -5 6 -1 -7 -9 10 -10 12 -12 -6 -15 -16 -17 -18 -19 -20 21 22 -21 24 -4 -26 -27 -28 -8 -30
right_child=1 2 3 4 13 7 28 8 9 -11 11 -13 -14 14 15 16 17 18 19 20 -22 -23 -24 -25 25 26 27 -29 29 -31
leaf_value=0.062344015816278547 0.0642039798304192 -0.052659821863284967 0.04732903208895789 -0.053361722710699978 0.032646143889773493 -0.053488788137494442 -0.0071563155849605391 0.025048873717475429 0.070175014742347191 -0.052523284407469173 -0.026422451876244847 -0.000711679804724582 0.037792534361735394 -0.052265814355458851 0.033416336738154202 -0.053162128157905046 0.037767068421460964 -0.05332402207348759 0.036632283590834328 -0.05385900505977731 0.01055184836328147 -0.055358613477679099 0.039058078421364953 0.065931810624152251 -0.051370469283398223 0.074118602678489312 -0.052222903899865149 0.042211885308345347 0.042514064126369294 -0.0036003128764318659
leaf_weight=210.75363545678556 159.07013833522797 117.52527233492583 121.37839626334608 209.65148217976093 221.68268749956042 304.39401463512331 1400.8848258377984 319.65218117833138 47.662560747936368 224.10909151379019 724.93116130772978 1790.8116250736639 40.946214322932065 118.93033661879599 227.43107263464481 115.98637072462589 186.07935494463891 111.19703277852386 320.30515093170106 101.96790894400328 1652.2552700322121 184.74622211419046 127.36793817952275 90.575577314943075 61.588236247189343 69.760732091963291 66.422655120491982 68.829536638222635 149.04487999342382 284.39275742601603
leaf_count=2456 1643 2132 1123 4534 2092 7451 13395 3416 402 5102 9900 37538 533 2163 2229 2029 1971 1884 3440 1696 25631 3207 1474 771 795 549 753 613 905 1885
internal_value=0.000184946 0.00645582 0.00410668 0.00587692 0.00264148 -0.00476 0.00455831 -0.0102769 -0.00594253 -0.00952087 -0.00563368 -0.00731483 -0.0225465 0.00627528 0.00431967 0.00670741 0.00442669 0.00710352 0.00467771 0.00759131 0.0029349 -0.0269901 -0.00277916 0.0295154 0.0195708 0.0056788 0.0244092 -0.00456771 -0.00238299 0.012858
internal_weight=9830.33 4332.75 4173.68 4056.16 3577.6 5497.58 2045.08 3452.51 3148.11 2828.46 2604.35 2556.69 765.877 3367.95 3146.27 3027.34 2799.91 2683.92 2497.84 2386.64 2066.34 414.082 229.336 478.555 387.98 266.601 205.013 135.252 1834.32 433.438
internal_count=143712 60729 59086 56954 52350 82983 18641 64342 56891 53475 48373 47971 10433 47816 45724 43561 41332 39303 37332 35448 32008 6377 3170 4604 3833 2710 1915 1366 16185 2790
is_linear=0
shrinkage=0.05


Tree=68
num_leaves=31
num_cat=0
split_feature=89 89 89 89 89 89 89 106 87 87 87 87 87 109 87 92 92 110 73 144 104 104 110 70 218 92 92 92 110 104
split_gain=125.446 467.15 213.376 245.32 181.563 250.504 158.171 101.855 145.843 119.068 91.2652 211.44 62.455 159.352 132.464 177.549 112.077 60.1295 57.2952 60.5132 56.8034 54.4523 70.9844 70.526 45.4171 42.9383 41.6715 177.877 38.2284 49.6968
threshold=2.9777327775955205 2.2629758119583134 4.097701072692872 4.7165992259979257 1.4381000995635989 1.2951242923736574 1.0000000180025095e-35 14.438519001007082 3.3944636583328252 3.9909090995788579 5.0259516239166269 5.9554655551910409 1.1314879059791567 inf 1.7388663887977602 2.2629758119583134 2.9777327775955205 0.035482855513691909 13.500000000000002 7.525944948196412 1.8112934827804568 2.5004253387451176 0.051623929291963584 91.500000000000014 2.9444000720977788 4.097701072692872 4.7165992259979257 4.097701072692872 0.020502080209553245 0.8011668622493745
decision_type=2 2 2 2 2 2 2 10 2 2 2 2 2 8 2 2 2 2 2 2 2 2 2 2 2 2 2 2 2 2
left_child=1 4 -2 -4 5 6 -1 12 -9 -10 26 -12 13 -5 -14 -16 -17 20 19 -13 28 -19 -23 25 -21 -24 27 -11 29 -18
right_child=2 -3 3 7 -6 -7 -8 8 9 10 11 18 14 -15 15 16 17 21 -20 24 -22 22 23 -25 -26 -27 -28 -29 -30 -31
leaf_value=-0.012630523081183018 0.029649045140916937 -0.05780487598981067 -0.053777727499064676 0.059853798776657079 0.031258249540160363 -0.055615889477733826 0.027223300441877853 0.063207525772289219 -0.050734694977700612 0.06875661441158025 -0.052327698461095834 0.020951100916930469 -0.05144226190828273 -0.0015680720722922202 0.065835381164596071 -0.051602487500076559 -0.0011840066417592827 -0.024894354469573828 0.027661102702191395 -0.00033207302104399473 0.04167229592627026 0.029679853424920823 0.016791477672936275 0.027295587957676559 0.035650072067877722 -0.018590083021487135 0.044212068437930706 -0.050450087342470043 -0.0084477835554369572 0.043719687560341641
leaf_weight=656.29955299850553 664.55884461477399 414.99453825317323 194.33063977677375 114.23325409553945 371.99597364570946 217.34183082729578 387.55529373232275 105.17988807708025 80.354857319034636 48.75836774520576 144.48797085415572 478.43572637531906 155.5058972556144 700.82895533461124 75.080411383882165 127.08591398689896 158.39069372974336 457.26337480731308 311.14804129302502 1917.4046976733953 90.36307373829186 124.78172823786736 89.622464556246996 106.59394735470414 81.892090409994125 701.76484193559736 219.31996307056397 57.046201453544199 392.96573134604841 90.323207601904869
leaf_count=7371 7087 7371 3771 1329 3878 3653 3514 1132 1556 411 3283 6276 4148 6605 693 2929 4088 11047 4289 28892 1044 1419 1016 874 841 10924 2031 762 10219 1469
internal_value=-0.000143597 -0.0111083 0.00278829 0.000208084 0.00103686 -0.00805286 0.00228405 0.00182077 0.00786353 0.00593655 0.00748502 0.00464383 -0.00433278 0.00766148 -0.00815203 -0.00516292 -0.00771232 -0.0049699 0.00777186 0.00517306 0.00669088 -0.0107437 -0.00423733 -0.00922537 0.00131186 -0.0144237 0.0322156 0.00567801 0.00120083 0.0161828
internal_weight=9735.91 2048.19 7687.72 7023.16 1633.19 1261.2 1043.85 6828.83 3444.03 3338.85 3258.49 2933.37 3384.8 815.062 2569.74 2414.24 2339.15 2212.07 2788.88 2477.73 732.043 1480.03 1022.76 897.981 1999.3 791.387 325.125 105.805 641.68 248.714
internal_count=143922 25787 118135 111048 18416 14538 10885 107277 49473 48341 46785 43581 57804 7934 49870 45722 45029 42100 40298 36009 16820 25280 14233 12814 29733 11940 3204 1173 15776 5557
is_linear=0
shrinkage=0.05


Tree=69
num_leaves=31
num_cat=0
split_feature=108 108 108 108 108 108 214 225 110 225 110 103 110 110 103 110 103 225 110 225 103 110 103 110 225 110 225 103 110 225
split_gain=284.308 324.846 188.197 120.164 125.495 112.22 111.891 114.79 191.078 170.622 155.155 141.363 137.411 124.102 121.516 168.903 115.693 88.4042 101.645 77.5996 88.3548 114.614 72.8693 64.9556 64.885 66.8423 61.1974 55.2111 58.2426 72.0585
threshold=0.99704739451408397 0.99553072452545177 0.99409481883049022 0.99269616603851329 0.99250110983848583 0.99106144905090343 2.117630243301392 1.2785319685935976 0.068895712494850173 0.95398628711700451 0.10078029707074167 6.1624765396118173 0.03736854903399945 0.10078029707074167 3.345346331596375 0.047857817262411124 5.01770043373108 0.79115372896194469 0.024952211417257789 1.7079319953918459 5.2048368453979501 0.16676595062017444 11.773460388183596 0.15958477556705478 0.65769734978675853 0.017741427756845955 1.1154015064239504 15.47213649749756 0.13593370467424395 1.0777410864830019
decision_type=2 2 2 2 2 2 2 2 2 2 2 2 2 2 2 2 2 2 2 2 2 2 2 2 2 2 2 2 2 2
left_child=1 2 3 4 5 6 7 8 9 12 -9 -10 17 -13 15 -11 -14 18 24 20 -12 -22 -23 -21 25 -1 -17 28 29 -15
right_child=-2 -3 -4 -5 -6 -7 -8 10 11 14 19 13 16 27 -16 26 -18 -19 -20 23 21 22 -24 -25 -26 -27 -28 -29 -30 -31
leaf_value=0.021502528469498679 0.050655782042236079 -0.049294962917504959 0.04980232215289021 -0.047422162209820387 0.048750096181964332 -0.046917207414325229 -0.025844404781814392 0.032484962110115173 -0.025670432002355442 0.038733454924564127 -0.021748877821015158 0.023429689211582692 -0.030163873462878306 -0.024248004304640351 0.042639869848670339 -0.021322239914140704 0.026439941564486941 0.026363530426225936 -0.032524255400479513 0.04115710818048867 0.024862737284945004 -0.025483923597226673 0.012885990622269958 0.0077104703518738535 0.040040817022349288 -0.03810485948440899 0.013098399804667545 0.0079943750261551576 -0.030993889403995181 0.015531775711811913
leaf_weight=90.598797677084804 259.00746603496373 332.23188295308501 178.24689900502563 125.61954576056451 120.08590964227915 119.53043651022017 389.90274578146636 571.06733304914087 1153.88327538874 292.35259260330349 453.23176386393607 346.483124778606 575.88923185225576 216.66620899643749 392.9677265426144 322.8152576982975 98.729036884382367 372.05062343832105 196.93600747641176 179.19834450539201 396.73786723706871 308.56995346583426 194.36893235146999 653.7710036598146 118.02712633740157 78.760813935659826 202.4411180941388 292.96563016902655 383.61762710753828 219.17990695964545
leaf_count=718 6110 23449 4211 7844 2643 7781 4080 4000 17355 2107 4979 2999 9986 3077 3254 4332 748 3027 3328 1194 3405 3369 1505 5033 980 1054 1429 2494 5365 2169
internal_value=-2.54238e-05 -0.0014778 0.000331131 -0.0007184 6.23117e-06 -0.000728463 -2.46694e-05 0.00124675 -0.0030215 0.00618956 0.00951726 -0.0126733 -0.00489874 -0.00228881 0.020138 0.00893832 -0.0216148 0.00836704 -0.00571129 0.00339626 -0.00399665 0.00508719 -0.0106931 0.0153088 0.0131385 -0.0067969 -0.00805918 -0.0104366 -0.0170428 -0.00434372
internal_weight=9635.93 9376.93 9044.69 8866.45 8740.83 8620.74 8501.21 8111.31 5354.36 2741.57 2756.95 2612.8 1530.99 1458.91 1210.58 817.609 674.618 856.373 484.323 2185.88 1352.91 899.677 502.939 832.969 287.387 169.36 525.256 1112.43 819.464 435.846
internal_count=144025 137915 114466 110255 102411 99768 91987 87907 64422 30963 23485 33459 19841 16104 11122 7868 10734 9107 6080 19485 13258 8279 4874 6227 2752 1772 5761 13105 10611 5246
is_linear=0
shrinkage=0.05


Tree=70
num_leaves=31
num_cat=0
split_feature=108 108 108 225 110 104 110 110 104 104 70 104 104 110 104 110 110 104 70 110 70 104 110 225 225 110 110 104 110 225
split_gain=269.672 310.678 174.106 118.658 202.173 209.397 150.187 146.314 163.907 139.331 102.642 99.3061 92.2625 144.653 117.639 113.296 89.287 97.0758 97.9974 89.1892 82.2277 114.358 80.7037 116.722 79.591 73.13 71.9233 68.8286 67.2808 63.6472
threshold=0.99704739451408397 0.99553072452545177 0.99409481883049022 1.0425879359245303 0.076244100928306593 5.4011600017547616 0.12242737412452699 0.039559902623295791 2.0950937271118169 9.0464315414428729 67.500000000000014 3.7626260519027714 3.080655694007874 0.059776136651635177 6.1247837543487558 0.086039882153272643 0.17529228329658511 17.254394531250004 41.500000000000007 0.051623929291963584 43.500000000000007 7.7294142246246347 0.027288263663649562 0.71249237656593334 0.83493506908416759 0.27359752357006079 0.093985531479120268 9.5737462043762225 0.017741427756845955 1.4985342025756838
decision_type=2 2 2 2 2 2 2 2 2 2 2 2 2 2 2 2 2 2 2 2 2 2 2 2 2 2 2 2 2 2
left_child=1 2 3 7 11 29 20 8 22 10 -8 19 -9 -14 -15 -16 -11 18 -18 -5 21 26 23 28 -24 -19 -7 -17 -1 -6
right_child=-2 -3 -4 4 5 6 9 12 -10 16 -12 -13 13 14 15 27 17 25 -20 -21 -22 -23 24 -25 -26 -27 -28 -29 -30 -31
leaf_value=0.01799834174366334 0.050463204849542323 -0.049185015187528359 0.049516264039969532 0.03640362935263293 -0.029455186524125807 0.022100629837530913 -0.03104078235768791 -0.030987481453617623 0.042858490417207851 0.021807377178981315 0.023997912288124836 0.039721648024376915 0.021649946732302878 -0.037168898482621567 0.037924697880836918 -0.035588647880615297 -0.025734365942534435 0.034212277642848975 0.019292625621921675 -0.0023183681994946568 0.048415921766134309 0.034782895318681471 -0.035784487315814247 0.042008077015457501 0.0050323774466901443 -0.00066770248156812506 -0.018380002448570468 -0.00013433219632482695 -0.027724327887088302 0.0012792400008613577
leaf_weight=134.42305924557149 249.16939762234688 316.11335783544928 167.55092640779912 207.16462911106646 692.9741162089631 165.33572626020759 519.27294278051704 676.03998427186161 231.00239790230989 540.71530957892537 93.171696437522769 478.09376799780875 302.20718090236187 426.94082345254719 121.86844840086997 208.69997885171324 515.06277609989047 220.33125772606581 148.93883643299341 468.3194998735562 206.3062352091074 338.60387275926769 260.26810548268259 178.01402570679784 210.07741470262408 431.27765712607652 283.71260453760624 366.14500980637968 173.10523763112724 220.46945902518928
leaf_count=1604 6150 23421 4133 1577 11168 1451 7626 14946 2055 5213 658 4039 3087 8011 887 3403 6100 1742 1083 5222 1620 2700 6056 1674 2062 3713 3730 3788 3364 1798
internal_value=0.000155604 -0.00124468 0.000494566 -0.00049187 0.00397925 -0.000943984 0.00468534 -0.00799886 0.00600399 -0.00193797 -0.0224167 0.0225035 -0.0158969 -0.00857606 -0.0168246 -0.00400826 0.00490234 -0.00215772 -0.0154982 0.00991512 0.0209916 0.0132916 -0.00325388 0.0109396 -0.0178286 0.0114653 -0.00331862 -0.0133946 -0.00780118 -0.0221036
internal_weight=9551.38 9302.21 8986.09 8818.54 5529.75 4376.17 3462.73 3288.79 1186.89 2468.77 612.445 1153.58 2101.9 1425.86 1123.65 696.713 1856.33 1315.61 664.002 675.484 993.958 787.652 955.888 485.542 470.346 651.609 449.048 574.845 307.528 913.444
internal_count=144081 137931 114510 110377 59440 48602 35636 50937 16815 26135 8284 10838 34122 19176 16089 8078 17851 12638 7183 6799 9501 7881 14760 6642 8118 5455 5181 7191 4968 12966
is_linear=0
shrinkage=0.05


Tree=71
num_leaves=31
num_cat=0
split_feature=108 108 108 108 108 214 225 110 104 104 110 110 225 110 110 104 110 104 225 104 110 225 110 104 110 104 84 110 225 225
split_gain=255.145 295.513 167.653 113.978 118.518 106.095 124.284 170.309 261.381 176.895 224.02 145.825 192.459 138.384 126.654 116.346 100.841 109.823 100.73 99.0491 111.458 83.2617 86.9648 69.7523 77.538 67.6713 78.9201 63.4364 57.5454 56.935
threshold=0.99704739451408397 0.99553072452545177 0.99409481883049022 0.99269616603851329 0.99250110983848583 1.8461346626281741 1.3260297775268557 0.068895712494850173 3.6143331527709965 5.8648414611816415 0.10078029707074167 0.047857817262411124 0.88606876134872448 0.027288263663649562 0.10078029707074167 5.6332216262817392 0.15958477556705478 12.574269294738771 1.0198564529418948 10.169554233551027 0.14173142611980441 0.6868899166584016 0.017741427756845955 15.216999530792238 0.19550065696239474 7.3575022220611581 55.96934890747071 0.24544273316860202 2.0165911912918095 1.6193273067474367
decision_type=2 2 2 2 2 2 2 2 2 2 2 2 2 2 2 2 2 2 2 2 2 2 2 2 2 2 2 2 2 2
left_child=1 2 3 4 5 6 7 8 11 -9 25 12 13 21 -8 -16 29 -18 -13 -12 -21 22 -1 -22 -25 26 -11 -19 -29 -17
right_child=-2 -3 -4 -5 -6 -7 14 9 -10 10 19 18 -14 -15 15 16 17 27 -20 20 23 -23 -24 24 -26 -27 -28 28 -30 -31
leaf_value=0.027553967551820303 0.050235955093649254 -0.049083699206289064 0.049313944941626657 -0.047180055686507648 0.048462725041871629 -0.018472948097442356 0.035912777677406769 -0.028054012460163813 0.03673809150748792 -0.017548520846670877 -0.028120930262295923 -0.037965105098597955 0.031319442589774815 -0.023498690865012106 -0.025474604263620072 0.016576436003072976 -0.017497709145633804 0.036143510150113238 -0.0015612589002128683 0.02998181719623564 -0.031717833979055483 0.040106103250249936 -0.032337422947822596 0.036757445096448425 -0.014640206198691694 0.047159509081414447 0.035929957998126615 -0.014870298280049663 0.023617463070851663 0.052446443235337536
leaf_weight=102.56778786331415 236.39231279864907 302.84145574923605 161.51480945944786 119.39814579533413 114.83203860744834 747.53144396748394 408.08478453475982 1016.5950616737828 542.34162606764585 130.21420540846884 569.69166124053299 363.85164858680218 527.35286511294544 508.06101440452039 253.09039738867432 377.31366917863488 438.05333562660962 215.95210252795368 388.27026603836566 204.96597103960812 244.12846431601793 176.31456113792956 121.62549659330398 103.98111610580236 196.39942835271358 216.09607904404402 126.91687861550599 206.16568721365184 166.48514526616782 156.72976088430732
leaf_count=970 6115 23539 4154 7910 2664 8101 2737 17279 4563 1359 8960 8061 4672 9356 2621 3444 4295 1649 3781 1622 3374 1509 2183 765 1785 1542 1130 1727 1234 1068
internal_value=2.23852e-05 -0.00131991 0.000357763 -0.00060194 9.68571e-05 -0.000611998 0.00112985 -0.00287911 0.00600292 -0.0115033 -0.00201256 -0.00174777 0.00758924 -0.00637529 0.0110927 0.00534218 0.0104699 0.0012352 -0.0194393 -0.012601 -0.000589104 0.0153897 -0.00493071 -0.0124299 0.00376288 0.0271538 0.00920472 0.0152361 0.00249231 0.027874
internal_weight=9443.76 9207.37 8904.53 8743.01 8623.61 8508.78 7761.25 5539.37 2730.39 2808.99 1792.39 2188.04 1435.92 908.569 2221.87 1813.79 1560.7 1026.66 752.122 1319.17 749.475 400.508 224.193 544.509 300.381 473.227 257.131 588.603 372.651 534.043
internal_count=144169 138054 114515 110361 102451 99787 91686 72911 35095 37816 20537 30532 18690 14018 18775 16038 13417 8905 11842 16506 7546 4662 3153 5924 2550 4031 2489 4610 2961 4512
is_linear=0
shrinkage=0.05


Tree=72
num_leaves=31
num_cat=0
split_feature=108 108 108 225 110 104 110 104 110 104 110 104 104 110 110 110 225 225 110 104 225 104 70 104 110 225 110 225 70 104
split_gain=248.806 273.632 163.174 109.412 167.722 160.493 141.298 199.982 136.958 131.546 154.396 125.029 98.7384 96.1365 95.9901 93.4831 112.471 103.109 97.8255 82.4251 79.0017 78.648 76.7281 118.073 69.3251 66.4372 72.0615 63.6197 57.1405 56.8242
threshold=0.99704739451408397 0.99553072452545177 0.99409481883049022 1.1287437081336977 0.086039882153272643 5.8648414611816415 0.051623929291963584 2.7182571887969975 0.14173142611980441 4.420795440673829 0.076244100928306593 11.647444725036623 9.0464315414428729 0.11091887950897218 0.22519670426845553 0.035482855513691909 0.79115372896194469 0.90886104106903087 0.023604979738593105 4.0782964229583749 0.65769734978675853 20.280096054077152 45.500000000000007 8.1207995414733904 0.064173504710197463 1.8270083665847781 0.22519670426845553 1.4541449546813967 41.500000000000007 15.216999530792238
decision_type=2 2 2 2 2 2 2 2 2 2 2 2 2 2 2 2 2 2 2 2 2 2 2 2 2 2 2 2 2 2
left_child=1 2 3 6 19 -6 7 15 22 -8 -11 25 -12 -14 27 16 18 -17 20 24 -1 28 23 -7 -5 -10 -27 -13 -16 -15
right_child=-2 -3 -4 4 5 8 9 -9 11 10 12 14 13 29 21 17 -18 -19 -20 -21 -22 -23 -24 -25 -26 26 -28 -29 -30 -31
leaf_value=-0.0067482513801583799 0.050070053633978095 -0.048963994476912687 0.049077535406468385 0.028337265720574413 -0.021901002111621617 -0.0062140949471964253 -0.031611906531976458 0.035054111887189071 -0.030471314756671655 0.023338542396568893 -0.029429708907729491 0.0077699161494897938 0.038267910326092003 -0.02486308190558793 -0.032671288995044304 -0.040361374632036505 0.02749792440491914 -0.00012402834084866227 -0.0306126717513956 0.038589424190340504 0.047186719731772346 0.010282567878679977 0.051208313721556355 0.033098919112261392 -0.0074994917884555583 0.02135887832185461 -0.035330126520279989 0.045539945501382802 0.017620930888257332 0.0092375786218372412
leaf_weight=201.25038651097566 227.97362811211497 286.4941613082774 155.33159060589969 240.95479570236057 702.74983386835083 377.46383193740621 786.90334783121943 382.46811700891703 463.09119139425457 329.82920828368515 579.52302886545658 256.08812957443297 116.61357495002449 279.45426898496225 259.09047225303948 298.39932643156499 342.71579066943377 329.25315455719829 255.60385855846107 436.44559439923614 90.933967531658709 401.03710810560733 157.96382752712816 371.18343607150018 284.94621054641902 155.12898552324623 74.904985157772899 194.6542348889634 64.596958771348 204.21361633762717
leaf_count=3152 6129 23314 4201 1749 9511 4453 16907 3354 6598 2868 10004 2489 805 3826 2972 7509 3422 3910 5738 3642 895 3266 1211 3110 3239 1250 652 1518 477 1800
internal_value=-0.000399391 -0.00172033 -0.000127123 -0.00106772 0.00439884 -0.000731471 -0.00684768 0.00323109 0.00468856 -0.0151668 -0.00644303 -0.00306164 -0.014895 -0.000610658 0.00686386 -0.00496298 0.00544726 -0.0195867 -0.00859407 0.0227568 0.0110435 -0.00442417 0.0205214 0.0134569 0.00914241 -0.0197524 0.00219663 0.0247154 -0.0224074 -0.0105697
internal_weight=9307.26 9079.29 8792.79 8637.46 4440.3 3477.95 4197.16 1900.62 2775.2 2296.54 1509.63 1868.59 1179.8 600.281 1175.47 1518.16 890.504 627.652 547.788 962.347 292.184 724.725 906.611 748.647 525.901 693.125 230.034 450.742 323.687 483.668
internal_count=143971 137842 114528 110327 46137 37507 64190 27980 27996 36210 19303 19222 16435 6431 10722 24626 13207 11419 9785 8630 4047 6715 8774 7563 4988 8500 1902 4007 3449 5626
is_linear=0
shrinkage=0.05


Tree=73
num_leaves=31
num_cat=0
split_feature=89 89 75 89 89 89 89 89 89 89 89 89 89 89 89 89 89 89 89 89 89 89 89 89 89 89 89 89 75 75
split_gain=103.872 434.247 242.477 178.854 212.902 87.9046 221.969 105.426 222.5 111.785 209.297 105.223 187.411 104.36 148.866 60.5009 202.165 141.137 60.3119 155.587 79.7236 163.923 65.6564 162.651 82.9443 137.422 53.305 108.141 47.2634 45.5509
threshold=2.9777327775955205 2.2629758119583134 1.5000000000000002 4.097701072692872 4.7165992259979257 5.1804971694946298 5.7524003982543954 6.1574394702911386 6.8143503665924081 7.1943318843841562 7.7707455158233651 8.195402145385744 8.8536138534545916 9.145454406738283 9.8946361541748065 1.2951242923736574 1.4381000995635989 1.0000000180025095e-35 10.223968029022219 10.809091091156008 11.277260780334474 11.883658409118654 12.293103218078615 12.814878940582277 13.286160945892336 13.938704013824465 14.300000190734865 14.888663768768312 4.5000000000000009 6.5000000000000009
decision_type=2 2 2 2 2 2 2 2 2 2 2 2 2 2 2 2 2 2 2 2 2 2 2 2 2 2 2 2 2 2
left_child=1 2 15 -2 -5 -6 -7 28 -9 -10 -11 -12 -13 29 -15 17 -17 -1 -16 -20 -21 -22 -23 -24 -25 -26 -27 -28 -8 -14
right_child=3 -3 -4 4 5 6 7 8 9 10 11 12 13 14 18 16 -18 -19 19 20 21 22 23 24 25 26 27 -29 -30 -31
leaf_value=-0.011941503593479254 0.027614718075206719 -0.057412081631581457 0.069988661741183941 -0.053115081517565721 0.027977208857518612 -0.05443512728226018 0.018477388415177091 -0.056039354655451304 0.03405778164427218 -0.055206393045933555 0.034974509106623489 -0.054892634295791498 0.019955000403285069 -0.05231509535547188 0.028883707621479706 -0.055286630729208856 0.010866941075103949 0.026051890672469064 -0.053089635879927016 0.035559356411446377 -0.054359231309613613 0.034383383198936128 -0.054837394194020561 0.040152433790534105 -0.053525970077702191 0.033692427412899115 -0.050911935842037709 0.0041217245814661385 0.067167484800082847 0.072130104170841786
leaf_weight=633.68344116769731 635.24397163838148 383.95815250277519 108.78712630644441 173.20816150633618 289.92228362942114 170.11124655092135 194.37789866887033 159.10415140772238 252.04492110945284 152.86214044597 226.03705063462257 136.59837213065475 156.18974391277879 117.88636275148019 195.0871055573225 201.5172038055025 248.46625837497413 384.20323549304157 118.40531385829672 167.72229164233431 117.94861629093066 151.420923945494 112.62020600354299 139.78486987715587 97.492046077270061 133.86747549660504 81.889667194336653 3139.7686599423178 63.66583464294672 54.390779348090291
leaf_count=7396 7071 7432 934 3719 3220 3423 2659 3041 3051 3009 2828 2723 2277 2664 2411 3674 2916 3558 2546 2267 2393 2112 2132 1923 1981 1783 1871 55715 556 443
internal_value=-0.000278374 -0.0104568 0.00126783 0.0024895 3.39935e-05 0.00154614 0.000254486 0.00190148 0.000462316 0.00217933 0.000602034 0.0023633 0.000797501 0.00249865 0.000876739 -0.00426434 -0.0193166 0.00251311 0.00239795 0.00112051 0.00279411 0.00132576 0.00316488 0.00180003 0.00372267 0.00213624 0.00390769 0.00256964 0.0325481 0.0360904
internal_weight=9198.27 1960.62 1576.66 7237.65 6602.41 6429.2 6139.28 5969.16 5711.12 5552.02 5299.97 5147.11 4921.07 4784.47 4573.89 1467.87 449.983 1017.89 4456.01 4260.92 4142.51 3974.79 3856.84 3705.42 3592.8 3453.02 3355.53 3221.66 258.044 210.581
internal_count=143728 25910 18478 117818 110747 107028 103808 100385 97170 94129 91078 88069 85241 82518 79798 17544 6590 10954 77134 74723 72177 69910 67517 65405 63273 61350 59369 57586 3215 2720
is_linear=0
shrinkage=0.05


Tree=74
num_leaves=31
num_cat=0
split_feature=108 108 108 106 87 87 92 92 87 87 87 101 87 92 92 222 222 92 217 225 110 104 110 104 110 110 70 92 104 110
split_gain=228.079 261.595 149.927 105.119 196.963 150.17 122.463 109.373 163.678 240.441 102.835 281.111 206.051 273.214 147.632 64.256 102.306 64.2169 65.0029 56.8747 106.647 118.694 130.52 76.2405 65.7276 65.3982 52.8675 47.1808 45.0462 62.9813
threshold=0.99704739451408397 0.99553072452545177 0.99409481883049022 14.921057224273683 3.3944636583328252 3.9909090995788579 4.097701072692872 4.7165992259979257 5.0259516239166269 5.9554655551910409 1.1314879059791567 inf 1.7388663887977602 2.2629758119583134 2.9777327775955205 -0.14998495578765866 -0.22307433933019635 4.097701072692872 -0.70089927315711964 0.93167042732238781 0.059776136651635177 4.420795440673829 0.093985531479120268 7.7294142246246347 0.15958477556705478 0.03736854903399945 51.500000000000007 5.1804971694946298 17.254394531250004 0.24544273316860202
decision_type=2 2 2 10 2 2 2 2 2 2 2 8 2 2 2 2 2 2 2 2 2 2 2 2 2 2 2 2 2 2
left_child=1 2 3 10 -5 -6 -7 -8 27 -10 11 -1 -12 -14 -15 16 17 -16 -19 25 -21 -22 -23 26 -25 -11 -24 -9 -13 -30
right_child=-2 -3 -4 4 5 6 7 8 9 19 12 28 13 14 15 -17 -18 18 -20 20 21 22 23 24 -26 -27 -28 -29 29 -31
leaf_value=0.061101208783061189 0.04978370231061835 -0.048836982783078825 0.048763653976410748 0.062967479896428924 -0.052312171099056573 0.070195928768989779 -0.052057875153486546 0.071525764963415062 -0.053030444072027005 0.0086448573155209936 -0.053032501325000127 -0.0075919654047600848 0.066089222288276447 -0.05319943589191161 0.025810974145112433 0.047710861752685532 -0.056266407198334312 -0.0029350065071301972 -0.023146830338348016 0.030160281806055317 -0.017028812387911273 0.035771766575105571 -0.02437893777767576 0.031479975503589629 -0.0015198595277903459 -0.026698453859727973 0.0097333044647012409 0.02566739679230174 0.035956232322466954 -0.0033706413489695657
leaf_weight=179.48365583457053 213.20018658135086 271.32745119417086 145.77766954991966 133.46888552978635 107.87328029517084 60.75942693464458 75.78830776643008 81.452459489926696 178.29609979642555 244.3782078512013 262.84828523453325 1314.1836195169017 111.12924654223025 180.23597755096853 137.33170286659151 42.129776496440172 97.070954329334199 1473.0302668251097 536.84304166864604 448.82991565298289 515.73575582355261 372.65113541204482 320.31115829758346 269.26922444067895 326.34217406250536 262.8478049132973 166.31216694507748 200.76141371391714 149.65327514428645 276.8104461831972
leaf_count=2164 6113 23380 4177 1334 1950 457 953 615 3885 3435 6716 12151 1013 4013 1180 682 1135 22357 9069 4663 7738 3532 4652 2318 2934 5451 1483 1806 900 1791
internal_value=-0.000141447 -0.00138594 0.000153305 -0.000734007 0.00550087 0.00322175 0.00506505 0.00372347 0.00512114 0.00174851 -0.0056661 0.00326316 -0.0116922 -0.00728815 -0.0108475 -0.00729181 -0.00853139 -0.00612256 -0.00842151 0.00525492 0.00844534 0.00337223 0.010671 0.00177953 0.0136725 -0.00983236 -0.0127592 0.0408978 -0.00301566 0.0109374
internal_weight=9156.13 8942.93 8671.61 8525.83 3765.08 3631.61 3523.74 3462.98 3387.19 3104.97 4760.75 1920.13 2840.62 2577.77 2466.64 2286.41 2244.28 2147.21 2009.87 2926.68 2419.45 1970.62 1454.89 1082.23 595.611 507.226 486.623 282.214 1740.65 426.464
internal_count=144047 137934 114554 110377 47206 45872 43922 43465 42512 40091 63171 17006 46165 39449 38436 34423 33741 32606 31426 36206 27320 22657 14919 11387 5252 8886 6135 2421 14842 2691
is_linear=0
shrinkage=0.05


Tree=75
num_leaves=31
num_cat=0
split_feature=108 108 108 108 89 89 75 89 89 106 87 87 92 92 87 87 89 89 89 87 101 87 92 92 73 133 108 215 92 104
split_gain=215.402 250.629 142.792 102.219 108.97 387.075 221.396 159.515 198.992 83.8161 114.278 99.7746 72.3074 74.2769 90.2985 177.177 58.4844 171.736 125.659 46.4336 127.744 103.83 137.801 87.572 46.1142 55.9698 40.4744 37.8471 32.0756 31.0482
threshold=0.99704739451408397 0.99553072452545177 0.99409481883049022 0.99269616603851329 2.9777327775955205 2.2629758119583134 1.5000000000000002 4.097701072692872 4.7165992259979257 13.959763526916506 3.3944636583328252 3.9909090995788579 4.097701072692872 4.7165992259979257 5.0259516239166269 5.9554655551910409 1.2951242923736574 1.4381000995635989 1.0000000180025095e-35 1.1314879059791567 inf 1.7388663887977602 2.2629758119583134 2.9777327775955205 18.500000000000004 7.1093804836273202 0.99250110983848583 1.326964855194092 5.1804971694946298 3.6143331527709965
decision_type=2 2 2 2 2 2 2 2 2 10 2 2 2 2 2 2 2 2 2 2 8 2 2 2 2 2 2 2 2 2
left_child=1 2 3 4 5 6 16 -6 -9 19 -11 -12 -13 -14 28 -16 18 -18 -1 20 -10 -21 -23 -24 25 -17 27 -25 -15 -27
right_child=-2 -3 -4 -5 7 -7 -8 8 9 10 11 12 13 14 15 24 17 -19 -20 21 -22 22 23 26 -26 29 -28 -29 -30 -31
leaf_value=-0.01176990779440628 0.049572792816136579 -0.048727716241851016 0.048547176653330838 -0.046687852358692973 0.02757303314419773 -0.057257959290701765 0.068800861087470383 -0.052917848848488706 0.058067878482155326 0.060842365623327246 -0.049678985297318831 0.065036542815043272 -0.048595428324623394 0.067836880064336663 -0.05156170061161465 0.016583062058650854 -0.054857392351351647 0.0085899224885582753 0.02490811235868854 -0.050450922901992906 -0.0018702677364157362 0.062979114658485671 -0.050579129521457426 -0.001849259028495106 0.041927625291844475 -0.007945304158142227 0.041327034073487472 -0.019693608062528997 0.023047605294900558 0.0066319678708858191
leaf_weight=617.44371626758948 203.5679846489802 259.42581651546061 140.35476407501847 108.67701717186719 594.20381089206785 349.0292190448381 100.17948860302567 158.78401385108009 92.829662345349789 88.587933932431042 68.335595085285604 43.80947333201766 50.199841739609838 60.427507424727082 121.42550947889686 875.78544529993087 184.94131827307865 230.41776956431568 362.01678421813995 126.34070174954832 651.87775127310306 61.43509354069829 102.56585457921028 1217.2531986935064 86.795831634663045 605.11744352895766 36.138551721349359 384.18676915578544 134.96748118940741 889.48143612965941
leaf_count=6454 6129 23454 4205 7845 5431 5864 838 3129 1117 896 1190 337 670 474 2621 9516 3047 2418 2942 3457 5682 573 2341 16698 819 8792 833 5695 1198 9362
internal_value=-4.39366e-05 -0.00124626 0.000250793 -0.000612618 4.65599e-05 -0.0106386 0.000553437 0.0031129 0.00058832 0.00216957 0.00785801 0.00605843 0.00755447 0.00643648 0.00760334 0.00504093 -0.00480312 -0.0202859 0.00190132 -0.00427401 0.00627159 -0.00835885 -0.00514483 -0.00789602 0.00803569 0.00662375 -0.0049319 -0.00622578 0.0395274 0.000716494
internal_weight=9006.6 8803.03 8543.61 8403.25 8294.58 1844.03 1495 6450.55 5856.35 5697.56 3024.93 2936.35 2868.01 2824.2 2774 2578.61 1394.82 415.359 979.461 2672.63 744.707 1927.92 1801.58 1740.14 2457.18 2370.38 1637.58 1601.44 195.395 1494.6
internal_count=144027 137898 114444 110239 102394 21563 15699 80831 75400 72271 35875 34979 33789 33452 32782 31110 14861 5465 9396 36396 6799 29597 26140 25567 28489 27670 23226 22393 1672 18154
is_linear=0
shrinkage=0.05


Tree=76
num_leaves=31
num_cat=0
split_feature=108 108 108 108 108 108 108 108 108 108 108 108 108 108 108 108 108 108 108 222 222 104 70 70 70 104 220 109 105 87
split_gain=202.19 238.589 133.802 98.4185 105.684 97.2522 100.624 141.026 98.9692 102.863 122.307 94.1756 109.706 240.169 124.211 190.176 124.549 161.692 110.927 72.9743 109.772 78.3724 76.0516 60.5157 53.041 60.2157 46.1911 42.5418 36.7055 58.7733
threshold=0.99704739451408397 0.99553072452545177 0.99409481883049022 0.99269616603851329 0.99250110983848583 0.99106144905090343 0.98991972208023082 0.98781466484069835 0.98696711659431469 0.98539230227470409 0.98500218987464916 0.98423999547958385 0.98279201984405529 0.9813305437564851 0.98009857535362255 0.97871029376983654 0.97750329971313488 0.97574350237846386 0.9750477969646455 -1.3862461447715757 -1.409932494163513 9.0464315414428729 37.500000000000007 39.500000000000007 115.50000000000001 5.1849939823150644 3.2110658884048466 0.8925704061985017 55.071428298950202 1.1314879059791567
decision_type=2 2 2 2 2 2 2 2 2 2 2 2 2 2 2 2 2 2 2 2 2 2 2 2 2 2 2 10 10 2
left_child=1 2 3 4 5 6 7 8 9 10 11 12 13 14 15 16 17 18 19 20 27 22 -21 26 25 -24 28 -1 29 -23
right_child=-2 -3 -4 -5 -6 -7 -8 -9 -10 -11 -12 -13 -14 -15 -16 -17 -18 -19 -20 21 -22 23 24 -25 -26 -27 -28 -29 -30 -31
leaf_value=0.015576130184412798 0.049352432423093361 -0.048609472244379157 0.048284670019947303 -0.046555152316820669 0.047875243988162952 -0.046323528372804491 0.048254534160438095 -0.047714694248405617 0.049065822054916719 -0.047598756718691584 0.052163171356737786 -0.04880453182764552 0.027560839245756287 -0.054884167205126788 0.031573977898853765 -0.053879905560370027 0.033910804081870985 -0.053694798596632481 0.03517586043052099 -0.01903995057550173 0.060801308071937843 0.0048468350160649921 -0.0099364331699099903 0.031960777253512776 0.02307757294488922 0.01014535949624322 0.038065210266115986 -0.0098873709840126903 0.018089506519520775 -0.016358913423927077
leaf_weight=409.43038888834417 192.68317085970193 247.15903353644535 132.6945337112993 104.62859187880531 104.135732463561 104.52811482921243 96.947619723156095 145.52193588390946 92.967547385953367 103.16634256858379 102.5341207543388 88.966293198056519 341.43978766072541 191.35790514480323 297.54533910844475 155.35276524163783 256.23958010692149 132.31485719978809 208.80992822162807 1040.3623228901997 94.866132313385606 861.34419455938041 1497.232249783352 175.92356342822313 174.08996822498739 487.25521406158805 73.81692379526794 260.69408137258142 228.89347954839468 513.34523322992027
leaf_count=3337 6061 23459 4142 7874 2656 7821 2030 9821 1568 3659 1277 1822 2835 2771 2334 2410 1893 1975 1759 12075 636 6098 14994 1191 1120 4319 760 2577 2222 6533
internal_value=-1.71665e-05 -0.00116289 0.000276233 -0.000544157 9.58675e-05 -0.000573786 7.85891e-05 -0.000570131 0.000370849 -0.00028038 0.000424406 -0.000352552 0.00029501 -0.00106097 0.000516394 -0.000936011 0.000428083 -0.00101779 0.000225882 -0.00108686 0.0132036 -0.00327246 -0.00800332 0.00489241 -0.00262076 -0.00497956 0.00188093 0.00567051 -1.03079e-05 -0.0031329
internal_weight=8916.25 8723.56 8476.4 8343.71 8239.08 8134.95 8030.42 7933.47 7787.95 7694.98 7591.81 7489.28 7400.31 7058.87 6867.52 6569.97 6414.62 6158.38 6026.06 5817.25 764.991 5052.26 3198.94 1853.32 2158.58 1984.49 1677.4 670.124 1603.58 1374.69
internal_count=144029 137968 114509 110367 102493 99837 92016 89986 80165 78597 74938 73661 71839 69004 66233 63899 61489 59596 57621 55862 6550 49312 32508 16804 20433 19313 15613 5914 14853 12631
is_linear=0
shrinkage=0.05


Tree=77
num_leaves=31
num_cat=0
split_feature=108 108 108 225 110 110 104 104 110 104 110 110 225 110 104 110 104 225 70 104 225 110 110 110 110 104 110 225 215 104
split_gain=190.478 229.839 126.644 96.836 148.986 137.571 203.582 154.466 146.409 127.06 115.082 104.977 137.308 123.089 91.277 89.6987 85.8839 83.6952 68.9264 68.4545 67.8308 111.815 66.1083 65.9172 65.1649 60.603 62.1283 60.0736 56.5884 48.4969
threshold=0.99704739451408397 0.99553072452545177 0.99409481883049022 1.2034749388694765 0.10078029707074167 0.064173504710197463 3.3379534482955937 5.4011600017547616 0.088595714420080199 7.7294142246246347 0.16676595062017444 0.047857817262411124 0.87406539916992199 0.027288263663649562 9.5737462043762225 0.12242737412452699 15.216999530792238 0.6868899166584016 69.500000000000014 4.600194215774537 1.6193273067474367 0.14622412621974948 0.076244100928306593 0.27359752357006079 0.017741427756845955 13.737472057342531 0.17529228329658511 1.0425879359245303 1.5918323397636416 20.280096054077152
decision_type=2 2 2 2 2 2 2 2 2 2 2 2 2 2 2 2 2 2 2 2 2 2 2 2 2 2 2 2 2 2
left_child=1 2 3 5 19 6 11 -7 -9 20 -11 12 13 17 -10 -16 18 24 -12 22 -6 -22 -5 -18 -1 -17 -27 -13 -14 -28
right_child=-2 -3 -4 4 9 7 -8 8 14 10 16 27 28 -15 15 25 23 -19 -20 -21 21 -23 -24 -25 -26 26 29 -29 -30 -31
leaf_value=0.015716343325609707 0.049172002709865541 -0.04848583229494019 0.048081389965024861 0.027032571007508395 -0.027736086746323704 -0.032117428727310181 0.031196534036595249 0.025003830118761217 -0.02886125916303646 0.025441494479138696 -0.020745596285944131 -0.036245412481225509 0.027363952133199677 -0.026858381845080131 0.033287122649713195 -0.030406886616785929 0.03008235144096414 0.032953893692134792 0.038841183522020595 0.037906369145950136 0.031291530386369393 -0.030746214904554672 -0.0084307157473863855 -0.0017444548056916175 -0.032709227604833649 0.033377156988101113 -0.035484790783551649 -0.0013183689846776819 -0.016886484189222766 0.010789116289351523
leaf_weight=126.49024418275803 185.3958540931344 235.01358879124746 128.36376261152327 271.10195324197412 498.46135692996904 752.06799152586609 506.4905828232877 321.29083626391366 488.37903628079221 574.81791299534962 527.28645242191851 319.36174567881972 512.43320416659117 472.76374061638489 142.34911762084812 209.14839753275737 255.39389501325786 197.1579863736406 44.16115967836231 420.28905887901783 149.095090652816 123.72485887352377 239.85682456055656 417.75090672867373 132.99779172148556 105.17987494310364 100.33355847280473 197.84110624203458 76.958314000163227 109.05300048273057
leaf_count=1537 6108 23403 4200 2005 7541 15951 4916 2945 8882 5361 6388 8002 5570 10772 1089 3241 2192 2105 274 3629 1129 1259 2642 3846 2985 844 1271 2070 867 868
internal_value=0.000352902 -0.000748299 0.000639957 -0.000151465 0.00612714 -0.00479012 0.00315631 -0.0138326 -0.00436079 -6.24661e-05 0.00714628 -0.00393756 0.00271821 -0.00923113 -0.0126777 -0.000560105 -0.00143884 0.00920278 -0.015552 0.0231641 -0.0169413 0.00306483 0.0105429 0.0105944 -0.00939641 -0.0102113 0.00373942 -0.0231635 0.0214007 -0.0119911
internal_weight=8841.01 8655.61 8420.6 8292.24 3521.94 4770.3 2542.49 2227.8 1475.73 2590.69 1819.41 2036 1518.8 929.41 1154.44 666.064 1244.59 456.646 571.448 931.248 771.281 272.82 510.959 673.145 259.488 523.715 314.566 517.203 589.392 209.387
internal_count=143892 137784 114381 110181 36266 73915 38824 35091 19140 27990 18061 33908 23836 17399 16195 7313 12700 6627 6662 8276 9929 2388 4647 6038 4522 6224 2983 10072 6437 2139
is_linear=0
shrinkage=0.05


Tree=78
num_leaves=31
num_cat=0
split_feature=108 108 108 214 108 225 110 104 104 110 104 225 110 110 225 104 110 225 110 104 110 225 110 104 104 110 104 110 225 225
split_gain=181.902 219.263 120.96 99.5393 99.8459 93.5284 137.803 223.039 172.701 134.745 173.576 166.556 129.516 129.309 107.573 92.451 93.6232 79.5225 74.2088 74.0981 73.3885 82.1544 71.0181 67.8357 67.3124 65.5546 64.3689 62.9279 115.784 51.4711
threshold=0.99704739451408397 0.99553072452545177 0.99409481883049022 1.7499890923500063 0.99269616603851329 1.6193273067474367 0.093985531479120268 5.1849939823150644 7.7294142246246347 0.064173504710197463 2.8358474969863896 1.1865671277046206 0.039559902623295791 0.13119848817586902 0.89761385321617138 13.737472057342531 0.22519670426845553 0.98696541786193859 0.14173142611980441 7.7294142246246347 0.027288263663649562 0.6868899166584016 0.22519670426845553 26.488859176635746 15.216999530792238 0.017741427756845955 10.840722084045412 0.047857817262411124 0.94295120239257824 0.79115372896194469
decision_type=2 2 2 2 2 2 2 2 2 2 2 2 2 2 2 2 2 2 2 2 2 2 2 2 2 2 2 2 2 2
left_child=1 2 3 4 5 6 7 9 -8 10 12 -11 14 -10 20 -15 -17 -14 -7 -20 21 25 -21 -18 -24 -1 -5 -12 -29 -22
right_child=-2 -3 -4 26 -6 18 8 -9 13 11 27 -13 17 15 -16 16 23 -19 19 22 29 -23 24 -25 -26 -27 -28 28 -30 -31
leaf_value=0.023012185078129355 0.048986728333970143 -0.048376327861629299 0.047859249629962707 -0.028679628729797707 -0.046220321763250478 0.043960665849040098 -0.026920315549520832 0.033125585365252751 0.0226660093821178 -0.032521226597805007 0.051602893199170025 0.0097820747800794992 -0.034800321746767969 -0.022626941491958499 0.043128366363923157 0.02340790711980555 -0.037330693261417074 -3.372290438966556e-05 -0.02407009408867377 0.039424144524417656 -0.037621238070934176 0.039889017684696965 -0.02392486088097677 0.018496872447956132 0.01964139791803168 -0.029388838842793724 -0.0017252074508944289 -0.02438420875645271 0.02994015727786721 -0.00013594002817960974
leaf_weight=104.06921353563666 177.67448485735804 225.27225669287145 123.06031804811209 460.66440637782216 97.060359396506101 195.58801421709359 860.48624235577881 627.98607994848862 465.56008177017793 551.55394834792241 187.75313825532794 390.95898570911959 351.91668794490397 556.49925243668258 182.44890112802386 315.87314184335992 145.62777154706419 301.5305103668943 124.76893391506746 211.82464300841093 136.16662519145757 183.10853611119092 132.36646262090653 76.09772842656821 225.42794701177627 115.51659363601357 420.94065514300019 117.96497736405581 430.6406652093865 245.38957010302693
leaf_count=1094 6109 23492 4202 5763 7720 1310 13998 6023 4512 11508 1574 3588 8923 7943 1543 2757 1628 3122 1140 1654 3683 1826 1128 531 1709 2253 4600 1871 4084 2841
internal_value=0.000292018 -0.000774175 0.00056819 -0.000197481 0.00171803 0.00242384 0.000284515 0.00606317 -0.00907848 0.000827148 0.00721624 -0.0150551 -0.00196295 0.000873922 0.0096298 -0.00852034 0.00622875 -0.0189997 0.0175084 0.00953932 0.00139177 0.0160872 0.0171894 -0.0181989 0.00331173 -0.00463358 -0.0159734 0.0271681 0.0180316 -0.0141325
internal_weight=8741.8 8564.12 8338.85 8215.79 7334.19 7237.12 6347.15 3927 2420.14 3299.02 2356.51 942.513 1620.15 1559.66 966.699 1094.1 537.599 653.447 889.976 694.388 784.251 402.694 569.619 221.725 357.794 219.586 881.605 736.359 548.606 381.556
internal_count=144129 138020 114528 110326 99963 92243 85302 53933 31369 47910 32814 15096 25285 17371 13240 12859 4916 12045 6941 5631 11697 5173 4491 2159 2837 3347 10363 7529 5955 6524
is_linear=0
shrinkage=0.05


Tree=79
num_leaves=31
num_cat=0
split_feature=108 108 108 106 218 218 222 109 221 101 100 144 218 104 110 225 110 104 104 110 225 225 110 110 104 110 225 225 70 110
split_gain=173.117 203.906 116.058 90.1531 76.1868 111.552 96.873 88.8683 74.0955 70.4609 55.3742 55.041 57.9233 44.9456 59.0781 66.6948 64.3318 91.8369 73.8412 62.9154 71.2546 65.4239 59.2494 52.4994 73.0537 49.5214 48.4505 45.6853 44.9436 43.7833
threshold=0.99704739451408397 0.99553072452545177 0.99409481883049022 18.900977134704593 4.0554487705230722 2.2827962636947636 -0.40515153110027308 0.3329258412122727 -0.32840566337108607 228.50000000000003 230.50000000000003 7.525944948196412 2.9444000720977788 26.488859176635746 0.24544273316860202 1.6193273067474367 0.068895712494850173 3.080655694007874 12.574269294738771 0.035482855513691909 0.79115372896194469 0.95398628711700451 0.15299198776483539 0.12242737412452699 7.0134875774383554 0.020502080209553245 1.1713590025901797 0.62294310331344616 15.500000000000002 0.049354091286659248
decision_type=2 2 2 10 2 2 2 8 2 10 10 2 2 2 2 2 2 2 2 2 2 2 2 2 2 2 2 2 2 2
left_child=1 2 3 4 5 7 8 -1 -7 10 13 -5 -13 14 15 16 17 19 23 20 25 -21 -20 24 26 27 -18 -9 -26 -23
right_child=-2 -3 -4 11 -6 6 -8 9 -10 -11 -12 12 -14 -15 -16 -17 18 -19 22 21 -22 29 -24 -25 28 -27 -28 -29 -30 -31
leaf_value=0.043255787351711074 0.048742735510819708 -0.048244823775482081 0.047581193030857616 0.01827445671882193 0.045822430615283356 -0.012711686420578551 -0.038361237660193163 -0.0048807476889162682 0.051468416291767641 0.033707034113989003 0.047492666198405531 0.00026548127846446462 0.032302532796464251 0.018020417583636379 -0.030839539888122165 0.018343919227190465 -0.034028255451836811 0.019642387433710003 0.035266770747535994 -0.032710961990739355 0.027811992989730135 0.018020290025815597 -0.0065510397840767166 -0.03374964072406187 -0.018594096520680885 -0.022005541877910893 -0.008375868403544243 0.051791449214924415 0.019493143467223188 -0.017360225928188006
leaf_weight=94.192954734899104 167.32783446647227 213.99982314649969 116.7357461694628 718.49586509913206 64.01580592431128 213.13135665887967 425.05267472891137 101.30072728171945 46.322466926649213 113.97529045399278 40.616631523706019 2089.1112560173497 141.31939055211842 190.00972909014672 221.38779820222408 278.8562447889708 354.31508384738117 444.87328502815217 112.49774819519371 324.42132625775412 211.47445807233453 150.00374371372163 266.97712503140792 388.50961117539555 106.20135248219594 227.94309699581936 389.76398179400712 43.579855260439217 225.35785606876016 182.88566482532769
leaf_count=781 6044 23394 4187 8757 1499 2738 9202 1652 401 1455 276 27449 1604 1152 1866 2021 7548 4302 717 8444 2144 1381 2404 6428 775 5387 4585 416 2107 3037
internal_value=-0.000153293 -0.00117231 0.000100517 -0.000635548 -0.0045823 -0.00529593 -0.0239403 -0.00239323 0.000231774 -0.00347246 -0.00454356 0.00633951 0.00243046 -0.00515543 -0.00628995 -0.00478604 -0.00665982 0.000404163 -0.013089 -0.00659083 0.00530933 -0.0170902 0.00643331 -0.0181581 -0.0122676 -0.00784779 -0.0208803 0.0144095 0.00710625 -0.00135678
internal_weight=8664.66 8497.33 8283.33 8166.59 5217.67 5153.65 684.506 4469.14 259.454 4374.95 4260.98 2948.93 2230.43 4220.36 4030.35 3808.96 3530.1 1686.48 1843.62 1241.61 584.298 657.311 379.475 1464.15 1075.64 372.824 744.079 144.881 331.559 332.889
internal_count=144153 138109 114715 110528 72718 71219 12341 58878 3139 58097 56642 37810 29053 56366 55214 53348 51327 26763 24564 22461 9599 12862 3121 21443 15015 7455 12133 2068 2882 4418
is_linear=0
shrinkage=0.05


Tree=80
num_leaves=31
num_cat=0
split_feature=108 108 108 214 225 110 104 104 110 110 104 225 110 104 104 110 110 225 110 110 225 104 225 104 104 104 84 110 110 220
split_gain=165.717 194.666 107.476 93.5839 109.48 129.011 201.66 155.775 128.046 125.553 190.822 104.107 96.2832 88.3333 87.7509 83.6917 83.6853 103.983 97.262 78.6151 66.0448 62.0567 57.4395 56.2556 55.7609 54.2736 73.7538 52.3602 52.1316 49.0218
threshold=0.99704739451408397 0.99553072452545177 0.99409481883049022 1.7499890923500063 1.3518906235694887 0.076244100928306593 4.0782964229583749 6.1247837543487558 0.11091887950897218 0.047857817262411124 2.2882525920867924 1.0425879359245303 0.11821050196886064 10.840722084045412 7.7294142246246347 0.15958477556705478 0.03347855061292649 0.75520122051239025 0.020502080209553245 0.18468129634857181 0.98696541786193859 17.254394531250004 0.57892319560050975 15.216999530792238 8.5537762641906756 8.5537762641906756 44.875478744506843 0.22519670426845553 0.059776136651635177 3.2110658884048466
decision_type=2 2 2 2 2 2 2 2 2 2 2 2 2 2 2 2 2 2 2 2 2 2 2 2 2 2 2 2 2 2
left_child=1 2 3 4 5 6 9 -7 25 10 16 -11 -6 -10 -14 -15 17 18 22 -16 -18 -17 -1 -21 -5 26 -9 -23 -13 -26
right_child=-2 -3 -4 24 12 7 -8 8 13 11 -12 28 14 15 19 21 20 -19 -20 23 -22 27 -24 -25 29 -27 -28 -29 -30 -31
leaf_value=-0.0058901849073269771 0.048579344288794818 -0.048111677439017675 0.047272835362642325 -0.030514959453900089 0.029579101666203575 -0.029741017892129452 0.031759269323179178 -0.027893135630628924 -0.029177749786888519 -0.031238772938127934 0.038788114714740723 0.017726759068735227 -0.017187749496584689 0.023134912423318919 0.030965095735780629 -0.034927741997097063 -0.027218180762373589 0.032652661430991228 -0.029924326950500093 -0.013683153540896865 0.023330472305594499 0.032338197725151667 0.049277675421918951 0.015204113290706985 -0.010410379341318197 0.040273435317919902 0.02064404135621271 -0.017114244495150487 -0.013377322261821171 0.036908761492769414
leaf_weight=100.63667075801641 162.0946437343955 203.56143810600042 109.70922372769564 363.09147452190518 532.50797688541934 745.40947244223207 546.84877496957779 101.82105940487236 433.10143883619457 491.54773643333465 362.05370802665129 234.67067792639136 336.73090619267896 233.13340378645808 344.16068446123973 177.76171091711149 378.22859531920403 260.14986682543531 210.62837946368381 306.81068647839129 69.527008791454136 86.215214247815311 75.818776493892074 350.26050371676683 458.89427360659465 169.81369799142703 252.66447316715494 111.13842797279358 289.76895365538076 52.1059117205441
leaf_count=1623 6127 23359 4112 4526 4187 15451 5339 1131 8095 12316 3812 2124 3971 2147 3057 2688 8303 3157 5161 3071 571 663 778 2830 5307 1326 2897 1057 3900 585
internal_value=9.60473e-06 -0.000985623 0.000243652 -0.000452936 0.00142992 -0.00222521 0.00457461 -0.011092 -0.00208077 -0.0015403 0.00784982 -0.0149521 0.0118037 -0.0121974 0.00456212 0.000169853 -0.00263825 0.00881914 -0.00761773 0.0119746 -0.0190308 -0.014333 0.0191857 0.00171267 -0.015806 0.0178648 0.00631964 0.00500707 0.000612066 -0.00496951
internal_weight=8550.87 8388.77 8185.21 8075.5 7201.41 5330.94 3019.88 2311.06 1565.65 2473.03 1457.04 1015.99 1870.47 1041.35 1337.96 608.249 1094.99 647.234 387.084 1001.23 447.756 375.115 176.455 657.071 874.092 524.299 354.486 197.354 524.44 511
internal_count=143671 137544 114185 110073 99655 82539 47084 35455 20004 41745 23405 18340 17116 14650 12929 6555 19593 10719 7562 8958 8874 4408 2401 5901 10418 5354 4028 1720 6024 5892
is_linear=0
shrinkage=0.05


Tree=81
num_leaves=31
num_cat=0
split_feature=214 225 104 220 89 89 89 89 225 106 102 94 80 109 89 87 73 89 219 221 101 87 87 94 222 220 217 222 219 109
split_gain=92.3452 91.4968 75.1705 53.6091 47.7045 141.263 47.0627 74.0074 35.6486 38.0835 30.9055 30.833 51.2239 29.7722 29.0968 28.2521 29.9292 27.423 26.4007 24.6314 23.8282 42.6028 41.9681 23.7293 21.6066 21.1939 29.1194 20.7489 19.6789 37.1139
threshold=1.5555477738380434 1.1713590025901797 7.3575022220611581 3.2110658884048466 2.9777327775955205 2.2629758119583134 1.4381000995635989 1.2951242923736574 2.0165911912918095 14.921057224273683 243.50000000000003 1.0000000180025095e-35 7.931424856185914 0.45698006451129919 4.097701072692872 3.3944636583328252 8.5000000000000018 1.0000000180025095e-35 2.243485808372498 -0.2281987518072128 143.50000000000003 1.1314879059791567 1.7388663887977602 10.832502365112306 -1.0984957218170164 1.2004025578498843 -0.97918179631233204 -0.9340710937976836 3.0555385351181035 0.45698006451129919
decision_type=2 2 2 2 2 2 2 2 2 10 10 2 2 8 2 2 2 2 2 2 10 2 2 2 2 2 2 2 2 10
left_child=1 10 28 13 5 6 7 17 9 14 11 18 -13 19 -6 -11 24 -3 20 -4 -1 -22 -23 -14 -17 -25 -27 -26 29 -2
right_child=2 4 3 -5 8 -7 -8 -9 -10 15 -12 12 23 -15 -16 16 -18 -19 -20 -21 21 22 -24 25 27 26 -28 -29 -30 -31
leaf_value=-0.0088181719947331566 -0.045643378362246377 -0.0035837332040582559 -0.034291372057668516 0.036176255310330127 0.025546203961397937 -0.053539553647209373 0.033841824266805945 -0.049721731569901992 0.029646720079136376 0.052480496541338045 0.031652099785637509 0.016432730999535197 0.040653298820833676 -0.0012351910242564519 -0.0008887740431183785 0.017549945931171203 0.027225300268148039 0.026154967350685839 0.015746759410620217 0.01563238154615388 0.053127439619802874 -0.042513156971400144 0.0170436464274775 -0.0098882547660124349 -0.020142128382865887 0.020023808876904609 -0.0052338451571724773 0.0065907280704051718 -0.0077408469449901235 -0.014847622560831423
leaf_weight=2243.8993119718507 212.229359541554 180.71877305954695 123.90366474632174 72.066573089919984 109.16161518543959 104.53938246145844 120.71152064623311 54.954475616104901 255.9652017140761 42.343355346471071 55.755435255356133 457.49433851102367 20.2664759545587 593.3661776012741 818.63219425221905 374.49747240589932 310.13684180751443 123.09654299495742 118.96684330422431 24.12601776747033 34.177361588925123 36.270568458829075 72.451908909715712 674.08775554969907 81.048268656246364 166.64836948178709 314.07894146582112 348.40854471828789 120.96861304342747 200.08706602966413
leaf_count=46997 3157 1959 2857 823 1026 1821 1171 945 1974 546 1058 10515 279 5969 10624 4537 3564 1096 971 582 358 1197 1380 19013 1062 3049 6775 4290 1063 3450
internal_value=8.15274e-05 0.00235708 -0.0118748 -0.00222801 0.00913048 -0.00360403 0.00815459 -0.00117146 0.0123103 0.0100498 -0.00237596 -0.00290961 0.00242863 -0.00639282 0.00246073 0.0160652 0.0142266 0.00891496 -0.00638345 -0.0256804 -0.00754759 0.0116756 -0.00473227 -0.00311625 0.00893929 -0.0042268 0.00375156 0.00120209 -0.0262779 -0.0314044
internal_weight=8465.06 7118.31 1346.75 813.462 2924.21 584.021 479.481 358.77 2340.19 2084.23 4194.1 4138.34 1632.58 741.396 927.794 1156.43 1114.09 303.815 2505.77 148.03 2386.8 142.9 108.722 1175.08 803.954 1154.82 480.727 429.457 533.285 412.316
internal_count=144108 126207 17901 10231 34615 6992 5171 4000 27623 25649 91592 90534 39631 9408 11650 13999 13453 3055 50903 3439 49932 2935 2577 29116 9889 28837 9824 5352 7670 6607
is_linear=0
shrinkage=0.05


Tree=82
num_leaves=31
num_cat=0
split_feature=108 108 108 108 108 108 108 108 108 108 108 214 225 110 103 110 103 110 225 103 103 110 225 103 110 225 225 110 110 103
split_gain=154.297 184.746 102.658 87.6003 95.6557 85.3955 91.3478 126.587 89.9598 92.1075 107.7 83.7316 88.7947 114.034 113.455 113.35 85.9214 118.038 77.4376 74.1149 73.6354 75.4877 64.6595 62.9745 57.2532 87.214 74.6117 74.2188 55.1568 51.3629
threshold=0.99704739451408397 0.99553072452545177 0.99409481883049022 0.99269616603851329 0.99250110983848583 0.99106144905090343 0.98991972208023082 0.98781466484069835 0.98696711659431469 0.98539230227470409 0.98500218987464916 1.8461346626281741 1.2034749388694765 0.051623929291963584 2.6254032850265507 0.093985531479120268 4.051903724670411 0.086039882153272643 1.7079319953918459 9.1043553352355975 4.4916644096374521 0.15958477556705478 0.93167042732238781 7.1261363029479989 0.03347855061292649 0.98696541786193859 0.77376681566238414 0.020502080209553245 0.15958477556705478 7.1261363029479989
decision_type=2 2 2 2 2 2 2 2 2 2 2 2 2 2 2 2 2 2 2 2 2 2 2 2 2 2 2 2 2 2
left_child=1 2 3 4 5 6 7 8 9 10 11 12 13 14 24 -14 -15 22 20 -19 -17 29 23 -18 26 -26 27 -1 -20 -22
right_child=-2 -3 -4 -5 -6 -7 -8 -9 -10 -11 -12 -13 15 16 -16 18 17 19 28 -21 21 -23 -24 -25 25 -27 -28 -29 -30 -31
leaf_value=0.022192015069693951 0.048328195964684614 -0.047969306944862455 0.047058292128321667 -0.04603022441560943 0.047412165421163499 -0.045745782281686603 0.047794573185244958 -0.047365131957286838 0.048535211153335901 -0.04701633564481654 0.051361212959878388 -0.016825693336413962 0.026968278550157487 -0.024690531678584125 0.029821255621421561 -0.022488159509186041 -0.030095222425474206 -0.027325131298443068 0.040534911836507537 -0.0013440714361437648 0.0043609854745179305 -0.010814216464773145 0.025440531030296781 0.030530312236956948 -0.027347881435915829 0.016457097166858545 0.034500199627622741 -0.026638316605765634 0.0081634208837887204 0.035416816660077316
leaf_weight=130.65400927700102 152.39173135720193 193.2298323106952 105.69496362749487 93.726754651870579 95.93692257348448 92.555761500261724 89.441397924907506 131.05822203215212 85.998247426003218 93.503516944125295 92.557996544986963 678.56129941530526 616.87654440570623 703.82928891666234 403.1125337742269 374.81244236603379 119.92219545925036 505.56731795845553 168.52426325343549 589.37588049191982 391.8086495436728 523.67722775321454 393.76748158596456 54.539997362531722 337.43471438763663 160.80971135757864 188.13904692046344 164.69823183491826 529.39880733937025 194.34612958040088
leaf_count=761 6047 23316 4144 7936 2666 7798 2021 9742 1580 3649 1236 7497 4179 10388 3304 3983 1596 8232 1021 6230 3780 5295 3531 410 4205 868 1250 1843 3779 1485
internal_value=5.94767e-05 -0.000883445 0.000296074 -0.000379329 0.000218962 -0.000420234 0.000181467 -0.000438257 0.000443516 -0.000178784 0.000482613 -0.000238787 0.00150225 -0.00352311 0.00783779 0.00822587 -0.010175 -0.00392135 0.00282972 -0.013479 -0.00363662 0.00287389 0.0144103 -0.010515 -0.00139856 -0.0131641 0.010747 -0.00501804 0.0164422 0.0150793
internal_weight=8455.95 8303.56 8110.33 8004.63 7910.91 7814.97 7722.42 7632.97 7501.92 7415.92 7322.41 7229.86 6551.29 3751.85 1384.85 2799.44 2367 1663.17 2182.57 1094.94 1484.64 1109.83 568.23 174.462 981.736 498.244 483.491 295.352 697.923 586.155
internal_count=143772 137725 114409 110265 102329 99663 91865 89844 80102 78522 74873 73637 66140 42618 12231 23522 30387 19999 19343 14462 14543 10560 5537 2006 8927 5073 3854 2604 4800 5265
is_linear=0
shrinkage=0.05


Tree=83
num_leaves=31
num_cat=0
split_feature=89 89 75 89 89 89 89 89 89 89 89 89 89 89 89 89 89 89 89 89 89 89 89 89 89 89 89 89 75 75
split_gain=101.021 352.656 198.247 121.192 183.469 70.9371 196.031 94.7661 198.801 91.3114 181.679 74.8952 165.55 81.7515 128.469 59.7005 134.07 73.7734 145.991 56.0333 146.291 72.5469 119.916 46.9185 99.1623 42.7352 166.24 95.4521 39.1748 38.8137
threshold=2.9777327775955205 2.2629758119583134 1.5000000000000002 4.097701072692872 4.7165992259979257 5.1804971694946298 5.7524003982543954 6.1574394702911386 6.8143503665924081 7.1943318843841562 7.7707455158233651 8.195402145385744 8.8536138534545916 9.145454406738283 9.8946361541748065 10.223968029022219 10.809091091156008 11.277260780334474 11.883658409118654 12.293103218078615 12.814878940582277 13.286160945892336 13.938704013824465 14.300000190734865 14.888663768768312 1.2951242923736574 1.4381000995635989 1.0000000180025095e-35 3.5000000000000004 2.5000000000000004
decision_type=2 2 2 2 2 2 2 2 2 2 2 2 2 2 2 2 2 2 2 2 2 2 2 2 2 2 2 2 2 2
left_child=1 2 25 28 -5 -6 -7 -8 -9 -10 -11 -12 -13 -14 -15 -16 -17 -18 -19 -20 -21 -22 -23 -24 -25 27 -27 -1 29 -2
right_child=3 -3 -4 4 5 6 7 8 9 10 11 12 13 14 15 16 17 18 19 20 21 22 23 24 -26 26 -28 -29 -30 -31
leaf_value=-0.011215586184961417 0.031248246603133918 -0.056644651586016448 0.06654868797421179 -0.052382768368292046 0.026379757874027656 -0.053716225610700601 0.032615273376335012 -0.055325579269376958 0.032795165315793483 -0.054249461439754891 0.031652951981663138 -0.05417192707108201 0.034525157646633352 -0.05149128524891812 0.030506980716832818 -0.052415007963840833 0.03581565082119794 -0.053887483080425971 0.0338840301969539 -0.054196431321495757 0.039071628380331277 -0.052743895886982833 0.033358157083773862 -0.050449460810381291 0.0046156979892448598 -0.054129723207318292 0.0090846630792211745 0.020888043057107168 0.061967791975137534 0.0046263646107331307
leaf_weight=601.47973685152829 299.91604710184038 325.31205943459645 94.622989566996694 147.92155657848343 279.13717794371769 149.17935698013753 240.49634634982795 141.4414026029408 231.83688895544037 132.83271466754377 207.44736392144114 119.25851285131648 189.39893753966317 100.36078070988879 180.60795654635876 100.67421360174194 157.95669571729377 103.6042398205027 137.41595733771101 100.58408291172236 133.32787052448839 84.717593975365162 123.7414416000247 74.197298444341868 2849.581259099301 172.0788931697607 236.97081071836874 362.65345107577741 53.605433176271617 252.49347721459344
leaf_count=7458 3842 7334 938 3742 3313 3433 3259 3078 3040 3038 2820 2695 2693 2624 2383 2503 2311 2350 2105 2170 1991 2022 1802 1919 55840 3656 2949 3516 529 2802
internal_value=0.000108362 -0.0103806 0.00018689 0.00297303 0.00079839 0.0022332 0.000975445 0.00258003 0.00112231 0.00281705 0.0013026 0.00299784 0.00159574 0.00325065 0.0017426 0.00318661 0.0018348 0.00342037 0.00190669 0.00370526 0.00237657 0.00427923 0.00267862 0.00438677 0.0030511 -0.00483402 -0.0181655 0.000950484 0.0240907 0.0193786
internal_weight=8384.85 1793.12 1467.81 6591.73 5985.72 5837.8 5558.66 5409.48 5168.99 5027.54 4795.71 4662.87 4455.43 4336.17 4146.77 4046.41 3865.8 3765.13 3607.17 3503.57 3366.15 3265.57 3132.24 3047.52 2923.78 1373.18 409.05 964.133 606.015 552.41
internal_count=144155 25851 18517 118304 111131 107389 104076 100643 97384 94306 91266 88228 85408 82713 80020 77396 75013 72510 70199 67849 65744 63574 61583 59561 57759 17579 6605 10974 7173 6644
is_linear=0
shrinkage=0.05


Tree=84
num_leaves=31
num_cat=0
split_feature=108 108 108 108 108 108 89 89 75 89 89 106 92 92 73 40 89 89 89 92 105 92 222 101 73 92 75 89 110 104
split_gain=144.075 177.026 95.0253 82.2843 87.9994 82.0217 87.035 330.476 183.28 119.554 165.046 71.8633 60.4305 66.3231 55.3773 57.1421 50.1048 141.282 79.6485 49.3144 109.633 70.3117 61.2625 75.4819 31.0096 36.5734 28.6318 25.3617 25.1306 69.0135
threshold=0.99704739451408397 0.99553072452545177 0.99409481883049022 0.99269616603851329 0.99250110983848583 0.99106144905090343 2.9777327775955205 2.2629758119583134 1.5000000000000002 4.097701072692872 4.7165992259979257 9.2013196945190447 4.097701072692872 4.7165992259979257 16.500000000000004 2.4113740921020512 1.2951242923736574 1.4381000995635989 1.0000000180025095e-35 2.2629758119583134 1.0000000180025095e-35 2.9777327775955205 -0.69327703118324269 88.500000000000014 26.500000000000004 4.097701072692872 12.500000000000002 5.1804971694946298 0.088595714420080199 3.4723950624465947
decision_type=2 2 2 2 2 2 2 2 2 2 2 10 2 2 2 10 2 2 2 2 10 2 2 10 2 2 2 2 2 2
left_child=1 2 3 4 5 6 7 8 16 -8 -11 19 -13 -14 15 -15 18 -18 -1 20 22 -21 -12 26 25 -23 27 -24 29 -17
right_child=-2 -3 -4 -5 -6 -7 9 -9 -10 10 11 12 13 14 -16 28 17 -19 -20 21 -22 24 23 -25 -26 -27 -28 -29 -30 -31
leaf_value=-0.0092355931327238981 0.048090862664946464 -0.047824477336889472 0.046738456169021309 -0.045685842442049089 0.047004161894419527 -0.045501771255640477 0.024820514401488455 -0.056408428347058649 0.065921145175910661 -0.052036408598780531 -0.047312388350146194 0.036550866069914596 -0.048041003459454397 0.011278805897161934 0.024129103984709892 -0.0080692474606980213 -0.053938044921859218 0.0071682283333726103 0.020590189821892941 -0.05074103955284251 0.060986409571443238 0.013731819834599469 0.019905065765239566 0.053536842011021435 0.0061121492461409313 -0.020473186669532559 0.015509256516127412 -0.012643695446282258 -0.010374296351478915 0.019581204181996166
leaf_weight=581.21581871714443 144.91060593631119 183.61255203746259 99.87943781260401 87.690309105440974 90.370715500786901 88.284306733869016 573.22262628143653 297.63691029511392 90.489037401042879 132.91080208960921 59.954761509317905 150.83376894332469 47.767639631405473 1331.4777697166428 365.30042801331729 585.655736845918 156.84891109727323 213.75078606279567 350.34384162165225 103.71697446517646 64.059852925129235 86.167110147420317 59.32057542912662 54.061896207742393 245.0519284256734 467.23096841853112 148.61510914983228 468.35379939805716 633.08052886230871 353.50872928649187
leaf_count=6037 6108 23415 4159 7847 2665 7858 5264 5437 815 2682 1413 1742 608 14844 3981 8352 2828 2147 2866 2577 641 946 457 543 3279 6679 1505 5180 7422 3739
internal_value=0.000321806 -0.000583179 0.000561321 -8.19085e-05 0.000488683 -0.000116805 0.000467921 -0.00950738 0.000847015 0.00332236 0.000980027 0.00242569 0.00659337 0.00512526 0.00604627 0.00369637 -0.00414301 -0.0194315 0.00208093 -0.00579261 0.0028093 -0.0138802 -0.00260948 0.00164968 -0.00852369 -0.0149981 -0.00321778 -0.00868245 -0.00275562 0.00243524
internal_weight=8315.32 8170.41 7986.8 7886.92 7799.23 7708.86 7620.58 1690.29 1392.65 5930.29 5357.07 5224.16 3467.62 3316.79 3269.02 2903.72 1302.16 370.6 931.56 1756.53 854.366 902.167 790.306 730.351 798.45 553.398 676.289 527.674 1572.24 939.164
internal_count=144036 137928 114513 110354 102507 99842 91984 20130 14693 71854 66590 63908 40688 38946 38338 34357 13878 4975 8903 23220 9739 13481 9098 7685 10904 7625 7142 5637 19513 12091
is_linear=0
shrinkage=0.05


Tree=85
num_leaves=31
num_cat=0
split_feature=89 89 75 89 89 89 89 89 89 89 89 89 89 89 89 104 110 110 225 110 225 110 225 110 225 104 104 104 110 75
split_gain=78.3668 310.822 176.24 99.2519 161.678 66.5535 181.291 81.4555 186.649 73.2764 170.544 76.5652 156.839 75.9898 121.749 50.5323 125.221 114.524 104.525 98.8613 74.8921 57.5535 49.7217 70.7413 49.9303 47.8915 46.1526 43.5988 42.5519 42.3639
threshold=2.9777327775955205 2.2629758119583134 1.5000000000000002 4.097701072692872 4.7165992259979257 5.1804971694946298 5.7524003982543954 6.1574394702911386 6.8143503665924081 7.1943318843841562 7.7707455158233651 8.195402145385744 8.8536138534545916 9.145454406738283 9.8946361541748065 3.6143331527709965 0.051623929291963584 0.083382975310087218 0.88606876134872448 0.03347855061292649 1.3260297775268557 0.13593370467424395 0.75520122051239025 0.020502080209553245 0.62294310331344616 7.3575022220611581 26.488859176635746 6.399564504623414 0.11091887950897218 4.5000000000000009
decision_type=2 2 2 2 2 2 2 2 2 2 2 2 2 2 2 2 2 2 2 2 2 2 2 2 2 2 2 2 2 2
left_child=1 2 26 -2 -5 -6 -7 29 -9 -10 -11 -12 -13 -14 -15 16 18 -17 19 22 27 -22 23 24 -16 -23 -1 -19 -29 -8
right_child=3 -3 -4 4 5 6 7 8 9 10 11 12 13 14 15 17 -18 20 -20 -21 21 25 -24 -25 -26 -27 -28 28 -30 -31
leaf_value=-0.0076655568247513258 0.021631303238213002 -0.055589464973114171 0.063984804151728913 -0.051657354941920669 0.025383592693376745 -0.053176653302258931 0.016334964252594304 -0.055186000556542505 0.029259911776082743 -0.054118604440620034 0.031263489220270689 -0.053959070249304623 0.032749524861908998 -0.051147381019597482 0.00053412493342280105 0.027400919757159893 -0.020916159195945236 -0.029551929587421002 0.022318528984761086 -0.030367416828666963 0.024284272074949431 -0.027395033844410749 0.026407778871965788 -0.024637699944122342 0.054104457053071833 0.0072526185703168256 0.022832172581539287 0.022827891467324533 -0.01573391859162036 0.064203536446913803
leaf_weight=1213.8261047208216 596.95857440307736 292.99020936805755 90.631664506159723 135.50737668783404 272.3202116638422 143.00261331838556 183.42704090010375 135.4128470630385 229.61924489494413 126.7308900076896 210.97457264969125 115.68579464894719 190.66776248347014 98.045316379750147 145.05240456247702 553.56835582619533 644.40992025053129 237.06717246584594 550.53533468255773 262.33849466778338 369.78083714749664 122.5029509793967 189.29088544519618 198.14645835850388 52.250694876071066 393.54696186026558 128.32369252527133 107.24399597197771 173.53868364915252 57.354447362944484
leaf_count=16538 7105 7297 948 3713 3271 3454 2680 3049 3063 2981 2867 2711 2789 2696 4550 7217 15290 5883 8532 8953 3903 1711 3715 7853 977 4334 1016 1270 3185 550
internal_value=-0.00014026 -0.00957917 0.000149586 0.00237861 0.000396663 0.0017081 0.00048975 0.00202156 0.000653949 0.0022828 0.000917499 0.0025427 0.001099 0.00270651 0.00123213 0.00264062 -0.00285679 0.00836151 0.00555944 -0.00546598 0.000712247 0.00951022 0.00602857 -0.00413712 0.0166464 -0.00133666 -0.00460236 -0.0142326 -0.00072683 0.0298428
internal_weight=8220.75 1725.77 1432.78 6494.98 5898.02 5762.51 5490.19 5347.19 5106.41 4971 4741.38 4614.65 4403.67 4287.99 4097.32 3999.27 2042.02 1957.25 1397.61 847.079 1403.68 885.831 584.74 395.45 197.303 516.05 1342.15 517.85 280.783 240.781
internal_count=144101 25799 18502 118302 111197 107484 104213 100759 97529 94480 91417 88436 85569 82858 80069 77373 49870 27503 34580 26048 20286 9948 17095 13380 5527 6045 17554 10338 4455 3230
is_linear=0
shrinkage=0.05


Tree=86
num_leaves=31
num_cat=0
split_feature=108 108 108 108 108 108 108 108 108 108 108 108 108 108 108 108 108 108 108 214 104 225 110 104 110 225 104 104 110 225
split_gain=135.979 163.999 90.7274 76.134 82.5459 75.3258 84.0333 117.812 82.0241 86.9706 100.116 79.992 99.6053 221.747 123.274 169.857 106.552 139.377 107.971 67.9941 80.4383 63.9363 76.5666 109.833 75.0853 92.3043 72.9693 68.7678 59.6093 59.8583
threshold=0.99704739451408397 0.99553072452545177 0.99409481883049022 0.99269616603851329 0.99250110983848583 0.99106144905090343 0.98991972208023082 0.98781466484069835 0.98696711659431469 0.98539230227470409 0.98500218987464916 0.98423999547958385 0.98279201984405529 0.9813305437564851 0.98009857535362255 0.97871029376983654 0.97750329971313488 0.97574350237846386 0.9750477969646455 1.3636333942413332 9.5737462043762225 1.7079319953918459 0.10078029707074167 5.8648414611816415 0.059776136651635177 1.1713590025901797 6.399564504623414 3.3379534482955937 0.039559902623295791 0.98696541786193859
decision_type=2 2 2 2 2 2 2 2 2 2 2 2 2 2 2 2 2 2 2 2 2 2 2 2 2 2 2 2 2 2
left_child=1 2 3 4 5 6 7 8 9 10 11 12 13 14 15 16 17 18 19 21 -21 22 23 24 27 -26 -24 28 -1 -30
right_child=-2 -3 -4 -5 -6 -7 -8 -9 -10 -11 -12 -13 -14 -15 -16 -17 -18 -19 -20 20 -22 -23 26 -25 25 -27 -28 -29 29 -31
leaf_value=0.01620986030640598 0.047823213049264693 -0.047650299001784968 0.046439213173093657 -0.045349425629520407 0.046587583918053371 -0.04517130974759196 0.047227046658716743 -0.047101746157116896 0.04789937967266495 -0.046811979133624983 0.050769258575264133 -0.047769884118453149 0.027102087399898663 -0.054699979199033827 0.032290755730116298 -0.053214490663403551 0.03220048254278516 -0.052765646841580027 0.035625730349421174 -0.019693171863876618 0.0024644984674149252 0.020547122196166237 -0.035403203329140091 0.031449411713162838 -0.026309328614397887 0.0079506254785533734 -0.0039534911808797348 0.03650617278392157 -0.03089052018582409 0.0081909197991835193
leaf_weight=421.18508737720549 136.09631799720228 172.93629641388543 94.850770737044513 83.012256875168532 84.561283560469747 82.872755853459239 83.556803121231496 122.95006707729772 79.742890659719706 88.699194385204464 87.487336867488921 77.460829998832196 321.32796811405569 176.75569150410593 282.35093283560127 141.56520246807486 242.06707415077835 117.211796825286 196.73165195342153 894.76887921243906 744.75175192719325 423.55128817725927 212.50998252816498 344.6143175913021 417.87686884170398 356.99391764122993 1098.1051769647747 187.23357354011387 180.02040513325483 195.50298438966274
leaf_count=3141 6074 23458 4196 7881 2631 7830 2047 9848 1578 3625 1257 1830 2836 2808 2335 2474 1892 1974 1715 10492 7551 2614 2947 2821 6268 2584 11837 1410 2852 1289
internal_value=1.88174e-05 -0.000851681 0.000239954 -0.000384951 0.00016065 -0.00041814 0.000136226 -0.000457596 0.000392703 -0.000198438 0.000447096 -0.000250126 0.000346937 -0.000987872 0.000564758 -0.000935847 0.000376882 -0.00100656 0.000153642 -0.00118308 -0.00967413 0.00246024 0.000162896 0.00606418 0.000940631 -0.0106251 -0.00928238 0.0100641 0.00347446 -0.0108594
internal_weight=8149.35 8013.26 7840.32 7745.47 7662.46 7577.89 7495.02 7411.46 7288.51 7208.77 7120.07 7032.59 6955.12 6633.8 6457.04 6174.69 6033.12 5791.06 5673.85 5477.11 1639.52 3837.59 3414.04 2103.43 1758.81 774.871 1310.62 983.942 796.708 375.523
internal_count=144095 138021 114563 110367 102486 99855 92025 89978 80130 78552 74927 73670 71840 69004 66196 63861 61387 59495 57521 55806 18043 37763 35149 20365 17544 8852 14784 8692 7282 4141
is_linear=0
shrinkage=0.05


Tree=87
num_leaves=31
num_cat=0
split_feature=108 108 108 108 108 106 87 87 214 218 218 92 92 87 87 219 225 110 110 225 104 110 104 110 219 108 73 87 87 87
split_gain=130.462 156.717 84.0605 73.152 79.8135 72.4712 88.3863 96.6108 68.711 66.376 71.4954 63.4761 76.2188 71.0496 130.826 56.7664 40.324 67.3074 43.5791 38.9478 38.7586 54.898 40.5749 46.8739 38.2331 69.4569 35.0171 29.5144 90.6979 39.6302
threshold=0.99704739451408397 0.99553072452545177 0.99409481883049022 0.99269616603851329 0.99250110983848583 29.568845748901371 3.3944636583328252 3.9909090995788579 1.1818132996559145 4.0554487705230722 1.6259729862213137 4.097701072692872 4.7165992259979257 5.0259516239166269 5.9554655551910409 1.1732887029647829 0.89761385321617138 0.047857817262411124 0.035482855513691909 0.73518776893615734 3.080655694007874 0.068895712494850173 4.9783272743225107 0.10447034984827043 3.0555385351181035 0.51056194305419933 15.500000000000002 6.4756212234497079 6.9961686134338388 7.4832592010498056
decision_type=2 2 2 2 2 10 2 2 2 2 2 2 2 2 2 2 2 2 2 2 2 2 2 2 2 2 2 2 2 2
left_child=1 2 3 4 5 8 -7 -8 15 10 24 -9 -13 -14 -15 16 18 -18 19 -1 -19 -22 -23 -24 25 -10 -17 -16 -29 -30
right_child=-2 -3 -4 -5 -6 6 7 11 9 -11 -12 12 13 14 27 26 17 20 -20 -21 21 22 23 -25 -26 -27 -28 28 29 -31
leaf_value=-0.017780050090524784 0.047673804401067069 -0.047499288854939418 0.046122112244077758 -0.045131031656923393 0.046398129080855971 0.056699423027256869 -0.048845847047180785 0.062883206595712768 -0.032423881543855844 0.043698675020533546 -0.023015878540566304 -0.048237008190566429 0.036305372137140461 -0.049080105706099768 0.030784636355470543 0.0049494302751395998 0.0300909265091098 -0.022752001250286615 -0.029444914500652883 0.01599316621486396 0.025868614358516132 -0.022010184572176027 0.020852985851202765 -0.0065721932720681489 0.019921740730326987 -0.0020772522207157195 0.023493834937665034 -0.048692838840204145 0.03509607239577197 0.0058617475070045014
leaf_weight=174.85623484058306 132.22988855093718 164.50848340755329 89.296506324782968 79.449892540462315 82.951704488135874 82.750093040056527 65.664645629934967 43.136428541503847 214.11639888212085 47.939703620970249 766.17473273351789 49.92599616246298 198.53630882687867 93.911008422262967 134.64973286259919 1191.8197793504223 162.05036020791158 201.88056027516723 262.87584530562162 148.75574394408613 170.35817446373403 229.87608809303492 213.01194755593315 507.39147119317204 137.21344823017716 1198.7689364259131 316.72476294124499 59.564364549238235 130.01017436431721 711.60844915965572
leaf_count=3872 6151 23401 4104 7864 2705 946 1269 342 1669 1206 12973 707 1767 2503 1071 11967 1641 4273 6501 1964 1842 4484 2489 7180 966 14429 3007 1107 1166 8344
internal_value=0.000210379 -0.000640126 0.000412407 -0.000178662 0.000350196 -0.000219179 0.00930151 0.00630275 -0.00274499 -0.00934093 -0.0106218 0.00917402 0.0070521 0.00947516 0.00448297 0.00162531 -0.00374336 0.000664015 -0.0147238 -0.00224136 -0.00314047 0.000562486 -0.00419633 0.00171148 -0.00438747 -0.0068717 0.00897197 0.00976198 0.00631751 0.0107368
internal_weight=8062.01 7929.78 7765.27 7675.97 7596.52 7513.57 1569.76 1487.01 5943.81 2364.21 2316.27 1421.34 1378.21 1328.28 1129.74 3579.6 2071.06 1484.57 586.488 323.612 1322.52 1120.64 950.28 720.403 1550.1 1412.89 1508.54 1035.83 901.183 841.619
internal_count=143910 137759 114358 110254 102390 99685 19222 18276 80463 31243 30037 17007 16665 15958 14191 49220 34246 21909 12337 5836 20268 15995 14153 9669 17064 16098 14974 11688 10617 9510
is_linear=0
shrinkage=0.05


Tree=88
num_leaves=31
num_cat=0
split_feature=108 108 108 225 110 104 110 104 110 104 110 104 104 110 70 104 110 110 104 225 110 110 70 104 225 104 70 104 108 70
split_gain=123.312 148.882 80.5667 80.7811 115.651 144.982 100.461 112.931 85.1462 87.1779 85.5888 83.1364 81.0854 102.108 74.5615 73.7578 74.798 73.6237 67.7485 66.2791 67.8644 58.9253 51.2289 70.2853 49.4254 49.416 48.8489 48.4597 46.9397 43.6676
threshold=0.99704739451408397 0.99553072452545177 0.99409481883049022 1.0657883286476137 0.083382975310087218 5.4011600017547616 0.047857817262411124 2.2882525920867924 0.12242737412452699 10.840722084045412 0.22519670426845553 4.0782964229583749 3.7626260519027714 0.064173504710197463 67.500000000000014 7.0134875774383554 0.093985531479120268 0.03347855061292649 20.280096054077152 0.75520122051239025 0.020502080209553245 0.05782654136419297 43.500000000000007 7.0134875774383554 0.57892319560050975 10.840722084045412 27.500000000000004 15.216999530792238 0.58866310119628917 43.500000000000007
decision_type=2 2 2 2 2 2 2 2 2 2 2 2 2 2 2 2 2 2 2 2 2 2 2 2 2 2 2 2 2 2
left_child=1 2 3 6 11 -6 7 17 22 14 26 21 -8 -14 -10 -15 -17 19 29 20 24 -5 23 -7 -1 -18 27 -11 -13 -12
right_child=-2 -3 -4 4 5 8 12 -9 9 10 18 28 13 15 -16 16 25 -19 -20 -21 -22 -23 -24 -25 -26 -27 -28 -29 -30 -31
leaf_value=-0.0086076451327234457 0.047434718102023848 -0.047358836092860006 0.045884491204085109 0.025394508260303157 -0.023354678098996384 -0.010959377323945025 -0.032085962622445972 0.027519507262530524 -0.019549682727026348 0.00047655792499170846 -0.031114012655922858 0.002500423024776642 0.025866087627847107 -0.031417810809915812 0.023911237517442743 0.032068076260329481 -0.031660332882580786 -0.021659856916952942 0.008959872142705853 0.024075972043220775 -0.027260557197724741 -0.0046058505548298035 0.042324993963941626 0.024526029244105105 0.041252787453687406 0.0011926661873714029 0.049250722965044048 0.03231461980845482 0.041430792765629415 0.013442958833253891
leaf_weight=106.38455342082307 125.359252742026 157.31257530185394 85.795979214366525 246.36258151289076 577.07037701574154 218.98415536945686 480.94499780260958 346.24676321959123 720.93654964631423 299.07047140970826 249.4748367080465 98.835643116384745 180.78869379544631 368.07530381064862 105.42085529025644 111.7831726600416 179.58476347802207 399.21508302073926 385.42127125663683 266.16759860515594 202.1526911216788 446.04379501566291 163.89481044886634 353.50110955862328 78.94653610419482 287.11000554775819 110.8903832626529 189.40862507838756 371.31762168556452 63.600736897438765
leaf_count=1743 6110 23427 4111 2137 9566 3259 13393 3885 11334 3619 3279 1017 1756 7860 771 913 3427 8786 3480 3352 5253 5767 1455 3392 867 3246 945 1594 3563 510
internal_value=0.00011732 -0.000697618 0.000316733 -0.000256723 0.00390641 -0.000716621 -0.00661666 0.00317455 0.00391561 -0.0011834 0.00688455 0.0174662 -0.0151014 -0.00763706 -0.0137856 -0.0142396 -0.00296122 -0.00501516 -0.00499786 0.00532373 -0.00783907 0.00627804 0.0184434 0.0109972 0.0136563 -0.0118482 0.0205869 0.0132224 0.0334694 -0.0219264
internal_weight=7976.1 7850.74 7693.43 7607.63 4600.23 3437.67 3007.4 1399.11 2860.6 2124.22 1297.87 1162.56 1608.29 1127.34 826.357 946.553 578.478 1052.87 698.497 653.651 387.484 692.406 736.38 572.485 185.331 466.695 599.369 488.479 470.153 313.076
internal_count=143817 137707 114280 110169 55688 43204 54481 23886 33638 25532 13427 12484 30595 17202 12105 15446 7586 20001 7269 11215 7863 7904 8106 6651 2610 6673 6158 5213 4580 3789
is_linear=0
shrinkage=0.05


Tree=89
num_leaves=31
num_cat=0
split_feature=108 108 108 86 86 102 86 86 86 86 86 86 108 86 86 86 86 86 86 86 86 86 86 86 86 86 86 72 85 86
split_gain=118.19 140.549 78.7135 73.5592 452.869 353.601 351.117 389.224 307.607 218.726 306.924 137.41 58.1728 56.501 141.755 86.4607 183.402 99.1256 154.674 101.923 145.724 81.7617 142.747 111.098 102.986 122.639 107.041 54.7056 43.4253 42.2874
threshold=0.99704739451408397 0.99553072452545177 0.99409481883049022 1.1314879059791567 1.7388663887977602 inf 2.2629758119583134 2.9777327775955205 3.3944636583328252 3.9909090995788579 4.097701072692872 4.7165992259979257 0.99269616603851329 5.1804971694946298 5.7524003982543954 6.1574394702911386 6.8143503665924081 7.1943318843841562 7.7707455158233651 8.195402145385744 8.8536138534545916 9.145454406738283 9.8946361541748065 10.223968029022219 10.809091091156008 11.277260780334474 11.883658409118654 4.5000000000000009 8.195402145385744 13.286160945892336
decision_type=2 2 2 2 2 8 2 2 2 2 2 2 2 2 2 2 2 2 2 2 2 2 2 2 2 2 2 2 2 2
left_child=1 2 3 5 -5 -1 -6 -8 -9 -10 -11 -12 13 -13 -15 27 -17 -18 -19 -20 -21 -22 -23 -24 -25 -26 -27 -16 -7 -28
right_child=-2 -3 -4 4 6 28 7 8 9 10 11 12 -14 14 15 16 17 18 19 20 21 22 23 24 25 26 29 -29 -30 -31
leaf_value=0.061775463645039878 0.047232809673453016 -0.047203644647609559 0.045708160886641667 -0.055317685709781378 0.062332048193264704 0.021757735046602666 -0.05440777817958397 0.0632532174209674 -0.055170427948213169 0.065189326652173696 -0.050765263333492017 0.020782324920235063 -0.043883553797026381 -0.051413546795556889 0.014772086443419298 -0.056141754710646342 0.032699341357787626 -0.054227945465867039 0.034713506387240745 -0.055319654893131856 0.033838814921040947 -0.055041164978296177 0.039983326367307975 -0.051243764513592173 0.045011251073677788 -0.05383249676866695 0.017977363775106715 0.068176892581864365 -0.0075952696156239259 -0.0022209658345695915
leaf_weight=256.44600798375905 120.13549984246492 149.92511408310384 83.677516918629408 372.51173707330599 213.19170518219471 138.35915274452418 318.85138924792409 185.10378608852625 167.95526819862425 170.87446584459394 125.58291426533833 324.11234529223293 63.44969085464254 122.83247282868251 205.77250683866441 134.40813723066822 225.29506389703602 120.54590318514965 203.11921589868143 108.86237816838548 169.5865969080478 106.99162993533537 164.42020365828648 88.958885654341429 137.59215840650722 85.378272290341556 283.43367817811668 56.210377380251884 831.43128559505567 2206.7411344735883
leaf_count=2708 6120 23378 4202 8005 2205 959 7589 1893 3422 1643 3273 2604 6444 2735 2195 2183 2304 2251 1822 1870 1882 1826 1495 1655 1481 1441 3352 418 8566 32157
internal_value=-2.62036e-05 -0.000811458 0.000155437 -0.000406397 -0.00257145 0.0107559 0.000795925 -0.00157914 0.00160137 -0.000678874 0.00121857 -0.00112458 0.000274776 0.00095641 -0.000540977 0.00102913 -0.000808005 0.00123722 -0.000774716 0.0011848 -0.000944149 0.00104553 -0.000867765 0.00126442 -0.0011416 0.000683296 -0.00184974 0.0283159 -0.00322818 0.000140733
internal_weight=7941.76 7821.62 7671.7 7588.02 6361.78 1226.24 5989.27 5776.08 5457.23 5272.12 5104.17 4933.29 4807.71 4744.26 4420.15 4297.32 4035.33 3900.93 3675.63 3555.08 3351.96 3243.1 3073.52 2966.52 2802.1 2713.15 2575.55 261.983 969.79 2490.17
internal_count=144078 137958 114580 110378 98145 12233 90140 87935 80346 78453 75031 73388 70115 63671 61067 58332 55719 53536 51232 48981 47159 45289 43407 41581 40086 38431 36950 2613 9525 35509
is_linear=0
shrinkage=0.05


Tree=90
num_leaves=31
num_cat=0
split_feature=108 108 214 225 110 104 104 110 110 225 225 104 110 225 110 104 110 220 110 104 104 84 110 104 225 110 104 225 110 104
split_gain=110.789 134.994 77.6196 66.5552 102.683 126.157 107.41 106.067 83.4046 78.5765 68.8131 64.1902 56.7333 60.0549 56.477 52.7306 65.9705 50.0086 48.8902 56.3153 48.4076 44.5492 53.0293 44.2796 49.6487 41.799 38.2988 36.2191 49.2782 40.7763
threshold=0.99704739451408397 0.99553072452545177 1.2708840370178225 1.4157783389091494 0.068895712494850173 2.8358474969863896 5.4011600017547616 0.10447034984827043 0.039559902623295791 0.86123681068420421 0.98696541786193859 6.7057862281799325 0.027288263663649562 0.6868899166584016 0.14173142611980441 9.5737462043762225 0.15299198776483539 3.2110658884048466 0.24544273316860202 17.254394531250004 10.169554233551027 18.09003829956055 0.16676595062017444 8.1207995414733904 1.0777410864830019 0.017741427756845955 15.216999530792238 0.93167042732238781 0.04547985456883908 4.420795440673829
decision_type=2 2 2 2 2 2 2 2 2 2 2 2 2 2 2 2 2 2 2 2 2 2 2 2 2 2 2 2 2 2
left_child=1 2 3 4 5 8 -6 23 9 12 -10 -4 13 25 -5 -9 -17 18 19 21 -16 -13 -23 24 -8 -1 -18 28 -7 -30
right_child=-2 -3 11 14 6 27 7 15 10 -11 -12 17 -14 -15 20 16 26 -19 -20 -21 -22 22 -24 -25 -26 -27 -28 -29 29 -31
leaf_value=0.017495032085239098 0.046990774084829046 -0.047054611512204532 -0.016036989193342038 0.029781209473258304 -0.023966437855125061 0.045580929748177346 -0.010891358332364782 -0.023509541193038479 -0.031840052416750739 0.033752054964781869 0.0030132660904420433 -0.033435962870079557 -0.017047904514602637 0.035990315524416908 -0.011910801832854132 0.021280739705666598 -0.033612626485468547 0.035570572082021169 -0.017331686771284424 0.035075830229269522 0.016745823188358412 0.013224841653887246 -0.015187988903257163 0.046636688690078254 0.026462835141056226 -0.025385831280335627 0.0021874154633185531 0.031474875451665191 -0.030601221189094849 0.025136915227703685
leaf_weight=101.82618857361376 114.15433906530961 143.4045907559339 1079.4709149380215 395.99425371410325 634.92286918591708 42.473008310887963 146.72693659411743 365.25048635946587 284.3628542101942 232.30874825548381 269.87363039888442 83.322165291756392 263.92433340800926 150.50092266313732 234.42497964855283 219.98900772724301 128.45556250261143 83.453710917849094 371.31247431179509 115.66174397012219 363.4328913744539 458.65477636829019 243.12180923484266 109.09674962982535 200.11230780463666 105.99933995958418 159.78008129121736 555.16248411685228 83.365753079298884 41.553802463691682
leaf_count=1715 6088 23449 17091 3269 13519 391 2290 7155 9437 2774 3579 720 6690 2195 2383 2405 2298 1008 4267 975 3099 6342 3922 956 2137 2926 1588 6787 1933 345
internal_value=0.000136121 -0.000621709 0.000324499 0.00383574 0.00100528 0.00858641 -0.00722225 0.000893953 -0.000163851 0.00959648 -0.0151163 -0.00700024 0.000187119 0.0129997 0.0153739 -0.00929297 0.00118069 0.000260896 -0.00231495 0.00399759 0.00549823 -0.000964462 0.00330648 0.0201905 0.0107981 -0.00453729 -0.0143594 0.0254165 0.00468208 -0.0115714
internal_weight=7782.09 7667.94 7524.53 5089.54 4095.69 2131.35 1964.33 1329.41 1408.8 854.56 554.236 2435 622.251 358.326 993.852 873.475 508.225 1355.53 1272.07 900.76 597.858 785.099 701.777 455.936 346.839 207.826 288.236 722.555 167.393 124.92
internal_count=143733 137645 114196 79871 71120 38772 32348 18829 29316 16300 13016 34325 13526 6836 8751 13446 6291 17234 16226 11959 5482 10984 10264 5383 4427 4641 3886 9456 2669 2278
is_linear=0
shrinkage=0.05


Tree=91
num_leaves=31
num_cat=0
split_feature=108 108 89 89 75 89 89 108 108 108 108 108 108 108 108 108 108 108 108 108 108 108 108 108 104 70 214 100 70 103
split_gain=104.697 128.695 74.3135 284.38 153.262 92.8262 141.193 56.7568 57.5292 55.5947 60.627 57.2336 94.6736 53.6801 68.5749 64.0138 63.8164 61.0541 174.583 69.0895 130.51 71.8942 110.309 68.8766 49.0707 57.2012 47.5845 40.5419 33.8842 29.3906
threshold=0.99704739451408397 0.99553072452545177 2.9777327775955205 2.2629758119583134 1.5000000000000002 4.097701072692872 4.7165992259979257 0.99409481883049022 0.99269616603851329 0.99250110983848583 0.99106144905090343 0.98991972208023082 0.98781466484069835 0.98696711659431469 0.98539230227470409 0.98500218987464916 0.98423999547958385 0.98279201984405529 0.9813305437564851 0.98009857535362255 0.97871029376983654 0.97750329971313488 0.97574350237846386 0.9750477969646455 4.9783272743225107 43.500000000000007 1.3974906206130984 143.50000000000003 115.50000000000001 4.8270416259765634
decision_type=2 2 2 2 2 2 2 2 2 2 2 2 2 2 2 2 2 2 2 2 2 2 2 2 2 2 2 10 2 2
left_child=1 2 3 4 27 -4 -7 8 9 10 11 12 13 14 15 16 17 18 19 20 21 22 23 24 26 -26 28 -1 -8 -27
right_child=-2 -3 5 -5 -6 6 7 -9 -10 -11 -12 -13 -14 -15 -16 -17 -18 -19 -20 -21 -22 -23 -24 -25 25 29 -28 -29 -30 -31
leaf_value=-0.006406352477976782 0.046772595884969993 -0.046880753890638234 0.022264460279723869 -0.05523202118134838 0.062384530891348447 -0.050870688618738252 -0.0039675086169580626 0.044590043269922913 -0.043449480597851566 0.045022447014546413 -0.043656397555367585 0.045758381868194392 -0.045857380656949213 0.046137977831379746 -0.045075095630602149 0.048713260873310793 -0.046229863254257514 0.026131909490794598 -0.053398381179169591 0.02975102823473972 -0.051635968128898736 0.032267936027417683 -0.05144908117444829 0.035033436978784457 0.0018444779346787244 0.01499325094711265 -0.024007250115383846 0.028909285387806294 0.019128133890982522 0.045989298285390237
leaf_weight=1196.5759192700498 109.29716190556064 136.27535088080913 559.95745101710781 266.01303202705458 83.094229149632156 117.91083434130996 1233.7794373664074 68.171454194001853 59.76101540774107 64.937859839759767 62.8634312315844 64.601090000011027 92.81388302333653 59.902415585704148 66.187565139960498 64.567428462207317 57.605681809596717 252.33319357503206 131.22599936230108 220.27018711250275 102.02769208373502 190.46341070719063 85.792288823053241 149.55908199306577 1299.1705929194577 358.47179121337831 258.43569181626663 77.285435322672129 172.08103343192488 94.738537544384599
leaf_count=14850 6136 23317 6131 6226 895 3114 12963 3573 6553 2244 6305 1688 7994 1258 2929 981 1366 2220 2228 1769 1906 1481 1490 1308 14555 2803 2983 776 1171 697
internal_value=0.000293092 -0.00043146 0.00047255 -0.00896742 0.000439845 0.00308554 0.00103183 0.00230173 0.00165557 0.00227028 0.00162844 0.00228987 0.00162332 0.00263556 0.00198937 0.00275122 0.00200277 0.00271372 0.00128073 0.00312736 0.00156917 0.00311226 0.00150775 0.00292202 0.00141827 0.00723804 -0.00471615 -0.00405526 -0.00102541 0.0223256
internal_weight=7756.17 7646.87 7510.6 1622.97 1356.96 5887.63 5327.67 5209.76 5141.59 5081.83 5016.89 4954.03 4889.43 4796.61 4736.71 4670.52 4605.95 4548.35 4296.02 4164.79 3944.52 3842.49 3652.03 3566.24 3416.68 1752.38 1664.3 1273.86 1405.86 453.21
internal_count=143910 137774 114457 22747 16521 91710 85579 82465 78892 72339 70095 63790 62102 54108 52850 49921 48940 47574 45354 43126 41357 39451 37970 36480 35172 18055 17117 15626 14134 3500
is_linear=0
shrinkage=0.05


Tree=92
num_leaves=31
num_cat=0
split_feature=108 108 108 106 87 87 87 101 87 87 106 87 87 87 87 73 40 100 222 222 222 222 73 73 104 110 104 214 110 104
split_gain=102.242 120.24 71.3309 65.8042 134.264 118.504 80.454 195.046 157.029 68.9519 117.859 84.2189 68.0717 188.965 64.084 44.7096 37.7637 37.4665 36.2761 72.8474 77.793 86.9419 36.1234 34.7576 32.3195 41.6445 40.7581 29.7199 40.7408 31.2898
threshold=0.99704739451408397 0.99553072452545177 0.99409481883049022 14.438519001007082 3.3944636583328252 3.9909090995788579 1.1314879059791567 inf 1.7388663887977602 2.5902485847473149 1.0000000180025095e-35 3.3944636583328252 5.0259516239166269 5.9554655551910409 18.972318649291996 3.5000000000000004 2.3579032421112065 190.50000000000003 -1.0027329325675962 -0.9340710937976836 -0.6028212010860442 -0.53259715437889088 16.500000000000004 1.5000000000000002 26.488859176635746 0.24544273316860202 17.254394531250004 2.117630243301392 0.12242737412452699 10.169554233551027
decision_type=2 2 2 10 2 2 2 8 2 2 10 2 2 2 2 2 10 10 2 2 2 2 2 2 2 2 2 2 2 2
left_child=1 2 3 6 -5 -6 7 -1 -8 23 -11 -12 15 -14 -13 18 -15 24 -7 -20 -21 -22 -18 -10 25 26 27 28 29 -9
right_child=-2 -3 -4 4 5 12 8 17 9 10 11 14 13 16 -16 -17 22 -19 19 20 21 -23 -24 -25 -26 -27 -28 -29 -30 -31
leaf_value=0.057526206144447624 0.046571049905024808 -0.046731312807006632 0.045149765115271856 0.058456329601261237 -0.051335148669087227 0.039402421854588719 -0.052162852243311124 0.0003095865008314349 0.036723717971341677 -0.050488911528839359 0.062855462144408222 -0.021655361605160343 -0.052048873810962251 0.011936872046687119 -0.0010194727788546648 0.059063556707469801 -0.0023295004275445566 0.033111130991868729 -0.047760890658777699 0.065310083747357722 -0.049207849363425281 0.034927114063426773 0.025837708900405317 -0.00036755941276059181 0.017647999427340081 -0.031773623326830869 0.024298166872429375 -0.029854986330122971 -0.016073423076641686 0.033376483211282254
leaf_weight=141.41859365161508 104.92972778854892 130.72450113645755 76.170941204298288 101.72862438717857 88.476470470894128 91.03630471881479 200.53840110497549 538.37062523793429 113.59156908933073 154.90993249882013 33.210359662771225 554.53117797989398 144.4981130908709 1088.9146530572325 1131.0492336121388 66.442806769162416 1457.5180305354297 62.841135611291975 44.427055111154914 48.37896765395999 49.704869663808495 53.441981802694499 113.39724728791043 128.77283605746925 150.23033563699573 131.73187525430694 112.64639955759048 107.77559766964987 370.77206214517355 72.539170035161078
leaf_count=2147 6125 23440 4184 1325 1949 887 6678 5740 1235 4662 320 8404 3951 14280 21830 670 21790 517 691 411 660 532 1338 1773 938 1158 733 817 4314 486
internal_value=-0.000234832 -0.000945161 -7.77554e-05 -0.000606966 0.00455902 0.00269568 -0.00492612 0.00336509 -0.0109572 -0.00682518 -0.0100857 -0.00617333 0.00436683 0.00172186 -0.00789605 0.0247287 0.00482702 -0.00192402 0.0150585 0.00238476 0.019134 -0.006382 -0.000145664 0.0177828 -0.00361923 -0.00612807 -0.00307876 -0.00610471 -0.00322248 0.00471024
internal_weight=7664.72 7559.79 7429.07 7352.89 3347.97 3246.24 4004.93 1688.33 2316.6 2116.07 1873.7 1718.79 3157.76 2804.33 1685.58 353.432 2659.83 1546.91 286.989 195.953 151.526 103.147 1570.92 242.364 1484.07 1333.84 1202.1 1089.46 981.682 610.91
internal_count=143985 137860 114420 110236 48484 47159 61752 16850 44902 38224 35216 30554 45210 41359 30234 3851 37408 14703 3181 2294 1603 1192 23128 3008 14186 13248 12090 11357 10540 6226
is_linear=0
shrinkage=0.05


Tree=93
num_leaves=31
num_cat=0
split_feature=108 108 108 106 87 87 92 92 87 87 218 218 222 109 100 221 218 101 95 87 222 82 222 73 222 222 92 106 103 110
split_gain=96.1733 115.378 66.7554 67.3513 91.1124 98.7124 67.2204 71.6817 78.1652 140.642 57.6618 77.8045 139.27 90.6437 50.653 44.0698 59.1468 43.9627 39.5958 92.1992 73.0694 63.6885 45.5515 44.9008 37.8913 102.043 34.0135 32.3794 30.1145 71.2672
threshold=0.99704739451408397 0.99553072452545177 0.99409481883049022 22.487142562866214 3.3944636583328252 3.9909090995788579 4.097701072692872 4.7165992259979257 5.0259516239166269 5.9554655551910409 4.0554487705230722 2.7034981250762944 -0.40515153110027308 0.28958299756050115 230.50000000000003 -0.2281987518072128 3.2111083269119267 228.50000000000003 93.181591033935561 1.1314879059791567 -0.45558638870716089 3.0135400295257573 -0.91260111331939686 7.5000000000000009 -1.1046233177185056 -1.0984957218170164 5.1804971694946298 1.0000000180025095e-35 2.4071326255798344 0.047857817262411124
decision_type=2 2 2 10 2 2 2 2 2 2 2 2 2 8 10 2 2 10 8 2 2 8 2 2 2 2 2 10 2 2
left_child=1 2 3 10 -5 -6 -7 -8 26 -10 11 13 -13 -1 17 -14 -17 18 19 -15 22 -20 24 -24 27 -26 -9 -21 -23 -30
right_child=-2 -3 -4 4 5 6 7 8 9 -11 -12 12 15 14 -16 16 -18 -19 21 20 -22 28 23 -25 25 -27 -28 -29 29 -31
leaf_value=0.058873157166297777 0.046348880044361961 -0.046552099563232349 0.044856282619116977 0.055366092754846656 -0.049402415354916768 0.060962491597099558 -0.048059686534149826 0.064694207903518638 -0.049781670109717208 0.0071366882423111663 0.044126357453268678 0.026761066016895426 -0.045449532721666394 0.052959705084683562 0.042983809776221009 -0.042277243986012472 0.042177373004622057 0.030272350832997952 0.018777172469175492 -0.049566794684034431 0.035508315574153661 -0.012903954076611128 -0.044729000188123924 -0.0084703609398698379 0.062376789098896039 -0.017982068810109691 0.020192143241755757 -0.011027751650726836 0.026201597798177097 -0.0038815049264440287
leaf_weight=50.236119476146996 100.41616046801209 124.4874029904604 72.67443309025839 83.194992023985833 70.950053257169202 46.053105811122805 51.033829150721431 59.047193212434649 106.23341305996291 1635.6686886036769 52.905850102193654 100.46383805945516 298.649243285181 41.110326782800257 49.492808092851192 31.07492411416024 31.858058082871139 84.652351723052561 335.1084260372445 58.973645312245935 55.164107518736273 700.66613760078326 250.06002518651076 135.34108540927991 50.746272793971002 104.30615997873247 156.08176854485646 308.96929397433996 206.47031632321887 2166.3666300037876
leaf_count=454 6131 23386 4172 1164 1695 439 827 537 3241 21549 1571 1070 7921 440 417 780 579 1301 5576 1373 485 13631 5393 1765 415 1820 1572 5547 2445 26151
internal_value=2.35188e-05 -0.000655981 0.000178619 -0.000325479 0.00695292 0.00480714 0.00690983 0.00537424 0.00700489 0.00340106 -0.00347664 -0.00406044 -0.0233937 -0.00207098 -0.00287194 -0.0376741 0.000396643 -0.00347074 -0.00418495 -0.0128567 -0.0161799 -0.00159888 -0.0196712 -0.0325323 -0.0097611 0.0105039 0.0347379 -0.0183528 -0.0038742 -0.00116488
internal_weight=7618.46 7518.04 7393.55 7320.88 2208.26 2125.07 2054.12 2008.06 1957.03 1741.9 5112.62 5059.71 462.046 4597.66 4547.43 361.582 62.933 4497.93 4413.28 1004.67 963.561 3408.61 908.396 385.401 522.995 155.052 215.129 367.943 3073.5 2372.84
internal_count=143847 137716 114330 110158 31024 29860 28165 27726 26899 24790 79134 77563 10350 67213 66759 9280 1359 66342 65041 17238 16798 47803 16313 7158 9155 2235 2109 6920 42227 28596
is_linear=0
shrinkage=0.05


Tree=94
num_leaves=31
num_cat=0
split_feature=108 108 108 102 89 89 75 89 89 108 108 108 108 108 108 108 108 108 108 108 108 108 108 108 108 108 222 171 104 110
split_gain=92.0089 108.955 64.2053 62.1873 59.9624 252.906 136.737 82.8798 124.319 51.6787 51.7152 54.0818 55.5503 86.1601 52.5837 61.869 62.4955 58.5942 60.8322 160.387 65.8931 116.988 59.3647 98.3889 60.6623 121.595 39.7242 37.0809 41.6564 52.8385
threshold=0.99704739451408397 0.99553072452545177 0.99409481883049022 275.50000000000006 2.9777327775955205 2.2629758119583134 1.5000000000000002 4.097701072692872 4.7165992259979257 0.99269616603851329 0.99250110983848583 0.99106144905090343 0.98991972208023082 0.98781466484069835 0.98696711659431469 0.98539230227470409 0.98500218987464916 0.98423999547958385 0.98279201984405529 0.9813305437564851 0.98009857535362255 0.97871029376983654 0.97750329971313488 0.97574350237846386 0.972711741924286 0.97128450870513927 -1.3862461447715757 0.57500001788139354 10.169554233551027 0.13593370467424395
decision_type=2 2 2 10 2 2 2 2 2 2 2 2 2 2 2 2 2 2 2 2 2 2 2 2 2 2 2 2 2 2
left_child=1 2 3 4 5 6 -1 -6 -9 10 11 12 13 14 15 16 17 18 19 20 21 22 23 24 25 26 -10 28 29 -28
right_child=-2 -3 -4 -5 7 -7 -8 8 9 -11 -12 -13 -14 -15 -16 -17 -18 -19 -20 -21 -22 -23 -24 -25 -26 -27 27 -29 -30 -31
leaf_value=-0.0048581248626906864 0.046122154975336893 -0.046373725893246467 0.044601977141869489 0.044466763580621925 0.020011505046258496 -0.054817069474181405 0.060667724291766978 -0.050409304652770597 0.014498011442070467 -0.043059385046745391 0.044320517379097896 -0.043249711968406684 0.045303082937586926 -0.045630694209687371 0.045700089628848181 -0.044692067227026129 0.048255514934788635 -0.045774816946612062 0.025062063877026797 -0.053080168088368553 0.027984276898429875 -0.051143019262071543 0.028583584848042187 -0.05089665243814067 0.022414686763204232 -0.054044031454881174 -0.0030222590242121716 0.017704453886621837 0.0091644806888337895 -0.027184382212302134
leaf_weight=1228.1424874232616 96.069085675291717 118.74816194805317 69.898302830755711 66.20418302481994 533.97250249702483 248.23430397105403 75.088651245925575 111.88554801652208 479.30723116267473 56.585173035506159 58.84210891649127 59.087650011759251 60.689484475646168 88.502526816446334 56.702436628751457 62.985495039261878 61.001760793384165 56.058801637031138 251.48584635928273 126.64289309922606 220.05305604729801 96.905064655467868 187.49744795169681 81.037387441378087 312.50707195885479 92.048815445974469 1563.3353821872734 229.85851196944714 539.26805269345641 255.26813061907887
leaf_count=15135 6124 23336 4192 896 5706 6196 841 3131 4234 6539 2139 6262 1640 8027 1237 2925 966 1427 2198 2244 1773 1904 1463 1473 3052 1276 17513 1570 5393 3118
internal_value=-0.000118663 -0.000776164 2.48021e-05 -0.000465195 -0.000939908 -0.00961184 -0.000649479 0.00145773 -0.000517297 0.000698582 0.00128589 0.000677445 0.00130422 0.000649504 0.00162179 0.000982619 0.00171115 0.000973172 0.00166569 0.000202915 0.00199258 0.000433095 0.00190222 0.000417779 0.00175836 -0.000349313 0.00143259 -0.00103392 -0.0029277 -0.00654389
internal_weight=7543.91 7447.84 7329.1 7259.2 7192.99 1551.47 1303.23 5641.53 5107.56 4995.67 4939.09 4880.24 4821.16 4760.47 4671.96 4615.26 4552.28 4491.27 4435.21 4183.73 4057.09 3837.03 3740.13 3552.63 3471.59 3159.09 3067.04 2587.73 2357.87 1818.6
internal_count=143930 137806 114470 110278 109382 22172 15976 87210 81504 78373 71834 69695 63433 61793 53766 52529 49604 48638 47211 45013 42769 40996 39092 37629 36156 33104 31828 27594 26024 20631
is_linear=0
shrinkage=0.05


Tree=95
num_leaves=31
num_cat=0
split_feature=108 108 214 225 110 104 104 110 104 110 104 110 225 225 110 110 104 110 104 225 225 110 104 104 110 110 104 84 110 225
split_gain=86.1539 104.118 60.6864 62.5002 96.4502 140.587 129.6 85.2282 96.7506 79.6269 79.5899 72.8916 103.92 90.0128 83.747 69.2407 69.6643 65.0757 60.8687 76.282 54.8738 54.2939 50.939 41.408 55.9963 40.3438 44.0969 65.2901 39.5542 35.9668
threshold=0.99704739451408397 0.99553072452545177 2.117630243301392 1.4541449546813967 0.076244100928306593 3.9148437976837163 5.4011600017547616 0.11091887950897218 10.169554233551027 0.15958477556705478 10.169554233551027 0.049354091286659248 0.90886104106903087 1.0425879359245303 0.027288263663649562 0.15958477556705478 20.280096054077152 0.24544273316860202 8.1207995414733904 1.1024435162544253 0.6868899166584016 0.017741427756845955 20.280096054077152 6.1247837543487558 0.12242737412452699 0.061560431495308883 5.1849939823150644 75.716548919677749 0.27359752357006079 0.80671241879463207
decision_type=2 2 2 2 2 2 2 2 2 2 2 2 2 2 2 2 2 2 2 2 2 2 2 2 2 2 2 2 2 2
left_child=1 2 3 4 5 11 -6 18 -9 23 -11 12 14 -13 20 -10 -17 -12 19 -8 21 -1 -19 24 -5 -7 27 -27 -18 -16
right_child=-2 -3 -4 9 6 25 7 8 15 10 17 13 -14 -15 29 16 28 22 -20 -21 -22 -23 -24 -25 -26 26 -28 -29 -30 -31
leaf_value=0.019413224208440216 0.045820072797697009 -0.04620733292847503 -0.020857715232367069 0.023291043502857208 -0.02871262094497655 0.043556638190848984 -0.022131036532699891 -0.027116308234021676 0.018461551593387786 -0.023754445559872005 0.029490383480654726 -0.032731173412473245 0.023718476503073332 0.0012543889636859311 -0.033454017016931285 -0.024252241941320894 0.032939774352942215 -0.021886047791283027 0.032916621576493291 0.017314862224244849 0.03302173659193304 -0.027668503373016292 0.014230370490462538 0.037156447397653516 -0.02157510712490068 -0.033296903909163615 0.034654309415597044 0.01992298092552509 -0.013028648796691905 -0.0068793573961601394
leaf_weight=117.20404404355213 90.676648924592882 113.84195462311618 321.99823762173764 238.25771843502298 592.6000957833603 206.66569941211492 193.72867703158408 491.36036785482429 323.04749296884984 238.17866698023863 239.66637111734599 326.9861930727493 507.87971768830903 460.17743689962663 192.52440789574757 325.78798082564026 101.96195663046092 180.45907299383543 218.25462316488847 297.74203624087386 178.30087146861479 108.25581576046534 190.68026425689459 290.35061004338786 87.72343071596697 77.603283991571516 171.35055425111204 158.51845134771429 73.066719439812005 361.9531788227614
leaf_count=1853 6081 23424 4226 1884 13690 2234 3625 10456 3517 2847 2401 10588 6400 6050 6573 5250 854 2029 2068 3523 2701 3001 1762 2765 1133 1090 1773 2049 690 7299
internal_value=-0.000121831 -0.000747031 2.70892e-05 0.00102323 -0.00143159 0.00489566 -0.00835508 -0.00228564 -0.00979783 0.0101595 0.000180176 -0.000916988 0.00566673 -0.0130966 -0.0040471 0.000732393 -0.0108412 0.00974559 0.0115782 0.00163476 0.0130885 -0.00340831 -0.00344399 0.0236835 0.0109345 0.0258954 0.016109 0.00178965 0.014083 -0.0165357
internal_weight=7476.8 7386.13 7272.28 6950.29 5484.97 2867.42 2617.55 2024.95 1315.22 1465.32 848.984 2253.28 1466.12 787.164 958.238 823.864 500.817 610.806 709.725 491.471 403.761 225.46 371.139 616.332 325.981 614.138 407.472 236.122 175.029 554.478
internal_count=143836 137755 114331 110105 95284 51611 43673 29983 20767 14821 9039 44465 27827 16638 21427 10311 6794 6192 9216 7148 7555 4854 3791 5782 3017 7146 4912 3139 1544 13872
is_linear=0
shrinkage=0.05


Tree=96
num_leaves=31
num_cat=0
split_feature=108 108 106 133 218 218 109 109 101 95 73 81 104 105 101 73 105 95 218 101 109 86 86 86 86 102 86 86 86 86
split_gain=81.0057 99.395 62.3576 55.5147 50.8927 81.9846 68.2439 47.0821 42.3852 37.6483 36.3289 31.2545 27.1898 27.1658 23.5731 27.2642 26.3265 24.0187 23.4789 22.4064 85.036 21.6467 88.6515 120.574 132.413 135.487 84.3277 53.6317 76.7145 28.1434
threshold=0.99704739451408397 0.99553072452545177 13.959763526916506 9.498601436614992 4.0554487705230722 2.7034981250762944 0.3329258412122727 0.37652316689491278 260.50000000000006 125.81100463867189 14.500000000000002 125.40720748901369 26.488859176635746 143.25000000000003 143.50000000000003 10.500000000000002 37.354166030883796 93.181591033935561 2.9444000720977788 143.50000000000003 0.62568572163581859 2.9777327775955205 2.2629758119583134 1.7388663887977602 1.1314879059791567 inf 3.3944636583328252 3.9909090995788579 4.097701072692872 4.7165992259979257
decision_type=2 2 10 2 2 2 8 10 10 8 2 8 2 10 10 2 10 10 2 10 10 2 2 2 2 8 2 2 2 2
left_child=1 2 4 14 5 6 -1 -7 9 13 18 -11 21 19 15 16 17 -4 -5 -8 -21 22 23 24 25 -13 -23 -28 -29 -30
right_child=-2 -3 3 10 -6 7 8 -9 -10 11 -12 12 -14 -15 -16 -17 -18 -19 -20 20 -22 26 -24 -25 -26 -27 27 28 29 -31
leaf_value=0.039879636098210401 0.045551934791729469 -0.046018644010749982 -0.0060300243236512613 -0.0053736798364739545 0.043067114527336164 -0.034505946083495456 -0.021430691351760563 0.015104380699909365 0.036582561900525605 0.022189139723100243 0.01913136697983879 0.057304074831483712 0.016021891155920349 0.017399545273762532 0.038294195976697885 0.030880135186536019 0.016473948000070356 0.010458659654663699 0.018733024008977892 0.037113524679569292 -0.030859612754278183 0.056954056639479972 -0.052273029873298564 0.057374657447625148 -0.053878135030599808 -0.01037504642823177 -0.050065799589903363 0.058995223959187174 -0.042595622203443644 -0.001952874343440237
leaf_weight=82.552513723261654 86.213822351768613 108.64763355208561 416.0183201325126 1439.749797276454 46.200581535231322 308.22476873500273 550.66344533441588 50.415021215099841 54.344856733456254 122.61635110806674 186.08031600574031 78.746264763176441 169.2986170463264 55.688179865013808 70.619363425299525 136.58966117957607 554.17684126459062 449.64861776144244 98.841309898300096 73.223256799392402 92.907109951134771 51.13024971447885 101.02390174171887 61.956417506560683 130.31375691434368 433.54776074783877 48.117057113908231 41.298605582676828 34.132157896179706 1269.6567689538933
leaf_count=816 6046 23414 6141 23618 1481 8524 10404 608 770 2328 2600 719 1081 1019 1025 1859 8705 6388 1404 986 2553 459 1965 566 2256 3328 847 364 826 20581
internal_value=-2.82855e-05 -0.000626826 0.000120204 0.00510045 -0.00421067 -0.00489524 -0.00249363 -0.0273115 -0.00364699 -0.00441469 -0.00115312 -0.00145637 -0.00274123 -0.014006 0.0116958 0.0102522 0.00806566 0.00255623 -0.00371406 -0.0166517 -0.000493755 -0.00421774 -0.01073 -0.00412514 -0.0108429 0.000926095 -0.000536695 -0.00303744 -0.00099807 -0.00333299
internal_weight=7402.64 7316.43 7207.78 3351.72 3856.06 3809.86 3451.22 358.64 3368.66 3314.32 1724.67 2541.84 2419.22 772.482 1627.05 1556.43 1419.84 865.667 1538.59 716.794 166.13 2249.92 805.588 704.564 642.608 512.294 1444.33 1393.2 1345.09 1303.79
internal_count=143681 137635 114221 51740 62481 61000 51868 9132 51052 50282 27622 35320 32992 14962 24118 23093 21234 12529 25022 13943 3539 31911 8834 6869 6303 4047 23077 22618 21771 21407
is_linear=0
shrinkage=0.05


Tree=97
num_leaves=31
num_cat=0
split_feature=108 108 108 108 108 108 108 108 108 108 108 108 108 108 108 108 108 108 108 108 225 110 104 104 110 108 104 110 215 110
split_gain=78.1177 94.7872 59.3414 57.7872 64.9601 59.5951 67.5612 94.8215 65.7895 73.3982 81.065 65.8101 74.1383 181.531 80.2687 138.258 73.0241 117.443 84.4861 146.358 50.7116 59.1303 108.615 99.8438 71.673 66.495 65.1465 53.3999 53.0282 55.3502
threshold=0.99704739451408397 0.99553072452545177 0.99409481883049022 0.99269616603851329 0.99250110983848583 0.99106144905090343 0.98991972208023082 0.98781466484069835 0.98696711659431469 0.98539230227470409 0.98500218987464916 0.98423999547958385 0.98279201984405529 0.9813305437564851 0.98009857535362255 0.97871029376983654 0.97750329971313488 0.97574350237846386 0.972711741924286 0.97128450870513927 1.6193273067474367 0.086039882153272643 5.4011600017547616 8.5537762641906756 0.14173142611980441 0.71336960792541515 17.254394531250004 0.24544273316860202 1.69047486782074 0.05782654136419297
decision_type=2 2 2 2 2 2 2 2 2 2 2 2 2 2 2 2 2 2 2 2 2 2 2 2 2 2 2 2 2 2
left_child=1 2 3 4 5 6 7 8 9 10 11 12 13 14 15 16 17 18 19 20 21 22 28 -23 25 -25 -26 -22 29 -1
right_child=-2 -3 -4 -5 -6 -7 -8 -9 -10 -11 -12 -13 -14 -15 -16 -17 -18 -19 -20 -21 27 23 -24 24 26 -27 -28 -29 -30 -31
leaf_value=0.01026817967717813 0.04538138749055249 -0.045826895006786342 0.044205283266588458 -0.043930977876862586 0.045214755976942828 -0.043992612205454119 0.045964602039431424 -0.04622171631718755 0.04645032818052864 -0.045920632256186866 0.049257536290568678 -0.046596342630487078 0.023983498003133364 -0.053420308371922291 0.0266634821229862 -0.051976178744662718 0.02727280723878622 -0.051480436386817333 0.02224833269738042 -0.05465452850689332 0.021218549276735818 -0.021831295438856185 0.030938025097882557 -0.0086924033036340047 -0.020506608904377673 0.03204762926259732 0.0088399204646330016 -0.0044085578229113732 -0.022279318528514648 -0.0098944815662783785
leaf_weight=862.46855441341177 83.774311046116054 103.7744586172048 65.702491093426943 65.082143308129162 69.130528609734029 67.333226498914883 69.527238930109888 101.01319942180999 66.568227766547352 76.501655685016885 73.950572721660137 65.516230216249824 305.7166574401781 150.00634033652022 270.36816623993218 118.69369780970737 232.60138673055917 101.80542229674757 395.09254594054073 116.21692284569144 499.44770605396479 816.95231349300593 298.3821113598533 152.33933681016788 441.89640502259135 263.81733610341325 317.53494564816356 333.32937058527023 246.69133088830858 548.50436646817252
leaf_count=7922 6134 23391 4189 7840 2687 7853 2033 9838 1588 3706 1242 1835 2848 2795 2342 2466 1901 2004 4079 1717 4034 11842 2687 1385 6175 2610 2742 3120 2902 6406
internal_value=3.60134e-05 -0.000546058 0.000170011 -0.000297345 0.000166365 -0.000342951 0.000144292 -0.000386689 0.000366099 -0.000161273 0.000436775 -0.000189873 0.000351074 -0.000857553 0.000539518 -0.000733938 0.000437217 -0.000768214 0.000302488 -0.00150963 -0.000106506 -0.00247726 0.00368983 -0.0085196 0.00083722 0.0172802 -0.00828076 0.0110304 -0.00137099 0.00241564
internal_weight=7379.74 7295.96 7192.19 7126.49 7061.41 6992.28 6924.94 6855.41 6754.4 6687.83 6611.33 6537.38 6471.86 6166.15 6016.14 5745.77 5627.08 5394.48 5292.67 4897.58 4781.36 3948.59 1956.05 1992.54 1175.59 416.157 759.431 832.777 1657.66 1410.97
internal_count=144313 138179 114788 110599 102759 100072 92219 90186 80348 78760 75054 73812 71977 69129 66334 63992 61526 59625 57621 53542 51825 44671 19917 24754 12912 3995 8917 7154 17230 14328
is_linear=0
shrinkage=0.05


Tree=98
num_leaves=31
num_cat=0
split_feature=108 108 106 87 87 87 101 87 87 87 87 106 87 217 221 225 110 110 225 103 103 110 225 218 110 70 103 70 225 220
split_gain=74.1548 90.6369 66.0772 109.183 105.188 60.3643 175.477 151.112 57.6264 170.775 56.3397 110.343 86.8525 57.5107 49.7793 37.3608 67.4278 55.166 41.9971 40.9601 38.0315 37.7182 34.3232 33.1979 33.0109 31.1891 27.9882 29.0059 27.4295 27.3416
threshold=0.99704739451408397 0.99553072452545177 14.921057224273683 3.3944636583328252 3.9909090995788579 1.1314879059791567 inf 1.7388663887977602 5.0259516239166269 5.9554655551910409 2.5902485847473149 14.921057224273683 3.3944636583328252 -0.70089927315711964 -0.2281987518072128 1.0542468428611758 0.091431558132171645 0.051623929291963584 1.4541449546813967 4.8270416259765634 3.1448321342468266 0.13593370467424395 0.88606876134872448 3.2109569311141972 0.13593370467424395 112.50000000000001 19.718253135681156 31.500000000000004 0.62294310331344616 1.22221976518631
decision_type=2 2 10 2 2 2 8 2 2 2 2 8 2 2 2 2 2 2 2 2 2 2 2 2 2 2 2 2 2 2
left_child=1 2 5 -4 -5 6 -1 -7 -6 -10 -9 12 -12 25 23 17 20 22 19 -18 -17 -21 -11 -15 -20 -14 27 29 -27 -8
right_child=-2 -3 3 4 8 7 26 10 9 15 11 -13 13 14 -16 16 18 -19 24 21 -22 -23 -24 -25 -26 28 -28 -29 -30 -31
leaf_value=0.05657903784123032 0.045136554557862314 -0.045641994505149441 0.056759275174738638 -0.0497808752652001 0.024535113635417969 -0.051737872450908301 0.0024039417672035174 0.017339026601724528 -0.051482610150260046 -0.0044448985561089073 0.062519485816860565 -0.050307504832048128 -0.005107606161440321 -0.019531182626816398 0.035720782499926489 0.0094630151816503718 -0.027619905262167094 -0.016941312208008482 0.030140672688745752 0.014975353541599058 0.033576948780998206 -0.018761500074855237 0.021662834601407138 -0.061338215132976659 0.0030626146178305536 -0.0089978267799995636 0.015905899003753905 0.0074916222439299898 0.023830977079129772 -0.015146984391661428
leaf_weight=131.05528787244111 80.183222150430083 99.438513394445181 90.961210583802313 78.767133315326646 340.09029603586532 182.25853215996176 341.3357151853852 232.46853803470731 126.87589154648595 251.95266685565002 36.727540789172053 134.45051739993505 975.71249403129332 408.1207613828592 27.542250808794051 319.96618921821937 168.02577273873612 369.6104444609955 158.52008936321363 205.77647319668904 349.19856075011194 124.58016318129376 236.12643718440086 48.124781718011945 346.92981602810323 86.762874970911071 186.27506821323186 366.35400872747414 190.72326302342117 611.46948407916352
leaf_count=2353 6123 23466 1470 1925 4111 6711 3864 3102 3871 5562 375 4613 17801 8546 472 3972 3291 8474 1344 2562 4140 1829 3366 507 3288 2332 1308 4313 3675 5479
internal_value=7.70622e-05 -0.000484611 0.000208533 0.00558188 0.00388971 -0.00409321 0.00325141 -0.00925929 0.0054608 0.00293702 -0.00541881 -0.0082673 -0.00481641 -0.00658991 -0.0210427 0.00585724 0.0101872 -0.00260883 0.00193503 -0.00828245 0.0223558 0.00207548 0.00836703 -0.025162 0.0119749 -0.000888107 -0.00173374 -0.00432551 0.0136103 -0.00889983
internal_weight=7306.38 7226.2 7126.76 3167.38 3076.42 3959.38 1636.49 2322.89 2997.65 2657.56 2140.63 1908.16 1773.71 1736.99 483.788 2530.69 1673 857.69 1003.83 498.382 669.165 330.357 488.079 456.246 505.45 1253.2 1505.43 1319.16 277.486 952.805
internal_count=144245 138122 114656 49205 47735 65451 17317 48134 45810 41699 41423 38321 33708 33333 9525 37828 20426 17402 12314 7682 8112 4391 8928 9053 4632 23808 14964 13656 6007 9343
is_linear=0
shrinkage=0.05


Tree=99
num_leaves=31
num_cat=0
split_feature=108 108 106 214 219 220 108 68 90 92 92 215 222 222 222 222 110 104 110 104 225 110 104 225 110 104 104 110 225 110
split_gain=70.6919 85.8478 56.3884 55.6832 53.9481 39.8484 50.2857 42.2795 36.5614 35.1627 52.4177 34.1444 25.1681 25.6736 86.8122 47.6015 24.1171 53.9404 26.2351 29.3609 23.0545 35.5627 27.3188 24.0229 32.3185 48.0455 45.1348 31.1749 37.5698 33.5928
threshold=0.99704739451408397 0.99553072452545177 32.39740180969239 1.1666578650474551 1.0136553049087527 3.2110658884048466 0.51056194305419933 2.943946480751038 30.419345855712894 4.097701072692872 4.7165992259979257 1.8841768503189089 -0.32362796366214747 -0.69266802072525013 -0.69327703118324269 -0.74536377191543568 0.27359752357006079 17.254394531250004 0.17529228329658511 9.0464315414428729 2.0165911912918095 0.13593370467424395 11.647444725036623 1.3518906235694887 0.061560431495308883 7.3575022220611581 2.8358474969863896 0.04547985456883908 0.88606876134872448 0.035482855513691909
decision_type=2 2 10 2 2 2 2 10 2 2 2 2 2 2 2 2 2 2 2 2 2 2 2 2 2 2 2 2 2 2
left_child=1 2 3 4 -1 6 11 16 -7 -4 -11 -5 13 14 15 -12 17 18 19 -8 21 23 -23 24 26 -26 27 28 29 -6
right_child=-2 -3 9 5 20 8 7 -9 -10 10 12 -13 -14 -15 -16 -17 -18 -19 -20 -21 -22 22 -24 -25 25 -27 -28 -29 -30 -31
leaf_value=-0.0056819694363797971 0.044888569539166416 -0.04542922497281373 0.034269281602650165 -0.014348521050108433 0.009604891577663234 0.045309264126167495 -0.0033907215971549776 -0.015250664854536543 -0.0012200689108090293 -0.044744419373671351 0.010167155969005807 -0.048257043785015975 0.041858745894333763 -0.0044214436495768521 0.06688562866209985 -0.042852081773034234 -0.014689747779429704 0.034656866605552998 -0.020756424535506128 0.020834929532631868 0.027152963162565415 -0.025155401345007281 0.0023918221559771128 0.023656007871292496 -0.012094785476283579 0.019259722216391575 0.03281958200562176 -0.015311194280170554 0.032777006835413701 -0.028611331049247596
leaf_weight=1351.6033942839131 76.800440453924239 94.79605731065385 120.9728821197059 211.58944483520463 311.73376407357864 53.214384408667684 457.15345997037366 775.36715551419184 125.60312044154853 37.598432680591941 647.42688798182644 116.71857892069966 45.573182587744668 327.59588968497701 56.40771395014599 35.435471703996882 212.05287681822665 111.62207750510424 130.39982106373645 161.11145889456384 124.53518431540579 136.05193508369848 230.50859813624993 225.83016758272424 403.7909784684889 163.53398863878101 197.07117244717665 129.31699681049213 137.16408473486081 60.0969280062709
leaf_count=28246 6117 23411 2128 2103 5862 658 8298 15453 1356 662 9889 1723 561 4708 575 794 1982 949 2123 1986 893 2021 2428 1866 7161 1785 2291 2712 1768 1758
internal_value=3.55263e-05 -0.000505113 0.000158017 -0.00192732 0.00209843 -0.00784543 -0.00972174 -0.0064366 0.0142929 0.00965724 0.00679519 -0.0274736 0.00892025 0.00713758 0.0122504 0.00683708 1.85237e-05 0.00377111 -0.00122991 0.0031533 0.00706306 0.00567987 -0.00822907 0.00884168 0.00630607 -0.00287965 0.0125045 0.00582303 0.011384 0.00284066
internal_weight=7268.68 7191.88 7097.08 5826.07 3471.24 2354.83 2176.01 1847.71 178.818 1271.01 1150.04 328.308 1112.44 1066.87 739.27 682.862 1072.34 860.287 748.665 618.265 2119.63 1995.1 366.561 1628.54 1402.71 567.325 835.383 638.312 508.995 371.831
internal_count=144267 138150 114739 95422 58791 36631 34617 30791 2014 19317 17189 3826 16527 15966 11258 10683 15338 13356 12407 10284 30545 29652 4449 25203 23337 8946 14391 12100 9388 7620
is_linear=0
shrinkage=0.05


Tree=100
num_leaves=31
num_cat=0
split_feature=108 108 108 108 108 108 108 108 108 108 108 108 108 108 108 108 108 108 108 101 87 87 225 110 104 104 110 104 110 110
split_gain=66.6439 81.6478 55.3069 54.3108 61.175 55.6234 62.8013 88.6975 60.555 68.521 74.8725 59.9934 60.23 171.429 73.4668 127.556 75.1538 111.94 72.8874 49.1512 45.2639 88.5855 43.3788 54.3904 104.302 88.0306 66.0912 61.4934 53.3818 51.2144
threshold=0.99704739451408397 0.99553072452545177 0.99409481883049022 0.99269616603851329 0.99250110983848583 0.99106144905090343 0.98991972208023082 0.98781466484069835 0.98696711659431469 0.98539230227470409 0.98500218987464916 0.98423999547958385 0.98279201984405529 0.9813305437564851 0.98009857535362255 0.97871029376983654 0.97750329971313488 0.97574350237846386 0.9750477969646455 143.50000000000003 1.1314879059791567 1.7388663887977602 1.5541929602622988 0.093985531479120268 4.9783272743225107 8.5537762641906756 0.051623929291963584 2.3931723833084111 0.020502080209553245 0.15299198776483539
decision_type=2 2 2 2 2 2 2 2 2 2 2 2 2 2 2 2 2 2 2 10 2 2 2 2 2 2 2 2 2 2
left_child=1 2 3 4 5 6 7 8 9 10 11 12 13 14 15 16 17 18 19 22 -21 -22 23 24 26 -25 27 28 -1 -27
right_child=-2 -3 -4 -5 -6 -7 -8 -9 -10 -11 -12 -13 -14 -15 -16 -17 -18 -19 -20 20 21 -23 -24 25 -26 29 -28 -29 -30 -31
leaf_value=0.023000671781212307 0.044574000808279543 -0.045231721311528111 0.043786054407092274 -0.043590168214701026 0.044834215787642732 -0.043642565320812295 0.045485859099784226 -0.04591072966268233 0.045884259264332705 -0.045530841585768769 0.048510524258666331 -0.045978156777580687 0.021550654706708545 -0.053265931270877698 0.025593282746325049 -0.051572357841763575 0.027723285777684278 -0.051333070710767294 0.030345115011884818 0.055306158619574435 -0.045239939801677627 0.028075385563217745 0.0074206269143245462 -0.026918666598820713 0.019917092080934687 0.0099485004233856086 -0.01557308574827599 0.021133754462955193 -0.013372953153501744 -0.012494410564402585
leaf_weight=118.34251699782908 72.747973541263491 90.828083513886668 61.657259633764625 61.922998101916164 65.538134542759508 63.598265214590356 65.243996690958738 95.602476116735488 61.989672981668264 72.405284991022199 69.714907766319811 60.924553139833733 305.82020380022004 142.05628598155454 268.03035760205239 110.74584172200412 230.33160135429353 97.635741580510512 182.87133771926165 58.700847554020584 48.232205683831125 131.92571820365265 949.42001764662564 577.20657851081342 521.73601062130183 447.77232162700966 821.65541432029568 321.51799558289349 466.63626845227554 562.25813695974648
leaf_count=849 6049 23469 4169 7917 2677 7839 2010 9912 1551 3698 1249 1795 2839 2786 2333 2410 1883 2005 1717 569 1246 1372 8350 9202 4948 4543 10468 2708 4783 6756
internal_value=-3.99428e-05 -0.000556766 8.28235e-05 -0.000365325 8.39469e-05 -0.000408768 5.98491e-05 -0.000447854 0.000276088 -0.000223625 0.0003508 -0.000246444 0.000262896 -0.000845667 0.000501044 -0.000733078 0.000375053 -0.000862063 0.000180639 -0.000975111 0.0206936 0.0071004 -0.00209731 -0.0044655 0.000541329 -0.0115216 -0.00538922 0.00391071 -0.00575158 -0.0025449
internal_weight=7205.07 7132.32 7041.49 6979.84 6917.91 6852.37 6788.78 6723.53 6627.93 6565.94 6493.53 6423.82 6362.9 6057.08 5915.02 5646.99 5536.24 5305.91 5208.28 5025.4 238.859 180.158 4786.55 3837.13 2249.89 1587.24 1728.15 906.497 584.979 1010.03
internal_count=144102 138053 114584 110415 102498 99821 91982 89972 80060 78509 74811 73562 71767 68928 66142 63809 61399 59516 57511 55794 3187 2618 52607 44257 23756 20501 18808 8340 5632 11299
is_linear=0
shrinkage=0.05


Tree=101
num_leaves=31
num_cat=0
split_feature=108 108 89 89 89 89 89 89 89 225 214 108 89 89 89 89 70 103 89 89 103 70 108 108 108 95 81 86 86 105
split_gain=63.5144 78.6181 58.1673 241.113 72.8529 151.362 78.4906 59.5243 119.672 51.2954 44.3519 38.9124 28.7786 52.4148 32.5285 59.9593 28.7596 30.6183 27.8249 51.4178 24.8413 42.821 23.5269 32.1798 25.1236 19.3981 46.1388 18.5177 24.138 17.6567
threshold=0.99704739451408397 0.99553072452545177 2.9777327775955205 2.2629758119583134 1.4381000995635989 1.2951242923736574 1.0000000180025095e-35 4.097701072692872 4.7165992259979257 1.1713590025901797 1.3974906206130984 0.99409481883049022 5.1804971694946298 5.7524003982543954 6.1574394702911386 6.8143503665924081 89.500000000000014 2.3391054868698125 7.1943318843841562 7.7707455158233651 3.1448321342468266 59.500000000000007 0.99269616603851329 0.99250110983848583 0.99106144905090343 154.3516540527344 154.69207763671878 1.1314879059791567 1.7388663887977602 17.71008396148682
decision_type=2 2 2 2 2 2 2 2 2 2 2 2 2 2 2 2 2 2 2 2 2 2 2 2 2 10 10 2 2 8
left_child=1 2 3 4 5 6 -1 -4 -9 11 16 12 -10 -14 -15 -16 20 -18 -17 -20 -11 -22 23 24 25 27 -27 -21 -29 -12
right_child=-2 -3 7 -5 -6 -7 -8 8 9 10 29 -13 13 14 15 18 17 -19 19 22 21 -23 -24 -25 -26 26 -28 28 -30 -31
leaf_value=-0.0099139583597167204 0.044379122748497507 -0.045018880973749342 0.018471092637986013 -0.054532144090663294 0.02259488767310374 -0.053034514095061915 0.02077351600604575 -0.050037462858247207 0.020827785869151631 -0.0040094441849587385 -0.017286099370814698 0.040845501045210751 -0.047713507509046245 0.02430924136623052 -0.050248767004413379 0.02296729629203657 0.012256291288550832 0.049973943977161782 -0.048441100053024155 0.012267672184589174 0.0082879418756342058 0.03554497753035419 -0.039044553657810427 0.040052246697174415 -0.039534796884302975 0.025846398648780584 -0.0024169030990346687 -0.043111236143639348 -0.0067050899244205722 0.0014821548814938597
leaf_weight=530.25615179748274 70.52057057316415 86.852916670264676 531.10665347240865 228.1092151098419 275.18158238148317 136.3949063566979 329.29791055107489 102.26154649816453 107.32013899227604 277.71863559144549 160.61521390872076 40.689837759826332 58.404098028317094 92.446642118971795 59.518935858039185 88.366701487451792 140.36147400410846 87.608243631664664 53.89970990922302 111.56253743218258 943.31626532878727 162.68666985281743 34.100926617626101 34.335494158323854 36.071036396780983 172.7102267658338 682.14213420986198 38.232624884229153 1012.4605362899601 466.91428007790819
leaf_count=6668 6115 23477 6167 6196 3442 3185 3270 3119 1356 3250 2556 2780 1695 1403 1528 1293 1266 707 1516 1318 11960 1555 4630 1407 4533 2412 11046 1134 16384 6493
internal_value=0.000222227 -0.000279506 0.000339551 -0.00835693 0.000290366 -0.00603574 0.00194621 0.00272321 0.00100448 0.00217866 0.00771997 -0.00256457 -0.00340375 -0.00453439 -0.00329814 -0.00449609 0.01209 0.028242 -0.00307753 -0.00423568 0.00924545 0.0125799 -0.00289066 -0.00211673 -0.00301264 -0.00216772 0.00352611 -0.00634995 -0.00842379 -0.00351734
internal_weight=7151.46 7080.94 6994.09 1499.24 1271.13 995.949 859.554 5494.85 4963.74 4861.48 2239.22 2622.26 2581.57 2474.25 2415.85 2323.4 1611.69 227.97 2263.88 2175.52 1383.72 1106 2121.62 2087.51 2053.18 2017.11 854.852 1162.26 1050.69 627.529
internal_count=143861 137746 114269 22761 16565 13123 9938 91508 85341 82222 27787 54435 51655 50299 48604 47201 18738 1973 45673 44380 16765 13515 42864 38234 36827 32294 13458 18836 17518 9049
is_linear=0
shrinkage=0.05


Tree=102
num_leaves=31
num_cat=0
split_feature=108 108 214 225 108 70 103 103 70 108 108 108 108 108 108 108 108 108 108 108 108 108 105 92 226 87 87 87 73 108
split_gain=61.1951 72.8142 54.6888 55.7869 44.9542 32.2479 47.8507 43.6689 73.3275 31.872 44.2629 33.427 46.2216 54.2292 41.5716 37.2762 50.5782 30.7167 31.3575 85.6385 43.2239 60.2088 24.4531 38.7927 38.9498 39.3783 36.7329 55.0652 28.2624 23.1248
threshold=0.99704739451408397 0.99553072452545177 2.117630243301392 1.2034749388694765 0.99409481883049022 85.500000000000014 2.4770941734313969 3.5632992982864384 63.500000000000007 0.99269616603851329 0.99250110983848583 0.99106144905090343 0.98991972208023082 0.98781466484069835 0.98696711659431469 0.98539230227470409 0.98500218987464916 0.98423999547958385 0.98279201984405529 0.9813305437564851 0.98009857535362255 0.97871029376983654 23.757352828979496 2.2629758119583134 inf 3.3944636583328252 1.1314879059791567 1.7388663887977602 6.5000000000000009 0.97750329971313488
decision_type=2 2 2 2 2 2 2 2 2 2 2 2 2 2 2 2 2 2 2 2 2 2 10 2 8 2 2 2 2 2
left_child=1 2 3 4 9 7 -7 -5 22 10 11 12 13 14 15 16 17 18 19 20 21 29 26 -24 25 -25 -9 -28 -27 -1
right_child=-2 -3 -4 5 -6 6 -8 8 -10 -11 -12 -13 -14 -15 -16 -17 -18 -19 -20 -21 -22 -23 23 24 -26 28 27 -29 -30 -31
leaf_value=-0.0041853398762051342 0.044069801522872362 -0.044772626358210887 -0.020434319844309896 -0.0084926726532360049 0.041659024034448912 0.0060843268870444042 0.047697362368497948 0.0096791735990919437 0.05339497140728422 -0.041410603856725653 0.041949027947685368 -0.041678982306044748 0.042716138232239298 -0.044394145975788502 0.042569663689017066 -0.042884606299704912 0.045283261620349208 -0.042495190718166237 0.015283525230409576 -0.05010174102638424 0.020426154426027306 -0.047766724506765917 0.054478725463756206 0.054273450757683299 -0.022625310414909339 0.0047602383533240245 -0.04767024415013027 -0.001976777351334297 0.03372454376347199 0.015910205290020542
leaf_weight=2682.0857809542213 67.070831981021911 82.598832677933387 306.91266433824785 521.46685060928576 45.364535791333765 191.33590372093022 101.32956380909309 584.10505900625139 74.030184825416654 45.406493744347245 43.63744205981493 47.471694747451693 44.03561058267951 70.852319466182962 39.501260917633772 49.393399589927867 43.659757834393531 40.219447466777638 208.26446688454598 89.000182236777619 177.83944652229548 67.700507463654503 41.625316820573062 44.313138265628368 76.01484486181289 527.05081580555998 66.085109023377299 501.75937686883844 91.381377893034369 141.4680749187246
leaf_count=33845 6095 23351 4233 6463 3241 1763 842 5663 666 6421 1924 6437 1406 7948 1008 2745 796 1383 2048 2051 1625 1794 524 605 1507 6761 2173 6680 952 1221
internal_value=-0.000242913 -0.000726592 -0.000140661 0.000824287 -0.00309805 0.0061508 0.0215919 0.00428503 0.00763169 -0.0037419 -0.00317614 -0.00381972 -0.00321545 -0.00389219 -0.00295856 -0.00359227 -0.00290746 -0.00365582 -0.0030673 -0.00432189 -0.00283592 -0.00433223 0.00561256 0.0123859 0.00931831 0.013264 0.000956854 -0.00802747 0.00950863 -0.0031259
internal_weight=7112.98 7045.91 6963.31 6656.4 3835.9 2820.5 292.665 2527.83 2006.37 3790.54 3745.13 3701.49 3654.02 3609.98 3539.13 3499.63 3450.24 3406.58 3366.36 3158.09 3069.09 2891.25 1932.34 780.385 738.76 662.745 1151.95 567.844 618.432 2823.55
internal_count=144171 138076 114725 110492 75893 34599 2605 31994 25531 72652 66231 64307 57870 56464 48516 47508 44763 43967 42584 40536 38485 36860 24865 10349 9825 8318 14516 8853 7713 35066
is_linear=0
shrinkage=0.05


Tree=103
num_leaves=31
num_cat=0
split_feature=108 108 225 110 104 104 110 110 110 104 110 104 104 104 104 110 171 104 110 110 110 110 225 110 225 110 110 104 84 225
split_gain=57.9312 70.2501 51.7837 93.9966 111.547 101.553 94.0266 92.681 82.0069 81.6343 69.7109 75.978 59.7859 59.407 51.837 51.7038 51.5828 80.0638 51.2873 49.8846 49.3404 43.374 41.2281 53.9214 40.3392 44.3832 37.8891 62.0427 44.655 37.5024
threshold=0.99704739451408397 0.99553072452545177 1.2034749388694765 0.064173504710197463 2.8358474969863896 6.7057862281799325 0.039559902623295791 0.10078029707074167 0.10078029707074167 6.7057862281799325 0.18468129634857181 17.254394531250004 1.900867283344269 13.737472057342531 4.420795440673829 0.027288263663649562 0.23055555671453479 10.840722084045412 0.17529228329658511 0.27359752357006079 0.076244100928306593 0.13593370467424395 1.8270083665847781 0.24544273316860202 0.65769734978675853 0.017741427756845955 0.083382975310087218 4.420795440673829 55.96934890747071 0.8213486671447755
decision_type=2 2 2 2 2 2 2 2 2 2 2 2 2 2 2 2 2 2 2 2 2 2 2 2 2 2 2 2 2 2
left_child=1 2 3 4 6 26 12 -7 14 -10 16 22 15 -9 20 24 17 21 -15 -13 -4 -11 -12 -24 25 -1 27 -5 -29 -17
right_child=-2 -3 8 5 -6 7 -8 13 9 10 11 19 -14 18 -16 29 -18 -19 -20 -21 -22 -23 23 -25 -26 -27 -28 28 -30 -31
leaf_value=0.013422764663612578 0.043809555925803191 -0.044575869528226134 0.021386670849026602 -0.032392721633326703 0.020060236581410758 0.025437334049548933 -0.020809279235865178 -0.021449644525409262 -0.018547783731880624 0.01057182250748092 -0.032461796624950419 0.035600088247703977 0.02724260443993605 0.034111228094885072 0.031392839355215016 -0.034286718998288848 0.039408806108595242 0.031446166984609274 -0.0086579930128957063 -0.00028455003191906191 -0.012252719502584556 -0.021755629533010967 0.019304415486795425 -0.025365067530956294 0.025001198052004993 -0.033215456182378443 -0.039600781343755997 -0.029061818018505776 0.014056538538733305 0.00013621659421806466
leaf_weight=111.90889128856361 64.365219570929185 79.471479241154157 227.42181935952976 286.23068483290263 669.00093989213929 237.24464076058939 540.14700178685598 432.68503117188811 461.72237765043974 208.40655652061105 235.59034316986799 126.82858325704001 222.45306797767989 103.25291822338477 388.23955741384998 148.4534305727575 169.18044861312956 232.05323864636011 176.15817151102237 330.91080977185629 192.61040731170215 188.49201498320326 123.33689642697573 127.1848068269901 201.28346637799405 78.260531409177929 282.79150659614243 76.420894038630649 186.79952639853582 157.88183418987319
leaf_count=1835 6084 23448 2059 8572 9191 2473 14023 8812 7352 2391 3891 1248 3085 963 4231 5463 1708 2450 2167 3559 2492 3426 1197 1406 3406 2508 8972 903 2772 2218
internal_value=-8.91774e-05 -0.000554587 1.43189e-05 -0.00377661 0.00331052 -0.0122185 -0.00444674 -0.000995217 0.00493295 -8.57139e-05 0.0048857 -0.00430246 0.00527791 -0.0100319 0.0184499 -0.00201035 0.0156702 0.00876793 0.00777938 0.0102068 0.00603474 -0.00493824 -0.0178952 -0.00347653 0.00993163 -0.00647082 -0.0248571 -0.0166966 0.000932477 -0.017102
internal_weight=7066.79 7002.42 6922.95 3910.97 2129.39 1781.58 1460.39 949.341 3011.98 2203.71 1741.98 943.851 920.241 712.096 808.272 697.788 798.132 628.952 279.411 457.739 420.032 396.899 486.112 250.522 391.453 190.169 832.243 549.451 263.22 306.335
internal_count=144305 138221 114773 77363 41729 35634 32538 14415 37410 28628 21276 11301 18515 11942 8782 15430 9975 8267 3130 4807 4551 5817 6494 2603 7749 4343 21219 12247 3675 7681
is_linear=0
shrinkage=0.05


Tree=104
num_leaves=31
num_cat=0
split_feature=108 108 214 86 86 86 86 86 86 86 86 86 86 86 86 86 86 86 86 86 86 86 86 86 86 86 82 95 72 85
split_gain=54.6159 67.0254 53.0798 57.3135 367.332 256.496 316.353 236.773 231.363 176.935 227.694 116.081 42.6856 115.739 76.2819 150.82 77.1185 128.204 74.5238 118.815 68.1588 119.958 99.7903 91.6304 90.3597 87.3734 36.4544 38.4798 34.749 31.6899
threshold=0.99704739451408397 0.99553072452545177 2.117630243301392 1.1314879059791567 1.7388663887977602 2.2629758119583134 2.9777327775955205 3.3944636583328252 1.0000000180025095e-35 3.9909090995788579 4.097701072692872 4.7165992259979257 5.1804971694946298 5.7524003982543954 6.1574394702911386 6.8143503665924081 7.1943318843841562 7.7707455158233651 8.195402145385744 8.8536138534545916 9.145454406738283 9.8946361541748065 10.223968029022219 10.809091091156008 11.277260780334474 11.883658409118654 3.0380854606628422 93.181591033935561 4.5000000000000009 8.195402145385744
decision_type=2 2 2 2 2 2 2 2 2 2 2 2 2 2 2 2 2 2 2 2 2 2 2 2 2 2 10 10 2 2
left_child=1 2 3 8 -5 -6 -7 -8 29 -9 -11 -12 -13 -14 28 -16 -17 -18 -19 -20 -21 -22 -23 -24 -25 -26 27 -27 -15 -1
right_child=-2 -3 -4 4 5 6 7 9 -10 10 11 12 13 14 15 16 17 18 19 20 21 22 23 24 25 26 -28 -29 -30 -31
leaf_value=0.024841792138656157 0.043499942150258611 -0.044339254275128491 -0.019799448345585675 -0.054579102322576657 0.06014015960602101 -0.053538513201280127 0.061513383021072593 -0.053289945992538029 0.059666509472041954 0.062902298770372927 -0.04986737425194674 0.020259641501279804 -0.050238662242537674 0.017400790433169191 -0.054416743623162914 0.03079121700619198 -0.053020994060683682 0.031624099268978544 -0.053405514235781965 0.032965844920027396 -0.054311779130341256 0.039924396242296267 -0.050771655579116851 0.041474590379526159 -0.051852967144797715 0.0012606686625484913 -0.0046827025738299978 0.022152897674206203 0.063730389194084344 -0.0038684236814163805
leaf_weight=101.04559576278552 61.380938143469393 75.952080806600861 309.87447840999812 291.78503523766994 173.97488925280049 251.36583788320422 156.57130012847483 136.24125809408724 193.42712390050292 141.25962311821058 101.47117071622051 282.30665973224677 99.487916401587427 185.68471976392902 112.70159030240029 207.81187919992954 99.929381461814046 187.79166242945939 90.89565583341755 155.31781904026866 88.385437677614391 152.17868201504461 77.608791332226247 122.25886359298602 71.530683937715366 695.25366180040874 1309.3411007397808 313.58884555939585 47.166966272518039 704.81100195576437
leaf_count=771 6083 23410 4277 7427 2253 7156 1968 3256 2514 1740 3107 2853 2770 2260 2455 2402 2317 2060 1962 1965 1916 1783 1788 1544 1563 11230 25084 5476 421 8075
internal_value=-1.30178e-05 -0.000460097 8.94694e-05 0.00105897 -0.000931888 0.0021419 4.39154e-05 0.00293448 0.0120196 0.000846927 0.00258432 0.000509937 0.00181191 0.000468329 0.00188073 9.15163e-05 0.0019585 9.14157e-05 0.00187438 -3.82244e-05 0.00175946 -6.31768e-05 0.00187664 -0.000504246 0.00124395 -0.00097852 0.000807256 0.00790851 0.0290232 -8.11442e-06
internal_weight=6998.4 6937.02 6861.07 6551.19 5551.91 5260.12 5086.15 4834.78 999.284 4678.21 4541.97 4400.71 4299.24 4016.93 3917.45 3684.59 3571.89 3364.08 3264.15 3076.36 2985.46 2830.15 2741.76 2589.58 2511.97 2389.71 2318.18 1008.84 232.852 805.857
internal_count=143886 137803 114393 110116 98756 91329 89076 81920 11360 79952 76696 74956 71849 68996 66226 63545 61090 58688 56371 54311 52349 50384 48468 46685 44897 43353 41790 16706 2681 8846
is_linear=0
shrinkage=0.05


Tree=105
num_leaves=31
num_cat=0
split_feature=222 222 97 222 105 222 73 213 222 222 92 92 104 110 110 104 104 110 70 73 109 104 70 110 110 110 222 104 110 105
split_gain=57.0824 407.725 113.402 86.9369 112.497 81.7327 72.8996 53.7767 87.5351 47.5814 47.0915 47.1958 41.4769 92.5834 90.478 60.5111 55.0687 52.9504 43.2324 39.4411 35.9517 34.6284 42.6229 37.2999 33.1841 32.6982 32.6813 31.2952 45.5645 30.1541
threshold=-0.69266802072525013 -0.69327703118324269 1.0000000180025095e-35 -0.56684672832489003 55.071428298950202 -0.74536377191543568 5.5000000000000009 2.2624027729034428 -1.0000000180025095e-35 -0.45558638870716089 2.2629758119583134 2.9777327775955205 2.8358474969863896 0.064173504710197463 0.039559902623295791 1.900867283344269 4.9783272743225107 0.093985531479120268 59.500000000000007 8.5000000000000018 0.41813735663890844 8.5537762641906756 41.500000000000007 0.15299198776483539 0.024952211417257789 0.15299198776483539 -0.66634121537208546 3.4723950624465947 0.10078029707074167 25.679487228393558
decision_type=2 2 10 2 10 2 2 2 2 2 2 2 2 2 2 2 2 2 2 2 10 2 2 2 2 2 2 2 2 8
left_child=1 2 -1 6 7 10 -2 19 20 -6 -4 -12 14 -14 15 24 18 -18 -15 29 -9 22 -19 -24 -13 -23 -8 -20 -29 -5
right_child=3 -3 5 4 9 -7 26 8 -10 -11 11 12 13 16 -16 -17 17 21 27 -21 -22 25 23 -25 -26 -27 -28 28 -30 -31
leaf_value=-0.049718994346824273 -0.04940975477626345 0.068131689428136896 0.052348955028369393 -0.023197211425750392 0.0021298760237827611 -0.035929051573412842 -0.04374940446679193 -0.047689232818299544 0.041107088379065015 0.055353960559605869 -0.045415453230511799 0.012795480548645289 0.027920835115613985 -0.022332727836711638 -0.019606762157886568 0.03428870851570541 0.028494520385621083 -0.019045996563088925 -0.015969844360162532 0.018796412524084628 -0.0097371619098299313 0.02917128353980919 0.024405699215469031 -0.020724936373194312 -0.010925146446530164 0.0016300577808732062 0.0019225266182560593 0.035573333522479156 -0.015431693708832298 -0.0017726438633058836
leaf_weight=100.9845752120018 177.40199995809235 223.77831673296168 37.832682626787573 172.25882695405744 66.83987584640272 129.72979511821177 38.81311565451324 164.26090856909286 36.87497633183375 106.84134123416152 40.938846340519376 257.46771589666605 423.99040343880188 320.35470287862699 532.11483089101966 152.12675305479206 247.31268291769084 274.26721044653095 107.52974837063812 203.88907419447787 106.9175225852523 170.63533792179078 138.98422392841894 57.25351670535747 318.56425214232877 270.31968531862367 194.45197915693279 108.76846678799484 62.101704278844409 1684.4688977835467
leaf_count=3679 4369 2937 512 2941 1408 2877 774 6694 1281 1687 1462 11522 6922 9444 19314 2891 3537 6333 2456 2372 1797 2072 1812 696 12925 3478 3212 1385 970 20478
internal_value=0.000158585 0.00406622 7.34846e-05 -0.00509745 -0.00160709 0.00158305 -0.0261536 -0.00451225 -0.0236499 0.0361022 0.00306319 0.00237946 0.00307788 0.00723766 -0.00412292 0.0073045 0.00211826 0.00845878 -0.01009 -0.00155086 -0.0336043 0.00277211 -0.00660121 0.0108721 -0.000285368 0.0126982 -0.00716289 0.00428366 0.0172076 -0.00387394
internal_weight=6928.07 3975.06 3751.28 2953.02 2542.35 3650.29 410.667 2368.67 308.053 173.681 3520.56 3482.73 3441.79 2181.52 1260.27 728.159 1757.53 1158.77 598.755 2060.62 271.178 911.46 470.505 196.238 576.032 440.955 233.265 278.4 170.87 1856.73
internal_count=144237 97224 94287 47013 38658 90608 8355 35563 9772 3095 87731 87219 85757 39105 46652 27338 32183 17928 14255 25791 8491 14391 8841 2508 24447 5550 3986 4811 2355 23419
is_linear=0
shrinkage=0.05


Tree=106
num_leaves=31
num_cat=0
split_feature=214 225 70 221 103 108 108 87 105 103 70 103 103 70 220 108 105 86 86 86 86 86 102 86 86 86 108 108 86 86
split_gain=53.6904 43.6982 51.6559 37.2926 39.9638 33.0844 34.6322 31.1354 45.1289 30.7098 40.3186 28.2337 26.4585 43.2478 22.4037 33.7851 26.1884 22.3067 131.501 82.5159 123.701 74.6066 66.1188 57.691 64.1226 41.8206 21.8817 23.9407 21.8519 40.9809
threshold=1.1666578650474551 0.96481704711914074 94.500000000000014 -1.3299363851547239 19.718253135681156 0.51056194305419933 0.99704739451408397 1.1314879059791567 3.0758534669876103 2.4770941734313969 69.500000000000014 1.9502066373825075 3.345346331596375 65.500000000000014 3.2110658884048466 0.51056194305419933 19.773504257202152 1.1314879059791567 1.7388663887977602 2.2629758119583134 2.9777327775955205 3.3944636583328252 inf 3.9909090995788579 4.097701072692872 4.7165992259979257 0.99553072452545177 0.99409481883049022 5.1804971694946298 5.7524003982543954
decision_type=2 2 2 2 2 2 2 2 10 2 2 2 2 2 2 2 8 2 2 2 2 2 8 2 2 2 2 2 2 2
left_child=1 5 9 7 12 -1 26 -2 -9 -3 17 -4 -5 14 15 -14 -17 22 -19 -20 -21 -22 -11 -23 -25 -26 27 -7 -27 -30
right_child=3 2 11 4 -6 6 -8 8 -10 10 -12 -13 13 -15 -16 16 -18 18 19 20 21 23 -24 24 25 28 -28 -29 29 -31
leaf_value=0.029688878620922544 0.046593775075862764 -0.013725178894693726 0.0080465765831027498 -0.019153923733379895 0.015097643982829473 -0.0072555795929371602 0.038617046072659235 -0.041411372607713617 0.0061914512654075091 0.053828352770674194 0.025935353084821068 0.042955865322187523 -0.0295001890864834 0.037978352307809798 0.013001118007760422 -0.022503768263817992 -0.002876414914528148 -0.051284944065114246 0.054178003098210525 -0.050477442590024062 0.055486406935919996 -0.046371815518344878 0.0033792088330689054 0.054325243840580233 -0.043345663486872597 0.024995512043676168 -0.040098666882953604 0.035703744434047571 -0.043117040727608774 0.0047167731600443168
leaf_weight=58.581355050671846 32.084876942913979 197.29571241082158 105.52515580761246 615.8323788063135 155.22375045332592 1134.4801477652509 32.244029871188104 44.568666100618429 560.80755550728645 75.67314450466074 227.28213431371842 135.37796760513447 183.72854280518368 42.470912313554436 104.62247787741944 201.77457993582357 881.0723296252545 99.512797670206055 72.078466460574418 92.306712375953794 63.554294517729431 45.228612161823548 274.79834308137652 54.838855596724898 36.391917787725106 113.6778987061698 39.799957790644839 23.587438981514424 36.665627932175994 1117.8956912143622
leaf_count=476 460 4196 1771 13275 1460 26842 3169 1421 11664 1239 3351 1687 2166 458 1306 4716 15446 2748 1065 2765 937 1228 3167 837 1231 1220 12574 1722 1167 18321
internal_value=-0.000305397 0.00339046 0.00694486 -0.00558518 -0.00868151 -0.00418431 -0.00602385 0.00499684 0.00207087 0.00475934 0.00639052 0.0285944 -0.0105653 -0.00671566 -0.00836493 -0.0102178 -0.00670617 0.00414379 0.00177789 0.00530471 0.00271678 0.00637986 0.0154632 0.00378157 0.00577657 0.00333816 -0.00753525 -0.00608241 0.00500637 0.00284051
internal_weight=6858.98 4036.8 2748.1 2822.19 2184.72 1288.69 1230.11 637.461 605.376 2507.2 2309.9 240.903 2029.5 1413.67 1371.2 1266.58 1082.85 2082.62 1732.15 1632.64 1560.56 1468.25 350.471 1404.7 1359.47 1304.63 1197.87 1158.07 1268.24 1154.56
internal_count=144085 91713 46930 52372 38827 44783 44307 13545 13085 43472 39276 3458 37367 24092 23634 22328 20162 35925 31519 28771 27706 24941 4406 24004 22776 21939 41138 28564 20708 19488
is_linear=0
shrinkage=0.05


Tree=107
num_leaves=31
num_cat=0
split_feature=214 225 110 110 104 104 70 110 225 104 110 104 110 104 110 104 110 225 220 103 70 110 110 104 110 104 110 110 104 110
split_gain=49.9602 57.0025 89.613 86.0198 92.7987 76.5945 60.0877 58.5574 51.6879 50.0152 69.952 46.0881 45.3941 43.6106 52.3348 40.5484 39.1939 36.2154 35.0898 33.7124 47.4268 35.8004 34.5851 44.3382 45.1982 38.3192 32.5327 31.6436 39.2411 31.0008
threshold=1.3974906206130984 1.0777410864830019 0.047857817262411124 0.083382975310087218 4.9783272743225107 2.0950937271118169 49.500000000000007 0.03347855061292649 0.79115372896194469 3.7626260519027714 0.068895712494850173 7.7294142246246347 0.024952211417257789 7.0134875774383554 0.10078029707074167 3.6143331527709965 0.05782654136419297 0.65769734978675853 3.2110658884048466 5.8932371139526376 35.500000000000007 0.11091887950897218 0.13119848817586902 11.647444725036623 0.19550065696239474 20.280096054077152 0.03736854903399945 0.24544273316860202 26.488859176635746 0.017741427756845955
decision_type=2 2 2 2 2 2 2 2 2 2 2 2 2 2 2 2 2 2 2 2 2 2 2 2 2 2 2 2 2 2
left_child=1 2 5 15 -5 7 19 8 12 -4 -11 -2 17 -12 -15 16 -3 29 27 21 22 -6 -21 -24 -25 -26 -7 -13 -29 -1
right_child=11 3 9 4 6 26 -8 -9 -10 10 13 18 -14 14 -16 -17 -18 -19 -20 20 -22 -23 23 24 25 -27 -28 28 -30 -31
leaf_value=0.011855476662190429 -0.016867838183738902 0.028749959650339826 -0.026805721876638655 -0.022277516954949051 0.0069110669250307746 0.048013403756124347 0.025593429874279396 -0.019646865760736345 0.031585880098469792 0.021577405027678489 -0.029682067990346089 0.0042977901097326614 -0.0258005569993323 0.027908987913164679 -0.013561754030373083 0.032031043807634656 -0.0031026013417468977 0.031391739053459065 0.034392562942399028 0.020363707481945378 0.04217355854609417 -0.020939265669647131 -0.023553698001951701 0.026812969686935108 -0.022746494959667105 0.012127569723619922 0.014654350563364739 -0.031493263832681952 0.0052724680499612805 -0.027673922651775304
leaf_weight=113.87828767974861 733.58811434509698 147.16830494604073 414.19914009689819 328.43087220867164 193.64888131734915 104.07468916103244 318.78596249152906 291.84306666336488 151.07498354441486 175.94807379238773 237.36621414893307 540.81869563029613 124.90761558408849 94.235722155193798 272.06099381844979 400.56002362840809 246.09949262335431 103.67658165865578 58.639220480574295 214.98751053505111 78.24326978251338 262.01904615177773 169.28312136617023 154.44248138926923 150.28481128963176 145.89625567023177 245.24034564965405 161.31590213777963 121.57623147417326 73.018555749207735
leaf_count=4575 14073 1810 17153 7353 3018 1725 3224 11479 3217 2496 7422 8308 7057 1008 5222 5340 4557 2756 874 2924 840 5084 3696 1876 2150 1390 4784 2749 1203 4642
internal_value=-4.44191e-05 0.00233896 -0.00331045 0.00716202 0.00163925 0.00626906 0.00639763 -0.00182356 0.00753907 -0.0129731 -0.00537757 -0.0076979 -0.00174156 -0.0134577 -0.00243459 0.0209929 0.00923458 0.00911489 2.96032e-05 0.00177385 0.00729496 -0.00920924 0.00356579 -0.00249063 0.00576157 -0.0057328 0.025653 -0.00279985 -0.0160522 -0.00420938
internal_weight=6827.31 5211.37 2401.52 2809.85 2016.02 1207.71 1687.59 858.399 566.556 1193.81 779.611 1615.94 415.481 603.663 366.297 793.828 393.268 290.573 882.35 1368.81 913.137 455.668 834.894 619.907 450.624 296.181 349.315 823.711 282.892 186.897
internal_count=144005 116798 73536 43262 31555 40235 24202 33726 22247 33301 16148 27207 19030 13652 6230 11707 6367 11973 13134 20978 12876 8102 12036 9112 5416 3540 6509 12260 3952 9217
is_linear=0
shrinkage=0.05


Tree=108
num_leaves=31
num_cat=0
split_feature=108 108 108 102 108 108 108 108 108 108 108 108 108 108 108 108 108 108 108 108 101 171 103 171 87 87 105 103 171 103
split_gain=50.5604 60.84 45.7295 45.5278 44.4402 51.2708 44.9429 55.1115 75.2957 52.9015 58.5637 61.4128 51.8871 59.2064 150.942 63.6383 109.601 55.231 97.5435 66.914 46.0262 39.8995 37.7785 88.5779 33.6927 75.6892 32.5628 28.7445 33.2976 48.4831
threshold=0.99704739451408397 0.99553072452545177 0.99409481883049022 275.50000000000006 0.99269616603851329 0.99250110983848583 0.99106144905090343 0.98991972208023082 0.98781466484069835 0.98696711659431469 0.98539230227470409 0.98500218987464916 0.98423999547958385 0.98279201984405529 0.9813305437564851 0.98009857535362255 0.97871029376983654 0.97750329971313488 0.97574350237846386 0.9750477969646455 143.50000000000003 0.64166668057441723 2.4770941734313969 0.41944444179534918 1.1314879059791567 1.7388663887977602 11.365151405334474 19.718253135681156 0.10833333432674409 9.8224787712097186
decision_type=2 2 2 10 2 2 2 2 2 2 2 2 2 2 2 2 2 2 2 2 10 2 2 2 2 2 8 2 2 2
left_child=1 2 3 4 5 6 7 8 9 10 11 12 13 14 15 16 17 18 19 20 21 22 -1 26 -22 -26 -24 28 -28 -30
right_child=-2 -3 -4 -5 -6 -7 -8 -9 -10 -11 -12 -13 -14 -15 -16 -17 -18 -19 -20 -21 24 -23 23 -25 25 -27 27 -29 29 -31
leaf_value=-0.014807135906453767 0.043067051394651036 -0.04386018740413522 0.042655620418561302 0.041555525886634907 -0.042543188162583484 0.043675831905587895 -0.042526689596427983 0.044563597782064923 -0.045266657541839977 0.044941456619896868 -0.044762206540435778 0.047054390041606192 -0.045055839538428483 0.021626655735264198 -0.052578247540279927 0.023756187819334501 -0.050810157278178003 0.023784357262801564 -0.050529050774130203 0.028923967141388729 0.053083719333259644 0.019426109901142199 -0.019770715257290281 0.03114812281869643 -0.043424691532987822 0.028058792825968938 -0.011683310888335286 0.01631823158781761 -0.0015451787980271673 0.034286665724531873
leaf_weight=619.40060269786045 57.569449247093871 69.579199092462659 52.590560389682651 54.389436529017985 52.830232049222104 55.646887941285968 53.699350468465127 57.675909358076751 83.781386931892484 54.436350944451988 64.164178121369332 58.388319367775694 54.914229179732502 287.74977759504691 129.69339922582731 259.30499425996095 98.861520934849977 220.99566983478144 88.334360626759008 179.22487908788025 49.623940286226571 189.00553875789046 268.70254832785577 186.25214636838064 41.63344826316461 122.61857639718801 824.12935716472566 192.18897334625944 2170.9808714054525 88.675483942963183
leaf_count=6380 6185 23435 4216 860 7782 2610 7758 1977 9888 1501 3661 1166 1844 2779 2783 2307 2406 1867 1995 1736 516 1310 4152 1379 1258 1338 9366 1577 27256 889
internal_value=3.09165e-05 -0.000400606 0.000118515 -0.000284006 -0.000694066 -0.000289105 -0.000735816 -0.000318769 -0.000797129 -0.000129578 -0.000597425 -6.30514e-05 -0.000592729 -0.000112882 -0.00124045 4.01285e-05 -0.00115361 -0.000122106 -0.00121957 -0.00023604 -0.00139396 -0.00248031 -0.00347443 -0.00155845 0.0207437 0.00848742 -0.00335978 -0.00195765 -0.00314571 5.83698e-06
internal_weight=6787.04 6729.47 6659.89 6607.3 6552.91 6500.08 6444.44 6390.74 6333.06 6249.28 6194.84 6130.68 6072.29 6017.38 5729.63 5599.93 5340.63 5241.77 5020.77 4932.44 4753.21 4539.34 4350.33 3730.93 213.876 164.252 3544.68 3275.97 3083.79 2259.66
internal_count=144177 137992 114557 110341 109481 101699 99089 91331 89354 79466 77965 74304 73138 71294 68515 65732 63425 61019 59152 57157 55421 52309 50999 44619 3112 2596 43240 39088 37511 28145
is_linear=0
shrinkage=0.05


Tree=109
num_leaves=31
num_cat=0
split_feature=89 89 75 89 89 89 89 89 89 89 89 89 89 89 89 89 89 89 89 89 89 89 89 89 89 89 75 89 89 75
split_gain=47.4217 213.915 112.094 64.1602 103.81 44.5226 138.156 64.3073 140.222 57.4523 131.281 55.3489 119.355 50.4061 92.8686 36.917 115.432 52.4193 34.79 104.9 61.0733 112.798 35.5926 106.532 54.525 84.0154 30.9101 30.428 70.8175 34.8885
threshold=2.9777327775955205 2.2629758119583134 1.5000000000000002 4.097701072692872 4.7165992259979257 5.1804971694946298 5.7524003982543954 6.1574394702911386 6.8143503665924081 7.1943318843841562 7.7707455158233651 8.195402145385744 8.8536138534545916 9.145454406738283 9.8946361541748065 1.2951242923736574 1.4381000995635989 1.0000000180025095e-35 10.223968029022219 10.809091091156008 11.277260780334474 11.883658409118654 12.293103218078615 12.814878940582277 13.286160945892336 13.938704013824465 3.5000000000000004 14.300000190734865 14.888663768768312 7.5000000000000009
decision_type=2 2 2 2 2 2 2 2 2 2 2 2 2 2 2 2 2 2 2 2 2 2 2 2 2 2 2 2 2 2
left_child=1 2 15 26 -5 -6 -7 -8 -9 -10 -11 -12 -13 -14 -15 17 -17 -1 -16 -20 -21 -22 -23 -24 -25 -26 -2 -27 -29 -30
right_child=3 -3 -4 4 5 6 7 8 9 10 11 12 13 14 18 16 -18 -19 19 20 21 22 23 24 25 27 -28 28 29 -31
leaf_value=-0.0078826325809565959 0.014609136980890267 -0.053806303356186018 0.058542174816517425 -0.049299493638120882 0.022619883345148518 -0.052339525630320904 0.028867720794654474 -0.054167506344923025 0.028057278557244186 -0.053047847696404006 0.02927826376522967 -0.052726037726070235 0.029401237873634911 -0.049977643274546762 0.025297556251519256 -0.052674624842282206 0.0065759264692066173 0.01781497919194449 -0.051574597858945193 0.035169488670993496 -0.052831541728858122 0.029753183669718894 -0.05260174635758879 0.037213206695198411 -0.050640618157373023 0.029648716130247957 0.056814551354576061 -0.048462784876101006 0.028120584441565861 0.0023577787989363338
leaf_weight=510.71460919477977 464.66776501527056 206.5336338672787 67.027033791877329 92.707932909601368 227.26841266313568 110.87330942298286 199.67749855783768 104.15662278828677 191.37860865658149 100.54435780376662 170.15358255512547 90.968366250745021 154.89932303340174 76.78138722165022 148.28777168947272 128.78588328370824 196.92722545610741 310.79479548055679 81.227184809395112 129.41219901200384 83.243720716913231 109.65650005638599 76.922081714845262 105.7962400096003 63.342227470362559 97.855525274178945 40.165620236424729 56.396430245949887 130.00574287073687 2193.610529796686
leaf_count=7434 6551 7322 926 3738 3290 3411 3299 2995 3066 2998 2822 2671 2721 2689 2380 3698 2956 3522 2554 2284 2411 2048 2164 1935 1987 1782 506 1894 3390 52632
internal_value=5.49579e-05 -0.00802424 0.000138799 0.0022318 0.000430003 0.00151294 0.000393005 0.00184924 0.000487765 0.00201937 0.000662443 0.00223202 0.000875523 0.00241167 0.00108093 -0.00374985 -0.0177227 0.00193666 0.00242617 0.00126455 0.00283764 0.00128789 0.00305799 0.00187843 0.00365364 0.00211609 0.0190054 0.00366285 0.00247485 0.00391353
internal_weight=6720.78 1420.78 1214.25 5300 4795.17 4702.46 4475.19 4364.32 4164.64 4060.48 3869.1 3768.56 3598.41 3507.44 3352.54 1147.22 325.713 821.509 3275.76 3127.47 3046.24 2916.83 2833.59 2723.93 2647.01 2541.21 504.833 2477.87 2380.01 2323.62
internal_count=144076 25858 18536 118218 111161 107423 104133 100722 97423 94428 91362 88364 85542 82871 80150 17610 6654 10956 77461 75081 72527 70243 67832 65784 63620 61685 7057 59698 57916 56022
is_linear=0
shrinkage=0.05


Tree=110
num_leaves=31
num_cat=0
split_feature=102 225 86 86 86 86 86 86 86 86 86 214 103 171 103 109 218 171 225 171 103 105 217 86 86 86 86 86 86 218
split_gain=45.5089 42.4959 46.1015 222.323 219.719 298.329 179.675 179.618 155.049 172.23 93.0002 33.2601 34.7434 31.7939 27.1174 25.7352 23.6784 23.2451 24.6056 23.1646 21.0752 19.424 17.8583 17.8045 37.069 22.8948 46.9729 29.1081 43.1212 17.7127
threshold=275.50000000000006 0.93167042732238781 2.9777327775955205 2.2629758119583134 1.7388663887977602 1.1314879059791567 1.0000000180025095e-35 3.3944636583328252 3.9909090995788579 4.097701072692872 4.7165992259979257 1.1249926090240481 2.2699780464172368 0.52500000596046459 2.4071326255798344 0.49557110667228704 2.9444000720977788 0.64166668057441723 0.62294310331344616 0.38611111044883734 1.9502066373825075 37.354166030883796 -0.44059970974922175 5.1804971694946298 5.7524003982543954 6.1574394702911386 6.8143503665924081 7.1943318843841562 7.7707455158233651 1.1929595470428469
decision_type=10 2 2 2 2 2 2 2 2 2 2 2 2 2 2 8 2 2 2 2 2 10 2 2 2 2 2 2 2 2
left_child=1 17 3 4 5 6 21 -4 -9 -10 -11 13 -13 14 -12 22 -17 -1 -19 23 -15 29 -14 -16 -25 -26 -27 -28 -29 -3
right_child=-2 2 7 -5 -6 -7 -8 8 9 10 11 12 15 20 19 16 -18 18 -20 -21 -22 -23 -24 24 25 26 27 28 -30 -31
leaf_value=-0.010750234645256681 0.041397580267345746 -0.0015486418383694814 0.059931394460884885 -0.052925688830382712 0.058474835372078343 -0.054070589542126395 0.058151604060332811 -0.053253200257468672 0.061352524134879183 -0.048426039385214337 -0.013564353877908603 -0.023066449504344916 3.2857014025089874e-05 0.0080517170766913129 0.023207539727286133 0.0024751919772557696 0.037459156911770035 -0.010433681174008162 0.017353248311834157 0.022701211135261169 0.039510444834317163 0.015435664225355396 -0.026861881691968827 -0.04220406249569731 0.027885809944714429 -0.046356903674072379 0.031899454976992613 -0.045745048298994201 0.0045253277315813797 -0.023288799458786799
leaf_weight=1224.3693124391139 55.723256653640419 445.84477863751817 131.6307743312791 203.46156610629987 142.91089642839506 234.77350226021372 140.75922905304469 110.53629355179146 118.02443181956187 78.21209440426901 157.36494059325196 163.07586912158877 120.46943012974225 103.91212153888773 111.3261221741559 1004.8978567903396 40.94439197157044 139.03806238726247 162.40758368081879 210.31192730530165 114.87540564744268 117.77455304167233 116.51932717429008 33.716202743467875 87.652825602097437 37.032195363892242 80.069977752515115 34.945142734330148 834.64849801501259 109.18343234295025
leaf_count=35772 1159 4120 1932 6607 2132 6945 2025 3006 1710 2848 3634 3192 1706 1854 1193 16952 541 8262 7011 3189 1493 1635 3310 1157 1157 894 974 913 14533 2218
internal_value=-3.68343e-06 -0.000414666 0.00178367 -0.00593263 0.00246743 -0.00564797 0.00881245 0.00470822 0.00250328 0.00443956 0.00224474 0.00360821 -0.00203729 0.00811476 0.0055628 0.000793716 0.00418661 -0.00770467 0.00461338 0.00774769 0.0255743 -0.00221044 -0.0137426 0.00500493 0.00298492 0.00477922 0.00246736 0.00483448 0.00200808 -0.00616178
internal_weight=6666.41 6610.69 5084.87 1394.71 1191.25 1048.34 813.562 3690.17 3558.54 3448 3329.97 3251.76 1445.91 1805.86 1587.07 1282.83 1045.84 1525.81 301.446 1429.7 218.788 672.803 236.989 1219.39 1108.06 1074.35 986.696 949.664 869.594 555.028
internal_count=144074 142915 91870 25682 19075 16943 9998 66188 64256 61250 59540 56692 25701 30991 27644 22509 17493 51045 15273 24010 3347 7973 5016 20821 19628 18471 17314 16420 15446 6338
is_linear=0
shrinkage=0.05


Tree=111
num_leaves=31
num_cat=0
split_feature=222 222 222 222 222 69 222 218 87 222 217 87 223 109 92 106 87 87 87 223 59 59 109 78 87 100 87 87 222 87
split_gain=52.2972 110.273 53.2119 73.9932 278.11 73.5206 58.4376 46.1916 43.0588 41.0208 47.7149 61.9673 144.564 122.168 60.8339 49.4839 60.7545 46.2287 33.8371 31.0136 25.6557 25.3004 25.2201 24.1759 31.9745 24.0393 23.077 20.7375 22.3403 18.7522
threshold=-1.3862461447715757 -1.409932494163513 -1.2587087154388426 -1.0984957218170164 -1.1046233177185056 0.086463760584592833 -1.2386629581451414 4.0554487705230722 8.9331984519958514 -1.0504248738288877 -0.73316851258277882 1.1314879059791567 1.7605632543563845 inf 2.2629758119583134 8.0214066505432147 3.3944636583328252 3.9909090995788579 3.9909090995788579 1.1815333962440493 3.5000000000000004 6.5000000000000009 0.8925704061985017 2.5000000000000004 11.972727298736574 143.50000000000003 11.093869686126711 4.3143002986907968 -0.53259715437889088 6.9961686134338388
decision_type=2 2 2 2 2 10 2 2 2 2 2 2 8 8 2 10 2 2 2 10 2 2 10 2 2 10 2 2 2 2
left_child=1 18 5 4 6 -2 20 9 -8 21 19 13 14 -12 -13 -16 -17 -18 -1 -11 -4 -5 23 -20 -25 -15 -3 28 -19 -29
right_child=2 26 3 7 -6 -7 8 -9 -10 10 11 12 -14 25 15 16 17 27 22 -21 -22 -23 -24 24 -26 -27 -28 29 -30 -31
leaf_value=-0.042932694071754762 -0.053446664999384441 0.069477129895163622 0.052193590275787773 -0.05040475373476716 0.069543086765158357 -0.0053234558070507547 -0.049098933688275163 0.042677471487386681 -0.0048614595524767226 0.014147289863848153 0.054181336641486937 0.053372616750025415 -0.045826787896923814 -0.0034593017619361944 -0.0299202853384581 0.050341415748706278 -0.047154435588026011 -0.0034447346683460197 0.038545868016232082 -0.0040645754214106459 -0.0019588933253893194 -0.0055930651073412187 -0.0016945968645518052 -0.0065848453488201696 0.021831514486936425 0.02118327409298915 0.020213186852541087 -0.01717072793774535 0.041316649662195261 -0.0020909068727549473
leaf_weight=26.731402782024816 103.98280535300728 73.793152162339538 48.208022882346995 63.249701788066886 163.50311156688258 270.01658405689523 55.936633216915652 45.34251003083773 349.82938308594748 603.40962422336452 95.319054408930242 32.570325727574527 252.14568616147153 1316.3629948607413 199.18853169865906 40.111628106795251 54.281011651619337 57.974997239303775 75.664459312101826 371.8043372828979 33.915295621729456 60.175435789278708 506.00843743176665 178.03665977227502 203.1987085477449 96.997495961026289 48.637813102686778 258.07072683447041 41.302593365660869 908.31765369628556
leaf_count=706 3006 935 779 1850 2243 9107 1746 1828 10749 11245 1855 405 9957 15084 5771 724 1668 971 1091 6236 1325 2288 18623 2937 3271 1071 1454 5894 545 18960
internal_value=0.00020534 0.0100473 -0.00179131 -0.000451119 0.0151669 -0.0197465 -0.00408656 -0.00274222 -0.011994 -0.00329951 -0.00245177 -0.00528204 -0.011406 0.00222864 -0.0057016 -0.00726783 -0.00375607 -0.00576619 0.0042684 0.00723316 0.0320447 -0.0306136 0.00600657 0.0143891 0.00873198 -0.00163116 0.0529103 -0.00363543 0.0172542 -0.00554501
internal_weight=6634.09 1112.07 5522.02 5148.02 651.392 373.999 487.889 4496.62 405.766 4451.28 4327.86 3352.64 1843.96 1508.68 1591.82 1559.25 1360.06 1319.95 989.64 975.214 82.1233 123.425 962.908 456.9 381.235 1413.36 122.431 1265.67 99.2776 1166.39
internal_count=144324 29017 115307 103194 16842 12113 14599 86352 12495 84524 80386 62905 44895 18010 34938 34533 28762 28038 26628 17481 2104 4138 25922 7299 6208 16155 2389 26370 1516 24854
is_linear=0
shrinkage=0.05


Tree=112
num_leaves=31
num_cat=0
split_feature=108 108 106 218 213 109 101 110 104 70 104 110 104 110 104 110 84 110 225 104 222 40 104 70 225 103 110 225 108 110
split_gain=46.1822 56.5538 41.4447 38.8436 50.9605 33.5054 32.4465 35.5437 60.4235 59.7241 59.7057 45.9469 62.8827 48.9216 47.1566 43.8486 40.5968 49.3744 35.1231 35.0512 30.6971 30.2292 29.7799 45.5995 29.3923 29.3288 31.6171 29.0134 28.1022 26.5229
threshold=0.99704739451408397 0.99553072452545177 22.487142562866214 4.0554487705230722 2.5585013628005986 0.41813735663890844 228.50000000000003 0.039559902623295791 2.8358474969863896 75.500000000000014 2.0950937271118169 0.061560431495308883 6.399564504623414 0.093985531479120268 12.574269294738771 0.22519670426845553 39.858482360839851 0.17529228329658511 1.3822439312934878 26.488859176635746 -0.49969495832920069 2.3017692565917973 4.9783272743225107 29.500000000000004 1.8270083665847781 2.9616852998733525 0.076244100928306593 0.94295120239257824 0.51056194305419933 0.39405333995819097
decision_type=2 2 10 2 2 10 10 2 2 2 2 2 2 2 2 2 2 2 2 2 2 10 2 2 2 2 2 2 2 2
left_child=1 2 3 4 6 -6 7 10 -9 11 -1 22 -13 -14 16 28 -15 18 -18 24 -7 -4 23 -10 -17 26 -11 -25 -16 -21
right_child=-2 -3 21 -5 5 20 -8 8 9 25 -12 12 13 14 15 19 17 -19 -20 29 -22 -23 -24 27 -26 -27 -28 -29 -30 -31
leaf_value=0.00038534150703676363 0.04255336130485942 -0.043470849784635272 0.012651543313113812 0.041562994429382161 -0.043086021179113108 -0.021969570524910456 0.028679934572597449 -0.020735986630729002 -0.036334252266875512 0.037657111384962347 0.035389098015293795 -0.018400927371391016 0.024098826981794625 -0.028718744936090269 -0.010522449655880027 -0.031793000418920074 -0.008267511915808063 -0.029923186879318931 0.02300378359243194 0.029366616860391111 0.039056718350658284 0.00023731170893151942 0.047389789122012742 -0.012043302533284084 0.0030412681483415545 0.050244956065284334 -0.0025297026939979489 0.025624578373646768 0.024500798392626401 -0.0079376295155309997
leaf_weight=609.32251576660201 53.439082593424246 65.039441425586119 941.28238404495642 39.629857912193984 117.10206840210594 46.952338005881757 75.722674981690943 484.02308217482641 41.967287024017423 62.912130495300516 142.33523596497253 746.62225778168067 164.24439137428999 252.69546696334146 65.390828997828066 143.60110524785705 192.95073303766549 123.4106507434044 152.11590454808902 83.674324293388054 22.28956051170826 1012.8997108120238 44.190621694549918 64.219326188089326 97.299857039703056 54.277842233190313 145.43264894932508 171.84179571713321 278.41376382554881 90.220520813018084
leaf_count=13627 6129 23401 15418 1587 5664 1375 1544 12921 375 620 1746 15616 1553 4006 504 1882 4217 1832 1702 609 255 16942 451 1282 990 438 1415 2141 2929 718
internal_value=9.80349e-05 -0.000313808 0.000186671 -0.00244732 -0.00292906 -0.027841 -0.0017839 -0.00239833 -0.00454053 -0.00184538 0.00739132 -0.00407345 -0.00647206 -0.000976136 -0.00390236 0.00477666 -0.0129723 -0.00405597 0.00577746 -0.00612465 0.000125008 0.00625092 0.0133817 0.00651874 -0.018163 0.0204756 0.0107741 0.0153042 0.0177303 0.0106332
internal_weight=6585.52 6532.08 6467.04 4512.86 4473.23 186.344 4286.88 4211.16 3459.5 2975.48 751.658 2712.86 2390.64 1644.02 1479.77 758.6 721.173 468.477 345.067 414.796 69.2419 1954.18 322.219 278.028 240.901 262.623 208.345 236.061 343.805 173.895
internal_count=143889 137760 114359 81999 80412 7294 73118 71574 56201 43280 15373 40807 36558 20942 19389 7632 11757 7751 5919 4199 1630 32360 4249 3798 2872 2473 2035 3423 3433 1327
is_linear=0
shrinkage=0.05


Tree=113
num_leaves=31
num_cat=0
split_feature=214 225 110 225 110 110 103 103 110 225 103 103 103 225 103 110 103 110 103 110 225 225 110 225 110 225 103 103 110 103
split_gain=44.276 44.1988 82.5207 85.7764 62.9099 60.8954 60.2208 55.3157 46.3256 57.2851 70.6047 54.3799 44.8277 37.0573 53.9566 47.4858 33.0038 31.5675 31.4299 29.9862 48.1023 44.8405 36.3045 32.3216 25.4241 37.9014 37.6409 35.2217 24.7586 23.7754
threshold=2.117630243301392 1.3010663986206057 0.059776136651635177 0.96481704711914074 0.12242737412452699 0.03736854903399945 3.4502252340316777 2.4770941734313969 0.086039882153272643 1.0310544967651369 7.1261363029479989 6.1624765396118173 3.345346331596375 2.0165911912918095 5.6405127048492441 0.22519670426845553 2.6254032850265507 0.039559902623295791 13.226495742797853 0.027288263663649562 0.71249237656593334 0.83493506908416759 0.020502080209553245 0.57892319560050975 0.13119848817586902 1.0898135304450991 10.704792976379396 15.47213649749756 0.24544273316860202 4.051903724670411
decision_type=2 2 2 2 2 2 2 2 2 2 2 2 2 2 2 2 2 2 2 2 2 2 2 2 2 2 2 2 2 2
left_child=1 2 3 5 29 7 -4 19 9 10 -8 -10 -7 14 -6 -16 17 -5 -17 20 22 -21 23 -1 25 26 -13 -26 -15 -3
right_child=-2 4 6 16 13 12 8 -9 11 -11 -12 24 -14 28 15 18 -18 -19 -20 21 -22 -23 -24 -25 27 -27 -28 -29 -30 -31
leaf_value=-0.0050444529701256444 -0.018674217271985649 0.012489784057958472 -0.025018374274498503 0.0408984269778521 -0.020482201945235312 -0.026453054477383338 -0.024480598699629867 0.041476696032785532 -0.026820500766906331 0.01974709549449398 0.031450678224183092 -0.020825197894380434 0.005951521770091229 0.029777415457124423 0.014493951185713422 -0.028730433363941568 0.032268738302525309 0.0016630813055051278 0.0059567249006997891 -0.02689355478341859 0.033886119271879178 0.01031037670771643 -0.02661413771063937 0.037206360598745575 -0.021452722841068531 0.021682638970857024 0.016907867676887699 0.0043463735882375886 0.0027495627032791386 0.032501516627209459
leaf_weight=114.84502358653117 285.75641951605212 484.80025862844195 416.52274212171324 53.601913311053067 327.37790442991536 310.57046903669834 206.93001644825563 90.662379439570941 329.77426439011469 358.03146541118622 66.846935891546309 168.90468957845587 155.2526225510519 143.24107337743044 405.61036593909375 131.29292204824742 310.46104571921751 269.17399248399306 116.08012975903694 163.89297298598103 135.1215818147175 143.93117376603186 87.15089865680784 62.624075240455568 311.60060388024431 187.82465780829079 95.667837770073675 219.84975498216227 194.6163021393586 220.88262955006212
leaf_count=5441 4447 5970 13638 937 6141 15316 6015 1545 10648 5740 700 4140 2804 1400 5742 2128 5018 5015 1228 9061 3092 2530 4990 1670 7589 2635 1088 2613 2244 2691
internal_value=0.000232832 0.00112103 -0.00177084 0.00597695 0.00718566 -0.00157498 -0.00799337 0.00679258 -0.00423896 0.00681491 -0.0101971 -0.00956683 -0.0157549 0.000700894 -0.00423561 0.00409581 0.0208421 0.00921193 -0.0128544 0.00183232 0.010749 -0.00972082 -0.00186907 0.0110541 -0.00357192 0.00508276 -0.00706228 -0.010897 0.0147351 0.0191202
internal_weight=6568.9 6283.14 4259.24 1897.29 2023.9 1264.05 2361.95 798.228 1945.43 631.808 273.777 1313.62 465.823 1318.22 980.361 652.983 633.237 322.776 247.373 707.566 399.742 307.824 264.62 177.469 983.848 452.397 264.573 531.45 337.857 705.683
internal_count=144216 139769 112225 57419 27544 46449 54806 28329 41168 12455 6715 28713 18120 18883 15239 9098 10970 5952 3356 26784 15193 11591 12101 7111 18065 7863 5228 10202 3644 8661
is_linear=0
shrinkage=0.05


Tree=114
num_leaves=31
num_cat=0
split_feature=108 108 108 86 86 102 86 86 86 86 86 86 225 110 110 225 110 225 110 225 225 110 90 84 85 110 108 90 110 108
split_gain=43.916 52.5839 41.1928 41.9473 325.421 241.097 240.105 272.638 201.701 154.171 206.416 95.8608 37.8661 82.0158 76.3207 40.8878 62.8217 40.3565 41.3083 35.5503 30.0025 29.8461 41.364 35.426 29.5347 29.1671 25.8855 22.9894 25.848 20.0316
threshold=0.99704739451408397 0.99553072452545177 0.99409481883049022 1.1314879059791567 1.7388663887977602 inf 2.2629758119583134 2.9777327775955205 3.3944636583328252 3.9909090995788579 4.097701072692872 4.7165992259979257 0.93167042732238781 0.035482855513691909 0.049354091286659248 1.2586827874183657 0.10447034984827043 0.79115372896194469 0.020502080209553245 0.57892319560050975 1.8270083665847781 0.083382975310087218 262.34948730468756 64.370632171630874 8.195402145385744 0.17529228329658511 0.65665495395660411 140.53775787353518 0.19550065696239474 0.85225591063499462
decision_type=2 2 2 2 2 8 2 2 2 2 2 2 2 2 2 2 2 2 2 2 2 2 2 2 2 2 2 2 2 2
left_child=1 2 3 5 -5 -1 -6 -8 -9 -10 -11 -12 13 17 -14 21 -17 18 19 29 27 22 26 -23 -7 -22 -16 28 -18 -13
right_child=-2 -3 -4 4 6 24 7 8 9 10 11 12 14 -15 15 16 20 -19 -20 -21 25 23 -24 -25 -26 -27 -28 -29 -30 -31
leaf_value=0.058362683494461588 0.042225444609946566 -0.04310605953616807 0.042005060073562972 -0.054013719593156997 0.058691758626349989 0.018589123226674324 -0.052891039806449471 0.059425315782077916 -0.052947196572372325 0.061120257917020721 -0.048799935152518209 0.017573230227479218 0.024661768664861375 -0.024659276222234232 -0.021562950666255663 0.020795322736020208 0.0087072612038141279 0.021100349211276213 -0.019904186608786435 0.038547304085310617 0.031816140711490019 -0.0047705978386930522 -0.01346962802237439 -0.032939797808828872 -0.0065725637114097089 0.0011983134391490159 0.013009874534849178 -0.017695385265985086 -0.019945343172537197 -0.025108351257729075
leaf_weight=189.22106742253527 51.052068532677367 61.22148117935285 48.099408443551511 275.64563524955884 163.23993168142624 128.50971901230514 232.48893003724515 135.54530677804723 125.29714026069269 129.36035780911334 91.212534462916665 39.366052231285721 354.43500297097489 416.13140837918036 52.546982779866084 473.11910650203936 276.95314174704254 210.96682945848443 210.77693038294092 65.632136099040508 100.95205809175968 281.03034513932653 345.15427548869047 179.75047520792577 732.54877893032972 262.98390652728267 431.82534149254207 288.78055413370021 98.480480577680282 53.308743536006659
leaf_count=2715 6152 23309 4125 8009 2242 966 7577 1862 3403 1653 3284 260 3979 12587 538 4378 3471 2656 6405 836 819 4825 7422 5534 8645 2497 6898 4315 1248 1395
internal_value=1.79219e-05 -0.000380717 9.50905e-05 -0.000288197 -0.00210236 0.00879146 0.000850174 -0.00121081 0.00149636 -0.000381393 0.00124591 -0.000723396 0.000450244 -0.0079972 0.00314199 0.000331431 0.00592327 0.00417159 -0.00580618 0.0130319 -0.00105472 -0.00617018 -0.000457879 -0.0162257 -0.00264698 0.0103151 0.00889895 -0.00734506 0.00086888 -0.00703247
internal_weight=6505.64 6454.58 6393.36 6345.26 5294.98 1050.28 5019.34 4856.1 4623.61 4488.06 4362.77 4233.41 4142.19 996.182 3146.01 2791.58 1501.27 580.051 369.084 158.307 1028.15 1290.31 829.527 460.781 861.058 363.936 484.372 664.214 375.434 92.6748
internal_count=144005 137853 114544 110419 98093 12326 90084 87842 80265 78403 75000 73347 70063 24139 45924 41945 16728 11552 8896 2491 12350 25217 14858 10359 9611 3316 7436 9034 4719 1655
is_linear=0
shrinkage=0.05


Tree=115
num_leaves=31
num_cat=0
split_feature=94 80 86 86 102 86 86 86 86 86 86 82 221 85 94 95 218 95 82 80 104 110 86 104 110 110 225 104 110 225
split_gain=42.8273 80.4142 51.8609 252.108 220.211 215.383 201.248 183.179 107.042 184.711 65.5043 37.2195 26.9413 24.2178 24.1095 23.6854 20.5818 19.8454 26.3111 18.7985 17.6598 32.4318 17.2679 16.019 31.5311 21.802 17.8032 15.0793 23.0415 18.8478
threshold=1.0000000180025095e-35 1.0000000180025095e-35 1.1314879059791567 1.7388663887977602 inf 2.2629758119583134 2.9777327775955205 3.3944636583328252 3.9909090995788579 4.097701072692872 4.7165992259979257 2.9376196861267094 -0.2281987518072128 8.195402145385744 8.2833747863769549 138.94081115722659 3.2109569311141972 79.794738769531264 3.0866327285766606 5.4073367118835458 12.574269294738771 0.24544273316860202 13.286160945892336 3.6143331527709965 0.086039882153272643 0.059776136651635177 0.88606876134872448 10.169554233551027 0.18468129634857181 1.8270083665847781
decision_type=2 2 2 2 8 2 2 2 2 2 2 10 2 2 2 10 2 10 10 2 2 2 2 2 2 2 2 2 2 2
left_child=2 -2 4 -4 -1 -5 -7 -8 -9 -10 -11 15 16 -6 19 27 22 -16 -19 -3 -15 -22 -13 25 -25 26 -20 -12 -29 -30
right_child=1 14 3 5 13 6 7 8 9 10 11 12 -14 20 17 -17 -18 18 23 -21 21 -23 -24 24 -26 -27 -28 28 29 -31
leaf_value=0.057238167328869688 0.024585058141728417 0.0004201064511879369 -0.053589628868690155 0.057035853980184327 0.015458781293125768 -0.052404975479622654 0.058137249617127178 -0.052093564572417018 0.059786341098551792 -0.047800695396838427 -0.0022218268908362556 -0.0048108166759004527 0.03504707718591512 -0.013695727337871506 -0.010885480842585605 0.025724915823625551 -0.048780173327764006 0.015914447290906474 -0.010950586215346768 0.044304943995781276 0.017021417794647227 -0.015932287201539341 -0.017976098194437861 0.024913221142632794 -0.0033648187404644245 -0.02645798916480914 0.0095842387621540119 0.031235083712579284 -0.017135076297179572 0.016898760485906383
leaf_weight=170.52280016592704 444.30704353004694 44.236054428154603 244.37613706511911 138.21314496872947 129.72853635088541 195.93962621188257 114.44564505666494 100.59600816329475 106.11541251884773 75.397204490145668 856.37099576729815 719.36893405264709 23.453223365359008 421.26458295015618 354.36069312342443 94.988159955712035 25.147366899880581 268.81564958754461 229.74250181147363 44.961944195907563 156.62180148239713 125.43925855599809 380.21571587002836 132.12426182150375 315.48756447795313 107.31822882499546 178.84941877843812 84.03883192804642 73.53260908741504 69.30754735483788
leaf_count=2953 11083 996 8224 2360 974 7465 1910 3172 1627 3166 17479 15741 705 6248 7917 2120 382 7108 11008 709 1517 1264 11193 1977 5077 3146 4149 861 928 653
internal_value=0.000125613 0.00592629 -0.00273827 -0.00576187 0.00716732 -0.00177643 -0.00474647 -0.00113786 -0.00395057 -0.00182028 -0.00477874 -0.00318582 -0.00955415 -0.00363935 0.000863069 0.00304826 -0.0107848 -0.000628062 0.00238535 0.0247774 -0.00732933 0.0023224 -0.0094841 -0.00151387 0.00534419 -0.0074525 -0.00194782 0.000842667 0.0120153 -0.000596299
internal_weight=6425.29 2120.2 4305.08 3301.51 1003.58 3057.13 2918.92 2722.98 2608.53 2507.94 2401.82 2326.42 1148.19 833.054 1675.9 1178.24 1124.73 1586.7 1232.34 89.198 703.326 282.061 1099.58 963.522 447.612 515.91 408.592 1083.25 226.879 142.84
internal_count=144112 53170 90942 77986 12956 69762 67402 59937 58027 54855 53228 50062 28021 10003 42087 22041 27316 40382 32465 1705 9029 2781 26934 25357 7054 18303 15157 19921 2442 1581
is_linear=0
shrinkage=0.05


Tree=116
num_leaves=31
num_cat=0
split_feature=106 87 87 92 92 87 87 87 101 87 92 92 92 92 92 92 73 133 73 92 92 105 221 108 100 110 104 104 110 104
split_gain=41.4876 103.473 98.0906 71.3789 62.0686 77.1528 157.971 57.845 116.827 96.8155 143.542 76.3473 56.4275 49.124 42.2676 66.4824 34.0982 34.7921 33.4334 46.6764 33.2075 23.3584 21.9213 21.6715 21.5727 19.3889 55.5385 43.3633 22.9173 28.0199
threshold=10.033262252807619 3.3944636583328252 3.9909090995788579 4.097701072692872 4.7165992259979257 5.0259516239166269 5.9554655551910409 1.1314879059791567 inf 1.7388663887977602 2.2629758119583134 2.9777327775955205 6.1574394702911386 6.8143503665924081 7.1943318843841562 7.7707455158233651 16.500000000000004 7.6170051097869882 19.500000000000004 4.097701072692872 5.1804971694946298 12.283482074737551 -0.2281987518072128 0.93794903159141552 190.50000000000003 0.083382975310087218 3.3379534482955937 5.4011600017547616 0.04547985456883908 2.2882525920867924
decision_type=10 2 2 2 2 2 2 2 8 2 2 2 2 2 2 2 2 2 2 2 2 10 2 2 10 2 2 2 2 2
left_child=7 -2 -3 -4 -5 20 -7 8 -1 -9 -11 -12 -8 -14 -15 -16 17 -17 19 -13 -6 -18 25 -20 -10 26 28 -27 29 -19
right_child=1 2 3 4 5 6 12 9 24 10 11 18 13 14 15 16 21 22 23 -21 -22 -23 -24 -25 -26 27 -28 -29 -30 -31
leaf_value=0.052765891721896788 0.055549258854390007 -0.050080985230576774 0.059721247861735285 -0.047283218106920238 0.061309712305622849 -0.051475926986497181 0.061944891744013499 -0.050348812087017115 -0.002996123783557379 0.057634935097458317 -0.050629798634952441 0.012740497749955226 -0.047849978368056489 0.040813562171654334 -0.050481843776026061 0.0094425959789189266 0.010986195256263697 -0.0069353375504068579 0.020361903911662375 -0.022935686257065227 0.017764355718209737 0.043354196281807082 0.038658198838453089 -0.003781406129329814 0.02646631560416441 -0.030100859381974206 0.01754093867099283 -0.0018653762450040721 -0.01890539818627586 0.028193156881438926
leaf_weight=96.377540461486205 83.188841957831755 77.672223622910678 45.528446822427213 51.398791525047272 57.947109478060156 125.25408273923676 31.134492367971689 137.34968232247047 1312.3073349639308 69.816276845522225 104.1084343304392 108.46165467461105 36.892242055386305 65.015553781879134 47.489142266800627 938.29808936268091 235.60362223046832 234.98518865392543 114.01870064344257 435.74454979493748 162.61157815973274 68.028033021837473 21.482631862862036 362.40486416313797 55.227144643897191 180.53517518099397 323.05377432052046 480.05916100309696 255.33950728503987 63.90673625189811
leaf_count=2452 1796 2430 624 1256 776 5005 353 7434 15592 1147 4550 1778 797 1021 1021 19275 6049 8864 890 11535 2363 1316 407 17412 587 4892 5387 7485 8438 1243
internal_value=-1.0869e-05 0.00354507 0.00215517 0.00348229 0.00255056 0.00345965 0.00138428 -0.00456747 0.00229161 -0.0120673 -0.00728422 -0.0117864 0.00376935 0.00294836 0.00375298 0.00276737 0.00384644 0.00188717 -0.00737137 -0.0157237 0.0313679 0.0193893 -0.00269028 0.00229644 -0.00162281 -0.00351389 0.00136409 -0.00991571 -0.00820894 0.00124513
internal_weight=6381.24 3585.42 3502.24 3424.56 3379.03 3327.64 3107.08 2795.82 1463.91 1331.9 1194.55 1124.74 2981.82 2950.69 2913.8 2848.78 2801.29 2497.66 1020.63 544.206 220.559 303.632 1559.36 476.424 1367.53 1537.88 877.285 660.594 554.231 298.892
internal_count=144175 80798 79002 76572 75948 74692 71553 63377 18631 44746 37312 36165 66548 66195 65398 64377 63356 55991 31615 13313 3139 7365 36716 18302 16179 36309 23932 12377 18545 10107
is_linear=0
shrinkage=0.05


Tree=117
num_leaves=31
num_cat=0
split_feature=108 108 222 222 222 59 222 222 222 87 104 110 225 110 110 104 104 110 84 104 70 104 110 110 225 87 110 225 108 104
split_gain=40.3922 49.811 38.304 95.0119 40.1604 73.0294 59.1081 242.443 43.0278 40.588 38.9715 70.8705 62.1679 60.2224 36.2845 77.305 66.8142 49.5267 33.0014 35.5474 32.9399 44.3542 61.7074 32.0442 43.2349 29.7956 29.2128 37.9924 34.1511 46.013
threshold=0.99704739451408397 0.99553072452545177 -1.3862461447715757 -1.409932494163513 -1.2587087154388426 1.5000000000000002 -1.0984957218170164 -1.1046233177185056 -1.2386629581451414 8.9331984519958514 13.737472057342531 0.15299198776483539 1.5541929602622988 0.18468129634857181 0.061560431495308883 6.7057862281799325 3.3379534482955937 0.10447034984827043 25.195297241210941 10.169554233551027 27.500000000000004 20.280096054077152 0.3155964463949204 0.03736854903399945 1.1154015064239504 3.9909090995788579 0.10078029707074167 1.1024435162544253 0.58866310119628917 4.600194215774537
decision_type=2 2 2 2 2 2 2 2 2 2 2 2 2 2 2 2 2 2 2 2 2 2 2 2 2 2 2 2 2 2
left_child=1 2 3 25 5 -4 7 8 -6 -10 11 12 14 -12 16 26 23 -17 -19 -20 21 -15 -23 -8 -25 -1 27 -16 -29 -30
right_child=-2 -3 4 -5 6 -7 10 -9 9 -11 13 -13 -14 20 15 17 -18 18 19 -21 -22 22 -24 24 -26 -27 -28 28 29 -31
leaf_value=-0.041746840137818576 0.041761911583996517 -0.042759712312384339 -0.053326270121256382 0.050177189205297935 0.0285805113125388 -0.0031150577237801548 0.0062463886245708242 0.068245795772578707 -0.048592488740702919 -0.0040008427868055158 0.033202839425830945 -0.02220866455254375 0.022441100064973112 -0.02284795472687421 -0.027804772742938324 0.021922315431294366 0.025661524148952754 -0.034830214062187038 -0.0097106937681137769 0.022932967942430299 0.025536354339314199 0.028886365350658347 -0.012725139971078792 -0.020500617552361176 0.018718445060382706 0.0051647422285248015 -0.035568867931304024 -0.037406734016480848 -0.012973158296822974 0.019474950636467429
leaf_weight=25.203305098577403 47.937847868073732 57.937370238010772 92.481702107586898 113.55386884557083 72.686599023756571 251.53553770214785 415.73815786943305 145.07459461758845 51.160424344590865 322.06414029188454 167.77920985617675 484.53780797449872 233.98622410441749 198.90888740809169 273.39431123668328 241.2109081663657 243.47153692005668 70.478330745361745 256.93999732972588 111.29494291590527 97.931260032113642 153.18995789485052 187.30322544882074 350.11611273803283 78.978451749542728 907.09809755533934 180.1998294359073 58.676265038317069 252.32003658975009 177.24790539266542
leaf_count=605 6099 23296 2527 1771 1496 5975 7317 1837 1498 7239 1902 8701 2447 3302 8037 2950 3177 958 5654 1573 1241 1581 2111 8742 779 18135 5150 710 4332 2490
internal_value=0.000205151 -0.000178417 0.00028662 0.00896575 -0.00148347 -0.0177383 -0.000290151 0.0143863 -0.00424918 -0.0112218 -0.00236792 -0.00469314 -0.00174498 0.00747021 -0.00390802 -0.00862675 0.00313823 0.00419398 -0.00582465 0.00050096 0.000287771 -0.00467761 0.00628615 -0.003577 -0.0130201 0.00346699 -0.017829 -0.0132253 -0.00466725 0.000554008
internal_weight=6320.44 6272.5 6214.56 1045.86 5168.71 344.017 4824.69 590.986 445.911 373.225 4233.7 3428.59 2944.05 805.113 2710.07 1621.76 1088.3 679.924 438.713 368.235 637.333 539.402 340.493 844.833 429.095 932.301 941.838 761.639 488.244 429.568
internal_count=143632 137533 114237 20511 93726 8502 85224 12070 10233 8737 73154 63017 54316 10137 51869 31854 20015 11135 8185 7227 8235 6994 3692 16838 9521 18740 20719 15569 7532 6822
is_linear=0
shrinkage=0.05


Tree=118
num_leaves=31
num_cat=0
split_feature=108 108 222 222 222 69 222 222 222 222 75 89 87 100 218 109 87 218 222 87 87 75 89 87 108 220 110 220 109 220
split_gain=39.2975 46.5642 39.723 89.2567 46.5881 60.1794 59.3269 233.784 38.8904 37.6262 40.1934 65.7469 36.3441 33.0941 33.5169 32.4945 56.9599 42.9977 37.3025 26.7949 26.0065 21.5103 34.3559 20.4824 20.1269 48.1635 27.4047 25.8781 23.4539 20.2601
threshold=0.99704739451408397 0.99553072452545177 -1.3862461447715757 -1.409932494163513 -1.2587087154388426 1.0000000180025095e-35 -1.0984957218170164 -1.1046233177185056 -1.2386629581451414 -1.0504248738288877 12.500000000000002 17.127272605896 8.9331984519958514 230.50000000000003 4.0554487705230722 0.41813735663890844 1.1314879059791567 2.9444000720977788 -0.22307433933019635 11.093869686126711 21.353476524353031 17.500000000000004 25.146935462951664 15.963636398315431 0.42673920094966894 2.6566963195800786 0.15299198776483539 3.2110658884048466 0.87402859330177318 2.6566963195800786
decision_type=2 2 2 2 2 10 2 2 2 2 2 2 2 10 2 8 2 2 2 2 2 2 2 2 2 2 2 2 8 2
left_child=1 2 3 -1 5 -4 7 8 23 20 13 -12 -10 14 15 16 -11 24 -18 -5 -8 -13 -23 -6 27 26 28 29 -26 -17
right_child=-2 -3 4 19 6 -7 9 -9 12 10 11 21 -14 -15 -16 17 18 -19 -20 -21 -22 22 -24 -25 25 -27 -28 -29 -30 -31
leaf_value=0.0032978444048514994 0.041441936642228477 -0.042503515012585778 -0.052802170869056642 0.066944243600245534 0.045561012840904754 -0.0062935568245460205 -0.049980221223625609 0.067070354563669082 -0.047854800571006821 0.041873237522589396 0.056441304830711206 -0.0070784064612658543 -0.0044305622128492216 0.036181458703507724 0.039423679995044945 -0.0058903782678420835 -0.011770213661619164 0.03127225940273342 -0.043480716461779534 0.014973259458504749 -0.0035085001075278229 0.046981811512023137 0.0052173877710464008 -0.0049041967289945899 -0.0078300119838588724 0.026123746597413039 -0.012741537042323118 0.0050619160599518868 0.0045368910090438719 -0.041596860132240565
leaf_weight=932.78023722674698 45.990527101326734 55.706304939812981 88.572407488944009 67.197428574087098 42.682721791556105 247.70764475839678 60.235328440321609 144.13448531366885 47.385808287537657 27.765880785416812 53.83965615532361 290.16088681865949 317.60616910038516 39.343028989853337 31.822791145415977 67.324728605337441 282.80705016991124 75.734831420239061 136.91866885381751 47.158309673657641 55.52612099936232 45.494138748850673 472.60905048775021 29.641089957673103 693.53457674605306 121.92909552925266 746.77852281765081 80.277556100860238 832.86497702728957 102.19657751172781
leaf_count=18819 6119 23452 2553 815 648 5959 1430 1835 1461 647 530 5189 7170 389 1497 547 6072 1132 4823 919 1437 465 7667 838 13359 1052 9999 682 15514 898
internal_value=-0.00026072 -0.000634031 -0.000188712 0.0086393 -0.00200226 -0.0197145 -0.000722596 0.0141112 -0.00445277 -0.00279638 -0.00196538 0.00757216 -0.011194 -0.00451918 -0.00513075 -0.00570092 -0.01804 -0.00361275 -0.0228856 0.0484398 -0.029741 0.00366692 0.00970487 0.026795 -0.00472569 -0.00327667 -0.00496116 -0.0179582 -0.00109652 -0.0285342
internal_weight=6283.73 6237.74 6182.03 1047.14 5134.89 336.28 4798.61 581.45 437.316 4217.16 4101.4 862.104 364.992 3239.3 3199.96 3168.13 447.492 2720.64 419.726 114.356 115.761 808.264 518.103 72.3238 2644.91 2395.11 2273.18 249.799 1526.4 169.521
internal_count=143917 137798 114346 20553 93793 8512 85281 11952 10117 73329 70462 13851 8631 56611 56222 54725 11542 43183 10895 1734 2867 13321 8132 1486 42051 39924 38872 2127 28873 1445
is_linear=0
shrinkage=0.05


Tree=119
num_leaves=31
num_cat=0
split_feature=225 110 104 110 104 104 110 104 110 104 110 225 110 110 104 225 225 110 70 104 104 225 104 225 110 104 182 110 225 110
split_gain=42.4273 70.169 70.1313 63.8452 85.1694 62.4928 69.2201 55.1773 48.8866 69.0126 46.9862 50.2874 48.2904 40.5399 41.7777 39.8459 39.4959 38.703 36.7296 36.5742 36.3325 34.3428 42.6873 33.1197 31.9801 31.458 54.7307 28.8137 28.4656 27.1602
threshold=1.1713590025901797 0.088595714420080199 4.9783272743225107 0.047857817262411124 2.3931723833084111 3.7626260519027714 0.076244100928306593 7.3575022220611581 0.14173142611980441 9.5737462043762225 0.03347855061292649 0.75520122051239025 0.023604979738593105 0.22519670426845553 20.280096054077152 0.90886104106903087 1.5541929602622988 0.10447034984827043 89.500000000000014 13.737472057342531 12.574269294738771 1.4541449546813967 8.1207995414733904 0.65769734978675853 0.11091887950897218 4.9783272743225107 0.19961685687303546 0.3155964463949204 2.3850898742675786 0.15958477556705478
decision_type=2 2 2 2 2 2 2 2 2 2 2 2 2 2 2 2 2 2 2 2 2 2 2 2 2 2 2 2 2 2
left_child=3 -2 -3 4 10 -5 25 -8 21 18 11 12 23 16 28 -12 19 -9 -10 -11 -19 22 24 -1 -4 26 -7 -16 -15 -22
right_child=1 2 8 5 -6 6 7 17 9 13 15 -13 -14 14 27 -17 -18 20 -20 -21 29 -23 -24 -25 -26 -27 -28 -29 -30 -31
leaf_value=-0.0029247675978746179 0.019408870981424037 -0.022866025675897163 0.0086082282561248304 -0.022479029227840914 0.028673635856296356 -0.030126784784754786 -0.026526596015085675 0.021191226468949751 -0.027253607651556634 -0.012794591249479653 -0.028629712060133927 0.024124414571243986 -0.028509729225123234 -0.029666727082198432 0.030639892706520219 0.0028616961493476232 0.033809723325612558 -0.022179865627305027 0.02395230282500696 0.022748400415715461 0.0249482423841213 0.029268231083810593 0.025024293441067359 0.036911041806839455 -0.023409925065339423 0.028240902742250495 0.016927675184303357 -0.0022805305720729864 0.0055856229827954086 -0.0073110222446058845
leaf_weight=182.67821952339727 617.05531833454734 271.34949844825314 171.52899042610079 607.16451998066623 283.9476446704939 82.197819314547814 345.93896116263932 132.46072494110558 291.81708478275687 149.10027637478197 222.76715039584087 239.97815923194867 127.79508939315565 175.34859691374004 87.804502162034623 173.7629117280012 170.85117547016125 235.07142029725946 31.851939136860892 123.10264224716229 91.966079208184965 239.11623669497203 175.61687482718844 62.333991380408406 127.56647915113717 181.51831660827156 177.50370190420654 203.59966631332645 78.817861153860576 172.58378981653368
leaf_count=8525 8508 5907 2711 23373 4870 1293 12225 1594 6076 3044 11232 5843 7653 3387 972 3520 2047 6210 258 1552 996 2840 2310 1563 3433 2418 3569 2516 952 2685
internal_value=0.00019011 0.00458401 0.000535495 -0.00366973 0.00498658 -0.0091916 -0.0033896 -0.0107787 0.00376647 -0.00197336 -0.00189316 0.00675748 -0.00475988 0.00462015 -0.00448725 -0.015099 0.0156864 -0.00188096 -0.0216477 0.00351608 -0.00829371 0.0142 0.00616273 0.00825993 -0.00536332 0.0128652 0.00146969 0.00832636 -0.0189372 0.00440357
internal_weight=6234.2 2914.53 2297.47 3319.67 1293.26 2026.41 1419.24 978.021 2026.12 1312.29 1009.32 612.785 372.807 988.625 545.571 396.53 443.054 632.082 323.669 272.203 499.621 713.829 474.712 245.012 299.095 441.22 259.702 291.404 254.166 264.55
internal_count=144082 46513 38005 97569 43206 54363 30990 23710 32098 20804 38336 23584 17741 14470 7827 14752 6643 11485 6334 4596 9891 11294 8454 10088 6144 7280 4862 3488 4339 3681
is_linear=0
shrinkage=0.05


end of trees

feature_importances:
Column_108=858
Column_110=526
Column_104=338
Column_225=290
Column_86=271
Column_87=219
Column_89=190
Column_222=95
Column_218=81
Column_92=69
Column_103=66
Column_70=63
Column_106=56
Column_214=55
Column_109=53
Column_220=40
Column_219=33
Column_101=31
Column_102=28
Column_73=27
Column_75=23
Column_221=20
Column_105=15
Column_84=14
Column_93=14
Column_171=13
Column_217=13
Column_213=12
Column_215=12
Column_100=8
Column_95=7
Column_133=6
Column_226=6
Column_85=5
Column_82=4
Column_90=4
Column_94=4
Column_40=3
Column_59=3
Column_72=3
Column_80=3
Column_144=3
Column_68=2
Column_69=2
Column_81=2
Column_97=2
Column_186=2
Column_223=2
Column_65=1
Column_67=1
Column_78=1
Column_182=1

parameters:
[boosting: gbdt]
[objective: binary]
[metric: auc]
[tree_learner: serial]
[device_type: cpu]
[data_sample_strategy: bagging]
[data: ]
[valid: ]
[num_iterations: 120]
[learning_rate: 0.05]
[num_leaves: 31]
[num_threads: 6]
[seed: 42]
[deterministic: 0]
[force_col_wise: 0]
[force_row_wise: 1]
[histogram_pool_size: -1]
[max_depth: -1]
[min_data_in_leaf: 500]
[min_sum_hessian_in_leaf: 0.001]
[bagging_fraction: 0.8]
[pos_bagging_fraction: 1]
[neg_bagging_fraction: 1]
[bagging_freq: 1]
[bagging_seed: 400]
[bagging_by_query: 0]
[feature_fraction: 0.8]
[feature_fraction_bynode: 1]
[feature_fraction_seed: 30056]
[extra_trees: 0]
[extra_seed: 12879]
[early_stopping_round: 0]
[early_stopping_min_delta: 0]
[first_metric_only: 0]
[max_delta_step: 0]
[lambda_l1: 0]
[lambda_l2: 10]
[linear_lambda: 0]
[min_gain_to_split: 0]
[drop_rate: 0.1]
[max_drop: 50]
[skip_drop: 0.5]
[xgboost_dart_mode: 0]
[uniform_drop: 0]
[drop_seed: 17869]
[top_rate: 0.2]
[other_rate: 0.1]
[min_data_per_group: 100]
[max_cat_threshold: 32]
[cat_l2: 10]
[cat_smooth: 10]
[max_cat_to_onehot: 4]
[top_k: 20]
[monotone_constraints: ]
[monotone_constraints_method: basic]
[monotone_penalty: 0]
[feature_contri: ]
[forcedsplits_filename: ]
[refit_decay_rate: 0.9]
[cegb_tradeoff: 1]
[cegb_penalty_split: 0]
[cegb_penalty_feature_lazy: ]
[cegb_penalty_feature_coupled: ]
[path_smooth: 0]
[interaction_constraints: ]
[verbosity: -1]
[saved_feature_importance_type: 0]
[use_quantized_grad: 0]
[num_grad_quant_bins: 4]
[quant_train_renew_leaf: 0]
[stochastic_rounding: 1]
[linear_tree: 0]
[max_bin: 63]
[max_bin_by_feature: ]
[min_data_in_bin: 3]
[bin_construct_sample_cnt: 200000]
[data_random_seed: 175]
[is_enable_sparse: 1]
[enable_bundle: 1]
[use_missing: 1]
[zero_as_missing: 0]
[feature_pre_filter: 1]
[pre_partition: 0]
[two_round: 0]
[header: 0]
[label_column: ]
[weight_column: ]
[group_column: ]
[ignore_column: ]
[categorical_feature: ]
[forcedbins_filename: ]
[precise_float_parser: 0]
[parser_config_file: ]
[objective_seed: 16083]
[num_class: 1]
[is_unbalance: 0]
[scale_pos_weight: 1]
[sigmoid: 1]
[boost_from_average: 1]
[reg_sqrt: 0]
[alpha: 0.9]
[fair_c: 1]
[poisson_max_delta_step: 0.7]
[tweedie_variance_power: 1.5]
[lambdarank_truncation_level: 30]
[lambdarank_norm: 1]
[label_gain: ]
[lambdarank_position_bias_regularization: 0]
[eval_at: ]
[multi_error_top_k: 1]
[auc_mu_weights: ]
[num_machines: 1]
[local_listen_port: 12400]
[time_out: 120]
[machine_list_filename: ]
[machines: ]
[gpu_platform_id: -1]
[gpu_device_id: -1]
[gpu_device_id_list: ]
[gpu_use_dp: 0]
[num_gpu: 1]

end of parameters

pandas_categorical:null
