tree
version=v4
num_class=1
num_tree_per_iteration=1
label_index=0
max_feature_idx=149
objective=binary sigmoid:1
feature_names=Column_0 Column_1 Column_2 Column_3 Column_4 Column_5 Column_6 Column_7 Column_8 Column_9 Column_10 Column_11 Column_12 Column_13 Column_14 Column_15 Column_16 Column_17 Column_18 Column_19 Column_20 Column_21 Column_22 Column_23 Column_24 Column_25 Column_26 Column_27 Column_28 Column_29 Column_30 Column_31 Column_32 Column_33 Column_34 Column_35 Column_36 Column_37 Column_38 Column_39 Column_40 Column_41 Column_42 Column_43 Column_44 Column_45 Column_46 Column_47 Column_48 Column_49 Column_50 Column_51 Column_52 Column_53 Column_54 Column_55 Column_56 Column_57 Column_58 Column_59 Column_60 Column_61 Column_62 Column_63 Column_64 Column_65 Column_66 Column_67 Column_68 Column_69 Column_70 Column_71 Column_72 Column_73 Column_74 Column_75 Column_76 Column_77 Column_78 Column_79 Column_80 Column_81 Column_82 Column_83 Column_84 Column_85 Column_86 Column_87 Column_88 Column_89 Column_90 Column_91 Column_92 Column_93 Column_94 Column_95 Column_96 Column_97 Column_98 Column_99 Column_100 Column_101 Column_102 Column_103 Column_104 Column_105 Column_106 Column_107 Column_108 Column_109 Column_110 Column_111 Column_112 Column_113 Column_114 Column_115 Column_116 Column_117 Column_118 Column_119 Column_120 Column_121 Column_122 Column_123 Column_124 Column_125 Column_126 Column_127 Column_128 Column_129 Column_130 Column_131 Column_132 Column_133 Column_134 Column_135 Column_136 Column_137 Column_138 Column_139 Column_140 Column_141 Column_142 Column_143 Column_144 Column_145 Column_146 Column_147 Column_148 Column_149
feature_infos=[0:7] [0:7] [0:7] [0:7] [0:550] [0:462] [0:80] [0:13303.1298828125] [0:5981.875] [0.031327780336141586:9508.3271484375] [0.030847078189253807:8.7262210845947266] [3.4040222089970484e-05:4.1903190612792969] [0:14] [0:14] [0:14] [0:14] [0:1002] [0:1237] [0:138] [0:17470.92578125] [0:10913.5791015625] [0.031235931441187859:10225.23828125] [0.030758015811443329:8.7008399963378906] [3.4040222089970484e-05:4.4851903915405273] [0:30] [0:30] [0:30] [0:30] [0:1993] [0:1356] [0:259] [0:19178.23828125] [0:10913.5791015625] [0.031208498403429985:11132.8408203125] [0.030731413513422012:9.1885976791381836] [1.5038751371321268e-05:5.4142665863037109] [0:60] [0:60] [0:58] [0:60] [0:3646] [0:2018] [0:503] [0:37431.46484375] [0:12017.15234375] [0.031327780336141586:12775.146484375] [0.030847078189253807:9.1885976791381836] [3.4007251088041812e-05:4.0219154357910156] [0:90] [0:90] [0:86] [0:90] [0:5851] [0:3884] [0:742] [0:44242.66015625] [0:12017.15234375] [0.031327780336141586:25647.416015625] [0.030847078189253807:9.1885976791381836] [3.4007251088041812e-05:4.4086875915527344] [0:180] [0:179] [0:171] [0:180] [0:10207] [0:8731] [0:1404] [0:73897.53125] [0:29683.849609375] [0.031740877777338028:73830.296875] [0.031247550621628761:8.5959892272949219] [7.0207242970354855e-05:4.3393950462341309] [0:6651.5615234375] [0:3454.250732421875] [0:0.99999994039535522] [0:42000000] [0:0.99999988079071045] [0:1] [0:134.99986267089844] [0:9.4958295822143555] [0:10.951059341430664] [0:6651.5615234375] [0:2112.754638671875] [0:1] [0:42000000] [0:0.99999994039535522] [0:1] [0:93.999984741210938] [0:9.7683506011962891] [0:10.530460357666016] [0:9783.9130859375] [0:3712.366943359375] [0:1] [0:163000000] [0:0.99999994039535522] [0:1] [0:160.49995422363281] [0:9.8615837097167969] [0:9.8615837097167969] [0:9783.9130859375] [0:1900.7427978515625] [0:1] [0:180000000] [0:1] [0:1] [0:82.166664123535156] [0:10.530293464660645] [0:9.8371734619140625] [0:9783.9130859375] [0:1834.8935546875] [0:1] [0:262000000] [0:0.99999988079071045] [0:1] [0:76.986839294433594] [0:10.697467803955078] [0:9.5989007949829102] [0:18474.37890625] [0:3079.063720703125] [0:1] [0:551000000] [0:0.9999997615814209] [0:1] [0:78.515380859375] [0:11.210448265075684] [0:9.4187564849853516] [0:2] [0:1.9999998807907104] [-8.6629476547241211:0] [-2.0794415473937988:0] [0:4.2857141494750977] [0:4.2857136726379395] [-9.3181276321411133:0] [-2.8332133293151855:0] [0:2.1428570747375488] [0:2.1428568363189697] [-9.2221460342407227:0] [-2.4849066734313965:0] [0:2] [0:1.9999994039535522] [-8.5410337448120117:0] [-2.7725887298583984:0] [0:3] [0:2.9999966621398926] [-9.4097843170166016:0] [-3.4965076446533203:0] [0:3] [0:2.9999978542327881] [-9.2625389099121094:0] [-3.465735912322998:0]
tree_sizes=3423 3547 3534 3552 3532 3547 3549 3551 3537 3557 3545 3533 3551 3534 3547 3554 3545 3560 3553 3554 3571 3552 3555 3571 3545 3546 3530 3559 3547 3544 3564 3549 3566 3572 3555 3537 3573 3542 3538 3561 3578 3559 3545 3542 3554 3552 3573 3561 3558 3573 3541 3551 3565 3527 3548 3561 3546 3544 3556 3540 3552 3551 3531 3577 3547 3561 3544 3565 3564 3565 3565 3568 3553 3551 3558 3555 3557 3556 3548 3553

Tree=0
num_leaves=31
num_cat=0
split_feature=90 149 60 53 53 143 46 110 143 58 58 59 101 110 59 110 138 149 34 63 63 25 143 92 71 37 66 52 65 92
split_gain=1053.74 381.638 178.105 180.23 176.639 140.414 110.7 104.275 95.3867 72.3852 63.6923 58.0023 57.612 51.2131 45.4358 44.6337 44.5604 39.6607 38.433 46.2117 37.4348 36.0313 33.8238 30.7003 30.0947 29.86 29.3685 28.4554 26.1374 24.0306
threshold=9.498601436614992 -0.93379878997802723 7.5000000000000009 43.500000000000007 43.500000000000007 0.98437395691871654 2.2148315906524663 0.70588234066963207 0.6031060814857484 3.1840064525604252 2.7974874973297124 0.68113094568252575 0.59999999403953563 0.66666665673255932 0.76092755794525158 0.62012657523155224 0.98400020599365245 -0.52934783697128285 2.8721147775650029 6.5000000000000009 6.5000000000000009 1.0000000180025095e-35 0.77142828702926647 0.20588234812021258 0.97128161787986766 1.0000000180025095e-35 9.5000000000000018 165.50000000000003 150.50000000000003 0.18749999254941943
decision_type=2 2 2 2 2 2 8 2 2 10 8 10 2 2 10 2 2 2 10 2 2 2 2 2 10 2 2 2 2 2
left_child=2 4 -1 6 15 13 26 8 25 14 11 -5 18 17 -6 22 27 29 28 -20 -19 -10 -2 -21 -18 -8 -4 -11 -7 -3
right_child=1 5 3 10 9 12 7 -9 21 16 -12 -13 -14 -15 -16 -17 24 20 19 23 -22 -23 -24 -25 -26 -27 -28 -29 -30 -31
leaf_value=-1.0949126593910317 -1.1166923932812074 -1.1143297164026611 -1.1085237225563511 -1.1030636024548832 -1.1160250934064095 -1.1375899810138872 -1.1071983448744256 -1.1377693897141146 -1.1196894718464059 -1.1246873534695445 -1.1088559643489693 -1.068288090964987 -1.155200890275784 -1.1468145423658205 -1.0888439159089307 -1.1418037124336429 -1.1401976041662312 -1.1150762507795997 -1.1250899106738306 -1.1404154496137549 -1.1417621561362281 -1.1274225975475707 -1.1323099533908683 -1.1514565197538227 -1.1193383709067977 -1.1171486176898056 -1.0871993453593554 -1.101795210543973 -1.1131225322787854 -1.1287125276973662
leaf_weight=948.22150647640228 484.93013262748718 367.48900592327118 779.18026268482208 286.4823704957962 258.74037206172943 868.13960433006287 1453.3108246326447 850.75461864471436 3298.3386671543121 206.40046834945679 960.982825756073 228.59406709671021 1406.8892139196396 562.60772824287415 405.58801710605621 837.25351274013519 286.66731715202332 146.84764504432678 242.83495962619781 1007.4044364690781 885.33964335918427 2759.0342175960541 1149.0735751390457 1944.7140902280807 405.21812379360199 1623.8316416740417 210.09940147399902 392.08691120147705 116.33144676685333 1249.1297161579132
leaf_count=5127 2622 1987 4213 1549 1399 4694 7858 4600 17834 1116 5196 1236 7607 3042 2193 4527 1550 794 1313 5447 4787 14918 6213 10515 2191 8780 1136 2120 629 6754
internal_value=-1.12558 -1.13559 -1.1157 -1.11731 -1.12362 -1.14161 -1.11953 -1.12112 -1.11956 -1.11242 -1.10096 -1.08683 -1.14639 -1.13324 -1.09913 -1.13249 -1.11941 -1.13029 -1.14337 -1.14603 -1.1379 -1.12321 -1.12765 -1.14775 -1.12806 -1.1124 -1.10365 -1.10954 -1.1346 -1.12539
internal_weight=26622.5 13223.7 13398.8 12450.6 4425.96 8797.73 10974.5 9985.27 9134.52 1954.7 1476.06 515.076 5586.31 3211.41 664.328 2471.26 1290.37 2648.81 4179.42 3194.95 1032.19 6057.37 1634 2952.12 691.885 3077.14 989.28 598.487 984.471 1616.62
internal_count=143947 71500 72447 67320 23931 47569 59339 53990 49390 10569 7981 2785 30205 17364 3592 13362 6977 14322 22598 17275 5581 32752 8835 15962 3741 16638 5349 3236 5323 8741
is_linear=0
shrinkage=1


Tree=1
num_leaves=31
num_cat=0
split_feature=90 149 60 34 48 143 143 102 110 110 143 110 101 123 143 110 101 46 34 39 48 149 52 39 39 66 60 102 70 61
split_gain=913.766 344.469 164.023 155.507 154.128 114.506 96.9556 67.3519 61.5701 59.7723 57.5639 56.2257 51.4149 50.1167 45.2491 44.4336 42.7887 40.333 39.5096 35.1807 34.2363 32.993 32.6486 27.4258 27.1709 26.9754 26.1542 25.7897 25.4029 24.7152
threshold=8.5955700874328631 -0.93379878997802723 7.5000000000000009 2.0923959016799931 44.500000000000007 0.98437395691871654 0.55555415153503429 0.60660549998283397 0.62012657523155224 0.29999999701976782 0.77142828702926647 0.74999991059303295 0.45169477164745336 3.8201123476028447 1.3636331558227541 0.49999982118606573 0.58351215720176708 2.682721853256226 3.1927964687347417 2.5000000000000004 22.500000000000004 -0.70089927315711964 81.500000000000014 4.5000000000000009 8.5000000000000018 11.500000000000002 9.5000000000000018 0.15384615212678912 2.610756635665894 3.5000000000000004
decision_type=2 2 2 8 2 2 2 2 2 2 2 2 2 2 2 2 2 10 10 2 2 2 2 2 2 2 2 2 10 2
left_child=2 4 29 16 8 12 11 13 14 17 -6 -5 21 15 -2 19 -4 -7 -12 -8 -21 25 28 -23 27 -3 -11 -22 -9 -1
right_child=1 5 3 6 10 9 7 22 -10 26 18 -13 -14 -15 -16 -17 -18 -19 -20 20 24 23 -24 -25 -26 -27 -28 -29 -30 -31
leaf_value=0.033048508576506742 0.0034500830698958439 -0.011619061837870492 0.031756621359006275 0.015150531834473516 0.029820071016546192 0.0015219798645404383 0.0052181914547588708 0.021422067736860045 -0.016510517243834174 -0.0010523529886710637 0.018509480803207228 -0.0085504607375530232 -0.014321961579565865 0.010394860422799281 -0.013957730563409477 -0.011667438127550809 0.0057157382734153925 -0.015769110509895014 0.00046987215631857519 -0.0091658240256890754 -0.0015137162464024393 0.01206269396018462 0.035126512472872677 -0.0093789759659455713 -0.0057727711129216958 0.012740502170845351 -0.024324353539795267 0.019775231464472423 0.0030600245200026453 0.010877709256949294
leaf_weight=791.96158397197723 1719.7179910391569 137.56574712693691 806.85883301496506 3108.466459646821 433.08758480846882 398.92882737517357 2465.3898409903049 322.28740867972374 791.50977000594139 126.56923308968544 545.1815849095583 265.75764171779156 1425.7751944512129 1231.1749646365643 466.04626548290253 784.4854374974966 201.69147221744061 2113.9664868414402 670.77009342610836 1192.9442417472601 250.35000070929527 163.98115240037441 166.58877079188824 1080.4487158209085 454.59211479127407 502.18134768307209 3099.5973994582891 315.47672943770885 444.06458586454391 164.17799440026283
leaf_count=4216 9282 743 4317 16689 2324 2164 13301 1736 4311 691 2928 1444 7753 6629 2523 4247 1085 11525 3617 6437 1351 888 890 5863 2445 2712 16964 1702 2392 874
internal_value=5.23911e-05 -0.00896109 0.00955836 0.00795611 0.00213504 -0.0146301 0.00621917 0.00308933 -0.00465648 -0.0188993 0.014351 0.0132641 -0.00719313 0.00132504 -0.000308255 -0.000734159 0.0266562 -0.013029 0.00864308 0.00112 -0.00344778 -0.00175155 0.0156009 -0.00647992 0.0032611 0.00740422 -0.0234174 0.0104932 0.0109586 0.0293936
internal_weight=26641.6 13675.3 12966.3 12010.1 4626.31 9049.01 11001.6 7627.35 2977.27 5739.06 1649.04 3374.22 3309.95 6694.41 2185.76 5463.24 1008.55 2512.9 1215.95 4678.75 2213.36 1884.18 932.941 1244.43 1020.42 639.747 3226.17 565.827 766.352 956.14
internal_count=144043 74288 69755 64665 24985 49303 59263 41130 16116 31344 8869 18133 17959 36112 11805 29483 5402 13689 6545 25236 11935 10206 5018 6751 5498 3455 17655 3053 4128 5090
is_linear=0
shrinkage=0.05


Tree=2
num_leaves=31
num_cat=0
split_feature=46 143 101 53 149 60 142 46 143 53 101 39 53 39 39 149 59 60 149 39 58 35 71 58 70 149 110 13 54 66
split_gain=753.81 328.312 171.258 150.77 147.993 118.281 93.7663 88.0558 84.022 69.2926 51.6107 45.1991 42.2715 54.5402 49.5156 41.4619 40.619 39.3377 39.1214 36.0998 34.2943 33.834 31.7225 39.0277 31.456 29.4502 26.9816 26.7145 25.3524 24.8194
threshold=2.6068599224090581 1.0645138621330263 0.70912712812423717 47.500000000000007 -0.98210313916206349 11.500000000000002 0.92595970630645763 2.2148315906524663 0.63302713632583629 91.500000000000014 0.49999982118606573 2.5000000000000004 14.500000000000002 3.5000000000000004 12.500000000000002 -0.87420451641082753 0.69791987538337719 5.5000000000000009 -0.58586728572845448 4.5000000000000009 2.85924243927002 1.6092415452003481 0.73618221282958995 3.2094546556472783 3.0380854606628422 -0.8864111304283141 0.70588234066963207 1.5000000000000002 12.500000000000002 9.5000000000000018
decision_type=10 2 2 2 2 2 2 8 2 2 2 2 2 2 2 2 10 2 2 2 10 8 10 10 10 2 2 2 2 2
left_child=3 2 4 5 9 17 10 29 26 22 25 -6 13 -10 -14 -8 -5 -1 24 -20 -18 -17 -2 -24 -13 28 -9 -27 -3 -7
right_child=1 6 -4 16 11 7 15 8 12 -11 -12 18 14 -15 -16 21 20 -19 19 -21 -22 -23 23 -25 -26 27 -28 -29 -30 -31
leaf_value=0.031403857549241264 -0.0041103962296775457 -0.00067776354060948302 -0.015262559719808041 0.02027213170276582 0.014765591851571528 0.014471680225624513 -0.011559369998694086 0.013198353059174429 0.00039756951917694559 0.028447813115133044 -0.017662063249946 0.010008348940500365 0.01146108685738313 -0.014562966126788385 -0.014817120884277585 -0.0251440375356905 0.051617612792534184 0.014950292477508079 0.0041531274127662703 -0.013343704163712073 0.014963454748575244 -0.014122854421827201 0.022289972302425177 0.0057408607569700322 -0.0031296163294101936 -0.0019651792377420041 -0.0082397792900313245 -0.020668833558694297 0.019695361843054253 0.032698400622018377
leaf_weight=512.96939499676228 410.09357024729252 431.59287187457085 1576.650468096137 547.65771609544754 338.81657657027245 791.46134954690933 1433.7785486727953 2057.5127619802952 2712.1272376179695 531.71641302108765 713.2532055824995 598.19079324603081 1147.1348372995853 775.499476775527 203.23624889552593 2385.3037655800581 265.25719778239727 1346.2618948221207 369.12115578353405 1378.8168000280857 96.712493389844894 1051.3360629975796 534.40373665094376 1061.2416890412569 1806.007562354207 689.56947237253189 151.42353042960167 255.33533845841885 225.77430738508701 252.4465803951025
leaf_count=2693 2206 2331 8613 2916 1822 4216 7808 10983 14637 2830 3912 3227 6191 4205 1099 13180 1399 7179 1991 7505 515 5788 2861 5710 9770 3754 827 1394 1212 1333
internal_value=-4.32465e-05 -0.00701511 -0.000423818 0.0100916 0.00292184 0.00829141 -0.0148965 0.00566401 0.00364226 0.0125492 -0.00657431 -0.00253354 -5.24942e-05 -0.00296114 0.00742626 -0.0188316 0.0294791 0.0196336 -0.00397725 -0.0096462 0.0424898 -0.0218232 0.00821428 0.0113877 0.000167169 -0.00155965 0.0116982 -0.00718286 0.00650971 0.0191479
internal_weight=26650.7 15791 8605.06 10859.7 7028.41 9950.07 7185.94 8090.84 7046.93 2537.46 2315.53 4490.95 4838 3487.63 1350.37 4870.42 909.627 1859.23 4152.14 1747.94 361.97 3436.64 2005.74 1595.65 2404.2 1602.27 2208.94 944.905 657.367 1043.91
internal_count=144107 85914 46535 58193 37922 53363 39379 43491 37942 13607 12603 24315 26132 18842 7290 26776 4830 9872 22493 9496 1914 18968 10777 8571 12997 8691 11810 5148 3543 5549
is_linear=0
shrinkage=0.05


Tree=3
num_leaves=31
num_cat=0
split_feature=90 149 143 101 62 46 62 143 143 101 102 46 64 110 110 101 66 22 110 27 58 71 58 119 102 149 62 63 110 149
split_gain=742.401 295.677 143.095 107.175 105.095 84.9372 76.524 70.1677 68.4802 52.3512 52.2885 48.5974 54.7922 47.0501 41.7349 37.3412 36.7005 34.8686 34.0183 32.4567 36.1665 30.8347 28.4047 34.3635 28.2962 28.2874 28.1377 32.0479 27.8085 30.497
threshold=8.5955700874328631 -0.82587665319442738 1.1081938743591311 0.70912712812423717 17.500000000000004 2.2918195724487309 33.500000000000007 0.98437395691871654 0.65999913215637218 0.58351215720176708 0.58214065432548534 1.9890192747116091 13.500000000000002 0.29999999701976782 0.72924500703811657 0.59999999403953563 12.500000000000002 3.9818564653396611 0.36856806278228765 2.5000000000000004 3.1319067478179936 0.79213926196098339 3.1840064525604252 0.31313708424568182 0.70974066853523265 -1.112131595611572 9.5000000000000018 10.500000000000002 0.74999991059303295 -0.52934783697128285
decision_type=2 2 2 2 2 10 2 2 2 2 2 8 2 2 2 2 2 10 2 2 10 8 10 2 2 2 2 2 2 2
left_child=4 2 3 6 5 8 18 28 -1 -6 14 -10 -13 -4 26 19 24 25 22 -9 21 -21 23 -2 -14 -8 27 -7 29 -3
right_child=1 7 13 -5 9 10 17 15 11 -11 -12 12 16 -15 -16 -17 -18 -19 -20 20 -22 -23 -24 -25 -26 -27 -28 -29 -30 -31
leaf_value=0.016288118305859238 0.011871157685656372 -0.00073154802277582663 -0.00161771489421658 -0.012661308100063143 0.041153243377745119 0.0056186429112785388 0.044314957601630657 -0.0030527674081218086 0.022683196727321688 0.0011731854804676225 0.013292954410362205 0.022683253952171779 0.0020486963017165862 -0.016071751506265813 -0.01477653035383684 -0.026188851950360206 0.027467561774292982 0.0016448286142748091 -0.0016293861432445803 -0.018738565606403062 -0.021956104783888711 -0.0029511503020210805 0.0040298767690077879 0.039416717692702594 0.016712056383598958 0.01888424015496603 0.011249362613699887 -0.0066856209401294211 -0.021928944479718146 -0.012249401285916409
leaf_weight=3127.6984168887138 608.67373032867908 1189.5316611975431 981.39011034369469 644.73836576938629 345.5260253995657 911.22682552039623 224.37789143621922 438.66794474422932 446.18031197786331 107.1580353230238 747.60069131851196 421.3692954480648 4198.976946413517 1318.4956375956535 478.21517351269722 1207.316212952137 151.65912242233753 124.13947680592537 970.41615025699139 610.58736176788807 1915.8764786571264 625.4247684776783 881.8066973388195 134.47125944495201 347.46249404549599 254.84305980801582 536.05264942348003 1234.3970717638731 318.66413897275925 1104.4091869145632
leaf_count=16533 3236 6458 5333 3550 1816 4898 1181 2422 2341 577 3983 2199 22556 7249 2622 6771 802 662 5243 3366 10675 3453 4734 719 1844 1359 2865 6630 1767 6058
internal_value=-1.78129e-05 -0.00821121 -9.76848e-05 0.005801 0.00848938 0.00762303 0.00955014 -0.0149282 0.0103727 0.0319192 0.00149479 0.00702514 0.00561892 -0.00993774 -0.00132967 -0.0185194 0.00404351 0.0254474 0.00577091 -0.0158749 -0.0176442 -0.0108379 0.0101733 0.0173127 0.00320356 0.0314537 0.00111426 -0.00145829 -0.0082878 -0.00630587
internal_weight=26607.4 13553.8 6143.35 3843.47 13053.5 12600.8 3198.73 7410.48 8693.35 452.684 3907.49 5565.65 5119.47 2299.89 3159.89 4797.87 4698.1 603.36 2595.37 3590.56 3151.89 1236.01 1624.95 743.145 4546.44 479.221 2681.68 2145.62 2612.6 2293.94
internal_count=143902 74236 33266 20684 69666 67273 17134 40970 46275 2393 20998 29742 27401 12582 17015 26687 25202 3202 13932 19916 17494 6819 8689 3955 24400 2540 14393 11528 14283 12516
is_linear=0
shrinkage=0.05


Tree=4
num_leaves=31
num_cat=0
split_feature=90 149 53 53 60 58 110 39 53 39 110 47 110 142 58 39 59 41 39 27 46 39 41 149 27 34 70 60 143 36
split_gain=657.826 256.776 146.166 117.105 120.849 84.6283 72.8855 69.662 70.2418 79.9879 68.0043 51.094 49.9202 49.5649 48.2723 47.9004 43.3922 42.8564 49.7528 41.8479 41.0658 37.6716 37.59 37.0096 34.0754 31.8686 30.4047 29.9597 27.2951 27.2939
threshold=9.498601436614992 -0.82587665319442738 43.500000000000007 31.500000000000004 9.5000000000000018 3.157246589660645 0.74999991059303295 8.5000000000000018 12.500000000000002 2.5000000000000004 0.29999999701976782 0.71684658527374279 0.66666650772094738 1.0438231229782107 2.7974874973297124 4.5000000000000009 0.64591187238693248 2.5000000000000004 1.5000000000000002 3.5000000000000004 1.9890192747116091 6.5000000000000009 1.5000000000000002 -0.52934783697128285 6.5000000000000009 2.0923959016799931 3.2974967956542973 5.5000000000000009 0.6031060814857484 6.5000000000000009
decision_type=2 2 2 2 2 10 2 2 2 2 2 10 2 2 8 2 10 2 2 2 8 2 2 2 2 8 10 2 2 2
left_child=3 2 12 4 27 11 7 8 9 17 19 -4 24 -7 16 -10 -5 18 22 -3 -11 -16 28 26 -2 -17 -21 -1 -6 -12
right_child=1 10 5 14 6 13 -8 -9 15 20 29 -13 -14 -15 21 25 -18 -19 -20 23 -22 -23 -24 -25 -26 -27 -28 -29 -30 -31
leaf_value=0.028004135519847463 -0.00079043923197211902 0.0017219505941498696 0.0055245739868416428 0.01652132489260864 0.011901820210002979 0.0090465771358251967 -0.011245366093656853 -0.011931031278358782 0.022979727281017777 0.019501070824822685 -0.007119720328593801 0.031162444518872581 -0.01703628607863469 -0.0079310859559121212 0.03132958360368409 0.028035426024183515 0.040521385672249499 0.016869473072354344 -0.0088833549580231361 0.0021746727135459895 -0.0067416944312446341 0.0090335775357618803 0.024561990504608458 -0.01798018472678943 -0.017033247605159636 0.0047969000175713695 -0.014189511670541053 0.013114831074664789 0.0011233725692855123 -0.020311880811054141
leaf_weight=550.00619807839394 1977.97667491436 711.90117159485817 317.60285218060017 427.47848102450371 952.1823685914278 1061.1402892619371 760.94857586920261 574.9407926350832 834.74822016060352 151.8051656037569 456.68600785732269 512.14987762272358 942.04955431818962 708.57244162261486 217.07217437028885 159.51256561279297 364.2846173197031 891.70805916190147 562.95072315633297 606.91383990645409 1938.7052228152752 1257.6662945896387 274.47181624174118 1246.5693010240793 376.14723227918148 1196.2578144222498 519.52372923493385 949.12968277931213 1513.9188596755266 3534.4851139336824
leaf_count=2824 10747 3919 1685 2247 5006 5663 4165 3077 4432 791 2547 2699 5242 3856 1148 834 1873 4751 3002 3334 10428 6664 1462 6952 2058 6397 2881 4981 8130 19832
internal_value=-4.97833e-05 -0.00809876 -0.000388727 0.00764022 0.00555182 0.0084586 0.00352188 0.00477443 0.00592027 0.00322285 -0.014513 0.0215317 -0.00737049 0.00224255 0.0179925 0.0136108 0.0279313 0.00719876 0.00454535 -0.00889279 -0.00475227 0.0125043 0.00732605 -0.0120711 -0.00344682 0.00771627 -0.00543109 0.0187268 0.00531628 -0.0188239
internal_weight=26549.5 12971.7 5895.64 13577.8 11311.3 2599.47 9812.15 9051.2 8476.26 6285.74 7076.08 829.753 3296.17 1769.71 2266.5 2190.52 791.763 4195.23 3303.52 3084.91 2090.51 1474.74 2740.57 2373.01 2354.12 1355.77 1126.44 1499.14 2466.1 3991.17
internal_count=143627 71415 31950 72212 60280 13903 52475 48310 45233 33570 39465 4384 18047 9519 11932 11663 4120 22351 17600 17086 11219 7812 14598 13167 12805 7231 6215 7805 13136 22379
is_linear=0
shrinkage=0.05


Tree=5
num_leaves=31
num_cat=0
split_feature=90 149 48 101 53 46 149 63 62 61 101 39 70 144 62 64 47 24 101 142 53 34 34 101 25 53 39 53 39 39
split_gain=610.577 265.155 123.581 100.142 98.706 84.8259 60.1498 64.6522 59.9737 69.3718 51.9068 72.0761 48.2808 48.0184 43.2348 37.4554 37.3654 34.7239 42.1342 33.0285 31.484 30.7821 30.3701 28.3268 27.8197 27.5339 27.5287 33.7197 28.7325 25.6671
threshold=9.0623311996459979 -0.98210313916206349 46.500000000000007 0.49999982118606573 69.500000000000014 2.2148315906524663 -0.55757078528404225 6.5000000000000009 6.5000000000000009 1.5000000000000002 0.77777776122093212 1.5000000000000002 3.0380854606628422 -1.1383410096168516 9.5000000000000018 13.500000000000002 0.79880934953689586 4.5000000000000009 0.77777776122093212 0.96419876813888561 9.5000000000000018 2.7001664638519292 2.6636469364166264 0.70912712812423717 3.5000000000000004 9.5000000000000018 8.5000000000000018 7.5000000000000009 4.5000000000000009 15.500000000000002
decision_type=2 2 2 2 2 10 2 2 2 2 2 2 10 2 2 2 10 2 2 2 2 10 8 2 2 2 2 2 2 2
left_child=4 2 23 6 5 8 12 -8 9 15 11 -7 16 -14 26 -1 -3 -5 -19 -4 -17 -18 -6 -2 -15 -10 27 -13 -29 -16
right_child=1 3 19 17 22 10 7 -9 25 -11 -12 14 13 24 29 20 21 18 -20 -21 -22 -23 -24 -25 -26 -27 -28 28 -30 -31
leaf_value=0.026043087330476406 -0.000424736116124918 -0.0026736510084206314 0.022745761546076777 -0.0091798295286497113 0.037668859566275789 0.043168073917205896 0.0076643959061860585 -0.016974836631850582 0.0078323226994375418 0.0041835705681685471 -0.012282036906386132 -0.0081716803661892653 0.00067063490592762158 -0.0091908385668681893 0.014498369286503852 0.0083177313412041726 0.03746989787061359 -0.017254608412019468 -0.030850187890140952 0.0062520602501678988 0.021479923337930518 0.007480577583601395 0.016175619651443079 -0.013621019850798758 -0.025161554572390304 0.031255251217500619 -0.011713041841840847 0.013485813038745556 -0.00069187011498460628 -0.012031318379934557
leaf_weight=516.00857350230217 2089.4104532152414 587.54735587537289 741.67537076771259 730.35998250544071 292.19406943023205 98.109662845730782 296.10017739236355 2243.3154663294554 188.61353714764118 4681.9898511618376 651.59909780323505 666.13258655369282 982.18598547577858 980.61679467558861 757.70089073479176 2062.1484234780073 117.11252288520336 1871.0058961361647 860.51464387774467 525.93917736411095 584.00883810222149 283.35868157446384 423.55724082887173 495.14741888642311 380.50836908817291 421.61904394626617 515.85879527032375 611.26939438283443 839.08426623046398 95.819551795721054
leaf_count=2631 11279 3200 3884 4102 1491 517 1629 12607 996 24798 3575 3577 5370 5449 4013 10929 629 10562 4907 2812 3077 1545 2208 2771 2118 2177 2767 3259 4502 499
internal_value=-0.000111687 -0.00774858 0.00328205 -0.0123003 0.00739953 0.00636802 -0.00829977 -0.0140831 0.00925867 0.00806236 0.000589952 0.00295786 -0.00386231 -0.00776141 0.0017059 0.0137741 0.00537039 -0.019041 -0.0216345 0.0160049 0.0112926 0.0169498 0.025348 -0.00299562 -0.0138065 0.0242586 -0.00147357 0.00106548 0.00533492 0.0114152
internal_weight=26590.5 13184.8 3852.17 9332.63 13405.7 12690 5870.75 2539.42 8454.39 7844.16 4235.57 3583.98 3331.33 2343.31 3485.87 3162.17 988.019 3461.88 2731.52 1267.61 2646.16 400.471 715.751 2584.56 1361.13 610.233 2632.35 2116.49 1450.35 853.52
internal_count=143880 72864 20746 52118 71016 67317 32547 14236 44608 41435 22709 19134 18311 12937 18617 16637 5374 19571 15469 6696 14006 2174 3699 14050 7567 3173 14105 11338 7761 4512
is_linear=0
shrinkage=0.05


Tree=6
num_leaves=31
num_cat=0
split_feature=34 149 62 60 143 143 62 58 110 143 101 22 110 110 101 110 27 58 39 139 63 123 102 58 147 36 141 143 149 139
split_gain=539.091 250.296 111.895 100.721 97.9306 84.1354 78.4533 60.5326 63.4717 62.4369 49.1561 44.2003 41.5617 39.7536 38.4791 37.1169 36.8325 44.851 31.0307 28.8499 27.6251 28.5244 27.5773 25.3223 24.8184 24.0146 23.7736 22.8998 22.6247 22.0976
threshold=2.3579032421112065 -0.95477125048637379 13.500000000000002 9.5000000000000018 1.3636331558227541 0.98437395691871654 28.500000000000004 2.2816020250320439 0.49999982118606573 0.63302713632583629 0.59999999403953563 3.9818564653396611 0.62012657523155224 0.62012657523155224 0.291772410273552 0.66666665673255932 2.5000000000000004 3.1319067478179936 2.5000000000000004 0.9499989151954652 1.5000000000000002 2.7224972248077397 0.74999997019767772 3.157246589660645 1.2295054793357851 6.5000000000000009 -0.48367294669151301 0.74999740719795238 -0.73316851258277882 0.85713979601860057
decision_type=10 2 2 2 2 2 2 8 2 2 2 10 2 2 2 2 2 10 2 2 2 2 2 10 2 2 2 2 2 2
left_child=2 4 3 20 6 15 13 -5 9 24 16 14 23 18 -8 19 -7 22 -2 27 -1 -22 28 -4 -9 -12 -20 -3 -18 -11
right_child=1 5 12 7 -6 10 11 8 -10 29 25 -13 -14 -15 -16 -17 17 -19 26 -21 21 -23 -24 -25 -26 -27 -28 -29 -30 -31
leaf_value=0.026083677722495636 0.031306710531453431 -0.0011103582506037846 0.036574016923517291 0.015082518934096789 -0.01337783408056289 9.1046165485103264e-05 0.036715983911504574 0.012914356601707339 -0.0071594401673452856 -0.0045275557656864205 -0.0074469430239518424 -0.0032050661232644151 0.001101778615482182 -0.010284988286372903 0.01420758101158608 -0.017100896414891532 0.00053584766756080307 -0.018824226667403812 0.0097127952338063248 0.0072057221857254779 0.007097868891663809 0.028103435595760642 0.008608202807852133 0.013758961847907997 0.0014936760976175494 -0.026348702252741329 -0.0013180245212248913 -0.011377696455366623 -0.014630336660832417 0.0031874998451015173
leaf_weight=632.23040674626827 93.693897679448128 1253.7132341861725 475.79781968891621 1172.9552339762449 774.68707995116711 492.10644376277924 300.59437388181686 2320.3313900232315 1297.6237438768148 1171.4963807761669 206.4754840284586 204.76181873679161 147.60106864571571 558.28034125268459 549.75264722108841 556.88183961808681 340.40636989474297 2272.457479223609 819.32882000505924 542.72196942567825 686.96934562921524 206.10097162425518 218.52800725400448 185.12238243222237 601.26678788661957 1197.8143313080072 1183.3902543336153 951.37450306117535 869.38855530321598 4326.5906144082546
leaf_count=3218 507 6887 2435 6134 4265 2741 1546 12119 7057 6261 1176 1096 800 3126 2910 3170 1876 12954 4348 2977 3542 1065 1209 962 3162 6952 6337 5233 4883 23088
internal_value=0.000123738 -0.00694706 0.00728114 0.00609496 0.00268206 -0.0117955 0.00606267 0.00440003 0.00309639 0.00468361 -0.0155278 0.017527 0.025199 0.00145748 0.0224985 -0.00544631 -0.0127604 -0.014465 0.00461851 -0.0030309 0.0180889 0.012203 -0.00744671 0.0304839 0.0105771 -0.0236418 0.00322061 -0.00557152 -0.0103935 0.00153839
internal_weight=26610.4 13386.4 13224.1 12415.6 4484.49 8901.87 3709.8 10890.3 9717.31 8419.69 5597.18 1055.11 808.521 2654.69 850.347 3304.69 4192.89 3700.78 2096.41 2747.81 1525.3 893.07 1428.32 660.92 2921.6 1404.29 2002.72 2205.09 1209.79 5498.09
internal_count=144036 74193 69843 65646 24135 50058 19870 57821 51687 44630 31791 5552 4197 14318 4456 18267 23663 20922 11192 15097 7825 4607 7968 3397 15281 8128 10685 12120 6759 29349
is_linear=0
shrinkage=0.05


Tree=7
num_leaves=31
num_cat=0
split_feature=90 143 149 29 60 48 33 101 143 110 149 39 110 149 33 61 110 101 90 66 139 143 48 110 138 63 123 63 54 41
split_gain=490.986 215.652 123.065 81.7857 85.7964 66.9196 66.0926 60.7688 59.5426 46.8609 43.7862 38.3781 38.1134 37.6474 35.8922 35.2904 34.1613 29.2006 27.6103 27.4321 26.5987 51.8924 26.3661 22.036 21.6176 21.4044 26.6716 20.9186 20.287 20.1959
threshold=8.5955700874328631 1.0874990820884707 -0.95477125048637379 19.500000000000004 9.5000000000000018 50.500000000000007 6.9966437816619882 0.59999999403953563 0.52631518244743358 0.66666665673255932 -0.87420451641082753 6.5000000000000009 0.14285714179277423 -0.50736540555953968 50.141548156738288 1.5000000000000002 0.46153844892978674 0.83333328366279613 13.00568723678589 16.500000000000004 0.81818014383316051 0.91935443878173839 27.500000000000004 0.29999999701976782 0.77104446291923534 1.5000000000000002 2.7224972248077397 6.5000000000000009 15.500000000000002 10.500000000000002
decision_type=2 2 2 2 2 2 8 2 2 2 2 2 2 2 8 2 2 2 2 2 2 2 2 2 2 2 2 2 2 2
left_child=3 2 5 4 25 16 -6 10 12 13 23 29 22 24 19 -10 -2 20 28 -5 -17 -22 -8 -3 -4 -1 -27 -15 -13 -12
right_child=1 7 9 14 6 -7 8 -9 15 -11 11 18 -14 27 -16 17 -18 -19 -20 -21 21 -23 -24 -25 -26 26 -28 -29 -30 -31
leaf_value=0.023895864769970465 0.0078675544533182689 0.0014288221100147438 0.0060743267651412539 0.017081343662217963 0.019082679857923703 0.01951171914966944 0.011815548050430232 -0.021911657513208602 0.0060357813681929662 -0.017991904838927798 -0.0095132033350978206 -0.011225512885644074 0.0030704048539922551 0.0047137409041688302 0.011642009333831086 -0.0071428963912212821 -0.00530691123392041 -0.01841517915591398 -0.019784830784552447 0.044894737091091125 0.011915329963675073 -0.0020230315301309545 0.031331767089186287 -0.010241840598278783 -0.0038540011571145966 0.0066582608812253072 0.026792109988873082 -0.014009551811884277 0.014320740291773926 0.0071503034181667514
leaf_weight=639.27256260812283 1202.4686964005232 902.47806364297867 884.10154412686825 179.36488860845566 696.18546287715435 805.66426566243172 1426.0132542401552 1553.7042756229639 2187.434117347002 681.88468091189861 661.717827886343 334.06229914724827 1408.5725086480379 171.39003054797649 425.86718152463436 1187.0537968426943 819.16050913929939 234.74147549271584 1916.7315568625927 212.55365274846554 881.54875077307224 2652.0502856224775 193.72797201573849 719.86315363645554 1407.4885927140713 680.52773259580135 211.6938883215189 955.07970042526722 91.160167470574379 241.02428191900253
leaf_count=3216 6366 4892 4836 915 3594 4163 7388 9039 11660 3933 3736 1866 7435 937 2216 6321 4508 1296 11031 1064 4667 14184 1004 3977 7743 3497 1080 5396 510 1372
internal_value=4.97804e-05 -0.00671174 -0.000589813 0.00687842 0.00585694 0.00742041 0.00428648 -0.0133054 0.00325598 -0.00611823 -0.0105187 -0.0138658 0.00911888 -0.00370392 0.0221077 0.000761032 0.00252944 -0.00157484 -0.017234 0.0329074 -0.000700272 0.00147807 0.0143277 -0.00378069 -1.38764e-05 0.0169007 0.0116793 -0.0111444 -0.00554564 -0.0050346
internal_weight=26564.6 13348 6927.24 13216.6 12398.8 2827.29 10867.3 6420.74 10171.1 4099.94 4867.04 3244.7 3028.31 3418.06 817.786 7142.83 2021.63 4955.39 2341.95 391.919 4720.65 3533.6 1619.74 1622.34 2291.59 1531.49 892.222 1126.47 425.222 902.742
internal_count=143842 74305 37882 69537 65342 15037 57549 36423 53955 22845 27384 18515 15827 18912 4195 38128 10874 26468 13407 1979 25172 18851 8392 8869 12579 7793 4577 6333 2376 5108
is_linear=0
shrinkage=0.05


Tree=8
num_leaves=31
num_cat=0
split_feature=90 143 92 34 143 62 58 29 63 66 117 53 54 147 99 143 139 143 51 144 139 139 47 12 51 53 25 47 62 139
split_gain=466.673 165.084 116.745 86.416 61.3622 54.488 54.8042 48.3583 48.416 38.4421 37.1768 35.1136 34.5921 33.6412 33.1527 32.8633 31.142 44.0757 30.3177 29.3721 28.0365 27.9315 25.3356 24.7659 23.97 23.8886 23.8149 23.3439 22.9034 21.3515
threshold=9.498601436614992 1.3636331558227541 0.49999982118606573 2.0923959016799931 1.0188674330711367 19.500000000000004 3.1319067478179936 20.500000000000004 2.5000000000000004 34.500000000000007 10.133697032928469 9.5000000000000018 10.500000000000002 1.3018834590911867 7.525944948196412 0.91935443878173839 1.2467525005340578 0.79460600018501293 5.5000000000000009 -1.0892340540885923 1.0434771180152895 0.99999889731407177 0.98112350702285778 1.5000000000000002 7.5000000000000009 6.5000000000000009 1.0000000180025095e-35 1.0989516377449038 46.500000000000007 0.87499949336051952
decision_type=2 2 2 8 2 2 10 2 2 2 2 2 2 2 2 2 2 2 2 2 2 2 8 2 2 2 2 8 2 2
left_child=3 2 5 -1 7 16 22 8 23 27 26 18 -12 14 -13 28 17 29 25 -11 -17 -19 -7 -5 -15 -10 -6 -4 -8 -2
right_child=1 -3 9 4 10 6 15 -9 11 19 12 13 -14 24 -16 20 -18 21 -20 -21 -22 -23 -24 -25 -26 -27 -28 -29 -30 -31
leaf_value=0.020099170233143709 0.00043834911711115946 -0.015916796829352067 -0.016683805526271508 0.019487211446262916 0.0099854535403128691 0.013803571572378454 0.0060045808557359923 0.028756607831800226 0.001073362167047918 0.0057046305351660274 -0.0050921798224903454 0.018009665563555263 0.016101152674925755 0.0119177133776529 0.0064474706812523326 -0.017640037682921446 0.0089964800997870409 -0.01403257561253031 -0.013472859258344246 -0.011215194230985239 0.0032747913322909751 -0.0021312761906133668 0.036947637244547263 0.0023528313468181741 -0.0072923002467397543 0.012785400975711606 -0.00024900586045606865 -0.0067606811395020203 0.031743616707713841 0.017691734544803921
leaf_weight=1080.060511931777 1004.9539535343647 3506.7446188181639 1725.7830822318792 1049.6327330321074 1286.7699426859617 448.157610014081 492.05968347191811 265.1676681637764 2280.8147680610418 569.07155793905258 2272.0859637111425 1166.8854452520609 200.57064384222031 240.08223210275173 1347.9039514064789 266.01764357089996 532.01177081465721 1061.7101492583752 287.4145812690258 450.82038976252079 375.92041093111038 920.72375901043415 163.72476904094219 267.01677614450455 453.15535907447338 528.7563509196043 1011.1368490755558 931.52627009153366 96.89009852707386 208.40560261905193
leaf_count=5495 5480 20188 9824 5364 6753 2356 2604 1346 12042 3127 12171 6042 1055 1265 7088 1463 2948 5914 1536 2537 2062 5137 853 1411 2410 2784 5365 5269 497 1123
internal_value=0.000189571 -0.00669487 -0.00318451 0.00658164 0.00541323 0.00138124 0.00839042 0.00811811 0.00736333 -0.0100861 0.000933824 0.00552546 -0.00331514 0.00918367 0.0118625 0.00225853 -0.00209679 -0.00396582 0.00171873 -0.00181068 -0.0055299 -0.00854356 0.0204909 0.0160563 -0.000564617 0.00331508 0.00550047 -0.0132436 0.0106983 0.00352217
internal_weight=26492 12754.5 9247.78 13737.5 12657.4 5570.58 1842.77 7886.83 7621.66 3677.2 4770.56 6305.01 2472.66 3208.03 2514.79 1230.89 3727.81 3195.79 3096.99 1019.89 641.938 1982.43 611.882 1316.65 693.238 2809.57 2297.91 2657.31 588.95 1213.36
internal_count=143509 71382 51194 72127 66632 30437 9835 41288 39942 20757 25344 33167 13226 16805 13130 6626 20602 17654 16362 5664 3525 11051 3209 6775 3675 14826 12118 15093 3101 6603
is_linear=0
shrinkage=0.05


Tree=9
num_leaves=31
num_cat=0
split_feature=90 149 53 60 48 143 39 110 34 37 62 34 39 53 60 53 39 35 34 110 25 110 93 140 70 149 52 149 149 63
split_gain=430.036 187.559 90.3498 98.5227 73.4662 62.8961 55.9339 58.9555 50.7861 41.9368 40.1699 39.3831 39.2053 48.2278 33.6162 32.9884 48.2425 32.684 36.4762 32.5706 32.9589 29.7545 29.127 26.5815 24.1495 29.8121 22.1126 21.8994 21.8372 31.5112
threshold=9.9488487243652362 -0.91372004151344288 31.500000000000004 13.500000000000002 36.500000000000007 0.98437395691871654 9.5000000000000018 0.74999991059303295 2.0923959016799931 1.0000000180025095e-35 19.500000000000004 3.2924290895462041 12.500000000000002 69.500000000000014 5.5000000000000009 17.500000000000004 4.5000000000000009 0.71156117320060741 2.8721147775650029 0.49999982118606573 1.0000000180025095e-35 0.79999998211860668 0.83875373005867015 -0.6754431128501891 3.0380854606628422 -0.64094561338424672 13.500000000000002 -1.6563931703567503 -0.52934783697128285 5.5000000000000009
decision_type=2 2 2 2 2 2 2 2 8 2 2 10 2 2 2 2 2 10 10 2 2 2 2 2 10 2 2 2 2 2
left_child=2 4 3 14 19 21 7 8 -5 27 12 17 -4 -14 -1 16 -11 -6 -19 20 -2 28 24 -13 25 -7 -16 -10 -3 -30
right_child=1 5 10 6 11 22 -8 -9 9 15 -12 23 13 -15 26 -17 -18 18 -20 -21 -22 -23 -24 -25 -26 -27 -28 -29 29 -31
leaf_value=0.023258253645219069 0.0087408746187227753 -2.4950362826761481e-05 0.018419572378980082 0.019031814782068446 0.0052632529815187269 0.00064081777488883941 -0.016473035753237757 -0.011451191111162511 0.021679151634017416 0.00050215950818440966 0.029026628740044108 0.010558406242505765 -0.0061886402178187045 0.015904267417351289 0.0055154662842061934 0.0083753917138905867 -0.013901392878572642 0.038005792713888292 0.012007127652190789 -0.011813817132464984 -0.0065318662758694704 -0.021995396074265469 -0.0030484312470800395 -0.0044334661125470087 -0.018563829487689677 -0.015776867576591955 0.01585916131451293 0.0059978565605725322 0.014252387608597742 -0.01249838206454025
leaf_weight=577.03676407039165 598.41237437725067 1518.2582475841045 1078.2791423946619 505.17865274846554 578.10569271445274 422.07949496805668 391.35942505300045 674.5235338062048 234.34392653405666 2730.7679020613432 411.27333703637123 457.81077744066715 501.85315690934658 468.98588740825653 1316.3671087473631 850.40762014687061 728.35236839950085 216.35859380662441 370.9712657481432 1012.478418931365 832.28020361065865 239.10799868404865 470.24580149352551 793.90129022300243 3116.3248077332973 787.58431412279606 859.939592435956 2798.7697769850492 116.35902342200279 924.56457003951073
leaf_count=2840 3240 8355 5576 2562 3048 2409 2098 3732 1217 14507 2068 2407 2616 2374 6801 4488 3922 1120 1944 5731 4519 1405 2707 4293 18307 4575 4486 14734 640 5267
internal_value=0.000206345 -0.00656399 0.00617554 0.00433177 0.00110567 -0.0114674 0.00177244 0.00262863 0.00385183 0.00278297 0.0148657 0.00727106 0.0118963 0.00453718 0.012581 -0.000389296 -0.00256198 0.0138439 0.0220604 -0.00499883 -0.000127442 -0.00548269 -0.0149404 0.00109 -0.0162231 -0.0100901 0.00965649 0.00727668 -0.00386028 -0.0094009
internal_weight=26582.3 12454.8 14127.4 11667 4860.32 7594.52 8913.7 8522.34 7847.82 7342.64 2460.39 2417.15 2049.12 970.839 2753.34 4309.53 3459.12 1165.44 587.33 2443.17 1430.69 2798.29 4796.23 1251.71 4325.99 1209.66 2176.31 3033.11 2559.18 1040.92
internal_count=143988 69967 74021 61387 26302 43665 47260 45162 41430 38868 12634 12812 10566 4990 14127 22917 18429 6112 3064 13490 7759 15667 27998 6700 25291 6984 11287 15951 14262 5907
is_linear=0
shrinkage=0.05


Tree=10
num_leaves=31
num_cat=0
split_feature=90 149 110 70 62 60 144 66 99 62 62 71 110 110 110 63 71 149 41 59 13 147 108 57 110 70 108 37 108 41
split_gain=419.79 164.59 122.979 78.8456 71.6805 78.7132 70.8793 61.2028 54.8594 49.8719 45.8302 43.1068 41.4403 36.369 32.226 32.6998 29.1352 29.0031 29.8101 28.7829 28.4791 26.2641 25.0032 21.7792 19.7174 19.3829 19.2474 18.9748 18.7027 18.6662
threshold=8.5955700874328631 -0.55757078528404225 0.72924500703811657 2.9888710975646977 13.500000000000002 7.5000000000000009 -1.0434302091598509 30.500000000000004 8.1836829185485858 6.5000000000000009 2.5000000000000004 0.98486495018005382 0.48496153950691229 0.74999991059303295 0.62012657523155224 6.5000000000000009 0.84450480341911327 -1.035667300224304 26.500000000000004 0.66382938623428356 1.0000000180025095e-35 0.78260409832000744 13.3321590423584 8.1807923316955584 0.31597033143043524 3.0866327285766606 7.4173300266265878 1.0000000180025095e-35 18.491323471069339 2.5000000000000004
decision_type=2 2 2 10 2 2 2 2 2 2 2 10 2 2 2 2 10 2 2 10 2 2 2 8 2 10 2 2 2 2
left_child=4 2 3 7 5 27 11 19 9 21 -3 -5 25 -10 15 -12 -9 18 -13 22 24 29 -2 -23 -8 -6 -11 -1 -24 -7
right_child=1 10 -4 6 12 8 20 16 13 26 14 17 -14 -15 -16 -17 -18 -19 -20 -21 -22 23 28 -25 -26 -27 -28 -29 -30 -31
leaf_value=0.024334751065479887 0.0059267608320002956 -0.0049970476482811676 -0.017105238464440828 -0.0037109951795466344 0.036250545811190631 0.006215708230956029 0.0027255017958389138 0.011506148765233455 0.00087952243384053293 0.033104818447781646 0.011335464516813311 0.0038452747784518231 0.0039592857545100515 -0.015617949378993105 -0.027703888026176543 -0.016156306211994063 0.038552208901570094 0.0020048432197782946 0.024507574432622418 0.010327463166909651 -0.013448553967978984 0.013580956044331394 -0.020652594938018316 0.0020128155048922416 -0.0088625802818367919 0.016503613802444483 0.013691690760253679 0.010145430167053302 0.004020618534754594 0.014866596416060571
leaf_weight=609.64999307692051 339.07744331657887 946.59615057706833 1228.7726065218449 1563.611372500658 321.24062298238277 1781.1069649904966 670.39368887245655 208.31243671476841 3172.0823982357979 192.23656259477139 106.83545315265656 317.45827758312225 261.2995377779007 363.2889349758625 636.6413689404726 2242.3666894137859 204.77350853383541 927.47129023075104 389.98161365091801 790.28801034390926 1464.0869185775518 441.52841486036777 234.14996045827866 4180.3885859847069 791.62254191935062 245.42923349142075 427.26068386435509 417.16599154472351 107.87628376483917 974.04486434161663
leaf_count=2991 1852 5419 7187 8468 1570 9295 3709 1096 16793 980 607 1709 1369 2045 3824 13100 1061 5125 2000 4301 8256 2267 1290 21972 4508 1233 2182 2072 597 5042
internal_value=0.000238063 -0.00609736 -0.00244434 -0.000176507 0.00647097 0.00552103 -0.00292973 0.00873981 0.00433026 0.00662093 -0.0146509 0.00221334 0.0206419 -0.000855001 -0.0176845 -0.0148633 0.0255077 0.00786743 0.0154184 0.00389191 -0.00854002 0.00545941 -0.00361667 0.00314485 -0.00356656 0.0281325 0.020146 0.0187235 -0.0129774 0.00931681
internal_weight=26557 13170.3 9237.88 8009.1 13386.7 12558.8 6124.63 1884.48 11531.9 7996.57 3932.44 3198.52 827.969 3535.37 2985.84 2349.2 413.086 1634.91 707.44 1471.39 2926.1 7377.07 681.104 4621.92 1462.02 566.67 619.497 1026.82 342.026 2755.15
internal_count=143920 74109 51159 43972 69811 65639 33775 10197 60576 41738 22950 17302 4172 18838 17531 13707 2157 8834 3709 8040 16473 38576 3739 24239 8217 2803 3162 5063 1887 14337
is_linear=0
shrinkage=0.05


Tree=11
num_leaves=31
num_cat=0
split_feature=90 143 101 60 65 39 62 101 70 139 143 92 66 41 39 41 39 36 99 39 41 41 41 34 101 145 39 41 41 39
split_gain=343.519 148.279 83.2347 74.3427 91.364 62.0423 61.0807 57.9586 53.1367 43.6133 43.7727 43.3322 43.2841 40.7669 70.5078 41.3138 41.5591 32.6713 30.3397 30.0928 40.9822 30.9813 29.8172 28.6016 28.3827 30.1389 27.4053 25.4448 24.776 24.687
threshold=10.390116214752199 1.0874990820884707 0.733333319425583 7.5000000000000009 38.500000000000007 5.5000000000000009 28.500000000000004 0.733333319425583 3.2035042047500615 1.0434771180152895 0.79460600018501293 0.20588234812021258 27.500000000000004 6.5000000000000009 2.5000000000000004 2.5000000000000004 1.5000000000000002 6.5000000000000009 6.8099732398986825 9.5000000000000018 30.500000000000004 19.500000000000004 10.500000000000002 2.7369703054428105 0.74999991059303295 -1.027061879634857 8.5000000000000018 1.5000000000000002 4.5000000000000009 12.500000000000002
decision_type=2 2 2 2 2 2 2 2 10 2 2 2 2 2 2 2 2 2 2 2 2 2 2 10 2 2 2 2 2 2
left_child=3 2 6 -1 5 7 9 13 12 10 -2 -3 19 14 15 16 27 -13 -9 21 -21 -6 -7 -8 25 -19 -24 -5 -16 -27
right_child=1 11 -4 4 8 22 23 18 -10 -11 -12 17 -14 -15 28 -17 -18 24 -20 20 -22 -23 26 -25 -26 29 -28 -29 -30 -31
leaf_value=0.018149414183048562 0.0014863848541540419 -0.0048026276135915737 -0.013940485099472821 0.0043429942070710359 0.01279037588428384 -0.019677232033849731 0.035856218480776955 0.012344601140978323 0.002822452514026469 0.0092652647025593393 -0.0098235600457558612 -0.00024119927792695998 0.030457859616418909 0.012955249900590854 -0.013654983935779097 0.015405659044547737 -0.0086297830745047498 0.0019150060934458324 -0.013349722810015808 -0.0056401675132919183 0.013534552605953468 0.032258573311653403 0.0036225081810397769 0.0096201226034156942 -0.025293966830261923 -0.011715832490196344 -0.015097581645840481 0.019305363737666434 -0.00037099533949776589 -0.021533492518985835
leaf_weight=1052.6030662059784 2025.9225653707981 1629.4716501533985 990.37243089079857 2870.428511634469 768.90509937703609 404.68002717196941 110.4683153629303 129.08310195803642 1406.4333262741566 853.56238129734993 1468.028612986207 369.13535475730896 376.02233192324638 1230.7898155003786 673.0718716531992 916.57157509028912 578.09293256700039 277.201630666852 694.86409506201744 429.68087543547153 759.79444244503975 283.35605964064598 530.24755129218102 890.40972983837128 660.05068503320217 1846.8630577027798 297.08724947273731 307.11505547165871 723.21273185312748 1024.7204786688089
leaf_count=5152 11072 9253 5786 15012 3962 2171 557 671 7311 4673 8201 2148 1875 6469 3573 4764 3058 1575 3879 2245 3860 1451 2815 4666 4020 10846 1610 1587 3842 5981
internal_value=0.00020026 -0.00599328 -0.000701915 0.00541337 0.00439858 0.00168438 0.00177094 0.00327221 0.0106886 -0.000801421 -0.00328011 -0.0117576 0.014888 0.00469354 0.00299938 0.005944 0.00360008 -0.0144522 -0.00922458 0.0121527 0.00661869 0.0182872 -0.00872693 0.0128419 -0.0158253 -0.0137666 -0.0031997 0.00584516 -0.00682604 -0.0152818
internal_weight=26578.2 12146.2 6338.76 14432 13379.4 9355.24 5348.39 8123.23 4024.19 4347.51 3493.95 5807.44 2617.76 7299.28 6068.49 4672.21 3755.64 4177.97 823.947 2241.74 1189.48 1052.26 1232.01 1000.88 3808.84 3148.79 827.335 3177.54 1396.28 2871.58
internal_count=144085 68778 34955 75307 70155 49451 29169 42855 20704 23946 19273 33823 13393 38305 31836 24421 19657 24570 4550 11518 6105 5413 6596 5223 22422 18402 4425 16599 7415 16827
is_linear=0
shrinkage=0.05


Tree=12
num_leaves=31
num_cat=0
split_feature=34 145 62 46 62 110 101 39 101 61 149 62 39 112 101 149 41 71 117 47 39 70 41 59 140 33 93 39 64 58
split_gain=306.529 151.228 91.8394 93.8492 62.9333 57.9688 51.8367 47.4392 48.5581 46.9712 39.5479 34.894 44.6253 37.2382 33.2889 32.9093 31.8518 31.7502 33.4208 29.0249 27.8463 27.2726 25.8651 23.694 22.5706 22.3809 21.9339 21.2102 19.7793 19.7319
threshold=2.7720370292663579 -0.87365385890007008 21.500000000000004 2.2918195724487309 7.5000000000000009 0.49999982118606573 0.70912712812423717 7.5000000000000009 0.49999982118606573 1.0000000180025095e-35 -0.58586728572845448 8.5000000000000018 5.5000000000000009 0.11378020420670511 0.56249997019767772 -0.77194765210151661 7.5000000000000009 0.945165514945984 27.441433906555179 0.74988964200019848 1.5000000000000002 3.4213051795959477 13.500000000000002 0.69791987538337719 -0.74556285142898548 6.9966437816619882 0.28571428358554846 8.5000000000000018 9.5000000000000018 2.943946480751038
decision_type=10 2 2 10 2 2 2 2 2 2 2 2 2 2 2 2 2 10 2 8 2 10 2 8 2 8 2 2 2 10
left_child=2 6 3 4 9 11 10 8 -3 28 17 12 16 -13 23 -9 20 18 -2 -15 -5 -19 -14 -4 -23 -11 -10 -24 -1 -6
right_child=1 7 14 5 29 -7 -8 15 26 25 -12 13 22 19 -16 -17 -18 21 -20 -21 -22 24 27 -25 -26 -27 -28 -29 -30 -31
leaf_value=0.026539155070139538 0.0048277040836920962 -0.00012297426595016955 0.0068819538564851472 0.020244450179580875 0.026038085806318407 -0.0091175879467413658 -0.011656672574763802 -0.0096360454546275259 -0.017648545364495158 0.016097540755759403 -0.0097065112537198916 0.020503942697791364 -0.018661485275913062 -0.0062251192349306733 0.0015554288820401382 -0.01962000559134092 0.015655610133284117 0.018759105123494869 -0.012556162687879563 0.010221676991844703 -0.0037067942914917294 0.011748866895076027 0.0072582963618687997 0.0321731497060017 -0.0032777206712427346 0.0029056561924073574 -0.0055306806017788035 -0.0081895616414867506 0.010558354689427183 0.0045493330418131936
leaf_weight=217.17590327560902 974.17680704593658 1446.687517568469 123.59264749288559 131.30116149783134 513.10903741419315 1696.8018515557051 673.88316515088081 1481.1838358789682 934.64381429553032 329.48807096481323 483.20794972777367 413.69361753761768 383.26180975139141 472.86490148305893 166.33331705629826 1961.3836406171322 446.47634044289589 593.89851707220078 374.49519349634647 595.18026468157768 849.70147070288658 563.72389963269234 309.31653107702732 455.42353661358356 436.51442870497704 6337.3077194392681 638.45206639170647 726.30294878780842 1645.2339486181736 140.28874345123768
leaf_count=1034 5229 8189 625 691 2575 9509 3952 8279 5586 1636 2820 2159 2104 2506 908 11683 2359 3164 2047 3127 4554 3015 1654 2265 2381 32925 3756 3936 8442 713
internal_value=9.26621e-06 -0.00659412 0.00438271 0.00353492 0.00671389 -0.00131326 0.00091731 -0.0113536 -0.0067454 0.00555246 0.00341729 0.00176034 -0.00148122 0.00795545 0.0214044 -0.0153647 0.00474459 0.00559778 -5.62828e-05 0.00294984 -0.000329134 0.0103518 -0.00773413 0.0269832 0.00522358 0.00358076 -0.0127964 -0.00355034 0.0125537 0.0215624
internal_weight=26515.1 10562.3 15952.9 15207.5 9182.6 6024.9 4099.9 6462.35 3019.78 8529.21 3426.02 4328.1 2846.36 1481.74 745.35 3442.57 1427.48 2942.81 1348.67 1068.05 981.003 1594.14 1418.88 579.016 1000.24 6666.8 1573.1 1035.62 1862.41 653.398
internal_count=143823 60101 83722 79924 47325 32599 22608 37493 17531 44037 18656 23090 15298 7792 3798 19962 7604 15836 7276 5633 5245 8560 7694 2890 5396 34561 9342 5590 9476 3288
is_linear=0
shrinkage=0.05


Tree=13
num_leaves=31
num_cat=0
split_feature=90 149 101 62 141 70 93 93 143 39 58 64 143 143 123 48 46 59 58 35 16 93 35 139 143 58 147 101 34 48
split_gain=290.997 142.59 81.7565 60.7265 57.8058 56.5703 35.418 34.4282 34.2144 34.0695 34.838 32.0163 29.3445 27.5942 26.7943 25.0839 23.8461 23.1702 22.0441 30.6215 21.8878 21.7749 20.8073 20.1837 25.7066 19.814 20.9578 19.7006 19.0486 18.8784
threshold=8.5955700874328631 -0.73316851258277882 0.49999982118606573 13.500000000000002 -0.45000492036342615 2.7956353425979619 0.57142856717109691 0.46888826787471777 0.55555415153503429 7.5000000000000009 3.1050776243209843 13.500000000000002 0.7058817744255067 0.77142828702926647 5.325489044189454 32.500000000000007 2.42002284526825 0.79178428649902355 3.1840064525604252 0.87746170163154613 8.5000000000000018 0.49999982118606573 0.99865561723709118 1.0434771180152895 1.27999883890152 2.058377861976624 0.6923004984855653 0.77777776122093212 3.2924290895462041 52.500000000000007
decision_type=2 2 2 2 2 10 2 2 2 2 10 2 2 2 2 2 8 8 10 10 2 2 8 2 2 8 2 2 10 2
left_child=3 2 4 5 13 6 11 22 -7 -9 17 -1 -4 20 25 -5 -17 -11 19 -6 -2 -21 -3 -15 -25 -13 -27 29 -22 -14
right_child=1 7 12 15 18 8 -8 9 -10 10 -12 14 27 23 -16 16 -18 -19 -20 21 28 -23 -24 24 -26 26 -28 -29 -30 -31
leaf_value=0.01629175293434016 0.0040589348069782196 -0.01807307531351279 0.0014268374507359887 0.0059341089616346916 -0.0015482782436150686 0.0057255652783494738 0.015905579515088874 0.0023501254857397512 -0.0024632196373996058 -0.010070945946689655 -0.016893093944864213 0.013347458639237732 -0.010712756845632318 -0.00072734310496995024 0.018057893226535712 0.040831664073652706 0.017030377076817378 0.012068261849830389 -0.0065823307167660345 0.0052497706536444068 0.031401334847640981 0.035606281721011844 -0.01062431912374312 0.018015637524103865 -0.00094113271782619184 0.0083064293303689706 0.00051105485609139573 -0.018649136437376417 0.011544334033291914 0.0040242514507977745
leaf_weight=625.64547201991081 241.7326195538044 1691.4553732573986 617.16564103960991 300.60659885406494 811.05231654644012 1945.5815036594868 980.64781780540943 783.93656232953072 3658.5996731519699 242.55209578573704 826.56165333092213 452.27516677975655 978.94664391875267 764.2461147159338 327.124356508255 149.6431492716074 404.81487499177456 212.12705861032009 1290.3940716832876 141.72031991183758 272.12569217383862 96.69815331697464 2257.371014431119 458.20000649988651 287.821901217103 1142.4702131450176 3429.222181096673 588.19850179553032 242.71247828006744 272.74404612183571
leaf_count=3023 1268 10115 3453 1528 4363 10066 4950 4511 19397 1388 4906 2282 5623 4043 1671 710 1999 1206 7148 761 1370 511 13320 2428 1607 5891 17954 3511 1255 1507
internal_value=-0.000160137 -0.00546555 -0.000645057 0.00501149 0.00328255 0.00412529 0.00713339 -0.011117 0.000384783 -0.00584481 -0.0108383 0.00566991 -0.00799234 0.0089553 0.00439994 0.0178323 0.0240637 0.000295363 -0.00222788 0.0031378 0.0166955 0.0184995 -0.0138525 0.00499352 0.0107862 0.00347653 0.002473 -0.0111425 0.0224384 -0.00749511
internal_weight=26494.4 13077.8 7063.76 13416.6 4606.7 12561.6 6957.39 6014 5604.18 2065.18 1281.24 5976.74 2457.05 2266.84 5351.09 855.065 554.458 454.679 2339.86 1049.47 756.571 238.418 3948.83 1510.27 746.022 5023.97 4571.69 1839.89 514.838 1251.69
internal_count=143765 74294 38848 69471 24754 65234 35771 35446 29463 12011 7500 30821 14094 11971 27798 4237 2709 2594 12783 5635 3893 1272 23435 8078 4035 26127 23845 10641 2625 7130
is_linear=0
shrinkage=0.05


Tree=14
num_leaves=31
num_cat=0
split_feature=90 149 53 61 101 53 70 71 27 34 101 147 22 34 74 39 48 64 53 39 123 39 53 39 48 58 142 66 117 71
split_gain=279.495 143.486 68.7891 59.4235 58.2656 58.0265 44.4807 50.102 44.2891 43.6568 33.3025 35.4941 30.018 29.7147 26.074 26.2239 29.343 25.9608 33.8716 29.5188 26.2175 24.6376 52.6862 32.2878 24.6399 24.4956 24.0724 23.7644 21.5035 31.9041
threshold=8.5955700874328631 -0.95477125048637379 69.500000000000014 1.5000000000000002 0.59999999403953563 91.500000000000014 3.0380854606628422 0.79213926196098339 2.5000000000000004 1.7089073657989504 0.733333319425583 0.73858368396759044 2.1457623243331914 3.2924290895462041 0.79999986290931713 21.500000000000004 50.500000000000007 13.500000000000002 9.5000000000000018 6.5000000000000009 2.9609115123748784 12.500000000000002 22.500000000000004 7.5000000000000009 30.500000000000004 2.8281619548797612 0.96419876813888561 70.500000000000014 13.889657974243166 0.76513320207595836
decision_type=2 2 2 2 2 2 10 10 2 8 2 2 8 10 2 2 2 2 2 2 2 2 2 2 2 10 2 2 2 10
left_child=2 5 3 17 6 12 7 -3 -8 -5 11 -11 -2 27 15 16 28 -1 20 -20 -19 22 23 -13 -24 -9 -10 -7 -14 -30
right_child=1 4 -4 9 -6 13 8 25 26 10 -12 21 14 -15 -16 -17 -18 18 19 -21 -22 -23 24 -25 -26 -27 -28 -29 29 -31
leaf_value=0.018554560184434046 0.024303347506271257 -0.0069357507877444271 0.020074909748545845 0.024755403529001727 -0.01613821482168052 0.014002363513637917 0.0020643124789380247 0.018295554783657932 -0.0062860554996352199 0.0068027447198726835 -0.010571397231504964 -0.00079791929447425045 0.015968167440920538 0.0050100744531528718 -0.011212794873489236 -0.022114964462919481 0.013861625827284641 0.0014165980773096127 0.01987848197446403 0.0026416179328499598 0.013095652726641994 -0.011838954386733425 0.004992282852596913 -0.018733548505172528 0.021593202826530274 0.0010413703553376523 -0.014709307408756193 0.040392451613153135 -0.013298874577277773 0.0010714449865543074
leaf_weight=593.48869015276432 104.94121783971786 1210.2202075868845 710.02923713624477 190.525091573596 2146.1252194494009 270.07349801063538 700.68830752372742 371.76973667740822 1368.4444542378187 2551.5590301305056 555.52415125072002 3409.2130343019962 167.25741527974606 499.61320059001446 583.55531422793865 114.97677300870419 388.24411860108376 2031.0410006344318 783.9570015668869 366.42862066626549 620.68530258536339 421.95722278952599 648.92137685418129 260.96152004599571 338.02298340201378 448.81991273164749 2327.9647246450186 129.06722073256969 486.68783421814442 1731.2892455160618
leaf_count=2847 557 6884 3456 938 13115 1345 3969 2056 7792 13094 3059 17910 911 2608 3278 596 2031 10583 4006 1899 3197 2179 3353 1393 1745 2528 13867 631 2692 9497
internal_value=-1.61943e-05 -0.00523035 0.0050308 0.00417943 -0.00901492 0.00202364 -0.00661525 -0.000490321 -0.00943654 0.00170479 0.00113876 0.002004 -0.000840469 0.0133063 -0.00166805 0.000292306 0.00129733 0.00888076 0.00732602 0.0144582 0.00418923 -0.000415359 0.000642822 -0.00212064 0.0108376 0.00898457 -0.0116163 0.0233146 -0.00079709 -0.00212735
internal_weight=26532.1 13049.7 13482.3 12772.3 8574.03 4475.71 6427.91 2030.81 4397.1 8376.68 8186.16 7630.64 3576.95 898.754 3472.01 2888.46 2773.48 4395.6 3802.11 1150.39 2651.73 5079.08 4657.12 3670.17 986.944 820.59 3696.41 399.141 2385.23 2217.98
internal_count=144016 74357 69659 66203 50211 24146 37096 11468 25628 43671 42733 39674 19562 4584 19005 15727 15131 22532 19685 5905 13780 26580 24401 19303 5098 4584 21659 1976 13100 12189
is_linear=0
shrinkage=0.05


Tree=15
num_leaves=31
num_cat=0
split_feature=46 144 53 48 39 35 110 39 35 121 0 46 108 53 63 110 39 48 5 93 60 70 147 53 51 39 41 102 39 41
split_gain=255.099 116.726 93.1465 78.9422 66.194 59.6734 58.2257 56.4113 45.3332 41.1368 39.4644 38.9538 32.8192 32.4007 54.5961 30.246 27.8513 27.8487 25.2931 23.5095 23.2789 22.7621 22.6907 22.2193 28.6752 25.2803 21.9761 21.7795 21.5056 23.8026
threshold=2.6438626050949101 -1.0892340540885923 18.500000000000004 66.500000000000014 2.5000000000000004 0.59573146700859081 0.72924500703811657 9.5000000000000018 1.3582131862640383 0.22775027155876162 1.5000000000000002 2.2918195724487309 12.829838752746584 3.5000000000000004 2.5000000000000004 0.19444444030523303 13.500000000000002 27.500000000000004 11.500000000000002 0.49999982118606573 11.500000000000002 2.4514147043228154 1.1654664874076845 12.500000000000002 8.5000000000000018 4.5000000000000009 4.5000000000000009 0.93889993429183971 1.5000000000000002 22.500000000000004
decision_type=10 2 2 2 2 10 2 2 8 2 2 8 2 2 2 2 2 2 2 2 2 10 2 2 2 2 2 2 2 2
left_child=2 3 4 6 10 7 9 17 12 15 13 -6 -3 14 -1 22 28 -4 -9 -14 -10 -15 -2 25 -25 26 -13 -22 -17 -30
right_child=1 8 5 -5 11 -7 -8 18 20 -11 -12 23 19 21 -16 16 -18 -19 -20 -21 27 -23 -24 24 -26 -27 -28 -29 29 -31
leaf_value=0.011106681385061608 0.0078008794924440796 0.0027877536344229651 0.012364898500603568 0.019689650097440677 0.0075364521082645049 0.029712599607125252 -0.012641302571992525 -0.00023452447988945332 0.011046276318105439 0.0065336796393880917 -0.0023161779517330539 -0.013781608668882421 -0.016876714534286651 0.021071468936666924 -0.0018987416843185636 0.015782783423842126 -0.016954833345030947 0.028743948716029161 0.021915049885313342 -0.0083735786521045037 -0.0069089155788623693 0.0081403004091524182 -0.003504142905869501 0.010300047319135447 -0.0097300973259188319 -0.020595954291766846 0.00045812755784840052 0.010824370252042723 -0.0062870668043317202 0.0084165329998548335
leaf_weight=1746.8504513800144 1004.1847393512726 313.99857275187969 917.21422339975834 453.17934484779835 613.21995075047016 447.98308733105659 1017.5717268437147 1104.7399596571922 215.68165224790573 1818.5780366659164 1178.6308294981718 484.384462043643 2414.1061042547226 649.1033333837986 1487.8318470567465 129.67373615503311 431.2233969271183 372.0361530482769 135.88078714907169 1274.9334996789694 2501.8141461610794 747.23085907101631 781.31070367991924 363.69737334549427 332.44377514719963 404.73717813193798 598.14161287248135 177.15194398164749 2131.7777779996395 307.01122306287289
leaf_count=8747 5261 1776 4652 2357 3125 2316 5991 5664 1244 9741 6202 2627 14443 3284 7729 680 2366 1888 674 7421 14487 3849 4254 1895 1800 2240 3172 1003 11662 1676
internal_value=-0.000126676 -0.00443594 0.00544197 -0.000353489 0.00279765 0.0130494 -0.00156953 0.0099933 -0.00920748 0.000153047 0.00583679 -0.0035141 -0.0126506 0.00791231 0.00513726 -0.00228044 -0.00534069 0.0172762 0.00234728 -0.0139686 -0.00441884 0.0142586 0.00286198 -0.00663791 0.000732275 -0.0100695 -0.00598137 -0.00570037 -0.00333258 -0.00440927
internal_weight=26556.3 14972.2 11584.1 8074.51 8606.27 2977.85 7621.33 2529.87 6897.69 6603.76 5809.65 2796.62 4003.04 4631.02 3234.68 4785.18 2999.69 1289.25 1240.62 3689.04 2894.65 1396.33 1785.5 2183.4 696.141 1487.26 1082.53 2678.97 2568.46 2438.79
internal_count=144226 84362 59864 43988 44670 15194 41631 12878 40374 35640 29811 14859 23640 23609 16476 25899 16384 6540 6338 21864 16734 7133 9515 11734 3695 8039 5799 15490 14018 13338
is_linear=0
shrinkage=0.05


Tree=16
num_leaves=31
num_cat=0
split_feature=143 58 92 139 143 71 53 70 102 39 53 39 53 62 142 64 58 48 58 62 59 39 53 39 47 143 48 145 47 70
split_gain=222.287 139.83 74.9928 56.4201 81.9757 45.8074 45.6977 37.2779 32.6458 29.5263 42.2027 28.1419 32.7188 27.4212 27.2673 27.1144 25.4134 22.0775 22.6314 28.3744 20.8885 20.1842 34.1906 32.4582 19.602 19.4018 29.39 18.974 18.4575 20.2663
threshold=0.99999645352363598 2.7638368606567387 0.77777770161628734 0.89361667633056652 0.63302713632583629 0.87010794878005993 25.500000000000004 3.2740535736083989 0.58214065432548534 5.5000000000000009 10.500000000000002 12.500000000000002 41.500000000000007 17.500000000000004 1.0438231229782107 17.500000000000004 2.7974874973297124 64.500000000000014 2.7302778959274296 10.500000000000002 0.82077521085739147 1.5000000000000002 14.500000000000002 5.5000000000000009 0.13329103589057925 0.79460600018501293 44.500000000000007 -0.92061978578567494 0.62815725803375255 2.2918337583541875
decision_type=2 10 2 2 2 8 2 10 2 2 2 2 2 2 2 2 10 2 10 2 10 2 2 2 10 2 2 2 10 10
left_child=2 6 3 4 13 24 9 27 16 10 15 28 -13 21 -9 -2 -5 18 19 -6 -14 -1 -23 -24 -3 26 -18 -7 29 -8
right_child=1 5 -4 8 17 7 11 14 -10 -11 -12 12 20 -15 -16 -17 25 -19 -20 -21 -22 22 23 -25 -26 -27 -28 -29 -30 -31
leaf_value=0.010287039277388159 0.0097641318478617067 -0.007011053946905709 -0.0064219467060405381 0.013374251900730752 -0.0013855673868190695 0.010622425057214757 0.027322860539884822 -0.0039479274835748585 0.019841698463942646 -0.0099572818613182304 0.016108684239454864 -0.017425641309710489 0.0033768721450824594 0.017249568972845956 -0.013319310094999036 -0.0033348068666062929 0.00525942296991945 0.011582088169309149 -0.0069364342370032825 0.020423327806018923 0.02573339247526964 -0.0022458966412524286 0.018358072057036889 0.0036889574025578279 -0.016636182242686374 -0.00040780267264696208 0.033003702890191708 -0.0027061495320928834 0.038785985717306667 0.0029863241419775689
leaf_weight=1706.9105192869902 466.09646743535995 730.01634299755096 1471.4426017999649 1296.7260801196098 1083.1549168527126 347.64505617320538 147.41448670625687 1416.3830540627241 768.99320727586746 736.83267831802368 397.87425756454468 133.3986933529377 389.5514167547226 592.25088095664978 1739.1503979563713 2313.6272920668125 470.47237999737263 245.13978114724159 2031.9368710666895 162.77608676254749 134.74410939216614 1417.268341332674 532.24999582767487 1261.6232082098722 2143.0402403324842 983.43892259895802 111.55530597269535 1044.0499486625195 96.195633307099342 193.50234289467335
leaf_count=8571 2298 4097 8438 6641 5675 1886 744 7974 3972 4043 2075 735 2003 3025 10537 12336 2485 1263 11131 830 675 7422 2709 6620 12696 5304 572 6043 510 1013
internal_value=-5.65689e-05 -0.00493204 0.00423082 0.00547261 0.00335009 -0.00928481 0.00152145 -0.00614016 0.0107291 -0.00101067 0.00108864 0.0105021 0.00385682 0.00715371 -0.00913866 -0.00111129 0.00822025 -0.00260251 -0.00369532 0.00160361 0.0094966 0.00590539 0.00355158 0.00811899 -0.0142233 0.00389323 0.0110447 0.000675355 0.020191 0.0139883
internal_weight=26565.5 12429.5 14135.9 12664.5 9033.31 7420.29 5009.24 4547.23 3631.19 3914.43 3177.6 1094.81 657.694 5510.3 3155.53 2779.72 2862.19 3523.01 3277.87 1245.93 524.296 4918.05 3211.14 1793.87 2873.06 1565.47 582.028 1391.7 437.112 340.917
internal_count=144323 69665 74658 66220 47246 43233 26432 26440 18974 20752 16709 5680 3413 28347 18511 14634 15002 18899 17636 6505 2678 25322 16751 9329 16793 8361 3057 7929 2267 1757
is_linear=0
shrinkage=0.05


Tree=17
num_leaves=31
num_cat=0
split_feature=90 149 53 53 37 110 149 34 70 47 39 140 63 53 39 60 39 53 34 39 22 101 71 71 24 46 41 39 121 63
split_gain=208.029 132.059 66.3719 57.2249 53.5697 51.1665 45.1703 43.5254 39.6528 44.8463 37.0716 34.9698 33.2811 49.2279 42.5378 41.5936 32.7765 29.0573 27.416 27.3845 26.0171 25.7684 24.5195 22.4479 21.9593 21.9393 21.1887 21.1597 21.0557 20.6806
threshold=9.9488487243652362 -0.98210313916206349 47.500000000000007 91.500000000000014 1.5000000000000002 0.72924500703811657 -0.52934783697128285 2.0923959016799931 3.0380854606628422 0.69963112473487865 9.5000000000000018 -0.74556285142898548 2.5000000000000004 9.5000000000000018 5.5000000000000009 17.500000000000004 2.5000000000000004 4.5000000000000009 3.9033988714218144 11.500000000000002 2.2090398073196416 0.49999982118606573 0.76513320207595836 1.0415551662445071 4.5000000000000009 2.6068599224090581 11.500000000000002 7.5000000000000009 0.17857142537832263 8.5000000000000018
decision_type=2 2 2 2 2 2 2 8 10 10 2 2 2 2 2 2 2 2 10 2 8 2 10 10 2 10 2 2 2 2
left_child=2 3 4 20 12 6 8 -6 9 -3 21 19 15 16 -15 -1 17 -14 -5 -10 -2 28 -22 -13 -7 -11 -16 -28 -8 -19
right_child=1 5 -4 18 7 24 10 -9 11 25 -12 23 13 14 26 -17 -18 29 -20 -21 22 -23 -24 -25 -26 -27 27 -29 -30 -31
leaf_value=0.015225162626047065 0.024119302015935835 -0.0063226550020403201 0.013769989758551555 0.020040849364405394 0.013015819434060714 -0.0065681140212193283 -0.004497751380505512 -0.0033418537665600972 0.0097962519054822523 0.033049349112069935 -0.018076221849218699 -0.015326459712540964 -0.00091428915034570723 0.014061464165085087 -0.010932507277424029 -0.0019316244178780196 -0.0080307860337868655 0.015798056754912675 -0.0020727001357110225 -0.0055002623406498509 -0.0096248323365000846 -0.015017144334946941 0.0013295429721722567 -0.0042402148404255746 -0.022607379685285509 0.0085906157044977702 0.015176350314519887 -0.00079863272124838097 0.018160252980546597 -0.00011342607774320522
leaf_weight=1405.0051884949207 95.119874000549316 547.99730886518955 1516.5118092745543 590.8190862685442 442.5609022974968 302.14964511990547 1022.4110445082188 4010.5705342888832 443.74729244410992 104.08170031011105 1267.6694604456425 1118.2824845165014 1946.6583029180765 1515.3206309080124 261.98306675255299 468.02070112526417 991.83916288614273 552.11289024353027 180.51286937296391 813.80707117915154 654.65334913134575 604.8225801885128 2199.4932122677565 784.05951714515686 814.00512020289898 539.30861070752144 315.41278433799744 568.45871450006962 103.96144549548626 320.50963334739208
leaf_count=6922 503 3085 7471 2943 2206 1857 6016 21188 2542 548 7770 6630 10138 7690 1383 2432 5303 2833 953 4554 3638 3701 12058 4622 5207 2985 1620 2968 617 1661
internal_value=-0.000173105 -0.00497206 0.00391305 0.00287404 0.00273525 -0.00841942 -0.00688665 -0.00169068 -0.00361923 0.00412956 -0.0115998 -0.0065446 0.00509615 0.00338764 0.00859224 0.0109506 -0.000259532 0.00249316 0.0149054 -6.79515e-05 -0.000312288 -0.00678088 -0.00120789 -0.0108033 -0.0183623 0.0129926 0.00130046 0.00500811 -0.00226507 0.0100188
internal_weight=26501.9 12186.9 14315 3720.6 12798.5 8466.3 7350.15 4453.13 4351.28 1191.39 2998.86 3159.9 8345.32 6472.3 2661.18 1873.03 3811.12 2819.28 771.332 1257.55 2949.27 1731.2 2854.15 1902.34 1116.15 643.39 1145.85 883.871 1126.37 872.623
internal_count=144044 70229 73815 20095 66344 50134 43070 23394 24966 6618 18104 18348 42950 33596 13661 9354 19935 14632 3896 7096 16199 10334 15696 11252 7064 3533 5971 4588 6633 4494
is_linear=0
shrinkage=0.05


Tree=18
num_leaves=31
num_cat=0
split_feature=34 149 53 99 71 53 101 62 39 145 61 62 53 39 39 33 40 53 24 53 58 59 58 90 102 34 47 62 33 123
split_gain=184.553 109.798 91.514 57.0058 42.5622 41.7565 41.644 40.8302 37.4503 39.5306 36.8141 32.9707 32.1728 32.1197 30.7973 29.0876 28.8086 27.6822 25.7725 25.5953 24.4544 36.0243 22.3034 21.8055 18.4431 18.0159 19.228 25.5079 17.5799 17.1871
threshold=2.6266331672668461 -0.95477125048637379 43.500000000000007 8.1836829185485858 0.79213926196098339 118.50000000000001 0.77777776122093212 19.500000000000004 6.5000000000000009 -0.87365385890007008 1.0000000180025095e-35 6.5000000000000009 14.500000000000002 3.5000000000000004 16.500000000000004 17.768130302429203 41.500000000000007 5.5000000000000009 4.5000000000000009 77.500000000000014 3.0258865356445317 0.79178428649902355 3.052703976631165 7.6170051097869882 1.3591482043266299 3.4357539415359502 0.96294161677360546 10.500000000000002 15.65273952484131 2.8109608888626103
decision_type=10 2 2 2 8 2 2 2 2 2 2 2 2 2 2 10 2 2 2 2 10 10 10 2 2 10 10 2 8 2
left_child=2 5 3 10 -5 20 8 14 12 -10 -1 16 13 17 22 23 29 -3 -8 -16 21 -2 -4 28 25 26 -11 -28 -6 -12
right_child=1 6 7 4 15 -7 18 -9 9 24 11 -13 -14 -15 19 -17 -18 -19 -20 -21 -22 -23 -24 -25 -26 -27 27 -29 -30 -31
leaf_value=0.01062289407091988 -0.0015333644735667283 -0.0072325098782314318 0.020969860624194397 -0.0080444981183775584 0.013834481953199224 0.014041934033807114 -0.0058645597721135633 0.026928193611736085 -0.0033416913836665572 -0.013711803914780073 0.0017067937403610557 0.01416189006260129 0.0099104607506082104 -0.012076638575714208 -0.01195970655464026 0.018405962525919358 -0.0053890401076777221 0.013943861484112705 -0.023747068067535623 0.0090202214439397913 -0.0026404756625603371 0.020042242633234307 0.0043913532761048332 -0.0087158305500052349 0.0086330385411423696 -0.018125719597117975 -0.015198535074884542 0.0073481667885792927 0.00053482577685740951 0.00868156093387514
leaf_weight=1889.9827039539814 466.46672055125237 295.37727752327919 594.50839658081532 1932.3944993764162 283.55971202254295 586.12150418758392 301.90067464113235 441.41766768693924 1723.4120175689459 1067.9031358808279 3852.9128923267126 567.20352093875408 491.78412112593651 711.12731646001339 231.85790802538395 226.85953852534294 1165.2038856595755 303.12530399858952 649.21389798820019 354.48354221880436 2605.4492554962635 319.01050235331059 314.9399239718914 540.49277271330357 89.783121779561043 1251.9539762735367 200.89361214637756 299.9884061217308 1623.6241322159767 1138.855936691165
leaf_count=9427 2539 1726 2952 10558 1467 2947 1846 2108 9828 6406 19760 2828 2849 4270 1195 1286 6094 1753 4207 1753 14371 1680 1605 3010 531 7751 1208 1791 8656 5798
internal_value=-4.2561e-05 -0.00485743 0.00356776 0.0020756 -0.00241048 0.001838 -0.00846002 0.0136885 -0.00699585 -0.00936972 0.00447481 0.00273354 -0.000871336 -0.00496447 0.00962854 0.00167499 0.00165946 0.00354564 -0.0181909 0.000662662 -0.00030654 0.00737106 0.015339 5.5723e-05 -0.0129154 -0.0136294 -0.00994906 -0.00181535 0.00257406 0.00331224
internal_weight=26521.8 11363.5 15158.3 13221.1 4606.93 3977.05 7386.46 1937.21 6435.35 4633.93 8614.16 6724.18 1801.41 1309.63 1495.79 2674.54 6156.97 598.503 951.115 586.341 3390.93 785.477 909.448 2447.68 2910.52 2820.74 1568.79 500.882 1907.18 4991.77
internal_count=144200 65703 78497 68884 24977 21537 44166 9613 38113 27515 43907 34480 10598 7749 7505 14419 31652 3479 6053 2948 18590 4219 4557 13133 17687 17156 9405 2999 10123 25558
is_linear=0
shrinkage=0.05


Tree=19
num_leaves=31
num_cat=0
split_feature=143 58 110 147 101 110 63 29 84 119 110 119 70 87 71 59 64 59 70 121 111 58 70 87 84 40 50 58 117 109
split_gain=167.746 104.541 84.5791 50.6653 48.6168 45.5089 40.5936 38.8032 33.2231 32.9044 41.7579 36.8013 31.0179 28.8455 26.792 25.8074 24.2915 23.9042 23.6332 23.5425 21.7275 21.4354 20.9716 20.5731 20.0858 19.0481 18.8758 18.7188 18.5871 18.6314
threshold=1.0645138621330263 2.422640442848206 0.77777776122093212 1.1654664874076845 0.733333319425583 0.21428570896387103 2.5000000000000004 28.500000000000004 0.0526315774768591 0.25029833614826208 0.36856806278228765 0.43489129841327673 3.3708869218826298 4.6201918125152597 0.80541011691093456 0.40227162837982183 17.500000000000004 0.77673622965812694 2.9114024639129643 0.18374849855899814 0.40973915159702307 3.3718621730804448 3.0380854606628422 11.035713195800783 0.80082646012306224 17.500000000000004 5.5000000000000009 2.058377861976624 20.456721305847172 1.4690672159194949
decision_type=2 10 2 2 2 2 2 2 2 2 2 2 10 2 8 10 2 10 10 2 2 10 10 2 2 2 2 8 2 2
left_child=2 15 3 5 8 7 25 -1 26 -7 17 -12 13 24 -13 16 -2 -11 -16 22 -15 -19 28 -14 -10 -5 -3 -18 29 -8
right_child=1 4 -4 6 -6 9 19 -9 12 10 11 14 23 20 18 -17 27 21 -20 -21 -22 -23 -24 -25 -26 -27 -28 -29 -30 -31
leaf_value=0.008072596921468311 0.011344638538915994 -0.0010392470848321505 -0.0095367861296592089 0.020267413820319932 -0.017946170950124195 -0.0058706121671452029 0.0014678096190797645 0.023413543340326047 -0.0099758358190795027 0.0046663993029496652 -0.0078667624135164791 -0.0036897779455370549 -0.013226332591939671 -0.0022949987629493217 0.027483146157967403 0.014503152610772403 0.0119461008179553 0.028370412857960121 0.0065352457659855886 0.0042553675859258507 0.014105452940397306 0.0093344947587605861 -0.0091344086205664404 0.0073583313376416187 0.0023243020975187547 -0.0010332243216042674 0.017663963657702824 -0.0023960752894277263 0.015929783112768124 -0.012091652931446312
leaf_weight=4873.6383198648691 458.25834029912949 858.21609175205231 1187.7367209047079 314.78256170451641 1065.3076391369104 908.49077488481998 903.2220534235239 444.66369096934795 1826.927244246006 522.45685604214668 776.32081964612007 589.08081965148449 2325.5148187577724 666.54258197546005 145.72160005569458 381.12399372458458 241.72030866146088 310.41998942196369 1099.1586088091135 1049.201324313879 278.39719548821449 301.66513186693192 1283.2769162654877 121.91873253881931 401.01584485173225 153.6853448599577 149.85758908092976 2360.2125193625689 147.05432116985321 341.15200109779835
leaf_count=24766 2222 4820 6932 1524 6734 4788 4676 2211 10534 2723 4144 3207 13862 3809 758 1971 1198 1573 5951 5794 1542 1581 7124 721 2246 790 872 12384 795 1848
internal_value=-0.000160893 -0.00483063 0.00322713 0.00430344 -0.00806756 0.0062408 -0.000308488 0.00939679 -0.00645524 0.00262138 0.00469167 0.00119532 -0.00795228 -0.00466692 0.00505318 0.00240854 0.000859911 0.0126551 0.00918681 -0.0020648 0.002634 0.0192895 -0.00455061 -0.0121751 -0.00776139 0.013404 0.00188732 -0.00102305 -0.000288085 -0.00231635
internal_weight=26486.7 11135 15351.7 14164 7693.7 9971.62 4192.37 5318.3 6628.39 4653.31 3744.82 2610.28 5620.32 3172.88 1833.96 3441.32 3060.19 1134.54 1244.88 3723.91 944.94 612.085 2674.71 2447.43 2227.94 468.468 1008.07 2601.93 1391.43 1244.37
internal_count=144100 62915 81185 74253 45140 51702 22551 26977 38406 24725 19937 14060 32714 18131 9916 17775 15804 5877 6709 20237 5351 3154 14443 14583 12780 2314 5692 13582 7319 6524
is_linear=0
shrinkage=0.05


Tree=20
num_leaves=31
num_cat=0
split_feature=90 143 149 62 110 60 58 62 58 139 143 143 139 58 71 117 119 119 101 139 143 71 119 110 25 105 112 99 139 102
split_gain=172.459 99.0697 69.0116 55.7506 50.1984 48.9864 44.3744 39.3434 31.8703 31.2929 35.5161 30.9072 30.0808 29.5511 27.9897 28.1387 27.3431 27.2729 31.1545 24.3271 51.3613 22.4317 21.9564 25.8421 21.2413 20.7492 19.1533 19.1224 18.8435 24.1673
threshold=8.5955700874328631 1.3636331558227541 -1.021151006221771 9.5000000000000018 0.31597033143043524 7.5000000000000009 2.7974874973297124 28.500000000000004 2.6188778877258305 1.1999989151954653 0.8363633155822755 0.35294063389301306 1.3333255648612978 2.1892799139022832 0.95823988318443309 25.986029624938968 0.25029833614826208 0.33333332836627966 0.733333319425583 0.85713979601860057 0.96049994230270397 0.68912693858146679 0.63636359572410595 0.49999998509883886 1.0000000180025095e-35 3.6363633871078496 0.099999997764825835 32.09733963012696 1.0434771180152895 0.70974066853523265
decision_type=2 2 2 2 2 2 10 2 10 2 2 2 2 8 10 2 2 2 2 2 2 10 2 2 2 2 2 2 2 2
left_child=3 2 7 5 9 -1 21 8 -2 10 16 -7 -3 -13 15 -9 -4 -6 22 -15 26 -5 23 -19 25 -22 -21 -16 -12 -30
right_child=1 12 4 6 17 11 -8 14 -10 -11 28 13 -14 19 27 -17 -18 18 -20 20 24 -23 -24 -25 -26 -27 -28 -29 29 -31
leaf_value=0.012876653162757323 0.02075940489028312 -0.018033055037140724 0.0012889245200101071 0.0076069878732729123 -0.018459226262231704 0.0076026561384070117 0.0054142808864593352 0.011751647667600023 -0.0007651143203328257 0.012876051205328531 -0.010808798509460898 0.0095849773791602325 -0.0080350288405543445 -0.0041206520414798628 0.031495585139748247 -0.017069415654732641 0.021645544574752082 2.2676775952452829e-05 -0.014030543054071577 0.012589305704508967 -0.00018342324246163158 0.027826061520914543 0.0090010462881040705 -0.012802688329119996 -0.0050889116676263056 0.012677198571781352 -0.0020983388717898408 0.010908150780646638 -0.0048321544983531382 0.020568545823438228
leaf_weight=1077.3847127556801 178.05954742431641 1139.8153093010187 852.52710545063019 202.21338331699371 570.96250899136066 1855.2968024164438 939.37827570736408 289.00254659354687 2003.7837137132883 416.53186821937561 966.57563754916191 809.63629549741745 2278.5248435139656 2825.5101529210806 238.06143914163113 108.46088847517967 194.97565041482449 957.98921167850494 920.68700778484344 1138.2584591805935 1687.7097984850407 489.84006352722645 315.64604273438454 655.63707111775875 1916.2209286242723 375.13892635703087 271.92272667586803 236.53867994248867 396.02784883975983 111.74254782497883
leaf_count=5088 934 6997 4708 992 3331 9393 4739 1455 10854 2386 5583 4034 13937 14758 1177 572 1063 5516 5843 5812 8859 2353 1882 3859 10198 1948 1414 1216 2289 632
internal_value=2.12339e-05 -0.00413423 -0.00148218 0.00394537 -0.00444695 0.00275657 0.0125885 0.00468587 0.00107819 0.000348346 -0.00176353 0.0017435 -0.0114117 0.000531853 0.0135975 0.00366098 0.00524683 -0.00855484 -0.00651299 -0.000370981 0.00159891 0.0221107 -0.00287161 -0.00523519 -0.0013114 0.00220522 0.00976228 0.0216717 -0.00674609 0.00104695
internal_weight=26420.1 12831.5 9413.21 13588.5 6359.3 11957.1 1631.43 3053.91 2181.84 2938.38 2521.85 10879.7 3418.34 9024.4 872.064 397.463 1047.5 3420.92 2849.96 8214.76 5389.25 692.053 1929.27 1613.63 3979.07 2062.85 1410.18 474.6 1474.35 507.77
internal_count=143822 74234 53300 69588 37092 61504 8084 16208 11788 16661 14275 56416 20934 47023 4420 2027 5771 20431 17100 42989 28231 3345 11257 9375 21005 10807 7226 2393 8504 2921
is_linear=0
shrinkage=0.05


Tree=21
num_leaves=31
num_cat=0
split_feature=46 143 47 99 101 149 63 48 93 110 143 71 39 41 48 70 53 39 71 70 41 39 70 149 47 71 39 29 70 70
split_gain=159.725 109.02 76.8737 78.1581 57.7736 45.5983 45.78 37.4355 36.4143 29.9785 27.3986 27.3239 27.0616 38.5358 25.8911 24.6847 21.8179 22.8561 20.2891 35.7217 20.158 20.0009 19.9592 19.2859 18.5546 18.3923 17.9657 18.632 17.3549 17.2345
threshold=2.6438626050949101 0.8363633155822755 0.49882484972476965 8.1836829185485858 0.733333319425583 -0.87420451641082753 5.5000000000000009 66.500000000000014 0.46888826787471777 0.62012657523155224 1.1081938743591311 1.0565592646598818 4.5000000000000009 8.5000000000000018 32.500000000000007 3.0380854606628422 15.500000000000002 2.5000000000000004 0.80541011691093456 3.2974967956542973 4.5000000000000009 2.5000000000000004 2.9114024639129643 -0.8864111304283141 0.60801210999488842 0.99882140755653392 4.5000000000000009 4.5000000000000009 3.4749974012374882 2.9114024639129643
decision_type=10 2 10 2 2 2 2 2 2 2 2 10 2 2 2 10 2 2 10 10 2 2 10 2 10 10 2 2 10 10
left_child=2 7 3 10 5 11 -7 9 14 12 16 29 20 -14 -4 -15 17 -1 -8 -20 21 -2 -12 -16 -22 -17 -18 -28 -13 -3
right_child=1 4 8 -5 -6 6 18 -9 -10 -11 22 28 13 15 23 25 26 -19 19 -21 24 -23 -24 -25 -26 -27 27 -29 -30 -31
leaf_value=0.006546112495400336 0.0095720679983886149 0.0056643009461937871 0.00045562798734312816 -0.008851931658094463 -0.016456755002572532 0.0085959608160388629 -0.014009176991761935 0.021125801820872672 0.026983968719284698 -0.0060224240091042557 0.0029419038138895643 0.014107946950788985 -0.019574174388898753 0.010900449818901987 0.026386212872196176 -0.0046988659204578436 0.021761606517852552 -0.002468368834036571 0.00012657954385885846 -0.011462892941832982 0.0098286102809006723 -0.011379140127111885 -0.0060800485439879565 0.0078728779521788327 0.029364897842865202 0.0044918939169635219 -0.002914948182689398 0.012948324323487859 0.00082061984131131464 -0.0058580747689226768
leaf_weight=3630.1169820427895 320.85452502965927 389.68257664144039 439.7370565533638 1268.1819937825203 1330.1865431517363 364.56553944945335 1675.1528857648373 236.13086360692978 434.29160855710506 1125.2980980277061 2459.1879739761353 402.90987075865269 206.98261708021164 632.70591358840466 260.4234297722578 1116.8886057436466 352.44717785716057 865.88935267925262 1080.0191663354635 1718.859870582819 398.45167617499828 164.02429714798927 805.60379220545292 319.27236451208591 177.12093052268028 1043.0242829024792 256.99167856574059 623.56151582300663 610.30534471571445 1746.0282937735319
leaf_count=18162 1700 2068 2394 6926 8472 2077 10073 1190 2163 6554 12575 2161 1137 3302 1283 6011 1711 4474 6363 10587 2087 896 4224 1699 944 5532 1277 3077 3358 9594
internal_value=-0.000100807 -0.00356355 0.00425489 0.00272296 -0.00684106 -0.00522115 -0.00826375 0.00207162 0.0149765 0.00116494 0.00436311 -0.000534573 0.00316692 0.000728835 0.0096487 0.00229812 0.00644351 0.00480838 -0.00965367 -0.00700627 0.00999206 0.00239799 0.000703923 0.0164963 0.0162393 -0.000260391 0.0123192 0.00833784 0.00619063 -0.0037391
internal_weight=26454.9 14739.2 11715.7 10262 9317.71 7987.52 4838.6 5421.48 1453.72 5185.35 8993.8 3148.93 4060.05 2999.6 1019.43 2792.62 5729.01 4496.01 4474.03 2798.88 1060.45 484.879 3264.79 579.696 575.573 2159.91 1233 880.553 1013.22 2135.71
internal_count=144071 84106 59965 52426 54753 46281 29100 29353 7539 28163 45500 17181 21609 15982 5376 14845 28701 22636 27023 16950 5627 2596 16799 2982 3031 11543 6065 4354 5519 11662
is_linear=0
shrinkage=0.05


Tree=22
num_leaves=31
num_cat=0
split_feature=143 110 90 139 143 110 139 143 119 139 139 121 102 46 119 110 62 146 7 119 39 47 102 63 61 46 90 46 47 63
split_gain=137.194 76.588 73.2262 72.3365 73.7192 35.3073 38.1634 59.3665 34.9972 31.3253 29.0915 27.8161 27.8017 27.6626 26.9581 42.6138 25.3877 22.7885 21.9962 20.706 19.6748 19.2634 19.2149 19.0695 18.8574 17.8824 17.8763 17.7845 18.8894 17.4631
threshold=1.1081938743591311 0.49999982118606573 7.1093804836273202 0.96969565749168407 0.77142828702926647 0.29999999701976782 1.0434771180152895 1.4701980352401736 0.39294597506523138 1.2467525005340578 0.81818014383316051 0.21428570896387103 0.93889993429183971 2.2148315906524663 0.5313592553138734 0.83370700478553783 19.500000000000004 1.4091246724128725 106.87916183471681 0.27553287148475653 11.500000000000002 0.88029181957244884 0.58214065432548534 6.5000000000000009 3.5000000000000004 2.6438626050949101 21.393632888793949 3.1115547418594365 0.64673045277595531 29.500000000000004
decision_type=2 2 2 2 2 2 2 2 2 2 2 2 2 8 2 2 2 2 2 2 2 8 2 2 2 8 2 8 10 2
left_child=1 3 9 4 8 6 -4 12 10 -2 17 20 19 -3 -15 16 24 25 21 -8 -7 -13 26 -9 -16 -1 -5 28 -24 -18
right_child=2 13 5 22 -6 11 7 23 -10 -11 -12 18 -14 14 15 -17 29 -19 -20 -21 -22 -23 27 -25 -26 -27 -28 -29 -30 -31
leaf_value=0.013260230055123091 -0.0052734901628743742 0.014736770331195104 -0.019483584089244329 0.010943629199008462 -0.0045936125583009753 -0.013247204190790042 0.00039236459697683518 0.012420727066245038 0.014779367144058336 0.0038229958920754205 0.014511367849520118 -0.009513788844135649 0.026572801132674292 -0.011444518272094388 0.0046931505041119858 -0.011535808600357255 0.027319442966101611 -0.0037356894334923427 -0.017646103297822121 0.019357471242758831 -0.027991691620542422 0.0032213178086263009 0.014436981085520087 -0.010914504224330077 -0.0077092702605975616 0.0031246969970467678 0.00071762030181664414 0.011708199934798651 0.040838827224523817 0.0062961012785103139
leaf_weight=490.04305766522884 1447.6256890147924 190.04163765907288 329.24384674429893 2054.4263454973698 2637.6629228591919 1573.5932265818119 887.55875235795975 86.491177931427956 839.73191529512405 2689.048193782568 567.22219160199165 573.51027984917164 139.4975888133049 970.82593268156052 583.52947114408016 762.5492597669363 117.01800334453583 1087.2399345040321 323.16814832389355 161.87705346941948 269.12631677091122 596.98030875623226 160.30078308284283 1151.6409277319908 624.5488416403532 3460.8100749999285 540.7900365293026 511.44957906007767 134.59479911625385 491.15689806640148
leaf_count=2426 7569 955 1949 10478 14223 9803 5087 494 4311 13888 2879 3543 780 5420 3316 4545 674 5833 2035 907 1682 3678 807 6880 3592 17359 2990 2642 666 2694
internal_value=3.26039e-05 0.00289122 -0.0044996 0.00477066 0.00243595 -0.00798086 -0.00377329 -0.00157091 0.00531549 0.000634647 0.00387391 -0.0114352 0.00638221 -0.00337899 -0.00438755 -0.00169691 0.00247447 0.00264991 -0.00630145 0.00347286 -0.0155401 -0.00304629 0.0109793 -0.00919794 -0.00172927 0.00441216 0.00882367 0.0177241 0.0274314 0.0107177
internal_weight=26453.3 16223.9 10229.4 12484.3 9082.71 6092.69 2756.31 2427.07 6445.05 4136.67 5605.32 3336.38 1188.93 3739.67 3549.63 2578.8 1816.25 5038.09 1493.66 1049.44 1842.72 1170.49 3401.56 1238.13 1208.08 3950.85 2595.22 806.345 294.896 608.175
internal_count=144105 85810 58295 64614 47031 36838 16097 14148 32808 21457 28497 20741 6774 21196 20241 14821 10276 25618 9256 5994 11485 7221 17583 7374 6908 19785 13468 4115 1473 3368
is_linear=0
shrinkage=0.05


Tree=23
num_leaves=31
num_cat=0
split_feature=110 143 139 143 143 39 53 62 71 117 119 58 53 99 59 22 37 126 139 39 61 53 47 110 62 100 13 144 138 119
split_gain=127.031 81.1825 64.7986 53.5319 44.4632 43.3083 39.8211 34.4894 33.7448 33.9233 28.4711 27.5925 30.1032 26.7817 27.3685 25.0469 24.5894 24.4783 23.0904 22.6904 21.0269 20.5863 19.6829 18.8479 18.6245 21.871 17.8575 17.7459 17.4899 16.6381
threshold=0.35491934418678289 1.0874990820884707 0.9499989151954652 0.99999645352363598 0.73170611262321483 9.5000000000000018 37.500000000000007 19.500000000000004 0.68912693858146679 22.757151603698734 0.35215696692466741 3.2625060081481938 151.50000000000003 9.9061121940612811 0.62737107276916515 2.0067547559738164 5.5000000000000009 1.2847362756729128 1.3793095350265505 20.500000000000004 4.5000000000000009 77.500000000000014 0.74988964200019848 0.99999925494194042 7.5000000000000009 1.5271964669227602 1.0000000180025095e-35 -1.1869145631790159 0.95017123222351085 0.4196659922599793
decision_type=2 2 2 2 2 2 2 2 8 2 2 10 2 2 8 8 2 2 2 2 2 2 10 2 2 2 2 2 2 2
left_child=1 2 4 8 7 15 -7 16 -2 10 -10 12 19 -5 -15 -3 24 -4 -17 22 23 -21 -8 28 -1 -26 -20 -13 -11 -16
right_child=3 5 17 13 -6 6 11 -9 9 20 -12 27 -14 14 29 18 -18 -19 26 21 -22 -23 -24 -25 25 -27 -28 -29 -30 -31
leaf_value=0.0039360361322886978 -0.009157388303791798 0.025055432564144282 0.0095395211187106772 0.00058012734191064308 -0.0028742863501964406 -0.018277897373392093 -0.0034939591780139586 0.019434895710011332 -0.011035925279702615 0.0086179411420123069 0.011175905615793909 -0.00070559976338919247 0.021383905030330858 -0.019612529179749677 -0.015190076376666412 -0.0031577520022076202 -0.0057885112110402414 0.022261324345112844 0.0071196385623202496 -0.030309618643521163 -0.0064214597117705401 -0.0038563209881579659 0.013625669563236518 -0.016886472875046063 0.027447617822925399 0.0074773584677675156 -0.0022870341618354221 -0.01585018168152447 -0.0048601444676257587 -0.0062892918461173678
leaf_weight=3446.9488285630941 1043.1826735138893 98.178111553192139 2469.7886732071638 624.02780668437481 2368.5395158678293 578.72026418149471 397.16495770215988 394.15781570971012 160.10069595277309 775.09002555906773 999.38108612596989 304.17347107827663 153.81334710121155 682.22702990472317 693.36532513797283 2048.4356612414122 538.29179866611958 447.64406736195087 1569.5029752254486 96.988555669784546 1377.3855142295361 246.92538030445576 277.00009097158909 103.50846943259239 179.37905220687389 543.7094838321209 735.46443121135235 525.96181041002274 339.42730335891247 2208.3508303463459
leaf_count=17345 5835 486 12556 3313 12650 3397 2135 1913 850 4227 5380 1714 809 4274 4218 11091 2788 2340 8305 545 7651 1327 1534 615 871 2831 4051 3283 1959 13753
internal_value=-4.4616e-05 0.00244763 0.00525396 -0.00486284 0.00277894 -0.00169958 -0.00683972 0.00540362 -0.00124771 0.000968241 0.00804077 -0.00345891 0.0014869 -0.00897221 -0.0106324 0.00128901 0.00419029 0.0115609 0.000696832 -0.00169794 -0.00221009 -0.0119621 0.00363648 0.00256577 0.00548918 0.0127383 0.00412126 -0.0103754 0.00450646 -0.008461
internal_weight=26426.8 17420.8 10388.5 9006.05 7471.03 7032.33 2580.75 5102.49 4798.08 3754.89 1159.48 2002.03 1171.89 4207.97 3583.94 4451.58 4708.33 2917.43 4353.4 1018.08 2595.41 343.914 674.165 1218.03 4170.04 723.089 2304.97 830.135 1114.52 2901.72
internal_count=144046 91971 53294 52075 38398 38677 14744 25748 26517 20682 6230 11347 6350 25558 22245 23933 23835 14896 23447 5541 14452 1872 3669 6801 21047 3702 12356 4997 6186 17971
is_linear=0
shrinkage=0.05


Tree=24
num_leaves=31
num_cat=0
split_feature=142 110 58 58 143 71 48 39 83 39 41 39 102 41 39 108 48 41 70 41 60 59 71 139 143 69 93 147 149 62
split_gain=118.017 66.9213 58.809 49.8341 48.7373 44.0593 40.0717 34.7272 34.2081 32.904 45.0178 52.7355 39.0873 36.8165 49.2863 30.218 28.0587 25.4863 25.0117 24.9769 24.5297 23.1656 23.1438 23.0207 36.3445 26.5565 22.1183 21.6733 20.0985 19.7232
threshold=1.2600442171096804 0.64188316464424144 3.052703976631165 2.2816020250320439 1.0874990820884707 0.79213926196098339 50.500000000000007 11.500000000000002 0.77777770161628734 11.500000000000002 19.500000000000004 5.5000000000000009 0.86210668087005626 6.5000000000000009 2.5000000000000004 6.4785327911376962 27.500000000000004 12.500000000000002 3.0630797147750859 2.5000000000000004 7.5000000000000009 0.73133650422096264 1.0565592646598818 1.0967726111412051 1.3960387110710146 557.52081298828136 0.33333332836627966 1.4788110852241518 -0.73316851258277882 33.500000000000007
decision_type=2 2 10 8 2 10 2 2 2 2 2 2 2 2 2 2 2 2 8 2 2 8 8 2 2 8 2 2 2 2
left_child=1 3 5 22 6 15 9 8 -4 10 11 13 29 14 19 -2 -12 -13 -18 -5 -6 -3 -1 -22 26 -26 -25 -8 -7 -11
right_child=2 21 7 4 20 28 27 -9 -10 12 16 17 -14 -15 -16 -17 18 -19 -20 -21 23 -23 -24 24 25 -27 -28 -29 -30 -31
leaf_value=0.021225036992748681 0.012123053801820178 -0.013334987208570083 -0.0029720900159099857 0.0035942925481013549 0.010992798055362379 0.013476813766098434 0.013514555485456079 -0.0163331769618646 -0.016207364989801114 -0.0095282031258783675 0.0068842645242970972 -0.013252508222095572 0.012214157295408971 0.012978868968292607 -0.0070449620492543238 -0.0083334955767026715 0.043821627057006263 0.00014867448333793094 0.015473392786710572 0.014294086109929922 -0.008917396491557197 -0.0028162532161533382 0.0036891875423961532 0.00035866214960861569 -0.0087562258753991692 0.0019433338963582754 0.01249682778502945 -0.0084884844253221136 0.00040348784271270117 0.012801855230658264
leaf_weight=505.22169211506844 197.3505831360817 753.78263546526432 1865.4027542918921 2858.7422253042459 344.60327734053135 572.34718865156174 1344.3523347526789 1388.937484189868 654.36814217269421 1153.1750531792641 532.47114256024361 625.11463735997677 297.95242741703987 1132.7239144593477 965.31539794802666 1434.6925603151321 112.30425770580769 803.28212529420853 270.8779656291008 667.70854707062244 1118.0393805801868 1687.6755698025227 304.15372475981712 964.97823442518711 1497.5229197740555 937.48563374578953 604.81403245031834 115.36154071986675 595.00768859684467 99.473359540104866
leaf_count=2485 956 4426 11358 14203 1624 3092 6745 8545 4150 6114 2762 3371 1520 5783 5106 8318 560 4258 1416 3334 6218 9820 1502 5232 8308 4933 3259 634 3471 496
internal_value=-0.000324077 0.00162699 -0.00604693 0.00272387 0.00212289 -0.000510187 0.00404246 -0.0100009 -0.00645968 0.00285258 0.00414898 0.00278393 -0.00379349 0.00496203 0.00291603 -0.00580108 0.0145197 -0.0057675 0.024685 0.00565491 -0.00173203 -0.00610499 0.0147607 -0.00260776 -0.000828439 -0.00464576 0.00508479 0.0117297 0.00687329 -0.00766762
internal_weight=26405.2 19697.1 6708.11 17255.7 16446.3 2799.4 10978.9 3908.71 2519.77 9519.14 7968.54 7052.89 1550.6 5624.49 4491.77 1632.04 915.653 1428.4 383.182 3526.45 5467.44 2441.46 809.375 5122.84 4004.8 2435.01 1569.79 1459.71 1167.35 1252.65
internal_count=143999 104109 39890 89863 85876 15837 56302 24053 15508 48923 40793 36055 8130 28426 22643 9274 4738 7629 1976 17537 29574 14246 3987 27950 21732 13241 8491 7379 6563 6610
is_linear=0
shrinkage=0.05


Tree=25
num_leaves=31
num_cat=0
split_feature=58 142 59 99 62 71 149 62 35 12 53 53 53 39 25 70 34 13 35 3 47 48 63 53 92 39 48 39 105 39
split_gain=127.164 81.3435 80.3521 54.277 55.2374 45.0887 36.7471 37.6245 33.9815 27.8178 27.2982 26.1736 26.1202 42.2183 23.6467 26.5599 22.7614 21.4739 20.6434 19.0931 17.9325 17.8564 17.5932 26.4451 17.3459 17.0137 15.8468 18.6509 20.7409 15.7986
threshold=2.7974874973297124 1.2600442171096804 0.74600601196289074 8.1836829185485858 9.5000000000000018 0.93277353048324596 -1.0553508996963499 21.500000000000004 1.2402781248092654 1.5000000000000002 18.500000000000004 39.500000000000007 17.500000000000004 8.5000000000000018 1.0000000180025095e-35 3.0380854606628422 3.4357539415359502 1.0000000180025095e-35 0.80395662784576427 1.5000000000000002 0.99919885396957409 52.500000000000007 2.5000000000000004 2.5000000000000004 0.85714283585548412 12.500000000000002 11.500000000000002 2.5000000000000004 2.7333332300186162 4.5000000000000009
decision_type=10 2 10 2 2 8 2 2 8 2 2 2 2 2 2 10 10 2 10 2 8 2 2 2 2 2 2 2 2 2
left_child=2 5 3 4 9 14 7 -7 -3 22 29 19 -5 -14 -2 18 24 -18 -16 -4 -13 -15 -1 -24 -10 -12 27 -25 -29 -11
right_child=1 8 11 12 -6 6 -8 -9 16 10 25 20 13 21 15 -17 17 -19 -20 -21 -22 -23 23 26 -26 -27 -28 28 -30 -31
leaf_value=0.011029191302265531 -9.3546355720306362e-05 -0.012528146774533537 0.013376529471261688 -0.0095959965040680519 0.0279861975044512 0.0031869065688019216 -0.0003966995486832318 0.017994916161187705 0.0082022545470989555 -0.00017926200341153564 0.012334481411570739 0.01535082541352157 0.01864250543722527 -0.0085352527136815706 -0.0025128632784907502 -0.010377636442847518 -0.0023379715316758027 -0.013321175113614778 0.021380040030381339 -0.0046926296144140615 0.034648055267004242 0.0089065981587215879 -0.0038115489058692543 0.0087625369716433834 -0.011697649115308817 -0.0027566006971598599 0.014376043145152154 -0.013704807694109054 0.011895859662094275 -0.010371395332240387
leaf_weight=1433.2070924192667 2112.533306106925 2408.7847595214844 682.21533806622028 1165.0632819831371 230.505585744977 1283.6695441752672 3543.3984689861536 638.56504993140697 501.19156257808208 2455.6279690265656 655.53118561208248 316.00068986415863 252.77213171124458 610.32648880779743 657.22017972171307 1867.7579851895571 1062.4135305434465 762.51378530263901 94.584085941314697 179.84695257246494 221.32979638874531 183.30926120281219 736.89392060041428 643.94385434687138 129.99840939044952 255.19262667000294 551.3862866461277 234.54618744552135 107.94659534096718 439.94983498752117
leaf_count=6896 11623 15117 3642 6666 1095 6700 19782 3198 2943 12689 3259 1531 1334 3303 3571 10471 6380 4641 503 985 1069 942 3736 3173 805 1275 2763 1187 539 2313
internal_value=6.56814e-06 -0.00300462 0.00399989 0.00241547 0.0043874 -0.000464532 0.00262692 0.00817379 -0.00831723 0.00362725 0.00062085 0.0151754 -0.00447905 0.00125502 -0.00403321 -0.00719789 -0.00415341 -0.0069747 0.000734282 0.00959628 0.0237873 -0.00444594 0.00670345 0.00394163 0.0039852 0.00812182 0.00765743 0.00379535 -0.00552744 -0.0017582
internal_weight=26418.2 15062.6 11355.6 9956.2 7744.73 10197.7 5465.63 1922.23 4864.9 7514.23 3806.3 1399.39 2211.47 1046.41 4732.1 2619.56 2456.12 1824.93 751.804 862.062 537.33 793.636 3707.92 2274.72 631.19 910.724 1537.82 986.437 342.493 2895.58
internal_count=144131 85734 58397 51170 38925 55848 29680 9898 29886 37830 19536 7227 12245 5579 26168 14545 14769 11021 4074 4627 2600 4245 18294 11398 3748 4534 7662 4899 1726 15002
is_linear=0
shrinkage=0.05


Tree=26
num_leaves=31
num_cat=0
split_feature=70 143 53 39 53 39 53 39 53 71 39 121 47 53 110 121 94 41 39 41 61 60 87 39 53 58 41 39 48 46
split_gain=122.17 78.3539 63.6786 51.2207 52.3646 56.6323 51.6871 59.0253 69.295 38.6095 34.0735 31.8487 29.7748 28.3036 27.9093 27.854 28.241 25.9305 34.5967 44.1236 23.1814 22.4462 22.1225 22.3397 26.4424 23.6746 21.9988 21.5455 30.3522 18.4045
threshold=3.0380854606628422 1.0645138621330263 91.500000000000014 19.500000000000004 39.500000000000007 10.500000000000002 23.500000000000004 4.5000000000000009 10.500000000000002 0.93277353048324596 3.5000000000000004 0.3183265775442124 1.1431379318237307 14.500000000000002 0.42857138812541967 0.1163587123155594 0.26794870197772985 4.5000000000000009 1.5000000000000002 1.5000000000000002 2.5000000000000004 9.5000000000000018 5.6794867515563974 6.5000000000000009 12.500000000000002 3.3718621730804448 4.5000000000000009 16.500000000000004 31.500000000000004 3.4341665506362919
decision_type=10 2 2 2 2 2 2 2 2 8 2 2 8 2 2 2 2 2 2 2 2 2 2 2 2 8 2 2 2 10
left_child=2 9 3 4 5 6 7 8 10 20 17 14 -3 -9 15 -11 -17 18 19 21 -2 -1 23 24 -14 -25 -12 28 -6 -24
right_child=1 12 -4 -5 27 -7 -8 13 -10 11 26 -13 22 -15 -16 16 -18 -19 -20 -21 -22 -23 29 25 -26 -27 -28 -29 -30 -31
leaf_value=0.0096177608087069395 0.0022455853277299001 -0.011067748156416833 0.017956752378699488 -0.016130090221761102 0.0072009657480540338 -0.011638726493020717 0.015125324896977791 -0.011653724049936007 0.018264137118739889 -0.00086842103675115298 -0.026247524731317719 0.013040635952696118 -0.0052875743256902124 0.00038809642112737564 -0.0048363082011939479 0.012106539129468637 -0.0051528359128956884 0.014278204021651815 -0.0039557160310986963 0.02013220464298672 -0.0068717381299971446 0.00021559173774521407 0.018103652977605768 0.00068065559501978058 0.011341957974848025 -0.0173785132158552 -0.0030920494966989974 0.0010359426896849675 0.024996795778866071 -0.0020848958004891435
leaf_weight=899.06214633584023 996.93765193223953 2898.3144000321627 735.90911163389683 334.14916989207268 471.28113812208176 675.04329453408718 825.79531958699226 953.40016227960587 777.49265740811825 1498.9663158804178 138.48089878261089 659.07344327867031 1216.8916195780039 987.56650412082672 1284.2299382388592 1204.285589993 288.45328237116337 505.21816128492355 1459.122004494071 423.53698709607124 2277.7697834074497 2105.4982973635197 180.7477598041296 255.21149238944054 287.12644083797932 611.96837677061558 342.33209557831287 291.83377315104008 502.32437163591385 272.15890169143677
leaf_count=4229 5494 18071 3612 1773 2391 3805 4246 5423 3921 7853 786 3525 6949 5360 7219 6212 1575 2622 7817 2110 12523 10883 1012 1487 1621 3752 1887 1529 2540 1680
internal_value=0.000186354 -0.00302756 0.00378876 0.00288244 0.00345548 0.00224666 0.00325325 0.00209591 0.00433412 0.000104451 0.00246217 0.00289551 -0.00751327 -0.00555624 0.00130501 0.00394859 0.00875928 0.00360434 0.00247403 0.0052143 -0.00409771 0.0030516 -0.0038392 -0.00577258 -0.00205895 -0.0121165 -0.01016 0.0130032 0.0165434 0.00618906
internal_weight=26360.2 13932.1 12428 11692.1 11358 10092.5 9417.51 8591.71 6650.74 8209.72 5873.25 4935.01 5722.42 1940.97 4275.94 2991.71 1492.74 5392.44 4887.22 3428.1 3274.71 3004.56 2824.1 2371.2 1504.02 867.18 480.813 1265.44 973.606 452.907
internal_count=143907 78973 64934 61322 59549 53089 49284 45038 34255 44401 30334 26384 34572 10783 22859 15640 7787 27661 25039 17222 18017 15112 16501 13809 8570 5239 2673 6460 4931 2692
is_linear=0
shrinkage=0.05


Tree=27
num_leaves=31
num_cat=0
split_feature=101 9 143 139 143 60 143 15 61 41 101 119 24 34 61 16 34 139 143 37 101 102 139 46 102 27 47 139 49 61
split_gain=102.473 56.3723 54.8305 63.555 56.9244 36.66 34.9975 34.2832 32.1515 29.8459 23.8376 31.9634 29.2999 20.2693 19.0349 18.3725 21.6421 18.3023 27.5442 18.1659 17.4011 17.2288 16.5061 16.2551 16.114 15.3672 15.2208 15.2053 14.0064 16.0765
threshold=0.49999982118606573 5.6666388511657724 1.2258055806159975 1.0434771180152895 0.77142828702926647 67.500000000000014 0.87692219018936168 2.5000000000000004 1.0000000180025095e-35 94.500000000000014 0.77777776122093212 0.66666650772094738 4.5000000000000009 3.2924290895462041 2.5000000000000004 55.500000000000007 3.0005216598510747 0.85713979601860057 1.0645138621330263 5.5000000000000009 0.99999958276748668 0.58214065432548534 1.4999906420707705 2.1154643297195439 0.31950183212757116 2.5000000000000004 0.60801210999488842 0.83720883727073681 6.5000000000000009 5.5000000000000009
decision_type=2 8 2 2 2 2 2 2 2 2 2 2 2 8 2 2 10 2 2 2 2 2 2 8 2 2 10 2 2 2
left_child=1 -1 3 4 5 8 20 22 -3 24 11 25 -12 27 -6 21 -17 -16 -19 28 -2 -9 23 -4 -5 -8 -13 -7 29 -10
right_child=6 2 7 9 14 13 10 15 19 -11 12 26 -14 -15 17 16 -18 18 -20 -21 -22 -23 -24 -25 -26 -27 -28 -29 -30 -31
leaf_value=0.023271963792195594 2.7061703757383377e-05 0.010083830856568035 0.016334936349716455 0.0045969412567425155 0.0019259542692995403 0.013678206667547169 -0.0012463302201903342 -0.013161594242848088 0.0024358049128976084 0.028720217287307743 -0.0018204890543414795 -0.0084398409493686866 -0.019200728147487994 0.0057560082206667453 -0.010956239696433558 0.01246312415647189 -0.0072346315439177052 0.0014399951749067051 -0.012710984465969702 -0.0093444452932245556 -0.013815539204119221 -0.0030803223991619491 0.0043171774110027459 -0.0033306310265948896 0.01185632060227117 -0.012344563789432449 0.0092717851432649011 0.034211383932582912 0.012581592239731446 -0.0051026434182263958
leaf_weight=288.17333586513996 2328.37569886446 1006.1439424902201 100.7402111440897 1664.9454776346684 1095.0306672006845 507.89935804903507 424.83967882394791 1186.8262403160334 2748.447514846921 176.0432662665844 333.06305254995823 161.3600202947855 904.38462217152119 812.47518056631088 1063.4258148670197 224.38768638670444 334.34597396850586 1207.9591323882341 469.79313689470291 436.92476001381874 241.55320823192596 667.87797535955906 1580.0105469971895 2101.9466635882854 1437.6422762274742 1189.0399408340454 411.85755024850368 110.23537714779377 246.85156227648258 941.17145669460297
leaf_count=1430 13091 4913 493 8665 5837 2509 2506 7045 13902 906 2037 986 5912 4122 5844 1193 2073 6375 2692 2293 1466 3862 8420 11596 7502 7352 2552 530 1264 4822
internal_value=9.24692e-07 0.0016894 0.00136889 0.00310932 0.00123136 0.00397338 -0.00574104 -0.0025412 0.00207207 0.00918514 -0.00904337 -0.00586158 -0.0145749 0.0110589 -0.00363404 -0.00718411 0.000756042 -0.00585404 -0.0025743 0.000210086 -0.00132254 -0.00956732 0.000432193 -0.00236146 0.007988 -0.00944872 0.00422676 0.0178264 0.00129157 0.000504255
internal_weight=26403.8 20409.3 20121.1 13925 10646.4 6810.15 5994.47 6196.14 5379.54 3278.63 3424.54 2187.1 1237.45 1430.61 3836.21 2413.44 558.734 2741.18 1677.75 4373.4 2569.93 1854.7 3782.7 2202.69 3102.59 1613.88 573.218 618.135 3936.47 3689.62
internal_count=144190 108288 106858 72176 55103 34355 35902 34682 27194 17073 21345 13396 7949 7161 20748 14173 3266 14911 9067 22281 14557 10907 20509 12089 16167 9858 3538 3039 19988 18724
is_linear=0
shrinkage=0.05


Tree=28
num_leaves=31
num_cat=0
split_feature=101 142 48 46 27 29 27 29 58 29 71 37 27 48 24 47 27 62 34 117 149 92 27 149 92 62 27 52 108 61
split_gain=88.583 71.151 49.5914 48.7213 48.4338 67.8953 65.3582 52.6341 43.291 39.8358 38.2598 37.1951 35.4001 35.1211 34.3575 31.3054 28.7655 27.275 26.2313 25.9041 25.6368 24.9484 27.8663 23.9285 20.5223 19.5579 19.5285 22.8639 18.7085 18.5135
threshold=0.733333319425583 1.4008461833000185 52.500000000000007 2.7533252239227299 3.5000000000000004 4.5000000000000009 1.5000000000000002 7.5000000000000009 3.2355047464370732 1.5000000000000002 0.79213926196098339 1.5000000000000002 7.5000000000000009 25.500000000000004 4.5000000000000009 0.71684658527374279 5.5000000000000009 7.5000000000000009 2.7720370292663579 12.746252536773683 -0.44059970974922175 0.31899474561214453 1.5000000000000002 -0.73316851258277882 0.79999986290931713 9.5000000000000018 2.5000000000000004 58.500000000000007 59.17420959472657 4.5000000000000009
decision_type=2 2 2 10 2 2 2 2 10 2 10 2 2 2 2 10 2 2 8 2 2 2 2 2 2 2 2 2 2 2
left_child=1 2 4 10 5 6 9 -6 15 11 -3 -1 21 -7 29 16 -9 -8 -4 -18 -17 25 24 -20 -23 -5 27 -19 -10 -2
right_child=14 3 18 12 7 13 17 8 28 -11 -12 -13 -14 -15 -16 20 19 26 23 -21 -22 22 -24 -25 -26 -27 -28 -29 -30 -31
leaf_value=0.0047622050734838564 0.0027346333000168423 -0.0020035584270347412 0.018383269914733571 -0.00061352050769347395 -0.013143567611339205 0.0079717668770748294 -0.0094415512660531234 0.0094333415074947611 -0.0083101921959903048 0.01313664676753875 0.016609530433659855 -0.0038424648151732807 -0.013667761060546769 0.024155135849282711 -0.012857719873890129 0.015683648999688792 0.004950761963412661 -0.0056507632598342458 0.0097158408866562188 -0.011618411232839335 -0.0075160218339800538 0.021313378328538447 -0.0099381613534363072 -0.0047488136928401465 -0.0053864753755976588 0.017421594744866892 -0.0080123832644726327 0.018370316761962904 0.0039111375242032636 -0.012297943815462018
leaf_weight=4862.2095971852541 762.29335810244083 780.77176581323147 607.79323883354664 678.42032143473625 933.78505559265614 1156.4737102538347 1531.9270570725203 517.49889223277569 1475.2767151147127 1019.0164164602757 415.58288009464741 1683.6611818820238 1297.0562047511339 472.7773801535368 1681.7278740108013 723.56624187529087 384.16931584477425 152.93776993453503 1114.3675716221333 583.18574395775795 135.92389760911465 126.58723708987236 1387.2030599713326 376.5538451820612 145.43782882392406 182.88294725120068 253.78842535614967 252.64043086767197 390.33720405399799 268.86651340126991
leaf_count=24370 4493 4257 2953 4076 5161 6025 8229 2669 8362 5190 2210 8754 8049 2469 10747 3747 1947 826 5728 3105 770 717 8534 2170 839 1036 1382 1330 2213 1594
internal_value=6.78742e-05 0.00105103 0.00247414 -0.00423053 0.0015519 0.00337023 0.00178624 -0.0024716 -7.89802e-05 0.0039885 0.00454624 0.00254652 -0.00698568 0.0127866 -0.00847237 0.004436 2.38416e-05 -0.00580009 0.00969575 -0.00505491 0.0119705 -0.00350669 -0.00707618 0.00605528 0.00735351 0.00337192 0.0026749 0.0093943 -0.00574594 -0.00126546
internal_weight=26354.7 23641.8 18627.9 5013.94 16529.2 11385.4 9756.18 5143.74 4209.96 7564.89 1196.35 6545.87 3817.59 1629.25 2712.89 2344.34 1484.85 2191.29 2098.71 967.355 859.49 2520.53 1659.23 1490.92 272.025 861.303 659.367 405.578 1865.61 1031.16
internal_count=143952 127118 97400 29718 86549 58575 50081 27974 22813 38314 6467 33124 23251 8494 16834 12238 7721 11767 10851 5052 4517 15202 10090 7898 1556 5112 3538 2156 10575 6087
is_linear=0
shrinkage=0.05


Tree=29
num_leaves=31
num_cat=0
split_feature=143 58 139 143 110 60 61 123 101 108 93 59 139 143 96 71 27 47 119 92 71 147 110 48 9 46 100 61 0 118
split_gain=103.351 53.8131 52.4526 62.4192 41.8602 30.3578 29.137 26.5558 26.4588 23.4074 22.6379 22.3042 21.5365 54.2257 20.6562 19.7789 19.194 19.1685 20.7176 19.103 19.0293 18.6276 18.5742 17.9309 17.2877 17.0062 16.6661 33.2478 17.2084 16.3836
threshold=1.1081938743591311 2.6579316854476933 0.93246403336524974 0.73170611262321483 0.23529411107301715 7.5000000000000009 1.5000000000000002 3.9150738716125493 0.77777776122093212 16.38996505737305 0.49999998509883886 0.76092755794525158 1.1485143303871157 1.3960387110710146 4.1062028408050546 0.77882015705108654 9.5000000000000018 0.71684658527374279 0.19999996572732928 0.18749999254941943 0.70504969358444225 1.3018834590911867 0.28571428358554846 31.500000000000004 6.7977952957153329 2.359186172485352 6.403733730316163 5.5000000000000009 3.5000000000000004 21.924430847167972
decision_type=2 10 2 2 2 2 2 2 2 2 2 10 2 2 2 8 2 10 2 2 8 2 2 2 8 8 2 2 2 2
left_child=2 10 3 7 17 -3 -5 15 12 11 14 -6 21 23 -2 22 29 -4 19 -19 -11 -7 -1 -14 -8 -9 -27 -28 -29 -15
right_child=1 5 4 6 9 8 24 25 -10 20 -12 -13 13 16 -16 -17 -18 18 -20 -21 -22 -23 -24 -25 -26 26 27 28 -30 -31
leaf_value=0.002193895083988109 -0.0032687001130842636 0.018863355371918574 0.0089966446478143645 0.0040496426549885634 0.0046517550270941252 -0.017297400952290001 0.013260773682973162 0.026986260175270463 -0.016662086283784804 -0.013406306937982854 0.0089894088885469764 0.025390064138460955 -0.0021328524250046588 -0.0072012404982714322 0.0058721021323595406 0.0035179618736330374 -0.015818505631697215 0.020017171063358062 0.03608208073943972 -0.0037144798522807105 0.0012432586012121384 -0.0059135136203473113 -0.0083596988083184786 0.0094843788176944381 -0.0077538810416917202 0.0027811190984721856 0.026515893030827804 -0.0040454829867725868 0.015911333142717223 0.0084504131155821016
leaf_weight=854.64274726808071 2443.268088683486 104.65999309718609 2075.1475915312767 744.9421534538269 522.97563974559307 666.36967292428017 92.683161661028862 110.79081547260284 649.56775286793709 249.16587202250957 681.54015816748142 165.29546098411083 608.25762590765953 1794.565928503871 816.38517358899117 4214.7894919216633 626.64794991910458 289.52531269192696 135.63229060173035 114.40235126018524 1524.0104761123657 801.50879859924316 797.99243605136871 713.74148263037205 2733.2026480734348 893.75334471464157 269.66328211128712 254.60230894386768 173.7913571447134 175.9129287302494
leaf_count=4368 12899 590 10387 4042 2804 3941 477 527 4441 1437 3431 843 3523 11020 4243 21578 3953 1459 692 615 8473 4970 4415 4127 15177 4491 1436 1338 876 1105
internal_value=0.000185562 -0.00378743 0.00265646 0.000735014 0.0068638 -0.00670996 -0.00470605 0.00330442 -0.0071838 0.00216988 0.000771959 0.00992456 -0.00601215 -0.00405925 -0.000968414 0.00170228 -0.00824467 0.0112575 0.0196308 0.0133684 -0.000878929 -0.0111635 -0.00292165 0.00416336 -0.00702031 0.00878347 0.00735598 0.0130914 0.0042289 -0.00576834
internal_weight=26299.4 10082.4 16217 11140.9 5076.15 6141.23 3570.83 7570.03 6036.57 2461.45 3941.19 688.271 5387 3919.13 3259.65 5867.42 2597.13 2614.71 539.56 403.928 1773.18 1467.88 1652.64 1322 2825.89 1702.6 1591.81 698.057 428.394 1970.48
internal_count=143678 58243 85435 58725 26710 37670 19696 39029 37080 13557 20573 3647 32639 23728 17142 30361 16078 13153 2766 2074 9910 8911 8783 7650 15654 8668 8141 3650 2214 12125
is_linear=0
shrinkage=0.05


Tree=30
num_leaves=31
num_cat=0
split_feature=58 143 66 58 60 110 139 143 48 25 47 71 39 53 53 39 60 62 48 41 39 110 118 139 93 131 41 108 110 119
split_gain=96.5519 69.8641 64.7588 40.8728 38.7763 31.7774 30.2289 54.9882 28.2087 30.1214 28.1351 26.7749 26.9083 30.3077 29.6115 29.5652 26.1612 24.878 23.9925 23.5944 21.5426 20.8762 21.3362 18.6906 20.5505 17.7604 17.3773 17.2343 16.8837 19.3309
threshold=2.85924243927002 0.98437395691871654 27.500000000000004 2.2816020250320439 7.5000000000000009 0.70588234066963207 1.1485143303871157 1.3636331558227541 66.500000000000014 1.0000000180025095e-35 0.62815725803375255 0.79213926196098339 2.5000000000000004 3.5000000000000004 19.500000000000004 12.500000000000002 11.500000000000002 10.500000000000002 31.500000000000004 34.500000000000007 7.5000000000000009 0.99999925494194042 19.941243171691898 0.81818014383316051 0.49999998509883886 0.41222946345806127 7.5000000000000009 105.04171752929689 0.19999999552965167 0.1882496774196625
decision_type=10 2 2 8 2 2 2 2 2 2 8 10 2 2 2 2 2 2 2 2 2 2 2 2 2 2 2 2 2 2
left_child=2 8 3 17 -5 11 -3 18 9 21 -4 12 13 -6 20 -16 25 -1 -8 -17 26 22 28 -11 -25 -9 -14 -18 29 -2
right_child=1 6 10 4 5 -7 7 16 -10 23 -12 -13 14 -15 15 19 27 -19 -20 -21 -22 -23 -24 24 -26 -27 -28 -29 -30 -31
leaf_value=0.0079746989259888556 0.0038930678915244294 -0.010827341188502025 0.0015044077008770681 0.010846961878937925 -0.00037053801535359487 -0.012616177615561143 -0.002517712010300043 0.024774580578855437 0.013610670794020611 -0.0064900398435287117 0.025266344754957887 0.0064924040375876971 -0.010570873120498425 0.0098240617742368242 0.0066347931749052187 -0.022806915001566234 -0.01040623326858011 0.029890770731412986 0.010020215872928617 -0.0008473503565185358 -0.025169434961579418 -0.013908006502471447 0.012891901058477824 -0.0030634025275354847 0.0095169482998307426 -0.0054243272488003411 -6.6250989009251961e-05 0.0053239466869836778 -0.00030440714021292908 0.021943714979798662
leaf_weight=1331.4088604599237 644.5226094275713 2485.008505910635 172.28587165474892 947.69669307768345 2525.9030591696501 444.72375111281872 754.54964131116867 88.650010779500008 382.09112441539764 2060.2920445203781 452.64045488834381 1726.6663847267628 948.5746131837368 1014.4472873061895 974.64788749814034 167.31186746060848 2439.9188145846128 135.96091252565384 755.30590894818306 397.05820351839066 158.1141674220562 162.43720996379852 547.17374965548515 1039.0590283572674 460.17485982179642 90.321050480008125 668.29961605370045 181.49299545586109 2012.5316452682018 185.15174998342991
leaf_count=6622 3336 15056 860 4384 12882 2727 4434 513 1928 11282 2219 9000 5173 5066 4983 933 15508 644 4344 2047 914 977 2948 5686 2420 537 3578 1142 10950 945
internal_value=4.72285e-06 -0.00277543 0.00329665 0.00243179 0.0012807 0.000265355 -0.00644294 -0.00389596 0.000554525 -0.000165107 0.0188423 0.000946867 -0.000457521 0.00257005 -0.00368988 0.00138415 -0.00803275 0.0101939 0.00377905 -0.00764117 -0.00807246 0.00308819 0.00394125 -0.00341091 0.000835483 0.0100536 -0.00625611 -0.00930106 0.00217894 0.00813465
internal_weight=26354.4 14288.7 12065.7 11440.8 9973.44 9025.75 6795.25 4310.24 7493.43 7111.34 624.926 8581.02 6854.36 3540.35 3314.01 1539.02 2800.38 1467.37 1509.86 564.37 1774.99 3551.82 3389.38 3559.53 1499.23 178.971 1616.87 2621.41 2842.21 829.674
internal_count=144038 82006 62032 58953 51687 47303 41534 26478 40472 38544 3079 44576 35576 17948 17628 7963 17700 7266 8778 2980 9665 19156 18179 19388 8106 1050 8751 16650 15231 4281
is_linear=0
shrinkage=0.05


Tree=31
num_leaves=31
num_cat=0
split_feature=101 143 139 143 39 139 143 139 47 53 70 70 36 149 71 78 93 61 46 121 87 37 123 41 39 138 53 39 41 60
split_gain=84.1364 64.0661 66.5821 53.1808 36.216 35.4407 35.0564 29.6806 26.0013 23.8504 27.4123 21.1716 23.4187 20.9183 20.9804 19.399 19.2508 18.5143 17.6531 17.2735 17.2277 16.789 16.6178 16.4934 28.7541 16.0207 15.5917 40.3447 30.6591 18.7186
threshold=0.77777776122093212 1.3636331558227541 1.2244886755943301 0.73170611262321483 7.5000000000000009 0.91227996349334728 1.0645138621330263 0.81818014383316051 1.411232650279999 19.500000000000004 2.8849428892135625 2.72774350643158 28.500000000000004 -1.112131595611572 0.75098416209220897 6.5357134342193612 0.39534883201122289 1.5000000000000002 2.6068599224090581 0.30481998622417456 3.4999992847442631 5.5000000000000009 6.5859603881835946 52.500000000000007 16.500000000000004 0.66332301497459423 12.500000000000002 3.5000000000000004 4.5000000000000009 19.500000000000004
decision_type=2 2 2 2 2 2 2 2 8 2 10 8 2 2 10 2 2 2 8 2 2 2 2 2 2 2 2 2 2 2
left_child=1 2 3 7 26 17 23 13 -2 -6 15 -9 -13 14 -1 -11 20 -5 -8 25 -4 22 -15 24 -7 -19 27 28 29 -3
right_child=8 4 16 5 9 6 18 11 -10 10 -12 12 -14 21 -16 -17 -18 19 -20 -21 -22 -23 -24 -25 -26 -27 -28 -29 -30 -31
leaf_value=-0.0012681496567529585 -0.013371658271454116 0.0027557759203241335 0.0029307835679989133 0.0013296599443576951 -0.023002127804234676 0.0049956543222424692 0.0067741797048214945 0.026140675117967804 -0.0022541157538934924 -0.0022541612819785301 -0.010692041954836373 0.0051268464797635006 0.02752062826833317 0.0016736581957789371 0.01193664078065001 0.020595619857051398 0.01562343012012141 -0.0056053827336308348 -0.0050505023804321252 0.0042352447922102505 0.013952483792163295 -0.0064801763874158995 0.018676836007063127 0.012943271702906801 -0.014446182720665283 -0.014111914750558247 0.0053701143391498823 -0.01266259383531197 0.014670796235666091 -0.0082929959650453345
leaf_weight=425.81626179814339 1417.5040040910244 940.84847125411034 1121.3048956543207 723.91065046191216 255.5794330984354 1812.9162607938051 361.9077290147543 191.46470659971237 840.15584410727024 444.62898087501526 1365.3218676298857 877.72693225741386 126.1836215108633 4228.4170917570591 1000.2058796584606 106.91882860660553 895.63750390708447 1392.0914512872696 2110.2640727758408 266.47257953882217 513.64173574745655 619.202856361866 138.92990964651108 516.53359021246433 202.62384940683842 935.84523382782936 808.06693117320538 705.65074348449707 338.4765856564045 632.95234164595604
leaf_count=2145 9166 4822 5894 3870 1610 9556 1870 931 4984 2420 8697 4423 611 21532 4937 568 4709 7532 12258 1443 2766 3257 694 2595 1059 5402 4608 4219 1842 3478
internal_value=-5.55429e-05 0.000811904 0.00223273 0.00103322 -0.00386895 -0.00172805 0.000929571 0.00405216 -0.00926261 -0.00890315 -0.0069137 0.0112542 0.00818524 0.00269419 0.00801226 0.00246321 0.00975007 -0.00572666 -0.00329914 -0.00769311 0.00645718 0.00116037 0.00225598 0.00505498 0.00297948 -0.0090708 -0.000660108 -0.00253479 0.00124891 -0.00171213
internal_weight=26317.2 24059.5 18461.1 15930.5 5598.44 8322.57 5004.25 7607.95 2257.66 2172.45 1916.87 1195.38 1003.91 6412.57 1426.02 551.548 2530.58 3318.32 2472.17 2594.41 1634.95 4986.55 4367.35 2532.07 2015.54 2327.94 3426 2617.93 1912.28 1573.8
internal_count=143898 129748 97484 84115 32264 45585 27338 38530 14150 13295 11685 5965 5034 32565 7082 2988 13369 18247 14128 14377 8660 25483 22226 13210 10615 12934 18969 14361 10142 8300
is_linear=0
shrinkage=0.05


Tree=32
num_leaves=31
num_cat=0
split_feature=58 47 25 149 34 99 62 62 47 53 39 149 101 39 34 47 60 53 62 53 63 53 70 101 100 147 142 39 102 62
split_gain=78.5018 60.2079 55.5285 37.9683 31.6969 33.2169 38.5889 26.4409 25.321 26.5473 29.166 25.2738 24.9244 28.0632 22.8487 20.5325 20.1639 20.2226 20.1437 19.9172 25.4278 19.6613 19.1804 18.9484 20.5773 18.8274 21.4274 17.5689 18.3672 17.0318
threshold=2.7974874973297124 0.91266900300979625 1.0000000180025095e-35 -0.95477125048637379 2.0923959016799931 8.1836829185485858 6.5000000000000009 17.500000000000004 0.44619436562061315 16.500000000000004 7.5000000000000009 -0.50736540555953968 0.74999991059303295 13.500000000000002 3.6216977834701543 0.91266900300979625 15.500000000000002 22.500000000000004 12.500000000000002 29.500000000000004 22.500000000000004 45.500000000000007 3.2035042047500615 0.83333328366279613 14.862322807312013 0.80232429504394542 1.1688957810401919 4.5000000000000009 0.26666666567325598 11.500000000000002
decision_type=10 10 2 2 8 2 2 2 8 2 2 2 2 2 8 8 2 2 2 2 2 2 10 2 2 2 2 2 2 2
left_child=1 4 15 7 18 6 16 22 -7 -10 -11 -12 13 19 21 23 -6 27 -1 20 -5 -15 -4 24 -2 -9 -27 28 -18 -3
right_child=2 29 3 12 5 8 -8 25 9 10 11 -13 -14 14 -16 -17 17 -19 -20 -21 -22 -23 -24 -25 -26 26 -28 -29 -30 -31
leaf_value=0.0081339342432621801 -0.0032084864331946824 0.010009493213688058 0.001842305929518155 -0.0034503982548751396 0.0057585282912620672 -0.012313019600821162 0.018136817303533656 -0.0038118173066068596 -0.0069036472552090819 0.023198860641677768 0.0056453749575644937 -0.01450771580839743 -0.017328182450086403 -0.021324893363107611 -0.018377367583583715 0.003364689679055682 -0.0016478906852056699 0.0076573864357724316 0.029597926071711356 0.0037378964083719327 -0.019886589043290073 -0.0042852930079995055 -0.0088805134369411582 -0.01476348085512838 0.010557185768540953 0.011970003832046614 -0.0033009858808809075 -0.0096317449092662901 0.0081995887959356271 0.026682347576763195
leaf_weight=612.47679537534714 1575.208590850234 350.08160203695297 649.76566334068775 1742.294683650136 2649.9295284599066 601.22071100771427 397.95822791755199 540.96418936550617 888.15361784398556 169.04696454107761 662.26065409183502 192.45214433968067 575.38279929757118 191.84236180782318 667.18444606661797 4039.0197070091963 2592.8273430019617 754.2992549687624 127.29303355515003 766.26768732070923 263.41125093400478 1106.5375697612762 1139.7080518454313 271.53531244397163 317.63259167969227 774.806226760149 319.58877702057362 527.72152183949947 568.81529594957829 292.9291572868824
leaf_count=2933 9029 1871 3495 10494 12844 3426 1918 2790 5107 873 3419 1113 3924 1217 4163 22380 13340 3704 574 4539 1612 6495 6250 1779 1866 3941 1827 2805 2846 1441
internal_value=2.80187e-05 0.00315383 -0.00235485 -0.004921 0.00225567 0.00151096 0.00317888 -0.000811835 -0.00345395 -0.000618553 0.00484806 0.000992289 -0.00756336 -0.0063434 -0.0109001 0.00126179 0.00231538 0.000253771 0.0121728 -0.00308476 -0.00569693 -0.00694673 -0.00499841 -0.00265993 -0.000855164 0.00377182 0.00752101 -0.00127652 0.000144049 0.0178972
internal_weight=26328.6 11387.5 14941.1 8737.75 10744.5 10004.7 7491.55 3424.83 2513.13 1911.91 1023.76 854.713 5312.92 4737.54 1965.56 6203.4 7093.59 4443.66 739.77 2771.97 2005.71 1298.38 1789.47 2164.38 1892.84 1635.36 1094.4 3689.36 3161.64 643.011
internal_count=144015 58214 85801 50747 54902 51395 37457 18303 13938 10512 5405 4532 32444 28520 11875 35054 35539 22695 3507 16645 12106 7712 9745 12674 10895 8558 5768 18991 16186 3312
is_linear=0
shrinkage=0.05


Tree=33
num_leaves=31
num_cat=0
split_feature=143 70 71 139 92 13 121 110 39 48 66 146 110 87 41 139 143 60 121 143 48 143 143 110 39 139 139 60 48 65
split_gain=70.3338 47.9571 49.5694 39.8832 38.8603 31.6417 26.3963 26.2354 30.4011 34.6336 26.4878 26.047 23.205 22.9032 21.1306 20.5635 21.4204 20.1859 19.5775 18.7148 18.4952 24.4281 18.1487 17.8866 22.095 17.5289 17.2164 16.9316 16.6035 16.0855
threshold=1.1999966502189638 3.0630797147750859 0.90797194838523876 0.89361667633056652 0.72792205214500438 1.0000000180025095e-35 0.3183265775442124 0.46153844892978674 8.5000000000000018 31.500000000000004 29.500000000000004 2.0244991779327397 0.87499991059303295 5.499997854232789 10.500000000000002 1.1111108660697939 1.4701980352401736 20.500000000000004 0.22127521038055423 0.39130319654941564 45.500000000000007 0.8170469105243684 0.87692219018936168 0.12499998882412912 26.500000000000004 1.2244886755943301 0.91227996349334728 7.5000000000000009 26.500000000000004 42.500000000000007
decision_type=2 10 10 2 2 2 2 2 2 2 2 2 2 2 2 2 2 2 2 2 2 2 2 2 2 2 2 2 2 2
left_child=1 2 3 11 5 13 7 8 9 18 29 19 -8 17 -11 -7 -17 -2 -3 -1 27 -22 -5 -12 26 -24 -25 -21 -4 -10
right_child=4 6 28 22 -6 15 12 -9 10 14 23 -13 -14 -15 -16 16 -18 -19 -20 20 21 -23 25 24 -26 -27 -28 -29 -30 -31
leaf_value=0.0055559419350632759 0.0035163081426616638 -0.00010250619266196164 0.0060845287123913504 0.012636654623964964 -0.013419075972340669 -0.016354719277647405 0.0081621706268316212 -0.0064853569495036045 -0.02172027754752243 0.0053620230210642151 0.019790410790857107 -0.010962968106140128 -0.014049780139857974 0.0091550441025113217 0.028503527359317788 0.00087295686778213893 -0.0081671205126466924 -0.0041414784626714815 0.014951645506116457 0.013547663810571342 0.017816679338508425 -0.010398596354158782 0.00097432450801537016 -0.003173748549131359 -0.014432807913658731 0.011893631060894227 0.012715430204283541 -0.0044350636210367519 0.017376308179251461 -0.0061298902051820309
leaf_weight=1465.3388352543116 1352.5209966152906 2532.469464302063 554.04553247988224 1021.5099526643753 937.59204626828432 438.72885237634182 1126.6318152099848 2229.8561794608831 179.79577480256557 207.17992646992207 118.46117858588696 494.96672298014164 122.02190868556499 597.00600011646748 188.84326533973217 1046.0102484077215 1736.2334351837635 2328.1198603957891 226.08669719099998 130.35234586894512 235.31070528924465 103.78297334909439 1235.2486132532358 363.19914445281029 198.51416712999344 514.46068313717842 306.17009395360947 2008.3743534088135 837.25443911552429 1456.1351477950811
leaf_count=7117 7084 13246 2867 5042 6294 2631 6109 13027 1075 1102 591 2734 767 3383 998 5992 10331 13505 1167 597 1165 547 6526 1887 1065 2633 1625 10480 4213 8067
internal_value=-0.000115375 0.00166209 0.0043479 0.00267117 -0.00387506 -0.00266544 -0.00083572 -0.00189177 -0.000110507 0.00319206 -0.0040805 -0.000270175 0.00589718 0.000155082 0.0168273 -0.00640014 -0.00477747 -0.00132558 0.00118086 0.00109638 -0.00155266 0.00913061 0.00736578 0.00237734 -0.000197801 0.00423423 0.00417416 -0.00328109 0.0129552 -0.00796489
internal_weight=26292.2 17856 8600.65 7209.35 8436.21 7498.62 9255.36 8006.71 5776.85 3154.58 2622.28 4438.13 1248.65 4277.65 396.023 3220.97 2782.24 3680.64 2758.56 3943.16 2477.82 339.094 2771.22 986.345 867.883 1749.71 669.369 2138.73 1391.3 1635.93
internal_count=143867 94647 43921 36841 49220 42926 50726 43850 30823 16513 14310 22640 6876 23972 2100 18954 16323 20589 14413 19906 12789 1712 14201 5168 4577 9159 3512 11077 7080 9142
is_linear=0
shrinkage=0.05


Tree=34
num_leaves=31
num_cat=0
split_feature=70 71 71 58 25 138 66 70 93 58 60 66 101 147 48 143 117 114 70 121 27 48 48 40 108 127 109 60 70 55
split_gain=73.8901 57.5222 53.9581 48.2279 45.9142 39.7515 30.4722 35.3192 22.2869 22.2289 22.0593 22.1856 21.6446 20.6237 20.0778 16.9595 16.771 16.7566 16.2098 18.7333 15.8693 16.7745 15.5947 33.3421 15.2931 15.176 15.1718 14.9833 14.423 14.1001
threshold=3.0380854606628422 0.99882140755653392 0.79213926196098339 2.2816020250320439 1.5000000000000002 1.2709000706672671 10.500000000000002 3.3219323158264165 0.71273654699325573 2.7974874973297124 5.5000000000000009 9.5000000000000018 0.70912712812423717 1.5918323397636416 66.500000000000014 0.73170611262321483 23.996621131896976 4.3504385948181161 4.1819889545440683 0.23529411107301715 10.500000000000002 30.500000000000004 6.5000000000000009 7.5000000000000009 8.2061090469360369 0.85714155435562145 3.4361909627914433 17.500000000000004 3.6239187717437749 17.133165359497074
decision_type=10 8 10 10 2 2 2 10 2 8 2 2 2 2 2 2 2 2 10 2 2 2 2 2 2 2 2 2 10 2
left_child=2 4 3 10 15 6 -3 -8 9 -4 -1 22 13 17 -9 16 -2 24 19 26 21 -11 -12 -24 -5 27 -17 -25 -7 -26
right_child=1 5 8 12 -6 28 7 14 -10 20 11 -13 -14 -15 -16 18 -18 -19 -20 -21 -22 -23 23 25 29 -27 -28 -29 -30 -31
leaf_value=0.013541509658844819 0.0078427113129111246 -0.00108337401920802 0.011376528006530866 0.016685005935188808 -0.011669829000643998 -0.00096693785964780505 0.01761381987155592 0.0019451861779184586 0.01891670786916853 -0.001419428683380329 -0.0028090588876473013 0.021620571298343355 -0.013176806132861488 -0.010768662194298369 0.018661562721205928 -0.0035283090766633413 -0.0026022319762732779 0.0096229138181147342 0.0075363113926456829 9.453794334624222e-05 -0.010967551600786645 0.010957113319456376 0.018373820578032208 0.01281591845160087 -0.012044657429023572 -0.00097600846284919278 -0.013127615167889682 0.0026820968900230372 -0.0089394873100051703 -0.00095712189420415659
leaf_weight=508.26300300657749 579.68500836193562 2315.7111033797264 1277.4712126851082 96.449303984642029 2272.0652120560408 1147.1792457252741 575.9246269017458 1804.6592478603125 437.28381624817848 580.19453561306 1200.2388388067484 141.13039070367813 501.59171354025602 550.09184527397156 189.9372211098671 691.47978381812572 1094.3093321621418 363.18802012503147 215.90194840729237 752.32848287373781 189.05663742125034 504.99690759181976 341.9422939568758 492.58112449944019 332.05536597967148 1828.7918702661991 1043.1741755753756 1358.8916437476873 1117.5264986231923 1786.8095118403435
leaf_count=2283 3074 12332 6470 489 13535 6846 3079 10079 2169 3220 5837 666 3162 3205 992 3924 5892 1873 1292 4593 1008 2729 1663 2465 1762 9331 6409 6914 6877 9735
internal_value=-5.27631e-05 -0.00257374 0.00273221 0.000885754 -0.00591782 0.000539499 0.00307619 0.00681311 0.00857954 0.00674115 0.00368428 0.00272673 -0.00363856 -0.00207223 0.00362217 -0.00291212 0.00103983 -0.000182516 -0.00535451 -0.0064993 0.00204164 0.00438749 0.0021758 0.00366657 -0.00182608 0.002254 -0.00934323 0.00543255 -0.00492302 -0.00274311
internal_weight=26290.9 13799.9 12491 9502.02 6648.94 7150.94 4886.23 2570.52 2989 2551.72 5871.84 5363.58 3630.19 3128.59 1994.6 4376.88 1673.99 2578.5 2702.88 2486.98 1274.25 1085.19 5222.45 4022.21 2215.31 3680.26 1734.65 1851.47 2264.71 2118.86
internal_count=143905 78924 64981 49385 38719 40205 26482 14150 15596 13427 29159 26876 20226 17064 11071 25184 8966 13859 16218 14926 6957 5949 26210 20373 11986 18710 10333 9379 13723 11497
is_linear=0
shrinkage=0.05


Tree=35
num_leaves=31
num_cat=0
split_feature=101 22 27 29 27 48 29 27 48 102 34 47 27 67 29 37 24 110 62 48 36 48 36 70 102 119 48 51 27 70
split_gain=70.1657 63.2829 57.8384 73.1382 57.5031 56.2547 49.3722 59.9737 34.5923 32.733 31.5163 34.3736 30.1852 31.1525 27.9795 28.4008 26.9196 21.8587 21.8145 21.5616 26.8342 22.8818 25.0886 20.9957 19.7403 17.3452 18.2743 22.7341 16.0478 15.8189
threshold=0.74999991059303295 2.1457623243331914 2.5000000000000004 4.5000000000000009 3.5000000000000004 52.500000000000007 2.5000000000000004 1.5000000000000002 25.500000000000004 0.58214065432548534 3.224787831306458 0.98112350702285778 9.5000000000000018 971.08996582031261 1.5000000000000002 1.5000000000000002 4.5000000000000009 0.29999999701976782 11.500000000000002 23.500000000000004 17.500000000000004 30.500000000000004 31.500000000000004 2.9376196861267094 0.24999997764825824 0.23529411107301715 38.500000000000007 23.500000000000004 9.5000000000000018 2.5126260519027714
decision_type=2 8 2 2 2 2 2 2 2 2 10 8 2 2 2 2 2 2 2 2 2 2 2 8 2 2 2 2 2 8
left_child=1 18 6 -4 23 9 7 14 29 12 11 24 13 17 15 -3 -2 25 -1 -11 -21 -22 -23 -5 28 26 -6 -28 -7 -8
right_child=16 2 3 4 5 10 8 -9 -10 19 -12 -13 -14 -15 -16 -17 -18 -19 -20 20 21 22 -24 -25 -26 -27 27 -29 -30 -31
leaf_value=0.0062916603989023037 -0.001441392365189713 0.0034794998210622239 -0.014631451116608324 0.01956934719479814 -0.0093789300746222361 0.0038543322599880006 0.019199369961557345 -0.010733476581646634 0.020811880602833576 -0.0057347955962458652 -0.001761979628522755 0.020882248063076668 -0.015716546969245959 0.0037162664302285049 0.01155881081774009 -0.0038354811406228922 -0.012225820239329312 -0.012635507855495482 0.020763509119373094 0.020435557909524144 -0.01123120391779224 0.0091069022164120168 -0.01031558247660023 0.0051003795101269992 0.0099597688995661897 0.00527260800031843 0.010329222814989974 -0.012120952565286669 -0.018271973858352678 0.0045462620627151791
leaf_weight=605.95029953122139 952.26845961809158 5073.3453133404255 1051.3714660555124 335.99660854041576 1254.6717448681593 179.60047745704651 197.56628096103668 938.78507763147354 497.11451511085033 856.9909752458334 1057.0892625749111 447.00814616680145 775.15339817106724 816.97605495154858 771.85503140091896 1786.484710469842 1476.6420852094889 1164.3101944923401 464.53237111866474 207.26635923981667 270.48905090987682 764.67519049346447 202.7580561041832 953.21462832391262 475.04033830761909 393.81559559702873 298.46001440286636 167.97114111483097 136.53277516365051 1772.228772342205
leaf_count=3067 5678 25353 6020 1753 7130 951 997 5180 2627 4865 5983 2264 4684 4683 3976 9356 9742 7164 2255 1087 1569 4106 1149 5268 2385 2245 1652 884 731 9441
internal_value=5.80495e-05 0.000881521 0.000322184 -0.00210909 -0.000872845 -0.00222417 0.00292307 0.00112472 0.00914108 -0.00440311 0.00457534 0.00995655 -0.00672103 -0.00498462 0.00259556 0.00157167 -0.00802097 -0.00715704 0.0127057 0.000509425 0.00422619 0.00137023 0.00497238 0.00899291 0.00360001 -0.00409575 -0.00625745 0.00215975 -0.00596891 0.00610549
internal_weight=26346.2 23917.3 22846.8 11809.4 10758 9468.81 11037.4 8570.47 2466.91 7173.54 2295.27 1238.18 4871.36 4096.2 7631.69 6859.83 2428.91 3279.23 1070.48 2302.18 1445.19 1237.92 967.433 1289.21 791.174 2114.92 1721.1 466.431 316.133 1969.8
internal_count=144245 128825 123503 66573 60553 53532 56930 43865 13065 41218 12314 6331 28442 23758 38685 34709 15420 19075 5322 12776 7911 6824 5255 7021 4067 11911 9666 2536 1682 10438
is_linear=0
shrinkage=0.05


Tree=36
num_leaves=31
num_cat=0
split_feature=143 59 33 60 102 108 39 53 53 58 59 39 121 39 112 102 108 35 102 135 96 15 15 53 51 63 70 34 139 110
split_gain=58.7257 42.265 42.0769 36.0488 35.6483 34.9498 34.1808 40.9646 37.5248 33.7145 29.6688 24.7519 24.5682 22.7264 22.0001 21.3317 20.8958 18.7669 18.6929 18.5246 17.6484 21.7636 17.5485 17.1638 17.268 15.9999 15.2795 15.0504 14.8995 14.5429
threshold=0.87692219018936168 0.80607876181602489 202.25743103027347 89.500000000000014 0.66666665673255932 12.829838752746584 6.5000000000000009 23.500000000000004 13.500000000000002 3.1840064525604252 0.43468435108661657 2.5000000000000004 0.2927700281143189 10.500000000000002 0.089418977499008193 0.63652092218399059 7.4173300266265878 1.5293781757354739 0.26666666567325598 1.1904750466346743 4.2366943359375009 4.5000000000000009 1.0000000180025095e-35 7.5000000000000009 8.5000000000000018 5.5000000000000009 3.0380854606628422 3.224787831306458 0.83720883727073681 0.99999925494194042
decision_type=2 8 10 2 2 2 2 2 2 10 10 2 2 2 2 2 2 8 2 2 2 2 2 2 2 2 10 8 2 2
left_child=3 5 4 6 12 10 8 -8 11 -5 16 29 20 -9 -7 -15 -2 -4 -12 -6 22 27 -3 -13 -25 -16 -17 -22 -11 -1
right_child=1 2 17 9 19 14 7 13 -10 28 18 23 -14 15 25 26 -18 -19 -20 -21 21 -23 -24 24 -26 -27 -28 -29 -30 -31
leaf_value=0.0043177987592641987 0.0067559134482625171 0.00055112838214850816 -0.014896239669615575 0.016978199956838368 0.01363419954648616 -0.00045850037624035759 -0.01400684750775082 0.0059450489923291092 0.0099213068061711276 -0.0026773800548706966 -0.0024998437364079098 -0.010561061567816738 0.0091873041474999171 -0.0083862271763581082 0.0050708596277785952 0.014865035483949161 -0.014127126837384355 -0.0017050526067137689 0.012630605668072035 0.00079845484557873072 0.014277666115007359 -0.0060379373080931302 -0.0051317720470158042 0.0025229862652123092 -0.017752519802968002 -0.012737808925291794 -0.0025516727736359592 0.0027926537361812258 0.011459890422042075 -0.00906771718611654
leaf_weight=3618.9201525747776 158.42768710851669 2367.6026695817709 656.06434698402882 778.48595543205738 731.55540402233601 538.5021268799901 641.01764065027237 983.29674093425274 1689.6096103340387 517.14390988647938 350.64253234863281 584.99224300682545 597.15942579507828 923.82418885827065 128.86750794202089 195.72559224069118 424.68860103189945 457.83042821288109 469.30813604593277 454.78700672090054 385.69223868101835 502.95270053297281 3171.4325914233923 891.27493929862976 108.86184805631638 2135.4142967015505 318.52832381427288 1047.1931603997946 278.95760913193226 205.73605482280254
leaf_count=17988 776 12568 4220 3802 3915 3240 3620 5099 8556 2673 1941 3275 3530 4968 830 953 2417 2891 2471 2423 2162 2859 18106 4833 611 13303 1689 5781 1423 1218
internal_value=7.78341e-07 -0.00211794 -0.000401743 0.00263207 0.000706545 -0.00633936 0.00153662 -0.00287234 0.00343983 0.00964739 0.000105716 0.00140094 -0.000486648 0.000120819 -0.00955466 -0.0038751 -0.00843514 -0.00953784 0.00620808 0.00876139 -0.00127073 0.00282899 -0.00270606 -0.00383664 0.000162163 -0.0117064 0.00423425 0.00596162 0.0023571 0.003576
internal_weight=26314.5 14578.1 10372.3 11736.4 9258.38 4205.85 10161.8 3062.39 7099.39 1574.59 1403.07 5409.79 8072.03 2421.37 2802.78 1438.08 583.116 1113.89 819.951 1186.34 7474.87 1935.84 5539.04 1585.13 1000.14 2264.28 514.254 1432.89 796.102 3824.66
internal_count=144141 83433 58455 60708 51344 24978 52810 16329 36481 7898 7605 27925 45006 12709 17373 7610 3193 7111 4412 6338 41476 10802 30674 8719 5444 14133 2642 7943 4096 19206
is_linear=0
shrinkage=0.05


Tree=37
num_leaves=31
num_cat=0
split_feature=110 39 53 53 39 58 66 39 53 119 48 41 41 39 41 62 48 41 39 39 41 45 53 39 53 48 47 91 53 39
split_gain=55.9357 55.1493 83.0508 79.6482 66.8866 62.6808 41.478 40.1801 39.4288 38.7138 38.6102 47.4507 37.1176 33.911 41.7877 33.2822 32.8358 33.0741 31.8108 30.3651 54.0623 32.6255 29.9078 29.8016 41.7147 32.9239 26.9822 25.4537 24.546 24.2798
threshold=0.72924500703811657 5.5000000000000009 9.5000000000000018 19.500000000000004 3.5000000000000004 3.1050776243209843 30.500000000000004 11.500000000000002 39.500000000000007 0.66666650772094738 26.500000000000004 19.500000000000004 4.5000000000000009 7.5000000000000009 10.500000000000002 54.500000000000007 23.500000000000004 7.5000000000000009 13.500000000000002 1.5000000000000002 1.5000000000000002 72.119834899902358 35.500000000000007 16.500000000000004 77.500000000000014 41.500000000000007 1.3626270890235903 12.692335128784181 118.50000000000001 9.5000000000000018
decision_type=2 2 2 2 2 10 2 2 2 2 2 2 2 2 2 2 2 2 2 2 2 8 2 2 2 2 8 2 2 2
left_child=1 2 4 13 12 6 7 10 -9 15 -5 -12 19 14 -3 18 -4 -18 22 20 -1 -22 29 25 -25 -10 -2 28 -20 -7
right_child=26 3 16 5 -6 9 -8 8 23 -11 11 -13 -14 -15 -16 -17 17 -19 27 -21 21 -23 -24 24 -26 -27 -28 -29 -30 -31
leaf_value=0.00085722305220817599 -0.011334390839992199 -0.013792753557598778 0.0068110945892935586 0.00012024724561947207 -0.011854761661692768 -0.00073119582274784438 0.013445062327835301 -0.015635248771696145 0.001448055247423747 0.018323772003767651 0.0046930887899239741 0.02869258721065357 0.01222461994957205 -0.019610095672102808 0.0043307925328559182 0.015214106017630416 0.0086817927251683236 0.028671999852205199 -0.0082788382904815504 -0.0041890241989118162 0.036767182315470763 0.0099293297331388714 0.0047424155029568427 -0.017279918567444166 0.0044458111056561167 0.026230849243408474 -0.00057233482835569412 -0.014545957102264449 0.0054587370445200907 -0.014402244365437258
leaf_weight=3568.908456414938 1519.900458432734 718.3315569087863 2611.7471461445093 870.04811526834965 973.02116936445236 845.93535324186087 989.61596141755581 457.07767402380705 415.88553684949875 188.58987145870924 481.63264724612236 356.2147418409586 787.79147294163704 699.03015594929457 557.93785180896521 203.84344989061356 453.93774388730526 390.93800976872444 1237.2721583247185 2058.0733910053968 146.28599990904331 457.85672391951084 1219.5042901486158 374.23236064612865 512.59215711057186 188.62943801283836 942.19503943622112 1093.1341303214431 431.96751181781292 518.3247906640172
leaf_count=17745 10028 4228 13526 4515 5616 4878 4885 2620 2155 1120 2499 1812 4152 4258 3214 1056 2383 2057 7096 11075 753 2235 6807 2035 2574 944 5577 6708 2273 3189
internal_value=-7.61904e-05 0.000666845 0.00316585 -0.00164861 0.000361866 0.000105562 0.00441771 0.00194436 -0.00295755 -0.00338715 0.00752127 0.0151147 0.00206989 -0.0108247 -0.00589774 -0.00415652 0.0096291 0.0181588 -0.00492213 0.000768517 0.00321766 0.0169207 -0.000926876 0.00100628 -0.00481271 0.00948215 -0.00723494 -0.00864224 -0.00471248 -0.00599226
internal_weight=26270.5 23808.4 11448.6 12359.8 7991.94 10384.5 4645.93 3656.31 1948.42 5738.57 1707.9 837.847 7018.92 1975.3 1276.27 5549.98 3456.62 844.876 5346.14 6231.12 4173.05 604.143 2583.76 1491.34 886.825 604.515 2462.1 2762.37 1669.24 1364.26
internal_count=144013 128408 59542 68866 41576 57166 24039 19154 10328 33127 8826 4311 35960 11700 7442 32007 17966 4440 30951 31808 20733 2988 14874 7708 4609 3099 15605 16077 9369 8067
is_linear=0
shrinkage=0.05


Tree=38
num_leaves=31
num_cat=0
split_feature=110 39 53 53 10 39 53 48 41 39 41 62 48 39 53 39 41 41 48 48 90 35 63 39 53 63 47 46 135 59
split_gain=55.1735 48.5192 84.988 77.2633 46.3149 48.6926 84.9919 56.6473 57.3332 36.9078 39.8137 34.2374 31.8449 47.0663 37.6636 31.366 30.3945 25.8287 26.0469 25.1156 24.6791 25.3439 24.0949 22.3885 22.3431 24.7672 22.134 21.8445 21.6721 20.8749
threshold=0.64188316464424144 6.5000000000000009 19.500000000000004 15.500000000000002 1.873090982437134 13.500000000000002 45.500000000000007 37.500000000000007 22.500000000000004 3.5000000000000004 4.5000000000000009 16.500000000000004 58.500000000000007 20.500000000000004 118.50000000000001 2.5000000000000004 6.5000000000000009 62.500000000000007 38.500000000000007 22.500000000000004 14.39728879928589 0.44387900829315191 29.500000000000004 16.500000000000004 4.5000000000000009 2.5000000000000004 1.6306361556053164 1.9890192747116091 0.53571355342865001 0.83520385622978222
decision_type=2 2 2 2 8 2 2 2 2 2 2 2 2 2 2 2 2 2 2 2 2 10 2 2 2 2 8 8 2 10
left_child=1 3 -3 9 -4 7 -7 11 -9 10 15 -6 13 17 -15 24 -11 23 -19 -18 21 -14 -13 -8 25 28 -12 -2 -1 -22
right_child=27 2 4 -5 5 6 12 8 -10 16 26 22 20 14 -16 -17 19 18 -20 -21 29 -23 -24 -25 -26 -27 -28 -29 -30 -31
leaf_value=0.010124483027517119 0.015577145440482552 -0.014743602729994618 0.020815579760113834 0.011475389063507585 -0.0022904696366072706 -0.020396659431824421 0.0039492414833381959 0.0028634329883006279 0.026004839470759683 -0.011418769630626746 0.024769204577155302 0.031782062397248338 0.00075402793138784944 -0.019736470866231825 -0.0019777121119909694 -0.0087586254289035333 -0.0038717592331879965 -0.00041473431060583103 0.024230055233564567 0.010760270501598586 -0.014030507252933228 0.024790223495982339 0.0056959285424024314 -0.0088776564630216204 0.0083448463619004796 -0.0028454414959061328 0.0076930122176615927 -0.0064862692483812255 5.7430730881825606e-05 0.0041717394738073543
leaf_weight=971.43307873606682 106.67400847375393 1087.2182304412127 248.80256912112236 2218.0341447144747 2707.8071941658854 671.36260852217674 673.90457700192928 608.19636260718107 472.00377622246742 906.60674135386944 230.18862968683243 107.6281763613224 192.03982561826706 664.10794158279896 540.32701896131039 685.88205350935459 1034.059543967247 218.80294892191887 199.59758879244328 397.84012077003717 191.37198488414288 247.6988482773304 383.75289648771286 668.33428994566202 1255.9581871330738 2256.9694907814264 997.0724480599165 3452.4889548122883 1174.4990639537573 713.21744650602341
leaf_count=4604 530 6528 1213 11334 15133 4053 3671 3284 2515 5157 1270 613 914 3828 2922 3794 5796 1219 1053 2246 1051 1191 2050 3732 6342 11606 5065 21671 5823 3876
internal_value=-3.7456e-06 0.000903583 -0.00156743 0.00306191 -4.70081e-05 -0.000629396 -0.00398644 0.00327804 0.0131211 0.00116925 0.00286467 -7.59695e-05 -0.00138859 -0.004279 -0.0118515 0.00126256 -0.00430929 0.000938957 0.0116332 0.000240046 0.00497108 0.0145435 0.0119296 -0.00245601 0.00249049 0.000805366 0.0110702 -0.0057832 0.00464047 0.000209628
internal_weight=26283.9 22724.7 10596.2 12128.5 9508.96 9260.15 4980.77 4279.39 1080.2 9910.51 7572 3199.19 4309.4 2965.07 1204.43 6344.74 2338.51 1760.64 418.401 1431.9 1344.33 439.739 491.381 1342.24 5658.86 4402.9 1227.26 3559.16 2145.93 904.589
internal_count=144084 121883 58846 63037 52318 51105 27510 23595 5799 51703 38504 17796 23457 16425 6750 32169 13199 9675 2272 8042 7032 2105 2663 7403 28375 22033 6335 22201 10427 4927
is_linear=0
shrinkage=0.05


Tree=39
num_leaves=31
num_cat=0
split_feature=110 119 110 119 110 53 67 119 101 119 145 15 93 119 132 48 103 119 110 24 58 60 59 15 35 110 63 61 147 101
split_gain=61.0821 54.2317 45.3314 39.1677 63.5097 27.5893 27.5884 26.6686 29.5305 25.6678 24.126 21.8588 21.406 21.137 29.2105 23.9013 21.1077 23.2119 36.5723 21.0495 18.714 16.0562 15.7736 15.6294 16.8507 15.055 19.9366 14.8909 14.8431 14.6524
threshold=0.29999999701976782 0.33333332836627966 0.49999992549419409 0.25029833614826208 0.21428570896387103 138.50000000000003 150.63011169433597 0.49090908467769628 0.77777776122093212 0.61120340228080761 -0.97810444235801686 7.5000000000000009 0.055555554106831558 0.18015220016241076 -2.3094323873519893 26.500000000000004 0.16035714000463488 0.4513047486543656 0.35491934418678289 4.5000000000000009 3.1319067478179936 35.500000000000007 0.85030588507652294 5.5000000000000009 0.80395662784576427 0.35491934418678289 8.5000000000000018 11.500000000000002 1.1863011717796328 0.58351215720176708
decision_type=2 2 2 2 2 2 2 2 2 2 2 2 2 2 2 2 2 2 2 2 10 2 8 2 8 2 2 2 2 2
left_child=3 12 16 4 5 11 -5 -4 9 29 -11 13 -2 14 27 -15 -3 18 -18 28 22 -6 -7 24 -20 -14 -27 -1 -10 -9
right_child=1 2 7 6 21 20 -8 8 19 10 -12 -13 25 15 -16 -17 17 -19 23 -21 -22 -23 -24 -25 -26 26 -28 -29 -30 -31
leaf_value=-0.0016346432817108047 0.0001670610931056544 -0.0010982919448072931 -0.012694522137407006 0.00086409889996176721 -0.0010134417665251148 0.008075788021283099 0.011709780790514468 0.00029988877834110917 -0.00548090971720935 0.011481740465287943 -0.00064120373778293622 -0.013862566446879779 -0.0080101176243404047 0.0018738052716495966 0.0022888022051299594 0.015268364013576853 0.019340018519247607 0.015363307671134111 -0.008285300918731647 -0.011501300484999156 0.003606589828539588 -0.012243080280354384 0.02880583523415885 -0.01535367698837059 0.0074544321141419428 -0.0022025339157887877 -0.02211096376634648 -0.012136176300207285 0.010049388581644201 -0.010635668409758164
leaf_weight=963.20620158314705 396.64554163813591 1207.7951763421297 712.72391177713871 917.46351733803749 466.51946617662907 186.77220022678375 1622.9968840330839 673.5697485357523 455.88905844092369 741.14680229127407 902.50533872842789 213.55981439352036 829.73901568353176 761.30450308322906 8052.2837859094143 586.57229118049145 257.99724067002535 599.87610164284706 264.46000170707703 1129.5766855627298 401.77384336292744 1005.1404281705618 193.47338356077671 160.86677061021328 437.58440147340298 161.96313851326704 591.85508140176535 512.87545166909695 219.72204719483852 550.98913285881281
leaf_count=5556 2103 6598 4272 4741 2577 898 8643 3830 2783 4119 5537 1209 4712 4017 40686 3141 1425 3348 1524 7683 2192 5620 906 950 2495 950 3506 2884 1352 3340
internal_value=0.000190157 -0.00280825 -0.00103234 0.00213407 0.00104806 0.00226452 0.00781171 -0.00375238 -0.00236445 0.000791419 0.00486159 0.00161906 -0.0102225 0.00193551 0.00110254 0.0077724 0.00396598 0.00750634 0.00320286 -0.00735546 0.0112818 -0.00871413 0.0190913 -0.00178819 0.00149219 -0.0128096 -0.0179183 -0.00534059 -0.000357243 -0.00466685
internal_weight=26178.8 10294.9 8314.7 15883.9 13343.5 11871.8 2540.46 5386.12 4673.4 2868.21 1643.65 11089.8 1980.2 10876.2 9528.37 1347.88 2928.58 1720.78 1120.91 1805.19 782.019 1471.66 380.246 862.911 702.044 1583.56 753.818 1476.08 675.611 1224.56
internal_count=143597 60527 49256 83070 69686 61489 13384 32916 28644 16826 9656 57493 11271 56284 49126 7158 16340 9742 6394 11818 3996 8197 1804 4969 4019 9168 4456 8440 4135 7170
is_linear=0
shrinkage=0.05


Tree=40
num_leaves=31
num_cat=0
split_feature=10 74 25 34 142 130 123 112 66 148 130 60 41 149 133 37 131 60 60 52 70 70 147 47 148 112 116 59 111 51
split_gain=57.263 46.9166 39.9048 34.5672 27.9248 27.8651 22.2443 20.2242 29.9516 19.872 18.4066 17.9107 17.6115 17.4801 17.354 17.286 15.0006 14.8254 14.5886 14.7081 14.4194 14.313 13.8592 13.825 13.6543 19.1557 15.1211 12.8366 12.771 14.5374
threshold=1.873090982437134 0.66352188587188732 1.0000000180025095e-35 2.0022614002227788 1.3510946631431582 1.3953716158866885 4.8593170642852792 0.055555554106831558 21.500000000000004 -0.63379952311515797 3.3621951341629033 5.5000000000000009 16.500000000000004 -1.021151006221771 -0.9499865174293517 5.5000000000000009 1.0714277625083926 63.500000000000007 22.500000000000004 31.500000000000004 3.9069658517837529 3.3219323158264165 1.5918323397636416 0.78247103095054638 -1.5461552143096922 0.096998207271099104 4.3311390876770028 0.90827777981758129 0.23809523135423663 8.5000000000000018
decision_type=8 2 2 8 2 2 2 2 2 2 2 2 2 2 2 2 2 2 2 2 10 10 2 10 2 2 2 10 2 2
left_child=-1 2 6 16 5 7 10 12 -9 23 11 -2 15 17 -6 -5 -4 24 -15 -20 27 -10 -21 -3 25 -13 -26 -7 29 -8
right_child=1 9 3 4 14 20 28 8 21 -11 -12 13 -14 18 -16 -17 -18 -19 19 22 -22 -23 -24 -25 26 -27 -28 -29 -30 -31
leaf_value=0.018334493225486557 0.010895315874742477 -0.0079505735663808631 0.0054818629123614838 0.0015396161593764154 -0.010635748550501239 0.0037004532954833125 0.012281426442241854 -0.0070352315786786817 0.0057858427266016385 -0.012650035074860963 0.013266607336651507 0.0051516333060272592 0.0089866931251708828 0.0020712120733276684 -0.0027738525046263202 -0.0094612023022066817 0.026184083468268473 0.01135374509765383 -0.0089963875740815807 0.00062279059611441035 -0.010091881604536829 -0.0029992158566279365 -0.0084511117955093484 0.00079288382385765482 0.021904918236117028 -0.0052123122929747861 -0.00025196380170537127 0.016117231198890355 0.016065929374445908 -0.0038503717313498375
leaf_weight=409.28225222229958 470.43887856602669 875.72699054330587 253.99565686285496 1970.9911962896585 1298.4551660120487 455.64866562187672 277.82189207524061 2772.7549763470888 873.73089505732059 882.58372036367655 332.33201842010021 1038.2555395811796 613.43092641234398 3293.2512919306755 1535.2789686769247 425.64646176993847 129.62886987626553 589.07184511423111 696.52028263360262 2420.0344007462263 97.146761059761047 966.14896326512098 499.10844841599464 920.11201444268227 163.63413123786449 765.98497387766838 137.95906522870064 385.82601590454578 431.52781899273396 264.17929004132748
leaf_count=2045 2130 5276 1204 10169 8244 2481 1430 15530 4481 5816 1847 5234 3133 16991 9312 2278 612 2996 3761 13403 555 5322 2935 5506 895 3984 756 2067 2209 1399
internal_value=4.61216e-06 -0.000292729 0.00043289 -0.00160656 -0.00210805 -0.000681301 0.00254332 -0.001685 -0.00376233 -0.00654502 0.00186203 0.00147303 0.00150023 0.00100063 -0.00640101 -0.000445341 0.0129647 0.00440807 -0.000332932 -0.00252237 0.00740171 0.0011814 -0.0009522 -0.00349121 0.00242066 0.000747173 0.0120868 0.00951611 0.00973304 0.00449124
internal_weight=26246.5 25837.2 23158.8 11778.7 11395.1 8561.32 11380.1 7622.7 4612.63 2678.42 10406.6 10074.3 3010.07 9603.82 2833.73 2396.64 383.625 2694.91 6908.91 3615.66 938.621 1839.88 2919.14 1795.84 2105.83 1804.24 301.593 841.475 973.529 542.001
internal_count=144001 141956 125358 65388 63572 46016 59970 40913 25333 16598 54932 53085 15580 50955 17556 12447 1816 13865 37090 20099 5103 9803 16338 10782 10869 9218 1651 4548 5038 2829
is_linear=0
shrinkage=0.05


Tree=41
num_leaves=31
num_cat=0
split_feature=46 143 59 149 36 112 61 34 62 64 110 147 39 35 50 87 112 34 71 33 149 63 123 92 39 53 123 7 82 111
split_gain=53.2257 52.6572 33.7291 31.0461 28.969 24.4815 23.5063 28.8879 22.7642 18.3127 18.0245 17.667 17.9846 16.993 16.9798 16.8611 16.1743 15.9964 15.9502 16.9791 15.4519 26.4356 15.2409 15.2001 16.7728 16.9803 15.1197 14.883 19.3367 14.7699
threshold=2.1154643297195439 1.3636331558227541 0.80607876181602489 -1.021151006221771 8.5000000000000018 0.083333332091569914 5.5000000000000009 3.1927964687347417 17.500000000000004 9.5000000000000018 0.29999999701976782 1.3529402017593386 3.5000000000000004 0.57638365030288707 5.5000000000000009 5.499997854232789 0.096998207271099104 3.1927964687347417 1.0723773837089541 43.103866577148445 -0.64094561338424672 17.500000000000004 2.8109608888626103 0.6647285819053651 10.500000000000002 26.500000000000004 3.3639886379241948 18.072671890258793 10.900694847106935 0.43973577022552496
decision_type=8 2 8 2 2 2 2 8 2 2 2 2 2 10 2 2 2 10 10 10 2 2 2 2 2 2 2 2 2 2
left_child=14 2 5 8 11 -2 9 13 16 -5 -9 22 -13 -8 -1 23 -4 -10 19 -15 29 -22 -3 24 27 -26 -11 -6 -29 -7
right_child=1 4 3 6 15 20 7 10 17 26 -12 12 -14 18 -16 -17 -18 -19 -20 -21 21 -23 -24 -25 25 -27 -28 28 -30 -31
leaf_value=0.0081756122545131749 0.0042977249204108562 -0.0072170647211887073 0.0058746962483245749 0.013128178118223689 -0.0063553038345169821 -0.0047651970100034847 -0.0027591429597398644 -0.0025034324694292102 0.016373962984812276 0.0001572274340339292 -0.011271764674824894 0.010038280231588455 -0.0085260787743338864 0.017015033522632401 0.026673860209622025 -0.0011903728177133936 -0.0019079879733922144 0.0056834751845147406 0.020029534467486357 -0.0043312452608169454 -0.0031050869418864152 -0.017923259717067052 0.0066951096659720634 -0.017335082254055067 -0.032740012113174642 -0.010376347722874123 0.0060979897579384046 0.019204089586655287 -0.0085212890264014726 0.0024605764086643475
leaf_weight=947.14303794503212 1029.036663107574 776.96364942193031 1766.2195997387171 361.94720947742462 1452.1339505165815 2101.2361812964082 501.44269025325775 1680.8236313313246 658.87831063568592 4214.6955689117312 896.5449291691184 612.76419716328382 156.79668592661619 134.58708404004574 136.94959530234337 914.5652881488204 1063.2725026756525 768.92996545135975 220.09783974289894 253.7464280501008 780.84749668091536 485.26431652158499 253.82329723238945 454.4278751462698 89.494970738887787 770.59438797831535 1426.1611598804593 130.69245278835297 105.71647281944752 1055.8172143623233
leaf_count=4537 5637 4269 8954 1632 8467 11735 2733 9068 3138 22290 5504 3174 921 716 617 5657 5569 4010 1223 1428 4751 2945 1392 3272 601 4862 7623 853 709 5505
internal_value=-6.07988e-05 -0.000530835 0.000712559 0.0020158 -0.00474322 -0.00261888 0.000450422 -0.00268736 0.00556937 0.00237908 -0.0055853 0.000506045 0.00619497 0.00403207 0.0107349 -0.00715067 0.00295368 0.0106963 0.00958321 0.00330829 -0.00423407 -0.00888041 -0.00375989 -0.00895587 -0.00739992 -0.0130529 0.00166735 -0.00446058 0.00696329 -0.00234853
internal_weight=26201.6 25117.5 19399.5 13947.3 5717.97 5452.2 9690.05 3687.24 4257.3 6002.8 2577.37 1800.35 769.561 1109.87 1084.09 3917.63 2829.49 1427.81 608.431 388.334 4423.17 1266.11 1030.79 3003.06 2548.63 860.089 5640.86 1688.54 236.409 3157.05
internal_count=143792 138638 104461 73888 34177 30573 52217 20672 21671 31545 14572 9756 4095 6100 5154 24421 14523 7148 3367 2144 24936 7696 5661 18764 15492 5463 29913 10029 1562 17240
is_linear=0
shrinkage=0.05


Tree=42
num_leaves=31
num_cat=0
split_feature=46 25 110 53 39 35 48 39 48 61 39 41 93 53 39 110 146 118 41 39 41 68 41 39 39 41 62 22 47 34
split_gain=51.7183 52.9061 34.7379 29.865 32.5391 24.9505 23.7489 39.3944 43.5696 30.6039 29.0449 32.166 30.5019 28.4775 25.008 23.3376 21.1444 20.39 19.7099 34.3252 22.3995 18.2118 17.4261 26.8293 17.1551 30.4553 16.8956 16.7625 16.6507 21.8542
threshold=2.2148315906524663 1.0000000180025095e-35 0.66666665673255932 77.500000000000014 16.500000000000004 1.2402781248092654 68.500000000000014 22.500000000000004 37.500000000000007 15.500000000000002 6.5000000000000009 8.5000000000000018 0.57142856717109691 151.50000000000003 2.5000000000000004 0.62012657523155224 2.5585013628005986 19.941243171691898 68.500000000000014 18.500000000000004 44.500000000000007 12.030910491943361 4.5000000000000009 4.5000000000000009 12.500000000000002 15.500000000000002 10.500000000000002 2.2685486078262334 0.5228768289089204 3.096756219863892
decision_type=8 2 2 2 2 10 2 2 2 2 2 2 2 2 2 2 2 2 2 2 2 2 2 2 2 2 2 8 8 8
left_child=26 3 6 4 5 15 7 8 10 -8 11 14 24 -9 -3 17 -14 27 19 28 -21 -19 -16 -24 25 -12 -1 -2 -10 -30
right_child=1 2 -4 -5 -6 -7 9 13 18 -11 12 -13 16 -15 22 -17 -18 21 -20 20 -22 -23 23 -25 -26 -27 -28 -29 29 -31
leaf_value=0.006705265156583342 0.01616710477768803 0.00074118441457069221 -0.010349695826823805 0.012330546927595464 -0.014971799175422448 0.01435713469871748 0.02579644629206795 -0.017090254902466729 -0.0056891463624735242 0.00096217586769070478 -0.017393352703052065 0.0070568056096860137 0.0016393495838197922 -0.000971138045997896 -0.017813560370677255 -0.0041075738314843811 -0.018352873794244114 0.019025737300304012 0.017851996483285042 -0.022950683837267085 -0.0006519522290823267 -0.0035285212952879011 0.0019345317553203418 -0.015293527508141877 -0.019645220868919122 -0.0024248396838198526 0.02101106512890025 0.0014531525569445461 0.015064715642870957 0.0032091472370423461
leaf_weight=1191.5228556245565 188.30549874901772 1763.6204317510128 1311.7359174713492 645.02261660248041 287.56940481811762 371.14863810688257 159.66277296096087 717.41797760128975 267.19828507304192 464.58311572670937 547.10163004696369 1028.235171303153 1074.7665750309825 441.61940898746252 347.99371528625488 1653.7527557238936 140.63932780921459 311.83788022398949 230.27184016257524 173.21028244495392 293.87384656071663 120.12390653789043 577.87328989803791 359.09615344554186 433.30856396257877 881.32522457838058 245.30870728194714 8350.8817956149578 609.08116570115089 1064.5585862472653
leaf_count=5780 979 9122 8684 3347 1674 2266 842 4085 1502 2392 3325 5626 6016 2354 2014 10218 886 1658 1235 991 1638 642 3212 2136 2689 5132 1096 43264 3277 6042
internal_value=8.67404e-05 -0.000448839 -0.00266899 0.00194993 0.00134614 0.0017861 -0.00179042 -0.00233334 -0.00129623 0.00762059 -0.00332077 -0.000548951 -0.00697941 -0.0110094 -0.00312893 0.00133388 -0.000804919 0.00234043 0.00418553 0.00281017 -0.0092288 0.0128157 -0.00840539 -0.00475995 -0.0109845 -0.00823899 0.00927602 0.00179615 0.00573993 0.00758755
internal_weight=26252.6 24815.8 12887.2 11928.6 11283.6 10996.1 11575.4 10951.2 9792.15 624.246 7153.96 4076.82 3077.14 1159.04 3048.58 10624.9 1215.41 8971.15 2638.19 2407.92 467.084 431.962 1284.96 936.969 1861.74 1428.43 1436.83 8539.19 1940.84 1673.64
internal_count=144124 137248 73200 64048 60701 59027 64516 61282 54843 3234 40158 22110 18048 6439 16484 56761 6902 46543 14685 13450 2629 2300 7362 5348 11146 8457 6876 44243 10821 9319
is_linear=0
shrinkage=0.05


Tree=43
num_leaves=31
num_cat=0
split_feature=101 121 109 66 39 48 39 39 62 47 47 48 59 143 61 102 48 39 47 101 10 108 72 42 99 48 39 101 58 39
split_gain=42.1171 34.1693 37.938 33.052 27.2479 25.0172 25.479 24.6674 36.921 26.9696 23.9664 23.1237 23.0597 24.0457 21.0051 26.2246 26.6896 21.8489 20.831 20.4839 19.2623 18.6638 18.6609 17.8825 17.1082 17.0279 16.5864 16.4375 17.2399 19.0708
threshold=0.49999982118606573 0.22775027155876162 3.4361909627914433 8.5000000000000018 15.500000000000002 58.500000000000007 25.500000000000004 3.5000000000000004 5.5000000000000009 0.54502165317535411 0.44619436562061315 36.500000000000007 1.092148005962372 1.4701980352401736 1.0000000180025095e-35 0.4314053356647492 6.5000000000000009 4.5000000000000009 2.002794742584229 0.62988328933715831 3.1022276878356938 28.021070480346683 7.4646282196044931 2.5000000000000004 8.1836829185485858 24.500000000000004 2.5000000000000004 0.87499991059303295 3.052703976631165 6.5000000000000009
decision_type=2 2 2 2 2 2 2 2 2 10 8 2 8 2 2 2 2 2 8 2 8 2 2 2 2 2 2 2 10 2
left_child=1 2 3 14 11 -6 -7 19 -9 -10 24 -3 13 -4 -1 17 -17 18 -16 23 -8 26 27 -2 -5 -19 -18 28 -11 -30
right_child=7 4 12 10 5 6 20 8 9 22 -12 -13 -14 -15 15 16 21 25 -20 -21 -22 -23 -24 -25 -26 -27 -28 -29 29 -31
leaf_value=0.0052026454393316254 -0.00077142068721325157 0.0089650416788896164 -0.0041593442914007765 0.013207575094307485 -0.0040766017226371463 0.030168644804900231 0.016549045164197522 -0.021719406126349088 -0.014989508747895978 0.011747261205956205 0.010166619695094161 0.028967592543785704 0.00041016960401429821 -0.016479610168977272 0.020867617793469063 -0.0067656002405957223 0.021577778692723759 -0.01407231548577975 -0.0008483272535309192 -0.0014621334736850972 -0.004043043302041519 0.023374507266560346 -0.0064757372256382881 0.022528648375287147 -0.0087483068929437909 -0.0032989667718857267 0.0037183421533183675 -0.013028433695831804 0.0091436996298294021 -0.0061666351670213544
leaf_weight=2029.7141717374325 147.78799299895763 1076.515533015132 2482.1477409377694 111.36858735978603 807.45388630777597 108.93997099995613 176.86158023774624 333.94363932311535 512.71730080991983 406.57415670156479 1695.3639906793833 161.242769703269 2446.8521058633924 464.38022614270449 103.24390414357185 415.728022813797 134.99513927102089 556.11505091190338 4440.2031244784594 1668.301750741899 282.03331593424082 153.71778254210949 1529.8115357756615 174.16597378253937 322.30597314238548 1066.7463459745049 1340.955580368638 163.04159409552813 308.6769692748785 552.37997964769602
leaf_count=9942 830 5759 13857 510 4434 538 859 2143 3183 2334 8685 812 13563 3067 565 2016 645 3121 22644 10217 1476 858 9826 959 1766 5868 6916 1110 1869 3360
internal_value=3.39071e-05 0.00110396 0.000317191 0.00184268 0.00643094 0.00156466 0.00951818 -0.00372258 -0.00607572 -0.00451356 0.00749573 0.011782 -0.00317867 -0.00615022 0.000661334 -0.000466119 0.00442664 -0.00209361 -0.000310116 0.000786594 0.00407698 0.00730563 -0.00265491 0.0121321 -0.00293938 -0.0070543 0.00548604 0.00144727 0.00339652 -0.00063613
internal_weight=26174.3 20376.9 17763.8 12370.5 2613.05 1375.29 567.835 5797.4 3807.15 3473.2 2129.04 1237.76 5393.38 2946.53 10241.4 8211.7 2045.4 6166.31 4543.45 1990.26 458.895 1629.67 2960.48 321.954 433.675 1622.86 1475.95 1430.67 1267.63 861.057
internal_count=143732 107901 94023 63536 13878 7307 2873 35831 23825 21682 10961 6571 30487 16924 52575 42633 10435 32198 23209 12006 2335 8419 18499 1789 2276 8989 7561 8673 7563 5229
is_linear=0
shrinkage=0.05


Tree=44
num_leaves=31
num_cat=0
split_feature=143 139 102 71 117 143 48 70 48 70 87 64 135 143 58 147 39 53 139 32 110 53 39 53 48 29 59 58 39 138
split_gain=39.4179 37.2302 30.6653 26.2502 33.8365 25.6977 24.4785 24.0417 21.1839 21.1457 25.8354 25.6924 19.902 19.8145 19.2252 18.9315 17.8865 21.0323 17.6148 16.326 16.1979 16.1711 15.9656 20.4664 31.0632 17.2803 14.6205 14.5411 14.2894 14.1196
threshold=0.87692219018936168 0.81818014383316051 0.86210668087005626 0.90797194838523876 12.141661643981935 0.39130319654941564 40.500000000000007 3.4749974012374882 31.500000000000004 3.4213051795959477 4.0954539775848398 17.500000000000004 0.35714152455329901 1.4701980352401736 3.6909880638122563 1.3529402017593386 18.500000000000004 25.500000000000004 0.61538380384445202 11.72127151489258 0.46153844892978674 127.50000000000001 13.500000000000002 24.500000000000004 27.500000000000004 20.500000000000004 0.60780271887779247 3.157246589660645 6.5000000000000009 1.4655343294143679
decision_type=2 2 2 8 2 2 2 8 2 8 2 2 2 2 10 2 2 2 2 2 2 2 2 2 2 2 8 8 2 2
left_child=1 5 3 4 -2 18 20 -8 -7 10 13 -11 -10 -5 26 19 17 28 -1 -14 -3 -18 23 -6 -25 -24 -4 -28 -13 -19
right_child=2 6 14 9 22 8 7 -9 12 11 -12 16 15 -15 -16 -17 21 29 -20 -21 -22 -23 25 24 -26 -27 27 -29 -30 -31
leaf_value=0.0027775794041088589 0.0027700174265080173 0.0063383426876564902 -0.0043264802898913095 0.0026030286353163844 -0.0075468933146394142 -0.0043603034130578165 0.01957479487218489 0.0015369383746353534 -0.015995073954731584 0.0081835311501403472 0.0090834029229923136 -0.0033008950559949013 0.0081547161141599846 -0.0077778761247914788 -0.0063930995987021627 -0.0065828092389721557 -0.019019491528075923 0.0079633452899150001 0.017147436468332569 -0.009643321492646989 -0.0028161484503259485 -0.0018837097318344003 -0.02143814859117436 -0.010274878941295085 0.010452565095874894 -0.0078754028632205108 0.019864949920739866 0.0058417432896303613 -0.013261991866237272 -0.0049359365697106278
leaf_weight=3013.3282839655876 1066.4802663400769 1933.0755201876163 158.20457564294338 1497.4222822636366 2402.5240553542972 3193.2292311936617 574.55135183036327 272.72858530282974 127.55746537446976 479.59475531429052 1013.799496486783 2472.84503865242 1254.2103819996119 651.41119078546762 240.02979829907417 344.78557634353638 333.30029775202274 641.03304986655712 220.25637762248516 135.04786418378353 636.62735641002655 233.88509718328714 349.17957504838705 296.17889527231455 431.80483847856522 742.18184967339039 331.75472167134285 429.45953351259232 414.22205545753241 306.56520753353834
leaf_count=15046 5773 9561 865 8336 14989 17087 2844 1406 669 2295 5697 13651 6456 3788 1445 1934 2077 3727 1090 715 3606 1361 2163 1793 2536 4401 1690 2298 2652 1978
internal_value=-1.2382e-05 0.00214465 -0.00175494 -0.00243433 -0.00516709 0.000331822 0.00652816 0.0138543 -0.00189389 -0.00063358 0.00254649 -0.0026949 0.00233747 -0.000565357 0.00601134 0.00377 -0.003896 -0.00265297 0.00380623 0.00636804 0.00406825 -0.0121084 -0.00717387 -0.00532876 0.00199468 -0.01237 0.00928367 0.0121317 -0.00477091 0.00378223
internal_weight=26197.3 11705.4 14491.9 13332.4 5288.35 8288.42 3416.98 847.28 5054.83 8044.08 3162.63 4881.45 1861.6 2148.83 1159.45 1734.04 4401.85 3834.67 3233.58 1389.26 2569.7 567.185 4221.87 3130.51 727.984 1091.36 919.419 761.214 2887.07 947.598
internal_count=143929 60414 83515 77217 31655 42997 17417 4250 26861 45562 17821 27741 9774 12124 6298 9105 25446 22008 16136 7171 13167 3438 25882 19318 4329 6564 4853 3988 16303 5705
is_linear=0
shrinkage=0.05


Tree=45
num_leaves=31
num_cat=0
split_feature=61 143 139 143 48 139 139 143 41 39 140 123 143 60 36 131 60 39 41 39 41 39 48 58 71 58 93 139 101 39
split_gain=49.1036 43.1833 42.3057 38.252 30.9646 28.222 27.4437 27.4566 24.9507 32.129 27.2498 24.9375 24.8217 22.6765 22.1913 22.8355 20.2899 16.9668 17.2083 21.1689 23.4394 18.389 16.4849 17.5955 20.199 15.6465 18.2223 15.1081 14.698 14.0914
threshold=1.5000000000000002 1.4307677745819094 1.1485143303871157 0.85713824629783641 21.500000000000004 0.85713979601860057 1.4308311343193056 1.8799983263015749 14.500000000000002 7.5000000000000009 -0.51602032780647267 4.8593170642852792 1.1081938743591311 5.5000000000000009 11.500000000000002 0.70054933428764354 35.500000000000007 12.500000000000002 4.5000000000000009 3.5000000000000004 10.500000000000002 2.5000000000000004 68.500000000000014 2.9705818891525273 0.85725510120391857 3.2625060081481938 0.49999982118606573 0.7368411421775819 0.74999991059303295 4.5000000000000009
decision_type=2 2 2 2 2 2 2 2 2 2 2 2 2 2 2 2 2 2 2 2 2 2 2 10 10 10 2 2 2 2
left_child=11 2 3 4 16 -5 -3 -8 9 -4 -10 13 28 -1 -6 29 -2 18 21 -20 -21 -15 23 24 27 26 -12 -17 -7 -16
right_child=1 6 8 5 14 12 7 -9 10 -11 25 -13 -14 17 15 22 -18 -19 19 20 -22 -23 -24 -25 -26 -27 -28 -29 -30 -31
leaf_value=0.014014007924324796 -0.00093377077066647053 -0.0110877952903796 0.0028264781831216787 -0.012711273194765994 0.022725506025584614 0.001490132675304016 0.0038106054748301382 -0.0077101108176456145 0.016965147286077547 -0.020126051098004839 0.00031993888406862736 0.015116909450218832 -0.0078109918679229971 0.0015809226875133997 0.008488973870272783 -0.00299654130117262 -0.010311039044769084 -0.0094820613613629395 0.014046570918922014 -0.0033934846277029079 0.0080014019323191021 -0.010231829871052457 0.019870459412711088 0.0010979547293152676 0.019734782026281487 -0.0038983358600725134 0.019187189310585599 0.012800784466253212 -0.013209153815888129 -0.0036665919941580431
leaf_weight=411.83239409327507 2621.6554239392281 1610.4025251865387 1723.2072342187166 953.21958027034998 133.36935767531395 2065.3452128991485 955.59400626271963 1105.5597925558686 662.9902021214366 157.18796213716269 268.66515438258648 433.05132805556059 1627.3352433443069 2668.1438066363335 274.75460878014565 322.92711499333382 730.47734232246876 295.41629997640848 577.78643924742937 784.33507739752531 1039.016033641994 365.67005880177021 181.20845241844654 1448.6698838323355 326.01183314621449 388.60282487422228 234.98498640954494 269.95421855151653 175.24473082274199 1462.6737731993198
leaf_count=1848 13605 10008 9424 5571 669 11122 5725 6632 3588 939 1456 2261 9859 13623 1456 1661 3827 1716 2964 4539 5807 2107 869 7798 1576 2346 1202 1366 1164 7640
internal_value=-8.4812e-05 -0.00133369 -0.000211912 -0.00155409 0.000617005 -0.00504794 -0.00621701 -0.00237626 0.0046979 0.000811491 0.00936162 0.00365327 -0.00313147 0.00282178 0.00336236 0.00270836 -0.0030018 0.0019944 0.00263447 0.00578748 0.00310799 0.000128177 0.00571293 0.00455032 0.0099227 0.0035864 0.00932489 0.00428941 0.000286864 -0.00170675
internal_weight=26275.3 19700 16028.5 12592.8 7771.7 4821.14 3671.56 2061.15 3435.64 1880.4 1555.24 6575.25 3867.93 6142.2 4419.57 4286.2 3352.13 5730.37 5434.95 2401.14 1823.35 3033.81 2548.77 2367.56 918.893 892.253 503.65 592.881 2240.59 1737.43
internal_count=144368 109503 87138 68183 40467 27716 22365 12357 18955 10363 8592 34865 22145 32604 23035 22366 17432 30756 29040 13310 10346 15730 13270 12401 4603 5004 2658 3027 12286 9096
is_linear=0
shrinkage=0.05


Tree=46
num_leaves=31
num_cat=0
split_feature=70 93 25 149 59 108 71 110 90 149 97 118 67 62 33 63 48 35 63 112 62 102 112 119 101 120 71 110 58 61
split_gain=51.8516 41.9685 29.1823 26.2728 25.503 25.7855 24.1316 24.8507 20.4537 25.0033 20.9278 19.8927 18.9276 18.1277 28.052 19.9496 23.5271 17.007 15.3266 15.5297 16.7327 14.3072 14.2374 14.0869 14.0126 15.2641 13.9671 14.8894 13.5985 16.3459
threshold=3.0630797147750859 0.57142856717109691 1.0000000180025095e-35 -1.112131595611572 0.60780271887779247 8.2061090469360369 0.81871366500854503 0.66666650772094738 7.1093804836273202 -0.50736540555953968 2.6920369863510136 19.941243171691898 472.94454956054693 10.500000000000002 165.97817993164065 36.500000000000007 60.500000000000007 0.3110747635364533 6.5000000000000009 0.031249999068677429 4.5000000000000009 0.55555555224418651 0.089418977499008193 0.68181815743446361 0.87499991059303295 0.48390795290470129 0.75098416209220897 0.31597033143043524 2.2816020250320439 1.5000000000000002
decision_type=10 2 2 2 10 2 8 2 2 2 2 2 2 2 8 2 2 8 2 2 2 2 2 2 2 2 10 2 8 2
left_child=1 3 11 26 5 -3 -4 13 10 17 28 -2 -13 18 15 -15 21 -10 -8 -20 -21 -17 -7 -9 25 -14 27 -1 -5 -30
right_child=2 4 6 8 -6 22 7 23 9 -11 -12 12 24 14 -16 16 -18 -19 19 20 -22 -23 -24 -25 -26 -27 -28 -29 29 -31
leaf_value=0.0074615213985419265 -0.0012161997978232643 0.0091152206280736402 -0.0096736414176826074 0.0072622508936154365 0.014657302372600376 0.0047379293434445056 0.0048440135589860427 -0.021359074359136712 -0.014326552416866265 -0.010560937935408986 0.018217354161086271 0.026835032491002088 0.011233669896650908 0.012740344107794753 -0.0058608653349602581 -0.0080729728236186519 0.011680225351257749 0.00116175470772236 0.0033049131446430662 -0.016858973994402851 -0.0054180637938177519 0.0048760939514231336 -0.011439675017705455 -0.0065374268958600093 -0.011625940589083384 -0.0029348350477992444 0.011207269108003959 -0.0069534520360133639 0.0029071181061139408 -0.0026021441858374321
leaf_weight=429.68406893312931 4868.0853545367718 872.71295444667339 1765.0057673603296 684.2503083050251 887.08534559607506 226.95193938910961 323.01630233228207 234.63314677774906 189.03646900504827 941.86154800653458 164.85537599027157 92.422954730689526 544.91429829597473 530.86133786290884 954.49615330994129 551.93774542957544 369.01781395822763 1609.4263763725758 308.38739876449108 454.45183707773685 1079.0065668523312 335.38260006904602 313.79896529018879 508.28179237991571 114.32985904067755 283.83547279983759 795.52621482312679 292.65622706711292 2402.0518779754639 3037.3581762909889
leaf_count=2143 27202 4155 10816 3324 4475 1189 1766 1547 1115 5954 804 510 3051 3129 5641 3053 1899 9173 1657 2691 6447 1813 1700 3404 736 1558 3930 1588 11730 15655
internal_value=-0.000312909 0.00195255 -0.00249811 0.000614865 0.00805587 0.00383897 -0.00458438 -0.00298011 -0.000410783 -0.00400777 0.00116054 0.000125425 0.00638395 -0.00167851 0.00102213 0.00471032 0.00124345 -0.000536439 -0.00508773 -0.00684628 -0.00889592 -0.00317879 -0.00468722 -0.01144 0.00411919 0.00640401 0.00667856 0.00160609 0.0006724 -0.000168375
internal_weight=26165.3 12847.3 13318.1 10546.7 2300.55 1413.46 7414.48 5649.47 9028.84 2740.32 6288.52 5903.59 1035.5 4906.56 2741.7 1787.2 1256.34 1798.46 2164.86 1841.85 1533.46 887.32 540.751 742.915 943.08 828.75 1517.87 722.34 6123.66 5439.41
internal_count=143855 66935 76920 55416 11519 7044 43863 33047 47755 16242 31513 33057 5855 28096 15535 9894 6765 10288 12561 10795 9138 4866 2889 4951 5345 4609 7661 3731 30709 27385
is_linear=0
shrinkage=0.05


Tree=47
num_leaves=31
num_cat=0
split_feature=143 139 143 139 10 61 71 70 70 112 147 143 60 83 34 121 47 112 147 25 145 46 59 139 24 24 16 83 147 41
split_gain=41.2066 46.2602 34.9631 24.2681 23.8726 23.809 24.4336 36.7727 28.4152 23.3506 22.6144 20.3507 19.6941 18.8684 18.3382 16.6528 15.7602 16.6082 15.7412 15.8068 15.7304 15.4952 16.026 15.4372 14.8744 13.798 13.6997 13.4093 14.0548 13.1367
threshold=1.4307677745819094 1.1666653752326968 1.0874990820884707 1.3793095350265505 1.9532642960548403 2.5000000000000004 0.84450480341911327 3.4749974012374882 2.72774350643158 0.096998207271099104 1.1249943375587466 1.7999956607818606 11.500000000000002 0.70087718963623058 3.096756219863892 0.30481998622417456 0.83052337169647228 0.17948717623949054 0.84305945038795482 5.5000000000000009 -0.92061978578567494 2.6438626050949101 0.51879495382308971 1.0434771180152895 3.5000000000000004 21.500000000000004 24.500000000000004 0.72821965813636791 1.1654664874076845 30.500000000000004
decision_type=2 2 2 2 8 2 10 10 8 2 2 2 2 2 8 2 8 2 2 2 2 8 10 2 2 2 2 2 2 2
left_child=1 2 4 12 -1 15 8 21 -7 -10 -4 18 -2 14 16 -6 17 -3 -5 -20 -15 22 -8 -12 -13 -23 -11 28 -14 -18
right_child=3 13 10 11 5 6 7 -9 9 26 23 24 27 20 -16 -17 29 -19 19 -21 -22 25 -24 -25 -26 -27 -28 -29 -30 -31
leaf_value=0.015065307490534256 0.0057211066037708104 0.01338531016818135 -0.012467940907984877 -0.006096283119731892 0.0022231703595422701 0.0030864353371435724 -0.0034361767925087713 -0.0036835422612972648 -0.0024197333742973226 -0.013153495079664804 -0.006530431830910545 0.0034980608076516117 -0.016830918275918375 0.013907406742324694 0.004537127583264953 0.012939182191760146 0.012751559471611475 -0.0051451519038474419 0.0081779730108251496 -0.011374497844243985 -0.0083269045506386263 0.0018374505376395314 0.017479568345525293 0.0029380424522717692 -0.0069549353029005404 0.014811058556139234 -0.0011548240599438863 -0.022968096950942755 -0.0056750085289115158 0.03084013258441274
leaf_weight=268.42850935459137 197.82077156752348 288.41852519661188 834.82698563486338 349.65452378988266 4491.5730081573129 1109.3356921747327 113.61633843183517 2028.4069849550724 1908.4291359856725 1192.5079593062401 993.72309757769108 420.12614707648754 395.0478919968009 90.418265551328659 2652.4977142959833 385.28571552038193 348.14322291314602 196.14522911608219 923.50753915309906 107.43862337619066 379.66105596721172 1819.424906142056 406.74307924509048 745.82507889717817 1670.4411664605141 221.62132947146893 299.10939103364944 191.67442260682583 995.16134219616652 150.57609181106091
leaf_count=1288 1004 1546 4859 1971 22966 5706 566 11135 9915 6771 6037 2150 2332 549 14188 2125 1844 1061 5476 666 2437 9711 1952 4485 10162 1115 1617 1377 6176 739
internal_value=-0.000233923 0.00076028 -0.000402201 -0.00418973 0.000568156 0.000279146 -0.00123153 0.00133553 -0.00384156 -0.00610438 -0.00575278 -0.00174565 -0.00892032 0.00551156 0.00672913 0.00309451 0.0125371 0.00593205 0.00295256 0.00605064 -0.0038496 0.00530906 0.0129341 -0.00247727 -0.00484762 0.0033115 -0.0107712 -0.0107757 -0.00894268 0.0187118
internal_weight=26175.6 20924.7 16818.9 5250.87 14244.5 13976.1 9099.19 4589.81 4509.38 3400.05 2574.38 3471.17 1779.7 4105.86 3635.78 4876.86 983.283 484.564 1380.6 1030.95 470.079 2561.41 520.359 1739.55 2090.57 2041.05 1491.62 1581.88 1390.21 498.719
internal_count=143926 112612 90248 31314 74867 73579 48488 24479 24009 18303 15381 20425 10889 22364 19378 25091 5190 2607 8113 6142 2986 13344 2518 10522 12312 10826 8388 9885 8508 2583
is_linear=0
shrinkage=0.05


Tree=48
num_leaves=31
num_cat=0
split_feature=101 121 15 17 70 48 15 17 36 48 63 53 63 60 53 147 24 62 44 41 102 48 53 143 58 62 123 17 63 13
split_gain=41.3105 33.112 33.4586 39.7183 32.3386 30.472 24.3361 33.3123 22.0488 41.0033 25.7382 47.0623 27.0047 28.1235 27.4342 19.6425 18.9481 18.8718 18.1951 16.9058 16.844 16.6581 16.5101 16.4594 16.014 16.6099 15.8951 15.807 16.2415 15.9131
threshold=0.733333319425583 0.35241998732090002 2.5000000000000004 5.5000000000000009 3.4213051795959477 31.500000000000004 4.5000000000000009 15.500000000000002 17.500000000000004 23.500000000000004 10.500000000000002 8.5000000000000018 2.5000000000000004 17.500000000000004 3.5000000000000004 1.3018834590911867 4.5000000000000009 5.5000000000000009 7.5515642166137704 44.500000000000007 0.58214065432548534 54.500000000000007 22.500000000000004 1.3333294391632082 2.3560620546340947 4.5000000000000009 3.3004853725433354 2.5000000000000004 42.500000000000007 1.0000000180025095e-35
decision_type=2 2 2 2 10 2 2 2 2 2 2 2 2 2 2 2 2 2 2 2 2 2 2 2 10 2 2 2 2 2
left_child=1 2 5 -4 6 8 19 -8 9 10 11 12 13 -1 26 27 -2 -13 21 -5 -11 -3 24 -6 -12 -26 -14 29 -29 -7
right_child=16 18 3 4 23 15 7 -9 -10 20 22 17 14 -15 -16 -17 -18 -19 -20 -21 -22 -23 -24 -25 25 -27 -28 28 -30 -31
leaf_value=0.007728197784434454 -0.00051475481509483144 0.0091614646627558374 -0.010517684863262475 0.0032671210530907401 -0.002933085208926732 0.0098395962866638376 -0.0087690973568126645 0.0040111657576391525 -0.0056151534942536427 0.0082035737434777642 0.00055226122029367291 0.0085060854787068867 -0.0087800289734231256 -0.0055901161194293432 0.0015866952612090238 -0.00085082976697351323 -0.0092503914890539711 0.029756227890721604 -1.0504899609145186e-05 0.014668984764142799 0.026879139171780989 0.026753042473364526 0.0021592383160166629 -0.013447185887832898 -0.015211632625782746 -0.0045951312699506735 0.0056208879155827465 0.020190599938197815 0.0045665919171732463 -0.00091548691502359419
leaf_weight=1649.6279570013285 1021.1765089556575 535.90832532942295 1269.2090784758329 1121.5129619240761 1147.4635373279452 846.28690464794636 901.68464551120996 1147.7146644890308 1277.0329538807273 838.77434502542019 796.2612287402153 1281.3029289618134 1530.9785215705633 512.77017495036125 1968.7429305687547 721.31147598475218 1577.9542643204331 106.46415996551514 348.86360500752926 452.7930171340704 135.49000082910061 179.58633090555668 1046.5384260118008 546.67954907566309 538.90039459615946 1164.7056163921952 211.89704951643944 463.35160172730684 267.55119508504868 572.15139567106962
leaf_count=7784 6171 2959 7362 6171 6554 4384 5047 6110 7316 4397 4007 6624 7953 2620 10453 4184 10780 602 1919 2349 676 908 5464 3721 3009 6525 1083 2474 1337 3060
internal_value=0.000136693 0.000796899 0.000387555 -0.00260728 -0.000703114 0.00162677 0.00196346 -0.00162711 0.000599554 0.00127732 0.00038723 0.00209167 0.000129278 0.00455883 -0.0024567 0.00628158 -0.00583336 0.0103375 0.00937263 0.00661835 0.0110475 0.0138848 -0.00309892 -0.00638486 -0.00530001 -0.00802261 -0.0070071 0.00866805 0.0146102 0.00552531
internal_weight=26180.7 23581.6 22517.2 6587.06 5317.85 15930.1 3623.71 2049.4 13059.5 11782.5 10808.2 7261.78 5874.02 2162.4 3711.62 2870.65 2599.13 1387.77 1064.36 1574.31 974.264 715.495 3546.41 1694.14 2499.87 1703.61 1742.88 2149.34 730.903 1418.44
internal_count=144003 127052 121266 37314 29952 83952 19677 11157 68513 61197 56124 37119 29893 10404 19489 15439 16951 7226 5786 8520 5073 3867 19005 10275 13541 9534 9036 11255 3811 7444
is_linear=0
shrinkage=0.05


Tree=49
num_leaves=31
num_cat=0
split_feature=83 34 143 139 139 143 139 21 93 59 39 25 48 35 90 41 143 28 59 123 70 110 139 112 131 112 149 85 112 65
split_gain=40.2779 32.3341 33.1655 26.006 24.2381 37.0256 23.5204 22.4901 21.5095 21.1219 19.4242 19.142 23.9095 18.9252 18.3849 18.1655 16.3578 21.8597 17.6286 15.62 15.2745 15.2356 14.8911 15.426 14.8337 13.6079 13.0349 12.804 15.9297 13.3839
threshold=0.77777770161628734 2.3017692565917973 0.77142828702926647 0.81818014383316051 1.0434771180152895 1.27999883890152 1.3793095350265505 84.881099700927749 0.45016555488109594 1.1116753816604616 4.5000000000000009 2.5000000000000004 39.500000000000007 0.39491489529609686 6.0036768913269052 100.50000000000001 0.49999436736106878 52.500000000000007 1.4279831051826479 3.3639886379241948 3.1806241273880009 0.99999970197677623 0.49021333456039434 0.14365078508853915 0.23809494078159335 0.20864427089691165 -1.2025000452995298 0.42261900007724768 0.050740182399749763 40.500000000000007
decision_type=2 8 2 2 2 2 2 8 2 8 2 2 2 10 2 2 2 2 10 2 10 2 2 2 2 2 2 2 2 2
left_child=1 13 3 16 9 8 -7 20 -6 10 -4 12 27 14 -1 -10 19 18 -18 22 -5 -2 -3 -24 -12 -9 -21 28 29 -8
right_child=21 2 4 7 5 6 11 25 15 -11 24 -13 -14 -15 -16 -17 17 -19 -20 26 -22 -23 23 -25 -26 -27 -28 -29 -30 -31
leaf_value=0.010775168843494271 -0.0052377643895016182 -0.0011919042370729938 0.0038949946409113445 0.030968147385217283 0.0013113436678250864 -0.0064428327718992892 0.0019913852160884167 0.0069813011839208712 0.0071142338466395616 -0.0011194209420895963 -0.020746719257871998 -0.007116340872131934 0.021059489032176342 0.016911474805068577 -0.0011058870934118014 0.026001400794546797 -0.0048420743238826343 0.010280997743421937 0.014437097934054469 0.016188592142836737 0.0083887916004225464 -0.021463578770272052 0.011538831739152936 -0.0053268285276360352 -0.0079281659610987345 -0.0067036161713492975 0.0043845451053014482 0.014818021889767477 -0.0044499015234621226 0.018678898400232489
leaf_weight=575.97943010926247 2344.3986240401864 2090.1128100007772 299.71004099398851 147.33367179334164 2387.6875945478678 2335.2199739441276 1104.9483877047896 1273.4338571727276 918.02084259688854 2269.2221890315413 255.42077068984509 710.50354273617268 146.17842102795839 370.25556061416864 729.0373103171587 141.18131510913372 2190.8600336462259 302.31962735950947 115.7594136595726 324.22836804389954 162.66426229476929 145.83459512889385 514.83936807513237 176.1029104590416 1789.1060716733336 203.45246730744839 819.68292893469334 144.44621452689171 1083.5519046336412 125.32299934327602
leaf_count=2685 14711 10422 1784 723 13039 14154 5664 6233 4873 12378 1519 4435 896 1758 3669 721 11593 1514 629 1562 831 1059 2542 933 10326 1058 4111 940 6703 653
internal_value=-0.000234107 0.000402307 -0.000108254 0.0023803 -0.00161917 -0.000120844 -0.00261084 0.00770774 0.00395653 -0.00456699 -0.00788532 9.98674e-05 0.00208817 0.00707744 0.00417997 0.00985135 0.000913806 -0.00214979 -0.00381639 0.00295048 0.0197526 -0.00627004 0.000917775 0.00722555 -0.00962276 0.00506369 0.00784156 0.000879306 -5.08739e-05 0.00382818
internal_weight=26196.8 23706.6 22031.3 8320.79 13710.5 9097.06 5650.17 1786.88 3446.89 4613.46 2344.24 3314.95 2604.45 1675.27 1305.02 1059.2 6533.91 2608.94 2306.62 3924.97 309.998 2490.23 2781.06 690.942 2044.53 1476.89 1143.91 2458.27 2313.82 1230.27
internal_count=144118 128348 120236 42151 78085 52078 33445 8845 18633 26007 13629 19291 14856 8112 6354 5594 33306 13736 12222 19570 1554 15770 13897 3475 11845 7291 5673 13960 13020 6317
is_linear=0
shrinkage=0.05


Tree=50
num_leaves=31
num_cat=0
split_feature=10 110 119 110 37 59 53 27 48 40 36 29 27 48 149 29 110 119 27 51 29 50 123 126 15 31 48 36 51 53
split_gain=39.1746 36.0478 45.6362 42.4571 29.6452 27.2628 25.2205 27.0923 37.2514 29.8463 28.0663 24.3472 29.7201 22.6556 33.5737 20.6036 20.4496 25.9268 19.9284 19.149 19.3882 18.2717 17.2071 16.8671 15.7331 14.6261 14.4723 17.1749 15.0129 22.8052
threshold=1.7666972875595095 0.36856806278228765 0.4513047486543656 0.72924500703811657 5.5000000000000009 1.3312796354293825 151.50000000000003 9.5000000000000018 23.500000000000004 31.500000000000004 15.500000000000002 19.500000000000004 7.5000000000000009 43.500000000000007 -1.1519677639007566 26.500000000000004 0.48496153950691229 0.66666650772094738 3.5000000000000004 32.500000000000007 108.50000000000001 4.5000000000000009 2.8109608888626103 1.2847362756729128 8.5000000000000018 46.382202148437507 31.500000000000004 20.500000000000004 17.500000000000004 26.500000000000004
decision_type=8 2 2 2 2 8 2 2 2 2 2 2 2 2 2 2 2 2 2 2 2 2 2 2 2 2 2 2 2 2
left_child=25 4 5 16 6 -3 7 8 10 -10 -2 12 23 -6 -15 -9 -4 18 22 -16 24 -19 -18 26 -21 -1 -11 -28 29 -29
right_child=1 2 3 -5 13 -7 -8 15 9 11 -12 -13 -14 14 19 -17 17 21 -20 20 -22 -23 -24 -25 -26 -27 27 28 -30 -31
leaf_value=0.0085872782829733291 0.0012539783246195723 -0.011513675756052697 0.010737835231858886 -0.0059354618641605595 -0.0072035803105682979 0.0010532021833456495 0.015179226549252307 -0.017152292748520811 0.021834476081615966 -0.0012592367501707594 -0.011097703501011493 0.014399148787699198 -0.01195453014853505 0.014255534427894732 0.0046874431538762393 -0.0013517093160030245 -0.0026522909311234703 -0.00013198706359539994 -0.0069011459640759554 -0.0065130960777231538 0.011776317960735326 0.015049412492354029 0.0094723563411556119 0.013852993103748906 -0.024972557073805749 0.032120598719164624 0.019909933578003136 0.0026800827331599896 -0.0031017324703634334 0.021987088255396942
leaf_weight=177.18050373345613 8642.2424280419946 1863.7365868315101 659.60826159268618 2203.4096308425069 1677.3147200420499 558.66633837670088 349.64228436350822 292.44590719044209 281.38146455585957 1022.1676107943058 475.75445346534252 589.01784844696522 278.15129414945841 363.10863961279392 471.13995930552483 655.25299856811762 663.03796698153019 341.13921903818846 1006.2021312341094 427.58884690701962 94.536257348954678 462.430334828794 509.20313972979784 435.66211558133364 154.22529593110085 106.52961847186089 196.54214875400066 506.90366694331169 435.06336940824986 211.17575538158417
leaf_count=821 43993 11041 3650 14430 9442 3169 1759 1684 1397 5491 2769 3185 1581 1739 2662 3755 3781 1963 6176 2281 521 2756 2857 2412 845 552 963 2724 2216 1109
internal_value=5.8926e-05 -0.000147511 -0.00286788 -0.00047207 0.00113422 -0.00862303 0.00210189 0.00176521 0.00235828 0.00640356 0.000598046 0.00516592 0.00336258 -0.00322106 0.00121929 -0.00635572 0.00284083 0.00106399 -0.00177294 -0.00299339 -0.00833413 0.00868205 0.00265004 0.00491715 -0.0117456 0.0182165 0.00322454 0.00660457 0.00418512 0.00858197
internal_weight=26110.5 25826.8 8267.43 5845.03 17559.3 2422.4 14371.4 14021.8 13074.1 3956.07 9118 3674.68 3085.67 3187.91 1510.6 947.699 3641.62 2982.01 2178.44 1147.49 676.35 803.57 1172.24 2807.51 581.814 283.71 2371.85 1349.68 1153.14 718.079
internal_count=143724 142351 49823 35613 92528 14210 75038 73279 67840 21078 46762 19681 16496 17490 8048 5439 21183 17533 12814 6309 3647 4719 6638 14915 3126 1373 12503 7012 6049 3833
is_linear=0
shrinkage=0.05


Tree=51
num_leaves=31
num_cat=0
split_feature=70 71 61 108 62 62 24 59 110 39 41 58 93 59 102 37 121 39 149 62 39 48 63 53 39 10 50 68 41 39
split_gain=40.0497 59.4551 29.5756 29.3631 27.3874 25.2428 21.6887 21.2277 18.6489 17.5135 29.7427 17.2311 30.2984 16.7102 16.542 19.9584 16.2314 15.845 15.5453 14.8821 19.5752 23.014 14.8703 19.0257 19.6749 16.5322 14.8411 14.6724 14.5979 14.3914
threshold=3.3219323158264165 0.90797194838523876 3.5000000000000004 12.829838752746584 13.500000000000002 8.5000000000000018 3.5000000000000004 0.69791987538337719 0.19444444030523303 10.500000000000002 14.500000000000002 2.422640442848206 0.23929002135992053 1.2028806805610659 0.74999997019767772 1.5000000000000002 0.18374849855899814 11.500000000000002 -0.64094561338424672 54.500000000000007 19.500000000000004 38.500000000000007 30.500000000000004 54.500000000000007 23.500000000000004 3.712827324867249 5.5000000000000009 1.0000000180025095e-35 40.500000000000007 5.5000000000000009
decision_type=10 10 2 2 2 2 2 8 2 2 2 10 2 8 2 2 2 2 2 2 2 2 2 2 2 8 2 2 2 2
left_child=1 3 6 5 29 14 -2 9 16 10 -5 -7 -13 -8 15 -1 -4 -14 -9 20 21 -10 -6 25 27 -24 -15 -25 -11 -3
right_child=2 4 8 7 22 11 13 18 19 28 -12 12 17 26 -16 -17 -18 -19 -20 -21 -22 -23 23 24 -26 -27 -28 -29 -30 -31
leaf_value=0.0018207559940931193 0.0060388621534045693 0.0076314028278978404 -0.0025495866170140223 -0.0079926622490275878 0.02218540211202244 0.018776605975078131 -0.0055823884068604271 0.0019193302150132142 -0.0084013170785864517 -0.022075318044150704 0.011412652368634417 -0.0097925218660453346 0.0272438956453834 -0.00014145437688510982 0.0082354219759474424 -0.0040844819504529525 0.010548118637762826 0.0052774811883458637 -0.0060609255027871296 0.0070659338415535768 -0.016010204664262818 0.0013562239828887842 -0.010036233060653536 0.0098655143459014452 0.0056308547031036519 0.0098377960623820121 0.014723303760320364 0.029343315886713059 -0.0054689988111165915 -0.00010655957926182364
leaf_weight=4671.994638107717 1347.8419816866517 1157.5330101847649 1612.7234096229076 975.77844843268394 298.28922058641911 317.95742561668158 1325.3858322426677 1957.0873453095555 2282.6949182599783 302.86913416534662 237.62335583567619 224.55072066932917 120.90535927563906 823.74778062105179 663.48122006654739 2050.5554716661572 266.93726159632206 237.53055189549923 874.80807819962502 178.77948676049709 554.51183359324932 817.1675441339612 183.74171485751867 181.49290665984154 384.40947689116001 217.58919601142406 200.84737709909678 240.15220332145691 244.1676487326622 1237.5103187114
leaf_count=23274 7112 6208 9035 5992 1723 1535 8181 10619 14000 1857 1369 1225 645 4682 3164 10836 1418 1202 5405 957 3349 4851 1001 906 1920 1139 1217 1197 1388 6801
internal_value=0.000133001 0.00159697 -0.00247631 -4.25379e-05 0.00699651 0.00173421 0.00100642 -0.00324552 -0.00472844 -0.00754033 -0.00413025 0.00958763 0.00434389 -0.00189332 0.000764582 1.6111e-05 -0.000643558 0.0132254 -0.000558524 -0.00672465 -0.00741676 -0.005833 0.0122615 0.00964762 0.0140313 0.000716064 0.00288657 0.0213821 -0.0148944 0.00364941
internal_weight=26190.7 16780 9410.64 12879.3 3900.72 8286.98 3697.82 4592.33 5712.81 1760.44 1213.4 900.944 582.987 2349.98 7386.03 6722.55 1879.66 358.436 2831.9 3833.15 3654.37 3099.86 1505.67 1207.39 806.055 401.331 1024.6 421.645 547.037 2395.04
internal_count=144208 89406 54802 68511 20895 41881 21192 26630 33610 10606 7361 4607 3072 14080 37274 34110 10453 1847 16024 23157 22200 18851 7886 6163 4023 2140 5899 2103 3245 13009
is_linear=0
shrinkage=0.05


Tree=52
num_leaves=31
num_cat=0
split_feature=22 60 149 112 70 71 121 70 108 52 63 29 33 32 113 27 53 70 121 123 110 59 61 87 63 24 35 131 50 63
split_gain=33.1719 32.5577 31.555 47.1335 36.4073 40.7356 33.0483 29.4554 22.0192 19.5753 23.5745 18.7825 15.8725 14.293 14.1361 14.0215 19.0752 13.8478 15.4934 13.8279 13.8187 13.1968 12.8925 12.7016 12.3509 12.2202 12.1561 14.6289 13.0079 13.3761
threshold=1.8170894384384157 13.500000000000002 -0.55757078528404225 0.10557275637984277 3.4213051795959477 0.90797194838523876 0.27083332836627966 2.72774350643158 51.731792449951179 13.500000000000002 1.5000000000000002 32.500000000000007 17.768130302429203 7.6066021919250497 0.052390854805707938 8.5000000000000018 12.500000000000002 3.1097587347030644 0.10810810700058938 2.8109608888626103 0.72924500703811657 1.1116753816604616 8.5000000000000018 6.9999947547912607 28.500000000000004 10.500000000000002 1.5293781757354739 0.44182610511779791 25.500000000000004 50.500000000000007
decision_type=8 2 2 2 10 10 2 10 2 2 2 2 8 2 2 2 2 10 2 2 2 10 2 2 2 2 10 2 2 2
left_child=-1 9 4 23 5 7 17 11 12 10 -2 15 -6 -8 -5 16 -3 18 -7 -12 22 -19 -10 -4 -20 -26 27 -14 29 -29
right_child=1 2 3 14 8 6 13 -9 20 -11 19 -13 26 -15 -16 -17 -18 21 24 -21 -22 -23 -24 -25 25 -27 -28 28 -30 -31
leaf_value=0.013622721011497066 0.008545624115947531 -0.00061029325219426854 -0.0012782468536128189 -0.0072883098336427926 -0.017229522843633337 0.00073216029219199188 0.019708529139908809 -0.0028426842618413236 0.007443558242638499 0.0093622532240168182 -0.003815572477499635 0.02126900807155602 -8.4126565586589594e-05 9.4527740292373109e-05 -0.016824743752742816 -0.011115717080565704 0.0095701377523952202 -0.0033944039208419759 0.017847170525115461 0.012512840853901575 -0.010419923739444231 0.0066825199082125274 -0.0020073676579717543 0.010903718725929872 -0.0080938767770659514 0.010218084892011212 0.011456031959446134 -0.0059849584326385676 0.0053445615080680488 -0.015665005288432891
leaf_weight=421.36522118002176 754.18024778366089 948.78190420567989 4337.4803281500936 2180.4157028868794 240.90884614735842 535.94435615837574 547.63337705284357 4027.9378851652145 853.1068110615015 1180.600104033947 1342.3685562238097 143.79082562029362 1152.462596938014 111.56055883318186 475.73767460882664 150.43301726132631 881.33509505540133 848.2302234172821 405.17059945315123 133.64364686608315 192.95689892023802 512.87580975145102 614.14268229156733 215.08563989400864 111.70359234511852 368.94443539530039 110.9528483748436 1733.4953488558531 191.06555856019258 449.63701016455889
leaf_count=2018 3458 5061 23628 14115 1307 2717 2897 22486 4743 6083 6823 666 6364 613 3178 767 4417 4632 2165 656 1291 2820 3503 1168 528 1814 652 10052 1054 2511
internal_value=-0.000128113 -0.000358305 -0.0010534 -0.00377348 0.000243968 0.00210666 0.00645381 -0.000331999 -0.00298062 0.00418454 0.00141404 0.0044195 -0.00503933 0.0164401 -0.00905306 0.00309549 0.00431769 0.0040379 0.00747077 -0.00226288 0.00183026 0.000423708 0.0035009 -0.000680074 0.0114941 0.00588412 -0.00418699 -0.00471014 -0.00694588 -0.00804099
internal_weight=26173.9 25752.6 22341.8 7208.72 15133.1 9594.34 3442.06 6152.28 5538.73 3410.79 2230.19 2124.34 3878.52 659.194 2656.15 1980.55 1830.12 2782.87 1421.76 1476.01 1660.21 1361.11 1467.25 4552.57 885.819 480.648 3637.61 3526.66 2374.2 2183.13
internal_count=144187 142169 125149 42089 83060 51583 18186 33397 31477 17020 10937 10911 21940 3510 17293 10245 9478 14676 7224 7479 9537 7452 8246 24796 4507 2342 20633 19981 13617 12563
is_linear=0
shrinkage=0.05


Tree=53
num_leaves=31
num_cat=0
split_feature=13 70 53 39 53 39 53 39 53 72 17 53 60 63 39 53 59 70 70 39 149 58 34 50 34 36 58 64 63 62
split_gain=45.9175 24.8781 24.8607 48.694 24.487 46.2075 24.2389 33.0739 37.6225 23.1273 22.0443 20.9466 20.7015 20.215 18.7004 21.606 18.1095 23.9985 17.7609 17.6893 17.5591 16.5413 16.4466 16.3322 15.5837 15.4116 14.7073 15.8151 13.5037 18.4135
threshold=1.0000000180025095e-35 2.72774350643158 77.500000000000014 16.500000000000004 39.500000000000007 8.5000000000000018 17.500000000000004 3.5000000000000004 6.5000000000000009 15.583077430725099 11.500000000000002 26.500000000000004 5.5000000000000009 7.5000000000000009 7.5000000000000009 9.5000000000000018 0.79178428649902355 3.4213051795959477 2.9888710975646977 12.500000000000002 -1.112131595611572 2.9163981676101689 3.2924290895462041 18.500000000000004 3.7062226533889775 22.500000000000004 2.8888568878173833 144.50000000000003 12.500000000000002 6.5000000000000009
decision_type=2 10 2 2 2 2 2 2 2 2 2 2 2 2 2 2 8 10 8 2 2 8 8 2 10 2 8 2 2 2
left_child=2 10 3 4 5 6 7 8 12 21 -2 -7 -1 -10 15 -9 -3 -18 -4 22 -20 -6 25 -5 -11 -13 -8 -28 29 -17
right_child=1 16 18 23 9 11 26 14 13 24 -12 19 -14 -15 -16 28 17 -19 20 -21 -22 -23 -24 -25 -26 -27 27 -29 -30 -31
leaf_value=0.0099049643822670883 -0.00050351369877110058 -0.0083911447174378779 0.018519140724314469 -0.018015227933724579 0.014311412874462682 -0.013991933364452466 0.014391226505102312 -0.0089233915392542933 0.015573570527045817 0.031777647253815135 0.012836679833153628 0.0015352725959654411 -0.00037098949654284147 0.0046238080115136582 -0.020123195237389022 0.0022577681806275332 0.00062698896597939097 -0.0063689564305322638 0.015549504586344982 -0.013070131954071191 0.00033837112629116813 0.00094430487948406422 -0.0051766437287837311 0.0046212385229234118 0.006012536637525088 0.025036887237036523 0.00048159686214552374 0.011008556043561199 -0.0031539206355589489 0.024077417317774824
leaf_weight=531.07170276343822 2014.8093280568719 1996.6316393017769 309.51531933248043 425.8023803383112 312.3819817751646 659.57161688804626 485.04029902815819 907.45005071163177 686.07134408503771 140.66882377117872 355.7792372033 172.80208441615105 5197.9227066636086 1101.7464822009206 156.68433644622564 556.75154606997967 2543.666435085237 2353.1681044846773 257.01564341783524 248.68512036651373 657.00980880856514 826.06339456140995 318.48486142605543 93.14678181707859 105.3529339209199 108.61007427424192 957.65443412214518 559.55479729175568 939.61359488219023 107.699317663908
leaf_count=2383 10607 12070 1448 2510 1506 4110 2376 5551 3460 788 1726 952 27369 5736 1004 3090 14271 14169 1232 1525 3661 4398 1841 566 627 586 5116 3006 5371 694
internal_value=-4.44821e-05 -0.0028695 0.00151203 0.000971003 0.0014931 0.000849733 0.00187302 0.000881365 0.00257852 0.00780564 0.0015441 -0.00737726 0.00059718 0.00888901 -0.00389161 -0.00280319 -0.00438732 -0.00274103 0.00834574 -0.00213284 0.00473759 0.00470483 0.00254113 -0.0139416 0.0214102 0.0111535 0.00688793 0.00441066 0.000692961 0.00609902
internal_weight=26086.4 9264.05 16822.4 15598.8 15079.9 13695.4 12187.3 10185 7516.81 1384.47 2370.59 1508.15 5728.99 1787.82 2668.2 2511.51 6893.47 4896.83 1223.54 848.582 914.025 1138.45 599.897 518.949 246.022 281.412 2002.25 1517.21 1604.06 664.451
internal_count=143749 52843 90906 84565 81489 74170 65156 54658 38948 7319 12333 9014 29752 9196 15710 14706 40510 28440 6341 4904 4893 5904 3379 3076 1415 1538 10498 8122 9155 3784
is_linear=0
shrinkage=0.05


Tree=54
num_leaves=31
num_cat=0
split_feature=10 39 41 53 39 41 39 53 39 41 41 39 41 41 39 142 60 39 24 60 34 58 49 50 41 39 41 50 60 39
split_gain=35.7197 31.7697 82.8445 69.1895 38.4842 54.9486 44.4425 50.2484 31.1977 45.923 39.2766 29.4314 48.1637 32.7067 32.4923 27.8922 25.3461 24.9421 34.7415 23.8873 23.1939 22.3115 21.2859 20.9564 20.7682 20.2767 41.7153 19.0858 17.5001 19.9308
threshold=1.7666972875595095 5.5000000000000009 10.500000000000002 14.500000000000002 7.5000000000000009 16.500000000000004 11.500000000000002 39.500000000000007 22.500000000000004 100.50000000000001 44.500000000000007 2.5000000000000004 5.5000000000000009 2.5000000000000004 1.5000000000000002 1.9316283464431765 67.500000000000014 17.500000000000004 16.500000000000004 87.500000000000014 3.0005216598510747 3.3445643186569218 3.5000000000000004 13.500000000000002 1.5000000000000002 3.5000000000000004 3.5000000000000004 21.500000000000004 39.500000000000007 4.5000000000000009
decision_type=8 2 2 2 2 2 2 2 2 2 2 2 2 2 2 2 2 2 2 2 10 10 2 2 2 2 2 2 2 2
left_child=-1 3 -3 11 16 -6 21 23 10 27 17 13 25 14 24 19 -4 18 -9 -12 -11 -7 -5 -8 -2 26 -13 -10 29 -14
right_child=1 2 4 22 5 6 7 8 9 20 15 12 28 -15 -16 -17 -18 -19 -20 -21 -22 -23 -24 -25 -26 -27 -28 -29 -30 -31
leaf_value=0.016897099313287003 0.00049508744432214403 -0.014760409647689019 0.0036345871503652045 0.0066948114605003177 -0.011855440034331692 0.0094925048496547152 -0.016230195069067387 -0.0046046181662379717 -0.01714410891505681 0.01293768029084532 0.0050575498176497428 -0.01629805230765825 0.0027593598338632669 0.0079741559274449647 -0.0084815793711411035 -0.0081174555874866106 0.021237725376063134 -0.013654419111122088 0.013441784233323798 0.018220609867697201 -0.003520547540352094 -0.00056671836317032792 0.018447931694528345 0.002666258277705379 0.011293272583886294 -0.016306206039930309 0.0024777638374184532 -0.0018180565680699875 0.0089184296652837468 -0.010127591758338318
leaf_weight=292.30638720095158 4282.4938043951988 1173.6084359586239 1370.2236992865801 1299.8423896431923 1235.2843337804079 1337.8654057607055 830.44419480115175 1018.860449410975 757.06671313941479 317.55572509765625 978.33007179945707 500.40785142034292 940.98366280645132 1615.6463056430221 945.31642314046621 246.11843582987785 231.80968365818262 426.28265804052353 350.00866518169641 532.27002008259296 609.30733963102102 930.86083360016346 551.12486761808395 174.62947756797075 487.1017350256443 671.87238375842571 698.37223645299673 279.80145020037889 589.48541729152203 428.53832280635834
leaf_count=1400 21671 7203 7667 6509 7463 7139 5191 5599 4225 1492 5429 2957 5191 8382 5265 1561 1245 2467 1943 2748 3449 5582 2843 1159 2454 4106 3976 1556 3424 2566
internal_value=-0.000190279 -0.000390256 -0.00215798 0.00134914 -0.000874288 -0.00202556 -0.000632143 -0.00272926 -0.000846168 -0.00588735 0.00194966 -0.000139063 -0.003686 0.00171644 -6.34991e-05 0.00724506 0.00629766 -0.00324379 7.37193e-05 0.00978497 0.00219617 0.00538082 0.0102746 -0.0129531 0.00161919 -0.00940218 -0.00542983 -0.0130652 0.00179239 -0.00131729
internal_weight=26103.8 25811.5 12800.3 13011.2 11626.7 10024.7 8789.4 6520.68 5515.6 1963.73 3551.87 11160.2 3829.66 7330.56 5714.91 1756.72 1602.03 1795.15 1368.87 1510.6 926.863 2268.73 1850.97 1005.07 4769.6 1870.65 1198.78 1036.87 1959.01 1369.52
internal_count=143862 142462 73118 69344 65915 57003 49540 36819 30469 10722 19747 59992 22220 37772 29390 9738 8912 10009 7542 8177 4941 12721 9352 6350 24125 11039 6933 5781 11181 7757
is_linear=0
shrinkage=0.05


Tree=55
num_leaves=31
num_cat=0
split_feature=22 74 121 112 93 39 48 39 102 39 41 41 39 41 41 71 33 70 39 41 147 48 102 51 41 11 45 48 70 69
split_gain=34.4268 37.3729 29.0516 43.1257 24.9424 20.6455 22.6218 31.3506 28.6427 26.8717 29.2019 22.2246 21.8805 27.6478 20.7956 20.1671 19.7334 19.193 18.8621 28.2149 17.9305 17.4152 19.0891 16.0976 16.6052 15.9372 15.6219 15.2796 14.5003 14.2323
threshold=2.0804600715637211 0.66666659712791454 0.22775027155876162 0.19047618657350543 0.49999998509883886 1.5000000000000002 39.500000000000007 17.500000000000004 0.23076922446489337 10.500000000000002 15.500000000000002 50.500000000000007 6.5000000000000009 7.5000000000000009 1.5000000000000002 1.1627858877182009 111.30052566528322 4.0964984893798837 3.5000000000000004 3.5000000000000004 1.2295054793357851 17.500000000000004 0.21189247071743014 13.500000000000002 25.500000000000004 0.30676618218421942 104.81132888793947 8.5000000000000018 3.3459217548370366 32.020074844360359
decision_type=8 2 2 2 2 2 2 2 2 2 2 2 2 2 2 8 8 10 2 2 2 2 2 2 2 10 8 2 8 8
left_child=20 2 3 4 5 14 9 8 23 10 12 -9 13 18 -2 16 -4 25 19 -7 -1 -15 26 -8 -25 -6 -23 -21 -13 -29
right_child=1 -3 15 -5 17 6 7 11 -10 -11 -12 28 -14 21 -16 -17 -18 -19 -20 27 -22 22 -24 24 -26 -27 -28 29 -30 -31
leaf_value=0.013898407103552833 0.00083122695689950496 -0.0064055748288987663 0.0056935445804637708 -0.0070352525921500309 0.0047087536926380333 -0.0072002410262097501 0.0077079612772220822 -0.018977012594921239 0.017546407367124827 -0.013268408192251436 0.0062713289991835706 0.0078627096056293165 -0.012332702522528723 -0.0032247425929567176 0.01056900157239295 0.011928165024509987 -0.0025231209675405349 -0.0079458853979753174 -0.010800301525020539 -0.0091278256043717618 8.6883502771383474e-05 -0.0088482727989662169 0.015976664640672347 -0.010142249290867121 0.0087455061140850748 0.024467040478316066 0.012134383579320663 0.016739174577924235 -0.011194309859008822 0.0024508323206610077
leaf_weight=661.78735709935427 3931.8632461205125 2232.4742229506373 1921.2952351644635 2182.0903917700052 2999.9675939977169 1405.4563519284129 598.75162373483181 226.61162862926722 407.91769001632929 611.35677340626717 838.75935006886721 243.36726146936417 638.14107050001621 514.97825386375189 627.52780263125896 703.81870655715466 1168.0312820002437 286.1436380520463 948.55266964435577 189.30925101786852 361.60479046404362 200.69615998864174 397.99320831149817 357.94633147120476 161.23953103274107 96.439971908926964 143.20931301265955 226.68927803635597 154.7152242437005 678.34912659227848
leaf_count=3178 19760 14336 10743 12914 15646 7700 3404 1309 2172 3659 4574 1284 3809 2742 3116 3915 6638 1601 5511 963 1859 1137 2108 1943 888 553 785 1198 899 3668
internal_value=0.000122471 -0.000245751 0.000358314 -0.000437312 0.000418966 -0.00054357 -0.0019388 0.00252207 0.00637492 -0.00335257 -0.00235214 -0.00684094 -0.00371497 -0.00252252 0.00219167 0.00434854 0.00258882 0.00425177 -0.00483309 -0.00253481 0.00906632 0.00380483 0.0086623 0.0021792 -0.00422201 0.00540092 -1.46834e-05 0.00346789 0.000363358 0.00617352
internal_weight=26117.1 25093.7 22861.2 19068.1 16886 13503.4 8944.04 2150.55 1525.86 6793.49 6182.13 624.694 5343.37 4705.23 4559.39 3793.15 3089.33 3382.55 3448.36 2499.8 1023.39 1256.88 741.899 1117.94 519.186 3096.41 343.905 1094.35 398.082 905.038
internal_count=144012 138975 124639 103343 90429 72629 49753 11899 8407 37854 34195 3492 29621 25812 22876 21296 17381 17800 19040 13529 5037 6772 4030 6235 2831 16199 1922 5829 2183 4866
is_linear=0
shrinkage=0.05


Tree=56
num_leaves=31
num_cat=0
split_feature=46 13 48 39 36 41 39 53 60 41 142 48 138 46 39 41 93 7 78 35 34 40 51 41 36 48 121 90 39 51
split_gain=31.7263 29.0078 23.5901 36.0233 30.0494 27.8827 24.5303 22.6325 22.3367 22.0708 21.6895 24.2744 20.4489 19.4109 17.8336 33.7079 20.4802 17.557 16.8202 16.2628 24.3546 15.8284 15.5346 19.2708 15.372 18.7804 17.2216 15.257 16.1337 14.726
threshold=2.2148315906524663 1.0000000180025095e-35 27.500000000000004 4.5000000000000009 16.500000000000004 8.5000000000000018 7.5000000000000009 7.5000000000000009 7.5000000000000009 16.500000000000004 1.4008461833000185 39.500000000000007 0.98400020599365245 2.4723325967788701 24.500000000000004 100.50000000000001 0.2196462079882622 19.057526588439945 5.9999988079071054 0.74767312407493602 3.0309915542602544 60.500000000000007 23.500000000000004 68.500000000000014 23.500000000000004 33.500000000000007 0.054054053500294692 22.148529052734379 1.5000000000000002 4.5000000000000009
decision_type=8 2 2 2 2 2 2 2 2 2 2 2 2 10 2 2 2 2 2 10 10 2 2 2 2 2 2 2 2 2
left_child=-1 2 3 7 -4 -5 17 8 13 -8 11 24 19 -2 16 -16 -13 -7 21 -6 -21 -14 -18 -24 25 26 -3 28 -9 -10
right_child=1 10 4 5 12 6 9 27 29 -11 -12 14 18 -15 15 -17 22 -19 -20 20 -22 -23 23 -25 -26 -27 -28 -29 -30 -31
leaf_value=0.0071302839238153977 0.003707097937369576 0.00090822391059814994 0.020667441984619825 -0.01537916842148989 0.0035299547306937348 -0.00049743922337004188 -0.019116163497908487 0.014151729240887007 -0.00084121157351025894 -0.0039244041804195823 -0.0068490816944563205 -1.2529747707994395e-06 0.0060207907132690903 0.023828599213946394 -0.015344406580717283 0.0051481627053401018 0.022312709481478982 0.015418555152435905 0.010004245369352439 0.025487514793443203 0.0045499354963272976 -0.0062646402185984485 0.0014138008007769948 0.020571322101325271 -0.011834187785793615 0.01059435555992414 -0.0066132238557309354 0.015252610714402065 0.0018278638439175614 -0.011276795763270012
leaf_weight=1465.2573872804642 794.00914515554905 1286.5515004321933 241.50103472173214 519.1056512594223 2089.0650252401829 1188.9857891127467 312.16583542525768 308.0798195451498 4546.0745350494981 957.42028285562992 2333.0052755922079 862.46955464780331 331.56099414080381 132.42165973782539 337.27582708001137 466.97903135418892 213.32312570512295 192.71672521531582 265.35452029854059 224.56963326781988 354.10836815088987 1132.801653534174 469.82966945320368 173.06943189352751 496.53734397888184 244.7351103797555 1845.5586171895266 338.12951155006886 1634.945506811142 355.43330895155668
leaf_count=6947 3532 6737 1223 3206 11101 6510 1969 1458 24194 5557 15199 4838 1957 719 1818 2382 1163 1200 1592 1178 2033 6811 2483 886 2985 1313 10637 1993 8308 2083
internal_value=7.8663e-06 -0.000418266 0.000851951 -0.00038305 0.00384918 -0.00489347 -0.00279036 0.00138423 -0.000270522 -0.00777996 -0.0027329 -0.00122322 0.00288075 0.00680696 0.00258712 -0.0035286 0.0054528 0.00181733 -0.00134968 0.00561849 0.0129702 -0.003461 0.0108832 0.00680712 -0.00370537 -0.00247868 -0.00353064 0.00559456 0.00384435 -0.00161937
internal_weight=26113 24647.8 15918.4 11279.5 4638.96 3170.39 2651.29 8109.09 5827.94 1269.59 8729.33 6396.33 4397.46 926.431 2522.95 804.255 1718.69 1381.7 1729.72 2667.74 578.678 1464.36 856.222 642.899 3873.38 3376.85 3132.11 2281.15 1943.03 4901.51
internal_count=144012 137065 86624 60729 25895 18442 15236 42287 30528 7526 50441 35242 24672 4251 13570 4200 9370 7710 10360 14312 3211 8768 4532 3369 21672 18687 17374 11759 9766 26277
is_linear=0
shrinkage=0.05


Tree=57
num_leaves=31
num_cat=0
split_feature=110 39 53 48 53 39 53 51 53 39 39 48 53 59 70 51 39 53 39 65 53 51 48 39 70 53 29 34 61 39
split_gain=29.0904 33.0027 64.6901 47.0493 40.9321 36.5461 40.1203 34.0633 30.5234 29.926 27.4066 52.0828 34.5641 24.6669 23.0467 22.4057 22.1565 23.993 19.0129 18.3548 17.9125 34.3673 27.4031 21.9525 20.0363 17.7764 17.7674 17.7055 17.5864 16.5598
threshold=0.99999925494194042 13.500000000000002 69.500000000000014 31.500000000000004 29.500000000000004 4.5000000000000009 9.5000000000000018 13.500000000000002 7.5000000000000009 2.5000000000000004 27.500000000000004 54.500000000000007 151.50000000000003 0.62737107276916515 3.2035042047500615 17.500000000000004 17.500000000000004 45.500000000000007 21.500000000000004 104.50000000000001 19.500000000000004 8.5000000000000018 20.500000000000004 9.5000000000000018 3.2974967956542973 4.5000000000000009 46.500000000000007 2.7720370292663579 1.5000000000000002 1.5000000000000002
decision_type=2 2 2 2 2 2 2 2 2 2 2 2 2 8 8 2 2 2 2 2 2 2 2 2 10 2 2 10 2 2
left_child=1 3 13 5 7 8 -7 -5 9 25 11 18 -12 -3 15 -6 17 -15 -4 -19 21 22 -8 24 -22 29 -20 -14 -25 -1
right_child=-2 2 10 4 14 6 20 -9 -10 -11 12 -13 27 16 -16 -17 -18 19 26 -21 23 -23 -24 28 -26 -27 -28 -29 -30 -31
leaf_value=0.0013928649787162861 -0.010926307079671647 -0.022344117695483365 0.0030620927327569916 0.0053629716107969532 0.031003373518807827 -0.017350620186232634 -0.0044389339062759969 -0.0087055442333348054 0.005720744433091258 -0.0072106580899702066 -0.017609163121222939 0.015646068093570272 0.014784824131564692 -0.011208729596178163 0.0067371907896624367 0.011706708664073973 -0.01527385940455913 0.010476100023957172 -0.015409193940270067 -0.0069724386654591193 0.0075737830942947618 -0.01230391304355502 0.013508068463584946 0.0079803031083055375 -0.0020029353758703006 0.007147777247802487 0.0031192999647608917 -0.0034132678837269365 -0.0075825556181209871 -0.0062171203492984682
leaf_weight=3984.5384367108345 604.99333713203669 343.67751459032297 1034.566978789866 1739.4520774334669 253.25186107307673 455.97213082760572 738.67907407879829 560.9120614901185 3178.8011395782232 1234.3030435144901 374.55930655449629 672.10548613965511 166.13777959346771 527.82070651650429 784.87978893518448 401.32203421741724 619.9154874458909 353.68894774466753 332.60696787387133 248.40264618396759 1177.1182284131646 1005.2057473063469 287.12469153106213 209.15204481780529 1005.3202645480633 1061.5166385620832 203.22519764304161 544.70402533560991 1083.3468819111586 860.688475869596
leaf_count=19944 4053 2060 5534 10040 1292 2944 4363 3284 16430 7254 2133 3477 736 3338 4296 1971 3826 2038 1851 1337 6046 6242 1737 1216 5754 5442 1180 2927 6337 4634
internal_value=-0.000180882 7.88189e-05 -0.00337815 0.00101611 0.00606545 -0.000146704 -0.00326022 0.00190973 0.00165343 -0.000162578 0.000957394 0.00410949 -0.00553309 -0.0102419 0.0126476 0.0195267 -0.00775143 -0.00352654 -0.000895738 0.00328112 -0.00206399 -0.00578182 0.000666385 0.00011934 0.00317334 0.00131992 -0.00845348 0.000986087 -0.00502224 3.10341e-05
internal_weight=26048 25443 5421.41 20021.6 3739.82 16281.8 5961.92 2300.36 10319.8 7141.05 3327.91 2242.5 1085.4 2093.51 1439.45 654.574 1749.83 1129.91 1570.4 602.092 5505.95 2031.01 1025.8 3474.94 2182.44 5906.74 535.832 710.842 1292.5 4845.23
internal_count=143716 139663 30437 109226 20883 88343 34639 13324 53704 37274 17838 12042 5796 12599 7559 3263 10539 6713 8565 3375 31695 12342 6100 19353 11800 30020 3031 3663 7553 24578
is_linear=0
shrinkage=0.05


Tree=58
num_leaves=31
num_cat=0
split_feature=61 48 36 39 41 48 39 53 53 39 48 39 41 41 101 50 123 49 70 74 39 139 140 60 143 39 53 41 70 24
split_gain=29.6961 32.7122 30.6894 29.5023 48.8173 47.2934 46.686 33.8091 30.113 29.048 27.4297 25.7147 34.8855 24.8554 21.893 27.5241 19.5317 19.3368 18.8274 18.4597 16.9431 16.9145 16.2869 15.934 18.9876 15.3634 25.1425 24.3719 18.1705 20.4886
threshold=1.5000000000000002 54.500000000000007 39.500000000000007 13.500000000000002 24.500000000000004 39.500000000000007 9.5000000000000018 20.500000000000004 118.50000000000001 5.5000000000000009 64.500000000000014 20.500000000000004 34.500000000000007 10.500000000000002 0.83333328366279613 4.5000000000000009 4.8593170642852792 8.5000000000000018 3.4749974012374882 0.59999993443489086 22.500000000000004 1.0434771180152895 -0.64217877388000477 13.500000000000002 2.2397155761718754 2.5000000000000004 4.5000000000000009 4.5000000000000009 3.7284777164459233 6.5000000000000009
decision_type=2 2 2 2 2 2 2 2 2 2 2 2 2 2 2 2 2 2 10 2 2 2 2 2 2 2 2 2 8 2
left_child=16 3 22 4 6 -6 7 9 11 14 21 12 -5 -11 15 25 23 -12 -9 -14 -10 -4 -3 -1 -25 26 -2 -27 29 -29
right_child=1 2 10 8 5 -7 -8 18 20 13 17 -13 19 -15 -16 -17 -18 -19 -20 -21 -22 -23 -24 24 -26 27 -28 28 -30 -31
leaf_value=0.0059648651892322199 -0.0014947430773940935 0.020016428842458741 -0.013891174304068577 -0.01491185511237459 0.0035081058978040217 0.02609317497540747 -0.01138096964839086 0.0083822437794596784 0.013019338146463253 -0.014730258623051707 0.013944230972894354 -0.018093770967085955 0.0012652469744113286 -0.0024835261998531559 -0.0084538797249322437 0.011969164645214317 0.012991508153065795 0.00047217196195047302 -0.0015601009028570652 -0.016759584332120454 -0.003672220699767133 0.0022663258870873849 0.0044201625154773883 0.0011038228982782371 -0.017563385078649386 -0.011813883008690846 0.0075418520658392489 -0.0025939440228764897 -0.0074907911687684256 0.010223155766049036
leaf_weight=1926.6447265818715 2368.7499215975404 386.30216398090124 376.35060402750969 676.03330770879984 1474.9109561815858 266.04318838566542 1150.0499829649925 1347.1028034687042 268.91954571008682 757.48065964877605 425.1734429448843 538.57705206423998 1144.2510935515165 911.10179723054171 820.29878887534142 449.24478723853827 442.01504117995501 688.47032847255468 729.28321937471628 152.01369815319777 326.87451524287462 274.66379825770855 302.09954771399498 4070.7977530732751 130.93516167998314 664.92970736324787 1128.5052366480231 745.77663811296225 650.75120034068823 522.06723940372467
leaf_count=9364 12179 1927 2091 4135 8165 1382 6922 6909 1369 4817 2243 3281 6485 5642 5364 2606 2282 3606 4060 936 1816 1635 1629 22308 787 3891 5650 4043 3599 2998
internal_value=5.08475e-05 -0.000926819 0.00446125 -0.00170223 -0.000721388 0.00708875 -0.00183665 -0.000838009 -0.00610153 -0.00216289 0.000944539 -0.00849337 -0.00579373 -0.00809777 -0.000806456 0.000165667 0.00295626 0.00569394 0.00489948 -0.000960655 0.00395228 -0.00714315 0.0133334 0.00221247 0.000481792 -0.000724588 0.0014344 -0.00364142 -0.000762516 0.00272253
internal_weight=26116.4 19546 2453.06 17093 13986.3 1740.95 12245.3 11095.3 3106.67 9018.91 1764.66 2510.88 1972.3 1668.58 7350.32 6530.02 6570.39 1113.64 2076.39 1296.26 595.794 651.014 688.402 6128.38 4201.73 6080.78 3497.26 2583.52 1918.6 1267.84
internal_count=144121 109380 13131 96249 78227 9547 68680 61758 18022 50789 9575 14837 11556 10459 40330 34966 34741 5849 10969 7421 3185 3726 3556 32459 23095 32360 17829 14531 10640 7041
is_linear=0
shrinkage=0.05


Tree=59
num_leaves=31
num_cat=0
split_feature=1 48 39 53 39 53 48 41 41 39 48 41 39 39 48 53 63 63 60 62 102 48 119 33 72 39 48 41 41 110
split_gain=25.0007 29.7389 21.9315 47.2626 37.103 34.8739 29.0231 25.9169 24.6481 32.9903 30.6435 27.5076 37.1313 24.2941 20.4109 19.684 25.9033 19.1584 19.0599 17.3474 16.451 16.0517 15.5207 15.249 15.2187 15.0263 16.9263 18.6642 15.4798 13.9833
threshold=1.0000000180025095e-35 72.500000000000014 13.500000000000002 37.500000000000007 8.5000000000000018 73.500000000000014 46.500000000000007 16.500000000000004 11.500000000000002 5.5000000000000009 25.500000000000004 6.5000000000000009 3.5000000000000004 6.5000000000000009 20.500000000000004 4.5000000000000009 2.5000000000000004 7.5000000000000009 17.500000000000004 4.5000000000000009 0.19738550484180453 16.500000000000004 0.63636359572410595 103.72811889648439 15.583077430725099 16.500000000000004 40.500000000000007 27.500000000000004 36.500000000000007 0.33333325386047369
decision_type=2 2 2 2 2 2 2 2 2 2 2 2 2 2 2 2 2 2 2 2 2 2 2 8 2 2 2 2 2 2
left_child=1 2 3 4 8 22 24 -6 9 11 13 12 15 21 -13 16 18 -17 -1 -19 -2 -10 25 -7 -5 26 28 -28 -4 -26
right_child=20 -3 5 6 7 23 -8 -9 10 -11 -12 14 -14 -15 -16 17 -18 19 -20 -21 -22 -23 -24 -25 29 -27 27 -29 -30 -31
leaf_value=0.0063369611439546532 -0.0065108202951439237 0.019540178230529767 -0.020562282166033487 0.0050380773739950209 -0.015627331305163226 0.0062409867924619507 0.029665386431466212 -0.0020787557513773625 0.0029100497185715257 -0.0079286781394994534 0.016379140226913749 0.0035492680713718264 -0.0089872265782502802 -0.0050862855359037097 0.015473149949549106 0.0095641538262398931 -0.0036134661225118029 -0.0041598663252040277 -0.004033773882603839 0.0062192645149160147 -0.00094981472710520341 0.01692149599405527 0.0071141817601861959 -0.0038545387956710219 0.029776717864790494 -0.016730926623654867 -0.012873923225190315 0.0131805479928988 -0.00071913040144644098 0.0040269254162504913
leaf_weight=1629.2263696789742 1946.9597201049328 202.24505392462015 221.98017419874668 1265.427426725626 528.63944293558598 863.90805751085281 151.55173918604851 1034.8825019448996 591.46341942995787 1049.4522905275226 552.04602493345737 1234.7245319262147 969.75714749097824 598.92699924856424 501.21048251539469 1167.8885887116194 2897.0559265166521 779.0946182757616 599.31120447069407 812.39936637878418 4164.0945889130235 306.77905786037445 127.34843722730875 645.05022047460079 121.51516772806644 565.87175237387419 98.581257306039333 178.84210020303726 171.83383920043707 93.954310387372971
leaf_count=7740 11370 1024 1371 6450 3295 4406 744 6186 3081 6449 3028 6612 5810 3461 2709 6014 15686 3936 3141 4413 23690 1625 853 3606 670 3427 563 980 1001 548
internal_value=6.63785e-05 0.000923206 0.000722859 0.00141035 0.000542189 -0.00330797 0.00946934 -0.00672984 0.00137707 0.000484594 0.00641959 0.00132498 0.000193772 0.00266293 0.00706091 0.00133288 -0.000501336 0.00472947 0.00354244 0.00114405 -0.00272927 0.00782904 -0.00907076 0.00192838 0.00721741 -0.0107805 -0.00559222 0.00379641 -0.0121363 0.0192252
internal_weight=26072 19961 19758.7 16885.3 15252.9 2873.42 1632.45 1563.52 13689.3 11640.1 2049.22 10590.7 8854.73 1497.17 1735.94 7884.98 5125.59 2759.38 2228.54 1591.49 6111.05 898.242 1364.46 1508.96 1480.9 1237.11 671.237 277.423 393.814 215.469
internal_count=143889 108829 107805 91598 83186 16207 8412 9481 73705 62510 11195 56061 46740 8167 9321 40930 26567 14363 10881 8349 35060 4706 8195 8012 7668 7342 3915 1543 2372 1218
is_linear=0
shrinkage=0.05


Tree=60
num_leaves=31
num_cat=0
split_feature=10 74 102 39 41 41 39 48 48 39 41 39 41 41 48 50 48 39 41 120 24 48 109 39 39 41 121 39 41 72
split_gain=31.7966 35.2159 26.3408 29.3495 58.1228 40.7724 31.6631 62.2465 42.8416 34.3003 28.0028 27.5609 35.1649 25.4855 25.0416 24.616 24.067 23.0877 28.6342 22.5398 31.9915 22.0108 20.7919 20.1289 18.3054 21.7403 18.3643 17.6612 28.7053 17.4436
threshold=1.7666972875595095 0.88888880610466015 0.70974066853523265 6.5000000000000009 13.500000000000002 9.5000000000000018 12.500000000000002 25.500000000000004 41.500000000000007 20.500000000000004 38.500000000000007 3.5000000000000004 4.5000000000000009 6.5000000000000009 58.500000000000007 12.500000000000002 17.500000000000004 9.5000000000000018 20.500000000000004 0.62605160474777233 6.5000000000000009 24.500000000000004 5.5835793018341073 15.500000000000002 25.500000000000004 54.500000000000007 0.33333332836627966 1.5000000000000002 1.5000000000000002 35.623735427856452
decision_type=8 2 2 2 2 2 2 2 2 2 2 2 2 2 2 2 2 2 2 2 2 2 2 2 2 2 2 2 2 2
left_child=-1 2 3 5 -5 11 7 -6 29 10 23 12 27 -13 -11 17 -7 -9 -19 20 -4 -15 -20 -10 25 -16 -26 28 -2 -8
right_child=1 -3 19 4 6 16 8 15 9 14 -12 13 -14 21 24 -17 -18 18 22 -21 -22 -23 -24 -25 26 -27 -28 -29 -30 -31
leaf_value=0.016574231143255312 0.00061185503156003986 -0.0064802559329749142 0.0054305492045182537 -0.013366467801730883 -0.0071998080004496623 0.0016913960656349252 -0.013411397507827872 0.01320194795322293 0.0064537915165114789 -0.012414117158557645 0.013173609868479416 -0.010145550844472266 0.0098242575037093688 -0.0043327926795008022 -0.0056889552619492651 0.02614876882930179 0.014286631548454332 -0.008474490592816776 0.015272548044623333 0.0023793342977778591 0.027516898191830032 0.0097803047832502529 -0.0021262066500389925 -0.0099376368929893245 -0.0097095874894180603 0.021252908739271339 0.0071666436447098761 -0.0030204253745716361 0.011675041668616487 0.0060143108659717207
leaf_weight=284.44700817763805 4225.6663727834821 1901.5462277382612 555.26992198079824 1041.7178126424551 968.40933787077665 656.98571536689997 1097.5710483789444 739.96719878166914 395.6971315741539 684.14442199468613 628.74179740250111 1058.1375238671899 1135.6837128177285 807.90688180923462 121.66813074052334 165.07237388938665 897.02873656898737 413.21508277952671 399.33161644637585 2435.492569334805 226.86694273352623 407.20437532663345 292.03028072416782 338.07584401220083 495.36393432319164 171.31722974777222 228.12630384415388 2481.7406609207392 671.03922994434834 123.31195537000895
leaf_count=1357 21279 12213 2797 6339 5744 3555 6698 4009 2204 4024 3362 6316 5907 4680 667 918 4743 2420 2098 12748 1226 2275 1676 1943 2650 884 1191 13747 3335 834
internal_value=0.000236605 4.98716e-05 0.000572732 -8.39257e-05 -0.00238062 0.00146205 -0.000788518 0.00316511 -0.00353784 -0.000370718 0.00551817 0.000367855 0.00167432 -0.00451124 -0.0050935 0.00817075 0.00900664 0.00642953 0.00181488 0.00477323 0.0121034 0.000437972 0.00799781 -0.00113041 -9.33724e-05 0.0102463 -0.00436312 0.000408294 0.00214865 -0.0114164
internal_weight=26048.8 25764.3 23862.8 20645.2 8303.76 12341.4 7262.04 2978.03 4284.02 3063.13 1362.51 10787.4 8514.13 2273.25 1700.62 2009.62 1554.01 1844.54 1104.58 3217.63 782.137 1215.11 691.362 733.773 1016.48 292.985 723.49 7378.45 4896.71 1220.88
internal_count=143839 142482 130269 113498 47661 65837 41322 16865 24457 16925 7509 57539 44268 13271 9416 11121 8298 10203 6194 16771 4023 6955 3774 4147 5392 1551 3841 38361 24614 7532
is_linear=0
shrinkage=0.05


Tree=61
num_leaves=31
num_cat=0
split_feature=74 62 39 41 10 3 39 39 29 41 109 110 119 39 58 41 39 60 50 41 39 41 39 41 39 41 39 138 45 41
split_gain=21.6728 27.2459 38.5333 44.441 33.4662 33.1911 29.3775 28.8941 26.9114 24.9207 25.2752 24.5577 31.3783 21.5517 21.3614 19.6524 37.8298 21.5731 19.143 18.9491 37.119 25.9054 22.1856 23.6624 24.4392 25.6878 24.3634 18.8723 18.7129 17.9957
threshold=0.88888880610466015 19.500000000000004 9.5000000000000018 20.500000000000004 4.7013041973114023 1.5000000000000002 26.500000000000004 12.500000000000002 108.50000000000001 34.500000000000007 3.6442314386367802 0.21428570896387103 0.24780684709548953 18.500000000000004 3.5181654691696171 15.500000000000002 6.5000000000000009 67.500000000000014 21.500000000000004 7.5000000000000009 3.5000000000000004 4.5000000000000009 2.5000000000000004 2.5000000000000004 1.5000000000000002 1.5000000000000002 1.0000000180025095e-35 1.5910549759864809 36.967506408691413 3.5000000000000004
decision_type=2 2 2 2 8 2 2 2 2 2 2 2 2 2 10 2 2 2 2 2 2 2 2 2 2 2 2 2 8 2
left_child=1 2 4 -4 5 -1 11 -5 -8 -9 13 -3 -13 -11 18 16 19 -17 -14 20 21 22 23 24 25 26 -6 -16 -27 -24
right_child=-2 6 3 7 15 -7 8 9 -10 10 -12 12 14 -15 27 17 -18 -19 -20 -21 -22 -23 29 -25 -26 28 -28 -29 -30 -31
leaf_value=0.0203175372688384 -0.0047961187271207545 0.018543802416196468 -0.016280264998371787 0.0046885136927109937 0.0027810441899451437 0.002601115622501544 -0.0063688138551185715 -0.012974049489137347 0.015421853738031777 0.01140995665198005 -0.0074195334142186714 -0.014171886080209976 0.0085915394804669913 -0.0032932084772973845 0.0034910548519829334 0.0033626462110343315 -0.0092271594568909647 0.020452305371878393 0.027081188157729696 0.0047322868696922371 -0.0077412792182258846 0.0082286730796285162 -0.01452955253675807 0.0074808250611062433 -0.008085381306110825 0.029709031031896323 -0.0048898838477957748 -0.019844700754630441 0.006264064838685854 0.00016563938165949145
leaf_weight=419.56762386858463 1989.3952680826187 416.48978946357965 638.49162659049034 1101.4694559276104 2556.4969379007816 696.55826183408499 810.7184549421072 695.32022598385811 161.46421817690134 463.7741427347064 1047.8700629398227 179.116216391325 1056.271125793457 518.64799274504185 587.91671213507652 1463.7788449823856 1056.6830564811826 202.48997375369072 155.96332854777575 2243.8385763466358 1440.1763014122844 1049.0098032951355 444.14136849343777 1107.1103182509542 880.75438944250345 102.45313918590546 1724.7864309549332 91.322712972760201 385.26096598803997 384.49140816926956
leaf_count=2361 12708 2019 3894 6133 12498 4172 4329 4229 858 2412 6429 944 5825 2733 3395 7754 6323 1024 840 11931 8500 5367 2602 5685 4879 529 9044 584 1872 2189
internal_value=0.000206235 0.000621287 -6.8318e-05 -0.00417409 0.0010683 0.00938225 0.00472087 -0.00211719 -0.00262956 -0.00487458 -0.00205074 0.00759313 0.00531191 0.00369278 0.00722179 0.000445553 -0.000193906 0.00554905 0.0111725 0.000587822 -0.000339012 0.000903162 -0.000119394 0.000831444 -0.000482466 0.000935646 -0.000313511 0.000111197 0.0116871 -0.00779021
internal_weight=26071.8 24082.4 20623.2 4465.57 16157.6 1116.13 3459.26 3827.08 972.183 2725.61 2030.29 2487.08 2070.59 982.422 1891.47 15041.5 13375.2 1666.27 1212.23 12318.5 10074.7 8634.5 7585.49 6756.86 5649.75 4769 4281.28 679.239 487.714 828.633
internal_count=144062 131354 112560 25830 86730 6533 18794 21936 5187 15803 11574 13607 11588 5145 10644 80197 71419 8778 6665 65096 53165 44665 39298 34507 28822 23943 21542 3979 2401 4791
is_linear=0
shrinkage=0.05


Tree=62
num_leaves=31
num_cat=0
split_feature=70 71 71 121 39 119 41 53 39 117 34 54 48 27 65 48 31 60 143 93 59 93 63 22 108 146 36 65 91 48
split_gain=27.4364 31.2957 30.1647 28.6827 26.9159 23.1584 18.8839 18.1027 26.9125 17.5903 16.9771 16.7251 25.2311 22.2883 16.188 14.6718 14.5505 14.4249 14.3126 14.1354 14.121 19.4087 13.5654 15.3865 16.6114 13.5609 22.5674 13.5372 13.0943 13.995
threshold=3.0380854606628422 0.95823988318443309 0.79213926196098339 0.27083332836627966 6.5000000000000009 0.31313708424568182 9.5000000000000018 35.500000000000007 16.500000000000004 11.512778282165529 3.6622713804245 35.500000000000007 44.500000000000007 8.5000000000000018 116.50000000000001 52.500000000000007 676.64791870117199 127.50000000000001 1.3043466806411745 0.40038168430328375 0.43468435108661657 0.39534883201122289 7.5000000000000009 4.045785903930665 22.704881668090824 1.5491844415664675 12.500000000000002 10.500000000000002 1.509980380535126 41.500000000000007
decision_type=10 8 10 2 2 2 2 2 2 2 8 2 2 2 2 2 2 2 2 2 10 2 2 8 2 2 2 2 2 2
left_child=2 4 9 11 6 19 22 -6 10 20 14 12 13 -3 -9 -10 17 -5 -7 28 -1 -22 27 24 -24 26 -8 -2 29 -4
right_child=1 3 5 16 7 18 25 8 15 -11 -12 -13 -14 -15 -16 -17 -18 -19 -20 -21 21 -23 23 -25 -26 -27 -28 -29 -30 -31
leaf_value=0.00085679509742710635 -0.0018472221857958389 -0.001366989271390356 -0.0026889534931604214 0.0071561925756097756 -0.012765676715287673 0.014028902990843148 -0.0077242386058258136 0.012911501409816589 -0.016638891686151843 -0.0029635748772440778 -0.0062478749002404833 -0.018239611001717289 0.0060765125532587904 -0.014993582649287716 -0.0059472704168311644 -0.0043819629425468987 -0.0030700751061652556 0.025718567779413223 0.0013823052478155681 0.0067874369483788086 0.0016718560516954348 0.01960402438996842 -0.0096589397433196941 -0.0091095020835803529 0.013186661279534388 0.01733669899092859 0.01534342037351509 0.012726347681658057 -0.0096391568979977017 0.013904318887722407
leaf_weight=5842.1722720861435 602.6141209602356 4703.9720915034413 397.76833821833134 1080.1846850886941 1119.2784867733717 951.8941450715065 253.91591720283031 366.61831650137901 478.63592121750116 3063.3150460571051 401.69011479616165 129.54792208969593 1104.4585490971804 310.79234067350626 156.07188569754362 507.52165728807449 306.52256923913956 108.67000579833984 294.58316615968943 851.77000859379768 388.77050280570984 238.79756553471088 129.18936829268932 1029.7696907967329 177.03683685511351 193.81886976212263 167.35511367768049 205.69244408607483 346.51298598200083 175.08087539672852
leaf_count=28982 3632 26523 1983 6154 7397 5040 1362 2193 3016 17366 2327 759 6245 2019 839 2880 1918 514 1767 4152 2050 1178 830 5829 1184 1169 927 1138 1860 826
internal_value=-0.000150282 -0.0017113 0.00153298 0.000368163 -0.00448881 0.00588089 -0.000910034 -0.00773444 -0.0047358 0.000151967 0.00139434 -0.00112275 -0.000731211 -0.00223966 0.00727446 -0.0104382 0.00656437 0.0090533 0.0110749 0.00218382 0.00162942 0.00869573 -0.00312699 -0.00620345 0.003548 0.006745 0.00158296 0.00197156 -0.00210847 0.00253402
internal_weight=26084 13533.4 12550.7 7744.15 5789.21 3017.61 2759.39 3029.82 1910.54 9533.06 924.38 6248.77 6119.22 5014.76 522.69 986.158 1495.38 1188.85 1246.48 1771.13 6469.74 627.568 2144.3 1336 306.226 615.09 421.271 808.307 919.362 572.849
internal_count=144059 78855 65204 44132 34723 15628 16071 18652 11255 49576 5359 35546 34787 28542 3032 5896 8586 6668 6807 8821 32210 3228 12613 7843 2014 3458 2289 4770 4669 2809
is_linear=0
shrinkage=0.05


Tree=63
num_leaves=31
num_cat=0
split_feature=46 59 112 121 112 58 144 31 66 49 108 59 103 103 63 74 112 62 121 121 30 93 39 92 48 41 139 131 101 47
split_gain=21.3226 23.7937 28.2722 21.3163 36.5115 30.6601 19.3027 20.505 18.8546 17.6021 17.5276 23.8638 16.4086 16.1037 14.4067 12.7878 12.5822 28.4185 16.9177 12.2468 15.2841 11.9597 11.8408 18.3049 14.9615 12.9482 12.6443 12.2337 11.6853 11.5012
threshold=2.2918195724487309 0.73133650422096264 0.089418977499008193 0.22775027155876162 0.19999996572732928 2.8281619548797612 -0.82055991888046254 127.77178955078126 13.500000000000002 8.5000000000000018 12.829838752746584 0.43468435108661657 0.15122926980257037 0.19999998062849048 5.5000000000000009 0.41666664183139807 0.11764705553650857 8.5000000000000018 0.13804446160793307 0.13352712988853457 5.5000000000000009 0.74999985098838817 4.5000000000000009 0.23529411107301715 28.500000000000004 7.5000000000000009 1.0243891477584841 1.3040663003921511 0.62988328933715831 0.44619436562061315
decision_type=8 8 2 2 2 10 2 2 2 2 2 10 2 2 2 2 2 2 2 2 2 2 2 2 2 2 2 2 2 10
left_child=8 2 9 4 13 15 -7 -8 -1 -2 11 -4 -6 16 28 -5 17 21 -18 -14 -21 22 25 24 -24 -3 -26 -28 -12 -10
right_child=1 3 10 5 12 6 7 -9 29 -11 14 -13 19 -15 -16 -17 18 -19 -20 20 -22 -23 23 -25 26 -27 27 -29 -30 -31
leaf_value=0.0027817151776055389 0.0071191840701590641 -8.6409953816505506e-05 -0.0095932301832388628 0.023363007642650001 -0.022260736382468185 0.0045902542834086067 0.018252514432774491 -0.006285287178376793 0.0053533911681567688 -0.006455616737445458 0.016398824305014246 0.0056905257401342578 -0.02272276550066259 0.0081365581169613507 -0.0084033398156732504 0.0022130413346567678 -0.0075549036832636939 0.0098916323505536547 0.00092482377451507725 -2.8195443446027627e-05 -0.010817472513670566 0.0050986258442087653 -0.005992198747747945 -0.015159319227773638 -0.0027557736210388085 0.0084949551303383324 0.015069969872556252 -0.0040505086100770214 -0.0054171409422373341 0.024053822434551356
leaf_weight=1463.3568348139524 863.16677425056696 6304.3039264380932 393.27803751081228 254.90827021002769 159.34376417845488 2547.8997493833303 85.019898429512978 831.68495927006006 157.24088077247143 319.89412329345942 101.37565238028765 686.50099421292543 89.082870922982693 644.41610015928745 2672.7715800106525 100.95250446349382 1138.3354622498155 789.80238393694162 1201.8532199338078 806.56699858605862 543.55231549590826 1055.768718123436 984.06258561462164 292.81183367967606 433.3510592803359 462.51200680434704 275.32719075679779 113.2742598131299 128.76143436133862 180.80485507845879
leaf_count=7160 4936 32279 2267 1242 834 14062 527 5529 710 1853 556 3757 564 3931 16526 543 6648 4233 6625 4786 3497 5261 5449 1848 2308 2306 1555 632 872 800
internal_value=5.74243e-05 -0.000332847 -0.00334024 0.000481216 -0.000353948 0.0038168 0.00235582 -0.00383712 0.00529057 0.00342528 -0.00535348 8.69147e-05 -0.00748018 0.000482661 -0.00737047 0.0175876 9.88083e-05 0.000825036 -0.00321456 -0.00570141 -0.00441951 9.40488e-05 -0.000506996 -0.00377853 -0.00186003 0.000511796 0.00309966 0.00953471 0.00447552 0.0157591
internal_weight=26082 24280.6 5165.75 19114.8 15294.4 3820.47 3464.6 916.705 1801.4 1183.06 3982.69 1079.78 1598.55 13695.8 2902.91 355.861 13051.4 10711.2 2340.19 1439.2 1350.12 9921.41 8865.64 2098.83 1806.02 6766.82 821.953 388.601 230.137 338.046
internal_count=144096 135426 30767 104659 82756 21903 20118 6056 8670 6789 23978 6024 9681 73075 17954 1785 69144 55871 13273 8847 8283 51638 46377 11792 9944 34585 4495 2187 1428 1510
is_linear=0
shrinkage=0.05


Tree=64
num_leaves=31
num_cat=0
split_feature=25 48 39 41 36 102 48 36 48 39 48 90 39 60 60 35 34 60 48 143 41 39 46 53 41 139 41 71 48 114
split_gain=22.0743 24.9461 30.5404 32.2412 30.3317 25.4853 19.7903 19.2572 25.6058 19.2258 29.4958 19.2176 18.7659 18.7399 17.8334 17.0837 25.5713 16.1575 18.7418 17.8002 15.599 33.4578 22.1935 17.3679 15.369 14.9786 14.6014 14.5313 14.4688 13.4657
threshold=1.0000000180025095e-35 31.500000000000004 20.500000000000004 100.50000000000001 17.500000000000004 0.58214065432548534 20.500000000000004 18.500000000000004 46.500000000000007 27.500000000000004 60.500000000000007 13.00568723678589 15.500000000000002 20.500000000000004 49.500000000000007 0.99865561723709118 3.0309915542602544 5.5000000000000009 4.5000000000000009 0.49999436736106878 34.500000000000007 15.500000000000002 3.0827896595001225 27.500000000000004 59.500000000000007 1.4060602188110354 68.500000000000014 1.0415551662445071 17.500000000000004 2.2586618661880498
decision_type=2 2 2 2 2 2 2 2 2 2 2 2 2 2 2 10 10 2 2 2 2 2 10 2 2 2 2 10 2 2
left_child=15 4 5 9 6 7 13 -3 12 10 26 -5 -9 -2 -8 17 -17 -1 -19 -20 21 23 -22 -10 -12 -21 -4 -18 -27 -30
right_child=1 2 3 11 -6 -7 14 8 20 -11 24 -13 -14 -15 -16 16 27 18 19 25 22 -23 -24 -25 -26 28 -28 -29 29 -31
leaf_value=0.0097851389112628643 0.00036938563012855027 0.021334550680997436 -0.017741457321640841 0.014902482316475724 -0.0099074218818228105 0.014583836582618803 0.0081530373400966888 -2.2784926941159945e-05 0.00034715731136457687 -0.020330676198725944 -0.0035921862536605572 -0.0014116851789682935 -0.012276077674830192 -0.0062657003427720641 -0.003348435252510878 0.022849656407633992 -0.0053125281237394444 -0.0072716838504478165 0.0045573796284751706 -0.0012708776036990952 0.026045811807744203 -0.016526457046942427 0.0040761050805895958 0.014527756467352038 0.019386694419386893 0.0011522213781468109 -0.0026000504098386903 0.0093528257079955168 0.02791301390983569 0.006901538294244558
leaf_weight=490.11901578307152 1850.1939181014895 114.34701260179281 373.0492125377059 243.41859655082226 1433.2911314889789 439.13178978860378 807.49484423547983 1813.2576323375106 465.5641857162118 289.44885507971048 141.75489455461502 622.35310380905867 367.53290908038616 2491.5714501142502 565.99317287653685 212.79983298480511 281.64452500641346 698.79542905837297 2773.287081502378 6040.050229229033 199.12589944154024 174.37587309628725 265.27881748974323 393.49233183264732 134.03579440712929 1224.0808824896812 279.24777639657259 394.12202894687653 89.488751143217087 377.21916481107473
leaf_count=2173 10039 587 2249 1138 8976 2285 4628 10646 2720 1642 774 3481 2272 14458 3098 1168 1742 3439 13806 33030 982 1023 1507 2102 693 6630 1587 2412 517 2166
internal_value=-1.96832e-06 -0.00140858 0.000880698 -0.00406284 -0.00342945 0.00331806 -0.00179041 0.00197884 0.00132098 -0.00927766 -0.0056505 0.00329296 -0.00213447 -0.00344388 0.00342351 0.00150321 0.00814766 0.000991759 0.000598672 0.00112867 0.00633276 0.00285582 0.0138467 0.00693503 0.00786326 -0.000105609 -0.0113966 0.00325229 0.00404011 0.0114314
internal_weight=26045.6 13464 6315.41 2083.31 7148.54 4232.11 5715.25 3792.97 3678.63 1217.54 928.088 865.772 2180.79 4341.77 1373.49 12581.6 888.566 11693 11202.9 10504.1 1497.84 1033.43 464.405 859.057 275.791 7730.84 652.297 675.767 1690.79 466.708
internal_count=143970 76887 35688 11564 41199 24124 32223 21839 21252 6945 5303 4619 12918 24497 7726 67083 5322 61761 59588 56149 8334 5845 2489 4822 1467 42343 3836 4154 9313 2683
is_linear=0
shrinkage=0.05


Tree=65
num_leaves=31
num_cat=0
split_feature=46 59 39 41 39 53 121 9 112 66 41 110 58 121 112 47 108 112 109 61 138 31 64 110 39 131 91 120 96 41
split_gain=24.0504 23.7412 25.2591 30.4499 25.5463 23.7774 22.8201 25.0999 24.2058 21.6389 19.8478 19.5479 22.3057 17.9276 17.7615 17.6857 15.5845 15.1788 14.9731 14.1394 13.5501 15.4529 16.1938 14.2108 14.615 13.1817 12.9728 12.7279 18.5047 12.0013
threshold=2.2918195724487309 0.76092755794525158 9.5000000000000018 12.500000000000002 3.5000000000000004 26.500000000000004 0.22775027155876162 151.03362274169925 0.24647607654333117 13.500000000000002 4.5000000000000009 0.87499991059303295 3.0781217813491826 0.43922077119350439 0.38461537659168249 0.44619436562061315 14.851876735687258 0.060423510149121291 2.5452111959457402 9.5000000000000018 1.2709000706672671 25.067587852478031 120.50000000000001 0.07692307606339456 2.5000000000000004 1.6071383357048037 2.7863264083862309 0.62605160474777233 3.4686272144317631 15.500000000000002
decision_type=8 8 2 2 2 2 2 10 2 2 2 2 10 2 2 10 2 2 2 2 2 2 2 2 2 2 2 2 2 2
left_child=9 2 3 4 10 -4 8 11 20 -1 -2 12 -8 14 -14 -11 19 -6 -12 -7 21 -3 -23 -22 -25 -18 -24 28 29 -5
right_child=1 6 5 27 17 16 7 -9 -10 15 18 -13 13 -15 -16 -17 25 -19 -20 -21 23 22 26 24 -26 -27 -28 -29 -30 -31
leaf_value=0.0029371208444958384 -0.002143128236758112 3.8550990676521735e-05 -0.022493742866905392 0.0063597386763514646 0.0094099431512483372 0.0064556409906153748 0.014106502778487498 -0.0084564350708647516 -0.010637735099610022 0.0042296136329097681 0.026840360469724052 -0.008452931083442897 0.0046677078834067801 0.015728844748347338 -0.0069689888137203539 0.027453931425156813 -0.012372369819334329 -0.009571371432103357 0.0045123288929779437 -0.0066592928036710471 0.0064061579660826254 0.017037171089059357 0.011256424059363036 0.0034391168375673522 -0.0062347244299631177 0.0023105350068830591 0.00014820595386734798 -0.0034759597954052771 -0.00054155444012807556 0.022814791180637915
leaf_weight=1469.5714591145515 908.30852640420198 9982.1428626179695 229.31338107585907 203.28782758116722 106.7182853743434 381.49271998554468 716.26897763460875 354.91453541815281 544.95937997847795 155.17241407930851 103.25642291456461 228.95220145583153 1672.3488751798868 278.6821049079299 397.96174167841673 174.54453697800636 834.61432060599327 1292.1453460678458 238.63966194540262 422.65889903903008 338.17355300486088 240.5232410877943 349.61644355207682 476.22183419018984 2025.6302386969328 183.16310944408178 977.6606322824955 220.48453991860151 263.42028832435608 264.38688106834888
leaf_count=7185 5462 50520 1591 1192 614 2094 3650 2212 3341 699 535 1567 9536 1570 2362 767 5091 8248 1342 2238 1976 1556 1879 2931 12608 1109 5827 1205 1569 1457
internal_value=2.73097e-05 -0.000387672 -0.00322233 -0.000693494 -0.00344905 -0.00763641 0.000475688 0.00401452 -0.000391082 0.00558826 0.00174078 0.00537966 0.00643698 0.00404845 0.00240812 0.0169703 -0.00565384 -0.00806679 0.0118268 -0.000434644 4.08484e-06 0.000765383 0.00536353 -0.00308382 -0.00438697 -0.00973321 0.0031365 0.0069337 0.0100776 0.015945
internal_weight=26035.2 24235.9 5651.89 3600.65 2649.07 2051.24 18584.1 3649.13 14934.9 1799.29 1250.2 3294.21 3065.26 2348.99 2070.31 329.717 1821.93 1398.86 341.896 804.152 14390 11549.9 1567.8 2840.03 2501.85 1017.78 1327.28 951.58 731.095 467.675
internal_count=143933 135282 33747 21624 16201 12123 101535 20897 80638 8651 7339 18685 17118 13468 11898 1466 10532 8862 1877 4332 77297 59782 9262 17515 15539 6200 7706 5423 4218 2649
is_linear=0
shrinkage=0.05


Tree=66
num_leaves=31
num_cat=0
split_feature=29 27 34 110 22 61 53 39 53 41 39 38 62 58 63 53 119 39 58 41 100 63 4 118 112 63 34 62 112 118
split_gain=25.4684 29.1237 22.9567 20.9296 18.8517 17.5023 22.0669 27.6249 38.5544 34.1311 30.4457 22.4314 21.8469 23.9306 21.5472 28.9112 18.76 18.6915 22.2161 18.6078 17.5125 17.396 21.3139 16.6582 16.4317 20.5525 16.0273 15.7926 18.4956 15.3956
threshold=108.50000000000001 15.500000000000002 2.7369703054428105 0.99999970197677623 2.0804600715637211 1.5000000000000002 118.50000000000001 15.500000000000002 37.500000000000007 44.500000000000007 9.5000000000000018 7.5000000000000009 6.5000000000000009 2.2816020250320439 16.500000000000004 13.500000000000002 0.5313592553138734 20.500000000000004 3.1319067478179936 12.500000000000002 23.771423339843754 35.500000000000007 8.5000000000000018 7.2429792881011972 0.073350068181753172 8.5000000000000018 3.7516174316406254 13.500000000000002 0.15484573692083362 2.6293287277221684
decision_type=2 2 10 2 8 2 2 2 2 2 2 2 2 10 2 2 2 2 8 2 2 2 2 2 2 2 8 2 2 2
left_child=1 3 -3 4 -1 20 7 8 10 16 12 -12 24 -14 15 -15 -9 18 -11 27 -6 26 -23 -21 -7 -26 -10 -16 -29 -28
right_child=-2 2 -4 -5 5 6 -8 9 21 17 11 -13 13 14 19 -17 -18 -19 -20 23 -22 22 -24 -25 25 -27 29 28 -30 -31
leaf_value=0.0071500939365963384 0.016565591398271927 0.0057757489283520244 -0.015553776892282642 -0.01308306592114368 0.0017210100207925934 -0.0003913821633086682 0.0070132651352653053 -0.017243732134994506 0.014871812270024948 0.016251584025586217 -0.012111283897842665 0.0018532944934157893 0.020254067750544429 0.0013589650060948316 -0.010473304626146727 0.018514651924464564 0.0008680226202938447 -0.0067201240897403706 -0.0024765972664946389 0.012176095971300212 0.01327030225801309 -0.0052587065715364685 0.0084732112136612827 -0.0021120687878064081 -0.00069383355610086906 -0.0099079962534381269 0.013257529714591432 0.015977850646758125 -0.0047385149215752598 -0.002027339476363773
leaf_weight=977.6408531293273 222.72061413526535 161.76519709080458 499.52325685322285 282.04009380936623 5964.1923426538706 4978.4333136826754 869.28232465684414 724.6637394502759 642.40345063060522 250.40259896963835 1038.280437707901 392.95469308644533 177.27812415361404 686.12813353538513 645.59144878387451 374.00675255060196 176.36428351700306 722.67771598696709 398.4460683465004 369.02927123755217 337.77832201123238 629.9922057390213 496.10373940318823 436.36171764880419 1184.4453140869737 1230.9437152370811 256.65174376219511 141.56941045075655 363.04025799036026 425.34914051741362
leaf_count=4801 1196 764 2946 2010 31160 26251 4440 4333 3608 1291 6438 2680 847 4360 3665 2283 1132 4244 2378 2035 2010 3203 2598 2555 6985 7244 1243 777 2191 2440
internal_value=9.8902e-05 -4.94196e-05 -0.0103278 0.000224595 0.000380584 0.000100944 -0.00070838 -0.00111327 -0.000306572 -0.00622542 -0.00147293 -0.00829096 -0.000544243 0.00290638 0.00182303 0.0075278 -0.013728 -0.0012329 0.00488792 -0.00129211 0.00236008 0.00539636 0.000812249 0.00450379 -0.0020363 -0.0054111 0.00925879 -0.00535434 0.00127105 0.00383315
internal_weight=26056.1 25833.3 661.288 25172.1 24890 23912.4 17610.4 16741.1 14468.6 2272.55 12018.1 1431.24 10586.8 3193.01 3015.73 1060.13 901.028 1371.53 648.849 1955.59 6301.97 2450.5 1126.1 805.391 7393.82 2415.39 1324.4 1150.2 504.61 682.001
internal_count=144108 142912 3710 139202 137192 132391 99221 94781 81403 13378 68311 9118 59193 18713 17866 6643 5465 7913 3669 11223 33170 13092 5801 4590 40480 14229 7291 6633 2968 3683
is_linear=0
shrinkage=0.05


Tree=67
num_leaves=31
num_cat=0
split_feature=60 71 109 54 121 109 63 59 69 121 109 84 90 120 117 78 118 31 110 27 109 62 61 94 114 62 35 46 59 117
split_gain=20.7532 19.3498 25.6471 22.6816 21.9502 23.1669 18.3372 24.4847 18.3668 20.8234 19.118 18.0005 16.7161 16.5848 16.4773 16.078 15.8705 15.0662 14.6659 16.1723 14.4062 13.6543 15.1557 16.6923 13.0539 12.9099 18.3612 12.9457 12.5567 15.364
threshold=5.5000000000000009 0.90797194838523876 1.7539335489273074 6.5000000000000009 0.27083332836627966 8.013336658477785 5.5000000000000009 0.56553041934967052 229.73036956787112 0.17857142537832263 8.013336658477785 0.0526315774768591 18.723761558532718 0.047619046643376357 43.27130317687989 4.4999983310699472 6.2420988082885751 676.64791870117199 0.64188316464424144 16.500000000000004 4.2975502014160165 33.500000000000007 2.5000000000000004 0.31414471566677099 3.4841229915618901 10.500000000000002 0.97682473063468944 4.0788078308105478 0.80607876181602489 13.889657974243166
decision_type=2 10 2 2 2 2 2 10 8 2 2 2 2 2 2 2 2 2 2 2 2 2 2 2 2 2 8 10 10 2
left_child=-1 2 3 12 5 13 -4 -8 9 14 28 -7 -2 -3 15 20 -13 24 19 -18 -9 22 -12 -24 -6 27 -27 -15 29 -11
right_child=1 4 6 -5 17 11 7 8 -10 10 21 16 -14 25 -16 -17 18 -19 -20 -21 -22 -23 23 -25 -26 26 -28 -29 -30 -31
leaf_value=0.0084552664041476124 -0.00013853499313586193 -0.013220291407788784 0.0036483104101600336 0.016322606147286488 0.00348387746343561 0.0042171104567288202 -0.008834783848366095 -0.0044419987460409208 -0.012738576322599643 0.014419884783392158 0.0036859369589409825 -0.019696119188724132 0.012976375500733614 0.00055134499420556949 0.013231771221362976 0.0032683888510010636 -0.0011207678397830911 -0.0032083679525049219 -0.014591265688818571 -0.020401240977414893 -0.014547422113355269 0.0087106412791326786 -0.0021736446222071887 -0.019633445945846519 0.012528984177212078 0.00080714909170925267 0.013009381731222763 0.012912372519103996 0.013962994279977856 -0.0019405729326458399
leaf_weight=716.00746163725853 8250.0769988596439 144.68073155730963 822.47556181252003 215.26844178140163 750.29172603040934 697.63277933001518 1997.8194120004773 959.55728486925364 367.77825199067593 190.85645098984241 293.42815999686718 158.19079647958279 240.3327245414257 2564.7363732531667 109.42244502156973 372.71536006033421 1894.5625613182783 333.13317381590605 263.86138143390417 105.49907641112804 560.81093354523182 205.31338229775429 299.87962113320827 246.32116924971342 867.84601771086454 548.64557995647192 697.85026159882545 220.99388431757689 387.96469606459141 495.95070128142834
leaf_count=3242 42202 829 4770 1059 4355 3947 12001 5517 2192 997 1844 961 1482 14018 697 2257 11200 2087 1845 651 3505 1131 1826 1680 4624 2919 3578 1275 2097 2924
internal_value=0.000120557 -0.00011891 -0.00117018 0.000663295 0.00170102 0.000438163 -0.00335154 -0.00424318 -0.00218506 -0.00121494 0.00223465 -0.00281666 0.000247529 0.00287012 -0.0048594 -0.00596912 -0.00485158 0.00639707 -0.00373226 -0.00223421 -0.00824024 -0.00257085 -0.00539956 -0.0102589 0.00838214 0.00347874 0.00768773 0.00157463 0.00688741 0.00274752
internal_weight=25979.9 25263.9 16016 8705.68 9247.92 7296.65 7310.29 6487.82 4490 4122.22 2119.71 3119.75 8490.41 4176.91 2002.51 1893.08 2422.11 1951.27 2263.92 2000.06 1520.37 1044.94 839.629 546.201 1618.14 4032.23 1246.5 2785.73 1074.77 686.807
internal_count=143712 140470 88181 44743 52289 41223 43438 38668 26667 24475 12499 18604 43684 22619 11976 11279 14657 11066 13696 11851 9022 6481 5350 3506 8979 21790 6497 15293 6018 3921
is_linear=0
shrinkage=0.05


Tree=68
num_leaves=31
num_cat=0
split_feature=74 130 3 87 39 48 102 41 119 39 48 72 60 103 48 102 39 102 103 91 35 39 41 61 131 48 41 41 5 39
split_gain=21.3318 31.4669 36.6453 24.1822 21.7683 43.8814 37.854 33.0079 27.6473 24.5445 23.9859 19.8279 18.6663 24.856 20.229 25.6372 27.5 27.1214 18.6454 16.3133 16.0356 15.5006 17.2062 15.4217 15.406 14.7165 14.6232 14.4969 14.3724 17.3969
threshold=0.66352188587188732 1.2599450945854189 1.5000000000000002 11.035713195800783 9.5000000000000018 27.500000000000004 0.21189247071743014 27.500000000000004 0.63636359572410595 24.500000000000004 52.500000000000007 6.0053529739379892 13.500000000000002 0.19999998062849048 11.500000000000002 0.58214065432548534 4.5000000000000009 0.14285714179277423 0.10714285448193551 22.632011413574222 1.0943472385406496 12.500000000000002 40.500000000000007 1.5000000000000002 0.71428492665290844 26.500000000000004 100.50000000000001 8.5000000000000018 10.500000000000002 18.500000000000004
decision_type=2 2 2 2 2 2 2 2 2 2 2 2 2 2 2 2 2 2 2 2 10 2 2 2 2 2 2 2 2 2
left_child=1 3 -3 4 5 12 -7 8 -6 10 21 -2 13 -1 -14 16 17 24 -4 20 28 25 -23 -15 -16 -9 -11 -18 29 -20
right_child=11 2 18 -5 7 6 -8 9 -10 26 -12 -13 14 23 15 -17 27 -19 19 -21 -22 22 -24 -25 -26 -27 -28 -29 -30 -31
leaf_value=0.00094280874392790696 0.0087032474730125153 0.018095946401532784 -0.0061758079372753807 0.014188069233706403 -0.012075628645503335 0.0028793614044850366 0.017082900201175536 -0.0029231205362001628 0.012269283140468754 -0.014802386015359893 0.010383634348904238 -0.0057492472258747953 -0.0052661334113759516 0.022846547292180483 0.0013648358520437541 0.0076048113975506733 -0.013606547799226657 0.0059784185447307242 0.0050503244527432337 -0.007009929976400351 0.019906424852923356 -0.0098531627449331242 0.0003462675906917275 0.0014991977521128265 -0.0071584030001227809 0.013533061828684448 -0.0022789418034369542 -0.0037587855680561535 0.012118866465750477 -0.012394601556525615
leaf_weight=2901.5586112365127 253.55214706808329 464.38246005028486 455.37337852269411 272.28954159468412 1269.3665873333812 1859.9956414848566 619.87135052680969 233.84607277065516 120.30647555738688 416.68727508187294 574.58769923448563 2469.7310696318746 3017.1222275570035 216.12508934736252 1108.083686478436 873.13498920202255 500.16543213278055 1557.0159446150064 553.04882959276438 225.97778724879026 203.28011631965637 615.49816995114088 1218.1018016338348 137.55343271791935 1001.9061542227864 304.6160874068737 523.41877972334623 1446.7860975861549 423.6279363706708 181.55113783478737
leaf_count=13962 1335 2529 2545 1487 7430 10381 3182 1305 782 2338 2993 16030 15979 1173 6065 4488 3103 8308 3230 1415 1162 3647 6800 789 5504 1569 2742 8358 2299 992
internal_value=-0.000197907 0.000292277 0.00557207 -0.000346892 -0.000546621 0.00041215 0.00648405 -0.00331127 -0.00989545 -0.000937814 0.00131135 -0.00437672 -0.000772109 0.00249061 -0.00189105 -0.000315621 -0.00155881 0.000992831 0.00265087 0.00520563 0.00726945 -0.000920612 -0.00311233 0.0148136 -0.00269701 0.00646339 -0.00792714 -0.00634524 0.00490012 0.000630378
internal_weight=26018.6 23295.3 2507.24 20788 20515.7 15239.3 2479.87 5276.43 1389.67 3886.76 2946.65 2723.28 12759.5 3255.24 9504.21 6487.09 5613.96 3667.01 2042.86 1587.49 1361.51 2372.06 1833.6 353.679 2109.99 538.462 940.106 1946.95 1158.23 734.6
internal_count=143922 126557 14172 112385 110898 81292 13563 29606 8212 21394 16314 17365 67729 15924 51805 35826 31338 19877 11643 9098 7683 13321 10447 1962 11569 2874 5080 11461 6521 4222
is_linear=0
shrinkage=0.05


Tree=69
num_leaves=31
num_cat=0
split_feature=13 87 142 48 63 139 102 121 48 36 58 39 53 63 135 147 141 112 47 39 39 58 47 33 96 62 63 109 94 147
split_gain=29.321 20.3104 17.0756 18.89 20.0603 18.7606 17.5334 16.0553 15.2252 39.0774 21.9982 16.0765 20.1808 19.5651 18.5424 14.8986 13.9286 16.647 15.3497 13.7793 13.6841 12.9576 13.6983 12.8359 13.2416 12.7868 12.6742 12.5869 14.4255 12.4844
threshold=1.0000000180025095e-35 9.5999989509582537 1.4008461833000185 40.500000000000007 52.500000000000007 1.0967726111412051 0.58214065432548534 0.023904762230813507 27.500000000000004 16.500000000000004 2.5303814411163335 4.5000000000000009 6.5000000000000009 2.5000000000000004 0.47618980705738073 1.5489650368690493 -0.35403640568256373 0.091431554406881346 0.5228768289089204 16.500000000000004 12.500000000000002 2.9163981676101689 0.96294161677360546 17.768130302429203 4.8603892326354989 18.500000000000004 10.500000000000002 3.2454794645309453 0.11111110076308252 0.99725204706192028
decision_type=2 2 2 2 2 2 2 2 2 2 10 2 2 2 2 2 2 2 10 2 2 10 10 10 2 2 2 2 2 2
left_child=1 8 3 4 6 -5 20 -4 11 -10 -11 12 13 14 -1 16 17 -12 -19 -7 25 22 -20 -23 29 27 -14 28 -2 -25
right_child=2 -3 7 5 -6 19 -8 -9 9 10 15 -13 26 -15 -16 -17 -18 18 21 -21 -22 23 -24 24 -26 -27 -28 -29 -30 -31
leaf_value=0.0083727284873321775 -0.0026531965312536088 0.014040975165610987 0.01423951054761316 -0.0006369905178902328 -0.020733313313477591 0.016014041452478544 0.0036749108923657039 -0.0066852896838112703 0.021868564604191024 0.0096676980906762241 0.01331468172030488 -0.0029610410069493272 0.007603028663843707 -0.0028269133952880518 -0.0011762760330676703 -0.0078420081356956103 -0.0039718488140201248 -0.009965676859161398 0.0050820728909431248 0.0029753970074217601 -0.014736317680324938 -0.0092115083445743103 0.026472996846674847 0.00031554455569489886 -0.0060122042154950898 0.010567984187137912 0.00093653577015194759 -0.0087139152969824482 0.015545547242318304 0.011517356470128123
leaf_weight=947.80433164536953 1715.1368778496981 291.62652384489775 86.209338247776031 1701.9224179759622 145.13098873198032 343.46170097589493 913.03933940827847 2363.7766652703285 258.47932681441307 802.67881213128567 366.1391352340579 3318.9099581986666 1545.3147104904056 3579.7122815623879 1078.8946011662483 450.33009337633848 789.19675374776125 232.82278978079557 243.18419460952282 488.48117313534021 269.76046144962311 231.78905093669891 102.51847089082003 484.06210890412331 284.09250652045012 151.71009697020054 1322.2606880217791 903.824722006917 106.30415149778128 502.89372921735048
leaf_count=4451 9212 1593 516 8952 756 1899 4831 15457 1275 4002 1974 19247 7887 19435 5342 2932 4578 1281 1269 2688 1693 1185 498 2609 1596 877 6807 5538 613 3032
internal_value=-5.7991e-05 0.00118193 -0.00232819 -0.00102493 -0.00307719 0.00237947 -0.00239662 -0.0058941 0.00094687 0.00333429 0.00222101 -1.6389e-05 0.00113904 -0.000607009 0.00330859 0.000578078 0.00177013 0.00363026 0.00187112 0.00848458 -0.00416436 0.00340756 0.0119915 0.00136676 0.00335267 -0.00312547 0.004543 -0.00392361 -0.00151199 0.00608159
internal_weight=26021.5 16832.7 9188.76 6738.77 4204.91 2533.87 4059.78 2449.99 16541.1 4748.19 4489.71 11792.9 8473.99 5606.41 2026.7 3687.03 3236.7 2447.5 2081.36 831.943 3146.74 1848.54 345.703 1502.84 1271.05 2876.98 2867.58 2725.27 1821.44 986.956
internal_count=144025 90993 53032 37059 23520 13539 22764 15973 89400 26231 24956 63169 43922 29228 9793 20954 18022 13444 11470 4587 17933 10189 1767 8422 7237 16240 14694 15363 9825 5641
is_linear=0
shrinkage=0.05


Tree=70
num_leaves=31
num_cat=0
split_feature=143 139 61 143 71 58 139 139 147 48 58 110 119 110 119 21 47 60 143 139 84 34 47 103 39 46 66 63 39 66
split_gain=26.8188 26.3139 22.3962 24.2719 18.5357 17.9737 16.9387 16.0846 17.8479 17.8258 15.2825 16.1607 22.2197 22.4371 21.5271 17.8539 17.098 17.8512 14.5429 23.0073 17.094 13.4035 13.6407 13.0896 13.0935 13.7271 13.8916 12.9842 12.5099 13.4424
threshold=1.1999966502189638 0.89361667633056652 1.0000000180025095e-35 0.77142828702926647 0.75098416209220897 2.9984241724014287 0.71428340673446666 1.4308311343193056 1.1447356939315798 39.500000000000007 2.422640442848206 0.41194295883178716 0.24780684709548953 0.19999999552965167 0.4513047486543656 91.246143341064467 0.99919885396957409 69.500000000000014 1.3960387110710146 1.0967726111412051 0.037135539576411254 3.5063791275024419 0.54502165317535411 0.47413022816181188 4.5000000000000009 3.8458697795867924 13.500000000000002 14.500000000000002 19.500000000000004 78.500000000000014
decision_type=2 2 2 2 10 10 2 2 2 2 8 2 2 2 2 8 10 2 2 2 2 8 8 2 2 10 2 2 2 2
left_child=1 2 -1 4 -4 6 -6 8 -2 -9 -3 12 13 16 27 -14 -12 -18 19 -10 -20 22 -16 24 25 26 -7 -13 -5 -30
right_child=7 10 3 28 5 23 -8 9 18 -11 11 14 15 -15 21 -17 17 -19 20 -21 -22 -23 -24 -25 -26 -27 -28 -29 29 -31
leaf_value=0.0053077817233869997 -0.008352478077717107 0.011069809924086684 -0.0024914842165214505 -0.0039693860237245901 0.0043981058335690855 -0.0052493383561648824 0.0189108054251272 -0.00080966460420339899 -0.0051082282858868587 0.011854043399290887 0.002420777968147091 0.0011005849826979379 0.016348140398704119 -0.0072945580873856209 -0.0070286608601324756 0.0047985089094876709 -0.0022051606545260261 0.021821083033168567 0.0036764284471883278 0.0081530060012811791 -0.0077410784220588238 -0.0031187879786414552 0.0095686552047186298 0.01594003771465809 -0.0028678994755201941 0.015073493327095181 0.015477260980204327 -0.017282791178506268 -0.017972852022712375 0.0033208424641767002
leaf_weight=1469.286079145968 1654.7929121926427 602.95159669220448 3370.2524596378207 1849.413195438683 832.21905665099621 311.83254478126764 259.31116753816605 3210.7955432087183 594.197598695755 294.13187970221043 2442.1747229471803 144.3302871286869 574.35001286864281 521.30157606303692 146.55098389834166 812.08443766832352 111.03681161999702 232.24676627665758 430.77836307138205 704.24535115808249 1297.5042482241988 721.61043285578489 615.93659851700068 116.70699255168438 1685.7135890573263 226.95779643952847 97.961061671376228 270.5140843167901 333.68909910321236 90.918941669166088
leaf_count=7332 9847 2899 17330 10853 4101 1660 1256 18753 3759 1822 12218 848 3045 2868 938 4246 593 1187 2431 4205 8527 4343 3679 651 8986 1226 510 1584 1906 478
internal_value=8.96538e-05 0.00117685 -0.000402264 -0.00132146 0.000157013 0.00268505 0.00798622 -0.00227804 -0.00419252 0.000283769 0.00351028 0.00280313 0.00437523 0.00213454 -0.00108485 0.00966591 0.00391898 0.0142072 -0.00189814 0.0020917 -0.00489046 0.00174506 0.00632894 0.00028985 -0.000561561 0.0054941 -4.39892e-05 -0.0110116 -0.0057892 -0.0134419
internal_weight=26025.8 17839.4 10644.3 9174.98 6900.95 3530.7 1091.53 8186.45 4681.52 3504.93 7195.09 6592.14 4693.19 3306.76 1898.94 1386.43 2785.46 343.284 3026.73 1298.44 1728.28 1484.1 762.488 2439.17 2322.46 636.751 409.794 414.844 2274.02 424.608
internal_count=144081 94737 56289 48957 35720 18390 5357 49344 28769 20575 38448 35549 24157 16866 11392 7291 13998 1780 18922 7964 10958 8960 4617 13033 12382 3396 2170 2432 13237 2384
is_linear=0
shrinkage=0.05


Tree=71
num_leaves=31
num_cat=0
split_feature=74 70 59 119 35 102 121 15 110 119 110 103 119 110 119 72 22 43 39 110 127 101 68 93 45 147 39 34 39 101
split_gain=24.0811 23.7216 29.7795 22.6052 21.8089 20.2021 16.0584 23.1568 18.7514 23.8935 34.4369 17.7691 16.7156 16.0995 17.6549 15.9962 15.7384 15.6385 22.8005 15.0266 14.5743 13.9751 13.7962 13.685 13.5928 13.4421 12.2098 11.9519 11.875 11.8591
threshold=0.88888880610466015 2.9376196861267094 0.60780271887779247 0.4196659922599793 0.41875767707824713 0.44742849469184881 0.3183265775442124 6.5000000000000009 0.36856806278228765 0.23529411107301715 0.19444444030523303 0.16035714000463488 0.40271630883216863 0.62012657523155224 0.66666650772094738 15.583077430725099 3.9818564653396611 127.19613647460939 8.5000000000000018 0.57712131738662731 1.5153075456619265 0.18430384248495105 7.1112840175628671 0.07692307606339456 117.94917297363283 1.4999985098838808 28.500000000000004 3.0309915542602544 11.500000000000002 0.291772410273552
decision_type=2 8 10 2 8 2 2 2 2 2 2 2 2 2 2 2 8 2 2 2 2 2 2 2 8 2 2 8 2 2
left_child=1 2 4 5 -1 27 7 8 9 10 15 25 23 17 -15 -3 -8 -14 -19 -5 -17 24 -18 -10 -9 -11 -26 29 -13 -4
right_child=-2 6 3 19 -6 -7 16 21 12 11 -12 28 13 14 -16 20 22 18 -20 -21 -22 -23 -24 -25 26 -27 -28 -29 -30 -31
leaf_value=-0.011206493679263109 -0.0053809671198472948 -0.00022003948759720564 0.0090304167110333722 0.0236125639062892 0.0014283669575260152 0.010243393366233769 0.0086383830334055087 -0.011834470553891044 0.00055362553775285936 0.0032943387135388408 -0.0092925168944212027 0.01569023646612237 -0.0037535047145351181 -0.012736062793088915 -0.0012460125183324561 0.017133237901172646 0.0059110554903536883 0.015153614254686216 -0.0012590280632364728 0.0080331923303703524 -0.0043303256933703875 -0.016858997387275691 -0.0084544284394899166 -0.012854825853766625 0.016742991358591433 -0.0090375676162665654 -0.0054091563715856494 -0.0065079527093943601 0.0042318970102588147 -0.005217979956702019
leaf_weight=368.91806250810623 1976.8332992941141 7331.5272099971771 415.5914484038949 285.56012327969074 3451.7751165851951 811.64800732582808 874.57192323356867 232.26142231374979 258.22117254137993 1585.8604345992208 1058.4439614638686 460.58980011940002 678.06815515458584 522.98291194438934 903.60219164937735 243.64552464336157 311.42905973643064 386.08905620127916 451.30200625956059 359.13331596553326 109.93397892266512 338.60341989994049 338.68837828189135 704.96871244162321 105.73317212611437 246.71667550504208 126.74204399436712 432.8256973028183 454.68706692755222 214.29118823260069
leaf_count=2106 12747 37437 2077 1494 18072 3950 4910 1327 1438 8325 6160 2580 3792 3318 5867 1469 1771 2296 2791 2120 649 2206 1954 4396 624 1453 713 2286 2689 1152
internal_value=-9.03598e-05 0.000346305 0.00296864 0.0071773 0.000182302 0.0043556 -0.000592793 -0.00105529 -0.000620525 0.000397329 -0.000881647 0.00445541 -0.00360899 -0.00172346 -0.00551757 0.000287324 0.00429618 0.0018609 0.00639774 0.0151892 0.0105243 -0.00927789 -0.00158756 -0.00929141 -0.00351558 0.00159408 0.00494096 -0.000194804 0.0101053 0.00417721
internal_weight=26041.2 24064.4 6339.74 2519.05 3820.69 1874.36 17724.7 16200 15396.6 11491.4 8743.55 2747.85 3905.23 2942.04 1426.59 7685.11 1524.69 1515.46 837.391 644.693 353.58 803.34 650.117 963.19 464.737 1832.58 232.475 1062.71 915.277 629.883
internal_count=144169 131422 33257 13079 20178 9465 98165 89530 84660 60762 45715 15047 23898 18064 9185 39555 8635 8879 5087 3614 2118 4870 3725 5834 2664 9778 1337 5515 5269 3229
is_linear=0
shrinkage=0.05


Tree=72
num_leaves=31
num_cat=0
split_feature=29 39 48 36 102 48 39 41 48 39 41 39 41 39 102 41 63 41 48 39 100 12 39 48 26 29 58 41 58 99
split_gain=20.6149 27.7993 38.7507 36.3051 31.8048 30.73 32.726 24.3089 22.5746 29.2018 29.2665 26.6483 41.1952 24.7919 23.7951 21.8063 20.5126 17.6194 17.4901 20.288 17.2195 16.9136 16.7257 24.8621 16.3814 16.2246 16.2158 15.7639 14.1464 13.8914
threshold=108.50000000000001 22.500000000000004 39.500000000000007 24.500000000000004 0.22222220152616504 58.500000000000007 14.500000000000002 68.500000000000014 32.500000000000007 6.5000000000000009 10.500000000000002 3.5000000000000004 4.5000000000000009 2.5000000000000004 0.39999999105930334 48.500000000000007 42.500000000000007 4.5000000000000009 15.500000000000002 11.500000000000002 15.888222217559816 1.5000000000000002 34.500000000000007 66.500000000000014 2.5000000000000004 19.500000000000004 2.7974874973297124 3.5000000000000004 2.6188778877258305 54.935050964355476
decision_type=2 2 2 2 2 2 2 2 2 2 2 2 2 2 2 2 2 2 2 2 2 2 2 2 2 2 10 2 8 2
left_child=1 2 3 8 16 6 -6 -3 9 10 11 12 13 21 -11 20 -4 -13 -16 24 -8 -1 23 26 -20 -21 -9 -15 -12 -30
right_child=-2 7 4 -5 5 -7 15 22 -10 14 28 17 -14 27 18 -17 -18 -19 19 25 -22 -23 -24 -25 -26 -27 -28 -29 29 -31
leaf_value=0.0022752940113537068 0.014594924577923577 -0.016428745194301791 0.0029425795975056043 -0.0092758018633510523 0.017388277497309285 0.028538996705720944 -0.0078565804819018589 0.010059203472856638 0.0061343338416207129 -0.0093203514398248703 0.018046030650796265 -0.018461064467029869 0.0083985619481724665 -0.015063813099986412 -0.010763491646724299 0.009196878578703346 -0.0088189288488634884 -0.0036931885413368942 0.00078726149345064323 -0.012427130109719827 0.013698822332629333 -0.0028889192523451502 -0.013227572049644943 0.014290441590556742 0.013156193370312944 0.0013276584956741372 -0.0074025568372566367 -0.0013936383083725966 0.0027407958456427358 0.016768957739069858
leaf_weight=4165.9364388287067 223.36018998175859 437.94639345258474 1676.7026457190514 1176.0403129905462 526.94768795371056 176.89810114353895 510.39766678214073 156.0546512901783 1277.5721914768219 1525.217627428472 221.34472893178463 212.44412243366241 1477.1464607045054 446.95892588049173 417.47062567621469 607.05241672694683 465.15456315129995 2327.295556999743 1045.3876636177301 434.26612690091133 103.238212056458 2546.0265045762062 297.0180537328124 228.02188480645418 350.4896649196744 410.96201676875353 670.41413450241089 395.78042633831501 1293.3467911481857 195.59506710618734
leaf_count=20686 1194 2559 9716 7413 2720 878 2863 731 6918 9623 1044 1360 7554 2706 2467 3248 2472 13794 5599 2566 641 13794 1554 1169 2159 2458 3904 2293 6806 1082
internal_value=-0.000199382 -0.000333196 0.000116429 -0.000792162 0.0045582 0.00920538 0.00709717 -0.00632708 -0.000255196 -0.000725818 0.000422379 -0.000481839 0.000791671 -0.000704816 -0.0043632 0.0025495 0.000359179 -0.00499605 -0.00149503 0.000271635 -0.00406859 0.000314987 -0.00295708 3.289e-05 0.00396446 -0.00580203 -0.00402457 -0.00873544 0.00650745 0.00468319
internal_weight=25998.5 25775.1 23985.7 19919.3 4066.39 1924.53 1747.64 1789.46 18743.2 17465.7 13281.9 11571.6 9031.85 7554.7 4183.79 1220.69 2141.86 2539.74 2658.58 2241.11 613.636 6711.96 1351.51 1054.49 1395.88 845.228 826.469 842.739 1710.29 1488.94
internal_count=143971 142777 132860 110322 22538 10350 9472 9917 102909 95991 71119 62187 47033 39479 24872 6752 12188 15154 15249 12782 3504 34480 7358 5804 7758 5024 4635 4999 8932 7888
is_linear=0
shrinkage=0.05


Tree=73
num_leaves=31
num_cat=0
split_feature=101 10 39 53 48 39 53 102 102 48 39 61 39 53 48 93 48 39 17 45 39 41 48 49 147 117 48 93 33 53
split_gain=18.1565 17.3413 19.2884 41.8309 39.4184 34.4192 38.0022 29.1212 27.0497 21.5636 23.1934 20.0689 18.4735 34.0858 25.0198 18.1745 17.415 21.6954 16.7262 17.0279 16.5019 14.431 14.2095 14.3503 13.8822 13.5834 13.4378 14.3411 12.846 12.5624
threshold=0.9999997913837434 1.9532642960548403 20.500000000000004 81.500000000000014 39.500000000000007 6.5000000000000009 14.500000000000002 0.22222220152616504 0.41681389510631567 58.500000000000007 14.500000000000002 4.5000000000000009 28.500000000000004 138.50000000000003 50.500000000000007 0.49999998509883886 19.500000000000004 13.500000000000002 12.500000000000002 274.38780212402349 8.5000000000000018 16.500000000000004 56.500000000000007 5.5000000000000009 2.6089963912963872 35.889858245849616 29.500000000000004 0.99999991059303295 16.67619609832764 12.500000000000002
decision_type=2 8 2 2 2 2 2 2 2 2 2 2 2 2 2 2 2 2 2 10 2 2 2 2 2 2 2 2 10 2
left_child=1 28 4 -4 5 6 11 20 -7 10 -9 24 14 -14 -5 25 -10 -18 -16 -20 29 -22 -15 -24 -3 -12 27 -19 -1 -6
right_child=-2 2 3 12 7 8 -8 9 16 -11 15 -13 13 22 18 -17 17 26 19 -21 21 -23 23 -25 -26 -27 -28 -29 -30 -31
leaf_value=0.0010413762207034077 -0.0143835793195774 0.00039196619885081087 -0.018249200098657124 -0.0058047087172156198 -0.00031154495812308735 -0.0076599084089567747 0.0062082459140737865 0.017094967848956703 -0.0068235831345203795 0.031746781467918629 -0.0055682631213908752 -0.0039858920200999898 -0.024322539009610289 -0.016848621781138915 -0.0014875706858744108 0.014182399327591827 0.0051960454017046572 -0.021172792435774645 0.021727518340563433 -0.0019343483177369826 -0.013798277847380865 1.1032791678878893e-05 0.015618332303225336 -0.0024002287024987648 0.012982790585552618 0.010201128513586706 -0.00034052889178621019 0.0025886757323637013 0.016276922381436045 0.011797363516177958
leaf_weight=278.71876709163189 213.44250089675188 7723.4475510716438 441.01898660510778 441.01689410209656 396.00195939093828 2627.0703405439854 2520.8030146732926 499.77973254770041 856.74272515624762 99.881225988268852 455.15112657099962 3104.463585652411 198.166588768363 111.60237859934568 214.177839666605 277.03411373496056 1444.9231247976422 188.0915472060442 289.62294124811888 99.819764621555805 231.9009417667985 868.11264733225107 134.88116855919361 457.57073353230953 215.33726728707552 183.38254248350859 559.34111213684082 90.516146615147591 267.62016255408525 455.24832881242037
leaf_count=1277 1580 40996 2816 2535 2262 16446 12810 2577 5054 488 2544 17633 1183 640 1080 1424 7890 1214 1505 578 1414 5006 682 2364 1083 1074 3222 515 1395 2441
internal_value=-0.000192148 -6.88882e-05 -0.000261668 -0.00452736 0.000186928 -0.00069425 0.000681793 0.00508863 -0.00392647 0.010265 0.00853696 -0.000584187 -0.0013416 -0.00654605 0.00317278 0.00373119 -0.000788118 0.00149682 0.00971961 0.015766 0.00103713 -0.00299828 -0.00127204 0.00189314 0.000749392 -0.000951938 -0.00486801 -0.0136308 0.00866282 0.00622608
internal_weight=25944.9 25731.4 25185.1 2387.88 22797.2 19330.7 13564.1 3466.49 5766.68 1515.23 1415.35 11043.2 1946.86 902.221 1044.64 915.568 3139.61 2282.87 603.621 389.443 1951.26 1100.01 704.054 592.452 7938.78 638.534 837.949 278.608 546.339 851.25
internal_count=143728 142148 139476 13383 126093 106863 72522 19230 34341 8107 7619 59712 10567 4869 5698 5042 17895 12841 3163 2083 11123 6420 3686 3046 42079 3618 4951 1729 2672 4703
is_linear=0
shrinkage=0.05


Tree=74
num_leaves=31
num_cat=0
split_feature=110 99 56 56 62 148 51 138 105 40 4 63 9 37 41 65 75 143 139 48 40 102 91 62 48 51 108 47 127 99
split_gain=22.7422 21.2649 18.7024 23.968 20.4535 18.5175 16.26 17.1716 15.1337 14.9172 13.6288 12.8746 12.8581 12.8209 12.5273 18.9268 11.3061 10.9122 18.9833 13.5478 16.5069 13.0609 14.6467 14.2172 13.9159 21.6795 12.1464 15.2923 11.6312 11.4719
threshold=0.99999925494194042 41.239391326904304 8.6755337715148944 1.0000000180025095e-35 47.500000000000007 -0.49436742067337031 27.500000000000004 1.6351950168609621 3.9039937257766728 13.500000000000002 6.5000000000000009 4.5000000000000009 6.7977952957153329 5.5000000000000009 20.500000000000004 71.500000000000014 0.083333332091569914 0.63302713632583629 0.96969565749168407 6.5000000000000009 6.5000000000000009 0.25689886510372167 3.7836772203445439 26.500000000000004 18.500000000000004 10.500000000000002 15.358475685119631 0.5228768289089204 1.2499983906745913 17.938424110412601
decision_type=2 2 2 2 2 2 2 2 2 2 2 2 8 2 2 2 2 2 2 2 2 2 2 2 2 2 2 10 2 2
left_child=1 2 3 4 13 12 7 8 14 -2 -10 -9 -4 17 16 -16 -3 19 -19 -1 -21 22 29 -24 28 -26 27 -27 -23 -20
right_child=9 6 5 -5 -6 -7 -8 11 10 -11 -12 -13 -14 -15 15 -17 -18 18 21 20 -22 24 23 -25 25 26 -28 -29 -30 -31
leaf_value=-0.00267984554619925 0.00051177317009021652 0.0061416187141877607 0.014192975380730577 0.010867620033224619 0.01671918860496319 -0.012734044622253877 -0.0039221891122731885 0.017038315383861118 0.025121012389105531 -0.015818090815255651 0.0080828415024690372 -0.001820304199479165 -0.0028778019653671327 -0.0041230725963987908 0.024172439376817831 0.00353962934922275 -0.0039619650157205746 -0.0037575000150326613 -0.00078643968044260167 0.013647329455514619 0.0025887963179262109 0.0028655028392521997 -0.010775128185086698 0.011063537492452384 0.019173243161914433 0.0024674806455685008 0.00024698202510063313 0.018475986582729528 -0.0053729133270408909 0.0088599301104556848
leaf_weight=1062.3976409286261 225.38301233947277 787.35504078865051 105.3036450445652 515.60587249696255 171.82542780786753 480.59907799959183 572.33009741455317 89.788142159581184 200.62273000180721 355.89692090451717 299.05857270956039 962.41268768906593 2625.0753826275468 1800.7369057461619 185.98062767088413 266.33910018205643 415.78677396476269 3247.0930218473077 3188.2537831738591 365.59364582598209 3423.691373474896 1169.8840716779232 564.75349876284599 77.383646808564663 258.57303395867348 359.14325647056103 964.14590948820114 249.69952542334795 662.69242317229509 331.0826419070363
leaf_count=4932 1430 4500 516 2755 875 3162 3336 555 1138 2569 1837 6198 14790 10131 1177 1512 2581 17865 16704 1748 17149 6297 3847 470 1466 1847 5781 1299 3575 2005
internal_value=0.000109042 0.000334543 -0.00027083 0.000343873 3.47878e-05 -0.00378582 0.00378946 0.00517347 0.0077199 -0.00958485 0.0152823 -6.57739e-05 -0.00217004 -0.000136285 0.00535921 0.0123626 0.0026461 0.000316847 -0.000549717 0.00229162 0.00368885 0.00078439 -0.00113138 -0.00801407 0.00295735 0.00602699 0.0037585 0.00922538 -0.000126647 0.000143578
internal_weight=25984.5 25403.2 21623.5 18412.6 17896.9 3210.98 3779.67 3207.34 2155.14 581.28 499.681 1052.2 2730.38 17725.1 1655.46 452.32 1203.14 15924.4 11072.7 4851.68 3789.29 7825.61 4161.47 642.137 3664.14 1831.56 1572.99 608.843 1832.58 3519.34
internal_count=144047 140048 117214 98746 95991 18468 22834 19498 12745 3999 2975 6753 15306 95116 9770 2689 7081 84985 61156 23829 18897 43291 23026 4317 20265 10393 8927 3146 9872 18709
is_linear=0
shrinkage=0.05


Tree=75
num_leaves=31
num_cat=0
split_feature=10 39 53 48 39 41 41 39 48 40 5 64 39 41 115 46 48 70 39 41 39 41 41 147 39 68 70 139 99 41
split_gain=23.0547 19.3257 33.7653 30.4229 28.9168 28.5851 25.1595 39.6986 24.6253 20.4043 19.786 18.7241 18.0484 20.8372 18.0448 18.0409 17.8741 16.4037 15.5939 30.4191 42.0278 30.2503 15.5777 18.7475 17.9322 15.3378 14.5426 14.172 14.0905 14.0475
threshold=1.7666972875595095 20.500000000000004 138.50000000000003 39.500000000000007 10.500000000000002 34.500000000000007 16.500000000000004 7.5000000000000009 23.500000000000004 51.500000000000007 3.5000000000000004 228.50000000000003 27.500000000000004 44.500000000000007 5.30031442642212 2.4723325967788701 62.500000000000007 3.1806241273880009 4.5000000000000009 4.5000000000000009 2.5000000000000004 8.5000000000000018 2.5000000000000004 1.7499803304672243 1.5000000000000002 11.197477817535402 3.0630797147750859 1.0243891477584841 41.239391326904304 1.5000000000000002
decision_type=8 2 2 2 2 2 2 2 2 2 2 2 2 2 2 8 2 8 2 2 2 2 2 2 2 2 8 2 2 2
left_child=-1 3 11 4 6 -6 7 14 -8 -7 15 -3 13 -13 18 -5 -15 -10 19 20 22 -20 23 24 29 27 -21 -4 -28 -2
right_child=1 2 25 10 5 9 8 -9 17 -11 -12 12 -14 16 -16 -17 -18 -19 21 26 -22 -23 -24 -25 -26 -27 28 -29 -30 -31
leaf_value=0.013639986772552976 -0.0017342800622525733 -0.024075604698333933 0.00092963005083258941 0.012545712567534574 -0.010698244911013162 0.011561487637803583 0.00068552392949755342 -0.010926191494058286 0.018852373956444526 -0.0035240973907826705 0.0098384140521840888 -0.021737926077306145 -0.018260385074250908 -0.0048035209073896438 0.004860446405077508 0.00014226741919758153 0.01248036266640408 0.0055224390315807498 -0.01234482024051551 0.0098024751411617678 -0.010989648149342772 9.5771864245786185e-05 0.0055429234851963639 0.0070748349185209463 -0.0091084507614221134 -0.0026890630479934159 0.00029796329801112657 0.018908028712039518 0.014598579851052574 0.0078992288067949567
leaf_weight=293.81984609365463 3706.0122607201338 183.78993503749371 234.81403035670519 331.15959306061268 1289.6590374261141 278.72940135747194 1363.6950035765767 859.05822958052158 393.07262311130762 992.16382720321417 1151.2435169294477 127.13976119458675 271.74756609648466 607.71696861833334 1724.6800693869591 2085.6840091869235 187.40130089223385 569.15387614071369 766.50011376291513 946.94236796349287 978.39466385543346 1317.6798358932137 1075.5652615949512 624.79817001521587 751.72907048463821 641.82658701390028 1437.150499895215 197.39398887753487 185.77545902132988 411.39677368849516
leaf_count=1377 18743 1190 1164 1621 8131 1507 7480 5506 1981 5840 6369 779 1635 3567 10370 11772 994 3208 4773 4886 5897 7347 5520 3119 4243 3366 7548 1046 1016 2032
internal_value=-5.27606e-05 -0.0002146 -0.00442717 0.000231537 -0.000539562 -0.00548429 0.00020313 -0.000558339 0.00502539 -0.00015113 0.00447251 -0.00958004 -0.00716735 -0.00373792 8.85784e-05 0.0018865 -0.000625469 0.0111057 -0.000589328 0.000223323 -0.00137709 -0.00451661 6.9037e-05 -0.00101073 -0.00206062 0.00221044 0.00491097 0.00938246 0.00201432 -0.000754928
internal_weight=25985.9 25692.1 2451.83 23240.2 19672.2 2560.55 17111.6 14785.7 2325.92 1270.89 3568.09 1377.8 1194.01 922.258 13926.6 2416.84 795.118 962.226 12201.9 10117.8 7547.9 2084.18 6569.5 5493.94 4869.14 1074.03 2569.87 432.208 1622.93 4117.41
internal_count=144027 142650 13741 128909 109147 15478 93669 81000 12669 7347 19762 8165 6975 5340 75494 13393 4561 5189 65124 53004 39554 12120 33657 28137 25018 5576 13450 2210 8564 20775
is_linear=0
shrinkage=0.05


Tree=76
num_leaves=31
num_cat=0
split_feature=71 70 56 21 119 110 140 45 33 109 55 37 71 119 36 59 69 101 110 51 33 106 45 119 101 67 27 110 70 40
split_gain=18.003 30.6178 30.1494 24.8713 16.1954 25.4281 15.7869 17.9556 15.8317 14.866 24.04 18.8263 18.2416 14.1474 14.0412 14.0234 13.8446 13.659 13.6385 13.0729 16.283 19.1786 13.0621 15.7337 14.0128 12.6786 17.9141 12.9972 12.6747 12.498
threshold=0.89555186033248912 3.3219323158264165 8.6755337715148944 17.814507484436039 0.23529411107301715 0.21428570896387103 -0.48715612292289728 48.184312820434577 19.895030021667484 1.7539335489273074 26.75284576416016 5.5000000000000009 0.67186290025711071 0.12990681827068332 5.5000000000000009 0.46545548737049108 229.73036956787112 0.74999991059303295 0.16666664928197863 25.500000000000004 76.568206787109389 6.83850121498108 48.184312820434577 0.18015220016241076 0.12135372310876848 971.08996582031261 4.5000000000000009 0.46153844892978674 2.610756635665894 45.500000000000007
decision_type=10 10 2 8 2 2 2 8 8 2 2 2 8 2 2 10 10 2 2 2 8 2 8 2 2 2 2 2 10 2
left_child=2 4 9 -3 5 22 7 -5 -9 10 -1 29 14 -14 -11 -13 -4 -16 -15 20 -10 -22 -2 24 -24 26 28 -27 -6 -12
right_child=1 3 16 6 25 -7 -8 8 19 12 11 15 13 18 17 -17 -18 -19 -20 -21 21 -23 23 -25 -26 27 -28 -29 -30 -31
leaf_value=-0.00012728701790185046 -0.0018182075284936547 -0.010985525196479275 -0.0057665570149610448 -0.0066110376281984396 0.02202618486224861 -0.011645823281835372 -0.0028300911849859474 -0.010335016928063519 0.015385298417175983 0.0028981267236443684 0.017238591659712824 -0.015102505236448233 -0.0076746740545499143 0.012140930135195906 -0.0061354890307669923 0.0057950345147869328 -0.021593839821912448 -0.019300558760113325 0.00013827546656414611 9.1438903090694363e-05 0.0013001791839722628 0.01999569776966964 0.010177868241506688 0.021158483841951781 -0.0043164402430490518 0.021976868185712681 -0.0020965564584071814 0.0055500966666774208 0.0068657674251026285 0.0056824177332011894
leaf_weight=7634.9338346496224 564.95043996721506 529.3768473342061 1696.9529295042157 421.72800613194704 150.04601400345564 305.26068516075611 2224.3314267098904 159.09395626932383 512.49259906262159 355.51904799044132 406.03963462263346 133.34831487387419 521.78567813336849 248.99904505163431 1481.3204088881612 173.84857271611691 142.71309977769852 221.84190661460161 2748.7599866837263 733.19119923561811 832.68140330910683 154.63211351633072 405.18204770237207 169.16075750440359 271.21055074036121 266.81414896994829 530.29158823937178 228.85314875096083 1185.4722351133823 570.31638335436583
leaf_count=38271 2752 3072 10171 2276 755 1671 13635 887 3079 1974 2206 782 2852 1338 8948 939 870 1625 16338 4085 4771 964 2035 867 1459 1336 3089 1297 6563 3122
internal_value=-8.17837e-05 0.00163018 -0.00109288 -0.000781032 0.00491657 0.0012086 0.000310829 0.00279496 0.00447387 -0.000325624 0.000940465 0.00724364 -0.00234791 -0.000157336 -0.00607408 -0.00346633 -0.00710447 -0.00795293 0.00117229 0.00557033 0.00823038 0.00439939 0.00405295 0.00795112 0.00438793 0.00759419 0.00565104 0.0146523 0.00872009 0.0106144
internal_weight=25981.1 9644.77 16336.4 5567.53 4077.24 1715.76 5038.15 2813.82 2392.09 14496.7 8918.49 1283.55 5578.23 3519.54 2058.68 307.197 1839.67 1703.16 2997.76 2233 1499.81 987.314 1410.5 845.553 676.393 2361.48 1865.81 495.667 1335.52 976.356
internal_count=144029 54593 89436 32769 21824 8784 29697 16062 13786 78395 45320 7049 33075 20528 12547 1721 11041 10573 17676 12899 8814 5735 7113 4361 3494 13040 10407 2633 7318 5328
is_linear=0
shrinkage=0.05


Tree=77
num_leaves=31
num_cat=0
split_feature=58 59 54 34 9 75 102 112 87 21 39 41 53 39 93 108 47 147 73 121 58 108 138 110 57 57 67 99 39 48
split_gain=21.8671 22.2477 19.2701 19.1265 22.7714 23.6826 17.8362 16.7944 15.8923 15.4636 15.109 18.5725 18.3656 17.535 14.8656 21.8828 27.4145 14.797 13.8969 12.8914 18.1355 12.4644 13.8018 13.2099 12.2777 12.302 18.2472 11.9874 11.7638 14.9365
threshold=2.2816020250320439 0.83520385622978222 4.5000000000000009 3.4357539415359502 18.849916458129886 0.10714285448193551 0.79999998211860668 0.060423510149121291 5.0357139110565194 23.012121200561527 3.5000000000000004 4.5000000000000009 12.500000000000002 5.5000000000000009 0.23929002135992053 15.358475685119631 0.44619436562061315 2.6089963912963872 69.155780792236342 0.21428570896387103 3.157246589660645 59.17420959472657 1.5910549759864809 0.19999999552965167 23.109233856201175 82.717662811279311 162.27143096923831 41.239391326904304 13.500000000000002 46.500000000000007
decision_type=8 8 2 8 10 2 2 2 2 8 2 2 2 2 2 2 10 2 2 2 10 2 2 2 8 8 2 2 2 2
left_child=2 7 -1 4 5 8 19 -2 -3 -5 11 -9 -12 -14 28 16 -16 18 21 -7 -21 22 24 -24 -11 26 -26 -17 29 -15
right_child=1 3 -4 9 -6 6 -8 10 -10 17 12 -13 13 14 15 27 -18 -19 -20 20 -22 -23 23 -25 25 -27 -28 -29 -30 -31
leaf_value=0.0032899013458002296 0.0062098106349089957 0.0040218642942649058 0.017617753408653441 -0.013194482818347434 0.0097331637428960966 -0.0075760397671263847 0.0095597501182175335 -0.0023245279642325456 0.018705680426087595 -0.0057925566120249732 -0.011448215234216319 0.010372124725129722 0.0056997974552896727 -0.0097632847183400026 -0.0087659188889041874 -0.0072745914981741811 0.0082136378094495779 0.011922670266711198 -0.0099444117168538682 0.011497164946030571 -0.0068364193522649332 0.0042729862249623529 0.0023396978857509521 -0.010445267859010865 0.00074324897495493662 -0.0001329009971919896 0.013772936449495697 0.0069086891089295555 -0.016996023374433313 0.0052691523892844103
leaf_weight=1282.5187501162291 503.49664290994406 1326.0833608880639 279.29334887117147 213.41027949750423 1132.134605333209 1030.1862614005804 260.36083177477121 944.37441889196634 206.06160912662745 810.77319706976414 778.43688216805458 402.81479854881763 488.9746321067214 600.35585618764162 330.30324945598841 1499.998744033277 782.34842785447836 248.19421541690826 343.35948415845633 250.36718532443047 270.4101744517684 1558.6510369330645 293.20690439641476 618.0213540121913 760.85500361770391 7623.7119715809822 406.44410462677479 157.39662355929613 323.60749962925911 219.29827889800072
leaf_count=6247 2849 7579 1283 1361 6547 5787 1311 5727 1147 4245 5374 2182 2653 3736 1822 9239 4196 1282 2229 1268 1506 9083 1769 4013 4019 39105 2135 999 1943 1256
internal_value=0.000231774 -0.00013664 0.00594789 0.000824836 0.00363659 0.00154935 -0.00231668 -0.00250719 0.00610521 -0.000154524 -0.003188 0.00152027 -0.0044129 -0.00314575 -0.00426273 -0.00226728 0.00313988 7.54733e-05 -0.000170774 -0.00435885 0.00202813 0.000115222 -0.000504679 -0.00635069 5.6149e-05 0.000601529 0.00535853 -0.0058943 -0.009036 -0.00572633
internal_weight=25945.4 24383.6 1561.81 17352.2 4475.6 3343.47 1811.32 7031.41 1532.14 12876.6 6527.91 1347.19 5180.72 4402.28 3913.31 2770.05 1112.65 12663.2 12415 1550.96 520.777 12071.7 10513 911.228 9601.78 8791.01 1167.3 1657.4 1143.26 819.654
internal_count=143892 136362 7530 94386 25145 18598 9872 41976 8726 69241 39127 7909 31218 25844 23191 16256 6018 67880 66598 8561 2774 64369 55286 5782 49504 45259 6154 10238 6935 4992
is_linear=0
shrinkage=0.05


Tree=78
num_leaves=31
num_cat=0
split_feature=61 48 39 41 39 41 39 41 48 34 102 34 48 39 102 47 110 22 50 39 41 48 103 47 0 48 39 102 112 41
split_gain=26.535 20.9823 32.2233 34.4579 28.6521 26.3116 33.1182 30.2102 23.3278 21.7771 19.9987 19.6225 19.3731 22.2996 19.3555 19.3516 17.3734 20.5824 18.3649 16.8947 20.8274 19.9428 16.2672 16.0621 15.7752 15.5057 15.6091 14.4473 13.5303 12.4969
threshold=1.5000000000000002 31.500000000000004 13.500000000000002 24.500000000000004 9.5000000000000018 36.500000000000007 22.500000000000004 140.50000000000003 54.500000000000007 3.4357539415359502 0.79999998211860668 2.7001664638519292 58.500000000000007 29.500000000000004 0.24074073880910876 0.71684658527374279 0.87499991059303295 1.8170894384384157 5.5000000000000009 5.5000000000000009 12.500000000000002 14.500000000000002 0.24999999254941943 0.44619436562061315 5.5000000000000009 48.500000000000007 11.500000000000002 0.93889993429183971 0.27645576000213629 68.500000000000014
decision_type=2 2 2 2 2 2 2 2 2 8 2 8 2 2 2 10 2 8 2 2 2 2 2 8 2 2 2 2 2 2
left_child=-1 4 3 24 16 15 8 12 27 -10 -6 -12 29 14 -14 -4 17 -2 19 -19 -21 -22 -17 -20 -3 26 -5 -7 -25 -8
right_child=1 2 5 25 10 6 7 -9 9 -11 11 -13 13 -15 -16 22 -18 18 23 20 21 -23 -24 28 -26 -27 -28 -29 -30 -31
leaf_value=0.0029853841353429649 0.019130981247654742 0.0037862312088099218 -0.018555852384806795 0.019889839947123129 -0.011926454403595252 0.00026868480494364423 -0.024320706687264097 0.0065478310071969041 0.024866197571521489 0.0012861089528158622 0.017448865431719994 -0.0053651053180388498 -0.0099053008725651284 -0.011547777906783144 0.012968773525510308 -0.010168489148968833 -0.0094352092028440193 -0.00039251104177950711 -0.0099866426891532262 -0.013142448075978884 -0.014719272310505908 0.0016534668631660164 0.0065143073331428289 0.013592685218313222 -0.0076735287009737502 0.029561117831721578 0.0032094260519341384 0.016296203834502528 0.0011144907733683952 -0.0091901251747797015
leaf_weight=6597.3988415002823 121.47098269313574 2410.2261697947979 327.79486840218306 248.38183940201998 1110.8718043342233 1192.8485307693481 196.24689823389053 484.17877889424562 244.02111963927746 161.18715770542622 114.17597433179617 381.13289999961853 127.88744496554136 334.89074300974607 276.45693144202232 351.4230125322938 569.95893009006977 6347.7198961898685 135.23366537690163 628.38331671059132 225.22848407179117 881.15470330417156 236.48725514113903 478.09959196299314 333.40287869423628 134.77496150135994 317.01316973567009 149.44485877454281 394.96365237236023 475.85757930576801
leaf_count=34791 574 13670 1954 1255 7094 6782 1243 2533 1211 887 568 2207 708 1801 1453 2055 3861 33966 795 3943 1272 4893 1506 2850 1965 669 1708 749 2390 2776
internal_value=0.000248819 -0.000683305 0.00127783 0.0049212 -0.00206129 -0.00147923 0.000432336 -0.00413478 0.00538164 0.0157432 -0.00822913 0.000135087 -0.00781988 -0.00218028 0.00566963 -0.00900665 -0.0010412 -0.000512197 -0.000795401 -0.00159089 -0.00594854 -0.00178155 -0.00346111 0.00553426 0.00237084 0.0147407 0.0107556 0.00216043 0.00802424 -0.0138999
internal_weight=25988.3 19390.9 8002.52 3443.8 11388.4 4558.73 3643.02 1895.52 1747.5 405.208 1606.18 495.309 1411.34 739.235 404.344 915.705 9782.21 9212.25 9090.78 8082.49 1734.77 1106.38 587.91 1008.3 2743.63 700.17 565.395 1342.29 873.063 672.104
internal_count=144129 109338 44925 19267 64413 25658 20143 10514 9629 2098 9869 2775 7981 3962 2161 5515 54544 50683 50109 44074 10108 6165 3561 6035 15635 3632 2963 7531 5240 4019
is_linear=0
shrinkage=0.05


Tree=79
num_leaves=31
num_cat=0
split_feature=102 39 41 39 53 62 39 24 53 39 148 52 106 58 41 58 93 70 68 140 110 12 50 63 39 41 41 39 147 24
split_gain=18.838 23.4067 34.6724 43.3672 33.4078 24.7421 24.0105 30.0957 23.338 24.4719 19.1852 18.8822 18.6444 19.4283 17.4407 17.2143 16.2992 16.203 15.9745 15.4083 14.554 18.1058 14.9275 22.6604 22.6476 26.4083 17.5959 34.1617 16.1764 15.539
threshold=0.70974066853523265 10.500000000000002 16.500000000000004 7.5000000000000009 37.500000000000007 16.500000000000004 16.500000000000004 11.500000000000002 63.500000000000007 23.500000000000004 -0.73623168468475331 320.50000000000006 5.2722790241241464 2.6188778877258305 13.500000000000002 3.618500947952271 0.28571428358554846 3.4749974012374882 11.197477817535402 -0.31827113032340998 0.74999991059303295 1.5000000000000002 4.5000000000000009 12.500000000000002 4.5000000000000009 8.5000000000000018 4.5000000000000009 2.5000000000000004 1.4432423114776614 8.5000000000000018
decision_type=2 2 2 2 2 2 2 2 2 2 2 2 2 10 2 10 2 8 2 2 2 2 2 2 2 2 2 2 2 2
left_child=1 2 3 5 12 20 7 -6 -8 10 -10 -11 13 -3 -5 -9 -13 -4 -18 -17 22 -22 24 28 26 -26 27 -1 -24 -27
right_child=-2 4 17 14 6 -7 8 15 9 11 -12 16 -14 -15 -16 19 18 -19 -20 -21 21 -23 23 -25 25 29 -28 -29 -30 -31
leaf_value=0.0011180632044565655 0.0033127445397087688 -0.0048699700517863299 0.010762899322278261 -0.015219158704110114 -0.0053270427692513403 0.012987001234676797 -0.012635488942848987 0.011797488417448687 0.0084276606807760553 -0.013808495729337478 -0.0062341271837185793 -0.010661369391566998 -0.0038170830420969277 -0.022382735672637898 -0.0028323093090680124 0.005514775993495021 0.01455353697279366 0.0013515613963672505 -0.0035924531200979878 -0.019270551256166231 0.0018450131132247611 -0.0096875378233700574 0.027988255725798036 0.001898595480053434 -0.012801660849421187 -0.0048490366906596208 0.0048375506221332038 -0.0090956919874426861 0.0023664278717718916 0.0072135836209538092
leaf_weight=5867.8989770263433 3414.612694427371 257.10928016901016 1053.1974319294095 640.89628508687019 635.37797049432993 362.22609017789364 624.99362704902887 826.84299321472645 712.57381340116262 505.67942547053099 314.27415321022272 285.21038876473904 580.84609542042017 432.86602944135666 514.16637755185366 180.68598598241806 202.27937406301498 808.23334033787251 275.85042610764503 83.692493796348572 577.0608931183815 810.06646542996168 160.44896181672812 819.88850539922714 687.79082367569208 717.41161466389894 2190.6969941854477 941.15671265870333 99.580594092607498 411.81902081519365
leaf_count=29429 17780 1450 5607 4133 3459 2041 3984 4424 3676 2988 1918 1558 4036 2822 3126 1049 1055 4629 1485 550 3516 5678 935 4632 4221 3947 11458 5573 646 2348
internal_value=-0.000142983 -0.000666784 0.00029304 -0.0005174 -0.00336504 0.000272951 -0.00139137 0.00327121 -0.00414929 -0.00179436 0.00392347 -0.00641553 -0.0105157 -0.0160197 -0.00977689 0.00828056 -0.00140279 0.00670555 0.00422533 -0.00274772 -8.32467e-05 -0.004911 0.00048331 0.00606055 -7.85906e-05 -0.00515446 0.000950794 -0.000304964 0.0186272 -0.000425216
internal_weight=25995.4 22580.8 16662.5 14801.1 5918.28 13646 4647.46 1726.6 2920.86 2295.87 1026.85 1269.02 1270.82 689.975 1155.06 1091.22 763.34 1861.43 478.13 264.378 13283.8 1387.13 11896.7 1079.92 10816.8 1817.02 8999.75 6809.06 260.03 1129.23
internal_count=144153 126373 91919 81683 34454 74424 26146 9482 16664 12680 5594 7086 8308 4272 7259 6023 4098 10236 2540 1599 72383 9194 63189 6213 56976 10516 46460 35002 1581 6295
is_linear=0
shrinkage=0.05


end of trees

feature_importances:
Column_39=253
Column_41=138
Column_48=127
Column_53=125
Column_110=97
Column_143=92
Column_58=69
Column_70=66
Column_62=63
Column_139=60
Column_101=56
Column_60=53
Column_149=53
Column_63=50
Column_34=48
Column_71=47
Column_102=45
Column_47=43
Column_59=42
Column_119=39
Column_46=34
Column_61=34
Column_121=31
Column_93=28
Column_147=28
Column_27=27
Column_112=27
Column_90=24
Column_35=21
Column_36=21
Column_108=21
Column_29=20
Column_66=20
Column_24=17
Column_51=17
Column_123=17
Column_25=15
Column_33=15
Column_99=15
Column_37=14
Column_22=13
Column_50=13
Column_117=13
Column_142=13
Column_64=12
Column_92=12
Column_109=12
Column_10=11
Column_87=11
Column_138=11
Column_13=9
Column_15=9
Column_40=9
Column_74=9
Column_65=8
Column_103=8
Column_131=8
Column_45=7
Column_52=7
Column_118=7
Column_140=7
Column_54=6
Column_72=6
Column_144=6
Column_145=6
Column_9=5
Column_17=5
Column_31=5
Column_49=5
Column_67=5
Column_68=5
Column_91=5
Column_100=5
Column_12=4
Column_21=4
Column_69=4
Column_83=4
Column_84=4
Column_96=4
Column_120=4
Column_135=4
Column_146=4
Column_148=4
Column_0=3
Column_3=3
Column_5=3
Column_7=3
Column_16=3
Column_56=3
Column_57=3
Column_78=3
Column_94=3
Column_105=3
Column_111=3
Column_114=3
Column_127=3
Column_130=3
Column_141=3
Column_4=2
Column_32=2
Column_55=2
Column_75=2
Column_106=2
Column_126=2
Column_1=1
Column_11=1
Column_26=1
Column_28=1
Column_30=1
Column_38=1
Column_42=1
Column_43=1
Column_44=1
Column_73=1
Column_82=1
Column_85=1
Column_97=1
Column_113=1
Column_115=1
Column_116=1
Column_132=1
Column_133=1

parameters:
[boosting: gbdt]
[objective: binary]
[metric: auc]
[tree_learner: serial]
[device_type: cpu]
[data_sample_strategy: bagging]
[data: ]
[valid: ]
[num_iterations: 80]
[learning_rate: 0.05]
[num_leaves: 31]
[num_threads: 6]
[seed: 42]
[deterministic: 0]
[force_col_wise: 0]
[force_row_wise: 1]
[histogram_pool_size: -1]
[max_depth: -1]
[min_data_in_leaf: 500]
[min_sum_hessian_in_leaf: 0.001]
[bagging_fraction: 0.8]
[pos_bagging_fraction: 1]
[neg_bagging_fraction: 1]
[bagging_freq: 1]
[bagging_seed: 400]
[bagging_by_query: 0]
[feature_fraction: 0.8]
[feature_fraction_bynode: 1]
[feature_fraction_seed: 30056]
[extra_trees: 0]
[extra_seed: 12879]
[early_stopping_round: 0]
[early_stopping_min_delta: 0]
[first_metric_only: 0]
[max_delta_step: 0]
[lambda_l1: 0]
[lambda_l2: 10]
[linear_lambda: 0]
[min_gain_to_split: 0]
[drop_rate: 0.1]
[max_drop: 50]
[skip_drop: 0.5]
[xgboost_dart_mode: 0]
[uniform_drop: 0]
[drop_seed: 17869]
[top_rate: 0.2]
[other_rate: 0.1]
[min_data_per_group: 100]
[max_cat_threshold: 32]
[cat_l2: 10]
[cat_smooth: 10]
[max_cat_to_onehot: 4]
[top_k: 20]
[monotone_constraints: ]
[monotone_constraints_method: basic]
[monotone_penalty: 0]
[feature_contri: ]
[forcedsplits_filename: ]
[refit_decay_rate: 0.9]
[cegb_tradeoff: 1]
[cegb_penalty_split: 0]
[cegb_penalty_feature_lazy: ]
[cegb_penalty_feature_coupled: ]
[path_smooth: 0]
[interaction_constraints: ]
[verbosity: -1]
[saved_feature_importance_type: 0]
[use_quantized_grad: 0]
[num_grad_quant_bins: 4]
[quant_train_renew_leaf: 0]
[stochastic_rounding: 1]
[linear_tree: 0]
[max_bin: 63]
[max_bin_by_feature: ]
[min_data_in_bin: 3]
[bin_construct_sample_cnt: 200000]
[data_random_seed: 175]
[is_enable_sparse: 1]
[enable_bundle: 1]
[use_missing: 1]
[zero_as_missing: 0]
[feature_pre_filter: 1]
[pre_partition: 0]
[two_round: 0]
[header: 0]
[label_column: ]
[weight_column: ]
[group_column: ]
[ignore_column: ]
[categorical_feature: ]
[forcedbins_filename: ]
[precise_float_parser: 0]
[parser_config_file: ]
[objective_seed: 16083]
[num_class: 1]
[is_unbalance: 0]
[scale_pos_weight: 1]
[sigmoid: 1]
[boost_from_average: 1]
[reg_sqrt: 0]
[alpha: 0.9]
[fair_c: 1]
[poisson_max_delta_step: 0.7]
[tweedie_variance_power: 1.5]
[lambdarank_truncation_level: 30]
[lambdarank_norm: 1]
[label_gain: ]
[lambdarank_position_bias_regularization: 0]
[eval_at: ]
[multi_error_top_k: 1]
[auc_mu_weights: ]
[num_machines: 1]
[local_listen_port: 12400]
[time_out: 120]
[machine_list_filename: ]
[machines: ]
[gpu_platform_id: -1]
[gpu_device_id: -1]
[gpu_device_id_list: ]
[gpu_use_dp: 0]
[num_gpu: 1]

end of parameters

pandas_categorical:null
