component_id,pairing_status,experiment_association,matched_run_id,primary_report_reference,link_status,oof_artifacts,test_artifacts,model_artifacts,notes
BLOCK4_SAF,oof_and_test,team_a:exp_039,BLOCK4-SAF,yes,linked_by_artifact_path_association,artifacts/oof_BLOCK4_SAF.npz,artifacts/test_BLOCK4_SAF.npz,unknown,Orphan candidate means no mechanical link was recovered; it does not assert the artifact was unused.
BLOCK4_SAF_test_raw,test_only,team_a:exp_039,BLOCK4-SAF,no,linked_by_artifact_path_association,unknown,artifacts/BLOCK4_SAF_test_raw.npz,unknown,Orphan candidate means no mechanical link was recovered; it does not assert the artifact was unused.
BTYD_DAY_BGNBD_EXP047_V2:raw,oof_only,component_family:btyd;team_a:exp_047,BTYD_DAY_BGNBD,yes,linked_by_artifact_path_association,artifacts/BTYD_DAY_BGNBD_EXP047_V2/oof_raw.npz,unknown,unknown,Orphan candidate means no mechanical link was recovered; it does not assert the artifact was unused.
BTYD_STABLE_EXP051:predictive_stability,oof_and_test,component_family:btyd;team_a:exp_051,BTYD_STABLE_EXP051,no,linked_by_artifact_path_association,research/strategies/results/BTYD_STABLE_EXP051/oof_predictive_stability.json,research/strategies/results/BTYD_STABLE_EXP051/test_predictive_stability.json,unknown,Orphan candidate means no mechanical link was recovered; it does not assert the artifact was unused.
BTYD_STABLE_EXP051:raw,oof_and_test,component_family:btyd;team_a:exp_051,BTYD_STABLE_EXP051,yes,linked_by_artifact_path_association,artifacts/BTYD_STABLE_EXP051/oof_raw.npz,artifacts/BTYD_STABLE_EXP051/test_raw.npz,unknown,Orphan candidate means no mechanical link was recovered; it does not assert the artifact was unused.
BTYD_STABLE_EXP051:summary,oof_only,component_family:btyd;team_a:exp_051,BTYD_STABLE_EXP051,no,linked_by_artifact_path_association,research/strategies/results/BTYD_STABLE_EXP051/summary_oof.json,unknown,unknown,Orphan candidate means no mechanical link was recovered; it does not assert the artifact was unused.
D1-behavior,model_only,independent_domain:exp_028,unknown,no,linked_by_artifact_path_association,unknown,unknown,linked_worktree/independent_domain/artifacts/domain_01/model_D1-behavior.txt,Orphan candidate means no mechanical link was recovered; it does not assert the artifact was unused.
D1-production,model_only,independent_domain:exp_028,unknown,no,linked_by_artifact_path_association,unknown,unknown,linked_worktree/independent_domain/artifacts/domain_01/model_D1-production.txt,Orphan candidate means no mechanical link was recovered; it does not assert the artifact was unused.
DETSEQ01-S42-V1016,model_only,team_a:exp_025,SEQ-01-S42-V1016,no,linked_by_artifact_path_association,unknown,unknown,artifacts/model_DETSEQ01-S42-V1016.pt,Orphan candidate means no mechanical link was recovered; it does not assert the artifact was unused.
DETSEQ01-S42-V1016:snapshot_step_00000,model_only,component_family:fresh;team_a:exp_025;team_a:exp_044,SEQ-01-S42-V1016,no,linked_by_artifact_path_association,unknown,unknown,artifacts/FRESH_COND_FT_EXP044/baselines/DETSEQ01-S42-V1016/snapshot_step_00000.pt,Orphan candidate means no mechanical link was recovered; it does not assert the artifact was unused.
DETSEQ01-S42-V1016:snapshot_step_00001,model_only,component_family:fresh;team_a:exp_025;team_a:exp_044,SEQ-01-S42-V1016,no,linked_by_artifact_path_association,unknown,unknown,artifacts/FRESH_COND_FT_EXP044/baselines/DETSEQ01-S42-V1016/snapshot_step_00001.pt,Orphan candidate means no mechanical link was recovered; it does not assert the artifact was unused.
DETSEQ01-S42-V1016:snapshot_step_00100,model_only,component_family:fresh;team_a:exp_025;team_a:exp_044,SEQ-01-S42-V1016,no,linked_by_artifact_path_association,unknown,unknown,artifacts/FRESH_COND_FT_EXP044/baselines/DETSEQ01-S42-V1016/snapshot_step_00100.pt,Orphan candidate means no mechanical link was recovered; it does not assert the artifact was unused.
DETSEQ01-S42-V1016:snapshot_step_01000,model_only,component_family:fresh;team_a:exp_025;team_a:exp_044,SEQ-01-S42-V1016,no,linked_by_artifact_path_association,unknown,unknown,artifacts/FRESH_COND_FT_EXP044/baselines/DETSEQ01-S42-V1016/snapshot_step_01000.pt,Orphan candidate means no mechanical link was recovered; it does not assert the artifact was unused.
DETSEQ01-S42-V1016:snapshot_step_04842,model_only,component_family:fresh;team_a:exp_025;team_a:exp_044,SEQ-01-S42-V1016,no,linked_by_artifact_path_association,unknown,unknown,artifacts/FRESH_COND_FT_EXP044/baselines/DETSEQ01-S42-V1016/snapshot_step_04842.pt,Orphan candidate means no mechanical link was recovered; it does not assert the artifact was unused.
DETSEQ01-S42-V1016:snapshot_step_09684,model_only,component_family:fresh;team_a:exp_025;team_a:exp_044,SEQ-01-S42-V1016,no,linked_by_artifact_path_association,unknown,unknown,artifacts/FRESH_COND_FT_EXP044/baselines/DETSEQ01-S42-V1016/snapshot_step_09684.pt,Orphan candidate means no mechanical link was recovered; it does not assert the artifact was unused.
DETSEQ01-S42-V1016:snapshot_step_14526,model_only,component_family:fresh;team_a:exp_025;team_a:exp_044,SEQ-01-S42-V1016,no,linked_by_artifact_path_association,unknown,unknown,artifacts/FRESH_COND_FT_EXP044/baselines/DETSEQ01-S42-V1016/snapshot_step_14526.pt,Orphan candidate means no mechanical link was recovered; it does not assert the artifact was unused.
DETSEQ01-S42-V1016:snapshot_step_19368,model_only,component_family:fresh;team_a:exp_025;team_a:exp_044,SEQ-01-S42-V1016,no,linked_by_artifact_path_association,unknown,unknown,artifacts/FRESH_COND_FT_EXP044/baselines/DETSEQ01-S42-V1016/snapshot_step_19368.pt,Orphan candidate means no mechanical link was recovered; it does not assert the artifact was unused.
DETSEQ01-S43-V1016,model_only,team_a:exp_025,SEQ-01-S43-V1016,no,linked_by_artifact_path_association,unknown,unknown,artifacts/model_DETSEQ01-S43-V1016.pt,Orphan candidate means no mechanical link was recovered; it does not assert the artifact was unused.
DETSEQ01-S43-V1016:snapshot_step_00000,model_only,component_family:fresh;team_a:exp_025;team_a:exp_044,SEQ-01-S43-V1016,no,linked_by_artifact_path_association,unknown,unknown,artifacts/FRESH_COND_FT_EXP044/baselines/DETSEQ01-S43-V1016/snapshot_step_00000.pt,Orphan candidate means no mechanical link was recovered; it does not assert the artifact was unused.
DETSEQ01-S43-V1016:snapshot_step_00001,model_only,component_family:fresh;team_a:exp_025;team_a:exp_044,SEQ-01-S43-V1016,no,linked_by_artifact_path_association,unknown,unknown,artifacts/FRESH_COND_FT_EXP044/baselines/DETSEQ01-S43-V1016/snapshot_step_00001.pt,Orphan candidate means no mechanical link was recovered; it does not assert the artifact was unused.
DETSEQ01-S43-V1016:snapshot_step_00100,model_only,component_family:fresh;team_a:exp_025;team_a:exp_044,SEQ-01-S43-V1016,no,linked_by_artifact_path_association,unknown,unknown,artifacts/FRESH_COND_FT_EXP044/baselines/DETSEQ01-S43-V1016/snapshot_step_00100.pt,Orphan candidate means no mechanical link was recovered; it does not assert the artifact was unused.
DETSEQ01-S43-V1016:snapshot_step_01000,model_only,component_family:fresh;team_a:exp_025;team_a:exp_044,SEQ-01-S43-V1016,no,linked_by_artifact_path_association,unknown,unknown,artifacts/FRESH_COND_FT_EXP044/baselines/DETSEQ01-S43-V1016/snapshot_step_01000.pt,Orphan candidate means no mechanical link was recovered; it does not assert the artifact was unused.
DETSEQ01-S43-V1016:snapshot_step_04842,model_only,component_family:fresh;team_a:exp_025;team_a:exp_044,SEQ-01-S43-V1016,no,linked_by_artifact_path_association,unknown,unknown,artifacts/FRESH_COND_FT_EXP044/baselines/DETSEQ01-S43-V1016/snapshot_step_04842.pt,Orphan candidate means no mechanical link was recovered; it does not assert the artifact was unused.
DETSEQ01-S43-V1016:snapshot_step_09684,model_only,component_family:fresh;team_a:exp_025;team_a:exp_044,SEQ-01-S43-V1016,no,linked_by_artifact_path_association,unknown,unknown,artifacts/FRESH_COND_FT_EXP044/baselines/DETSEQ01-S43-V1016/snapshot_step_09684.pt,Orphan candidate means no mechanical link was recovered; it does not assert the artifact was unused.
DETSEQ01-S43-V1016:snapshot_step_14526,model_only,component_family:fresh;team_a:exp_025;team_a:exp_044,SEQ-01-S43-V1016,no,linked_by_artifact_path_association,unknown,unknown,artifacts/FRESH_COND_FT_EXP044/baselines/DETSEQ01-S43-V1016/snapshot_step_14526.pt,Orphan candidate means no mechanical link was recovered; it does not assert the artifact was unused.
DETSEQ01-S43-V1016:snapshot_step_19368,model_only,component_family:fresh;team_a:exp_025;team_a:exp_044,SEQ-01-S43-V1016,no,linked_by_artifact_path_association,unknown,unknown,artifacts/FRESH_COND_FT_EXP044/baselines/DETSEQ01-S43-V1016/snapshot_step_19368.pt,Orphan candidate means no mechanical link was recovered; it does not assert the artifact was unused.
DETSEQ01-S44-V1016,model_only,team_a:exp_025,SEQ-01-S44-V1016,no,linked_by_artifact_path_association,unknown,unknown,artifacts/model_DETSEQ01-S44-V1016.pt,Orphan candidate means no mechanical link was recovered; it does not assert the artifact was unused.
DETSEQ01-S44-V1016:snapshot_step_00000,model_only,component_family:fresh;team_a:exp_025;team_a:exp_044,SEQ-01-S44-V1016,no,linked_by_artifact_path_association,unknown,unknown,artifacts/FRESH_COND_FT_EXP044/baselines/DETSEQ01-S44-V1016/snapshot_step_00000.pt,Orphan candidate means no mechanical link was recovered; it does not assert the artifact was unused.
DETSEQ01-S44-V1016:snapshot_step_00001,model_only,component_family:fresh;team_a:exp_025;team_a:exp_044,SEQ-01-S44-V1016,no,linked_by_artifact_path_association,unknown,unknown,artifacts/FRESH_COND_FT_EXP044/baselines/DETSEQ01-S44-V1016/snapshot_step_00001.pt,Orphan candidate means no mechanical link was recovered; it does not assert the artifact was unused.
DETSEQ01-S44-V1016:snapshot_step_00100,model_only,component_family:fresh;team_a:exp_025;team_a:exp_044,SEQ-01-S44-V1016,no,linked_by_artifact_path_association,unknown,unknown,artifacts/FRESH_COND_FT_EXP044/baselines/DETSEQ01-S44-V1016/snapshot_step_00100.pt,Orphan candidate means no mechanical link was recovered; it does not assert the artifact was unused.
DETSEQ01-S44-V1016:snapshot_step_01000,model_only,component_family:fresh;team_a:exp_025;team_a:exp_044,SEQ-01-S44-V1016,no,linked_by_artifact_path_association,unknown,unknown,artifacts/FRESH_COND_FT_EXP044/baselines/DETSEQ01-S44-V1016/snapshot_step_01000.pt,Orphan candidate means no mechanical link was recovered; it does not assert the artifact was unused.
DETSEQ01-S44-V1016:snapshot_step_04842,model_only,component_family:fresh;team_a:exp_025;team_a:exp_044,SEQ-01-S44-V1016,no,linked_by_artifact_path_association,unknown,unknown,artifacts/FRESH_COND_FT_EXP044/baselines/DETSEQ01-S44-V1016/snapshot_step_04842.pt,Orphan candidate means no mechanical link was recovered; it does not assert the artifact was unused.
DETSEQ01-S44-V1016:snapshot_step_09684,model_only,component_family:fresh;team_a:exp_025;team_a:exp_044,SEQ-01-S44-V1016,no,linked_by_artifact_path_association,unknown,unknown,artifacts/FRESH_COND_FT_EXP044/baselines/DETSEQ01-S44-V1016/snapshot_step_09684.pt,Orphan candidate means no mechanical link was recovered; it does not assert the artifact was unused.
DETSEQ01-S44-V1016:snapshot_step_14526,model_only,component_family:fresh;team_a:exp_025;team_a:exp_044,SEQ-01-S44-V1016,no,linked_by_artifact_path_association,unknown,unknown,artifacts/FRESH_COND_FT_EXP044/baselines/DETSEQ01-S44-V1016/snapshot_step_14526.pt,Orphan candidate means no mechanical link was recovered; it does not assert the artifact was unused.
DETSEQ01-S44-V1016:snapshot_step_19368,model_only,component_family:fresh;team_a:exp_025;team_a:exp_044,SEQ-01-S44-V1016,no,linked_by_artifact_path_association,unknown,unknown,artifacts/FRESH_COND_FT_EXP044/baselines/DETSEQ01-S44-V1016/snapshot_step_19368.pt,Orphan candidate means no mechanical link was recovered; it does not assert the artifact was unused.
DOMAIN-01-DIRECT,oof_only,independent_domain:exp_028,unknown,no,linked_by_artifact_path_association,linked_worktree/independent_domain/artifacts/domain_01/oof_DOMAIN-01-DIRECT.npz,unknown,unknown,Orphan candidate means no mechanical link was recovered; it does not assert the artifact was unused.
DOMAIN-01-DIRECT_20250904,oof_only,independent_domain:exp_028,unknown,no,linked_by_artifact_path_association,linked_worktree/independent_domain/artifacts/domain_01/oof_DOMAIN-01-DIRECT_20250904.npz,unknown,linked_worktree/independent_domain/artifacts/domain_01/model_DOMAIN-01-DIRECT_20250904.txt,Orphan candidate means no mechanical link was recovered; it does not assert the artifact was unused.
DOMAIN-01-DIRECT_20250918,oof_only,independent_domain:exp_028,unknown,no,linked_by_artifact_path_association,linked_worktree/independent_domain/artifacts/domain_01/oof_DOMAIN-01-DIRECT_20250918.npz,unknown,linked_worktree/independent_domain/artifacts/domain_01/model_DOMAIN-01-DIRECT_20250918.txt,Orphan candidate means no mechanical link was recovered; it does not assert the artifact was unused.
DOMAIN-01-DIRECT_20251002,oof_only,independent_domain:exp_028,unknown,no,linked_by_artifact_path_association,linked_worktree/independent_domain/artifacts/domain_01/oof_DOMAIN-01-DIRECT_20251002.npz,unknown,linked_worktree/independent_domain/artifacts/domain_01/model_DOMAIN-01-DIRECT_20251002.txt,Orphan candidate means no mechanical link was recovered; it does not assert the artifact was unused.
DOMAIN-01-DIRECT_20251016,oof_only,independent_domain:exp_028,unknown,no,linked_by_artifact_path_association,linked_worktree/independent_domain/artifacts/domain_01/oof_DOMAIN-01-DIRECT_20251016.npz,unknown,linked_worktree/independent_domain/artifacts/domain_01/model_DOMAIN-01-DIRECT_20251016.txt,Orphan candidate means no mechanical link was recovered; it does not assert the artifact was unused.
ETX-01-S42,oof_and_test,component_family:etx,ETX-01-S42,yes,linked_to_run_metric_id,artifacts/oof_ETX-01-S42.npz,artifacts/ztest_ETX-01-S42.npy,unknown,Orphan candidate means no mechanical link was recovered; it does not assert the artifact was unused.
ETX-01-S42-DC,test_only,component_family:etx,ETX-01-S42,no,linked_to_run_metric_id,unknown,artifacts/ztest_ETX-01-S42-DC.npy,unknown,Orphan candidate means no mechanical link was recovered; it does not assert the artifact was unused.
ETX-01-S42-DCW,test_only,component_family:etx,ETX-01-S42,no,linked_to_run_metric_id,unknown,artifacts/ztest_ETX-01-S42-DCW.npy;пайплайн сокомандника/friend_original/submission_STRONGEST_CURRENT/artifacts/predictions/ztest_ETX-01-S42-DCW.npy,unknown,Orphan candidate means no mechanical link was recovered; it does not assert the artifact was unused.
ETX-01-S42-FULL,test_only,component_family:etx,ETX-01-S42,no,linked_to_run_metric_id,unknown,artifacts/ztest_ETX-01-S42-FULL.npy,unknown,Orphan candidate means no mechanical link was recovered; it does not assert the artifact was unused.
ETX-01-S42-TEST,model_only,component_family:etx,ETX-01-S42,yes,linked_to_run_metric_id,unknown,unknown,artifacts/model_ETX-01-S42-TEST.pt;пайплайн сокомандника/friend_original/submission_STRONGEST_CURRENT/artifacts/models/model_ETX-01-S42-TEST.pt,Orphan candidate means no mechanical link was recovered; it does not assert the artifact was unused.
ETX-01-S42-V0904,oof_only,component_family:etx,ETX-01-S42-V0904,yes,linked_to_run_metric_id,artifacts/oof_ETX-01-S42-V0904.npz,unknown,artifacts/model_ETX-01-S42-V0904.pt,Orphan candidate means no mechanical link was recovered; it does not assert the artifact was unused.
ETX-01-S42-V0918,oof_only,component_family:etx,ETX-01-S42-V0918,no,linked_to_run_metric_id,artifacts/oof_ETX-01-S42-V0918.npz,unknown,artifacts/model_ETX-01-S42-V0918.pt,Orphan candidate means no mechanical link was recovered; it does not assert the artifact was unused.
ETX-01-S42-V1002,oof_only,component_family:etx,ETX-01-S42-V1002,no,linked_to_run_metric_id,artifacts/oof_ETX-01-S42-V1002.npz,unknown,artifacts/model_ETX-01-S42-V1002.pt,Orphan candidate means no mechanical link was recovered; it does not assert the artifact was unused.
ETX-01-S42-V1016,oof_only,component_family:etx,ETX-01-S42-V1016,yes,linked_to_run_metric_id,artifacts/oof_ETX-01-S42-V1016.npz,unknown,artifacts/model_ETX-01-S42-V1016.pt,Orphan candidate means no mechanical link was recovered; it does not assert the artifact was unused.
ETX-01-S43,oof_and_test,component_family:etx,ETX-01-S43,yes,linked_to_run_metric_id,artifacts/oof_ETX-01-S43.npz,artifacts/ztest_ETX-01-S43.npy,unknown,Orphan candidate means no mechanical link was recovered; it does not assert the artifact was unused.
ETX-01-S43-DCW,test_only,component_family:etx,ETX-01-S43,no,linked_to_run_metric_id,unknown,artifacts/ztest_ETX-01-S43-DCW.npy;пайплайн сокомандника/friend_original/submission_STRONGEST_CURRENT/artifacts/predictions/ztest_ETX-01-S43-DCW.npy,unknown,Orphan candidate means no mechanical link was recovered; it does not assert the artifact was unused.
ETX-01-S43-FULL,test_only,component_family:etx,ETX-01-S43,no,linked_to_run_metric_id,unknown,artifacts/ztest_ETX-01-S43-FULL.npy,unknown,Orphan candidate means no mechanical link was recovered; it does not assert the artifact was unused.
ETX-01-S43-TEST,model_only,component_family:etx,ETX-01-S43,no,linked_to_run_metric_id,unknown,unknown,artifacts/model_ETX-01-S43-TEST.pt;пайплайн сокомандника/friend_original/submission_STRONGEST_CURRENT/artifacts/models/model_ETX-01-S43-TEST.pt,Orphan candidate means no mechanical link was recovered; it does not assert the artifact was unused.
ETX-01-S43-V0904,oof_only,component_family:etx,ETX-01-S43-V0904,no,linked_to_run_metric_id,artifacts/oof_ETX-01-S43-V0904.npz,unknown,unknown,Orphan candidate means no mechanical link was recovered; it does not assert the artifact was unused.
ETX-01-S43-V0918,oof_only,component_family:etx,ETX-01-S43-V0918,no,linked_to_run_metric_id,artifacts/oof_ETX-01-S43-V0918.npz,unknown,unknown,Orphan candidate means no mechanical link was recovered; it does not assert the artifact was unused.
ETX-01-S43-V1002,oof_only,component_family:etx,ETX-01-S43-V1002,no,linked_to_run_metric_id,artifacts/oof_ETX-01-S43-V1002.npz,unknown,unknown,Orphan candidate means no mechanical link was recovered; it does not assert the artifact was unused.
ETX-01-S43-V1016,oof_only,component_family:etx,ETX-01-S43-V1016,no,linked_to_run_metric_id,artifacts/oof_ETX-01-S43-V1016.npz,unknown,unknown,Orphan candidate means no mechanical link was recovered; it does not assert the artifact was unused.
ETX-01-S44,oof_and_test,component_family:etx,ETX-01-S44,yes,linked_to_run_metric_id,artifacts/oof_ETX-01-S44.npz,artifacts/ztest_ETX-01-S44.npy,unknown,Orphan candidate means no mechanical link was recovered; it does not assert the artifact was unused.
ETX-01-S44-DCW,test_only,component_family:etx,ETX-01-S44,no,linked_to_run_metric_id,unknown,artifacts/ztest_ETX-01-S44-DCW.npy;пайплайн сокомандника/friend_original/submission_STRONGEST_CURRENT/artifacts/predictions/ztest_ETX-01-S44-DCW.npy,unknown,Orphan candidate means no mechanical link was recovered; it does not assert the artifact was unused.
ETX-01-S44-FULL,test_only,component_family:etx,ETX-01-S44,no,linked_to_run_metric_id,unknown,artifacts/ztest_ETX-01-S44-FULL.npy,unknown,Orphan candidate means no mechanical link was recovered; it does not assert the artifact was unused.
ETX-01-S44-TEST,model_only,component_family:etx,ETX-01-S44,no,linked_to_run_metric_id,unknown,unknown,artifacts/model_ETX-01-S44-TEST.pt;пайплайн сокомандника/friend_original/submission_STRONGEST_CURRENT/artifacts/models/model_ETX-01-S44-TEST.pt,Orphan candidate means no mechanical link was recovered; it does not assert the artifact was unused.
ETX-01-S44-V0904,oof_only,component_family:etx,ETX-01-S44-V0904,no,linked_to_run_metric_id,artifacts/oof_ETX-01-S44-V0904.npz,unknown,artifacts/model_ETX-01-S44-V0904.pt,Orphan candidate means no mechanical link was recovered; it does not assert the artifact was unused.
ETX-01-S44-V0918,oof_only,component_family:etx,ETX-01-S44-V0918,no,linked_to_run_metric_id,artifacts/oof_ETX-01-S44-V0918.npz,unknown,artifacts/model_ETX-01-S44-V0918.pt,Orphan candidate means no mechanical link was recovered; it does not assert the artifact was unused.
ETX-01-S44-V1002,oof_only,component_family:etx,ETX-01-S44-V1002,no,linked_to_run_metric_id,artifacts/oof_ETX-01-S44-V1002.npz,unknown,artifacts/model_ETX-01-S44-V1002.pt,Orphan candidate means no mechanical link was recovered; it does not assert the artifact was unused.
ETX-01-S44-V1016,oof_only,component_family:etx,ETX-01-S44-V1016,no,linked_to_run_metric_id,artifacts/oof_ETX-01-S44-V1016.npz,unknown,unknown,Orphan candidate means no mechanical link was recovered; it does not assert the artifact was unused.
ETX-AVG2,oof_only,component_family:etx,ETX-AVG2,no,linked_to_run_metric_id,artifacts/oof_ETX-AVG2.npz,unknown,unknown,Orphan candidate means no mechanical link was recovered; it does not assert the artifact was unused.
ETX-AVG2-V0904,oof_only,component_family:etx,unknown,no,orphan_candidate,artifacts/oof_ETX-AVG2-V0904.npz,unknown,unknown,Orphan candidate means no mechanical link was recovered; it does not assert the artifact was unused.
ETX-AVG2-V0918,oof_only,component_family:etx,unknown,no,orphan_candidate,artifacts/oof_ETX-AVG2-V0918.npz,unknown,unknown,Orphan candidate means no mechanical link was recovered; it does not assert the artifact was unused.
ETX-AVG2-V1002,oof_only,component_family:etx,unknown,no,orphan_candidate,artifacts/oof_ETX-AVG2-V1002.npz,unknown,unknown,Orphan candidate means no mechanical link was recovered; it does not assert the artifact was unused.
ETX-AVG2-V1016,oof_only,component_family:etx,unknown,no,orphan_candidate,artifacts/oof_ETX-AVG2-V1016.npz,unknown,unknown,Orphan candidate means no mechanical link was recovered; it does not assert the artifact was unused.
ETX-AVG3,oof_only,component_family:etx,ETX-AVG3,yes,linked_to_run_metric_id,artifacts/oof_ETX-AVG3.npz,unknown,unknown,Orphan candidate means no mechanical link was recovered; it does not assert the artifact was unused.
ETX-AVG3-V0904,oof_only,component_family:etx,unknown,no,orphan_candidate,artifacts/oof_ETX-AVG3-V0904.npz,unknown,unknown,Orphan candidate means no mechanical link was recovered; it does not assert the artifact was unused.
ETX-AVG3-V0918,oof_only,component_family:etx,unknown,no,orphan_candidate,artifacts/oof_ETX-AVG3-V0918.npz,unknown,unknown,Orphan candidate means no mechanical link was recovered; it does not assert the artifact was unused.
ETX-AVG3-V1002,oof_only,component_family:etx,unknown,no,orphan_candidate,artifacts/oof_ETX-AVG3-V1002.npz,unknown,unknown,Orphan candidate means no mechanical link was recovered; it does not assert the artifact was unused.
ETX-AVG3-V1016,oof_only,component_family:etx,unknown,no,orphan_candidate,artifacts/oof_ETX-AVG3-V1016.npz,unknown,unknown,Orphan candidate means no mechanical link was recovered; it does not assert the artifact was unused.
ETX-CKPT1016-DC,test_only,component_family:etx,unknown,no,orphan_candidate,unknown,artifacts/ztest_ETX-CKPT1016-DC.npy,unknown,Orphan candidate means no mechanical link was recovered; it does not assert the artifact was unused.
EXP-MIN,test_only,unknown,EXP-MIN,yes,linked_to_run_metric_id,unknown,artifacts/ztest_EXP-MIN.npy,unknown,Orphan candidate means no mechanical link was recovered; it does not assert the artifact was unused.
EXP-SIM,test_only,unknown,EXP-SIM,yes,linked_to_run_metric_id,unknown,artifacts/ztest_EXP-SIM.npy,unknown,Orphan candidate means no mechanical link was recovered; it does not assert the artifact was unused.
FINGERPRINT_EXP058:manifest,model_only,team_a:exp_058,FINGERPRINT_EXP058,no,linked_by_artifact_path_association,unknown,unknown,research/strategies/results/FINGERPRINT_EXP058/model_manifest.json,Orphan candidate means no mechanical link was recovered; it does not assert the artifact was unused.
FNL-BASE-E3-L00-S42-V1016,oof_only,component_family:fnl,FNL-BASE-E3-L00-S42-V1016,no,linked_to_run_metric_id,artifacts/oof_FNL-BASE-E3-L00-S42-V1016.npz,unknown,artifacts/model_FNL-BASE-E3-L00-S42-V1016.pt,Orphan candidate means no mechanical link was recovered; it does not assert the artifact was unused.
FNL-BASE-L00-S42-V1016,oof_only,component_family:fnl,FNL-BASE-L00-S42-V1016,no,linked_to_run_metric_id,artifacts/oof_FNL-BASE-L00-S42-V1016.npz,unknown,artifacts/model_FNL-BASE-L00-S42-V1016.pt,Orphan candidate means no mechanical link was recovered; it does not assert the artifact was unused.
FNL-BASER2-L00-S42-V1016,oof_only,component_family:fnl,FNL-BASER2-L00-S42-V1016,no,linked_to_run_metric_id,artifacts/oof_FNL-BASER2-L00-S42-V1016.npz,unknown,artifacts/model_FNL-BASER2-L00-S42-V1016.pt,Orphan candidate means no mechanical link was recovered; it does not assert the artifact was unused.
FNL-BUYCTRL-L10-S42-V1016,oof_only,component_family:fnl,FNL-BUYCTRL-L10-S42-V1016,no,linked_to_run_metric_id,artifacts/oof_FNL-BUYCTRL-L10-S42-V1016.npz,unknown,artifacts/model_FNL-BUYCTRL-L10-S42-V1016.pt,Orphan candidate means no mechanical link was recovered; it does not assert the artifact was unused.
FNL-BUYCTRL-L30-S42-V1016,oof_only,component_family:fnl,FNL-BUYCTRL-L30-S42-V1016,no,linked_to_run_metric_id,artifacts/oof_FNL-BUYCTRL-L30-S42-V1016.npz,unknown,artifacts/model_FNL-BUYCTRL-L30-S42-V1016.pt,Orphan candidate means no mechanical link was recovered; it does not assert the artifact was unused.
FNL-CART-L10-S42-V1016,oof_only,component_family:fnl,FNL-CART-L10-S42-V1016,no,linked_to_run_metric_id,artifacts/oof_FNL-CART-L10-S42-V1016.npz,unknown,artifacts/model_FNL-CART-L10-S42-V1016.pt,Orphan candidate means no mechanical link was recovered; it does not assert the artifact was unused.
FNL-CART-L30-S42-V1016,oof_only,component_family:fnl,FNL-CART-L30-S42-V1016,no,linked_to_run_metric_id,artifacts/oof_FNL-CART-L30-S42-V1016.npz,unknown,artifacts/model_FNL-CART-L30-S42-V1016.pt,Orphan candidate means no mechanical link was recovered; it does not assert the artifact was unused.
FNL-FUNNEL-L10-S42-V1016,oof_only,component_family:fnl,FNL-FUNNEL-L10-S42-V1016,no,linked_to_run_metric_id,artifacts/oof_FNL-FUNNEL-L10-S42-V1016.npz,unknown,artifacts/model_FNL-FUNNEL-L10-S42-V1016.pt,Orphan candidate means no mechanical link was recovered; it does not assert the artifact was unused.
FNL-FUNNEL-L30-S42-V1016,oof_only,component_family:fnl,FNL-FUNNEL-L30-S42-V1016,no,linked_to_run_metric_id,artifacts/oof_FNL-FUNNEL-L30-S42-V1016.npz,unknown,artifacts/model_FNL-FUNNEL-L30-S42-V1016.pt,Orphan candidate means no mechanical link was recovered; it does not assert the artifact was unused.
FRESH_CONTRAST_MOE,oof_only,component_family:fresh;team_a:exp_040,FRESH-CONTRAST-MOE,yes,linked_by_artifact_path_association,artifacts/oof_FRESH_CONTRAST_MOE.npz,unknown,unknown,Orphan candidate means no mechanical link was recovered; it does not assert the artifact was unused.
GAP-DIST-K5-G030-S42,oof_only,component_family:gap,GAP-DIST-K5-G030-S42,no,linked_to_run_metric_id,artifacts/oof_GAP-DIST-K5-G030-S42.npz,unknown,unknown,Orphan candidate means no mechanical link was recovered; it does not assert the artifact was unused.
GAP-DIST-K5-G030-S42-R100,oof_only,component_family:gap,GAP-DIST-K5-G030-S42-R100,no,linked_to_run_metric_id,artifacts/oof_GAP-DIST-K5-G030-S42-R100.npz,unknown,unknown,Orphan candidate means no mechanical link was recovered; it does not assert the artifact was unused.
GAP-DIST-K5-G030-S42-R150,oof_only,component_family:gap,GAP-DIST-K5-G030-S42-R150,no,linked_to_run_metric_id,artifacts/oof_GAP-DIST-K5-G030-S42-R150.npz,unknown,unknown,Orphan candidate means no mechanical link was recovered; it does not assert the artifact was unused.
GAP-DIST-K5-G030-S42-R200,oof_only,component_family:gap,GAP-DIST-K5-G030-S42-R200,no,linked_to_run_metric_id,artifacts/oof_GAP-DIST-K5-G030-S42-R200.npz,unknown,unknown,Orphan candidate means no mechanical link was recovered; it does not assert the artifact was unused.
GAP-DIST-K5-G030-S42-R50,oof_only,component_family:gap,GAP-DIST-K5-G030-S42-R50,no,linked_to_run_metric_id,artifacts/oof_GAP-DIST-K5-G030-S42-R50.npz,unknown,unknown,Orphan candidate means no mechanical link was recovered; it does not assert the artifact was unused.
GAP-DIST-K5-G060-S42,oof_only,component_family:gap,GAP-DIST-K5-G060-S42,no,linked_to_run_metric_id,artifacts/oof_GAP-DIST-K5-G060-S42.npz,unknown,unknown,Orphan candidate means no mechanical link was recovered; it does not assert the artifact was unused.
GAP-DIST-K5-G060-S42-R100,oof_only,component_family:gap,GAP-DIST-K5-G060-S42-R100,no,linked_to_run_metric_id,artifacts/oof_GAP-DIST-K5-G060-S42-R100.npz,unknown,unknown,Orphan candidate means no mechanical link was recovered; it does not assert the artifact was unused.
GAP-DIST-K5-G060-S42-R150,oof_only,component_family:gap,GAP-DIST-K5-G060-S42-R150,no,linked_to_run_metric_id,artifacts/oof_GAP-DIST-K5-G060-S42-R150.npz,unknown,unknown,Orphan candidate means no mechanical link was recovered; it does not assert the artifact was unused.
GAP-DIST-K5-G060-S42-R200,oof_only,component_family:gap,GAP-DIST-K5-G060-S42-R200,no,linked_to_run_metric_id,artifacts/oof_GAP-DIST-K5-G060-S42-R200.npz,unknown,unknown,Orphan candidate means no mechanical link was recovered; it does not assert the artifact was unused.
GAP-DIST-K5-G060-S42-R50,oof_only,component_family:gap,GAP-DIST-K5-G060-S42-R50,no,linked_to_run_metric_id,artifacts/oof_GAP-DIST-K5-G060-S42-R50.npz,unknown,unknown,Orphan candidate means no mechanical link was recovered; it does not assert the artifact was unused.
GAP-DIST-K5-G120-S42,oof_only,component_family:gap,GAP-DIST-K5-G120-S42,no,linked_to_run_metric_id,artifacts/oof_GAP-DIST-K5-G120-S42.npz,unknown,unknown,Orphan candidate means no mechanical link was recovered; it does not assert the artifact was unused.
GAP-DIST-K5-G120-S42-R100,oof_only,component_family:gap,GAP-DIST-K5-G120-S42-R100,no,linked_to_run_metric_id,artifacts/oof_GAP-DIST-K5-G120-S42-R100.npz,unknown,unknown,Orphan candidate means no mechanical link was recovered; it does not assert the artifact was unused.
GAP-DIST-K5-G120-S42-R150,oof_only,component_family:gap,GAP-DIST-K5-G120-S42-R150,no,linked_to_run_metric_id,artifacts/oof_GAP-DIST-K5-G120-S42-R150.npz,unknown,unknown,Orphan candidate means no mechanical link was recovered; it does not assert the artifact was unused.
GAP-DIST-K5-G120-S42-R200,oof_only,component_family:gap,GAP-DIST-K5-G120-S42-R200,no,linked_to_run_metric_id,artifacts/oof_GAP-DIST-K5-G120-S42-R200.npz,unknown,unknown,Orphan candidate means no mechanical link was recovered; it does not assert the artifact was unused.
GAP-DIST-K5-G120-S42-R50,oof_only,component_family:gap,GAP-DIST-K5-G120-S42-R50,no,linked_to_run_metric_id,artifacts/oof_GAP-DIST-K5-G120-S42-R50.npz,unknown,unknown,Orphan candidate means no mechanical link was recovered; it does not assert the artifact was unused.
GAP-E02-K5-G030-S42,oof_only,component_family:gap,GAP-E02-K5-G030-S42,no,linked_to_run_metric_id,artifacts/oof_GAP-E02-K5-G030-S42.npz,unknown,unknown,Orphan candidate means no mechanical link was recovered; it does not assert the artifact was unused.
GAP-E02-K5-G030-S42-R100,oof_only,component_family:gap,GAP-E02-K5-G030-S42-R100,no,linked_to_run_metric_id,artifacts/oof_GAP-E02-K5-G030-S42-R100.npz,unknown,unknown,Orphan candidate means no mechanical link was recovered; it does not assert the artifact was unused.
GAP-E02-K5-G030-S42-R150,oof_only,component_family:gap,GAP-E02-K5-G030-S42-R150,no,linked_to_run_metric_id,artifacts/oof_GAP-E02-K5-G030-S42-R150.npz,unknown,unknown,Orphan candidate means no mechanical link was recovered; it does not assert the artifact was unused.
GAP-E02-K5-G030-S42-R200,oof_only,component_family:gap,GAP-E02-K5-G030-S42-R200,no,linked_to_run_metric_id,artifacts/oof_GAP-E02-K5-G030-S42-R200.npz,unknown,unknown,Orphan candidate means no mechanical link was recovered; it does not assert the artifact was unused.
GAP-E02-K5-G030-S42-R250,oof_only,component_family:gap,GAP-E02-K5-G030-S42-R250,no,linked_to_run_metric_id,artifacts/oof_GAP-E02-K5-G030-S42-R250.npz,unknown,unknown,Orphan candidate means no mechanical link was recovered; it does not assert the artifact was unused.
GAP-E02-K5-G030-S42-R300,oof_only,component_family:gap,GAP-E02-K5-G030-S42-R300,no,linked_to_run_metric_id,artifacts/oof_GAP-E02-K5-G030-S42-R300.npz,unknown,unknown,Orphan candidate means no mechanical link was recovered; it does not assert the artifact was unused.
GAP-E02-K5-G030-S42-R50,oof_only,component_family:gap,GAP-E02-K5-G030-S42-R50,no,linked_to_run_metric_id,artifacts/oof_GAP-E02-K5-G030-S42-R50.npz,unknown,unknown,Orphan candidate means no mechanical link was recovered; it does not assert the artifact was unused.
GAP-E02-K5-G030-S42-R75,oof_only,component_family:gap,GAP-E02-K5-G030-S42-R75,no,linked_to_run_metric_id,artifacts/oof_GAP-E02-K5-G030-S42-R75.npz,unknown,unknown,Orphan candidate means no mechanical link was recovered; it does not assert the artifact was unused.
GAP-E02-K5-G060-S42,oof_only,component_family:gap,GAP-E02-K5-G060-S42,no,linked_to_run_metric_id,artifacts/oof_GAP-E02-K5-G060-S42.npz,unknown,unknown,Orphan candidate means no mechanical link was recovered; it does not assert the artifact was unused.
GAP-E02-K5-G060-S42-R100,oof_only,component_family:gap,GAP-E02-K5-G060-S42-R100,no,linked_to_run_metric_id,artifacts/oof_GAP-E02-K5-G060-S42-R100.npz,unknown,unknown,Orphan candidate means no mechanical link was recovered; it does not assert the artifact was unused.
GAP-E02-K5-G060-S42-R150,oof_only,component_family:gap,GAP-E02-K5-G060-S42-R150,no,linked_to_run_metric_id,artifacts/oof_GAP-E02-K5-G060-S42-R150.npz,unknown,unknown,Orphan candidate means no mechanical link was recovered; it does not assert the artifact was unused.
GAP-E02-K5-G060-S42-R200,oof_only,component_family:gap,GAP-E02-K5-G060-S42-R200,no,linked_to_run_metric_id,artifacts/oof_GAP-E02-K5-G060-S42-R200.npz,unknown,unknown,Orphan candidate means no mechanical link was recovered; it does not assert the artifact was unused.
GAP-E02-K5-G060-S42-R250,oof_only,component_family:gap,GAP-E02-K5-G060-S42-R250,no,linked_to_run_metric_id,artifacts/oof_GAP-E02-K5-G060-S42-R250.npz,unknown,unknown,Orphan candidate means no mechanical link was recovered; it does not assert the artifact was unused.
GAP-E02-K5-G060-S42-R300,oof_only,component_family:gap,GAP-E02-K5-G060-S42-R300,no,linked_to_run_metric_id,artifacts/oof_GAP-E02-K5-G060-S42-R300.npz,unknown,unknown,Orphan candidate means no mechanical link was recovered; it does not assert the artifact was unused.
GAP-E02-K5-G060-S42-R50,oof_only,component_family:gap,GAP-E02-K5-G060-S42-R50,no,linked_to_run_metric_id,artifacts/oof_GAP-E02-K5-G060-S42-R50.npz,unknown,unknown,Orphan candidate means no mechanical link was recovered; it does not assert the artifact was unused.
GAP-E02-K5-G060-S42-R75,oof_only,component_family:gap,GAP-E02-K5-G060-S42-R75,no,linked_to_run_metric_id,artifacts/oof_GAP-E02-K5-G060-S42-R75.npz,unknown,unknown,Orphan candidate means no mechanical link was recovered; it does not assert the artifact was unused.
GAP-E02-K5-G090-S42,oof_only,component_family:gap,GAP-E02-K5-G090-S42,no,linked_to_run_metric_id,artifacts/oof_GAP-E02-K5-G090-S42.npz,unknown,unknown,Orphan candidate means no mechanical link was recovered; it does not assert the artifact was unused.
GAP-E02-K5-G090-S42-R100,oof_only,component_family:gap,GAP-E02-K5-G090-S42-R100,no,linked_to_run_metric_id,artifacts/oof_GAP-E02-K5-G090-S42-R100.npz,unknown,unknown,Orphan candidate means no mechanical link was recovered; it does not assert the artifact was unused.
GAP-E02-K5-G090-S42-R150,oof_only,component_family:gap,GAP-E02-K5-G090-S42-R150,no,linked_to_run_metric_id,artifacts/oof_GAP-E02-K5-G090-S42-R150.npz,unknown,unknown,Orphan candidate means no mechanical link was recovered; it does not assert the artifact was unused.
GAP-E02-K5-G090-S42-R200,oof_only,component_family:gap,GAP-E02-K5-G090-S42-R200,no,linked_to_run_metric_id,artifacts/oof_GAP-E02-K5-G090-S42-R200.npz,unknown,unknown,Orphan candidate means no mechanical link was recovered; it does not assert the artifact was unused.
GAP-E02-K5-G090-S42-R250,oof_only,component_family:gap,GAP-E02-K5-G090-S42-R250,no,linked_to_run_metric_id,artifacts/oof_GAP-E02-K5-G090-S42-R250.npz,unknown,unknown,Orphan candidate means no mechanical link was recovered; it does not assert the artifact was unused.
GAP-E02-K5-G090-S42-R300,oof_only,component_family:gap,GAP-E02-K5-G090-S42-R300,no,linked_to_run_metric_id,artifacts/oof_GAP-E02-K5-G090-S42-R300.npz,unknown,unknown,Orphan candidate means no mechanical link was recovered; it does not assert the artifact was unused.
GAP-E02-K5-G090-S42-R50,oof_only,component_family:gap,GAP-E02-K5-G090-S42-R50,no,linked_to_run_metric_id,artifacts/oof_GAP-E02-K5-G090-S42-R50.npz,unknown,unknown,Orphan candidate means no mechanical link was recovered; it does not assert the artifact was unused.
GAP-E02-K5-G090-S42-R75,oof_only,component_family:gap,GAP-E02-K5-G090-S42-R75,no,linked_to_run_metric_id,artifacts/oof_GAP-E02-K5-G090-S42-R75.npz,unknown,unknown,Orphan candidate means no mechanical link was recovered; it does not assert the artifact was unused.
GAP-E02-K5-G120-S42,oof_only,component_family:gap,GAP-E02-K5-G120-S42,no,linked_to_run_metric_id,artifacts/oof_GAP-E02-K5-G120-S42.npz,unknown,unknown,Orphan candidate means no mechanical link was recovered; it does not assert the artifact was unused.
GAP-E02-K5-G120-S42-R100,oof_only,component_family:gap,GAP-E02-K5-G120-S42-R100,no,linked_to_run_metric_id,artifacts/oof_GAP-E02-K5-G120-S42-R100.npz,unknown,unknown,Orphan candidate means no mechanical link was recovered; it does not assert the artifact was unused.
GAP-E02-K5-G120-S42-R150,oof_only,component_family:gap,GAP-E02-K5-G120-S42-R150,no,linked_to_run_metric_id,artifacts/oof_GAP-E02-K5-G120-S42-R150.npz,unknown,unknown,Orphan candidate means no mechanical link was recovered; it does not assert the artifact was unused.
GAP-E02-K5-G120-S42-R200,oof_only,component_family:gap,GAP-E02-K5-G120-S42-R200,no,linked_to_run_metric_id,artifacts/oof_GAP-E02-K5-G120-S42-R200.npz,unknown,unknown,Orphan candidate means no mechanical link was recovered; it does not assert the artifact was unused.
GAP-E02-K5-G120-S42-R250,oof_only,component_family:gap,GAP-E02-K5-G120-S42-R250,no,linked_to_run_metric_id,artifacts/oof_GAP-E02-K5-G120-S42-R250.npz,unknown,unknown,Orphan candidate means no mechanical link was recovered; it does not assert the artifact was unused.
GAP-E02-K5-G120-S42-R300,oof_only,component_family:gap,GAP-E02-K5-G120-S42-R300,no,linked_to_run_metric_id,artifacts/oof_GAP-E02-K5-G120-S42-R300.npz,unknown,unknown,Orphan candidate means no mechanical link was recovered; it does not assert the artifact was unused.
GAP-E02-K5-G120-S42-R50,oof_only,component_family:gap,GAP-E02-K5-G120-S42-R50,no,linked_to_run_metric_id,artifacts/oof_GAP-E02-K5-G120-S42-R50.npz,unknown,unknown,Orphan candidate means no mechanical link was recovered; it does not assert the artifact was unused.
GAP-E02-K5-G120-S42-R75,oof_only,component_family:gap,GAP-E02-K5-G120-S42-R75,no,linked_to_run_metric_id,artifacts/oof_GAP-E02-K5-G120-S42-R75.npz,unknown,unknown,Orphan candidate means no mechanical link was recovered; it does not assert the artifact was unused.
GAP-E03A-K11-G030-S42,oof_only,component_family:gap,GAP-E03A-K11-G030-S42,no,linked_to_run_metric_id,artifacts/oof_GAP-E03A-K11-G030-S42.npz,unknown,unknown,Orphan candidate means no mechanical link was recovered; it does not assert the artifact was unused.
GAP-E03A-K11-G030-S42-R100,oof_only,component_family:gap,GAP-E03A-K11-G030-S42-R100,no,linked_to_run_metric_id,artifacts/oof_GAP-E03A-K11-G030-S42-R100.npz,unknown,unknown,Orphan candidate means no mechanical link was recovered; it does not assert the artifact was unused.
GAP-E03A-K11-G030-S42-R150,oof_only,component_family:gap,GAP-E03A-K11-G030-S42-R150,no,linked_to_run_metric_id,artifacts/oof_GAP-E03A-K11-G030-S42-R150.npz,unknown,unknown,Orphan candidate means no mechanical link was recovered; it does not assert the artifact was unused.
GAP-E03A-K11-G030-S42-R200,oof_only,component_family:gap,GAP-E03A-K11-G030-S42-R200,no,linked_to_run_metric_id,artifacts/oof_GAP-E03A-K11-G030-S42-R200.npz,unknown,unknown,Orphan candidate means no mechanical link was recovered; it does not assert the artifact was unused.
GAP-E03A-K11-G030-S42-R250,oof_only,component_family:gap,GAP-E03A-K11-G030-S42-R250,no,linked_to_run_metric_id,artifacts/oof_GAP-E03A-K11-G030-S42-R250.npz,unknown,unknown,Orphan candidate means no mechanical link was recovered; it does not assert the artifact was unused.
GAP-E03A-K11-G030-S42-R300,oof_only,component_family:gap,GAP-E03A-K11-G030-S42-R300,no,linked_to_run_metric_id,artifacts/oof_GAP-E03A-K11-G030-S42-R300.npz,unknown,unknown,Orphan candidate means no mechanical link was recovered; it does not assert the artifact was unused.
GAP-E03A-K11-G030-S42-R50,oof_only,component_family:gap,GAP-E03A-K11-G030-S42-R50,no,linked_to_run_metric_id,artifacts/oof_GAP-E03A-K11-G030-S42-R50.npz,unknown,unknown,Orphan candidate means no mechanical link was recovered; it does not assert the artifact was unused.
GAP-E03A-K11-G030-S42-R75,oof_only,component_family:gap,GAP-E03A-K11-G030-S42-R75,no,linked_to_run_metric_id,artifacts/oof_GAP-E03A-K11-G030-S42-R75.npz,unknown,unknown,Orphan candidate means no mechanical link was recovered; it does not assert the artifact was unused.
GAP-E03A-K11-G060-S42,oof_only,component_family:gap,GAP-E03A-K11-G060-S42,no,linked_to_run_metric_id,artifacts/oof_GAP-E03A-K11-G060-S42.npz,unknown,unknown,Orphan candidate means no mechanical link was recovered; it does not assert the artifact was unused.
GAP-E03A-K11-G060-S42-R100,oof_only,component_family:gap,GAP-E03A-K11-G060-S42-R100,no,linked_to_run_metric_id,artifacts/oof_GAP-E03A-K11-G060-S42-R100.npz,unknown,unknown,Orphan candidate means no mechanical link was recovered; it does not assert the artifact was unused.
GAP-E03A-K11-G060-S42-R150,oof_only,component_family:gap,GAP-E03A-K11-G060-S42-R150,no,linked_to_run_metric_id,artifacts/oof_GAP-E03A-K11-G060-S42-R150.npz,unknown,unknown,Orphan candidate means no mechanical link was recovered; it does not assert the artifact was unused.
GAP-E03A-K11-G060-S42-R200,oof_only,component_family:gap,GAP-E03A-K11-G060-S42-R200,no,linked_to_run_metric_id,artifacts/oof_GAP-E03A-K11-G060-S42-R200.npz,unknown,unknown,Orphan candidate means no mechanical link was recovered; it does not assert the artifact was unused.
GAP-E03A-K11-G060-S42-R250,oof_only,component_family:gap,GAP-E03A-K11-G060-S42-R250,no,linked_to_run_metric_id,artifacts/oof_GAP-E03A-K11-G060-S42-R250.npz,unknown,unknown,Orphan candidate means no mechanical link was recovered; it does not assert the artifact was unused.
GAP-E03A-K11-G060-S42-R300,oof_only,component_family:gap,GAP-E03A-K11-G060-S42-R300,no,linked_to_run_metric_id,artifacts/oof_GAP-E03A-K11-G060-S42-R300.npz,unknown,unknown,Orphan candidate means no mechanical link was recovered; it does not assert the artifact was unused.
GAP-E03A-K11-G060-S42-R50,oof_only,component_family:gap,GAP-E03A-K11-G060-S42-R50,no,linked_to_run_metric_id,artifacts/oof_GAP-E03A-K11-G060-S42-R50.npz,unknown,unknown,Orphan candidate means no mechanical link was recovered; it does not assert the artifact was unused.
GAP-E03A-K11-G060-S42-R75,oof_only,component_family:gap,GAP-E03A-K11-G060-S42-R75,no,linked_to_run_metric_id,artifacts/oof_GAP-E03A-K11-G060-S42-R75.npz,unknown,unknown,Orphan candidate means no mechanical link was recovered; it does not assert the artifact was unused.
GAP-E03A-K11-G090-S42,oof_only,component_family:gap,GAP-E03A-K11-G090-S42,no,linked_to_run_metric_id,artifacts/oof_GAP-E03A-K11-G090-S42.npz,unknown,unknown,Orphan candidate means no mechanical link was recovered; it does not assert the artifact was unused.
GAP-E03A-K11-G090-S42-R100,oof_only,component_family:gap,GAP-E03A-K11-G090-S42-R100,no,linked_to_run_metric_id,artifacts/oof_GAP-E03A-K11-G090-S42-R100.npz,unknown,unknown,Orphan candidate means no mechanical link was recovered; it does not assert the artifact was unused.
GAP-E03A-K11-G090-S42-R150,oof_only,component_family:gap,GAP-E03A-K11-G090-S42-R150,no,linked_to_run_metric_id,artifacts/oof_GAP-E03A-K11-G090-S42-R150.npz,unknown,unknown,Orphan candidate means no mechanical link was recovered; it does not assert the artifact was unused.
GAP-E03A-K11-G090-S42-R200,oof_only,component_family:gap,GAP-E03A-K11-G090-S42-R200,no,linked_to_run_metric_id,artifacts/oof_GAP-E03A-K11-G090-S42-R200.npz,unknown,unknown,Orphan candidate means no mechanical link was recovered; it does not assert the artifact was unused.
GAP-E03A-K11-G090-S42-R250,oof_only,component_family:gap,GAP-E03A-K11-G090-S42-R250,no,linked_to_run_metric_id,artifacts/oof_GAP-E03A-K11-G090-S42-R250.npz,unknown,unknown,Orphan candidate means no mechanical link was recovered; it does not assert the artifact was unused.
GAP-E03A-K11-G090-S42-R300,oof_only,component_family:gap,GAP-E03A-K11-G090-S42-R300,no,linked_to_run_metric_id,artifacts/oof_GAP-E03A-K11-G090-S42-R300.npz,unknown,unknown,Orphan candidate means no mechanical link was recovered; it does not assert the artifact was unused.
GAP-E03A-K11-G090-S42-R50,oof_only,component_family:gap,GAP-E03A-K11-G090-S42-R50,no,linked_to_run_metric_id,artifacts/oof_GAP-E03A-K11-G090-S42-R50.npz,unknown,unknown,Orphan candidate means no mechanical link was recovered; it does not assert the artifact was unused.
GAP-E03A-K11-G090-S42-R75,oof_only,component_family:gap,GAP-E03A-K11-G090-S42-R75,no,linked_to_run_metric_id,artifacts/oof_GAP-E03A-K11-G090-S42-R75.npz,unknown,unknown,Orphan candidate means no mechanical link was recovered; it does not assert the artifact was unused.
GAP-E03A-K11-G120-S42,oof_only,component_family:gap,GAP-E03A-K11-G120-S42,no,linked_to_run_metric_id,artifacts/oof_GAP-E03A-K11-G120-S42.npz,unknown,unknown,Orphan candidate means no mechanical link was recovered; it does not assert the artifact was unused.
GAP-E03A-K11-G120-S42-R100,oof_only,component_family:gap,GAP-E03A-K11-G120-S42-R100,no,linked_to_run_metric_id,artifacts/oof_GAP-E03A-K11-G120-S42-R100.npz,unknown,unknown,Orphan candidate means no mechanical link was recovered; it does not assert the artifact was unused.
GAP-E03A-K11-G120-S42-R150,oof_only,component_family:gap,GAP-E03A-K11-G120-S42-R150,no,linked_to_run_metric_id,artifacts/oof_GAP-E03A-K11-G120-S42-R150.npz,unknown,unknown,Orphan candidate means no mechanical link was recovered; it does not assert the artifact was unused.
GAP-E03A-K11-G120-S42-R200,oof_only,component_family:gap,GAP-E03A-K11-G120-S42-R200,no,linked_to_run_metric_id,artifacts/oof_GAP-E03A-K11-G120-S42-R200.npz,unknown,unknown,Orphan candidate means no mechanical link was recovered; it does not assert the artifact was unused.
GAP-E03A-K11-G120-S42-R250,oof_only,component_family:gap,GAP-E03A-K11-G120-S42-R250,no,linked_to_run_metric_id,artifacts/oof_GAP-E03A-K11-G120-S42-R250.npz,unknown,unknown,Orphan candidate means no mechanical link was recovered; it does not assert the artifact was unused.
GAP-E03A-K11-G120-S42-R300,oof_only,component_family:gap,GAP-E03A-K11-G120-S42-R300,no,linked_to_run_metric_id,artifacts/oof_GAP-E03A-K11-G120-S42-R300.npz,unknown,unknown,Orphan candidate means no mechanical link was recovered; it does not assert the artifact was unused.
GAP-E03A-K11-G120-S42-R50,oof_only,component_family:gap,GAP-E03A-K11-G120-S42-R50,no,linked_to_run_metric_id,artifacts/oof_GAP-E03A-K11-G120-S42-R50.npz,unknown,unknown,Orphan candidate means no mechanical link was recovered; it does not assert the artifact was unused.
GAP-E03A-K11-G120-S42-R75,oof_only,component_family:gap,GAP-E03A-K11-G120-S42-R75,no,linked_to_run_metric_id,artifacts/oof_GAP-E03A-K11-G120-S42-R75.npz,unknown,unknown,Orphan candidate means no mechanical link was recovered; it does not assert the artifact was unused.
GAP-E03A-K5-G030-S42,oof_only,component_family:gap,GAP-E03A-K5-G030-S42,no,linked_to_run_metric_id,artifacts/oof_GAP-E03A-K5-G030-S42.npz,unknown,unknown,Orphan candidate means no mechanical link was recovered; it does not assert the artifact was unused.
GAP-E03A-K5-G030-S42-R100,oof_only,component_family:gap,GAP-E03A-K5-G030-S42-R100,no,linked_to_run_metric_id,artifacts/oof_GAP-E03A-K5-G030-S42-R100.npz,unknown,unknown,Orphan candidate means no mechanical link was recovered; it does not assert the artifact was unused.
GAP-E03A-K5-G030-S42-R150,oof_only,component_family:gap,GAP-E03A-K5-G030-S42-R150,no,linked_to_run_metric_id,artifacts/oof_GAP-E03A-K5-G030-S42-R150.npz,unknown,unknown,Orphan candidate means no mechanical link was recovered; it does not assert the artifact was unused.
GAP-E03A-K5-G030-S42-R200,oof_only,component_family:gap,GAP-E03A-K5-G030-S42-R200,no,linked_to_run_metric_id,artifacts/oof_GAP-E03A-K5-G030-S42-R200.npz,unknown,unknown,Orphan candidate means no mechanical link was recovered; it does not assert the artifact was unused.
GAP-E03A-K5-G030-S42-R250,oof_only,component_family:gap,GAP-E03A-K5-G030-S42-R250,no,linked_to_run_metric_id,artifacts/oof_GAP-E03A-K5-G030-S42-R250.npz,unknown,unknown,Orphan candidate means no mechanical link was recovered; it does not assert the artifact was unused.
GAP-E03A-K5-G030-S42-R300,oof_only,component_family:gap,GAP-E03A-K5-G030-S42-R300,no,linked_to_run_metric_id,artifacts/oof_GAP-E03A-K5-G030-S42-R300.npz,unknown,unknown,Orphan candidate means no mechanical link was recovered; it does not assert the artifact was unused.
GAP-E03A-K5-G030-S42-R50,oof_only,component_family:gap,GAP-E03A-K5-G030-S42-R50,no,linked_to_run_metric_id,artifacts/oof_GAP-E03A-K5-G030-S42-R50.npz,unknown,unknown,Orphan candidate means no mechanical link was recovered; it does not assert the artifact was unused.
GAP-E03A-K5-G030-S42-R75,oof_only,component_family:gap,GAP-E03A-K5-G030-S42-R75,no,linked_to_run_metric_id,artifacts/oof_GAP-E03A-K5-G030-S42-R75.npz,unknown,unknown,Orphan candidate means no mechanical link was recovered; it does not assert the artifact was unused.
GAP-E03A-K5-G060-S42,oof_only,component_family:gap,GAP-E03A-K5-G060-S42,no,linked_to_run_metric_id,artifacts/oof_GAP-E03A-K5-G060-S42.npz,unknown,unknown,Orphan candidate means no mechanical link was recovered; it does not assert the artifact was unused.
GAP-E03A-K5-G060-S42-R100,oof_only,component_family:gap,GAP-E03A-K5-G060-S42-R100,no,linked_to_run_metric_id,artifacts/oof_GAP-E03A-K5-G060-S42-R100.npz,unknown,unknown,Orphan candidate means no mechanical link was recovered; it does not assert the artifact was unused.
GAP-E03A-K5-G060-S42-R150,oof_only,component_family:gap,GAP-E03A-K5-G060-S42-R150,no,linked_to_run_metric_id,artifacts/oof_GAP-E03A-K5-G060-S42-R150.npz,unknown,unknown,Orphan candidate means no mechanical link was recovered; it does not assert the artifact was unused.
GAP-E03A-K5-G060-S42-R200,oof_only,component_family:gap,GAP-E03A-K5-G060-S42-R200,no,linked_to_run_metric_id,artifacts/oof_GAP-E03A-K5-G060-S42-R200.npz,unknown,unknown,Orphan candidate means no mechanical link was recovered; it does not assert the artifact was unused.
GAP-E03A-K5-G060-S42-R250,oof_only,component_family:gap,GAP-E03A-K5-G060-S42-R250,no,linked_to_run_metric_id,artifacts/oof_GAP-E03A-K5-G060-S42-R250.npz,unknown,unknown,Orphan candidate means no mechanical link was recovered; it does not assert the artifact was unused.
GAP-E03A-K5-G060-S42-R300,oof_only,component_family:gap,GAP-E03A-K5-G060-S42-R300,no,linked_to_run_metric_id,artifacts/oof_GAP-E03A-K5-G060-S42-R300.npz,unknown,unknown,Orphan candidate means no mechanical link was recovered; it does not assert the artifact was unused.
GAP-E03A-K5-G060-S42-R50,oof_only,component_family:gap,GAP-E03A-K5-G060-S42-R50,no,linked_to_run_metric_id,artifacts/oof_GAP-E03A-K5-G060-S42-R50.npz,unknown,unknown,Orphan candidate means no mechanical link was recovered; it does not assert the artifact was unused.
GAP-E03A-K5-G060-S42-R75,oof_only,component_family:gap,GAP-E03A-K5-G060-S42-R75,no,linked_to_run_metric_id,artifacts/oof_GAP-E03A-K5-G060-S42-R75.npz,unknown,unknown,Orphan candidate means no mechanical link was recovered; it does not assert the artifact was unused.
GAP-E03A-K5-G090-S42,oof_only,component_family:gap,GAP-E03A-K5-G090-S42,no,linked_to_run_metric_id,artifacts/oof_GAP-E03A-K5-G090-S42.npz,unknown,unknown,Orphan candidate means no mechanical link was recovered; it does not assert the artifact was unused.
GAP-E03A-K5-G090-S42-R100,oof_only,component_family:gap,GAP-E03A-K5-G090-S42-R100,no,linked_to_run_metric_id,artifacts/oof_GAP-E03A-K5-G090-S42-R100.npz,unknown,unknown,Orphan candidate means no mechanical link was recovered; it does not assert the artifact was unused.
GAP-E03A-K5-G090-S42-R150,oof_only,component_family:gap,GAP-E03A-K5-G090-S42-R150,no,linked_to_run_metric_id,artifacts/oof_GAP-E03A-K5-G090-S42-R150.npz,unknown,unknown,Orphan candidate means no mechanical link was recovered; it does not assert the artifact was unused.
GAP-E03A-K5-G090-S42-R200,oof_only,component_family:gap,GAP-E03A-K5-G090-S42-R200,no,linked_to_run_metric_id,artifacts/oof_GAP-E03A-K5-G090-S42-R200.npz,unknown,unknown,Orphan candidate means no mechanical link was recovered; it does not assert the artifact was unused.
GAP-E03A-K5-G090-S42-R250,oof_only,component_family:gap,GAP-E03A-K5-G090-S42-R250,no,linked_to_run_metric_id,artifacts/oof_GAP-E03A-K5-G090-S42-R250.npz,unknown,unknown,Orphan candidate means no mechanical link was recovered; it does not assert the artifact was unused.
GAP-E03A-K5-G090-S42-R300,oof_only,component_family:gap,GAP-E03A-K5-G090-S42-R300,no,linked_to_run_metric_id,artifacts/oof_GAP-E03A-K5-G090-S42-R300.npz,unknown,unknown,Orphan candidate means no mechanical link was recovered; it does not assert the artifact was unused.
GAP-E03A-K5-G090-S42-R50,oof_only,component_family:gap,GAP-E03A-K5-G090-S42-R50,no,linked_to_run_metric_id,artifacts/oof_GAP-E03A-K5-G090-S42-R50.npz,unknown,unknown,Orphan candidate means no mechanical link was recovered; it does not assert the artifact was unused.
GAP-E03A-K5-G090-S42-R75,oof_only,component_family:gap,GAP-E03A-K5-G090-S42-R75,no,linked_to_run_metric_id,artifacts/oof_GAP-E03A-K5-G090-S42-R75.npz,unknown,unknown,Orphan candidate means no mechanical link was recovered; it does not assert the artifact was unused.
GAP-E03A-K5-G120-S42,oof_only,component_family:gap,GAP-E03A-K5-G120-S42,no,linked_to_run_metric_id,artifacts/oof_GAP-E03A-K5-G120-S42.npz,unknown,unknown,Orphan candidate means no mechanical link was recovered; it does not assert the artifact was unused.
GAP-E03A-K5-G120-S42-R100,oof_only,component_family:gap,GAP-E03A-K5-G120-S42-R100,no,linked_to_run_metric_id,artifacts/oof_GAP-E03A-K5-G120-S42-R100.npz,unknown,unknown,Orphan candidate means no mechanical link was recovered; it does not assert the artifact was unused.
GAP-E03A-K5-G120-S42-R150,oof_only,component_family:gap,GAP-E03A-K5-G120-S42-R150,no,linked_to_run_metric_id,artifacts/oof_GAP-E03A-K5-G120-S42-R150.npz,unknown,unknown,Orphan candidate means no mechanical link was recovered; it does not assert the artifact was unused.
GAP-E03A-K5-G120-S42-R200,oof_only,component_family:gap,GAP-E03A-K5-G120-S42-R200,no,linked_to_run_metric_id,artifacts/oof_GAP-E03A-K5-G120-S42-R200.npz,unknown,unknown,Orphan candidate means no mechanical link was recovered; it does not assert the artifact was unused.
GAP-E03A-K5-G120-S42-R250,oof_only,component_family:gap,GAP-E03A-K5-G120-S42-R250,no,linked_to_run_metric_id,artifacts/oof_GAP-E03A-K5-G120-S42-R250.npz,unknown,unknown,Orphan candidate means no mechanical link was recovered; it does not assert the artifact was unused.
GAP-E03A-K5-G120-S42-R300,oof_only,component_family:gap,GAP-E03A-K5-G120-S42-R300,no,linked_to_run_metric_id,artifacts/oof_GAP-E03A-K5-G120-S42-R300.npz,unknown,unknown,Orphan candidate means no mechanical link was recovered; it does not assert the artifact was unused.
GAP-E03A-K5-G120-S42-R50,oof_only,component_family:gap,GAP-E03A-K5-G120-S42-R50,no,linked_to_run_metric_id,artifacts/oof_GAP-E03A-K5-G120-S42-R50.npz,unknown,unknown,Orphan candidate means no mechanical link was recovered; it does not assert the artifact was unused.
GAP-E03A-K5-G120-S42-R75,oof_only,component_family:gap,GAP-E03A-K5-G120-S42-R75,no,linked_to_run_metric_id,artifacts/oof_GAP-E03A-K5-G120-S42-R75.npz,unknown,unknown,Orphan candidate means no mechanical link was recovered; it does not assert the artifact was unused.
GAP-E10-K11-G030-S42,oof_only,component_family:gap,GAP-E10-K11-G030-S42,no,linked_to_run_metric_id,artifacts/oof_GAP-E10-K11-G030-S42.npz,unknown,unknown,Orphan candidate means no mechanical link was recovered; it does not assert the artifact was unused.
GAP-E10-K11-G030-S42-R100,oof_only,component_family:gap,GAP-E10-K11-G030-S42-R100,no,linked_to_run_metric_id,artifacts/oof_GAP-E10-K11-G030-S42-R100.npz,unknown,unknown,Orphan candidate means no mechanical link was recovered; it does not assert the artifact was unused.
GAP-E10-K11-G030-S42-R150,oof_only,component_family:gap,GAP-E10-K11-G030-S42-R150,no,linked_to_run_metric_id,artifacts/oof_GAP-E10-K11-G030-S42-R150.npz,unknown,unknown,Orphan candidate means no mechanical link was recovered; it does not assert the artifact was unused.
GAP-E10-K11-G030-S42-R200,oof_only,component_family:gap,GAP-E10-K11-G030-S42-R200,no,linked_to_run_metric_id,artifacts/oof_GAP-E10-K11-G030-S42-R200.npz,unknown,unknown,Orphan candidate means no mechanical link was recovered; it does not assert the artifact was unused.
GAP-E10-K11-G030-S42-R250,oof_only,component_family:gap,GAP-E10-K11-G030-S42-R250,no,linked_to_run_metric_id,artifacts/oof_GAP-E10-K11-G030-S42-R250.npz,unknown,unknown,Orphan candidate means no mechanical link was recovered; it does not assert the artifact was unused.
GAP-E10-K11-G030-S42-R300,oof_only,component_family:gap,GAP-E10-K11-G030-S42-R300,no,linked_to_run_metric_id,artifacts/oof_GAP-E10-K11-G030-S42-R300.npz,unknown,unknown,Orphan candidate means no mechanical link was recovered; it does not assert the artifact was unused.
GAP-E10-K11-G030-S42-R50,oof_only,component_family:gap,GAP-E10-K11-G030-S42-R50,no,linked_to_run_metric_id,artifacts/oof_GAP-E10-K11-G030-S42-R50.npz,unknown,unknown,Orphan candidate means no mechanical link was recovered; it does not assert the artifact was unused.
GAP-E10-K11-G030-S42-R75,oof_only,component_family:gap,GAP-E10-K11-G030-S42-R75,no,linked_to_run_metric_id,artifacts/oof_GAP-E10-K11-G030-S42-R75.npz,unknown,unknown,Orphan candidate means no mechanical link was recovered; it does not assert the artifact was unused.
GAP-E10-K11-G060-S42,oof_only,component_family:gap,GAP-E10-K11-G060-S42,no,linked_to_run_metric_id,artifacts/oof_GAP-E10-K11-G060-S42.npz,unknown,unknown,Orphan candidate means no mechanical link was recovered; it does not assert the artifact was unused.
GAP-E10-K11-G060-S42-R100,oof_only,component_family:gap,GAP-E10-K11-G060-S42-R100,no,linked_to_run_metric_id,artifacts/oof_GAP-E10-K11-G060-S42-R100.npz,unknown,unknown,Orphan candidate means no mechanical link was recovered; it does not assert the artifact was unused.
GAP-E10-K11-G060-S42-R150,oof_only,component_family:gap,GAP-E10-K11-G060-S42-R150,no,linked_to_run_metric_id,artifacts/oof_GAP-E10-K11-G060-S42-R150.npz,unknown,unknown,Orphan candidate means no mechanical link was recovered; it does not assert the artifact was unused.
GAP-E10-K11-G060-S42-R200,oof_only,component_family:gap,GAP-E10-K11-G060-S42-R200,no,linked_to_run_metric_id,artifacts/oof_GAP-E10-K11-G060-S42-R200.npz,unknown,unknown,Orphan candidate means no mechanical link was recovered; it does not assert the artifact was unused.
GAP-E10-K11-G060-S42-R250,oof_only,component_family:gap,GAP-E10-K11-G060-S42-R250,no,linked_to_run_metric_id,artifacts/oof_GAP-E10-K11-G060-S42-R250.npz,unknown,unknown,Orphan candidate means no mechanical link was recovered; it does not assert the artifact was unused.
GAP-E10-K11-G060-S42-R300,oof_only,component_family:gap,GAP-E10-K11-G060-S42-R300,no,linked_to_run_metric_id,artifacts/oof_GAP-E10-K11-G060-S42-R300.npz,unknown,unknown,Orphan candidate means no mechanical link was recovered; it does not assert the artifact was unused.
GAP-E10-K11-G060-S42-R50,oof_only,component_family:gap,GAP-E10-K11-G060-S42-R50,no,linked_to_run_metric_id,artifacts/oof_GAP-E10-K11-G060-S42-R50.npz,unknown,unknown,Orphan candidate means no mechanical link was recovered; it does not assert the artifact was unused.
GAP-E10-K11-G060-S42-R75,oof_only,component_family:gap,GAP-E10-K11-G060-S42-R75,no,linked_to_run_metric_id,artifacts/oof_GAP-E10-K11-G060-S42-R75.npz,unknown,unknown,Orphan candidate means no mechanical link was recovered; it does not assert the artifact was unused.
GAP-E10-K11-G090-S42,oof_only,component_family:gap,GAP-E10-K11-G090-S42,no,linked_to_run_metric_id,artifacts/oof_GAP-E10-K11-G090-S42.npz,unknown,unknown,Orphan candidate means no mechanical link was recovered; it does not assert the artifact was unused.
GAP-E10-K11-G090-S42-R100,oof_only,component_family:gap,GAP-E10-K11-G090-S42-R100,no,linked_to_run_metric_id,artifacts/oof_GAP-E10-K11-G090-S42-R100.npz,unknown,unknown,Orphan candidate means no mechanical link was recovered; it does not assert the artifact was unused.
GAP-E10-K11-G090-S42-R150,oof_only,component_family:gap,GAP-E10-K11-G090-S42-R150,no,linked_to_run_metric_id,artifacts/oof_GAP-E10-K11-G090-S42-R150.npz,unknown,unknown,Orphan candidate means no mechanical link was recovered; it does not assert the artifact was unused.
GAP-E10-K11-G090-S42-R200,oof_only,component_family:gap,GAP-E10-K11-G090-S42-R200,no,linked_to_run_metric_id,artifacts/oof_GAP-E10-K11-G090-S42-R200.npz,unknown,unknown,Orphan candidate means no mechanical link was recovered; it does not assert the artifact was unused.
GAP-E10-K11-G090-S42-R250,oof_only,component_family:gap,GAP-E10-K11-G090-S42-R250,no,linked_to_run_metric_id,artifacts/oof_GAP-E10-K11-G090-S42-R250.npz,unknown,unknown,Orphan candidate means no mechanical link was recovered; it does not assert the artifact was unused.
GAP-E10-K11-G090-S42-R300,oof_only,component_family:gap,GAP-E10-K11-G090-S42-R300,no,linked_to_run_metric_id,artifacts/oof_GAP-E10-K11-G090-S42-R300.npz,unknown,unknown,Orphan candidate means no mechanical link was recovered; it does not assert the artifact was unused.
GAP-E10-K11-G090-S42-R50,oof_only,component_family:gap,GAP-E10-K11-G090-S42-R50,no,linked_to_run_metric_id,artifacts/oof_GAP-E10-K11-G090-S42-R50.npz,unknown,unknown,Orphan candidate means no mechanical link was recovered; it does not assert the artifact was unused.
GAP-E10-K11-G090-S42-R75,oof_only,component_family:gap,GAP-E10-K11-G090-S42-R75,no,linked_to_run_metric_id,artifacts/oof_GAP-E10-K11-G090-S42-R75.npz,unknown,unknown,Orphan candidate means no mechanical link was recovered; it does not assert the artifact was unused.
GAP-E10-K11-G120-S42,oof_only,component_family:gap,GAP-E10-K11-G120-S42,no,linked_to_run_metric_id,artifacts/oof_GAP-E10-K11-G120-S42.npz,unknown,unknown,Orphan candidate means no mechanical link was recovered; it does not assert the artifact was unused.
GAP-E10-K11-G120-S42-R100,oof_only,component_family:gap,GAP-E10-K11-G120-S42-R100,no,linked_to_run_metric_id,artifacts/oof_GAP-E10-K11-G120-S42-R100.npz,unknown,unknown,Orphan candidate means no mechanical link was recovered; it does not assert the artifact was unused.
GAP-E10-K11-G120-S42-R150,oof_only,component_family:gap,GAP-E10-K11-G120-S42-R150,no,linked_to_run_metric_id,artifacts/oof_GAP-E10-K11-G120-S42-R150.npz,unknown,unknown,Orphan candidate means no mechanical link was recovered; it does not assert the artifact was unused.
GAP-E10-K11-G120-S42-R200,oof_only,component_family:gap,GAP-E10-K11-G120-S42-R200,no,linked_to_run_metric_id,artifacts/oof_GAP-E10-K11-G120-S42-R200.npz,unknown,unknown,Orphan candidate means no mechanical link was recovered; it does not assert the artifact was unused.
GAP-E10-K11-G120-S42-R250,oof_only,component_family:gap,GAP-E10-K11-G120-S42-R250,no,linked_to_run_metric_id,artifacts/oof_GAP-E10-K11-G120-S42-R250.npz,unknown,unknown,Orphan candidate means no mechanical link was recovered; it does not assert the artifact was unused.
GAP-E10-K11-G120-S42-R300,oof_only,component_family:gap,GAP-E10-K11-G120-S42-R300,no,linked_to_run_metric_id,artifacts/oof_GAP-E10-K11-G120-S42-R300.npz,unknown,unknown,Orphan candidate means no mechanical link was recovered; it does not assert the artifact was unused.
GAP-E10-K11-G120-S42-R50,oof_only,component_family:gap,GAP-E10-K11-G120-S42-R50,no,linked_to_run_metric_id,artifacts/oof_GAP-E10-K11-G120-S42-R50.npz,unknown,unknown,Orphan candidate means no mechanical link was recovered; it does not assert the artifact was unused.
GAP-E10-K11-G120-S42-R75,oof_only,component_family:gap,GAP-E10-K11-G120-S42-R75,no,linked_to_run_metric_id,artifacts/oof_GAP-E10-K11-G120-S42-R75.npz,unknown,unknown,Orphan candidate means no mechanical link was recovered; it does not assert the artifact was unused.
GAP-E10-K5-G030-S42,oof_only,component_family:gap,GAP-E10-K5-G030-S42,no,linked_to_run_metric_id,artifacts/oof_GAP-E10-K5-G030-S42.npz,unknown,unknown,Orphan candidate means no mechanical link was recovered; it does not assert the artifact was unused.
GAP-E10-K5-G030-S42-R100,oof_only,component_family:gap,GAP-E10-K5-G030-S42-R100,no,linked_to_run_metric_id,artifacts/oof_GAP-E10-K5-G030-S42-R100.npz,unknown,unknown,Orphan candidate means no mechanical link was recovered; it does not assert the artifact was unused.
GAP-E10-K5-G030-S42-R150,oof_only,component_family:gap,GAP-E10-K5-G030-S42-R150,no,linked_to_run_metric_id,artifacts/oof_GAP-E10-K5-G030-S42-R150.npz,unknown,unknown,Orphan candidate means no mechanical link was recovered; it does not assert the artifact was unused.
GAP-E10-K5-G030-S42-R200,oof_only,component_family:gap,GAP-E10-K5-G030-S42-R200,no,linked_to_run_metric_id,artifacts/oof_GAP-E10-K5-G030-S42-R200.npz,unknown,unknown,Orphan candidate means no mechanical link was recovered; it does not assert the artifact was unused.
GAP-E10-K5-G030-S42-R250,oof_only,component_family:gap,GAP-E10-K5-G030-S42-R250,no,linked_to_run_metric_id,artifacts/oof_GAP-E10-K5-G030-S42-R250.npz,unknown,unknown,Orphan candidate means no mechanical link was recovered; it does not assert the artifact was unused.
GAP-E10-K5-G030-S42-R300,oof_only,component_family:gap,GAP-E10-K5-G030-S42-R300,no,linked_to_run_metric_id,artifacts/oof_GAP-E10-K5-G030-S42-R300.npz,unknown,unknown,Orphan candidate means no mechanical link was recovered; it does not assert the artifact was unused.
GAP-E10-K5-G030-S42-R50,oof_only,component_family:gap,GAP-E10-K5-G030-S42-R50,no,linked_to_run_metric_id,artifacts/oof_GAP-E10-K5-G030-S42-R50.npz,unknown,unknown,Orphan candidate means no mechanical link was recovered; it does not assert the artifact was unused.
GAP-E10-K5-G030-S42-R75,oof_only,component_family:gap,GAP-E10-K5-G030-S42-R75,no,linked_to_run_metric_id,artifacts/oof_GAP-E10-K5-G030-S42-R75.npz,unknown,unknown,Orphan candidate means no mechanical link was recovered; it does not assert the artifact was unused.
GAP-E10-K5-G060-S42,oof_only,component_family:gap,GAP-E10-K5-G060-S42,no,linked_to_run_metric_id,artifacts/oof_GAP-E10-K5-G060-S42.npz,unknown,unknown,Orphan candidate means no mechanical link was recovered; it does not assert the artifact was unused.
GAP-E10-K5-G060-S42-R100,oof_only,component_family:gap,GAP-E10-K5-G060-S42-R100,no,linked_to_run_metric_id,artifacts/oof_GAP-E10-K5-G060-S42-R100.npz,unknown,unknown,Orphan candidate means no mechanical link was recovered; it does not assert the artifact was unused.
GAP-E10-K5-G060-S42-R150,oof_only,component_family:gap,GAP-E10-K5-G060-S42-R150,no,linked_to_run_metric_id,artifacts/oof_GAP-E10-K5-G060-S42-R150.npz,unknown,unknown,Orphan candidate means no mechanical link was recovered; it does not assert the artifact was unused.
GAP-E10-K5-G060-S42-R200,oof_only,component_family:gap,GAP-E10-K5-G060-S42-R200,no,linked_to_run_metric_id,artifacts/oof_GAP-E10-K5-G060-S42-R200.npz,unknown,unknown,Orphan candidate means no mechanical link was recovered; it does not assert the artifact was unused.
GAP-E10-K5-G060-S42-R250,oof_only,component_family:gap,GAP-E10-K5-G060-S42-R250,no,linked_to_run_metric_id,artifacts/oof_GAP-E10-K5-G060-S42-R250.npz,unknown,unknown,Orphan candidate means no mechanical link was recovered; it does not assert the artifact was unused.
GAP-E10-K5-G060-S42-R300,oof_only,component_family:gap,GAP-E10-K5-G060-S42-R300,no,linked_to_run_metric_id,artifacts/oof_GAP-E10-K5-G060-S42-R300.npz,unknown,unknown,Orphan candidate means no mechanical link was recovered; it does not assert the artifact was unused.
GAP-E10-K5-G060-S42-R50,oof_only,component_family:gap,GAP-E10-K5-G060-S42-R50,no,linked_to_run_metric_id,artifacts/oof_GAP-E10-K5-G060-S42-R50.npz,unknown,unknown,Orphan candidate means no mechanical link was recovered; it does not assert the artifact was unused.
GAP-E10-K5-G060-S42-R75,oof_only,component_family:gap,GAP-E10-K5-G060-S42-R75,no,linked_to_run_metric_id,artifacts/oof_GAP-E10-K5-G060-S42-R75.npz,unknown,unknown,Orphan candidate means no mechanical link was recovered; it does not assert the artifact was unused.
GAP-E10-K5-G090-S42,oof_only,component_family:gap,GAP-E10-K5-G090-S42,no,linked_to_run_metric_id,artifacts/oof_GAP-E10-K5-G090-S42.npz,unknown,unknown,Orphan candidate means no mechanical link was recovered; it does not assert the artifact was unused.
GAP-E10-K5-G090-S42-R100,oof_only,component_family:gap,GAP-E10-K5-G090-S42-R100,no,linked_to_run_metric_id,artifacts/oof_GAP-E10-K5-G090-S42-R100.npz,unknown,unknown,Orphan candidate means no mechanical link was recovered; it does not assert the artifact was unused.
GAP-E10-K5-G090-S42-R150,oof_only,component_family:gap,GAP-E10-K5-G090-S42-R150,no,linked_to_run_metric_id,artifacts/oof_GAP-E10-K5-G090-S42-R150.npz,unknown,unknown,Orphan candidate means no mechanical link was recovered; it does not assert the artifact was unused.
GAP-E10-K5-G090-S42-R200,oof_only,component_family:gap,GAP-E10-K5-G090-S42-R200,no,linked_to_run_metric_id,artifacts/oof_GAP-E10-K5-G090-S42-R200.npz,unknown,unknown,Orphan candidate means no mechanical link was recovered; it does not assert the artifact was unused.
GAP-E10-K5-G090-S42-R250,oof_only,component_family:gap,GAP-E10-K5-G090-S42-R250,no,linked_to_run_metric_id,artifacts/oof_GAP-E10-K5-G090-S42-R250.npz,unknown,unknown,Orphan candidate means no mechanical link was recovered; it does not assert the artifact was unused.
GAP-E10-K5-G090-S42-R300,oof_only,component_family:gap,GAP-E10-K5-G090-S42-R300,no,linked_to_run_metric_id,artifacts/oof_GAP-E10-K5-G090-S42-R300.npz,unknown,unknown,Orphan candidate means no mechanical link was recovered; it does not assert the artifact was unused.
GAP-E10-K5-G090-S42-R50,oof_only,component_family:gap,GAP-E10-K5-G090-S42-R50,no,linked_to_run_metric_id,artifacts/oof_GAP-E10-K5-G090-S42-R50.npz,unknown,unknown,Orphan candidate means no mechanical link was recovered; it does not assert the artifact was unused.
GAP-E10-K5-G090-S42-R75,oof_only,component_family:gap,GAP-E10-K5-G090-S42-R75,no,linked_to_run_metric_id,artifacts/oof_GAP-E10-K5-G090-S42-R75.npz,unknown,unknown,Orphan candidate means no mechanical link was recovered; it does not assert the artifact was unused.
GAP-E10-K5-G120-S42,oof_only,component_family:gap,GAP-E10-K5-G120-S42,no,linked_to_run_metric_id,artifacts/oof_GAP-E10-K5-G120-S42.npz,unknown,unknown,Orphan candidate means no mechanical link was recovered; it does not assert the artifact was unused.
GAP-E10-K5-G120-S42-R100,oof_only,component_family:gap,GAP-E10-K5-G120-S42-R100,no,linked_to_run_metric_id,artifacts/oof_GAP-E10-K5-G120-S42-R100.npz,unknown,unknown,Orphan candidate means no mechanical link was recovered; it does not assert the artifact was unused.
GAP-E10-K5-G120-S42-R150,oof_only,component_family:gap,GAP-E10-K5-G120-S42-R150,no,linked_to_run_metric_id,artifacts/oof_GAP-E10-K5-G120-S42-R150.npz,unknown,unknown,Orphan candidate means no mechanical link was recovered; it does not assert the artifact was unused.
GAP-E10-K5-G120-S42-R200,oof_only,component_family:gap,GAP-E10-K5-G120-S42-R200,no,linked_to_run_metric_id,artifacts/oof_GAP-E10-K5-G120-S42-R200.npz,unknown,unknown,Orphan candidate means no mechanical link was recovered; it does not assert the artifact was unused.
GAP-E10-K5-G120-S42-R250,oof_only,component_family:gap,GAP-E10-K5-G120-S42-R250,no,linked_to_run_metric_id,artifacts/oof_GAP-E10-K5-G120-S42-R250.npz,unknown,unknown,Orphan candidate means no mechanical link was recovered; it does not assert the artifact was unused.
GAP-E10-K5-G120-S42-R300,oof_only,component_family:gap,GAP-E10-K5-G120-S42-R300,no,linked_to_run_metric_id,artifacts/oof_GAP-E10-K5-G120-S42-R300.npz,unknown,unknown,Orphan candidate means no mechanical link was recovered; it does not assert the artifact was unused.
GAP-E10-K5-G120-S42-R50,oof_only,component_family:gap,GAP-E10-K5-G120-S42-R50,no,linked_to_run_metric_id,artifacts/oof_GAP-E10-K5-G120-S42-R50.npz,unknown,unknown,Orphan candidate means no mechanical link was recovered; it does not assert the artifact was unused.
GAP-E10-K5-G120-S42-R75,oof_only,component_family:gap,GAP-E10-K5-G120-S42-R75,no,linked_to_run_metric_id,artifacts/oof_GAP-E10-K5-G120-S42-R75.npz,unknown,unknown,Orphan candidate means no mechanical link was recovered; it does not assert the artifact was unused.
HOLIDAY-YOY-FAST,oof_and_test,team_a:exp_023,HOLIDAY-YOY-FAST,no,linked_by_artifact_path_association,artifacts/oof_HOLIDAY-YOY-FAST.npz,artifacts/ztest_HOLIDAY-YOY-FAST.npy,unknown,Orphan candidate means no mechanical link was recovered; it does not assert the artifact was unused.
L180_norm0_tb1,test_only,unknown,unknown,no,orphan_candidate,unknown,artifacts/ztest_L180_norm0_tb1.npy,unknown,Orphan candidate means no mechanical link was recovered; it does not assert the artifact was unused.
L90_norm0_tb1,test_only,unknown,unknown,no,orphan_candidate,unknown,artifacts/ztest_L90_norm0_tb1.npy,unknown,Orphan candidate means no mechanical link was recovered; it does not assert the artifact was unused.
LATE:model,model_only,team_a:exp_056,unknown,no,linked_by_artifact_path_association,unknown,unknown,artifacts/LATE_SSL_EXP056/arms/LATE/model.pt,Orphan candidate means no mechanical link was recovered; it does not assert the artifact was unused.
LATEST_DELTA_COMPAT_EXP066_A1:candidates,oof_only,team_a:exp_066,LATEST_DELTA_COMPAT_EXP066_A1,yes,linked_by_artifact_path_association,artifacts/LATEST_DELTA_COMPAT_EXP066_A1/oof_candidates.npz,unknown,unknown,Orphan candidate means no mechanical link was recovered; it does not assert the artifact was unused.
LNone_norm0_tb1,test_only,unknown,unknown,no,orphan_candidate,unknown,artifacts/ztest_LNone_norm0_tb1.npy,unknown,Orphan candidate means no mechanical link was recovered; it does not assert the artifact was unused.
MHZ-BASE,oof_only,component_family:mhz;team_a:exp_024,MHZ-BASE,yes,linked_by_artifact_path_association,artifacts/oof_MHZ-BASE.npz,unknown,unknown,Orphan candidate means no mechanical link was recovered; it does not assert the artifact was unused.
MHZ-BASE-V0904,oof_only,component_family:mhz;team_a:exp_024,unknown,no,linked_by_artifact_path_association,artifacts/oof_MHZ-BASE-V0904.npz,unknown,unknown,Orphan candidate means no mechanical link was recovered; it does not assert the artifact was unused.
MHZ-BASE-V0918,oof_only,component_family:mhz;team_a:exp_024,unknown,no,linked_by_artifact_path_association,artifacts/oof_MHZ-BASE-V0918.npz,unknown,unknown,Orphan candidate means no mechanical link was recovered; it does not assert the artifact was unused.
MHZ-BASE-V1002,oof_only,component_family:mhz;team_a:exp_024,unknown,no,linked_by_artifact_path_association,artifacts/oof_MHZ-BASE-V1002.npz,unknown,unknown,Orphan candidate means no mechanical link was recovered; it does not assert the artifact was unused.
MHZ-BASE-V1016,oof_only,component_family:mhz;team_a:exp_024,unknown,no,linked_by_artifact_path_association,artifacts/oof_MHZ-BASE-V1016.npz,unknown,unknown,Orphan candidate means no mechanical link was recovered; it does not assert the artifact was unused.
MHZ-FULL,oof_only,component_family:mhz;team_a:exp_024,MHZ-FULL,yes,linked_by_artifact_path_association,artifacts/oof_MHZ-FULL.npz,unknown,unknown,Orphan candidate means no mechanical link was recovered; it does not assert the artifact was unused.
MHZ-FULL-V0904,oof_only,component_family:mhz;team_a:exp_024,unknown,no,linked_by_artifact_path_association,artifacts/oof_MHZ-FULL-V0904.npz,unknown,unknown,Orphan candidate means no mechanical link was recovered; it does not assert the artifact was unused.
MHZ-FULL-V0918,oof_only,component_family:mhz;team_a:exp_024,unknown,no,linked_by_artifact_path_association,artifacts/oof_MHZ-FULL-V0918.npz,unknown,unknown,Orphan candidate means no mechanical link was recovered; it does not assert the artifact was unused.
MHZ-FULL-V1002,oof_only,component_family:mhz;team_a:exp_024,unknown,no,linked_by_artifact_path_association,artifacts/oof_MHZ-FULL-V1002.npz,unknown,unknown,Orphan candidate means no mechanical link was recovered; it does not assert the artifact was unused.
MHZ-FULL-V1016,oof_only,component_family:mhz;team_a:exp_024,unknown,no,linked_by_artifact_path_association,artifacts/oof_MHZ-FULL-V1016.npz,unknown,unknown,Orphan candidate means no mechanical link was recovered; it does not assert the artifact was unused.
MHZ-P30,oof_only,component_family:mhz;team_a:exp_024,MHZ-P30,yes,linked_by_artifact_path_association,artifacts/oof_MHZ-P30.npz,unknown,unknown,Orphan candidate means no mechanical link was recovered; it does not assert the artifact was unused.
MHZ-P30-V0904,oof_only,component_family:mhz;team_a:exp_024,unknown,no,linked_by_artifact_path_association,artifacts/oof_MHZ-P30-V0904.npz,unknown,unknown,Orphan candidate means no mechanical link was recovered; it does not assert the artifact was unused.
MHZ-P30-V0918,oof_only,component_family:mhz;team_a:exp_024,unknown,no,linked_by_artifact_path_association,artifacts/oof_MHZ-P30-V0918.npz,unknown,unknown,Orphan candidate means no mechanical link was recovered; it does not assert the artifact was unused.
MHZ-P30-V1002,oof_only,component_family:mhz;team_a:exp_024,unknown,no,linked_by_artifact_path_association,artifacts/oof_MHZ-P30-V1002.npz,unknown,unknown,Orphan candidate means no mechanical link was recovered; it does not assert the artifact was unused.
MHZ-P30-V1016,oof_only,component_family:mhz;team_a:exp_024,unknown,no,linked_by_artifact_path_association,artifacts/oof_MHZ-P30-V1016.npz,unknown,unknown,Orphan candidate means no mechanical link was recovered; it does not assert the artifact was unused.
MHZ-SELF,oof_only,component_family:mhz;team_a:exp_024,MHZ-SELF,yes,linked_by_artifact_path_association,artifacts/oof_MHZ-SELF.npz,unknown,unknown,Orphan candidate means no mechanical link was recovered; it does not assert the artifact was unused.
MHZ-SELF-V0904,oof_only,component_family:mhz;team_a:exp_024,unknown,no,linked_by_artifact_path_association,artifacts/oof_MHZ-SELF-V0904.npz,unknown,unknown,Orphan candidate means no mechanical link was recovered; it does not assert the artifact was unused.
MHZ-SELF-V0918,oof_only,component_family:mhz;team_a:exp_024,unknown,no,linked_by_artifact_path_association,artifacts/oof_MHZ-SELF-V0918.npz,unknown,unknown,Orphan candidate means no mechanical link was recovered; it does not assert the artifact was unused.
MHZ-SELF-V1002,oof_only,component_family:mhz;team_a:exp_024,unknown,no,linked_by_artifact_path_association,artifacts/oof_MHZ-SELF-V1002.npz,unknown,unknown,Orphan candidate means no mechanical link was recovered; it does not assert the artifact was unused.
MHZ-SELF-V1016,oof_only,component_family:mhz;team_a:exp_024,unknown,no,linked_by_artifact_path_association,artifacts/oof_MHZ-SELF-V1016.npz,unknown,unknown,Orphan candidate means no mechanical link was recovered; it does not assert the artifact was unused.
PT-FULL-AVG3,oof_only,component_family:pt,PT-FULL-AVG3,no,linked_to_run_metric_id,artifacts/oof_PT-FULL-AVG3.npz,unknown,unknown,Orphan candidate means no mechanical link was recovered; it does not assert the artifact was unused.
PT-FULL-S42,oof_only,component_family:pt,PT-FULL-S42,no,linked_to_run_metric_id,artifacts/oof_PT-FULL-S42.npz,unknown,unknown,Orphan candidate means no mechanical link was recovered; it does not assert the artifact was unused.
PT-FULL-S42-A,oof_only,component_family:pt,PT-FULL-S42-A,no,linked_to_run_metric_id,artifacts/oof_PT-FULL-S42-A.npz,unknown,unknown,Orphan candidate means no mechanical link was recovered; it does not assert the artifact was unused.
PT-FULL-S42-B,oof_only,component_family:pt,PT-FULL-S42-B,no,linked_to_run_metric_id,artifacts/oof_PT-FULL-S42-B.npz,unknown,unknown,Orphan candidate means no mechanical link was recovered; it does not assert the artifact was unused.
PT-FULL-S43,oof_only,component_family:pt,PT-FULL-S43,no,linked_to_run_metric_id,artifacts/oof_PT-FULL-S43.npz,unknown,unknown,Orphan candidate means no mechanical link was recovered; it does not assert the artifact was unused.
PT-FULL-S43-A,oof_only,component_family:pt,PT-FULL-S43-A,no,linked_to_run_metric_id,artifacts/oof_PT-FULL-S43-A.npz,unknown,unknown,Orphan candidate means no mechanical link was recovered; it does not assert the artifact was unused.
PT-FULL-S43-B,oof_only,component_family:pt,PT-FULL-S43-B,no,linked_to_run_metric_id,artifacts/oof_PT-FULL-S43-B.npz,unknown,unknown,Orphan candidate means no mechanical link was recovered; it does not assert the artifact was unused.
PT-FULL-S44,oof_only,component_family:pt,PT-FULL-S44,no,linked_to_run_metric_id,artifacts/oof_PT-FULL-S44.npz,unknown,unknown,Orphan candidate means no mechanical link was recovered; it does not assert the artifact was unused.
PT-FULL-S44-A,oof_only,component_family:pt,PT-FULL-S44-A,no,linked_to_run_metric_id,artifacts/oof_PT-FULL-S44-A.npz,unknown,unknown,Orphan candidate means no mechanical link was recovered; it does not assert the artifact was unused.
PT-FULL-S44-B,oof_only,component_family:pt,PT-FULL-S44-B,no,linked_to_run_metric_id,artifacts/oof_PT-FULL-S44-B.npz,unknown,unknown,Orphan candidate means no mechanical link was recovered; it does not assert the artifact was unused.
PT-OD-AVG3,oof_only,component_family:pt,PT-OD-AVG3,no,linked_to_run_metric_id,artifacts/oof_PT-OD-AVG3.npz,unknown,unknown,Orphan candidate means no mechanical link was recovered; it does not assert the artifact was unused.
PT-OD-S42,oof_only,component_family:pt,PT-OD-S42,no,linked_to_run_metric_id,artifacts/oof_PT-OD-S42.npz,unknown,unknown,Orphan candidate means no mechanical link was recovered; it does not assert the artifact was unused.
PT-OD-S42-A,oof_only,component_family:pt,PT-OD-S42-A,no,linked_to_run_metric_id,artifacts/oof_PT-OD-S42-A.npz,unknown,unknown,Orphan candidate means no mechanical link was recovered; it does not assert the artifact was unused.
PT-OD-S42-B,oof_only,component_family:pt,PT-OD-S42-B,no,linked_to_run_metric_id,artifacts/oof_PT-OD-S42-B.npz,unknown,unknown,Orphan candidate means no mechanical link was recovered; it does not assert the artifact was unused.
PT-OD-S43,oof_only,component_family:pt,PT-OD-S43,no,linked_to_run_metric_id,artifacts/oof_PT-OD-S43.npz,unknown,unknown,Orphan candidate means no mechanical link was recovered; it does not assert the artifact was unused.
PT-OD-S43-A,oof_only,component_family:pt,PT-OD-S43-A,no,linked_to_run_metric_id,artifacts/oof_PT-OD-S43-A.npz,unknown,unknown,Orphan candidate means no mechanical link was recovered; it does not assert the artifact was unused.
PT-OD-S43-B,oof_only,component_family:pt,PT-OD-S43-B,no,linked_to_run_metric_id,artifacts/oof_PT-OD-S43-B.npz,unknown,unknown,Orphan candidate means no mechanical link was recovered; it does not assert the artifact was unused.
PT-OD-S44,oof_only,component_family:pt,PT-OD-S44,no,linked_to_run_metric_id,artifacts/oof_PT-OD-S44.npz,unknown,unknown,Orphan candidate means no mechanical link was recovered; it does not assert the artifact was unused.
PT-OD-S44-A,oof_only,component_family:pt,PT-OD-S44-A,no,linked_to_run_metric_id,artifacts/oof_PT-OD-S44-A.npz,unknown,unknown,Orphan candidate means no mechanical link was recovered; it does not assert the artifact was unused.
PT-OD-S44-B,oof_only,component_family:pt,PT-OD-S44-B,no,linked_to_run_metric_id,artifacts/oof_PT-OD-S44-B.npz,unknown,unknown,Orphan candidate means no mechanical link was recovered; it does not assert the artifact was unused.
PT-SHUF-AVG3,oof_only,component_family:pt,PT-SHUF-AVG3,no,linked_to_run_metric_id,artifacts/oof_PT-SHUF-AVG3.npz,unknown,unknown,Orphan candidate means no mechanical link was recovered; it does not assert the artifact was unused.
PT-SHUF-S42,oof_only,component_family:pt,PT-SHUF-S42,no,linked_to_run_metric_id,artifacts/oof_PT-SHUF-S42.npz,unknown,unknown,Orphan candidate means no mechanical link was recovered; it does not assert the artifact was unused.
PT-SHUF-S42-A,oof_only,component_family:pt,PT-SHUF-S42-A,no,linked_to_run_metric_id,artifacts/oof_PT-SHUF-S42-A.npz,unknown,unknown,Orphan candidate means no mechanical link was recovered; it does not assert the artifact was unused.
PT-SHUF-S42-B,oof_only,component_family:pt,PT-SHUF-S42-B,no,linked_to_run_metric_id,artifacts/oof_PT-SHUF-S42-B.npz,unknown,unknown,Orphan candidate means no mechanical link was recovered; it does not assert the artifact was unused.
PT-SHUF-S43,oof_only,component_family:pt,PT-SHUF-S43,no,linked_to_run_metric_id,artifacts/oof_PT-SHUF-S43.npz,unknown,unknown,Orphan candidate means no mechanical link was recovered; it does not assert the artifact was unused.
PT-SHUF-S43-A,oof_only,component_family:pt,PT-SHUF-S43-A,no,linked_to_run_metric_id,artifacts/oof_PT-SHUF-S43-A.npz,unknown,unknown,Orphan candidate means no mechanical link was recovered; it does not assert the artifact was unused.
PT-SHUF-S43-B,oof_only,component_family:pt,PT-SHUF-S43-B,no,linked_to_run_metric_id,artifacts/oof_PT-SHUF-S43-B.npz,unknown,unknown,Orphan candidate means no mechanical link was recovered; it does not assert the artifact was unused.
PT-SHUF-S44,oof_only,component_family:pt,PT-SHUF-S44,no,linked_to_run_metric_id,artifacts/oof_PT-SHUF-S44.npz,unknown,unknown,Orphan candidate means no mechanical link was recovered; it does not assert the artifact was unused.
PT-SHUF-S44-A,oof_only,component_family:pt,PT-SHUF-S44-A,no,linked_to_run_metric_id,artifacts/oof_PT-SHUF-S44-A.npz,unknown,unknown,Orphan candidate means no mechanical link was recovered; it does not assert the artifact was unused.
PT-SHUF-S44-B,oof_only,component_family:pt,PT-SHUF-S44-B,no,linked_to_run_metric_id,artifacts/oof_PT-SHUF-S44-B.npz,unknown,unknown,Orphan candidate means no mechanical link was recovered; it does not assert the artifact was unused.
PT-SMOKE,oof_only,component_family:pt,PT-SMOKE,no,linked_to_run_metric_id,artifacts/oof_PT-SMOKE.npz,unknown,unknown,Orphan candidate means no mechanical link was recovered; it does not assert the artifact was unused.
RENEWAL-01,oof_and_test,independent_domain:exp_028;independent_renewal:exp_027,RENEWAL-01,yes,linked_by_artifact_path_association,linked_worktree/independent_domain/artifacts/source_renewal/oof_RENEWAL-01.npz;linked_worktree/independent_renewal/artifacts/oof_RENEWAL-01.npz,linked_worktree/independent_domain/artifacts/source_renewal/test_RENEWAL-01.npz;linked_worktree/independent_renewal/artifacts/test_RENEWAL-01.npz,unknown,Orphan candidate means no mechanical link was recovered; it does not assert the artifact was unused.
RENEWAL-01_20250904_s42,model_only,independent_domain:exp_028;independent_renewal:exp_027,RENEWAL-01,no,linked_by_artifact_path_association,unknown,unknown,linked_worktree/independent_domain/artifacts/source_renewal/model_RENEWAL-01_20250904_s42.txt;linked_worktree/independent_renewal/artifacts/model_RENEWAL-01_20250904_s42.txt,Orphan candidate means no mechanical link was recovered; it does not assert the artifact was unused.
RENEWAL-01_20250904_s43,model_only,independent_domain:exp_028;independent_renewal:exp_027,RENEWAL-01,no,linked_by_artifact_path_association,unknown,unknown,linked_worktree/independent_domain/artifacts/source_renewal/model_RENEWAL-01_20250904_s43.txt;linked_worktree/independent_renewal/artifacts/model_RENEWAL-01_20250904_s43.txt,Orphan candidate means no mechanical link was recovered; it does not assert the artifact was unused.
RENEWAL-01_20250904_s44,model_only,independent_domain:exp_028;independent_renewal:exp_027,RENEWAL-01,no,linked_by_artifact_path_association,unknown,unknown,linked_worktree/independent_domain/artifacts/source_renewal/model_RENEWAL-01_20250904_s44.txt;linked_worktree/independent_renewal/artifacts/model_RENEWAL-01_20250904_s44.txt,Orphan candidate means no mechanical link was recovered; it does not assert the artifact was unused.
RENEWAL-01_20250918_s42,model_only,independent_domain:exp_028;independent_renewal:exp_027,RENEWAL-01,no,linked_by_artifact_path_association,unknown,unknown,linked_worktree/independent_domain/artifacts/source_renewal/model_RENEWAL-01_20250918_s42.txt;linked_worktree/independent_renewal/artifacts/model_RENEWAL-01_20250918_s42.txt,Orphan candidate means no mechanical link was recovered; it does not assert the artifact was unused.
RENEWAL-01_20250918_s43,model_only,independent_domain:exp_028;independent_renewal:exp_027,RENEWAL-01,no,linked_by_artifact_path_association,unknown,unknown,linked_worktree/independent_domain/artifacts/source_renewal/model_RENEWAL-01_20250918_s43.txt;linked_worktree/independent_renewal/artifacts/model_RENEWAL-01_20250918_s43.txt,Orphan candidate means no mechanical link was recovered; it does not assert the artifact was unused.
RENEWAL-01_20250918_s44,model_only,independent_domain:exp_028;independent_renewal:exp_027,RENEWAL-01,no,linked_by_artifact_path_association,unknown,unknown,linked_worktree/independent_domain/artifacts/source_renewal/model_RENEWAL-01_20250918_s44.txt;linked_worktree/independent_renewal/artifacts/model_RENEWAL-01_20250918_s44.txt,Orphan candidate means no mechanical link was recovered; it does not assert the artifact was unused.
RENEWAL-01_20251002_s42,model_only,independent_domain:exp_028;independent_renewal:exp_027,RENEWAL-01,no,linked_by_artifact_path_association,unknown,unknown,linked_worktree/independent_domain/artifacts/source_renewal/model_RENEWAL-01_20251002_s42.txt;linked_worktree/independent_renewal/artifacts/model_RENEWAL-01_20251002_s42.txt,Orphan candidate means no mechanical link was recovered; it does not assert the artifact was unused.
RENEWAL-01_20251002_s43,model_only,independent_domain:exp_028;independent_renewal:exp_027,RENEWAL-01,no,linked_by_artifact_path_association,unknown,unknown,linked_worktree/independent_domain/artifacts/source_renewal/model_RENEWAL-01_20251002_s43.txt;linked_worktree/independent_renewal/artifacts/model_RENEWAL-01_20251002_s43.txt,Orphan candidate means no mechanical link was recovered; it does not assert the artifact was unused.
RENEWAL-01_20251002_s44,model_only,independent_domain:exp_028;independent_renewal:exp_027,RENEWAL-01,no,linked_by_artifact_path_association,unknown,unknown,linked_worktree/independent_domain/artifacts/source_renewal/model_RENEWAL-01_20251002_s44.txt;linked_worktree/independent_renewal/artifacts/model_RENEWAL-01_20251002_s44.txt,Orphan candidate means no mechanical link was recovered; it does not assert the artifact was unused.
RENEWAL-01_20251016_s42,model_only,independent_domain:exp_028;independent_renewal:exp_027,RENEWAL-01,no,linked_by_artifact_path_association,unknown,unknown,linked_worktree/independent_domain/artifacts/source_renewal/model_RENEWAL-01_20251016_s42.txt;linked_worktree/independent_renewal/artifacts/model_RENEWAL-01_20251016_s42.txt,Orphan candidate means no mechanical link was recovered; it does not assert the artifact was unused.
RENEWAL-01_20251016_s43,model_only,independent_domain:exp_028;independent_renewal:exp_027,RENEWAL-01,no,linked_by_artifact_path_association,unknown,unknown,linked_worktree/independent_domain/artifacts/source_renewal/model_RENEWAL-01_20251016_s43.txt;linked_worktree/independent_renewal/artifacts/model_RENEWAL-01_20251016_s43.txt,Orphan candidate means no mechanical link was recovered; it does not assert the artifact was unused.
RENEWAL-01_20251016_s44,model_only,independent_domain:exp_028;independent_renewal:exp_027,RENEWAL-01,no,linked_by_artifact_path_association,unknown,unknown,linked_worktree/independent_domain/artifacts/source_renewal/model_RENEWAL-01_20251016_s44.txt;linked_worktree/independent_renewal/artifacts/model_RENEWAL-01_20251016_s44.txt,Orphan candidate means no mechanical link was recovered; it does not assert the artifact was unused.
RENEWAL-01_TEST_s42,model_only,independent_domain:exp_028;independent_renewal:exp_027,RENEWAL-01,no,linked_by_artifact_path_association,unknown,unknown,linked_worktree/independent_domain/artifacts/source_renewal/model_RENEWAL-01_TEST_s42.txt;linked_worktree/independent_renewal/artifacts/model_RENEWAL-01_TEST_s42.txt,Orphan candidate means no mechanical link was recovered; it does not assert the artifact was unused.
RENEWAL-01_TEST_s43,model_only,independent_domain:exp_028;independent_renewal:exp_027,RENEWAL-01,no,linked_by_artifact_path_association,unknown,unknown,linked_worktree/independent_domain/artifacts/source_renewal/model_RENEWAL-01_TEST_s43.txt;linked_worktree/independent_renewal/artifacts/model_RENEWAL-01_TEST_s43.txt,Orphan candidate means no mechanical link was recovered; it does not assert the artifact was unused.
RENEWAL-01_TEST_s44,model_only,independent_domain:exp_028;independent_renewal:exp_027,RENEWAL-01,no,linked_by_artifact_path_association,unknown,unknown,linked_worktree/independent_domain/artifacts/source_renewal/model_RENEWAL-01_TEST_s44.txt;linked_worktree/independent_renewal/artifacts/model_RENEWAL-01_TEST_s44.txt,Orphan candidate means no mechanical link was recovered; it does not assert the artifact was unused.
RIDGE15,oof_and_test,component_family:ridge,RIDGE15,yes,linked_to_run_metric_id,artifacts/oof_RIDGE15.npz,artifacts/ztest_RIDGE15.npy,artifacts/model_RIDGE15.npz,Orphan candidate means no mechanical link was recovered; it does not assert the artifact was unused.
S04-A,oof_and_test,unknown,unknown,no,orphan_candidate,artifacts/oof_S04-A.npz,artifacts/ztest_S04-A.npy,unknown,Orphan candidate means no mechanical link was recovered; it does not assert the artifact was unused.
S04-B,oof_and_test,unknown,unknown,no,orphan_candidate,artifacts/oof_S04-B.npz,artifacts/ztest_S04-B.npy,unknown,Orphan candidate means no mechanical link was recovered; it does not assert the artifact was unused.
S04-C,oof_only,unknown,unknown,no,orphan_candidate,artifacts/oof_S04-C.npz,unknown,unknown,Orphan candidate means no mechanical link was recovered; it does not assert the artifact was unused.
S04_ptest_s42,test_only,unknown,unknown,no,orphan_candidate,unknown,artifacts/S04_ptest_s42.npy,unknown,Orphan candidate means no mechanical link was recovered; it does not assert the artifact was unused.
S1-B0,oof_only,unknown,unknown,yes,referenced_by_primary_report,artifacts/oof_S1-B0.npz,unknown,unknown,Orphan candidate means no mechanical link was recovered; it does not assert the artifact was unused.
S1-CAP,test_only,unknown,unknown,yes,referenced_by_primary_report,unknown,artifacts/ztest_S1-CAP.npy;пайплайн сокомандника/friend_original/submission_STRONGEST_CURRENT/artifacts/predictions/ztest_S1-CAP.npy,unknown,Orphan candidate means no mechanical link was recovered; it does not assert the artifact was unused.
S1-DIST,oof_and_test,unknown,S1-DIST,yes,linked_to_run_metric_id,artifacts/oof_S1-DIST.npz,artifacts/ztest_S1-DIST.npy;пайплайн сокомандника/friend_original/submission_STRONGEST_CURRENT/artifacts/predictions/ztest_S1-DIST.npy,unknown,Orphan candidate means no mechanical link was recovered; it does not assert the artifact was unused.
S1-DIST-A,oof_only,unknown,unknown,yes,referenced_by_primary_report,artifacts/oof_S1-DIST-A.npz,unknown,unknown,Orphan candidate means no mechanical link was recovered; it does not assert the artifact was unused.
S1-DIST-B,oof_only,unknown,unknown,yes,referenced_by_primary_report,artifacts/oof_S1-DIST-B.npz,unknown,unknown,Orphan candidate means no mechanical link was recovered; it does not assert the artifact was unused.
S1-DIST-F4,test_only,unknown,S1-DIST-F4,yes,linked_to_run_metric_id,unknown,artifacts/ztest_S1-DIST-F4.npy,unknown,Orphan candidate means no mechanical link was recovered; it does not assert the artifact was unused.
S1-E01,oof_only,unknown,S1-E01,yes,linked_to_run_metric_id,artifacts/oof_S1-E01.npz,unknown,unknown,Orphan candidate means no mechanical link was recovered; it does not assert the artifact was unused.
S1-E02,oof_only,unknown,S1-E02,yes,linked_to_run_metric_id,artifacts/oof_S1-E02.npz,unknown,unknown,Orphan candidate means no mechanical link was recovered; it does not assert the artifact was unused.
S1-E03a,oof_only,unknown,S1-E03a,yes,linked_to_run_metric_id,artifacts/oof_S1-E03a.npz,unknown,unknown,Orphan candidate means no mechanical link was recovered; it does not assert the artifact was unused.
S1-E03b,oof_only,unknown,S1-E03b,yes,linked_to_run_metric_id,artifacts/oof_S1-E03b.npz,unknown,unknown,Orphan candidate means no mechanical link was recovered; it does not assert the artifact was unused.
S1-E03c,oof_only,unknown,S1-E03c,yes,linked_to_run_metric_id,artifacts/oof_S1-E03c.npz,unknown,unknown,Orphan candidate means no mechanical link was recovered; it does not assert the artifact was unused.
S1-E04,oof_only,unknown,S1-E04,yes,linked_to_run_metric_id,artifacts/oof_S1-E04.npz,unknown,unknown,Orphan candidate means no mechanical link was recovered; it does not assert the artifact was unused.
S1-E10,oof_only,unknown,S1-E10,yes,linked_to_run_metric_id,artifacts/oof_S1-E10.npz,unknown,unknown,Orphan candidate means no mechanical link was recovered; it does not assert the artifact was unused.
S1-E11,oof_and_test,unknown,S1-E11,yes,linked_to_run_metric_id,artifacts/oof_S1-E11.npz,artifacts/ztest_S1-E11.npy,unknown,Orphan candidate means no mechanical link was recovered; it does not assert the artifact was unused.
S1-NORM,test_only,unknown,unknown,yes,referenced_by_primary_report,unknown,artifacts/ztest_S1-NORM.npy,unknown,Orphan candidate means no mechanical link was recovered; it does not assert the artifact was unused.
S1-ROUNDS,oof_only,unknown,S1-ROUNDS,yes,linked_to_run_metric_id,artifacts/oof_S1-ROUNDS.npz,unknown,unknown,Orphan candidate means no mechanical link was recovered; it does not assert the artifact was unused.
S1-ROUNDS-A,oof_only,unknown,S1-ROUNDS-A,yes,linked_to_run_metric_id,artifacts/oof_S1-ROUNDS-A.npz,unknown,unknown,Orphan candidate means no mechanical link was recovered; it does not assert the artifact was unused.
S1-ROUNDS-A-R1000,oof_only,unknown,S1-ROUNDS-A-R1000,no,linked_to_run_metric_id,artifacts/oof_S1-ROUNDS-A-R1000.npz,unknown,unknown,Orphan candidate means no mechanical link was recovered; it does not assert the artifact was unused.
S1-ROUNDS-A-R1200,oof_only,unknown,S1-ROUNDS-A-R1200,no,linked_to_run_metric_id,artifacts/oof_S1-ROUNDS-A-R1200.npz,unknown,unknown,Orphan candidate means no mechanical link was recovered; it does not assert the artifact was unused.
S1-ROUNDS-A-R1400,oof_only,unknown,S1-ROUNDS-A-R1400,no,linked_to_run_metric_id,artifacts/oof_S1-ROUNDS-A-R1400.npz,unknown,unknown,Orphan candidate means no mechanical link was recovered; it does not assert the artifact was unused.
S1-ROUNDS-A-R300,oof_only,unknown,S1-ROUNDS-A-R300,no,linked_to_run_metric_id,artifacts/oof_S1-ROUNDS-A-R300.npz,unknown,unknown,Orphan candidate means no mechanical link was recovered; it does not assert the artifact was unused.
S1-ROUNDS-A-R450,oof_only,unknown,S1-ROUNDS-A-R450,no,linked_to_run_metric_id,artifacts/oof_S1-ROUNDS-A-R450.npz,unknown,unknown,Orphan candidate means no mechanical link was recovered; it does not assert the artifact was unused.
S1-ROUNDS-A-R600,oof_only,unknown,S1-ROUNDS-A-R600,no,linked_to_run_metric_id,artifacts/oof_S1-ROUNDS-A-R600.npz,unknown,unknown,Orphan candidate means no mechanical link was recovered; it does not assert the artifact was unused.
S1-ROUNDS-A-R800,oof_only,unknown,S1-ROUNDS-A-R800,no,linked_to_run_metric_id,artifacts/oof_S1-ROUNDS-A-R800.npz,unknown,unknown,Orphan candidate means no mechanical link was recovered; it does not assert the artifact was unused.
S1-ROUNDS-B,oof_only,unknown,S1-ROUNDS-B,yes,linked_to_run_metric_id,artifacts/oof_S1-ROUNDS-B.npz,unknown,unknown,Orphan candidate means no mechanical link was recovered; it does not assert the artifact was unused.
S1-ROUNDS-B-R1000,oof_only,unknown,S1-ROUNDS-B-R1000,no,linked_to_run_metric_id,artifacts/oof_S1-ROUNDS-B-R1000.npz,unknown,unknown,Orphan candidate means no mechanical link was recovered; it does not assert the artifact was unused.
S1-ROUNDS-B-R1200,oof_only,unknown,S1-ROUNDS-B-R1200,no,linked_to_run_metric_id,artifacts/oof_S1-ROUNDS-B-R1200.npz,unknown,unknown,Orphan candidate means no mechanical link was recovered; it does not assert the artifact was unused.
S1-ROUNDS-B-R1400,oof_only,unknown,S1-ROUNDS-B-R1400,no,linked_to_run_metric_id,artifacts/oof_S1-ROUNDS-B-R1400.npz,unknown,unknown,Orphan candidate means no mechanical link was recovered; it does not assert the artifact was unused.
S1-ROUNDS-B-R300,oof_only,unknown,S1-ROUNDS-B-R300,no,linked_to_run_metric_id,artifacts/oof_S1-ROUNDS-B-R300.npz,unknown,unknown,Orphan candidate means no mechanical link was recovered; it does not assert the artifact was unused.
S1-ROUNDS-B-R450,oof_only,unknown,S1-ROUNDS-B-R450,no,linked_to_run_metric_id,artifacts/oof_S1-ROUNDS-B-R450.npz,unknown,unknown,Orphan candidate means no mechanical link was recovered; it does not assert the artifact was unused.
S1-ROUNDS-B-R600,oof_only,unknown,S1-ROUNDS-B-R600,no,linked_to_run_metric_id,artifacts/oof_S1-ROUNDS-B-R600.npz,unknown,unknown,Orphan candidate means no mechanical link was recovered; it does not assert the artifact was unused.
S1-ROUNDS-B-R800,oof_only,unknown,S1-ROUNDS-B-R800,no,linked_to_run_metric_id,artifacts/oof_S1-ROUNDS-B-R800.npz,unknown,unknown,Orphan candidate means no mechanical link was recovered; it does not assert the artifact was unused.
S1-ROUNDS-R100,oof_only,unknown,S1-ROUNDS-R100,no,linked_to_run_metric_id,artifacts/oof_S1-ROUNDS-R100.npz,unknown,unknown,Orphan candidate means no mechanical link was recovered; it does not assert the artifact was unused.
S1-ROUNDS-R1000,oof_only,unknown,S1-ROUNDS-R1000,no,linked_to_run_metric_id,artifacts/oof_S1-ROUNDS-R1000.npz,unknown,unknown,Orphan candidate means no mechanical link was recovered; it does not assert the artifact was unused.
S1-ROUNDS-R1200,oof_only,unknown,S1-ROUNDS-R1200,no,linked_to_run_metric_id,artifacts/oof_S1-ROUNDS-R1200.npz,unknown,unknown,Orphan candidate means no mechanical link was recovered; it does not assert the artifact was unused.
S1-ROUNDS-R125,oof_only,unknown,S1-ROUNDS-R125,no,linked_to_run_metric_id,artifacts/oof_S1-ROUNDS-R125.npz,unknown,unknown,Orphan candidate means no mechanical link was recovered; it does not assert the artifact was unused.
S1-ROUNDS-R1400,oof_only,unknown,S1-ROUNDS-R1400,no,linked_to_run_metric_id,artifacts/oof_S1-ROUNDS-R1400.npz,unknown,unknown,Orphan candidate means no mechanical link was recovered; it does not assert the artifact was unused.
S1-ROUNDS-R150,oof_only,unknown,S1-ROUNDS-R150,no,linked_to_run_metric_id,artifacts/oof_S1-ROUNDS-R150.npz,unknown,unknown,Orphan candidate means no mechanical link was recovered; it does not assert the artifact was unused.
S1-ROUNDS-R1600,oof_only,unknown,S1-ROUNDS-R1600,no,linked_to_run_metric_id,artifacts/oof_S1-ROUNDS-R1600.npz,unknown,unknown,Orphan candidate means no mechanical link was recovered; it does not assert the artifact was unused.
S1-ROUNDS-R200,oof_only,unknown,S1-ROUNDS-R200,no,linked_to_run_metric_id,artifacts/oof_S1-ROUNDS-R200.npz,unknown,unknown,Orphan candidate means no mechanical link was recovered; it does not assert the artifact was unused.
S1-ROUNDS-R25,oof_only,unknown,S1-ROUNDS-R25,no,linked_to_run_metric_id,artifacts/oof_S1-ROUNDS-R25.npz,unknown,unknown,Orphan candidate means no mechanical link was recovered; it does not assert the artifact was unused.
S1-ROUNDS-R250,oof_only,unknown,S1-ROUNDS-R250,no,linked_to_run_metric_id,artifacts/oof_S1-ROUNDS-R250.npz,unknown,unknown,Orphan candidate means no mechanical link was recovered; it does not assert the artifact was unused.
S1-ROUNDS-R300,oof_only,unknown,S1-ROUNDS-R300,yes,linked_to_run_metric_id,artifacts/oof_S1-ROUNDS-R300.npz,unknown,unknown,Orphan candidate means no mechanical link was recovered; it does not assert the artifact was unused.
S1-ROUNDS-R450,oof_only,unknown,S1-ROUNDS-R450,no,linked_to_run_metric_id,artifacts/oof_S1-ROUNDS-R450.npz,unknown,unknown,Orphan candidate means no mechanical link was recovered; it does not assert the artifact was unused.
S1-ROUNDS-R50,oof_only,unknown,S1-ROUNDS-R50,no,linked_to_run_metric_id,artifacts/oof_S1-ROUNDS-R50.npz,unknown,unknown,Orphan candidate means no mechanical link was recovered; it does not assert the artifact was unused.
S1-ROUNDS-R600,oof_only,unknown,S1-ROUNDS-R600,no,linked_to_run_metric_id,artifacts/oof_S1-ROUNDS-R600.npz,unknown,unknown,Orphan candidate means no mechanical link was recovered; it does not assert the artifact was unused.
S1-ROUNDS-R75,oof_only,unknown,S1-ROUNDS-R75,no,linked_to_run_metric_id,artifacts/oof_S1-ROUNDS-R75.npz,unknown,unknown,Orphan candidate means no mechanical link was recovered; it does not assert the artifact was unused.
S1-ROUNDS-R800,oof_only,unknown,S1-ROUNDS-R800,no,linked_to_run_metric_id,artifacts/oof_S1-ROUNDS-R800.npz,unknown,unknown,Orphan candidate means no mechanical link was recovered; it does not assert the artifact was unused.
S1-ROUNDSL-A,oof_only,unknown,S1-ROUNDSL-A,yes,linked_to_run_metric_id,artifacts/oof_S1-ROUNDSL-A.npz,unknown,unknown,Orphan candidate means no mechanical link was recovered; it does not assert the artifact was unused.
S1-ROUNDSL-A-R100,oof_only,unknown,S1-ROUNDSL-A-R100,no,linked_to_run_metric_id,artifacts/oof_S1-ROUNDSL-A-R100.npz,unknown,unknown,Orphan candidate means no mechanical link was recovered; it does not assert the artifact was unused.
S1-ROUNDSL-A-R125,oof_only,unknown,S1-ROUNDSL-A-R125,no,linked_to_run_metric_id,artifacts/oof_S1-ROUNDSL-A-R125.npz,unknown,unknown,Orphan candidate means no mechanical link was recovered; it does not assert the artifact was unused.
S1-ROUNDSL-A-R150,oof_only,unknown,S1-ROUNDSL-A-R150,no,linked_to_run_metric_id,artifacts/oof_S1-ROUNDSL-A-R150.npz,unknown,unknown,Orphan candidate means no mechanical link was recovered; it does not assert the artifact was unused.
S1-ROUNDSL-A-R200,oof_only,unknown,S1-ROUNDSL-A-R200,no,linked_to_run_metric_id,artifacts/oof_S1-ROUNDSL-A-R200.npz,unknown,unknown,Orphan candidate means no mechanical link was recovered; it does not assert the artifact was unused.
S1-ROUNDSL-A-R25,oof_only,unknown,S1-ROUNDSL-A-R25,no,linked_to_run_metric_id,artifacts/oof_S1-ROUNDSL-A-R25.npz,unknown,unknown,Orphan candidate means no mechanical link was recovered; it does not assert the artifact was unused.
S1-ROUNDSL-A-R250,oof_only,unknown,S1-ROUNDSL-A-R250,no,linked_to_run_metric_id,artifacts/oof_S1-ROUNDSL-A-R250.npz,unknown,unknown,Orphan candidate means no mechanical link was recovered; it does not assert the artifact was unused.
S1-ROUNDSL-A-R50,oof_only,unknown,S1-ROUNDSL-A-R50,no,linked_to_run_metric_id,artifacts/oof_S1-ROUNDSL-A-R50.npz,unknown,unknown,Orphan candidate means no mechanical link was recovered; it does not assert the artifact was unused.
S1-ROUNDSL-A-R75,oof_only,unknown,S1-ROUNDSL-A-R75,no,linked_to_run_metric_id,artifacts/oof_S1-ROUNDSL-A-R75.npz,unknown,unknown,Orphan candidate means no mechanical link was recovered; it does not assert the artifact was unused.
S1-ROUNDSL-B,oof_only,unknown,S1-ROUNDSL-B,yes,linked_to_run_metric_id,artifacts/oof_S1-ROUNDSL-B.npz,unknown,unknown,Orphan candidate means no mechanical link was recovered; it does not assert the artifact was unused.
S1-ROUNDSL-B-R100,oof_only,unknown,S1-ROUNDSL-B-R100,no,linked_to_run_metric_id,artifacts/oof_S1-ROUNDSL-B-R100.npz,unknown,unknown,Orphan candidate means no mechanical link was recovered; it does not assert the artifact was unused.
S1-ROUNDSL-B-R125,oof_only,unknown,S1-ROUNDSL-B-R125,no,linked_to_run_metric_id,artifacts/oof_S1-ROUNDSL-B-R125.npz,unknown,unknown,Orphan candidate means no mechanical link was recovered; it does not assert the artifact was unused.
S1-ROUNDSL-B-R150,oof_only,unknown,S1-ROUNDSL-B-R150,no,linked_to_run_metric_id,artifacts/oof_S1-ROUNDSL-B-R150.npz,unknown,unknown,Orphan candidate means no mechanical link was recovered; it does not assert the artifact was unused.
S1-ROUNDSL-B-R200,oof_only,unknown,S1-ROUNDSL-B-R200,no,linked_to_run_metric_id,artifacts/oof_S1-ROUNDSL-B-R200.npz,unknown,unknown,Orphan candidate means no mechanical link was recovered; it does not assert the artifact was unused.
S1-ROUNDSL-B-R25,oof_only,unknown,S1-ROUNDSL-B-R25,no,linked_to_run_metric_id,artifacts/oof_S1-ROUNDSL-B-R25.npz,unknown,unknown,Orphan candidate means no mechanical link was recovered; it does not assert the artifact was unused.
S1-ROUNDSL-B-R250,oof_only,unknown,S1-ROUNDSL-B-R250,no,linked_to_run_metric_id,artifacts/oof_S1-ROUNDSL-B-R250.npz,unknown,unknown,Orphan candidate means no mechanical link was recovered; it does not assert the artifact was unused.
S1-ROUNDSL-B-R50,oof_only,unknown,S1-ROUNDSL-B-R50,no,linked_to_run_metric_id,artifacts/oof_S1-ROUNDSL-B-R50.npz,unknown,unknown,Orphan candidate means no mechanical link was recovered; it does not assert the artifact was unused.
S1-ROUNDSL-B-R75,oof_only,unknown,S1-ROUNDSL-B-R75,no,linked_to_run_metric_id,artifacts/oof_S1-ROUNDSL-B-R75.npz,unknown,unknown,Orphan candidate means no mechanical link was recovered; it does not assert the artifact was unused.
S1-ROUNDSL-R300,oof_only,unknown,S1-ROUNDSL-R300,no,linked_to_run_metric_id,artifacts/oof_S1-ROUNDSL-R300.npz,unknown,unknown,Orphan candidate means no mechanical link was recovered; it does not assert the artifact was unused.
S1-SEED42,oof_only,unknown,S1-SEED42,yes,linked_to_run_metric_id,artifacts/oof_S1-SEED42.npz,unknown,unknown,Orphan candidate means no mechanical link was recovered; it does not assert the artifact was unused.
S1-SEED43,oof_only,unknown,S1-SEED43,yes,linked_to_run_metric_id,artifacts/oof_S1-SEED43.npz,unknown,unknown,Orphan candidate means no mechanical link was recovered; it does not assert the artifact was unused.
S1-SEED43-A,oof_only,unknown,S1-SEED43-A,no,linked_to_run_metric_id,artifacts/oof_S1-SEED43-A.npz,unknown,unknown,Orphan candidate means no mechanical link was recovered; it does not assert the artifact was unused.
S1-SEED43-B,oof_only,unknown,S1-SEED43-B,no,linked_to_run_metric_id,artifacts/oof_S1-SEED43-B.npz,unknown,unknown,Orphan candidate means no mechanical link was recovered; it does not assert the artifact was unused.
S1-SEED44,oof_only,unknown,S1-SEED44,yes,linked_to_run_metric_id,artifacts/oof_S1-SEED44.npz,unknown,unknown,Orphan candidate means no mechanical link was recovered; it does not assert the artifact was unused.
S1-SEED44-A,oof_only,unknown,S1-SEED44-A,no,linked_to_run_metric_id,artifacts/oof_S1-SEED44-A.npz,unknown,unknown,Orphan candidate means no mechanical link was recovered; it does not assert the artifact was unused.
S1-SEED44-B,oof_only,unknown,S1-SEED44-B,no,linked_to_run_metric_id,artifacts/oof_S1-SEED44-B.npz,unknown,unknown,Orphan candidate means no mechanical link was recovered; it does not assert the artifact was unused.
S1-SEED45,oof_only,unknown,S1-SEED45,yes,linked_to_run_metric_id,artifacts/oof_S1-SEED45.npz,unknown,unknown,Orphan candidate means no mechanical link was recovered; it does not assert the artifact was unused.
S1-SEED45-A,oof_only,unknown,S1-SEED45-A,no,linked_to_run_metric_id,artifacts/oof_S1-SEED45-A.npz,unknown,unknown,Orphan candidate means no mechanical link was recovered; it does not assert the artifact was unused.
S1-SEED45-B,oof_only,unknown,S1-SEED45-B,no,linked_to_run_metric_id,artifacts/oof_S1-SEED45-B.npz,unknown,unknown,Orphan candidate means no mechanical link was recovered; it does not assert the artifact was unused.
S1-SEED46,oof_only,unknown,S1-SEED46,yes,linked_to_run_metric_id,artifacts/oof_S1-SEED46.npz,unknown,unknown,Orphan candidate means no mechanical link was recovered; it does not assert the artifact was unused.
S1-SEED46-A,oof_only,unknown,S1-SEED46-A,no,linked_to_run_metric_id,artifacts/oof_S1-SEED46-A.npz,unknown,unknown,Orphan candidate means no mechanical link was recovered; it does not assert the artifact was unused.
S1-SEED46-B,oof_only,unknown,S1-SEED46-B,no,linked_to_run_metric_id,artifacts/oof_S1-SEED46-B.npz,unknown,unknown,Orphan candidate means no mechanical link was recovered; it does not assert the artifact was unused.
S1-SEEDAVG3,oof_only,unknown,S1-SEEDAVG3,yes,linked_to_run_metric_id,artifacts/oof_S1-SEEDAVG3.npz,unknown,unknown,Orphan candidate means no mechanical link was recovered; it does not assert the artifact was unused.
S1-SEEDAVG5,oof_only,unknown,S1-SEEDAVG5,yes,linked_to_run_metric_id,artifacts/oof_S1-SEEDAVG5.npz,unknown,unknown,Orphan candidate means no mechanical link was recovered; it does not assert the artifact was unused.
S1-UNC,test_only,unknown,unknown,yes,referenced_by_primary_report,unknown,artifacts/ztest_S1-UNC.npy;пайплайн сокомандника/friend_original/submission_STRONGEST_CURRENT/artifacts/predictions/ztest_S1-UNC.npy,unknown,Orphan candidate means no mechanical link was recovered; it does not assert the artifact was unused.
S2-STRUCT,test_only,team_a_s2:exp_012,unknown,no,linked_by_artifact_path_association,unknown,linked_worktree/team_a_s2/artifacts/ztest_S2-STRUCT.npy,unknown,Orphan candidate means no mechanical link was recovered; it does not assert the artifact was unused.
SAMPLE-BASELINE-B-AVG3-R300,oof_only,unknown,SAMPLE-BASELINE-B-AVG3-R300,no,linked_to_run_metric_id,artifacts/oof_SAMPLE-BASELINE-B-AVG3-R300.npz,unknown,unknown,Orphan candidate means no mechanical link was recovered; it does not assert the artifact was unused.
SAMPLE-DENSE-S3-F422-S42,oof_only,unknown,SAMPLE-DENSE-S3-F422-S42,no,linked_to_run_metric_id,artifacts/oof_SAMPLE-DENSE-S3-F422-S42.npz,unknown,unknown,Orphan candidate means no mechanical link was recovered; it does not assert the artifact was unused.
SAMPLE-DENSE-S3-F422-S42-R150,oof_only,unknown,SAMPLE-DENSE-S3-F422-S42-R150,no,linked_to_run_metric_id,artifacts/oof_SAMPLE-DENSE-S3-F422-S42-R150.npz,unknown,unknown,Orphan candidate means no mechanical link was recovered; it does not assert the artifact was unused.
SAMPLE-DENSE-S3-F422-S42-R200,oof_only,unknown,SAMPLE-DENSE-S3-F422-S42-R200,no,linked_to_run_metric_id,artifacts/oof_SAMPLE-DENSE-S3-F422-S42-R200.npz,unknown,unknown,Orphan candidate means no mechanical link was recovered; it does not assert the artifact was unused.
SAMPLE-DENSE-S3-F422-S42-R250,oof_only,unknown,SAMPLE-DENSE-S3-F422-S42-R250,no,linked_to_run_metric_id,artifacts/oof_SAMPLE-DENSE-S3-F422-S42-R250.npz,unknown,unknown,Orphan candidate means no mechanical link was recovered; it does not assert the artifact was unused.
SAMPLE-DENSE-S3-F422-S42-R300,oof_only,unknown,SAMPLE-DENSE-S3-F422-S42-R300,no,linked_to_run_metric_id,artifacts/oof_SAMPLE-DENSE-S3-F422-S42-R300.npz,unknown,unknown,Orphan candidate means no mechanical link was recovered; it does not assert the artifact was unused.
SAMPLE-DENSE-S3-F422-S42-R450,oof_only,unknown,SAMPLE-DENSE-S3-F422-S42-R450,no,linked_to_run_metric_id,artifacts/oof_SAMPLE-DENSE-S3-F422-S42-R450.npz,unknown,unknown,Orphan candidate means no mechanical link was recovered; it does not assert the artifact was unused.
SAMPLE-TB0-AVG3-R200,oof_only,unknown,SAMPLE-TB0-AVG3-R200,no,linked_to_run_metric_id,artifacts/oof_SAMPLE-TB0-AVG3-R200.npz,unknown,unknown,Orphan candidate means no mechanical link was recovered; it does not assert the artifact was unused.
SAMPLE-TB0-S42,oof_only,unknown,SAMPLE-TB0-S42,no,linked_to_run_metric_id,artifacts/oof_SAMPLE-TB0-S42.npz,unknown,unknown,Orphan candidate means no mechanical link was recovered; it does not assert the artifact was unused.
SAMPLE-TB0-S42-R150,oof_only,unknown,SAMPLE-TB0-S42-R150,no,linked_to_run_metric_id,artifacts/oof_SAMPLE-TB0-S42-R150.npz,unknown,unknown,Orphan candidate means no mechanical link was recovered; it does not assert the artifact was unused.
SAMPLE-TB0-S42-R200,oof_only,unknown,SAMPLE-TB0-S42-R200,no,linked_to_run_metric_id,artifacts/oof_SAMPLE-TB0-S42-R200.npz,unknown,unknown,Orphan candidate means no mechanical link was recovered; it does not assert the artifact was unused.
SAMPLE-TB0-S42-R250,oof_only,unknown,SAMPLE-TB0-S42-R250,no,linked_to_run_metric_id,artifacts/oof_SAMPLE-TB0-S42-R250.npz,unknown,unknown,Orphan candidate means no mechanical link was recovered; it does not assert the artifact was unused.
SAMPLE-TB0-S42-R300,oof_only,unknown,SAMPLE-TB0-S42-R300,no,linked_to_run_metric_id,artifacts/oof_SAMPLE-TB0-S42-R300.npz,unknown,unknown,Orphan candidate means no mechanical link was recovered; it does not assert the artifact was unused.
SAMPLE-TB0-S42-R450,oof_only,unknown,SAMPLE-TB0-S42-R450,no,linked_to_run_metric_id,artifacts/oof_SAMPLE-TB0-S42-R450.npz,unknown,unknown,Orphan candidate means no mechanical link was recovered; it does not assert the artifact was unused.
SAMPLE-TB0-S43,oof_only,unknown,SAMPLE-TB0-S43,no,linked_to_run_metric_id,artifacts/oof_SAMPLE-TB0-S43.npz,unknown,unknown,Orphan candidate means no mechanical link was recovered; it does not assert the artifact was unused.
SAMPLE-TB0-S43-R200,oof_only,unknown,SAMPLE-TB0-S43-R200,no,linked_to_run_metric_id,artifacts/oof_SAMPLE-TB0-S43-R200.npz,unknown,unknown,Orphan candidate means no mechanical link was recovered; it does not assert the artifact was unused.
SAMPLE-TB0-S44,oof_only,unknown,SAMPLE-TB0-S44,no,linked_to_run_metric_id,artifacts/oof_SAMPLE-TB0-S44.npz,unknown,unknown,Orphan candidate means no mechanical link was recovered; it does not assert the artifact was unused.
SAMPLE-TB0-S44-R200,oof_only,unknown,SAMPLE-TB0-S44-R200,no,linked_to_run_metric_id,artifacts/oof_SAMPLE-TB0-S44-R200.npz,unknown,unknown,Orphan candidate means no mechanical link was recovered; it does not assert the artifact was unused.
SAMPLE-TB1-AVG3-R300,oof_only,unknown,SAMPLE-TB1-AVG3-R300,no,linked_to_run_metric_id,artifacts/oof_SAMPLE-TB1-AVG3-R300.npz,unknown,unknown,Orphan candidate means no mechanical link was recovered; it does not assert the artifact was unused.
SEQ-01,test_only,component_family:seq;independent_anniversary:exp_058;team_a:exp_025,SEQ-01,yes,linked_by_artifact_path_association,unknown,artifacts/ztest_SEQ-01.npy;пайплайн сокомандника/friend_original/submission_STRONGEST_CURRENT/artifacts/predictions/ztest_SEQ-01.npy;linked_worktree/independent_anniversary/artifacts/ztest_SEQ-01.npy,unknown,Orphan candidate means no mechanical link was recovered; it does not assert the artifact was unused.
SEQ-01-FULL,test_only,component_family:seq;independent_anniversary:exp_058;team_a:exp_025,unknown,no,linked_by_artifact_path_association,unknown,artifacts/ztest_SEQ-01-FULL.npy;linked_worktree/independent_anniversary/artifacts/ztest_SEQ-01-FULL.npy,unknown,Orphan candidate means no mechanical link was recovered; it does not assert the artifact was unused.
SEQ-01-S42,oof_only,component_family:seq;team_a:exp_025,SEQ-01-S42,yes,linked_by_artifact_path_association,artifacts/oof_SEQ-01-S42.npz,unknown,unknown,Orphan candidate means no mechanical link was recovered; it does not assert the artifact was unused.
SEQ-01-S42-V0904,oof_only,component_family:seq;team_a:exp_025,SEQ-01-S42,no,linked_by_artifact_path_association,artifacts/oof_SEQ-01-S42-V0904.npz,unknown,unknown,Orphan candidate means no mechanical link was recovered; it does not assert the artifact was unused.
SEQ-01-S42-V0918,oof_only,component_family:seq;team_a:exp_025,SEQ-01-S42,no,linked_by_artifact_path_association,artifacts/oof_SEQ-01-S42-V0918.npz,unknown,unknown,Orphan candidate means no mechanical link was recovered; it does not assert the artifact was unused.
SEQ-01-S42-V1002,oof_only,component_family:seq;team_a:exp_025,SEQ-01-S42-V1002,no,linked_by_artifact_path_association,artifacts/oof_SEQ-01-S42-V1002.npz,unknown,unknown,Orphan candidate means no mechanical link was recovered; it does not assert the artifact was unused.
SEQ-01-S42-V1016,oof_only,component_family:seq;team_a:exp_025,SEQ-01-S42-V1016,no,linked_by_artifact_path_association,artifacts/oof_SEQ-01-S42-V1016.npz,unknown,unknown,Orphan candidate means no mechanical link was recovered; it does not assert the artifact was unused.
SEQ-01-S43,oof_only,component_family:seq;team_a:exp_025,SEQ-01-S43,yes,linked_by_artifact_path_association,artifacts/oof_SEQ-01-S43.npz,unknown,unknown,Orphan candidate means no mechanical link was recovered; it does not assert the artifact was unused.
SEQ-01-S43-V0904,oof_only,component_family:seq;team_a:exp_025,SEQ-01-S43-V0904,no,linked_by_artifact_path_association,artifacts/oof_SEQ-01-S43-V0904.npz,unknown,artifacts/model_SEQ-01-S43-V0904.pt,Orphan candidate means no mechanical link was recovered; it does not assert the artifact was unused.
SEQ-01-S43-V0918,oof_only,component_family:seq;team_a:exp_025,SEQ-01-S43-V0918,no,linked_by_artifact_path_association,artifacts/oof_SEQ-01-S43-V0918.npz,unknown,artifacts/model_SEQ-01-S43-V0918.pt,Orphan candidate means no mechanical link was recovered; it does not assert the artifact was unused.
SEQ-01-S43-V1002,oof_only,component_family:seq;team_a:exp_025,SEQ-01-S43-V1002,no,linked_by_artifact_path_association,artifacts/oof_SEQ-01-S43-V1002.npz,unknown,artifacts/model_SEQ-01-S43-V1002.pt,Orphan candidate means no mechanical link was recovered; it does not assert the artifact was unused.
SEQ-01-S43-V1016,oof_only,component_family:seq;team_a:exp_025,SEQ-01-S43-V1016,no,linked_by_artifact_path_association,artifacts/oof_SEQ-01-S43-V1016.npz,unknown,unknown,Orphan candidate means no mechanical link was recovered; it does not assert the artifact was unused.
SEQ-01-S44,oof_only,component_family:seq;team_a:exp_025,SEQ-01-S44,yes,linked_by_artifact_path_association,artifacts/oof_SEQ-01-S44.npz,unknown,unknown,Orphan candidate means no mechanical link was recovered; it does not assert the artifact was unused.
SEQ-01-S44-V0904,oof_only,component_family:seq;team_a:exp_025,SEQ-01-S44,no,linked_by_artifact_path_association,artifacts/oof_SEQ-01-S44-V0904.npz,unknown,artifacts/model_SEQ-01-S44-V0904.pt,Orphan candidate means no mechanical link was recovered; it does not assert the artifact was unused.
SEQ-01-S44-V0918,oof_only,component_family:seq;team_a:exp_025,SEQ-01-S44,no,linked_by_artifact_path_association,artifacts/oof_SEQ-01-S44-V0918.npz,unknown,artifacts/model_SEQ-01-S44-V0918.pt,Orphan candidate means no mechanical link was recovered; it does not assert the artifact was unused.
SEQ-01-S44-V1002,oof_only,component_family:seq;team_a:exp_025,SEQ-01-S44,no,linked_by_artifact_path_association,artifacts/oof_SEQ-01-S44-V1002.npz,unknown,artifacts/model_SEQ-01-S44-V1002.pt,Orphan candidate means no mechanical link was recovered; it does not assert the artifact was unused.
SEQ-01-S44-V1016,oof_only,component_family:seq;team_a:exp_025,SEQ-01-S44-V1016,no,linked_by_artifact_path_association,artifacts/oof_SEQ-01-S44-V1016.npz,unknown,artifacts/model_SEQ-01-S44-V1016.pt,Orphan candidate means no mechanical link was recovered; it does not assert the artifact was unused.
SEQ-01-TEST,model_only,independent_anniversary:exp_058,unknown,yes,linked_by_artifact_path_association,unknown,unknown,linked_worktree/independent_anniversary/artifacts/model_SEQ-01-TEST.pt,Orphan candidate means no mechanical link was recovered; it does not assert the artifact was unused.
SEQ-01C-S42-V0904,oof_only,component_family:seq;team_a:exp_025,unknown,no,linked_by_artifact_path_association,artifacts/oof_SEQ-01C-S42-V0904.npz,unknown,artifacts/model_SEQ-01C-S42-V0904.pt,Orphan candidate means no mechanical link was recovered; it does not assert the artifact was unused.
SEQ-03A-A25-S42-V1016,oof_only,component_family:seq;team_a:exp_025,SEQ-03A-A25-S42-V1016,no,linked_by_artifact_path_association,artifacts/oof_SEQ-03A-A25-S42-V1016.npz,unknown,artifacts/model_SEQ-03A-A25-S42-V1016.pt,Orphan candidate means no mechanical link was recovered; it does not assert the artifact was unused.
SEQ-03A-B-S42-V1016,oof_only,component_family:seq;team_a:exp_025,SEQ-03A-B-S42-V1016,no,linked_by_artifact_path_association,artifacts/oof_SEQ-03A-B-S42-V1016.npz,unknown,artifacts/model_SEQ-03A-B-S42-V1016.pt,Orphan candidate means no mechanical link was recovered; it does not assert the artifact was unused.
SEQ-03A-BASE-S42-V1016,oof_only,component_family:seq;team_a:exp_025,SEQ-03A-BASE-S42-V1016,yes,linked_by_artifact_path_association,artifacts/oof_SEQ-03A-BASE-S42-V1016.npz,unknown,artifacts/model_SEQ-03A-BASE-S42-V1016.pt,Orphan candidate means no mechanical link was recovered; it does not assert the artifact was unused.
SEQ-AVG2,oof_only,component_family:seq;team_a:exp_025,SEQ-AVG2,yes,linked_by_artifact_path_association,artifacts/oof_SEQ-AVG2.npz,unknown,unknown,Orphan candidate means no mechanical link was recovered; it does not assert the artifact was unused.
SEQ-AVG2-V0904,oof_only,component_family:seq;team_a:exp_025,unknown,no,linked_by_artifact_path_association,artifacts/oof_SEQ-AVG2-V0904.npz,unknown,unknown,Orphan candidate means no mechanical link was recovered; it does not assert the artifact was unused.
SEQ-AVG2-V0918,oof_only,component_family:seq;team_a:exp_025,unknown,no,linked_by_artifact_path_association,artifacts/oof_SEQ-AVG2-V0918.npz,unknown,unknown,Orphan candidate means no mechanical link was recovered; it does not assert the artifact was unused.
SEQ-AVG2-V1002,oof_only,component_family:seq;team_a:exp_025,unknown,no,linked_by_artifact_path_association,artifacts/oof_SEQ-AVG2-V1002.npz,unknown,unknown,Orphan candidate means no mechanical link was recovered; it does not assert the artifact was unused.
SEQ-AVG2-V1016,oof_only,component_family:seq;team_a:exp_025,unknown,no,linked_by_artifact_path_association,artifacts/oof_SEQ-AVG2-V1016.npz,unknown,unknown,Orphan candidate means no mechanical link was recovered; it does not assert the artifact was unused.
SEQ-AVG3,oof_only,component_family:seq;team_a:exp_025,SEQ-AVG3,yes,linked_by_artifact_path_association,artifacts/oof_SEQ-AVG3.npz,unknown,unknown,Orphan candidate means no mechanical link was recovered; it does not assert the artifact was unused.
SEQ-AVG3-V0904,oof_only,component_family:seq;team_a:exp_025,unknown,no,linked_by_artifact_path_association,artifacts/oof_SEQ-AVG3-V0904.npz,unknown,unknown,Orphan candidate means no mechanical link was recovered; it does not assert the artifact was unused.
SEQ-AVG3-V0918,oof_only,component_family:seq;team_a:exp_025,unknown,no,linked_by_artifact_path_association,artifacts/oof_SEQ-AVG3-V0918.npz,unknown,unknown,Orphan candidate means no mechanical link was recovered; it does not assert the artifact was unused.
SEQ-AVG3-V1002,oof_only,component_family:seq;team_a:exp_025,unknown,no,linked_by_artifact_path_association,artifacts/oof_SEQ-AVG3-V1002.npz,unknown,unknown,Orphan candidate means no mechanical link was recovered; it does not assert the artifact was unused.
SEQ-AVG3-V1016,oof_only,component_family:seq;team_a:exp_025,unknown,no,linked_by_artifact_path_association,artifacts/oof_SEQ-AVG3-V1016.npz,unknown,unknown,Orphan candidate means no mechanical link was recovered; it does not assert the artifact was unused.
SEQ-C289-S43,test_only,component_family:seq;team_a:exp_025,unknown,yes,linked_by_artifact_path_association,unknown,artifacts/ztest_SEQ-C289-S43.npy;пайплайн сокомандника/friend_original/submission_STRONGEST_CURRENT/artifacts/predictions/ztest_SEQ-C289-S43.npy,unknown,Orphan candidate means no mechanical link was recovered; it does not assert the artifact was unused.
SEQ-C289-S43-FULL,test_only,component_family:seq;team_a:exp_025,unknown,no,linked_by_artifact_path_association,unknown,artifacts/ztest_SEQ-C289-S43-FULL.npy,unknown,Orphan candidate means no mechanical link was recovered; it does not assert the artifact was unused.
SEQ-C289-S43-TEST,model_only,component_family:seq;team_a:exp_025,unknown,no,linked_by_artifact_path_association,unknown,unknown,artifacts/model_SEQ-C289-S43-TEST.pt;пайплайн сокомандника/friend_original/submission_STRONGEST_CURRENT/artifacts/models/model_SEQ-C289-S43-TEST.pt,Orphan candidate means no mechanical link was recovered; it does not assert the artifact was unused.
SEQ-C289-S44,test_only,component_family:seq;team_a:exp_025,unknown,yes,linked_by_artifact_path_association,unknown,artifacts/ztest_SEQ-C289-S44.npy;пайплайн сокомандника/friend_original/submission_STRONGEST_CURRENT/artifacts/predictions/ztest_SEQ-C289-S44.npy,unknown,Orphan candidate means no mechanical link was recovered; it does not assert the artifact was unused.
SEQ-C289-S44-FULL,test_only,component_family:seq;team_a:exp_025,unknown,no,linked_by_artifact_path_association,unknown,artifacts/ztest_SEQ-C289-S44-FULL.npy,unknown,Orphan candidate means no mechanical link was recovered; it does not assert the artifact was unused.
SEQ-C289-S44-TEST,model_only,component_family:seq;team_a:exp_025,unknown,no,linked_by_artifact_path_association,unknown,unknown,artifacts/model_SEQ-C289-S44-TEST.pt;пайплайн сокомандника/friend_original/submission_STRONGEST_CURRENT/artifacts/models/model_SEQ-C289-S44-TEST.pt,Orphan candidate means no mechanical link was recovered; it does not assert the artifact was unused.
SEQ-D3A-AVG3,oof_only,component_family:seq;team_a:exp_025,SEQ-D3A-AVG3,yes,linked_by_artifact_path_association,artifacts/oof_SEQ-D3A-AVG3.npz,unknown,unknown,Orphan candidate means no mechanical link was recovered; it does not assert the artifact was unused.
SEQ-D3A-AVG3-V0904,oof_only,component_family:seq;team_a:exp_025,SEQ-D3A-AVG3,no,linked_by_artifact_path_association,artifacts/oof_SEQ-D3A-AVG3-V0904.npz,unknown,unknown,Orphan candidate means no mechanical link was recovered; it does not assert the artifact was unused.
SEQ-D3A-AVG3-V0918,oof_only,component_family:seq;team_a:exp_025,SEQ-D3A-AVG3,no,linked_by_artifact_path_association,artifacts/oof_SEQ-D3A-AVG3-V0918.npz,unknown,unknown,Orphan candidate means no mechanical link was recovered; it does not assert the artifact was unused.
SEQ-D3A-AVG3-V1002,oof_only,component_family:seq;team_a:exp_025,SEQ-D3A-AVG3,no,linked_by_artifact_path_association,artifacts/oof_SEQ-D3A-AVG3-V1002.npz,unknown,unknown,Orphan candidate means no mechanical link was recovered; it does not assert the artifact was unused.
SEQ-D3A-AVG3-V1016,oof_only,component_family:seq;team_a:exp_025,SEQ-D3A-AVG3,no,linked_by_artifact_path_association,artifacts/oof_SEQ-D3A-AVG3-V1016.npz,unknown,unknown,Orphan candidate means no mechanical link was recovered; it does not assert the artifact was unused.
SEQ-D3A-BASE-AVG3,oof_only,component_family:seq;team_a:exp_025,SEQ-D3A-BASE-AVG3,yes,linked_by_artifact_path_association,artifacts/oof_SEQ-D3A-BASE-AVG3.npz,unknown,unknown,Orphan candidate means no mechanical link was recovered; it does not assert the artifact was unused.
SEQ-D3A-BASE-AVG3-V0904,oof_only,component_family:seq;team_a:exp_025,SEQ-D3A-BASE-AVG3,no,linked_by_artifact_path_association,artifacts/oof_SEQ-D3A-BASE-AVG3-V0904.npz,unknown,unknown,Orphan candidate means no mechanical link was recovered; it does not assert the artifact was unused.
SEQ-D3A-BASE-AVG3-V0918,oof_only,component_family:seq;team_a:exp_025,SEQ-D3A-BASE-AVG3,no,linked_by_artifact_path_association,artifacts/oof_SEQ-D3A-BASE-AVG3-V0918.npz,unknown,unknown,Orphan candidate means no mechanical link was recovered; it does not assert the artifact was unused.
SEQ-D3A-BASE-AVG3-V1002,oof_only,component_family:seq;team_a:exp_025,SEQ-D3A-BASE-AVG3,no,linked_by_artifact_path_association,artifacts/oof_SEQ-D3A-BASE-AVG3-V1002.npz,unknown,unknown,Orphan candidate means no mechanical link was recovered; it does not assert the artifact was unused.
SEQ-D3A-BASE-AVG3-V1016,oof_only,component_family:seq;team_a:exp_025,SEQ-D3A-BASE-AVG3,no,linked_by_artifact_path_association,artifacts/oof_SEQ-D3A-BASE-AVG3-V1016.npz,unknown,unknown,Orphan candidate means no mechanical link was recovered; it does not assert the artifact was unused.
SEQ-D3A-BASE-S42,oof_only,component_family:seq;team_a:exp_025,SEQ-D3A-BASE-S42,yes,linked_by_artifact_path_association,artifacts/oof_SEQ-D3A-BASE-S42.npz,unknown,unknown,Orphan candidate means no mechanical link was recovered; it does not assert the artifact was unused.
SEQ-D3A-BASE-S42-V0904,oof_only,component_family:seq;team_a:exp_025,SEQ-D3A-BASE-S42-V0904,yes,linked_by_artifact_path_association,artifacts/oof_SEQ-D3A-BASE-S42-V0904.npz,unknown,artifacts/model_SEQ-D3A-BASE-S42-V0904.pt,Orphan candidate means no mechanical link was recovered; it does not assert the artifact was unused.
SEQ-D3A-BASE-S42-V0918,oof_only,component_family:seq;team_a:exp_025,SEQ-D3A-BASE-S42-V0918,yes,linked_by_artifact_path_association,artifacts/oof_SEQ-D3A-BASE-S42-V0918.npz,unknown,artifacts/model_SEQ-D3A-BASE-S42-V0918.pt,Orphan candidate means no mechanical link was recovered; it does not assert the artifact was unused.
SEQ-D3A-BASE-S42-V1002,oof_only,component_family:seq;team_a:exp_025,SEQ-D3A-BASE-S42-V1002,yes,linked_by_artifact_path_association,artifacts/oof_SEQ-D3A-BASE-S42-V1002.npz,unknown,artifacts/model_SEQ-D3A-BASE-S42-V1002.pt,Orphan candidate means no mechanical link was recovered; it does not assert the artifact was unused.
SEQ-D3A-BASE-S42-V1016,oof_only,component_family:seq;team_a:exp_025,SEQ-D3A-BASE-S42-V1016,yes,linked_by_artifact_path_association,artifacts/oof_SEQ-D3A-BASE-S42-V1016.npz,unknown,artifacts/model_SEQ-D3A-BASE-S42-V1016.pt,Orphan candidate means no mechanical link was recovered; it does not assert the artifact was unused.
SEQ-D3A-BASE-S43-V0918,oof_only,component_family:seq;team_a:exp_025,SEQ-D3A-BASE-S43-V0918,no,linked_by_artifact_path_association,artifacts/oof_SEQ-D3A-BASE-S43-V0918.npz,unknown,artifacts/model_SEQ-D3A-BASE-S43-V0918.pt,Orphan candidate means no mechanical link was recovered; it does not assert the artifact was unused.
SEQ-D3A-G1-BASE-S43,oof_only,component_family:seq;team_a:exp_025,SEQ-D3A-G1-BASE-S43-V0904,yes,linked_by_artifact_path_association,artifacts/oof_SEQ-D3A-G1-BASE-S43.npz,unknown,unknown,Orphan candidate means no mechanical link was recovered; it does not assert the artifact was unused.
SEQ-D3A-G1-BASE-S43-V0904,oof_only,component_family:seq;team_a:exp_025,SEQ-D3A-G1-BASE-S43-V0904,no,linked_by_artifact_path_association,artifacts/oof_SEQ-D3A-G1-BASE-S43-V0904.npz,unknown,artifacts/model_SEQ-D3A-G1-BASE-S43-V0904.pt,Orphan candidate means no mechanical link was recovered; it does not assert the artifact was unused.
SEQ-D3A-G1-BASE-S43-V0918,oof_only,component_family:seq;team_a:exp_025,SEQ-D3A-G1-BASE-S43-V0918,no,linked_by_artifact_path_association,artifacts/oof_SEQ-D3A-G1-BASE-S43-V0918.npz,unknown,artifacts/model_SEQ-D3A-G1-BASE-S43-V0918.pt,Orphan candidate means no mechanical link was recovered; it does not assert the artifact was unused.
SEQ-D3A-G1-BASE-S43-V1002,oof_only,component_family:seq;team_a:exp_025,SEQ-D3A-G1-BASE-S43-V1002,no,linked_by_artifact_path_association,artifacts/oof_SEQ-D3A-G1-BASE-S43-V1002.npz,unknown,artifacts/model_SEQ-D3A-G1-BASE-S43-V1002.pt,Orphan candidate means no mechanical link was recovered; it does not assert the artifact was unused.
SEQ-D3A-G1-BASE-S43-V1016,oof_only,component_family:seq;team_a:exp_025,SEQ-D3A-G1-BASE-S43-V1016,no,linked_by_artifact_path_association,artifacts/oof_SEQ-D3A-G1-BASE-S43-V1016.npz,unknown,artifacts/model_SEQ-D3A-G1-BASE-S43-V1016.pt,Orphan candidate means no mechanical link was recovered; it does not assert the artifact was unused.
SEQ-D3A-G1-S43,oof_only,component_family:seq;team_a:exp_025,SEQ-D3A-G1-S43,yes,linked_by_artifact_path_association,artifacts/oof_SEQ-D3A-G1-S43.npz,unknown,unknown,Orphan candidate means no mechanical link was recovered; it does not assert the artifact was unused.
SEQ-D3A-G1-S43-V0904,oof_only,component_family:seq;team_a:exp_025,SEQ-D3A-G1-S43-V0904,no,linked_by_artifact_path_association,artifacts/oof_SEQ-D3A-G1-S43-V0904.npz,unknown,artifacts/model_SEQ-D3A-G1-S43-V0904.pt,Orphan candidate means no mechanical link was recovered; it does not assert the artifact was unused.
SEQ-D3A-G1-S43-V0918,oof_only,component_family:seq;team_a:exp_025,SEQ-D3A-G1-S43-V0918,no,linked_by_artifact_path_association,artifacts/oof_SEQ-D3A-G1-S43-V0918.npz,unknown,artifacts/model_SEQ-D3A-G1-S43-V0918.pt,Orphan candidate means no mechanical link was recovered; it does not assert the artifact was unused.
SEQ-D3A-G1-S43-V1002,oof_only,component_family:seq;team_a:exp_025,SEQ-D3A-G1-S43-V1002,no,linked_by_artifact_path_association,artifacts/oof_SEQ-D3A-G1-S43-V1002.npz,unknown,artifacts/model_SEQ-D3A-G1-S43-V1002.pt,Orphan candidate means no mechanical link was recovered; it does not assert the artifact was unused.
SEQ-D3A-G1-S43-V1016,oof_only,component_family:seq;team_a:exp_025,SEQ-D3A-G1-S43-V1016,no,linked_by_artifact_path_association,artifacts/oof_SEQ-D3A-G1-S43-V1016.npz,unknown,artifacts/model_SEQ-D3A-G1-S43-V1016.pt,Orphan candidate means no mechanical link was recovered; it does not assert the artifact was unused.
SEQ-D3A-G2-BASE-S44,oof_only,component_family:seq;team_a:exp_025,SEQ-D3A-G2-BASE-S44-V0904,yes,linked_by_artifact_path_association,artifacts/oof_SEQ-D3A-G2-BASE-S44.npz,unknown,unknown,Orphan candidate means no mechanical link was recovered; it does not assert the artifact was unused.
SEQ-D3A-G2-BASE-S44-V0904,oof_only,component_family:seq;team_a:exp_025,SEQ-D3A-G2-BASE-S44-V0904,no,linked_by_artifact_path_association,artifacts/oof_SEQ-D3A-G2-BASE-S44-V0904.npz,unknown,artifacts/model_SEQ-D3A-G2-BASE-S44-V0904.pt,Orphan candidate means no mechanical link was recovered; it does not assert the artifact was unused.
SEQ-D3A-G2-BASE-S44-V0918,oof_only,component_family:seq;team_a:exp_025,SEQ-D3A-G2-BASE-S44-V0918,no,linked_by_artifact_path_association,artifacts/oof_SEQ-D3A-G2-BASE-S44-V0918.npz,unknown,artifacts/model_SEQ-D3A-G2-BASE-S44-V0918.pt,Orphan candidate means no mechanical link was recovered; it does not assert the artifact was unused.
SEQ-D3A-G2-BASE-S44-V1002,oof_only,component_family:seq;team_a:exp_025,SEQ-D3A-G2-BASE-S44-V1002,no,linked_by_artifact_path_association,artifacts/oof_SEQ-D3A-G2-BASE-S44-V1002.npz,unknown,artifacts/model_SEQ-D3A-G2-BASE-S44-V1002.pt,Orphan candidate means no mechanical link was recovered; it does not assert the artifact was unused.
SEQ-D3A-G2-BASE-S44-V1016,oof_only,component_family:seq;team_a:exp_025,SEQ-D3A-G2-BASE-S44-V1016,no,linked_by_artifact_path_association,artifacts/oof_SEQ-D3A-G2-BASE-S44-V1016.npz,unknown,artifacts/model_SEQ-D3A-G2-BASE-S44-V1016.pt,Orphan candidate means no mechanical link was recovered; it does not assert the artifact was unused.
SEQ-D3A-G2-S44,oof_only,component_family:seq;team_a:exp_025,SEQ-D3A-G2-S44,yes,linked_by_artifact_path_association,artifacts/oof_SEQ-D3A-G2-S44.npz,unknown,unknown,Orphan candidate means no mechanical link was recovered; it does not assert the artifact was unused.
SEQ-D3A-G2-S44-V0904,oof_only,component_family:seq;team_a:exp_025,SEQ-D3A-G2-S44-V0904,no,linked_by_artifact_path_association,artifacts/oof_SEQ-D3A-G2-S44-V0904.npz,unknown,artifacts/model_SEQ-D3A-G2-S44-V0904.pt,Orphan candidate means no mechanical link was recovered; it does not assert the artifact was unused.
SEQ-D3A-G2-S44-V0918,oof_only,component_family:seq;team_a:exp_025,SEQ-D3A-G2-S44-V0918,no,linked_by_artifact_path_association,artifacts/oof_SEQ-D3A-G2-S44-V0918.npz,unknown,artifacts/model_SEQ-D3A-G2-S44-V0918.pt,Orphan candidate means no mechanical link was recovered; it does not assert the artifact was unused.
SEQ-D3A-G2-S44-V1002,oof_only,component_family:seq;team_a:exp_025,SEQ-D3A-G2-S44-V1002,no,linked_by_artifact_path_association,artifacts/oof_SEQ-D3A-G2-S44-V1002.npz,unknown,artifacts/model_SEQ-D3A-G2-S44-V1002.pt,Orphan candidate means no mechanical link was recovered; it does not assert the artifact was unused.
SEQ-D3A-G2-S44-V1016,oof_only,component_family:seq;team_a:exp_025,SEQ-D3A-G2-S44-V1016,no,linked_by_artifact_path_association,artifacts/oof_SEQ-D3A-G2-S44-V1016.npz,unknown,artifacts/model_SEQ-D3A-G2-S44-V1016.pt,Orphan candidate means no mechanical link was recovered; it does not assert the artifact was unused.
SEQ-D3A-S42,oof_only,component_family:seq;team_a:exp_025,SEQ-D3A-S42,yes,linked_by_artifact_path_association,artifacts/oof_SEQ-D3A-S42.npz,unknown,unknown,Orphan candidate means no mechanical link was recovered; it does not assert the artifact was unused.
SEQ-D3A-S42-V0904,oof_only,component_family:seq;team_a:exp_025,SEQ-D3A-S42-V0904,no,linked_by_artifact_path_association,artifacts/oof_SEQ-D3A-S42-V0904.npz,unknown,artifacts/model_SEQ-D3A-S42-V0904.pt,Orphan candidate means no mechanical link was recovered; it does not assert the artifact was unused.
SEQ-D3A-S42-V0918,oof_only,component_family:seq;team_a:exp_025,SEQ-D3A-S42-V0918,no,linked_by_artifact_path_association,artifacts/oof_SEQ-D3A-S42-V0918.npz,unknown,artifacts/model_SEQ-D3A-S42-V0918.pt,Orphan candidate means no mechanical link was recovered; it does not assert the artifact was unused.
SEQ-D3A-S42-V1002,oof_only,component_family:seq;team_a:exp_025,SEQ-D3A-S42-V1002,no,linked_by_artifact_path_association,artifacts/oof_SEQ-D3A-S42-V1002.npz,unknown,artifacts/model_SEQ-D3A-S42-V1002.pt,Orphan candidate means no mechanical link was recovered; it does not assert the artifact was unused.
SEQ-D3A-S42-V1016,oof_only,component_family:seq;team_a:exp_025,SEQ-D3A-S42-V1016,yes,linked_by_artifact_path_association,artifacts/oof_SEQ-D3A-S42-V1016.npz,unknown,artifacts/model_SEQ-D3A-S42-V1016.pt,Orphan candidate means no mechanical link was recovered; it does not assert the artifact was unused.
SEQ-D3A-S43-V0918,oof_only,component_family:seq;team_a:exp_025,SEQ-D3A-S43-V0918,no,linked_by_artifact_path_association,artifacts/oof_SEQ-D3A-S43-V0918.npz,unknown,artifacts/model_SEQ-D3A-S43-V0918.pt,Orphan candidate means no mechanical link was recovered; it does not assert the artifact was unused.
SEQ-S43-FULL,test_only,component_family:seq;team_a:exp_025,unknown,no,linked_by_artifact_path_association,unknown,artifacts/ztest_SEQ-S43-FULL.npy,unknown,Orphan candidate means no mechanical link was recovered; it does not assert the artifact was unused.
SEQ-S44-FULL,test_only,component_family:seq;team_a:exp_025,unknown,no,linked_by_artifact_path_association,unknown,artifacts/ztest_SEQ-S44-FULL.npy,unknown,Orphan candidate means no mechanical link was recovered; it does not assert the artifact was unused.
TIER-A-DIRECT-AVG3-R300,test_only,unknown,unknown,no,orphan_candidate,unknown,artifacts/ztest_TIER-A-DIRECT-AVG3-R300.npy,unknown,Orphan candidate means no mechanical link was recovered; it does not assert the artifact was unused.
ZERO2D_DIST,test_only,component_family:zero,unknown,no,orphan_candidate,unknown,artifacts/ZERO2D_DIST_test.npz,unknown,Orphan candidate means no mechanical link was recovered; it does not assert the artifact was unused.
ZERO2D_SHRINK,test_only,component_family:zero,ZERO2D-SHRINK,yes,linked_to_run_metric_id,unknown,artifacts/ZERO2D_SHRINK_test.npz;artifacts/ztest_ZERO2D_SHRINK.npy,unknown,Orphan candidate means no mechanical link was recovered; it does not assert the artifact was unused.
aligned,oof_only,team_a:exp_053,unknown,yes,linked_by_artifact_path_association,artifacts/RESDISC_053/aligned_oof.parquet,unknown,unknown,Orphan candidate means no mechanical link was recovered; it does not assert the artifact was unused.
axes,test_only,component_family:seq;independent_anniversary:exp_058;independent_global_regime:exp_057;team_a:exp_025;team_a:exp_028,unknown,yes,linked_by_artifact_path_association,unknown,research/strategies/results/SEQ3/test_axes.csv;linked_worktree/independent_anniversary/research/strategies/results/SEQ3/test_axes.csv;linked_worktree/independent_global_regime/research/strategies/results/SEQ3/test_axes.csv,unknown,Orphan candidate means no mechanical link was recovered; it does not assert the artifact was unused.
buyctrl_s42_aux_init,model_only,team_a:exp_045,unknown,no,linked_by_artifact_path_association,unknown,unknown,artifacts/BUYCTRL_DET_EXP045/plans/buyctrl_s42_aux_init.pt,Orphan candidate means no mechanical link was recovered; it does not assert the artifact was unused.
buyctrl_s43_aux_init,model_only,team_a:exp_045,unknown,no,linked_by_artifact_path_association,unknown,unknown,artifacts/BUYCTRL_DET_EXP045/plans/buyctrl_s43_aux_init.pt,Orphan candidate means no mechanical link was recovered; it does not assert the artifact was unused.
buyctrl_s44_aux_init,model_only,team_a:exp_045,unknown,no,linked_by_artifact_path_association,unknown,unknown,artifacts/BUYCTRL_DET_EXP045/plans/buyctrl_s44_aux_init.pt,Orphan candidate means no mechanical link was recovered; it does not assert the artifact was unused.
checkpoint_D1-behavior,model_only,independent_domain:exp_028,unknown,no,linked_by_artifact_path_association,unknown,unknown,linked_worktree/independent_domain/artifacts/domain_01/checkpoint_D1-behavior.npz,Orphan candidate means no mechanical link was recovered; it does not assert the artifact was unused.
checkpoint_D1-behavior_folds,model_only,independent_domain:exp_028,unknown,no,linked_by_artifact_path_association,unknown,unknown,linked_worktree/independent_domain/artifacts/domain_01/checkpoint_D1-behavior_folds.csv,Orphan candidate means no mechanical link was recovered; it does not assert the artifact was unused.
checkpoint_D1-behavior_importance,model_only,independent_domain:exp_028,unknown,no,linked_by_artifact_path_association,unknown,unknown,linked_worktree/independent_domain/artifacts/domain_01/checkpoint_D1-behavior_importance.csv,Orphan candidate means no mechanical link was recovered; it does not assert the artifact was unused.
checkpoint_D1-depth-raw,model_only,independent_domain:exp_028,unknown,no,linked_by_artifact_path_association,unknown,unknown,linked_worktree/independent_domain/artifacts/domain_01/checkpoint_D1-depth-raw.npz,Orphan candidate means no mechanical link was recovered; it does not assert the artifact was unused.
checkpoint_D1-depth-raw_folds,model_only,independent_domain:exp_028,unknown,no,linked_by_artifact_path_association,unknown,unknown,linked_worktree/independent_domain/artifacts/domain_01/checkpoint_D1-depth-raw_folds.csv,Orphan candidate means no mechanical link was recovered; it does not assert the artifact was unused.
checkpoint_D1-depth-raw_importance,model_only,independent_domain:exp_028,unknown,no,linked_by_artifact_path_association,unknown,unknown,linked_worktree/independent_domain/artifacts/domain_01/checkpoint_D1-depth-raw_importance.csv,Orphan candidate means no mechanical link was recovered; it does not assert the artifact was unused.
checkpoint_D1-fixed-L180,model_only,independent_domain:exp_028,unknown,no,linked_by_artifact_path_association,unknown,unknown,linked_worktree/independent_domain/artifacts/domain_01/checkpoint_D1-fixed-L180.npz,Orphan candidate means no mechanical link was recovered; it does not assert the artifact was unused.
checkpoint_D1-fixed-L180_folds,model_only,independent_domain:exp_028,unknown,no,linked_by_artifact_path_association,unknown,unknown,linked_worktree/independent_domain/artifacts/domain_01/checkpoint_D1-fixed-L180_folds.csv,Orphan candidate means no mechanical link was recovered; it does not assert the artifact was unused.
checkpoint_D1-fixed-L180_importance,model_only,independent_domain:exp_028,unknown,no,linked_by_artifact_path_association,unknown,unknown,linked_worktree/independent_domain/artifacts/domain_01/checkpoint_D1-fixed-L180_importance.csv,Orphan candidate means no mechanical link was recovered; it does not assert the artifact was unused.
checkpoint_D1-missingness,model_only,independent_domain:exp_028,unknown,no,linked_by_artifact_path_association,unknown,unknown,linked_worktree/independent_domain/artifacts/domain_01/checkpoint_D1-missingness.npz,Orphan candidate means no mechanical link was recovered; it does not assert the artifact was unused.
checkpoint_D1-missingness_folds,model_only,independent_domain:exp_028,unknown,no,linked_by_artifact_path_association,unknown,unknown,linked_worktree/independent_domain/artifacts/domain_01/checkpoint_D1-missingness_folds.csv,Orphan candidate means no mechanical link was recovered; it does not assert the artifact was unused.
checkpoint_D1-missingness_importance,model_only,independent_domain:exp_028,unknown,no,linked_by_artifact_path_association,unknown,unknown,linked_worktree/independent_domain/artifacts/domain_01/checkpoint_D1-missingness_importance.csv,Orphan candidate means no mechanical link was recovered; it does not assert the artifact was unused.
checkpoint_D1-production,model_only,independent_domain:exp_028,unknown,no,linked_by_artifact_path_association,unknown,unknown,linked_worktree/independent_domain/artifacts/domain_01/checkpoint_D1-production.npz,Orphan candidate means no mechanical link was recovered; it does not assert the artifact was unused.
checkpoint_D1-production_folds,model_only,independent_domain:exp_028,unknown,no,linked_by_artifact_path_association,unknown,unknown,linked_worktree/independent_domain/artifacts/domain_01/checkpoint_D1-production_folds.csv,Orphan candidate means no mechanical link was recovered; it does not assert the artifact was unused.
checkpoint_D1-production_importance,model_only,independent_domain:exp_028,unknown,no,linked_by_artifact_path_association,unknown,unknown,linked_worktree/independent_domain/artifacts/domain_01/checkpoint_D1-production_importance.csv,Orphan candidate means no mechanical link was recovered; it does not assert the artifact was unused.
checkpoint_p07_early,model_only,independent_calendar:exp_029,unknown,no,linked_by_artifact_path_association,unknown,unknown,linked_worktree/independent_calendar/artifacts/calendar_placebo_01/p07_early/checkpoint_p07_early.npz,Orphan candidate means no mechanical link was recovered; it does not assert the artifact was unused.
checkpoint_p07_early_folds,model_only,independent_calendar:exp_029,unknown,no,linked_by_artifact_path_association,unknown,unknown,linked_worktree/independent_calendar/artifacts/calendar_placebo_01/p07_early/checkpoint_p07_early_folds.csv,Orphan candidate means no mechanical link was recovered; it does not assert the artifact was unused.
checkpoint_p07_early_importance,model_only,independent_calendar:exp_029,unknown,no,linked_by_artifact_path_association,unknown,unknown,linked_worktree/independent_calendar/artifacts/calendar_placebo_01/p07_early/checkpoint_p07_early_importance.csv,Orphan candidate means no mechanical link was recovered; it does not assert the artifact was unused.
checkpoint_p07_late,model_only,independent_calendar:exp_029,unknown,no,linked_by_artifact_path_association,unknown,unknown,linked_worktree/independent_calendar/artifacts/calendar_placebo_01/p07_late/checkpoint_p07_late.npz,Orphan candidate means no mechanical link was recovered; it does not assert the artifact was unused.
checkpoint_p07_late_folds,model_only,independent_calendar:exp_029,unknown,no,linked_by_artifact_path_association,unknown,unknown,linked_worktree/independent_calendar/artifacts/calendar_placebo_01/p07_late/checkpoint_p07_late_folds.csv,Orphan candidate means no mechanical link was recovered; it does not assert the artifact was unused.
checkpoint_p07_late_importance,model_only,independent_calendar:exp_029,unknown,no,linked_by_artifact_path_association,unknown,unknown,linked_worktree/independent_calendar/artifacts/calendar_placebo_01/p07_late/checkpoint_p07_late_importance.csv,Orphan candidate means no mechanical link was recovered; it does not assert the artifact was unused.
checkpoint_p07_mid,model_only,independent_calendar:exp_029,unknown,no,linked_by_artifact_path_association,unknown,unknown,linked_worktree/independent_calendar/artifacts/calendar_placebo_01/p07_mid/checkpoint_p07_mid.npz,Orphan candidate means no mechanical link was recovered; it does not assert the artifact was unused.
checkpoint_p07_mid_folds,model_only,independent_calendar:exp_029,unknown,no,linked_by_artifact_path_association,unknown,unknown,linked_worktree/independent_calendar/artifacts/calendar_placebo_01/p07_mid/checkpoint_p07_mid_folds.csv,Orphan candidate means no mechanical link was recovered; it does not assert the artifact was unused.
checkpoint_p07_mid_importance,model_only,independent_calendar:exp_029,unknown,no,linked_by_artifact_path_association,unknown,unknown,linked_worktree/independent_calendar/artifacts/calendar_placebo_01/p07_mid/checkpoint_p07_mid_importance.csv,Orphan candidate means no mechanical link was recovered; it does not assert the artifact was unused.
checkpoint_p105_max,model_only,independent_calendar:exp_029,unknown,no,linked_by_artifact_path_association,unknown,unknown,linked_worktree/independent_calendar/artifacts/calendar_placebo_01/p105_max/checkpoint_p105_max.npz,Orphan candidate means no mechanical link was recovered; it does not assert the artifact was unused.
checkpoint_p105_max_folds,model_only,independent_calendar:exp_029,unknown,no,linked_by_artifact_path_association,unknown,unknown,linked_worktree/independent_calendar/artifacts/calendar_placebo_01/p105_max/checkpoint_p105_max_folds.csv,Orphan candidate means no mechanical link was recovered; it does not assert the artifact was unused.
checkpoint_p105_max_importance,model_only,independent_calendar:exp_029,unknown,no,linked_by_artifact_path_association,unknown,unknown,linked_worktree/independent_calendar/artifacts/calendar_placebo_01/p105_max/checkpoint_p105_max_importance.csv,Orphan candidate means no mechanical link was recovered; it does not assert the artifact was unused.
checkpoint_p28_early,model_only,independent_calendar:exp_029,unknown,no,linked_by_artifact_path_association,unknown,unknown,linked_worktree/independent_calendar/artifacts/calendar_placebo_01/p28_early/checkpoint_p28_early.npz,Orphan candidate means no mechanical link was recovered; it does not assert the artifact was unused.
checkpoint_p28_early_folds,model_only,independent_calendar:exp_029,unknown,no,linked_by_artifact_path_association,unknown,unknown,linked_worktree/independent_calendar/artifacts/calendar_placebo_01/p28_early/checkpoint_p28_early_folds.csv,Orphan candidate means no mechanical link was recovered; it does not assert the artifact was unused.
checkpoint_p28_early_importance,model_only,independent_calendar:exp_029,unknown,no,linked_by_artifact_path_association,unknown,unknown,linked_worktree/independent_calendar/artifacts/calendar_placebo_01/p28_early/checkpoint_p28_early_importance.csv,Orphan candidate means no mechanical link was recovered; it does not assert the artifact was unused.
checkpoint_p28_late,model_only,independent_calendar:exp_029,unknown,no,linked_by_artifact_path_association,unknown,unknown,linked_worktree/independent_calendar/artifacts/calendar_placebo_01/p28_late/checkpoint_p28_late.npz,Orphan candidate means no mechanical link was recovered; it does not assert the artifact was unused.
checkpoint_p28_late_folds,model_only,independent_calendar:exp_029,unknown,no,linked_by_artifact_path_association,unknown,unknown,linked_worktree/independent_calendar/artifacts/calendar_placebo_01/p28_late/checkpoint_p28_late_folds.csv,Orphan candidate means no mechanical link was recovered; it does not assert the artifact was unused.
checkpoint_p28_late_importance,model_only,independent_calendar:exp_029,unknown,no,linked_by_artifact_path_association,unknown,unknown,linked_worktree/independent_calendar/artifacts/calendar_placebo_01/p28_late/checkpoint_p28_late_importance.csv,Orphan candidate means no mechanical link was recovered; it does not assert the artifact was unused.
checkpoint_p28_mid,model_only,independent_calendar:exp_029,unknown,no,linked_by_artifact_path_association,unknown,unknown,linked_worktree/independent_calendar/artifacts/calendar_placebo_01/p28_mid/checkpoint_p28_mid.npz,Orphan candidate means no mechanical link was recovered; it does not assert the artifact was unused.
checkpoint_p28_mid_folds,model_only,independent_calendar:exp_029,unknown,no,linked_by_artifact_path_association,unknown,unknown,linked_worktree/independent_calendar/artifacts/calendar_placebo_01/p28_mid/checkpoint_p28_mid_folds.csv,Orphan candidate means no mechanical link was recovered; it does not assert the artifact was unused.
checkpoint_p28_mid_importance,model_only,independent_calendar:exp_029,unknown,no,linked_by_artifact_path_association,unknown,unknown,linked_worktree/independent_calendar/artifacts/calendar_placebo_01/p28_mid/checkpoint_p28_mid_importance.csv,Orphan candidate means no mechanical link was recovered; it does not assert the artifact was unused.
checkpoint_p56_early,model_only,independent_calendar:exp_029,unknown,no,linked_by_artifact_path_association,unknown,unknown,linked_worktree/independent_calendar/artifacts/calendar_placebo_01/p56_early/checkpoint_p56_early.npz,Orphan candidate means no mechanical link was recovered; it does not assert the artifact was unused.
checkpoint_p56_early_folds,model_only,independent_calendar:exp_029,unknown,no,linked_by_artifact_path_association,unknown,unknown,linked_worktree/independent_calendar/artifacts/calendar_placebo_01/p56_early/checkpoint_p56_early_folds.csv,Orphan candidate means no mechanical link was recovered; it does not assert the artifact was unused.
checkpoint_p56_early_importance,model_only,independent_calendar:exp_029,unknown,no,linked_by_artifact_path_association,unknown,unknown,linked_worktree/independent_calendar/artifacts/calendar_placebo_01/p56_early/checkpoint_p56_early_importance.csv,Orphan candidate means no mechanical link was recovered; it does not assert the artifact was unused.
checkpoint_p56_late,model_only,independent_calendar:exp_029,unknown,no,linked_by_artifact_path_association,unknown,unknown,linked_worktree/independent_calendar/artifacts/calendar_placebo_01/p56_late/checkpoint_p56_late.npz,Orphan candidate means no mechanical link was recovered; it does not assert the artifact was unused.
checkpoint_p56_late_folds,model_only,independent_calendar:exp_029,unknown,no,linked_by_artifact_path_association,unknown,unknown,linked_worktree/independent_calendar/artifacts/calendar_placebo_01/p56_late/checkpoint_p56_late_folds.csv,Orphan candidate means no mechanical link was recovered; it does not assert the artifact was unused.
checkpoint_p56_late_importance,model_only,independent_calendar:exp_029,unknown,no,linked_by_artifact_path_association,unknown,unknown,linked_worktree/independent_calendar/artifacts/calendar_placebo_01/p56_late/checkpoint_p56_late_importance.csv,Orphan candidate means no mechanical link was recovered; it does not assert the artifact was unused.
checkpoint_real_20251016_to_20260213,model_only,independent_calendar:exp_029,unknown,no,linked_by_artifact_path_association,unknown,unknown,linked_worktree/independent_calendar/artifacts/calendar_placebo_01/real_20251016_to_20260213/checkpoint_real_20251016_to_20260213.npz,Orphan candidate means no mechanical link was recovered; it does not assert the artifact was unused.
checkpoint_real_20251016_to_20260213_folds,model_only,independent_calendar:exp_029,unknown,no,linked_by_artifact_path_association,unknown,unknown,linked_worktree/independent_calendar/artifacts/calendar_placebo_01/real_20251016_to_20260213/checkpoint_real_20251016_to_20260213_folds.csv,Orphan candidate means no mechanical link was recovered; it does not assert the artifact was unused.
checkpoint_real_20251016_to_20260213_importance,model_only,independent_calendar:exp_029,unknown,no,linked_by_artifact_path_association,unknown,unknown,linked_worktree/independent_calendar/artifacts/calendar_placebo_01/real_20251016_to_20260213/checkpoint_real_20251016_to_20260213_importance.csv,Orphan candidate means no mechanical link was recovered; it does not assert the artifact was unused.
cutoff_test_likeness,test_only,independent_calendar:exp_029;independent_domain:exp_028,unknown,no,linked_by_artifact_path_association,unknown,linked_worktree/independent_calendar/research/domain_01/results/cutoff_test_likeness.csv;linked_worktree/independent_domain/research/domain_01/results/cutoff_test_likeness.csv,unknown,Orphan candidate means no mechanical link was recovered; it does not assert the artifact was unused.
delta_segments,test_only,team_a:exp_039,unknown,no,linked_by_artifact_path_association,unknown,research/strategies/results/BLOCK4_SAF/test_delta_segments.csv,unknown,Orphan candidate means no mechanical link was recovered; it does not assert the artifact was unused.
domain_oof_probabilities,oof_only,independent_domain:exp_028,unknown,no,linked_by_artifact_path_association,linked_worktree/independent_domain/artifacts/domain_01/domain_oof_probabilities.parquet,unknown,unknown,Orphan candidate means no mechanical link was recovered; it does not assert the artifact was unused.
domain_probabilities,test_only,independent_domain:exp_028,unknown,no,linked_by_artifact_path_association,unknown,linked_worktree/independent_domain/artifacts/domain_01/test_domain_probabilities.parquet,unknown,Orphan candidate means no mechanical link was recovered; it does not assert the artifact was unused.
error_test_likeness_correlations,test_only,independent_calendar:exp_029;independent_domain:exp_028,unknown,no,linked_by_artifact_path_association,unknown,linked_worktree/independent_calendar/research/domain_01/results/error_test_likeness_correlations.csv;linked_worktree/independent_domain/research/domain_01/results/error_test_likeness_correlations.csv,unknown,Orphan candidate means no mechanical link was recovered; it does not assert the artifact was unused.
historical_test_likeness,test_only,independent_domain:exp_028,unknown,no,linked_by_artifact_path_association,unknown,linked_worktree/independent_domain/artifacts/domain_01/historical_test_likeness.parquet,unknown,Orphan candidate means no mechanical link was recovered; it does not assert the artifact was unused.
k11_latest_fold,test_only,independent_anniversary:exp_058;independent_calendar:exp_029;independent_domain:exp_028;independent_global_regime:exp_057;independent_renewal:exp_027;team_a:exp_019,unknown,no,linked_by_artifact_path_association,unknown,research/strategies/results/STRATEGY_01/k11_latest_fold.csv;linked_worktree/independent_anniversary/research/strategies/results/STRATEGY_01/k11_latest_fold.csv;linked_worktree/independent_calendar/research/strategies/results/STRATEGY_01/k11_latest_fold.csv;linked_worktree/independent_domain/research/strategies/results/STRATEGY_01/k11_latest_fold.csv;linked_worktree/independent_global_regime/research/strategies/results/STRATEGY_01/k11_latest_fold.csv;linked_worktree/independent_renewal/research/strategies/results/STRATEGY_01/k11_latest_fold.csv,unknown,Orphan candidate means no mechanical link was recovered; it does not assert the artifact was unused.
latest:latest,test_only,unknown,unknown,yes,referenced_by_primary_report,unknown,пайплайн сокомандника/latest/latest.csv,unknown,Orphan candidate means no mechanical link was recovered; it does not assert the artifact was unused.
latest:latest_rebuilt,test_only,unknown,unknown,yes,referenced_by_primary_report,unknown,пайплайн сокомандника/latest/latest_rebuilt.csv,unknown,Orphan candidate means no mechanical link was recovered; it does not assert the artifact was unused.
latest_reconstructed,test_only,team_a:exp_067,unknown,no,linked_by_artifact_path_association,unknown,artifacts/AUTHORITATIVE_LATEST_AUDIT_20260825_160144/latest_reconstructed.csv;artifacts/AUTHORITATIVE_LATEST_AUDIT_20260825_160144_V2/latest_reconstructed.csv,unknown,Orphan candidate means no mechanical link was recovered; it does not assert the artifact was unused.
likeness_deciles,test_only,independent_calendar:exp_029;independent_domain:exp_028,unknown,no,linked_by_artifact_path_association,unknown,linked_worktree/independent_calendar/research/domain_01/results/test_likeness_deciles.csv;linked_worktree/independent_domain/research/domain_01/results/test_likeness_deciles.csv,unknown,Orphan candidate means no mechanical link was recovered; it does not assert the artifact was unused.
merge,oof_only,independent_anniversary:exp_058;independent_calendar:exp_029;independent_domain:exp_028;independent_global_regime:exp_057;independent_renewal:exp_027;unknown,unknown,yes,linked_by_artifact_path_association,src/merge_oof.py;linked_worktree/independent_anniversary/src/merge_oof.py;linked_worktree/independent_calendar/src/merge_oof.py;linked_worktree/independent_domain/src/merge_oof.py;linked_worktree/independent_global_regime/src/merge_oof.py;linked_worktree/independent_renewal/src/merge_oof.py,unknown,unknown,Orphan candidate means no mechanical link was recovered; it does not assert the artifact was unused.
model,model_only,team_a:exp_056,model_manifest,yes,linked_by_artifact_path_association,unknown,unknown,artifacts/LATE_SSL_EXP056/arms/CONTROL/model.pt;artifacts/LATE_SSL_EXP056/replay/run1/model.pt;artifacts/LATE_SSL_EXP056/replay/run2/model.pt;artifacts/LATE_SSL_EXP056/replay_v2/run1/model.pt;artifacts/LATE_SSL_EXP056/replay_v2/run2/model.pt,Orphan candidate means no mechanical link was recovered; it does not assert the artifact was unused.
pair_s42_conditional_init,model_only,component_family:fresh;team_a:exp_044,unknown,no,linked_by_artifact_path_association,unknown,unknown,artifacts/FRESH_COND_FT_EXP044/plans/pair_s42_conditional_init.pt,Orphan candidate means no mechanical link was recovered; it does not assert the artifact was unused.
pair_s43_conditional_init,model_only,component_family:fresh;team_a:exp_044,unknown,no,linked_by_artifact_path_association,unknown,unknown,artifacts/FRESH_COND_FT_EXP044/plans/pair_s43_conditional_init.pt,Orphan candidate means no mechanical link was recovered; it does not assert the artifact was unused.
pair_s44_conditional_init,model_only,component_family:fresh;team_a:exp_044,unknown,no,linked_by_artifact_path_association,unknown,unknown,artifacts/FRESH_COND_FT_EXP044/plans/pair_s44_conditional_init.pt,Orphan candidate means no mechanical link was recovered; it does not assert the artifact was unused.
predictions,oof_and_test,component_family:ridge;team_a:exp_068;unknown,unknown,yes,linked_by_artifact_path_association,artifacts/RECENCY_RIDGE_PRED_EXP068_A1/oof_predictions.npz,research/rmsle_diagnostics/test_predictions.parquet,unknown,Orphan candidate means no mechanical link was recovered; it does not assert the artifact was unused.
regime_by_activity,test_only,component_family:etx;team_a:exp_036,unknown,yes,linked_by_artifact_path_association,unknown,research/strategies/results/ETX1/test_regime_by_activity.csv,unknown,Orphan candidate means no mechanical link was recovered; it does not assert the artifact was unused.
regime_check,test_only,component_family:etx;team_a:exp_036,unknown,yes,linked_by_artifact_path_association,unknown,research/strategies/results/ETX1/test_regime_check.csv,unknown,Orphan candidate means no mechanical link was recovered; it does not assert the artifact was unused.
s2_oof_best,oof_only,team_a_s2:exp_012,s2_oof_best,no,linked_by_artifact_path_association,linked_worktree/team_a_s2/artifacts/s2_oof_best.json;linked_worktree/team_a_s2/artifacts/s2_oof_best.npz,unknown,unknown,Orphan candidate means no mechanical link was recovered; it does not assert the artifact was unused.
segments,test_only,component_family:seq;independent_anniversary:exp_058;independent_global_regime:exp_057;team_a:exp_025;team_a:exp_028,unknown,yes,linked_by_artifact_path_association,unknown,research/strategies/results/SEQ3/test_segments.csv;linked_worktree/independent_anniversary/research/strategies/results/SEQ3/test_segments.csv;linked_worktree/independent_global_regime/research/strategies/results/SEQ3/test_segments.csv,unknown,Orphan candidate means no mechanical link was recovered; it does not assert the artifact was unused.
shift,test_only,independent_anniversary:exp_058;independent_calendar:exp_029;independent_domain:exp_028;independent_global_regime:exp_057;independent_renewal:exp_027;unknown,unknown,yes,linked_by_artifact_path_association,unknown,research/rmsle_diagnostics/diagnostics/test_shift.csv;linked_worktree/independent_anniversary/research/rmsle_diagnostics/diagnostics/test_shift.csv;linked_worktree/independent_calendar/research/rmsle_diagnostics/diagnostics/test_shift.csv;linked_worktree/independent_domain/research/rmsle_diagnostics/diagnostics/test_shift.csv;linked_worktree/independent_global_regime/research/rmsle_diagnostics/diagnostics/test_shift.csv;linked_worktree/independent_renewal/research/rmsle_diagnostics/diagnostics/test_shift.csv,unknown,Orphan candidate means no mechanical link was recovered; it does not assert the artifact was unused.
snapshot_step_00000,model_only,component_family:fresh;team_a:exp_044;team_a:exp_045;unknown,unknown,no,linked_by_artifact_path_association,unknown,unknown,artifacts/BUYCTRL_DET_EXP045/arms/BUYSHUF-S42-V1016/snapshot_step_00000.pt;artifacts/BUYCTRL_DET_EXP045/arms/BUYSHUF-S43-V1016/snapshot_step_00000.pt;artifacts/BUYCTRL_DET_EXP045/arms/BUYSHUF-S44-V1016/snapshot_step_00000.pt;artifacts/BUYCTRL_DET_EXP045/arms/BUYTRUE-S42-V1016/snapshot_step_00000.pt;artifacts/BUYCTRL_DET_EXP045/arms/BUYTRUE-S43-V1016/snapshot_step_00000.pt;artifacts/BUYCTRL_DET_EXP045/arms/BUYTRUE-S44-V1016/snapshot_step_00000.pt;artifacts/DET_PAIR/run1/snapshot_step_00000.pt;artifacts/DET_PAIR/run2/snapshot_step_00000.pt;artifacts/FRESH_COND_FT_EXP044/arms/FT-FRESH-S42-V1016/snapshot_step_00000.pt;artifacts/FRESH_COND_FT_EXP044/arms/FT-FRESH-S43-V1016/snapshot_step_00000.pt;artifacts/FRESH_COND_FT_EXP044/arms/FT-FRESH-S44-V1016/snapshot_step_00000.pt;artifacts/FRESH_COND_FT_EXP044/arms/FT-VOL-S42-V1016/snapshot_step_00000.pt;artifacts/FRESH_COND_FT_EXP044/arms/FT-VOL-S43-V1016/snapshot_step_00000.pt;artifacts/FRESH_COND_FT_EXP044/arms/FT-VOL-S44-V1016/snapshot_step_00000.pt;artifacts/FRESH_COND_FT_EXP044/integration_replay/FT-VOL-S42-run1/snapshot_step_00000.pt;artifacts/FRESH_COND_FT_EXP044/integration_replay/FT-VOL-S42-run2/snapshot_step_00000.pt,Orphan candidate means no mechanical link was recovered; it does not assert the artifact was unused.
snapshot_step_00001,model_only,component_family:fresh;team_a:exp_044;team_a:exp_045;unknown,unknown,no,linked_by_artifact_path_association,unknown,unknown,artifacts/BUYCTRL_DET_EXP045/arms/BUYSHUF-S42-V1016/snapshot_step_00001.pt;artifacts/BUYCTRL_DET_EXP045/arms/BUYSHUF-S43-V1016/snapshot_step_00001.pt;artifacts/BUYCTRL_DET_EXP045/arms/BUYSHUF-S44-V1016/snapshot_step_00001.pt;artifacts/BUYCTRL_DET_EXP045/arms/BUYTRUE-S42-V1016/snapshot_step_00001.pt;artifacts/BUYCTRL_DET_EXP045/arms/BUYTRUE-S43-V1016/snapshot_step_00001.pt;artifacts/BUYCTRL_DET_EXP045/arms/BUYTRUE-S44-V1016/snapshot_step_00001.pt;artifacts/DET_PAIR/run1/snapshot_step_00001.pt;artifacts/DET_PAIR/run2/snapshot_step_00001.pt;artifacts/FRESH_COND_FT_EXP044/arms/FT-FRESH-S42-V1016/snapshot_step_00001.pt;artifacts/FRESH_COND_FT_EXP044/arms/FT-FRESH-S43-V1016/snapshot_step_00001.pt;artifacts/FRESH_COND_FT_EXP044/arms/FT-FRESH-S44-V1016/snapshot_step_00001.pt;artifacts/FRESH_COND_FT_EXP044/arms/FT-VOL-S42-V1016/snapshot_step_00001.pt;artifacts/FRESH_COND_FT_EXP044/arms/FT-VOL-S43-V1016/snapshot_step_00001.pt;artifacts/FRESH_COND_FT_EXP044/arms/FT-VOL-S44-V1016/snapshot_step_00001.pt;artifacts/FRESH_COND_FT_EXP044/integration_replay/FT-VOL-S42-run1/snapshot_step_00001.pt;artifacts/FRESH_COND_FT_EXP044/integration_replay/FT-VOL-S42-run2/snapshot_step_00001.pt,Orphan candidate means no mechanical link was recovered; it does not assert the artifact was unused.
snapshot_step_00100,model_only,component_family:fresh;team_a:exp_044;team_a:exp_045;unknown,unknown,no,linked_by_artifact_path_association,unknown,unknown,artifacts/BUYCTRL_DET_EXP045/arms/BUYSHUF-S42-V1016/snapshot_step_00100.pt;artifacts/BUYCTRL_DET_EXP045/arms/BUYSHUF-S43-V1016/snapshot_step_00100.pt;artifacts/BUYCTRL_DET_EXP045/arms/BUYSHUF-S44-V1016/snapshot_step_00100.pt;artifacts/BUYCTRL_DET_EXP045/arms/BUYTRUE-S42-V1016/snapshot_step_00100.pt;artifacts/BUYCTRL_DET_EXP045/arms/BUYTRUE-S43-V1016/snapshot_step_00100.pt;artifacts/BUYCTRL_DET_EXP045/arms/BUYTRUE-S44-V1016/snapshot_step_00100.pt;artifacts/DET_PAIR/run1/snapshot_step_00100.pt;artifacts/DET_PAIR/run2/snapshot_step_00100.pt;artifacts/FRESH_COND_FT_EXP044/arms/FT-FRESH-S42-V1016/snapshot_step_00100.pt;artifacts/FRESH_COND_FT_EXP044/arms/FT-FRESH-S43-V1016/snapshot_step_00100.pt;artifacts/FRESH_COND_FT_EXP044/arms/FT-FRESH-S44-V1016/snapshot_step_00100.pt;artifacts/FRESH_COND_FT_EXP044/arms/FT-VOL-S42-V1016/snapshot_step_00100.pt;artifacts/FRESH_COND_FT_EXP044/arms/FT-VOL-S43-V1016/snapshot_step_00100.pt;artifacts/FRESH_COND_FT_EXP044/arms/FT-VOL-S44-V1016/snapshot_step_00100.pt;artifacts/FRESH_COND_FT_EXP044/integration_replay/FT-VOL-S42-run1/snapshot_step_00100.pt;artifacts/FRESH_COND_FT_EXP044/integration_replay/FT-VOL-S42-run2/snapshot_step_00100.pt,Orphan candidate means no mechanical link was recovered; it does not assert the artifact was unused.
snapshot_step_01000,model_only,component_family:fresh;team_a:exp_044;team_a:exp_045;unknown,unknown,no,linked_by_artifact_path_association,unknown,unknown,artifacts/BUYCTRL_DET_EXP045/arms/BUYSHUF-S42-V1016/snapshot_step_01000.pt;artifacts/BUYCTRL_DET_EXP045/arms/BUYSHUF-S43-V1016/snapshot_step_01000.pt;artifacts/BUYCTRL_DET_EXP045/arms/BUYSHUF-S44-V1016/snapshot_step_01000.pt;artifacts/BUYCTRL_DET_EXP045/arms/BUYTRUE-S42-V1016/snapshot_step_01000.pt;artifacts/BUYCTRL_DET_EXP045/arms/BUYTRUE-S43-V1016/snapshot_step_01000.pt;artifacts/BUYCTRL_DET_EXP045/arms/BUYTRUE-S44-V1016/snapshot_step_01000.pt;artifacts/DET_PAIR/run1/snapshot_step_01000.pt;artifacts/DET_PAIR/run2/snapshot_step_01000.pt;artifacts/FRESH_COND_FT_EXP044/arms/FT-FRESH-S42-V1016/snapshot_step_01000.pt;artifacts/FRESH_COND_FT_EXP044/arms/FT-FRESH-S43-V1016/snapshot_step_01000.pt;artifacts/FRESH_COND_FT_EXP044/arms/FT-FRESH-S44-V1016/snapshot_step_01000.pt;artifacts/FRESH_COND_FT_EXP044/arms/FT-VOL-S42-V1016/snapshot_step_01000.pt;artifacts/FRESH_COND_FT_EXP044/arms/FT-VOL-S43-V1016/snapshot_step_01000.pt;artifacts/FRESH_COND_FT_EXP044/arms/FT-VOL-S44-V1016/snapshot_step_01000.pt,Orphan candidate means no mechanical link was recovered; it does not assert the artifact was unused.
snapshot_step_02421,model_only,component_family:fresh;team_a:exp_044,unknown,no,linked_by_artifact_path_association,unknown,unknown,artifacts/FRESH_COND_FT_EXP044/arms/FT-FRESH-S42-V1016/snapshot_step_02421.pt;artifacts/FRESH_COND_FT_EXP044/arms/FT-FRESH-S43-V1016/snapshot_step_02421.pt;artifacts/FRESH_COND_FT_EXP044/arms/FT-FRESH-S44-V1016/snapshot_step_02421.pt;artifacts/FRESH_COND_FT_EXP044/arms/FT-VOL-S42-V1016/snapshot_step_02421.pt;artifacts/FRESH_COND_FT_EXP044/arms/FT-VOL-S43-V1016/snapshot_step_02421.pt;artifacts/FRESH_COND_FT_EXP044/arms/FT-VOL-S44-V1016/snapshot_step_02421.pt,Orphan candidate means no mechanical link was recovered; it does not assert the artifact was unused.
snapshot_step_04842,model_only,component_family:fresh;team_a:exp_044;team_a:exp_045;unknown,unknown,no,linked_by_artifact_path_association,unknown,unknown,artifacts/BUYCTRL_DET_EXP045/arms/BUYSHUF-S42-V1016/snapshot_step_04842.pt;artifacts/BUYCTRL_DET_EXP045/arms/BUYSHUF-S43-V1016/snapshot_step_04842.pt;artifacts/BUYCTRL_DET_EXP045/arms/BUYSHUF-S44-V1016/snapshot_step_04842.pt;artifacts/BUYCTRL_DET_EXP045/arms/BUYTRUE-S42-V1016/snapshot_step_04842.pt;artifacts/BUYCTRL_DET_EXP045/arms/BUYTRUE-S43-V1016/snapshot_step_04842.pt;artifacts/BUYCTRL_DET_EXP045/arms/BUYTRUE-S44-V1016/snapshot_step_04842.pt;artifacts/DET_PAIR/run1/snapshot_step_04842.pt;artifacts/DET_PAIR/run2/snapshot_step_04842.pt;artifacts/FRESH_COND_FT_EXP044/arms/FT-FRESH-S42-V1016/snapshot_step_04842.pt;artifacts/FRESH_COND_FT_EXP044/arms/FT-FRESH-S43-V1016/snapshot_step_04842.pt;artifacts/FRESH_COND_FT_EXP044/arms/FT-FRESH-S44-V1016/snapshot_step_04842.pt;artifacts/FRESH_COND_FT_EXP044/arms/FT-VOL-S42-V1016/snapshot_step_04842.pt;artifacts/FRESH_COND_FT_EXP044/arms/FT-VOL-S43-V1016/snapshot_step_04842.pt;artifacts/FRESH_COND_FT_EXP044/arms/FT-VOL-S44-V1016/snapshot_step_04842.pt,Orphan candidate means no mechanical link was recovered; it does not assert the artifact was unused.
snapshot_step_09684,model_only,team_a:exp_045,unknown,no,linked_by_artifact_path_association,unknown,unknown,artifacts/BUYCTRL_DET_EXP045/arms/BUYSHUF-S42-V1016/snapshot_step_09684.pt;artifacts/BUYCTRL_DET_EXP045/arms/BUYSHUF-S43-V1016/snapshot_step_09684.pt;artifacts/BUYCTRL_DET_EXP045/arms/BUYSHUF-S44-V1016/snapshot_step_09684.pt;artifacts/BUYCTRL_DET_EXP045/arms/BUYTRUE-S42-V1016/snapshot_step_09684.pt;artifacts/BUYCTRL_DET_EXP045/arms/BUYTRUE-S43-V1016/snapshot_step_09684.pt;artifacts/BUYCTRL_DET_EXP045/arms/BUYTRUE-S44-V1016/snapshot_step_09684.pt,Orphan candidate means no mechanical link was recovered; it does not assert the artifact was unused.
snapshot_step_14526,model_only,team_a:exp_045,unknown,no,linked_by_artifact_path_association,unknown,unknown,artifacts/BUYCTRL_DET_EXP045/arms/BUYSHUF-S42-V1016/snapshot_step_14526.pt;artifacts/BUYCTRL_DET_EXP045/arms/BUYSHUF-S43-V1016/snapshot_step_14526.pt;artifacts/BUYCTRL_DET_EXP045/arms/BUYSHUF-S44-V1016/snapshot_step_14526.pt;artifacts/BUYCTRL_DET_EXP045/arms/BUYTRUE-S42-V1016/snapshot_step_14526.pt;artifacts/BUYCTRL_DET_EXP045/arms/BUYTRUE-S43-V1016/snapshot_step_14526.pt;artifacts/BUYCTRL_DET_EXP045/arms/BUYTRUE-S44-V1016/snapshot_step_14526.pt,Orphan candidate means no mechanical link was recovered; it does not assert the artifact was unused.
snapshot_step_19368,model_only,team_a:exp_045,unknown,no,linked_by_artifact_path_association,unknown,unknown,artifacts/BUYCTRL_DET_EXP045/arms/BUYSHUF-S42-V1016/snapshot_step_19368.pt;artifacts/BUYCTRL_DET_EXP045/arms/BUYSHUF-S43-V1016/snapshot_step_19368.pt;artifacts/BUYCTRL_DET_EXP045/arms/BUYSHUF-S44-V1016/snapshot_step_19368.pt;artifacts/BUYCTRL_DET_EXP045/arms/BUYTRUE-S42-V1016/snapshot_step_19368.pt;artifacts/BUYCTRL_DET_EXP045/arms/BUYTRUE-S43-V1016/snapshot_step_19368.pt;artifacts/BUYCTRL_DET_EXP045/arms/BUYTRUE-S44-V1016/snapshot_step_19368.pt,Orphan candidate means no mechanical link was recovered; it does not assert the artifact was unused.
status,oof_only,team_a:exp_067,oof_status,yes,linked_by_artifact_path_association,research/strategies/results/AUTHORITATIVE_LATEST_AUDIT_20260825_160144/oof_status.json;research/strategies/results/AUTHORITATIVE_LATEST_AUDIT_20260825_160144_V2/oof_status.json,unknown,unknown,Orphan candidate means no mechanical link was recovered; it does not assert the artifact was unused.
strongest_oof_replay,oof_only,independent_global_regime:exp_057,strongest_oof_replay,yes,linked_by_artifact_path_association,linked_worktree/independent_global_regime/artifacts/GLOBAL_REGIME_OCC_EXP057/strongest_oof_replay.json,unknown,unknown,Orphan candidate means no mechanical link was recovered; it does not assert the artifact was unused.
tier_a_fixed_mix,oof_only,component_family:mix;independent_anniversary:exp_058;independent_calendar:exp_029;independent_domain:exp_028;independent_global_regime:exp_057;independent_renewal:exp_027,unknown,no,linked_by_artifact_path_association,research/strategies/results/tier_a_fixed_mix_oof.csv;linked_worktree/independent_anniversary/research/strategies/results/tier_a_fixed_mix_oof.csv;linked_worktree/independent_calendar/research/strategies/results/tier_a_fixed_mix_oof.csv;linked_worktree/independent_domain/research/strategies/results/tier_a_fixed_mix_oof.csv;linked_worktree/independent_global_regime/research/strategies/results/tier_a_fixed_mix_oof.csv;linked_worktree/independent_renewal/research/strategies/results/tier_a_fixed_mix_oof.csv,unknown,unknown,Orphan candidate means no mechanical link was recovered; it does not assert the artifact was unused.
