original_path,filename,extension,type,purpose,size_bytes,sha256,experiment_association,schema_or_arrays,last_write_utc,copied,evidence_excluded
artifacts/AUTHORITATIVE_LATEST_AUDIT_20260825_160144/latest_reconstructed.csv,latest_reconstructed.csv,.csv,test_prediction,test_prediction,6613022,a9dc2dabdc693cd510c0428c501154898ec11f1e15b0694261471757cae274a1,team_a:exp_067,columns=user_id|predict,1787663139705346200,no,no
artifacts/AUTHORITATIVE_LATEST_AUDIT_20260825_160144_V2/latest_reconstructed.csv,latest_reconstructed.csv,.csv,test_prediction,test_prediction,6613022,a9dc2dabdc693cd510c0428c501154898ec11f1e15b0694261471757cae274a1,team_a:exp_067,columns=user_id|predict,1787663212993460200,no,no
artifacts/availcurve_SEQ-03A-A25-S42-V1016_on1016.csv,availcurve_SEQ-03A-A25-S42-V1016_on1016.csv,.csv,metrics_or_diagnostics,run_metrics_or_diagnostics,1364,f20a3602c114a3ba1d96c012a9636fd5db5dd361f7dd34742e912a23ac6122d6,component_family:seq;team_a:exp_025,columns=ckpt|panel|aug|shift|n_zero_left|rmsle|rmsle_cal|offset|mean_z|var_vs_k0|corr_vs_k0|d_cal,1786663039802753400,no,no
artifacts/availcurve_SEQ-03A-B-S42-V1016_on1016.csv,availcurve_SEQ-03A-B-S42-V1016_on1016.csv,.csv,metrics_or_diagnostics,run_metrics_or_diagnostics,1342,6ff2d301ede63c5ea246402b8426cbbdd0dc1f263553fc96bb75b2cc9014af51,component_family:seq;team_a:exp_025,columns=ckpt|panel|aug|shift|n_zero_left|rmsle|rmsle_cal|offset|mean_z|var_vs_k0|corr_vs_k0|d_cal,1786656261601367800,no,no
artifacts/availcurve_SEQ-03A-BASE-S42-V1016_on1016.csv,availcurve_SEQ-03A-BASE-S42-V1016_on1016.csv,.csv,metrics_or_diagnostics,run_metrics_or_diagnostics,1309,01f801e4af4bd6fdb996ff298eba891ca9ff4a61c8b091d481aeea78afb8d563,component_family:seq;team_a:exp_025,columns=ckpt|panel|aug|shift|n_zero_left|rmsle|rmsle_cal|offset|mean_z|var_vs_k0|corr_vs_k0|d_cal,1786650972041354200,no,no
artifacts/BLOCK4_SAF_fold_20250904.npz,BLOCK4_SAF_fold_20250904.npz,.npz,fold_artifact,unclassified,10174616,f4c439ba7531adbe1dc7fbedabe781ac8b1a74c8245c13d511412f39be9ab6b6,team_a:exp_039,"arrays=uid:(188518,):int64|y:(188518,):float32|activity:(188518,):int8|z_base:(188518,):float32|q:(188518,):float32|q_seed:(3, 188518):float32|nu_c:(3, 188518):float32|nu_f:(3, 188518):float32|nu_shuf:(3, 188518):float32|w180:(188518,):float32|rec:(188518,):float32",1787307204689257900,no,no
artifacts/BLOCK4_SAF_fold_20250918.npz,BLOCK4_SAF_fold_20250918.npz,.npz,fold_artifact,unclassified,10304634,35f29cec48a4a18066265219d36e87a2b295ea95acb843047cce373e093db8de,team_a:exp_039,"arrays=uid:(191025,):int64|y:(191025,):float32|activity:(191025,):int8|z_base:(191025,):float32|q:(191025,):float32|q_seed:(3, 191025):float32|nu_c:(3, 191025):float32|nu_f:(3, 191025):float32|nu_shuf:(3, 191025):float32|w180:(191025,):float32|rec:(191025,):float32",1787307521837702100,no,no
artifacts/BLOCK4_SAF_fold_20251002.npz,BLOCK4_SAF_fold_20251002.npz,.npz,fold_artifact,unclassified,10436049,c91369206b0f8e20e281772d7ad0a263e70dae01ebaa6141e4155dbb539236fc,team_a:exp_039,"arrays=uid:(193694,):int64|y:(193694,):float32|activity:(193694,):int8|z_base:(193694,):float32|q:(193694,):float32|q_seed:(3, 193694):float32|nu_c:(3, 193694):float32|nu_f:(3, 193694):float32|nu_shuf:(3, 193694):float32|w180:(193694,):float32|rec:(193694,):float32",1787307908812945400,no,no
artifacts/BLOCK4_SAF_fold_20251016.npz,BLOCK4_SAF_fold_20251016.npz,.npz,fold_artifact,unclassified,10626232,576e59bf34bd386d5f3b72d3ace2bdf6678ea15fc8ea7661ffd326fa9333c5ae,team_a:exp_039,"arrays=uid:(197379,):int64|y:(197379,):float32|activity:(197379,):int8|z_base:(197379,):float32|q:(197379,):float32|q_seed:(3, 197379):float32|nu_c:(3, 197379):float32|nu_f:(3, 197379):float32|nu_shuf:(3, 197379):float32|w180:(197379,):float32|rec:(197379,):float32",1787308379013570000,no,no
artifacts/BLOCK4_SAF_test_raw.npz,BLOCK4_SAF_test_raw.npz,.npz,test_prediction,test_prediction,12927670,658bb6435b35fbe445ecd9cef9faa4376fd62282f6b158205c3496591be465a2,team_a:exp_039,"arrays=uid:(250000,):int64|z_base:(250000,):float32|q:(250000,):float32|q_seed:(3, 250000):float32|nu_c:(3, 250000):float32|nu_f:(3, 250000):float32|nu_shuf:(3, 250000):float32|w180:(250000,):float32|rec:(250000,):float32",1787308991354996200,no,no
artifacts/BTYD_DAY_BGNBD_EXP047_V2/baseline_manifest.json,baseline_manifest.json,.json,manifest,unclassified,3305,39262e15bbbae8af39c5d62b9db080f6e51223830388ee0f6e4b816e53ed7ae2,component_family:btyd;team_a:exp_047,keys=components|fold_cal|fold_sizes|prediction_sha256|row_keys_sha256|status|target_sha256|tolerance|wcv|weights,1787501330846720600,no,no
artifacts/BTYD_DAY_BGNBD_EXP047_V2/oof_raw.npz,oof_raw.npz,.npz,oof_prediction,out_of_fold_prediction,29401312,754d930b2347beb400b947c416cf56cc036f0b80c35ea039402432263b89d6af,component_family:btyd;team_a:exp_047,"arrays=user_id:(770616,):int64|cutoff:(770616,):<U10|y:(770616,):float64|z_strongest:(770616,):float64|x:(770616,):int32|t_x:(770616,):int32|T:(770616,):int32|group:(770616,):int8|p_alive:(770616,):float32|expected_count_30:(770616,):float32|mu_u:(770616,):float32|sigma_population:(770616,):float32|z_btyd:(770616,):float64|hash_side:(770616,):uint64|actual_count_30:(770616,):int16|rec_buy:(770616,):float32|w180_days_buy:(770616,):float32",1787501440746504200,no,no
artifacts/BTYD_STABLE_EXP051/baseline_manifest.json,baseline_manifest.json,.json,manifest,unclassified,3305,39262e15bbbae8af39c5d62b9db080f6e51223830388ee0f6e4b816e53ed7ae2,component_family:btyd;team_a:exp_051,keys=components|fold_cal|fold_sizes|prediction_sha256|row_keys_sha256|status|target_sha256|tolerance|wcv|weights,1787517237225256700,no,no
artifacts/BTYD_STABLE_EXP051/oof_raw.npz,oof_raw.npz,.npz,oof_prediction,out_of_fold_prediction,29401536,093358cc2da37fd5aa545ec3c68f693e5de1d13889bcc5006d62a5ed131f87c7,component_family:btyd;team_a:exp_051,"arrays=user_id:(770616,):int64|cutoff:(770616,):<U10|y:(770616,):float64|z_strongest:(770616,):float64|x:(770616,):int32|t_x:(770616,):int32|T:(770616,):int32|group:(770616,):int8|p_alive:(770616,):float32|expected_count_30:(770616,):float32|mu_u:(770616,):float32|sigma_population:(770616,):float32|z_btyd:(770616,):float64|hash_side:(770616,):uint64|actual_count_30:(770616,):int16|rec_buy:(770616,):float32|w180_days_buy:(770616,):float32",1787517335036014500,no,no
artifacts/BTYD_STABLE_EXP051/test_raw.npz,test_raw.npz,.npz,test_prediction,test_prediction,14936376,5222d26166c600ba201958937d7226ba535a49a1c7aeb2a8dc3b328b437e5a43,component_family:btyd;team_a:exp_051,"arrays=user_id:(250000,):int64|group:(250000,):int8|x:(250000,):int32|t_x:(250000,):int32|p_alive:(250000,):float64|expected_count_30:(250000,):float64|mu_u:(250000,):float64|sigma_population:(250000,):float64|z_btyd:(250000,):float64|pmf_tail_30:(250000,):float64|hash_side:(250000,):uint64|z_strongest:(250000,):float64|correction_raw:(250000,):float64|correction_centered:(250000,):float64",1787517538424444500,no,no
artifacts/BURST_GAP_EXP054/baseline_manifest.json,baseline_manifest.json,.json,manifest,unclassified,5732,f43bbacc31578eef4fc449608a43714bd94a52b03ce22d11b84d5afa2ed546b1,component_family:gap;team_a:exp_054,keys=base_head|component_manifest|current_head|etx_baseline|experiment_id|initial_git_status_path|isolation|late_fold_expected|late_fold_observed|parameter_audit|status|strongest_current|weights,1787575764840146000,no,no
artifacts/BURST_GAP_EXP054/cache_manifest.json,cache_manifest.json,.json,manifest,unclassified,1383,fd99e704354bb78555d328a5b1cb62a38e297b6503bece259dd39e2403b58ae6,component_family:gap;team_a:exp_054,keys=columns|cutoff_safe|episode_sha256|path|row_key_sha256|rows|runtime_s|target_sha256,1787575825599496500,no,no
artifacts/BURST_GAP_EXP054/summary.json,summary.json,.json,metrics_or_diagnostics,run_metrics_or_diagnostics,9603,34bf5908d2c490ac66bb28a5c6efdfd17edf3675641ef37a8f104d82a1fb0676,component_family:gap;team_a:exp_054,keys=auc_gain|auc_real|auc_shuffled|base_feature_count|both_recipient_halves_better|correction_residual_corr_positive_both|criteria|episode_feature_count|episode_novelty_pass|feature_names|fixed_scales|gpu_allowed|mid_activity_p_positive_spread|probe_params|real_half_metrics|real_late_delta|real_minus_shuffled|shuffled_half_metrics|shuffled_late_delta|verdict,1787576970768577500,no,no
artifacts/BUYCTRL_DET_EXP045/arms/BUYSHUF-S42-V1016/snapshot_step_00000.pt,snapshot_step_00000.pt,.pt,checkpoint_or_model,trained_model_state,1015687,440c05cb6b3f0a72472c1979d2aa65dfcb2cf484331dcc8e24710a15fa422d88,team_a:exp_045,unknown,1787417554712515600,no,no
artifacts/BUYCTRL_DET_EXP045/arms/BUYSHUF-S42-V1016/snapshot_step_00001.pt,snapshot_step_00001.pt,.pt,checkpoint_or_model,trained_model_state,3032299,f776cd71a8b7b27401d11373bebf9260c889ff55b6c665fa1470d6c28cb57359,team_a:exp_045,unknown,1787417555815230700,no,no
artifacts/BUYCTRL_DET_EXP045/arms/BUYSHUF-S42-V1016/snapshot_step_00100.pt,snapshot_step_00100.pt,.pt,checkpoint_or_model,trained_model_state,3032299,b40e62974ecb1b1bf65eb4e85df1abc6bc46ad44c00fcdcf7621e8e25780a359,team_a:exp_045,unknown,1787417586955792800,no,no
artifacts/BUYCTRL_DET_EXP045/arms/BUYSHUF-S42-V1016/snapshot_step_01000.pt,snapshot_step_01000.pt,.pt,checkpoint_or_model,trained_model_state,3032299,6ee61c3bb61854de51cf76c55b6632510c5b176956e56b1fd051f56ca238e479,team_a:exp_045,unknown,1787417870587084500,no,no
artifacts/BUYCTRL_DET_EXP045/arms/BUYSHUF-S42-V1016/snapshot_step_04842.pt,snapshot_step_04842.pt,.pt,checkpoint_or_model,trained_model_state,3032299,1d2d997768f71a2547b5c0d55c96a6a1d39dffd3b226382d00ce7e50618a1df2,team_a:exp_045,unknown,1787419068146962600,no,no
artifacts/BUYCTRL_DET_EXP045/arms/BUYSHUF-S42-V1016/snapshot_step_09684.pt,snapshot_step_09684.pt,.pt,checkpoint_or_model,trained_model_state,3032299,06707412e1b061a9fff9dbbe79c74b15b7c965b7bb50f7c88fda2c63342b51ce,team_a:exp_045,unknown,1787420522702342700,no,no
artifacts/BUYCTRL_DET_EXP045/arms/BUYSHUF-S42-V1016/snapshot_step_14526.pt,snapshot_step_14526.pt,.pt,checkpoint_or_model,trained_model_state,3032299,0a6f071c075d1d560d196af21734be7a20bc204ff09b6457f323da01fa450781,team_a:exp_045,unknown,1787421898087009100,no,no
artifacts/BUYCTRL_DET_EXP045/arms/BUYSHUF-S42-V1016/snapshot_step_19368.pt,snapshot_step_19368.pt,.pt,checkpoint_or_model,trained_model_state,3032299,a5ee0de39d815ccf05afd04c1f08eb81623e66b10e20304ddc51cf6b5b6839ef,team_a:exp_045,unknown,1787423264656364200,no,no
artifacts/BUYCTRL_DET_EXP045/arms/BUYSHUF-S43-V1016/snapshot_step_00000.pt,snapshot_step_00000.pt,.pt,checkpoint_or_model,trained_model_state,1015623,bb110ef3c8f9c9ec199c5780dbe11edfe5840ad6ee4a2e4b0519876fa32f7e8b,team_a:exp_045,unknown,1787429076336117600,no,no
artifacts/BUYCTRL_DET_EXP045/arms/BUYSHUF-S43-V1016/snapshot_step_00001.pt,snapshot_step_00001.pt,.pt,checkpoint_or_model,trained_model_state,3032299,59e2e54332f05c80f1bfcd8b4f1593a820650543c6077bf53683ff97114408cc,team_a:exp_045,unknown,1787429077576438800,no,no
artifacts/BUYCTRL_DET_EXP045/arms/BUYSHUF-S43-V1016/snapshot_step_00100.pt,snapshot_step_00100.pt,.pt,checkpoint_or_model,trained_model_state,3032299,8857ab00ed4b50354f4e76470ff12ed40fb278350487bad0d7177e6efd08b097,team_a:exp_045,unknown,1787429106327880700,no,no
artifacts/BUYCTRL_DET_EXP045/arms/BUYSHUF-S43-V1016/snapshot_step_01000.pt,snapshot_step_01000.pt,.pt,checkpoint_or_model,trained_model_state,3032299,4d1a5f876a653e7e92db59f5ee14e1e75e847d9e0b618bcf743fc32d3a16760a,team_a:exp_045,unknown,1787429370500915700,no,no
artifacts/BUYCTRL_DET_EXP045/arms/BUYSHUF-S43-V1016/snapshot_step_04842.pt,snapshot_step_04842.pt,.pt,checkpoint_or_model,trained_model_state,3032299,bcda60f653384a2e5bc7285ab6c4b316acb555f11dac2922c6520a1d96d96360,team_a:exp_045,unknown,1787430724914168400,no,no
artifacts/BUYCTRL_DET_EXP045/arms/BUYSHUF-S43-V1016/snapshot_step_09684.pt,snapshot_step_09684.pt,.pt,checkpoint_or_model,trained_model_state,3032299,1b8ad06af41c2a35f9482753a1ed380665c2ac00778a608789e6bc73b72e5097,team_a:exp_045,unknown,1787432302573597900,no,no
artifacts/BUYCTRL_DET_EXP045/arms/BUYSHUF-S43-V1016/snapshot_step_14526.pt,snapshot_step_14526.pt,.pt,checkpoint_or_model,trained_model_state,3032299,fed343d77c99271fb23f8fac7bd7239c33f205d9c1d3fa8c079b679b0f97d60e,team_a:exp_045,unknown,1787433841718461800,no,no
artifacts/BUYCTRL_DET_EXP045/arms/BUYSHUF-S43-V1016/snapshot_step_19368.pt,snapshot_step_19368.pt,.pt,checkpoint_or_model,trained_model_state,3032299,c39c1b948073fad5e63020614d4899af3b6291f5ca545b8b4ba2c6fa0d03d9e8,team_a:exp_045,unknown,1787435296789083800,no,no
artifacts/BUYCTRL_DET_EXP045/arms/BUYSHUF-S44-V1016/snapshot_step_00000.pt,snapshot_step_00000.pt,.pt,checkpoint_or_model,trained_model_state,1015623,bf5cb9518571213c079476e9a84e0d7bdff4bf4d34b8541202c101b425d17d4e,team_a:exp_045,unknown,1787441479868309400,no,no
artifacts/BUYCTRL_DET_EXP045/arms/BUYSHUF-S44-V1016/snapshot_step_00001.pt,snapshot_step_00001.pt,.pt,checkpoint_or_model,trained_model_state,3032299,04da3b4e2b08c2cdb6a0c4e0c1b0019d21a3139fe7d4defe810b2ca49745136a,team_a:exp_045,unknown,1787441481198918300,no,no
artifacts/BUYCTRL_DET_EXP045/arms/BUYSHUF-S44-V1016/snapshot_step_00100.pt,snapshot_step_00100.pt,.pt,checkpoint_or_model,trained_model_state,3032299,e5f734057507521865712f34e09f6b6f976c1c1e950d675075433fc33a620d33,team_a:exp_045,unknown,1787441513972237600,no,no
artifacts/BUYCTRL_DET_EXP045/arms/BUYSHUF-S44-V1016/snapshot_step_01000.pt,snapshot_step_01000.pt,.pt,checkpoint_or_model,trained_model_state,3032299,139af96cd0c8fdc84570191fc71815773bb2d3d456d808a61edef481a08ea1a4,team_a:exp_045,unknown,1787441835220492500,no,no
artifacts/BUYCTRL_DET_EXP045/arms/BUYSHUF-S44-V1016/snapshot_step_04842.pt,snapshot_step_04842.pt,.pt,checkpoint_or_model,trained_model_state,3032299,1d6dfd882250e194edd16be98cbd23f9da248477c6af4ec4d95aa80085a4e306,team_a:exp_045,unknown,1787443196043555600,no,no
artifacts/BUYCTRL_DET_EXP045/arms/BUYSHUF-S44-V1016/snapshot_step_09684.pt,snapshot_step_09684.pt,.pt,checkpoint_or_model,trained_model_state,3032299,e5bf64689a217488313273c93007545e35684ea13947c33abdf840e60ea94186,team_a:exp_045,unknown,1787444635487987700,no,no
artifacts/BUYCTRL_DET_EXP045/arms/BUYSHUF-S44-V1016/snapshot_step_14526.pt,snapshot_step_14526.pt,.pt,checkpoint_or_model,trained_model_state,3032299,fff7adb7207ed3bec44d0dc3b2c052616db0cf96bb9b2e59bbebbdadf258c515,team_a:exp_045,unknown,1787446039338766700,no,no
artifacts/BUYCTRL_DET_EXP045/arms/BUYSHUF-S44-V1016/snapshot_step_19368.pt,snapshot_step_19368.pt,.pt,checkpoint_or_model,trained_model_state,3032299,efadd83f443ceabec57facfcb00717ed8e3c9a1081de1a2bc1c7f1c6b37e5b6b,team_a:exp_045,unknown,1787447449595790500,no,no
artifacts/BUYCTRL_DET_EXP045/arms/BUYTRUE-S42-V1016/snapshot_step_00000.pt,snapshot_step_00000.pt,.pt,checkpoint_or_model,trained_model_state,1015687,440c05cb6b3f0a72472c1979d2aa65dfcb2cf484331dcc8e24710a15fa422d88,team_a:exp_045,unknown,1787411421394674500,no,no
artifacts/BUYCTRL_DET_EXP045/arms/BUYTRUE-S42-V1016/snapshot_step_00001.pt,snapshot_step_00001.pt,.pt,checkpoint_or_model,trained_model_state,3032299,18ab83cba7f794ace5f21712a63cb0df1d98e9ae8b41f87cb44f62e17a7a84cf,team_a:exp_045,unknown,1787411422933607300,no,no
artifacts/BUYCTRL_DET_EXP045/arms/BUYTRUE-S42-V1016/snapshot_step_00100.pt,snapshot_step_00100.pt,.pt,checkpoint_or_model,trained_model_state,3032299,f4defd5238bc365edb748f194c3210148fd04fd29d4a8f41442494d06a3b5cb1,team_a:exp_045,unknown,1787411454352744600,no,no
artifacts/BUYCTRL_DET_EXP045/arms/BUYTRUE-S42-V1016/snapshot_step_01000.pt,snapshot_step_01000.pt,.pt,checkpoint_or_model,trained_model_state,3032299,f066181f41af7a0eb8c6245d0475fb2a6578a64bfc050c3664b5fff0b6a1ed87,team_a:exp_045,unknown,1787411733724822900,no,no
artifacts/BUYCTRL_DET_EXP045/arms/BUYTRUE-S42-V1016/snapshot_step_04842.pt,snapshot_step_04842.pt,.pt,checkpoint_or_model,trained_model_state,3032299,8a211becd4649e899cbdf9a87770d125cdde70a3a4968dd6526b135122c023df,team_a:exp_045,unknown,1787412905880321400,no,no
artifacts/BUYCTRL_DET_EXP045/arms/BUYTRUE-S42-V1016/snapshot_step_09684.pt,snapshot_step_09684.pt,.pt,checkpoint_or_model,trained_model_state,3032299,c68769bc51ba01b0d917b3bdb22fe5dab91b672a689aa5be78d3aa02771b7e3f,team_a:exp_045,unknown,1787414402662285400,no,no
artifacts/BUYCTRL_DET_EXP045/arms/BUYTRUE-S42-V1016/snapshot_step_14526.pt,snapshot_step_14526.pt,.pt,checkpoint_or_model,trained_model_state,3032299,62844571f1b2ad8eaa0f111502a06523220931845a17036bd6aea9c14265d956,team_a:exp_045,unknown,1787415962379386600,no,no
artifacts/BUYCTRL_DET_EXP045/arms/BUYTRUE-S42-V1016/snapshot_step_19368.pt,snapshot_step_19368.pt,.pt,checkpoint_or_model,trained_model_state,3032299,e88071478fdd2b288aa18f5d0d513657ef5a959bac4050e4d04d5b1a842d4d9f,team_a:exp_045,unknown,1787417525139749900,no,no
artifacts/BUYCTRL_DET_EXP045/arms/BUYTRUE-S43-V1016/snapshot_step_00000.pt,snapshot_step_00000.pt,.pt,checkpoint_or_model,trained_model_state,1015623,bb110ef3c8f9c9ec199c5780dbe11edfe5840ad6ee4a2e4b0519876fa32f7e8b,team_a:exp_045,unknown,1787423317762914900,no,no
artifacts/BUYCTRL_DET_EXP045/arms/BUYTRUE-S43-V1016/snapshot_step_00001.pt,snapshot_step_00001.pt,.pt,checkpoint_or_model,trained_model_state,3032299,c24f015c9636e2aad715447b0d246f6948e49ab3c37a78dbc274a66850676215,team_a:exp_045,unknown,1787423318902713700,no,no
artifacts/BUYCTRL_DET_EXP045/arms/BUYTRUE-S43-V1016/snapshot_step_00100.pt,snapshot_step_00100.pt,.pt,checkpoint_or_model,trained_model_state,3032299,374dd6cf0605dfca0e8af433c9c844363b2a511c49ed2b2fc5a2b046c7574ca7,team_a:exp_045,unknown,1787423348528444200,no,no
artifacts/BUYCTRL_DET_EXP045/arms/BUYTRUE-S43-V1016/snapshot_step_01000.pt,snapshot_step_01000.pt,.pt,checkpoint_or_model,trained_model_state,3032299,8fc2c5be4d5b0c468fdbd57bc3a5105f6854a9ca818313041a7a10ccfd3d2610,team_a:exp_045,unknown,1787423601087518000,no,no
artifacts/BUYCTRL_DET_EXP045/arms/BUYTRUE-S43-V1016/snapshot_step_04842.pt,snapshot_step_04842.pt,.pt,checkpoint_or_model,trained_model_state,3032299,2ffe4691e39ef0e5a6e6af3dac102eaea76829ce1741b6f3fc16d9c3352a23b5,team_a:exp_045,unknown,1787424707246428800,no,no
artifacts/BUYCTRL_DET_EXP045/arms/BUYTRUE-S43-V1016/snapshot_step_09684.pt,snapshot_step_09684.pt,.pt,checkpoint_or_model,trained_model_state,3032299,774ba0a5e3f63a05642658d7163a725c796b48c03669c66db388fa0d10c7e47d,team_a:exp_045,unknown,1787426202631920100,no,no
artifacts/BUYCTRL_DET_EXP045/arms/BUYTRUE-S43-V1016/snapshot_step_14526.pt,snapshot_step_14526.pt,.pt,checkpoint_or_model,trained_model_state,3032299,99d6e944e0e5c24f64c6de9b6d2080b9285ca329b38af04d52c32976e01f14fc,team_a:exp_045,unknown,1787427633564074900,no,no
artifacts/BUYCTRL_DET_EXP045/arms/BUYTRUE-S43-V1016/snapshot_step_19368.pt,snapshot_step_19368.pt,.pt,checkpoint_or_model,trained_model_state,3032299,f8f698df64ae026c3df8b0e152f6207db548c0e1141f93e01147928fffa46d45,team_a:exp_045,unknown,1787429045435922700,no,no
artifacts/BUYCTRL_DET_EXP045/arms/BUYTRUE-S44-V1016/snapshot_step_00000.pt,snapshot_step_00000.pt,.pt,checkpoint_or_model,trained_model_state,1015623,bf5cb9518571213c079476e9a84e0d7bdff4bf4d34b8541202c101b425d17d4e,team_a:exp_045,unknown,1787435357578194800,no,no
artifacts/BUYCTRL_DET_EXP045/arms/BUYTRUE-S44-V1016/snapshot_step_00001.pt,snapshot_step_00001.pt,.pt,checkpoint_or_model,trained_model_state,3032299,6a2a7d15a55f9d481eaf77285e5cc786674d46f0d6d3f95885c1cba76626c643,team_a:exp_045,unknown,1787435358824691000,no,no
artifacts/BUYCTRL_DET_EXP045/arms/BUYTRUE-S44-V1016/snapshot_step_00100.pt,snapshot_step_00100.pt,.pt,checkpoint_or_model,trained_model_state,3032299,d74c07c056428e7ed59fd5adb0884f2e35f80cde0826e80a1e6dca5d409880a0,team_a:exp_045,unknown,1787435389225250700,no,no
artifacts/BUYCTRL_DET_EXP045/arms/BUYTRUE-S44-V1016/snapshot_step_01000.pt,snapshot_step_01000.pt,.pt,checkpoint_or_model,trained_model_state,3032299,bb01a7da9e8fcf740e98aff68d83939adff11014a2411b82fac365c9406f4b7b,team_a:exp_045,unknown,1787435658753856000,no,no
artifacts/BUYCTRL_DET_EXP045/arms/BUYTRUE-S44-V1016/snapshot_step_04842.pt,snapshot_step_04842.pt,.pt,checkpoint_or_model,trained_model_state,3032299,3bb8df62b15aefd8ff049f5402c931714d3beec592e051a55b8f9c071a196966,team_a:exp_045,unknown,1787436847500179000,no,no
artifacts/BUYCTRL_DET_EXP045/arms/BUYTRUE-S44-V1016/snapshot_step_09684.pt,snapshot_step_09684.pt,.pt,checkpoint_or_model,trained_model_state,3032299,3d9321781d86fa8af3c602e9e7efc8c059534e8ea708d4578055129354d48ffc,team_a:exp_045,unknown,1787438353483873100,no,no
artifacts/BUYCTRL_DET_EXP045/arms/BUYTRUE-S44-V1016/snapshot_step_14526.pt,snapshot_step_14526.pt,.pt,checkpoint_or_model,trained_model_state,3032299,19022b48fcc96a6f26ae34d1d71b220b7b03543c9060f8564b64872d21d25bd6,team_a:exp_045,unknown,1787439897033330100,no,no
artifacts/BUYCTRL_DET_EXP045/arms/BUYTRUE-S44-V1016/snapshot_step_19368.pt,snapshot_step_19368.pt,.pt,checkpoint_or_model,trained_model_state,3032299,4af031ab40ce897e155d89ffbacc4bd98adfa836f5211f726f0a5ea73d2a917b,team_a:exp_045,unknown,1787441445077482500,no,no
artifacts/BUYCTRL_DET_EXP045/plans/buyctrl_s42_aux_init.pt,buyctrl_s42_aux_init.pt,.pt,checkpoint_or_model,trained_model_state,2853,20c19986de4d7d73b6436428ef6495dc80867df8349c9f5d14312ac219b666ac,team_a:exp_045,unknown,1787411345835200500,no,no
artifacts/BUYCTRL_DET_EXP045/plans/buyctrl_s43_aux_init.pt,buyctrl_s43_aux_init.pt,.pt,checkpoint_or_model,trained_model_state,2853,8f6c1e886af718dbaa38af979b545e0748d59bc470ca11bd00703d4f0aebba5b,team_a:exp_045,unknown,1787411348148851800,no,no
artifacts/BUYCTRL_DET_EXP045/plans/buyctrl_s44_aux_init.pt,buyctrl_s44_aux_init.pt,.pt,checkpoint_or_model,trained_model_state,2853,090f4d9554bfc39d053c76008af6fad8a72f3b08d20816697a4ba1c7db679ebd,team_a:exp_045,unknown,1787411350311256200,no,no
artifacts/BUYCTRL_DET_EXP045/seed_summary.csv,seed_summary.csv,.csv,metrics_or_diagnostics,run_metrics_or_diagnostics,2302,1554a626db14c6d27068cd9355e8c96e0752a2351c57fde9359126294c265dca,team_a:exp_045,columns=seed|rmsle_cal_base|rmsle_cal_buytrue|rmsle_cal_buyshuf|buytrue_minus_buyshuf|buytrue_minus_base|activity_auc_base|activity_auc_buytrue|activity_auc_buyshuf|auxiliary_bce_buytrue|auxiliary_bce_buyshuf|auxiliary_auc_buytrue|auxiliary_auc_buyshuf|true_shuf_var_delta_z|true_shuf_correlation|true_shuf_mean_delta_z|true_shuf_offset_difference|true_base_var_delta_z|true_base_correlation|true_base_mean_delta_z|true_base_offset_difference|base_prediction_sha256|buytrue_prediction_sha256|buyshuf_prediction_sha256,1787447476931380000,no,no
artifacts/BUYCTRL_DET_EXP045/segment_summary.csv,segment_summary.csv,.csv,metrics_or_diagnostics,run_metrics_or_diagnostics,2479,2d7c0cd3f0257f55145e319c1a26a4b11ff98f5f56f240dfe152682634e3d4eb,team_a:exp_045,columns=seed|segment|n|base_error|buytrue_error|buyshuf_error|buytrue_minus_buyshuf|buytrue_minus_base,1787447476931380000,no,no
artifacts/BUYCTRL_DET_EXP045/zero_positive_summary.csv,zero_positive_summary.csv,.csv,metrics_or_diagnostics,run_metrics_or_diagnostics,989,ee99c727a518f2c7e09a8380f4cf6889f045d40666a40da24e5c79c8368abaa2,component_family:zero;team_a:exp_045,columns=seed|arm|n_positive|n_zero|positive_mse_contribution|positive_rmse|zero_mse_contribution|zero_rmse,1787447476932118700,no,no
artifacts/curve_ETX-01-S42-V0904.json,curve_ETX-01-S42-V0904.json,.json,metrics_or_diagnostics,run_metrics_or_diagnostics,4113,12b289c2cc0fb2358e8f52360c921435066620639d8f83ce4dd69ab687604e37,component_family:etx,keys=cfg|val|hist|n_params|runtime_s|peak_vram_gb|n_val|throughput_rows_s|tau_final,1787197701898586100,no,no
artifacts/curve_ETX-01-S42-V0918.json,curve_ETX-01-S42-V0918.json,.json,metrics_or_diagnostics,run_metrics_or_diagnostics,4100,d1446ea4a7ae8da8bb7d026d09e1ba77b879dd805724f3786f290ab5a3a570bd,component_family:etx,keys=cfg|val|hist|n_params|runtime_s|peak_vram_gb|n_val|throughput_rows_s|tau_final,1787192774157261600,no,no
artifacts/curve_ETX-01-S42-V1002.json,curve_ETX-01-S42-V1002.json,.json,metrics_or_diagnostics,run_metrics_or_diagnostics,4102,6e1e3a7de167380d98a1bbdeadd74c9311a8b8827d5366e386873040bbdd31d1,component_family:etx,keys=cfg|val|hist|n_params|runtime_s|peak_vram_gb|n_val|throughput_rows_s|tau_final,1787187288085977000,no,no
artifacts/curve_ETX-01-S42-V1016.json,curve_ETX-01-S42-V1016.json,.json,metrics_or_diagnostics,run_metrics_or_diagnostics,4095,cfbfb6f3dd739e7f77aa5dffd0705103fdac0e54a8d7cc68bb53b4464b0f7f00,component_family:etx,keys=cfg|val|hist|n_params|runtime_s|peak_vram_gb|n_val|throughput_rows_s|tau_final,1787180930044483800,no,no
artifacts/curve_ETX-01-S43-V0904.json,curve_ETX-01-S43-V0904.json,.json,metrics_or_diagnostics,run_metrics_or_diagnostics,3841,ff8b6c870191ef62f92e709291d6aad56abea173778e200339274497ee8af873,component_family:etx,keys=cfg|val|hist|n_params|runtime_s|peak_vram_gb|n_val|throughput_rows_s|tau_final,1787228037713384900,no,no
artifacts/curve_ETX-01-S43-V0918.json,curve_ETX-01-S43-V0918.json,.json,metrics_or_diagnostics,run_metrics_or_diagnostics,3859,ebe849a2cac99e622351654b8ed78f34b8c0952d40a2ea4da0df3ea41d68398f,component_family:etx,keys=cfg|val|hist|n_params|runtime_s|peak_vram_gb|n_val|throughput_rows_s|tau_final,1787228039773135000,no,no
artifacts/curve_ETX-01-S43-V1002.json,curve_ETX-01-S43-V1002.json,.json,metrics_or_diagnostics,run_metrics_or_diagnostics,3878,81933fa6718ec72c55cf69dd6d33f1ea0e2e20fb48c26385745ad5cb619a6ea6,component_family:etx,keys=cfg|val|hist|n_params|runtime_s|peak_vram_gb|n_val|throughput_rows_s|tau_final,1787228041791527000,no,no
artifacts/curve_ETX-01-S43-V1016.json,curve_ETX-01-S43-V1016.json,.json,metrics_or_diagnostics,run_metrics_or_diagnostics,3886,670109bfe800522ecb40253912c315b563e49e7a230b8c47c9503f96ecd81a26,component_family:etx,keys=cfg|val|hist|n_params|runtime_s|peak_vram_gb|n_val|throughput_rows_s|tau_final,1787228043862563100,no,no
artifacts/curve_ETX-01-S44-V0904.json,curve_ETX-01-S44-V0904.json,.json,metrics_or_diagnostics,run_metrics_or_diagnostics,4126,7c6e844fb5d65285c8301490d4958a575ddd2b5d1640ccf39e291de8059d891f,component_family:etx,keys=cfg|val|hist|n_params|runtime_s|peak_vram_gb|n_val|throughput_rows_s|tau_final,1787215947009971000,no,no
artifacts/curve_ETX-01-S44-V0918.json,curve_ETX-01-S44-V0918.json,.json,metrics_or_diagnostics,run_metrics_or_diagnostics,4158,910e2f023fa706d079779568abcf110435530ab59a4b6f94919934e8a19e10ed,component_family:etx,keys=cfg|val|hist|n_params|runtime_s|peak_vram_gb|n_val|throughput_rows_s|tau_final,1787221290355342400,no,no
artifacts/curve_ETX-01-S44-V1002.json,curve_ETX-01-S44-V1002.json,.json,metrics_or_diagnostics,run_metrics_or_diagnostics,4138,772e58879d214da921f56a2d4db6ca6a144c1428b9afaf0cd358aac16a88705f,component_family:etx,keys=cfg|val|hist|n_params|runtime_s|peak_vram_gb|n_val|throughput_rows_s|tau_final,1787227045484194500,no,no
artifacts/curve_ETX-01-S44-V1016.json,curve_ETX-01-S44-V1016.json,.json,metrics_or_diagnostics,run_metrics_or_diagnostics,3878,bea7f0524e28a6c887d26800db744ef9a6dd8460b0a038429ef092c082df8287,component_family:etx,keys=cfg|val|hist|n_params|runtime_s|peak_vram_gb|n_val|throughput_rows_s|tau_final,1787228045987788300,no,no
artifacts/curve_ETX-PROBE-LR0.00075-V1016.json,curve_ETX-PROBE-LR0.00075-V1016.json,.json,metrics_or_diagnostics,run_metrics_or_diagnostics,1685,127837aff38e87761b9b95a5bd9c191b843a7178349a9a2c7c110917f11a8a52,component_family:etx,keys=cfg|val|hist|n_params|runtime_s|peak_vram_gb|n_val|throughput_rows_s|tau_final,1787173499668921400,no,no
artifacts/curve_ETX-PROBE-LR0.0015-V1016.json,curve_ETX-PROBE-LR0.0015-V1016.json,.json,metrics_or_diagnostics,run_metrics_or_diagnostics,1766,e4e4608fb0c432dbf114a9f678dfd60711333ea4a0bae5592f8baa30e6602421,component_family:etx,keys=cfg|val|hist|n_params|runtime_s|peak_vram_gb|n_val|throughput_rows_s|tau_final,1787173716474895600,no,no
artifacts/curve_ETX-PROBE-LR0.003-V1016.json,curve_ETX-PROBE-LR0.003-V1016.json,.json,metrics_or_diagnostics,run_metrics_or_diagnostics,1760,f283a216d76258efe602d555e3f7d14d08bf647ea0c9f66dc8ee6426069568b5,component_family:etx,keys=cfg|val|hist|n_params|runtime_s|peak_vram_gb|n_val|throughput_rows_s|tau_final,1787173941740504700,no,no
artifacts/curve_FNL-BASE-E3-L00-S42-V1016.json,curve_FNL-BASE-E3-L00-S42-V1016.json,.json,metrics_or_diagnostics,run_metrics_or_diagnostics,1263,05293204897575ee008ef3b7bf7fc786302b11b13ff2e7eba506382be5177ee7,component_family:fnl,keys=cfg|val|arm|lam|heads|hist,1787247258201709800,no,no
artifacts/curve_FNL-BASE-L00-S42-V1016.json,curve_FNL-BASE-L00-S42-V1016.json,.json,metrics_or_diagnostics,run_metrics_or_diagnostics,1532,b2ea6ab59360e9911508d40e98bb70d434b4fe55db3e74837eab45f96fa6fb1a,component_family:fnl,keys=cfg|val|arm|lam|heads|hist,1787252478285021700,no,no
artifacts/curve_FNL-BASER2-L00-S42-V1016.json,curve_FNL-BASER2-L00-S42-V1016.json,.json,metrics_or_diagnostics,run_metrics_or_diagnostics,1527,d9d328803fb3cab3ea2dcda85480675b25dbe7963d21b4f1187f4118a197898c,component_family:fnl,keys=cfg|val|arm|lam|heads|hist,1787286938144727700,no,no
artifacts/curve_FNL-BUYCTRL-L10-S42-V1016.json,curve_FNL-BUYCTRL-L10-S42-V1016.json,.json,metrics_or_diagnostics,run_metrics_or_diagnostics,1604,bacb88f8a772554901137d9d0fcf56477d41becee01017011ddfdd9b2463689b,component_family:fnl,keys=cfg|val|arm|lam|heads|hist,1787273480042938900,no,no
artifacts/curve_FNL-BUYCTRL-L30-S42-V1016.json,curve_FNL-BUYCTRL-L30-S42-V1016.json,.json,metrics_or_diagnostics,run_metrics_or_diagnostics,1609,60591a8639a04d2cf9f4a4e0063e4f9002acd535d801dc4e323bd1c553b62a43,component_family:fnl,keys=cfg|val|arm|lam|heads|hist,1787263830007151200,no,no
artifacts/curve_FNL-CART-L10-S42-V1016.json,curve_FNL-CART-L10-S42-V1016.json,.json,metrics_or_diagnostics,run_metrics_or_diagnostics,1651,742856e4d2458fd8b47b7a75e70a6797d10bde7a026120362debc27e5eea67b4,component_family:fnl,keys=cfg|val|arm|lam|heads|hist,1787277919180583900,no,no
artifacts/curve_FNL-CART-L30-S42-V1016.json,curve_FNL-CART-L30-S42-V1016.json,.json,metrics_or_diagnostics,run_metrics_or_diagnostics,1664,d6d511400c2bcdb699a0af500a6aff8285f6c25c9be843d85dddd47c072968f6,component_family:fnl,keys=cfg|val|arm|lam|heads|hist,1787282477478001800,no,no
artifacts/curve_FNL-FUNNEL-L10-S42-V1016.json,curve_FNL-FUNNEL-L10-S42-V1016.json,.json,metrics_or_diagnostics,run_metrics_or_diagnostics,1741,327ef6771126a82bf5266aa9f0b7964e4a9cf5662c520092b18f97eec3f4e1fd,component_family:fnl,keys=cfg|val|arm|lam|heads|hist,1787269021093958800,no,no
artifacts/curve_FNL-FUNNEL-L30-S42-V1016.json,curve_FNL-FUNNEL-L30-S42-V1016.json,.json,metrics_or_diagnostics,run_metrics_or_diagnostics,1741,00a2a25f07b7ccdc91085157eeaae6c9ae6bc7e3dd7d45cd65e92aa251445afa,component_family:fnl,keys=cfg|val|arm|lam|heads|hist,1787258258927299000,no,no
artifacts/curve_SEQ-01-S42-V1002.json,curve_SEQ-01-S42-V1002.json,.json,metrics_or_diagnostics,run_metrics_or_diagnostics,459,6f7ce2c8460474aa00dca63745a2ba3f3ecec578e4a1d32e1e9c292f99c975e1,component_family:seq;team_a:exp_025,keys=cfg|val|hist,1786617937165280400,no,no
artifacts/curve_SEQ-01-S42-V1016.json,curve_SEQ-01-S42-V1016.json,.json,metrics_or_diagnostics,run_metrics_or_diagnostics,1059,dcd3330c4a6fe89055072f1211d3a2e73688241cca565d9d39d6025a8ec13433,component_family:seq;team_a:exp_025,keys=cfg|val|hist,1786613477871556200,no,no
artifacts/curve_SEQ-01-S43-V0904.json,curve_SEQ-01-S43-V0904.json,.json,metrics_or_diagnostics,run_metrics_or_diagnostics,452,93a8a38af32c1bd5a939a54868a80f2a040f10576fa830e72653c1447c5e8ab9,component_family:seq;team_a:exp_025,keys=cfg|val|hist,1786629963598856200,no,no
artifacts/curve_SEQ-01-S43-V0918.json,curve_SEQ-01-S43-V0918.json,.json,metrics_or_diagnostics,run_metrics_or_diagnostics,453,3cbd772790a91c4110fe0d425cade2910c4b525849bfe1d93c38958ba994d1f3,component_family:seq;team_a:exp_025,keys=cfg|val|hist,1786629965811680800,no,no
artifacts/curve_SEQ-01-S43-V1002.json,curve_SEQ-01-S43-V1002.json,.json,metrics_or_diagnostics,run_metrics_or_diagnostics,449,15efe5dde783e84a031c77606fc539520dce922f7ade15529eb06c7838605676,component_family:seq;team_a:exp_025,keys=cfg|val|hist,1786629968019665500,no,no
artifacts/curve_SEQ-01-S43-V1016.json,curve_SEQ-01-S43-V1016.json,.json,metrics_or_diagnostics,run_metrics_or_diagnostics,460,63fd41cbd512d6ea345a1670d650f1fb7105dd3891d7e24d0f21f48ac1a8a6bd,component_family:seq;team_a:exp_025,keys=cfg|val|hist,1786622609426761000,no,no
artifacts/curve_SEQ-01-S44-V1016.json,curve_SEQ-01-S44-V1016.json,.json,metrics_or_diagnostics,run_metrics_or_diagnostics,452,ab3f8cf28427f4a6205974de83e7cac347141c4219039d18eb5ba9bf9335906d,component_family:seq;team_a:exp_025,keys=cfg|val|hist,1786634957578366900,no,no
artifacts/curve_SEQ-03A-A25-S42-V1016.json,curve_SEQ-03A-A25-S42-V1016.json,.json,metrics_or_diagnostics,run_metrics_or_diagnostics,540,44427e34d3edb7da2a015bc5ec5ba29f15c39f347786821903549ddab23fde98,component_family:seq;team_a:exp_025,keys=cfg|val|hist,1786662754969976100,no,no
artifacts/curve_SEQ-03A-B-S42-V1016.json,curve_SEQ-03A-B-S42-V1016.json,.json,metrics_or_diagnostics,run_metrics_or_diagnostics,537,f2df7f67b4999bf4944df6ea411f614b042ca928eab9aef55c9ef7ee274abf39,component_family:seq;team_a:exp_025,keys=cfg|val|hist,1786656041544852200,no,no
artifacts/curve_SEQ-03A-BASE-S42-V1016.json,curve_SEQ-03A-BASE-S42-V1016.json,.json,metrics_or_diagnostics,run_metrics_or_diagnostics,533,c62b91b28c609c060f6bd01075b464c478ab24f54b8d92e61db99df3bf28f8ee,component_family:seq;team_a:exp_025,keys=cfg|val|hist,1786650787331004800,no,no
artifacts/curve_SEQ-D3A-BASE-S42-V0904.json,curve_SEQ-D3A-BASE-S42-V0904.json,.json,metrics_or_diagnostics,run_metrics_or_diagnostics,643,0fd1dd9c7966061b52369ccf8ae39c4aaf16f4e8dd7ca4a392eab7b53e0b3c02,component_family:seq;team_a:exp_025,keys=cfg|val|hist,1787030356326860400,no,no
artifacts/curve_SEQ-D3A-BASE-S42-V0918.json,curve_SEQ-D3A-BASE-S42-V0918.json,.json,metrics_or_diagnostics,run_metrics_or_diagnostics,642,5179ada97332572ee0d5774cf85e83c05be07858d80aed9d2c988b9106172474,component_family:seq;team_a:exp_025,keys=cfg|val|hist,1787023606033814300,no,no
artifacts/curve_SEQ-D3A-BASE-S42-V1002.json,curve_SEQ-D3A-BASE-S42-V1002.json,.json,metrics_or_diagnostics,run_metrics_or_diagnostics,640,83c68527d27dea1abd415dd3ccebef9c98e3b34416c5e053edc06476dcef3873,component_family:seq;team_a:exp_025,keys=cfg|val|hist,1787016106937905300,no,no
artifacts/curve_SEQ-D3A-BASE-S42-V1016.json,curve_SEQ-D3A-BASE-S42-V1016.json,.json,metrics_or_diagnostics,run_metrics_or_diagnostics,533,c62b91b28c609c060f6bd01075b464c478ab24f54b8d92e61db99df3bf28f8ee,component_family:seq;team_a:exp_025,keys=cfg|val|hist,1787007735182844400,no,no
artifacts/curve_SEQ-D3A-BASE-S43-V0918.json,curve_SEQ-D3A-BASE-S43-V0918.json,.json,metrics_or_diagnostics,run_metrics_or_diagnostics,641,bd2e25a45cf8f2fe8b46e27ff0a70fc9c90d79c6ba72d1a7ef36ca14bb7bf365,component_family:seq;team_a:exp_025,keys=cfg|val|hist,1787135671615485300,no,no
artifacts/curve_SEQ-D3A-G1-BASE-S43-V0904.json,curve_SEQ-D3A-G1-BASE-S43-V0904.json,.json,metrics_or_diagnostics,run_metrics_or_diagnostics,601,508032256fc4429a8436935d4d09d998ce5747e1436022c79170b70c60eda9fe,component_family:seq;team_a:exp_025,keys=cfg|val|hist,1787154254000000000,no,no
artifacts/curve_SEQ-D3A-G1-BASE-S43-V0918.json,curve_SEQ-D3A-G1-BASE-S43-V0918.json,.json,metrics_or_diagnostics,run_metrics_or_diagnostics,602,58a149f870682f11dcef064f391e74e3ccb7f75f4d2b70c978b2fef06d517e14,component_family:seq;team_a:exp_025,keys=cfg|val|hist,1787156887000000000,no,no
artifacts/curve_SEQ-D3A-G1-BASE-S43-V1002.json,curve_SEQ-D3A-G1-BASE-S43-V1002.json,.json,metrics_or_diagnostics,run_metrics_or_diagnostics,598,bdf8afec497daee90ce4cff6a7b4e9d3ead81d9c67f91b8ae12c13107b0b9014,component_family:seq;team_a:exp_025,keys=cfg|val|hist,1787151689000000000,no,no
artifacts/curve_SEQ-D3A-G1-BASE-S43-V1016.json,curve_SEQ-D3A-G1-BASE-S43-V1016.json,.json,metrics_or_diagnostics,run_metrics_or_diagnostics,599,664c200af183acbe98b73d43755dd3dbac696e443455ce8706d9f0080364b9f2,component_family:seq;team_a:exp_025,keys=cfg|val|hist,1787148350000000000,no,no
artifacts/curve_SEQ-D3A-G1-S43-V0904.json,curve_SEQ-D3A-G1-S43-V0904.json,.json,metrics_or_diagnostics,run_metrics_or_diagnostics,600,5958b807f2e979152b170f19dc0a452dc49917eefb022eee328db93f62eb21f7,component_family:seq;team_a:exp_025,keys=cfg|val|hist,1787153065000000000,no,no
artifacts/curve_SEQ-D3A-G1-S43-V0918.json,curve_SEQ-D3A-G1-S43-V0918.json,.json,metrics_or_diagnostics,run_metrics_or_diagnostics,602,14cef1d6b6598ff804f438f59f094b2555e818551cb103847f4da99e63bf4ea6,component_family:seq;team_a:exp_025,keys=cfg|val|hist,1787155572000000000,no,no
artifacts/curve_SEQ-D3A-G1-S43-V1002.json,curve_SEQ-D3A-G1-S43-V1002.json,.json,metrics_or_diagnostics,run_metrics_or_diagnostics,599,ad4bdb20a79ee3e01833a9c6a17deafbfd47eec4221c81a27a5dde8b6980db93,component_family:seq;team_a:exp_025,keys=cfg|val|hist,1787150021000000000,no,no
artifacts/curve_SEQ-D3A-G1-S43-V1016.json,curve_SEQ-D3A-G1-S43-V1016.json,.json,metrics_or_diagnostics,run_metrics_or_diagnostics,600,022b0d04f8c939301ce03b380fe7576d2056b78fbb5962f9a70ccbb7022e07f5,component_family:seq;team_a:exp_025,keys=cfg|val|hist,1787146527000000000,no,no
artifacts/curve_SEQ-D3A-G2-BASE-S44-V0904.json,curve_SEQ-D3A-G2-BASE-S44-V0904.json,.json,metrics_or_diagnostics,run_metrics_or_diagnostics,602,ece5af34854b805029a90a1a682c4eae6b2fec2f3271b6cd549f842b2065de7f,component_family:seq;team_a:exp_025,keys=cfg|val|hist,1787155272000000000,no,no
artifacts/curve_SEQ-D3A-G2-BASE-S44-V0918.json,curve_SEQ-D3A-G2-BASE-S44-V0918.json,.json,metrics_or_diagnostics,run_metrics_or_diagnostics,604,3796df296a762c838d006dfe6cd5928dc50df7f4afa2ab658c7f07b5d39328aa,component_family:seq;team_a:exp_025,keys=cfg|val|hist,1787153182000000000,no,no
artifacts/curve_SEQ-D3A-G2-BASE-S44-V1002.json,curve_SEQ-D3A-G2-BASE-S44-V1002.json,.json,metrics_or_diagnostics,run_metrics_or_diagnostics,598,36d9a3d308f49beb54a693019b1941ff444c69ea1777069fa2c33f092255b8f7,component_family:seq;team_a:exp_025,keys=cfg|val|hist,1787150857000000000,no,no
artifacts/curve_SEQ-D3A-G2-BASE-S44-V1016.json,curve_SEQ-D3A-G2-BASE-S44-V1016.json,.json,metrics_or_diagnostics,run_metrics_or_diagnostics,600,36813bb7b259beea9f2812cf853b5c14c6e7bb92e7666a28c7428dc0477c6bc0,component_family:seq;team_a:exp_025,keys=cfg|val|hist,1787148295000000000,no,no
artifacts/curve_SEQ-D3A-G2-S44-V0904.json,curve_SEQ-D3A-G2-S44-V0904.json,.json,metrics_or_diagnostics,run_metrics_or_diagnostics,600,65ae59a381c1d3527e54b1195a9d095e65c1a4bedb50e8e955db16c8c7f6235e,component_family:seq;team_a:exp_025,keys=cfg|val|hist,1787154226000000000,no,no
artifacts/curve_SEQ-D3A-G2-S44-V0918.json,curve_SEQ-D3A-G2-S44-V0918.json,.json,metrics_or_diagnostics,run_metrics_or_diagnostics,603,b0084c8cb29655107cdd13e752536a6795838ca8de3635d9305a170b2e6f89ce,component_family:seq;team_a:exp_025,keys=cfg|val|hist,1787152019000000000,no,no
artifacts/curve_SEQ-D3A-G2-S44-V1002.json,curve_SEQ-D3A-G2-S44-V1002.json,.json,metrics_or_diagnostics,run_metrics_or_diagnostics,602,d657a743e32f835d12f659fe1271d08c4138dfe9929a5d998b3c4f39204b989b,component_family:seq;team_a:exp_025,keys=cfg|val|hist,1787149577000000000,no,no
artifacts/curve_SEQ-D3A-G2-S44-V1016.json,curve_SEQ-D3A-G2-S44-V1016.json,.json,metrics_or_diagnostics,run_metrics_or_diagnostics,599,3b2d83e2ba0dbd28ba2c8c17d0a20adc402f55265c22bece91bb76e71596f306,component_family:seq;team_a:exp_025,keys=cfg|val|hist,1787146894000000000,no,no
artifacts/curve_SEQ-D3A-S42-V0904.json,curve_SEQ-D3A-S42-V0904.json,.json,metrics_or_diagnostics,run_metrics_or_diagnostics,643,8275f06a7dff20b0ae7cd6ede863ed6e2d27aee2db1d03775c51467ce26c7292,component_family:seq;team_a:exp_025,keys=cfg|val|hist,1787033556257259800,no,no
artifacts/curve_SEQ-D3A-S42-V0918.json,curve_SEQ-D3A-S42-V0918.json,.json,metrics_or_diagnostics,run_metrics_or_diagnostics,642,034491a9e0f0d83b5d7aa06b2c77fe7eaea9536b539ef09f827db821790d2274,component_family:seq;team_a:exp_025,keys=cfg|val|hist,1787027164144821300,no,no
artifacts/curve_SEQ-D3A-S42-V1002.json,curve_SEQ-D3A-S42-V1002.json,.json,metrics_or_diagnostics,run_metrics_or_diagnostics,641,b8f9465ce4d9cdb67defcbdbbb382a64383cecf18eb814b2a163850f25e4b47d,component_family:seq;team_a:exp_025,keys=cfg|val|hist,1787020039807002200,no,no
artifacts/curve_SEQ-D3A-S42-V1016.json,curve_SEQ-D3A-S42-V1016.json,.json,metrics_or_diagnostics,run_metrics_or_diagnostics,641,befceeff81ff8ea63ffbab9aa7a0edfb39d1f2038bcf38ef60ea318c8876fa3e,component_family:seq;team_a:exp_025,keys=cfg|val|hist,1787012170977046500,no,no
artifacts/curve_SEQ-D3A-S43-V0918.json,curve_SEQ-D3A-S43-V0918.json,.json,metrics_or_diagnostics,run_metrics_or_diagnostics,643,758f2c9c64e795e773631391b5d8c1c8a1ebd53a8c4f6a5a3c065f1851969743,component_family:seq;team_a:exp_025,keys=cfg|val|hist,1787139320609522600,no,no
artifacts/DET_PAIR/run1/snapshot_step_00000.pt,snapshot_step_00000.pt,.pt,checkpoint_or_model,trained_model_state,1000739,f2eecfb4836e90eb0c676272c72293109aecddd246b841a614d66d65456c702f,unknown,unknown,1787352953787334400,no,no
artifacts/DET_PAIR/run1/snapshot_step_00001.pt,snapshot_step_00001.pt,.pt,checkpoint_or_model,trained_model_state,3012551,7c03595ad050c423f77164e88b9dc389875c0c88fb5cdfcdbdf1cb5ed1a68015,unknown,unknown,1787352955467545100,no,no
artifacts/DET_PAIR/run1/snapshot_step_00100.pt,snapshot_step_00100.pt,.pt,checkpoint_or_model,trained_model_state,3012551,f965dc3bff80d4a6ddda51a749baa135553401a65df7141a4fc0d1ed7388813c,unknown,unknown,1787352980943401600,no,no
artifacts/DET_PAIR/run1/snapshot_step_01000.pt,snapshot_step_01000.pt,.pt,checkpoint_or_model,trained_model_state,3012551,754f948508eb8ed81a911e930e5e85946a734b44cd282641ce58db1a2aa9313a,unknown,unknown,1787353227660577800,no,no
artifacts/DET_PAIR/run1/snapshot_step_04842.pt,snapshot_step_04842.pt,.pt,checkpoint_or_model,trained_model_state,3012551,808853ab6f658b25be4eefe3e2af19a41ff7eecbb46826457eb912b67bf14ed7,unknown,unknown,1787354305232260400,no,no
artifacts/DET_PAIR/run2/snapshot_step_00000.pt,snapshot_step_00000.pt,.pt,checkpoint_or_model,trained_model_state,1000739,f2eecfb4836e90eb0c676272c72293109aecddd246b841a614d66d65456c702f,unknown,unknown,1787354332824302600,no,no
artifacts/DET_PAIR/run2/snapshot_step_00001.pt,snapshot_step_00001.pt,.pt,checkpoint_or_model,trained_model_state,3012551,7c03595ad050c423f77164e88b9dc389875c0c88fb5cdfcdbdf1cb5ed1a68015,unknown,unknown,1787354333664993100,no,no
artifacts/DET_PAIR/run2/snapshot_step_00100.pt,snapshot_step_00100.pt,.pt,checkpoint_or_model,trained_model_state,3012551,f965dc3bff80d4a6ddda51a749baa135553401a65df7141a4fc0d1ed7388813c,unknown,unknown,1787354359495927600,no,no
artifacts/DET_PAIR/run2/snapshot_step_01000.pt,snapshot_step_01000.pt,.pt,checkpoint_or_model,trained_model_state,3012551,754f948508eb8ed81a911e930e5e85946a734b44cd282641ce58db1a2aa9313a,unknown,unknown,1787354602621266100,no,no
artifacts/DET_PAIR/run2/snapshot_step_04842.pt,snapshot_step_04842.pt,.pt,checkpoint_or_model,trained_model_state,3012551,808853ab6f658b25be4eefe3e2af19a41ff7eecbb46826457eb912b67bf14ed7,unknown,unknown,1787355694346068000,no,no
artifacts/FRESH_COND_FT_EXP044/arms/FT-FRESH-S42-V1016/snapshot_step_00000.pt,snapshot_step_00000.pt,.pt,checkpoint_or_model,trained_model_state,1065177,76b9c5b7a24acd276e460845f127388b5d16f2a29f39e7da15c621d560431ee4,component_family:fresh;team_a:exp_044,unknown,1787377695294215500,no,no
artifacts/FRESH_COND_FT_EXP044/arms/FT-FRESH-S42-V1016/snapshot_step_00001.pt,snapshot_step_00001.pt,.pt,checkpoint_or_model,trained_model_state,3078595,c7a96f2eb1c28e7c826d5dbf10da6f9547d09923e3d76b8321d4219b1f4cd459,component_family:fresh;team_a:exp_044,unknown,1787377696654769100,no,no
artifacts/FRESH_COND_FT_EXP044/arms/FT-FRESH-S42-V1016/snapshot_step_00100.pt,snapshot_step_00100.pt,.pt,checkpoint_or_model,trained_model_state,3078595,9018556e370a4d30487fcf88425afa5943b9171d557f78e0ac0a72e4caf8147d,component_family:fresh;team_a:exp_044,unknown,1787377732190415500,no,no
artifacts/FRESH_COND_FT_EXP044/arms/FT-FRESH-S42-V1016/snapshot_step_01000.pt,snapshot_step_01000.pt,.pt,checkpoint_or_model,trained_model_state,3078595,3511b3bb645d0110b984ac19e0482bf94e8d44302f4710502badf5c7713b9f0a,component_family:fresh;team_a:exp_044,unknown,1787378051711353400,no,no
artifacts/FRESH_COND_FT_EXP044/arms/FT-FRESH-S42-V1016/snapshot_step_02421.pt,snapshot_step_02421.pt,.pt,checkpoint_or_model,trained_model_state,3078595,2eec2ba0ce9faf21cef154b0f680773eb08486837d95529e26cd52d2d359b552,component_family:fresh;team_a:exp_044,unknown,1787378555979968100,no,no
artifacts/FRESH_COND_FT_EXP044/arms/FT-FRESH-S42-V1016/snapshot_step_04842.pt,snapshot_step_04842.pt,.pt,checkpoint_or_model,trained_model_state,3078595,66971687b9537f7b70b205a909fc53c4c3d539831ddf2e16554df7e20b9386bf,component_family:fresh;team_a:exp_044,unknown,1787379426006896000,no,no
artifacts/FRESH_COND_FT_EXP044/arms/FT-FRESH-S43-V1016/snapshot_step_00000.pt,snapshot_step_00000.pt,.pt,checkpoint_or_model,trained_model_state,1065177,d39773e6e4334b8250bb8809a66a8abfe2c5fa3442b7b1a2d36c7107aa0dc80f,component_family:fresh;team_a:exp_044,unknown,1787381222483861500,no,no
artifacts/FRESH_COND_FT_EXP044/arms/FT-FRESH-S43-V1016/snapshot_step_00001.pt,snapshot_step_00001.pt,.pt,checkpoint_or_model,trained_model_state,3078531,87ef09528e08beca85ab1ffe6a76bfea24bbd524e961ecf3e0e1399e0cf11a7b,component_family:fresh;team_a:exp_044,unknown,1787381223829362700,no,no
artifacts/FRESH_COND_FT_EXP044/arms/FT-FRESH-S43-V1016/snapshot_step_00100.pt,snapshot_step_00100.pt,.pt,checkpoint_or_model,trained_model_state,3078531,d53643de84a38e2b4125b1b5dd2324fa09e547fcd1b76e596a4081e320ac73e0,component_family:fresh;team_a:exp_044,unknown,1787381259398007000,no,no
artifacts/FRESH_COND_FT_EXP044/arms/FT-FRESH-S43-V1016/snapshot_step_01000.pt,snapshot_step_01000.pt,.pt,checkpoint_or_model,trained_model_state,3078531,319293e772558929e2f23edb932e7bfe8851a8c67e8d59653c1f7f72295a26f6,component_family:fresh;team_a:exp_044,unknown,1787381578502216700,no,no
artifacts/FRESH_COND_FT_EXP044/arms/FT-FRESH-S43-V1016/snapshot_step_02421.pt,snapshot_step_02421.pt,.pt,checkpoint_or_model,trained_model_state,3078531,46d4bdfbfc1b0a11b3ee5831a78bb94744d3e41a2d539a89fc7df3d9537ca0e8,component_family:fresh;team_a:exp_044,unknown,1787382082647823400,no,no
artifacts/FRESH_COND_FT_EXP044/arms/FT-FRESH-S43-V1016/snapshot_step_04842.pt,snapshot_step_04842.pt,.pt,checkpoint_or_model,trained_model_state,3078531,c793e171f15ef0a324366b14d2a2ccd81dc295de045efb7975b1c6be0e831644,component_family:fresh;team_a:exp_044,unknown,1787382952718329800,no,no
artifacts/FRESH_COND_FT_EXP044/arms/FT-FRESH-S44-V1016/snapshot_step_00000.pt,snapshot_step_00000.pt,.pt,checkpoint_or_model,trained_model_state,1065177,2aedb2a3e06ea098a5212d67f6efff5a7215823e01b787254b92aa0f79dcbe15,component_family:fresh;team_a:exp_044,unknown,1787384736650995500,no,no
artifacts/FRESH_COND_FT_EXP044/arms/FT-FRESH-S44-V1016/snapshot_step_00001.pt,snapshot_step_00001.pt,.pt,checkpoint_or_model,trained_model_state,3078531,425b6d041c4fe732e8f65d24faa1860c9a70784fa9b58e066da2098690d77b64,component_family:fresh;team_a:exp_044,unknown,1787384738008753200,no,no
artifacts/FRESH_COND_FT_EXP044/arms/FT-FRESH-S44-V1016/snapshot_step_00100.pt,snapshot_step_00100.pt,.pt,checkpoint_or_model,trained_model_state,3078531,6b8b6a16d9b04c9aa1be7f2fcd94ea1da73869bab76799f6e6d1c78446d15818,component_family:fresh;team_a:exp_044,unknown,1787384773481670000,no,no
artifacts/FRESH_COND_FT_EXP044/arms/FT-FRESH-S44-V1016/snapshot_step_01000.pt,snapshot_step_01000.pt,.pt,checkpoint_or_model,trained_model_state,3078531,39fb1b551cb260902eaf207b38b00ed4500ffa405c72216f2312f0e00b1ff4c8,component_family:fresh;team_a:exp_044,unknown,1787385093163076900,no,no
artifacts/FRESH_COND_FT_EXP044/arms/FT-FRESH-S44-V1016/snapshot_step_02421.pt,snapshot_step_02421.pt,.pt,checkpoint_or_model,trained_model_state,3078531,b075cf875df3a78e7a0c269e557ef7f195f6e4e2028a7bac5f4614a82784b175,component_family:fresh;team_a:exp_044,unknown,1787385597276276500,no,no
artifacts/FRESH_COND_FT_EXP044/arms/FT-FRESH-S44-V1016/snapshot_step_04842.pt,snapshot_step_04842.pt,.pt,checkpoint_or_model,trained_model_state,3078531,d4719d4dabb5741464161817fb9afe31661b398d4899f511d06b0407ced1f36f,component_family:fresh;team_a:exp_044,unknown,1787386467404236600,no,no
artifacts/FRESH_COND_FT_EXP044/arms/FT-VOL-S42-V1016/snapshot_step_00000.pt,snapshot_step_00000.pt,.pt,checkpoint_or_model,trained_model_state,1065177,76b9c5b7a24acd276e460845f127388b5d16f2a29f39e7da15c621d560431ee4,component_family:fresh;team_a:exp_044,unknown,1787375933775964800,no,no
artifacts/FRESH_COND_FT_EXP044/arms/FT-VOL-S42-V1016/snapshot_step_00001.pt,snapshot_step_00001.pt,.pt,checkpoint_or_model,trained_model_state,3078595,adf1ee961a11c2974ca92715f4079adfe0cf3c7b1dc130ab5a5cc93afd813972,component_family:fresh;team_a:exp_044,unknown,1787375935131998400,no,no
artifacts/FRESH_COND_FT_EXP044/arms/FT-VOL-S42-V1016/snapshot_step_00100.pt,snapshot_step_00100.pt,.pt,checkpoint_or_model,trained_model_state,3078595,43531ebd8493db42bfd34d55e82ebe982ed0febd48969c310cdfe319773165ec,component_family:fresh;team_a:exp_044,unknown,1787375970699799900,no,no
artifacts/FRESH_COND_FT_EXP044/arms/FT-VOL-S42-V1016/snapshot_step_01000.pt,snapshot_step_01000.pt,.pt,checkpoint_or_model,trained_model_state,3078595,434dd78cada058d55b4265aaac4961ad49aea4ba571d8f8b914155649dc6c2d3,component_family:fresh;team_a:exp_044,unknown,1787376290243670300,no,no
artifacts/FRESH_COND_FT_EXP044/arms/FT-VOL-S42-V1016/snapshot_step_02421.pt,snapshot_step_02421.pt,.pt,checkpoint_or_model,trained_model_state,3078595,7bb887313f44503a498fe1637609b623c54083b49dea5cde42786e083f0ac6cc,component_family:fresh;team_a:exp_044,unknown,1787376794640752300,no,no
artifacts/FRESH_COND_FT_EXP044/arms/FT-VOL-S42-V1016/snapshot_step_04842.pt,snapshot_step_04842.pt,.pt,checkpoint_or_model,trained_model_state,3078595,197e13178a9fece50915a6364f738c1d5cd8f600a12d782f37ef1448cafa99b5,component_family:fresh;team_a:exp_044,unknown,1787377665029058000,no,no
artifacts/FRESH_COND_FT_EXP044/arms/FT-VOL-S43-V1016/snapshot_step_00000.pt,snapshot_step_00000.pt,.pt,checkpoint_or_model,trained_model_state,1065177,d39773e6e4334b8250bb8809a66a8abfe2c5fa3442b7b1a2d36c7107aa0dc80f,component_family:fresh;team_a:exp_044,unknown,1787379454794186700,no,no
artifacts/FRESH_COND_FT_EXP044/arms/FT-VOL-S43-V1016/snapshot_step_00001.pt,snapshot_step_00001.pt,.pt,checkpoint_or_model,trained_model_state,3078531,164b058ef63d1aaa8f8b146eaa6dec8c643b161ffdca016eecd9e00acddfb67b,component_family:fresh;team_a:exp_044,unknown,1787379456188455300,no,no
artifacts/FRESH_COND_FT_EXP044/arms/FT-VOL-S43-V1016/snapshot_step_00100.pt,snapshot_step_00100.pt,.pt,checkpoint_or_model,trained_model_state,3078531,0366a53de83b8dd1e7510388c86543609850a221951ef4d66e5577048cc37628,component_family:fresh;team_a:exp_044,unknown,1787379491816564800,no,no
artifacts/FRESH_COND_FT_EXP044/arms/FT-VOL-S43-V1016/snapshot_step_01000.pt,snapshot_step_01000.pt,.pt,checkpoint_or_model,trained_model_state,3078531,6af3520730cd82c22511136ccf51bec434109b67fb1f974657b015d95b676c65,component_family:fresh;team_a:exp_044,unknown,1787379811426384100,no,no
artifacts/FRESH_COND_FT_EXP044/arms/FT-VOL-S43-V1016/snapshot_step_02421.pt,snapshot_step_02421.pt,.pt,checkpoint_or_model,trained_model_state,3078531,41988457262e3d228f84fded21731397546719d9e8177b4e512695a7683ac920,component_family:fresh;team_a:exp_044,unknown,1787380315984425800,no,no
artifacts/FRESH_COND_FT_EXP044/arms/FT-VOL-S43-V1016/snapshot_step_04842.pt,snapshot_step_04842.pt,.pt,checkpoint_or_model,trained_model_state,3078531,928da9cd2185fab3d5ae5db216739d4704d1b93869c40ae8b660f5c24a9d4789,component_family:fresh;team_a:exp_044,unknown,1787381186976698100,no,no
artifacts/FRESH_COND_FT_EXP044/arms/FT-VOL-S44-V1016/snapshot_step_00000.pt,snapshot_step_00000.pt,.pt,checkpoint_or_model,trained_model_state,1065177,2aedb2a3e06ea098a5212d67f6efff5a7215823e01b787254b92aa0f79dcbe15,component_family:fresh;team_a:exp_044,unknown,1787382978190853100,no,no
artifacts/FRESH_COND_FT_EXP044/arms/FT-VOL-S44-V1016/snapshot_step_00001.pt,snapshot_step_00001.pt,.pt,checkpoint_or_model,trained_model_state,3078531,35cec2af1f8cc59cfe1fbabe8c1ce002d4bd3b12751041393f144b15ea706541,component_family:fresh;team_a:exp_044,unknown,1787382979541744300,no,no
artifacts/FRESH_COND_FT_EXP044/arms/FT-VOL-S44-V1016/snapshot_step_00100.pt,snapshot_step_00100.pt,.pt,checkpoint_or_model,trained_model_state,3078531,9adea5efe1e0b956bc5fa72d11cf42a0d889e122a6d507f67b9b5871e35148c8,component_family:fresh;team_a:exp_044,unknown,1787383015019233200,no,no
artifacts/FRESH_COND_FT_EXP044/arms/FT-VOL-S44-V1016/snapshot_step_01000.pt,snapshot_step_01000.pt,.pt,checkpoint_or_model,trained_model_state,3078531,0b99334175f7cf30992d5938f3b9260da8047473094aec79be9dbb3cc0d996d9,component_family:fresh;team_a:exp_044,unknown,1787383334426787000,no,no
artifacts/FRESH_COND_FT_EXP044/arms/FT-VOL-S44-V1016/snapshot_step_02421.pt,snapshot_step_02421.pt,.pt,checkpoint_or_model,trained_model_state,3078531,35fd87acac0e76e914defbc24cb47d3b0439ddaab51549809ab97d9b88fa4cb9,component_family:fresh;team_a:exp_044,unknown,1787383838603796100,no,no
artifacts/FRESH_COND_FT_EXP044/arms/FT-VOL-S44-V1016/snapshot_step_04842.pt,snapshot_step_04842.pt,.pt,checkpoint_or_model,trained_model_state,3078531,75904c229a93606954f446a37103b631d98ced8dc2a4a8b037f4215415239088,component_family:fresh;team_a:exp_044,unknown,1787384708501035700,no,no
artifacts/FRESH_COND_FT_EXP044/baselines/DETSEQ01-S42-V1016/snapshot_step_00000.pt,snapshot_step_00000.pt,.pt,checkpoint_or_model,trained_model_state,1014325,89ad5ad3c6577cd99370ef79d28568969327a5ca319eac7d7a807feb92869818,component_family:fresh;team_a:exp_025;team_a:exp_044,unknown,1787359262722683500,no,no
artifacts/FRESH_COND_FT_EXP044/baselines/DETSEQ01-S42-V1016/snapshot_step_00001.pt,snapshot_step_00001.pt,.pt,checkpoint_or_model,trained_model_state,3027675,1844d30518a77ed849d595df2c2b2decd11e21834d77c08d8c0ccb053439f4a8,component_family:fresh;team_a:exp_025;team_a:exp_044,unknown,1787359263913764700,no,no
artifacts/FRESH_COND_FT_EXP044/baselines/DETSEQ01-S42-V1016/snapshot_step_00100.pt,snapshot_step_00100.pt,.pt,checkpoint_or_model,trained_model_state,3027675,fa9942cf8760988677657dbaff209386ce37813ed584fd2e7013cb2a14234d1c,component_family:fresh;team_a:exp_025;team_a:exp_044,unknown,1787359295712990500,no,no
artifacts/FRESH_COND_FT_EXP044/baselines/DETSEQ01-S42-V1016/snapshot_step_01000.pt,snapshot_step_01000.pt,.pt,checkpoint_or_model,trained_model_state,3027675,c8f83e9da4b5324b5830e253aab9da8334307e95ecc7d174aba2e843efd83a41,component_family:fresh;team_a:exp_025;team_a:exp_044,unknown,1787359580592182600,no,no
artifacts/FRESH_COND_FT_EXP044/baselines/DETSEQ01-S42-V1016/snapshot_step_04842.pt,snapshot_step_04842.pt,.pt,checkpoint_or_model,trained_model_state,3027675,0be46adf57c6d9b66412d60ed8341d45055ef0a18f13462d2d388ef6fb59360f,component_family:fresh;team_a:exp_025;team_a:exp_044,unknown,1787360644171549100,no,no
artifacts/FRESH_COND_FT_EXP044/baselines/DETSEQ01-S42-V1016/snapshot_step_09684.pt,snapshot_step_09684.pt,.pt,checkpoint_or_model,trained_model_state,3027675,397f29d79d2cca437d50abaa90a723b589c36e4adefefa8894668db1be49c121,component_family:fresh;team_a:exp_025;team_a:exp_044,unknown,1787361985153025200,no,no
artifacts/FRESH_COND_FT_EXP044/baselines/DETSEQ01-S42-V1016/snapshot_step_14526.pt,snapshot_step_14526.pt,.pt,checkpoint_or_model,trained_model_state,3027675,52956c13f577dc6b8dae70eeb07e8c4788399f1297c98bc2c7360d24a3566101,component_family:fresh;team_a:exp_025;team_a:exp_044,unknown,1787363324298799700,no,no
artifacts/FRESH_COND_FT_EXP044/baselines/DETSEQ01-S42-V1016/snapshot_step_19368.pt,snapshot_step_19368.pt,.pt,checkpoint_or_model,trained_model_state,3027675,1cc7159c8d5c36434aae7378172b1fcb03b0fabb5c0d3b6ffa3cc6b86ae70b41,component_family:fresh;team_a:exp_025;team_a:exp_044,unknown,1787364663577473200,no,no
artifacts/FRESH_COND_FT_EXP044/baselines/DETSEQ01-S43-V1016/snapshot_step_00000.pt,snapshot_step_00000.pt,.pt,checkpoint_or_model,trained_model_state,1014261,e1e6e56067bc7b3e1111b232280d2f2f40138e01ca892418c0862a3f1f115e97,component_family:fresh;team_a:exp_025;team_a:exp_044,unknown,1787364712291697600,no,no
artifacts/FRESH_COND_FT_EXP044/baselines/DETSEQ01-S43-V1016/snapshot_step_00001.pt,snapshot_step_00001.pt,.pt,checkpoint_or_model,trained_model_state,3027675,696b5017c7b8f448d151963a368c4a427b9e490764bb3a97030bedfa72b3d586,component_family:fresh;team_a:exp_025;team_a:exp_044,unknown,1787364713319063300,no,no
artifacts/FRESH_COND_FT_EXP044/baselines/DETSEQ01-S43-V1016/snapshot_step_00100.pt,snapshot_step_00100.pt,.pt,checkpoint_or_model,trained_model_state,3027675,1c785729fe279882fd325b9bc824b48280972f71d5cf2223bd7ac056bdad674c,component_family:fresh;team_a:exp_025;team_a:exp_044,unknown,1787364741465703300,no,no
artifacts/FRESH_COND_FT_EXP044/baselines/DETSEQ01-S43-V1016/snapshot_step_01000.pt,snapshot_step_01000.pt,.pt,checkpoint_or_model,trained_model_state,3027675,e1a6fcb22f23d09983561a5e1b8fa26fba6ea01de163abf56c369ad89d58616c,component_family:fresh;team_a:exp_025;team_a:exp_044,unknown,1787364996304734700,no,no
artifacts/FRESH_COND_FT_EXP044/baselines/DETSEQ01-S43-V1016/snapshot_step_04842.pt,snapshot_step_04842.pt,.pt,checkpoint_or_model,trained_model_state,3027675,5d30231b2e25f24f4b4e7e39e64ba197d952e59987d41b6898d5cb38d8b2ed0a,component_family:fresh;team_a:exp_025;team_a:exp_044,unknown,1787366085405723600,no,no
artifacts/FRESH_COND_FT_EXP044/baselines/DETSEQ01-S43-V1016/snapshot_step_09684.pt,snapshot_step_09684.pt,.pt,checkpoint_or_model,trained_model_state,3027675,b8879ce8cbbcba6fd3b3fd109a635142b2e14dbccb52ec2b1e0255dd7b6740ef,component_family:fresh;team_a:exp_025;team_a:exp_044,unknown,1787367457717886700,no,no
artifacts/FRESH_COND_FT_EXP044/baselines/DETSEQ01-S43-V1016/snapshot_step_14526.pt,snapshot_step_14526.pt,.pt,checkpoint_or_model,trained_model_state,3027675,fe72f4bb93d64bdaa19256d330fe5bea9faaeb5894ead6d18add8dd3afdb960d,component_family:fresh;team_a:exp_025;team_a:exp_044,unknown,1787368830089601200,no,no
artifacts/FRESH_COND_FT_EXP044/baselines/DETSEQ01-S43-V1016/snapshot_step_19368.pt,snapshot_step_19368.pt,.pt,checkpoint_or_model,trained_model_state,3027675,fd7cacd0aae7891c9ed1cba6600beadf30e392b0e7354cd9a28e287c5cf1943a,component_family:fresh;team_a:exp_025;team_a:exp_044,unknown,1787370201846753200,no,no
artifacts/FRESH_COND_FT_EXP044/baselines/DETSEQ01-S44-V1016/snapshot_step_00000.pt,snapshot_step_00000.pt,.pt,checkpoint_or_model,trained_model_state,1014261,5fba8eb356176cf3cae1f5c3f8e44ebcb3d9b328d190d04e94ffcd29e531922a,component_family:fresh;team_a:exp_025;team_a:exp_044,unknown,1787370228937187200,no,no
artifacts/FRESH_COND_FT_EXP044/baselines/DETSEQ01-S44-V1016/snapshot_step_00001.pt,snapshot_step_00001.pt,.pt,checkpoint_or_model,trained_model_state,3027675,517d3e4dba60fe5a6b60941f3657246935f0cf7a1133d52ecbcded3f2fb80885,component_family:fresh;team_a:exp_025;team_a:exp_044,unknown,1787370230012845400,no,no
artifacts/FRESH_COND_FT_EXP044/baselines/DETSEQ01-S44-V1016/snapshot_step_00100.pt,snapshot_step_00100.pt,.pt,checkpoint_or_model,trained_model_state,3027675,9339046cfba430a876bfdc1a1a40edaac0edce6e94b4b929e92ba96c9f280744,component_family:fresh;team_a:exp_025;team_a:exp_044,unknown,1787370259604512700,no,no
artifacts/FRESH_COND_FT_EXP044/baselines/DETSEQ01-S44-V1016/snapshot_step_01000.pt,snapshot_step_01000.pt,.pt,checkpoint_or_model,trained_model_state,3027675,523a5f055e8fb34e12994b16c97a47d456e9247bb87dcb0032244f51d54cb68b,component_family:fresh;team_a:exp_025;team_a:exp_044,unknown,1787370514985037000,no,no
artifacts/FRESH_COND_FT_EXP044/baselines/DETSEQ01-S44-V1016/snapshot_step_04842.pt,snapshot_step_04842.pt,.pt,checkpoint_or_model,trained_model_state,3027675,eacf73b8e10f75b20813036742727a0c86a56fcde1de150be99fa12f6eb06df0,component_family:fresh;team_a:exp_025;team_a:exp_044,unknown,1787371603817452200,no,no
artifacts/FRESH_COND_FT_EXP044/baselines/DETSEQ01-S44-V1016/snapshot_step_09684.pt,snapshot_step_09684.pt,.pt,checkpoint_or_model,trained_model_state,3027675,db99dbf40a5bb7fc4efcce2fbdfcbc140b8d0d497203156eff6ecf7f9f7f1283,component_family:fresh;team_a:exp_025;team_a:exp_044,unknown,1787372975021173600,no,no
artifacts/FRESH_COND_FT_EXP044/baselines/DETSEQ01-S44-V1016/snapshot_step_14526.pt,snapshot_step_14526.pt,.pt,checkpoint_or_model,trained_model_state,3027675,bfad1e9a7a851d00b0fd8367f1a1e913e6091866d9ed8497ec712354c735257e,component_family:fresh;team_a:exp_025;team_a:exp_044,unknown,1787374346731881100,no,no
artifacts/FRESH_COND_FT_EXP044/baselines/DETSEQ01-S44-V1016/snapshot_step_19368.pt,snapshot_step_19368.pt,.pt,checkpoint_or_model,trained_model_state,3027675,b961bf3607c9259189a60aa70261c507f0bb1c1c5c9aaf2dc74745c5bf0bec36,component_family:fresh;team_a:exp_025;team_a:exp_044,unknown,1787375718126381800,no,no
artifacts/FRESH_COND_FT_EXP044/integration_replay/FT-VOL-S42-run1/snapshot_step_00000.pt,snapshot_step_00000.pt,.pt,checkpoint_or_model,trained_model_state,1065177,76b9c5b7a24acd276e460845f127388b5d16f2a29f39e7da15c621d560431ee4,component_family:fresh;team_a:exp_044,unknown,1787375814702155300,no,no
artifacts/FRESH_COND_FT_EXP044/integration_replay/FT-VOL-S42-run1/snapshot_step_00001.pt,snapshot_step_00001.pt,.pt,checkpoint_or_model,trained_model_state,3078595,adf1ee961a11c2974ca92715f4079adfe0cf3c7b1dc130ab5a5cc93afd813972,component_family:fresh;team_a:exp_044,unknown,1787375816424415300,no,no
artifacts/FRESH_COND_FT_EXP044/integration_replay/FT-VOL-S42-run1/snapshot_step_00100.pt,snapshot_step_00100.pt,.pt,checkpoint_or_model,trained_model_state,3078595,43531ebd8493db42bfd34d55e82ebe982ed0febd48969c310cdfe319773165ec,component_family:fresh;team_a:exp_044,unknown,1787375851372348800,no,no
artifacts/FRESH_COND_FT_EXP044/integration_replay/FT-VOL-S42-run2/snapshot_step_00000.pt,snapshot_step_00000.pt,.pt,checkpoint_or_model,trained_model_state,1065177,76b9c5b7a24acd276e460845f127388b5d16f2a29f39e7da15c621d560431ee4,component_family:fresh;team_a:exp_044,unknown,1787375869168599900,no,no
artifacts/FRESH_COND_FT_EXP044/integration_replay/FT-VOL-S42-run2/snapshot_step_00001.pt,snapshot_step_00001.pt,.pt,checkpoint_or_model,trained_model_state,3078595,adf1ee961a11c2974ca92715f4079adfe0cf3c7b1dc130ab5a5cc93afd813972,component_family:fresh;team_a:exp_044,unknown,1787375870517983900,no,no
artifacts/FRESH_COND_FT_EXP044/integration_replay/FT-VOL-S42-run2/snapshot_step_00100.pt,snapshot_step_00100.pt,.pt,checkpoint_or_model,trained_model_state,3078595,43531ebd8493db42bfd34d55e82ebe982ed0febd48969c310cdfe319773165ec,component_family:fresh;team_a:exp_044,unknown,1787375906203869900,no,no
artifacts/FRESH_COND_FT_EXP044/plans/pair_s42_conditional_init.pt,pair_s42_conditional_init.pt,.pt,checkpoint_or_model,trained_model_state,52335,2a4e1b8c76d50f6459a22537c5984d60057d72a7acb733739c7b3d4c5d6c3b6d,component_family:fresh;team_a:exp_044,unknown,1787375749062772500,no,no
artifacts/FRESH_COND_FT_EXP044/plans/pair_s43_conditional_init.pt,pair_s43_conditional_init.pt,.pt,checkpoint_or_model,trained_model_state,52335,77a6de485962c68d20286574a0846c505137d2aab83e9e8bbe53b518799cdaea,component_family:fresh;team_a:exp_044,unknown,1787375751572223900,no,no
artifacts/FRESH_COND_FT_EXP044/plans/pair_s44_conditional_init.pt,pair_s44_conditional_init.pt,.pt,checkpoint_or_model,trained_model_state,52335,9ff6668a13e1c8ac5436c3bb116a414b82a3a2d51a518be75807a63188bb10c2,component_family:fresh;team_a:exp_044,unknown,1787375754000462900,no,no
artifacts/FRESH_COND_FT_EXP044/seed_summary.csv,seed_summary.csv,.csv,metrics_or_diagnostics,run_metrics_or_diagnostics,2148,b1c0f3cbab4e3379cd33738c927ae42b2d313d4bfd7f8b59406f2b40ce5ed2f8,component_family:fresh;team_a:exp_044,columns=seed|baseline_rmsle_cal|vol_rmsle_cal|fresh_rmsle_cal|delta|vol_vs_baseline|fresh_vs_baseline|auc_vol|auc_fresh|auc_delta|positive_vol|positive_fresh|positive_delta|auxiliary_vol|auxiliary_fresh|auxiliary_delta|var_delta_z|max_abs_delta_z|pearson|mean_delta_z|offset_difference|baseline_prediction_sha256|vol_prediction_sha256|fresh_prediction_sha256,1787386493120444400,no,no
artifacts/FRESH_COND_FT_EXP044/segment_summary.csv,segment_summary.csv,.csv,metrics_or_diagnostics,run_metrics_or_diagnostics,1693,9a992660c3544cbe7bd07c31edb932c40a30a82ffcd4ea5660d7a1bed65a40ed,component_family:fresh;team_a:exp_044,columns=seed|segment|n|vol_error|fresh_error|delta,1787386493121298900,no,no
artifacts/FRESH_CONTRAST_MOE_fold_20250904.npz,FRESH_CONTRAST_MOE_fold_20250904.npz,.npz,fold_artifact,unclassified,5982010,aa67ae5967c315e17e0cfe8ba78e24d56a10d8f8ca97772496a97ff238b7b02d,component_family:fresh;team_a:exp_040,"arrays=uid:(188518,):int64|y:(188518,):float32|group:(188518,):int8|z_base:(188518,):float32|z_clean:(188518,):float32|z_vol:(188518,):float32|z_fresh:(188518,):float32|d_fresh:(188518,):float32|d_vol:(188518,):float32|w180:(188518,):float32|rec:(188518,):float32|p_dist:(188518,):float32|algebra_max_fresh:():float64|algebra_max_vol:():float64",1787320301371053200,no,no
artifacts/FRESH_CONTRAST_MOE_fold_20250918.npz,FRESH_CONTRAST_MOE_fold_20250918.npz,.npz,fold_artifact,unclassified,6081210,84abf5754bb0b7f2d2ce1f7ed9b4bea653e44937515a60f9b940d726c2f33c3a,component_family:fresh;team_a:exp_040,"arrays=uid:(191025,):int64|y:(191025,):float32|group:(191025,):int8|z_base:(191025,):float32|z_clean:(191025,):float32|z_vol:(191025,):float32|z_fresh:(191025,):float32|d_fresh:(191025,):float32|d_vol:(191025,):float32|w180:(191025,):float32|rec:(191025,):float32|p_dist:(191025,):float32|algebra_max_fresh:():float64|algebra_max_vol:():float64",1787320303447920300,no,no
artifacts/FRESH_CONTRAST_MOE_fold_20251002.npz,FRESH_CONTRAST_MOE_fold_20251002.npz,.npz,fold_artifact,unclassified,6177815,700afe9641e8cee4934bf8d3da7abf18117febbeb798c1b9457bdd6fb45853cf,component_family:fresh;team_a:exp_040,"arrays=uid:(193694,):int64|y:(193694,):float32|group:(193694,):int8|z_base:(193694,):float32|z_clean:(193694,):float32|z_vol:(193694,):float32|z_fresh:(193694,):float32|d_fresh:(193694,):float32|d_vol:(193694,):float32|w180:(193694,):float32|rec:(193694,):float32|p_dist:(193694,):float32|algebra_max_fresh:():float64|algebra_max_vol:():float64",1787320305471194700,no,no
artifacts/FRESH_CONTRAST_MOE_fold_20251016.npz,FRESH_CONTRAST_MOE_fold_20251016.npz,.npz,fold_artifact,unclassified,6290693,f3899f1e47325fbeb6ad84e444a0afda7b3160edd488c12236cf0757677fc089,component_family:fresh;team_a:exp_040,"arrays=uid:(197379,):int64|y:(197379,):float32|group:(197379,):int8|z_base:(197379,):float32|z_clean:(197379,):float32|z_vol:(197379,):float32|z_fresh:(197379,):float32|d_fresh:(197379,):float32|d_vol:(197379,):float32|w180:(197379,):float32|rec:(197379,):float32|p_dist:(197379,):float32|algebra_max_fresh:():float64|algebra_max_vol:():float64",1787320307541215600,no,no
artifacts/gap_axis_S1-GAPAXIS-CORE_curve.csv,gap_axis_S1-GAPAXIS-CORE_curve.csv,.csv,metrics_or_diagnostics,run_metrics_or_diagnostics,28501,59dbcff04f4b0440e75b84e6f8625847c065d983071d2ffafa80d590105414c4,component_family:gap,columns=exp_id|probe|requested_gap|actual_gap|n_cutoffs|seed|rounds|wcv|fold_cal|fold_bias|fold_scores|mean_z,1786535986880982500,no,no
artifacts/gap_axis_S1-GAPAXIS-DIST_curve.csv,gap_axis_S1-GAPAXIS-DIST_curve.csv,.csv,metrics_or_diagnostics,run_metrics_or_diagnostics,2824,a116902ce52b6a82cc6eed1424e7d07f64d385ccd8d87f4b00cba0cdcaa166eb,component_family:gap,columns=exp_id|probe|requested_gap|actual_gap|n_cutoffs|seed|rounds|wcv|fold_cal|fold_bias|fold_scores|mean_z,1786539354354835200,no,no
artifacts/gap_axis_S1-GAPAXIS-E02_curve.csv,gap_axis_S1-GAPAXIS-E02_curve.csv,.csv,metrics_or_diagnostics,run_metrics_or_diagnostics,9528,48a51f7a7a443042831aa8b02b5d58a355f2489c1448390fac49feeebb9b3d99,component_family:gap,columns=exp_id|probe|requested_gap|actual_gap|n_cutoffs|seed|rounds|wcv|fold_cal|fold_bias|fold_scores|mean_z,1786533728864105100,no,no
artifacts/gap_axis_S1-GAPAXIS-E03A-LOW_curve.csv,gap_axis_S1-GAPAXIS-E03A-LOW_curve.csv,.csv,metrics_or_diagnostics,run_metrics_or_diagnostics,4180,2bbb42394056b29370d4aa404ab1fa165243cab18a6489969a0b4a11be945502,component_family:gap,columns=exp_id|probe|requested_gap|actual_gap|n_cutoffs|seed|rounds|wcv|fold_cal|fold_bias|fold_scores|mean_z,1786532490878784300,no,no
artifacts/gap_axis_S1-GAPAXIS-E03A_curve.csv,gap_axis_S1-GAPAXIS-E03A_curve.csv,.csv,metrics_or_diagnostics,run_metrics_or_diagnostics,6905,22b0abc4ef5e78ba84d6ba08c5994bb1f8f2a4919bde463d9ca54efdefce9865,component_family:gap,columns=exp_id|probe|requested_gap|actual_gap|n_cutoffs|seed|rounds|wcv|fold_cal|fold_bias|fold_scores|mean_z,1786531946834024400,no,no
artifacts/gap_axis_S1-GAPAXIS-E10-LOW_curve.csv,gap_axis_S1-GAPAXIS-E10-LOW_curve.csv,.csv,metrics_or_diagnostics,run_metrics_or_diagnostics,4148,7810a5e9df4c0330c9920e0acdb421f038e535109ad32bf99ff5922f0e92a39a,component_family:gap,columns=exp_id|probe|requested_gap|actual_gap|n_cutoffs|seed|rounds|wcv|fold_cal|fold_bias|fold_scores|mean_z,1786532629959294500,no,no
artifacts/gap_axis_S1-GAPAXIS-E10_curve.csv,gap_axis_S1-GAPAXIS-E10_curve.csv,.csv,metrics_or_diagnostics,run_metrics_or_diagnostics,6871,10769a2ff7c4b1c79df87a7ce7147263978fa2837f7c6d9dd0c2dc5d7b62329c,component_family:gap,columns=exp_id|probe|requested_gap|actual_gap|n_cutoffs|seed|rounds|wcv|fold_cal|fold_bias|fold_scores|mean_z,1786532033516037200,no,no
artifacts/gap_axis_S1-GAPAXIS-FINAL_curve.csv,gap_axis_S1-GAPAXIS-FINAL_curve.csv,.csv,metrics_or_diagnostics,run_metrics_or_diagnostics,32584,e1cf9d13802bcb2455943246964e1883d30851d400373066a7b1fb79e501f059,component_family:gap,columns=exp_id|probe|requested_gap|actual_gap|n_cutoffs|seed|rounds|wcv|fold_cal|fold_bias|fold_scores|mean_z,1786540891510924300,no,no
artifacts/LANDMARK_MEMORY_EXP055/baseline_manifest.json,baseline_manifest.json,.json,manifest,unclassified,16903,1b959646a3c8074ff9a93bab030537960d70354048365d718d8d760dabe974e8,team_a:exp_055,keys=alignment_key|base_head_matches_required|calibration_audit|core_components|duplicates|exact_manifests|feature_caches|feature_manifest|finite_predictions|fold_sizes|folds|git_audit|missing_rows|n|pact_artifacts|row_key_sha256|source_correlation_60d|target_sha256,1787575989682724300,no,no
artifacts/LANDMARK_MEMORY_EXP055/real_token_cache_manifest.json,real_token_cache_manifest.json,.json,manifest,unclassified,30455,a88570a3e7f6abef1eab787f0fdb3573e6fdc42ffae8459b359fde5b35fe5fc6,team_a:exp_055,keys=cache_semantics|dtype|experiment_id|hashes|lags|numeric_fields|paths|query_outcome_masked|query_outcome_zero|query_position|row_key_sha256|safe_window_audit|shape|token_types|valid_counts_by_fold,1787576034405528800,no,no
artifacts/LANDMARK_MEMORY_EXP055/shuffle_manifest_0to1.json,shuffle_manifest_0to1.json,.json,manifest,unclassified,107845,6c33dee06fa6dd929489a30b0705eba3b9f392da7e46e3b98abff4148ac68539,team_a:exp_055,keys=audit_rows|changed_fraction|decile_fit|direction|hashes|outcome_multiset_preserved_every_stratum|paths|permutation_strata|query_outcome_zero_masked|seed|state_tokens_identical_except_outcome|thresholds_by_lag,1787576043732265200,no,no
artifacts/LANDMARK_MEMORY_EXP055/shuffle_manifest_1to0.json,shuffle_manifest_1to0.json,.json,manifest,unclassified,107826,1e4ed35f56697bdaeea6e9b8451941d1ab4d4552b8c05cecae3cbc7ed78ebc8d,team_a:exp_055,keys=audit_rows|changed_fraction|decile_fit|direction|hashes|outcome_multiset_preserved_every_stratum|paths|permutation_strata|query_outcome_zero_masked|seed|state_tokens_identical_except_outcome|thresholds_by_lag,1787576053244752400,no,no
artifacts/LATE_SSL_EXP056/arms/CONTROL/model.pt,model.pt,.pt,checkpoint_or_model,trained_model_state,4562631,12176e225dffebe526b25fd95f18b0eeb0d5831c7af1b34f784c835b4d1f38cf,team_a:exp_056,unknown,1787591380364445800,no,no
artifacts/LATE_SSL_EXP056/arms/LATE/model.pt,model.pt,.pt,checkpoint_or_model,trained_model_state,4562631,be2d4be8f9d58137d58897871bc29767b4053aea3cc71f50d87887d2fb03e64a,team_a:exp_056,unknown,1787593085309208100,no,no
artifacts/LATE_SSL_EXP056/replay/run1/model.pt,model.pt,.pt,checkpoint_or_model,trained_model_state,4562631,5b9b0c1a0a4759926a0d5bbe27ada78aa79ff29cc47b4d47d05471b9485de7ff,team_a:exp_056,unknown,1787587834477646500,no,no
artifacts/LATE_SSL_EXP056/replay/run2/model.pt,model.pt,.pt,checkpoint_or_model,trained_model_state,4562631,5b9b0c1a0a4759926a0d5bbe27ada78aa79ff29cc47b4d47d05471b9485de7ff,team_a:exp_056,unknown,1787587978169700100,no,no
artifacts/LATE_SSL_EXP056/replay_v2/run1/model.pt,model.pt,.pt,checkpoint_or_model,trained_model_state,4562631,15afa21e0686a61415bfe55462042fa379153d53706901fcbd67ca89a126d50b,team_a:exp_056,unknown,1787589201276437000,no,no
artifacts/LATE_SSL_EXP056/replay_v2/run2/model.pt,model.pt,.pt,checkpoint_or_model,trained_model_state,4562631,15afa21e0686a61415bfe55462042fa379153d53706901fcbd67ca89a126d50b,team_a:exp_056,unknown,1787589262703189300,no,no
artifacts/LATEST_DELTA_COMPAT_EXP066_A1/oof_candidates.npz,oof_candidates.npz,.npz,oof_prediction,out_of_fold_prediction,2248,042710ca601484fcf24b652552ce617cc6abb13e7002b66f900e9a8610051b58,team_a:exp_066,"arrays=status:():<U31|canonical_latest_oof_present:():bool|required_columns:(5,):<U19|family:(5,):<U16|family_status:(5,):<U15|user_id:(0,):int64|fold:(0,):<U10|target:(0,):float64|z_latest:(0,):float64|z_STRONGEST_CURRENT:(0,):float64",1787662933139754100,no,no
artifacts/LEVEL_MINUS_006_EXP060/diagnostics.json,diagnostics.json,.json,metrics_or_diagnostics,run_metrics_or_diagnostics,3548,573104fe015a837e18a568ba6ee76a58aeafdbe8ce3937a5cc0dbc42c8d6fb9f,team_a:exp_060,keys=experiment|experiment_id|created_at|training|base|only_change|purpose|source|transform|diagnostics|output|artifact_tool_verification|future_lb_interpretation,1787597349791191800,no,no
artifacts/mhz_fold_2025-09-04.json,mhz_fold_2025-09-04.json,.json,fold_artifact,unclassified,6870,ef41dbc5666479c4e0aa12c30d692e76d92b35b88d50fd488290105d0e1daf14,component_family:mhz;team_a:exp_024,keys=val|seed|rounds|n_val|n_train|cuts30|cuts60|halves|m_cnt|variants|top,1786581178975373600,no,no
artifacts/mhz_fold_2025-09-18.json,mhz_fold_2025-09-18.json,.json,fold_artifact,unclassified,6877,4d7600307120c9bf9da2dd7837535bf1d24c6c29c19205c46c586601509f5588,component_family:mhz;team_a:exp_024,keys=val|seed|rounds|n_val|n_train|cuts30|cuts60|halves|m_cnt|variants|top,1786579181212350200,no,no
artifacts/mhz_fold_2025-10-02.json,mhz_fold_2025-10-02.json,.json,fold_artifact,unclassified,6864,3f49521074d5986a2c2678fcd6a5630d3d950c65a693e29acbbe8dc3bb47d28a,component_family:mhz;team_a:exp_024,keys=val|seed|rounds|n_val|n_train|cuts30|cuts60|halves|m_cnt|variants|top,1786576550256759500,no,no
artifacts/mhz_fold_2025-10-16.json,mhz_fold_2025-10-16.json,.json,fold_artifact,unclassified,6870,cee4fc9879a1980a9a82246f95a7c35bb6577898b3b37f431c26586d6a0cde84,component_family:mhz;team_a:exp_024,keys=val|seed|rounds|n_val|n_train|cuts30|cuts60|halves|m_cnt|variants|top,1786573658763077600,no,no
artifacts/model_DETSEQ01-S42-V1016.pt,model_DETSEQ01-S42-V1016.pt,.pt,checkpoint_or_model,trained_model_state,1001177,d0c2e5e6e25a54af01db29885e848b56c68e3f8ed327fe33cefdecaf816027e4,team_a:exp_025,unknown,1787364674745396000,no,no
artifacts/model_DETSEQ01-S43-V1016.pt,model_DETSEQ01-S43-V1016.pt,.pt,checkpoint_or_model,trained_model_state,1001177,819cf3bf09729f700bdb1e97fdaedb3868c4ca59ca822b035cc64e29a515f0b2,team_a:exp_025,unknown,1787370213250606500,no,no
artifacts/model_DETSEQ01-S44-V1016.pt,model_DETSEQ01-S44-V1016.pt,.pt,checkpoint_or_model,trained_model_state,1001177,66de739d198eda6b2cfeebcee16b225140877173512ef9ac3936fc105f9f0afd,team_a:exp_025,unknown,1787375729537533700,no,no
artifacts/model_ETX-01-S42-TEST.pt,model_ETX-01-S42-TEST.pt,.pt,checkpoint_or_model,trained_model_state,4488827,bc8af886d1a4b5c81124211c8bac1d237b9987ec535faf009442526184b0937a,component_family:etx,unknown,1787205911643901900,no,no
artifacts/model_ETX-01-S42-V0904.pt,model_ETX-01-S42-V0904.pt,.pt,checkpoint_or_model,trained_model_state,4488973,558fd1554076ec03ea976aa31808697003e98591c03b7ddb9403a2a9fbc1ad53,component_family:etx,unknown,1787197701478877500,no,no
artifacts/model_ETX-01-S42-V0918.pt,model_ETX-01-S42-V0918.pt,.pt,checkpoint_or_model,trained_model_state,4488973,a7ad59fbdf0dee5ff02d2aed2fc1e7043de98a6f627d54e9b5815d585116eda5,component_family:etx,unknown,1787192773735441200,no,no
artifacts/model_ETX-01-S42-V1002.pt,model_ETX-01-S42-V1002.pt,.pt,checkpoint_or_model,trained_model_state,4488973,419e4060887fdcbc596d3147f6cb11d9ff7c5af746e01a21ea1edb2e0c9a591f,component_family:etx,unknown,1787187287653167300,no,no
artifacts/model_ETX-01-S42-V1016.pt,model_ETX-01-S42-V1016.pt,.pt,checkpoint_or_model,trained_model_state,4488973,a16f9c255b11825e112db8c69572f96ba64a72d70941041d90fba7968d8aa177,component_family:etx,unknown,1787180929562930500,no,no
artifacts/model_ETX-01-S43-TEST.pt,model_ETX-01-S43-TEST.pt,.pt,checkpoint_or_model,trained_model_state,4488827,685c228b4089a4c2d7292bdd1ad17ee6a402366fd6c557d37d31f6a278c4b4b2,component_family:etx,unknown,1787228049250659600,no,no
artifacts/model_ETX-01-S44-TEST.pt,model_ETX-01-S44-TEST.pt,.pt,checkpoint_or_model,trained_model_state,4488827,1a5b31e0687ac6cdbbbd4910f6924080f61f05b64b465b77fab7283e8479d7c4,component_family:etx,unknown,1787228052589537600,no,no
artifacts/model_ETX-01-S44-V0904.pt,model_ETX-01-S44-V0904.pt,.pt,checkpoint_or_model,trained_model_state,4488973,39c6a580338fcfdf130e8daabc460d19548cd44fa6f1a6e00ef878c1aa494a61,component_family:etx,unknown,1787215946569457300,no,no
artifacts/model_ETX-01-S44-V0918.pt,model_ETX-01-S44-V0918.pt,.pt,checkpoint_or_model,trained_model_state,4488973,438682474921d1982d513e9d0b5bbc95e340576f291a9e67169883872319d36b,component_family:etx,unknown,1787221289905596700,no,no
artifacts/model_ETX-01-S44-V1002.pt,model_ETX-01-S44-V1002.pt,.pt,checkpoint_or_model,trained_model_state,4488973,6625f8e25253b6128b7db1b42cc0f2dc2d3b5937cd29350f402dd334ed96a112,component_family:etx,unknown,1787227045023089900,no,no
artifacts/model_FNL-BASE-E3-L00-S42-V1016.pt,model_FNL-BASE-E3-L00-S42-V1016.pt,.pt,checkpoint_or_model,trained_model_state,1004241,e6795a1c290712a22142bdb939c7e0ba7e161f46ec5b58b9097fa0d34ffec8f5,component_family:fnl,unknown,1787247257374406400,no,no
artifacts/model_FNL-BASE-L00-S42-V1016.pt,model_FNL-BASE-L00-S42-V1016.pt,.pt,checkpoint_or_model,trained_model_state,1004241,412a723fba9c24f7e8e1847cc00ab1c4d3922c6e03846bd796ab908b8f878531,component_family:fnl,unknown,1787252477486956200,no,no
artifacts/model_FNL-BASER2-L00-S42-V1016.pt,model_FNL-BASER2-L00-S42-V1016.pt,.pt,checkpoint_or_model,trained_model_state,1004365,b1ea78991380d5546d382a4711670f5483dd525380952eca00f12ee2d77a87a1,component_family:fnl,unknown,1787286937399608800,no,no
artifacts/model_FNL-BUYCTRL-L10-S42-V1016.pt,model_FNL-BUYCTRL-L10-S42-V1016.pt,.pt,checkpoint_or_model,trained_model_state,1005877,c6a9c41345ce51ff2d0a8b47c06a2449319d01c2632de4464ff0991a80b78515,component_family:fnl,unknown,1787273479103716000,no,no
artifacts/model_FNL-BUYCTRL-L30-S42-V1016.pt,model_FNL-BUYCTRL-L30-S42-V1016.pt,.pt,checkpoint_or_model,trained_model_state,1005877,a96306d964a88872e7ad82e40c365c0b981edebb9e0685b3adfc2228ab187fe9,component_family:fnl,unknown,1787263828970821700,no,no
artifacts/model_FNL-CART-L10-S42-V1016.pt,model_FNL-CART-L10-S42-V1016.pt,.pt,checkpoint_or_model,trained_model_state,1008053,2af62afde76538fc924ef8bd4374c2fa5b06c1e2c7c62899d663035b5a0930ca,component_family:fnl,unknown,1787277917791072000,no,no
artifacts/model_FNL-CART-L30-S42-V1016.pt,model_FNL-CART-L30-S42-V1016.pt,.pt,checkpoint_or_model,trained_model_state,1008053,2f3385117ff2ce520fdce5ca426686a1fe9d4fd1def3b06ff4f860d986627292,component_family:fnl,unknown,1787282476075148900,no,no
artifacts/model_FNL-FUNNEL-L10-S42-V1016.pt,model_FNL-FUNNEL-L10-S42-V1016.pt,.pt,checkpoint_or_model,trained_model_state,1011317,7924154b8ff3f48a8ce8634333653ac81b218fcb9eac9cecd90bbb51da0dd09b,component_family:fnl,unknown,1787269019080723300,no,no
artifacts/model_FNL-FUNNEL-L30-S42-V1016.pt,model_FNL-FUNNEL-L30-S42-V1016.pt,.pt,checkpoint_or_model,trained_model_state,1011317,3ee86c2e211039c616f522e579c745859cba67a40dffdc4aedbc845e42da92f9,component_family:fnl,unknown,1787258256845136900,no,no
artifacts/model_RIDGE15.npz,model_RIDGE15.npz,.npz,checkpoint_or_model,trained_model_state,7978,a98b87e8d2cf5668f595272942c4ac73d13c2280b4d13eb8d40867b4f256babe,component_family:ridge,"arrays=mean:(227,):float64|std:(227,):float64|coef:(228,):float64|features:(227,):<U23|lambda_:():float64|seed:():int64|n_train:():int64",1787338733856559100,no,no
artifacts/model_SEQ-01-S43-V0904.pt,model_SEQ-01-S43-V0904.pt,.pt,checkpoint_or_model,trained_model_state,1003229,ad0b6667e04e56d491d8b26eeca1bf948f5148498119c802b5807b1d802608d2,component_family:seq;team_a:exp_025,unknown,1786629961442175500,no,no
artifacts/model_SEQ-01-S43-V0918.pt,model_SEQ-01-S43-V0918.pt,.pt,checkpoint_or_model,trained_model_state,1003229,cf71fd8aea0c2afadcece37529e47c1ed067699173066bd13414627a550eec57,component_family:seq;team_a:exp_025,unknown,1786628881567267500,no,no
artifacts/model_SEQ-01-S43-V1002.pt,model_SEQ-01-S43-V1002.pt,.pt,checkpoint_or_model,trained_model_state,1003229,ce92ac4dbdf8aab4ab10aada33ddfdbd7f8466b096e2a1179a4fc6f7ed9a7755,component_family:seq;team_a:exp_025,unknown,1786627731013101500,no,no
artifacts/model_SEQ-01-S44-V0904.pt,model_SEQ-01-S44-V0904.pt,.pt,checkpoint_or_model,trained_model_state,1003229,40005022e0b5dcb24ce0420f2e77ff5ca2263d8a832ff98b471196f37cc002c0,component_family:seq;team_a:exp_025,unknown,1786635022429447800,no,no
artifacts/model_SEQ-01-S44-V0918.pt,model_SEQ-01-S44-V0918.pt,.pt,checkpoint_or_model,trained_model_state,1003229,f0801b1baaf56342b0c723f98882b44a3f80614f1b2ab5974e36ac9a5f17c29a,component_family:seq;team_a:exp_025,unknown,1786635016437960500,no,no
artifacts/model_SEQ-01-S44-V1002.pt,model_SEQ-01-S44-V1002.pt,.pt,checkpoint_or_model,trained_model_state,1003229,d8ef04e13e33a9544a527768b9e45b1cffe550b65244d35d0909acd4fa760b65,component_family:seq;team_a:exp_025,unknown,1786635019413404400,no,no
artifacts/model_SEQ-01-S44-V1016.pt,model_SEQ-01-S44-V1016.pt,.pt,checkpoint_or_model,trained_model_state,1003229,e7a1e8e5cb927e2923c33e585f866a70f4f2bb2be281439f03dcc75dec5aa54f,component_family:seq;team_a:exp_025,unknown,1786631475640954900,no,no
artifacts/model_SEQ-01C-S42-V0904.pt,model_SEQ-01C-S42-V0904.pt,.pt,checkpoint_or_model,trained_model_state,1003291,f0ea1531ea20c48f7a8d292d185114ecf3e12677a69a4db34e201b0ed9c407f4,component_family:seq;team_a:exp_025,unknown,1786626532017666400,no,no
artifacts/model_SEQ-03A-A25-S42-V1016.pt,model_SEQ-03A-A25-S42-V1016.pt,.pt,checkpoint_or_model,trained_model_state,1003603,96a3d47097cbf4328056ee8a9b3c05597b31126a740978ed4dc0f8830dd373ca,component_family:seq;team_a:exp_025,unknown,1786662754451255200,no,no
artifacts/model_SEQ-03A-B-S42-V1016.pt,model_SEQ-03A-B-S42-V1016.pt,.pt,checkpoint_or_model,trained_model_state,1003479,4fbb7c11652094f9faf26c9a60e5a18bf52933b5972dce996099f6dd2bd48ea5,component_family:seq;team_a:exp_025,unknown,1786656041027425000,no,no
artifacts/model_SEQ-03A-BASE-S42-V1016.pt,model_SEQ-03A-BASE-S42-V1016.pt,.pt,checkpoint_or_model,trained_model_state,1003665,e5493a0f704944fdbc00551ddd38a3009e7cf93ac14dc86c6e9ad50d2c198a66,component_family:seq;team_a:exp_025,unknown,1786650786749834700,no,no
artifacts/model_SEQ-C289-S43-TEST.pt,model_SEQ-C289-S43-TEST.pt,.pt,checkpoint_or_model,trained_model_state,1003419,b1383e13aee626ed93fcaa420b3a96bb03b929ed162e39c889b3524e9678ff2f,component_family:seq;team_a:exp_025,unknown,1787170841800005000,no,no
artifacts/model_SEQ-C289-S44-TEST.pt,model_SEQ-C289-S44-TEST.pt,.pt,checkpoint_or_model,trained_model_state,1003419,06b10e5469d4a9832726c905ce7e35ae4e3fcf7f5f9682ae283a6d7234a94051,component_family:seq;team_a:exp_025,unknown,1787170875348750400,no,no
artifacts/model_SEQ-D3A-BASE-S42-V0904.pt,model_SEQ-D3A-BASE-S42-V0904.pt,.pt,checkpoint_or_model,trained_model_state,1003729,cc63eb41a893f8cd24b77b6b7b129a503f1e37001c1eae42b09c7398b1704dd6,component_family:seq;team_a:exp_025,unknown,1787030355910369800,no,no
artifacts/model_SEQ-D3A-BASE-S42-V0918.pt,model_SEQ-D3A-BASE-S42-V0918.pt,.pt,checkpoint_or_model,trained_model_state,1003729,19147af98a944c2d403b68e0383c0f857cab0e5d08564a7ce918d058f9ee85bb,component_family:seq;team_a:exp_025,unknown,1787023605621560000,no,no
artifacts/model_SEQ-D3A-BASE-S42-V1002.pt,model_SEQ-D3A-BASE-S42-V1002.pt,.pt,checkpoint_or_model,trained_model_state,1003729,d6c29829bad07e5998627fd6882c96e4efa49012cabe7100aa81a3bf7aad48b3,component_family:seq;team_a:exp_025,unknown,1787016106509347400,no,no
artifacts/model_SEQ-D3A-BASE-S42-V1016.pt,model_SEQ-D3A-BASE-S42-V1016.pt,.pt,checkpoint_or_model,trained_model_state,1003665,e5493a0f704944fdbc00551ddd38a3009e7cf93ac14dc86c6e9ad50d2c198a66,component_family:seq;team_a:exp_025,unknown,1787007735115809100,no,no
artifacts/model_SEQ-D3A-BASE-S43-V0918.pt,model_SEQ-D3A-BASE-S43-V0918.pt,.pt,checkpoint_or_model,trained_model_state,1003729,78d5e75833cd2bea199b8789129a76de0c6ebcdad14f257ad1cf5fed753a8cab,component_family:seq;team_a:exp_025,unknown,1787135671161598000,no,no
artifacts/model_SEQ-D3A-G1-BASE-S43-V0904.pt,model_SEQ-D3A-G1-BASE-S43-V0904.pt,.pt,checkpoint_or_model,trained_model_state,1003915,704e5dea37e24345329a05891b192cc8fedede07c27715fdc109ba8ee68783b4,component_family:seq;team_a:exp_025,unknown,1787154254000000000,no,no
artifacts/model_SEQ-D3A-G1-BASE-S43-V0918.pt,model_SEQ-D3A-G1-BASE-S43-V0918.pt,.pt,checkpoint_or_model,trained_model_state,1003915,abd3807c88adc7b70a057863a7557d8452159e6d1fb8064cc55396035d00b6a9,component_family:seq;team_a:exp_025,unknown,1787156887000000000,no,no
artifacts/model_SEQ-D3A-G1-BASE-S43-V1002.pt,model_SEQ-D3A-G1-BASE-S43-V1002.pt,.pt,checkpoint_or_model,trained_model_state,1003915,68cff8b41c596307ed3dc5c3209b34ad8a079d68072088001a15e2e45acb2610,component_family:seq;team_a:exp_025,unknown,1787151688000000000,no,no
artifacts/model_SEQ-D3A-G1-BASE-S43-V1016.pt,model_SEQ-D3A-G1-BASE-S43-V1016.pt,.pt,checkpoint_or_model,trained_model_state,1003915,c057c4f3a519e8655aa14173952bdd10873460a15d4eed52dc6a14dd89bbd901,component_family:seq;team_a:exp_025,unknown,1787148349000000000,no,no
artifacts/model_SEQ-D3A-G1-S43-V0904.pt,model_SEQ-D3A-G1-S43-V0904.pt,.pt,checkpoint_or_model,trained_model_state,1003605,667c552912ddc9c9923cfb00b30e5fe38e84bc79e7179fb4194ae74a654102ef,component_family:seq;team_a:exp_025,unknown,1787153065000000000,no,no
artifacts/model_SEQ-D3A-G1-S43-V0918.pt,model_SEQ-D3A-G1-S43-V0918.pt,.pt,checkpoint_or_model,trained_model_state,1003605,7bf6c89c62b10b7c7120c666e2d2b205591c2e16c809757692a51ff30e609c00,component_family:seq;team_a:exp_025,unknown,1787155571000000000,no,no
artifacts/model_SEQ-D3A-G1-S43-V1002.pt,model_SEQ-D3A-G1-S43-V1002.pt,.pt,checkpoint_or_model,trained_model_state,1003605,d190400dad178a5fd37b6083d31daf5178e95f1a0ab9044c48483e417ec01048,component_family:seq;team_a:exp_025,unknown,1787150021000000000,no,no
artifacts/model_SEQ-D3A-G1-S43-V1016.pt,model_SEQ-D3A-G1-S43-V1016.pt,.pt,checkpoint_or_model,trained_model_state,1003605,d3b51a10296d543644e20d5ea7e30c157e4ac49cb78d06a689fee10693ffd209,component_family:seq;team_a:exp_025,unknown,1787146527000000000,no,no
artifacts/model_SEQ-D3A-G2-BASE-S44-V0904.pt,model_SEQ-D3A-G2-BASE-S44-V0904.pt,.pt,checkpoint_or_model,trained_model_state,1003915,e74c6139f18ac8cc9d06c4eb615f1b76916b384e92ec866bd349f3d17401396f,component_family:seq;team_a:exp_025,unknown,1787155272000000000,no,no
artifacts/model_SEQ-D3A-G2-BASE-S44-V0918.pt,model_SEQ-D3A-G2-BASE-S44-V0918.pt,.pt,checkpoint_or_model,trained_model_state,1003915,f90bd03ac333fee3c3cf5c809b6ab2c7ad3f7cd07b552462168c8e7679cc717e,component_family:seq;team_a:exp_025,unknown,1787153181000000000,no,no
artifacts/model_SEQ-D3A-G2-BASE-S44-V1002.pt,model_SEQ-D3A-G2-BASE-S44-V1002.pt,.pt,checkpoint_or_model,trained_model_state,1003915,e5881792d9eed62b80a1f34658b6de2807f7fc9dd3065258acccaadbabf01c8b,component_family:seq;team_a:exp_025,unknown,1787150857000000000,no,no
artifacts/model_SEQ-D3A-G2-BASE-S44-V1016.pt,model_SEQ-D3A-G2-BASE-S44-V1016.pt,.pt,checkpoint_or_model,trained_model_state,1003915,35d57751fb9ca35799c2d1946802aa090fc488c8188d129ae8aa4a0bf88c03ae,component_family:seq;team_a:exp_025,unknown,1787148295000000000,no,no
artifacts/model_SEQ-D3A-G2-S44-V0904.pt,model_SEQ-D3A-G2-S44-V0904.pt,.pt,checkpoint_or_model,trained_model_state,1003605,12e1ea89acdb4a39007107f3582f75c954f29584e8fa3dc2419715b037651a9a,component_family:seq;team_a:exp_025,unknown,1787154226000000000,no,no
artifacts/model_SEQ-D3A-G2-S44-V0918.pt,model_SEQ-D3A-G2-S44-V0918.pt,.pt,checkpoint_or_model,trained_model_state,1003605,0fec260a54f2011030a662a883a250c4c3e55dbfb7c1923fe588ab354d39ec4c,component_family:seq;team_a:exp_025,unknown,1787152018000000000,no,no
artifacts/model_SEQ-D3A-G2-S44-V1002.pt,model_SEQ-D3A-G2-S44-V1002.pt,.pt,checkpoint_or_model,trained_model_state,1003605,93d5aabb33a44359d54813cbd5cc72429a115dd6ee0ce0c0aebcfaa072333718,component_family:seq;team_a:exp_025,unknown,1787149576000000000,no,no
artifacts/model_SEQ-D3A-G2-S44-V1016.pt,model_SEQ-D3A-G2-S44-V1016.pt,.pt,checkpoint_or_model,trained_model_state,1003605,d21bba8995b569ef954dc7a0cb3435d3850dea20b0dc564470162a8421e0c608,component_family:seq;team_a:exp_025,unknown,1787146893000000000,no,no
artifacts/model_SEQ-D3A-S42-V0904.pt,model_SEQ-D3A-S42-V0904.pt,.pt,checkpoint_or_model,trained_model_state,1003419,a00d946c2595338278a460383e176cd21912023605339116370dae93a0bf2e23,component_family:seq;team_a:exp_025,unknown,1787033555829634600,no,no
artifacts/model_SEQ-D3A-S42-V0918.pt,model_SEQ-D3A-S42-V0918.pt,.pt,checkpoint_or_model,trained_model_state,1003419,654dd8c0a4cf3ee2acb2dda5feca62e01c768c9cfbdfe7b68ff61fdc91ef2da3,component_family:seq;team_a:exp_025,unknown,1787027163649745200,no,no
artifacts/model_SEQ-D3A-S42-V1002.pt,model_SEQ-D3A-S42-V1002.pt,.pt,checkpoint_or_model,trained_model_state,1003419,9b55469d1deb4d84b73ee20ee69e07356fb427266b6701024c907b1715851f99,component_family:seq;team_a:exp_025,unknown,1787020039378970400,no,no
artifacts/model_SEQ-D3A-S42-V1016.pt,model_SEQ-D3A-S42-V1016.pt,.pt,checkpoint_or_model,trained_model_state,1003419,dc48c442a593139c1c3078dff66b66c84267062706b98552ac40944c6f6adc92,component_family:seq;team_a:exp_025,unknown,1787012170532723300,no,no
artifacts/model_SEQ-D3A-S43-V0918.pt,model_SEQ-D3A-S43-V0918.pt,.pt,checkpoint_or_model,trained_model_state,1003419,e41e515cd0348eeee36589ea5129455da1a696e7a185dd84bd2c1eaf21985805,component_family:seq;team_a:exp_025,unknown,1787139320178360600,no,no
artifacts/oof_BLOCK4_SAF.npz,oof_BLOCK4_SAF.npz,.npz,oof_prediction,out_of_fold_prediction,28701670,1d97523f05a0b0dddb8356de95ec0edaa9146d6b1b87549eff68b1d7385c40c4,team_a:exp_039,"arrays=uid:(770616,):int64|cutoff:(770616,):<U10|y:(770616,):float32|activity:(770616,):int8|z_base:(770616,):float32|q:(770616,):float32|nu_c:(770616,):float32|nu_f:(770616,):float32|delta_raw:(770616,):float32|delta:(770616,):float64|delta_shuf:(770616,):float64|z_new_honest:(770616,):float64",1787309045226844400,no,no
artifacts/oof_ETX-01-S42-V0904.npz,oof_ETX-01-S42-V0904.npz,.npz,oof_prediction,out_of_fold_prediction,1104412,c60a9f92ff58a64c65724e07e04ead4ac6ce078e5b0f172377243fb5339adc4c,component_family:etx,"arrays=user_id:(188518,):int64|cutoff:(188518,):<U10|z:(188518,):float32|y:(188518,):float32",1787197701829043600,no,no
artifacts/oof_ETX-01-S42-V0918.npz,oof_ETX-01-S42-V0918.npz,.npz,oof_prediction,out_of_fold_prediction,1125418,afec28e0124c5422c1b38cd52d2d9da87e4535dbebf13f8c83faa0f2bffdfc9f,component_family:etx,"arrays=user_id:(191025,):int64|cutoff:(191025,):<U10|z:(191025,):float32|y:(191025,):float32",1787192774087934200,no,no
artifacts/oof_ETX-01-S42-V1002.npz,oof_ETX-01-S42-V1002.npz,.npz,oof_prediction,out_of_fold_prediction,1143774,def5d02ffe8f3d4d7f9b87929b30f6a18ffbdf882a7e9edcc401f4bb26f84e5e,component_family:etx,"arrays=user_id:(193694,):int64|cutoff:(193694,):<U10|z:(193694,):float32|y:(193694,):float32",1787187288014828400,no,no
artifacts/oof_ETX-01-S42-V1016.npz,oof_ETX-01-S42-V1016.npz,.npz,oof_prediction,out_of_fold_prediction,1167951,18e35df4d7960818a9fa640ec3eafdf7fbb212c6cfa224ee426b4a126abd8b2f,component_family:etx,"arrays=user_id:(197379,):int64|cutoff:(197379,):<U10|z:(197379,):float32|y:(197379,):float32",1787180929966431700,no,no
artifacts/oof_ETX-01-S42.npz,oof_ETX-01-S42.npz,.npz,oof_prediction,out_of_fold_prediction,4537313,679aa17bfadbb376552c28494de625b29feebe8b4cf09b4a1c18f1e41de819fa,component_family:etx,"arrays=user_id:(770616,):int64|cutoff:(770616,):<U10|z:(770616,):float32|y:(770616,):float32",1787197708691751000,no,no
artifacts/oof_ETX-01-S43-V0904.npz,oof_ETX-01-S43-V0904.npz,.npz,oof_prediction,out_of_fold_prediction,1104322,49ae4d10fa04d80be2698214cd4879ea2f0ed87138f7b5c18ae02276bdb606f2,component_family:etx,"arrays=user_id:(188518,):int64|cutoff:(188518,):<U10|z:(188518,):float32|y:(188518,):float32",1787228055842057200,no,no
artifacts/oof_ETX-01-S43-V0918.npz,oof_ETX-01-S43-V0918.npz,.npz,oof_prediction,out_of_fold_prediction,1125969,3ef750d61c7226030d8d55f06ea9dea2eecc267723c6ab2547890e844dad008b,component_family:etx,"arrays=user_id:(191025,):int64|cutoff:(191025,):<U10|z:(191025,):float32|y:(191025,):float32",1787228058558960600,no,no
artifacts/oof_ETX-01-S43-V1002.npz,oof_ETX-01-S43-V1002.npz,.npz,oof_prediction,out_of_fold_prediction,1144825,1c212b4f5a79de3c852929911c902df12e3a7ed018353a9e8300563018e3efe3,component_family:etx,"arrays=user_id:(193694,):int64|cutoff:(193694,):<U10|z:(193694,):float32|y:(193694,):float32",1787228061434829000,no,no
artifacts/oof_ETX-01-S43-V1016.npz,oof_ETX-01-S43-V1016.npz,.npz,oof_prediction,out_of_fold_prediction,1166947,89e6bb0b8e2ba6932ca00f786345362fadc903bbf16404f52193c0db9f4984a8,component_family:etx,"arrays=user_id:(197379,):int64|cutoff:(197379,):<U10|z:(197379,):float32|y:(197379,):float32",1787228064275609600,no,no
artifacts/oof_ETX-01-S43.npz,oof_ETX-01-S43.npz,.npz,oof_prediction,out_of_fold_prediction,4537790,69ffc5703428443fbc2bdb569c101a6158c75c55baab86f90aa315a4a2ae73a9,component_family:etx,"arrays=user_id:(770616,):int64|cutoff:(770616,):<U10|z:(770616,):float32|y:(770616,):float32",1787228879506968400,no,no
artifacts/oof_ETX-01-S44-V0904.npz,oof_ETX-01-S44-V0904.npz,.npz,oof_prediction,out_of_fold_prediction,1104582,95949df34e7a66fdc8e3d324566bc45963fbc7f4641d77eb325188e38fc22d78,component_family:etx,"arrays=user_id:(188518,):int64|cutoff:(188518,):<U10|z:(188518,):float32|y:(188518,):float32",1787215946931461600,no,no
artifacts/oof_ETX-01-S44-V0918.npz,oof_ETX-01-S44-V0918.npz,.npz,oof_prediction,out_of_fold_prediction,1125716,037eef5f005cd52aaa9b88ca6e1a6f05e14ba80c769f2f5106f6ba012e8b4397,component_family:etx,"arrays=user_id:(191025,):int64|cutoff:(191025,):<U10|z:(191025,):float32|y:(191025,):float32",1787221290277022000,no,no
artifacts/oof_ETX-01-S44-V1002.npz,oof_ETX-01-S44-V1002.npz,.npz,oof_prediction,out_of_fold_prediction,1143450,80d5fbdb5e6af69ee491de6c1df704273f8226faba3c3e35091de50f238fb722,component_family:etx,"arrays=user_id:(193694,):int64|cutoff:(193694,):<U10|z:(193694,):float32|y:(193694,):float32",1787227045399846200,no,no
artifacts/oof_ETX-01-S44-V1016.npz,oof_ETX-01-S44-V1016.npz,.npz,oof_prediction,out_of_fold_prediction,1166469,ea77e0b085a1d967b7af530f5b7dbd0009a141b06227b5cf1a5fdf1e7383d7f2,component_family:etx,"arrays=user_id:(197379,):int64|cutoff:(197379,):<U10|z:(197379,):float32|y:(197379,):float32",1787228067010456900,no,no
artifacts/oof_ETX-01-S44.npz,oof_ETX-01-S44.npz,.npz,oof_prediction,out_of_fold_prediction,4535951,203ffe180c1105d0d86e12a4997e47b598c700fc16047bfd46e52588dcc2750c,component_family:etx,"arrays=user_id:(770616,):int64|cutoff:(770616,):<U10|z:(770616,):float32|y:(770616,):float32",1787228883058587900,no,no
artifacts/oof_ETX-AVG2-V0904.npz,oof_ETX-AVG2-V0904.npz,.npz,oof_prediction,out_of_fold_prediction,1134887,dbd9d3c5bab2bc4b96ed7fa1148df3a9654cfbce1e147d0183706bf04ad60b20,component_family:etx,"arrays=user_id:(188518,):int64|cutoff:(188518,):<U10|z:(188518,):float32|y:(188518,):float32",1787228883580445500,no,no
artifacts/oof_ETX-AVG2-V0918.npz,oof_ETX-AVG2-V0918.npz,.npz,oof_prediction,out_of_fold_prediction,1156545,ed171395de9dde464f848e29f9821a5c05e41aa9a6211ce8b00ae3f794e74e00,component_family:etx,"arrays=user_id:(191025,):int64|cutoff:(191025,):<U10|z:(191025,):float32|y:(191025,):float32",1787228883995420800,no,no
artifacts/oof_ETX-AVG2-V1002.npz,oof_ETX-AVG2-V1002.npz,.npz,oof_prediction,out_of_fold_prediction,1176026,05c2b5a26f6d234fca6b956958395476a61394d7aaa3cc1a6db62769c4636bdd,component_family:etx,"arrays=user_id:(193694,):int64|cutoff:(193694,):<U10|z:(193694,):float32|y:(193694,):float32",1787228884409677800,no,no
artifacts/oof_ETX-AVG2-V1016.npz,oof_ETX-AVG2-V1016.npz,.npz,oof_prediction,out_of_fold_prediction,1199361,72b5335faa79c6104241638660a9ee5a310fd002c2cf5c6ee434358729464cbe,component_family:etx,"arrays=user_id:(197379,):int64|cutoff:(197379,):<U10|z:(197379,):float32|y:(197379,):float32",1787228884871690000,no,no
artifacts/oof_ETX-AVG2.npz,oof_ETX-AVG2.npz,.npz,oof_prediction,out_of_fold_prediction,4661767,ab36c9cf57d849f08bbd66f90abf59c80a2b0710a6cf5e021789ae1e9ce7868b,component_family:etx,"arrays=user_id:(770616,):int64|cutoff:(770616,):<U10|z:(770616,):float32|y:(770616,):float32",1787228887279764600,no,no
artifacts/oof_ETX-AVG3-V0904.npz,oof_ETX-AVG3-V0904.npz,.npz,oof_prediction,out_of_fold_prediction,1154941,85df4caa91dc10e3b635b9746ad32165c5788fc32b7a23b02054440c92c54332,component_family:etx,"arrays=user_id:(188518,):int64|cutoff:(188518,):<U10|z:(188518,):float32|y:(188518,):float32",1787228887683323300,no,no
artifacts/oof_ETX-AVG3-V0918.npz,oof_ETX-AVG3-V0918.npz,.npz,oof_prediction,out_of_fold_prediction,1176468,0fc1fb298c4242cb7cbbaf71b0cf3f3ba18defd5acef5ead6d16e0a95f4f86b5,component_family:etx,"arrays=user_id:(191025,):int64|cutoff:(191025,):<U10|z:(191025,):float32|y:(191025,):float32",1787228888086884600,no,no
artifacts/oof_ETX-AVG3-V1002.npz,oof_ETX-AVG3-V1002.npz,.npz,oof_prediction,out_of_fold_prediction,1196043,ee94855384ee8444ae0d6694d83a04f8f92c736f341caa55a62f398f313aeb2a,component_family:etx,"arrays=user_id:(193694,):int64|cutoff:(193694,):<U10|z:(193694,):float32|y:(193694,):float32",1787228888505303600,no,no
artifacts/oof_ETX-AVG3-V1016.npz,oof_ETX-AVG3-V1016.npz,.npz,oof_prediction,out_of_fold_prediction,1219718,87f895557bce82a098c3a470672ae72a04ab1d4f24890a4b11e02a3bea993a51,component_family:etx,"arrays=user_id:(197379,):int64|cutoff:(197379,):<U10|z:(197379,):float32|y:(197379,):float32",1787228888922040600,no,no
artifacts/oof_ETX-AVG3.npz,oof_ETX-AVG3.npz,.npz,oof_prediction,out_of_fold_prediction,4741153,890aef1a0967df5fb70b4546dadb77b70b4aafa08f4cae6a31a3a030f3e7bf2f,component_family:etx,"arrays=user_id:(770616,):int64|cutoff:(770616,):<U10|z:(770616,):float32|y:(770616,):float32",1787228891146813500,no,no
artifacts/oof_FNL-BASE-E3-L00-S42-V1016.npz,oof_FNL-BASE-E3-L00-S42-V1016.npz,.npz,oof_prediction,out_of_fold_prediction,1171683,f613bdab16aa6ba3c4a4aad5659d08506bd7e4028aa27b389b5eb5b085b4c57b,component_family:fnl,"arrays=user_id:(197379,):int64|cutoff:(197379,):<U10|z:(197379,):float32|y:(197379,):float32",1787247257780657100,no,no
artifacts/oof_FNL-BASE-L00-S42-V1016.npz,oof_FNL-BASE-L00-S42-V1016.npz,.npz,oof_prediction,out_of_fold_prediction,1169897,b1742912bcb9cc6e7d645776d41860481a0e838bf1d3b0255fc7a78974420fd0,component_family:fnl,"arrays=user_id:(197379,):int64|cutoff:(197379,):<U10|z:(197379,):float32|y:(197379,):float32",1787252477874977700,no,no
artifacts/oof_FNL-BASER2-L00-S42-V1016.npz,oof_FNL-BASER2-L00-S42-V1016.npz,.npz,oof_prediction,out_of_fold_prediction,1168839,4a4e4546b4744e6d70aa5c7af8463202effabd76a186e01d6d22d054088647e4,component_family:fnl,"arrays=user_id:(197379,):int64|cutoff:(197379,):<U10|z:(197379,):float32|y:(197379,):float32",1787286937763213200,no,no
artifacts/oof_FNL-BUYCTRL-L10-S42-V1016.npz,oof_FNL-BUYCTRL-L10-S42-V1016.npz,.npz,oof_prediction,out_of_fold_prediction,1169078,896dab3c3545b0b551d7d74b58b8372f1d2340deb39703774808086e902b260e,component_family:fnl,"arrays=user_id:(197379,):int64|cutoff:(197379,):<U10|z:(197379,):float32|y:(197379,):float32",1787273479479959600,no,no
artifacts/oof_FNL-BUYCTRL-L30-S42-V1016.npz,oof_FNL-BUYCTRL-L30-S42-V1016.npz,.npz,oof_prediction,out_of_fold_prediction,1168651,af36eaf134c34e57b2d7de1cbd1601e6109188d1603272be33b62ef8be968187,component_family:fnl,"arrays=user_id:(197379,):int64|cutoff:(197379,):<U10|z:(197379,):float32|y:(197379,):float32",1787263829358975500,no,no
artifacts/oof_FNL-CART-L10-S42-V1016.npz,oof_FNL-CART-L10-S42-V1016.npz,.npz,oof_prediction,out_of_fold_prediction,1171871,e5c1d6dd93587dde70d68ef20b7fac4176f369a48c4bf37aa4d6bb18973c1cf9,component_family:fnl,"arrays=user_id:(197379,):int64|cutoff:(197379,):<U10|z:(197379,):float32|y:(197379,):float32",1787277918156016900,no,no
artifacts/oof_FNL-CART-L30-S42-V1016.npz,oof_FNL-CART-L30-S42-V1016.npz,.npz,oof_prediction,out_of_fold_prediction,1167173,62b2cd4243db63b198fd8cc0ca4719a2b74147efac10f59ffd382a189a050bd6,component_family:fnl,"arrays=user_id:(197379,):int64|cutoff:(197379,):<U10|z:(197379,):float32|y:(197379,):float32",1787282476442980500,no,no
artifacts/oof_FNL-FUNNEL-L10-S42-V1016.npz,oof_FNL-FUNNEL-L10-S42-V1016.npz,.npz,oof_prediction,out_of_fold_prediction,1169467,aa3a416590a6779cb3105a6df14077bfb4be37a54f8c1ab0a63bd524e4c8ec6a,component_family:fnl,"arrays=user_id:(197379,):int64|cutoff:(197379,):<U10|z:(197379,):float32|y:(197379,):float32",1787269019465096800,no,no
artifacts/oof_FNL-FUNNEL-L30-S42-V1016.npz,oof_FNL-FUNNEL-L30-S42-V1016.npz,.npz,oof_prediction,out_of_fold_prediction,1166699,89d53e81322628a7db861ca2e5c36d0d9b252a8bc7ef99c6aca379b44bcb3923,component_family:fnl,"arrays=user_id:(197379,):int64|cutoff:(197379,):<U10|z:(197379,):float32|y:(197379,):float32",1787258257235424200,no,no
artifacts/oof_FRESH_CONTRAST_MOE.npz,oof_FRESH_CONTRAST_MOE.npz,.npz,oof_prediction,out_of_fold_prediction,26380153,1fb3b8a2d0d77afd06bc529d69e32e07bd5f01060a775a7fc02fb65f6cb03cda,component_family:fresh;team_a:exp_040,"arrays=uid:(770616,):int64|cutoff:(770616,):<U10|y:(770616,):float32|group:(770616,):int8|z_base:(770616,):float32|z_clean:(770616,):float32|z_vol:(770616,):float32|z_fresh:(770616,):float32|d_fresh:(770616,):float64|d_vol:(770616,):float64|w180:(770616,):float32|rec:(770616,):float32|fresh_processed_nested:(770616,):float64|vol_processed_nested:(770616,):float64",1787320743432002300,no,no
artifacts/oof_GAP-DIST-K5-G030-S42-R100.npz,oof_GAP-DIST-K5-G030-S42-R100.npz,.npz,oof_prediction,out_of_fold_prediction,5997169,9c941520df5db48c9a6adfe48e8550bcb529bf6adbb72478957e8a56b2653def,component_family:gap,"arrays=user_id:(770616,):int64|cutoff:(770616,):<U10|z:(770616,):float32|y:(770616,):float32",1786536720737421100,no,no
artifacts/oof_GAP-DIST-K5-G030-S42-R150.npz,oof_GAP-DIST-K5-G030-S42-R150.npz,.npz,oof_prediction,out_of_fold_prediction,5997701,0990b39034e8de4b6d16913fdbdeff169ab3a166b6808d719dcefce85a108ac2,component_family:gap,"arrays=user_id:(770616,):int64|cutoff:(770616,):<U10|z:(770616,):float32|y:(770616,):float32",1786536722411435600,no,no
artifacts/oof_GAP-DIST-K5-G030-S42-R200.npz,oof_GAP-DIST-K5-G030-S42-R200.npz,.npz,oof_prediction,out_of_fold_prediction,5997633,f4377501da809a0800e68cfedc949f15b9ddb27cf1adbb1637a76ee0300e944a,component_family:gap,"arrays=user_id:(770616,):int64|cutoff:(770616,):<U10|z:(770616,):float32|y:(770616,):float32",1786536724048575400,no,no
artifacts/oof_GAP-DIST-K5-G030-S42-R50.npz,oof_GAP-DIST-K5-G030-S42-R50.npz,.npz,oof_prediction,out_of_fold_prediction,5993193,53d0de0b1b503f4ddce01a92371fc4eed99774c4e6fe2f916b465239f6b7b8ba,component_family:gap,"arrays=user_id:(770616,):int64|cutoff:(770616,):<U10|z:(770616,):float32|y:(770616,):float32",1786536719082746300,no,no
artifacts/oof_GAP-DIST-K5-G030-S42.npz,oof_GAP-DIST-K5-G030-S42.npz,.npz,oof_prediction,out_of_fold_prediction,5997633,f4377501da809a0800e68cfedc949f15b9ddb27cf1adbb1637a76ee0300e944a,component_family:gap,"arrays=user_id:(770616,):int64|cutoff:(770616,):<U10|z:(770616,):float32|y:(770616,):float32",1786536717371622800,no,no
artifacts/oof_GAP-DIST-K5-G060-S42-R100.npz,oof_GAP-DIST-K5-G060-S42-R100.npz,.npz,oof_prediction,out_of_fold_prediction,5996059,4d2dfd48dc5ff599af2c45042b464128d5481b6f054250cfc61638ab1790082b,component_family:gap,"arrays=user_id:(770616,):int64|cutoff:(770616,):<U10|z:(770616,):float32|y:(770616,):float32",1786540086430048700,no,no
artifacts/oof_GAP-DIST-K5-G060-S42-R150.npz,oof_GAP-DIST-K5-G060-S42-R150.npz,.npz,oof_prediction,out_of_fold_prediction,5996274,24158c35098e8a711051e17dcaf6ffa6866e61b70ff174cacc7043f4cbe6b87a,component_family:gap,"arrays=user_id:(770616,):int64|cutoff:(770616,):<U10|z:(770616,):float32|y:(770616,):float32",1786540088102883700,no,no
artifacts/oof_GAP-DIST-K5-G060-S42-R200.npz,oof_GAP-DIST-K5-G060-S42-R200.npz,.npz,oof_prediction,out_of_fold_prediction,5996261,4ee8e5b19855221023271c89bca653dfc68c9e985a4e79527efce0a6e7acffa5,component_family:gap,"arrays=user_id:(770616,):int64|cutoff:(770616,):<U10|z:(770616,):float32|y:(770616,):float32",1786540089759452500,no,no
artifacts/oof_GAP-DIST-K5-G060-S42-R50.npz,oof_GAP-DIST-K5-G060-S42-R50.npz,.npz,oof_prediction,out_of_fold_prediction,5992263,9cff89d1ca952398b9dde9b6f6fec2dc53a61b15735fc4bc3259f1db61e9af05,component_family:gap,"arrays=user_id:(770616,):int64|cutoff:(770616,):<U10|z:(770616,):float32|y:(770616,):float32",1786540084606687700,no,no
artifacts/oof_GAP-DIST-K5-G060-S42.npz,oof_GAP-DIST-K5-G060-S42.npz,.npz,oof_prediction,out_of_fold_prediction,5996261,4ee8e5b19855221023271c89bca653dfc68c9e985a4e79527efce0a6e7acffa5,component_family:gap,"arrays=user_id:(770616,):int64|cutoff:(770616,):<U10|z:(770616,):float32|y:(770616,):float32",1786540082755207100,no,no
artifacts/oof_GAP-DIST-K5-G120-S42-R100.npz,oof_GAP-DIST-K5-G120-S42-R100.npz,.npz,oof_prediction,out_of_fold_prediction,5997898,ab0b8165a65084222057144d575755d6b66520990c6d0eca89032763ab042a1e,component_family:gap,"arrays=user_id:(770616,):int64|cutoff:(770616,):<U10|z:(770616,):float32|y:(770616,):float32",1786539350947291200,no,no
artifacts/oof_GAP-DIST-K5-G120-S42-R150.npz,oof_GAP-DIST-K5-G120-S42-R150.npz,.npz,oof_prediction,out_of_fold_prediction,5998458,d39bec70e769eeab2a0eb1582b32034880d9792dfe941febaa0fb59bd27e304d,component_family:gap,"arrays=user_id:(770616,):int64|cutoff:(770616,):<U10|z:(770616,):float32|y:(770616,):float32",1786539352660179900,no,no
artifacts/oof_GAP-DIST-K5-G120-S42-R200.npz,oof_GAP-DIST-K5-G120-S42-R200.npz,.npz,oof_prediction,out_of_fold_prediction,5998704,e9c81713ad2777e8c85cb1243daa0b5ff8ebf46f4b349176301df2aa014fde52,component_family:gap,"arrays=user_id:(770616,):int64|cutoff:(770616,):<U10|z:(770616,):float32|y:(770616,):float32",1786539354274834700,no,no
artifacts/oof_GAP-DIST-K5-G120-S42-R50.npz,oof_GAP-DIST-K5-G120-S42-R50.npz,.npz,oof_prediction,out_of_fold_prediction,5993370,825a4596c9c16bf672ec7d1406f33df884fe2d7af5f92d77bedcb65940070cb9,component_family:gap,"arrays=user_id:(770616,):int64|cutoff:(770616,):<U10|z:(770616,):float32|y:(770616,):float32",1786539349087453600,no,no
artifacts/oof_GAP-DIST-K5-G120-S42.npz,oof_GAP-DIST-K5-G120-S42.npz,.npz,oof_prediction,out_of_fold_prediction,5998704,e9c81713ad2777e8c85cb1243daa0b5ff8ebf46f4b349176301df2aa014fde52,component_family:gap,"arrays=user_id:(770616,):int64|cutoff:(770616,):<U10|z:(770616,):float32|y:(770616,):float32",1786539347729251900,no,no
artifacts/oof_GAP-E02-K5-G030-S42-R100.npz,oof_GAP-E02-K5-G030-S42-R100.npz,.npz,oof_prediction,out_of_fold_prediction,5996212,ee90a63b53c01a9458a476db32abe54a8cd12bf9458ce9da9629172d1eec5c99,component_family:gap,"arrays=user_id:(770616,):int64|cutoff:(770616,):<U10|z:(770616,):float32|y:(770616,):float32",1786532793470913000,no,no
artifacts/oof_GAP-E02-K5-G030-S42-R150.npz,oof_GAP-E02-K5-G030-S42-R150.npz,.npz,oof_prediction,out_of_fold_prediction,5997162,0cfd48b93a92a584421e25f46f87e372b0d98965689faf5f6b28fa229a5ac04d,component_family:gap,"arrays=user_id:(770616,):int64|cutoff:(770616,):<U10|z:(770616,):float32|y:(770616,):float32",1786532795097821900,no,no
artifacts/oof_GAP-E02-K5-G030-S42-R200.npz,oof_GAP-E02-K5-G030-S42-R200.npz,.npz,oof_prediction,out_of_fold_prediction,5997560,21a033438209ed72dae65ba668f97bbc88b17502be3bc0586def0aa0c31ef7ae,component_family:gap,"arrays=user_id:(770616,):int64|cutoff:(770616,):<U10|z:(770616,):float32|y:(770616,):float32",1786532796728331300,no,no
artifacts/oof_GAP-E02-K5-G030-S42-R250.npz,oof_GAP-E02-K5-G030-S42-R250.npz,.npz,oof_prediction,out_of_fold_prediction,5997191,2a5d56aaaf35303274ccdfcbc910400a24cf6a7e773c7af00cdd0d6acc85b8c9,component_family:gap,"arrays=user_id:(770616,):int64|cutoff:(770616,):<U10|z:(770616,):float32|y:(770616,):float32",1786532798338141800,no,no
artifacts/oof_GAP-E02-K5-G030-S42-R300.npz,oof_GAP-E02-K5-G030-S42-R300.npz,.npz,oof_prediction,out_of_fold_prediction,5997491,b71d9dcd693db4981c3cca24d2ffccff579e76ab126948a9830dd22340cda718,component_family:gap,"arrays=user_id:(770616,):int64|cutoff:(770616,):<U10|z:(770616,):float32|y:(770616,):float32",1786532799944226900,no,no
artifacts/oof_GAP-E02-K5-G030-S42-R50.npz,oof_GAP-E02-K5-G030-S42-R50.npz,.npz,oof_prediction,out_of_fold_prediction,5978480,07e53efebd3ae6be2d280c1ee3ff99c3e388a61b0036c703c24bc2b14b229a49,component_family:gap,"arrays=user_id:(770616,):int64|cutoff:(770616,):<U10|z:(770616,):float32|y:(770616,):float32",1786532790228594800,no,no
artifacts/oof_GAP-E02-K5-G030-S42-R75.npz,oof_GAP-E02-K5-G030-S42-R75.npz,.npz,oof_prediction,out_of_fold_prediction,5993728,05115f2b6b6f60f5d48e306d94b43f4c0dc42c9eae69449365de52874fea2500,component_family:gap,"arrays=user_id:(770616,):int64|cutoff:(770616,):<U10|z:(770616,):float32|y:(770616,):float32",1786532791847551700,no,no
artifacts/oof_GAP-E02-K5-G030-S42.npz,oof_GAP-E02-K5-G030-S42.npz,.npz,oof_prediction,out_of_fold_prediction,5997491,b71d9dcd693db4981c3cca24d2ffccff579e76ab126948a9830dd22340cda718,component_family:gap,"arrays=user_id:(770616,):int64|cutoff:(770616,):<U10|z:(770616,):float32|y:(770616,):float32",1786532788471039400,no,no
artifacts/oof_GAP-E02-K5-G060-S42-R100.npz,oof_GAP-E02-K5-G060-S42-R100.npz,.npz,oof_prediction,out_of_fold_prediction,5992626,7483a359aef89d061bfe8cfcf405f64ca47f2ea2b9eb64b08ed50b5f1d5cdf18,component_family:gap,"arrays=user_id:(770616,):int64|cutoff:(770616,):<U10|z:(770616,):float32|y:(770616,):float32",1786533123006563000,no,no
artifacts/oof_GAP-E02-K5-G060-S42-R150.npz,oof_GAP-E02-K5-G060-S42-R150.npz,.npz,oof_prediction,out_of_fold_prediction,5993388,daf7100d5b8f0c0ca1b5196630c47148a9ef49ee2504564dcdb63c1f0dfdce65,component_family:gap,"arrays=user_id:(770616,):int64|cutoff:(770616,):<U10|z:(770616,):float32|y:(770616,):float32",1786533124737346400,no,no
artifacts/oof_GAP-E02-K5-G060-S42-R200.npz,oof_GAP-E02-K5-G060-S42-R200.npz,.npz,oof_prediction,out_of_fold_prediction,5993418,2c64c4bfea9fd59381f1cfde68d3054aa8ab8bb93bbfdacd69af4bccfaffb0d0,component_family:gap,"arrays=user_id:(770616,):int64|cutoff:(770616,):<U10|z:(770616,):float32|y:(770616,):float32",1786533126431413200,no,no
artifacts/oof_GAP-E02-K5-G060-S42-R250.npz,oof_GAP-E02-K5-G060-S42-R250.npz,.npz,oof_prediction,out_of_fold_prediction,5993260,9a8b0d110c77bca6f7a223905f5fbda8f1274eae343d2e6234452d7d07f71fa4,component_family:gap,"arrays=user_id:(770616,):int64|cutoff:(770616,):<U10|z:(770616,):float32|y:(770616,):float32",1786533128114814800,no,no
artifacts/oof_GAP-E02-K5-G060-S42-R300.npz,oof_GAP-E02-K5-G060-S42-R300.npz,.npz,oof_prediction,out_of_fold_prediction,5993411,33d0dff848a5f75c19fd368d8b82fd53707ed607cdb9e6de3af7b9a4c9d05006,component_family:gap,"arrays=user_id:(770616,):int64|cutoff:(770616,):<U10|z:(770616,):float32|y:(770616,):float32",1786533129788612000,no,no
artifacts/oof_GAP-E02-K5-G060-S42-R50.npz,oof_GAP-E02-K5-G060-S42-R50.npz,.npz,oof_prediction,out_of_fold_prediction,5976164,7115c3f43172ef6681c33f57620795f8bbaf03a3eeb5b5f1935095ac7e71c4f7,component_family:gap,"arrays=user_id:(770616,):int64|cutoff:(770616,):<U10|z:(770616,):float32|y:(770616,):float32",1786533119632377500,no,no
artifacts/oof_GAP-E02-K5-G060-S42-R75.npz,oof_GAP-E02-K5-G060-S42-R75.npz,.npz,oof_prediction,out_of_fold_prediction,5990687,152b93c36ac593358d71f4f5d2de602e15ef7473289f44dac090e8409d2c459e,component_family:gap,"arrays=user_id:(770616,):int64|cutoff:(770616,):<U10|z:(770616,):float32|y:(770616,):float32",1786533121312731300,no,no
artifacts/oof_GAP-E02-K5-G060-S42.npz,oof_GAP-E02-K5-G060-S42.npz,.npz,oof_prediction,out_of_fold_prediction,5993411,33d0dff848a5f75c19fd368d8b82fd53707ed607cdb9e6de3af7b9a4c9d05006,component_family:gap,"arrays=user_id:(770616,):int64|cutoff:(770616,):<U10|z:(770616,):float32|y:(770616,):float32",1786533117962575800,no,no
artifacts/oof_GAP-E02-K5-G090-S42-R100.npz,oof_GAP-E02-K5-G090-S42-R100.npz,.npz,oof_prediction,out_of_fold_prediction,5993846,e45b450fa1ca5dfb38ad2cef7a08d247a2ef532c0cfa0c845075d60b9dca80c5,component_family:gap,"arrays=user_id:(770616,):int64|cutoff:(770616,):<U10|z:(770616,):float32|y:(770616,):float32",1786533403800226900,no,no
artifacts/oof_GAP-E02-K5-G090-S42-R150.npz,oof_GAP-E02-K5-G090-S42-R150.npz,.npz,oof_prediction,out_of_fold_prediction,5994657,08db52764085472c85c0e4f5a063bed74f737e7aeba7fb703dd436cbd3676332,component_family:gap,"arrays=user_id:(770616,):int64|cutoff:(770616,):<U10|z:(770616,):float32|y:(770616,):float32",1786533405927264000,no,no
artifacts/oof_GAP-E02-K5-G090-S42-R200.npz,oof_GAP-E02-K5-G090-S42-R200.npz,.npz,oof_prediction,out_of_fold_prediction,5994867,bf30b1fdd1f2b872999bf0b997f1db3bea6c9de2ec9d995de56ff52e5d5c39f3,component_family:gap,"arrays=user_id:(770616,):int64|cutoff:(770616,):<U10|z:(770616,):float32|y:(770616,):float32",1786533407879262000,no,no
artifacts/oof_GAP-E02-K5-G090-S42-R250.npz,oof_GAP-E02-K5-G090-S42-R250.npz,.npz,oof_prediction,out_of_fold_prediction,5994673,791304353cbbe3c45d1c26adf628b742e2c9816fce6cd4729105cc7e0fef5334,component_family:gap,"arrays=user_id:(770616,):int64|cutoff:(770616,):<U10|z:(770616,):float32|y:(770616,):float32",1786533409969429200,no,no
artifacts/oof_GAP-E02-K5-G090-S42-R300.npz,oof_GAP-E02-K5-G090-S42-R300.npz,.npz,oof_prediction,out_of_fold_prediction,5994701,30367f3fbd655af4b4145c4736bfbe3201ac5541e110ab307aeca59520d5edc6,component_family:gap,"arrays=user_id:(770616,):int64|cutoff:(770616,):<U10|z:(770616,):float32|y:(770616,):float32",1786533411850627700,no,no
artifacts/oof_GAP-E02-K5-G090-S42-R50.npz,oof_GAP-E02-K5-G090-S42-R50.npz,.npz,oof_prediction,out_of_fold_prediction,5978738,3ae99ab61680d2e53d5d32350f360df5171bd4211be059c7fa31e396c2285f1d,component_family:gap,"arrays=user_id:(770616,):int64|cutoff:(770616,):<U10|z:(770616,):float32|y:(770616,):float32",1786533400291387900,no,no
artifacts/oof_GAP-E02-K5-G090-S42-R75.npz,oof_GAP-E02-K5-G090-S42-R75.npz,.npz,oof_prediction,out_of_fold_prediction,5992026,60fbca90120126da5dfa6be2e2d3b85f8ad081cef267356b4ade417880e71869,component_family:gap,"arrays=user_id:(770616,):int64|cutoff:(770616,):<U10|z:(770616,):float32|y:(770616,):float32",1786533401930958800,no,no
artifacts/oof_GAP-E02-K5-G090-S42.npz,oof_GAP-E02-K5-G090-S42.npz,.npz,oof_prediction,out_of_fold_prediction,5994701,30367f3fbd655af4b4145c4736bfbe3201ac5541e110ab307aeca59520d5edc6,component_family:gap,"arrays=user_id:(770616,):int64|cutoff:(770616,):<U10|z:(770616,):float32|y:(770616,):float32",1786533398640741400,no,no
artifacts/oof_GAP-E02-K5-G120-S42-R100.npz,oof_GAP-E02-K5-G120-S42-R100.npz,.npz,oof_prediction,out_of_fold_prediction,5993181,91c5e702a5efaa9acca06f7ac7e1146bb2ae9927e8b076cab04f59c74c987808,component_family:gap,"arrays=user_id:(770616,):int64|cutoff:(770616,):<U10|z:(770616,):float32|y:(770616,):float32",1786533721714510900,no,no
artifacts/oof_GAP-E02-K5-G120-S42-R150.npz,oof_GAP-E02-K5-G120-S42-R150.npz,.npz,oof_prediction,out_of_fold_prediction,5994467,1e254b6cb89d401033dbfc2e434f7948ae8a5860347d4bca20ffe3fb65cad3c9,component_family:gap,"arrays=user_id:(770616,):int64|cutoff:(770616,):<U10|z:(770616,):float32|y:(770616,):float32",1786533723377717900,no,no
artifacts/oof_GAP-E02-K5-G120-S42-R200.npz,oof_GAP-E02-K5-G120-S42-R200.npz,.npz,oof_prediction,out_of_fold_prediction,5994634,a0a913e301ecf22b2bdb4f6523ab13de2be7503cfa7aee1b1f12194a27f4f0af,component_family:gap,"arrays=user_id:(770616,):int64|cutoff:(770616,):<U10|z:(770616,):float32|y:(770616,):float32",1786533725073509500,no,no
artifacts/oof_GAP-E02-K5-G120-S42-R250.npz,oof_GAP-E02-K5-G120-S42-R250.npz,.npz,oof_prediction,out_of_fold_prediction,5994416,67aff736c4e7e3ec72adf6653732a86bf02894d3b5dccb373c0148c415ac234f,component_family:gap,"arrays=user_id:(770616,):int64|cutoff:(770616,):<U10|z:(770616,):float32|y:(770616,):float32",1786533726735708800,no,no
artifacts/oof_GAP-E02-K5-G120-S42-R300.npz,oof_GAP-E02-K5-G120-S42-R300.npz,.npz,oof_prediction,out_of_fold_prediction,5994684,4113ca77b6d0e6907e623617b6e3be03e175f75e54d54e5d18cf60d78e9e4037,component_family:gap,"arrays=user_id:(770616,):int64|cutoff:(770616,):<U10|z:(770616,):float32|y:(770616,):float32",1786533728403926400,no,no
artifacts/oof_GAP-E02-K5-G120-S42-R50.npz,oof_GAP-E02-K5-G120-S42-R50.npz,.npz,oof_prediction,out_of_fold_prediction,5978537,3c723ed14d91aed49117161956cbb205e9e8493a8645e881ff9f74b33b86dc8c,component_family:gap,"arrays=user_id:(770616,):int64|cutoff:(770616,):<U10|z:(770616,):float32|y:(770616,):float32",1786533718363563500,no,no
artifacts/oof_GAP-E02-K5-G120-S42-R75.npz,oof_GAP-E02-K5-G120-S42-R75.npz,.npz,oof_prediction,out_of_fold_prediction,5990456,b4077ab0c4483eca74eea9ba4acd096961ec8f2d73ce6f69855f634c3188f7ce,component_family:gap,"arrays=user_id:(770616,):int64|cutoff:(770616,):<U10|z:(770616,):float32|y:(770616,):float32",1786533720061518400,no,no
artifacts/oof_GAP-E02-K5-G120-S42.npz,oof_GAP-E02-K5-G120-S42.npz,.npz,oof_prediction,out_of_fold_prediction,5994684,4113ca77b6d0e6907e623617b6e3be03e175f75e54d54e5d18cf60d78e9e4037,component_family:gap,"arrays=user_id:(770616,):int64|cutoff:(770616,):<U10|z:(770616,):float32|y:(770616,):float32",1786533716472306900,no,no
artifacts/oof_GAP-E03A-K11-G030-S42-R100.npz,oof_GAP-E03A-K11-G030-S42-R100.npz,.npz,oof_prediction,out_of_fold_prediction,1539019,aa476cc04014ab2d42691ce54df6994afc01ffe2a1943b6613b90d0b451a2d3f,component_family:gap,"arrays=user_id:(197379,):int64|cutoff:(197379,):<U10|z:(197379,):float32|y:(197379,):float32",1786536941415869400,no,no
artifacts/oof_GAP-E03A-K11-G030-S42-R150.npz,oof_GAP-E03A-K11-G030-S42-R150.npz,.npz,oof_prediction,out_of_fold_prediction,1539391,b33721409dca5c7d36a4c121662ce38c8a1aafba7cea56935a9a49c5b6c0da0d,component_family:gap,"arrays=user_id:(197379,):int64|cutoff:(197379,):<U10|z:(197379,):float32|y:(197379,):float32",1786536941826911900,no,no
artifacts/oof_GAP-E03A-K11-G030-S42-R200.npz,oof_GAP-E03A-K11-G030-S42-R200.npz,.npz,oof_prediction,out_of_fold_prediction,1539278,6a40ab0f59ce968dc7aeab2f51eb116912f4b139242c582b33c7dc492c8fd49d,component_family:gap,"arrays=user_id:(197379,):int64|cutoff:(197379,):<U10|z:(197379,):float32|y:(197379,):float32",1786536942228214500,no,no
artifacts/oof_GAP-E03A-K11-G030-S42-R250.npz,oof_GAP-E03A-K11-G030-S42-R250.npz,.npz,oof_prediction,out_of_fold_prediction,1539345,bfcf309507e3a39a33dab23ade4ed241f79148fc67fd6a47f7c2f0f1da1feabd,component_family:gap,"arrays=user_id:(197379,):int64|cutoff:(197379,):<U10|z:(197379,):float32|y:(197379,):float32",1786536942618862300,no,no
artifacts/oof_GAP-E03A-K11-G030-S42-R300.npz,oof_GAP-E03A-K11-G030-S42-R300.npz,.npz,oof_prediction,out_of_fold_prediction,1539305,5aab66476d6a0264034fe6b354f6447cd10f56f3c62abc8aa3db52862608a54e,component_family:gap,"arrays=user_id:(197379,):int64|cutoff:(197379,):<U10|z:(197379,):float32|y:(197379,):float32",1786536943015572400,no,no
artifacts/oof_GAP-E03A-K11-G030-S42-R50.npz,oof_GAP-E03A-K11-G030-S42-R50.npz,.npz,oof_prediction,out_of_fold_prediction,1534250,607406006d8b8d2b9ef1893ad85bc3cdd9e44800083228a9ea30e66911c5bed9,component_family:gap,"arrays=user_id:(197379,):int64|cutoff:(197379,):<U10|z:(197379,):float32|y:(197379,):float32",1786536940527924200,no,no
artifacts/oof_GAP-E03A-K11-G030-S42-R75.npz,oof_GAP-E03A-K11-G030-S42-R75.npz,.npz,oof_prediction,out_of_fold_prediction,1538464,cbadb918b869339fcf00757f15f761f1ed509253cafec35b412652e9db0a7265,component_family:gap,"arrays=user_id:(197379,):int64|cutoff:(197379,):<U10|z:(197379,):float32|y:(197379,):float32",1786536940965952500,no,no
artifacts/oof_GAP-E03A-K11-G030-S42.npz,oof_GAP-E03A-K11-G030-S42.npz,.npz,oof_prediction,out_of_fold_prediction,1539305,5aab66476d6a0264034fe6b354f6447cd10f56f3c62abc8aa3db52862608a54e,component_family:gap,"arrays=user_id:(197379,):int64|cutoff:(197379,):<U10|z:(197379,):float32|y:(197379,):float32",1786536940111436900,no,no
artifacts/oof_GAP-E03A-K11-G060-S42-R100.npz,oof_GAP-E03A-K11-G060-S42-R100.npz,.npz,oof_prediction,out_of_fold_prediction,1538821,ac93a2a7c775bd6bb1cae5382147191277fe6d993f8d96a7f2c03d4e307dbdce,component_family:gap,"arrays=user_id:(197379,):int64|cutoff:(197379,):<U10|z:(197379,):float32|y:(197379,):float32",1786537057740321900,no,no
artifacts/oof_GAP-E03A-K11-G060-S42-R150.npz,oof_GAP-E03A-K11-G060-S42-R150.npz,.npz,oof_prediction,out_of_fold_prediction,1538986,b12a7209861e91754ab815431cd98c676b4ea8b9fdf26d312ecc7112ad3bca58,component_family:gap,"arrays=user_id:(197379,):int64|cutoff:(197379,):<U10|z:(197379,):float32|y:(197379,):float32",1786537058137474900,no,no
artifacts/oof_GAP-E03A-K11-G060-S42-R200.npz,oof_GAP-E03A-K11-G060-S42-R200.npz,.npz,oof_prediction,out_of_fold_prediction,1538900,0215c6eadc817d4acc36b0075f4795797a0e3a0a5524b9733e4ad733402298db,component_family:gap,"arrays=user_id:(197379,):int64|cutoff:(197379,):<U10|z:(197379,):float32|y:(197379,):float32",1786537058538568300,no,no
artifacts/oof_GAP-E03A-K11-G060-S42-R250.npz,oof_GAP-E03A-K11-G060-S42-R250.npz,.npz,oof_prediction,out_of_fold_prediction,1538994,600ede4d3489134e570cbb7c9691f09a92f2ddf1ad077d3432466df818197786,component_family:gap,"arrays=user_id:(197379,):int64|cutoff:(197379,):<U10|z:(197379,):float32|y:(197379,):float32",1786537058926076600,no,no
artifacts/oof_GAP-E03A-K11-G060-S42-R300.npz,oof_GAP-E03A-K11-G060-S42-R300.npz,.npz,oof_prediction,out_of_fold_prediction,1539044,8c78ecb1427b943a10adb085f92b1a56ab28a8db3987747762efd2225d82772c,component_family:gap,"arrays=user_id:(197379,):int64|cutoff:(197379,):<U10|z:(197379,):float32|y:(197379,):float32",1786537059332479600,no,no
artifacts/oof_GAP-E03A-K11-G060-S42-R50.npz,oof_GAP-E03A-K11-G060-S42-R50.npz,.npz,oof_prediction,out_of_fold_prediction,1534630,cc58295128cd6f6b2ac97b242752e7b46c28a12e71626bfe497df4e222d399e5,component_family:gap,"arrays=user_id:(197379,):int64|cutoff:(197379,):<U10|z:(197379,):float32|y:(197379,):float32",1786537056952106200,no,no
artifacts/oof_GAP-E03A-K11-G060-S42-R75.npz,oof_GAP-E03A-K11-G060-S42-R75.npz,.npz,oof_prediction,out_of_fold_prediction,1538100,59c769167e0f9c7895c5c56d7d6443f2c7573b9db54e7e8f75579a12778ab4da,component_family:gap,"arrays=user_id:(197379,):int64|cutoff:(197379,):<U10|z:(197379,):float32|y:(197379,):float32",1786537057344346300,no,no
artifacts/oof_GAP-E03A-K11-G060-S42.npz,oof_GAP-E03A-K11-G060-S42.npz,.npz,oof_prediction,out_of_fold_prediction,1539044,8c78ecb1427b943a10adb085f92b1a56ab28a8db3987747762efd2225d82772c,component_family:gap,"arrays=user_id:(197379,):int64|cutoff:(197379,):<U10|z:(197379,):float32|y:(197379,):float32",1786537056558907800,no,no
artifacts/oof_GAP-E03A-K11-G090-S42-R100.npz,oof_GAP-E03A-K11-G090-S42-R100.npz,.npz,oof_prediction,out_of_fold_prediction,1539093,4fe01dbf449c03b0d9cfba6661dd8b8a186abfd7f6bdb9c78f1551300b89029c,component_family:gap,"arrays=user_id:(197379,):int64|cutoff:(197379,):<U10|z:(197379,):float32|y:(197379,):float32",1786537189634142900,no,no
artifacts/oof_GAP-E03A-K11-G090-S42-R150.npz,oof_GAP-E03A-K11-G090-S42-R150.npz,.npz,oof_prediction,out_of_fold_prediction,1539265,cbeb7d3cc2c9cd8d231934343ba07e250e670581f40dd75a38943d017a799142,component_family:gap,"arrays=user_id:(197379,):int64|cutoff:(197379,):<U10|z:(197379,):float32|y:(197379,):float32",1786537190014210900,no,no
artifacts/oof_GAP-E03A-K11-G090-S42-R200.npz,oof_GAP-E03A-K11-G090-S42-R200.npz,.npz,oof_prediction,out_of_fold_prediction,1539228,0af5b2885a9d0d4f611654858ac07ece3a321814aaf120e20225a2fdaf18bc6e,component_family:gap,"arrays=user_id:(197379,):int64|cutoff:(197379,):<U10|z:(197379,):float32|y:(197379,):float32",1786537190392075100,no,no
artifacts/oof_GAP-E03A-K11-G090-S42-R250.npz,oof_GAP-E03A-K11-G090-S42-R250.npz,.npz,oof_prediction,out_of_fold_prediction,1539365,e7b9f9049fc4d5cbe8d529cf1d2a164bf1ef5773c4bac52df1615f2032d5c1b0,component_family:gap,"arrays=user_id:(197379,):int64|cutoff:(197379,):<U10|z:(197379,):float32|y:(197379,):float32",1786537190805781900,no,no
artifacts/oof_GAP-E03A-K11-G090-S42-R300.npz,oof_GAP-E03A-K11-G090-S42-R300.npz,.npz,oof_prediction,out_of_fold_prediction,1539230,b073d871900495e869dbc61b46c81b29490489eff81ff875c7e669c0312b9b56,component_family:gap,"arrays=user_id:(197379,):int64|cutoff:(197379,):<U10|z:(197379,):float32|y:(197379,):float32",1786537191200366900,no,no
artifacts/oof_GAP-E03A-K11-G090-S42-R50.npz,oof_GAP-E03A-K11-G090-S42-R50.npz,.npz,oof_prediction,out_of_fold_prediction,1534551,f59ee981a5ca1c017a48aa53afbcefd67bf6ce499a3f5d8a639df521e951860a,component_family:gap,"arrays=user_id:(197379,):int64|cutoff:(197379,):<U10|z:(197379,):float32|y:(197379,):float32",1786537188850820500,no,no
artifacts/oof_GAP-E03A-K11-G090-S42-R75.npz,oof_GAP-E03A-K11-G090-S42-R75.npz,.npz,oof_prediction,out_of_fold_prediction,1538586,10e02d5ade0eccb8d32748f6c15bbf9da29dc9d44613bcdc208b263284b37888,component_family:gap,"arrays=user_id:(197379,):int64|cutoff:(197379,):<U10|z:(197379,):float32|y:(197379,):float32",1786537189222166000,no,no
artifacts/oof_GAP-E03A-K11-G090-S42.npz,oof_GAP-E03A-K11-G090-S42.npz,.npz,oof_prediction,out_of_fold_prediction,1539230,b073d871900495e869dbc61b46c81b29490489eff81ff875c7e669c0312b9b56,component_family:gap,"arrays=user_id:(197379,):int64|cutoff:(197379,):<U10|z:(197379,):float32|y:(197379,):float32",1786537188466893700,no,no
artifacts/oof_GAP-E03A-K11-G120-S42-R100.npz,oof_GAP-E03A-K11-G120-S42-R100.npz,.npz,oof_prediction,out_of_fold_prediction,1538744,a05b9897f6666ac50c8163f6d0316b091b62307e940819e8ba2b319fc95e9636,component_family:gap,"arrays=user_id:(197379,):int64|cutoff:(197379,):<U10|z:(197379,):float32|y:(197379,):float32",1786537300163438300,no,no
artifacts/oof_GAP-E03A-K11-G120-S42-R150.npz,oof_GAP-E03A-K11-G120-S42-R150.npz,.npz,oof_prediction,out_of_fold_prediction,1539080,c437511033d36f22d0ff141cd441f8b223b4d9e4458c1ea6aa4e60aa820630ec,component_family:gap,"arrays=user_id:(197379,):int64|cutoff:(197379,):<U10|z:(197379,):float32|y:(197379,):float32",1786537300552456900,no,no
artifacts/oof_GAP-E03A-K11-G120-S42-R200.npz,oof_GAP-E03A-K11-G120-S42-R200.npz,.npz,oof_prediction,out_of_fold_prediction,1538939,196dd2fd6f14f1c5ed8e1ecd9ff97f43bc6a213c622f265d7ce4df2e87f0c826,component_family:gap,"arrays=user_id:(197379,):int64|cutoff:(197379,):<U10|z:(197379,):float32|y:(197379,):float32",1786537300951558800,no,no
artifacts/oof_GAP-E03A-K11-G120-S42-R250.npz,oof_GAP-E03A-K11-G120-S42-R250.npz,.npz,oof_prediction,out_of_fold_prediction,1539056,9a27dab5ccde18d220c292377ba514889f43ffd7d72174b8a935863ec1a82346,component_family:gap,"arrays=user_id:(197379,):int64|cutoff:(197379,):<U10|z:(197379,):float32|y:(197379,):float32",1786537301355759900,no,no
artifacts/oof_GAP-E03A-K11-G120-S42-R300.npz,oof_GAP-E03A-K11-G120-S42-R300.npz,.npz,oof_prediction,out_of_fold_prediction,1538981,4b456116d99dde7d4a48c524741cbcdf039041e80cc94941ec5c6c3832ea1d0c,component_family:gap,"arrays=user_id:(197379,):int64|cutoff:(197379,):<U10|z:(197379,):float32|y:(197379,):float32",1786537301758643200,no,no
artifacts/oof_GAP-E03A-K11-G120-S42-R50.npz,oof_GAP-E03A-K11-G120-S42-R50.npz,.npz,oof_prediction,out_of_fold_prediction,1534952,33c06b83862474b72295e2b03b13d58be816b3d78b2c011452961c4726b27405,component_family:gap,"arrays=user_id:(197379,):int64|cutoff:(197379,):<U10|z:(197379,):float32|y:(197379,):float32",1786537299371290400,no,no
artifacts/oof_GAP-E03A-K11-G120-S42-R75.npz,oof_GAP-E03A-K11-G120-S42-R75.npz,.npz,oof_prediction,out_of_fold_prediction,1538019,cfbc6b62e163d9d40364bf338f96b35052dec58c6dc0644dd6004b6218197de4,component_family:gap,"arrays=user_id:(197379,):int64|cutoff:(197379,):<U10|z:(197379,):float32|y:(197379,):float32",1786537299764209600,no,no
artifacts/oof_GAP-E03A-K11-G120-S42.npz,oof_GAP-E03A-K11-G120-S42.npz,.npz,oof_prediction,out_of_fold_prediction,1538981,4b456116d99dde7d4a48c524741cbcdf039041e80cc94941ec5c6c3832ea1d0c,component_family:gap,"arrays=user_id:(197379,):int64|cutoff:(197379,):<U10|z:(197379,):float32|y:(197379,):float32",1786537298987514500,no,no
artifacts/oof_GAP-E03A-K5-G030-S42-R100.npz,oof_GAP-E03A-K5-G030-S42-R100.npz,.npz,oof_prediction,out_of_fold_prediction,5996189,6abdf8efa554fac0e9a2c1c73e1de93c1df334a9dc6b582f420774ca38f4634f,component_family:gap,"arrays=user_id:(770616,):int64|cutoff:(770616,):<U10|z:(770616,):float32|y:(770616,):float32",1786532106296683900,no,no
artifacts/oof_GAP-E03A-K5-G030-S42-R150.npz,oof_GAP-E03A-K5-G030-S42-R150.npz,.npz,oof_prediction,out_of_fold_prediction,5997407,bc037efa52e4a0248d7aa4382bc3a818a780080694817a525fcb7eb1e165d7b4,component_family:gap,"arrays=user_id:(770616,):int64|cutoff:(770616,):<U10|z:(770616,):float32|y:(770616,):float32",1786531174541824200,no,no
artifacts/oof_GAP-E03A-K5-G030-S42-R200.npz,oof_GAP-E03A-K5-G030-S42-R200.npz,.npz,oof_prediction,out_of_fold_prediction,5997437,d70c17de2f247aaa054b900b75861a8a7249c365ed262082c971194427fbc0a8,component_family:gap,"arrays=user_id:(770616,):int64|cutoff:(770616,):<U10|z:(770616,):float32|y:(770616,):float32",1786531176111776200,no,no
artifacts/oof_GAP-E03A-K5-G030-S42-R250.npz,oof_GAP-E03A-K5-G030-S42-R250.npz,.npz,oof_prediction,out_of_fold_prediction,5997370,8c20a193c89a9e22357bc823608fc8692bcb7e8bcd6f80e55b04da036e27872d,component_family:gap,"arrays=user_id:(770616,):int64|cutoff:(770616,):<U10|z:(770616,):float32|y:(770616,):float32",1786531177658409400,no,no
artifacts/oof_GAP-E03A-K5-G030-S42-R300.npz,oof_GAP-E03A-K5-G030-S42-R300.npz,.npz,oof_prediction,out_of_fold_prediction,5997485,db1a3d687b2714e5c9eb48795533644edc1ee1919eab7abd4a585731f1abc385,component_family:gap,"arrays=user_id:(770616,):int64|cutoff:(770616,):<U10|z:(770616,):float32|y:(770616,):float32",1786531179181922000,no,no
artifacts/oof_GAP-E03A-K5-G030-S42-R50.npz,oof_GAP-E03A-K5-G030-S42-R50.npz,.npz,oof_prediction,out_of_fold_prediction,5975800,855b3f6cb539d8fe3457add111f7178f7a3f33c0ea03e8196efaaeb130790183,component_family:gap,"arrays=user_id:(770616,):int64|cutoff:(770616,):<U10|z:(770616,):float32|y:(770616,):float32",1786532103070261400,no,no
artifacts/oof_GAP-E03A-K5-G030-S42-R75.npz,oof_GAP-E03A-K5-G030-S42-R75.npz,.npz,oof_prediction,out_of_fold_prediction,5993196,33321b6cb1baac24c460a367262f4709fe805fe601810c7c31a7791afa9c7a98,component_family:gap,"arrays=user_id:(770616,):int64|cutoff:(770616,):<U10|z:(770616,):float32|y:(770616,):float32",1786532104669315400,no,no
artifacts/oof_GAP-E03A-K5-G030-S42.npz,oof_GAP-E03A-K5-G030-S42.npz,.npz,oof_prediction,out_of_fold_prediction,5996189,6abdf8efa554fac0e9a2c1c73e1de93c1df334a9dc6b582f420774ca38f4634f,component_family:gap,"arrays=user_id:(770616,):int64|cutoff:(770616,):<U10|z:(770616,):float32|y:(770616,):float32",1786532101602844000,no,no
artifacts/oof_GAP-E03A-K5-G060-S42-R100.npz,oof_GAP-E03A-K5-G060-S42-R100.npz,.npz,oof_prediction,out_of_fold_prediction,5996318,a39b0e402728ec1c49b9b49bc7c29d7dae64d652add931ee51b2d875db46b288,component_family:gap,"arrays=user_id:(770616,):int64|cutoff:(770616,):<U10|z:(770616,):float32|y:(770616,):float32",1786532244943982900,no,no
artifacts/oof_GAP-E03A-K5-G060-S42-R150.npz,oof_GAP-E03A-K5-G060-S42-R150.npz,.npz,oof_prediction,out_of_fold_prediction,5997227,758e55ce89093b96d27502729785932a19dbe71c05c1b4ee46345e2493bbc967,component_family:gap,"arrays=user_id:(770616,):int64|cutoff:(770616,):<U10|z:(770616,):float32|y:(770616,):float32",1786531420944104400,no,no
artifacts/oof_GAP-E03A-K5-G060-S42-R200.npz,oof_GAP-E03A-K5-G060-S42-R200.npz,.npz,oof_prediction,out_of_fold_prediction,5997403,a501910126e58fc01b51d6642e2aad1a51f9b59ed02b447b632d55172650debd,component_family:gap,"arrays=user_id:(770616,):int64|cutoff:(770616,):<U10|z:(770616,):float32|y:(770616,):float32",1786531422593619000,no,no
artifacts/oof_GAP-E03A-K5-G060-S42-R250.npz,oof_GAP-E03A-K5-G060-S42-R250.npz,.npz,oof_prediction,out_of_fold_prediction,5997313,c9fd99e37b8022f4e91ad3937b98740f18507f37fb522381633b06e08fd81148,component_family:gap,"arrays=user_id:(770616,):int64|cutoff:(770616,):<U10|z:(770616,):float32|y:(770616,):float32",1786531424246493400,no,no
artifacts/oof_GAP-E03A-K5-G060-S42-R300.npz,oof_GAP-E03A-K5-G060-S42-R300.npz,.npz,oof_prediction,out_of_fold_prediction,5997382,294bd957d3665a19a96603a71bef01d8bc6e81db9ebb71d92fb240c520d8cb88,component_family:gap,"arrays=user_id:(770616,):int64|cutoff:(770616,):<U10|z:(770616,):float32|y:(770616,):float32",1786531425890935700,no,no
artifacts/oof_GAP-E03A-K5-G060-S42-R50.npz,oof_GAP-E03A-K5-G060-S42-R50.npz,.npz,oof_prediction,out_of_fold_prediction,5977225,e0a2eec10b317d64ab54ef11a9a62fd70e59dbe54d73819a8c0979324c3b155f,component_family:gap,"arrays=user_id:(770616,):int64|cutoff:(770616,):<U10|z:(770616,):float32|y:(770616,):float32",1786532241630688500,no,no
artifacts/oof_GAP-E03A-K5-G060-S42-R75.npz,oof_GAP-E03A-K5-G060-S42-R75.npz,.npz,oof_prediction,out_of_fold_prediction,5993398,4b866d38e8653dd657a8d025c48036dd6f831189ba6c934a8a9abd86a1ba723c,component_family:gap,"arrays=user_id:(770616,):int64|cutoff:(770616,):<U10|z:(770616,):float32|y:(770616,):float32",1786532243209553400,no,no
artifacts/oof_GAP-E03A-K5-G060-S42.npz,oof_GAP-E03A-K5-G060-S42.npz,.npz,oof_prediction,out_of_fold_prediction,5996318,a39b0e402728ec1c49b9b49bc7c29d7dae64d652add931ee51b2d875db46b288,component_family:gap,"arrays=user_id:(770616,):int64|cutoff:(770616,):<U10|z:(770616,):float32|y:(770616,):float32",1786532240021486800,no,no
artifacts/oof_GAP-E03A-K5-G090-S42-R100.npz,oof_GAP-E03A-K5-G090-S42-R100.npz,.npz,oof_prediction,out_of_fold_prediction,5997186,4a7056add2cd8f36d5629c59e6f25f4f509de688649b3fa9ce06a04634e984da,component_family:gap,"arrays=user_id:(770616,):int64|cutoff:(770616,):<U10|z:(770616,):float32|y:(770616,):float32",1786532358514785200,no,no
artifacts/oof_GAP-E03A-K5-G090-S42-R150.npz,oof_GAP-E03A-K5-G090-S42-R150.npz,.npz,oof_prediction,out_of_fold_prediction,5998179,2680700a0fc656ba3ff093026a743f07efd4314e68e9d52d22d3b11419426e58,component_family:gap,"arrays=user_id:(770616,):int64|cutoff:(770616,):<U10|z:(770616,):float32|y:(770616,):float32",1786531689750105300,no,no
artifacts/oof_GAP-E03A-K5-G090-S42-R200.npz,oof_GAP-E03A-K5-G090-S42-R200.npz,.npz,oof_prediction,out_of_fold_prediction,5998294,8f1859c564bdc284bf5795cc0113974d792fcc54647c80113a52fcc4b534e69e,component_family:gap,"arrays=user_id:(770616,):int64|cutoff:(770616,):<U10|z:(770616,):float32|y:(770616,):float32",1786531691384011500,no,no
artifacts/oof_GAP-E03A-K5-G090-S42-R250.npz,oof_GAP-E03A-K5-G090-S42-R250.npz,.npz,oof_prediction,out_of_fold_prediction,5998354,9d5f6fe1ba7ef8710efadf8724806536155e15cee34e629c1821e1e39ecd8e95,component_family:gap,"arrays=user_id:(770616,):int64|cutoff:(770616,):<U10|z:(770616,):float32|y:(770616,):float32",1786531693065498600,no,no
artifacts/oof_GAP-E03A-K5-G090-S42-R300.npz,oof_GAP-E03A-K5-G090-S42-R300.npz,.npz,oof_prediction,out_of_fold_prediction,5998038,7e9479625af4aa88bed2f01167a787ca289b3de54b43c6d17dfc20721d7ab000,component_family:gap,"arrays=user_id:(770616,):int64|cutoff:(770616,):<U10|z:(770616,):float32|y:(770616,):float32",1786531695048482900,no,no
artifacts/oof_GAP-E03A-K5-G090-S42-R50.npz,oof_GAP-E03A-K5-G090-S42-R50.npz,.npz,oof_prediction,out_of_fold_prediction,5978262,3e02c47be4ba6f918eb90da78e1004c722d0fcf8ea25515b4d360620102b97cf,component_family:gap,"arrays=user_id:(770616,):int64|cutoff:(770616,):<U10|z:(770616,):float32|y:(770616,):float32",1786532355607894700,no,no
artifacts/oof_GAP-E03A-K5-G090-S42-R75.npz,oof_GAP-E03A-K5-G090-S42-R75.npz,.npz,oof_prediction,out_of_fold_prediction,5994483,e734327785ce7f3c20bb7924c1009081cdd48df83b576dcb38f83f692f7c635d,component_family:gap,"arrays=user_id:(770616,):int64|cutoff:(770616,):<U10|z:(770616,):float32|y:(770616,):float32",1786532357045604400,no,no
artifacts/oof_GAP-E03A-K5-G090-S42.npz,oof_GAP-E03A-K5-G090-S42.npz,.npz,oof_prediction,out_of_fold_prediction,5997186,4a7056add2cd8f36d5629c59e6f25f4f509de688649b3fa9ce06a04634e984da,component_family:gap,"arrays=user_id:(770616,):int64|cutoff:(770616,):<U10|z:(770616,):float32|y:(770616,):float32",1786532354057386000,no,no
artifacts/oof_GAP-E03A-K5-G120-S42-R100.npz,oof_GAP-E03A-K5-G120-S42-R100.npz,.npz,oof_prediction,out_of_fold_prediction,5995107,47a1e213e7b0b78544f759c50528f8884205cb13f513a28dc8fe66e7d65b42d6,component_family:gap,"arrays=user_id:(770616,):int64|cutoff:(770616,):<U10|z:(770616,):float32|y:(770616,):float32",1786532490775335800,no,no
artifacts/oof_GAP-E03A-K5-G120-S42-R150.npz,oof_GAP-E03A-K5-G120-S42-R150.npz,.npz,oof_prediction,out_of_fold_prediction,5995946,422b08359b8612df25b6e086b359334b4cde3e2b2d396dd31ee2db9c3c165f10,component_family:gap,"arrays=user_id:(770616,):int64|cutoff:(770616,):<U10|z:(770616,):float32|y:(770616,):float32",1786531941734699200,no,no
artifacts/oof_GAP-E03A-K5-G120-S42-R200.npz,oof_GAP-E03A-K5-G120-S42-R200.npz,.npz,oof_prediction,out_of_fold_prediction,5996176,10b6e2e0b0e6cb9530f8c9a1c8d653c9894b3ef0f332a8d38796f666f5393c20,component_family:gap,"arrays=user_id:(770616,):int64|cutoff:(770616,):<U10|z:(770616,):float32|y:(770616,):float32",1786531943342257400,no,no
artifacts/oof_GAP-E03A-K5-G120-S42-R250.npz,oof_GAP-E03A-K5-G120-S42-R250.npz,.npz,oof_prediction,out_of_fold_prediction,5996018,3e558fbf87f9ae5c5ccdaca308b808e254cf037f0ae94d6aba465ecae25131d3,component_family:gap,"arrays=user_id:(770616,):int64|cutoff:(770616,):<U10|z:(770616,):float32|y:(770616,):float32",1786531944937604700,no,no
artifacts/oof_GAP-E03A-K5-G120-S42-R300.npz,oof_GAP-E03A-K5-G120-S42-R300.npz,.npz,oof_prediction,out_of_fold_prediction,5996098,60b72344d549f615725b2e123c80630cde2f896131bdc1d9fcfe31cefee80773,component_family:gap,"arrays=user_id:(770616,):int64|cutoff:(770616,):<U10|z:(770616,):float32|y:(770616,):float32",1786531946515540000,no,no
artifacts/oof_GAP-E03A-K5-G120-S42-R50.npz,oof_GAP-E03A-K5-G120-S42-R50.npz,.npz,oof_prediction,out_of_fold_prediction,5978662,c4e35a23917eca627fd2c1933c6d25de9059ba220d33ef0571db88f64f1a53ac,component_family:gap,"arrays=user_id:(770616,):int64|cutoff:(770616,):<U10|z:(770616,):float32|y:(770616,):float32",1786532487313154200,no,no
artifacts/oof_GAP-E03A-K5-G120-S42-R75.npz,oof_GAP-E03A-K5-G120-S42-R75.npz,.npz,oof_prediction,out_of_fold_prediction,5992127,66c084c1514877791f530e0a3a03612958c19db3c0189ed6e0444348af18924b,component_family:gap,"arrays=user_id:(770616,):int64|cutoff:(770616,):<U10|z:(770616,):float32|y:(770616,):float32",1786532489230297800,no,no
artifacts/oof_GAP-E03A-K5-G120-S42.npz,oof_GAP-E03A-K5-G120-S42.npz,.npz,oof_prediction,out_of_fold_prediction,5995107,47a1e213e7b0b78544f759c50528f8884205cb13f513a28dc8fe66e7d65b42d6,component_family:gap,"arrays=user_id:(770616,):int64|cutoff:(770616,):<U10|z:(770616,):float32|y:(770616,):float32",1786532485681575300,no,no
artifacts/oof_GAP-E10-K11-G030-S42-R100.npz,oof_GAP-E10-K11-G030-S42-R100.npz,.npz,oof_prediction,out_of_fold_prediction,1539220,1c557d3152f391c68f7fc01c6534552846a9796d358029052c152a0e54339084,component_family:gap,"arrays=user_id:(197379,):int64|cutoff:(197379,):<U10|z:(197379,):float32|y:(197379,):float32",1786536354560071200,no,no
artifacts/oof_GAP-E10-K11-G030-S42-R150.npz,oof_GAP-E10-K11-G030-S42-R150.npz,.npz,oof_prediction,out_of_fold_prediction,1539442,afad82f61991b7df83f3c0b5ba73808a18abec52f0af02bd0633181c0e6b14c5,component_family:gap,"arrays=user_id:(197379,):int64|cutoff:(197379,):<U10|z:(197379,):float32|y:(197379,):float32",1786536354992754000,no,no
artifacts/oof_GAP-E10-K11-G030-S42-R200.npz,oof_GAP-E10-K11-G030-S42-R200.npz,.npz,oof_prediction,out_of_fold_prediction,1539521,3e3c52144ecad5d97e831138ad036d4c71de931455cb744bbc95b4e304f244e9,component_family:gap,"arrays=user_id:(197379,):int64|cutoff:(197379,):<U10|z:(197379,):float32|y:(197379,):float32",1786536355434918000,no,no
artifacts/oof_GAP-E10-K11-G030-S42-R250.npz,oof_GAP-E10-K11-G030-S42-R250.npz,.npz,oof_prediction,out_of_fold_prediction,1539456,7933cb347360c21da1b5c4b78d2cc4a38e553cba7ba4f3224a52845ed5a08295,component_family:gap,"arrays=user_id:(197379,):int64|cutoff:(197379,):<U10|z:(197379,):float32|y:(197379,):float32",1786536355876517700,no,no
artifacts/oof_GAP-E10-K11-G030-S42-R300.npz,oof_GAP-E10-K11-G030-S42-R300.npz,.npz,oof_prediction,out_of_fold_prediction,1539565,1962de30454aa454ce4925d82a4e1951a81a7318eae1495484b66e198f91be52,component_family:gap,"arrays=user_id:(197379,):int64|cutoff:(197379,):<U10|z:(197379,):float32|y:(197379,):float32",1786536356334763200,no,no
artifacts/oof_GAP-E10-K11-G030-S42-R50.npz,oof_GAP-E10-K11-G030-S42-R50.npz,.npz,oof_prediction,out_of_fold_prediction,1535366,637e22af19285728b4aa8fa03818562ae1df9206fe2fecd9f1bffa6aefbabf86,component_family:gap,"arrays=user_id:(197379,):int64|cutoff:(197379,):<U10|z:(197379,):float32|y:(197379,):float32",1786536353684316300,no,no
artifacts/oof_GAP-E10-K11-G030-S42-R75.npz,oof_GAP-E10-K11-G030-S42-R75.npz,.npz,oof_prediction,out_of_fold_prediction,1538668,f8d6cc863a32cd2832336a50fa27812dacc1bef18fde09946fb70e575432f9f2,component_family:gap,"arrays=user_id:(197379,):int64|cutoff:(197379,):<U10|z:(197379,):float32|y:(197379,):float32",1786536354108053800,no,no
artifacts/oof_GAP-E10-K11-G030-S42.npz,oof_GAP-E10-K11-G030-S42.npz,.npz,oof_prediction,out_of_fold_prediction,1539565,1962de30454aa454ce4925d82a4e1951a81a7318eae1495484b66e198f91be52,component_family:gap,"arrays=user_id:(197379,):int64|cutoff:(197379,):<U10|z:(197379,):float32|y:(197379,):float32",1786536353241330900,no,no
artifacts/oof_GAP-E10-K11-G060-S42-R100.npz,oof_GAP-E10-K11-G060-S42-R100.npz,.npz,oof_prediction,out_of_fold_prediction,1538398,c97cc4483bb6cafb2e743581a4cf41daea4505102b31c3a8c2638f1554d67db5,component_family:gap,"arrays=user_id:(197379,):int64|cutoff:(197379,):<U10|z:(197379,):float32|y:(197379,):float32",1786536518763718100,no,no
artifacts/oof_GAP-E10-K11-G060-S42-R150.npz,oof_GAP-E10-K11-G060-S42-R150.npz,.npz,oof_prediction,out_of_fold_prediction,1538540,2834781fb91e94aacbb10382cc945c9a2a7dd14e5720ccad26db8f990e6fd609,component_family:gap,"arrays=user_id:(197379,):int64|cutoff:(197379,):<U10|z:(197379,):float32|y:(197379,):float32",1786536519179935800,no,no
artifacts/oof_GAP-E10-K11-G060-S42-R200.npz,oof_GAP-E10-K11-G060-S42-R200.npz,.npz,oof_prediction,out_of_fold_prediction,1538509,b3306ba08d8961f411c3bb614fafac2f03b18c2e499bb2ca289c61b32685b2ce,component_family:gap,"arrays=user_id:(197379,):int64|cutoff:(197379,):<U10|z:(197379,):float32|y:(197379,):float32",1786536519603792100,no,no
artifacts/oof_GAP-E10-K11-G060-S42-R250.npz,oof_GAP-E10-K11-G060-S42-R250.npz,.npz,oof_prediction,out_of_fold_prediction,1538379,69fc59e1e94a27e3e3584fdaf7545cd6ad601493aa2ffb9baa21e305fe9502e9,component_family:gap,"arrays=user_id:(197379,):int64|cutoff:(197379,):<U10|z:(197379,):float32|y:(197379,):float32",1786536520012541300,no,no
artifacts/oof_GAP-E10-K11-G060-S42-R300.npz,oof_GAP-E10-K11-G060-S42-R300.npz,.npz,oof_prediction,out_of_fold_prediction,1538444,7f0f4510e510fe8df9f9d15824c0144eb9a356e344b2a7a1ae97773cde3a4a40,component_family:gap,"arrays=user_id:(197379,):int64|cutoff:(197379,):<U10|z:(197379,):float32|y:(197379,):float32",1786536520410655000,no,no
artifacts/oof_GAP-E10-K11-G060-S42-R50.npz,oof_GAP-E10-K11-G060-S42-R50.npz,.npz,oof_prediction,out_of_fold_prediction,1534884,db26f375d8547757c84ab7af56828f58149248dae3d763abd4d4219b491c20e3,component_family:gap,"arrays=user_id:(197379,):int64|cutoff:(197379,):<U10|z:(197379,):float32|y:(197379,):float32",1786536517949317900,no,no
artifacts/oof_GAP-E10-K11-G060-S42-R75.npz,oof_GAP-E10-K11-G060-S42-R75.npz,.npz,oof_prediction,out_of_fold_prediction,1538013,a8e445f1aa886c220e9c88fd5665c3f041e92db726a098eba960ccf96f99d0fe,component_family:gap,"arrays=user_id:(197379,):int64|cutoff:(197379,):<U10|z:(197379,):float32|y:(197379,):float32",1786536518348402500,no,no
artifacts/oof_GAP-E10-K11-G060-S42.npz,oof_GAP-E10-K11-G060-S42.npz,.npz,oof_prediction,out_of_fold_prediction,1538444,7f0f4510e510fe8df9f9d15824c0144eb9a356e344b2a7a1ae97773cde3a4a40,component_family:gap,"arrays=user_id:(197379,):int64|cutoff:(197379,):<U10|z:(197379,):float32|y:(197379,):float32",1786536517543606400,no,no
artifacts/oof_GAP-E10-K11-G090-S42-R100.npz,oof_GAP-E10-K11-G090-S42-R100.npz,.npz,oof_prediction,out_of_fold_prediction,1538834,a8793b8320a7a2fed1c51b14f7402e30025b6c4d52989c266fd1924a2d5a1fce,component_family:gap,"arrays=user_id:(197379,):int64|cutoff:(197379,):<U10|z:(197379,):float32|y:(197379,):float32",1786536653381596300,no,no
artifacts/oof_GAP-E10-K11-G090-S42-R150.npz,oof_GAP-E10-K11-G090-S42-R150.npz,.npz,oof_prediction,out_of_fold_prediction,1538985,df123aada755bf548cf9aabb653ac925a89864e600e84f14a29b89f8afe415e5,component_family:gap,"arrays=user_id:(197379,):int64|cutoff:(197379,):<U10|z:(197379,):float32|y:(197379,):float32",1786536653853844400,no,no
artifacts/oof_GAP-E10-K11-G090-S42-R200.npz,oof_GAP-E10-K11-G090-S42-R200.npz,.npz,oof_prediction,out_of_fold_prediction,1538898,ffe114dc74d55d143826da59f94de48d7399bcc00e07637bfa3426ea74278d62,component_family:gap,"arrays=user_id:(197379,):int64|cutoff:(197379,):<U10|z:(197379,):float32|y:(197379,):float32",1786536654417928100,no,no
artifacts/oof_GAP-E10-K11-G090-S42-R250.npz,oof_GAP-E10-K11-G090-S42-R250.npz,.npz,oof_prediction,out_of_fold_prediction,1539019,738b8f857f4cebc1a857ccd3f2d32b2d1044c61480a0b7c4d11f591804e8d383,component_family:gap,"arrays=user_id:(197379,):int64|cutoff:(197379,):<U10|z:(197379,):float32|y:(197379,):float32",1786536654972782900,no,no
artifacts/oof_GAP-E10-K11-G090-S42-R300.npz,oof_GAP-E10-K11-G090-S42-R300.npz,.npz,oof_prediction,out_of_fold_prediction,1538888,a73611900e2e7183951b256aa36f08097a8cbd19d812e1a315d06d28154fe7ed,component_family:gap,"arrays=user_id:(197379,):int64|cutoff:(197379,):<U10|z:(197379,):float32|y:(197379,):float32",1786536655545224100,no,no
artifacts/oof_GAP-E10-K11-G090-S42-R50.npz,oof_GAP-E10-K11-G090-S42-R50.npz,.npz,oof_prediction,out_of_fold_prediction,1535097,056cf3c08fd084fb17c78dccce3105d9b50e1a90639b91786d807772e3717353,component_family:gap,"arrays=user_id:(197379,):int64|cutoff:(197379,):<U10|z:(197379,):float32|y:(197379,):float32",1786536652682892900,no,no
artifacts/oof_GAP-E10-K11-G090-S42-R75.npz,oof_GAP-E10-K11-G090-S42-R75.npz,.npz,oof_prediction,out_of_fold_prediction,1538615,a3ffa644bcb1d7ae6ec836228360b8f06800443ba97254e83889cdf720bc2070,component_family:gap,"arrays=user_id:(197379,):int64|cutoff:(197379,):<U10|z:(197379,):float32|y:(197379,):float32",1786536653037203200,no,no
artifacts/oof_GAP-E10-K11-G090-S42.npz,oof_GAP-E10-K11-G090-S42.npz,.npz,oof_prediction,out_of_fold_prediction,1538888,a73611900e2e7183951b256aa36f08097a8cbd19d812e1a315d06d28154fe7ed,component_family:gap,"arrays=user_id:(197379,):int64|cutoff:(197379,):<U10|z:(197379,):float32|y:(197379,):float32",1786536652267744300,no,no
artifacts/oof_GAP-E10-K11-G120-S42-R100.npz,oof_GAP-E10-K11-G120-S42-R100.npz,.npz,oof_prediction,out_of_fold_prediction,1539107,2dab4a12acc9baa9251009b4c00e7a5c73afb48986b1a20bdb84c152fdf40247,component_family:gap,"arrays=user_id:(197379,):int64|cutoff:(197379,):<U10|z:(197379,):float32|y:(197379,):float32",1786536818101685200,no,no
artifacts/oof_GAP-E10-K11-G120-S42-R150.npz,oof_GAP-E10-K11-G120-S42-R150.npz,.npz,oof_prediction,out_of_fold_prediction,1539413,b2878a3564df87cb4bd87678f8f14592eb89e6d36feb6e4ab7ced6e621c45a8d,component_family:gap,"arrays=user_id:(197379,):int64|cutoff:(197379,):<U10|z:(197379,):float32|y:(197379,):float32",1786536818497272600,no,no
artifacts/oof_GAP-E10-K11-G120-S42-R200.npz,oof_GAP-E10-K11-G120-S42-R200.npz,.npz,oof_prediction,out_of_fold_prediction,1539397,584033d72e72321a95b9e30008ff7ec02122f7734ede391325f424d41c86cf1a,component_family:gap,"arrays=user_id:(197379,):int64|cutoff:(197379,):<U10|z:(197379,):float32|y:(197379,):float32",1786536818894253400,no,no
artifacts/oof_GAP-E10-K11-G120-S42-R250.npz,oof_GAP-E10-K11-G120-S42-R250.npz,.npz,oof_prediction,out_of_fold_prediction,1539274,22d5d47b72f1ac3613630effe1d27f5982c2e48ef333d7dce4ea213c9ec1fc19,component_family:gap,"arrays=user_id:(197379,):int64|cutoff:(197379,):<U10|z:(197379,):float32|y:(197379,):float32",1786536819286457500,no,no
artifacts/oof_GAP-E10-K11-G120-S42-R300.npz,oof_GAP-E10-K11-G120-S42-R300.npz,.npz,oof_prediction,out_of_fold_prediction,1539334,dafa5a7d5e69ea15fbcc83e41421a529db5815b522c68533199300362b4abc96,component_family:gap,"arrays=user_id:(197379,):int64|cutoff:(197379,):<U10|z:(197379,):float32|y:(197379,):float32",1786536819703479800,no,no
artifacts/oof_GAP-E10-K11-G120-S42-R50.npz,oof_GAP-E10-K11-G120-S42-R50.npz,.npz,oof_prediction,out_of_fold_prediction,1535299,fe4dbafb95b23a5c312bb39fe5175924c2b66ad7a00c10f119942fb8a4f1c55e,component_family:gap,"arrays=user_id:(197379,):int64|cutoff:(197379,):<U10|z:(197379,):float32|y:(197379,):float32",1786536817305416000,no,no
artifacts/oof_GAP-E10-K11-G120-S42-R75.npz,oof_GAP-E10-K11-G120-S42-R75.npz,.npz,oof_prediction,out_of_fold_prediction,1538341,a2253d3a59dd57ddfc5c73578443556be928add47a0b2acaae71f8d0da5f41b8,component_family:gap,"arrays=user_id:(197379,):int64|cutoff:(197379,):<U10|z:(197379,):float32|y:(197379,):float32",1786536817713457900,no,no
artifacts/oof_GAP-E10-K11-G120-S42.npz,oof_GAP-E10-K11-G120-S42.npz,.npz,oof_prediction,out_of_fold_prediction,1539334,dafa5a7d5e69ea15fbcc83e41421a529db5815b522c68533199300362b4abc96,component_family:gap,"arrays=user_id:(197379,):int64|cutoff:(197379,):<U10|z:(197379,):float32|y:(197379,):float32",1786536816898559900,no,no
artifacts/oof_GAP-E10-K5-G030-S42-R100.npz,oof_GAP-E10-K5-G030-S42-R100.npz,.npz,oof_prediction,out_of_fold_prediction,5996581,1d24c4c12e7c9acd7cb4a96cc19a0cb1d87bc2bdf686986c2fd400f039bcc65e,component_family:gap,"arrays=user_id:(770616,):int64|cutoff:(770616,):<U10|z:(770616,):float32|y:(770616,):float32",1786532219561594100,no,no
artifacts/oof_GAP-E10-K5-G030-S42-R150.npz,oof_GAP-E10-K5-G030-S42-R150.npz,.npz,oof_prediction,out_of_fold_prediction,5997415,5387361b2abe9a624391d99c5fd4de3b48d6a947b1342dc7f5d261e8031f2cc8,component_family:gap,"arrays=user_id:(770616,):int64|cutoff:(770616,):<U10|z:(770616,):float32|y:(770616,):float32",1786531199344746400,no,no
artifacts/oof_GAP-E10-K5-G030-S42-R200.npz,oof_GAP-E10-K5-G030-S42-R200.npz,.npz,oof_prediction,out_of_fold_prediction,5997356,e3a34d3462e5068f78d12dbcec6556b229dcf517b8fb3db4d01d5b35963ca68d,component_family:gap,"arrays=user_id:(770616,):int64|cutoff:(770616,):<U10|z:(770616,):float32|y:(770616,):float32",1786531200881632800,no,no
artifacts/oof_GAP-E10-K5-G030-S42-R250.npz,oof_GAP-E10-K5-G030-S42-R250.npz,.npz,oof_prediction,out_of_fold_prediction,5997724,0b69e4a2c44eb95f7aa3d5fbe55ea9e0f24c14ad7dc8def99ec8dae01fe912c0,component_family:gap,"arrays=user_id:(770616,):int64|cutoff:(770616,):<U10|z:(770616,):float32|y:(770616,):float32",1786531202412737500,no,no
artifacts/oof_GAP-E10-K5-G030-S42-R300.npz,oof_GAP-E10-K5-G030-S42-R300.npz,.npz,oof_prediction,out_of_fold_prediction,5997585,7c98077e532c902c8c37cdd61fbfbc8e5ca867d516a238b0857f9573e014b3a6,component_family:gap,"arrays=user_id:(770616,):int64|cutoff:(770616,):<U10|z:(770616,):float32|y:(770616,):float32",1786531203940052100,no,no
artifacts/oof_GAP-E10-K5-G030-S42-R50.npz,oof_GAP-E10-K5-G030-S42-R50.npz,.npz,oof_prediction,out_of_fold_prediction,5979014,523789f229701673db40d4c87105c039a47b294564ab22704e09fae414757a85,component_family:gap,"arrays=user_id:(770616,):int64|cutoff:(770616,):<U10|z:(770616,):float32|y:(770616,):float32",1786532216385022100,no,no
artifacts/oof_GAP-E10-K5-G030-S42-R75.npz,oof_GAP-E10-K5-G030-S42-R75.npz,.npz,oof_prediction,out_of_fold_prediction,5994351,de159988ef9a4276a1143681a819679b9a328026c5f32cc67aa2d4d6ed0dfe77,component_family:gap,"arrays=user_id:(770616,):int64|cutoff:(770616,):<U10|z:(770616,):float32|y:(770616,):float32",1786532217948948300,no,no
artifacts/oof_GAP-E10-K5-G030-S42.npz,oof_GAP-E10-K5-G030-S42.npz,.npz,oof_prediction,out_of_fold_prediction,5996581,1d24c4c12e7c9acd7cb4a96cc19a0cb1d87bc2bdf686986c2fd400f039bcc65e,component_family:gap,"arrays=user_id:(770616,):int64|cutoff:(770616,):<U10|z:(770616,):float32|y:(770616,):float32",1786532214816111900,no,no
artifacts/oof_GAP-E10-K5-G060-S42-R100.npz,oof_GAP-E10-K5-G060-S42-R100.npz,.npz,oof_prediction,out_of_fold_prediction,5995650,ff22f7a14c4ae705b1f6b9deefcd637fa12e3710918c41cac1805bc09734d5be,component_family:gap,"arrays=user_id:(770616,):int64|cutoff:(770616,):<U10|z:(770616,):float32|y:(770616,):float32",1786532352481827300,no,no
artifacts/oof_GAP-E10-K5-G060-S42-R150.npz,oof_GAP-E10-K5-G060-S42-R150.npz,.npz,oof_prediction,out_of_fold_prediction,5996102,300f9520a367c2a65e1b85e86ceaf4ca5f5b81936c7f84e06d214c5812c7d560,component_family:gap,"arrays=user_id:(770616,):int64|cutoff:(770616,):<U10|z:(770616,):float32|y:(770616,):float32",1786531477889778200,no,no
artifacts/oof_GAP-E10-K5-G060-S42-R200.npz,oof_GAP-E10-K5-G060-S42-R200.npz,.npz,oof_prediction,out_of_fold_prediction,5996297,24716879ccd4874f2c4d971ed8ab8159c32fd890f7106704fadeee7da202a053,component_family:gap,"arrays=user_id:(770616,):int64|cutoff:(770616,):<U10|z:(770616,):float32|y:(770616,):float32",1786531479624707000,no,no
artifacts/oof_GAP-E10-K5-G060-S42-R250.npz,oof_GAP-E10-K5-G060-S42-R250.npz,.npz,oof_prediction,out_of_fold_prediction,5996057,ed0e31817385b7d0a66f75c60129e5a4da22e1d276acc65041b638fe4dceff1d,component_family:gap,"arrays=user_id:(770616,):int64|cutoff:(770616,):<U10|z:(770616,):float32|y:(770616,):float32",1786531481318220800,no,no
artifacts/oof_GAP-E10-K5-G060-S42-R300.npz,oof_GAP-E10-K5-G060-S42-R300.npz,.npz,oof_prediction,out_of_fold_prediction,5995902,e52f7647f26b855e214156a44883a174dfbdbe184222ef3c75f7b5edeebd8225,component_family:gap,"arrays=user_id:(770616,):int64|cutoff:(770616,):<U10|z:(770616,):float32|y:(770616,):float32",1786531483365612400,no,no
artifacts/oof_GAP-E10-K5-G060-S42-R50.npz,oof_GAP-E10-K5-G060-S42-R50.npz,.npz,oof_prediction,out_of_fold_prediction,5978915,b7af9abaee198a6e3511fb41bd425d23235c2fa93fe1e57d34d785c444f38b1b,component_family:gap,"arrays=user_id:(770616,):int64|cutoff:(770616,):<U10|z:(770616,):float32|y:(770616,):float32",1786532349162102700,no,no
artifacts/oof_GAP-E10-K5-G060-S42-R75.npz,oof_GAP-E10-K5-G060-S42-R75.npz,.npz,oof_prediction,out_of_fold_prediction,5993558,710c5054c7ba33dea38d79a54a17874ecd9fd14aa2276111a654b752347da773,component_family:gap,"arrays=user_id:(770616,):int64|cutoff:(770616,):<U10|z:(770616,):float32|y:(770616,):float32",1786532350794841100,no,no
artifacts/oof_GAP-E10-K5-G060-S42.npz,oof_GAP-E10-K5-G060-S42.npz,.npz,oof_prediction,out_of_fold_prediction,5995650,ff22f7a14c4ae705b1f6b9deefcd637fa12e3710918c41cac1805bc09734d5be,component_family:gap,"arrays=user_id:(770616,):int64|cutoff:(770616,):<U10|z:(770616,):float32|y:(770616,):float32",1786532347504240600,no,no
artifacts/oof_GAP-E10-K5-G090-S42-R100.npz,oof_GAP-E10-K5-G090-S42-R100.npz,.npz,oof_prediction,out_of_fold_prediction,5997032,fe827de3b49d4b0c9cf51378d8fbddcff936165e83d8fd1fabffce6bee84e450,component_family:gap,"arrays=user_id:(770616,):int64|cutoff:(770616,):<U10|z:(770616,):float32|y:(770616,):float32",1786532495070287100,no,no
artifacts/oof_GAP-E10-K5-G090-S42-R150.npz,oof_GAP-E10-K5-G090-S42-R150.npz,.npz,oof_prediction,out_of_fold_prediction,5997139,85d05e6afc39f122fb7c1e93f0c957fe9ff3034ce9b99a75087fd2c41de95a75,component_family:gap,"arrays=user_id:(770616,):int64|cutoff:(770616,):<U10|z:(770616,):float32|y:(770616,):float32",1786531773064342300,no,no
artifacts/oof_GAP-E10-K5-G090-S42-R200.npz,oof_GAP-E10-K5-G090-S42-R200.npz,.npz,oof_prediction,out_of_fold_prediction,5997255,2470cdeff86717df615e69f59efd3566e288458c7ca0ff233b4fc585f62a5d41,component_family:gap,"arrays=user_id:(770616,):int64|cutoff:(770616,):<U10|z:(770616,):float32|y:(770616,):float32",1786531774681553100,no,no
artifacts/oof_GAP-E10-K5-G090-S42-R250.npz,oof_GAP-E10-K5-G090-S42-R250.npz,.npz,oof_prediction,out_of_fold_prediction,5997399,07e419ff00450c5a1005f43f3c8db16fc1ed76cfb76bfa8465f9fbf7275c0733,component_family:gap,"arrays=user_id:(770616,):int64|cutoff:(770616,):<U10|z:(770616,):float32|y:(770616,):float32",1786531776287051900,no,no
artifacts/oof_GAP-E10-K5-G090-S42-R300.npz,oof_GAP-E10-K5-G090-S42-R300.npz,.npz,oof_prediction,out_of_fold_prediction,5997358,4b4d709253e9aa5aca38a4d61dda1c58802a38fdd0d2579e14b930c97905dc80,component_family:gap,"arrays=user_id:(770616,):int64|cutoff:(770616,):<U10|z:(770616,):float32|y:(770616,):float32",1786531777899806500,no,no
artifacts/oof_GAP-E10-K5-G090-S42-R50.npz,oof_GAP-E10-K5-G090-S42-R50.npz,.npz,oof_prediction,out_of_fold_prediction,5980817,a2b32f92fbe6505e3be6ade6edb9cc6fd4196939b001408504a0f723fc0fb45e,component_family:gap,"arrays=user_id:(770616,):int64|cutoff:(770616,):<U10|z:(770616,):float32|y:(770616,):float32",1786532492528451400,no,no
artifacts/oof_GAP-E10-K5-G090-S42-R75.npz,oof_GAP-E10-K5-G090-S42-R75.npz,.npz,oof_prediction,out_of_fold_prediction,5994943,6c330fdaca142c322f5116eac6be0bdf9a50ff45c73d3a305c194e3f6976489a,component_family:gap,"arrays=user_id:(770616,):int64|cutoff:(770616,):<U10|z:(770616,):float32|y:(770616,):float32",1786532493797627700,no,no
artifacts/oof_GAP-E10-K5-G090-S42.npz,oof_GAP-E10-K5-G090-S42.npz,.npz,oof_prediction,out_of_fold_prediction,5997032,fe827de3b49d4b0c9cf51378d8fbddcff936165e83d8fd1fabffce6bee84e450,component_family:gap,"arrays=user_id:(770616,):int64|cutoff:(770616,):<U10|z:(770616,):float32|y:(770616,):float32",1786532491229185800,no,no
artifacts/oof_GAP-E10-K5-G120-S42-R100.npz,oof_GAP-E10-K5-G120-S42-R100.npz,.npz,oof_prediction,out_of_fold_prediction,5996825,0020518147b66d95015afb470473d180343ed5855eec7a8c5c59b7fec03c028f,component_family:gap,"arrays=user_id:(770616,):int64|cutoff:(770616,):<U10|z:(770616,):float32|y:(770616,):float32",1786532629823452300,no,no
artifacts/oof_GAP-E10-K5-G120-S42-R150.npz,oof_GAP-E10-K5-G120-S42-R150.npz,.npz,oof_prediction,out_of_fold_prediction,5997762,999270e18709209c91c162dc780044251f1cf94c7d4a6d57a99c2299b58791f4,component_family:gap,"arrays=user_id:(770616,):int64|cutoff:(770616,):<U10|z:(770616,):float32|y:(770616,):float32",1786532028319919800,no,no
artifacts/oof_GAP-E10-K5-G120-S42-R200.npz,oof_GAP-E10-K5-G120-S42-R200.npz,.npz,oof_prediction,out_of_fold_prediction,5997769,3062a3deffb606e83542eb49b502b6e259e688332e3cd9ca168cf78901fe2ce8,component_family:gap,"arrays=user_id:(770616,):int64|cutoff:(770616,):<U10|z:(770616,):float32|y:(770616,):float32",1786532029920288800,no,no
artifacts/oof_GAP-E10-K5-G120-S42-R250.npz,oof_GAP-E10-K5-G120-S42-R250.npz,.npz,oof_prediction,out_of_fold_prediction,5997966,872d22c7dfc2e2f9171542dc39f6be947d0ed9828c274febb7b67f1d3229d2d7,component_family:gap,"arrays=user_id:(770616,):int64|cutoff:(770616,):<U10|z:(770616,):float32|y:(770616,):float32",1786532031502732400,no,no
artifacts/oof_GAP-E10-K5-G120-S42-R300.npz,oof_GAP-E10-K5-G120-S42-R300.npz,.npz,oof_prediction,out_of_fold_prediction,5997985,65d80f72026b0bb77934c02d9924f6fa9d8dfa9217108bd5dda7642b36028f2c,component_family:gap,"arrays=user_id:(770616,):int64|cutoff:(770616,):<U10|z:(770616,):float32|y:(770616,):float32",1786532033222627400,no,no
artifacts/oof_GAP-E10-K5-G120-S42-R50.npz,oof_GAP-E10-K5-G120-S42-R50.npz,.npz,oof_prediction,out_of_fold_prediction,5981855,953f345cbdc31ec5fd70c5bd487ffafe8bb168581ef3908aa8ebb601ad2eb29c,component_family:gap,"arrays=user_id:(770616,):int64|cutoff:(770616,):<U10|z:(770616,):float32|y:(770616,):float32",1786532626606439100,no,no
artifacts/oof_GAP-E10-K5-G120-S42-R75.npz,oof_GAP-E10-K5-G120-S42-R75.npz,.npz,oof_prediction,out_of_fold_prediction,5994448,545d5293da335832b2e59c526abf26c58ee107c43198ac86a68f44294cd3d87f,component_family:gap,"arrays=user_id:(770616,):int64|cutoff:(770616,):<U10|z:(770616,):float32|y:(770616,):float32",1786532628202843700,no,no
artifacts/oof_GAP-E10-K5-G120-S42.npz,oof_GAP-E10-K5-G120-S42.npz,.npz,oof_prediction,out_of_fold_prediction,5996825,0020518147b66d95015afb470473d180343ed5855eec7a8c5c59b7fec03c028f,component_family:gap,"arrays=user_id:(770616,):int64|cutoff:(770616,):<U10|z:(770616,):float32|y:(770616,):float32",1786532624973281600,no,no
artifacts/oof_HOLIDAY-YOY-FAST.npz,oof_HOLIDAY-YOY-FAST.npz,.npz,oof_prediction,out_of_fold_prediction,6112642,d58b7356b71cd2aecc4b6b43fb9209010013c118db0c9eaff869cdca6bffb1fb,team_a:exp_023,"arrays=user_id:(770616,):int64|cutoff:(770616,):<U10|z:(770616,):float32|y:(770616,):float32",1786566260250715800,no,no
artifacts/oof_MHZ-BASE-V0904.npz,oof_MHZ-BASE-V0904.npz,.npz,oof_prediction,out_of_fold_prediction,1462144,c6c5389ef6d361df85747d53b9641d7a32b956faf3afb6c5a2ab7421a30fbaa6,component_family:mhz;team_a:exp_024,"arrays=user_id:(188518,):int64|cutoff:(188518,):<U10|z:(188518,):float32|y:(188518,):float32",1786580724385429600,no,no
artifacts/oof_MHZ-BASE-V0918.npz,oof_MHZ-BASE-V0918.npz,.npz,oof_prediction,out_of_fold_prediction,1487902,fb04a4f6ab5bb3456ffdad32af2e3d157e0454f3b0cf7663a082e16ad0336eed,component_family:mhz;team_a:exp_024,"arrays=user_id:(191025,):int64|cutoff:(191025,):<U10|z:(191025,):float32|y:(191025,):float32",1786578555301029000,no,no
artifacts/oof_MHZ-BASE-V1002.npz,oof_MHZ-BASE-V1002.npz,.npz,oof_prediction,out_of_fold_prediction,1510234,dce540ca798ed905a1ca2691c71fc29e32a95921beaf077e5c1e92151fb21e1d,component_family:mhz;team_a:exp_024,"arrays=user_id:(193694,):int64|cutoff:(193694,):<U10|z:(193694,):float32|y:(193694,):float32",1786575847453778900,no,no
artifacts/oof_MHZ-BASE-V1016.npz,oof_MHZ-BASE-V1016.npz,.npz,oof_prediction,out_of_fold_prediction,1539342,1ddae595d1b96ec6347a2a32d00993c66239730402a1dbb95e8519a879bc10b4,component_family:mhz;team_a:exp_024,"arrays=user_id:(197379,):int64|cutoff:(197379,):<U10|z:(197379,):float32|y:(197379,):float32",1786572891075698900,no,no
artifacts/oof_MHZ-BASE.npz,oof_MHZ-BASE.npz,.npz,oof_prediction,out_of_fold_prediction,5996607,f56afa94287cff7c9f1ea6fce1222347ed91d30d1603c4d83ffdfcdb7f46b241,component_family:mhz;team_a:exp_024,"arrays=user_id:(770616,):int64|cutoff:(770616,):<U10|z:(770616,):float32|y:(770616,):float32",1786581199929057200,no,no
artifacts/oof_MHZ-FULL-V0904.npz,oof_MHZ-FULL-V0904.npz,.npz,oof_prediction,out_of_fold_prediction,1461878,cbdc8934b33eab32109d24bbe2e599e26f1433c9d7f4c01c234db2f5e21315db,component_family:mhz;team_a:exp_024,"arrays=user_id:(188518,):int64|cutoff:(188518,):<U10|z:(188518,):float32|y:(188518,):float32",1786581177358116800,no,no
artifacts/oof_MHZ-FULL-V0918.npz,oof_MHZ-FULL-V0918.npz,.npz,oof_prediction,out_of_fold_prediction,1487668,d6e123fa221066500ffa8f4ee422becad5d60fd9247d840aa5fb02b1e8526d03,component_family:mhz;team_a:exp_024,"arrays=user_id:(191025,):int64|cutoff:(191025,):<U10|z:(191025,):float32|y:(191025,):float32",1786579179439425700,no,no
artifacts/oof_MHZ-FULL-V1002.npz,oof_MHZ-FULL-V1002.npz,.npz,oof_prediction,out_of_fold_prediction,1509992,ce25708ee4e97daf08629990fa6a1337d2f8cc7be9026bc2bc922b83c902a40c,component_family:mhz;team_a:exp_024,"arrays=user_id:(193694,):int64|cutoff:(193694,):<U10|z:(193694,):float32|y:(193694,):float32",1786576548501250100,no,no
artifacts/oof_MHZ-FULL-V1016.npz,oof_MHZ-FULL-V1016.npz,.npz,oof_prediction,out_of_fold_prediction,1539242,be4904381f5a6faaaa5627b2ef1b3e386706ee152448e0af3d7d0189a9aa0719,component_family:mhz;team_a:exp_024,"arrays=user_id:(197379,):int64|cutoff:(197379,):<U10|z:(197379,):float32|y:(197379,):float32",1786573656893777800,no,no
artifacts/oof_MHZ-FULL.npz,oof_MHZ-FULL.npz,.npz,oof_prediction,out_of_fold_prediction,5995759,809103c075595205c0a344ea82ff7b38d02614d0fb9c039a26438d3d8a0dd9c9,component_family:mhz;team_a:exp_024,"arrays=user_id:(770616,):int64|cutoff:(770616,):<U10|z:(770616,):float32|y:(770616,):float32",1786581210505884100,no,no
artifacts/oof_MHZ-P30-V0904.npz,oof_MHZ-P30-V0904.npz,.npz,oof_prediction,out_of_fold_prediction,1461939,cc78c8a11c1892d98bcf5d2327a5085507d9eff6a4366d702577532fc56bb0cb,component_family:mhz;team_a:exp_024,"arrays=user_id:(188518,):int64|cutoff:(188518,):<U10|z:(188518,):float32|y:(188518,):float32",1786581022853024500,no,no
artifacts/oof_MHZ-P30-V0918.npz,oof_MHZ-P30-V0918.npz,.npz,oof_prediction,out_of_fold_prediction,1487612,20c41933842db1a9769fb71df4a92f792a266db176a03613f3e22f61d1db671b,component_family:mhz;team_a:exp_024,"arrays=user_id:(191025,):int64|cutoff:(191025,):<U10|z:(191025,):float32|y:(191025,):float32",1786578964868135900,no,no
artifacts/oof_MHZ-P30-V1002.npz,oof_MHZ-P30-V1002.npz,.npz,oof_prediction,out_of_fold_prediction,1509953,7d84a87a89535fbbb8db1e4450711c56928a18ebc2de1aaab703159031723763,component_family:mhz;team_a:exp_024,"arrays=user_id:(193694,):int64|cutoff:(193694,):<U10|z:(193694,):float32|y:(193694,):float32",1786576308286593800,no,no
artifacts/oof_MHZ-P30-V1016.npz,oof_MHZ-P30-V1016.npz,.npz,oof_prediction,out_of_fold_prediction,1539128,1c43432959c4a61a5b282f8e8434acc69bd9f1ec56addd9ea67c5f7699fe7554,component_family:mhz;team_a:exp_024,"arrays=user_id:(197379,):int64|cutoff:(197379,):<U10|z:(197379,):float32|y:(197379,):float32",1786573394555213300,no,no
artifacts/oof_MHZ-P30.npz,oof_MHZ-P30.npz,.npz,oof_prediction,out_of_fold_prediction,5995659,2b800c4e7d38c8b45ccad928b5289d4d357ad23574af997a0a8ce590908fe9b1,component_family:mhz;team_a:exp_024,"arrays=user_id:(770616,):int64|cutoff:(770616,):<U10|z:(770616,):float32|y:(770616,):float32",1786581207089895800,no,no
artifacts/oof_MHZ-SELF-V0904.npz,oof_MHZ-SELF-V0904.npz,.npz,oof_prediction,out_of_fold_prediction,1461735,74a0fa6417e4d591ae78ec01e14bc3243c824af3bf1c26a3b20e0a4780b5d29b,component_family:mhz;team_a:exp_024,"arrays=user_id:(188518,):int64|cutoff:(188518,):<U10|z:(188518,):float32|y:(188518,):float32",1786580874329111800,no,no
artifacts/oof_MHZ-SELF-V0918.npz,oof_MHZ-SELF-V0918.npz,.npz,oof_prediction,out_of_fold_prediction,1487703,26926c81ffee5a987a7da4808c61a218e049151ef1f73ef83bc34ced986e5391,component_family:mhz;team_a:exp_024,"arrays=user_id:(191025,):int64|cutoff:(191025,):<U10|z:(191025,):float32|y:(191025,):float32",1786578767029876600,no,no
artifacts/oof_MHZ-SELF-V1002.npz,oof_MHZ-SELF-V1002.npz,.npz,oof_prediction,out_of_fold_prediction,1509980,d13900bb7bdcf2bffb0910ca44fffd9b8f19d44092c3e7f2c5d19be8ec7629b1,component_family:mhz;team_a:exp_024,"arrays=user_id:(193694,):int64|cutoff:(193694,):<U10|z:(193694,):float32|y:(193694,):float32",1786576077367388500,no,no
artifacts/oof_MHZ-SELF-V1016.npz,oof_MHZ-SELF-V1016.npz,.npz,oof_prediction,out_of_fold_prediction,1539073,01c11dd9c223a49ad4ab5dc370c1c754d6b6e31f23d25b3aeb53c93b8f2315c1,component_family:mhz;team_a:exp_024,"arrays=user_id:(197379,):int64|cutoff:(197379,):<U10|z:(197379,):float32|y:(197379,):float32",1786573146038813000,no,no
artifacts/oof_MHZ-SELF.npz,oof_MHZ-SELF.npz,.npz,oof_prediction,out_of_fold_prediction,5995417,beb22ed00dfd0346dbd12ce6fc928ff971d4515f754f73ef4eeac1ab0b304ca3,component_family:mhz;team_a:exp_024,"arrays=user_id:(770616,):int64|cutoff:(770616,):<U10|z:(770616,):float32|y:(770616,):float32",1786581203967129900,no,no
artifacts/oof_PT-FULL-AVG3.npz,oof_PT-FULL-AVG3.npz,.npz,oof_prediction,out_of_fold_prediction,6103299,d9009d8d0f78cd59bd18cfea2387e8bbe2bc9061bd3a04133f703cda1b76b49c,component_family:pt,"arrays=user_id:(770616,):int64|cutoff:(770616,):<U10|z:(770616,):float32|y:(770616,):float32",1786549558001175500,no,no
artifacts/oof_PT-FULL-S42-A.npz,oof_PT-FULL-S42-A.npz,.npz,oof_prediction,out_of_fold_prediction,3000559,9c9050856fa3412f2d3b18819df52c6a68910f45152197b9b78abeaa111fe722,component_family:pt,"arrays=user_id:(385897,):int64|cutoff:(385897,):<U10|z:(385897,):float32|y:(385897,):float32",1786548649395937900,no,no
artifacts/oof_PT-FULL-S42-B.npz,oof_PT-FULL-S42-B.npz,.npz,oof_prediction,out_of_fold_prediction,2997263,dafbeb126b5ffdf1f7a7478f8b08821cbd02eba88f3da9dc24f0072925e3ccd0,component_family:pt,"arrays=user_id:(384719,):int64|cutoff:(384719,):<U10|z:(384719,):float32|y:(384719,):float32",1786548643833266900,no,no
artifacts/oof_PT-FULL-S42.npz,oof_PT-FULL-S42.npz,.npz,oof_prediction,out_of_fold_prediction,5996746,be0e9b976d47c3887839968db72c31a9c6f42752f860e401c24dd40bd2966300,component_family:pt,"arrays=user_id:(770616,):int64|cutoff:(770616,):<U10|z:(770616,):float32|y:(770616,):float32",1786548656002139400,no,no
artifacts/oof_PT-FULL-S43-A.npz,oof_PT-FULL-S43-A.npz,.npz,oof_prediction,out_of_fold_prediction,3000419,b9f772894b655c50d320988fd26459d02a4563f8ebb6b0be42c43b8c52aca49b,component_family:pt,"arrays=user_id:(385897,):int64|cutoff:(385897,):<U10|z:(385897,):float32|y:(385897,):float32",1786549096692713000,no,no
artifacts/oof_PT-FULL-S43-B.npz,oof_PT-FULL-S43-B.npz,.npz,oof_prediction,out_of_fold_prediction,2997028,6521cbe4ab1474d430ad2f2bdac65da4db710e56c43f96aca5b8cb958b45c3c6,component_family:pt,"arrays=user_id:(384719,):int64|cutoff:(384719,):<U10|z:(384719,):float32|y:(384719,):float32",1786549093234775400,no,no
artifacts/oof_PT-FULL-S43.npz,oof_PT-FULL-S43.npz,.npz,oof_prediction,out_of_fold_prediction,5996357,6c038b2ece6d599f5c324ab73a086231b9bd452ce22a88ace52ea5a348f4e7ac,component_family:pt,"arrays=user_id:(770616,):int64|cutoff:(770616,):<U10|z:(770616,):float32|y:(770616,):float32",1786549103211874800,no,no
artifacts/oof_PT-FULL-S44-A.npz,oof_PT-FULL-S44-A.npz,.npz,oof_prediction,out_of_fold_prediction,3000453,cb54c8221d30aa13ddf367339ec671620cbc153f7149c3fe89eb7fd10b547141,component_family:pt,"arrays=user_id:(385897,):int64|cutoff:(385897,):<U10|z:(385897,):float32|y:(385897,):float32",1786549545602747400,no,no
artifacts/oof_PT-FULL-S44-B.npz,oof_PT-FULL-S44-B.npz,.npz,oof_prediction,out_of_fold_prediction,2997089,d05dd2d2cf9b40fa0c984c37dcdec3bf2ac74e5031816e0cbbff810becf37fea,component_family:pt,"arrays=user_id:(384719,):int64|cutoff:(384719,):<U10|z:(384719,):float32|y:(384719,):float32",1786549542178296700,no,no
artifacts/oof_PT-FULL-S44.npz,oof_PT-FULL-S44.npz,.npz,oof_prediction,out_of_fold_prediction,5996470,b146ac6a6e8a6f78bdeb10aebdc7cc91c2cb82c582f77d3039790a1338f70934,component_family:pt,"arrays=user_id:(770616,):int64|cutoff:(770616,):<U10|z:(770616,):float32|y:(770616,):float32",1786549551550841400,no,no
artifacts/oof_PT-OD-AVG3.npz,oof_PT-OD-AVG3.npz,.npz,oof_prediction,out_of_fold_prediction,6103344,b3ea10b5957a900fc28d6bf58eaf12b95de8ef5a9202cda6d70d877ee202861a,component_family:pt,"arrays=user_id:(770616,):int64|cutoff:(770616,):<U10|z:(770616,):float32|y:(770616,):float32",1786548205455166700,no,no
artifacts/oof_PT-OD-S42-A.npz,oof_PT-OD-S42-A.npz,.npz,oof_prediction,out_of_fold_prediction,3000593,9c1f56fda3dce798bf2eb72dfa03a93996845b67ae6ab0cd73171e28515f5127,component_family:pt,"arrays=user_id:(385897,):int64|cutoff:(385897,):<U10|z:(385897,):float32|y:(385897,):float32",1786547345768191900,no,no
artifacts/oof_PT-OD-S42-B.npz,oof_PT-OD-S42-B.npz,.npz,oof_prediction,out_of_fold_prediction,2997222,d47543155861064b9c38b88c3483e76c70e972423d1755d0efb4e427f313e200,component_family:pt,"arrays=user_id:(384719,):int64|cutoff:(384719,):<U10|z:(384719,):float32|y:(384719,):float32",1786547341573806800,no,no
artifacts/oof_PT-OD-S42.npz,oof_PT-OD-S42.npz,.npz,oof_prediction,out_of_fold_prediction,5996719,322689b8da2a57f0961f94589ca9f924260f0662828e2f77fc160ce5eaa2b2c6,component_family:pt,"arrays=user_id:(770616,):int64|cutoff:(770616,):<U10|z:(770616,):float32|y:(770616,):float32",1786547351806943100,no,no
artifacts/oof_PT-OD-S43-A.npz,oof_PT-OD-S43-A.npz,.npz,oof_prediction,out_of_fold_prediction,3000502,67978eb06a3481fe69694efe5011c25e6ff73eeeb46d62be2e7ff127465540ee,component_family:pt,"arrays=user_id:(385897,):int64|cutoff:(385897,):<U10|z:(385897,):float32|y:(385897,):float32",1786547775671107800,no,no
artifacts/oof_PT-OD-S43-B.npz,oof_PT-OD-S43-B.npz,.npz,oof_prediction,out_of_fold_prediction,2997140,b4cb56a9f1c6b21e4ec9d75ba4ded776d288efeaa227a972cf1d578ee424815b,component_family:pt,"arrays=user_id:(384719,):int64|cutoff:(384719,):<U10|z:(384719,):float32|y:(384719,):float32",1786547771975414100,no,no
artifacts/oof_PT-OD-S43.npz,oof_PT-OD-S43.npz,.npz,oof_prediction,out_of_fold_prediction,5996548,ea3d5e97aa53e8a145adaeccf6341271e07f3a5d6c2ec6dd56acf8de81bf87d0,component_family:pt,"arrays=user_id:(770616,):int64|cutoff:(770616,):<U10|z:(770616,):float32|y:(770616,):float32",1786547782219372000,no,no
artifacts/oof_PT-OD-S44-A.npz,oof_PT-OD-S44-A.npz,.npz,oof_prediction,out_of_fold_prediction,3000532,def1b4898b0bc2e2dc3e76fd94b855f10a613f740b4566bcdca9c2fc433882a5,component_family:pt,"arrays=user_id:(385897,):int64|cutoff:(385897,):<U10|z:(385897,):float32|y:(385897,):float32",1786548191249894900,no,no
artifacts/oof_PT-OD-S44-B.npz,oof_PT-OD-S44-B.npz,.npz,oof_prediction,out_of_fold_prediction,2997131,48864cf01ace95398e47d4b88f991fd8f63c60c82669f3b9a3ff90fd5d58a303,component_family:pt,"arrays=user_id:(384719,):int64|cutoff:(384719,):<U10|z:(384719,):float32|y:(384719,):float32",1786548186792166300,no,no
artifacts/oof_PT-OD-S44.npz,oof_PT-OD-S44.npz,.npz,oof_prediction,out_of_fold_prediction,5996618,ec411923fdf67cfe091b8d261af0f89eaf68b079fc14ef96ed2e510816acb7e3,component_family:pt,"arrays=user_id:(770616,):int64|cutoff:(770616,):<U10|z:(770616,):float32|y:(770616,):float32",1786548198034675100,no,no
artifacts/oof_PT-SHUF-AVG3.npz,oof_PT-SHUF-AVG3.npz,.npz,oof_prediction,out_of_fold_prediction,6103569,313d05184764adb5dd9445b93ede10c3f0bb13789f6c71d0664cfb7913e25016,component_family:pt,"arrays=user_id:(770616,):int64|cutoff:(770616,):<U10|z:(770616,):float32|y:(770616,):float32",1786550923923697000,no,no
artifacts/oof_PT-SHUF-S42-A.npz,oof_PT-SHUF-S42-A.npz,.npz,oof_prediction,out_of_fold_prediction,3000523,cce768fc28a40ce28d35b9422bb9289a634bd2b6282d30ba2dba8d5140ed5a1a,component_family:pt,"arrays=user_id:(385897,):int64|cutoff:(385897,):<U10|z:(385897,):float32|y:(385897,):float32",1786549990952862000,no,no
artifacts/oof_PT-SHUF-S42-B.npz,oof_PT-SHUF-S42-B.npz,.npz,oof_prediction,out_of_fold_prediction,2997288,97ecb1424ce1ca649b75d4e1f7fda170e03ffe396295ebaf5cea70ad09044980,component_family:pt,"arrays=user_id:(384719,):int64|cutoff:(384719,):<U10|z:(384719,):float32|y:(384719,):float32",1786549985823088200,no,no
artifacts/oof_PT-SHUF-S42.npz,oof_PT-SHUF-S42.npz,.npz,oof_prediction,out_of_fold_prediction,5996752,4393f00f752bfdbefab687a656056a3aef8aa4b2487b4f119b8f8f65101c4f45,component_family:pt,"arrays=user_id:(770616,):int64|cutoff:(770616,):<U10|z:(770616,):float32|y:(770616,):float32",1786549997390063400,no,no
artifacts/oof_PT-SHUF-S43-A.npz,oof_PT-SHUF-S43-A.npz,.npz,oof_prediction,out_of_fold_prediction,3000405,c374bbf8395e013220ae208ce2346feb0a420c3734b2a960d1704c2ce264bf94,component_family:pt,"arrays=user_id:(385897,):int64|cutoff:(385897,):<U10|z:(385897,):float32|y:(385897,):float32",1786550434408530000,no,no
artifacts/oof_PT-SHUF-S43-B.npz,oof_PT-SHUF-S43-B.npz,.npz,oof_prediction,out_of_fold_prediction,2997150,f7bbd3648d048deabf6830feebc84bf43f395aef848bb7971cab7469c9c6de8d,component_family:pt,"arrays=user_id:(384719,):int64|cutoff:(384719,):<U10|z:(384719,):float32|y:(384719,):float32",1786550431019019100,no,no
artifacts/oof_PT-SHUF-S43.npz,oof_PT-SHUF-S43.npz,.npz,oof_prediction,out_of_fold_prediction,5996507,0db0d61fd3a864d15979bd7101c169de580d486cf62d445040746ea0090da795,component_family:pt,"arrays=user_id:(770616,):int64|cutoff:(770616,):<U10|z:(770616,):float32|y:(770616,):float32",1786550440925285900,no,no
artifacts/oof_PT-SHUF-S44-A.npz,oof_PT-SHUF-S44-A.npz,.npz,oof_prediction,out_of_fold_prediction,3000462,6795efb6192889cdac1f109d83229975640c6c01b921cfa5894bf7a84b5c3993,component_family:pt,"arrays=user_id:(385897,):int64|cutoff:(385897,):<U10|z:(385897,):float32|y:(385897,):float32",1786550910958398500,no,no
artifacts/oof_PT-SHUF-S44-B.npz,oof_PT-SHUF-S44-B.npz,.npz,oof_prediction,out_of_fold_prediction,2997312,8d692a9b1858a26d4c31f0f724a3bc90210fd15ec664b08a6014a00e14ff1fe0,component_family:pt,"arrays=user_id:(384719,):int64|cutoff:(384719,):<U10|z:(384719,):float32|y:(384719,):float32",1786550909211238900,no,no
artifacts/oof_PT-SHUF-S44.npz,oof_PT-SHUF-S44.npz,.npz,oof_prediction,out_of_fold_prediction,5996688,389f89c88844cf59ac15a59d1add1c57cc6d7badc3a89b65fb458a85ba5344b5,component_family:pt,"arrays=user_id:(770616,):int64|cutoff:(770616,):<U10|z:(770616,):float32|y:(770616,):float32",1786550917443729700,no,no
artifacts/oof_PT-SMOKE.npz,oof_PT-SMOKE.npz,.npz,oof_prediction,out_of_fold_prediction,1528617,f70777ce49a78179c67b6709c78968272b3fc8491f1e90d394de8766cae82e58,component_family:pt,"arrays=user_id:(197379,):int64|cutoff:(197379,):<U10|z:(197379,):float32|y:(197379,):float32",1786546872532453100,no,no
artifacts/oof_RIDGE15.npz,oof_RIDGE15.npz,.npz,oof_prediction,out_of_fold_prediction,5992923,99d19c2157a19733c86485452e97093fa288c10a9684f11551c60867e69aeecd,component_family:ridge,"arrays=user_id:(770616,):int64|cutoff:(770616,):<U10|z:(770616,):float32|y:(770616,):float32",1787338369998673700,no,no
artifacts/oof_S04-A.npz,oof_S04-A.npz,.npz,oof_prediction,out_of_fold_prediction,5997414,9e44e828fe9f1586ee9880071bc5a318315f8e7cbbefb585918df0fdb1d388d3,unknown,"arrays=user_id:(770616,):int64|cutoff:(770616,):<U10|z:(770616,):float32|y:(770616,):float32",1786568918285661000,no,no
artifacts/oof_S04-B.npz,oof_S04-B.npz,.npz,oof_prediction,out_of_fold_prediction,5998294,d795681e74f7dfe2d83e9dedc7b7f8bbb67f1d216d62ac06dc88218f9a208163,unknown,"arrays=user_id:(770616,):int64|cutoff:(770616,):<U10|z:(770616,):float32|y:(770616,):float32",1786568919976320000,no,no
artifacts/oof_S04-C.npz,oof_S04-C.npz,.npz,oof_prediction,out_of_fold_prediction,5997289,7cf02441b1c3c3fa4fbb874763557b695c0fbc4c94c5807b07fdc204d6e091d0,unknown,"arrays=user_id:(770616,):int64|cutoff:(770616,):<U10|z:(770616,):float32|y:(770616,):float32",1786568921564721900,no,no
artifacts/oof_S1-B0.npz,oof_S1-B0.npz,.npz,oof_prediction,out_of_fold_prediction,5997958,93ef6a762bf3e954fbd497d04052f89bade42ca9b87882d3d2001abc66d880d2,unknown,"arrays=user_id:(770616,):int64|cutoff:(770616,):<U10|z:(770616,):float32|y:(770616,):float32",1786384785431754000,no,no
artifacts/oof_S1-DIST-A.npz,oof_S1-DIST-A.npz,.npz,oof_prediction,out_of_fold_prediction,3000580,c35eddf73feb29d85a7fbdcdbe99addeef0d67a1c4a0bb151d5c946d4f333d3c,unknown,"arrays=user_id:(385897,):int64|cutoff:(385897,):<U10|z:(385897,):float32|y:(385897,):float32",1786466765698257500,no,no
artifacts/oof_S1-DIST-B.npz,oof_S1-DIST-B.npz,.npz,oof_prediction,out_of_fold_prediction,2997096,9a29ab99a982ef979daca94279f85d86074dd2d995a4a2b3ded31a04c8ee651b,unknown,"arrays=user_id:(384719,):int64|cutoff:(384719,):<U10|z:(384719,):float32|y:(384719,):float32",1786467113422665500,no,no
artifacts/oof_S1-DIST.npz,oof_S1-DIST.npz,.npz,oof_prediction,out_of_fold_prediction,5996730,7ef1251928305bd80040a63723cf0a3669e8a37411664b26bf0c0777e8dd4c4e,unknown,"arrays=user_id:(770616,):int64|cutoff:(770616,):<U10|z:(770616,):float32|y:(770616,):float32",1786467131973189500,no,no
artifacts/oof_S1-E01.npz,oof_S1-E01.npz,.npz,oof_prediction,out_of_fold_prediction,5997625,6d52ac5c4e068fab39e48a175295135030f64daace93fe31b494b557f0c3f704,unknown,"arrays=user_id:(770616,):int64|cutoff:(770616,):<U10|z:(770616,):float32|y:(770616,):float32",1786384975185028500,no,no
artifacts/oof_S1-E02.npz,oof_S1-E02.npz,.npz,oof_prediction,out_of_fold_prediction,5996760,2a8e543f4e5a2362eeaf2e8136d2f5204e4c2d83874276499711fd9dcac874ff,unknown,"arrays=user_id:(770616,):int64|cutoff:(770616,):<U10|z:(770616,):float32|y:(770616,):float32",1786385737049087000,no,no
artifacts/oof_S1-E03a.npz,oof_S1-E03a.npz,.npz,oof_prediction,out_of_fold_prediction,5996981,38fb0270611250934130730f92b37345a982fcdaddda9d0b387e7878e0e6d525,unknown,"arrays=user_id:(770616,):int64|cutoff:(770616,):<U10|z:(770616,):float32|y:(770616,):float32",1786386543729449500,no,no
artifacts/oof_S1-E03b.npz,oof_S1-E03b.npz,.npz,oof_prediction,out_of_fold_prediction,5997067,57c34c09174f3ce1dae2093ec3769e595d657fd4df2a24e743d0fae39d4cc868,unknown,"arrays=user_id:(770616,):int64|cutoff:(770616,):<U10|z:(770616,):float32|y:(770616,):float32",1786386857398278400,no,no
artifacts/oof_S1-E03c.npz,oof_S1-E03c.npz,.npz,oof_prediction,out_of_fold_prediction,5992588,9945f2f7cc1a9010a63de6bce9196babf8d3369bec1a2184944e09664b78edc6,unknown,"arrays=user_id:(770616,):int64|cutoff:(770616,):<U10|z:(770616,):float32|y:(770616,):float32",1786387714371053900,no,no
artifacts/oof_S1-E04.npz,oof_S1-E04.npz,.npz,oof_prediction,out_of_fold_prediction,3047750,9fbb0d4e32b4891c313674a308299d73b382f7606f3f84de8dbd5fa2cdefbf7a,unknown,"arrays=user_id:(391073,):int64|cutoff:(391073,):<U10|z:(391073,):float32|y:(391073,):float32",1786387634416280900,no,no
artifacts/oof_S1-E10.npz,oof_S1-E10.npz,.npz,oof_prediction,out_of_fold_prediction,5996560,b4e4327772c53c2b3efcac77d3c0d80c48d2e4bcd1ddb6326d1b319e4f230f5c,unknown,"arrays=user_id:(770616,):int64|cutoff:(770616,):<U10|z:(770616,):float32|y:(770616,):float32",1786389560109107300,no,no
artifacts/oof_S1-E11.npz,oof_S1-E11.npz,.npz,oof_prediction,out_of_fold_prediction,5996518,39f566b449f44c085181b7be2ac4cf3f978c5fce8ce300bb27c39a16dbf50c44,unknown,"arrays=user_id:(770616,):int64|cutoff:(770616,):<U10|z:(770616,):float32|y:(770616,):float32",1786395134529421100,no,no
artifacts/oof_S1-ROUNDS-A-R1000.npz,oof_S1-ROUNDS-A-R1000.npz,.npz,oof_prediction,out_of_fold_prediction,3000473,34d0c1c6fea1de43a954a7f4a3b8b44d044b734b7d8a12bdd71c1fdf9e19db12,unknown,"arrays=user_id:(385897,):int64|cutoff:(385897,):<U10|z:(385897,):float32|y:(385897,):float32",1786523041497213100,no,no
artifacts/oof_S1-ROUNDS-A-R1200.npz,oof_S1-ROUNDS-A-R1200.npz,.npz,oof_prediction,out_of_fold_prediction,3000359,aaba308076fe74ff183783a91a73ae9f6c5707e16f814aca95d1e72949a980b9,unknown,"arrays=user_id:(385897,):int64|cutoff:(385897,):<U10|z:(385897,):float32|y:(385897,):float32",1786523042235192100,no,no
artifacts/oof_S1-ROUNDS-A-R1400.npz,oof_S1-ROUNDS-A-R1400.npz,.npz,oof_prediction,out_of_fold_prediction,3000483,d7875e57cbba933b5de8ebaade36ce565c994f7b8582474851cd040eae8709e4,unknown,"arrays=user_id:(385897,):int64|cutoff:(385897,):<U10|z:(385897,):float32|y:(385897,):float32",1786523043012004600,no,no
artifacts/oof_S1-ROUNDS-A-R300.npz,oof_S1-ROUNDS-A-R300.npz,.npz,oof_prediction,out_of_fold_prediction,3000561,764015d25a7b7ec11f74a387c4e92a6cbec5c9753100c4b3f5d7feeaddc3733b,unknown,"arrays=user_id:(385897,):int64|cutoff:(385897,):<U10|z:(385897,):float32|y:(385897,):float32",1786523038413968300,no,no
artifacts/oof_S1-ROUNDS-A-R450.npz,oof_S1-ROUNDS-A-R450.npz,.npz,oof_prediction,out_of_fold_prediction,3000427,474eb3416a15d119cbd258524d7bfbc8a44baef2ad084a17cb813338c60ef2ce,unknown,"arrays=user_id:(385897,):int64|cutoff:(385897,):<U10|z:(385897,):float32|y:(385897,):float32",1786523039178733200,no,no
artifacts/oof_S1-ROUNDS-A-R600.npz,oof_S1-ROUNDS-A-R600.npz,.npz,oof_prediction,out_of_fold_prediction,3000439,446940bf1a3c080e1ed1b55716e171f8d70c2b9e839645a0bd5ade03b0da1d7f,unknown,"arrays=user_id:(385897,):int64|cutoff:(385897,):<U10|z:(385897,):float32|y:(385897,):float32",1786523039957001500,no,no
artifacts/oof_S1-ROUNDS-A-R800.npz,oof_S1-ROUNDS-A-R800.npz,.npz,oof_prediction,out_of_fold_prediction,3000255,9f9fe87542ee865f16660b5fee6c222e9711a37a11b97cb9e50e75d63403f5b5,unknown,"arrays=user_id:(385897,):int64|cutoff:(385897,):<U10|z:(385897,):float32|y:(385897,):float32",1786523040736202900,no,no
artifacts/oof_S1-ROUNDS-A.npz,oof_S1-ROUNDS-A.npz,.npz,oof_prediction,out_of_fold_prediction,3000452,6efeff307de6c6333ab160fea35d24d004d040a4442c83925fd572ddb556b702,unknown,"arrays=user_id:(385897,):int64|cutoff:(385897,):<U10|z:(385897,):float32|y:(385897,):float32",1786523037625322000,no,no
artifacts/oof_S1-ROUNDS-B-R1000.npz,oof_S1-ROUNDS-B-R1000.npz,.npz,oof_prediction,out_of_fold_prediction,2997095,5dd4faf04e7e4d78830c365bb07bb3e83f162a71917b061fc58590f335351041,unknown,"arrays=user_id:(384719,):int64|cutoff:(384719,):<U10|z:(384719,):float32|y:(384719,):float32",1786523367417482200,no,no
artifacts/oof_S1-ROUNDS-B-R1200.npz,oof_S1-ROUNDS-B-R1200.npz,.npz,oof_prediction,out_of_fold_prediction,2997067,6f0b028b097fc99d8e5ad09a0d67540967f08387f53a5a982a6b31deaea7325e,unknown,"arrays=user_id:(384719,):int64|cutoff:(384719,):<U10|z:(384719,):float32|y:(384719,):float32",1786523368023317600,no,no
artifacts/oof_S1-ROUNDS-B-R1400.npz,oof_S1-ROUNDS-B-R1400.npz,.npz,oof_prediction,out_of_fold_prediction,2997033,c8e0f4eebbfede63f13b7d5451a54d61caf92679e118225fdf979dcd2d5bf17c,unknown,"arrays=user_id:(384719,):int64|cutoff:(384719,):<U10|z:(384719,):float32|y:(384719,):float32",1786523368615667000,no,no
artifacts/oof_S1-ROUNDS-B-R300.npz,oof_S1-ROUNDS-B-R300.npz,.npz,oof_prediction,out_of_fold_prediction,2997124,3b3e46b93d269f6d4507e09de111c7f2c3281327d77634d9f2e40f42db25e876,unknown,"arrays=user_id:(384719,):int64|cutoff:(384719,):<U10|z:(384719,):float32|y:(384719,):float32",1786523365000065900,no,no
artifacts/oof_S1-ROUNDS-B-R450.npz,oof_S1-ROUNDS-B-R450.npz,.npz,oof_prediction,out_of_fold_prediction,2997294,41c72909b4589be37d8c5713ef7b2d31747239b0481867e0ca8e0319f7134b8a,unknown,"arrays=user_id:(384719,):int64|cutoff:(384719,):<U10|z:(384719,):float32|y:(384719,):float32",1786523365623182300,no,no
artifacts/oof_S1-ROUNDS-B-R600.npz,oof_S1-ROUNDS-B-R600.npz,.npz,oof_prediction,out_of_fold_prediction,2997158,98c4ef632084eb70ba2d978d88bfbe6a4de5afa3a27450df6d151a95ae271be7,unknown,"arrays=user_id:(384719,):int64|cutoff:(384719,):<U10|z:(384719,):float32|y:(384719,):float32",1786523366216682000,no,no
artifacts/oof_S1-ROUNDS-B-R800.npz,oof_S1-ROUNDS-B-R800.npz,.npz,oof_prediction,out_of_fold_prediction,2997127,851e259b782d2496195292c52175c865b34c90b5275a8001efe553eb81c9befe,unknown,"arrays=user_id:(384719,):int64|cutoff:(384719,):<U10|z:(384719,):float32|y:(384719,):float32",1786523366811546500,no,no
artifacts/oof_S1-ROUNDS-B.npz,oof_S1-ROUNDS-B.npz,.npz,oof_prediction,out_of_fold_prediction,2997077,904fe96621af5b810e02fd715f05b1b516bd7cf7d27857e59d2901d778cf6ea4,unknown,"arrays=user_id:(384719,):int64|cutoff:(384719,):<U10|z:(384719,):float32|y:(384719,):float32",1786523364384189000,no,no
artifacts/oof_S1-ROUNDS-R100.npz,oof_S1-ROUNDS-R100.npz,.npz,oof_prediction,out_of_fold_prediction,5996023,7b53a88b7d2f9202220775e841a092dddab11b61728464df47ac13a0e120ec61,unknown,"arrays=user_id:(770616,):int64|cutoff:(770616,):<U10|z:(770616,):float32|y:(770616,):float32",1786523931273811300,no,no
artifacts/oof_S1-ROUNDS-R1000.npz,oof_S1-ROUNDS-R1000.npz,.npz,oof_prediction,out_of_fold_prediction,5996551,54c2f199aec72cc0295cf22506f472e31b447b73c5832fb02ea4bda1d4c14445,unknown,"arrays=user_id:(770616,):int64|cutoff:(770616,):<U10|z:(770616,):float32|y:(770616,):float32",1786523437103199800,no,no
artifacts/oof_S1-ROUNDS-R1200.npz,oof_S1-ROUNDS-R1200.npz,.npz,oof_prediction,out_of_fold_prediction,5996440,bfd47cdd124cdf0a1933147f82942fb136b138d230331a6df09e1a3392be0d9e,unknown,"arrays=user_id:(770616,):int64|cutoff:(770616,):<U10|z:(770616,):float32|y:(770616,):float32",1786523451762400100,no,no
artifacts/oof_S1-ROUNDS-R125.npz,oof_S1-ROUNDS-R125.npz,.npz,oof_prediction,out_of_fold_prediction,5996560,cf47e284ca05ccd0368c9967c56e918c128f661334f7622c3e47d1b23653fc08,unknown,"arrays=user_id:(770616,):int64|cutoff:(770616,):<U10|z:(770616,):float32|y:(770616,):float32",1786523936699456800,no,no
artifacts/oof_S1-ROUNDS-R1400.npz,oof_S1-ROUNDS-R1400.npz,.npz,oof_prediction,out_of_fold_prediction,5996424,67e47e2ea8ecc9d18869c764462e6d7cbac2d8e1ce35c68cb74fb05d8175e4e7,unknown,"arrays=user_id:(770616,):int64|cutoff:(770616,):<U10|z:(770616,):float32|y:(770616,):float32",1786523461280947700,no,no
artifacts/oof_S1-ROUNDS-R150.npz,oof_S1-ROUNDS-R150.npz,.npz,oof_prediction,out_of_fold_prediction,5996630,54aeaa92c4bf987955d6dc18180789d4db89c8f6227634e3cbcfdcafd12d10d3,unknown,"arrays=user_id:(770616,):int64|cutoff:(770616,):<U10|z:(770616,):float32|y:(770616,):float32",1786523942163762300,no,no
artifacts/oof_S1-ROUNDS-R1600.npz,oof_S1-ROUNDS-R1600.npz,.npz,oof_prediction,out_of_fold_prediction,5996536,d9e97bc98899f36ac670fa7eb1498dbf1696d8d1327de8fb2ff4b59d5f15a2ae,unknown,"arrays=user_id:(770616,):int64|cutoff:(770616,):<U10|z:(770616,):float32|y:(770616,):float32",1786523471289599800,no,no
artifacts/oof_S1-ROUNDS-R200.npz,oof_S1-ROUNDS-R200.npz,.npz,oof_prediction,out_of_fold_prediction,5996518,e9beba913348656d535e1a8384174c633fbd4925c801801b1bc46250c0a9c902,unknown,"arrays=user_id:(770616,):int64|cutoff:(770616,):<U10|z:(770616,):float32|y:(770616,):float32",1786523947622813700,no,no
artifacts/oof_S1-ROUNDS-R25.npz,oof_S1-ROUNDS-R25.npz,.npz,oof_prediction,out_of_fold_prediction,5971027,c972542982fd1cc4287cbc95deee8ada9197e048c559f966fe2a87837d76f41d,unknown,"arrays=user_id:(770616,):int64|cutoff:(770616,):<U10|z:(770616,):float32|y:(770616,):float32",1786523914838854800,no,no
artifacts/oof_S1-ROUNDS-R250.npz,oof_S1-ROUNDS-R250.npz,.npz,oof_prediction,out_of_fold_prediction,5996765,1ca7233f2a253020bc003a3b70e329d98629823ae8b4704ff53417f9509f3c4f,unknown,"arrays=user_id:(770616,):int64|cutoff:(770616,):<U10|z:(770616,):float32|y:(770616,):float32",1786523953163096500,no,no
artifacts/oof_S1-ROUNDS-R300.npz,oof_S1-ROUNDS-R300.npz,.npz,oof_prediction,out_of_fold_prediction,5996700,572757bdc0b489cb213bb2f01fe993ff36b0dc72503fdaf003a291a39860e6d1,unknown,"arrays=user_id:(770616,):int64|cutoff:(770616,):<U10|z:(770616,):float32|y:(770616,):float32",1786523409044621200,no,no
artifacts/oof_S1-ROUNDS-R450.npz,oof_S1-ROUNDS-R450.npz,.npz,oof_prediction,out_of_fold_prediction,5996663,cc7dbd283f15550258e1eb927200f8851b9383023cfa225e3033afe52e424b57,unknown,"arrays=user_id:(770616,):int64|cutoff:(770616,):<U10|z:(770616,):float32|y:(770616,):float32",1786523415449965900,no,no
artifacts/oof_S1-ROUNDS-R50.npz,oof_S1-ROUNDS-R50.npz,.npz,oof_prediction,out_of_fold_prediction,5981419,7b79c4a0867af2569f3e1ef2c09a68c765ef59e21f14ce59e19290f91320afe3,unknown,"arrays=user_id:(770616,):int64|cutoff:(770616,):<U10|z:(770616,):float32|y:(770616,):float32",1786523920376004200,no,no
artifacts/oof_S1-ROUNDS-R600.npz,oof_S1-ROUNDS-R600.npz,.npz,oof_prediction,out_of_fold_prediction,5996530,68f53ac490c4bac589efae4cb2d11ea34d994f75869807d97c137e4d2629087a,unknown,"arrays=user_id:(770616,):int64|cutoff:(770616,):<U10|z:(770616,):float32|y:(770616,):float32",1786523422437685700,no,no
artifacts/oof_S1-ROUNDS-R75.npz,oof_S1-ROUNDS-R75.npz,.npz,oof_prediction,out_of_fold_prediction,5994086,00b286b7d745f66171d8c02a9a7976b1d3fd7c2e15357c11aa970cb6338f4675,unknown,"arrays=user_id:(770616,):int64|cutoff:(770616,):<U10|z:(770616,):float32|y:(770616,):float32",1786523925844577900,no,no
artifacts/oof_S1-ROUNDS-R800.npz,oof_S1-ROUNDS-R800.npz,.npz,oof_prediction,out_of_fold_prediction,5996370,8ee58fa02a9add364d439a021962e29a98c6c7b5555187f5ee75d16be6cb814d,unknown,"arrays=user_id:(770616,):int64|cutoff:(770616,):<U10|z:(770616,):float32|y:(770616,):float32",1786523429601638700,no,no
artifacts/oof_S1-ROUNDS.npz,oof_S1-ROUNDS.npz,.npz,oof_prediction,out_of_fold_prediction,5996700,572757bdc0b489cb213bb2f01fe993ff36b0dc72503fdaf003a291a39860e6d1,unknown,"arrays=user_id:(770616,):int64|cutoff:(770616,):<U10|z:(770616,):float32|y:(770616,):float32",1786525880262538000,no,no
artifacts/oof_S1-ROUNDSL-A-R100.npz,oof_S1-ROUNDSL-A-R100.npz,.npz,oof_prediction,out_of_fold_prediction,3000189,a27f7a51b7e7f8db128f78fd9e4ae42ba0547a7e17f3adb5ae02978c30e70ae2,unknown,"arrays=user_id:(385897,):int64|cutoff:(385897,):<U10|z:(385897,):float32|y:(385897,):float32",1786523833904766400,no,no
artifacts/oof_S1-ROUNDSL-A-R125.npz,oof_S1-ROUNDSL-A-R125.npz,.npz,oof_prediction,out_of_fold_prediction,3000511,31a3dcdb88a2917d58871c77cacc0891c43559797b9a75f05a52c579e76410fb,unknown,"arrays=user_id:(385897,):int64|cutoff:(385897,):<U10|z:(385897,):float32|y:(385897,):float32",1786523834749788200,no,no
artifacts/oof_S1-ROUNDSL-A-R150.npz,oof_S1-ROUNDSL-A-R150.npz,.npz,oof_prediction,out_of_fold_prediction,3000598,7e836da8605cd37033be66613f3c1d6f42dd3b5b2b234119790b2c508bb51914,unknown,"arrays=user_id:(385897,):int64|cutoff:(385897,):<U10|z:(385897,):float32|y:(385897,):float32",1786523835574664800,no,no
artifacts/oof_S1-ROUNDSL-A-R200.npz,oof_S1-ROUNDSL-A-R200.npz,.npz,oof_prediction,out_of_fold_prediction,3000480,1de6477a93afacf3d005eab6c8e99b9685afad0f8bd0fa9c0b999d7ee987427b,unknown,"arrays=user_id:(385897,):int64|cutoff:(385897,):<U10|z:(385897,):float32|y:(385897,):float32",1786523836371068800,no,no
artifacts/oof_S1-ROUNDSL-A-R25.npz,oof_S1-ROUNDSL-A-R25.npz,.npz,oof_prediction,out_of_fold_prediction,2988109,49c861e204442787537a283ed556096a8ef45b9701fcfde03d76d58aa5c86c4e,unknown,"arrays=user_id:(385897,):int64|cutoff:(385897,):<U10|z:(385897,):float32|y:(385897,):float32",1786523831516705800,no,no
artifacts/oof_S1-ROUNDSL-A-R250.npz,oof_S1-ROUNDSL-A-R250.npz,.npz,oof_prediction,out_of_fold_prediction,3000529,281e13fe55f388e96ece713f708731bef3b887c97911d68600b55b82ee306b5b,unknown,"arrays=user_id:(385897,):int64|cutoff:(385897,):<U10|z:(385897,):float32|y:(385897,):float32",1786523837158678500,no,no
artifacts/oof_S1-ROUNDSL-A-R50.npz,oof_S1-ROUNDSL-A-R50.npz,.npz,oof_prediction,out_of_fold_prediction,2992694,0973962364b813a035735526560590ec8a2ee34ae5685662cdc5438e36785116,unknown,"arrays=user_id:(385897,):int64|cutoff:(385897,):<U10|z:(385897,):float32|y:(385897,):float32",1786523832321966500,no,no
artifacts/oof_S1-ROUNDSL-A-R75.npz,oof_S1-ROUNDSL-A-R75.npz,.npz,oof_prediction,out_of_fold_prediction,2999235,721f64d10f6939ab015999682ca376f0cc0156b053793da0f9940cfe2e78d602,unknown,"arrays=user_id:(385897,):int64|cutoff:(385897,):<U10|z:(385897,):float32|y:(385897,):float32",1786523833100884900,no,no
artifacts/oof_S1-ROUNDSL-A.npz,oof_S1-ROUNDSL-A.npz,.npz,oof_prediction,out_of_fold_prediction,3000561,764015d25a7b7ec11f74a387c4e92a6cbec5c9753100c4b3f5d7feeaddc3733b,unknown,"arrays=user_id:(385897,):int64|cutoff:(385897,):<U10|z:(385897,):float32|y:(385897,):float32",1786523830692865600,no,no
artifacts/oof_S1-ROUNDSL-B-R100.npz,oof_S1-ROUNDSL-B-R100.npz,.npz,oof_prediction,out_of_fold_prediction,2996814,783a84dbbd188a32d8716a0d25bac20316c6190f00e22464d7528ab7b8cdaaa6,unknown,"arrays=user_id:(384719,):int64|cutoff:(384719,):<U10|z:(384719,):float32|y:(384719,):float32",1786523880345200200,no,no
artifacts/oof_S1-ROUNDSL-B-R125.npz,oof_S1-ROUNDSL-B-R125.npz,.npz,oof_prediction,out_of_fold_prediction,2997029,92ef379560c220ee5f86b7be3a8d1f3d892bb6616b1c46f3ff920d79c4785ec5,unknown,"arrays=user_id:(384719,):int64|cutoff:(384719,):<U10|z:(384719,):float32|y:(384719,):float32",1786523881006040600,no,no
artifacts/oof_S1-ROUNDSL-B-R150.npz,oof_S1-ROUNDSL-B-R150.npz,.npz,oof_prediction,out_of_fold_prediction,2997073,2dc01d3a424d8f6b1c0977e8d789218c08f0e8db77d803c1a07597cc10509a51,unknown,"arrays=user_id:(384719,):int64|cutoff:(384719,):<U10|z:(384719,):float32|y:(384719,):float32",1786523881605221100,no,no
artifacts/oof_S1-ROUNDSL-B-R200.npz,oof_S1-ROUNDSL-B-R200.npz,.npz,oof_prediction,out_of_fold_prediction,2997081,972ee67b99d151affa6b69ce50138a7a219ef707d61b4ec07def4cc6cdeec796,unknown,"arrays=user_id:(384719,):int64|cutoff:(384719,):<U10|z:(384719,):float32|y:(384719,):float32",1786523882232226400,no,no
artifacts/oof_S1-ROUNDSL-B-R25.npz,oof_S1-ROUNDSL-B-R25.npz,.npz,oof_prediction,out_of_fold_prediction,2983954,827fff9bdb21530f61808527f13b315b83d207b550f55af7b2becfa21d1f954e,unknown,"arrays=user_id:(384719,):int64|cutoff:(384719,):<U10|z:(384719,):float32|y:(384719,):float32",1786523878308489700,no,no
artifacts/oof_S1-ROUNDSL-B-R250.npz,oof_S1-ROUNDSL-B-R250.npz,.npz,oof_prediction,out_of_fold_prediction,2997219,b814075e4d0746870e49669676f2cca8e9dbbb7d7fcdec50165e08470b895a14,unknown,"arrays=user_id:(384719,):int64|cutoff:(384719,):<U10|z:(384719,):float32|y:(384719,):float32",1786523882834806800,no,no
artifacts/oof_S1-ROUNDSL-B-R50.npz,oof_S1-ROUNDSL-B-R50.npz,.npz,oof_prediction,out_of_fold_prediction,2989694,c91873eb0e8f26a927b1af4c91ff951fd0e25f0489b2ce9e1856ba351388784a,unknown,"arrays=user_id:(384719,):int64|cutoff:(384719,):<U10|z:(384719,):float32|y:(384719,):float32",1786523879005470500,no,no
artifacts/oof_S1-ROUNDSL-B-R75.npz,oof_S1-ROUNDSL-B-R75.npz,.npz,oof_prediction,out_of_fold_prediction,2995871,7cddc37b403f119748e186e1837ccc8a4b9e178d04e80c60d88b83998760125e,unknown,"arrays=user_id:(384719,):int64|cutoff:(384719,):<U10|z:(384719,):float32|y:(384719,):float32",1786523879675722900,no,no
artifacts/oof_S1-ROUNDSL-B.npz,oof_S1-ROUNDSL-B.npz,.npz,oof_prediction,out_of_fold_prediction,2997124,3b3e46b93d269f6d4507e09de111c7f2c3281327d77634d9f2e40f42db25e876,unknown,"arrays=user_id:(384719,):int64|cutoff:(384719,):<U10|z:(384719,):float32|y:(384719,):float32",1786523877612662100,no,no
artifacts/oof_S1-ROUNDSL-R300.npz,oof_S1-ROUNDSL-R300.npz,.npz,oof_prediction,out_of_fold_prediction,5996700,572757bdc0b489cb213bb2f01fe993ff36b0dc72503fdaf003a291a39860e6d1,unknown,"arrays=user_id:(770616,):int64|cutoff:(770616,):<U10|z:(770616,):float32|y:(770616,):float32",1786523958645546800,no,no
artifacts/oof_S1-SEED42.npz,oof_S1-SEED42.npz,.npz,oof_prediction,out_of_fold_prediction,5996700,572757bdc0b489cb213bb2f01fe993ff36b0dc72503fdaf003a291a39860e6d1,unknown,"arrays=user_id:(770616,):int64|cutoff:(770616,):<U10|z:(770616,):float32|y:(770616,):float32",1786524027687429100,no,no
artifacts/oof_S1-SEED43-A.npz,oof_S1-SEED43-A.npz,.npz,oof_prediction,out_of_fold_prediction,3000451,fcb23cff5ccd8fbc8afe18883ac3ebcb017ab60fdb7b1002bb1051191ba47544,unknown,"arrays=user_id:(385897,):int64|cutoff:(385897,):<U10|z:(385897,):float32|y:(385897,):float32",1786524420902139500,no,no
artifacts/oof_S1-SEED43-B.npz,oof_S1-SEED43-B.npz,.npz,oof_prediction,out_of_fold_prediction,2997119,1eb30cbaf2c7fcf34fbd0cb39cd919fa94f71431f5ff933bbe002f0160ec5d27,unknown,"arrays=user_id:(384719,):int64|cutoff:(384719,):<U10|z:(384719,):float32|y:(384719,):float32",1786524462227915700,no,no
artifacts/oof_S1-SEED43.npz,oof_S1-SEED43.npz,.npz,oof_prediction,out_of_fold_prediction,5996634,31b3720ac4952d5ca78cf9600a0f81fde1868bfab370d0156c3c2bf6d8aa4ae1,unknown,"arrays=user_id:(770616,):int64|cutoff:(770616,):<U10|z:(770616,):float32|y:(770616,):float32",1786524468177784100,no,no
artifacts/oof_S1-SEED44-A.npz,oof_S1-SEED44-A.npz,.npz,oof_prediction,out_of_fold_prediction,3000456,dc90ed582bc60707e897a8540f03c2d489f7b6044d980e2b703dca0ce490eb89,unknown,"arrays=user_id:(385897,):int64|cutoff:(385897,):<U10|z:(385897,):float32|y:(385897,):float32",1786524853354712500,no,no
artifacts/oof_S1-SEED44-B.npz,oof_S1-SEED44-B.npz,.npz,oof_prediction,out_of_fold_prediction,2997121,7caab15ea4c35f64840855de96a9fee8b374b3a2fbbe8c9f5dc2154918bec7ce,unknown,"arrays=user_id:(384719,):int64|cutoff:(384719,):<U10|z:(384719,):float32|y:(384719,):float32",1786524894119150900,no,no
artifacts/oof_S1-SEED44.npz,oof_S1-SEED44.npz,.npz,oof_prediction,out_of_fold_prediction,5996592,262b86cfcf720d1d5f9d619c264d10295989de2efb61bb088c2f1074e3e0f99e,unknown,"arrays=user_id:(770616,):int64|cutoff:(770616,):<U10|z:(770616,):float32|y:(770616,):float32",1786524899832285700,no,no
artifacts/oof_S1-SEED45-A.npz,oof_S1-SEED45-A.npz,.npz,oof_prediction,out_of_fold_prediction,3000507,240201507a2297075ea1155ce5936fcbd2e4165e7fd79d887ddbaed39505ae91,unknown,"arrays=user_id:(385897,):int64|cutoff:(385897,):<U10|z:(385897,):float32|y:(385897,):float32",1786525289579701700,no,no
artifacts/oof_S1-SEED45-B.npz,oof_S1-SEED45-B.npz,.npz,oof_prediction,out_of_fold_prediction,2997276,ee8a503ba4fdcb7924da5ee88ab7b2391139fd99348760e0ea85cfbf17248301,unknown,"arrays=user_id:(384719,):int64|cutoff:(384719,):<U10|z:(384719,):float32|y:(384719,):float32",1786525328279100300,no,no
artifacts/oof_S1-SEED45.npz,oof_S1-SEED45.npz,.npz,oof_prediction,out_of_fold_prediction,5996784,ce271b05b7d3dfe9fcbed9fa165fc73fd1073a323cc76bf200fbfd3a2259e9d2,unknown,"arrays=user_id:(770616,):int64|cutoff:(770616,):<U10|z:(770616,):float32|y:(770616,):float32",1786525334018895700,no,no
artifacts/oof_S1-SEED46-A.npz,oof_S1-SEED46-A.npz,.npz,oof_prediction,out_of_fold_prediction,3000469,f23ddb2d8c6e15627da1f31743de52b50ea198421c7b4a1b6be837e86dab7383,unknown,"arrays=user_id:(385897,):int64|cutoff:(385897,):<U10|z:(385897,):float32|y:(385897,):float32",1786525722795803200,no,no
artifacts/oof_S1-SEED46-B.npz,oof_S1-SEED46-B.npz,.npz,oof_prediction,out_of_fold_prediction,2997098,b05901f5ed07a2b503f942f2a9c3584d32fd41c627c1cfe2a11883616b5adc88,unknown,"arrays=user_id:(384719,):int64|cutoff:(384719,):<U10|z:(384719,):float32|y:(384719,):float32",1786525765549924000,no,no
artifacts/oof_S1-SEED46.npz,oof_S1-SEED46.npz,.npz,oof_prediction,out_of_fold_prediction,5996563,fc020835667a709306dc7727e01845f325f3b1eb36d9dc28e5ce69b1e6914bcd,unknown,"arrays=user_id:(770616,):int64|cutoff:(770616,):<U10|z:(770616,):float32|y:(770616,):float32",1786525771194533300,no,no
artifacts/oof_S1-SEEDAVG3.npz,oof_S1-SEEDAVG3.npz,.npz,oof_prediction,out_of_fold_prediction,6103087,c61b743e4c671cfd41a760096245cf7153c883b021f808e02492aad90763f6e9,unknown,"arrays=user_id:(770616,):int64|cutoff:(770616,):<U10|z:(770616,):float32|y:(770616,):float32",1786525845120140200,no,no
artifacts/oof_S1-SEEDAVG5.npz,oof_S1-SEEDAVG5.npz,.npz,oof_prediction,out_of_fold_prediction,6105313,931121c90794d70f92c86992cc9d51cf479b50b29c89da201a6319c2c38c003c,unknown,"arrays=user_id:(770616,):int64|cutoff:(770616,):<U10|z:(770616,):float32|y:(770616,):float32",1786525804505695500,no,no
artifacts/oof_SAMPLE-BASELINE-B-AVG3-R300.npz,oof_SAMPLE-BASELINE-B-AVG3-R300.npz,.npz,oof_prediction,out_of_fold_prediction,5996539,418a5b1827a34a0a6d92b27ec638ddf7ae9a44c29e1f1ace00632b33d4168e37,unknown,"arrays=user_id:(770616,):int64|cutoff:(770616,):<U10|z:(770616,):float32|y:(770616,):float32",1786555036813589000,no,no
artifacts/oof_SAMPLE-DENSE-S3-F422-S42-R150.npz,oof_SAMPLE-DENSE-S3-F422-S42-R150.npz,.npz,oof_prediction,out_of_fold_prediction,5996189,7661eb0c0df2191b2064a7217402c38787b191b72577496484c3670080fa3580,unknown,"arrays=user_id:(770616,):int64|cutoff:(770616,):<U10|z:(770616,):float32|y:(770616,):float32",1786555002694295300,no,no
artifacts/oof_SAMPLE-DENSE-S3-F422-S42-R200.npz,oof_SAMPLE-DENSE-S3-F422-S42-R200.npz,.npz,oof_prediction,out_of_fold_prediction,5996508,a36d19f4eb5462e9cf5c3e9cfc4ac85c5380668283f4f0ced286ac54fbb498c4,unknown,"arrays=user_id:(770616,):int64|cutoff:(770616,):<U10|z:(770616,):float32|y:(770616,):float32",1786555004019231600,no,no
artifacts/oof_SAMPLE-DENSE-S3-F422-S42-R250.npz,oof_SAMPLE-DENSE-S3-F422-S42-R250.npz,.npz,oof_prediction,out_of_fold_prediction,5996472,061e4af563518b5a787a62c5f4e0646347fcbced6b7ff95e4e29751fbd24093e,unknown,"arrays=user_id:(770616,):int64|cutoff:(770616,):<U10|z:(770616,):float32|y:(770616,):float32",1786555005259258500,no,no
artifacts/oof_SAMPLE-DENSE-S3-F422-S42-R300.npz,oof_SAMPLE-DENSE-S3-F422-S42-R300.npz,.npz,oof_prediction,out_of_fold_prediction,5996377,713f593ea3e13d996471075a38fe5d736bbc011b14dac33f5b240e736756caa9,unknown,"arrays=user_id:(770616,):int64|cutoff:(770616,):<U10|z:(770616,):float32|y:(770616,):float32",1786555006530602400,no,no
artifacts/oof_SAMPLE-DENSE-S3-F422-S42-R450.npz,oof_SAMPLE-DENSE-S3-F422-S42-R450.npz,.npz,oof_prediction,out_of_fold_prediction,5996269,eeda2c2a8371e78d87006f24c0e3c5822750897a44953cd7edafac136f1d335a,unknown,"arrays=user_id:(770616,):int64|cutoff:(770616,):<U10|z:(770616,):float32|y:(770616,):float32",1786555007786432800,no,no
artifacts/oof_SAMPLE-DENSE-S3-F422-S42.npz,oof_SAMPLE-DENSE-S3-F422-S42.npz,.npz,oof_prediction,out_of_fold_prediction,5996269,eeda2c2a8371e78d87006f24c0e3c5822750897a44953cd7edafac136f1d335a,unknown,"arrays=user_id:(770616,):int64|cutoff:(770616,):<U10|z:(770616,):float32|y:(770616,):float32",1786555001377841900,no,no
artifacts/oof_SAMPLE-TB0-AVG3-R200.npz,oof_SAMPLE-TB0-AVG3-R200.npz,.npz,oof_prediction,out_of_fold_prediction,5996152,f6be85eddddca2d3272d7d0df555712691fea962912073f6613048a56a881923,unknown,"arrays=user_id:(770616,):int64|cutoff:(770616,):<U10|z:(770616,):float32|y:(770616,):float32",1786536377985435500,no,no
artifacts/oof_SAMPLE-TB0-S42-R150.npz,oof_SAMPLE-TB0-S42-R150.npz,.npz,oof_prediction,out_of_fold_prediction,5996320,07e8e21c1fc66b06666e0c426f5d6498b92ab27fceee9e2e0960b23d11def02d,unknown,"arrays=user_id:(770616,):int64|cutoff:(770616,):<U10|z:(770616,):float32|y:(770616,):float32",1786533847672904300,no,no
artifacts/oof_SAMPLE-TB0-S42-R200.npz,oof_SAMPLE-TB0-S42-R200.npz,.npz,oof_prediction,out_of_fold_prediction,5996313,34f97e231b83e34b30c703989c697d6e3e2697d568ce9dc6830da7d5dd3b660a,unknown,"arrays=user_id:(770616,):int64|cutoff:(770616,):<U10|z:(770616,):float32|y:(770616,):float32",1786533849288970700,no,no
artifacts/oof_SAMPLE-TB0-S42-R250.npz,oof_SAMPLE-TB0-S42-R250.npz,.npz,oof_prediction,out_of_fold_prediction,5996488,e61a4b3cb6d92c4bc9889688efd3f07bbb23012c8d5638d05c700f12efcff2d3,unknown,"arrays=user_id:(770616,):int64|cutoff:(770616,):<U10|z:(770616,):float32|y:(770616,):float32",1786533850917236100,no,no
artifacts/oof_SAMPLE-TB0-S42-R300.npz,oof_SAMPLE-TB0-S42-R300.npz,.npz,oof_prediction,out_of_fold_prediction,5996358,ed0aa3cb55fb63a318784da63d3f988de3fd0ac34211f19b05ea0cfafa253f5a,unknown,"arrays=user_id:(770616,):int64|cutoff:(770616,):<U10|z:(770616,):float32|y:(770616,):float32",1786533852557292900,no,no
artifacts/oof_SAMPLE-TB0-S42-R450.npz,oof_SAMPLE-TB0-S42-R450.npz,.npz,oof_prediction,out_of_fold_prediction,5996217,c1ab66724366ea0e5d69c1eb579d3440d9595533877d742c0b2d87a190bcdc72,unknown,"arrays=user_id:(770616,):int64|cutoff:(770616,):<U10|z:(770616,):float32|y:(770616,):float32",1786533854206325500,no,no
artifacts/oof_SAMPLE-TB0-S42.npz,oof_SAMPLE-TB0-S42.npz,.npz,oof_prediction,out_of_fold_prediction,5996217,c1ab66724366ea0e5d69c1eb579d3440d9595533877d742c0b2d87a190bcdc72,unknown,"arrays=user_id:(770616,):int64|cutoff:(770616,):<U10|z:(770616,):float32|y:(770616,):float32",1786533846042024500,no,no
artifacts/oof_SAMPLE-TB0-S43-R200.npz,oof_SAMPLE-TB0-S43-R200.npz,.npz,oof_prediction,out_of_fold_prediction,5996377,063c9bdba6ce3f5709b7521d2be1cbfb37c3072c4153e7d109ecc66836dbc8c1,unknown,"arrays=user_id:(770616,):int64|cutoff:(770616,):<U10|z:(770616,):float32|y:(770616,):float32",1786535295385333300,no,no
artifacts/oof_SAMPLE-TB0-S43.npz,oof_SAMPLE-TB0-S43.npz,.npz,oof_prediction,out_of_fold_prediction,5996377,063c9bdba6ce3f5709b7521d2be1cbfb37c3072c4153e7d109ecc66836dbc8c1,unknown,"arrays=user_id:(770616,):int64|cutoff:(770616,):<U10|z:(770616,):float32|y:(770616,):float32",1786535293784128500,no,no
artifacts/oof_SAMPLE-TB0-S44-R200.npz,oof_SAMPLE-TB0-S44-R200.npz,.npz,oof_prediction,out_of_fold_prediction,5996283,6005c7adfb42239eb98b91f629f23f4bacbdf306bc2ec01ac7c4546064fd8d05,unknown,"arrays=user_id:(770616,):int64|cutoff:(770616,):<U10|z:(770616,):float32|y:(770616,):float32",1786536175027563900,no,no
artifacts/oof_SAMPLE-TB0-S44.npz,oof_SAMPLE-TB0-S44.npz,.npz,oof_prediction,out_of_fold_prediction,5996283,6005c7adfb42239eb98b91f629f23f4bacbdf306bc2ec01ac7c4546064fd8d05,unknown,"arrays=user_id:(770616,):int64|cutoff:(770616,):<U10|z:(770616,):float32|y:(770616,):float32",1786536173389660100,no,no
artifacts/oof_SAMPLE-TB1-AVG3-R300.npz,oof_SAMPLE-TB1-AVG3-R300.npz,.npz,oof_prediction,out_of_fold_prediction,5996539,418a5b1827a34a0a6d92b27ec638ddf7ae9a44c29e1f1ace00632b33d4168e37,unknown,"arrays=user_id:(770616,):int64|cutoff:(770616,):<U10|z:(770616,):float32|y:(770616,):float32",1786536375716552000,no,no
artifacts/oof_SEQ-01-S42-V0904.npz,oof_SEQ-01-S42-V0904.npz,.npz,oof_prediction,out_of_fold_prediction,1106225,faf1f6875b5ef50b5da598e4a23f445187e44c61d8857dcedc36e3bf0e8b51f9,component_family:seq;team_a:exp_025,"arrays=user_id:(188518,):int64|cutoff:(188518,):<U10|z:(188518,):float32|y:(188518,):float32",1786619787586205400,no,no
artifacts/oof_SEQ-01-S42-V0918.npz,oof_SEQ-01-S42-V0918.npz,.npz,oof_prediction,out_of_fold_prediction,1129551,29cf330965898010ea98e19e507e6c43c6291e3266c743ffad690c4b45e4c014,component_family:seq;team_a:exp_025,"arrays=user_id:(191025,):int64|cutoff:(191025,):<U10|z:(191025,):float32|y:(191025,):float32",1786619788622260300,no,no
artifacts/oof_SEQ-01-S42-V1002.npz,oof_SEQ-01-S42-V1002.npz,.npz,oof_prediction,out_of_fold_prediction,1146992,e679965217464ce4bbe954c6b3046be261fc0a54dffbd26a94eb2fcefd8bde25,component_family:seq;team_a:exp_025,"arrays=user_id:(193694,):int64|cutoff:(193694,):<U10|z:(193694,):float32|y:(193694,):float32",1786617937087984100,no,no
artifacts/oof_SEQ-01-S42-V1016.npz,oof_SEQ-01-S42-V1016.npz,.npz,oof_prediction,out_of_fold_prediction,1169204,fe6b6faf14752ede8a7583a7e53bad279e34bf1aedb252a3d9444ea8acf764d7,component_family:seq;team_a:exp_025,"arrays=user_id:(197379,):int64|cutoff:(197379,):<U10|z:(197379,):float32|y:(197379,):float32",1786613477785351300,no,no
artifacts/oof_SEQ-01-S42.npz,oof_SEQ-01-S42.npz,.npz,oof_prediction,out_of_fold_prediction,4547674,186af9eef1f950eed25ae9de5ee2d144911f43b3e0061ec5800d41c3af994fae,component_family:seq;team_a:exp_025,"arrays=user_id:(770616,):int64|cutoff:(770616,):<U10|z:(770616,):float32|y:(770616,):float32",1786619814772617400,no,no
artifacts/oof_SEQ-01-S43-V0904.npz,oof_SEQ-01-S43-V0904.npz,.npz,oof_prediction,out_of_fold_prediction,1105354,0d19214689f11af729d30fb79c6ecee2fe4a7ff77a4e59e779145a3024e00186,component_family:seq;team_a:exp_025,"arrays=user_id:(188518,):int64|cutoff:(188518,):<U10|z:(188518,):float32|y:(188518,):float32",1786629958360305300,no,no
artifacts/oof_SEQ-01-S43-V0918.npz,oof_SEQ-01-S43-V0918.npz,.npz,oof_prediction,out_of_fold_prediction,1130196,f6aba442b3666b6a92bd22ca8e4bb9cd8fb9b325e1d621b6b89210f842ae9cb6,component_family:seq;team_a:exp_025,"arrays=user_id:(191025,):int64|cutoff:(191025,):<U10|z:(191025,):float32|y:(191025,):float32",1786628884467715500,no,no
artifacts/oof_SEQ-01-S43-V1002.npz,oof_SEQ-01-S43-V1002.npz,.npz,oof_prediction,out_of_fold_prediction,1148718,b38a1c49b6ee7a5c6debfb4a18ba29ef2f9712e07b443a6117ec150c7081ac88,component_family:seq;team_a:exp_025,"arrays=user_id:(193694,):int64|cutoff:(193694,):<U10|z:(193694,):float32|y:(193694,):float32",1786627734002127900,no,no
artifacts/oof_SEQ-01-S43-V1016.npz,oof_SEQ-01-S43-V1016.npz,.npz,oof_prediction,out_of_fold_prediction,1168215,df580a32ae664e2f5b7d5b5d0bf654ed159a9de00ab1791b9585d057252cd774,component_family:seq;team_a:exp_025,"arrays=user_id:(197379,):int64|cutoff:(197379,):<U10|z:(197379,):float32|y:(197379,):float32",1786622609340256000,no,no
artifacts/oof_SEQ-01-S43.npz,oof_SEQ-01-S43.npz,.npz,oof_prediction,out_of_fold_prediction,4548169,41766b1b32c3b2767d2866d294a4bc17e16246a1ea008f32a108e039c8cc521f,component_family:seq;team_a:exp_025,"arrays=user_id:(770616,):int64|cutoff:(770616,):<U10|z:(770616,):float32|y:(770616,):float32",1786629995516070000,no,no
artifacts/oof_SEQ-01-S44-V0904.npz,oof_SEQ-01-S44-V0904.npz,.npz,oof_prediction,out_of_fold_prediction,1108428,6c7e6ff59d7dd7f91cdb7c37a8d13a9e32f15b5a16ed70f5f4d27701826b98f3,component_family:seq;team_a:exp_025,"arrays=user_id:(188518,):int64|cutoff:(188518,):<U10|z:(188518,):float32|y:(188518,):float32",1786634942553682000,no,no
artifacts/oof_SEQ-01-S44-V0918.npz,oof_SEQ-01-S44-V0918.npz,.npz,oof_prediction,out_of_fold_prediction,1127248,b81e319fc6c14b86a05be63adc57efaa168d7b3e3cf2ccaed4ec4fe3b76e126e,component_family:seq;team_a:exp_025,"arrays=user_id:(191025,):int64|cutoff:(191025,):<U10|z:(191025,):float32|y:(191025,):float32",1786635010256844400,no,no
artifacts/oof_SEQ-01-S44-V1002.npz,oof_SEQ-01-S44-V1002.npz,.npz,oof_prediction,out_of_fold_prediction,1149143,876c4f0c0c37c5acb9b3fd1d1f255cbe7974c2abf8e661a976e2c6cf40a199b2,component_family:seq;team_a:exp_025,"arrays=user_id:(193694,):int64|cutoff:(193694,):<U10|z:(193694,):float32|y:(193694,):float32",1786635013372221400,no,no
artifacts/oof_SEQ-01-S44-V1016.npz,oof_SEQ-01-S44-V1016.npz,.npz,oof_prediction,out_of_fold_prediction,1170360,cf50beec57823dab26e03c56cc36c74c29ae3d18bf51dfbd44bf8e062630ec64,component_family:seq;team_a:exp_025,"arrays=user_id:(197379,):int64|cutoff:(197379,):<U10|z:(197379,):float32|y:(197379,):float32",1786631478563748100,no,no
artifacts/oof_SEQ-01-S44.npz,oof_SEQ-01-S44.npz,.npz,oof_prediction,out_of_fold_prediction,4550826,50f0f1a939d4eda6d6075437e070f0a3d92ba4645a3286805b72ec080512d505,component_family:seq;team_a:exp_025,"arrays=user_id:(770616,):int64|cutoff:(770616,):<U10|z:(770616,):float32|y:(770616,):float32",1786635033283867100,no,no
artifacts/oof_SEQ-01C-S42-V0904.npz,oof_SEQ-01C-S42-V0904.npz,.npz,oof_prediction,out_of_fold_prediction,1105475,ded8dcc88e73baf7511e04f2338aaed32af85ec0cdc0604fa95636aca67d8577,component_family:seq;team_a:exp_025,"arrays=user_id:(188518,):int64|cutoff:(188518,):<U10|z:(188518,):float32|y:(188518,):float32",1786626450459541000,no,no
artifacts/oof_SEQ-03A-A25-S42-V1016.npz,oof_SEQ-03A-A25-S42-V1016.npz,.npz,oof_prediction,out_of_fold_prediction,1166438,6799d6f9bc6744a1bdb8875e9ee47ca70a203bf8504d29f38778141fa2c2497b,component_family:seq;team_a:exp_025,"arrays=user_id:(197379,):int64|cutoff:(197379,):<U10|z:(197379,):float32|y:(197379,):float32",1786662754884493000,no,no
artifacts/oof_SEQ-03A-B-S42-V1016.npz,oof_SEQ-03A-B-S42-V1016.npz,.npz,oof_prediction,out_of_fold_prediction,1169363,7389e80c3ff0b7d111e85c14c375d51a80d9461460f0cd8ee4da3a56f68b2033,component_family:seq;team_a:exp_025,"arrays=user_id:(197379,):int64|cutoff:(197379,):<U10|z:(197379,):float32|y:(197379,):float32",1786656041443732400,no,no
artifacts/oof_SEQ-03A-BASE-S42-V1016.npz,oof_SEQ-03A-BASE-S42-V1016.npz,.npz,oof_prediction,out_of_fold_prediction,1167724,3d2faf28ce52c9a291af440b3f7549d4dd67fb88390a2ada30ebeabc1e319536,component_family:seq;team_a:exp_025,"arrays=user_id:(197379,):int64|cutoff:(197379,):<U10|z:(197379,):float32|y:(197379,):float32",1786650787233120000,no,no
artifacts/oof_SEQ-AVG2-V0904.npz,oof_SEQ-AVG2-V0904.npz,.npz,oof_prediction,out_of_fold_prediction,1137930,04ab88b12b024c99f1a90c4445c2d9a9e4aadd3f1b165b6980e1e80809758714,component_family:seq;team_a:exp_025,"arrays=user_id:(188518,):int64|cutoff:(188518,):<U10|z:(188518,):float32|y:(188518,):float32",1786629996564143600,no,no
artifacts/oof_SEQ-AVG2-V0918.npz,oof_SEQ-AVG2-V0918.npz,.npz,oof_prediction,out_of_fold_prediction,1162120,6b35f0094ac2b33b31625f7cd579e6f7cdd705dc2fa4024b6daf1371959dbf18,component_family:seq;team_a:exp_025,"arrays=user_id:(191025,):int64|cutoff:(191025,):<U10|z:(191025,):float32|y:(191025,):float32",1786629996948829500,no,no
artifacts/oof_SEQ-AVG2-V1002.npz,oof_SEQ-AVG2-V1002.npz,.npz,oof_prediction,out_of_fold_prediction,1181319,61ad8cdfa7928625734955f334d4b2ce2adb85e1fa0837ad9828782033aeceb6,component_family:seq;team_a:exp_025,"arrays=user_id:(193694,):int64|cutoff:(193694,):<U10|z:(193694,):float32|y:(193694,):float32",1786629997345098700,no,no
artifacts/oof_SEQ-AVG2-V1016.npz,oof_SEQ-AVG2-V1016.npz,.npz,oof_prediction,out_of_fold_prediction,1202565,aeaaba1a26d5c90c81c89f1f8a7365f71691fc9d55467998b393f79ea2cef883,component_family:seq;team_a:exp_025,"arrays=user_id:(197379,):int64|cutoff:(197379,):<U10|z:(197379,):float32|y:(197379,):float32",1786629997750970500,no,no
artifacts/oof_SEQ-AVG2.npz,oof_SEQ-AVG2.npz,.npz,oof_prediction,out_of_fold_prediction,4678757,ccfa3779d3c6b329d2803ee91b53a811c96fe5f7997f82d884bd07909d8a137d,component_family:seq;team_a:exp_025,"arrays=user_id:(770616,):int64|cutoff:(770616,):<U10|z:(770616,):float32|y:(770616,):float32",1786630001064995900,no,no
artifacts/oof_SEQ-AVG3-V0904.npz,oof_SEQ-AVG3-V0904.npz,.npz,oof_prediction,out_of_fold_prediction,1160569,bca6fc71c0557b065fadea5db057980e562ab9676027ce23a4186cd07e6d7e18,component_family:seq;team_a:exp_025,"arrays=user_id:(188518,):int64|cutoff:(188518,):<U10|z:(188518,):float32|y:(188518,):float32",1786635034440448100,no,no
artifacts/oof_SEQ-AVG3-V0918.npz,oof_SEQ-AVG3-V0918.npz,.npz,oof_prediction,out_of_fold_prediction,1182679,54585165869cfa29ab1b021f297102f6cb3dfd50827c87720ad741a8524d6930,component_family:seq;team_a:exp_025,"arrays=user_id:(191025,):int64|cutoff:(191025,):<U10|z:(191025,):float32|y:(191025,):float32",1786635034849909800,no,no
artifacts/oof_SEQ-AVG3-V1002.npz,oof_SEQ-AVG3-V1002.npz,.npz,oof_prediction,out_of_fold_prediction,1203068,f0e4e6f0d2bf7c54f400d9beaaab83c97d1fd8c3e3c50eb8cde396fa45865696,component_family:seq;team_a:exp_025,"arrays=user_id:(193694,):int64|cutoff:(193694,):<U10|z:(193694,):float32|y:(193694,):float32",1786635035273006400,no,no
artifacts/oof_SEQ-AVG3-V1016.npz,oof_SEQ-AVG3-V1016.npz,.npz,oof_prediction,out_of_fold_prediction,1224854,1f4b2c85624ef0c942529e28e1996f6c63685dedd9e778694c9d1b05d869d63f,component_family:seq;team_a:exp_025,"arrays=user_id:(197379,):int64|cutoff:(197379,):<U10|z:(197379,):float32|y:(197379,):float32",1786635035713464900,no,no
artifacts/oof_SEQ-AVG3.npz,oof_SEQ-AVG3.npz,.npz,oof_prediction,out_of_fold_prediction,4765259,8e8ec7907587406de1224555a42e11803b98f79492ac124b2fd136f6e8ac646c,component_family:seq;team_a:exp_025,"arrays=user_id:(770616,):int64|cutoff:(770616,):<U10|z:(770616,):float32|y:(770616,):float32",1786635039354141000,no,no
artifacts/oof_SEQ-D3A-AVG3-V0904.npz,oof_SEQ-D3A-AVG3-V0904.npz,.npz,oof_prediction,out_of_fold_prediction,1157840,f6e73677cf315b30a9f7ba1427c7f57bfbab7072811df35ac254d7e38a7c829a,component_family:seq;team_a:exp_025,"arrays=user_id:(188518,):int64|cutoff:(188518,):<U10|z:(188518,):float32|y:(188518,):float32",1787166215599915600,no,no
artifacts/oof_SEQ-D3A-AVG3-V0918.npz,oof_SEQ-D3A-AVG3-V0918.npz,.npz,oof_prediction,out_of_fold_prediction,1181120,9c3eec296b4c938c8d57c39b457db257f69666c40a791a8ed611dc977dd98fc9,component_family:seq;team_a:exp_025,"arrays=user_id:(191025,):int64|cutoff:(191025,):<U10|z:(191025,):float32|y:(191025,):float32",1787166215964750300,no,no
artifacts/oof_SEQ-D3A-AVG3-V1002.npz,oof_SEQ-D3A-AVG3-V1002.npz,.npz,oof_prediction,out_of_fold_prediction,1201184,39c0d1b716af43aab33ea246b6c7468814971b9a473491c8bbc71d7bc7bec526,component_family:seq;team_a:exp_025,"arrays=user_id:(193694,):int64|cutoff:(193694,):<U10|z:(193694,):float32|y:(193694,):float32",1787166216338438200,no,no
artifacts/oof_SEQ-D3A-AVG3-V1016.npz,oof_SEQ-D3A-AVG3-V1016.npz,.npz,oof_prediction,out_of_fold_prediction,1227625,d2bc5ef7629ee498f26b48f7a7d579d73783e359b65ecccace3b3fac1d140c2f,component_family:seq;team_a:exp_025,"arrays=user_id:(197379,):int64|cutoff:(197379,):<U10|z:(197379,):float32|y:(197379,):float32",1787166216711249500,no,no
artifacts/oof_SEQ-D3A-AVG3.npz,oof_SEQ-D3A-AVG3.npz,.npz,oof_prediction,out_of_fold_prediction,4761880,78e796e9a8a10f63edd6d69c1ae2fa24b9ce030538cc8a23cd14e45ce3c4f6a2,component_family:seq;team_a:exp_025,"arrays=user_id:(770616,):int64|cutoff:(770616,):<U10|z:(770616,):float32|y:(770616,):float32",1787166219865983300,no,no
artifacts/oof_SEQ-D3A-BASE-AVG3-V0904.npz,oof_SEQ-D3A-BASE-AVG3-V0904.npz,.npz,oof_prediction,out_of_fold_prediction,1157806,fee247a1001882b6d5df9c3dabc8a24f7439c313aaf4c4b28b6cb0e12e767d4c,component_family:seq;team_a:exp_025,"arrays=user_id:(188518,):int64|cutoff:(188518,):<U10|z:(188518,):float32|y:(188518,):float32",1787166286008266100,no,no
artifacts/oof_SEQ-D3A-BASE-AVG3-V0918.npz,oof_SEQ-D3A-BASE-AVG3-V0918.npz,.npz,oof_prediction,out_of_fold_prediction,1181714,b3a38ba163e3c45565c31a00cf3aab083d5f32d6e49eb2892b1f354285120a1c,component_family:seq;team_a:exp_025,"arrays=user_id:(191025,):int64|cutoff:(191025,):<U10|z:(191025,):float32|y:(191025,):float32",1787166286474126900,no,no
artifacts/oof_SEQ-D3A-BASE-AVG3-V1002.npz,oof_SEQ-D3A-BASE-AVG3-V1002.npz,.npz,oof_prediction,out_of_fold_prediction,1204831,6b33a99858d5775cc1c391ca37952385a50d77b97755d8bfb747c41c6fa20171,component_family:seq;team_a:exp_025,"arrays=user_id:(193694,):int64|cutoff:(193694,):<U10|z:(193694,):float32|y:(193694,):float32",1787166286930598400,no,no
artifacts/oof_SEQ-D3A-BASE-AVG3-V1016.npz,oof_SEQ-D3A-BASE-AVG3-V1016.npz,.npz,oof_prediction,out_of_fold_prediction,1227401,d7d98c6211318690812a03d6a51f6e6ca01b8c50aabf20c228f0c0d95d3c9cc6,component_family:seq;team_a:exp_025,"arrays=user_id:(197379,):int64|cutoff:(197379,):<U10|z:(197379,):float32|y:(197379,):float32",1787166287404847800,no,no
artifacts/oof_SEQ-D3A-BASE-AVG3.npz,oof_SEQ-D3A-BASE-AVG3.npz,.npz,oof_prediction,out_of_fold_prediction,4765818,2188e985c6ae4238b07fbbd02487d2c975b5734736eb6b041955fa1630f9fe3a,component_family:seq;team_a:exp_025,"arrays=user_id:(770616,):int64|cutoff:(770616,):<U10|z:(770616,):float32|y:(770616,):float32",1787166290505761600,no,no
artifacts/oof_SEQ-D3A-BASE-S42-V0904.npz,oof_SEQ-D3A-BASE-S42-V0904.npz,.npz,oof_prediction,out_of_fold_prediction,1106723,a3f0eb9d1b3d60ee6f16e8c468636216086094d717d54893aff46599aa101d6b,component_family:seq;team_a:exp_025,"arrays=user_id:(188518,):int64|cutoff:(188518,):<U10|z:(188518,):float32|y:(188518,):float32",1787030356247529100,no,no
artifacts/oof_SEQ-D3A-BASE-S42-V0918.npz,oof_SEQ-D3A-BASE-S42-V0918.npz,.npz,oof_prediction,out_of_fold_prediction,1128709,0637bf10858af9cde5e7ee15ffe5aee6b90c92d24de8d90b0c931d24fe12f4d1,component_family:seq;team_a:exp_025,"arrays=user_id:(191025,):int64|cutoff:(191025,):<U10|z:(191025,):float32|y:(191025,):float32",1787023605970303100,no,no
artifacts/oof_SEQ-D3A-BASE-S42-V1002.npz,oof_SEQ-D3A-BASE-S42-V1002.npz,.npz,oof_prediction,out_of_fold_prediction,1149269,1bdf6dccc22aa2775a1a34d073c627b0b828b8ab9ae25f12a6427df3b26d9b55,component_family:seq;team_a:exp_025,"arrays=user_id:(193694,):int64|cutoff:(193694,):<U10|z:(193694,):float32|y:(193694,):float32",1787016106858508400,no,no
artifacts/oof_SEQ-D3A-BASE-S42-V1016.npz,oof_SEQ-D3A-BASE-S42-V1016.npz,.npz,oof_prediction,out_of_fold_prediction,1167724,3d2faf28ce52c9a291af440b3f7549d4dd67fb88390a2ada30ebeabc1e319536,component_family:seq;team_a:exp_025,"arrays=user_id:(197379,):int64|cutoff:(197379,):<U10|z:(197379,):float32|y:(197379,):float32",1787007735040659900,no,no
artifacts/oof_SEQ-D3A-BASE-S42.npz,oof_SEQ-D3A-BASE-S42.npz,.npz,oof_prediction,out_of_fold_prediction,4548084,17256d03fa8893ccd96a3dfc0aa26b1164fa611850b5124239bdc34234823a3b,component_family:seq;team_a:exp_025,"arrays=user_id:(770616,):int64|cutoff:(770616,):<U10|z:(770616,):float32|y:(770616,):float32",1787033681462394400,no,no
artifacts/oof_SEQ-D3A-BASE-S43-V0918.npz,oof_SEQ-D3A-BASE-S43-V0918.npz,.npz,oof_prediction,out_of_fold_prediction,1127878,5ad602f6672d2607f8ee97854ba792ec19d696e016454d75bdc5d2f0aa087747,component_family:seq;team_a:exp_025,"arrays=user_id:(191025,):int64|cutoff:(191025,):<U10|z:(191025,):float32|y:(191025,):float32",1787135671538241100,no,no
artifacts/oof_SEQ-D3A-G1-BASE-S43-V0904.npz,oof_SEQ-D3A-G1-BASE-S43-V0904.npz,.npz,oof_prediction,out_of_fold_prediction,1104852,be2d14a9c0af52b4b1374a4e455c4f8661c1729b1e4ecc7d910ce1e1f93cc856,component_family:seq;team_a:exp_025,"arrays=user_id:(188518,):int64|cutoff:(188518,):<U10|z:(188518,):float32|y:(188518,):float32",1787154254000000000,no,no
artifacts/oof_SEQ-D3A-G1-BASE-S43-V0918.npz,oof_SEQ-D3A-G1-BASE-S43-V0918.npz,.npz,oof_prediction,out_of_fold_prediction,1127330,5edafd5ac6e977a29ae852a3c01b578564a6fda3f884471cc4677721ef1b6001,component_family:seq;team_a:exp_025,"arrays=user_id:(191025,):int64|cutoff:(191025,):<U10|z:(191025,):float32|y:(191025,):float32",1787156887000000000,no,no
artifacts/oof_SEQ-D3A-G1-BASE-S43-V1002.npz,oof_SEQ-D3A-G1-BASE-S43-V1002.npz,.npz,oof_prediction,out_of_fold_prediction,1148217,bbf5558319da5f8a0391d5f1ea06c60dc6f17f45a4ba3ca53c0b6e07b2fd89d4,component_family:seq;team_a:exp_025,"arrays=user_id:(193694,):int64|cutoff:(193694,):<U10|z:(193694,):float32|y:(193694,):float32",1787151689000000000,no,no
artifacts/oof_SEQ-D3A-G1-BASE-S43-V1016.npz,oof_SEQ-D3A-G1-BASE-S43-V1016.npz,.npz,oof_prediction,out_of_fold_prediction,1169699,28276ac3f920a2e0bdba19086121c60643bb7221a34092746301dd39effa8b64,component_family:seq;team_a:exp_025,"arrays=user_id:(197379,):int64|cutoff:(197379,):<U10|z:(197379,):float32|y:(197379,):float32",1787148350000000000,no,no
artifacts/oof_SEQ-D3A-G1-BASE-S43.npz,oof_SEQ-D3A-G1-BASE-S43.npz,.npz,oof_prediction,out_of_fold_prediction,4545809,c8ac0444b6568a7b3b1db7c82228b1b9ba27c2006f3d5eff958797e5380d21e0,component_family:seq;team_a:exp_025,"arrays=user_id:(770616,):int64|cutoff:(770616,):<U10|z:(770616,):float32|y:(770616,):float32",1787166467776191600,no,no
artifacts/oof_SEQ-D3A-G1-S43-V0904.npz,oof_SEQ-D3A-G1-S43-V0904.npz,.npz,oof_prediction,out_of_fold_prediction,1106018,03e0b52655f3b539221ab7d858e38659f57b6c484f32b557da4b0b465806a7e6,component_family:seq;team_a:exp_025,"arrays=user_id:(188518,):int64|cutoff:(188518,):<U10|z:(188518,):float32|y:(188518,):float32",1787153065000000000,no,no
artifacts/oof_SEQ-D3A-G1-S43-V0918.npz,oof_SEQ-D3A-G1-S43-V0918.npz,.npz,oof_prediction,out_of_fold_prediction,1127858,0fd217a5fc6dea185a2bd73d46c73b360ebfff306a346f14fb6d384cd4db74fc,component_family:seq;team_a:exp_025,"arrays=user_id:(191025,):int64|cutoff:(191025,):<U10|z:(191025,):float32|y:(191025,):float32",1787155571000000000,no,no
artifacts/oof_SEQ-D3A-G1-S43-V1002.npz,oof_SEQ-D3A-G1-S43-V1002.npz,.npz,oof_prediction,out_of_fold_prediction,1148010,53ce8c9c08246f7f2f86d85ad0698833fd11c8b8bb4ac476b605883fb86c7a58,component_family:seq;team_a:exp_025,"arrays=user_id:(193694,):int64|cutoff:(193694,):<U10|z:(193694,):float32|y:(193694,):float32",1787150021000000000,no,no
artifacts/oof_SEQ-D3A-G1-S43-V1016.npz,oof_SEQ-D3A-G1-S43-V1016.npz,.npz,oof_prediction,out_of_fold_prediction,1169178,4cfce34b495bb2a1b77f4323052bd652d439ee01769cb9d78399a56fd118b0f6,component_family:seq;team_a:exp_025,"arrays=user_id:(197379,):int64|cutoff:(197379,):<U10|z:(197379,):float32|y:(197379,):float32",1787146527000000000,no,no
artifacts/oof_SEQ-D3A-G1-S43.npz,oof_SEQ-D3A-G1-S43.npz,.npz,oof_prediction,out_of_fold_prediction,4546795,f25b4eed023557664afe49abe34a14e3a014c484f44d72851ab8e57a4dc19434,component_family:seq;team_a:exp_025,"arrays=user_id:(770616,):int64|cutoff:(770616,):<U10|z:(770616,):float32|y:(770616,):float32",1787166463606933800,no,no
artifacts/oof_SEQ-D3A-G2-BASE-S44-V0904.npz,oof_SEQ-D3A-G2-BASE-S44-V0904.npz,.npz,oof_prediction,out_of_fold_prediction,1106293,87e8de1734d6f258b773800f8452ca7de160345c6f3236857daccb7ce15bfe9d,component_family:seq;team_a:exp_025,"arrays=user_id:(188518,):int64|cutoff:(188518,):<U10|z:(188518,):float32|y:(188518,):float32",1787155272000000000,no,no
artifacts/oof_SEQ-D3A-G2-BASE-S44-V0918.npz,oof_SEQ-D3A-G2-BASE-S44-V0918.npz,.npz,oof_prediction,out_of_fold_prediction,1128941,327cacf5eb5c07a9fc75029f1fba0a0f5fea2b904fb26b0a552bce56fc175a58,component_family:seq;team_a:exp_025,"arrays=user_id:(191025,):int64|cutoff:(191025,):<U10|z:(191025,):float32|y:(191025,):float32",1787153182000000000,no,no
artifacts/oof_SEQ-D3A-G2-BASE-S44-V1002.npz,oof_SEQ-D3A-G2-BASE-S44-V1002.npz,.npz,oof_prediction,out_of_fold_prediction,1149748,f3569675ad5c0ae344c2e6b9f73f53aab8c579ba5f47bcb41f3df0291171b1ea,component_family:seq;team_a:exp_025,"arrays=user_id:(193694,):int64|cutoff:(193694,):<U10|z:(193694,):float32|y:(193694,):float32",1787150857000000000,no,no
artifacts/oof_SEQ-D3A-G2-BASE-S44-V1016.npz,oof_SEQ-D3A-G2-BASE-S44-V1016.npz,.npz,oof_prediction,out_of_fold_prediction,1171657,f51b02a881e8ad49c9a40d50b81adb546ff10dd418456aab2e34b912821ceb14,component_family:seq;team_a:exp_025,"arrays=user_id:(197379,):int64|cutoff:(197379,):<U10|z:(197379,):float32|y:(197379,):float32",1787148295000000000,no,no
artifacts/oof_SEQ-D3A-G2-BASE-S44.npz,oof_SEQ-D3A-G2-BASE-S44.npz,.npz,oof_prediction,out_of_fold_prediction,4552272,3cefe03fdf0ebe5520c139cb8015fc0f5ceb7f1e78f41b545086a9ecace17cd3,component_family:seq;team_a:exp_025,"arrays=user_id:(770616,):int64|cutoff:(770616,):<U10|z:(770616,):float32|y:(770616,):float32",1787166469855782200,no,no
artifacts/oof_SEQ-D3A-G2-S44-V0904.npz,oof_SEQ-D3A-G2-S44-V0904.npz,.npz,oof_prediction,out_of_fold_prediction,1106903,04ac79ee2db9fad52f15d654356921c72520eb3ccec0bc8dc2581dfd9cc42585,component_family:seq;team_a:exp_025,"arrays=user_id:(188518,):int64|cutoff:(188518,):<U10|z:(188518,):float32|y:(188518,):float32",1787154226000000000,no,no
artifacts/oof_SEQ-D3A-G2-S44-V0918.npz,oof_SEQ-D3A-G2-S44-V0918.npz,.npz,oof_prediction,out_of_fold_prediction,1126952,d68f5a74752ae339ec44311d5db931d69fea6c6b361c7e429d6515c5bdcc79ac,component_family:seq;team_a:exp_025,"arrays=user_id:(191025,):int64|cutoff:(191025,):<U10|z:(191025,):float32|y:(191025,):float32",1787152019000000000,no,no
artifacts/oof_SEQ-D3A-G2-S44-V1002.npz,oof_SEQ-D3A-G2-S44-V1002.npz,.npz,oof_prediction,out_of_fold_prediction,1144738,449a826d772754b9195c4756869db715d4b314c06028b0325ce35087ff7dd4e8,component_family:seq;team_a:exp_025,"arrays=user_id:(193694,):int64|cutoff:(193694,):<U10|z:(193694,):float32|y:(193694,):float32",1787149577000000000,no,no
artifacts/oof_SEQ-D3A-G2-S44-V1016.npz,oof_SEQ-D3A-G2-S44-V1016.npz,.npz,oof_prediction,out_of_fold_prediction,1172202,62587b39e08cd76f80add6ad2618d36d1c32acb98e781f152833b7193c8bc85c,component_family:seq;team_a:exp_025,"arrays=user_id:(197379,):int64|cutoff:(197379,):<U10|z:(197379,):float32|y:(197379,):float32",1787146894000000000,no,no
artifacts/oof_SEQ-D3A-G2-S44.npz,oof_SEQ-D3A-G2-S44.npz,.npz,oof_prediction,out_of_fold_prediction,4546476,b9a033b17d49e9f4fd88965c676b99e90bed46f05608748d58a287433e9b0220,component_family:seq;team_a:exp_025,"arrays=user_id:(770616,):int64|cutoff:(770616,):<U10|z:(770616,):float32|y:(770616,):float32",1787166465703035800,no,no
artifacts/oof_SEQ-D3A-S42-V0904.npz,oof_SEQ-D3A-S42-V0904.npz,.npz,oof_prediction,out_of_fold_prediction,1104949,c9d9a380da0dfcada77e6c536467d5f76382634da280dbc3697ab403a8d897c5,component_family:seq;team_a:exp_025,"arrays=user_id:(188518,):int64|cutoff:(188518,):<U10|z:(188518,):float32|y:(188518,):float32",1787033556178358500,no,no
artifacts/oof_SEQ-D3A-S42-V0918.npz,oof_SEQ-D3A-S42-V0918.npz,.npz,oof_prediction,out_of_fold_prediction,1120880,eca5d30d860e7407fccdc0a56aae8bb6b2de9190dad589c649b68fa6f874d263,component_family:seq;team_a:exp_025,"arrays=user_id:(191025,):int64|cutoff:(191025,):<U10|z:(191025,):float32|y:(191025,):float32",1787027164049544300,no,no
artifacts/oof_SEQ-D3A-S42-V1002.npz,oof_SEQ-D3A-S42-V1002.npz,.npz,oof_prediction,out_of_fold_prediction,1143900,c2b7251423321c802ff1b36255315f9e6d222be155181417ef9bb56bc0db206d,component_family:seq;team_a:exp_025,"arrays=user_id:(193694,):int64|cutoff:(193694,):<U10|z:(193694,):float32|y:(193694,):float32",1787020039742711900,no,no
artifacts/oof_SEQ-D3A-S42-V1016.npz,oof_SEQ-D3A-S42-V1016.npz,.npz,oof_prediction,out_of_fold_prediction,1167566,2c093e461e4e5c058a57275012e33d64a215fb859b97b59f4fd308feb5711b67,component_family:seq;team_a:exp_025,"arrays=user_id:(197379,):int64|cutoff:(197379,):<U10|z:(197379,):float32|y:(197379,):float32",1787012170897673600,no,no
artifacts/oof_SEQ-D3A-S42.npz,oof_SEQ-D3A-S42.npz,.npz,oof_prediction,out_of_fold_prediction,4533081,d6ca23b5de24cb99f5d88404a40639325f5a769a9ae4585fad143bb595fa7173,component_family:seq;team_a:exp_025,"arrays=user_id:(770616,):int64|cutoff:(770616,):<U10|z:(770616,):float32|y:(770616,):float32",1787033685043478600,no,no
artifacts/oof_SEQ-D3A-S43-V0918.npz,oof_SEQ-D3A-S43-V0918.npz,.npz,oof_prediction,out_of_fold_prediction,1128896,c6b6662a8b0fe87369174bec766cbd8da880dfb7bf87a519ec6a4e05422dd9c8,component_family:seq;team_a:exp_025,"arrays=user_id:(191025,):int64|cutoff:(191025,):<U10|z:(191025,):float32|y:(191025,):float32",1787139320537500000,no,no
artifacts/RECENCY_RIDGE_PRED_EXP068_A1/oof_predictions.npz,oof_predictions.npz,.npz,oof_prediction,out_of_fold_prediction,1196,c543b9fe7ad3726e59fe895da0c93fd79e51a7214a7c79e8226449b119a2c964,component_family:ridge;team_a:exp_068,"arrays=user_id:(0,):int64|fold:(0,):<U10|target:(0,):float64|z_historical:(0,):float64|z_latest:(0,):float64|status:(1,):<U40",1787664670645185400,no,no
artifacts/RESDISC_053/aligned_oof.parquet,aligned_oof.parquet,.parquet,oof_prediction,out_of_fold_prediction,599422163,40aa9719d4fd903467eceb5f7be5e5d19ce6a67e12856f523946e5fdcda0ed0a,team_a:exp_053,rows=770616;row_groups=8;columns=cutoff|user_id|fold|y_true|z_cap|z_unc|z_dist|z_etx_avg3|z_seq_avg3|z_strong_raw|z_strong_calibrated|r_strong|loss_strong|adv_etx_vs_seq|adv_neural_vs_tabular|winner_etx|p0_dist|p_act_dist|past_residual_0904|z_etx_s42|z_etx_s43|z_etx_s44|z_seq_s42|z_seq_s43|z_seq_s44|z_d3a_avg3|z_ridge|z_full_etx|z_full_seq|z_tab_raw|z_neural_raw|w7_days_present|w7_days_search|w7_days_cat|w7_days_buy|w7_days_cart|w7_days_presence_only|w7_searches|w7_carts|w7_orders|w7_gmv|w7_gmv_cat|w7_gmv_max|w7_lgmv_mean|w7_lgmv_std|w14_days_present|w14_days_search|w14_days_cat|w14_days_buy|w14_days_cart|w14_days_presence_only|w14_searches|w14_carts|w14_orders|w14_gmv|w14_gmv_cat|w14_gmv_max|w14_lgmv_mean|w14_lgmv_std|w30_days_present|w30_days_search|w30_days_cat|w30_days_buy|w30_days_cart|w30_days_presence_only|w30_searches|w30_carts|w30_orders|w30_gmv|w30_gmv_cat|w30_gmv_max|w30_lgmv_mean|w30_lgmv_std|w60_days_present|w60_days_search|w60_days_cat|w60_days_buy|w60_days_cart|w60_days_presence_only|w60_searches|w60_carts|w60_orders|w60_gmv|w60_gmv_cat|w60_gmv_max|w60_lgmv_mean|w60_lgmv_std|w90_days_present|w90_days_search|w90_days_cat|w90_days_buy|w90_days_cart|w90_days_presence_only|w90_searches|w90_carts|w90_orders|w90_gmv|w90_gmv_cat|w90_gmv_max|w90_lgmv_mean|w90_lgmv_std|w180_days_present|w180_days_search|w180_days_cat|w180_days_buy|w180_days_cart|w180_days_presence_only|w180_searches|w180_carts|w180_orders|w180_gmv|w180_gmv_cat|w180_gmv_max|w180_lgmv_mean|w180_lgmv_std|w365_days_present|w365_days_search|w365_days_cat|w365_days_buy|w365_days_cart,1787568826752202700,no,no
artifacts/S04_fold_2025-09-04_s42.npz,S04_fold_2025-09-04_s42.npz,.npz,fold_artifact,unclassified,24355150,0772c41f50aa920eb9c6b920e3a82e6fc29a4cdd583fa4af0bc7018bf2188972,unknown,"arrays=val:():<U10|seed:():int64|rounds:():int64|user_id:(188518,):int64|y:(188518,):float64|group_b:(188518,):bool|p_hat:(188518,):float64|w180_days_buy:(188518,):float32|rec_buy:(188518,):float32|n_extra_b:():int64|n_early:():int64|cuts_clean:(18,):<U10|cuts_extra:(13,):<U10|cuts_early:(18,):<U10|mu_A:(188518,):float32|c_A:():float64|n_A:():int64|z_A_r200:(188518,):float32|z_A_r300:(188518,):float32|z_A_r450:(188518,):float32|z_A_r600:(188518,):float32|levels_clean:():<U594|diag_hold_resid:(678914,):float32|diag_hold_w180:(678914,):float32|diag_hold_cut:(678914,):<U10|diag_extra_resid:(887996,):float32|diag_extra_w180:(887996,):float32|diag_extra_cut:(887996,):<U10|mu_B_A:(188518,):float32|c_B_A:():float64|n_B_A:():int64|z_B_A_r200:(188518,):float32|z_B_A_r300:(188518,):float32|z_B_A_r450:(188518,):float32|z_B_A_r600:(188518,):float32|mu_B_B:(188518,):float32|c_B_B:():float64|n_B_B:():int64|z_B_B_r200:(188518,):float32|z_B_B_r300:(188518,):float32|z_B_B_r450:(188518,):float32|z_B_B_r600:(188518,):float32|mu_C:(188518,):float32|c_C:():float64|n_C:():int64|z_C_r200:(188518,):float32|z_C_r300:(188518,):float32|z_C_r450:(188518,):float32|z_C_r600:(188518,):float32",1786568908913040800,no,no
artifacts/S04_fold_2025-09-04_s43.npz,S04_fold_2025-09-04_s43.npz,.npz,fold_artifact,unclassified,9865152,34ea78225a3ba801ef27e830828a0fecf9f51ee9dfce5fb4c74ba7222a338daf,unknown,"arrays=val:():<U10|seed:():int64|rounds:():int64|user_id:(188518,):int64|y:(188518,):float64|group_b:(188518,):bool|p_hat:(188518,):float64|w180_days_buy:(188518,):float32|rec_buy:(188518,):float32|n_extra_b:():int64|n_early:():int64|cuts_clean:(18,):<U10|cuts_extra:(13,):<U10|cuts_early:(18,):<U10|mu_A:(188518,):float32|c_A:():float64|n_A:():int64|z_A_r200:(188518,):float32|z_A_r300:(188518,):float32|z_A_r450:(188518,):float32|z_A_r600:(188518,):float32|levels_clean:():<U594|mu_B_A:(188518,):float32|c_B_A:():float64|n_B_A:():int64|z_B_A_r200:(188518,):float32|z_B_A_r300:(188518,):float32|z_B_A_r450:(188518,):float32|z_B_A_r600:(188518,):float32",1786571137229558100,no,no
artifacts/S04_fold_2025-09-18_s42.npz,S04_fold_2025-09-18_s42.npz,.npz,fold_artifact,unclassified,24000318,1acf410d5c2436f0eb2e9c3eed0f4a8b7549290b1bca3c19bb07fb395efe5636,unknown,"arrays=val:():<U10|seed:():int64|rounds:():int64|user_id:(191025,):int64|y:(191025,):float64|group_b:(191025,):bool|p_hat:(191025,):float64|w180_days_buy:(191025,):float32|rec_buy:(191025,):float32|n_extra_b:():int64|n_early:():int64|cuts_clean:(20,):<U10|cuts_extra:(13,):<U10|cuts_early:(18,):<U10|mu_A:(191025,):float32|c_A:():float64|n_A:():int64|z_A_r200:(191025,):float32|z_A_r300:(191025,):float32|z_A_r450:(191025,):float32|z_A_r600:(191025,):float32|levels_clean:():<U660|diag_hold_resid:(559022,):float32|diag_hold_w180:(559022,):float32|diag_hold_cut:(559022,):<U10|diag_extra_resid:(887996,):float32|diag_extra_w180:(887996,):float32|diag_extra_cut:(887996,):<U10|mu_B_A:(191025,):float32|c_B_A:():float64|n_B_A:():int64|z_B_A_r200:(191025,):float32|z_B_A_r300:(191025,):float32|z_B_A_r450:(191025,):float32|z_B_A_r600:(191025,):float32|mu_B_B:(191025,):float32|c_B_B:():float64|n_B_B:():int64|z_B_B_r200:(191025,):float32|z_B_B_r300:(191025,):float32|z_B_B_r450:(191025,):float32|z_B_B_r600:(191025,):float32|mu_C:(191025,):float32|c_C:():float64|n_C:():int64|z_C_r200:(191025,):float32|z_C_r300:(191025,):float32|z_C_r450:(191025,):float32|z_C_r600:(191025,):float32",1786567814040558800,no,no
artifacts/S04_fold_2025-09-18_s43.npz,S04_fold_2025-09-18_s43.npz,.npz,fold_artifact,unclassified,10010872,35f10569ddcaad8141bd21de37c4e6c5bf29584a840072f6c2f4e0b0fdd37c9c,unknown,"arrays=val:():<U10|seed:():int64|rounds:():int64|user_id:(191025,):int64|y:(191025,):float64|group_b:(191025,):bool|p_hat:(191025,):float64|w180_days_buy:(191025,):float32|rec_buy:(191025,):float32|n_extra_b:():int64|n_early:():int64|cuts_clean:(20,):<U10|cuts_extra:(13,):<U10|cuts_early:(18,):<U10|mu_A:(191025,):float32|c_A:():float64|n_A:():int64|z_A_r200:(191025,):float32|z_A_r300:(191025,):float32|z_A_r450:(191025,):float32|z_A_r600:(191025,):float32|levels_clean:():<U660|mu_B_A:(191025,):float32|c_B_A:():float64|n_B_A:():int64|z_B_A_r200:(191025,):float32|z_B_A_r300:(191025,):float32|z_B_A_r450:(191025,):float32|z_B_A_r600:(191025,):float32",1786570628483428300,no,no
artifacts/S04_fold_2025-10-02_s42.npz,S04_fold_2025-10-02_s42.npz,.npz,fold_artifact,unclassified,23650529,f44e40b597f2b9e11a3f67c8ad543be15cd7256c1099aa6cd803ea5e4f198c1b,unknown,"arrays=val:():<U10|seed:():int64|rounds:():int64|user_id:(193694,):int64|y:(193694,):float64|group_b:(193694,):bool|p_hat:(193694,):float64|w180_days_buy:(193694,):float32|rec_buy:(193694,):float32|n_extra_b:():int64|n_early:():int64|cuts_clean:(22,):<U10|cuts_extra:(13,):<U10|cuts_early:(18,):<U10|mu_A:(193694,):float32|c_A:():float64|n_A:():int64|z_A_r200:(193694,):float32|z_A_r300:(193694,):float32|z_A_r450:(193694,):float32|z_A_r600:(193694,):float32|levels_clean:():<U726|diag_hold_resid:(438813,):float32|diag_hold_w180:(438813,):float32|diag_hold_cut:(438813,):<U10|diag_extra_resid:(887996,):float32|diag_extra_w180:(887996,):float32|diag_extra_cut:(887996,):<U10|mu_B_A:(193694,):float32|c_B_A:():float64|n_B_A:():int64|z_B_A_r200:(193694,):float32|z_B_A_r300:(193694,):float32|z_B_A_r450:(193694,):float32|z_B_A_r600:(193694,):float32|mu_B_B:(193694,):float32|c_B_B:():float64|n_B_B:():int64|z_B_B_r200:(193694,):float32|z_B_B_r300:(193694,):float32|z_B_B_r450:(193694,):float32|z_B_B_r600:(193694,):float32|mu_C:(193694,):float32|c_C:():float64|n_C:():int64|z_C_r200:(193694,):float32|z_C_r300:(193694,):float32|z_C_r450:(193694,):float32|z_C_r600:(193694,):float32",1786566337600738700,no,no
artifacts/S04_fold_2025-10-02_s43.npz,S04_fold_2025-10-02_s43.npz,.npz,fold_artifact,unclassified,10156029,ab1c546e65f6bdfff62e840cb7047d15ea7ebd1bf8ab4df031c3bd4d6f45e313,unknown,"arrays=val:():<U10|seed:():int64|rounds:():int64|user_id:(193694,):int64|y:(193694,):float64|group_b:(193694,):bool|p_hat:(193694,):float64|w180_days_buy:(193694,):float32|rec_buy:(193694,):float32|n_extra_b:():int64|n_early:():int64|cuts_clean:(22,):<U10|cuts_extra:(13,):<U10|cuts_early:(18,):<U10|mu_A:(193694,):float32|c_A:():float64|n_A:():int64|z_A_r200:(193694,):float32|z_A_r300:(193694,):float32|z_A_r450:(193694,):float32|z_A_r600:(193694,):float32|levels_clean:():<U726|mu_B_A:(193694,):float32|c_B_A:():float64|n_B_A:():int64|z_B_A_r200:(193694,):float32|z_B_A_r300:(193694,):float32|z_B_A_r450:(193694,):float32|z_B_A_r600:(193694,):float32",1786570173251037900,no,no
artifacts/S04_fold_2025-10-16_s42.npz,S04_fold_2025-10-16_s42.npz,.npz,fold_artifact,unclassified,23380134,0563ed7e0e23855d29a36c033bec59dffeaa8263001a7c6a02a4dc656b2f8290,unknown,"arrays=val:():<U10|seed:():int64|rounds:():int64|user_id:(197379,):int64|y:(197379,):float64|group_b:(197379,):bool|p_hat:(197379,):float64|w180_days_buy:(197379,):float32|rec_buy:(197379,):float32|n_extra_b:():int64|n_early:():int64|cuts_clean:(24,):<U10|cuts_extra:(13,):<U10|cuts_early:(18,):<U10|mu_A:(197379,):float32|c_A:():float64|n_A:():int64|z_A_r200:(197379,):float32|z_A_r300:(197379,):float32|z_A_r450:(197379,):float32|z_A_r600:(197379,):float32|levels_clean:():<U793|diag_hold_resid:(317196,):float32|diag_hold_w180:(317196,):float32|diag_hold_cut:(317196,):<U10|diag_extra_resid:(887996,):float32|diag_extra_w180:(887996,):float32|diag_extra_cut:(887996,):<U10|mu_B_A:(197379,):float32|c_B_A:():float64|n_B_A:():int64|z_B_A_r200:(197379,):float32|z_B_A_r300:(197379,):float32|z_B_A_r450:(197379,):float32|z_B_A_r600:(197379,):float32|mu_B_B:(197379,):float32|c_B_B:():float64|n_B_B:():int64|z_B_B_r200:(197379,):float32|z_B_B_r300:(197379,):float32|z_B_B_r450:(197379,):float32|z_B_B_r600:(197379,):float32|mu_C:(197379,):float32|c_C:():float64|n_C:():int64|z_C_r200:(197379,):float32|z_C_r300:(197379,):float32|z_C_r450:(197379,):float32|z_C_r600:(197379,):float32",1786563736232434000,no,no
artifacts/S04_fold_2025-10-16_s43.npz,S04_fold_2025-10-16_s43.npz,.npz,fold_artifact,unclassified,10350197,34a70631dc6b2cba1ada2e241d2f4e4feeb6120b76ef6595594c76a3b19fb814,unknown,"arrays=val:():<U10|seed:():int64|rounds:():int64|user_id:(197379,):int64|y:(197379,):float64|group_b:(197379,):bool|p_hat:(197379,):float64|w180_days_buy:(197379,):float32|rec_buy:(197379,):float32|n_extra_b:():int64|n_early:():int64|cuts_clean:(24,):<U10|cuts_extra:(13,):<U10|cuts_early:(18,):<U10|mu_A:(197379,):float32|c_A:():float64|n_A:():int64|z_A_r200:(197379,):float32|z_A_r300:(197379,):float32|z_A_r450:(197379,):float32|z_A_r600:(197379,):float32|levels_clean:():<U793|mu_B_A:(197379,):float32|c_B_A:():float64|n_B_A:():int64|z_B_A_r200:(197379,):float32|z_B_A_r300:(197379,):float32|z_B_A_r450:(197379,):float32|z_B_A_r600:(197379,):float32",1786569735326325300,no,no
artifacts/S04_fold_metrics_s42.csv,S04_fold_metrics_s42.csv,.csv,fold_artifact;metrics_or_diagnostics,run_metrics_or_diagnostics,1450,4e38cad8f2e8854da403996f26220080cc259f534b62f5cf3bee701851bbc97d,unknown,columns=variant|fold|n_groupA|rmsle|rmsle_cal|bias|mean_z|rmsle_cal_full,1786568923433480400,no,no
artifacts/S04_ptest_s42.npy,S04_ptest_s42.npy,.npy,test_prediction,test_prediction,2000128,0920590f1fad1e1e08bd3f681bdec434146d1ba3ca0f83d75c3e129056158425,unknown,"array=S04_ptest_s42:(250000,):float64",1786566926060754200,no,no
artifacts/sample_design_S1-SAMPLE-A-FINAL_curve.csv,sample_design_S1-SAMPLE-A-FINAL_curve.csv,.csv,metrics_or_diagnostics,run_metrics_or_diagnostics,4866,461133516bdc37db71e387b52369d6e68715f719bb63ab352849257d5f2a2383,unknown,columns=exp_id|train_blocks|seed|rounds|wcv|fold_cal|fold_scores|fold_bias|mean_z|oof_bias,1786536388722825800,no,no
artifacts/sample_design_S1-SAMPLE-A-S43_curve.csv,sample_design_S1-SAMPLE-A-S43_curve.csv,.csv,metrics_or_diagnostics,run_metrics_or_diagnostics,1115,4586e64435ba79c561076944822740476da377c94cddcbd7402de366e437c725,unknown,columns=exp_id|train_blocks|seed|rounds|wcv|fold_cal|fold_scores|fold_bias|mean_z|oof_bias,1786535299926173100,no,no
artifacts/sample_design_S1-SAMPLE-A-S44_curve.csv,sample_design_S1-SAMPLE-A-S44_curve.csv,.csv,metrics_or_diagnostics,run_metrics_or_diagnostics,1458,a2611052e5f87d0a2646e041a5802caf52f6a89f68cc8b422e68d6ced9605867,unknown,columns=exp_id|train_blocks|seed|rounds|wcv|fold_cal|fold_scores|fold_bias|mean_z|oof_bias,1786536181787642800,no,no
artifacts/sample_design_S1-SAMPLE-A_curve.csv,sample_design_S1-SAMPLE-A_curve.csv,.csv,metrics_or_diagnostics,run_metrics_or_diagnostics,4177,190892a3b87a3c3ea588f315674a9e70fa30d7833dbedc28bd8a077cd3957b9c,unknown,columns=exp_id|train_blocks|seed|rounds|wcv|fold_cal|fold_scores|fold_bias|mean_z|oof_bias,1786533861090790700,no,no
artifacts/test_BLOCK4_SAF.npz,test_BLOCK4_SAF.npz,.npz,test_prediction,test_prediction,6548761,38c684d69600c8a2ee0e7dad8a18a22d0891e1bda0762d321b0497d9e5db18ee,team_a:exp_039,"arrays=uid:(250000,):int64|z_base:(250000,):float32|q:(250000,):float32|nu_c:(250000,):float32|nu_f:(250000,):float32|delta_raw:(250000,):float32|delta:(250000,):float32|alpha:():float64|z_new:(250000,):float32",1787309046088403800,no,no
artifacts/ZERO2D_DIST_test.npz,ZERO2D_DIST_test.npz,.npz,test_prediction,test_prediction,7985288,ef3e528caa84a20c3a820a3fe4cbaccd455cbfc7e6175981d2d512538fd83e85,component_family:zero,"arrays=user_id:(250000,):int64|p0:(250000,):float64|p_act:(250000,):float64|z:(250000,):float64|z_ref:(250000,):float64|centroids:(16,):float64|max_abs_dz:():float64|mean_abs_dz:():float64|rmse_dz:():float64|correlation_z:():float64|mean_z:():float64|mean_z_ref:():float64|reference_reproduced:():bool|rounds:():int64|cuts:(29,):<U10|runtime_s:():float64",1787345326612466500,no,no
artifacts/ZERO2D_SHRINK_test.npz,ZERO2D_SHRINK_test.npz,.npz,test_prediction,test_prediction,4460763,0fa795b4c5a6be5cb0c720824d1a7bef5581c82fddac709903cf9f66c3f3df8e,component_family:zero,"arrays=user_id:(250000,):int64|p0:(250000,):float64|amount_bin:(250000,):int8|p0_bin:(250000,):int8|correction:(250000,):float64|z_final:(250000,):float64|eta:():float64|p0_edges:(4,):float64",1787345431846321700,no,no
artifacts/ztest_ETX-01-S42-DC.npy,ztest_ETX-01-S42-DC.npy,.npy,test_prediction,test_prediction,2000128,0bc1b1afce5806e9345c2903f3a31bf87ac825a26710d4c5ed1d87e292c5f96a,component_family:etx,"array=ztest_ETX-01-S42-DC:(250000,):float64",1787212708258743100,no,no
artifacts/ztest_ETX-01-S42-DCW.npy,ztest_ETX-01-S42-DCW.npy,.npy,test_prediction,test_prediction,2000128,2a9f9955503578fb48b959c7253f1d8a7de0c1ffb85704dfb2ff85253fea1c39,component_family:etx,"array=ztest_ETX-01-S42-DCW:(250000,):float64",1787213563301549200,no,no
artifacts/ztest_ETX-01-S42-FULL.npy,ztest_ETX-01-S42-FULL.npy,.npy,test_prediction,test_prediction,2000128,4015e2161760e63979414147cbdfadeb07dac81386013daffdd38b402cd4878c,component_family:etx,"array=ztest_ETX-01-S42-FULL:(250000,):float64",1787205961017064600,no,no
artifacts/ztest_ETX-01-S42.npy,ztest_ETX-01-S42.npy,.npy,test_prediction,test_prediction,2000128,11576380436f1fa1e1366f9f9abff196b42a6aa50fc43b548c7dc9dcb7c2e25f,component_family:etx,"array=ztest_ETX-01-S42:(250000,):float64",1787205961020102700,no,no
artifacts/ztest_ETX-01-S43-DCW.npy,ztest_ETX-01-S43-DCW.npy,.npy,test_prediction,test_prediction,2000128,eba71ea4cc7eb43958fa5b3fae9ae6812052643293677f85d8acac7b86283c04,component_family:etx,"array=ztest_ETX-01-S43-DCW:(250000,):float64",1787214724303422800,no,no
artifacts/ztest_ETX-01-S43-FULL.npy,ztest_ETX-01-S43-FULL.npy,.npy,test_prediction,test_prediction,2000128,db7312807848811da2ab60a39beb70317eccaa7192371fca46525f0b89f6071c,component_family:etx,"array=ztest_ETX-01-S43-FULL:(250000,):float64",1787228081717137800,no,no
artifacts/ztest_ETX-01-S43.npy,ztest_ETX-01-S43.npy,.npy,test_prediction,test_prediction,2000128,e4a330bf493f4c2abfc8cb20001fc9c048f614a3b6a6a462c60e63f1affe7f53,component_family:etx,"array=ztest_ETX-01-S43:(250000,):float64",1787228084582518200,no,no
artifacts/ztest_ETX-01-S44-DCW.npy,ztest_ETX-01-S44-DCW.npy,.npy,test_prediction,test_prediction,2000128,eb69c69fbabef0648ae555bcda4ada05d3ec3d7bbf8214b10fa2ebaab4a19c34,component_family:etx,"array=ztest_ETX-01-S44-DCW:(250000,):float64",1787217630567743000,no,no
artifacts/ztest_ETX-01-S44-FULL.npy,ztest_ETX-01-S44-FULL.npy,.npy,test_prediction,test_prediction,2000128,a80d9278a64a6e4c429c9499ad8f640bccdb03aa872bc4853e72c9387165c85a,component_family:etx,"array=ztest_ETX-01-S44-FULL:(250000,):float64",1787228088098750800,no,no
artifacts/ztest_ETX-01-S44.npy,ztest_ETX-01-S44.npy,.npy,test_prediction,test_prediction,2000128,506bd8325ad203dadaa303ec6903824f6928cfd07952363fa596aba1024be913,component_family:etx,"array=ztest_ETX-01-S44:(250000,):float64",1787228091187176700,no,no
artifacts/ztest_ETX-CKPT1016-DC.npy,ztest_ETX-CKPT1016-DC.npy,.npy,test_prediction,test_prediction,2000128,cdb8fe842e2c3407b809d2ab636970179100ffecff630ade6daecbbb6d869449,component_family:etx,"array=ztest_ETX-CKPT1016-DC:(250000,):float64",1787212890513502800,no,no
artifacts/ztest_EXP-MIN.npy,ztest_EXP-MIN.npy,.npy,test_prediction,test_prediction,2000128,aa50cdc6bf62a71bbd94d8d6a49aebe7638c51aa3856256eff38ef3ec3b960ab,unknown,"array=ztest_EXP-MIN:(250000,):float64",1786393623133118200,no,no
artifacts/ztest_EXP-SIM.npy,ztest_EXP-SIM.npy,.npy,test_prediction,test_prediction,2000128,1dffe4db3f188954c8c101545c7573f7bbbb57bc38cf9f982d145d8ec27117fd,unknown,"array=ztest_EXP-SIM:(250000,):float64",1786393652995994700,no,no
artifacts/ztest_HOLIDAY-YOY-FAST.npy,ztest_HOLIDAY-YOY-FAST.npy,.npy,test_prediction,test_prediction,2000128,35b6249bbdf387740bd50bb07eea57aacf0be79008b0f34fe0fdb5fed1ac3d2e,team_a:exp_023,"array=ztest_HOLIDAY-YOY-FAST:(250000,):float64",1786566258798317200,no,no
artifacts/ztest_L180_norm0_tb1.npy,ztest_L180_norm0_tb1.npy,.npy,test_prediction,test_prediction,2000128,2fb4925d1ebfe3084232a121d2a18a761acbc3858e1d448c06cff3bb1bd758cd,unknown,"array=ztest_L180_norm0_tb1:(250000,):float64",1786395830948341200,no,no
artifacts/ztest_L90_norm0_tb1.npy,ztest_L90_norm0_tb1.npy,.npy,test_prediction,test_prediction,2000128,a5f5787e0a67e5624c57d94ee8a5da055f1c64ad8149d6ff695be022f2a87237,unknown,"array=ztest_L90_norm0_tb1:(250000,):float64",1786397396145200500,no,no
artifacts/ztest_LNone_norm0_tb1.npy,ztest_LNone_norm0_tb1.npy,.npy,test_prediction,test_prediction,2000128,943c79326df403c5decc04c770ed467a33dd9aba0f5a074dded5f7fec41ead9e,unknown,"array=ztest_LNone_norm0_tb1:(250000,):float64",1786391846343985200,no,no
artifacts/ztest_RIDGE15.npy,ztest_RIDGE15.npy,.npy,test_prediction,test_prediction,2000128,a67fffe58c9e3f66cf8a29a605c6485d06e37f2fe080efa7d7581deab532c6f4,component_family:ridge,"array=ztest_RIDGE15:(250000,):float64",1787338733843332900,no,no
artifacts/ztest_S04-A.npy,ztest_S04-A.npy,.npy,test_prediction,test_prediction,2000128,9951fae01eb18dfebfc0e5d6f84711d64c5c155d44e4819f9cfcf7ca64dc6e24,unknown,"array=ztest_S04-A:(250000,):float64",1786567254857168000,no,no
artifacts/ztest_S04-B.npy,ztest_S04-B.npy,.npy,test_prediction,test_prediction,2000128,4ec5cc13f6bbf14eac4e00c2a2653731428188ca16c572858fd8b9586537b62f,unknown,"array=ztest_S04-B:(250000,):float64",1786567760609903500,no,no
artifacts/ztest_S1-CAP.npy,ztest_S1-CAP.npy,.npy,test_prediction,test_prediction,2000128,d6b3c59920d816cb54c5b65e7daf8de0cea3edc338bedb8ea78e3fb01086e7d9,unknown,"array=ztest_S1-CAP:(250000,):float64",1786390837412915900,no,no
artifacts/ztest_S1-DIST-F4.npy,ztest_S1-DIST-F4.npy,.npy,test_prediction,test_prediction,2000128,b9314e1c369ef72e3d92363351d43bc0b213220bf011921b8177d3f9166a41b4,unknown,"array=ztest_S1-DIST-F4:(250000,):float64",1786471696752900800,no,no
artifacts/ztest_S1-DIST.npy,ztest_S1-DIST.npy,.npy,test_prediction,test_prediction,2000128,ad974c09e0c97dedcc622877a5937f9d40c7f4f6604c7bb5eb08d3b7c73fe966,unknown,"array=ztest_S1-DIST:(250000,):float64",1786468807848739800,no,no
artifacts/ztest_S1-E11.npy,ztest_S1-E11.npy,.npy,test_prediction,test_prediction,2000128,d034754a33d0da88efe8c4834515decf78fd62ea11c03649d61faec097623d84,unknown,"array=ztest_S1-E11:(250000,):float64",1786473650303083400,no,no
artifacts/ztest_S1-NORM.npy,ztest_S1-NORM.npy,.npy,test_prediction,test_prediction,2000128,3f124bd8b74eccd267c3996ef0745b7acdd34f70985157fe9e399ffcf1884148,unknown,"array=ztest_S1-NORM:(250000,):float64",1786390159664378800,no,no
artifacts/ztest_S1-UNC.npy,ztest_S1-UNC.npy,.npy,test_prediction,test_prediction,2000128,c2a94114f709f8127f4d7ce61dea545a103e4e66851188d153a40d7bc2757773,unknown,"array=ztest_S1-UNC:(250000,):float64",1786390519556526200,no,no
artifacts/ztest_SEQ-01-FULL.npy,ztest_SEQ-01-FULL.npy,.npy,test_prediction,test_prediction,2000128,dceb8b7ccdbf1be733216fd57ab4542bbb40601975f4be92833134d069d5d4ee,component_family:seq;team_a:exp_025,"array=ztest_SEQ-01-FULL:(250000,):float64",1786623249562173500,no,no
artifacts/ztest_SEQ-01.npy,ztest_SEQ-01.npy,.npy,test_prediction,test_prediction,2000128,c20ae75cee1eef216ae86a6fa5f594850369cdd92d1a946675942481d194b630,component_family:seq;team_a:exp_025,"array=ztest_SEQ-01:(250000,):float64",1786623250800575900,no,no
artifacts/ztest_SEQ-C289-S43-FULL.npy,ztest_SEQ-C289-S43-FULL.npy,.npy,test_prediction,test_prediction,2000128,3b01945a64a6da9600ef0ad8d1841c6da0deecc50e31d3d7d140c29f1ab71c92,component_family:seq;team_a:exp_025,"array=ztest_SEQ-C289-S43-FULL:(250000,):float64",1787169343293297600,no,no
artifacts/ztest_SEQ-C289-S43.npy,ztest_SEQ-C289-S43.npy,.npy,test_prediction,test_prediction,2000128,66bdc5718af747ae0fd3059f18fa97395b4a5715d7085422064bb7d3a6ed022b,component_family:seq;team_a:exp_025,"array=ztest_SEQ-C289-S43:(250000,):float64",1787170835513460000,no,no
artifacts/ztest_SEQ-C289-S44-FULL.npy,ztest_SEQ-C289-S44-FULL.npy,.npy,test_prediction,test_prediction,2000128,040fe9879265b6f7be6dd4d22dd7dacff5b73793889cb254109a3624cbc74a5f,component_family:seq;team_a:exp_025,"array=ztest_SEQ-C289-S44-FULL:(250000,):float64",1787170872341937400,no,no
artifacts/ztest_SEQ-C289-S44.npy,ztest_SEQ-C289-S44.npy,.npy,test_prediction,test_prediction,2000128,7662569a90c9ff78c32b6126e09b2b4571a7b46e2d75047c5993c0eef25fd631,component_family:seq;team_a:exp_025,"array=ztest_SEQ-C289-S44:(250000,):float64",1787170847031363200,no,no
artifacts/ztest_SEQ-S43-FULL.npy,ztest_SEQ-S43-FULL.npy,.npy,test_prediction,test_prediction,2000128,a8ecf55f78148417b31fee54588f8481d0ce14ad550912fddb0627c97f2b14d6,component_family:seq;team_a:exp_025,"array=ztest_SEQ-S43-FULL:(250000,):float64",1786636980888525000,no,no
artifacts/ztest_SEQ-S44-FULL.npy,ztest_SEQ-S44-FULL.npy,.npy,test_prediction,test_prediction,2000128,632ccafbbb380c85cff71d1d1a588ab854d614a7263b7212c4afb5463263bf3a,component_family:seq;team_a:exp_025,"array=ztest_SEQ-S44-FULL:(250000,):float64",1786638650128893500,no,no
artifacts/ztest_TIER-A-DIRECT-AVG3-R300.npy,ztest_TIER-A-DIRECT-AVG3-R300.npy,.npy,test_prediction,test_prediction,2000128,5379cacdb75e9c7aa50a8ae84b2e2ca994346447e290d556353887730333bbab,unknown,"array=ztest_TIER-A-DIRECT-AVG3-R300:(250000,):float64",1786540329427973900,no,no
artifacts/ztest_ZERO2D_SHRINK.npy,ztest_ZERO2D_SHRINK.npy,.npy,test_prediction,test_prediction,2000128,af90df1b4cefd5d5fc382cf643f581e0f52ecc8a6fcd70e6e523d976c195016b,component_family:zero,"array=ztest_ZERO2D_SHRINK:(250000,):float64",1787345431332703300,no,no
data/processed/BLOCK4_SAF_future_20250403.parquet,BLOCK4_SAF_future_20250403.parquet,.parquet,dataset,source_or_derived_dataset,1062225,9e5b85737bfb0c6f1165f6680742613481bf33ef95b521d12c12b43de5f41166,team_a:exp_039,rows=200801;row_groups=3;columns=user_id|activity|y,1787306696130680600,no,no
data/processed/BLOCK4_SAF_future_20250410.parquet,BLOCK4_SAF_future_20250410.parquet,.parquet,dataset,source_or_derived_dataset,1064661,b136ed21037e9f41f2c8ba6efb695bd2bcb87e3703ac954ad3054a651be352da,team_a:exp_039,rows=200998;row_groups=3;columns=user_id|activity|y,1787306696175747700,no,no
data/processed/BLOCK4_SAF_future_20250417.parquet,BLOCK4_SAF_future_20250417.parquet,.parquet,dataset,source_or_derived_dataset,1069040,044a5268d16413a3fbf860196d1ce8aa67ec881d77d8dab319f90e0cb399460c,team_a:exp_039,rows=201614;row_groups=3;columns=user_id|activity|y,1787306696220861600,no,no
data/processed/BLOCK4_SAF_future_20250424.parquet,BLOCK4_SAF_future_20250424.parquet,.parquet,dataset,source_or_derived_dataset,1074907,7dee0fd9f24229122290a18ef166d0edee6bc3500c30515f35d4df5a567222bb,team_a:exp_039,rows=202604;row_groups=3;columns=user_id|activity|y,1787306696265874900,no,no
data/processed/BLOCK4_SAF_future_20250501.parquet,BLOCK4_SAF_future_20250501.parquet,.parquet,dataset,source_or_derived_dataset,1081350,65ed5b663d23bede32f7da6e6f9aa2430a27c8e4495617e4b7d8ef4271912f78,team_a:exp_039,rows=203439;row_groups=3;columns=user_id|activity|y,1787306696308989300,no,no
data/processed/BLOCK4_SAF_future_20250508.parquet,BLOCK4_SAF_future_20250508.parquet,.parquet,dataset,source_or_derived_dataset,1103085,8248e3432b4d0b4e9f0899b50fc9f7cda18f794c913d8d761291f235965f06c1,team_a:exp_039,rows=204237;row_groups=3;columns=user_id|activity|y,1787306696352206600,no,no
data/processed/BLOCK4_SAF_future_20250515.parquet,BLOCK4_SAF_future_20250515.parquet,.parquet,dataset,source_or_derived_dataset,1105352,01271abbe44ed2349cf4d6f7835579486b18e7f93f59f3d830afd17a9eb902c0,team_a:exp_039,rows=205221;row_groups=3;columns=user_id|activity|y,1787306696395888700,no,no
data/processed/BLOCK4_SAF_future_20250522.parquet,BLOCK4_SAF_future_20250522.parquet,.parquet,dataset,source_or_derived_dataset,1113780,f8bc46f872b6f247783b0f7ab8095866315c7c5937e356e8a7a37394e5e7ff6b,team_a:exp_039,rows=205883;row_groups=3;columns=user_id|activity|y,1787306696442710400,no,no
data/processed/BLOCK4_SAF_future_20250529.parquet,BLOCK4_SAF_future_20250529.parquet,.parquet,dataset,source_or_derived_dataset,1123209,901964b231f654401e1307b172745dfb3f062d527440d29c1b30c48304e7c565,team_a:exp_039,rows=206410;row_groups=3;columns=user_id|activity|y,1787306696489570400,no,no
data/processed/BLOCK4_SAF_future_20250605.parquet,BLOCK4_SAF_future_20250605.parquet,.parquet,dataset,source_or_derived_dataset,1133553,2a09a6eb38a75accacf21a399fccb89987b6ab255a5fa283d0cda093252e8be0,team_a:exp_039,rows=207076;row_groups=3;columns=user_id|activity|y,1787306696537039700,no,no
data/processed/BLOCK4_SAF_future_20250612.parquet,BLOCK4_SAF_future_20250612.parquet,.parquet,dataset,source_or_derived_dataset,1139501,099fd80dbfe41a1a1b85fe949b28eaa499af7768b7cd17ad4d3fb8f0db191388,team_a:exp_039,rows=207708;row_groups=3;columns=user_id|activity|y,1787306696587220800,no,no
data/processed/BLOCK4_SAF_future_20250619.parquet,BLOCK4_SAF_future_20250619.parquet,.parquet,dataset,source_or_derived_dataset,1150282,0261eac3976c27202046a2341dbc06936ac5dc5a6c2063cf64b8f92e283b5a00,team_a:exp_039,rows=208343;row_groups=3;columns=user_id|activity|y,1787306696638533200,no,no
data/processed/BLOCK4_SAF_future_20250626.parquet,BLOCK4_SAF_future_20250626.parquet,.parquet,dataset,source_or_derived_dataset,1159618,87092439aef6665e1baee8b25d094d6b2b2c9a2fe99a13eb2339d9b5ac6e0942,team_a:exp_039,rows=209075;row_groups=3;columns=user_id|activity|y,1787306696688284600,no,no
data/processed/BLOCK4_SAF_future_20250703.parquet,BLOCK4_SAF_future_20250703.parquet,.parquet,dataset,source_or_derived_dataset,1170282,888296df6d329636e12a187ec7f846505b27381c513339a3aaaa8ec6ad399cf7,team_a:exp_039,rows=209988;row_groups=3;columns=user_id|activity|y,1787306696736951200,no,no
data/processed/BLOCK4_SAF_future_20250706.parquet,BLOCK4_SAF_future_20250706.parquet,.parquet,dataset,source_or_derived_dataset,1176497,06ced7fedd3be550e3f37b9fe0395aee7ca0ab78db91b46a4746958500520bed,team_a:exp_039,rows=210639;row_groups=3;columns=user_id|activity|y,1787306696782818800,no,no
data/processed/BLOCK4_SAF_future_20250710.parquet,BLOCK4_SAF_future_20250710.parquet,.parquet,dataset,source_or_derived_dataset,1182183,8a597c7bf5742860324b74293a6dd7c599586fcb620c2acf4b88bab6bc1b4e8c,team_a:exp_039,rows=211238;row_groups=3;columns=user_id|activity|y,1787306696827331800,no,no
data/processed/BLOCK4_SAF_future_20250717.parquet,BLOCK4_SAF_future_20250717.parquet,.parquet,dataset,source_or_derived_dataset,1196455,a134c09526445a0ddf4046b3360b246c47362cee40f7f3563e65c2bbeaec6106,team_a:exp_039,rows=212553;row_groups=3;columns=user_id|activity|y,1787306696874820900,no,no
data/processed/BLOCK4_SAF_future_20250720.parquet,BLOCK4_SAF_future_20250720.parquet,.parquet,dataset,source_or_derived_dataset,1218494,5f334b5da5a7c8f9376933bae0a5668685e5f5e098d46a06a238614aa0865d1b,team_a:exp_039,rows=213385;row_groups=3;columns=user_id|activity|y,1787306696920778600,no,no
data/processed/BLOCK4_SAF_future_20250724.parquet,BLOCK4_SAF_future_20250724.parquet,.parquet,dataset,source_or_derived_dataset,1214943,6b9da8d97abbd4fc5db5a12b0f5b5fb68e0252fd926b38b8f1aff8420d216d31,team_a:exp_039,rows=214090;row_groups=3;columns=user_id|activity|y,1787306696969365200,no,no
data/processed/BLOCK4_SAF_future_20250731.parquet,BLOCK4_SAF_future_20250731.parquet,.parquet,dataset,source_or_derived_dataset,1234795,32238ab52f834d7dc0691e979cd89965884b924047de89da33af0ef414b3cc70,team_a:exp_039,rows=215521;row_groups=3;columns=user_id|activity|y,1787306697016195800,no,no
data/processed/BLOCK4_SAF_future_20250803.parquet,BLOCK4_SAF_future_20250803.parquet,.parquet,dataset,source_or_derived_dataset,1241473,14d360f2e529d4231616042a8c632507d8b54f0a77ec12978b24b588192e5a82,team_a:exp_039,rows=216088;row_groups=3;columns=user_id|activity|y,1787306697064437700,no,no
data/processed/BLOCK4_SAF_future_20250805.parquet,BLOCK4_SAF_future_20250805.parquet,.parquet,dataset,source_or_derived_dataset,1244526,9dbfc0ce71ee90585048ca5e514ff6e34059cb915480932749bdf191e336c223,team_a:exp_039,rows=216510;row_groups=3;columns=user_id|activity|y,1787306697121957200,no,no
data/processed/BLOCK4_SAF_future_20250807.parquet,BLOCK4_SAF_future_20250807.parquet,.parquet,dataset,source_or_derived_dataset,1243964,9f3c2824f90f8357582ffd8dab50debf178171fbf2a66fc8484bf58191fc76ee,team_a:exp_039,rows=216651;row_groups=3;columns=user_id|activity|y,1787306697176984400,no,no
data/processed/BLOCK4_SAF_future_20250814.parquet,BLOCK4_SAF_future_20250814.parquet,.parquet,dataset,source_or_derived_dataset,1247687,cf18cda2c474b583dbd580ae6e6abad7c1a143b6c65b9a7b9eb212da0fc80dc2,team_a:exp_039,rows=218035;row_groups=3;columns=user_id|activity|y,1787306697230677200,no,no
data/processed/BLOCK4_SAF_future_20250817.parquet,BLOCK4_SAF_future_20250817.parquet,.parquet,dataset,source_or_derived_dataset,1251757,6e6cb8fe069dc35eb75bfc627932a94324c64ae6e924a7bc1ea9397c624e9ea2,team_a:exp_039,rows=218793;row_groups=3;columns=user_id|activity|y,1787306697284849700,no,no
data/processed/BLOCK4_SAF_future_20250819.parquet,BLOCK4_SAF_future_20250819.parquet,.parquet,dataset,source_or_derived_dataset,1253536,6e99244c55b1f65b724e316b2dbddd42dcef062612247c45877a4978d1badced,team_a:exp_039,rows=219167;row_groups=3;columns=user_id|activity|y,1787306697339170100,no,no
data/processed/BLOCK4_SAF_future_20250821.parquet,BLOCK4_SAF_future_20250821.parquet,.parquet,dataset,source_or_derived_dataset,1251714,46fa15c6c497fa93d37320e96ce2b1ee4aa3c47da1937967ea2afd9347d172f2,team_a:exp_039,rows=219447;row_groups=3;columns=user_id|activity|y,1787306697395504100,no,no
data/processed/BLOCK4_SAF_future_20250828.parquet,BLOCK4_SAF_future_20250828.parquet,.parquet,dataset,source_or_derived_dataset,1251892,290ec16d6bc5274fbef74845c493c1783266e59c224950cb25ca025e077f2b3a,team_a:exp_039,rows=220782;row_groups=3;columns=user_id|activity|y,1787306697451899300,no,no
data/processed/BLOCK4_SAF_future_20250902.parquet,BLOCK4_SAF_future_20250902.parquet,.parquet,dataset,source_or_derived_dataset,1259172,d53f9b8ea236203bdee261b9e8c904d68127d8448baa6f239264b9b071225d11,team_a:exp_039,rows=222054;row_groups=3;columns=user_id|activity|y,1787306697510382300,no,no
data/processed/BLOCK4_SAF_future_20250904.parquet,BLOCK4_SAF_future_20250904.parquet,.parquet,dataset,source_or_derived_dataset,1257957,2b4b3da34427369bca601cd9cec32e50ebb94f60af792629ca10c62c61fa3c61,team_a:exp_039,rows=222354;row_groups=3;columns=user_id|activity|y,1787306697565468800,no,no
data/processed/BLOCK4_SAF_future_20250911.parquet,BLOCK4_SAF_future_20250911.parquet,.parquet,dataset,source_or_derived_dataset,1273164,4bbb73e7699ee32b2226ce45263c265db6c5252eb18b262e261f00b1835c285b,team_a:exp_039,rows=223958;row_groups=3;columns=user_id|activity|y,1787306697617424200,no,no
data/processed/BLOCK4_SAF_future_20250916.parquet,BLOCK4_SAF_future_20250916.parquet,.parquet,dataset,source_or_derived_dataset,1290441,a14c156fbb8b509d378d3e55a4ad3028974d61845619b8d674e90713802fa7e6,team_a:exp_039,rows=225431;row_groups=3;columns=user_id|activity|y,1787306697666935400,no,no
data/processed/BLOCK4_SAF_future_20250918.parquet,BLOCK4_SAF_future_20250918.parquet,.parquet,dataset,source_or_derived_dataset,1291797,fe5915ea0e42cca730e3c788ad99aa6905b35427a7a90712e3bcaf52a98ae370,team_a:exp_039,rows=225764;row_groups=3;columns=user_id|activity|y,1787306697725065400,no,no
data/processed/BLOCK4_SAF_future_20250925.parquet,BLOCK4_SAF_future_20250925.parquet,.parquet,dataset,source_or_derived_dataset,1302530,de1c705891cdde61bcb9b55110ee5e44e79b26b9c14ca4eac4295b76134ba906,team_a:exp_039,rows=227577;row_groups=3;columns=user_id|activity|y,1787306697819843200,no,no
data/processed/BLOCK4_SAF_future_20251002.parquet,BLOCK4_SAF_future_20251002.parquet,.parquet,dataset,source_or_derived_dataset,1312836,8c14e6b4734562727c73c20a497374ca10192dbf357a74e93dd6f828d6b46b65,team_a:exp_039,rows=229319;row_groups=3;columns=user_id|activity|y,1787306697886947100,no,no
data/processed/BLOCK4_SAF_future_20251009.parquet,BLOCK4_SAF_future_20251009.parquet,.parquet,dataset,source_or_derived_dataset,1334858,33a0e7f2331f2f003a7b4ab3bcc44d82115a85b9959091c481f05549b7c1afab,team_a:exp_039,rows=231068;row_groups=3;columns=user_id|activity|y,1787306697949595900,no,no
data/processed/BLOCK4_SAF_future_20251016.parquet,BLOCK4_SAF_future_20251016.parquet,.parquet,dataset,source_or_derived_dataset,1335609,4d87cdf97de185c748fafdf83134fcbc60cf0cd2643f68086e15f517b8e95d9d,team_a:exp_039,rows=233152;row_groups=3;columns=user_id|activity|y,1787306698013761800,no,no
data/processed/BLOCK4_SAF_future_20251115.parquet,BLOCK4_SAF_future_20251115.parquet,.parquet,dataset,source_or_derived_dataset,1421802,3a68a28451f4c979d68313bcf8d3c6c58176cbd942332475bc19c600d5546ef6,team_a:exp_039,rows=250000;row_groups=3;columns=user_id|activity|y,1787306698074808200,no,no
data/processed/BLOCK4_SAF_future_20251215.parquet,BLOCK4_SAF_future_20251215.parquet,.parquet,dataset,source_or_derived_dataset,1422692,7429a4920a8c8a04abedeb5591ec9a12177aa45cb025435699e6bca53bd99d28,team_a:exp_039,rows=250000;row_groups=3;columns=user_id|activity|y,1787306698147396400,no,no
data/processed/BLOCK4_SAF_future_20260114.parquet,BLOCK4_SAF_future_20260114.parquet,.parquet,dataset,source_or_derived_dataset,1381852,3a7156951668b6fb9e492f3289c70a8b86f388536301bedc75a808e92fe263eb,team_a:exp_039,rows=250000;row_groups=3;columns=user_id|activity|y,1787306698206852500,no,no
data/processed/etx_ev_day_v1.npy,etx_ev_day_v1.npy,.npy,dataset,source_or_derived_dataset,61262140,c35e5b176c042a5ecc190399775e499825ab6f47b24997961f947a2215ca9fe6,component_family:etx,"array=etx_ev_day_v1:(30631006,):int16",1787172928054107300,no,no
data/processed/etx_ev_ptr_v1.npy,etx_ev_ptr_v1.npy,.npy,dataset,source_or_derived_dataset,2000136,2a8b1f92ec4e6d872edc2bc800d9c0d8d2e95665007352f5af4a77df106f08c3,component_family:etx,"array=etx_ev_ptr_v1:(250001,):int64",1787172928055700200,no,no
data/processed/etx_ev_x_v1.npy,etx_ev_x_v1.npy,.npy,dataset,source_or_derived_dataset,857668296,5047a8bee9a38c99354164bbe83171fbb32eeb42a33ee84668ad5d22344a05fd,component_family:etx,"array=etx_ev_x_v1:(30631006, 14):float16",1787172925541154200,no,no
data/processed/feat_20250213_L180.parquet,feat_20250213_L180.parquet,.parquet,dataset,source_or_derived_dataset,64771898,9b2287075f270d8714ce99943cfad1cdd0eb40f8293ceb1d643c636792acb431,unknown,rows=197871;row_groups=2;columns=user_id|w7_days_present|w7_days_search|w7_days_cat|w7_days_buy|w7_days_cart|w7_days_presence_only|w7_searches|w7_carts|w7_orders|w7_gmv|w7_gmv_cat|w7_gmv_max|w7_lgmv_mean|w7_lgmv_std|w14_days_present|w14_days_search|w14_days_cat|w14_days_buy|w14_days_cart|w14_days_presence_only|w14_searches|w14_carts|w14_orders|w14_gmv|w14_gmv_cat|w14_gmv_max|w14_lgmv_mean|w14_lgmv_std|w30_days_present|w30_days_search|w30_days_cat|w30_days_buy|w30_days_cart|w30_days_presence_only|w30_searches|w30_carts|w30_orders|w30_gmv|w30_gmv_cat|w30_gmv_max|w30_lgmv_mean|w30_lgmv_std|w60_days_present|w60_days_search|w60_days_cat|w60_days_buy|w60_days_cart|w60_days_presence_only|w60_searches|w60_carts|w60_orders|w60_gmv|w60_gmv_cat|w60_gmv_max|w60_lgmv_mean|w60_lgmv_std|w90_days_present|w90_days_search|w90_days_cat|w90_days_buy|w90_days_cart|w90_days_presence_only|w90_searches|w90_carts|w90_orders|w90_gmv|w90_gmv_cat|w90_gmv_max|w90_lgmv_mean|w90_lgmv_std|w180_days_present|w180_days_search|w180_days_cat|w180_days_buy|w180_days_cart|w180_days_presence_only|w180_searches|w180_carts|w180_orders|w180_gmv|w180_gmv_cat|w180_gmv_max|w180_lgmv_mean|w180_lgmv_std|rec_any|rec_search|rec_cart|rec_buy|rec_cat|gap_mean|gap_std|gap_max|buygap_mean|buygap_std|weekend_share|w7_aov|w7_gmv_per_day|w7_cart2ord|w7_srch2cart|w7_buyday_rate|w7_presence_rate|w7_ponly_share|w7_cat_gmv_share|w7_srch_per_day|w7_lgmv|w7_gmv30eq|w14_aov|w14_gmv_per_day|w14_cart2ord|w14_srch2cart|w14_buyday_rate|w14_presence_rate|w14_ponly_share|w14_cat_gmv_share|w14_srch_per_day|w14_lgmv|w14_gmv30eq|w30_aov|w30_gmv_per_day,1786441664003254900,no,no
data/processed/feat_20250401_LnormNone.parquet,feat_20250401_LnormNone.parquet,.parquet,dataset,source_or_derived_dataset,100166897,208bedd758eb0aef3119d3027878b883d49c2e94cf7ae15af98d9c8e25151d9a,unknown,rows=213021;row_groups=2;columns=user_id|w7_days_present|w7_days_search|w7_days_cat|w7_days_buy|w7_days_cart|w7_days_presence_only|w7_searches|w7_carts|w7_orders|w7_gmv|w7_gmv_cat|w7_gmv_max|w7_lgmv_mean|w7_lgmv_std|w14_days_present|w14_days_search|w14_days_cat|w14_days_buy|w14_days_cart|w14_days_presence_only|w14_searches|w14_carts|w14_orders|w14_gmv|w14_gmv_cat|w14_gmv_max|w14_lgmv_mean|w14_lgmv_std|w30_days_present|w30_days_search|w30_days_cat|w30_days_buy|w30_days_cart|w30_days_presence_only|w30_searches|w30_carts|w30_orders|w30_gmv|w30_gmv_cat|w30_gmv_max|w30_lgmv_mean|w30_lgmv_std|w60_days_present|w60_days_search|w60_days_cat|w60_days_buy|w60_days_cart|w60_days_presence_only|w60_searches|w60_carts|w60_orders|w60_gmv|w60_gmv_cat|w60_gmv_max|w60_lgmv_mean|w60_lgmv_std|w90_days_present|w90_days_search|w90_days_cat|w90_days_buy|w90_days_cart|w90_days_presence_only|w90_searches|w90_carts|w90_orders|w90_gmv|w90_gmv_cat|w90_gmv_max|w90_lgmv_mean|w90_lgmv_std|w180_days_present|w180_days_search|w180_days_cat|w180_days_buy|w180_days_cart|w180_days_presence_only|w180_searches|w180_carts|w180_orders|w180_gmv|w180_gmv_cat|w180_gmv_max|w180_lgmv_mean|w180_lgmv_std|w365_days_present|w365_days_search|w365_days_cat|w365_days_buy|w365_days_cart|w365_days_presence_only|w365_searches|w365_carts|w365_orders|w365_gmv|w365_gmv_cat|w365_gmv_max|w365_lgmv_mean|w365_lgmv_std|rec_any|rec_search|rec_cart|rec_buy|rec_cat|gap_mean|gap_std|buygap_mean|buygap_std|weekend_share|tenure_frac|first_buy_frac|gap_max_frac|w7_aov|w7_gmv_per_day|w7_cart2ord|w7_srch2cart|w7_buyday_rate|w7_presence_rate|w7_ponly_share|w7_cat_gmv_share,1786554305214390700,no,no
data/processed/feat_20250403_L180.parquet,feat_20250403_L180.parquet,.parquet,dataset,source_or_derived_dataset,82113488,f433214940643c08712167e063bf107fbce3d23a6e131025be8f0c184385f846,unknown,rows=213414;row_groups=2;columns=user_id|w7_days_present|w7_days_search|w7_days_cat|w7_days_buy|w7_days_cart|w7_days_presence_only|w7_searches|w7_carts|w7_orders|w7_gmv|w7_gmv_cat|w7_gmv_max|w7_lgmv_mean|w7_lgmv_std|w14_days_present|w14_days_search|w14_days_cat|w14_days_buy|w14_days_cart|w14_days_presence_only|w14_searches|w14_carts|w14_orders|w14_gmv|w14_gmv_cat|w14_gmv_max|w14_lgmv_mean|w14_lgmv_std|w30_days_present|w30_days_search|w30_days_cat|w30_days_buy|w30_days_cart|w30_days_presence_only|w30_searches|w30_carts|w30_orders|w30_gmv|w30_gmv_cat|w30_gmv_max|w30_lgmv_mean|w30_lgmv_std|w60_days_present|w60_days_search|w60_days_cat|w60_days_buy|w60_days_cart|w60_days_presence_only|w60_searches|w60_carts|w60_orders|w60_gmv|w60_gmv_cat|w60_gmv_max|w60_lgmv_mean|w60_lgmv_std|w90_days_present|w90_days_search|w90_days_cat|w90_days_buy|w90_days_cart|w90_days_presence_only|w90_searches|w90_carts|w90_orders|w90_gmv|w90_gmv_cat|w90_gmv_max|w90_lgmv_mean|w90_lgmv_std|w180_days_present|w180_days_search|w180_days_cat|w180_days_buy|w180_days_cart|w180_days_presence_only|w180_searches|w180_carts|w180_orders|w180_gmv|w180_gmv_cat|w180_gmv_max|w180_lgmv_mean|w180_lgmv_std|rec_any|rec_search|rec_cart|rec_buy|rec_cat|gap_mean|gap_std|gap_max|buygap_mean|buygap_std|weekend_share|w7_aov|w7_gmv_per_day|w7_cart2ord|w7_srch2cart|w7_buyday_rate|w7_presence_rate|w7_ponly_share|w7_cat_gmv_share|w7_srch_per_day|w7_lgmv|w7_gmv30eq|w14_aov|w14_gmv_per_day|w14_cart2ord|w14_srch2cart|w14_buyday_rate|w14_presence_rate|w14_ponly_share|w14_cat_gmv_share|w14_srch_per_day|w14_lgmv|w14_gmv30eq|w30_aov|w30_gmv_per_day,1786384222516782900,no,no
data/processed/feat_20250403_L270.parquet,feat_20250403_L270.parquet,.parquet,dataset,source_or_derived_dataset,97841207,79ec16cb8fc3b44734dbb5929a3ea520a674a655b7da9bd19c51a36489016630,unknown,rows=213414;row_groups=2;columns=user_id|w7_days_present|w7_days_search|w7_days_cat|w7_days_buy|w7_days_cart|w7_days_presence_only|w7_searches|w7_carts|w7_orders|w7_gmv|w7_gmv_cat|w7_gmv_max|w7_lgmv_mean|w7_lgmv_std|w14_days_present|w14_days_search|w14_days_cat|w14_days_buy|w14_days_cart|w14_days_presence_only|w14_searches|w14_carts|w14_orders|w14_gmv|w14_gmv_cat|w14_gmv_max|w14_lgmv_mean|w14_lgmv_std|w30_days_present|w30_days_search|w30_days_cat|w30_days_buy|w30_days_cart|w30_days_presence_only|w30_searches|w30_carts|w30_orders|w30_gmv|w30_gmv_cat|w30_gmv_max|w30_lgmv_mean|w30_lgmv_std|w60_days_present|w60_days_search|w60_days_cat|w60_days_buy|w60_days_cart|w60_days_presence_only|w60_searches|w60_carts|w60_orders|w60_gmv|w60_gmv_cat|w60_gmv_max|w60_lgmv_mean|w60_lgmv_std|w90_days_present|w90_days_search|w90_days_cat|w90_days_buy|w90_days_cart|w90_days_presence_only|w90_searches|w90_carts|w90_orders|w90_gmv|w90_gmv_cat|w90_gmv_max|w90_lgmv_mean|w90_lgmv_std|w180_days_present|w180_days_search|w180_days_cat|w180_days_buy|w180_days_cart|w180_days_presence_only|w180_searches|w180_carts|w180_orders|w180_gmv|w180_gmv_cat|w180_gmv_max|w180_lgmv_mean|w180_lgmv_std|w270_days_present|w270_days_search|w270_days_cat|w270_days_buy|w270_days_cart|w270_days_presence_only|w270_searches|w270_carts|w270_orders|w270_gmv|w270_gmv_cat|w270_gmv_max|w270_lgmv_mean|w270_lgmv_std|rec_any|rec_search|rec_cart|rec_buy|rec_cat|gap_mean|gap_std|gap_max|buygap_mean|buygap_std|weekend_share|w7_aov|w7_gmv_per_day|w7_cart2ord|w7_srch2cart|w7_buyday_rate|w7_presence_rate|w7_ponly_share|w7_cat_gmv_share|w7_srch_per_day|w7_lgmv,1786384478178997000,no,no
data/processed/feat_20250403_L90.parquet,feat_20250403_L90.parquet,.parquet,dataset,source_or_derived_dataset,65123509,fbf1d06e6a64c63dd85816d4d4a0c0bf4fc7cb9eb78cadcafb66a0a159ac54dd,unknown,rows=213167;row_groups=2;columns=user_id|w7_days_present|w7_days_search|w7_days_cat|w7_days_buy|w7_days_cart|w7_days_presence_only|w7_searches|w7_carts|w7_orders|w7_gmv|w7_gmv_cat|w7_gmv_max|w7_lgmv_mean|w7_lgmv_std|w14_days_present|w14_days_search|w14_days_cat|w14_days_buy|w14_days_cart|w14_days_presence_only|w14_searches|w14_carts|w14_orders|w14_gmv|w14_gmv_cat|w14_gmv_max|w14_lgmv_mean|w14_lgmv_std|w30_days_present|w30_days_search|w30_days_cat|w30_days_buy|w30_days_cart|w30_days_presence_only|w30_searches|w30_carts|w30_orders|w30_gmv|w30_gmv_cat|w30_gmv_max|w30_lgmv_mean|w30_lgmv_std|w60_days_present|w60_days_search|w60_days_cat|w60_days_buy|w60_days_cart|w60_days_presence_only|w60_searches|w60_carts|w60_orders|w60_gmv|w60_gmv_cat|w60_gmv_max|w60_lgmv_mean|w60_lgmv_std|w90_days_present|w90_days_search|w90_days_cat|w90_days_buy|w90_days_cart|w90_days_presence_only|w90_searches|w90_carts|w90_orders|w90_gmv|w90_gmv_cat|w90_gmv_max|w90_lgmv_mean|w90_lgmv_std|rec_any|rec_search|rec_cart|rec_buy|rec_cat|gap_mean|gap_std|gap_max|buygap_mean|buygap_std|weekend_share|w7_aov|w7_gmv_per_day|w7_cart2ord|w7_srch2cart|w7_buyday_rate|w7_presence_rate|w7_ponly_share|w7_cat_gmv_share|w7_srch_per_day|w7_lgmv|w7_gmv30eq|w14_aov|w14_gmv_per_day|w14_cart2ord|w14_srch2cart|w14_buyday_rate|w14_presence_rate|w14_ponly_share|w14_cat_gmv_share|w14_srch_per_day|w14_lgmv|w14_gmv30eq|w30_aov|w30_gmv_per_day|w30_cart2ord|w30_srch2cart|w30_buyday_rate|w30_presence_rate|w30_ponly_share|w30_cat_gmv_share|w30_srch_per_day|w30_lgmv|w30_gmv30eq|w60_aov|w60_gmv_per_day|w60_cart2ord|w60_srch2cart|w60_buyday_rate,1786384318104788400,no,no
data/processed/feat_20250403_LNone.parquet,feat_20250403_LNone.parquet,.parquet,dataset,source_or_derived_dataset,103801100,2dfd156dd06ce4f76ee0877784bf19c69fa32085dc695a49ec6979fb887502c9,unknown,rows=213414;row_groups=2;columns=user_id|w7_days_present|w7_days_search|w7_days_cat|w7_days_buy|w7_days_cart|w7_days_presence_only|w7_searches|w7_carts|w7_orders|w7_gmv|w7_gmv_cat|w7_gmv_max|w7_lgmv_mean|w7_lgmv_std|w14_days_present|w14_days_search|w14_days_cat|w14_days_buy|w14_days_cart|w14_days_presence_only|w14_searches|w14_carts|w14_orders|w14_gmv|w14_gmv_cat|w14_gmv_max|w14_lgmv_mean|w14_lgmv_std|w30_days_present|w30_days_search|w30_days_cat|w30_days_buy|w30_days_cart|w30_days_presence_only|w30_searches|w30_carts|w30_orders|w30_gmv|w30_gmv_cat|w30_gmv_max|w30_lgmv_mean|w30_lgmv_std|w60_days_present|w60_days_search|w60_days_cat|w60_days_buy|w60_days_cart|w60_days_presence_only|w60_searches|w60_carts|w60_orders|w60_gmv|w60_gmv_cat|w60_gmv_max|w60_lgmv_mean|w60_lgmv_std|w90_days_present|w90_days_search|w90_days_cat|w90_days_buy|w90_days_cart|w90_days_presence_only|w90_searches|w90_carts|w90_orders|w90_gmv|w90_gmv_cat|w90_gmv_max|w90_lgmv_mean|w90_lgmv_std|w180_days_present|w180_days_search|w180_days_cat|w180_days_buy|w180_days_cart|w180_days_presence_only|w180_searches|w180_carts|w180_orders|w180_gmv|w180_gmv_cat|w180_gmv_max|w180_lgmv_mean|w180_lgmv_std|w365_days_present|w365_days_search|w365_days_cat|w365_days_buy|w365_days_cart|w365_days_presence_only|w365_searches|w365_carts|w365_orders|w365_gmv|w365_gmv_cat|w365_gmv_max|w365_lgmv_mean|w365_lgmv_std|rec_any|rec_search|rec_cart|rec_buy|rec_cat|tenure|first_buy_age|all_days_present|all_days_buy|all_gmv|all_orders|all_searches|gap_mean|gap_std|gap_max|buygap_mean|buygap_std|weekend_share|w7_aov|w7_gmv_per_day|w7_cart2ord,1786384375503474200,no,no
data/processed/feat_20250403_LnormNone.parquet,feat_20250403_LnormNone.parquet,.parquet,dataset,source_or_derived_dataset,100682580,82362fbb86c2d675e9db4a5da4f77373331ba9ad05650206348061ae8b95aac0,unknown,rows=213414;row_groups=2;columns=user_id|w7_days_present|w7_days_search|w7_days_cat|w7_days_buy|w7_days_cart|w7_days_presence_only|w7_searches|w7_carts|w7_orders|w7_gmv|w7_gmv_cat|w7_gmv_max|w7_lgmv_mean|w7_lgmv_std|w14_days_present|w14_days_search|w14_days_cat|w14_days_buy|w14_days_cart|w14_days_presence_only|w14_searches|w14_carts|w14_orders|w14_gmv|w14_gmv_cat|w14_gmv_max|w14_lgmv_mean|w14_lgmv_std|w30_days_present|w30_days_search|w30_days_cat|w30_days_buy|w30_days_cart|w30_days_presence_only|w30_searches|w30_carts|w30_orders|w30_gmv|w30_gmv_cat|w30_gmv_max|w30_lgmv_mean|w30_lgmv_std|w60_days_present|w60_days_search|w60_days_cat|w60_days_buy|w60_days_cart|w60_days_presence_only|w60_searches|w60_carts|w60_orders|w60_gmv|w60_gmv_cat|w60_gmv_max|w60_lgmv_mean|w60_lgmv_std|w90_days_present|w90_days_search|w90_days_cat|w90_days_buy|w90_days_cart|w90_days_presence_only|w90_searches|w90_carts|w90_orders|w90_gmv|w90_gmv_cat|w90_gmv_max|w90_lgmv_mean|w90_lgmv_std|w180_days_present|w180_days_search|w180_days_cat|w180_days_buy|w180_days_cart|w180_days_presence_only|w180_searches|w180_carts|w180_orders|w180_gmv|w180_gmv_cat|w180_gmv_max|w180_lgmv_mean|w180_lgmv_std|w365_days_present|w365_days_search|w365_days_cat|w365_days_buy|w365_days_cart|w365_days_presence_only|w365_searches|w365_carts|w365_orders|w365_gmv|w365_gmv_cat|w365_gmv_max|w365_lgmv_mean|w365_lgmv_std|rec_any|rec_search|rec_cart|rec_buy|rec_cat|gap_mean|gap_std|buygap_mean|buygap_std|weekend_share|tenure_frac|first_buy_frac|gap_max_frac|w7_aov|w7_gmv_per_day|w7_cart2ord|w7_srch2cart|w7_buyday_rate|w7_presence_rate|w7_ponly_share|w7_cat_gmv_share,1786387801637625200,no,no
data/processed/feat_20250404_LnormNone.parquet,feat_20250404_LnormNone.parquet,.parquet,dataset,source_or_derived_dataset,100865638,d45a6aecded26381803ab7c796c735836a35c3fe16a4fb205c843d73a1578002,unknown,rows=213613;row_groups=2;columns=user_id|w7_days_present|w7_days_search|w7_days_cat|w7_days_buy|w7_days_cart|w7_days_presence_only|w7_searches|w7_carts|w7_orders|w7_gmv|w7_gmv_cat|w7_gmv_max|w7_lgmv_mean|w7_lgmv_std|w14_days_present|w14_days_search|w14_days_cat|w14_days_buy|w14_days_cart|w14_days_presence_only|w14_searches|w14_carts|w14_orders|w14_gmv|w14_gmv_cat|w14_gmv_max|w14_lgmv_mean|w14_lgmv_std|w30_days_present|w30_days_search|w30_days_cat|w30_days_buy|w30_days_cart|w30_days_presence_only|w30_searches|w30_carts|w30_orders|w30_gmv|w30_gmv_cat|w30_gmv_max|w30_lgmv_mean|w30_lgmv_std|w60_days_present|w60_days_search|w60_days_cat|w60_days_buy|w60_days_cart|w60_days_presence_only|w60_searches|w60_carts|w60_orders|w60_gmv|w60_gmv_cat|w60_gmv_max|w60_lgmv_mean|w60_lgmv_std|w90_days_present|w90_days_search|w90_days_cat|w90_days_buy|w90_days_cart|w90_days_presence_only|w90_searches|w90_carts|w90_orders|w90_gmv|w90_gmv_cat|w90_gmv_max|w90_lgmv_mean|w90_lgmv_std|w180_days_present|w180_days_search|w180_days_cat|w180_days_buy|w180_days_cart|w180_days_presence_only|w180_searches|w180_carts|w180_orders|w180_gmv|w180_gmv_cat|w180_gmv_max|w180_lgmv_mean|w180_lgmv_std|w365_days_present|w365_days_search|w365_days_cat|w365_days_buy|w365_days_cart|w365_days_presence_only|w365_searches|w365_carts|w365_orders|w365_gmv|w365_gmv_cat|w365_gmv_max|w365_lgmv_mean|w365_lgmv_std|rec_any|rec_search|rec_cart|rec_buy|rec_cat|gap_mean|gap_std|buygap_mean|buygap_std|weekend_share|tenure_frac|first_buy_frac|gap_max_frac|w7_aov|w7_gmv_per_day|w7_cart2ord|w7_srch2cart|w7_buyday_rate|w7_presence_rate|w7_ponly_share|w7_cat_gmv_share,1786554307021063500,no,no
data/processed/feat_20250407_LnormNone.parquet,feat_20250407_LnormNone.parquet,.parquet,dataset,source_or_derived_dataset,101440672,d6911aa991a22f583a83c69a9ef96957ee5d68af1f53b79b4c0188cd426e71dc,unknown,rows=214194;row_groups=2;columns=user_id|w7_days_present|w7_days_search|w7_days_cat|w7_days_buy|w7_days_cart|w7_days_presence_only|w7_searches|w7_carts|w7_orders|w7_gmv|w7_gmv_cat|w7_gmv_max|w7_lgmv_mean|w7_lgmv_std|w14_days_present|w14_days_search|w14_days_cat|w14_days_buy|w14_days_cart|w14_days_presence_only|w14_searches|w14_carts|w14_orders|w14_gmv|w14_gmv_cat|w14_gmv_max|w14_lgmv_mean|w14_lgmv_std|w30_days_present|w30_days_search|w30_days_cat|w30_days_buy|w30_days_cart|w30_days_presence_only|w30_searches|w30_carts|w30_orders|w30_gmv|w30_gmv_cat|w30_gmv_max|w30_lgmv_mean|w30_lgmv_std|w60_days_present|w60_days_search|w60_days_cat|w60_days_buy|w60_days_cart|w60_days_presence_only|w60_searches|w60_carts|w60_orders|w60_gmv|w60_gmv_cat|w60_gmv_max|w60_lgmv_mean|w60_lgmv_std|w90_days_present|w90_days_search|w90_days_cat|w90_days_buy|w90_days_cart|w90_days_presence_only|w90_searches|w90_carts|w90_orders|w90_gmv|w90_gmv_cat|w90_gmv_max|w90_lgmv_mean|w90_lgmv_std|w180_days_present|w180_days_search|w180_days_cat|w180_days_buy|w180_days_cart|w180_days_presence_only|w180_searches|w180_carts|w180_orders|w180_gmv|w180_gmv_cat|w180_gmv_max|w180_lgmv_mean|w180_lgmv_std|w365_days_present|w365_days_search|w365_days_cat|w365_days_buy|w365_days_cart|w365_days_presence_only|w365_searches|w365_carts|w365_orders|w365_gmv|w365_gmv_cat|w365_gmv_max|w365_lgmv_mean|w365_lgmv_std|rec_any|rec_search|rec_cart|rec_buy|rec_cat|gap_mean|gap_std|buygap_mean|buygap_std|weekend_share|tenure_frac|first_buy_frac|gap_max_frac|w7_aov|w7_gmv_per_day|w7_cart2ord|w7_srch2cart|w7_buyday_rate|w7_presence_rate|w7_ponly_share|w7_cat_gmv_share,1786554308794027200,no,no
data/processed/feat_20250410_L180.parquet,feat_20250410_L180.parquet,.parquet,dataset,source_or_derived_dataset,82737423,c46503ac707f2761d518b1c22cc792f0d89fe48405a0c643927e8b0b348f0547,unknown,rows=214769;row_groups=2;columns=user_id|w7_days_present|w7_days_search|w7_days_cat|w7_days_buy|w7_days_cart|w7_days_presence_only|w7_searches|w7_carts|w7_orders|w7_gmv|w7_gmv_cat|w7_gmv_max|w7_lgmv_mean|w7_lgmv_std|w14_days_present|w14_days_search|w14_days_cat|w14_days_buy|w14_days_cart|w14_days_presence_only|w14_searches|w14_carts|w14_orders|w14_gmv|w14_gmv_cat|w14_gmv_max|w14_lgmv_mean|w14_lgmv_std|w30_days_present|w30_days_search|w30_days_cat|w30_days_buy|w30_days_cart|w30_days_presence_only|w30_searches|w30_carts|w30_orders|w30_gmv|w30_gmv_cat|w30_gmv_max|w30_lgmv_mean|w30_lgmv_std|w60_days_present|w60_days_search|w60_days_cat|w60_days_buy|w60_days_cart|w60_days_presence_only|w60_searches|w60_carts|w60_orders|w60_gmv|w60_gmv_cat|w60_gmv_max|w60_lgmv_mean|w60_lgmv_std|w90_days_present|w90_days_search|w90_days_cat|w90_days_buy|w90_days_cart|w90_days_presence_only|w90_searches|w90_carts|w90_orders|w90_gmv|w90_gmv_cat|w90_gmv_max|w90_lgmv_mean|w90_lgmv_std|w180_days_present|w180_days_search|w180_days_cat|w180_days_buy|w180_days_cart|w180_days_presence_only|w180_searches|w180_carts|w180_orders|w180_gmv|w180_gmv_cat|w180_gmv_max|w180_lgmv_mean|w180_lgmv_std|rec_any|rec_search|rec_cart|rec_buy|rec_cat|gap_mean|gap_std|gap_max|buygap_mean|buygap_std|weekend_share|w7_aov|w7_gmv_per_day|w7_cart2ord|w7_srch2cart|w7_buyday_rate|w7_presence_rate|w7_ponly_share|w7_cat_gmv_share|w7_srch_per_day|w7_lgmv|w7_gmv30eq|w14_aov|w14_gmv_per_day|w14_cart2ord|w14_srch2cart|w14_buyday_rate|w14_presence_rate|w14_ponly_share|w14_cat_gmv_share|w14_srch_per_day|w14_lgmv|w14_gmv30eq|w30_aov|w30_gmv_per_day,1786384224584655700,no,no
data/processed/feat_20250410_L270.parquet,feat_20250410_L270.parquet,.parquet,dataset,source_or_derived_dataset,99318826,71beb5ab46ee75ce71e39af38f966b4715097a142b71e84a21bcbe27477f55ed,unknown,rows=214769;row_groups=2;columns=user_id|w7_days_present|w7_days_search|w7_days_cat|w7_days_buy|w7_days_cart|w7_days_presence_only|w7_searches|w7_carts|w7_orders|w7_gmv|w7_gmv_cat|w7_gmv_max|w7_lgmv_mean|w7_lgmv_std|w14_days_present|w14_days_search|w14_days_cat|w14_days_buy|w14_days_cart|w14_days_presence_only|w14_searches|w14_carts|w14_orders|w14_gmv|w14_gmv_cat|w14_gmv_max|w14_lgmv_mean|w14_lgmv_std|w30_days_present|w30_days_search|w30_days_cat|w30_days_buy|w30_days_cart|w30_days_presence_only|w30_searches|w30_carts|w30_orders|w30_gmv|w30_gmv_cat|w30_gmv_max|w30_lgmv_mean|w30_lgmv_std|w60_days_present|w60_days_search|w60_days_cat|w60_days_buy|w60_days_cart|w60_days_presence_only|w60_searches|w60_carts|w60_orders|w60_gmv|w60_gmv_cat|w60_gmv_max|w60_lgmv_mean|w60_lgmv_std|w90_days_present|w90_days_search|w90_days_cat|w90_days_buy|w90_days_cart|w90_days_presence_only|w90_searches|w90_carts|w90_orders|w90_gmv|w90_gmv_cat|w90_gmv_max|w90_lgmv_mean|w90_lgmv_std|w180_days_present|w180_days_search|w180_days_cat|w180_days_buy|w180_days_cart|w180_days_presence_only|w180_searches|w180_carts|w180_orders|w180_gmv|w180_gmv_cat|w180_gmv_max|w180_lgmv_mean|w180_lgmv_std|w270_days_present|w270_days_search|w270_days_cat|w270_days_buy|w270_days_cart|w270_days_presence_only|w270_searches|w270_carts|w270_orders|w270_gmv|w270_gmv_cat|w270_gmv_max|w270_lgmv_mean|w270_lgmv_std|rec_any|rec_search|rec_cart|rec_buy|rec_cat|gap_mean|gap_std|gap_max|buygap_mean|buygap_std|weekend_share|w7_aov|w7_gmv_per_day|w7_cart2ord|w7_srch2cart|w7_buyday_rate|w7_presence_rate|w7_ponly_share|w7_cat_gmv_share|w7_srch_per_day|w7_lgmv,1786384480240574200,no,no
data/processed/feat_20250410_L90.parquet,feat_20250410_L90.parquet,.parquet,dataset,source_or_derived_dataset,65056889,9eed799a7c3428f40b752dd5ca4826f7a5ab4a11aafb8570503d4971135a3091,unknown,rows=213905;row_groups=2;columns=user_id|w7_days_present|w7_days_search|w7_days_cat|w7_days_buy|w7_days_cart|w7_days_presence_only|w7_searches|w7_carts|w7_orders|w7_gmv|w7_gmv_cat|w7_gmv_max|w7_lgmv_mean|w7_lgmv_std|w14_days_present|w14_days_search|w14_days_cat|w14_days_buy|w14_days_cart|w14_days_presence_only|w14_searches|w14_carts|w14_orders|w14_gmv|w14_gmv_cat|w14_gmv_max|w14_lgmv_mean|w14_lgmv_std|w30_days_present|w30_days_search|w30_days_cat|w30_days_buy|w30_days_cart|w30_days_presence_only|w30_searches|w30_carts|w30_orders|w30_gmv|w30_gmv_cat|w30_gmv_max|w30_lgmv_mean|w30_lgmv_std|w60_days_present|w60_days_search|w60_days_cat|w60_days_buy|w60_days_cart|w60_days_presence_only|w60_searches|w60_carts|w60_orders|w60_gmv|w60_gmv_cat|w60_gmv_max|w60_lgmv_mean|w60_lgmv_std|w90_days_present|w90_days_search|w90_days_cat|w90_days_buy|w90_days_cart|w90_days_presence_only|w90_searches|w90_carts|w90_orders|w90_gmv|w90_gmv_cat|w90_gmv_max|w90_lgmv_mean|w90_lgmv_std|rec_any|rec_search|rec_cart|rec_buy|rec_cat|gap_mean|gap_std|gap_max|buygap_mean|buygap_std|weekend_share|w7_aov|w7_gmv_per_day|w7_cart2ord|w7_srch2cart|w7_buyday_rate|w7_presence_rate|w7_ponly_share|w7_cat_gmv_share|w7_srch_per_day|w7_lgmv|w7_gmv30eq|w14_aov|w14_gmv_per_day|w14_cart2ord|w14_srch2cart|w14_buyday_rate|w14_presence_rate|w14_ponly_share|w14_cat_gmv_share|w14_srch_per_day|w14_lgmv|w14_gmv30eq|w30_aov|w30_gmv_per_day|w30_cart2ord|w30_srch2cart|w30_buyday_rate|w30_presence_rate|w30_ponly_share|w30_cat_gmv_share|w30_srch_per_day|w30_lgmv|w30_gmv30eq|w60_aov|w60_gmv_per_day|w60_cart2ord|w60_srch2cart|w60_buyday_rate,1786384320163887000,no,no
data/processed/feat_20250410_LNone.parquet,feat_20250410_LNone.parquet,.parquet,dataset,source_or_derived_dataset,105395496,0278f74bbc05058e8a58822f3253465f7eaeb44956e91b88b4ce49b30c0fed73,unknown,rows=214769;row_groups=2;columns=user_id|w7_days_present|w7_days_search|w7_days_cat|w7_days_buy|w7_days_cart|w7_days_presence_only|w7_searches|w7_carts|w7_orders|w7_gmv|w7_gmv_cat|w7_gmv_max|w7_lgmv_mean|w7_lgmv_std|w14_days_present|w14_days_search|w14_days_cat|w14_days_buy|w14_days_cart|w14_days_presence_only|w14_searches|w14_carts|w14_orders|w14_gmv|w14_gmv_cat|w14_gmv_max|w14_lgmv_mean|w14_lgmv_std|w30_days_present|w30_days_search|w30_days_cat|w30_days_buy|w30_days_cart|w30_days_presence_only|w30_searches|w30_carts|w30_orders|w30_gmv|w30_gmv_cat|w30_gmv_max|w30_lgmv_mean|w30_lgmv_std|w60_days_present|w60_days_search|w60_days_cat|w60_days_buy|w60_days_cart|w60_days_presence_only|w60_searches|w60_carts|w60_orders|w60_gmv|w60_gmv_cat|w60_gmv_max|w60_lgmv_mean|w60_lgmv_std|w90_days_present|w90_days_search|w90_days_cat|w90_days_buy|w90_days_cart|w90_days_presence_only|w90_searches|w90_carts|w90_orders|w90_gmv|w90_gmv_cat|w90_gmv_max|w90_lgmv_mean|w90_lgmv_std|w180_days_present|w180_days_search|w180_days_cat|w180_days_buy|w180_days_cart|w180_days_presence_only|w180_searches|w180_carts|w180_orders|w180_gmv|w180_gmv_cat|w180_gmv_max|w180_lgmv_mean|w180_lgmv_std|w365_days_present|w365_days_search|w365_days_cat|w365_days_buy|w365_days_cart|w365_days_presence_only|w365_searches|w365_carts|w365_orders|w365_gmv|w365_gmv_cat|w365_gmv_max|w365_lgmv_mean|w365_lgmv_std|rec_any|rec_search|rec_cart|rec_buy|rec_cat|tenure|first_buy_age|all_days_present|all_days_buy|all_gmv|all_orders|all_searches|gap_mean|gap_std|gap_max|buygap_mean|buygap_std|weekend_share|w7_aov|w7_gmv_per_day|w7_cart2ord,1786384377578129900,no,no
data/processed/feat_20250410_LnormNone.parquet,feat_20250410_LnormNone.parquet,.parquet,dataset,source_or_derived_dataset,102356839,72b071eacbfd9f69effac778bf59473ad6813b0dcdd80988b3d2127857bf0715,unknown,rows=214769;row_groups=2;columns=user_id|w7_days_present|w7_days_search|w7_days_cat|w7_days_buy|w7_days_cart|w7_days_presence_only|w7_searches|w7_carts|w7_orders|w7_gmv|w7_gmv_cat|w7_gmv_max|w7_lgmv_mean|w7_lgmv_std|w14_days_present|w14_days_search|w14_days_cat|w14_days_buy|w14_days_cart|w14_days_presence_only|w14_searches|w14_carts|w14_orders|w14_gmv|w14_gmv_cat|w14_gmv_max|w14_lgmv_mean|w14_lgmv_std|w30_days_present|w30_days_search|w30_days_cat|w30_days_buy|w30_days_cart|w30_days_presence_only|w30_searches|w30_carts|w30_orders|w30_gmv|w30_gmv_cat|w30_gmv_max|w30_lgmv_mean|w30_lgmv_std|w60_days_present|w60_days_search|w60_days_cat|w60_days_buy|w60_days_cart|w60_days_presence_only|w60_searches|w60_carts|w60_orders|w60_gmv|w60_gmv_cat|w60_gmv_max|w60_lgmv_mean|w60_lgmv_std|w90_days_present|w90_days_search|w90_days_cat|w90_days_buy|w90_days_cart|w90_days_presence_only|w90_searches|w90_carts|w90_orders|w90_gmv|w90_gmv_cat|w90_gmv_max|w90_lgmv_mean|w90_lgmv_std|w180_days_present|w180_days_search|w180_days_cat|w180_days_buy|w180_days_cart|w180_days_presence_only|w180_searches|w180_carts|w180_orders|w180_gmv|w180_gmv_cat|w180_gmv_max|w180_lgmv_mean|w180_lgmv_std|w365_days_present|w365_days_search|w365_days_cat|w365_days_buy|w365_days_cart|w365_days_presence_only|w365_searches|w365_carts|w365_orders|w365_gmv|w365_gmv_cat|w365_gmv_max|w365_lgmv_mean|w365_lgmv_std|rec_any|rec_search|rec_cart|rec_buy|rec_cat|gap_mean|gap_std|buygap_mean|buygap_std|weekend_share|tenure_frac|first_buy_frac|gap_max_frac|w7_aov|w7_gmv_per_day|w7_cart2ord|w7_srch2cart|w7_buyday_rate|w7_presence_rate|w7_ponly_share|w7_cat_gmv_share,1786387805064955100,no,no
data/processed/feat_20250413_LnormNone.parquet,feat_20250413_LnormNone.parquet,.parquet,dataset,source_or_derived_dataset,102824983,aecab228b4361998b481ddc9e0ea60d8e2bc65c6a1a0760b019b55424eb47372,unknown,rows=215392;row_groups=2;columns=user_id|w7_days_present|w7_days_search|w7_days_cat|w7_days_buy|w7_days_cart|w7_days_presence_only|w7_searches|w7_carts|w7_orders|w7_gmv|w7_gmv_cat|w7_gmv_max|w7_lgmv_mean|w7_lgmv_std|w14_days_present|w14_days_search|w14_days_cat|w14_days_buy|w14_days_cart|w14_days_presence_only|w14_searches|w14_carts|w14_orders|w14_gmv|w14_gmv_cat|w14_gmv_max|w14_lgmv_mean|w14_lgmv_std|w30_days_present|w30_days_search|w30_days_cat|w30_days_buy|w30_days_cart|w30_days_presence_only|w30_searches|w30_carts|w30_orders|w30_gmv|w30_gmv_cat|w30_gmv_max|w30_lgmv_mean|w30_lgmv_std|w60_days_present|w60_days_search|w60_days_cat|w60_days_buy|w60_days_cart|w60_days_presence_only|w60_searches|w60_carts|w60_orders|w60_gmv|w60_gmv_cat|w60_gmv_max|w60_lgmv_mean|w60_lgmv_std|w90_days_present|w90_days_search|w90_days_cat|w90_days_buy|w90_days_cart|w90_days_presence_only|w90_searches|w90_carts|w90_orders|w90_gmv|w90_gmv_cat|w90_gmv_max|w90_lgmv_mean|w90_lgmv_std|w180_days_present|w180_days_search|w180_days_cat|w180_days_buy|w180_days_cart|w180_days_presence_only|w180_searches|w180_carts|w180_orders|w180_gmv|w180_gmv_cat|w180_gmv_max|w180_lgmv_mean|w180_lgmv_std|w365_days_present|w365_days_search|w365_days_cat|w365_days_buy|w365_days_cart|w365_days_presence_only|w365_searches|w365_carts|w365_orders|w365_gmv|w365_gmv_cat|w365_gmv_max|w365_lgmv_mean|w365_lgmv_std|rec_any|rec_search|rec_cart|rec_buy|rec_cat|gap_mean|gap_std|buygap_mean|buygap_std|weekend_share|tenure_frac|first_buy_frac|gap_max_frac|w7_aov|w7_gmv_per_day|w7_cart2ord|w7_srch2cart|w7_buyday_rate|w7_presence_rate|w7_ponly_share|w7_cat_gmv_share,1786554310949997700,no,no
data/processed/feat_20250416_LnormNone.parquet,feat_20250416_LnormNone.parquet,.parquet,dataset,source_or_derived_dataset,103813230,a5d084841cba47c6be684dc3cf774557876bbe7b11e0350bbc11ec02fab1c211,unknown,rows=215979;row_groups=2;columns=user_id|w7_days_present|w7_days_search|w7_days_cat|w7_days_buy|w7_days_cart|w7_days_presence_only|w7_searches|w7_carts|w7_orders|w7_gmv|w7_gmv_cat|w7_gmv_max|w7_lgmv_mean|w7_lgmv_std|w14_days_present|w14_days_search|w14_days_cat|w14_days_buy|w14_days_cart|w14_days_presence_only|w14_searches|w14_carts|w14_orders|w14_gmv|w14_gmv_cat|w14_gmv_max|w14_lgmv_mean|w14_lgmv_std|w30_days_present|w30_days_search|w30_days_cat|w30_days_buy|w30_days_cart|w30_days_presence_only|w30_searches|w30_carts|w30_orders|w30_gmv|w30_gmv_cat|w30_gmv_max|w30_lgmv_mean|w30_lgmv_std|w60_days_present|w60_days_search|w60_days_cat|w60_days_buy|w60_days_cart|w60_days_presence_only|w60_searches|w60_carts|w60_orders|w60_gmv|w60_gmv_cat|w60_gmv_max|w60_lgmv_mean|w60_lgmv_std|w90_days_present|w90_days_search|w90_days_cat|w90_days_buy|w90_days_cart|w90_days_presence_only|w90_searches|w90_carts|w90_orders|w90_gmv|w90_gmv_cat|w90_gmv_max|w90_lgmv_mean|w90_lgmv_std|w180_days_present|w180_days_search|w180_days_cat|w180_days_buy|w180_days_cart|w180_days_presence_only|w180_searches|w180_carts|w180_orders|w180_gmv|w180_gmv_cat|w180_gmv_max|w180_lgmv_mean|w180_lgmv_std|w365_days_present|w365_days_search|w365_days_cat|w365_days_buy|w365_days_cart|w365_days_presence_only|w365_searches|w365_carts|w365_orders|w365_gmv|w365_gmv_cat|w365_gmv_max|w365_lgmv_mean|w365_lgmv_std|rec_any|rec_search|rec_cart|rec_buy|rec_cat|gap_mean|gap_std|buygap_mean|buygap_std|weekend_share|tenure_frac|first_buy_frac|gap_max_frac|w7_aov|w7_gmv_per_day|w7_cart2ord|w7_srch2cart|w7_buyday_rate|w7_presence_rate|w7_ponly_share|w7_cat_gmv_share,1786554312936993000,no,no
data/processed/feat_20250417_L180.parquet,feat_20250417_L180.parquet,.parquet,dataset,source_or_derived_dataset,84249718,f65f510473b2be6f6693f382a6793c6a67baf3e44556e7c23153500415b57d45,unknown,rows=216132;row_groups=2;columns=user_id|w7_days_present|w7_days_search|w7_days_cat|w7_days_buy|w7_days_cart|w7_days_presence_only|w7_searches|w7_carts|w7_orders|w7_gmv|w7_gmv_cat|w7_gmv_max|w7_lgmv_mean|w7_lgmv_std|w14_days_present|w14_days_search|w14_days_cat|w14_days_buy|w14_days_cart|w14_days_presence_only|w14_searches|w14_carts|w14_orders|w14_gmv|w14_gmv_cat|w14_gmv_max|w14_lgmv_mean|w14_lgmv_std|w30_days_present|w30_days_search|w30_days_cat|w30_days_buy|w30_days_cart|w30_days_presence_only|w30_searches|w30_carts|w30_orders|w30_gmv|w30_gmv_cat|w30_gmv_max|w30_lgmv_mean|w30_lgmv_std|w60_days_present|w60_days_search|w60_days_cat|w60_days_buy|w60_days_cart|w60_days_presence_only|w60_searches|w60_carts|w60_orders|w60_gmv|w60_gmv_cat|w60_gmv_max|w60_lgmv_mean|w60_lgmv_std|w90_days_present|w90_days_search|w90_days_cat|w90_days_buy|w90_days_cart|w90_days_presence_only|w90_searches|w90_carts|w90_orders|w90_gmv|w90_gmv_cat|w90_gmv_max|w90_lgmv_mean|w90_lgmv_std|w180_days_present|w180_days_search|w180_days_cat|w180_days_buy|w180_days_cart|w180_days_presence_only|w180_searches|w180_carts|w180_orders|w180_gmv|w180_gmv_cat|w180_gmv_max|w180_lgmv_mean|w180_lgmv_std|rec_any|rec_search|rec_cart|rec_buy|rec_cat|gap_mean|gap_std|gap_max|buygap_mean|buygap_std|weekend_share|w7_aov|w7_gmv_per_day|w7_cart2ord|w7_srch2cart|w7_buyday_rate|w7_presence_rate|w7_ponly_share|w7_cat_gmv_share|w7_srch_per_day|w7_lgmv|w7_gmv30eq|w14_aov|w14_gmv_per_day|w14_cart2ord|w14_srch2cart|w14_buyday_rate|w14_presence_rate|w14_ponly_share|w14_cat_gmv_share|w14_srch_per_day|w14_lgmv|w14_gmv30eq|w30_aov|w30_gmv_per_day,1786384226670022300,no,no
data/processed/feat_20250417_L270.parquet,feat_20250417_L270.parquet,.parquet,dataset,source_or_derived_dataset,101504531,f257d3200decd43b664fdaaaecd53a93ae6330583d19cdc5227d66a3d4630861,unknown,rows=216132;row_groups=2;columns=user_id|w7_days_present|w7_days_search|w7_days_cat|w7_days_buy|w7_days_cart|w7_days_presence_only|w7_searches|w7_carts|w7_orders|w7_gmv|w7_gmv_cat|w7_gmv_max|w7_lgmv_mean|w7_lgmv_std|w14_days_present|w14_days_search|w14_days_cat|w14_days_buy|w14_days_cart|w14_days_presence_only|w14_searches|w14_carts|w14_orders|w14_gmv|w14_gmv_cat|w14_gmv_max|w14_lgmv_mean|w14_lgmv_std|w30_days_present|w30_days_search|w30_days_cat|w30_days_buy|w30_days_cart|w30_days_presence_only|w30_searches|w30_carts|w30_orders|w30_gmv|w30_gmv_cat|w30_gmv_max|w30_lgmv_mean|w30_lgmv_std|w60_days_present|w60_days_search|w60_days_cat|w60_days_buy|w60_days_cart|w60_days_presence_only|w60_searches|w60_carts|w60_orders|w60_gmv|w60_gmv_cat|w60_gmv_max|w60_lgmv_mean|w60_lgmv_std|w90_days_present|w90_days_search|w90_days_cat|w90_days_buy|w90_days_cart|w90_days_presence_only|w90_searches|w90_carts|w90_orders|w90_gmv|w90_gmv_cat|w90_gmv_max|w90_lgmv_mean|w90_lgmv_std|w180_days_present|w180_days_search|w180_days_cat|w180_days_buy|w180_days_cart|w180_days_presence_only|w180_searches|w180_carts|w180_orders|w180_gmv|w180_gmv_cat|w180_gmv_max|w180_lgmv_mean|w180_lgmv_std|w270_days_present|w270_days_search|w270_days_cat|w270_days_buy|w270_days_cart|w270_days_presence_only|w270_searches|w270_carts|w270_orders|w270_gmv|w270_gmv_cat|w270_gmv_max|w270_lgmv_mean|w270_lgmv_std|rec_any|rec_search|rec_cart|rec_buy|rec_cat|gap_mean|gap_std|gap_max|buygap_mean|buygap_std|weekend_share|w7_aov|w7_gmv_per_day|w7_cart2ord|w7_srch2cart|w7_buyday_rate|w7_presence_rate|w7_ponly_share|w7_cat_gmv_share|w7_srch_per_day|w7_lgmv,1786384482327396300,no,no
data/processed/feat_20250417_L90.parquet,feat_20250417_L90.parquet,.parquet,dataset,source_or_derived_dataset,65863414,17e74feba5d8c06d622321f93e40d69db0b8dd6542500498201f2aca68efa2e1,unknown,rows=214774;row_groups=2;columns=user_id|w7_days_present|w7_days_search|w7_days_cat|w7_days_buy|w7_days_cart|w7_days_presence_only|w7_searches|w7_carts|w7_orders|w7_gmv|w7_gmv_cat|w7_gmv_max|w7_lgmv_mean|w7_lgmv_std|w14_days_present|w14_days_search|w14_days_cat|w14_days_buy|w14_days_cart|w14_days_presence_only|w14_searches|w14_carts|w14_orders|w14_gmv|w14_gmv_cat|w14_gmv_max|w14_lgmv_mean|w14_lgmv_std|w30_days_present|w30_days_search|w30_days_cat|w30_days_buy|w30_days_cart|w30_days_presence_only|w30_searches|w30_carts|w30_orders|w30_gmv|w30_gmv_cat|w30_gmv_max|w30_lgmv_mean|w30_lgmv_std|w60_days_present|w60_days_search|w60_days_cat|w60_days_buy|w60_days_cart|w60_days_presence_only|w60_searches|w60_carts|w60_orders|w60_gmv|w60_gmv_cat|w60_gmv_max|w60_lgmv_mean|w60_lgmv_std|w90_days_present|w90_days_search|w90_days_cat|w90_days_buy|w90_days_cart|w90_days_presence_only|w90_searches|w90_carts|w90_orders|w90_gmv|w90_gmv_cat|w90_gmv_max|w90_lgmv_mean|w90_lgmv_std|rec_any|rec_search|rec_cart|rec_buy|rec_cat|gap_mean|gap_std|gap_max|buygap_mean|buygap_std|weekend_share|w7_aov|w7_gmv_per_day|w7_cart2ord|w7_srch2cart|w7_buyday_rate|w7_presence_rate|w7_ponly_share|w7_cat_gmv_share|w7_srch_per_day|w7_lgmv|w7_gmv30eq|w14_aov|w14_gmv_per_day|w14_cart2ord|w14_srch2cart|w14_buyday_rate|w14_presence_rate|w14_ponly_share|w14_cat_gmv_share|w14_srch_per_day|w14_lgmv|w14_gmv30eq|w30_aov|w30_gmv_per_day|w30_cart2ord|w30_srch2cart|w30_buyday_rate|w30_presence_rate|w30_ponly_share|w30_cat_gmv_share|w30_srch_per_day|w30_lgmv|w30_gmv30eq|w60_aov|w60_gmv_per_day|w60_cart2ord|w60_srch2cart|w60_buyday_rate,1786384321829121100,no,no
data/processed/feat_20250417_LNone.parquet,feat_20250417_LNone.parquet,.parquet,dataset,source_or_derived_dataset,107702488,6b832a0d04f622fab42f6c369427a5325591e6c99f10edc14ea3adb9eb2f659a,unknown,rows=216132;row_groups=2;columns=user_id|w7_days_present|w7_days_search|w7_days_cat|w7_days_buy|w7_days_cart|w7_days_presence_only|w7_searches|w7_carts|w7_orders|w7_gmv|w7_gmv_cat|w7_gmv_max|w7_lgmv_mean|w7_lgmv_std|w14_days_present|w14_days_search|w14_days_cat|w14_days_buy|w14_days_cart|w14_days_presence_only|w14_searches|w14_carts|w14_orders|w14_gmv|w14_gmv_cat|w14_gmv_max|w14_lgmv_mean|w14_lgmv_std|w30_days_present|w30_days_search|w30_days_cat|w30_days_buy|w30_days_cart|w30_days_presence_only|w30_searches|w30_carts|w30_orders|w30_gmv|w30_gmv_cat|w30_gmv_max|w30_lgmv_mean|w30_lgmv_std|w60_days_present|w60_days_search|w60_days_cat|w60_days_buy|w60_days_cart|w60_days_presence_only|w60_searches|w60_carts|w60_orders|w60_gmv|w60_gmv_cat|w60_gmv_max|w60_lgmv_mean|w60_lgmv_std|w90_days_present|w90_days_search|w90_days_cat|w90_days_buy|w90_days_cart|w90_days_presence_only|w90_searches|w90_carts|w90_orders|w90_gmv|w90_gmv_cat|w90_gmv_max|w90_lgmv_mean|w90_lgmv_std|w180_days_present|w180_days_search|w180_days_cat|w180_days_buy|w180_days_cart|w180_days_presence_only|w180_searches|w180_carts|w180_orders|w180_gmv|w180_gmv_cat|w180_gmv_max|w180_lgmv_mean|w180_lgmv_std|w365_days_present|w365_days_search|w365_days_cat|w365_days_buy|w365_days_cart|w365_days_presence_only|w365_searches|w365_carts|w365_orders|w365_gmv|w365_gmv_cat|w365_gmv_max|w365_lgmv_mean|w365_lgmv_std|rec_any|rec_search|rec_cart|rec_buy|rec_cat|tenure|first_buy_age|all_days_present|all_days_buy|all_gmv|all_orders|all_searches|gap_mean|gap_std|gap_max|buygap_mean|buygap_std|weekend_share|w7_aov|w7_gmv_per_day|w7_cart2ord,1786384380203967800,no,no
data/processed/feat_20250417_LnormNone.parquet,feat_20250417_LnormNone.parquet,.parquet,dataset,source_or_derived_dataset,104015359,9ce7de851937b019619183f57f0bd96b1018dd1cba804c1e2723af3984195547,unknown,rows=216132;row_groups=2;columns=user_id|w7_days_present|w7_days_search|w7_days_cat|w7_days_buy|w7_days_cart|w7_days_presence_only|w7_searches|w7_carts|w7_orders|w7_gmv|w7_gmv_cat|w7_gmv_max|w7_lgmv_mean|w7_lgmv_std|w14_days_present|w14_days_search|w14_days_cat|w14_days_buy|w14_days_cart|w14_days_presence_only|w14_searches|w14_carts|w14_orders|w14_gmv|w14_gmv_cat|w14_gmv_max|w14_lgmv_mean|w14_lgmv_std|w30_days_present|w30_days_search|w30_days_cat|w30_days_buy|w30_days_cart|w30_days_presence_only|w30_searches|w30_carts|w30_orders|w30_gmv|w30_gmv_cat|w30_gmv_max|w30_lgmv_mean|w30_lgmv_std|w60_days_present|w60_days_search|w60_days_cat|w60_days_buy|w60_days_cart|w60_days_presence_only|w60_searches|w60_carts|w60_orders|w60_gmv|w60_gmv_cat|w60_gmv_max|w60_lgmv_mean|w60_lgmv_std|w90_days_present|w90_days_search|w90_days_cat|w90_days_buy|w90_days_cart|w90_days_presence_only|w90_searches|w90_carts|w90_orders|w90_gmv|w90_gmv_cat|w90_gmv_max|w90_lgmv_mean|w90_lgmv_std|w180_days_present|w180_days_search|w180_days_cat|w180_days_buy|w180_days_cart|w180_days_presence_only|w180_searches|w180_carts|w180_orders|w180_gmv|w180_gmv_cat|w180_gmv_max|w180_lgmv_mean|w180_lgmv_std|w365_days_present|w365_days_search|w365_days_cat|w365_days_buy|w365_days_cart|w365_days_presence_only|w365_searches|w365_carts|w365_orders|w365_gmv|w365_gmv_cat|w365_gmv_max|w365_lgmv_mean|w365_lgmv_std|rec_any|rec_search|rec_cart|rec_buy|rec_cat|gap_mean|gap_std|buygap_mean|buygap_std|weekend_share|tenure_frac|first_buy_frac|gap_max_frac|w7_aov|w7_gmv_per_day|w7_cart2ord|w7_srch2cart|w7_buyday_rate|w7_presence_rate|w7_ponly_share|w7_cat_gmv_share,1786387808721064800,no,no
data/processed/feat_20250419_LnormNone.parquet,feat_20250419_LnormNone.parquet,.parquet,dataset,source_or_derived_dataset,104319417,351afd4aa02e6c43a81caa36a6b64e547abc98f062c2153f1c0fc843270f02d8,unknown,rows=216457;row_groups=2;columns=user_id|w7_days_present|w7_days_search|w7_days_cat|w7_days_buy|w7_days_cart|w7_days_presence_only|w7_searches|w7_carts|w7_orders|w7_gmv|w7_gmv_cat|w7_gmv_max|w7_lgmv_mean|w7_lgmv_std|w14_days_present|w14_days_search|w14_days_cat|w14_days_buy|w14_days_cart|w14_days_presence_only|w14_searches|w14_carts|w14_orders|w14_gmv|w14_gmv_cat|w14_gmv_max|w14_lgmv_mean|w14_lgmv_std|w30_days_present|w30_days_search|w30_days_cat|w30_days_buy|w30_days_cart|w30_days_presence_only|w30_searches|w30_carts|w30_orders|w30_gmv|w30_gmv_cat|w30_gmv_max|w30_lgmv_mean|w30_lgmv_std|w60_days_present|w60_days_search|w60_days_cat|w60_days_buy|w60_days_cart|w60_days_presence_only|w60_searches|w60_carts|w60_orders|w60_gmv|w60_gmv_cat|w60_gmv_max|w60_lgmv_mean|w60_lgmv_std|w90_days_present|w90_days_search|w90_days_cat|w90_days_buy|w90_days_cart|w90_days_presence_only|w90_searches|w90_carts|w90_orders|w90_gmv|w90_gmv_cat|w90_gmv_max|w90_lgmv_mean|w90_lgmv_std|w180_days_present|w180_days_search|w180_days_cat|w180_days_buy|w180_days_cart|w180_days_presence_only|w180_searches|w180_carts|w180_orders|w180_gmv|w180_gmv_cat|w180_gmv_max|w180_lgmv_mean|w180_lgmv_std|w365_days_present|w365_days_search|w365_days_cat|w365_days_buy|w365_days_cart|w365_days_presence_only|w365_searches|w365_carts|w365_orders|w365_gmv|w365_gmv_cat|w365_gmv_max|w365_lgmv_mean|w365_lgmv_std|rec_any|rec_search|rec_cart|rec_buy|rec_cat|gap_mean|gap_std|buygap_mean|buygap_std|weekend_share|tenure_frac|first_buy_frac|gap_max_frac|w7_aov|w7_gmv_per_day|w7_cart2ord|w7_srch2cart|w7_buyday_rate|w7_presence_rate|w7_ponly_share|w7_cat_gmv_share,1786554314981587300,no,no
data/processed/feat_20250422_LnormNone.parquet,feat_20250422_LnormNone.parquet,.parquet,dataset,source_or_derived_dataset,105369127,8cef866dd1714170b81e036ec03f06b9d6bdb730bc5507d78b7e374eb5cbdcba,unknown,rows=216977;row_groups=2;columns=user_id|w7_days_present|w7_days_search|w7_days_cat|w7_days_buy|w7_days_cart|w7_days_presence_only|w7_searches|w7_carts|w7_orders|w7_gmv|w7_gmv_cat|w7_gmv_max|w7_lgmv_mean|w7_lgmv_std|w14_days_present|w14_days_search|w14_days_cat|w14_days_buy|w14_days_cart|w14_days_presence_only|w14_searches|w14_carts|w14_orders|w14_gmv|w14_gmv_cat|w14_gmv_max|w14_lgmv_mean|w14_lgmv_std|w30_days_present|w30_days_search|w30_days_cat|w30_days_buy|w30_days_cart|w30_days_presence_only|w30_searches|w30_carts|w30_orders|w30_gmv|w30_gmv_cat|w30_gmv_max|w30_lgmv_mean|w30_lgmv_std|w60_days_present|w60_days_search|w60_days_cat|w60_days_buy|w60_days_cart|w60_days_presence_only|w60_searches|w60_carts|w60_orders|w60_gmv|w60_gmv_cat|w60_gmv_max|w60_lgmv_mean|w60_lgmv_std|w90_days_present|w90_days_search|w90_days_cat|w90_days_buy|w90_days_cart|w90_days_presence_only|w90_searches|w90_carts|w90_orders|w90_gmv|w90_gmv_cat|w90_gmv_max|w90_lgmv_mean|w90_lgmv_std|w180_days_present|w180_days_search|w180_days_cat|w180_days_buy|w180_days_cart|w180_days_presence_only|w180_searches|w180_carts|w180_orders|w180_gmv|w180_gmv_cat|w180_gmv_max|w180_lgmv_mean|w180_lgmv_std|w365_days_present|w365_days_search|w365_days_cat|w365_days_buy|w365_days_cart|w365_days_presence_only|w365_searches|w365_carts|w365_orders|w365_gmv|w365_gmv_cat|w365_gmv_max|w365_lgmv_mean|w365_lgmv_std|rec_any|rec_search|rec_cart|rec_buy|rec_cat|gap_mean|gap_std|buygap_mean|buygap_std|weekend_share|tenure_frac|first_buy_frac|gap_max_frac|w7_aov|w7_gmv_per_day|w7_cart2ord|w7_srch2cart|w7_buyday_rate|w7_presence_rate|w7_ponly_share|w7_cat_gmv_share,1786554316948668600,no,no
data/processed/feat_20250424_L180.parquet,feat_20250424_L180.parquet,.parquet,dataset,source_or_derived_dataset,85087075,36bcbfe87ab3bddc0f8085707d4959f6c50da675c0d5eded58a2cd30fd99dafd,unknown,rows=217348;row_groups=2;columns=user_id|w7_days_present|w7_days_search|w7_days_cat|w7_days_buy|w7_days_cart|w7_days_presence_only|w7_searches|w7_carts|w7_orders|w7_gmv|w7_gmv_cat|w7_gmv_max|w7_lgmv_mean|w7_lgmv_std|w14_days_present|w14_days_search|w14_days_cat|w14_days_buy|w14_days_cart|w14_days_presence_only|w14_searches|w14_carts|w14_orders|w14_gmv|w14_gmv_cat|w14_gmv_max|w14_lgmv_mean|w14_lgmv_std|w30_days_present|w30_days_search|w30_days_cat|w30_days_buy|w30_days_cart|w30_days_presence_only|w30_searches|w30_carts|w30_orders|w30_gmv|w30_gmv_cat|w30_gmv_max|w30_lgmv_mean|w30_lgmv_std|w60_days_present|w60_days_search|w60_days_cat|w60_days_buy|w60_days_cart|w60_days_presence_only|w60_searches|w60_carts|w60_orders|w60_gmv|w60_gmv_cat|w60_gmv_max|w60_lgmv_mean|w60_lgmv_std|w90_days_present|w90_days_search|w90_days_cat|w90_days_buy|w90_days_cart|w90_days_presence_only|w90_searches|w90_carts|w90_orders|w90_gmv|w90_gmv_cat|w90_gmv_max|w90_lgmv_mean|w90_lgmv_std|w180_days_present|w180_days_search|w180_days_cat|w180_days_buy|w180_days_cart|w180_days_presence_only|w180_searches|w180_carts|w180_orders|w180_gmv|w180_gmv_cat|w180_gmv_max|w180_lgmv_mean|w180_lgmv_std|rec_any|rec_search|rec_cart|rec_buy|rec_cat|gap_mean|gap_std|gap_max|buygap_mean|buygap_std|weekend_share|w7_aov|w7_gmv_per_day|w7_cart2ord|w7_srch2cart|w7_buyday_rate|w7_presence_rate|w7_ponly_share|w7_cat_gmv_share|w7_srch_per_day|w7_lgmv|w7_gmv30eq|w14_aov|w14_gmv_per_day|w14_cart2ord|w14_srch2cart|w14_buyday_rate|w14_presence_rate|w14_ponly_share|w14_cat_gmv_share|w14_srch_per_day|w14_lgmv|w14_gmv30eq|w30_aov|w30_gmv_per_day,1786384229001479000,no,no
data/processed/feat_20250424_L270.parquet,feat_20250424_L270.parquet,.parquet,dataset,source_or_derived_dataset,102879972,aada4d2f0a0c108c6973db11f8a61acd0383063f58baa84bfc753ca8561e32d0,unknown,rows=217348;row_groups=2;columns=user_id|w7_days_present|w7_days_search|w7_days_cat|w7_days_buy|w7_days_cart|w7_days_presence_only|w7_searches|w7_carts|w7_orders|w7_gmv|w7_gmv_cat|w7_gmv_max|w7_lgmv_mean|w7_lgmv_std|w14_days_present|w14_days_search|w14_days_cat|w14_days_buy|w14_days_cart|w14_days_presence_only|w14_searches|w14_carts|w14_orders|w14_gmv|w14_gmv_cat|w14_gmv_max|w14_lgmv_mean|w14_lgmv_std|w30_days_present|w30_days_search|w30_days_cat|w30_days_buy|w30_days_cart|w30_days_presence_only|w30_searches|w30_carts|w30_orders|w30_gmv|w30_gmv_cat|w30_gmv_max|w30_lgmv_mean|w30_lgmv_std|w60_days_present|w60_days_search|w60_days_cat|w60_days_buy|w60_days_cart|w60_days_presence_only|w60_searches|w60_carts|w60_orders|w60_gmv|w60_gmv_cat|w60_gmv_max|w60_lgmv_mean|w60_lgmv_std|w90_days_present|w90_days_search|w90_days_cat|w90_days_buy|w90_days_cart|w90_days_presence_only|w90_searches|w90_carts|w90_orders|w90_gmv|w90_gmv_cat|w90_gmv_max|w90_lgmv_mean|w90_lgmv_std|w180_days_present|w180_days_search|w180_days_cat|w180_days_buy|w180_days_cart|w180_days_presence_only|w180_searches|w180_carts|w180_orders|w180_gmv|w180_gmv_cat|w180_gmv_max|w180_lgmv_mean|w180_lgmv_std|w270_days_present|w270_days_search|w270_days_cat|w270_days_buy|w270_days_cart|w270_days_presence_only|w270_searches|w270_carts|w270_orders|w270_gmv|w270_gmv_cat|w270_gmv_max|w270_lgmv_mean|w270_lgmv_std|rec_any|rec_search|rec_cart|rec_buy|rec_cat|gap_mean|gap_std|gap_max|buygap_mean|buygap_std|weekend_share|w7_aov|w7_gmv_per_day|w7_cart2ord|w7_srch2cart|w7_buyday_rate|w7_presence_rate|w7_ponly_share|w7_cat_gmv_share|w7_srch_per_day|w7_lgmv,1786384484509749100,no,no
data/processed/feat_20250424_L90.parquet,feat_20250424_L90.parquet,.parquet,dataset,source_or_derived_dataset,66054881,f5007f3284fd46bbc82c93dce02e27e2d084c9c596d009d4721cb00331836841,unknown,rows=215494;row_groups=2;columns=user_id|w7_days_present|w7_days_search|w7_days_cat|w7_days_buy|w7_days_cart|w7_days_presence_only|w7_searches|w7_carts|w7_orders|w7_gmv|w7_gmv_cat|w7_gmv_max|w7_lgmv_mean|w7_lgmv_std|w14_days_present|w14_days_search|w14_days_cat|w14_days_buy|w14_days_cart|w14_days_presence_only|w14_searches|w14_carts|w14_orders|w14_gmv|w14_gmv_cat|w14_gmv_max|w14_lgmv_mean|w14_lgmv_std|w30_days_present|w30_days_search|w30_days_cat|w30_days_buy|w30_days_cart|w30_days_presence_only|w30_searches|w30_carts|w30_orders|w30_gmv|w30_gmv_cat|w30_gmv_max|w30_lgmv_mean|w30_lgmv_std|w60_days_present|w60_days_search|w60_days_cat|w60_days_buy|w60_days_cart|w60_days_presence_only|w60_searches|w60_carts|w60_orders|w60_gmv|w60_gmv_cat|w60_gmv_max|w60_lgmv_mean|w60_lgmv_std|w90_days_present|w90_days_search|w90_days_cat|w90_days_buy|w90_days_cart|w90_days_presence_only|w90_searches|w90_carts|w90_orders|w90_gmv|w90_gmv_cat|w90_gmv_max|w90_lgmv_mean|w90_lgmv_std|rec_any|rec_search|rec_cart|rec_buy|rec_cat|gap_mean|gap_std|gap_max|buygap_mean|buygap_std|weekend_share|w7_aov|w7_gmv_per_day|w7_cart2ord|w7_srch2cart|w7_buyday_rate|w7_presence_rate|w7_ponly_share|w7_cat_gmv_share|w7_srch_per_day|w7_lgmv|w7_gmv30eq|w14_aov|w14_gmv_per_day|w14_cart2ord|w14_srch2cart|w14_buyday_rate|w14_presence_rate|w14_ponly_share|w14_cat_gmv_share|w14_srch_per_day|w14_lgmv|w14_gmv30eq|w30_aov|w30_gmv_per_day|w30_cart2ord|w30_srch2cart|w30_buyday_rate|w30_presence_rate|w30_ponly_share|w30_cat_gmv_share|w30_srch_per_day|w30_lgmv|w30_gmv30eq|w60_aov|w60_gmv_per_day|w60_cart2ord|w60_srch2cart|w60_buyday_rate,1786384323995230600,no,no
data/processed/feat_20250424_LNone.parquet,feat_20250424_LNone.parquet,.parquet,dataset,source_or_derived_dataset,109187348,381cc9486c31c49615b581cc4699656edf242773c295e00e5f97e3be2dae38b0,unknown,rows=217348;row_groups=2;columns=user_id|w7_days_present|w7_days_search|w7_days_cat|w7_days_buy|w7_days_cart|w7_days_presence_only|w7_searches|w7_carts|w7_orders|w7_gmv|w7_gmv_cat|w7_gmv_max|w7_lgmv_mean|w7_lgmv_std|w14_days_present|w14_days_search|w14_days_cat|w14_days_buy|w14_days_cart|w14_days_presence_only|w14_searches|w14_carts|w14_orders|w14_gmv|w14_gmv_cat|w14_gmv_max|w14_lgmv_mean|w14_lgmv_std|w30_days_present|w30_days_search|w30_days_cat|w30_days_buy|w30_days_cart|w30_days_presence_only|w30_searches|w30_carts|w30_orders|w30_gmv|w30_gmv_cat|w30_gmv_max|w30_lgmv_mean|w30_lgmv_std|w60_days_present|w60_days_search|w60_days_cat|w60_days_buy|w60_days_cart|w60_days_presence_only|w60_searches|w60_carts|w60_orders|w60_gmv|w60_gmv_cat|w60_gmv_max|w60_lgmv_mean|w60_lgmv_std|w90_days_present|w90_days_search|w90_days_cat|w90_days_buy|w90_days_cart|w90_days_presence_only|w90_searches|w90_carts|w90_orders|w90_gmv|w90_gmv_cat|w90_gmv_max|w90_lgmv_mean|w90_lgmv_std|w180_days_present|w180_days_search|w180_days_cat|w180_days_buy|w180_days_cart|w180_days_presence_only|w180_searches|w180_carts|w180_orders|w180_gmv|w180_gmv_cat|w180_gmv_max|w180_lgmv_mean|w180_lgmv_std|w365_days_present|w365_days_search|w365_days_cat|w365_days_buy|w365_days_cart|w365_days_presence_only|w365_searches|w365_carts|w365_orders|w365_gmv|w365_gmv_cat|w365_gmv_max|w365_lgmv_mean|w365_lgmv_std|rec_any|rec_search|rec_cart|rec_buy|rec_cat|tenure|first_buy_age|all_days_present|all_days_buy|all_gmv|all_orders|all_searches|gap_mean|gap_std|gap_max|buygap_mean|buygap_std|weekend_share|w7_aov|w7_gmv_per_day|w7_cart2ord,1786384382804729000,no,no
data/processed/feat_20250424_LnormNone.parquet,feat_20250424_LnormNone.parquet,.parquet,dataset,source_or_derived_dataset,105319288,8a90575cb8a52ae445b43d0015e837549db3adbe9c8ff1021356d5ec365977a9,unknown,rows=217348;row_groups=2;columns=user_id|w7_days_present|w7_days_search|w7_days_cat|w7_days_buy|w7_days_cart|w7_days_presence_only|w7_searches|w7_carts|w7_orders|w7_gmv|w7_gmv_cat|w7_gmv_max|w7_lgmv_mean|w7_lgmv_std|w14_days_present|w14_days_search|w14_days_cat|w14_days_buy|w14_days_cart|w14_days_presence_only|w14_searches|w14_carts|w14_orders|w14_gmv|w14_gmv_cat|w14_gmv_max|w14_lgmv_mean|w14_lgmv_std|w30_days_present|w30_days_search|w30_days_cat|w30_days_buy|w30_days_cart|w30_days_presence_only|w30_searches|w30_carts|w30_orders|w30_gmv|w30_gmv_cat|w30_gmv_max|w30_lgmv_mean|w30_lgmv_std|w60_days_present|w60_days_search|w60_days_cat|w60_days_buy|w60_days_cart|w60_days_presence_only|w60_searches|w60_carts|w60_orders|w60_gmv|w60_gmv_cat|w60_gmv_max|w60_lgmv_mean|w60_lgmv_std|w90_days_present|w90_days_search|w90_days_cat|w90_days_buy|w90_days_cart|w90_days_presence_only|w90_searches|w90_carts|w90_orders|w90_gmv|w90_gmv_cat|w90_gmv_max|w90_lgmv_mean|w90_lgmv_std|w180_days_present|w180_days_search|w180_days_cat|w180_days_buy|w180_days_cart|w180_days_presence_only|w180_searches|w180_carts|w180_orders|w180_gmv|w180_gmv_cat|w180_gmv_max|w180_lgmv_mean|w180_lgmv_std|w365_days_present|w365_days_search|w365_days_cat|w365_days_buy|w365_days_cart|w365_days_presence_only|w365_searches|w365_carts|w365_orders|w365_gmv|w365_gmv_cat|w365_gmv_max|w365_lgmv_mean|w365_lgmv_std|rec_any|rec_search|rec_cart|rec_buy|rec_cat|gap_mean|gap_std|buygap_mean|buygap_std|weekend_share|tenure_frac|first_buy_frac|gap_max_frac|w7_aov|w7_gmv_per_day|w7_cart2ord|w7_srch2cart|w7_buyday_rate|w7_presence_rate|w7_ponly_share|w7_cat_gmv_share,1786387812189489000,no,no
data/processed/feat_20250425_LnormNone.parquet,feat_20250425_LnormNone.parquet,.parquet,dataset,source_or_derived_dataset,105642629,630ac36139e28c81d0267593a8832cf3856a17c0fc0e82201f95acd32d5c65b7,unknown,rows=217519;row_groups=2;columns=user_id|w7_days_present|w7_days_search|w7_days_cat|w7_days_buy|w7_days_cart|w7_days_presence_only|w7_searches|w7_carts|w7_orders|w7_gmv|w7_gmv_cat|w7_gmv_max|w7_lgmv_mean|w7_lgmv_std|w14_days_present|w14_days_search|w14_days_cat|w14_days_buy|w14_days_cart|w14_days_presence_only|w14_searches|w14_carts|w14_orders|w14_gmv|w14_gmv_cat|w14_gmv_max|w14_lgmv_mean|w14_lgmv_std|w30_days_present|w30_days_search|w30_days_cat|w30_days_buy|w30_days_cart|w30_days_presence_only|w30_searches|w30_carts|w30_orders|w30_gmv|w30_gmv_cat|w30_gmv_max|w30_lgmv_mean|w30_lgmv_std|w60_days_present|w60_days_search|w60_days_cat|w60_days_buy|w60_days_cart|w60_days_presence_only|w60_searches|w60_carts|w60_orders|w60_gmv|w60_gmv_cat|w60_gmv_max|w60_lgmv_mean|w60_lgmv_std|w90_days_present|w90_days_search|w90_days_cat|w90_days_buy|w90_days_cart|w90_days_presence_only|w90_searches|w90_carts|w90_orders|w90_gmv|w90_gmv_cat|w90_gmv_max|w90_lgmv_mean|w90_lgmv_std|w180_days_present|w180_days_search|w180_days_cat|w180_days_buy|w180_days_cart|w180_days_presence_only|w180_searches|w180_carts|w180_orders|w180_gmv|w180_gmv_cat|w180_gmv_max|w180_lgmv_mean|w180_lgmv_std|w365_days_present|w365_days_search|w365_days_cat|w365_days_buy|w365_days_cart|w365_days_presence_only|w365_searches|w365_carts|w365_orders|w365_gmv|w365_gmv_cat|w365_gmv_max|w365_lgmv_mean|w365_lgmv_std|rec_any|rec_search|rec_cart|rec_buy|rec_cat|gap_mean|gap_std|buygap_mean|buygap_std|weekend_share|tenure_frac|first_buy_frac|gap_max_frac|w7_aov|w7_gmv_per_day|w7_cart2ord|w7_srch2cart|w7_buyday_rate|w7_presence_rate|w7_ponly_share|w7_cat_gmv_share,1786554319332127200,no,no
data/processed/feat_20250428_LnormNone.parquet,feat_20250428_LnormNone.parquet,.parquet,dataset,source_or_derived_dataset,106249198,cf5a41ab1e1ae6078cf08f9dbc2c0f2469f7da18e34b555ea2e69fd9df56d2ba,unknown,rows=218023;row_groups=2;columns=user_id|w7_days_present|w7_days_search|w7_days_cat|w7_days_buy|w7_days_cart|w7_days_presence_only|w7_searches|w7_carts|w7_orders|w7_gmv|w7_gmv_cat|w7_gmv_max|w7_lgmv_mean|w7_lgmv_std|w14_days_present|w14_days_search|w14_days_cat|w14_days_buy|w14_days_cart|w14_days_presence_only|w14_searches|w14_carts|w14_orders|w14_gmv|w14_gmv_cat|w14_gmv_max|w14_lgmv_mean|w14_lgmv_std|w30_days_present|w30_days_search|w30_days_cat|w30_days_buy|w30_days_cart|w30_days_presence_only|w30_searches|w30_carts|w30_orders|w30_gmv|w30_gmv_cat|w30_gmv_max|w30_lgmv_mean|w30_lgmv_std|w60_days_present|w60_days_search|w60_days_cat|w60_days_buy|w60_days_cart|w60_days_presence_only|w60_searches|w60_carts|w60_orders|w60_gmv|w60_gmv_cat|w60_gmv_max|w60_lgmv_mean|w60_lgmv_std|w90_days_present|w90_days_search|w90_days_cat|w90_days_buy|w90_days_cart|w90_days_presence_only|w90_searches|w90_carts|w90_orders|w90_gmv|w90_gmv_cat|w90_gmv_max|w90_lgmv_mean|w90_lgmv_std|w180_days_present|w180_days_search|w180_days_cat|w180_days_buy|w180_days_cart|w180_days_presence_only|w180_searches|w180_carts|w180_orders|w180_gmv|w180_gmv_cat|w180_gmv_max|w180_lgmv_mean|w180_lgmv_std|w365_days_present|w365_days_search|w365_days_cat|w365_days_buy|w365_days_cart|w365_days_presence_only|w365_searches|w365_carts|w365_orders|w365_gmv|w365_gmv_cat|w365_gmv_max|w365_lgmv_mean|w365_lgmv_std|rec_any|rec_search|rec_cart|rec_buy|rec_cat|gap_mean|gap_std|buygap_mean|buygap_std|weekend_share|tenure_frac|first_buy_frac|gap_max_frac|w7_aov|w7_gmv_per_day|w7_cart2ord|w7_srch2cart|w7_buyday_rate|w7_presence_rate|w7_ponly_share|w7_cat_gmv_share,1786554321886468100,no,no
data/processed/feat_20250501_L180.parquet,feat_20250501_L180.parquet,.parquet,dataset,source_or_derived_dataset,86038702,cebaa4b98ef1f456bd4f8ad1782cd67e48a7d4b837e8a3f8e940fcd49ac15116,unknown,rows=218506;row_groups=2;columns=user_id|w7_days_present|w7_days_search|w7_days_cat|w7_days_buy|w7_days_cart|w7_days_presence_only|w7_searches|w7_carts|w7_orders|w7_gmv|w7_gmv_cat|w7_gmv_max|w7_lgmv_mean|w7_lgmv_std|w14_days_present|w14_days_search|w14_days_cat|w14_days_buy|w14_days_cart|w14_days_presence_only|w14_searches|w14_carts|w14_orders|w14_gmv|w14_gmv_cat|w14_gmv_max|w14_lgmv_mean|w14_lgmv_std|w30_days_present|w30_days_search|w30_days_cat|w30_days_buy|w30_days_cart|w30_days_presence_only|w30_searches|w30_carts|w30_orders|w30_gmv|w30_gmv_cat|w30_gmv_max|w30_lgmv_mean|w30_lgmv_std|w60_days_present|w60_days_search|w60_days_cat|w60_days_buy|w60_days_cart|w60_days_presence_only|w60_searches|w60_carts|w60_orders|w60_gmv|w60_gmv_cat|w60_gmv_max|w60_lgmv_mean|w60_lgmv_std|w90_days_present|w90_days_search|w90_days_cat|w90_days_buy|w90_days_cart|w90_days_presence_only|w90_searches|w90_carts|w90_orders|w90_gmv|w90_gmv_cat|w90_gmv_max|w90_lgmv_mean|w90_lgmv_std|w180_days_present|w180_days_search|w180_days_cat|w180_days_buy|w180_days_cart|w180_days_presence_only|w180_searches|w180_carts|w180_orders|w180_gmv|w180_gmv_cat|w180_gmv_max|w180_lgmv_mean|w180_lgmv_std|rec_any|rec_search|rec_cart|rec_buy|rec_cat|gap_mean|gap_std|gap_max|buygap_mean|buygap_std|weekend_share|w7_aov|w7_gmv_per_day|w7_cart2ord|w7_srch2cart|w7_buyday_rate|w7_presence_rate|w7_ponly_share|w7_cat_gmv_share|w7_srch_per_day|w7_lgmv|w7_gmv30eq|w14_aov|w14_gmv_per_day|w14_cart2ord|w14_srch2cart|w14_buyday_rate|w14_presence_rate|w14_ponly_share|w14_cat_gmv_share|w14_srch_per_day|w14_lgmv|w14_gmv30eq|w30_aov|w30_gmv_per_day,1786384231200885600,no,no
data/processed/feat_20250501_L270.parquet,feat_20250501_L270.parquet,.parquet,dataset,source_or_derived_dataset,104284883,c989f20c974833b970378e727e80b4e8e3f121b934cf5523a02f57890342d5ab,unknown,rows=218506;row_groups=2;columns=user_id|w7_days_present|w7_days_search|w7_days_cat|w7_days_buy|w7_days_cart|w7_days_presence_only|w7_searches|w7_carts|w7_orders|w7_gmv|w7_gmv_cat|w7_gmv_max|w7_lgmv_mean|w7_lgmv_std|w14_days_present|w14_days_search|w14_days_cat|w14_days_buy|w14_days_cart|w14_days_presence_only|w14_searches|w14_carts|w14_orders|w14_gmv|w14_gmv_cat|w14_gmv_max|w14_lgmv_mean|w14_lgmv_std|w30_days_present|w30_days_search|w30_days_cat|w30_days_buy|w30_days_cart|w30_days_presence_only|w30_searches|w30_carts|w30_orders|w30_gmv|w30_gmv_cat|w30_gmv_max|w30_lgmv_mean|w30_lgmv_std|w60_days_present|w60_days_search|w60_days_cat|w60_days_buy|w60_days_cart|w60_days_presence_only|w60_searches|w60_carts|w60_orders|w60_gmv|w60_gmv_cat|w60_gmv_max|w60_lgmv_mean|w60_lgmv_std|w90_days_present|w90_days_search|w90_days_cat|w90_days_buy|w90_days_cart|w90_days_presence_only|w90_searches|w90_carts|w90_orders|w90_gmv|w90_gmv_cat|w90_gmv_max|w90_lgmv_mean|w90_lgmv_std|w180_days_present|w180_days_search|w180_days_cat|w180_days_buy|w180_days_cart|w180_days_presence_only|w180_searches|w180_carts|w180_orders|w180_gmv|w180_gmv_cat|w180_gmv_max|w180_lgmv_mean|w180_lgmv_std|w270_days_present|w270_days_search|w270_days_cat|w270_days_buy|w270_days_cart|w270_days_presence_only|w270_searches|w270_carts|w270_orders|w270_gmv|w270_gmv_cat|w270_gmv_max|w270_lgmv_mean|w270_lgmv_std|rec_any|rec_search|rec_cart|rec_buy|rec_cat|gap_mean|gap_std|gap_max|buygap_mean|buygap_std|weekend_share|w7_aov|w7_gmv_per_day|w7_cart2ord|w7_srch2cart|w7_buyday_rate|w7_presence_rate|w7_ponly_share|w7_cat_gmv_share|w7_srch_per_day|w7_lgmv,1786384486766244400,no,no
data/processed/feat_20250501_L90.parquet,feat_20250501_L90.parquet,.parquet,dataset,source_or_derived_dataset,66445032,9bd070d78f528327a4559875da22d169fdfdf03330a9a1049c4048b8c82a9a9d,unknown,rows=216305;row_groups=2;columns=user_id|w7_days_present|w7_days_search|w7_days_cat|w7_days_buy|w7_days_cart|w7_days_presence_only|w7_searches|w7_carts|w7_orders|w7_gmv|w7_gmv_cat|w7_gmv_max|w7_lgmv_mean|w7_lgmv_std|w14_days_present|w14_days_search|w14_days_cat|w14_days_buy|w14_days_cart|w14_days_presence_only|w14_searches|w14_carts|w14_orders|w14_gmv|w14_gmv_cat|w14_gmv_max|w14_lgmv_mean|w14_lgmv_std|w30_days_present|w30_days_search|w30_days_cat|w30_days_buy|w30_days_cart|w30_days_presence_only|w30_searches|w30_carts|w30_orders|w30_gmv|w30_gmv_cat|w30_gmv_max|w30_lgmv_mean|w30_lgmv_std|w60_days_present|w60_days_search|w60_days_cat|w60_days_buy|w60_days_cart|w60_days_presence_only|w60_searches|w60_carts|w60_orders|w60_gmv|w60_gmv_cat|w60_gmv_max|w60_lgmv_mean|w60_lgmv_std|w90_days_present|w90_days_search|w90_days_cat|w90_days_buy|w90_days_cart|w90_days_presence_only|w90_searches|w90_carts|w90_orders|w90_gmv|w90_gmv_cat|w90_gmv_max|w90_lgmv_mean|w90_lgmv_std|rec_any|rec_search|rec_cart|rec_buy|rec_cat|gap_mean|gap_std|gap_max|buygap_mean|buygap_std|weekend_share|w7_aov|w7_gmv_per_day|w7_cart2ord|w7_srch2cart|w7_buyday_rate|w7_presence_rate|w7_ponly_share|w7_cat_gmv_share|w7_srch_per_day|w7_lgmv|w7_gmv30eq|w14_aov|w14_gmv_per_day|w14_cart2ord|w14_srch2cart|w14_buyday_rate|w14_presence_rate|w14_ponly_share|w14_cat_gmv_share|w14_srch_per_day|w14_lgmv|w14_gmv30eq|w30_aov|w30_gmv_per_day|w30_cart2ord|w30_srch2cart|w30_buyday_rate|w30_presence_rate|w30_ponly_share|w30_cat_gmv_share|w30_srch_per_day|w30_lgmv|w30_gmv30eq|w60_aov|w60_gmv_per_day|w60_cart2ord|w60_srch2cart|w60_buyday_rate,1786384325623938700,no,no
data/processed/feat_20250501_LNone.parquet,feat_20250501_LNone.parquet,.parquet,dataset,source_or_derived_dataset,110682921,4257bd652e9ac9b327ab7117732a32ac7bd1ceb56f14eb2d72e58c5527a384ed,unknown,rows=218506;row_groups=2;columns=user_id|w7_days_present|w7_days_search|w7_days_cat|w7_days_buy|w7_days_cart|w7_days_presence_only|w7_searches|w7_carts|w7_orders|w7_gmv|w7_gmv_cat|w7_gmv_max|w7_lgmv_mean|w7_lgmv_std|w14_days_present|w14_days_search|w14_days_cat|w14_days_buy|w14_days_cart|w14_days_presence_only|w14_searches|w14_carts|w14_orders|w14_gmv|w14_gmv_cat|w14_gmv_max|w14_lgmv_mean|w14_lgmv_std|w30_days_present|w30_days_search|w30_days_cat|w30_days_buy|w30_days_cart|w30_days_presence_only|w30_searches|w30_carts|w30_orders|w30_gmv|w30_gmv_cat|w30_gmv_max|w30_lgmv_mean|w30_lgmv_std|w60_days_present|w60_days_search|w60_days_cat|w60_days_buy|w60_days_cart|w60_days_presence_only|w60_searches|w60_carts|w60_orders|w60_gmv|w60_gmv_cat|w60_gmv_max|w60_lgmv_mean|w60_lgmv_std|w90_days_present|w90_days_search|w90_days_cat|w90_days_buy|w90_days_cart|w90_days_presence_only|w90_searches|w90_carts|w90_orders|w90_gmv|w90_gmv_cat|w90_gmv_max|w90_lgmv_mean|w90_lgmv_std|w180_days_present|w180_days_search|w180_days_cat|w180_days_buy|w180_days_cart|w180_days_presence_only|w180_searches|w180_carts|w180_orders|w180_gmv|w180_gmv_cat|w180_gmv_max|w180_lgmv_mean|w180_lgmv_std|w365_days_present|w365_days_search|w365_days_cat|w365_days_buy|w365_days_cart|w365_days_presence_only|w365_searches|w365_carts|w365_orders|w365_gmv|w365_gmv_cat|w365_gmv_max|w365_lgmv_mean|w365_lgmv_std|rec_any|rec_search|rec_cart|rec_buy|rec_cat|tenure|first_buy_age|all_days_present|all_days_buy|all_gmv|all_orders|all_searches|gap_mean|gap_std|gap_max|buygap_mean|buygap_std|weekend_share|w7_aov|w7_gmv_per_day|w7_cart2ord,1786384385802582100,no,no
data/processed/feat_20250501_LnormNone.parquet,feat_20250501_LnormNone.parquet,.parquet,dataset,source_or_derived_dataset,106681062,ed38ebd49fd3d2550c86bcbf23e6feb6a4e58080c6913aabb3492427cee03ae6,unknown,rows=218506;row_groups=2;columns=user_id|w7_days_present|w7_days_search|w7_days_cat|w7_days_buy|w7_days_cart|w7_days_presence_only|w7_searches|w7_carts|w7_orders|w7_gmv|w7_gmv_cat|w7_gmv_max|w7_lgmv_mean|w7_lgmv_std|w14_days_present|w14_days_search|w14_days_cat|w14_days_buy|w14_days_cart|w14_days_presence_only|w14_searches|w14_carts|w14_orders|w14_gmv|w14_gmv_cat|w14_gmv_max|w14_lgmv_mean|w14_lgmv_std|w30_days_present|w30_days_search|w30_days_cat|w30_days_buy|w30_days_cart|w30_days_presence_only|w30_searches|w30_carts|w30_orders|w30_gmv|w30_gmv_cat|w30_gmv_max|w30_lgmv_mean|w30_lgmv_std|w60_days_present|w60_days_search|w60_days_cat|w60_days_buy|w60_days_cart|w60_days_presence_only|w60_searches|w60_carts|w60_orders|w60_gmv|w60_gmv_cat|w60_gmv_max|w60_lgmv_mean|w60_lgmv_std|w90_days_present|w90_days_search|w90_days_cat|w90_days_buy|w90_days_cart|w90_days_presence_only|w90_searches|w90_carts|w90_orders|w90_gmv|w90_gmv_cat|w90_gmv_max|w90_lgmv_mean|w90_lgmv_std|w180_days_present|w180_days_search|w180_days_cat|w180_days_buy|w180_days_cart|w180_days_presence_only|w180_searches|w180_carts|w180_orders|w180_gmv|w180_gmv_cat|w180_gmv_max|w180_lgmv_mean|w180_lgmv_std|w365_days_present|w365_days_search|w365_days_cat|w365_days_buy|w365_days_cart|w365_days_presence_only|w365_searches|w365_carts|w365_orders|w365_gmv|w365_gmv_cat|w365_gmv_max|w365_lgmv_mean|w365_lgmv_std|rec_any|rec_search|rec_cart|rec_buy|rec_cat|gap_mean|gap_std|buygap_mean|buygap_std|weekend_share|tenure_frac|first_buy_frac|gap_max_frac|w7_aov|w7_gmv_per_day|w7_cart2ord|w7_srch2cart|w7_buyday_rate|w7_presence_rate|w7_ponly_share|w7_cat_gmv_share,1786387815976210700,no,no
data/processed/feat_20250504_LnormNone.parquet,feat_20250504_LnormNone.parquet,.parquet,dataset,source_or_derived_dataset,107136954,257dec3ea96b6cf40e9f230f96eb0c687a1108b303b4cb29a55ee63dae358394,unknown,rows=218954;row_groups=2;columns=user_id|w7_days_present|w7_days_search|w7_days_cat|w7_days_buy|w7_days_cart|w7_days_presence_only|w7_searches|w7_carts|w7_orders|w7_gmv|w7_gmv_cat|w7_gmv_max|w7_lgmv_mean|w7_lgmv_std|w14_days_present|w14_days_search|w14_days_cat|w14_days_buy|w14_days_cart|w14_days_presence_only|w14_searches|w14_carts|w14_orders|w14_gmv|w14_gmv_cat|w14_gmv_max|w14_lgmv_mean|w14_lgmv_std|w30_days_present|w30_days_search|w30_days_cat|w30_days_buy|w30_days_cart|w30_days_presence_only|w30_searches|w30_carts|w30_orders|w30_gmv|w30_gmv_cat|w30_gmv_max|w30_lgmv_mean|w30_lgmv_std|w60_days_present|w60_days_search|w60_days_cat|w60_days_buy|w60_days_cart|w60_days_presence_only|w60_searches|w60_carts|w60_orders|w60_gmv|w60_gmv_cat|w60_gmv_max|w60_lgmv_mean|w60_lgmv_std|w90_days_present|w90_days_search|w90_days_cat|w90_days_buy|w90_days_cart|w90_days_presence_only|w90_searches|w90_carts|w90_orders|w90_gmv|w90_gmv_cat|w90_gmv_max|w90_lgmv_mean|w90_lgmv_std|w180_days_present|w180_days_search|w180_days_cat|w180_days_buy|w180_days_cart|w180_days_presence_only|w180_searches|w180_carts|w180_orders|w180_gmv|w180_gmv_cat|w180_gmv_max|w180_lgmv_mean|w180_lgmv_std|w365_days_present|w365_days_search|w365_days_cat|w365_days_buy|w365_days_cart|w365_days_presence_only|w365_searches|w365_carts|w365_orders|w365_gmv|w365_gmv_cat|w365_gmv_max|w365_lgmv_mean|w365_lgmv_std|rec_any|rec_search|rec_cart|rec_buy|rec_cat|gap_mean|gap_std|buygap_mean|buygap_std|weekend_share|tenure_frac|first_buy_frac|gap_max_frac|w7_aov|w7_gmv_per_day|w7_cart2ord|w7_srch2cart|w7_buyday_rate|w7_presence_rate|w7_ponly_share|w7_cat_gmv_share,1786554324299671000,no,no
data/processed/feat_20250507_LnormNone.parquet,feat_20250507_LnormNone.parquet,.parquet,dataset,source_or_derived_dataset,107562820,99df1f974d8ef6d2e05e8dcac1567c2f74266b1e4da441cb6eea21c74be4ffda,unknown,rows=219428;row_groups=2;columns=user_id|w7_days_present|w7_days_search|w7_days_cat|w7_days_buy|w7_days_cart|w7_days_presence_only|w7_searches|w7_carts|w7_orders|w7_gmv|w7_gmv_cat|w7_gmv_max|w7_lgmv_mean|w7_lgmv_std|w14_days_present|w14_days_search|w14_days_cat|w14_days_buy|w14_days_cart|w14_days_presence_only|w14_searches|w14_carts|w14_orders|w14_gmv|w14_gmv_cat|w14_gmv_max|w14_lgmv_mean|w14_lgmv_std|w30_days_present|w30_days_search|w30_days_cat|w30_days_buy|w30_days_cart|w30_days_presence_only|w30_searches|w30_carts|w30_orders|w30_gmv|w30_gmv_cat|w30_gmv_max|w30_lgmv_mean|w30_lgmv_std|w60_days_present|w60_days_search|w60_days_cat|w60_days_buy|w60_days_cart|w60_days_presence_only|w60_searches|w60_carts|w60_orders|w60_gmv|w60_gmv_cat|w60_gmv_max|w60_lgmv_mean|w60_lgmv_std|w90_days_present|w90_days_search|w90_days_cat|w90_days_buy|w90_days_cart|w90_days_presence_only|w90_searches|w90_carts|w90_orders|w90_gmv|w90_gmv_cat|w90_gmv_max|w90_lgmv_mean|w90_lgmv_std|w180_days_present|w180_days_search|w180_days_cat|w180_days_buy|w180_days_cart|w180_days_presence_only|w180_searches|w180_carts|w180_orders|w180_gmv|w180_gmv_cat|w180_gmv_max|w180_lgmv_mean|w180_lgmv_std|w365_days_present|w365_days_search|w365_days_cat|w365_days_buy|w365_days_cart|w365_days_presence_only|w365_searches|w365_carts|w365_orders|w365_gmv|w365_gmv_cat|w365_gmv_max|w365_lgmv_mean|w365_lgmv_std|rec_any|rec_search|rec_cart|rec_buy|rec_cat|gap_mean|gap_std|buygap_mean|buygap_std|weekend_share|tenure_frac|first_buy_frac|gap_max_frac|w7_aov|w7_gmv_per_day|w7_cart2ord|w7_srch2cart|w7_buyday_rate|w7_presence_rate|w7_ponly_share|w7_cat_gmv_share,1786554326481910600,no,no
data/processed/feat_20250508_L180.parquet,feat_20250508_L180.parquet,.parquet,dataset,source_or_derived_dataset,86641930,ffb4e2b6dcd5c7db4d133ee8fd601f81f8e7dcd54c610a11a937aa1652850a83,unknown,rows=219576;row_groups=2;columns=user_id|w7_days_present|w7_days_search|w7_days_cat|w7_days_buy|w7_days_cart|w7_days_presence_only|w7_searches|w7_carts|w7_orders|w7_gmv|w7_gmv_cat|w7_gmv_max|w7_lgmv_mean|w7_lgmv_std|w14_days_present|w14_days_search|w14_days_cat|w14_days_buy|w14_days_cart|w14_days_presence_only|w14_searches|w14_carts|w14_orders|w14_gmv|w14_gmv_cat|w14_gmv_max|w14_lgmv_mean|w14_lgmv_std|w30_days_present|w30_days_search|w30_days_cat|w30_days_buy|w30_days_cart|w30_days_presence_only|w30_searches|w30_carts|w30_orders|w30_gmv|w30_gmv_cat|w30_gmv_max|w30_lgmv_mean|w30_lgmv_std|w60_days_present|w60_days_search|w60_days_cat|w60_days_buy|w60_days_cart|w60_days_presence_only|w60_searches|w60_carts|w60_orders|w60_gmv|w60_gmv_cat|w60_gmv_max|w60_lgmv_mean|w60_lgmv_std|w90_days_present|w90_days_search|w90_days_cat|w90_days_buy|w90_days_cart|w90_days_presence_only|w90_searches|w90_carts|w90_orders|w90_gmv|w90_gmv_cat|w90_gmv_max|w90_lgmv_mean|w90_lgmv_std|w180_days_present|w180_days_search|w180_days_cat|w180_days_buy|w180_days_cart|w180_days_presence_only|w180_searches|w180_carts|w180_orders|w180_gmv|w180_gmv_cat|w180_gmv_max|w180_lgmv_mean|w180_lgmv_std|rec_any|rec_search|rec_cart|rec_buy|rec_cat|gap_mean|gap_std|gap_max|buygap_mean|buygap_std|weekend_share|w7_aov|w7_gmv_per_day|w7_cart2ord|w7_srch2cart|w7_buyday_rate|w7_presence_rate|w7_ponly_share|w7_cat_gmv_share|w7_srch_per_day|w7_lgmv|w7_gmv30eq|w14_aov|w14_gmv_per_day|w14_cart2ord|w14_srch2cart|w14_buyday_rate|w14_presence_rate|w14_ponly_share|w14_cat_gmv_share|w14_srch_per_day|w14_lgmv|w14_gmv30eq|w30_aov|w30_gmv_per_day,1786384233939102700,no,no
data/processed/feat_20250508_L270.parquet,feat_20250508_L270.parquet,.parquet,dataset,source_or_derived_dataset,105286280,ceefb13e815205c601bb68420a27cab0af004793e7e496d824ba01819f52c8df,unknown,rows=219576;row_groups=2;columns=user_id|w7_days_present|w7_days_search|w7_days_cat|w7_days_buy|w7_days_cart|w7_days_presence_only|w7_searches|w7_carts|w7_orders|w7_gmv|w7_gmv_cat|w7_gmv_max|w7_lgmv_mean|w7_lgmv_std|w14_days_present|w14_days_search|w14_days_cat|w14_days_buy|w14_days_cart|w14_days_presence_only|w14_searches|w14_carts|w14_orders|w14_gmv|w14_gmv_cat|w14_gmv_max|w14_lgmv_mean|w14_lgmv_std|w30_days_present|w30_days_search|w30_days_cat|w30_days_buy|w30_days_cart|w30_days_presence_only|w30_searches|w30_carts|w30_orders|w30_gmv|w30_gmv_cat|w30_gmv_max|w30_lgmv_mean|w30_lgmv_std|w60_days_present|w60_days_search|w60_days_cat|w60_days_buy|w60_days_cart|w60_days_presence_only|w60_searches|w60_carts|w60_orders|w60_gmv|w60_gmv_cat|w60_gmv_max|w60_lgmv_mean|w60_lgmv_std|w90_days_present|w90_days_search|w90_days_cat|w90_days_buy|w90_days_cart|w90_days_presence_only|w90_searches|w90_carts|w90_orders|w90_gmv|w90_gmv_cat|w90_gmv_max|w90_lgmv_mean|w90_lgmv_std|w180_days_present|w180_days_search|w180_days_cat|w180_days_buy|w180_days_cart|w180_days_presence_only|w180_searches|w180_carts|w180_orders|w180_gmv|w180_gmv_cat|w180_gmv_max|w180_lgmv_mean|w180_lgmv_std|w270_days_present|w270_days_search|w270_days_cat|w270_days_buy|w270_days_cart|w270_days_presence_only|w270_searches|w270_carts|w270_orders|w270_gmv|w270_gmv_cat|w270_gmv_max|w270_lgmv_mean|w270_lgmv_std|rec_any|rec_search|rec_cart|rec_buy|rec_cat|gap_mean|gap_std|gap_max|buygap_mean|buygap_std|weekend_share|w7_aov|w7_gmv_per_day|w7_cart2ord|w7_srch2cart|w7_buyday_rate|w7_presence_rate|w7_ponly_share|w7_cat_gmv_share|w7_srch_per_day|w7_lgmv,1786384489092317300,no,no
data/processed/feat_20250508_L90.parquet,feat_20250508_L90.parquet,.parquet,dataset,source_or_derived_dataset,66534650,0836a4eb4372bbe9bf9b9ace5dc1a4fc5f874bbe594a38a07e9d07484147e8bc,unknown,rows=217028;row_groups=2;columns=user_id|w7_days_present|w7_days_search|w7_days_cat|w7_days_buy|w7_days_cart|w7_days_presence_only|w7_searches|w7_carts|w7_orders|w7_gmv|w7_gmv_cat|w7_gmv_max|w7_lgmv_mean|w7_lgmv_std|w14_days_present|w14_days_search|w14_days_cat|w14_days_buy|w14_days_cart|w14_days_presence_only|w14_searches|w14_carts|w14_orders|w14_gmv|w14_gmv_cat|w14_gmv_max|w14_lgmv_mean|w14_lgmv_std|w30_days_present|w30_days_search|w30_days_cat|w30_days_buy|w30_days_cart|w30_days_presence_only|w30_searches|w30_carts|w30_orders|w30_gmv|w30_gmv_cat|w30_gmv_max|w30_lgmv_mean|w30_lgmv_std|w60_days_present|w60_days_search|w60_days_cat|w60_days_buy|w60_days_cart|w60_days_presence_only|w60_searches|w60_carts|w60_orders|w60_gmv|w60_gmv_cat|w60_gmv_max|w60_lgmv_mean|w60_lgmv_std|w90_days_present|w90_days_search|w90_days_cat|w90_days_buy|w90_days_cart|w90_days_presence_only|w90_searches|w90_carts|w90_orders|w90_gmv|w90_gmv_cat|w90_gmv_max|w90_lgmv_mean|w90_lgmv_std|rec_any|rec_search|rec_cart|rec_buy|rec_cat|gap_mean|gap_std|gap_max|buygap_mean|buygap_std|weekend_share|w7_aov|w7_gmv_per_day|w7_cart2ord|w7_srch2cart|w7_buyday_rate|w7_presence_rate|w7_ponly_share|w7_cat_gmv_share|w7_srch_per_day|w7_lgmv|w7_gmv30eq|w14_aov|w14_gmv_per_day|w14_cart2ord|w14_srch2cart|w14_buyday_rate|w14_presence_rate|w14_ponly_share|w14_cat_gmv_share|w14_srch_per_day|w14_lgmv|w14_gmv30eq|w30_aov|w30_gmv_per_day|w30_cart2ord|w30_srch2cart|w30_buyday_rate|w30_presence_rate|w30_ponly_share|w30_cat_gmv_share|w30_srch_per_day|w30_lgmv|w30_gmv30eq|w60_aov|w60_gmv_per_day|w60_cart2ord|w60_srch2cart|w60_buyday_rate,1786384327242711700,no,no
data/processed/feat_20250508_LNone.parquet,feat_20250508_LNone.parquet,.parquet,dataset,source_or_derived_dataset,111749899,d9a70ee4accef9ce767236b736d62f014a2ff8f786edd72d5279fb3db2a0829a,unknown,rows=219576;row_groups=2;columns=user_id|w7_days_present|w7_days_search|w7_days_cat|w7_days_buy|w7_days_cart|w7_days_presence_only|w7_searches|w7_carts|w7_orders|w7_gmv|w7_gmv_cat|w7_gmv_max|w7_lgmv_mean|w7_lgmv_std|w14_days_present|w14_days_search|w14_days_cat|w14_days_buy|w14_days_cart|w14_days_presence_only|w14_searches|w14_carts|w14_orders|w14_gmv|w14_gmv_cat|w14_gmv_max|w14_lgmv_mean|w14_lgmv_std|w30_days_present|w30_days_search|w30_days_cat|w30_days_buy|w30_days_cart|w30_days_presence_only|w30_searches|w30_carts|w30_orders|w30_gmv|w30_gmv_cat|w30_gmv_max|w30_lgmv_mean|w30_lgmv_std|w60_days_present|w60_days_search|w60_days_cat|w60_days_buy|w60_days_cart|w60_days_presence_only|w60_searches|w60_carts|w60_orders|w60_gmv|w60_gmv_cat|w60_gmv_max|w60_lgmv_mean|w60_lgmv_std|w90_days_present|w90_days_search|w90_days_cat|w90_days_buy|w90_days_cart|w90_days_presence_only|w90_searches|w90_carts|w90_orders|w90_gmv|w90_gmv_cat|w90_gmv_max|w90_lgmv_mean|w90_lgmv_std|w180_days_present|w180_days_search|w180_days_cat|w180_days_buy|w180_days_cart|w180_days_presence_only|w180_searches|w180_carts|w180_orders|w180_gmv|w180_gmv_cat|w180_gmv_max|w180_lgmv_mean|w180_lgmv_std|w365_days_present|w365_days_search|w365_days_cat|w365_days_buy|w365_days_cart|w365_days_presence_only|w365_searches|w365_carts|w365_orders|w365_gmv|w365_gmv_cat|w365_gmv_max|w365_lgmv_mean|w365_lgmv_std|rec_any|rec_search|rec_cart|rec_buy|rec_cat|tenure|first_buy_age|all_days_present|all_days_buy|all_gmv|all_orders|all_searches|gap_mean|gap_std|gap_max|buygap_mean|buygap_std|weekend_share|w7_aov|w7_gmv_per_day|w7_cart2ord,1786384388453270500,no,no
data/processed/feat_20250508_LnormNone.parquet,feat_20250508_LnormNone.parquet,.parquet,dataset,source_or_derived_dataset,107806688,5c6525ced1873654eecca72ea660f78f12fc6d97d36e9c4c449824a2bd0dcfe4,unknown,rows=219576;row_groups=2;columns=user_id|w7_days_present|w7_days_search|w7_days_cat|w7_days_buy|w7_days_cart|w7_days_presence_only|w7_searches|w7_carts|w7_orders|w7_gmv|w7_gmv_cat|w7_gmv_max|w7_lgmv_mean|w7_lgmv_std|w14_days_present|w14_days_search|w14_days_cat|w14_days_buy|w14_days_cart|w14_days_presence_only|w14_searches|w14_carts|w14_orders|w14_gmv|w14_gmv_cat|w14_gmv_max|w14_lgmv_mean|w14_lgmv_std|w30_days_present|w30_days_search|w30_days_cat|w30_days_buy|w30_days_cart|w30_days_presence_only|w30_searches|w30_carts|w30_orders|w30_gmv|w30_gmv_cat|w30_gmv_max|w30_lgmv_mean|w30_lgmv_std|w60_days_present|w60_days_search|w60_days_cat|w60_days_buy|w60_days_cart|w60_days_presence_only|w60_searches|w60_carts|w60_orders|w60_gmv|w60_gmv_cat|w60_gmv_max|w60_lgmv_mean|w60_lgmv_std|w90_days_present|w90_days_search|w90_days_cat|w90_days_buy|w90_days_cart|w90_days_presence_only|w90_searches|w90_carts|w90_orders|w90_gmv|w90_gmv_cat|w90_gmv_max|w90_lgmv_mean|w90_lgmv_std|w180_days_present|w180_days_search|w180_days_cat|w180_days_buy|w180_days_cart|w180_days_presence_only|w180_searches|w180_carts|w180_orders|w180_gmv|w180_gmv_cat|w180_gmv_max|w180_lgmv_mean|w180_lgmv_std|w365_days_present|w365_days_search|w365_days_cat|w365_days_buy|w365_days_cart|w365_days_presence_only|w365_searches|w365_carts|w365_orders|w365_gmv|w365_gmv_cat|w365_gmv_max|w365_lgmv_mean|w365_lgmv_std|rec_any|rec_search|rec_cart|rec_buy|rec_cat|gap_mean|gap_std|buygap_mean|buygap_std|weekend_share|tenure_frac|first_buy_frac|gap_max_frac|w7_aov|w7_gmv_per_day|w7_cart2ord|w7_srch2cart|w7_buyday_rate|w7_presence_rate|w7_ponly_share|w7_cat_gmv_share,1786387819168027400,no,no
data/processed/feat_20250510_LnormNone.parquet,feat_20250510_LnormNone.parquet,.parquet,dataset,source_or_derived_dataset,107800509,b8913a8bc29ca608075431090f03556c084da5cd502677fc2d9839b63ca67a45,unknown,rows=219825;row_groups=2;columns=user_id|w7_days_present|w7_days_search|w7_days_cat|w7_days_buy|w7_days_cart|w7_days_presence_only|w7_searches|w7_carts|w7_orders|w7_gmv|w7_gmv_cat|w7_gmv_max|w7_lgmv_mean|w7_lgmv_std|w14_days_present|w14_days_search|w14_days_cat|w14_days_buy|w14_days_cart|w14_days_presence_only|w14_searches|w14_carts|w14_orders|w14_gmv|w14_gmv_cat|w14_gmv_max|w14_lgmv_mean|w14_lgmv_std|w30_days_present|w30_days_search|w30_days_cat|w30_days_buy|w30_days_cart|w30_days_presence_only|w30_searches|w30_carts|w30_orders|w30_gmv|w30_gmv_cat|w30_gmv_max|w30_lgmv_mean|w30_lgmv_std|w60_days_present|w60_days_search|w60_days_cat|w60_days_buy|w60_days_cart|w60_days_presence_only|w60_searches|w60_carts|w60_orders|w60_gmv|w60_gmv_cat|w60_gmv_max|w60_lgmv_mean|w60_lgmv_std|w90_days_present|w90_days_search|w90_days_cat|w90_days_buy|w90_days_cart|w90_days_presence_only|w90_searches|w90_carts|w90_orders|w90_gmv|w90_gmv_cat|w90_gmv_max|w90_lgmv_mean|w90_lgmv_std|w180_days_present|w180_days_search|w180_days_cat|w180_days_buy|w180_days_cart|w180_days_presence_only|w180_searches|w180_carts|w180_orders|w180_gmv|w180_gmv_cat|w180_gmv_max|w180_lgmv_mean|w180_lgmv_std|w365_days_present|w365_days_search|w365_days_cat|w365_days_buy|w365_days_cart|w365_days_presence_only|w365_searches|w365_carts|w365_orders|w365_gmv|w365_gmv_cat|w365_gmv_max|w365_lgmv_mean|w365_lgmv_std|rec_any|rec_search|rec_cart|rec_buy|rec_cat|gap_mean|gap_std|buygap_mean|buygap_std|weekend_share|tenure_frac|first_buy_frac|gap_max_frac|w7_aov|w7_gmv_per_day|w7_cart2ord|w7_srch2cart|w7_buyday_rate|w7_presence_rate|w7_ponly_share|w7_cat_gmv_share,1786554328692167800,no,no
data/processed/feat_20250513_LnormNone.parquet,feat_20250513_LnormNone.parquet,.parquet,dataset,source_or_derived_dataset,108120749,528f2cfb0e072e157b809c504e6e779cab44f861a15f7323d6024b8ddb0d8eea,unknown,rows=220291;row_groups=2;columns=user_id|w7_days_present|w7_days_search|w7_days_cat|w7_days_buy|w7_days_cart|w7_days_presence_only|w7_searches|w7_carts|w7_orders|w7_gmv|w7_gmv_cat|w7_gmv_max|w7_lgmv_mean|w7_lgmv_std|w14_days_present|w14_days_search|w14_days_cat|w14_days_buy|w14_days_cart|w14_days_presence_only|w14_searches|w14_carts|w14_orders|w14_gmv|w14_gmv_cat|w14_gmv_max|w14_lgmv_mean|w14_lgmv_std|w30_days_present|w30_days_search|w30_days_cat|w30_days_buy|w30_days_cart|w30_days_presence_only|w30_searches|w30_carts|w30_orders|w30_gmv|w30_gmv_cat|w30_gmv_max|w30_lgmv_mean|w30_lgmv_std|w60_days_present|w60_days_search|w60_days_cat|w60_days_buy|w60_days_cart|w60_days_presence_only|w60_searches|w60_carts|w60_orders|w60_gmv|w60_gmv_cat|w60_gmv_max|w60_lgmv_mean|w60_lgmv_std|w90_days_present|w90_days_search|w90_days_cat|w90_days_buy|w90_days_cart|w90_days_presence_only|w90_searches|w90_carts|w90_orders|w90_gmv|w90_gmv_cat|w90_gmv_max|w90_lgmv_mean|w90_lgmv_std|w180_days_present|w180_days_search|w180_days_cat|w180_days_buy|w180_days_cart|w180_days_presence_only|w180_searches|w180_carts|w180_orders|w180_gmv|w180_gmv_cat|w180_gmv_max|w180_lgmv_mean|w180_lgmv_std|w365_days_present|w365_days_search|w365_days_cat|w365_days_buy|w365_days_cart|w365_days_presence_only|w365_searches|w365_carts|w365_orders|w365_gmv|w365_gmv_cat|w365_gmv_max|w365_lgmv_mean|w365_lgmv_std|rec_any|rec_search|rec_cart|rec_buy|rec_cat|gap_mean|gap_std|buygap_mean|buygap_std|weekend_share|tenure_frac|first_buy_frac|gap_max_frac|w7_aov|w7_gmv_per_day|w7_cart2ord|w7_srch2cart|w7_buyday_rate|w7_presence_rate|w7_ponly_share|w7_cat_gmv_share,1786554331083187900,no,no
data/processed/feat_20250515_L180.parquet,feat_20250515_L180.parquet,.parquet,dataset,source_or_derived_dataset,87212647,676c1c1e2e5d56ec756d9d40c8fddcab26d5ec787586bd4c8f2e9a4f9da0941e,unknown,rows=220564;row_groups=2;columns=user_id|w7_days_present|w7_days_search|w7_days_cat|w7_days_buy|w7_days_cart|w7_days_presence_only|w7_searches|w7_carts|w7_orders|w7_gmv|w7_gmv_cat|w7_gmv_max|w7_lgmv_mean|w7_lgmv_std|w14_days_present|w14_days_search|w14_days_cat|w14_days_buy|w14_days_cart|w14_days_presence_only|w14_searches|w14_carts|w14_orders|w14_gmv|w14_gmv_cat|w14_gmv_max|w14_lgmv_mean|w14_lgmv_std|w30_days_present|w30_days_search|w30_days_cat|w30_days_buy|w30_days_cart|w30_days_presence_only|w30_searches|w30_carts|w30_orders|w30_gmv|w30_gmv_cat|w30_gmv_max|w30_lgmv_mean|w30_lgmv_std|w60_days_present|w60_days_search|w60_days_cat|w60_days_buy|w60_days_cart|w60_days_presence_only|w60_searches|w60_carts|w60_orders|w60_gmv|w60_gmv_cat|w60_gmv_max|w60_lgmv_mean|w60_lgmv_std|w90_days_present|w90_days_search|w90_days_cat|w90_days_buy|w90_days_cart|w90_days_presence_only|w90_searches|w90_carts|w90_orders|w90_gmv|w90_gmv_cat|w90_gmv_max|w90_lgmv_mean|w90_lgmv_std|w180_days_present|w180_days_search|w180_days_cat|w180_days_buy|w180_days_cart|w180_days_presence_only|w180_searches|w180_carts|w180_orders|w180_gmv|w180_gmv_cat|w180_gmv_max|w180_lgmv_mean|w180_lgmv_std|rec_any|rec_search|rec_cart|rec_buy|rec_cat|gap_mean|gap_std|gap_max|buygap_mean|buygap_std|weekend_share|w7_aov|w7_gmv_per_day|w7_cart2ord|w7_srch2cart|w7_buyday_rate|w7_presence_rate|w7_ponly_share|w7_cat_gmv_share|w7_srch_per_day|w7_lgmv|w7_gmv30eq|w14_aov|w14_gmv_per_day|w14_cart2ord|w14_srch2cart|w14_buyday_rate|w14_presence_rate|w14_ponly_share|w14_cat_gmv_share|w14_srch_per_day|w14_lgmv|w14_gmv30eq|w30_aov|w30_gmv_per_day,1786384236496657300,no,no
data/processed/feat_20250515_L270.parquet,feat_20250515_L270.parquet,.parquet,dataset,source_or_derived_dataset,106223497,338fa28038f3a48b2f396e643d0e14217ee3f29ceb36243e3790280db75b54c3,unknown,rows=220564;row_groups=2;columns=user_id|w7_days_present|w7_days_search|w7_days_cat|w7_days_buy|w7_days_cart|w7_days_presence_only|w7_searches|w7_carts|w7_orders|w7_gmv|w7_gmv_cat|w7_gmv_max|w7_lgmv_mean|w7_lgmv_std|w14_days_present|w14_days_search|w14_days_cat|w14_days_buy|w14_days_cart|w14_days_presence_only|w14_searches|w14_carts|w14_orders|w14_gmv|w14_gmv_cat|w14_gmv_max|w14_lgmv_mean|w14_lgmv_std|w30_days_present|w30_days_search|w30_days_cat|w30_days_buy|w30_days_cart|w30_days_presence_only|w30_searches|w30_carts|w30_orders|w30_gmv|w30_gmv_cat|w30_gmv_max|w30_lgmv_mean|w30_lgmv_std|w60_days_present|w60_days_search|w60_days_cat|w60_days_buy|w60_days_cart|w60_days_presence_only|w60_searches|w60_carts|w60_orders|w60_gmv|w60_gmv_cat|w60_gmv_max|w60_lgmv_mean|w60_lgmv_std|w90_days_present|w90_days_search|w90_days_cat|w90_days_buy|w90_days_cart|w90_days_presence_only|w90_searches|w90_carts|w90_orders|w90_gmv|w90_gmv_cat|w90_gmv_max|w90_lgmv_mean|w90_lgmv_std|w180_days_present|w180_days_search|w180_days_cat|w180_days_buy|w180_days_cart|w180_days_presence_only|w180_searches|w180_carts|w180_orders|w180_gmv|w180_gmv_cat|w180_gmv_max|w180_lgmv_mean|w180_lgmv_std|w270_days_present|w270_days_search|w270_days_cat|w270_days_buy|w270_days_cart|w270_days_presence_only|w270_searches|w270_carts|w270_orders|w270_gmv|w270_gmv_cat|w270_gmv_max|w270_lgmv_mean|w270_lgmv_std|rec_any|rec_search|rec_cart|rec_buy|rec_cat|gap_mean|gap_std|gap_max|buygap_mean|buygap_std|weekend_share|w7_aov|w7_gmv_per_day|w7_cart2ord|w7_srch2cart|w7_buyday_rate|w7_presence_rate|w7_ponly_share|w7_cat_gmv_share|w7_srch_per_day|w7_lgmv,1786384491488490100,no,no
data/processed/feat_20250515_L90.parquet,feat_20250515_L90.parquet,.parquet,dataset,source_or_derived_dataset,66642883,10d3ca10df3a279145d2e617bd69665fa63d738d60a1ed5b28c35d389a0a70ae,unknown,rows=217680;row_groups=2;columns=user_id|w7_days_present|w7_days_search|w7_days_cat|w7_days_buy|w7_days_cart|w7_days_presence_only|w7_searches|w7_carts|w7_orders|w7_gmv|w7_gmv_cat|w7_gmv_max|w7_lgmv_mean|w7_lgmv_std|w14_days_present|w14_days_search|w14_days_cat|w14_days_buy|w14_days_cart|w14_days_presence_only|w14_searches|w14_carts|w14_orders|w14_gmv|w14_gmv_cat|w14_gmv_max|w14_lgmv_mean|w14_lgmv_std|w30_days_present|w30_days_search|w30_days_cat|w30_days_buy|w30_days_cart|w30_days_presence_only|w30_searches|w30_carts|w30_orders|w30_gmv|w30_gmv_cat|w30_gmv_max|w30_lgmv_mean|w30_lgmv_std|w60_days_present|w60_days_search|w60_days_cat|w60_days_buy|w60_days_cart|w60_days_presence_only|w60_searches|w60_carts|w60_orders|w60_gmv|w60_gmv_cat|w60_gmv_max|w60_lgmv_mean|w60_lgmv_std|w90_days_present|w90_days_search|w90_days_cat|w90_days_buy|w90_days_cart|w90_days_presence_only|w90_searches|w90_carts|w90_orders|w90_gmv|w90_gmv_cat|w90_gmv_max|w90_lgmv_mean|w90_lgmv_std|rec_any|rec_search|rec_cart|rec_buy|rec_cat|gap_mean|gap_std|gap_max|buygap_mean|buygap_std|weekend_share|w7_aov|w7_gmv_per_day|w7_cart2ord|w7_srch2cart|w7_buyday_rate|w7_presence_rate|w7_ponly_share|w7_cat_gmv_share|w7_srch_per_day|w7_lgmv|w7_gmv30eq|w14_aov|w14_gmv_per_day|w14_cart2ord|w14_srch2cart|w14_buyday_rate|w14_presence_rate|w14_ponly_share|w14_cat_gmv_share|w14_srch_per_day|w14_lgmv|w14_gmv30eq|w30_aov|w30_gmv_per_day|w30_cart2ord|w30_srch2cart|w30_buyday_rate|w30_presence_rate|w30_ponly_share|w30_cat_gmv_share|w30_srch_per_day|w30_lgmv|w30_gmv30eq|w60_aov|w60_gmv_per_day|w60_cart2ord|w60_srch2cart|w60_buyday_rate,1786384328934590000,no,no
data/processed/feat_20250515_LNone.parquet,feat_20250515_LNone.parquet,.parquet,dataset,source_or_derived_dataset,112758150,0590e00334d8902242e202d0b2d14127218be4bd0f384f12dcf3d43bf214c674,unknown,rows=220564;row_groups=2;columns=user_id|w7_days_present|w7_days_search|w7_days_cat|w7_days_buy|w7_days_cart|w7_days_presence_only|w7_searches|w7_carts|w7_orders|w7_gmv|w7_gmv_cat|w7_gmv_max|w7_lgmv_mean|w7_lgmv_std|w14_days_present|w14_days_search|w14_days_cat|w14_days_buy|w14_days_cart|w14_days_presence_only|w14_searches|w14_carts|w14_orders|w14_gmv|w14_gmv_cat|w14_gmv_max|w14_lgmv_mean|w14_lgmv_std|w30_days_present|w30_days_search|w30_days_cat|w30_days_buy|w30_days_cart|w30_days_presence_only|w30_searches|w30_carts|w30_orders|w30_gmv|w30_gmv_cat|w30_gmv_max|w30_lgmv_mean|w30_lgmv_std|w60_days_present|w60_days_search|w60_days_cat|w60_days_buy|w60_days_cart|w60_days_presence_only|w60_searches|w60_carts|w60_orders|w60_gmv|w60_gmv_cat|w60_gmv_max|w60_lgmv_mean|w60_lgmv_std|w90_days_present|w90_days_search|w90_days_cat|w90_days_buy|w90_days_cart|w90_days_presence_only|w90_searches|w90_carts|w90_orders|w90_gmv|w90_gmv_cat|w90_gmv_max|w90_lgmv_mean|w90_lgmv_std|w180_days_present|w180_days_search|w180_days_cat|w180_days_buy|w180_days_cart|w180_days_presence_only|w180_searches|w180_carts|w180_orders|w180_gmv|w180_gmv_cat|w180_gmv_max|w180_lgmv_mean|w180_lgmv_std|w365_days_present|w365_days_search|w365_days_cat|w365_days_buy|w365_days_cart|w365_days_presence_only|w365_searches|w365_carts|w365_orders|w365_gmv|w365_gmv_cat|w365_gmv_max|w365_lgmv_mean|w365_lgmv_std|rec_any|rec_search|rec_cart|rec_buy|rec_cat|tenure|first_buy_age|all_days_present|all_days_buy|all_gmv|all_orders|all_searches|gap_mean|gap_std|gap_max|buygap_mean|buygap_std|weekend_share|w7_aov|w7_gmv_per_day|w7_cart2ord,1786384390881193500,no,no
data/processed/feat_20250515_LnormNone.parquet,feat_20250515_LnormNone.parquet,.parquet,dataset,source_or_derived_dataset,108686080,86a65af48e3e9bef96867193938620a0b2aa92686cd92be97fa79ed2aa77c40b,unknown,rows=220564;row_groups=2;columns=user_id|w7_days_present|w7_days_search|w7_days_cat|w7_days_buy|w7_days_cart|w7_days_presence_only|w7_searches|w7_carts|w7_orders|w7_gmv|w7_gmv_cat|w7_gmv_max|w7_lgmv_mean|w7_lgmv_std|w14_days_present|w14_days_search|w14_days_cat|w14_days_buy|w14_days_cart|w14_days_presence_only|w14_searches|w14_carts|w14_orders|w14_gmv|w14_gmv_cat|w14_gmv_max|w14_lgmv_mean|w14_lgmv_std|w30_days_present|w30_days_search|w30_days_cat|w30_days_buy|w30_days_cart|w30_days_presence_only|w30_searches|w30_carts|w30_orders|w30_gmv|w30_gmv_cat|w30_gmv_max|w30_lgmv_mean|w30_lgmv_std|w60_days_present|w60_days_search|w60_days_cat|w60_days_buy|w60_days_cart|w60_days_presence_only|w60_searches|w60_carts|w60_orders|w60_gmv|w60_gmv_cat|w60_gmv_max|w60_lgmv_mean|w60_lgmv_std|w90_days_present|w90_days_search|w90_days_cat|w90_days_buy|w90_days_cart|w90_days_presence_only|w90_searches|w90_carts|w90_orders|w90_gmv|w90_gmv_cat|w90_gmv_max|w90_lgmv_mean|w90_lgmv_std|w180_days_present|w180_days_search|w180_days_cat|w180_days_buy|w180_days_cart|w180_days_presence_only|w180_searches|w180_carts|w180_orders|w180_gmv|w180_gmv_cat|w180_gmv_max|w180_lgmv_mean|w180_lgmv_std|w365_days_present|w365_days_search|w365_days_cat|w365_days_buy|w365_days_cart|w365_days_presence_only|w365_searches|w365_carts|w365_orders|w365_gmv|w365_gmv_cat|w365_gmv_max|w365_lgmv_mean|w365_lgmv_std|rec_any|rec_search|rec_cart|rec_buy|rec_cat|gap_mean|gap_std|buygap_mean|buygap_std|weekend_share|tenure_frac|first_buy_frac|gap_max_frac|w7_aov|w7_gmv_per_day|w7_cart2ord|w7_srch2cart|w7_buyday_rate|w7_presence_rate|w7_ponly_share|w7_cat_gmv_share,1786387822175798900,no,no
data/processed/feat_20250516_LnormNone.parquet,feat_20250516_LnormNone.parquet,.parquet,dataset,source_or_derived_dataset,109108588,c8bc5b7e776f914ead66bd8c5c63464ddf5c9afa47d083aeded41ac4fc10accd,unknown,rows=220682;row_groups=2;columns=user_id|w7_days_present|w7_days_search|w7_days_cat|w7_days_buy|w7_days_cart|w7_days_presence_only|w7_searches|w7_carts|w7_orders|w7_gmv|w7_gmv_cat|w7_gmv_max|w7_lgmv_mean|w7_lgmv_std|w14_days_present|w14_days_search|w14_days_cat|w14_days_buy|w14_days_cart|w14_days_presence_only|w14_searches|w14_carts|w14_orders|w14_gmv|w14_gmv_cat|w14_gmv_max|w14_lgmv_mean|w14_lgmv_std|w30_days_present|w30_days_search|w30_days_cat|w30_days_buy|w30_days_cart|w30_days_presence_only|w30_searches|w30_carts|w30_orders|w30_gmv|w30_gmv_cat|w30_gmv_max|w30_lgmv_mean|w30_lgmv_std|w60_days_present|w60_days_search|w60_days_cat|w60_days_buy|w60_days_cart|w60_days_presence_only|w60_searches|w60_carts|w60_orders|w60_gmv|w60_gmv_cat|w60_gmv_max|w60_lgmv_mean|w60_lgmv_std|w90_days_present|w90_days_search|w90_days_cat|w90_days_buy|w90_days_cart|w90_days_presence_only|w90_searches|w90_carts|w90_orders|w90_gmv|w90_gmv_cat|w90_gmv_max|w90_lgmv_mean|w90_lgmv_std|w180_days_present|w180_days_search|w180_days_cat|w180_days_buy|w180_days_cart|w180_days_presence_only|w180_searches|w180_carts|w180_orders|w180_gmv|w180_gmv_cat|w180_gmv_max|w180_lgmv_mean|w180_lgmv_std|w365_days_present|w365_days_search|w365_days_cat|w365_days_buy|w365_days_cart|w365_days_presence_only|w365_searches|w365_carts|w365_orders|w365_gmv|w365_gmv_cat|w365_gmv_max|w365_lgmv_mean|w365_lgmv_std|rec_any|rec_search|rec_cart|rec_buy|rec_cat|gap_mean|gap_std|buygap_mean|buygap_std|weekend_share|tenure_frac|first_buy_frac|gap_max_frac|w7_aov|w7_gmv_per_day|w7_cart2ord|w7_srch2cart|w7_buyday_rate|w7_presence_rate|w7_ponly_share|w7_cat_gmv_share,1786554333310944700,no,no
data/processed/feat_20250519_LnormNone.parquet,feat_20250519_LnormNone.parquet,.parquet,dataset,source_or_derived_dataset,109499766,a4a3abb0d40d15084dd5791bd0d3c08b5fc702d0fe9c0fdbe4c930c2d7851584,unknown,rows=221154;row_groups=2;columns=user_id|w7_days_present|w7_days_search|w7_days_cat|w7_days_buy|w7_days_cart|w7_days_presence_only|w7_searches|w7_carts|w7_orders|w7_gmv|w7_gmv_cat|w7_gmv_max|w7_lgmv_mean|w7_lgmv_std|w14_days_present|w14_days_search|w14_days_cat|w14_days_buy|w14_days_cart|w14_days_presence_only|w14_searches|w14_carts|w14_orders|w14_gmv|w14_gmv_cat|w14_gmv_max|w14_lgmv_mean|w14_lgmv_std|w30_days_present|w30_days_search|w30_days_cat|w30_days_buy|w30_days_cart|w30_days_presence_only|w30_searches|w30_carts|w30_orders|w30_gmv|w30_gmv_cat|w30_gmv_max|w30_lgmv_mean|w30_lgmv_std|w60_days_present|w60_days_search|w60_days_cat|w60_days_buy|w60_days_cart|w60_days_presence_only|w60_searches|w60_carts|w60_orders|w60_gmv|w60_gmv_cat|w60_gmv_max|w60_lgmv_mean|w60_lgmv_std|w90_days_present|w90_days_search|w90_days_cat|w90_days_buy|w90_days_cart|w90_days_presence_only|w90_searches|w90_carts|w90_orders|w90_gmv|w90_gmv_cat|w90_gmv_max|w90_lgmv_mean|w90_lgmv_std|w180_days_present|w180_days_search|w180_days_cat|w180_days_buy|w180_days_cart|w180_days_presence_only|w180_searches|w180_carts|w180_orders|w180_gmv|w180_gmv_cat|w180_gmv_max|w180_lgmv_mean|w180_lgmv_std|w365_days_present|w365_days_search|w365_days_cat|w365_days_buy|w365_days_cart|w365_days_presence_only|w365_searches|w365_carts|w365_orders|w365_gmv|w365_gmv_cat|w365_gmv_max|w365_lgmv_mean|w365_lgmv_std|rec_any|rec_search|rec_cart|rec_buy|rec_cat|gap_mean|gap_std|buygap_mean|buygap_std|weekend_share|tenure_frac|first_buy_frac|gap_max_frac|w7_aov|w7_gmv_per_day|w7_cart2ord|w7_srch2cart|w7_buyday_rate|w7_presence_rate|w7_ponly_share|w7_cat_gmv_share,1786554335655700800,no,no
data/processed/feat_20250522_L180.parquet,feat_20250522_L180.parquet,.parquet,dataset,source_or_derived_dataset,88282520,497780f1bfd9e1da237cc121a508301dfb3d14c44bd774a581391975c43a6a4a,unknown,rows=221574;row_groups=2;columns=user_id|w7_days_present|w7_days_search|w7_days_cat|w7_days_buy|w7_days_cart|w7_days_presence_only|w7_searches|w7_carts|w7_orders|w7_gmv|w7_gmv_cat|w7_gmv_max|w7_lgmv_mean|w7_lgmv_std|w14_days_present|w14_days_search|w14_days_cat|w14_days_buy|w14_days_cart|w14_days_presence_only|w14_searches|w14_carts|w14_orders|w14_gmv|w14_gmv_cat|w14_gmv_max|w14_lgmv_mean|w14_lgmv_std|w30_days_present|w30_days_search|w30_days_cat|w30_days_buy|w30_days_cart|w30_days_presence_only|w30_searches|w30_carts|w30_orders|w30_gmv|w30_gmv_cat|w30_gmv_max|w30_lgmv_mean|w30_lgmv_std|w60_days_present|w60_days_search|w60_days_cat|w60_days_buy|w60_days_cart|w60_days_presence_only|w60_searches|w60_carts|w60_orders|w60_gmv|w60_gmv_cat|w60_gmv_max|w60_lgmv_mean|w60_lgmv_std|w90_days_present|w90_days_search|w90_days_cat|w90_days_buy|w90_days_cart|w90_days_presence_only|w90_searches|w90_carts|w90_orders|w90_gmv|w90_gmv_cat|w90_gmv_max|w90_lgmv_mean|w90_lgmv_std|w180_days_present|w180_days_search|w180_days_cat|w180_days_buy|w180_days_cart|w180_days_presence_only|w180_searches|w180_carts|w180_orders|w180_gmv|w180_gmv_cat|w180_gmv_max|w180_lgmv_mean|w180_lgmv_std|rec_any|rec_search|rec_cart|rec_buy|rec_cat|gap_mean|gap_std|gap_max|buygap_mean|buygap_std|weekend_share|w7_aov|w7_gmv_per_day|w7_cart2ord|w7_srch2cart|w7_buyday_rate|w7_presence_rate|w7_ponly_share|w7_cat_gmv_share|w7_srch_per_day|w7_lgmv|w7_gmv30eq|w14_aov|w14_gmv_per_day|w14_cart2ord|w14_srch2cart|w14_buyday_rate|w14_presence_rate|w14_ponly_share|w14_cat_gmv_share|w14_srch_per_day|w14_lgmv|w14_gmv30eq|w30_aov|w30_gmv_per_day,1786384238768516500,no,no
data/processed/feat_20250522_L270.parquet,feat_20250522_L270.parquet,.parquet,dataset,source_or_derived_dataset,107639046,1a181a4ff2020422dcf9e5f676fc91aa685a347c27fe0717a462cb391b846042,unknown,rows=221574;row_groups=2;columns=user_id|w7_days_present|w7_days_search|w7_days_cat|w7_days_buy|w7_days_cart|w7_days_presence_only|w7_searches|w7_carts|w7_orders|w7_gmv|w7_gmv_cat|w7_gmv_max|w7_lgmv_mean|w7_lgmv_std|w14_days_present|w14_days_search|w14_days_cat|w14_days_buy|w14_days_cart|w14_days_presence_only|w14_searches|w14_carts|w14_orders|w14_gmv|w14_gmv_cat|w14_gmv_max|w14_lgmv_mean|w14_lgmv_std|w30_days_present|w30_days_search|w30_days_cat|w30_days_buy|w30_days_cart|w30_days_presence_only|w30_searches|w30_carts|w30_orders|w30_gmv|w30_gmv_cat|w30_gmv_max|w30_lgmv_mean|w30_lgmv_std|w60_days_present|w60_days_search|w60_days_cat|w60_days_buy|w60_days_cart|w60_days_presence_only|w60_searches|w60_carts|w60_orders|w60_gmv|w60_gmv_cat|w60_gmv_max|w60_lgmv_mean|w60_lgmv_std|w90_days_present|w90_days_search|w90_days_cat|w90_days_buy|w90_days_cart|w90_days_presence_only|w90_searches|w90_carts|w90_orders|w90_gmv|w90_gmv_cat|w90_gmv_max|w90_lgmv_mean|w90_lgmv_std|w180_days_present|w180_days_search|w180_days_cat|w180_days_buy|w180_days_cart|w180_days_presence_only|w180_searches|w180_carts|w180_orders|w180_gmv|w180_gmv_cat|w180_gmv_max|w180_lgmv_mean|w180_lgmv_std|w270_days_present|w270_days_search|w270_days_cat|w270_days_buy|w270_days_cart|w270_days_presence_only|w270_searches|w270_carts|w270_orders|w270_gmv|w270_gmv_cat|w270_gmv_max|w270_lgmv_mean|w270_lgmv_std|rec_any|rec_search|rec_cart|rec_buy|rec_cat|gap_mean|gap_std|gap_max|buygap_mean|buygap_std|weekend_share|w7_aov|w7_gmv_per_day|w7_cart2ord|w7_srch2cart|w7_buyday_rate|w7_presence_rate|w7_ponly_share|w7_cat_gmv_share|w7_srch_per_day|w7_lgmv,1786384493870453100,no,no
data/processed/feat_20250522_L90.parquet,feat_20250522_L90.parquet,.parquet,dataset,source_or_derived_dataset,67250894,f6555753124e21ea36b5beb77ecabdf7c161b1eef4e8c08bdc4955c089eb036e,unknown,rows=218321;row_groups=2;columns=user_id|w7_days_present|w7_days_search|w7_days_cat|w7_days_buy|w7_days_cart|w7_days_presence_only|w7_searches|w7_carts|w7_orders|w7_gmv|w7_gmv_cat|w7_gmv_max|w7_lgmv_mean|w7_lgmv_std|w14_days_present|w14_days_search|w14_days_cat|w14_days_buy|w14_days_cart|w14_days_presence_only|w14_searches|w14_carts|w14_orders|w14_gmv|w14_gmv_cat|w14_gmv_max|w14_lgmv_mean|w14_lgmv_std|w30_days_present|w30_days_search|w30_days_cat|w30_days_buy|w30_days_cart|w30_days_presence_only|w30_searches|w30_carts|w30_orders|w30_gmv|w30_gmv_cat|w30_gmv_max|w30_lgmv_mean|w30_lgmv_std|w60_days_present|w60_days_search|w60_days_cat|w60_days_buy|w60_days_cart|w60_days_presence_only|w60_searches|w60_carts|w60_orders|w60_gmv|w60_gmv_cat|w60_gmv_max|w60_lgmv_mean|w60_lgmv_std|w90_days_present|w90_days_search|w90_days_cat|w90_days_buy|w90_days_cart|w90_days_presence_only|w90_searches|w90_carts|w90_orders|w90_gmv|w90_gmv_cat|w90_gmv_max|w90_lgmv_mean|w90_lgmv_std|rec_any|rec_search|rec_cart|rec_buy|rec_cat|gap_mean|gap_std|gap_max|buygap_mean|buygap_std|weekend_share|w7_aov|w7_gmv_per_day|w7_cart2ord|w7_srch2cart|w7_buyday_rate|w7_presence_rate|w7_ponly_share|w7_cat_gmv_share|w7_srch_per_day|w7_lgmv|w7_gmv30eq|w14_aov|w14_gmv_per_day|w14_cart2ord|w14_srch2cart|w14_buyday_rate|w14_presence_rate|w14_ponly_share|w14_cat_gmv_share|w14_srch_per_day|w14_lgmv|w14_gmv30eq|w30_aov|w30_gmv_per_day|w30_cart2ord|w30_srch2cart|w30_buyday_rate|w30_presence_rate|w30_ponly_share|w30_cat_gmv_share|w30_srch_per_day|w30_lgmv|w30_gmv30eq|w60_aov|w60_gmv_per_day|w60_cart2ord|w60_srch2cart|w60_buyday_rate,1786384330698547800,no,no
data/processed/feat_20250522_LNone.parquet,feat_20250522_LNone.parquet,.parquet,dataset,source_or_derived_dataset,114266603,3353f413e2c3bd44faab412c0e7410bce58a9f116d6658631fbeaf6014d61576,unknown,rows=221574;row_groups=2;columns=user_id|w7_days_present|w7_days_search|w7_days_cat|w7_days_buy|w7_days_cart|w7_days_presence_only|w7_searches|w7_carts|w7_orders|w7_gmv|w7_gmv_cat|w7_gmv_max|w7_lgmv_mean|w7_lgmv_std|w14_days_present|w14_days_search|w14_days_cat|w14_days_buy|w14_days_cart|w14_days_presence_only|w14_searches|w14_carts|w14_orders|w14_gmv|w14_gmv_cat|w14_gmv_max|w14_lgmv_mean|w14_lgmv_std|w30_days_present|w30_days_search|w30_days_cat|w30_days_buy|w30_days_cart|w30_days_presence_only|w30_searches|w30_carts|w30_orders|w30_gmv|w30_gmv_cat|w30_gmv_max|w30_lgmv_mean|w30_lgmv_std|w60_days_present|w60_days_search|w60_days_cat|w60_days_buy|w60_days_cart|w60_days_presence_only|w60_searches|w60_carts|w60_orders|w60_gmv|w60_gmv_cat|w60_gmv_max|w60_lgmv_mean|w60_lgmv_std|w90_days_present|w90_days_search|w90_days_cat|w90_days_buy|w90_days_cart|w90_days_presence_only|w90_searches|w90_carts|w90_orders|w90_gmv|w90_gmv_cat|w90_gmv_max|w90_lgmv_mean|w90_lgmv_std|w180_days_present|w180_days_search|w180_days_cat|w180_days_buy|w180_days_cart|w180_days_presence_only|w180_searches|w180_carts|w180_orders|w180_gmv|w180_gmv_cat|w180_gmv_max|w180_lgmv_mean|w180_lgmv_std|w365_days_present|w365_days_search|w365_days_cat|w365_days_buy|w365_days_cart|w365_days_presence_only|w365_searches|w365_carts|w365_orders|w365_gmv|w365_gmv_cat|w365_gmv_max|w365_lgmv_mean|w365_lgmv_std|rec_any|rec_search|rec_cart|rec_buy|rec_cat|tenure|first_buy_age|all_days_present|all_days_buy|all_gmv|all_orders|all_searches|gap_mean|gap_std|gap_max|buygap_mean|buygap_std|weekend_share|w7_aov|w7_gmv_per_day|w7_cart2ord,1786384393323337700,no,no
data/processed/feat_20250522_LnormNone.parquet,feat_20250522_LnormNone.parquet,.parquet,dataset,source_or_derived_dataset,110049781,ebd6aab589f177b2e3b4cf578ad2cf9d8f35a662f8392d7b245e67971d2ac137,unknown,rows=221574;row_groups=2;columns=user_id|w7_days_present|w7_days_search|w7_days_cat|w7_days_buy|w7_days_cart|w7_days_presence_only|w7_searches|w7_carts|w7_orders|w7_gmv|w7_gmv_cat|w7_gmv_max|w7_lgmv_mean|w7_lgmv_std|w14_days_present|w14_days_search|w14_days_cat|w14_days_buy|w14_days_cart|w14_days_presence_only|w14_searches|w14_carts|w14_orders|w14_gmv|w14_gmv_cat|w14_gmv_max|w14_lgmv_mean|w14_lgmv_std|w30_days_present|w30_days_search|w30_days_cat|w30_days_buy|w30_days_cart|w30_days_presence_only|w30_searches|w30_carts|w30_orders|w30_gmv|w30_gmv_cat|w30_gmv_max|w30_lgmv_mean|w30_lgmv_std|w60_days_present|w60_days_search|w60_days_cat|w60_days_buy|w60_days_cart|w60_days_presence_only|w60_searches|w60_carts|w60_orders|w60_gmv|w60_gmv_cat|w60_gmv_max|w60_lgmv_mean|w60_lgmv_std|w90_days_present|w90_days_search|w90_days_cat|w90_days_buy|w90_days_cart|w90_days_presence_only|w90_searches|w90_carts|w90_orders|w90_gmv|w90_gmv_cat|w90_gmv_max|w90_lgmv_mean|w90_lgmv_std|w180_days_present|w180_days_search|w180_days_cat|w180_days_buy|w180_days_cart|w180_days_presence_only|w180_searches|w180_carts|w180_orders|w180_gmv|w180_gmv_cat|w180_gmv_max|w180_lgmv_mean|w180_lgmv_std|w365_days_present|w365_days_search|w365_days_cat|w365_days_buy|w365_days_cart|w365_days_presence_only|w365_searches|w365_carts|w365_orders|w365_gmv|w365_gmv_cat|w365_gmv_max|w365_lgmv_mean|w365_lgmv_std|rec_any|rec_search|rec_cart|rec_buy|rec_cat|gap_mean|gap_std|buygap_mean|buygap_std|weekend_share|tenure_frac|first_buy_frac|gap_max_frac|w7_aov|w7_gmv_per_day|w7_cart2ord|w7_srch2cart|w7_buyday_rate|w7_presence_rate|w7_ponly_share|w7_cat_gmv_share,1786387825936038800,no,no
data/processed/feat_20250525_LnormNone.parquet,feat_20250525_LnormNone.parquet,.parquet,dataset,source_or_derived_dataset,110644381,dee3309aa9adeb24df64738be365afb9d9d68ad48c5372a362a391e6a6022177,unknown,rows=221964;row_groups=2;columns=user_id|w7_days_present|w7_days_search|w7_days_cat|w7_days_buy|w7_days_cart|w7_days_presence_only|w7_searches|w7_carts|w7_orders|w7_gmv|w7_gmv_cat|w7_gmv_max|w7_lgmv_mean|w7_lgmv_std|w14_days_present|w14_days_search|w14_days_cat|w14_days_buy|w14_days_cart|w14_days_presence_only|w14_searches|w14_carts|w14_orders|w14_gmv|w14_gmv_cat|w14_gmv_max|w14_lgmv_mean|w14_lgmv_std|w30_days_present|w30_days_search|w30_days_cat|w30_days_buy|w30_days_cart|w30_days_presence_only|w30_searches|w30_carts|w30_orders|w30_gmv|w30_gmv_cat|w30_gmv_max|w30_lgmv_mean|w30_lgmv_std|w60_days_present|w60_days_search|w60_days_cat|w60_days_buy|w60_days_cart|w60_days_presence_only|w60_searches|w60_carts|w60_orders|w60_gmv|w60_gmv_cat|w60_gmv_max|w60_lgmv_mean|w60_lgmv_std|w90_days_present|w90_days_search|w90_days_cat|w90_days_buy|w90_days_cart|w90_days_presence_only|w90_searches|w90_carts|w90_orders|w90_gmv|w90_gmv_cat|w90_gmv_max|w90_lgmv_mean|w90_lgmv_std|w180_days_present|w180_days_search|w180_days_cat|w180_days_buy|w180_days_cart|w180_days_presence_only|w180_searches|w180_carts|w180_orders|w180_gmv|w180_gmv_cat|w180_gmv_max|w180_lgmv_mean|w180_lgmv_std|w365_days_present|w365_days_search|w365_days_cat|w365_days_buy|w365_days_cart|w365_days_presence_only|w365_searches|w365_carts|w365_orders|w365_gmv|w365_gmv_cat|w365_gmv_max|w365_lgmv_mean|w365_lgmv_std|rec_any|rec_search|rec_cart|rec_buy|rec_cat|gap_mean|gap_std|buygap_mean|buygap_std|weekend_share|tenure_frac|first_buy_frac|gap_max_frac|w7_aov|w7_gmv_per_day|w7_cart2ord|w7_srch2cart|w7_buyday_rate|w7_presence_rate|w7_ponly_share|w7_cat_gmv_share,1786554338118913300,no,no
data/processed/feat_20250528_LnormNone.parquet,feat_20250528_LnormNone.parquet,.parquet,dataset,source_or_derived_dataset,111135736,0230e2ffff0664eb0f7f046034e52e64e74e7a9176b2fddc990d28258cf514df,unknown,rows=222360;row_groups=2;columns=user_id|w7_days_present|w7_days_search|w7_days_cat|w7_days_buy|w7_days_cart|w7_days_presence_only|w7_searches|w7_carts|w7_orders|w7_gmv|w7_gmv_cat|w7_gmv_max|w7_lgmv_mean|w7_lgmv_std|w14_days_present|w14_days_search|w14_days_cat|w14_days_buy|w14_days_cart|w14_days_presence_only|w14_searches|w14_carts|w14_orders|w14_gmv|w14_gmv_cat|w14_gmv_max|w14_lgmv_mean|w14_lgmv_std|w30_days_present|w30_days_search|w30_days_cat|w30_days_buy|w30_days_cart|w30_days_presence_only|w30_searches|w30_carts|w30_orders|w30_gmv|w30_gmv_cat|w30_gmv_max|w30_lgmv_mean|w30_lgmv_std|w60_days_present|w60_days_search|w60_days_cat|w60_days_buy|w60_days_cart|w60_days_presence_only|w60_searches|w60_carts|w60_orders|w60_gmv|w60_gmv_cat|w60_gmv_max|w60_lgmv_mean|w60_lgmv_std|w90_days_present|w90_days_search|w90_days_cat|w90_days_buy|w90_days_cart|w90_days_presence_only|w90_searches|w90_carts|w90_orders|w90_gmv|w90_gmv_cat|w90_gmv_max|w90_lgmv_mean|w90_lgmv_std|w180_days_present|w180_days_search|w180_days_cat|w180_days_buy|w180_days_cart|w180_days_presence_only|w180_searches|w180_carts|w180_orders|w180_gmv|w180_gmv_cat|w180_gmv_max|w180_lgmv_mean|w180_lgmv_std|w365_days_present|w365_days_search|w365_days_cat|w365_days_buy|w365_days_cart|w365_days_presence_only|w365_searches|w365_carts|w365_orders|w365_gmv|w365_gmv_cat|w365_gmv_max|w365_lgmv_mean|w365_lgmv_std|rec_any|rec_search|rec_cart|rec_buy|rec_cat|gap_mean|gap_std|buygap_mean|buygap_std|weekend_share|tenure_frac|first_buy_frac|gap_max_frac|w7_aov|w7_gmv_per_day|w7_cart2ord|w7_srch2cart|w7_buyday_rate|w7_presence_rate|w7_ponly_share|w7_cat_gmv_share,1786554340906166200,no,no
data/processed/feat_20250529_L180.parquet,feat_20250529_L180.parquet,.parquet,dataset,source_or_derived_dataset,89161715,93eed75f5f7e48048ce8c94661c89777f0d5fd113b9e00076d99f1898b744963,unknown,rows=222507;row_groups=2;columns=user_id|w7_days_present|w7_days_search|w7_days_cat|w7_days_buy|w7_days_cart|w7_days_presence_only|w7_searches|w7_carts|w7_orders|w7_gmv|w7_gmv_cat|w7_gmv_max|w7_lgmv_mean|w7_lgmv_std|w14_days_present|w14_days_search|w14_days_cat|w14_days_buy|w14_days_cart|w14_days_presence_only|w14_searches|w14_carts|w14_orders|w14_gmv|w14_gmv_cat|w14_gmv_max|w14_lgmv_mean|w14_lgmv_std|w30_days_present|w30_days_search|w30_days_cat|w30_days_buy|w30_days_cart|w30_days_presence_only|w30_searches|w30_carts|w30_orders|w30_gmv|w30_gmv_cat|w30_gmv_max|w30_lgmv_mean|w30_lgmv_std|w60_days_present|w60_days_search|w60_days_cat|w60_days_buy|w60_days_cart|w60_days_presence_only|w60_searches|w60_carts|w60_orders|w60_gmv|w60_gmv_cat|w60_gmv_max|w60_lgmv_mean|w60_lgmv_std|w90_days_present|w90_days_search|w90_days_cat|w90_days_buy|w90_days_cart|w90_days_presence_only|w90_searches|w90_carts|w90_orders|w90_gmv|w90_gmv_cat|w90_gmv_max|w90_lgmv_mean|w90_lgmv_std|w180_days_present|w180_days_search|w180_days_cat|w180_days_buy|w180_days_cart|w180_days_presence_only|w180_searches|w180_carts|w180_orders|w180_gmv|w180_gmv_cat|w180_gmv_max|w180_lgmv_mean|w180_lgmv_std|rec_any|rec_search|rec_cart|rec_buy|rec_cat|gap_mean|gap_std|gap_max|buygap_mean|buygap_std|weekend_share|w7_aov|w7_gmv_per_day|w7_cart2ord|w7_srch2cart|w7_buyday_rate|w7_presence_rate|w7_ponly_share|w7_cat_gmv_share|w7_srch_per_day|w7_lgmv|w7_gmv30eq|w14_aov|w14_gmv_per_day|w14_cart2ord|w14_srch2cart|w14_buyday_rate|w14_presence_rate|w14_ponly_share|w14_cat_gmv_share|w14_srch_per_day|w14_lgmv|w14_gmv30eq|w30_aov|w30_gmv_per_day,1786384241521377800,no,no
data/processed/feat_20250529_L270.parquet,feat_20250529_L270.parquet,.parquet,dataset,source_or_derived_dataset,108862448,2726eb9950914f6cbb5c461db9faa1dd0e5ac6a3530d528943d9bc20acac82fa,unknown,rows=222507;row_groups=2;columns=user_id|w7_days_present|w7_days_search|w7_days_cat|w7_days_buy|w7_days_cart|w7_days_presence_only|w7_searches|w7_carts|w7_orders|w7_gmv|w7_gmv_cat|w7_gmv_max|w7_lgmv_mean|w7_lgmv_std|w14_days_present|w14_days_search|w14_days_cat|w14_days_buy|w14_days_cart|w14_days_presence_only|w14_searches|w14_carts|w14_orders|w14_gmv|w14_gmv_cat|w14_gmv_max|w14_lgmv_mean|w14_lgmv_std|w30_days_present|w30_days_search|w30_days_cat|w30_days_buy|w30_days_cart|w30_days_presence_only|w30_searches|w30_carts|w30_orders|w30_gmv|w30_gmv_cat|w30_gmv_max|w30_lgmv_mean|w30_lgmv_std|w60_days_present|w60_days_search|w60_days_cat|w60_days_buy|w60_days_cart|w60_days_presence_only|w60_searches|w60_carts|w60_orders|w60_gmv|w60_gmv_cat|w60_gmv_max|w60_lgmv_mean|w60_lgmv_std|w90_days_present|w90_days_search|w90_days_cat|w90_days_buy|w90_days_cart|w90_days_presence_only|w90_searches|w90_carts|w90_orders|w90_gmv|w90_gmv_cat|w90_gmv_max|w90_lgmv_mean|w90_lgmv_std|w180_days_present|w180_days_search|w180_days_cat|w180_days_buy|w180_days_cart|w180_days_presence_only|w180_searches|w180_carts|w180_orders|w180_gmv|w180_gmv_cat|w180_gmv_max|w180_lgmv_mean|w180_lgmv_std|w270_days_present|w270_days_search|w270_days_cat|w270_days_buy|w270_days_cart|w270_days_presence_only|w270_searches|w270_carts|w270_orders|w270_gmv|w270_gmv_cat|w270_gmv_max|w270_lgmv_mean|w270_lgmv_std|rec_any|rec_search|rec_cart|rec_buy|rec_cat|gap_mean|gap_std|gap_max|buygap_mean|buygap_std|weekend_share|w7_aov|w7_gmv_per_day|w7_cart2ord|w7_srch2cart|w7_buyday_rate|w7_presence_rate|w7_ponly_share|w7_cat_gmv_share|w7_srch_per_day|w7_lgmv,1786384496467834600,no,no
data/processed/feat_20250529_L90.parquet,feat_20250529_L90.parquet,.parquet,dataset,source_or_derived_dataset,67659926,0e7a916deeab9bb7bdc70e0e1c8d008897eb3dc410f2d222c81c001d0ec4cd10,unknown,rows=218973;row_groups=2;columns=user_id|w7_days_present|w7_days_search|w7_days_cat|w7_days_buy|w7_days_cart|w7_days_presence_only|w7_searches|w7_carts|w7_orders|w7_gmv|w7_gmv_cat|w7_gmv_max|w7_lgmv_mean|w7_lgmv_std|w14_days_present|w14_days_search|w14_days_cat|w14_days_buy|w14_days_cart|w14_days_presence_only|w14_searches|w14_carts|w14_orders|w14_gmv|w14_gmv_cat|w14_gmv_max|w14_lgmv_mean|w14_lgmv_std|w30_days_present|w30_days_search|w30_days_cat|w30_days_buy|w30_days_cart|w30_days_presence_only|w30_searches|w30_carts|w30_orders|w30_gmv|w30_gmv_cat|w30_gmv_max|w30_lgmv_mean|w30_lgmv_std|w60_days_present|w60_days_search|w60_days_cat|w60_days_buy|w60_days_cart|w60_days_presence_only|w60_searches|w60_carts|w60_orders|w60_gmv|w60_gmv_cat|w60_gmv_max|w60_lgmv_mean|w60_lgmv_std|w90_days_present|w90_days_search|w90_days_cat|w90_days_buy|w90_days_cart|w90_days_presence_only|w90_searches|w90_carts|w90_orders|w90_gmv|w90_gmv_cat|w90_gmv_max|w90_lgmv_mean|w90_lgmv_std|rec_any|rec_search|rec_cart|rec_buy|rec_cat|gap_mean|gap_std|gap_max|buygap_mean|buygap_std|weekend_share|w7_aov|w7_gmv_per_day|w7_cart2ord|w7_srch2cart|w7_buyday_rate|w7_presence_rate|w7_ponly_share|w7_cat_gmv_share|w7_srch_per_day|w7_lgmv|w7_gmv30eq|w14_aov|w14_gmv_per_day|w14_cart2ord|w14_srch2cart|w14_buyday_rate|w14_presence_rate|w14_ponly_share|w14_cat_gmv_share|w14_srch_per_day|w14_lgmv|w14_gmv30eq|w30_aov|w30_gmv_per_day|w30_cart2ord|w30_srch2cart|w30_buyday_rate|w30_presence_rate|w30_ponly_share|w30_cat_gmv_share|w30_srch_per_day|w30_lgmv|w30_gmv30eq|w60_aov|w60_gmv_per_day|w60_cart2ord|w60_srch2cart|w60_buyday_rate,1786384332557374900,no,no
data/processed/feat_20250529_LNone.parquet,feat_20250529_LNone.parquet,.parquet,dataset,source_or_derived_dataset,115574111,ab9e8a29933a4229de17e92cab325b00b9d08da54f542067de72d57105fd1009,unknown,rows=222507;row_groups=2;columns=user_id|w7_days_present|w7_days_search|w7_days_cat|w7_days_buy|w7_days_cart|w7_days_presence_only|w7_searches|w7_carts|w7_orders|w7_gmv|w7_gmv_cat|w7_gmv_max|w7_lgmv_mean|w7_lgmv_std|w14_days_present|w14_days_search|w14_days_cat|w14_days_buy|w14_days_cart|w14_days_presence_only|w14_searches|w14_carts|w14_orders|w14_gmv|w14_gmv_cat|w14_gmv_max|w14_lgmv_mean|w14_lgmv_std|w30_days_present|w30_days_search|w30_days_cat|w30_days_buy|w30_days_cart|w30_days_presence_only|w30_searches|w30_carts|w30_orders|w30_gmv|w30_gmv_cat|w30_gmv_max|w30_lgmv_mean|w30_lgmv_std|w60_days_present|w60_days_search|w60_days_cat|w60_days_buy|w60_days_cart|w60_days_presence_only|w60_searches|w60_carts|w60_orders|w60_gmv|w60_gmv_cat|w60_gmv_max|w60_lgmv_mean|w60_lgmv_std|w90_days_present|w90_days_search|w90_days_cat|w90_days_buy|w90_days_cart|w90_days_presence_only|w90_searches|w90_carts|w90_orders|w90_gmv|w90_gmv_cat|w90_gmv_max|w90_lgmv_mean|w90_lgmv_std|w180_days_present|w180_days_search|w180_days_cat|w180_days_buy|w180_days_cart|w180_days_presence_only|w180_searches|w180_carts|w180_orders|w180_gmv|w180_gmv_cat|w180_gmv_max|w180_lgmv_mean|w180_lgmv_std|w365_days_present|w365_days_search|w365_days_cat|w365_days_buy|w365_days_cart|w365_days_presence_only|w365_searches|w365_carts|w365_orders|w365_gmv|w365_gmv_cat|w365_gmv_max|w365_lgmv_mean|w365_lgmv_std|rec_any|rec_search|rec_cart|rec_buy|rec_cat|tenure|first_buy_age|all_days_present|all_days_buy|all_gmv|all_orders|all_searches|gap_mean|gap_std|gap_max|buygap_mean|buygap_std|weekend_share|w7_aov|w7_gmv_per_day|w7_cart2ord,1786384396031035900,no,no
data/processed/feat_20250529_LnormNone.parquet,feat_20250529_LnormNone.parquet,.parquet,dataset,source_or_derived_dataset,111249190,a4dd5c496e34e5a401177094ab489a725b49343609e7db49afc9664587bfbbf0,unknown,rows=222507;row_groups=2;columns=user_id|w7_days_present|w7_days_search|w7_days_cat|w7_days_buy|w7_days_cart|w7_days_presence_only|w7_searches|w7_carts|w7_orders|w7_gmv|w7_gmv_cat|w7_gmv_max|w7_lgmv_mean|w7_lgmv_std|w14_days_present|w14_days_search|w14_days_cat|w14_days_buy|w14_days_cart|w14_days_presence_only|w14_searches|w14_carts|w14_orders|w14_gmv|w14_gmv_cat|w14_gmv_max|w14_lgmv_mean|w14_lgmv_std|w30_days_present|w30_days_search|w30_days_cat|w30_days_buy|w30_days_cart|w30_days_presence_only|w30_searches|w30_carts|w30_orders|w30_gmv|w30_gmv_cat|w30_gmv_max|w30_lgmv_mean|w30_lgmv_std|w60_days_present|w60_days_search|w60_days_cat|w60_days_buy|w60_days_cart|w60_days_presence_only|w60_searches|w60_carts|w60_orders|w60_gmv|w60_gmv_cat|w60_gmv_max|w60_lgmv_mean|w60_lgmv_std|w90_days_present|w90_days_search|w90_days_cat|w90_days_buy|w90_days_cart|w90_days_presence_only|w90_searches|w90_carts|w90_orders|w90_gmv|w90_gmv_cat|w90_gmv_max|w90_lgmv_mean|w90_lgmv_std|w180_days_present|w180_days_search|w180_days_cat|w180_days_buy|w180_days_cart|w180_days_presence_only|w180_searches|w180_carts|w180_orders|w180_gmv|w180_gmv_cat|w180_gmv_max|w180_lgmv_mean|w180_lgmv_std|w365_days_present|w365_days_search|w365_days_cat|w365_days_buy|w365_days_cart|w365_days_presence_only|w365_searches|w365_carts|w365_orders|w365_gmv|w365_gmv_cat|w365_gmv_max|w365_lgmv_mean|w365_lgmv_std|rec_any|rec_search|rec_cart|rec_buy|rec_cat|gap_mean|gap_std|buygap_mean|buygap_std|weekend_share|tenure_frac|first_buy_frac|gap_max_frac|w7_aov|w7_gmv_per_day|w7_cart2ord|w7_srch2cart|w7_buyday_rate|w7_presence_rate|w7_ponly_share|w7_cat_gmv_share,1786387829189919800,no,no
data/processed/feat_20250531_LnormNone.parquet,feat_20250531_LnormNone.parquet,.parquet,dataset,source_or_derived_dataset,111458488,34ef63dd594457a1356400ce8206bdc2fa329db0c9cd31f943525bae0c1963e2,unknown,rows=222757;row_groups=2;columns=user_id|w7_days_present|w7_days_search|w7_days_cat|w7_days_buy|w7_days_cart|w7_days_presence_only|w7_searches|w7_carts|w7_orders|w7_gmv|w7_gmv_cat|w7_gmv_max|w7_lgmv_mean|w7_lgmv_std|w14_days_present|w14_days_search|w14_days_cat|w14_days_buy|w14_days_cart|w14_days_presence_only|w14_searches|w14_carts|w14_orders|w14_gmv|w14_gmv_cat|w14_gmv_max|w14_lgmv_mean|w14_lgmv_std|w30_days_present|w30_days_search|w30_days_cat|w30_days_buy|w30_days_cart|w30_days_presence_only|w30_searches|w30_carts|w30_orders|w30_gmv|w30_gmv_cat|w30_gmv_max|w30_lgmv_mean|w30_lgmv_std|w60_days_present|w60_days_search|w60_days_cat|w60_days_buy|w60_days_cart|w60_days_presence_only|w60_searches|w60_carts|w60_orders|w60_gmv|w60_gmv_cat|w60_gmv_max|w60_lgmv_mean|w60_lgmv_std|w90_days_present|w90_days_search|w90_days_cat|w90_days_buy|w90_days_cart|w90_days_presence_only|w90_searches|w90_carts|w90_orders|w90_gmv|w90_gmv_cat|w90_gmv_max|w90_lgmv_mean|w90_lgmv_std|w180_days_present|w180_days_search|w180_days_cat|w180_days_buy|w180_days_cart|w180_days_presence_only|w180_searches|w180_carts|w180_orders|w180_gmv|w180_gmv_cat|w180_gmv_max|w180_lgmv_mean|w180_lgmv_std|w365_days_present|w365_days_search|w365_days_cat|w365_days_buy|w365_days_cart|w365_days_presence_only|w365_searches|w365_carts|w365_orders|w365_gmv|w365_gmv_cat|w365_gmv_max|w365_lgmv_mean|w365_lgmv_std|rec_any|rec_search|rec_cart|rec_buy|rec_cat|gap_mean|gap_std|buygap_mean|buygap_std|weekend_share|tenure_frac|first_buy_frac|gap_max_frac|w7_aov|w7_gmv_per_day|w7_cart2ord|w7_srch2cart|w7_buyday_rate|w7_presence_rate|w7_ponly_share|w7_cat_gmv_share,1786554343608254200,no,no
data/processed/feat_20250603_LnormNone.parquet,feat_20250603_LnormNone.parquet,.parquet,dataset,source_or_derived_dataset,111807576,5de14c4417bcb924545e0fb285fd4ea9cbe4f3e41b289e518deedb9e66625a19,unknown,rows=223173;row_groups=2;columns=user_id|w7_days_present|w7_days_search|w7_days_cat|w7_days_buy|w7_days_cart|w7_days_presence_only|w7_searches|w7_carts|w7_orders|w7_gmv|w7_gmv_cat|w7_gmv_max|w7_lgmv_mean|w7_lgmv_std|w14_days_present|w14_days_search|w14_days_cat|w14_days_buy|w14_days_cart|w14_days_presence_only|w14_searches|w14_carts|w14_orders|w14_gmv|w14_gmv_cat|w14_gmv_max|w14_lgmv_mean|w14_lgmv_std|w30_days_present|w30_days_search|w30_days_cat|w30_days_buy|w30_days_cart|w30_days_presence_only|w30_searches|w30_carts|w30_orders|w30_gmv|w30_gmv_cat|w30_gmv_max|w30_lgmv_mean|w30_lgmv_std|w60_days_present|w60_days_search|w60_days_cat|w60_days_buy|w60_days_cart|w60_days_presence_only|w60_searches|w60_carts|w60_orders|w60_gmv|w60_gmv_cat|w60_gmv_max|w60_lgmv_mean|w60_lgmv_std|w90_days_present|w90_days_search|w90_days_cat|w90_days_buy|w90_days_cart|w90_days_presence_only|w90_searches|w90_carts|w90_orders|w90_gmv|w90_gmv_cat|w90_gmv_max|w90_lgmv_mean|w90_lgmv_std|w180_days_present|w180_days_search|w180_days_cat|w180_days_buy|w180_days_cart|w180_days_presence_only|w180_searches|w180_carts|w180_orders|w180_gmv|w180_gmv_cat|w180_gmv_max|w180_lgmv_mean|w180_lgmv_std|w365_days_present|w365_days_search|w365_days_cat|w365_days_buy|w365_days_cart|w365_days_presence_only|w365_searches|w365_carts|w365_orders|w365_gmv|w365_gmv_cat|w365_gmv_max|w365_lgmv_mean|w365_lgmv_std|rec_any|rec_search|rec_cart|rec_buy|rec_cat|gap_mean|gap_std|buygap_mean|buygap_std|weekend_share|tenure_frac|first_buy_frac|gap_max_frac|w7_aov|w7_gmv_per_day|w7_cart2ord|w7_srch2cart|w7_buyday_rate|w7_presence_rate|w7_ponly_share|w7_cat_gmv_share,1786554346006563500,no,no
data/processed/feat_20250605_L180.parquet,feat_20250605_L180.parquet,.parquet,dataset,source_or_derived_dataset,89801615,8adfde9d4f0ad7c4b291e76d994ffc2d326b306f7f72235e81b5e7d965a43502,unknown,rows=223405;row_groups=2;columns=user_id|w7_days_present|w7_days_search|w7_days_cat|w7_days_buy|w7_days_cart|w7_days_presence_only|w7_searches|w7_carts|w7_orders|w7_gmv|w7_gmv_cat|w7_gmv_max|w7_lgmv_mean|w7_lgmv_std|w14_days_present|w14_days_search|w14_days_cat|w14_days_buy|w14_days_cart|w14_days_presence_only|w14_searches|w14_carts|w14_orders|w14_gmv|w14_gmv_cat|w14_gmv_max|w14_lgmv_mean|w14_lgmv_std|w30_days_present|w30_days_search|w30_days_cat|w30_days_buy|w30_days_cart|w30_days_presence_only|w30_searches|w30_carts|w30_orders|w30_gmv|w30_gmv_cat|w30_gmv_max|w30_lgmv_mean|w30_lgmv_std|w60_days_present|w60_days_search|w60_days_cat|w60_days_buy|w60_days_cart|w60_days_presence_only|w60_searches|w60_carts|w60_orders|w60_gmv|w60_gmv_cat|w60_gmv_max|w60_lgmv_mean|w60_lgmv_std|w90_days_present|w90_days_search|w90_days_cat|w90_days_buy|w90_days_cart|w90_days_presence_only|w90_searches|w90_carts|w90_orders|w90_gmv|w90_gmv_cat|w90_gmv_max|w90_lgmv_mean|w90_lgmv_std|w180_days_present|w180_days_search|w180_days_cat|w180_days_buy|w180_days_cart|w180_days_presence_only|w180_searches|w180_carts|w180_orders|w180_gmv|w180_gmv_cat|w180_gmv_max|w180_lgmv_mean|w180_lgmv_std|rec_any|rec_search|rec_cart|rec_buy|rec_cat|gap_mean|gap_std|gap_max|buygap_mean|buygap_std|weekend_share|w7_aov|w7_gmv_per_day|w7_cart2ord|w7_srch2cart|w7_buyday_rate|w7_presence_rate|w7_ponly_share|w7_cat_gmv_share|w7_srch_per_day|w7_lgmv|w7_gmv30eq|w14_aov|w14_gmv_per_day|w14_cart2ord|w14_srch2cart|w14_buyday_rate|w14_presence_rate|w14_ponly_share|w14_cat_gmv_share|w14_srch_per_day|w14_lgmv|w14_gmv30eq|w30_aov|w30_gmv_per_day,1786384254914930400,no,no
data/processed/feat_20250605_L270.parquet,feat_20250605_L270.parquet,.parquet,dataset,source_or_derived_dataset,109824371,afa7684a51ad4edf06e4b9b2715c4521c64716901bbe0b1c4af628e68050bfda,unknown,rows=223405;row_groups=2;columns=user_id|w7_days_present|w7_days_search|w7_days_cat|w7_days_buy|w7_days_cart|w7_days_presence_only|w7_searches|w7_carts|w7_orders|w7_gmv|w7_gmv_cat|w7_gmv_max|w7_lgmv_mean|w7_lgmv_std|w14_days_present|w14_days_search|w14_days_cat|w14_days_buy|w14_days_cart|w14_days_presence_only|w14_searches|w14_carts|w14_orders|w14_gmv|w14_gmv_cat|w14_gmv_max|w14_lgmv_mean|w14_lgmv_std|w30_days_present|w30_days_search|w30_days_cat|w30_days_buy|w30_days_cart|w30_days_presence_only|w30_searches|w30_carts|w30_orders|w30_gmv|w30_gmv_cat|w30_gmv_max|w30_lgmv_mean|w30_lgmv_std|w60_days_present|w60_days_search|w60_days_cat|w60_days_buy|w60_days_cart|w60_days_presence_only|w60_searches|w60_carts|w60_orders|w60_gmv|w60_gmv_cat|w60_gmv_max|w60_lgmv_mean|w60_lgmv_std|w90_days_present|w90_days_search|w90_days_cat|w90_days_buy|w90_days_cart|w90_days_presence_only|w90_searches|w90_carts|w90_orders|w90_gmv|w90_gmv_cat|w90_gmv_max|w90_lgmv_mean|w90_lgmv_std|w180_days_present|w180_days_search|w180_days_cat|w180_days_buy|w180_days_cart|w180_days_presence_only|w180_searches|w180_carts|w180_orders|w180_gmv|w180_gmv_cat|w180_gmv_max|w180_lgmv_mean|w180_lgmv_std|w270_days_present|w270_days_search|w270_days_cat|w270_days_buy|w270_days_cart|w270_days_presence_only|w270_searches|w270_carts|w270_orders|w270_gmv|w270_gmv_cat|w270_gmv_max|w270_lgmv_mean|w270_lgmv_std|rec_any|rec_search|rec_cart|rec_buy|rec_cat|gap_mean|gap_std|gap_max|buygap_mean|buygap_std|weekend_share|w7_aov|w7_gmv_per_day|w7_cart2ord|w7_srch2cart|w7_buyday_rate|w7_presence_rate|w7_ponly_share|w7_cat_gmv_share|w7_srch_per_day|w7_lgmv,1786384499004052800,no,no
data/processed/feat_20250605_L90.parquet,feat_20250605_L90.parquet,.parquet,dataset,source_or_derived_dataset,67845616,1247f0b44e03121e37a33dfa6173be818168a9c14292663738d4fb2e9772530b,unknown,rows=219550;row_groups=2;columns=user_id|w7_days_present|w7_days_search|w7_days_cat|w7_days_buy|w7_days_cart|w7_days_presence_only|w7_searches|w7_carts|w7_orders|w7_gmv|w7_gmv_cat|w7_gmv_max|w7_lgmv_mean|w7_lgmv_std|w14_days_present|w14_days_search|w14_days_cat|w14_days_buy|w14_days_cart|w14_days_presence_only|w14_searches|w14_carts|w14_orders|w14_gmv|w14_gmv_cat|w14_gmv_max|w14_lgmv_mean|w14_lgmv_std|w30_days_present|w30_days_search|w30_days_cat|w30_days_buy|w30_days_cart|w30_days_presence_only|w30_searches|w30_carts|w30_orders|w30_gmv|w30_gmv_cat|w30_gmv_max|w30_lgmv_mean|w30_lgmv_std|w60_days_present|w60_days_search|w60_days_cat|w60_days_buy|w60_days_cart|w60_days_presence_only|w60_searches|w60_carts|w60_orders|w60_gmv|w60_gmv_cat|w60_gmv_max|w60_lgmv_mean|w60_lgmv_std|w90_days_present|w90_days_search|w90_days_cat|w90_days_buy|w90_days_cart|w90_days_presence_only|w90_searches|w90_carts|w90_orders|w90_gmv|w90_gmv_cat|w90_gmv_max|w90_lgmv_mean|w90_lgmv_std|rec_any|rec_search|rec_cart|rec_buy|rec_cat|gap_mean|gap_std|gap_max|buygap_mean|buygap_std|weekend_share|w7_aov|w7_gmv_per_day|w7_cart2ord|w7_srch2cart|w7_buyday_rate|w7_presence_rate|w7_ponly_share|w7_cat_gmv_share|w7_srch_per_day|w7_lgmv|w7_gmv30eq|w14_aov|w14_gmv_per_day|w14_cart2ord|w14_srch2cart|w14_buyday_rate|w14_presence_rate|w14_ponly_share|w14_cat_gmv_share|w14_srch_per_day|w14_lgmv|w14_gmv30eq|w30_aov|w30_gmv_per_day|w30_cart2ord|w30_srch2cart|w30_buyday_rate|w30_presence_rate|w30_ponly_share|w30_cat_gmv_share|w30_srch_per_day|w30_lgmv|w30_gmv30eq|w60_aov|w60_gmv_per_day|w60_cart2ord|w60_srch2cart|w60_buyday_rate,1786384334512301000,no,no
data/processed/feat_20250605_LNone.parquet,feat_20250605_LNone.parquet,.parquet,dataset,source_or_derived_dataset,116616143,ae1be070b6263fd00a40a5cca4c9699de9744783e6edf5ebd7e798eb6f9c91b0,unknown,rows=223405;row_groups=2;columns=user_id|w7_days_present|w7_days_search|w7_days_cat|w7_days_buy|w7_days_cart|w7_days_presence_only|w7_searches|w7_carts|w7_orders|w7_gmv|w7_gmv_cat|w7_gmv_max|w7_lgmv_mean|w7_lgmv_std|w14_days_present|w14_days_search|w14_days_cat|w14_days_buy|w14_days_cart|w14_days_presence_only|w14_searches|w14_carts|w14_orders|w14_gmv|w14_gmv_cat|w14_gmv_max|w14_lgmv_mean|w14_lgmv_std|w30_days_present|w30_days_search|w30_days_cat|w30_days_buy|w30_days_cart|w30_days_presence_only|w30_searches|w30_carts|w30_orders|w30_gmv|w30_gmv_cat|w30_gmv_max|w30_lgmv_mean|w30_lgmv_std|w60_days_present|w60_days_search|w60_days_cat|w60_days_buy|w60_days_cart|w60_days_presence_only|w60_searches|w60_carts|w60_orders|w60_gmv|w60_gmv_cat|w60_gmv_max|w60_lgmv_mean|w60_lgmv_std|w90_days_present|w90_days_search|w90_days_cat|w90_days_buy|w90_days_cart|w90_days_presence_only|w90_searches|w90_carts|w90_orders|w90_gmv|w90_gmv_cat|w90_gmv_max|w90_lgmv_mean|w90_lgmv_std|w180_days_present|w180_days_search|w180_days_cat|w180_days_buy|w180_days_cart|w180_days_presence_only|w180_searches|w180_carts|w180_orders|w180_gmv|w180_gmv_cat|w180_gmv_max|w180_lgmv_mean|w180_lgmv_std|w365_days_present|w365_days_search|w365_days_cat|w365_days_buy|w365_days_cart|w365_days_presence_only|w365_searches|w365_carts|w365_orders|w365_gmv|w365_gmv_cat|w365_gmv_max|w365_lgmv_mean|w365_lgmv_std|rec_any|rec_search|rec_cart|rec_buy|rec_cat|tenure|first_buy_age|all_days_present|all_days_buy|all_gmv|all_orders|all_searches|gap_mean|gap_std|gap_max|buygap_mean|buygap_std|weekend_share|w7_aov|w7_gmv_per_day|w7_cart2ord,1786384399118106200,no,no
data/processed/feat_20250605_LnormNone.parquet,feat_20250605_LnormNone.parquet,.parquet,dataset,source_or_derived_dataset,112259601,8555063cbb3e5873e4a8dd1b83b3dcdcfe6731bcf9a3e92ad3dd7b1322724725,unknown,rows=223405;row_groups=2;columns=user_id|w7_days_present|w7_days_search|w7_days_cat|w7_days_buy|w7_days_cart|w7_days_presence_only|w7_searches|w7_carts|w7_orders|w7_gmv|w7_gmv_cat|w7_gmv_max|w7_lgmv_mean|w7_lgmv_std|w14_days_present|w14_days_search|w14_days_cat|w14_days_buy|w14_days_cart|w14_days_presence_only|w14_searches|w14_carts|w14_orders|w14_gmv|w14_gmv_cat|w14_gmv_max|w14_lgmv_mean|w14_lgmv_std|w30_days_present|w30_days_search|w30_days_cat|w30_days_buy|w30_days_cart|w30_days_presence_only|w30_searches|w30_carts|w30_orders|w30_gmv|w30_gmv_cat|w30_gmv_max|w30_lgmv_mean|w30_lgmv_std|w60_days_present|w60_days_search|w60_days_cat|w60_days_buy|w60_days_cart|w60_days_presence_only|w60_searches|w60_carts|w60_orders|w60_gmv|w60_gmv_cat|w60_gmv_max|w60_lgmv_mean|w60_lgmv_std|w90_days_present|w90_days_search|w90_days_cat|w90_days_buy|w90_days_cart|w90_days_presence_only|w90_searches|w90_carts|w90_orders|w90_gmv|w90_gmv_cat|w90_gmv_max|w90_lgmv_mean|w90_lgmv_std|w180_days_present|w180_days_search|w180_days_cat|w180_days_buy|w180_days_cart|w180_days_presence_only|w180_searches|w180_carts|w180_orders|w180_gmv|w180_gmv_cat|w180_gmv_max|w180_lgmv_mean|w180_lgmv_std|w365_days_present|w365_days_search|w365_days_cat|w365_days_buy|w365_days_cart|w365_days_presence_only|w365_searches|w365_carts|w365_orders|w365_gmv|w365_gmv_cat|w365_gmv_max|w365_lgmv_mean|w365_lgmv_std|rec_any|rec_search|rec_cart|rec_buy|rec_cat|gap_mean|gap_std|buygap_mean|buygap_std|weekend_share|tenure_frac|first_buy_frac|gap_max_frac|w7_aov|w7_gmv_per_day|w7_cart2ord|w7_srch2cart|w7_buyday_rate|w7_presence_rate|w7_ponly_share|w7_cat_gmv_share,1786387832577895700,no,no
data/processed/feat_20250606_LnormNone.parquet,feat_20250606_LnormNone.parquet,.parquet,dataset,source_or_derived_dataset,112406272,4196b8c1d42c96a49566d58b6f761b1d14a94bb2b93abf8490df2c7351a534b3,unknown,rows=223548;row_groups=2;columns=user_id|w7_days_present|w7_days_search|w7_days_cat|w7_days_buy|w7_days_cart|w7_days_presence_only|w7_searches|w7_carts|w7_orders|w7_gmv|w7_gmv_cat|w7_gmv_max|w7_lgmv_mean|w7_lgmv_std|w14_days_present|w14_days_search|w14_days_cat|w14_days_buy|w14_days_cart|w14_days_presence_only|w14_searches|w14_carts|w14_orders|w14_gmv|w14_gmv_cat|w14_gmv_max|w14_lgmv_mean|w14_lgmv_std|w30_days_present|w30_days_search|w30_days_cat|w30_days_buy|w30_days_cart|w30_days_presence_only|w30_searches|w30_carts|w30_orders|w30_gmv|w30_gmv_cat|w30_gmv_max|w30_lgmv_mean|w30_lgmv_std|w60_days_present|w60_days_search|w60_days_cat|w60_days_buy|w60_days_cart|w60_days_presence_only|w60_searches|w60_carts|w60_orders|w60_gmv|w60_gmv_cat|w60_gmv_max|w60_lgmv_mean|w60_lgmv_std|w90_days_present|w90_days_search|w90_days_cat|w90_days_buy|w90_days_cart|w90_days_presence_only|w90_searches|w90_carts|w90_orders|w90_gmv|w90_gmv_cat|w90_gmv_max|w90_lgmv_mean|w90_lgmv_std|w180_days_present|w180_days_search|w180_days_cat|w180_days_buy|w180_days_cart|w180_days_presence_only|w180_searches|w180_carts|w180_orders|w180_gmv|w180_gmv_cat|w180_gmv_max|w180_lgmv_mean|w180_lgmv_std|w365_days_present|w365_days_search|w365_days_cat|w365_days_buy|w365_days_cart|w365_days_presence_only|w365_searches|w365_carts|w365_orders|w365_gmv|w365_gmv_cat|w365_gmv_max|w365_lgmv_mean|w365_lgmv_std|rec_any|rec_search|rec_cart|rec_buy|rec_cat|gap_mean|gap_std|buygap_mean|buygap_std|weekend_share|tenure_frac|first_buy_frac|gap_max_frac|w7_aov|w7_gmv_per_day|w7_cart2ord|w7_srch2cart|w7_buyday_rate|w7_presence_rate|w7_ponly_share|w7_cat_gmv_share,1786554348571373900,no,no
data/processed/feat_20250609_LnormNone.parquet,feat_20250609_LnormNone.parquet,.parquet,dataset,source_or_derived_dataset,113096920,6ce4cde5adbfe01fd4c8a9127472c1ccba6c834659ded99cda78731f267745a1,unknown,rows=223961;row_groups=2;columns=user_id|w7_days_present|w7_days_search|w7_days_cat|w7_days_buy|w7_days_cart|w7_days_presence_only|w7_searches|w7_carts|w7_orders|w7_gmv|w7_gmv_cat|w7_gmv_max|w7_lgmv_mean|w7_lgmv_std|w14_days_present|w14_days_search|w14_days_cat|w14_days_buy|w14_days_cart|w14_days_presence_only|w14_searches|w14_carts|w14_orders|w14_gmv|w14_gmv_cat|w14_gmv_max|w14_lgmv_mean|w14_lgmv_std|w30_days_present|w30_days_search|w30_days_cat|w30_days_buy|w30_days_cart|w30_days_presence_only|w30_searches|w30_carts|w30_orders|w30_gmv|w30_gmv_cat|w30_gmv_max|w30_lgmv_mean|w30_lgmv_std|w60_days_present|w60_days_search|w60_days_cat|w60_days_buy|w60_days_cart|w60_days_presence_only|w60_searches|w60_carts|w60_orders|w60_gmv|w60_gmv_cat|w60_gmv_max|w60_lgmv_mean|w60_lgmv_std|w90_days_present|w90_days_search|w90_days_cat|w90_days_buy|w90_days_cart|w90_days_presence_only|w90_searches|w90_carts|w90_orders|w90_gmv|w90_gmv_cat|w90_gmv_max|w90_lgmv_mean|w90_lgmv_std|w180_days_present|w180_days_search|w180_days_cat|w180_days_buy|w180_days_cart|w180_days_presence_only|w180_searches|w180_carts|w180_orders|w180_gmv|w180_gmv_cat|w180_gmv_max|w180_lgmv_mean|w180_lgmv_std|w365_days_present|w365_days_search|w365_days_cat|w365_days_buy|w365_days_cart|w365_days_presence_only|w365_searches|w365_carts|w365_orders|w365_gmv|w365_gmv_cat|w365_gmv_max|w365_lgmv_mean|w365_lgmv_std|rec_any|rec_search|rec_cart|rec_buy|rec_cat|gap_mean|gap_std|buygap_mean|buygap_std|weekend_share|tenure_frac|first_buy_frac|gap_max_frac|w7_aov|w7_gmv_per_day|w7_cart2ord|w7_srch2cart|w7_buyday_rate|w7_presence_rate|w7_ponly_share|w7_cat_gmv_share,1786554351469004000,no,no
data/processed/feat_20250612_L180.parquet,feat_20250612_L180.parquet,.parquet,dataset,source_or_derived_dataset,91015883,35022c1a2d0388e9958f60fc113cff4af8d4be4c176bd62d3180206941426574,unknown,rows=224393;row_groups=2;columns=user_id|w7_days_present|w7_days_search|w7_days_cat|w7_days_buy|w7_days_cart|w7_days_presence_only|w7_searches|w7_carts|w7_orders|w7_gmv|w7_gmv_cat|w7_gmv_max|w7_lgmv_mean|w7_lgmv_std|w14_days_present|w14_days_search|w14_days_cat|w14_days_buy|w14_days_cart|w14_days_presence_only|w14_searches|w14_carts|w14_orders|w14_gmv|w14_gmv_cat|w14_gmv_max|w14_lgmv_mean|w14_lgmv_std|w30_days_present|w30_days_search|w30_days_cat|w30_days_buy|w30_days_cart|w30_days_presence_only|w30_searches|w30_carts|w30_orders|w30_gmv|w30_gmv_cat|w30_gmv_max|w30_lgmv_mean|w30_lgmv_std|w60_days_present|w60_days_search|w60_days_cat|w60_days_buy|w60_days_cart|w60_days_presence_only|w60_searches|w60_carts|w60_orders|w60_gmv|w60_gmv_cat|w60_gmv_max|w60_lgmv_mean|w60_lgmv_std|w90_days_present|w90_days_search|w90_days_cat|w90_days_buy|w90_days_cart|w90_days_presence_only|w90_searches|w90_carts|w90_orders|w90_gmv|w90_gmv_cat|w90_gmv_max|w90_lgmv_mean|w90_lgmv_std|w180_days_present|w180_days_search|w180_days_cat|w180_days_buy|w180_days_cart|w180_days_presence_only|w180_searches|w180_carts|w180_orders|w180_gmv|w180_gmv_cat|w180_gmv_max|w180_lgmv_mean|w180_lgmv_std|rec_any|rec_search|rec_cart|rec_buy|rec_cat|gap_mean|gap_std|gap_max|buygap_mean|buygap_std|weekend_share|w7_aov|w7_gmv_per_day|w7_cart2ord|w7_srch2cart|w7_buyday_rate|w7_presence_rate|w7_ponly_share|w7_cat_gmv_share|w7_srch_per_day|w7_lgmv|w7_gmv30eq|w14_aov|w14_gmv_per_day|w14_cart2ord|w14_srch2cart|w14_buyday_rate|w14_presence_rate|w14_ponly_share|w14_cat_gmv_share|w14_srch_per_day|w14_lgmv|w14_gmv30eq|w30_aov|w30_gmv_per_day,1786384257285415600,no,no
data/processed/feat_20250612_L270.parquet,feat_20250612_L270.parquet,.parquet,dataset,source_or_derived_dataset,111364012,fc8dc0e7c1c4d7c26b23653785255703f865cca270cfeea38d9054852913bc96,unknown,rows=224393;row_groups=2;columns=user_id|w7_days_present|w7_days_search|w7_days_cat|w7_days_buy|w7_days_cart|w7_days_presence_only|w7_searches|w7_carts|w7_orders|w7_gmv|w7_gmv_cat|w7_gmv_max|w7_lgmv_mean|w7_lgmv_std|w14_days_present|w14_days_search|w14_days_cat|w14_days_buy|w14_days_cart|w14_days_presence_only|w14_searches|w14_carts|w14_orders|w14_gmv|w14_gmv_cat|w14_gmv_max|w14_lgmv_mean|w14_lgmv_std|w30_days_present|w30_days_search|w30_days_cat|w30_days_buy|w30_days_cart|w30_days_presence_only|w30_searches|w30_carts|w30_orders|w30_gmv|w30_gmv_cat|w30_gmv_max|w30_lgmv_mean|w30_lgmv_std|w60_days_present|w60_days_search|w60_days_cat|w60_days_buy|w60_days_cart|w60_days_presence_only|w60_searches|w60_carts|w60_orders|w60_gmv|w60_gmv_cat|w60_gmv_max|w60_lgmv_mean|w60_lgmv_std|w90_days_present|w90_days_search|w90_days_cat|w90_days_buy|w90_days_cart|w90_days_presence_only|w90_searches|w90_carts|w90_orders|w90_gmv|w90_gmv_cat|w90_gmv_max|w90_lgmv_mean|w90_lgmv_std|w180_days_present|w180_days_search|w180_days_cat|w180_days_buy|w180_days_cart|w180_days_presence_only|w180_searches|w180_carts|w180_orders|w180_gmv|w180_gmv_cat|w180_gmv_max|w180_lgmv_mean|w180_lgmv_std|w270_days_present|w270_days_search|w270_days_cat|w270_days_buy|w270_days_cart|w270_days_presence_only|w270_searches|w270_carts|w270_orders|w270_gmv|w270_gmv_cat|w270_gmv_max|w270_lgmv_mean|w270_lgmv_std|rec_any|rec_search|rec_cart|rec_buy|rec_cat|gap_mean|gap_std|gap_max|buygap_mean|buygap_std|weekend_share|w7_aov|w7_gmv_per_day|w7_cart2ord|w7_srch2cart|w7_buyday_rate|w7_presence_rate|w7_ponly_share|w7_cat_gmv_share|w7_srch_per_day|w7_lgmv,1786384501916427300,no,no
data/processed/feat_20250612_L90.parquet,feat_20250612_L90.parquet,.parquet,dataset,source_or_derived_dataset,68621793,280c9581c849656555b06ff35587d8d2906d61f69be1bb0a793a8d5f6549ccb6,unknown,rows=220308;row_groups=2;columns=user_id|w7_days_present|w7_days_search|w7_days_cat|w7_days_buy|w7_days_cart|w7_days_presence_only|w7_searches|w7_carts|w7_orders|w7_gmv|w7_gmv_cat|w7_gmv_max|w7_lgmv_mean|w7_lgmv_std|w14_days_present|w14_days_search|w14_days_cat|w14_days_buy|w14_days_cart|w14_days_presence_only|w14_searches|w14_carts|w14_orders|w14_gmv|w14_gmv_cat|w14_gmv_max|w14_lgmv_mean|w14_lgmv_std|w30_days_present|w30_days_search|w30_days_cat|w30_days_buy|w30_days_cart|w30_days_presence_only|w30_searches|w30_carts|w30_orders|w30_gmv|w30_gmv_cat|w30_gmv_max|w30_lgmv_mean|w30_lgmv_std|w60_days_present|w60_days_search|w60_days_cat|w60_days_buy|w60_days_cart|w60_days_presence_only|w60_searches|w60_carts|w60_orders|w60_gmv|w60_gmv_cat|w60_gmv_max|w60_lgmv_mean|w60_lgmv_std|w90_days_present|w90_days_search|w90_days_cat|w90_days_buy|w90_days_cart|w90_days_presence_only|w90_searches|w90_carts|w90_orders|w90_gmv|w90_gmv_cat|w90_gmv_max|w90_lgmv_mean|w90_lgmv_std|rec_any|rec_search|rec_cart|rec_buy|rec_cat|gap_mean|gap_std|gap_max|buygap_mean|buygap_std|weekend_share|w7_aov|w7_gmv_per_day|w7_cart2ord|w7_srch2cart|w7_buyday_rate|w7_presence_rate|w7_ponly_share|w7_cat_gmv_share|w7_srch_per_day|w7_lgmv|w7_gmv30eq|w14_aov|w14_gmv_per_day|w14_cart2ord|w14_srch2cart|w14_buyday_rate|w14_presence_rate|w14_ponly_share|w14_cat_gmv_share|w14_srch_per_day|w14_lgmv|w14_gmv30eq|w30_aov|w30_gmv_per_day|w30_cart2ord|w30_srch2cart|w30_buyday_rate|w30_presence_rate|w30_ponly_share|w30_cat_gmv_share|w30_srch_per_day|w30_lgmv|w30_gmv30eq|w60_aov|w60_gmv_per_day|w60_cart2ord|w60_srch2cart|w60_buyday_rate,1786384336890146000,no,no
data/processed/feat_20250612_LNone.parquet,feat_20250612_LNone.parquet,.parquet,dataset,source_or_derived_dataset,118241419,71020fe1e3a263f290f0412f6e9707ed77bb46b5a901f71501f7ed6d23bd03f5,unknown,rows=224393;row_groups=2;columns=user_id|w7_days_present|w7_days_search|w7_days_cat|w7_days_buy|w7_days_cart|w7_days_presence_only|w7_searches|w7_carts|w7_orders|w7_gmv|w7_gmv_cat|w7_gmv_max|w7_lgmv_mean|w7_lgmv_std|w14_days_present|w14_days_search|w14_days_cat|w14_days_buy|w14_days_cart|w14_days_presence_only|w14_searches|w14_carts|w14_orders|w14_gmv|w14_gmv_cat|w14_gmv_max|w14_lgmv_mean|w14_lgmv_std|w30_days_present|w30_days_search|w30_days_cat|w30_days_buy|w30_days_cart|w30_days_presence_only|w30_searches|w30_carts|w30_orders|w30_gmv|w30_gmv_cat|w30_gmv_max|w30_lgmv_mean|w30_lgmv_std|w60_days_present|w60_days_search|w60_days_cat|w60_days_buy|w60_days_cart|w60_days_presence_only|w60_searches|w60_carts|w60_orders|w60_gmv|w60_gmv_cat|w60_gmv_max|w60_lgmv_mean|w60_lgmv_std|w90_days_present|w90_days_search|w90_days_cat|w90_days_buy|w90_days_cart|w90_days_presence_only|w90_searches|w90_carts|w90_orders|w90_gmv|w90_gmv_cat|w90_gmv_max|w90_lgmv_mean|w90_lgmv_std|w180_days_present|w180_days_search|w180_days_cat|w180_days_buy|w180_days_cart|w180_days_presence_only|w180_searches|w180_carts|w180_orders|w180_gmv|w180_gmv_cat|w180_gmv_max|w180_lgmv_mean|w180_lgmv_std|w365_days_present|w365_days_search|w365_days_cat|w365_days_buy|w365_days_cart|w365_days_presence_only|w365_searches|w365_carts|w365_orders|w365_gmv|w365_gmv_cat|w365_gmv_max|w365_lgmv_mean|w365_lgmv_std|rec_any|rec_search|rec_cart|rec_buy|rec_cat|tenure|first_buy_age|all_days_present|all_days_buy|all_gmv|all_orders|all_searches|gap_mean|gap_std|gap_max|buygap_mean|buygap_std|weekend_share|w7_aov|w7_gmv_per_day|w7_cart2ord,1786384401815450800,no,no
data/processed/feat_20250612_LnormNone.parquet,feat_20250612_LnormNone.parquet,.parquet,dataset,source_or_derived_dataset,113744338,190d89eb086bc0aa37a358ac6bfe33c6ba5edb9e6801bc8106d7f2b389ba8204,unknown,rows=224393;row_groups=2;columns=user_id|w7_days_present|w7_days_search|w7_days_cat|w7_days_buy|w7_days_cart|w7_days_presence_only|w7_searches|w7_carts|w7_orders|w7_gmv|w7_gmv_cat|w7_gmv_max|w7_lgmv_mean|w7_lgmv_std|w14_days_present|w14_days_search|w14_days_cat|w14_days_buy|w14_days_cart|w14_days_presence_only|w14_searches|w14_carts|w14_orders|w14_gmv|w14_gmv_cat|w14_gmv_max|w14_lgmv_mean|w14_lgmv_std|w30_days_present|w30_days_search|w30_days_cat|w30_days_buy|w30_days_cart|w30_days_presence_only|w30_searches|w30_carts|w30_orders|w30_gmv|w30_gmv_cat|w30_gmv_max|w30_lgmv_mean|w30_lgmv_std|w60_days_present|w60_days_search|w60_days_cat|w60_days_buy|w60_days_cart|w60_days_presence_only|w60_searches|w60_carts|w60_orders|w60_gmv|w60_gmv_cat|w60_gmv_max|w60_lgmv_mean|w60_lgmv_std|w90_days_present|w90_days_search|w90_days_cat|w90_days_buy|w90_days_cart|w90_days_presence_only|w90_searches|w90_carts|w90_orders|w90_gmv|w90_gmv_cat|w90_gmv_max|w90_lgmv_mean|w90_lgmv_std|w180_days_present|w180_days_search|w180_days_cat|w180_days_buy|w180_days_cart|w180_days_presence_only|w180_searches|w180_carts|w180_orders|w180_gmv|w180_gmv_cat|w180_gmv_max|w180_lgmv_mean|w180_lgmv_std|w365_days_present|w365_days_search|w365_days_cat|w365_days_buy|w365_days_cart|w365_days_presence_only|w365_searches|w365_carts|w365_orders|w365_gmv|w365_gmv_cat|w365_gmv_max|w365_lgmv_mean|w365_lgmv_std|rec_any|rec_search|rec_cart|rec_buy|rec_cat|gap_mean|gap_std|buygap_mean|buygap_std|weekend_share|tenure_frac|first_buy_frac|gap_max_frac|w7_aov|w7_gmv_per_day|w7_cart2ord|w7_srch2cart|w7_buyday_rate|w7_presence_rate|w7_ponly_share|w7_cat_gmv_share,1786387836518907300,no,no
data/processed/feat_20250615_LnormNone.parquet,feat_20250615_LnormNone.parquet,.parquet,dataset,source_or_derived_dataset,114214497,8104ed6f974a5433559038eefc9a4a7a781b76592b3778fd8d1e077ce44d4caa,unknown,rows=224822;row_groups=2;columns=user_id|w7_days_present|w7_days_search|w7_days_cat|w7_days_buy|w7_days_cart|w7_days_presence_only|w7_searches|w7_carts|w7_orders|w7_gmv|w7_gmv_cat|w7_gmv_max|w7_lgmv_mean|w7_lgmv_std|w14_days_present|w14_days_search|w14_days_cat|w14_days_buy|w14_days_cart|w14_days_presence_only|w14_searches|w14_carts|w14_orders|w14_gmv|w14_gmv_cat|w14_gmv_max|w14_lgmv_mean|w14_lgmv_std|w30_days_present|w30_days_search|w30_days_cat|w30_days_buy|w30_days_cart|w30_days_presence_only|w30_searches|w30_carts|w30_orders|w30_gmv|w30_gmv_cat|w30_gmv_max|w30_lgmv_mean|w30_lgmv_std|w60_days_present|w60_days_search|w60_days_cat|w60_days_buy|w60_days_cart|w60_days_presence_only|w60_searches|w60_carts|w60_orders|w60_gmv|w60_gmv_cat|w60_gmv_max|w60_lgmv_mean|w60_lgmv_std|w90_days_present|w90_days_search|w90_days_cat|w90_days_buy|w90_days_cart|w90_days_presence_only|w90_searches|w90_carts|w90_orders|w90_gmv|w90_gmv_cat|w90_gmv_max|w90_lgmv_mean|w90_lgmv_std|w180_days_present|w180_days_search|w180_days_cat|w180_days_buy|w180_days_cart|w180_days_presence_only|w180_searches|w180_carts|w180_orders|w180_gmv|w180_gmv_cat|w180_gmv_max|w180_lgmv_mean|w180_lgmv_std|w365_days_present|w365_days_search|w365_days_cat|w365_days_buy|w365_days_cart|w365_days_presence_only|w365_searches|w365_carts|w365_orders|w365_gmv|w365_gmv_cat|w365_gmv_max|w365_lgmv_mean|w365_lgmv_std|rec_any|rec_search|rec_cart|rec_buy|rec_cat|gap_mean|gap_std|buygap_mean|buygap_std|weekend_share|tenure_frac|first_buy_frac|gap_max_frac|w7_aov|w7_gmv_per_day|w7_cart2ord|w7_srch2cart|w7_buyday_rate|w7_presence_rate|w7_ponly_share|w7_cat_gmv_share,1786554354199784500,no,no
data/processed/feat_20250618_LnormNone.parquet,feat_20250618_LnormNone.parquet,.parquet,dataset,source_or_derived_dataset,114735140,2b5ca23cd0bebf3b80eaab121b5a0bad6d7cfdc55a4a06ddc4355e1bda7ba201,unknown,rows=225245;row_groups=2;columns=user_id|w7_days_present|w7_days_search|w7_days_cat|w7_days_buy|w7_days_cart|w7_days_presence_only|w7_searches|w7_carts|w7_orders|w7_gmv|w7_gmv_cat|w7_gmv_max|w7_lgmv_mean|w7_lgmv_std|w14_days_present|w14_days_search|w14_days_cat|w14_days_buy|w14_days_cart|w14_days_presence_only|w14_searches|w14_carts|w14_orders|w14_gmv|w14_gmv_cat|w14_gmv_max|w14_lgmv_mean|w14_lgmv_std|w30_days_present|w30_days_search|w30_days_cat|w30_days_buy|w30_days_cart|w30_days_presence_only|w30_searches|w30_carts|w30_orders|w30_gmv|w30_gmv_cat|w30_gmv_max|w30_lgmv_mean|w30_lgmv_std|w60_days_present|w60_days_search|w60_days_cat|w60_days_buy|w60_days_cart|w60_days_presence_only|w60_searches|w60_carts|w60_orders|w60_gmv|w60_gmv_cat|w60_gmv_max|w60_lgmv_mean|w60_lgmv_std|w90_days_present|w90_days_search|w90_days_cat|w90_days_buy|w90_days_cart|w90_days_presence_only|w90_searches|w90_carts|w90_orders|w90_gmv|w90_gmv_cat|w90_gmv_max|w90_lgmv_mean|w90_lgmv_std|w180_days_present|w180_days_search|w180_days_cat|w180_days_buy|w180_days_cart|w180_days_presence_only|w180_searches|w180_carts|w180_orders|w180_gmv|w180_gmv_cat|w180_gmv_max|w180_lgmv_mean|w180_lgmv_std|w365_days_present|w365_days_search|w365_days_cat|w365_days_buy|w365_days_cart|w365_days_presence_only|w365_searches|w365_carts|w365_orders|w365_gmv|w365_gmv_cat|w365_gmv_max|w365_lgmv_mean|w365_lgmv_std|rec_any|rec_search|rec_cart|rec_buy|rec_cat|gap_mean|gap_std|buygap_mean|buygap_std|weekend_share|tenure_frac|first_buy_frac|gap_max_frac|w7_aov|w7_gmv_per_day|w7_cart2ord|w7_srch2cart|w7_buyday_rate|w7_presence_rate|w7_ponly_share|w7_cat_gmv_share,1786554357327194400,no,no
data/processed/feat_20250619_L180.parquet,feat_20250619_L180.parquet,.parquet,dataset,source_or_derived_dataset,91797937,cd30cb74260ae35799950862459dab25921b910accc6f487277e35f73e6fbf42,unknown,rows=225363;row_groups=2;columns=user_id|w7_days_present|w7_days_search|w7_days_cat|w7_days_buy|w7_days_cart|w7_days_presence_only|w7_searches|w7_carts|w7_orders|w7_gmv|w7_gmv_cat|w7_gmv_max|w7_lgmv_mean|w7_lgmv_std|w14_days_present|w14_days_search|w14_days_cat|w14_days_buy|w14_days_cart|w14_days_presence_only|w14_searches|w14_carts|w14_orders|w14_gmv|w14_gmv_cat|w14_gmv_max|w14_lgmv_mean|w14_lgmv_std|w30_days_present|w30_days_search|w30_days_cat|w30_days_buy|w30_days_cart|w30_days_presence_only|w30_searches|w30_carts|w30_orders|w30_gmv|w30_gmv_cat|w30_gmv_max|w30_lgmv_mean|w30_lgmv_std|w60_days_present|w60_days_search|w60_days_cat|w60_days_buy|w60_days_cart|w60_days_presence_only|w60_searches|w60_carts|w60_orders|w60_gmv|w60_gmv_cat|w60_gmv_max|w60_lgmv_mean|w60_lgmv_std|w90_days_present|w90_days_search|w90_days_cat|w90_days_buy|w90_days_cart|w90_days_presence_only|w90_searches|w90_carts|w90_orders|w90_gmv|w90_gmv_cat|w90_gmv_max|w90_lgmv_mean|w90_lgmv_std|w180_days_present|w180_days_search|w180_days_cat|w180_days_buy|w180_days_cart|w180_days_presence_only|w180_searches|w180_carts|w180_orders|w180_gmv|w180_gmv_cat|w180_gmv_max|w180_lgmv_mean|w180_lgmv_std|rec_any|rec_search|rec_cart|rec_buy|rec_cat|gap_mean|gap_std|gap_max|buygap_mean|buygap_std|weekend_share|w7_aov|w7_gmv_per_day|w7_cart2ord|w7_srch2cart|w7_buyday_rate|w7_presence_rate|w7_ponly_share|w7_cat_gmv_share|w7_srch_per_day|w7_lgmv|w7_gmv30eq|w14_aov|w14_gmv_per_day|w14_cart2ord|w14_srch2cart|w14_buyday_rate|w14_presence_rate|w14_ponly_share|w14_cat_gmv_share|w14_srch_per_day|w14_lgmv|w14_gmv30eq|w30_aov|w30_gmv_per_day,1786384259916986900,no,no
data/processed/feat_20250619_L270.parquet,feat_20250619_L270.parquet,.parquet,dataset,source_or_derived_dataset,112458474,00a001ffe333524fc299f214fd678e89f40c297ada553b0600787af3431e0f44,unknown,rows=225363;row_groups=2;columns=user_id|w7_days_present|w7_days_search|w7_days_cat|w7_days_buy|w7_days_cart|w7_days_presence_only|w7_searches|w7_carts|w7_orders|w7_gmv|w7_gmv_cat|w7_gmv_max|w7_lgmv_mean|w7_lgmv_std|w14_days_present|w14_days_search|w14_days_cat|w14_days_buy|w14_days_cart|w14_days_presence_only|w14_searches|w14_carts|w14_orders|w14_gmv|w14_gmv_cat|w14_gmv_max|w14_lgmv_mean|w14_lgmv_std|w30_days_present|w30_days_search|w30_days_cat|w30_days_buy|w30_days_cart|w30_days_presence_only|w30_searches|w30_carts|w30_orders|w30_gmv|w30_gmv_cat|w30_gmv_max|w30_lgmv_mean|w30_lgmv_std|w60_days_present|w60_days_search|w60_days_cat|w60_days_buy|w60_days_cart|w60_days_presence_only|w60_searches|w60_carts|w60_orders|w60_gmv|w60_gmv_cat|w60_gmv_max|w60_lgmv_mean|w60_lgmv_std|w90_days_present|w90_days_search|w90_days_cat|w90_days_buy|w90_days_cart|w90_days_presence_only|w90_searches|w90_carts|w90_orders|w90_gmv|w90_gmv_cat|w90_gmv_max|w90_lgmv_mean|w90_lgmv_std|w180_days_present|w180_days_search|w180_days_cat|w180_days_buy|w180_days_cart|w180_days_presence_only|w180_searches|w180_carts|w180_orders|w180_gmv|w180_gmv_cat|w180_gmv_max|w180_lgmv_mean|w180_lgmv_std|w270_days_present|w270_days_search|w270_days_cat|w270_days_buy|w270_days_cart|w270_days_presence_only|w270_searches|w270_carts|w270_orders|w270_gmv|w270_gmv_cat|w270_gmv_max|w270_lgmv_mean|w270_lgmv_std|rec_any|rec_search|rec_cart|rec_buy|rec_cat|gap_mean|gap_std|gap_max|buygap_mean|buygap_std|weekend_share|w7_aov|w7_gmv_per_day|w7_cart2ord|w7_srch2cart|w7_buyday_rate|w7_presence_rate|w7_ponly_share|w7_cat_gmv_share|w7_srch_per_day|w7_lgmv,1786384505946339700,no,no
data/processed/feat_20250619_L90.parquet,feat_20250619_L90.parquet,.parquet,dataset,source_or_derived_dataset,68958013,d5765f6de1a80dcde08209b4e846ad0e789dfe683c7f4d55e5049772fdc0bef1,unknown,rows=221086;row_groups=2;columns=user_id|w7_days_present|w7_days_search|w7_days_cat|w7_days_buy|w7_days_cart|w7_days_presence_only|w7_searches|w7_carts|w7_orders|w7_gmv|w7_gmv_cat|w7_gmv_max|w7_lgmv_mean|w7_lgmv_std|w14_days_present|w14_days_search|w14_days_cat|w14_days_buy|w14_days_cart|w14_days_presence_only|w14_searches|w14_carts|w14_orders|w14_gmv|w14_gmv_cat|w14_gmv_max|w14_lgmv_mean|w14_lgmv_std|w30_days_present|w30_days_search|w30_days_cat|w30_days_buy|w30_days_cart|w30_days_presence_only|w30_searches|w30_carts|w30_orders|w30_gmv|w30_gmv_cat|w30_gmv_max|w30_lgmv_mean|w30_lgmv_std|w60_days_present|w60_days_search|w60_days_cat|w60_days_buy|w60_days_cart|w60_days_presence_only|w60_searches|w60_carts|w60_orders|w60_gmv|w60_gmv_cat|w60_gmv_max|w60_lgmv_mean|w60_lgmv_std|w90_days_present|w90_days_search|w90_days_cat|w90_days_buy|w90_days_cart|w90_days_presence_only|w90_searches|w90_carts|w90_orders|w90_gmv|w90_gmv_cat|w90_gmv_max|w90_lgmv_mean|w90_lgmv_std|rec_any|rec_search|rec_cart|rec_buy|rec_cat|gap_mean|gap_std|gap_max|buygap_mean|buygap_std|weekend_share|w7_aov|w7_gmv_per_day|w7_cart2ord|w7_srch2cart|w7_buyday_rate|w7_presence_rate|w7_ponly_share|w7_cat_gmv_share|w7_srch_per_day|w7_lgmv|w7_gmv30eq|w14_aov|w14_gmv_per_day|w14_cart2ord|w14_srch2cart|w14_buyday_rate|w14_presence_rate|w14_ponly_share|w14_cat_gmv_share|w14_srch_per_day|w14_lgmv|w14_gmv30eq|w30_aov|w30_gmv_per_day|w30_cart2ord|w30_srch2cart|w30_buyday_rate|w30_presence_rate|w30_ponly_share|w30_cat_gmv_share|w30_srch_per_day|w30_lgmv|w30_gmv30eq|w60_aov|w60_gmv_per_day|w60_cart2ord|w60_srch2cart|w60_buyday_rate,1786384338554968200,no,no
data/processed/feat_20250619_LNone.parquet,feat_20250619_LNone.parquet,.parquet,dataset,source_or_derived_dataset,119423249,d841a1d4cd928dc368d667292f0bb0003ba5ebc605305447783788e3f95ac3c2,unknown,rows=225363;row_groups=2;columns=user_id|w7_days_present|w7_days_search|w7_days_cat|w7_days_buy|w7_days_cart|w7_days_presence_only|w7_searches|w7_carts|w7_orders|w7_gmv|w7_gmv_cat|w7_gmv_max|w7_lgmv_mean|w7_lgmv_std|w14_days_present|w14_days_search|w14_days_cat|w14_days_buy|w14_days_cart|w14_days_presence_only|w14_searches|w14_carts|w14_orders|w14_gmv|w14_gmv_cat|w14_gmv_max|w14_lgmv_mean|w14_lgmv_std|w30_days_present|w30_days_search|w30_days_cat|w30_days_buy|w30_days_cart|w30_days_presence_only|w30_searches|w30_carts|w30_orders|w30_gmv|w30_gmv_cat|w30_gmv_max|w30_lgmv_mean|w30_lgmv_std|w60_days_present|w60_days_search|w60_days_cat|w60_days_buy|w60_days_cart|w60_days_presence_only|w60_searches|w60_carts|w60_orders|w60_gmv|w60_gmv_cat|w60_gmv_max|w60_lgmv_mean|w60_lgmv_std|w90_days_present|w90_days_search|w90_days_cat|w90_days_buy|w90_days_cart|w90_days_presence_only|w90_searches|w90_carts|w90_orders|w90_gmv|w90_gmv_cat|w90_gmv_max|w90_lgmv_mean|w90_lgmv_std|w180_days_present|w180_days_search|w180_days_cat|w180_days_buy|w180_days_cart|w180_days_presence_only|w180_searches|w180_carts|w180_orders|w180_gmv|w180_gmv_cat|w180_gmv_max|w180_lgmv_mean|w180_lgmv_std|w365_days_present|w365_days_search|w365_days_cat|w365_days_buy|w365_days_cart|w365_days_presence_only|w365_searches|w365_carts|w365_orders|w365_gmv|w365_gmv_cat|w365_gmv_max|w365_lgmv_mean|w365_lgmv_std|rec_any|rec_search|rec_cart|rec_buy|rec_cat|tenure|first_buy_age|all_days_present|all_days_buy|all_gmv|all_orders|all_searches|gap_mean|gap_std|gap_max|buygap_mean|buygap_std|weekend_share|w7_aov|w7_gmv_per_day|w7_cart2ord,1786384404618585200,no,no
data/processed/feat_20250619_LnormNone.parquet,feat_20250619_LnormNone.parquet,.parquet,dataset,source_or_derived_dataset,115032379,a0e51069e3efeccfb7a8c97c3696a86d988ac344243d1b3db9ad8e3af25d0e2e,unknown,rows=225363;row_groups=2;columns=user_id|w7_days_present|w7_days_search|w7_days_cat|w7_days_buy|w7_days_cart|w7_days_presence_only|w7_searches|w7_carts|w7_orders|w7_gmv|w7_gmv_cat|w7_gmv_max|w7_lgmv_mean|w7_lgmv_std|w14_days_present|w14_days_search|w14_days_cat|w14_days_buy|w14_days_cart|w14_days_presence_only|w14_searches|w14_carts|w14_orders|w14_gmv|w14_gmv_cat|w14_gmv_max|w14_lgmv_mean|w14_lgmv_std|w30_days_present|w30_days_search|w30_days_cat|w30_days_buy|w30_days_cart|w30_days_presence_only|w30_searches|w30_carts|w30_orders|w30_gmv|w30_gmv_cat|w30_gmv_max|w30_lgmv_mean|w30_lgmv_std|w60_days_present|w60_days_search|w60_days_cat|w60_days_buy|w60_days_cart|w60_days_presence_only|w60_searches|w60_carts|w60_orders|w60_gmv|w60_gmv_cat|w60_gmv_max|w60_lgmv_mean|w60_lgmv_std|w90_days_present|w90_days_search|w90_days_cat|w90_days_buy|w90_days_cart|w90_days_presence_only|w90_searches|w90_carts|w90_orders|w90_gmv|w90_gmv_cat|w90_gmv_max|w90_lgmv_mean|w90_lgmv_std|w180_days_present|w180_days_search|w180_days_cat|w180_days_buy|w180_days_cart|w180_days_presence_only|w180_searches|w180_carts|w180_orders|w180_gmv|w180_gmv_cat|w180_gmv_max|w180_lgmv_mean|w180_lgmv_std|w365_days_present|w365_days_search|w365_days_cat|w365_days_buy|w365_days_cart|w365_days_presence_only|w365_searches|w365_carts|w365_orders|w365_gmv|w365_gmv_cat|w365_gmv_max|w365_lgmv_mean|w365_lgmv_std|rec_any|rec_search|rec_cart|rec_buy|rec_cat|gap_mean|gap_std|buygap_mean|buygap_std|weekend_share|tenure_frac|first_buy_frac|gap_max_frac|w7_aov|w7_gmv_per_day|w7_cart2ord|w7_srch2cart|w7_buyday_rate|w7_presence_rate|w7_ponly_share|w7_cat_gmv_share,1786387839847620500,no,no
data/processed/feat_20250621_LnormNone.parquet,feat_20250621_LnormNone.parquet,.parquet,dataset,source_or_derived_dataset,115182981,09d3205368759029f0caed927d4a8c6a220652cff8c7b28f6b59ab49ef3e4a41,unknown,rows=225621;row_groups=2;columns=user_id|w7_days_present|w7_days_search|w7_days_cat|w7_days_buy|w7_days_cart|w7_days_presence_only|w7_searches|w7_carts|w7_orders|w7_gmv|w7_gmv_cat|w7_gmv_max|w7_lgmv_mean|w7_lgmv_std|w14_days_present|w14_days_search|w14_days_cat|w14_days_buy|w14_days_cart|w14_days_presence_only|w14_searches|w14_carts|w14_orders|w14_gmv|w14_gmv_cat|w14_gmv_max|w14_lgmv_mean|w14_lgmv_std|w30_days_present|w30_days_search|w30_days_cat|w30_days_buy|w30_days_cart|w30_days_presence_only|w30_searches|w30_carts|w30_orders|w30_gmv|w30_gmv_cat|w30_gmv_max|w30_lgmv_mean|w30_lgmv_std|w60_days_present|w60_days_search|w60_days_cat|w60_days_buy|w60_days_cart|w60_days_presence_only|w60_searches|w60_carts|w60_orders|w60_gmv|w60_gmv_cat|w60_gmv_max|w60_lgmv_mean|w60_lgmv_std|w90_days_present|w90_days_search|w90_days_cat|w90_days_buy|w90_days_cart|w90_days_presence_only|w90_searches|w90_carts|w90_orders|w90_gmv|w90_gmv_cat|w90_gmv_max|w90_lgmv_mean|w90_lgmv_std|w180_days_present|w180_days_search|w180_days_cat|w180_days_buy|w180_days_cart|w180_days_presence_only|w180_searches|w180_carts|w180_orders|w180_gmv|w180_gmv_cat|w180_gmv_max|w180_lgmv_mean|w180_lgmv_std|w365_days_present|w365_days_search|w365_days_cat|w365_days_buy|w365_days_cart|w365_days_presence_only|w365_searches|w365_carts|w365_orders|w365_gmv|w365_gmv_cat|w365_gmv_max|w365_lgmv_mean|w365_lgmv_std|rec_any|rec_search|rec_cart|rec_buy|rec_cat|gap_mean|gap_std|buygap_mean|buygap_std|weekend_share|tenure_frac|first_buy_frac|gap_max_frac|w7_aov|w7_gmv_per_day|w7_cart2ord|w7_srch2cart|w7_buyday_rate|w7_presence_rate|w7_ponly_share|w7_cat_gmv_share,1786554360439363300,no,no
data/processed/feat_20250624_LnormNone.parquet,feat_20250624_LnormNone.parquet,.parquet,dataset,source_or_derived_dataset,115667382,924ee9b062ad7e3e65617b7c4db03a6faa844a9c5fd6cc5cd0947bc352b996f3,unknown,rows=226003;row_groups=2;columns=user_id|w7_days_present|w7_days_search|w7_days_cat|w7_days_buy|w7_days_cart|w7_days_presence_only|w7_searches|w7_carts|w7_orders|w7_gmv|w7_gmv_cat|w7_gmv_max|w7_lgmv_mean|w7_lgmv_std|w14_days_present|w14_days_search|w14_days_cat|w14_days_buy|w14_days_cart|w14_days_presence_only|w14_searches|w14_carts|w14_orders|w14_gmv|w14_gmv_cat|w14_gmv_max|w14_lgmv_mean|w14_lgmv_std|w30_days_present|w30_days_search|w30_days_cat|w30_days_buy|w30_days_cart|w30_days_presence_only|w30_searches|w30_carts|w30_orders|w30_gmv|w30_gmv_cat|w30_gmv_max|w30_lgmv_mean|w30_lgmv_std|w60_days_present|w60_days_search|w60_days_cat|w60_days_buy|w60_days_cart|w60_days_presence_only|w60_searches|w60_carts|w60_orders|w60_gmv|w60_gmv_cat|w60_gmv_max|w60_lgmv_mean|w60_lgmv_std|w90_days_present|w90_days_search|w90_days_cat|w90_days_buy|w90_days_cart|w90_days_presence_only|w90_searches|w90_carts|w90_orders|w90_gmv|w90_gmv_cat|w90_gmv_max|w90_lgmv_mean|w90_lgmv_std|w180_days_present|w180_days_search|w180_days_cat|w180_days_buy|w180_days_cart|w180_days_presence_only|w180_searches|w180_carts|w180_orders|w180_gmv|w180_gmv_cat|w180_gmv_max|w180_lgmv_mean|w180_lgmv_std|w365_days_present|w365_days_search|w365_days_cat|w365_days_buy|w365_days_cart|w365_days_presence_only|w365_searches|w365_carts|w365_orders|w365_gmv|w365_gmv_cat|w365_gmv_max|w365_lgmv_mean|w365_lgmv_std|rec_any|rec_search|rec_cart|rec_buy|rec_cat|gap_mean|gap_std|buygap_mean|buygap_std|weekend_share|tenure_frac|first_buy_frac|gap_max_frac|w7_aov|w7_gmv_per_day|w7_cart2ord|w7_srch2cart|w7_buyday_rate|w7_presence_rate|w7_ponly_share|w7_cat_gmv_share,1786554363206403300,no,no
data/processed/feat_20250626_L180.parquet,feat_20250626_L180.parquet,.parquet,dataset,source_or_derived_dataset,92652934,3b7bf642de5eefa8b2c9ac171f4b0a04d10f9758a8045331242a026b3611b8cc,unknown,rows=226278;row_groups=2;columns=user_id|w7_days_present|w7_days_search|w7_days_cat|w7_days_buy|w7_days_cart|w7_days_presence_only|w7_searches|w7_carts|w7_orders|w7_gmv|w7_gmv_cat|w7_gmv_max|w7_lgmv_mean|w7_lgmv_std|w14_days_present|w14_days_search|w14_days_cat|w14_days_buy|w14_days_cart|w14_days_presence_only|w14_searches|w14_carts|w14_orders|w14_gmv|w14_gmv_cat|w14_gmv_max|w14_lgmv_mean|w14_lgmv_std|w30_days_present|w30_days_search|w30_days_cat|w30_days_buy|w30_days_cart|w30_days_presence_only|w30_searches|w30_carts|w30_orders|w30_gmv|w30_gmv_cat|w30_gmv_max|w30_lgmv_mean|w30_lgmv_std|w60_days_present|w60_days_search|w60_days_cat|w60_days_buy|w60_days_cart|w60_days_presence_only|w60_searches|w60_carts|w60_orders|w60_gmv|w60_gmv_cat|w60_gmv_max|w60_lgmv_mean|w60_lgmv_std|w90_days_present|w90_days_search|w90_days_cat|w90_days_buy|w90_days_cart|w90_days_presence_only|w90_searches|w90_carts|w90_orders|w90_gmv|w90_gmv_cat|w90_gmv_max|w90_lgmv_mean|w90_lgmv_std|w180_days_present|w180_days_search|w180_days_cat|w180_days_buy|w180_days_cart|w180_days_presence_only|w180_searches|w180_carts|w180_orders|w180_gmv|w180_gmv_cat|w180_gmv_max|w180_lgmv_mean|w180_lgmv_std|rec_any|rec_search|rec_cart|rec_buy|rec_cat|gap_mean|gap_std|gap_max|buygap_mean|buygap_std|weekend_share|w7_aov|w7_gmv_per_day|w7_cart2ord|w7_srch2cart|w7_buyday_rate|w7_presence_rate|w7_ponly_share|w7_cat_gmv_share|w7_srch_per_day|w7_lgmv|w7_gmv30eq|w14_aov|w14_gmv_per_day|w14_cart2ord|w14_srch2cart|w14_buyday_rate|w14_presence_rate|w14_ponly_share|w14_cat_gmv_share|w14_srch_per_day|w14_lgmv|w14_gmv30eq|w30_aov|w30_gmv_per_day,1786384262660459200,no,no
data/processed/feat_20250626_L270.parquet,feat_20250626_L270.parquet,.parquet,dataset,source_or_derived_dataset,113611352,1d4fd4d11be7469a7281363f3de1f7ccc86b04f720885cba0762b015ddc300da,unknown,rows=226278;row_groups=2;columns=user_id|w7_days_present|w7_days_search|w7_days_cat|w7_days_buy|w7_days_cart|w7_days_presence_only|w7_searches|w7_carts|w7_orders|w7_gmv|w7_gmv_cat|w7_gmv_max|w7_lgmv_mean|w7_lgmv_std|w14_days_present|w14_days_search|w14_days_cat|w14_days_buy|w14_days_cart|w14_days_presence_only|w14_searches|w14_carts|w14_orders|w14_gmv|w14_gmv_cat|w14_gmv_max|w14_lgmv_mean|w14_lgmv_std|w30_days_present|w30_days_search|w30_days_cat|w30_days_buy|w30_days_cart|w30_days_presence_only|w30_searches|w30_carts|w30_orders|w30_gmv|w30_gmv_cat|w30_gmv_max|w30_lgmv_mean|w30_lgmv_std|w60_days_present|w60_days_search|w60_days_cat|w60_days_buy|w60_days_cart|w60_days_presence_only|w60_searches|w60_carts|w60_orders|w60_gmv|w60_gmv_cat|w60_gmv_max|w60_lgmv_mean|w60_lgmv_std|w90_days_present|w90_days_search|w90_days_cat|w90_days_buy|w90_days_cart|w90_days_presence_only|w90_searches|w90_carts|w90_orders|w90_gmv|w90_gmv_cat|w90_gmv_max|w90_lgmv_mean|w90_lgmv_std|w180_days_present|w180_days_search|w180_days_cat|w180_days_buy|w180_days_cart|w180_days_presence_only|w180_searches|w180_carts|w180_orders|w180_gmv|w180_gmv_cat|w180_gmv_max|w180_lgmv_mean|w180_lgmv_std|w270_days_present|w270_days_search|w270_days_cat|w270_days_buy|w270_days_cart|w270_days_presence_only|w270_searches|w270_carts|w270_orders|w270_gmv|w270_gmv_cat|w270_gmv_max|w270_lgmv_mean|w270_lgmv_std|rec_any|rec_search|rec_cart|rec_buy|rec_cat|gap_mean|gap_std|gap_max|buygap_mean|buygap_std|weekend_share|w7_aov|w7_gmv_per_day|w7_cart2ord|w7_srch2cart|w7_buyday_rate|w7_presence_rate|w7_ponly_share|w7_cat_gmv_share|w7_srch_per_day|w7_lgmv,1786384509023742500,no,no
data/processed/feat_20250626_L90.parquet,feat_20250626_L90.parquet,.parquet,dataset,source_or_derived_dataset,69419852,978202c8f2314a373d90c88731271f0e55e6f71e5b6fdb9094a462f001b3199c,unknown,rows=221810;row_groups=2;columns=user_id|w7_days_present|w7_days_search|w7_days_cat|w7_days_buy|w7_days_cart|w7_days_presence_only|w7_searches|w7_carts|w7_orders|w7_gmv|w7_gmv_cat|w7_gmv_max|w7_lgmv_mean|w7_lgmv_std|w14_days_present|w14_days_search|w14_days_cat|w14_days_buy|w14_days_cart|w14_days_presence_only|w14_searches|w14_carts|w14_orders|w14_gmv|w14_gmv_cat|w14_gmv_max|w14_lgmv_mean|w14_lgmv_std|w30_days_present|w30_days_search|w30_days_cat|w30_days_buy|w30_days_cart|w30_days_presence_only|w30_searches|w30_carts|w30_orders|w30_gmv|w30_gmv_cat|w30_gmv_max|w30_lgmv_mean|w30_lgmv_std|w60_days_present|w60_days_search|w60_days_cat|w60_days_buy|w60_days_cart|w60_days_presence_only|w60_searches|w60_carts|w60_orders|w60_gmv|w60_gmv_cat|w60_gmv_max|w60_lgmv_mean|w60_lgmv_std|w90_days_present|w90_days_search|w90_days_cat|w90_days_buy|w90_days_cart|w90_days_presence_only|w90_searches|w90_carts|w90_orders|w90_gmv|w90_gmv_cat|w90_gmv_max|w90_lgmv_mean|w90_lgmv_std|rec_any|rec_search|rec_cart|rec_buy|rec_cat|gap_mean|gap_std|gap_max|buygap_mean|buygap_std|weekend_share|w7_aov|w7_gmv_per_day|w7_cart2ord|w7_srch2cart|w7_buyday_rate|w7_presence_rate|w7_ponly_share|w7_cat_gmv_share|w7_srch_per_day|w7_lgmv|w7_gmv30eq|w14_aov|w14_gmv_per_day|w14_cart2ord|w14_srch2cart|w14_buyday_rate|w14_presence_rate|w14_ponly_share|w14_cat_gmv_share|w14_srch_per_day|w14_lgmv|w14_gmv30eq|w30_aov|w30_gmv_per_day|w30_cart2ord|w30_srch2cart|w30_buyday_rate|w30_presence_rate|w30_ponly_share|w30_cat_gmv_share|w30_srch_per_day|w30_lgmv|w30_gmv30eq|w60_aov|w60_gmv_per_day|w60_cart2ord|w60_srch2cart|w60_buyday_rate,1786384340259610300,no,no
data/processed/feat_20250626_LNone.parquet,feat_20250626_LNone.parquet,.parquet,dataset,source_or_derived_dataset,120660322,cdd254fea857b58fa9ad8e27880cb2d69fb9024a459b63410e5c7e63311aae28,unknown,rows=226278;row_groups=2;columns=user_id|w7_days_present|w7_days_search|w7_days_cat|w7_days_buy|w7_days_cart|w7_days_presence_only|w7_searches|w7_carts|w7_orders|w7_gmv|w7_gmv_cat|w7_gmv_max|w7_lgmv_mean|w7_lgmv_std|w14_days_present|w14_days_search|w14_days_cat|w14_days_buy|w14_days_cart|w14_days_presence_only|w14_searches|w14_carts|w14_orders|w14_gmv|w14_gmv_cat|w14_gmv_max|w14_lgmv_mean|w14_lgmv_std|w30_days_present|w30_days_search|w30_days_cat|w30_days_buy|w30_days_cart|w30_days_presence_only|w30_searches|w30_carts|w30_orders|w30_gmv|w30_gmv_cat|w30_gmv_max|w30_lgmv_mean|w30_lgmv_std|w60_days_present|w60_days_search|w60_days_cat|w60_days_buy|w60_days_cart|w60_days_presence_only|w60_searches|w60_carts|w60_orders|w60_gmv|w60_gmv_cat|w60_gmv_max|w60_lgmv_mean|w60_lgmv_std|w90_days_present|w90_days_search|w90_days_cat|w90_days_buy|w90_days_cart|w90_days_presence_only|w90_searches|w90_carts|w90_orders|w90_gmv|w90_gmv_cat|w90_gmv_max|w90_lgmv_mean|w90_lgmv_std|w180_days_present|w180_days_search|w180_days_cat|w180_days_buy|w180_days_cart|w180_days_presence_only|w180_searches|w180_carts|w180_orders|w180_gmv|w180_gmv_cat|w180_gmv_max|w180_lgmv_mean|w180_lgmv_std|w365_days_present|w365_days_search|w365_days_cat|w365_days_buy|w365_days_cart|w365_days_presence_only|w365_searches|w365_carts|w365_orders|w365_gmv|w365_gmv_cat|w365_gmv_max|w365_lgmv_mean|w365_lgmv_std|rec_any|rec_search|rec_cart|rec_buy|rec_cat|tenure|first_buy_age|all_days_present|all_days_buy|all_gmv|all_orders|all_searches|gap_mean|gap_std|gap_max|buygap_mean|buygap_std|weekend_share|w7_aov|w7_gmv_per_day|w7_cart2ord,1786384408129844300,no,no
data/processed/feat_20250626_LnormNone.parquet,feat_20250626_LnormNone.parquet,.parquet,dataset,source_or_derived_dataset,115994901,06c690bf925990dfe7677ceca6c13481f109f3cc240789d9825ffffdca333315,unknown,rows=226278;row_groups=2;columns=user_id|w7_days_present|w7_days_search|w7_days_cat|w7_days_buy|w7_days_cart|w7_days_presence_only|w7_searches|w7_carts|w7_orders|w7_gmv|w7_gmv_cat|w7_gmv_max|w7_lgmv_mean|w7_lgmv_std|w14_days_present|w14_days_search|w14_days_cat|w14_days_buy|w14_days_cart|w14_days_presence_only|w14_searches|w14_carts|w14_orders|w14_gmv|w14_gmv_cat|w14_gmv_max|w14_lgmv_mean|w14_lgmv_std|w30_days_present|w30_days_search|w30_days_cat|w30_days_buy|w30_days_cart|w30_days_presence_only|w30_searches|w30_carts|w30_orders|w30_gmv|w30_gmv_cat|w30_gmv_max|w30_lgmv_mean|w30_lgmv_std|w60_days_present|w60_days_search|w60_days_cat|w60_days_buy|w60_days_cart|w60_days_presence_only|w60_searches|w60_carts|w60_orders|w60_gmv|w60_gmv_cat|w60_gmv_max|w60_lgmv_mean|w60_lgmv_std|w90_days_present|w90_days_search|w90_days_cat|w90_days_buy|w90_days_cart|w90_days_presence_only|w90_searches|w90_carts|w90_orders|w90_gmv|w90_gmv_cat|w90_gmv_max|w90_lgmv_mean|w90_lgmv_std|w180_days_present|w180_days_search|w180_days_cat|w180_days_buy|w180_days_cart|w180_days_presence_only|w180_searches|w180_carts|w180_orders|w180_gmv|w180_gmv_cat|w180_gmv_max|w180_lgmv_mean|w180_lgmv_std|w365_days_present|w365_days_search|w365_days_cat|w365_days_buy|w365_days_cart|w365_days_presence_only|w365_searches|w365_carts|w365_orders|w365_gmv|w365_gmv_cat|w365_gmv_max|w365_lgmv_mean|w365_lgmv_std|rec_any|rec_search|rec_cart|rec_buy|rec_cat|gap_mean|gap_std|buygap_mean|buygap_std|weekend_share|tenure_frac|first_buy_frac|gap_max_frac|w7_aov|w7_gmv_per_day|w7_cart2ord|w7_srch2cart|w7_buyday_rate|w7_presence_rate|w7_ponly_share|w7_cat_gmv_share,1786387844953327300,no,no
data/processed/feat_20250627_LnormNone.parquet,feat_20250627_LnormNone.parquet,.parquet,dataset,source_or_derived_dataset,116135089,96a2ee8c09408206fdd8d3702fed85732009cf3e0512adf025a88cb07f844af2,unknown,rows=226401;row_groups=2;columns=user_id|w7_days_present|w7_days_search|w7_days_cat|w7_days_buy|w7_days_cart|w7_days_presence_only|w7_searches|w7_carts|w7_orders|w7_gmv|w7_gmv_cat|w7_gmv_max|w7_lgmv_mean|w7_lgmv_std|w14_days_present|w14_days_search|w14_days_cat|w14_days_buy|w14_days_cart|w14_days_presence_only|w14_searches|w14_carts|w14_orders|w14_gmv|w14_gmv_cat|w14_gmv_max|w14_lgmv_mean|w14_lgmv_std|w30_days_present|w30_days_search|w30_days_cat|w30_days_buy|w30_days_cart|w30_days_presence_only|w30_searches|w30_carts|w30_orders|w30_gmv|w30_gmv_cat|w30_gmv_max|w30_lgmv_mean|w30_lgmv_std|w60_days_present|w60_days_search|w60_days_cat|w60_days_buy|w60_days_cart|w60_days_presence_only|w60_searches|w60_carts|w60_orders|w60_gmv|w60_gmv_cat|w60_gmv_max|w60_lgmv_mean|w60_lgmv_std|w90_days_present|w90_days_search|w90_days_cat|w90_days_buy|w90_days_cart|w90_days_presence_only|w90_searches|w90_carts|w90_orders|w90_gmv|w90_gmv_cat|w90_gmv_max|w90_lgmv_mean|w90_lgmv_std|w180_days_present|w180_days_search|w180_days_cat|w180_days_buy|w180_days_cart|w180_days_presence_only|w180_searches|w180_carts|w180_orders|w180_gmv|w180_gmv_cat|w180_gmv_max|w180_lgmv_mean|w180_lgmv_std|w365_days_present|w365_days_search|w365_days_cat|w365_days_buy|w365_days_cart|w365_days_presence_only|w365_searches|w365_carts|w365_orders|w365_gmv|w365_gmv_cat|w365_gmv_max|w365_lgmv_mean|w365_lgmv_std|rec_any|rec_search|rec_cart|rec_buy|rec_cat|gap_mean|gap_std|buygap_mean|buygap_std|weekend_share|tenure_frac|first_buy_frac|gap_max_frac|w7_aov|w7_gmv_per_day|w7_cart2ord|w7_srch2cart|w7_buyday_rate|w7_presence_rate|w7_ponly_share|w7_cat_gmv_share,1786554366219412700,no,no
data/processed/feat_20250630_LnormNone.parquet,feat_20250630_LnormNone.parquet,.parquet,dataset,source_or_derived_dataset,116637988,09dc222d080c020d5bba1380de0b20e37d371c5ab4cca7ecf494d3b11d3f4492,unknown,rows=226828;row_groups=2;columns=user_id|w7_days_present|w7_days_search|w7_days_cat|w7_days_buy|w7_days_cart|w7_days_presence_only|w7_searches|w7_carts|w7_orders|w7_gmv|w7_gmv_cat|w7_gmv_max|w7_lgmv_mean|w7_lgmv_std|w14_days_present|w14_days_search|w14_days_cat|w14_days_buy|w14_days_cart|w14_days_presence_only|w14_searches|w14_carts|w14_orders|w14_gmv|w14_gmv_cat|w14_gmv_max|w14_lgmv_mean|w14_lgmv_std|w30_days_present|w30_days_search|w30_days_cat|w30_days_buy|w30_days_cart|w30_days_presence_only|w30_searches|w30_carts|w30_orders|w30_gmv|w30_gmv_cat|w30_gmv_max|w30_lgmv_mean|w30_lgmv_std|w60_days_present|w60_days_search|w60_days_cat|w60_days_buy|w60_days_cart|w60_days_presence_only|w60_searches|w60_carts|w60_orders|w60_gmv|w60_gmv_cat|w60_gmv_max|w60_lgmv_mean|w60_lgmv_std|w90_days_present|w90_days_search|w90_days_cat|w90_days_buy|w90_days_cart|w90_days_presence_only|w90_searches|w90_carts|w90_orders|w90_gmv|w90_gmv_cat|w90_gmv_max|w90_lgmv_mean|w90_lgmv_std|w180_days_present|w180_days_search|w180_days_cat|w180_days_buy|w180_days_cart|w180_days_presence_only|w180_searches|w180_carts|w180_orders|w180_gmv|w180_gmv_cat|w180_gmv_max|w180_lgmv_mean|w180_lgmv_std|w365_days_present|w365_days_search|w365_days_cat|w365_days_buy|w365_days_cart|w365_days_presence_only|w365_searches|w365_carts|w365_orders|w365_gmv|w365_gmv_cat|w365_gmv_max|w365_lgmv_mean|w365_lgmv_std|rec_any|rec_search|rec_cart|rec_buy|rec_cat|gap_mean|gap_std|buygap_mean|buygap_std|weekend_share|tenure_frac|first_buy_frac|gap_max_frac|w7_aov|w7_gmv_per_day|w7_cart2ord|w7_srch2cart|w7_buyday_rate|w7_presence_rate|w7_ponly_share|w7_cat_gmv_share,1786554368954392100,no,no
data/processed/feat_20250703_L180.parquet,feat_20250703_L180.parquet,.parquet,dataset,source_or_derived_dataset,93422685,cb865a962d9e5322a639c32da4587f8db784cd82bff53be81b12d2064c632b98,unknown,rows=227193;row_groups=2;columns=user_id|w7_days_present|w7_days_search|w7_days_cat|w7_days_buy|w7_days_cart|w7_days_presence_only|w7_searches|w7_carts|w7_orders|w7_gmv|w7_gmv_cat|w7_gmv_max|w7_lgmv_mean|w7_lgmv_std|w14_days_present|w14_days_search|w14_days_cat|w14_days_buy|w14_days_cart|w14_days_presence_only|w14_searches|w14_carts|w14_orders|w14_gmv|w14_gmv_cat|w14_gmv_max|w14_lgmv_mean|w14_lgmv_std|w30_days_present|w30_days_search|w30_days_cat|w30_days_buy|w30_days_cart|w30_days_presence_only|w30_searches|w30_carts|w30_orders|w30_gmv|w30_gmv_cat|w30_gmv_max|w30_lgmv_mean|w30_lgmv_std|w60_days_present|w60_days_search|w60_days_cat|w60_days_buy|w60_days_cart|w60_days_presence_only|w60_searches|w60_carts|w60_orders|w60_gmv|w60_gmv_cat|w60_gmv_max|w60_lgmv_mean|w60_lgmv_std|w90_days_present|w90_days_search|w90_days_cat|w90_days_buy|w90_days_cart|w90_days_presence_only|w90_searches|w90_carts|w90_orders|w90_gmv|w90_gmv_cat|w90_gmv_max|w90_lgmv_mean|w90_lgmv_std|w180_days_present|w180_days_search|w180_days_cat|w180_days_buy|w180_days_cart|w180_days_presence_only|w180_searches|w180_carts|w180_orders|w180_gmv|w180_gmv_cat|w180_gmv_max|w180_lgmv_mean|w180_lgmv_std|rec_any|rec_search|rec_cart|rec_buy|rec_cat|gap_mean|gap_std|gap_max|buygap_mean|buygap_std|weekend_share|w7_aov|w7_gmv_per_day|w7_cart2ord|w7_srch2cart|w7_buyday_rate|w7_presence_rate|w7_ponly_share|w7_cat_gmv_share|w7_srch_per_day|w7_lgmv|w7_gmv30eq|w14_aov|w14_gmv_per_day|w14_cart2ord|w14_srch2cart|w14_buyday_rate|w14_presence_rate|w14_ponly_share|w14_cat_gmv_share|w14_srch_per_day|w14_lgmv|w14_gmv30eq|w30_aov|w30_gmv_per_day,1786384265632444400,no,no
data/processed/feat_20250703_L270.parquet,feat_20250703_L270.parquet,.parquet,dataset,source_or_derived_dataset,114745781,fb7cd8b97fae1ffac442c5d1323c1ab3bc1e729d3c92e32fa34c97b56d98724e,unknown,rows=227291;row_groups=2;columns=user_id|w7_days_present|w7_days_search|w7_days_cat|w7_days_buy|w7_days_cart|w7_days_presence_only|w7_searches|w7_carts|w7_orders|w7_gmv|w7_gmv_cat|w7_gmv_max|w7_lgmv_mean|w7_lgmv_std|w14_days_present|w14_days_search|w14_days_cat|w14_days_buy|w14_days_cart|w14_days_presence_only|w14_searches|w14_carts|w14_orders|w14_gmv|w14_gmv_cat|w14_gmv_max|w14_lgmv_mean|w14_lgmv_std|w30_days_present|w30_days_search|w30_days_cat|w30_days_buy|w30_days_cart|w30_days_presence_only|w30_searches|w30_carts|w30_orders|w30_gmv|w30_gmv_cat|w30_gmv_max|w30_lgmv_mean|w30_lgmv_std|w60_days_present|w60_days_search|w60_days_cat|w60_days_buy|w60_days_cart|w60_days_presence_only|w60_searches|w60_carts|w60_orders|w60_gmv|w60_gmv_cat|w60_gmv_max|w60_lgmv_mean|w60_lgmv_std|w90_days_present|w90_days_search|w90_days_cat|w90_days_buy|w90_days_cart|w90_days_presence_only|w90_searches|w90_carts|w90_orders|w90_gmv|w90_gmv_cat|w90_gmv_max|w90_lgmv_mean|w90_lgmv_std|w180_days_present|w180_days_search|w180_days_cat|w180_days_buy|w180_days_cart|w180_days_presence_only|w180_searches|w180_carts|w180_orders|w180_gmv|w180_gmv_cat|w180_gmv_max|w180_lgmv_mean|w180_lgmv_std|w270_days_present|w270_days_search|w270_days_cat|w270_days_buy|w270_days_cart|w270_days_presence_only|w270_searches|w270_carts|w270_orders|w270_gmv|w270_gmv_cat|w270_gmv_max|w270_lgmv_mean|w270_lgmv_std|rec_any|rec_search|rec_cart|rec_buy|rec_cat|gap_mean|gap_std|gap_max|buygap_mean|buygap_std|weekend_share|w7_aov|w7_gmv_per_day|w7_cart2ord|w7_srch2cart|w7_buyday_rate|w7_presence_rate|w7_ponly_share|w7_cat_gmv_share|w7_srch_per_day|w7_lgmv,1786384512218577400,no,no
data/processed/feat_20250703_L90.parquet,feat_20250703_L90.parquet,.parquet,dataset,source_or_derived_dataset,69960256,fa03c6f38170a35afd3e1506ade00f9615d042c4257d771a25d07085582135cd,unknown,rows=222635;row_groups=2;columns=user_id|w7_days_present|w7_days_search|w7_days_cat|w7_days_buy|w7_days_cart|w7_days_presence_only|w7_searches|w7_carts|w7_orders|w7_gmv|w7_gmv_cat|w7_gmv_max|w7_lgmv_mean|w7_lgmv_std|w14_days_present|w14_days_search|w14_days_cat|w14_days_buy|w14_days_cart|w14_days_presence_only|w14_searches|w14_carts|w14_orders|w14_gmv|w14_gmv_cat|w14_gmv_max|w14_lgmv_mean|w14_lgmv_std|w30_days_present|w30_days_search|w30_days_cat|w30_days_buy|w30_days_cart|w30_days_presence_only|w30_searches|w30_carts|w30_orders|w30_gmv|w30_gmv_cat|w30_gmv_max|w30_lgmv_mean|w30_lgmv_std|w60_days_present|w60_days_search|w60_days_cat|w60_days_buy|w60_days_cart|w60_days_presence_only|w60_searches|w60_carts|w60_orders|w60_gmv|w60_gmv_cat|w60_gmv_max|w60_lgmv_mean|w60_lgmv_std|w90_days_present|w90_days_search|w90_days_cat|w90_days_buy|w90_days_cart|w90_days_presence_only|w90_searches|w90_carts|w90_orders|w90_gmv|w90_gmv_cat|w90_gmv_max|w90_lgmv_mean|w90_lgmv_std|rec_any|rec_search|rec_cart|rec_buy|rec_cat|gap_mean|gap_std|gap_max|buygap_mean|buygap_std|weekend_share|w7_aov|w7_gmv_per_day|w7_cart2ord|w7_srch2cart|w7_buyday_rate|w7_presence_rate|w7_ponly_share|w7_cat_gmv_share|w7_srch_per_day|w7_lgmv|w7_gmv30eq|w14_aov|w14_gmv_per_day|w14_cart2ord|w14_srch2cart|w14_buyday_rate|w14_presence_rate|w14_ponly_share|w14_cat_gmv_share|w14_srch_per_day|w14_lgmv|w14_gmv30eq|w30_aov|w30_gmv_per_day|w30_cart2ord|w30_srch2cart|w30_buyday_rate|w30_presence_rate|w30_ponly_share|w30_cat_gmv_share|w30_srch_per_day|w30_lgmv|w30_gmv30eq|w60_aov|w60_gmv_per_day|w60_cart2ord|w60_srch2cart|w60_buyday_rate,1786384341976064300,no,no
data/processed/feat_20250703_LNone.parquet,feat_20250703_LNone.parquet,.parquet,dataset,source_or_derived_dataset,121865736,efd2fa916dce9b9db9fa66accd82272ecf3fa30ca668007070b3efeb223763be,unknown,rows=227291;row_groups=2;columns=user_id|w7_days_present|w7_days_search|w7_days_cat|w7_days_buy|w7_days_cart|w7_days_presence_only|w7_searches|w7_carts|w7_orders|w7_gmv|w7_gmv_cat|w7_gmv_max|w7_lgmv_mean|w7_lgmv_std|w14_days_present|w14_days_search|w14_days_cat|w14_days_buy|w14_days_cart|w14_days_presence_only|w14_searches|w14_carts|w14_orders|w14_gmv|w14_gmv_cat|w14_gmv_max|w14_lgmv_mean|w14_lgmv_std|w30_days_present|w30_days_search|w30_days_cat|w30_days_buy|w30_days_cart|w30_days_presence_only|w30_searches|w30_carts|w30_orders|w30_gmv|w30_gmv_cat|w30_gmv_max|w30_lgmv_mean|w30_lgmv_std|w60_days_present|w60_days_search|w60_days_cat|w60_days_buy|w60_days_cart|w60_days_presence_only|w60_searches|w60_carts|w60_orders|w60_gmv|w60_gmv_cat|w60_gmv_max|w60_lgmv_mean|w60_lgmv_std|w90_days_present|w90_days_search|w90_days_cat|w90_days_buy|w90_days_cart|w90_days_presence_only|w90_searches|w90_carts|w90_orders|w90_gmv|w90_gmv_cat|w90_gmv_max|w90_lgmv_mean|w90_lgmv_std|w180_days_present|w180_days_search|w180_days_cat|w180_days_buy|w180_days_cart|w180_days_presence_only|w180_searches|w180_carts|w180_orders|w180_gmv|w180_gmv_cat|w180_gmv_max|w180_lgmv_mean|w180_lgmv_std|w365_days_present|w365_days_search|w365_days_cat|w365_days_buy|w365_days_cart|w365_days_presence_only|w365_searches|w365_carts|w365_orders|w365_gmv|w365_gmv_cat|w365_gmv_max|w365_lgmv_mean|w365_lgmv_std|rec_any|rec_search|rec_cart|rec_buy|rec_cat|tenure|first_buy_age|all_days_present|all_days_buy|all_gmv|all_orders|all_searches|gap_mean|gap_std|gap_max|buygap_mean|buygap_std|weekend_share|w7_aov|w7_gmv_per_day|w7_cart2ord,1786384411363791000,no,no
data/processed/feat_20250703_LnormNone.parquet,feat_20250703_LnormNone.parquet,.parquet,dataset,source_or_derived_dataset,117338440,23d4f08aec47a8e010d61276385557da1f1cb750cc50ec7d996f82f3053475ec,unknown,rows=227291;row_groups=2;columns=user_id|w7_days_present|w7_days_search|w7_days_cat|w7_days_buy|w7_days_cart|w7_days_presence_only|w7_searches|w7_carts|w7_orders|w7_gmv|w7_gmv_cat|w7_gmv_max|w7_lgmv_mean|w7_lgmv_std|w14_days_present|w14_days_search|w14_days_cat|w14_days_buy|w14_days_cart|w14_days_presence_only|w14_searches|w14_carts|w14_orders|w14_gmv|w14_gmv_cat|w14_gmv_max|w14_lgmv_mean|w14_lgmv_std|w30_days_present|w30_days_search|w30_days_cat|w30_days_buy|w30_days_cart|w30_days_presence_only|w30_searches|w30_carts|w30_orders|w30_gmv|w30_gmv_cat|w30_gmv_max|w30_lgmv_mean|w30_lgmv_std|w60_days_present|w60_days_search|w60_days_cat|w60_days_buy|w60_days_cart|w60_days_presence_only|w60_searches|w60_carts|w60_orders|w60_gmv|w60_gmv_cat|w60_gmv_max|w60_lgmv_mean|w60_lgmv_std|w90_days_present|w90_days_search|w90_days_cat|w90_days_buy|w90_days_cart|w90_days_presence_only|w90_searches|w90_carts|w90_orders|w90_gmv|w90_gmv_cat|w90_gmv_max|w90_lgmv_mean|w90_lgmv_std|w180_days_present|w180_days_search|w180_days_cat|w180_days_buy|w180_days_cart|w180_days_presence_only|w180_searches|w180_carts|w180_orders|w180_gmv|w180_gmv_cat|w180_gmv_max|w180_lgmv_mean|w180_lgmv_std|w365_days_present|w365_days_search|w365_days_cat|w365_days_buy|w365_days_cart|w365_days_presence_only|w365_searches|w365_carts|w365_orders|w365_gmv|w365_gmv_cat|w365_gmv_max|w365_lgmv_mean|w365_lgmv_std|rec_any|rec_search|rec_cart|rec_buy|rec_cat|gap_mean|gap_std|buygap_mean|buygap_std|weekend_share|tenure_frac|first_buy_frac|gap_max_frac|w7_aov|w7_gmv_per_day|w7_cart2ord|w7_srch2cart|w7_buyday_rate|w7_presence_rate|w7_ponly_share|w7_cat_gmv_share,1786387848848481400,no,no
data/processed/feat_20250706_L180.parquet,feat_20250706_L180.parquet,.parquet,dataset,source_or_derived_dataset,93661877,f5b2b61ac9138715e734b4047f68ba82b65cf14c8d15002af8ee4ff9f7f0bbdd,unknown,rows=227459;row_groups=2;columns=user_id|w7_days_present|w7_days_search|w7_days_cat|w7_days_buy|w7_days_cart|w7_days_presence_only|w7_searches|w7_carts|w7_orders|w7_gmv|w7_gmv_cat|w7_gmv_max|w7_lgmv_mean|w7_lgmv_std|w14_days_present|w14_days_search|w14_days_cat|w14_days_buy|w14_days_cart|w14_days_presence_only|w14_searches|w14_carts|w14_orders|w14_gmv|w14_gmv_cat|w14_gmv_max|w14_lgmv_mean|w14_lgmv_std|w30_days_present|w30_days_search|w30_days_cat|w30_days_buy|w30_days_cart|w30_days_presence_only|w30_searches|w30_carts|w30_orders|w30_gmv|w30_gmv_cat|w30_gmv_max|w30_lgmv_mean|w30_lgmv_std|w60_days_present|w60_days_search|w60_days_cat|w60_days_buy|w60_days_cart|w60_days_presence_only|w60_searches|w60_carts|w60_orders|w60_gmv|w60_gmv_cat|w60_gmv_max|w60_lgmv_mean|w60_lgmv_std|w90_days_present|w90_days_search|w90_days_cat|w90_days_buy|w90_days_cart|w90_days_presence_only|w90_searches|w90_carts|w90_orders|w90_gmv|w90_gmv_cat|w90_gmv_max|w90_lgmv_mean|w90_lgmv_std|w180_days_present|w180_days_search|w180_days_cat|w180_days_buy|w180_days_cart|w180_days_presence_only|w180_searches|w180_carts|w180_orders|w180_gmv|w180_gmv_cat|w180_gmv_max|w180_lgmv_mean|w180_lgmv_std|rec_any|rec_search|rec_cart|rec_buy|rec_cat|gap_mean|gap_std|gap_max|buygap_mean|buygap_std|weekend_share|w7_aov|w7_gmv_per_day|w7_cart2ord|w7_srch2cart|w7_buyday_rate|w7_presence_rate|w7_ponly_share|w7_cat_gmv_share|w7_srch_per_day|w7_lgmv|w7_gmv30eq|w14_aov|w14_gmv_per_day|w14_cart2ord|w14_srch2cart|w14_buyday_rate|w14_presence_rate|w14_ponly_share|w14_cat_gmv_share|w14_srch_per_day|w14_lgmv|w14_gmv30eq|w30_aov|w30_gmv_per_day,1787306725889808200,no,no
data/processed/feat_20250706_LnormNone.parquet,feat_20250706_LnormNone.parquet,.parquet,dataset,source_or_derived_dataset,117548779,4cc99862ac396c04781b61117230a745805f93f16b2f96831e58b6a1147b886c,unknown,rows=227625;row_groups=2;columns=user_id|w7_days_present|w7_days_search|w7_days_cat|w7_days_buy|w7_days_cart|w7_days_presence_only|w7_searches|w7_carts|w7_orders|w7_gmv|w7_gmv_cat|w7_gmv_max|w7_lgmv_mean|w7_lgmv_std|w14_days_present|w14_days_search|w14_days_cat|w14_days_buy|w14_days_cart|w14_days_presence_only|w14_searches|w14_carts|w14_orders|w14_gmv|w14_gmv_cat|w14_gmv_max|w14_lgmv_mean|w14_lgmv_std|w30_days_present|w30_days_search|w30_days_cat|w30_days_buy|w30_days_cart|w30_days_presence_only|w30_searches|w30_carts|w30_orders|w30_gmv|w30_gmv_cat|w30_gmv_max|w30_lgmv_mean|w30_lgmv_std|w60_days_present|w60_days_search|w60_days_cat|w60_days_buy|w60_days_cart|w60_days_presence_only|w60_searches|w60_carts|w60_orders|w60_gmv|w60_gmv_cat|w60_gmv_max|w60_lgmv_mean|w60_lgmv_std|w90_days_present|w90_days_search|w90_days_cat|w90_days_buy|w90_days_cart|w90_days_presence_only|w90_searches|w90_carts|w90_orders|w90_gmv|w90_gmv_cat|w90_gmv_max|w90_lgmv_mean|w90_lgmv_std|w180_days_present|w180_days_search|w180_days_cat|w180_days_buy|w180_days_cart|w180_days_presence_only|w180_searches|w180_carts|w180_orders|w180_gmv|w180_gmv_cat|w180_gmv_max|w180_lgmv_mean|w180_lgmv_std|w365_days_present|w365_days_search|w365_days_cat|w365_days_buy|w365_days_cart|w365_days_presence_only|w365_searches|w365_carts|w365_orders|w365_gmv|w365_gmv_cat|w365_gmv_max|w365_lgmv_mean|w365_lgmv_std|rec_any|rec_search|rec_cart|rec_buy|rec_cat|gap_mean|gap_std|buygap_mean|buygap_std|weekend_share|tenure_frac|first_buy_frac|gap_max_frac|w7_aov|w7_gmv_per_day|w7_cart2ord|w7_srch2cart|w7_buyday_rate|w7_presence_rate|w7_ponly_share|w7_cat_gmv_share,1786554372291333300,no,no
data/processed/feat_20250709_LnormNone.parquet,feat_20250709_LnormNone.parquet,.parquet,dataset,source_or_derived_dataset,118127287,b0ba6427fad3006396a4feb39017168301c8d1441475b9ab1d6832f3d203dc6a,unknown,rows=228024;row_groups=2;columns=user_id|w7_days_present|w7_days_search|w7_days_cat|w7_days_buy|w7_days_cart|w7_days_presence_only|w7_searches|w7_carts|w7_orders|w7_gmv|w7_gmv_cat|w7_gmv_max|w7_lgmv_mean|w7_lgmv_std|w14_days_present|w14_days_search|w14_days_cat|w14_days_buy|w14_days_cart|w14_days_presence_only|w14_searches|w14_carts|w14_orders|w14_gmv|w14_gmv_cat|w14_gmv_max|w14_lgmv_mean|w14_lgmv_std|w30_days_present|w30_days_search|w30_days_cat|w30_days_buy|w30_days_cart|w30_days_presence_only|w30_searches|w30_carts|w30_orders|w30_gmv|w30_gmv_cat|w30_gmv_max|w30_lgmv_mean|w30_lgmv_std|w60_days_present|w60_days_search|w60_days_cat|w60_days_buy|w60_days_cart|w60_days_presence_only|w60_searches|w60_carts|w60_orders|w60_gmv|w60_gmv_cat|w60_gmv_max|w60_lgmv_mean|w60_lgmv_std|w90_days_present|w90_days_search|w90_days_cat|w90_days_buy|w90_days_cart|w90_days_presence_only|w90_searches|w90_carts|w90_orders|w90_gmv|w90_gmv_cat|w90_gmv_max|w90_lgmv_mean|w90_lgmv_std|w180_days_present|w180_days_search|w180_days_cat|w180_days_buy|w180_days_cart|w180_days_presence_only|w180_searches|w180_carts|w180_orders|w180_gmv|w180_gmv_cat|w180_gmv_max|w180_lgmv_mean|w180_lgmv_std|w365_days_present|w365_days_search|w365_days_cat|w365_days_buy|w365_days_cart|w365_days_presence_only|w365_searches|w365_carts|w365_orders|w365_gmv|w365_gmv_cat|w365_gmv_max|w365_lgmv_mean|w365_lgmv_std|rec_any|rec_search|rec_cart|rec_buy|rec_cat|gap_mean|gap_std|buygap_mean|buygap_std|weekend_share|tenure_frac|first_buy_frac|gap_max_frac|w7_aov|w7_gmv_per_day|w7_cart2ord|w7_srch2cart|w7_buyday_rate|w7_presence_rate|w7_ponly_share|w7_cat_gmv_share,1786554375662663200,no,no
data/processed/feat_20250710_L180.parquet,feat_20250710_L180.parquet,.parquet,dataset,source_or_derived_dataset,94009176,b86703b1c0a23d5c835a57b3175bba85f3e9e08dec755614d65d6608c4b67aae,unknown,rows=227899;row_groups=2;columns=user_id|w7_days_present|w7_days_search|w7_days_cat|w7_days_buy|w7_days_cart|w7_days_presence_only|w7_searches|w7_carts|w7_orders|w7_gmv|w7_gmv_cat|w7_gmv_max|w7_lgmv_mean|w7_lgmv_std|w14_days_present|w14_days_search|w14_days_cat|w14_days_buy|w14_days_cart|w14_days_presence_only|w14_searches|w14_carts|w14_orders|w14_gmv|w14_gmv_cat|w14_gmv_max|w14_lgmv_mean|w14_lgmv_std|w30_days_present|w30_days_search|w30_days_cat|w30_days_buy|w30_days_cart|w30_days_presence_only|w30_searches|w30_carts|w30_orders|w30_gmv|w30_gmv_cat|w30_gmv_max|w30_lgmv_mean|w30_lgmv_std|w60_days_present|w60_days_search|w60_days_cat|w60_days_buy|w60_days_cart|w60_days_presence_only|w60_searches|w60_carts|w60_orders|w60_gmv|w60_gmv_cat|w60_gmv_max|w60_lgmv_mean|w60_lgmv_std|w90_days_present|w90_days_search|w90_days_cat|w90_days_buy|w90_days_cart|w90_days_presence_only|w90_searches|w90_carts|w90_orders|w90_gmv|w90_gmv_cat|w90_gmv_max|w90_lgmv_mean|w90_lgmv_std|w180_days_present|w180_days_search|w180_days_cat|w180_days_buy|w180_days_cart|w180_days_presence_only|w180_searches|w180_carts|w180_orders|w180_gmv|w180_gmv_cat|w180_gmv_max|w180_lgmv_mean|w180_lgmv_std|rec_any|rec_search|rec_cart|rec_buy|rec_cat|gap_mean|gap_std|gap_max|buygap_mean|buygap_std|weekend_share|w7_aov|w7_gmv_per_day|w7_cart2ord|w7_srch2cart|w7_buyday_rate|w7_presence_rate|w7_ponly_share|w7_cat_gmv_share|w7_srch_per_day|w7_lgmv|w7_gmv30eq|w14_aov|w14_gmv_per_day|w14_cart2ord|w14_srch2cart|w14_buyday_rate|w14_presence_rate|w14_ponly_share|w14_cat_gmv_share|w14_srch_per_day|w14_lgmv|w14_gmv30eq|w30_aov|w30_gmv_per_day,1786384268824177200,no,no
data/processed/feat_20250710_L270.parquet,feat_20250710_L270.parquet,.parquet,dataset,source_or_derived_dataset,115717017,31ca84bef30d7dc8a430d0c44780ee22392f8d5c460eb6e485e40baf90f95d73,unknown,rows=228159;row_groups=2;columns=user_id|w7_days_present|w7_days_search|w7_days_cat|w7_days_buy|w7_days_cart|w7_days_presence_only|w7_searches|w7_carts|w7_orders|w7_gmv|w7_gmv_cat|w7_gmv_max|w7_lgmv_mean|w7_lgmv_std|w14_days_present|w14_days_search|w14_days_cat|w14_days_buy|w14_days_cart|w14_days_presence_only|w14_searches|w14_carts|w14_orders|w14_gmv|w14_gmv_cat|w14_gmv_max|w14_lgmv_mean|w14_lgmv_std|w30_days_present|w30_days_search|w30_days_cat|w30_days_buy|w30_days_cart|w30_days_presence_only|w30_searches|w30_carts|w30_orders|w30_gmv|w30_gmv_cat|w30_gmv_max|w30_lgmv_mean|w30_lgmv_std|w60_days_present|w60_days_search|w60_days_cat|w60_days_buy|w60_days_cart|w60_days_presence_only|w60_searches|w60_carts|w60_orders|w60_gmv|w60_gmv_cat|w60_gmv_max|w60_lgmv_mean|w60_lgmv_std|w90_days_present|w90_days_search|w90_days_cat|w90_days_buy|w90_days_cart|w90_days_presence_only|w90_searches|w90_carts|w90_orders|w90_gmv|w90_gmv_cat|w90_gmv_max|w90_lgmv_mean|w90_lgmv_std|w180_days_present|w180_days_search|w180_days_cat|w180_days_buy|w180_days_cart|w180_days_presence_only|w180_searches|w180_carts|w180_orders|w180_gmv|w180_gmv_cat|w180_gmv_max|w180_lgmv_mean|w180_lgmv_std|w270_days_present|w270_days_search|w270_days_cat|w270_days_buy|w270_days_cart|w270_days_presence_only|w270_searches|w270_carts|w270_orders|w270_gmv|w270_gmv_cat|w270_gmv_max|w270_lgmv_mean|w270_lgmv_std|rec_any|rec_search|rec_cart|rec_buy|rec_cat|gap_mean|gap_std|gap_max|buygap_mean|buygap_std|weekend_share|w7_aov|w7_gmv_per_day|w7_cart2ord|w7_srch2cart|w7_buyday_rate|w7_presence_rate|w7_ponly_share|w7_cat_gmv_share|w7_srch_per_day|w7_lgmv,1786384516074425600,no,no
data/processed/feat_20250710_L90.parquet,feat_20250710_L90.parquet,.parquet,dataset,source_or_derived_dataset,70410696,227c012c368b914ebae5b39e9ea8c9114ad8b3530ffb76bf7a694c24ba070d41,unknown,rows=223318;row_groups=2;columns=user_id|w7_days_present|w7_days_search|w7_days_cat|w7_days_buy|w7_days_cart|w7_days_presence_only|w7_searches|w7_carts|w7_orders|w7_gmv|w7_gmv_cat|w7_gmv_max|w7_lgmv_mean|w7_lgmv_std|w14_days_present|w14_days_search|w14_days_cat|w14_days_buy|w14_days_cart|w14_days_presence_only|w14_searches|w14_carts|w14_orders|w14_gmv|w14_gmv_cat|w14_gmv_max|w14_lgmv_mean|w14_lgmv_std|w30_days_present|w30_days_search|w30_days_cat|w30_days_buy|w30_days_cart|w30_days_presence_only|w30_searches|w30_carts|w30_orders|w30_gmv|w30_gmv_cat|w30_gmv_max|w30_lgmv_mean|w30_lgmv_std|w60_days_present|w60_days_search|w60_days_cat|w60_days_buy|w60_days_cart|w60_days_presence_only|w60_searches|w60_carts|w60_orders|w60_gmv|w60_gmv_cat|w60_gmv_max|w60_lgmv_mean|w60_lgmv_std|w90_days_present|w90_days_search|w90_days_cat|w90_days_buy|w90_days_cart|w90_days_presence_only|w90_searches|w90_carts|w90_orders|w90_gmv|w90_gmv_cat|w90_gmv_max|w90_lgmv_mean|w90_lgmv_std|rec_any|rec_search|rec_cart|rec_buy|rec_cat|gap_mean|gap_std|gap_max|buygap_mean|buygap_std|weekend_share|w7_aov|w7_gmv_per_day|w7_cart2ord|w7_srch2cart|w7_buyday_rate|w7_presence_rate|w7_ponly_share|w7_cat_gmv_share|w7_srch_per_day|w7_lgmv|w7_gmv30eq|w14_aov|w14_gmv_per_day|w14_cart2ord|w14_srch2cart|w14_buyday_rate|w14_presence_rate|w14_ponly_share|w14_cat_gmv_share|w14_srch_per_day|w14_lgmv|w14_gmv30eq|w30_aov|w30_gmv_per_day|w30_cart2ord|w30_srch2cart|w30_buyday_rate|w30_presence_rate|w30_ponly_share|w30_cat_gmv_share|w30_srch_per_day|w30_lgmv|w30_gmv30eq|w60_aov|w60_gmv_per_day|w60_cart2ord|w60_srch2cart|w60_buyday_rate,1786384343675352500,no,no
data/processed/feat_20250710_LNone.parquet,feat_20250710_LNone.parquet,.parquet,dataset,source_or_derived_dataset,122912337,8f1e57b523b6a7a6aa4c221f70eb6a73b841f56c4122b2ecabdb8afa71a7e1e4,unknown,rows=228159;row_groups=2;columns=user_id|w7_days_present|w7_days_search|w7_days_cat|w7_days_buy|w7_days_cart|w7_days_presence_only|w7_searches|w7_carts|w7_orders|w7_gmv|w7_gmv_cat|w7_gmv_max|w7_lgmv_mean|w7_lgmv_std|w14_days_present|w14_days_search|w14_days_cat|w14_days_buy|w14_days_cart|w14_days_presence_only|w14_searches|w14_carts|w14_orders|w14_gmv|w14_gmv_cat|w14_gmv_max|w14_lgmv_mean|w14_lgmv_std|w30_days_present|w30_days_search|w30_days_cat|w30_days_buy|w30_days_cart|w30_days_presence_only|w30_searches|w30_carts|w30_orders|w30_gmv|w30_gmv_cat|w30_gmv_max|w30_lgmv_mean|w30_lgmv_std|w60_days_present|w60_days_search|w60_days_cat|w60_days_buy|w60_days_cart|w60_days_presence_only|w60_searches|w60_carts|w60_orders|w60_gmv|w60_gmv_cat|w60_gmv_max|w60_lgmv_mean|w60_lgmv_std|w90_days_present|w90_days_search|w90_days_cat|w90_days_buy|w90_days_cart|w90_days_presence_only|w90_searches|w90_carts|w90_orders|w90_gmv|w90_gmv_cat|w90_gmv_max|w90_lgmv_mean|w90_lgmv_std|w180_days_present|w180_days_search|w180_days_cat|w180_days_buy|w180_days_cart|w180_days_presence_only|w180_searches|w180_carts|w180_orders|w180_gmv|w180_gmv_cat|w180_gmv_max|w180_lgmv_mean|w180_lgmv_std|w365_days_present|w365_days_search|w365_days_cat|w365_days_buy|w365_days_cart|w365_days_presence_only|w365_searches|w365_carts|w365_orders|w365_gmv|w365_gmv_cat|w365_gmv_max|w365_lgmv_mean|w365_lgmv_std|rec_any|rec_search|rec_cart|rec_buy|rec_cat|tenure|first_buy_age|all_days_present|all_days_buy|all_gmv|all_orders|all_searches|gap_mean|gap_std|gap_max|buygap_mean|buygap_std|weekend_share|w7_aov|w7_gmv_per_day|w7_cart2ord,1786384414639548000,no,no
data/processed/feat_20250710_LnormNone.parquet,feat_20250710_LnormNone.parquet,.parquet,dataset,source_or_derived_dataset,118122408,24d24e0c04f88ec3ff1c06b33a178e004ae7f3596ede78230dbd6603d56724a3,unknown,rows=228159;row_groups=2;columns=user_id|w7_days_present|w7_days_search|w7_days_cat|w7_days_buy|w7_days_cart|w7_days_presence_only|w7_searches|w7_carts|w7_orders|w7_gmv|w7_gmv_cat|w7_gmv_max|w7_lgmv_mean|w7_lgmv_std|w14_days_present|w14_days_search|w14_days_cat|w14_days_buy|w14_days_cart|w14_days_presence_only|w14_searches|w14_carts|w14_orders|w14_gmv|w14_gmv_cat|w14_gmv_max|w14_lgmv_mean|w14_lgmv_std|w30_days_present|w30_days_search|w30_days_cat|w30_days_buy|w30_days_cart|w30_days_presence_only|w30_searches|w30_carts|w30_orders|w30_gmv|w30_gmv_cat|w30_gmv_max|w30_lgmv_mean|w30_lgmv_std|w60_days_present|w60_days_search|w60_days_cat|w60_days_buy|w60_days_cart|w60_days_presence_only|w60_searches|w60_carts|w60_orders|w60_gmv|w60_gmv_cat|w60_gmv_max|w60_lgmv_mean|w60_lgmv_std|w90_days_present|w90_days_search|w90_days_cat|w90_days_buy|w90_days_cart|w90_days_presence_only|w90_searches|w90_carts|w90_orders|w90_gmv|w90_gmv_cat|w90_gmv_max|w90_lgmv_mean|w90_lgmv_std|w180_days_present|w180_days_search|w180_days_cat|w180_days_buy|w180_days_cart|w180_days_presence_only|w180_searches|w180_carts|w180_orders|w180_gmv|w180_gmv_cat|w180_gmv_max|w180_lgmv_mean|w180_lgmv_std|w365_days_present|w365_days_search|w365_days_cat|w365_days_buy|w365_days_cart|w365_days_presence_only|w365_searches|w365_carts|w365_orders|w365_gmv|w365_gmv_cat|w365_gmv_max|w365_lgmv_mean|w365_lgmv_std|rec_any|rec_search|rec_cart|rec_buy|rec_cat|gap_mean|gap_std|buygap_mean|buygap_std|weekend_share|tenure_frac|first_buy_frac|gap_max_frac|w7_aov|w7_gmv_per_day|w7_cart2ord|w7_srch2cart|w7_buyday_rate|w7_presence_rate|w7_ponly_share|w7_cat_gmv_share,1786387852939759600,no,no
data/processed/feat_20250712_LnormNone.parquet,feat_20250712_LnormNone.parquet,.parquet,dataset,source_or_derived_dataset,118410883,0c78223d7ea1d13a63f38eb87ff859efd461b250f5c1a957f46c5681ec950956,unknown,rows=228398;row_groups=2;columns=user_id|w7_days_present|w7_days_search|w7_days_cat|w7_days_buy|w7_days_cart|w7_days_presence_only|w7_searches|w7_carts|w7_orders|w7_gmv|w7_gmv_cat|w7_gmv_max|w7_lgmv_mean|w7_lgmv_std|w14_days_present|w14_days_search|w14_days_cat|w14_days_buy|w14_days_cart|w14_days_presence_only|w14_searches|w14_carts|w14_orders|w14_gmv|w14_gmv_cat|w14_gmv_max|w14_lgmv_mean|w14_lgmv_std|w30_days_present|w30_days_search|w30_days_cat|w30_days_buy|w30_days_cart|w30_days_presence_only|w30_searches|w30_carts|w30_orders|w30_gmv|w30_gmv_cat|w30_gmv_max|w30_lgmv_mean|w30_lgmv_std|w60_days_present|w60_days_search|w60_days_cat|w60_days_buy|w60_days_cart|w60_days_presence_only|w60_searches|w60_carts|w60_orders|w60_gmv|w60_gmv_cat|w60_gmv_max|w60_lgmv_mean|w60_lgmv_std|w90_days_present|w90_days_search|w90_days_cat|w90_days_buy|w90_days_cart|w90_days_presence_only|w90_searches|w90_carts|w90_orders|w90_gmv|w90_gmv_cat|w90_gmv_max|w90_lgmv_mean|w90_lgmv_std|w180_days_present|w180_days_search|w180_days_cat|w180_days_buy|w180_days_cart|w180_days_presence_only|w180_searches|w180_carts|w180_orders|w180_gmv|w180_gmv_cat|w180_gmv_max|w180_lgmv_mean|w180_lgmv_std|w365_days_present|w365_days_search|w365_days_cat|w365_days_buy|w365_days_cart|w365_days_presence_only|w365_searches|w365_carts|w365_orders|w365_gmv|w365_gmv_cat|w365_gmv_max|w365_lgmv_mean|w365_lgmv_std|rec_any|rec_search|rec_cart|rec_buy|rec_cat|gap_mean|gap_std|buygap_mean|buygap_std|weekend_share|tenure_frac|first_buy_frac|gap_max_frac|w7_aov|w7_gmv_per_day|w7_cart2ord|w7_srch2cart|w7_buyday_rate|w7_presence_rate|w7_ponly_share|w7_cat_gmv_share,1786554378539907400,no,no
data/processed/feat_20250715_LnormNone.parquet,feat_20250715_LnormNone.parquet,.parquet,dataset,source_or_derived_dataset,119062608,1259b19714ee0805636c9983f86dfb7d9db72ee07d654bfec730524c7a5c6c0f,unknown,rows=228779;row_groups=2;columns=user_id|w7_days_present|w7_days_search|w7_days_cat|w7_days_buy|w7_days_cart|w7_days_presence_only|w7_searches|w7_carts|w7_orders|w7_gmv|w7_gmv_cat|w7_gmv_max|w7_lgmv_mean|w7_lgmv_std|w14_days_present|w14_days_search|w14_days_cat|w14_days_buy|w14_days_cart|w14_days_presence_only|w14_searches|w14_carts|w14_orders|w14_gmv|w14_gmv_cat|w14_gmv_max|w14_lgmv_mean|w14_lgmv_std|w30_days_present|w30_days_search|w30_days_cat|w30_days_buy|w30_days_cart|w30_days_presence_only|w30_searches|w30_carts|w30_orders|w30_gmv|w30_gmv_cat|w30_gmv_max|w30_lgmv_mean|w30_lgmv_std|w60_days_present|w60_days_search|w60_days_cat|w60_days_buy|w60_days_cart|w60_days_presence_only|w60_searches|w60_carts|w60_orders|w60_gmv|w60_gmv_cat|w60_gmv_max|w60_lgmv_mean|w60_lgmv_std|w90_days_present|w90_days_search|w90_days_cat|w90_days_buy|w90_days_cart|w90_days_presence_only|w90_searches|w90_carts|w90_orders|w90_gmv|w90_gmv_cat|w90_gmv_max|w90_lgmv_mean|w90_lgmv_std|w180_days_present|w180_days_search|w180_days_cat|w180_days_buy|w180_days_cart|w180_days_presence_only|w180_searches|w180_carts|w180_orders|w180_gmv|w180_gmv_cat|w180_gmv_max|w180_lgmv_mean|w180_lgmv_std|w365_days_present|w365_days_search|w365_days_cat|w365_days_buy|w365_days_cart|w365_days_presence_only|w365_searches|w365_carts|w365_orders|w365_gmv|w365_gmv_cat|w365_gmv_max|w365_lgmv_mean|w365_lgmv_std|rec_any|rec_search|rec_cart|rec_buy|rec_cat|gap_mean|gap_std|buygap_mean|buygap_std|weekend_share|tenure_frac|first_buy_frac|gap_max_frac|w7_aov|w7_gmv_per_day|w7_cart2ord|w7_srch2cart|w7_buyday_rate|w7_presence_rate|w7_ponly_share|w7_cat_gmv_share,1786554381397411800,no,no
data/processed/feat_20250717_L180.parquet,feat_20250717_L180.parquet,.parquet,dataset,source_or_derived_dataset,94864750,53b712afb29658f026144219d62e294bfa7c44f481bbf214d9e0a6a4003e22c9,unknown,rows=228604;row_groups=2;columns=user_id|w7_days_present|w7_days_search|w7_days_cat|w7_days_buy|w7_days_cart|w7_days_presence_only|w7_searches|w7_carts|w7_orders|w7_gmv|w7_gmv_cat|w7_gmv_max|w7_lgmv_mean|w7_lgmv_std|w14_days_present|w14_days_search|w14_days_cat|w14_days_buy|w14_days_cart|w14_days_presence_only|w14_searches|w14_carts|w14_orders|w14_gmv|w14_gmv_cat|w14_gmv_max|w14_lgmv_mean|w14_lgmv_std|w30_days_present|w30_days_search|w30_days_cat|w30_days_buy|w30_days_cart|w30_days_presence_only|w30_searches|w30_carts|w30_orders|w30_gmv|w30_gmv_cat|w30_gmv_max|w30_lgmv_mean|w30_lgmv_std|w60_days_present|w60_days_search|w60_days_cat|w60_days_buy|w60_days_cart|w60_days_presence_only|w60_searches|w60_carts|w60_orders|w60_gmv|w60_gmv_cat|w60_gmv_max|w60_lgmv_mean|w60_lgmv_std|w90_days_present|w90_days_search|w90_days_cat|w90_days_buy|w90_days_cart|w90_days_presence_only|w90_searches|w90_carts|w90_orders|w90_gmv|w90_gmv_cat|w90_gmv_max|w90_lgmv_mean|w90_lgmv_std|w180_days_present|w180_days_search|w180_days_cat|w180_days_buy|w180_days_cart|w180_days_presence_only|w180_searches|w180_carts|w180_orders|w180_gmv|w180_gmv_cat|w180_gmv_max|w180_lgmv_mean|w180_lgmv_std|rec_any|rec_search|rec_cart|rec_buy|rec_cat|gap_mean|gap_std|gap_max|buygap_mean|buygap_std|weekend_share|w7_aov|w7_gmv_per_day|w7_cart2ord|w7_srch2cart|w7_buyday_rate|w7_presence_rate|w7_ponly_share|w7_cat_gmv_share|w7_srch_per_day|w7_lgmv|w7_gmv30eq|w14_aov|w14_gmv_per_day|w14_cart2ord|w14_srch2cart|w14_buyday_rate|w14_presence_rate|w14_ponly_share|w14_cat_gmv_share|w14_srch_per_day|w14_lgmv|w14_gmv30eq|w30_aov|w30_gmv_per_day,1786384271780045800,no,no
data/processed/feat_20250717_L270.parquet,feat_20250717_L270.parquet,.parquet,dataset,source_or_derived_dataset,116967757,f7c3bf8ade87d0957af99f05d7ccd6aea41b1e60d7af099f4c0267196c504cb8,unknown,rows=229037;row_groups=2;columns=user_id|w7_days_present|w7_days_search|w7_days_cat|w7_days_buy|w7_days_cart|w7_days_presence_only|w7_searches|w7_carts|w7_orders|w7_gmv|w7_gmv_cat|w7_gmv_max|w7_lgmv_mean|w7_lgmv_std|w14_days_present|w14_days_search|w14_days_cat|w14_days_buy|w14_days_cart|w14_days_presence_only|w14_searches|w14_carts|w14_orders|w14_gmv|w14_gmv_cat|w14_gmv_max|w14_lgmv_mean|w14_lgmv_std|w30_days_present|w30_days_search|w30_days_cat|w30_days_buy|w30_days_cart|w30_days_presence_only|w30_searches|w30_carts|w30_orders|w30_gmv|w30_gmv_cat|w30_gmv_max|w30_lgmv_mean|w30_lgmv_std|w60_days_present|w60_days_search|w60_days_cat|w60_days_buy|w60_days_cart|w60_days_presence_only|w60_searches|w60_carts|w60_orders|w60_gmv|w60_gmv_cat|w60_gmv_max|w60_lgmv_mean|w60_lgmv_std|w90_days_present|w90_days_search|w90_days_cat|w90_days_buy|w90_days_cart|w90_days_presence_only|w90_searches|w90_carts|w90_orders|w90_gmv|w90_gmv_cat|w90_gmv_max|w90_lgmv_mean|w90_lgmv_std|w180_days_present|w180_days_search|w180_days_cat|w180_days_buy|w180_days_cart|w180_days_presence_only|w180_searches|w180_carts|w180_orders|w180_gmv|w180_gmv_cat|w180_gmv_max|w180_lgmv_mean|w180_lgmv_std|w270_days_present|w270_days_search|w270_days_cat|w270_days_buy|w270_days_cart|w270_days_presence_only|w270_searches|w270_carts|w270_orders|w270_gmv|w270_gmv_cat|w270_gmv_max|w270_lgmv_mean|w270_lgmv_std|rec_any|rec_search|rec_cart|rec_buy|rec_cat|gap_mean|gap_std|gap_max|buygap_mean|buygap_std|weekend_share|w7_aov|w7_gmv_per_day|w7_cart2ord|w7_srch2cart|w7_buyday_rate|w7_presence_rate|w7_ponly_share|w7_cat_gmv_share|w7_srch_per_day|w7_lgmv,1786384519323299200,no,no
data/processed/feat_20250717_L90.parquet,feat_20250717_L90.parquet,.parquet,dataset,source_or_derived_dataset,71177835,87ed3ed8b7a210c9c9d1e84d03b7e837916a2b23f86a046941aba4af53d9fcba,unknown,rows=224063;row_groups=2;columns=user_id|w7_days_present|w7_days_search|w7_days_cat|w7_days_buy|w7_days_cart|w7_days_presence_only|w7_searches|w7_carts|w7_orders|w7_gmv|w7_gmv_cat|w7_gmv_max|w7_lgmv_mean|w7_lgmv_std|w14_days_present|w14_days_search|w14_days_cat|w14_days_buy|w14_days_cart|w14_days_presence_only|w14_searches|w14_carts|w14_orders|w14_gmv|w14_gmv_cat|w14_gmv_max|w14_lgmv_mean|w14_lgmv_std|w30_days_present|w30_days_search|w30_days_cat|w30_days_buy|w30_days_cart|w30_days_presence_only|w30_searches|w30_carts|w30_orders|w30_gmv|w30_gmv_cat|w30_gmv_max|w30_lgmv_mean|w30_lgmv_std|w60_days_present|w60_days_search|w60_days_cat|w60_days_buy|w60_days_cart|w60_days_presence_only|w60_searches|w60_carts|w60_orders|w60_gmv|w60_gmv_cat|w60_gmv_max|w60_lgmv_mean|w60_lgmv_std|w90_days_present|w90_days_search|w90_days_cat|w90_days_buy|w90_days_cart|w90_days_presence_only|w90_searches|w90_carts|w90_orders|w90_gmv|w90_gmv_cat|w90_gmv_max|w90_lgmv_mean|w90_lgmv_std|rec_any|rec_search|rec_cart|rec_buy|rec_cat|gap_mean|gap_std|gap_max|buygap_mean|buygap_std|weekend_share|w7_aov|w7_gmv_per_day|w7_cart2ord|w7_srch2cart|w7_buyday_rate|w7_presence_rate|w7_ponly_share|w7_cat_gmv_share|w7_srch_per_day|w7_lgmv|w7_gmv30eq|w14_aov|w14_gmv_per_day|w14_cart2ord|w14_srch2cart|w14_buyday_rate|w14_presence_rate|w14_ponly_share|w14_cat_gmv_share|w14_srch_per_day|w14_lgmv|w14_gmv30eq|w30_aov|w30_gmv_per_day|w30_cart2ord|w30_srch2cart|w30_buyday_rate|w30_presence_rate|w30_ponly_share|w30_cat_gmv_share|w30_srch_per_day|w30_lgmv|w30_gmv30eq|w60_aov|w60_gmv_per_day|w60_cart2ord|w60_srch2cart|w60_buyday_rate,1786384345396815400,no,no
data/processed/feat_20250717_LNone.parquet,feat_20250717_LNone.parquet,.parquet,dataset,source_or_derived_dataset,124239242,fd6ce2a4fda1e0c14ac1cede7d4caf06bfb1e5090c57ff7c0b581e791d9b7496,unknown,rows=229037;row_groups=2;columns=user_id|w7_days_present|w7_days_search|w7_days_cat|w7_days_buy|w7_days_cart|w7_days_presence_only|w7_searches|w7_carts|w7_orders|w7_gmv|w7_gmv_cat|w7_gmv_max|w7_lgmv_mean|w7_lgmv_std|w14_days_present|w14_days_search|w14_days_cat|w14_days_buy|w14_days_cart|w14_days_presence_only|w14_searches|w14_carts|w14_orders|w14_gmv|w14_gmv_cat|w14_gmv_max|w14_lgmv_mean|w14_lgmv_std|w30_days_present|w30_days_search|w30_days_cat|w30_days_buy|w30_days_cart|w30_days_presence_only|w30_searches|w30_carts|w30_orders|w30_gmv|w30_gmv_cat|w30_gmv_max|w30_lgmv_mean|w30_lgmv_std|w60_days_present|w60_days_search|w60_days_cat|w60_days_buy|w60_days_cart|w60_days_presence_only|w60_searches|w60_carts|w60_orders|w60_gmv|w60_gmv_cat|w60_gmv_max|w60_lgmv_mean|w60_lgmv_std|w90_days_present|w90_days_search|w90_days_cat|w90_days_buy|w90_days_cart|w90_days_presence_only|w90_searches|w90_carts|w90_orders|w90_gmv|w90_gmv_cat|w90_gmv_max|w90_lgmv_mean|w90_lgmv_std|w180_days_present|w180_days_search|w180_days_cat|w180_days_buy|w180_days_cart|w180_days_presence_only|w180_searches|w180_carts|w180_orders|w180_gmv|w180_gmv_cat|w180_gmv_max|w180_lgmv_mean|w180_lgmv_std|w365_days_present|w365_days_search|w365_days_cat|w365_days_buy|w365_days_cart|w365_days_presence_only|w365_searches|w365_carts|w365_orders|w365_gmv|w365_gmv_cat|w365_gmv_max|w365_lgmv_mean|w365_lgmv_std|rec_any|rec_search|rec_cart|rec_buy|rec_cat|tenure|first_buy_age|all_days_present|all_days_buy|all_gmv|all_orders|all_searches|gap_mean|gap_std|gap_max|buygap_mean|buygap_std|weekend_share|w7_aov|w7_gmv_per_day|w7_cart2ord,1786384417682095700,no,no
data/processed/feat_20250717_LnormNone.parquet,feat_20250717_LnormNone.parquet,.parquet,dataset,source_or_derived_dataset,119378836,e4134fbf1f248fe5dfd04b28369142e15ff4d224425be80581bf6f8ff8556d67,unknown,rows=229037;row_groups=2;columns=user_id|w7_days_present|w7_days_search|w7_days_cat|w7_days_buy|w7_days_cart|w7_days_presence_only|w7_searches|w7_carts|w7_orders|w7_gmv|w7_gmv_cat|w7_gmv_max|w7_lgmv_mean|w7_lgmv_std|w14_days_present|w14_days_search|w14_days_cat|w14_days_buy|w14_days_cart|w14_days_presence_only|w14_searches|w14_carts|w14_orders|w14_gmv|w14_gmv_cat|w14_gmv_max|w14_lgmv_mean|w14_lgmv_std|w30_days_present|w30_days_search|w30_days_cat|w30_days_buy|w30_days_cart|w30_days_presence_only|w30_searches|w30_carts|w30_orders|w30_gmv|w30_gmv_cat|w30_gmv_max|w30_lgmv_mean|w30_lgmv_std|w60_days_present|w60_days_search|w60_days_cat|w60_days_buy|w60_days_cart|w60_days_presence_only|w60_searches|w60_carts|w60_orders|w60_gmv|w60_gmv_cat|w60_gmv_max|w60_lgmv_mean|w60_lgmv_std|w90_days_present|w90_days_search|w90_days_cat|w90_days_buy|w90_days_cart|w90_days_presence_only|w90_searches|w90_carts|w90_orders|w90_gmv|w90_gmv_cat|w90_gmv_max|w90_lgmv_mean|w90_lgmv_std|w180_days_present|w180_days_search|w180_days_cat|w180_days_buy|w180_days_cart|w180_days_presence_only|w180_searches|w180_carts|w180_orders|w180_gmv|w180_gmv_cat|w180_gmv_max|w180_lgmv_mean|w180_lgmv_std|w365_days_present|w365_days_search|w365_days_cat|w365_days_buy|w365_days_cart|w365_days_presence_only|w365_searches|w365_carts|w365_orders|w365_gmv|w365_gmv_cat|w365_gmv_max|w365_lgmv_mean|w365_lgmv_std|rec_any|rec_search|rec_cart|rec_buy|rec_cat|gap_mean|gap_std|buygap_mean|buygap_std|weekend_share|tenure_frac|first_buy_frac|gap_max_frac|w7_aov|w7_gmv_per_day|w7_cart2ord|w7_srch2cart|w7_buyday_rate|w7_presence_rate|w7_ponly_share|w7_cat_gmv_share,1786387856638658500,no,no
data/processed/feat_20250718_LnormNone.parquet,feat_20250718_LnormNone.parquet,.parquet,dataset,source_or_derived_dataset,119545784,f2ed8dcece6a449da1b4a8e113f714f797cc1150dafad7bbcaf02b1562f7d57d,unknown,rows=229146;row_groups=2;columns=user_id|w7_days_present|w7_days_search|w7_days_cat|w7_days_buy|w7_days_cart|w7_days_presence_only|w7_searches|w7_carts|w7_orders|w7_gmv|w7_gmv_cat|w7_gmv_max|w7_lgmv_mean|w7_lgmv_std|w14_days_present|w14_days_search|w14_days_cat|w14_days_buy|w14_days_cart|w14_days_presence_only|w14_searches|w14_carts|w14_orders|w14_gmv|w14_gmv_cat|w14_gmv_max|w14_lgmv_mean|w14_lgmv_std|w30_days_present|w30_days_search|w30_days_cat|w30_days_buy|w30_days_cart|w30_days_presence_only|w30_searches|w30_carts|w30_orders|w30_gmv|w30_gmv_cat|w30_gmv_max|w30_lgmv_mean|w30_lgmv_std|w60_days_present|w60_days_search|w60_days_cat|w60_days_buy|w60_days_cart|w60_days_presence_only|w60_searches|w60_carts|w60_orders|w60_gmv|w60_gmv_cat|w60_gmv_max|w60_lgmv_mean|w60_lgmv_std|w90_days_present|w90_days_search|w90_days_cat|w90_days_buy|w90_days_cart|w90_days_presence_only|w90_searches|w90_carts|w90_orders|w90_gmv|w90_gmv_cat|w90_gmv_max|w90_lgmv_mean|w90_lgmv_std|w180_days_present|w180_days_search|w180_days_cat|w180_days_buy|w180_days_cart|w180_days_presence_only|w180_searches|w180_carts|w180_orders|w180_gmv|w180_gmv_cat|w180_gmv_max|w180_lgmv_mean|w180_lgmv_std|w365_days_present|w365_days_search|w365_days_cat|w365_days_buy|w365_days_cart|w365_days_presence_only|w365_searches|w365_carts|w365_orders|w365_gmv|w365_gmv_cat|w365_gmv_max|w365_lgmv_mean|w365_lgmv_std|rec_any|rec_search|rec_cart|rec_buy|rec_cat|gap_mean|gap_std|buygap_mean|buygap_std|weekend_share|tenure_frac|first_buy_frac|gap_max_frac|w7_aov|w7_gmv_per_day|w7_cart2ord|w7_srch2cart|w7_buyday_rate|w7_presence_rate|w7_ponly_share|w7_cat_gmv_share,1786554384827867600,no,no
data/processed/feat_20250720_L180.parquet,feat_20250720_L180.parquet,.parquet,dataset,source_or_derived_dataset,95128373,95b88c188f01a1c3729c4a46742ec4e47dd965ff892afdcd72fed3d46ed21e2c,unknown,rows=228841;row_groups=2;columns=user_id|w7_days_present|w7_days_search|w7_days_cat|w7_days_buy|w7_days_cart|w7_days_presence_only|w7_searches|w7_carts|w7_orders|w7_gmv|w7_gmv_cat|w7_gmv_max|w7_lgmv_mean|w7_lgmv_std|w14_days_present|w14_days_search|w14_days_cat|w14_days_buy|w14_days_cart|w14_days_presence_only|w14_searches|w14_carts|w14_orders|w14_gmv|w14_gmv_cat|w14_gmv_max|w14_lgmv_mean|w14_lgmv_std|w30_days_present|w30_days_search|w30_days_cat|w30_days_buy|w30_days_cart|w30_days_presence_only|w30_searches|w30_carts|w30_orders|w30_gmv|w30_gmv_cat|w30_gmv_max|w30_lgmv_mean|w30_lgmv_std|w60_days_present|w60_days_search|w60_days_cat|w60_days_buy|w60_days_cart|w60_days_presence_only|w60_searches|w60_carts|w60_orders|w60_gmv|w60_gmv_cat|w60_gmv_max|w60_lgmv_mean|w60_lgmv_std|w90_days_present|w90_days_search|w90_days_cat|w90_days_buy|w90_days_cart|w90_days_presence_only|w90_searches|w90_carts|w90_orders|w90_gmv|w90_gmv_cat|w90_gmv_max|w90_lgmv_mean|w90_lgmv_std|w180_days_present|w180_days_search|w180_days_cat|w180_days_buy|w180_days_cart|w180_days_presence_only|w180_searches|w180_carts|w180_orders|w180_gmv|w180_gmv_cat|w180_gmv_max|w180_lgmv_mean|w180_lgmv_std|rec_any|rec_search|rec_cart|rec_buy|rec_cat|gap_mean|gap_std|gap_max|buygap_mean|buygap_std|weekend_share|w7_aov|w7_gmv_per_day|w7_cart2ord|w7_srch2cart|w7_buyday_rate|w7_presence_rate|w7_ponly_share|w7_cat_gmv_share|w7_srch_per_day|w7_lgmv|w7_gmv30eq|w14_aov|w14_gmv_per_day|w14_cart2ord|w14_srch2cart|w14_buyday_rate|w14_presence_rate|w14_ponly_share|w14_cat_gmv_share|w14_srch_per_day|w14_lgmv|w14_gmv30eq|w30_aov|w30_gmv_per_day,1787306731254539100,no,no
data/processed/feat_20250721_LnormNone.parquet,feat_20250721_LnormNone.parquet,.parquet,dataset,source_or_derived_dataset,119958952,ba104fcd89630f212982aa604564190e0809c5c5631d319dc55efc5a54d77d14,unknown,rows=229463;row_groups=2;columns=user_id|w7_days_present|w7_days_search|w7_days_cat|w7_days_buy|w7_days_cart|w7_days_presence_only|w7_searches|w7_carts|w7_orders|w7_gmv|w7_gmv_cat|w7_gmv_max|w7_lgmv_mean|w7_lgmv_std|w14_days_present|w14_days_search|w14_days_cat|w14_days_buy|w14_days_cart|w14_days_presence_only|w14_searches|w14_carts|w14_orders|w14_gmv|w14_gmv_cat|w14_gmv_max|w14_lgmv_mean|w14_lgmv_std|w30_days_present|w30_days_search|w30_days_cat|w30_days_buy|w30_days_cart|w30_days_presence_only|w30_searches|w30_carts|w30_orders|w30_gmv|w30_gmv_cat|w30_gmv_max|w30_lgmv_mean|w30_lgmv_std|w60_days_present|w60_days_search|w60_days_cat|w60_days_buy|w60_days_cart|w60_days_presence_only|w60_searches|w60_carts|w60_orders|w60_gmv|w60_gmv_cat|w60_gmv_max|w60_lgmv_mean|w60_lgmv_std|w90_days_present|w90_days_search|w90_days_cat|w90_days_buy|w90_days_cart|w90_days_presence_only|w90_searches|w90_carts|w90_orders|w90_gmv|w90_gmv_cat|w90_gmv_max|w90_lgmv_mean|w90_lgmv_std|w180_days_present|w180_days_search|w180_days_cat|w180_days_buy|w180_days_cart|w180_days_presence_only|w180_searches|w180_carts|w180_orders|w180_gmv|w180_gmv_cat|w180_gmv_max|w180_lgmv_mean|w180_lgmv_std|w365_days_present|w365_days_search|w365_days_cat|w365_days_buy|w365_days_cart|w365_days_presence_only|w365_searches|w365_carts|w365_orders|w365_gmv|w365_gmv_cat|w365_gmv_max|w365_lgmv_mean|w365_lgmv_std|rec_any|rec_search|rec_cart|rec_buy|rec_cat|gap_mean|gap_std|buygap_mean|buygap_std|weekend_share|tenure_frac|first_buy_frac|gap_max_frac|w7_aov|w7_gmv_per_day|w7_cart2ord|w7_srch2cart|w7_buyday_rate|w7_presence_rate|w7_ponly_share|w7_cat_gmv_share,1786554388118796900,no,no
data/processed/feat_20250724_L180.parquet,feat_20250724_L180.parquet,.parquet,dataset,source_or_derived_dataset,95558288,ba954a0c2b7558951720c248e29f79015b0ceabccaa060871b16e07a8fb40e9e,unknown,rows=229291;row_groups=2;columns=user_id|w7_days_present|w7_days_search|w7_days_cat|w7_days_buy|w7_days_cart|w7_days_presence_only|w7_searches|w7_carts|w7_orders|w7_gmv|w7_gmv_cat|w7_gmv_max|w7_lgmv_mean|w7_lgmv_std|w14_days_present|w14_days_search|w14_days_cat|w14_days_buy|w14_days_cart|w14_days_presence_only|w14_searches|w14_carts|w14_orders|w14_gmv|w14_gmv_cat|w14_gmv_max|w14_lgmv_mean|w14_lgmv_std|w30_days_present|w30_days_search|w30_days_cat|w30_days_buy|w30_days_cart|w30_days_presence_only|w30_searches|w30_carts|w30_orders|w30_gmv|w30_gmv_cat|w30_gmv_max|w30_lgmv_mean|w30_lgmv_std|w60_days_present|w60_days_search|w60_days_cat|w60_days_buy|w60_days_cart|w60_days_presence_only|w60_searches|w60_carts|w60_orders|w60_gmv|w60_gmv_cat|w60_gmv_max|w60_lgmv_mean|w60_lgmv_std|w90_days_present|w90_days_search|w90_days_cat|w90_days_buy|w90_days_cart|w90_days_presence_only|w90_searches|w90_carts|w90_orders|w90_gmv|w90_gmv_cat|w90_gmv_max|w90_lgmv_mean|w90_lgmv_std|w180_days_present|w180_days_search|w180_days_cat|w180_days_buy|w180_days_cart|w180_days_presence_only|w180_searches|w180_carts|w180_orders|w180_gmv|w180_gmv_cat|w180_gmv_max|w180_lgmv_mean|w180_lgmv_std|rec_any|rec_search|rec_cart|rec_buy|rec_cat|gap_mean|gap_std|gap_max|buygap_mean|buygap_std|weekend_share|w7_aov|w7_gmv_per_day|w7_cart2ord|w7_srch2cart|w7_buyday_rate|w7_presence_rate|w7_ponly_share|w7_cat_gmv_share|w7_srch_per_day|w7_lgmv|w7_gmv30eq|w14_aov|w14_gmv_per_day|w14_cart2ord|w14_srch2cart|w14_buyday_rate|w14_presence_rate|w14_ponly_share|w14_cat_gmv_share|w14_srch_per_day|w14_lgmv|w14_gmv30eq|w30_aov|w30_gmv_per_day,1786384275037561900,no,no
data/processed/feat_20250724_L270.parquet,feat_20250724_L270.parquet,.parquet,dataset,source_or_derived_dataset,118012727,e41d1adf2d6b0c519eaaaa4cd89a5a180495522502a47885bf27cb6d0bf48c52,unknown,rows=229860;row_groups=2;columns=user_id|w7_days_present|w7_days_search|w7_days_cat|w7_days_buy|w7_days_cart|w7_days_presence_only|w7_searches|w7_carts|w7_orders|w7_gmv|w7_gmv_cat|w7_gmv_max|w7_lgmv_mean|w7_lgmv_std|w14_days_present|w14_days_search|w14_days_cat|w14_days_buy|w14_days_cart|w14_days_presence_only|w14_searches|w14_carts|w14_orders|w14_gmv|w14_gmv_cat|w14_gmv_max|w14_lgmv_mean|w14_lgmv_std|w30_days_present|w30_days_search|w30_days_cat|w30_days_buy|w30_days_cart|w30_days_presence_only|w30_searches|w30_carts|w30_orders|w30_gmv|w30_gmv_cat|w30_gmv_max|w30_lgmv_mean|w30_lgmv_std|w60_days_present|w60_days_search|w60_days_cat|w60_days_buy|w60_days_cart|w60_days_presence_only|w60_searches|w60_carts|w60_orders|w60_gmv|w60_gmv_cat|w60_gmv_max|w60_lgmv_mean|w60_lgmv_std|w90_days_present|w90_days_search|w90_days_cat|w90_days_buy|w90_days_cart|w90_days_presence_only|w90_searches|w90_carts|w90_orders|w90_gmv|w90_gmv_cat|w90_gmv_max|w90_lgmv_mean|w90_lgmv_std|w180_days_present|w180_days_search|w180_days_cat|w180_days_buy|w180_days_cart|w180_days_presence_only|w180_searches|w180_carts|w180_orders|w180_gmv|w180_gmv_cat|w180_gmv_max|w180_lgmv_mean|w180_lgmv_std|w270_days_present|w270_days_search|w270_days_cat|w270_days_buy|w270_days_cart|w270_days_presence_only|w270_searches|w270_carts|w270_orders|w270_gmv|w270_gmv_cat|w270_gmv_max|w270_lgmv_mean|w270_lgmv_std|rec_any|rec_search|rec_cart|rec_buy|rec_cat|gap_mean|gap_std|gap_max|buygap_mean|buygap_std|weekend_share|w7_aov|w7_gmv_per_day|w7_cart2ord|w7_srch2cart|w7_buyday_rate|w7_presence_rate|w7_ponly_share|w7_cat_gmv_share|w7_srch_per_day|w7_lgmv,1786384523137325100,no,no
data/processed/feat_20250724_L90.parquet,feat_20250724_L90.parquet,.parquet,dataset,source_or_derived_dataset,71733179,41022d969d602de225304d31ae817d72263815dfd2e983baedf4d4a1a8c10609,unknown,rows=224809;row_groups=2;columns=user_id|w7_days_present|w7_days_search|w7_days_cat|w7_days_buy|w7_days_cart|w7_days_presence_only|w7_searches|w7_carts|w7_orders|w7_gmv|w7_gmv_cat|w7_gmv_max|w7_lgmv_mean|w7_lgmv_std|w14_days_present|w14_days_search|w14_days_cat|w14_days_buy|w14_days_cart|w14_days_presence_only|w14_searches|w14_carts|w14_orders|w14_gmv|w14_gmv_cat|w14_gmv_max|w14_lgmv_mean|w14_lgmv_std|w30_days_present|w30_days_search|w30_days_cat|w30_days_buy|w30_days_cart|w30_days_presence_only|w30_searches|w30_carts|w30_orders|w30_gmv|w30_gmv_cat|w30_gmv_max|w30_lgmv_mean|w30_lgmv_std|w60_days_present|w60_days_search|w60_days_cat|w60_days_buy|w60_days_cart|w60_days_presence_only|w60_searches|w60_carts|w60_orders|w60_gmv|w60_gmv_cat|w60_gmv_max|w60_lgmv_mean|w60_lgmv_std|w90_days_present|w90_days_search|w90_days_cat|w90_days_buy|w90_days_cart|w90_days_presence_only|w90_searches|w90_carts|w90_orders|w90_gmv|w90_gmv_cat|w90_gmv_max|w90_lgmv_mean|w90_lgmv_std|rec_any|rec_search|rec_cart|rec_buy|rec_cat|gap_mean|gap_std|gap_max|buygap_mean|buygap_std|weekend_share|w7_aov|w7_gmv_per_day|w7_cart2ord|w7_srch2cart|w7_buyday_rate|w7_presence_rate|w7_ponly_share|w7_cat_gmv_share|w7_srch_per_day|w7_lgmv|w7_gmv30eq|w14_aov|w14_gmv_per_day|w14_cart2ord|w14_srch2cart|w14_buyday_rate|w14_presence_rate|w14_ponly_share|w14_cat_gmv_share|w14_srch_per_day|w14_lgmv|w14_gmv30eq|w30_aov|w30_gmv_per_day|w30_cart2ord|w30_srch2cart|w30_buyday_rate|w30_presence_rate|w30_ponly_share|w30_cat_gmv_share|w30_srch_per_day|w30_lgmv|w30_gmv30eq|w60_aov|w60_gmv_per_day|w60_cart2ord|w60_srch2cart|w60_buyday_rate,1786384347305596200,no,no
data/processed/feat_20250724_LNone.parquet,feat_20250724_LNone.parquet,.parquet,dataset,source_or_derived_dataset,125349599,9d86630f2fdea15c3d405e772acd44088b3adfdf7d06a0006be01db25a5e42d6,unknown,rows=229860;row_groups=2;columns=user_id|w7_days_present|w7_days_search|w7_days_cat|w7_days_buy|w7_days_cart|w7_days_presence_only|w7_searches|w7_carts|w7_orders|w7_gmv|w7_gmv_cat|w7_gmv_max|w7_lgmv_mean|w7_lgmv_std|w14_days_present|w14_days_search|w14_days_cat|w14_days_buy|w14_days_cart|w14_days_presence_only|w14_searches|w14_carts|w14_orders|w14_gmv|w14_gmv_cat|w14_gmv_max|w14_lgmv_mean|w14_lgmv_std|w30_days_present|w30_days_search|w30_days_cat|w30_days_buy|w30_days_cart|w30_days_presence_only|w30_searches|w30_carts|w30_orders|w30_gmv|w30_gmv_cat|w30_gmv_max|w30_lgmv_mean|w30_lgmv_std|w60_days_present|w60_days_search|w60_days_cat|w60_days_buy|w60_days_cart|w60_days_presence_only|w60_searches|w60_carts|w60_orders|w60_gmv|w60_gmv_cat|w60_gmv_max|w60_lgmv_mean|w60_lgmv_std|w90_days_present|w90_days_search|w90_days_cat|w90_days_buy|w90_days_cart|w90_days_presence_only|w90_searches|w90_carts|w90_orders|w90_gmv|w90_gmv_cat|w90_gmv_max|w90_lgmv_mean|w90_lgmv_std|w180_days_present|w180_days_search|w180_days_cat|w180_days_buy|w180_days_cart|w180_days_presence_only|w180_searches|w180_carts|w180_orders|w180_gmv|w180_gmv_cat|w180_gmv_max|w180_lgmv_mean|w180_lgmv_std|w365_days_present|w365_days_search|w365_days_cat|w365_days_buy|w365_days_cart|w365_days_presence_only|w365_searches|w365_carts|w365_orders|w365_gmv|w365_gmv_cat|w365_gmv_max|w365_lgmv_mean|w365_lgmv_std|rec_any|rec_search|rec_cart|rec_buy|rec_cat|tenure|first_buy_age|all_days_present|all_days_buy|all_gmv|all_orders|all_searches|gap_mean|gap_std|gap_max|buygap_mean|buygap_std|weekend_share|w7_aov|w7_gmv_per_day|w7_cart2ord,1786384421334549300,no,no
data/processed/feat_20250724_LnormNone.parquet,feat_20250724_LnormNone.parquet,.parquet,dataset,source_or_derived_dataset,120495508,69aba48cff37ee479cdab8ffe46a1fc18a20300f5592efe7480ba51fe33c1fba,unknown,rows=229860;row_groups=2;columns=user_id|w7_days_present|w7_days_search|w7_days_cat|w7_days_buy|w7_days_cart|w7_days_presence_only|w7_searches|w7_carts|w7_orders|w7_gmv|w7_gmv_cat|w7_gmv_max|w7_lgmv_mean|w7_lgmv_std|w14_days_present|w14_days_search|w14_days_cat|w14_days_buy|w14_days_cart|w14_days_presence_only|w14_searches|w14_carts|w14_orders|w14_gmv|w14_gmv_cat|w14_gmv_max|w14_lgmv_mean|w14_lgmv_std|w30_days_present|w30_days_search|w30_days_cat|w30_days_buy|w30_days_cart|w30_days_presence_only|w30_searches|w30_carts|w30_orders|w30_gmv|w30_gmv_cat|w30_gmv_max|w30_lgmv_mean|w30_lgmv_std|w60_days_present|w60_days_search|w60_days_cat|w60_days_buy|w60_days_cart|w60_days_presence_only|w60_searches|w60_carts|w60_orders|w60_gmv|w60_gmv_cat|w60_gmv_max|w60_lgmv_mean|w60_lgmv_std|w90_days_present|w90_days_search|w90_days_cat|w90_days_buy|w90_days_cart|w90_days_presence_only|w90_searches|w90_carts|w90_orders|w90_gmv|w90_gmv_cat|w90_gmv_max|w90_lgmv_mean|w90_lgmv_std|w180_days_present|w180_days_search|w180_days_cat|w180_days_buy|w180_days_cart|w180_days_presence_only|w180_searches|w180_carts|w180_orders|w180_gmv|w180_gmv_cat|w180_gmv_max|w180_lgmv_mean|w180_lgmv_std|w365_days_present|w365_days_search|w365_days_cat|w365_days_buy|w365_days_cart|w365_days_presence_only|w365_searches|w365_carts|w365_orders|w365_gmv|w365_gmv_cat|w365_gmv_max|w365_lgmv_mean|w365_lgmv_std|rec_any|rec_search|rec_cart|rec_buy|rec_cat|gap_mean|gap_std|buygap_mean|buygap_std|weekend_share|tenure_frac|first_buy_frac|gap_max_frac|w7_aov|w7_gmv_per_day|w7_cart2ord|w7_srch2cart|w7_buyday_rate|w7_presence_rate|w7_ponly_share|w7_cat_gmv_share,1786387860702716900,no,no
data/processed/feat_20250727_LnormNone.parquet,feat_20250727_LnormNone.parquet,.parquet,dataset,source_or_derived_dataset,121293502,2e29d57bbad8fa3df56a660e3ecf98f64c91b25b448545d845700ddd9bbe9f6d,unknown,rows=230254;row_groups=2;columns=user_id|w7_days_present|w7_days_search|w7_days_cat|w7_days_buy|w7_days_cart|w7_days_presence_only|w7_searches|w7_carts|w7_orders|w7_gmv|w7_gmv_cat|w7_gmv_max|w7_lgmv_mean|w7_lgmv_std|w14_days_present|w14_days_search|w14_days_cat|w14_days_buy|w14_days_cart|w14_days_presence_only|w14_searches|w14_carts|w14_orders|w14_gmv|w14_gmv_cat|w14_gmv_max|w14_lgmv_mean|w14_lgmv_std|w30_days_present|w30_days_search|w30_days_cat|w30_days_buy|w30_days_cart|w30_days_presence_only|w30_searches|w30_carts|w30_orders|w30_gmv|w30_gmv_cat|w30_gmv_max|w30_lgmv_mean|w30_lgmv_std|w60_days_present|w60_days_search|w60_days_cat|w60_days_buy|w60_days_cart|w60_days_presence_only|w60_searches|w60_carts|w60_orders|w60_gmv|w60_gmv_cat|w60_gmv_max|w60_lgmv_mean|w60_lgmv_std|w90_days_present|w90_days_search|w90_days_cat|w90_days_buy|w90_days_cart|w90_days_presence_only|w90_searches|w90_carts|w90_orders|w90_gmv|w90_gmv_cat|w90_gmv_max|w90_lgmv_mean|w90_lgmv_std|w180_days_present|w180_days_search|w180_days_cat|w180_days_buy|w180_days_cart|w180_days_presence_only|w180_searches|w180_carts|w180_orders|w180_gmv|w180_gmv_cat|w180_gmv_max|w180_lgmv_mean|w180_lgmv_std|w365_days_present|w365_days_search|w365_days_cat|w365_days_buy|w365_days_cart|w365_days_presence_only|w365_searches|w365_carts|w365_orders|w365_gmv|w365_gmv_cat|w365_gmv_max|w365_lgmv_mean|w365_lgmv_std|rec_any|rec_search|rec_cart|rec_buy|rec_cat|gap_mean|gap_std|buygap_mean|buygap_std|weekend_share|tenure_frac|first_buy_frac|gap_max_frac|w7_aov|w7_gmv_per_day|w7_cart2ord|w7_srch2cart|w7_buyday_rate|w7_presence_rate|w7_ponly_share|w7_cat_gmv_share,1786554391939097600,no,no
data/processed/feat_20250730_LnormNone.parquet,feat_20250730_LnormNone.parquet,.parquet,dataset,source_or_derived_dataset,121327299,49337cc636cd048d5c3612270da447fb7c97079da306e3d3f52964eb2587783a,unknown,rows=230659;row_groups=2;columns=user_id|w7_days_present|w7_days_search|w7_days_cat|w7_days_buy|w7_days_cart|w7_days_presence_only|w7_searches|w7_carts|w7_orders|w7_gmv|w7_gmv_cat|w7_gmv_max|w7_lgmv_mean|w7_lgmv_std|w14_days_present|w14_days_search|w14_days_cat|w14_days_buy|w14_days_cart|w14_days_presence_only|w14_searches|w14_carts|w14_orders|w14_gmv|w14_gmv_cat|w14_gmv_max|w14_lgmv_mean|w14_lgmv_std|w30_days_present|w30_days_search|w30_days_cat|w30_days_buy|w30_days_cart|w30_days_presence_only|w30_searches|w30_carts|w30_orders|w30_gmv|w30_gmv_cat|w30_gmv_max|w30_lgmv_mean|w30_lgmv_std|w60_days_present|w60_days_search|w60_days_cat|w60_days_buy|w60_days_cart|w60_days_presence_only|w60_searches|w60_carts|w60_orders|w60_gmv|w60_gmv_cat|w60_gmv_max|w60_lgmv_mean|w60_lgmv_std|w90_days_present|w90_days_search|w90_days_cat|w90_days_buy|w90_days_cart|w90_days_presence_only|w90_searches|w90_carts|w90_orders|w90_gmv|w90_gmv_cat|w90_gmv_max|w90_lgmv_mean|w90_lgmv_std|w180_days_present|w180_days_search|w180_days_cat|w180_days_buy|w180_days_cart|w180_days_presence_only|w180_searches|w180_carts|w180_orders|w180_gmv|w180_gmv_cat|w180_gmv_max|w180_lgmv_mean|w180_lgmv_std|w365_days_present|w365_days_search|w365_days_cat|w365_days_buy|w365_days_cart|w365_days_presence_only|w365_searches|w365_carts|w365_orders|w365_gmv|w365_gmv_cat|w365_gmv_max|w365_lgmv_mean|w365_lgmv_std|rec_any|rec_search|rec_cart|rec_buy|rec_cat|gap_mean|gap_std|buygap_mean|buygap_std|weekend_share|tenure_frac|first_buy_frac|gap_max_frac|w7_aov|w7_gmv_per_day|w7_cart2ord|w7_srch2cart|w7_buyday_rate|w7_presence_rate|w7_ponly_share|w7_cat_gmv_share,1786554395454237000,no,no
data/processed/feat_20250731_L180.parquet,feat_20250731_L180.parquet,.parquet,dataset,source_or_derived_dataset,96209323,b7ff604c1a3e16134771da95fe34ad9021602876dbacef4a6de26d2d47bce1b8,unknown,rows=230076;row_groups=2;columns=user_id|w7_days_present|w7_days_search|w7_days_cat|w7_days_buy|w7_days_cart|w7_days_presence_only|w7_searches|w7_carts|w7_orders|w7_gmv|w7_gmv_cat|w7_gmv_max|w7_lgmv_mean|w7_lgmv_std|w14_days_present|w14_days_search|w14_days_cat|w14_days_buy|w14_days_cart|w14_days_presence_only|w14_searches|w14_carts|w14_orders|w14_gmv|w14_gmv_cat|w14_gmv_max|w14_lgmv_mean|w14_lgmv_std|w30_days_present|w30_days_search|w30_days_cat|w30_days_buy|w30_days_cart|w30_days_presence_only|w30_searches|w30_carts|w30_orders|w30_gmv|w30_gmv_cat|w30_gmv_max|w30_lgmv_mean|w30_lgmv_std|w60_days_present|w60_days_search|w60_days_cat|w60_days_buy|w60_days_cart|w60_days_presence_only|w60_searches|w60_carts|w60_orders|w60_gmv|w60_gmv_cat|w60_gmv_max|w60_lgmv_mean|w60_lgmv_std|w90_days_present|w90_days_search|w90_days_cat|w90_days_buy|w90_days_cart|w90_days_presence_only|w90_searches|w90_carts|w90_orders|w90_gmv|w90_gmv_cat|w90_gmv_max|w90_lgmv_mean|w90_lgmv_std|w180_days_present|w180_days_search|w180_days_cat|w180_days_buy|w180_days_cart|w180_days_presence_only|w180_searches|w180_carts|w180_orders|w180_gmv|w180_gmv_cat|w180_gmv_max|w180_lgmv_mean|w180_lgmv_std|rec_any|rec_search|rec_cart|rec_buy|rec_cat|gap_mean|gap_std|gap_max|buygap_mean|buygap_std|weekend_share|w7_aov|w7_gmv_per_day|w7_cart2ord|w7_srch2cart|w7_buyday_rate|w7_presence_rate|w7_ponly_share|w7_cat_gmv_share|w7_srch_per_day|w7_lgmv|w7_gmv30eq|w14_aov|w14_gmv_per_day|w14_cart2ord|w14_srch2cart|w14_buyday_rate|w14_presence_rate|w14_ponly_share|w14_cat_gmv_share|w14_srch_per_day|w14_lgmv|w14_gmv30eq|w30_aov|w30_gmv_per_day,1786384277850879800,no,no
data/processed/feat_20250731_L270.parquet,feat_20250731_L270.parquet,.parquet,dataset,source_or_derived_dataset,119019438,25c88efea5ec2fabd16e668e1e689eaecbc1e2c5794ecfb6bf62b03af37e7be0,unknown,rows=230769;row_groups=2;columns=user_id|w7_days_present|w7_days_search|w7_days_cat|w7_days_buy|w7_days_cart|w7_days_presence_only|w7_searches|w7_carts|w7_orders|w7_gmv|w7_gmv_cat|w7_gmv_max|w7_lgmv_mean|w7_lgmv_std|w14_days_present|w14_days_search|w14_days_cat|w14_days_buy|w14_days_cart|w14_days_presence_only|w14_searches|w14_carts|w14_orders|w14_gmv|w14_gmv_cat|w14_gmv_max|w14_lgmv_mean|w14_lgmv_std|w30_days_present|w30_days_search|w30_days_cat|w30_days_buy|w30_days_cart|w30_days_presence_only|w30_searches|w30_carts|w30_orders|w30_gmv|w30_gmv_cat|w30_gmv_max|w30_lgmv_mean|w30_lgmv_std|w60_days_present|w60_days_search|w60_days_cat|w60_days_buy|w60_days_cart|w60_days_presence_only|w60_searches|w60_carts|w60_orders|w60_gmv|w60_gmv_cat|w60_gmv_max|w60_lgmv_mean|w60_lgmv_std|w90_days_present|w90_days_search|w90_days_cat|w90_days_buy|w90_days_cart|w90_days_presence_only|w90_searches|w90_carts|w90_orders|w90_gmv|w90_gmv_cat|w90_gmv_max|w90_lgmv_mean|w90_lgmv_std|w180_days_present|w180_days_search|w180_days_cat|w180_days_buy|w180_days_cart|w180_days_presence_only|w180_searches|w180_carts|w180_orders|w180_gmv|w180_gmv_cat|w180_gmv_max|w180_lgmv_mean|w180_lgmv_std|w270_days_present|w270_days_search|w270_days_cat|w270_days_buy|w270_days_cart|w270_days_presence_only|w270_searches|w270_carts|w270_orders|w270_gmv|w270_gmv_cat|w270_gmv_max|w270_lgmv_mean|w270_lgmv_std|rec_any|rec_search|rec_cart|rec_buy|rec_cat|gap_mean|gap_std|gap_max|buygap_mean|buygap_std|weekend_share|w7_aov|w7_gmv_per_day|w7_cart2ord|w7_srch2cart|w7_buyday_rate|w7_presence_rate|w7_ponly_share|w7_cat_gmv_share|w7_srch_per_day|w7_lgmv,1786384526658232800,no,no
data/processed/feat_20250731_L90.parquet,feat_20250731_L90.parquet,.parquet,dataset,source_or_derived_dataset,72262223,4ecea0d214a75be44336242ed16d813c2620aea4ef2e4760b104a4b154d6943c,unknown,rows=225684;row_groups=2;columns=user_id|w7_days_present|w7_days_search|w7_days_cat|w7_days_buy|w7_days_cart|w7_days_presence_only|w7_searches|w7_carts|w7_orders|w7_gmv|w7_gmv_cat|w7_gmv_max|w7_lgmv_mean|w7_lgmv_std|w14_days_present|w14_days_search|w14_days_cat|w14_days_buy|w14_days_cart|w14_days_presence_only|w14_searches|w14_carts|w14_orders|w14_gmv|w14_gmv_cat|w14_gmv_max|w14_lgmv_mean|w14_lgmv_std|w30_days_present|w30_days_search|w30_days_cat|w30_days_buy|w30_days_cart|w30_days_presence_only|w30_searches|w30_carts|w30_orders|w30_gmv|w30_gmv_cat|w30_gmv_max|w30_lgmv_mean|w30_lgmv_std|w60_days_present|w60_days_search|w60_days_cat|w60_days_buy|w60_days_cart|w60_days_presence_only|w60_searches|w60_carts|w60_orders|w60_gmv|w60_gmv_cat|w60_gmv_max|w60_lgmv_mean|w60_lgmv_std|w90_days_present|w90_days_search|w90_days_cat|w90_days_buy|w90_days_cart|w90_days_presence_only|w90_searches|w90_carts|w90_orders|w90_gmv|w90_gmv_cat|w90_gmv_max|w90_lgmv_mean|w90_lgmv_std|rec_any|rec_search|rec_cart|rec_buy|rec_cat|gap_mean|gap_std|gap_max|buygap_mean|buygap_std|weekend_share|w7_aov|w7_gmv_per_day|w7_cart2ord|w7_srch2cart|w7_buyday_rate|w7_presence_rate|w7_ponly_share|w7_cat_gmv_share|w7_srch_per_day|w7_lgmv|w7_gmv30eq|w14_aov|w14_gmv_per_day|w14_cart2ord|w14_srch2cart|w14_buyday_rate|w14_presence_rate|w14_ponly_share|w14_cat_gmv_share|w14_srch_per_day|w14_lgmv|w14_gmv30eq|w30_aov|w30_gmv_per_day|w30_cart2ord|w30_srch2cart|w30_buyday_rate|w30_presence_rate|w30_ponly_share|w30_cat_gmv_share|w30_srch_per_day|w30_lgmv|w30_gmv30eq|w60_aov|w60_gmv_per_day|w60_cart2ord|w60_srch2cart|w60_buyday_rate,1786384349021295600,no,no
data/processed/feat_20250731_LNone.parquet,feat_20250731_LNone.parquet,.parquet,dataset,source_or_derived_dataset,126430791,f59b72d4b50fc71bccde5d5d41c6351947723af9ea15a1c50ea03359390a8c2f,unknown,rows=230769;row_groups=2;columns=user_id|w7_days_present|w7_days_search|w7_days_cat|w7_days_buy|w7_days_cart|w7_days_presence_only|w7_searches|w7_carts|w7_orders|w7_gmv|w7_gmv_cat|w7_gmv_max|w7_lgmv_mean|w7_lgmv_std|w14_days_present|w14_days_search|w14_days_cat|w14_days_buy|w14_days_cart|w14_days_presence_only|w14_searches|w14_carts|w14_orders|w14_gmv|w14_gmv_cat|w14_gmv_max|w14_lgmv_mean|w14_lgmv_std|w30_days_present|w30_days_search|w30_days_cat|w30_days_buy|w30_days_cart|w30_days_presence_only|w30_searches|w30_carts|w30_orders|w30_gmv|w30_gmv_cat|w30_gmv_max|w30_lgmv_mean|w30_lgmv_std|w60_days_present|w60_days_search|w60_days_cat|w60_days_buy|w60_days_cart|w60_days_presence_only|w60_searches|w60_carts|w60_orders|w60_gmv|w60_gmv_cat|w60_gmv_max|w60_lgmv_mean|w60_lgmv_std|w90_days_present|w90_days_search|w90_days_cat|w90_days_buy|w90_days_cart|w90_days_presence_only|w90_searches|w90_carts|w90_orders|w90_gmv|w90_gmv_cat|w90_gmv_max|w90_lgmv_mean|w90_lgmv_std|w180_days_present|w180_days_search|w180_days_cat|w180_days_buy|w180_days_cart|w180_days_presence_only|w180_searches|w180_carts|w180_orders|w180_gmv|w180_gmv_cat|w180_gmv_max|w180_lgmv_mean|w180_lgmv_std|w365_days_present|w365_days_search|w365_days_cat|w365_days_buy|w365_days_cart|w365_days_presence_only|w365_searches|w365_carts|w365_orders|w365_gmv|w365_gmv_cat|w365_gmv_max|w365_lgmv_mean|w365_lgmv_std|rec_any|rec_search|rec_cart|rec_buy|rec_cat|tenure|first_buy_age|all_days_present|all_days_buy|all_gmv|all_orders|all_searches|gap_mean|gap_std|gap_max|buygap_mean|buygap_std|weekend_share|w7_aov|w7_gmv_per_day|w7_cart2ord,1786384424527341700,no,no
data/processed/feat_20250731_LnormNone.parquet,feat_20250731_LnormNone.parquet,.parquet,dataset,source_or_derived_dataset,121504777,fe3e6545e40a8cc73187ce35ad05f126916087813be1a250ef684ddd4700f345,unknown,rows=230769;row_groups=2;columns=user_id|w7_days_present|w7_days_search|w7_days_cat|w7_days_buy|w7_days_cart|w7_days_presence_only|w7_searches|w7_carts|w7_orders|w7_gmv|w7_gmv_cat|w7_gmv_max|w7_lgmv_mean|w7_lgmv_std|w14_days_present|w14_days_search|w14_days_cat|w14_days_buy|w14_days_cart|w14_days_presence_only|w14_searches|w14_carts|w14_orders|w14_gmv|w14_gmv_cat|w14_gmv_max|w14_lgmv_mean|w14_lgmv_std|w30_days_present|w30_days_search|w30_days_cat|w30_days_buy|w30_days_cart|w30_days_presence_only|w30_searches|w30_carts|w30_orders|w30_gmv|w30_gmv_cat|w30_gmv_max|w30_lgmv_mean|w30_lgmv_std|w60_days_present|w60_days_search|w60_days_cat|w60_days_buy|w60_days_cart|w60_days_presence_only|w60_searches|w60_carts|w60_orders|w60_gmv|w60_gmv_cat|w60_gmv_max|w60_lgmv_mean|w60_lgmv_std|w90_days_present|w90_days_search|w90_days_cat|w90_days_buy|w90_days_cart|w90_days_presence_only|w90_searches|w90_carts|w90_orders|w90_gmv|w90_gmv_cat|w90_gmv_max|w90_lgmv_mean|w90_lgmv_std|w180_days_present|w180_days_search|w180_days_cat|w180_days_buy|w180_days_cart|w180_days_presence_only|w180_searches|w180_carts|w180_orders|w180_gmv|w180_gmv_cat|w180_gmv_max|w180_lgmv_mean|w180_lgmv_std|w365_days_present|w365_days_search|w365_days_cat|w365_days_buy|w365_days_cart|w365_days_presence_only|w365_searches|w365_carts|w365_orders|w365_gmv|w365_gmv_cat|w365_gmv_max|w365_lgmv_mean|w365_lgmv_std|rec_any|rec_search|rec_cart|rec_buy|rec_cat|gap_mean|gap_std|buygap_mean|buygap_std|weekend_share|tenure_frac|first_buy_frac|gap_max_frac|w7_aov|w7_gmv_per_day|w7_cart2ord|w7_srch2cart|w7_buyday_rate|w7_presence_rate|w7_ponly_share|w7_cat_gmv_share,1786387864893102700,no,no
data/processed/feat_20250802_LnormNone.parquet,feat_20250802_LnormNone.parquet,.parquet,dataset,source_or_derived_dataset,121771126,43b4ce947a0a9c41e2ac31ebc6d806144f7acfbaa504c171ed383cf34d1e1d09,unknown,rows=231009;row_groups=2;columns=user_id|w7_days_present|w7_days_search|w7_days_cat|w7_days_buy|w7_days_cart|w7_days_presence_only|w7_searches|w7_carts|w7_orders|w7_gmv|w7_gmv_cat|w7_gmv_max|w7_lgmv_mean|w7_lgmv_std|w14_days_present|w14_days_search|w14_days_cat|w14_days_buy|w14_days_cart|w14_days_presence_only|w14_searches|w14_carts|w14_orders|w14_gmv|w14_gmv_cat|w14_gmv_max|w14_lgmv_mean|w14_lgmv_std|w30_days_present|w30_days_search|w30_days_cat|w30_days_buy|w30_days_cart|w30_days_presence_only|w30_searches|w30_carts|w30_orders|w30_gmv|w30_gmv_cat|w30_gmv_max|w30_lgmv_mean|w30_lgmv_std|w60_days_present|w60_days_search|w60_days_cat|w60_days_buy|w60_days_cart|w60_days_presence_only|w60_searches|w60_carts|w60_orders|w60_gmv|w60_gmv_cat|w60_gmv_max|w60_lgmv_mean|w60_lgmv_std|w90_days_present|w90_days_search|w90_days_cat|w90_days_buy|w90_days_cart|w90_days_presence_only|w90_searches|w90_carts|w90_orders|w90_gmv|w90_gmv_cat|w90_gmv_max|w90_lgmv_mean|w90_lgmv_std|w180_days_present|w180_days_search|w180_days_cat|w180_days_buy|w180_days_cart|w180_days_presence_only|w180_searches|w180_carts|w180_orders|w180_gmv|w180_gmv_cat|w180_gmv_max|w180_lgmv_mean|w180_lgmv_std|w365_days_present|w365_days_search|w365_days_cat|w365_days_buy|w365_days_cart|w365_days_presence_only|w365_searches|w365_carts|w365_orders|w365_gmv|w365_gmv_cat|w365_gmv_max|w365_lgmv_mean|w365_lgmv_std|rec_any|rec_search|rec_cart|rec_buy|rec_cat|gap_mean|gap_std|buygap_mean|buygap_std|weekend_share|tenure_frac|first_buy_frac|gap_max_frac|w7_aov|w7_gmv_per_day|w7_cart2ord|w7_srch2cart|w7_buyday_rate|w7_presence_rate|w7_ponly_share|w7_cat_gmv_share,1786554399122713800,no,no
data/processed/feat_20250803_L180.parquet,feat_20250803_L180.parquet,.parquet,dataset,source_or_derived_dataset,96437913,fe572c4f0c0eec86b1c7148404bc247af3321cec64a8b52257f9a16c32465bab,unknown,rows=230394;row_groups=2;columns=user_id|w7_days_present|w7_days_search|w7_days_cat|w7_days_buy|w7_days_cart|w7_days_presence_only|w7_searches|w7_carts|w7_orders|w7_gmv|w7_gmv_cat|w7_gmv_max|w7_lgmv_mean|w7_lgmv_std|w14_days_present|w14_days_search|w14_days_cat|w14_days_buy|w14_days_cart|w14_days_presence_only|w14_searches|w14_carts|w14_orders|w14_gmv|w14_gmv_cat|w14_gmv_max|w14_lgmv_mean|w14_lgmv_std|w30_days_present|w30_days_search|w30_days_cat|w30_days_buy|w30_days_cart|w30_days_presence_only|w30_searches|w30_carts|w30_orders|w30_gmv|w30_gmv_cat|w30_gmv_max|w30_lgmv_mean|w30_lgmv_std|w60_days_present|w60_days_search|w60_days_cat|w60_days_buy|w60_days_cart|w60_days_presence_only|w60_searches|w60_carts|w60_orders|w60_gmv|w60_gmv_cat|w60_gmv_max|w60_lgmv_mean|w60_lgmv_std|w90_days_present|w90_days_search|w90_days_cat|w90_days_buy|w90_days_cart|w90_days_presence_only|w90_searches|w90_carts|w90_orders|w90_gmv|w90_gmv_cat|w90_gmv_max|w90_lgmv_mean|w90_lgmv_std|w180_days_present|w180_days_search|w180_days_cat|w180_days_buy|w180_days_cart|w180_days_presence_only|w180_searches|w180_carts|w180_orders|w180_gmv|w180_gmv_cat|w180_gmv_max|w180_lgmv_mean|w180_lgmv_std|rec_any|rec_search|rec_cart|rec_buy|rec_cat|gap_mean|gap_std|gap_max|buygap_mean|buygap_std|weekend_share|w7_aov|w7_gmv_per_day|w7_cart2ord|w7_srch2cart|w7_buyday_rate|w7_presence_rate|w7_ponly_share|w7_cat_gmv_share|w7_srch_per_day|w7_lgmv|w7_gmv30eq|w14_aov|w14_gmv_per_day|w14_cart2ord|w14_srch2cart|w14_buyday_rate|w14_presence_rate|w14_ponly_share|w14_cat_gmv_share|w14_srch_per_day|w14_lgmv|w14_gmv30eq|w30_aov|w30_gmv_per_day,1787306736580430200,no,no
data/processed/feat_20250805_L180.parquet,feat_20250805_L180.parquet,.parquet,dataset,source_or_derived_dataset,96686199,dd4ab68ed135e7d3825ac4bcc626678ae16919445c194d1933b61c201d0ca03d,unknown,rows=230621;row_groups=2;columns=user_id|w7_days_present|w7_days_search|w7_days_cat|w7_days_buy|w7_days_cart|w7_days_presence_only|w7_searches|w7_carts|w7_orders|w7_gmv|w7_gmv_cat|w7_gmv_max|w7_lgmv_mean|w7_lgmv_std|w14_days_present|w14_days_search|w14_days_cat|w14_days_buy|w14_days_cart|w14_days_presence_only|w14_searches|w14_carts|w14_orders|w14_gmv|w14_gmv_cat|w14_gmv_max|w14_lgmv_mean|w14_lgmv_std|w30_days_present|w30_days_search|w30_days_cat|w30_days_buy|w30_days_cart|w30_days_presence_only|w30_searches|w30_carts|w30_orders|w30_gmv|w30_gmv_cat|w30_gmv_max|w30_lgmv_mean|w30_lgmv_std|w60_days_present|w60_days_search|w60_days_cat|w60_days_buy|w60_days_cart|w60_days_presence_only|w60_searches|w60_carts|w60_orders|w60_gmv|w60_gmv_cat|w60_gmv_max|w60_lgmv_mean|w60_lgmv_std|w90_days_present|w90_days_search|w90_days_cat|w90_days_buy|w90_days_cart|w90_days_presence_only|w90_searches|w90_carts|w90_orders|w90_gmv|w90_gmv_cat|w90_gmv_max|w90_lgmv_mean|w90_lgmv_std|w180_days_present|w180_days_search|w180_days_cat|w180_days_buy|w180_days_cart|w180_days_presence_only|w180_searches|w180_carts|w180_orders|w180_gmv|w180_gmv_cat|w180_gmv_max|w180_lgmv_mean|w180_lgmv_std|rec_any|rec_search|rec_cart|rec_buy|rec_cat|gap_mean|gap_std|gap_max|buygap_mean|buygap_std|weekend_share|w7_aov|w7_gmv_per_day|w7_cart2ord|w7_srch2cart|w7_buyday_rate|w7_presence_rate|w7_ponly_share|w7_cat_gmv_share|w7_srch_per_day|w7_lgmv|w7_gmv30eq|w14_aov|w14_gmv_per_day|w14_cart2ord|w14_srch2cart|w14_buyday_rate|w14_presence_rate|w14_ponly_share|w14_cat_gmv_share|w14_srch_per_day|w14_lgmv|w14_gmv30eq|w30_aov|w30_gmv_per_day,1787306739965468300,no,no
data/processed/feat_20250805_LnormNone.parquet,feat_20250805_LnormNone.parquet,.parquet,dataset,source_or_derived_dataset,122206863,5f740a409efe14693a93703dfb24ef5637a6c255b78963b4387ec5dbc50458e8,unknown,rows=231395;row_groups=2;columns=user_id|w7_days_present|w7_days_search|w7_days_cat|w7_days_buy|w7_days_cart|w7_days_presence_only|w7_searches|w7_carts|w7_orders|w7_gmv|w7_gmv_cat|w7_gmv_max|w7_lgmv_mean|w7_lgmv_std|w14_days_present|w14_days_search|w14_days_cat|w14_days_buy|w14_days_cart|w14_days_presence_only|w14_searches|w14_carts|w14_orders|w14_gmv|w14_gmv_cat|w14_gmv_max|w14_lgmv_mean|w14_lgmv_std|w30_days_present|w30_days_search|w30_days_cat|w30_days_buy|w30_days_cart|w30_days_presence_only|w30_searches|w30_carts|w30_orders|w30_gmv|w30_gmv_cat|w30_gmv_max|w30_lgmv_mean|w30_lgmv_std|w60_days_present|w60_days_search|w60_days_cat|w60_days_buy|w60_days_cart|w60_days_presence_only|w60_searches|w60_carts|w60_orders|w60_gmv|w60_gmv_cat|w60_gmv_max|w60_lgmv_mean|w60_lgmv_std|w90_days_present|w90_days_search|w90_days_cat|w90_days_buy|w90_days_cart|w90_days_presence_only|w90_searches|w90_carts|w90_orders|w90_gmv|w90_gmv_cat|w90_gmv_max|w90_lgmv_mean|w90_lgmv_std|w180_days_present|w180_days_search|w180_days_cat|w180_days_buy|w180_days_cart|w180_days_presence_only|w180_searches|w180_carts|w180_orders|w180_gmv|w180_gmv_cat|w180_gmv_max|w180_lgmv_mean|w180_lgmv_std|w365_days_present|w365_days_search|w365_days_cat|w365_days_buy|w365_days_cart|w365_days_presence_only|w365_searches|w365_carts|w365_orders|w365_gmv|w365_gmv_cat|w365_gmv_max|w365_lgmv_mean|w365_lgmv_std|rec_any|rec_search|rec_cart|rec_buy|rec_cat|gap_mean|gap_std|buygap_mean|buygap_std|weekend_share|tenure_frac|first_buy_frac|gap_max_frac|w7_aov|w7_gmv_per_day|w7_cart2ord|w7_srch2cart|w7_buyday_rate|w7_presence_rate|w7_ponly_share|w7_cat_gmv_share,1786554402329052100,no,no
data/processed/feat_20250807_L180.parquet,feat_20250807_L180.parquet,.parquet,dataset,source_or_derived_dataset,96973759,6412ba737e57520a21707201b0fbfe006cb41797081689b43ce915ded1e20b8e,unknown,rows=230815;row_groups=2;columns=user_id|w7_days_present|w7_days_search|w7_days_cat|w7_days_buy|w7_days_cart|w7_days_presence_only|w7_searches|w7_carts|w7_orders|w7_gmv|w7_gmv_cat|w7_gmv_max|w7_lgmv_mean|w7_lgmv_std|w14_days_present|w14_days_search|w14_days_cat|w14_days_buy|w14_days_cart|w14_days_presence_only|w14_searches|w14_carts|w14_orders|w14_gmv|w14_gmv_cat|w14_gmv_max|w14_lgmv_mean|w14_lgmv_std|w30_days_present|w30_days_search|w30_days_cat|w30_days_buy|w30_days_cart|w30_days_presence_only|w30_searches|w30_carts|w30_orders|w30_gmv|w30_gmv_cat|w30_gmv_max|w30_lgmv_mean|w30_lgmv_std|w60_days_present|w60_days_search|w60_days_cat|w60_days_buy|w60_days_cart|w60_days_presence_only|w60_searches|w60_carts|w60_orders|w60_gmv|w60_gmv_cat|w60_gmv_max|w60_lgmv_mean|w60_lgmv_std|w90_days_present|w90_days_search|w90_days_cat|w90_days_buy|w90_days_cart|w90_days_presence_only|w90_searches|w90_carts|w90_orders|w90_gmv|w90_gmv_cat|w90_gmv_max|w90_lgmv_mean|w90_lgmv_std|w180_days_present|w180_days_search|w180_days_cat|w180_days_buy|w180_days_cart|w180_days_presence_only|w180_searches|w180_carts|w180_orders|w180_gmv|w180_gmv_cat|w180_gmv_max|w180_lgmv_mean|w180_lgmv_std|rec_any|rec_search|rec_cart|rec_buy|rec_cat|gap_mean|gap_std|gap_max|buygap_mean|buygap_std|weekend_share|w7_aov|w7_gmv_per_day|w7_cart2ord|w7_srch2cart|w7_buyday_rate|w7_presence_rate|w7_ponly_share|w7_cat_gmv_share|w7_srch_per_day|w7_lgmv|w7_gmv30eq|w14_aov|w14_gmv_per_day|w14_cart2ord|w14_srch2cart|w14_buyday_rate|w14_presence_rate|w14_ponly_share|w14_cat_gmv_share|w14_srch_per_day|w14_lgmv|w14_gmv30eq|w30_aov|w30_gmv_per_day,1786384280681071200,no,no
data/processed/feat_20250807_L270.parquet,feat_20250807_L270.parquet,.parquet,dataset,source_or_derived_dataset,120157611,466f16415fc9ba57f70fb6e0329d3bff717d11dbaa6e68768d105e034015d696,unknown,rows=231629;row_groups=2;columns=user_id|w7_days_present|w7_days_search|w7_days_cat|w7_days_buy|w7_days_cart|w7_days_presence_only|w7_searches|w7_carts|w7_orders|w7_gmv|w7_gmv_cat|w7_gmv_max|w7_lgmv_mean|w7_lgmv_std|w14_days_present|w14_days_search|w14_days_cat|w14_days_buy|w14_days_cart|w14_days_presence_only|w14_searches|w14_carts|w14_orders|w14_gmv|w14_gmv_cat|w14_gmv_max|w14_lgmv_mean|w14_lgmv_std|w30_days_present|w30_days_search|w30_days_cat|w30_days_buy|w30_days_cart|w30_days_presence_only|w30_searches|w30_carts|w30_orders|w30_gmv|w30_gmv_cat|w30_gmv_max|w30_lgmv_mean|w30_lgmv_std|w60_days_present|w60_days_search|w60_days_cat|w60_days_buy|w60_days_cart|w60_days_presence_only|w60_searches|w60_carts|w60_orders|w60_gmv|w60_gmv_cat|w60_gmv_max|w60_lgmv_mean|w60_lgmv_std|w90_days_present|w90_days_search|w90_days_cat|w90_days_buy|w90_days_cart|w90_days_presence_only|w90_searches|w90_carts|w90_orders|w90_gmv|w90_gmv_cat|w90_gmv_max|w90_lgmv_mean|w90_lgmv_std|w180_days_present|w180_days_search|w180_days_cat|w180_days_buy|w180_days_cart|w180_days_presence_only|w180_searches|w180_carts|w180_orders|w180_gmv|w180_gmv_cat|w180_gmv_max|w180_lgmv_mean|w180_lgmv_std|w270_days_present|w270_days_search|w270_days_cat|w270_days_buy|w270_days_cart|w270_days_presence_only|w270_searches|w270_carts|w270_orders|w270_gmv|w270_gmv_cat|w270_gmv_max|w270_lgmv_mean|w270_lgmv_std|rec_any|rec_search|rec_cart|rec_buy|rec_cat|gap_mean|gap_std|gap_max|buygap_mean|buygap_std|weekend_share|w7_aov|w7_gmv_per_day|w7_cart2ord|w7_srch2cart|w7_buyday_rate|w7_presence_rate|w7_ponly_share|w7_cat_gmv_share|w7_srch_per_day|w7_lgmv,1786384530405858700,no,no
data/processed/feat_20250807_L90.parquet,feat_20250807_L90.parquet,.parquet,dataset,source_or_derived_dataset,72872819,386f7277e33cf1aed022c166e637310f588bfcc5e3de732b341571ff6a140e25,unknown,rows=226477;row_groups=2;columns=user_id|w7_days_present|w7_days_search|w7_days_cat|w7_days_buy|w7_days_cart|w7_days_presence_only|w7_searches|w7_carts|w7_orders|w7_gmv|w7_gmv_cat|w7_gmv_max|w7_lgmv_mean|w7_lgmv_std|w14_days_present|w14_days_search|w14_days_cat|w14_days_buy|w14_days_cart|w14_days_presence_only|w14_searches|w14_carts|w14_orders|w14_gmv|w14_gmv_cat|w14_gmv_max|w14_lgmv_mean|w14_lgmv_std|w30_days_present|w30_days_search|w30_days_cat|w30_days_buy|w30_days_cart|w30_days_presence_only|w30_searches|w30_carts|w30_orders|w30_gmv|w30_gmv_cat|w30_gmv_max|w30_lgmv_mean|w30_lgmv_std|w60_days_present|w60_days_search|w60_days_cat|w60_days_buy|w60_days_cart|w60_days_presence_only|w60_searches|w60_carts|w60_orders|w60_gmv|w60_gmv_cat|w60_gmv_max|w60_lgmv_mean|w60_lgmv_std|w90_days_present|w90_days_search|w90_days_cat|w90_days_buy|w90_days_cart|w90_days_presence_only|w90_searches|w90_carts|w90_orders|w90_gmv|w90_gmv_cat|w90_gmv_max|w90_lgmv_mean|w90_lgmv_std|rec_any|rec_search|rec_cart|rec_buy|rec_cat|gap_mean|gap_std|gap_max|buygap_mean|buygap_std|weekend_share|w7_aov|w7_gmv_per_day|w7_cart2ord|w7_srch2cart|w7_buyday_rate|w7_presence_rate|w7_ponly_share|w7_cat_gmv_share|w7_srch_per_day|w7_lgmv|w7_gmv30eq|w14_aov|w14_gmv_per_day|w14_cart2ord|w14_srch2cart|w14_buyday_rate|w14_presence_rate|w14_ponly_share|w14_cat_gmv_share|w14_srch_per_day|w14_lgmv|w14_gmv30eq|w30_aov|w30_gmv_per_day|w30_cart2ord|w30_srch2cart|w30_buyday_rate|w30_presence_rate|w30_ponly_share|w30_cat_gmv_share|w30_srch_per_day|w30_lgmv|w30_gmv30eq|w60_aov|w60_gmv_per_day|w60_cart2ord|w60_srch2cart|w60_buyday_rate,1786384350774646100,no,no
data/processed/feat_20250807_LNone.parquet,feat_20250807_LNone.parquet,.parquet,dataset,source_or_derived_dataset,127643908,6e2ed5f3a9afd17a666c428acf68c9e868bf60598e25305d9bfdf6f0a5e72488,unknown,rows=231629;row_groups=2;columns=user_id|w7_days_present|w7_days_search|w7_days_cat|w7_days_buy|w7_days_cart|w7_days_presence_only|w7_searches|w7_carts|w7_orders|w7_gmv|w7_gmv_cat|w7_gmv_max|w7_lgmv_mean|w7_lgmv_std|w14_days_present|w14_days_search|w14_days_cat|w14_days_buy|w14_days_cart|w14_days_presence_only|w14_searches|w14_carts|w14_orders|w14_gmv|w14_gmv_cat|w14_gmv_max|w14_lgmv_mean|w14_lgmv_std|w30_days_present|w30_days_search|w30_days_cat|w30_days_buy|w30_days_cart|w30_days_presence_only|w30_searches|w30_carts|w30_orders|w30_gmv|w30_gmv_cat|w30_gmv_max|w30_lgmv_mean|w30_lgmv_std|w60_days_present|w60_days_search|w60_days_cat|w60_days_buy|w60_days_cart|w60_days_presence_only|w60_searches|w60_carts|w60_orders|w60_gmv|w60_gmv_cat|w60_gmv_max|w60_lgmv_mean|w60_lgmv_std|w90_days_present|w90_days_search|w90_days_cat|w90_days_buy|w90_days_cart|w90_days_presence_only|w90_searches|w90_carts|w90_orders|w90_gmv|w90_gmv_cat|w90_gmv_max|w90_lgmv_mean|w90_lgmv_std|w180_days_present|w180_days_search|w180_days_cat|w180_days_buy|w180_days_cart|w180_days_presence_only|w180_searches|w180_carts|w180_orders|w180_gmv|w180_gmv_cat|w180_gmv_max|w180_lgmv_mean|w180_lgmv_std|w365_days_present|w365_days_search|w365_days_cat|w365_days_buy|w365_days_cart|w365_days_presence_only|w365_searches|w365_carts|w365_orders|w365_gmv|w365_gmv_cat|w365_gmv_max|w365_lgmv_mean|w365_lgmv_std|rec_any|rec_search|rec_cart|rec_buy|rec_cat|tenure|first_buy_age|all_days_present|all_days_buy|all_gmv|all_orders|all_searches|gap_mean|gap_std|gap_max|buygap_mean|buygap_std|weekend_share|w7_aov|w7_gmv_per_day|w7_cart2ord,1786384427874831700,no,no
data/processed/feat_20250807_LnormNone.parquet,feat_20250807_LnormNone.parquet,.parquet,dataset,source_or_derived_dataset,123073963,2ed0da9a3e0a6acd7d7f9eb11d76f55ec8e9d17b1f39e1c0fe23d21b02f960c6,unknown,rows=231629;row_groups=2;columns=user_id|w7_days_present|w7_days_search|w7_days_cat|w7_days_buy|w7_days_cart|w7_days_presence_only|w7_searches|w7_carts|w7_orders|w7_gmv|w7_gmv_cat|w7_gmv_max|w7_lgmv_mean|w7_lgmv_std|w14_days_present|w14_days_search|w14_days_cat|w14_days_buy|w14_days_cart|w14_days_presence_only|w14_searches|w14_carts|w14_orders|w14_gmv|w14_gmv_cat|w14_gmv_max|w14_lgmv_mean|w14_lgmv_std|w30_days_present|w30_days_search|w30_days_cat|w30_days_buy|w30_days_cart|w30_days_presence_only|w30_searches|w30_carts|w30_orders|w30_gmv|w30_gmv_cat|w30_gmv_max|w30_lgmv_mean|w30_lgmv_std|w60_days_present|w60_days_search|w60_days_cat|w60_days_buy|w60_days_cart|w60_days_presence_only|w60_searches|w60_carts|w60_orders|w60_gmv|w60_gmv_cat|w60_gmv_max|w60_lgmv_mean|w60_lgmv_std|w90_days_present|w90_days_search|w90_days_cat|w90_days_buy|w90_days_cart|w90_days_presence_only|w90_searches|w90_carts|w90_orders|w90_gmv|w90_gmv_cat|w90_gmv_max|w90_lgmv_mean|w90_lgmv_std|w180_days_present|w180_days_search|w180_days_cat|w180_days_buy|w180_days_cart|w180_days_presence_only|w180_searches|w180_carts|w180_orders|w180_gmv|w180_gmv_cat|w180_gmv_max|w180_lgmv_mean|w180_lgmv_std|w365_days_present|w365_days_search|w365_days_cat|w365_days_buy|w365_days_cart|w365_days_presence_only|w365_searches|w365_carts|w365_orders|w365_gmv|w365_gmv_cat|w365_gmv_max|w365_lgmv_mean|w365_lgmv_std|rec_any|rec_search|rec_cart|rec_buy|rec_cat|gap_mean|gap_std|buygap_mean|buygap_std|weekend_share|tenure_frac|first_buy_frac|gap_max_frac|w7_aov|w7_gmv_per_day|w7_cart2ord|w7_srch2cart|w7_buyday_rate|w7_presence_rate|w7_ponly_share|w7_cat_gmv_share,1786387868858194900,no,no
data/processed/feat_20250808_LnormNone.parquet,feat_20250808_LnormNone.parquet,.parquet,dataset,source_or_derived_dataset,123201753,9b257b4d9c0c0fe17d5f9213d33d191df7e7341e977582a6ad61290a8967d57b,unknown,rows=231762;row_groups=2;columns=user_id|w7_days_present|w7_days_search|w7_days_cat|w7_days_buy|w7_days_cart|w7_days_presence_only|w7_searches|w7_carts|w7_orders|w7_gmv|w7_gmv_cat|w7_gmv_max|w7_lgmv_mean|w7_lgmv_std|w14_days_present|w14_days_search|w14_days_cat|w14_days_buy|w14_days_cart|w14_days_presence_only|w14_searches|w14_carts|w14_orders|w14_gmv|w14_gmv_cat|w14_gmv_max|w14_lgmv_mean|w14_lgmv_std|w30_days_present|w30_days_search|w30_days_cat|w30_days_buy|w30_days_cart|w30_days_presence_only|w30_searches|w30_carts|w30_orders|w30_gmv|w30_gmv_cat|w30_gmv_max|w30_lgmv_mean|w30_lgmv_std|w60_days_present|w60_days_search|w60_days_cat|w60_days_buy|w60_days_cart|w60_days_presence_only|w60_searches|w60_carts|w60_orders|w60_gmv|w60_gmv_cat|w60_gmv_max|w60_lgmv_mean|w60_lgmv_std|w90_days_present|w90_days_search|w90_days_cat|w90_days_buy|w90_days_cart|w90_days_presence_only|w90_searches|w90_carts|w90_orders|w90_gmv|w90_gmv_cat|w90_gmv_max|w90_lgmv_mean|w90_lgmv_std|w180_days_present|w180_days_search|w180_days_cat|w180_days_buy|w180_days_cart|w180_days_presence_only|w180_searches|w180_carts|w180_orders|w180_gmv|w180_gmv_cat|w180_gmv_max|w180_lgmv_mean|w180_lgmv_std|w365_days_present|w365_days_search|w365_days_cat|w365_days_buy|w365_days_cart|w365_days_presence_only|w365_searches|w365_carts|w365_orders|w365_gmv|w365_gmv_cat|w365_gmv_max|w365_lgmv_mean|w365_lgmv_std|rec_any|rec_search|rec_cart|rec_buy|rec_cat|gap_mean|gap_std|buygap_mean|buygap_std|weekend_share|tenure_frac|first_buy_frac|gap_max_frac|w7_aov|w7_gmv_per_day|w7_cart2ord|w7_srch2cart|w7_buyday_rate|w7_presence_rate|w7_ponly_share|w7_cat_gmv_share,1786554405417449200,no,no
data/processed/feat_20250811_LnormNone.parquet,feat_20250811_LnormNone.parquet,.parquet,dataset,source_or_derived_dataset,123354572,44f250ab5dd50491915486a40286a1ac94871b61483de497ad654be913d2d420,unknown,rows=232145;row_groups=2;columns=user_id|w7_days_present|w7_days_search|w7_days_cat|w7_days_buy|w7_days_cart|w7_days_presence_only|w7_searches|w7_carts|w7_orders|w7_gmv|w7_gmv_cat|w7_gmv_max|w7_lgmv_mean|w7_lgmv_std|w14_days_present|w14_days_search|w14_days_cat|w14_days_buy|w14_days_cart|w14_days_presence_only|w14_searches|w14_carts|w14_orders|w14_gmv|w14_gmv_cat|w14_gmv_max|w14_lgmv_mean|w14_lgmv_std|w30_days_present|w30_days_search|w30_days_cat|w30_days_buy|w30_days_cart|w30_days_presence_only|w30_searches|w30_carts|w30_orders|w30_gmv|w30_gmv_cat|w30_gmv_max|w30_lgmv_mean|w30_lgmv_std|w60_days_present|w60_days_search|w60_days_cat|w60_days_buy|w60_days_cart|w60_days_presence_only|w60_searches|w60_carts|w60_orders|w60_gmv|w60_gmv_cat|w60_gmv_max|w60_lgmv_mean|w60_lgmv_std|w90_days_present|w90_days_search|w90_days_cat|w90_days_buy|w90_days_cart|w90_days_presence_only|w90_searches|w90_carts|w90_orders|w90_gmv|w90_gmv_cat|w90_gmv_max|w90_lgmv_mean|w90_lgmv_std|w180_days_present|w180_days_search|w180_days_cat|w180_days_buy|w180_days_cart|w180_days_presence_only|w180_searches|w180_carts|w180_orders|w180_gmv|w180_gmv_cat|w180_gmv_max|w180_lgmv_mean|w180_lgmv_std|w365_days_present|w365_days_search|w365_days_cat|w365_days_buy|w365_days_cart|w365_days_presence_only|w365_searches|w365_carts|w365_orders|w365_gmv|w365_gmv_cat|w365_gmv_max|w365_lgmv_mean|w365_lgmv_std|rec_any|rec_search|rec_cart|rec_buy|rec_cat|gap_mean|gap_std|buygap_mean|buygap_std|weekend_share|tenure_frac|first_buy_frac|gap_max_frac|w7_aov|w7_gmv_per_day|w7_cart2ord|w7_srch2cart|w7_buyday_rate|w7_presence_rate|w7_ponly_share|w7_cat_gmv_share,1786554408569589300,no,no
data/processed/feat_20250814_L180.parquet,feat_20250814_L180.parquet,.parquet,dataset,source_or_derived_dataset,98039889,887f0ed6d5bbbc9a31a9241c1d0c9cbf7f0e10534211eb6081ea1cf4f600a9d3,unknown,rows=231663;row_groups=2;columns=user_id|w7_days_present|w7_days_search|w7_days_cat|w7_days_buy|w7_days_cart|w7_days_presence_only|w7_searches|w7_carts|w7_orders|w7_gmv|w7_gmv_cat|w7_gmv_max|w7_lgmv_mean|w7_lgmv_std|w14_days_present|w14_days_search|w14_days_cat|w14_days_buy|w14_days_cart|w14_days_presence_only|w14_searches|w14_carts|w14_orders|w14_gmv|w14_gmv_cat|w14_gmv_max|w14_lgmv_mean|w14_lgmv_std|w30_days_present|w30_days_search|w30_days_cat|w30_days_buy|w30_days_cart|w30_days_presence_only|w30_searches|w30_carts|w30_orders|w30_gmv|w30_gmv_cat|w30_gmv_max|w30_lgmv_mean|w30_lgmv_std|w60_days_present|w60_days_search|w60_days_cat|w60_days_buy|w60_days_cart|w60_days_presence_only|w60_searches|w60_carts|w60_orders|w60_gmv|w60_gmv_cat|w60_gmv_max|w60_lgmv_mean|w60_lgmv_std|w90_days_present|w90_days_search|w90_days_cat|w90_days_buy|w90_days_cart|w90_days_presence_only|w90_searches|w90_carts|w90_orders|w90_gmv|w90_gmv_cat|w90_gmv_max|w90_lgmv_mean|w90_lgmv_std|w180_days_present|w180_days_search|w180_days_cat|w180_days_buy|w180_days_cart|w180_days_presence_only|w180_searches|w180_carts|w180_orders|w180_gmv|w180_gmv_cat|w180_gmv_max|w180_lgmv_mean|w180_lgmv_std|rec_any|rec_search|rec_cart|rec_buy|rec_cat|gap_mean|gap_std|gap_max|buygap_mean|buygap_std|weekend_share|w7_aov|w7_gmv_per_day|w7_cart2ord|w7_srch2cart|w7_buyday_rate|w7_presence_rate|w7_ponly_share|w7_cat_gmv_share|w7_srch_per_day|w7_lgmv|w7_gmv30eq|w14_aov|w14_gmv_per_day|w14_cart2ord|w14_srch2cart|w14_buyday_rate|w14_presence_rate|w14_ponly_share|w14_cat_gmv_share|w14_srch_per_day|w14_lgmv|w14_gmv30eq|w30_aov|w30_gmv_per_day,1786384283734286400,no,no
data/processed/feat_20250814_L270.parquet,feat_20250814_L270.parquet,.parquet,dataset,source_or_derived_dataset,121616841,30625175a77284353eb04fa4c6f8c66f0594804188b3c22f8d7f5ff5f2a676f3,unknown,rows=232583;row_groups=2;columns=user_id|w7_days_present|w7_days_search|w7_days_cat|w7_days_buy|w7_days_cart|w7_days_presence_only|w7_searches|w7_carts|w7_orders|w7_gmv|w7_gmv_cat|w7_gmv_max|w7_lgmv_mean|w7_lgmv_std|w14_days_present|w14_days_search|w14_days_cat|w14_days_buy|w14_days_cart|w14_days_presence_only|w14_searches|w14_carts|w14_orders|w14_gmv|w14_gmv_cat|w14_gmv_max|w14_lgmv_mean|w14_lgmv_std|w30_days_present|w30_days_search|w30_days_cat|w30_days_buy|w30_days_cart|w30_days_presence_only|w30_searches|w30_carts|w30_orders|w30_gmv|w30_gmv_cat|w30_gmv_max|w30_lgmv_mean|w30_lgmv_std|w60_days_present|w60_days_search|w60_days_cat|w60_days_buy|w60_days_cart|w60_days_presence_only|w60_searches|w60_carts|w60_orders|w60_gmv|w60_gmv_cat|w60_gmv_max|w60_lgmv_mean|w60_lgmv_std|w90_days_present|w90_days_search|w90_days_cat|w90_days_buy|w90_days_cart|w90_days_presence_only|w90_searches|w90_carts|w90_orders|w90_gmv|w90_gmv_cat|w90_gmv_max|w90_lgmv_mean|w90_lgmv_std|w180_days_present|w180_days_search|w180_days_cat|w180_days_buy|w180_days_cart|w180_days_presence_only|w180_searches|w180_carts|w180_orders|w180_gmv|w180_gmv_cat|w180_gmv_max|w180_lgmv_mean|w180_lgmv_std|w270_days_present|w270_days_search|w270_days_cat|w270_days_buy|w270_days_cart|w270_days_presence_only|w270_searches|w270_carts|w270_orders|w270_gmv|w270_gmv_cat|w270_gmv_max|w270_lgmv_mean|w270_lgmv_std|rec_any|rec_search|rec_cart|rec_buy|rec_cat|gap_mean|gap_std|gap_max|buygap_mean|buygap_std|weekend_share|w7_aov|w7_gmv_per_day|w7_cart2ord|w7_srch2cart|w7_buyday_rate|w7_presence_rate|w7_ponly_share|w7_cat_gmv_share|w7_srch_per_day|w7_lgmv,1786384533953118300,no,no
data/processed/feat_20250814_L90.parquet,feat_20250814_L90.parquet,.parquet,dataset,source_or_derived_dataset,73856852,40ebb65ae9c038bc4458c71c02d2db67c02fb90c8fe10a821a772a54b38e22a3,unknown,rows=227436;row_groups=2;columns=user_id|w7_days_present|w7_days_search|w7_days_cat|w7_days_buy|w7_days_cart|w7_days_presence_only|w7_searches|w7_carts|w7_orders|w7_gmv|w7_gmv_cat|w7_gmv_max|w7_lgmv_mean|w7_lgmv_std|w14_days_present|w14_days_search|w14_days_cat|w14_days_buy|w14_days_cart|w14_days_presence_only|w14_searches|w14_carts|w14_orders|w14_gmv|w14_gmv_cat|w14_gmv_max|w14_lgmv_mean|w14_lgmv_std|w30_days_present|w30_days_search|w30_days_cat|w30_days_buy|w30_days_cart|w30_days_presence_only|w30_searches|w30_carts|w30_orders|w30_gmv|w30_gmv_cat|w30_gmv_max|w30_lgmv_mean|w30_lgmv_std|w60_days_present|w60_days_search|w60_days_cat|w60_days_buy|w60_days_cart|w60_days_presence_only|w60_searches|w60_carts|w60_orders|w60_gmv|w60_gmv_cat|w60_gmv_max|w60_lgmv_mean|w60_lgmv_std|w90_days_present|w90_days_search|w90_days_cat|w90_days_buy|w90_days_cart|w90_days_presence_only|w90_searches|w90_carts|w90_orders|w90_gmv|w90_gmv_cat|w90_gmv_max|w90_lgmv_mean|w90_lgmv_std|rec_any|rec_search|rec_cart|rec_buy|rec_cat|gap_mean|gap_std|gap_max|buygap_mean|buygap_std|weekend_share|w7_aov|w7_gmv_per_day|w7_cart2ord|w7_srch2cart|w7_buyday_rate|w7_presence_rate|w7_ponly_share|w7_cat_gmv_share|w7_srch_per_day|w7_lgmv|w7_gmv30eq|w14_aov|w14_gmv_per_day|w14_cart2ord|w14_srch2cart|w14_buyday_rate|w14_presence_rate|w14_ponly_share|w14_cat_gmv_share|w14_srch_per_day|w14_lgmv|w14_gmv30eq|w30_aov|w30_gmv_per_day|w30_cart2ord|w30_srch2cart|w30_buyday_rate|w30_presence_rate|w30_ponly_share|w30_cat_gmv_share|w30_srch_per_day|w30_lgmv|w30_gmv30eq|w60_aov|w60_gmv_per_day|w60_cart2ord|w60_srch2cart|w60_buyday_rate,1786384352604526700,no,no
data/processed/feat_20250814_LNone.parquet,feat_20250814_LNone.parquet,.parquet,dataset,source_or_derived_dataset,129181643,22020b1178ea969d466873c4cc74ec58b93a8b9d81659b50770166ecc0c6dbdd,unknown,rows=232583;row_groups=2;columns=user_id|w7_days_present|w7_days_search|w7_days_cat|w7_days_buy|w7_days_cart|w7_days_presence_only|w7_searches|w7_carts|w7_orders|w7_gmv|w7_gmv_cat|w7_gmv_max|w7_lgmv_mean|w7_lgmv_std|w14_days_present|w14_days_search|w14_days_cat|w14_days_buy|w14_days_cart|w14_days_presence_only|w14_searches|w14_carts|w14_orders|w14_gmv|w14_gmv_cat|w14_gmv_max|w14_lgmv_mean|w14_lgmv_std|w30_days_present|w30_days_search|w30_days_cat|w30_days_buy|w30_days_cart|w30_days_presence_only|w30_searches|w30_carts|w30_orders|w30_gmv|w30_gmv_cat|w30_gmv_max|w30_lgmv_mean|w30_lgmv_std|w60_days_present|w60_days_search|w60_days_cat|w60_days_buy|w60_days_cart|w60_days_presence_only|w60_searches|w60_carts|w60_orders|w60_gmv|w60_gmv_cat|w60_gmv_max|w60_lgmv_mean|w60_lgmv_std|w90_days_present|w90_days_search|w90_days_cat|w90_days_buy|w90_days_cart|w90_days_presence_only|w90_searches|w90_carts|w90_orders|w90_gmv|w90_gmv_cat|w90_gmv_max|w90_lgmv_mean|w90_lgmv_std|w180_days_present|w180_days_search|w180_days_cat|w180_days_buy|w180_days_cart|w180_days_presence_only|w180_searches|w180_carts|w180_orders|w180_gmv|w180_gmv_cat|w180_gmv_max|w180_lgmv_mean|w180_lgmv_std|w365_days_present|w365_days_search|w365_days_cat|w365_days_buy|w365_days_cart|w365_days_presence_only|w365_searches|w365_carts|w365_orders|w365_gmv|w365_gmv_cat|w365_gmv_max|w365_lgmv_mean|w365_lgmv_std|rec_any|rec_search|rec_cart|rec_buy|rec_cat|tenure|first_buy_age|all_days_present|all_days_buy|all_gmv|all_orders|all_searches|gap_mean|gap_std|gap_max|buygap_mean|buygap_std|weekend_share|w7_aov|w7_gmv_per_day|w7_cart2ord,1786384431612800900,no,no
data/processed/feat_20250814_LnormNone.parquet,feat_20250814_LnormNone.parquet,.parquet,dataset,source_or_derived_dataset,124074862,af6766c4f872d1a5c126b5b2de3e97ca14316a8a1da3acb753166e3b7b135b08,unknown,rows=232583;row_groups=2;columns=user_id|w7_days_present|w7_days_search|w7_days_cat|w7_days_buy|w7_days_cart|w7_days_presence_only|w7_searches|w7_carts|w7_orders|w7_gmv|w7_gmv_cat|w7_gmv_max|w7_lgmv_mean|w7_lgmv_std|w14_days_present|w14_days_search|w14_days_cat|w14_days_buy|w14_days_cart|w14_days_presence_only|w14_searches|w14_carts|w14_orders|w14_gmv|w14_gmv_cat|w14_gmv_max|w14_lgmv_mean|w14_lgmv_std|w30_days_present|w30_days_search|w30_days_cat|w30_days_buy|w30_days_cart|w30_days_presence_only|w30_searches|w30_carts|w30_orders|w30_gmv|w30_gmv_cat|w30_gmv_max|w30_lgmv_mean|w30_lgmv_std|w60_days_present|w60_days_search|w60_days_cat|w60_days_buy|w60_days_cart|w60_days_presence_only|w60_searches|w60_carts|w60_orders|w60_gmv|w60_gmv_cat|w60_gmv_max|w60_lgmv_mean|w60_lgmv_std|w90_days_present|w90_days_search|w90_days_cat|w90_days_buy|w90_days_cart|w90_days_presence_only|w90_searches|w90_carts|w90_orders|w90_gmv|w90_gmv_cat|w90_gmv_max|w90_lgmv_mean|w90_lgmv_std|w180_days_present|w180_days_search|w180_days_cat|w180_days_buy|w180_days_cart|w180_days_presence_only|w180_searches|w180_carts|w180_orders|w180_gmv|w180_gmv_cat|w180_gmv_max|w180_lgmv_mean|w180_lgmv_std|w365_days_present|w365_days_search|w365_days_cat|w365_days_buy|w365_days_cart|w365_days_presence_only|w365_searches|w365_carts|w365_orders|w365_gmv|w365_gmv_cat|w365_gmv_max|w365_lgmv_mean|w365_lgmv_std|rec_any|rec_search|rec_cart|rec_buy|rec_cat|gap_mean|gap_std|buygap_mean|buygap_std|weekend_share|tenure_frac|first_buy_frac|gap_max_frac|w7_aov|w7_gmv_per_day|w7_cart2ord|w7_srch2cart|w7_buyday_rate|w7_presence_rate|w7_ponly_share|w7_cat_gmv_share,1786387873229550100,no,no
data/processed/feat_20250817_L180.parquet,feat_20250817_L180.parquet,.parquet,dataset,source_or_derived_dataset,98547518,2ebd717f49cef5c4562042c51b1a3fd3670f65473854a4a04ca786e4d0067dc6,unknown,rows=232001;row_groups=2;columns=user_id|w7_days_present|w7_days_search|w7_days_cat|w7_days_buy|w7_days_cart|w7_days_presence_only|w7_searches|w7_carts|w7_orders|w7_gmv|w7_gmv_cat|w7_gmv_max|w7_lgmv_mean|w7_lgmv_std|w14_days_present|w14_days_search|w14_days_cat|w14_days_buy|w14_days_cart|w14_days_presence_only|w14_searches|w14_carts|w14_orders|w14_gmv|w14_gmv_cat|w14_gmv_max|w14_lgmv_mean|w14_lgmv_std|w30_days_present|w30_days_search|w30_days_cat|w30_days_buy|w30_days_cart|w30_days_presence_only|w30_searches|w30_carts|w30_orders|w30_gmv|w30_gmv_cat|w30_gmv_max|w30_lgmv_mean|w30_lgmv_std|w60_days_present|w60_days_search|w60_days_cat|w60_days_buy|w60_days_cart|w60_days_presence_only|w60_searches|w60_carts|w60_orders|w60_gmv|w60_gmv_cat|w60_gmv_max|w60_lgmv_mean|w60_lgmv_std|w90_days_present|w90_days_search|w90_days_cat|w90_days_buy|w90_days_cart|w90_days_presence_only|w90_searches|w90_carts|w90_orders|w90_gmv|w90_gmv_cat|w90_gmv_max|w90_lgmv_mean|w90_lgmv_std|w180_days_present|w180_days_search|w180_days_cat|w180_days_buy|w180_days_cart|w180_days_presence_only|w180_searches|w180_carts|w180_orders|w180_gmv|w180_gmv_cat|w180_gmv_max|w180_lgmv_mean|w180_lgmv_std|rec_any|rec_search|rec_cart|rec_buy|rec_cat|gap_mean|gap_std|gap_max|buygap_mean|buygap_std|weekend_share|w7_aov|w7_gmv_per_day|w7_cart2ord|w7_srch2cart|w7_buyday_rate|w7_presence_rate|w7_ponly_share|w7_cat_gmv_share|w7_srch_per_day|w7_lgmv|w7_gmv30eq|w14_aov|w14_gmv_per_day|w14_cart2ord|w14_srch2cart|w14_buyday_rate|w14_presence_rate|w14_ponly_share|w14_cat_gmv_share|w14_srch_per_day|w14_lgmv|w14_gmv30eq|w30_aov|w30_gmv_per_day,1787306745490520200,no,no
data/processed/feat_20250817_LnormNone.parquet,feat_20250817_LnormNone.parquet,.parquet,dataset,source_or_derived_dataset,124793187,64365b3153263f6f7eade6db217a1a8de79506e64e02979beaa8b1bfead13e6b,unknown,rows=232977;row_groups=2;columns=user_id|w7_days_present|w7_days_search|w7_days_cat|w7_days_buy|w7_days_cart|w7_days_presence_only|w7_searches|w7_carts|w7_orders|w7_gmv|w7_gmv_cat|w7_gmv_max|w7_lgmv_mean|w7_lgmv_std|w14_days_present|w14_days_search|w14_days_cat|w14_days_buy|w14_days_cart|w14_days_presence_only|w14_searches|w14_carts|w14_orders|w14_gmv|w14_gmv_cat|w14_gmv_max|w14_lgmv_mean|w14_lgmv_std|w30_days_present|w30_days_search|w30_days_cat|w30_days_buy|w30_days_cart|w30_days_presence_only|w30_searches|w30_carts|w30_orders|w30_gmv|w30_gmv_cat|w30_gmv_max|w30_lgmv_mean|w30_lgmv_std|w60_days_present|w60_days_search|w60_days_cat|w60_days_buy|w60_days_cart|w60_days_presence_only|w60_searches|w60_carts|w60_orders|w60_gmv|w60_gmv_cat|w60_gmv_max|w60_lgmv_mean|w60_lgmv_std|w90_days_present|w90_days_search|w90_days_cat|w90_days_buy|w90_days_cart|w90_days_presence_only|w90_searches|w90_carts|w90_orders|w90_gmv|w90_gmv_cat|w90_gmv_max|w90_lgmv_mean|w90_lgmv_std|w180_days_present|w180_days_search|w180_days_cat|w180_days_buy|w180_days_cart|w180_days_presence_only|w180_searches|w180_carts|w180_orders|w180_gmv|w180_gmv_cat|w180_gmv_max|w180_lgmv_mean|w180_lgmv_std|w365_days_present|w365_days_search|w365_days_cat|w365_days_buy|w365_days_cart|w365_days_presence_only|w365_searches|w365_carts|w365_orders|w365_gmv|w365_gmv_cat|w365_gmv_max|w365_lgmv_mean|w365_lgmv_std|rec_any|rec_search|rec_cart|rec_buy|rec_cat|gap_mean|gap_std|buygap_mean|buygap_std|weekend_share|tenure_frac|first_buy_frac|gap_max_frac|w7_aov|w7_gmv_per_day|w7_cart2ord|w7_srch2cart|w7_buyday_rate|w7_presence_rate|w7_ponly_share|w7_cat_gmv_share,1786554412471064700,no,no
data/processed/feat_20250819_L180.parquet,feat_20250819_L180.parquet,.parquet,dataset,source_or_derived_dataset,98873545,bc0aaa6e1de7d70e141ca61c59a287a75e53c11014d84b65f848a30b4b8d449e,unknown,rows=232265;row_groups=2;columns=user_id|w7_days_present|w7_days_search|w7_days_cat|w7_days_buy|w7_days_cart|w7_days_presence_only|w7_searches|w7_carts|w7_orders|w7_gmv|w7_gmv_cat|w7_gmv_max|w7_lgmv_mean|w7_lgmv_std|w14_days_present|w14_days_search|w14_days_cat|w14_days_buy|w14_days_cart|w14_days_presence_only|w14_searches|w14_carts|w14_orders|w14_gmv|w14_gmv_cat|w14_gmv_max|w14_lgmv_mean|w14_lgmv_std|w30_days_present|w30_days_search|w30_days_cat|w30_days_buy|w30_days_cart|w30_days_presence_only|w30_searches|w30_carts|w30_orders|w30_gmv|w30_gmv_cat|w30_gmv_max|w30_lgmv_mean|w30_lgmv_std|w60_days_present|w60_days_search|w60_days_cat|w60_days_buy|w60_days_cart|w60_days_presence_only|w60_searches|w60_carts|w60_orders|w60_gmv|w60_gmv_cat|w60_gmv_max|w60_lgmv_mean|w60_lgmv_std|w90_days_present|w90_days_search|w90_days_cat|w90_days_buy|w90_days_cart|w90_days_presence_only|w90_searches|w90_carts|w90_orders|w90_gmv|w90_gmv_cat|w90_gmv_max|w90_lgmv_mean|w90_lgmv_std|w180_days_present|w180_days_search|w180_days_cat|w180_days_buy|w180_days_cart|w180_days_presence_only|w180_searches|w180_carts|w180_orders|w180_gmv|w180_gmv_cat|w180_gmv_max|w180_lgmv_mean|w180_lgmv_std|rec_any|rec_search|rec_cart|rec_buy|rec_cat|gap_mean|gap_std|gap_max|buygap_mean|buygap_std|weekend_share|w7_aov|w7_gmv_per_day|w7_cart2ord|w7_srch2cart|w7_buyday_rate|w7_presence_rate|w7_ponly_share|w7_cat_gmv_share|w7_srch_per_day|w7_lgmv|w7_gmv30eq|w14_aov|w14_gmv_per_day|w14_cart2ord|w14_srch2cart|w14_buyday_rate|w14_presence_rate|w14_ponly_share|w14_cat_gmv_share|w14_srch_per_day|w14_lgmv|w14_gmv30eq|w30_aov|w30_gmv_per_day,1787306748988551500,no,no
data/processed/feat_20250820_LnormNone.parquet,feat_20250820_LnormNone.parquet,.parquet,dataset,source_or_derived_dataset,125724010,922ad1113b5aa4c9223149bb3657ee4dd18f610fd43724e3af2e1be57dcf6b73,unknown,rows=233396;row_groups=2;columns=user_id|w7_days_present|w7_days_search|w7_days_cat|w7_days_buy|w7_days_cart|w7_days_presence_only|w7_searches|w7_carts|w7_orders|w7_gmv|w7_gmv_cat|w7_gmv_max|w7_lgmv_mean|w7_lgmv_std|w14_days_present|w14_days_search|w14_days_cat|w14_days_buy|w14_days_cart|w14_days_presence_only|w14_searches|w14_carts|w14_orders|w14_gmv|w14_gmv_cat|w14_gmv_max|w14_lgmv_mean|w14_lgmv_std|w30_days_present|w30_days_search|w30_days_cat|w30_days_buy|w30_days_cart|w30_days_presence_only|w30_searches|w30_carts|w30_orders|w30_gmv|w30_gmv_cat|w30_gmv_max|w30_lgmv_mean|w30_lgmv_std|w60_days_present|w60_days_search|w60_days_cat|w60_days_buy|w60_days_cart|w60_days_presence_only|w60_searches|w60_carts|w60_orders|w60_gmv|w60_gmv_cat|w60_gmv_max|w60_lgmv_mean|w60_lgmv_std|w90_days_present|w90_days_search|w90_days_cat|w90_days_buy|w90_days_cart|w90_days_presence_only|w90_searches|w90_carts|w90_orders|w90_gmv|w90_gmv_cat|w90_gmv_max|w90_lgmv_mean|w90_lgmv_std|w180_days_present|w180_days_search|w180_days_cat|w180_days_buy|w180_days_cart|w180_days_presence_only|w180_searches|w180_carts|w180_orders|w180_gmv|w180_gmv_cat|w180_gmv_max|w180_lgmv_mean|w180_lgmv_std|w365_days_present|w365_days_search|w365_days_cat|w365_days_buy|w365_days_cart|w365_days_presence_only|w365_searches|w365_carts|w365_orders|w365_gmv|w365_gmv_cat|w365_gmv_max|w365_lgmv_mean|w365_lgmv_std|rec_any|rec_search|rec_cart|rec_buy|rec_cat|gap_mean|gap_std|buygap_mean|buygap_std|weekend_share|tenure_frac|first_buy_frac|gap_max_frac|w7_aov|w7_gmv_per_day|w7_cart2ord|w7_srch2cart|w7_buyday_rate|w7_presence_rate|w7_ponly_share|w7_cat_gmv_share,1786554416155974200,no,no
data/processed/feat_20250821_L180.parquet,feat_20250821_L180.parquet,.parquet,dataset,source_or_derived_dataset,99225161,330b7cb455e0caba5e68c248b84565004162bd4613d521c8858a7da8d7539c0d,unknown,rows=232548;row_groups=2;columns=user_id|w7_days_present|w7_days_search|w7_days_cat|w7_days_buy|w7_days_cart|w7_days_presence_only|w7_searches|w7_carts|w7_orders|w7_gmv|w7_gmv_cat|w7_gmv_max|w7_lgmv_mean|w7_lgmv_std|w14_days_present|w14_days_search|w14_days_cat|w14_days_buy|w14_days_cart|w14_days_presence_only|w14_searches|w14_carts|w14_orders|w14_gmv|w14_gmv_cat|w14_gmv_max|w14_lgmv_mean|w14_lgmv_std|w30_days_present|w30_days_search|w30_days_cat|w30_days_buy|w30_days_cart|w30_days_presence_only|w30_searches|w30_carts|w30_orders|w30_gmv|w30_gmv_cat|w30_gmv_max|w30_lgmv_mean|w30_lgmv_std|w60_days_present|w60_days_search|w60_days_cat|w60_days_buy|w60_days_cart|w60_days_presence_only|w60_searches|w60_carts|w60_orders|w60_gmv|w60_gmv_cat|w60_gmv_max|w60_lgmv_mean|w60_lgmv_std|w90_days_present|w90_days_search|w90_days_cat|w90_days_buy|w90_days_cart|w90_days_presence_only|w90_searches|w90_carts|w90_orders|w90_gmv|w90_gmv_cat|w90_gmv_max|w90_lgmv_mean|w90_lgmv_std|w180_days_present|w180_days_search|w180_days_cat|w180_days_buy|w180_days_cart|w180_days_presence_only|w180_searches|w180_carts|w180_orders|w180_gmv|w180_gmv_cat|w180_gmv_max|w180_lgmv_mean|w180_lgmv_std|rec_any|rec_search|rec_cart|rec_buy|rec_cat|gap_mean|gap_std|gap_max|buygap_mean|buygap_std|weekend_share|w7_aov|w7_gmv_per_day|w7_cart2ord|w7_srch2cart|w7_buyday_rate|w7_presence_rate|w7_ponly_share|w7_cat_gmv_share|w7_srch_per_day|w7_lgmv|w7_gmv30eq|w14_aov|w14_gmv_per_day|w14_cart2ord|w14_srch2cart|w14_buyday_rate|w14_presence_rate|w14_ponly_share|w14_cat_gmv_share|w14_srch_per_day|w14_lgmv|w14_gmv30eq|w30_aov|w30_gmv_per_day,1786384287010806800,no,no
data/processed/feat_20250821_L270.parquet,feat_20250821_L270.parquet,.parquet,dataset,source_or_derived_dataset,123297803,b3bb1cf98ab3bc2b4a53f53f091559db393073a24a7abcf3fb9d9d72a6a5449b,unknown,rows=233536;row_groups=2;columns=user_id|w7_days_present|w7_days_search|w7_days_cat|w7_days_buy|w7_days_cart|w7_days_presence_only|w7_searches|w7_carts|w7_orders|w7_gmv|w7_gmv_cat|w7_gmv_max|w7_lgmv_mean|w7_lgmv_std|w14_days_present|w14_days_search|w14_days_cat|w14_days_buy|w14_days_cart|w14_days_presence_only|w14_searches|w14_carts|w14_orders|w14_gmv|w14_gmv_cat|w14_gmv_max|w14_lgmv_mean|w14_lgmv_std|w30_days_present|w30_days_search|w30_days_cat|w30_days_buy|w30_days_cart|w30_days_presence_only|w30_searches|w30_carts|w30_orders|w30_gmv|w30_gmv_cat|w30_gmv_max|w30_lgmv_mean|w30_lgmv_std|w60_days_present|w60_days_search|w60_days_cat|w60_days_buy|w60_days_cart|w60_days_presence_only|w60_searches|w60_carts|w60_orders|w60_gmv|w60_gmv_cat|w60_gmv_max|w60_lgmv_mean|w60_lgmv_std|w90_days_present|w90_days_search|w90_days_cat|w90_days_buy|w90_days_cart|w90_days_presence_only|w90_searches|w90_carts|w90_orders|w90_gmv|w90_gmv_cat|w90_gmv_max|w90_lgmv_mean|w90_lgmv_std|w180_days_present|w180_days_search|w180_days_cat|w180_days_buy|w180_days_cart|w180_days_presence_only|w180_searches|w180_carts|w180_orders|w180_gmv|w180_gmv_cat|w180_gmv_max|w180_lgmv_mean|w180_lgmv_std|w270_days_present|w270_days_search|w270_days_cat|w270_days_buy|w270_days_cart|w270_days_presence_only|w270_searches|w270_carts|w270_orders|w270_gmv|w270_gmv_cat|w270_gmv_max|w270_lgmv_mean|w270_lgmv_std|rec_any|rec_search|rec_cart|rec_buy|rec_cat|gap_mean|gap_std|gap_max|buygap_mean|buygap_std|weekend_share|w7_aov|w7_gmv_per_day|w7_cart2ord|w7_srch2cart|w7_buyday_rate|w7_presence_rate|w7_ponly_share|w7_cat_gmv_share|w7_srch_per_day|w7_lgmv,1786384537535658400,no,no
data/processed/feat_20250821_L90.parquet,feat_20250821_L90.parquet,.parquet,dataset,source_or_derived_dataset,74920012,5524c15958b7db844fb324d066c707192b8578cbb1283a9f6c0b2f42b766cdd3,unknown,rows=228393;row_groups=2;columns=user_id|w7_days_present|w7_days_search|w7_days_cat|w7_days_buy|w7_days_cart|w7_days_presence_only|w7_searches|w7_carts|w7_orders|w7_gmv|w7_gmv_cat|w7_gmv_max|w7_lgmv_mean|w7_lgmv_std|w14_days_present|w14_days_search|w14_days_cat|w14_days_buy|w14_days_cart|w14_days_presence_only|w14_searches|w14_carts|w14_orders|w14_gmv|w14_gmv_cat|w14_gmv_max|w14_lgmv_mean|w14_lgmv_std|w30_days_present|w30_days_search|w30_days_cat|w30_days_buy|w30_days_cart|w30_days_presence_only|w30_searches|w30_carts|w30_orders|w30_gmv|w30_gmv_cat|w30_gmv_max|w30_lgmv_mean|w30_lgmv_std|w60_days_present|w60_days_search|w60_days_cat|w60_days_buy|w60_days_cart|w60_days_presence_only|w60_searches|w60_carts|w60_orders|w60_gmv|w60_gmv_cat|w60_gmv_max|w60_lgmv_mean|w60_lgmv_std|w90_days_present|w90_days_search|w90_days_cat|w90_days_buy|w90_days_cart|w90_days_presence_only|w90_searches|w90_carts|w90_orders|w90_gmv|w90_gmv_cat|w90_gmv_max|w90_lgmv_mean|w90_lgmv_std|rec_any|rec_search|rec_cart|rec_buy|rec_cat|gap_mean|gap_std|gap_max|buygap_mean|buygap_std|weekend_share|w7_aov|w7_gmv_per_day|w7_cart2ord|w7_srch2cart|w7_buyday_rate|w7_presence_rate|w7_ponly_share|w7_cat_gmv_share|w7_srch_per_day|w7_lgmv|w7_gmv30eq|w14_aov|w14_gmv_per_day|w14_cart2ord|w14_srch2cart|w14_buyday_rate|w14_presence_rate|w14_ponly_share|w14_cat_gmv_share|w14_srch_per_day|w14_lgmv|w14_gmv30eq|w30_aov|w30_gmv_per_day|w30_cart2ord|w30_srch2cart|w30_buyday_rate|w30_presence_rate|w30_ponly_share|w30_cat_gmv_share|w30_srch_per_day|w30_lgmv|w30_gmv30eq|w60_aov|w60_gmv_per_day|w60_cart2ord|w60_srch2cart|w60_buyday_rate,1786384354558654400,no,no
data/processed/feat_20250821_LNone.parquet,feat_20250821_LNone.parquet,.parquet,dataset,source_or_derived_dataset,130953124,1c4917f5805f3e174aeab94e5a160a060b3c190c10bfaed9130145748c41cef2,unknown,rows=233536;row_groups=2;columns=user_id|w7_days_present|w7_days_search|w7_days_cat|w7_days_buy|w7_days_cart|w7_days_presence_only|w7_searches|w7_carts|w7_orders|w7_gmv|w7_gmv_cat|w7_gmv_max|w7_lgmv_mean|w7_lgmv_std|w14_days_present|w14_days_search|w14_days_cat|w14_days_buy|w14_days_cart|w14_days_presence_only|w14_searches|w14_carts|w14_orders|w14_gmv|w14_gmv_cat|w14_gmv_max|w14_lgmv_mean|w14_lgmv_std|w30_days_present|w30_days_search|w30_days_cat|w30_days_buy|w30_days_cart|w30_days_presence_only|w30_searches|w30_carts|w30_orders|w30_gmv|w30_gmv_cat|w30_gmv_max|w30_lgmv_mean|w30_lgmv_std|w60_days_present|w60_days_search|w60_days_cat|w60_days_buy|w60_days_cart|w60_days_presence_only|w60_searches|w60_carts|w60_orders|w60_gmv|w60_gmv_cat|w60_gmv_max|w60_lgmv_mean|w60_lgmv_std|w90_days_present|w90_days_search|w90_days_cat|w90_days_buy|w90_days_cart|w90_days_presence_only|w90_searches|w90_carts|w90_orders|w90_gmv|w90_gmv_cat|w90_gmv_max|w90_lgmv_mean|w90_lgmv_std|w180_days_present|w180_days_search|w180_days_cat|w180_days_buy|w180_days_cart|w180_days_presence_only|w180_searches|w180_carts|w180_orders|w180_gmv|w180_gmv_cat|w180_gmv_max|w180_lgmv_mean|w180_lgmv_std|w365_days_present|w365_days_search|w365_days_cat|w365_days_buy|w365_days_cart|w365_days_presence_only|w365_searches|w365_carts|w365_orders|w365_gmv|w365_gmv_cat|w365_gmv_max|w365_lgmv_mean|w365_lgmv_std|rec_any|rec_search|rec_cart|rec_buy|rec_cat|tenure|first_buy_age|all_days_present|all_days_buy|all_gmv|all_orders|all_searches|gap_mean|gap_std|gap_max|buygap_mean|buygap_std|weekend_share|w7_aov|w7_gmv_per_day|w7_cart2ord,1786384435867780300,no,no
data/processed/feat_20250821_LnormNone.parquet,feat_20250821_LnormNone.parquet,.parquet,dataset,source_or_derived_dataset,125779468,e1b41abe9ddda9e19553d6896989f1ccbd0f39f34857571e73f6486f94e6079a,unknown,rows=233536;row_groups=2;columns=user_id|w7_days_present|w7_days_search|w7_days_cat|w7_days_buy|w7_days_cart|w7_days_presence_only|w7_searches|w7_carts|w7_orders|w7_gmv|w7_gmv_cat|w7_gmv_max|w7_lgmv_mean|w7_lgmv_std|w14_days_present|w14_days_search|w14_days_cat|w14_days_buy|w14_days_cart|w14_days_presence_only|w14_searches|w14_carts|w14_orders|w14_gmv|w14_gmv_cat|w14_gmv_max|w14_lgmv_mean|w14_lgmv_std|w30_days_present|w30_days_search|w30_days_cat|w30_days_buy|w30_days_cart|w30_days_presence_only|w30_searches|w30_carts|w30_orders|w30_gmv|w30_gmv_cat|w30_gmv_max|w30_lgmv_mean|w30_lgmv_std|w60_days_present|w60_days_search|w60_days_cat|w60_days_buy|w60_days_cart|w60_days_presence_only|w60_searches|w60_carts|w60_orders|w60_gmv|w60_gmv_cat|w60_gmv_max|w60_lgmv_mean|w60_lgmv_std|w90_days_present|w90_days_search|w90_days_cat|w90_days_buy|w90_days_cart|w90_days_presence_only|w90_searches|w90_carts|w90_orders|w90_gmv|w90_gmv_cat|w90_gmv_max|w90_lgmv_mean|w90_lgmv_std|w180_days_present|w180_days_search|w180_days_cat|w180_days_buy|w180_days_cart|w180_days_presence_only|w180_searches|w180_carts|w180_orders|w180_gmv|w180_gmv_cat|w180_gmv_max|w180_lgmv_mean|w180_lgmv_std|w365_days_present|w365_days_search|w365_days_cat|w365_days_buy|w365_days_cart|w365_days_presence_only|w365_searches|w365_carts|w365_orders|w365_gmv|w365_gmv_cat|w365_gmv_max|w365_lgmv_mean|w365_lgmv_std|rec_any|rec_search|rec_cart|rec_buy|rec_cat|gap_mean|gap_std|buygap_mean|buygap_std|weekend_share|tenure_frac|first_buy_frac|gap_max_frac|w7_aov|w7_gmv_per_day|w7_cart2ord|w7_srch2cart|w7_buyday_rate|w7_presence_rate|w7_ponly_share|w7_cat_gmv_share,1786387877525741800,no,no
data/processed/feat_20250823_LnormNone.parquet,feat_20250823_LnormNone.parquet,.parquet,dataset,source_or_derived_dataset,126268267,d77c052d1b55079cc37e3ce47e5405ab23b9165e746cbaa39897e2d5bfea5189,unknown,rows=233788;row_groups=2;columns=user_id|w7_days_present|w7_days_search|w7_days_cat|w7_days_buy|w7_days_cart|w7_days_presence_only|w7_searches|w7_carts|w7_orders|w7_gmv|w7_gmv_cat|w7_gmv_max|w7_lgmv_mean|w7_lgmv_std|w14_days_present|w14_days_search|w14_days_cat|w14_days_buy|w14_days_cart|w14_days_presence_only|w14_searches|w14_carts|w14_orders|w14_gmv|w14_gmv_cat|w14_gmv_max|w14_lgmv_mean|w14_lgmv_std|w30_days_present|w30_days_search|w30_days_cat|w30_days_buy|w30_days_cart|w30_days_presence_only|w30_searches|w30_carts|w30_orders|w30_gmv|w30_gmv_cat|w30_gmv_max|w30_lgmv_mean|w30_lgmv_std|w60_days_present|w60_days_search|w60_days_cat|w60_days_buy|w60_days_cart|w60_days_presence_only|w60_searches|w60_carts|w60_orders|w60_gmv|w60_gmv_cat|w60_gmv_max|w60_lgmv_mean|w60_lgmv_std|w90_days_present|w90_days_search|w90_days_cat|w90_days_buy|w90_days_cart|w90_days_presence_only|w90_searches|w90_carts|w90_orders|w90_gmv|w90_gmv_cat|w90_gmv_max|w90_lgmv_mean|w90_lgmv_std|w180_days_present|w180_days_search|w180_days_cat|w180_days_buy|w180_days_cart|w180_days_presence_only|w180_searches|w180_carts|w180_orders|w180_gmv|w180_gmv_cat|w180_gmv_max|w180_lgmv_mean|w180_lgmv_std|w365_days_present|w365_days_search|w365_days_cat|w365_days_buy|w365_days_cart|w365_days_presence_only|w365_searches|w365_carts|w365_orders|w365_gmv|w365_gmv_cat|w365_gmv_max|w365_lgmv_mean|w365_lgmv_std|rec_any|rec_search|rec_cart|rec_buy|rec_cat|gap_mean|gap_std|buygap_mean|buygap_std|weekend_share|tenure_frac|first_buy_frac|gap_max_frac|w7_aov|w7_gmv_per_day|w7_cart2ord|w7_srch2cart|w7_buyday_rate|w7_presence_rate|w7_ponly_share|w7_cat_gmv_share,1786554420029113900,no,no
data/processed/feat_20250826_LnormNone.parquet,feat_20250826_LnormNone.parquet,.parquet,dataset,source_or_derived_dataset,127021468,bfdeacec618740db1fcb43ef2d4abb0838e9596320a158007eb01cd6b272dce2,unknown,rows=234191;row_groups=2;columns=user_id|w7_days_present|w7_days_search|w7_days_cat|w7_days_buy|w7_days_cart|w7_days_presence_only|w7_searches|w7_carts|w7_orders|w7_gmv|w7_gmv_cat|w7_gmv_max|w7_lgmv_mean|w7_lgmv_std|w14_days_present|w14_days_search|w14_days_cat|w14_days_buy|w14_days_cart|w14_days_presence_only|w14_searches|w14_carts|w14_orders|w14_gmv|w14_gmv_cat|w14_gmv_max|w14_lgmv_mean|w14_lgmv_std|w30_days_present|w30_days_search|w30_days_cat|w30_days_buy|w30_days_cart|w30_days_presence_only|w30_searches|w30_carts|w30_orders|w30_gmv|w30_gmv_cat|w30_gmv_max|w30_lgmv_mean|w30_lgmv_std|w60_days_present|w60_days_search|w60_days_cat|w60_days_buy|w60_days_cart|w60_days_presence_only|w60_searches|w60_carts|w60_orders|w60_gmv|w60_gmv_cat|w60_gmv_max|w60_lgmv_mean|w60_lgmv_std|w90_days_present|w90_days_search|w90_days_cat|w90_days_buy|w90_days_cart|w90_days_presence_only|w90_searches|w90_carts|w90_orders|w90_gmv|w90_gmv_cat|w90_gmv_max|w90_lgmv_mean|w90_lgmv_std|w180_days_present|w180_days_search|w180_days_cat|w180_days_buy|w180_days_cart|w180_days_presence_only|w180_searches|w180_carts|w180_orders|w180_gmv|w180_gmv_cat|w180_gmv_max|w180_lgmv_mean|w180_lgmv_std|w365_days_present|w365_days_search|w365_days_cat|w365_days_buy|w365_days_cart|w365_days_presence_only|w365_searches|w365_carts|w365_orders|w365_gmv|w365_gmv_cat|w365_gmv_max|w365_lgmv_mean|w365_lgmv_std|rec_any|rec_search|rec_cart|rec_buy|rec_cat|gap_mean|gap_std|buygap_mean|buygap_std|weekend_share|tenure_frac|first_buy_frac|gap_max_frac|w7_aov|w7_gmv_per_day|w7_cart2ord|w7_srch2cart|w7_buyday_rate|w7_presence_rate|w7_ponly_share|w7_cat_gmv_share,1786554423390123800,no,no
data/processed/feat_20250828_L180.parquet,feat_20250828_L180.parquet,.parquet,dataset,source_or_derived_dataset,100578433,a359ea0c3bbafed7bc0226c55ec3f502b8b1e9afbc3787a08adb878fefcc4885,unknown,rows=233398;row_groups=2;columns=user_id|w7_days_present|w7_days_search|w7_days_cat|w7_days_buy|w7_days_cart|w7_days_presence_only|w7_searches|w7_carts|w7_orders|w7_gmv|w7_gmv_cat|w7_gmv_max|w7_lgmv_mean|w7_lgmv_std|w14_days_present|w14_days_search|w14_days_cat|w14_days_buy|w14_days_cart|w14_days_presence_only|w14_searches|w14_carts|w14_orders|w14_gmv|w14_gmv_cat|w14_gmv_max|w14_lgmv_mean|w14_lgmv_std|w30_days_present|w30_days_search|w30_days_cat|w30_days_buy|w30_days_cart|w30_days_presence_only|w30_searches|w30_carts|w30_orders|w30_gmv|w30_gmv_cat|w30_gmv_max|w30_lgmv_mean|w30_lgmv_std|w60_days_present|w60_days_search|w60_days_cat|w60_days_buy|w60_days_cart|w60_days_presence_only|w60_searches|w60_carts|w60_orders|w60_gmv|w60_gmv_cat|w60_gmv_max|w60_lgmv_mean|w60_lgmv_std|w90_days_present|w90_days_search|w90_days_cat|w90_days_buy|w90_days_cart|w90_days_presence_only|w90_searches|w90_carts|w90_orders|w90_gmv|w90_gmv_cat|w90_gmv_max|w90_lgmv_mean|w90_lgmv_std|w180_days_present|w180_days_search|w180_days_cat|w180_days_buy|w180_days_cart|w180_days_presence_only|w180_searches|w180_carts|w180_orders|w180_gmv|w180_gmv_cat|w180_gmv_max|w180_lgmv_mean|w180_lgmv_std|rec_any|rec_search|rec_cart|rec_buy|rec_cat|gap_mean|gap_std|gap_max|buygap_mean|buygap_std|weekend_share|w7_aov|w7_gmv_per_day|w7_cart2ord|w7_srch2cart|w7_buyday_rate|w7_presence_rate|w7_ponly_share|w7_cat_gmv_share|w7_srch_per_day|w7_lgmv|w7_gmv30eq|w14_aov|w14_gmv_per_day|w14_cart2ord|w14_srch2cart|w14_buyday_rate|w14_presence_rate|w14_ponly_share|w14_cat_gmv_share|w14_srch_per_day|w14_lgmv|w14_gmv30eq|w30_aov|w30_gmv_per_day,1786384290114223400,no,no
data/processed/feat_20250828_L270.parquet,feat_20250828_L270.parquet,.parquet,dataset,source_or_derived_dataset,124960687,83ceb2fa60f0ada6d6b4dba1d89b1a4fd967eb0c8fe2bcd2d144cf9012290125,unknown,rows=234485;row_groups=2;columns=user_id|w7_days_present|w7_days_search|w7_days_cat|w7_days_buy|w7_days_cart|w7_days_presence_only|w7_searches|w7_carts|w7_orders|w7_gmv|w7_gmv_cat|w7_gmv_max|w7_lgmv_mean|w7_lgmv_std|w14_days_present|w14_days_search|w14_days_cat|w14_days_buy|w14_days_cart|w14_days_presence_only|w14_searches|w14_carts|w14_orders|w14_gmv|w14_gmv_cat|w14_gmv_max|w14_lgmv_mean|w14_lgmv_std|w30_days_present|w30_days_search|w30_days_cat|w30_days_buy|w30_days_cart|w30_days_presence_only|w30_searches|w30_carts|w30_orders|w30_gmv|w30_gmv_cat|w30_gmv_max|w30_lgmv_mean|w30_lgmv_std|w60_days_present|w60_days_search|w60_days_cat|w60_days_buy|w60_days_cart|w60_days_presence_only|w60_searches|w60_carts|w60_orders|w60_gmv|w60_gmv_cat|w60_gmv_max|w60_lgmv_mean|w60_lgmv_std|w90_days_present|w90_days_search|w90_days_cat|w90_days_buy|w90_days_cart|w90_days_presence_only|w90_searches|w90_carts|w90_orders|w90_gmv|w90_gmv_cat|w90_gmv_max|w90_lgmv_mean|w90_lgmv_std|w180_days_present|w180_days_search|w180_days_cat|w180_days_buy|w180_days_cart|w180_days_presence_only|w180_searches|w180_carts|w180_orders|w180_gmv|w180_gmv_cat|w180_gmv_max|w180_lgmv_mean|w180_lgmv_std|w270_days_present|w270_days_search|w270_days_cat|w270_days_buy|w270_days_cart|w270_days_presence_only|w270_searches|w270_carts|w270_orders|w270_gmv|w270_gmv_cat|w270_gmv_max|w270_lgmv_mean|w270_lgmv_std|rec_any|rec_search|rec_cart|rec_buy|rec_cat|gap_mean|gap_std|gap_max|buygap_mean|buygap_std|weekend_share|w7_aov|w7_gmv_per_day|w7_cart2ord|w7_srch2cart|w7_buyday_rate|w7_presence_rate|w7_ponly_share|w7_cat_gmv_share|w7_srch_per_day|w7_lgmv,1786384541296019700,no,no
data/processed/feat_20250828_L90.parquet,feat_20250828_L90.parquet,.parquet,dataset,source_or_derived_dataset,76026277,d5ddae97cc383729dc0b11583daf13c92fd9042a7014e2d687d63be0000b6a92,unknown,rows=229353;row_groups=2;columns=user_id|w7_days_present|w7_days_search|w7_days_cat|w7_days_buy|w7_days_cart|w7_days_presence_only|w7_searches|w7_carts|w7_orders|w7_gmv|w7_gmv_cat|w7_gmv_max|w7_lgmv_mean|w7_lgmv_std|w14_days_present|w14_days_search|w14_days_cat|w14_days_buy|w14_days_cart|w14_days_presence_only|w14_searches|w14_carts|w14_orders|w14_gmv|w14_gmv_cat|w14_gmv_max|w14_lgmv_mean|w14_lgmv_std|w30_days_present|w30_days_search|w30_days_cat|w30_days_buy|w30_days_cart|w30_days_presence_only|w30_searches|w30_carts|w30_orders|w30_gmv|w30_gmv_cat|w30_gmv_max|w30_lgmv_mean|w30_lgmv_std|w60_days_present|w60_days_search|w60_days_cat|w60_days_buy|w60_days_cart|w60_days_presence_only|w60_searches|w60_carts|w60_orders|w60_gmv|w60_gmv_cat|w60_gmv_max|w60_lgmv_mean|w60_lgmv_std|w90_days_present|w90_days_search|w90_days_cat|w90_days_buy|w90_days_cart|w90_days_presence_only|w90_searches|w90_carts|w90_orders|w90_gmv|w90_gmv_cat|w90_gmv_max|w90_lgmv_mean|w90_lgmv_std|rec_any|rec_search|rec_cart|rec_buy|rec_cat|gap_mean|gap_std|gap_max|buygap_mean|buygap_std|weekend_share|w7_aov|w7_gmv_per_day|w7_cart2ord|w7_srch2cart|w7_buyday_rate|w7_presence_rate|w7_ponly_share|w7_cat_gmv_share|w7_srch_per_day|w7_lgmv|w7_gmv30eq|w14_aov|w14_gmv_per_day|w14_cart2ord|w14_srch2cart|w14_buyday_rate|w14_presence_rate|w14_ponly_share|w14_cat_gmv_share|w14_srch_per_day|w14_lgmv|w14_gmv30eq|w30_aov|w30_gmv_per_day|w30_cart2ord|w30_srch2cart|w30_buyday_rate|w30_presence_rate|w30_ponly_share|w30_cat_gmv_share|w30_srch_per_day|w30_lgmv|w30_gmv30eq|w60_aov|w60_gmv_per_day|w60_cart2ord|w60_srch2cart|w60_buyday_rate,1786384356854003400,no,no
data/processed/feat_20250828_LNone.parquet,feat_20250828_LNone.parquet,.parquet,dataset,source_or_derived_dataset,132699154,cbddaea70818abd88615e815a49be976728f3595d461ef7a4058ef42984dda17,unknown,rows=234485;row_groups=2;columns=user_id|w7_days_present|w7_days_search|w7_days_cat|w7_days_buy|w7_days_cart|w7_days_presence_only|w7_searches|w7_carts|w7_orders|w7_gmv|w7_gmv_cat|w7_gmv_max|w7_lgmv_mean|w7_lgmv_std|w14_days_present|w14_days_search|w14_days_cat|w14_days_buy|w14_days_cart|w14_days_presence_only|w14_searches|w14_carts|w14_orders|w14_gmv|w14_gmv_cat|w14_gmv_max|w14_lgmv_mean|w14_lgmv_std|w30_days_present|w30_days_search|w30_days_cat|w30_days_buy|w30_days_cart|w30_days_presence_only|w30_searches|w30_carts|w30_orders|w30_gmv|w30_gmv_cat|w30_gmv_max|w30_lgmv_mean|w30_lgmv_std|w60_days_present|w60_days_search|w60_days_cat|w60_days_buy|w60_days_cart|w60_days_presence_only|w60_searches|w60_carts|w60_orders|w60_gmv|w60_gmv_cat|w60_gmv_max|w60_lgmv_mean|w60_lgmv_std|w90_days_present|w90_days_search|w90_days_cat|w90_days_buy|w90_days_cart|w90_days_presence_only|w90_searches|w90_carts|w90_orders|w90_gmv|w90_gmv_cat|w90_gmv_max|w90_lgmv_mean|w90_lgmv_std|w180_days_present|w180_days_search|w180_days_cat|w180_days_buy|w180_days_cart|w180_days_presence_only|w180_searches|w180_carts|w180_orders|w180_gmv|w180_gmv_cat|w180_gmv_max|w180_lgmv_mean|w180_lgmv_std|w365_days_present|w365_days_search|w365_days_cat|w365_days_buy|w365_days_cart|w365_days_presence_only|w365_searches|w365_carts|w365_orders|w365_gmv|w365_gmv_cat|w365_gmv_max|w365_lgmv_mean|w365_lgmv_std|rec_any|rec_search|rec_cart|rec_buy|rec_cat|tenure|first_buy_age|all_days_present|all_days_buy|all_gmv|all_orders|all_searches|gap_mean|gap_std|gap_max|buygap_mean|buygap_std|weekend_share|w7_aov|w7_gmv_per_day|w7_cart2ord,1786384439546700400,no,no
data/processed/feat_20250828_LnormNone.parquet,feat_20250828_LnormNone.parquet,.parquet,dataset,source_or_derived_dataset,128045638,79155d8b57515217caa0678234b68fb4650a27aee4b548af0e9612afa5cda747,unknown,rows=234485;row_groups=2;columns=user_id|w7_days_present|w7_days_search|w7_days_cat|w7_days_buy|w7_days_cart|w7_days_presence_only|w7_searches|w7_carts|w7_orders|w7_gmv|w7_gmv_cat|w7_gmv_max|w7_lgmv_mean|w7_lgmv_std|w14_days_present|w14_days_search|w14_days_cat|w14_days_buy|w14_days_cart|w14_days_presence_only|w14_searches|w14_carts|w14_orders|w14_gmv|w14_gmv_cat|w14_gmv_max|w14_lgmv_mean|w14_lgmv_std|w30_days_present|w30_days_search|w30_days_cat|w30_days_buy|w30_days_cart|w30_days_presence_only|w30_searches|w30_carts|w30_orders|w30_gmv|w30_gmv_cat|w30_gmv_max|w30_lgmv_mean|w30_lgmv_std|w60_days_present|w60_days_search|w60_days_cat|w60_days_buy|w60_days_cart|w60_days_presence_only|w60_searches|w60_carts|w60_orders|w60_gmv|w60_gmv_cat|w60_gmv_max|w60_lgmv_mean|w60_lgmv_std|w90_days_present|w90_days_search|w90_days_cat|w90_days_buy|w90_days_cart|w90_days_presence_only|w90_searches|w90_carts|w90_orders|w90_gmv|w90_gmv_cat|w90_gmv_max|w90_lgmv_mean|w90_lgmv_std|w180_days_present|w180_days_search|w180_days_cat|w180_days_buy|w180_days_cart|w180_days_presence_only|w180_searches|w180_carts|w180_orders|w180_gmv|w180_gmv_cat|w180_gmv_max|w180_lgmv_mean|w180_lgmv_std|w365_days_present|w365_days_search|w365_days_cat|w365_days_buy|w365_days_cart|w365_days_presence_only|w365_searches|w365_carts|w365_orders|w365_gmv|w365_gmv_cat|w365_gmv_max|w365_lgmv_mean|w365_lgmv_std|rec_any|rec_search|rec_cart|rec_buy|rec_cat|gap_mean|gap_std|buygap_mean|buygap_std|weekend_share|tenure_frac|first_buy_frac|gap_max_frac|w7_aov|w7_gmv_per_day|w7_cart2ord|w7_srch2cart|w7_buyday_rate|w7_presence_rate|w7_ponly_share|w7_cat_gmv_share,1786387882436136700,no,no
data/processed/feat_20250829_LnormNone.parquet,feat_20250829_LnormNone.parquet,.parquet,dataset,source_or_derived_dataset,127686069,e6a9f2785557fd55e13f1324037e997122c4b504c53b9fc6f55e1b17ba2c5fa5,unknown,rows=234606;row_groups=2;columns=user_id|w7_days_present|w7_days_search|w7_days_cat|w7_days_buy|w7_days_cart|w7_days_presence_only|w7_searches|w7_carts|w7_orders|w7_gmv|w7_gmv_cat|w7_gmv_max|w7_lgmv_mean|w7_lgmv_std|w14_days_present|w14_days_search|w14_days_cat|w14_days_buy|w14_days_cart|w14_days_presence_only|w14_searches|w14_carts|w14_orders|w14_gmv|w14_gmv_cat|w14_gmv_max|w14_lgmv_mean|w14_lgmv_std|w30_days_present|w30_days_search|w30_days_cat|w30_days_buy|w30_days_cart|w30_days_presence_only|w30_searches|w30_carts|w30_orders|w30_gmv|w30_gmv_cat|w30_gmv_max|w30_lgmv_mean|w30_lgmv_std|w60_days_present|w60_days_search|w60_days_cat|w60_days_buy|w60_days_cart|w60_days_presence_only|w60_searches|w60_carts|w60_orders|w60_gmv|w60_gmv_cat|w60_gmv_max|w60_lgmv_mean|w60_lgmv_std|w90_days_present|w90_days_search|w90_days_cat|w90_days_buy|w90_days_cart|w90_days_presence_only|w90_searches|w90_carts|w90_orders|w90_gmv|w90_gmv_cat|w90_gmv_max|w90_lgmv_mean|w90_lgmv_std|w180_days_present|w180_days_search|w180_days_cat|w180_days_buy|w180_days_cart|w180_days_presence_only|w180_searches|w180_carts|w180_orders|w180_gmv|w180_gmv_cat|w180_gmv_max|w180_lgmv_mean|w180_lgmv_std|w365_days_present|w365_days_search|w365_days_cat|w365_days_buy|w365_days_cart|w365_days_presence_only|w365_searches|w365_carts|w365_orders|w365_gmv|w365_gmv_cat|w365_gmv_max|w365_lgmv_mean|w365_lgmv_std|rec_any|rec_search|rec_cart|rec_buy|rec_cat|gap_mean|gap_std|buygap_mean|buygap_std|weekend_share|tenure_frac|first_buy_frac|gap_max_frac|w7_aov|w7_gmv_per_day|w7_cart2ord|w7_srch2cart|w7_buyday_rate|w7_presence_rate|w7_ponly_share|w7_cat_gmv_share,1786554426752771500,no,no
data/processed/feat_20250901_LnormNone.parquet,feat_20250901_LnormNone.parquet,.parquet,dataset,source_or_derived_dataset,128005278,0f0f9d6dd46474ed5a4cc8609ece1bc3780d9167172ac8a9d73440e173097dfd,unknown,rows=234929;row_groups=2;columns=user_id|w7_days_present|w7_days_search|w7_days_cat|w7_days_buy|w7_days_cart|w7_days_presence_only|w7_searches|w7_carts|w7_orders|w7_gmv|w7_gmv_cat|w7_gmv_max|w7_lgmv_mean|w7_lgmv_std|w14_days_present|w14_days_search|w14_days_cat|w14_days_buy|w14_days_cart|w14_days_presence_only|w14_searches|w14_carts|w14_orders|w14_gmv|w14_gmv_cat|w14_gmv_max|w14_lgmv_mean|w14_lgmv_std|w30_days_present|w30_days_search|w30_days_cat|w30_days_buy|w30_days_cart|w30_days_presence_only|w30_searches|w30_carts|w30_orders|w30_gmv|w30_gmv_cat|w30_gmv_max|w30_lgmv_mean|w30_lgmv_std|w60_days_present|w60_days_search|w60_days_cat|w60_days_buy|w60_days_cart|w60_days_presence_only|w60_searches|w60_carts|w60_orders|w60_gmv|w60_gmv_cat|w60_gmv_max|w60_lgmv_mean|w60_lgmv_std|w90_days_present|w90_days_search|w90_days_cat|w90_days_buy|w90_days_cart|w90_days_presence_only|w90_searches|w90_carts|w90_orders|w90_gmv|w90_gmv_cat|w90_gmv_max|w90_lgmv_mean|w90_lgmv_std|w180_days_present|w180_days_search|w180_days_cat|w180_days_buy|w180_days_cart|w180_days_presence_only|w180_searches|w180_carts|w180_orders|w180_gmv|w180_gmv_cat|w180_gmv_max|w180_lgmv_mean|w180_lgmv_std|w365_days_present|w365_days_search|w365_days_cat|w365_days_buy|w365_days_cart|w365_days_presence_only|w365_searches|w365_carts|w365_orders|w365_gmv|w365_gmv_cat|w365_gmv_max|w365_lgmv_mean|w365_lgmv_std|rec_any|rec_search|rec_cart|rec_buy|rec_cat|gap_mean|gap_std|buygap_mean|buygap_std|weekend_share|tenure_frac|first_buy_frac|gap_max_frac|w7_aov|w7_gmv_per_day|w7_cart2ord|w7_srch2cart|w7_buyday_rate|w7_presence_rate|w7_ponly_share|w7_cat_gmv_share,1786554430299835100,no,no
data/processed/feat_20250902_L180.parquet,feat_20250902_L180.parquet,.parquet,dataset,source_or_derived_dataset,100924828,fd91efdc817a236aa7ad306b0aad34284c1ea3bfe5237d8dad490d948b3abdef,unknown,rows=233869;row_groups=2;columns=user_id|w7_days_present|w7_days_search|w7_days_cat|w7_days_buy|w7_days_cart|w7_days_presence_only|w7_searches|w7_carts|w7_orders|w7_gmv|w7_gmv_cat|w7_gmv_max|w7_lgmv_mean|w7_lgmv_std|w14_days_present|w14_days_search|w14_days_cat|w14_days_buy|w14_days_cart|w14_days_presence_only|w14_searches|w14_carts|w14_orders|w14_gmv|w14_gmv_cat|w14_gmv_max|w14_lgmv_mean|w14_lgmv_std|w30_days_present|w30_days_search|w30_days_cat|w30_days_buy|w30_days_cart|w30_days_presence_only|w30_searches|w30_carts|w30_orders|w30_gmv|w30_gmv_cat|w30_gmv_max|w30_lgmv_mean|w30_lgmv_std|w60_days_present|w60_days_search|w60_days_cat|w60_days_buy|w60_days_cart|w60_days_presence_only|w60_searches|w60_carts|w60_orders|w60_gmv|w60_gmv_cat|w60_gmv_max|w60_lgmv_mean|w60_lgmv_std|w90_days_present|w90_days_search|w90_days_cat|w90_days_buy|w90_days_cart|w90_days_presence_only|w90_searches|w90_carts|w90_orders|w90_gmv|w90_gmv_cat|w90_gmv_max|w90_lgmv_mean|w90_lgmv_std|w180_days_present|w180_days_search|w180_days_cat|w180_days_buy|w180_days_cart|w180_days_presence_only|w180_searches|w180_carts|w180_orders|w180_gmv|w180_gmv_cat|w180_gmv_max|w180_lgmv_mean|w180_lgmv_std|rec_any|rec_search|rec_cart|rec_buy|rec_cat|gap_mean|gap_std|gap_max|buygap_mean|buygap_std|weekend_share|w7_aov|w7_gmv_per_day|w7_cart2ord|w7_srch2cart|w7_buyday_rate|w7_presence_rate|w7_ponly_share|w7_cat_gmv_share|w7_srch_per_day|w7_lgmv|w7_gmv30eq|w14_aov|w14_gmv_per_day|w14_cart2ord|w14_srch2cart|w14_buyday_rate|w14_presence_rate|w14_ponly_share|w14_cat_gmv_share|w14_srch_per_day|w14_lgmv|w14_gmv30eq|w30_aov|w30_gmv_per_day,1787306754642266200,no,no
data/processed/feat_20250904_L180.parquet,feat_20250904_L180.parquet,.parquet,dataset,source_or_derived_dataset,100981963,c7cf2977f9cf191fd6fe9b80f46247dd50a6c77ffbd3d5b4ccab249d14a1f827,unknown,rows=234099;row_groups=2;columns=user_id|w7_days_present|w7_days_search|w7_days_cat|w7_days_buy|w7_days_cart|w7_days_presence_only|w7_searches|w7_carts|w7_orders|w7_gmv|w7_gmv_cat|w7_gmv_max|w7_lgmv_mean|w7_lgmv_std|w14_days_present|w14_days_search|w14_days_cat|w14_days_buy|w14_days_cart|w14_days_presence_only|w14_searches|w14_carts|w14_orders|w14_gmv|w14_gmv_cat|w14_gmv_max|w14_lgmv_mean|w14_lgmv_std|w30_days_present|w30_days_search|w30_days_cat|w30_days_buy|w30_days_cart|w30_days_presence_only|w30_searches|w30_carts|w30_orders|w30_gmv|w30_gmv_cat|w30_gmv_max|w30_lgmv_mean|w30_lgmv_std|w60_days_present|w60_days_search|w60_days_cat|w60_days_buy|w60_days_cart|w60_days_presence_only|w60_searches|w60_carts|w60_orders|w60_gmv|w60_gmv_cat|w60_gmv_max|w60_lgmv_mean|w60_lgmv_std|w90_days_present|w90_days_search|w90_days_cat|w90_days_buy|w90_days_cart|w90_days_presence_only|w90_searches|w90_carts|w90_orders|w90_gmv|w90_gmv_cat|w90_gmv_max|w90_lgmv_mean|w90_lgmv_std|w180_days_present|w180_days_search|w180_days_cat|w180_days_buy|w180_days_cart|w180_days_presence_only|w180_searches|w180_carts|w180_orders|w180_gmv|w180_gmv_cat|w180_gmv_max|w180_lgmv_mean|w180_lgmv_std|rec_any|rec_search|rec_cart|rec_buy|rec_cat|gap_mean|gap_std|gap_max|buygap_mean|buygap_std|weekend_share|w7_aov|w7_gmv_per_day|w7_cart2ord|w7_srch2cart|w7_buyday_rate|w7_presence_rate|w7_ponly_share|w7_cat_gmv_share|w7_srch_per_day|w7_lgmv|w7_gmv30eq|w14_aov|w14_gmv_per_day|w14_cart2ord|w14_srch2cart|w14_buyday_rate|w14_presence_rate|w14_ponly_share|w14_cat_gmv_share|w14_srch_per_day|w14_lgmv|w14_gmv30eq|w30_aov|w30_gmv_per_day,1786384293246187900,no,no
data/processed/feat_20250904_L270.parquet,feat_20250904_L270.parquet,.parquet,dataset,source_or_derived_dataset,125712641,f3ba11c2b50c8b98d7090a0076927b63cdf2f07be9a1742bab0d6044f6f302fc,unknown,rows=235279;row_groups=2;columns=user_id|w7_days_present|w7_days_search|w7_days_cat|w7_days_buy|w7_days_cart|w7_days_presence_only|w7_searches|w7_carts|w7_orders|w7_gmv|w7_gmv_cat|w7_gmv_max|w7_lgmv_mean|w7_lgmv_std|w14_days_present|w14_days_search|w14_days_cat|w14_days_buy|w14_days_cart|w14_days_presence_only|w14_searches|w14_carts|w14_orders|w14_gmv|w14_gmv_cat|w14_gmv_max|w14_lgmv_mean|w14_lgmv_std|w30_days_present|w30_days_search|w30_days_cat|w30_days_buy|w30_days_cart|w30_days_presence_only|w30_searches|w30_carts|w30_orders|w30_gmv|w30_gmv_cat|w30_gmv_max|w30_lgmv_mean|w30_lgmv_std|w60_days_present|w60_days_search|w60_days_cat|w60_days_buy|w60_days_cart|w60_days_presence_only|w60_searches|w60_carts|w60_orders|w60_gmv|w60_gmv_cat|w60_gmv_max|w60_lgmv_mean|w60_lgmv_std|w90_days_present|w90_days_search|w90_days_cat|w90_days_buy|w90_days_cart|w90_days_presence_only|w90_searches|w90_carts|w90_orders|w90_gmv|w90_gmv_cat|w90_gmv_max|w90_lgmv_mean|w90_lgmv_std|w180_days_present|w180_days_search|w180_days_cat|w180_days_buy|w180_days_cart|w180_days_presence_only|w180_searches|w180_carts|w180_orders|w180_gmv|w180_gmv_cat|w180_gmv_max|w180_lgmv_mean|w180_lgmv_std|w270_days_present|w270_days_search|w270_days_cat|w270_days_buy|w270_days_cart|w270_days_presence_only|w270_searches|w270_carts|w270_orders|w270_gmv|w270_gmv_cat|w270_gmv_max|w270_lgmv_mean|w270_lgmv_std|rec_any|rec_search|rec_cart|rec_buy|rec_cat|gap_mean|gap_std|gap_max|buygap_mean|buygap_std|weekend_share|w7_aov|w7_gmv_per_day|w7_cart2ord|w7_srch2cart|w7_buyday_rate|w7_presence_rate|w7_ponly_share|w7_cat_gmv_share|w7_srch_per_day|w7_lgmv,1786384544708886900,no,no
data/processed/feat_20250904_L90.parquet,feat_20250904_L90.parquet,.parquet,dataset,source_or_derived_dataset,76282391,21c9071c9db1aa5298dbb1d03893ef3a482c16369dffe5056cc53371ee08e828,unknown,rows=230162;row_groups=2;columns=user_id|w7_days_present|w7_days_search|w7_days_cat|w7_days_buy|w7_days_cart|w7_days_presence_only|w7_searches|w7_carts|w7_orders|w7_gmv|w7_gmv_cat|w7_gmv_max|w7_lgmv_mean|w7_lgmv_std|w14_days_present|w14_days_search|w14_days_cat|w14_days_buy|w14_days_cart|w14_days_presence_only|w14_searches|w14_carts|w14_orders|w14_gmv|w14_gmv_cat|w14_gmv_max|w14_lgmv_mean|w14_lgmv_std|w30_days_present|w30_days_search|w30_days_cat|w30_days_buy|w30_days_cart|w30_days_presence_only|w30_searches|w30_carts|w30_orders|w30_gmv|w30_gmv_cat|w30_gmv_max|w30_lgmv_mean|w30_lgmv_std|w60_days_present|w60_days_search|w60_days_cat|w60_days_buy|w60_days_cart|w60_days_presence_only|w60_searches|w60_carts|w60_orders|w60_gmv|w60_gmv_cat|w60_gmv_max|w60_lgmv_mean|w60_lgmv_std|w90_days_present|w90_days_search|w90_days_cat|w90_days_buy|w90_days_cart|w90_days_presence_only|w90_searches|w90_carts|w90_orders|w90_gmv|w90_gmv_cat|w90_gmv_max|w90_lgmv_mean|w90_lgmv_std|rec_any|rec_search|rec_cart|rec_buy|rec_cat|gap_mean|gap_std|gap_max|buygap_mean|buygap_std|weekend_share|w7_aov|w7_gmv_per_day|w7_cart2ord|w7_srch2cart|w7_buyday_rate|w7_presence_rate|w7_ponly_share|w7_cat_gmv_share|w7_srch_per_day|w7_lgmv|w7_gmv30eq|w14_aov|w14_gmv_per_day|w14_cart2ord|w14_srch2cart|w14_buyday_rate|w14_presence_rate|w14_ponly_share|w14_cat_gmv_share|w14_srch_per_day|w14_lgmv|w14_gmv30eq|w30_aov|w30_gmv_per_day|w30_cart2ord|w30_srch2cart|w30_buyday_rate|w30_presence_rate|w30_ponly_share|w30_cat_gmv_share|w30_srch_per_day|w30_lgmv|w30_gmv30eq|w60_aov|w60_gmv_per_day|w60_cart2ord|w60_srch2cart|w60_buyday_rate,1786384358709174300,no,no
data/processed/feat_20250904_LNone.parquet,feat_20250904_LNone.parquet,.parquet,dataset,source_or_derived_dataset,133516613,9d2a3a54601a301ed68ce4e59c07c9905e010d3a1a5cd505a970ce7f4d822d7e,unknown,rows=235279;row_groups=2;columns=user_id|w7_days_present|w7_days_search|w7_days_cat|w7_days_buy|w7_days_cart|w7_days_presence_only|w7_searches|w7_carts|w7_orders|w7_gmv|w7_gmv_cat|w7_gmv_max|w7_lgmv_mean|w7_lgmv_std|w14_days_present|w14_days_search|w14_days_cat|w14_days_buy|w14_days_cart|w14_days_presence_only|w14_searches|w14_carts|w14_orders|w14_gmv|w14_gmv_cat|w14_gmv_max|w14_lgmv_mean|w14_lgmv_std|w30_days_present|w30_days_search|w30_days_cat|w30_days_buy|w30_days_cart|w30_days_presence_only|w30_searches|w30_carts|w30_orders|w30_gmv|w30_gmv_cat|w30_gmv_max|w30_lgmv_mean|w30_lgmv_std|w60_days_present|w60_days_search|w60_days_cat|w60_days_buy|w60_days_cart|w60_days_presence_only|w60_searches|w60_carts|w60_orders|w60_gmv|w60_gmv_cat|w60_gmv_max|w60_lgmv_mean|w60_lgmv_std|w90_days_present|w90_days_search|w90_days_cat|w90_days_buy|w90_days_cart|w90_days_presence_only|w90_searches|w90_carts|w90_orders|w90_gmv|w90_gmv_cat|w90_gmv_max|w90_lgmv_mean|w90_lgmv_std|w180_days_present|w180_days_search|w180_days_cat|w180_days_buy|w180_days_cart|w180_days_presence_only|w180_searches|w180_carts|w180_orders|w180_gmv|w180_gmv_cat|w180_gmv_max|w180_lgmv_mean|w180_lgmv_std|w365_days_present|w365_days_search|w365_days_cat|w365_days_buy|w365_days_cart|w365_days_presence_only|w365_searches|w365_carts|w365_orders|w365_gmv|w365_gmv_cat|w365_gmv_max|w365_lgmv_mean|w365_lgmv_std|rec_any|rec_search|rec_cart|rec_buy|rec_cat|tenure|first_buy_age|all_days_present|all_days_buy|all_gmv|all_orders|all_searches|gap_mean|gap_std|gap_max|buygap_mean|buygap_std|weekend_share|w7_aov|w7_gmv_per_day|w7_cart2ord,1786384443552682600,no,no
data/processed/feat_20250904_LnormNone.parquet,feat_20250904_LnormNone.parquet,.parquet,dataset,source_or_derived_dataset,128254063,75b995b67db101cc2f09dc97735d12276f4d88cd1627e210c1a7c47a244dbd6d,unknown,rows=235279;row_groups=2;columns=user_id|w7_days_present|w7_days_search|w7_days_cat|w7_days_buy|w7_days_cart|w7_days_presence_only|w7_searches|w7_carts|w7_orders|w7_gmv|w7_gmv_cat|w7_gmv_max|w7_lgmv_mean|w7_lgmv_std|w14_days_present|w14_days_search|w14_days_cat|w14_days_buy|w14_days_cart|w14_days_presence_only|w14_searches|w14_carts|w14_orders|w14_gmv|w14_gmv_cat|w14_gmv_max|w14_lgmv_mean|w14_lgmv_std|w30_days_present|w30_days_search|w30_days_cat|w30_days_buy|w30_days_cart|w30_days_presence_only|w30_searches|w30_carts|w30_orders|w30_gmv|w30_gmv_cat|w30_gmv_max|w30_lgmv_mean|w30_lgmv_std|w60_days_present|w60_days_search|w60_days_cat|w60_days_buy|w60_days_cart|w60_days_presence_only|w60_searches|w60_carts|w60_orders|w60_gmv|w60_gmv_cat|w60_gmv_max|w60_lgmv_mean|w60_lgmv_std|w90_days_present|w90_days_search|w90_days_cat|w90_days_buy|w90_days_cart|w90_days_presence_only|w90_searches|w90_carts|w90_orders|w90_gmv|w90_gmv_cat|w90_gmv_max|w90_lgmv_mean|w90_lgmv_std|w180_days_present|w180_days_search|w180_days_cat|w180_days_buy|w180_days_cart|w180_days_presence_only|w180_searches|w180_carts|w180_orders|w180_gmv|w180_gmv_cat|w180_gmv_max|w180_lgmv_mean|w180_lgmv_std|w365_days_present|w365_days_search|w365_days_cat|w365_days_buy|w365_days_cart|w365_days_presence_only|w365_searches|w365_carts|w365_orders|w365_gmv|w365_gmv_cat|w365_gmv_max|w365_lgmv_mean|w365_lgmv_std|rec_any|rec_search|rec_cart|rec_buy|rec_cat|gap_mean|gap_std|buygap_mean|buygap_std|weekend_share|tenure_frac|first_buy_frac|gap_max_frac|w7_aov|w7_gmv_per_day|w7_cart2ord|w7_srch2cart|w7_buyday_rate|w7_presence_rate|w7_ponly_share|w7_cat_gmv_share,1786387892010476500,no,no
data/processed/feat_20250907_LnormNone.parquet,feat_20250907_LnormNone.parquet,.parquet,dataset,source_or_derived_dataset,128491782,cf5c5d1579cb344c2f2fa44aaa9074f9d2519ce9a2275b30313c2a614dff1e10,unknown,rows=235625;row_groups=2;columns=user_id|w7_days_present|w7_days_search|w7_days_cat|w7_days_buy|w7_days_cart|w7_days_presence_only|w7_searches|w7_carts|w7_orders|w7_gmv|w7_gmv_cat|w7_gmv_max|w7_lgmv_mean|w7_lgmv_std|w14_days_present|w14_days_search|w14_days_cat|w14_days_buy|w14_days_cart|w14_days_presence_only|w14_searches|w14_carts|w14_orders|w14_gmv|w14_gmv_cat|w14_gmv_max|w14_lgmv_mean|w14_lgmv_std|w30_days_present|w30_days_search|w30_days_cat|w30_days_buy|w30_days_cart|w30_days_presence_only|w30_searches|w30_carts|w30_orders|w30_gmv|w30_gmv_cat|w30_gmv_max|w30_lgmv_mean|w30_lgmv_std|w60_days_present|w60_days_search|w60_days_cat|w60_days_buy|w60_days_cart|w60_days_presence_only|w60_searches|w60_carts|w60_orders|w60_gmv|w60_gmv_cat|w60_gmv_max|w60_lgmv_mean|w60_lgmv_std|w90_days_present|w90_days_search|w90_days_cat|w90_days_buy|w90_days_cart|w90_days_presence_only|w90_searches|w90_carts|w90_orders|w90_gmv|w90_gmv_cat|w90_gmv_max|w90_lgmv_mean|w90_lgmv_std|w180_days_present|w180_days_search|w180_days_cat|w180_days_buy|w180_days_cart|w180_days_presence_only|w180_searches|w180_carts|w180_orders|w180_gmv|w180_gmv_cat|w180_gmv_max|w180_lgmv_mean|w180_lgmv_std|w365_days_present|w365_days_search|w365_days_cat|w365_days_buy|w365_days_cart|w365_days_presence_only|w365_searches|w365_carts|w365_orders|w365_gmv|w365_gmv_cat|w365_gmv_max|w365_lgmv_mean|w365_lgmv_std|rec_any|rec_search|rec_cart|rec_buy|rec_cat|gap_mean|gap_std|buygap_mean|buygap_std|weekend_share|tenure_frac|first_buy_frac|gap_max_frac|w7_aov|w7_gmv_per_day|w7_cart2ord|w7_srch2cart|w7_buyday_rate|w7_presence_rate|w7_ponly_share|w7_cat_gmv_share,1786554434019134000,no,no
data/processed/feat_20250910_LnormNone.parquet,feat_20250910_LnormNone.parquet,.parquet,dataset,source_or_derived_dataset,128586828,562eaa765dab2e526f825c48d91b19b8a78b92ad86161b6d7574d208abb73ba3,unknown,rows=235951;row_groups=2;columns=user_id|w7_days_present|w7_days_search|w7_days_cat|w7_days_buy|w7_days_cart|w7_days_presence_only|w7_searches|w7_carts|w7_orders|w7_gmv|w7_gmv_cat|w7_gmv_max|w7_lgmv_mean|w7_lgmv_std|w14_days_present|w14_days_search|w14_days_cat|w14_days_buy|w14_days_cart|w14_days_presence_only|w14_searches|w14_carts|w14_orders|w14_gmv|w14_gmv_cat|w14_gmv_max|w14_lgmv_mean|w14_lgmv_std|w30_days_present|w30_days_search|w30_days_cat|w30_days_buy|w30_days_cart|w30_days_presence_only|w30_searches|w30_carts|w30_orders|w30_gmv|w30_gmv_cat|w30_gmv_max|w30_lgmv_mean|w30_lgmv_std|w60_days_present|w60_days_search|w60_days_cat|w60_days_buy|w60_days_cart|w60_days_presence_only|w60_searches|w60_carts|w60_orders|w60_gmv|w60_gmv_cat|w60_gmv_max|w60_lgmv_mean|w60_lgmv_std|w90_days_present|w90_days_search|w90_days_cat|w90_days_buy|w90_days_cart|w90_days_presence_only|w90_searches|w90_carts|w90_orders|w90_gmv|w90_gmv_cat|w90_gmv_max|w90_lgmv_mean|w90_lgmv_std|w180_days_present|w180_days_search|w180_days_cat|w180_days_buy|w180_days_cart|w180_days_presence_only|w180_searches|w180_carts|w180_orders|w180_gmv|w180_gmv_cat|w180_gmv_max|w180_lgmv_mean|w180_lgmv_std|w365_days_present|w365_days_search|w365_days_cat|w365_days_buy|w365_days_cart|w365_days_presence_only|w365_searches|w365_carts|w365_orders|w365_gmv|w365_gmv_cat|w365_gmv_max|w365_lgmv_mean|w365_lgmv_std|rec_any|rec_search|rec_cart|rec_buy|rec_cat|gap_mean|gap_std|buygap_mean|buygap_std|weekend_share|tenure_frac|first_buy_frac|gap_max_frac|w7_aov|w7_gmv_per_day|w7_cart2ord|w7_srch2cart|w7_buyday_rate|w7_presence_rate|w7_ponly_share|w7_cat_gmv_share,1786554437393692400,no,no
data/processed/feat_20250911_L180.parquet,feat_20250911_L180.parquet,.parquet,dataset,source_or_derived_dataset,101152570,cf30339f0d2de675c681038d1abb6505b827a5dff65914f27bb20f755d015dee,unknown,rows=234802;row_groups=2;columns=user_id|w7_days_present|w7_days_search|w7_days_cat|w7_days_buy|w7_days_cart|w7_days_presence_only|w7_searches|w7_carts|w7_orders|w7_gmv|w7_gmv_cat|w7_gmv_max|w7_lgmv_mean|w7_lgmv_std|w14_days_present|w14_days_search|w14_days_cat|w14_days_buy|w14_days_cart|w14_days_presence_only|w14_searches|w14_carts|w14_orders|w14_gmv|w14_gmv_cat|w14_gmv_max|w14_lgmv_mean|w14_lgmv_std|w30_days_present|w30_days_search|w30_days_cat|w30_days_buy|w30_days_cart|w30_days_presence_only|w30_searches|w30_carts|w30_orders|w30_gmv|w30_gmv_cat|w30_gmv_max|w30_lgmv_mean|w30_lgmv_std|w60_days_present|w60_days_search|w60_days_cat|w60_days_buy|w60_days_cart|w60_days_presence_only|w60_searches|w60_carts|w60_orders|w60_gmv|w60_gmv_cat|w60_gmv_max|w60_lgmv_mean|w60_lgmv_std|w90_days_present|w90_days_search|w90_days_cat|w90_days_buy|w90_days_cart|w90_days_presence_only|w90_searches|w90_carts|w90_orders|w90_gmv|w90_gmv_cat|w90_gmv_max|w90_lgmv_mean|w90_lgmv_std|w180_days_present|w180_days_search|w180_days_cat|w180_days_buy|w180_days_cart|w180_days_presence_only|w180_searches|w180_carts|w180_orders|w180_gmv|w180_gmv_cat|w180_gmv_max|w180_lgmv_mean|w180_lgmv_std|rec_any|rec_search|rec_cart|rec_buy|rec_cat|gap_mean|gap_std|gap_max|buygap_mean|buygap_std|weekend_share|w7_aov|w7_gmv_per_day|w7_cart2ord|w7_srch2cart|w7_buyday_rate|w7_presence_rate|w7_ponly_share|w7_cat_gmv_share|w7_srch_per_day|w7_lgmv|w7_gmv30eq|w14_aov|w14_gmv_per_day|w14_cart2ord|w14_srch2cart|w14_buyday_rate|w14_presence_rate|w14_ponly_share|w14_cat_gmv_share|w14_srch_per_day|w14_lgmv|w14_gmv30eq|w30_aov|w30_gmv_per_day,1786384296566043400,no,no
data/processed/feat_20250911_L270.parquet,feat_20250911_L270.parquet,.parquet,dataset,source_or_derived_dataset,126181518,a0236ac7b97046b8d05558a8fc0898062c13601d48d968045edeb00989562746,unknown,rows=236063;row_groups=2;columns=user_id|w7_days_present|w7_days_search|w7_days_cat|w7_days_buy|w7_days_cart|w7_days_presence_only|w7_searches|w7_carts|w7_orders|w7_gmv|w7_gmv_cat|w7_gmv_max|w7_lgmv_mean|w7_lgmv_std|w14_days_present|w14_days_search|w14_days_cat|w14_days_buy|w14_days_cart|w14_days_presence_only|w14_searches|w14_carts|w14_orders|w14_gmv|w14_gmv_cat|w14_gmv_max|w14_lgmv_mean|w14_lgmv_std|w30_days_present|w30_days_search|w30_days_cat|w30_days_buy|w30_days_cart|w30_days_presence_only|w30_searches|w30_carts|w30_orders|w30_gmv|w30_gmv_cat|w30_gmv_max|w30_lgmv_mean|w30_lgmv_std|w60_days_present|w60_days_search|w60_days_cat|w60_days_buy|w60_days_cart|w60_days_presence_only|w60_searches|w60_carts|w60_orders|w60_gmv|w60_gmv_cat|w60_gmv_max|w60_lgmv_mean|w60_lgmv_std|w90_days_present|w90_days_search|w90_days_cat|w90_days_buy|w90_days_cart|w90_days_presence_only|w90_searches|w90_carts|w90_orders|w90_gmv|w90_gmv_cat|w90_gmv_max|w90_lgmv_mean|w90_lgmv_std|w180_days_present|w180_days_search|w180_days_cat|w180_days_buy|w180_days_cart|w180_days_presence_only|w180_searches|w180_carts|w180_orders|w180_gmv|w180_gmv_cat|w180_gmv_max|w180_lgmv_mean|w180_lgmv_std|w270_days_present|w270_days_search|w270_days_cat|w270_days_buy|w270_days_cart|w270_days_presence_only|w270_searches|w270_carts|w270_orders|w270_gmv|w270_gmv_cat|w270_gmv_max|w270_lgmv_mean|w270_lgmv_std|rec_any|rec_search|rec_cart|rec_buy|rec_cat|gap_mean|gap_std|gap_max|buygap_mean|buygap_std|weekend_share|w7_aov|w7_gmv_per_day|w7_cart2ord|w7_srch2cart|w7_buyday_rate|w7_presence_rate|w7_ponly_share|w7_cat_gmv_share|w7_srch_per_day|w7_lgmv,1786384548510251100,no,no
data/processed/feat_20250911_L90.parquet,feat_20250911_L90.parquet,.parquet,dataset,source_or_derived_dataset,76292350,b47edb0a79a9530c786647d86cfb5d7819f143e497ca2352f4835810cfeb9707,unknown,rows=230976;row_groups=2;columns=user_id|w7_days_present|w7_days_search|w7_days_cat|w7_days_buy|w7_days_cart|w7_days_presence_only|w7_searches|w7_carts|w7_orders|w7_gmv|w7_gmv_cat|w7_gmv_max|w7_lgmv_mean|w7_lgmv_std|w14_days_present|w14_days_search|w14_days_cat|w14_days_buy|w14_days_cart|w14_days_presence_only|w14_searches|w14_carts|w14_orders|w14_gmv|w14_gmv_cat|w14_gmv_max|w14_lgmv_mean|w14_lgmv_std|w30_days_present|w30_days_search|w30_days_cat|w30_days_buy|w30_days_cart|w30_days_presence_only|w30_searches|w30_carts|w30_orders|w30_gmv|w30_gmv_cat|w30_gmv_max|w30_lgmv_mean|w30_lgmv_std|w60_days_present|w60_days_search|w60_days_cat|w60_days_buy|w60_days_cart|w60_days_presence_only|w60_searches|w60_carts|w60_orders|w60_gmv|w60_gmv_cat|w60_gmv_max|w60_lgmv_mean|w60_lgmv_std|w90_days_present|w90_days_search|w90_days_cat|w90_days_buy|w90_days_cart|w90_days_presence_only|w90_searches|w90_carts|w90_orders|w90_gmv|w90_gmv_cat|w90_gmv_max|w90_lgmv_mean|w90_lgmv_std|rec_any|rec_search|rec_cart|rec_buy|rec_cat|gap_mean|gap_std|gap_max|buygap_mean|buygap_std|weekend_share|w7_aov|w7_gmv_per_day|w7_cart2ord|w7_srch2cart|w7_buyday_rate|w7_presence_rate|w7_ponly_share|w7_cat_gmv_share|w7_srch_per_day|w7_lgmv|w7_gmv30eq|w14_aov|w14_gmv_per_day|w14_cart2ord|w14_srch2cart|w14_buyday_rate|w14_presence_rate|w14_ponly_share|w14_cat_gmv_share|w14_srch_per_day|w14_lgmv|w14_gmv30eq|w30_aov|w30_gmv_per_day|w30_cart2ord|w30_srch2cart|w30_buyday_rate|w30_presence_rate|w30_ponly_share|w30_cat_gmv_share|w30_srch_per_day|w30_lgmv|w30_gmv30eq|w60_aov|w60_gmv_per_day|w60_cart2ord|w60_srch2cart|w60_buyday_rate,1786384360497203700,no,no
data/processed/feat_20250911_LNone.parquet,feat_20250911_LNone.parquet,.parquet,dataset,source_or_derived_dataset,134046178,1643fc3fe1278a3bb2ad21e25d4379c8b5290c361ebcb537b94f638284eba356,unknown,rows=236063;row_groups=2;columns=user_id|w7_days_present|w7_days_search|w7_days_cat|w7_days_buy|w7_days_cart|w7_days_presence_only|w7_searches|w7_carts|w7_orders|w7_gmv|w7_gmv_cat|w7_gmv_max|w7_lgmv_mean|w7_lgmv_std|w14_days_present|w14_days_search|w14_days_cat|w14_days_buy|w14_days_cart|w14_days_presence_only|w14_searches|w14_carts|w14_orders|w14_gmv|w14_gmv_cat|w14_gmv_max|w14_lgmv_mean|w14_lgmv_std|w30_days_present|w30_days_search|w30_days_cat|w30_days_buy|w30_days_cart|w30_days_presence_only|w30_searches|w30_carts|w30_orders|w30_gmv|w30_gmv_cat|w30_gmv_max|w30_lgmv_mean|w30_lgmv_std|w60_days_present|w60_days_search|w60_days_cat|w60_days_buy|w60_days_cart|w60_days_presence_only|w60_searches|w60_carts|w60_orders|w60_gmv|w60_gmv_cat|w60_gmv_max|w60_lgmv_mean|w60_lgmv_std|w90_days_present|w90_days_search|w90_days_cat|w90_days_buy|w90_days_cart|w90_days_presence_only|w90_searches|w90_carts|w90_orders|w90_gmv|w90_gmv_cat|w90_gmv_max|w90_lgmv_mean|w90_lgmv_std|w180_days_present|w180_days_search|w180_days_cat|w180_days_buy|w180_days_cart|w180_days_presence_only|w180_searches|w180_carts|w180_orders|w180_gmv|w180_gmv_cat|w180_gmv_max|w180_lgmv_mean|w180_lgmv_std|w365_days_present|w365_days_search|w365_days_cat|w365_days_buy|w365_days_cart|w365_days_presence_only|w365_searches|w365_carts|w365_orders|w365_gmv|w365_gmv_cat|w365_gmv_max|w365_lgmv_mean|w365_lgmv_std|rec_any|rec_search|rec_cart|rec_buy|rec_cat|tenure|first_buy_age|all_days_present|all_days_buy|all_gmv|all_orders|all_searches|gap_mean|gap_std|gap_max|buygap_mean|buygap_std|weekend_share|w7_aov|w7_gmv_per_day|w7_cart2ord,1786384448102510800,no,no
data/processed/feat_20250911_LnormNone.parquet,feat_20250911_LnormNone.parquet,.parquet,dataset,source_or_derived_dataset,128724731,985fa990213a97356a359d16f6be90ebf8b5bdc9f79c6ebccff134b3adb9c5b1,unknown,rows=236063;row_groups=2;columns=user_id|w7_days_present|w7_days_search|w7_days_cat|w7_days_buy|w7_days_cart|w7_days_presence_only|w7_searches|w7_carts|w7_orders|w7_gmv|w7_gmv_cat|w7_gmv_max|w7_lgmv_mean|w7_lgmv_std|w14_days_present|w14_days_search|w14_days_cat|w14_days_buy|w14_days_cart|w14_days_presence_only|w14_searches|w14_carts|w14_orders|w14_gmv|w14_gmv_cat|w14_gmv_max|w14_lgmv_mean|w14_lgmv_std|w30_days_present|w30_days_search|w30_days_cat|w30_days_buy|w30_days_cart|w30_days_presence_only|w30_searches|w30_carts|w30_orders|w30_gmv|w30_gmv_cat|w30_gmv_max|w30_lgmv_mean|w30_lgmv_std|w60_days_present|w60_days_search|w60_days_cat|w60_days_buy|w60_days_cart|w60_days_presence_only|w60_searches|w60_carts|w60_orders|w60_gmv|w60_gmv_cat|w60_gmv_max|w60_lgmv_mean|w60_lgmv_std|w90_days_present|w90_days_search|w90_days_cat|w90_days_buy|w90_days_cart|w90_days_presence_only|w90_searches|w90_carts|w90_orders|w90_gmv|w90_gmv_cat|w90_gmv_max|w90_lgmv_mean|w90_lgmv_std|w180_days_present|w180_days_search|w180_days_cat|w180_days_buy|w180_days_cart|w180_days_presence_only|w180_searches|w180_carts|w180_orders|w180_gmv|w180_gmv_cat|w180_gmv_max|w180_lgmv_mean|w180_lgmv_std|w365_days_present|w365_days_search|w365_days_cat|w365_days_buy|w365_days_cart|w365_days_presence_only|w365_searches|w365_carts|w365_orders|w365_gmv|w365_gmv_cat|w365_gmv_max|w365_lgmv_mean|w365_lgmv_std|rec_any|rec_search|rec_cart|rec_buy|rec_cat|gap_mean|gap_std|buygap_mean|buygap_std|weekend_share|tenure_frac|first_buy_frac|gap_max_frac|w7_aov|w7_gmv_per_day|w7_cart2ord|w7_srch2cart|w7_buyday_rate|w7_presence_rate|w7_ponly_share|w7_cat_gmv_share,1786387897836228600,no,no
data/processed/feat_20250913_LnormNone.parquet,feat_20250913_LnormNone.parquet,.parquet,dataset,source_or_derived_dataset,129250427,a95d4aa4164fc5246ee683bac714ad39d36f2649c1fac1be7b3f3af836ad2cae,unknown,rows=236280;row_groups=2;columns=user_id|w7_days_present|w7_days_search|w7_days_cat|w7_days_buy|w7_days_cart|w7_days_presence_only|w7_searches|w7_carts|w7_orders|w7_gmv|w7_gmv_cat|w7_gmv_max|w7_lgmv_mean|w7_lgmv_std|w14_days_present|w14_days_search|w14_days_cat|w14_days_buy|w14_days_cart|w14_days_presence_only|w14_searches|w14_carts|w14_orders|w14_gmv|w14_gmv_cat|w14_gmv_max|w14_lgmv_mean|w14_lgmv_std|w30_days_present|w30_days_search|w30_days_cat|w30_days_buy|w30_days_cart|w30_days_presence_only|w30_searches|w30_carts|w30_orders|w30_gmv|w30_gmv_cat|w30_gmv_max|w30_lgmv_mean|w30_lgmv_std|w60_days_present|w60_days_search|w60_days_cat|w60_days_buy|w60_days_cart|w60_days_presence_only|w60_searches|w60_carts|w60_orders|w60_gmv|w60_gmv_cat|w60_gmv_max|w60_lgmv_mean|w60_lgmv_std|w90_days_present|w90_days_search|w90_days_cat|w90_days_buy|w90_days_cart|w90_days_presence_only|w90_searches|w90_carts|w90_orders|w90_gmv|w90_gmv_cat|w90_gmv_max|w90_lgmv_mean|w90_lgmv_std|w180_days_present|w180_days_search|w180_days_cat|w180_days_buy|w180_days_cart|w180_days_presence_only|w180_searches|w180_carts|w180_orders|w180_gmv|w180_gmv_cat|w180_gmv_max|w180_lgmv_mean|w180_lgmv_std|w365_days_present|w365_days_search|w365_days_cat|w365_days_buy|w365_days_cart|w365_days_presence_only|w365_searches|w365_carts|w365_orders|w365_gmv|w365_gmv_cat|w365_gmv_max|w365_lgmv_mean|w365_lgmv_std|rec_any|rec_search|rec_cart|rec_buy|rec_cat|gap_mean|gap_std|buygap_mean|buygap_std|weekend_share|tenure_frac|first_buy_frac|gap_max_frac|w7_aov|w7_gmv_per_day|w7_cart2ord|w7_srch2cart|w7_buyday_rate|w7_presence_rate|w7_ponly_share|w7_cat_gmv_share,1786554440858484800,no,no
data/processed/feat_20250916_L180.parquet,feat_20250916_L180.parquet,.parquet,dataset,source_or_derived_dataset,101658863,5fe7aa8d585f4485ad18443fe720082be7d73259e72c985b41c0930fbc7a3c29,unknown,rows=235382;row_groups=2;columns=user_id|w7_days_present|w7_days_search|w7_days_cat|w7_days_buy|w7_days_cart|w7_days_presence_only|w7_searches|w7_carts|w7_orders|w7_gmv|w7_gmv_cat|w7_gmv_max|w7_lgmv_mean|w7_lgmv_std|w14_days_present|w14_days_search|w14_days_cat|w14_days_buy|w14_days_cart|w14_days_presence_only|w14_searches|w14_carts|w14_orders|w14_gmv|w14_gmv_cat|w14_gmv_max|w14_lgmv_mean|w14_lgmv_std|w30_days_present|w30_days_search|w30_days_cat|w30_days_buy|w30_days_cart|w30_days_presence_only|w30_searches|w30_carts|w30_orders|w30_gmv|w30_gmv_cat|w30_gmv_max|w30_lgmv_mean|w30_lgmv_std|w60_days_present|w60_days_search|w60_days_cat|w60_days_buy|w60_days_cart|w60_days_presence_only|w60_searches|w60_carts|w60_orders|w60_gmv|w60_gmv_cat|w60_gmv_max|w60_lgmv_mean|w60_lgmv_std|w90_days_present|w90_days_search|w90_days_cat|w90_days_buy|w90_days_cart|w90_days_presence_only|w90_searches|w90_carts|w90_orders|w90_gmv|w90_gmv_cat|w90_gmv_max|w90_lgmv_mean|w90_lgmv_std|w180_days_present|w180_days_search|w180_days_cat|w180_days_buy|w180_days_cart|w180_days_presence_only|w180_searches|w180_carts|w180_orders|w180_gmv|w180_gmv_cat|w180_gmv_max|w180_lgmv_mean|w180_lgmv_std|rec_any|rec_search|rec_cart|rec_buy|rec_cat|gap_mean|gap_std|gap_max|buygap_mean|buygap_std|weekend_share|w7_aov|w7_gmv_per_day|w7_cart2ord|w7_srch2cart|w7_buyday_rate|w7_presence_rate|w7_ponly_share|w7_cat_gmv_share|w7_srch_per_day|w7_lgmv|w7_gmv30eq|w14_aov|w14_gmv_per_day|w14_cart2ord|w14_srch2cart|w14_buyday_rate|w14_presence_rate|w14_ponly_share|w14_cat_gmv_share|w14_srch_per_day|w14_lgmv|w14_gmv30eq|w30_aov|w30_gmv_per_day,1786384060105501300,no,no
data/processed/feat_20250916_LnormNone.parquet,feat_20250916_LnormNone.parquet,.parquet,dataset,source_or_derived_dataset,129610393,f50852413d9904d6bcec64b74c718adb8d7f5f23bc4afaf6c96556bdbf6eaac5,unknown,rows=236668;row_groups=2;columns=user_id|w7_days_present|w7_days_search|w7_days_cat|w7_days_buy|w7_days_cart|w7_days_presence_only|w7_searches|w7_carts|w7_orders|w7_gmv|w7_gmv_cat|w7_gmv_max|w7_lgmv_mean|w7_lgmv_std|w14_days_present|w14_days_search|w14_days_cat|w14_days_buy|w14_days_cart|w14_days_presence_only|w14_searches|w14_carts|w14_orders|w14_gmv|w14_gmv_cat|w14_gmv_max|w14_lgmv_mean|w14_lgmv_std|w30_days_present|w30_days_search|w30_days_cat|w30_days_buy|w30_days_cart|w30_days_presence_only|w30_searches|w30_carts|w30_orders|w30_gmv|w30_gmv_cat|w30_gmv_max|w30_lgmv_mean|w30_lgmv_std|w60_days_present|w60_days_search|w60_days_cat|w60_days_buy|w60_days_cart|w60_days_presence_only|w60_searches|w60_carts|w60_orders|w60_gmv|w60_gmv_cat|w60_gmv_max|w60_lgmv_mean|w60_lgmv_std|w90_days_present|w90_days_search|w90_days_cat|w90_days_buy|w90_days_cart|w90_days_presence_only|w90_searches|w90_carts|w90_orders|w90_gmv|w90_gmv_cat|w90_gmv_max|w90_lgmv_mean|w90_lgmv_std|w180_days_present|w180_days_search|w180_days_cat|w180_days_buy|w180_days_cart|w180_days_presence_only|w180_searches|w180_carts|w180_orders|w180_gmv|w180_gmv_cat|w180_gmv_max|w180_lgmv_mean|w180_lgmv_std|w365_days_present|w365_days_search|w365_days_cat|w365_days_buy|w365_days_cart|w365_days_presence_only|w365_searches|w365_carts|w365_orders|w365_gmv|w365_gmv_cat|w365_gmv_max|w365_lgmv_mean|w365_lgmv_std|rec_any|rec_search|rec_cart|rec_buy|rec_cat|gap_mean|gap_std|buygap_mean|buygap_std|weekend_share|tenure_frac|first_buy_frac|gap_max_frac|w7_aov|w7_gmv_per_day|w7_cart2ord|w7_srch2cart|w7_buyday_rate|w7_presence_rate|w7_ponly_share|w7_cat_gmv_share,1786554444461137800,no,no
data/processed/feat_20250918_L180.parquet,feat_20250918_L180.parquet,.parquet,dataset,source_or_derived_dataset,101901172,d64a9cf1a4eae06492de6c80ea91f523a49f318c817712f5fec2dd4b914d8154,unknown,rows=235657;row_groups=2;columns=user_id|w7_days_present|w7_days_search|w7_days_cat|w7_days_buy|w7_days_cart|w7_days_presence_only|w7_searches|w7_carts|w7_orders|w7_gmv|w7_gmv_cat|w7_gmv_max|w7_lgmv_mean|w7_lgmv_std|w14_days_present|w14_days_search|w14_days_cat|w14_days_buy|w14_days_cart|w14_days_presence_only|w14_searches|w14_carts|w14_orders|w14_gmv|w14_gmv_cat|w14_gmv_max|w14_lgmv_mean|w14_lgmv_std|w30_days_present|w30_days_search|w30_days_cat|w30_days_buy|w30_days_cart|w30_days_presence_only|w30_searches|w30_carts|w30_orders|w30_gmv|w30_gmv_cat|w30_gmv_max|w30_lgmv_mean|w30_lgmv_std|w60_days_present|w60_days_search|w60_days_cat|w60_days_buy|w60_days_cart|w60_days_presence_only|w60_searches|w60_carts|w60_orders|w60_gmv|w60_gmv_cat|w60_gmv_max|w60_lgmv_mean|w60_lgmv_std|w90_days_present|w90_days_search|w90_days_cat|w90_days_buy|w90_days_cart|w90_days_presence_only|w90_searches|w90_carts|w90_orders|w90_gmv|w90_gmv_cat|w90_gmv_max|w90_lgmv_mean|w90_lgmv_std|w180_days_present|w180_days_search|w180_days_cat|w180_days_buy|w180_days_cart|w180_days_presence_only|w180_searches|w180_carts|w180_orders|w180_gmv|w180_gmv_cat|w180_gmv_max|w180_lgmv_mean|w180_lgmv_std|rec_any|rec_search|rec_cart|rec_buy|rec_cat|gap_mean|gap_std|gap_max|buygap_mean|buygap_std|weekend_share|w7_aov|w7_gmv_per_day|w7_cart2ord|w7_srch2cart|w7_buyday_rate|w7_presence_rate|w7_ponly_share|w7_cat_gmv_share|w7_srch_per_day|w7_lgmv|w7_gmv30eq|w14_aov|w14_gmv_per_day|w14_cart2ord|w14_srch2cart|w14_buyday_rate|w14_presence_rate|w14_ponly_share|w14_cat_gmv_share|w14_srch_per_day|w14_lgmv|w14_gmv30eq|w30_aov|w30_gmv_per_day,1786384299615976700,no,no
data/processed/feat_20250918_L270.parquet,feat_20250918_L270.parquet,.parquet,dataset,source_or_derived_dataset,127446796,1269d8c1fbf260f7c21d5cb066e0ba1a79074fc0f98550617e2c50565fce31ef,unknown,rows=236957;row_groups=2;columns=user_id|w7_days_present|w7_days_search|w7_days_cat|w7_days_buy|w7_days_cart|w7_days_presence_only|w7_searches|w7_carts|w7_orders|w7_gmv|w7_gmv_cat|w7_gmv_max|w7_lgmv_mean|w7_lgmv_std|w14_days_present|w14_days_search|w14_days_cat|w14_days_buy|w14_days_cart|w14_days_presence_only|w14_searches|w14_carts|w14_orders|w14_gmv|w14_gmv_cat|w14_gmv_max|w14_lgmv_mean|w14_lgmv_std|w30_days_present|w30_days_search|w30_days_cat|w30_days_buy|w30_days_cart|w30_days_presence_only|w30_searches|w30_carts|w30_orders|w30_gmv|w30_gmv_cat|w30_gmv_max|w30_lgmv_mean|w30_lgmv_std|w60_days_present|w60_days_search|w60_days_cat|w60_days_buy|w60_days_cart|w60_days_presence_only|w60_searches|w60_carts|w60_orders|w60_gmv|w60_gmv_cat|w60_gmv_max|w60_lgmv_mean|w60_lgmv_std|w90_days_present|w90_days_search|w90_days_cat|w90_days_buy|w90_days_cart|w90_days_presence_only|w90_searches|w90_carts|w90_orders|w90_gmv|w90_gmv_cat|w90_gmv_max|w90_lgmv_mean|w90_lgmv_std|w180_days_present|w180_days_search|w180_days_cat|w180_days_buy|w180_days_cart|w180_days_presence_only|w180_searches|w180_carts|w180_orders|w180_gmv|w180_gmv_cat|w180_gmv_max|w180_lgmv_mean|w180_lgmv_std|w270_days_present|w270_days_search|w270_days_cat|w270_days_buy|w270_days_cart|w270_days_presence_only|w270_searches|w270_carts|w270_orders|w270_gmv|w270_gmv_cat|w270_gmv_max|w270_lgmv_mean|w270_lgmv_std|rec_any|rec_search|rec_cart|rec_buy|rec_cat|gap_mean|gap_std|gap_max|buygap_mean|buygap_std|weekend_share|w7_aov|w7_gmv_per_day|w7_cart2ord|w7_srch2cart|w7_buyday_rate|w7_presence_rate|w7_ponly_share|w7_cat_gmv_share|w7_srch_per_day|w7_lgmv,1786384552666338200,no,no
data/processed/feat_20250918_L90.parquet,feat_20250918_L90.parquet,.parquet,dataset,source_or_derived_dataset,76885937,4d0f6b63e2fb5827530a2c350f4243dfa6b3fd60b503f49e7b6006f5d28e0ca6,unknown,rows=231945;row_groups=2;columns=user_id|w7_days_present|w7_days_search|w7_days_cat|w7_days_buy|w7_days_cart|w7_days_presence_only|w7_searches|w7_carts|w7_orders|w7_gmv|w7_gmv_cat|w7_gmv_max|w7_lgmv_mean|w7_lgmv_std|w14_days_present|w14_days_search|w14_days_cat|w14_days_buy|w14_days_cart|w14_days_presence_only|w14_searches|w14_carts|w14_orders|w14_gmv|w14_gmv_cat|w14_gmv_max|w14_lgmv_mean|w14_lgmv_std|w30_days_present|w30_days_search|w30_days_cat|w30_days_buy|w30_days_cart|w30_days_presence_only|w30_searches|w30_carts|w30_orders|w30_gmv|w30_gmv_cat|w30_gmv_max|w30_lgmv_mean|w30_lgmv_std|w60_days_present|w60_days_search|w60_days_cat|w60_days_buy|w60_days_cart|w60_days_presence_only|w60_searches|w60_carts|w60_orders|w60_gmv|w60_gmv_cat|w60_gmv_max|w60_lgmv_mean|w60_lgmv_std|w90_days_present|w90_days_search|w90_days_cat|w90_days_buy|w90_days_cart|w90_days_presence_only|w90_searches|w90_carts|w90_orders|w90_gmv|w90_gmv_cat|w90_gmv_max|w90_lgmv_mean|w90_lgmv_std|rec_any|rec_search|rec_cart|rec_buy|rec_cat|gap_mean|gap_std|gap_max|buygap_mean|buygap_std|weekend_share|w7_aov|w7_gmv_per_day|w7_cart2ord|w7_srch2cart|w7_buyday_rate|w7_presence_rate|w7_ponly_share|w7_cat_gmv_share|w7_srch_per_day|w7_lgmv|w7_gmv30eq|w14_aov|w14_gmv_per_day|w14_cart2ord|w14_srch2cart|w14_buyday_rate|w14_presence_rate|w14_ponly_share|w14_cat_gmv_share|w14_srch_per_day|w14_lgmv|w14_gmv30eq|w30_aov|w30_gmv_per_day|w30_cart2ord|w30_srch2cart|w30_buyday_rate|w30_presence_rate|w30_ponly_share|w30_cat_gmv_share|w30_srch_per_day|w30_lgmv|w30_gmv30eq|w60_aov|w60_gmv_per_day|w60_cart2ord|w60_srch2cart|w60_buyday_rate,1786384362377024400,no,no
data/processed/feat_20250918_LNone.parquet,feat_20250918_LNone.parquet,.parquet,dataset,source_or_derived_dataset,135528659,51f95d75dd9d2f7c31fae4841b91743f9fb4d9888fc59f107e7ea22764b8a5d6,unknown,rows=236957;row_groups=2;columns=user_id|w7_days_present|w7_days_search|w7_days_cat|w7_days_buy|w7_days_cart|w7_days_presence_only|w7_searches|w7_carts|w7_orders|w7_gmv|w7_gmv_cat|w7_gmv_max|w7_lgmv_mean|w7_lgmv_std|w14_days_present|w14_days_search|w14_days_cat|w14_days_buy|w14_days_cart|w14_days_presence_only|w14_searches|w14_carts|w14_orders|w14_gmv|w14_gmv_cat|w14_gmv_max|w14_lgmv_mean|w14_lgmv_std|w30_days_present|w30_days_search|w30_days_cat|w30_days_buy|w30_days_cart|w30_days_presence_only|w30_searches|w30_carts|w30_orders|w30_gmv|w30_gmv_cat|w30_gmv_max|w30_lgmv_mean|w30_lgmv_std|w60_days_present|w60_days_search|w60_days_cat|w60_days_buy|w60_days_cart|w60_days_presence_only|w60_searches|w60_carts|w60_orders|w60_gmv|w60_gmv_cat|w60_gmv_max|w60_lgmv_mean|w60_lgmv_std|w90_days_present|w90_days_search|w90_days_cat|w90_days_buy|w90_days_cart|w90_days_presence_only|w90_searches|w90_carts|w90_orders|w90_gmv|w90_gmv_cat|w90_gmv_max|w90_lgmv_mean|w90_lgmv_std|w180_days_present|w180_days_search|w180_days_cat|w180_days_buy|w180_days_cart|w180_days_presence_only|w180_searches|w180_carts|w180_orders|w180_gmv|w180_gmv_cat|w180_gmv_max|w180_lgmv_mean|w180_lgmv_std|w365_days_present|w365_days_search|w365_days_cat|w365_days_buy|w365_days_cart|w365_days_presence_only|w365_searches|w365_carts|w365_orders|w365_gmv|w365_gmv_cat|w365_gmv_max|w365_lgmv_mean|w365_lgmv_std|rec_any|rec_search|rec_cart|rec_buy|rec_cat|tenure|first_buy_age|all_days_present|all_days_buy|all_gmv|all_orders|all_searches|gap_mean|gap_std|gap_max|buygap_mean|buygap_std|weekend_share|w7_aov|w7_gmv_per_day|w7_cart2ord,1786384451726563500,no,no
data/processed/feat_20250918_LnormNone.parquet,feat_20250918_LnormNone.parquet,.parquet,dataset,source_or_derived_dataset,129942763,556f57d0026c37e6072937de1d811ca7ec49f8ebbb8c599eca9be6edc34a83e3,unknown,rows=236957;row_groups=2;columns=user_id|w7_days_present|w7_days_search|w7_days_cat|w7_days_buy|w7_days_cart|w7_days_presence_only|w7_searches|w7_carts|w7_orders|w7_gmv|w7_gmv_cat|w7_gmv_max|w7_lgmv_mean|w7_lgmv_std|w14_days_present|w14_days_search|w14_days_cat|w14_days_buy|w14_days_cart|w14_days_presence_only|w14_searches|w14_carts|w14_orders|w14_gmv|w14_gmv_cat|w14_gmv_max|w14_lgmv_mean|w14_lgmv_std|w30_days_present|w30_days_search|w30_days_cat|w30_days_buy|w30_days_cart|w30_days_presence_only|w30_searches|w30_carts|w30_orders|w30_gmv|w30_gmv_cat|w30_gmv_max|w30_lgmv_mean|w30_lgmv_std|w60_days_present|w60_days_search|w60_days_cat|w60_days_buy|w60_days_cart|w60_days_presence_only|w60_searches|w60_carts|w60_orders|w60_gmv|w60_gmv_cat|w60_gmv_max|w60_lgmv_mean|w60_lgmv_std|w90_days_present|w90_days_search|w90_days_cat|w90_days_buy|w90_days_cart|w90_days_presence_only|w90_searches|w90_carts|w90_orders|w90_gmv|w90_gmv_cat|w90_gmv_max|w90_lgmv_mean|w90_lgmv_std|w180_days_present|w180_days_search|w180_days_cat|w180_days_buy|w180_days_cart|w180_days_presence_only|w180_searches|w180_carts|w180_orders|w180_gmv|w180_gmv_cat|w180_gmv_max|w180_lgmv_mean|w180_lgmv_std|w365_days_present|w365_days_search|w365_days_cat|w365_days_buy|w365_days_cart|w365_days_presence_only|w365_searches|w365_carts|w365_orders|w365_gmv|w365_gmv_cat|w365_gmv_max|w365_lgmv_mean|w365_lgmv_std|rec_any|rec_search|rec_cart|rec_buy|rec_cat|gap_mean|gap_std|buygap_mean|buygap_std|weekend_share|tenure_frac|first_buy_frac|gap_max_frac|w7_aov|w7_gmv_per_day|w7_cart2ord|w7_srch2cart|w7_buyday_rate|w7_presence_rate|w7_ponly_share|w7_cat_gmv_share,1786387902629245800,no,no
data/processed/feat_20250919_LnormNone.parquet,feat_20250919_LnormNone.parquet,.parquet,dataset,source_or_derived_dataset,130093819,b46c25e4a5396d57d2b5515149aca5cf581637f69d875d9322e05beb5672b345,unknown,rows=237086;row_groups=2;columns=user_id|w7_days_present|w7_days_search|w7_days_cat|w7_days_buy|w7_days_cart|w7_days_presence_only|w7_searches|w7_carts|w7_orders|w7_gmv|w7_gmv_cat|w7_gmv_max|w7_lgmv_mean|w7_lgmv_std|w14_days_present|w14_days_search|w14_days_cat|w14_days_buy|w14_days_cart|w14_days_presence_only|w14_searches|w14_carts|w14_orders|w14_gmv|w14_gmv_cat|w14_gmv_max|w14_lgmv_mean|w14_lgmv_std|w30_days_present|w30_days_search|w30_days_cat|w30_days_buy|w30_days_cart|w30_days_presence_only|w30_searches|w30_carts|w30_orders|w30_gmv|w30_gmv_cat|w30_gmv_max|w30_lgmv_mean|w30_lgmv_std|w60_days_present|w60_days_search|w60_days_cat|w60_days_buy|w60_days_cart|w60_days_presence_only|w60_searches|w60_carts|w60_orders|w60_gmv|w60_gmv_cat|w60_gmv_max|w60_lgmv_mean|w60_lgmv_std|w90_days_present|w90_days_search|w90_days_cat|w90_days_buy|w90_days_cart|w90_days_presence_only|w90_searches|w90_carts|w90_orders|w90_gmv|w90_gmv_cat|w90_gmv_max|w90_lgmv_mean|w90_lgmv_std|w180_days_present|w180_days_search|w180_days_cat|w180_days_buy|w180_days_cart|w180_days_presence_only|w180_searches|w180_carts|w180_orders|w180_gmv|w180_gmv_cat|w180_gmv_max|w180_lgmv_mean|w180_lgmv_std|w365_days_present|w365_days_search|w365_days_cat|w365_days_buy|w365_days_cart|w365_days_presence_only|w365_searches|w365_carts|w365_orders|w365_gmv|w365_gmv_cat|w365_gmv_max|w365_lgmv_mean|w365_lgmv_std|rec_any|rec_search|rec_cart|rec_buy|rec_cat|gap_mean|gap_std|buygap_mean|buygap_std|weekend_share|tenure_frac|first_buy_frac|gap_max_frac|w7_aov|w7_gmv_per_day|w7_cart2ord|w7_srch2cart|w7_buyday_rate|w7_presence_rate|w7_ponly_share|w7_cat_gmv_share,1786554447904813100,no,no
data/processed/feat_20250922_LnormNone.parquet,feat_20250922_LnormNone.parquet,.parquet,dataset,source_or_derived_dataset,130658448,814e0991035831e938c1e98943dd5ae18be8158b145cd083e78574200845d9fa,unknown,rows=237503;row_groups=2;columns=user_id|w7_days_present|w7_days_search|w7_days_cat|w7_days_buy|w7_days_cart|w7_days_presence_only|w7_searches|w7_carts|w7_orders|w7_gmv|w7_gmv_cat|w7_gmv_max|w7_lgmv_mean|w7_lgmv_std|w14_days_present|w14_days_search|w14_days_cat|w14_days_buy|w14_days_cart|w14_days_presence_only|w14_searches|w14_carts|w14_orders|w14_gmv|w14_gmv_cat|w14_gmv_max|w14_lgmv_mean|w14_lgmv_std|w30_days_present|w30_days_search|w30_days_cat|w30_days_buy|w30_days_cart|w30_days_presence_only|w30_searches|w30_carts|w30_orders|w30_gmv|w30_gmv_cat|w30_gmv_max|w30_lgmv_mean|w30_lgmv_std|w60_days_present|w60_days_search|w60_days_cat|w60_days_buy|w60_days_cart|w60_days_presence_only|w60_searches|w60_carts|w60_orders|w60_gmv|w60_gmv_cat|w60_gmv_max|w60_lgmv_mean|w60_lgmv_std|w90_days_present|w90_days_search|w90_days_cat|w90_days_buy|w90_days_cart|w90_days_presence_only|w90_searches|w90_carts|w90_orders|w90_gmv|w90_gmv_cat|w90_gmv_max|w90_lgmv_mean|w90_lgmv_std|w180_days_present|w180_days_search|w180_days_cat|w180_days_buy|w180_days_cart|w180_days_presence_only|w180_searches|w180_carts|w180_orders|w180_gmv|w180_gmv_cat|w180_gmv_max|w180_lgmv_mean|w180_lgmv_std|w365_days_present|w365_days_search|w365_days_cat|w365_days_buy|w365_days_cart|w365_days_presence_only|w365_searches|w365_carts|w365_orders|w365_gmv|w365_gmv_cat|w365_gmv_max|w365_lgmv_mean|w365_lgmv_std|rec_any|rec_search|rec_cart|rec_buy|rec_cat|gap_mean|gap_std|buygap_mean|buygap_std|weekend_share|tenure_frac|first_buy_frac|gap_max_frac|w7_aov|w7_gmv_per_day|w7_cart2ord|w7_srch2cart|w7_buyday_rate|w7_presence_rate|w7_ponly_share|w7_cat_gmv_share,1786554452085238800,no,no
data/processed/feat_20250925_L180.parquet,feat_20250925_L180.parquet,.parquet,dataset,source_or_derived_dataset,102751338,52cdd404c18efebd6a3502adfd5c620f996c9001f4175585e9812615a86f63ff,unknown,rows=236577;row_groups=2;columns=user_id|w7_days_present|w7_days_search|w7_days_cat|w7_days_buy|w7_days_cart|w7_days_presence_only|w7_searches|w7_carts|w7_orders|w7_gmv|w7_gmv_cat|w7_gmv_max|w7_lgmv_mean|w7_lgmv_std|w14_days_present|w14_days_search|w14_days_cat|w14_days_buy|w14_days_cart|w14_days_presence_only|w14_searches|w14_carts|w14_orders|w14_gmv|w14_gmv_cat|w14_gmv_max|w14_lgmv_mean|w14_lgmv_std|w30_days_present|w30_days_search|w30_days_cat|w30_days_buy|w30_days_cart|w30_days_presence_only|w30_searches|w30_carts|w30_orders|w30_gmv|w30_gmv_cat|w30_gmv_max|w30_lgmv_mean|w30_lgmv_std|w60_days_present|w60_days_search|w60_days_cat|w60_days_buy|w60_days_cart|w60_days_presence_only|w60_searches|w60_carts|w60_orders|w60_gmv|w60_gmv_cat|w60_gmv_max|w60_lgmv_mean|w60_lgmv_std|w90_days_present|w90_days_search|w90_days_cat|w90_days_buy|w90_days_cart|w90_days_presence_only|w90_searches|w90_carts|w90_orders|w90_gmv|w90_gmv_cat|w90_gmv_max|w90_lgmv_mean|w90_lgmv_std|w180_days_present|w180_days_search|w180_days_cat|w180_days_buy|w180_days_cart|w180_days_presence_only|w180_searches|w180_carts|w180_orders|w180_gmv|w180_gmv_cat|w180_gmv_max|w180_lgmv_mean|w180_lgmv_std|rec_any|rec_search|rec_cart|rec_buy|rec_cat|gap_mean|gap_std|gap_max|buygap_mean|buygap_std|weekend_share|w7_aov|w7_gmv_per_day|w7_cart2ord|w7_srch2cart|w7_buyday_rate|w7_presence_rate|w7_ponly_share|w7_cat_gmv_share|w7_srch_per_day|w7_lgmv|w7_gmv30eq|w14_aov|w14_gmv_per_day|w14_cart2ord|w14_srch2cart|w14_buyday_rate|w14_presence_rate|w14_ponly_share|w14_cat_gmv_share|w14_srch_per_day|w14_lgmv|w14_gmv30eq|w30_aov|w30_gmv_per_day,1786384302674996900,no,no
data/processed/feat_20250925_L270.parquet,feat_20250925_L270.parquet,.parquet,dataset,source_or_derived_dataset,128621486,92475c3bf011eeb2a183e67bcea330d2e3bdeb5dafb1cab19d658d43f2892ffc,unknown,rows=237919;row_groups=2;columns=user_id|w7_days_present|w7_days_search|w7_days_cat|w7_days_buy|w7_days_cart|w7_days_presence_only|w7_searches|w7_carts|w7_orders|w7_gmv|w7_gmv_cat|w7_gmv_max|w7_lgmv_mean|w7_lgmv_std|w14_days_present|w14_days_search|w14_days_cat|w14_days_buy|w14_days_cart|w14_days_presence_only|w14_searches|w14_carts|w14_orders|w14_gmv|w14_gmv_cat|w14_gmv_max|w14_lgmv_mean|w14_lgmv_std|w30_days_present|w30_days_search|w30_days_cat|w30_days_buy|w30_days_cart|w30_days_presence_only|w30_searches|w30_carts|w30_orders|w30_gmv|w30_gmv_cat|w30_gmv_max|w30_lgmv_mean|w30_lgmv_std|w60_days_present|w60_days_search|w60_days_cat|w60_days_buy|w60_days_cart|w60_days_presence_only|w60_searches|w60_carts|w60_orders|w60_gmv|w60_gmv_cat|w60_gmv_max|w60_lgmv_mean|w60_lgmv_std|w90_days_present|w90_days_search|w90_days_cat|w90_days_buy|w90_days_cart|w90_days_presence_only|w90_searches|w90_carts|w90_orders|w90_gmv|w90_gmv_cat|w90_gmv_max|w90_lgmv_mean|w90_lgmv_std|w180_days_present|w180_days_search|w180_days_cat|w180_days_buy|w180_days_cart|w180_days_presence_only|w180_searches|w180_carts|w180_orders|w180_gmv|w180_gmv_cat|w180_gmv_max|w180_lgmv_mean|w180_lgmv_std|w270_days_present|w270_days_search|w270_days_cat|w270_days_buy|w270_days_cart|w270_days_presence_only|w270_searches|w270_carts|w270_orders|w270_gmv|w270_gmv_cat|w270_gmv_max|w270_lgmv_mean|w270_lgmv_std|rec_any|rec_search|rec_cart|rec_buy|rec_cat|gap_mean|gap_std|gap_max|buygap_mean|buygap_std|weekend_share|w7_aov|w7_gmv_per_day|w7_cart2ord|w7_srch2cart|w7_buyday_rate|w7_presence_rate|w7_ponly_share|w7_cat_gmv_share|w7_srch_per_day|w7_lgmv,1786384556733122700,no,no
data/processed/feat_20250925_L90.parquet,feat_20250925_L90.parquet,.parquet,dataset,source_or_derived_dataset,77616621,778bb43cfda72023355371f56a6135cc8cc7377c6374c26f8dc81798c0937b07,unknown,rows=233059;row_groups=2;columns=user_id|w7_days_present|w7_days_search|w7_days_cat|w7_days_buy|w7_days_cart|w7_days_presence_only|w7_searches|w7_carts|w7_orders|w7_gmv|w7_gmv_cat|w7_gmv_max|w7_lgmv_mean|w7_lgmv_std|w14_days_present|w14_days_search|w14_days_cat|w14_days_buy|w14_days_cart|w14_days_presence_only|w14_searches|w14_carts|w14_orders|w14_gmv|w14_gmv_cat|w14_gmv_max|w14_lgmv_mean|w14_lgmv_std|w30_days_present|w30_days_search|w30_days_cat|w30_days_buy|w30_days_cart|w30_days_presence_only|w30_searches|w30_carts|w30_orders|w30_gmv|w30_gmv_cat|w30_gmv_max|w30_lgmv_mean|w30_lgmv_std|w60_days_present|w60_days_search|w60_days_cat|w60_days_buy|w60_days_cart|w60_days_presence_only|w60_searches|w60_carts|w60_orders|w60_gmv|w60_gmv_cat|w60_gmv_max|w60_lgmv_mean|w60_lgmv_std|w90_days_present|w90_days_search|w90_days_cat|w90_days_buy|w90_days_cart|w90_days_presence_only|w90_searches|w90_carts|w90_orders|w90_gmv|w90_gmv_cat|w90_gmv_max|w90_lgmv_mean|w90_lgmv_std|rec_any|rec_search|rec_cart|rec_buy|rec_cat|gap_mean|gap_std|gap_max|buygap_mean|buygap_std|weekend_share|w7_aov|w7_gmv_per_day|w7_cart2ord|w7_srch2cart|w7_buyday_rate|w7_presence_rate|w7_ponly_share|w7_cat_gmv_share|w7_srch_per_day|w7_lgmv|w7_gmv30eq|w14_aov|w14_gmv_per_day|w14_cart2ord|w14_srch2cart|w14_buyday_rate|w14_presence_rate|w14_ponly_share|w14_cat_gmv_share|w14_srch_per_day|w14_lgmv|w14_gmv30eq|w30_aov|w30_gmv_per_day|w30_cart2ord|w30_srch2cart|w30_buyday_rate|w30_presence_rate|w30_ponly_share|w30_cat_gmv_share|w30_srch_per_day|w30_lgmv|w30_gmv30eq|w60_aov|w60_gmv_per_day|w60_cart2ord|w60_srch2cart|w60_buyday_rate,1786384364281046600,no,no
data/processed/feat_20250925_LNone.parquet,feat_20250925_LNone.parquet,.parquet,dataset,source_or_derived_dataset,136772892,71f46dbc29382b694f287d01d23828d745f3918fe404fc6b26fc25eaaff5f2a6,unknown,rows=237919;row_groups=2;columns=user_id|w7_days_present|w7_days_search|w7_days_cat|w7_days_buy|w7_days_cart|w7_days_presence_only|w7_searches|w7_carts|w7_orders|w7_gmv|w7_gmv_cat|w7_gmv_max|w7_lgmv_mean|w7_lgmv_std|w14_days_present|w14_days_search|w14_days_cat|w14_days_buy|w14_days_cart|w14_days_presence_only|w14_searches|w14_carts|w14_orders|w14_gmv|w14_gmv_cat|w14_gmv_max|w14_lgmv_mean|w14_lgmv_std|w30_days_present|w30_days_search|w30_days_cat|w30_days_buy|w30_days_cart|w30_days_presence_only|w30_searches|w30_carts|w30_orders|w30_gmv|w30_gmv_cat|w30_gmv_max|w30_lgmv_mean|w30_lgmv_std|w60_days_present|w60_days_search|w60_days_cat|w60_days_buy|w60_days_cart|w60_days_presence_only|w60_searches|w60_carts|w60_orders|w60_gmv|w60_gmv_cat|w60_gmv_max|w60_lgmv_mean|w60_lgmv_std|w90_days_present|w90_days_search|w90_days_cat|w90_days_buy|w90_days_cart|w90_days_presence_only|w90_searches|w90_carts|w90_orders|w90_gmv|w90_gmv_cat|w90_gmv_max|w90_lgmv_mean|w90_lgmv_std|w180_days_present|w180_days_search|w180_days_cat|w180_days_buy|w180_days_cart|w180_days_presence_only|w180_searches|w180_carts|w180_orders|w180_gmv|w180_gmv_cat|w180_gmv_max|w180_lgmv_mean|w180_lgmv_std|w365_days_present|w365_days_search|w365_days_cat|w365_days_buy|w365_days_cart|w365_days_presence_only|w365_searches|w365_carts|w365_orders|w365_gmv|w365_gmv_cat|w365_gmv_max|w365_lgmv_mean|w365_lgmv_std|rec_any|rec_search|rec_cart|rec_buy|rec_cat|tenure|first_buy_age|all_days_present|all_days_buy|all_gmv|all_orders|all_searches|gap_mean|gap_std|gap_max|buygap_mean|buygap_std|weekend_share|w7_aov|w7_gmv_per_day|w7_cart2ord,1786384455765245700,no,no
data/processed/feat_20250925_LnormNone.parquet,feat_20250925_LnormNone.parquet,.parquet,dataset,source_or_derived_dataset,131158107,4106fecb5a33088e70af9192855f3322fd02b4e8bd9f69c39ef31a103cc8f6b3,unknown,rows=237919;row_groups=2;columns=user_id|w7_days_present|w7_days_search|w7_days_cat|w7_days_buy|w7_days_cart|w7_days_presence_only|w7_searches|w7_carts|w7_orders|w7_gmv|w7_gmv_cat|w7_gmv_max|w7_lgmv_mean|w7_lgmv_std|w14_days_present|w14_days_search|w14_days_cat|w14_days_buy|w14_days_cart|w14_days_presence_only|w14_searches|w14_carts|w14_orders|w14_gmv|w14_gmv_cat|w14_gmv_max|w14_lgmv_mean|w14_lgmv_std|w30_days_present|w30_days_search|w30_days_cat|w30_days_buy|w30_days_cart|w30_days_presence_only|w30_searches|w30_carts|w30_orders|w30_gmv|w30_gmv_cat|w30_gmv_max|w30_lgmv_mean|w30_lgmv_std|w60_days_present|w60_days_search|w60_days_cat|w60_days_buy|w60_days_cart|w60_days_presence_only|w60_searches|w60_carts|w60_orders|w60_gmv|w60_gmv_cat|w60_gmv_max|w60_lgmv_mean|w60_lgmv_std|w90_days_present|w90_days_search|w90_days_cat|w90_days_buy|w90_days_cart|w90_days_presence_only|w90_searches|w90_carts|w90_orders|w90_gmv|w90_gmv_cat|w90_gmv_max|w90_lgmv_mean|w90_lgmv_std|w180_days_present|w180_days_search|w180_days_cat|w180_days_buy|w180_days_cart|w180_days_presence_only|w180_searches|w180_carts|w180_orders|w180_gmv|w180_gmv_cat|w180_gmv_max|w180_lgmv_mean|w180_lgmv_std|w365_days_present|w365_days_search|w365_days_cat|w365_days_buy|w365_days_cart|w365_days_presence_only|w365_searches|w365_carts|w365_orders|w365_gmv|w365_gmv_cat|w365_gmv_max|w365_lgmv_mean|w365_lgmv_std|rec_any|rec_search|rec_cart|rec_buy|rec_cat|gap_mean|gap_std|buygap_mean|buygap_std|weekend_share|tenure_frac|first_buy_frac|gap_max_frac|w7_aov|w7_gmv_per_day|w7_cart2ord|w7_srch2cart|w7_buyday_rate|w7_presence_rate|w7_ponly_share|w7_cat_gmv_share,1786387908331010500,no,no
data/processed/feat_20250928_LnormNone.parquet,feat_20250928_LnormNone.parquet,.parquet,dataset,source_or_derived_dataset,131560478,16af293ccf953fe5c6ee5b20c00f01d16d360451244468498bb689d455bacbe7,unknown,rows=238315;row_groups=2;columns=user_id|w7_days_present|w7_days_search|w7_days_cat|w7_days_buy|w7_days_cart|w7_days_presence_only|w7_searches|w7_carts|w7_orders|w7_gmv|w7_gmv_cat|w7_gmv_max|w7_lgmv_mean|w7_lgmv_std|w14_days_present|w14_days_search|w14_days_cat|w14_days_buy|w14_days_cart|w14_days_presence_only|w14_searches|w14_carts|w14_orders|w14_gmv|w14_gmv_cat|w14_gmv_max|w14_lgmv_mean|w14_lgmv_std|w30_days_present|w30_days_search|w30_days_cat|w30_days_buy|w30_days_cart|w30_days_presence_only|w30_searches|w30_carts|w30_orders|w30_gmv|w30_gmv_cat|w30_gmv_max|w30_lgmv_mean|w30_lgmv_std|w60_days_present|w60_days_search|w60_days_cat|w60_days_buy|w60_days_cart|w60_days_presence_only|w60_searches|w60_carts|w60_orders|w60_gmv|w60_gmv_cat|w60_gmv_max|w60_lgmv_mean|w60_lgmv_std|w90_days_present|w90_days_search|w90_days_cat|w90_days_buy|w90_days_cart|w90_days_presence_only|w90_searches|w90_carts|w90_orders|w90_gmv|w90_gmv_cat|w90_gmv_max|w90_lgmv_mean|w90_lgmv_std|w180_days_present|w180_days_search|w180_days_cat|w180_days_buy|w180_days_cart|w180_days_presence_only|w180_searches|w180_carts|w180_orders|w180_gmv|w180_gmv_cat|w180_gmv_max|w180_lgmv_mean|w180_lgmv_std|w365_days_present|w365_days_search|w365_days_cat|w365_days_buy|w365_days_cart|w365_days_presence_only|w365_searches|w365_carts|w365_orders|w365_gmv|w365_gmv_cat|w365_gmv_max|w365_lgmv_mean|w365_lgmv_std|rec_any|rec_search|rec_cart|rec_buy|rec_cat|gap_mean|gap_std|buygap_mean|buygap_std|weekend_share|tenure_frac|first_buy_frac|gap_max_frac|w7_aov|w7_gmv_per_day|w7_cart2ord|w7_srch2cart|w7_buyday_rate|w7_presence_rate|w7_ponly_share|w7_cat_gmv_share,1786554456061601600,no,no
data/processed/feat_20251001_LnormNone.parquet,feat_20251001_LnormNone.parquet,.parquet,dataset,source_or_derived_dataset,131943290,229a2adafa12f6689c2dbf508d0fc39edfe7b86bf928c0225017c76369fe1ee2,unknown,rows=238710;row_groups=2;columns=user_id|w7_days_present|w7_days_search|w7_days_cat|w7_days_buy|w7_days_cart|w7_days_presence_only|w7_searches|w7_carts|w7_orders|w7_gmv|w7_gmv_cat|w7_gmv_max|w7_lgmv_mean|w7_lgmv_std|w14_days_present|w14_days_search|w14_days_cat|w14_days_buy|w14_days_cart|w14_days_presence_only|w14_searches|w14_carts|w14_orders|w14_gmv|w14_gmv_cat|w14_gmv_max|w14_lgmv_mean|w14_lgmv_std|w30_days_present|w30_days_search|w30_days_cat|w30_days_buy|w30_days_cart|w30_days_presence_only|w30_searches|w30_carts|w30_orders|w30_gmv|w30_gmv_cat|w30_gmv_max|w30_lgmv_mean|w30_lgmv_std|w60_days_present|w60_days_search|w60_days_cat|w60_days_buy|w60_days_cart|w60_days_presence_only|w60_searches|w60_carts|w60_orders|w60_gmv|w60_gmv_cat|w60_gmv_max|w60_lgmv_mean|w60_lgmv_std|w90_days_present|w90_days_search|w90_days_cat|w90_days_buy|w90_days_cart|w90_days_presence_only|w90_searches|w90_carts|w90_orders|w90_gmv|w90_gmv_cat|w90_gmv_max|w90_lgmv_mean|w90_lgmv_std|w180_days_present|w180_days_search|w180_days_cat|w180_days_buy|w180_days_cart|w180_days_presence_only|w180_searches|w180_carts|w180_orders|w180_gmv|w180_gmv_cat|w180_gmv_max|w180_lgmv_mean|w180_lgmv_std|w365_days_present|w365_days_search|w365_days_cat|w365_days_buy|w365_days_cart|w365_days_presence_only|w365_searches|w365_carts|w365_orders|w365_gmv|w365_gmv_cat|w365_gmv_max|w365_lgmv_mean|w365_lgmv_std|rec_any|rec_search|rec_cart|rec_buy|rec_cat|gap_mean|gap_std|buygap_mean|buygap_std|weekend_share|tenure_frac|first_buy_frac|gap_max_frac|w7_aov|w7_gmv_per_day|w7_cart2ord|w7_srch2cart|w7_buyday_rate|w7_presence_rate|w7_ponly_share|w7_cat_gmv_share,1786554459809640900,no,no
data/processed/feat_20251002_L180.parquet,feat_20251002_L180.parquet,.parquet,dataset,source_or_derived_dataset,103366833,19d4230e9e70415505af075c64ffc328d00018f24f6c2e0e7b68581e12504ea6,unknown,rows=237513;row_groups=2;columns=user_id|w7_days_present|w7_days_search|w7_days_cat|w7_days_buy|w7_days_cart|w7_days_presence_only|w7_searches|w7_carts|w7_orders|w7_gmv|w7_gmv_cat|w7_gmv_max|w7_lgmv_mean|w7_lgmv_std|w14_days_present|w14_days_search|w14_days_cat|w14_days_buy|w14_days_cart|w14_days_presence_only|w14_searches|w14_carts|w14_orders|w14_gmv|w14_gmv_cat|w14_gmv_max|w14_lgmv_mean|w14_lgmv_std|w30_days_present|w30_days_search|w30_days_cat|w30_days_buy|w30_days_cart|w30_days_presence_only|w30_searches|w30_carts|w30_orders|w30_gmv|w30_gmv_cat|w30_gmv_max|w30_lgmv_mean|w30_lgmv_std|w60_days_present|w60_days_search|w60_days_cat|w60_days_buy|w60_days_cart|w60_days_presence_only|w60_searches|w60_carts|w60_orders|w60_gmv|w60_gmv_cat|w60_gmv_max|w60_lgmv_mean|w60_lgmv_std|w90_days_present|w90_days_search|w90_days_cat|w90_days_buy|w90_days_cart|w90_days_presence_only|w90_searches|w90_carts|w90_orders|w90_gmv|w90_gmv_cat|w90_gmv_max|w90_lgmv_mean|w90_lgmv_std|w180_days_present|w180_days_search|w180_days_cat|w180_days_buy|w180_days_cart|w180_days_presence_only|w180_searches|w180_carts|w180_orders|w180_gmv|w180_gmv_cat|w180_gmv_max|w180_lgmv_mean|w180_lgmv_std|rec_any|rec_search|rec_cart|rec_buy|rec_cat|gap_mean|gap_std|gap_max|buygap_mean|buygap_std|weekend_share|w7_aov|w7_gmv_per_day|w7_cart2ord|w7_srch2cart|w7_buyday_rate|w7_presence_rate|w7_ponly_share|w7_cat_gmv_share|w7_srch_per_day|w7_lgmv|w7_gmv30eq|w14_aov|w14_gmv_per_day|w14_cart2ord|w14_srch2cart|w14_buyday_rate|w14_presence_rate|w14_ponly_share|w14_cat_gmv_share|w14_srch_per_day|w14_lgmv|w14_gmv30eq|w30_aov|w30_gmv_per_day,1786384305684041100,no,no
data/processed/feat_20251002_L270.parquet,feat_20251002_L270.parquet,.parquet,dataset,source_or_derived_dataset,129419874,b87289adca21a8b8c017abdcbfa613fa406a1052a462d9c8294dc1aeca6e3df7,unknown,rows=238803;row_groups=2;columns=user_id|w7_days_present|w7_days_search|w7_days_cat|w7_days_buy|w7_days_cart|w7_days_presence_only|w7_searches|w7_carts|w7_orders|w7_gmv|w7_gmv_cat|w7_gmv_max|w7_lgmv_mean|w7_lgmv_std|w14_days_present|w14_days_search|w14_days_cat|w14_days_buy|w14_days_cart|w14_days_presence_only|w14_searches|w14_carts|w14_orders|w14_gmv|w14_gmv_cat|w14_gmv_max|w14_lgmv_mean|w14_lgmv_std|w30_days_present|w30_days_search|w30_days_cat|w30_days_buy|w30_days_cart|w30_days_presence_only|w30_searches|w30_carts|w30_orders|w30_gmv|w30_gmv_cat|w30_gmv_max|w30_lgmv_mean|w30_lgmv_std|w60_days_present|w60_days_search|w60_days_cat|w60_days_buy|w60_days_cart|w60_days_presence_only|w60_searches|w60_carts|w60_orders|w60_gmv|w60_gmv_cat|w60_gmv_max|w60_lgmv_mean|w60_lgmv_std|w90_days_present|w90_days_search|w90_days_cat|w90_days_buy|w90_days_cart|w90_days_presence_only|w90_searches|w90_carts|w90_orders|w90_gmv|w90_gmv_cat|w90_gmv_max|w90_lgmv_mean|w90_lgmv_std|w180_days_present|w180_days_search|w180_days_cat|w180_days_buy|w180_days_cart|w180_days_presence_only|w180_searches|w180_carts|w180_orders|w180_gmv|w180_gmv_cat|w180_gmv_max|w180_lgmv_mean|w180_lgmv_std|w270_days_present|w270_days_search|w270_days_cat|w270_days_buy|w270_days_cart|w270_days_presence_only|w270_searches|w270_carts|w270_orders|w270_gmv|w270_gmv_cat|w270_gmv_max|w270_lgmv_mean|w270_lgmv_std|rec_any|rec_search|rec_cart|rec_buy|rec_cat|gap_mean|gap_std|gap_max|buygap_mean|buygap_std|weekend_share|w7_aov|w7_gmv_per_day|w7_cart2ord|w7_srch2cart|w7_buyday_rate|w7_presence_rate|w7_ponly_share|w7_cat_gmv_share|w7_srch_per_day|w7_lgmv,1786384560864753800,no,no
data/processed/feat_20251002_L90.parquet,feat_20251002_L90.parquet,.parquet,dataset,source_or_derived_dataset,78177872,70c53a56a0bc8be22dfbeb13e3b7a78084db9d5f84260cab8a7b9b8e346addd5,unknown,rows=234130;row_groups=2;columns=user_id|w7_days_present|w7_days_search|w7_days_cat|w7_days_buy|w7_days_cart|w7_days_presence_only|w7_searches|w7_carts|w7_orders|w7_gmv|w7_gmv_cat|w7_gmv_max|w7_lgmv_mean|w7_lgmv_std|w14_days_present|w14_days_search|w14_days_cat|w14_days_buy|w14_days_cart|w14_days_presence_only|w14_searches|w14_carts|w14_orders|w14_gmv|w14_gmv_cat|w14_gmv_max|w14_lgmv_mean|w14_lgmv_std|w30_days_present|w30_days_search|w30_days_cat|w30_days_buy|w30_days_cart|w30_days_presence_only|w30_searches|w30_carts|w30_orders|w30_gmv|w30_gmv_cat|w30_gmv_max|w30_lgmv_mean|w30_lgmv_std|w60_days_present|w60_days_search|w60_days_cat|w60_days_buy|w60_days_cart|w60_days_presence_only|w60_searches|w60_carts|w60_orders|w60_gmv|w60_gmv_cat|w60_gmv_max|w60_lgmv_mean|w60_lgmv_std|w90_days_present|w90_days_search|w90_days_cat|w90_days_buy|w90_days_cart|w90_days_presence_only|w90_searches|w90_carts|w90_orders|w90_gmv|w90_gmv_cat|w90_gmv_max|w90_lgmv_mean|w90_lgmv_std|rec_any|rec_search|rec_cart|rec_buy|rec_cat|gap_mean|gap_std|gap_max|buygap_mean|buygap_std|weekend_share|w7_aov|w7_gmv_per_day|w7_cart2ord|w7_srch2cart|w7_buyday_rate|w7_presence_rate|w7_ponly_share|w7_cat_gmv_share|w7_srch_per_day|w7_lgmv|w7_gmv30eq|w14_aov|w14_gmv_per_day|w14_cart2ord|w14_srch2cart|w14_buyday_rate|w14_presence_rate|w14_ponly_share|w14_cat_gmv_share|w14_srch_per_day|w14_lgmv|w14_gmv30eq|w30_aov|w30_gmv_per_day|w30_cart2ord|w30_srch2cart|w30_buyday_rate|w30_presence_rate|w30_ponly_share|w30_cat_gmv_share|w30_srch_per_day|w30_lgmv|w30_gmv30eq|w60_aov|w60_gmv_per_day|w60_cart2ord|w60_srch2cart|w60_buyday_rate,1786384366170291900,no,no
data/processed/feat_20251002_LNone.parquet,feat_20251002_LNone.parquet,.parquet,dataset,source_or_derived_dataset,137794645,e4cb12f803fb89b9548948333025e71b82650a01961099b4c1246ffaba1fb989,unknown,rows=238847;row_groups=2;columns=user_id|w7_days_present|w7_days_search|w7_days_cat|w7_days_buy|w7_days_cart|w7_days_presence_only|w7_searches|w7_carts|w7_orders|w7_gmv|w7_gmv_cat|w7_gmv_max|w7_lgmv_mean|w7_lgmv_std|w14_days_present|w14_days_search|w14_days_cat|w14_days_buy|w14_days_cart|w14_days_presence_only|w14_searches|w14_carts|w14_orders|w14_gmv|w14_gmv_cat|w14_gmv_max|w14_lgmv_mean|w14_lgmv_std|w30_days_present|w30_days_search|w30_days_cat|w30_days_buy|w30_days_cart|w30_days_presence_only|w30_searches|w30_carts|w30_orders|w30_gmv|w30_gmv_cat|w30_gmv_max|w30_lgmv_mean|w30_lgmv_std|w60_days_present|w60_days_search|w60_days_cat|w60_days_buy|w60_days_cart|w60_days_presence_only|w60_searches|w60_carts|w60_orders|w60_gmv|w60_gmv_cat|w60_gmv_max|w60_lgmv_mean|w60_lgmv_std|w90_days_present|w90_days_search|w90_days_cat|w90_days_buy|w90_days_cart|w90_days_presence_only|w90_searches|w90_carts|w90_orders|w90_gmv|w90_gmv_cat|w90_gmv_max|w90_lgmv_mean|w90_lgmv_std|w180_days_present|w180_days_search|w180_days_cat|w180_days_buy|w180_days_cart|w180_days_presence_only|w180_searches|w180_carts|w180_orders|w180_gmv|w180_gmv_cat|w180_gmv_max|w180_lgmv_mean|w180_lgmv_std|w365_days_present|w365_days_search|w365_days_cat|w365_days_buy|w365_days_cart|w365_days_presence_only|w365_searches|w365_carts|w365_orders|w365_gmv|w365_gmv_cat|w365_gmv_max|w365_lgmv_mean|w365_lgmv_std|rec_any|rec_search|rec_cart|rec_buy|rec_cat|tenure|first_buy_age|all_days_present|all_days_buy|all_gmv|all_orders|all_searches|gap_mean|gap_std|gap_max|buygap_mean|buygap_std|weekend_share|w7_aov|w7_gmv_per_day|w7_cart2ord,1786384459889007200,no,no
data/processed/feat_20251002_LnormNone.parquet,feat_20251002_LnormNone.parquet,.parquet,dataset,source_or_derived_dataset,132104158,870d82263e6ad8d2fd515b16de6f78d1d586711fb21a82e8cd3ad9bfea2eb9f4,unknown,rows=238847;row_groups=2;columns=user_id|w7_days_present|w7_days_search|w7_days_cat|w7_days_buy|w7_days_cart|w7_days_presence_only|w7_searches|w7_carts|w7_orders|w7_gmv|w7_gmv_cat|w7_gmv_max|w7_lgmv_mean|w7_lgmv_std|w14_days_present|w14_days_search|w14_days_cat|w14_days_buy|w14_days_cart|w14_days_presence_only|w14_searches|w14_carts|w14_orders|w14_gmv|w14_gmv_cat|w14_gmv_max|w14_lgmv_mean|w14_lgmv_std|w30_days_present|w30_days_search|w30_days_cat|w30_days_buy|w30_days_cart|w30_days_presence_only|w30_searches|w30_carts|w30_orders|w30_gmv|w30_gmv_cat|w30_gmv_max|w30_lgmv_mean|w30_lgmv_std|w60_days_present|w60_days_search|w60_days_cat|w60_days_buy|w60_days_cart|w60_days_presence_only|w60_searches|w60_carts|w60_orders|w60_gmv|w60_gmv_cat|w60_gmv_max|w60_lgmv_mean|w60_lgmv_std|w90_days_present|w90_days_search|w90_days_cat|w90_days_buy|w90_days_cart|w90_days_presence_only|w90_searches|w90_carts|w90_orders|w90_gmv|w90_gmv_cat|w90_gmv_max|w90_lgmv_mean|w90_lgmv_std|w180_days_present|w180_days_search|w180_days_cat|w180_days_buy|w180_days_cart|w180_days_presence_only|w180_searches|w180_carts|w180_orders|w180_gmv|w180_gmv_cat|w180_gmv_max|w180_lgmv_mean|w180_lgmv_std|w365_days_present|w365_days_search|w365_days_cat|w365_days_buy|w365_days_cart|w365_days_presence_only|w365_searches|w365_carts|w365_orders|w365_gmv|w365_gmv_cat|w365_gmv_max|w365_lgmv_mean|w365_lgmv_std|rec_any|rec_search|rec_cart|rec_buy|rec_cat|gap_mean|gap_std|buygap_mean|buygap_std|weekend_share|tenure_frac|first_buy_frac|gap_max_frac|w7_aov|w7_gmv_per_day|w7_cart2ord|w7_srch2cart|w7_buyday_rate|w7_presence_rate|w7_ponly_share|w7_cat_gmv_share,1786387913539353500,no,no
data/processed/feat_20251004_LnormNone.parquet,feat_20251004_LnormNone.parquet,.parquet,dataset,source_or_derived_dataset,132277414,b3f533e15011acf6c72b6f6a886708f9ca332e11296334445550bafc6ac8271c,unknown,rows=239115;row_groups=2;columns=user_id|w7_days_present|w7_days_search|w7_days_cat|w7_days_buy|w7_days_cart|w7_days_presence_only|w7_searches|w7_carts|w7_orders|w7_gmv|w7_gmv_cat|w7_gmv_max|w7_lgmv_mean|w7_lgmv_std|w14_days_present|w14_days_search|w14_days_cat|w14_days_buy|w14_days_cart|w14_days_presence_only|w14_searches|w14_carts|w14_orders|w14_gmv|w14_gmv_cat|w14_gmv_max|w14_lgmv_mean|w14_lgmv_std|w30_days_present|w30_days_search|w30_days_cat|w30_days_buy|w30_days_cart|w30_days_presence_only|w30_searches|w30_carts|w30_orders|w30_gmv|w30_gmv_cat|w30_gmv_max|w30_lgmv_mean|w30_lgmv_std|w60_days_present|w60_days_search|w60_days_cat|w60_days_buy|w60_days_cart|w60_days_presence_only|w60_searches|w60_carts|w60_orders|w60_gmv|w60_gmv_cat|w60_gmv_max|w60_lgmv_mean|w60_lgmv_std|w90_days_present|w90_days_search|w90_days_cat|w90_days_buy|w90_days_cart|w90_days_presence_only|w90_searches|w90_carts|w90_orders|w90_gmv|w90_gmv_cat|w90_gmv_max|w90_lgmv_mean|w90_lgmv_std|w180_days_present|w180_days_search|w180_days_cat|w180_days_buy|w180_days_cart|w180_days_presence_only|w180_searches|w180_carts|w180_orders|w180_gmv|w180_gmv_cat|w180_gmv_max|w180_lgmv_mean|w180_lgmv_std|w365_days_present|w365_days_search|w365_days_cat|w365_days_buy|w365_days_cart|w365_days_presence_only|w365_searches|w365_carts|w365_orders|w365_gmv|w365_gmv_cat|w365_gmv_max|w365_lgmv_mean|w365_lgmv_std|rec_any|rec_search|rec_cart|rec_buy|rec_cat|gap_mean|gap_std|buygap_mean|buygap_std|weekend_share|tenure_frac|first_buy_frac|gap_max_frac|w7_aov|w7_gmv_per_day|w7_cart2ord|w7_srch2cart|w7_buyday_rate|w7_presence_rate|w7_ponly_share|w7_cat_gmv_share,1786554463406561700,no,no
data/processed/feat_20251007_LnormNone.parquet,feat_20251007_LnormNone.parquet,.parquet,dataset,source_or_derived_dataset,133320339,ca29206011c96a23db1a7450eda263e25b26729e347d6f33841ed000af987d56,unknown,rows=239529;row_groups=2;columns=user_id|w7_days_present|w7_days_search|w7_days_cat|w7_days_buy|w7_days_cart|w7_days_presence_only|w7_searches|w7_carts|w7_orders|w7_gmv|w7_gmv_cat|w7_gmv_max|w7_lgmv_mean|w7_lgmv_std|w14_days_present|w14_days_search|w14_days_cat|w14_days_buy|w14_days_cart|w14_days_presence_only|w14_searches|w14_carts|w14_orders|w14_gmv|w14_gmv_cat|w14_gmv_max|w14_lgmv_mean|w14_lgmv_std|w30_days_present|w30_days_search|w30_days_cat|w30_days_buy|w30_days_cart|w30_days_presence_only|w30_searches|w30_carts|w30_orders|w30_gmv|w30_gmv_cat|w30_gmv_max|w30_lgmv_mean|w30_lgmv_std|w60_days_present|w60_days_search|w60_days_cat|w60_days_buy|w60_days_cart|w60_days_presence_only|w60_searches|w60_carts|w60_orders|w60_gmv|w60_gmv_cat|w60_gmv_max|w60_lgmv_mean|w60_lgmv_std|w90_days_present|w90_days_search|w90_days_cat|w90_days_buy|w90_days_cart|w90_days_presence_only|w90_searches|w90_carts|w90_orders|w90_gmv|w90_gmv_cat|w90_gmv_max|w90_lgmv_mean|w90_lgmv_std|w180_days_present|w180_days_search|w180_days_cat|w180_days_buy|w180_days_cart|w180_days_presence_only|w180_searches|w180_carts|w180_orders|w180_gmv|w180_gmv_cat|w180_gmv_max|w180_lgmv_mean|w180_lgmv_std|w365_days_present|w365_days_search|w365_days_cat|w365_days_buy|w365_days_cart|w365_days_presence_only|w365_searches|w365_carts|w365_orders|w365_gmv|w365_gmv_cat|w365_gmv_max|w365_lgmv_mean|w365_lgmv_std|rec_any|rec_search|rec_cart|rec_buy|rec_cat|gap_mean|gap_std|buygap_mean|buygap_std|weekend_share|tenure_frac|first_buy_frac|gap_max_frac|w7_aov|w7_gmv_per_day|w7_cart2ord|w7_srch2cart|w7_buyday_rate|w7_presence_rate|w7_ponly_share|w7_cat_gmv_share,1786554467135461000,no,no
data/processed/feat_20251009_L180.parquet,feat_20251009_L180.parquet,.parquet,dataset,source_or_derived_dataset,104112617,5b910632453219f1ca969112914d5421bcc08cb7d1d91b903c7a41ff6d55d77d,unknown,rows=238441;row_groups=2;columns=user_id|w7_days_present|w7_days_search|w7_days_cat|w7_days_buy|w7_days_cart|w7_days_presence_only|w7_searches|w7_carts|w7_orders|w7_gmv|w7_gmv_cat|w7_gmv_max|w7_lgmv_mean|w7_lgmv_std|w14_days_present|w14_days_search|w14_days_cat|w14_days_buy|w14_days_cart|w14_days_presence_only|w14_searches|w14_carts|w14_orders|w14_gmv|w14_gmv_cat|w14_gmv_max|w14_lgmv_mean|w14_lgmv_std|w30_days_present|w30_days_search|w30_days_cat|w30_days_buy|w30_days_cart|w30_days_presence_only|w30_searches|w30_carts|w30_orders|w30_gmv|w30_gmv_cat|w30_gmv_max|w30_lgmv_mean|w30_lgmv_std|w60_days_present|w60_days_search|w60_days_cat|w60_days_buy|w60_days_cart|w60_days_presence_only|w60_searches|w60_carts|w60_orders|w60_gmv|w60_gmv_cat|w60_gmv_max|w60_lgmv_mean|w60_lgmv_std|w90_days_present|w90_days_search|w90_days_cat|w90_days_buy|w90_days_cart|w90_days_presence_only|w90_searches|w90_carts|w90_orders|w90_gmv|w90_gmv_cat|w90_gmv_max|w90_lgmv_mean|w90_lgmv_std|w180_days_present|w180_days_search|w180_days_cat|w180_days_buy|w180_days_cart|w180_days_presence_only|w180_searches|w180_carts|w180_orders|w180_gmv|w180_gmv_cat|w180_gmv_max|w180_lgmv_mean|w180_lgmv_std|rec_any|rec_search|rec_cart|rec_buy|rec_cat|gap_mean|gap_std|gap_max|buygap_mean|buygap_std|weekend_share|w7_aov|w7_gmv_per_day|w7_cart2ord|w7_srch2cart|w7_buyday_rate|w7_presence_rate|w7_ponly_share|w7_cat_gmv_share|w7_srch_per_day|w7_lgmv|w7_gmv30eq|w14_aov|w14_gmv_per_day|w14_cart2ord|w14_srch2cart|w14_buyday_rate|w14_presence_rate|w14_ponly_share|w14_cat_gmv_share|w14_srch_per_day|w14_lgmv|w14_gmv30eq|w30_aov|w30_gmv_per_day,1786384308534109300,no,no
data/processed/feat_20251009_L270.parquet,feat_20251009_L270.parquet,.parquet,dataset,source_or_derived_dataset,130304316,0a5c561b32e04d6e4dbd7fd36078359f1addd62f1a5c6fb0d80a821108dd1de9,unknown,rows=239693;row_groups=2;columns=user_id|w7_days_present|w7_days_search|w7_days_cat|w7_days_buy|w7_days_cart|w7_days_presence_only|w7_searches|w7_carts|w7_orders|w7_gmv|w7_gmv_cat|w7_gmv_max|w7_lgmv_mean|w7_lgmv_std|w14_days_present|w14_days_search|w14_days_cat|w14_days_buy|w14_days_cart|w14_days_presence_only|w14_searches|w14_carts|w14_orders|w14_gmv|w14_gmv_cat|w14_gmv_max|w14_lgmv_mean|w14_lgmv_std|w30_days_present|w30_days_search|w30_days_cat|w30_days_buy|w30_days_cart|w30_days_presence_only|w30_searches|w30_carts|w30_orders|w30_gmv|w30_gmv_cat|w30_gmv_max|w30_lgmv_mean|w30_lgmv_std|w60_days_present|w60_days_search|w60_days_cat|w60_days_buy|w60_days_cart|w60_days_presence_only|w60_searches|w60_carts|w60_orders|w60_gmv|w60_gmv_cat|w60_gmv_max|w60_lgmv_mean|w60_lgmv_std|w90_days_present|w90_days_search|w90_days_cat|w90_days_buy|w90_days_cart|w90_days_presence_only|w90_searches|w90_carts|w90_orders|w90_gmv|w90_gmv_cat|w90_gmv_max|w90_lgmv_mean|w90_lgmv_std|w180_days_present|w180_days_search|w180_days_cat|w180_days_buy|w180_days_cart|w180_days_presence_only|w180_searches|w180_carts|w180_orders|w180_gmv|w180_gmv_cat|w180_gmv_max|w180_lgmv_mean|w180_lgmv_std|w270_days_present|w270_days_search|w270_days_cat|w270_days_buy|w270_days_cart|w270_days_presence_only|w270_searches|w270_carts|w270_orders|w270_gmv|w270_gmv_cat|w270_gmv_max|w270_lgmv_mean|w270_lgmv_std|rec_any|rec_search|rec_cart|rec_buy|rec_cat|gap_mean|gap_std|gap_max|buygap_mean|buygap_std|weekend_share|w7_aov|w7_gmv_per_day|w7_cart2ord|w7_srch2cart|w7_buyday_rate|w7_presence_rate|w7_ponly_share|w7_cat_gmv_share|w7_srch_per_day|w7_lgmv,1786384565546512500,no,no
data/processed/feat_20251009_L90.parquet,feat_20251009_L90.parquet,.parquet,dataset,source_or_derived_dataset,78785943,d8ea162eb9935b4d38d2f5b522f93d5389ab373b36d68a7e562f58c1817b6c53,unknown,rows=235290;row_groups=2;columns=user_id|w7_days_present|w7_days_search|w7_days_cat|w7_days_buy|w7_days_cart|w7_days_presence_only|w7_searches|w7_carts|w7_orders|w7_gmv|w7_gmv_cat|w7_gmv_max|w7_lgmv_mean|w7_lgmv_std|w14_days_present|w14_days_search|w14_days_cat|w14_days_buy|w14_days_cart|w14_days_presence_only|w14_searches|w14_carts|w14_orders|w14_gmv|w14_gmv_cat|w14_gmv_max|w14_lgmv_mean|w14_lgmv_std|w30_days_present|w30_days_search|w30_days_cat|w30_days_buy|w30_days_cart|w30_days_presence_only|w30_searches|w30_carts|w30_orders|w30_gmv|w30_gmv_cat|w30_gmv_max|w30_lgmv_mean|w30_lgmv_std|w60_days_present|w60_days_search|w60_days_cat|w60_days_buy|w60_days_cart|w60_days_presence_only|w60_searches|w60_carts|w60_orders|w60_gmv|w60_gmv_cat|w60_gmv_max|w60_lgmv_mean|w60_lgmv_std|w90_days_present|w90_days_search|w90_days_cat|w90_days_buy|w90_days_cart|w90_days_presence_only|w90_searches|w90_carts|w90_orders|w90_gmv|w90_gmv_cat|w90_gmv_max|w90_lgmv_mean|w90_lgmv_std|rec_any|rec_search|rec_cart|rec_buy|rec_cat|gap_mean|gap_std|gap_max|buygap_mean|buygap_std|weekend_share|w7_aov|w7_gmv_per_day|w7_cart2ord|w7_srch2cart|w7_buyday_rate|w7_presence_rate|w7_ponly_share|w7_cat_gmv_share|w7_srch_per_day|w7_lgmv|w7_gmv30eq|w14_aov|w14_gmv_per_day|w14_cart2ord|w14_srch2cart|w14_buyday_rate|w14_presence_rate|w14_ponly_share|w14_cat_gmv_share|w14_srch_per_day|w14_lgmv|w14_gmv30eq|w30_aov|w30_gmv_per_day|w30_cart2ord|w30_srch2cart|w30_buyday_rate|w30_presence_rate|w30_ponly_share|w30_cat_gmv_share|w30_srch_per_day|w30_lgmv|w30_gmv30eq|w60_aov|w60_gmv_per_day|w60_cart2ord|w60_srch2cart|w60_buyday_rate,1786384368375784000,no,no
data/processed/feat_20251009_LNone.parquet,feat_20251009_LNone.parquet,.parquet,dataset,source_or_derived_dataset,138878717,74e6f0d6405f736e5ff8006a3303ace239de58cd58890594823d4b4209004a59,unknown,rows=239784;row_groups=2;columns=user_id|w7_days_present|w7_days_search|w7_days_cat|w7_days_buy|w7_days_cart|w7_days_presence_only|w7_searches|w7_carts|w7_orders|w7_gmv|w7_gmv_cat|w7_gmv_max|w7_lgmv_mean|w7_lgmv_std|w14_days_present|w14_days_search|w14_days_cat|w14_days_buy|w14_days_cart|w14_days_presence_only|w14_searches|w14_carts|w14_orders|w14_gmv|w14_gmv_cat|w14_gmv_max|w14_lgmv_mean|w14_lgmv_std|w30_days_present|w30_days_search|w30_days_cat|w30_days_buy|w30_days_cart|w30_days_presence_only|w30_searches|w30_carts|w30_orders|w30_gmv|w30_gmv_cat|w30_gmv_max|w30_lgmv_mean|w30_lgmv_std|w60_days_present|w60_days_search|w60_days_cat|w60_days_buy|w60_days_cart|w60_days_presence_only|w60_searches|w60_carts|w60_orders|w60_gmv|w60_gmv_cat|w60_gmv_max|w60_lgmv_mean|w60_lgmv_std|w90_days_present|w90_days_search|w90_days_cat|w90_days_buy|w90_days_cart|w90_days_presence_only|w90_searches|w90_carts|w90_orders|w90_gmv|w90_gmv_cat|w90_gmv_max|w90_lgmv_mean|w90_lgmv_std|w180_days_present|w180_days_search|w180_days_cat|w180_days_buy|w180_days_cart|w180_days_presence_only|w180_searches|w180_carts|w180_orders|w180_gmv|w180_gmv_cat|w180_gmv_max|w180_lgmv_mean|w180_lgmv_std|w365_days_present|w365_days_search|w365_days_cat|w365_days_buy|w365_days_cart|w365_days_presence_only|w365_searches|w365_carts|w365_orders|w365_gmv|w365_gmv_cat|w365_gmv_max|w365_lgmv_mean|w365_lgmv_std|rec_any|rec_search|rec_cart|rec_buy|rec_cat|tenure|first_buy_age|all_days_present|all_days_buy|all_gmv|all_orders|all_searches|gap_mean|gap_std|gap_max|buygap_mean|buygap_std|weekend_share|w7_aov|w7_gmv_per_day|w7_cart2ord,1786384464531645000,no,no
data/processed/feat_20251009_LnormNone.parquet,feat_20251009_LnormNone.parquet,.parquet,dataset,source_or_derived_dataset,133104901,f965742e4ab9432052853baede389cb242a843d32ea40a5c5989004d98a42188,unknown,rows=239784;row_groups=2;columns=user_id|w7_days_present|w7_days_search|w7_days_cat|w7_days_buy|w7_days_cart|w7_days_presence_only|w7_searches|w7_carts|w7_orders|w7_gmv|w7_gmv_cat|w7_gmv_max|w7_lgmv_mean|w7_lgmv_std|w14_days_present|w14_days_search|w14_days_cat|w14_days_buy|w14_days_cart|w14_days_presence_only|w14_searches|w14_carts|w14_orders|w14_gmv|w14_gmv_cat|w14_gmv_max|w14_lgmv_mean|w14_lgmv_std|w30_days_present|w30_days_search|w30_days_cat|w30_days_buy|w30_days_cart|w30_days_presence_only|w30_searches|w30_carts|w30_orders|w30_gmv|w30_gmv_cat|w30_gmv_max|w30_lgmv_mean|w30_lgmv_std|w60_days_present|w60_days_search|w60_days_cat|w60_days_buy|w60_days_cart|w60_days_presence_only|w60_searches|w60_carts|w60_orders|w60_gmv|w60_gmv_cat|w60_gmv_max|w60_lgmv_mean|w60_lgmv_std|w90_days_present|w90_days_search|w90_days_cat|w90_days_buy|w90_days_cart|w90_days_presence_only|w90_searches|w90_carts|w90_orders|w90_gmv|w90_gmv_cat|w90_gmv_max|w90_lgmv_mean|w90_lgmv_std|w180_days_present|w180_days_search|w180_days_cat|w180_days_buy|w180_days_cart|w180_days_presence_only|w180_searches|w180_carts|w180_orders|w180_gmv|w180_gmv_cat|w180_gmv_max|w180_lgmv_mean|w180_lgmv_std|w365_days_present|w365_days_search|w365_days_cat|w365_days_buy|w365_days_cart|w365_days_presence_only|w365_searches|w365_carts|w365_orders|w365_gmv|w365_gmv_cat|w365_gmv_max|w365_lgmv_mean|w365_lgmv_std|rec_any|rec_search|rec_cart|rec_buy|rec_cat|gap_mean|gap_std|buygap_mean|buygap_std|weekend_share|tenure_frac|first_buy_frac|gap_max_frac|w7_aov|w7_gmv_per_day|w7_cart2ord|w7_srch2cart|w7_buyday_rate|w7_presence_rate|w7_ponly_share|w7_cat_gmv_share,1786387918621707900,no,no
data/processed/feat_20251010_LnormNone.parquet,feat_20251010_LnormNone.parquet,.parquet,dataset,source_or_derived_dataset,133352451,e72f74b4bb08561feaef258d409a5f2409b7afbc6e2fd1e0e4e5137f35858475,unknown,rows=239916;row_groups=2;columns=user_id|w7_days_present|w7_days_search|w7_days_cat|w7_days_buy|w7_days_cart|w7_days_presence_only|w7_searches|w7_carts|w7_orders|w7_gmv|w7_gmv_cat|w7_gmv_max|w7_lgmv_mean|w7_lgmv_std|w14_days_present|w14_days_search|w14_days_cat|w14_days_buy|w14_days_cart|w14_days_presence_only|w14_searches|w14_carts|w14_orders|w14_gmv|w14_gmv_cat|w14_gmv_max|w14_lgmv_mean|w14_lgmv_std|w30_days_present|w30_days_search|w30_days_cat|w30_days_buy|w30_days_cart|w30_days_presence_only|w30_searches|w30_carts|w30_orders|w30_gmv|w30_gmv_cat|w30_gmv_max|w30_lgmv_mean|w30_lgmv_std|w60_days_present|w60_days_search|w60_days_cat|w60_days_buy|w60_days_cart|w60_days_presence_only|w60_searches|w60_carts|w60_orders|w60_gmv|w60_gmv_cat|w60_gmv_max|w60_lgmv_mean|w60_lgmv_std|w90_days_present|w90_days_search|w90_days_cat|w90_days_buy|w90_days_cart|w90_days_presence_only|w90_searches|w90_carts|w90_orders|w90_gmv|w90_gmv_cat|w90_gmv_max|w90_lgmv_mean|w90_lgmv_std|w180_days_present|w180_days_search|w180_days_cat|w180_days_buy|w180_days_cart|w180_days_presence_only|w180_searches|w180_carts|w180_orders|w180_gmv|w180_gmv_cat|w180_gmv_max|w180_lgmv_mean|w180_lgmv_std|w365_days_present|w365_days_search|w365_days_cat|w365_days_buy|w365_days_cart|w365_days_presence_only|w365_searches|w365_carts|w365_orders|w365_gmv|w365_gmv_cat|w365_gmv_max|w365_lgmv_mean|w365_lgmv_std|rec_any|rec_search|rec_cart|rec_buy|rec_cat|gap_mean|gap_std|buygap_mean|buygap_std|weekend_share|tenure_frac|first_buy_frac|gap_max_frac|w7_aov|w7_gmv_per_day|w7_cart2ord|w7_srch2cart|w7_buyday_rate|w7_presence_rate|w7_ponly_share|w7_cat_gmv_share,1786554470868889400,no,no
data/processed/feat_20251013_LnormNone.parquet,feat_20251013_LnormNone.parquet,.parquet,dataset,source_or_derived_dataset,134054039,2d218361816fecfe0d1956810ceb640392b9bd4bd43e24587df76c3401c865b2,unknown,rows=240307;row_groups=2;columns=user_id|w7_days_present|w7_days_search|w7_days_cat|w7_days_buy|w7_days_cart|w7_days_presence_only|w7_searches|w7_carts|w7_orders|w7_gmv|w7_gmv_cat|w7_gmv_max|w7_lgmv_mean|w7_lgmv_std|w14_days_present|w14_days_search|w14_days_cat|w14_days_buy|w14_days_cart|w14_days_presence_only|w14_searches|w14_carts|w14_orders|w14_gmv|w14_gmv_cat|w14_gmv_max|w14_lgmv_mean|w14_lgmv_std|w30_days_present|w30_days_search|w30_days_cat|w30_days_buy|w30_days_cart|w30_days_presence_only|w30_searches|w30_carts|w30_orders|w30_gmv|w30_gmv_cat|w30_gmv_max|w30_lgmv_mean|w30_lgmv_std|w60_days_present|w60_days_search|w60_days_cat|w60_days_buy|w60_days_cart|w60_days_presence_only|w60_searches|w60_carts|w60_orders|w60_gmv|w60_gmv_cat|w60_gmv_max|w60_lgmv_mean|w60_lgmv_std|w90_days_present|w90_days_search|w90_days_cat|w90_days_buy|w90_days_cart|w90_days_presence_only|w90_searches|w90_carts|w90_orders|w90_gmv|w90_gmv_cat|w90_gmv_max|w90_lgmv_mean|w90_lgmv_std|w180_days_present|w180_days_search|w180_days_cat|w180_days_buy|w180_days_cart|w180_days_presence_only|w180_searches|w180_carts|w180_orders|w180_gmv|w180_gmv_cat|w180_gmv_max|w180_lgmv_mean|w180_lgmv_std|w365_days_present|w365_days_search|w365_days_cat|w365_days_buy|w365_days_cart|w365_days_presence_only|w365_searches|w365_carts|w365_orders|w365_gmv|w365_gmv_cat|w365_gmv_max|w365_lgmv_mean|w365_lgmv_std|rec_any|rec_search|rec_cart|rec_buy|rec_cat|gap_mean|gap_std|buygap_mean|buygap_std|weekend_share|tenure_frac|first_buy_frac|gap_max_frac|w7_aov|w7_gmv_per_day|w7_cart2ord|w7_srch2cart|w7_buyday_rate|w7_presence_rate|w7_ponly_share|w7_cat_gmv_share,1786554286110526400,no,no
data/processed/feat_20251016_L180.parquet,feat_20251016_L180.parquet,.parquet,dataset,source_or_derived_dataset,105648522,c48cc8ca204f114fdefdc5de8e4fb03086abbd6d849689a02a37fad8eb1ca326,unknown,rows=239390;row_groups=2;columns=user_id|w7_days_present|w7_days_search|w7_days_cat|w7_days_buy|w7_days_cart|w7_days_presence_only|w7_searches|w7_carts|w7_orders|w7_gmv|w7_gmv_cat|w7_gmv_max|w7_lgmv_mean|w7_lgmv_std|w14_days_present|w14_days_search|w14_days_cat|w14_days_buy|w14_days_cart|w14_days_presence_only|w14_searches|w14_carts|w14_orders|w14_gmv|w14_gmv_cat|w14_gmv_max|w14_lgmv_mean|w14_lgmv_std|w30_days_present|w30_days_search|w30_days_cat|w30_days_buy|w30_days_cart|w30_days_presence_only|w30_searches|w30_carts|w30_orders|w30_gmv|w30_gmv_cat|w30_gmv_max|w30_lgmv_mean|w30_lgmv_std|w60_days_present|w60_days_search|w60_days_cat|w60_days_buy|w60_days_cart|w60_days_presence_only|w60_searches|w60_carts|w60_orders|w60_gmv|w60_gmv_cat|w60_gmv_max|w60_lgmv_mean|w60_lgmv_std|w90_days_present|w90_days_search|w90_days_cat|w90_days_buy|w90_days_cart|w90_days_presence_only|w90_searches|w90_carts|w90_orders|w90_gmv|w90_gmv_cat|w90_gmv_max|w90_lgmv_mean|w90_lgmv_std|w180_days_present|w180_days_search|w180_days_cat|w180_days_buy|w180_days_cart|w180_days_presence_only|w180_searches|w180_carts|w180_orders|w180_gmv|w180_gmv_cat|w180_gmv_max|w180_lgmv_mean|w180_lgmv_std|rec_any|rec_search|rec_cart|rec_buy|rec_cat|gap_mean|gap_std|gap_max|buygap_mean|buygap_std|weekend_share|w7_aov|w7_gmv_per_day|w7_cart2ord|w7_srch2cart|w7_buyday_rate|w7_presence_rate|w7_ponly_share|w7_cat_gmv_share|w7_srch_per_day|w7_lgmv|w7_gmv30eq|w14_aov|w14_gmv_per_day|w14_cart2ord|w14_srch2cart|w14_buyday_rate|w14_presence_rate|w14_ponly_share|w14_cat_gmv_share|w14_srch_per_day|w14_lgmv|w14_gmv30eq|w30_aov|w30_gmv_per_day,1786384311505737300,no,no
data/processed/feat_20251016_L270.parquet,feat_20251016_L270.parquet,.parquet,dataset,source_or_derived_dataset,131999508,a8582f061bed73f1ef050307baed047dd886c7eed5d411019b84d78145eb2bea,unknown,rows=240553;row_groups=2;columns=user_id|w7_days_present|w7_days_search|w7_days_cat|w7_days_buy|w7_days_cart|w7_days_presence_only|w7_searches|w7_carts|w7_orders|w7_gmv|w7_gmv_cat|w7_gmv_max|w7_lgmv_mean|w7_lgmv_std|w14_days_present|w14_days_search|w14_days_cat|w14_days_buy|w14_days_cart|w14_days_presence_only|w14_searches|w14_carts|w14_orders|w14_gmv|w14_gmv_cat|w14_gmv_max|w14_lgmv_mean|w14_lgmv_std|w30_days_present|w30_days_search|w30_days_cat|w30_days_buy|w30_days_cart|w30_days_presence_only|w30_searches|w30_carts|w30_orders|w30_gmv|w30_gmv_cat|w30_gmv_max|w30_lgmv_mean|w30_lgmv_std|w60_days_present|w60_days_search|w60_days_cat|w60_days_buy|w60_days_cart|w60_days_presence_only|w60_searches|w60_carts|w60_orders|w60_gmv|w60_gmv_cat|w60_gmv_max|w60_lgmv_mean|w60_lgmv_std|w90_days_present|w90_days_search|w90_days_cat|w90_days_buy|w90_days_cart|w90_days_presence_only|w90_searches|w90_carts|w90_orders|w90_gmv|w90_gmv_cat|w90_gmv_max|w90_lgmv_mean|w90_lgmv_std|w180_days_present|w180_days_search|w180_days_cat|w180_days_buy|w180_days_cart|w180_days_presence_only|w180_searches|w180_carts|w180_orders|w180_gmv|w180_gmv_cat|w180_gmv_max|w180_lgmv_mean|w180_lgmv_std|w270_days_present|w270_days_search|w270_days_cat|w270_days_buy|w270_days_cart|w270_days_presence_only|w270_searches|w270_carts|w270_orders|w270_gmv|w270_gmv_cat|w270_gmv_max|w270_lgmv_mean|w270_lgmv_std|rec_any|rec_search|rec_cart|rec_buy|rec_cat|gap_mean|gap_std|gap_max|buygap_mean|buygap_std|weekend_share|w7_aov|w7_gmv_per_day|w7_cart2ord|w7_srch2cart|w7_buyday_rate|w7_presence_rate|w7_ponly_share|w7_cat_gmv_share|w7_srch_per_day|w7_lgmv,1786384570685292300,no,no
data/processed/feat_20251016_L90.parquet,feat_20251016_L90.parquet,.parquet,dataset,source_or_derived_dataset,80175344,97bab3401a2a2b658f9130ad0ec9e815f50aa592c9be21f5d89af8e02b2073f8,unknown,rows=236470;row_groups=2;columns=user_id|w7_days_present|w7_days_search|w7_days_cat|w7_days_buy|w7_days_cart|w7_days_presence_only|w7_searches|w7_carts|w7_orders|w7_gmv|w7_gmv_cat|w7_gmv_max|w7_lgmv_mean|w7_lgmv_std|w14_days_present|w14_days_search|w14_days_cat|w14_days_buy|w14_days_cart|w14_days_presence_only|w14_searches|w14_carts|w14_orders|w14_gmv|w14_gmv_cat|w14_gmv_max|w14_lgmv_mean|w14_lgmv_std|w30_days_present|w30_days_search|w30_days_cat|w30_days_buy|w30_days_cart|w30_days_presence_only|w30_searches|w30_carts|w30_orders|w30_gmv|w30_gmv_cat|w30_gmv_max|w30_lgmv_mean|w30_lgmv_std|w60_days_present|w60_days_search|w60_days_cat|w60_days_buy|w60_days_cart|w60_days_presence_only|w60_searches|w60_carts|w60_orders|w60_gmv|w60_gmv_cat|w60_gmv_max|w60_lgmv_mean|w60_lgmv_std|w90_days_present|w90_days_search|w90_days_cat|w90_days_buy|w90_days_cart|w90_days_presence_only|w90_searches|w90_carts|w90_orders|w90_gmv|w90_gmv_cat|w90_gmv_max|w90_lgmv_mean|w90_lgmv_std|rec_any|rec_search|rec_cart|rec_buy|rec_cat|gap_mean|gap_std|gap_max|buygap_mean|buygap_std|weekend_share|w7_aov|w7_gmv_per_day|w7_cart2ord|w7_srch2cart|w7_buyday_rate|w7_presence_rate|w7_ponly_share|w7_cat_gmv_share|w7_srch_per_day|w7_lgmv|w7_gmv30eq|w14_aov|w14_gmv_per_day|w14_cart2ord|w14_srch2cart|w14_buyday_rate|w14_presence_rate|w14_ponly_share|w14_cat_gmv_share|w14_srch_per_day|w14_lgmv|w14_gmv30eq|w30_aov|w30_gmv_per_day|w30_cart2ord|w30_srch2cart|w30_buyday_rate|w30_presence_rate|w30_ponly_share|w30_cat_gmv_share|w30_srch_per_day|w30_lgmv|w30_gmv30eq|w60_aov|w60_gmv_per_day|w60_cart2ord|w60_srch2cart|w60_buyday_rate,1786384370294332300,no,no
data/processed/feat_20251016_LNone.parquet,feat_20251016_LNone.parquet,.parquet,dataset,source_or_derived_dataset,140797905,23e7dfb1c9c5da309b197020b2c1c96d9d60606d68738aa4d0d4ee5ea243bb9c,unknown,rows=240700;row_groups=2;columns=user_id|w7_days_present|w7_days_search|w7_days_cat|w7_days_buy|w7_days_cart|w7_days_presence_only|w7_searches|w7_carts|w7_orders|w7_gmv|w7_gmv_cat|w7_gmv_max|w7_lgmv_mean|w7_lgmv_std|w14_days_present|w14_days_search|w14_days_cat|w14_days_buy|w14_days_cart|w14_days_presence_only|w14_searches|w14_carts|w14_orders|w14_gmv|w14_gmv_cat|w14_gmv_max|w14_lgmv_mean|w14_lgmv_std|w30_days_present|w30_days_search|w30_days_cat|w30_days_buy|w30_days_cart|w30_days_presence_only|w30_searches|w30_carts|w30_orders|w30_gmv|w30_gmv_cat|w30_gmv_max|w30_lgmv_mean|w30_lgmv_std|w60_days_present|w60_days_search|w60_days_cat|w60_days_buy|w60_days_cart|w60_days_presence_only|w60_searches|w60_carts|w60_orders|w60_gmv|w60_gmv_cat|w60_gmv_max|w60_lgmv_mean|w60_lgmv_std|w90_days_present|w90_days_search|w90_days_cat|w90_days_buy|w90_days_cart|w90_days_presence_only|w90_searches|w90_carts|w90_orders|w90_gmv|w90_gmv_cat|w90_gmv_max|w90_lgmv_mean|w90_lgmv_std|w180_days_present|w180_days_search|w180_days_cat|w180_days_buy|w180_days_cart|w180_days_presence_only|w180_searches|w180_carts|w180_orders|w180_gmv|w180_gmv_cat|w180_gmv_max|w180_lgmv_mean|w180_lgmv_std|w365_days_present|w365_days_search|w365_days_cat|w365_days_buy|w365_days_cart|w365_days_presence_only|w365_searches|w365_carts|w365_orders|w365_gmv|w365_gmv_cat|w365_gmv_max|w365_lgmv_mean|w365_lgmv_std|rec_any|rec_search|rec_cart|rec_buy|rec_cat|tenure|first_buy_age|all_days_present|all_days_buy|all_gmv|all_orders|all_searches|gap_mean|gap_std|gap_max|buygap_mean|buygap_std|weekend_share|w7_aov|w7_gmv_per_day|w7_cart2ord,1786384468631591000,no,no
data/processed/feat_20251016_LnormNone.parquet,feat_20251016_LnormNone.parquet,.parquet,dataset,source_or_derived_dataset,134950543,8bae4afd5b4e65aa5917173072b5cff44a9c05d0a4a9df97e7cc5c92ddf1bbf4,unknown,rows=240700;row_groups=2;columns=user_id|w7_days_present|w7_days_search|w7_days_cat|w7_days_buy|w7_days_cart|w7_days_presence_only|w7_searches|w7_carts|w7_orders|w7_gmv|w7_gmv_cat|w7_gmv_max|w7_lgmv_mean|w7_lgmv_std|w14_days_present|w14_days_search|w14_days_cat|w14_days_buy|w14_days_cart|w14_days_presence_only|w14_searches|w14_carts|w14_orders|w14_gmv|w14_gmv_cat|w14_gmv_max|w14_lgmv_mean|w14_lgmv_std|w30_days_present|w30_days_search|w30_days_cat|w30_days_buy|w30_days_cart|w30_days_presence_only|w30_searches|w30_carts|w30_orders|w30_gmv|w30_gmv_cat|w30_gmv_max|w30_lgmv_mean|w30_lgmv_std|w60_days_present|w60_days_search|w60_days_cat|w60_days_buy|w60_days_cart|w60_days_presence_only|w60_searches|w60_carts|w60_orders|w60_gmv|w60_gmv_cat|w60_gmv_max|w60_lgmv_mean|w60_lgmv_std|w90_days_present|w90_days_search|w90_days_cat|w90_days_buy|w90_days_cart|w90_days_presence_only|w90_searches|w90_carts|w90_orders|w90_gmv|w90_gmv_cat|w90_gmv_max|w90_lgmv_mean|w90_lgmv_std|w180_days_present|w180_days_search|w180_days_cat|w180_days_buy|w180_days_cart|w180_days_presence_only|w180_searches|w180_carts|w180_orders|w180_gmv|w180_gmv_cat|w180_gmv_max|w180_lgmv_mean|w180_lgmv_std|w365_days_present|w365_days_search|w365_days_cat|w365_days_buy|w365_days_cart|w365_days_presence_only|w365_searches|w365_carts|w365_orders|w365_gmv|w365_gmv_cat|w365_gmv_max|w365_lgmv_mean|w365_lgmv_std|rec_any|rec_search|rec_cart|rec_buy|rec_cat|gap_mean|gap_std|buygap_mean|buygap_std|weekend_share|tenure_frac|first_buy_frac|gap_max_frac|w7_aov|w7_gmv_per_day|w7_cart2ord|w7_srch2cart|w7_buyday_rate|w7_presence_rate|w7_ponly_share|w7_cat_gmv_share,1786387923920984400,no,no
data/processed/feat_20251022_LnormNone.parquet,feat_20251022_LnormNone.parquet,.parquet,dataset,source_or_derived_dataset,135943569,cfd70aab488016bd1f62f468db6f8004615c5b06e2ad71d12f0cfa1f6bfc86b6,unknown,rows=241469;row_groups=2;columns=user_id|w7_days_present|w7_days_search|w7_days_cat|w7_days_buy|w7_days_cart|w7_days_presence_only|w7_searches|w7_carts|w7_orders|w7_gmv|w7_gmv_cat|w7_gmv_max|w7_lgmv_mean|w7_lgmv_std|w14_days_present|w14_days_search|w14_days_cat|w14_days_buy|w14_days_cart|w14_days_presence_only|w14_searches|w14_carts|w14_orders|w14_gmv|w14_gmv_cat|w14_gmv_max|w14_lgmv_mean|w14_lgmv_std|w30_days_present|w30_days_search|w30_days_cat|w30_days_buy|w30_days_cart|w30_days_presence_only|w30_searches|w30_carts|w30_orders|w30_gmv|w30_gmv_cat|w30_gmv_max|w30_lgmv_mean|w30_lgmv_std|w60_days_present|w60_days_search|w60_days_cat|w60_days_buy|w60_days_cart|w60_days_presence_only|w60_searches|w60_carts|w60_orders|w60_gmv|w60_gmv_cat|w60_gmv_max|w60_lgmv_mean|w60_lgmv_std|w90_days_present|w90_days_search|w90_days_cat|w90_days_buy|w90_days_cart|w90_days_presence_only|w90_searches|w90_carts|w90_orders|w90_gmv|w90_gmv_cat|w90_gmv_max|w90_lgmv_mean|w90_lgmv_std|w180_days_present|w180_days_search|w180_days_cat|w180_days_buy|w180_days_cart|w180_days_presence_only|w180_searches|w180_carts|w180_orders|w180_gmv|w180_gmv_cat|w180_gmv_max|w180_lgmv_mean|w180_lgmv_std|w365_days_present|w365_days_search|w365_days_cat|w365_days_buy|w365_days_cart|w365_days_presence_only|w365_searches|w365_carts|w365_orders|w365_gmv|w365_gmv_cat|w365_gmv_max|w365_lgmv_mean|w365_lgmv_std|rec_any|rec_search|rec_cart|rec_buy|rec_cat|gap_mean|gap_std|buygap_mean|buygap_std|weekend_share|tenure_frac|first_buy_frac|gap_max_frac|w7_aov|w7_gmv_per_day|w7_cart2ord|w7_srch2cart|w7_buyday_rate|w7_presence_rate|w7_ponly_share|w7_cat_gmv_share,1786559727750509900,no,no
data/processed/feat_20251029_LnormNone.parquet,feat_20251029_LnormNone.parquet,.parquet,dataset,source_or_derived_dataset,136582273,89337974d08b214a68f5a039a87d074caf8f248d35a22086fc7a62413e825127,unknown,rows=242471;row_groups=2;columns=user_id|w7_days_present|w7_days_search|w7_days_cat|w7_days_buy|w7_days_cart|w7_days_presence_only|w7_searches|w7_carts|w7_orders|w7_gmv|w7_gmv_cat|w7_gmv_max|w7_lgmv_mean|w7_lgmv_std|w14_days_present|w14_days_search|w14_days_cat|w14_days_buy|w14_days_cart|w14_days_presence_only|w14_searches|w14_carts|w14_orders|w14_gmv|w14_gmv_cat|w14_gmv_max|w14_lgmv_mean|w14_lgmv_std|w30_days_present|w30_days_search|w30_days_cat|w30_days_buy|w30_days_cart|w30_days_presence_only|w30_searches|w30_carts|w30_orders|w30_gmv|w30_gmv_cat|w30_gmv_max|w30_lgmv_mean|w30_lgmv_std|w60_days_present|w60_days_search|w60_days_cat|w60_days_buy|w60_days_cart|w60_days_presence_only|w60_searches|w60_carts|w60_orders|w60_gmv|w60_gmv_cat|w60_gmv_max|w60_lgmv_mean|w60_lgmv_std|w90_days_present|w90_days_search|w90_days_cat|w90_days_buy|w90_days_cart|w90_days_presence_only|w90_searches|w90_carts|w90_orders|w90_gmv|w90_gmv_cat|w90_gmv_max|w90_lgmv_mean|w90_lgmv_std|w180_days_present|w180_days_search|w180_days_cat|w180_days_buy|w180_days_cart|w180_days_presence_only|w180_searches|w180_carts|w180_orders|w180_gmv|w180_gmv_cat|w180_gmv_max|w180_lgmv_mean|w180_lgmv_std|w365_days_present|w365_days_search|w365_days_cat|w365_days_buy|w365_days_cart|w365_days_presence_only|w365_searches|w365_carts|w365_orders|w365_gmv|w365_gmv_cat|w365_gmv_max|w365_lgmv_mean|w365_lgmv_std|rec_any|rec_search|rec_cart|rec_buy|rec_cat|gap_mean|gap_std|buygap_mean|buygap_std|weekend_share|tenure_frac|first_buy_frac|gap_max_frac|w7_aov|w7_gmv_per_day|w7_cart2ord|w7_srch2cart|w7_buyday_rate|w7_presence_rate|w7_ponly_share|w7_cat_gmv_share,1786559733741622100,no,no
data/processed/feat_20251105_LnormNone.parquet,feat_20251105_LnormNone.parquet,.parquet,dataset,source_or_derived_dataset,137414544,0f7a230fdf49ca3f2e1787451a69ed84f3461eab682cbb494bb7bb52d337ac18,unknown,rows=243525;row_groups=2;columns=user_id|w7_days_present|w7_days_search|w7_days_cat|w7_days_buy|w7_days_cart|w7_days_presence_only|w7_searches|w7_carts|w7_orders|w7_gmv|w7_gmv_cat|w7_gmv_max|w7_lgmv_mean|w7_lgmv_std|w14_days_present|w14_days_search|w14_days_cat|w14_days_buy|w14_days_cart|w14_days_presence_only|w14_searches|w14_carts|w14_orders|w14_gmv|w14_gmv_cat|w14_gmv_max|w14_lgmv_mean|w14_lgmv_std|w30_days_present|w30_days_search|w30_days_cat|w30_days_buy|w30_days_cart|w30_days_presence_only|w30_searches|w30_carts|w30_orders|w30_gmv|w30_gmv_cat|w30_gmv_max|w30_lgmv_mean|w30_lgmv_std|w60_days_present|w60_days_search|w60_days_cat|w60_days_buy|w60_days_cart|w60_days_presence_only|w60_searches|w60_carts|w60_orders|w60_gmv|w60_gmv_cat|w60_gmv_max|w60_lgmv_mean|w60_lgmv_std|w90_days_present|w90_days_search|w90_days_cat|w90_days_buy|w90_days_cart|w90_days_presence_only|w90_searches|w90_carts|w90_orders|w90_gmv|w90_gmv_cat|w90_gmv_max|w90_lgmv_mean|w90_lgmv_std|w180_days_present|w180_days_search|w180_days_cat|w180_days_buy|w180_days_cart|w180_days_presence_only|w180_searches|w180_carts|w180_orders|w180_gmv|w180_gmv_cat|w180_gmv_max|w180_lgmv_mean|w180_lgmv_std|w365_days_present|w365_days_search|w365_days_cat|w365_days_buy|w365_days_cart|w365_days_presence_only|w365_searches|w365_carts|w365_orders|w365_gmv|w365_gmv_cat|w365_gmv_max|w365_lgmv_mean|w365_lgmv_std|rec_any|rec_search|rec_cart|rec_buy|rec_cat|gap_mean|gap_std|buygap_mean|buygap_std|weekend_share|tenure_frac|first_buy_frac|gap_max_frac|w7_aov|w7_gmv_per_day|w7_cart2ord|w7_srch2cart|w7_buyday_rate|w7_presence_rate|w7_ponly_share|w7_cat_gmv_share,1786559739481439800,no,no
data/processed/feat_20251112_LnormNone.parquet,feat_20251112_LnormNone.parquet,.parquet,dataset,source_or_derived_dataset,138994793,1fe5b6f8756a4e0ffe28ce635fc2c6ad9674642a3c1239a302952fd60ab51cb4,unknown,rows=244550;row_groups=2;columns=user_id|w7_days_present|w7_days_search|w7_days_cat|w7_days_buy|w7_days_cart|w7_days_presence_only|w7_searches|w7_carts|w7_orders|w7_gmv|w7_gmv_cat|w7_gmv_max|w7_lgmv_mean|w7_lgmv_std|w14_days_present|w14_days_search|w14_days_cat|w14_days_buy|w14_days_cart|w14_days_presence_only|w14_searches|w14_carts|w14_orders|w14_gmv|w14_gmv_cat|w14_gmv_max|w14_lgmv_mean|w14_lgmv_std|w30_days_present|w30_days_search|w30_days_cat|w30_days_buy|w30_days_cart|w30_days_presence_only|w30_searches|w30_carts|w30_orders|w30_gmv|w30_gmv_cat|w30_gmv_max|w30_lgmv_mean|w30_lgmv_std|w60_days_present|w60_days_search|w60_days_cat|w60_days_buy|w60_days_cart|w60_days_presence_only|w60_searches|w60_carts|w60_orders|w60_gmv|w60_gmv_cat|w60_gmv_max|w60_lgmv_mean|w60_lgmv_std|w90_days_present|w90_days_search|w90_days_cat|w90_days_buy|w90_days_cart|w90_days_presence_only|w90_searches|w90_carts|w90_orders|w90_gmv|w90_gmv_cat|w90_gmv_max|w90_lgmv_mean|w90_lgmv_std|w180_days_present|w180_days_search|w180_days_cat|w180_days_buy|w180_days_cart|w180_days_presence_only|w180_searches|w180_carts|w180_orders|w180_gmv|w180_gmv_cat|w180_gmv_max|w180_lgmv_mean|w180_lgmv_std|w365_days_present|w365_days_search|w365_days_cat|w365_days_buy|w365_days_cart|w365_days_presence_only|w365_searches|w365_carts|w365_orders|w365_gmv|w365_gmv_cat|w365_gmv_max|w365_lgmv_mean|w365_lgmv_std|rec_any|rec_search|rec_cart|rec_buy|rec_cat|gap_mean|gap_std|buygap_mean|buygap_std|weekend_share|tenure_frac|first_buy_frac|gap_max_frac|w7_aov|w7_gmv_per_day|w7_cart2ord|w7_srch2cart|w7_buyday_rate|w7_presence_rate|w7_ponly_share|w7_cat_gmv_share,1786559745057572100,no,no
data/processed/feat_20251119_LnormNone.parquet,feat_20251119_LnormNone.parquet,.parquet,dataset,source_or_derived_dataset,140758407,6d7f15a3a031dad8d250b0f34897456e170944642a5ba8f91c8a45c8960c6062,unknown,rows=245589;row_groups=2;columns=user_id|w7_days_present|w7_days_search|w7_days_cat|w7_days_buy|w7_days_cart|w7_days_presence_only|w7_searches|w7_carts|w7_orders|w7_gmv|w7_gmv_cat|w7_gmv_max|w7_lgmv_mean|w7_lgmv_std|w14_days_present|w14_days_search|w14_days_cat|w14_days_buy|w14_days_cart|w14_days_presence_only|w14_searches|w14_carts|w14_orders|w14_gmv|w14_gmv_cat|w14_gmv_max|w14_lgmv_mean|w14_lgmv_std|w30_days_present|w30_days_search|w30_days_cat|w30_days_buy|w30_days_cart|w30_days_presence_only|w30_searches|w30_carts|w30_orders|w30_gmv|w30_gmv_cat|w30_gmv_max|w30_lgmv_mean|w30_lgmv_std|w60_days_present|w60_days_search|w60_days_cat|w60_days_buy|w60_days_cart|w60_days_presence_only|w60_searches|w60_carts|w60_orders|w60_gmv|w60_gmv_cat|w60_gmv_max|w60_lgmv_mean|w60_lgmv_std|w90_days_present|w90_days_search|w90_days_cat|w90_days_buy|w90_days_cart|w90_days_presence_only|w90_searches|w90_carts|w90_orders|w90_gmv|w90_gmv_cat|w90_gmv_max|w90_lgmv_mean|w90_lgmv_std|w180_days_present|w180_days_search|w180_days_cat|w180_days_buy|w180_days_cart|w180_days_presence_only|w180_searches|w180_carts|w180_orders|w180_gmv|w180_gmv_cat|w180_gmv_max|w180_lgmv_mean|w180_lgmv_std|w365_days_present|w365_days_search|w365_days_cat|w365_days_buy|w365_days_cart|w365_days_presence_only|w365_searches|w365_carts|w365_orders|w365_gmv|w365_gmv_cat|w365_gmv_max|w365_lgmv_mean|w365_lgmv_std|rec_any|rec_search|rec_cart|rec_buy|rec_cat|gap_mean|gap_std|buygap_mean|buygap_std|weekend_share|tenure_frac|first_buy_frac|gap_max_frac|w7_aov|w7_gmv_per_day|w7_cart2ord|w7_srch2cart|w7_buyday_rate|w7_presence_rate|w7_ponly_share|w7_cat_gmv_share,1786559751491322200,no,no
data/processed/feat_20251126_LnormNone.parquet,feat_20251126_LnormNone.parquet,.parquet,dataset,source_or_derived_dataset,141940372,8945f960b9a465f3a0d0a4ec2ca9619d6d549a736d04195bf84896d2245b267d,unknown,rows=246751;row_groups=2;columns=user_id|w7_days_present|w7_days_search|w7_days_cat|w7_days_buy|w7_days_cart|w7_days_presence_only|w7_searches|w7_carts|w7_orders|w7_gmv|w7_gmv_cat|w7_gmv_max|w7_lgmv_mean|w7_lgmv_std|w14_days_present|w14_days_search|w14_days_cat|w14_days_buy|w14_days_cart|w14_days_presence_only|w14_searches|w14_carts|w14_orders|w14_gmv|w14_gmv_cat|w14_gmv_max|w14_lgmv_mean|w14_lgmv_std|w30_days_present|w30_days_search|w30_days_cat|w30_days_buy|w30_days_cart|w30_days_presence_only|w30_searches|w30_carts|w30_orders|w30_gmv|w30_gmv_cat|w30_gmv_max|w30_lgmv_mean|w30_lgmv_std|w60_days_present|w60_days_search|w60_days_cat|w60_days_buy|w60_days_cart|w60_days_presence_only|w60_searches|w60_carts|w60_orders|w60_gmv|w60_gmv_cat|w60_gmv_max|w60_lgmv_mean|w60_lgmv_std|w90_days_present|w90_days_search|w90_days_cat|w90_days_buy|w90_days_cart|w90_days_presence_only|w90_searches|w90_carts|w90_orders|w90_gmv|w90_gmv_cat|w90_gmv_max|w90_lgmv_mean|w90_lgmv_std|w180_days_present|w180_days_search|w180_days_cat|w180_days_buy|w180_days_cart|w180_days_presence_only|w180_searches|w180_carts|w180_orders|w180_gmv|w180_gmv_cat|w180_gmv_max|w180_lgmv_mean|w180_lgmv_std|w365_days_present|w365_days_search|w365_days_cat|w365_days_buy|w365_days_cart|w365_days_presence_only|w365_searches|w365_carts|w365_orders|w365_gmv|w365_gmv_cat|w365_gmv_max|w365_lgmv_mean|w365_lgmv_std|rec_any|rec_search|rec_cart|rec_buy|rec_cat|gap_mean|gap_std|buygap_mean|buygap_std|weekend_share|tenure_frac|first_buy_frac|gap_max_frac|w7_aov|w7_gmv_per_day|w7_cart2ord|w7_srch2cart|w7_buyday_rate|w7_presence_rate|w7_ponly_share|w7_cat_gmv_share,1786559757619660300,no,no
data/processed/feat_20251203_LnormNone.parquet,feat_20251203_LnormNone.parquet,.parquet,dataset,source_or_derived_dataset,142967407,3ed9eafd7c8872b1584f62aa8a69722193fa3a72d804bcf2bc3d303a3caf3ef1,unknown,rows=247929;row_groups=2;columns=user_id|w7_days_present|w7_days_search|w7_days_cat|w7_days_buy|w7_days_cart|w7_days_presence_only|w7_searches|w7_carts|w7_orders|w7_gmv|w7_gmv_cat|w7_gmv_max|w7_lgmv_mean|w7_lgmv_std|w14_days_present|w14_days_search|w14_days_cat|w14_days_buy|w14_days_cart|w14_days_presence_only|w14_searches|w14_carts|w14_orders|w14_gmv|w14_gmv_cat|w14_gmv_max|w14_lgmv_mean|w14_lgmv_std|w30_days_present|w30_days_search|w30_days_cat|w30_days_buy|w30_days_cart|w30_days_presence_only|w30_searches|w30_carts|w30_orders|w30_gmv|w30_gmv_cat|w30_gmv_max|w30_lgmv_mean|w30_lgmv_std|w60_days_present|w60_days_search|w60_days_cat|w60_days_buy|w60_days_cart|w60_days_presence_only|w60_searches|w60_carts|w60_orders|w60_gmv|w60_gmv_cat|w60_gmv_max|w60_lgmv_mean|w60_lgmv_std|w90_days_present|w90_days_search|w90_days_cat|w90_days_buy|w90_days_cart|w90_days_presence_only|w90_searches|w90_carts|w90_orders|w90_gmv|w90_gmv_cat|w90_gmv_max|w90_lgmv_mean|w90_lgmv_std|w180_days_present|w180_days_search|w180_days_cat|w180_days_buy|w180_days_cart|w180_days_presence_only|w180_searches|w180_carts|w180_orders|w180_gmv|w180_gmv_cat|w180_gmv_max|w180_lgmv_mean|w180_lgmv_std|w365_days_present|w365_days_search|w365_days_cat|w365_days_buy|w365_days_cart|w365_days_presence_only|w365_searches|w365_carts|w365_orders|w365_gmv|w365_gmv_cat|w365_gmv_max|w365_lgmv_mean|w365_lgmv_std|rec_any|rec_search|rec_cart|rec_buy|rec_cat|gap_mean|gap_std|buygap_mean|buygap_std|weekend_share|tenure_frac|first_buy_frac|gap_max_frac|w7_aov|w7_gmv_per_day|w7_cart2ord|w7_srch2cart|w7_buyday_rate|w7_presence_rate|w7_ponly_share|w7_cat_gmv_share,1786559765861419200,no,no
data/processed/feat_20251210_LnormNone.parquet,feat_20251210_LnormNone.parquet,.parquet,dataset,source_or_derived_dataset,144468439,4f79072a333278dcc9d9c488732d6de258cbd3c5844ccf5138e9be57167ea3db,unknown,rows=249136;row_groups=2;columns=user_id|w7_days_present|w7_days_search|w7_days_cat|w7_days_buy|w7_days_cart|w7_days_presence_only|w7_searches|w7_carts|w7_orders|w7_gmv|w7_gmv_cat|w7_gmv_max|w7_lgmv_mean|w7_lgmv_std|w14_days_present|w14_days_search|w14_days_cat|w14_days_buy|w14_days_cart|w14_days_presence_only|w14_searches|w14_carts|w14_orders|w14_gmv|w14_gmv_cat|w14_gmv_max|w14_lgmv_mean|w14_lgmv_std|w30_days_present|w30_days_search|w30_days_cat|w30_days_buy|w30_days_cart|w30_days_presence_only|w30_searches|w30_carts|w30_orders|w30_gmv|w30_gmv_cat|w30_gmv_max|w30_lgmv_mean|w30_lgmv_std|w60_days_present|w60_days_search|w60_days_cat|w60_days_buy|w60_days_cart|w60_days_presence_only|w60_searches|w60_carts|w60_orders|w60_gmv|w60_gmv_cat|w60_gmv_max|w60_lgmv_mean|w60_lgmv_std|w90_days_present|w90_days_search|w90_days_cat|w90_days_buy|w90_days_cart|w90_days_presence_only|w90_searches|w90_carts|w90_orders|w90_gmv|w90_gmv_cat|w90_gmv_max|w90_lgmv_mean|w90_lgmv_std|w180_days_present|w180_days_search|w180_days_cat|w180_days_buy|w180_days_cart|w180_days_presence_only|w180_searches|w180_carts|w180_orders|w180_gmv|w180_gmv_cat|w180_gmv_max|w180_lgmv_mean|w180_lgmv_std|w365_days_present|w365_days_search|w365_days_cat|w365_days_buy|w365_days_cart|w365_days_presence_only|w365_searches|w365_carts|w365_orders|w365_gmv|w365_gmv_cat|w365_gmv_max|w365_lgmv_mean|w365_lgmv_std|rec_any|rec_search|rec_cart|rec_buy|rec_cat|gap_mean|gap_std|buygap_mean|buygap_std|weekend_share|tenure_frac|first_buy_frac|gap_max_frac|w7_aov|w7_gmv_per_day|w7_cart2ord|w7_srch2cart|w7_buyday_rate|w7_presence_rate|w7_ponly_share|w7_cat_gmv_share,1786559774658739800,no,no
data/processed/feat_20251215_L180.parquet,feat_20251215_L180.parquet,.parquet,dataset,source_or_derived_dataset,114147473,30583cce24c8c1c3354b5c23a310f121b1490e9e29eedb58310ad9c714594f3d,unknown,rows=250000;row_groups=2;columns=user_id|w7_days_present|w7_days_search|w7_days_cat|w7_days_buy|w7_days_cart|w7_days_presence_only|w7_searches|w7_carts|w7_orders|w7_gmv|w7_gmv_cat|w7_gmv_max|w7_lgmv_mean|w7_lgmv_std|w14_days_present|w14_days_search|w14_days_cat|w14_days_buy|w14_days_cart|w14_days_presence_only|w14_searches|w14_carts|w14_orders|w14_gmv|w14_gmv_cat|w14_gmv_max|w14_lgmv_mean|w14_lgmv_std|w30_days_present|w30_days_search|w30_days_cat|w30_days_buy|w30_days_cart|w30_days_presence_only|w30_searches|w30_carts|w30_orders|w30_gmv|w30_gmv_cat|w30_gmv_max|w30_lgmv_mean|w30_lgmv_std|w60_days_present|w60_days_search|w60_days_cat|w60_days_buy|w60_days_cart|w60_days_presence_only|w60_searches|w60_carts|w60_orders|w60_gmv|w60_gmv_cat|w60_gmv_max|w60_lgmv_mean|w60_lgmv_std|w90_days_present|w90_days_search|w90_days_cat|w90_days_buy|w90_days_cart|w90_days_presence_only|w90_searches|w90_carts|w90_orders|w90_gmv|w90_gmv_cat|w90_gmv_max|w90_lgmv_mean|w90_lgmv_std|w180_days_present|w180_days_search|w180_days_cat|w180_days_buy|w180_days_cart|w180_days_presence_only|w180_searches|w180_carts|w180_orders|w180_gmv|w180_gmv_cat|w180_gmv_max|w180_lgmv_mean|w180_lgmv_std|rec_any|rec_search|rec_cart|rec_buy|rec_cat|gap_mean|gap_std|gap_max|buygap_mean|buygap_std|weekend_share|w7_aov|w7_gmv_per_day|w7_cart2ord|w7_srch2cart|w7_buyday_rate|w7_presence_rate|w7_ponly_share|w7_cat_gmv_share|w7_srch_per_day|w7_lgmv|w7_gmv30eq|w14_aov|w14_gmv_per_day|w14_cart2ord|w14_srch2cart|w14_buyday_rate|w14_presence_rate|w14_ponly_share|w14_cat_gmv_share|w14_srch_per_day|w14_lgmv|w14_gmv30eq|w30_aov|w30_gmv_per_day,1787306767165193800,no,no
data/processed/feat_20251217_LnormNone.parquet,feat_20251217_LnormNone.parquet,.parquet,dataset,source_or_derived_dataset,146427649,f0ca8569c511c125e68a495d43b3d1c9ec3856fda90de8e86e79410ec875a359,unknown,rows=250000;row_groups=2;columns=user_id|w7_days_present|w7_days_search|w7_days_cat|w7_days_buy|w7_days_cart|w7_days_presence_only|w7_searches|w7_carts|w7_orders|w7_gmv|w7_gmv_cat|w7_gmv_max|w7_lgmv_mean|w7_lgmv_std|w14_days_present|w14_days_search|w14_days_cat|w14_days_buy|w14_days_cart|w14_days_presence_only|w14_searches|w14_carts|w14_orders|w14_gmv|w14_gmv_cat|w14_gmv_max|w14_lgmv_mean|w14_lgmv_std|w30_days_present|w30_days_search|w30_days_cat|w30_days_buy|w30_days_cart|w30_days_presence_only|w30_searches|w30_carts|w30_orders|w30_gmv|w30_gmv_cat|w30_gmv_max|w30_lgmv_mean|w30_lgmv_std|w60_days_present|w60_days_search|w60_days_cat|w60_days_buy|w60_days_cart|w60_days_presence_only|w60_searches|w60_carts|w60_orders|w60_gmv|w60_gmv_cat|w60_gmv_max|w60_lgmv_mean|w60_lgmv_std|w90_days_present|w90_days_search|w90_days_cat|w90_days_buy|w90_days_cart|w90_days_presence_only|w90_searches|w90_carts|w90_orders|w90_gmv|w90_gmv_cat|w90_gmv_max|w90_lgmv_mean|w90_lgmv_std|w180_days_present|w180_days_search|w180_days_cat|w180_days_buy|w180_days_cart|w180_days_presence_only|w180_searches|w180_carts|w180_orders|w180_gmv|w180_gmv_cat|w180_gmv_max|w180_lgmv_mean|w180_lgmv_std|w365_days_present|w365_days_search|w365_days_cat|w365_days_buy|w365_days_cart|w365_days_presence_only|w365_searches|w365_carts|w365_orders|w365_gmv|w365_gmv_cat|w365_gmv_max|w365_lgmv_mean|w365_lgmv_std|rec_any|rec_search|rec_cart|rec_buy|rec_cat|gap_mean|gap_std|buygap_mean|buygap_std|weekend_share|tenure_frac|first_buy_frac|gap_max_frac|w7_aov|w7_gmv_per_day|w7_cart2ord|w7_srch2cart|w7_buyday_rate|w7_presence_rate|w7_ponly_share|w7_cat_gmv_share,1786559782275494300,no,no
data/processed/feat_20251224_LnormNone.parquet,feat_20251224_LnormNone.parquet,.parquet,dataset,source_or_derived_dataset,148066086,b0c78c618d96adec2969e8db25f14029ea470d7a51a13b4282447d70989020d4,unknown,rows=250000;row_groups=2;columns=user_id|w7_days_present|w7_days_search|w7_days_cat|w7_days_buy|w7_days_cart|w7_days_presence_only|w7_searches|w7_carts|w7_orders|w7_gmv|w7_gmv_cat|w7_gmv_max|w7_lgmv_mean|w7_lgmv_std|w14_days_present|w14_days_search|w14_days_cat|w14_days_buy|w14_days_cart|w14_days_presence_only|w14_searches|w14_carts|w14_orders|w14_gmv|w14_gmv_cat|w14_gmv_max|w14_lgmv_mean|w14_lgmv_std|w30_days_present|w30_days_search|w30_days_cat|w30_days_buy|w30_days_cart|w30_days_presence_only|w30_searches|w30_carts|w30_orders|w30_gmv|w30_gmv_cat|w30_gmv_max|w30_lgmv_mean|w30_lgmv_std|w60_days_present|w60_days_search|w60_days_cat|w60_days_buy|w60_days_cart|w60_days_presence_only|w60_searches|w60_carts|w60_orders|w60_gmv|w60_gmv_cat|w60_gmv_max|w60_lgmv_mean|w60_lgmv_std|w90_days_present|w90_days_search|w90_days_cat|w90_days_buy|w90_days_cart|w90_days_presence_only|w90_searches|w90_carts|w90_orders|w90_gmv|w90_gmv_cat|w90_gmv_max|w90_lgmv_mean|w90_lgmv_std|w180_days_present|w180_days_search|w180_days_cat|w180_days_buy|w180_days_cart|w180_days_presence_only|w180_searches|w180_carts|w180_orders|w180_gmv|w180_gmv_cat|w180_gmv_max|w180_lgmv_mean|w180_lgmv_std|w365_days_present|w365_days_search|w365_days_cat|w365_days_buy|w365_days_cart|w365_days_presence_only|w365_searches|w365_carts|w365_orders|w365_gmv|w365_gmv_cat|w365_gmv_max|w365_lgmv_mean|w365_lgmv_std|rec_any|rec_search|rec_cart|rec_buy|rec_cat|gap_mean|gap_std|buygap_mean|buygap_std|weekend_share|tenure_frac|first_buy_frac|gap_max_frac|w7_aov|w7_gmv_per_day|w7_cart2ord|w7_srch2cart|w7_buyday_rate|w7_presence_rate|w7_ponly_share|w7_cat_gmv_share,1786559790794971700,no,no
data/processed/feat_20251231_LnormNone.parquet,feat_20251231_LnormNone.parquet,.parquet,dataset,source_or_derived_dataset,147674542,01a703cfd574277222a47f8ae33dc8d9f79ea2aa12dfbdb7cee4de0cbd628266,unknown,rows=250000;row_groups=2;columns=user_id|w7_days_present|w7_days_search|w7_days_cat|w7_days_buy|w7_days_cart|w7_days_presence_only|w7_searches|w7_carts|w7_orders|w7_gmv|w7_gmv_cat|w7_gmv_max|w7_lgmv_mean|w7_lgmv_std|w14_days_present|w14_days_search|w14_days_cat|w14_days_buy|w14_days_cart|w14_days_presence_only|w14_searches|w14_carts|w14_orders|w14_gmv|w14_gmv_cat|w14_gmv_max|w14_lgmv_mean|w14_lgmv_std|w30_days_present|w30_days_search|w30_days_cat|w30_days_buy|w30_days_cart|w30_days_presence_only|w30_searches|w30_carts|w30_orders|w30_gmv|w30_gmv_cat|w30_gmv_max|w30_lgmv_mean|w30_lgmv_std|w60_days_present|w60_days_search|w60_days_cat|w60_days_buy|w60_days_cart|w60_days_presence_only|w60_searches|w60_carts|w60_orders|w60_gmv|w60_gmv_cat|w60_gmv_max|w60_lgmv_mean|w60_lgmv_std|w90_days_present|w90_days_search|w90_days_cat|w90_days_buy|w90_days_cart|w90_days_presence_only|w90_searches|w90_carts|w90_orders|w90_gmv|w90_gmv_cat|w90_gmv_max|w90_lgmv_mean|w90_lgmv_std|w180_days_present|w180_days_search|w180_days_cat|w180_days_buy|w180_days_cart|w180_days_presence_only|w180_searches|w180_carts|w180_orders|w180_gmv|w180_gmv_cat|w180_gmv_max|w180_lgmv_mean|w180_lgmv_std|w365_days_present|w365_days_search|w365_days_cat|w365_days_buy|w365_days_cart|w365_days_presence_only|w365_searches|w365_carts|w365_orders|w365_gmv|w365_gmv_cat|w365_gmv_max|w365_lgmv_mean|w365_lgmv_std|rec_any|rec_search|rec_cart|rec_buy|rec_cat|gap_mean|gap_std|buygap_mean|buygap_std|weekend_share|tenure_frac|first_buy_frac|gap_max_frac|w7_aov|w7_gmv_per_day|w7_cart2ord|w7_srch2cart|w7_buyday_rate|w7_presence_rate|w7_ponly_share|w7_cat_gmv_share,1786559798925525400,no,no
data/processed/feat_20260107_LnormNone.parquet,feat_20260107_LnormNone.parquet,.parquet,dataset,source_or_derived_dataset,146236501,f69557186557c805c985dd7c1111028d42057f556b7027b896a201afb30a0c2a,unknown,rows=250000;row_groups=2;columns=user_id|w7_days_present|w7_days_search|w7_days_cat|w7_days_buy|w7_days_cart|w7_days_presence_only|w7_searches|w7_carts|w7_orders|w7_gmv|w7_gmv_cat|w7_gmv_max|w7_lgmv_mean|w7_lgmv_std|w14_days_present|w14_days_search|w14_days_cat|w14_days_buy|w14_days_cart|w14_days_presence_only|w14_searches|w14_carts|w14_orders|w14_gmv|w14_gmv_cat|w14_gmv_max|w14_lgmv_mean|w14_lgmv_std|w30_days_present|w30_days_search|w30_days_cat|w30_days_buy|w30_days_cart|w30_days_presence_only|w30_searches|w30_carts|w30_orders|w30_gmv|w30_gmv_cat|w30_gmv_max|w30_lgmv_mean|w30_lgmv_std|w60_days_present|w60_days_search|w60_days_cat|w60_days_buy|w60_days_cart|w60_days_presence_only|w60_searches|w60_carts|w60_orders|w60_gmv|w60_gmv_cat|w60_gmv_max|w60_lgmv_mean|w60_lgmv_std|w90_days_present|w90_days_search|w90_days_cat|w90_days_buy|w90_days_cart|w90_days_presence_only|w90_searches|w90_carts|w90_orders|w90_gmv|w90_gmv_cat|w90_gmv_max|w90_lgmv_mean|w90_lgmv_std|w180_days_present|w180_days_search|w180_days_cat|w180_days_buy|w180_days_cart|w180_days_presence_only|w180_searches|w180_carts|w180_orders|w180_gmv|w180_gmv_cat|w180_gmv_max|w180_lgmv_mean|w180_lgmv_std|w365_days_present|w365_days_search|w365_days_cat|w365_days_buy|w365_days_cart|w365_days_presence_only|w365_searches|w365_carts|w365_orders|w365_gmv|w365_gmv_cat|w365_gmv_max|w365_lgmv_mean|w365_lgmv_std|rec_any|rec_search|rec_cart|rec_buy|rec_cat|gap_mean|gap_std|buygap_mean|buygap_std|weekend_share|tenure_frac|first_buy_frac|gap_max_frac|w7_aov|w7_gmv_per_day|w7_cart2ord|w7_srch2cart|w7_buyday_rate|w7_presence_rate|w7_ponly_share|w7_cat_gmv_share,1786559806388539900,no,no
data/processed/feat_20260114_L180.parquet,feat_20260114_L180.parquet,.parquet,dataset,source_or_derived_dataset,113946434,ebf920a2132ebe8344337841553f5d5e5e80f348f2dc2ca1d3f6c2d879125597,unknown,rows=250000;row_groups=2;columns=user_id|w7_days_present|w7_days_search|w7_days_cat|w7_days_buy|w7_days_cart|w7_days_presence_only|w7_searches|w7_carts|w7_orders|w7_gmv|w7_gmv_cat|w7_gmv_max|w7_lgmv_mean|w7_lgmv_std|w14_days_present|w14_days_search|w14_days_cat|w14_days_buy|w14_days_cart|w14_days_presence_only|w14_searches|w14_carts|w14_orders|w14_gmv|w14_gmv_cat|w14_gmv_max|w14_lgmv_mean|w14_lgmv_std|w30_days_present|w30_days_search|w30_days_cat|w30_days_buy|w30_days_cart|w30_days_presence_only|w30_searches|w30_carts|w30_orders|w30_gmv|w30_gmv_cat|w30_gmv_max|w30_lgmv_mean|w30_lgmv_std|w60_days_present|w60_days_search|w60_days_cat|w60_days_buy|w60_days_cart|w60_days_presence_only|w60_searches|w60_carts|w60_orders|w60_gmv|w60_gmv_cat|w60_gmv_max|w60_lgmv_mean|w60_lgmv_std|w90_days_present|w90_days_search|w90_days_cat|w90_days_buy|w90_days_cart|w90_days_presence_only|w90_searches|w90_carts|w90_orders|w90_gmv|w90_gmv_cat|w90_gmv_max|w90_lgmv_mean|w90_lgmv_std|w180_days_present|w180_days_search|w180_days_cat|w180_days_buy|w180_days_cart|w180_days_presence_only|w180_searches|w180_carts|w180_orders|w180_gmv|w180_gmv_cat|w180_gmv_max|w180_lgmv_mean|w180_lgmv_std|rec_any|rec_search|rec_cart|rec_buy|rec_cat|gap_mean|gap_std|gap_max|buygap_mean|buygap_std|weekend_share|w7_aov|w7_gmv_per_day|w7_cart2ord|w7_srch2cart|w7_buyday_rate|w7_presence_rate|w7_ponly_share|w7_cat_gmv_share|w7_srch_per_day|w7_lgmv|w7_gmv30eq|w14_aov|w14_gmv_per_day|w14_cart2ord|w14_srch2cart|w14_buyday_rate|w14_presence_rate|w14_ponly_share|w14_cat_gmv_share|w14_srch_per_day|w14_lgmv|w14_gmv30eq|w30_aov|w30_gmv_per_day,1787306771211701000,no,no
data/processed/feat_20260114_LnormNone.parquet,feat_20260114_LnormNone.parquet,.parquet,dataset,source_or_derived_dataset,146247003,ae4deb26178d9bd8be37320d1fec0195b7f0190472893e48273fa3b557b9ffa5,unknown,rows=250000;row_groups=2;columns=user_id|w7_days_present|w7_days_search|w7_days_cat|w7_days_buy|w7_days_cart|w7_days_presence_only|w7_searches|w7_carts|w7_orders|w7_gmv|w7_gmv_cat|w7_gmv_max|w7_lgmv_mean|w7_lgmv_std|w14_days_present|w14_days_search|w14_days_cat|w14_days_buy|w14_days_cart|w14_days_presence_only|w14_searches|w14_carts|w14_orders|w14_gmv|w14_gmv_cat|w14_gmv_max|w14_lgmv_mean|w14_lgmv_std|w30_days_present|w30_days_search|w30_days_cat|w30_days_buy|w30_days_cart|w30_days_presence_only|w30_searches|w30_carts|w30_orders|w30_gmv|w30_gmv_cat|w30_gmv_max|w30_lgmv_mean|w30_lgmv_std|w60_days_present|w60_days_search|w60_days_cat|w60_days_buy|w60_days_cart|w60_days_presence_only|w60_searches|w60_carts|w60_orders|w60_gmv|w60_gmv_cat|w60_gmv_max|w60_lgmv_mean|w60_lgmv_std|w90_days_present|w90_days_search|w90_days_cat|w90_days_buy|w90_days_cart|w90_days_presence_only|w90_searches|w90_carts|w90_orders|w90_gmv|w90_gmv_cat|w90_gmv_max|w90_lgmv_mean|w90_lgmv_std|w180_days_present|w180_days_search|w180_days_cat|w180_days_buy|w180_days_cart|w180_days_presence_only|w180_searches|w180_carts|w180_orders|w180_gmv|w180_gmv_cat|w180_gmv_max|w180_lgmv_mean|w180_lgmv_std|w365_days_present|w365_days_search|w365_days_cat|w365_days_buy|w365_days_cart|w365_days_presence_only|w365_searches|w365_carts|w365_orders|w365_gmv|w365_gmv_cat|w365_gmv_max|w365_lgmv_mean|w365_lgmv_std|rec_any|rec_search|rec_cart|rec_buy|rec_cat|gap_mean|gap_std|buygap_mean|buygap_std|weekend_share|tenure_frac|first_buy_frac|gap_max_frac|w7_aov|w7_gmv_per_day|w7_cart2ord|w7_srch2cart|w7_buyday_rate|w7_presence_rate|w7_ponly_share|w7_cat_gmv_share,1786559814207529100,no,no
data/processed/feat_20260213_L180.parquet,feat_20260213_L180.parquet,.parquet,dataset,source_or_derived_dataset,114056846,e928d967f612f8b198f06c84b0bf63a503b5409c7e369b8fda7c5f9cc4206d33,unknown,rows=250000;row_groups=2;columns=user_id|w7_days_present|w7_days_search|w7_days_cat|w7_days_buy|w7_days_cart|w7_days_presence_only|w7_searches|w7_carts|w7_orders|w7_gmv|w7_gmv_cat|w7_gmv_max|w7_lgmv_mean|w7_lgmv_std|w14_days_present|w14_days_search|w14_days_cat|w14_days_buy|w14_days_cart|w14_days_presence_only|w14_searches|w14_carts|w14_orders|w14_gmv|w14_gmv_cat|w14_gmv_max|w14_lgmv_mean|w14_lgmv_std|w30_days_present|w30_days_search|w30_days_cat|w30_days_buy|w30_days_cart|w30_days_presence_only|w30_searches|w30_carts|w30_orders|w30_gmv|w30_gmv_cat|w30_gmv_max|w30_lgmv_mean|w30_lgmv_std|w60_days_present|w60_days_search|w60_days_cat|w60_days_buy|w60_days_cart|w60_days_presence_only|w60_searches|w60_carts|w60_orders|w60_gmv|w60_gmv_cat|w60_gmv_max|w60_lgmv_mean|w60_lgmv_std|w90_days_present|w90_days_search|w90_days_cat|w90_days_buy|w90_days_cart|w90_days_presence_only|w90_searches|w90_carts|w90_orders|w90_gmv|w90_gmv_cat|w90_gmv_max|w90_lgmv_mean|w90_lgmv_std|w180_days_present|w180_days_search|w180_days_cat|w180_days_buy|w180_days_cart|w180_days_presence_only|w180_searches|w180_carts|w180_orders|w180_gmv|w180_gmv_cat|w180_gmv_max|w180_lgmv_mean|w180_lgmv_std|rec_any|rec_search|rec_cart|rec_buy|rec_cat|gap_mean|gap_std|gap_max|buygap_mean|buygap_std|weekend_share|w7_aov|w7_gmv_per_day|w7_cart2ord|w7_srch2cart|w7_buyday_rate|w7_presence_rate|w7_ponly_share|w7_cat_gmv_share|w7_srch_per_day|w7_lgmv|w7_gmv30eq|w14_aov|w14_gmv_per_day|w14_cart2ord|w14_srch2cart|w14_buyday_rate|w14_presence_rate|w14_ponly_share|w14_cat_gmv_share|w14_srch_per_day|w14_lgmv|w14_gmv30eq|w30_aov|w30_gmv_per_day,1786384315076472900,no,no
data/processed/feat_20260213_L270.parquet,feat_20260213_L270.parquet,.parquet,dataset,source_or_derived_dataset,142412555,e793f24a943fefb09c6d190f892d13b2cd9a3606ea1a627c88b28f4c29a54093,unknown,rows=250000;row_groups=2;columns=user_id|w7_days_present|w7_days_search|w7_days_cat|w7_days_buy|w7_days_cart|w7_days_presence_only|w7_searches|w7_carts|w7_orders|w7_gmv|w7_gmv_cat|w7_gmv_max|w7_lgmv_mean|w7_lgmv_std|w14_days_present|w14_days_search|w14_days_cat|w14_days_buy|w14_days_cart|w14_days_presence_only|w14_searches|w14_carts|w14_orders|w14_gmv|w14_gmv_cat|w14_gmv_max|w14_lgmv_mean|w14_lgmv_std|w30_days_present|w30_days_search|w30_days_cat|w30_days_buy|w30_days_cart|w30_days_presence_only|w30_searches|w30_carts|w30_orders|w30_gmv|w30_gmv_cat|w30_gmv_max|w30_lgmv_mean|w30_lgmv_std|w60_days_present|w60_days_search|w60_days_cat|w60_days_buy|w60_days_cart|w60_days_presence_only|w60_searches|w60_carts|w60_orders|w60_gmv|w60_gmv_cat|w60_gmv_max|w60_lgmv_mean|w60_lgmv_std|w90_days_present|w90_days_search|w90_days_cat|w90_days_buy|w90_days_cart|w90_days_presence_only|w90_searches|w90_carts|w90_orders|w90_gmv|w90_gmv_cat|w90_gmv_max|w90_lgmv_mean|w90_lgmv_std|w180_days_present|w180_days_search|w180_days_cat|w180_days_buy|w180_days_cart|w180_days_presence_only|w180_searches|w180_carts|w180_orders|w180_gmv|w180_gmv_cat|w180_gmv_max|w180_lgmv_mean|w180_lgmv_std|w270_days_present|w270_days_search|w270_days_cat|w270_days_buy|w270_days_cart|w270_days_presence_only|w270_searches|w270_carts|w270_orders|w270_gmv|w270_gmv_cat|w270_gmv_max|w270_lgmv_mean|w270_lgmv_std|rec_any|rec_search|rec_cart|rec_buy|rec_cat|gap_mean|gap_std|gap_max|buygap_mean|buygap_std|weekend_share|w7_aov|w7_gmv_per_day|w7_cart2ord|w7_srch2cart|w7_buyday_rate|w7_presence_rate|w7_ponly_share|w7_cat_gmv_share|w7_srch_per_day|w7_lgmv,1786384576712821200,no,no
data/processed/feat_20260213_L90.parquet,feat_20260213_L90.parquet,.parquet,dataset,source_or_derived_dataset,86294513,32b57fb1305f991cccae13f1cb2b66b402a16484065fc5b7acbbbc2a92ad369a,unknown,rows=250000;row_groups=2;columns=user_id|w7_days_present|w7_days_search|w7_days_cat|w7_days_buy|w7_days_cart|w7_days_presence_only|w7_searches|w7_carts|w7_orders|w7_gmv|w7_gmv_cat|w7_gmv_max|w7_lgmv_mean|w7_lgmv_std|w14_days_present|w14_days_search|w14_days_cat|w14_days_buy|w14_days_cart|w14_days_presence_only|w14_searches|w14_carts|w14_orders|w14_gmv|w14_gmv_cat|w14_gmv_max|w14_lgmv_mean|w14_lgmv_std|w30_days_present|w30_days_search|w30_days_cat|w30_days_buy|w30_days_cart|w30_days_presence_only|w30_searches|w30_carts|w30_orders|w30_gmv|w30_gmv_cat|w30_gmv_max|w30_lgmv_mean|w30_lgmv_std|w60_days_present|w60_days_search|w60_days_cat|w60_days_buy|w60_days_cart|w60_days_presence_only|w60_searches|w60_carts|w60_orders|w60_gmv|w60_gmv_cat|w60_gmv_max|w60_lgmv_mean|w60_lgmv_std|w90_days_present|w90_days_search|w90_days_cat|w90_days_buy|w90_days_cart|w90_days_presence_only|w90_searches|w90_carts|w90_orders|w90_gmv|w90_gmv_cat|w90_gmv_max|w90_lgmv_mean|w90_lgmv_std|rec_any|rec_search|rec_cart|rec_buy|rec_cat|gap_mean|gap_std|gap_max|buygap_mean|buygap_std|weekend_share|w7_aov|w7_gmv_per_day|w7_cart2ord|w7_srch2cart|w7_buyday_rate|w7_presence_rate|w7_ponly_share|w7_cat_gmv_share|w7_srch_per_day|w7_lgmv|w7_gmv30eq|w14_aov|w14_gmv_per_day|w14_cart2ord|w14_srch2cart|w14_buyday_rate|w14_presence_rate|w14_ponly_share|w14_cat_gmv_share|w14_srch_per_day|w14_lgmv|w14_gmv30eq|w30_aov|w30_gmv_per_day|w30_cart2ord|w30_srch2cart|w30_buyday_rate|w30_presence_rate|w30_ponly_share|w30_cat_gmv_share|w30_srch_per_day|w30_lgmv|w30_gmv30eq|w60_aov|w60_gmv_per_day|w60_cart2ord|w60_srch2cart|w60_buyday_rate,1786384372583212000,no,no
data/processed/feat_20260213_LNone.parquet,feat_20260213_LNone.parquet,.parquet,dataset,source_or_derived_dataset,153678908,dba69b90e707cc91c4e0469d96f97999889372e6fd6fc9b3da8a0e91e7d0f6cf,unknown,rows=250000;row_groups=2;columns=user_id|w7_days_present|w7_days_search|w7_days_cat|w7_days_buy|w7_days_cart|w7_days_presence_only|w7_searches|w7_carts|w7_orders|w7_gmv|w7_gmv_cat|w7_gmv_max|w7_lgmv_mean|w7_lgmv_std|w14_days_present|w14_days_search|w14_days_cat|w14_days_buy|w14_days_cart|w14_days_presence_only|w14_searches|w14_carts|w14_orders|w14_gmv|w14_gmv_cat|w14_gmv_max|w14_lgmv_mean|w14_lgmv_std|w30_days_present|w30_days_search|w30_days_cat|w30_days_buy|w30_days_cart|w30_days_presence_only|w30_searches|w30_carts|w30_orders|w30_gmv|w30_gmv_cat|w30_gmv_max|w30_lgmv_mean|w30_lgmv_std|w60_days_present|w60_days_search|w60_days_cat|w60_days_buy|w60_days_cart|w60_days_presence_only|w60_searches|w60_carts|w60_orders|w60_gmv|w60_gmv_cat|w60_gmv_max|w60_lgmv_mean|w60_lgmv_std|w90_days_present|w90_days_search|w90_days_cat|w90_days_buy|w90_days_cart|w90_days_presence_only|w90_searches|w90_carts|w90_orders|w90_gmv|w90_gmv_cat|w90_gmv_max|w90_lgmv_mean|w90_lgmv_std|w180_days_present|w180_days_search|w180_days_cat|w180_days_buy|w180_days_cart|w180_days_presence_only|w180_searches|w180_carts|w180_orders|w180_gmv|w180_gmv_cat|w180_gmv_max|w180_lgmv_mean|w180_lgmv_std|w365_days_present|w365_days_search|w365_days_cat|w365_days_buy|w365_days_cart|w365_days_presence_only|w365_searches|w365_carts|w365_orders|w365_gmv|w365_gmv_cat|w365_gmv_max|w365_lgmv_mean|w365_lgmv_std|rec_any|rec_search|rec_cart|rec_buy|rec_cat|tenure|first_buy_age|all_days_present|all_days_buy|all_gmv|all_orders|all_searches|gap_mean|gap_std|gap_max|buygap_mean|buygap_std|weekend_share|w7_aov|w7_gmv_per_day|w7_cart2ord,1786384474504591400,no,no
data/processed/feat_20260213_LnormNone.parquet,feat_20260213_LnormNone.parquet,.parquet,dataset,source_or_derived_dataset,146819628,5a65c09d9a004c432a2f9a2a39f49ee3a83a4041f921e2bc846d04f8d3faeee3,unknown,rows=250000;row_groups=2;columns=user_id|w7_days_present|w7_days_search|w7_days_cat|w7_days_buy|w7_days_cart|w7_days_presence_only|w7_searches|w7_carts|w7_orders|w7_gmv|w7_gmv_cat|w7_gmv_max|w7_lgmv_mean|w7_lgmv_std|w14_days_present|w14_days_search|w14_days_cat|w14_days_buy|w14_days_cart|w14_days_presence_only|w14_searches|w14_carts|w14_orders|w14_gmv|w14_gmv_cat|w14_gmv_max|w14_lgmv_mean|w14_lgmv_std|w30_days_present|w30_days_search|w30_days_cat|w30_days_buy|w30_days_cart|w30_days_presence_only|w30_searches|w30_carts|w30_orders|w30_gmv|w30_gmv_cat|w30_gmv_max|w30_lgmv_mean|w30_lgmv_std|w60_days_present|w60_days_search|w60_days_cat|w60_days_buy|w60_days_cart|w60_days_presence_only|w60_searches|w60_carts|w60_orders|w60_gmv|w60_gmv_cat|w60_gmv_max|w60_lgmv_mean|w60_lgmv_std|w90_days_present|w90_days_search|w90_days_cat|w90_days_buy|w90_days_cart|w90_days_presence_only|w90_searches|w90_carts|w90_orders|w90_gmv|w90_gmv_cat|w90_gmv_max|w90_lgmv_mean|w90_lgmv_std|w180_days_present|w180_days_search|w180_days_cat|w180_days_buy|w180_days_cart|w180_days_presence_only|w180_searches|w180_carts|w180_orders|w180_gmv|w180_gmv_cat|w180_gmv_max|w180_lgmv_mean|w180_lgmv_std|w365_days_present|w365_days_search|w365_days_cat|w365_days_buy|w365_days_cart|w365_days_presence_only|w365_searches|w365_carts|w365_orders|w365_gmv|w365_gmv_cat|w365_gmv_max|w365_lgmv_mean|w365_lgmv_std|rec_any|rec_search|rec_cart|rec_buy|rec_cat|gap_mean|gap_std|buygap_mean|buygap_std|weekend_share|tenure_frac|first_buy_frac|gap_max_frac|w7_aov|w7_gmv_per_day|w7_cart2ord|w7_srch2cart|w7_buyday_rate|w7_presence_rate|w7_ponly_share|w7_cat_gmv_share,1786387932344056200,no,no
data/processed/feat_BLOCK4_SAF_v1_20250403_L180.parquet,feat_BLOCK4_SAF_v1_20250403_L180.parquet,.parquet,dataset,source_or_derived_dataset,117545032,abc1fb67fd3d52358df4fc83d75b16d8587a2ba648c31b08d67ca107311db5f8,team_a:exp_039,rows=213414;row_groups=2;columns=user_id|w7_days_present|w7_days_search|w7_days_cat|w7_days_buy|w7_days_cart|w7_days_presence_only|w7_searches|w7_carts|w7_orders|w7_gmv|w7_gmv_cat|w7_gmv_max|w7_lgmv_mean|w7_lgmv_std|w14_days_present|w14_days_search|w14_days_cat|w14_days_buy|w14_days_cart|w14_days_presence_only|w14_searches|w14_carts|w14_orders|w14_gmv|w14_gmv_cat|w14_gmv_max|w14_lgmv_mean|w14_lgmv_std|w30_days_present|w30_days_search|w30_days_cat|w30_days_buy|w30_days_cart|w30_days_presence_only|w30_searches|w30_carts|w30_orders|w30_gmv|w30_gmv_cat|w30_gmv_max|w30_lgmv_mean|w30_lgmv_std|w60_days_present|w60_days_search|w60_days_cat|w60_days_buy|w60_days_cart|w60_days_presence_only|w60_searches|w60_carts|w60_orders|w60_gmv|w60_gmv_cat|w60_gmv_max|w60_lgmv_mean|w60_lgmv_std|w90_days_present|w90_days_search|w90_days_cat|w90_days_buy|w90_days_cart|w90_days_presence_only|w90_searches|w90_carts|w90_orders|w90_gmv|w90_gmv_cat|w90_gmv_max|w90_lgmv_mean|w90_lgmv_std|w180_days_present|w180_days_search|w180_days_cat|w180_days_buy|w180_days_cart|w180_days_presence_only|w180_searches|w180_carts|w180_orders|w180_gmv|w180_gmv_cat|w180_gmv_max|w180_lgmv_mean|w180_lgmv_std|rec_any|rec_search|rec_cart|rec_buy|rec_cat|gap_mean|gap_std|gap_max|buygap_mean|buygap_std|weekend_share|w7_aov|w7_gmv_per_day|w7_cart2ord|w7_srch2cart|w7_buyday_rate|w7_presence_rate|w7_ponly_share|w7_cat_gmv_share|w7_srch_per_day|w7_lgmv|w7_gmv30eq|w14_aov|w14_gmv_per_day|w14_cart2ord|w14_srch2cart|w14_buyday_rate|w14_presence_rate|w14_ponly_share|w14_cat_gmv_share|w14_srch_per_day|w14_lgmv|w14_gmv30eq|w30_aov|w30_gmv_per_day,1787306710435250900,no,no
data/processed/feat_BLOCK4_SAF_v1_20250410_L180.parquet,feat_BLOCK4_SAF_v1_20250410_L180.parquet,.parquet,dataset,source_or_derived_dataset,118358729,521e5ae0b067684e9ab76ba24d5047cb908c041e0e9c62e1c756384857b0326f,team_a:exp_039,rows=214769;row_groups=2;columns=user_id|w7_days_present|w7_days_search|w7_days_cat|w7_days_buy|w7_days_cart|w7_days_presence_only|w7_searches|w7_carts|w7_orders|w7_gmv|w7_gmv_cat|w7_gmv_max|w7_lgmv_mean|w7_lgmv_std|w14_days_present|w14_days_search|w14_days_cat|w14_days_buy|w14_days_cart|w14_days_presence_only|w14_searches|w14_carts|w14_orders|w14_gmv|w14_gmv_cat|w14_gmv_max|w14_lgmv_mean|w14_lgmv_std|w30_days_present|w30_days_search|w30_days_cat|w30_days_buy|w30_days_cart|w30_days_presence_only|w30_searches|w30_carts|w30_orders|w30_gmv|w30_gmv_cat|w30_gmv_max|w30_lgmv_mean|w30_lgmv_std|w60_days_present|w60_days_search|w60_days_cat|w60_days_buy|w60_days_cart|w60_days_presence_only|w60_searches|w60_carts|w60_orders|w60_gmv|w60_gmv_cat|w60_gmv_max|w60_lgmv_mean|w60_lgmv_std|w90_days_present|w90_days_search|w90_days_cat|w90_days_buy|w90_days_cart|w90_days_presence_only|w90_searches|w90_carts|w90_orders|w90_gmv|w90_gmv_cat|w90_gmv_max|w90_lgmv_mean|w90_lgmv_std|w180_days_present|w180_days_search|w180_days_cat|w180_days_buy|w180_days_cart|w180_days_presence_only|w180_searches|w180_carts|w180_orders|w180_gmv|w180_gmv_cat|w180_gmv_max|w180_lgmv_mean|w180_lgmv_std|rec_any|rec_search|rec_cart|rec_buy|rec_cat|gap_mean|gap_std|gap_max|buygap_mean|buygap_std|weekend_share|w7_aov|w7_gmv_per_day|w7_cart2ord|w7_srch2cart|w7_buyday_rate|w7_presence_rate|w7_ponly_share|w7_cat_gmv_share|w7_srch_per_day|w7_lgmv|w7_gmv30eq|w14_aov|w14_gmv_per_day|w14_cart2ord|w14_srch2cart|w14_buyday_rate|w14_presence_rate|w14_ponly_share|w14_cat_gmv_share|w14_srch_per_day|w14_lgmv|w14_gmv30eq|w30_aov|w30_gmv_per_day,1787306711308230900,no,no
data/processed/feat_BLOCK4_SAF_v1_20250417_L180.parquet,feat_BLOCK4_SAF_v1_20250417_L180.parquet,.parquet,dataset,source_or_derived_dataset,120137671,f4437bc27e460305b56e243b5f8c99570103bc495d9160742049da6b35af52b8,team_a:exp_039,rows=216132;row_groups=2;columns=user_id|w7_days_present|w7_days_search|w7_days_cat|w7_days_buy|w7_days_cart|w7_days_presence_only|w7_searches|w7_carts|w7_orders|w7_gmv|w7_gmv_cat|w7_gmv_max|w7_lgmv_mean|w7_lgmv_std|w14_days_present|w14_days_search|w14_days_cat|w14_days_buy|w14_days_cart|w14_days_presence_only|w14_searches|w14_carts|w14_orders|w14_gmv|w14_gmv_cat|w14_gmv_max|w14_lgmv_mean|w14_lgmv_std|w30_days_present|w30_days_search|w30_days_cat|w30_days_buy|w30_days_cart|w30_days_presence_only|w30_searches|w30_carts|w30_orders|w30_gmv|w30_gmv_cat|w30_gmv_max|w30_lgmv_mean|w30_lgmv_std|w60_days_present|w60_days_search|w60_days_cat|w60_days_buy|w60_days_cart|w60_days_presence_only|w60_searches|w60_carts|w60_orders|w60_gmv|w60_gmv_cat|w60_gmv_max|w60_lgmv_mean|w60_lgmv_std|w90_days_present|w90_days_search|w90_days_cat|w90_days_buy|w90_days_cart|w90_days_presence_only|w90_searches|w90_carts|w90_orders|w90_gmv|w90_gmv_cat|w90_gmv_max|w90_lgmv_mean|w90_lgmv_std|w180_days_present|w180_days_search|w180_days_cat|w180_days_buy|w180_days_cart|w180_days_presence_only|w180_searches|w180_carts|w180_orders|w180_gmv|w180_gmv_cat|w180_gmv_max|w180_lgmv_mean|w180_lgmv_std|rec_any|rec_search|rec_cart|rec_buy|rec_cat|gap_mean|gap_std|gap_max|buygap_mean|buygap_std|weekend_share|w7_aov|w7_gmv_per_day|w7_cart2ord|w7_srch2cart|w7_buyday_rate|w7_presence_rate|w7_ponly_share|w7_cat_gmv_share|w7_srch_per_day|w7_lgmv|w7_gmv30eq|w14_aov|w14_gmv_per_day|w14_cart2ord|w14_srch2cart|w14_buyday_rate|w14_presence_rate|w14_ponly_share|w14_cat_gmv_share|w14_srch_per_day|w14_lgmv|w14_gmv30eq|w30_aov|w30_gmv_per_day,1787306712190875400,no,no
data/processed/feat_BLOCK4_SAF_v1_20250424_L180.parquet,feat_BLOCK4_SAF_v1_20250424_L180.parquet,.parquet,dataset,source_or_derived_dataset,121195806,2eb3ff31e93b938a4da10e41438f583328d03e534d6fb50d17a51bd81c2240bd,team_a:exp_039,rows=217348;row_groups=2;columns=user_id|w7_days_present|w7_days_search|w7_days_cat|w7_days_buy|w7_days_cart|w7_days_presence_only|w7_searches|w7_carts|w7_orders|w7_gmv|w7_gmv_cat|w7_gmv_max|w7_lgmv_mean|w7_lgmv_std|w14_days_present|w14_days_search|w14_days_cat|w14_days_buy|w14_days_cart|w14_days_presence_only|w14_searches|w14_carts|w14_orders|w14_gmv|w14_gmv_cat|w14_gmv_max|w14_lgmv_mean|w14_lgmv_std|w30_days_present|w30_days_search|w30_days_cat|w30_days_buy|w30_days_cart|w30_days_presence_only|w30_searches|w30_carts|w30_orders|w30_gmv|w30_gmv_cat|w30_gmv_max|w30_lgmv_mean|w30_lgmv_std|w60_days_present|w60_days_search|w60_days_cat|w60_days_buy|w60_days_cart|w60_days_presence_only|w60_searches|w60_carts|w60_orders|w60_gmv|w60_gmv_cat|w60_gmv_max|w60_lgmv_mean|w60_lgmv_std|w90_days_present|w90_days_search|w90_days_cat|w90_days_buy|w90_days_cart|w90_days_presence_only|w90_searches|w90_carts|w90_orders|w90_gmv|w90_gmv_cat|w90_gmv_max|w90_lgmv_mean|w90_lgmv_std|w180_days_present|w180_days_search|w180_days_cat|w180_days_buy|w180_days_cart|w180_days_presence_only|w180_searches|w180_carts|w180_orders|w180_gmv|w180_gmv_cat|w180_gmv_max|w180_lgmv_mean|w180_lgmv_std|rec_any|rec_search|rec_cart|rec_buy|rec_cat|gap_mean|gap_std|gap_max|buygap_mean|buygap_std|weekend_share|w7_aov|w7_gmv_per_day|w7_cart2ord|w7_srch2cart|w7_buyday_rate|w7_presence_rate|w7_ponly_share|w7_cat_gmv_share|w7_srch_per_day|w7_lgmv|w7_gmv30eq|w14_aov|w14_gmv_per_day|w14_cart2ord|w14_srch2cart|w14_buyday_rate|w14_presence_rate|w14_ponly_share|w14_cat_gmv_share|w14_srch_per_day|w14_lgmv|w14_gmv30eq|w30_aov|w30_gmv_per_day,1787306713160952300,no,no
data/processed/feat_BLOCK4_SAF_v1_20250501_L180.parquet,feat_BLOCK4_SAF_v1_20250501_L180.parquet,.parquet,dataset,source_or_derived_dataset,122342064,e95e4d9004736cf5fcbb27edad5df93254cf0545b13e729d55ac73f6a6d7a87a,team_a:exp_039,rows=218506;row_groups=2;columns=user_id|w7_days_present|w7_days_search|w7_days_cat|w7_days_buy|w7_days_cart|w7_days_presence_only|w7_searches|w7_carts|w7_orders|w7_gmv|w7_gmv_cat|w7_gmv_max|w7_lgmv_mean|w7_lgmv_std|w14_days_present|w14_days_search|w14_days_cat|w14_days_buy|w14_days_cart|w14_days_presence_only|w14_searches|w14_carts|w14_orders|w14_gmv|w14_gmv_cat|w14_gmv_max|w14_lgmv_mean|w14_lgmv_std|w30_days_present|w30_days_search|w30_days_cat|w30_days_buy|w30_days_cart|w30_days_presence_only|w30_searches|w30_carts|w30_orders|w30_gmv|w30_gmv_cat|w30_gmv_max|w30_lgmv_mean|w30_lgmv_std|w60_days_present|w60_days_search|w60_days_cat|w60_days_buy|w60_days_cart|w60_days_presence_only|w60_searches|w60_carts|w60_orders|w60_gmv|w60_gmv_cat|w60_gmv_max|w60_lgmv_mean|w60_lgmv_std|w90_days_present|w90_days_search|w90_days_cat|w90_days_buy|w90_days_cart|w90_days_presence_only|w90_searches|w90_carts|w90_orders|w90_gmv|w90_gmv_cat|w90_gmv_max|w90_lgmv_mean|w90_lgmv_std|w180_days_present|w180_days_search|w180_days_cat|w180_days_buy|w180_days_cart|w180_days_presence_only|w180_searches|w180_carts|w180_orders|w180_gmv|w180_gmv_cat|w180_gmv_max|w180_lgmv_mean|w180_lgmv_std|rec_any|rec_search|rec_cart|rec_buy|rec_cat|gap_mean|gap_std|gap_max|buygap_mean|buygap_std|weekend_share|w7_aov|w7_gmv_per_day|w7_cart2ord|w7_srch2cart|w7_buyday_rate|w7_presence_rate|w7_ponly_share|w7_cat_gmv_share|w7_srch_per_day|w7_lgmv|w7_gmv30eq|w14_aov|w14_gmv_per_day|w14_cart2ord|w14_srch2cart|w14_buyday_rate|w14_presence_rate|w14_ponly_share|w14_cat_gmv_share|w14_srch_per_day|w14_lgmv|w14_gmv30eq|w30_aov|w30_gmv_per_day,1787306714100179900,no,no
data/processed/feat_BLOCK4_SAF_v1_20250508_L180.parquet,feat_BLOCK4_SAF_v1_20250508_L180.parquet,.parquet,dataset,source_or_derived_dataset,123063121,87cc6311ddbb0eff1649f567886c9c21444d0938fbeb0fc1909bd0bc25e751a7,team_a:exp_039,rows=219576;row_groups=2;columns=user_id|w7_days_present|w7_days_search|w7_days_cat|w7_days_buy|w7_days_cart|w7_days_presence_only|w7_searches|w7_carts|w7_orders|w7_gmv|w7_gmv_cat|w7_gmv_max|w7_lgmv_mean|w7_lgmv_std|w14_days_present|w14_days_search|w14_days_cat|w14_days_buy|w14_days_cart|w14_days_presence_only|w14_searches|w14_carts|w14_orders|w14_gmv|w14_gmv_cat|w14_gmv_max|w14_lgmv_mean|w14_lgmv_std|w30_days_present|w30_days_search|w30_days_cat|w30_days_buy|w30_days_cart|w30_days_presence_only|w30_searches|w30_carts|w30_orders|w30_gmv|w30_gmv_cat|w30_gmv_max|w30_lgmv_mean|w30_lgmv_std|w60_days_present|w60_days_search|w60_days_cat|w60_days_buy|w60_days_cart|w60_days_presence_only|w60_searches|w60_carts|w60_orders|w60_gmv|w60_gmv_cat|w60_gmv_max|w60_lgmv_mean|w60_lgmv_std|w90_days_present|w90_days_search|w90_days_cat|w90_days_buy|w90_days_cart|w90_days_presence_only|w90_searches|w90_carts|w90_orders|w90_gmv|w90_gmv_cat|w90_gmv_max|w90_lgmv_mean|w90_lgmv_std|w180_days_present|w180_days_search|w180_days_cat|w180_days_buy|w180_days_cart|w180_days_presence_only|w180_searches|w180_carts|w180_orders|w180_gmv|w180_gmv_cat|w180_gmv_max|w180_lgmv_mean|w180_lgmv_std|rec_any|rec_search|rec_cart|rec_buy|rec_cat|gap_mean|gap_std|gap_max|buygap_mean|buygap_std|weekend_share|w7_aov|w7_gmv_per_day|w7_cart2ord|w7_srch2cart|w7_buyday_rate|w7_presence_rate|w7_ponly_share|w7_cat_gmv_share|w7_srch_per_day|w7_lgmv|w7_gmv30eq|w14_aov|w14_gmv_per_day|w14_cart2ord|w14_srch2cart|w14_buyday_rate|w14_presence_rate|w14_ponly_share|w14_cat_gmv_share|w14_srch_per_day|w14_lgmv|w14_gmv30eq|w30_aov|w30_gmv_per_day,1787306715088121300,no,no
data/processed/feat_BLOCK4_SAF_v1_20250515_L180.parquet,feat_BLOCK4_SAF_v1_20250515_L180.parquet,.parquet,dataset,source_or_derived_dataset,123755553,027b4169fdd3daa06f359bea3caafbd713f418fdbcc308c9ecb6e78af38a0a34,team_a:exp_039,rows=220564;row_groups=2;columns=user_id|w7_days_present|w7_days_search|w7_days_cat|w7_days_buy|w7_days_cart|w7_days_presence_only|w7_searches|w7_carts|w7_orders|w7_gmv|w7_gmv_cat|w7_gmv_max|w7_lgmv_mean|w7_lgmv_std|w14_days_present|w14_days_search|w14_days_cat|w14_days_buy|w14_days_cart|w14_days_presence_only|w14_searches|w14_carts|w14_orders|w14_gmv|w14_gmv_cat|w14_gmv_max|w14_lgmv_mean|w14_lgmv_std|w30_days_present|w30_days_search|w30_days_cat|w30_days_buy|w30_days_cart|w30_days_presence_only|w30_searches|w30_carts|w30_orders|w30_gmv|w30_gmv_cat|w30_gmv_max|w30_lgmv_mean|w30_lgmv_std|w60_days_present|w60_days_search|w60_days_cat|w60_days_buy|w60_days_cart|w60_days_presence_only|w60_searches|w60_carts|w60_orders|w60_gmv|w60_gmv_cat|w60_gmv_max|w60_lgmv_mean|w60_lgmv_std|w90_days_present|w90_days_search|w90_days_cat|w90_days_buy|w90_days_cart|w90_days_presence_only|w90_searches|w90_carts|w90_orders|w90_gmv|w90_gmv_cat|w90_gmv_max|w90_lgmv_mean|w90_lgmv_std|w180_days_present|w180_days_search|w180_days_cat|w180_days_buy|w180_days_cart|w180_days_presence_only|w180_searches|w180_carts|w180_orders|w180_gmv|w180_gmv_cat|w180_gmv_max|w180_lgmv_mean|w180_lgmv_std|rec_any|rec_search|rec_cart|rec_buy|rec_cat|gap_mean|gap_std|gap_max|buygap_mean|buygap_std|weekend_share|w7_aov|w7_gmv_per_day|w7_cart2ord|w7_srch2cart|w7_buyday_rate|w7_presence_rate|w7_ponly_share|w7_cat_gmv_share|w7_srch_per_day|w7_lgmv|w7_gmv30eq|w14_aov|w14_gmv_per_day|w14_cart2ord|w14_srch2cart|w14_buyday_rate|w14_presence_rate|w14_ponly_share|w14_cat_gmv_share|w14_srch_per_day|w14_lgmv|w14_gmv30eq|w30_aov|w30_gmv_per_day,1787306716080033800,no,no
data/processed/feat_BLOCK4_SAF_v1_20250522_L180.parquet,feat_BLOCK4_SAF_v1_20250522_L180.parquet,.parquet,dataset,source_or_derived_dataset,124929335,2acfd1389f95459b2f8ce45a0e4e6f4347bc129ee48f5296a264299da25a2c1a,team_a:exp_039,rows=221574;row_groups=2;columns=user_id|w7_days_present|w7_days_search|w7_days_cat|w7_days_buy|w7_days_cart|w7_days_presence_only|w7_searches|w7_carts|w7_orders|w7_gmv|w7_gmv_cat|w7_gmv_max|w7_lgmv_mean|w7_lgmv_std|w14_days_present|w14_days_search|w14_days_cat|w14_days_buy|w14_days_cart|w14_days_presence_only|w14_searches|w14_carts|w14_orders|w14_gmv|w14_gmv_cat|w14_gmv_max|w14_lgmv_mean|w14_lgmv_std|w30_days_present|w30_days_search|w30_days_cat|w30_days_buy|w30_days_cart|w30_days_presence_only|w30_searches|w30_carts|w30_orders|w30_gmv|w30_gmv_cat|w30_gmv_max|w30_lgmv_mean|w30_lgmv_std|w60_days_present|w60_days_search|w60_days_cat|w60_days_buy|w60_days_cart|w60_days_presence_only|w60_searches|w60_carts|w60_orders|w60_gmv|w60_gmv_cat|w60_gmv_max|w60_lgmv_mean|w60_lgmv_std|w90_days_present|w90_days_search|w90_days_cat|w90_days_buy|w90_days_cart|w90_days_presence_only|w90_searches|w90_carts|w90_orders|w90_gmv|w90_gmv_cat|w90_gmv_max|w90_lgmv_mean|w90_lgmv_std|w180_days_present|w180_days_search|w180_days_cat|w180_days_buy|w180_days_cart|w180_days_presence_only|w180_searches|w180_carts|w180_orders|w180_gmv|w180_gmv_cat|w180_gmv_max|w180_lgmv_mean|w180_lgmv_std|rec_any|rec_search|rec_cart|rec_buy|rec_cat|gap_mean|gap_std|gap_max|buygap_mean|buygap_std|weekend_share|w7_aov|w7_gmv_per_day|w7_cart2ord|w7_srch2cart|w7_buyday_rate|w7_presence_rate|w7_ponly_share|w7_cat_gmv_share|w7_srch_per_day|w7_lgmv|w7_gmv30eq|w14_aov|w14_gmv_per_day|w14_cart2ord|w14_srch2cart|w14_buyday_rate|w14_presence_rate|w14_ponly_share|w14_cat_gmv_share|w14_srch_per_day|w14_lgmv|w14_gmv30eq|w30_aov|w30_gmv_per_day,1787306717070731700,no,no
data/processed/feat_BLOCK4_SAF_v1_20250529_L180.parquet,feat_BLOCK4_SAF_v1_20250529_L180.parquet,.parquet,dataset,source_or_derived_dataset,125969052,e1ca7f3b05f6f0d1f0ee1e307ca61da228ae997dfbe0538666e351e3f6d45759,team_a:exp_039,rows=222507;row_groups=2;columns=user_id|w7_days_present|w7_days_search|w7_days_cat|w7_days_buy|w7_days_cart|w7_days_presence_only|w7_searches|w7_carts|w7_orders|w7_gmv|w7_gmv_cat|w7_gmv_max|w7_lgmv_mean|w7_lgmv_std|w14_days_present|w14_days_search|w14_days_cat|w14_days_buy|w14_days_cart|w14_days_presence_only|w14_searches|w14_carts|w14_orders|w14_gmv|w14_gmv_cat|w14_gmv_max|w14_lgmv_mean|w14_lgmv_std|w30_days_present|w30_days_search|w30_days_cat|w30_days_buy|w30_days_cart|w30_days_presence_only|w30_searches|w30_carts|w30_orders|w30_gmv|w30_gmv_cat|w30_gmv_max|w30_lgmv_mean|w30_lgmv_std|w60_days_present|w60_days_search|w60_days_cat|w60_days_buy|w60_days_cart|w60_days_presence_only|w60_searches|w60_carts|w60_orders|w60_gmv|w60_gmv_cat|w60_gmv_max|w60_lgmv_mean|w60_lgmv_std|w90_days_present|w90_days_search|w90_days_cat|w90_days_buy|w90_days_cart|w90_days_presence_only|w90_searches|w90_carts|w90_orders|w90_gmv|w90_gmv_cat|w90_gmv_max|w90_lgmv_mean|w90_lgmv_std|w180_days_present|w180_days_search|w180_days_cat|w180_days_buy|w180_days_cart|w180_days_presence_only|w180_searches|w180_carts|w180_orders|w180_gmv|w180_gmv_cat|w180_gmv_max|w180_lgmv_mean|w180_lgmv_std|rec_any|rec_search|rec_cart|rec_buy|rec_cat|gap_mean|gap_std|gap_max|buygap_mean|buygap_std|weekend_share|w7_aov|w7_gmv_per_day|w7_cart2ord|w7_srch2cart|w7_buyday_rate|w7_presence_rate|w7_ponly_share|w7_cat_gmv_share|w7_srch_per_day|w7_lgmv|w7_gmv30eq|w14_aov|w14_gmv_per_day|w14_cart2ord|w14_srch2cart|w14_buyday_rate|w14_presence_rate|w14_ponly_share|w14_cat_gmv_share|w14_srch_per_day|w14_lgmv|w14_gmv30eq|w30_aov|w30_gmv_per_day,1787306718034333300,no,no
data/processed/feat_BLOCK4_SAF_v1_20250605_L180.parquet,feat_BLOCK4_SAF_v1_20250605_L180.parquet,.parquet,dataset,source_or_derived_dataset,126681514,1b5e095e338630bec7b3581096e7de73a734725eaccda0a333f7835676d02834,team_a:exp_039,rows=223405;row_groups=2;columns=user_id|w7_days_present|w7_days_search|w7_days_cat|w7_days_buy|w7_days_cart|w7_days_presence_only|w7_searches|w7_carts|w7_orders|w7_gmv|w7_gmv_cat|w7_gmv_max|w7_lgmv_mean|w7_lgmv_std|w14_days_present|w14_days_search|w14_days_cat|w14_days_buy|w14_days_cart|w14_days_presence_only|w14_searches|w14_carts|w14_orders|w14_gmv|w14_gmv_cat|w14_gmv_max|w14_lgmv_mean|w14_lgmv_std|w30_days_present|w30_days_search|w30_days_cat|w30_days_buy|w30_days_cart|w30_days_presence_only|w30_searches|w30_carts|w30_orders|w30_gmv|w30_gmv_cat|w30_gmv_max|w30_lgmv_mean|w30_lgmv_std|w60_days_present|w60_days_search|w60_days_cat|w60_days_buy|w60_days_cart|w60_days_presence_only|w60_searches|w60_carts|w60_orders|w60_gmv|w60_gmv_cat|w60_gmv_max|w60_lgmv_mean|w60_lgmv_std|w90_days_present|w90_days_search|w90_days_cat|w90_days_buy|w90_days_cart|w90_days_presence_only|w90_searches|w90_carts|w90_orders|w90_gmv|w90_gmv_cat|w90_gmv_max|w90_lgmv_mean|w90_lgmv_std|w180_days_present|w180_days_search|w180_days_cat|w180_days_buy|w180_days_cart|w180_days_presence_only|w180_searches|w180_carts|w180_orders|w180_gmv|w180_gmv_cat|w180_gmv_max|w180_lgmv_mean|w180_lgmv_std|rec_any|rec_search|rec_cart|rec_buy|rec_cat|gap_mean|gap_std|gap_max|buygap_mean|buygap_std|weekend_share|w7_aov|w7_gmv_per_day|w7_cart2ord|w7_srch2cart|w7_buyday_rate|w7_presence_rate|w7_ponly_share|w7_cat_gmv_share|w7_srch_per_day|w7_lgmv|w7_gmv30eq|w14_aov|w14_gmv_per_day|w14_cart2ord|w14_srch2cart|w14_buyday_rate|w14_presence_rate|w14_ponly_share|w14_cat_gmv_share|w14_srch_per_day|w14_lgmv|w14_gmv30eq|w30_aov|w30_gmv_per_day,1787306719004221800,no,no
data/processed/feat_BLOCK4_SAF_v1_20250612_L180.parquet,feat_BLOCK4_SAF_v1_20250612_L180.parquet,.parquet,dataset,source_or_derived_dataset,128093096,d31aab8078ae2898f12148a1430ac3d2f724e4c0db556d5fa37cd1ab5327b48d,team_a:exp_039,rows=224393;row_groups=2;columns=user_id|w7_days_present|w7_days_search|w7_days_cat|w7_days_buy|w7_days_cart|w7_days_presence_only|w7_searches|w7_carts|w7_orders|w7_gmv|w7_gmv_cat|w7_gmv_max|w7_lgmv_mean|w7_lgmv_std|w14_days_present|w14_days_search|w14_days_cat|w14_days_buy|w14_days_cart|w14_days_presence_only|w14_searches|w14_carts|w14_orders|w14_gmv|w14_gmv_cat|w14_gmv_max|w14_lgmv_mean|w14_lgmv_std|w30_days_present|w30_days_search|w30_days_cat|w30_days_buy|w30_days_cart|w30_days_presence_only|w30_searches|w30_carts|w30_orders|w30_gmv|w30_gmv_cat|w30_gmv_max|w30_lgmv_mean|w30_lgmv_std|w60_days_present|w60_days_search|w60_days_cat|w60_days_buy|w60_days_cart|w60_days_presence_only|w60_searches|w60_carts|w60_orders|w60_gmv|w60_gmv_cat|w60_gmv_max|w60_lgmv_mean|w60_lgmv_std|w90_days_present|w90_days_search|w90_days_cat|w90_days_buy|w90_days_cart|w90_days_presence_only|w90_searches|w90_carts|w90_orders|w90_gmv|w90_gmv_cat|w90_gmv_max|w90_lgmv_mean|w90_lgmv_std|w180_days_present|w180_days_search|w180_days_cat|w180_days_buy|w180_days_cart|w180_days_presence_only|w180_searches|w180_carts|w180_orders|w180_gmv|w180_gmv_cat|w180_gmv_max|w180_lgmv_mean|w180_lgmv_std|rec_any|rec_search|rec_cart|rec_buy|rec_cat|gap_mean|gap_std|gap_max|buygap_mean|buygap_std|weekend_share|w7_aov|w7_gmv_per_day|w7_cart2ord|w7_srch2cart|w7_buyday_rate|w7_presence_rate|w7_ponly_share|w7_cat_gmv_share|w7_srch_per_day|w7_lgmv|w7_gmv30eq|w14_aov|w14_gmv_per_day|w14_cart2ord|w14_srch2cart|w14_buyday_rate|w14_presence_rate|w14_ponly_share|w14_cat_gmv_share|w14_srch_per_day|w14_lgmv|w14_gmv30eq|w30_aov|w30_gmv_per_day,1787306719989781100,no,no
data/processed/feat_BLOCK4_SAF_v1_20250619_L180.parquet,feat_BLOCK4_SAF_v1_20250619_L180.parquet,.parquet,dataset,source_or_derived_dataset,129064280,29fa1c61308e341b72a6185a29419e166c7b62a5a6c5ca46ca9e83544f1e0e2b,team_a:exp_039,rows=225363;row_groups=2;columns=user_id|w7_days_present|w7_days_search|w7_days_cat|w7_days_buy|w7_days_cart|w7_days_presence_only|w7_searches|w7_carts|w7_orders|w7_gmv|w7_gmv_cat|w7_gmv_max|w7_lgmv_mean|w7_lgmv_std|w14_days_present|w14_days_search|w14_days_cat|w14_days_buy|w14_days_cart|w14_days_presence_only|w14_searches|w14_carts|w14_orders|w14_gmv|w14_gmv_cat|w14_gmv_max|w14_lgmv_mean|w14_lgmv_std|w30_days_present|w30_days_search|w30_days_cat|w30_days_buy|w30_days_cart|w30_days_presence_only|w30_searches|w30_carts|w30_orders|w30_gmv|w30_gmv_cat|w30_gmv_max|w30_lgmv_mean|w30_lgmv_std|w60_days_present|w60_days_search|w60_days_cat|w60_days_buy|w60_days_cart|w60_days_presence_only|w60_searches|w60_carts|w60_orders|w60_gmv|w60_gmv_cat|w60_gmv_max|w60_lgmv_mean|w60_lgmv_std|w90_days_present|w90_days_search|w90_days_cat|w90_days_buy|w90_days_cart|w90_days_presence_only|w90_searches|w90_carts|w90_orders|w90_gmv|w90_gmv_cat|w90_gmv_max|w90_lgmv_mean|w90_lgmv_std|w180_days_present|w180_days_search|w180_days_cat|w180_days_buy|w180_days_cart|w180_days_presence_only|w180_searches|w180_carts|w180_orders|w180_gmv|w180_gmv_cat|w180_gmv_max|w180_lgmv_mean|w180_lgmv_std|rec_any|rec_search|rec_cart|rec_buy|rec_cat|gap_mean|gap_std|gap_max|buygap_mean|buygap_std|weekend_share|w7_aov|w7_gmv_per_day|w7_cart2ord|w7_srch2cart|w7_buyday_rate|w7_presence_rate|w7_ponly_share|w7_cat_gmv_share|w7_srch_per_day|w7_lgmv|w7_gmv30eq|w14_aov|w14_gmv_per_day|w14_cart2ord|w14_srch2cart|w14_buyday_rate|w14_presence_rate|w14_ponly_share|w14_cat_gmv_share|w14_srch_per_day|w14_lgmv|w14_gmv30eq|w30_aov|w30_gmv_per_day,1787306720980735900,no,no
data/processed/feat_BLOCK4_SAF_v1_20250626_L180.parquet,feat_BLOCK4_SAF_v1_20250626_L180.parquet,.parquet,dataset,source_or_derived_dataset,130131331,a5b562bf1df96bb454c8de4c0abe415ebda237672619b6852d29fe0b10e94061,team_a:exp_039,rows=226278;row_groups=2;columns=user_id|w7_days_present|w7_days_search|w7_days_cat|w7_days_buy|w7_days_cart|w7_days_presence_only|w7_searches|w7_carts|w7_orders|w7_gmv|w7_gmv_cat|w7_gmv_max|w7_lgmv_mean|w7_lgmv_std|w14_days_present|w14_days_search|w14_days_cat|w14_days_buy|w14_days_cart|w14_days_presence_only|w14_searches|w14_carts|w14_orders|w14_gmv|w14_gmv_cat|w14_gmv_max|w14_lgmv_mean|w14_lgmv_std|w30_days_present|w30_days_search|w30_days_cat|w30_days_buy|w30_days_cart|w30_days_presence_only|w30_searches|w30_carts|w30_orders|w30_gmv|w30_gmv_cat|w30_gmv_max|w30_lgmv_mean|w30_lgmv_std|w60_days_present|w60_days_search|w60_days_cat|w60_days_buy|w60_days_cart|w60_days_presence_only|w60_searches|w60_carts|w60_orders|w60_gmv|w60_gmv_cat|w60_gmv_max|w60_lgmv_mean|w60_lgmv_std|w90_days_present|w90_days_search|w90_days_cat|w90_days_buy|w90_days_cart|w90_days_presence_only|w90_searches|w90_carts|w90_orders|w90_gmv|w90_gmv_cat|w90_gmv_max|w90_lgmv_mean|w90_lgmv_std|w180_days_present|w180_days_search|w180_days_cat|w180_days_buy|w180_days_cart|w180_days_presence_only|w180_searches|w180_carts|w180_orders|w180_gmv|w180_gmv_cat|w180_gmv_max|w180_lgmv_mean|w180_lgmv_std|rec_any|rec_search|rec_cart|rec_buy|rec_cat|gap_mean|gap_std|gap_max|buygap_mean|buygap_std|weekend_share|w7_aov|w7_gmv_per_day|w7_cart2ord|w7_srch2cart|w7_buyday_rate|w7_presence_rate|w7_ponly_share|w7_cat_gmv_share|w7_srch_per_day|w7_lgmv|w7_gmv30eq|w14_aov|w14_gmv_per_day|w14_cart2ord|w14_srch2cart|w14_buyday_rate|w14_presence_rate|w14_ponly_share|w14_cat_gmv_share|w14_srch_per_day|w14_lgmv|w14_gmv30eq|w30_aov|w30_gmv_per_day,1787306721909557000,no,no
data/processed/feat_BLOCK4_SAF_v1_20250703_L180.parquet,feat_BLOCK4_SAF_v1_20250703_L180.parquet,.parquet,dataset,source_or_derived_dataset,131158740,7d3dc5718233215ba8906cdcee4a57f3b0203fe7a39f3b7bd413b0cec172e31c,team_a:exp_039,rows=227193;row_groups=2;columns=user_id|w7_days_present|w7_days_search|w7_days_cat|w7_days_buy|w7_days_cart|w7_days_presence_only|w7_searches|w7_carts|w7_orders|w7_gmv|w7_gmv_cat|w7_gmv_max|w7_lgmv_mean|w7_lgmv_std|w14_days_present|w14_days_search|w14_days_cat|w14_days_buy|w14_days_cart|w14_days_presence_only|w14_searches|w14_carts|w14_orders|w14_gmv|w14_gmv_cat|w14_gmv_max|w14_lgmv_mean|w14_lgmv_std|w30_days_present|w30_days_search|w30_days_cat|w30_days_buy|w30_days_cart|w30_days_presence_only|w30_searches|w30_carts|w30_orders|w30_gmv|w30_gmv_cat|w30_gmv_max|w30_lgmv_mean|w30_lgmv_std|w60_days_present|w60_days_search|w60_days_cat|w60_days_buy|w60_days_cart|w60_days_presence_only|w60_searches|w60_carts|w60_orders|w60_gmv|w60_gmv_cat|w60_gmv_max|w60_lgmv_mean|w60_lgmv_std|w90_days_present|w90_days_search|w90_days_cat|w90_days_buy|w90_days_cart|w90_days_presence_only|w90_searches|w90_carts|w90_orders|w90_gmv|w90_gmv_cat|w90_gmv_max|w90_lgmv_mean|w90_lgmv_std|w180_days_present|w180_days_search|w180_days_cat|w180_days_buy|w180_days_cart|w180_days_presence_only|w180_searches|w180_carts|w180_orders|w180_gmv|w180_gmv_cat|w180_gmv_max|w180_lgmv_mean|w180_lgmv_std|rec_any|rec_search|rec_cart|rec_buy|rec_cat|gap_mean|gap_std|gap_max|buygap_mean|buygap_std|weekend_share|w7_aov|w7_gmv_per_day|w7_cart2ord|w7_srch2cart|w7_buyday_rate|w7_presence_rate|w7_ponly_share|w7_cat_gmv_share|w7_srch_per_day|w7_lgmv|w7_gmv30eq|w14_aov|w14_gmv_per_day|w14_cart2ord|w14_srch2cart|w14_buyday_rate|w14_presence_rate|w14_ponly_share|w14_cat_gmv_share|w14_srch_per_day|w14_lgmv|w14_gmv30eq|w30_aov|w30_gmv_per_day,1787306722942301100,no,no
data/processed/feat_BLOCK4_SAF_v1_20250706_L180.parquet,feat_BLOCK4_SAF_v1_20250706_L180.parquet,.parquet,dataset,source_or_derived_dataset,132067775,d2e7e4608454fc93501c84e6b26273a2429f4f617e087647da95360b55786fb6,team_a:exp_039,rows=227459;row_groups=3;columns=user_id|w7_days_present|w7_days_search|w7_days_cat|w7_days_buy|w7_days_cart|w7_days_presence_only|w7_searches|w7_carts|w7_orders|w7_gmv|w7_gmv_cat|w7_gmv_max|w7_lgmv_mean|w7_lgmv_std|w14_days_present|w14_days_search|w14_days_cat|w14_days_buy|w14_days_cart|w14_days_presence_only|w14_searches|w14_carts|w14_orders|w14_gmv|w14_gmv_cat|w14_gmv_max|w14_lgmv_mean|w14_lgmv_std|w30_days_present|w30_days_search|w30_days_cat|w30_days_buy|w30_days_cart|w30_days_presence_only|w30_searches|w30_carts|w30_orders|w30_gmv|w30_gmv_cat|w30_gmv_max|w30_lgmv_mean|w30_lgmv_std|w60_days_present|w60_days_search|w60_days_cat|w60_days_buy|w60_days_cart|w60_days_presence_only|w60_searches|w60_carts|w60_orders|w60_gmv|w60_gmv_cat|w60_gmv_max|w60_lgmv_mean|w60_lgmv_std|w90_days_present|w90_days_search|w90_days_cat|w90_days_buy|w90_days_cart|w90_days_presence_only|w90_searches|w90_carts|w90_orders|w90_gmv|w90_gmv_cat|w90_gmv_max|w90_lgmv_mean|w90_lgmv_std|w180_days_present|w180_days_search|w180_days_cat|w180_days_buy|w180_days_cart|w180_days_presence_only|w180_searches|w180_carts|w180_orders|w180_gmv|w180_gmv_cat|w180_gmv_max|w180_lgmv_mean|w180_lgmv_std|rec_any|rec_search|rec_cart|rec_buy|rec_cat|gap_mean|gap_std|gap_max|buygap_mean|buygap_std|weekend_share|w7_aov|w7_gmv_per_day|w7_cart2ord|w7_srch2cart|w7_buyday_rate|w7_presence_rate|w7_ponly_share|w7_cat_gmv_share|w7_srch_per_day|w7_lgmv|w7_gmv30eq|w14_aov|w14_gmv_per_day|w14_cart2ord|w14_srch2cart|w14_buyday_rate|w14_presence_rate|w14_ponly_share|w14_cat_gmv_share|w14_srch_per_day|w14_lgmv|w14_gmv30eq|w30_aov|w30_gmv_per_day,1787306726390897500,no,no
data/processed/feat_BLOCK4_SAF_v1_20250710_L180.parquet,feat_BLOCK4_SAF_v1_20250710_L180.parquet,.parquet,dataset,source_or_derived_dataset,132074853,0e8a620c69700b72d49393ee85bc2c9772d4b2068f9d6be4a09d1484b71d49a0,team_a:exp_039,rows=227899;row_groups=2;columns=user_id|w7_days_present|w7_days_search|w7_days_cat|w7_days_buy|w7_days_cart|w7_days_presence_only|w7_searches|w7_carts|w7_orders|w7_gmv|w7_gmv_cat|w7_gmv_max|w7_lgmv_mean|w7_lgmv_std|w14_days_present|w14_days_search|w14_days_cat|w14_days_buy|w14_days_cart|w14_days_presence_only|w14_searches|w14_carts|w14_orders|w14_gmv|w14_gmv_cat|w14_gmv_max|w14_lgmv_mean|w14_lgmv_std|w30_days_present|w30_days_search|w30_days_cat|w30_days_buy|w30_days_cart|w30_days_presence_only|w30_searches|w30_carts|w30_orders|w30_gmv|w30_gmv_cat|w30_gmv_max|w30_lgmv_mean|w30_lgmv_std|w60_days_present|w60_days_search|w60_days_cat|w60_days_buy|w60_days_cart|w60_days_presence_only|w60_searches|w60_carts|w60_orders|w60_gmv|w60_gmv_cat|w60_gmv_max|w60_lgmv_mean|w60_lgmv_std|w90_days_present|w90_days_search|w90_days_cat|w90_days_buy|w90_days_cart|w90_days_presence_only|w90_searches|w90_carts|w90_orders|w90_gmv|w90_gmv_cat|w90_gmv_max|w90_lgmv_mean|w90_lgmv_std|w180_days_present|w180_days_search|w180_days_cat|w180_days_buy|w180_days_cart|w180_days_presence_only|w180_searches|w180_carts|w180_orders|w180_gmv|w180_gmv_cat|w180_gmv_max|w180_lgmv_mean|w180_lgmv_std|rec_any|rec_search|rec_cart|rec_buy|rec_cat|gap_mean|gap_std|gap_max|buygap_mean|buygap_std|weekend_share|w7_aov|w7_gmv_per_day|w7_cart2ord|w7_srch2cart|w7_buyday_rate|w7_presence_rate|w7_ponly_share|w7_cat_gmv_share|w7_srch_per_day|w7_lgmv|w7_gmv30eq|w14_aov|w14_gmv_per_day|w14_cart2ord|w14_srch2cart|w14_buyday_rate|w14_presence_rate|w14_ponly_share|w14_cat_gmv_share|w14_srch_per_day|w14_lgmv|w14_gmv30eq|w30_aov|w30_gmv_per_day,1787306727402176600,no,no
data/processed/feat_BLOCK4_SAF_v1_20250717_L180.parquet,feat_BLOCK4_SAF_v1_20250717_L180.parquet,.parquet,dataset,source_or_derived_dataset,133192484,da54106d1d7cd538e617965c2f1981c349dd18ae38769cc931d70f29e48a3046,team_a:exp_039,rows=228604;row_groups=2;columns=user_id|w7_days_present|w7_days_search|w7_days_cat|w7_days_buy|w7_days_cart|w7_days_presence_only|w7_searches|w7_carts|w7_orders|w7_gmv|w7_gmv_cat|w7_gmv_max|w7_lgmv_mean|w7_lgmv_std|w14_days_present|w14_days_search|w14_days_cat|w14_days_buy|w14_days_cart|w14_days_presence_only|w14_searches|w14_carts|w14_orders|w14_gmv|w14_gmv_cat|w14_gmv_max|w14_lgmv_mean|w14_lgmv_std|w30_days_present|w30_days_search|w30_days_cat|w30_days_buy|w30_days_cart|w30_days_presence_only|w30_searches|w30_carts|w30_orders|w30_gmv|w30_gmv_cat|w30_gmv_max|w30_lgmv_mean|w30_lgmv_std|w60_days_present|w60_days_search|w60_days_cat|w60_days_buy|w60_days_cart|w60_days_presence_only|w60_searches|w60_carts|w60_orders|w60_gmv|w60_gmv_cat|w60_gmv_max|w60_lgmv_mean|w60_lgmv_std|w90_days_present|w90_days_search|w90_days_cat|w90_days_buy|w90_days_cart|w90_days_presence_only|w90_searches|w90_carts|w90_orders|w90_gmv|w90_gmv_cat|w90_gmv_max|w90_lgmv_mean|w90_lgmv_std|w180_days_present|w180_days_search|w180_days_cat|w180_days_buy|w180_days_cart|w180_days_presence_only|w180_searches|w180_carts|w180_orders|w180_gmv|w180_gmv_cat|w180_gmv_max|w180_lgmv_mean|w180_lgmv_std|rec_any|rec_search|rec_cart|rec_buy|rec_cat|gap_mean|gap_std|gap_max|buygap_mean|buygap_std|weekend_share|w7_aov|w7_gmv_per_day|w7_cart2ord|w7_srch2cart|w7_buyday_rate|w7_presence_rate|w7_ponly_share|w7_cat_gmv_share|w7_srch_per_day|w7_lgmv|w7_gmv30eq|w14_aov|w14_gmv_per_day|w14_cart2ord|w14_srch2cart|w14_buyday_rate|w14_presence_rate|w14_ponly_share|w14_cat_gmv_share|w14_srch_per_day|w14_lgmv|w14_gmv30eq|w30_aov|w30_gmv_per_day,1787306728444603800,no,no
data/processed/feat_BLOCK4_SAF_v1_20250720_L180.parquet,feat_BLOCK4_SAF_v1_20250720_L180.parquet,.parquet,dataset,source_or_derived_dataset,134134833,4d6eeadec2005f2e381ddc796660c52a11940be1704fd12a1db74f065a28205d,team_a:exp_039,rows=228841;row_groups=3;columns=user_id|w7_days_present|w7_days_search|w7_days_cat|w7_days_buy|w7_days_cart|w7_days_presence_only|w7_searches|w7_carts|w7_orders|w7_gmv|w7_gmv_cat|w7_gmv_max|w7_lgmv_mean|w7_lgmv_std|w14_days_present|w14_days_search|w14_days_cat|w14_days_buy|w14_days_cart|w14_days_presence_only|w14_searches|w14_carts|w14_orders|w14_gmv|w14_gmv_cat|w14_gmv_max|w14_lgmv_mean|w14_lgmv_std|w30_days_present|w30_days_search|w30_days_cat|w30_days_buy|w30_days_cart|w30_days_presence_only|w30_searches|w30_carts|w30_orders|w30_gmv|w30_gmv_cat|w30_gmv_max|w30_lgmv_mean|w30_lgmv_std|w60_days_present|w60_days_search|w60_days_cat|w60_days_buy|w60_days_cart|w60_days_presence_only|w60_searches|w60_carts|w60_orders|w60_gmv|w60_gmv_cat|w60_gmv_max|w60_lgmv_mean|w60_lgmv_std|w90_days_present|w90_days_search|w90_days_cat|w90_days_buy|w90_days_cart|w90_days_presence_only|w90_searches|w90_carts|w90_orders|w90_gmv|w90_gmv_cat|w90_gmv_max|w90_lgmv_mean|w90_lgmv_std|w180_days_present|w180_days_search|w180_days_cat|w180_days_buy|w180_days_cart|w180_days_presence_only|w180_searches|w180_carts|w180_orders|w180_gmv|w180_gmv_cat|w180_gmv_max|w180_lgmv_mean|w180_lgmv_std|rec_any|rec_search|rec_cart|rec_buy|rec_cat|gap_mean|gap_std|gap_max|buygap_mean|buygap_std|weekend_share|w7_aov|w7_gmv_per_day|w7_cart2ord|w7_srch2cart|w7_buyday_rate|w7_presence_rate|w7_ponly_share|w7_cat_gmv_share|w7_srch_per_day|w7_lgmv|w7_gmv30eq|w14_aov|w14_gmv_per_day|w14_cart2ord|w14_srch2cart|w14_buyday_rate|w14_presence_rate|w14_ponly_share|w14_cat_gmv_share|w14_srch_per_day|w14_lgmv|w14_gmv30eq|w30_aov|w30_gmv_per_day,1787306731750828300,no,no
data/processed/feat_BLOCK4_SAF_v1_20250724_L180.parquet,feat_BLOCK4_SAF_v1_20250724_L180.parquet,.parquet,dataset,source_or_derived_dataset,134155412,48ff54924c2774764f7d97a6c2a14d643d9e90e96d5ff983d2fb06d2aa9ae411,team_a:exp_039,rows=229291;row_groups=2;columns=user_id|w7_days_present|w7_days_search|w7_days_cat|w7_days_buy|w7_days_cart|w7_days_presence_only|w7_searches|w7_carts|w7_orders|w7_gmv|w7_gmv_cat|w7_gmv_max|w7_lgmv_mean|w7_lgmv_std|w14_days_present|w14_days_search|w14_days_cat|w14_days_buy|w14_days_cart|w14_days_presence_only|w14_searches|w14_carts|w14_orders|w14_gmv|w14_gmv_cat|w14_gmv_max|w14_lgmv_mean|w14_lgmv_std|w30_days_present|w30_days_search|w30_days_cat|w30_days_buy|w30_days_cart|w30_days_presence_only|w30_searches|w30_carts|w30_orders|w30_gmv|w30_gmv_cat|w30_gmv_max|w30_lgmv_mean|w30_lgmv_std|w60_days_present|w60_days_search|w60_days_cat|w60_days_buy|w60_days_cart|w60_days_presence_only|w60_searches|w60_carts|w60_orders|w60_gmv|w60_gmv_cat|w60_gmv_max|w60_lgmv_mean|w60_lgmv_std|w90_days_present|w90_days_search|w90_days_cat|w90_days_buy|w90_days_cart|w90_days_presence_only|w90_searches|w90_carts|w90_orders|w90_gmv|w90_gmv_cat|w90_gmv_max|w90_lgmv_mean|w90_lgmv_std|w180_days_present|w180_days_search|w180_days_cat|w180_days_buy|w180_days_cart|w180_days_presence_only|w180_searches|w180_carts|w180_orders|w180_gmv|w180_gmv_cat|w180_gmv_max|w180_lgmv_mean|w180_lgmv_std|rec_any|rec_search|rec_cart|rec_buy|rec_cat|gap_mean|gap_std|gap_max|buygap_mean|buygap_std|weekend_share|w7_aov|w7_gmv_per_day|w7_cart2ord|w7_srch2cart|w7_buyday_rate|w7_presence_rate|w7_ponly_share|w7_cat_gmv_share|w7_srch_per_day|w7_lgmv|w7_gmv30eq|w14_aov|w14_gmv_per_day|w14_cart2ord|w14_srch2cart|w14_buyday_rate|w14_presence_rate|w14_ponly_share|w14_cat_gmv_share|w14_srch_per_day|w14_lgmv|w14_gmv30eq|w30_aov|w30_gmv_per_day,1787306732749279400,no,no
data/processed/feat_BLOCK4_SAF_v1_20250731_L180.parquet,feat_BLOCK4_SAF_v1_20250731_L180.parquet,.parquet,dataset,source_or_derived_dataset,135117261,f2057035b9746364fe6812547c822639bc1bf8b548213a8e6e6cd216910c7be0,team_a:exp_039,rows=230076;row_groups=2;columns=user_id|w7_days_present|w7_days_search|w7_days_cat|w7_days_buy|w7_days_cart|w7_days_presence_only|w7_searches|w7_carts|w7_orders|w7_gmv|w7_gmv_cat|w7_gmv_max|w7_lgmv_mean|w7_lgmv_std|w14_days_present|w14_days_search|w14_days_cat|w14_days_buy|w14_days_cart|w14_days_presence_only|w14_searches|w14_carts|w14_orders|w14_gmv|w14_gmv_cat|w14_gmv_max|w14_lgmv_mean|w14_lgmv_std|w30_days_present|w30_days_search|w30_days_cat|w30_days_buy|w30_days_cart|w30_days_presence_only|w30_searches|w30_carts|w30_orders|w30_gmv|w30_gmv_cat|w30_gmv_max|w30_lgmv_mean|w30_lgmv_std|w60_days_present|w60_days_search|w60_days_cat|w60_days_buy|w60_days_cart|w60_days_presence_only|w60_searches|w60_carts|w60_orders|w60_gmv|w60_gmv_cat|w60_gmv_max|w60_lgmv_mean|w60_lgmv_std|w90_days_present|w90_days_search|w90_days_cat|w90_days_buy|w90_days_cart|w90_days_presence_only|w90_searches|w90_carts|w90_orders|w90_gmv|w90_gmv_cat|w90_gmv_max|w90_lgmv_mean|w90_lgmv_std|w180_days_present|w180_days_search|w180_days_cat|w180_days_buy|w180_days_cart|w180_days_presence_only|w180_searches|w180_carts|w180_orders|w180_gmv|w180_gmv_cat|w180_gmv_max|w180_lgmv_mean|w180_lgmv_std|rec_any|rec_search|rec_cart|rec_buy|rec_cat|gap_mean|gap_std|gap_max|buygap_mean|buygap_std|weekend_share|w7_aov|w7_gmv_per_day|w7_cart2ord|w7_srch2cart|w7_buyday_rate|w7_presence_rate|w7_ponly_share|w7_cat_gmv_share|w7_srch_per_day|w7_lgmv|w7_gmv30eq|w14_aov|w14_gmv_per_day|w14_cart2ord|w14_srch2cart|w14_buyday_rate|w14_presence_rate|w14_ponly_share|w14_cat_gmv_share|w14_srch_per_day|w14_lgmv|w14_gmv30eq|w30_aov|w30_gmv_per_day,1787306733805907400,no,no
data/processed/feat_BLOCK4_SAF_v1_20250803_L180.parquet,feat_BLOCK4_SAF_v1_20250803_L180.parquet,.parquet,dataset,source_or_derived_dataset,136007785,e79a76da6436b126e28a2299d5f72d612d8d6c6d4d0973472605b51a25a26998,team_a:exp_039,rows=230394;row_groups=3;columns=user_id|w7_days_present|w7_days_search|w7_days_cat|w7_days_buy|w7_days_cart|w7_days_presence_only|w7_searches|w7_carts|w7_orders|w7_gmv|w7_gmv_cat|w7_gmv_max|w7_lgmv_mean|w7_lgmv_std|w14_days_present|w14_days_search|w14_days_cat|w14_days_buy|w14_days_cart|w14_days_presence_only|w14_searches|w14_carts|w14_orders|w14_gmv|w14_gmv_cat|w14_gmv_max|w14_lgmv_mean|w14_lgmv_std|w30_days_present|w30_days_search|w30_days_cat|w30_days_buy|w30_days_cart|w30_days_presence_only|w30_searches|w30_carts|w30_orders|w30_gmv|w30_gmv_cat|w30_gmv_max|w30_lgmv_mean|w30_lgmv_std|w60_days_present|w60_days_search|w60_days_cat|w60_days_buy|w60_days_cart|w60_days_presence_only|w60_searches|w60_carts|w60_orders|w60_gmv|w60_gmv_cat|w60_gmv_max|w60_lgmv_mean|w60_lgmv_std|w90_days_present|w90_days_search|w90_days_cat|w90_days_buy|w90_days_cart|w90_days_presence_only|w90_searches|w90_carts|w90_orders|w90_gmv|w90_gmv_cat|w90_gmv_max|w90_lgmv_mean|w90_lgmv_std|w180_days_present|w180_days_search|w180_days_cat|w180_days_buy|w180_days_cart|w180_days_presence_only|w180_searches|w180_carts|w180_orders|w180_gmv|w180_gmv_cat|w180_gmv_max|w180_lgmv_mean|w180_lgmv_std|rec_any|rec_search|rec_cart|rec_buy|rec_cat|gap_mean|gap_std|gap_max|buygap_mean|buygap_std|weekend_share|w7_aov|w7_gmv_per_day|w7_cart2ord|w7_srch2cart|w7_buyday_rate|w7_presence_rate|w7_ponly_share|w7_cat_gmv_share|w7_srch_per_day|w7_lgmv|w7_gmv30eq|w14_aov|w14_gmv_per_day|w14_cart2ord|w14_srch2cart|w14_buyday_rate|w14_presence_rate|w14_ponly_share|w14_cat_gmv_share|w14_srch_per_day|w14_lgmv|w14_gmv30eq|w30_aov|w30_gmv_per_day,1787306737096495500,no,no
data/processed/feat_BLOCK4_SAF_v1_20250805_L180.parquet,feat_BLOCK4_SAF_v1_20250805_L180.parquet,.parquet,dataset,source_or_derived_dataset,136376082,79dd86802a43a6bd468e317474b865279f126b0b7c2e0007b1d7731ca4a6d975,team_a:exp_039,rows=230621;row_groups=3;columns=user_id|w7_days_present|w7_days_search|w7_days_cat|w7_days_buy|w7_days_cart|w7_days_presence_only|w7_searches|w7_carts|w7_orders|w7_gmv|w7_gmv_cat|w7_gmv_max|w7_lgmv_mean|w7_lgmv_std|w14_days_present|w14_days_search|w14_days_cat|w14_days_buy|w14_days_cart|w14_days_presence_only|w14_searches|w14_carts|w14_orders|w14_gmv|w14_gmv_cat|w14_gmv_max|w14_lgmv_mean|w14_lgmv_std|w30_days_present|w30_days_search|w30_days_cat|w30_days_buy|w30_days_cart|w30_days_presence_only|w30_searches|w30_carts|w30_orders|w30_gmv|w30_gmv_cat|w30_gmv_max|w30_lgmv_mean|w30_lgmv_std|w60_days_present|w60_days_search|w60_days_cat|w60_days_buy|w60_days_cart|w60_days_presence_only|w60_searches|w60_carts|w60_orders|w60_gmv|w60_gmv_cat|w60_gmv_max|w60_lgmv_mean|w60_lgmv_std|w90_days_present|w90_days_search|w90_days_cat|w90_days_buy|w90_days_cart|w90_days_presence_only|w90_searches|w90_carts|w90_orders|w90_gmv|w90_gmv_cat|w90_gmv_max|w90_lgmv_mean|w90_lgmv_std|w180_days_present|w180_days_search|w180_days_cat|w180_days_buy|w180_days_cart|w180_days_presence_only|w180_searches|w180_carts|w180_orders|w180_gmv|w180_gmv_cat|w180_gmv_max|w180_lgmv_mean|w180_lgmv_std|rec_any|rec_search|rec_cart|rec_buy|rec_cat|gap_mean|gap_std|gap_max|buygap_mean|buygap_std|weekend_share|w7_aov|w7_gmv_per_day|w7_cart2ord|w7_srch2cart|w7_buyday_rate|w7_presence_rate|w7_ponly_share|w7_cat_gmv_share|w7_srch_per_day|w7_lgmv|w7_gmv30eq|w14_aov|w14_gmv_per_day|w14_cart2ord|w14_srch2cart|w14_buyday_rate|w14_presence_rate|w14_ponly_share|w14_cat_gmv_share|w14_srch_per_day|w14_lgmv|w14_gmv30eq|w30_aov|w30_gmv_per_day,1787306740488200800,no,no
data/processed/feat_BLOCK4_SAF_v1_20250807_L180.parquet,feat_BLOCK4_SAF_v1_20250807_L180.parquet,.parquet,dataset,source_or_derived_dataset,136215534,052ae3e0b304ccaf0da427f3ca6ddecd59bb215f6b5774242839eb8390bed7f9,team_a:exp_039,rows=230815;row_groups=2;columns=user_id|w7_days_present|w7_days_search|w7_days_cat|w7_days_buy|w7_days_cart|w7_days_presence_only|w7_searches|w7_carts|w7_orders|w7_gmv|w7_gmv_cat|w7_gmv_max|w7_lgmv_mean|w7_lgmv_std|w14_days_present|w14_days_search|w14_days_cat|w14_days_buy|w14_days_cart|w14_days_presence_only|w14_searches|w14_carts|w14_orders|w14_gmv|w14_gmv_cat|w14_gmv_max|w14_lgmv_mean|w14_lgmv_std|w30_days_present|w30_days_search|w30_days_cat|w30_days_buy|w30_days_cart|w30_days_presence_only|w30_searches|w30_carts|w30_orders|w30_gmv|w30_gmv_cat|w30_gmv_max|w30_lgmv_mean|w30_lgmv_std|w60_days_present|w60_days_search|w60_days_cat|w60_days_buy|w60_days_cart|w60_days_presence_only|w60_searches|w60_carts|w60_orders|w60_gmv|w60_gmv_cat|w60_gmv_max|w60_lgmv_mean|w60_lgmv_std|w90_days_present|w90_days_search|w90_days_cat|w90_days_buy|w90_days_cart|w90_days_presence_only|w90_searches|w90_carts|w90_orders|w90_gmv|w90_gmv_cat|w90_gmv_max|w90_lgmv_mean|w90_lgmv_std|w180_days_present|w180_days_search|w180_days_cat|w180_days_buy|w180_days_cart|w180_days_presence_only|w180_searches|w180_carts|w180_orders|w180_gmv|w180_gmv_cat|w180_gmv_max|w180_lgmv_mean|w180_lgmv_std|rec_any|rec_search|rec_cart|rec_buy|rec_cat|gap_mean|gap_std|gap_max|buygap_mean|buygap_std|weekend_share|w7_aov|w7_gmv_per_day|w7_cart2ord|w7_srch2cart|w7_buyday_rate|w7_presence_rate|w7_ponly_share|w7_cat_gmv_share|w7_srch_per_day|w7_lgmv|w7_gmv30eq|w14_aov|w14_gmv_per_day|w14_cart2ord|w14_srch2cart|w14_buyday_rate|w14_presence_rate|w14_ponly_share|w14_cat_gmv_share|w14_srch_per_day|w14_lgmv|w14_gmv30eq|w30_aov|w30_gmv_per_day,1787306741489691400,no,no
data/processed/feat_BLOCK4_SAF_v1_20250814_L180.parquet,feat_BLOCK4_SAF_v1_20250814_L180.parquet,.parquet,dataset,source_or_derived_dataset,137633193,39a854bf1d7c6ca7d0b484f55f119bdd69de934f6a0935cc59f86e4fd5db60cd,team_a:exp_039,rows=231663;row_groups=2;columns=user_id|w7_days_present|w7_days_search|w7_days_cat|w7_days_buy|w7_days_cart|w7_days_presence_only|w7_searches|w7_carts|w7_orders|w7_gmv|w7_gmv_cat|w7_gmv_max|w7_lgmv_mean|w7_lgmv_std|w14_days_present|w14_days_search|w14_days_cat|w14_days_buy|w14_days_cart|w14_days_presence_only|w14_searches|w14_carts|w14_orders|w14_gmv|w14_gmv_cat|w14_gmv_max|w14_lgmv_mean|w14_lgmv_std|w30_days_present|w30_days_search|w30_days_cat|w30_days_buy|w30_days_cart|w30_days_presence_only|w30_searches|w30_carts|w30_orders|w30_gmv|w30_gmv_cat|w30_gmv_max|w30_lgmv_mean|w30_lgmv_std|w60_days_present|w60_days_search|w60_days_cat|w60_days_buy|w60_days_cart|w60_days_presence_only|w60_searches|w60_carts|w60_orders|w60_gmv|w60_gmv_cat|w60_gmv_max|w60_lgmv_mean|w60_lgmv_std|w90_days_present|w90_days_search|w90_days_cat|w90_days_buy|w90_days_cart|w90_days_presence_only|w90_searches|w90_carts|w90_orders|w90_gmv|w90_gmv_cat|w90_gmv_max|w90_lgmv_mean|w90_lgmv_std|w180_days_present|w180_days_search|w180_days_cat|w180_days_buy|w180_days_cart|w180_days_presence_only|w180_searches|w180_carts|w180_orders|w180_gmv|w180_gmv_cat|w180_gmv_max|w180_lgmv_mean|w180_lgmv_std|rec_any|rec_search|rec_cart|rec_buy|rec_cat|gap_mean|gap_std|gap_max|buygap_mean|buygap_std|weekend_share|w7_aov|w7_gmv_per_day|w7_cart2ord|w7_srch2cart|w7_buyday_rate|w7_presence_rate|w7_ponly_share|w7_cat_gmv_share|w7_srch_per_day|w7_lgmv|w7_gmv30eq|w14_aov|w14_gmv_per_day|w14_cart2ord|w14_srch2cart|w14_buyday_rate|w14_presence_rate|w14_ponly_share|w14_cat_gmv_share|w14_srch_per_day|w14_lgmv|w14_gmv30eq|w30_aov|w30_gmv_per_day,1787306742554752500,no,no
data/processed/feat_BLOCK4_SAF_v1_20250817_L180.parquet,feat_BLOCK4_SAF_v1_20250817_L180.parquet,.parquet,dataset,source_or_derived_dataset,138872456,855549980a7550b4957f284d1da347c290cde1d43bf165fd65c22b12885b614d,team_a:exp_039,rows=232001;row_groups=3;columns=user_id|w7_days_present|w7_days_search|w7_days_cat|w7_days_buy|w7_days_cart|w7_days_presence_only|w7_searches|w7_carts|w7_orders|w7_gmv|w7_gmv_cat|w7_gmv_max|w7_lgmv_mean|w7_lgmv_std|w14_days_present|w14_days_search|w14_days_cat|w14_days_buy|w14_days_cart|w14_days_presence_only|w14_searches|w14_carts|w14_orders|w14_gmv|w14_gmv_cat|w14_gmv_max|w14_lgmv_mean|w14_lgmv_std|w30_days_present|w30_days_search|w30_days_cat|w30_days_buy|w30_days_cart|w30_days_presence_only|w30_searches|w30_carts|w30_orders|w30_gmv|w30_gmv_cat|w30_gmv_max|w30_lgmv_mean|w30_lgmv_std|w60_days_present|w60_days_search|w60_days_cat|w60_days_buy|w60_days_cart|w60_days_presence_only|w60_searches|w60_carts|w60_orders|w60_gmv|w60_gmv_cat|w60_gmv_max|w60_lgmv_mean|w60_lgmv_std|w90_days_present|w90_days_search|w90_days_cat|w90_days_buy|w90_days_cart|w90_days_presence_only|w90_searches|w90_carts|w90_orders|w90_gmv|w90_gmv_cat|w90_gmv_max|w90_lgmv_mean|w90_lgmv_std|w180_days_present|w180_days_search|w180_days_cat|w180_days_buy|w180_days_cart|w180_days_presence_only|w180_searches|w180_carts|w180_orders|w180_gmv|w180_gmv_cat|w180_gmv_max|w180_lgmv_mean|w180_lgmv_std|rec_any|rec_search|rec_cart|rec_buy|rec_cat|gap_mean|gap_std|gap_max|buygap_mean|buygap_std|weekend_share|w7_aov|w7_gmv_per_day|w7_cart2ord|w7_srch2cart|w7_buyday_rate|w7_presence_rate|w7_ponly_share|w7_cat_gmv_share|w7_srch_per_day|w7_lgmv|w7_gmv30eq|w14_aov|w14_gmv_per_day|w14_cart2ord|w14_srch2cart|w14_buyday_rate|w14_presence_rate|w14_ponly_share|w14_cat_gmv_share|w14_srch_per_day|w14_lgmv|w14_gmv30eq|w30_aov|w30_gmv_per_day,1787306746091347000,no,no
data/processed/feat_BLOCK4_SAF_v1_20250819_L180.parquet,feat_BLOCK4_SAF_v1_20250819_L180.parquet,.parquet,dataset,source_or_derived_dataset,139317835,e5397a65d1772eed4a79a757085ae790613111d95f12e88de6e4f782a2d6fdeb,team_a:exp_039,rows=232265;row_groups=3;columns=user_id|w7_days_present|w7_days_search|w7_days_cat|w7_days_buy|w7_days_cart|w7_days_presence_only|w7_searches|w7_carts|w7_orders|w7_gmv|w7_gmv_cat|w7_gmv_max|w7_lgmv_mean|w7_lgmv_std|w14_days_present|w14_days_search|w14_days_cat|w14_days_buy|w14_days_cart|w14_days_presence_only|w14_searches|w14_carts|w14_orders|w14_gmv|w14_gmv_cat|w14_gmv_max|w14_lgmv_mean|w14_lgmv_std|w30_days_present|w30_days_search|w30_days_cat|w30_days_buy|w30_days_cart|w30_days_presence_only|w30_searches|w30_carts|w30_orders|w30_gmv|w30_gmv_cat|w30_gmv_max|w30_lgmv_mean|w30_lgmv_std|w60_days_present|w60_days_search|w60_days_cat|w60_days_buy|w60_days_cart|w60_days_presence_only|w60_searches|w60_carts|w60_orders|w60_gmv|w60_gmv_cat|w60_gmv_max|w60_lgmv_mean|w60_lgmv_std|w90_days_present|w90_days_search|w90_days_cat|w90_days_buy|w90_days_cart|w90_days_presence_only|w90_searches|w90_carts|w90_orders|w90_gmv|w90_gmv_cat|w90_gmv_max|w90_lgmv_mean|w90_lgmv_std|w180_days_present|w180_days_search|w180_days_cat|w180_days_buy|w180_days_cart|w180_days_presence_only|w180_searches|w180_carts|w180_orders|w180_gmv|w180_gmv_cat|w180_gmv_max|w180_lgmv_mean|w180_lgmv_std|rec_any|rec_search|rec_cart|rec_buy|rec_cat|gap_mean|gap_std|gap_max|buygap_mean|buygap_std|weekend_share|w7_aov|w7_gmv_per_day|w7_cart2ord|w7_srch2cart|w7_buyday_rate|w7_presence_rate|w7_ponly_share|w7_cat_gmv_share|w7_srch_per_day|w7_lgmv|w7_gmv30eq|w14_aov|w14_gmv_per_day|w14_cart2ord|w14_srch2cart|w14_buyday_rate|w14_presence_rate|w14_ponly_share|w14_cat_gmv_share|w14_srch_per_day|w14_lgmv|w14_gmv30eq|w30_aov|w30_gmv_per_day,1787306749586293700,no,no
data/processed/feat_BLOCK4_SAF_v1_20250821_L180.parquet,feat_BLOCK4_SAF_v1_20250821_L180.parquet,.parquet,dataset,source_or_derived_dataset,139199161,a3af862174082b0a4bdd6c5e5c3b1268ad4761aded97e55b5fc5d86f16d147d2,team_a:exp_039,rows=232548;row_groups=2;columns=user_id|w7_days_present|w7_days_search|w7_days_cat|w7_days_buy|w7_days_cart|w7_days_presence_only|w7_searches|w7_carts|w7_orders|w7_gmv|w7_gmv_cat|w7_gmv_max|w7_lgmv_mean|w7_lgmv_std|w14_days_present|w14_days_search|w14_days_cat|w14_days_buy|w14_days_cart|w14_days_presence_only|w14_searches|w14_carts|w14_orders|w14_gmv|w14_gmv_cat|w14_gmv_max|w14_lgmv_mean|w14_lgmv_std|w30_days_present|w30_days_search|w30_days_cat|w30_days_buy|w30_days_cart|w30_days_presence_only|w30_searches|w30_carts|w30_orders|w30_gmv|w30_gmv_cat|w30_gmv_max|w30_lgmv_mean|w30_lgmv_std|w60_days_present|w60_days_search|w60_days_cat|w60_days_buy|w60_days_cart|w60_days_presence_only|w60_searches|w60_carts|w60_orders|w60_gmv|w60_gmv_cat|w60_gmv_max|w60_lgmv_mean|w60_lgmv_std|w90_days_present|w90_days_search|w90_days_cat|w90_days_buy|w90_days_cart|w90_days_presence_only|w90_searches|w90_carts|w90_orders|w90_gmv|w90_gmv_cat|w90_gmv_max|w90_lgmv_mean|w90_lgmv_std|w180_days_present|w180_days_search|w180_days_cat|w180_days_buy|w180_days_cart|w180_days_presence_only|w180_searches|w180_carts|w180_orders|w180_gmv|w180_gmv_cat|w180_gmv_max|w180_lgmv_mean|w180_lgmv_std|rec_any|rec_search|rec_cart|rec_buy|rec_cat|gap_mean|gap_std|gap_max|buygap_mean|buygap_std|weekend_share|w7_aov|w7_gmv_per_day|w7_cart2ord|w7_srch2cart|w7_buyday_rate|w7_presence_rate|w7_ponly_share|w7_cat_gmv_share|w7_srch_per_day|w7_lgmv|w7_gmv30eq|w14_aov|w14_gmv_per_day|w14_cart2ord|w14_srch2cart|w14_buyday_rate|w14_presence_rate|w14_ponly_share|w14_cat_gmv_share|w14_srch_per_day|w14_lgmv|w14_gmv30eq|w30_aov|w30_gmv_per_day,1787306750572969000,no,no
data/processed/feat_BLOCK4_SAF_v1_20250828_L180.parquet,feat_BLOCK4_SAF_v1_20250828_L180.parquet,.parquet,dataset,source_or_derived_dataset,141009409,c8b4dabfbd028aea8c9784fbaf88136cd9c94f0867a187857150ebbf8c573399,team_a:exp_039,rows=233398;row_groups=2;columns=user_id|w7_days_present|w7_days_search|w7_days_cat|w7_days_buy|w7_days_cart|w7_days_presence_only|w7_searches|w7_carts|w7_orders|w7_gmv|w7_gmv_cat|w7_gmv_max|w7_lgmv_mean|w7_lgmv_std|w14_days_present|w14_days_search|w14_days_cat|w14_days_buy|w14_days_cart|w14_days_presence_only|w14_searches|w14_carts|w14_orders|w14_gmv|w14_gmv_cat|w14_gmv_max|w14_lgmv_mean|w14_lgmv_std|w30_days_present|w30_days_search|w30_days_cat|w30_days_buy|w30_days_cart|w30_days_presence_only|w30_searches|w30_carts|w30_orders|w30_gmv|w30_gmv_cat|w30_gmv_max|w30_lgmv_mean|w30_lgmv_std|w60_days_present|w60_days_search|w60_days_cat|w60_days_buy|w60_days_cart|w60_days_presence_only|w60_searches|w60_carts|w60_orders|w60_gmv|w60_gmv_cat|w60_gmv_max|w60_lgmv_mean|w60_lgmv_std|w90_days_present|w90_days_search|w90_days_cat|w90_days_buy|w90_days_cart|w90_days_presence_only|w90_searches|w90_carts|w90_orders|w90_gmv|w90_gmv_cat|w90_gmv_max|w90_lgmv_mean|w90_lgmv_std|w180_days_present|w180_days_search|w180_days_cat|w180_days_buy|w180_days_cart|w180_days_presence_only|w180_searches|w180_carts|w180_orders|w180_gmv|w180_gmv_cat|w180_gmv_max|w180_lgmv_mean|w180_lgmv_std|rec_any|rec_search|rec_cart|rec_buy|rec_cat|gap_mean|gap_std|gap_max|buygap_mean|buygap_std|weekend_share|w7_aov|w7_gmv_per_day|w7_cart2ord|w7_srch2cart|w7_buyday_rate|w7_presence_rate|w7_ponly_share|w7_cat_gmv_share|w7_srch_per_day|w7_lgmv|w7_gmv30eq|w14_aov|w14_gmv_per_day|w14_cart2ord|w14_srch2cart|w14_buyday_rate|w14_presence_rate|w14_ponly_share|w14_cat_gmv_share|w14_srch_per_day|w14_lgmv|w14_gmv30eq|w30_aov|w30_gmv_per_day,1787306751609878900,no,no
data/processed/feat_BLOCK4_SAF_v1_20250902_L180.parquet,feat_BLOCK4_SAF_v1_20250902_L180.parquet,.parquet,dataset,source_or_derived_dataset,141912823,de7b9d0f7a743d690009d02636b6159dc66960d9c31b0614ec164568b8ba8282,team_a:exp_039,rows=233869;row_groups=3;columns=user_id|w7_days_present|w7_days_search|w7_days_cat|w7_days_buy|w7_days_cart|w7_days_presence_only|w7_searches|w7_carts|w7_orders|w7_gmv|w7_gmv_cat|w7_gmv_max|w7_lgmv_mean|w7_lgmv_std|w14_days_present|w14_days_search|w14_days_cat|w14_days_buy|w14_days_cart|w14_days_presence_only|w14_searches|w14_carts|w14_orders|w14_gmv|w14_gmv_cat|w14_gmv_max|w14_lgmv_mean|w14_lgmv_std|w30_days_present|w30_days_search|w30_days_cat|w30_days_buy|w30_days_cart|w30_days_presence_only|w30_searches|w30_carts|w30_orders|w30_gmv|w30_gmv_cat|w30_gmv_max|w30_lgmv_mean|w30_lgmv_std|w60_days_present|w60_days_search|w60_days_cat|w60_days_buy|w60_days_cart|w60_days_presence_only|w60_searches|w60_carts|w60_orders|w60_gmv|w60_gmv_cat|w60_gmv_max|w60_lgmv_mean|w60_lgmv_std|w90_days_present|w90_days_search|w90_days_cat|w90_days_buy|w90_days_cart|w90_days_presence_only|w90_searches|w90_carts|w90_orders|w90_gmv|w90_gmv_cat|w90_gmv_max|w90_lgmv_mean|w90_lgmv_std|w180_days_present|w180_days_search|w180_days_cat|w180_days_buy|w180_days_cart|w180_days_presence_only|w180_searches|w180_carts|w180_orders|w180_gmv|w180_gmv_cat|w180_gmv_max|w180_lgmv_mean|w180_lgmv_std|rec_any|rec_search|rec_cart|rec_buy|rec_cat|gap_mean|gap_std|gap_max|buygap_mean|buygap_std|weekend_share|w7_aov|w7_gmv_per_day|w7_cart2ord|w7_srch2cart|w7_buyday_rate|w7_presence_rate|w7_ponly_share|w7_cat_gmv_share|w7_srch_per_day|w7_lgmv|w7_gmv30eq|w14_aov|w14_gmv_per_day|w14_cart2ord|w14_srch2cart|w14_buyday_rate|w14_presence_rate|w14_ponly_share|w14_cat_gmv_share|w14_srch_per_day|w14_lgmv|w14_gmv30eq|w30_aov|w30_gmv_per_day,1787306755193244300,no,no
data/processed/feat_BLOCK4_SAF_v1_20250904_L180.parquet,feat_BLOCK4_SAF_v1_20250904_L180.parquet,.parquet,dataset,source_or_derived_dataset,141716781,566d10a0ea4b7b1bc1ef8370c1e29b8626b57a11c8a5c685af1e92c716d59a40,team_a:exp_039,rows=234099;row_groups=2;columns=user_id|w7_days_present|w7_days_search|w7_days_cat|w7_days_buy|w7_days_cart|w7_days_presence_only|w7_searches|w7_carts|w7_orders|w7_gmv|w7_gmv_cat|w7_gmv_max|w7_lgmv_mean|w7_lgmv_std|w14_days_present|w14_days_search|w14_days_cat|w14_days_buy|w14_days_cart|w14_days_presence_only|w14_searches|w14_carts|w14_orders|w14_gmv|w14_gmv_cat|w14_gmv_max|w14_lgmv_mean|w14_lgmv_std|w30_days_present|w30_days_search|w30_days_cat|w30_days_buy|w30_days_cart|w30_days_presence_only|w30_searches|w30_carts|w30_orders|w30_gmv|w30_gmv_cat|w30_gmv_max|w30_lgmv_mean|w30_lgmv_std|w60_days_present|w60_days_search|w60_days_cat|w60_days_buy|w60_days_cart|w60_days_presence_only|w60_searches|w60_carts|w60_orders|w60_gmv|w60_gmv_cat|w60_gmv_max|w60_lgmv_mean|w60_lgmv_std|w90_days_present|w90_days_search|w90_days_cat|w90_days_buy|w90_days_cart|w90_days_presence_only|w90_searches|w90_carts|w90_orders|w90_gmv|w90_gmv_cat|w90_gmv_max|w90_lgmv_mean|w90_lgmv_std|w180_days_present|w180_days_search|w180_days_cat|w180_days_buy|w180_days_cart|w180_days_presence_only|w180_searches|w180_carts|w180_orders|w180_gmv|w180_gmv_cat|w180_gmv_max|w180_lgmv_mean|w180_lgmv_std|rec_any|rec_search|rec_cart|rec_buy|rec_cat|gap_mean|gap_std|gap_max|buygap_mean|buygap_std|weekend_share|w7_aov|w7_gmv_per_day|w7_cart2ord|w7_srch2cart|w7_buyday_rate|w7_presence_rate|w7_ponly_share|w7_cat_gmv_share|w7_srch_per_day|w7_lgmv|w7_gmv30eq|w14_aov|w14_gmv_per_day|w14_cart2ord|w14_srch2cart|w14_buyday_rate|w14_presence_rate|w14_ponly_share|w14_cat_gmv_share|w14_srch_per_day|w14_lgmv|w14_gmv30eq|w30_aov|w30_gmv_per_day,1787306756338219900,no,no
data/processed/feat_BLOCK4_SAF_v1_20250911_L180.parquet,feat_BLOCK4_SAF_v1_20250911_L180.parquet,.parquet,dataset,source_or_derived_dataset,142155597,84fed03c1826f09a16eca5011831c9294ed2214f62e4566cd833a869692d27c1,team_a:exp_039,rows=234802;row_groups=2;columns=user_id|w7_days_present|w7_days_search|w7_days_cat|w7_days_buy|w7_days_cart|w7_days_presence_only|w7_searches|w7_carts|w7_orders|w7_gmv|w7_gmv_cat|w7_gmv_max|w7_lgmv_mean|w7_lgmv_std|w14_days_present|w14_days_search|w14_days_cat|w14_days_buy|w14_days_cart|w14_days_presence_only|w14_searches|w14_carts|w14_orders|w14_gmv|w14_gmv_cat|w14_gmv_max|w14_lgmv_mean|w14_lgmv_std|w30_days_present|w30_days_search|w30_days_cat|w30_days_buy|w30_days_cart|w30_days_presence_only|w30_searches|w30_carts|w30_orders|w30_gmv|w30_gmv_cat|w30_gmv_max|w30_lgmv_mean|w30_lgmv_std|w60_days_present|w60_days_search|w60_days_cat|w60_days_buy|w60_days_cart|w60_days_presence_only|w60_searches|w60_carts|w60_orders|w60_gmv|w60_gmv_cat|w60_gmv_max|w60_lgmv_mean|w60_lgmv_std|w90_days_present|w90_days_search|w90_days_cat|w90_days_buy|w90_days_cart|w90_days_presence_only|w90_searches|w90_carts|w90_orders|w90_gmv|w90_gmv_cat|w90_gmv_max|w90_lgmv_mean|w90_lgmv_std|w180_days_present|w180_days_search|w180_days_cat|w180_days_buy|w180_days_cart|w180_days_presence_only|w180_searches|w180_carts|w180_orders|w180_gmv|w180_gmv_cat|w180_gmv_max|w180_lgmv_mean|w180_lgmv_std|rec_any|rec_search|rec_cart|rec_buy|rec_cat|gap_mean|gap_std|gap_max|buygap_mean|buygap_std|weekend_share|w7_aov|w7_gmv_per_day|w7_cart2ord|w7_srch2cart|w7_buyday_rate|w7_presence_rate|w7_ponly_share|w7_cat_gmv_share|w7_srch_per_day|w7_lgmv|w7_gmv30eq|w14_aov|w14_gmv_per_day|w14_cart2ord|w14_srch2cart|w14_buyday_rate|w14_presence_rate|w14_ponly_share|w14_cat_gmv_share|w14_srch_per_day|w14_lgmv|w14_gmv30eq|w30_aov|w30_gmv_per_day,1787306757416835200,no,no
data/processed/feat_BLOCK4_SAF_v1_20250916_L180.parquet,feat_BLOCK4_SAF_v1_20250916_L180.parquet,.parquet,dataset,source_or_derived_dataset,142867588,6f7d50405d3d3206303d890d9d039f9d5f1d8034e6f90c1fe4300b793b1888b5,team_a:exp_039,rows=235382;row_groups=2;columns=user_id|w7_days_present|w7_days_search|w7_days_cat|w7_days_buy|w7_days_cart|w7_days_presence_only|w7_searches|w7_carts|w7_orders|w7_gmv|w7_gmv_cat|w7_gmv_max|w7_lgmv_mean|w7_lgmv_std|w14_days_present|w14_days_search|w14_days_cat|w14_days_buy|w14_days_cart|w14_days_presence_only|w14_searches|w14_carts|w14_orders|w14_gmv|w14_gmv_cat|w14_gmv_max|w14_lgmv_mean|w14_lgmv_std|w30_days_present|w30_days_search|w30_days_cat|w30_days_buy|w30_days_cart|w30_days_presence_only|w30_searches|w30_carts|w30_orders|w30_gmv|w30_gmv_cat|w30_gmv_max|w30_lgmv_mean|w30_lgmv_std|w60_days_present|w60_days_search|w60_days_cat|w60_days_buy|w60_days_cart|w60_days_presence_only|w60_searches|w60_carts|w60_orders|w60_gmv|w60_gmv_cat|w60_gmv_max|w60_lgmv_mean|w60_lgmv_std|w90_days_present|w90_days_search|w90_days_cat|w90_days_buy|w90_days_cart|w90_days_presence_only|w90_searches|w90_carts|w90_orders|w90_gmv|w90_gmv_cat|w90_gmv_max|w90_lgmv_mean|w90_lgmv_std|w180_days_present|w180_days_search|w180_days_cat|w180_days_buy|w180_days_cart|w180_days_presence_only|w180_searches|w180_carts|w180_orders|w180_gmv|w180_gmv_cat|w180_gmv_max|w180_lgmv_mean|w180_lgmv_std|rec_any|rec_search|rec_cart|rec_buy|rec_cat|gap_mean|gap_std|gap_max|buygap_mean|buygap_std|weekend_share|w7_aov|w7_gmv_per_day|w7_cart2ord|w7_srch2cart|w7_buyday_rate|w7_presence_rate|w7_ponly_share|w7_cat_gmv_share|w7_srch_per_day|w7_lgmv|w7_gmv30eq|w14_aov|w14_gmv_per_day|w14_cart2ord|w14_srch2cart|w14_buyday_rate|w14_presence_rate|w14_ponly_share|w14_cat_gmv_share|w14_srch_per_day|w14_lgmv|w14_gmv30eq|w30_aov|w30_gmv_per_day,1787306758632222100,no,no
data/processed/feat_BLOCK4_SAF_v1_20250918_L180.parquet,feat_BLOCK4_SAF_v1_20250918_L180.parquet,.parquet,dataset,source_or_derived_dataset,143237312,9486a157a7ba91882b29aacee04032a29a9d03da2df86b8b63ce7fdda5bea356,team_a:exp_039,rows=235657;row_groups=2;columns=user_id|w7_days_present|w7_days_search|w7_days_cat|w7_days_buy|w7_days_cart|w7_days_presence_only|w7_searches|w7_carts|w7_orders|w7_gmv|w7_gmv_cat|w7_gmv_max|w7_lgmv_mean|w7_lgmv_std|w14_days_present|w14_days_search|w14_days_cat|w14_days_buy|w14_days_cart|w14_days_presence_only|w14_searches|w14_carts|w14_orders|w14_gmv|w14_gmv_cat|w14_gmv_max|w14_lgmv_mean|w14_lgmv_std|w30_days_present|w30_days_search|w30_days_cat|w30_days_buy|w30_days_cart|w30_days_presence_only|w30_searches|w30_carts|w30_orders|w30_gmv|w30_gmv_cat|w30_gmv_max|w30_lgmv_mean|w30_lgmv_std|w60_days_present|w60_days_search|w60_days_cat|w60_days_buy|w60_days_cart|w60_days_presence_only|w60_searches|w60_carts|w60_orders|w60_gmv|w60_gmv_cat|w60_gmv_max|w60_lgmv_mean|w60_lgmv_std|w90_days_present|w90_days_search|w90_days_cat|w90_days_buy|w90_days_cart|w90_days_presence_only|w90_searches|w90_carts|w90_orders|w90_gmv|w90_gmv_cat|w90_gmv_max|w90_lgmv_mean|w90_lgmv_std|w180_days_present|w180_days_search|w180_days_cat|w180_days_buy|w180_days_cart|w180_days_presence_only|w180_searches|w180_carts|w180_orders|w180_gmv|w180_gmv_cat|w180_gmv_max|w180_lgmv_mean|w180_lgmv_std|rec_any|rec_search|rec_cart|rec_buy|rec_cat|gap_mean|gap_std|gap_max|buygap_mean|buygap_std|weekend_share|w7_aov|w7_gmv_per_day|w7_cart2ord|w7_srch2cart|w7_buyday_rate|w7_presence_rate|w7_ponly_share|w7_cat_gmv_share|w7_srch_per_day|w7_lgmv|w7_gmv30eq|w14_aov|w14_gmv_per_day|w14_cart2ord|w14_srch2cart|w14_buyday_rate|w14_presence_rate|w14_ponly_share|w14_cat_gmv_share|w14_srch_per_day|w14_lgmv|w14_gmv30eq|w30_aov|w30_gmv_per_day,1787306759774560500,no,no
data/processed/feat_BLOCK4_SAF_v1_20250925_L180.parquet,feat_BLOCK4_SAF_v1_20250925_L180.parquet,.parquet,dataset,source_or_derived_dataset,144436423,5a83ef41b7c217e558b802670461a8f2010404fa1ab92652950d2a80e1985036,team_a:exp_039,rows=236577;row_groups=2;columns=user_id|w7_days_present|w7_days_search|w7_days_cat|w7_days_buy|w7_days_cart|w7_days_presence_only|w7_searches|w7_carts|w7_orders|w7_gmv|w7_gmv_cat|w7_gmv_max|w7_lgmv_mean|w7_lgmv_std|w14_days_present|w14_days_search|w14_days_cat|w14_days_buy|w14_days_cart|w14_days_presence_only|w14_searches|w14_carts|w14_orders|w14_gmv|w14_gmv_cat|w14_gmv_max|w14_lgmv_mean|w14_lgmv_std|w30_days_present|w30_days_search|w30_days_cat|w30_days_buy|w30_days_cart|w30_days_presence_only|w30_searches|w30_carts|w30_orders|w30_gmv|w30_gmv_cat|w30_gmv_max|w30_lgmv_mean|w30_lgmv_std|w60_days_present|w60_days_search|w60_days_cat|w60_days_buy|w60_days_cart|w60_days_presence_only|w60_searches|w60_carts|w60_orders|w60_gmv|w60_gmv_cat|w60_gmv_max|w60_lgmv_mean|w60_lgmv_std|w90_days_present|w90_days_search|w90_days_cat|w90_days_buy|w90_days_cart|w90_days_presence_only|w90_searches|w90_carts|w90_orders|w90_gmv|w90_gmv_cat|w90_gmv_max|w90_lgmv_mean|w90_lgmv_std|w180_days_present|w180_days_search|w180_days_cat|w180_days_buy|w180_days_cart|w180_days_presence_only|w180_searches|w180_carts|w180_orders|w180_gmv|w180_gmv_cat|w180_gmv_max|w180_lgmv_mean|w180_lgmv_std|rec_any|rec_search|rec_cart|rec_buy|rec_cat|gap_mean|gap_std|gap_max|buygap_mean|buygap_std|weekend_share|w7_aov|w7_gmv_per_day|w7_cart2ord|w7_srch2cart|w7_buyday_rate|w7_presence_rate|w7_ponly_share|w7_cat_gmv_share|w7_srch_per_day|w7_lgmv|w7_gmv30eq|w14_aov|w14_gmv_per_day|w14_cart2ord|w14_srch2cart|w14_buyday_rate|w14_presence_rate|w14_ponly_share|w14_cat_gmv_share|w14_srch_per_day|w14_lgmv|w14_gmv30eq|w30_aov|w30_gmv_per_day,1787306760907393100,no,no
data/processed/feat_BLOCK4_SAF_v1_20251002_L180.parquet,feat_BLOCK4_SAF_v1_20251002_L180.parquet,.parquet,dataset,source_or_derived_dataset,145355091,13edca37065b69b3003d99c2cc09488728171996002047f0d28fc5dc86232bca,team_a:exp_039,rows=237513;row_groups=2;columns=user_id|w7_days_present|w7_days_search|w7_days_cat|w7_days_buy|w7_days_cart|w7_days_presence_only|w7_searches|w7_carts|w7_orders|w7_gmv|w7_gmv_cat|w7_gmv_max|w7_lgmv_mean|w7_lgmv_std|w14_days_present|w14_days_search|w14_days_cat|w14_days_buy|w14_days_cart|w14_days_presence_only|w14_searches|w14_carts|w14_orders|w14_gmv|w14_gmv_cat|w14_gmv_max|w14_lgmv_mean|w14_lgmv_std|w30_days_present|w30_days_search|w30_days_cat|w30_days_buy|w30_days_cart|w30_days_presence_only|w30_searches|w30_carts|w30_orders|w30_gmv|w30_gmv_cat|w30_gmv_max|w30_lgmv_mean|w30_lgmv_std|w60_days_present|w60_days_search|w60_days_cat|w60_days_buy|w60_days_cart|w60_days_presence_only|w60_searches|w60_carts|w60_orders|w60_gmv|w60_gmv_cat|w60_gmv_max|w60_lgmv_mean|w60_lgmv_std|w90_days_present|w90_days_search|w90_days_cat|w90_days_buy|w90_days_cart|w90_days_presence_only|w90_searches|w90_carts|w90_orders|w90_gmv|w90_gmv_cat|w90_gmv_max|w90_lgmv_mean|w90_lgmv_std|w180_days_present|w180_days_search|w180_days_cat|w180_days_buy|w180_days_cart|w180_days_presence_only|w180_searches|w180_carts|w180_orders|w180_gmv|w180_gmv_cat|w180_gmv_max|w180_lgmv_mean|w180_lgmv_std|rec_any|rec_search|rec_cart|rec_buy|rec_cat|gap_mean|gap_std|gap_max|buygap_mean|buygap_std|weekend_share|w7_aov|w7_gmv_per_day|w7_cart2ord|w7_srch2cart|w7_buyday_rate|w7_presence_rate|w7_ponly_share|w7_cat_gmv_share|w7_srch_per_day|w7_lgmv|w7_gmv30eq|w14_aov|w14_gmv_per_day|w14_cart2ord|w14_srch2cart|w14_buyday_rate|w14_presence_rate|w14_ponly_share|w14_cat_gmv_share|w14_srch_per_day|w14_lgmv|w14_gmv30eq|w30_aov|w30_gmv_per_day,1787306762096826400,no,no
data/processed/feat_BLOCK4_SAF_v1_20251009_L180.parquet,feat_BLOCK4_SAF_v1_20251009_L180.parquet,.parquet,dataset,source_or_derived_dataset,146383999,fd45af783005d35f3e29d619b7941f2d6a2581ae887c1a6ff3674fa88b2f4275,team_a:exp_039,rows=238441;row_groups=2;columns=user_id|w7_days_present|w7_days_search|w7_days_cat|w7_days_buy|w7_days_cart|w7_days_presence_only|w7_searches|w7_carts|w7_orders|w7_gmv|w7_gmv_cat|w7_gmv_max|w7_lgmv_mean|w7_lgmv_std|w14_days_present|w14_days_search|w14_days_cat|w14_days_buy|w14_days_cart|w14_days_presence_only|w14_searches|w14_carts|w14_orders|w14_gmv|w14_gmv_cat|w14_gmv_max|w14_lgmv_mean|w14_lgmv_std|w30_days_present|w30_days_search|w30_days_cat|w30_days_buy|w30_days_cart|w30_days_presence_only|w30_searches|w30_carts|w30_orders|w30_gmv|w30_gmv_cat|w30_gmv_max|w30_lgmv_mean|w30_lgmv_std|w60_days_present|w60_days_search|w60_days_cat|w60_days_buy|w60_days_cart|w60_days_presence_only|w60_searches|w60_carts|w60_orders|w60_gmv|w60_gmv_cat|w60_gmv_max|w60_lgmv_mean|w60_lgmv_std|w90_days_present|w90_days_search|w90_days_cat|w90_days_buy|w90_days_cart|w90_days_presence_only|w90_searches|w90_carts|w90_orders|w90_gmv|w90_gmv_cat|w90_gmv_max|w90_lgmv_mean|w90_lgmv_std|w180_days_present|w180_days_search|w180_days_cat|w180_days_buy|w180_days_cart|w180_days_presence_only|w180_searches|w180_carts|w180_orders|w180_gmv|w180_gmv_cat|w180_gmv_max|w180_lgmv_mean|w180_lgmv_std|rec_any|rec_search|rec_cart|rec_buy|rec_cat|gap_mean|gap_std|gap_max|buygap_mean|buygap_std|weekend_share|w7_aov|w7_gmv_per_day|w7_cart2ord|w7_srch2cart|w7_buyday_rate|w7_presence_rate|w7_ponly_share|w7_cat_gmv_share|w7_srch_per_day|w7_lgmv|w7_gmv30eq|w14_aov|w14_gmv_per_day|w14_cart2ord|w14_srch2cart|w14_buyday_rate|w14_presence_rate|w14_ponly_share|w14_cat_gmv_share|w14_srch_per_day|w14_lgmv|w14_gmv30eq|w30_aov|w30_gmv_per_day,1787306763249308000,no,no
data/processed/feat_BLOCK4_SAF_v1_20251016_L180.parquet,feat_BLOCK4_SAF_v1_20251016_L180.parquet,.parquet,dataset,source_or_derived_dataset,148248848,dabf2b6e2fa4422428ca64da8a456eaa6361d2be33a8f2c2eaa33b9c2aa75d45,team_a:exp_039,rows=239390;row_groups=2;columns=user_id|w7_days_present|w7_days_search|w7_days_cat|w7_days_buy|w7_days_cart|w7_days_presence_only|w7_searches|w7_carts|w7_orders|w7_gmv|w7_gmv_cat|w7_gmv_max|w7_lgmv_mean|w7_lgmv_std|w14_days_present|w14_days_search|w14_days_cat|w14_days_buy|w14_days_cart|w14_days_presence_only|w14_searches|w14_carts|w14_orders|w14_gmv|w14_gmv_cat|w14_gmv_max|w14_lgmv_mean|w14_lgmv_std|w30_days_present|w30_days_search|w30_days_cat|w30_days_buy|w30_days_cart|w30_days_presence_only|w30_searches|w30_carts|w30_orders|w30_gmv|w30_gmv_cat|w30_gmv_max|w30_lgmv_mean|w30_lgmv_std|w60_days_present|w60_days_search|w60_days_cat|w60_days_buy|w60_days_cart|w60_days_presence_only|w60_searches|w60_carts|w60_orders|w60_gmv|w60_gmv_cat|w60_gmv_max|w60_lgmv_mean|w60_lgmv_std|w90_days_present|w90_days_search|w90_days_cat|w90_days_buy|w90_days_cart|w90_days_presence_only|w90_searches|w90_carts|w90_orders|w90_gmv|w90_gmv_cat|w90_gmv_max|w90_lgmv_mean|w90_lgmv_std|w180_days_present|w180_days_search|w180_days_cat|w180_days_buy|w180_days_cart|w180_days_presence_only|w180_searches|w180_carts|w180_orders|w180_gmv|w180_gmv_cat|w180_gmv_max|w180_lgmv_mean|w180_lgmv_std|rec_any|rec_search|rec_cart|rec_buy|rec_cat|gap_mean|gap_std|gap_max|buygap_mean|buygap_std|weekend_share|w7_aov|w7_gmv_per_day|w7_cart2ord|w7_srch2cart|w7_buyday_rate|w7_presence_rate|w7_ponly_share|w7_cat_gmv_share|w7_srch_per_day|w7_lgmv|w7_gmv30eq|w14_aov|w14_gmv_per_day|w14_cart2ord|w14_srch2cart|w14_buyday_rate|w14_presence_rate|w14_ponly_share|w14_cat_gmv_share|w14_srch_per_day|w14_lgmv|w14_gmv30eq|w30_aov|w30_gmv_per_day,1787306699478869500,no,no
data/processed/feat_BLOCK4_SAF_v1_20251215_L180.parquet,feat_BLOCK4_SAF_v1_20251215_L180.parquet,.parquet,dataset,source_or_derived_dataset,159690080,644360b4f4605009ed5e6ca6718711581be7ffc19f14e29dd869c35a28914903,team_a:exp_039,rows=250000;row_groups=3;columns=user_id|w7_days_present|w7_days_search|w7_days_cat|w7_days_buy|w7_days_cart|w7_days_presence_only|w7_searches|w7_carts|w7_orders|w7_gmv|w7_gmv_cat|w7_gmv_max|w7_lgmv_mean|w7_lgmv_std|w14_days_present|w14_days_search|w14_days_cat|w14_days_buy|w14_days_cart|w14_days_presence_only|w14_searches|w14_carts|w14_orders|w14_gmv|w14_gmv_cat|w14_gmv_max|w14_lgmv_mean|w14_lgmv_std|w30_days_present|w30_days_search|w30_days_cat|w30_days_buy|w30_days_cart|w30_days_presence_only|w30_searches|w30_carts|w30_orders|w30_gmv|w30_gmv_cat|w30_gmv_max|w30_lgmv_mean|w30_lgmv_std|w60_days_present|w60_days_search|w60_days_cat|w60_days_buy|w60_days_cart|w60_days_presence_only|w60_searches|w60_carts|w60_orders|w60_gmv|w60_gmv_cat|w60_gmv_max|w60_lgmv_mean|w60_lgmv_std|w90_days_present|w90_days_search|w90_days_cat|w90_days_buy|w90_days_cart|w90_days_presence_only|w90_searches|w90_carts|w90_orders|w90_gmv|w90_gmv_cat|w90_gmv_max|w90_lgmv_mean|w90_lgmv_std|w180_days_present|w180_days_search|w180_days_cat|w180_days_buy|w180_days_cart|w180_days_presence_only|w180_searches|w180_carts|w180_orders|w180_gmv|w180_gmv_cat|w180_gmv_max|w180_lgmv_mean|w180_lgmv_std|rec_any|rec_search|rec_cart|rec_buy|rec_cat|gap_mean|gap_std|gap_max|buygap_mean|buygap_std|weekend_share|w7_aov|w7_gmv_per_day|w7_cart2ord|w7_srch2cart|w7_buyday_rate|w7_presence_rate|w7_ponly_share|w7_cat_gmv_share|w7_srch_per_day|w7_lgmv|w7_gmv30eq|w14_aov|w14_gmv_per_day|w14_cart2ord|w14_srch2cart|w14_buyday_rate|w14_presence_rate|w14_ponly_share|w14_cat_gmv_share|w14_srch_per_day|w14_lgmv|w14_gmv30eq|w30_aov|w30_gmv_per_day,1787306767854399000,no,no
data/processed/feat_BLOCK4_SAF_v1_20260114_L180.parquet,feat_BLOCK4_SAF_v1_20260114_L180.parquet,.parquet,dataset,source_or_derived_dataset,160460470,f6e4a61e2736808274ff1d55eecd2980569c38b33eecc157bbae6aca1da0a764,team_a:exp_039,rows=250000;row_groups=3;columns=user_id|w7_days_present|w7_days_search|w7_days_cat|w7_days_buy|w7_days_cart|w7_days_presence_only|w7_searches|w7_carts|w7_orders|w7_gmv|w7_gmv_cat|w7_gmv_max|w7_lgmv_mean|w7_lgmv_std|w14_days_present|w14_days_search|w14_days_cat|w14_days_buy|w14_days_cart|w14_days_presence_only|w14_searches|w14_carts|w14_orders|w14_gmv|w14_gmv_cat|w14_gmv_max|w14_lgmv_mean|w14_lgmv_std|w30_days_present|w30_days_search|w30_days_cat|w30_days_buy|w30_days_cart|w30_days_presence_only|w30_searches|w30_carts|w30_orders|w30_gmv|w30_gmv_cat|w30_gmv_max|w30_lgmv_mean|w30_lgmv_std|w60_days_present|w60_days_search|w60_days_cat|w60_days_buy|w60_days_cart|w60_days_presence_only|w60_searches|w60_carts|w60_orders|w60_gmv|w60_gmv_cat|w60_gmv_max|w60_lgmv_mean|w60_lgmv_std|w90_days_present|w90_days_search|w90_days_cat|w90_days_buy|w90_days_cart|w90_days_presence_only|w90_searches|w90_carts|w90_orders|w90_gmv|w90_gmv_cat|w90_gmv_max|w90_lgmv_mean|w90_lgmv_std|w180_days_present|w180_days_search|w180_days_cat|w180_days_buy|w180_days_cart|w180_days_presence_only|w180_searches|w180_carts|w180_orders|w180_gmv|w180_gmv_cat|w180_gmv_max|w180_lgmv_mean|w180_lgmv_std|rec_any|rec_search|rec_cart|rec_buy|rec_cat|gap_mean|gap_std|gap_max|buygap_mean|buygap_std|weekend_share|w7_aov|w7_gmv_per_day|w7_cart2ord|w7_srch2cart|w7_buyday_rate|w7_presence_rate|w7_ponly_share|w7_cat_gmv_share|w7_srch_per_day|w7_lgmv|w7_gmv30eq|w14_aov|w14_gmv_per_day|w14_cart2ord|w14_srch2cart|w14_buyday_rate|w14_presence_rate|w14_ponly_share|w14_cat_gmv_share|w14_srch_per_day|w14_lgmv|w14_gmv30eq|w30_aov|w30_gmv_per_day,1787306771837470300,no,no
data/processed/feat_BLOCK4_SAF_v1_20260213_L180.parquet,feat_BLOCK4_SAF_v1_20260213_L180.parquet,.parquet,dataset,source_or_derived_dataset,160526248,f43cb73a3521c895fc4669275330a51b1981b417f8522759396e25b176efdb17,team_a:exp_039,rows=250000;row_groups=2;columns=user_id|w7_days_present|w7_days_search|w7_days_cat|w7_days_buy|w7_days_cart|w7_days_presence_only|w7_searches|w7_carts|w7_orders|w7_gmv|w7_gmv_cat|w7_gmv_max|w7_lgmv_mean|w7_lgmv_std|w14_days_present|w14_days_search|w14_days_cat|w14_days_buy|w14_days_cart|w14_days_presence_only|w14_searches|w14_carts|w14_orders|w14_gmv|w14_gmv_cat|w14_gmv_max|w14_lgmv_mean|w14_lgmv_std|w30_days_present|w30_days_search|w30_days_cat|w30_days_buy|w30_days_cart|w30_days_presence_only|w30_searches|w30_carts|w30_orders|w30_gmv|w30_gmv_cat|w30_gmv_max|w30_lgmv_mean|w30_lgmv_std|w60_days_present|w60_days_search|w60_days_cat|w60_days_buy|w60_days_cart|w60_days_presence_only|w60_searches|w60_carts|w60_orders|w60_gmv|w60_gmv_cat|w60_gmv_max|w60_lgmv_mean|w60_lgmv_std|w90_days_present|w90_days_search|w90_days_cat|w90_days_buy|w90_days_cart|w90_days_presence_only|w90_searches|w90_carts|w90_orders|w90_gmv|w90_gmv_cat|w90_gmv_max|w90_lgmv_mean|w90_lgmv_std|w180_days_present|w180_days_search|w180_days_cat|w180_days_buy|w180_days_cart|w180_days_presence_only|w180_searches|w180_carts|w180_orders|w180_gmv|w180_gmv_cat|w180_gmv_max|w180_lgmv_mean|w180_lgmv_std|rec_any|rec_search|rec_cart|rec_buy|rec_cat|gap_mean|gap_std|gap_max|buygap_mean|buygap_std|weekend_share|w7_aov|w7_gmv_per_day|w7_cart2ord|w7_srch2cart|w7_buyday_rate|w7_presence_rate|w7_ponly_share|w7_cat_gmv_share|w7_srch_per_day|w7_lgmv|w7_gmv30eq|w14_aov|w14_gmv_per_day|w14_cart2ord|w14_srch2cart|w14_buyday_rate|w14_presence_rate|w14_ponly_share|w14_cat_gmv_share|w14_srch_per_day|w14_lgmv|w14_gmv30eq|w30_aov|w30_gmv_per_day,1787306772878686100,no,no
data/processed/panel_20250131_b1.parquet,panel_20250131_b1.parquet,.parquet,dataset,source_or_derived_dataset,203193,1bca9b8149cfc70f377411914fdf310738b2ad3229c4dfdb0b43ba00a8d8716f,unknown,rows=188946;row_groups=2;columns=user_id,1786385999357729200,no,no
data/processed/panel_20250206_b1.parquet,panel_20250206_b1.parquet,.parquet,dataset,source_or_derived_dataset,204354,c0962a253131bad079edc68bfbdcfcd74d5989059f639d3bc4fde56a57b2c611,unknown,rows=189829;row_groups=2;columns=user_id,1786386038071026700,no,no
data/processed/panel_20250207_b1.parquet,panel_20250207_b1.parquet,.parquet,dataset,source_or_derived_dataset,204436,d93c631f9a3d1cb0d55195dacfd81ebc9c4c40c526e1af2c89e4b7177d1a2724,unknown,rows=189894;row_groups=2;columns=user_id,1786385999529979800,no,no
data/processed/panel_20250213_b1.parquet,panel_20250213_b1.parquet,.parquet,dataset,source_or_derived_dataset,205374,fa3fa0c05c976d43b60635f81128bf3f4ac5262ea65df533f1e49156693a9f61,unknown,rows=190797;row_groups=2;columns=user_id,1786386038173860700,no,no
data/processed/panel_20250214_b1.parquet,panel_20250214_b1.parquet,.parquet,dataset,source_or_derived_dataset,205463,c067452f58954c30c371f4be7835ef135ef6053f7d76824241400cfc2b23ded6,unknown,rows=190912;row_groups=2;columns=user_id,1786385999637476000,no,no
data/processed/panel_20250220_b1.parquet,panel_20250220_b1.parquet,.parquet,dataset,source_or_derived_dataset,206743,df72657dc8939687c40a0be2c9a273c556581675fd6eb69940288097b4b70d0e,unknown,rows=192256;row_groups=2;columns=user_id,1786386038281653300,no,no
data/processed/panel_20250221_b1.parquet,panel_20250221_b1.parquet,.parquet,dataset,source_or_derived_dataset,206742,9c804e0abe55729d606ae9fa4eb6dc7a1ee1220fc0f3cac4d87885be2cb2a88e,unknown,rows=192360;row_groups=2;columns=user_id,1786385999816667200,no,no
data/processed/panel_20250227_b1.parquet,panel_20250227_b1.parquet,.parquet,dataset,source_or_derived_dataset,207688,3e27afa35f90aaabe3afdf1bb0bf9b8e13f4be0e476e4b362cb5ac33b5128161,unknown,rows=193318;row_groups=2;columns=user_id,1786386038388245600,no,no
data/processed/panel_20250228_b1.parquet,panel_20250228_b1.parquet,.parquet,dataset,source_or_derived_dataset,207741,fa0f5014260c556870a06334bda567a4ca7da13d57de73f6ec2c8c27942cde0c,unknown,rows=193475;row_groups=2;columns=user_id,1786385999922624300,no,no
data/processed/panel_20250306_b1.parquet,panel_20250306_b1.parquet,.parquet,dataset,source_or_derived_dataset,208998,d08aecad5ed03ffa29e6f9076b70d381ce8e2143f92834aaee610f55260fe6fe,unknown,rows=194521;row_groups=2;columns=user_id,1786386038494493800,no,no
data/processed/panel_20250307_b1.parquet,panel_20250307_b1.parquet,.parquet,dataset,source_or_derived_dataset,209036,ac8135b859194cd232d01e162b26c6674a62e393162d3c8691ecf2171ccb21b7,unknown,rows=194551;row_groups=2;columns=user_id,1786386000125949200,no,no
data/processed/panel_20250313_b1.parquet,panel_20250313_b1.parquet,.parquet,dataset,source_or_derived_dataset,220182,4f197aa68576bf576e48a72770e446e519256905dfbcc07d5fa79477f5f679df,unknown,rows=195466;row_groups=2;columns=user_id,1786386038771986500,no,no
data/processed/panel_20250314_b1.parquet,panel_20250314_b1.parquet,.parquet,dataset,source_or_derived_dataset,220226,d257af105241b1d9704ed783a5bcf8dcd1ce84440bb5415bb852f515926e5f54,unknown,rows=195527;row_groups=2;columns=user_id,1786386000247798600,no,no
data/processed/panel_20250320_b1.parquet,panel_20250320_b1.parquet,.parquet,dataset,source_or_derived_dataset,221157,65c5598283bcf4d1029228e3ac4a5e23c6abef59701835bc34511ce83aecbaf5,unknown,rows=196227;row_groups=2;columns=user_id,1786386039664528100,no,no
data/processed/panel_20250321_b1.parquet,panel_20250321_b1.parquet,.parquet,dataset,source_or_derived_dataset,221228,9c99a352a037cb5842b2c03d11b3d5934f996c1884af5bed6ece26775981aecb,unknown,rows=196322;row_groups=2;columns=user_id,1786386000491193200,no,no
data/processed/panel_20250327_b1.parquet,panel_20250327_b1.parquet,.parquet,dataset,source_or_derived_dataset,211564,975d6c49f2b717ed7225690a4d28d5b7ea06b1daa8c5d16a887c6b5880bc7921,unknown,rows=197313;row_groups=2;columns=user_id,1786386040830355400,no,no
data/processed/panel_20250328_b1.parquet,panel_20250328_b1.parquet,.parquet,dataset,source_or_derived_dataset,211620,7379a2d258d027be7a902bd3ebc2b5b8d99e389d25d2525f04e84571e962e222,unknown,rows=197418;row_groups=2;columns=user_id,1786386000601711700,no,no
data/processed/panel_20250401_b1.parquet,panel_20250401_b1.parquet,.parquet,dataset,source_or_derived_dataset,224035,5e64406342b9d6fc4252be80d32163eff1e50ccdf54eb60aa76fdf3d55fda63d,unknown,rows=197798;row_groups=2;columns=user_id,1786554078973825200,no,no
data/processed/panel_20250403_b1.parquet,panel_20250403_b1.parquet,.parquet,dataset,source_or_derived_dataset,211979,6f4f22a867f6ee69980e0674ef7844f5d2b946592d703c2023e55e54056cd9d9,unknown,rows=197912;row_groups=2;columns=user_id,1786385003821373600,no,no
data/processed/panel_20250403_b2.parquet,panel_20250403_b2.parquet,.parquet,dataset,source_or_derived_dataset,196912,f4855f154083f0063a918c282a9b84ca162bfaab2fba52a4e904175c157e492d,unknown,rows=183115;row_groups=2;columns=user_id,1787306774610865500,no,no
data/processed/panel_20250403_b3.parquet,panel_20250403_b3.parquet,.parquet,dataset,source_or_derived_dataset,184130,0bd33dc5e602364d36ca4c091a2fc810914dd8ad16882b09d70aa552c8b116f2,unknown,rows=170705;row_groups=2;columns=user_id,1786389661015356300,no,no
data/processed/panel_20250404_b1.parquet,panel_20250404_b1.parquet,.parquet,dataset,source_or_derived_dataset,211999,d7b201d9a95cdb6dd0c2dff79c9055d56bde659d0242ac76f6a5848da1cbb244,unknown,rows=197910;row_groups=2;columns=user_id,1786386000794607300,no,no
data/processed/panel_20250407_b1.parquet,panel_20250407_b1.parquet,.parquet,dataset,source_or_derived_dataset,212543,73bb794b42c325995bf16eeb8da63609d59691431f9e879b56f9e01feafa0a0f,unknown,rows=198384;row_groups=2;columns=user_id,1786554079004524900,no,no
data/processed/panel_20250410_b1.parquet,panel_20250410_b1.parquet,.parquet,dataset,source_or_derived_dataset,212692,a20f240238688f93399f9613a14a003ff2a77ee823ff8c6a323d2a658b272776,unknown,rows=198671;row_groups=2;columns=user_id,1786385004071358900,no,no
data/processed/panel_20250410_b2.parquet,panel_20250410_b2.parquet,.parquet,dataset,source_or_derived_dataset,197820,49b4c78fbafff2d135849335113d2ac09f45082039ed05a9749ad4ac9aa298d9,unknown,rows=184046;row_groups=2;columns=user_id,1787306774669767900,no,no
data/processed/panel_20250410_b3.parquet,panel_20250410_b3.parquet,.parquet,dataset,source_or_derived_dataset,185281,684c25399b3c37ff1cbb4ad4847bd2a71d1f221946f5affa346b17966cab96aa,unknown,rows=171772;row_groups=2;columns=user_id,1786389661923171700,no,no
data/processed/panel_20250411_b1.parquet,panel_20250411_b1.parquet,.parquet,dataset,source_or_derived_dataset,212625,de19ae902865c148433f63d90885d5fdd83334272d6c9ad3fd3e3c1a87dad3c6,unknown,rows=198703;row_groups=2;columns=user_id,1786386000951276800,no,no
data/processed/panel_20250413_b1.parquet,panel_20250413_b1.parquet,.parquet,dataset,source_or_derived_dataset,213036,2601f0803ee1833c8e4ce5b37a5bb241e5f59c95d10be4c60f23e76904cfdcc2,unknown,rows=199006;row_groups=2;columns=user_id,1786554079033910500,no,no
data/processed/panel_20250416_b1.parquet,panel_20250416_b1.parquet,.parquet,dataset,source_or_derived_dataset,213310,5517d9451d166678962031a6ed1d23ca47111f94a53da9fe31ae5de8566f9516,unknown,rows=199323;row_groups=2;columns=user_id,1786554079066546900,no,no
data/processed/panel_20250417_b1.parquet,panel_20250417_b1.parquet,.parquet,dataset,source_or_derived_dataset,213377,6d44197173afbc99d8cdb67397cf073ce85bd8cec5399f8224bcef1a5b4569ce,unknown,rows=199382;row_groups=2;columns=user_id,1786385004315961700,no,no
data/processed/panel_20250417_b2.parquet,panel_20250417_b2.parquet,.parquet,dataset,source_or_derived_dataset,210124,e042738c11f617832acb0778e5783f9371f779c8dced703fe4ab516dce00c37d,unknown,rows=184782;row_groups=2;columns=user_id,1787306774723964800,no,no
data/processed/panel_20250417_b3.parquet,panel_20250417_b3.parquet,.parquet,dataset,source_or_derived_dataset,186423,6afe401a41a7c00dad4767241ba094088a12622996793c30c4887aead80a6d1e,unknown,rows=172812;row_groups=2;columns=user_id,1786389662894074700,no,no
data/processed/panel_20250418_b1.parquet,panel_20250418_b1.parquet,.parquet,dataset,source_or_derived_dataset,213579,99fd78de3a2d98575f4b0a5b523471cc7a2be7ffafb9759675998120a355eefa,unknown,rows=199458;row_groups=2;columns=user_id,1786386001070570500,no,no
data/processed/panel_20250419_b1.parquet,panel_20250419_b1.parquet,.parquet,dataset,source_or_derived_dataset,213449,0fc4ec24215da744c32e7986687f293cb6fa5065d9a108998165cecea1b24b46,unknown,rows=199434;row_groups=2;columns=user_id,1786554079094332400,no,no
data/processed/panel_20250422_b1.parquet,panel_20250422_b1.parquet,.parquet,dataset,source_or_derived_dataset,213708,605e9f58c73470702d360da97f52f6e2a2991a8831b451abb5b142a15d1fd4d8,unknown,rows=199649;row_groups=2;columns=user_id,1786554079122617500,no,no
data/processed/panel_20250424_b1.parquet,panel_20250424_b1.parquet,.parquet,dataset,source_or_derived_dataset,214047,2c0dbef22f021bd629a590822dd0ab9dfbe042690b9133ed25e3f9cb4db3f9b8,unknown,rows=199994;row_groups=2;columns=user_id,1786385004567586300,no,no
data/processed/panel_20250424_b2.parquet,panel_20250424_b2.parquet,.parquet,dataset,source_or_derived_dataset,199319,31c3d19fab4fab80a0220e3ec860036e6da1ec0f2d682bc0d18d896030fad9f1,unknown,rows=185642;row_groups=2;columns=user_id,1787306774781288000,no,no
data/processed/panel_20250424_b3.parquet,panel_20250424_b3.parquet,.parquet,dataset,source_or_derived_dataset,187385,6f4d109eb43020633d9bace76734b5f885e10bd01eb449ab1a5fcad290ed8660,unknown,rows=173979;row_groups=2;columns=user_id,1786389664019979000,no,no
data/processed/panel_20250425_b1.parquet,panel_20250425_b1.parquet,.parquet,dataset,source_or_derived_dataset,214070,dde12455cecbe35ae35587c2ccc95b2c1aba0fa6f35f20aaae852735cef6e439,unknown,rows=200008;row_groups=2;columns=user_id,1786386001249421300,no,no
data/processed/panel_20250428_b1.parquet,panel_20250428_b1.parquet,.parquet,dataset,source_or_derived_dataset,214544,cb340b4b4d42f79f02ab7bdd47c6aa6f96aa44783016546b28804dfab0bbb77e,unknown,rows=200338;row_groups=2;columns=user_id,1786554079152061800,no,no
data/processed/panel_20250501_b1.parquet,panel_20250501_b1.parquet,.parquet,dataset,source_or_derived_dataset,228140,3566d9e56d90a8c8b841c774ba755e96d406b4f2a9b2cdc737f985f4f6d95aa5,unknown,rows=200639;row_groups=2;columns=user_id,1786385004826359000,no,no
data/processed/panel_20250501_b2.parquet,panel_20250501_b2.parquet,.parquet,dataset,source_or_derived_dataset,211249,f97c5f6100db81a79cace546a7632a99d8985cd5f3323dd44581b9a838a9d7b7,unknown,rows=186278;row_groups=2;columns=user_id,1787306774839011800,no,no
data/processed/panel_20250501_b3.parquet,panel_20250501_b3.parquet,.parquet,dataset,source_or_derived_dataset,188012,711cdc94de3d6aaf93762ce6bfae14c7a9b0e0226f04ccc924a0250b5c3b66d5,unknown,rows=174724;row_groups=2;columns=user_id,1786389665485870700,no,no
data/processed/panel_20250502_b1.parquet,panel_20250502_b1.parquet,.parquet,dataset,source_or_derived_dataset,214915,670b11d61d9707a4e757b08e0de97b839dd3a9fb85e4c9893e45c4d96252a5d2,unknown,rows=200697;row_groups=2;columns=user_id,1786386001444202900,no,no
data/processed/panel_20250504_b1.parquet,panel_20250504_b1.parquet,.parquet,dataset,source_or_derived_dataset,215417,baa34d3b0d5dcd79cd565b223cb0c6c7bc653332510ca86effcb340a5009224c,unknown,rows=201030;row_groups=2;columns=user_id,1786554079182109100,no,no
data/processed/panel_20250507_b1.parquet,panel_20250507_b1.parquet,.parquet,dataset,source_or_derived_dataset,215745,ebd4cebe1368a2a311e26330d4039fb5694082d667bfd06f39c05f1e2a689d82,unknown,rows=201336;row_groups=2;columns=user_id,1786554079209437900,no,no
data/processed/panel_20250508_b1.parquet,panel_20250508_b1.parquet,.parquet,dataset,source_or_derived_dataset,215670,863aa5d6432a75d406e8345faa7b5d584a179bc1c9885edbb727f4ddda9213e6,unknown,rows=201274;row_groups=2;columns=user_id,1786385005081944600,no,no
data/processed/panel_20250508_b2.parquet,panel_20250508_b2.parquet,.parquet,dataset,source_or_derived_dataset,200675,e5433e19214d589faa4c09cbc169c69dc78a12ececb87da5d982d7e96460af86,unknown,rows=186961;row_groups=2;columns=user_id,1787306774898432600,no,no
data/processed/panel_20250508_b3.parquet,panel_20250508_b3.parquet,.parquet,dataset,source_or_derived_dataset,189088,c3a2417f02fa5308a0603ba815eb8e0d9cf5748fad682503126089b717d96ae5,unknown,rows=175624;row_groups=2;columns=user_id,1786389666471175700,no,no
data/processed/panel_20250509_b1.parquet,panel_20250509_b1.parquet,.parquet,dataset,source_or_derived_dataset,215590,7f5d93ae622ccfd9fa30dd6222691226a6bd4c0465f257320554b8cd6563df1d,unknown,rows=201100;row_groups=2;columns=user_id,1786386001567482600,no,no
data/processed/panel_20250510_b1.parquet,panel_20250510_b1.parquet,.parquet,dataset,source_or_derived_dataset,215606,c596e56505a8b6d03974af971b657446fc93613a9b8352d58e8e5f7dcdf3f881,unknown,rows=200998;row_groups=2;columns=user_id,1786554079235391900,no,no
data/processed/panel_20250513_b1.parquet,panel_20250513_b1.parquet,.parquet,dataset,source_or_derived_dataset,216062,82a45f8cb24de839fea8b22b5767ac257c67db3949c73a2434084218ce0f43de,unknown,rows=201384;row_groups=2;columns=user_id,1786554079262819600,no,no
data/processed/panel_20250515_b1.parquet,panel_20250515_b1.parquet,.parquet,dataset,source_or_derived_dataset,216350,bcdb860bd9fdb484437ad8580bc856c47a5dbdab1cff3f5c93f2ea1467a86c6b,unknown,rows=201556;row_groups=2;columns=user_id,1786385005370442900,no,no
data/processed/panel_20250515_b2.parquet,panel_20250515_b2.parquet,.parquet,dataset,source_or_derived_dataset,201344,973e97585c09cc904ec80e61fcb9ea529f0cedd558abedb1a434f85c7ba41049,unknown,rows=187574;row_groups=2;columns=user_id,1787306774956571800,no,no
data/processed/panel_20250515_b3.parquet,panel_20250515_b3.parquet,.parquet,dataset,source_or_derived_dataset,200112,5cc6235fce887b20610d20db8d802d5ee10f5559aafe9e4377f3073746da009a,unknown,rows=176474;row_groups=2;columns=user_id,1786389667555718400,no,no
data/processed/panel_20250516_b1.parquet,panel_20250516_b1.parquet,.parquet,dataset,source_or_derived_dataset,216353,1856a24e4bfe6d987025a8c2d74a4391fb54b445f26880d3257937b041b7c3b5,unknown,rows=201503;row_groups=2;columns=user_id,1786386001774240000,no,no
data/processed/panel_20250519_b1.parquet,panel_20250519_b1.parquet,.parquet,dataset,source_or_derived_dataset,216843,9049836bca98487d21fe131a85e9edefdb5ff1ef398bff6401ca608559f9028e,unknown,rows=202185;row_groups=2;columns=user_id,1786554079293625200,no,no
data/processed/panel_20250522_b1.parquet,panel_20250522_b1.parquet,.parquet,dataset,source_or_derived_dataset,217055,515d84a27cfc01dd8c0ed18e54fd8dcefcea899f1934262c0fa03e0d569c046f,unknown,rows=202557;row_groups=2;columns=user_id,1786385005633280700,no,no
data/processed/panel_20250522_b2.parquet,panel_20250522_b2.parquet,.parquet,dataset,source_or_derived_dataset,201781,dde46a6d273337e4a0e199947a8abff81fd577346b57387f0ba2d3387807e553,unknown,rows=188245;row_groups=2;columns=user_id,1787306775038067300,no,no
data/processed/panel_20250522_b3.parquet,panel_20250522_b3.parquet,.parquet,dataset,source_or_derived_dataset,190607,e17b92e2ed6bdce950c056cfd6b81debc16cb643edbf6a1bcafc898c10cec664,unknown,rows=177173;row_groups=2;columns=user_id,1786389668660272700,no,no
data/processed/panel_20250523_b1.parquet,panel_20250523_b1.parquet,.parquet,dataset,source_or_derived_dataset,217047,ce19b06cb61afd7d8a21adad15228bdb5d034f143304913c4088900da48cb33d,unknown,rows=202626;row_groups=2;columns=user_id,1786386001959985000,no,no
data/processed/panel_20250525_b1.parquet,panel_20250525_b1.parquet,.parquet,dataset,source_or_derived_dataset,217156,9f26cf86e595545b550e29083523d24d6cc802f79102afb84e037f3bc9c9f13e,unknown,rows=202781;row_groups=2;columns=user_id,1786554079322399200,no,no
data/processed/panel_20250528_b1.parquet,panel_20250528_b1.parquet,.parquet,dataset,source_or_derived_dataset,217599,67fa0ef665d2e180ad6fdce49ec6788a776b4e74ac1600084dd9be45ec00eecf,unknown,rows=203180;row_groups=2;columns=user_id,1786554079349401800,no,no
data/processed/panel_20250529_b1.parquet,panel_20250529_b1.parquet,.parquet,dataset,source_or_derived_dataset,217810,149013b18ad72cbd1db4a9eaf35a28161a00d73182cfacd53a9436ffac4b2e4f,unknown,rows=203292;row_groups=2;columns=user_id,1786385005896852200,no,no
data/processed/panel_20250529_b2.parquet,panel_20250529_b2.parquet,.parquet,dataset,source_or_derived_dataset,202807,54346ee6b65b0af7ef3059b1fb810d31ca252968c5bd13c0c89acbcdb6c0735f,unknown,rows=189100;row_groups=2;columns=user_id,1787306775088902000,no,no
data/processed/panel_20250529_b3.parquet,panel_20250529_b3.parquet,.parquet,dataset,source_or_derived_dataset,191448,3f37bc335b2ae81d57dfa52d2a9aa33a73f09bee56604108431e811f0945dbe9,unknown,rows=178041;row_groups=2;columns=user_id,1786389669449958400,no,no
data/processed/panel_20250530_b1.parquet,panel_20250530_b1.parquet,.parquet,dataset,source_or_derived_dataset,217881,c459ffb77969253e9d6dfac65b0a5cd9b1c6c2f942cbbaa22e613fe65a552789,unknown,rows=203349;row_groups=2;columns=user_id,1786386002164429200,no,no
data/processed/panel_20250531_b1.parquet,panel_20250531_b1.parquet,.parquet,dataset,source_or_derived_dataset,217971,2ffa18e12c1748a880de02f8c2cb60120029adb742083579bee56eabc8f9df04,unknown,rows=203439;row_groups=2;columns=user_id,1786554079377127000,no,no
data/processed/panel_20250603_b1.parquet,panel_20250603_b1.parquet,.parquet,dataset,source_or_derived_dataset,218184,cecd7ea5bb42717c68ca2ea6038c80d453925e08af8006f1891d15cc4a060157,unknown,rows=203805;row_groups=2;columns=user_id,1786554079402100600,no,no
data/processed/panel_20250605_b1.parquet,panel_20250605_b1.parquet,.parquet,dataset,source_or_derived_dataset,218428,af449296583ee65007bdccdf9c35bd17b161fb61d4c94f03004603b3139dba09,unknown,rows=203992;row_groups=2;columns=user_id,1786385006158818800,no,no
data/processed/panel_20250605_b2.parquet,panel_20250605_b2.parquet,.parquet,dataset,source_or_derived_dataset,215327,7a5149e1b5f3b152b5acd39e5fbfa783d7a5ad5642969429f53c17d76fbae82a,unknown,rows=189903;row_groups=2;columns=user_id,1787306775142989500,no,no
data/processed/panel_20250605_b3.parquet,panel_20250605_b3.parquet,.parquet,dataset,source_or_derived_dataset,192157,fa281281abf7f28facb8073afbd78d4c9cce5729ccf28148dc2d78aaad5e6819,unknown,rows=178866;row_groups=2;columns=user_id,1786389670129421000,no,no
data/processed/panel_20250606_b1.parquet,panel_20250606_b1.parquet,.parquet,dataset,source_or_derived_dataset,218636,2b9ba5191addf67a135807e7e3ab338cb938fcd02316ece37441ecdf4d0aebe5,unknown,rows=204149;row_groups=2;columns=user_id,1786386002322379300,no,no
data/processed/panel_20250609_b1.parquet,panel_20250609_b1.parquet,.parquet,dataset,source_or_derived_dataset,219344,c8973f51cae9ea1c27bda2292645402686b0a0ef57812cadec79daabbc799da3,unknown,rows=204881;row_groups=2;columns=user_id,1786554079433613700,no,no
data/processed/panel_20250612_b1.parquet,panel_20250612_b1.parquet,.parquet,dataset,source_or_derived_dataset,219557,06f25838e17925e2a2f03c28581bb61ce9269b7e3f56a28f0e56d512f31c34e5,unknown,rows=205122;row_groups=2;columns=user_id,1786385006417482500,no,no
data/processed/panel_20250612_b2.parquet,panel_20250612_b2.parquet,.parquet,dataset,source_or_derived_dataset,214257,4e620b3cdf7e9ecb8fe6ee1e934067f14c43fb6aff9383c4925dddeb352ea9fb,unknown,rows=190439;row_groups=2;columns=user_id,1787306775208186000,no,no
data/processed/panel_20250612_b3.parquet,panel_20250612_b3.parquet,.parquet,dataset,source_or_derived_dataset,193090,e2c9b214d7ad89b3da1eafd73b263a12a48395a3f9793928bacb39f0063b426c,unknown,rows=179561;row_groups=2;columns=user_id,1786389670921182100,no,no
data/processed/panel_20250613_b1.parquet,panel_20250613_b1.parquet,.parquet,dataset,source_or_derived_dataset,219686,d0b6e58e5761883dd10f998cf331b999210e925460c3cdca1a4df268211a33b6,unknown,rows=205134;row_groups=2;columns=user_id,1786386002477654500,no,no
data/processed/panel_20250615_b1.parquet,panel_20250615_b1.parquet,.parquet,dataset,source_or_derived_dataset,220000,4441ae47ed9381ef5724084bea49cedd575ae94a3bbffc0ed0cff9eca22deda4,unknown,rows=205457;row_groups=2;columns=user_id,1786554079463950400,no,no
data/processed/panel_20250618_b1.parquet,panel_20250618_b1.parquet,.parquet,dataset,source_or_derived_dataset,220496,bc41c1cc80d0d73082b379027af61d5bed75a1c62baf4931f669bd3e076c4646,unknown,rows=205708;row_groups=2;columns=user_id,1786554079491459000,no,no
data/processed/panel_20250619_b1.parquet,panel_20250619_b1.parquet,.parquet,dataset,source_or_derived_dataset,220412,349bdb9654d78fbe060e17961e0522e0e29305a12ec261ee4a24d85a332eb91d,unknown,rows=205683;row_groups=2;columns=user_id,1786385006701452600,no,no
data/processed/panel_20250619_b2.parquet,panel_20250619_b2.parquet,.parquet,dataset,source_or_derived_dataset,215410,0539fc3dda5ef2fe90ab4a71af39427846600aa86f981e10956f02c21fce73e4,unknown,rows=191153;row_groups=2;columns=user_id,1787306775263120800,no,no
data/processed/panel_20250619_b3.parquet,panel_20250619_b3.parquet,.parquet,dataset,source_or_derived_dataset,193642,d987ff498d641feeedc119666a686519899aa838d3a9ab60f3c43055f3eac2da,unknown,rows=180117;row_groups=2;columns=user_id,1786389672860067600,no,no
data/processed/panel_20250620_b1.parquet,panel_20250620_b1.parquet,.parquet,dataset,source_or_derived_dataset,220464,a981e031d17ba8d4d229e84ebbc6636bfa4244fb94243b18223597baf08161b0,unknown,rows=205735;row_groups=2;columns=user_id,1786386002634473500,no,no
data/processed/panel_20250621_b1.parquet,panel_20250621_b1.parquet,.parquet,dataset,source_or_derived_dataset,220644,b36bec4f0d71a1cbb97c34b28323ce15d1117ac4342560404af4e4eef7414a7e,unknown,rows=205883;row_groups=2;columns=user_id,1786554079519281000,no,no
data/processed/panel_20250624_b1.parquet,panel_20250624_b1.parquet,.parquet,dataset,source_or_derived_dataset,221073,373d618c3fcd4a392d419da6d91de235d1597f6ea79ae468d11476354f9d1b8e,unknown,rows=206354;row_groups=2;columns=user_id,1786554079546714800,no,no
data/processed/panel_20250626_b1.parquet,panel_20250626_b1.parquet,.parquet,dataset,source_or_derived_dataset,221379,9a5f9b1cf6158886b906c47f896c9908c5f87dfba0226ca82e75209ca63b9537,unknown,rows=206429;row_groups=2;columns=user_id,1786385006988584400,no,no
data/processed/panel_20250626_b2.parquet,panel_20250626_b2.parquet,.parquet,dataset,source_or_derived_dataset,205937,114b5c6cc5d6ff47f6779fdc69902421baaac4af39bb72b62f7534da7a9753e8,unknown,rows=191813;row_groups=2;columns=user_id,1787306775318128100,no,no
data/processed/panel_20250626_b3.parquet,panel_20250626_b3.parquet,.parquet,dataset,source_or_derived_dataset,194218,a49ca244a622b0001bd7a8b54222bd37b029ed42d0417e5d6b2a9c637665f81a,unknown,rows=180791;row_groups=2;columns=user_id,1786389673558312600,no,no
data/processed/panel_20250627_b1.parquet,panel_20250627_b1.parquet,.parquet,dataset,source_or_derived_dataset,221254,0aaf3cade0e874088acd593b7d1ee0f47637693c3e4fb0427c57ef81bc2246e4,unknown,rows=206411;row_groups=2;columns=user_id,1786386002924175400,no,no
data/processed/panel_20250630_b1.parquet,panel_20250630_b1.parquet,.parquet,dataset,source_or_derived_dataset,221600,8abecc92ce08b8ae473cc0d479a6916a5e6fcb052169f6f8dd8d11b3aa7fff51,unknown,rows=206828;row_groups=2;columns=user_id,1786554079577886200,no,no
data/processed/panel_20250703_b1.parquet,panel_20250703_b1.parquet,.parquet,dataset,source_or_derived_dataset,221596,69ece12a1dfe69030ade92baa098e613ed698be28c03eddbfc20648627c1106e,unknown,rows=207093;row_groups=2;columns=user_id,1786385007359492200,no,no
data/processed/panel_20250703_b2.parquet,panel_20250703_b2.parquet,.parquet,dataset,source_or_derived_dataset,206268,95a521615e6bb37aed687786d4c384e2c7a5488d006d38753520ddef8496e54e,unknown,rows=192355;row_groups=2;columns=user_id,1787306775374646400,no,no
data/processed/panel_20250703_b3.parquet,panel_20250703_b3.parquet,.parquet,dataset,source_or_derived_dataset,194564,612b1c1be9fb913a4661d5b83aa0298fba5022b5534bb096fcda3c929b6d2e66,unknown,rows=181338;row_groups=2;columns=user_id,1786389674286991600,no,no
data/processed/panel_20250704_b1.parquet,panel_20250704_b1.parquet,.parquet,dataset,source_or_derived_dataset,221756,079b6512690ac3df6c4301a8e193af635818fa60bece7000fd3f93e6edc4fd4e,unknown,rows=207153;row_groups=2;columns=user_id,1786386003079489100,no,no
data/processed/panel_20250706_b1.parquet,panel_20250706_b1.parquet,.parquet,dataset,source_or_derived_dataset,222216,0d6187c6009970ca622ee8e5765f55b794b9805395b2f87410b66f4484c506b0,unknown,rows=207169;row_groups=2;columns=user_id,1786554079607297800,no,no
data/processed/panel_20250709_b1.parquet,panel_20250709_b1.parquet,.parquet,dataset,source_or_derived_dataset,222130,f0336d884db25cbc28560a9c6a43ee974f530970213e9040317b3a4ef9c63201,unknown,rows=207471;row_groups=2;columns=user_id,1786554079635849500,no,no
data/processed/panel_20250710_b1.parquet,panel_20250710_b1.parquet,.parquet,dataset,source_or_derived_dataset,222212,2c99c8ead4dc63299b8d38ded0d1bc7724b0082b87b7c2d8367d21903b120267,unknown,rows=207577;row_groups=2;columns=user_id,1786385007765339900,no,no
data/processed/panel_20250710_b2.parquet,panel_20250710_b2.parquet,.parquet,dataset,source_or_derived_dataset,207184,ed779087862a5fc11f6b7c7f244990ecec6f662e52e791f40d7a7ad96ae5dc89,unknown,rows=193153;row_groups=2;columns=user_id,1787306775430526600,no,no
data/processed/panel_20250710_b3.parquet,panel_20250710_b3.parquet,.parquet,dataset,source_or_derived_dataset,195347,6ce4186567c8c0c81d1174d82091eb3e593d22f54b3f3462923cb697a15dd45f,unknown,rows=181704;row_groups=2;columns=user_id,1786389675613119600,no,no
data/processed/panel_20250711_b1.parquet,panel_20250711_b1.parquet,.parquet,dataset,source_or_derived_dataset,222383,109858868da9052e97cee20d75c066b911948b7459f9e0dbce9a187d352c578e,unknown,rows=207594;row_groups=2;columns=user_id,1786386003319464400,no,no
data/processed/panel_20250712_b1.parquet,panel_20250712_b1.parquet,.parquet,dataset,source_or_derived_dataset,222496,7009b231a9270912e02a7f0e61344703410b3ffb500f0a675bd450d2dae37680,unknown,rows=207708;row_groups=2;columns=user_id,1786554079663368100,no,no
data/processed/panel_20250715_b1.parquet,panel_20250715_b1.parquet,.parquet,dataset,source_or_derived_dataset,222648,2c497b8a70d5588782096eb72f5902318b1945287a3cb7c49dd5f494a1b4cd42,unknown,rows=208103;row_groups=2;columns=user_id,1786554079690368400,no,no
data/processed/panel_20250717_b1.parquet,panel_20250717_b1.parquet,.parquet,dataset,source_or_derived_dataset,222769,b65d9139243415b871935e4f3f9e176d9069e7c31b7ccc3ce8ae03282f16cb2c,unknown,rows=208274;row_groups=2;columns=user_id,1786384628042982300,no,no
data/processed/panel_20250717_b2.parquet,panel_20250717_b2.parquet,.parquet,dataset,source_or_derived_dataset,207798,a41e5f333d6ed6448eb7f831643ecc45d7fc832d20fa57e26eb029df5ef679ea,unknown,rows=193790;row_groups=2;columns=user_id,1787306775486030700,no,no
data/processed/panel_20250717_b3.parquet,panel_20250717_b3.parquet,.parquet,dataset,source_or_derived_dataset,196090,e1b985e72a25dd6ce38937d7996593c323b46a86144de27949c8a5cddb8add28,unknown,rows=182332;row_groups=2;columns=user_id,1786384833390943200,no,no
data/processed/panel_20250718_b1.parquet,panel_20250718_b1.parquet,.parquet,dataset,source_or_derived_dataset,222761,87cbdf7758212a465a302f181f33bf8e97f785b56718a0f8f24ad3ad7f2a5b7e,unknown,rows=208353;row_groups=2;columns=user_id,1786386003473835200,no,no
data/processed/panel_20250721_b1.parquet,panel_20250721_b1.parquet,.parquet,dataset,source_or_derived_dataset,222930,12977b9c6d7607407c986a1569d1487009d1e275bd3110420f6eee07ce2ab4ef,unknown,rows=208635;row_groups=2;columns=user_id,1786554079721355300,no,no
data/processed/panel_20250724_b1.parquet,panel_20250724_b1.parquet,.parquet,dataset,source_or_derived_dataset,223642,ef13f649f763e70435ec8366bc027ccafc209717833c9bfd72a6ba042812fb98,unknown,rows=209056;row_groups=2;columns=user_id,1786384628414507400,no,no
data/processed/panel_20250724_b2.parquet,panel_20250724_b2.parquet,.parquet,dataset,source_or_derived_dataset,208666,f5310026aed76c3c7de358a8af63bb4ec201f3086274ebbeb0e4ad723c9059ba,unknown,rows=194632;row_groups=2;columns=user_id,1787306775540984300,no,no
data/processed/panel_20250724_b3.parquet,panel_20250724_b3.parquet,.parquet,dataset,source_or_derived_dataset,196880,1056c3c5ed348c1b7ec11fdc00703af6320c26f7f0c1318346526754ef76b935,unknown,rows=183197;row_groups=2;columns=user_id,1786384833705089500,no,no
data/processed/panel_20250725_b1.parquet,panel_20250725_b1.parquet,.parquet,dataset,source_or_derived_dataset,223741,84539fa42e96d0473194915cdf90af9bf5c7cba00c5482cd3da5e8c630b584a7,unknown,rows=209072;row_groups=2;columns=user_id,1786386003703053900,no,no
data/processed/panel_20250727_b1.parquet,panel_20250727_b1.parquet,.parquet,dataset,source_or_derived_dataset,223981,7227e7fb8da9b89ca72e558a39c1853db93f2fa2b16e0dd9186954a26b109b8e,unknown,rows=209307;row_groups=2;columns=user_id,1786554079750252700,no,no
data/processed/panel_20250730_b1.parquet,panel_20250730_b1.parquet,.parquet,dataset,source_or_derived_dataset,224611,7ffbc78889cd9090db3521cf18df14dc0ee614c46785d022ce247387827c5412,unknown,rows=209809;row_groups=2;columns=user_id,1786554079778355000,no,no
data/processed/panel_20250731_b1.parquet,panel_20250731_b1.parquet,.parquet,dataset,source_or_derived_dataset,224720,8883fedf7241d1a03be855eff87298b10308e91845e1aa757a33fef4bd822d39,unknown,rows=209914;row_groups=2;columns=user_id,1786384628822544800,no,no
data/processed/panel_20250731_b2.parquet,panel_20250731_b2.parquet,.parquet,dataset,source_or_derived_dataset,209384,616a1e475084e8cc22ad5ddc7af6fbcc2848865d785d5e9339da843a0ada4fb9,unknown,rows=195252;row_groups=2;columns=user_id,1787306775604854100,no,no
data/processed/panel_20250731_b3.parquet,panel_20250731_b3.parquet,.parquet,dataset,source_or_derived_dataset,197666,6f473af7c6f0b5b4c8b677575ae66484e325998898f9568d230f4a88f0874a34,unknown,rows=183769;row_groups=2;columns=user_id,1786384834018063200,no,no
data/processed/panel_20250801_b1.parquet,panel_20250801_b1.parquet,.parquet,dataset,source_or_derived_dataset,224731,459063a30a4499e0f4a192d21a3358613881f2eef9fe47d3f0c0c5f245e942f0,unknown,rows=209948;row_groups=2;columns=user_id,1786386003841072000,no,no
data/processed/panel_20250802_b1.parquet,panel_20250802_b1.parquet,.parquet,dataset,source_or_derived_dataset,224757,ce4ccc483038ee71ccbdc8be23bec0c8407be9c81def0569f1a1e09eadd51009,unknown,rows=209988;row_groups=2;columns=user_id,1786554079806354800,no,no
data/processed/panel_20250805_b1.parquet,panel_20250805_b1.parquet,.parquet,dataset,source_or_derived_dataset,225547,460d7ac25d3b47e1e3155f4a4312cda7a2d8b6f317de87d166d01b00c82fdb3b,unknown,rows=210639;row_groups=2;columns=user_id,1786554079834781000,no,no
data/processed/panel_20250807_b1.parquet,panel_20250807_b1.parquet,.parquet,dataset,source_or_derived_dataset,225679,9696ecd70a5a79e7998266efa423addcd831f80a154aa8047ddad5327459417d,unknown,rows=211018;row_groups=2;columns=user_id,1786384669678807900,no,no
data/processed/panel_20250807_b2.parquet,panel_20250807_b2.parquet,.parquet,dataset,source_or_derived_dataset,220381,c499419de7b71ac122d6ed9a2f089293078dcdb0dbfe2ce89ddf400aabdf30bf,unknown,rows=196025;row_groups=2;columns=user_id,1787307206224732300,no,no
data/processed/panel_20250807_b3.parquet,panel_20250807_b3.parquet,.parquet,dataset,source_or_derived_dataset,198488,0871d561fbbbc6cb0eed6b895910b271ae2376540a252b8a00aecfb7ecc1a583,unknown,rows=184617;row_groups=2;columns=user_id,1786384868247359100,no,no
data/processed/panel_20250808_b1.parquet,panel_20250808_b1.parquet,.parquet,dataset,source_or_derived_dataset,225848,055a1603af301c2e0ecd0cf621f37fb4ef7deb19dc3a8f4ae888ba362ab3fac3,unknown,rows=211120;row_groups=2;columns=user_id,1786386003971669600,no,no
data/processed/panel_20250811_b1.parquet,panel_20250811_b1.parquet,.parquet,dataset,source_or_derived_dataset,226466,070c4fd1c86ff004ff122a47bca231b0ed8d40c51d88a53bfeeffbc11168356e,unknown,rows=211714;row_groups=2;columns=user_id,1786554080256149700,no,no
data/processed/panel_20250814_b1.parquet,panel_20250814_b1.parquet,.parquet,dataset,source_or_derived_dataset,227166,062e02a2f187c6f8f70f69609377ba2c590af93c19b5bf9bec999661e062f70b,unknown,rows=212368;row_groups=2;columns=user_id,1786384669978554600,no,no
data/processed/panel_20250814_b2.parquet,panel_20250814_b2.parquet,.parquet,dataset,source_or_derived_dataset,211233,91147779d8633ac4ead4781de8e8c69782d6b8adf9e1714cd4ff855cae09b46f,unknown,rows=197109;row_groups=2;columns=user_id,1787307206285777900,no,no
data/processed/panel_20250814_b3.parquet,panel_20250814_b3.parquet,.parquet,dataset,source_or_derived_dataset,199337,93b75e9248001faaa563dadf8d99aaecc395017d7dff9be14bf60dea501fbbd1,unknown,rows=185591;row_groups=2;columns=user_id,1786384868568704200,no,no
data/processed/panel_20250815_b1.parquet,panel_20250815_b1.parquet,.parquet,dataset,source_or_derived_dataset,227260,ea1a22460c3bc96dcb175a8927ec92a0d659ee118021a8f83d4c2ef91929f94d,unknown,rows=212461;row_groups=2;columns=user_id,1786386004243088500,no,no
data/processed/panel_20250817_b1.parquet,panel_20250817_b1.parquet,.parquet,dataset,source_or_derived_dataset,227569,92fa247efdc6758f25ca5dfad63d2be6ab826dab43d7fedad13c3ec9115ebc96,unknown,rows=212755;row_groups=2;columns=user_id,1786554080285060800,no,no
data/processed/panel_20250820_b1.parquet,panel_20250820_b1.parquet,.parquet,dataset,source_or_derived_dataset,241579,3a289e49975855dcb0629c8ac82c1061cdf613fd4cf1e25ef2250fac1ab314a5,unknown,rows=213635;row_groups=2;columns=user_id,1786554080481786000,no,no
data/processed/panel_20250821_b1.parquet,panel_20250821_b1.parquet,.parquet,dataset,source_or_derived_dataset,241514,0d5d7460b0697705df9807087fb1038362adf405973fc1a0c4c242b2ed61abff,unknown,rows=213792;row_groups=2;columns=user_id,1786384706821719400,no,no
data/processed/panel_20250821_b2.parquet,panel_20250821_b2.parquet,.parquet,dataset,source_or_derived_dataset,212143,a5c74898528815153fde69414788b0c5271e71bf634b9078f8163eaab8217ac1,unknown,rows=198097;row_groups=2;columns=user_id,1787307523682393400,no,no
data/processed/panel_20250821_b3.parquet,panel_20250821_b3.parquet,.parquet,dataset,source_or_derived_dataset,200215,204074efd973abd554fdd6fe3e4190c1889e9b1ae743bef64260769979268677,unknown,rows=186501;row_groups=2;columns=user_id,1786384903480031500,no,no
data/processed/panel_20250822_b1.parquet,panel_20250822_b1.parquet,.parquet,dataset,source_or_derived_dataset,241440,d8bb4115b414d4a47f437665adff312ca914697f0999a157600a94706c03c712,unknown,rows=213938;row_groups=2;columns=user_id,1786386004405957700,no,no
data/processed/panel_20250823_b1.parquet,panel_20250823_b1.parquet,.parquet,dataset,source_or_derived_dataset,228608,6770f47a1dd8d2e5917bf52c06045f3485b3490d432b77cde1d9a6279bf6c990,unknown,rows=214090;row_groups=2;columns=user_id,1786554080511938600,no,no
data/processed/panel_20250826_b1.parquet,panel_20250826_b1.parquet,.parquet,dataset,source_or_derived_dataset,229498,e54ea831c8c544f3d6a4cf70a89b674aaf5aa7c0329334197b1a7b4712fbff37,unknown,rows=214883;row_groups=2;columns=user_id,1786554080542459400,no,no
data/processed/panel_20250828_b1.parquet,panel_20250828_b1.parquet,.parquet,dataset,source_or_derived_dataset,229987,56579db2b22feb840dfc42e1b7276a0bd1345a74d7a397313454a0a0f099b695,unknown,rows=215249;row_groups=2;columns=user_id,1786384707135336100,no,no
data/processed/panel_20250828_b2.parquet,panel_20250828_b2.parquet,.parquet,dataset,source_or_derived_dataset,213792,e0c2c321446e1c917316bf239c0c9f7d7ebffaa6d55f6a38775705047c5ffd55,unknown,rows=199467;row_groups=2;columns=user_id,1787307523761803400,no,no
data/processed/panel_20250828_b3.parquet,panel_20250828_b3.parquet,.parquet,dataset,source_or_derived_dataset,201400,596aeed73df230111c6ef82ea86568b473e0edef64949497593d307657670933,unknown,rows=187456;row_groups=2;columns=user_id,1786384903797155000,no,no
data/processed/panel_20250829_b1.parquet,panel_20250829_b1.parquet,.parquet,dataset,source_or_derived_dataset,230160,ccad104653ed3614314cd46048da278c545674280f04177b9a500a518c24816a,unknown,rows=215401;row_groups=2;columns=user_id,1786386004545464500,no,no
data/processed/panel_20250901_b1.parquet,panel_20250901_b1.parquet,.parquet,dataset,source_or_derived_dataset,230711,152a5d71a8a908d143d311ed0dfde3e9c49e8b7d4d9985287d2e26b8cae2cd41,unknown,rows=215932;row_groups=2;columns=user_id,1786554080576200800,no,no
data/processed/panel_20250904_b1.parquet,panel_20250904_b1.parquet,.parquet,dataset,source_or_derived_dataset,231354,6d7b6c1e6613b22943ab57f1407e12cebc18b814085768913a582f440a1cfd41,unknown,rows=216510;row_groups=2;columns=user_id,1786384744701514200,no,no
data/processed/panel_20250904_b2.parquet,panel_20250904_b2.parquet,.parquet,dataset,source_or_derived_dataset,215076,b93507e6863dda8c31968df1213130f6e02421bd60d55a85919c906f1e065d64,unknown,rows=200760;row_groups=2;columns=user_id,1787307911373745500,no,no
data/processed/panel_20250904_b3.parquet,panel_20250904_b3.parquet,.parquet,dataset,source_or_derived_dataset,202411,073490210893e762a19ea35f8ec2944f9c5e6e15f5cc059333da57a0f22dbd26,unknown,rows=188518;row_groups=2;columns=user_id,1786384627733128000,no,no
data/processed/panel_20250905_b1.parquet,panel_20250905_b1.parquet,.parquet,dataset,source_or_derived_dataset,231418,9738773c043e70dea79eed072977f6c022a0d726ea01e19de9f3431af33b8e46,unknown,rows=216606;row_groups=2;columns=user_id,1786386004753827700,no,no
data/processed/panel_20250907_b1.parquet,panel_20250907_b1.parquet,.parquet,dataset,source_or_derived_dataset,231759,4b0d916acbbfee40d310934541c045ae4e463c9e5ee12edf50738edcabe36c33,unknown,rows=216945;row_groups=2;columns=user_id,1786554080837269800,no,no
data/processed/panel_20250910_b1.parquet,panel_20250910_b1.parquet,.parquet,dataset,source_or_derived_dataset,232598,7245b6ad9f0e0c5e21a38195673f6aa5fa5a46e7408aa274f5cbd3d42b3e8058,unknown,rows=217665;row_groups=2;columns=user_id,1786554080867379800,no,no
data/processed/panel_20250911_b1.parquet,panel_20250911_b1.parquet,.parquet,dataset,source_or_derived_dataset,232923,c6334450e39e808f473b6a6e077022dd4f0654831ac63f0e53a52046d9e0ff47,unknown,rows=217820;row_groups=2;columns=user_id,1786384744998868200,no,no
data/processed/panel_20250911_b2.parquet,panel_20250911_b2.parquet,.parquet,dataset,source_or_derived_dataset,227298,8422180b32fb2ce37ac5b89c5b2603fc24b5d3607a0fb6b8d70d6f24b6278f61,unknown,rows=202299;row_groups=2;columns=user_id,1787307911443017200,no,no
data/processed/panel_20250911_b3.parquet,panel_20250911_b3.parquet,.parquet,dataset,source_or_derived_dataset,203706,cb4bcc5547d82db6f108fa805e68b6355938aa5ea44c93570628a2b56ef212c5,unknown,rows=189815;row_groups=2;columns=user_id,1786384937875721300,no,no
data/processed/panel_20250912_b1.parquet,panel_20250912_b1.parquet,.parquet,dataset,source_or_derived_dataset,232999,5ea7ec8340b2108d09bf2d38f58cecb58a126e73a5f4b434d133858f09811f98,unknown,rows=217907;row_groups=2;columns=user_id,1786386004923175200,no,no
data/processed/panel_20250913_b1.parquet,panel_20250913_b1.parquet,.parquet,dataset,source_or_derived_dataset,233219,e0976fdaa0aaed56e4babb14ecc8509f0522bb32b965e14e8938defe1af73164,unknown,rows=218035;row_groups=2;columns=user_id,1786554080896789000,no,no
data/processed/panel_20250916_b1.parquet,panel_20250916_b1.parquet,.parquet,dataset,source_or_derived_dataset,233997,f272e3f1f18894ee6ea6cc8155bf2c08140a2101703a8c67f86087c3e2c761f7,unknown,rows=218793;row_groups=2;columns=user_id,1786384060182893400,no,no
data/processed/panel_20250916_b3.parquet,panel_20250916_b3.parquet,.parquet,dataset,source_or_derived_dataset,204666,fbbeac8083dc9d3f43baa569f9efacc9c14c5d04e6d0beefcf82849f686f1466,unknown,rows=190690;row_groups=2;columns=user_id,1786384057216756100,no,no
data/processed/panel_20250918_b1.parquet,panel_20250918_b1.parquet,.parquet,dataset,source_or_derived_dataset,234537,dd2701398f4f90ec7929b4f2bd4502f0331778c44d80ddb3d1616852fefafd49,unknown,rows=219167;row_groups=2;columns=user_id,1786386046216774300,no,no
data/processed/panel_20250918_b2.parquet,panel_20250918_b2.parquet,.parquet,dataset,source_or_derived_dataset,218613,14c451e6b590d28a67476f2428379bda0d3e5e2f13ecd563e2ff2de3633eb2c1,unknown,rows=203936;row_groups=2;columns=user_id,1787308436420038800,no,no
data/processed/panel_20250918_b3.parquet,panel_20250918_b3.parquet,.parquet,dataset,source_or_derived_dataset,205005,ebf2ca6d69bc5a2c7531cb18e7aaea9ecd1dd77289be53ce2cf7d9cf30eb1491,unknown,rows=191025;row_groups=2;columns=user_id,1786384670456788700,no,no
data/processed/panel_20250919_b1.parquet,panel_20250919_b1.parquet,.parquet,dataset,source_or_derived_dataset,234606,f5a06b0cd245f2642f2a64203e53307231385513d9142a549a294a5106370ce0,unknown,rows=219251;row_groups=2;columns=user_id,1786386005106475000,no,no
data/processed/panel_20250925_b1.parquet,panel_20250925_b1.parquet,.parquet,dataset,source_or_derived_dataset,235769,2910ced8e0b1a2e6050573f6527abbcb70ce998dc2aa31d50e992c36ef90b213,unknown,rows=220479;row_groups=2;columns=user_id,1786386046654776600,no,no
data/processed/panel_20250925_b2.parquet,panel_20250925_b2.parquet,.parquet,dataset,source_or_derived_dataset,219845,66852c16e2a20bc7105e544e75eb9ff76f013316ff742a44be123a7d849401ef,unknown,rows=205521;row_groups=2;columns=user_id,1787308436488273800,no,no
data/processed/panel_20250925_b3.parquet,panel_20250925_b3.parquet,.parquet,dataset,source_or_derived_dataset,206350,bdcd34d37e842f280330026d1bffda3f3fbc258a7e8d84b1010c2f4d261c2022,unknown,rows=192366;row_groups=2;columns=user_id,1786389688225994200,no,no
data/processed/panel_20250926_b1.parquet,panel_20250926_b1.parquet,.parquet,dataset,source_or_derived_dataset,235933,25983d29a5eb00f1ccddd4fa25135b28bebda89afb041350290d1a0ae315f692,unknown,rows=220644;row_groups=2;columns=user_id,1786386005302672100,no,no
data/processed/panel_20251002_b1.parquet,panel_20251002_b1.parquet,.parquet,dataset,source_or_derived_dataset,237427,bfdf7b4605ba2dc4851f02def42c3b845732091157c70ac27349bc1f337da284,unknown,rows=222054;row_groups=2;columns=user_id,1786386046781082500,no,no
data/processed/panel_20251002_b2.parquet,panel_20251002_b2.parquet,.parquet,dataset,source_or_derived_dataset,221628,e5044a474bfd4e314bd5905e76fda68cdc409ebfdae27877a6aa10081de40289,unknown,rows=206975;row_groups=2;columns=user_id,1787308436555780600,no,no
data/processed/panel_20251002_b3.parquet,panel_20251002_b3.parquet,.parquet,dataset,source_or_derived_dataset,208100,de29925f9f3b43bb3bc8d6dc465ca6a6fbe465b7335d52805358cab06e8e964e,unknown,rows=193694;row_groups=2;columns=user_id,1786384707707335700,no,no
data/processed/panel_20251003_b1.parquet,panel_20251003_b1.parquet,.parquet,dataset,source_or_derived_dataset,237556,42afb368e255858aad79aa279072f726dfc12f7921cb0425a1499dd3ab6b5a60,unknown,rows=222179;row_groups=2;columns=user_id,1786386005455695100,no,no
data/processed/panel_20251009_b1.parquet,panel_20251009_b1.parquet,.parquet,dataset,source_or_derived_dataset,238935,b8bf9383657e5c2969b6674f1dd85c9e1c69cf78ee2474bec295506c17933a99,unknown,rows=223667;row_groups=2;columns=user_id,1786386046911087700,no,no
data/processed/panel_20251009_b2.parquet,panel_20251009_b2.parquet,.parquet,dataset,source_or_derived_dataset,236211,ed6ee43c1ee144892fbc86b5370076c4a31b9e1b31977317b3edd8fefa28fe28,unknown,rows=208757;row_groups=2;columns=user_id,1787308436625943500,no,no
data/processed/panel_20251009_b3.parquet,panel_20251009_b3.parquet,.parquet,dataset,source_or_derived_dataset,209699,f153609c8972855e759cea6a399faf2b030b6572758579bc005a75c5fffa323a,unknown,rows=195586;row_groups=2;columns=user_id,1786389690519945500,no,no
data/processed/panel_20251010_b1.parquet,panel_20251010_b1.parquet,.parquet,dataset,source_or_derived_dataset,239060,e8f14ae55168ed98f5bdde7c5e4fd2b21e2189802cc150c601c5917973ebb342,unknown,rows=223791;row_groups=2;columns=user_id,1786386005671247900,no,no
data/processed/panel_20251013_b1.parquet,panel_20251013_b1.parquet,.parquet,dataset,source_or_derived_dataset,239885,7cf76874a90148e55de962cfa57383a2c98cf304537b71d9bf9bc21f566a33e3,unknown,rows=224589;row_groups=2;columns=user_id,1786554286138527600,no,no
data/processed/panel_20251016_b1.parquet,panel_20251016_b1.parquet,.parquet,dataset,source_or_derived_dataset,240448,247b38e1348a5409abf828cdca889b7c76a61587cfbb52ff983c6c9ee587850d,unknown,rows=225431;row_groups=2;columns=user_id,1786386047036046000,no,no
data/processed/panel_20251016_b2.parquet,panel_20251016_b2.parquet,.parquet,dataset,source_or_derived_dataset,238141,21f985b031ce5fb24d8b4a283b5eb0ea54a55daab3b6e2d105a39aec0fdbea82,unknown,rows=210447;row_groups=2;columns=user_id,1787308436699157300,no,no
data/processed/panel_20251016_b3.parquet,panel_20251016_b3.parquet,.parquet,dataset,source_or_derived_dataset,211674,2d0e325b674c15981c4d268d68261a3877d2fa9fc722f9fd47eda19ba0c712f1,unknown,rows=197379;row_groups=2;columns=user_id,1786384745598531500,no,no
data/processed/panel_20251022_b1.parquet,panel_20251022_b1.parquet,.parquet,dataset,source_or_derived_dataset,241852,621f22f42ebec39097503abdfcc7b9b0adc7bce310652117cc61cbd8646d010a,unknown,rows=226851;row_groups=2;columns=user_id,1786559824575878000,no,no
data/processed/panel_20251023_b1.parquet,panel_20251023_b1.parquet,.parquet,dataset,source_or_derived_dataset,242236,b98aab4478e5fbb4a5f975f8004822cbcd3acf1c5e097b585354538f9166d612,unknown,rows=227117;row_groups=2;columns=user_id,1787587072048288300,no,no
data/processed/panel_20251023_b3.parquet,panel_20251023_b3.parquet,.parquet,dataset,source_or_derived_dataset,213288,09a7150ca8c4b9d3e1b8275d18308df257037e37632bf4d41f936eb4e3822d8a,unknown,rows=199316;row_groups=2;columns=user_id,1787587072715148400,no,no
data/processed/panel_20251029_b1.parquet,panel_20251029_b1.parquet,.parquet,dataset,source_or_derived_dataset,244040,e85874248504b0e42a6964f19a27a59eede4f2aff9b63a5909c3c60288f66dcd,unknown,rows=228672;row_groups=2;columns=user_id,1786559824711062600,no,no
data/processed/panel_20251030_b1.parquet,panel_20251030_b1.parquet,.parquet,dataset,source_or_derived_dataset,244393,2fb72a76472778b3fa9d487b2cb8f56c5f46d74354658d9baaf3889a7dae0d51,unknown,rows=228863;row_groups=2;columns=user_id,1786544487803640300,no,no
data/processed/panel_20251030_b3.parquet,panel_20251030_b3.parquet,.parquet,dataset,source_or_derived_dataset,215417,e93aea9215a07fcfcf7113e109573c293cee1e6e2dc2d1ae6bb5bdcf43cfe882,unknown,rows=201074;row_groups=2;columns=user_id,1787587072797484000,no,no
data/processed/panel_20251105_b1.parquet,panel_20251105_b1.parquet,.parquet,dataset,source_or_derived_dataset,257753,aa3228cc3a2341f6e9272456ae8b97319fe7a6954c1e00f6a4a2668c538f6150,unknown,rows=230480;row_groups=2;columns=user_id,1786559824818127900,no,no
data/processed/panel_20251106_b1.parquet,panel_20251106_b1.parquet,.parquet,dataset,source_or_derived_dataset,257924,3393d2bad89acdaafa5aa95eab9866708b9429b3f311fd9f34ee63267bd42582,unknown,rows=230638;row_groups=2;columns=user_id,1787587072093068200,no,no
data/processed/panel_20251106_b3.parquet,panel_20251106_b3.parquet,.parquet,dataset,source_or_derived_dataset,217088,38beca4996f7344e3caf53c88fab6e764a6ff89860406fba81d874d94cb5b903,unknown,rows=202804;row_groups=2;columns=user_id,1787587072919091500,no,no
data/processed/panel_20251112_b1.parquet,panel_20251112_b1.parquet,.parquet,dataset,source_or_derived_dataset,247751,5a480f30c6d1f2d269b21797c7a0d50cac6f1a1d1d510cd951dfe4319e5fa9e6,unknown,rows=232358;row_groups=2;columns=user_id,1786559824919985700,no,no
data/processed/panel_20251113_b1.parquet,panel_20251113_b1.parquet,.parquet,dataset,source_or_derived_dataset,248097,24494756ffefd3dad644e9067bf48b2500a7d04745ebe1e71411e684c0b8eb8c,unknown,rows=232642;row_groups=2;columns=user_id,1787587072127836700,no,no
data/processed/panel_20251113_b3.parquet,panel_20251113_b3.parquet,.parquet,dataset,source_or_derived_dataset,218853,0bb4f341aa3eb5762628971e24ebc568acf739eefa3309b6408bf369e0528078,unknown,rows=204634;row_groups=2;columns=user_id,1787587073019811200,no,no
data/processed/panel_20251119_b1.parquet,panel_20251119_b1.parquet,.parquet,dataset,source_or_derived_dataset,250829,a650c1b4995e4a8bc1318fd4b62a66e273a22a85dc8bc38ac09cfb771f9e6d95,unknown,rows=234931;row_groups=2;columns=user_id,1786559825022207400,no,no
data/processed/panel_20251120_b1.parquet,panel_20251120_b1.parquet,.parquet,dataset,source_or_derived_dataset,251159,db87b3b3ae1c11a7205064185e1bcabd5d5c38f055261b8efb50f7ed4d2c5111,unknown,rows=235304;row_groups=2;columns=user_id,1787587072161741200,no,no
data/processed/panel_20251120_b3.parquet,panel_20251120_b3.parquet,.parquet,dataset,source_or_derived_dataset,221491,dd5644aa1eac7ad8959afd5d71a7afbb10fa74497d974b349cd688aaa73cac72,unknown,rows=207038;row_groups=2;columns=user_id,1787587073116906500,no,no
data/processed/panel_20251126_b1.parquet,panel_20251126_b1.parquet,.parquet,dataset,source_or_derived_dataset,254039,ade6a37c368a2963eb2eabeb073df7bda66575e43bd984a43e6c150a271c7c8f,unknown,rows=238157;row_groups=2;columns=user_id,1786559825121735800,no,no
data/processed/panel_20251127_b1.parquet,panel_20251127_b1.parquet,.parquet,dataset,source_or_derived_dataset,254412,a0865cb3b4edabefbc08c169023b61888d77b8cbf3c0a93a79f84f2829183a4c,unknown,rows=238597;row_groups=2;columns=user_id,1786544487981383100,no,no
data/processed/panel_20251127_b3.parquet,panel_20251127_b3.parquet,.parquet,dataset,source_or_derived_dataset,224360,31f1f5d82c815e99e6dea1e1f0e3350f9f3736bc5481615b23606e54668d319e,unknown,rows=209608;row_groups=2;columns=user_id,1787587073214946800,no,no
data/processed/panel_20251203_b1.parquet,panel_20251203_b1.parquet,.parquet,dataset,source_or_derived_dataset,257472,0138895e01a76d586f5cc3fbbfa6c011d19eb55846956daf12cfbc97966ef44f,unknown,rows=241772;row_groups=2;columns=user_id,1786559825216123200,no,no
data/processed/panel_20251204_b1.parquet,panel_20251204_b1.parquet,.parquet,dataset,source_or_derived_dataset,257958,22e8fbc224fe39fb4eaccda90c10a22a73556f9018da8901194452719dfe91f1,unknown,rows=242273;row_groups=2;columns=user_id,1787587072210463800,no,no
data/processed/panel_20251204_b3.parquet,panel_20251204_b3.parquet,.parquet,dataset,source_or_derived_dataset,226976,1f5b5ec69d089e5c65266a7c4eb3e717c64fc8e39416bd69cac934380ac7047e,unknown,rows=212439;row_groups=2;columns=user_id,1787587073312269300,no,no
data/processed/panel_20251210_b1.parquet,panel_20251210_b1.parquet,.parquet,dataset,source_or_derived_dataset,262163,c00995734e8bec4c1a1da912298fb872f5add25d6e93e54c57d177a16fdf550e,unknown,rows=246086;row_groups=2;columns=user_id,1786559825347735600,no,no
data/processed/panel_20251211_b1.parquet,panel_20251211_b1.parquet,.parquet,dataset,source_or_derived_dataset,262781,a6708cbe5b4b63cfd6d2fb898f241a07e6a9a56f90b28cce97122a0d8cf1d2bf,unknown,rows=246778;row_groups=2;columns=user_id,1787587072243745000,no,no
data/processed/panel_20251211_b3.parquet,panel_20251211_b3.parquet,.parquet,dataset,source_or_derived_dataset,230692,d0dbd409ee6f85db17718f0ce2d2ebbe2638953b87fab34fe4d45f37c3719072,unknown,rows=215823;row_groups=2;columns=user_id,1787587073413806200,no,no
data/processed/panel_20251217_b1.parquet,panel_20251217_b1.parquet,.parquet,dataset,source_or_derived_dataset,265217,a95fb9e928e6d69dfea135ebda7a97db74040c745e2ee41bdfb31a196609f26b,unknown,rows=249063;row_groups=2;columns=user_id,1786559825570221400,no,no
data/processed/panel_20251218_b1.parquet,panel_20251218_b1.parquet,.parquet,dataset,source_or_derived_dataset,264815,62f8487b2048889e23b604b772c1946f98c6137e934536d5762a1c49b065988a,unknown,rows=248663;row_groups=2;columns=user_id,1786544488145529700,no,no
data/processed/panel_20251218_b3.parquet,panel_20251218_b3.parquet,.parquet,dataset,source_or_derived_dataset,233244,8270c83e78362943287caf1bb4f3529a728464c65c29f1c9910311539f9cc442,unknown,rows=218498;row_groups=2;columns=user_id,1787587073500970600,no,no
data/processed/panel_20251224_b1.parquet,panel_20251224_b1.parquet,.parquet,dataset,source_or_derived_dataset,263322,f6b55d279a347c678d2b384af2072edaec952ca0495bcb01d0be9bc477926511,unknown,rows=247160;row_groups=2;columns=user_id,1786559825722520600,no,no
data/processed/panel_20251225_b1.parquet,panel_20251225_b1.parquet,.parquet,dataset,source_or_derived_dataset,263163,b3c0a20b7be6dc62c789ffe065b04daf8143078ea50a57fc2e1273f9047fc50d,unknown,rows=246998;row_groups=2;columns=user_id,1787587072293384000,no,no
data/processed/panel_20251225_b3.parquet,panel_20251225_b3.parquet,.parquet,dataset,source_or_derived_dataset,235163,f5a83de6b6816610b5a7b41ad18ccebe3a44667f549e77d55db7230c59bc7b46,unknown,rows=220222;row_groups=2;columns=user_id,1787587073590426200,no,no
data/processed/panel_20251231_b1.parquet,panel_20251231_b1.parquet,.parquet,dataset,source_or_derived_dataset,262553,ceac47150bd36a4f5d70d89ad15dce9e08ed8ba79e0f6255fcd527d7937ba664,unknown,rows=246413;row_groups=2;columns=user_id,1786559825867902800,no,no
data/processed/panel_20260101_b1.parquet,panel_20260101_b1.parquet,.parquet,dataset,source_or_derived_dataset,262449,3d450de2837fb565dd240dea6f0cd1d3f9b3c3c8447bac9772f95a10124c6f84,unknown,rows=246366;row_groups=2;columns=user_id,1787587072326071500,no,no
data/processed/panel_20260101_b3.parquet,panel_20260101_b3.parquet,.parquet,dataset,source_or_derived_dataset,249688,a4ffd575262292c5be9b3c1f6f5bd08d776bd07948429ca8ead3226fa06dc600,unknown,rows=222792;row_groups=2;columns=user_id,1787587073694641800,no,no
data/processed/panel_20260107_b1.parquet,panel_20260107_b1.parquet,.parquet,dataset,source_or_derived_dataset,263179,96b7475d523d04224e40fad9e041f34919f397101f3b5b84e0be49e46a9e16b4,unknown,rows=247053;row_groups=2;columns=user_id,1786559826003238700,no,no
data/processed/panel_20260108_b1.parquet,panel_20260108_b1.parquet,.parquet,dataset,source_or_derived_dataset,263366,42fa54d21abafdc87bd97eaaaa4094dbda0c315e58e72f5d8d391e62671301d2,unknown,rows=247239;row_groups=2;columns=user_id,1787587072357112100,no,no
data/processed/panel_20260108_b3.parquet,panel_20260108_b3.parquet,.parquet,dataset,source_or_derived_dataset,242342,1713f93be706411a4c030a600b3f9c9c714c1f367fbaa592206e6dcb2c1f61cf,unknown,rows=227042;row_groups=2;columns=user_id,1787587073796687500,no,no
data/processed/panel_20260114_b1.parquet,panel_20260114_b1.parquet,.parquet,dataset,source_or_derived_dataset,266183,132e770db44ce11eb79913e4afb088c73a5714891c6a8de0b921abe61ac94cac,unknown,rows=250000;row_groups=2;columns=user_id,1786544488308954300,no,no
data/processed/panel_20260115_b1.parquet,panel_20260115_b1.parquet,.parquet,dataset,source_or_derived_dataset,265392,f8dc3bd5e76fbf767443988273ca5a5189b4d1fa8951f2fe71bd9ccf2e8fd515,unknown,rows=249220;row_groups=2;columns=user_id,1787587072390736000,no,no
data/processed/panel_20260115_b3.parquet,panel_20260115_b3.parquet,.parquet,dataset,source_or_derived_dataset,248085,51884f62c085667f164e65ae9c5847e85cf23e55a7705bd36839ee75c60b7b6d,unknown,rows=232577;row_groups=2;columns=user_id,1787587073899937800,no,no
data/processed/panel_20260122_b1.parquet,panel_20260122_b1.parquet,.parquet,dataset,source_or_derived_dataset,283098,0387f1fdb6ad1bab50bebe808a69a607c80cdfaeb1a3d8e7ce403755ec3dd8dd,unknown,rows=245673;row_groups=2;columns=user_id,1787587072425573500,no,no
data/processed/panel_20260122_b3.parquet,panel_20260122_b3.parquet,.parquet,dataset,source_or_derived_dataset,246028,0e99dd3c7e940e32ba572bf801a1a2f66ac7d39c7a20518c5707c8a84b7e715e,unknown,rows=230547;row_groups=2;columns=user_id,1787587074026158600,no,no
data/processed/panel_20260129_b1.parquet,panel_20260129_b1.parquet,.parquet,dataset,source_or_derived_dataset,282295,219846a047e78bc492554b43c8e31e3d0121f5bb3ca4418c10aef60b767552ff,unknown,rows=244886;row_groups=2;columns=user_id,1787587072457136800,no,no
data/processed/panel_20260129_b3.parquet,panel_20260129_b3.parquet,.parquet,dataset,source_or_derived_dataset,247659,cb345522e285b76adbe744b284f7bf542c8a8ae04ff46bb970186de457636c2e,unknown,rows=232271;row_groups=2;columns=user_id,1787587074132826800,no,no
data/processed/panel_20260205_b1.parquet,panel_20260205_b1.parquet,.parquet,dataset,source_or_derived_dataset,262533,722fc3d6ff0537488c99595966958f391de25bcbb7eecf88a4e4a9a91948496b,unknown,rows=246489;row_groups=2;columns=user_id,1787587072488886200,no,no
data/processed/panel_20260205_b3.parquet,panel_20260205_b3.parquet,.parquet,dataset,source_or_derived_dataset,253356,34bc0dba4e57ce31b8dbc61afe8043e05af06d2a2eaee767dfc5c2359528dbb9,unknown,rows=237612;row_groups=2;columns=user_id,1787587074236161500,no,no
data/processed/panel_20260212_b1.parquet,panel_20260212_b1.parquet,.parquet,dataset,source_or_derived_dataset,265594,7f16db1a93c572403a75748a1908acd4c090b8114c3888635d4381a7f0e582c8,unknown,rows=249424;row_groups=2;columns=user_id,1787587072523116100,no,no
data/processed/panel_20260212_b3.parquet,panel_20260212_b3.parquet,.parquet,dataset,source_or_derived_dataset,263999,21ae2d27a6335d8e91e2e9d83787f3b785a329ac74c662cb2b36d3747adc3660,unknown,rows=247961;row_groups=2;columns=user_id,1787587074337125000,no,no
data/processed/panel_20260213_b1.parquet,panel_20260213_b1.parquet,.parquet,dataset,source_or_derived_dataset,266183,132e770db44ce11eb79913e4afb088c73a5714891c6a8de0b921abe61ac94cac,unknown,rows=250000;row_groups=2;columns=user_id,1786607709128329900,no,no
data/processed/panel_20260213_b3.parquet,panel_20260213_b3.parquet,.parquet,dataset,source_or_derived_dataset,266183,132e770db44ce11eb79913e4afb088c73a5714891c6a8de0b921abe61ac94cac,unknown,rows=250000;row_groups=2;columns=user_id,1786384050774915600,no,no
data/processed/pt_20250403_LNone_real.parquet,pt_20250403_LNone_real.parquet,.parquet,dataset,source_or_derived_dataset,6787167,f7e19ee350ce2361129f6be52e6064216c8038337afd5ce883afe5d180649bb7,component_family:pt,rows=213414;row_groups=2;columns=user_id|pt_rho_buy|pt_rho_act|pt_rho_defined|pt_od_rank_buy|pt_od_rank_act|pt_od_z_buy|pt_buygap_p50|pt_buygap_p90|pt_rec_over_p50|pt_od_dev_cyc|pt_cyc_since_buy|pt_cyc_since_act|pt_cyc30|pt_cyc180|pt_w1_buyrate|pt_w2_buyrate|pt_w4_buyrate|pt_w1_lgmv_cyc|pt_w2_lgmv_cyc|pt_w4_lgmv_cyc|pt_w1_presrate|pt_w2_presrate|pt_w4_presrate|pt_gap_recent3|pt_rhythm_drift|pt_rec_over_recent3|pt_buyrate_drift|pt_int_srch|pt_int_cart|pt_int_pres,1786546561339632700,no,no
data/processed/pt_20250403_LNone_shuf.parquet,pt_20250403_LNone_shuf.parquet,.parquet,dataset,source_or_derived_dataset,6201317,0ca27dcdf923ae2fa0070505c526aca22af67b2fce94b874bd5016c1d5a8d395,component_family:pt,rows=213414;row_groups=2;columns=user_id|pt_rho_buy|pt_rho_act|pt_rho_defined|pt_od_rank_buy|pt_od_rank_act|pt_od_z_buy|pt_buygap_p50|pt_buygap_p90|pt_rec_over_p50|pt_od_dev_cyc|pt_cyc_since_buy|pt_cyc_since_act|pt_cyc30|pt_cyc180|pt_w1_buyrate|pt_w2_buyrate|pt_w4_buyrate|pt_w1_lgmv_cyc|pt_w2_lgmv_cyc|pt_w4_lgmv_cyc|pt_w1_presrate|pt_w2_presrate|pt_w4_presrate|pt_gap_recent3|pt_rhythm_drift|pt_rec_over_recent3|pt_buyrate_drift|pt_int_srch|pt_int_cart|pt_int_pres,1786546560922393900,no,no
data/processed/pt_20250410_LNone_real.parquet,pt_20250410_LNone_real.parquet,.parquet,dataset,source_or_derived_dataset,6997383,ca75d8ecd089cd61054f11240923aa9ddeb081490cac1b6e8a0128893ab0e38b,component_family:pt,rows=214769;row_groups=2;columns=user_id|pt_rho_buy|pt_rho_act|pt_rho_defined|pt_od_rank_buy|pt_od_rank_act|pt_od_z_buy|pt_buygap_p50|pt_buygap_p90|pt_rec_over_p50|pt_od_dev_cyc|pt_cyc_since_buy|pt_cyc_since_act|pt_cyc30|pt_cyc180|pt_w1_buyrate|pt_w2_buyrate|pt_w4_buyrate|pt_w1_lgmv_cyc|pt_w2_lgmv_cyc|pt_w4_lgmv_cyc|pt_w1_presrate|pt_w2_presrate|pt_w4_presrate|pt_gap_recent3|pt_rhythm_drift|pt_rec_over_recent3|pt_buyrate_drift|pt_int_srch|pt_int_cart|pt_int_pres,1786546566913691000,no,no
data/processed/pt_20250410_LNone_shuf.parquet,pt_20250410_LNone_shuf.parquet,.parquet,dataset,source_or_derived_dataset,6398990,962893d1278cd52d528ca53021139059545feb7c06abc55b1ae9ec5c40773925,component_family:pt,rows=214769;row_groups=2;columns=user_id|pt_rho_buy|pt_rho_act|pt_rho_defined|pt_od_rank_buy|pt_od_rank_act|pt_od_z_buy|pt_buygap_p50|pt_buygap_p90|pt_rec_over_p50|pt_od_dev_cyc|pt_cyc_since_buy|pt_cyc_since_act|pt_cyc30|pt_cyc180|pt_w1_buyrate|pt_w2_buyrate|pt_w4_buyrate|pt_w1_lgmv_cyc|pt_w2_lgmv_cyc|pt_w4_lgmv_cyc|pt_w1_presrate|pt_w2_presrate|pt_w4_presrate|pt_gap_recent3|pt_rhythm_drift|pt_rec_over_recent3|pt_buyrate_drift|pt_int_srch|pt_int_cart|pt_int_pres,1786546565274425800,no,no
data/processed/pt_20250417_LNone_real.parquet,pt_20250417_LNone_real.parquet,.parquet,dataset,source_or_derived_dataset,7245425,549b0be48f8c8aaa687b9118da5d103933bbc7d79bfd105c09e614a0fb68240f,component_family:pt,rows=216132;row_groups=2;columns=user_id|pt_rho_buy|pt_rho_act|pt_rho_defined|pt_od_rank_buy|pt_od_rank_act|pt_od_z_buy|pt_buygap_p50|pt_buygap_p90|pt_rec_over_p50|pt_od_dev_cyc|pt_cyc_since_buy|pt_cyc_since_act|pt_cyc30|pt_cyc180|pt_w1_buyrate|pt_w2_buyrate|pt_w4_buyrate|pt_w1_lgmv_cyc|pt_w2_lgmv_cyc|pt_w4_lgmv_cyc|pt_w1_presrate|pt_w2_presrate|pt_w4_presrate|pt_gap_recent3|pt_rhythm_drift|pt_rec_over_recent3|pt_buyrate_drift|pt_int_srch|pt_int_cart|pt_int_pres,1786546571088060300,no,no
data/processed/pt_20250417_LNone_shuf.parquet,pt_20250417_LNone_shuf.parquet,.parquet,dataset,source_or_derived_dataset,6649486,6591850250cd32a0b7438d2818661b71b846012922db54f1e38f533c6fb7dc22,component_family:pt,rows=216132;row_groups=2;columns=user_id|pt_rho_buy|pt_rho_act|pt_rho_defined|pt_od_rank_buy|pt_od_rank_act|pt_od_z_buy|pt_buygap_p50|pt_buygap_p90|pt_rec_over_p50|pt_od_dev_cyc|pt_cyc_since_buy|pt_cyc_since_act|pt_cyc30|pt_cyc180|pt_w1_buyrate|pt_w2_buyrate|pt_w4_buyrate|pt_w1_lgmv_cyc|pt_w2_lgmv_cyc|pt_w4_lgmv_cyc|pt_w1_presrate|pt_w2_presrate|pt_w4_presrate|pt_gap_recent3|pt_rhythm_drift|pt_rec_over_recent3|pt_buyrate_drift|pt_int_srch|pt_int_cart|pt_int_pres,1786546569607986000,no,no
data/processed/pt_20250424_LNone_real.parquet,pt_20250424_LNone_real.parquet,.parquet,dataset,source_or_derived_dataset,7422086,b1ca72da5869ef764a6d06f9f01dc6b6460d029561156875a003633c2c5db968,component_family:pt,rows=217348;row_groups=2;columns=user_id|pt_rho_buy|pt_rho_act|pt_rho_defined|pt_od_rank_buy|pt_od_rank_act|pt_od_z_buy|pt_buygap_p50|pt_buygap_p90|pt_rec_over_p50|pt_od_dev_cyc|pt_cyc_since_buy|pt_cyc_since_act|pt_cyc30|pt_cyc180|pt_w1_buyrate|pt_w2_buyrate|pt_w4_buyrate|pt_w1_lgmv_cyc|pt_w2_lgmv_cyc|pt_w4_lgmv_cyc|pt_w1_presrate|pt_w2_presrate|pt_w4_presrate|pt_gap_recent3|pt_rhythm_drift|pt_rec_over_recent3|pt_buyrate_drift|pt_int_srch|pt_int_cart|pt_int_pres,1786546575340755700,no,no
data/processed/pt_20250424_LNone_shuf.parquet,pt_20250424_LNone_shuf.parquet,.parquet,dataset,source_or_derived_dataset,6820155,cf4746b9fade037b0df7aaff76fef1f001a24384d2334f2e0c13c9c75f2b5add,component_family:pt,rows=217348;row_groups=2;columns=user_id|pt_rho_buy|pt_rho_act|pt_rho_defined|pt_od_rank_buy|pt_od_rank_act|pt_od_z_buy|pt_buygap_p50|pt_buygap_p90|pt_rec_over_p50|pt_od_dev_cyc|pt_cyc_since_buy|pt_cyc_since_act|pt_cyc30|pt_cyc180|pt_w1_buyrate|pt_w2_buyrate|pt_w4_buyrate|pt_w1_lgmv_cyc|pt_w2_lgmv_cyc|pt_w4_lgmv_cyc|pt_w1_presrate|pt_w2_presrate|pt_w4_presrate|pt_gap_recent3|pt_rhythm_drift|pt_rec_over_recent3|pt_buyrate_drift|pt_int_srch|pt_int_cart|pt_int_pres,1786546574344725500,no,no
data/processed/pt_20250501_LNone_real.parquet,pt_20250501_LNone_real.parquet,.parquet,dataset,source_or_derived_dataset,7627866,a685fc6c0897b2159c733dae4def7cd6e1a9bdfd28961ee29f49d4f3087150ff,component_family:pt,rows=218506;row_groups=2;columns=user_id|pt_rho_buy|pt_rho_act|pt_rho_defined|pt_od_rank_buy|pt_od_rank_act|pt_od_z_buy|pt_buygap_p50|pt_buygap_p90|pt_rec_over_p50|pt_od_dev_cyc|pt_cyc_since_buy|pt_cyc_since_act|pt_cyc30|pt_cyc180|pt_w1_buyrate|pt_w2_buyrate|pt_w4_buyrate|pt_w1_lgmv_cyc|pt_w2_lgmv_cyc|pt_w4_lgmv_cyc|pt_w1_presrate|pt_w2_presrate|pt_w4_presrate|pt_gap_recent3|pt_rhythm_drift|pt_rec_over_recent3|pt_buyrate_drift|pt_int_srch|pt_int_cart|pt_int_pres,1786546581688640000,no,no
data/processed/pt_20250501_LNone_shuf.parquet,pt_20250501_LNone_shuf.parquet,.parquet,dataset,source_or_derived_dataset,7013666,44c9570053ebd0978d298d5be687b3d8a84360da0965f1c367af157d5a138f0b,component_family:pt,rows=218506;row_groups=2;columns=user_id|pt_rho_buy|pt_rho_act|pt_rho_defined|pt_od_rank_buy|pt_od_rank_act|pt_od_z_buy|pt_buygap_p50|pt_buygap_p90|pt_rec_over_p50|pt_od_dev_cyc|pt_cyc_since_buy|pt_cyc_since_act|pt_cyc30|pt_cyc180|pt_w1_buyrate|pt_w2_buyrate|pt_w4_buyrate|pt_w1_lgmv_cyc|pt_w2_lgmv_cyc|pt_w4_lgmv_cyc|pt_w1_presrate|pt_w2_presrate|pt_w4_presrate|pt_gap_recent3|pt_rhythm_drift|pt_rec_over_recent3|pt_buyrate_drift|pt_int_srch|pt_int_cart|pt_int_pres,1786546578651965800,no,no
data/processed/pt_20250508_LNone_real.parquet,pt_20250508_LNone_real.parquet,.parquet,dataset,source_or_derived_dataset,8138633,8b05d91fa0e7acf66808c4028fa7ff0596f4523393b877a7900807fd4c443cb7,component_family:pt,rows=219576;row_groups=2;columns=user_id|pt_rho_buy|pt_rho_act|pt_rho_defined|pt_od_rank_buy|pt_od_rank_act|pt_od_z_buy|pt_buygap_p50|pt_buygap_p90|pt_rec_over_p50|pt_od_dev_cyc|pt_cyc_since_buy|pt_cyc_since_act|pt_cyc30|pt_cyc180|pt_w1_buyrate|pt_w2_buyrate|pt_w4_buyrate|pt_w1_lgmv_cyc|pt_w2_lgmv_cyc|pt_w4_lgmv_cyc|pt_w1_presrate|pt_w2_presrate|pt_w4_presrate|pt_gap_recent3|pt_rhythm_drift|pt_rec_over_recent3|pt_buyrate_drift|pt_int_srch|pt_int_cart|pt_int_pres,1786546587347409000,no,no
data/processed/pt_20250508_LNone_shuf.parquet,pt_20250508_LNone_shuf.parquet,.parquet,dataset,source_or_derived_dataset,7305884,c528eac780333c4c78607181733e1672b6503e89e9899d38ec095bcd941132a4,component_family:pt,rows=219576;row_groups=2;columns=user_id|pt_rho_buy|pt_rho_act|pt_rho_defined|pt_od_rank_buy|pt_od_rank_act|pt_od_z_buy|pt_buygap_p50|pt_buygap_p90|pt_rec_over_p50|pt_od_dev_cyc|pt_cyc_since_buy|pt_cyc_since_act|pt_cyc30|pt_cyc180|pt_w1_buyrate|pt_w2_buyrate|pt_w4_buyrate|pt_w1_lgmv_cyc|pt_w2_lgmv_cyc|pt_w4_lgmv_cyc|pt_w1_presrate|pt_w2_presrate|pt_w4_presrate|pt_gap_recent3|pt_rhythm_drift|pt_rec_over_recent3|pt_buyrate_drift|pt_int_srch|pt_int_cart|pt_int_pres,1786546583498970500,no,no
data/processed/pt_20250515_LNone_real.parquet,pt_20250515_LNone_real.parquet,.parquet,dataset,source_or_derived_dataset,8331957,f2f95ec2ce1f85feb295d3fa0f2df9222e1a970d108201a9245e1352ec1b04de,component_family:pt,rows=220564;row_groups=2;columns=user_id|pt_rho_buy|pt_rho_act|pt_rho_defined|pt_od_rank_buy|pt_od_rank_act|pt_od_z_buy|pt_buygap_p50|pt_buygap_p90|pt_rec_over_p50|pt_od_dev_cyc|pt_cyc_since_buy|pt_cyc_since_act|pt_cyc30|pt_cyc180|pt_w1_buyrate|pt_w2_buyrate|pt_w4_buyrate|pt_w1_lgmv_cyc|pt_w2_lgmv_cyc|pt_w4_lgmv_cyc|pt_w1_presrate|pt_w2_presrate|pt_w4_presrate|pt_gap_recent3|pt_rhythm_drift|pt_rec_over_recent3|pt_buyrate_drift|pt_int_srch|pt_int_cart|pt_int_pres,1786546592022270500,no,no
data/processed/pt_20250515_LNone_shuf.parquet,pt_20250515_LNone_shuf.parquet,.parquet,dataset,source_or_derived_dataset,7507913,2007c266659c31405e3be77f0c7c167705e02999ac824485ad1a2e10cdfda2c4,component_family:pt,rows=220564;row_groups=2;columns=user_id|pt_rho_buy|pt_rho_act|pt_rho_defined|pt_od_rank_buy|pt_od_rank_act|pt_od_z_buy|pt_buygap_p50|pt_buygap_p90|pt_rec_over_p50|pt_od_dev_cyc|pt_cyc_since_buy|pt_cyc_since_act|pt_cyc30|pt_cyc180|pt_w1_buyrate|pt_w2_buyrate|pt_w4_buyrate|pt_w1_lgmv_cyc|pt_w2_lgmv_cyc|pt_w4_lgmv_cyc|pt_w1_presrate|pt_w2_presrate|pt_w4_presrate|pt_gap_recent3|pt_rhythm_drift|pt_rec_over_recent3|pt_buyrate_drift|pt_int_srch|pt_int_cart|pt_int_pres,1786546590039162000,no,no
data/processed/pt_20250522_LNone_real.parquet,pt_20250522_LNone_real.parquet,.parquet,dataset,source_or_derived_dataset,8523517,a0097ea457aa2e95bd2320bcf8213c321146e5372720f45707d868d446510617,component_family:pt,rows=221574;row_groups=2;columns=user_id|pt_rho_buy|pt_rho_act|pt_rho_defined|pt_od_rank_buy|pt_od_rank_act|pt_od_z_buy|pt_buygap_p50|pt_buygap_p90|pt_rec_over_p50|pt_od_dev_cyc|pt_cyc_since_buy|pt_cyc_since_act|pt_cyc30|pt_cyc180|pt_w1_buyrate|pt_w2_buyrate|pt_w4_buyrate|pt_w1_lgmv_cyc|pt_w2_lgmv_cyc|pt_w4_lgmv_cyc|pt_w1_presrate|pt_w2_presrate|pt_w4_presrate|pt_gap_recent3|pt_rhythm_drift|pt_rec_over_recent3|pt_buyrate_drift|pt_int_srch|pt_int_cart|pt_int_pres,1786546598096309100,no,no
data/processed/pt_20250522_LNone_shuf.parquet,pt_20250522_LNone_shuf.parquet,.parquet,dataset,source_or_derived_dataset,7676221,8bebe9abb8229c4696c54ee1bd78d7822eda5352e8820ddc9884822b6b3dc487,component_family:pt,rows=221574;row_groups=2;columns=user_id|pt_rho_buy|pt_rho_act|pt_rho_defined|pt_od_rank_buy|pt_od_rank_act|pt_od_z_buy|pt_buygap_p50|pt_buygap_p90|pt_rec_over_p50|pt_od_dev_cyc|pt_cyc_since_buy|pt_cyc_since_act|pt_cyc30|pt_cyc180|pt_w1_buyrate|pt_w2_buyrate|pt_w4_buyrate|pt_w1_lgmv_cyc|pt_w2_lgmv_cyc|pt_w4_lgmv_cyc|pt_w1_presrate|pt_w2_presrate|pt_w4_presrate|pt_gap_recent3|pt_rhythm_drift|pt_rec_over_recent3|pt_buyrate_drift|pt_int_srch|pt_int_cart|pt_int_pres,1786546595753447600,no,no
data/processed/pt_20250529_LNone_real.parquet,pt_20250529_LNone_real.parquet,.parquet,dataset,source_or_derived_dataset,8685304,178c01cf782001ea9701eba0ac94281aa39382502c344c13e71352fdd6b98d05,component_family:pt,rows=222507;row_groups=2;columns=user_id|pt_rho_buy|pt_rho_act|pt_rho_defined|pt_od_rank_buy|pt_od_rank_act|pt_od_z_buy|pt_buygap_p50|pt_buygap_p90|pt_rec_over_p50|pt_od_dev_cyc|pt_cyc_since_buy|pt_cyc_since_act|pt_cyc30|pt_cyc180|pt_w1_buyrate|pt_w2_buyrate|pt_w4_buyrate|pt_w1_lgmv_cyc|pt_w2_lgmv_cyc|pt_w4_lgmv_cyc|pt_w1_presrate|pt_w2_presrate|pt_w4_presrate|pt_gap_recent3|pt_rhythm_drift|pt_rec_over_recent3|pt_buyrate_drift|pt_int_srch|pt_int_cart|pt_int_pres,1786546604766856200,no,no
data/processed/pt_20250529_LNone_shuf.parquet,pt_20250529_LNone_shuf.parquet,.parquet,dataset,source_or_derived_dataset,7847245,77da20d1e07830502475b0ddf066c7e026214b3ea219f37b77a704e231011542,component_family:pt,rows=222507;row_groups=2;columns=user_id|pt_rho_buy|pt_rho_act|pt_rho_defined|pt_od_rank_buy|pt_od_rank_act|pt_od_z_buy|pt_buygap_p50|pt_buygap_p90|pt_rec_over_p50|pt_od_dev_cyc|pt_cyc_since_buy|pt_cyc_since_act|pt_cyc30|pt_cyc180|pt_w1_buyrate|pt_w2_buyrate|pt_w4_buyrate|pt_w1_lgmv_cyc|pt_w2_lgmv_cyc|pt_w4_lgmv_cyc|pt_w1_presrate|pt_w2_presrate|pt_w4_presrate|pt_gap_recent3|pt_rhythm_drift|pt_rec_over_recent3|pt_buyrate_drift|pt_int_srch|pt_int_cart|pt_int_pres,1786546601347453700,no,no
data/processed/pt_20250605_LNone_real.parquet,pt_20250605_LNone_real.parquet,.parquet,dataset,source_or_derived_dataset,8842567,654cb236bc24c36a53543e3205006ef611b1077b97f917147151ab932afddc81,component_family:pt,rows=223405;row_groups=2;columns=user_id|pt_rho_buy|pt_rho_act|pt_rho_defined|pt_od_rank_buy|pt_od_rank_act|pt_od_z_buy|pt_buygap_p50|pt_buygap_p90|pt_rec_over_p50|pt_od_dev_cyc|pt_cyc_since_buy|pt_cyc_since_act|pt_cyc30|pt_cyc180|pt_w1_buyrate|pt_w2_buyrate|pt_w4_buyrate|pt_w1_lgmv_cyc|pt_w2_lgmv_cyc|pt_w4_lgmv_cyc|pt_w1_presrate|pt_w2_presrate|pt_w4_presrate|pt_gap_recent3|pt_rhythm_drift|pt_rec_over_recent3|pt_buyrate_drift|pt_int_srch|pt_int_cart|pt_int_pres,1786546611454685500,no,no
data/processed/pt_20250605_LNone_shuf.parquet,pt_20250605_LNone_shuf.parquet,.parquet,dataset,source_or_derived_dataset,8011607,22e3d345699e52a779997050897db59c9400bd8081d42849f77da025070cfcff,component_family:pt,rows=223405;row_groups=2;columns=user_id|pt_rho_buy|pt_rho_act|pt_rho_defined|pt_od_rank_buy|pt_od_rank_act|pt_od_z_buy|pt_buygap_p50|pt_buygap_p90|pt_rec_over_p50|pt_od_dev_cyc|pt_cyc_since_buy|pt_cyc_since_act|pt_cyc30|pt_cyc180|pt_w1_buyrate|pt_w2_buyrate|pt_w4_buyrate|pt_w1_lgmv_cyc|pt_w2_lgmv_cyc|pt_w4_lgmv_cyc|pt_w1_presrate|pt_w2_presrate|pt_w4_presrate|pt_gap_recent3|pt_rhythm_drift|pt_rec_over_recent3|pt_buyrate_drift|pt_int_srch|pt_int_cart|pt_int_pres,1786546607163037700,no,no
data/processed/pt_20250612_LNone_real.parquet,pt_20250612_LNone_real.parquet,.parquet,dataset,source_or_derived_dataset,9019057,02d5edc0406dca9473668dde1f307eeeee2d7c4f8119bd348deb31b36f1bcba0,component_family:pt,rows=224393;row_groups=2;columns=user_id|pt_rho_buy|pt_rho_act|pt_rho_defined|pt_od_rank_buy|pt_od_rank_act|pt_od_z_buy|pt_buygap_p50|pt_buygap_p90|pt_rec_over_p50|pt_od_dev_cyc|pt_cyc_since_buy|pt_cyc_since_act|pt_cyc30|pt_cyc180|pt_w1_buyrate|pt_w2_buyrate|pt_w4_buyrate|pt_w1_lgmv_cyc|pt_w2_lgmv_cyc|pt_w4_lgmv_cyc|pt_w1_presrate|pt_w2_presrate|pt_w4_presrate|pt_gap_recent3|pt_rhythm_drift|pt_rec_over_recent3|pt_buyrate_drift|pt_int_srch|pt_int_cart|pt_int_pres,1786546617861718900,no,no
data/processed/pt_20250612_LNone_shuf.parquet,pt_20250612_LNone_shuf.parquet,.parquet,dataset,source_or_derived_dataset,8187295,5ebb412b686764303a19ed564f3a8bcaec3e08e00bd0134e59ea9a19049e851f,component_family:pt,rows=224393;row_groups=2;columns=user_id|pt_rho_buy|pt_rho_act|pt_rho_defined|pt_od_rank_buy|pt_od_rank_act|pt_od_z_buy|pt_buygap_p50|pt_buygap_p90|pt_rec_over_p50|pt_od_dev_cyc|pt_cyc_since_buy|pt_cyc_since_act|pt_cyc30|pt_cyc180|pt_w1_buyrate|pt_w2_buyrate|pt_w4_buyrate|pt_w1_lgmv_cyc|pt_w2_lgmv_cyc|pt_w4_lgmv_cyc|pt_w1_presrate|pt_w2_presrate|pt_w4_presrate|pt_gap_recent3|pt_rhythm_drift|pt_rec_over_recent3|pt_buyrate_drift|pt_int_srch|pt_int_cart|pt_int_pres,1786546613919426600,no,no
data/processed/pt_20250619_LNone_real.parquet,pt_20250619_LNone_real.parquet,.parquet,dataset,source_or_derived_dataset,9171053,1ba0a52a4b6d8c75a78fbb856ecd6011c8491a32cad1c90a0ae7f20046467d2f,component_family:pt,rows=225363;row_groups=2;columns=user_id|pt_rho_buy|pt_rho_act|pt_rho_defined|pt_od_rank_buy|pt_od_rank_act|pt_od_z_buy|pt_buygap_p50|pt_buygap_p90|pt_rec_over_p50|pt_od_dev_cyc|pt_cyc_since_buy|pt_cyc_since_act|pt_cyc30|pt_cyc180|pt_w1_buyrate|pt_w2_buyrate|pt_w4_buyrate|pt_w1_lgmv_cyc|pt_w2_lgmv_cyc|pt_w4_lgmv_cyc|pt_w1_presrate|pt_w2_presrate|pt_w4_presrate|pt_gap_recent3|pt_rhythm_drift|pt_rec_over_recent3|pt_buyrate_drift|pt_int_srch|pt_int_cart|pt_int_pres,1786546623564916300,no,no
data/processed/pt_20250619_LNone_shuf.parquet,pt_20250619_LNone_shuf.parquet,.parquet,dataset,source_or_derived_dataset,8365432,ce5bed42f136723634ae14ee69bdea2785d17f562d65d4dd7c4bf7005b26e63b,component_family:pt,rows=225363;row_groups=2;columns=user_id|pt_rho_buy|pt_rho_act|pt_rho_defined|pt_od_rank_buy|pt_od_rank_act|pt_od_z_buy|pt_buygap_p50|pt_buygap_p90|pt_rec_over_p50|pt_od_dev_cyc|pt_cyc_since_buy|pt_cyc_since_act|pt_cyc30|pt_cyc180|pt_w1_buyrate|pt_w2_buyrate|pt_w4_buyrate|pt_w1_lgmv_cyc|pt_w2_lgmv_cyc|pt_w4_lgmv_cyc|pt_w1_presrate|pt_w2_presrate|pt_w4_presrate|pt_gap_recent3|pt_rhythm_drift|pt_rec_over_recent3|pt_buyrate_drift|pt_int_srch|pt_int_cart|pt_int_pres,1786546621211250400,no,no
data/processed/pt_20250626_LNone_real.parquet,pt_20250626_LNone_real.parquet,.parquet,dataset,source_or_derived_dataset,9335637,71aec12fa5cd74533e163446ac20fac3f495ae189a3c3f73af14a6ecd6bef29c,component_family:pt,rows=226278;row_groups=2;columns=user_id|pt_rho_buy|pt_rho_act|pt_rho_defined|pt_od_rank_buy|pt_od_rank_act|pt_od_z_buy|pt_buygap_p50|pt_buygap_p90|pt_rec_over_p50|pt_od_dev_cyc|pt_cyc_since_buy|pt_cyc_since_act|pt_cyc30|pt_cyc180|pt_w1_buyrate|pt_w2_buyrate|pt_w4_buyrate|pt_w1_lgmv_cyc|pt_w2_lgmv_cyc|pt_w4_lgmv_cyc|pt_w1_presrate|pt_w2_presrate|pt_w4_presrate|pt_gap_recent3|pt_rhythm_drift|pt_rec_over_recent3|pt_buyrate_drift|pt_int_srch|pt_int_cart|pt_int_pres,1786546630941514200,no,no
data/processed/pt_20250626_LNone_shuf.parquet,pt_20250626_LNone_shuf.parquet,.parquet,dataset,source_or_derived_dataset,8479502,714c76ce006732d47982adba260e4ef7a372228c07f471e59260460b006c75eb,component_family:pt,rows=226278;row_groups=2;columns=user_id|pt_rho_buy|pt_rho_act|pt_rho_defined|pt_od_rank_buy|pt_od_rank_act|pt_od_z_buy|pt_buygap_p50|pt_buygap_p90|pt_rec_over_p50|pt_od_dev_cyc|pt_cyc_since_buy|pt_cyc_since_act|pt_cyc30|pt_cyc180|pt_w1_buyrate|pt_w2_buyrate|pt_w4_buyrate|pt_w1_lgmv_cyc|pt_w2_lgmv_cyc|pt_w4_lgmv_cyc|pt_w1_presrate|pt_w2_presrate|pt_w4_presrate|pt_gap_recent3|pt_rhythm_drift|pt_rec_over_recent3|pt_buyrate_drift|pt_int_srch|pt_int_cart|pt_int_pres,1786546628703196600,no,no
data/processed/pt_20250703_LNone_real.parquet,pt_20250703_LNone_real.parquet,.parquet,dataset,source_or_derived_dataset,9471576,ad99eb70dc1a6f2d448f8976e530a6af74531aca8b8fa5eadc2389c4180b4429,component_family:pt,rows=227291;row_groups=2;columns=user_id|pt_rho_buy|pt_rho_act|pt_rho_defined|pt_od_rank_buy|pt_od_rank_act|pt_od_z_buy|pt_buygap_p50|pt_buygap_p90|pt_rec_over_p50|pt_od_dev_cyc|pt_cyc_since_buy|pt_cyc_since_act|pt_cyc30|pt_cyc180|pt_w1_buyrate|pt_w2_buyrate|pt_w4_buyrate|pt_w1_lgmv_cyc|pt_w2_lgmv_cyc|pt_w4_lgmv_cyc|pt_w1_presrate|pt_w2_presrate|pt_w4_presrate|pt_gap_recent3|pt_rhythm_drift|pt_rec_over_recent3|pt_buyrate_drift|pt_int_srch|pt_int_cart|pt_int_pres,1786546637063343500,no,no
data/processed/pt_20250703_LNone_shuf.parquet,pt_20250703_LNone_shuf.parquet,.parquet,dataset,source_or_derived_dataset,8663433,c556981b5d573885237243dffc7a50e453ce266cf74c840ed4918e57966042cc,component_family:pt,rows=227291;row_groups=2;columns=user_id|pt_rho_buy|pt_rho_act|pt_rho_defined|pt_od_rank_buy|pt_od_rank_act|pt_od_z_buy|pt_buygap_p50|pt_buygap_p90|pt_rec_over_p50|pt_od_dev_cyc|pt_cyc_since_buy|pt_cyc_since_act|pt_cyc30|pt_cyc180|pt_w1_buyrate|pt_w2_buyrate|pt_w4_buyrate|pt_w1_lgmv_cyc|pt_w2_lgmv_cyc|pt_w4_lgmv_cyc|pt_w1_presrate|pt_w2_presrate|pt_w4_presrate|pt_gap_recent3|pt_rhythm_drift|pt_rec_over_recent3|pt_buyrate_drift|pt_int_srch|pt_int_cart|pt_int_pres,1786546635275236600,no,no
data/processed/pt_20250710_LNone_real.parquet,pt_20250710_LNone_real.parquet,.parquet,dataset,source_or_derived_dataset,9601649,df75b551740e9fd2e197e4f016d78636604873dc9a590d9cf0b3255c102c8928,component_family:pt,rows=228159;row_groups=2;columns=user_id|pt_rho_buy|pt_rho_act|pt_rho_defined|pt_od_rank_buy|pt_od_rank_act|pt_od_z_buy|pt_buygap_p50|pt_buygap_p90|pt_rec_over_p50|pt_od_dev_cyc|pt_cyc_since_buy|pt_cyc_since_act|pt_cyc30|pt_cyc180|pt_w1_buyrate|pt_w2_buyrate|pt_w4_buyrate|pt_w1_lgmv_cyc|pt_w2_lgmv_cyc|pt_w4_lgmv_cyc|pt_w1_presrate|pt_w2_presrate|pt_w4_presrate|pt_gap_recent3|pt_rhythm_drift|pt_rec_over_recent3|pt_buyrate_drift|pt_int_srch|pt_int_cart|pt_int_pres,1786546643937103300,no,no
data/processed/pt_20250710_LNone_shuf.parquet,pt_20250710_LNone_shuf.parquet,.parquet,dataset,source_or_derived_dataset,8777943,e4de34d9651989bacb4af223f700e2bfe321ab3553280a28eae6a275e97380cb,component_family:pt,rows=228159;row_groups=2;columns=user_id|pt_rho_buy|pt_rho_act|pt_rho_defined|pt_od_rank_buy|pt_od_rank_act|pt_od_z_buy|pt_buygap_p50|pt_buygap_p90|pt_rec_over_p50|pt_od_dev_cyc|pt_cyc_since_buy|pt_cyc_since_act|pt_cyc30|pt_cyc180|pt_w1_buyrate|pt_w2_buyrate|pt_w4_buyrate|pt_w1_lgmv_cyc|pt_w2_lgmv_cyc|pt_w4_lgmv_cyc|pt_w1_presrate|pt_w2_presrate|pt_w4_presrate|pt_gap_recent3|pt_rhythm_drift|pt_rec_over_recent3|pt_buyrate_drift|pt_int_srch|pt_int_cart|pt_int_pres,1786546643077581900,no,no
data/processed/pt_20250717_LNone_real.parquet,pt_20250717_LNone_real.parquet,.parquet,dataset,source_or_derived_dataset,9770794,f98d58c22a2725e19e279b53d35c5a527501e6daebbc34584e10071bd233f196,component_family:pt,rows=229037;row_groups=2;columns=user_id|pt_rho_buy|pt_rho_act|pt_rho_defined|pt_od_rank_buy|pt_od_rank_act|pt_od_z_buy|pt_buygap_p50|pt_buygap_p90|pt_rec_over_p50|pt_od_dev_cyc|pt_cyc_since_buy|pt_cyc_since_act|pt_cyc30|pt_cyc180|pt_w1_buyrate|pt_w2_buyrate|pt_w4_buyrate|pt_w1_lgmv_cyc|pt_w2_lgmv_cyc|pt_w4_lgmv_cyc|pt_w1_presrate|pt_w2_presrate|pt_w4_presrate|pt_gap_recent3|pt_rhythm_drift|pt_rec_over_recent3|pt_buyrate_drift|pt_int_srch|pt_int_cart|pt_int_pres,1786546651364342500,no,no
data/processed/pt_20250717_LNone_shuf.parquet,pt_20250717_LNone_shuf.parquet,.parquet,dataset,source_or_derived_dataset,8932281,7477e48c50da21a7b5a4afce5a18db9ff6b38032e1ed0edf7bb8a0c67a500412,component_family:pt,rows=229037;row_groups=2;columns=user_id|pt_rho_buy|pt_rho_act|pt_rho_defined|pt_od_rank_buy|pt_od_rank_act|pt_od_z_buy|pt_buygap_p50|pt_buygap_p90|pt_rec_over_p50|pt_od_dev_cyc|pt_cyc_since_buy|pt_cyc_since_act|pt_cyc30|pt_cyc180|pt_w1_buyrate|pt_w2_buyrate|pt_w4_buyrate|pt_w1_lgmv_cyc|pt_w2_lgmv_cyc|pt_w4_lgmv_cyc|pt_w1_presrate|pt_w2_presrate|pt_w4_presrate|pt_gap_recent3|pt_rhythm_drift|pt_rec_over_recent3|pt_buyrate_drift|pt_int_srch|pt_int_cart|pt_int_pres,1786546650496032700,no,no
data/processed/pt_20250724_LNone_real.parquet,pt_20250724_LNone_real.parquet,.parquet,dataset,source_or_derived_dataset,9890133,9f980c1fac87ab5180b883a8a7d2f8134d68d8260f0d57821faf4446e1eaaa2e,component_family:pt,rows=229860;row_groups=2;columns=user_id|pt_rho_buy|pt_rho_act|pt_rho_defined|pt_od_rank_buy|pt_od_rank_act|pt_od_z_buy|pt_buygap_p50|pt_buygap_p90|pt_rec_over_p50|pt_od_dev_cyc|pt_cyc_since_buy|pt_cyc_since_act|pt_cyc30|pt_cyc180|pt_w1_buyrate|pt_w2_buyrate|pt_w4_buyrate|pt_w1_lgmv_cyc|pt_w2_lgmv_cyc|pt_w4_lgmv_cyc|pt_w1_presrate|pt_w2_presrate|pt_w4_presrate|pt_gap_recent3|pt_rhythm_drift|pt_rec_over_recent3|pt_buyrate_drift|pt_int_srch|pt_int_cart|pt_int_pres,1786546659108967200,no,no
data/processed/pt_20250724_LNone_shuf.parquet,pt_20250724_LNone_shuf.parquet,.parquet,dataset,source_or_derived_dataset,9068228,70a96de1f176eb25d5d6c46d35f5d87fa8b72cf0deb9ca95ab197335485d9515,component_family:pt,rows=229860;row_groups=2;columns=user_id|pt_rho_buy|pt_rho_act|pt_rho_defined|pt_od_rank_buy|pt_od_rank_act|pt_od_z_buy|pt_buygap_p50|pt_buygap_p90|pt_rec_over_p50|pt_od_dev_cyc|pt_cyc_since_buy|pt_cyc_since_act|pt_cyc30|pt_cyc180|pt_w1_buyrate|pt_w2_buyrate|pt_w4_buyrate|pt_w1_lgmv_cyc|pt_w2_lgmv_cyc|pt_w4_lgmv_cyc|pt_w1_presrate|pt_w2_presrate|pt_w4_presrate|pt_gap_recent3|pt_rhythm_drift|pt_rec_over_recent3|pt_buyrate_drift|pt_int_srch|pt_int_cart|pt_int_pres,1786546657346217900,no,no
data/processed/pt_20250731_LNone_real.parquet,pt_20250731_LNone_real.parquet,.parquet,dataset,source_or_derived_dataset,10041452,ac0bd7d7bf4c8837013a4de2f55422d8c27ecb9b47e0ba5556cf99651bfc5074,component_family:pt,rows=230769;row_groups=2;columns=user_id|pt_rho_buy|pt_rho_act|pt_rho_defined|pt_od_rank_buy|pt_od_rank_act|pt_od_z_buy|pt_buygap_p50|pt_buygap_p90|pt_rec_over_p50|pt_od_dev_cyc|pt_cyc_since_buy|pt_cyc_since_act|pt_cyc30|pt_cyc180|pt_w1_buyrate|pt_w2_buyrate|pt_w4_buyrate|pt_w1_lgmv_cyc|pt_w2_lgmv_cyc|pt_w4_lgmv_cyc|pt_w1_presrate|pt_w2_presrate|pt_w4_presrate|pt_gap_recent3|pt_rhythm_drift|pt_rec_over_recent3|pt_buyrate_drift|pt_int_srch|pt_int_cart|pt_int_pres,1786546666457849900,no,no
data/processed/pt_20250731_LNone_shuf.parquet,pt_20250731_LNone_shuf.parquet,.parquet,dataset,source_or_derived_dataset,9234543,89da0f2d5e1faa749ed3a4d0feee669ed05ba53af879e0843e204972fd080df1,component_family:pt,rows=230769;row_groups=2;columns=user_id|pt_rho_buy|pt_rho_act|pt_rho_defined|pt_od_rank_buy|pt_od_rank_act|pt_od_z_buy|pt_buygap_p50|pt_buygap_p90|pt_rec_over_p50|pt_od_dev_cyc|pt_cyc_since_buy|pt_cyc_since_act|pt_cyc30|pt_cyc180|pt_w1_buyrate|pt_w2_buyrate|pt_w4_buyrate|pt_w1_lgmv_cyc|pt_w2_lgmv_cyc|pt_w4_lgmv_cyc|pt_w1_presrate|pt_w2_presrate|pt_w4_presrate|pt_gap_recent3|pt_rhythm_drift|pt_rec_over_recent3|pt_buyrate_drift|pt_int_srch|pt_int_cart|pt_int_pres,1786546665084283300,no,no
data/processed/pt_20250807_LNone_real.parquet,pt_20250807_LNone_real.parquet,.parquet,dataset,source_or_derived_dataset,10185209,cf0ca8a44ca192d1a7dd4d6d177a63028850fc08d64ebc15f23a10c4b882b86a,component_family:pt,rows=231629;row_groups=2;columns=user_id|pt_rho_buy|pt_rho_act|pt_rho_defined|pt_od_rank_buy|pt_od_rank_act|pt_od_z_buy|pt_buygap_p50|pt_buygap_p90|pt_rec_over_p50|pt_od_dev_cyc|pt_cyc_since_buy|pt_cyc_since_act|pt_cyc30|pt_cyc180|pt_w1_buyrate|pt_w2_buyrate|pt_w4_buyrate|pt_w1_lgmv_cyc|pt_w2_lgmv_cyc|pt_w4_lgmv_cyc|pt_w1_presrate|pt_w2_presrate|pt_w4_presrate|pt_gap_recent3|pt_rhythm_drift|pt_rec_over_recent3|pt_buyrate_drift|pt_int_srch|pt_int_cart|pt_int_pres,1786546674754573700,no,no
data/processed/pt_20250807_LNone_shuf.parquet,pt_20250807_LNone_shuf.parquet,.parquet,dataset,source_or_derived_dataset,9455565,fa7ca5aba12e4a9ac8dd91e8fc07b51475f11cf095464ba94fe2ccc4a309e1c7,component_family:pt,rows=231629;row_groups=2;columns=user_id|pt_rho_buy|pt_rho_act|pt_rho_defined|pt_od_rank_buy|pt_od_rank_act|pt_od_z_buy|pt_buygap_p50|pt_buygap_p90|pt_rec_over_p50|pt_od_dev_cyc|pt_cyc_since_buy|pt_cyc_since_act|pt_cyc30|pt_cyc180|pt_w1_buyrate|pt_w2_buyrate|pt_w4_buyrate|pt_w1_lgmv_cyc|pt_w2_lgmv_cyc|pt_w4_lgmv_cyc|pt_w1_presrate|pt_w2_presrate|pt_w4_presrate|pt_gap_recent3|pt_rhythm_drift|pt_rec_over_recent3|pt_buyrate_drift|pt_int_srch|pt_int_cart|pt_int_pres,1786546672795777500,no,no
data/processed/pt_20250814_LNone_real.parquet,pt_20250814_LNone_real.parquet,.parquet,dataset,source_or_derived_dataset,10317403,3c4bc160b9849044734770b698d1120eeb71ba99e2e93e1bd2dc16851a14957d,component_family:pt,rows=232583;row_groups=2;columns=user_id|pt_rho_buy|pt_rho_act|pt_rho_defined|pt_od_rank_buy|pt_od_rank_act|pt_od_z_buy|pt_buygap_p50|pt_buygap_p90|pt_rec_over_p50|pt_od_dev_cyc|pt_cyc_since_buy|pt_cyc_since_act|pt_cyc30|pt_cyc180|pt_w1_buyrate|pt_w2_buyrate|pt_w4_buyrate|pt_w1_lgmv_cyc|pt_w2_lgmv_cyc|pt_w4_lgmv_cyc|pt_w1_presrate|pt_w2_presrate|pt_w4_presrate|pt_gap_recent3|pt_rhythm_drift|pt_rec_over_recent3|pt_buyrate_drift|pt_int_srch|pt_int_cart|pt_int_pres,1786546684277416300,no,no
data/processed/pt_20250814_LNone_shuf.parquet,pt_20250814_LNone_shuf.parquet,.parquet,dataset,source_or_derived_dataset,9704905,aad864290bdac35fcdc29fd34f0658d771166278ffc2d1769fa29a975b3b3d5d,component_family:pt,rows=232583;row_groups=2;columns=user_id|pt_rho_buy|pt_rho_act|pt_rho_defined|pt_od_rank_buy|pt_od_rank_act|pt_od_z_buy|pt_buygap_p50|pt_buygap_p90|pt_rec_over_p50|pt_od_dev_cyc|pt_cyc_since_buy|pt_cyc_since_act|pt_cyc30|pt_cyc180|pt_w1_buyrate|pt_w2_buyrate|pt_w4_buyrate|pt_w1_lgmv_cyc|pt_w2_lgmv_cyc|pt_w4_lgmv_cyc|pt_w1_presrate|pt_w2_presrate|pt_w4_presrate|pt_gap_recent3|pt_rhythm_drift|pt_rec_over_recent3|pt_buyrate_drift|pt_int_srch|pt_int_cart|pt_int_pres,1786546680141025800,no,no
data/processed/pt_20250821_LNone_real.parquet,pt_20250821_LNone_real.parquet,.parquet,dataset,source_or_derived_dataset,10480581,917e27e0d9b1aabab53ba55e14e9cc8ea64faa6f1d415a01ef85a29b1ac1ca2c,component_family:pt,rows=233536;row_groups=2;columns=user_id|pt_rho_buy|pt_rho_act|pt_rho_defined|pt_od_rank_buy|pt_od_rank_act|pt_od_z_buy|pt_buygap_p50|pt_buygap_p90|pt_rec_over_p50|pt_od_dev_cyc|pt_cyc_since_buy|pt_cyc_since_act|pt_cyc30|pt_cyc180|pt_w1_buyrate|pt_w2_buyrate|pt_w4_buyrate|pt_w1_lgmv_cyc|pt_w2_lgmv_cyc|pt_w4_lgmv_cyc|pt_w1_presrate|pt_w2_presrate|pt_w4_presrate|pt_gap_recent3|pt_rhythm_drift|pt_rec_over_recent3|pt_buyrate_drift|pt_int_srch|pt_int_cart|pt_int_pres,1786546692804208100,no,no
data/processed/pt_20250821_LNone_shuf.parquet,pt_20250821_LNone_shuf.parquet,.parquet,dataset,source_or_derived_dataset,9847324,5ad7294f51e5dc027e25e579729bc5b9b917c809cc251c36f7fa8ee67bda8a42,component_family:pt,rows=233536;row_groups=2;columns=user_id|pt_rho_buy|pt_rho_act|pt_rho_defined|pt_od_rank_buy|pt_od_rank_act|pt_od_z_buy|pt_buygap_p50|pt_buygap_p90|pt_rec_over_p50|pt_od_dev_cyc|pt_cyc_since_buy|pt_cyc_since_act|pt_cyc30|pt_cyc180|pt_w1_buyrate|pt_w2_buyrate|pt_w4_buyrate|pt_w1_lgmv_cyc|pt_w2_lgmv_cyc|pt_w4_lgmv_cyc|pt_w1_presrate|pt_w2_presrate|pt_w4_presrate|pt_gap_recent3|pt_rhythm_drift|pt_rec_over_recent3|pt_buyrate_drift|pt_int_srch|pt_int_cart|pt_int_pres,1786546687680230400,no,no
data/processed/pt_20250828_LNone_real.parquet,pt_20250828_LNone_real.parquet,.parquet,dataset,source_or_derived_dataset,10635337,f95cf92e8e135feeb42edb4e351784f0ba49157edbcd58fe614d1abed25796d3,component_family:pt,rows=234485;row_groups=2;columns=user_id|pt_rho_buy|pt_rho_act|pt_rho_defined|pt_od_rank_buy|pt_od_rank_act|pt_od_z_buy|pt_buygap_p50|pt_buygap_p90|pt_rec_over_p50|pt_od_dev_cyc|pt_cyc_since_buy|pt_cyc_since_act|pt_cyc30|pt_cyc180|pt_w1_buyrate|pt_w2_buyrate|pt_w4_buyrate|pt_w1_lgmv_cyc|pt_w2_lgmv_cyc|pt_w4_lgmv_cyc|pt_w1_presrate|pt_w2_presrate|pt_w4_presrate|pt_gap_recent3|pt_rhythm_drift|pt_rec_over_recent3|pt_buyrate_drift|pt_int_srch|pt_int_cart|pt_int_pres,1786546700711833900,no,no
data/processed/pt_20250828_LNone_shuf.parquet,pt_20250828_LNone_shuf.parquet,.parquet,dataset,source_or_derived_dataset,10018181,856ba248ce37bda0abb8f7e02396d74ada5cdf0b7a49930b1e952ae3a0f30f01,component_family:pt,rows=234485;row_groups=2;columns=user_id|pt_rho_buy|pt_rho_act|pt_rho_defined|pt_od_rank_buy|pt_od_rank_act|pt_od_z_buy|pt_buygap_p50|pt_buygap_p90|pt_rec_over_p50|pt_od_dev_cyc|pt_cyc_since_buy|pt_cyc_since_act|pt_cyc30|pt_cyc180|pt_w1_buyrate|pt_w2_buyrate|pt_w4_buyrate|pt_w1_lgmv_cyc|pt_w2_lgmv_cyc|pt_w4_lgmv_cyc|pt_w1_presrate|pt_w2_presrate|pt_w4_presrate|pt_gap_recent3|pt_rhythm_drift|pt_rec_over_recent3|pt_buyrate_drift|pt_int_srch|pt_int_cart|pt_int_pres,1786546697045472200,no,no
data/processed/pt_20250904_LNone_real.parquet,pt_20250904_LNone_real.parquet,.parquet,dataset,source_or_derived_dataset,10723898,fd19fbda030365aa6f5ac817785ff7e56120a0dd200309d689f8004e164d089c,component_family:pt,rows=235279;row_groups=2;columns=user_id|pt_rho_buy|pt_rho_act|pt_rho_defined|pt_od_rank_buy|pt_od_rank_act|pt_od_z_buy|pt_buygap_p50|pt_buygap_p90|pt_rec_over_p50|pt_od_dev_cyc|pt_cyc_since_buy|pt_cyc_since_act|pt_cyc30|pt_cyc180|pt_w1_buyrate|pt_w2_buyrate|pt_w4_buyrate|pt_w1_lgmv_cyc|pt_w2_lgmv_cyc|pt_w4_lgmv_cyc|pt_w1_presrate|pt_w2_presrate|pt_w4_presrate|pt_gap_recent3|pt_rhythm_drift|pt_rec_over_recent3|pt_buyrate_drift|pt_int_srch|pt_int_cart|pt_int_pres,1786546709993851400,no,no
data/processed/pt_20250904_LNone_shuf.parquet,pt_20250904_LNone_shuf.parquet,.parquet,dataset,source_or_derived_dataset,10130775,be74cfed3d4fd476a2ba070e26573dee2344f5fe52c982298e50051e361421ec,component_family:pt,rows=235279;row_groups=2;columns=user_id|pt_rho_buy|pt_rho_act|pt_rho_defined|pt_od_rank_buy|pt_od_rank_act|pt_od_z_buy|pt_buygap_p50|pt_buygap_p90|pt_rec_over_p50|pt_od_dev_cyc|pt_cyc_since_buy|pt_cyc_since_act|pt_cyc30|pt_cyc180|pt_w1_buyrate|pt_w2_buyrate|pt_w4_buyrate|pt_w1_lgmv_cyc|pt_w2_lgmv_cyc|pt_w4_lgmv_cyc|pt_w1_presrate|pt_w2_presrate|pt_w4_presrate|pt_gap_recent3|pt_rhythm_drift|pt_rec_over_recent3|pt_buyrate_drift|pt_int_srch|pt_int_cart|pt_int_pres,1786546705855524800,no,no
data/processed/pt_20250911_LNone_real.parquet,pt_20250911_LNone_real.parquet,.parquet,dataset,source_or_derived_dataset,10855639,5d2f94a0c0e2b6c2d0b5fae7c00640ab77c355e6d6a50345c8e3948ced99a523,component_family:pt,rows=236063;row_groups=2;columns=user_id|pt_rho_buy|pt_rho_act|pt_rho_defined|pt_od_rank_buy|pt_od_rank_act|pt_od_z_buy|pt_buygap_p50|pt_buygap_p90|pt_rec_over_p50|pt_od_dev_cyc|pt_cyc_since_buy|pt_cyc_since_act|pt_cyc30|pt_cyc180|pt_w1_buyrate|pt_w2_buyrate|pt_w4_buyrate|pt_w1_lgmv_cyc|pt_w2_lgmv_cyc|pt_w4_lgmv_cyc|pt_w1_presrate|pt_w2_presrate|pt_w4_presrate|pt_gap_recent3|pt_rhythm_drift|pt_rec_over_recent3|pt_buyrate_drift|pt_int_srch|pt_int_cart|pt_int_pres,1786546718391415400,no,no
data/processed/pt_20250911_LNone_shuf.parquet,pt_20250911_LNone_shuf.parquet,.parquet,dataset,source_or_derived_dataset,10250987,ca64f6212d649c19d2e46dd3f38a7a37c73ecac75027f26b8c2420eb8239a047,component_family:pt,rows=236063;row_groups=2;columns=user_id|pt_rho_buy|pt_rho_act|pt_rho_defined|pt_od_rank_buy|pt_od_rank_act|pt_od_z_buy|pt_buygap_p50|pt_buygap_p90|pt_rec_over_p50|pt_od_dev_cyc|pt_cyc_since_buy|pt_cyc_since_act|pt_cyc30|pt_cyc180|pt_w1_buyrate|pt_w2_buyrate|pt_w4_buyrate|pt_w1_lgmv_cyc|pt_w2_lgmv_cyc|pt_w4_lgmv_cyc|pt_w1_presrate|pt_w2_presrate|pt_w4_presrate|pt_gap_recent3|pt_rhythm_drift|pt_rec_over_recent3|pt_buyrate_drift|pt_int_srch|pt_int_cart|pt_int_pres,1786546715185845000,no,no
data/processed/pt_20250918_LNone_real.parquet,pt_20250918_LNone_real.parquet,.parquet,dataset,source_or_derived_dataset,10949215,69ad7955aaf3f27a5f8047a6c72dac9fb9996767ae1596da9384fe3c5aab49d8,component_family:pt,rows=236957;row_groups=2;columns=user_id|pt_rho_buy|pt_rho_act|pt_rho_defined|pt_od_rank_buy|pt_od_rank_act|pt_od_z_buy|pt_buygap_p50|pt_buygap_p90|pt_rec_over_p50|pt_od_dev_cyc|pt_cyc_since_buy|pt_cyc_since_act|pt_cyc30|pt_cyc180|pt_w1_buyrate|pt_w2_buyrate|pt_w4_buyrate|pt_w1_lgmv_cyc|pt_w2_lgmv_cyc|pt_w4_lgmv_cyc|pt_w1_presrate|pt_w2_presrate|pt_w4_presrate|pt_gap_recent3|pt_rhythm_drift|pt_rec_over_recent3|pt_buyrate_drift|pt_int_srch|pt_int_cart|pt_int_pres,1786546728789981000,no,no
data/processed/pt_20250918_LNone_shuf.parquet,pt_20250918_LNone_shuf.parquet,.parquet,dataset,source_or_derived_dataset,10359498,66d2c1919cdc8cce08e37715d717f27f345ba1aba359cac2bb2a683bea42ef59,component_family:pt,rows=236957;row_groups=2;columns=user_id|pt_rho_buy|pt_rho_act|pt_rho_defined|pt_od_rank_buy|pt_od_rank_act|pt_od_z_buy|pt_buygap_p50|pt_buygap_p90|pt_rec_over_p50|pt_od_dev_cyc|pt_cyc_since_buy|pt_cyc_since_act|pt_cyc30|pt_cyc180|pt_w1_buyrate|pt_w2_buyrate|pt_w4_buyrate|pt_w1_lgmv_cyc|pt_w2_lgmv_cyc|pt_w4_lgmv_cyc|pt_w1_presrate|pt_w2_presrate|pt_w4_presrate|pt_gap_recent3|pt_rhythm_drift|pt_rec_over_recent3|pt_buyrate_drift|pt_int_srch|pt_int_cart|pt_int_pres,1786546724631033600,no,no
data/processed/pt_20250925_LNone_real.parquet,pt_20250925_LNone_real.parquet,.parquet,dataset,source_or_derived_dataset,11068964,9ac775dbe36c2f22ba2a064313c69d7c193b239a8fbe52b6ec1e6d5e4c46c140,component_family:pt,rows=237919;row_groups=2;columns=user_id|pt_rho_buy|pt_rho_act|pt_rho_defined|pt_od_rank_buy|pt_od_rank_act|pt_od_z_buy|pt_buygap_p50|pt_buygap_p90|pt_rec_over_p50|pt_od_dev_cyc|pt_cyc_since_buy|pt_cyc_since_act|pt_cyc30|pt_cyc180|pt_w1_buyrate|pt_w2_buyrate|pt_w4_buyrate|pt_w1_lgmv_cyc|pt_w2_lgmv_cyc|pt_w4_lgmv_cyc|pt_w1_presrate|pt_w2_presrate|pt_w4_presrate|pt_gap_recent3|pt_rhythm_drift|pt_rec_over_recent3|pt_buyrate_drift|pt_int_srch|pt_int_cart|pt_int_pres,1786546738441834900,no,no
data/processed/pt_20250925_LNone_shuf.parquet,pt_20250925_LNone_shuf.parquet,.parquet,dataset,source_or_derived_dataset,10481389,004cc62af36ce7b66b2bffae9badfe626c13a749cbcdad773090349c769aec9a,component_family:pt,rows=237919;row_groups=2;columns=user_id|pt_rho_buy|pt_rho_act|pt_rho_defined|pt_od_rank_buy|pt_od_rank_act|pt_od_z_buy|pt_buygap_p50|pt_buygap_p90|pt_rec_over_p50|pt_od_dev_cyc|pt_cyc_since_buy|pt_cyc_since_act|pt_cyc30|pt_cyc180|pt_w1_buyrate|pt_w2_buyrate|pt_w4_buyrate|pt_w1_lgmv_cyc|pt_w2_lgmv_cyc|pt_w4_lgmv_cyc|pt_w1_presrate|pt_w2_presrate|pt_w4_presrate|pt_gap_recent3|pt_rhythm_drift|pt_rec_over_recent3|pt_buyrate_drift|pt_int_srch|pt_int_cart|pt_int_pres,1786546734549227200,no,no
data/processed/pt_20251002_LNone_real.parquet,pt_20251002_LNone_real.parquet,.parquet,dataset,source_or_derived_dataset,11208960,7de74ecd3950f430cd2d10054305832d09f6a2abb394875e727e42c10f49d455,component_family:pt,rows=238847;row_groups=2;columns=user_id|pt_rho_buy|pt_rho_act|pt_rho_defined|pt_od_rank_buy|pt_od_rank_act|pt_od_z_buy|pt_buygap_p50|pt_buygap_p90|pt_rec_over_p50|pt_od_dev_cyc|pt_cyc_since_buy|pt_cyc_since_act|pt_cyc30|pt_cyc180|pt_w1_buyrate|pt_w2_buyrate|pt_w4_buyrate|pt_w1_lgmv_cyc|pt_w2_lgmv_cyc|pt_w4_lgmv_cyc|pt_w1_presrate|pt_w2_presrate|pt_w4_presrate|pt_gap_recent3|pt_rhythm_drift|pt_rec_over_recent3|pt_buyrate_drift|pt_int_srch|pt_int_cart|pt_int_pres,1786546748383848700,no,no
data/processed/pt_20251002_LNone_shuf.parquet,pt_20251002_LNone_shuf.parquet,.parquet,dataset,source_or_derived_dataset,10602998,9576fc6c34faf58cf51a2669cdc217e0139ff03596489d952347afe766890719,component_family:pt,rows=238847;row_groups=2;columns=user_id|pt_rho_buy|pt_rho_act|pt_rho_defined|pt_od_rank_buy|pt_od_rank_act|pt_od_z_buy|pt_buygap_p50|pt_buygap_p90|pt_rec_over_p50|pt_od_dev_cyc|pt_cyc_since_buy|pt_cyc_since_act|pt_cyc30|pt_cyc180|pt_w1_buyrate|pt_w2_buyrate|pt_w4_buyrate|pt_w1_lgmv_cyc|pt_w2_lgmv_cyc|pt_w4_lgmv_cyc|pt_w1_presrate|pt_w2_presrate|pt_w4_presrate|pt_gap_recent3|pt_rhythm_drift|pt_rec_over_recent3|pt_buyrate_drift|pt_int_srch|pt_int_cart|pt_int_pres,1786546744204841700,no,no
data/processed/pt_20251009_LNone_real.parquet,pt_20251009_LNone_real.parquet,.parquet,dataset,source_or_derived_dataset,11302273,c37b975c9317dd96ed61721c1db6ab9726ab02c87b00e21df7f78b63b29449bf,component_family:pt,rows=239784;row_groups=2;columns=user_id|pt_rho_buy|pt_rho_act|pt_rho_defined|pt_od_rank_buy|pt_od_rank_act|pt_od_z_buy|pt_buygap_p50|pt_buygap_p90|pt_rec_over_p50|pt_od_dev_cyc|pt_cyc_since_buy|pt_cyc_since_act|pt_cyc30|pt_cyc180|pt_w1_buyrate|pt_w2_buyrate|pt_w4_buyrate|pt_w1_lgmv_cyc|pt_w2_lgmv_cyc|pt_w4_lgmv_cyc|pt_w1_presrate|pt_w2_presrate|pt_w4_presrate|pt_gap_recent3|pt_rhythm_drift|pt_rec_over_recent3|pt_buyrate_drift|pt_int_srch|pt_int_cart|pt_int_pres,1786546758302227800,no,no
data/processed/pt_20251009_LNone_shuf.parquet,pt_20251009_LNone_shuf.parquet,.parquet,dataset,source_or_derived_dataset,10721486,4535dcf9bf916c844c639bd26cf09da97b96b42225324760d4338bf2b12b2bd9,component_family:pt,rows=239784;row_groups=2;columns=user_id|pt_rho_buy|pt_rho_act|pt_rho_defined|pt_od_rank_buy|pt_od_rank_act|pt_od_z_buy|pt_buygap_p50|pt_buygap_p90|pt_rec_over_p50|pt_od_dev_cyc|pt_cyc_since_buy|pt_cyc_since_act|pt_cyc30|pt_cyc180|pt_w1_buyrate|pt_w2_buyrate|pt_w4_buyrate|pt_w1_lgmv_cyc|pt_w2_lgmv_cyc|pt_w4_lgmv_cyc|pt_w1_presrate|pt_w2_presrate|pt_w4_presrate|pt_gap_recent3|pt_rhythm_drift|pt_rec_over_recent3|pt_buyrate_drift|pt_int_srch|pt_int_cart|pt_int_pres,1786546754409242800,no,no
data/processed/pt_20251016_LNone_real.parquet,pt_20251016_LNone_real.parquet,.parquet,dataset,source_or_derived_dataset,11448959,a5f13cb2d072f5854349dd38e10c7c5092bb2af636a9068f2ced1119d76aaa39,component_family:pt,rows=240700;row_groups=2;columns=user_id|pt_rho_buy|pt_rho_act|pt_rho_defined|pt_od_rank_buy|pt_od_rank_act|pt_od_z_buy|pt_buygap_p50|pt_buygap_p90|pt_rec_over_p50|pt_od_dev_cyc|pt_cyc_since_buy|pt_cyc_since_act|pt_cyc30|pt_cyc180|pt_w1_buyrate|pt_w2_buyrate|pt_w4_buyrate|pt_w1_lgmv_cyc|pt_w2_lgmv_cyc|pt_w4_lgmv_cyc|pt_w1_presrate|pt_w2_presrate|pt_w4_presrate|pt_gap_recent3|pt_rhythm_drift|pt_rec_over_recent3|pt_buyrate_drift|pt_int_srch|pt_int_cart|pt_int_pres,1786546768212333500,no,no
data/processed/pt_20251016_LNone_shuf.parquet,pt_20251016_LNone_shuf.parquet,.parquet,dataset,source_or_derived_dataset,10872090,e9e22b403ec81566b1437cd2d20d9c492fa6dbae4306ccfbfff071b0d70b2a6f,component_family:pt,rows=240700;row_groups=2;columns=user_id|pt_rho_buy|pt_rho_act|pt_rho_defined|pt_od_rank_buy|pt_od_rank_act|pt_od_z_buy|pt_buygap_p50|pt_buygap_p90|pt_rec_over_p50|pt_od_dev_cyc|pt_cyc_since_buy|pt_cyc_since_act|pt_cyc30|pt_cyc180|pt_w1_buyrate|pt_w2_buyrate|pt_w4_buyrate|pt_w1_lgmv_cyc|pt_w2_lgmv_cyc|pt_w4_lgmv_cyc|pt_w1_presrate|pt_w2_presrate|pt_w4_presrate|pt_gap_recent3|pt_rhythm_drift|pt_rec_over_recent3|pt_buyrate_drift|pt_int_srch|pt_int_cart|pt_int_pres,1786546764344077100,no,no
data/processed/pt_20260213_LNone_real.parquet,pt_20260213_LNone_real.parquet,.parquet,dataset,source_or_derived_dataset,12951195,ac78692c972012ed123b29b39112c24c2befc2dd2ffd18c65338c460ff5e168b,component_family:pt,rows=250000;row_groups=2;columns=user_id|pt_rho_buy|pt_rho_act|pt_rho_defined|pt_od_rank_buy|pt_od_rank_act|pt_od_z_buy|pt_buygap_p50|pt_buygap_p90|pt_rec_over_p50|pt_od_dev_cyc|pt_cyc_since_buy|pt_cyc_since_act|pt_cyc30|pt_cyc180|pt_w1_buyrate|pt_w2_buyrate|pt_w4_buyrate|pt_w1_lgmv_cyc|pt_w2_lgmv_cyc|pt_w4_lgmv_cyc|pt_w1_presrate|pt_w2_presrate|pt_w4_presrate|pt_gap_recent3|pt_rhythm_drift|pt_rec_over_recent3|pt_buyrate_drift|pt_int_srch|pt_int_cart|pt_int_pres,1786546782049553400,no,no
data/processed/pt_20260213_LNone_shuf.parquet,pt_20260213_LNone_shuf.parquet,.parquet,dataset,source_or_derived_dataset,12519104,84b3e2f3146bcf5264dfeee9c00c051b7a023935aa06a61443f0f0b909946c06,component_family:pt,rows=250000;row_groups=2;columns=user_id|pt_rho_buy|pt_rho_act|pt_rho_defined|pt_od_rank_buy|pt_od_rank_act|pt_od_z_buy|pt_buygap_p50|pt_buygap_p90|pt_rec_over_p50|pt_od_dev_cyc|pt_cyc_since_buy|pt_cyc_since_act|pt_cyc30|pt_cyc180|pt_w1_buyrate|pt_w2_buyrate|pt_w4_buyrate|pt_w1_lgmv_cyc|pt_w2_lgmv_cyc|pt_w4_lgmv_cyc|pt_w1_presrate|pt_w2_presrate|pt_w4_presrate|pt_gap_recent3|pt_rhythm_drift|pt_rec_over_recent3|pt_buyrate_drift|pt_int_srch|pt_int_cart|pt_int_pres,1786546779037723700,no,no
data/processed/s2_small_n_qmc_v1.npz,s2_small_n_qmc_v1.npz,.npz,dataset,source_or_derived_dataset,175610,8e0569aa00701dd13fa2007b0a3223f5d0e54bb0a51d462e8bd89f47ccf56875,unknown,"arrays=mu_grid:(101,):float64|sigma_grid:(57,):float64|n1:(57, 101):float64|n2:(57, 101):float64|n3:(57, 101):float64|n4:(57, 101):float64",1786437957157276300,no,no
data/processed/s2_target_20250213.parquet,s2_target_20250213.parquet,.parquet,dataset,source_or_derived_dataset,1671236,263dff6f209f09630c73d26b3154f0deedfe28ae5133afc49a6a2a609f4fc817,unknown,rows=100732;row_groups=2;columns=user_id|y|n|target_mu,1786441664171965100,no,no
data/processed/s2_target_20250403.parquet,s2_target_20250403.parquet,.parquet,dataset,source_or_derived_dataset,1689375,64495b3159a6a08279f5c900ffa14e203b569364ebebde5732aacf5b74e47ad8,unknown,rows=101859;row_groups=2;columns=user_id|y|n|target_mu,1786438019655500000,no,no
data/processed/s2_target_20250410.parquet,s2_target_20250410.parquet,.parquet,dataset,source_or_derived_dataset,1694135,e56cb6401b13c13a50e0f7a91e7461b2534835ce8b9efb3c7bcf68c2278650c5,unknown,rows=102115;row_groups=2;columns=user_id|y|n|target_mu,1786438020277226700,no,no
data/processed/s2_target_20250417.parquet,s2_target_20250417.parquet,.parquet,dataset,source_or_derived_dataset,1706669,57f741acd7d47eb12238dd16c7557254319001090e09c0ac4760e5841b58beb9,unknown,rows=102564;row_groups=2;columns=user_id|y|n|target_mu,1786438020849266300,no,no
data/processed/s2_target_20250424.parquet,s2_target_20250424.parquet,.parquet,dataset,source_or_derived_dataset,1712883,d394eae4e6b98313f70d2fc0fa40fa2eafe952b332c063ba20c515819c3eda44,unknown,rows=103247;row_groups=2;columns=user_id|y|n|target_mu,1786438021494962000,no,no
data/processed/s2_target_20250501.parquet,s2_target_20250501.parquet,.parquet,dataset,source_or_derived_dataset,1723552,5da705f0d5f79f595ac1c287d996c71cf79293b7aff5e6df0889601aa57dea76,unknown,rows=103923;row_groups=2;columns=user_id|y|n|target_mu,1786438022142318500,no,no
data/processed/s2_target_20250508.parquet,s2_target_20250508.parquet,.parquet,dataset,source_or_derived_dataset,1742177,c299f369e78ba58bfb20de69cbc4102b772c9a2c7cf879193cdda58779eb2b90,unknown,rows=105034;row_groups=2;columns=user_id|y|n|target_mu,1786438022720498100,no,no
data/processed/s2_target_20250515.parquet,s2_target_20250515.parquet,.parquet,dataset,source_or_derived_dataset,1771866,a2784281fbb67a7abea7e9faeea6eeaf6b2ee9dfdd88c055e05430bdb161654c,unknown,rows=106833;row_groups=2;columns=user_id|y|n|target_mu,1786438023384712200,no,no
data/processed/s2_target_20250522.parquet,s2_target_20250522.parquet,.parquet,dataset,source_or_derived_dataset,1788354,bda40fc349a8f7fe3b536783dd0ccbc9cfdb1d39bcfcda15bdf1f3276a5f7ba2,unknown,rows=107812;row_groups=2;columns=user_id|y|n|target_mu,1786438023940444500,no,no
data/processed/s2_target_20250529.parquet,s2_target_20250529.parquet,.parquet,dataset,source_or_derived_dataset,1806482,0083f65de924237c5bb43bce8edccfe1df4fe2fbb1d3aab39f06b1b8ef11ab18,unknown,rows=108931;row_groups=2;columns=user_id|y|n|target_mu,1786438024590459100,no,no
data/processed/s2_target_20250605.parquet,s2_target_20250605.parquet,.parquet,dataset,source_or_derived_dataset,1828304,1086fd758a8440c36680de655dd9af122164f9cd2100ee07c8434cbd6f89d8bc,unknown,rows=110284;row_groups=2;columns=user_id|y|n|target_mu,1786438025189032600,no,no
data/processed/s2_target_20250612.parquet,s2_target_20250612.parquet,.parquet,dataset,source_or_derived_dataset,1839370,4bb9e95b3a91248368746028948cc7abf6aa2100b12c3a30b4e869002bf1d216,unknown,rows=110930;row_groups=2;columns=user_id|y|n|target_mu,1786438025816907500,no,no
data/processed/s2_target_20250619.parquet,s2_target_20250619.parquet,.parquet,dataset,source_or_derived_dataset,1862173,930d738abfdc3ea4ada02ddbdc1109fb4276379c3bc3d8b331a024b6952cafba,unknown,rows=112345;row_groups=2;columns=user_id|y|n|target_mu,1786438026463770900,no,no
data/processed/s2_target_20250626.parquet,s2_target_20250626.parquet,.parquet,dataset,source_or_derived_dataset,1880505,31575bf54bc4f73486003affe17a68594260483c98ac01e24b8acaef0fe39018,unknown,rows=113417;row_groups=2;columns=user_id|y|n|target_mu,1786438027103082200,no,no
data/processed/s2_target_20250703.parquet,s2_target_20250703.parquet,.parquet,dataset,source_or_derived_dataset,1901679,1ebb146306915c429194d0eb209dfc1a8ef5647c7b904a122c417c3a38411048,unknown,rows=114676;row_groups=2;columns=user_id|y|n|target_mu,1786438027762888200,no,no
data/processed/s2_target_20250710.parquet,s2_target_20250710.parquet,.parquet,dataset,source_or_derived_dataset,1924320,322cb66a2b6f34e31a258fbc6180eeecf982637b78bc96cf06c086dd247c1496,unknown,rows=116049;row_groups=2;columns=user_id|y|n|target_mu,1786438028385811900,no,no
data/processed/s2_target_20250717.parquet,s2_target_20250717.parquet,.parquet,dataset,source_or_derived_dataset,1952241,b161a2ee83208d62b7580659b8a5659a517709e3542befe801046b79c4fb53b3,unknown,rows=117728;row_groups=2;columns=user_id|y|n|target_mu,1786438029042093600,no,no
data/processed/s2_target_20250724.parquet,s2_target_20250724.parquet,.parquet,dataset,source_or_derived_dataset,1989623,f19ee7ea1ec90ae0dfb95516179a03cb82e58a3e2fe7833dfe12cefcd2a7e64b,unknown,rows=119977;row_groups=2;columns=user_id|y|n|target_mu,1786438029703111900,no,no
data/processed/s2_target_20250731.parquet,s2_target_20250731.parquet,.parquet,dataset,source_or_derived_dataset,2029752,c9fb5c1e16944f6ac8e51f2a285a0a27d647aa2fbaea862e46b68616a3124320,unknown,rows=122389;row_groups=2;columns=user_id|y|n|target_mu,1786438030327696700,no,no
data/processed/s2_target_20250807.parquet,s2_target_20250807.parquet,.parquet,dataset,source_or_derived_dataset,2046700,150da1e41366e37634045c7ec51b46a431175cf167c3e8f2e02f557669916ba5,unknown,rows=123414;row_groups=2;columns=user_id|y|n|target_mu,1786438030966567500,no,no
data/processed/s2_target_20250814.parquet,s2_target_20250814.parquet,.parquet,dataset,source_or_derived_dataset,2049242,d4e54274fefa194a279e10470a719caf6a811bfa148937091e13a1122f5ca916,unknown,rows=123568;row_groups=2;columns=user_id|y|n|target_mu,1786438031618238000,no,no
data/processed/s2_target_20250821.parquet,s2_target_20250821.parquet,.parquet,dataset,source_or_derived_dataset,2053356,7196f153b36a748bc9c157c5f309bece1e7bd6d01cb3689ffa75e03613c586b8,unknown,rows=123815;row_groups=2;columns=user_id|y|n|target_mu,1786438032303187700,no,no
data/processed/s2_target_20250828.parquet,s2_target_20250828.parquet,.parquet,dataset,source_or_derived_dataset,2048742,28d9a9a67d24266f78e6b87bc1f14e5b193d998b8c5eed6bdddd166018fb2fa8,unknown,rows=123525;row_groups=2;columns=user_id|y|n|target_mu,1786438032955170500,no,no
data/processed/s2_target_20250904.parquet,s2_target_20250904.parquet,.parquet,dataset,source_or_derived_dataset,2058001,5bad19c3677c655d0b08154dea56edd3b8832e39de3c97354f79064a0b334b08,unknown,rows=124080;row_groups=2;columns=user_id|y|n|target_mu,1786438033379139000,no,no
data/processed/s2_target_20250911.parquet,s2_target_20250911.parquet,.parquet,dataset,source_or_derived_dataset,2086903,83d42c9220088746629c543b01f04584b1baddb9129fd0a170dd669bcd8a32ab,unknown,rows=125818;row_groups=2;columns=user_id|y|n|target_mu,1786438034045254200,no,no
data/processed/s2_target_20250918.parquet,s2_target_20250918.parquet,.parquet,dataset,source_or_derived_dataset,2124878,737565754b214585cdf5723d2348ea02caf842d3508b459639d1d3910511e9f3,unknown,rows=128033;row_groups=2;columns=user_id|y|n|target_mu,1786439560692041300,no,no
data/processed/s2_target_20250925.parquet,s2_target_20250925.parquet,.parquet,dataset,source_or_derived_dataset,2143470,d819d5ab5cc1286b723b1deaaa973ccc0ff57a9f5a73d27144c4758df7a79db6,unknown,rows=129136;row_groups=2;columns=user_id|y|n|target_mu,1786441961574579300,no,no
data/processed/s2_target_20251002.parquet,s2_target_20251002.parquet,.parquet,dataset,source_or_derived_dataset,2160097,1bb2d392555d852d6ed742f08320679f862e87ab0cc6bfb26bc1ae88766a65ff,unknown,rows=130127;row_groups=2;columns=user_id|y|n|target_mu,1786441189716052900,no,no
data/processed/s2_target_20251009.parquet,s2_target_20251009.parquet,.parquet,dataset,source_or_derived_dataset,2182667,4aae70a078ee62e2bf1c19f04a97104c93ed6bc4732f817ae6ba493b638db375,unknown,rows=130990;row_groups=2;columns=user_id|y|n|target_mu,1786441962556188900,no,no
data/processed/s2_target_20251016.parquet,s2_target_20251016.parquet,.parquet,dataset,source_or_derived_dataset,2206393,f899ed8e53e302afc97262505329e376e6d621fba37a8e8d426028abf5a7c396,unknown,rows=132441;row_groups=2;columns=user_id|y|n|target_mu,1786438018965983100,no,no
data/processed/s2_value_20250213_L180.parquet,s2_value_20250213_L180.parquet,.parquet,dataset,source_or_derived_dataset,1778803,470333986033a9ef654a3f417f08ad8d6fe4c7381795c3f5a5726721d093b10c,unknown,rows=106726;row_groups=2;columns=user_id|k|sum_log|sum_sq_log,1786441888749865800,no,no
data/processed/s2_value_20250731_L180.parquet,s2_value_20250731_L180.parquet,.parquet,dataset,source_or_derived_dataset,2964971,2fbc29c4372670202b9ca81a00c0504849467668f9bdeeb6e7bad28c2947d13b,unknown,rows=176327;row_groups=2;columns=user_id|k|sum_log|sum_sq_log,1786440402842289800,no,no
data/processed/s2_value_20250814_L180.parquet,s2_value_20250814_L180.parquet,.parquet,dataset,source_or_derived_dataset,3007228,59696cc970e4c976294a19a44bfdab7e705c56b1f1f850813bcb4df272a3e1c6,unknown,rows=178849;row_groups=2;columns=user_id|k|sum_log|sum_sq_log,1786439448116981600,no,no
data/processed/s2_value_20250828_L180.parquet,s2_value_20250828_L180.parquet,.parquet,dataset,source_or_derived_dataset,3050921,83ff0e711d957eb5418dd1c17c85c2cb2a77dabd31918fe9fc34d4bae1b28430,unknown,rows=181435;row_groups=2;columns=user_id|k|sum_log|sum_sq_log,1786441150652205000,no,no
data/processed/s2_value_20250904_L180.parquet,s2_value_20250904_L180.parquet,.parquet,dataset,source_or_derived_dataset,3077318,dabc060bac9a8d9665a60435459f70fde1d9b70e9c5b8b894d7db18d3b284ece,unknown,rows=182385;row_groups=2;columns=user_id|k|sum_log|sum_sq_log,1786440772378819900,no,no
data/processed/s2_value_20250911_L180.parquet,s2_value_20250911_L180.parquet,.parquet,dataset,source_or_derived_dataset,3100898,5ddf291498fff6b3fdb412989a67ded468887d31c23a98a64a1ec57d890bcf84,unknown,rows=183227;row_groups=2;columns=user_id|k|sum_log|sum_sq_log,1786438909263767800,no,no
data/processed/s2_value_20250918_L180.parquet,s2_value_20250918_L180.parquet,.parquet,dataset,source_or_derived_dataset,3108647,cd7d0331a5b0832f161f2540659eabc8d619663063810846ddc2250ee1797304,unknown,rows=184245;row_groups=2;columns=user_id|k|sum_log|sum_sq_log,1786439902144218500,no,no
data/processed/s2_value_20251002_L180.parquet,s2_value_20251002_L180.parquet,.parquet,dataset,source_or_derived_dataset,3137245,03d7497ec61fbad942d26b9abebe3c7a533de3f372eba81b900a21b3ee2a2aba,unknown,rows=186456;row_groups=2;columns=user_id|k|sum_log|sum_sq_log,1786441584222486800,no,no
data/processed/s2_value_20251016_L180.parquet,s2_value_20251016_L180.parquet,.parquet,dataset,source_or_derived_dataset,3178390,5abd0d06efb8aa8633d853c41599264621315522dd4c903ac690838a005bafea,unknown,rows=188953;row_groups=2;columns=user_id|k|sum_log|sum_sq_log,1786438019059824200,no,no
data/processed/s2_value_20260213_L180.parquet,s2_value_20260213_L180.parquet,.parquet,dataset,source_or_derived_dataset,3485695,41b8ed53021813b530742d37a5c9adbc4820995f5aa06392fdc6cb598b937d80,unknown,rows=207363;row_groups=3;columns=user_id|k|sum_log|sum_sq_log,1786442562613947700,no,no
data/processed/seq_fut_v1.npy,seq_fut_v1.npy,.npy,dataset,source_or_derived_dataset,409000128,b251fad9cd3f2ca85b113dcf57195bd9babda0540e085c870f0d6506e4690d42,component_family:seq;team_a:exp_025,"array=seq_fut_v1:(250000, 409, 2):uint16",1787243460704183700,no,no
data/processed/seq_gmv_v1.npy,seq_gmv_v1.npy,.npy,dataset,source_or_derived_dataset,818000128,b184c7351d279fe2a9a51493503b7b9b67c64552d18182d12f07d4e6d5af1e2b,component_family:seq;team_a:exp_025,"array=seq_gmv_v1:(250000, 409):float64",1786608036486655000,no,no
data/processed/seq_panel_v1.npy,seq_panel_v1.npy,.npy,dataset,source_or_derived_dataset,2863000128,2ff92d6b3890a8aa66347f4063c99cdd312973f1ed6e7b69d1faa1240854e0bd,component_family:seq;team_a:exp_025,"array=seq_panel_v1:(250000, 409, 14):float16",1786608039350127400,no,no
data/processed/seq_scale_v1.json,seq_scale_v1.json,.json,dataset,source_or_derived_dataset,506,dfda617c951756e15eb484418a340253c1db1f40e13c4a22e77d2aa79d15f6d6,component_family:seq;team_a:exp_025,keys=scale|n_present_cells|scale_end,1786608044691905000,no,no
data/processed/seq_uid_v1.npy,seq_uid_v1.npy,.npy,dataset,source_or_derived_dataset,2000128,50e5ba9b71a510b05126d5f325d9c63186ca09975680c66e4ee024e3e0fd576a,component_family:seq;team_a:exp_025,"array=seq_uid_v1:(250000,):int64",1786608035543627000,no,no
data/raw/sample_submit.csv,sample_submit.csv,.csv,dataset,source_or_derived_dataset,4566914,06a433b0ac32f7c0292ce3cb994c1684b4156b392f30fe537ea6a44d0bc4c1b1,unknown,columns=user_id|predict,1786376842477508100,no,no
data/raw/train.parquet,train.parquet,.parquet,dataset,source_or_derived_dataset,180148911,5f3aa90992652b8a4f0f398e735a3ba11c2ea6ccf9e8fb1d236436e9a49167c0,unknown,rows=30631006;row_groups=250;columns=event_date|user_id|search|cat|has_search_to_cart|has_search_to_ord|has_cat_to_cart|has_cat_to_ord|search_to_cart|search_to_ord|cat_to_cart|cat_to_ord|gmv_search|gmv_cat|to_cart|to_ord|gmv|searches,1786375337761105000,no,no
data/raw/train_preview.xlsx,train_preview.xlsx,.xlsx,dataset,source_or_derived_dataset,315779,190349adcb3297f03b99f68a606a964dd3ca857069f9dcda48b91f93235b287c,unknown,unknown,1786376651421113500,no,no
deliverables/submission_STRONGEST_CURRENT_artifacts_2026-08-20.zip,submission_STRONGEST_CURRENT_artifacts_2026-08-20.zip,.zip,submission,competition_submission_or_candidate,28169045,d9bb7276f889826873b5a4d33e8466b625cc324f75647599c278acd774da8a43,unknown,unknown,1787251153019689000,no,no
experiments/deeper_summary.json,deeper_summary.json,.json,metrics_or_diagnostics,run_metrics_or_diagnostics,13030,8bd3b5617d341e2ef6cdbf0fae0919f144ac724f62598eacfbf7b87bbef87f68,unknown,keys=domain_variants|conditional_lookup|oot_lookup|population_match|cross_section_stationarity|anniversary|selection_latest,1787602848910416400,no,no
experiments/diagnostics_summary.json,diagnostics_summary.json,.json,metrics_or_diagnostics,run_metrics_or_diagnostics,31948,50eba6072ef213987bab0b0413c3fc1e9872dc43f7357df5bb22e17a42bbff78,unknown,keys=production_fingerprint|domain_auc_jan14_vs_prod|domain_top_gain|domain_top_psi|target_by_cutoff|global_block_ratios|daily_shocks|day_of_week|segment_stats|conditional_effects|lookup_cv|error_map_proxy,1787602309045286900,no,no
experiments/exp_006_s1_best_submission.md,exp_006_s1_best_submission.md,.md,primary_experiment_report_candidate;submission,competition_submission_or_candidate,5594,fd734ea1752b905e7950f51bddf814436444559cca0f8f04dd908842de7ef846,team_a:exp_006,unknown,1786446711687653600,no,no
experiments/exp_017_capacity_curve.md,exp_017_capacity_curve.md,.md,metrics_or_diagnostics;primary_experiment_report_candidate,run_metrics_or_diagnostics,6598,cfde7edbd87be95056bccd3c35366d5948b3a5eff46765ba70713b75db253f15,team_a:exp_017,unknown,1786524210143354300,no,no
experiments/log.csv,log.csv,.csv,manifest,unclassified,92359,50b2a6f6f921e8eeba1128a6d97d91130a46483ae5f09bbcbebb5fc33989682f,unknown,columns=exp_id|timestamp|commit|description|scenario|n_features|model|params|cutoffs|L|panel_blocks|fold_scores|cv_mean|cv_std|bias_mean|best_offset|cv_mean_calib|delta_vs_b0|runtime_s|verdict|conclusion|wcv|fold_cal|mean_z|lb_public,1787664837477320200,no,no
experiments/raw_audit_summary.json,raw_audit_summary.json,.json,metrics_or_diagnostics,run_metrics_or_diagnostics,14385,3d84a72b24f571629d08f64986d2498d5993101eff9ac7cb2786da516536cee3,unknown,keys=basic|duplicates|invariants|binary_stats|sample_submit|physical_order|user_id_correlations|daily_head|daily_tail|user_profile_quantiles|first_date_top|last_date_top,1787601555059822100,no,no
experiments/submissions.csv,submissions.csv,.csv,manifest;submission,competition_submission_or_candidate,15797,63ffd5f32fd5ff62d5d66831c0d50f59bae8c25cefc58362a0b299e9ce506b6c,unknown,columns=file|exp_id|date|level|lb_public|oof_source|note,1787663388410966000,no,no
research/rmsle_diagnostics/diagnostics/calibration_curve.csv,calibration_curve.csv,.csv,metrics_or_diagnostics,run_metrics_or_diagnostics,661,1bda862a27021cb4da5e15c076aa269e82947809d92c345ded4d64c7740bca04,unknown,columns=segment|users_pct|error_share|rmsle|mean_pred_log|mean_actual_log|log_bias,1786543111678733300,no,no
research/rmsle_diagnostics/diagnostics/fold_stability.csv,fold_stability.csv,.csv,fold_artifact,unclassified,708,106f76a750dade72bfd6c884b33e000e239e22fe9c0fde03ef702c1cb8e98866,unknown,columns=fold|n|rmsle_raw|rmsle_cal|cal_delta|zero_rate|mean_ly|std_ly|mean_z|std_z|p10_z|p50_z|p90_z|log_bias|spread_ratio|auc_zero,1786543113588729800,no,no
research/rmsle_diagnostics/diagnostics/test_shift.csv,test_shift.csv,.csv,test_prediction,test_prediction,974,b9fc9f8a92a16cc61a150556206c4aa71732df223abfd672154684364262fc99,unknown,columns=source|n|mean_z_raw|mean_z|std_z|p10|p25|p50|p75|p90|p99|share_z_lt_05|med_rec_buy|med_w180_days_buy|persist_level|mean_ly|target_over_persist|zero_rate,1786543114822617500,no,no
research/rmsle_diagnostics/fold_predictions.parquet,fold_predictions.parquet,.parquet,fold_artifact,unclassified,50172734,77204fffb42482899e13e48a8eefbe275db9ec3ade54026ecbb247338f7fcf6e,unknown,rows=770616;row_groups=8;columns=cutoff|user_id|y|z_mix|z_S1-E10|z_S1-E02|z_S1-E03a|z_S1-DIST|z_cal|fold_delta|rec_buy|rec_any|rec_cart|w30_gmv|w60_gmv|w90_gmv|w180_gmv|w365_gmv|all_gmv|w30_days_buy|w90_days_buy|w180_days_buy|w365_days_buy|w30_days_present|w90_days_present|w180_lgmv_mean|buygap_mean|tenure|w30_searches|w90_searches|ly,1786542083607126300,no,no
research/rmsle_diagnostics/test_predictions.parquet,test_predictions.parquet,.parquet,test_prediction,test_prediction,14801790,c8580fc937205aa759b2e7b8d9027c350448eb138f68eef3149b82f6b7535f06,unknown,rows=250000;row_groups=2;columns=user_id|z_mix|z_cal|z_S1-NORM|z_S1-UNC|z_S1-CAP|z_S1-DIST|rec_buy|rec_any|rec_cart|w30_gmv|w60_gmv|w90_gmv|w180_gmv|w365_gmv|all_gmv|w30_days_buy|w90_days_buy|w180_days_buy|w365_days_buy|w30_days_present|w90_days_present|w180_lgmv_mean|buygap_mean|tenure|w30_searches|w90_searches,1786542083712990000,no,no
research/strategies/results/AUTHORITATIVE_LATEST_AUDIT_20260825_160144/component_manifest.json,component_manifest.json,.json,manifest,unclassified,5040,7aa3887826b4070baba317d6a408cdc19406190a1b26093b0976e42a5c9c1dc2,team_a:exp_067,keys=CAP_LINEAGE|PRIVATE_SAFE_STATUS|components|double_counting|expanded_fixed_ancestry|friend_identity|occ_meta_B_lineage|occ_raw_X3_lineage|recipe|run_manifests,1787663142734350400,no,no
research/strategies/results/AUTHORITATIVE_LATEST_AUDIT_20260825_160144/oof_status.json,oof_status.json,.json,oof_prediction,out_of_fold_prediction,2423,da064e2c72fff080e1be56cdd1d645abaf78629dcacc0de04fe6818cfce255b5,team_a:exp_067,keys=CANONICAL_OOF|components|native_second_line_diagnostics_promoted_to_project_wcv|oof_latest_canonical_created|project_wcv_computed|required_fold_sizes|required_folds|segments_computed|stacking_leakage_status|summary_validation_csvs_are_canonical_oof|training_target_leakage_status,1787663142735359000,no,no
research/strategies/results/AUTHORITATIVE_LATEST_AUDIT_20260825_160144/summary.json,summary.json,.json,leaderboard_evidence_candidate;metrics_or_diagnostics,run_metrics_or_diagnostics,1378,d7a38a60f32f215e4f45cc06c2d2633f7aba960aed9aff182b57b1c8b44dceea,team_a:exp_067,keys=CANONICAL_OOF|CAP_LINEAGE|PRIVATE_SAFE_STATUS|best_exactly_reproducible|best_public_observed|created_at_utc|latest_can_be_cv_lofo_anchor|latest_end_to_end_training_reproducible|latest_test_assembly_reproducible|prefix|research_private_safe_anchor|verdict|verdict_reasons,1787663142735866300,no,no
research/strategies/results/AUTHORITATIVE_LATEST_AUDIT_20260825_160144_V2/component_manifest.json,component_manifest.json,.json,manifest,unclassified,5040,7aa3887826b4070baba317d6a408cdc19406190a1b26093b0976e42a5c9c1dc2,team_a:exp_067,keys=CAP_LINEAGE|PRIVATE_SAFE_STATUS|components|double_counting|expanded_fixed_ancestry|friend_identity|occ_meta_B_lineage|occ_raw_X3_lineage|recipe|run_manifests,1787663220446500400,no,no
research/strategies/results/AUTHORITATIVE_LATEST_AUDIT_20260825_160144_V2/oof_status.json,oof_status.json,.json,oof_prediction,out_of_fold_prediction,2315,1f064718c70971be8a3d4290ef7437ef4fd23086a102f98f190e9b1e0768a965,team_a:exp_067,keys=CANONICAL_OOF|components|native_second_line_diagnostics_promoted_to_project_wcv|oof_latest_canonical_created|project_wcv_computed|required_fold_sizes|required_folds|segments_computed|stacking_leakage_status|summary_validation_csvs_are_canonical_oof|training_target_leakage_status,1787663220447547300,no,no
research/strategies/results/AUTHORITATIVE_LATEST_AUDIT_20260825_160144_V2/summary.json,summary.json,.json,leaderboard_evidence_candidate;metrics_or_diagnostics,run_metrics_or_diagnostics,1377,ecea3ecfcfc7a714f1605490e9186678a066c290656bed84aa22adabaf91a1d6,team_a:exp_067,keys=CANONICAL_OOF|CAP_LINEAGE|PRIVATE_SAFE_STATUS|best_exactly_reproducible|best_public_observed|created_at_utc|latest_can_be_cv_lofo_anchor|latest_end_to_end_training_reproducible|latest_test_assembly_reproducible|prefix|research_private_safe_anchor|verdict|verdict_reasons,1787663324783827600,no,no
research/strategies/results/BLOCK4_SAF/alpha_curve.csv,alpha_curve.csv,.csv,metrics_or_diagnostics,run_metrics_or_diagnostics,1070,dd997c81135657edd69d5347d45c3aa8eeed36ae8121e29a2ab53ec052b9bc78,team_a:exp_039,columns=alpha|rmsle_20250904|delta_20250904|rmsle_20250918|delta_20250918|rmsle_20251002|delta_20251002|rmsle_20251016|delta_20251016|delta_wcv_insample,1787309045299758800,no,no
research/strategies/results/BLOCK4_SAF/fold_20250904_train.json,fold_20250904_train.json,.json,fold_artifact,unclassified,2900,c3fce0001a96b1e5d9462f4d53c31f6930bc894de7694779293861db2459f2c4,team_a:exp_039,keys=q|crossfit|C|F|V,1787307204690868300,no,no
research/strategies/results/BLOCK4_SAF/fold_20250918_train.json,fold_20250918_train.json,.json,fold_artifact,unclassified,3144,1bb21704005ddb5fd8805c7b6e808287652e23671bdd683a02a095ee04ea08a4,team_a:exp_039,keys=q|crossfit|C|F|V,1787307521838232100,no,no
research/strategies/results/BLOCK4_SAF/fold_20251002_train.json,fold_20251002_train.json,.json,fold_artifact,unclassified,3388,a64d6789255bbb3724c4fb0db736cf2d9ad325f01991fe7bd332092a18c283ff,team_a:exp_039,keys=q|crossfit|C|F|V,1787307908814953000,no,no
research/strategies/results/BLOCK4_SAF/fold_20251016_train.json,fold_20251016_train.json,.json,fold_artifact,unclassified,3632,6c26f54f25a3b8b0db2d4b81684800fe0213b0e195ea6357e450b5c53a75da5d,team_a:exp_039,keys=q|crossfit|C|F|V,1787308379013570000,no,no
research/strategies/results/BLOCK4_SAF/fold_diagnostics.csv,fold_diagnostics.csv,.csv,fold_artifact;metrics_or_diagnostics,run_metrics_or_diagnostics,1709,9610a2d7b2e2386d69a85171df352158ecafe276a28e27c77e661b3386b807f4,team_a:exp_039,columns=fold|baseline_rmsle|honest_rmsle|honest_delta|heldout_alpha|purchase_auc_base|purchase_auc_new|conditional_rmse_nu_C_A1|conditional_rmse_nu_F_A1|var_delta|corr_delta_residual|corr_residuals|corr_conditional_residuals_A1|share_abs_delta_gt_0.1|share_abs_delta_gt_0.25|share_abs_delta_gt_0.5|auc|logloss|brier,1787309045299758800,no,no
research/strategies/results/BLOCK4_SAF/q_metrics.csv,q_metrics.csv,.csv,metrics_or_diagnostics,run_metrics_or_diagnostics,306,c7fe9f2a27b99f6373281b97f36835fc5816a3c8b40d99130675a9c818c64927,team_a:exp_039,columns=fold|auc|logloss|brier,1787309045296984000,no,no
research/strategies/results/BLOCK4_SAF/summary.json,summary.json,.json,metrics_or_diagnostics,run_metrics_or_diagnostics,659,dbe993318b91170b51c6469da11af2b8cf6ad04e48f6245fdc47d25e84d35cad,team_a:exp_039,keys=verdict|reasons|honest_lofo_delta_wcv|honest_fold_deltas|heldout_alphas|alpha_range|alpha_production|shuffle_delta_wcv|test_var_ratio|test_regime_pass|submission|audit,1787309046089410100,no,no
research/strategies/results/BLOCK4_SAF/test_delta_segments.csv,test_delta_segments.csv,.csv,test_prediction,test_prediction,1913,46a7eb4927b58911b1f9dbcc1ab128df1d80ac403c9a57e9481ad77aab1dab61,team_a:exp_039,columns=segment|n|mean|std|var|q0|q0.005|q0.01|q0.05|q0.25|q0.5|q0.75|q0.95|q0.99|q0.995|q1,1787309045489288300,no,no
research/strategies/results/BLOCK4_SAF/validation.json,validation.json,.json,metrics_or_diagnostics,run_metrics_or_diagnostics,16153,6753b4ca3fc15347d749d4c6efcdb3326b0b3c75fc77357c7199a2f3d0ecffdc,team_a:exp_039,keys=main_lofo|shuffle_lofo|seed_control|winsor_bounds|shuffle_bounds|seed_bounds|preprocess|shuffle_preprocess|q_metrics|fold_diagnostics|segments|alpha_production,1787309045229744200,no,no
research/strategies/results/BTYD05_PROD_EXP050/summary.json,summary.json,.json,metrics_or_diagnostics,run_metrics_or_diagnostics,406,5ca059f6fa87cefff5924d34cbeefcda41decf70122eba808b8e1fd1d3f15cac,component_family:btyd;team_a:exp_050,keys=btyd_production_status|experiment|failed_donor_group|fresh_parity_status|reasons|submission_status|test_support_status|validation_status,1787516531407306000,no,no
research/strategies/results/BTYD_DAY_BGNBD/artifact_manifest.json,artifact_manifest.json,.json,manifest,unclassified,8480,e8170d880a92a145e313b8765393e3082f4bc70cb0759d5e7b29b65e0405b2ab,component_family:btyd;team_a:exp_047,keys=count|experiment|files|prefix,1787501632896497300,no,no
research/strategies/results/BTYD_DAY_BGNBD/count_metrics.csv,count_metrics.csv,.csv,metrics_or_diagnostics,run_metrics_or_diagnostics,1007,e82f008e9c28fc7b464eb83da5ee07e6f489321f6be23e2b11a593a2d4347069,component_family:btyd;team_a:exp_047,columns=fold|n|mean_expected_count|mean_actual_count|mae_count|rmse_count|count_log_score|auc_any_purchase|brier_any_purchase|p_alive_mean|p_alive_q05|p_alive_q50|p_alive_q95,1787501624519635900,no,no
research/strategies/results/BTYD_DAY_BGNBD/fixed_weight_curve.csv,fixed_weight_curve.csv,.csv,metrics_or_diagnostics,run_metrics_or_diagnostics,1207,c907c3263d53c05045a4bccc57552b1638142481a44d56f5aa7dff4497d40b2e,component_family:btyd;team_a:exp_047,columns=weight|wcv_calibrated|delta_wcv_calibrated|wcv_raw|fold_calibrated|fold_raw,1787501624517161200,no,no
research/strategies/results/BTYD_DAY_BGNBD/prediction_diagnostics.csv,prediction_diagnostics.csv,.csv,metrics_or_diagnostics,run_metrics_or_diagnostics,657,d9accd27bc292383876d0fa84120566d9a8ca1cef57590dfde807df79bf2d244,component_family:btyd;team_a:exp_047,columns=fold|n|mean_correction|var_correction|residual_alignment|pearson_predictions|spearman_predictions|residual_correlation,1787501624518161000,no,no
research/strategies/results/BTYD_DAY_BGNBD/prediction_diagnostics.json,prediction_diagnostics.json,.json,metrics_or_diagnostics,run_metrics_or_diagnostics,2265,2a2c70cd31332ad7abe0673da2003df7df814d30c7218e827b91897903dadb71,component_family:btyd;team_a:exp_047,keys=corr_centered_correction_vs_calibrated_base_residual|correction_quantiles_raw|fold_rows|folds_positive_residual_alignment|mean_correction_fold_centered|mean_correction_raw|n|outer_selected_weights|pearson_predictions|spearman_predictions|var_z_btyd_minus_strongest,1787501624518161000,no,no
research/strategies/results/BTYD_DAY_BGNBD/standalone_metrics.json,standalone_metrics.json,.json,metrics_or_diagnostics,run_metrics_or_diagnostics,4937,b215184bf9b0a4728bd20f1a926e85c01bf6025154df9b151d30c2348dc982d0,component_family:btyd;team_a:exp_047,keys=base|btyd,1787501624516160100,no,no
research/strategies/results/BTYD_DAY_BGNBD/summary.json,summary.json,.json,metrics_or_diagnostics,run_metrics_or_diagnostics,12776,884e4f423716e21a2923bc36091ac82b513c431274e2cfd3c8fa8cec58ff5468,component_family:btyd;team_a:exp_047,keys=PROMOTE_TO_PRODUCTION_EXPERIMENT|base_report|count_metrics|decision_reasons|experiment|experiment_number|fixed_weight_curve|folds|nested_better_folds|nested_delta_wcv|nested_fold_deltas|nested_fold_scores|nested_lofo_wcv|outer_selected_weights|positive_residual_alignment_folds|prediction_diagnostics|rows|standalone_btyd_report|verdict,1787501624515153500,no,no
research/strategies/results/BTYD_STABLE_EXP051/artifact_manifest.json,artifact_manifest.json,.json,manifest,unclassified,11117,39d0335b88d2cedc8bdb2d0d295afb738de56dbdf78307fd534f793b0113b6d7,component_family:btyd;team_a:exp_051,keys=count|experiment|files|prefix,1787517904808077800,no,no
research/strategies/results/BTYD_STABLE_EXP051/count_metrics.csv,count_metrics.csv,.csv,metrics_or_diagnostics,run_metrics_or_diagnostics,1004,5503610a4d68cf635e861acdbc1b68750d50ef82f2e173177de8aeb0759a3b6c,component_family:btyd;team_a:exp_051,columns=fold|n|mean_expected_count|mean_actual_count|mae_count|rmse_count|count_log_score|auc_any_purchase|brier_any_purchase|p_alive_mean|p_alive_q05|p_alive_q50|p_alive_q95,1787517351280900900,no,no
research/strategies/results/BTYD_STABLE_EXP051/fixed_weight_curve.csv,fixed_weight_curve.csv,.csv,metrics_or_diagnostics,run_metrics_or_diagnostics,1210,ce1f2e91087a1419e4e7d33c240329f2000b83f83e633dbfe9202d2b96980d68,component_family:btyd;team_a:exp_051,columns=weight|wcv_calibrated|delta_wcv_calibrated|wcv_raw|fold_calibrated|fold_raw,1787517351270717700,no,no
research/strategies/results/BTYD_STABLE_EXP051/oof_predictive_stability.json,oof_predictive_stability.json,.json,oof_prediction,out_of_fold_prediction,4559,7889a7892f3e3e04f462bdc55bad2e243cc5f5874f97e10570957041faa261c8,component_family:btyd;team_a:exp_051,keys=fit_rows|fold_rows|gates|maxima|policy_id|status,1787517509050917100,no,no
research/strategies/results/BTYD_STABLE_EXP051/prediction_diagnostics.csv,prediction_diagnostics.csv,.csv,metrics_or_diagnostics,run_metrics_or_diagnostics,660,f24ffadbaf4b68a7bc35b5bbb20680179d56f0d201e334e334604050eac96c9f,component_family:btyd;team_a:exp_051,columns=fold|n|mean_correction|var_correction|residual_alignment|pearson_predictions|spearman_predictions|residual_correlation,1787517351270717700,no,no
research/strategies/results/BTYD_STABLE_EXP051/prediction_diagnostics.json,prediction_diagnostics.json,.json,metrics_or_diagnostics,run_metrics_or_diagnostics,2265,1a20f3a1809b0a08015e4fa3f9b26b40b17b2e5d9ba8f76d1795b4012c3f5f21,component_family:btyd;team_a:exp_051,keys=corr_centered_correction_vs_calibrated_base_residual|correction_quantiles_raw|fold_rows|folds_positive_residual_alignment|mean_correction_fold_centered|mean_correction_raw|n|outer_selected_weights|pearson_predictions|spearman_predictions|var_z_btyd_minus_strongest,1787517351270717700,no,no
research/strategies/results/BTYD_STABLE_EXP051/standalone_metrics.json,standalone_metrics.json,.json,metrics_or_diagnostics,run_metrics_or_diagnostics,4931,6fd8af4399f8c8b528b8059a6fe9c10d304a7db538af6122052750a28e9b415c,component_family:btyd;team_a:exp_051,keys=base|btyd,1787517351270717700,no,no
research/strategies/results/BTYD_STABLE_EXP051/submission_verification.json,submission_verification.json,.json,submission,competition_submission_or_candidate,1295,557b7dbef416023c2e366649e59e39964b9e935c31a4d5d881176b369983e594,component_family:btyd;team_a:exp_051,keys=columns|duplicate_users|finite|level_shift|mean_log1p_disk|missing_users|nonnegative|path|prediction|raw_candidate_sha256|reference_path|reference_sha256|rows|sha256|zero_fraction,1787517565102108300,no,no
research/strategies/results/BTYD_STABLE_EXP051/summary.json,summary.json,.json,metrics_or_diagnostics,run_metrics_or_diagnostics,2270,656de20b0a1718b22a6921212953e59f4b14366eda988ff688722d3562aab55f,component_family:btyd;team_a:exp_051,keys=btyd_production_status|experiment|experiment_number|fresh_parity_status|fresh_retrain_status|oof_nested_delta_wcv|oof_nested_fold_deltas|oof_positive_residual_alignment_folds|oof_predictive_stability|optimizer_policy_id|recipe|submission|submission_status|test_predictive_stability|test_support_status|validation_status|variance_ratio,1787517565102108300,no,no
research/strategies/results/BTYD_STABLE_EXP051/summary_oof.json,summary_oof.json,.json,metrics_or_diagnostics;oof_prediction,out_of_fold_prediction,12770,bd087a52848cd55d0075c26cb64afc23542ab4879006691d816377bab9b267c7,component_family:btyd;team_a:exp_051,keys=PROMOTE_TO_PRODUCTION_EXPERIMENT|base_report|count_metrics|decision_reasons|experiment|experiment_number|fixed_weight_curve|folds|nested_better_folds|nested_delta_wcv|nested_fold_deltas|nested_fold_scores|nested_lofo_wcv|outer_selected_weights|positive_residual_alignment_folds|prediction_diagnostics|rows|standalone_btyd_report|verdict,1787517359731326100,no,no
research/strategies/results/BTYD_STABLE_EXP051/test_predictive_stability.json,test_predictive_stability.json,.json,test_prediction,test_prediction,982,b13e46d8ff42d6eb201fbe5275fe23d58a5fe8211bafef9492e647c8ecc58dac,component_family:btyd;team_a:exp_051,keys=centered_fixed_005_correction|maxima|policy_id|rows|status,1787517564875127700,no,no
research/strategies/results/BURST_GAP_EXP054/recipient_half_metrics.csv,recipient_half_metrics.csv,.csv,metrics_or_diagnostics,run_metrics_or_diagnostics,554,588acb43387c7676e2d358360eee234969514316de6e33ca0e70af3bec5fcb9a,component_family:gap;team_a:exp_054,columns=variant|direction|n_donor|n_recipient|selected_scale|baseline_rmsle|candidate_rmsle|delta|raw_probe_residual_corr|correction_residual_corr|recipient_user_overlap,1787576970757972200,no,no
research/strategies/results/BURST_GAP_EXP054/within_stratum_diagnostics.csv,within_stratum_diagnostics.csv,.csv,metrics_or_diagnostics,run_metrics_or_diagnostics,61265,38f442202f595ab236934718f6efc9406806fdf9786902624c5eadd9cf878e8c,component_family:gap;team_a:exp_054,columns=variable|fold|segment|quartile|n|p_y_positive|mean_log1p_y|strongest_signed_residual|etx_loss_minus_seq_loss,1787576627561312800,no,no
research/strategies/results/CHANNEL_SHAPLEY_SPLIT/CHANNEL_SHAPLEY_EXP052_baseline_manifest.json,CHANNEL_SHAPLEY_EXP052_baseline_manifest.json,.json,manifest,unclassified,4273,8f2d495055a31a6b2e9dbf54e6ae130d5629a3155efc84212c6abcc47030d7ba,team_a:exp_052,keys=components|experiment|fold_calibration|fold_scores_calibrated|fold_sizes|folds|formula|log_space_assembly|prediction_sha256|prefix|row_keys_sha256|status|target_sha256|test_prediction_or_submission_paths_accessed|tolerance|wcv|weight_sum,1787525311727385200,no,no
research/strategies/results/CHANNEL_SHAPLEY_SPLIT/CHANNEL_SHAPLEY_EXP052_fold_channel_statistics.csv,CHANNEL_SHAPLEY_EXP052_fold_channel_statistics.csv,.csv,fold_artifact,unclassified,2260,d92a89215276fc05ac980c365c4c1466daad5165caf62979cd4f23a6c463e4b4,team_a:exp_052,columns=fold|scope|n|gmv_share_search|gmv_share_catalog|zero_rate_s|zero_rate_c|zero_rate_total|regime_neither|regime_search_only|regime_catalog_only|regime_both|pearson_logsc_all|spearman_logsc_all|pearson_logsc_total_positive|spearman_logsc_total_positive|pearson_logsc_both_positive|spearman_logsc_both_positive|past90_future_u_pearson|past90_future_u_spearman|switch_rate,1787525406969727900,no,no
research/strategies/results/CHANNEL_SHAPLEY_SPLIT/CHANNEL_SHAPLEY_EXP052_pilot_model_manifest.json,CHANNEL_SHAPLEY_EXP052_pilot_model_manifest.json,.json,manifest,unclassified,113771,78b77d13d002cf61eb0e51e801dd052893367fde4307026caf07736641910d4d,team_a:exp_052,keys=configs|direct_total_head|features|fold|models|n_features|permutation_sha256|real_shuf_matrix_identity|rounds|shuffle|status|target_hashes,1787526013598843500,no,no
research/strategies/results/CHANNEL_SHAPLEY_SPLIT/CHANNEL_SHAPLEY_EXP052_summary.json,CHANNEL_SHAPLEY_EXP052_summary.json,.json,metrics_or_diagnostics,run_metrics_or_diagnostics,21067,1a1c5abfd4f4a117de2703d2998640283850a8d4a87130c2e11591a710ffcf11,team_a:exp_052,keys=analysis_replay_sha256|baseline|canonical_result_sha256|daily_audit|experiment|experiment_number|frame_artifact_sha256|full_folds_run|oracle|pilot|predictability|prefix|preflight|promote_to_full_folds|public_lb_accessed|runtime_seconds|submission_created|target_audit_status|target_identity|test_inference_run|test_paths_accessed|verdict,1787526022726726300,no,no
research/strategies/results/ETX1/fold_V1016.csv,fold_V1016.csv,.csv,fold_artifact,unclassified,2787,98cc0f0ad950e7806c22b847fc63423f68282bb939dcbf2b8a77bbbba97bf595,component_family:etx;team_a:exp_036,columns=exp|fold|n|offset|rmsle|rmsle_cal|d_rmsle_cal|auc|d_auc|var_vs_base|var_vs_distmix|corr_pred|corr_pred_distmix|corr_resid|corr_resid_distmix|mean_z|std_z,1787180973450090300,no,no
research/strategies/results/ETX1/make_submission.sh,make_submission.sh,.sh,code;config_or_parameter_source;inference_script;submission,competition_submission_or_candidate,2070,18ee203f76d83ed774aed9d13f6b4b2d31d747c902640f16e768c30e58fd1277,component_family:etx;team_a:exp_036,unknown,1787199968269094500,no,no
research/strategies/results/ETX1/test_regime_by_activity.csv,test_regime_by_activity.csv,.csv,test_prediction,test_prediction,238,101f2e4e705d5f7c3cc3e4e07d713b00005b5ea7853d759fa960fc143a28d11a,component_family:etx;team_a:exp_036,columns=events|share_test|var_test|var_fold|ratio,1787206260558341600,no,no
research/strategies/results/ETX1/test_regime_check.csv,test_regime_check.csv,.csv,test_prediction,test_prediction,665,29ac87eafb7850a449d61acfcd68aa308cc82307ead80c9defabc51f61a25e3f,component_family:etx;team_a:exp_036,columns=pair|kind|oof|test|ratio,1787206260548736700,no,no
research/strategies/results/ETX2/make_submission.sh,make_submission.sh,.sh,code;config_or_parameter_source;inference_script;submission,competition_submission_or_candidate,2529,67f12fcf48d647f16b0eea2af056c6ac22e3501e5bc0b8ed203a9f2341cbdf4c,component_family:etx;team_a:exp_037,unknown,1787213863414561000,no,no
research/strategies/results/ETX2/summary.csv,summary.csv,.csv,metrics_or_diagnostics,run_metrics_or_diagnostics,854,dd1cc93a56daf60d587007410f49a8661c4698a96ba541b22c180c55fb718f1c,component_family:etx;team_a:exp_037,columns=model|2025-09-04|2025-09-18|2025-10-02|2025-10-16|wcv|auc|var_vs_SEQ-AVG3|var_vs_tab|corr_resid_tab,1787228899745847200,no,no
research/strategies/results/EVENT_ORDER_EXP064/fold_metrics.csv,fold_metrics.csv,.csv,fold_artifact;metrics_or_diagnostics,run_metrics_or_diagnostics,1052,044622a5cd1d744506c863dd82d5ccbaad8560936db94644f19f1ac090d98ed9,team_a:exp_064,columns=cutoff|fold_index|arm|n|base_score|candidate_score|delta|correction_std|correction_residual_corr,1787616213690641300,no,no
research/strategies/results/EVENT_ORDER_EXP064/scale_curves.csv,scale_curves.csv,.csv,metrics_or_diagnostics,run_metrics_or_diagnostics,7746,11967676403e4067340f88da02edf204af2742048094de732ee60b767b33442a,team_a:exp_064,columns=cutoff|arm|recipient_side|scale|donor_score|selected|n_donor|n_recipient,1787616213691955800,no,no
research/strategies/results/EVENT_ORDER_EXP064/segment_metrics.csv,segment_metrics.csv,.csv,metrics_or_diagnostics,run_metrics_or_diagnostics,3934,bba330af2a170db0117079b9145a8a9d1579d2c31e21c46afd72fc14e97345e2,team_a:exp_064,columns=cutoff|arm|recipient_side|segment|n|base_score|candidate_score|delta,1787616213693280100,no,no
research/strategies/results/EVENT_ORDER_EXP064/summary.json,summary.json,.json,metrics_or_diagnostics,run_metrics_or_diagnostics,2423,4ad55d3c693da57f12fb166048237b96bc64eced0649d6e066c5f9120be81f3d,team_a:exp_064,keys=experiment_id|prefix|development_reference|baseline_wcv_expected|seed|feature_columns|control_columns|source_aligned_sha256|arms|runtime_s|decision,1787616214191148600,no,no
research/strategies/results/FINAL_INTEGRATION_EXP065/manifest.json,manifest.json,.json,manifest,unclassified,9048,442ba96c2ed536d8e0684d2a4daad4aed0b444ea63ff72abbb441aa63ceae5e9,team_a:exp_065,keys=experiment_id|prefix|development_reference|decision|candidate_A|candidate_B|candidate_pair|rebuild|regime_support|btyd_provenance|package_files,1787616457201654800,no,no
research/strategies/results/FINGERPRINT_EXP058/cohort_diagnostics.csv,cohort_diagnostics.csv,.csv,metrics_or_diagnostics,run_metrics_or_diagnostics,143943,d4df152c83925b817999955e7bba18d08b8717ffde69fbc2ca276ea0209abfc7,team_a:exp_058,columns=axis|cohort|n|rmsle_BASE_UNC|rmsle_PERM_FP|rmsle_REAL_FP|rmsle_STRONGEST|rmsle_PERM_SLOT|rmsle_REAL_SLOT|real_minus_perm_slot|real_minus_strongest,1787588035329289300,no,no
research/strategies/results/FINGERPRINT_EXP058/fingerprint_manifest.json,fingerprint_manifest.json,.json,manifest,unclassified,7503,2ca64f910319ecf175763ba51589ad35a2c98e4df6ce3046577ab68fc38a30ce,team_a:exp_058,keys=bijection|changed_fraction|feature_count_after|feature_count_before|kept_fields|mapping|mapping_sha256|marginals|removed_fields|seed|singleton_fraction|stratification|test_metadata|users,1787587170296660500,no,no
research/strategies/results/FINGERPRINT_EXP058/integrity_summary.json,integrity_summary.json,.json,metrics_or_diagnostics,run_metrics_or_diagnostics,70,ed1486655526356afdfaa0557d2e308639a0743eeeaaee29b8f669dc31fea012,team_a:exp_058,keys=critical_stop|full|sample,1787587154502012100,no,no
research/strategies/results/FINGERPRINT_EXP058/model_manifest.json,model_manifest.json,.json,checkpoint_or_model;manifest,trained_model_state,17964,85877bc6a56f4c113bc2407b90e701a3f4a02bf6fabc187472731e05c69d3483,team_a:exp_058,keys=base|perm|real|same_rows_features_config,1787587712872219000,no,no
research/strategies/results/FINGERPRINT_EXP058/summary.json,summary.json,.json,metrics_or_diagnostics,run_metrics_or_diagnostics,16361,de0e1334abd399a8efd4ff52e52a7a5f76cc24eb8c681c8f261b03c9a3bbd1dd,team_a:exp_058,keys=base_exact_replay|both_user_hash_halves_improve|experiment|feature_importance|fingerprints_after_novelty|fingerprints_before_novelty|fold|full_folds_run|gain_not_only_level|integrity_audit|invariant_under_incidence_matched_permutation|kept_fields|mean_delta_standalone|mechanism_correct|metrics|prefix|primary_deltas|public_lb_used|residual_alignment_corr|single_suspicious_field_only|test_inference_run|test_metadata_available|treatment_field_audit|var_delta_slot|var_delta_standalone|verdict,1787588035459053000,no,no
research/strategies/results/FNL1/curves.csv,curves.csv,.csv,metrics_or_diagnostics,run_metrics_or_diagnostics,5253,5145d491f2cd47f96e4cfcde1dfc0748d1e371292fd11b192ff4a433f63d3e14,component_family:fnl;team_a:exp_038,columns=exp|arm|lam|epoch|train_mse|train_aux|grad_norm|rmsle|rmsle_cal|bias|offset,1787286975210222500,no,no
research/strategies/results/FNL1/folds.csv,folds.csv,.csv,fold_artifact,unclassified,2546,9c39620fbac8fb9d23f990ba96072780f36de092ae054fe71e695774c639ca46,component_family:fnl;team_a:exp_038,columns=exp|arm|lam|n|rmsle|rmsle_cal|offset|bias|mean_z|std_z|rmsle_pos|rmsle_zero|auc_y30_pos|d_cal_vs_BASE|d_cal_vs_BUYCTRL|d_auc_vs_BASE|noise_floor|d_over_noise,1787286970020355900,no,no
research/strategies/results/FRESH_CONTRAST/fixed_curves.csv,fixed_curves.csv,.csv,metrics_or_diagnostics,run_metrics_or_diagnostics,14694,6591360903deed8bfe5da9b528f61d03aa54c1e597bde51200f5d02c7556b1e0,component_family:fresh;team_a:exp_040,columns=contrast|fold|fold_index|variant|alpha|score|baseline|delta|offset|winsor_lo|winsor_hi|clipped_fraction|bounds_folds,1787320738320489800,no,no
research/strategies/results/FRESH_CONTRAST/fixed_summary.csv,fixed_summary.csv,.csv,metrics_or_diagnostics,run_metrics_or_diagnostics,2414,1aa15d05e5045a76e09ce5255e1ece61f0e1e452d6cda17a3d5cb2eae0b2cc05,component_family:fresh;team_a:exp_040,columns=contrast|variant|alpha|delta_wcv|improved_folds|delta_20250904|delta_20250918|delta_20251002|delta_20251016,1787320738320489800,no,no
research/strategies/results/FRESH_CONTRAST/fold_diagnostics.csv,fold_diagnostics.csv,.csv,fold_artifact;metrics_or_diagnostics,run_metrics_or_diagnostics,2288,92556d42c25df70bc9e9e3b8ff9c979b427554930b47d09feeae42d6995d35e3,component_family:fresh;team_a:exp_040,columns=fold|baseline_rmsle_cal|candidate_rmsle_cal|delta|selected_variant|selected_alpha|var_d_fresh|var_d_vol|corr_d_fresh_residual|corr_d_vol_residual|corr_selected_residual|corr_fresh_vol|corr_residuals|auc_base|auc_candidate|positive_rmse_base|positive_rmse_candidate|correction_mean|correction_std|correction_p01|correction_p05|correction_p50|correction_p95|correction_p99|clipped_fraction,1787320738322983500,no,no
research/strategies/results/FRESH_CONTRAST/summary.json,summary.json,.json,metrics_or_diagnostics,run_metrics_or_diagnostics,684,b9beba9f3cf0468a008a76eb52413d081e1e78501b760090b5f84cb14960d528,component_family:fresh;team_a:exp_040,keys=experiment|two_sided_crossfit|baseline_wcv|fresh_nested_lofo_delta|vol_nested_lofo_delta|fresh_minus_vol|fresh_improved_folds|fold_20251016_delta|hash_group_delta|hash_same_negative_sign|validation_decision|reasons|production_choice_if_eligible|test_regime|submission,1787320738316913300,no,no
research/strategies/results/FRESH_CONTRAST/validation.json,validation.json,.json,metrics_or_diagnostics,run_metrics_or_diagnostics,19628,33a1478438b23ed7aabd1246e70deb47497b38db64ecbfd3e3b277e951d9f7d7,component_family:fresh;team_a:exp_040,keys=summary|fresh_nested|vol_nested|fresh_fixed|vol_fixed,1787320738316913300,no,no
research/strategies/results/HOLIDAY-YOY/diagnostic_metrics.csv,diagnostic_metrics.csv,.csv,metrics_or_diagnostics,run_metrics_or_diagnostics,2542,f960e3a2b8c77b8bc0e8a38cbd21680e2383d4a54fad7cb9b0ebfb9ce4830ba3,team_a:exp_023,columns=probe|metric|n|n_both_history|history_share|pearson_all|pearson_history|spearman_history|auc_positive_2026|slope_crossfit|mse_baseline|mse_yoy|r2_oos,1786559687978877100,no,no
research/strategies/results/HOLIDAY-YOY/diagnostic_summary.json,diagnostic_summary.json,.json,metrics_or_diagnostics,run_metrics_or_diagnostics,947,8b9882b1f902f9d43373e5a3585a75ab254e349dfec8fa6008cd81e85bf82477,team_a:exp_023,keys=method|yoy_window|placebo_window|yoy|placebo|signal_pass|leakage_audit,1786559689427868800,no,no
research/strategies/results/HOLIDAY-YOY/fast_cv_folds.csv,fast_cv_folds.csv,.csv,fold_artifact,unclassified,599,600ec5f1b83805c2471b4c015119e462d054bae08f2a65e8bbb8bb26a3980604,team_a:exp_023,columns=fold|base_rmsle_cal|new_rmsle_cal|delta_rmsle|base_auc|new_auc|delta_auc,1786566254882671200,no,no
research/strategies/results/HOLIDAY-YOY/fast_summary.json,fast_summary.json,.json,metrics_or_diagnostics,run_metrics_or_diagnostics,1331,6b30c1958b920b05ce3d7c6c95d4a41be71b503a7b5f6e3aed55a30f2da5d1cc,team_a:exp_023,keys=variant|method|betas_yoy_minus_placebo|weights_unchanged|level|submission_level|base_wcv|new_wcv|delta_wcv|base_fold_cal|new_fold_cal|base_auc|new_auc|delta_auc|var_z_new_minus_base|test_var_adjustment|test_max_abs_adjustment|test_no_history_share|diagnostic_signal_pass|decision|submission,1786566258858169900,no,no
research/strategies/results/LANDMARK_MEMORY_EXP055/memory_correlation_diagnostics.csv,memory_correlation_diagnostics.csv,.csv,metrics_or_diagnostics,run_metrics_or_diagnostics,442,0791ab24992829a1cde0a12f47b9db168aaf230dc42a4775deb5304e55d324e2,team_a:exp_055,columns=direction|corr_target_nearest|corr_target_last|corr_residual_nearest_innovation|corr_residual_last_innovation|partial_corr_target_nearest|partial_corr_target_last|recipient_n,1787576844733619000,no,no
research/strategies/results/LANDMARK_MEMORY_EXP055/memory_summary_manifest.json,memory_summary_manifest.json,.json,manifest;metrics_or_diagnostics,run_metrics_or_diagnostics,5983,003b3fcd20bbb69a8153389d26a35d8063abc093eb11f6798474bbfdde664b94,team_a:exp_055,list_length=2,1787576269808513200,no,no
research/strategies/results/LANDMARK_MEMORY_EXP055/preflight_direction_metrics.csv,preflight_direction_metrics.csv,.csv,metrics_or_diagnostics,run_metrics_or_diagnostics,2106,3257c107da06539109eaa84127e47b8314e180504ed9cf68e1ebdac5eec0be0e,team_a:exp_055,columns=variant|direction|donor_side|recipient_side|n_donor|n_recipient|selected_scale|winsor_p01|winsor_p99|base_score|candidate_score|delta|base_offset|candidate_offset|residual_alignment|recipient_labels_in_training|recipient_user_overlap,1787576844731484100,no,no
research/strategies/results/LANDMARK_MEMORY_EXP055/preflight_pooled_metrics.csv,preflight_pooled_metrics.csv,.csv,metrics_or_diagnostics,run_metrics_or_diagnostics,694,8b4df7a12e189c34fb7ed5d69d3a364cc0d8d111413c22eac7d937412b881510,team_a:exp_055,columns=variant|base_score|score|delta|selected_scales|half_deltas|half_alignments,1787576844734681500,no,no
research/strategies/results/LANDMARK_MEMORY_EXP055/summary.json,summary.json,.json,metrics_or_diagnostics,run_metrics_or_diagnostics,5955,cd07e099289fb6bc6d7c48ef34673ae0e59046314c6bc41d18f825ae8352b324,team_a:exp_055,keys=base_head|baseline_fold_2025_10_16|baseline_wcv|experiment_id|name|paired_contract|pilot_started|pilot_status|preflight|promote_to_full_folds|public_lb|runtime_s|submission|test_inference,1787577000248648500,no,no
research/strategies/results/LATE_SSL_EXP056/domain_shift_summary.json,domain_shift_summary.json,.json,metrics_or_diagnostics,run_metrics_or_diagnostics,5173,0639beed10cf9c5aae91e3e2193617b70322f069f1df3e44bc8d3e833573e154,team_a:exp_056,keys=classifier_excluded|classifier_features|experiment|frozen_embedding_file_sha256|frozen_etx_embedding_mmd|pairs|plan_frozen_before_audit|target_free,1787587623151498500,no,no
research/strategies/results/LATE_SSL_EXP056/fixed_slot_metrics.csv,fixed_slot_metrics.csv,.csv,metrics_or_diagnostics,run_metrics_or_diagnostics,762,3b8af406d748e4ba53c2cff6c0981abaafb9117961c3fca8695b9165471751b4,team_a:exp_056,columns=model|n|rmsle_raw|rmsle_cal|offset|auc|rmsle_zero|rmsle_positive|mse_zero_contribution|mse_positive_contribution|mean_z_raw|mean_z_cal,1787593333302489400,no,no
research/strategies/results/LATE_SSL_EXP056/standalone_metrics.csv,standalone_metrics.csv,.csv,metrics_or_diagnostics,run_metrics_or_diagnostics,745,4ab3effed9c7fd561320fb9788aa1fa169081197090462adea5db134960840dd,team_a:exp_056,columns=model|n|rmsle_raw|rmsle_cal|offset|auc|rmsle_zero|rmsle_positive|mse_zero_contribution|mse_positive_contribution|mean_z_raw|mean_z_cal,1787593333301488700,no,no
research/strategies/results/LATE_SSL_EXP056/summary.json,summary.json,.json,metrics_or_diagnostics,run_metrics_or_diagnostics,6679,7d761984699c0d122dcb36436ba05e0779fd93f2b2ecf69b8cc0156ff4004597,team_a:exp_056,keys=PROMOTE_TO_FULL_FOLDS|checkpoint_sha256|clean_direct_rehearsal_mse|embedding_mmd|experiment|fixed_slot|gates|n|paired|primary_validation|prohibited|standalone|training|user_halves|validation_order_sha256|verdict,1787593333310487900,no,no
research/strategies/results/LATE_SSL_EXP056/user_half_metrics.csv,user_half_metrics.csv,.csv,metrics_or_diagnostics,run_metrics_or_diagnostics,390,571a4ad9d99776e66d05607ea83c698538b5ed0ad0ac21f8bbdf2eea34ec02b7,team_a:exp_056,columns=half|n|control|late|standalone_delta|base_slot|late_slot|slot_delta|residual_alignment,1787593333302489400,no,no
research/strategies/results/LATEST_DELTA_COMPAT_EXP066_A1/fixed_curves.csv,fixed_curves.csv,.csv,metrics_or_diagnostics,run_metrics_or_diagnostics,1217,02c2b38b782d4e2f96516df0e864169e701aa5ed932f3c0b78582f48e6ddbcd8,team_a:exp_066,columns=family|status|alpha|wcv|delta_wcv|improved_folds|fold_2025_10_16_delta|reason,1787662921340446900,no,no
research/strategies/results/LATEST_DELTA_COMPAT_EXP066_A1/residual_diagnostics.csv,residual_diagnostics.csv,.csv,metrics_or_diagnostics,run_metrics_or_diagnostics,577,df7a8ac07fbfcea51d072a1eba963c77c72b8548d0836495bd4952f48b36d92e,team_a:exp_066,columns=family|status|var_delta|corr_delta_with_target_residual|prediction_corr_with_latest|residual_corr_with_latest|zero_error_delta|positive_error_delta|auc_y_positive|auc_delta|corr_occ_raw_X3_direction|corr_occ_meta_B_direction|reason,1787662921341444900,no,no
research/strategies/results/LATEST_DELTA_COMPAT_EXP066_A1/summary.json,summary.json,.json,metrics_or_diagnostics,run_metrics_or_diagnostics,2186,9f76dd322d0ae2f28f85c183490255833dbf7870e4137c9a0991123da25e0f49,team_a:exp_066,keys=experiment_id|prefix|date|experiment_type|training|verdict|primary_experiment_started|authoritative_latest_integration_result_present|canonical_latest_oof_present|required_columns|inventory|previous_integration_audit|documented_production_latest|family_status|cap_private_safety|native_second_line_diagnostic_run|test_regime_run|oof_candidates_marker|submission_created|leaderboard_uploaded,1787663033658752700,no,no
research/strategies/results/MHZ/folds.csv,folds.csv,.csv,fold_artifact,unclassified,370,762bcb4e406eb51e21a01ba4667771ac67cef8e12823550871afa75df5add244,component_family:mhz;team_a:exp_024,columns=model|2025-09-04|2025-09-18|2025-10-02|2025-10-16|wcv|d_base|d_mix,1786581214583441100,no,no
research/strategies/results/MIX9/make_submission.sh,make_submission.sh,.sh,code;config_or_parameter_source;inference_script;submission,competition_submission_or_candidate,1742,151cf8bedfd55dc009d26fd29e19133162d10fd2e74be00b3b85c875a73096d0,component_family:mix;team_a:exp_035,unknown,1787167571218789700,no,no
research/strategies/results/MIX9/verify_submission.py,verify_submission.py,.py,code;config_or_parameter_source;inference_script;submission,competition_submission_or_candidate,4891,359ce704546c6a83a08247c33829296fb78fcf3c35a315e5c85466fa44e5df59,component_family:mix;team_a:exp_035,unknown,1787166815965897500,no,no
research/strategies/results/OCCURRENCE_REVISIT_EXP063/fixed_and_nested_curves.csv,fixed_and_nested_curves.csv,.csv,metrics_or_diagnostics,run_metrics_or_diagnostics,5332,4da146bc42f4aebd215192fcd5cca787977487c93030bd63c062df557c325121,team_a:exp_063,columns=arm|alpha|cutoff|score|delta|fixed_wcv|selected_when_held,1787615821300835300,no,no
research/strategies/results/OCCURRENCE_REVISIT_EXP063/summary.json,summary.json,.json,metrics_or_diagnostics,run_metrics_or_diagnostics,3767,33863eb1b798c92a33e7089dd4cb3b0f1a3c1b5351e0ba9aa709f0a350afbd8f,team_a:exp_063,keys=experiment_id|prefix|development_reference|grid|audits|arms|real_minus_direct_control_nested_delta_wcv|decision,1787615821302097500,no,no
research/strategies/results/OPEN_FUNNEL_EXP061/fold_metrics.csv,fold_metrics.csv,.csv,fold_artifact;metrics_or_diagnostics,run_metrics_or_diagnostics,1052,044622a5cd1d744506c863dd82d5ccbaad8560936db94644f19f1ac090d98ed9,team_a:exp_061,columns=cutoff|fold_index|arm|n|base_score|candidate_score|delta|correction_std|correction_residual_corr,1787614780873023800,no,no
research/strategies/results/OPEN_FUNNEL_EXP061/scale_curves.csv,scale_curves.csv,.csv,metrics_or_diagnostics,run_metrics_or_diagnostics,7734,13d955ba56abae9816beb4fd0e8ad10ab2859a5ae7e6e6feec41091a99e4b9a5,team_a:exp_061,columns=cutoff|arm|recipient_side|scale|donor_score|selected|n_donor|n_recipient,1787614780874024000,no,no
research/strategies/results/OPEN_FUNNEL_EXP061/segment_metrics.csv,segment_metrics.csv,.csv,metrics_or_diagnostics,run_metrics_or_diagnostics,5806,d2fc6172c5e87d6bcbfba989637857e5b9d95c9d5ee77b0ad9b211e2084853d7,team_a:exp_061,columns=cutoff|arm|recipient_side|segment|n|base_score|candidate_score|delta,1787614780876024500,no,no
research/strategies/results/OPEN_FUNNEL_EXP061/summary.json,summary.json,.json,metrics_or_diagnostics,run_metrics_or_diagnostics,2401,6351e453f43e9808f20d31c852cdd2229ac6628ab3bee654a187ad275a3f57d0,team_a:exp_061,keys=experiment_id|prefix|development_reference|baseline_wcv_expected|folds|seed|feature_columns|control_columns|source_aligned_sha256|arms|decision,1787614781726127800,no,no
research/strategies/results/PLATFORM_DETREND_EXP062/fold_metrics.csv,fold_metrics.csv,.csv,fold_artifact;metrics_or_diagnostics,run_metrics_or_diagnostics,1048,ceaf1f515ce92cdd44317ace785bea3c7e1de42528275fe45659e8b09bbeebf1,team_a:exp_062,columns=cutoff|fold_index|arm|n|base_score|candidate_score|delta|correction_std|correction_residual_corr,1787615300756725700,no,no
research/strategies/results/PLATFORM_DETREND_EXP062/scale_curves.csv,scale_curves.csv,.csv,metrics_or_diagnostics,run_metrics_or_diagnostics,7709,ea092bb2e01dba50a8998c864f230ec195653d23c1cf69b25c6d522480dfd0d1,team_a:exp_062,columns=cutoff|arm|recipient_side|scale|donor_score|selected|n_donor|n_recipient,1787615300758411500,no,no
research/strategies/results/PLATFORM_DETREND_EXP062/segment_metrics.csv,segment_metrics.csv,.csv,metrics_or_diagnostics,run_metrics_or_diagnostics,5776,a308501a1e6a926aa2063e57690b16a8f7d4c5db1235068c6ee945ab02bf1954,team_a:exp_062,columns=cutoff|arm|recipient_side|segment|n|base_score|candidate_score|delta,1787615300760417600,no,no
research/strategies/results/PLATFORM_DETREND_EXP062/summary.json,summary.json,.json,metrics_or_diagnostics,run_metrics_or_diagnostics,2248,15154f3fd88353ffd1bc0684b19ed3529536303f935015d989236f289f02ba7e,team_a:exp_062,keys=experiment_id|prefix|development_reference|baseline_wcv_expected|seed|feature_columns|control_columns|source_aligned_sha256|arms|runtime_s|decision,1787615301263680000,no,no
research/strategies/results/RECENCY_RIDGE_PRED_EXP068_A1/member_manifest.json,member_manifest.json,.json,manifest,unclassified,7800,c4f33b2de8c9473cc367015f1fc65ae47b4362561dc5ee829effbc982ba471eb,component_family:ridge;team_a:exp_068,keys=historical_members|excluded_despite_name|raw_meta_columns|lineage|test_only_redundancy|submission_hashes,1787664670638703900,no,no
research/strategies/results/RECENCY_RIDGE_PRED_EXP068_A1/summary.json,summary.json,.json,metrics_or_diagnostics,run_metrics_or_diagnostics,949,d6ad67efdb9cbef7c9b28a7966fdf8172bc254cbfeacaf3de98038010e74bd93,component_family:ridge;team_a:exp_068,keys=prefix|verdict|phase_A|phase_B|phase_C|controls|test_regime|submission_created|leaderboard_upload|canonical_latest_oof_available|CAP_LINEAGE|public_lb_exact_csv|public_lb_family_recorded_unbound,1787664670645727300,no,no
research/strategies/results/RESIDUAL_SIGNAL_DISCOVERY/advantage_probe_metrics.csv,advantage_probe_metrics.csv,.csv,metrics_or_diagnostics,run_metrics_or_diagnostics,1121,936ac249ef04f5ab2a0f5b85fc43b18a44ef153e8df7638f5e887f79c5780dce,team_a:exp_053,columns=advantage_weighted_sign_accuracy|control|direction|mae|n_eval|n_train|pearson|prediction_std|rmse|sign_accuracy|spearman,1787570338561816400,no,no
research/strategies/results/RESIDUAL_SIGNAL_DISCOVERY/disagreement_summary.csv,disagreement_summary.csv,.csv,metrics_or_diagnostics,run_metrics_or_diagnostics,5282,709842d76bf31f1c186ac0aa2667ecfc75b285e31c9fc65636de235d92cbb679,team_a:exp_053,columns=feature|n|n_finite|mean|std|p01|p10|p50|p90|p99,1787570338549875900,no,no
research/strategies/results/RESIDUAL_SIGNAL_DISCOVERY/input_manifest.json,input_manifest.json,.json,manifest,unclassified,16699,86120c6268a80b0dcde0a054b92db1a150db60d1664996a1058cc78432a909b5,team_a:exp_053,keys=alignment_key|calibration_audit|core_components|duplicates|feature_caches|feature_manifest|finite_predictions|fold_sizes|folds|forbidden_inputs|missing_rows|n|optional_components|pact_artifacts|rmsle_diagnostics_frame|row_key_sha256|source_sha256|strata_sha256|target_sha256|zero2d_reconstruction,1787570338576985600,no,no
research/strategies/results/RESIDUAL_SIGNAL_DISCOVERY/late_fold_candidates.csv,late_fold_candidates.csv,.csv,fold_artifact,unclassified,1105,d3ebd64aa2085e4ab26080d54e2eea664826db024633dee7e32b2b0ece8d5b63,team_a:exp_053,columns=candidate|scope|n|base_rmsle|candidate_rmsle|delta_rmsle|base_mse|candidate_mse|delta_mse|base_offset|candidate_offset|variance_correction|mean_correction|corr_correction_residual,1787570338568761700,no,no
research/strategies/results/RESIDUAL_SIGNAL_DISCOVERY/recipient_half_metrics.csv,recipient_half_metrics.csv,.csv,metrics_or_diagnostics,run_metrics_or_diagnostics,3026,cd435702d951ca8f796a109d5efe34f371138c2e5f65e7d0d88c328e6da32d0d,team_a:exp_053,columns=candidate|scope|n|base_rmsle|candidate_rmsle|delta_rmsle|base_mse|candidate_mse|delta_mse|base_offset|candidate_offset|variance_correction|mean_correction|corr_correction_residual,1787570338567077000,no,no
research/strategies/results/RESIDUAL_SIGNAL_DISCOVERY/seed_winner_probe_metrics.csv,seed_winner_probe_metrics.csv,.csv,metrics_or_diagnostics,run_metrics_or_diagnostics,1523,e048edc6b3038329e0175fac4c7bfc48bf593a4e6e53ac69a3bd5f982fbb7a6a,team_a:exp_053,columns=advantage_weighted_accuracy|auc|brier|control|direction|feature_set|mean_probability|n_eval|n_train|target|weight_p10|weight_p99|weighted_auc|winner_rate,1787570338562814700,no,no
research/strategies/results/RESIDUAL_SIGNAL_DISCOVERY/segment_candidate_metrics.csv,segment_candidate_metrics.csv,.csv,metrics_or_diagnostics,run_metrics_or_diagnostics,11805,2d9bc527ca6d26ddac6210771a8a87e6658c6da622565fdc68e294767ab73992,team_a:exp_053,columns=candidate|segment|n|share_late|base_rmsle|candidate_rmsle|delta_rmsle,1787570338570809300,no,no
research/strategies/results/RESIDUAL_SIGNAL_DISCOVERY/summary.json,summary.json,.json,metrics_or_diagnostics,run_metrics_or_diagnostics,15309,44d87a78fcb67df2f54721e538b7522abcc43abf577919feb81698afc93d6228,team_a:exp_053,keys=cutoff_safe_predictability|decision|does_ensemble_design_leave_ge_0_001|does_this_explain_0_005_gap|experiment_id|late_fold_realized_gain|next_representation_bet|no_test_submission_leaderboard_paths_touched|oracle_headroom|past_residual|prefix|residual_signal_verdict|what_predicts_signed_residual,1787570338578741400,no,no
research/strategies/results/RESIDUAL_SIGNAL_DISCOVERY/winner_probe_metrics.csv,winner_probe_metrics.csv,.csv,metrics_or_diagnostics,run_metrics_or_diagnostics,2700,bc791b0ce3e70d85063bf2977232d426e6962c9d749653b03a852ecf10a6558a,team_a:exp_053,columns=advantage_weighted_accuracy|auc|brier|control|direction|feature_set|mean_probability|n_eval|n_train|target|weight_p10|weight_p99|weighted_auc|winner_rate,1787570338558754300,no,no
research/strategies/results/RIDGE15/blend_summary.csv,blend_summary.csv,.csv,metrics_or_diagnostics,run_metrics_or_diagnostics,1082,f0e7d4a7fd9a4eb491e26459efaea82b4d9b3495265559eeae6653b472a2e349,component_family:ridge,columns=blend|wcv|delta_wcv|auc|base_auc|folds_better|fold_delta|fold_raw_delta|var_vs_strongest|corr_residuals|corr_residuals_cal,1787338385527782200,no,no
research/strategies/results/RIDGE15/folds.csv,folds.csv,.csv,fold_artifact,unclassified,405,f0be44a01c3fbd61a176bf1d3f8e1454792b9ec4d13a00e79b0c4051a6e77413,component_family:ridge,columns=fold|n_train|n_val|lambda|rmsle_cal|rmsle_raw|runtime_s,1787338385527782200,no,no
research/strategies/results/RIDGE15/lambda_curve.csv,lambda_curve.csv,.csv,metrics_or_diagnostics,run_metrics_or_diagnostics,778,8fa342bce00d9b8e47e0e829f9d460459193443a0e6db0589524d7eb8838f295,component_family:ridge,columns=lambda|2025-09-04|2025-09-18|2025-10-02|2025-10-16|wcv|raw_wcv,1787338385527782200,no,no
research/strategies/results/RIDGE15/segment_summary.csv,segment_summary.csv,.csv,metrics_or_diagnostics,run_metrics_or_diagnostics,617,192816839851928deb1e752372ec8a6273b9afb19431f62fa398f0bb35cdbf76,component_family:ridge,columns=blend|segment|delta_rmsle_wcv|folds_better,1787338514533955500,no,no
research/strategies/results/RIDGE15/summary.json,summary.json,.json,metrics_or_diagnostics,run_metrics_or_diagnostics,6295,3a3f4ac142cd8b9d7b3b07d2e07c822ded0b7809a284acd11ca95ee6b8785fd5,component_family:ridge,keys=exp_id|seed|n_features|lambdas|lofo_lambda|production_lambda|ridge_wcv|ridge_fold_cal|ridge_fold_raw|ridge_auc|strongest_wcv|diversity|blends|verdict|selected_blend|production|runtime_s,1787338838063377600,no,no
research/strategies/results/SELMATCH_EXP048/audit_manifest.json,audit_manifest.json,.json,manifest,unclassified,9759,a5c87b5fd954a496ac54d76c36ad7bcfab3004f9306187968ce522a2b7b0af64,team_a:exp_048,keys=candidate_artifacts|competition_selection|components|fold_cal|fold_offsets|fold_sizes|folds|forbidden_actions|prediction_semantics|prediction_sha256|prefix|row_keys_sha256|rows|selection_source_dates|selection_variables|status|target_semantics|target_sha256|target_window_read_by_selection|wcv,1787510126044830300,no,no
research/strategies/results/SELMATCH_EXP048/level_shape_summary.csv,level_shape_summary.csv,.csv,metrics_or_diagnostics,run_metrics_or_diagnostics,1006,50e1b0a078fdf1a4674a55b81c9afa0beaf465094d666a1193ee6e1ec964d6b5,team_a:exp_048,columns=model|survivor_fixed_delta|survivor_shape_only_delta|level_component_fixed_minus_shape,1787510126130123400,no,no
research/strategies/results/SELMATCH_EXP048/slice_diagnostics.csv,slice_diagnostics.csv,.csv,metrics_or_diagnostics,run_metrics_or_diagnostics,836411,8ea4fea4812197e1c02c800bba508c52335a111e0f60540a7009bc711405e63d,team_a:exp_048,columns=fold|slice|calibration_mode|model|n|target_zero_rate|mean_log1p_target|mse_contribution_to_fold|rmsle|prediction_bias_mean_z_minus_ly|auc_y_positive|offset|delta_to_strongest|corr_candidate_correction_strongest_residual,1787510126128019500,no,no
research/strategies/results/SELMATCH_EXP048/summary.json,summary.json,.json,metrics_or_diagnostics,run_metrics_or_diagnostics,624,5ae7f12da39249938388de80532e009a70629d47f1fc74f9321e743b8e91fbb6,team_a:exp_048,keys=baseline_wcv|bootstrap_note|bootstrap_replicates|decision_gates|experiment|git_commit|min_ess_fraction|pi_ref|promote_to_production_audit|reference_limitation|shuffle_permutations|verdict,1787510126045830300,no,no
research/strategies/results/SELMATCH_EXP049/missing_k0_fold_inputs.csv,missing_k0_fold_inputs.csv,.csv,fold_artifact,unclassified,677,a3e4883f76d787dc8553c6da3f8ec4b8204f01c63dbb869b06f35f09df1418ff,team_a:exp_049,columns=fold|identified_base_mse|identified_candidate_mse|k1_n|k1_base_mse|k1_candidate_mse|k2_n|k2_base_mse|k2_candidate_mse|k3_n|k3_base_mse|k3_candidate_mse,1787512387827040400,no,no
research/strategies/results/SELMATCH_EXP049/same_fold_results.csv,same_fold_results.csv,.csv,fold_artifact,unclassified,9319,1c378af9fed2719a1ee5f4468abe5a8897e256b4560c5be20a9abccc9eb87f50,team_a:exp_049,columns=scheme|model|base_score|score|delta|fold_scores|fold_base_scores|fold_deltas|signs|improved_folds|fold_offsets|fold_base_offsets,1787512387821259600,no,no
research/strategies/results/SELMATCH_EXP049/summary.json,summary.json,.json,metrics_or_diagnostics,run_metrics_or_diagnostics,5827,e75e47cfe4885c45eefa1f90e6608352b6b01031a5154718f1765dd6ba46d20b,team_a:exp_049,keys=baseline_manifest|candidate|candidate_recipe|experiment|fold_weights|folds|methodological_error_exp048|no_training|pi_ref_k0|production_status|reference_kpos|shuffle_reporting_error_exp048|submission|validation_gate|verdict,1787512387829715700,no,no
research/strategies/results/SEQ/blend_curve.csv,blend_curve.csv,.csv,metrics_or_diagnostics,run_metrics_or_diagnostics,1161,d37882d95c81dea7639c7ba40db6bdbfc80358b31e59b42801281cf510873ed3,component_family:seq;team_a:exp_025,columns=w_seq|wcv|better|fold_0904|fold_0918|fold_1002|fold_1016,1786619841827957300,no,no
research/strategies/results/SEQ/fold_stability.csv,fold_stability.csv,.csv,fold_artifact,unclassified,324,17d32d7865552a248015d14b78be664d69184f6f7cbaefc5b1b55f9ddf9e0ded,component_family:seq;team_a:exp_025,columns=exp|cutoff|rmsle_cal|auc,1786620137996009900,no,no
research/strategies/results/SEQ/folds.csv,folds.csv,.csv,fold_artifact,unclassified,1617,27a2d8af6eeb7b595df02a8c96cee0440d7d3d6c02a5f7e62a3dd255b9181536,component_family:seq;team_a:exp_025,columns=exp|wcv|auc_w|auc_pooled|rmsle_0904|rmsle_0918|rmsle_1002|rmsle_1016|auc_0904|auc_0918|auc_1002|auc_1016,1786619839435759200,no,no
research/strategies/results/SEQ/segment_metrics.csv,segment_metrics.csv,.csv,metrics_or_diagnostics,run_metrics_or_diagnostics,6034,8f79d75e52e3b7564f75b5a1070271a79069b6afbf25ab3ecef6f1e894935877,component_family:seq;team_a:exp_025,columns=segment|exp|n|share|mse_share|rmsle|auc|rmsle_folds|auc_folds,1786620137995007300,no,no
research/strategies/results/SEQ2/blend_curve.csv,blend_curve.csv,.csv,metrics_or_diagnostics,run_metrics_or_diagnostics,6112,1a81a14116ff94ed90c5926610069e8ab1192a648342e1f99feb50617da383b8,component_family:seq;team_a:exp_025;team_a:exp_026,columns=exp|w_seq|wcv|better|f_0904|f_0918|f_1002|f_1016,1786635164908055400,no,no
research/strategies/results/SEQ2/fold_stability.csv,fold_stability.csv,.csv,fold_artifact,unclassified,457,38ffbf51fb38fba1eb3cc31d006e4c493da71d43a1e3e84c9ff1de05dbecd9f1,component_family:seq;team_a:exp_025;team_a:exp_026,columns=exp|cutoff|rmsle_cal|auc,1786635342959909400,no,no
research/strategies/results/SEQ2/segment_metrics.csv,segment_metrics.csv,.csv,metrics_or_diagnostics,run_metrics_or_diagnostics,8978,fae8090ddf47259308cc626227202776f79af04fc189fd15f555db9515aa269e,component_family:seq;team_a:exp_025;team_a:exp_026,columns=segment|exp|n|share|mse_share|rmsle|auc|rmsle_folds|auc_folds,1786635342958901100,no,no
research/strategies/results/SEQ3/alpha_curve.csv,alpha_curve.csv,.csv,metrics_or_diagnostics,run_metrics_or_diagnostics,1837,473e4665c089a9a64c69c9fd6e80c1be04264f02fc5508ace166f19955a13807,component_family:seq;team_a:exp_025;team_a:exp_028,columns=ckpt|panel|seed|extrap|alpha|rmsle_cal,1786643042440918400,no,no
research/strategies/results/SEQ3/stress_curve.csv,stress_curve.csv,.csv,metrics_or_diagnostics,run_metrics_or_diagnostics,11867,18339ac4f603ab3fd1ae718ead309c4dfbd6caa603cf38932436b18b859d324f,component_family:seq;team_a:exp_025;team_a:exp_028,columns=ckpt|seed|panel|depth|train_max|avail|extrap|over_train|rmsle|rmsle_cal|d_cal|auc|bias|mean_z|var_vs_clip,1786643041980313800,no,no
research/strategies/results/SEQ3/stress_summary.csv,stress_summary.csv,.csv,metrics_or_diagnostics,run_metrics_or_diagnostics,212,d86638fb755a74b321fcff3778e51224698d2ad128052de4959022e00fb5cd15,component_family:seq;team_a:exp_025;team_a:exp_028,columns=extrap|n|d_full|d_best|best_over,1786643041981441000,no,no
research/strategies/results/SEQ3/test_axes.csv,test_axes.csv,.csv,test_prediction,test_prediction,3009,7b0795f4f54d237da870712440711b933964070b0acfadaacb3bce649a61760b,component_family:seq;team_a:exp_025;team_a:exp_028,columns=pair|var|mean|std|pearson|spearman|p01|p05|p25|p50|p75|p95|p99|sh_010|sh_025|sh_050|exp_drmsle,1786643017093612900,no,no
research/strategies/results/SEQ3/test_segments.csv,test_segments.csv,.csv,test_prediction,test_prediction,960,39a190acacefdc800cad92870020bc657af6eb07744ff32a9c773f80d2017c66,component_family:seq;team_a:exp_025;team_a:exp_028,columns=segment|share|C''|A'|D|ИТОГО  отправленный -> провалившийся,1786643019336946400,no,no
research/strategies/results/SEQ4/availcurve_V1016.csv,availcurve_V1016.csv,.csv,metrics_or_diagnostics,run_metrics_or_diagnostics,3835,c1b426d5fa045e4ee7096c632cc7ab256a3db92ff5085ffbc90b01f2f779f773,component_family:seq;team_a:exp_025;team_a:exp_029,columns=ckpt|panel|aug|shift|n_zero_left|rmsle|rmsle_cal|offset|mean_z|var_vs_k0|corr_vs_k0|d_cal,1786663115846062500,no,no
research/strategies/results/SEQ4/fold_V1016.csv,fold_V1016.csv,.csv,fold_artifact,unclassified,836,0ce29c414ad670ba122c6bf7a2b3943ce974aa2ca9449074d2cd1862e1c0d8e8,component_family:seq;team_a:exp_025;team_a:exp_029,columns=exp|fold|n|offset|rmsle|rmsle_cal|d_rmsle_cal|auc|d_auc|var_vs_base|var_cal_vs_base|corr_resid|corr_pred|mean_z|std_z,1786663115847125600,no,no
research/strategies/results/SEQ5/folds.csv,folds.csv,.csv,fold_artifact,unclassified,1883,c15e4185f68cafcbdcaeca0128daf38205f142074d4033a2c83b116c3820c780,component_family:seq;team_a:exp_025,columns=fold|exp|n|offset|rmsle|rmsle_cal|d_rmsle_cal|auc|d_auc|var_vs_base|var_cal_vs_base|corr_pred|corr_resid|mean_z|std_z,1787033572553741100,no,no
research/strategies/results/SEQ5/VALIDATION_MAIN_AUDIT.md,VALIDATION_MAIN_AUDIT.md,.md,metrics_or_diagnostics,run_metrics_or_diagnostics,8351,2f38ffa63eee76d4b17ef4e63ecf0c3b76b057b0a15bed1195750c80c7322d0b,component_family:seq;team_a:exp_025,unknown,1787007987827268500,no,no
research/strategies/results/SEQ65_TEMPORAL_HEAVY/build_submission.py,build_submission.py,.py,code;config_or_parameter_source;ensemble_script;inference_script;submission,competition_submission_or_candidate,11233,d874c4fb6c7bd4543cb18df34d3792e76fcd609836a44daddb238df05890c58c,component_family:seq;team_a:exp_025,unknown,1787596782788605300,no,no
research/strategies/results/SEQ65_TEMPORAL_HEAVY/diagnostics.json,diagnostics.json,.json,metrics_or_diagnostics,run_metrics_or_diagnostics,4745,f3d8e428f85bd6230a83395e76c4355c6255a2d9985e73b8b16d1f58af6ce3c5,component_family:seq;team_a:exp_025,keys=purpose|base|only_structural_change|level|semantics|weights_grouped|component_hashes|champion_reconstruction|production_diagnostics|oof|submission,1787596796924297700,no,no
research/strategies/results/SEQ7/fold_avg.csv,fold_avg.csv,.csv,fold_artifact,unclassified,471,fd92020db6260c4b65dde04fc54bcd5941b13826283c6436852ae8dbc51710ef,component_family:seq;team_a:exp_025,columns=fold|w|n_seeds|avg|sd|lo|hi|wins,1787156998504543800,no,no
research/strategies/results/SEQ7/s04_folds.csv,s04_folds.csv,.csv,fold_artifact,unclassified,731,ac9b8532080f111056a2262c354c7bcb67e41e49bf4a25394aea0090ce1e0245,component_family:seq;team_a:exp_025,columns=fold|w|n|BASE-1HEAD|COND-CLEAN|COND-VOL|COND-FRESH|d_fresh|d_vol|poison,1787149261681831000,no,no
research/strategies/results/SEQ7/seed_folds.csv,seed_folds.csv,.csv,fold_artifact,unclassified,3267,4dc33ef60e7fec833d19bfc33ec898b7a081480485d74b31d38fd612472bac64,component_family:seq;team_a:exp_025,columns=seed|where|base|exp|fold|n|base_cal|exp_cal|delta|base_auc|d_auc|var_delta|corr_resid|off_base|off_exp,1787156998503474900,no,no
research/strategies/results/SEQ8/mix_diversity_folds.csv,mix_diversity_folds.csv,.csv,fold_artifact,unclassified,11847,3db98da2bae6d18f5475533e3410c5911501fac7ec1d8e56ce0bb7c742131bfc,component_family:mix;component_family:seq;team_a:exp_025,columns=fold|variant|corr_tab|var_div|solo|mix|mix_d|mix_vs_base|mix_d_vs_prod,1787163860356430500,no,no
research/strategies/results/SEQ8/prod_folds.csv,prod_folds.csv,.csv,fold_artifact,unclassified,1545,ce373f60996633abb12c8e1a2ab0cf30bbedd8791eea47df90c66173514aa961,component_family:seq;team_a:exp_025,columns=fold|w|BASE-1HEAD|DIST-TAB|DISTxCLEAN|DISTxVOL|DISTxFRESH|MHZ-B30xCLEAN|MHZ-B30xVOL|MHZ-B30xFRESH|MHZ-CNTxCLEAN|MHZ-CNTxVOL|MHZ-CNTxFRESH|S04LGBxCLEAN|S04LGBxVOL|S04LGBxFRESH|SEQxCLEAN|SEQxVOL|SEQxFRESH,1787163839383064900,no,no
research/strategies/results/STATE_REWEIGHT_EXP057/arm_shuffled_manifest.json,arm_shuffled_manifest.json,.json,manifest,unclassified,1457,09727215a5605bad22150eba7ed00e3c744050756f6e1eab41b39e1d8ea77aee,team_a:exp_057,keys=arm|early_stopping|feature_order_sha256|gpu_used|model_sha256|n_features|n_train|params|prediction_artifact|prediction_artifact_sha256|prediction_sha256|rounds|row_keys_sha256|rows_and_matrix|seed|train_target_sha256|weight_mean|weight_sha256|weight_sum,1787589462951900300,no,no
research/strategies/results/STATE_REWEIGHT_EXP057/arm_state_match_manifest.json,arm_state_match_manifest.json,.json,manifest,unclassified,1463,dee51de0ab3888685cf532c8c8ecd39bbd1358f1cf9a602767b4381717293625,team_a:exp_057,keys=arm|early_stopping|feature_order_sha256|gpu_used|model_sha256|n_features|n_train|params|prediction_artifact|prediction_artifact_sha256|prediction_sha256|rounds|row_keys_sha256|rows_and_matrix|seed|train_target_sha256|weight_mean|weight_sha256|weight_sum,1787595768353086700,no,no
research/strategies/results/STATE_REWEIGHT_EXP057/arms_manifest.json,arms_manifest.json,.json,manifest,unclassified,4117,38b868e63c332f953da08044cb084140abc1bce2bfa58593680b087bdd465307,team_a:exp_057,keys=feature_order_sha256|fold|gpu_used|prediction_artifact|prediction_sha256|row_keys_sha256|runtime_s|same_materialized_Xtr|same_rows_order_matrix_params_seed_rounds_threads|shuffled|state_matched|status|test_or_public_paths_read|train_target_sha256|uniform|weight_multiset_exact,1787595789008000400,no,no
research/strategies/results/STATE_REWEIGHT_EXP057/prediction_metrics.csv,prediction_metrics.csv,.csv,metrics_or_diagnostics,run_metrics_or_diagnostics,1549,2b8daf84486687465d08c56d97fc7f20fccc55a4372693077a14eb11d2a4c86d,team_a:exp_057,columns=predictor|offset|rmsle_cal|auc_positive|rmsle_positive_fixed_final_cal|rmsle_zero_fixed_final_cal|mean_z_raw|prediction_sha256|calibration_after_final_assembly|exact_replay,1787595790426234800,no,no
research/strategies/results/STATE_REWEIGHT_EXP057/segment_metrics.csv,segment_metrics.csv,.csv,metrics_or_diagnostics,run_metrics_or_diagnostics,1018,2d2217d7934194d63c010f23ecd77361181cf95a47eb53bfa61ab888ca91ae4c,team_a:exp_057,columns=segment|n|STRONGEST_CURRENT_fixed_final_cal|SHUFFLED_SLOT_fixed_final_cal|MATCHED_SLOT_fixed_final_cal|matched_minus_shuffled|matched_minus_strongest,1787595790435227200,no,no
research/strategies/results/STATE_REWEIGHT_EXP057/summary.json,summary.json,.json,metrics_or_diagnostics,run_metrics_or_diagnostics,5924,acab0b5d5f855b5e81677388c06d1aeea4db01d002c9d24017a26fd3dc9dcc7c,team_a:exp_057,keys=analysis_replay_sha256|both_user_halves_improve|calibration_after_final_ensemble|cap_dist_weighting_run|contrasts|decision|experiment|fold|full_folds_run|gpu_used|number|predictor_metrics|prefix|submission_created|ten_sixteen_improvement_not_just_level|test_inference_run|weight_support,1787595790452232200,no,no
research/strategies/results/STATE_REWEIGHT_EXP057/weights_manifest.json,weights_manifest.json,.json,manifest,unclassified,6505,20595008aa78a86d33abab7249163364cc843740dbf858de37ffd8012065efc4,team_a:exp_057,keys=adversarial_auc|class_prior_policy|crossfit|domain_params|domain_rounds|feature_names|feature_order_sha256|forbidden_features_present|gpu_used|matched_shuffled_multiset_exact|matched_sorted_sha256|models|n_features|odds_clip|permutation_sha256|probability_numeric_clip|repeated_rows_summary|runtime_s|shuffled_sorted_sha256|source_cutoffs|source_rows|status|target_day_audit|target_rows|target_used_by_domain_model|test_or_public_paths_read|tiny_weight_stratum_dominates|total_weight_matched|total_weight_shuffled|weights|weights_artifact|weights_sha256,1787586536190413800,no,no
research/strategies/results/STRATEGY_01/gap_curve_core.csv,gap_curve_core.csv,.csv,metrics_or_diagnostics,run_metrics_or_diagnostics,877,e968e123386f9b5478a99e0e8d730e43f92157762092d1271649e8e90ae24bb7,component_family:gap;team_a:exp_019,columns=probe|requested_gap|actual_gap|seed|rounds|gcv|fold_0904|fold_0918|fold_1002|fold_1016,1786534835206796200,no,no
research/strategies/results/STRATEGY_01/gap_curve_selected.csv,gap_curve_selected.csv,.csv,metrics_or_diagnostics,run_metrics_or_diagnostics,1077,e33458605df410f8eecaedc0a6aff4ad54345bf5added1c42d82916474f86ad6,component_family:gap;team_a:exp_019,columns=probe|requested_gap|actual_gap|seed|rounds|gcv|fold_0904|fold_0918|fold_1002|fold_1016,1786540948733433800,no,no
research/strategies/results/STRATEGY_01/k11_latest_fold.csv,k11_latest_fold.csv,.csv,fold_artifact;test_prediction,test_prediction,475,75da4c5630dcadae7812f73561ce8a69e6d9721c3a0a0d47f2b4fd4c26faeffe,team_a:exp_019,columns=probe|requested_gap|actual_gap|seed|rounds|rmsle_cal|bias|delta_e03a_minus_e10,1786537379599802300,no,no
research/strategies/results/STRATEGY_02/capacity_curve.csv,capacity_curve.csv,.csv,metrics_or_diagnostics,run_metrics_or_diagnostics,639,98ae7acbc8cdaca7d8c26372d53e8c29af586413b400ee28670df73aadd4c36a,team_a:exp_020,columns=train_blocks|seed|rounds|wcv|fold_0904|fold_0918|fold_1002|fold_1016,1786534835202269300,no,no
research/strategies/results/STRATEGY_02/variant_B_capacity_curve.csv,variant_B_capacity_curve.csv,.csv,metrics_or_diagnostics,run_metrics_or_diagnostics,2459,8fd8e9ee7e18b43ae816cedbe1ec1fe5a2c70454ad7dcebf9d299968fb6dfe70,team_a:exp_020,columns=arm|exp_id|seed|rounds|wcv|fold_cal|fold_scores|mean_z,1786555043270127600,no,no
research/strategies/results/STRATEGY_02/variant_B_fold_metrics.csv,variant_B_fold_metrics.csv,.csv,fold_artifact;metrics_or_diagnostics,run_metrics_or_diagnostics,419,1ed15829595af861f7a5c2fdb2c759870fb22bedbc4f1d455bbcb9507b8e8078,team_a:exp_020,columns=exp|cutoff|rmsle_cal|auc,1786555041158156500,no,no
research/strategies/results/STRATEGY_02/variant_B_segment_metrics.csv,variant_B_segment_metrics.csv,.csv,metrics_or_diagnostics,run_metrics_or_diagnostics,1228,791ad662ce1fc03899e43c98f335a35d079aa806b24c2f6f39fbc2f5b8d89aa9,team_a:exp_020,columns=segment|exp|n|share|mse_share|rmsle|auc|rmsle_folds|auc_folds|auc_pooled,1786555041157156300,no,no
research/strategies/results/STRATEGY_08/fold_stability.csv,fold_stability.csv,.csv,fold_artifact,unclassified,651,8a4d6563b3d47f83d4ad21ea78a8b421a3fe32b9456b9b4a232799ced145131b,team_a:exp_021,columns=exp|cutoff|rmsle_cal|auc,1786551124307794800,no,no
research/strategies/results/STRATEGY_08/segment_metrics.csv,segment_metrics.csv,.csv,metrics_or_diagnostics,run_metrics_or_diagnostics,12129,878c40199161b142705c9489cf0dce33e8dd0c9a27e78682395b7c70ee12fedc,team_a:exp_021,columns=segment|exp|n|share|mse_share|rmsle|auc|rmsle_folds|auc_folds,1786551124306628500,no,no
research/strategies/results/TABULAR_BACKBONE_REFRESH/baseline_manifest.json,baseline_manifest.json,.json,manifest,unclassified,10845,7437ff0cf13af41f946e6a5fa03566afbc3a2c03e0708000647bb9c24071200f,unknown,keys=current_feature_audit|cutoff_policy|environment|experiment|experiment_number|historical_baseline|historical_components|prefix|prefix_prediction_smoke|recipes|weight_sum|weights,1787495226787337100,no,no
research/strategies/results/TABULAR_BACKBONE_REFRESH/ensemble_folds.csv,ensemble_folds.csv,.csv,fold_artifact,unclassified,3692,ea4a926ced086fc75a941321f105d223d6ec88fb275635bdc4d6b94f1d8e8291,unknown,columns=variant|recipe_unc|recipe_cap|name|wcv|fold_cal|fold_offsets|mean_z|auc_positive|prediction_sha256|artifact|artifact_sha256|vs_H_delta_wcv|vs_H_fold_delta|vs_H_improved_folds|vs_H_delta_2025_10_16|vs_A_delta_wcv|vs_A_fold_delta|vs_A_improved_folds|vs_A_delta_2025_10_16,1787495384574967200,no,no
research/strategies/results/TABULAR_BACKBONE_REFRESH/prediction_diagnostics.csv,prediction_diagnostics.csv,.csv,metrics_or_diagnostics,run_metrics_or_diagnostics,1101,2b150eece4d112c7a322fb48b69be2656eae2224478a46c7f5e4c4d6614c1ad8,unknown,columns=candidate|baseline|var_delta_z|max_abs_delta_z|mean_delta_z|pearson_prediction|spearman_prediction|residual_correlation|corr_delta_with_baseline_residual,1787495384575490400,no,no
research/strategies/results/TABULAR_BACKBONE_REFRESH/reconstructed_baseline_metrics.json,reconstructed_baseline_metrics.json,.json,metrics_or_diagnostics,run_metrics_or_diagnostics,2278,c4a6772b2cda92fc1920816ce5968ecfe05be788102c538a3db94c97ffff0b56,unknown,keys=cv_cal_mean|cv_mean|cv_std|fold_bias|fold_cal|fold_mean_z|fold_scores|fold_sizes|folds|mean_ly|mean_z|n|oof_bias|oof_cal|oof_offset|oof_rmsle|partial|per_fold|wcv|wcv_raw,1787495226788342400,no,no
research/strategies/results/TABULAR_BACKBONE_REFRESH/rounds_diagnostics.csv,rounds_diagnostics.csv,.csv,metrics_or_diagnostics,run_metrics_or_diagnostics,1845,1837aeac0e358015b644cee9f735bff4c5b74b1f4ff0f90c384a3e29ac9fb8f9,unknown,columns=rounds|name|wcv|fold_cal|fold_offsets|mean_z|auc_positive|prediction_sha256|delta_wcv|fold_delta|improved_folds|delta_2025_10_16,1787495384575490400,no,no
research/strategies/results/TABULAR_BACKBONE_REFRESH/seed_variance_diagnostics.csv,seed_variance_diagnostics.csv,.csv,metrics_or_diagnostics,run_metrics_or_diagnostics,13219,45fe99a139d4d1bd10c4a27002add4a0a6a9ce045779976df533a993878e3d26,unknown,columns=component|rounds|scope|seed_a|seed_b|var_delta_z|pearson_prediction|standalone_seed_spread_std|standalone_seed_spread_range,1787495384572058900,no,no
research/strategies/results/TABULAR_BACKBONE_REFRESH/standalone_metrics.csv,standalone_metrics.csv,.csv,metrics_or_diagnostics,run_metrics_or_diagnostics,11586,df134b14cdc7f5ec64ad26cb1f5b5f5f8161792f5c5f5f8356959530548db2da,unknown,columns=name|wcv|fold_cal|fold_offsets|mean_z|auc_positive|prediction_sha256|component|seed|rounds|artifact|artifact_sha256,1787495384572058900,no,no
research/strategies/results/TABULAR_BACKBONE_REFRESH/summary.json,summary.json,.json,metrics_or_diagnostics,run_metrics_or_diagnostics,75132,8da527c4bce23e4f673c2e5b0b9694fde0d872b4398761db0af513babb83a899,unknown,keys=component_attribution|component_avg3_metrics|decision_detail|diagnostic_rounds_not_eligible|dist_avg3_next_experiment_basis|ensemble_metrics|experiment|experiment_number|factorial_contrasts|historical_artifacts_unchanged|historical_baseline|merged_oof_artifacts|prediction_diagnostics|prefix|primary_round|production_experiment_allowed|replay|rounds_diagnostics|seed_diagnostics|submission_created|test_data_or_predictions_read|verdict,1787495384580895300,no,no
research/strategies/results/tier_a_fixed_mix_oof.csv,tier_a_fixed_mix_oof.csv,.csv,oof_prediction,out_of_fold_prediction,360,53009f78d674a3c5261035315590d6ac8ed9c7afea70c97dea8f5f0377e48b75,component_family:mix,columns=config|wcv|fold_0904|fold_0918|fold_1002|fold_1016|oof_cal|mean_z,1786536620748568900,no,no
research/strategies/results/ZERO2D_SHRINK/amount_diagnostics.csv,amount_diagnostics.csv,.csv,metrics_or_diagnostics,run_metrics_or_diagnostics,9210,a7e784a56e43141796347009cd62ea9270ee39266160087280405fa83437f55e,component_family:zero,columns=fold|amount_bin|n|user_share|actual_zero_rate|mean_y_true|median_y_true|mean_prediction|median_prediction|mean_p0|rmsle|error_share|zero_row_error_share|positive_row_error_share|mean_calibrated_residual,1787340914866824300,no,no
research/strategies/results/ZERO2D_SHRINK/production_summary.json,production_summary.json,.json,metrics_or_diagnostics,run_metrics_or_diagnostics,559,eeb0facaec9e2e38023a3198db67b27540aafa24b21f1cf81eb3d274006cfb15,component_family:zero,keys=submission|sha256|rows|eta|final_level|zero_fraction|min_prediction|max_prediction|regime_status|forced_after_validation_reject|dist_reference_reproduced|dist_test_mean_abs_dz|dist_test_correlation_z,1787345431848431200,no,no
research/strategies/results/ZERO2D_SHRINK/summary.json,summary.json,.json,metrics_or_diagnostics,run_metrics_or_diagnostics,7522,c89de287a346fb594b6e3359fb7a64cb841a4989a6ff10ab6ec4d86ea057cbce,component_family:zero,keys=baseline|zero2d|amount_only|shuffled_p0|gate|test_regime|config|production,1787345431849489900,no,no
research/strategies/STRATEGY_01_gap_axis_validation.md,STRATEGY_01_gap_axis_validation.md,.md,metrics_or_diagnostics,run_metrics_or_diagnostics,14341,690db3cfff80495ae9db393ad9602fb7c625ab8a3e81c5fa3e4a028e8a8e9d40,component_family:gap;team_a:exp_019,unknown,1786486156397525600,no,no
src/merge_oof.py,merge_oof.py,.py,code;ensemble_script;oof_prediction,out_of_fold_prediction,5618,396ce1851ed31bb6544bb2069d04f62c6b7f821edf77e31d151ae164759e909d,unknown,unknown,1786473463526608900,no,no
submissions/experimental_submission_1.csv,experimental_submission_1.csv,.csv,submission,competition_submission_or_candidate,4106170,1b950d09c6aefb69fec179b7323d47108b69930deb2c73d3907988f14e58fad6,unknown,columns=user_id|predict,1786393623128496400,no,no
submissions/experimental_submission_2.csv,experimental_submission_2.csv,.csv,submission,competition_submission_or_candidate,4102013,319b777d624f9cd3d7c295829a06db514c89291c5da59c4f3f67ab1c23954b89,unknown,columns=user_id|predict,1786393652992886800,no,no
submissions/FINAL_20260825_A1/candidate_A_STRONGEST_CURRENT.csv,candidate_A_STRONGEST_CURRENT.csv,.csv,submission,competition_submission_or_candidate,4105651,abc2218b1a3d55d41121b7b5a22db7e95ffd45283b42ff0006c5e6e731e04bda,unknown,columns=user_id|predict,1787616456345935500,no,no
submissions/FINAL_20260825_A1/candidate_B_BTYD05_HEDGE.csv,candidate_B_BTYD05_HEDGE.csv,.csv,submission,competition_submission_or_candidate,4105519,c3cfb4d90f50ceff8f5d8f8aaca072664966fb91018eb0a3fa01195dc38c2932,component_family:btyd,columns=user_id|predict,1787616456440464100,no,no
submissions/submission_BTYD05.csv,submission_BTYD05.csv,.csv,submission,competition_submission_or_candidate,4105519,c3cfb4d90f50ceff8f5d8f8aaca072664966fb91018eb0a3fa01195dc38c2932,component_family:btyd,columns=user_id|predict,1787517565003940800,no,no
submissions/submission_candidate_e11mix.csv,submission_candidate_e11mix.csv,.csv,submission,competition_submission_or_candidate,4104691,11bd0dded68d960e8272b3e3cb62bfbe6a66553edf4b0b7b089e96895fed6a8e,unknown,columns=user_id|predict,1786473769956636600,no,no
submissions/submission_dist_head.csv,submission_dist_head.csv,.csv,submission,competition_submission_or_candidate,4104692,5e0b6494aa106c95f96784fae79a28191ee15f4820929635df0e0ac09ed8c72f,unknown,columns=user_id|predict,1786468836964494500,no,no
submissions/submission_experimental_f4.csv,submission_experimental_f4.csv,.csv,submission,competition_submission_or_candidate,4103471,dbeeed8ecd3396c7b5b792f693a9ec3f91b874e802c4ed0f2f666cb95e1774c7,unknown,columns=user_id|predict,1786471735805407100,no,no
submissions/submission_experimental_f4_mix.csv,submission_experimental_f4_mix.csv,.csv,submission,competition_submission_or_candidate,4104340,3423ae45bb447f09f9c9fda4ea4b990c3982e3b377f6ed62c8d4cf85c4eb6f31,unknown,columns=user_id|predict,1786471736334756200,no,no
submissions/submission_HOLIDAY-YOY.csv,submission_HOLIDAY-YOY.csv,.csv,submission,competition_submission_or_candidate,4104680,41c551a62a663d29382d3d82274f075f223ffe8e0989ecef4c71efd53e9456aa,team_a:exp_023,columns=user_id|predict,1786566258852164000,no,no
submissions/submission_LEVEL_MINUS_006.csv,submission_LEVEL_MINUS_006.csv,.csv,submission,competition_submission_or_candidate,4100996,1b40f67d119d0dcc4798a4da5612707b8d44f1dfe3fa20b28c28b836c2c8c0f1,unknown,columns=user_id|predict,1787596718054751400,no,no
submissions/submission_RIDGE15.csv,submission_RIDGE15.csv,.csv,submission,competition_submission_or_candidate,4105729,4f2f4c65ebc1568be78ffaea011996919e98da4ba5beffd0ec83efb9bcfe9397,component_family:ridge,columns=user_id|predict,1787338734236057300,no,no
submissions/submission_s04_a.csv,submission_s04_a.csv,.csv,submission,competition_submission_or_candidate,4104327,a4bf8e347548538d263f87f2d54973ced727862ad76214cadee8ad20cb48c013,unknown,columns=user_id|predict,1786567776461312800,no,no
submissions/submission_s04_b.csv,submission_s04_b.csv,.csv,submission,competition_submission_or_candidate,4104274,8bf2499f9632dab79b32f0ab7b9183f2fa5519c300b0f950547248a1d6013083,unknown,columns=user_id|predict,1786567777173580100,no,no
submissions/submission_s04_blend.csv,submission_s04_blend.csv,.csv,submission,competition_submission_or_candidate,4104698,b515bc150e7b522d2d857fd49dde271e5b9a405e95d163e21d5436314255e0b8,unknown,columns=user_id|predict,1786569103754888100,no,no
submissions/submission_SEQ01_mix.csv,submission_SEQ01_mix.csv,.csv,submission,competition_submission_or_candidate,4105107,ce2f535561a3673c29726833b96fa4444e3b3dc51912c58799ea55a41ef67964,component_family:seq;team_a:exp_025,columns=user_id|predict,1786623274232841300,no,no
submissions/submission_SEQ65_TEMPORAL_HEAVY.csv,submission_SEQ65_TEMPORAL_HEAVY.csv,.csv,submission,competition_submission_or_candidate,4105987,33c6a4e70dbc0d061508c8179e3b820ffa00829d134d802fc0767ac3f4b69248,component_family:seq;team_a:exp_025,columns=user_id|predict,1787596702811289300,no,no
submissions/submission_SEQAVG3_clip289_mix.csv,submission_SEQAVG3_clip289_mix.csv,.csv,submission,competition_submission_or_candidate,4105427,da644a35ca247f6ef1a11bbf601d17515ddebf63674650f441fb9dada3389b7c,team_a:exp_025,columns=user_id|predict,1787170886696009800,no,no
submissions/submission_SEQAVG3_mix.csv,submission_SEQAVG3_mix.csv,.csv,submission,competition_submission_or_candidate,4102969,25c1cc5edc559de46c6f2950be78054dd6ece3446c901a2295fb4cbf3f66227b,team_a:exp_025,columns=user_id|predict,1786638667985811500,no,no
submissions/submission_strategy_1.csv,submission_strategy_1.csv,.csv,submission,competition_submission_or_candidate,4105727,b70afce2f4352edb2beb205a17ffb04292ba3ff595f802cfdf6d69edfbdd1de3,unknown,columns=user_id|predict,1786390868458540100,no,no
submissions/submission_strategy_1_level_high.csv,submission_strategy_1_level_high.csv,.csv,submission,competition_submission_or_candidate,4110871,d4ce4f929f012da69649de0b29525d7c18fe9d3dc306be072d50cc8b7bceb0ba,unknown,columns=user_id|predict,1786390887401816800,no,no
submissions/submission_strategy_1_level_low.csv,submission_strategy_1_level_low.csv,.csv,submission,competition_submission_or_candidate,4101292,44a310304845e90243f0b50166d12351e19be180b7a5e99ec2ae819c4bd5f6ad,unknown,columns=user_id|predict,1786390901588586600,no,no
submissions/submission_STRONGEST_CURRENT.csv,submission_STRONGEST_CURRENT.csv,.csv,submission,competition_submission_or_candidate,4105651,abc2218b1a3d55d41121b7b5a22db7e95ffd45283b42ff0006c5e6e731e04bda,unknown,columns=user_id|predict,1787228263376424500,no,no
submissions/submission_tier_a_checkpoint.csv,submission_tier_a_checkpoint.csv,.csv,submission,competition_submission_or_candidate,4104634,3729fa50baa8f90f2048e27b04c94d6c7c3d10af1fac205e186f23dfd98cd962,unknown,columns=user_id|predict,1786540377321314500,no,no
submissions/submission_ZERO2D_SHRINK.csv,submission_ZERO2D_SHRINK.csv,.csv,submission,competition_submission_or_candidate,5106029,9f1cf32671fb18291659b61da232244d370f7c9af2e0cf9d8aebf9eba406d461,component_family:zero,columns=user_id|predict,1787345431274676700,no,no
пайплайн сокомандника/data/sample_submit.csv,sample_submit.csv,.csv,dataset,source_or_derived_dataset,4566914,06a433b0ac32f7c0292ce3cb994c1684b4156b392f30fe537ea6a44d0bc4c1b1,unknown,columns=user_id|predict,1787590388000000000,no,no
пайплайн сокомандника/data/train.parquet,train.parquet,.parquet,dataset,source_or_derived_dataset,180148911,5f3aa90992652b8a4f0f398e735a3ba11c2ea6ccf9e8fb1d236436e9a49167c0,unknown,rows=30631006;row_groups=250;columns=event_date|user_id|search|cat|has_search_to_cart|has_search_to_ord|has_cat_to_cart|has_cat_to_ord|search_to_cart|search_to_ord|cat_to_cart|cat_to_ord|gmv_search|gmv_cat|to_cart|to_ord|gmv|searches,1787590388000000000,no,no
пайплайн сокомандника/friend_original/submission_STRONGEST_CURRENT/artifacts/models/model_ETX-01-S42-TEST.pt,model_ETX-01-S42-TEST.pt,.pt,checkpoint_or_model,trained_model_state,4488827,bc8af886d1a4b5c81124211c8bac1d237b9987ec535faf009442526184b0937a,component_family:etx,unknown,1787590390000000000,no,no
пайплайн сокомандника/friend_original/submission_STRONGEST_CURRENT/artifacts/models/model_ETX-01-S43-TEST.pt,model_ETX-01-S43-TEST.pt,.pt,checkpoint_or_model,trained_model_state,4488827,685c228b4089a4c2d7292bdd1ad17ee6a402366fd6c557d37d31f6a278c4b4b2,component_family:etx,unknown,1787590390000000000,no,no
пайплайн сокомандника/friend_original/submission_STRONGEST_CURRENT/artifacts/models/model_ETX-01-S44-TEST.pt,model_ETX-01-S44-TEST.pt,.pt,checkpoint_or_model,trained_model_state,4488827,1a5b31e0687ac6cdbbbd4910f6924080f61f05b64b465b77fab7283e8479d7c4,component_family:etx,unknown,1787590390000000000,no,no
пайплайн сокомандника/friend_original/submission_STRONGEST_CURRENT/artifacts/models/model_SEQ-C289-S43-TEST.pt,model_SEQ-C289-S43-TEST.pt,.pt,checkpoint_or_model,trained_model_state,1003419,b1383e13aee626ed93fcaa420b3a96bb03b929ed162e39c889b3524e9678ff2f,component_family:seq;team_a:exp_025,unknown,1787590390000000000,no,no
пайплайн сокомандника/friend_original/submission_STRONGEST_CURRENT/artifacts/models/model_SEQ-C289-S44-TEST.pt,model_SEQ-C289-S44-TEST.pt,.pt,checkpoint_or_model,trained_model_state,1003419,06b10e5469d4a9832726c905ce7e35ae4e3fcf7f5f9682ae283a6d7234a94051,component_family:seq;team_a:exp_025,unknown,1787590390000000000,no,no
пайплайн сокомандника/friend_original/submission_STRONGEST_CURRENT/artifacts/predictions/ztest_ETX-01-S42-DCW.npy,ztest_ETX-01-S42-DCW.npy,.npy,test_prediction,test_prediction,2000128,2a9f9955503578fb48b959c7253f1d8a7de0c1ffb85704dfb2ff85253fea1c39,component_family:etx,"array=ztest_ETX-01-S42-DCW:(250000,):float64",1787590390000000000,no,no
пайплайн сокомандника/friend_original/submission_STRONGEST_CURRENT/artifacts/predictions/ztest_ETX-01-S43-DCW.npy,ztest_ETX-01-S43-DCW.npy,.npy,test_prediction,test_prediction,2000128,eba71ea4cc7eb43958fa5b3fae9ae6812052643293677f85d8acac7b86283c04,component_family:etx,"array=ztest_ETX-01-S43-DCW:(250000,):float64",1787590390000000000,no,no
пайплайн сокомандника/friend_original/submission_STRONGEST_CURRENT/artifacts/predictions/ztest_ETX-01-S44-DCW.npy,ztest_ETX-01-S44-DCW.npy,.npy,test_prediction,test_prediction,2000128,eb69c69fbabef0648ae555bcda4ada05d3ec3d7bbf8214b10fa2ebaab4a19c34,component_family:etx,"array=ztest_ETX-01-S44-DCW:(250000,):float64",1787590390000000000,no,no
пайплайн сокомандника/friend_original/submission_STRONGEST_CURRENT/artifacts/predictions/ztest_S1-CAP.npy,ztest_S1-CAP.npy,.npy,test_prediction,test_prediction,2000128,d6b3c59920d816cb54c5b65e7daf8de0cea3edc338bedb8ea78e3fb01086e7d9,unknown,"array=ztest_S1-CAP:(250000,):float64",1787590390000000000,no,no
пайплайн сокомандника/friend_original/submission_STRONGEST_CURRENT/artifacts/predictions/ztest_S1-DIST.npy,ztest_S1-DIST.npy,.npy,test_prediction,test_prediction,2000128,ad974c09e0c97dedcc622877a5937f9d40c7f4f6604c7bb5eb08d3b7c73fe966,unknown,"array=ztest_S1-DIST:(250000,):float64",1787590390000000000,no,no
пайплайн сокомандника/friend_original/submission_STRONGEST_CURRENT/artifacts/predictions/ztest_S1-UNC.npy,ztest_S1-UNC.npy,.npy,test_prediction,test_prediction,2000128,c2a94114f709f8127f4d7ce61dea545a103e4e66851188d153a40d7bc2757773,unknown,"array=ztest_S1-UNC:(250000,):float64",1787590390000000000,no,no
пайплайн сокомандника/friend_original/submission_STRONGEST_CURRENT/artifacts/predictions/ztest_SEQ-01.npy,ztest_SEQ-01.npy,.npy,test_prediction,test_prediction,2000128,c20ae75cee1eef216ae86a6fa5f594850369cdd92d1a946675942481d194b630,component_family:seq;team_a:exp_025,"array=ztest_SEQ-01:(250000,):float64",1787590390000000000,no,no
пайплайн сокомандника/friend_original/submission_STRONGEST_CURRENT/artifacts/predictions/ztest_SEQ-C289-S43.npy,ztest_SEQ-C289-S43.npy,.npy,test_prediction,test_prediction,2000128,66bdc5718af747ae0fd3059f18fa97395b4a5715d7085422064bb7d3a6ed022b,component_family:seq;team_a:exp_025,"array=ztest_SEQ-C289-S43:(250000,):float64",1787590390000000000,no,no
пайплайн сокомандника/friend_original/submission_STRONGEST_CURRENT/artifacts/predictions/ztest_SEQ-C289-S44.npy,ztest_SEQ-C289-S44.npy,.npy,test_prediction,test_prediction,2000128,7662569a90c9ff78c32b6126e09b2b4571a7b46e2d75047c5993c0eef25fd631,component_family:seq;team_a:exp_025,"array=ztest_SEQ-C289-S44:(250000,):float64",1787590390000000000,no,no
пайплайн сокомандника/friend_original/submission_STRONGEST_CURRENT/docs/experiments/exp_006_s1_best_submission.md,exp_006_s1_best_submission.md,.md,primary_experiment_report_candidate;submission,competition_submission_or_candidate,5594,fd734ea1752b905e7950f51bddf814436444559cca0f8f04dd908842de7ef846,team_a:exp_006,unknown,1787590390000000000,no,no
пайплайн сокомандника/friend_original/submission_STRONGEST_CURRENT/docs/results/summary.csv,summary.csv,.csv,metrics_or_diagnostics,run_metrics_or_diagnostics,854,dd1cc93a56daf60d587007410f49a8661c4698a96ba541b22c180c55fb718f1c,unknown,columns=model|2025-09-04|2025-09-18|2025-10-02|2025-10-16|wcv|auc|var_vs_SEQ-AVG3|var_vs_tab|corr_resid_tab,1787590390000000000,no,no
пайплайн сокомандника/friend_original/submission_STRONGEST_CURRENT/MANIFEST.sha256,MANIFEST.sha256,.sha256,manifest,unclassified,7275,4a769cac941a581fd192fa901c29ac701d5fd8346b242df940c36e0d73e55eee,unknown,unknown,1787590390000000000,no,no
пайплайн сокомандника/friend_original/submission_STRONGEST_CURRENT/pipeline/build_submission.py,build_submission.py,.py,code;config_or_parameter_source;inference_script;submission,competition_submission_or_candidate,3440,ee01c71c675b7d353e796419a42cb6dbf558f332bb810c005936704275254ed1,unknown,unknown,1787590390000000000,no,no
пайплайн сокомандника/friend_original/submission_STRONGEST_CURRENT/pipeline/original/ETX2/make_submission.sh,make_submission.sh,.sh,code;config_or_parameter_source;inference_script;submission,competition_submission_or_candidate,2529,67f12fcf48d647f16b0eea2af056c6ac22e3501e5bc0b8ed203a9f2341cbdf4c,component_family:etx;team_a:exp_037,unknown,1787590390000000000,no,no
пайплайн сокомандника/friend_original/submission_STRONGEST_CURRENT/pipeline/original/MIX9/verify_submission.py,verify_submission.py,.py,code;config_or_parameter_source;inference_script;submission,competition_submission_or_candidate,4891,359ce704546c6a83a08247c33829296fb78fcf3c35a315e5c85466fa44e5df59,component_family:mix;team_a:exp_035,unknown,1787590390000000000,no,no
пайплайн сокомандника/friend_original/submission_STRONGEST_CURRENT/submission/submission_STRONGEST_CURRENT.csv,submission_STRONGEST_CURRENT.csv,.csv,submission,competition_submission_or_candidate,4105651,abc2218b1a3d55d41121b7b5a22db7e95ffd45283b42ff0006c5e6e731e04bda,unknown,columns=user_id|predict,1787590390000000000,no,no
пайплайн сокомандника/friend_original/submission_STRONGEST_CURRENT/submission/submission_STRONGEST_CURRENT_rebuilt.csv,submission_STRONGEST_CURRENT_rebuilt.csv,.csv,submission,competition_submission_or_candidate,4105651,abc2218b1a3d55d41121b7b5a22db7e95ffd45283b42ff0006c5e6e731e04bda,unknown,columns=user_id|predict,1787603463316531700,no,no
пайплайн сокомандника/latest/latest.csv,latest.csv,.csv,test_prediction,test_prediction,6362800,7ef5b2c58925bd28c5bc7eb83b9cfd4785c608a0c8b2a6d7a3277730cba8e722,unknown,columns=user_id|predict,1787590394000000000,no,no
пайплайн сокомандника/latest/latest_rebuilt.csv,latest_rebuilt.csv,.csv,test_prediction,test_prediction,6613022,a9dc2dabdc693cd510c0428c501154898ec11f1e15b0694261471757cae274a1,unknown,columns=user_id|predict,1787603462772206000,no,no
пайплайн сокомандника/MANIFEST.sha256,MANIFEST.sha256,.sha256,manifest,unclassified,12491,94e885a0b3073a513178451cff003555077e69892db6248ea7ba734393180206,unknown,unknown,1787590402000000000,no,no
пайплайн сокомандника/review_bundles/extra90_REVIEW_BUNDLE_20260823_222555_extracted/results/ALL_EXTRA90_VALIDATION.csv,ALL_EXTRA90_VALIDATION.csv,.csv,metrics_or_diagnostics,run_metrics_or_diagnostics,38059,9bdc51521e3f256465e3e19c5b2a7461012142176db6142f2ad4a6a1a1e85cf0,unknown,columns=name|family|wcv|base_wcv|delta|wins|wins_recent|latest_delta|worst_delta|raw_delta|offset_mean|offset_std|fold_scores|fold_deltas|notes,1787512414000000000,no,no
пайплайн сокомандника/review_bundles/extra90_REVIEW_BUNDLE_20260823_222555_extracted/results/combo_validation_extra90.csv,combo_validation_extra90.csv,.csv,metrics_or_diagnostics,run_metrics_or_diagnostics,19528,6029a91682727b98d39eec7a3265a95a4cf102d27f0e452a8ce4283a4b07a92d,unknown,columns=name|family|wcv|base_wcv|delta|wins|wins_recent|latest_delta|worst_delta|raw_delta|offset_mean|offset_std|fold_scores|fold_deltas|notes,1787511554000000000,no,no
пайплайн сокомандника/review_bundles/extra90_REVIEW_BUNDLE_20260823_222555_extracted/results/primitive_validation_extra90.csv,primitive_validation_extra90.csv,.csv,metrics_or_diagnostics,run_metrics_or_diagnostics,12073,2a53f53daf252e698dcb2e26f82d7b6905cf0eab552dae1d8f14e3628bba25f6,unknown,columns=name|family|wcv|base_wcv|delta|wins|wins_recent|latest_delta|worst_delta|raw_delta|offset_mean|offset_std|fold_scores|fold_deltas|notes,1787511546000000000,no,no
пайплайн сокомандника/review_bundles/extra90_REVIEW_BUNDLE_20260823_222555_extracted/results/RUN_MANIFEST.json,RUN_MANIFEST.json,.json,manifest,unclassified,3097,0aadc1e325609ba0242f504bee37013478d936335a6727f509bac9fc3ad637b8,unknown,keys=version|finished|runtime_minutes|work|occ_names|selected|friend_rebuild_error,1787513154000000000,no,no
пайплайн сокомандника/review_bundles/extra90_REVIEW_BUNDLE_20260823_222555_extracted/results/STABLE_BRANCH_VALIDATION.csv,STABLE_BRANCH_VALIDATION.csv,.csv,metrics_or_diagnostics,run_metrics_or_diagnostics,28158,f7a5de66e122f662b8f54473d954d48784874a861010039db4d5cea05ad55f96,unknown,columns=name|family|wcv|base_wcv|delta|wins|wins_recent|latest_delta|worst_delta|raw_delta|offset_mean|offset_std|fold_scores|fold_deltas|notes,1787511576000000000,no,no
пайплайн сокомандника/review_bundles/extra90_REVIEW_BUNDLE_20260823_222555_extracted/submissions/submission_extra90_1_blend_ridge_recentpow1p7_s075__greedy35_finalizable_pr85.csv,submission_extra90_1_blend_ridge_recentpow1p7_s075__greedy35_finalizable_pr85.csv,.csv,submission,competition_submission_or_candidate,6613024,c2efd7f100e0c3fabc6399d75cddfcede0fa463a8a94cd4633720125f7ee5e15,component_family:ridge,columns=user_id|predict,1787513152000000000,no,no
пайплайн сокомандника/review_bundles/extra90_REVIEW_BUNDLE_20260823_222555_extracted/submissions/submission_extra90_2_xmeta_div4_p23_l31_risk__blend_ridge_recentpow1p7_s075__greedy35_finalizable_pr85.csv,submission_extra90_2_xmeta_div4_p23_l31_risk__blend_ridge_recentpow1p7_s075__greedy35_finalizable_pr85.csv,.csv,submission,competition_submission_or_candidate,6612365,08f53ae689fedb0443e1e8fbb3083612ad653eabfc7abe4e7538e05716edba25,component_family:ridge,columns=user_id|predict,1787513154000000000,no,no
пайплайн сокомандника/review_bundles/extra90_REVIEW_BUNDLE_20260823_222555_extracted/submissions/submission_extra90_3_xraw_occ_r10_fast_adapt__blend_ridge_recentpow1p7_s075__greedy35_finalizable_pr85.csv,submission_extra90_3_xraw_occ_r10_fast_adapt__blend_ridge_recentpow1p7_s075__greedy35_finalizable_pr85.csv,.csv,submission,competition_submission_or_candidate,6611996,0ac3f241685d6562c1f5b54993065475845464a0b217a56dbb5d79b42dd27356,component_family:ridge,columns=user_id|predict,1787513154000000000,no,no
пайплайн сокомандника/review_bundles/extra90_REVIEW_BUNDLE_20260823_222555_extracted/submissions/submission_extra90_4_hier_trust_bias_ridge_recentpow1p7_s075.csv,submission_extra90_4_hier_trust_bias_ridge_recentpow1p7_s075.csv,.csv,submission,competition_submission_or_candidate,6612431,6848bd9a24ca14980b18ae6193a3c484245eda800fd9a2b3e04f7e28aa5e7fe7,component_family:ridge,columns=user_id|predict,1787513154000000000,no,no
пайплайн сокомандника/review_bundles/final6h_REVIEW_BUNDLE_20260823_204823_extracted/results/ALL_FINAL6H_VALIDATION.csv,ALL_FINAL6H_VALIDATION.csv,.csv,metrics_or_diagnostics,run_metrics_or_diagnostics,78139,d9ac66e18529dd8ebb35861a0fa8bc2894102c1067eb28f86770913bf0170a82,unknown,columns=name|family|wcv|base_wcv|delta|wins|wins_recent|latest_delta|worst_delta|raw_delta|offset_mean|offset_std|fold_scores|fold_deltas|notes,1787507140000000000,no,no
пайплайн сокомандника/review_bundles/final6h_REVIEW_BUNDLE_20260823_204823_extracted/results/combo_validation_final6h_base.csv,combo_validation_final6h_base.csv,.csv,metrics_or_diagnostics,run_metrics_or_diagnostics,19528,6029a91682727b98d39eec7a3265a95a4cf102d27f0e452a8ce4283a4b07a92d,unknown,columns=name|family|wcv|base_wcv|delta|wins|wins_recent|latest_delta|worst_delta|raw_delta|offset_mean|offset_std|fold_scores|fold_deltas|notes,1787505924000000000,no,no
пайплайн сокомандника/review_bundles/final6h_REVIEW_BUNDLE_20260823_204823_extracted/results/FINAL_SUBMISSIONS.csv,FINAL_SUBMISSIONS.csv,.csv,submission,competition_submission_or_candidate,866,4ec79ab0308fb63d106c8403fa3e9c4ba956820c904be88ef935e3f2b2f651c8,unknown,columns=branch|name|file|delta_table|latest_delta|family|corr|std|mae|pct02|pct05|pct10,1787507302000000000,no,no
пайплайн сокомандника/review_bundles/final6h_REVIEW_BUNDLE_20260823_204823_extracted/results/FINAL_TWO_METRICS.csv,FINAL_TWO_METRICS.csv,.csv,metrics_or_diagnostics,run_metrics_or_diagnostics,1305,9851213db00585c54f3c18a19ead874c7908544fc2be2dbed17faf24d47a7c62,unknown,columns=branch|name|family|delta_table|wins_recent|latest_delta|friend_corr|friend_std|friend_mae|friend_pct02|friend_pct05|friend_pct10|corr__submission_combo10h_candidate_2_ridge_core_plus_recent_dist_s075|corr__submission_combo10h_candidate_3_ridge_drop_recent_hurdle_stable18_s075__slotbeta875|corr__submission_combo10h_candidate_4_ridge_core_plus_recent_dist_s075__slotbeta875|corr__submission_combo_candidate_1_ridge_drop_recent_hurdle_stable18_s075|corr__submission_continue12h_1_safe_ranker_safe|corr__submission_continue12h_2_class1_class1_occ|corr__submission_continue12h_3_diverse_class1_over_guard,1787507302000000000,no,no
пайплайн сокомандника/review_bundles/final6h_REVIEW_BUNDLE_20260823_204823_extracted/results/OCCURRENCE_BRANCH_VALIDATION.csv,OCCURRENCE_BRANCH_VALIDATION.csv,.csv,metrics_or_diagnostics,run_metrics_or_diagnostics,50118,362a46dd9cef2addd977364c24dc3f744bd51ac9927724d677ad93267118798a,unknown,columns=name|family|wcv|base_wcv|delta|wins|wins_recent|latest_delta|worst_delta|raw_delta|offset_mean|offset_std|fold_scores|fold_deltas|notes,1787507140000000000,no,no
пайплайн сокомандника/review_bundles/final6h_REVIEW_BUNDLE_20260823_204823_extracted/results/primitive_validation_final6h_base.csv,primitive_validation_final6h_base.csv,.csv,metrics_or_diagnostics,run_metrics_or_diagnostics,12073,2a53f53daf252e698dcb2e26f82d7b6905cf0eab552dae1d8f14e3628bba25f6,unknown,columns=name|family|wcv|base_wcv|delta|wins|wins_recent|latest_delta|worst_delta|raw_delta|offset_mean|offset_std|fold_scores|fold_deltas|notes,1787505916000000000,no,no
пайплайн сокомандника/review_bundles/final6h_REVIEW_BUNDLE_20260823_204823_extracted/results/RUN_MANIFEST.json,RUN_MANIFEST.json,.json,manifest,unclassified,2730,51e51391e00b55d8a202029f79427ce48437b74e3115f56f9a5f421605cdb8c0,unknown,keys=version|started|combo_parent|fixed_parent|previous_runner|work|package|args|friend_rebuild_error|known_friend_public|known_ridge_submission_public|finished|runtime_hours|remaining_hours|completed_occurrence_families|branch_A|branch_B,1787507302000000000,no,no
пайплайн сокомандника/review_bundles/final6h_REVIEW_BUNDLE_20260823_204823_extracted/results/RUN_START.json,RUN_START.json,.json,manifest,unclassified,1145,19e69f0795d2fbdc73552836101bd18c397a2296c6e3a27f51594cac67c0ddc9,unknown,keys=version|started|combo_parent|fixed_parent|previous_runner|work|package|args|friend_rebuild_error|known_friend_public|known_ridge_submission_public,1787491118000000000,no,no
пайплайн сокомандника/review_bundles/final6h_REVIEW_BUNDLE_20260823_204823_extracted/results/STABLE_BRANCH_VALIDATION.csv,STABLE_BRANCH_VALIDATION.csv,.csv,metrics_or_diagnostics,run_metrics_or_diagnostics,28158,f7a5de66e122f662b8f54473d954d48784874a861010039db4d5cea05ad55f96,unknown,columns=name|family|wcv|base_wcv|delta|wins|wins_recent|latest_delta|worst_delta|raw_delta|offset_mean|offset_std|fold_scores|fold_deltas|notes,1787505946000000000,no,no
пайплайн сокомандника/review_bundles/final6h_REVIEW_BUNDLE_20260823_204823_extracted/submissions/submission_final6h_A_blend_ridge_recentpow1p7_s075__greedy35_finalizable_pr85.csv,submission_final6h_A_blend_ridge_recentpow1p7_s075__greedy35_finalizable_pr85.csv,.csv,submission,competition_submission_or_candidate,6613024,c2efd7f100e0c3fabc6399d75cddfcede0fa463a8a94cd4633720125f7ee5e15,component_family:ridge,columns=user_id|predict,1787507302000000000,no,no
пайплайн сокомандника/review_bundles/final6h_REVIEW_BUNDLE_20260823_204823_extracted/submissions/submission_final6h_B_metaocc_l31_risk__blend_ridge_recentpow1p7_s075__greedy35_finalizable_pr85.csv,submission_final6h_B_metaocc_l31_risk__blend_ridge_recentpow1p7_s075__greedy35_finalizable_pr85.csv,.csv,submission,competition_submission_or_candidate,6613723,8d90a0bb1afdfe48cb6181cf1869eb30095da729e36dbea81e2051730e7989d8,component_family:ridge,columns=user_id|predict,1787507302000000000,no,no
пайплайн сокомандника/review_bundles/fixedstack_combo10h_REVIEW_BUNDLE_20260823_054654_extracted/results/ALL_VALIDATION.csv,ALL_VALIDATION.csv,.csv,metrics_or_diagnostics,run_metrics_or_diagnostics,19528,6029a91682727b98d39eec7a3265a95a4cf102d27f0e452a8ce4283a4b07a92d,unknown,columns=name|family|wcv|base_wcv|delta|wins|wins_recent|latest_delta|worst_delta|raw_delta|offset_mean|offset_std|fold_scores|fold_deltas|notes,1787452486000000000,no,no
пайплайн сокомандника/review_bundles/fixedstack_combo10h_REVIEW_BUNDLE_20260823_054654_extracted/results/combo_validation_after_recent_hurdle_fast12.csv,combo_validation_after_recent_hurdle_fast12.csv,.csv,metrics_or_diagnostics,run_metrics_or_diagnostics,18086,58441099ff91ab35d256e23a01dbb19e80c66b2ee7083533743038069fbe11cb,unknown,columns=name|family|wcv|base_wcv|delta|wins|wins_recent|latest_delta|worst_delta|raw_delta|offset_mean|offset_std|fold_scores|fold_deltas|notes,1787449732000000000,no,no
пайплайн сокомандника/review_bundles/fixedstack_combo10h_REVIEW_BUNDLE_20260823_054654_extracted/results/combo_validation_after_recent_hurdle_stable18.csv,combo_validation_after_recent_hurdle_stable18.csv,.csv,metrics_or_diagnostics,run_metrics_or_diagnostics,19528,6029a91682727b98d39eec7a3265a95a4cf102d27f0e452a8ce4283a4b07a92d,unknown,columns=name|family|wcv|base_wcv|delta|wins|wins_recent|latest_delta|worst_delta|raw_delta|offset_mean|offset_std|fold_scores|fold_deltas|notes,1787452320000000000,no,no
пайплайн сокомандника/review_bundles/fixedstack_combo10h_REVIEW_BUNDLE_20260823_054654_extracted/results/combo_validation_existing.csv,combo_validation_existing.csv,.csv,metrics_or_diagnostics,run_metrics_or_diagnostics,16721,939930fb357dc45a829fc1b747f08a146ae787c43cd541ceda93b7b1c90015b0,unknown,columns=name|family|wcv|base_wcv|delta|wins|wins_recent|latest_delta|worst_delta|raw_delta|offset_mean|offset_std|fold_scores|fold_deltas|notes,1787448098000000000,no,no
пайплайн сокомандника/review_bundles/fixedstack_combo10h_REVIEW_BUNDLE_20260823_054654_extracted/results/combo_validation_final.csv,combo_validation_final.csv,.csv,metrics_or_diagnostics,run_metrics_or_diagnostics,19528,6029a91682727b98d39eec7a3265a95a4cf102d27f0e452a8ce4283a4b07a92d,unknown,columns=name|family|wcv|base_wcv|delta|wins|wins_recent|latest_delta|worst_delta|raw_delta|offset_mean|offset_std|fold_scores|fold_deltas|notes,1787452486000000000,no,no
пайплайн сокомандника/review_bundles/fixedstack_combo10h_REVIEW_BUNDLE_20260823_054654_extracted/results/combo_validation_final_reload.csv,combo_validation_final_reload.csv,.csv,metrics_or_diagnostics,run_metrics_or_diagnostics,19528,6029a91682727b98d39eec7a3265a95a4cf102d27f0e452a8ce4283a4b07a92d,unknown,columns=name|family|wcv|base_wcv|delta|wins|wins_recent|latest_delta|worst_delta|raw_delta|offset_mean|offset_std|fold_scores|fold_deltas|notes,1787453184000000000,no,no
пайплайн сокомандника/review_bundles/fixedstack_combo10h_REVIEW_BUNDLE_20260823_054654_extracted/results/FINAL_CANDIDATE_METRICS.csv,FINAL_CANDIDATE_METRICS.csv,.csv,metrics_or_diagnostics,run_metrics_or_diagnostics,9162,f30e5ac9f5c754f946ed5296edd09251d9284e19d9da0a95c47c7a21250381e7,unknown,columns=name|family|wcv|base_wcv|delta|wins|wins_recent|latest_delta|worst_delta|raw_delta|offset_mean|offset_std|fold_scores|fold_deltas|notes|oof_table_var|test_table_var|var_ratio|friend_corr|friend_std_dz|friend_mean_abs_dz|friend_pct02|friend_pct05|friend_pct10,1787453212000000000,no,no
пайплайн сокомандника/review_bundles/fixedstack_combo10h_REVIEW_BUNDLE_20260823_054654_extracted/results/ORACLE_DIAGNOSTICS.csv,ORACLE_DIAGNOSTICS.csv,.csv,metrics_or_diagnostics,run_metrics_or_diagnostics,164,cb8022c4c0f5c0e29f783e4125c3e971520e0089214c39946b745257c546e690,unknown,columns=fold|n_models|oracle_rmsle,1787452486000000000,no,no
пайплайн сокомандника/review_bundles/fixedstack_combo10h_REVIEW_BUNDLE_20260823_054654_extracted/results/primitive_validation_after_recent_hurdle_fast12.csv,primitive_validation_after_recent_hurdle_fast12.csv,.csv,metrics_or_diagnostics,run_metrics_or_diagnostics,10632,d1ad3b461fc8175c17d97d762e51aa1c8055c2d72e96c625004f9e73453e7e44,unknown,columns=name|family|wcv|base_wcv|delta|wins|wins_recent|latest_delta|worst_delta|raw_delta|offset_mean|offset_std|fold_scores|fold_deltas|notes,1787449722000000000,no,no
пайплайн сокомандника/review_bundles/fixedstack_combo10h_REVIEW_BUNDLE_20260823_054654_extracted/results/primitive_validation_after_recent_hurdle_stable18.csv,primitive_validation_after_recent_hurdle_stable18.csv,.csv,metrics_or_diagnostics,run_metrics_or_diagnostics,12073,2a53f53daf252e698dcb2e26f82d7b6905cf0eab552dae1d8f14e3628bba25f6,unknown,columns=name|family|wcv|base_wcv|delta|wins|wins_recent|latest_delta|worst_delta|raw_delta|offset_mean|offset_std|fold_scores|fold_deltas|notes,1787452310000000000,no,no
пайплайн сокомандника/review_bundles/fixedstack_combo10h_REVIEW_BUNDLE_20260823_054654_extracted/results/primitive_validation_existing.csv,primitive_validation_existing.csv,.csv,metrics_or_diagnostics,run_metrics_or_diagnostics,9265,de973ee955752d6c7af013b1197d9ab541b399a8e274476251bcb2dcb65f3ff3,unknown,columns=name|family|wcv|base_wcv|delta|wins|wins_recent|latest_delta|worst_delta|raw_delta|offset_mean|offset_std|fold_scores|fold_deltas|notes,1787448090000000000,no,no
пайплайн сокомандника/review_bundles/fixedstack_combo10h_REVIEW_BUNDLE_20260823_054654_extracted/results/primitive_validation_final.csv,primitive_validation_final.csv,.csv,metrics_or_diagnostics,run_metrics_or_diagnostics,12073,2a53f53daf252e698dcb2e26f82d7b6905cf0eab552dae1d8f14e3628bba25f6,unknown,columns=name|family|wcv|base_wcv|delta|wins|wins_recent|latest_delta|worst_delta|raw_delta|offset_mean|offset_std|fold_scores|fold_deltas|notes,1787452476000000000,no,no
пайплайн сокомандника/review_bundles/fixedstack_combo10h_REVIEW_BUNDLE_20260823_054654_extracted/results/primitive_validation_final_reload.csv,primitive_validation_final_reload.csv,.csv,metrics_or_diagnostics,run_metrics_or_diagnostics,12073,2a53f53daf252e698dcb2e26f82d7b6905cf0eab552dae1d8f14e3628bba25f6,unknown,columns=name|family|wcv|base_wcv|delta|wins|wins_recent|latest_delta|worst_delta|raw_delta|offset_mean|offset_std|fold_scores|fold_deltas|notes,1787453176000000000,no,no
пайплайн сокомандника/review_bundles/fixedstack_combo10h_REVIEW_BUNDLE_20260823_054654_extracted/results/RUN_MANIFEST.json,RUN_MANIFEST.json,.json,manifest,unclassified,3698,22b6333bfafb4c9e8942a13c25714ec32a5a8592866f2bd2945214ad59a39894,unknown,keys=version|started|fixed_parent|previous_runner|work|package|loaded_existing_oof|args|friend_rebuild_error|finished|runtime_hours|remaining_hours|selection|finalizable_experts,1787453214000000000,no,no
пайплайн сокомандника/review_bundles/fixedstack_combo10h_REVIEW_BUNDLE_20260823_054654_extracted/results/RUN_START.json,RUN_START.json,.json,manifest,unclassified,927,7b2b1f1b864bb6f8fbbace7dec57716f9c7653d5358b1d51c9ad74f6e0fc7b62,unknown,keys=version|started|fixed_parent|previous_runner|work|package|loaded_existing_oof|args|friend_rebuild_error,1787447930000000000,no,no
пайплайн сокомандника/review_bundles/fixedstack_combo10h_REVIEW_BUNDLE_20260823_054654_extracted/results/SHORTLIST_VALIDATION.csv,SHORTLIST_VALIDATION.csv,.csv,metrics_or_diagnostics,run_metrics_or_diagnostics,8634,2bca052fb9ec3049b6eb27d6a282fa10ec1906cf8c7faecd09b7006c75a28fe8,unknown,columns=name|family|wcv|base_wcv|delta|wins|wins_recent|latest_delta|worst_delta|raw_delta|offset_mean|offset_std|fold_scores|fold_deltas|notes,1787452486000000000,no,no
пайплайн сокомандника/review_bundles/fixedstack_combo10h_REVIEW_BUNDLE_20260823_054654_extracted/submissions/submission_combo10h_candidate_1_ridge_drop_recent_hurdle_stable18_s075.csv,submission_combo10h_candidate_1_ridge_drop_recent_hurdle_stable18_s075.csv,.csv,submission,competition_submission_or_candidate,6613155,95965c33bfe32378227e39ec1e0a792fed19cc29dc73d84b8b83bc0cda447959,component_family:ridge,columns=user_id|predict,1787453212000000000,no,no
пайплайн сокомандника/review_bundles/fixedstack_combo10h_REVIEW_BUNDLE_20260823_054654_extracted/submissions/submission_combo10h_candidate_2_ridge_core_plus_recent_dist_s075.csv,submission_combo10h_candidate_2_ridge_core_plus_recent_dist_s075.csv,.csv,submission,competition_submission_or_candidate,6613481,f272b4f595d90e1a9074f5a7ed18e5a46524da3d2dbee8c52cb2370e534e295c,component_family:ridge,columns=user_id|predict,1787453212000000000,no,no
пайплайн сокомандника/review_bundles/fixedstack_combo10h_REVIEW_BUNDLE_20260823_054654_extracted/submissions/submission_combo10h_candidate_3_ridge_drop_recent_hurdle_stable18_s075__slotbeta875.csv,submission_combo10h_candidate_3_ridge_drop_recent_hurdle_stable18_s075__slotbeta875.csv,.csv,submission,competition_submission_or_candidate,6613046,2178860aebae98343147d81741f491e8d95de18f9ef5e88a610e879707675257,component_family:ridge,columns=user_id|predict,1787453212000000000,no,no
пайплайн сокомандника/review_bundles/fixedstack_combo10h_REVIEW_BUNDLE_20260823_054654_extracted/submissions/submission_combo10h_candidate_4_ridge_core_plus_recent_dist_s075__slotbeta875.csv,submission_combo10h_candidate_4_ridge_core_plus_recent_dist_s075__slotbeta875.csv,.csv,submission,competition_submission_or_candidate,6612601,2824a0d599878823e98d05483c629f033ec284a86e1951fddde7f07825853fa5,component_family:ridge,columns=user_id|predict,1787453212000000000,no,no
