component_id,experiment_association,model_family,oof_artifacts,test_artifacts,model_artifacts,artifact_count,schema_or_arrays,sha256,pairing_status,duplicate_note,validation_protocol,ensemble_readiness
BLOCK4_SAF,team_a:exp_039,unknown,artifacts/oof_BLOCK4_SAF.npz,artifacts/test_BLOCK4_SAF.npz,unknown,2,"arrays=uid:(250000,):int64|z_base:(250000,):float32|q:(250000,):float32|nu_c:(250000,):float32|nu_f:(250000,):float32|delta_raw:(250000,):float32|delta:(250000,):float32|alpha:():float64|z_new:(250000,):float32;arrays=uid:(770616,):int64|cutoff:(770616,):<U10|y:(770616,):float32|activity:(770616,):int8|z_base:(770616,):float32|q:(770616,):float32|nu_c:(770616,):float32|nu_f:(770616,):float32|delta_raw:(770616,):float32|delta:(770616,):float64|delta_shuf:(770616,):float64|z_new_honest:(770616,):float64",1d97523f05a0b0dddb8356de95ec0edaa9146d6b1b87549eff68b1d7385c40c4;38c684d69600c8a2ee0e7dad8a18a22d0891e1bda0762d321b0497d9e5db18ee,oof_and_test,unknown,unknown,potential_component_only_not_a_recommendation
BLOCK4_SAF_test_raw,team_a:exp_039,unknown,unknown,artifacts/BLOCK4_SAF_test_raw.npz,unknown,1,"arrays=uid:(250000,):int64|z_base:(250000,):float32|q:(250000,):float32|q_seed:(3, 250000):float32|nu_c:(3, 250000):float32|nu_f:(3, 250000):float32|nu_shuf:(3, 250000):float32|w180:(250000,):float32|rec:(250000,):float32",658bb6435b35fbe445ecd9cef9faa4376fd62282f6b158205c3496591be465a2,test_only,unknown,unknown,potential_component_only_not_a_recommendation
BTYD_DAY_BGNBD_EXP047_V2:raw,component_family:btyd;team_a:exp_047,btyd,artifacts/BTYD_DAY_BGNBD_EXP047_V2/oof_raw.npz,unknown,unknown,1,"arrays=user_id:(770616,):int64|cutoff:(770616,):<U10|y:(770616,):float64|z_strongest:(770616,):float64|x:(770616,):int32|t_x:(770616,):int32|T:(770616,):int32|group:(770616,):int8|p_alive:(770616,):float32|expected_count_30:(770616,):float32|mu_u:(770616,):float32|sigma_population:(770616,):float32|z_btyd:(770616,):float64|hash_side:(770616,):uint64|actual_count_30:(770616,):int16|rec_buy:(770616,):float32|w180_days_buy:(770616,):float32",754d930b2347beb400b947c416cf56cc036f0b80c35ea039402432263b89d6af,oof_only,unknown,unknown,potential_component_only_not_a_recommendation
BTYD_STABLE_EXP051:predictive_stability,component_family:btyd;team_a:exp_051,btyd,research/strategies/results/BTYD_STABLE_EXP051/oof_predictive_stability.json,research/strategies/results/BTYD_STABLE_EXP051/test_predictive_stability.json,unknown,2,keys=centered_fixed_005_correction|maxima|policy_id|rows|status;keys=fit_rows|fold_rows|gates|maxima|policy_id|status,7889a7892f3e3e04f462bdc55bad2e243cc5f5874f97e10570957041faa261c8;b13e46d8ff42d6eb201fbe5275fe23d58a5fe8211bafef9492e647c8ecc58dac,oof_and_test,unknown,unknown,potential_component_only_not_a_recommendation
BTYD_STABLE_EXP051:raw,component_family:btyd;team_a:exp_051,btyd,artifacts/BTYD_STABLE_EXP051/oof_raw.npz,artifacts/BTYD_STABLE_EXP051/test_raw.npz,unknown,2,"arrays=user_id:(250000,):int64|group:(250000,):int8|x:(250000,):int32|t_x:(250000,):int32|p_alive:(250000,):float64|expected_count_30:(250000,):float64|mu_u:(250000,):float64|sigma_population:(250000,):float64|z_btyd:(250000,):float64|pmf_tail_30:(250000,):float64|hash_side:(250000,):uint64|z_strongest:(250000,):float64|correction_raw:(250000,):float64|correction_centered:(250000,):float64;arrays=user_id:(770616,):int64|cutoff:(770616,):<U10|y:(770616,):float64|z_strongest:(770616,):float64|x:(770616,):int32|t_x:(770616,):int32|T:(770616,):int32|group:(770616,):int8|p_alive:(770616,):float32|expected_count_30:(770616,):float32|mu_u:(770616,):float32|sigma_population:(770616,):float32|z_btyd:(770616,):float64|hash_side:(770616,):uint64|actual_count_30:(770616,):int16|rec_buy:(770616,):float32|w180_days_buy:(770616,):float32",093358cc2da37fd5aa545ec3c68f693e5de1d13889bcc5006d62a5ed131f87c7;5222d26166c600ba201958937d7226ba535a49a1c7aeb2a8dc3b328b437e5a43,oof_and_test,unknown,unknown,potential_component_only_not_a_recommendation
BTYD_STABLE_EXP051:summary,component_family:btyd;team_a:exp_051,btyd,research/strategies/results/BTYD_STABLE_EXP051/summary_oof.json,unknown,unknown,1,keys=PROMOTE_TO_PRODUCTION_EXPERIMENT|base_report|count_metrics|decision_reasons|experiment|experiment_number|fixed_weight_curve|folds|nested_better_folds|nested_delta_wcv|nested_fold_deltas|nested_fold_scores|nested_lofo_wcv|outer_selected_weights|positive_residual_alignment_folds|prediction_diagnostics|rows|standalone_btyd_report|verdict,bd087a52848cd55d0075c26cb64afc23542ab4879006691d816377bab9b267c7,oof_only,unknown,unknown,potential_component_only_not_a_recommendation
D1-behavior,independent_domain:exp_028,unknown,unknown,unknown,linked_worktree/independent_domain/artifacts/domain_01/model_D1-behavior.txt,1,unknown,a4b98cccb18aec6b542522bea16dce875f9f6ddccadacc9e463af88ec21b3e03,model_only,unknown,unknown,model_state_only
D1-production,independent_domain:exp_028,unknown,unknown,unknown,linked_worktree/independent_domain/artifacts/domain_01/model_D1-production.txt,1,unknown,d2a1952bc77dff1d1daddce36a3cd7900fdf362df147f1f02a3426ddf2c4a796,model_only,unknown,unknown,model_state_only
DETSEQ01-S42-V1016,team_a:exp_025,unknown,unknown,unknown,artifacts/model_DETSEQ01-S42-V1016.pt,1,unknown,d0c2e5e6e25a54af01db29885e848b56c68e3f8ed327fe33cefdecaf816027e4,model_only,unknown,unknown,model_state_only
DETSEQ01-S42-V1016:snapshot_step_00000,component_family:fresh;team_a:exp_025;team_a:exp_044,fresh,unknown,unknown,artifacts/FRESH_COND_FT_EXP044/baselines/DETSEQ01-S42-V1016/snapshot_step_00000.pt,1,unknown,89ad5ad3c6577cd99370ef79d28568969327a5ca319eac7d7a807feb92869818,model_only,unknown,unknown,model_state_only
DETSEQ01-S42-V1016:snapshot_step_00001,component_family:fresh;team_a:exp_025;team_a:exp_044,fresh,unknown,unknown,artifacts/FRESH_COND_FT_EXP044/baselines/DETSEQ01-S42-V1016/snapshot_step_00001.pt,1,unknown,1844d30518a77ed849d595df2c2b2decd11e21834d77c08d8c0ccb053439f4a8,model_only,unknown,unknown,model_state_only
DETSEQ01-S42-V1016:snapshot_step_00100,component_family:fresh;team_a:exp_025;team_a:exp_044,fresh,unknown,unknown,artifacts/FRESH_COND_FT_EXP044/baselines/DETSEQ01-S42-V1016/snapshot_step_00100.pt,1,unknown,fa9942cf8760988677657dbaff209386ce37813ed584fd2e7013cb2a14234d1c,model_only,unknown,unknown,model_state_only
DETSEQ01-S42-V1016:snapshot_step_01000,component_family:fresh;team_a:exp_025;team_a:exp_044,fresh,unknown,unknown,artifacts/FRESH_COND_FT_EXP044/baselines/DETSEQ01-S42-V1016/snapshot_step_01000.pt,1,unknown,c8f83e9da4b5324b5830e253aab9da8334307e95ecc7d174aba2e843efd83a41,model_only,unknown,unknown,model_state_only
DETSEQ01-S42-V1016:snapshot_step_04842,component_family:fresh;team_a:exp_025;team_a:exp_044,fresh,unknown,unknown,artifacts/FRESH_COND_FT_EXP044/baselines/DETSEQ01-S42-V1016/snapshot_step_04842.pt,1,unknown,0be46adf57c6d9b66412d60ed8341d45055ef0a18f13462d2d388ef6fb59360f,model_only,unknown,unknown,model_state_only
DETSEQ01-S42-V1016:snapshot_step_09684,component_family:fresh;team_a:exp_025;team_a:exp_044,fresh,unknown,unknown,artifacts/FRESH_COND_FT_EXP044/baselines/DETSEQ01-S42-V1016/snapshot_step_09684.pt,1,unknown,397f29d79d2cca437d50abaa90a723b589c36e4adefefa8894668db1be49c121,model_only,unknown,unknown,model_state_only
DETSEQ01-S42-V1016:snapshot_step_14526,component_family:fresh;team_a:exp_025;team_a:exp_044,fresh,unknown,unknown,artifacts/FRESH_COND_FT_EXP044/baselines/DETSEQ01-S42-V1016/snapshot_step_14526.pt,1,unknown,52956c13f577dc6b8dae70eeb07e8c4788399f1297c98bc2c7360d24a3566101,model_only,unknown,unknown,model_state_only
DETSEQ01-S42-V1016:snapshot_step_19368,component_family:fresh;team_a:exp_025;team_a:exp_044,fresh,unknown,unknown,artifacts/FRESH_COND_FT_EXP044/baselines/DETSEQ01-S42-V1016/snapshot_step_19368.pt,1,unknown,1cc7159c8d5c36434aae7378172b1fcb03b0fabb5c0d3b6ffa3cc6b86ae70b41,model_only,unknown,unknown,model_state_only
DETSEQ01-S43-V1016,team_a:exp_025,unknown,unknown,unknown,artifacts/model_DETSEQ01-S43-V1016.pt,1,unknown,819cf3bf09729f700bdb1e97fdaedb3868c4ca59ca822b035cc64e29a515f0b2,model_only,unknown,unknown,model_state_only
DETSEQ01-S43-V1016:snapshot_step_00000,component_family:fresh;team_a:exp_025;team_a:exp_044,fresh,unknown,unknown,artifacts/FRESH_COND_FT_EXP044/baselines/DETSEQ01-S43-V1016/snapshot_step_00000.pt,1,unknown,e1e6e56067bc7b3e1111b232280d2f2f40138e01ca892418c0862a3f1f115e97,model_only,unknown,unknown,model_state_only
DETSEQ01-S43-V1016:snapshot_step_00001,component_family:fresh;team_a:exp_025;team_a:exp_044,fresh,unknown,unknown,artifacts/FRESH_COND_FT_EXP044/baselines/DETSEQ01-S43-V1016/snapshot_step_00001.pt,1,unknown,696b5017c7b8f448d151963a368c4a427b9e490764bb3a97030bedfa72b3d586,model_only,unknown,unknown,model_state_only
DETSEQ01-S43-V1016:snapshot_step_00100,component_family:fresh;team_a:exp_025;team_a:exp_044,fresh,unknown,unknown,artifacts/FRESH_COND_FT_EXP044/baselines/DETSEQ01-S43-V1016/snapshot_step_00100.pt,1,unknown,1c785729fe279882fd325b9bc824b48280972f71d5cf2223bd7ac056bdad674c,model_only,unknown,unknown,model_state_only
DETSEQ01-S43-V1016:snapshot_step_01000,component_family:fresh;team_a:exp_025;team_a:exp_044,fresh,unknown,unknown,artifacts/FRESH_COND_FT_EXP044/baselines/DETSEQ01-S43-V1016/snapshot_step_01000.pt,1,unknown,e1a6fcb22f23d09983561a5e1b8fa26fba6ea01de163abf56c369ad89d58616c,model_only,unknown,unknown,model_state_only
DETSEQ01-S43-V1016:snapshot_step_04842,component_family:fresh;team_a:exp_025;team_a:exp_044,fresh,unknown,unknown,artifacts/FRESH_COND_FT_EXP044/baselines/DETSEQ01-S43-V1016/snapshot_step_04842.pt,1,unknown,5d30231b2e25f24f4b4e7e39e64ba197d952e59987d41b6898d5cb38d8b2ed0a,model_only,unknown,unknown,model_state_only
DETSEQ01-S43-V1016:snapshot_step_09684,component_family:fresh;team_a:exp_025;team_a:exp_044,fresh,unknown,unknown,artifacts/FRESH_COND_FT_EXP044/baselines/DETSEQ01-S43-V1016/snapshot_step_09684.pt,1,unknown,b8879ce8cbbcba6fd3b3fd109a635142b2e14dbccb52ec2b1e0255dd7b6740ef,model_only,unknown,unknown,model_state_only
DETSEQ01-S43-V1016:snapshot_step_14526,component_family:fresh;team_a:exp_025;team_a:exp_044,fresh,unknown,unknown,artifacts/FRESH_COND_FT_EXP044/baselines/DETSEQ01-S43-V1016/snapshot_step_14526.pt,1,unknown,fe72f4bb93d64bdaa19256d330fe5bea9faaeb5894ead6d18add8dd3afdb960d,model_only,unknown,unknown,model_state_only
DETSEQ01-S43-V1016:snapshot_step_19368,component_family:fresh;team_a:exp_025;team_a:exp_044,fresh,unknown,unknown,artifacts/FRESH_COND_FT_EXP044/baselines/DETSEQ01-S43-V1016/snapshot_step_19368.pt,1,unknown,fd7cacd0aae7891c9ed1cba6600beadf30e392b0e7354cd9a28e287c5cf1943a,model_only,unknown,unknown,model_state_only
DETSEQ01-S44-V1016,team_a:exp_025,unknown,unknown,unknown,artifacts/model_DETSEQ01-S44-V1016.pt,1,unknown,66de739d198eda6b2cfeebcee16b225140877173512ef9ac3936fc105f9f0afd,model_only,unknown,unknown,model_state_only
DETSEQ01-S44-V1016:snapshot_step_00000,component_family:fresh;team_a:exp_025;team_a:exp_044,fresh,unknown,unknown,artifacts/FRESH_COND_FT_EXP044/baselines/DETSEQ01-S44-V1016/snapshot_step_00000.pt,1,unknown,5fba8eb356176cf3cae1f5c3f8e44ebcb3d9b328d190d04e94ffcd29e531922a,model_only,unknown,unknown,model_state_only
DETSEQ01-S44-V1016:snapshot_step_00001,component_family:fresh;team_a:exp_025;team_a:exp_044,fresh,unknown,unknown,artifacts/FRESH_COND_FT_EXP044/baselines/DETSEQ01-S44-V1016/snapshot_step_00001.pt,1,unknown,517d3e4dba60fe5a6b60941f3657246935f0cf7a1133d52ecbcded3f2fb80885,model_only,unknown,unknown,model_state_only
DETSEQ01-S44-V1016:snapshot_step_00100,component_family:fresh;team_a:exp_025;team_a:exp_044,fresh,unknown,unknown,artifacts/FRESH_COND_FT_EXP044/baselines/DETSEQ01-S44-V1016/snapshot_step_00100.pt,1,unknown,9339046cfba430a876bfdc1a1a40edaac0edce6e94b4b929e92ba96c9f280744,model_only,unknown,unknown,model_state_only
DETSEQ01-S44-V1016:snapshot_step_01000,component_family:fresh;team_a:exp_025;team_a:exp_044,fresh,unknown,unknown,artifacts/FRESH_COND_FT_EXP044/baselines/DETSEQ01-S44-V1016/snapshot_step_01000.pt,1,unknown,523a5f055e8fb34e12994b16c97a47d456e9247bb87dcb0032244f51d54cb68b,model_only,unknown,unknown,model_state_only
DETSEQ01-S44-V1016:snapshot_step_04842,component_family:fresh;team_a:exp_025;team_a:exp_044,fresh,unknown,unknown,artifacts/FRESH_COND_FT_EXP044/baselines/DETSEQ01-S44-V1016/snapshot_step_04842.pt,1,unknown,eacf73b8e10f75b20813036742727a0c86a56fcde1de150be99fa12f6eb06df0,model_only,unknown,unknown,model_state_only
DETSEQ01-S44-V1016:snapshot_step_09684,component_family:fresh;team_a:exp_025;team_a:exp_044,fresh,unknown,unknown,artifacts/FRESH_COND_FT_EXP044/baselines/DETSEQ01-S44-V1016/snapshot_step_09684.pt,1,unknown,db99dbf40a5bb7fc4efcce2fbdfcbc140b8d0d497203156eff6ecf7f9f7f1283,model_only,unknown,unknown,model_state_only
DETSEQ01-S44-V1016:snapshot_step_14526,component_family:fresh;team_a:exp_025;team_a:exp_044,fresh,unknown,unknown,artifacts/FRESH_COND_FT_EXP044/baselines/DETSEQ01-S44-V1016/snapshot_step_14526.pt,1,unknown,bfad1e9a7a851d00b0fd8367f1a1e913e6091866d9ed8497ec712354c735257e,model_only,unknown,unknown,model_state_only
DETSEQ01-S44-V1016:snapshot_step_19368,component_family:fresh;team_a:exp_025;team_a:exp_044,fresh,unknown,unknown,artifacts/FRESH_COND_FT_EXP044/baselines/DETSEQ01-S44-V1016/snapshot_step_19368.pt,1,unknown,b961bf3607c9259189a60aa70261c507f0bb1c1c5c9aaf2dc74745c5bf0bec36,model_only,unknown,unknown,model_state_only
DOMAIN-01-DIRECT,independent_domain:exp_028,unknown,linked_worktree/independent_domain/artifacts/domain_01/oof_DOMAIN-01-DIRECT.npz,unknown,unknown,1,"arrays=user_id:(770616,):int64|cutoff:(770616,):<U10|z:(770616,):float32|y:(770616,):float32",e02aa884a2ef9e96b5b902e3039778a88d3f574d5432cbeebd13f4b16bb9b827,oof_only,unknown,unknown,potential_component_only_not_a_recommendation
DOMAIN-01-DIRECT_20250904,independent_domain:exp_028,unknown,linked_worktree/independent_domain/artifacts/domain_01/oof_DOMAIN-01-DIRECT_20250904.npz,unknown,linked_worktree/independent_domain/artifacts/domain_01/model_DOMAIN-01-DIRECT_20250904.txt,2,"arrays=user_id:(188518,):int64|cutoff:(188518,):<U10|z:(188518,):float32|y:(188518,):float32;unknown",7cfaf3f886d8283fc4d41ea174c57232d972e13ab3d681d8eb1b1721b60d590b;c5b4b15273c6044300255a4cfb12c92807045f838082d35f8e6a68be496577a0,oof_only,unknown,unknown,potential_component_only_not_a_recommendation
DOMAIN-01-DIRECT_20250918,independent_domain:exp_028,unknown,linked_worktree/independent_domain/artifacts/domain_01/oof_DOMAIN-01-DIRECT_20250918.npz,unknown,linked_worktree/independent_domain/artifacts/domain_01/model_DOMAIN-01-DIRECT_20250918.txt,2,"arrays=user_id:(191025,):int64|cutoff:(191025,):<U10|z:(191025,):float32|y:(191025,):float32;unknown",e4c0fc32f7b0961254ff27c69893713e23a246ef8de289bbfbb7ab94129e09e4;f38727273768fa573a97e70fdd9e6e1eefe398553d3f68668be7de41090aeb95,oof_only,unknown,unknown,potential_component_only_not_a_recommendation
DOMAIN-01-DIRECT_20251002,independent_domain:exp_028,unknown,linked_worktree/independent_domain/artifacts/domain_01/oof_DOMAIN-01-DIRECT_20251002.npz,unknown,linked_worktree/independent_domain/artifacts/domain_01/model_DOMAIN-01-DIRECT_20251002.txt,2,"arrays=user_id:(193694,):int64|cutoff:(193694,):<U10|z:(193694,):float32|y:(193694,):float32;unknown",c620b734a3f280bb4aecc6479ee5e407ab348ccf1c5027f258cd63888f78e7c2;2f6910b7a987763e1535c9f4e859c1db1ad9745eddc50fd4999f3aa550e6e75c,oof_only,unknown,unknown,potential_component_only_not_a_recommendation
DOMAIN-01-DIRECT_20251016,independent_domain:exp_028,unknown,linked_worktree/independent_domain/artifacts/domain_01/oof_DOMAIN-01-DIRECT_20251016.npz,unknown,linked_worktree/independent_domain/artifacts/domain_01/model_DOMAIN-01-DIRECT_20251016.txt,2,"arrays=user_id:(197379,):int64|cutoff:(197379,):<U10|z:(197379,):float32|y:(197379,):float32;unknown",92b6b6be2e0bb8bf7755fcba88207c760027047b22674385a9e72ae82b2193cb;072f533c6f09b1ef1d412d957a3c4663d653d6d2fa0123d9623f00237c6c9cf2,oof_only,unknown,unknown,potential_component_only_not_a_recommendation
ETX-01-S42,component_family:etx,etx,artifacts/oof_ETX-01-S42.npz,artifacts/ztest_ETX-01-S42.npy,unknown,2,"array=ztest_ETX-01-S42:(250000,):float64;arrays=user_id:(770616,):int64|cutoff:(770616,):<U10|z:(770616,):float32|y:(770616,):float32",679aa17bfadbb376552c28494de625b29feebe8b4cf09b4a1c18f1e41de819fa;11576380436f1fa1e1366f9f9abff196b42a6aa50fc43b548c7dc9dcb7c2e25f,oof_and_test,unknown,unknown,potential_component_only_not_a_recommendation
ETX-01-S42-DC,component_family:etx,etx,unknown,artifacts/ztest_ETX-01-S42-DC.npy,unknown,1,"array=ztest_ETX-01-S42-DC:(250000,):float64",0bc1b1afce5806e9345c2903f3a31bf87ac825a26710d4c5ed1d87e292c5f96a,test_only,unknown,unknown,potential_component_only_not_a_recommendation
ETX-01-S42-DCW,component_family:etx,etx,unknown,artifacts/ztest_ETX-01-S42-DCW.npy;пайплайн сокомандника/friend_original/submission_STRONGEST_CURRENT/artifacts/predictions/ztest_ETX-01-S42-DCW.npy,unknown,2,"array=ztest_ETX-01-S42-DCW:(250000,):float64",2a9f9955503578fb48b959c7253f1d8a7de0c1ffb85704dfb2ff85253fea1c39;2a9f9955503578fb48b959c7253f1d8a7de0c1ffb85704dfb2ff85253fea1c39,test_only,contains_exact_duplicate_artifacts,unknown,potential_component_only_not_a_recommendation
ETX-01-S42-FULL,component_family:etx,etx,unknown,artifacts/ztest_ETX-01-S42-FULL.npy,unknown,1,"array=ztest_ETX-01-S42-FULL:(250000,):float64",4015e2161760e63979414147cbdfadeb07dac81386013daffdd38b402cd4878c,test_only,unknown,unknown,potential_component_only_not_a_recommendation
ETX-01-S42-TEST,component_family:etx,etx,unknown,unknown,artifacts/model_ETX-01-S42-TEST.pt;пайплайн сокомандника/friend_original/submission_STRONGEST_CURRENT/artifacts/models/model_ETX-01-S42-TEST.pt,2,unknown,bc8af886d1a4b5c81124211c8bac1d237b9987ec535faf009442526184b0937a;bc8af886d1a4b5c81124211c8bac1d237b9987ec535faf009442526184b0937a,model_only,contains_exact_duplicate_artifacts,unknown,model_state_only
ETX-01-S42-V0904,component_family:etx,etx,artifacts/oof_ETX-01-S42-V0904.npz,unknown,artifacts/model_ETX-01-S42-V0904.pt,2,"arrays=user_id:(188518,):int64|cutoff:(188518,):<U10|z:(188518,):float32|y:(188518,):float32;unknown",558fd1554076ec03ea976aa31808697003e98591c03b7ddb9403a2a9fbc1ad53;c60a9f92ff58a64c65724e07e04ead4ac6ce078e5b0f172377243fb5339adc4c,oof_only,unknown,unknown,potential_component_only_not_a_recommendation
ETX-01-S42-V0918,component_family:etx,etx,artifacts/oof_ETX-01-S42-V0918.npz,unknown,artifacts/model_ETX-01-S42-V0918.pt,2,"arrays=user_id:(191025,):int64|cutoff:(191025,):<U10|z:(191025,):float32|y:(191025,):float32;unknown",a7ad59fbdf0dee5ff02d2aed2fc1e7043de98a6f627d54e9b5815d585116eda5;afec28e0124c5422c1b38cd52d2d9da87e4535dbebf13f8c83faa0f2bffdfc9f,oof_only,unknown,unknown,potential_component_only_not_a_recommendation
ETX-01-S42-V1002,component_family:etx,etx,artifacts/oof_ETX-01-S42-V1002.npz,unknown,artifacts/model_ETX-01-S42-V1002.pt,2,"arrays=user_id:(193694,):int64|cutoff:(193694,):<U10|z:(193694,):float32|y:(193694,):float32;unknown",419e4060887fdcbc596d3147f6cb11d9ff7c5af746e01a21ea1edb2e0c9a591f;def5d02ffe8f3d4d7f9b87929b30f6a18ffbdf882a7e9edcc401f4bb26f84e5e,oof_only,unknown,unknown,potential_component_only_not_a_recommendation
ETX-01-S42-V1016,component_family:etx,etx,artifacts/oof_ETX-01-S42-V1016.npz,unknown,artifacts/model_ETX-01-S42-V1016.pt,2,"arrays=user_id:(197379,):int64|cutoff:(197379,):<U10|z:(197379,):float32|y:(197379,):float32;unknown",a16f9c255b11825e112db8c69572f96ba64a72d70941041d90fba7968d8aa177;18e35df4d7960818a9fa640ec3eafdf7fbb212c6cfa224ee426b4a126abd8b2f,oof_only,unknown,unknown,potential_component_only_not_a_recommendation
ETX-01-S43,component_family:etx,etx,artifacts/oof_ETX-01-S43.npz,artifacts/ztest_ETX-01-S43.npy,unknown,2,"array=ztest_ETX-01-S43:(250000,):float64;arrays=user_id:(770616,):int64|cutoff:(770616,):<U10|z:(770616,):float32|y:(770616,):float32",69ffc5703428443fbc2bdb569c101a6158c75c55baab86f90aa315a4a2ae73a9;e4a330bf493f4c2abfc8cb20001fc9c048f614a3b6a6a462c60e63f1affe7f53,oof_and_test,unknown,unknown,potential_component_only_not_a_recommendation
ETX-01-S43-DCW,component_family:etx,etx,unknown,artifacts/ztest_ETX-01-S43-DCW.npy;пайплайн сокомандника/friend_original/submission_STRONGEST_CURRENT/artifacts/predictions/ztest_ETX-01-S43-DCW.npy,unknown,2,"array=ztest_ETX-01-S43-DCW:(250000,):float64",eba71ea4cc7eb43958fa5b3fae9ae6812052643293677f85d8acac7b86283c04;eba71ea4cc7eb43958fa5b3fae9ae6812052643293677f85d8acac7b86283c04,test_only,contains_exact_duplicate_artifacts,unknown,potential_component_only_not_a_recommendation
ETX-01-S43-FULL,component_family:etx,etx,unknown,artifacts/ztest_ETX-01-S43-FULL.npy,unknown,1,"array=ztest_ETX-01-S43-FULL:(250000,):float64",db7312807848811da2ab60a39beb70317eccaa7192371fca46525f0b89f6071c,test_only,unknown,unknown,potential_component_only_not_a_recommendation
ETX-01-S43-TEST,component_family:etx,etx,unknown,unknown,artifacts/model_ETX-01-S43-TEST.pt;пайплайн сокомандника/friend_original/submission_STRONGEST_CURRENT/artifacts/models/model_ETX-01-S43-TEST.pt,2,unknown,685c228b4089a4c2d7292bdd1ad17ee6a402366fd6c557d37d31f6a278c4b4b2;685c228b4089a4c2d7292bdd1ad17ee6a402366fd6c557d37d31f6a278c4b4b2,model_only,contains_exact_duplicate_artifacts,unknown,model_state_only
ETX-01-S43-V0904,component_family:etx,etx,artifacts/oof_ETX-01-S43-V0904.npz,unknown,unknown,1,"arrays=user_id:(188518,):int64|cutoff:(188518,):<U10|z:(188518,):float32|y:(188518,):float32",49ae4d10fa04d80be2698214cd4879ea2f0ed87138f7b5c18ae02276bdb606f2,oof_only,unknown,unknown,potential_component_only_not_a_recommendation
ETX-01-S43-V0918,component_family:etx,etx,artifacts/oof_ETX-01-S43-V0918.npz,unknown,unknown,1,"arrays=user_id:(191025,):int64|cutoff:(191025,):<U10|z:(191025,):float32|y:(191025,):float32",3ef750d61c7226030d8d55f06ea9dea2eecc267723c6ab2547890e844dad008b,oof_only,unknown,unknown,potential_component_only_not_a_recommendation
ETX-01-S43-V1002,component_family:etx,etx,artifacts/oof_ETX-01-S43-V1002.npz,unknown,unknown,1,"arrays=user_id:(193694,):int64|cutoff:(193694,):<U10|z:(193694,):float32|y:(193694,):float32",1c212b4f5a79de3c852929911c902df12e3a7ed018353a9e8300563018e3efe3,oof_only,unknown,unknown,potential_component_only_not_a_recommendation
ETX-01-S43-V1016,component_family:etx,etx,artifacts/oof_ETX-01-S43-V1016.npz,unknown,unknown,1,"arrays=user_id:(197379,):int64|cutoff:(197379,):<U10|z:(197379,):float32|y:(197379,):float32",89e6bb0b8e2ba6932ca00f786345362fadc903bbf16404f52193c0db9f4984a8,oof_only,unknown,unknown,potential_component_only_not_a_recommendation
ETX-01-S44,component_family:etx,etx,artifacts/oof_ETX-01-S44.npz,artifacts/ztest_ETX-01-S44.npy,unknown,2,"array=ztest_ETX-01-S44:(250000,):float64;arrays=user_id:(770616,):int64|cutoff:(770616,):<U10|z:(770616,):float32|y:(770616,):float32",203ffe180c1105d0d86e12a4997e47b598c700fc16047bfd46e52588dcc2750c;506bd8325ad203dadaa303ec6903824f6928cfd07952363fa596aba1024be913,oof_and_test,unknown,unknown,potential_component_only_not_a_recommendation
ETX-01-S44-DCW,component_family:etx,etx,unknown,artifacts/ztest_ETX-01-S44-DCW.npy;пайплайн сокомандника/friend_original/submission_STRONGEST_CURRENT/artifacts/predictions/ztest_ETX-01-S44-DCW.npy,unknown,2,"array=ztest_ETX-01-S44-DCW:(250000,):float64",eb69c69fbabef0648ae555bcda4ada05d3ec3d7bbf8214b10fa2ebaab4a19c34;eb69c69fbabef0648ae555bcda4ada05d3ec3d7bbf8214b10fa2ebaab4a19c34,test_only,contains_exact_duplicate_artifacts,unknown,potential_component_only_not_a_recommendation
ETX-01-S44-FULL,component_family:etx,etx,unknown,artifacts/ztest_ETX-01-S44-FULL.npy,unknown,1,"array=ztest_ETX-01-S44-FULL:(250000,):float64",a80d9278a64a6e4c429c9499ad8f640bccdb03aa872bc4853e72c9387165c85a,test_only,unknown,unknown,potential_component_only_not_a_recommendation
ETX-01-S44-TEST,component_family:etx,etx,unknown,unknown,artifacts/model_ETX-01-S44-TEST.pt;пайплайн сокомандника/friend_original/submission_STRONGEST_CURRENT/artifacts/models/model_ETX-01-S44-TEST.pt,2,unknown,1a5b31e0687ac6cdbbbd4910f6924080f61f05b64b465b77fab7283e8479d7c4;1a5b31e0687ac6cdbbbd4910f6924080f61f05b64b465b77fab7283e8479d7c4,model_only,contains_exact_duplicate_artifacts,unknown,model_state_only
ETX-01-S44-V0904,component_family:etx,etx,artifacts/oof_ETX-01-S44-V0904.npz,unknown,artifacts/model_ETX-01-S44-V0904.pt,2,"arrays=user_id:(188518,):int64|cutoff:(188518,):<U10|z:(188518,):float32|y:(188518,):float32;unknown",39c6a580338fcfdf130e8daabc460d19548cd44fa6f1a6e00ef878c1aa494a61;95949df34e7a66fdc8e3d324566bc45963fbc7f4641d77eb325188e38fc22d78,oof_only,unknown,unknown,potential_component_only_not_a_recommendation
ETX-01-S44-V0918,component_family:etx,etx,artifacts/oof_ETX-01-S44-V0918.npz,unknown,artifacts/model_ETX-01-S44-V0918.pt,2,"arrays=user_id:(191025,):int64|cutoff:(191025,):<U10|z:(191025,):float32|y:(191025,):float32;unknown",438682474921d1982d513e9d0b5bbc95e340576f291a9e67169883872319d36b;037eef5f005cd52aaa9b88ca6e1a6f05e14ba80c769f2f5106f6ba012e8b4397,oof_only,unknown,unknown,potential_component_only_not_a_recommendation
ETX-01-S44-V1002,component_family:etx,etx,artifacts/oof_ETX-01-S44-V1002.npz,unknown,artifacts/model_ETX-01-S44-V1002.pt,2,"arrays=user_id:(193694,):int64|cutoff:(193694,):<U10|z:(193694,):float32|y:(193694,):float32;unknown",6625f8e25253b6128b7db1b42cc0f2dc2d3b5937cd29350f402dd334ed96a112;80d5fbdb5e6af69ee491de6c1df704273f8226faba3c3e35091de50f238fb722,oof_only,unknown,unknown,potential_component_only_not_a_recommendation
ETX-01-S44-V1016,component_family:etx,etx,artifacts/oof_ETX-01-S44-V1016.npz,unknown,unknown,1,"arrays=user_id:(197379,):int64|cutoff:(197379,):<U10|z:(197379,):float32|y:(197379,):float32",ea77e0b085a1d967b7af530f5b7dbd0009a141b06227b5cf1a5fdf1e7383d7f2,oof_only,unknown,unknown,potential_component_only_not_a_recommendation
ETX-AVG2,component_family:etx,etx,artifacts/oof_ETX-AVG2.npz,unknown,unknown,1,"arrays=user_id:(770616,):int64|cutoff:(770616,):<U10|z:(770616,):float32|y:(770616,):float32",ab36c9cf57d849f08bbd66f90abf59c80a2b0710a6cf5e021789ae1e9ce7868b,oof_only,unknown,unknown,potential_component_only_not_a_recommendation
ETX-AVG2-V0904,component_family:etx,etx,artifacts/oof_ETX-AVG2-V0904.npz,unknown,unknown,1,"arrays=user_id:(188518,):int64|cutoff:(188518,):<U10|z:(188518,):float32|y:(188518,):float32",dbd9d3c5bab2bc4b96ed7fa1148df3a9654cfbce1e147d0183706bf04ad60b20,oof_only,unknown,unknown,potential_component_only_not_a_recommendation
ETX-AVG2-V0918,component_family:etx,etx,artifacts/oof_ETX-AVG2-V0918.npz,unknown,unknown,1,"arrays=user_id:(191025,):int64|cutoff:(191025,):<U10|z:(191025,):float32|y:(191025,):float32",ed171395de9dde464f848e29f9821a5c05e41aa9a6211ce8b00ae3f794e74e00,oof_only,unknown,unknown,potential_component_only_not_a_recommendation
ETX-AVG2-V1002,component_family:etx,etx,artifacts/oof_ETX-AVG2-V1002.npz,unknown,unknown,1,"arrays=user_id:(193694,):int64|cutoff:(193694,):<U10|z:(193694,):float32|y:(193694,):float32",05c2b5a26f6d234fca6b956958395476a61394d7aaa3cc1a6db62769c4636bdd,oof_only,unknown,unknown,potential_component_only_not_a_recommendation
ETX-AVG2-V1016,component_family:etx,etx,artifacts/oof_ETX-AVG2-V1016.npz,unknown,unknown,1,"arrays=user_id:(197379,):int64|cutoff:(197379,):<U10|z:(197379,):float32|y:(197379,):float32",72b5335faa79c6104241638660a9ee5a310fd002c2cf5c6ee434358729464cbe,oof_only,unknown,unknown,potential_component_only_not_a_recommendation
ETX-AVG3,component_family:etx,etx,artifacts/oof_ETX-AVG3.npz,unknown,unknown,1,"arrays=user_id:(770616,):int64|cutoff:(770616,):<U10|z:(770616,):float32|y:(770616,):float32",890aef1a0967df5fb70b4546dadb77b70b4aafa08f4cae6a31a3a030f3e7bf2f,oof_only,unknown,unknown,potential_component_only_not_a_recommendation
ETX-AVG3-V0904,component_family:etx,etx,artifacts/oof_ETX-AVG3-V0904.npz,unknown,unknown,1,"arrays=user_id:(188518,):int64|cutoff:(188518,):<U10|z:(188518,):float32|y:(188518,):float32",85df4caa91dc10e3b635b9746ad32165c5788fc32b7a23b02054440c92c54332,oof_only,unknown,unknown,potential_component_only_not_a_recommendation
ETX-AVG3-V0918,component_family:etx,etx,artifacts/oof_ETX-AVG3-V0918.npz,unknown,unknown,1,"arrays=user_id:(191025,):int64|cutoff:(191025,):<U10|z:(191025,):float32|y:(191025,):float32",0fc1fb298c4242cb7cbbaf71b0cf3f3ba18defd5acef5ead6d16e0a95f4f86b5,oof_only,unknown,unknown,potential_component_only_not_a_recommendation
ETX-AVG3-V1002,component_family:etx,etx,artifacts/oof_ETX-AVG3-V1002.npz,unknown,unknown,1,"arrays=user_id:(193694,):int64|cutoff:(193694,):<U10|z:(193694,):float32|y:(193694,):float32",ee94855384ee8444ae0d6694d83a04f8f92c736f341caa55a62f398f313aeb2a,oof_only,unknown,unknown,potential_component_only_not_a_recommendation
ETX-AVG3-V1016,component_family:etx,etx,artifacts/oof_ETX-AVG3-V1016.npz,unknown,unknown,1,"arrays=user_id:(197379,):int64|cutoff:(197379,):<U10|z:(197379,):float32|y:(197379,):float32",87f895557bce82a098c3a470672ae72a04ab1d4f24890a4b11e02a3bea993a51,oof_only,unknown,unknown,potential_component_only_not_a_recommendation
ETX-CKPT1016-DC,component_family:etx,etx,unknown,artifacts/ztest_ETX-CKPT1016-DC.npy,unknown,1,"array=ztest_ETX-CKPT1016-DC:(250000,):float64",cdb8fe842e2c3407b809d2ab636970179100ffecff630ade6daecbbb6d869449,test_only,unknown,unknown,potential_component_only_not_a_recommendation
EXP-MIN,unknown,unknown,unknown,artifacts/ztest_EXP-MIN.npy,unknown,1,"array=ztest_EXP-MIN:(250000,):float64",aa50cdc6bf62a71bbd94d8d6a49aebe7638c51aa3856256eff38ef3ec3b960ab,test_only,unknown,unknown,potential_component_only_not_a_recommendation
EXP-SIM,unknown,unknown,unknown,artifacts/ztest_EXP-SIM.npy,unknown,1,"array=ztest_EXP-SIM:(250000,):float64",1dffe4db3f188954c8c101545c7573f7bbbb57bc38cf9f982d145d8ec27117fd,test_only,unknown,unknown,potential_component_only_not_a_recommendation
FINGERPRINT_EXP058:manifest,team_a:exp_058,unknown,unknown,unknown,research/strategies/results/FINGERPRINT_EXP058/model_manifest.json,1,keys=base|perm|real|same_rows_features_config,85877bc6a56f4c113bc2407b90e701a3f4a02bf6fabc187472731e05c69d3483,model_only,unknown,unknown,model_state_only
FNL-BASE-E3-L00-S42-V1016,component_family:fnl,fnl,artifacts/oof_FNL-BASE-E3-L00-S42-V1016.npz,unknown,artifacts/model_FNL-BASE-E3-L00-S42-V1016.pt,2,"arrays=user_id:(197379,):int64|cutoff:(197379,):<U10|z:(197379,):float32|y:(197379,):float32;unknown",e6795a1c290712a22142bdb939c7e0ba7e161f46ec5b58b9097fa0d34ffec8f5;f613bdab16aa6ba3c4a4aad5659d08506bd7e4028aa27b389b5eb5b085b4c57b,oof_only,unknown,unknown,potential_component_only_not_a_recommendation
FNL-BASE-L00-S42-V1016,component_family:fnl,fnl,artifacts/oof_FNL-BASE-L00-S42-V1016.npz,unknown,artifacts/model_FNL-BASE-L00-S42-V1016.pt,2,"arrays=user_id:(197379,):int64|cutoff:(197379,):<U10|z:(197379,):float32|y:(197379,):float32;unknown",412a723fba9c24f7e8e1847cc00ab1c4d3922c6e03846bd796ab908b8f878531;b1742912bcb9cc6e7d645776d41860481a0e838bf1d3b0255fc7a78974420fd0,oof_only,unknown,unknown,potential_component_only_not_a_recommendation
FNL-BASER2-L00-S42-V1016,component_family:fnl,fnl,artifacts/oof_FNL-BASER2-L00-S42-V1016.npz,unknown,artifacts/model_FNL-BASER2-L00-S42-V1016.pt,2,"arrays=user_id:(197379,):int64|cutoff:(197379,):<U10|z:(197379,):float32|y:(197379,):float32;unknown",b1ea78991380d5546d382a4711670f5483dd525380952eca00f12ee2d77a87a1;4a4e4546b4744e6d70aa5c7af8463202effabd76a186e01d6d22d054088647e4,oof_only,unknown,unknown,potential_component_only_not_a_recommendation
FNL-BUYCTRL-L10-S42-V1016,component_family:fnl,fnl,artifacts/oof_FNL-BUYCTRL-L10-S42-V1016.npz,unknown,artifacts/model_FNL-BUYCTRL-L10-S42-V1016.pt,2,"arrays=user_id:(197379,):int64|cutoff:(197379,):<U10|z:(197379,):float32|y:(197379,):float32;unknown",c6a9c41345ce51ff2d0a8b47c06a2449319d01c2632de4464ff0991a80b78515;896dab3c3545b0b551d7d74b58b8372f1d2340deb39703774808086e902b260e,oof_only,unknown,unknown,potential_component_only_not_a_recommendation
FNL-BUYCTRL-L30-S42-V1016,component_family:fnl,fnl,artifacts/oof_FNL-BUYCTRL-L30-S42-V1016.npz,unknown,artifacts/model_FNL-BUYCTRL-L30-S42-V1016.pt,2,"arrays=user_id:(197379,):int64|cutoff:(197379,):<U10|z:(197379,):float32|y:(197379,):float32;unknown",a96306d964a88872e7ad82e40c365c0b981edebb9e0685b3adfc2228ab187fe9;af36eaf134c34e57b2d7de1cbd1601e6109188d1603272be33b62ef8be968187,oof_only,unknown,unknown,potential_component_only_not_a_recommendation
FNL-CART-L10-S42-V1016,component_family:fnl,fnl,artifacts/oof_FNL-CART-L10-S42-V1016.npz,unknown,artifacts/model_FNL-CART-L10-S42-V1016.pt,2,"arrays=user_id:(197379,):int64|cutoff:(197379,):<U10|z:(197379,):float32|y:(197379,):float32;unknown",2af62afde76538fc924ef8bd4374c2fa5b06c1e2c7c62899d663035b5a0930ca;e5c1d6dd93587dde70d68ef20b7fac4176f369a48c4bf37aa4d6bb18973c1cf9,oof_only,unknown,unknown,potential_component_only_not_a_recommendation
FNL-CART-L30-S42-V1016,component_family:fnl,fnl,artifacts/oof_FNL-CART-L30-S42-V1016.npz,unknown,artifacts/model_FNL-CART-L30-S42-V1016.pt,2,"arrays=user_id:(197379,):int64|cutoff:(197379,):<U10|z:(197379,):float32|y:(197379,):float32;unknown",2f3385117ff2ce520fdce5ca426686a1fe9d4fd1def3b06ff4f860d986627292;62b2cd4243db63b198fd8cc0ca4719a2b74147efac10f59ffd382a189a050bd6,oof_only,unknown,unknown,potential_component_only_not_a_recommendation
FNL-FUNNEL-L10-S42-V1016,component_family:fnl,fnl,artifacts/oof_FNL-FUNNEL-L10-S42-V1016.npz,unknown,artifacts/model_FNL-FUNNEL-L10-S42-V1016.pt,2,"arrays=user_id:(197379,):int64|cutoff:(197379,):<U10|z:(197379,):float32|y:(197379,):float32;unknown",7924154b8ff3f48a8ce8634333653ac81b218fcb9eac9cecd90bbb51da0dd09b;aa3a416590a6779cb3105a6df14077bfb4be37a54f8c1ab0a63bd524e4c8ec6a,oof_only,unknown,unknown,potential_component_only_not_a_recommendation
FNL-FUNNEL-L30-S42-V1016,component_family:fnl,fnl,artifacts/oof_FNL-FUNNEL-L30-S42-V1016.npz,unknown,artifacts/model_FNL-FUNNEL-L30-S42-V1016.pt,2,"arrays=user_id:(197379,):int64|cutoff:(197379,):<U10|z:(197379,):float32|y:(197379,):float32;unknown",3ee86c2e211039c616f522e579c745859cba67a40dffdc4aedbc845e42da92f9;89d53e81322628a7db861ca2e5c36d0d9b252a8bc7ef99c6aca379b44bcb3923,oof_only,unknown,unknown,potential_component_only_not_a_recommendation
FRESH_CONTRAST_MOE,component_family:fresh;team_a:exp_040,fresh,artifacts/oof_FRESH_CONTRAST_MOE.npz,unknown,unknown,1,"arrays=uid:(770616,):int64|cutoff:(770616,):<U10|y:(770616,):float32|group:(770616,):int8|z_base:(770616,):float32|z_clean:(770616,):float32|z_vol:(770616,):float32|z_fresh:(770616,):float32|d_fresh:(770616,):float64|d_vol:(770616,):float64|w180:(770616,):float32|rec:(770616,):float32|fresh_processed_nested:(770616,):float64|vol_processed_nested:(770616,):float64",1fb3b8a2d0d77afd06bc529d69e32e07bd5f01060a775a7fc02fb65f6cb03cda,oof_only,unknown,unknown,potential_component_only_not_a_recommendation
GAP-DIST-K5-G030-S42,component_family:gap,gap,artifacts/oof_GAP-DIST-K5-G030-S42.npz,unknown,unknown,1,"arrays=user_id:(770616,):int64|cutoff:(770616,):<U10|z:(770616,):float32|y:(770616,):float32",f4377501da809a0800e68cfedc949f15b9ddb27cf1adbb1637a76ee0300e944a,oof_only,unknown,unknown,potential_component_only_not_a_recommendation
GAP-DIST-K5-G030-S42-R100,component_family:gap,gap,artifacts/oof_GAP-DIST-K5-G030-S42-R100.npz,unknown,unknown,1,"arrays=user_id:(770616,):int64|cutoff:(770616,):<U10|z:(770616,):float32|y:(770616,):float32",9c941520df5db48c9a6adfe48e8550bcb529bf6adbb72478957e8a56b2653def,oof_only,unknown,unknown,potential_component_only_not_a_recommendation
GAP-DIST-K5-G030-S42-R150,component_family:gap,gap,artifacts/oof_GAP-DIST-K5-G030-S42-R150.npz,unknown,unknown,1,"arrays=user_id:(770616,):int64|cutoff:(770616,):<U10|z:(770616,):float32|y:(770616,):float32",0990b39034e8de4b6d16913fdbdeff169ab3a166b6808d719dcefce85a108ac2,oof_only,unknown,unknown,potential_component_only_not_a_recommendation
GAP-DIST-K5-G030-S42-R200,component_family:gap,gap,artifacts/oof_GAP-DIST-K5-G030-S42-R200.npz,unknown,unknown,1,"arrays=user_id:(770616,):int64|cutoff:(770616,):<U10|z:(770616,):float32|y:(770616,):float32",f4377501da809a0800e68cfedc949f15b9ddb27cf1adbb1637a76ee0300e944a,oof_only,unknown,unknown,potential_component_only_not_a_recommendation
GAP-DIST-K5-G030-S42-R50,component_family:gap,gap,artifacts/oof_GAP-DIST-K5-G030-S42-R50.npz,unknown,unknown,1,"arrays=user_id:(770616,):int64|cutoff:(770616,):<U10|z:(770616,):float32|y:(770616,):float32",53d0de0b1b503f4ddce01a92371fc4eed99774c4e6fe2f916b465239f6b7b8ba,oof_only,unknown,unknown,potential_component_only_not_a_recommendation
GAP-DIST-K5-G060-S42,component_family:gap,gap,artifacts/oof_GAP-DIST-K5-G060-S42.npz,unknown,unknown,1,"arrays=user_id:(770616,):int64|cutoff:(770616,):<U10|z:(770616,):float32|y:(770616,):float32",4ee8e5b19855221023271c89bca653dfc68c9e985a4e79527efce0a6e7acffa5,oof_only,unknown,unknown,potential_component_only_not_a_recommendation
GAP-DIST-K5-G060-S42-R100,component_family:gap,gap,artifacts/oof_GAP-DIST-K5-G060-S42-R100.npz,unknown,unknown,1,"arrays=user_id:(770616,):int64|cutoff:(770616,):<U10|z:(770616,):float32|y:(770616,):float32",4d2dfd48dc5ff599af2c45042b464128d5481b6f054250cfc61638ab1790082b,oof_only,unknown,unknown,potential_component_only_not_a_recommendation
GAP-DIST-K5-G060-S42-R150,component_family:gap,gap,artifacts/oof_GAP-DIST-K5-G060-S42-R150.npz,unknown,unknown,1,"arrays=user_id:(770616,):int64|cutoff:(770616,):<U10|z:(770616,):float32|y:(770616,):float32",24158c35098e8a711051e17dcaf6ffa6866e61b70ff174cacc7043f4cbe6b87a,oof_only,unknown,unknown,potential_component_only_not_a_recommendation
GAP-DIST-K5-G060-S42-R200,component_family:gap,gap,artifacts/oof_GAP-DIST-K5-G060-S42-R200.npz,unknown,unknown,1,"arrays=user_id:(770616,):int64|cutoff:(770616,):<U10|z:(770616,):float32|y:(770616,):float32",4ee8e5b19855221023271c89bca653dfc68c9e985a4e79527efce0a6e7acffa5,oof_only,unknown,unknown,potential_component_only_not_a_recommendation
GAP-DIST-K5-G060-S42-R50,component_family:gap,gap,artifacts/oof_GAP-DIST-K5-G060-S42-R50.npz,unknown,unknown,1,"arrays=user_id:(770616,):int64|cutoff:(770616,):<U10|z:(770616,):float32|y:(770616,):float32",9cff89d1ca952398b9dde9b6f6fec2dc53a61b15735fc4bc3259f1db61e9af05,oof_only,unknown,unknown,potential_component_only_not_a_recommendation
GAP-DIST-K5-G120-S42,component_family:gap,gap,artifacts/oof_GAP-DIST-K5-G120-S42.npz,unknown,unknown,1,"arrays=user_id:(770616,):int64|cutoff:(770616,):<U10|z:(770616,):float32|y:(770616,):float32",e9c81713ad2777e8c85cb1243daa0b5ff8ebf46f4b349176301df2aa014fde52,oof_only,unknown,unknown,potential_component_only_not_a_recommendation
GAP-DIST-K5-G120-S42-R100,component_family:gap,gap,artifacts/oof_GAP-DIST-K5-G120-S42-R100.npz,unknown,unknown,1,"arrays=user_id:(770616,):int64|cutoff:(770616,):<U10|z:(770616,):float32|y:(770616,):float32",ab0b8165a65084222057144d575755d6b66520990c6d0eca89032763ab042a1e,oof_only,unknown,unknown,potential_component_only_not_a_recommendation
GAP-DIST-K5-G120-S42-R150,component_family:gap,gap,artifacts/oof_GAP-DIST-K5-G120-S42-R150.npz,unknown,unknown,1,"arrays=user_id:(770616,):int64|cutoff:(770616,):<U10|z:(770616,):float32|y:(770616,):float32",d39bec70e769eeab2a0eb1582b32034880d9792dfe941febaa0fb59bd27e304d,oof_only,unknown,unknown,potential_component_only_not_a_recommendation
GAP-DIST-K5-G120-S42-R200,component_family:gap,gap,artifacts/oof_GAP-DIST-K5-G120-S42-R200.npz,unknown,unknown,1,"arrays=user_id:(770616,):int64|cutoff:(770616,):<U10|z:(770616,):float32|y:(770616,):float32",e9c81713ad2777e8c85cb1243daa0b5ff8ebf46f4b349176301df2aa014fde52,oof_only,unknown,unknown,potential_component_only_not_a_recommendation
GAP-DIST-K5-G120-S42-R50,component_family:gap,gap,artifacts/oof_GAP-DIST-K5-G120-S42-R50.npz,unknown,unknown,1,"arrays=user_id:(770616,):int64|cutoff:(770616,):<U10|z:(770616,):float32|y:(770616,):float32",825a4596c9c16bf672ec7d1406f33df884fe2d7af5f92d77bedcb65940070cb9,oof_only,unknown,unknown,potential_component_only_not_a_recommendation
GAP-E02-K5-G030-S42,component_family:gap,gap,artifacts/oof_GAP-E02-K5-G030-S42.npz,unknown,unknown,1,"arrays=user_id:(770616,):int64|cutoff:(770616,):<U10|z:(770616,):float32|y:(770616,):float32",b71d9dcd693db4981c3cca24d2ffccff579e76ab126948a9830dd22340cda718,oof_only,unknown,unknown,potential_component_only_not_a_recommendation
GAP-E02-K5-G030-S42-R100,component_family:gap,gap,artifacts/oof_GAP-E02-K5-G030-S42-R100.npz,unknown,unknown,1,"arrays=user_id:(770616,):int64|cutoff:(770616,):<U10|z:(770616,):float32|y:(770616,):float32",ee90a63b53c01a9458a476db32abe54a8cd12bf9458ce9da9629172d1eec5c99,oof_only,unknown,unknown,potential_component_only_not_a_recommendation
GAP-E02-K5-G030-S42-R150,component_family:gap,gap,artifacts/oof_GAP-E02-K5-G030-S42-R150.npz,unknown,unknown,1,"arrays=user_id:(770616,):int64|cutoff:(770616,):<U10|z:(770616,):float32|y:(770616,):float32",0cfd48b93a92a584421e25f46f87e372b0d98965689faf5f6b28fa229a5ac04d,oof_only,unknown,unknown,potential_component_only_not_a_recommendation
GAP-E02-K5-G030-S42-R200,component_family:gap,gap,artifacts/oof_GAP-E02-K5-G030-S42-R200.npz,unknown,unknown,1,"arrays=user_id:(770616,):int64|cutoff:(770616,):<U10|z:(770616,):float32|y:(770616,):float32",21a033438209ed72dae65ba668f97bbc88b17502be3bc0586def0aa0c31ef7ae,oof_only,unknown,unknown,potential_component_only_not_a_recommendation
GAP-E02-K5-G030-S42-R250,component_family:gap,gap,artifacts/oof_GAP-E02-K5-G030-S42-R250.npz,unknown,unknown,1,"arrays=user_id:(770616,):int64|cutoff:(770616,):<U10|z:(770616,):float32|y:(770616,):float32",2a5d56aaaf35303274ccdfcbc910400a24cf6a7e773c7af00cdd0d6acc85b8c9,oof_only,unknown,unknown,potential_component_only_not_a_recommendation
GAP-E02-K5-G030-S42-R300,component_family:gap,gap,artifacts/oof_GAP-E02-K5-G030-S42-R300.npz,unknown,unknown,1,"arrays=user_id:(770616,):int64|cutoff:(770616,):<U10|z:(770616,):float32|y:(770616,):float32",b71d9dcd693db4981c3cca24d2ffccff579e76ab126948a9830dd22340cda718,oof_only,unknown,unknown,potential_component_only_not_a_recommendation
GAP-E02-K5-G030-S42-R50,component_family:gap,gap,artifacts/oof_GAP-E02-K5-G030-S42-R50.npz,unknown,unknown,1,"arrays=user_id:(770616,):int64|cutoff:(770616,):<U10|z:(770616,):float32|y:(770616,):float32",07e53efebd3ae6be2d280c1ee3ff99c3e388a61b0036c703c24bc2b14b229a49,oof_only,unknown,unknown,potential_component_only_not_a_recommendation
GAP-E02-K5-G030-S42-R75,component_family:gap,gap,artifacts/oof_GAP-E02-K5-G030-S42-R75.npz,unknown,unknown,1,"arrays=user_id:(770616,):int64|cutoff:(770616,):<U10|z:(770616,):float32|y:(770616,):float32",05115f2b6b6f60f5d48e306d94b43f4c0dc42c9eae69449365de52874fea2500,oof_only,unknown,unknown,potential_component_only_not_a_recommendation
GAP-E02-K5-G060-S42,component_family:gap,gap,artifacts/oof_GAP-E02-K5-G060-S42.npz,unknown,unknown,1,"arrays=user_id:(770616,):int64|cutoff:(770616,):<U10|z:(770616,):float32|y:(770616,):float32",33d0dff848a5f75c19fd368d8b82fd53707ed607cdb9e6de3af7b9a4c9d05006,oof_only,unknown,unknown,potential_component_only_not_a_recommendation
GAP-E02-K5-G060-S42-R100,component_family:gap,gap,artifacts/oof_GAP-E02-K5-G060-S42-R100.npz,unknown,unknown,1,"arrays=user_id:(770616,):int64|cutoff:(770616,):<U10|z:(770616,):float32|y:(770616,):float32",7483a359aef89d061bfe8cfcf405f64ca47f2ea2b9eb64b08ed50b5f1d5cdf18,oof_only,unknown,unknown,potential_component_only_not_a_recommendation
GAP-E02-K5-G060-S42-R150,component_family:gap,gap,artifacts/oof_GAP-E02-K5-G060-S42-R150.npz,unknown,unknown,1,"arrays=user_id:(770616,):int64|cutoff:(770616,):<U10|z:(770616,):float32|y:(770616,):float32",daf7100d5b8f0c0ca1b5196630c47148a9ef49ee2504564dcdb63c1f0dfdce65,oof_only,unknown,unknown,potential_component_only_not_a_recommendation
GAP-E02-K5-G060-S42-R200,component_family:gap,gap,artifacts/oof_GAP-E02-K5-G060-S42-R200.npz,unknown,unknown,1,"arrays=user_id:(770616,):int64|cutoff:(770616,):<U10|z:(770616,):float32|y:(770616,):float32",2c64c4bfea9fd59381f1cfde68d3054aa8ab8bb93bbfdacd69af4bccfaffb0d0,oof_only,unknown,unknown,potential_component_only_not_a_recommendation
GAP-E02-K5-G060-S42-R250,component_family:gap,gap,artifacts/oof_GAP-E02-K5-G060-S42-R250.npz,unknown,unknown,1,"arrays=user_id:(770616,):int64|cutoff:(770616,):<U10|z:(770616,):float32|y:(770616,):float32",9a8b0d110c77bca6f7a223905f5fbda8f1274eae343d2e6234452d7d07f71fa4,oof_only,unknown,unknown,potential_component_only_not_a_recommendation
GAP-E02-K5-G060-S42-R300,component_family:gap,gap,artifacts/oof_GAP-E02-K5-G060-S42-R300.npz,unknown,unknown,1,"arrays=user_id:(770616,):int64|cutoff:(770616,):<U10|z:(770616,):float32|y:(770616,):float32",33d0dff848a5f75c19fd368d8b82fd53707ed607cdb9e6de3af7b9a4c9d05006,oof_only,unknown,unknown,potential_component_only_not_a_recommendation
GAP-E02-K5-G060-S42-R50,component_family:gap,gap,artifacts/oof_GAP-E02-K5-G060-S42-R50.npz,unknown,unknown,1,"arrays=user_id:(770616,):int64|cutoff:(770616,):<U10|z:(770616,):float32|y:(770616,):float32",7115c3f43172ef6681c33f57620795f8bbaf03a3eeb5b5f1935095ac7e71c4f7,oof_only,unknown,unknown,potential_component_only_not_a_recommendation
GAP-E02-K5-G060-S42-R75,component_family:gap,gap,artifacts/oof_GAP-E02-K5-G060-S42-R75.npz,unknown,unknown,1,"arrays=user_id:(770616,):int64|cutoff:(770616,):<U10|z:(770616,):float32|y:(770616,):float32",152b93c36ac593358d71f4f5d2de602e15ef7473289f44dac090e8409d2c459e,oof_only,unknown,unknown,potential_component_only_not_a_recommendation
GAP-E02-K5-G090-S42,component_family:gap,gap,artifacts/oof_GAP-E02-K5-G090-S42.npz,unknown,unknown,1,"arrays=user_id:(770616,):int64|cutoff:(770616,):<U10|z:(770616,):float32|y:(770616,):float32",30367f3fbd655af4b4145c4736bfbe3201ac5541e110ab307aeca59520d5edc6,oof_only,unknown,unknown,potential_component_only_not_a_recommendation
GAP-E02-K5-G090-S42-R100,component_family:gap,gap,artifacts/oof_GAP-E02-K5-G090-S42-R100.npz,unknown,unknown,1,"arrays=user_id:(770616,):int64|cutoff:(770616,):<U10|z:(770616,):float32|y:(770616,):float32",e45b450fa1ca5dfb38ad2cef7a08d247a2ef532c0cfa0c845075d60b9dca80c5,oof_only,unknown,unknown,potential_component_only_not_a_recommendation
GAP-E02-K5-G090-S42-R150,component_family:gap,gap,artifacts/oof_GAP-E02-K5-G090-S42-R150.npz,unknown,unknown,1,"arrays=user_id:(770616,):int64|cutoff:(770616,):<U10|z:(770616,):float32|y:(770616,):float32",08db52764085472c85c0e4f5a063bed74f737e7aeba7fb703dd436cbd3676332,oof_only,unknown,unknown,potential_component_only_not_a_recommendation
GAP-E02-K5-G090-S42-R200,component_family:gap,gap,artifacts/oof_GAP-E02-K5-G090-S42-R200.npz,unknown,unknown,1,"arrays=user_id:(770616,):int64|cutoff:(770616,):<U10|z:(770616,):float32|y:(770616,):float32",bf30b1fdd1f2b872999bf0b997f1db3bea6c9de2ec9d995de56ff52e5d5c39f3,oof_only,unknown,unknown,potential_component_only_not_a_recommendation
GAP-E02-K5-G090-S42-R250,component_family:gap,gap,artifacts/oof_GAP-E02-K5-G090-S42-R250.npz,unknown,unknown,1,"arrays=user_id:(770616,):int64|cutoff:(770616,):<U10|z:(770616,):float32|y:(770616,):float32",791304353cbbe3c45d1c26adf628b742e2c9816fce6cd4729105cc7e0fef5334,oof_only,unknown,unknown,potential_component_only_not_a_recommendation
GAP-E02-K5-G090-S42-R300,component_family:gap,gap,artifacts/oof_GAP-E02-K5-G090-S42-R300.npz,unknown,unknown,1,"arrays=user_id:(770616,):int64|cutoff:(770616,):<U10|z:(770616,):float32|y:(770616,):float32",30367f3fbd655af4b4145c4736bfbe3201ac5541e110ab307aeca59520d5edc6,oof_only,unknown,unknown,potential_component_only_not_a_recommendation
GAP-E02-K5-G090-S42-R50,component_family:gap,gap,artifacts/oof_GAP-E02-K5-G090-S42-R50.npz,unknown,unknown,1,"arrays=user_id:(770616,):int64|cutoff:(770616,):<U10|z:(770616,):float32|y:(770616,):float32",3ae99ab61680d2e53d5d32350f360df5171bd4211be059c7fa31e396c2285f1d,oof_only,unknown,unknown,potential_component_only_not_a_recommendation
GAP-E02-K5-G090-S42-R75,component_family:gap,gap,artifacts/oof_GAP-E02-K5-G090-S42-R75.npz,unknown,unknown,1,"arrays=user_id:(770616,):int64|cutoff:(770616,):<U10|z:(770616,):float32|y:(770616,):float32",60fbca90120126da5dfa6be2e2d3b85f8ad081cef267356b4ade417880e71869,oof_only,unknown,unknown,potential_component_only_not_a_recommendation
GAP-E02-K5-G120-S42,component_family:gap,gap,artifacts/oof_GAP-E02-K5-G120-S42.npz,unknown,unknown,1,"arrays=user_id:(770616,):int64|cutoff:(770616,):<U10|z:(770616,):float32|y:(770616,):float32",4113ca77b6d0e6907e623617b6e3be03e175f75e54d54e5d18cf60d78e9e4037,oof_only,unknown,unknown,potential_component_only_not_a_recommendation
GAP-E02-K5-G120-S42-R100,component_family:gap,gap,artifacts/oof_GAP-E02-K5-G120-S42-R100.npz,unknown,unknown,1,"arrays=user_id:(770616,):int64|cutoff:(770616,):<U10|z:(770616,):float32|y:(770616,):float32",91c5e702a5efaa9acca06f7ac7e1146bb2ae9927e8b076cab04f59c74c987808,oof_only,unknown,unknown,potential_component_only_not_a_recommendation
GAP-E02-K5-G120-S42-R150,component_family:gap,gap,artifacts/oof_GAP-E02-K5-G120-S42-R150.npz,unknown,unknown,1,"arrays=user_id:(770616,):int64|cutoff:(770616,):<U10|z:(770616,):float32|y:(770616,):float32",1e254b6cb89d401033dbfc2e434f7948ae8a5860347d4bca20ffe3fb65cad3c9,oof_only,unknown,unknown,potential_component_only_not_a_recommendation
GAP-E02-K5-G120-S42-R200,component_family:gap,gap,artifacts/oof_GAP-E02-K5-G120-S42-R200.npz,unknown,unknown,1,"arrays=user_id:(770616,):int64|cutoff:(770616,):<U10|z:(770616,):float32|y:(770616,):float32",a0a913e301ecf22b2bdb4f6523ab13de2be7503cfa7aee1b1f12194a27f4f0af,oof_only,unknown,unknown,potential_component_only_not_a_recommendation
GAP-E02-K5-G120-S42-R250,component_family:gap,gap,artifacts/oof_GAP-E02-K5-G120-S42-R250.npz,unknown,unknown,1,"arrays=user_id:(770616,):int64|cutoff:(770616,):<U10|z:(770616,):float32|y:(770616,):float32",67aff736c4e7e3ec72adf6653732a86bf02894d3b5dccb373c0148c415ac234f,oof_only,unknown,unknown,potential_component_only_not_a_recommendation
GAP-E02-K5-G120-S42-R300,component_family:gap,gap,artifacts/oof_GAP-E02-K5-G120-S42-R300.npz,unknown,unknown,1,"arrays=user_id:(770616,):int64|cutoff:(770616,):<U10|z:(770616,):float32|y:(770616,):float32",4113ca77b6d0e6907e623617b6e3be03e175f75e54d54e5d18cf60d78e9e4037,oof_only,unknown,unknown,potential_component_only_not_a_recommendation
GAP-E02-K5-G120-S42-R50,component_family:gap,gap,artifacts/oof_GAP-E02-K5-G120-S42-R50.npz,unknown,unknown,1,"arrays=user_id:(770616,):int64|cutoff:(770616,):<U10|z:(770616,):float32|y:(770616,):float32",3c723ed14d91aed49117161956cbb205e9e8493a8645e881ff9f74b33b86dc8c,oof_only,unknown,unknown,potential_component_only_not_a_recommendation
GAP-E02-K5-G120-S42-R75,component_family:gap,gap,artifacts/oof_GAP-E02-K5-G120-S42-R75.npz,unknown,unknown,1,"arrays=user_id:(770616,):int64|cutoff:(770616,):<U10|z:(770616,):float32|y:(770616,):float32",b4077ab0c4483eca74eea9ba4acd096961ec8f2d73ce6f69855f634c3188f7ce,oof_only,unknown,unknown,potential_component_only_not_a_recommendation
GAP-E03A-K11-G030-S42,component_family:gap,gap,artifacts/oof_GAP-E03A-K11-G030-S42.npz,unknown,unknown,1,"arrays=user_id:(197379,):int64|cutoff:(197379,):<U10|z:(197379,):float32|y:(197379,):float32",5aab66476d6a0264034fe6b354f6447cd10f56f3c62abc8aa3db52862608a54e,oof_only,unknown,unknown,potential_component_only_not_a_recommendation
GAP-E03A-K11-G030-S42-R100,component_family:gap,gap,artifacts/oof_GAP-E03A-K11-G030-S42-R100.npz,unknown,unknown,1,"arrays=user_id:(197379,):int64|cutoff:(197379,):<U10|z:(197379,):float32|y:(197379,):float32",aa476cc04014ab2d42691ce54df6994afc01ffe2a1943b6613b90d0b451a2d3f,oof_only,unknown,unknown,potential_component_only_not_a_recommendation
GAP-E03A-K11-G030-S42-R150,component_family:gap,gap,artifacts/oof_GAP-E03A-K11-G030-S42-R150.npz,unknown,unknown,1,"arrays=user_id:(197379,):int64|cutoff:(197379,):<U10|z:(197379,):float32|y:(197379,):float32",b33721409dca5c7d36a4c121662ce38c8a1aafba7cea56935a9a49c5b6c0da0d,oof_only,unknown,unknown,potential_component_only_not_a_recommendation
GAP-E03A-K11-G030-S42-R200,component_family:gap,gap,artifacts/oof_GAP-E03A-K11-G030-S42-R200.npz,unknown,unknown,1,"arrays=user_id:(197379,):int64|cutoff:(197379,):<U10|z:(197379,):float32|y:(197379,):float32",6a40ab0f59ce968dc7aeab2f51eb116912f4b139242c582b33c7dc492c8fd49d,oof_only,unknown,unknown,potential_component_only_not_a_recommendation
GAP-E03A-K11-G030-S42-R250,component_family:gap,gap,artifacts/oof_GAP-E03A-K11-G030-S42-R250.npz,unknown,unknown,1,"arrays=user_id:(197379,):int64|cutoff:(197379,):<U10|z:(197379,):float32|y:(197379,):float32",bfcf309507e3a39a33dab23ade4ed241f79148fc67fd6a47f7c2f0f1da1feabd,oof_only,unknown,unknown,potential_component_only_not_a_recommendation
GAP-E03A-K11-G030-S42-R300,component_family:gap,gap,artifacts/oof_GAP-E03A-K11-G030-S42-R300.npz,unknown,unknown,1,"arrays=user_id:(197379,):int64|cutoff:(197379,):<U10|z:(197379,):float32|y:(197379,):float32",5aab66476d6a0264034fe6b354f6447cd10f56f3c62abc8aa3db52862608a54e,oof_only,unknown,unknown,potential_component_only_not_a_recommendation
GAP-E03A-K11-G030-S42-R50,component_family:gap,gap,artifacts/oof_GAP-E03A-K11-G030-S42-R50.npz,unknown,unknown,1,"arrays=user_id:(197379,):int64|cutoff:(197379,):<U10|z:(197379,):float32|y:(197379,):float32",607406006d8b8d2b9ef1893ad85bc3cdd9e44800083228a9ea30e66911c5bed9,oof_only,unknown,unknown,potential_component_only_not_a_recommendation
GAP-E03A-K11-G030-S42-R75,component_family:gap,gap,artifacts/oof_GAP-E03A-K11-G030-S42-R75.npz,unknown,unknown,1,"arrays=user_id:(197379,):int64|cutoff:(197379,):<U10|z:(197379,):float32|y:(197379,):float32",cbadb918b869339fcf00757f15f761f1ed509253cafec35b412652e9db0a7265,oof_only,unknown,unknown,potential_component_only_not_a_recommendation
GAP-E03A-K11-G060-S42,component_family:gap,gap,artifacts/oof_GAP-E03A-K11-G060-S42.npz,unknown,unknown,1,"arrays=user_id:(197379,):int64|cutoff:(197379,):<U10|z:(197379,):float32|y:(197379,):float32",8c78ecb1427b943a10adb085f92b1a56ab28a8db3987747762efd2225d82772c,oof_only,unknown,unknown,potential_component_only_not_a_recommendation
GAP-E03A-K11-G060-S42-R100,component_family:gap,gap,artifacts/oof_GAP-E03A-K11-G060-S42-R100.npz,unknown,unknown,1,"arrays=user_id:(197379,):int64|cutoff:(197379,):<U10|z:(197379,):float32|y:(197379,):float32",ac93a2a7c775bd6bb1cae5382147191277fe6d993f8d96a7f2c03d4e307dbdce,oof_only,unknown,unknown,potential_component_only_not_a_recommendation
GAP-E03A-K11-G060-S42-R150,component_family:gap,gap,artifacts/oof_GAP-E03A-K11-G060-S42-R150.npz,unknown,unknown,1,"arrays=user_id:(197379,):int64|cutoff:(197379,):<U10|z:(197379,):float32|y:(197379,):float32",b12a7209861e91754ab815431cd98c676b4ea8b9fdf26d312ecc7112ad3bca58,oof_only,unknown,unknown,potential_component_only_not_a_recommendation
GAP-E03A-K11-G060-S42-R200,component_family:gap,gap,artifacts/oof_GAP-E03A-K11-G060-S42-R200.npz,unknown,unknown,1,"arrays=user_id:(197379,):int64|cutoff:(197379,):<U10|z:(197379,):float32|y:(197379,):float32",0215c6eadc817d4acc36b0075f4795797a0e3a0a5524b9733e4ad733402298db,oof_only,unknown,unknown,potential_component_only_not_a_recommendation
GAP-E03A-K11-G060-S42-R250,component_family:gap,gap,artifacts/oof_GAP-E03A-K11-G060-S42-R250.npz,unknown,unknown,1,"arrays=user_id:(197379,):int64|cutoff:(197379,):<U10|z:(197379,):float32|y:(197379,):float32",600ede4d3489134e570cbb7c9691f09a92f2ddf1ad077d3432466df818197786,oof_only,unknown,unknown,potential_component_only_not_a_recommendation
GAP-E03A-K11-G060-S42-R300,component_family:gap,gap,artifacts/oof_GAP-E03A-K11-G060-S42-R300.npz,unknown,unknown,1,"arrays=user_id:(197379,):int64|cutoff:(197379,):<U10|z:(197379,):float32|y:(197379,):float32",8c78ecb1427b943a10adb085f92b1a56ab28a8db3987747762efd2225d82772c,oof_only,unknown,unknown,potential_component_only_not_a_recommendation
GAP-E03A-K11-G060-S42-R50,component_family:gap,gap,artifacts/oof_GAP-E03A-K11-G060-S42-R50.npz,unknown,unknown,1,"arrays=user_id:(197379,):int64|cutoff:(197379,):<U10|z:(197379,):float32|y:(197379,):float32",cc58295128cd6f6b2ac97b242752e7b46c28a12e71626bfe497df4e222d399e5,oof_only,unknown,unknown,potential_component_only_not_a_recommendation
GAP-E03A-K11-G060-S42-R75,component_family:gap,gap,artifacts/oof_GAP-E03A-K11-G060-S42-R75.npz,unknown,unknown,1,"arrays=user_id:(197379,):int64|cutoff:(197379,):<U10|z:(197379,):float32|y:(197379,):float32",59c769167e0f9c7895c5c56d7d6443f2c7573b9db54e7e8f75579a12778ab4da,oof_only,unknown,unknown,potential_component_only_not_a_recommendation
GAP-E03A-K11-G090-S42,component_family:gap,gap,artifacts/oof_GAP-E03A-K11-G090-S42.npz,unknown,unknown,1,"arrays=user_id:(197379,):int64|cutoff:(197379,):<U10|z:(197379,):float32|y:(197379,):float32",b073d871900495e869dbc61b46c81b29490489eff81ff875c7e669c0312b9b56,oof_only,unknown,unknown,potential_component_only_not_a_recommendation
GAP-E03A-K11-G090-S42-R100,component_family:gap,gap,artifacts/oof_GAP-E03A-K11-G090-S42-R100.npz,unknown,unknown,1,"arrays=user_id:(197379,):int64|cutoff:(197379,):<U10|z:(197379,):float32|y:(197379,):float32",4fe01dbf449c03b0d9cfba6661dd8b8a186abfd7f6bdb9c78f1551300b89029c,oof_only,unknown,unknown,potential_component_only_not_a_recommendation
GAP-E03A-K11-G090-S42-R150,component_family:gap,gap,artifacts/oof_GAP-E03A-K11-G090-S42-R150.npz,unknown,unknown,1,"arrays=user_id:(197379,):int64|cutoff:(197379,):<U10|z:(197379,):float32|y:(197379,):float32",cbeb7d3cc2c9cd8d231934343ba07e250e670581f40dd75a38943d017a799142,oof_only,unknown,unknown,potential_component_only_not_a_recommendation
GAP-E03A-K11-G090-S42-R200,component_family:gap,gap,artifacts/oof_GAP-E03A-K11-G090-S42-R200.npz,unknown,unknown,1,"arrays=user_id:(197379,):int64|cutoff:(197379,):<U10|z:(197379,):float32|y:(197379,):float32",0af5b2885a9d0d4f611654858ac07ece3a321814aaf120e20225a2fdaf18bc6e,oof_only,unknown,unknown,potential_component_only_not_a_recommendation
GAP-E03A-K11-G090-S42-R250,component_family:gap,gap,artifacts/oof_GAP-E03A-K11-G090-S42-R250.npz,unknown,unknown,1,"arrays=user_id:(197379,):int64|cutoff:(197379,):<U10|z:(197379,):float32|y:(197379,):float32",e7b9f9049fc4d5cbe8d529cf1d2a164bf1ef5773c4bac52df1615f2032d5c1b0,oof_only,unknown,unknown,potential_component_only_not_a_recommendation
GAP-E03A-K11-G090-S42-R300,component_family:gap,gap,artifacts/oof_GAP-E03A-K11-G090-S42-R300.npz,unknown,unknown,1,"arrays=user_id:(197379,):int64|cutoff:(197379,):<U10|z:(197379,):float32|y:(197379,):float32",b073d871900495e869dbc61b46c81b29490489eff81ff875c7e669c0312b9b56,oof_only,unknown,unknown,potential_component_only_not_a_recommendation
GAP-E03A-K11-G090-S42-R50,component_family:gap,gap,artifacts/oof_GAP-E03A-K11-G090-S42-R50.npz,unknown,unknown,1,"arrays=user_id:(197379,):int64|cutoff:(197379,):<U10|z:(197379,):float32|y:(197379,):float32",f59ee981a5ca1c017a48aa53afbcefd67bf6ce499a3f5d8a639df521e951860a,oof_only,unknown,unknown,potential_component_only_not_a_recommendation
GAP-E03A-K11-G090-S42-R75,component_family:gap,gap,artifacts/oof_GAP-E03A-K11-G090-S42-R75.npz,unknown,unknown,1,"arrays=user_id:(197379,):int64|cutoff:(197379,):<U10|z:(197379,):float32|y:(197379,):float32",10e02d5ade0eccb8d32748f6c15bbf9da29dc9d44613bcdc208b263284b37888,oof_only,unknown,unknown,potential_component_only_not_a_recommendation
GAP-E03A-K11-G120-S42,component_family:gap,gap,artifacts/oof_GAP-E03A-K11-G120-S42.npz,unknown,unknown,1,"arrays=user_id:(197379,):int64|cutoff:(197379,):<U10|z:(197379,):float32|y:(197379,):float32",4b456116d99dde7d4a48c524741cbcdf039041e80cc94941ec5c6c3832ea1d0c,oof_only,unknown,unknown,potential_component_only_not_a_recommendation
GAP-E03A-K11-G120-S42-R100,component_family:gap,gap,artifacts/oof_GAP-E03A-K11-G120-S42-R100.npz,unknown,unknown,1,"arrays=user_id:(197379,):int64|cutoff:(197379,):<U10|z:(197379,):float32|y:(197379,):float32",a05b9897f6666ac50c8163f6d0316b091b62307e940819e8ba2b319fc95e9636,oof_only,unknown,unknown,potential_component_only_not_a_recommendation
GAP-E03A-K11-G120-S42-R150,component_family:gap,gap,artifacts/oof_GAP-E03A-K11-G120-S42-R150.npz,unknown,unknown,1,"arrays=user_id:(197379,):int64|cutoff:(197379,):<U10|z:(197379,):float32|y:(197379,):float32",c437511033d36f22d0ff141cd441f8b223b4d9e4458c1ea6aa4e60aa820630ec,oof_only,unknown,unknown,potential_component_only_not_a_recommendation
GAP-E03A-K11-G120-S42-R200,component_family:gap,gap,artifacts/oof_GAP-E03A-K11-G120-S42-R200.npz,unknown,unknown,1,"arrays=user_id:(197379,):int64|cutoff:(197379,):<U10|z:(197379,):float32|y:(197379,):float32",196dd2fd6f14f1c5ed8e1ecd9ff97f43bc6a213c622f265d7ce4df2e87f0c826,oof_only,unknown,unknown,potential_component_only_not_a_recommendation
GAP-E03A-K11-G120-S42-R250,component_family:gap,gap,artifacts/oof_GAP-E03A-K11-G120-S42-R250.npz,unknown,unknown,1,"arrays=user_id:(197379,):int64|cutoff:(197379,):<U10|z:(197379,):float32|y:(197379,):float32",9a27dab5ccde18d220c292377ba514889f43ffd7d72174b8a935863ec1a82346,oof_only,unknown,unknown,potential_component_only_not_a_recommendation
GAP-E03A-K11-G120-S42-R300,component_family:gap,gap,artifacts/oof_GAP-E03A-K11-G120-S42-R300.npz,unknown,unknown,1,"arrays=user_id:(197379,):int64|cutoff:(197379,):<U10|z:(197379,):float32|y:(197379,):float32",4b456116d99dde7d4a48c524741cbcdf039041e80cc94941ec5c6c3832ea1d0c,oof_only,unknown,unknown,potential_component_only_not_a_recommendation
GAP-E03A-K11-G120-S42-R50,component_family:gap,gap,artifacts/oof_GAP-E03A-K11-G120-S42-R50.npz,unknown,unknown,1,"arrays=user_id:(197379,):int64|cutoff:(197379,):<U10|z:(197379,):float32|y:(197379,):float32",33c06b83862474b72295e2b03b13d58be816b3d78b2c011452961c4726b27405,oof_only,unknown,unknown,potential_component_only_not_a_recommendation
GAP-E03A-K11-G120-S42-R75,component_family:gap,gap,artifacts/oof_GAP-E03A-K11-G120-S42-R75.npz,unknown,unknown,1,"arrays=user_id:(197379,):int64|cutoff:(197379,):<U10|z:(197379,):float32|y:(197379,):float32",cfbc6b62e163d9d40364bf338f96b35052dec58c6dc0644dd6004b6218197de4,oof_only,unknown,unknown,potential_component_only_not_a_recommendation
GAP-E03A-K5-G030-S42,component_family:gap,gap,artifacts/oof_GAP-E03A-K5-G030-S42.npz,unknown,unknown,1,"arrays=user_id:(770616,):int64|cutoff:(770616,):<U10|z:(770616,):float32|y:(770616,):float32",6abdf8efa554fac0e9a2c1c73e1de93c1df334a9dc6b582f420774ca38f4634f,oof_only,unknown,unknown,potential_component_only_not_a_recommendation
GAP-E03A-K5-G030-S42-R100,component_family:gap,gap,artifacts/oof_GAP-E03A-K5-G030-S42-R100.npz,unknown,unknown,1,"arrays=user_id:(770616,):int64|cutoff:(770616,):<U10|z:(770616,):float32|y:(770616,):float32",6abdf8efa554fac0e9a2c1c73e1de93c1df334a9dc6b582f420774ca38f4634f,oof_only,unknown,unknown,potential_component_only_not_a_recommendation
GAP-E03A-K5-G030-S42-R150,component_family:gap,gap,artifacts/oof_GAP-E03A-K5-G030-S42-R150.npz,unknown,unknown,1,"arrays=user_id:(770616,):int64|cutoff:(770616,):<U10|z:(770616,):float32|y:(770616,):float32",bc037efa52e4a0248d7aa4382bc3a818a780080694817a525fcb7eb1e165d7b4,oof_only,unknown,unknown,potential_component_only_not_a_recommendation
GAP-E03A-K5-G030-S42-R200,component_family:gap,gap,artifacts/oof_GAP-E03A-K5-G030-S42-R200.npz,unknown,unknown,1,"arrays=user_id:(770616,):int64|cutoff:(770616,):<U10|z:(770616,):float32|y:(770616,):float32",d70c17de2f247aaa054b900b75861a8a7249c365ed262082c971194427fbc0a8,oof_only,unknown,unknown,potential_component_only_not_a_recommendation
GAP-E03A-K5-G030-S42-R250,component_family:gap,gap,artifacts/oof_GAP-E03A-K5-G030-S42-R250.npz,unknown,unknown,1,"arrays=user_id:(770616,):int64|cutoff:(770616,):<U10|z:(770616,):float32|y:(770616,):float32",8c20a193c89a9e22357bc823608fc8692bcb7e8bcd6f80e55b04da036e27872d,oof_only,unknown,unknown,potential_component_only_not_a_recommendation
GAP-E03A-K5-G030-S42-R300,component_family:gap,gap,artifacts/oof_GAP-E03A-K5-G030-S42-R300.npz,unknown,unknown,1,"arrays=user_id:(770616,):int64|cutoff:(770616,):<U10|z:(770616,):float32|y:(770616,):float32",db1a3d687b2714e5c9eb48795533644edc1ee1919eab7abd4a585731f1abc385,oof_only,unknown,unknown,potential_component_only_not_a_recommendation
GAP-E03A-K5-G030-S42-R50,component_family:gap,gap,artifacts/oof_GAP-E03A-K5-G030-S42-R50.npz,unknown,unknown,1,"arrays=user_id:(770616,):int64|cutoff:(770616,):<U10|z:(770616,):float32|y:(770616,):float32",855b3f6cb539d8fe3457add111f7178f7a3f33c0ea03e8196efaaeb130790183,oof_only,unknown,unknown,potential_component_only_not_a_recommendation
GAP-E03A-K5-G030-S42-R75,component_family:gap,gap,artifacts/oof_GAP-E03A-K5-G030-S42-R75.npz,unknown,unknown,1,"arrays=user_id:(770616,):int64|cutoff:(770616,):<U10|z:(770616,):float32|y:(770616,):float32",33321b6cb1baac24c460a367262f4709fe805fe601810c7c31a7791afa9c7a98,oof_only,unknown,unknown,potential_component_only_not_a_recommendation
GAP-E03A-K5-G060-S42,component_family:gap,gap,artifacts/oof_GAP-E03A-K5-G060-S42.npz,unknown,unknown,1,"arrays=user_id:(770616,):int64|cutoff:(770616,):<U10|z:(770616,):float32|y:(770616,):float32",a39b0e402728ec1c49b9b49bc7c29d7dae64d652add931ee51b2d875db46b288,oof_only,unknown,unknown,potential_component_only_not_a_recommendation
GAP-E03A-K5-G060-S42-R100,component_family:gap,gap,artifacts/oof_GAP-E03A-K5-G060-S42-R100.npz,unknown,unknown,1,"arrays=user_id:(770616,):int64|cutoff:(770616,):<U10|z:(770616,):float32|y:(770616,):float32",a39b0e402728ec1c49b9b49bc7c29d7dae64d652add931ee51b2d875db46b288,oof_only,unknown,unknown,potential_component_only_not_a_recommendation
GAP-E03A-K5-G060-S42-R150,component_family:gap,gap,artifacts/oof_GAP-E03A-K5-G060-S42-R150.npz,unknown,unknown,1,"arrays=user_id:(770616,):int64|cutoff:(770616,):<U10|z:(770616,):float32|y:(770616,):float32",758e55ce89093b96d27502729785932a19dbe71c05c1b4ee46345e2493bbc967,oof_only,unknown,unknown,potential_component_only_not_a_recommendation
GAP-E03A-K5-G060-S42-R200,component_family:gap,gap,artifacts/oof_GAP-E03A-K5-G060-S42-R200.npz,unknown,unknown,1,"arrays=user_id:(770616,):int64|cutoff:(770616,):<U10|z:(770616,):float32|y:(770616,):float32",a501910126e58fc01b51d6642e2aad1a51f9b59ed02b447b632d55172650debd,oof_only,unknown,unknown,potential_component_only_not_a_recommendation
GAP-E03A-K5-G060-S42-R250,component_family:gap,gap,artifacts/oof_GAP-E03A-K5-G060-S42-R250.npz,unknown,unknown,1,"arrays=user_id:(770616,):int64|cutoff:(770616,):<U10|z:(770616,):float32|y:(770616,):float32",c9fd99e37b8022f4e91ad3937b98740f18507f37fb522381633b06e08fd81148,oof_only,unknown,unknown,potential_component_only_not_a_recommendation
GAP-E03A-K5-G060-S42-R300,component_family:gap,gap,artifacts/oof_GAP-E03A-K5-G060-S42-R300.npz,unknown,unknown,1,"arrays=user_id:(770616,):int64|cutoff:(770616,):<U10|z:(770616,):float32|y:(770616,):float32",294bd957d3665a19a96603a71bef01d8bc6e81db9ebb71d92fb240c520d8cb88,oof_only,unknown,unknown,potential_component_only_not_a_recommendation
GAP-E03A-K5-G060-S42-R50,component_family:gap,gap,artifacts/oof_GAP-E03A-K5-G060-S42-R50.npz,unknown,unknown,1,"arrays=user_id:(770616,):int64|cutoff:(770616,):<U10|z:(770616,):float32|y:(770616,):float32",e0a2eec10b317d64ab54ef11a9a62fd70e59dbe54d73819a8c0979324c3b155f,oof_only,unknown,unknown,potential_component_only_not_a_recommendation
GAP-E03A-K5-G060-S42-R75,component_family:gap,gap,artifacts/oof_GAP-E03A-K5-G060-S42-R75.npz,unknown,unknown,1,"arrays=user_id:(770616,):int64|cutoff:(770616,):<U10|z:(770616,):float32|y:(770616,):float32",4b866d38e8653dd657a8d025c48036dd6f831189ba6c934a8a9abd86a1ba723c,oof_only,unknown,unknown,potential_component_only_not_a_recommendation
GAP-E03A-K5-G090-S42,component_family:gap,gap,artifacts/oof_GAP-E03A-K5-G090-S42.npz,unknown,unknown,1,"arrays=user_id:(770616,):int64|cutoff:(770616,):<U10|z:(770616,):float32|y:(770616,):float32",4a7056add2cd8f36d5629c59e6f25f4f509de688649b3fa9ce06a04634e984da,oof_only,unknown,unknown,potential_component_only_not_a_recommendation
GAP-E03A-K5-G090-S42-R100,component_family:gap,gap,artifacts/oof_GAP-E03A-K5-G090-S42-R100.npz,unknown,unknown,1,"arrays=user_id:(770616,):int64|cutoff:(770616,):<U10|z:(770616,):float32|y:(770616,):float32",4a7056add2cd8f36d5629c59e6f25f4f509de688649b3fa9ce06a04634e984da,oof_only,unknown,unknown,potential_component_only_not_a_recommendation
GAP-E03A-K5-G090-S42-R150,component_family:gap,gap,artifacts/oof_GAP-E03A-K5-G090-S42-R150.npz,unknown,unknown,1,"arrays=user_id:(770616,):int64|cutoff:(770616,):<U10|z:(770616,):float32|y:(770616,):float32",2680700a0fc656ba3ff093026a743f07efd4314e68e9d52d22d3b11419426e58,oof_only,unknown,unknown,potential_component_only_not_a_recommendation
GAP-E03A-K5-G090-S42-R200,component_family:gap,gap,artifacts/oof_GAP-E03A-K5-G090-S42-R200.npz,unknown,unknown,1,"arrays=user_id:(770616,):int64|cutoff:(770616,):<U10|z:(770616,):float32|y:(770616,):float32",8f1859c564bdc284bf5795cc0113974d792fcc54647c80113a52fcc4b534e69e,oof_only,unknown,unknown,potential_component_only_not_a_recommendation
GAP-E03A-K5-G090-S42-R250,component_family:gap,gap,artifacts/oof_GAP-E03A-K5-G090-S42-R250.npz,unknown,unknown,1,"arrays=user_id:(770616,):int64|cutoff:(770616,):<U10|z:(770616,):float32|y:(770616,):float32",9d5f6fe1ba7ef8710efadf8724806536155e15cee34e629c1821e1e39ecd8e95,oof_only,unknown,unknown,potential_component_only_not_a_recommendation
GAP-E03A-K5-G090-S42-R300,component_family:gap,gap,artifacts/oof_GAP-E03A-K5-G090-S42-R300.npz,unknown,unknown,1,"arrays=user_id:(770616,):int64|cutoff:(770616,):<U10|z:(770616,):float32|y:(770616,):float32",7e9479625af4aa88bed2f01167a787ca289b3de54b43c6d17dfc20721d7ab000,oof_only,unknown,unknown,potential_component_only_not_a_recommendation
GAP-E03A-K5-G090-S42-R50,component_family:gap,gap,artifacts/oof_GAP-E03A-K5-G090-S42-R50.npz,unknown,unknown,1,"arrays=user_id:(770616,):int64|cutoff:(770616,):<U10|z:(770616,):float32|y:(770616,):float32",3e02c47be4ba6f918eb90da78e1004c722d0fcf8ea25515b4d360620102b97cf,oof_only,unknown,unknown,potential_component_only_not_a_recommendation
GAP-E03A-K5-G090-S42-R75,component_family:gap,gap,artifacts/oof_GAP-E03A-K5-G090-S42-R75.npz,unknown,unknown,1,"arrays=user_id:(770616,):int64|cutoff:(770616,):<U10|z:(770616,):float32|y:(770616,):float32",e734327785ce7f3c20bb7924c1009081cdd48df83b576dcb38f83f692f7c635d,oof_only,unknown,unknown,potential_component_only_not_a_recommendation
GAP-E03A-K5-G120-S42,component_family:gap,gap,artifacts/oof_GAP-E03A-K5-G120-S42.npz,unknown,unknown,1,"arrays=user_id:(770616,):int64|cutoff:(770616,):<U10|z:(770616,):float32|y:(770616,):float32",47a1e213e7b0b78544f759c50528f8884205cb13f513a28dc8fe66e7d65b42d6,oof_only,unknown,unknown,potential_component_only_not_a_recommendation
GAP-E03A-K5-G120-S42-R100,component_family:gap,gap,artifacts/oof_GAP-E03A-K5-G120-S42-R100.npz,unknown,unknown,1,"arrays=user_id:(770616,):int64|cutoff:(770616,):<U10|z:(770616,):float32|y:(770616,):float32",47a1e213e7b0b78544f759c50528f8884205cb13f513a28dc8fe66e7d65b42d6,oof_only,unknown,unknown,potential_component_only_not_a_recommendation
GAP-E03A-K5-G120-S42-R150,component_family:gap,gap,artifacts/oof_GAP-E03A-K5-G120-S42-R150.npz,unknown,unknown,1,"arrays=user_id:(770616,):int64|cutoff:(770616,):<U10|z:(770616,):float32|y:(770616,):float32",422b08359b8612df25b6e086b359334b4cde3e2b2d396dd31ee2db9c3c165f10,oof_only,unknown,unknown,potential_component_only_not_a_recommendation
GAP-E03A-K5-G120-S42-R200,component_family:gap,gap,artifacts/oof_GAP-E03A-K5-G120-S42-R200.npz,unknown,unknown,1,"arrays=user_id:(770616,):int64|cutoff:(770616,):<U10|z:(770616,):float32|y:(770616,):float32",10b6e2e0b0e6cb9530f8c9a1c8d653c9894b3ef0f332a8d38796f666f5393c20,oof_only,unknown,unknown,potential_component_only_not_a_recommendation
GAP-E03A-K5-G120-S42-R250,component_family:gap,gap,artifacts/oof_GAP-E03A-K5-G120-S42-R250.npz,unknown,unknown,1,"arrays=user_id:(770616,):int64|cutoff:(770616,):<U10|z:(770616,):float32|y:(770616,):float32",3e558fbf87f9ae5c5ccdaca308b808e254cf037f0ae94d6aba465ecae25131d3,oof_only,unknown,unknown,potential_component_only_not_a_recommendation
GAP-E03A-K5-G120-S42-R300,component_family:gap,gap,artifacts/oof_GAP-E03A-K5-G120-S42-R300.npz,unknown,unknown,1,"arrays=user_id:(770616,):int64|cutoff:(770616,):<U10|z:(770616,):float32|y:(770616,):float32",60b72344d549f615725b2e123c80630cde2f896131bdc1d9fcfe31cefee80773,oof_only,unknown,unknown,potential_component_only_not_a_recommendation
GAP-E03A-K5-G120-S42-R50,component_family:gap,gap,artifacts/oof_GAP-E03A-K5-G120-S42-R50.npz,unknown,unknown,1,"arrays=user_id:(770616,):int64|cutoff:(770616,):<U10|z:(770616,):float32|y:(770616,):float32",c4e35a23917eca627fd2c1933c6d25de9059ba220d33ef0571db88f64f1a53ac,oof_only,unknown,unknown,potential_component_only_not_a_recommendation
GAP-E03A-K5-G120-S42-R75,component_family:gap,gap,artifacts/oof_GAP-E03A-K5-G120-S42-R75.npz,unknown,unknown,1,"arrays=user_id:(770616,):int64|cutoff:(770616,):<U10|z:(770616,):float32|y:(770616,):float32",66c084c1514877791f530e0a3a03612958c19db3c0189ed6e0444348af18924b,oof_only,unknown,unknown,potential_component_only_not_a_recommendation
GAP-E10-K11-G030-S42,component_family:gap,gap,artifacts/oof_GAP-E10-K11-G030-S42.npz,unknown,unknown,1,"arrays=user_id:(197379,):int64|cutoff:(197379,):<U10|z:(197379,):float32|y:(197379,):float32",1962de30454aa454ce4925d82a4e1951a81a7318eae1495484b66e198f91be52,oof_only,unknown,unknown,potential_component_only_not_a_recommendation
GAP-E10-K11-G030-S42-R100,component_family:gap,gap,artifacts/oof_GAP-E10-K11-G030-S42-R100.npz,unknown,unknown,1,"arrays=user_id:(197379,):int64|cutoff:(197379,):<U10|z:(197379,):float32|y:(197379,):float32",1c557d3152f391c68f7fc01c6534552846a9796d358029052c152a0e54339084,oof_only,unknown,unknown,potential_component_only_not_a_recommendation
GAP-E10-K11-G030-S42-R150,component_family:gap,gap,artifacts/oof_GAP-E10-K11-G030-S42-R150.npz,unknown,unknown,1,"arrays=user_id:(197379,):int64|cutoff:(197379,):<U10|z:(197379,):float32|y:(197379,):float32",afad82f61991b7df83f3c0b5ba73808a18abec52f0af02bd0633181c0e6b14c5,oof_only,unknown,unknown,potential_component_only_not_a_recommendation
GAP-E10-K11-G030-S42-R200,component_family:gap,gap,artifacts/oof_GAP-E10-K11-G030-S42-R200.npz,unknown,unknown,1,"arrays=user_id:(197379,):int64|cutoff:(197379,):<U10|z:(197379,):float32|y:(197379,):float32",3e3c52144ecad5d97e831138ad036d4c71de931455cb744bbc95b4e304f244e9,oof_only,unknown,unknown,potential_component_only_not_a_recommendation
GAP-E10-K11-G030-S42-R250,component_family:gap,gap,artifacts/oof_GAP-E10-K11-G030-S42-R250.npz,unknown,unknown,1,"arrays=user_id:(197379,):int64|cutoff:(197379,):<U10|z:(197379,):float32|y:(197379,):float32",7933cb347360c21da1b5c4b78d2cc4a38e553cba7ba4f3224a52845ed5a08295,oof_only,unknown,unknown,potential_component_only_not_a_recommendation
GAP-E10-K11-G030-S42-R300,component_family:gap,gap,artifacts/oof_GAP-E10-K11-G030-S42-R300.npz,unknown,unknown,1,"arrays=user_id:(197379,):int64|cutoff:(197379,):<U10|z:(197379,):float32|y:(197379,):float32",1962de30454aa454ce4925d82a4e1951a81a7318eae1495484b66e198f91be52,oof_only,unknown,unknown,potential_component_only_not_a_recommendation
GAP-E10-K11-G030-S42-R50,component_family:gap,gap,artifacts/oof_GAP-E10-K11-G030-S42-R50.npz,unknown,unknown,1,"arrays=user_id:(197379,):int64|cutoff:(197379,):<U10|z:(197379,):float32|y:(197379,):float32",637e22af19285728b4aa8fa03818562ae1df9206fe2fecd9f1bffa6aefbabf86,oof_only,unknown,unknown,potential_component_only_not_a_recommendation
GAP-E10-K11-G030-S42-R75,component_family:gap,gap,artifacts/oof_GAP-E10-K11-G030-S42-R75.npz,unknown,unknown,1,"arrays=user_id:(197379,):int64|cutoff:(197379,):<U10|z:(197379,):float32|y:(197379,):float32",f8d6cc863a32cd2832336a50fa27812dacc1bef18fde09946fb70e575432f9f2,oof_only,unknown,unknown,potential_component_only_not_a_recommendation
GAP-E10-K11-G060-S42,component_family:gap,gap,artifacts/oof_GAP-E10-K11-G060-S42.npz,unknown,unknown,1,"arrays=user_id:(197379,):int64|cutoff:(197379,):<U10|z:(197379,):float32|y:(197379,):float32",7f0f4510e510fe8df9f9d15824c0144eb9a356e344b2a7a1ae97773cde3a4a40,oof_only,unknown,unknown,potential_component_only_not_a_recommendation
GAP-E10-K11-G060-S42-R100,component_family:gap,gap,artifacts/oof_GAP-E10-K11-G060-S42-R100.npz,unknown,unknown,1,"arrays=user_id:(197379,):int64|cutoff:(197379,):<U10|z:(197379,):float32|y:(197379,):float32",c97cc4483bb6cafb2e743581a4cf41daea4505102b31c3a8c2638f1554d67db5,oof_only,unknown,unknown,potential_component_only_not_a_recommendation
GAP-E10-K11-G060-S42-R150,component_family:gap,gap,artifacts/oof_GAP-E10-K11-G060-S42-R150.npz,unknown,unknown,1,"arrays=user_id:(197379,):int64|cutoff:(197379,):<U10|z:(197379,):float32|y:(197379,):float32",2834781fb91e94aacbb10382cc945c9a2a7dd14e5720ccad26db8f990e6fd609,oof_only,unknown,unknown,potential_component_only_not_a_recommendation
GAP-E10-K11-G060-S42-R200,component_family:gap,gap,artifacts/oof_GAP-E10-K11-G060-S42-R200.npz,unknown,unknown,1,"arrays=user_id:(197379,):int64|cutoff:(197379,):<U10|z:(197379,):float32|y:(197379,):float32",b3306ba08d8961f411c3bb614fafac2f03b18c2e499bb2ca289c61b32685b2ce,oof_only,unknown,unknown,potential_component_only_not_a_recommendation
GAP-E10-K11-G060-S42-R250,component_family:gap,gap,artifacts/oof_GAP-E10-K11-G060-S42-R250.npz,unknown,unknown,1,"arrays=user_id:(197379,):int64|cutoff:(197379,):<U10|z:(197379,):float32|y:(197379,):float32",69fc59e1e94a27e3e3584fdaf7545cd6ad601493aa2ffb9baa21e305fe9502e9,oof_only,unknown,unknown,potential_component_only_not_a_recommendation
GAP-E10-K11-G060-S42-R300,component_family:gap,gap,artifacts/oof_GAP-E10-K11-G060-S42-R300.npz,unknown,unknown,1,"arrays=user_id:(197379,):int64|cutoff:(197379,):<U10|z:(197379,):float32|y:(197379,):float32",7f0f4510e510fe8df9f9d15824c0144eb9a356e344b2a7a1ae97773cde3a4a40,oof_only,unknown,unknown,potential_component_only_not_a_recommendation
GAP-E10-K11-G060-S42-R50,component_family:gap,gap,artifacts/oof_GAP-E10-K11-G060-S42-R50.npz,unknown,unknown,1,"arrays=user_id:(197379,):int64|cutoff:(197379,):<U10|z:(197379,):float32|y:(197379,):float32",db26f375d8547757c84ab7af56828f58149248dae3d763abd4d4219b491c20e3,oof_only,unknown,unknown,potential_component_only_not_a_recommendation
GAP-E10-K11-G060-S42-R75,component_family:gap,gap,artifacts/oof_GAP-E10-K11-G060-S42-R75.npz,unknown,unknown,1,"arrays=user_id:(197379,):int64|cutoff:(197379,):<U10|z:(197379,):float32|y:(197379,):float32",a8e445f1aa886c220e9c88fd5665c3f041e92db726a098eba960ccf96f99d0fe,oof_only,unknown,unknown,potential_component_only_not_a_recommendation
GAP-E10-K11-G090-S42,component_family:gap,gap,artifacts/oof_GAP-E10-K11-G090-S42.npz,unknown,unknown,1,"arrays=user_id:(197379,):int64|cutoff:(197379,):<U10|z:(197379,):float32|y:(197379,):float32",a73611900e2e7183951b256aa36f08097a8cbd19d812e1a315d06d28154fe7ed,oof_only,unknown,unknown,potential_component_only_not_a_recommendation
GAP-E10-K11-G090-S42-R100,component_family:gap,gap,artifacts/oof_GAP-E10-K11-G090-S42-R100.npz,unknown,unknown,1,"arrays=user_id:(197379,):int64|cutoff:(197379,):<U10|z:(197379,):float32|y:(197379,):float32",a8793b8320a7a2fed1c51b14f7402e30025b6c4d52989c266fd1924a2d5a1fce,oof_only,unknown,unknown,potential_component_only_not_a_recommendation
GAP-E10-K11-G090-S42-R150,component_family:gap,gap,artifacts/oof_GAP-E10-K11-G090-S42-R150.npz,unknown,unknown,1,"arrays=user_id:(197379,):int64|cutoff:(197379,):<U10|z:(197379,):float32|y:(197379,):float32",df123aada755bf548cf9aabb653ac925a89864e600e84f14a29b89f8afe415e5,oof_only,unknown,unknown,potential_component_only_not_a_recommendation
GAP-E10-K11-G090-S42-R200,component_family:gap,gap,artifacts/oof_GAP-E10-K11-G090-S42-R200.npz,unknown,unknown,1,"arrays=user_id:(197379,):int64|cutoff:(197379,):<U10|z:(197379,):float32|y:(197379,):float32",ffe114dc74d55d143826da59f94de48d7399bcc00e07637bfa3426ea74278d62,oof_only,unknown,unknown,potential_component_only_not_a_recommendation
GAP-E10-K11-G090-S42-R250,component_family:gap,gap,artifacts/oof_GAP-E10-K11-G090-S42-R250.npz,unknown,unknown,1,"arrays=user_id:(197379,):int64|cutoff:(197379,):<U10|z:(197379,):float32|y:(197379,):float32",738b8f857f4cebc1a857ccd3f2d32b2d1044c61480a0b7c4d11f591804e8d383,oof_only,unknown,unknown,potential_component_only_not_a_recommendation
GAP-E10-K11-G090-S42-R300,component_family:gap,gap,artifacts/oof_GAP-E10-K11-G090-S42-R300.npz,unknown,unknown,1,"arrays=user_id:(197379,):int64|cutoff:(197379,):<U10|z:(197379,):float32|y:(197379,):float32",a73611900e2e7183951b256aa36f08097a8cbd19d812e1a315d06d28154fe7ed,oof_only,unknown,unknown,potential_component_only_not_a_recommendation
GAP-E10-K11-G090-S42-R50,component_family:gap,gap,artifacts/oof_GAP-E10-K11-G090-S42-R50.npz,unknown,unknown,1,"arrays=user_id:(197379,):int64|cutoff:(197379,):<U10|z:(197379,):float32|y:(197379,):float32",056cf3c08fd084fb17c78dccce3105d9b50e1a90639b91786d807772e3717353,oof_only,unknown,unknown,potential_component_only_not_a_recommendation
GAP-E10-K11-G090-S42-R75,component_family:gap,gap,artifacts/oof_GAP-E10-K11-G090-S42-R75.npz,unknown,unknown,1,"arrays=user_id:(197379,):int64|cutoff:(197379,):<U10|z:(197379,):float32|y:(197379,):float32",a3ffa644bcb1d7ae6ec836228360b8f06800443ba97254e83889cdf720bc2070,oof_only,unknown,unknown,potential_component_only_not_a_recommendation
GAP-E10-K11-G120-S42,component_family:gap,gap,artifacts/oof_GAP-E10-K11-G120-S42.npz,unknown,unknown,1,"arrays=user_id:(197379,):int64|cutoff:(197379,):<U10|z:(197379,):float32|y:(197379,):float32",dafa5a7d5e69ea15fbcc83e41421a529db5815b522c68533199300362b4abc96,oof_only,unknown,unknown,potential_component_only_not_a_recommendation
GAP-E10-K11-G120-S42-R100,component_family:gap,gap,artifacts/oof_GAP-E10-K11-G120-S42-R100.npz,unknown,unknown,1,"arrays=user_id:(197379,):int64|cutoff:(197379,):<U10|z:(197379,):float32|y:(197379,):float32",2dab4a12acc9baa9251009b4c00e7a5c73afb48986b1a20bdb84c152fdf40247,oof_only,unknown,unknown,potential_component_only_not_a_recommendation
GAP-E10-K11-G120-S42-R150,component_family:gap,gap,artifacts/oof_GAP-E10-K11-G120-S42-R150.npz,unknown,unknown,1,"arrays=user_id:(197379,):int64|cutoff:(197379,):<U10|z:(197379,):float32|y:(197379,):float32",b2878a3564df87cb4bd87678f8f14592eb89e6d36feb6e4ab7ced6e621c45a8d,oof_only,unknown,unknown,potential_component_only_not_a_recommendation
GAP-E10-K11-G120-S42-R200,component_family:gap,gap,artifacts/oof_GAP-E10-K11-G120-S42-R200.npz,unknown,unknown,1,"arrays=user_id:(197379,):int64|cutoff:(197379,):<U10|z:(197379,):float32|y:(197379,):float32",584033d72e72321a95b9e30008ff7ec02122f7734ede391325f424d41c86cf1a,oof_only,unknown,unknown,potential_component_only_not_a_recommendation
GAP-E10-K11-G120-S42-R250,component_family:gap,gap,artifacts/oof_GAP-E10-K11-G120-S42-R250.npz,unknown,unknown,1,"arrays=user_id:(197379,):int64|cutoff:(197379,):<U10|z:(197379,):float32|y:(197379,):float32",22d5d47b72f1ac3613630effe1d27f5982c2e48ef333d7dce4ea213c9ec1fc19,oof_only,unknown,unknown,potential_component_only_not_a_recommendation
GAP-E10-K11-G120-S42-R300,component_family:gap,gap,artifacts/oof_GAP-E10-K11-G120-S42-R300.npz,unknown,unknown,1,"arrays=user_id:(197379,):int64|cutoff:(197379,):<U10|z:(197379,):float32|y:(197379,):float32",dafa5a7d5e69ea15fbcc83e41421a529db5815b522c68533199300362b4abc96,oof_only,unknown,unknown,potential_component_only_not_a_recommendation
GAP-E10-K11-G120-S42-R50,component_family:gap,gap,artifacts/oof_GAP-E10-K11-G120-S42-R50.npz,unknown,unknown,1,"arrays=user_id:(197379,):int64|cutoff:(197379,):<U10|z:(197379,):float32|y:(197379,):float32",fe4dbafb95b23a5c312bb39fe5175924c2b66ad7a00c10f119942fb8a4f1c55e,oof_only,unknown,unknown,potential_component_only_not_a_recommendation
GAP-E10-K11-G120-S42-R75,component_family:gap,gap,artifacts/oof_GAP-E10-K11-G120-S42-R75.npz,unknown,unknown,1,"arrays=user_id:(197379,):int64|cutoff:(197379,):<U10|z:(197379,):float32|y:(197379,):float32",a2253d3a59dd57ddfc5c73578443556be928add47a0b2acaae71f8d0da5f41b8,oof_only,unknown,unknown,potential_component_only_not_a_recommendation
GAP-E10-K5-G030-S42,component_family:gap,gap,artifacts/oof_GAP-E10-K5-G030-S42.npz,unknown,unknown,1,"arrays=user_id:(770616,):int64|cutoff:(770616,):<U10|z:(770616,):float32|y:(770616,):float32",1d24c4c12e7c9acd7cb4a96cc19a0cb1d87bc2bdf686986c2fd400f039bcc65e,oof_only,unknown,unknown,potential_component_only_not_a_recommendation
GAP-E10-K5-G030-S42-R100,component_family:gap,gap,artifacts/oof_GAP-E10-K5-G030-S42-R100.npz,unknown,unknown,1,"arrays=user_id:(770616,):int64|cutoff:(770616,):<U10|z:(770616,):float32|y:(770616,):float32",1d24c4c12e7c9acd7cb4a96cc19a0cb1d87bc2bdf686986c2fd400f039bcc65e,oof_only,unknown,unknown,potential_component_only_not_a_recommendation
GAP-E10-K5-G030-S42-R150,component_family:gap,gap,artifacts/oof_GAP-E10-K5-G030-S42-R150.npz,unknown,unknown,1,"arrays=user_id:(770616,):int64|cutoff:(770616,):<U10|z:(770616,):float32|y:(770616,):float32",5387361b2abe9a624391d99c5fd4de3b48d6a947b1342dc7f5d261e8031f2cc8,oof_only,unknown,unknown,potential_component_only_not_a_recommendation
GAP-E10-K5-G030-S42-R200,component_family:gap,gap,artifacts/oof_GAP-E10-K5-G030-S42-R200.npz,unknown,unknown,1,"arrays=user_id:(770616,):int64|cutoff:(770616,):<U10|z:(770616,):float32|y:(770616,):float32",e3a34d3462e5068f78d12dbcec6556b229dcf517b8fb3db4d01d5b35963ca68d,oof_only,unknown,unknown,potential_component_only_not_a_recommendation
GAP-E10-K5-G030-S42-R250,component_family:gap,gap,artifacts/oof_GAP-E10-K5-G030-S42-R250.npz,unknown,unknown,1,"arrays=user_id:(770616,):int64|cutoff:(770616,):<U10|z:(770616,):float32|y:(770616,):float32",0b69e4a2c44eb95f7aa3d5fbe55ea9e0f24c14ad7dc8def99ec8dae01fe912c0,oof_only,unknown,unknown,potential_component_only_not_a_recommendation
GAP-E10-K5-G030-S42-R300,component_family:gap,gap,artifacts/oof_GAP-E10-K5-G030-S42-R300.npz,unknown,unknown,1,"arrays=user_id:(770616,):int64|cutoff:(770616,):<U10|z:(770616,):float32|y:(770616,):float32",7c98077e532c902c8c37cdd61fbfbc8e5ca867d516a238b0857f9573e014b3a6,oof_only,unknown,unknown,potential_component_only_not_a_recommendation
GAP-E10-K5-G030-S42-R50,component_family:gap,gap,artifacts/oof_GAP-E10-K5-G030-S42-R50.npz,unknown,unknown,1,"arrays=user_id:(770616,):int64|cutoff:(770616,):<U10|z:(770616,):float32|y:(770616,):float32",523789f229701673db40d4c87105c039a47b294564ab22704e09fae414757a85,oof_only,unknown,unknown,potential_component_only_not_a_recommendation
GAP-E10-K5-G030-S42-R75,component_family:gap,gap,artifacts/oof_GAP-E10-K5-G030-S42-R75.npz,unknown,unknown,1,"arrays=user_id:(770616,):int64|cutoff:(770616,):<U10|z:(770616,):float32|y:(770616,):float32",de159988ef9a4276a1143681a819679b9a328026c5f32cc67aa2d4d6ed0dfe77,oof_only,unknown,unknown,potential_component_only_not_a_recommendation
GAP-E10-K5-G060-S42,component_family:gap,gap,artifacts/oof_GAP-E10-K5-G060-S42.npz,unknown,unknown,1,"arrays=user_id:(770616,):int64|cutoff:(770616,):<U10|z:(770616,):float32|y:(770616,):float32",ff22f7a14c4ae705b1f6b9deefcd637fa12e3710918c41cac1805bc09734d5be,oof_only,unknown,unknown,potential_component_only_not_a_recommendation
GAP-E10-K5-G060-S42-R100,component_family:gap,gap,artifacts/oof_GAP-E10-K5-G060-S42-R100.npz,unknown,unknown,1,"arrays=user_id:(770616,):int64|cutoff:(770616,):<U10|z:(770616,):float32|y:(770616,):float32",ff22f7a14c4ae705b1f6b9deefcd637fa12e3710918c41cac1805bc09734d5be,oof_only,unknown,unknown,potential_component_only_not_a_recommendation
GAP-E10-K5-G060-S42-R150,component_family:gap,gap,artifacts/oof_GAP-E10-K5-G060-S42-R150.npz,unknown,unknown,1,"arrays=user_id:(770616,):int64|cutoff:(770616,):<U10|z:(770616,):float32|y:(770616,):float32",300f9520a367c2a65e1b85e86ceaf4ca5f5b81936c7f84e06d214c5812c7d560,oof_only,unknown,unknown,potential_component_only_not_a_recommendation
GAP-E10-K5-G060-S42-R200,component_family:gap,gap,artifacts/oof_GAP-E10-K5-G060-S42-R200.npz,unknown,unknown,1,"arrays=user_id:(770616,):int64|cutoff:(770616,):<U10|z:(770616,):float32|y:(770616,):float32",24716879ccd4874f2c4d971ed8ab8159c32fd890f7106704fadeee7da202a053,oof_only,unknown,unknown,potential_component_only_not_a_recommendation
GAP-E10-K5-G060-S42-R250,component_family:gap,gap,artifacts/oof_GAP-E10-K5-G060-S42-R250.npz,unknown,unknown,1,"arrays=user_id:(770616,):int64|cutoff:(770616,):<U10|z:(770616,):float32|y:(770616,):float32",ed0e31817385b7d0a66f75c60129e5a4da22e1d276acc65041b638fe4dceff1d,oof_only,unknown,unknown,potential_component_only_not_a_recommendation
GAP-E10-K5-G060-S42-R300,component_family:gap,gap,artifacts/oof_GAP-E10-K5-G060-S42-R300.npz,unknown,unknown,1,"arrays=user_id:(770616,):int64|cutoff:(770616,):<U10|z:(770616,):float32|y:(770616,):float32",e52f7647f26b855e214156a44883a174dfbdbe184222ef3c75f7b5edeebd8225,oof_only,unknown,unknown,potential_component_only_not_a_recommendation
GAP-E10-K5-G060-S42-R50,component_family:gap,gap,artifacts/oof_GAP-E10-K5-G060-S42-R50.npz,unknown,unknown,1,"arrays=user_id:(770616,):int64|cutoff:(770616,):<U10|z:(770616,):float32|y:(770616,):float32",b7af9abaee198a6e3511fb41bd425d23235c2fa93fe1e57d34d785c444f38b1b,oof_only,unknown,unknown,potential_component_only_not_a_recommendation
GAP-E10-K5-G060-S42-R75,component_family:gap,gap,artifacts/oof_GAP-E10-K5-G060-S42-R75.npz,unknown,unknown,1,"arrays=user_id:(770616,):int64|cutoff:(770616,):<U10|z:(770616,):float32|y:(770616,):float32",710c5054c7ba33dea38d79a54a17874ecd9fd14aa2276111a654b752347da773,oof_only,unknown,unknown,potential_component_only_not_a_recommendation
GAP-E10-K5-G090-S42,component_family:gap,gap,artifacts/oof_GAP-E10-K5-G090-S42.npz,unknown,unknown,1,"arrays=user_id:(770616,):int64|cutoff:(770616,):<U10|z:(770616,):float32|y:(770616,):float32",fe827de3b49d4b0c9cf51378d8fbddcff936165e83d8fd1fabffce6bee84e450,oof_only,unknown,unknown,potential_component_only_not_a_recommendation
GAP-E10-K5-G090-S42-R100,component_family:gap,gap,artifacts/oof_GAP-E10-K5-G090-S42-R100.npz,unknown,unknown,1,"arrays=user_id:(770616,):int64|cutoff:(770616,):<U10|z:(770616,):float32|y:(770616,):float32",fe827de3b49d4b0c9cf51378d8fbddcff936165e83d8fd1fabffce6bee84e450,oof_only,unknown,unknown,potential_component_only_not_a_recommendation
GAP-E10-K5-G090-S42-R150,component_family:gap,gap,artifacts/oof_GAP-E10-K5-G090-S42-R150.npz,unknown,unknown,1,"arrays=user_id:(770616,):int64|cutoff:(770616,):<U10|z:(770616,):float32|y:(770616,):float32",85d05e6afc39f122fb7c1e93f0c957fe9ff3034ce9b99a75087fd2c41de95a75,oof_only,unknown,unknown,potential_component_only_not_a_recommendation
GAP-E10-K5-G090-S42-R200,component_family:gap,gap,artifacts/oof_GAP-E10-K5-G090-S42-R200.npz,unknown,unknown,1,"arrays=user_id:(770616,):int64|cutoff:(770616,):<U10|z:(770616,):float32|y:(770616,):float32",2470cdeff86717df615e69f59efd3566e288458c7ca0ff233b4fc585f62a5d41,oof_only,unknown,unknown,potential_component_only_not_a_recommendation
GAP-E10-K5-G090-S42-R250,component_family:gap,gap,artifacts/oof_GAP-E10-K5-G090-S42-R250.npz,unknown,unknown,1,"arrays=user_id:(770616,):int64|cutoff:(770616,):<U10|z:(770616,):float32|y:(770616,):float32",07e419ff00450c5a1005f43f3c8db16fc1ed76cfb76bfa8465f9fbf7275c0733,oof_only,unknown,unknown,potential_component_only_not_a_recommendation
GAP-E10-K5-G090-S42-R300,component_family:gap,gap,artifacts/oof_GAP-E10-K5-G090-S42-R300.npz,unknown,unknown,1,"arrays=user_id:(770616,):int64|cutoff:(770616,):<U10|z:(770616,):float32|y:(770616,):float32",4b4d709253e9aa5aca38a4d61dda1c58802a38fdd0d2579e14b930c97905dc80,oof_only,unknown,unknown,potential_component_only_not_a_recommendation
GAP-E10-K5-G090-S42-R50,component_family:gap,gap,artifacts/oof_GAP-E10-K5-G090-S42-R50.npz,unknown,unknown,1,"arrays=user_id:(770616,):int64|cutoff:(770616,):<U10|z:(770616,):float32|y:(770616,):float32",a2b32f92fbe6505e3be6ade6edb9cc6fd4196939b001408504a0f723fc0fb45e,oof_only,unknown,unknown,potential_component_only_not_a_recommendation
GAP-E10-K5-G090-S42-R75,component_family:gap,gap,artifacts/oof_GAP-E10-K5-G090-S42-R75.npz,unknown,unknown,1,"arrays=user_id:(770616,):int64|cutoff:(770616,):<U10|z:(770616,):float32|y:(770616,):float32",6c330fdaca142c322f5116eac6be0bdf9a50ff45c73d3a305c194e3f6976489a,oof_only,unknown,unknown,potential_component_only_not_a_recommendation
GAP-E10-K5-G120-S42,component_family:gap,gap,artifacts/oof_GAP-E10-K5-G120-S42.npz,unknown,unknown,1,"arrays=user_id:(770616,):int64|cutoff:(770616,):<U10|z:(770616,):float32|y:(770616,):float32",0020518147b66d95015afb470473d180343ed5855eec7a8c5c59b7fec03c028f,oof_only,unknown,unknown,potential_component_only_not_a_recommendation
GAP-E10-K5-G120-S42-R100,component_family:gap,gap,artifacts/oof_GAP-E10-K5-G120-S42-R100.npz,unknown,unknown,1,"arrays=user_id:(770616,):int64|cutoff:(770616,):<U10|z:(770616,):float32|y:(770616,):float32",0020518147b66d95015afb470473d180343ed5855eec7a8c5c59b7fec03c028f,oof_only,unknown,unknown,potential_component_only_not_a_recommendation
GAP-E10-K5-G120-S42-R150,component_family:gap,gap,artifacts/oof_GAP-E10-K5-G120-S42-R150.npz,unknown,unknown,1,"arrays=user_id:(770616,):int64|cutoff:(770616,):<U10|z:(770616,):float32|y:(770616,):float32",999270e18709209c91c162dc780044251f1cf94c7d4a6d57a99c2299b58791f4,oof_only,unknown,unknown,potential_component_only_not_a_recommendation
GAP-E10-K5-G120-S42-R200,component_family:gap,gap,artifacts/oof_GAP-E10-K5-G120-S42-R200.npz,unknown,unknown,1,"arrays=user_id:(770616,):int64|cutoff:(770616,):<U10|z:(770616,):float32|y:(770616,):float32",3062a3deffb606e83542eb49b502b6e259e688332e3cd9ca168cf78901fe2ce8,oof_only,unknown,unknown,potential_component_only_not_a_recommendation
GAP-E10-K5-G120-S42-R250,component_family:gap,gap,artifacts/oof_GAP-E10-K5-G120-S42-R250.npz,unknown,unknown,1,"arrays=user_id:(770616,):int64|cutoff:(770616,):<U10|z:(770616,):float32|y:(770616,):float32",872d22c7dfc2e2f9171542dc39f6be947d0ed9828c274febb7b67f1d3229d2d7,oof_only,unknown,unknown,potential_component_only_not_a_recommendation
GAP-E10-K5-G120-S42-R300,component_family:gap,gap,artifacts/oof_GAP-E10-K5-G120-S42-R300.npz,unknown,unknown,1,"arrays=user_id:(770616,):int64|cutoff:(770616,):<U10|z:(770616,):float32|y:(770616,):float32",65d80f72026b0bb77934c02d9924f6fa9d8dfa9217108bd5dda7642b36028f2c,oof_only,unknown,unknown,potential_component_only_not_a_recommendation
GAP-E10-K5-G120-S42-R50,component_family:gap,gap,artifacts/oof_GAP-E10-K5-G120-S42-R50.npz,unknown,unknown,1,"arrays=user_id:(770616,):int64|cutoff:(770616,):<U10|z:(770616,):float32|y:(770616,):float32",953f345cbdc31ec5fd70c5bd487ffafe8bb168581ef3908aa8ebb601ad2eb29c,oof_only,unknown,unknown,potential_component_only_not_a_recommendation
GAP-E10-K5-G120-S42-R75,component_family:gap,gap,artifacts/oof_GAP-E10-K5-G120-S42-R75.npz,unknown,unknown,1,"arrays=user_id:(770616,):int64|cutoff:(770616,):<U10|z:(770616,):float32|y:(770616,):float32",545d5293da335832b2e59c526abf26c58ee107c43198ac86a68f44294cd3d87f,oof_only,unknown,unknown,potential_component_only_not_a_recommendation
HOLIDAY-YOY-FAST,team_a:exp_023,unknown,artifacts/oof_HOLIDAY-YOY-FAST.npz,artifacts/ztest_HOLIDAY-YOY-FAST.npy,unknown,2,"array=ztest_HOLIDAY-YOY-FAST:(250000,):float64;arrays=user_id:(770616,):int64|cutoff:(770616,):<U10|z:(770616,):float32|y:(770616,):float32",d58b7356b71cd2aecc4b6b43fb9209010013c118db0c9eaff869cdca6bffb1fb;35b6249bbdf387740bd50bb07eea57aacf0be79008b0f34fe0fdb5fed1ac3d2e,oof_and_test,unknown,unknown,potential_component_only_not_a_recommendation
L180_norm0_tb1,unknown,unknown,unknown,artifacts/ztest_L180_norm0_tb1.npy,unknown,1,"array=ztest_L180_norm0_tb1:(250000,):float64",2fb4925d1ebfe3084232a121d2a18a761acbc3858e1d448c06cff3bb1bd758cd,test_only,unknown,unknown,potential_component_only_not_a_recommendation
L90_norm0_tb1,unknown,unknown,unknown,artifacts/ztest_L90_norm0_tb1.npy,unknown,1,"array=ztest_L90_norm0_tb1:(250000,):float64",a5f5787e0a67e5624c57d94ee8a5da055f1c64ad8149d6ff695be022f2a87237,test_only,unknown,unknown,potential_component_only_not_a_recommendation
LATE:model,team_a:exp_056,unknown,unknown,unknown,artifacts/LATE_SSL_EXP056/arms/LATE/model.pt,1,unknown,be2d4be8f9d58137d58897871bc29767b4053aea3cc71f50d87887d2fb03e64a,model_only,unknown,unknown,model_state_only
LATEST_DELTA_COMPAT_EXP066_A1:candidates,team_a:exp_066,unknown,artifacts/LATEST_DELTA_COMPAT_EXP066_A1/oof_candidates.npz,unknown,unknown,1,"arrays=status:():<U31|canonical_latest_oof_present:():bool|required_columns:(5,):<U19|family:(5,):<U16|family_status:(5,):<U15|user_id:(0,):int64|fold:(0,):<U10|target:(0,):float64|z_latest:(0,):float64|z_STRONGEST_CURRENT:(0,):float64",042710ca601484fcf24b652552ce617cc6abb13e7002b66f900e9a8610051b58,oof_only,unknown,unknown,potential_component_only_not_a_recommendation
LNone_norm0_tb1,unknown,unknown,unknown,artifacts/ztest_LNone_norm0_tb1.npy,unknown,1,"array=ztest_LNone_norm0_tb1:(250000,):float64",943c79326df403c5decc04c770ed467a33dd9aba0f5a074dded5f7fec41ead9e,test_only,unknown,unknown,potential_component_only_not_a_recommendation
MHZ-BASE,component_family:mhz;team_a:exp_024,mhz,artifacts/oof_MHZ-BASE.npz,unknown,unknown,1,"arrays=user_id:(770616,):int64|cutoff:(770616,):<U10|z:(770616,):float32|y:(770616,):float32",f56afa94287cff7c9f1ea6fce1222347ed91d30d1603c4d83ffdfcdb7f46b241,oof_only,unknown,unknown,potential_component_only_not_a_recommendation
MHZ-BASE-V0904,component_family:mhz;team_a:exp_024,mhz,artifacts/oof_MHZ-BASE-V0904.npz,unknown,unknown,1,"arrays=user_id:(188518,):int64|cutoff:(188518,):<U10|z:(188518,):float32|y:(188518,):float32",c6c5389ef6d361df85747d53b9641d7a32b956faf3afb6c5a2ab7421a30fbaa6,oof_only,unknown,unknown,potential_component_only_not_a_recommendation
MHZ-BASE-V0918,component_family:mhz;team_a:exp_024,mhz,artifacts/oof_MHZ-BASE-V0918.npz,unknown,unknown,1,"arrays=user_id:(191025,):int64|cutoff:(191025,):<U10|z:(191025,):float32|y:(191025,):float32",fb04a4f6ab5bb3456ffdad32af2e3d157e0454f3b0cf7663a082e16ad0336eed,oof_only,unknown,unknown,potential_component_only_not_a_recommendation
MHZ-BASE-V1002,component_family:mhz;team_a:exp_024,mhz,artifacts/oof_MHZ-BASE-V1002.npz,unknown,unknown,1,"arrays=user_id:(193694,):int64|cutoff:(193694,):<U10|z:(193694,):float32|y:(193694,):float32",dce540ca798ed905a1ca2691c71fc29e32a95921beaf077e5c1e92151fb21e1d,oof_only,unknown,unknown,potential_component_only_not_a_recommendation
MHZ-BASE-V1016,component_family:mhz;team_a:exp_024,mhz,artifacts/oof_MHZ-BASE-V1016.npz,unknown,unknown,1,"arrays=user_id:(197379,):int64|cutoff:(197379,):<U10|z:(197379,):float32|y:(197379,):float32",1ddae595d1b96ec6347a2a32d00993c66239730402a1dbb95e8519a879bc10b4,oof_only,unknown,unknown,potential_component_only_not_a_recommendation
MHZ-FULL,component_family:mhz;team_a:exp_024,mhz,artifacts/oof_MHZ-FULL.npz,unknown,unknown,1,"arrays=user_id:(770616,):int64|cutoff:(770616,):<U10|z:(770616,):float32|y:(770616,):float32",809103c075595205c0a344ea82ff7b38d02614d0fb9c039a26438d3d8a0dd9c9,oof_only,unknown,unknown,potential_component_only_not_a_recommendation
MHZ-FULL-V0904,component_family:mhz;team_a:exp_024,mhz,artifacts/oof_MHZ-FULL-V0904.npz,unknown,unknown,1,"arrays=user_id:(188518,):int64|cutoff:(188518,):<U10|z:(188518,):float32|y:(188518,):float32",cbdc8934b33eab32109d24bbe2e599e26f1433c9d7f4c01c234db2f5e21315db,oof_only,unknown,unknown,potential_component_only_not_a_recommendation
MHZ-FULL-V0918,component_family:mhz;team_a:exp_024,mhz,artifacts/oof_MHZ-FULL-V0918.npz,unknown,unknown,1,"arrays=user_id:(191025,):int64|cutoff:(191025,):<U10|z:(191025,):float32|y:(191025,):float32",d6e123fa221066500ffa8f4ee422becad5d60fd9247d840aa5fb02b1e8526d03,oof_only,unknown,unknown,potential_component_only_not_a_recommendation
MHZ-FULL-V1002,component_family:mhz;team_a:exp_024,mhz,artifacts/oof_MHZ-FULL-V1002.npz,unknown,unknown,1,"arrays=user_id:(193694,):int64|cutoff:(193694,):<U10|z:(193694,):float32|y:(193694,):float32",ce25708ee4e97daf08629990fa6a1337d2f8cc7be9026bc2bc922b83c902a40c,oof_only,unknown,unknown,potential_component_only_not_a_recommendation
MHZ-FULL-V1016,component_family:mhz;team_a:exp_024,mhz,artifacts/oof_MHZ-FULL-V1016.npz,unknown,unknown,1,"arrays=user_id:(197379,):int64|cutoff:(197379,):<U10|z:(197379,):float32|y:(197379,):float32",be4904381f5a6faaaa5627b2ef1b3e386706ee152448e0af3d7d0189a9aa0719,oof_only,unknown,unknown,potential_component_only_not_a_recommendation
MHZ-P30,component_family:mhz;team_a:exp_024,mhz,artifacts/oof_MHZ-P30.npz,unknown,unknown,1,"arrays=user_id:(770616,):int64|cutoff:(770616,):<U10|z:(770616,):float32|y:(770616,):float32",2b800c4e7d38c8b45ccad928b5289d4d357ad23574af997a0a8ce590908fe9b1,oof_only,unknown,unknown,potential_component_only_not_a_recommendation
MHZ-P30-V0904,component_family:mhz;team_a:exp_024,mhz,artifacts/oof_MHZ-P30-V0904.npz,unknown,unknown,1,"arrays=user_id:(188518,):int64|cutoff:(188518,):<U10|z:(188518,):float32|y:(188518,):float32",cc78c8a11c1892d98bcf5d2327a5085507d9eff6a4366d702577532fc56bb0cb,oof_only,unknown,unknown,potential_component_only_not_a_recommendation
MHZ-P30-V0918,component_family:mhz;team_a:exp_024,mhz,artifacts/oof_MHZ-P30-V0918.npz,unknown,unknown,1,"arrays=user_id:(191025,):int64|cutoff:(191025,):<U10|z:(191025,):float32|y:(191025,):float32",20c41933842db1a9769fb71df4a92f792a266db176a03613f3e22f61d1db671b,oof_only,unknown,unknown,potential_component_only_not_a_recommendation
MHZ-P30-V1002,component_family:mhz;team_a:exp_024,mhz,artifacts/oof_MHZ-P30-V1002.npz,unknown,unknown,1,"arrays=user_id:(193694,):int64|cutoff:(193694,):<U10|z:(193694,):float32|y:(193694,):float32",7d84a87a89535fbbb8db1e4450711c56928a18ebc2de1aaab703159031723763,oof_only,unknown,unknown,potential_component_only_not_a_recommendation
MHZ-P30-V1016,component_family:mhz;team_a:exp_024,mhz,artifacts/oof_MHZ-P30-V1016.npz,unknown,unknown,1,"arrays=user_id:(197379,):int64|cutoff:(197379,):<U10|z:(197379,):float32|y:(197379,):float32",1c43432959c4a61a5b282f8e8434acc69bd9f1ec56addd9ea67c5f7699fe7554,oof_only,unknown,unknown,potential_component_only_not_a_recommendation
MHZ-SELF,component_family:mhz;team_a:exp_024,mhz,artifacts/oof_MHZ-SELF.npz,unknown,unknown,1,"arrays=user_id:(770616,):int64|cutoff:(770616,):<U10|z:(770616,):float32|y:(770616,):float32",beb22ed00dfd0346dbd12ce6fc928ff971d4515f754f73ef4eeac1ab0b304ca3,oof_only,unknown,unknown,potential_component_only_not_a_recommendation
MHZ-SELF-V0904,component_family:mhz;team_a:exp_024,mhz,artifacts/oof_MHZ-SELF-V0904.npz,unknown,unknown,1,"arrays=user_id:(188518,):int64|cutoff:(188518,):<U10|z:(188518,):float32|y:(188518,):float32",74a0fa6417e4d591ae78ec01e14bc3243c824af3bf1c26a3b20e0a4780b5d29b,oof_only,unknown,unknown,potential_component_only_not_a_recommendation
MHZ-SELF-V0918,component_family:mhz;team_a:exp_024,mhz,artifacts/oof_MHZ-SELF-V0918.npz,unknown,unknown,1,"arrays=user_id:(191025,):int64|cutoff:(191025,):<U10|z:(191025,):float32|y:(191025,):float32",26926c81ffee5a987a7da4808c61a218e049151ef1f73ef83bc34ced986e5391,oof_only,unknown,unknown,potential_component_only_not_a_recommendation
MHZ-SELF-V1002,component_family:mhz;team_a:exp_024,mhz,artifacts/oof_MHZ-SELF-V1002.npz,unknown,unknown,1,"arrays=user_id:(193694,):int64|cutoff:(193694,):<U10|z:(193694,):float32|y:(193694,):float32",d13900bb7bdcf2bffb0910ca44fffd9b8f19d44092c3e7f2c5d19be8ec7629b1,oof_only,unknown,unknown,potential_component_only_not_a_recommendation
MHZ-SELF-V1016,component_family:mhz;team_a:exp_024,mhz,artifacts/oof_MHZ-SELF-V1016.npz,unknown,unknown,1,"arrays=user_id:(197379,):int64|cutoff:(197379,):<U10|z:(197379,):float32|y:(197379,):float32",01c11dd9c223a49ad4ab5dc370c1c754d6b6e31f23d25b3aeb53c93b8f2315c1,oof_only,unknown,unknown,potential_component_only_not_a_recommendation
PT-FULL-AVG3,component_family:pt,pt,artifacts/oof_PT-FULL-AVG3.npz,unknown,unknown,1,"arrays=user_id:(770616,):int64|cutoff:(770616,):<U10|z:(770616,):float32|y:(770616,):float32",d9009d8d0f78cd59bd18cfea2387e8bbe2bc9061bd3a04133f703cda1b76b49c,oof_only,unknown,unknown,potential_component_only_not_a_recommendation
PT-FULL-S42,component_family:pt,pt,artifacts/oof_PT-FULL-S42.npz,unknown,unknown,1,"arrays=user_id:(770616,):int64|cutoff:(770616,):<U10|z:(770616,):float32|y:(770616,):float32",be0e9b976d47c3887839968db72c31a9c6f42752f860e401c24dd40bd2966300,oof_only,unknown,unknown,potential_component_only_not_a_recommendation
PT-FULL-S42-A,component_family:pt,pt,artifacts/oof_PT-FULL-S42-A.npz,unknown,unknown,1,"arrays=user_id:(385897,):int64|cutoff:(385897,):<U10|z:(385897,):float32|y:(385897,):float32",9c9050856fa3412f2d3b18819df52c6a68910f45152197b9b78abeaa111fe722,oof_only,unknown,unknown,potential_component_only_not_a_recommendation
PT-FULL-S42-B,component_family:pt,pt,artifacts/oof_PT-FULL-S42-B.npz,unknown,unknown,1,"arrays=user_id:(384719,):int64|cutoff:(384719,):<U10|z:(384719,):float32|y:(384719,):float32",dafbeb126b5ffdf1f7a7478f8b08821cbd02eba88f3da9dc24f0072925e3ccd0,oof_only,unknown,unknown,potential_component_only_not_a_recommendation
PT-FULL-S43,component_family:pt,pt,artifacts/oof_PT-FULL-S43.npz,unknown,unknown,1,"arrays=user_id:(770616,):int64|cutoff:(770616,):<U10|z:(770616,):float32|y:(770616,):float32",6c038b2ece6d599f5c324ab73a086231b9bd452ce22a88ace52ea5a348f4e7ac,oof_only,unknown,unknown,potential_component_only_not_a_recommendation
PT-FULL-S43-A,component_family:pt,pt,artifacts/oof_PT-FULL-S43-A.npz,unknown,unknown,1,"arrays=user_id:(385897,):int64|cutoff:(385897,):<U10|z:(385897,):float32|y:(385897,):float32",b9f772894b655c50d320988fd26459d02a4563f8ebb6b0be42c43b8c52aca49b,oof_only,unknown,unknown,potential_component_only_not_a_recommendation
PT-FULL-S43-B,component_family:pt,pt,artifacts/oof_PT-FULL-S43-B.npz,unknown,unknown,1,"arrays=user_id:(384719,):int64|cutoff:(384719,):<U10|z:(384719,):float32|y:(384719,):float32",6521cbe4ab1474d430ad2f2bdac65da4db710e56c43f96aca5b8cb958b45c3c6,oof_only,unknown,unknown,potential_component_only_not_a_recommendation
PT-FULL-S44,component_family:pt,pt,artifacts/oof_PT-FULL-S44.npz,unknown,unknown,1,"arrays=user_id:(770616,):int64|cutoff:(770616,):<U10|z:(770616,):float32|y:(770616,):float32",b146ac6a6e8a6f78bdeb10aebdc7cc91c2cb82c582f77d3039790a1338f70934,oof_only,unknown,unknown,potential_component_only_not_a_recommendation
PT-FULL-S44-A,component_family:pt,pt,artifacts/oof_PT-FULL-S44-A.npz,unknown,unknown,1,"arrays=user_id:(385897,):int64|cutoff:(385897,):<U10|z:(385897,):float32|y:(385897,):float32",cb54c8221d30aa13ddf367339ec671620cbc153f7149c3fe89eb7fd10b547141,oof_only,unknown,unknown,potential_component_only_not_a_recommendation
PT-FULL-S44-B,component_family:pt,pt,artifacts/oof_PT-FULL-S44-B.npz,unknown,unknown,1,"arrays=user_id:(384719,):int64|cutoff:(384719,):<U10|z:(384719,):float32|y:(384719,):float32",d05dd2d2cf9b40fa0c984c37dcdec3bf2ac74e5031816e0cbbff810becf37fea,oof_only,unknown,unknown,potential_component_only_not_a_recommendation
PT-OD-AVG3,component_family:pt,pt,artifacts/oof_PT-OD-AVG3.npz,unknown,unknown,1,"arrays=user_id:(770616,):int64|cutoff:(770616,):<U10|z:(770616,):float32|y:(770616,):float32",b3ea10b5957a900fc28d6bf58eaf12b95de8ef5a9202cda6d70d877ee202861a,oof_only,unknown,unknown,potential_component_only_not_a_recommendation
PT-OD-S42,component_family:pt,pt,artifacts/oof_PT-OD-S42.npz,unknown,unknown,1,"arrays=user_id:(770616,):int64|cutoff:(770616,):<U10|z:(770616,):float32|y:(770616,):float32",322689b8da2a57f0961f94589ca9f924260f0662828e2f77fc160ce5eaa2b2c6,oof_only,unknown,unknown,potential_component_only_not_a_recommendation
PT-OD-S42-A,component_family:pt,pt,artifacts/oof_PT-OD-S42-A.npz,unknown,unknown,1,"arrays=user_id:(385897,):int64|cutoff:(385897,):<U10|z:(385897,):float32|y:(385897,):float32",9c1f56fda3dce798bf2eb72dfa03a93996845b67ae6ab0cd73171e28515f5127,oof_only,unknown,unknown,potential_component_only_not_a_recommendation
PT-OD-S42-B,component_family:pt,pt,artifacts/oof_PT-OD-S42-B.npz,unknown,unknown,1,"arrays=user_id:(384719,):int64|cutoff:(384719,):<U10|z:(384719,):float32|y:(384719,):float32",d47543155861064b9c38b88c3483e76c70e972423d1755d0efb4e427f313e200,oof_only,unknown,unknown,potential_component_only_not_a_recommendation
PT-OD-S43,component_family:pt,pt,artifacts/oof_PT-OD-S43.npz,unknown,unknown,1,"arrays=user_id:(770616,):int64|cutoff:(770616,):<U10|z:(770616,):float32|y:(770616,):float32",ea3d5e97aa53e8a145adaeccf6341271e07f3a5d6c2ec6dd56acf8de81bf87d0,oof_only,unknown,unknown,potential_component_only_not_a_recommendation
PT-OD-S43-A,component_family:pt,pt,artifacts/oof_PT-OD-S43-A.npz,unknown,unknown,1,"arrays=user_id:(385897,):int64|cutoff:(385897,):<U10|z:(385897,):float32|y:(385897,):float32",67978eb06a3481fe69694efe5011c25e6ff73eeeb46d62be2e7ff127465540ee,oof_only,unknown,unknown,potential_component_only_not_a_recommendation
PT-OD-S43-B,component_family:pt,pt,artifacts/oof_PT-OD-S43-B.npz,unknown,unknown,1,"arrays=user_id:(384719,):int64|cutoff:(384719,):<U10|z:(384719,):float32|y:(384719,):float32",b4cb56a9f1c6b21e4ec9d75ba4ded776d288efeaa227a972cf1d578ee424815b,oof_only,unknown,unknown,potential_component_only_not_a_recommendation
PT-OD-S44,component_family:pt,pt,artifacts/oof_PT-OD-S44.npz,unknown,unknown,1,"arrays=user_id:(770616,):int64|cutoff:(770616,):<U10|z:(770616,):float32|y:(770616,):float32",ec411923fdf67cfe091b8d261af0f89eaf68b079fc14ef96ed2e510816acb7e3,oof_only,unknown,unknown,potential_component_only_not_a_recommendation
PT-OD-S44-A,component_family:pt,pt,artifacts/oof_PT-OD-S44-A.npz,unknown,unknown,1,"arrays=user_id:(385897,):int64|cutoff:(385897,):<U10|z:(385897,):float32|y:(385897,):float32",def1b4898b0bc2e2dc3e76fd94b855f10a613f740b4566bcdca9c2fc433882a5,oof_only,unknown,unknown,potential_component_only_not_a_recommendation
PT-OD-S44-B,component_family:pt,pt,artifacts/oof_PT-OD-S44-B.npz,unknown,unknown,1,"arrays=user_id:(384719,):int64|cutoff:(384719,):<U10|z:(384719,):float32|y:(384719,):float32",48864cf01ace95398e47d4b88f991fd8f63c60c82669f3b9a3ff90fd5d58a303,oof_only,unknown,unknown,potential_component_only_not_a_recommendation
PT-SHUF-AVG3,component_family:pt,pt,artifacts/oof_PT-SHUF-AVG3.npz,unknown,unknown,1,"arrays=user_id:(770616,):int64|cutoff:(770616,):<U10|z:(770616,):float32|y:(770616,):float32",313d05184764adb5dd9445b93ede10c3f0bb13789f6c71d0664cfb7913e25016,oof_only,unknown,unknown,potential_component_only_not_a_recommendation
PT-SHUF-S42,component_family:pt,pt,artifacts/oof_PT-SHUF-S42.npz,unknown,unknown,1,"arrays=user_id:(770616,):int64|cutoff:(770616,):<U10|z:(770616,):float32|y:(770616,):float32",4393f00f752bfdbefab687a656056a3aef8aa4b2487b4f119b8f8f65101c4f45,oof_only,unknown,unknown,potential_component_only_not_a_recommendation
PT-SHUF-S42-A,component_family:pt,pt,artifacts/oof_PT-SHUF-S42-A.npz,unknown,unknown,1,"arrays=user_id:(385897,):int64|cutoff:(385897,):<U10|z:(385897,):float32|y:(385897,):float32",cce768fc28a40ce28d35b9422bb9289a634bd2b6282d30ba2dba8d5140ed5a1a,oof_only,unknown,unknown,potential_component_only_not_a_recommendation
PT-SHUF-S42-B,component_family:pt,pt,artifacts/oof_PT-SHUF-S42-B.npz,unknown,unknown,1,"arrays=user_id:(384719,):int64|cutoff:(384719,):<U10|z:(384719,):float32|y:(384719,):float32",97ecb1424ce1ca649b75d4e1f7fda170e03ffe396295ebaf5cea70ad09044980,oof_only,unknown,unknown,potential_component_only_not_a_recommendation
PT-SHUF-S43,component_family:pt,pt,artifacts/oof_PT-SHUF-S43.npz,unknown,unknown,1,"arrays=user_id:(770616,):int64|cutoff:(770616,):<U10|z:(770616,):float32|y:(770616,):float32",0db0d61fd3a864d15979bd7101c169de580d486cf62d445040746ea0090da795,oof_only,unknown,unknown,potential_component_only_not_a_recommendation
PT-SHUF-S43-A,component_family:pt,pt,artifacts/oof_PT-SHUF-S43-A.npz,unknown,unknown,1,"arrays=user_id:(385897,):int64|cutoff:(385897,):<U10|z:(385897,):float32|y:(385897,):float32",c374bbf8395e013220ae208ce2346feb0a420c3734b2a960d1704c2ce264bf94,oof_only,unknown,unknown,potential_component_only_not_a_recommendation
PT-SHUF-S43-B,component_family:pt,pt,artifacts/oof_PT-SHUF-S43-B.npz,unknown,unknown,1,"arrays=user_id:(384719,):int64|cutoff:(384719,):<U10|z:(384719,):float32|y:(384719,):float32",f7bbd3648d048deabf6830feebc84bf43f395aef848bb7971cab7469c9c6de8d,oof_only,unknown,unknown,potential_component_only_not_a_recommendation
PT-SHUF-S44,component_family:pt,pt,artifacts/oof_PT-SHUF-S44.npz,unknown,unknown,1,"arrays=user_id:(770616,):int64|cutoff:(770616,):<U10|z:(770616,):float32|y:(770616,):float32",389f89c88844cf59ac15a59d1add1c57cc6d7badc3a89b65fb458a85ba5344b5,oof_only,unknown,unknown,potential_component_only_not_a_recommendation
PT-SHUF-S44-A,component_family:pt,pt,artifacts/oof_PT-SHUF-S44-A.npz,unknown,unknown,1,"arrays=user_id:(385897,):int64|cutoff:(385897,):<U10|z:(385897,):float32|y:(385897,):float32",6795efb6192889cdac1f109d83229975640c6c01b921cfa5894bf7a84b5c3993,oof_only,unknown,unknown,potential_component_only_not_a_recommendation
PT-SHUF-S44-B,component_family:pt,pt,artifacts/oof_PT-SHUF-S44-B.npz,unknown,unknown,1,"arrays=user_id:(384719,):int64|cutoff:(384719,):<U10|z:(384719,):float32|y:(384719,):float32",8d692a9b1858a26d4c31f0f724a3bc90210fd15ec664b08a6014a00e14ff1fe0,oof_only,unknown,unknown,potential_component_only_not_a_recommendation
PT-SMOKE,component_family:pt,pt,artifacts/oof_PT-SMOKE.npz,unknown,unknown,1,"arrays=user_id:(197379,):int64|cutoff:(197379,):<U10|z:(197379,):float32|y:(197379,):float32",f70777ce49a78179c67b6709c78968272b3fc8491f1e90d394de8766cae82e58,oof_only,unknown,unknown,potential_component_only_not_a_recommendation
RENEWAL-01,independent_domain:exp_028;independent_renewal:exp_027,unknown,linked_worktree/independent_domain/artifacts/source_renewal/oof_RENEWAL-01.npz;linked_worktree/independent_renewal/artifacts/oof_RENEWAL-01.npz,linked_worktree/independent_domain/artifacts/source_renewal/test_RENEWAL-01.npz;linked_worktree/independent_renewal/artifacts/test_RENEWAL-01.npz,unknown,4,"arrays=user_id:(250000,):int64|p_clock_30:(250000,):float32|p_r1_raw:(250000,):float32|p_r0:(250000,):float32|p_r1_seeds:(3, 250000):float32|clk_n_events:(250000,):float32|clk_n_intervals:(250000,):float32|clk_recency:(250000,):float32|clk_rec_over_median:(250000,):float32|clk_regularity:(250000,):float32;arrays=user_id:(770616,):int64|cutoff:(770616,):<U10|y:(770616,):float32|y_buy:(770616,):int8|p_clock_30:(770616,):float32|p_r1_raw:(770616,):float32|p_r0:(770616,):float32|p_r1_seeds:(3, 770616):float32|p_r0_a2:(770616,):float32|p_r0_a5:(770616,):float32|p_r0_a10:(770616,):float32|p_r0_a20:(770616,):float32|p_existing_b30:(770616,):float32|conditional_mu:(770616,):float32|z_clock_two_part:(770616,):float32|z_base:(770616,):float32|z_clock_meta:(770616,):float32|clk_n_events:(770616,):float32|clk_n_intervals:(770616,):float32|clk_recency:(770616,):float32|clk_gap_median:(770616,):float32|clk_gap_cv:(770616,):float32|clk_regularity:(770616,):float32|clk_rec_over_median:(770616,):float32",4a8ab0a05e769ed3d21d901fe306fa389f04fd368358691c43669a603ef4bd13;97c9fd073c30a047e5b3961718b9b218fac61e15efbedb1450c085a364fd24c2;4a8ab0a05e769ed3d21d901fe306fa389f04fd368358691c43669a603ef4bd13;97c9fd073c30a047e5b3961718b9b218fac61e15efbedb1450c085a364fd24c2,oof_and_test,contains_exact_duplicate_artifacts,unknown,potential_component_only_not_a_recommendation
RENEWAL-01_20250904_s42,independent_domain:exp_028;independent_renewal:exp_027,unknown,unknown,unknown,linked_worktree/independent_domain/artifacts/source_renewal/model_RENEWAL-01_20250904_s42.txt;linked_worktree/independent_renewal/artifacts/model_RENEWAL-01_20250904_s42.txt,2,unknown,b7fac9bf56586318b38831c2cbce40e5ba4671a3adfc56054b0bf606e594ff4e;b7fac9bf56586318b38831c2cbce40e5ba4671a3adfc56054b0bf606e594ff4e,model_only,contains_exact_duplicate_artifacts,unknown,model_state_only
RENEWAL-01_20250904_s43,independent_domain:exp_028;independent_renewal:exp_027,unknown,unknown,unknown,linked_worktree/independent_domain/artifacts/source_renewal/model_RENEWAL-01_20250904_s43.txt;linked_worktree/independent_renewal/artifacts/model_RENEWAL-01_20250904_s43.txt,2,unknown,e08ede851ecb704ab2d7eb03cb423a09d7e1620570051413dc81d633dd33b388;e08ede851ecb704ab2d7eb03cb423a09d7e1620570051413dc81d633dd33b388,model_only,contains_exact_duplicate_artifacts,unknown,model_state_only
RENEWAL-01_20250904_s44,independent_domain:exp_028;independent_renewal:exp_027,unknown,unknown,unknown,linked_worktree/independent_domain/artifacts/source_renewal/model_RENEWAL-01_20250904_s44.txt;linked_worktree/independent_renewal/artifacts/model_RENEWAL-01_20250904_s44.txt,2,unknown,926b82276eaf0ec51e0667fc16098a1f71adb3f561b4690deac0370a901dd467;926b82276eaf0ec51e0667fc16098a1f71adb3f561b4690deac0370a901dd467,model_only,contains_exact_duplicate_artifacts,unknown,model_state_only
RENEWAL-01_20250918_s42,independent_domain:exp_028;independent_renewal:exp_027,unknown,unknown,unknown,linked_worktree/independent_domain/artifacts/source_renewal/model_RENEWAL-01_20250918_s42.txt;linked_worktree/independent_renewal/artifacts/model_RENEWAL-01_20250918_s42.txt,2,unknown,6339514661f50eac922e5c3f41b024648fa07b67a26d393eb67ef6b9fa501eb8;6339514661f50eac922e5c3f41b024648fa07b67a26d393eb67ef6b9fa501eb8,model_only,contains_exact_duplicate_artifacts,unknown,model_state_only
RENEWAL-01_20250918_s43,independent_domain:exp_028;independent_renewal:exp_027,unknown,unknown,unknown,linked_worktree/independent_domain/artifacts/source_renewal/model_RENEWAL-01_20250918_s43.txt;linked_worktree/independent_renewal/artifacts/model_RENEWAL-01_20250918_s43.txt,2,unknown,b5d318ce541123f5c0491179f7678338e87e74832e1e43a4c36d872ac3132684;b5d318ce541123f5c0491179f7678338e87e74832e1e43a4c36d872ac3132684,model_only,contains_exact_duplicate_artifacts,unknown,model_state_only
RENEWAL-01_20250918_s44,independent_domain:exp_028;independent_renewal:exp_027,unknown,unknown,unknown,linked_worktree/independent_domain/artifacts/source_renewal/model_RENEWAL-01_20250918_s44.txt;linked_worktree/independent_renewal/artifacts/model_RENEWAL-01_20250918_s44.txt,2,unknown,a41d0407006bfd6336c54645e737a773e4d27d5f0f40bb05025882d95267a7ff;a41d0407006bfd6336c54645e737a773e4d27d5f0f40bb05025882d95267a7ff,model_only,contains_exact_duplicate_artifacts,unknown,model_state_only
RENEWAL-01_20251002_s42,independent_domain:exp_028;independent_renewal:exp_027,unknown,unknown,unknown,linked_worktree/independent_domain/artifacts/source_renewal/model_RENEWAL-01_20251002_s42.txt;linked_worktree/independent_renewal/artifacts/model_RENEWAL-01_20251002_s42.txt,2,unknown,c58782c28ce617cda275980ac1bd55a90106fdf363d79f63e8707fab7c7459b3;c58782c28ce617cda275980ac1bd55a90106fdf363d79f63e8707fab7c7459b3,model_only,contains_exact_duplicate_artifacts,unknown,model_state_only
RENEWAL-01_20251002_s43,independent_domain:exp_028;independent_renewal:exp_027,unknown,unknown,unknown,linked_worktree/independent_domain/artifacts/source_renewal/model_RENEWAL-01_20251002_s43.txt;linked_worktree/independent_renewal/artifacts/model_RENEWAL-01_20251002_s43.txt,2,unknown,a51e9f92b38736123d4af67c000af595dd9ede34c2c58c30afdb88d96c71169d;a51e9f92b38736123d4af67c000af595dd9ede34c2c58c30afdb88d96c71169d,model_only,contains_exact_duplicate_artifacts,unknown,model_state_only
RENEWAL-01_20251002_s44,independent_domain:exp_028;independent_renewal:exp_027,unknown,unknown,unknown,linked_worktree/independent_domain/artifacts/source_renewal/model_RENEWAL-01_20251002_s44.txt;linked_worktree/independent_renewal/artifacts/model_RENEWAL-01_20251002_s44.txt,2,unknown,74c8e5bb830d13a9a2985646d2b9cdd9300e230fe0cfacee7ec7dd86749636b6;74c8e5bb830d13a9a2985646d2b9cdd9300e230fe0cfacee7ec7dd86749636b6,model_only,contains_exact_duplicate_artifacts,unknown,model_state_only
RENEWAL-01_20251016_s42,independent_domain:exp_028;independent_renewal:exp_027,unknown,unknown,unknown,linked_worktree/independent_domain/artifacts/source_renewal/model_RENEWAL-01_20251016_s42.txt;linked_worktree/independent_renewal/artifacts/model_RENEWAL-01_20251016_s42.txt,2,unknown,b35096f46770932ef9e6107a26b3f602892d8184f9730f1a1735a09812d664f4;b35096f46770932ef9e6107a26b3f602892d8184f9730f1a1735a09812d664f4,model_only,contains_exact_duplicate_artifacts,unknown,model_state_only
RENEWAL-01_20251016_s43,independent_domain:exp_028;independent_renewal:exp_027,unknown,unknown,unknown,linked_worktree/independent_domain/artifacts/source_renewal/model_RENEWAL-01_20251016_s43.txt;linked_worktree/independent_renewal/artifacts/model_RENEWAL-01_20251016_s43.txt,2,unknown,af5ed12ba9fce184a3e1049ecd1fce53dd11e4c4fc0f1fa2db20c019ae63e187;af5ed12ba9fce184a3e1049ecd1fce53dd11e4c4fc0f1fa2db20c019ae63e187,model_only,contains_exact_duplicate_artifacts,unknown,model_state_only
RENEWAL-01_20251016_s44,independent_domain:exp_028;independent_renewal:exp_027,unknown,unknown,unknown,linked_worktree/independent_domain/artifacts/source_renewal/model_RENEWAL-01_20251016_s44.txt;linked_worktree/independent_renewal/artifacts/model_RENEWAL-01_20251016_s44.txt,2,unknown,3f8e0bd13b31f108155d66a81490453929be006e751a9f729cefbedfa10a31b1;3f8e0bd13b31f108155d66a81490453929be006e751a9f729cefbedfa10a31b1,model_only,contains_exact_duplicate_artifacts,unknown,model_state_only
RENEWAL-01_TEST_s42,independent_domain:exp_028;independent_renewal:exp_027,unknown,unknown,unknown,linked_worktree/independent_domain/artifacts/source_renewal/model_RENEWAL-01_TEST_s42.txt;linked_worktree/independent_renewal/artifacts/model_RENEWAL-01_TEST_s42.txt,2,unknown,78b402e9513a6d3056ba7500b9bc28bc76783987ecd0b6c6373e94daaf789171;78b402e9513a6d3056ba7500b9bc28bc76783987ecd0b6c6373e94daaf789171,model_only,contains_exact_duplicate_artifacts,unknown,model_state_only
RENEWAL-01_TEST_s43,independent_domain:exp_028;independent_renewal:exp_027,unknown,unknown,unknown,linked_worktree/independent_domain/artifacts/source_renewal/model_RENEWAL-01_TEST_s43.txt;linked_worktree/independent_renewal/artifacts/model_RENEWAL-01_TEST_s43.txt,2,unknown,2686f888f517a62e6b3dce467520ba5be3c9db36d2350334cdc9b31ff13ac8dd;2686f888f517a62e6b3dce467520ba5be3c9db36d2350334cdc9b31ff13ac8dd,model_only,contains_exact_duplicate_artifacts,unknown,model_state_only
RENEWAL-01_TEST_s44,independent_domain:exp_028;independent_renewal:exp_027,unknown,unknown,unknown,linked_worktree/independent_domain/artifacts/source_renewal/model_RENEWAL-01_TEST_s44.txt;linked_worktree/independent_renewal/artifacts/model_RENEWAL-01_TEST_s44.txt,2,unknown,e32751d51acff66bd454a2c451e3957b8837ef733a2369536adbe6a85ec3d955;e32751d51acff66bd454a2c451e3957b8837ef733a2369536adbe6a85ec3d955,model_only,contains_exact_duplicate_artifacts,unknown,model_state_only
RIDGE15,component_family:ridge,ridge,artifacts/oof_RIDGE15.npz,artifacts/ztest_RIDGE15.npy,artifacts/model_RIDGE15.npz,3,"array=ztest_RIDGE15:(250000,):float64;arrays=mean:(227,):float64|std:(227,):float64|coef:(228,):float64|features:(227,):<U23|lambda_:():float64|seed:():int64|n_train:():int64;arrays=user_id:(770616,):int64|cutoff:(770616,):<U10|z:(770616,):float32|y:(770616,):float32",a98b87e8d2cf5668f595272942c4ac73d13c2280b4d13eb8d40867b4f256babe;99d19c2157a19733c86485452e97093fa288c10a9684f11551c60867e69aeecd;a67fffe58c9e3f66cf8a29a605c6485d06e37f2fe080efa7d7581deab532c6f4,oof_and_test,unknown,unknown,potential_component_only_not_a_recommendation
S04-A,unknown,unknown,artifacts/oof_S04-A.npz,artifacts/ztest_S04-A.npy,unknown,2,"array=ztest_S04-A:(250000,):float64;arrays=user_id:(770616,):int64|cutoff:(770616,):<U10|z:(770616,):float32|y:(770616,):float32",9e44e828fe9f1586ee9880071bc5a318315f8e7cbbefb585918df0fdb1d388d3;9951fae01eb18dfebfc0e5d6f84711d64c5c155d44e4819f9cfcf7ca64dc6e24,oof_and_test,unknown,unknown,potential_component_only_not_a_recommendation
S04-B,unknown,unknown,artifacts/oof_S04-B.npz,artifacts/ztest_S04-B.npy,unknown,2,"array=ztest_S04-B:(250000,):float64;arrays=user_id:(770616,):int64|cutoff:(770616,):<U10|z:(770616,):float32|y:(770616,):float32",d795681e74f7dfe2d83e9dedc7b7f8bbb67f1d216d62ac06dc88218f9a208163;4ec5cc13f6bbf14eac4e00c2a2653731428188ca16c572858fd8b9586537b62f,oof_and_test,unknown,unknown,potential_component_only_not_a_recommendation
S04-C,unknown,unknown,artifacts/oof_S04-C.npz,unknown,unknown,1,"arrays=user_id:(770616,):int64|cutoff:(770616,):<U10|z:(770616,):float32|y:(770616,):float32",7cf02441b1c3c3fa4fbb874763557b695c0fbc4c94c5807b07fdc204d6e091d0,oof_only,unknown,unknown,potential_component_only_not_a_recommendation
S04_ptest_s42,unknown,unknown,unknown,artifacts/S04_ptest_s42.npy,unknown,1,"array=S04_ptest_s42:(250000,):float64",0920590f1fad1e1e08bd3f681bdec434146d1ba3ca0f83d75c3e129056158425,test_only,unknown,unknown,potential_component_only_not_a_recommendation
S1-B0,unknown,unknown,artifacts/oof_S1-B0.npz,unknown,unknown,1,"arrays=user_id:(770616,):int64|cutoff:(770616,):<U10|z:(770616,):float32|y:(770616,):float32",93ef6a762bf3e954fbd497d04052f89bade42ca9b87882d3d2001abc66d880d2,oof_only,unknown,unknown,potential_component_only_not_a_recommendation
S1-CAP,unknown,unknown,unknown,artifacts/ztest_S1-CAP.npy;пайплайн сокомандника/friend_original/submission_STRONGEST_CURRENT/artifacts/predictions/ztest_S1-CAP.npy,unknown,2,"array=ztest_S1-CAP:(250000,):float64",d6b3c59920d816cb54c5b65e7daf8de0cea3edc338bedb8ea78e3fb01086e7d9;d6b3c59920d816cb54c5b65e7daf8de0cea3edc338bedb8ea78e3fb01086e7d9,test_only,contains_exact_duplicate_artifacts,unknown,potential_component_only_not_a_recommendation
S1-DIST,unknown,unknown,artifacts/oof_S1-DIST.npz,artifacts/ztest_S1-DIST.npy;пайплайн сокомандника/friend_original/submission_STRONGEST_CURRENT/artifacts/predictions/ztest_S1-DIST.npy,unknown,3,"array=ztest_S1-DIST:(250000,):float64;arrays=user_id:(770616,):int64|cutoff:(770616,):<U10|z:(770616,):float32|y:(770616,):float32",7ef1251928305bd80040a63723cf0a3669e8a37411664b26bf0c0777e8dd4c4e;ad974c09e0c97dedcc622877a5937f9d40c7f4f6604c7bb5eb08d3b7c73fe966;ad974c09e0c97dedcc622877a5937f9d40c7f4f6604c7bb5eb08d3b7c73fe966,oof_and_test,contains_exact_duplicate_artifacts,unknown,potential_component_only_not_a_recommendation
S1-DIST-A,unknown,unknown,artifacts/oof_S1-DIST-A.npz,unknown,unknown,1,"arrays=user_id:(385897,):int64|cutoff:(385897,):<U10|z:(385897,):float32|y:(385897,):float32",c35eddf73feb29d85a7fbdcdbe99addeef0d67a1c4a0bb151d5c946d4f333d3c,oof_only,unknown,unknown,potential_component_only_not_a_recommendation
S1-DIST-B,unknown,unknown,artifacts/oof_S1-DIST-B.npz,unknown,unknown,1,"arrays=user_id:(384719,):int64|cutoff:(384719,):<U10|z:(384719,):float32|y:(384719,):float32",9a29ab99a982ef979daca94279f85d86074dd2d995a4a2b3ded31a04c8ee651b,oof_only,unknown,unknown,potential_component_only_not_a_recommendation
S1-DIST-F4,unknown,unknown,unknown,artifacts/ztest_S1-DIST-F4.npy,unknown,1,"array=ztest_S1-DIST-F4:(250000,):float64",b9314e1c369ef72e3d92363351d43bc0b213220bf011921b8177d3f9166a41b4,test_only,unknown,unknown,potential_component_only_not_a_recommendation
S1-E01,unknown,unknown,artifacts/oof_S1-E01.npz,unknown,unknown,1,"arrays=user_id:(770616,):int64|cutoff:(770616,):<U10|z:(770616,):float32|y:(770616,):float32",6d52ac5c4e068fab39e48a175295135030f64daace93fe31b494b557f0c3f704,oof_only,unknown,unknown,potential_component_only_not_a_recommendation
S1-E02,unknown,unknown,artifacts/oof_S1-E02.npz,unknown,unknown,1,"arrays=user_id:(770616,):int64|cutoff:(770616,):<U10|z:(770616,):float32|y:(770616,):float32",2a8e543f4e5a2362eeaf2e8136d2f5204e4c2d83874276499711fd9dcac874ff,oof_only,unknown,unknown,potential_component_only_not_a_recommendation
S1-E03a,unknown,unknown,artifacts/oof_S1-E03a.npz,unknown,unknown,1,"arrays=user_id:(770616,):int64|cutoff:(770616,):<U10|z:(770616,):float32|y:(770616,):float32",38fb0270611250934130730f92b37345a982fcdaddda9d0b387e7878e0e6d525,oof_only,unknown,unknown,potential_component_only_not_a_recommendation
S1-E03b,unknown,unknown,artifacts/oof_S1-E03b.npz,unknown,unknown,1,"arrays=user_id:(770616,):int64|cutoff:(770616,):<U10|z:(770616,):float32|y:(770616,):float32",57c34c09174f3ce1dae2093ec3769e595d657fd4df2a24e743d0fae39d4cc868,oof_only,unknown,unknown,potential_component_only_not_a_recommendation
S1-E03c,unknown,unknown,artifacts/oof_S1-E03c.npz,unknown,unknown,1,"arrays=user_id:(770616,):int64|cutoff:(770616,):<U10|z:(770616,):float32|y:(770616,):float32",9945f2f7cc1a9010a63de6bce9196babf8d3369bec1a2184944e09664b78edc6,oof_only,unknown,unknown,potential_component_only_not_a_recommendation
S1-E04,unknown,unknown,artifacts/oof_S1-E04.npz,unknown,unknown,1,"arrays=user_id:(391073,):int64|cutoff:(391073,):<U10|z:(391073,):float32|y:(391073,):float32",9fbb0d4e32b4891c313674a308299d73b382f7606f3f84de8dbd5fa2cdefbf7a,oof_only,unknown,unknown,potential_component_only_not_a_recommendation
S1-E10,unknown,unknown,artifacts/oof_S1-E10.npz,unknown,unknown,1,"arrays=user_id:(770616,):int64|cutoff:(770616,):<U10|z:(770616,):float32|y:(770616,):float32",b4e4327772c53c2b3efcac77d3c0d80c48d2e4bcd1ddb6326d1b319e4f230f5c,oof_only,unknown,unknown,potential_component_only_not_a_recommendation
S1-E11,unknown,unknown,artifacts/oof_S1-E11.npz,artifacts/ztest_S1-E11.npy,unknown,2,"array=ztest_S1-E11:(250000,):float64;arrays=user_id:(770616,):int64|cutoff:(770616,):<U10|z:(770616,):float32|y:(770616,):float32",39f566b449f44c085181b7be2ac4cf3f978c5fce8ce300bb27c39a16dbf50c44;d034754a33d0da88efe8c4834515decf78fd62ea11c03649d61faec097623d84,oof_and_test,unknown,unknown,potential_component_only_not_a_recommendation
S1-NORM,unknown,unknown,unknown,artifacts/ztest_S1-NORM.npy,unknown,1,"array=ztest_S1-NORM:(250000,):float64",3f124bd8b74eccd267c3996ef0745b7acdd34f70985157fe9e399ffcf1884148,test_only,unknown,unknown,potential_component_only_not_a_recommendation
S1-ROUNDS,unknown,unknown,artifacts/oof_S1-ROUNDS.npz,unknown,unknown,1,"arrays=user_id:(770616,):int64|cutoff:(770616,):<U10|z:(770616,):float32|y:(770616,):float32",572757bdc0b489cb213bb2f01fe993ff36b0dc72503fdaf003a291a39860e6d1,oof_only,unknown,unknown,potential_component_only_not_a_recommendation
S1-ROUNDS-A,unknown,unknown,artifacts/oof_S1-ROUNDS-A.npz,unknown,unknown,1,"arrays=user_id:(385897,):int64|cutoff:(385897,):<U10|z:(385897,):float32|y:(385897,):float32",6efeff307de6c6333ab160fea35d24d004d040a4442c83925fd572ddb556b702,oof_only,unknown,unknown,potential_component_only_not_a_recommendation
S1-ROUNDS-A-R1000,unknown,unknown,artifacts/oof_S1-ROUNDS-A-R1000.npz,unknown,unknown,1,"arrays=user_id:(385897,):int64|cutoff:(385897,):<U10|z:(385897,):float32|y:(385897,):float32",34d0c1c6fea1de43a954a7f4a3b8b44d044b734b7d8a12bdd71c1fdf9e19db12,oof_only,unknown,unknown,potential_component_only_not_a_recommendation
S1-ROUNDS-A-R1200,unknown,unknown,artifacts/oof_S1-ROUNDS-A-R1200.npz,unknown,unknown,1,"arrays=user_id:(385897,):int64|cutoff:(385897,):<U10|z:(385897,):float32|y:(385897,):float32",aaba308076fe74ff183783a91a73ae9f6c5707e16f814aca95d1e72949a980b9,oof_only,unknown,unknown,potential_component_only_not_a_recommendation
S1-ROUNDS-A-R1400,unknown,unknown,artifacts/oof_S1-ROUNDS-A-R1400.npz,unknown,unknown,1,"arrays=user_id:(385897,):int64|cutoff:(385897,):<U10|z:(385897,):float32|y:(385897,):float32",d7875e57cbba933b5de8ebaade36ce565c994f7b8582474851cd040eae8709e4,oof_only,unknown,unknown,potential_component_only_not_a_recommendation
S1-ROUNDS-A-R300,unknown,unknown,artifacts/oof_S1-ROUNDS-A-R300.npz,unknown,unknown,1,"arrays=user_id:(385897,):int64|cutoff:(385897,):<U10|z:(385897,):float32|y:(385897,):float32",764015d25a7b7ec11f74a387c4e92a6cbec5c9753100c4b3f5d7feeaddc3733b,oof_only,unknown,unknown,potential_component_only_not_a_recommendation
S1-ROUNDS-A-R450,unknown,unknown,artifacts/oof_S1-ROUNDS-A-R450.npz,unknown,unknown,1,"arrays=user_id:(385897,):int64|cutoff:(385897,):<U10|z:(385897,):float32|y:(385897,):float32",474eb3416a15d119cbd258524d7bfbc8a44baef2ad084a17cb813338c60ef2ce,oof_only,unknown,unknown,potential_component_only_not_a_recommendation
S1-ROUNDS-A-R600,unknown,unknown,artifacts/oof_S1-ROUNDS-A-R600.npz,unknown,unknown,1,"arrays=user_id:(385897,):int64|cutoff:(385897,):<U10|z:(385897,):float32|y:(385897,):float32",446940bf1a3c080e1ed1b55716e171f8d70c2b9e839645a0bd5ade03b0da1d7f,oof_only,unknown,unknown,potential_component_only_not_a_recommendation
S1-ROUNDS-A-R800,unknown,unknown,artifacts/oof_S1-ROUNDS-A-R800.npz,unknown,unknown,1,"arrays=user_id:(385897,):int64|cutoff:(385897,):<U10|z:(385897,):float32|y:(385897,):float32",9f9fe87542ee865f16660b5fee6c222e9711a37a11b97cb9e50e75d63403f5b5,oof_only,unknown,unknown,potential_component_only_not_a_recommendation
S1-ROUNDS-B,unknown,unknown,artifacts/oof_S1-ROUNDS-B.npz,unknown,unknown,1,"arrays=user_id:(384719,):int64|cutoff:(384719,):<U10|z:(384719,):float32|y:(384719,):float32",904fe96621af5b810e02fd715f05b1b516bd7cf7d27857e59d2901d778cf6ea4,oof_only,unknown,unknown,potential_component_only_not_a_recommendation
S1-ROUNDS-B-R1000,unknown,unknown,artifacts/oof_S1-ROUNDS-B-R1000.npz,unknown,unknown,1,"arrays=user_id:(384719,):int64|cutoff:(384719,):<U10|z:(384719,):float32|y:(384719,):float32",5dd4faf04e7e4d78830c365bb07bb3e83f162a71917b061fc58590f335351041,oof_only,unknown,unknown,potential_component_only_not_a_recommendation
S1-ROUNDS-B-R1200,unknown,unknown,artifacts/oof_S1-ROUNDS-B-R1200.npz,unknown,unknown,1,"arrays=user_id:(384719,):int64|cutoff:(384719,):<U10|z:(384719,):float32|y:(384719,):float32",6f0b028b097fc99d8e5ad09a0d67540967f08387f53a5a982a6b31deaea7325e,oof_only,unknown,unknown,potential_component_only_not_a_recommendation
S1-ROUNDS-B-R1400,unknown,unknown,artifacts/oof_S1-ROUNDS-B-R1400.npz,unknown,unknown,1,"arrays=user_id:(384719,):int64|cutoff:(384719,):<U10|z:(384719,):float32|y:(384719,):float32",c8e0f4eebbfede63f13b7d5451a54d61caf92679e118225fdf979dcd2d5bf17c,oof_only,unknown,unknown,potential_component_only_not_a_recommendation
S1-ROUNDS-B-R300,unknown,unknown,artifacts/oof_S1-ROUNDS-B-R300.npz,unknown,unknown,1,"arrays=user_id:(384719,):int64|cutoff:(384719,):<U10|z:(384719,):float32|y:(384719,):float32",3b3e46b93d269f6d4507e09de111c7f2c3281327d77634d9f2e40f42db25e876,oof_only,unknown,unknown,potential_component_only_not_a_recommendation
S1-ROUNDS-B-R450,unknown,unknown,artifacts/oof_S1-ROUNDS-B-R450.npz,unknown,unknown,1,"arrays=user_id:(384719,):int64|cutoff:(384719,):<U10|z:(384719,):float32|y:(384719,):float32",41c72909b4589be37d8c5713ef7b2d31747239b0481867e0ca8e0319f7134b8a,oof_only,unknown,unknown,potential_component_only_not_a_recommendation
S1-ROUNDS-B-R600,unknown,unknown,artifacts/oof_S1-ROUNDS-B-R600.npz,unknown,unknown,1,"arrays=user_id:(384719,):int64|cutoff:(384719,):<U10|z:(384719,):float32|y:(384719,):float32",98c4ef632084eb70ba2d978d88bfbe6a4de5afa3a27450df6d151a95ae271be7,oof_only,unknown,unknown,potential_component_only_not_a_recommendation
S1-ROUNDS-B-R800,unknown,unknown,artifacts/oof_S1-ROUNDS-B-R800.npz,unknown,unknown,1,"arrays=user_id:(384719,):int64|cutoff:(384719,):<U10|z:(384719,):float32|y:(384719,):float32",851e259b782d2496195292c52175c865b34c90b5275a8001efe553eb81c9befe,oof_only,unknown,unknown,potential_component_only_not_a_recommendation
S1-ROUNDS-R100,unknown,unknown,artifacts/oof_S1-ROUNDS-R100.npz,unknown,unknown,1,"arrays=user_id:(770616,):int64|cutoff:(770616,):<U10|z:(770616,):float32|y:(770616,):float32",7b53a88b7d2f9202220775e841a092dddab11b61728464df47ac13a0e120ec61,oof_only,unknown,unknown,potential_component_only_not_a_recommendation
S1-ROUNDS-R1000,unknown,unknown,artifacts/oof_S1-ROUNDS-R1000.npz,unknown,unknown,1,"arrays=user_id:(770616,):int64|cutoff:(770616,):<U10|z:(770616,):float32|y:(770616,):float32",54c2f199aec72cc0295cf22506f472e31b447b73c5832fb02ea4bda1d4c14445,oof_only,unknown,unknown,potential_component_only_not_a_recommendation
S1-ROUNDS-R1200,unknown,unknown,artifacts/oof_S1-ROUNDS-R1200.npz,unknown,unknown,1,"arrays=user_id:(770616,):int64|cutoff:(770616,):<U10|z:(770616,):float32|y:(770616,):float32",bfd47cdd124cdf0a1933147f82942fb136b138d230331a6df09e1a3392be0d9e,oof_only,unknown,unknown,potential_component_only_not_a_recommendation
S1-ROUNDS-R125,unknown,unknown,artifacts/oof_S1-ROUNDS-R125.npz,unknown,unknown,1,"arrays=user_id:(770616,):int64|cutoff:(770616,):<U10|z:(770616,):float32|y:(770616,):float32",cf47e284ca05ccd0368c9967c56e918c128f661334f7622c3e47d1b23653fc08,oof_only,unknown,unknown,potential_component_only_not_a_recommendation
S1-ROUNDS-R1400,unknown,unknown,artifacts/oof_S1-ROUNDS-R1400.npz,unknown,unknown,1,"arrays=user_id:(770616,):int64|cutoff:(770616,):<U10|z:(770616,):float32|y:(770616,):float32",67e47e2ea8ecc9d18869c764462e6d7cbac2d8e1ce35c68cb74fb05d8175e4e7,oof_only,unknown,unknown,potential_component_only_not_a_recommendation
S1-ROUNDS-R150,unknown,unknown,artifacts/oof_S1-ROUNDS-R150.npz,unknown,unknown,1,"arrays=user_id:(770616,):int64|cutoff:(770616,):<U10|z:(770616,):float32|y:(770616,):float32",54aeaa92c4bf987955d6dc18180789d4db89c8f6227634e3cbcfdcafd12d10d3,oof_only,unknown,unknown,potential_component_only_not_a_recommendation
S1-ROUNDS-R1600,unknown,unknown,artifacts/oof_S1-ROUNDS-R1600.npz,unknown,unknown,1,"arrays=user_id:(770616,):int64|cutoff:(770616,):<U10|z:(770616,):float32|y:(770616,):float32",d9e97bc98899f36ac670fa7eb1498dbf1696d8d1327de8fb2ff4b59d5f15a2ae,oof_only,unknown,unknown,potential_component_only_not_a_recommendation
S1-ROUNDS-R200,unknown,unknown,artifacts/oof_S1-ROUNDS-R200.npz,unknown,unknown,1,"arrays=user_id:(770616,):int64|cutoff:(770616,):<U10|z:(770616,):float32|y:(770616,):float32",e9beba913348656d535e1a8384174c633fbd4925c801801b1bc46250c0a9c902,oof_only,unknown,unknown,potential_component_only_not_a_recommendation
S1-ROUNDS-R25,unknown,unknown,artifacts/oof_S1-ROUNDS-R25.npz,unknown,unknown,1,"arrays=user_id:(770616,):int64|cutoff:(770616,):<U10|z:(770616,):float32|y:(770616,):float32",c972542982fd1cc4287cbc95deee8ada9197e048c559f966fe2a87837d76f41d,oof_only,unknown,unknown,potential_component_only_not_a_recommendation
S1-ROUNDS-R250,unknown,unknown,artifacts/oof_S1-ROUNDS-R250.npz,unknown,unknown,1,"arrays=user_id:(770616,):int64|cutoff:(770616,):<U10|z:(770616,):float32|y:(770616,):float32",1ca7233f2a253020bc003a3b70e329d98629823ae8b4704ff53417f9509f3c4f,oof_only,unknown,unknown,potential_component_only_not_a_recommendation
S1-ROUNDS-R300,unknown,unknown,artifacts/oof_S1-ROUNDS-R300.npz,unknown,unknown,1,"arrays=user_id:(770616,):int64|cutoff:(770616,):<U10|z:(770616,):float32|y:(770616,):float32",572757bdc0b489cb213bb2f01fe993ff36b0dc72503fdaf003a291a39860e6d1,oof_only,unknown,unknown,potential_component_only_not_a_recommendation
S1-ROUNDS-R450,unknown,unknown,artifacts/oof_S1-ROUNDS-R450.npz,unknown,unknown,1,"arrays=user_id:(770616,):int64|cutoff:(770616,):<U10|z:(770616,):float32|y:(770616,):float32",cc7dbd283f15550258e1eb927200f8851b9383023cfa225e3033afe52e424b57,oof_only,unknown,unknown,potential_component_only_not_a_recommendation
S1-ROUNDS-R50,unknown,unknown,artifacts/oof_S1-ROUNDS-R50.npz,unknown,unknown,1,"arrays=user_id:(770616,):int64|cutoff:(770616,):<U10|z:(770616,):float32|y:(770616,):float32",7b79c4a0867af2569f3e1ef2c09a68c765ef59e21f14ce59e19290f91320afe3,oof_only,unknown,unknown,potential_component_only_not_a_recommendation
S1-ROUNDS-R600,unknown,unknown,artifacts/oof_S1-ROUNDS-R600.npz,unknown,unknown,1,"arrays=user_id:(770616,):int64|cutoff:(770616,):<U10|z:(770616,):float32|y:(770616,):float32",68f53ac490c4bac589efae4cb2d11ea34d994f75869807d97c137e4d2629087a,oof_only,unknown,unknown,potential_component_only_not_a_recommendation
S1-ROUNDS-R75,unknown,unknown,artifacts/oof_S1-ROUNDS-R75.npz,unknown,unknown,1,"arrays=user_id:(770616,):int64|cutoff:(770616,):<U10|z:(770616,):float32|y:(770616,):float32",00b286b7d745f66171d8c02a9a7976b1d3fd7c2e15357c11aa970cb6338f4675,oof_only,unknown,unknown,potential_component_only_not_a_recommendation
S1-ROUNDS-R800,unknown,unknown,artifacts/oof_S1-ROUNDS-R800.npz,unknown,unknown,1,"arrays=user_id:(770616,):int64|cutoff:(770616,):<U10|z:(770616,):float32|y:(770616,):float32",8ee58fa02a9add364d439a021962e29a98c6c7b5555187f5ee75d16be6cb814d,oof_only,unknown,unknown,potential_component_only_not_a_recommendation
S1-ROUNDSL-A,unknown,unknown,artifacts/oof_S1-ROUNDSL-A.npz,unknown,unknown,1,"arrays=user_id:(385897,):int64|cutoff:(385897,):<U10|z:(385897,):float32|y:(385897,):float32",764015d25a7b7ec11f74a387c4e92a6cbec5c9753100c4b3f5d7feeaddc3733b,oof_only,unknown,unknown,potential_component_only_not_a_recommendation
S1-ROUNDSL-A-R100,unknown,unknown,artifacts/oof_S1-ROUNDSL-A-R100.npz,unknown,unknown,1,"arrays=user_id:(385897,):int64|cutoff:(385897,):<U10|z:(385897,):float32|y:(385897,):float32",a27f7a51b7e7f8db128f78fd9e4ae42ba0547a7e17f3adb5ae02978c30e70ae2,oof_only,unknown,unknown,potential_component_only_not_a_recommendation
S1-ROUNDSL-A-R125,unknown,unknown,artifacts/oof_S1-ROUNDSL-A-R125.npz,unknown,unknown,1,"arrays=user_id:(385897,):int64|cutoff:(385897,):<U10|z:(385897,):float32|y:(385897,):float32",31a3dcdb88a2917d58871c77cacc0891c43559797b9a75f05a52c579e76410fb,oof_only,unknown,unknown,potential_component_only_not_a_recommendation
S1-ROUNDSL-A-R150,unknown,unknown,artifacts/oof_S1-ROUNDSL-A-R150.npz,unknown,unknown,1,"arrays=user_id:(385897,):int64|cutoff:(385897,):<U10|z:(385897,):float32|y:(385897,):float32",7e836da8605cd37033be66613f3c1d6f42dd3b5b2b234119790b2c508bb51914,oof_only,unknown,unknown,potential_component_only_not_a_recommendation
S1-ROUNDSL-A-R200,unknown,unknown,artifacts/oof_S1-ROUNDSL-A-R200.npz,unknown,unknown,1,"arrays=user_id:(385897,):int64|cutoff:(385897,):<U10|z:(385897,):float32|y:(385897,):float32",1de6477a93afacf3d005eab6c8e99b9685afad0f8bd0fa9c0b999d7ee987427b,oof_only,unknown,unknown,potential_component_only_not_a_recommendation
S1-ROUNDSL-A-R25,unknown,unknown,artifacts/oof_S1-ROUNDSL-A-R25.npz,unknown,unknown,1,"arrays=user_id:(385897,):int64|cutoff:(385897,):<U10|z:(385897,):float32|y:(385897,):float32",49c861e204442787537a283ed556096a8ef45b9701fcfde03d76d58aa5c86c4e,oof_only,unknown,unknown,potential_component_only_not_a_recommendation
S1-ROUNDSL-A-R250,unknown,unknown,artifacts/oof_S1-ROUNDSL-A-R250.npz,unknown,unknown,1,"arrays=user_id:(385897,):int64|cutoff:(385897,):<U10|z:(385897,):float32|y:(385897,):float32",281e13fe55f388e96ece713f708731bef3b887c97911d68600b55b82ee306b5b,oof_only,unknown,unknown,potential_component_only_not_a_recommendation
S1-ROUNDSL-A-R50,unknown,unknown,artifacts/oof_S1-ROUNDSL-A-R50.npz,unknown,unknown,1,"arrays=user_id:(385897,):int64|cutoff:(385897,):<U10|z:(385897,):float32|y:(385897,):float32",0973962364b813a035735526560590ec8a2ee34ae5685662cdc5438e36785116,oof_only,unknown,unknown,potential_component_only_not_a_recommendation
S1-ROUNDSL-A-R75,unknown,unknown,artifacts/oof_S1-ROUNDSL-A-R75.npz,unknown,unknown,1,"arrays=user_id:(385897,):int64|cutoff:(385897,):<U10|z:(385897,):float32|y:(385897,):float32",721f64d10f6939ab015999682ca376f0cc0156b053793da0f9940cfe2e78d602,oof_only,unknown,unknown,potential_component_only_not_a_recommendation
S1-ROUNDSL-B,unknown,unknown,artifacts/oof_S1-ROUNDSL-B.npz,unknown,unknown,1,"arrays=user_id:(384719,):int64|cutoff:(384719,):<U10|z:(384719,):float32|y:(384719,):float32",3b3e46b93d269f6d4507e09de111c7f2c3281327d77634d9f2e40f42db25e876,oof_only,unknown,unknown,potential_component_only_not_a_recommendation
S1-ROUNDSL-B-R100,unknown,unknown,artifacts/oof_S1-ROUNDSL-B-R100.npz,unknown,unknown,1,"arrays=user_id:(384719,):int64|cutoff:(384719,):<U10|z:(384719,):float32|y:(384719,):float32",783a84dbbd188a32d8716a0d25bac20316c6190f00e22464d7528ab7b8cdaaa6,oof_only,unknown,unknown,potential_component_only_not_a_recommendation
S1-ROUNDSL-B-R125,unknown,unknown,artifacts/oof_S1-ROUNDSL-B-R125.npz,unknown,unknown,1,"arrays=user_id:(384719,):int64|cutoff:(384719,):<U10|z:(384719,):float32|y:(384719,):float32",92ef379560c220ee5f86b7be3a8d1f3d892bb6616b1c46f3ff920d79c4785ec5,oof_only,unknown,unknown,potential_component_only_not_a_recommendation
S1-ROUNDSL-B-R150,unknown,unknown,artifacts/oof_S1-ROUNDSL-B-R150.npz,unknown,unknown,1,"arrays=user_id:(384719,):int64|cutoff:(384719,):<U10|z:(384719,):float32|y:(384719,):float32",2dc01d3a424d8f6b1c0977e8d789218c08f0e8db77d803c1a07597cc10509a51,oof_only,unknown,unknown,potential_component_only_not_a_recommendation
S1-ROUNDSL-B-R200,unknown,unknown,artifacts/oof_S1-ROUNDSL-B-R200.npz,unknown,unknown,1,"arrays=user_id:(384719,):int64|cutoff:(384719,):<U10|z:(384719,):float32|y:(384719,):float32",972ee67b99d151affa6b69ce50138a7a219ef707d61b4ec07def4cc6cdeec796,oof_only,unknown,unknown,potential_component_only_not_a_recommendation
S1-ROUNDSL-B-R25,unknown,unknown,artifacts/oof_S1-ROUNDSL-B-R25.npz,unknown,unknown,1,"arrays=user_id:(384719,):int64|cutoff:(384719,):<U10|z:(384719,):float32|y:(384719,):float32",827fff9bdb21530f61808527f13b315b83d207b550f55af7b2becfa21d1f954e,oof_only,unknown,unknown,potential_component_only_not_a_recommendation
S1-ROUNDSL-B-R250,unknown,unknown,artifacts/oof_S1-ROUNDSL-B-R250.npz,unknown,unknown,1,"arrays=user_id:(384719,):int64|cutoff:(384719,):<U10|z:(384719,):float32|y:(384719,):float32",b814075e4d0746870e49669676f2cca8e9dbbb7d7fcdec50165e08470b895a14,oof_only,unknown,unknown,potential_component_only_not_a_recommendation
S1-ROUNDSL-B-R50,unknown,unknown,artifacts/oof_S1-ROUNDSL-B-R50.npz,unknown,unknown,1,"arrays=user_id:(384719,):int64|cutoff:(384719,):<U10|z:(384719,):float32|y:(384719,):float32",c91873eb0e8f26a927b1af4c91ff951fd0e25f0489b2ce9e1856ba351388784a,oof_only,unknown,unknown,potential_component_only_not_a_recommendation
S1-ROUNDSL-B-R75,unknown,unknown,artifacts/oof_S1-ROUNDSL-B-R75.npz,unknown,unknown,1,"arrays=user_id:(384719,):int64|cutoff:(384719,):<U10|z:(384719,):float32|y:(384719,):float32",7cddc37b403f119748e186e1837ccc8a4b9e178d04e80c60d88b83998760125e,oof_only,unknown,unknown,potential_component_only_not_a_recommendation
S1-ROUNDSL-R300,unknown,unknown,artifacts/oof_S1-ROUNDSL-R300.npz,unknown,unknown,1,"arrays=user_id:(770616,):int64|cutoff:(770616,):<U10|z:(770616,):float32|y:(770616,):float32",572757bdc0b489cb213bb2f01fe993ff36b0dc72503fdaf003a291a39860e6d1,oof_only,unknown,unknown,potential_component_only_not_a_recommendation
S1-SEED42,unknown,unknown,artifacts/oof_S1-SEED42.npz,unknown,unknown,1,"arrays=user_id:(770616,):int64|cutoff:(770616,):<U10|z:(770616,):float32|y:(770616,):float32",572757bdc0b489cb213bb2f01fe993ff36b0dc72503fdaf003a291a39860e6d1,oof_only,unknown,unknown,potential_component_only_not_a_recommendation
S1-SEED43,unknown,unknown,artifacts/oof_S1-SEED43.npz,unknown,unknown,1,"arrays=user_id:(770616,):int64|cutoff:(770616,):<U10|z:(770616,):float32|y:(770616,):float32",31b3720ac4952d5ca78cf9600a0f81fde1868bfab370d0156c3c2bf6d8aa4ae1,oof_only,unknown,unknown,potential_component_only_not_a_recommendation
S1-SEED43-A,unknown,unknown,artifacts/oof_S1-SEED43-A.npz,unknown,unknown,1,"arrays=user_id:(385897,):int64|cutoff:(385897,):<U10|z:(385897,):float32|y:(385897,):float32",fcb23cff5ccd8fbc8afe18883ac3ebcb017ab60fdb7b1002bb1051191ba47544,oof_only,unknown,unknown,potential_component_only_not_a_recommendation
S1-SEED43-B,unknown,unknown,artifacts/oof_S1-SEED43-B.npz,unknown,unknown,1,"arrays=user_id:(384719,):int64|cutoff:(384719,):<U10|z:(384719,):float32|y:(384719,):float32",1eb30cbaf2c7fcf34fbd0cb39cd919fa94f71431f5ff933bbe002f0160ec5d27,oof_only,unknown,unknown,potential_component_only_not_a_recommendation
S1-SEED44,unknown,unknown,artifacts/oof_S1-SEED44.npz,unknown,unknown,1,"arrays=user_id:(770616,):int64|cutoff:(770616,):<U10|z:(770616,):float32|y:(770616,):float32",262b86cfcf720d1d5f9d619c264d10295989de2efb61bb088c2f1074e3e0f99e,oof_only,unknown,unknown,potential_component_only_not_a_recommendation
S1-SEED44-A,unknown,unknown,artifacts/oof_S1-SEED44-A.npz,unknown,unknown,1,"arrays=user_id:(385897,):int64|cutoff:(385897,):<U10|z:(385897,):float32|y:(385897,):float32",dc90ed582bc60707e897a8540f03c2d489f7b6044d980e2b703dca0ce490eb89,oof_only,unknown,unknown,potential_component_only_not_a_recommendation
S1-SEED44-B,unknown,unknown,artifacts/oof_S1-SEED44-B.npz,unknown,unknown,1,"arrays=user_id:(384719,):int64|cutoff:(384719,):<U10|z:(384719,):float32|y:(384719,):float32",7caab15ea4c35f64840855de96a9fee8b374b3a2fbbe8c9f5dc2154918bec7ce,oof_only,unknown,unknown,potential_component_only_not_a_recommendation
S1-SEED45,unknown,unknown,artifacts/oof_S1-SEED45.npz,unknown,unknown,1,"arrays=user_id:(770616,):int64|cutoff:(770616,):<U10|z:(770616,):float32|y:(770616,):float32",ce271b05b7d3dfe9fcbed9fa165fc73fd1073a323cc76bf200fbfd3a2259e9d2,oof_only,unknown,unknown,potential_component_only_not_a_recommendation
S1-SEED45-A,unknown,unknown,artifacts/oof_S1-SEED45-A.npz,unknown,unknown,1,"arrays=user_id:(385897,):int64|cutoff:(385897,):<U10|z:(385897,):float32|y:(385897,):float32",240201507a2297075ea1155ce5936fcbd2e4165e7fd79d887ddbaed39505ae91,oof_only,unknown,unknown,potential_component_only_not_a_recommendation
S1-SEED45-B,unknown,unknown,artifacts/oof_S1-SEED45-B.npz,unknown,unknown,1,"arrays=user_id:(384719,):int64|cutoff:(384719,):<U10|z:(384719,):float32|y:(384719,):float32",ee8a503ba4fdcb7924da5ee88ab7b2391139fd99348760e0ea85cfbf17248301,oof_only,unknown,unknown,potential_component_only_not_a_recommendation
S1-SEED46,unknown,unknown,artifacts/oof_S1-SEED46.npz,unknown,unknown,1,"arrays=user_id:(770616,):int64|cutoff:(770616,):<U10|z:(770616,):float32|y:(770616,):float32",fc020835667a709306dc7727e01845f325f3b1eb36d9dc28e5ce69b1e6914bcd,oof_only,unknown,unknown,potential_component_only_not_a_recommendation
S1-SEED46-A,unknown,unknown,artifacts/oof_S1-SEED46-A.npz,unknown,unknown,1,"arrays=user_id:(385897,):int64|cutoff:(385897,):<U10|z:(385897,):float32|y:(385897,):float32",f23ddb2d8c6e15627da1f31743de52b50ea198421c7b4a1b6be837e86dab7383,oof_only,unknown,unknown,potential_component_only_not_a_recommendation
S1-SEED46-B,unknown,unknown,artifacts/oof_S1-SEED46-B.npz,unknown,unknown,1,"arrays=user_id:(384719,):int64|cutoff:(384719,):<U10|z:(384719,):float32|y:(384719,):float32",b05901f5ed07a2b503f942f2a9c3584d32fd41c627c1cfe2a11883616b5adc88,oof_only,unknown,unknown,potential_component_only_not_a_recommendation
S1-SEEDAVG3,unknown,unknown,artifacts/oof_S1-SEEDAVG3.npz,unknown,unknown,1,"arrays=user_id:(770616,):int64|cutoff:(770616,):<U10|z:(770616,):float32|y:(770616,):float32",c61b743e4c671cfd41a760096245cf7153c883b021f808e02492aad90763f6e9,oof_only,unknown,unknown,potential_component_only_not_a_recommendation
S1-SEEDAVG5,unknown,unknown,artifacts/oof_S1-SEEDAVG5.npz,unknown,unknown,1,"arrays=user_id:(770616,):int64|cutoff:(770616,):<U10|z:(770616,):float32|y:(770616,):float32",931121c90794d70f92c86992cc9d51cf479b50b29c89da201a6319c2c38c003c,oof_only,unknown,unknown,potential_component_only_not_a_recommendation
S1-UNC,unknown,unknown,unknown,artifacts/ztest_S1-UNC.npy;пайплайн сокомандника/friend_original/submission_STRONGEST_CURRENT/artifacts/predictions/ztest_S1-UNC.npy,unknown,2,"array=ztest_S1-UNC:(250000,):float64",c2a94114f709f8127f4d7ce61dea545a103e4e66851188d153a40d7bc2757773;c2a94114f709f8127f4d7ce61dea545a103e4e66851188d153a40d7bc2757773,test_only,contains_exact_duplicate_artifacts,unknown,potential_component_only_not_a_recommendation
S2-STRUCT,team_a_s2:exp_012,unknown,unknown,linked_worktree/team_a_s2/artifacts/ztest_S2-STRUCT.npy,unknown,1,"array=(250000,):float32",2243cf47c91e6c7e24a9c2156b36950b0824688c990298a0ee25dd189195f603,test_only,unknown,unknown,potential_component_only_not_a_recommendation
SAMPLE-BASELINE-B-AVG3-R300,unknown,unknown,artifacts/oof_SAMPLE-BASELINE-B-AVG3-R300.npz,unknown,unknown,1,"arrays=user_id:(770616,):int64|cutoff:(770616,):<U10|z:(770616,):float32|y:(770616,):float32",418a5b1827a34a0a6d92b27ec638ddf7ae9a44c29e1f1ace00632b33d4168e37,oof_only,unknown,unknown,potential_component_only_not_a_recommendation
SAMPLE-DENSE-S3-F422-S42,unknown,unknown,artifacts/oof_SAMPLE-DENSE-S3-F422-S42.npz,unknown,unknown,1,"arrays=user_id:(770616,):int64|cutoff:(770616,):<U10|z:(770616,):float32|y:(770616,):float32",eeda2c2a8371e78d87006f24c0e3c5822750897a44953cd7edafac136f1d335a,oof_only,unknown,unknown,potential_component_only_not_a_recommendation
SAMPLE-DENSE-S3-F422-S42-R150,unknown,unknown,artifacts/oof_SAMPLE-DENSE-S3-F422-S42-R150.npz,unknown,unknown,1,"arrays=user_id:(770616,):int64|cutoff:(770616,):<U10|z:(770616,):float32|y:(770616,):float32",7661eb0c0df2191b2064a7217402c38787b191b72577496484c3670080fa3580,oof_only,unknown,unknown,potential_component_only_not_a_recommendation
SAMPLE-DENSE-S3-F422-S42-R200,unknown,unknown,artifacts/oof_SAMPLE-DENSE-S3-F422-S42-R200.npz,unknown,unknown,1,"arrays=user_id:(770616,):int64|cutoff:(770616,):<U10|z:(770616,):float32|y:(770616,):float32",a36d19f4eb5462e9cf5c3e9cfc4ac85c5380668283f4f0ced286ac54fbb498c4,oof_only,unknown,unknown,potential_component_only_not_a_recommendation
SAMPLE-DENSE-S3-F422-S42-R250,unknown,unknown,artifacts/oof_SAMPLE-DENSE-S3-F422-S42-R250.npz,unknown,unknown,1,"arrays=user_id:(770616,):int64|cutoff:(770616,):<U10|z:(770616,):float32|y:(770616,):float32",061e4af563518b5a787a62c5f4e0646347fcbced6b7ff95e4e29751fbd24093e,oof_only,unknown,unknown,potential_component_only_not_a_recommendation
SAMPLE-DENSE-S3-F422-S42-R300,unknown,unknown,artifacts/oof_SAMPLE-DENSE-S3-F422-S42-R300.npz,unknown,unknown,1,"arrays=user_id:(770616,):int64|cutoff:(770616,):<U10|z:(770616,):float32|y:(770616,):float32",713f593ea3e13d996471075a38fe5d736bbc011b14dac33f5b240e736756caa9,oof_only,unknown,unknown,potential_component_only_not_a_recommendation
SAMPLE-DENSE-S3-F422-S42-R450,unknown,unknown,artifacts/oof_SAMPLE-DENSE-S3-F422-S42-R450.npz,unknown,unknown,1,"arrays=user_id:(770616,):int64|cutoff:(770616,):<U10|z:(770616,):float32|y:(770616,):float32",eeda2c2a8371e78d87006f24c0e3c5822750897a44953cd7edafac136f1d335a,oof_only,unknown,unknown,potential_component_only_not_a_recommendation
SAMPLE-TB0-AVG3-R200,unknown,unknown,artifacts/oof_SAMPLE-TB0-AVG3-R200.npz,unknown,unknown,1,"arrays=user_id:(770616,):int64|cutoff:(770616,):<U10|z:(770616,):float32|y:(770616,):float32",f6be85eddddca2d3272d7d0df555712691fea962912073f6613048a56a881923,oof_only,unknown,unknown,potential_component_only_not_a_recommendation
SAMPLE-TB0-S42,unknown,unknown,artifacts/oof_SAMPLE-TB0-S42.npz,unknown,unknown,1,"arrays=user_id:(770616,):int64|cutoff:(770616,):<U10|z:(770616,):float32|y:(770616,):float32",c1ab66724366ea0e5d69c1eb579d3440d9595533877d742c0b2d87a190bcdc72,oof_only,unknown,unknown,potential_component_only_not_a_recommendation
SAMPLE-TB0-S42-R150,unknown,unknown,artifacts/oof_SAMPLE-TB0-S42-R150.npz,unknown,unknown,1,"arrays=user_id:(770616,):int64|cutoff:(770616,):<U10|z:(770616,):float32|y:(770616,):float32",07e8e21c1fc66b06666e0c426f5d6498b92ab27fceee9e2e0960b23d11def02d,oof_only,unknown,unknown,potential_component_only_not_a_recommendation
SAMPLE-TB0-S42-R200,unknown,unknown,artifacts/oof_SAMPLE-TB0-S42-R200.npz,unknown,unknown,1,"arrays=user_id:(770616,):int64|cutoff:(770616,):<U10|z:(770616,):float32|y:(770616,):float32",34f97e231b83e34b30c703989c697d6e3e2697d568ce9dc6830da7d5dd3b660a,oof_only,unknown,unknown,potential_component_only_not_a_recommendation
SAMPLE-TB0-S42-R250,unknown,unknown,artifacts/oof_SAMPLE-TB0-S42-R250.npz,unknown,unknown,1,"arrays=user_id:(770616,):int64|cutoff:(770616,):<U10|z:(770616,):float32|y:(770616,):float32",e61a4b3cb6d92c4bc9889688efd3f07bbb23012c8d5638d05c700f12efcff2d3,oof_only,unknown,unknown,potential_component_only_not_a_recommendation
SAMPLE-TB0-S42-R300,unknown,unknown,artifacts/oof_SAMPLE-TB0-S42-R300.npz,unknown,unknown,1,"arrays=user_id:(770616,):int64|cutoff:(770616,):<U10|z:(770616,):float32|y:(770616,):float32",ed0aa3cb55fb63a318784da63d3f988de3fd0ac34211f19b05ea0cfafa253f5a,oof_only,unknown,unknown,potential_component_only_not_a_recommendation
SAMPLE-TB0-S42-R450,unknown,unknown,artifacts/oof_SAMPLE-TB0-S42-R450.npz,unknown,unknown,1,"arrays=user_id:(770616,):int64|cutoff:(770616,):<U10|z:(770616,):float32|y:(770616,):float32",c1ab66724366ea0e5d69c1eb579d3440d9595533877d742c0b2d87a190bcdc72,oof_only,unknown,unknown,potential_component_only_not_a_recommendation
SAMPLE-TB0-S43,unknown,unknown,artifacts/oof_SAMPLE-TB0-S43.npz,unknown,unknown,1,"arrays=user_id:(770616,):int64|cutoff:(770616,):<U10|z:(770616,):float32|y:(770616,):float32",063c9bdba6ce3f5709b7521d2be1cbfb37c3072c4153e7d109ecc66836dbc8c1,oof_only,unknown,unknown,potential_component_only_not_a_recommendation
SAMPLE-TB0-S43-R200,unknown,unknown,artifacts/oof_SAMPLE-TB0-S43-R200.npz,unknown,unknown,1,"arrays=user_id:(770616,):int64|cutoff:(770616,):<U10|z:(770616,):float32|y:(770616,):float32",063c9bdba6ce3f5709b7521d2be1cbfb37c3072c4153e7d109ecc66836dbc8c1,oof_only,unknown,unknown,potential_component_only_not_a_recommendation
SAMPLE-TB0-S44,unknown,unknown,artifacts/oof_SAMPLE-TB0-S44.npz,unknown,unknown,1,"arrays=user_id:(770616,):int64|cutoff:(770616,):<U10|z:(770616,):float32|y:(770616,):float32",6005c7adfb42239eb98b91f629f23f4bacbdf306bc2ec01ac7c4546064fd8d05,oof_only,unknown,unknown,potential_component_only_not_a_recommendation
SAMPLE-TB0-S44-R200,unknown,unknown,artifacts/oof_SAMPLE-TB0-S44-R200.npz,unknown,unknown,1,"arrays=user_id:(770616,):int64|cutoff:(770616,):<U10|z:(770616,):float32|y:(770616,):float32",6005c7adfb42239eb98b91f629f23f4bacbdf306bc2ec01ac7c4546064fd8d05,oof_only,unknown,unknown,potential_component_only_not_a_recommendation
SAMPLE-TB1-AVG3-R300,unknown,unknown,artifacts/oof_SAMPLE-TB1-AVG3-R300.npz,unknown,unknown,1,"arrays=user_id:(770616,):int64|cutoff:(770616,):<U10|z:(770616,):float32|y:(770616,):float32",418a5b1827a34a0a6d92b27ec638ddf7ae9a44c29e1f1ace00632b33d4168e37,oof_only,unknown,unknown,potential_component_only_not_a_recommendation
SEQ-01,component_family:seq;independent_anniversary:exp_058;team_a:exp_025,seq,unknown,artifacts/ztest_SEQ-01.npy;пайплайн сокомандника/friend_original/submission_STRONGEST_CURRENT/artifacts/predictions/ztest_SEQ-01.npy;linked_worktree/independent_anniversary/artifacts/ztest_SEQ-01.npy,unknown,3,"array=(250000,):float64;array=ztest_SEQ-01:(250000,):float64",c20ae75cee1eef216ae86a6fa5f594850369cdd92d1a946675942481d194b630;c20ae75cee1eef216ae86a6fa5f594850369cdd92d1a946675942481d194b630;c8f895e47bd2a2fb2e9ce5008c9a22f8468e0e9f1ffe8b080cf4fb3ed399456e,test_only,contains_exact_duplicate_artifacts,unknown,potential_component_only_not_a_recommendation
SEQ-01-FULL,component_family:seq;independent_anniversary:exp_058;team_a:exp_025,seq,unknown,artifacts/ztest_SEQ-01-FULL.npy;linked_worktree/independent_anniversary/artifacts/ztest_SEQ-01-FULL.npy,unknown,2,"array=(250000,):float64;array=ztest_SEQ-01-FULL:(250000,):float64",dceb8b7ccdbf1be733216fd57ab4542bbb40601975f4be92833134d069d5d4ee;63d180d2f23043d94c359a6aee2d06f31b8c667f6dcce139bac19b59302fe348,test_only,unknown,unknown,potential_component_only_not_a_recommendation
SEQ-01-S42,component_family:seq;team_a:exp_025,seq,artifacts/oof_SEQ-01-S42.npz,unknown,unknown,1,"arrays=user_id:(770616,):int64|cutoff:(770616,):<U10|z:(770616,):float32|y:(770616,):float32",186af9eef1f950eed25ae9de5ee2d144911f43b3e0061ec5800d41c3af994fae,oof_only,unknown,unknown,potential_component_only_not_a_recommendation
SEQ-01-S42-V0904,component_family:seq;team_a:exp_025,seq,artifacts/oof_SEQ-01-S42-V0904.npz,unknown,unknown,1,"arrays=user_id:(188518,):int64|cutoff:(188518,):<U10|z:(188518,):float32|y:(188518,):float32",faf1f6875b5ef50b5da598e4a23f445187e44c61d8857dcedc36e3bf0e8b51f9,oof_only,unknown,unknown,potential_component_only_not_a_recommendation
SEQ-01-S42-V0918,component_family:seq;team_a:exp_025,seq,artifacts/oof_SEQ-01-S42-V0918.npz,unknown,unknown,1,"arrays=user_id:(191025,):int64|cutoff:(191025,):<U10|z:(191025,):float32|y:(191025,):float32",29cf330965898010ea98e19e507e6c43c6291e3266c743ffad690c4b45e4c014,oof_only,unknown,unknown,potential_component_only_not_a_recommendation
SEQ-01-S42-V1002,component_family:seq;team_a:exp_025,seq,artifacts/oof_SEQ-01-S42-V1002.npz,unknown,unknown,1,"arrays=user_id:(193694,):int64|cutoff:(193694,):<U10|z:(193694,):float32|y:(193694,):float32",e679965217464ce4bbe954c6b3046be261fc0a54dffbd26a94eb2fcefd8bde25,oof_only,unknown,unknown,potential_component_only_not_a_recommendation
SEQ-01-S42-V1016,component_family:seq;team_a:exp_025,seq,artifacts/oof_SEQ-01-S42-V1016.npz,unknown,unknown,1,"arrays=user_id:(197379,):int64|cutoff:(197379,):<U10|z:(197379,):float32|y:(197379,):float32",fe6b6faf14752ede8a7583a7e53bad279e34bf1aedb252a3d9444ea8acf764d7,oof_only,unknown,unknown,potential_component_only_not_a_recommendation
SEQ-01-S43,component_family:seq;team_a:exp_025,seq,artifacts/oof_SEQ-01-S43.npz,unknown,unknown,1,"arrays=user_id:(770616,):int64|cutoff:(770616,):<U10|z:(770616,):float32|y:(770616,):float32",41766b1b32c3b2767d2866d294a4bc17e16246a1ea008f32a108e039c8cc521f,oof_only,unknown,unknown,potential_component_only_not_a_recommendation
SEQ-01-S43-V0904,component_family:seq;team_a:exp_025,seq,artifacts/oof_SEQ-01-S43-V0904.npz,unknown,artifacts/model_SEQ-01-S43-V0904.pt,2,"arrays=user_id:(188518,):int64|cutoff:(188518,):<U10|z:(188518,):float32|y:(188518,):float32;unknown",ad0b6667e04e56d491d8b26eeca1bf948f5148498119c802b5807b1d802608d2;0d19214689f11af729d30fb79c6ecee2fe4a7ff77a4e59e779145a3024e00186,oof_only,unknown,unknown,potential_component_only_not_a_recommendation
SEQ-01-S43-V0918,component_family:seq;team_a:exp_025,seq,artifacts/oof_SEQ-01-S43-V0918.npz,unknown,artifacts/model_SEQ-01-S43-V0918.pt,2,"arrays=user_id:(191025,):int64|cutoff:(191025,):<U10|z:(191025,):float32|y:(191025,):float32;unknown",cf71fd8aea0c2afadcece37529e47c1ed067699173066bd13414627a550eec57;f6aba442b3666b6a92bd22ca8e4bb9cd8fb9b325e1d621b6b89210f842ae9cb6,oof_only,unknown,unknown,potential_component_only_not_a_recommendation
SEQ-01-S43-V1002,component_family:seq;team_a:exp_025,seq,artifacts/oof_SEQ-01-S43-V1002.npz,unknown,artifacts/model_SEQ-01-S43-V1002.pt,2,"arrays=user_id:(193694,):int64|cutoff:(193694,):<U10|z:(193694,):float32|y:(193694,):float32;unknown",ce92ac4dbdf8aab4ab10aada33ddfdbd7f8466b096e2a1179a4fc6f7ed9a7755;b38a1c49b6ee7a5c6debfb4a18ba29ef2f9712e07b443a6117ec150c7081ac88,oof_only,unknown,unknown,potential_component_only_not_a_recommendation
SEQ-01-S43-V1016,component_family:seq;team_a:exp_025,seq,artifacts/oof_SEQ-01-S43-V1016.npz,unknown,unknown,1,"arrays=user_id:(197379,):int64|cutoff:(197379,):<U10|z:(197379,):float32|y:(197379,):float32",df580a32ae664e2f5b7d5b5d0bf654ed159a9de00ab1791b9585d057252cd774,oof_only,unknown,unknown,potential_component_only_not_a_recommendation
SEQ-01-S44,component_family:seq;team_a:exp_025,seq,artifacts/oof_SEQ-01-S44.npz,unknown,unknown,1,"arrays=user_id:(770616,):int64|cutoff:(770616,):<U10|z:(770616,):float32|y:(770616,):float32",50f0f1a939d4eda6d6075437e070f0a3d92ba4645a3286805b72ec080512d505,oof_only,unknown,unknown,potential_component_only_not_a_recommendation
SEQ-01-S44-V0904,component_family:seq;team_a:exp_025,seq,artifacts/oof_SEQ-01-S44-V0904.npz,unknown,artifacts/model_SEQ-01-S44-V0904.pt,2,"arrays=user_id:(188518,):int64|cutoff:(188518,):<U10|z:(188518,):float32|y:(188518,):float32;unknown",40005022e0b5dcb24ce0420f2e77ff5ca2263d8a832ff98b471196f37cc002c0;6c7e6ff59d7dd7f91cdb7c37a8d13a9e32f15b5a16ed70f5f4d27701826b98f3,oof_only,unknown,unknown,potential_component_only_not_a_recommendation
SEQ-01-S44-V0918,component_family:seq;team_a:exp_025,seq,artifacts/oof_SEQ-01-S44-V0918.npz,unknown,artifacts/model_SEQ-01-S44-V0918.pt,2,"arrays=user_id:(191025,):int64|cutoff:(191025,):<U10|z:(191025,):float32|y:(191025,):float32;unknown",f0801b1baaf56342b0c723f98882b44a3f80614f1b2ab5974e36ac9a5f17c29a;b81e319fc6c14b86a05be63adc57efaa168d7b3e3cf2ccaed4ec4fe3b76e126e,oof_only,unknown,unknown,potential_component_only_not_a_recommendation
SEQ-01-S44-V1002,component_family:seq;team_a:exp_025,seq,artifacts/oof_SEQ-01-S44-V1002.npz,unknown,artifacts/model_SEQ-01-S44-V1002.pt,2,"arrays=user_id:(193694,):int64|cutoff:(193694,):<U10|z:(193694,):float32|y:(193694,):float32;unknown",d8ef04e13e33a9544a527768b9e45b1cffe550b65244d35d0909acd4fa760b65;876c4f0c0c37c5acb9b3fd1d1f255cbe7974c2abf8e661a976e2c6cf40a199b2,oof_only,unknown,unknown,potential_component_only_not_a_recommendation
SEQ-01-S44-V1016,component_family:seq;team_a:exp_025,seq,artifacts/oof_SEQ-01-S44-V1016.npz,unknown,artifacts/model_SEQ-01-S44-V1016.pt,2,"arrays=user_id:(197379,):int64|cutoff:(197379,):<U10|z:(197379,):float32|y:(197379,):float32;unknown",e7a1e8e5cb927e2923c33e585f866a70f4f2bb2be281439f03dcc75dec5aa54f;cf50beec57823dab26e03c56cc36c74c29ae3d18bf51dfbd44bf8e062630ec64,oof_only,unknown,unknown,potential_component_only_not_a_recommendation
SEQ-01-TEST,independent_anniversary:exp_058,unknown,unknown,unknown,linked_worktree/independent_anniversary/artifacts/model_SEQ-01-TEST.pt,1,unknown,c2e970b49f1a9aaf879f72753cb61f85473aa339eee447a5c08173c5fbdd4f96,model_only,unknown,unknown,model_state_only
SEQ-01C-S42-V0904,component_family:seq;team_a:exp_025,seq,artifacts/oof_SEQ-01C-S42-V0904.npz,unknown,artifacts/model_SEQ-01C-S42-V0904.pt,2,"arrays=user_id:(188518,):int64|cutoff:(188518,):<U10|z:(188518,):float32|y:(188518,):float32;unknown",f0ea1531ea20c48f7a8d292d185114ecf3e12677a69a4db34e201b0ed9c407f4;ded8dcc88e73baf7511e04f2338aaed32af85ec0cdc0604fa95636aca67d8577,oof_only,unknown,unknown,potential_component_only_not_a_recommendation
SEQ-03A-A25-S42-V1016,component_family:seq;team_a:exp_025,seq,artifacts/oof_SEQ-03A-A25-S42-V1016.npz,unknown,artifacts/model_SEQ-03A-A25-S42-V1016.pt,2,"arrays=user_id:(197379,):int64|cutoff:(197379,):<U10|z:(197379,):float32|y:(197379,):float32;unknown",96a3d47097cbf4328056ee8a9b3c05597b31126a740978ed4dc0f8830dd373ca;6799d6f9bc6744a1bdb8875e9ee47ca70a203bf8504d29f38778141fa2c2497b,oof_only,unknown,unknown,potential_component_only_not_a_recommendation
SEQ-03A-B-S42-V1016,component_family:seq;team_a:exp_025,seq,artifacts/oof_SEQ-03A-B-S42-V1016.npz,unknown,artifacts/model_SEQ-03A-B-S42-V1016.pt,2,"arrays=user_id:(197379,):int64|cutoff:(197379,):<U10|z:(197379,):float32|y:(197379,):float32;unknown",4fbb7c11652094f9faf26c9a60e5a18bf52933b5972dce996099f6dd2bd48ea5;7389e80c3ff0b7d111e85c14c375d51a80d9461460f0cd8ee4da3a56f68b2033,oof_only,unknown,unknown,potential_component_only_not_a_recommendation
SEQ-03A-BASE-S42-V1016,component_family:seq;team_a:exp_025,seq,artifacts/oof_SEQ-03A-BASE-S42-V1016.npz,unknown,artifacts/model_SEQ-03A-BASE-S42-V1016.pt,2,"arrays=user_id:(197379,):int64|cutoff:(197379,):<U10|z:(197379,):float32|y:(197379,):float32;unknown",e5493a0f704944fdbc00551ddd38a3009e7cf93ac14dc86c6e9ad50d2c198a66;3d2faf28ce52c9a291af440b3f7549d4dd67fb88390a2ada30ebeabc1e319536,oof_only,unknown,unknown,potential_component_only_not_a_recommendation
SEQ-AVG2,component_family:seq;team_a:exp_025,seq,artifacts/oof_SEQ-AVG2.npz,unknown,unknown,1,"arrays=user_id:(770616,):int64|cutoff:(770616,):<U10|z:(770616,):float32|y:(770616,):float32",ccfa3779d3c6b329d2803ee91b53a811c96fe5f7997f82d884bd07909d8a137d,oof_only,unknown,unknown,potential_component_only_not_a_recommendation
SEQ-AVG2-V0904,component_family:seq;team_a:exp_025,seq,artifacts/oof_SEQ-AVG2-V0904.npz,unknown,unknown,1,"arrays=user_id:(188518,):int64|cutoff:(188518,):<U10|z:(188518,):float32|y:(188518,):float32",04ab88b12b024c99f1a90c4445c2d9a9e4aadd3f1b165b6980e1e80809758714,oof_only,unknown,unknown,potential_component_only_not_a_recommendation
SEQ-AVG2-V0918,component_family:seq;team_a:exp_025,seq,artifacts/oof_SEQ-AVG2-V0918.npz,unknown,unknown,1,"arrays=user_id:(191025,):int64|cutoff:(191025,):<U10|z:(191025,):float32|y:(191025,):float32",6b35f0094ac2b33b31625f7cd579e6f7cdd705dc2fa4024b6daf1371959dbf18,oof_only,unknown,unknown,potential_component_only_not_a_recommendation
SEQ-AVG2-V1002,component_family:seq;team_a:exp_025,seq,artifacts/oof_SEQ-AVG2-V1002.npz,unknown,unknown,1,"arrays=user_id:(193694,):int64|cutoff:(193694,):<U10|z:(193694,):float32|y:(193694,):float32",61ad8cdfa7928625734955f334d4b2ce2adb85e1fa0837ad9828782033aeceb6,oof_only,unknown,unknown,potential_component_only_not_a_recommendation
SEQ-AVG2-V1016,component_family:seq;team_a:exp_025,seq,artifacts/oof_SEQ-AVG2-V1016.npz,unknown,unknown,1,"arrays=user_id:(197379,):int64|cutoff:(197379,):<U10|z:(197379,):float32|y:(197379,):float32",aeaaba1a26d5c90c81c89f1f8a7365f71691fc9d55467998b393f79ea2cef883,oof_only,unknown,unknown,potential_component_only_not_a_recommendation
SEQ-AVG3,component_family:seq;team_a:exp_025,seq,artifacts/oof_SEQ-AVG3.npz,unknown,unknown,1,"arrays=user_id:(770616,):int64|cutoff:(770616,):<U10|z:(770616,):float32|y:(770616,):float32",8e8ec7907587406de1224555a42e11803b98f79492ac124b2fd136f6e8ac646c,oof_only,unknown,unknown,potential_component_only_not_a_recommendation
SEQ-AVG3-V0904,component_family:seq;team_a:exp_025,seq,artifacts/oof_SEQ-AVG3-V0904.npz,unknown,unknown,1,"arrays=user_id:(188518,):int64|cutoff:(188518,):<U10|z:(188518,):float32|y:(188518,):float32",bca6fc71c0557b065fadea5db057980e562ab9676027ce23a4186cd07e6d7e18,oof_only,unknown,unknown,potential_component_only_not_a_recommendation
SEQ-AVG3-V0918,component_family:seq;team_a:exp_025,seq,artifacts/oof_SEQ-AVG3-V0918.npz,unknown,unknown,1,"arrays=user_id:(191025,):int64|cutoff:(191025,):<U10|z:(191025,):float32|y:(191025,):float32",54585165869cfa29ab1b021f297102f6cb3dfd50827c87720ad741a8524d6930,oof_only,unknown,unknown,potential_component_only_not_a_recommendation
SEQ-AVG3-V1002,component_family:seq;team_a:exp_025,seq,artifacts/oof_SEQ-AVG3-V1002.npz,unknown,unknown,1,"arrays=user_id:(193694,):int64|cutoff:(193694,):<U10|z:(193694,):float32|y:(193694,):float32",f0e4e6f0d2bf7c54f400d9beaaab83c97d1fd8c3e3c50eb8cde396fa45865696,oof_only,unknown,unknown,potential_component_only_not_a_recommendation
SEQ-AVG3-V1016,component_family:seq;team_a:exp_025,seq,artifacts/oof_SEQ-AVG3-V1016.npz,unknown,unknown,1,"arrays=user_id:(197379,):int64|cutoff:(197379,):<U10|z:(197379,):float32|y:(197379,):float32",1f4b2c85624ef0c942529e28e1996f6c63685dedd9e778694c9d1b05d869d63f,oof_only,unknown,unknown,potential_component_only_not_a_recommendation
SEQ-C289-S43,component_family:seq;team_a:exp_025,seq,unknown,artifacts/ztest_SEQ-C289-S43.npy;пайплайн сокомандника/friend_original/submission_STRONGEST_CURRENT/artifacts/predictions/ztest_SEQ-C289-S43.npy,unknown,2,"array=ztest_SEQ-C289-S43:(250000,):float64",66bdc5718af747ae0fd3059f18fa97395b4a5715d7085422064bb7d3a6ed022b;66bdc5718af747ae0fd3059f18fa97395b4a5715d7085422064bb7d3a6ed022b,test_only,contains_exact_duplicate_artifacts,unknown,potential_component_only_not_a_recommendation
SEQ-C289-S43-FULL,component_family:seq;team_a:exp_025,seq,unknown,artifacts/ztest_SEQ-C289-S43-FULL.npy,unknown,1,"array=ztest_SEQ-C289-S43-FULL:(250000,):float64",3b01945a64a6da9600ef0ad8d1841c6da0deecc50e31d3d7d140c29f1ab71c92,test_only,unknown,unknown,potential_component_only_not_a_recommendation
SEQ-C289-S43-TEST,component_family:seq;team_a:exp_025,seq,unknown,unknown,artifacts/model_SEQ-C289-S43-TEST.pt;пайплайн сокомандника/friend_original/submission_STRONGEST_CURRENT/artifacts/models/model_SEQ-C289-S43-TEST.pt,2,unknown,b1383e13aee626ed93fcaa420b3a96bb03b929ed162e39c889b3524e9678ff2f;b1383e13aee626ed93fcaa420b3a96bb03b929ed162e39c889b3524e9678ff2f,model_only,contains_exact_duplicate_artifacts,unknown,model_state_only
SEQ-C289-S44,component_family:seq;team_a:exp_025,seq,unknown,artifacts/ztest_SEQ-C289-S44.npy;пайплайн сокомандника/friend_original/submission_STRONGEST_CURRENT/artifacts/predictions/ztest_SEQ-C289-S44.npy,unknown,2,"array=ztest_SEQ-C289-S44:(250000,):float64",7662569a90c9ff78c32b6126e09b2b4571a7b46e2d75047c5993c0eef25fd631;7662569a90c9ff78c32b6126e09b2b4571a7b46e2d75047c5993c0eef25fd631,test_only,contains_exact_duplicate_artifacts,unknown,potential_component_only_not_a_recommendation
SEQ-C289-S44-FULL,component_family:seq;team_a:exp_025,seq,unknown,artifacts/ztest_SEQ-C289-S44-FULL.npy,unknown,1,"array=ztest_SEQ-C289-S44-FULL:(250000,):float64",040fe9879265b6f7be6dd4d22dd7dacff5b73793889cb254109a3624cbc74a5f,test_only,unknown,unknown,potential_component_only_not_a_recommendation
SEQ-C289-S44-TEST,component_family:seq;team_a:exp_025,seq,unknown,unknown,artifacts/model_SEQ-C289-S44-TEST.pt;пайплайн сокомандника/friend_original/submission_STRONGEST_CURRENT/artifacts/models/model_SEQ-C289-S44-TEST.pt,2,unknown,06b10e5469d4a9832726c905ce7e35ae4e3fcf7f5f9682ae283a6d7234a94051;06b10e5469d4a9832726c905ce7e35ae4e3fcf7f5f9682ae283a6d7234a94051,model_only,contains_exact_duplicate_artifacts,unknown,model_state_only
SEQ-D3A-AVG3,component_family:seq;team_a:exp_025,seq,artifacts/oof_SEQ-D3A-AVG3.npz,unknown,unknown,1,"arrays=user_id:(770616,):int64|cutoff:(770616,):<U10|z:(770616,):float32|y:(770616,):float32",78e796e9a8a10f63edd6d69c1ae2fa24b9ce030538cc8a23cd14e45ce3c4f6a2,oof_only,unknown,unknown,potential_component_only_not_a_recommendation
SEQ-D3A-AVG3-V0904,component_family:seq;team_a:exp_025,seq,artifacts/oof_SEQ-D3A-AVG3-V0904.npz,unknown,unknown,1,"arrays=user_id:(188518,):int64|cutoff:(188518,):<U10|z:(188518,):float32|y:(188518,):float32",f6e73677cf315b30a9f7ba1427c7f57bfbab7072811df35ac254d7e38a7c829a,oof_only,unknown,unknown,potential_component_only_not_a_recommendation
SEQ-D3A-AVG3-V0918,component_family:seq;team_a:exp_025,seq,artifacts/oof_SEQ-D3A-AVG3-V0918.npz,unknown,unknown,1,"arrays=user_id:(191025,):int64|cutoff:(191025,):<U10|z:(191025,):float32|y:(191025,):float32",9c3eec296b4c938c8d57c39b457db257f69666c40a791a8ed611dc977dd98fc9,oof_only,unknown,unknown,potential_component_only_not_a_recommendation
SEQ-D3A-AVG3-V1002,component_family:seq;team_a:exp_025,seq,artifacts/oof_SEQ-D3A-AVG3-V1002.npz,unknown,unknown,1,"arrays=user_id:(193694,):int64|cutoff:(193694,):<U10|z:(193694,):float32|y:(193694,):float32",39c0d1b716af43aab33ea246b6c7468814971b9a473491c8bbc71d7bc7bec526,oof_only,unknown,unknown,potential_component_only_not_a_recommendation
SEQ-D3A-AVG3-V1016,component_family:seq;team_a:exp_025,seq,artifacts/oof_SEQ-D3A-AVG3-V1016.npz,unknown,unknown,1,"arrays=user_id:(197379,):int64|cutoff:(197379,):<U10|z:(197379,):float32|y:(197379,):float32",d2bc5ef7629ee498f26b48f7a7d579d73783e359b65ecccace3b3fac1d140c2f,oof_only,unknown,unknown,potential_component_only_not_a_recommendation
SEQ-D3A-BASE-AVG3,component_family:seq;team_a:exp_025,seq,artifacts/oof_SEQ-D3A-BASE-AVG3.npz,unknown,unknown,1,"arrays=user_id:(770616,):int64|cutoff:(770616,):<U10|z:(770616,):float32|y:(770616,):float32",2188e985c6ae4238b07fbbd02487d2c975b5734736eb6b041955fa1630f9fe3a,oof_only,unknown,unknown,potential_component_only_not_a_recommendation
SEQ-D3A-BASE-AVG3-V0904,component_family:seq;team_a:exp_025,seq,artifacts/oof_SEQ-D3A-BASE-AVG3-V0904.npz,unknown,unknown,1,"arrays=user_id:(188518,):int64|cutoff:(188518,):<U10|z:(188518,):float32|y:(188518,):float32",fee247a1001882b6d5df9c3dabc8a24f7439c313aaf4c4b28b6cb0e12e767d4c,oof_only,unknown,unknown,potential_component_only_not_a_recommendation
SEQ-D3A-BASE-AVG3-V0918,component_family:seq;team_a:exp_025,seq,artifacts/oof_SEQ-D3A-BASE-AVG3-V0918.npz,unknown,unknown,1,"arrays=user_id:(191025,):int64|cutoff:(191025,):<U10|z:(191025,):float32|y:(191025,):float32",b3a38ba163e3c45565c31a00cf3aab083d5f32d6e49eb2892b1f354285120a1c,oof_only,unknown,unknown,potential_component_only_not_a_recommendation
SEQ-D3A-BASE-AVG3-V1002,component_family:seq;team_a:exp_025,seq,artifacts/oof_SEQ-D3A-BASE-AVG3-V1002.npz,unknown,unknown,1,"arrays=user_id:(193694,):int64|cutoff:(193694,):<U10|z:(193694,):float32|y:(193694,):float32",6b33a99858d5775cc1c391ca37952385a50d77b97755d8bfb747c41c6fa20171,oof_only,unknown,unknown,potential_component_only_not_a_recommendation
SEQ-D3A-BASE-AVG3-V1016,component_family:seq;team_a:exp_025,seq,artifacts/oof_SEQ-D3A-BASE-AVG3-V1016.npz,unknown,unknown,1,"arrays=user_id:(197379,):int64|cutoff:(197379,):<U10|z:(197379,):float32|y:(197379,):float32",d7d98c6211318690812a03d6a51f6e6ca01b8c50aabf20c228f0c0d95d3c9cc6,oof_only,unknown,unknown,potential_component_only_not_a_recommendation
SEQ-D3A-BASE-S42,component_family:seq;team_a:exp_025,seq,artifacts/oof_SEQ-D3A-BASE-S42.npz,unknown,unknown,1,"arrays=user_id:(770616,):int64|cutoff:(770616,):<U10|z:(770616,):float32|y:(770616,):float32",17256d03fa8893ccd96a3dfc0aa26b1164fa611850b5124239bdc34234823a3b,oof_only,unknown,unknown,potential_component_only_not_a_recommendation
SEQ-D3A-BASE-S42-V0904,component_family:seq;team_a:exp_025,seq,artifacts/oof_SEQ-D3A-BASE-S42-V0904.npz,unknown,artifacts/model_SEQ-D3A-BASE-S42-V0904.pt,2,"arrays=user_id:(188518,):int64|cutoff:(188518,):<U10|z:(188518,):float32|y:(188518,):float32;unknown",cc63eb41a893f8cd24b77b6b7b129a503f1e37001c1eae42b09c7398b1704dd6;a3f0eb9d1b3d60ee6f16e8c468636216086094d717d54893aff46599aa101d6b,oof_only,unknown,unknown,potential_component_only_not_a_recommendation
SEQ-D3A-BASE-S42-V0918,component_family:seq;team_a:exp_025,seq,artifacts/oof_SEQ-D3A-BASE-S42-V0918.npz,unknown,artifacts/model_SEQ-D3A-BASE-S42-V0918.pt,2,"arrays=user_id:(191025,):int64|cutoff:(191025,):<U10|z:(191025,):float32|y:(191025,):float32;unknown",19147af98a944c2d403b68e0383c0f857cab0e5d08564a7ce918d058f9ee85bb;0637bf10858af9cde5e7ee15ffe5aee6b90c92d24de8d90b0c931d24fe12f4d1,oof_only,unknown,unknown,potential_component_only_not_a_recommendation
SEQ-D3A-BASE-S42-V1002,component_family:seq;team_a:exp_025,seq,artifacts/oof_SEQ-D3A-BASE-S42-V1002.npz,unknown,artifacts/model_SEQ-D3A-BASE-S42-V1002.pt,2,"arrays=user_id:(193694,):int64|cutoff:(193694,):<U10|z:(193694,):float32|y:(193694,):float32;unknown",d6c29829bad07e5998627fd6882c96e4efa49012cabe7100aa81a3bf7aad48b3;1bdf6dccc22aa2775a1a34d073c627b0b828b8ab9ae25f12a6427df3b26d9b55,oof_only,unknown,unknown,potential_component_only_not_a_recommendation
SEQ-D3A-BASE-S42-V1016,component_family:seq;team_a:exp_025,seq,artifacts/oof_SEQ-D3A-BASE-S42-V1016.npz,unknown,artifacts/model_SEQ-D3A-BASE-S42-V1016.pt,2,"arrays=user_id:(197379,):int64|cutoff:(197379,):<U10|z:(197379,):float32|y:(197379,):float32;unknown",e5493a0f704944fdbc00551ddd38a3009e7cf93ac14dc86c6e9ad50d2c198a66;3d2faf28ce52c9a291af440b3f7549d4dd67fb88390a2ada30ebeabc1e319536,oof_only,unknown,unknown,potential_component_only_not_a_recommendation
SEQ-D3A-BASE-S43-V0918,component_family:seq;team_a:exp_025,seq,artifacts/oof_SEQ-D3A-BASE-S43-V0918.npz,unknown,artifacts/model_SEQ-D3A-BASE-S43-V0918.pt,2,"arrays=user_id:(191025,):int64|cutoff:(191025,):<U10|z:(191025,):float32|y:(191025,):float32;unknown",78d5e75833cd2bea199b8789129a76de0c6ebcdad14f257ad1cf5fed753a8cab;5ad602f6672d2607f8ee97854ba792ec19d696e016454d75bdc5d2f0aa087747,oof_only,unknown,unknown,potential_component_only_not_a_recommendation
SEQ-D3A-G1-BASE-S43,component_family:seq;team_a:exp_025,seq,artifacts/oof_SEQ-D3A-G1-BASE-S43.npz,unknown,unknown,1,"arrays=user_id:(770616,):int64|cutoff:(770616,):<U10|z:(770616,):float32|y:(770616,):float32",c8ac0444b6568a7b3b1db7c82228b1b9ba27c2006f3d5eff958797e5380d21e0,oof_only,unknown,unknown,potential_component_only_not_a_recommendation
SEQ-D3A-G1-BASE-S43-V0904,component_family:seq;team_a:exp_025,seq,artifacts/oof_SEQ-D3A-G1-BASE-S43-V0904.npz,unknown,artifacts/model_SEQ-D3A-G1-BASE-S43-V0904.pt,2,"arrays=user_id:(188518,):int64|cutoff:(188518,):<U10|z:(188518,):float32|y:(188518,):float32;unknown",704e5dea37e24345329a05891b192cc8fedede07c27715fdc109ba8ee68783b4;be2d14a9c0af52b4b1374a4e455c4f8661c1729b1e4ecc7d910ce1e1f93cc856,oof_only,unknown,unknown,potential_component_only_not_a_recommendation
SEQ-D3A-G1-BASE-S43-V0918,component_family:seq;team_a:exp_025,seq,artifacts/oof_SEQ-D3A-G1-BASE-S43-V0918.npz,unknown,artifacts/model_SEQ-D3A-G1-BASE-S43-V0918.pt,2,"arrays=user_id:(191025,):int64|cutoff:(191025,):<U10|z:(191025,):float32|y:(191025,):float32;unknown",abd3807c88adc7b70a057863a7557d8452159e6d1fb8064cc55396035d00b6a9;5edafd5ac6e977a29ae852a3c01b578564a6fda3f884471cc4677721ef1b6001,oof_only,unknown,unknown,potential_component_only_not_a_recommendation
SEQ-D3A-G1-BASE-S43-V1002,component_family:seq;team_a:exp_025,seq,artifacts/oof_SEQ-D3A-G1-BASE-S43-V1002.npz,unknown,artifacts/model_SEQ-D3A-G1-BASE-S43-V1002.pt,2,"arrays=user_id:(193694,):int64|cutoff:(193694,):<U10|z:(193694,):float32|y:(193694,):float32;unknown",68cff8b41c596307ed3dc5c3209b34ad8a079d68072088001a15e2e45acb2610;bbf5558319da5f8a0391d5f1ea06c60dc6f17f45a4ba3ca53c0b6e07b2fd89d4,oof_only,unknown,unknown,potential_component_only_not_a_recommendation
SEQ-D3A-G1-BASE-S43-V1016,component_family:seq;team_a:exp_025,seq,artifacts/oof_SEQ-D3A-G1-BASE-S43-V1016.npz,unknown,artifacts/model_SEQ-D3A-G1-BASE-S43-V1016.pt,2,"arrays=user_id:(197379,):int64|cutoff:(197379,):<U10|z:(197379,):float32|y:(197379,):float32;unknown",c057c4f3a519e8655aa14173952bdd10873460a15d4eed52dc6a14dd89bbd901;28276ac3f920a2e0bdba19086121c60643bb7221a34092746301dd39effa8b64,oof_only,unknown,unknown,potential_component_only_not_a_recommendation
SEQ-D3A-G1-S43,component_family:seq;team_a:exp_025,seq,artifacts/oof_SEQ-D3A-G1-S43.npz,unknown,unknown,1,"arrays=user_id:(770616,):int64|cutoff:(770616,):<U10|z:(770616,):float32|y:(770616,):float32",f25b4eed023557664afe49abe34a14e3a014c484f44d72851ab8e57a4dc19434,oof_only,unknown,unknown,potential_component_only_not_a_recommendation
SEQ-D3A-G1-S43-V0904,component_family:seq;team_a:exp_025,seq,artifacts/oof_SEQ-D3A-G1-S43-V0904.npz,unknown,artifacts/model_SEQ-D3A-G1-S43-V0904.pt,2,"arrays=user_id:(188518,):int64|cutoff:(188518,):<U10|z:(188518,):float32|y:(188518,):float32;unknown",667c552912ddc9c9923cfb00b30e5fe38e84bc79e7179fb4194ae74a654102ef;03e0b52655f3b539221ab7d858e38659f57b6c484f32b557da4b0b465806a7e6,oof_only,unknown,unknown,potential_component_only_not_a_recommendation
SEQ-D3A-G1-S43-V0918,component_family:seq;team_a:exp_025,seq,artifacts/oof_SEQ-D3A-G1-S43-V0918.npz,unknown,artifacts/model_SEQ-D3A-G1-S43-V0918.pt,2,"arrays=user_id:(191025,):int64|cutoff:(191025,):<U10|z:(191025,):float32|y:(191025,):float32;unknown",7bf6c89c62b10b7c7120c666e2d2b205591c2e16c809757692a51ff30e609c00;0fd217a5fc6dea185a2bd73d46c73b360ebfff306a346f14fb6d384cd4db74fc,oof_only,unknown,unknown,potential_component_only_not_a_recommendation
SEQ-D3A-G1-S43-V1002,component_family:seq;team_a:exp_025,seq,artifacts/oof_SEQ-D3A-G1-S43-V1002.npz,unknown,artifacts/model_SEQ-D3A-G1-S43-V1002.pt,2,"arrays=user_id:(193694,):int64|cutoff:(193694,):<U10|z:(193694,):float32|y:(193694,):float32;unknown",d190400dad178a5fd37b6083d31daf5178e95f1a0ab9044c48483e417ec01048;53ce8c9c08246f7f2f86d85ad0698833fd11c8b8bb4ac476b605883fb86c7a58,oof_only,unknown,unknown,potential_component_only_not_a_recommendation
SEQ-D3A-G1-S43-V1016,component_family:seq;team_a:exp_025,seq,artifacts/oof_SEQ-D3A-G1-S43-V1016.npz,unknown,artifacts/model_SEQ-D3A-G1-S43-V1016.pt,2,"arrays=user_id:(197379,):int64|cutoff:(197379,):<U10|z:(197379,):float32|y:(197379,):float32;unknown",d3b51a10296d543644e20d5ea7e30c157e4ac49cb78d06a689fee10693ffd209;4cfce34b495bb2a1b77f4323052bd652d439ee01769cb9d78399a56fd118b0f6,oof_only,unknown,unknown,potential_component_only_not_a_recommendation
SEQ-D3A-G2-BASE-S44,component_family:seq;team_a:exp_025,seq,artifacts/oof_SEQ-D3A-G2-BASE-S44.npz,unknown,unknown,1,"arrays=user_id:(770616,):int64|cutoff:(770616,):<U10|z:(770616,):float32|y:(770616,):float32",3cefe03fdf0ebe5520c139cb8015fc0f5ceb7f1e78f41b545086a9ecace17cd3,oof_only,unknown,unknown,potential_component_only_not_a_recommendation
SEQ-D3A-G2-BASE-S44-V0904,component_family:seq;team_a:exp_025,seq,artifacts/oof_SEQ-D3A-G2-BASE-S44-V0904.npz,unknown,artifacts/model_SEQ-D3A-G2-BASE-S44-V0904.pt,2,"arrays=user_id:(188518,):int64|cutoff:(188518,):<U10|z:(188518,):float32|y:(188518,):float32;unknown",e74c6139f18ac8cc9d06c4eb615f1b76916b384e92ec866bd349f3d17401396f;87e8de1734d6f258b773800f8452ca7de160345c6f3236857daccb7ce15bfe9d,oof_only,unknown,unknown,potential_component_only_not_a_recommendation
SEQ-D3A-G2-BASE-S44-V0918,component_family:seq;team_a:exp_025,seq,artifacts/oof_SEQ-D3A-G2-BASE-S44-V0918.npz,unknown,artifacts/model_SEQ-D3A-G2-BASE-S44-V0918.pt,2,"arrays=user_id:(191025,):int64|cutoff:(191025,):<U10|z:(191025,):float32|y:(191025,):float32;unknown",f90bd03ac333fee3c3cf5c809b6ab2c7ad3f7cd07b552462168c8e7679cc717e;327cacf5eb5c07a9fc75029f1fba0a0f5fea2b904fb26b0a552bce56fc175a58,oof_only,unknown,unknown,potential_component_only_not_a_recommendation
SEQ-D3A-G2-BASE-S44-V1002,component_family:seq;team_a:exp_025,seq,artifacts/oof_SEQ-D3A-G2-BASE-S44-V1002.npz,unknown,artifacts/model_SEQ-D3A-G2-BASE-S44-V1002.pt,2,"arrays=user_id:(193694,):int64|cutoff:(193694,):<U10|z:(193694,):float32|y:(193694,):float32;unknown",e5881792d9eed62b80a1f34658b6de2807f7fc9dd3065258acccaadbabf01c8b;f3569675ad5c0ae344c2e6b9f73f53aab8c579ba5f47bcb41f3df0291171b1ea,oof_only,unknown,unknown,potential_component_only_not_a_recommendation
SEQ-D3A-G2-BASE-S44-V1016,component_family:seq;team_a:exp_025,seq,artifacts/oof_SEQ-D3A-G2-BASE-S44-V1016.npz,unknown,artifacts/model_SEQ-D3A-G2-BASE-S44-V1016.pt,2,"arrays=user_id:(197379,):int64|cutoff:(197379,):<U10|z:(197379,):float32|y:(197379,):float32;unknown",35d57751fb9ca35799c2d1946802aa090fc488c8188d129ae8aa4a0bf88c03ae;f51b02a881e8ad49c9a40d50b81adb546ff10dd418456aab2e34b912821ceb14,oof_only,unknown,unknown,potential_component_only_not_a_recommendation
SEQ-D3A-G2-S44,component_family:seq;team_a:exp_025,seq,artifacts/oof_SEQ-D3A-G2-S44.npz,unknown,unknown,1,"arrays=user_id:(770616,):int64|cutoff:(770616,):<U10|z:(770616,):float32|y:(770616,):float32",b9a033b17d49e9f4fd88965c676b99e90bed46f05608748d58a287433e9b0220,oof_only,unknown,unknown,potential_component_only_not_a_recommendation
SEQ-D3A-G2-S44-V0904,component_family:seq;team_a:exp_025,seq,artifacts/oof_SEQ-D3A-G2-S44-V0904.npz,unknown,artifacts/model_SEQ-D3A-G2-S44-V0904.pt,2,"arrays=user_id:(188518,):int64|cutoff:(188518,):<U10|z:(188518,):float32|y:(188518,):float32;unknown",12e1ea89acdb4a39007107f3582f75c954f29584e8fa3dc2419715b037651a9a;04ac79ee2db9fad52f15d654356921c72520eb3ccec0bc8dc2581dfd9cc42585,oof_only,unknown,unknown,potential_component_only_not_a_recommendation
SEQ-D3A-G2-S44-V0918,component_family:seq;team_a:exp_025,seq,artifacts/oof_SEQ-D3A-G2-S44-V0918.npz,unknown,artifacts/model_SEQ-D3A-G2-S44-V0918.pt,2,"arrays=user_id:(191025,):int64|cutoff:(191025,):<U10|z:(191025,):float32|y:(191025,):float32;unknown",0fec260a54f2011030a662a883a250c4c3e55dbfb7c1923fe588ab354d39ec4c;d68f5a74752ae339ec44311d5db931d69fea6c6b361c7e429d6515c5bdcc79ac,oof_only,unknown,unknown,potential_component_only_not_a_recommendation
SEQ-D3A-G2-S44-V1002,component_family:seq;team_a:exp_025,seq,artifacts/oof_SEQ-D3A-G2-S44-V1002.npz,unknown,artifacts/model_SEQ-D3A-G2-S44-V1002.pt,2,"arrays=user_id:(193694,):int64|cutoff:(193694,):<U10|z:(193694,):float32|y:(193694,):float32;unknown",93d5aabb33a44359d54813cbd5cc72429a115dd6ee0ce0c0aebcfaa072333718;449a826d772754b9195c4756869db715d4b314c06028b0325ce35087ff7dd4e8,oof_only,unknown,unknown,potential_component_only_not_a_recommendation
SEQ-D3A-G2-S44-V1016,component_family:seq;team_a:exp_025,seq,artifacts/oof_SEQ-D3A-G2-S44-V1016.npz,unknown,artifacts/model_SEQ-D3A-G2-S44-V1016.pt,2,"arrays=user_id:(197379,):int64|cutoff:(197379,):<U10|z:(197379,):float32|y:(197379,):float32;unknown",d21bba8995b569ef954dc7a0cb3435d3850dea20b0dc564470162a8421e0c608;62587b39e08cd76f80add6ad2618d36d1c32acb98e781f152833b7193c8bc85c,oof_only,unknown,unknown,potential_component_only_not_a_recommendation
SEQ-D3A-S42,component_family:seq;team_a:exp_025,seq,artifacts/oof_SEQ-D3A-S42.npz,unknown,unknown,1,"arrays=user_id:(770616,):int64|cutoff:(770616,):<U10|z:(770616,):float32|y:(770616,):float32",d6ca23b5de24cb99f5d88404a40639325f5a769a9ae4585fad143bb595fa7173,oof_only,unknown,unknown,potential_component_only_not_a_recommendation
SEQ-D3A-S42-V0904,component_family:seq;team_a:exp_025,seq,artifacts/oof_SEQ-D3A-S42-V0904.npz,unknown,artifacts/model_SEQ-D3A-S42-V0904.pt,2,"arrays=user_id:(188518,):int64|cutoff:(188518,):<U10|z:(188518,):float32|y:(188518,):float32;unknown",a00d946c2595338278a460383e176cd21912023605339116370dae93a0bf2e23;c9d9a380da0dfcada77e6c536467d5f76382634da280dbc3697ab403a8d897c5,oof_only,unknown,unknown,potential_component_only_not_a_recommendation
SEQ-D3A-S42-V0918,component_family:seq;team_a:exp_025,seq,artifacts/oof_SEQ-D3A-S42-V0918.npz,unknown,artifacts/model_SEQ-D3A-S42-V0918.pt,2,"arrays=user_id:(191025,):int64|cutoff:(191025,):<U10|z:(191025,):float32|y:(191025,):float32;unknown",654dd8c0a4cf3ee2acb2dda5feca62e01c768c9cfbdfe7b68ff61fdc91ef2da3;eca5d30d860e7407fccdc0a56aae8bb6b2de9190dad589c649b68fa6f874d263,oof_only,unknown,unknown,potential_component_only_not_a_recommendation
SEQ-D3A-S42-V1002,component_family:seq;team_a:exp_025,seq,artifacts/oof_SEQ-D3A-S42-V1002.npz,unknown,artifacts/model_SEQ-D3A-S42-V1002.pt,2,"arrays=user_id:(193694,):int64|cutoff:(193694,):<U10|z:(193694,):float32|y:(193694,):float32;unknown",9b55469d1deb4d84b73ee20ee69e07356fb427266b6701024c907b1715851f99;c2b7251423321c802ff1b36255315f9e6d222be155181417ef9bb56bc0db206d,oof_only,unknown,unknown,potential_component_only_not_a_recommendation
SEQ-D3A-S42-V1016,component_family:seq;team_a:exp_025,seq,artifacts/oof_SEQ-D3A-S42-V1016.npz,unknown,artifacts/model_SEQ-D3A-S42-V1016.pt,2,"arrays=user_id:(197379,):int64|cutoff:(197379,):<U10|z:(197379,):float32|y:(197379,):float32;unknown",dc48c442a593139c1c3078dff66b66c84267062706b98552ac40944c6f6adc92;2c093e461e4e5c058a57275012e33d64a215fb859b97b59f4fd308feb5711b67,oof_only,unknown,unknown,potential_component_only_not_a_recommendation
SEQ-D3A-S43-V0918,component_family:seq;team_a:exp_025,seq,artifacts/oof_SEQ-D3A-S43-V0918.npz,unknown,artifacts/model_SEQ-D3A-S43-V0918.pt,2,"arrays=user_id:(191025,):int64|cutoff:(191025,):<U10|z:(191025,):float32|y:(191025,):float32;unknown",e41e515cd0348eeee36589ea5129455da1a696e7a185dd84bd2c1eaf21985805;c6b6662a8b0fe87369174bec766cbd8da880dfb7bf87a519ec6a4e05422dd9c8,oof_only,unknown,unknown,potential_component_only_not_a_recommendation
SEQ-S43-FULL,component_family:seq;team_a:exp_025,seq,unknown,artifacts/ztest_SEQ-S43-FULL.npy,unknown,1,"array=ztest_SEQ-S43-FULL:(250000,):float64",a8ecf55f78148417b31fee54588f8481d0ce14ad550912fddb0627c97f2b14d6,test_only,unknown,unknown,potential_component_only_not_a_recommendation
SEQ-S44-FULL,component_family:seq;team_a:exp_025,seq,unknown,artifacts/ztest_SEQ-S44-FULL.npy,unknown,1,"array=ztest_SEQ-S44-FULL:(250000,):float64",632ccafbbb380c85cff71d1d1a588ab854d614a7263b7212c4afb5463263bf3a,test_only,unknown,unknown,potential_component_only_not_a_recommendation
TIER-A-DIRECT-AVG3-R300,unknown,unknown,unknown,artifacts/ztest_TIER-A-DIRECT-AVG3-R300.npy,unknown,1,"array=ztest_TIER-A-DIRECT-AVG3-R300:(250000,):float64",5379cacdb75e9c7aa50a8ae84b2e2ca994346447e290d556353887730333bbab,test_only,unknown,unknown,potential_component_only_not_a_recommendation
ZERO2D_DIST,component_family:zero,zero,unknown,artifacts/ZERO2D_DIST_test.npz,unknown,1,"arrays=user_id:(250000,):int64|p0:(250000,):float64|p_act:(250000,):float64|z:(250000,):float64|z_ref:(250000,):float64|centroids:(16,):float64|max_abs_dz:():float64|mean_abs_dz:():float64|rmse_dz:():float64|correlation_z:():float64|mean_z:():float64|mean_z_ref:():float64|reference_reproduced:():bool|rounds:():int64|cuts:(29,):<U10|runtime_s:():float64",ef3e528caa84a20c3a820a3fe4cbaccd455cbfc7e6175981d2d512538fd83e85,test_only,unknown,unknown,potential_component_only_not_a_recommendation
ZERO2D_SHRINK,component_family:zero,zero,unknown,artifacts/ZERO2D_SHRINK_test.npz;artifacts/ztest_ZERO2D_SHRINK.npy,unknown,2,"array=ztest_ZERO2D_SHRINK:(250000,):float64;arrays=user_id:(250000,):int64|p0:(250000,):float64|amount_bin:(250000,):int8|p0_bin:(250000,):int8|correction:(250000,):float64|z_final:(250000,):float64|eta:():float64|p0_edges:(4,):float64",0fa795b4c5a6be5cb0c720824d1a7bef5581c82fddac709903cf9f66c3f3df8e;af90df1b4cefd5d5fc382cf643f581e0f52ecc8a6fcd70e6e523d976c195016b,test_only,unknown,unknown,potential_component_only_not_a_recommendation
aligned,team_a:exp_053,unknown,artifacts/RESDISC_053/aligned_oof.parquet,unknown,unknown,1,rows=770616;row_groups=8;columns=cutoff|user_id|fold|y_true|z_cap|z_unc|z_dist|z_etx_avg3|z_seq_avg3|z_strong_raw|z_strong_calibrated|r_strong|loss_strong|adv_etx_vs_seq|adv_neural_vs_tabular|winner_etx|p0_dist|p_act_dist|past_residual_0904|z_etx_s42|z_etx_s43|z_etx_s44|z_seq_s42|z_seq_s43|z_seq_s44|z_d3a_avg3|z_ridge|z_full_etx|z_full_seq|z_tab_raw|z_neural_raw|w7_days_present|w7_days_search|w7_days_cat|w7_days_buy|w7_days_cart|w7_days_presence_only|w7_searches|w7_carts|w7_orders|w7_gmv|w7_gmv_cat|w7_gmv_max|w7_lgmv_mean|w7_lgmv_std|w14_days_present|w14_days_search|w14_days_cat|w14_days_buy|w14_days_cart|w14_days_presence_only|w14_searches|w14_carts|w14_orders|w14_gmv|w14_gmv_cat|w14_gmv_max|w14_lgmv_mean|w14_lgmv_std|w30_days_present|w30_days_search|w30_days_cat|w30_days_buy|w30_days_cart|w30_days_presence_only|w30_searches|w30_carts|w30_orders|w30_gmv|w30_gmv_cat|w30_gmv_max|w30_lgmv_mean|w30_lgmv_std|w60_days_present|w60_days_search|w60_days_cat|w60_days_buy|w60_days_cart|w60_days_presence_only|w60_searches|w60_carts|w60_orders|w60_gmv|w60_gmv_cat|w60_gmv_max|w60_lgmv_mean|w60_lgmv_std|w90_days_present|w90_days_search|w90_days_cat|w90_days_buy|w90_days_cart|w90_days_presence_only|w90_searches|w90_carts|w90_orders|w90_gmv|w90_gmv_cat|w90_gmv_max|w90_lgmv_mean|w90_lgmv_std|w180_days_present|w180_days_search|w180_days_cat|w180_days_buy|w180_days_cart|w180_days_presence_only|w180_searches|w180_carts|w180_orders|w180_gmv|w180_gmv_cat|w180_gmv_max|w180_lgmv_mean|w180_lgmv_std|w365_days_present|w365_days_search|w365_days_cat|w365_days_buy|w365_days_cart,40aa9719d4fd903467eceb5f7be5e5d19ce6a67e12856f523946e5fdcda0ed0a,oof_only,unknown,unknown,potential_component_only_not_a_recommendation
axes,component_family:seq;independent_anniversary:exp_058;independent_global_regime:exp_057;team_a:exp_025;team_a:exp_028,seq,unknown,research/strategies/results/SEQ3/test_axes.csv;linked_worktree/independent_anniversary/research/strategies/results/SEQ3/test_axes.csv;linked_worktree/independent_global_regime/research/strategies/results/SEQ3/test_axes.csv,unknown,3,"columns=pair,var,mean,std,pearson,spearman,p01,p05,p25,p50,p75,p95,p99,sh_010,sh_025,sh_050,exp_drmsle;columns=pair|var|mean|std|pearson|spearman|p01|p05|p25|p50|p75|p95|p99|sh_010|sh_025|sh_050|exp_drmsle",7b0795f4f54d237da870712440711b933964070b0acfadaacb3bce649a61760b;13cd0b64d976de5040086d19dafedea44f153b3273d2ba00d06ed37313880ea1;13cd0b64d976de5040086d19dafedea44f153b3273d2ba00d06ed37313880ea1,test_only,contains_exact_duplicate_artifacts,unknown,potential_component_only_not_a_recommendation
buyctrl_s42_aux_init,team_a:exp_045,unknown,unknown,unknown,artifacts/BUYCTRL_DET_EXP045/plans/buyctrl_s42_aux_init.pt,1,unknown,20c19986de4d7d73b6436428ef6495dc80867df8349c9f5d14312ac219b666ac,model_only,unknown,unknown,model_state_only
buyctrl_s43_aux_init,team_a:exp_045,unknown,unknown,unknown,artifacts/BUYCTRL_DET_EXP045/plans/buyctrl_s43_aux_init.pt,1,unknown,8f6c1e886af718dbaa38af979b545e0748d59bc470ca11bd00703d4f0aebba5b,model_only,unknown,unknown,model_state_only
buyctrl_s44_aux_init,team_a:exp_045,unknown,unknown,unknown,artifacts/BUYCTRL_DET_EXP045/plans/buyctrl_s44_aux_init.pt,1,unknown,090f4d9554bfc39d053c76008af6fad8a72f3b08d20816697a4ba1c7db679ebd,model_only,unknown,unknown,model_state_only
checkpoint_D1-behavior,independent_domain:exp_028,unknown,unknown,unknown,linked_worktree/independent_domain/artifacts/domain_01/checkpoint_D1-behavior.npz,1,"arrays=p:(1020616,):float32|prior:(1020616,):float32",5c813c694c9c87aacc8bdf60c763acc200f8ebe79dd258669e5c0c7d9422b260,model_only,unknown,unknown,model_state_only
checkpoint_D1-behavior_folds,independent_domain:exp_028,unknown,unknown,unknown,linked_worktree/independent_domain/artifacts/domain_01/checkpoint_D1-behavior_folds.csv,1,"columns=model,group_fold,train_n,train_positive_rate,n,positive_rate,roc_auc,pr_auc,logloss,brier,ece10,mean_probability",7f861ee3c634a9f4b3b8089dc71f6909b9f5c4fe3990e7b0cfac01afee09c27b,model_only,unknown,unknown,model_state_only
checkpoint_D1-behavior_importance,independent_domain:exp_028,unknown,unknown,unknown,linked_worktree/independent_domain/artifacts/domain_01/checkpoint_D1-behavior_importance.csv,1,"columns=model,feature,gain,split,gain_share",09d81caaf00b9e678d605b2a78d0e9b9b23c801ec0ff15a374855410facaf7c0,model_only,unknown,unknown,model_state_only
checkpoint_D1-depth-raw,independent_domain:exp_028,unknown,unknown,unknown,linked_worktree/independent_domain/artifacts/domain_01/checkpoint_D1-depth-raw.npz,1,"arrays=p:(1020616,):float32|prior:(1020616,):float32",58934c9217ca4b6a0cb2ae0e4e9ca30aba5cf53318de2d431761cd8d661da69c,model_only,unknown,unknown,model_state_only
checkpoint_D1-depth-raw_folds,independent_domain:exp_028,unknown,unknown,unknown,linked_worktree/independent_domain/artifacts/domain_01/checkpoint_D1-depth-raw_folds.csv,1,"columns=model,group_fold,train_n,train_positive_rate,n,positive_rate,roc_auc,pr_auc,logloss,brier,ece10,mean_probability",f089a20b651b4b7863bddf34a9c819522a4a59431b427b32e869ec55d0afae22,model_only,unknown,unknown,model_state_only
checkpoint_D1-depth-raw_importance,independent_domain:exp_028,unknown,unknown,unknown,linked_worktree/independent_domain/artifacts/domain_01/checkpoint_D1-depth-raw_importance.csv,1,"columns=model,feature,gain,split,gain_share",4b23d4fbf95ea8d82ee0ce33a80753ccc6eeb4c2479cd6ff1f4522f5a557ab16,model_only,unknown,unknown,model_state_only
checkpoint_D1-fixed-L180,independent_domain:exp_028,unknown,unknown,unknown,linked_worktree/independent_domain/artifacts/domain_01/checkpoint_D1-fixed-L180.npz,1,"arrays=p:(1020616,):float32|prior:(1020616,):float32",8aa72711a32318e78a4490a6a410344e38a724ee034cbe25f051df590b36c8c5,model_only,unknown,unknown,model_state_only
checkpoint_D1-fixed-L180_folds,independent_domain:exp_028,unknown,unknown,unknown,linked_worktree/independent_domain/artifacts/domain_01/checkpoint_D1-fixed-L180_folds.csv,1,"columns=model,group_fold,train_n,train_positive_rate,n,positive_rate,roc_auc,pr_auc,logloss,brier,ece10,mean_probability",3e707049ad963caa0df9bb8208d18878978623f5af95953e6bd252bd0b744023,model_only,unknown,unknown,model_state_only
checkpoint_D1-fixed-L180_importance,independent_domain:exp_028,unknown,unknown,unknown,linked_worktree/independent_domain/artifacts/domain_01/checkpoint_D1-fixed-L180_importance.csv,1,"columns=model,feature,gain,split,gain_share",519a89af9af11fcfc3cb43c2e47368c33efd0a2f6ac385d56160a026ba4078d2,model_only,unknown,unknown,model_state_only
checkpoint_D1-missingness,independent_domain:exp_028,unknown,unknown,unknown,linked_worktree/independent_domain/artifacts/domain_01/checkpoint_D1-missingness.npz,1,"arrays=p:(1020616,):float32|prior:(1020616,):float32",6d60d7b6fc303536c09a171db1d665ef6a02636ee4e8f62910925d61a0a1b5e2,model_only,unknown,unknown,model_state_only
checkpoint_D1-missingness_folds,independent_domain:exp_028,unknown,unknown,unknown,linked_worktree/independent_domain/artifacts/domain_01/checkpoint_D1-missingness_folds.csv,1,"columns=model,group_fold,train_n,train_positive_rate,n,positive_rate,roc_auc,pr_auc,logloss,brier,ece10,mean_probability",1c51e377809a182dcb3e8e50edcddc7eec5477e7ebaba19e335442ced4184143,model_only,unknown,unknown,model_state_only
checkpoint_D1-missingness_importance,independent_domain:exp_028,unknown,unknown,unknown,linked_worktree/independent_domain/artifacts/domain_01/checkpoint_D1-missingness_importance.csv,1,"columns=model,feature,gain,split,gain_share",022102dd9f3bca3e5e03291189627b33a8aa6f6c3352562054ee31b216570c07,model_only,unknown,unknown,model_state_only
checkpoint_D1-production,independent_domain:exp_028,unknown,unknown,unknown,linked_worktree/independent_domain/artifacts/domain_01/checkpoint_D1-production.npz,1,"arrays=p:(1020616,):float32|prior:(1020616,):float32",ea3a9f36c3d5c62f20f9935421205dd1a0c93da6b4605b26e68594c8def8fb46,model_only,unknown,unknown,model_state_only
checkpoint_D1-production_folds,independent_domain:exp_028,unknown,unknown,unknown,linked_worktree/independent_domain/artifacts/domain_01/checkpoint_D1-production_folds.csv,1,"columns=model,group_fold,train_n,train_positive_rate,n,positive_rate,roc_auc,pr_auc,logloss,brier,ece10,mean_probability",75c3d63ee29ff1aeb59ac0b7f82b7264cd67c8138e1abf83e3796d7160e44bd1,model_only,unknown,unknown,model_state_only
checkpoint_D1-production_importance,independent_domain:exp_028,unknown,unknown,unknown,linked_worktree/independent_domain/artifacts/domain_01/checkpoint_D1-production_importance.csv,1,"columns=model,feature,gain,split,gain_share",f3647bc760b3d83f52ddc1ed29b58f3db9f11b43055cbc8fe5c5cfd075123216,model_only,unknown,unknown,model_state_only
checkpoint_p07_early,independent_calendar:exp_029,unknown,unknown,unknown,linked_worktree/independent_calendar/artifacts/calendar_placebo_01/p07_early/checkpoint_p07_early.npz,1,"arrays=p:(240000,):float32|prior:(240000,):float32",5a5de86c4c07ea6c4c720d6b48473b1552625b102d2709d97eb42ab4ed0856cc,model_only,unknown,unknown,model_state_only
checkpoint_p07_early_folds,independent_calendar:exp_029,unknown,unknown,unknown,linked_worktree/independent_calendar/artifacts/calendar_placebo_01/p07_early/checkpoint_p07_early_folds.csv,1,"columns=model,group_fold,train_n,train_positive_rate,n,positive_rate,roc_auc,pr_auc,logloss,brier,ece10,mean_probability",3527bb735088e34604f041b07067431beb8e4747d0477bb81a498512204713aa,model_only,unknown,unknown,model_state_only
checkpoint_p07_early_importance,independent_calendar:exp_029,unknown,unknown,unknown,linked_worktree/independent_calendar/artifacts/calendar_placebo_01/p07_early/checkpoint_p07_early_importance.csv,1,"columns=model,feature,gain,split,gain_share",e7df64ebe73a641baed81fa5e2f90818636808130d86a94e44254c8b6bea2e57,model_only,unknown,unknown,model_state_only
checkpoint_p07_late,independent_calendar:exp_029,unknown,unknown,unknown,linked_worktree/independent_calendar/artifacts/calendar_placebo_01/p07_late/checkpoint_p07_late.npz,1,"arrays=p:(240000,):float32|prior:(240000,):float32",1ca50f55582e83cb59e4061fdb107c30a1059033c093855f79f3a78e5a899bbb,model_only,unknown,unknown,model_state_only
checkpoint_p07_late_folds,independent_calendar:exp_029,unknown,unknown,unknown,linked_worktree/independent_calendar/artifacts/calendar_placebo_01/p07_late/checkpoint_p07_late_folds.csv,1,"columns=model,group_fold,train_n,train_positive_rate,n,positive_rate,roc_auc,pr_auc,logloss,brier,ece10,mean_probability",564700675b76e4c0f5dbd5d98d943e23644f2949ab6229ab32620f10494fd334,model_only,unknown,unknown,model_state_only
checkpoint_p07_late_importance,independent_calendar:exp_029,unknown,unknown,unknown,linked_worktree/independent_calendar/artifacts/calendar_placebo_01/p07_late/checkpoint_p07_late_importance.csv,1,"columns=model,feature,gain,split,gain_share",44d64353582fa1c98733c884bdcab141827f869f2a095a7ad0e0e4dde9188c20,model_only,unknown,unknown,model_state_only
checkpoint_p07_mid,independent_calendar:exp_029,unknown,unknown,unknown,linked_worktree/independent_calendar/artifacts/calendar_placebo_01/p07_mid/checkpoint_p07_mid.npz,1,"arrays=p:(240000,):float32|prior:(240000,):float32",628ad6c09f7d26d20cfb9929949adbbe9bb6c8bb588a1b85bce41d0d3dd0358a,model_only,unknown,unknown,model_state_only
checkpoint_p07_mid_folds,independent_calendar:exp_029,unknown,unknown,unknown,linked_worktree/independent_calendar/artifacts/calendar_placebo_01/p07_mid/checkpoint_p07_mid_folds.csv,1,"columns=model,group_fold,train_n,train_positive_rate,n,positive_rate,roc_auc,pr_auc,logloss,brier,ece10,mean_probability",34749af3e5b12c62dca49b405f3e67d2ff00a26047032c675b3b0a1e78193db3,model_only,unknown,unknown,model_state_only
checkpoint_p07_mid_importance,independent_calendar:exp_029,unknown,unknown,unknown,linked_worktree/independent_calendar/artifacts/calendar_placebo_01/p07_mid/checkpoint_p07_mid_importance.csv,1,"columns=model,feature,gain,split,gain_share",23dadd6cdbe37b1e9df60899d63745e50d4e33201776e4ce497deef667bd883f,model_only,unknown,unknown,model_state_only
checkpoint_p105_max,independent_calendar:exp_029,unknown,unknown,unknown,linked_worktree/independent_calendar/artifacts/calendar_placebo_01/p105_max/checkpoint_p105_max.npz,1,"arrays=p:(240000,):float32|prior:(240000,):float32",047474d1730056f888eee4f73a10729bcbd44c85d793b9bf97d33ea8ed8bae80,model_only,unknown,unknown,model_state_only
checkpoint_p105_max_folds,independent_calendar:exp_029,unknown,unknown,unknown,linked_worktree/independent_calendar/artifacts/calendar_placebo_01/p105_max/checkpoint_p105_max_folds.csv,1,"columns=model,group_fold,train_n,train_positive_rate,n,positive_rate,roc_auc,pr_auc,logloss,brier,ece10,mean_probability",f4d829955b1b69dd63866b9f9d517e5019c0987300b4c994ba395245cbed211b,model_only,unknown,unknown,model_state_only
checkpoint_p105_max_importance,independent_calendar:exp_029,unknown,unknown,unknown,linked_worktree/independent_calendar/artifacts/calendar_placebo_01/p105_max/checkpoint_p105_max_importance.csv,1,"columns=model,feature,gain,split,gain_share",bbb24d19557f15b61a919a4f2098693f372ef9052cf552848bad54d9c6afcd8d,model_only,unknown,unknown,model_state_only
checkpoint_p28_early,independent_calendar:exp_029,unknown,unknown,unknown,linked_worktree/independent_calendar/artifacts/calendar_placebo_01/p28_early/checkpoint_p28_early.npz,1,"arrays=p:(240000,):float32|prior:(240000,):float32",960c44901b8b4f359f28e9d56c4cf7bb058b720bfd3cba1738c363ad597792e2,model_only,unknown,unknown,model_state_only
checkpoint_p28_early_folds,independent_calendar:exp_029,unknown,unknown,unknown,linked_worktree/independent_calendar/artifacts/calendar_placebo_01/p28_early/checkpoint_p28_early_folds.csv,1,"columns=model,group_fold,train_n,train_positive_rate,n,positive_rate,roc_auc,pr_auc,logloss,brier,ece10,mean_probability",d8772d9595c76a1bbb86d60ce864b02652f0ef9f130db477875f42fd4ad51f46,model_only,unknown,unknown,model_state_only
checkpoint_p28_early_importance,independent_calendar:exp_029,unknown,unknown,unknown,linked_worktree/independent_calendar/artifacts/calendar_placebo_01/p28_early/checkpoint_p28_early_importance.csv,1,"columns=model,feature,gain,split,gain_share",0cfa09863cfdfebd454bb02a2d604161f9c4cf80e3c6ebc8c60f639aeaad62d8,model_only,unknown,unknown,model_state_only
checkpoint_p28_late,independent_calendar:exp_029,unknown,unknown,unknown,linked_worktree/independent_calendar/artifacts/calendar_placebo_01/p28_late/checkpoint_p28_late.npz,1,"arrays=p:(240000,):float32|prior:(240000,):float32",e23f3e2862aa876cf7a77301e28ea2d20e36ba601a82ecc09260784ec288534f,model_only,unknown,unknown,model_state_only
checkpoint_p28_late_folds,independent_calendar:exp_029,unknown,unknown,unknown,linked_worktree/independent_calendar/artifacts/calendar_placebo_01/p28_late/checkpoint_p28_late_folds.csv,1,"columns=model,group_fold,train_n,train_positive_rate,n,positive_rate,roc_auc,pr_auc,logloss,brier,ece10,mean_probability",8fa04c73c2bb6bd14949df92ecf176fc7e50542b96e62818ceab9e39a0431b4c,model_only,unknown,unknown,model_state_only
checkpoint_p28_late_importance,independent_calendar:exp_029,unknown,unknown,unknown,linked_worktree/independent_calendar/artifacts/calendar_placebo_01/p28_late/checkpoint_p28_late_importance.csv,1,"columns=model,feature,gain,split,gain_share",339699bc7379b7e6daaea10c31e31ddedeedca8751d916f2937fc75f1b348134,model_only,unknown,unknown,model_state_only
checkpoint_p28_mid,independent_calendar:exp_029,unknown,unknown,unknown,linked_worktree/independent_calendar/artifacts/calendar_placebo_01/p28_mid/checkpoint_p28_mid.npz,1,"arrays=p:(240000,):float32|prior:(240000,):float32",362f5d1ba65e40093797f3dad499c1ac4f7ffc780442c9e5510fec5526721c28,model_only,unknown,unknown,model_state_only
checkpoint_p28_mid_folds,independent_calendar:exp_029,unknown,unknown,unknown,linked_worktree/independent_calendar/artifacts/calendar_placebo_01/p28_mid/checkpoint_p28_mid_folds.csv,1,"columns=model,group_fold,train_n,train_positive_rate,n,positive_rate,roc_auc,pr_auc,logloss,brier,ece10,mean_probability",bcdd8e03a6bb58ca50f5570fb183a67ea3dd0b3a59f5f3921db21be7ce105529,model_only,unknown,unknown,model_state_only
checkpoint_p28_mid_importance,independent_calendar:exp_029,unknown,unknown,unknown,linked_worktree/independent_calendar/artifacts/calendar_placebo_01/p28_mid/checkpoint_p28_mid_importance.csv,1,"columns=model,feature,gain,split,gain_share",470aea0fc129089bf506dc167ea4c4fa34c9094a6e2317afa998b8213f49c015,model_only,unknown,unknown,model_state_only
checkpoint_p56_early,independent_calendar:exp_029,unknown,unknown,unknown,linked_worktree/independent_calendar/artifacts/calendar_placebo_01/p56_early/checkpoint_p56_early.npz,1,"arrays=p:(240000,):float32|prior:(240000,):float32",b1fb489d862d4deba5d8ca9a37e10813150868c880f22b251ced8eaf88207591,model_only,unknown,unknown,model_state_only
checkpoint_p56_early_folds,independent_calendar:exp_029,unknown,unknown,unknown,linked_worktree/independent_calendar/artifacts/calendar_placebo_01/p56_early/checkpoint_p56_early_folds.csv,1,"columns=model,group_fold,train_n,train_positive_rate,n,positive_rate,roc_auc,pr_auc,logloss,brier,ece10,mean_probability",41843e3bc9373ee5d2e705f81c1db41d53b74f8a07c78f35743ac0a0f9a69f7f,model_only,unknown,unknown,model_state_only
checkpoint_p56_early_importance,independent_calendar:exp_029,unknown,unknown,unknown,linked_worktree/independent_calendar/artifacts/calendar_placebo_01/p56_early/checkpoint_p56_early_importance.csv,1,"columns=model,feature,gain,split,gain_share",59fcdc902ceebed45d7f121b6c61885c06ffc0718bde5c17ac0bfaf839c2fafb,model_only,unknown,unknown,model_state_only
checkpoint_p56_late,independent_calendar:exp_029,unknown,unknown,unknown,linked_worktree/independent_calendar/artifacts/calendar_placebo_01/p56_late/checkpoint_p56_late.npz,1,"arrays=p:(240000,):float32|prior:(240000,):float32",3bf26845412e1bc65780bae9b81a4a3182a738a6ca4a01ca65e0c000f9a4275a,model_only,unknown,unknown,model_state_only
checkpoint_p56_late_folds,independent_calendar:exp_029,unknown,unknown,unknown,linked_worktree/independent_calendar/artifacts/calendar_placebo_01/p56_late/checkpoint_p56_late_folds.csv,1,"columns=model,group_fold,train_n,train_positive_rate,n,positive_rate,roc_auc,pr_auc,logloss,brier,ece10,mean_probability",541ebc4ceaee15c8849417eb9d08ffe01a9436be7f91be5930a42f9e6f3326b1,model_only,unknown,unknown,model_state_only
checkpoint_p56_late_importance,independent_calendar:exp_029,unknown,unknown,unknown,linked_worktree/independent_calendar/artifacts/calendar_placebo_01/p56_late/checkpoint_p56_late_importance.csv,1,"columns=model,feature,gain,split,gain_share",52912839a5a4b7b76d06ab940f078855c31a2a778ea0ab7a57b8169416e0906d,model_only,unknown,unknown,model_state_only
checkpoint_real_20251016_to_20260213,independent_calendar:exp_029,unknown,unknown,unknown,linked_worktree/independent_calendar/artifacts/calendar_placebo_01/real_20251016_to_20260213/checkpoint_real_20251016_to_20260213.npz,1,"arrays=p:(240000,):float32|prior:(240000,):float32",14a204ea00db92b39e8cb0901078b4fd06fbaadbbe4500fd124b737eed0d909d,model_only,unknown,unknown,model_state_only
checkpoint_real_20251016_to_20260213_folds,independent_calendar:exp_029,unknown,unknown,unknown,linked_worktree/independent_calendar/artifacts/calendar_placebo_01/real_20251016_to_20260213/checkpoint_real_20251016_to_20260213_folds.csv,1,"columns=model,group_fold,train_n,train_positive_rate,n,positive_rate,roc_auc,pr_auc,logloss,brier,ece10,mean_probability",eeaab87fce5a467d97af91f24a206e8b5da1744808ade4cc17914a9a05b7241a,model_only,unknown,unknown,model_state_only
checkpoint_real_20251016_to_20260213_importance,independent_calendar:exp_029,unknown,unknown,unknown,linked_worktree/independent_calendar/artifacts/calendar_placebo_01/real_20251016_to_20260213/checkpoint_real_20251016_to_20260213_importance.csv,1,"columns=model,feature,gain,split,gain_share",5b909abc5f818d3a50d15e41298ce533b899115cb02b31fd18424d93640809bc,model_only,unknown,unknown,model_state_only
cutoff_test_likeness,independent_calendar:exp_029;independent_domain:exp_028,unknown,unknown,linked_worktree/independent_calendar/research/domain_01/results/cutoff_test_likeness.csv;linked_worktree/independent_domain/research/domain_01/results/cutoff_test_likeness.csv,unknown,2,"columns=cutoff,n,mean_p_test_like,median_p_test_like,q90_p_test_like,production_rmsle_cal,target_zero_rate,rec_buy_median,inactive_or_no_buy_rate,zero_buy_days_180_rate,mean_days_present_30,mean_tenure_frac",eca2689db23577e1974a147749d18202ffa80158ff7633b6f5b7c2525dbdd2ff;eca2689db23577e1974a147749d18202ffa80158ff7633b6f5b7c2525dbdd2ff,test_only,contains_exact_duplicate_artifacts,unknown,potential_component_only_not_a_recommendation
delta_segments,team_a:exp_039,unknown,unknown,research/strategies/results/BLOCK4_SAF/test_delta_segments.csv,unknown,1,columns=segment|n|mean|std|var|q0|q0.005|q0.01|q0.05|q0.25|q0.5|q0.75|q0.95|q0.99|q0.995|q1,46a7eb4927b58911b1f9dbcc1ab128df1d80ac403c9a57e9481ad77aab1dab61,test_only,unknown,unknown,potential_component_only_not_a_recommendation
domain_oof_probabilities,independent_domain:exp_028,unknown,linked_worktree/independent_domain/artifacts/domain_01/domain_oof_probabilities.parquet,unknown,unknown,1,rows=1020616;row_groups=8;columns=user_id|source_cutoff|domain_test|group_fold|p_d0_linear|p_test_like|p_behavior|p_depth_raw|p_fixed_l180|p_missingness|density_ratio_primary|density_ratio_behavior,03ac15bb335cd6596eef9c85f741e5c8d371425241bbda47ec78bcb19645bf11,oof_only,unknown,unknown,potential_component_only_not_a_recommendation
domain_probabilities,independent_domain:exp_028,unknown,unknown,linked_worktree/independent_domain/artifacts/domain_01/test_domain_probabilities.parquet,unknown,1,rows=250000;row_groups=3;columns=user_id|source_cutoff|domain_test|group_fold|p_d0_linear|p_test_like|p_behavior|p_depth_raw|p_fixed_l180|p_missingness|density_ratio_primary|density_ratio_behavior,23ec7a20af402506b1d3c3c0e919a0426420869de6ab8e5b40cfa02e61a3e7a7,test_only,unknown,unknown,potential_component_only_not_a_recommendation
error_test_likeness_correlations,independent_calendar:exp_029;independent_domain:exp_028,unknown,unknown,linked_worktree/independent_calendar/research/domain_01/results/error_test_likeness_correlations.csv;linked_worktree/independent_domain/research/domain_01/results/error_test_likeness_correlations.csv,unknown,2,"columns=model,quantity,spearman_with_p_test_like,mean_loss_delta",60480ed6651f2c30cae87abdb3a27a7669ae6645e2a834ca6fcd5382c55a19e8;60480ed6651f2c30cae87abdb3a27a7669ae6645e2a834ca6fcd5382c55a19e8,test_only,contains_exact_duplicate_artifacts,unknown,potential_component_only_not_a_recommendation
historical_test_likeness,independent_domain:exp_028,unknown,unknown,linked_worktree/independent_domain/artifacts/domain_01/historical_test_likeness.parquet,unknown,1,rows=770616;row_groups=10;columns=user_id|source_cutoff|domain_test|group_fold|p_d0_linear|p_test_like|p_behavior|p_depth_raw|p_fixed_l180|p_missingness|density_ratio_primary|density_ratio_behavior|weight_primary_t05_clip4|weight_primary_t10_clip4|weight_primary_t10_clip10|weight_behavior_t05_clip4|weight_behavior_t10_clip4,2fd7e5512f8b4c4e78deff1d51052d1a02fb890df87c77a329bc748d27a45243,test_only,unknown,unknown,potential_component_only_not_a_recommendation
k11_latest_fold,independent_anniversary:exp_058;independent_calendar:exp_029;independent_domain:exp_028;independent_global_regime:exp_057;independent_renewal:exp_027;team_a:exp_019,unknown,unknown,research/strategies/results/STRATEGY_01/k11_latest_fold.csv;linked_worktree/independent_anniversary/research/strategies/results/STRATEGY_01/k11_latest_fold.csv;linked_worktree/independent_calendar/research/strategies/results/STRATEGY_01/k11_latest_fold.csv;linked_worktree/independent_domain/research/strategies/results/STRATEGY_01/k11_latest_fold.csv;linked_worktree/independent_global_regime/research/strategies/results/STRATEGY_01/k11_latest_fold.csv;linked_worktree/independent_renewal/research/strategies/results/STRATEGY_01/k11_latest_fold.csv,unknown,6,"columns=probe,requested_gap,actual_gap,seed,rounds,rmsle_cal,bias,delta_e03a_minus_e10;columns=probe|requested_gap|actual_gap|seed|rounds|rmsle_cal|bias|delta_e03a_minus_e10",75da4c5630dcadae7812f73561ce8a69e6d9721c3a0a0d47f2b4fd4c26faeffe;232bd6a30acc8fc9a1f60e87d6c26c65df8db9c3f6bda887f8b28a493dc06f63;232bd6a30acc8fc9a1f60e87d6c26c65df8db9c3f6bda887f8b28a493dc06f63;232bd6a30acc8fc9a1f60e87d6c26c65df8db9c3f6bda887f8b28a493dc06f63;232bd6a30acc8fc9a1f60e87d6c26c65df8db9c3f6bda887f8b28a493dc06f63;232bd6a30acc8fc9a1f60e87d6c26c65df8db9c3f6bda887f8b28a493dc06f63,test_only,contains_exact_duplicate_artifacts,unknown,potential_component_only_not_a_recommendation
latest:latest,unknown,unknown,unknown,пайплайн сокомандника/latest/latest.csv,unknown,1,columns=user_id|predict,7ef5b2c58925bd28c5bc7eb83b9cfd4785c608a0c8b2a6d7a3277730cba8e722,test_only,unknown,unknown,potential_component_only_not_a_recommendation
latest:latest_rebuilt,unknown,unknown,unknown,пайплайн сокомандника/latest/latest_rebuilt.csv,unknown,1,columns=user_id|predict,a9dc2dabdc693cd510c0428c501154898ec11f1e15b0694261471757cae274a1,test_only,unknown,unknown,potential_component_only_not_a_recommendation
latest_reconstructed,team_a:exp_067,unknown,unknown,artifacts/AUTHORITATIVE_LATEST_AUDIT_20260825_160144/latest_reconstructed.csv;artifacts/AUTHORITATIVE_LATEST_AUDIT_20260825_160144_V2/latest_reconstructed.csv,unknown,2,columns=user_id|predict,a9dc2dabdc693cd510c0428c501154898ec11f1e15b0694261471757cae274a1;a9dc2dabdc693cd510c0428c501154898ec11f1e15b0694261471757cae274a1,test_only,contains_exact_duplicate_artifacts,unknown,potential_component_only_not_a_recommendation
likeness_deciles,independent_calendar:exp_029;independent_domain:exp_028,unknown,unknown,linked_worktree/independent_calendar/research/domain_01/results/test_likeness_deciles.csv;linked_worktree/independent_domain/research/domain_01/results/test_likeness_deciles.csv,unknown,2,"columns=p_decile,n,mean_p,production_rmsle,delta_S1-E10,delta_S1-E02,delta_S1-E03a,delta_S1-DIST,delta_S1-ROUNDS,delta_S1-SEEDAVG3,delta_SEQ-01-S42,delta_S1-DIST-MIX,delta_SEQ-MIX-ROUNDS-CONTROL",c108b2fef3c7ec36a8464982c55f670736b596f376f539f763bd04ffdf3593c9;c108b2fef3c7ec36a8464982c55f670736b596f376f539f763bd04ffdf3593c9,test_only,contains_exact_duplicate_artifacts,unknown,potential_component_only_not_a_recommendation
merge,independent_anniversary:exp_058;independent_calendar:exp_029;independent_domain:exp_028;independent_global_regime:exp_057;independent_renewal:exp_027;unknown,unknown,src/merge_oof.py;linked_worktree/independent_anniversary/src/merge_oof.py;linked_worktree/independent_calendar/src/merge_oof.py;linked_worktree/independent_domain/src/merge_oof.py;linked_worktree/independent_global_regime/src/merge_oof.py;linked_worktree/independent_renewal/src/merge_oof.py,unknown,unknown,6,unknown,396ce1851ed31bb6544bb2069d04f62c6b7f821edf77e31d151ae164759e909d;c58a8af1511bb465355f5dd103e0904adf341b74c71e0b34b720b925f4309115;c58a8af1511bb465355f5dd103e0904adf341b74c71e0b34b720b925f4309115;c58a8af1511bb465355f5dd103e0904adf341b74c71e0b34b720b925f4309115;c58a8af1511bb465355f5dd103e0904adf341b74c71e0b34b720b925f4309115;c58a8af1511bb465355f5dd103e0904adf341b74c71e0b34b720b925f4309115,oof_only,contains_exact_duplicate_artifacts,unknown,potential_component_only_not_a_recommendation
model,team_a:exp_056,unknown,unknown,unknown,artifacts/LATE_SSL_EXP056/arms/CONTROL/model.pt;artifacts/LATE_SSL_EXP056/replay/run1/model.pt;artifacts/LATE_SSL_EXP056/replay/run2/model.pt;artifacts/LATE_SSL_EXP056/replay_v2/run1/model.pt;artifacts/LATE_SSL_EXP056/replay_v2/run2/model.pt,5,unknown,12176e225dffebe526b25fd95f18b0eeb0d5831c7af1b34f784c835b4d1f38cf;5b9b0c1a0a4759926a0d5bbe27ada78aa79ff29cc47b4d47d05471b9485de7ff;5b9b0c1a0a4759926a0d5bbe27ada78aa79ff29cc47b4d47d05471b9485de7ff;15afa21e0686a61415bfe55462042fa379153d53706901fcbd67ca89a126d50b;15afa21e0686a61415bfe55462042fa379153d53706901fcbd67ca89a126d50b,model_only,contains_exact_duplicate_artifacts,unknown,model_state_only
pair_s42_conditional_init,component_family:fresh;team_a:exp_044,fresh,unknown,unknown,artifacts/FRESH_COND_FT_EXP044/plans/pair_s42_conditional_init.pt,1,unknown,2a4e1b8c76d50f6459a22537c5984d60057d72a7acb733739c7b3d4c5d6c3b6d,model_only,unknown,unknown,model_state_only
pair_s43_conditional_init,component_family:fresh;team_a:exp_044,fresh,unknown,unknown,artifacts/FRESH_COND_FT_EXP044/plans/pair_s43_conditional_init.pt,1,unknown,77a6de485962c68d20286574a0846c505137d2aab83e9e8bbe53b518799cdaea,model_only,unknown,unknown,model_state_only
pair_s44_conditional_init,component_family:fresh;team_a:exp_044,fresh,unknown,unknown,artifacts/FRESH_COND_FT_EXP044/plans/pair_s44_conditional_init.pt,1,unknown,9ff6668a13e1c8ac5436c3bb116a414b82a3a2d51a518be75807a63188bb10c2,model_only,unknown,unknown,model_state_only
predictions,component_family:ridge;team_a:exp_068;unknown,ridge,artifacts/RECENCY_RIDGE_PRED_EXP068_A1/oof_predictions.npz,research/rmsle_diagnostics/test_predictions.parquet,unknown,2,"arrays=user_id:(0,):int64|fold:(0,):<U10|target:(0,):float64|z_historical:(0,):float64|z_latest:(0,):float64|status:(1,):<U40;rows=250000;row_groups=2;columns=user_id|z_mix|z_cal|z_S1-NORM|z_S1-UNC|z_S1-CAP|z_S1-DIST|rec_buy|rec_any|rec_cart|w30_gmv|w60_gmv|w90_gmv|w180_gmv|w365_gmv|all_gmv|w30_days_buy|w90_days_buy|w180_days_buy|w365_days_buy|w30_days_present|w90_days_present|w180_lgmv_mean|buygap_mean|tenure|w30_searches|w90_searches",c543b9fe7ad3726e59fe895da0c93fd79e51a7214a7c79e8226449b119a2c964;c8580fc937205aa759b2e7b8d9027c350448eb138f68eef3149b82f6b7535f06,oof_and_test,unknown,unknown,potential_component_only_not_a_recommendation
regime_by_activity,component_family:etx;team_a:exp_036,etx,unknown,research/strategies/results/ETX1/test_regime_by_activity.csv,unknown,1,columns=events|share_test|var_test|var_fold|ratio,101f2e4e705d5f7c3cc3e4e07d713b00005b5ea7853d759fa960fc143a28d11a,test_only,unknown,unknown,potential_component_only_not_a_recommendation
regime_check,component_family:etx;team_a:exp_036,etx,unknown,research/strategies/results/ETX1/test_regime_check.csv,unknown,1,columns=pair|kind|oof|test|ratio,29ac87eafb7850a449d61acfcd68aa308cc82307ead80c9defabc51f61a25e3f,test_only,unknown,unknown,potential_component_only_not_a_recommendation
s2_oof_best,team_a_s2:exp_012,unknown,linked_worktree/team_a_s2/artifacts/s2_oof_best.json;linked_worktree/team_a_s2/artifacts/s2_oof_best.npz,unknown,unknown,2,"arrays=user_id:(770616,):int64|cutoff:(770616,):<U10|y:(770616,):float32|n:(770616,):float32|z_K5:(770616,):float32;keys=folds|summary|selected_k|count_mode|hurdle|sigma_scales",4605084519c4b9e855359ca2917d264a420e2ca811be05161f07482cc4368dc6;d2d045ddcc6e5144a6f81c076b07c30f3abeba7934e116db7f5a6ee127ea6d10,oof_only,unknown,unknown,potential_component_only_not_a_recommendation
segments,component_family:seq;independent_anniversary:exp_058;independent_global_regime:exp_057;team_a:exp_025;team_a:exp_028,seq,unknown,research/strategies/results/SEQ3/test_segments.csv;linked_worktree/independent_anniversary/research/strategies/results/SEQ3/test_segments.csv;linked_worktree/independent_global_regime/research/strategies/results/SEQ3/test_segments.csv,unknown,3,"columns=segment,share,C'',A',D,ИТОГО  отправленный -> провалившийся;columns=segment|share|C''|A'|D|ИТОГО  отправленный -> провалившийся",39a190acacefdc800cad92870020bc657af6eb07744ff32a9c773f80d2017c66;6035f61956d20b9e9d5d24625242c2244b1f114a5382cf55381e478878680fdc;6035f61956d20b9e9d5d24625242c2244b1f114a5382cf55381e478878680fdc,test_only,contains_exact_duplicate_artifacts,unknown,potential_component_only_not_a_recommendation
shift,independent_anniversary:exp_058;independent_calendar:exp_029;independent_domain:exp_028;independent_global_regime:exp_057;independent_renewal:exp_027;unknown,unknown,unknown,research/rmsle_diagnostics/diagnostics/test_shift.csv;linked_worktree/independent_anniversary/research/rmsle_diagnostics/diagnostics/test_shift.csv;linked_worktree/independent_calendar/research/rmsle_diagnostics/diagnostics/test_shift.csv;linked_worktree/independent_domain/research/rmsle_diagnostics/diagnostics/test_shift.csv;linked_worktree/independent_global_regime/research/rmsle_diagnostics/diagnostics/test_shift.csv;linked_worktree/independent_renewal/research/rmsle_diagnostics/diagnostics/test_shift.csv,unknown,6,"columns=source,n,mean_z_raw,mean_z,std_z,p10,p25,p50,p75,p90,p99,share_z_lt_05,med_rec_buy,med_w180_days_buy,persist_level,mean_ly,target_over_persist,zero_rate;columns=source|n|mean_z_raw|mean_z|std_z|p10|p25|p50|p75|p90|p99|share_z_lt_05|med_rec_buy|med_w180_days_buy|persist_level|mean_ly|target_over_persist|zero_rate",b9fc9f8a92a16cc61a150556206c4aa71732df223abfd672154684364262fc99;98f57abade6a0581ff0eb937666e5ee0c9ebbeca03727b576edaa08d7931fdf4;98f57abade6a0581ff0eb937666e5ee0c9ebbeca03727b576edaa08d7931fdf4;98f57abade6a0581ff0eb937666e5ee0c9ebbeca03727b576edaa08d7931fdf4;98f57abade6a0581ff0eb937666e5ee0c9ebbeca03727b576edaa08d7931fdf4;98f57abade6a0581ff0eb937666e5ee0c9ebbeca03727b576edaa08d7931fdf4,test_only,contains_exact_duplicate_artifacts,unknown,potential_component_only_not_a_recommendation
snapshot_step_00000,component_family:fresh;team_a:exp_044;team_a:exp_045;unknown,fresh,unknown,unknown,artifacts/BUYCTRL_DET_EXP045/arms/BUYSHUF-S42-V1016/snapshot_step_00000.pt;artifacts/BUYCTRL_DET_EXP045/arms/BUYSHUF-S43-V1016/snapshot_step_00000.pt;artifacts/BUYCTRL_DET_EXP045/arms/BUYSHUF-S44-V1016/snapshot_step_00000.pt;artifacts/BUYCTRL_DET_EXP045/arms/BUYTRUE-S42-V1016/snapshot_step_00000.pt;artifacts/BUYCTRL_DET_EXP045/arms/BUYTRUE-S43-V1016/snapshot_step_00000.pt;artifacts/BUYCTRL_DET_EXP045/arms/BUYTRUE-S44-V1016/snapshot_step_00000.pt;artifacts/DET_PAIR/run1/snapshot_step_00000.pt;artifacts/DET_PAIR/run2/snapshot_step_00000.pt;artifacts/FRESH_COND_FT_EXP044/arms/FT-FRESH-S42-V1016/snapshot_step_00000.pt;artifacts/FRESH_COND_FT_EXP044/arms/FT-FRESH-S43-V1016/snapshot_step_00000.pt;artifacts/FRESH_COND_FT_EXP044/arms/FT-FRESH-S44-V1016/snapshot_step_00000.pt;artifacts/FRESH_COND_FT_EXP044/arms/FT-VOL-S42-V1016/snapshot_step_00000.pt;artifacts/FRESH_COND_FT_EXP044/arms/FT-VOL-S43-V1016/snapshot_step_00000.pt;artifacts/FRESH_COND_FT_EXP044/arms/FT-VOL-S44-V1016/snapshot_step_00000.pt;artifacts/FRESH_COND_FT_EXP044/integration_replay/FT-VOL-S42-run1/snapshot_step_00000.pt;artifacts/FRESH_COND_FT_EXP044/integration_replay/FT-VOL-S42-run2/snapshot_step_00000.pt,16,unknown,440c05cb6b3f0a72472c1979d2aa65dfcb2cf484331dcc8e24710a15fa422d88;bb110ef3c8f9c9ec199c5780dbe11edfe5840ad6ee4a2e4b0519876fa32f7e8b;bf5cb9518571213c079476e9a84e0d7bdff4bf4d34b8541202c101b425d17d4e;440c05cb6b3f0a72472c1979d2aa65dfcb2cf484331dcc8e24710a15fa422d88;bb110ef3c8f9c9ec199c5780dbe11edfe5840ad6ee4a2e4b0519876fa32f7e8b;bf5cb9518571213c079476e9a84e0d7bdff4bf4d34b8541202c101b425d17d4e;f2eecfb4836e90eb0c676272c72293109aecddd246b841a614d66d65456c702f;f2eecfb4836e90eb0c676272c72293109aecddd246b841a614d66d65456c702f;76b9c5b7a24acd276e460845f127388b5d16f2a29f39e7da15c621d560431ee4;d39773e6e4334b8250bb8809a66a8abfe2c5fa3442b7b1a2d36c7107aa0dc80f;2aedb2a3e06ea098a5212d67f6efff5a7215823e01b787254b92aa0f79dcbe15;76b9c5b7a24acd276e460845f127388b5d16f2a29f39e7da15c621d560431ee4;d39773e6e4334b8250bb8809a66a8abfe2c5fa3442b7b1a2d36c7107aa0dc80f;2aedb2a3e06ea098a5212d67f6efff5a7215823e01b787254b92aa0f79dcbe15;76b9c5b7a24acd276e460845f127388b5d16f2a29f39e7da15c621d560431ee4;76b9c5b7a24acd276e460845f127388b5d16f2a29f39e7da15c621d560431ee4,model_only,contains_exact_duplicate_artifacts,unknown,model_state_only
snapshot_step_00001,component_family:fresh;team_a:exp_044;team_a:exp_045;unknown,fresh,unknown,unknown,artifacts/BUYCTRL_DET_EXP045/arms/BUYSHUF-S42-V1016/snapshot_step_00001.pt;artifacts/BUYCTRL_DET_EXP045/arms/BUYSHUF-S43-V1016/snapshot_step_00001.pt;artifacts/BUYCTRL_DET_EXP045/arms/BUYSHUF-S44-V1016/snapshot_step_00001.pt;artifacts/BUYCTRL_DET_EXP045/arms/BUYTRUE-S42-V1016/snapshot_step_00001.pt;artifacts/BUYCTRL_DET_EXP045/arms/BUYTRUE-S43-V1016/snapshot_step_00001.pt;artifacts/BUYCTRL_DET_EXP045/arms/BUYTRUE-S44-V1016/snapshot_step_00001.pt;artifacts/DET_PAIR/run1/snapshot_step_00001.pt;artifacts/DET_PAIR/run2/snapshot_step_00001.pt;artifacts/FRESH_COND_FT_EXP044/arms/FT-FRESH-S42-V1016/snapshot_step_00001.pt;artifacts/FRESH_COND_FT_EXP044/arms/FT-FRESH-S43-V1016/snapshot_step_00001.pt;artifacts/FRESH_COND_FT_EXP044/arms/FT-FRESH-S44-V1016/snapshot_step_00001.pt;artifacts/FRESH_COND_FT_EXP044/arms/FT-VOL-S42-V1016/snapshot_step_00001.pt;artifacts/FRESH_COND_FT_EXP044/arms/FT-VOL-S43-V1016/snapshot_step_00001.pt;artifacts/FRESH_COND_FT_EXP044/arms/FT-VOL-S44-V1016/snapshot_step_00001.pt;artifacts/FRESH_COND_FT_EXP044/integration_replay/FT-VOL-S42-run1/snapshot_step_00001.pt;artifacts/FRESH_COND_FT_EXP044/integration_replay/FT-VOL-S42-run2/snapshot_step_00001.pt,16,unknown,f776cd71a8b7b27401d11373bebf9260c889ff55b6c665fa1470d6c28cb57359;59e2e54332f05c80f1bfcd8b4f1593a820650543c6077bf53683ff97114408cc;04da3b4e2b08c2cdb6a0c4e0c1b0019d21a3139fe7d4defe810b2ca49745136a;18ab83cba7f794ace5f21712a63cb0df1d98e9ae8b41f87cb44f62e17a7a84cf;c24f015c9636e2aad715447b0d246f6948e49ab3c37a78dbc274a66850676215;6a2a7d15a55f9d481eaf77285e5cc786674d46f0d6d3f95885c1cba76626c643;7c03595ad050c423f77164e88b9dc389875c0c88fb5cdfcdbdf1cb5ed1a68015;7c03595ad050c423f77164e88b9dc389875c0c88fb5cdfcdbdf1cb5ed1a68015;c7a96f2eb1c28e7c826d5dbf10da6f9547d09923e3d76b8321d4219b1f4cd459;87ef09528e08beca85ab1ffe6a76bfea24bbd524e961ecf3e0e1399e0cf11a7b;425b6d041c4fe732e8f65d24faa1860c9a70784fa9b58e066da2098690d77b64;adf1ee961a11c2974ca92715f4079adfe0cf3c7b1dc130ab5a5cc93afd813972;164b058ef63d1aaa8f8b146eaa6dec8c643b161ffdca016eecd9e00acddfb67b;35cec2af1f8cc59cfe1fbabe8c1ce002d4bd3b12751041393f144b15ea706541;adf1ee961a11c2974ca92715f4079adfe0cf3c7b1dc130ab5a5cc93afd813972;adf1ee961a11c2974ca92715f4079adfe0cf3c7b1dc130ab5a5cc93afd813972,model_only,contains_exact_duplicate_artifacts,unknown,model_state_only
snapshot_step_00100,component_family:fresh;team_a:exp_044;team_a:exp_045;unknown,fresh,unknown,unknown,artifacts/BUYCTRL_DET_EXP045/arms/BUYSHUF-S42-V1016/snapshot_step_00100.pt;artifacts/BUYCTRL_DET_EXP045/arms/BUYSHUF-S43-V1016/snapshot_step_00100.pt;artifacts/BUYCTRL_DET_EXP045/arms/BUYSHUF-S44-V1016/snapshot_step_00100.pt;artifacts/BUYCTRL_DET_EXP045/arms/BUYTRUE-S42-V1016/snapshot_step_00100.pt;artifacts/BUYCTRL_DET_EXP045/arms/BUYTRUE-S43-V1016/snapshot_step_00100.pt;artifacts/BUYCTRL_DET_EXP045/arms/BUYTRUE-S44-V1016/snapshot_step_00100.pt;artifacts/DET_PAIR/run1/snapshot_step_00100.pt;artifacts/DET_PAIR/run2/snapshot_step_00100.pt;artifacts/FRESH_COND_FT_EXP044/arms/FT-FRESH-S42-V1016/snapshot_step_00100.pt;artifacts/FRESH_COND_FT_EXP044/arms/FT-FRESH-S43-V1016/snapshot_step_00100.pt;artifacts/FRESH_COND_FT_EXP044/arms/FT-FRESH-S44-V1016/snapshot_step_00100.pt;artifacts/FRESH_COND_FT_EXP044/arms/FT-VOL-S42-V1016/snapshot_step_00100.pt;artifacts/FRESH_COND_FT_EXP044/arms/FT-VOL-S43-V1016/snapshot_step_00100.pt;artifacts/FRESH_COND_FT_EXP044/arms/FT-VOL-S44-V1016/snapshot_step_00100.pt;artifacts/FRESH_COND_FT_EXP044/integration_replay/FT-VOL-S42-run1/snapshot_step_00100.pt;artifacts/FRESH_COND_FT_EXP044/integration_replay/FT-VOL-S42-run2/snapshot_step_00100.pt,16,unknown,b40e62974ecb1b1bf65eb4e85df1abc6bc46ad44c00fcdcf7621e8e25780a359;8857ab00ed4b50354f4e76470ff12ed40fb278350487bad0d7177e6efd08b097;e5f734057507521865712f34e09f6b6f976c1c1e950d675075433fc33a620d33;f4defd5238bc365edb748f194c3210148fd04fd29d4a8f41442494d06a3b5cb1;374dd6cf0605dfca0e8af433c9c844363b2a511c49ed2b2fc5a2b046c7574ca7;d74c07c056428e7ed59fd5adb0884f2e35f80cde0826e80a1e6dca5d409880a0;f965dc3bff80d4a6ddda51a749baa135553401a65df7141a4fc0d1ed7388813c;f965dc3bff80d4a6ddda51a749baa135553401a65df7141a4fc0d1ed7388813c;9018556e370a4d30487fcf88425afa5943b9171d557f78e0ac0a72e4caf8147d;d53643de84a38e2b4125b1b5dd2324fa09e547fcd1b76e596a4081e320ac73e0;6b8b6a16d9b04c9aa1be7f2fcd94ea1da73869bab76799f6e6d1c78446d15818;43531ebd8493db42bfd34d55e82ebe982ed0febd48969c310cdfe319773165ec;0366a53de83b8dd1e7510388c86543609850a221951ef4d66e5577048cc37628;9adea5efe1e0b956bc5fa72d11cf42a0d889e122a6d507f67b9b5871e35148c8;43531ebd8493db42bfd34d55e82ebe982ed0febd48969c310cdfe319773165ec;43531ebd8493db42bfd34d55e82ebe982ed0febd48969c310cdfe319773165ec,model_only,contains_exact_duplicate_artifacts,unknown,model_state_only
snapshot_step_01000,component_family:fresh;team_a:exp_044;team_a:exp_045;unknown,fresh,unknown,unknown,artifacts/BUYCTRL_DET_EXP045/arms/BUYSHUF-S42-V1016/snapshot_step_01000.pt;artifacts/BUYCTRL_DET_EXP045/arms/BUYSHUF-S43-V1016/snapshot_step_01000.pt;artifacts/BUYCTRL_DET_EXP045/arms/BUYSHUF-S44-V1016/snapshot_step_01000.pt;artifacts/BUYCTRL_DET_EXP045/arms/BUYTRUE-S42-V1016/snapshot_step_01000.pt;artifacts/BUYCTRL_DET_EXP045/arms/BUYTRUE-S43-V1016/snapshot_step_01000.pt;artifacts/BUYCTRL_DET_EXP045/arms/BUYTRUE-S44-V1016/snapshot_step_01000.pt;artifacts/DET_PAIR/run1/snapshot_step_01000.pt;artifacts/DET_PAIR/run2/snapshot_step_01000.pt;artifacts/FRESH_COND_FT_EXP044/arms/FT-FRESH-S42-V1016/snapshot_step_01000.pt;artifacts/FRESH_COND_FT_EXP044/arms/FT-FRESH-S43-V1016/snapshot_step_01000.pt;artifacts/FRESH_COND_FT_EXP044/arms/FT-FRESH-S44-V1016/snapshot_step_01000.pt;artifacts/FRESH_COND_FT_EXP044/arms/FT-VOL-S42-V1016/snapshot_step_01000.pt;artifacts/FRESH_COND_FT_EXP044/arms/FT-VOL-S43-V1016/snapshot_step_01000.pt;artifacts/FRESH_COND_FT_EXP044/arms/FT-VOL-S44-V1016/snapshot_step_01000.pt,14,unknown,6ee61c3bb61854de51cf76c55b6632510c5b176956e56b1fd051f56ca238e479;4d1a5f876a653e7e92db59f5ee14e1e75e847d9e0b618bcf743fc32d3a16760a;139af96cd0c8fdc84570191fc71815773bb2d3d456d808a61edef481a08ea1a4;f066181f41af7a0eb8c6245d0475fb2a6578a64bfc050c3664b5fff0b6a1ed87;8fc2c5be4d5b0c468fdbd57bc3a5105f6854a9ca818313041a7a10ccfd3d2610;bb01a7da9e8fcf740e98aff68d83939adff11014a2411b82fac365c9406f4b7b;754f948508eb8ed81a911e930e5e85946a734b44cd282641ce58db1a2aa9313a;754f948508eb8ed81a911e930e5e85946a734b44cd282641ce58db1a2aa9313a;3511b3bb645d0110b984ac19e0482bf94e8d44302f4710502badf5c7713b9f0a;319293e772558929e2f23edb932e7bfe8851a8c67e8d59653c1f7f72295a26f6;39fb1b551cb260902eaf207b38b00ed4500ffa405c72216f2312f0e00b1ff4c8;434dd78cada058d55b4265aaac4961ad49aea4ba571d8f8b914155649dc6c2d3;6af3520730cd82c22511136ccf51bec434109b67fb1f974657b015d95b676c65;0b99334175f7cf30992d5938f3b9260da8047473094aec79be9dbb3cc0d996d9,model_only,contains_exact_duplicate_artifacts,unknown,model_state_only
snapshot_step_02421,component_family:fresh;team_a:exp_044,fresh,unknown,unknown,artifacts/FRESH_COND_FT_EXP044/arms/FT-FRESH-S42-V1016/snapshot_step_02421.pt;artifacts/FRESH_COND_FT_EXP044/arms/FT-FRESH-S43-V1016/snapshot_step_02421.pt;artifacts/FRESH_COND_FT_EXP044/arms/FT-FRESH-S44-V1016/snapshot_step_02421.pt;artifacts/FRESH_COND_FT_EXP044/arms/FT-VOL-S42-V1016/snapshot_step_02421.pt;artifacts/FRESH_COND_FT_EXP044/arms/FT-VOL-S43-V1016/snapshot_step_02421.pt;artifacts/FRESH_COND_FT_EXP044/arms/FT-VOL-S44-V1016/snapshot_step_02421.pt,6,unknown,2eec2ba0ce9faf21cef154b0f680773eb08486837d95529e26cd52d2d359b552;46d4bdfbfc1b0a11b3ee5831a78bb94744d3e41a2d539a89fc7df3d9537ca0e8;b075cf875df3a78e7a0c269e557ef7f195f6e4e2028a7bac5f4614a82784b175;7bb887313f44503a498fe1637609b623c54083b49dea5cde42786e083f0ac6cc;41988457262e3d228f84fded21731397546719d9e8177b4e512695a7683ac920;35fd87acac0e76e914defbc24cb47d3b0439ddaab51549809ab97d9b88fa4cb9,model_only,unknown,unknown,model_state_only
snapshot_step_04842,component_family:fresh;team_a:exp_044;team_a:exp_045;unknown,fresh,unknown,unknown,artifacts/BUYCTRL_DET_EXP045/arms/BUYSHUF-S42-V1016/snapshot_step_04842.pt;artifacts/BUYCTRL_DET_EXP045/arms/BUYSHUF-S43-V1016/snapshot_step_04842.pt;artifacts/BUYCTRL_DET_EXP045/arms/BUYSHUF-S44-V1016/snapshot_step_04842.pt;artifacts/BUYCTRL_DET_EXP045/arms/BUYTRUE-S42-V1016/snapshot_step_04842.pt;artifacts/BUYCTRL_DET_EXP045/arms/BUYTRUE-S43-V1016/snapshot_step_04842.pt;artifacts/BUYCTRL_DET_EXP045/arms/BUYTRUE-S44-V1016/snapshot_step_04842.pt;artifacts/DET_PAIR/run1/snapshot_step_04842.pt;artifacts/DET_PAIR/run2/snapshot_step_04842.pt;artifacts/FRESH_COND_FT_EXP044/arms/FT-FRESH-S42-V1016/snapshot_step_04842.pt;artifacts/FRESH_COND_FT_EXP044/arms/FT-FRESH-S43-V1016/snapshot_step_04842.pt;artifacts/FRESH_COND_FT_EXP044/arms/FT-FRESH-S44-V1016/snapshot_step_04842.pt;artifacts/FRESH_COND_FT_EXP044/arms/FT-VOL-S42-V1016/snapshot_step_04842.pt;artifacts/FRESH_COND_FT_EXP044/arms/FT-VOL-S43-V1016/snapshot_step_04842.pt;artifacts/FRESH_COND_FT_EXP044/arms/FT-VOL-S44-V1016/snapshot_step_04842.pt,14,unknown,1d2d997768f71a2547b5c0d55c96a6a1d39dffd3b226382d00ce7e50618a1df2;bcda60f653384a2e5bc7285ab6c4b316acb555f11dac2922c6520a1d96d96360;1d6dfd882250e194edd16be98cbd23f9da248477c6af4ec4d95aa80085a4e306;8a211becd4649e899cbdf9a87770d125cdde70a3a4968dd6526b135122c023df;2ffe4691e39ef0e5a6e6af3dac102eaea76829ce1741b6f3fc16d9c3352a23b5;3bb8df62b15aefd8ff049f5402c931714d3beec592e051a55b8f9c071a196966;808853ab6f658b25be4eefe3e2af19a41ff7eecbb46826457eb912b67bf14ed7;808853ab6f658b25be4eefe3e2af19a41ff7eecbb46826457eb912b67bf14ed7;66971687b9537f7b70b205a909fc53c4c3d539831ddf2e16554df7e20b9386bf;c793e171f15ef0a324366b14d2a2ccd81dc295de045efb7975b1c6be0e831644;d4719d4dabb5741464161817fb9afe31661b398d4899f511d06b0407ced1f36f;197e13178a9fece50915a6364f738c1d5cd8f600a12d782f37ef1448cafa99b5;928da9cd2185fab3d5ae5db216739d4704d1b93869c40ae8b660f5c24a9d4789;75904c229a93606954f446a37103b631d98ced8dc2a4a8b037f4215415239088,model_only,contains_exact_duplicate_artifacts,unknown,model_state_only
snapshot_step_09684,team_a:exp_045,unknown,unknown,unknown,artifacts/BUYCTRL_DET_EXP045/arms/BUYSHUF-S42-V1016/snapshot_step_09684.pt;artifacts/BUYCTRL_DET_EXP045/arms/BUYSHUF-S43-V1016/snapshot_step_09684.pt;artifacts/BUYCTRL_DET_EXP045/arms/BUYSHUF-S44-V1016/snapshot_step_09684.pt;artifacts/BUYCTRL_DET_EXP045/arms/BUYTRUE-S42-V1016/snapshot_step_09684.pt;artifacts/BUYCTRL_DET_EXP045/arms/BUYTRUE-S43-V1016/snapshot_step_09684.pt;artifacts/BUYCTRL_DET_EXP045/arms/BUYTRUE-S44-V1016/snapshot_step_09684.pt,6,unknown,06707412e1b061a9fff9dbbe79c74b15b7c965b7bb50f7c88fda2c63342b51ce;1b8ad06af41c2a35f9482753a1ed380665c2ac00778a608789e6bc73b72e5097;e5bf64689a217488313273c93007545e35684ea13947c33abdf840e60ea94186;c68769bc51ba01b0d917b3bdb22fe5dab91b672a689aa5be78d3aa02771b7e3f;774ba0a5e3f63a05642658d7163a725c796b48c03669c66db388fa0d10c7e47d;3d9321781d86fa8af3c602e9e7efc8c059534e8ea708d4578055129354d48ffc,model_only,unknown,unknown,model_state_only
snapshot_step_14526,team_a:exp_045,unknown,unknown,unknown,artifacts/BUYCTRL_DET_EXP045/arms/BUYSHUF-S42-V1016/snapshot_step_14526.pt;artifacts/BUYCTRL_DET_EXP045/arms/BUYSHUF-S43-V1016/snapshot_step_14526.pt;artifacts/BUYCTRL_DET_EXP045/arms/BUYSHUF-S44-V1016/snapshot_step_14526.pt;artifacts/BUYCTRL_DET_EXP045/arms/BUYTRUE-S42-V1016/snapshot_step_14526.pt;artifacts/BUYCTRL_DET_EXP045/arms/BUYTRUE-S43-V1016/snapshot_step_14526.pt;artifacts/BUYCTRL_DET_EXP045/arms/BUYTRUE-S44-V1016/snapshot_step_14526.pt,6,unknown,0a6f071c075d1d560d196af21734be7a20bc204ff09b6457f323da01fa450781;fed343d77c99271fb23f8fac7bd7239c33f205d9c1d3fa8c079b679b0f97d60e;fff7adb7207ed3bec44d0dc3b2c052616db0cf96bb9b2e59bbebbdadf258c515;62844571f1b2ad8eaa0f111502a06523220931845a17036bd6aea9c14265d956;99d6e944e0e5c24f64c6de9b6d2080b9285ca329b38af04d52c32976e01f14fc;19022b48fcc96a6f26ae34d1d71b220b7b03543c9060f8564b64872d21d25bd6,model_only,unknown,unknown,model_state_only
snapshot_step_19368,team_a:exp_045,unknown,unknown,unknown,artifacts/BUYCTRL_DET_EXP045/arms/BUYSHUF-S42-V1016/snapshot_step_19368.pt;artifacts/BUYCTRL_DET_EXP045/arms/BUYSHUF-S43-V1016/snapshot_step_19368.pt;artifacts/BUYCTRL_DET_EXP045/arms/BUYSHUF-S44-V1016/snapshot_step_19368.pt;artifacts/BUYCTRL_DET_EXP045/arms/BUYTRUE-S42-V1016/snapshot_step_19368.pt;artifacts/BUYCTRL_DET_EXP045/arms/BUYTRUE-S43-V1016/snapshot_step_19368.pt;artifacts/BUYCTRL_DET_EXP045/arms/BUYTRUE-S44-V1016/snapshot_step_19368.pt,6,unknown,a5ee0de39d815ccf05afd04c1f08eb81623e66b10e20304ddc51cf6b5b6839ef;c39c1b948073fad5e63020614d4899af3b6291f5ca545b8b4ba2c6fa0d03d9e8;efadd83f443ceabec57facfcb00717ed8e3c9a1081de1a2bc1c7f1c6b37e5b6b;e88071478fdd2b288aa18f5d0d513657ef5a959bac4050e4d04d5b1a842d4d9f;f8f698df64ae026c3df8b0e152f6207db548c0e1141f93e01147928fffa46d45;4af031ab40ce897e155d89ffbacc4bd98adfa836f5211f726f0a5ea73d2a917b,model_only,unknown,unknown,model_state_only
status,team_a:exp_067,unknown,research/strategies/results/AUTHORITATIVE_LATEST_AUDIT_20260825_160144/oof_status.json;research/strategies/results/AUTHORITATIVE_LATEST_AUDIT_20260825_160144_V2/oof_status.json,unknown,unknown,2,keys=CANONICAL_OOF|components|native_second_line_diagnostics_promoted_to_project_wcv|oof_latest_canonical_created|project_wcv_computed|required_fold_sizes|required_folds|segments_computed|stacking_leakage_status|summary_validation_csvs_are_canonical_oof|training_target_leakage_status,da064e2c72fff080e1be56cdd1d645abaf78629dcacc0de04fe6818cfce255b5;1f064718c70971be8a3d4290ef7437ef4fd23086a102f98f190e9b1e0768a965,oof_only,unknown,unknown,potential_component_only_not_a_recommendation
strongest_oof_replay,independent_global_regime:exp_057,unknown,linked_worktree/independent_global_regime/artifacts/GLOBAL_REGIME_OCC_EXP057/strongest_oof_replay.json,unknown,unknown,1,keys=folds|wcv_cal|wcv_raw|fold_cal,33b91267375b21609dff7f72ca2384fc60a7341000eff28ba586105e32336b07,oof_only,unknown,unknown,potential_component_only_not_a_recommendation
tier_a_fixed_mix,component_family:mix;independent_anniversary:exp_058;independent_calendar:exp_029;independent_domain:exp_028;independent_global_regime:exp_057;independent_renewal:exp_027,mix,research/strategies/results/tier_a_fixed_mix_oof.csv;linked_worktree/independent_anniversary/research/strategies/results/tier_a_fixed_mix_oof.csv;linked_worktree/independent_calendar/research/strategies/results/tier_a_fixed_mix_oof.csv;linked_worktree/independent_domain/research/strategies/results/tier_a_fixed_mix_oof.csv;linked_worktree/independent_global_regime/research/strategies/results/tier_a_fixed_mix_oof.csv;linked_worktree/independent_renewal/research/strategies/results/tier_a_fixed_mix_oof.csv,unknown,unknown,6,"columns=config,wcv,fold_0904,fold_0918,fold_1002,fold_1016,oof_cal,mean_z;columns=config|wcv|fold_0904|fold_0918|fold_1002|fold_1016|oof_cal|mean_z",53009f78d674a3c5261035315590d6ac8ed9c7afea70c97dea8f5f0377e48b75;faf86a75ff20cfbc6f12ec0f9cee31a440ace5e899d77a59e6c5359fc49eadd7;faf86a75ff20cfbc6f12ec0f9cee31a440ace5e899d77a59e6c5359fc49eadd7;faf86a75ff20cfbc6f12ec0f9cee31a440ace5e899d77a59e6c5359fc49eadd7;faf86a75ff20cfbc6f12ec0f9cee31a440ace5e899d77a59e6c5359fc49eadd7;faf86a75ff20cfbc6f12ec0f9cee31a440ace5e899d77a59e6c5359fc49eadd7,oof_only,contains_exact_duplicate_artifacts,unknown,potential_component_only_not_a_recommendation
