audit_index,cutoff,panel_blocks,user_id,fast_target,fast_N30,slow_target,slow_N30,target_abs_error,target_match,N30_match,feature_window_end,target_window_start,target_window_end,feature_target_nonoverlap
0,2025-09-04,3,146096,0.0,0,0.0,0,0.0,True,True,2025-09-04,2025-09-05,2025-10-04,True
1,2025-05-01,1,356679,0.0,0,0.0,0,0.0,True,True,2025-05-01,2025-05-02,2025-05-31,True
2,2025-08-21,1,770230,17.9949303527477,1,17.9949303527477,1,0.0,True,True,2025-08-21,2025-08-22,2025-09-20,True
3,2025-04-10,1,525035,12.1162220210489,1,12.1162220210489,1,0.0,True,True,2025-04-10,2025-04-11,2025-05-10,True
4,2025-06-26,1,165413,210.7523935234001,2,210.7523935234001,2,0.0,True,True,2025-06-26,2025-06-27,2025-07-26,True
5,2025-04-24,1,110525,0.0,0,0.0,0,0.0,True,True,2025-04-24,2025-04-25,2025-05-24,True
6,2025-09-18,3,804624,0.0,0,0.0,0,0.0,True,True,2025-09-18,2025-09-19,2025-10-18,True
7,2025-06-19,1,465695,47.677403394559704,3,47.677403394559704,3,0.0,True,True,2025-06-19,2025-06-20,2025-07-19,True
8,2025-04-10,1,568066,0.0,0,0.0,0,0.0,True,True,2025-04-10,2025-04-11,2025-05-10,True
9,2025-07-31,1,483209,0.0,0,0.0,0,0.0,True,True,2025-07-31,2025-08-01,2025-08-30,True
10,2025-04-10,1,114897,0.0,0,0.0,0,0.0,True,True,2025-04-10,2025-04-11,2025-05-10,True
11,2025-07-10,1,602211,0.0,0,0.0,0,0.0,True,True,2025-07-10,2025-07-11,2025-08-09,True
12,2025-09-04,3,63861,18.78346777226802,2,18.78346777226802,2,0.0,True,True,2025-09-04,2025-09-05,2025-10-04,True
13,2025-06-12,1,109316,0.0,0,0.0,0,0.0,True,True,2025-06-12,2025-06-13,2025-07-12,True
14,2025-04-17,1,494067,0.0,0,0.0,0,0.0,True,True,2025-04-17,2025-04-18,2025-05-17,True
15,2025-05-08,1,853331,135.00104217778392,3,135.00104217778392,3,0.0,True,True,2025-05-08,2025-05-09,2025-06-07,True
16,2025-05-29,1,192529,975.3821956490508,7,975.3821956490508,7,0.0,True,True,2025-05-29,2025-05-30,2025-06-28,True
17,2025-06-05,1,359018,0.0,0,0.0,0,0.0,True,True,2025-06-05,2025-06-06,2025-07-05,True
18,2025-05-29,1,682296,0.0,0,0.0,0,0.0,True,True,2025-05-29,2025-05-30,2025-06-28,True
19,2025-05-01,1,114859,30.09406257860928,3,30.09406257860928,3,0.0,True,True,2025-05-01,2025-05-02,2025-05-31,True
20,2025-05-01,1,236562,40.25554568601401,5,40.25554568601401,5,0.0,True,True,2025-05-01,2025-05-02,2025-05-31,True
21,2025-07-17,1,449079,0.0,0,0.0,0,0.0,True,True,2025-07-17,2025-07-18,2025-08-16,True
22,2025-04-17,1,317447,11.5557447818743,1,11.5557447818743,1,0.0,True,True,2025-04-17,2025-04-18,2025-05-17,True
23,2025-05-01,1,796749,35.5339936265496,1,35.5339936265496,1,0.0,True,True,2025-05-01,2025-05-02,2025-05-31,True
24,2025-04-24,1,718510,415.8570734379103,4,415.85707343791034,4,5.684341886080802e-14,True,True,2025-04-24,2025-04-25,2025-05-24,True
25,2025-08-21,1,688932,0.0,0,0.0,0,0.0,True,True,2025-08-21,2025-08-22,2025-09-20,True
26,2025-09-11,1,234777,8.66825898075119,1,8.66825898075119,1,0.0,True,True,2025-09-11,2025-09-12,2025-10-11,True
27,2025-07-24,1,639164,523.2912518334718,3,523.2912518334717,3,1.1368683772161603e-13,True,True,2025-07-24,2025-07-25,2025-08-23,True
28,2025-04-03,1,80271,22.1861048733692,1,22.1861048733692,1,0.0,True,True,2025-04-03,2025-04-04,2025-05-03,True
29,2025-07-03,1,831297,11.6108807171676,1,11.6108807171676,1,0.0,True,True,2025-07-03,2025-07-04,2025-08-02,True
30,2025-07-17,1,872890,0.0,0,0.0,0,0.0,True,True,2025-07-17,2025-07-18,2025-08-16,True
31,2025-06-19,1,463248,509.1832460732463,5,509.1832460732463,5,0.0,True,True,2025-06-19,2025-06-20,2025-07-19,True
32,2025-04-03,1,599989,0.0,0,0.0,0,0.0,True,True,2025-04-03,2025-04-04,2025-05-03,True
33,2025-04-10,1,763805,10.6864606283432,1,10.6864606283432,1,0.0,True,True,2025-04-10,2025-04-11,2025-05-10,True
34,2025-09-04,1,665065,0.0,0,0.0,0,0.0,True,True,2025-09-04,2025-09-05,2025-10-04,True
35,2025-06-05,1,172940,41.916240159228025,2,41.916240159228025,2,0.0,True,True,2025-06-05,2025-06-06,2025-07-05,True
36,2025-05-01,1,502736,0.0,0,0.0,0,0.0,True,True,2025-05-01,2025-05-02,2025-05-31,True
37,2025-08-14,1,621060,11.7920236984385,1,11.7920236984385,1,0.0,True,True,2025-08-14,2025-08-15,2025-09-13,True
38,2025-08-07,1,64488,0.0,0,0.0,0,0.0,True,True,2025-08-07,2025-08-08,2025-09-06,True
39,2025-06-19,1,735183,10.4832888830402,1,10.4832888830402,1,0.0,True,True,2025-06-19,2025-06-20,2025-07-19,True
40,2025-07-17,1,493590,0.0,0,0.0,0,0.0,True,True,2025-07-17,2025-07-18,2025-08-16,True
41,2025-06-19,1,619240,37.45191883758702,2,37.45191883758702,2,0.0,True,True,2025-06-19,2025-06-20,2025-07-19,True
42,2025-07-17,1,346417,119.6028683553767,3,119.6028683553767,3,0.0,True,True,2025-07-17,2025-07-18,2025-08-16,True
43,2025-08-28,1,535196,23.331216638032203,2,23.331216638032203,2,0.0,True,True,2025-08-28,2025-08-29,2025-09-27,True
44,2025-07-31,1,585586,0.0,0,0.0,0,0.0,True,True,2025-07-31,2025-08-01,2025-08-30,True
45,2025-06-19,1,662044,0.0,0,0.0,0,0.0,True,True,2025-06-19,2025-06-20,2025-07-19,True
46,2025-07-24,1,794365,913.742040546017,11,913.742040546017,11,0.0,True,True,2025-07-24,2025-07-25,2025-08-23,True
47,2025-09-18,3,215434,33.14879031606253,3,33.14879031606253,3,0.0,True,True,2025-09-18,2025-09-19,2025-10-18,True
48,2025-07-10,1,427788,158.4918268760509,3,158.4918268760509,3,0.0,True,True,2025-07-10,2025-07-11,2025-08-09,True
49,2025-07-10,1,573667,93.14372718510998,8,93.14372718510998,8,0.0,True,True,2025-07-10,2025-07-11,2025-08-09,True
50,2025-04-10,1,104415,755.627275238937,7,755.627275238937,7,0.0,True,True,2025-04-10,2025-04-11,2025-05-10,True
51,2025-05-22,1,474031,0.0,0,0.0,0,0.0,True,True,2025-05-22,2025-05-23,2025-06-21,True
52,2025-07-31,1,121989,0.0,0,0.0,0,0.0,True,True,2025-07-31,2025-08-01,2025-08-30,True
53,2025-07-17,1,546638,0.0,0,0.0,0,0.0,True,True,2025-07-17,2025-07-18,2025-08-16,True
54,2025-04-10,1,32460,109.60509139826961,2,109.60509139826961,2,0.0,True,True,2025-04-10,2025-04-11,2025-05-10,True
55,2025-06-26,1,481774,0.0,0,0.0,0,0.0,True,True,2025-06-26,2025-06-27,2025-07-26,True
56,2025-07-24,1,400094,75.4090100591601,1,75.4090100591601,1,0.0,True,True,2025-07-24,2025-07-25,2025-08-23,True
57,2025-07-31,1,742831,0.0,0,0.0,0,0.0,True,True,2025-07-31,2025-08-01,2025-08-30,True
58,2025-06-05,1,904922,0.0,0,0.0,0,0.0,True,True,2025-06-05,2025-06-06,2025-07-05,True
59,2025-09-04,3,599541,26.35672308041982,2,26.35672308041982,2,0.0,True,True,2025-09-04,2025-09-05,2025-10-04,True
60,2025-08-14,1,46671,0.0,0,0.0,0,0.0,True,True,2025-08-14,2025-08-15,2025-09-13,True
61,2025-06-12,1,503102,0.0,0,0.0,0,0.0,True,True,2025-06-12,2025-06-13,2025-07-12,True
62,2025-07-31,1,830185,0.0,0,0.0,0,0.0,True,True,2025-07-31,2025-08-01,2025-08-30,True
63,2025-05-08,1,244070,0.0,0,0.0,0,0.0,True,True,2025-05-08,2025-05-09,2025-06-07,True
64,2025-05-29,1,881930,111.2803872529841,4,111.2803872529841,4,0.0,True,True,2025-05-29,2025-05-30,2025-06-28,True
65,2025-05-22,1,414899,0.0,0,0.0,0,0.0,True,True,2025-05-22,2025-05-23,2025-06-21,True
66,2025-04-24,1,263472,0.0,0,0.0,0,0.0,True,True,2025-04-24,2025-04-25,2025-05-24,True
67,2025-09-04,1,604957,0.0,0,0.0,0,0.0,True,True,2025-09-04,2025-09-05,2025-10-04,True
68,2025-06-05,1,540050,273.3345276586222,7,273.3345276586223,7,5.684341886080802e-14,True,True,2025-06-05,2025-06-06,2025-07-05,True
69,2025-10-02,3,872361,0.0,0,0.0,0,0.0,True,True,2025-10-02,2025-10-03,2025-11-01,True
70,2025-08-07,1,630020,11.0305902368402,1,11.0305902368402,1,0.0,True,True,2025-08-07,2025-08-08,2025-09-06,True
71,2025-08-14,1,16913,0.0,0,0.0,0,0.0,True,True,2025-08-14,2025-08-15,2025-09-13,True
72,2025-07-10,1,805151,0.0,0,0.0,0,0.0,True,True,2025-07-10,2025-07-11,2025-08-09,True
73,2025-04-17,1,408540,0.0,0,0.0,0,0.0,True,True,2025-04-17,2025-04-18,2025-05-17,True
74,2025-04-03,1,335851,0.0,0,0.0,0,0.0,True,True,2025-04-03,2025-04-04,2025-05-03,True
75,2025-04-24,1,423165,85.5164493312259,2,85.5164493312259,2,0.0,True,True,2025-04-24,2025-04-25,2025-05-24,True
76,2025-08-14,1,331800,0.0,0,0.0,0,0.0,True,True,2025-08-14,2025-08-15,2025-09-13,True
77,2025-07-17,1,55120,0.0,0,0.0,0,0.0,True,True,2025-07-17,2025-07-18,2025-08-16,True
78,2025-06-26,1,570757,14.7898029540724,1,14.7898029540724,1,0.0,True,True,2025-06-26,2025-06-27,2025-07-26,True
79,2025-07-10,1,566074,0.0,0,0.0,0,0.0,True,True,2025-07-10,2025-07-11,2025-08-09,True
80,2025-07-17,1,811253,264.90956788067086,2,264.90956788067086,2,0.0,True,True,2025-07-17,2025-07-18,2025-08-16,True
81,2025-04-03,1,205272,462.1671917280893,8,462.16719172808934,8,5.684341886080802e-14,True,True,2025-04-03,2025-04-04,2025-05-03,True
82,2025-09-04,3,157138,14.493638555045,1,14.493638555045,1,0.0,True,True,2025-09-04,2025-09-05,2025-10-04,True
83,2025-09-04,1,115182,500.0312024956996,4,500.0312024956995,4,5.684341886080802e-14,True,True,2025-09-04,2025-09-05,2025-10-04,True
84,2025-04-24,1,882382,216.414423548786,6,216.41442354878598,6,2.842170943040401e-14,True,True,2025-04-24,2025-04-25,2025-05-24,True
85,2025-07-24,1,178512,0.0,0,0.0,0,0.0,True,True,2025-07-24,2025-07-25,2025-08-23,True
86,2025-04-17,1,669594,66.8930185438891,1,66.8930185438891,1,0.0,True,True,2025-04-17,2025-04-18,2025-05-17,True
87,2025-06-05,1,407782,0.0,0,0.0,0,0.0,True,True,2025-06-05,2025-06-06,2025-07-05,True
88,2025-09-04,3,848726,9.67781010662318,1,9.67781010662318,1,0.0,True,True,2025-09-04,2025-09-05,2025-10-04,True
89,2025-08-21,1,278219,0.0,0,0.0,0,0.0,True,True,2025-08-21,2025-08-22,2025-09-20,True
90,2025-07-17,1,82253,0.0,0,0.0,0,0.0,True,True,2025-07-17,2025-07-18,2025-08-16,True
91,2025-05-15,1,699150,109.47537957787812,4,109.4753795778781,4,1.4210854715202004e-14,True,True,2025-05-15,2025-05-16,2025-06-14,True
92,2025-06-26,1,589590,0.0,0,0.0,0,0.0,True,True,2025-06-26,2025-06-27,2025-07-26,True
93,2025-04-10,1,267993,86.2239121818712,1,86.2239121818712,1,0.0,True,True,2025-04-10,2025-04-11,2025-05-10,True
94,2025-07-24,1,430296,193.97288147119033,4,193.97288147119036,4,2.842170943040401e-14,True,True,2025-07-24,2025-07-25,2025-08-23,True
95,2025-05-22,1,54568,40.69444848431892,3,40.69444848431892,3,0.0,True,True,2025-05-22,2025-05-23,2025-06-21,True
96,2025-04-24,1,56480,0.0,0,0.0,0,0.0,True,True,2025-04-24,2025-04-25,2025-05-24,True
97,2025-07-17,1,87259,0.0,0,0.0,0,0.0,True,True,2025-07-17,2025-07-18,2025-08-16,True
98,2025-09-18,3,374912,15.7047734015493,1,15.7047734015493,1,0.0,True,True,2025-09-18,2025-09-19,2025-10-18,True
99,2025-08-21,1,402519,0.0,0,0.0,0,0.0,True,True,2025-08-21,2025-08-22,2025-09-20,True
100,2025-06-12,1,641853,411.3327672137518,4,411.3327672137518,4,0.0,True,True,2025-06-12,2025-06-13,2025-07-12,True
101,2025-06-05,1,450423,79.8318869808251,5,79.83188698082512,5,1.4210854715202004e-14,True,True,2025-06-05,2025-06-06,2025-07-05,True
102,2025-04-17,1,148821,0.0,0,0.0,0,0.0,True,True,2025-04-17,2025-04-18,2025-05-17,True
103,2025-04-03,1,787112,0.0,0,0.0,0,0.0,True,True,2025-04-03,2025-04-04,2025-05-03,True
104,2025-06-05,1,547701,0.0,0,0.0,0,0.0,True,True,2025-06-05,2025-06-06,2025-07-05,True
105,2025-07-03,1,364611,19.857689742665052,2,19.857689742665052,2,0.0,True,True,2025-07-03,2025-07-04,2025-08-02,True
106,2025-04-03,1,379603,5.62496288766249,1,5.62496288766249,1,0.0,True,True,2025-04-03,2025-04-04,2025-05-03,True
107,2025-04-03,1,689891,0.0,0,0.0,0,0.0,True,True,2025-04-03,2025-04-04,2025-05-03,True
108,2025-07-17,1,607876,13.7526288140878,1,13.7526288140878,1,0.0,True,True,2025-07-17,2025-07-18,2025-08-16,True
109,2025-05-08,1,859185,44.085936678302005,2,44.085936678302005,2,0.0,True,True,2025-05-08,2025-05-09,2025-06-07,True
110,2025-08-14,1,592457,15.534403830183681,3,15.534403830183681,3,0.0,True,True,2025-08-14,2025-08-15,2025-09-13,True
111,2025-08-07,1,74841,123.02139581237665,4,123.02139581237665,4,0.0,True,True,2025-08-07,2025-08-08,2025-09-06,True
112,2025-08-28,1,606347,341.0387141920983,2,341.0387141920983,2,0.0,True,True,2025-08-28,2025-08-29,2025-09-27,True
113,2025-10-16,3,773399,7.33387666798876,1,7.33387666798876,1,0.0,True,True,2025-10-16,2025-10-17,2025-11-15,True
114,2025-06-05,1,313945,52.2638264854454,3,52.2638264854454,3,0.0,True,True,2025-06-05,2025-06-06,2025-07-05,True
115,2025-07-31,1,603393,0.0,0,0.0,0,0.0,True,True,2025-07-31,2025-08-01,2025-08-30,True
116,2025-07-10,1,688755,96.03080849355233,2,96.03080849355233,2,0.0,True,True,2025-07-10,2025-07-11,2025-08-09,True
117,2025-08-07,1,129011,655.141074997892,10,655.141074997892,10,0.0,True,True,2025-08-07,2025-08-08,2025-09-06,True
118,2025-10-16,3,53634,34.5494546123853,1,34.5494546123853,1,0.0,True,True,2025-10-16,2025-10-17,2025-11-15,True
119,2025-08-07,1,123354,27.53656853383295,2,27.53656853383295,2,0.0,True,True,2025-08-07,2025-08-08,2025-09-06,True
120,2025-07-24,1,574293,0.0,0,0.0,0,0.0,True,True,2025-07-24,2025-07-25,2025-08-23,True
121,2025-04-17,1,168449,144.3584713358489,3,144.3584713358489,3,0.0,True,True,2025-04-17,2025-04-18,2025-05-17,True
122,2025-07-10,1,81527,873.9515571602225,5,873.9515571602226,5,1.1368683772161603e-13,True,True,2025-07-10,2025-07-11,2025-08-09,True
123,2025-08-14,1,546394,0.0,0,0.0,0,0.0,True,True,2025-08-14,2025-08-15,2025-09-13,True
124,2025-08-28,1,894978,174.106879101333,1,174.106879101333,1,0.0,True,True,2025-08-28,2025-08-29,2025-09-27,True
125,2025-08-21,1,741345,495.7564648156208,6,495.7564648156208,6,0.0,True,True,2025-08-21,2025-08-22,2025-09-20,True
126,2025-05-01,1,155052,0.0,0,0.0,0,0.0,True,True,2025-05-01,2025-05-02,2025-05-31,True
127,2025-04-17,1,652965,0.0,0,0.0,0,0.0,True,True,2025-04-17,2025-04-18,2025-05-17,True
128,2025-04-10,1,687356,0.0,0,0.0,0,0.0,True,True,2025-04-10,2025-04-11,2025-05-10,True
129,2025-07-17,1,16054,0.0,0,0.0,0,0.0,True,True,2025-07-17,2025-07-18,2025-08-16,True
130,2025-05-08,1,724050,56.8534867192847,2,56.8534867192847,2,0.0,True,True,2025-05-08,2025-05-09,2025-06-07,True
131,2025-10-16,3,688131,0.0,0,0.0,0,0.0,True,True,2025-10-16,2025-10-17,2025-11-15,True
132,2025-08-07,1,311314,0.0,0,0.0,0,0.0,True,True,2025-08-07,2025-08-08,2025-09-06,True
133,2025-06-26,1,359971,0.0,0,0.0,0,0.0,True,True,2025-06-26,2025-06-27,2025-07-26,True
134,2025-09-04,1,413119,619.6433099370005,4,619.6433099370005,4,0.0,True,True,2025-09-04,2025-09-05,2025-10-04,True
135,2025-08-07,1,639687,0.0,0,0.0,0,0.0,True,True,2025-08-07,2025-08-08,2025-09-06,True
136,2025-07-24,1,97666,18.8966520565471,1,18.8966520565471,1,0.0,True,True,2025-07-24,2025-07-25,2025-08-23,True
137,2025-05-15,1,393582,598.3461338845058,8,598.3461338845059,8,1.1368683772161603e-13,True,True,2025-05-15,2025-05-16,2025-06-14,True
138,2025-06-26,1,122688,56.9017517900984,1,56.9017517900984,1,0.0,True,True,2025-06-26,2025-06-27,2025-07-26,True
139,2025-07-10,1,914021,19.6988150079781,1,19.6988150079781,1,0.0,True,True,2025-07-10,2025-07-11,2025-08-09,True
140,2025-04-17,1,332912,106.57545970672349,2,106.57545970672349,2,0.0,True,True,2025-04-17,2025-04-18,2025-05-17,True
141,2025-09-11,1,32250,0.0,0,0.0,0,0.0,True,True,2025-09-11,2025-09-12,2025-10-11,True
142,2025-09-11,1,712426,38.21229343172567,3,38.21229343172567,3,0.0,True,True,2025-09-11,2025-09-12,2025-10-11,True
143,2025-09-11,1,772223,57.7969146135458,2,57.7969146135458,2,0.0,True,True,2025-09-11,2025-09-12,2025-10-11,True
144,2025-08-28,1,391949,0.0,0,0.0,0,0.0,True,True,2025-08-28,2025-08-29,2025-09-27,True
145,2025-07-31,1,201725,0.0,0,0.0,0,0.0,True,True,2025-07-31,2025-08-01,2025-08-30,True
146,2025-08-28,1,767079,0.0,0,0.0,0,0.0,True,True,2025-08-28,2025-08-29,2025-09-27,True
147,2025-10-16,3,484642,338.3650172787826,6,338.3650172787826,6,0.0,True,True,2025-10-16,2025-10-17,2025-11-15,True
148,2025-06-26,1,423077,0.0,0,0.0,0,0.0,True,True,2025-06-26,2025-06-27,2025-07-26,True
149,2025-08-14,1,240571,0.0,0,0.0,0,0.0,True,True,2025-08-14,2025-08-15,2025-09-13,True
150,2025-05-29,1,83225,93.1928386205565,1,93.1928386205565,1,0.0,True,True,2025-05-29,2025-05-30,2025-06-28,True
151,2025-06-26,1,374683,0.0,0,0.0,0,0.0,True,True,2025-06-26,2025-06-27,2025-07-26,True
152,2025-04-10,1,157354,0.0,0,0.0,0,0.0,True,True,2025-04-10,2025-04-11,2025-05-10,True
153,2025-04-24,1,107471,430.8002398409426,4,430.80023984094254,4,5.684341886080802e-14,True,True,2025-04-24,2025-04-25,2025-05-24,True
154,2025-09-11,1,261362,0.0,0,0.0,0,0.0,True,True,2025-09-11,2025-09-12,2025-10-11,True
155,2025-06-19,1,537085,145.9100775855214,2,145.9100775855214,2,0.0,True,True,2025-06-19,2025-06-20,2025-07-19,True
156,2025-08-14,1,258040,0.0,0,0.0,0,0.0,True,True,2025-08-14,2025-08-15,2025-09-13,True
157,2025-08-14,1,131252,6.32214177309874,1,6.32214177309874,1,0.0,True,True,2025-08-14,2025-08-15,2025-09-13,True
158,2025-10-02,3,601246,135.9273909728494,3,135.9273909728494,3,0.0,True,True,2025-10-02,2025-10-03,2025-11-01,True
159,2025-07-10,1,3888,0.0,0,0.0,0,0.0,True,True,2025-07-10,2025-07-11,2025-08-09,True
160,2025-05-22,1,475866,6.40656722588362,1,6.40656722588362,1,0.0,True,True,2025-05-22,2025-05-23,2025-06-21,True
161,2025-04-24,1,460009,0.0,0,0.0,0,0.0,True,True,2025-04-24,2025-04-25,2025-05-24,True
162,2025-05-29,1,152307,249.379514287417,2,249.379514287417,2,0.0,True,True,2025-05-29,2025-05-30,2025-06-28,True
163,2025-06-19,1,43109,178.13402860174324,6,178.13402860174324,6,0.0,True,True,2025-06-19,2025-06-20,2025-07-19,True
164,2025-05-22,1,121109,0.0,0,0.0,0,0.0,True,True,2025-05-22,2025-05-23,2025-06-21,True
165,2025-05-01,1,804798,474.7073490545885,11,474.7073490545886,11,5.684341886080802e-14,True,True,2025-05-01,2025-05-02,2025-05-31,True
166,2025-10-16,3,244310,17.8470216153574,1,17.8470216153574,1,0.0,True,True,2025-10-16,2025-10-17,2025-11-15,True
167,2025-05-01,1,883918,0.0,0,0.0,0,0.0,True,True,2025-05-01,2025-05-02,2025-05-31,True
168,2025-08-21,1,54755,29.7362512015566,1,29.7362512015566,1,0.0,True,True,2025-08-21,2025-08-22,2025-09-20,True
169,2025-05-08,1,131174,0.0,0,0.0,0,0.0,True,True,2025-05-08,2025-05-09,2025-06-07,True
170,2025-04-03,1,865171,0.0,0,0.0,0,0.0,True,True,2025-04-03,2025-04-04,2025-05-03,True
171,2025-05-08,1,584867,20.6197642679132,1,20.6197642679132,1,0.0,True,True,2025-05-08,2025-05-09,2025-06-07,True
172,2025-08-14,1,777086,1466.8082169847935,10,1466.8082169847937,10,2.2737367544323206e-13,True,True,2025-08-14,2025-08-15,2025-09-13,True
173,2025-06-19,1,245507,292.2054678862091,2,292.2054678862091,2,0.0,True,True,2025-06-19,2025-06-20,2025-07-19,True
174,2025-06-26,1,538471,0.0,0,0.0,0,0.0,True,True,2025-06-26,2025-06-27,2025-07-26,True
175,2025-08-07,1,815425,0.0,0,0.0,0,0.0,True,True,2025-08-07,2025-08-08,2025-09-06,True
176,2025-09-18,3,355143,6.6671949169335,1,6.6671949169335,1,0.0,True,True,2025-09-18,2025-09-19,2025-10-18,True
177,2025-04-10,1,515648,204.2269745370522,4,204.2269745370522,4,0.0,True,True,2025-04-10,2025-04-11,2025-05-10,True
178,2025-04-24,1,778320,91.8372981221021,1,91.8372981221021,1,0.0,True,True,2025-04-24,2025-04-25,2025-05-24,True
179,2025-09-04,3,194124,196.0900399069976,2,196.0900399069976,2,0.0,True,True,2025-09-04,2025-09-05,2025-10-04,True
180,2025-06-19,1,692408,282.29431462079253,10,282.2943146207926,10,5.684341886080802e-14,True,True,2025-06-19,2025-06-20,2025-07-19,True
181,2025-05-15,1,602575,0.0,0,0.0,0,0.0,True,True,2025-05-15,2025-05-16,2025-06-14,True
182,2025-08-07,1,361388,224.49289384844172,6,224.49289384844172,6,0.0,True,True,2025-08-07,2025-08-08,2025-09-06,True
183,2025-07-17,1,340201,122.36291722348572,2,122.36291722348572,2,0.0,True,True,2025-07-17,2025-07-18,2025-08-16,True
184,2025-08-21,1,560113,0.0,0,0.0,0,0.0,True,True,2025-08-21,2025-08-22,2025-09-20,True
185,2025-08-14,1,383903,0.0,0,0.0,0,0.0,True,True,2025-08-14,2025-08-15,2025-09-13,True
186,2025-07-10,1,915324,76.9237535845207,2,76.9237535845207,2,0.0,True,True,2025-07-10,2025-07-11,2025-08-09,True
187,2025-04-03,1,425157,358.232766880116,2,358.232766880116,2,0.0,True,True,2025-04-03,2025-04-04,2025-05-03,True
188,2025-09-18,3,853081,28.61735998489497,4,28.61735998489497,4,0.0,True,True,2025-09-18,2025-09-19,2025-10-18,True
189,2025-07-17,1,343417,12.4950756935582,1,12.4950756935582,1,0.0,True,True,2025-07-17,2025-07-18,2025-08-16,True
190,2025-07-10,1,369157,0.0,0,0.0,0,0.0,True,True,2025-07-10,2025-07-11,2025-08-09,True
191,2025-09-04,1,101878,20.455248658654092,2,20.455248658654092,2,0.0,True,True,2025-09-04,2025-09-05,2025-10-04,True
192,2025-06-12,1,668974,0.0,0,0.0,0,0.0,True,True,2025-06-12,2025-06-13,2025-07-12,True
193,2025-08-07,1,639987,60.14409747831254,4,60.14409747831254,4,0.0,True,True,2025-08-07,2025-08-08,2025-09-06,True
194,2025-04-10,1,871585,214.6054997738043,6,214.6054997738043,6,0.0,True,True,2025-04-10,2025-04-11,2025-05-10,True
195,2025-06-26,1,516165,27.334077616121903,2,27.334077616121903,2,0.0,True,True,2025-06-26,2025-06-27,2025-07-26,True
196,2025-06-19,1,684630,71.7567353066144,1,71.7567353066144,1,0.0,True,True,2025-06-19,2025-06-20,2025-07-19,True
197,2025-10-16,3,45380,18.40647806719774,2,18.40647806719774,2,0.0,True,True,2025-10-16,2025-10-17,2025-11-15,True
198,2025-05-22,1,599164,102.3008809848632,3,102.3008809848632,3,0.0,True,True,2025-05-22,2025-05-23,2025-06-21,True
199,2025-06-19,1,427182,0.0,0,0.0,0,0.0,True,True,2025-06-19,2025-06-20,2025-07-19,True
200,2025-04-24,1,477519,73.61374371940958,3,73.6137437194096,3,1.4210854715202004e-14,True,True,2025-04-24,2025-04-25,2025-05-24,True
201,2025-05-08,1,666719,29.5255393684545,2,29.5255393684545,2,0.0,True,True,2025-05-08,2025-05-09,2025-06-07,True
202,2025-04-03,1,612430,11.3727885201323,1,11.3727885201323,1,0.0,True,True,2025-04-03,2025-04-04,2025-05-03,True
203,2025-08-21,1,267749,883.5129895063943,3,883.5129895063943,3,0.0,True,True,2025-08-21,2025-08-22,2025-09-20,True
204,2025-05-29,1,174078,5.98926240679156,1,5.98926240679156,1,0.0,True,True,2025-05-29,2025-05-30,2025-06-28,True
205,2025-08-28,1,294082,170.34666359208313,4,170.34666359208313,4,0.0,True,True,2025-08-28,2025-08-29,2025-09-27,True
206,2025-10-16,3,699111,0.0,0,0.0,0,0.0,True,True,2025-10-16,2025-10-17,2025-11-15,True
207,2025-04-03,1,707554,0.0,0,0.0,0,0.0,True,True,2025-04-03,2025-04-04,2025-05-03,True
208,2025-05-22,1,552726,118.0162501678207,3,118.01625016782071,3,1.4210854715202004e-14,True,True,2025-05-22,2025-05-23,2025-06-21,True
209,2025-09-11,1,391556,0.0,0,0.0,0,0.0,True,True,2025-09-11,2025-09-12,2025-10-11,True
210,2025-08-07,1,40111,528.7168649383755,9,528.7168649383755,9,0.0,True,True,2025-08-07,2025-08-08,2025-09-06,True
211,2025-08-07,1,38704,71.4073038956934,2,71.4073038956934,2,0.0,True,True,2025-08-07,2025-08-08,2025-09-06,True
212,2025-10-16,3,550182,41.634424975871596,2,41.634424975871596,2,0.0,True,True,2025-10-16,2025-10-17,2025-11-15,True
213,2025-09-18,3,149712,0.0,0,0.0,0,0.0,True,True,2025-09-18,2025-09-19,2025-10-18,True
214,2025-08-21,1,390373,29.56142596269735,3,29.56142596269735,3,0.0,True,True,2025-08-21,2025-08-22,2025-09-20,True
215,2025-08-07,1,307676,0.0,0,0.0,0,0.0,True,True,2025-08-07,2025-08-08,2025-09-06,True
216,2025-07-31,1,836535,0.0,0,0.0,0,0.0,True,True,2025-07-31,2025-08-01,2025-08-30,True
217,2025-05-01,1,478993,0.0,0,0.0,0,0.0,True,True,2025-05-01,2025-05-02,2025-05-31,True
218,2025-09-04,3,190167,0.0,0,0.0,0,0.0,True,True,2025-09-04,2025-09-05,2025-10-04,True
219,2025-09-04,1,294168,0.0,0,0.0,0,0.0,True,True,2025-09-04,2025-09-05,2025-10-04,True
220,2025-07-24,1,833770,8.80277401977696,1,8.80277401977696,1,0.0,True,True,2025-07-24,2025-07-25,2025-08-23,True
221,2025-09-04,1,276794,0.0,0,0.0,0,0.0,True,True,2025-09-04,2025-09-05,2025-10-04,True
222,2025-09-04,3,521723,0.0,0,0.0,0,0.0,True,True,2025-09-04,2025-09-05,2025-10-04,True
223,2025-09-11,1,154792,62.841126068867496,2,62.841126068867496,2,0.0,True,True,2025-09-11,2025-09-12,2025-10-11,True
224,2025-06-19,1,343461,20.3538013479268,1,20.3538013479268,1,0.0,True,True,2025-06-19,2025-06-20,2025-07-19,True
225,2025-07-31,1,907589,0.0,0,0.0,0,0.0,True,True,2025-07-31,2025-08-01,2025-08-30,True
226,2025-09-04,3,597450,25.101574862793647,2,25.101574862793647,2,0.0,True,True,2025-09-04,2025-09-05,2025-10-04,True
227,2025-05-08,1,605576,29.228025930853498,2,29.228025930853498,2,0.0,True,True,2025-05-08,2025-05-09,2025-06-07,True
228,2025-09-04,1,19092,0.0,0,0.0,0,0.0,True,True,2025-09-04,2025-09-05,2025-10-04,True
229,2025-09-11,1,56768,49.9257025693924,1,49.9257025693924,1,0.0,True,True,2025-09-11,2025-09-12,2025-10-11,True
230,2025-08-14,1,190244,97.9719373708605,1,97.9719373708605,1,0.0,True,True,2025-08-14,2025-08-15,2025-09-13,True
231,2025-07-17,1,119196,152.4089207196485,2,152.4089207196485,2,0.0,True,True,2025-07-17,2025-07-18,2025-08-16,True
232,2025-04-17,1,804961,0.0,0,0.0,0,0.0,True,True,2025-04-17,2025-04-18,2025-05-17,True
233,2025-05-15,1,484511,0.0,0,0.0,0,0.0,True,True,2025-05-15,2025-05-16,2025-06-14,True
234,2025-04-24,1,834732,0.0,0,0.0,0,0.0,True,True,2025-04-24,2025-04-25,2025-05-24,True
235,2025-05-01,1,318482,0.0,0,0.0,0,0.0,True,True,2025-05-01,2025-05-02,2025-05-31,True
236,2025-07-10,1,675597,0.0,0,0.0,0,0.0,True,True,2025-07-10,2025-07-11,2025-08-09,True
237,2025-07-10,1,637924,51.0677761711343,2,51.0677761711343,2,0.0,True,True,2025-07-10,2025-07-11,2025-08-09,True
238,2025-10-02,3,660500,14.308575437552,1,14.308575437552,1,0.0,True,True,2025-10-02,2025-10-03,2025-11-01,True
239,2025-08-14,1,403167,0.0,0,0.0,0,0.0,True,True,2025-08-14,2025-08-15,2025-09-13,True
240,2025-04-03,1,530900,203.3807807385106,4,203.38078073851062,4,2.842170943040401e-14,True,True,2025-04-03,2025-04-04,2025-05-03,True
241,2025-05-22,1,227744,0.0,0,0.0,0,0.0,True,True,2025-05-22,2025-05-23,2025-06-21,True
242,2025-05-15,1,679989,10.2773350126942,1,10.2773350126942,1,0.0,True,True,2025-05-15,2025-05-16,2025-06-14,True
243,2025-04-10,1,832950,0.0,0,0.0,0,0.0,True,True,2025-04-10,2025-04-11,2025-05-10,True
244,2025-06-19,1,617367,0.0,0,0.0,0,0.0,True,True,2025-06-19,2025-06-20,2025-07-19,True
245,2025-07-03,1,258242,0.0,0,0.0,0,0.0,True,True,2025-07-03,2025-07-04,2025-08-02,True
246,2025-09-04,3,18424,8.92376441792579,1,8.92376441792579,1,0.0,True,True,2025-09-04,2025-09-05,2025-10-04,True
247,2025-08-14,1,459726,87.9303920569402,1,87.9303920569402,1,0.0,True,True,2025-08-14,2025-08-15,2025-09-13,True
248,2025-07-31,1,426005,1355.4742298978697,4,1355.4742298978697,4,0.0,True,True,2025-07-31,2025-08-01,2025-08-30,True
249,2025-05-08,1,544374,174.539257746003,1,174.539257746003,1,0.0,True,True,2025-05-08,2025-05-09,2025-06-07,True
250,2025-08-07,1,127581,229.96481164532202,8,229.964811645322,8,2.842170943040401e-14,True,True,2025-08-07,2025-08-08,2025-09-06,True
251,2025-06-12,1,77051,0.0,0,0.0,0,0.0,True,True,2025-06-12,2025-06-13,2025-07-12,True
252,2025-05-29,1,543969,67.2239850951315,1,67.2239850951315,1,0.0,True,True,2025-05-29,2025-05-30,2025-06-28,True
253,2025-09-04,1,80624,0.0,0,0.0,0,0.0,True,True,2025-09-04,2025-09-05,2025-10-04,True
254,2025-04-17,1,834944,0.0,0,0.0,0,0.0,True,True,2025-04-17,2025-04-18,2025-05-17,True
255,2025-08-28,1,83671,0.0,0,0.0,0,0.0,True,True,2025-08-28,2025-08-29,2025-09-27,True
256,2025-08-21,1,83282,50.013345660852195,2,50.013345660852195,2,0.0,True,True,2025-08-21,2025-08-22,2025-09-20,True
257,2025-05-15,1,618469,94.52255362347042,2,94.52255362347042,2,0.0,True,True,2025-05-15,2025-05-16,2025-06-14,True
258,2025-07-03,1,900913,107.27710774586801,2,107.27710774586801,2,0.0,True,True,2025-07-03,2025-07-04,2025-08-02,True
259,2025-08-14,1,797467,1959.690564377651,5,1959.690564377651,5,0.0,True,True,2025-08-14,2025-08-15,2025-09-13,True
260,2025-04-10,1,148167,25.0639646631126,1,25.0639646631126,1,0.0,True,True,2025-04-10,2025-04-11,2025-05-10,True
261,2025-09-04,3,236817,151.1264321253506,7,151.1264321253506,7,0.0,True,True,2025-09-04,2025-09-05,2025-10-04,True
262,2025-09-18,3,817227,0.0,0,0.0,0,0.0,True,True,2025-09-18,2025-09-19,2025-10-18,True
263,2025-05-15,1,16506,0.0,0,0.0,0,0.0,True,True,2025-05-15,2025-05-16,2025-06-14,True
264,2025-07-03,1,535869,0.0,0,0.0,0,0.0,True,True,2025-07-03,2025-07-04,2025-08-02,True
265,2025-05-22,1,587612,22.37986333849289,2,22.37986333849289,2,0.0,True,True,2025-05-22,2025-05-23,2025-06-21,True
266,2025-08-21,1,762597,0.0,0,0.0,0,0.0,True,True,2025-08-21,2025-08-22,2025-09-20,True
267,2025-05-22,1,732859,0.0,0,0.0,0,0.0,True,True,2025-05-22,2025-05-23,2025-06-21,True
268,2025-07-31,1,69869,0.0,0,0.0,0,0.0,True,True,2025-07-31,2025-08-01,2025-08-30,True
269,2025-07-24,1,794845,401.69482091398794,12,401.694820913988,12,5.684341886080802e-14,True,True,2025-07-24,2025-07-25,2025-08-23,True
270,2025-04-03,1,257996,0.0,0,0.0,0,0.0,True,True,2025-04-03,2025-04-04,2025-05-03,True
271,2025-07-03,1,592183,0.0,0,0.0,0,0.0,True,True,2025-07-03,2025-07-04,2025-08-02,True
272,2025-05-29,1,61341,116.6573245002908,2,116.6573245002908,2,0.0,True,True,2025-05-29,2025-05-30,2025-06-28,True
273,2025-06-05,1,649742,17.243601997941152,2,17.243601997941152,2,0.0,True,True,2025-06-05,2025-06-06,2025-07-05,True
274,2025-04-03,1,749165,0.0,0,0.0,0,0.0,True,True,2025-04-03,2025-04-04,2025-05-03,True
275,2025-06-05,1,747887,18.6082808465569,1,18.6082808465569,1,0.0,True,True,2025-06-05,2025-06-06,2025-07-05,True
276,2025-04-24,1,83129,0.0,0,0.0,0,0.0,True,True,2025-04-24,2025-04-25,2025-05-24,True
277,2025-10-02,3,147656,352.39356294197984,3,352.39356294197984,3,0.0,True,True,2025-10-02,2025-10-03,2025-11-01,True
278,2025-05-01,1,4082,9.110304387535969,2,9.110304387535969,2,0.0,True,True,2025-05-01,2025-05-02,2025-05-31,True
279,2025-10-02,3,834292,13.2473558078853,1,13.2473558078853,1,0.0,True,True,2025-10-02,2025-10-03,2025-11-01,True
280,2025-07-10,1,668141,0.0,0,0.0,0,0.0,True,True,2025-07-10,2025-07-11,2025-08-09,True
281,2025-05-29,1,573709,206.22778068526824,11,206.22778068526824,11,0.0,True,True,2025-05-29,2025-05-30,2025-06-28,True
282,2025-09-11,1,814598,9.05028038949916,1,9.05028038949916,1,0.0,True,True,2025-09-11,2025-09-12,2025-10-11,True
283,2025-04-24,1,568757,177.52358897541728,5,177.52358897541728,5,0.0,True,True,2025-04-24,2025-04-25,2025-05-24,True
284,2025-06-19,1,37439,134.30511326154522,2,134.30511326154522,2,0.0,True,True,2025-06-19,2025-06-20,2025-07-19,True
285,2025-08-21,1,229609,67.61559596790471,2,67.61559596790471,2,0.0,True,True,2025-08-21,2025-08-22,2025-09-20,True
286,2025-06-05,1,433448,18.2599859042754,1,18.2599859042754,1,0.0,True,True,2025-06-05,2025-06-06,2025-07-05,True
287,2025-07-03,1,21671,0.0,0,0.0,0,0.0,True,True,2025-07-03,2025-07-04,2025-08-02,True
288,2025-07-17,1,876365,12.5016151658987,1,12.5016151658987,1,0.0,True,True,2025-07-17,2025-07-18,2025-08-16,True
289,2025-05-08,1,32601,0.0,0,0.0,0,0.0,True,True,2025-05-08,2025-05-09,2025-06-07,True
290,2025-07-03,1,775620,0.0,0,0.0,0,0.0,True,True,2025-07-03,2025-07-04,2025-08-02,True
291,2025-05-01,1,214696,116.677103045256,1,116.677103045256,1,0.0,True,True,2025-05-01,2025-05-02,2025-05-31,True
292,2025-04-10,1,735801,0.0,0,0.0,0,0.0,True,True,2025-04-10,2025-04-11,2025-05-10,True
293,2025-05-01,1,741279,0.0,0,0.0,0,0.0,True,True,2025-05-01,2025-05-02,2025-05-31,True
294,2025-04-10,1,721215,106.33177502088249,6,106.33177502088247,6,1.4210854715202004e-14,True,True,2025-04-10,2025-04-11,2025-05-10,True
295,2025-10-02,3,439363,78.1415405605646,3,78.1415405605646,3,0.0,True,True,2025-10-02,2025-10-03,2025-11-01,True
296,2025-04-17,1,433184,28.8886826348138,2,28.8886826348138,2,0.0,True,True,2025-04-17,2025-04-18,2025-05-17,True
297,2025-10-02,3,477188,83.124989615427,4,83.124989615427,4,0.0,True,True,2025-10-02,2025-10-03,2025-11-01,True
298,2025-07-10,1,41793,0.0,0,0.0,0,0.0,True,True,2025-07-10,2025-07-11,2025-08-09,True
299,2025-07-17,1,5301,308.712499865366,5,308.71249986536606,5,5.684341886080802e-14,True,True,2025-07-17,2025-07-18,2025-08-16,True
300,2025-08-14,1,146566,193.923927243246,4,193.923927243246,4,0.0,True,True,2025-08-14,2025-08-15,2025-09-13,True
301,2025-04-24,1,280510,0.0,0,0.0,0,0.0,True,True,2025-04-24,2025-04-25,2025-05-24,True
302,2025-07-31,1,584762,23.3299431298424,2,23.3299431298424,2,0.0,True,True,2025-07-31,2025-08-01,2025-08-30,True
303,2025-09-04,3,679908,15.6312199772375,1,15.6312199772375,1,0.0,True,True,2025-09-04,2025-09-05,2025-10-04,True
304,2025-08-07,1,834156,0.0,0,0.0,0,0.0,True,True,2025-08-07,2025-08-08,2025-09-06,True
305,2025-07-24,1,88964,0.0,0,0.0,0,0.0,True,True,2025-07-24,2025-07-25,2025-08-23,True
306,2025-07-03,1,881842,0.0,0,0.0,0,0.0,True,True,2025-07-03,2025-07-04,2025-08-02,True
307,2025-09-04,1,886316,0.0,0,0.0,0,0.0,True,True,2025-09-04,2025-09-05,2025-10-04,True
308,2025-08-07,1,402411,125.75721839274601,2,125.75721839274601,2,0.0,True,True,2025-08-07,2025-08-08,2025-09-06,True
309,2025-10-02,3,188948,203.5909619836885,3,203.5909619836885,3,0.0,True,True,2025-10-02,2025-10-03,2025-11-01,True
310,2025-05-22,1,436934,0.0,0,0.0,0,0.0,True,True,2025-05-22,2025-05-23,2025-06-21,True
311,2025-07-03,1,260500,0.0,0,0.0,0,0.0,True,True,2025-07-03,2025-07-04,2025-08-02,True
312,2025-10-02,3,149312,0.0,0,0.0,0,0.0,True,True,2025-10-02,2025-10-03,2025-11-01,True
313,2025-09-04,1,797413,119.3736680392306,4,119.37366803923061,4,1.4210854715202004e-14,True,True,2025-09-04,2025-09-05,2025-10-04,True
314,2025-07-10,1,818656,6.5571394696739,1,6.5571394696739,1,0.0,True,True,2025-07-10,2025-07-11,2025-08-09,True
315,2025-10-02,3,760256,28.97524753209986,5,28.975247532099864,5,3.552713678800501e-15,True,True,2025-10-02,2025-10-03,2025-11-01,True
316,2025-06-05,1,590144,1610.406856939482,9,1610.406856939482,9,0.0,True,True,2025-06-05,2025-06-06,2025-07-05,True
317,2025-07-10,1,236976,71.5285385672318,1,71.5285385672318,1,0.0,True,True,2025-07-10,2025-07-11,2025-08-09,True
318,2025-09-04,3,629526,256.5106742187158,2,256.5106742187158,2,0.0,True,True,2025-09-04,2025-09-05,2025-10-04,True
319,2025-05-08,1,891422,0.0,0,0.0,0,0.0,True,True,2025-05-08,2025-05-09,2025-06-07,True
320,2025-09-11,1,93251,117.261943861113,1,117.261943861113,1,0.0,True,True,2025-09-11,2025-09-12,2025-10-11,True
321,2025-05-15,1,131916,0.0,0,0.0,0,0.0,True,True,2025-05-15,2025-05-16,2025-06-14,True
322,2025-05-15,1,65311,0.0,0,0.0,0,0.0,True,True,2025-05-15,2025-05-16,2025-06-14,True
323,2025-06-19,1,727645,22.4134862078424,2,22.4134862078424,2,0.0,True,True,2025-06-19,2025-06-20,2025-07-19,True
324,2025-10-02,3,208679,16.6555382659302,1,16.6555382659302,1,0.0,True,True,2025-10-02,2025-10-03,2025-11-01,True
325,2025-06-05,1,61733,590.6785053552143,9,590.6785053552143,9,0.0,True,True,2025-06-05,2025-06-06,2025-07-05,True
326,2025-09-18,3,610130,64.29946299542055,4,64.29946299542055,4,0.0,True,True,2025-09-18,2025-09-19,2025-10-18,True
327,2025-07-17,1,529650,22.61663459785617,2,22.61663459785617,2,0.0,True,True,2025-07-17,2025-07-18,2025-08-16,True
328,2025-10-02,3,279091,0.0,0,0.0,0,0.0,True,True,2025-10-02,2025-10-03,2025-11-01,True
329,2025-07-17,1,295161,0.0,0,0.0,0,0.0,True,True,2025-07-17,2025-07-18,2025-08-16,True
330,2025-06-19,1,253914,0.0,0,0.0,0,0.0,True,True,2025-06-19,2025-06-20,2025-07-19,True
331,2025-05-22,1,168527,0.0,0,0.0,0,0.0,True,True,2025-05-22,2025-05-23,2025-06-21,True
332,2025-08-14,1,259390,16.7328338675313,1,16.7328338675313,1,0.0,True,True,2025-08-14,2025-08-15,2025-09-13,True
333,2025-09-11,1,23135,93.89480123906831,4,93.8948012390683,4,1.4210854715202004e-14,True,True,2025-09-11,2025-09-12,2025-10-11,True
334,2025-04-24,1,696981,24.05611331753239,2,24.05611331753239,2,0.0,True,True,2025-04-24,2025-04-25,2025-05-24,True
335,2025-06-19,1,263366,94.6639840503305,1,94.6639840503305,1,0.0,True,True,2025-06-19,2025-06-20,2025-07-19,True
336,2025-10-16,3,750856,0.0,0,0.0,0,0.0,True,True,2025-10-16,2025-10-17,2025-11-15,True
337,2025-09-18,3,389113,0.0,0,0.0,0,0.0,True,True,2025-09-18,2025-09-19,2025-10-18,True
338,2025-09-11,1,99445,0.0,0,0.0,0,0.0,True,True,2025-09-11,2025-09-12,2025-10-11,True
339,2025-08-07,1,448435,44.96782070751417,3,44.96782070751417,3,0.0,True,True,2025-08-07,2025-08-08,2025-09-06,True
340,2025-09-18,3,385965,0.0,0,0.0,0,0.0,True,True,2025-09-18,2025-09-19,2025-10-18,True
341,2025-08-07,1,443560,0.0,0,0.0,0,0.0,True,True,2025-08-07,2025-08-08,2025-09-06,True
342,2025-08-28,1,833623,0.0,0,0.0,0,0.0,True,True,2025-08-28,2025-08-29,2025-09-27,True
343,2025-09-04,1,59059,33.2911971692444,1,33.2911971692444,1,0.0,True,True,2025-09-04,2025-09-05,2025-10-04,True
344,2025-10-16,3,890266,37.3343950864762,2,37.3343950864762,2,0.0,True,True,2025-10-16,2025-10-17,2025-11-15,True
345,2025-10-02,3,478659,122.0645739543429,4,122.0645739543429,4,0.0,True,True,2025-10-02,2025-10-03,2025-11-01,True
346,2025-07-10,1,592879,26.3047072192419,1,26.3047072192419,1,0.0,True,True,2025-07-10,2025-07-11,2025-08-09,True
347,2025-05-08,1,290638,69.0164876471755,2,69.0164876471755,2,0.0,True,True,2025-05-08,2025-05-09,2025-06-07,True
348,2025-07-17,1,328227,24.052297752459538,2,24.052297752459538,2,0.0,True,True,2025-07-17,2025-07-18,2025-08-16,True
349,2025-05-08,1,87829,0.0,0,0.0,0,0.0,True,True,2025-05-08,2025-05-09,2025-06-07,True
350,2025-08-28,1,614418,92.6671313026088,2,92.6671313026088,2,0.0,True,True,2025-08-28,2025-08-29,2025-09-27,True
351,2025-08-28,1,209272,0.0,0,0.0,0,0.0,True,True,2025-08-28,2025-08-29,2025-09-27,True
352,2025-08-28,1,249598,32.4012980328371,1,32.4012980328371,1,0.0,True,True,2025-08-28,2025-08-29,2025-09-27,True
353,2025-07-10,1,326090,0.0,0,0.0,0,0.0,True,True,2025-07-10,2025-07-11,2025-08-09,True
354,2025-07-03,1,430773,19.1613202801573,1,19.1613202801573,1,0.0,True,True,2025-07-03,2025-07-04,2025-08-02,True
355,2025-06-12,1,765999,0.0,0,0.0,0,0.0,True,True,2025-06-12,2025-06-13,2025-07-12,True
356,2025-08-21,1,317792,0.0,0,0.0,0,0.0,True,True,2025-08-21,2025-08-22,2025-09-20,True
357,2025-05-29,1,693470,17.9750494629429,1,17.9750494629429,1,0.0,True,True,2025-05-29,2025-05-30,2025-06-28,True
358,2025-04-10,1,361277,0.0,0,0.0,0,0.0,True,True,2025-04-10,2025-04-11,2025-05-10,True
359,2025-05-29,1,174121,15.91630621515268,2,15.91630621515268,2,0.0,True,True,2025-05-29,2025-05-30,2025-06-28,True
360,2025-04-17,1,845247,20.8549138488247,1,20.8549138488247,1,0.0,True,True,2025-04-17,2025-04-18,2025-05-17,True
361,2025-06-12,1,657642,0.0,0,0.0,0,0.0,True,True,2025-06-12,2025-06-13,2025-07-12,True
362,2025-05-15,1,234015,0.0,0,0.0,0,0.0,True,True,2025-05-15,2025-05-16,2025-06-14,True
363,2025-07-03,1,689038,132.987749492902,3,132.987749492902,3,0.0,True,True,2025-07-03,2025-07-04,2025-08-02,True
364,2025-06-05,1,264274,0.0,0,0.0,0,0.0,True,True,2025-06-05,2025-06-06,2025-07-05,True
365,2025-06-05,1,102850,0.0,0,0.0,0,0.0,True,True,2025-06-05,2025-06-06,2025-07-05,True
366,2025-09-18,3,489328,0.0,0,0.0,0,0.0,True,True,2025-09-18,2025-09-19,2025-10-18,True
367,2025-04-03,1,269887,0.0,0,0.0,0,0.0,True,True,2025-04-03,2025-04-04,2025-05-03,True
368,2025-08-07,1,185904,25.5878055885966,1,25.5878055885966,1,0.0,True,True,2025-08-07,2025-08-08,2025-09-06,True
369,2025-08-21,1,316941,132.4353988716234,2,132.4353988716234,2,0.0,True,True,2025-08-21,2025-08-22,2025-09-20,True
370,2025-09-18,3,450272,16.67222616378757,2,16.67222616378757,2,0.0,True,True,2025-09-18,2025-09-19,2025-10-18,True
371,2025-04-03,1,41152,31.06658539694721,2,31.06658539694721,2,0.0,True,True,2025-04-03,2025-04-04,2025-05-03,True
372,2025-08-28,1,218690,0.0,0,0.0,0,0.0,True,True,2025-08-28,2025-08-29,2025-09-27,True
373,2025-10-02,3,647300,21.97642092062166,2,21.97642092062166,2,0.0,True,True,2025-10-02,2025-10-03,2025-11-01,True
374,2025-09-04,1,843337,0.0,0,0.0,0,0.0,True,True,2025-09-04,2025-09-05,2025-10-04,True
375,2025-07-03,1,274851,128.22036827799212,6,128.22036827799212,6,0.0,True,True,2025-07-03,2025-07-04,2025-08-02,True
376,2025-07-24,1,400567,0.0,0,0.0,0,0.0,True,True,2025-07-24,2025-07-25,2025-08-23,True
377,2025-05-01,1,688647,0.0,0,0.0,0,0.0,True,True,2025-05-01,2025-05-02,2025-05-31,True
378,2025-06-05,1,371358,68.6910544023383,2,68.6910544023383,2,0.0,True,True,2025-06-05,2025-06-06,2025-07-05,True
379,2025-06-19,1,767829,203.31640599737912,2,203.31640599737912,2,0.0,True,True,2025-06-19,2025-06-20,2025-07-19,True
380,2025-06-05,1,871126,345.49110819319293,13,345.49110819319293,13,0.0,True,True,2025-06-05,2025-06-06,2025-07-05,True
381,2025-08-28,1,855498,0.0,0,0.0,0,0.0,True,True,2025-08-28,2025-08-29,2025-09-27,True
382,2025-06-12,1,802642,0.0,0,0.0,0,0.0,True,True,2025-06-12,2025-06-13,2025-07-12,True
383,2025-05-08,1,408586,132.24047018832948,2,132.24047018832948,2,0.0,True,True,2025-05-08,2025-05-09,2025-06-07,True
384,2025-09-04,3,207623,151.0076345354019,3,151.0076345354019,3,0.0,True,True,2025-09-04,2025-09-05,2025-10-04,True
385,2025-05-29,1,620870,160.10412877214154,6,160.10412877214156,6,2.842170943040401e-14,True,True,2025-05-29,2025-05-30,2025-06-28,True
386,2025-04-03,1,459585,803.8792822320014,7,803.8792822320014,7,0.0,True,True,2025-04-03,2025-04-04,2025-05-03,True
387,2025-08-21,1,279166,157.16623754384102,6,157.16623754384105,6,2.842170943040401e-14,True,True,2025-08-21,2025-08-22,2025-09-20,True
388,2025-10-02,3,46610,0.0,0,0.0,0,0.0,True,True,2025-10-02,2025-10-03,2025-11-01,True
389,2025-07-03,1,885675,0.0,0,0.0,0,0.0,True,True,2025-07-03,2025-07-04,2025-08-02,True
390,2025-06-26,1,231197,0.0,0,0.0,0,0.0,True,True,2025-06-26,2025-06-27,2025-07-26,True
391,2025-04-03,1,512072,31.102512477115702,2,31.102512477115702,2,0.0,True,True,2025-04-03,2025-04-04,2025-05-03,True
392,2025-05-29,1,212712,0.0,0,0.0,0,0.0,True,True,2025-05-29,2025-05-30,2025-06-28,True
393,2025-05-01,1,783812,303.353848967092,5,303.353848967092,5,0.0,True,True,2025-05-01,2025-05-02,2025-05-31,True
394,2025-09-11,1,237314,0.0,0,0.0,0,0.0,True,True,2025-09-11,2025-09-12,2025-10-11,True
395,2025-06-05,1,713165,6.4896410185142,1,6.4896410185142,1,0.0,True,True,2025-06-05,2025-06-06,2025-07-05,True
396,2025-04-17,1,746180,332.972048545699,1,332.972048545699,1,0.0,True,True,2025-04-17,2025-04-18,2025-05-17,True
397,2025-10-02,3,421899,255.4015562104886,3,255.4015562104886,3,0.0,True,True,2025-10-02,2025-10-03,2025-11-01,True
398,2025-07-24,1,658517,104.42212841355669,6,104.4221284135567,6,1.4210854715202004e-14,True,True,2025-07-24,2025-07-25,2025-08-23,True
399,2025-09-11,1,186127,28.03149823038644,3,28.03149823038644,3,0.0,True,True,2025-09-11,2025-09-12,2025-10-11,True
400,2025-08-14,1,624210,13.3612099648623,1,13.3612099648623,1,0.0,True,True,2025-08-14,2025-08-15,2025-09-13,True
401,2025-05-29,1,550909,0.0,0,0.0,0,0.0,True,True,2025-05-29,2025-05-30,2025-06-28,True
402,2025-06-12,1,9832,0.0,0,0.0,0,0.0,True,True,2025-06-12,2025-06-13,2025-07-12,True
403,2025-04-17,1,452961,0.0,0,0.0,0,0.0,True,True,2025-04-17,2025-04-18,2025-05-17,True
404,2025-09-04,1,272392,5.68943035883319,1,5.68943035883319,1,0.0,True,True,2025-09-04,2025-09-05,2025-10-04,True
405,2025-09-18,3,238363,0.0,0,0.0,0,0.0,True,True,2025-09-18,2025-09-19,2025-10-18,True
406,2025-07-24,1,6579,1643.7114764247378,7,1643.7114764247376,7,2.2737367544323206e-13,True,True,2025-07-24,2025-07-25,2025-08-23,True
407,2025-06-12,1,679663,336.8087522079795,2,336.8087522079795,2,0.0,True,True,2025-06-12,2025-06-13,2025-07-12,True
408,2025-08-14,1,333810,166.0340576667823,2,166.0340576667823,2,0.0,True,True,2025-08-14,2025-08-15,2025-09-13,True
409,2025-06-19,1,191880,220.8140458907214,3,220.8140458907214,3,0.0,True,True,2025-06-19,2025-06-20,2025-07-19,True
410,2025-08-28,1,659064,0.0,0,0.0,0,0.0,True,True,2025-08-28,2025-08-29,2025-09-27,True
411,2025-10-02,3,369989,10.2251796409552,1,10.2251796409552,1,0.0,True,True,2025-10-02,2025-10-03,2025-11-01,True
412,2025-05-15,1,225946,0.0,0,0.0,0,0.0,True,True,2025-05-15,2025-05-16,2025-06-14,True
413,2025-06-26,1,21557,223.36549969522542,2,223.36549969522542,2,0.0,True,True,2025-06-26,2025-06-27,2025-07-26,True
414,2025-04-10,1,592976,0.0,0,0.0,0,0.0,True,True,2025-04-10,2025-04-11,2025-05-10,True
415,2025-06-12,1,757785,310.51925801197854,9,310.51925801197854,9,0.0,True,True,2025-06-12,2025-06-13,2025-07-12,True
416,2025-08-07,1,560089,0.0,0,0.0,0,0.0,True,True,2025-08-07,2025-08-08,2025-09-06,True
417,2025-06-19,1,749006,0.0,0,0.0,0,0.0,True,True,2025-06-19,2025-06-20,2025-07-19,True
418,2025-07-10,1,213657,8.51808935723329,1,8.51808935723329,1,0.0,True,True,2025-07-10,2025-07-11,2025-08-09,True
419,2025-08-28,1,281306,0.0,0,0.0,0,0.0,True,True,2025-08-28,2025-08-29,2025-09-27,True
420,2025-07-10,1,433974,0.0,0,0.0,0,0.0,True,True,2025-07-10,2025-07-11,2025-08-09,True
421,2025-06-26,1,13972,0.0,0,0.0,0,0.0,True,True,2025-06-26,2025-06-27,2025-07-26,True
422,2025-05-29,1,154980,0.0,0,0.0,0,0.0,True,True,2025-05-29,2025-05-30,2025-06-28,True
423,2025-07-17,1,899274,0.0,0,0.0,0,0.0,True,True,2025-07-17,2025-07-18,2025-08-16,True
424,2025-07-24,1,736591,29.86212452956212,3,29.86212452956212,3,0.0,True,True,2025-07-24,2025-07-25,2025-08-23,True
425,2025-08-28,1,589316,96.7344979659811,1,96.7344979659811,1,0.0,True,True,2025-08-28,2025-08-29,2025-09-27,True
426,2025-10-16,3,411845,134.47179323157408,7,134.47179323157408,7,0.0,True,True,2025-10-16,2025-10-17,2025-11-15,True
427,2025-09-11,1,272374,0.0,0,0.0,0,0.0,True,True,2025-09-11,2025-09-12,2025-10-11,True
428,2025-06-05,1,817653,0.0,0,0.0,0,0.0,True,True,2025-06-05,2025-06-06,2025-07-05,True
429,2025-10-16,3,368081,23.14009678622554,2,23.14009678622554,2,0.0,True,True,2025-10-16,2025-10-17,2025-11-15,True
430,2025-05-01,1,306287,0.0,0,0.0,0,0.0,True,True,2025-05-01,2025-05-02,2025-05-31,True
431,2025-09-11,1,82020,5.23034018738171,1,5.23034018738171,1,0.0,True,True,2025-09-11,2025-09-12,2025-10-11,True
432,2025-10-16,3,285363,0.0,0,0.0,0,0.0,True,True,2025-10-16,2025-10-17,2025-11-15,True
433,2025-06-19,1,262282,0.0,0,0.0,0,0.0,True,True,2025-06-19,2025-06-20,2025-07-19,True
434,2025-07-24,1,891885,561.3138245036997,7,561.3138245036997,7,0.0,True,True,2025-07-24,2025-07-25,2025-08-23,True
435,2025-09-18,3,67947,20.765664168269,1,20.765664168269,1,0.0,True,True,2025-09-18,2025-09-19,2025-10-18,True
436,2025-07-24,1,571992,14.2314733214033,1,14.2314733214033,1,0.0,True,True,2025-07-24,2025-07-25,2025-08-23,True
437,2025-06-19,1,121788,162.8319019997833,5,162.8319019997833,5,0.0,True,True,2025-06-19,2025-06-20,2025-07-19,True
438,2025-07-10,1,309844,15.0024954470517,1,15.0024954470517,1,0.0,True,True,2025-07-10,2025-07-11,2025-08-09,True
439,2025-05-15,1,549314,218.20504854967672,5,218.20504854967672,5,0.0,True,True,2025-05-15,2025-05-16,2025-06-14,True
440,2025-06-19,1,113109,101.65893471929313,4,101.65893471929313,4,0.0,True,True,2025-06-19,2025-06-20,2025-07-19,True
441,2025-08-07,1,309030,0.0,0,0.0,0,0.0,True,True,2025-08-07,2025-08-08,2025-09-06,True
442,2025-10-16,3,324354,0.0,0,0.0,0,0.0,True,True,2025-10-16,2025-10-17,2025-11-15,True
443,2025-05-29,1,814287,15.0177888805204,1,15.0177888805204,1,0.0,True,True,2025-05-29,2025-05-30,2025-06-28,True
444,2025-07-10,1,110285,171.51307443204334,5,171.5130744320433,5,2.842170943040401e-14,True,True,2025-07-10,2025-07-11,2025-08-09,True
445,2025-05-15,1,438037,24.117720640797714,2,24.117720640797714,2,0.0,True,True,2025-05-15,2025-05-16,2025-06-14,True
446,2025-07-24,1,694965,0.0,0,0.0,0,0.0,True,True,2025-07-24,2025-07-25,2025-08-23,True
447,2025-09-04,3,710727,121.4839034787411,2,121.4839034787411,2,0.0,True,True,2025-09-04,2025-09-05,2025-10-04,True
448,2025-08-21,1,57416,0.0,0,0.0,0,0.0,True,True,2025-08-21,2025-08-22,2025-09-20,True
449,2025-08-21,1,783412,0.0,0,0.0,0,0.0,True,True,2025-08-21,2025-08-22,2025-09-20,True
450,2025-08-14,1,802886,362.9466016947681,10,362.94660169476805,10,5.684341886080802e-14,True,True,2025-08-14,2025-08-15,2025-09-13,True
451,2025-07-31,1,6634,231.7724833199269,3,231.7724833199269,3,0.0,True,True,2025-07-31,2025-08-01,2025-08-30,True
452,2025-06-05,1,21427,419.7252436292241,7,419.7252436292241,7,0.0,True,True,2025-06-05,2025-06-06,2025-07-05,True
453,2025-05-08,1,59934,0.0,0,0.0,0,0.0,True,True,2025-05-08,2025-05-09,2025-06-07,True
454,2025-09-04,3,44682,1575.828079747775,2,1575.828079747775,2,0.0,True,True,2025-09-04,2025-09-05,2025-10-04,True
455,2025-07-03,1,627525,20.0173064387118,1,20.0173064387118,1,0.0,True,True,2025-07-03,2025-07-04,2025-08-02,True
456,2025-06-12,1,13260,0.0,0,0.0,0,0.0,True,True,2025-06-12,2025-06-13,2025-07-12,True
457,2025-07-03,1,424805,47.2337398987135,1,47.2337398987135,1,0.0,True,True,2025-07-03,2025-07-04,2025-08-02,True
458,2025-08-21,1,370514,0.0,0,0.0,0,0.0,True,True,2025-08-21,2025-08-22,2025-09-20,True
459,2025-09-04,3,20674,0.0,0,0.0,0,0.0,True,True,2025-09-04,2025-09-05,2025-10-04,True
460,2025-07-10,1,222785,52.8579716639226,2,52.8579716639226,2,0.0,True,True,2025-07-10,2025-07-11,2025-08-09,True
461,2025-07-17,1,614286,0.0,0,0.0,0,0.0,True,True,2025-07-17,2025-07-18,2025-08-16,True
462,2025-07-17,1,852991,1106.2821906216361,9,1106.2821906216361,9,0.0,True,True,2025-07-17,2025-07-18,2025-08-16,True
463,2025-04-17,1,726560,0.0,0,0.0,0,0.0,True,True,2025-04-17,2025-04-18,2025-05-17,True
464,2025-05-01,1,287098,112.14390491246202,6,112.14390491246202,6,0.0,True,True,2025-05-01,2025-05-02,2025-05-31,True
465,2025-06-19,1,812784,0.0,0,0.0,0,0.0,True,True,2025-06-19,2025-06-20,2025-07-19,True
466,2025-04-03,1,347788,0.0,0,0.0,0,0.0,True,True,2025-04-03,2025-04-04,2025-05-03,True
467,2025-08-07,1,902323,586.6627592789905,7,586.6627592789906,7,1.1368683772161603e-13,True,True,2025-08-07,2025-08-08,2025-09-06,True
468,2025-07-10,1,504009,0.0,0,0.0,0,0.0,True,True,2025-07-10,2025-07-11,2025-08-09,True
469,2025-07-24,1,777555,151.721549673158,3,151.721549673158,3,0.0,True,True,2025-07-24,2025-07-25,2025-08-23,True
470,2025-05-22,1,620468,0.0,0,0.0,0,0.0,True,True,2025-05-22,2025-05-23,2025-06-21,True
471,2025-05-29,1,538553,0.0,0,0.0,0,0.0,True,True,2025-05-29,2025-05-30,2025-06-28,True
472,2025-05-22,1,713661,0.0,0,0.0,0,0.0,True,True,2025-05-22,2025-05-23,2025-06-21,True
473,2025-07-17,1,713554,83.87957962504291,2,83.87957962504291,2,0.0,True,True,2025-07-17,2025-07-18,2025-08-16,True
474,2025-10-16,3,49208,8.02084033611776,1,8.02084033611776,1,0.0,True,True,2025-10-16,2025-10-17,2025-11-15,True
475,2025-08-28,1,494116,0.0,0,0.0,0,0.0,True,True,2025-08-28,2025-08-29,2025-09-27,True
476,2025-04-24,1,669650,148.65130580167678,2,148.65130580167678,2,0.0,True,True,2025-04-24,2025-04-25,2025-05-24,True
477,2025-06-05,1,152588,0.0,0,0.0,0,0.0,True,True,2025-06-05,2025-06-06,2025-07-05,True
478,2025-07-31,1,590253,0.0,0,0.0,0,0.0,True,True,2025-07-31,2025-08-01,2025-08-30,True
479,2025-06-19,1,478933,118.00500692373276,6,118.00500692373276,6,0.0,True,True,2025-06-19,2025-06-20,2025-07-19,True
480,2025-08-21,1,505586,7.88977457509018,1,7.88977457509018,1,0.0,True,True,2025-08-21,2025-08-22,2025-09-20,True
481,2025-10-16,3,616704,274.6254485470859,2,274.6254485470859,2,0.0,True,True,2025-10-16,2025-10-17,2025-11-15,True
482,2025-05-08,1,336207,7.30373933692795,1,7.30373933692795,1,0.0,True,True,2025-05-08,2025-05-09,2025-06-07,True
483,2025-05-29,1,428750,0.0,0,0.0,0,0.0,True,True,2025-05-29,2025-05-30,2025-06-28,True
484,2025-10-16,3,277272,0.0,0,0.0,0,0.0,True,True,2025-10-16,2025-10-17,2025-11-15,True
485,2025-09-04,1,213976,114.6870022011386,3,114.6870022011386,3,0.0,True,True,2025-09-04,2025-09-05,2025-10-04,True
486,2025-05-22,1,342158,229.681318209767,2,229.681318209767,2,0.0,True,True,2025-05-22,2025-05-23,2025-06-21,True
487,2025-10-02,3,376095,547.9466445159951,4,547.9466445159951,4,0.0,True,True,2025-10-02,2025-10-03,2025-11-01,True
488,2025-09-04,1,124523,53.863816209182446,3,53.863816209182446,3,0.0,True,True,2025-09-04,2025-09-05,2025-10-04,True
489,2025-08-21,1,735471,0.0,0,0.0,0,0.0,True,True,2025-08-21,2025-08-22,2025-09-20,True
490,2025-06-26,1,764334,363.00713879409994,5,363.0071387940999,5,5.684341886080802e-14,True,True,2025-06-26,2025-06-27,2025-07-26,True
491,2025-07-31,1,905622,0.0,0,0.0,0,0.0,True,True,2025-07-31,2025-08-01,2025-08-30,True
492,2025-05-15,1,629578,306.425495848692,2,306.425495848692,2,0.0,True,True,2025-05-15,2025-05-16,2025-06-14,True
493,2025-05-01,1,146477,15.2915284862634,1,15.2915284862634,1,0.0,True,True,2025-05-01,2025-05-02,2025-05-31,True
494,2025-05-01,1,381077,27.9777373196762,1,27.9777373196762,1,0.0,True,True,2025-05-01,2025-05-02,2025-05-31,True
495,2025-08-28,1,476549,310.8589560065286,4,310.8589560065286,4,0.0,True,True,2025-08-28,2025-08-29,2025-09-27,True
496,2025-10-02,3,830933,409.1156426237471,9,409.115642623747,9,5.684341886080802e-14,True,True,2025-10-02,2025-10-03,2025-11-01,True
497,2025-08-07,1,499244,18.07355408363553,2,18.07355408363553,2,0.0,True,True,2025-08-07,2025-08-08,2025-09-06,True
498,2025-06-19,1,325927,505.823574710219,1,505.823574710219,1,0.0,True,True,2025-06-19,2025-06-20,2025-07-19,True
499,2025-04-17,1,748243,48.86932780877865,3,48.86932780877866,3,7.105427357601002e-15,True,True,2025-04-17,2025-04-18,2025-05-17,True
500,2025-04-17,1,279851,0.0,0,0.0,0,0.0,True,True,2025-04-17,2025-04-18,2025-05-17,True
501,2025-04-24,1,452068,0.0,0,0.0,0,0.0,True,True,2025-04-24,2025-04-25,2025-05-24,True
502,2025-06-05,1,560141,58.7848017517655,2,58.7848017517655,2,0.0,True,True,2025-06-05,2025-06-06,2025-07-05,True
503,2025-06-12,1,742719,0.0,0,0.0,0,0.0,True,True,2025-06-12,2025-06-13,2025-07-12,True
504,2025-06-26,1,400515,158.5659694232325,3,158.5659694232325,3,0.0,True,True,2025-06-26,2025-06-27,2025-07-26,True
505,2025-04-03,1,138203,247.250412676467,1,247.250412676467,1,0.0,True,True,2025-04-03,2025-04-04,2025-05-03,True
506,2025-07-17,1,296885,71.7162646469819,1,71.7162646469819,1,0.0,True,True,2025-07-17,2025-07-18,2025-08-16,True
507,2025-05-22,1,46439,0.0,0,0.0,0,0.0,True,True,2025-05-22,2025-05-23,2025-06-21,True
508,2025-07-03,1,871746,201.2179451274154,2,201.2179451274154,2,0.0,True,True,2025-07-03,2025-07-04,2025-08-02,True
509,2025-04-10,1,164856,13.5084131285879,1,13.5084131285879,1,0.0,True,True,2025-04-10,2025-04-11,2025-05-10,True
510,2025-08-28,1,12243,0.0,0,0.0,0,0.0,True,True,2025-08-28,2025-08-29,2025-09-27,True
511,2025-09-04,3,566845,426.5351651076148,10,426.5351651076147,10,5.684341886080802e-14,True,True,2025-09-04,2025-09-05,2025-10-04,True
512,2025-07-03,1,471706,0.0,0,0.0,0,0.0,True,True,2025-07-03,2025-07-04,2025-08-02,True
513,2025-07-31,1,88095,8.74995873710648,1,8.74995873710648,1,0.0,True,True,2025-07-31,2025-08-01,2025-08-30,True
514,2025-05-01,1,24463,0.0,0,0.0,0,0.0,True,True,2025-05-01,2025-05-02,2025-05-31,True
515,2025-06-19,1,637636,0.0,0,0.0,0,0.0,True,True,2025-06-19,2025-06-20,2025-07-19,True
516,2025-09-18,3,82551,0.0,0,0.0,0,0.0,True,True,2025-09-18,2025-09-19,2025-10-18,True
517,2025-06-19,1,848686,0.0,0,0.0,0,0.0,True,True,2025-06-19,2025-06-20,2025-07-19,True
518,2025-06-19,1,467314,0.0,0,0.0,0,0.0,True,True,2025-06-19,2025-06-20,2025-07-19,True
519,2025-08-28,1,14140,0.0,0,0.0,0,0.0,True,True,2025-08-28,2025-08-29,2025-09-27,True
520,2025-04-24,1,196224,0.0,0,0.0,0,0.0,True,True,2025-04-24,2025-04-25,2025-05-24,True
521,2025-06-05,1,112002,0.0,0,0.0,0,0.0,True,True,2025-06-05,2025-06-06,2025-07-05,True
522,2025-04-10,1,665906,0.0,0,0.0,0,0.0,True,True,2025-04-10,2025-04-11,2025-05-10,True
523,2025-09-11,1,743398,0.0,0,0.0,0,0.0,True,True,2025-09-11,2025-09-12,2025-10-11,True
524,2025-08-21,1,352632,163.75783433338302,8,163.75783433338302,8,0.0,True,True,2025-08-21,2025-08-22,2025-09-20,True
525,2025-09-04,1,835978,43.02011252360728,2,43.02011252360728,2,0.0,True,True,2025-09-04,2025-09-05,2025-10-04,True
526,2025-05-01,1,497256,506.02182360585675,13,506.02182360585675,13,0.0,True,True,2025-05-01,2025-05-02,2025-05-31,True
527,2025-06-26,1,914267,0.0,0,0.0,0,0.0,True,True,2025-06-26,2025-06-27,2025-07-26,True
528,2025-08-28,1,632404,0.0,0,0.0,0,0.0,True,True,2025-08-28,2025-08-29,2025-09-27,True
529,2025-06-12,1,276109,100.773555507124,1,100.773555507124,1,0.0,True,True,2025-06-12,2025-06-13,2025-07-12,True
530,2025-07-24,1,865535,0.0,0,0.0,0,0.0,True,True,2025-07-24,2025-07-25,2025-08-23,True
531,2025-08-21,1,12030,0.0,0,0.0,0,0.0,True,True,2025-08-21,2025-08-22,2025-09-20,True
532,2025-07-24,1,616653,0.0,0,0.0,0,0.0,True,True,2025-07-24,2025-07-25,2025-08-23,True
533,2025-08-07,1,678981,0.0,0,0.0,0,0.0,True,True,2025-08-07,2025-08-08,2025-09-06,True
534,2025-04-10,1,170971,89.5154530424631,2,89.5154530424631,2,0.0,True,True,2025-04-10,2025-04-11,2025-05-10,True
535,2025-08-21,1,653596,18.7616193918652,1,18.7616193918652,1,0.0,True,True,2025-08-21,2025-08-22,2025-09-20,True
536,2025-05-29,1,895152,139.4253000268235,6,139.4253000268235,6,0.0,True,True,2025-05-29,2025-05-30,2025-06-28,True
537,2025-10-16,3,466867,0.0,0,0.0,0,0.0,True,True,2025-10-16,2025-10-17,2025-11-15,True
538,2025-07-10,1,381443,65.1415294372735,2,65.1415294372735,2,0.0,True,True,2025-07-10,2025-07-11,2025-08-09,True
539,2025-04-03,1,410964,43.81465699093924,3,43.81465699093924,3,0.0,True,True,2025-04-03,2025-04-04,2025-05-03,True
540,2025-04-24,1,714829,0.0,0,0.0,0,0.0,True,True,2025-04-24,2025-04-25,2025-05-24,True
541,2025-07-24,1,119767,0.0,0,0.0,0,0.0,True,True,2025-07-24,2025-07-25,2025-08-23,True
542,2025-04-03,1,213080,0.0,0,0.0,0,0.0,True,True,2025-04-03,2025-04-04,2025-05-03,True
543,2025-06-05,1,139275,0.0,0,0.0,0,0.0,True,True,2025-06-05,2025-06-06,2025-07-05,True
544,2025-06-19,1,687944,0.0,0,0.0,0,0.0,True,True,2025-06-19,2025-06-20,2025-07-19,True
545,2025-05-08,1,417058,0.0,0,0.0,0,0.0,True,True,2025-05-08,2025-05-09,2025-06-07,True
546,2025-08-14,1,50146,183.8753231880572,8,183.87532318805722,8,2.842170943040401e-14,True,True,2025-08-14,2025-08-15,2025-09-13,True
547,2025-10-16,3,188010,326.4838933440693,16,326.4838933440693,16,0.0,True,True,2025-10-16,2025-10-17,2025-11-15,True
548,2025-09-04,3,840332,0.0,0,0.0,0,0.0,True,True,2025-09-04,2025-09-05,2025-10-04,True
549,2025-10-02,3,407614,139.54968039419137,5,139.54968039419137,5,0.0,True,True,2025-10-02,2025-10-03,2025-11-01,True
550,2025-05-29,1,851191,23.8432184802549,2,23.8432184802549,2,0.0,True,True,2025-05-29,2025-05-30,2025-06-28,True
551,2025-04-17,1,812966,23.3242107472459,2,23.3242107472459,2,0.0,True,True,2025-04-17,2025-04-18,2025-05-17,True
552,2025-07-17,1,57840,218.9353598426735,5,218.9353598426735,5,0.0,True,True,2025-07-17,2025-07-18,2025-08-16,True
553,2025-04-03,1,625827,804.1345620858198,15,804.1345620858198,15,0.0,True,True,2025-04-03,2025-04-04,2025-05-03,True
554,2025-08-07,1,251585,81.16582983566781,5,81.16582983566781,5,0.0,True,True,2025-08-07,2025-08-08,2025-09-06,True
555,2025-05-01,1,612346,0.0,0,0.0,0,0.0,True,True,2025-05-01,2025-05-02,2025-05-31,True
556,2025-05-22,1,759166,40.1170261370477,1,40.1170261370477,1,0.0,True,True,2025-05-22,2025-05-23,2025-06-21,True
557,2025-06-19,1,214506,0.0,0,0.0,0,0.0,True,True,2025-06-19,2025-06-20,2025-07-19,True
558,2025-09-11,1,496278,35.1818550309005,1,35.1818550309005,1,0.0,True,True,2025-09-11,2025-09-12,2025-10-11,True
559,2025-04-24,1,360314,0.0,0,0.0,0,0.0,True,True,2025-04-24,2025-04-25,2025-05-24,True
560,2025-07-03,1,548843,38.30146980789319,2,38.30146980789319,2,0.0,True,True,2025-07-03,2025-07-04,2025-08-02,True
561,2025-06-12,1,540223,0.0,0,0.0,0,0.0,True,True,2025-06-12,2025-06-13,2025-07-12,True
562,2025-04-03,1,511520,0.0,0,0.0,0,0.0,True,True,2025-04-03,2025-04-04,2025-05-03,True
563,2025-04-24,1,582323,31.97552730787482,2,31.97552730787482,2,0.0,True,True,2025-04-24,2025-04-25,2025-05-24,True
564,2025-05-29,1,877739,0.0,0,0.0,0,0.0,True,True,2025-05-29,2025-05-30,2025-06-28,True
565,2025-06-19,1,649645,173.56305020292925,8,173.56305020292928,8,2.842170943040401e-14,True,True,2025-06-19,2025-06-20,2025-07-19,True
566,2025-09-11,1,885114,0.0,0,0.0,0,0.0,True,True,2025-09-11,2025-09-12,2025-10-11,True
567,2025-09-04,3,296654,896.258622651906,14,896.2586226519061,14,1.1368683772161603e-13,True,True,2025-09-04,2025-09-05,2025-10-04,True
568,2025-04-17,1,112069,0.0,0,0.0,0,0.0,True,True,2025-04-17,2025-04-18,2025-05-17,True
569,2025-08-21,1,332141,0.0,0,0.0,0,0.0,True,True,2025-08-21,2025-08-22,2025-09-20,True
570,2025-08-21,1,101027,184.8240851116068,2,184.8240851116068,2,0.0,True,True,2025-08-21,2025-08-22,2025-09-20,True
571,2025-07-17,1,345388,14.1524244295806,1,14.1524244295806,1,0.0,True,True,2025-07-17,2025-07-18,2025-08-16,True
572,2025-10-02,3,739841,0.0,0,0.0,0,0.0,True,True,2025-10-02,2025-10-03,2025-11-01,True
573,2025-09-18,3,595110,37.2447751672003,1,37.2447751672003,1,0.0,True,True,2025-09-18,2025-09-19,2025-10-18,True
574,2025-07-17,1,300651,6.72133231195853,1,6.72133231195853,1,0.0,True,True,2025-07-17,2025-07-18,2025-08-16,True
575,2025-10-16,3,608016,0.0,0,0.0,0,0.0,True,True,2025-10-16,2025-10-17,2025-11-15,True
576,2025-09-04,3,530962,492.5087290417536,5,492.50872904175367,5,5.684341886080802e-14,True,True,2025-09-04,2025-09-05,2025-10-04,True
577,2025-05-29,1,872603,67.48664111553406,3,67.48664111553406,3,0.0,True,True,2025-05-29,2025-05-30,2025-06-28,True
578,2025-10-16,3,111540,43.639853611762,2,43.639853611762,2,0.0,True,True,2025-10-16,2025-10-17,2025-11-15,True
579,2025-09-18,3,659136,77.1620047806242,2,77.1620047806242,2,0.0,True,True,2025-09-18,2025-09-19,2025-10-18,True
580,2025-04-03,1,46395,127.19343131658171,3,127.19343131658172,3,1.4210854715202004e-14,True,True,2025-04-03,2025-04-04,2025-05-03,True
581,2025-04-03,1,613023,0.0,0,0.0,0,0.0,True,True,2025-04-03,2025-04-04,2025-05-03,True
582,2025-09-11,1,25117,157.31411688232046,2,157.31411688232046,2,0.0,True,True,2025-09-11,2025-09-12,2025-10-11,True
583,2025-07-17,1,174471,238.6707653587589,5,238.6707653587589,5,0.0,True,True,2025-07-17,2025-07-18,2025-08-16,True
584,2025-05-22,1,80677,9.91378312682397,1,9.91378312682397,1,0.0,True,True,2025-05-22,2025-05-23,2025-06-21,True
585,2025-08-07,1,155726,1740.6857211667143,12,1740.6857211667143,12,0.0,True,True,2025-08-07,2025-08-08,2025-09-06,True
586,2025-07-10,1,128767,374.6244497312174,15,374.62444973121745,15,5.684341886080802e-14,True,True,2025-07-10,2025-07-11,2025-08-09,True
587,2025-07-17,1,101278,15.9368654781838,1,15.9368654781838,1,0.0,True,True,2025-07-17,2025-07-18,2025-08-16,True
588,2025-07-17,1,276539,0.0,0,0.0,0,0.0,True,True,2025-07-17,2025-07-18,2025-08-16,True
589,2025-07-10,1,611941,0.0,0,0.0,0,0.0,True,True,2025-07-10,2025-07-11,2025-08-09,True
590,2025-09-04,1,334213,0.0,0,0.0,0,0.0,True,True,2025-09-04,2025-09-05,2025-10-04,True
591,2025-09-18,3,7137,181.8025394348891,2,181.8025394348891,2,0.0,True,True,2025-09-18,2025-09-19,2025-10-18,True
592,2025-08-28,1,787480,16.402172999573,1,16.402172999573,1,0.0,True,True,2025-08-28,2025-08-29,2025-09-27,True
593,2025-05-01,1,831327,14.4530609668753,1,14.4530609668753,1,0.0,True,True,2025-05-01,2025-05-02,2025-05-31,True
594,2025-09-04,3,625466,122.11866312465719,2,122.11866312465719,2,0.0,True,True,2025-09-04,2025-09-05,2025-10-04,True
595,2025-05-08,1,237949,0.0,0,0.0,0,0.0,True,True,2025-05-08,2025-05-09,2025-06-07,True
596,2025-07-24,1,237719,24.9900785986831,1,24.9900785986831,1,0.0,True,True,2025-07-24,2025-07-25,2025-08-23,True
597,2025-06-26,1,282882,62.10082554645181,3,62.1008255464518,3,7.105427357601002e-15,True,True,2025-06-26,2025-06-27,2025-07-26,True
598,2025-05-29,1,548815,43.53721233585107,2,43.53721233585107,2,0.0,True,True,2025-05-29,2025-05-30,2025-06-28,True
599,2025-05-22,1,655145,20.59938019035765,2,20.59938019035765,2,0.0,True,True,2025-05-22,2025-05-23,2025-06-21,True
600,2025-04-03,1,659541,93.5673368184605,5,93.5673368184605,5,0.0,True,True,2025-04-03,2025-04-04,2025-05-03,True
601,2025-04-03,1,663930,0.0,0,0.0,0,0.0,True,True,2025-04-03,2025-04-04,2025-05-03,True
602,2025-05-22,1,207419,0.0,0,0.0,0,0.0,True,True,2025-05-22,2025-05-23,2025-06-21,True
603,2025-07-10,1,491752,27.7101937528554,2,27.7101937528554,2,0.0,True,True,2025-07-10,2025-07-11,2025-08-09,True
604,2025-05-22,1,217064,171.475611174299,1,171.475611174299,1,0.0,True,True,2025-05-22,2025-05-23,2025-06-21,True
605,2025-06-26,1,62506,399.10735080173396,9,399.10735080173396,9,0.0,True,True,2025-06-26,2025-06-27,2025-07-26,True
606,2025-04-03,1,147014,150.22358868317122,5,150.2235886831712,5,2.842170943040401e-14,True,True,2025-04-03,2025-04-04,2025-05-03,True
607,2025-09-11,1,786976,56.5641640420435,3,56.5641640420435,3,0.0,True,True,2025-09-11,2025-09-12,2025-10-11,True
608,2025-05-01,1,503948,117.1651941926174,3,117.1651941926174,3,0.0,True,True,2025-05-01,2025-05-02,2025-05-31,True
609,2025-04-24,1,376902,264.99317099435973,4,264.99317099435973,4,0.0,True,True,2025-04-24,2025-04-25,2025-05-24,True
610,2025-04-17,1,177485,72.34984688858276,3,72.34984688858276,3,0.0,True,True,2025-04-17,2025-04-18,2025-05-17,True
611,2025-08-28,1,540553,0.0,0,0.0,0,0.0,True,True,2025-08-28,2025-08-29,2025-09-27,True
612,2025-08-21,1,910680,292.434331171834,4,292.434331171834,4,0.0,True,True,2025-08-21,2025-08-22,2025-09-20,True
613,2025-08-21,1,848553,0.0,0,0.0,0,0.0,True,True,2025-08-21,2025-08-22,2025-09-20,True
614,2025-06-19,1,69284,31.3889523577386,2,31.3889523577386,2,0.0,True,True,2025-06-19,2025-06-20,2025-07-19,True
615,2025-10-16,3,491414,212.950748287021,7,212.95074828702099,7,2.842170943040401e-14,True,True,2025-10-16,2025-10-17,2025-11-15,True
616,2025-04-03,1,698381,0.0,0,0.0,0,0.0,True,True,2025-04-03,2025-04-04,2025-05-03,True
617,2025-09-11,1,503811,188.02878689623697,8,188.028786896237,8,2.842170943040401e-14,True,True,2025-09-11,2025-09-12,2025-10-11,True
618,2025-06-05,1,679824,6.52459678935595,1,6.52459678935595,1,0.0,True,True,2025-06-05,2025-06-06,2025-07-05,True
619,2025-05-29,1,679125,0.0,0,0.0,0,0.0,True,True,2025-05-29,2025-05-30,2025-06-28,True
620,2025-10-02,3,813358,0.0,0,0.0,0,0.0,True,True,2025-10-02,2025-10-03,2025-11-01,True
621,2025-09-04,3,529783,0.0,0,0.0,0,0.0,True,True,2025-09-04,2025-09-05,2025-10-04,True
622,2025-10-02,3,788290,16.8157417577386,1,16.8157417577386,1,0.0,True,True,2025-10-02,2025-10-03,2025-11-01,True
623,2025-05-15,1,607140,0.0,0,0.0,0,0.0,True,True,2025-05-15,2025-05-16,2025-06-14,True
624,2025-10-02,3,898782,111.328326067695,1,111.328326067695,1,0.0,True,True,2025-10-02,2025-10-03,2025-11-01,True
625,2025-05-22,1,837804,270.7582191492721,2,270.7582191492721,2,0.0,True,True,2025-05-22,2025-05-23,2025-06-21,True
626,2025-06-05,1,165959,36.2407414886959,3,36.2407414886959,3,0.0,True,True,2025-06-05,2025-06-06,2025-07-05,True
627,2025-04-17,1,689113,21.8842618086261,1,21.8842618086261,1,0.0,True,True,2025-04-17,2025-04-18,2025-05-17,True
628,2025-06-05,1,539862,0.0,0,0.0,0,0.0,True,True,2025-06-05,2025-06-06,2025-07-05,True
629,2025-05-15,1,477858,99.0043378440072,2,99.0043378440072,2,0.0,True,True,2025-05-15,2025-05-16,2025-06-14,True
630,2025-04-17,1,634416,0.0,0,0.0,0,0.0,True,True,2025-04-17,2025-04-18,2025-05-17,True
631,2025-06-05,1,755527,0.0,0,0.0,0,0.0,True,True,2025-06-05,2025-06-06,2025-07-05,True
632,2025-07-31,1,795735,311.3761115456285,6,311.3761115456285,6,0.0,True,True,2025-07-31,2025-08-01,2025-08-30,True
633,2025-05-08,1,580365,133.47736020544698,8,133.47736020544698,8,0.0,True,True,2025-05-08,2025-05-09,2025-06-07,True
634,2025-04-24,1,623165,230.08823282201,2,230.08823282201,2,0.0,True,True,2025-04-24,2025-04-25,2025-05-24,True
635,2025-09-18,3,257455,431.5550105808407,13,431.55501058084076,13,5.684341886080802e-14,True,True,2025-09-18,2025-09-19,2025-10-18,True
636,2025-08-21,1,743188,34.7720876726216,1,34.7720876726216,1,0.0,True,True,2025-08-21,2025-08-22,2025-09-20,True
637,2025-07-03,1,598340,190.0597076046895,4,190.0597076046895,4,0.0,True,True,2025-07-03,2025-07-04,2025-08-02,True
638,2025-10-16,3,560180,6597.125072709928,3,6597.125072709928,3,0.0,True,True,2025-10-16,2025-10-17,2025-11-15,True
639,2025-08-14,1,528989,0.0,0,0.0,0,0.0,True,True,2025-08-14,2025-08-15,2025-09-13,True
640,2025-10-16,3,888313,0.0,0,0.0,0,0.0,True,True,2025-10-16,2025-10-17,2025-11-15,True
641,2025-08-21,1,899890,20.6258092456896,1,20.6258092456896,1,0.0,True,True,2025-08-21,2025-08-22,2025-09-20,True
642,2025-06-19,1,120554,17.9738572604909,1,17.9738572604909,1,0.0,True,True,2025-06-19,2025-06-20,2025-07-19,True
643,2025-10-16,3,385794,0.0,0,0.0,0,0.0,True,True,2025-10-16,2025-10-17,2025-11-15,True
644,2025-05-29,1,699662,0.0,0,0.0,0,0.0,True,True,2025-05-29,2025-05-30,2025-06-28,True
645,2025-05-08,1,351028,51.2176225744596,1,51.2176225744596,1,0.0,True,True,2025-05-08,2025-05-09,2025-06-07,True
646,2025-05-01,1,784959,0.0,0,0.0,0,0.0,True,True,2025-05-01,2025-05-02,2025-05-31,True
647,2025-10-02,3,803419,6.04090209825208,1,6.04090209825208,1,0.0,True,True,2025-10-02,2025-10-03,2025-11-01,True
648,2025-07-10,1,849371,1331.0736900519223,11,1331.0736900519223,11,0.0,True,True,2025-07-10,2025-07-11,2025-08-09,True
649,2025-07-10,1,892352,16.8054172002063,1,16.8054172002063,1,0.0,True,True,2025-07-10,2025-07-11,2025-08-09,True
650,2025-07-31,1,414791,58.95660004152557,2,58.95660004152557,2,0.0,True,True,2025-07-31,2025-08-01,2025-08-30,True
651,2025-04-03,1,548758,187.96663926038286,6,187.96663926038286,6,0.0,True,True,2025-04-03,2025-04-04,2025-05-03,True
652,2025-05-29,1,17684,0.0,0,0.0,0,0.0,True,True,2025-05-29,2025-05-30,2025-06-28,True
653,2025-07-17,1,904876,362.5228411309181,9,362.52284113091815,9,5.684341886080802e-14,True,True,2025-07-17,2025-07-18,2025-08-16,True
654,2025-07-10,1,616545,0.0,0,0.0,0,0.0,True,True,2025-07-10,2025-07-11,2025-08-09,True
655,2025-08-21,1,806728,45.0634450773672,3,45.063445077367206,3,7.105427357601002e-15,True,True,2025-08-21,2025-08-22,2025-09-20,True
656,2025-07-31,1,840918,114.48989982322962,5,114.48989982322962,5,0.0,True,True,2025-07-31,2025-08-01,2025-08-30,True
657,2025-10-02,3,846723,0.0,0,0.0,0,0.0,True,True,2025-10-02,2025-10-03,2025-11-01,True
658,2025-06-19,1,805845,0.0,0,0.0,0,0.0,True,True,2025-06-19,2025-06-20,2025-07-19,True
659,2025-08-14,1,677403,0.0,0,0.0,0,0.0,True,True,2025-08-14,2025-08-15,2025-09-13,True
660,2025-04-10,1,194630,26.9794000340507,1,26.9794000340507,1,0.0,True,True,2025-04-10,2025-04-11,2025-05-10,True
661,2025-06-12,1,422869,157.5122674732579,3,157.5122674732579,3,0.0,True,True,2025-06-12,2025-06-13,2025-07-12,True
662,2025-08-21,1,733852,168.4882139077736,4,168.4882139077736,4,0.0,True,True,2025-08-21,2025-08-22,2025-09-20,True
663,2025-05-29,1,482788,905.6983567572736,6,905.6983567572738,6,2.2737367544323206e-13,True,True,2025-05-29,2025-05-30,2025-06-28,True
664,2025-09-04,3,205092,1196.9754290154,3,1196.9754290154,3,0.0,True,True,2025-09-04,2025-09-05,2025-10-04,True
665,2025-09-18,3,849039,0.0,0,0.0,0,0.0,True,True,2025-09-18,2025-09-19,2025-10-18,True
666,2025-10-16,3,289957,228.010700198848,7,228.01070019884804,7,2.842170943040401e-14,True,True,2025-10-16,2025-10-17,2025-11-15,True
667,2025-04-10,1,329168,366.9500981018438,9,366.9500981018438,9,0.0,True,True,2025-04-10,2025-04-11,2025-05-10,True
668,2025-05-01,1,642452,75.1426427263009,1,75.1426427263009,1,0.0,True,True,2025-05-01,2025-05-02,2025-05-31,True
669,2025-09-18,3,815914,38.3081675723875,1,38.3081675723875,1,0.0,True,True,2025-09-18,2025-09-19,2025-10-18,True
670,2025-06-19,1,262290,15.862245017311,1,15.862245017311,1,0.0,True,True,2025-06-19,2025-06-20,2025-07-19,True
671,2025-10-02,3,481694,51.79046354569033,3,51.79046354569033,3,0.0,True,True,2025-10-02,2025-10-03,2025-11-01,True
672,2025-08-21,1,809252,0.0,0,0.0,0,0.0,True,True,2025-08-21,2025-08-22,2025-09-20,True
673,2025-07-31,1,225831,169.3302292697146,2,169.3302292697146,2,0.0,True,True,2025-07-31,2025-08-01,2025-08-30,True
674,2025-07-17,1,281132,0.0,0,0.0,0,0.0,True,True,2025-07-17,2025-07-18,2025-08-16,True
675,2025-05-01,1,404834,66.2376757264197,1,66.2376757264197,1,0.0,True,True,2025-05-01,2025-05-02,2025-05-31,True
676,2025-04-17,1,268768,14.5706003461933,1,14.5706003461933,1,0.0,True,True,2025-04-17,2025-04-18,2025-05-17,True
677,2025-10-02,3,441729,0.0,0,0.0,0,0.0,True,True,2025-10-02,2025-10-03,2025-11-01,True
678,2025-05-08,1,182607,0.0,0,0.0,0,0.0,True,True,2025-05-08,2025-05-09,2025-06-07,True
679,2025-10-02,3,889691,0.0,0,0.0,0,0.0,True,True,2025-10-02,2025-10-03,2025-11-01,True
680,2025-09-04,1,90445,0.0,0,0.0,0,0.0,True,True,2025-09-04,2025-09-05,2025-10-04,True
681,2025-08-28,1,336966,6.23860694002157,1,6.23860694002157,1,0.0,True,True,2025-08-28,2025-08-29,2025-09-27,True
682,2025-08-21,1,437130,22.7145370998608,1,22.7145370998608,1,0.0,True,True,2025-08-21,2025-08-22,2025-09-20,True
683,2025-05-22,1,831749,368.666367507137,7,368.666367507137,7,0.0,True,True,2025-05-22,2025-05-23,2025-06-21,True
684,2025-04-17,1,619603,80.44113254614265,4,80.44113254614265,4,0.0,True,True,2025-04-17,2025-04-18,2025-05-17,True
685,2025-04-03,1,484757,25.0424025944069,1,25.0424025944069,1,0.0,True,True,2025-04-03,2025-04-04,2025-05-03,True
686,2025-06-26,1,284086,807.5210290234137,3,807.5210290234137,3,0.0,True,True,2025-06-26,2025-06-27,2025-07-26,True
687,2025-04-03,1,577782,349.29473132979547,5,349.2947313297955,5,5.684341886080802e-14,True,True,2025-04-03,2025-04-04,2025-05-03,True
688,2025-06-12,1,82438,0.0,0,0.0,0,0.0,True,True,2025-06-12,2025-06-13,2025-07-12,True
689,2025-08-28,1,569110,0.0,0,0.0,0,0.0,True,True,2025-08-28,2025-08-29,2025-09-27,True
690,2025-09-04,3,526615,25.795066627679038,2,25.795066627679038,2,0.0,True,True,2025-09-04,2025-09-05,2025-10-04,True
691,2025-07-10,1,134425,9.18518880604341,1,9.18518880604341,1,0.0,True,True,2025-07-10,2025-07-11,2025-08-09,True
692,2025-06-19,1,374892,14.6568481025996,1,14.6568481025996,1,0.0,True,True,2025-06-19,2025-06-20,2025-07-19,True
693,2025-04-10,1,126771,0.0,0,0.0,0,0.0,True,True,2025-04-10,2025-04-11,2025-05-10,True
694,2025-08-28,1,800913,100.344731077839,1,100.344731077839,1,0.0,True,True,2025-08-28,2025-08-29,2025-09-27,True
695,2025-05-08,1,333421,99.7930291983124,1,99.7930291983124,1,0.0,True,True,2025-05-08,2025-05-09,2025-06-07,True
696,2025-09-11,1,27112,0.0,0,0.0,0,0.0,True,True,2025-09-11,2025-09-12,2025-10-11,True
697,2025-04-10,1,429269,61.8063211278749,1,61.8063211278749,1,0.0,True,True,2025-04-10,2025-04-11,2025-05-10,True
698,2025-07-17,1,546418,23.53031444004485,3,23.530314440044847,3,3.552713678800501e-15,True,True,2025-07-17,2025-07-18,2025-08-16,True
699,2025-08-28,1,362980,0.0,0,0.0,0,0.0,True,True,2025-08-28,2025-08-29,2025-09-27,True
700,2025-05-22,1,753617,94.5309451539637,2,94.5309451539637,2,0.0,True,True,2025-05-22,2025-05-23,2025-06-21,True
701,2025-05-08,1,900733,12.6093345863457,1,12.6093345863457,1,0.0,True,True,2025-05-08,2025-05-09,2025-06-07,True
702,2025-05-08,1,481602,18.366442964261,1,18.366442964261,1,0.0,True,True,2025-05-08,2025-05-09,2025-06-07,True
703,2025-08-07,1,898269,0.0,0,0.0,0,0.0,True,True,2025-08-07,2025-08-08,2025-09-06,True
704,2025-04-17,1,39903,197.3124325555022,2,197.3124325555022,2,0.0,True,True,2025-04-17,2025-04-18,2025-05-17,True
705,2025-06-19,1,259473,27.3347824059512,1,27.3347824059512,1,0.0,True,True,2025-06-19,2025-06-20,2025-07-19,True
706,2025-04-03,1,890820,0.0,0,0.0,0,0.0,True,True,2025-04-03,2025-04-04,2025-05-03,True
707,2025-09-04,1,906981,0.0,0,0.0,0,0.0,True,True,2025-09-04,2025-09-05,2025-10-04,True
708,2025-09-18,3,819058,0.0,0,0.0,0,0.0,True,True,2025-09-18,2025-09-19,2025-10-18,True
709,2025-05-29,1,382248,0.0,0,0.0,0,0.0,True,True,2025-05-29,2025-05-30,2025-06-28,True
710,2025-06-26,1,679764,26.404495097167224,3,26.404495097167224,3,0.0,True,True,2025-06-26,2025-06-27,2025-07-26,True
711,2025-05-08,1,878801,145.2651894150668,3,145.2651894150668,3,0.0,True,True,2025-05-08,2025-05-09,2025-06-07,True
712,2025-07-10,1,378683,78.39495451087814,4,78.39495451087814,4,0.0,True,True,2025-07-10,2025-07-11,2025-08-09,True
713,2025-05-01,1,459904,20.16422710426117,2,20.16422710426117,2,0.0,True,True,2025-05-01,2025-05-02,2025-05-31,True
714,2025-09-18,3,64279,0.0,0,0.0,0,0.0,True,True,2025-09-18,2025-09-19,2025-10-18,True
715,2025-06-19,1,583606,0.0,0,0.0,0,0.0,True,True,2025-06-19,2025-06-20,2025-07-19,True
716,2025-07-10,1,203936,0.0,0,0.0,0,0.0,True,True,2025-07-10,2025-07-11,2025-08-09,True
717,2025-10-02,3,284944,0.0,0,0.0,0,0.0,True,True,2025-10-02,2025-10-03,2025-11-01,True
718,2025-10-02,3,79484,0.0,0,0.0,0,0.0,True,True,2025-10-02,2025-10-03,2025-11-01,True
719,2025-04-10,1,352851,10.6144091963151,1,10.6144091963151,1,0.0,True,True,2025-04-10,2025-04-11,2025-05-10,True
720,2025-05-22,1,352526,22.8997025050968,1,22.8997025050968,1,0.0,True,True,2025-05-22,2025-05-23,2025-06-21,True
721,2025-05-22,1,466227,0.0,0,0.0,0,0.0,True,True,2025-05-22,2025-05-23,2025-06-21,True
722,2025-09-18,3,738804,49.53512186556719,4,49.53512186556719,4,0.0,True,True,2025-09-18,2025-09-19,2025-10-18,True
723,2025-10-16,3,99656,0.0,0,0.0,0,0.0,True,True,2025-10-16,2025-10-17,2025-11-15,True
724,2025-05-22,1,291223,1.12037937408565,1,1.12037937408565,1,0.0,True,True,2025-05-22,2025-05-23,2025-06-21,True
725,2025-06-26,1,857597,0.0,0,0.0,0,0.0,True,True,2025-06-26,2025-06-27,2025-07-26,True
726,2025-04-17,1,570107,251.1699929628582,10,251.1699929628582,10,0.0,True,True,2025-04-17,2025-04-18,2025-05-17,True
727,2025-05-08,1,163508,0.0,0,0.0,0,0.0,True,True,2025-05-08,2025-05-09,2025-06-07,True
728,2025-07-10,1,105647,49.96150788913455,4,49.96150788913455,4,0.0,True,True,2025-07-10,2025-07-11,2025-08-09,True
729,2025-04-24,1,899145,0.0,0,0.0,0,0.0,True,True,2025-04-24,2025-04-25,2025-05-24,True
730,2025-09-18,3,774763,216.5626377544316,2,216.5626377544316,2,0.0,True,True,2025-09-18,2025-09-19,2025-10-18,True
731,2025-04-24,1,180767,0.0,0,0.0,0,0.0,True,True,2025-04-24,2025-04-25,2025-05-24,True
732,2025-04-24,1,248527,186.121060112425,1,186.121060112425,1,0.0,True,True,2025-04-24,2025-04-25,2025-05-24,True
733,2025-06-05,1,843721,0.0,0,0.0,0,0.0,True,True,2025-06-05,2025-06-06,2025-07-05,True
734,2025-06-26,1,488056,0.0,0,0.0,0,0.0,True,True,2025-06-26,2025-06-27,2025-07-26,True
735,2025-06-26,1,440696,0.0,0,0.0,0,0.0,True,True,2025-06-26,2025-06-27,2025-07-26,True
736,2025-09-04,1,41398,20.755887353142,1,20.755887353142,1,0.0,True,True,2025-09-04,2025-09-05,2025-10-04,True
737,2025-09-04,1,228432,0.0,0,0.0,0,0.0,True,True,2025-09-04,2025-09-05,2025-10-04,True
738,2025-09-18,3,816823,0.0,0,0.0,0,0.0,True,True,2025-09-18,2025-09-19,2025-10-18,True
739,2025-05-08,1,64693,37.6061175156526,2,37.6061175156526,2,0.0,True,True,2025-05-08,2025-05-09,2025-06-07,True
740,2025-10-02,3,318535,0.0,0,0.0,0,0.0,True,True,2025-10-02,2025-10-03,2025-11-01,True
741,2025-08-07,1,230319,0.0,0,0.0,0,0.0,True,True,2025-08-07,2025-08-08,2025-09-06,True
742,2025-07-31,1,393507,29.01764801337995,2,29.01764801337995,2,0.0,True,True,2025-07-31,2025-08-01,2025-08-30,True
743,2025-07-17,1,64676,0.0,0,0.0,0,0.0,True,True,2025-07-17,2025-07-18,2025-08-16,True
744,2025-07-03,1,63655,0.0,0,0.0,0,0.0,True,True,2025-07-03,2025-07-04,2025-08-02,True
745,2025-04-24,1,849023,395.3782461423311,3,395.37824614233114,3,5.684341886080802e-14,True,True,2025-04-24,2025-04-25,2025-05-24,True
746,2025-10-16,3,773234,75.46618258422791,2,75.46618258422791,2,0.0,True,True,2025-10-16,2025-10-17,2025-11-15,True
747,2025-06-19,1,377228,0.0,0,0.0,0,0.0,True,True,2025-06-19,2025-06-20,2025-07-19,True
748,2025-07-10,1,490903,22.7929657732459,1,22.7929657732459,1,0.0,True,True,2025-07-10,2025-07-11,2025-08-09,True
749,2025-05-08,1,696981,117.71679561445264,5,117.71679561445264,5,0.0,True,True,2025-05-08,2025-05-09,2025-06-07,True
750,2025-05-15,1,166182,0.0,0,0.0,0,0.0,True,True,2025-05-15,2025-05-16,2025-06-14,True
751,2025-05-01,1,843685,0.0,0,0.0,0,0.0,True,True,2025-05-01,2025-05-02,2025-05-31,True
752,2025-07-03,1,292287,0.0,0,0.0,0,0.0,True,True,2025-07-03,2025-07-04,2025-08-02,True
753,2025-08-14,1,561142,0.0,0,0.0,0,0.0,True,True,2025-08-14,2025-08-15,2025-09-13,True
754,2025-09-11,1,919,112.22450380218962,4,112.22450380218962,4,0.0,True,True,2025-09-11,2025-09-12,2025-10-11,True
755,2025-10-16,3,124258,0.0,0,0.0,0,0.0,True,True,2025-10-16,2025-10-17,2025-11-15,True
756,2025-07-10,1,265951,30.245492294903144,3,30.245492294903144,3,0.0,True,True,2025-07-10,2025-07-11,2025-08-09,True
757,2025-05-08,1,323113,0.0,0,0.0,0,0.0,True,True,2025-05-08,2025-05-09,2025-06-07,True
758,2025-05-08,1,142828,670.0298148587758,5,670.0298148587758,5,0.0,True,True,2025-05-08,2025-05-09,2025-06-07,True
759,2025-04-17,1,655038,0.0,0,0.0,0,0.0,True,True,2025-04-17,2025-04-18,2025-05-17,True
760,2025-07-24,1,103255,0.0,0,0.0,0,0.0,True,True,2025-07-24,2025-07-25,2025-08-23,True
761,2025-04-03,1,29663,0.0,0,0.0,0,0.0,True,True,2025-04-03,2025-04-04,2025-05-03,True
762,2025-07-24,1,689987,121.61242622059568,5,121.61242622059568,5,0.0,True,True,2025-07-24,2025-07-25,2025-08-23,True
763,2025-05-29,1,638663,0.0,0,0.0,0,0.0,True,True,2025-05-29,2025-05-30,2025-06-28,True
764,2025-04-17,1,298111,29.821922919734202,2,29.821922919734202,2,0.0,True,True,2025-04-17,2025-04-18,2025-05-17,True
765,2025-09-18,3,157476,272.7108888827653,2,272.7108888827653,2,0.0,True,True,2025-09-18,2025-09-19,2025-10-18,True
766,2025-04-24,1,899298,118.74599232546568,4,118.74599232546566,4,1.4210854715202004e-14,True,True,2025-04-24,2025-04-25,2025-05-24,True
767,2025-08-14,1,439579,5.81426962127032,1,5.81426962127032,1,0.0,True,True,2025-08-14,2025-08-15,2025-09-13,True
768,2025-09-04,1,320097,0.0,0,0.0,0,0.0,True,True,2025-09-04,2025-09-05,2025-10-04,True
769,2025-07-17,1,205246,12.3070954744134,1,12.3070954744134,1,0.0,True,True,2025-07-17,2025-07-18,2025-08-16,True
770,2025-09-18,3,141848,215.98864980735496,4,215.988649807355,4,2.842170943040401e-14,True,True,2025-09-18,2025-09-19,2025-10-18,True
771,2025-04-24,1,53197,0.0,0,0.0,0,0.0,True,True,2025-04-24,2025-04-25,2025-05-24,True
772,2025-05-15,1,427163,0.0,0,0.0,0,0.0,True,True,2025-05-15,2025-05-16,2025-06-14,True
773,2025-08-07,1,455838,72.21007702723362,3,72.21007702723362,3,0.0,True,True,2025-08-07,2025-08-08,2025-09-06,True
774,2025-08-14,1,92401,32.42976075405103,4,32.42976075405103,4,0.0,True,True,2025-08-14,2025-08-15,2025-09-13,True
775,2025-10-02,3,288407,0.0,0,0.0,0,0.0,True,True,2025-10-02,2025-10-03,2025-11-01,True
776,2025-09-11,1,131733,11.8926586404812,1,11.8926586404812,1,0.0,True,True,2025-09-11,2025-09-12,2025-10-11,True
777,2025-06-12,1,428460,0.0,0,0.0,0,0.0,True,True,2025-06-12,2025-06-13,2025-07-12,True
778,2025-04-03,1,908223,0.0,0,0.0,0,0.0,True,True,2025-04-03,2025-04-04,2025-05-03,True
779,2025-06-12,1,858625,0.0,0,0.0,0,0.0,True,True,2025-06-12,2025-06-13,2025-07-12,True
780,2025-07-10,1,820176,415.18099681405226,12,415.18099681405226,12,0.0,True,True,2025-07-10,2025-07-11,2025-08-09,True
781,2025-08-14,1,274452,30.8583644504672,1,30.8583644504672,1,0.0,True,True,2025-08-14,2025-08-15,2025-09-13,True
782,2025-04-24,1,852291,69.12236051183964,4,69.12236051183964,4,0.0,True,True,2025-04-24,2025-04-25,2025-05-24,True
783,2025-08-21,1,404042,0.0,0,0.0,0,0.0,True,True,2025-08-21,2025-08-22,2025-09-20,True
784,2025-07-24,1,330583,0.0,0,0.0,0,0.0,True,True,2025-07-24,2025-07-25,2025-08-23,True
785,2025-05-29,1,913569,0.0,0,0.0,0,0.0,True,True,2025-05-29,2025-05-30,2025-06-28,True
786,2025-04-10,1,659260,6.32987519025338,1,6.32987519025338,1,0.0,True,True,2025-04-10,2025-04-11,2025-05-10,True
787,2025-05-08,1,322935,6.87570743470855,1,6.87570743470855,1,0.0,True,True,2025-05-08,2025-05-09,2025-06-07,True
788,2025-10-02,3,846829,70.3454071904906,1,70.3454071904906,1,0.0,True,True,2025-10-02,2025-10-03,2025-11-01,True
789,2025-06-26,1,313730,0.0,0,0.0,0,0.0,True,True,2025-06-26,2025-06-27,2025-07-26,True
790,2025-04-17,1,214488,74.5764164828053,3,74.5764164828053,3,0.0,True,True,2025-04-17,2025-04-18,2025-05-17,True
791,2025-05-01,1,63749,450.5786226587025,9,450.5786226587025,9,0.0,True,True,2025-05-01,2025-05-02,2025-05-31,True
792,2025-06-19,1,579892,0.0,0,0.0,0,0.0,True,True,2025-06-19,2025-06-20,2025-07-19,True
793,2025-05-22,1,61967,0.0,0,0.0,0,0.0,True,True,2025-05-22,2025-05-23,2025-06-21,True
794,2025-06-19,1,284747,462.1851913878187,4,462.1851913878187,4,0.0,True,True,2025-06-19,2025-06-20,2025-07-19,True
795,2025-04-10,1,639564,6.50025214559267,1,6.50025214559267,1,0.0,True,True,2025-04-10,2025-04-11,2025-05-10,True
796,2025-06-26,1,473689,0.0,0,0.0,0,0.0,True,True,2025-06-26,2025-06-27,2025-07-26,True
797,2025-07-03,1,234935,41.863569655778605,4,41.863569655778605,4,0.0,True,True,2025-07-03,2025-07-04,2025-08-02,True
798,2025-09-18,3,794630,0.0,0,0.0,0,0.0,True,True,2025-09-18,2025-09-19,2025-10-18,True
799,2025-08-14,1,164721,0.0,0,0.0,0,0.0,True,True,2025-08-14,2025-08-15,2025-09-13,True
800,2025-08-28,1,437457,0.0,0,0.0,0,0.0,True,True,2025-08-28,2025-08-29,2025-09-27,True
801,2025-05-15,1,155409,0.0,0,0.0,0,0.0,True,True,2025-05-15,2025-05-16,2025-06-14,True
802,2025-04-17,1,620409,0.0,0,0.0,0,0.0,True,True,2025-04-17,2025-04-18,2025-05-17,True
803,2025-05-08,1,267902,35.69201403027647,2,35.69201403027647,2,0.0,True,True,2025-05-08,2025-05-09,2025-06-07,True
804,2025-05-29,1,863464,68.7748265545312,1,68.7748265545312,1,0.0,True,True,2025-05-29,2025-05-30,2025-06-28,True
805,2025-06-12,1,807615,67.4133582637283,1,67.4133582637283,1,0.0,True,True,2025-06-12,2025-06-13,2025-07-12,True
806,2025-07-24,1,136485,0.0,0,0.0,0,0.0,True,True,2025-07-24,2025-07-25,2025-08-23,True
807,2025-04-03,1,49872,33.93754578788872,2,33.93754578788872,2,0.0,True,True,2025-04-03,2025-04-04,2025-05-03,True
808,2025-04-10,1,887850,0.0,0,0.0,0,0.0,True,True,2025-04-10,2025-04-11,2025-05-10,True
809,2025-04-17,1,467234,0.0,0,0.0,0,0.0,True,True,2025-04-17,2025-04-18,2025-05-17,True
810,2025-06-26,1,433967,92.15852414534339,3,92.1585241453434,3,1.4210854715202004e-14,True,True,2025-06-26,2025-06-27,2025-07-26,True
811,2025-07-03,1,775033,0.0,0,0.0,0,0.0,True,True,2025-07-03,2025-07-04,2025-08-02,True
812,2025-09-18,3,362263,0.0,0,0.0,0,0.0,True,True,2025-09-18,2025-09-19,2025-10-18,True
813,2025-10-16,3,344730,65.66703655500368,2,65.66703655500368,2,0.0,True,True,2025-10-16,2025-10-17,2025-11-15,True
814,2025-06-26,1,476937,0.0,0,0.0,0,0.0,True,True,2025-06-26,2025-06-27,2025-07-26,True
815,2025-04-17,1,436301,0.0,0,0.0,0,0.0,True,True,2025-04-17,2025-04-18,2025-05-17,True
816,2025-05-22,1,311104,539.8448146669946,6,539.8448146669946,6,0.0,True,True,2025-05-22,2025-05-23,2025-06-21,True
817,2025-05-08,1,106844,0.0,0,0.0,0,0.0,True,True,2025-05-08,2025-05-09,2025-06-07,True
818,2025-04-10,1,685518,407.4627355034562,6,407.4627355034562,6,0.0,True,True,2025-04-10,2025-04-11,2025-05-10,True
819,2025-07-03,1,88161,0.0,0,0.0,0,0.0,True,True,2025-07-03,2025-07-04,2025-08-02,True
820,2025-06-19,1,382066,0.0,0,0.0,0,0.0,True,True,2025-06-19,2025-06-20,2025-07-19,True
821,2025-10-02,3,677244,138.55067482755413,5,138.5506748275541,5,2.842170943040401e-14,True,True,2025-10-02,2025-10-03,2025-11-01,True
822,2025-08-28,1,777126,0.0,0,0.0,0,0.0,True,True,2025-08-28,2025-08-29,2025-09-27,True
823,2025-08-28,1,162290,46.4104520892122,2,46.4104520892122,2,0.0,True,True,2025-08-28,2025-08-29,2025-09-27,True
824,2025-07-10,1,195308,0.0,0,0.0,0,0.0,True,True,2025-07-10,2025-07-11,2025-08-09,True
825,2025-09-04,1,189684,156.708696103645,1,156.708696103645,1,0.0,True,True,2025-09-04,2025-09-05,2025-10-04,True
826,2025-06-12,1,867711,445.5108391686969,6,445.51083916869686,6,5.684341886080802e-14,True,True,2025-06-12,2025-06-13,2025-07-12,True
827,2025-06-05,1,353820,0.0,0,0.0,0,0.0,True,True,2025-06-05,2025-06-06,2025-07-05,True
828,2025-10-02,3,555970,31.7462011741296,1,31.7462011741296,1,0.0,True,True,2025-10-02,2025-10-03,2025-11-01,True
829,2025-08-28,1,65666,35.9409007689297,1,35.9409007689297,1,0.0,True,True,2025-08-28,2025-08-29,2025-09-27,True
830,2025-09-04,3,782036,0.0,0,0.0,0,0.0,True,True,2025-09-04,2025-09-05,2025-10-04,True
831,2025-05-29,1,535496,0.0,0,0.0,0,0.0,True,True,2025-05-29,2025-05-30,2025-06-28,True
832,2025-04-03,1,314843,150.01980706240818,2,150.01980706240818,2,0.0,True,True,2025-04-03,2025-04-04,2025-05-03,True
833,2025-07-03,1,67458,37.75366559117412,3,37.75366559117412,3,0.0,True,True,2025-07-03,2025-07-04,2025-08-02,True
834,2025-08-14,1,321110,339.857780015744,1,339.857780015744,1,0.0,True,True,2025-08-14,2025-08-15,2025-09-13,True
835,2025-08-07,1,465762,77.3247885288459,3,77.3247885288459,3,0.0,True,True,2025-08-07,2025-08-08,2025-09-06,True
836,2025-05-08,1,597283,21.3119935679711,1,21.3119935679711,1,0.0,True,True,2025-05-08,2025-05-09,2025-06-07,True
837,2025-08-07,1,606286,100.2552652594736,2,100.2552652594736,2,0.0,True,True,2025-08-07,2025-08-08,2025-09-06,True
838,2025-09-11,1,260034,14.7636759840797,1,14.7636759840797,1,0.0,True,True,2025-09-11,2025-09-12,2025-10-11,True
839,2025-07-24,1,4856,0.0,0,0.0,0,0.0,True,True,2025-07-24,2025-07-25,2025-08-23,True
840,2025-04-03,1,243438,7.70498429829321,1,7.70498429829321,1,0.0,True,True,2025-04-03,2025-04-04,2025-05-03,True
841,2025-06-12,1,821374,164.53179015547263,5,164.53179015547266,5,2.842170943040401e-14,True,True,2025-06-12,2025-06-13,2025-07-12,True
842,2025-10-16,3,715022,0.0,0,0.0,0,0.0,True,True,2025-10-16,2025-10-17,2025-11-15,True
843,2025-08-07,1,530002,0.0,0,0.0,0,0.0,True,True,2025-08-07,2025-08-08,2025-09-06,True
844,2025-10-02,3,505657,0.0,0,0.0,0,0.0,True,True,2025-10-02,2025-10-03,2025-11-01,True
845,2025-04-17,1,184407,90.7198610898498,2,90.7198610898498,2,0.0,True,True,2025-04-17,2025-04-18,2025-05-17,True
846,2025-07-31,1,61151,182.5120641099897,4,182.5120641099897,4,0.0,True,True,2025-07-31,2025-08-01,2025-08-30,True
847,2025-08-07,1,275467,0.0,0,0.0,0,0.0,True,True,2025-08-07,2025-08-08,2025-09-06,True
848,2025-08-28,1,769182,0.0,0,0.0,0,0.0,True,True,2025-08-28,2025-08-29,2025-09-27,True
849,2025-06-12,1,821394,0.0,0,0.0,0,0.0,True,True,2025-06-12,2025-06-13,2025-07-12,True
850,2025-08-14,1,280391,0.0,0,0.0,0,0.0,True,True,2025-08-14,2025-08-15,2025-09-13,True
851,2025-05-15,1,182508,473.50493898318314,4,473.5049389831831,4,5.684341886080802e-14,True,True,2025-05-15,2025-05-16,2025-06-14,True
852,2025-04-10,1,219798,37.583567716297644,3,37.583567716297644,3,0.0,True,True,2025-04-10,2025-04-11,2025-05-10,True
853,2025-10-02,3,431491,529.0392827904798,9,529.0392827904798,9,0.0,True,True,2025-10-02,2025-10-03,2025-11-01,True
854,2025-07-03,1,202064,0.0,0,0.0,0,0.0,True,True,2025-07-03,2025-07-04,2025-08-02,True
855,2025-08-07,1,286881,28.98258571684724,2,28.98258571684724,2,0.0,True,True,2025-08-07,2025-08-08,2025-09-06,True
856,2025-07-17,1,891179,13.7265182728251,2,13.7265182728251,2,0.0,True,True,2025-07-17,2025-07-18,2025-08-16,True
857,2025-05-29,1,75382,0.0,0,0.0,0,0.0,True,True,2025-05-29,2025-05-30,2025-06-28,True
858,2025-04-10,1,525316,0.0,0,0.0,0,0.0,True,True,2025-04-10,2025-04-11,2025-05-10,True
859,2025-10-16,3,542006,0.0,0,0.0,0,0.0,True,True,2025-10-16,2025-10-17,2025-11-15,True
860,2025-05-15,1,889419,262.62333507240567,2,262.62333507240567,2,0.0,True,True,2025-05-15,2025-05-16,2025-06-14,True
861,2025-05-15,1,298316,0.0,0,0.0,0,0.0,True,True,2025-05-15,2025-05-16,2025-06-14,True
862,2025-07-17,1,267221,22.47334483575029,2,22.47334483575029,2,0.0,True,True,2025-07-17,2025-07-18,2025-08-16,True
863,2025-07-24,1,132113,114.4071742822272,4,114.4071742822272,4,0.0,True,True,2025-07-24,2025-07-25,2025-08-23,True
864,2025-07-31,1,222339,0.0,0,0.0,0,0.0,True,True,2025-07-31,2025-08-01,2025-08-30,True
865,2025-08-14,1,471599,153.23433505052918,2,153.23433505052918,2,0.0,True,True,2025-08-14,2025-08-15,2025-09-13,True
866,2025-09-04,3,387023,0.0,0,0.0,0,0.0,True,True,2025-09-04,2025-09-05,2025-10-04,True
867,2025-05-22,1,517617,85.1195416706578,3,85.1195416706578,3,0.0,True,True,2025-05-22,2025-05-23,2025-06-21,True
868,2025-07-03,1,370369,0.0,0,0.0,0,0.0,True,True,2025-07-03,2025-07-04,2025-08-02,True
869,2025-05-29,1,283560,38.320255750397564,2,38.320255750397564,2,0.0,True,True,2025-05-29,2025-05-30,2025-06-28,True
870,2025-07-17,1,902498,0.0,0,0.0,0,0.0,True,True,2025-07-17,2025-07-18,2025-08-16,True
871,2025-08-07,1,654710,0.0,0,0.0,0,0.0,True,True,2025-08-07,2025-08-08,2025-09-06,True
872,2025-08-28,1,796208,219.6491696834119,2,219.6491696834119,2,0.0,True,True,2025-08-28,2025-08-29,2025-09-27,True
873,2025-05-08,1,287435,821.7259217979117,8,821.7259217979117,8,0.0,True,True,2025-05-08,2025-05-09,2025-06-07,True
874,2025-10-16,3,290830,40.570908957658,1,40.570908957658,1,0.0,True,True,2025-10-16,2025-10-17,2025-11-15,True
875,2025-04-24,1,863573,0.0,0,0.0,0,0.0,True,True,2025-04-24,2025-04-25,2025-05-24,True
876,2025-06-05,1,140429,288.3481457756998,11,288.3481457756998,11,0.0,True,True,2025-06-05,2025-06-06,2025-07-05,True
877,2025-07-24,1,442726,0.0,0,0.0,0,0.0,True,True,2025-07-24,2025-07-25,2025-08-23,True
878,2025-09-18,3,522132,164.0582450115768,5,164.0582450115768,5,0.0,True,True,2025-09-18,2025-09-19,2025-10-18,True
879,2025-09-04,1,368202,102.44939058080311,4,102.44939058080311,4,0.0,True,True,2025-09-04,2025-09-05,2025-10-04,True
880,2025-06-05,1,44256,0.0,0,0.0,0,0.0,True,True,2025-06-05,2025-06-06,2025-07-05,True
881,2025-09-18,3,126762,0.0,0,0.0,0,0.0,True,True,2025-09-18,2025-09-19,2025-10-18,True
882,2025-06-12,1,27442,833.1608011395574,3,833.1608011395574,3,0.0,True,True,2025-06-12,2025-06-13,2025-07-12,True
883,2025-08-28,1,100174,0.0,0,0.0,0,0.0,True,True,2025-08-28,2025-08-29,2025-09-27,True
884,2025-06-12,1,566865,17.4885194202349,1,17.4885194202349,1,0.0,True,True,2025-06-12,2025-06-13,2025-07-12,True
885,2025-08-14,1,852627,41.4398250195939,1,41.4398250195939,1,0.0,True,True,2025-08-14,2025-08-15,2025-09-13,True
886,2025-08-28,1,910196,87.4867766079703,3,87.4867766079703,3,0.0,True,True,2025-08-28,2025-08-29,2025-09-27,True
887,2025-04-03,1,892857,9.5636354982797,1,9.5636354982797,1,0.0,True,True,2025-04-03,2025-04-04,2025-05-03,True
888,2025-07-03,1,560144,708.5593821339178,5,708.5593821339178,5,0.0,True,True,2025-07-03,2025-07-04,2025-08-02,True
889,2025-05-15,1,609678,0.0,0,0.0,0,0.0,True,True,2025-05-15,2025-05-16,2025-06-14,True
890,2025-06-19,1,180866,0.0,0,0.0,0,0.0,True,True,2025-06-19,2025-06-20,2025-07-19,True
891,2025-04-10,1,166158,0.0,0,0.0,0,0.0,True,True,2025-04-10,2025-04-11,2025-05-10,True
892,2025-07-31,1,356788,113.29495472035667,8,113.29495472035666,8,1.4210854715202004e-14,True,True,2025-07-31,2025-08-01,2025-08-30,True
893,2025-08-07,1,270722,83.02860560676322,5,83.02860560676322,5,0.0,True,True,2025-08-07,2025-08-08,2025-09-06,True
894,2025-05-15,1,328138,0.0,0,0.0,0,0.0,True,True,2025-05-15,2025-05-16,2025-06-14,True
895,2025-06-12,1,405912,273.4245676932676,5,273.4245676932676,5,0.0,True,True,2025-06-12,2025-06-13,2025-07-12,True
896,2025-10-16,3,210750,268.80017275162095,7,268.8001727516209,7,5.684341886080802e-14,True,True,2025-10-16,2025-10-17,2025-11-15,True
897,2025-07-10,1,478426,0.0,0,0.0,0,0.0,True,True,2025-07-10,2025-07-11,2025-08-09,True
898,2025-07-10,1,841393,65.01025105191884,4,65.01025105191884,4,0.0,True,True,2025-07-10,2025-07-11,2025-08-09,True
899,2025-07-17,1,659811,56.645412640042636,2,56.645412640042636,2,0.0,True,True,2025-07-17,2025-07-18,2025-08-16,True
900,2025-07-17,1,489957,5.93124065262067,1,5.93124065262067,1,0.0,True,True,2025-07-17,2025-07-18,2025-08-16,True
901,2025-06-12,1,580615,0.0,0,0.0,0,0.0,True,True,2025-06-12,2025-06-13,2025-07-12,True
902,2025-09-18,3,44270,627.5730402055237,4,627.5730402055237,4,0.0,True,True,2025-09-18,2025-09-19,2025-10-18,True
903,2025-10-16,3,734779,0.0,0,0.0,0,0.0,True,True,2025-10-16,2025-10-17,2025-11-15,True
904,2025-06-05,1,459905,179.94803826027,3,179.94803826027,3,0.0,True,True,2025-06-05,2025-06-06,2025-07-05,True
905,2025-08-14,1,494937,38.3555401413224,1,38.3555401413224,1,0.0,True,True,2025-08-14,2025-08-15,2025-09-13,True
906,2025-07-17,1,641612,0.0,0,0.0,0,0.0,True,True,2025-07-17,2025-07-18,2025-08-16,True
907,2025-09-04,3,682196,35.6220298578433,1,35.6220298578433,1,0.0,True,True,2025-09-04,2025-09-05,2025-10-04,True
908,2025-10-16,3,622495,0.0,0,0.0,0,0.0,True,True,2025-10-16,2025-10-17,2025-11-15,True
909,2025-04-03,1,879923,0.0,0,0.0,0,0.0,True,True,2025-04-03,2025-04-04,2025-05-03,True
910,2025-06-26,1,61251,41.5150243515822,1,41.5150243515822,1,0.0,True,True,2025-06-26,2025-06-27,2025-07-26,True
911,2025-05-15,1,383108,0.0,0,0.0,0,0.0,True,True,2025-05-15,2025-05-16,2025-06-14,True
912,2025-09-11,1,336407,60.52724564361405,3,60.52724564361405,3,0.0,True,True,2025-09-11,2025-09-12,2025-10-11,True
913,2025-04-10,1,101074,0.0,0,0.0,0,0.0,True,True,2025-04-10,2025-04-11,2025-05-10,True
914,2025-08-28,1,300187,0.0,0,0.0,0,0.0,True,True,2025-08-28,2025-08-29,2025-09-27,True
915,2025-05-15,1,227180,0.0,0,0.0,0,0.0,True,True,2025-05-15,2025-05-16,2025-06-14,True
916,2025-06-05,1,620486,0.0,0,0.0,0,0.0,True,True,2025-06-05,2025-06-06,2025-07-05,True
917,2025-06-05,1,296495,0.0,0,0.0,0,0.0,True,True,2025-06-05,2025-06-06,2025-07-05,True
918,2025-07-31,1,134993,15.6779027643465,1,15.6779027643465,1,0.0,True,True,2025-07-31,2025-08-01,2025-08-30,True
919,2025-06-26,1,408006,106.7186278517411,2,106.7186278517411,2,0.0,True,True,2025-06-26,2025-06-27,2025-07-26,True
920,2025-09-11,1,291641,56.51589842331286,4,56.51589842331286,4,0.0,True,True,2025-09-11,2025-09-12,2025-10-11,True
921,2025-09-04,3,261369,0.0,0,0.0,0,0.0,True,True,2025-09-04,2025-09-05,2025-10-04,True
922,2025-08-07,1,693225,38.89810201353586,2,38.89810201353586,2,0.0,True,True,2025-08-07,2025-08-08,2025-09-06,True
923,2025-07-03,1,100085,789.5830851218016,9,789.5830851218014,9,1.1368683772161603e-13,True,True,2025-07-03,2025-07-04,2025-08-02,True
924,2025-10-16,3,161736,71.4269596315997,2,71.4269596315997,2,0.0,True,True,2025-10-16,2025-10-17,2025-11-15,True
925,2025-07-03,1,490797,0.0,0,0.0,0,0.0,True,True,2025-07-03,2025-07-04,2025-08-02,True
926,2025-09-11,1,877289,15.4858533765374,1,15.4858533765374,1,0.0,True,True,2025-09-11,2025-09-12,2025-10-11,True
927,2025-08-14,1,140273,65.5579182299724,3,65.5579182299724,3,0.0,True,True,2025-08-14,2025-08-15,2025-09-13,True
928,2025-06-12,1,814751,0.0,0,0.0,0,0.0,True,True,2025-06-12,2025-06-13,2025-07-12,True
929,2025-09-18,3,100715,332.8107249207141,5,332.8107249207141,5,0.0,True,True,2025-09-18,2025-09-19,2025-10-18,True
930,2025-04-17,1,653307,72.67464693938092,3,72.67464693938092,3,0.0,True,True,2025-04-17,2025-04-18,2025-05-17,True
931,2025-08-07,1,649949,299.07613636681685,3,299.0761363668169,3,5.684341886080802e-14,True,True,2025-08-07,2025-08-08,2025-09-06,True
932,2025-05-22,1,392133,0.0,0,0.0,0,0.0,True,True,2025-05-22,2025-05-23,2025-06-21,True
933,2025-08-07,1,271796,34.6971936417516,1,34.6971936417516,1,0.0,True,True,2025-08-07,2025-08-08,2025-09-06,True
934,2025-08-28,1,523582,0.0,0,0.0,0,0.0,True,True,2025-08-28,2025-08-29,2025-09-27,True
935,2025-05-15,1,183067,0.0,0,0.0,0,0.0,True,True,2025-05-15,2025-05-16,2025-06-14,True
936,2025-04-24,1,637439,0.0,0,0.0,0,0.0,True,True,2025-04-24,2025-04-25,2025-05-24,True
937,2025-05-29,1,495099,0.0,0,0.0,0,0.0,True,True,2025-05-29,2025-05-30,2025-06-28,True
938,2025-04-03,1,203993,42.6339461856277,1,42.6339461856277,1,0.0,True,True,2025-04-03,2025-04-04,2025-05-03,True
939,2025-06-05,1,218215,0.0,0,0.0,0,0.0,True,True,2025-06-05,2025-06-06,2025-07-05,True
940,2025-07-31,1,352773,341.9888865759246,7,341.9888865759246,7,0.0,True,True,2025-07-31,2025-08-01,2025-08-30,True
941,2025-09-04,1,487620,0.0,0,0.0,0,0.0,True,True,2025-09-04,2025-09-05,2025-10-04,True
942,2025-08-21,1,314782,11.9329438019522,1,11.9329438019522,1,0.0,True,True,2025-08-21,2025-08-22,2025-09-20,True
943,2025-07-03,1,840379,24.6924555366129,1,24.6924555366129,1,0.0,True,True,2025-07-03,2025-07-04,2025-08-02,True
944,2025-04-10,1,687861,0.0,0,0.0,0,0.0,True,True,2025-04-10,2025-04-11,2025-05-10,True
945,2025-08-21,1,599399,0.0,0,0.0,0,0.0,True,True,2025-08-21,2025-08-22,2025-09-20,True
946,2025-06-05,1,50059,256.584827114108,6,256.584827114108,6,0.0,True,True,2025-06-05,2025-06-06,2025-07-05,True
947,2025-09-04,3,58895,0.0,0,0.0,0,0.0,True,True,2025-09-04,2025-09-05,2025-10-04,True
948,2025-05-01,1,583634,9.93670091198797,1,9.93670091198797,1,0.0,True,True,2025-05-01,2025-05-02,2025-05-31,True
949,2025-07-03,1,871444,23.0701935658625,1,23.0701935658625,1,0.0,True,True,2025-07-03,2025-07-04,2025-08-02,True
950,2025-06-12,1,162893,0.0,0,0.0,0,0.0,True,True,2025-06-12,2025-06-13,2025-07-12,True
951,2025-06-19,1,916639,0.0,0,0.0,0,0.0,True,True,2025-06-19,2025-06-20,2025-07-19,True
952,2025-09-04,1,474326,0.0,0,0.0,0,0.0,True,True,2025-09-04,2025-09-05,2025-10-04,True
953,2025-06-26,1,890598,0.0,0,0.0,0,0.0,True,True,2025-06-26,2025-06-27,2025-07-26,True
954,2025-07-03,1,203953,307.0125261461759,4,307.0125261461759,4,0.0,True,True,2025-07-03,2025-07-04,2025-08-02,True
955,2025-10-16,3,823581,0.0,0,0.0,0,0.0,True,True,2025-10-16,2025-10-17,2025-11-15,True
956,2025-04-03,1,587475,0.0,0,0.0,0,0.0,True,True,2025-04-03,2025-04-04,2025-05-03,True
957,2025-10-02,3,804577,427.72900617651703,2,427.72900617651703,2,0.0,True,True,2025-10-02,2025-10-03,2025-11-01,True
958,2025-09-04,3,559919,0.0,0,0.0,0,0.0,True,True,2025-09-04,2025-09-05,2025-10-04,True
959,2025-05-29,1,767730,116.61758467855691,4,116.61758467855691,4,0.0,True,True,2025-05-29,2025-05-30,2025-06-28,True
960,2025-07-17,1,69353,17.50685027057679,2,17.50685027057679,2,0.0,True,True,2025-07-17,2025-07-18,2025-08-16,True
961,2025-05-08,1,918147,425.703307552056,14,425.70330755205606,14,5.684341886080802e-14,True,True,2025-05-08,2025-05-09,2025-06-07,True
962,2025-06-19,1,640939,27.2239297065477,1,27.2239297065477,1,0.0,True,True,2025-06-19,2025-06-20,2025-07-19,True
963,2025-08-21,1,799265,66.05927655149387,3,66.05927655149387,3,0.0,True,True,2025-08-21,2025-08-22,2025-09-20,True
964,2025-10-02,3,805556,198.6259769852406,2,198.6259769852406,2,0.0,True,True,2025-10-02,2025-10-03,2025-11-01,True
965,2025-10-02,3,637987,21.6063016414565,1,21.6063016414565,1,0.0,True,True,2025-10-02,2025-10-03,2025-11-01,True
966,2025-05-01,1,143809,18.0888628631806,1,18.0888628631806,1,0.0,True,True,2025-05-01,2025-05-02,2025-05-31,True
967,2025-05-15,1,148594,22.9362410987014,1,22.9362410987014,1,0.0,True,True,2025-05-15,2025-05-16,2025-06-14,True
968,2025-09-04,1,304626,37.4177044112615,2,37.4177044112615,2,0.0,True,True,2025-09-04,2025-09-05,2025-10-04,True
969,2025-04-24,1,135781,71.32252680453531,3,71.32252680453531,3,0.0,True,True,2025-04-24,2025-04-25,2025-05-24,True
970,2025-07-24,1,420580,313.1249436288053,8,313.12494362880534,8,5.684341886080802e-14,True,True,2025-07-24,2025-07-25,2025-08-23,True
971,2025-07-24,1,562390,229.221699609162,1,229.221699609162,1,0.0,True,True,2025-07-24,2025-07-25,2025-08-23,True
972,2025-04-24,1,299216,0.0,0,0.0,0,0.0,True,True,2025-04-24,2025-04-25,2025-05-24,True
973,2025-07-31,1,113813,207.97967005902643,8,207.97967005902643,8,0.0,True,True,2025-07-31,2025-08-01,2025-08-30,True
974,2025-04-24,1,422926,0.0,0,0.0,0,0.0,True,True,2025-04-24,2025-04-25,2025-05-24,True
975,2025-08-21,1,433511,0.0,0,0.0,0,0.0,True,True,2025-08-21,2025-08-22,2025-09-20,True
976,2025-09-11,1,592335,18.2790510104645,1,18.2790510104645,1,0.0,True,True,2025-09-11,2025-09-12,2025-10-11,True
977,2025-07-03,1,496923,0.0,0,0.0,0,0.0,True,True,2025-07-03,2025-07-04,2025-08-02,True
978,2025-08-14,1,845499,55.2088908564228,3,55.2088908564228,3,0.0,True,True,2025-08-14,2025-08-15,2025-09-13,True
979,2025-07-31,1,61145,101.2817279200707,5,101.2817279200707,5,0.0,True,True,2025-07-31,2025-08-01,2025-08-30,True
980,2025-04-24,1,843337,0.0,0,0.0,0,0.0,True,True,2025-04-24,2025-04-25,2025-05-24,True
981,2025-05-22,1,374550,41.2092334356661,2,41.2092334356661,2,0.0,True,True,2025-05-22,2025-05-23,2025-06-21,True
982,2025-05-08,1,358684,0.0,0,0.0,0,0.0,True,True,2025-05-08,2025-05-09,2025-06-07,True
983,2025-05-08,1,324826,40.33914172668939,5,40.33914172668939,5,0.0,True,True,2025-05-08,2025-05-09,2025-06-07,True
984,2025-06-19,1,297127,0.0,0,0.0,0,0.0,True,True,2025-06-19,2025-06-20,2025-07-19,True
985,2025-08-07,1,917992,55.0023392873775,1,55.0023392873775,1,0.0,True,True,2025-08-07,2025-08-08,2025-09-06,True
986,2025-06-26,1,707734,0.0,0,0.0,0,0.0,True,True,2025-06-26,2025-06-27,2025-07-26,True
987,2025-07-17,1,666830,128.10392327373108,2,128.10392327373108,2,0.0,True,True,2025-07-17,2025-07-18,2025-08-16,True
988,2025-06-19,1,163280,99.79382318639368,2,99.79382318639368,2,0.0,True,True,2025-06-19,2025-06-20,2025-07-19,True
989,2025-06-12,1,582340,27.6543035178933,1,27.6543035178933,1,0.0,True,True,2025-06-12,2025-06-13,2025-07-12,True
990,2025-07-24,1,855147,78.8422520863592,3,78.8422520863592,3,0.0,True,True,2025-07-24,2025-07-25,2025-08-23,True
991,2025-07-31,1,794861,0.0,0,0.0,0,0.0,True,True,2025-07-31,2025-08-01,2025-08-30,True
992,2025-09-04,1,15780,0.0,0,0.0,0,0.0,True,True,2025-09-04,2025-09-05,2025-10-04,True
993,2025-08-21,1,646249,8.55923143785976,2,8.55923143785976,2,0.0,True,True,2025-08-21,2025-08-22,2025-09-20,True
994,2025-06-19,1,609319,0.0,0,0.0,0,0.0,True,True,2025-06-19,2025-06-20,2025-07-19,True
995,2025-07-03,1,621292,14.284901936718619,2,14.284901936718619,2,0.0,True,True,2025-07-03,2025-07-04,2025-08-02,True
996,2025-05-15,1,501459,440.1217895448789,8,440.1217895448789,8,0.0,True,True,2025-05-15,2025-05-16,2025-06-14,True
997,2025-04-10,1,334882,0.0,0,0.0,0,0.0,True,True,2025-04-10,2025-04-11,2025-05-10,True
998,2025-08-14,1,633845,0.0,0,0.0,0,0.0,True,True,2025-08-14,2025-08-15,2025-09-13,True
999,2025-08-28,1,682634,156.034307009475,1,156.034307009475,1,0.0,True,True,2025-08-28,2025-08-29,2025-09-27,True
