tree
version=v4
num_class=1
num_tree_per_iteration=1
label_index=0
max_feature_idx=100
objective=binary sigmoid:1
feature_names=Column_0 Column_1 Column_2 Column_3 Column_4 Column_5 Column_6 Column_7 Column_8 Column_9 Column_10 Column_11 Column_12 Column_13 Column_14 Column_15 Column_16 Column_17 Column_18 Column_19 Column_20 Column_21 Column_22 Column_23 Column_24 Column_25 Column_26 Column_27 Column_28 Column_29 Column_30 Column_31 Column_32 Column_33 Column_34 Column_35 Column_36 Column_37 Column_38 Column_39 Column_40 Column_41 Column_42 Column_43 Column_44 Column_45 Column_46 Column_47 Column_48 Column_49 Column_50 Column_51 Column_52 Column_53 Column_54 Column_55 Column_56 Column_57 Column_58 Column_59 Column_60 Column_61 Column_62 Column_63 Column_64 Column_65 Column_66 Column_67 Column_68 Column_69 Column_70 Column_71 Column_72 Column_73 Column_74 Column_75 Column_76 Column_77 Column_78 Column_79 Column_80 Column_81 Column_82 Column_83 Column_84 Column_85 Column_86 Column_87 Column_88 Column_89 Column_90 Column_91 Column_92 Column_93 Column_94 Column_95 Column_96 Column_97 Column_98 Column_99 Column_100
feature_infos=[0:7] [0:7] [0:936] [0:390] [0:85] [0:14599.4130859375] [0:14] [0:14] [0:1878] [0:605] [0:127] [0:14599.4130859375] [1:30] [0:30] [0:3384] [0:1388] [0:231] [0:73830.296875] [1:60] [0:59] [0:6315] [0:2045] [0:508] [0:73830.296875] [1:90] [0:89] [0:9119] [0:3168] [0:708] [0:73830.296875] [1:180] [0:172] [0:13553] [0:4554] [0:1217] [0:73851.4375] [0:29] [0:282] [0:288] [0:288] [0:288] [0:10240.5126953125] [0:10240.5126953125] [0:0.99999994039535522] [0:74000000] [0:0.99999988079071045] [0:10240.5126953125] [0:10240.5126953125] [0:1] [0:32000000] [0:0.99999994039535522] [0:73830.2265625] [0:18457.5703125] [0:1] [0:57000000] [0:0.99999994039535522] [0:73830.2265625] [0:14766.056640625] [0:1] [0:100000000] [0:0.99999994039535522] [0:73830.2265625] [0:12305.0478515625] [0:1] [0:133000000] [0:0.99999982118606567] [0:73830.2265625] [0:8203.365234375] [0:1] [0:186000000] [0:0.99999982118606567] [0:2] [0:1.9999959468841553] [0:1.9999998807907104] [-9.2342052459716797:0] [-1.9459100961685181:0] [0:4.2857141494750977] [0:4.2856960296630859] [0:4.2857131958007812] [-11.209538459777832:0] [-2.8903717994689941:0] [0:2.1428570747375488] [0:2.1428525447845459] [0:2.1428568363189697] [-11.209538459777832:0] [-2.5649492740631104:0] [0:2] [0.074073910713195801:1.9999958276748657] [0:1.9999998807907104] [-10.556193351745605:0] [-2.7725887298583984:0] [0:3] [0.065217263996601105:2.999990701675415] [0:2.9999997615814209] [-10.575875282287598:0] [-3.1780538558959961:0] [0:3] [0.038461450487375259:2.9999904632568359] [0:2.9999995231628418] [-11.209824562072754:0] [-3.465735912322998:0]
tree_sizes=3527 3565 3559 3567 3573 3572 3572 3568 3590 3576 3579 3577 3588 3588 3581 3560 3565 3569 3582 3577 3581 3577 3573 3577 3595 3589 3593 3577 3578 3585 3573 3601 3600 3588 3607 3597 3583 3589 3579 3598 3590 3590 3593 3596 3601 3591 3577 3600 3603 3608 3596 3619 3612 3596 3600 3612 3596 3607 3598 3583 3612 3602 3608 3608 3601 3601 3611 3615 3590 3609 3606 3613 3613 3606 3613 3617 3586 3615 3614 3614 3607 3614 3623 3626 3640 3613 3604 3598 3620 3593 3613 3607 3619 3600 3615 3610 3625 3604 3622 3620 3639 3622 3609 3621 3617 3626 3603 3622 3622 3621 3603 3619 3625 3622 3620 3616 3613 3620 3617 3605 3618 3620 3631 3616 3617 3617 3618 3606 3608 3617 3624 3619 3607 3623 3627 3623 3615 3624 3635 3619 3629 3616 3627 3620 3614 3609 3612 3623 3616 3613 3624 3640 3630 3619 3626 3625 3625 3623 3611 3618 3634 3638 3608 3620 3626 3610 3619 3608 3624 3628 3640 3606 3594 3623 3622 3600 3618 3613 3596 3621 3623 3618 3627 3620 3603 3610 3621 3633 3626 3623 3619 3616 3601 3613 3623 3633 3618 3631 3606 3597

Tree=0
num_leaves=31
num_cat=0
split_feature=97 87 97 12 39 39 87 39 92 97 30 18 92 97 24 92 30 24 97 87 92 18 92 87 97 24 92 92 30 87
split_gain=180827 79155.3 38287.4 20076.9 15383.4 12889.2 10795.4 8699.39 8569.95 8384.41 8147.21 7632.34 7344.76 6807.86 4780.34 4667.53 3222.24 2959.18 2532.02 2254.82 1964.43 1930.33 1804.8 2845.99 1802.44 1738.15 1724.26 1703.81 1625.9 1536.31
threshold=1.4670260548591616 1.7999919056892397 2.8333215713500981 10.500000000000002 192.50000000000003 154.50000000000003 1.9999099969863894 192.50000000000003 1.1249905228614809 1.280690670013428 12.500000000000002 10.500000000000002 1.0909023880958559 1.69999235868454 47.500000000000007 0.96189993619918834 20.500000000000004 3.5000000000000004 1.1320725679397585 0.98076099157333385 0.96189993619918834 37.500000000000007 1.3333277702331545 1.0444650053977969 1.69999235868454 13.500000000000002 0.86841949820518505 0.69230568408966076 16.500000000000004 0.88888442516326915
decision_type=2 2 2 2 10 10 2 8 2 2 2 2 2 2 2 2 2 2 2 2 2 2 2 2 2 2 2 2 2 2
left_child=1 3 5 4 7 6 8 16 14 15 17 -3 19 -12 24 -5 25 -10 27 20 -11 -17 23 -15 -2 -1 29 -18 -9 -20
right_child=2 11 -4 9 -6 -7 -8 28 10 12 13 -13 -14 22 -16 21 18 -19 26 -21 -22 -23 -24 -25 -26 -27 -28 -29 -30 -31
leaf_value=-0.000416887369326021 -0.015827559917797645 -0.05992814721737464 -0.057569097043075501 0.010627207197170413 0.042557578899710818 0.032906940586198315 -0.059787249381923972 -0.012931397872255716 -0.059541737699500621 -0.010716462887978116 0.00088237134866623354 0.0029795603677759269 0.012970959433372491 -0.011447525468849286 -0.036934953590503174 0.016899939690542851 0.0049482134503398816 -0.025295333146103435 -0.0015121483827309828 -0.022183432623088788 0.01051257214534183 0.023022376112348718 -0.01117894040375144 -0.032367593218992852 -0.024865233264722158 -0.026162333546036892 0.0060851133550163285 0.010814452848985717 -0.002975084612765059 -0.025699742707109736
leaf_weight=40953.32279586792 35806.295248031616 16677.25 24004.683692932129 80029.37544631958 9290.0689334869385 4408.0738506317139 5620 22600.303396224976 2598.5 9885.3335437774658 39003.39541053772 1935.088924407959 35457.664951324463 12065.235698699951 21047.017082214355 123004.92964172363 70341.223896026611 17971.843391418457 25776.374170303345 7475.3076953887939 6476.1973896026611 74850.174375534058 40720.008329391479 11409.010311126709 45086.111709594727 2484.459077835083 37218.148796081543 121821.92747879028 42540.651872634888 2582.3420009613037
leaf_count=85718 92615 66709 94188 139212 6640 4504 22480 56364 10394 23956 80014 3838 59014 29520 68675 189274 135147 51942 54856 20868 11283 100501 99262 35567 129662 7264 70151 211184 92525 7511
internal_value=1.42903e-05 0.00765052 -0.0214874 0.00924591 0.00447517 -0.0178087 -0.0187779 0.00350711 -0.0177516 0.0145598 -0.012443 -0.0533916 0.00431681 -0.00900304 -0.0241932 0.016745 0.00565716 -0.0296751 0.00693097 -0.00855646 -0.00231104 0.0192182 -0.0150077 -0.021634 -0.0208697 -0.00190078 0.00184019 0.00866786 -0.00643228 -0.00373123
internal_weight=991140 731400 259740 712788 375609 235735 231327 366319 225707 337179 123768 18612.3 59294.5 103198 101939 277884 301178 20570.3 257740 23836.8 16361.5 197855 64194.3 23474.2 80892.4 43437.8 65576.9 192163 65141 28358.7
internal_count=2060838 1342015 718823 1271468 727360 624635 620131 720720 597651 544108 306699 70547 115121 244363 290952 428987 571831 62336 478849 56107 35239 289775 164349 65087 222277 92982 132518 346331 148889 62367
is_linear=0
shrinkage=1


Tree=1
num_leaves=31
num_cat=0
split_feature=97 87 97 40 30 40 30 30 12 97 0 24 87 97 24 40 30 24 93 24 40 93 38 24 12 30 24 93 38 24
split_gain=166353 74631.5 36660.3 28105.1 25091 20405.3 10071.7 6909.7 6355.75 6065.56 6264.06 5949.26 5284.29 5157.92 5041.25 2894.12 3075.88 4146.17 2784.23 2420.43 2391.88 2245.83 2050.7 1836.47 1752.28 1641.7 2540.69 1551.27 1542.98 1449.59
threshold=1.4670260548591616 1.7999919056892397 2.8333215713500981 201.50000000000003 49.500000000000007 142.50000000000003 12.500000000000002 16.500000000000004 9.5000000000000018 1.2999967932701113 3.5000000000000004 53.500000000000007 1.7999919056892397 1.69999235868454 30.500000000000004 125.50000000000001 35.500000000000007 20.500000000000004 1.2413777112960818 2.5000000000000004 201.50000000000003 1.3646629452705386 173.50000000000003 26.500000000000004 21.500000000000004 27.500000000000004 13.500000000000002 1.3333277702331545 150.50000000000003 36.500000000000007
decision_type=2 2 2 10 2 10 2 2 2 2 2 2 2 2 2 10 2 2 2 2 10 2 10 2 2 2 2 2 10 2
left_child=1 3 5 4 7 6 12 19 -3 10 -6 13 28 21 15 16 17 25 29 -1 -7 -8 -21 -18 -12 26 -9 -13 -2 -11
right_child=2 8 -4 -5 9 20 11 14 -10 18 24 27 -14 -15 -16 -17 23 -19 -20 22 -22 -23 -24 -25 -26 -27 -28 -29 -30 -31
leaf_value=-0.058440403641769098 -0.028647877860321008 -0.058184557435178953 -0.05592126970909865 0.047769670028453649 0.0098310599411180772 0.012678854431140378 -0.011380257045171432 0.0024134739881967152 -0.0011865739749604668 0.012638511178081641 0.015493006181911175 -0.034271838343839539 -0.058103600707152744 -0.018249779899294615 -0.021412276808795632 0.01382729835260442 0.0090831537266362564 -0.017392999865909049 0.012051558868790547 -0.0096486388122233278 0.043953214476152087 0.0001409994521015891 0.028093289271558009 -0.0031730068590324835 0.021400060092948245 0.0061054781870706178 -0.0102493728599785 -0.014927109755469617 0.014336030878893406 -0.0061545366494812218
leaf_weight=872.71870934963226 34057.447967946529 16527.656607925892 23982.285666778684 16325.823362082243 170871.09602794051 4627.0340589880943 44513.403382793069 47961.590133503079 1971.3178382217884 4336.9240337759256 120580.4498411566 17847.848011732101 6049.9083019047976 96411.112405464053 7250.6541602015495 23956.668809100986 71978.784865275025 11441.316510498524 16892.201993718743 43797.667169645429 4217.941243454814 23138.377128571272 1316.2420798242092 12977.668368265033 72727.751101732254 43512.23883882165 20271.403419569135 4773.5129223316908 757.24403896927834 24283.501625180244
leaf_count=3491 102866 66170 94202 8843 299804 7791 109268 95858 4176 7231 189289 57272 24221 258548 20067 39053 128192 30157 28452 104834 2854 48040 1532 28233 99994 81698 48810 12304 1223 55345
internal_value=-6.4883e-06 0.00733786 -0.0205922 0.00888546 0.00797074 -0.0170036 -0.018742 0.00114047 -0.0521185 0.0127275 0.0140179 -0.0157859 -0.0322319 -0.0137941 0.00318691 0.00395715 0.00281991 -0.000208864 0.00240062 -0.00950759 0.0276583 -0.00744086 -0.00853552 0.00721064 0.0177174 0.00155337 -0.00135044 -0.0302065 -0.0277053 -0.00329994
internal_weight=990230 729854 260376 711355 695029 236394 227549 285337 18499 409692 364179 186684 40864.6 164063 239350 232100 208143 123187 45512.6 45986.6 8844.98 67651.8 45113.9 84956.5 193308 111745 68233 22621.4 34814.7 28620.4
internal_count=2059818 1341229 718589 1270883 1262040 624387 613742 581925 70346 680115 589087 485432 128310 415856 472068 452001 412948 256523 91028 109857 10645 157308 106366 156425 289283 226366 144668 69576 104089 62576
is_linear=0
shrinkage=0.03


Tree=2
num_leaves=31
num_cat=0
split_feature=97 87 97 40 30 40 39 39 30 92 92 30 18 97 97 24 87 24 97 92 92 40 24 40 87 18 34 87 92 97
split_gain=157681 70088.4 34642 25524.1 23279.3 18459.7 13692.3 10169.5 9818 9353.01 9033.81 7240.12 6606.58 6462.35 5546.86 4480.64 3986.26 3465.98 3348.07 3089.56 2446.49 2444.02 2324.35 2290.2 2182.69 2061.31 1969.03 1860.58 1739.81 2248.63
threshold=1.4670260548591616 1.7999919056892397 2.8333215713500981 179.50000000000003 49.500000000000007 142.50000000000003 192.50000000000003 154.50000000000003 11.500000000000002 0.96189993619918834 1.1999837756156924 20.500000000000004 10.500000000000002 1.2115353345870974 1.8292622566223147 27.500000000000004 1.7999919056892397 47.500000000000007 1.280690670013428 1.1379284262657168 1.1999974250793459 201.50000000000003 2.5000000000000004 201.50000000000003 0.99999827146530162 33.500000000000007 3.5000000000000004 1.0178617835044863 0.9999932348728181 1.7906786799430849
decision_type=2 2 2 10 2 10 10 10 2 2 2 2 2 2 2 2 2 2 2 2 2 10 2 10 2 2 2 2 2 2
left_child=1 3 5 4 6 7 11 8 16 13 17 22 -3 -6 -12 20 -2 27 25 24 26 -5 -1 -7 -20 -11 -13 28 -10 -30
right_child=2 12 -4 21 9 23 -8 -9 10 18 14 15 -14 -15 -16 -17 -18 -19 19 -21 -22 -23 -24 -25 -26 -27 -28 -29 29 -31
leaf_value=-0.05681717067958577 -0.02910348064690995 -0.05659916539927299 -0.054468721507660911 0.025266539708788727 0.0089839617738681921 0.011488706016244866 0.040982430711404588 0.031765572333001729 -0.020655049149538186 0.014620132117374382 -0.0018203428424977523 -0.002017663149008227 0.0023792146405178095 -0.0084597835506155291 -0.016854717344598088 -0.012046651328022335 -0.05646914775404966 -0.032014520150067741 0.0083382556511243464 0.015294504066724803 0.0094440182170814763 0.046014034842765748 -0.0079036475232396389 0.042331531124168216 -0.01319328227367346 0.020671395590768315 0.0052710706929941257 -0.031021153847475919 0.00026628544016068156 -0.019630967625509935
leaf_weight=866.3041395097971 29102.770080402493 16566.914111226797 23903.542849838734 7653.7408390641212 141744.2643430531 4554.1968867182732 7464.1170556396246 3587.8011572957039 44224.384571880102 109010.40322820842 44291.047048166394 62676.018438994884 1903.9987727999687 22076.746018648148 44044.810014352202 17001.330040439963 5757.242265895009 25569.313484504819 9001.2882630228996 21758.008905813098 53602.299083888531 15935.765618354082 68345.066061750054 4149.368794053793 7970.6818415820599 95200.888719663024 71269.715046957135 10358.379503414035 9850.599564820528 10604.784657254815
leaf_count=3469 89179 66498 94188 9590 251218 7788 5398 3730 122783 172771 95310 134030 3810 51868 116832 42068 23109 80912 16231 34145 94536 8824 160108 2849 20011 131380 135434 32147 20645 29139
internal_value=-5.20027e-06 0.00713968 -0.0200663 0.00863787 0.0075851 -0.0165789 0.000948143 -0.0182206 -0.0190247 0.0121734 -0.0163225 -0.000146311 -0.0505236 0.00663247 -0.00931869 0.00269167 -0.0336528 -0.022469 0.015909 0.00781632 0.00402885 0.0393095 -0.00853212 0.0262562 -0.0017774 0.0174429 0.00186073 -0.0192086 -0.0173079 -0.0100582
internal_weight=990046 730048 259998 711577 687987 236095 281225 227391 223803 406762 188943 273761 18470.9 163821 88335.9 204549 34860 100607 242941 38730 187548 23589.5 69211.4 8703.57 16972 204211 133946 75038.1 64679.8 20455.4
internal_count=2060000 1341389 718611 1271081 1252667 624423 575043 613786 610056 677624 497768 569645 70308 303086 212142 406068 112288 285626 374538 70387 364000 18414 163577 10637 36242 304151 269464 204714 172567 49784
is_linear=0
shrinkage=0.03


Tree=3
num_leaves=31
num_cat=0
split_feature=97 87 97 40 30 40 39 39 30 92 92 30 97 18 97 87 97 92 87 92 92 87 40 31 97 97 97 87 92 92
split_gain=148585 66919.9 33007.1 24143.7 22915 18150 13086.2 10213 9650.38 9815.09 9324.73 6441.1 5631.79 5453.42 4897.97 4434.65 4156.96 3507.53 3371.33 3772.64 2892.88 2531.74 2366.52 2275.81 2168.65 1964.41 1917.12 1667 1602.54 1431.02
threshold=1.4670260548591616 1.7999919056892397 2.8333215713500981 179.50000000000003 47.500000000000007 179.50000000000003 192.50000000000003 169.50000000000003 12.500000000000002 1.1999974250793459 0.91800588369369518 16.500000000000004 1.8292622566223147 10.500000000000002 1.2115353345870974 1.7999919056892397 1.280690670013428 1.1379284262657168 0.94117397069931041 0.9999774992465974 0.9999774992465974 0.94117397069931041 201.50000000000003 13.500000000000002 1.0812362432479861 1.8749922513961794 1.6595696806907656 0.76190313696861278 1.0132490396499636 1.0588193535804751
decision_type=2 2 2 10 2 10 10 10 2 2 2 2 2 2 2 2 2 2 2 2 2 2 10 2 2 2 2 2 2 2
left_child=1 3 5 4 6 7 11 8 15 18 14 -1 -11 -3 -6 -2 23 21 19 27 24 -18 -5 -12 -13 -21 29 -10 -23 -20
right_child=2 13 -4 22 10 -7 -8 -9 9 12 16 20 -14 -15 -16 -17 17 -19 26 25 -22 28 -24 -25 -26 -27 -28 -29 -30 -31
leaf_value=-0.011253151271287178 -0.027350526188944214 -0.055133340994523446 -0.053229869419554224 0.024361097591881809 0.0074428272977304817 0.035099615786767277 0.039799163917931694 0.034486580929051984 -0.016810440311858528 -9.1263499157221738e-05 0.013518496054776584 0.0011141093569379402 -0.015657273441549421 -0.00030589642024207112 -0.0095146260315577165 -0.055142209960581667 0.012716060275899027 0.014449920139863062 -0.030784128725126852 0.004316213687270181 0.005085655735051332 -0.025595820103149553 0.044749031800357948 0.019403162435885121 -0.0076004849572663732 -0.016287212327187547 -0.034714173849426447 -0.02832672710061122 -0.0033308187960699428 -0.01361766030289787
leaf_weight=43300.206722959876 34398.022543787956 16509.87005867064 23801.704510688782 7683.4485569596291 121328.98407772183 6036.9872105419636 7367.1683221012354 3331.1688929051161 26583.240588322282 42385.502936467528 122352.66337950528 75293.222893357277 41283.73495683074 1811.9322870522738 17529.019853636622 6095.995971351862 6680.2441754192114 22858.020615234971 7915.3278029710054 9071.4969253838062 102216.41885232925 4034.3758605420589 15923.394479244947 115041.07421354949 38995.553925618529 7669.7851110547781 21111.889089182019 19878.154081210494 10329.3557382375 9861.9764457643032
leaf_count=106731 104378 66543 94290 9672 220181 5434 5338 3072 71112 88842 196394 153216 108559 3779 41939 24563 11115 36204 24842 17950 194476 11781 8817 162162 90863 20423 68939 60728 22656 25265
internal_value=-7.55582e-05 0.00686109 -0.0195738 0.00832056 0.00729532 -0.0161698 0.000425998 -0.0175209 -0.0182895 -0.0153937 0.0116632 -0.000693464 -0.00777369 -0.0497174 0.00530111 -0.0315595 0.0148032 0.00631892 -0.021636 -0.0173493 0.00141928 -0.00251834 0.0381395 0.0163716 -0.00186014 -0.00513113 -0.0285904 -0.0217477 -0.00961134 -0.021287
internal_weight=988680 729255 259425 710933 687326 235623 267173 229586 226255 185761 420154 259805 83669.2 18321.8 138858 40494 281296 43902 102092 63202.7 216505 21044 23606.8 237394 114289 16741.3 38889.2 46461.4 14363.7 17777.3
internal_count=2060264 1341867 718397 1271545 1253056 624107 550624 618673 615601 486660 702432 545286 197401 70322 262120 128941 440312 81756 289259 170213 438555 45552 18489 358556 244079 38373 119046 131840 34437 50107
is_linear=0
shrinkage=0.03


Tree=4
num_leaves=31
num_cat=0
split_feature=97 87 97 40 30 40 39 92 39 24 92 97 97 18 30 24 30 24 30 24 34 40 87 87 39 39 87 24 87 97
split_gain=141815 63852.1 31282.8 22916.5 21386.6 17742.4 10919.1 10461.2 9616.71 8661.02 7570.84 7389.42 6347.73 4971.89 4180.61 3711.02 3659.51 3082.5 2441.23 2411.11 2398.92 2264.94 2188.06 2027.45 1938.15 1847.24 1832.43 1808.96 1805.5 1792.06
threshold=1.4670260548591616 1.7999919056892397 2.8333215713500981 179.50000000000003 35.500000000000007 152.50000000000003 192.50000000000003 0.97674265503883373 154.50000000000003 6.5000000000000009 1.1999837756156924 1.2115353345870974 1.8292622566223147 10.500000000000002 16.500000000000004 19.500000000000004 83.500000000000014 47.500000000000007 25.500000000000004 47.500000000000007 9.5000000000000018 201.50000000000003 0.94117397069931041 1.5999855995178225 192.50000000000003 192.50000000000003 1.999972999095917 2.5000000000000004 1.0333682894706728 1.6595696806907656
decision_type=2 2 2 10 2 10 10 2 10 2 2 2 2 2 2 2 2 2 2 2 2 10 2 2 10 10 2 2 2 2
left_child=1 3 5 4 6 8 14 11 9 23 17 20 18 -3 27 -16 19 28 -12 25 24 -5 -13 -2 -6 -9 -14 -1 29 -11
right_child=2 13 -4 21 7 -7 -8 16 -10 10 12 22 26 -15 15 -17 -18 -19 -20 -21 -22 -23 -24 -25 -26 -27 -28 -29 -30 -31
leaf_value=-0.05485843051218648 -0.031429383961381716 -0.053782749615449849 -0.051840943921867784 0.023706451955680562 0.0032422769046674491 0.028157473310822023 0.03828831413489811 0.011524958341895885 0.030680013718778223 -0.010832256390824857 -0.01210928899865227 -0.0034158454124469536 -0.016577972820242162 -0.0013186274793522941 0.0016126865869429074 -0.013631932998748587 0.018037304232874835 -0.030848735860108153 0.0025996619794999226 -0.0077872541377822452 0.010712569533696837 0.043600518619966264 -0.022718125487278498 -0.053781082775276969 0.03806795152862346 0.042673441743326428 -0.054147352099344098 -0.010133509728368795 -0.030632974165485154 -0.020722510447696109
leaf_weight=811.04024538397789 13777.910062626004 16408.418122470379 23670.555926129222 7699.4206386804581 76360.624515399337 8012.3494532555342 5968.3508552610874 141871.8802742064 3693.9850932359695 25777.764015600085 14958.312331318855 28684.173161461949 49735.430289149284 1805.3669405579567 116580.31512624025 16371.913527816534 129050.59375047684 25384.48929014802 31521.086881622672 5810.6707203686237 115722.49932794273 16105.517672196031 6462.3062858134508 5051.6312740296125 1446.1019196510315 1717.4737474173307 1181.0585955679417 42505.312453389168 10292.860638320446 46138.577622368932
leaf_count=3259 44080 66502 94207 9684 148851 8914 4407 236777 3768 64099 37458 63087 133403 3825 235426 41359 185689 80946 63398 13404 196654 8907 18274 20464 1101 1057 4767 103639 32442 130422
internal_value=8.91819e-05 0.00684661 -0.0189775 0.00826373 0.00726376 -0.0156706 -0.00155083 0.0104312 -0.0172164 -0.0180096 -0.016218 0.00567585 -0.010155 -0.0485896 -0.00290395 -0.000266324 0.0143359 -0.0217034 -0.00213724 0.0111366 0.00797398 0.0371913 -0.00697582 -0.0374766 0.00389916 0.0119034 -0.0174704 -0.0109959 -0.0188727 -0.0171814
internal_weight=990578 731382 259196 713168 689363 235525 182237 507126 227513 223819 204990 228676 97395.9 18213.8 176269 132952 278451 107594 46479.4 149400 193529 23804.9 35146.5 18829.5 77806.7 143589 50916.5 43316.4 82209.2 71916.3
internal_count=2060270 1341902 718368 1271575 1252984 624161 388090 864894 615247 611479 546935 427967 239026 70327 383683 276785 436927 307909 100856 251238 346606 18591 81361 64544 149952 237834 138170 106898 226963 194521
is_linear=0
shrinkage=0.03


Tree=5
num_leaves=31
num_cat=0
split_feature=30 87 98 40 30 40 39 87 39 24 40 98 100 39 30 24 30 24 30 30 24 30 24 98 38 30 24 30 24 30
split_gain=107177 35401.9 29897.3 20195.9 18352.3 17093.3 10713.7 10286.8 9971.15 9494.82 8959.5 7597.34 6107.26 4295.94 4446.62 4588.91 6663.7 3413.4 5296.92 3222.88 4497.31 3106.28 9870.7 2935.15 2922.4 2485.21 2320.45 3842.96 2183.83 2857.57
threshold=16.500000000000004 1.7999919056892397 1.6153795719146731 179.50000000000003 71.500000000000014 179.50000000000003 192.50000000000003 1.9999099969863894 154.50000000000003 43.500000000000007 125.50000000000001 2.7448064088821416 -0.72708776593208302 123.50000000000001 85.500000000000014 53.500000000000007 61.500000000000007 39.500000000000007 43.500000000000007 35.500000000000007 21.500000000000004 115.50000000000001 65.500000000000014 2.9999164342880253 173.50000000000003 9.5000000000000018 29.500000000000004 31.500000000000004 67.500000000000014 108.50000000000001
decision_type=2 2 2 10 2 10 10 2 10 2 10 2 2 10 2 2 2 2 2 2 2 2 2 2 10 2 2 2 2 2
left_child=1 5 3 4 6 8 7 9 11 12 13 24 -2 14 15 16 17 18 23 20 -14 22 -6 26 25 -1 27 -4 -16 -30
right_child=2 -3 10 -5 21 -7 -8 -9 -10 -11 -12 -13 19 -15 28 -17 -18 -19 -20 -21 -22 -23 -24 -25 -26 -27 -28 -29 29 -31
leaf_value=-0.025821469406706512 0.0070355385476201073 -0.052488790222921154 -0.013407851804685851 0.036580310235528289 0.011444508832325449 0.031459516757835676 0.03870157804578421 -0.052814281258359116 0.023802568566261211 -0.024018906115076625 0.026071173328868515 -0.040313127010344334 -0.0024811099747116048 0.02489433647800517 0.017728097339165437 -0.028735533459788208 0.010401039112133151 -0.024618523881679667 0.005532806177994027 0.0027006858131618035 -0.022782762201639401 0.016872980961520994 -0.020895244345342519 -0.042190412715963722 0.027399863181320688 -0.014783061286291707 -0.022452160450959404 0.0030031321241627404 -0.027333728043120998 0.014695686014530744
leaf_weight=26499.564971074462 154173.85873183608 30577.53450743854 51098.415092989802 20016.57361587882 175539.9815788269 6388.549392208457 6948.2336976975203 3131.2302609980106 4675.4701051265001 12553.553908109665 6953.4991648048162 15446.351755827665 89218.157079637051 3343.2943526357412 7589.3516943901777 11908.057778984308 13820.511564195156 15709.736615821719 17293.396909788251 111193.08119361103 11016.18905711174 82965.976283058524 8908.0145410299301 2909.1429738849401 1268.807489991188 60191.504507377744 14631.583598405123 17142.340155154467 2944.2161389887333 2843.1883228719234
leaf_count=80027 281474 124273 131682 15477 291397 6084 4928 12757 5833 36547 8169 55521 192891 4083 11230 37337 24194 46611 33193 219138 31592 121407 24860 10788 1563 157827 42307 34515 9115 4456
internal_value=-1.4926e-06 -0.0238214 0.00409333 0.00691062 0.00600373 -0.0161559 0.00183795 0.00116419 -0.0189757 0.00161391 -0.00722418 -0.0209141 0.00249532 -0.00866317 -0.0093768 -0.0109085 -0.00930355 -0.0115975 -0.0096086 -0.000815772 -0.00471645 0.0120511 0.00988055 -0.0126617 -0.0174991 -0.0181624 -0.0116152 -0.00928568 0.00716239 -0.00670636
internal_weight=988899 145048 843852 675665 655648 114470 388234 381286 108082 378155 168187 103406 365601 161233 157890 144513 132605 118785 103075 211427 100234 267414 184448 85781.5 87959.9 86691.1 82872.3 68240.8 13376.8 5787.4
internal_count=2061276 431128 1630148 1232468 1216991 306855 779327 774399 300771 761642 397680 294938 725095 389511 385428 360627 323290 299096 252485 443621 224483 437664 316257 219292 239417 237854 208504 166197 24801 13571
is_linear=0
shrinkage=0.03


Tree=6
num_leaves=31
num_cat=0
split_feature=97 87 97 0 39 39 24 92 34 97 97 92 18 92 24 39 87 87 87 92 97 31 97 18 87 39 97 92 39 98
split_gain=125765 56106.8 28378.6 14840.8 10719.5 9462.87 8777.16 8042.53 6901.17 6422.22 5862.36 5829.14 5505.07 3908.33 3551.5 2524.42 2205.98 1865.83 1832.69 1818.87 2046.46 1774.67 1650.12 1561.85 1546.41 1519.85 1373.41 1262.56 1246.16 1240.72
threshold=1.4670260548591616 1.7999919056892397 2.8333215713500981 2.5000000000000004 192.50000000000003 169.50000000000003 6.5000000000000009 1.1739111542701723 4.5000000000000009 1.8292622566223147 1.280690670013428 1.0909023880958559 10.500000000000002 0.91800588369369518 47.500000000000007 192.50000000000003 1.5999855995178225 0.99999713897705089 1.999972999095917 0.9999774992465974 1.8749922513961794 15.500000000000002 1.1999675631523135 12.500000000000002 0.98076099157333385 141.50000000000003 1.6595696806907656 1.0132490396499636 192.50000000000003 1.8947233557701113
decision_type=2 2 2 2 10 10 2 2 2 2 2 2 2 2 2 8 2 2 2 2 2 2 2 2 2 10 2 2 10 2
left_child=1 3 5 4 8 6 16 14 15 23 13 24 -3 -5 17 25 -2 19 -11 -8 -21 28 -10 -9 -12 -1 29 -24 -15 -16
right_child=2 12 -4 10 -6 -7 7 9 22 18 11 -13 -14 21 26 -17 -18 -19 -20 20 -22 -23 27 -25 -26 -27 -28 -29 -30 -31
leaf_value=5.912304685223855e-05 -0.028701756217251882 -0.051454348391697061 -0.049469639021013735 0.007530419089217354 0.036794918631313706 0.031989641507310297 -0.017917139297567282 -0.0088988456026125526 0.0083670484381972981 -0.014302925757894571 -0.0026472655937506821 0.011447450320955808 0.0022515154835118134 0.013340500093370003 -0.026041953587505728 -0.0062249496757133304 -0.051661804055265222 -0.027465512554799964 -0.051938584792225274 0.0008403411411659255 -0.017733567015653599 0.019175873703186096 -0.0036549599678229387 0.0029224913408487921 -0.019140202127691134 0.011014598366263751 -0.03623905770415875 0.0074581822145696284 0.041472035445071206 0.0019846761416685002
leaf_weight=106898.79933384061 14523.05014577508 16167.479443758726 23371.236082732677 63597.89216247201 8534.1149039417505 3806.0499422550201 49539.058590441942 13753.093303054571 145956.86438825727 52173.036988690495 15885.419841468334 34275.916323527694 1919.8458943217993 123590.58491952717 9393.0909826606512 62149.37677384913 5146.0353295505047 12191.161343038082 1174.444296374917 11929.335357308388 9640.9286872446537 91332.438751429319 20662.082941055298 37280.55119843781 7533.0022176504135 12736.776153191924 13173.609844595194 16554.535433158278 1418.4653685837984 1671.2831562757492
leaf_count=220753 45921 66477 94135 113762 6241 3506 136720 33230 257623 137701 34481 56960 3850 195285 28925 142524 21132 37624 4795 25117 26688 125258 45534 74573 20565 21682 45201 29820 846 3614
internal_value=1.53874e-05 0.0063915 -0.0179519 0.00771915 0.00359827 -0.0148187 -0.0155906 -0.0138088 0.00282003 -0.00787448 0.0122772 0.00356807 -0.0457576 0.0140717 -0.0195663 -0.00132103 -0.0347552 -0.016618 -0.0151506 -0.0147511 -0.00747009 0.0159938 0.00692939 -0.000265487 -0.00796435 0.00122712 -0.0296769 0.00128969 0.0136663 -0.0218126
internal_weight=987980 729214 258766 711126 373493 235395 231589 211920 364958 104381 337634 57694.3 18087.3 279939 107538 181785 19669.1 83300.5 53347.5 71109.3 21570.3 216341 183173 51033.6 23418.4 119636 24238 37216.6 125009 11064.4
internal_count=2060543 1341661 718882 1271334 724177 624747 621241 554188 717936 250299 547157 112006 70327 435151 303889 384959 67053 226149 142496 188525 51805 321389 332977 107803 55046 242435 77740 75354 196131 32539
is_linear=0
shrinkage=0.03


Tree=7
num_leaves=31
num_cat=0
split_feature=97 87 97 31 39 39 30 30 18 24 97 97 87 0 93 93 38 39 24 97 18 93 93 24 24 30 24 30 0 93
split_gain=118890 53497.8 27166.2 14183.3 13856 8809.24 8038.7 6686.01 5116.55 4959.83 4515.98 4383.27 3796.48 2751.27 2419.42 2023.13 1825.59 2269.48 1809.58 1727.16 1528.45 1514.84 1457.76 1087.95 1083.94 1005.85 1522.91 1060.27 969.741 917.873
threshold=1.4670260548591616 1.7999919056892397 2.8333215713500981 8.5000000000000018 192.50000000000003 154.50000000000003 11.500000000000002 25.500000000000004 10.500000000000002 51.500000000000007 1.69999235868454 1.280690670013428 1.7999919056892397 4.5000000000000009 1.0864861011505129 1.2711849808692934 173.50000000000003 192.50000000000003 15.500000000000002 1.2999967932701113 35.500000000000007 1.3646629452705386 1.3646629452705386 59.500000000000007 3.5000000000000004 59.500000000000007 41.500000000000007 45.500000000000007 2.5000000000000004 1.1111083030700686
decision_type=2 2 2 2 10 10 2 2 2 2 2 2 2 2 2 2 10 8 2 2 2 2 2 2 2 2 2 2 2 2
left_child=1 3 5 4 7 6 12 16 -3 10 20 13 24 29 19 23 17 18 -1 -9 21 -8 -11 -13 -2 26 27 -12 -16 -5
right_child=2 8 -4 11 -6 -7 9 14 -10 22 25 15 -14 -15 28 -17 -18 -19 -20 -21 -22 -23 -24 -25 -26 -27 -28 -29 -30 -31
leaf_value=0.00086629816991295008 -0.042592784786043676 -0.050375585453980437 -0.048459087239785585 0.0098909087395145385 0.037284535671345091 0.027878879696174499 -0.0092986635854938274 0.0043179185340716832 0.0019078299924140995 -0.028647419617701501 -0.015061529303290253 0.0015232747961018347 -0.050502637978631172 0.017744705397994373 0.0057413480088065018 0.012349038180075494 0.026176161119426496 -0.0096232204207989357 -0.017139473265948432 -0.004571757318232208 0.01533567475452458 0.00025834174988263866 -0.010693761477818888 -0.01289419418285994 -0.022178077483524013 0.0045180944911851076 -0.027049585812107806 -0.00078677559573219022 0.011249034255070962 0.014866196723900427
leaf_weight=64010.696699082851 2569.7543093264103 16068.149321600795 23155.166301965714 109491.74787007272 10899.588268578053 4333.5495491623878 43465.845200195909 155804.40810032189 1880.0031888633966 20556.740730881691 83183.808731853962 16822.060428246856 5777.1221923232079 101779.86902976036 52622.908918082714 12722.755435690284 1841.8495464473963 38539.612233698368 5431.0709749013186 22495.0789732337 3141.9763823598623 22726.697382882237 5114.704528093338 6520.7939342558384 27671.890197128057 2309.1014252007008 9271.6154602319002 4964.651411563158 63674.552766293287 48197.985100746155
leaf_count=131269 9426 66674 94098 185667 7592 4503 106773 295937 3787 65806 222592 34008 23943 143172 97475 20647 2224 93502 14341 50284 5094 47432 12959 16350 82089 4662 28752 10845 104962 73330
internal_value=2.28487e-05 0.00622063 -0.0174674 0.00751266 0.00393771 -0.014411 -0.0152076 0.00303718 -0.0449031 -0.012797 -0.0109289 0.012536 -0.0282259 0.013898 0.00539225 0.00273454 -0.00328004 -0.00378723 -0.000546471 0.00319597 -0.00504643 -0.00601825 -0.0250815 -0.00251182 -0.0239398 -0.0150168 -0.0154806 -0.0142579 0.0087583 0.0114133
internal_weight=987046 728803 258243 710855 415320 235087 230754 404420 17948.2 194735 169064 295535 36018.8 259470 294597 36065.6 109823 107981 69441.8 178299 69334.5 66192.5 25671.4 23342.9 30241.6 99729.2 97420.1 88148.5 116297 157690
internal_count=2060195 1341221 718974 1270760 797586 624876 620373 789994 70461 504915 426150 473174 115458 402169 548658 71005 241336 239112 145610 346221 159299 154205 78765 50358 91515 266851 262189 233437 202437 258997
is_linear=0
shrinkage=0.03


Tree=8
num_leaves=31
num_cat=0
split_feature=30 100 92 39 98 39 92 92 30 30 24 98 92 30 24 24 38 98 30 30 24 18 98 24 98 88 24 30 24 30
split_gain=92279.1 24175.3 20070.2 16854.2 10790.5 9724.91 6908.44 6361.35 5788.49 3431.09 3098.81 2964.09 3382.75 2899.46 3963.72 2890.11 2346.09 2102.76 2046.61 2009.35 3191.17 1984.93 2202.07 1893.43 1866.23 1838.76 1657.31 1466.34 1868.95 1319.04
threshold=16.500000000000004 -0.72708776593208302 1.9285621643066408 192.50000000000003 1.7971687912940981 154.50000000000003 0.9999774992465974 0.91800588369369518 7.5000000000000009 87.500000000000014 53.500000000000007 2.9999723434448247 1.1999837756156924 83.500000000000014 49.500000000000007 5.5000000000000009 173.50000000000003 2.9995950460433964 35.500000000000007 55.500000000000007 33.500000000000007 1.5000000000000002 2.0769110918045048 2.5000000000000004 1.3499909043312075 1.9999649524688723 10.500000000000002 35.500000000000007 21.500000000000004 11.500000000000002
decision_type=2 2 2 10 2 10 2 2 2 2 2 2 2 2 2 2 10 2 2 2 2 2 2 2 2 2 2 2 2 2
left_child=2 7 5 4 6 8 24 -2 23 10 19 12 -6 14 -9 -4 21 -17 -14 20 25 -10 26 -1 -3 27 29 28 -8 -23
right_child=1 3 15 -5 11 -7 9 13 16 -11 -12 -13 18 -15 -16 17 -18 -19 -20 -21 -22 22 -24 -25 -26 -27 -28 -29 -30 -31
leaf_value=-0.050516848244606491 0.004673295359368195 -0.0017435435820019965 -0.050266891494060377 0.037286887572638892 -0.014768154705355849 0.022290556950505989 0.0022870683011807728 0.010463085379843737 -0.04872072263094232 0.012916750572931035 -0.021137317916330549 -0.040953906636397822 -0.0093956555685239199 0.016385307026723403 -0.023207948992819652 -0.022968818414862365 0.027910437557001989 -0.047594344152412649 0.0020622357608082002 0.0087889692262626915 -0.018178990201840908 -0.0145673724759689 -0.023247305236666651 -0.027446210387805092 -0.0091839160213086028 -0.016832700246923515 -0.021604182209540412 0.0076897828734598149 -0.014684510752180068 -0.0046057640807585067
leaf_weight=3860.5244189500809 141821.21734184027 115002.23471468687 19297.366658225656 10309.310578241944 48784.274662137032 5625.2892611771822 54173.813573300838 113140.74704673886 1522.3311257958412 37181.244138628244 4694.8021350353956 2659.3065776973963 29619.804230481386 106312.22526687384 3218.2258447557688 8562.2168650925159 1146.9197701215744 4968.1876315325499 26630.001593753695 46625.634446978569 7009.8212801665068 21575.491317465901 18902.125699296594 19550.422927126288 41199.624229848385 4158.55309702456 11754.111806765199 43180.362091690302 6525.0551656335592 26883.757758229971
leaf_count=16018 267209 243842 80451 7021 131174 7061 108417 190692 6386 58501 13662 10254 73273 153489 9378 25876 1355 20309 55118 80911 19169 57833 57057 63080 100232 11573 33897 77171 17193 61875
internal_value=3.0998e-05 0.00382157 -0.0221915 -0.000617924 -0.00145546 -0.0160831 0.00103852 0.0096403 -0.0181389 0.00468014 0.00283802 -0.00978526 -0.00898847 0.0128031 0.00952799 -0.04279 -0.0143676 -0.0320679 -0.00397241 0.00353677 0.00140703 -0.0149757 -0.0143142 -0.0312905 -0.00370693 0.00268096 -0.0115031 0.00346524 0.000458408 -0.00904515
internal_weight=985895 842246 143649 477754 467445 110821 359751 364492 105196 203549 166368 107693 105034 222671 116359 32827.8 81784.7 13530.4 56249.8 161673 115048 80637.8 79115.5 23410.9 156202 108038 60213.4 103879 60698.9 48459.2
internal_count=2059477 1628279 431198 1007511 1000490 304562 730671 620768 297501 386597 328096 269819 259565 353559 200070 126636 218403 46185 128391 314434 233523 217048 210662 79098 344074 214354 153605 202781 125610 119708
is_linear=0
shrinkage=0.03


Tree=9
num_leaves=31
num_cat=0
split_feature=97 87 97 40 30 40 30 92 92 97 12 30 24 97 87 24 92 24 38 87 40 24 30 92 31 97 40 40 87 92
split_gain=108373 49302.1 24875.2 21289 15755.8 15018.3 7228.3 8849.53 6921.86 6348.67 4514.6 4360.99 5187.42 4112.37 3622.15 3493.3 2383.18 2318.24 2116.3 2098.04 1973.35 1831.98 1751.7 1713.78 1668.65 1629.63 1608.68 1457.33 1429.83 1405.71
threshold=1.4670260548591616 1.7999919056892397 2.8333215713500981 201.50000000000003 51.500000000000007 152.50000000000003 12.500000000000002 1.1999837756156924 1.0132490396499636 1.2115353345870974 9.5000000000000018 20.500000000000004 31.500000000000004 1.7906786799430849 1.7999919056892397 39.500000000000007 1.1999974250793459 2.5000000000000004 173.50000000000003 0.94117397069931041 125.50000000000001 12.500000000000002 45.500000000000007 0.91800588369369518 11.500000000000002 1.6595696806907656 201.50000000000003 142.50000000000003 0.99999713897705089 1.0434752106666567
decision_type=2 2 2 10 2 10 2 2 2 2 2 2 2 2 2 2 2 2 10 2 10 2 2 2 2 2 10 10 2 2
left_child=1 3 5 4 11 6 14 15 9 24 -3 17 16 -9 -2 22 20 -1 21 23 -13 27 28 -11 -6 29 -7 -19 -8 -17
right_child=2 10 -4 -5 8 26 7 13 -10 19 -12 12 -14 -15 -16 25 -18 18 -20 -21 -22 -23 -24 -25 -26 -27 -28 -29 -30 -31
leaf_value=-0.052938349096732146 -0.023012827373625012 -0.048837607541540977 -0.046598946849906696 0.041332246893862841 0.0054500610277970259 0.012358314464012225 -0.014242099370828388 0.0011294059159178674 0.014353679584727171 -0.0074727347710732833 -0.00108999622180986 0.0010958420565380857 -0.021262252774433981 -0.011863427436749188 -0.048731518700148017 -0.026138564328427531 0.0091555501264942007 -0.0052411267290211234 0.026781023625221528 -0.019966596618415183 0.012593874811430502 -0.021028121409869829 0.0010368861709395931 0.01118913444350972 0.011388470744290845 -0.031995333549968974 0.039696236623497937 0.010723995989801921 -0.028203097008748065 -0.0080900173651263767
leaf_weight=880.6297013759613 34283.651410847902 15706.457345172763 22767.101384967566 16065.165289446712 80401.574825122952 3637.853029102087 48430.921719431877 41257.592341452837 196101.02590551972 14295.495636552572 2011.0336893945932 142162.15879882872 7462.0077378153801 46759.358865991235 5764.8135326057673 10102.932595476508 61343.781566262245 59363.29776956141 1875.9065897166729 7772.8501130640507 14816.429240912199 6101.8634445667267 5889.5172525346279 6393.1038548201323 90688.77551472187 20019.189768239856 4187.6108545958996 5615.4624247997999 7659.8104800730944 6341.0488644689322
leaf_count=3575 104422 66262 94220 8867 147657 6011 129518 85109 296049 33429 4278 287064 20720 121104 24354 31535 105980 136111 2071 21248 23956 17065 12585 10739 146879 67124 2835 9677 24262 15823
internal_value=7.31011e-05 0.00597895 -0.0166732 0.00721066 0.00642107 -0.0137619 -0.0151742 -0.0126881 0.0103509 0.00641634 -0.0434253 0.00123133 0.00330105 -0.00577422 -0.0267374 -0.0188672 0.00414247 -0.0050968 -0.00450498 -0.00669964 0.00218255 -0.00533796 -0.0145243 -0.00170069 0.00859876 -0.0262373 0.0270515 -0.00385855 -0.016158 -0.0191971
internal_weight=986158 729057 257101 711340 695274 234334 226509 186460 395653 199552 17717.5 299622 225784 88017 40048.5 98443.4 218322 73837.2 72956.5 28461.4 156979 71080.6 61980.2 20688.6 171090 36463.2 7825.46 64978.8 56090.7 16444
internal_count=2060529 1341627 718902 1271087 1262220 624682 615836 487060 656001 359952 70540 606219 437720 206213 128776 280847 417000 168499 164924 65416 311020 162853 166365 44168 294536 114482 8846 145788 153780 47358
is_linear=0
shrinkage=0.03


Tree=10
num_leaves=31
num_cat=0
split_feature=97 87 97 40 30 40 39 39 30 92 92 30 18 97 97 24 87 87 97 34 92 92 87 92 40 24 87 18 40 87
split_gain=100226 46368.4 24074.4 19932.1 15658 14728.9 9671.49 7063.02 6655.54 7181.28 6529.43 5188.93 4879.33 4068.22 3968.09 3916.73 3330.91 3284.89 2514.19 2455.31 2102.11 2028.44 1986.89 1812.74 1781.26 1639.49 1590.16 1576.56 1494.4 1464.64
threshold=1.4670260548591616 1.7999919056892397 2.8333215713500981 201.50000000000003 49.500000000000007 142.50000000000003 192.50000000000003 169.50000000000003 12.500000000000002 1.1379284262657168 0.96189993619918834 16.500000000000004 10.500000000000002 1.2115353345870974 1.8292622566223147 30.500000000000004 0.94117397069931041 1.7999919056892397 1.2999967932701113 4.5000000000000009 1.1739111542701723 0.9999774992465974 0.99999827146530162 1.1538438200950625 201.50000000000003 2.5000000000000004 0.76190313696861278 37.500000000000007 142.50000000000003 1.1111055016517641
decision_type=2 2 2 10 2 10 10 10 2 2 2 2 2 2 2 2 2 2 2 2 2 2 2 2 10 2 2 2 10 2
left_child=1 3 5 4 6 7 11 8 17 16 13 25 -3 -6 29 19 21 -2 27 23 22 26 -20 28 -7 -1 -10 -12 -13 -11
right_child=2 12 -4 -5 10 24 -8 -9 9 14 18 15 -14 -15 -16 -17 -18 -19 20 -21 -22 -23 -24 -25 -26 -27 -28 -29 -30 -31
leaf_value=-0.051191268003742206 -0.022959532344613731 -0.047951105053541783 -0.04567696873497553 0.040161446360661268 0.0071858842438316597 0.011688750635276902 0.033894164468302408 0.030313220871539141 -0.013311146903895519 0.0062988652978622876 0.012296994628091714 -0.0038943352906235327 0.0028595351856255907 -0.0065648537987029066 -0.013570895138112967 -0.020074255822531663 -0.027790463405508448 -0.04769648896483248 0.0084221959870192688 0.0058759377047967144 0.013279280509292578 -0.0047492220882387809 -0.011779270628735626 0.0048105799328316103 0.038695417958523659 -0.0087925627092428349 -0.024610488523929358 0.017707028408105036 0.012013997612825516 -0.0048370847852041276
leaf_weight=817.7940281778574 33550.517811954021 15631.606515720487 22528.389728888869 15852.433684200048 142483.19668516517 4579.011949762702 7698.7287188023329 3075.6219895929098 26430.635850772262 15357.248571485281 133590.62994728982 81589.16853427887 1905.9012696594 22393.050663515925 46745.801222637296 7232.7305732220411 27641.573697894812 5655.0343163311481 8660.4128111153841 98715.028755530715 15933.051722332835 13120.623265177011 8828.9648198485374 40637.19413472712 4252.0820065587759 43141.98500366509 19588.707087352872 76408.429297357798 5665.3854038566351 34411.983036473393
leaf_count=3345 103381 66710 94239 8878 252158 7697 5725 2852 70721 29703 209633 179729 3771 51844 125060 20023 88662 24190 15270 182220 24749 31123 21631 76640 2883 105194 60378 104142 9280 78202
internal_value=3.82251e-05 0.00572912 -0.0160674 0.00692049 0.00615984 -0.013218 0.000770077 -0.0147065 -0.0153315 -0.0129293 0.00992835 -0.000150274 -0.0424323 0.00531773 -0.00729626 0.00162766 -0.0191909 -0.0265501 0.0130506 0.00232204 0.00540388 -0.0151636 -0.00177769 -0.000421576 0.0247502 -0.00960424 -0.0181295 0.0142669 -0.0028589 -0.00139972
internal_weight=984123 727186 256937 709648 693796 234409 285498 225578 222502 183297 408298 277799 17537.5 164876 96515 233840 86781.5 39205.6 243421 226607 33422.4 59140 17489.4 127892 8831.09 43959.8 46019.3 209999 87254.6 49769.2
internal_count=2060033 1340942 719091 1270461 1261583 624852 582156 614272 611420 483849 679427 576431 70481 304002 232965 467892 250884 127571 375425 447869 61650 162222 36901 265649 10580 108539 131099 313775 189009 107905
is_linear=0
shrinkage=0.03


Tree=11
num_leaves=31
num_cat=0
split_feature=30 40 30 92 24 40 30 24 30 24 24 92 38 24 30 30 24 98 18 24 98 88 40 24 30 24 30 98 92 92
split_gain=79774 24526.5 24698.6 17828.1 14922 14049.2 10895.9 10701.6 9487.24 7898.84 4844.54 4673.84 3786.28 3426.51 3335.19 3257.31 10270.2 3189.38 2708.83 2618.56 1909.04 1802.44 1698.7 1641.77 2732.02 1575.18 3024.39 1516.4 1506.87 1445.09
threshold=16.500000000000004 179.50000000000003 71.500000000000014 1.9285621643066408 43.500000000000007 179.50000000000003 45.500000000000007 26.500000000000004 29.500000000000004 16.500000000000004 2.5000000000000004 1.071426570415497 173.50000000000003 36.500000000000007 57.500000000000007 119.50000000000001 67.500000000000014 2.9995950460433964 1.5000000000000002 5.5000000000000009 2.9995950460433964 1.9999099969863894 201.50000000000003 31.500000000000004 35.500000000000007 61.500000000000007 102.50000000000001 2.9999164342880253 1.1999974250793459 1.0909023880958559
decision_type=2 10 2 2 2 10 2 2 2 2 2 2 10 2 2 2 2 2 2 2 2 2 10 2 2 2 2 2 2 2
left_child=3 2 4 5 6 10 7 8 9 21 -1 15 17 29 -15 16 25 18 -12 -5 -21 -2 -3 24 -9 -4 -27 -11 -6 -8
right_child=1 22 11 19 28 -7 13 23 -10 27 12 -13 -14 14 -16 -17 -18 -19 -20 20 -22 -23 -24 -25 -26 26 -28 -29 -30 -31
leaf_value=-0.048127594597371905 -0.00012417343895497531 0.022124053855921446 0.0076501848720285622 -0.047762892484150554 -0.025246755392452313 0.028807631775011125 0.0055917179359775589 -0.023369228092293238 0.0052596991579089798 -0.014761883444498167 -0.046586442948712316 0.014524220527829944 0.024886583317234073 -0.01375366336925416 0.0047322631240105731 0.01298154991396829 -0.025150264888081714 -0.036895076372361932 -0.014773672882949482 -0.021586029370896247 -0.045310385852149249 -0.016595074794279047 0.039547824531199052 -0.022868268600349378 -0.0042716700335807293 -0.022438279098919441 0.009160851760330678 -0.041962538808523922 -0.010317866599484487 0.011845894486739218
leaf_weight=4493.6133087128401 93738.828007206321 7570.5224522352219 109342.4497435838 18761.561309874058 23116.615720883012 6174.227403357625 77514.771163359284 10953.019421890378 121613.79449471831 47560.984987393022 2462.0395925492048 109149.38629470766 1949.9888118505478 13673.155803665519 24481.192685365677 52581.417998656631 9934.8140201717615 6838.7283990383148 87719.862756729126 8471.1867638677359 4825.5763941407204 6366.9914648979902 15630.616311967373 19960.421898826957 17513.235433936119 4698.3684874176979 6437.8981407135725 1906.300873041153 8311.7261342555285 58303.935550421476
leaf_count=19188 195907 9338 191185 80777 71819 6213 142696 33080 228970 127056 10671 163398 2406 35787 45778 80163 30354 26018 240000 25905 20407 18142 8819 59874 39544 13766 10754 7778 20958 93742
internal_value=-2.7556e-05 0.00348358 0.00261956 -0.0208486 -0.00127108 -0.0150894 5.52409e-06 -0.00328295 -0.000962716 -0.00602202 -0.0177141 0.00961107 -0.0163237 0.0060466 -0.00189617 0.0066793 0.0041367 -0.017157 -0.0156523 -0.0405229 -0.030251 -0.00117487 0.0338864 -0.0162704 -0.0116311 0.00655551 -0.00418708 -0.0158266 -0.0213076 0.00827784
internal_weight=982057 840360 817159 141697 525015 109638 493587 319614 271187 149573 103464 292144 98970.6 173973 38154.3 182995 130414 97020.6 90181.9 32058.3 13296.8 100106 23201.1 48426.7 28466.3 120479 11136.3 49467.3 31428.3 135819
internal_count=2060493 1628908 1610751 431585 1121131 304496 1028354 710351 577853 348883 298283 489620 279095 318003 81565 326222 246059 276689 250671 127089 46312 214049 18157 132498 72624 215705 24520 134834 92777 236438
is_linear=0
shrinkage=0.03


Tree=12
num_leaves=31
num_cat=0
split_feature=30 87 40 30 24 40 39 30 24 39 87 24 30 98 92 30 24 30 24 38 30 30 40 92 100 24 24 30 30 92
split_gain=75215.3 26692.5 23350 22449.8 14419.6 13561.8 10985.6 10705 8828.4 7744.31 7242.23 6082.53 10667.5 5648.66 4740.48 4247.7 5318.64 3197.73 10324.9 2459.83 2163.59 1864.83 1621.96 1588.42 1497.37 1441.34 1397.68 1413.06 1365.26 1282.11
threshold=16.500000000000004 1.7999919056892397 179.50000000000003 71.500000000000014 43.500000000000007 179.50000000000003 192.50000000000003 35.500000000000007 21.500000000000004 154.50000000000003 1.9999099969863894 32.500000000000007 49.500000000000007 2.7448064088821416 1.0434752106666567 25.500000000000004 14.500000000000002 105.50000000000001 61.500000000000007 173.50000000000003 9.5000000000000018 57.500000000000007 201.50000000000003 1.1999974250793459 -0.78734746575355519 10.500000000000002 55.500000000000007 90.500000000000014 20.500000000000004 1.1999974250793459
decision_type=2 2 10 2 2 10 10 2 2 10 2 2 2 2 2 2 2 2 2 10 2 2 10 2 2 2 2 2 2 2
left_child=1 5 3 4 6 9 7 8 10 13 15 23 -13 19 17 16 -2 18 26 20 -1 -14 -4 -9 -16 -22 -5 -28 -18 -6
right_child=2 -3 22 14 29 -7 -8 11 -10 -11 -12 12 21 -15 24 -17 28 -19 -20 -21 25 -23 -24 -25 -26 -27 27 -29 -30 -31
leaf_value=-0.022957090621520564 -0.00041186884731679341 -0.046253692803681752 0.021601856421155478 0.0069997824537936307 -0.024561271470827165 0.028866234773555911 0.034472505145723337 0.0045903983062964906 -0.018142636585561551 0.021550359625783836 -0.048084286775118452 -0.021053533130466623 -0.0046483957605767505 -0.035197901325984049 0.016606718521151347 0.0036396070714761848 -0.022526673853747941 0.010611942658830961 -0.02712029365425259 0.026519808824549705 -0.0094411946612559128 0.0066344609347944866 0.038627048769163071 0.010527347467307997 0.010104227990494406 -0.0195615311959535 -0.019335892181549543 0.0041612137870002779 -0.010476132388625971 -0.010757560627348889
leaf_weight=25801.621996596456 59957.188546523452 28440.057981714606 7581.743335261941 73044.636500045657 22971.384989231825 6331.4143780320883 8205.8092048168182 128313.29851070046 40351.829973146319 4642.5225478410721 3070.3579532653093 22232.042178794742 19021.022236630321 14699.074250638485 67706.152575924993 74390.286593854427 13475.295402035117 71158.869795948267 9687.105565816164 1243.1391339153051 41368.854728236794 42856.170928791165 15584.162777036428 59330.373392730951 60495.029976591468 18294.09850859642 3800.7762323021889 5786.3464161157608 22886.940273180604 8286.0727637261152
leaf_count=79897 126324 124058 9344 128773 71541 6092 5905 241675 114518 5799 13124 65281 42876 55526 94350 144841 40540 114713 30695 1523 104572 76690 8830 98936 100413 53143 10626 10687 57848 21087
internal_value=-1.02378e-05 -0.0202991 0.00339069 0.00254814 -0.00115733 -0.0137238 9.31477e-05 -0.000488859 -0.00550501 -0.0162715 -0.00256879 0.00346381 -0.00323947 -0.0180069 0.00922175 -0.00174462 -0.00590291 0.00583376 0.00214926 -0.0150852 -0.0156964 0.00316573 0.0330785 0.0064685 0.0135404 -0.0125498 0.00558633 -0.00517498 -0.0149518 -0.0209112
internal_weight=981014 140821 840193 817027 525348 112381 494091 485885 214132 106049 173780 271753 84109.2 101407 291679 170710 96319.4 163478 92318.9 86707.7 85464.6 61877.2 23165.9 187644 128201 59663 82631.8 9587.12 36362.2 31257.5
internal_count=2060227 430610 1629617 1611443 1121186 306552 1028558 1022653 497195 300460 382677 525458 184847 294661 490257 369553 224712 295494 180781 239135 237612 119566 18174 340611 194763 157715 150086 21313 98388 92628
is_linear=0
shrinkage=0.03


Tree=13
num_leaves=31
num_cat=0
split_feature=30 40 30 92 24 40 30 39 24 30 24 39 92 30 100 24 24 30 30 24 38 92 88 24 24 30 40 18 30 98
split_gain=69090.2 21210.1 21851.6 17308.5 13545.4 12169.5 10625.7 9751.26 8721.66 8394.89 6863.54 6486.73 4495.21 4298.32 2669.79 2501.88 2141.8 3093.92 1927.75 5752.9 1891.29 1815.34 1759.22 1753.39 1749.7 2502.75 1646.5 1443.77 1420.04 1399.08
threshold=16.500000000000004 179.50000000000003 71.500000000000014 1.9285621643066408 41.500000000000007 179.50000000000003 45.500000000000007 192.50000000000003 27.500000000000004 29.500000000000004 16.500000000000004 169.50000000000003 1.0434752106666567 7.5000000000000009 -0.77194765210151661 5.5000000000000009 47.500000000000007 57.500000000000007 111.50000000000001 61.500000000000007 173.50000000000003 2.2499620914459233 1.9999099969863894 22.500000000000004 36.500000000000007 57.500000000000007 201.50000000000003 1.5000000000000002 35.500000000000007 2.9999164342880253
decision_type=2 10 2 2 2 10 2 10 2 2 2 10 2 2 2 2 2 2 2 2 10 2 2 2 2 2 10 2 2 2
left_child=3 2 4 5 6 11 7 8 9 10 22 13 14 -1 -4 -5 17 -6 19 -16 27 -17 -2 -11 -8 -26 -3 -15 -25 -29
right_child=1 26 12 15 16 -7 24 -9 -10 23 -12 -13 -14 20 18 21 -18 -19 -20 -21 -22 -23 -24 28 25 -27 -28 29 -30 -31
leaf_value=-0.029299897125276649 -0.00090913669925473913 0.020268771126997567 0.008550355938465622 -0.046267258624745809 -0.025069314357286654 0.02725829995637612 0.007883679029981789 0.033467086464243088 -0.01680203859539315 0.0062181939436760569 -0.015613971461230903 0.022837974632875836 0.013307299244908173 -0.044646819942126874 0.0029453606538446787 -0.016093867611589558 -0.025510958728332974 -0.0025860370213896568 0.0093957828107946988 -0.024744825520018988 0.025981880082053668 -0.038741108459473358 -0.01749947034717517 -0.010045288995261218 -0.011902327577240102 0.006316780977289699 0.037584370787528736 -0.01346803593212492 0.0025568973273311355 -0.035357465200320105
leaf_weight=22107.875307962298 90961.902563676238 7436.773457467556 108215.09030918777 18200.646614685655 9201.6261273473501 6130.1542207300663 135851.97326003015 6471.5318220853806 39771.687596559525 88802.325253620744 50270.680136606097 3680.5082071721554 128668.60239379108 1419.7517359405756 31142.248184561729 5666.5026856064796 17867.089336931705 13693.509388491511 15549.809272944927 8601.1830421984196 1017.664898917079 7393.4667488783598 6121.0174670368433 11990.214232578874 10517.921769857407 19038.610591799021 15250.834421798587 72503.493402302265 24371.976069390774 2715.8937176316977
leaf_count=78115 193441 9355 182776 80403 28823 6244 236654 4671 111146 163186 138646 4410 195006 6351 59735 16772 57130 30098 25658 26797 1233 29352 17991 30210 26970 34259 8772 197384 47806 10506
internal_value=7.08755e-05 0.00333197 0.00253712 -0.0193725 -0.00112303 -0.0137505 0.000275563 -0.00292586 -0.00368212 -0.00176629 -0.00661867 -0.0161855 0.00911266 -0.0176294 0.00581057 -0.0390575 -0.0177273 -0.0116361 0.00044736 -0.00305672 -0.0143003 -0.0289545 -0.00195854 0.00394646 0.00644468 -0.000170295 0.0319313 -0.0148419 -0.00160184 -0.0142676
internal_weight=980633 839797 817109 140836 524932 109575 484170 318761 312290 272518 147354 103445 292177 99764.7 163508 31260.6 40762.2 22895.1 55293.2 39743.4 77656.8 13060 97082.9 125165 165409 29556.5 22687.6 76639.1 36362.2 75219.4
internal_count=2059900 1629130 1611003 430770 1121031 304243 1004980 707097 702426 591280 350078 297999 489972 293589 294966 126527 116051 58921 112190 86532 215474 46124 211432 241202 297883 61229 18127 214241 78016 207890
is_linear=0
shrinkage=0.03


Tree=14
num_leaves=31
num_cat=0
split_feature=97 30 97 40 40 88 92 40 30 92 31 97 97 24 24 97 92 18 92 34 38 38 97 30 24 30 92 24 51 24
split_gain=80028.3 21478.3 20877.4 11803 11213.6 9580.48 9330.45 7029.12 5702.14 6902.48 4893.42 4346.6 3315.41 2992.33 2825.23 2458.23 2396.03 1899.85 1863.01 1817.69 1440.77 1293.07 1291.68 1251.61 1169.68 1264.47 1129.88 1076.24 992.583 976.726
threshold=1.4670260548591616 20.500000000000004 2.8333215713500981 179.50000000000003 201.50000000000003 1.8928556442260744 0.91800588369369518 179.50000000000003 12.500000000000002 1.1999837756156924 8.5000000000000018 1.1739061474800112 1.8749922513961794 51.500000000000007 2.5000000000000004 1.280690670013428 1.9285621643066408 2.5000000000000004 1.0909023880958559 9.5000000000000018 173.50000000000003 150.50000000000003 1.69999235868454 31.500000000000004 12.500000000000002 12.500000000000002 1.9285621643066408 63.500000000000007 9.5931410789489764 18.500000000000004
decision_type=2 2 2 10 10 2 2 10 2 2 2 2 2 2 2 2 2 2 2 2 10 10 2 2 2 2 2 2 2 2
left_child=1 5 3 8 6 7 11 14 16 13 23 19 -11 22 -1 -12 21 -7 27 -3 24 -2 -10 -8 25 -16 -19 -17 -25 -4
right_child=2 4 29 -5 -6 17 10 -9 9 12 15 -13 -14 -15 20 18 -18 26 -20 -21 -22 -23 -24 28 -26 -27 -28 -29 -30 -31
leaf_value=-0.046661829075132895 -0.020329493961113974 0.00096097713859304385 -0.045217664552911388 0.029525807692033564 0.036763785001196855 -0.038281556209313686 0.0012015803380450781 0.028578880509376355 -0.0094652507591717425 0.00039592648554561565 0.013968346906066933 -0.0067040219756589496 -0.011326483558930745 -0.026562307812516634 -0.011188368555291758 0.00097693532847749212 -0.037258259836692509 -0.012202512618225376 0.010407891187654126 0.0068426855228473724 0.022984911624802155 0.019773751836860688 -0.017197337681019696 0.0092684685507024613 -0.019039263480102552 -0.0017801255372520879 -0.036107470410198211 -0.019504565179949675 0.0043076086920552613 -0.025815286842958456
leaf_weight=1518.0584776550531 30429.091560721397 100431.08326110244 18752.612783253193 6019.2190880775452 11189.314831778407 8749.7586945742369 40514.708006307483 5561.4571556448936 36642.264885887504 50055.588681280613 171257.57210895419 44296.630924344063 38329.43051430583 20113.804061502218 19287.59277126193 7390.9751360118389 8648.5183619707823 6679.2559545636177 17739.997928038239 89360.2327786237 1538.7884329408407 726.12897898256779 41666.07929161191 85084.434062123299 5798.3473625779152 38510.586556747556 2425.7083851844072 3336.9790917038918 63402.992849111557 2774.0577004998922
leaf_count=6631 94615 200778 83946 5501 6340 36189 82061 5057 93928 105808 251290 102989 101897 66422 50342 15076 34346 18336 28941 157372 1812 1063 120898 142720 16117 84430 9661 9188 116366 10268
internal_value=-8.01953e-06 0.00507573 -0.0144905 -0.0118726 0.00702322 -0.00863131 0.00648775 -0.00376294 -0.0129748 -0.010776 0.00933708 0.00175574 -0.00468908 -0.0162401 -0.00646925 0.0126114 -0.0232835 -0.0282956 0.00444426 0.00373072 -0.00551848 -0.0193827 -0.0135827 0.005876 -0.00621516 -0.0049225 -0.0186364 -0.00541837 0.00715108 -0.0427436
internal_weight=978231 724074 254157 232630 634005 90069.6 622816 72214.8 226611 186807 388728 234088 88385 98422.1 66653.4 199726 39803.7 17854.7 28468 189791 65135.3 31155.2 78308.3 189002 63596.5 57798.2 9104.96 10728 148487 21526.7
internal_count=2060388 1341696 718692 624478 1113121 228575 1106781 164389 618977 488953 645642 461139 207705 281248 159332 304495 130024 64186 53205 358150 152701 95678 214826 341147 150889 134772 27997 24264 259086 94214
is_linear=0
shrinkage=0.03


Tree=15
num_leaves=31
num_cat=0
split_feature=97 97 18 40 0 40 88 24 34 97 97 24 24 40 24 24 24 38 97 12 38 24 40 18 97 98 40 98 18 24
split_gain=76490.5 20006.4 18739.5 14480.6 11448 11183.6 7903.33 5563.21 4061.48 4031.2 3520.8 3241.28 3229.54 2276.98 2109.9 1790.26 1789.53 1766.32 1720.94 1505.84 1482.98 1485.7 1340.21 1325.05 1264.21 1257.25 1080.42 1069.36 1052.75 1302.21
threshold=1.4670260548591616 2.8333215713500981 3.5000000000000004 179.50000000000003 3.5000000000000004 179.50000000000003 1.8928556442260744 4.5000000000000009 9.5000000000000018 1.69999235868454 1.2352842688560488 4.5000000000000009 2.5000000000000004 179.50000000000003 53.500000000000007 77.500000000000014 53.500000000000007 173.50000000000003 1.1999675631523135 17.500000000000004 150.50000000000003 8.5000000000000018 201.50000000000003 10.500000000000002 1.2558117508888247 1.4829397201538088 179.50000000000003 1.1320738792419436 39.500000000000007 43.500000000000007
decision_type=2 2 2 10 2 10 2 2 2 2 2 2 2 10 2 2 2 10 2 2 10 2 10 2 2 2 8 2 2 2
left_child=2 5 6 4 8 7 12 -2 11 16 19 -4 -1 -14 20 25 23 18 26 -6 21 -11 -5 -9 -10 -12 -13 -21 29 -23
right_child=1 -3 3 22 10 -7 -8 9 24 14 15 17 13 -15 -16 -17 -18 -19 -20 27 -22 28 -24 -25 -26 -27 -28 -29 -30 -31
leaf_value=-0.046710780145031085 -0.036007587313948403 -0.042131630505107501 -0.053444636782027655 0.019790353442552443 0.0092931925801748652 0.02889787652676638 -0.034234331677276429 -0.012135247246705914 0.0072988932135876388 -0.023552093621236506 0.0011752316899358154 0.0023724513257749862 -0.0057305648506912601 0.027234746259544685 -0.027803600020672455 -0.022979356772741898 -0.018053360982741747 0.02688049650702428 -0.0037606506886416458 0.012331028908180088 0.027824062736133252 -0.012528755744839476 0.036001585937757347 -0.0029344095765766113 -0.00053658069856193057 0.010596187080935562 -0.0049834656655851775 0.018410577843167613 0.0063055230857143084 -0.02529316504205064
leaf_weight=1598.9375890046358 8885.8386704623699 21198.074343547225 992.7026672065258 6972.1363974958658 74845.243708670139 5933.8292184025049 13127.28805950284 18630.706659540534 133778.40951482952 13722.89133644104 31440.452734082937 172273.16957937181 22317.552332013845 2039.833379894495 10890.50647944212 2122.482085108757 11132.198489844799 2215.8763429969549 74655.020737037063 63532.1914511621 740.37518799304962 93988.837930798531 13960.42690628767 57656.35064484179 21508.925721004605 21431.274732381105 20044.339674472809 44436.27824011445 2460.3707941323519 7795.4697112292051
leaf_count=7048 35021 94150 4089 8730 123457 5434 51767 50276 231965 45248 61905 337054 53360 1913 36829 5927 32982 2391 165888 95096 882 256086 8079 131679 44631 35430 45242 57735 5148 25220
internal_value=-5.04704e-05 -0.0142467 0.00491618 0.00607041 0.00529455 -0.0116936 -0.0152829 -0.0127623 0.00234776 -0.0118073 0.0105661 0.000125531 -0.00567939 -0.00294977 -0.0151654 0.00390885 -0.00682659 0.00032704 0.000104649 0.0125681 -0.0140015 -0.0142687 0.0306261 -0.00518402 0.00621367 0.00499653 0.00160534 0.0148361 -0.0130423 -0.0135111
internal_weight=976328 253035 723293 684209 663276 231837 39083.6 225904 425468 217018 237808 270181 25956.3 24357.4 129598 54994.2 87419.3 269188 266973 182814 118708 117968 20932.6 76287.1 155287 52871.7 192318 107968 104245 101784
internal_count=2060662 718955 1341707 1227619 1210810 624805 114088 619371 831260 584350 379550 554664 62321 55273 369413 103262 214937 550575 548184 276288 332584 331702 16809 181955 276596 97335 382296 152831 286454 281306
is_linear=0
shrinkage=0.03


Tree=16
num_leaves=31
num_cat=0
split_feature=97 87 97 40 0 40 39 87 39 92 30 30 97 92 18 92 24 97 24 40 24 38 63 92 87 30 24 30 31 87
split_gain=70915.4 37154.9 19704.2 14834 11365.7 9816.16 7632.87 6238.07 6001.79 5089.75 4987.8 4630.34 4166.09 4083.19 4016.41 2576.83 2570.22 2473.69 2270.85 1875.73 1566.83 1568.75 1519.76 1509.7 1867.94 1319.46 1507.94 1424.66 1237.81 1202.23
threshold=1.4670260548591616 1.7999919056892397 2.8333215713500981 201.50000000000003 2.5000000000000004 179.50000000000003 192.50000000000003 1.9999099969863894 141.50000000000003 1.1249905228614809 21.500000000000004 27.500000000000004 1.280690670013428 1.0909023880958559 10.500000000000002 0.91800588369369518 51.500000000000007 1.7368384003639223 4.5000000000000009 142.50000000000003 16.500000000000004 inf 0.19999998062849048 1.3070695400238039 1.0333682894706728 61.500000000000007 41.500000000000007 47.500000000000007 17.500000000000004 0.99999713897705089
decision_type=2 2 2 10 2 10 10 2 10 2 2 2 2 2 2 2 2 2 2 10 2 8 2 2 2 2 2 2 2 2
left_child=1 3 5 4 6 7 11 8 9 16 18 19 15 29 -3 -6 25 -12 -11 20 21 -1 -13 24 -19 26 27 -2 -17 -14
right_child=2 14 -4 -5 12 -7 -8 -9 -10 10 17 22 13 -15 -16 28 -18 23 -20 -21 -22 -23 -24 -25 -26 -27 -28 -29 -30 -31
leaf_value=-0.00330904219935853 -0.015471770596681172 -0.044784192119522823 -0.041589959746980543 0.035172542984403546 0.0053592452130218019 0.027479944008603836 0.031337895500775446 -0.045364846588601196 0.024511443564162804 -0.038089134680147851 0.0024577032042040598 0.00030472994456527024 -0.0035095614546828491 0.0084541129715876 0.0016617601674511154 0.010513485923596185 -0.027968074770441876 -0.0046952191792519618 -0.013990115374069377 0.0088742071038105264 -0.018846099207555637 -0.018843744612318025 0.005179915218180382 -0.003999283904938253 -0.025788226688683902 0.0043954931026676447 -0.028299621435080961 0.0016570053017663541 0.015264505051259364 -0.018516638189317598
leaf_weight=90657.650274991989 65953.697996586561 14752.677084714174 20894.478607341647 15131.263955399394 62889.679711937904 5745.2069185078144 7516.6414135843515 4964.2897576987743 4088.7701713889837 3865.5853885859251 35318.70062199235 97025.471946582198 16415.954239562154 33562.781803011894 1888.4593399316072 133439.53703007102 16490.238849759102 7144.7592234015465 38334.229858413339 9101.5754677504301 7153.0223912298679 6235.7445859313011 141431.47990818322 26410.261129319668 8025.8666738420725 3040.1403471231461 7734.1240632534027 4676.302305996418 78632.650575503707 6779.8938154131174
leaf_count=203670 189459 66893 94254 8864 113491 5412 5798 22382 4679 15732 72247 194963 36427 56939 3757 211327 56741 17764 107806 15981 19730 17781 258665 63702 25760 6627 26067 10240 109048 18678
internal_value=-2.05955e-05 0.00476309 -0.0136999 0.00580796 0.0051638 -0.0111824 0.0014654 -0.0121674 -0.011418 -0.0120972 -0.0079295 0.00082504 0.00916736 0.00176683 -0.0395178 0.0106948 -0.0171649 -0.00337988 -0.0162146 -0.00417233 -0.00531508 -0.00431249 0.00319645 -0.0083371 -0.0158735 -0.0149702 -0.0157224 -0.0143376 0.0122764 -0.00790814
internal_weight=975301 722614 252687 705973 690842 231792 359122 226047 221083 216994 119099 351605 331720 56758.6 16641.1 274962 97894.5 76899.6 42199.8 113148 104046 96893.4 238457 41580.9 15170.6 81404.3 78364.1 70630 212072 23195.8
internal_count=2060884 1342012 718872 1271362 1262498 624618 716588 619206 596824 592145 303011 710790 545910 112044 70650 433866 289134 179473 123538 257162 241181 221451 453628 107226 43524 232393 225766 199699 320375 55105
is_linear=0
shrinkage=0.03


Tree=17
num_leaves=31
num_cat=0
split_feature=97 87 97 40 31 40 39 39 87 30 18 97 97 24 93 0 24 24 30 0 30 40 40 24 24 39 93 93 24 97
split_gain=68035.7 35183.2 18742.2 14211.9 10866.1 10544.3 9654.51 6419.84 5363.84 4865.74 4206.51 3345.66 2975.33 2224.73 2007.15 1875.02 1701.65 1670.3 1584.98 1582.67 1571.28 1464.31 1342.97 1340.64 1123.81 1119.68 1022.11 1006.02 996.02 2036.55
threshold=1.4670260548591616 1.7999919056892397 2.8333215713500981 179.50000000000003 8.5000000000000018 142.50000000000003 169.50000000000003 169.50000000000003 1.9999099969863894 27.500000000000004 10.500000000000002 1.280690670013428 1.69999235868454 3.5000000000000004 1.3646629452705386 4.5000000000000009 47.500000000000007 16.500000000000004 12.500000000000002 3.5000000000000004 16.500000000000004 201.50000000000003 201.50000000000003 75.500000000000014 55.500000000000007 192.50000000000003 2.0399944782257085 1.2413777112960818 18.500000000000004 2.9999362230300908
decision_type=2 2 2 10 2 10 10 10 2 2 2 2 2 2 2 2 2 2 2 2 2 10 10 2 2 10 2 2 2 2
left_child=1 3 5 4 6 7 9 8 12 17 -3 15 13 -2 24 -6 18 20 -14 -11 -1 -5 -7 27 -15 -8 -20 -13 -4 -30
right_child=2 10 28 21 11 22 25 -9 -10 19 -12 23 16 14 -16 -17 -18 -19 26 -21 -22 -23 -24 -25 -26 -27 -28 -29 29 -31
leaf_value=-0.007883601371735726 -0.039500102832983289 -0.044135901706557568 -0.043370706530946219 0.018280229826785423 0.008508675106857445 0.010129115150877888 0.014720713845179773 0.029898329437907302 -0.044473036019590295 0.0016212367824980677 0.0026315763801172303 -0.0020543754495803012 -0.020490838248945629 -0.008553318790652336 -0.00032525264068001083 0.01379892775181845 -0.024148289369825139 -0.017652062751531968 -0.013106991028544235 0.0068294797644376367 -0.00040001880739738341 0.034488927020008386 0.033782617844864346 -0.025335916107660585 -0.020628322479557187 0.032097308369700206 -0.0036174904774693827 0.0086704518018039765 0.009198673269769371 -0.044028806081992347
leaf_weight=42153.131934002042 1931.6381461620331 14527.108591869473 17898.810218602419 7635.6211715042591 153585.47287334502 4547.3340473175049 5329.9411616176367 3193.6525982618332 4698.6204223781824 196574.04136665165 1962.2198794186115 20709.96796131134 24332.707090750337 49607.59953546524 26902.470670551062 99459.289994165301 16117.194680020213 7946.9765814840794 75881.862913444638 71641.145907744765 62935.491249367595 15083.803450137377 4138.7064874470234 1674.1540333926678 8063.4322775900364 9168.2936072051525 11825.552048996091 12672.463253006339 1044.0616478323936 1655.8247396349907
leaf_count=105396 8398 66909 83869 9733 255938 7793 8244 2858 21569 385761 3837 44352 77965 127133 58472 142506 53243 21728 210516 124022 131813 8882 2836 4958 25378 6774 28694 21262 2828 7528
internal_value=4.11753e-05 0.00471839 -0.0133869 0.00572978 0.00495378 -0.0109421 0.00172706 -0.0122082 -0.0128239 0.000812653 -0.0385742 0.00938572 -0.012127 -0.00782518 -0.00709257 0.0105889 -0.0150291 -0.0044075 -0.0137132 0.00301278 -0.00340276 0.0290623 0.0214512 0.000699592 -0.0102482 0.0257383 -0.0118286 0.00201968 -0.0407954 -0.0235291
internal_weight=974899 723059 251839 706570 683850 231241 395749 222555 219361 381251 16489.3 288101 214662 86505.1 84573.5 253045 128157 113036 112040 268215 105089 22719.4 8686.04 35056.6 57671 14498.2 87707.4 33382.4 20598.7 2699.89
internal_count=2061195 1342115 719080 1271369 1252754 624855 783738 614226 611368 768720 70746 469016 589799 219381 210983 398444 370418 258937 317175 509783 237209 18615 10629 70572 152511 15018 239210 65614 94225 10356
is_linear=0
shrinkage=0.03


Tree=18
num_leaves=31
num_cat=0
split_feature=97 87 97 40 6 40 39 39 87 92 100 97 24 97 92 12 87 92 40 92 38 87 92 40 97 87 87 40 97 97
split_gain=65663.1 33476.1 18084.1 13303.6 10034.7 9974.68 6955.9 5447.34 5071.14 4857.88 4280.23 4035.97 3842.97 3815.08 3605.81 3564.4 2456.95 2415.1 1898.45 1876.65 1757.4 1660.77 1398.06 1386.14 1351.16 1387.37 1344.53 1282.56 1186.32 1178.9
threshold=1.4670260548591616 1.7999919056892397 2.8333215713500981 179.50000000000003 4.5000000000000009 142.50000000000003 169.50000000000003 154.50000000000003 1.9999099969863894 1.1249905228614809 -0.1313715651631355 1.280690670013428 4.5000000000000009 1.69999235868454 1.1052591800689699 9.5000000000000018 0.94117397069931041 0.99999737739562999 179.50000000000003 0.9999932348728181 173.50000000000003 0.99999827146530162 0.9999932348728181 201.50000000000003 1.1320725679397585 0.98076099157333385 0.79999899864196788 201.50000000000003 1.1999675631523135 1.8749922513961794
decision_type=2 2 2 10 2 10 10 10 2 2 2 2 2 2 2 2 2 2 8 2 10 2 2 10 2 2 2 10 2 2
left_child=1 3 5 4 6 7 10 8 9 16 18 17 -11 -14 21 -3 19 24 28 26 -12 22 -13 -5 -6 -26 -2 -7 -1 -21
right_child=2 15 -4 23 11 27 -8 -9 -10 12 20 14 13 -15 -16 -17 -18 -19 -20 29 -22 -23 -24 -25 25 -27 -28 -29 -30 -31
leaf_value=0.0041377236337841782 -0.013463904538059575 -0.043497406305520132 -0.040462786869961881 0.017834247121100471 0.0079182112509326788 0.0095732245806709401 0.024043935018436064 0.024953040550896786 -0.043818948861347962 -0.037947184005465644 -0.0065294648231875828 -0.0078860637060473721 0.00051375131272520143 -0.011001165422850593 0.0077043506971419167 -0.00090161801867206051 -0.024580350391787249 0.011891693406515308 -0.006042610445286571 0.0057298177635110017 0.024617896221570724 -0.019089302156852807 0.0092277469831062355 0.033723700795721824 0.002850526419156809 -0.017893986485733846 -0.023959233205975278 0.032787832217308133 -0.0015536377703870179 -0.013327204345587042
leaf_weight=175138.02895504236 42073.150002613664 14091.78621904552 20208.777531683445 7559.4508748948574 88548.451116234064 4467.4077602475882 11383.292636483908 3495.4852117151022 4596.7490694820881 3694.658948123455 77017.845374181867 13264.528903216124 40046.778377234936 73252.972508266568 34792.133173361421 2022.2802517265081 27600.746797919273 182332.9884544611 22744.06333360076 6336.1777042448521 1646.2984531968832 7317.4926317036152 6330.3036688417196 14713.74063514173 18482.664455860853 3421.1705995649099 14932.626003444195 4136.7573700398207 40591.531886264682 5388.288486212492
leaf_count=328340 120038 66007 94091 9645 148600 7695 12246 3701 21448 15495 181378 31854 85665 199632 59494 4251 91189 274374 52112 13077 1988 20272 10862 8770 34933 8797 48497 2881 86942 15468
internal_value=-2.49894e-05 0.00456823 -0.0132662 0.00554551 0.00480098 -0.0108735 0.00102359 -0.0121055 -0.0127022 -0.0120276 0.000195834 0.00830141 -0.00791753 -0.00693175 0.00132806 -0.0381595 -0.0170167 0.00977085 0.00219757 -0.013973 -0.00587152 -0.00691479 -0.00235351 0.0283517 0.00626827 -0.000402937 -0.0162206 0.0207846 0.0030668 -0.00303612
internal_weight=971629 721398 250231 705284 683011 230022 328521 221418 217922 213325 317138 354490 116994 113300 61704.5 16114.1 96331 292785 238474 68730.2 78664.1 26912.3 19594.8 22273.2 110452 21903.8 57005.8 8604.17 215730 11724.5
internal_count=2059742 1340865 718877 1270607 1252192 624786 663006 614210 610509 589061 650760 589186 300792 285297 122482 70258 288269 466704 467394 197080 183366 62988 42716 18415 192330 43730 168535 10576 415282 28545
is_linear=0
shrinkage=0.03


Tree=19
num_leaves=31
num_cat=0
split_feature=30 40 100 92 39 40 30 24 39 30 24 30 24 92 30 24 24 24 98 18 30 24 92 92 40 24 30 92 40 92
split_gain=52145.3 16078.8 15350 14027.5 11570.9 8909.43 6080.76 6325.35 4957.07 4666.97 5651.56 4707 5256.61 4415.66 3758.57 3557.18 3517.99 2406.1 2008.66 2058.48 1857.32 2367.1 1638.57 1397.17 1212.91 1199.31 1998.74 1108.78 1005.39 936.99
threshold=16.500000000000004 179.50000000000003 -0.72708776593208302 1.9285621643066408 192.50000000000003 179.50000000000003 87.500000000000014 53.500000000000007 154.50000000000003 61.500000000000007 38.500000000000007 39.500000000000007 22.500000000000004 0.96189993619918834 25.500000000000004 2.5000000000000004 16.500000000000004 5.5000000000000009 2.7448064088821416 1.5000000000000002 83.500000000000014 47.500000000000007 2.5714037418365483 1.0909023880958559 201.50000000000003 30.500000000000004 49.500000000000007 1.3070695400238039 179.50000000000003 1.1538438200950625
decision_type=2 10 2 2 10 10 2 2 10 2 2 2 2 2 2 2 2 2 2 2 2 2 2 2 10 2 2 2 8 2
left_child=3 2 13 5 6 8 7 9 15 10 11 12 14 28 16 -1 -4 -5 19 -17 21 -15 -19 -8 -3 -13 -27 -12 -2 -22
right_child=1 24 4 17 -6 -7 23 -9 -10 -11 27 25 -14 20 -16 18 -18 22 -20 -21 29 -23 -24 -25 -26 26 -28 -29 -30 -31
leaf_value=-0.043520935944511042 0.0037112177819674866 0.018172260801783663 -0.0033833175270867044 -0.042999484391600361 0.032083289261421066 0.023489202598475929 0.0030978453204982986 -0.021134496153225393 0.016944231972799963 0.0048366541485524292 -0.021545603574710574 0.0053099694711420285 -0.014566758878366509 0.0080774721713996762 0.0023498294769582731 -0.041926013440992227 -0.01723705757343336 -0.018673721557650801 -0.027795978822326643 -0.012213365482984625 0.011151821817000725 -0.015821364457521307 -0.042887698614729394 0.012413794442252487 0.033175165861500149 -0.010280923747884845 0.0045934248753418012 -0.0058838465156449485 -0.0082435278414460019 0.01794734912413392
leaf_weight=3932.1229922920465 155827.29603688419 7397.8593878149986 59870.710585638881 16753.72416459024 9055.3943554013968 5954.3515450507402 38318.551337182522 17500.497937560081 4380.0346536189318 61809.228314623237 18822.23866507411 56817.8508477211 45420.486798986793 97140.136230513453 67216.61444106698 2137.736124008894 22758.79973192513 9003.0144363194704 9134.1464187949896 81809.026936158538 64316.907719418406 3860.8182363063097 3510.1164854764938 23297.281723752618 14591.906329154968 14367.929392829537 18677.088211044669 5212.2442176640034 6581.0360409766436 25623.736617848277
leaf_count=18455 291850 9319 136242 80772 6519 6250 72624 55434 6162 113748 58491 104212 127171 166121 134744 10366 67285 29596 35030 228521 97056 10430 16618 34959 8824 37300 35162 13131 15319 32705
internal_value=3.50361e-05 0.00284793 0.0021625 -0.0171449 -0.00145487 -0.0121213 -0.00213103 -0.0035198 -0.0142168 -0.00268774 -0.00419226 -0.00301395 -0.00562862 0.00686274 -0.00291777 -0.0156269 -0.00720233 -0.0355502 -0.0144394 -0.0129798 0.00995551 0.00716097 -0.0255237 0.00662314 0.0281489 0.00266758 -0.00187623 -0.0181568 0.00322584 0.0130914
internal_weight=971099 834485 812495 136614 459145 107347 450090 388474 101393 370973 309164 285129 195267 353350 149846 97013 82629.5 29266.9 93080.9 83946.8 190942 101001 12513.1 61615.8 21989.8 89862.9 33045 24034.5 162408 89940.6
internal_count=2060416 1628646 1610503 431770 997022 304784 990503 882920 298534 827486 713738 642116 465442 613481 338271 292372 203527 126986 273917 238887 306312 176551 46214 107583 18143 176674 72462 71622 307169 129761
is_linear=0
shrinkage=0.03


Tree=20
num_leaves=31
num_cat=0
split_feature=97 97 18 40 40 88 92 97 24 92 31 40 97 24 24 97 92 34 18 92 40 92 40 92 92 38 18 92 24 51
split_gain=57678.8 17011.7 13945.6 9663.41 8748.55 8694.41 7427.81 4456.8 4277.07 4825.07 4272.8 4005.31 3628.15 2580.19 2560.07 1787.67 2328.24 1696.04 1613.9 1560.78 1273.69 1225.52 1201.7 1181.96 1148 1089.12 1067.05 1156.63 973.91 949.483
threshold=1.4670260548591616 2.8333215713500981 5.5000000000000009 201.50000000000003 142.50000000000003 1.8928556442260744 0.91800588369369518 1.1739061474800112 5.5000000000000009 1.1249905228614809 8.5000000000000018 179.50000000000003 1.8292622566223147 2.5000000000000004 47.500000000000007 1.2352842688560488 1.0909023880958559 11.500000000000002 1.5000000000000002 1.7999865412712099 201.50000000000003 1.9285621643066408 201.50000000000003 1.7999865412712099 2.5714037418365483 114.50000000000001 12.500000000000002 1.3333277702331545 73.500000000000014 9.1570639610290545
decision_type=2 2 2 10 10 2 2 2 2 2 2 10 2 2 2 2 2 2 2 2 10 2 8 2 2 10 2 2 2 2
left_child=2 4 5 6 8 11 7 17 21 14 22 13 26 -1 25 -12 28 -4 -7 -20 -6 -2 29 -15 -14 -10 -11 -28 -17 -8
right_child=1 -3 3 -5 20 18 10 -9 9 12 15 -13 24 23 -16 16 -18 -19 19 -21 -22 -23 -24 -25 -26 -27 27 -29 -30 -31
leaf_value=-0.044027484845893555 -0.022114542395890328 -0.039317885515218573 0.00063283803066084088 0.033091909808788518 0.008318827278676881 -0.041860533472711944 0.0070718268686912568 -0.0069175139957675371 -0.013205919937964626 -0.0078059484727997196 0.012267292207185707 0.023837549685092593 -0.010906217225016961 -0.0027775619961477377 -0.024981937243789182 -0.00083609323358171288 0.01082405067779414 0.0065006267794527322 -0.015029760378312957 -0.039071634992905301 0.031636397348275072 -0.042596104655321071 -0.0037624499574675833 -0.031415148188414128 -0.040043770224572374 0.02227653559158238 -0.0036415072678706818 0.0062903310985074129 -0.021883399953158376 0.0026778888377986436
leaf_weight=1424.9402960687876 8863.454341083765 19643.149046197534 103120.02362680435 11381.784721657634 4356.6341293007135 4347.7266884148121 106653.64904561639 50564.814504280686 72692.294487178326 14739.444475978613 158074.60594800115 4864.0477996617556 56241.591260895133 56428.834242478013 19833.455083474517 12913.615750461817 24879.148107737303 77752.711387202144 10261.88826829195 3188.0571376234293 4101.221833884716 3792.0834789723158 14356.581126734614 1307.9096552878618 1227.152725070715 769.65502193570137 20122.588350594044 22148.506669595838 2317.0594312101603 75713.062436535954
leaf_count=6674 30666 94195 205597 6615 7664 21373 186406 118776 207016 37692 232461 4728 156180 127512 68449 26710 39081 135104 31389 14924 2876 18363 31329 4474 5165 1101 46653 42206 6494 142777
internal_value=-7.9105e-05 -0.0125384 0.00422454 0.00572055 -0.0102369 -0.00743388 0.00522213 0.000954478 -0.0113863 -0.0103529 0.00772303 -0.00227494 -0.0062241 -0.00442914 -0.0154167 0.010832 0.00517204 0.0031557 -0.0259694 -0.020778 0.0196735 -0.0283091 0.0045902 -0.00343694 -0.0115421 -0.0128282 -0.000861181 0.00156293 -0.00406254 0.00524809
internal_weight=968082 248531 719550 637727 228888 81823.4 626345 231438 220430 207775 394908 64025.7 114479 59161.7 93295.4 198184 40109.8 180873 17797.7 13449.9 8457.86 12655.5 196723 57736.7 57468.7 73461.9 57010.5 42271.1 15230.7 182367
internal_count=2060650 718226 1342424 1131350 624031 211074 1124735 459477 613491 564462 665258 143388 287896 138660 276566 304746 72285 340701 67686 46313 10540 49029 360512 131986 161345 208117 126551 88859 33204 329183
is_linear=0
shrinkage=0.03


Tree=21
num_leaves=31
num_cat=0
split_feature=87 97 40 39 97 39 97 92 40 92 39 18 87 0 92 30 38 92 87 24 24 34 87 87 92 87 92 40 97 30
split_gain=53439.9 44323 13775.4 9720.56 7382.55 7176.43 7348.89 6295.69 6259.32 5366.21 4030.39 3393.88 2965.42 2931.94 2756.15 2922.8 2426.33 2147.86 2120.73 1694.06 1617.23 1578.99 1526.3 1244.86 2084.99 1204.38 2829.86 1202.43 1165.99 1104.05
threshold=1.7999919056892397 1.6199955940246584 201.50000000000003 inf 2.9998425245285039 192.50000000000003 1.3269196152687075 0.91800588369369518 142.50000000000003 1.1052591800689699 141.50000000000003 10.500000000000002 0.99999827146530162 3.5000000000000004 1.1999837756156924 21.500000000000004 173.50000000000003 0.9999774992465974 1.9999839067459109 4.5000000000000009 47.500000000000007 8.5000000000000018 0.90097919106483471 1.0833312869071963 1.3333277702331545 1.0833312869071963 1.3999965190887453 201.50000000000003 1.1320725679397585 23.500000000000004
decision_type=2 2 10 8 2 10 2 2 10 2 10 2 2 2 2 2 10 2 2 2 2 2 2 2 2 2 2 8 2 2
left_child=1 2 3 5 8 6 7 21 10 12 14 -2 17 27 20 19 29 22 -13 -16 -3 -1 -8 -11 -25 -17 -27 -9 -23 -5
right_child=11 4 -4 16 -6 -7 9 13 -10 23 -12 18 -14 -15 15 25 -18 -19 -20 -21 -22 28 -24 24 -26 26 -28 -29 -30 -31
leaf_value=-0.00055892500828800575 -0.042049627368323003 -0.014887547956978357 0.032015186156424992 -0.010209666508581785 -0.041977634699677795 0.030022441436720129 -0.0056934091538848371 0.0065300530117252311 0.02123588699916603 0.011173246421237574 0.025731017408922814 -0.0016159208238713191 -0.023066190773878052 0.011471459390122002 -0.037240718204268275 0.0039136511777877756 0.02511883424584244 0.0059229721812010727 -0.045962864380447763 -0.013747817789373121 -0.025891959307668681 0.0059522867882790664 -0.020266003279975395 -0.0077324918544464391 0.0065632833557575472 -0.020479463391609633 -0.0013831150225942798 -0.0033305782443522241 -0.0024088331429610857 -0.0031980669233765517
leaf_weight=104889.17797675729 27433.357752919197 60338.112733662128 15862.111552491784 40860.53213493526 7380.9892075806856 10126.458267971873 29511.282657071948 148910.70868977904 5126.2241826206446 16908.325639382005 2437.0085729807615 3367.3490777909756 10397.063788294792 166706.06561370194 3052.5328260660172 12186.325071275234 2190.7250822335482 11463.280425652862 1344.3667361140251 28299.74353544414 15063.251492783427 91907.630284994841 8275.0695680975914 14250.888313293457 25729.810926660895 9952.433297753334 23317.107227250934 12016.92779225111 17929.085156485438 40028.027788892388
leaf_count=217349 135454 179828 9699 106571 36076 7744 72012 260186 5988 28463 2569 7810 32029 248929 13573 26802 2611 22329 6216 82592 53425 161568 24810 33211 47148 29713 54683 26268 38037 86520
internal_value=1.07727e-05 0.00131853 0.00436571 0.00378174 -0.0126801 0.00498361 0.00459789 0.00606648 -0.0113216 -0.00223679 -0.0124034 -0.0380098 -0.00852248 0.00868303 -0.0130173 -0.00901356 -0.00589562 -0.00544405 -0.01441 -0.0160574 -0.0170922 0.00207365 -0.00889379 0.00435429 0.00146632 -0.00415026 -0.00710457 0.00579341 0.00458728 -0.0067416
internal_weight=967262 935117 767963 752101 167154 669022 658895 542360 159773 116536 154647 32145.1 59646.7 327634 152210 76808.1 83079.3 49249.6 4711.72 31352.3 75401.4 214726 37786.4 56889 39980.7 45455.9 33269.5 160928 109837 80888.6
internal_count=2060213 1910733 1425484 1415785 485249 1220083 1212339 952337 449173 260002 443185 149480 151180 535383 440616 207363 195702 119151 14026 96165 233253 416954 96822 108822 80359 111198 84396 286454 199605 193091
is_linear=0
shrinkage=0.03


Tree=22
num_leaves=31
num_cat=0
split_feature=97 87 97 40 30 40 39 87 39 92 30 92 97 31 24 12 87 92 24 97 38 30 24 87 31 87 92 97 40 40
split_gain=51706.7 28843.7 16056.5 11628.2 7767.25 7611.89 7161.06 4953.22 4887.35 3984.34 4606.96 3907.17 4315.3 3414 3139.58 3106.52 2116.87 2424.05 1903.21 1880.79 1594.07 1526.05 2110.27 1487.76 1289.13 1280.18 1245.25 1205.86 1204.64 1114.03
threshold=1.4670260548591616 1.7999919056892397 2.8333215713500981 179.50000000000003 59.500000000000007 142.50000000000003 169.50000000000003 1.9999099969863894 154.50000000000003 1.1999974250793459 21.500000000000004 1.071426570415497 1.2558117508888247 1.5000000000000002 32.500000000000007 9.5000000000000018 0.99999827146530162 0.9999932348728181 4.5000000000000009 1.7906786799430849 173.50000000000003 37.500000000000007 19.500000000000004 0.79999899864196788 18.500000000000004 0.94117397069931041 0.91800588369369518 1.8292622566223147 201.50000000000003 201.50000000000003
decision_type=2 2 2 10 2 10 10 2 10 2 2 2 2 2 2 2 2 2 2 2 10 2 2 2 2 2 2 2 10 10
left_child=1 3 5 4 6 7 13 8 9 16 18 12 24 20 21 -3 17 23 -11 -19 -1 22 -15 -2 -6 26 -14 -12 -5 -7
right_child=2 15 -4 28 11 29 -8 -9 -10 10 27 -13 25 14 -16 -17 -18 19 -20 -21 -22 -23 -24 -25 -26 -27 -28 -29 -30 -31
leaf_value=-0.0046342486180892392 -0.012334960308790995 -0.041828646778656359 -0.038429821589750147 0.016602366534744194 0.0045447364798094905 0.008040435170165082 0.023456614779354457 -0.042130486407614402 0.025124507221729833 -0.03564107212730059 0.0026117639284396533 0.011624632603475108 -0.0088399370787424405 0.0025727404899317406 -0.010411323208648191 -0.0015604777764952741 -0.02256796185900339 0.0029063353275161053 -0.012447014388839444 -0.012527014673599322 0.023996418599770013 0.0058764837665890067 -0.0093310757354587368 -0.022012201787284108 0.0096728440205268822 -0.015621407354134944 0.0097198611699873261 -0.0058756079797324451 0.031454248462778001 0.030061898331658773
leaf_weight=107122.88351246715 41562.550299942493 13371.247385665774 18945.57565446198 7577.2576140910387 119296.30601754785 4403.5697487294674 12321.017112717032 4421.8302916437387 3466.1093364208937 3523.2414090037346 33665.976256847382 125622.43746322393 7990.7567822337151 85115.494779616594 16135.287921279669 1980.856563642621 23193.798911675811 13628.344636440277 32191.153290316463 14816.514126092196 1759.694222420454 103960.65002676845 15887.630483835936 21892.542765393853 70063.520214036107 9640.1521010100842 5458.8710958063602 27236.984771922231 14419.708144143224 3911.427080065012
leaf_count=245197 120031 66301 94111 9717 212408 7699 12998 21862 3504 15475 68641 186513 19580 168564 38608 4214 76219 30175 91945 43448 2099 184674 37868 72450 109528 25412 9273 70235 8810 2832
internal_value=-6.31982e-05 0.00401036 -0.0119061 0.00489993 0.00420542 -0.0096981 0.00101979 -0.0107654 -0.010117 -0.0106963 -0.00620246 0.00743067 0.00494989 0.000180661 0.002322 -0.0366417 -0.0144669 -0.0124179 -0.0147538 -0.00513583 -0.00416722 0.00332532 0.000698813 -0.0156796 0.00644297 -0.00728981 -0.00130373 -0.00118464 0.026358 0.0184467
internal_weight=964583 717724 246860 702372 680375 227914 342303 219599 215177 211711 96617.4 338072 212450 329982 221099 15352.1 115094 91900 35714.4 28444.9 108883 204964 101003 63455.1 189360 23089.8 13449.6 60903 21997 8315
internal_count=2060391 1341764 718627 1271249 1252722 624516 690008 613985 592123 588619 246296 562714 376201 677010 429714 70515 342323 266104 107420 73623 247296 391106 206432 192481 321936 54265 28853 138876 18527 10531
is_linear=0
shrinkage=0.03


Tree=23
num_leaves=31
num_cat=0
split_feature=87 97 40 30 97 40 97 39 0 18 39 39 24 30 24 87 24 24 24 24 30 72 24 18 40 65 38 30 24 30
split_gain=48228.2 39793.4 12981.2 8980.8 6996.74 6113.91 5687.75 5448.75 4056.24 3767.88 3688.68 2591.85 2374 2359.52 2330.93 2218.6 2037.48 1973.37 1758.25 1685.75 1604.74 1533.39 1243.82 1597.49 1229.17 1139.09 1086.06 1060.38 1892.71 1121.49
threshold=1.7999919056892397 1.6199955940246584 179.50000000000003 29.500000000000004 2.9998425245285039 142.50000000000003 1.3269196152687075 192.50000000000003 4.5000000000000009 10.500000000000002 169.50000000000003 192.50000000000003 18.500000000000004 20.500000000000004 4.5000000000000009 1.9999839067459109 53.500000000000007 65.500000000000014 2.5000000000000004 12.500000000000002 63.500000000000007 0.499998688697815 24.500000000000004 20.500000000000004 201.50000000000003 0.16666664928197863 134.50000000000003 87.500000000000014 53.500000000000007 71.500000000000014
decision_type=2 2 10 2 2 10 2 10 2 2 10 10 2 2 2 2 2 2 2 2 2 2 2 2 10 2 10 2 2 2
left_child=1 2 3 7 5 10 8 12 11 -2 14 21 13 18 -3 -11 20 22 -1 -20 26 -5 -8 -24 -4 -23 -16 28 29 -25
right_child=9 4 24 6 -6 -7 17 -9 -10 15 -12 -13 -14 -15 16 -17 -18 -19 19 -21 -22 25 23 27 -26 -27 -28 -29 -30 -31
leaf_value=-0.045127089642977729 -0.04111489393023849 -0.032484391514452933 0.016448736111205332 0.00060727139787235349 -0.041043217752091937 0.021162000371941232 0.007849016127844121 0.027809231257949617 0.010827845685180316 0.00057698153120383836 0.028846169462264849 0.029833133106849305 -0.018300686607370064 0.0014806586776641587 -0.011257537773634861 -0.044913948416720646 -0.022798718087937819 -0.016176251464121119 -0.0042661467680624697 -0.018223103477179006 0.011693765525992453 0.0039596779837200906 -0.013022110103890915 -0.0014342334244738411 0.030901474685865907 0.0079185767066261153 0.025122485965311459 0.01147066024154088 -0.016121286482761139 0.010558420718591326
leaf_weight=1014.4015575051308 26415.440776392817 5006.708787754178 8150.2283960580826 72955.11258636415 7165.5088395923376 5201.4709689766169 14043.250191479921 5019.4098245799541 136731.14401264489 3460.3560722917318 1960.1092544794083 3646.358964830637 9627.6455707401037 62247.23859153688 129723.72639352083 1317.6824299693108 13496.47355876863 7667.8347014635801 72953.616270586848 8703.3502815067768 2837.1915433108807 168351.85690195858 9996.4611596614122 40678.948406383395 15567.675654530525 107049.8782094866 724.62901455163956 6362.5242750793695 6902.2481521815062 8460.2707441598177
leaf_count=4506 135298 21441 10408 143063 36290 5980 25479 4019 205516 7810 1664 2666 27248 126074 367116 6265 46607 21989 174145 24831 5366 307763 26129 89179 9657 178092 1059 10378 19893 14003
internal_value=2.64684e-08 0.00122818 0.00411436 0.00341599 -0.0120818 -0.0107713 0.00514239 -0.00288987 0.00644282 -0.0366817 -0.0118542 0.00473899 -0.0038904 -0.00293066 -0.0123835 -0.0121034 -0.0116935 -0.00161084 -0.00625171 -0.00575784 -0.0105658 0.00447462 -0.000315393 -0.00190074 0.0259531 0.00549898 -0.0110516 -0.000115617 -0.00143466 0.00063399
internal_weight=963439 932245 766129 742412 166116 158950 582846 159566 488734 31193.5 153749 352003 154546 144919 151789 4778.04 146782 94111.5 82671.4 81657 133286 348357 86443.7 72400.5 23717.9 275402 130448 62404 56041.5 49139.2
internal_count=2059934 1910561 1425038 1404973 485523 449233 1044150 360823 837100 149373 443253 631584 356804 329556 441589 14075 420148 207050 203482 198976 373541 628918 185061 159582 20065 485855 368175 133453 123075 103182
is_linear=0
shrinkage=0.03


Tree=24
num_leaves=31
num_cat=0
split_feature=87 97 40 40 12 97 39 39 92 30 39 12 92 87 92 87 40 97 97 97 87 30 92 87 97 38 87 92 92 87
split_gain=46547.3 38220.2 9790.29 9374.63 7598.95 7544.57 5222.6 5006.93 4842.79 4450.72 3303.99 3035.33 2772.62 2716.92 2330 2324.31 1780.1 1678.13 1668.53 1608.2 1487.4 1396.35 1378.06 2227.75 1330.1 1315.96 1314.39 1800.58 1297.69 1810.43
threshold=1.7999919056892397 1.3999969363212588 125.50000000000001 201.50000000000003 9.5000000000000018 2.9998425245285039 154.50000000000003 192.50000000000003 1.1379284262657168 25.500000000000004 192.50000000000003 9.5000000000000018 0.96189993619918834 0.99999713897705089 0.9999932348728181 1.9999839067459109 201.50000000000003 1.2115353345870974 1.69999235868454 1.8749922513961794 0.83333018422126781 3.5000000000000004 1.3999965190887453 1.0588207244873049 1.1999675631523135 173.50000000000003 1.0714268684387209 1.3999965190887453 1.0909023880958559 0.98076099157333385
decision_type=2 2 10 10 2 2 10 10 2 2 8 2 2 2 2 2 8 2 2 2 2 2 2 2 2 10 2 2 2 2
left_child=1 3 5 4 7 6 8 10 13 21 16 -2 17 14 20 -13 -1 -6 26 -16 -3 -10 23 -20 -14 -12 -11 -28 29 -26
right_child=11 2 -4 -5 12 -7 -8 -9 9 18 25 15 24 -15 19 -17 -18 -19 22 -21 -22 -23 -24 -25 28 -27 27 -29 -30 -31
leaf_value=0.0029215936379840884 -0.040636062988425516 -0.011524482792871032 0.018269255500949232 0.029850214672420623 0.0050912495097334889 -0.040582973547724076 0.025226849185250744 0.026260054047028709 -0.040425763548700699 0.013496215032946787 -0.0065938519537969585 -0.00085929061756337844 0.010749450728934634 -0.023835525957105315 0.0026508497997656745 -0.04403605870902276 -0.0053220142027816447 -0.005476154477667086 0.00010562450398966924 -0.014012179037313473 -0.020863139715461176 -0.011339722144991449 0.00095920662556209832 -0.02047157215061678 0.0089107222954392957 0.020417097506505923 -0.0074375201712437002 0.0080008979250998213 0.0084567770675768473 -0.0091303979791113946
leaf_weight=226624.20863106847 25521.935730874538 49796.33466462791 11667.662222698331 13336.304262012243 82432.971922874451 6958.7611382305622 3942.1216501146555 6963.4351422935724 1515.9060796499252 9467.0450831353664 57164.013979122043 3400.58477678895 171186.43697679043 20486.196034908295 14428.272918775678 1655.3396451175213 26293.533180907369 16161.471783965826 8962.5576578527689 8137.1514592915773 22265.408504709601 48755.192321136594 17172.879746124148 10018.652291998267 9457.2736306935549 1651.7404827922583 13161.208821430802 14022.452673181891 48369.764740169048 10591.100517436862
leaf_count=435103 133389 142912 15279 8504 144392 35934 3885 5750 7791 15395 136862 7858 256055 68544 31815 8013 60172 37197 21682 24808 72585 138673 39899 31270 15602 2120 30911 24928 78505 24522
internal_value=-2.02807e-05 0.00117629 -0.00856847 0.00496769 0.00446163 -0.00982694 -0.00893975 0.00113761 -0.00950729 -0.00536897 0.000574782 -0.0364286 0.00759371 -0.0139302 -0.0117811 -0.0151134 0.00206423 0.0033583 -0.000627681 -0.00336497 -0.0144149 -0.0122325 -0.00519893 -0.0107655 0.00933611 -0.00582861 0.00388201 0.000526279 0.00579775 -0.000619593
internal_weight=961568 930990 260758 670232 656896 249090 242131 318697 238189 123076 311733 30577.9 338199 115113 94627.2 5055.92 252918 98594.4 72804.8 22565.4 72061.7 50271.1 36154.1 18981.2 239605 58815.8 36650.7 27183.7 68418.1 20048.4
internal_count=2060355 1911095 706311 1204784 1196280 691032 655098 640007 651213 310549 634257 149260 556273 340664 272120 15871 495275 181589 164085 56623 215497 146464 92851 52952 374684 138982 71234 55839 118629 40124
is_linear=0
shrinkage=0.03


Tree=25
num_leaves=31
num_cat=0
split_feature=87 97 97 97 0 18 93 24 24 87 38 88 72 93 0 18 24 24 30 24 30 24 30 24 18 18 31 98 97 30
split_gain=44733.1 36665.8 6541.49 6482.45 5827.14 3397.79 2843.77 2675.62 2240.32 1930.64 1686.02 1631.87 1613.5 1600.63 1569.19 1526.07 1457.61 1160.97 1073.15 893.105 1685.05 1100.69 2196.09 781.259 739.712 723.827 677.282 672.733 694.034 664.163
threshold=1.7999919056892397 1.6199955940246584 2.9998425245285039 1.280690670013428 2.5000000000000004 10.500000000000002 1.2711849808692934 4.5000000000000009 53.500000000000007 1.9999839067459109 173.50000000000003 0.9629613757133485 0.30952313542366033 0.9051719903945924 5.5000000000000009 38.500000000000007 5.5000000000000009 47.500000000000007 57.500000000000007 39.500000000000007 41.500000000000007 30.500000000000004 33.500000000000007 59.500000000000007 33.500000000000007 24.500000000000004 8.5000000000000018 1.2083310484886172 1.1320725679397585 12.500000000000002
decision_type=2 2 2 2 2 2 2 2 2 2 10 2 2 2 2 2 2 2 2 2 2 2 2 2 2 2 2 2 2 2
left_child=1 3 7 4 12 -2 11 -3 10 -7 15 13 -1 -5 27 17 -8 18 19 20 21 22 29 -13 -21 -23 -14 28 -6 -9
right_child=5 2 -4 6 14 9 16 8 -10 -11 -12 23 26 -15 -16 -17 -18 -19 -20 24 -22 25 -24 -25 -26 -27 -28 -29 -30 -31
leaf_value=-0.00019459870899483006 -0.040249706442880846 -0.03155617570722772 -0.040170189813049345 -0.0040414735322531611 0.0071826309668264806 -0.00038799982283557977 -0.021950968705125789 -0.014246614210888801 -0.021280354476472189 -0.043666723538724396 0.033486965195362629 -0.0075591221735113526 0.0031764939130779278 0.0059669685857039884 0.012369674736258463 0.0094314523355576267 0.0047435594556810593 -0.024969241158111929 0.010525351092689619 -0.023182861441038635 0.0028506719211582265 -0.028042807793326453 0.0062232878604136822 -0.020449098764860511 -0.004454422997705358 -0.012157602987338794 0.0069526296091292549 0.010301529055645327 0.0016403940233917971 -0.0083830873562250052
leaf_weight=111093.04452306032 25420.013442024589 5161.394603908062 6891.1383596807718 57925.807443544269 124747.39452524483 3380.785063996911 1877.5107065737247 23830.436507731676 13521.850362807512 1258.670928478241 836.58190676569939 29174.398655280471 144656.14008256793 19109.846885815263 75617.840240329504 4018.1451675444841 62230.78640961647 4109.1117657572031 2520.5636198222637 6883.1297677904367 10754.618904173374 4402.4782407134771 8234.2237018942833 4943.9685842990875 2633.0721777528524 6344.2436598837376 60708.515691488981 50055.743370443583 24311.84803211689 64917.707617253065
leaf_count=228556 135373 22202 36274 137319 205268 7748 6121 73687 46875 6181 735 71100 276130 36659 107377 8345 117537 14441 4773 22868 23692 15137 17084 14631 6991 18398 102486 77692 45006 174567
internal_value=6.63328e-05 0.00122904 -0.0115958 0.00399116 0.00549332 -0.0359417 -0.00107594 -0.0103459 -0.00962642 -0.0122664 -0.00849378 -0.00397784 0.00271793 -0.00155783 0.00868979 -0.00875188 0.00395517 -0.0092959 -0.00879871 -0.00918082 -0.00846789 -0.00959814 -0.00858534 -0.00943785 -0.018021 -0.0187051 0.00429334 0.00729118 0.00627902 -0.0099604
internal_weight=961571 931512 165059 766453 591191 30059.5 175262 158168 153006 4639.46 139484 111154 316458 77035.7 274733 138648 64108.3 134630 130520 128000 118484 107729 96982.4 34118.4 9516.2 10746.7 205365 199115 149059 88748.1
internal_count=2061253 1911951 486069 1425882 1042515 149302 383367 449795 427593 13929 380718 259709 607172 173978 435343 379983 123658 371638 357197 352424 322565 298873 265338 85731 29859 33535 378616 327966 250274 248254
is_linear=0
shrinkage=0.03


Tree=26
num_leaves=31
num_cat=0
split_feature=30 30 24 92 39 30 24 30 24 24 30 24 39 92 24 30 38 92 24 18 24 92 30 24 98 18 18 30 18 18
split_gain=37100.9 10552.2 9806.99 8819.59 8743.89 8373.1 7420.91 6469.62 3990.55 3440.43 3261.26 3434.05 2886.07 2456.28 1882.34 3234.81 1703.09 1633.61 1560.89 1646.21 1387.71 1387.45 1250.23 4068.72 1239.07 1498.63 1104.75 1086.37 982.449 946.842
threshold=12.500000000000002 83.500000000000014 47.500000000000007 1.9285621643066408 192.50000000000003 49.500000000000007 30.500000000000004 31.500000000000004 21.500000000000004 2.5000000000000004 20.500000000000004 12.500000000000002 169.50000000000003 1.071426570415497 39.500000000000007 63.500000000000007 150.50000000000003 1.1999974250793459 25.500000000000004 20.500000000000004 18.500000000000004 2.2499620914459233 139.50000000000003 75.500000000000014 1.9999946355819704 1.5000000000000002 25.500000000000004 75.500000000000014 31.500000000000004 32.500000000000007
decision_type=2 2 2 2 10 2 2 2 2 2 2 2 10 2 2 2 10 2 2 2 2 2 2 2 2 2 2 2 2 2
left_child=3 2 4 9 5 6 7 8 10 -1 11 21 16 22 26 29 24 27 -9 -20 -12 -2 23 -3 25 -11 -7 -4 -17 -16
right_child=1 13 17 -5 -6 14 -8 18 -10 12 20 -13 -14 -15 15 28 -18 -19 19 -21 -22 -23 -24 -25 -26 -27 -28 -29 -30 -31
leaf_value=-0.041584305407974594 -0.0018778098067246856 0.0051905844662510463 -0.023380393241101159 -0.035599648629701469 0.028091530988162135 0.0056966281005283318 -0.015230583873310074 0.0056285136383118946 -0.016198504915774022 -0.038896413282698605 0.0023432526534520946 -0.015000698621197704 0.021175988862481343 0.011801381662750342 -0.015981665684524759 0.001820493395068681 0.017504561770613662 -0.0033518294338498252 -0.0067699047179835426 0.0067600154396267008 -0.0065050609455150387 -0.025175638683371828 0.011393892179681153 -0.019607005213909689 -0.020442304475799304 -0.009532228738731198 0.01222498668138506 -0.011331616367552148 0.012417759554570843 0.0011213723618679959
leaf_weight=3646.4796953052282 58470.769274771214 108987.45449079573 17162.971305012703 21516.604199886322 10341.274054139853 123690.58381955326 35820.9235432446 113349.48097164929 22314.309586778283 1616.8619250655174 87693.269697621465 31469.099814623594 2302.9362826198339 77288.28738078475 10983.121243476868 25657.342182457447 1590.1343037933111 8098.9599632322788 21430.619024276733 12978.487350419164 19478.485976070166 2375.0439670085907 23754.749225124717 6279.6375977993011 17492.110459893942 36655.517591953278 28765.233934134245 11186.369543865323 11344.871043264866 3958.8841213881969
leaf_count=18902 134902 190292 58859 109536 8049 214551 104708 205043 67352 8928 176427 94625 2586 112350 30721 47741 2516 19124 49302 25583 48551 8726 34343 18326 63012 103417 45035 29746 17826 9349
internal_value=-7.30708e-05 0.00176774 -0.000125595 -0.0190126 0.000763502 0.00029914 -0.00219709 -0.000933016 -0.00417263 -0.0133654 -0.00282594 -0.00695825 -0.0116272 0.0075141 0.00524957 0.000317243 -0.0129512 -0.0152446 0.00392989 -0.0016657 0.000734156 -0.00279519 0.00512926 0.00383647 -0.0138256 -0.0107924 0.00692984 -0.0186374 0.00507457 -0.0114548
internal_weight=957701 872880 656570 84820.6 620122 609781 405380 369560 221801 63304 199487 92314.9 59657.6 216310 204400 51944.2 57354.6 36448.3 147759 34409.1 107172 60845.8 139022 115267 55764.5 38272.4 152456 28349.3 37002.2 14942
internal_count=2060428 1751531 1396220 308897 1288491 1280442 915219 810511 530583 199361 463231 238253 180459 355311 365223 105637 177873 107729 279928 74885 224978 143628 242961 208618 175357 112345 259586 88605 65567 40070
is_linear=0
shrinkage=0.03


Tree=27
num_leaves=31
num_cat=0
split_feature=87 97 40 0 97 40 97 39 18 39 39 24 93 0 87 24 38 24 30 39 40 97 30 38 40 24 30 33 24 70
split_gain=41337.9 31966.3 11742.6 7751.08 6318.75 5164.08 4939.85 4890.68 3342.59 3019.9 2558.97 2206.82 2101.09 2054 1862.45 1755.34 1695.29 1502.87 1290.78 1224.61 1178.5 1172.55 1057.67 1057.24 990.068 936.905 1535.08 937.759 1075.54 892.588
threshold=1.7999919056892397 1.6199955940246584 179.50000000000003 1.5000000000000002 2.9998425245285039 142.50000000000003 1.280690670013428 192.50000000000003 10.500000000000002 141.50000000000003 192.50000000000003 4.5000000000000009 1.2711849808692934 4.5000000000000009 1.9999839067459109 55.500000000000007 173.50000000000003 59.500000000000007 63.500000000000007 192.50000000000003 201.50000000000003 1.2352842688560488 83.500000000000014 123.50000000000001 179.50000000000003 43.500000000000007 49.500000000000007 7.5000000000000009 37.500000000000007 0.11782974004745485
decision_type=2 2 10 2 2 10 2 10 2 10 8 2 2 2 2 2 10 2 2 10 10 2 2 10 8 2 2 2 2 2
left_child=1 2 3 7 5 9 13 10 -2 11 21 -3 17 19 -10 18 -12 22 23 24 -4 -1 -8 25 29 26 27 -13 -29 -5
right_child=8 4 20 6 -6 -7 12 -9 14 -11 16 15 -14 -15 -16 -17 -18 -19 -20 -21 -22 -23 -24 -25 -26 -27 -28 28 -30 -31
leaf_value=0.0010244811014891351 -0.039610036249020521 -0.031363488765709678 0.015340423284500646 0.0034442191482503396 -0.03955078332284389 0.019936263779143613 -0.0026543210597816218 0.025843040174373975 -0.00020993894324015551 0.022443534567774773 -0.0083832887401540969 -0.013718213614845117 0.0047666119414482211 0.010041734777503976 -0.043042601692487595 -0.02179772965649639 0.022870382039282128 -0.012929574125858056 0.0081120713148238929 0.027823675629939766 0.029603050444654017 -0.0044077046885707526 0.01236886522772148 0.023214368086371447 -0.0043618112078238798 -0.018801667865709904 0.0061355204497006233 -0.0069636995449177293 -0.020387920439663195 0.007278200911337171
leaf_weight=159494.91557899117 24551.914741680026 4752.3529268950224 8078.8399024307728 101603.57047787309 6657.4522590637207 5085.6711271107197 50774.259708255529 5900.0113052725792 3393.6166219711304 2410.7930960804224 53498.770118966699 44342.407410562038 46169.998173475266 128349.16457413137 1230.3370878994465 11618.9116422683 1590.1897847801447 12467.979202851653 3572.9001769572496 2135.1887645274401 15098.227602377534 46077.058743551373 4579.7560177743435 832.06684800982475 9529.635294854641 10815.651841625571 5333.5340343117714 62802.717839032412 5862.3630219548941 118406.18654410541
leaf_count=315986 135323 21410 10465 186260 36158 5967 115813 4838 7770 2659 135294 134587 86278 191971 6182 41272 1950 34188 7446 1625 9615 108071 7275 1290 20590 35729 11211 169329 19044 196267
internal_value=-5.6052e-05 0.00104993 0.00363099 0.00297256 -0.0109628 -0.00974899 0.00527403 -0.00112014 -0.0352046 -0.0107425 -0.00173239 -0.011279 -0.000168622 0.00699722 -0.0117431 -0.0106173 -0.00747315 -0.00352871 -0.00964157 0.00530981 0.024649 -0.000193403 -0.00140735 -0.0101307 0.00509798 -0.0103491 -0.00957354 -0.0103159 -0.00811541 0.00550809
internal_weight=957016 927841 763754 740577 164087 157429 474016 266561 29175.9 152344 260661 149933 113992 360024 4623.95 145181 55089 67822 133562 231675 23177.1 205572 55354 129989 229539 129157 118341 113007 68665.1 220010
internal_count=2061863 1912588 1426486 1406406 486102 449944 840267 566139 149275 443977 561301 441318 243554 596713 13952 419908 137244 157276 378636 404742 20080 424057 123088 371190 403117 369900 334171 322960 188373 382527
is_linear=0
shrinkage=0.03


Tree=28
num_leaves=31
num_cat=0
split_feature=30 40 30 39 92 24 30 24 30 92 40 30 24 92 24 24 39 24 30 24 18 38 40 92 30 24 30 30 24 30
split_gain=34500.8 13839.2 12334 7851.84 7390.73 6058.22 7336.06 4071.7 4435.2 3959.33 3067.61 3059.41 7812.67 2709.1 2305.17 2137.98 1989.35 1987.67 1680.58 1658.95 1461.53 1412.15 1222.37 1201.27 1121.48 1085.39 3869 1077.4 2891.05 1018.37
threshold=11.500000000000002 179.50000000000003 57.500000000000007 192.50000000000003 1.9285621643066408 35.500000000000007 35.500000000000007 22.500000000000004 25.500000000000004 1.0909023880958559 152.50000000000003 105.50000000000001 57.500000000000007 2.5714037418365483 2.5000000000000004 16.500000000000004 154.50000000000003 30.500000000000004 16.500000000000004 10.500000000000002 24.500000000000004 173.50000000000003 201.50000000000003 1.3999965190887453 45.500000000000007 43.500000000000007 75.500000000000014 83.500000000000014 47.500000000000007 96.500000000000014
decision_type=2 10 2 10 2 2 2 2 2 2 10 2 2 2 2 2 10 2 2 2 2 10 10 2 2 2 2 2 2 2
left_child=4 2 3 5 10 6 7 8 13 11 14 12 25 15 -1 18 21 23 19 -2 24 -16 -3 -8 -19 -4 -27 28 -11 -14
right_child=1 22 9 -5 -6 -7 17 -9 -10 27 -12 -13 29 -15 16 -17 -18 20 -20 -21 -22 -23 -24 -25 -26 26 -28 -29 -30 -31
leaf_value=-0.040239633909084631 -0.00431148220483048 0.014691513516010146 0.0049667721493756581 0.026539973287535233 -0.035690577478425599 -0.015029627420098196 0.0032951233313066567 -0.014891349995185143 0.002192094764906801 0.0093029848260969099 0.012909152737762452 0.0073254181789903844 -0.021833893012289392 -0.039539550634079532 -0.016163178284745523 -0.0143299056421192 0.01799732734377104 -0.018172912570243206 -0.0016116352408099767 -0.015353001616884503 0.0054191308701203858 0.024758105842678735 0.028916907996229094 0.010496296647032105 -0.0033222160258842889 -0.01405888618595265 0.0040216970875779166 0.011749647113802126 -0.006526372324248208 -0.0076872401042484126
leaf_weight=3281.964378029108 31042.335386499763 8391.9454709887505 84570.841796875 8361.0983203798532 19469.036309525371 33570.703736096621 111633.79744385183 32325.581328779459 79882.66292527318 57491.399345695972 3525.0706758797169 85211.530595868826 13473.40942671895 2187.5918063521385 43802.887435495853 23633.409970790148 1643.0108743160963 7039.3394825607538 74288.263135284185 20231.32769306004 10146.455510154366 755.30134755373001 15812.840162038803 25627.92460411787 13046.363742917776 14041.395358100533 43906.060116887093 67958.255973279476 12657.162814944983 6979.2817105948925
leaf_count=17729 79107 11158 149530 6782 104246 99875 210157 95942 160101 91086 5491 137587 45291 10925 147342 70239 2142 20843 166192 62938 20956 982 10552 41498 27612 39836 78332 97912 32303 16576
internal_value=6.64346e-06 0.00163913 0.0010087 -0.00223928 -0.0198887 -0.00275825 -0.00180197 -0.00492147 -0.00352674 0.00498581 -0.0140736 0.00271976 0.000311026 -0.00654439 -0.0160002 -0.00605536 -0.0142617 0.0031073 -0.00449588 -0.00867248 -0.00385443 -0.0154587 0.0240011 0.00464098 -0.00853977 0.00280004 -0.000362794 0.00905698 0.00644579 -0.0170187
internal_weight=955988 883511 859306 473017 72477.3 464656 431085 263591 231266 386289 53008.2 248183 162971 151383 49483.2 149195 46201.2 167494 125562 51273.7 30232.2 44558.2 24204.8 137262 20085.7 142518 57947.5 138107 70148.6 20452.7
internal_count=2061262 1783330 1761620 1073167 277932 1066385 966510 645444 549502 688453 173686 467152 329565 389401 168195 378476 150466 321066 308237 142045 69411 148324 21710 251655 48455 267698 118168 221301 123389 61867
is_linear=0
shrinkage=0.03


Tree=29
num_leaves=31
num_cat=0
split_feature=87 97 40 92 97 40 97 97 18 87 39 95 92 87 92 24 39 92 39 34 87 87 32 92 87 24 24 92 39 40
split_gain=38280.2 29456.4 10665.9 7030.81 6051.03 4839.91 4470.26 3716.29 3483.22 2813.34 2776.1 2750.28 2457.75 4248.29 2276.31 2395.43 2263.38 2127 1953.96 2318.31 1851.72 1536.5 1391.08 1369.77 2234.77 1352.06 1335.44 1650.74 1192.22 1143.39
threshold=1.7999919056892397 1.6199955940246584 179.50000000000003 0.93103229999542247 2.9998425245285039 142.50000000000003 1.1739061474800112 1.280690670013428 10.500000000000002 0.86956349015235912 154.50000000000003 -0.41333928704261774 1.1999974250793459 1.0333682894706728 1.1999974250793459 4.5000000000000009 192.50000000000003 0.7894708812236787 192.50000000000003 6.5000000000000009 1.9999839067459109 0.99999713897705089 56.500000000000007 1.0434752106666567 0.92637640237808239 5.5000000000000009 3.5000000000000004 1.4454341530799868 141.50000000000003 201.50000000000003
decision_type=2 2 10 2 2 10 2 2 2 2 10 2 2 2 2 2 10 2 10 2 2 2 2 2 2 2 2 2 10 10
left_child=1 2 3 6 5 10 18 11 -2 17 14 -5 13 23 21 -16 26 28 19 -1 -10 -3 -17 24 -9 -14 27 -13 -8 -4
right_child=8 4 29 7 -6 -7 9 12 20 -11 -12 16 25 -15 15 22 -18 -19 -20 -21 -22 -23 -24 -25 -26 -27 -28 -29 -30 -31
leaf_value=-0.002171958406372815 -0.039029273776032831 -0.012353954207753931 0.014436449628647204 0.0090941094674795737 -0.038990690055129118 0.019334021901648162 -0.0084753943259436131 0.007730383630672237 0.00079547174325224584 -0.01704854667349235 0.023752094375238057 -0.0016258723711917479 -0.022534434130499863 -0.014288425807906931 -0.034652960149880896 -0.010156686602734747 0.025931587928009061 0.0050379701823509045 0.024883344721780703 0.0040050634210351257 -0.042259162655484017 -0.023071942880941554 -0.0016822354155441117 0.0086292351071587114 -0.012348249210157631 0.0057134393349573872 0.0031858534136170748 -0.046238240882750956 0.022291896971150742 0.028577000613029608
leaf_weight=103060.15775720775 23687.648596450686 61342.497827008367 7970.1945791095495 201123.16423054039 6459.3292457312346 5086.620262414217 37834.077466577291 9423.1617595106363 3423.4286198019981 18831.543247401714 2097.9947018772364 2360.6983181089163 1546.0960545986891 21372.088514924049 2702.0991339981556 35189.219352424145 3855.8366099745035 17457.280084460974 3135.0390467047691 116453.183480829 1198.8807878196239 15012.078021556139 34547.951220437884 17382.35038484633 10558.530324056745 59001.625086545944 114051.95783618093 1072.6966027021408 1149.7706389576197 14890.685912847519
leaf_count=220963 135229 188816 10413 312123 36206 5967 96023 17922 7755 53817 2059 5573 5473 57857 13535 101265 3078 35265 2594 209320 6223 53345 84228 31297 29031 108207 210948 4760 1314 9679
internal_value=-3.2117e-05 0.00101995 0.00349094 0.00286683 -0.0105786 -0.00939714 -0.00069473 0.00526872 -0.0343828 -0.00701387 -0.0103681 0.00694218 0.000744385 -0.00362715 -0.0108523 -0.00703967 0.00337446 -0.00366096 0.00144208 0.00110506 -0.0105055 -0.0144667 -0.00596011 0.00247544 -0.00288111 0.00498492 0.00262985 -0.0157512 -0.00755699 0.023664
internal_weight=953278 924968 762530 739669 162438 155978 297921 441748 28310 75272.7 150892 322464 119284 58736.1 148794 72439.3 121341 56441.1 222648 219513 4622.31 76354.6 69737.2 37364 19981.7 60547.7 117485 3433.39 38983.8 22860.9
internal_count=2060285 1911078 1425657 1405565 485421 449215 619296 786269 149207 186419 443248 536482 249787 136107 441189 199028 224359 132602 432877 430283 13978 242161 185493 78250 46953 113680 221281 10333 97337 20092
is_linear=0
shrinkage=0.03


Tree=30
num_leaves=31
num_cat=0
split_feature=97 39 97 40 39 31 40 88 97 92 88 39 40 92 38 92 92 33 40 97 40 32 92 6 14 97 51 36 92 40
split_gain=33245.1 11191.1 10947.4 7974.6 5160.76 5755.52 4241.39 4037 2748.09 2583.12 2559.35 2499.26 2225.73 2118.81 2092.96 1946.42 1766.95 2198.56 1681.06 1478.08 1212.5 1121.99 1038.27 977.806 950.126 920.502 817.094 817.49 782.003 768.451
threshold=1.6199955940246584 inf 2.8333215713500981 201.50000000000003 192.50000000000003 8.5000000000000018 179.50000000000003 1.8928556442260744 1.3269196152687075 1.0434752106666567 1.9999099969863894 154.50000000000003 201.50000000000003 0.9999774992465974 173.50000000000003 0.96189993619918834 1.1999974250793459 9.5000000000000018 142.50000000000003 1.3269196152687075 201.50000000000003 26.500000000000004 2.5714037418365483 6.5000000000000009 35.500000000000007 1.1739061474800112 12.39949941635132 4.5000000000000009 1.3070695400238039 66.500000000000014
decision_type=2 8 2 10 10 2 10 2 2 2 2 10 10 2 10 2 2 2 10 2 8 2 2 2 2 2 2 2 2 8
left_child=1 3 6 4 5 10 11 12 15 24 13 16 14 18 21 25 23 22 19 -1 26 -3 -18 -2 -10 -7 27 -15 -28 -12
right_child=2 7 -4 -5 -6 8 -8 -9 9 -11 29 -13 -14 20 -16 -17 17 -19 -20 -21 -22 -23 -24 -25 -26 -27 28 -29 -30 -31
leaf_value=-0.0006244786788417025 -0.011899135419067796 -0.011645930706698976 -0.035143327337690461 0.027773842645859911 0.024925991795098405 0.0053148505991410869 0.022372548230106926 -0.023922152677406442 -0.0026528236956985239 0.0052465991045597838 -0.0054831973105099298 0.021327583234298803 0.024520597373747108 0.0073959388009406189 0.02326044187553682 0.0095486895081005625 -0.012185277419537607 -0.0030116628448010043 0.012014788084413268 -0.0083117961841628792 -0.0046778737994615446 -0.003924240160676805 -0.038258155641858436 -0.019795159284847853 -0.0173184494430727 -0.003254452962455431 -0.0011006519920304159 0.00029154007446974267 0.0054494220611266252 -0.021076621878823781
leaf_weight=138814.68392065167 57199.509339883924 24993.013808041811 16408.068308159709 12445.409466207027 10000.585256263614 94633.132564842701 3673.6399387419224 11242.922804579139 7533.9573519378901 23370.674161240458 5699.5883748680353 2217.0547358244658 2251.6527215838432 75668.560980662704 2180.3769021630287 155101.89533999562 30376.812949284911 43750.273524880409 8216.6760960519314 26848.733043342829 15063.153332442045 52558.926123410463 1425.4749416559935 18825.648906156421 8418.2904092520475 12794.855773895979 38497.183196485043 18056.248642921448 28557.876105293632 5695.7213831692934
leaf_count=285951 173948 71338 94048 8537 8804 162944 3569 49097 17973 43656 15376 2365 1796 129710 2681 233140 93657 109771 13007 70704 35122 118039 7934 66471 25291 27450 77427 37329 51152 22504
internal_value=2.2513e-05 0.00267107 -0.011837 0.00399752 0.003557 0.00323392 -0.0094044 -0.00707993 0.00629112 -0.00110454 0.000678258 -0.0101663 -0.00476499 0.00113448 -0.00559796 0.00739887 -0.0106297 -0.00737723 -0.00121371 -0.0018712 0.00345632 -0.00641511 -0.0133773 -0.0138591 -0.0104041 0.00429382 0.00421889 0.00602762 0.00168973 -0.0133005
internal_weight=952521 778644 173876 685417 672972 662971 157468 93226.9 301853 39322.9 361118 153795 81984 349723 79732.3 262530 151578 75552.6 173880 165663 175843 77551.9 31802.3 76025.2 15952.2 107428 160780 93724.8 67055.1 11395.3
internal_count=2060791 1509028 551763 1266077 1257540 1248736 457715 242951 510454 86920 738282 454146 193854 700402 192058 423534 451781 211362 369662 356655 330740 189377 101591 240419 43264 190394 295618 167039 128579 37880
is_linear=0
shrinkage=0.03


Tree=31
num_leaves=31
num_cat=0
split_feature=97 30 97 40 18 92 97 40 40 92 39 30 39 31 39 39 92 30 18 39 89 40 12 40 92 30 97 92 100 51
split_gain=31699.2 11473 10328.3 6759.37 6105.71 5209.34 6371.59 4630.13 3758.25 3212.79 2945.33 2438.21 2337.66 2184.34 1689.34 1624.02 1599.19 2292.68 1572.46 1515.18 1432.3 1283.01 1156.69 1105.43 1039.34 962.633 1731.37 843.558 842.282 789.047
threshold=1.6595696806907656 20.500000000000004 2.8333215713500981 179.50000000000003 1.5000000000000002 1.0434752106666567 1.2115353345870974 201.50000000000003 142.50000000000003 1.9285621643066408 154.50000000000003 75.500000000000014 131.50000000000003 11.500000000000002 192.50000000000003 192.50000000000003 1.1739111542701723 13.500000000000002 4.5000000000000009 141.50000000000003 -1.5345449447631834 142.50000000000003 14.500000000000002 179.50000000000003 2.2499620914459233 18.500000000000004 2.9999362230300908 0.69230568408966076 -0.72708776593208302 11.505200386047365
decision_type=2 2 2 10 2 2 2 10 10 2 10 2 10 2 10 10 2 2 2 10 2 10 2 8 2 2 2 2 2 2
left_child=1 4 8 5 -1 6 13 9 12 10 21 15 16 14 27 23 22 24 -11 20 -8 -6 -2 28 -18 -4 -27 -3 -7 -29
right_child=2 3 25 -5 7 11 19 -9 -10 18 -12 -13 -14 -15 -16 -17 17 -19 -20 -21 -22 -23 -24 -25 -26 26 -28 29 -30 -31
leaf_value=-0.037985383318590762 -0.012309401231156288 -0.0017224781131074149 -0.037879469071369035 0.022971572788910138 -0.0073076740164129727 0.0073915735830779048 -0.00096469938139986651 0.024696756105504012 0.016778293425469836 -0.040706867233262493 0.015699988810351662 0.0099843461344296999 0.018952440416011955 0.0066063402638264854 0.024539737936830106 0.026553342199269435 -0.014208117401873527 -0.0050528260935399586 -0.012115753976114602 0.024729614627087355 -0.0093470143057446629 0.0074512905108573549 -0.022173377618511386 -0.0046883407525525238 -0.03404578463386284 0.013837046565949213 -0.038502552542228827 0.0043201984753492651 0.0029904611425161849 -0.0011009738933622712
leaf_weight=5297.6832738518715 48995.288607612252 69051.377992808819 13785.320341333747 16398.115977734327 77638.679367929697 62234.847945407033 27245.966651067138 4494.6150076836348 4704.9278421550989 3359.4925410747528 5842.6713888794184 110984.30654767156 2377.3509592413902 109221.21397913992 2736.0260885804892 2897.5335505306721 14725.007529377937 57068.898140311241 3599.6922424733639 1392.6677176207304 56178.256205901504 5673.6085379570723 13737.449584439397 12299.191999152303 2835.7402451187372 962.23194214701653 1342.9331297129393 72597.819459989667 105525.41478852928 36203.087923645973
leaf_count=31951 151307 143441 83619 14548 204127 104446 62001 3753 5959 18905 7854 166300 2995 179223 2253 2231 50409 148835 10820 1494 144105 10628 51404 27179 14526 2954 7546 132912 201127 71216
internal_value=6.60468e-05 0.00253326 -0.0120874 0.00395408 -0.00665516 0.00348696 0.00114116 -0.00499821 -0.00954469 -0.00639169 -0.00485602 0.0064764 -0.0104332 0.00325773 0.00123195 0.00434757 -0.0109445 -0.00797305 -0.025995 -0.00608998 -0.00661028 -0.00630103 -0.0144758 0.00398732 -0.0174466 -0.0348732 -0.0167236 0.000870674 0.00462385 0.00251645
internal_weight=951407 790872 160535 684966 105906 668568 374626 100609 144445 96114.1 89155 293941 139740 289810 180588 182957 137362 74629.6 6959.18 84816.9 83424.2 83312.3 62732.7 180059 17560.7 16090.5 2305.17 177852 167760 108801
internal_count=2060068 1540514 519554 1252476 288038 1237928 736645 256087 425435 252334 222609 501283 419476 529045 349822 334983 416481 213770 29725 207600 206106 214755 202711 332752 64935 94119 10500 347569 305573 204128
is_linear=0
shrinkage=0.03


Tree=32
num_leaves=31
num_cat=0
split_feature=87 100 39 30 18 92 92 30 98 98 89 87 24 24 30 24 38 98 24 30 30 87 39 24 87 92 89 92 87 92
split_gain=35340.4 12037.8 10983 7876.84 3047.87 2939.88 2845 2459.98 2361.99 1944.73 1651.83 1611.59 1475.89 1401.78 1155.79 1220.61 1142.14 1064.4 1063.52 1627.15 972.684 944.378 924.123 915.72 825.478 1380.53 825.172 820.655 1197.45 799.162
threshold=1.7999919056892397 -0.72708776593208302 169.50000000000003 12.500000000000002 10.500000000000002 1.0434752106666567 0.91800588369369518 65.500000000000014 2.9995950460433964 2.9999723434448247 -1.5345449447631834 1.9999839067459109 2.5000000000000004 43.500000000000007 35.500000000000007 21.500000000000004 173.50000000000003 1.4999937415122988 32.500000000000007 49.500000000000007 23.500000000000004 0.92637640237808239 192.50000000000003 12.500000000000002 1.0178617835044863 1.1999974250793459 -0.44393049180507654 1.9285621643066408 1.4999831318855288 2.2499620914459233
decision_type=2 2 10 2 2 2 2 2 2 2 2 2 2 2 2 2 10 2 2 2 2 2 10 2 2 2 2 2 2 2
left_child=1 6 3 8 -2 10 -1 9 12 13 -5 -6 -3 14 15 20 27 -12 -16 -20 23 -19 -4 -7 -9 -26 -8 -14 -29 -30
right_child=4 2 22 5 11 7 26 24 -10 -11 17 -13 16 -15 18 -17 -18 21 19 -21 -22 -23 -24 -25 25 -27 -28 28 29 -31
leaf_value=0.0020060044910290209 -0.03831476305026648 -0.042156182410862823 0.011595205017540291 0.00026996310212574603 -0.00068049125550968511 0.00067171713665620356 0.0093905940057717532 0.012760361327677617 -0.028890784729777231 -0.027970571371222389 -0.0038921388448262331 -0.04148921227119446 -0.0092379019258712058 -0.011843590473177122 0.0055539838529557514 -0.0088796369744366076 0.022377708659140402 -0.0066069971037530642 -0.011011042420380583 0.0042042728353308186 0.0035555200940644485 -0.016495381419630171 0.02590299511599143 -0.0073772710682294598 -0.00093070197681462857 0.0089059831072617196 0.0056914340575185485 -0.043802274216067291 0.0039443337914096344 -0.029154186875576409
leaf_weight=143171.66747821867 22471.110863357782 1284.3740206807852 6177.4531700462103 66225.640646591783 3363.4110964983702 28003.121545061469 103553.46019116044 13035.178212746978 7281.9701662361622 2313.3453688472509 119246.90996696055 1155.6103652715683 44520.713594451547 9167.9804464131594 49802.699747160077 18458.496142908931 955.29672980308533 30880.095476135612 10545.693541571498 15744.88069626689 34037.310728356242 12109.633092626929 12149.257680296898 23285.589729845524 24088.986556351185 27471.284929022193 114356.91134420037 1557.8230692744255 1482.7314041107893 1152.4162119477987
leaf_count=273466 134940 6465 9442 146021 7867 61019 159996 20941 37648 11816 264675 6266 128938 27704 88956 50923 1175 83159 30332 30157 66245 37557 9525 62460 48431 43720 194712 7322 3940 4588
internal_value=2.84908e-05 0.00101928 -0.00173079 -0.00250252 -0.0337954 -0.00124908 0.00529166 0.000958923 -0.012925 -0.000749965 -0.00372265 -0.011253 -0.0106328 -0.000413944 0.000169853 -0.00188912 -0.00980104 -0.00535228 0.00297786 -0.00190264 -0.000375139 -0.0093988 0.0210981 -0.00298406 0.00602004 0.0043117 0.00745002 -0.010441 -0.023111 -0.0106411
internal_weight=949051 922061 560979 542652 26990.1 484417 361082 255955 58235.3 191359 228462 4519.02 50953.4 189046 179878 103785 49669 162237 76093.3 26290.6 85326 42989.7 18326.7 51288.7 64595.4 51560.3 217910 48713.7 4192.97 2635.15
internal_count=2060406 1911333 1283159 1264192 149073 1074116 628174 542704 190076 429612 531412 14133 152428 417796 390092 240647 145963 385391 149445 60489 189724 120716 18967 123479 113092 92151 354708 144788 15850 8528
is_linear=0
shrinkage=0.03


Tree=33
num_leaves=31
num_cat=0
split_feature=97 97 39 40 40 40 92 39 88 92 32 97 89 39 40 12 97 88 39 38 39 34 100 40 70 89 92 14 40 92
split_gain=28191.9 11283.9 7662.43 6147.24 4841.21 4529.11 3874.63 2861.47 2610.27 2499.99 3487.95 2344.57 1807.22 2091.53 1681.21 1361.2 1303.63 1279.69 1275.14 1245.73 1014.54 955.225 954.052 923.64 893.46 853.247 846.491 812.534 793.286 721.011
threshold=1.4670260548591616 2.8333215713500981 inf 201.50000000000003 142.50000000000003 201.50000000000003 0.91800588369369518 192.50000000000003 1.8928556442260744 1.1249905228614809 18.500000000000004 1.1739061474800112 -0.3323869109153747 192.50000000000003 201.50000000000003 14.500000000000002 1.8749922513961794 1.9999099969863894 169.50000000000003 173.50000000000003 141.50000000000003 9.5000000000000018 -0.77194765210151661 201.50000000000003 0.01923076901584864 -1.5345449447631834 1.1538438200950625 19.500000000000004 125.50000000000001 1.071426570415497
decision_type=2 2 8 10 10 8 2 10 2 2 2 2 2 10 10 2 2 2 10 10 10 2 2 10 2 2 2 2 10 2
left_child=2 4 3 5 7 6 11 9 14 15 -11 18 29 17 19 25 -12 22 21 27 28 -1 26 -6 -7 -2 -14 -4 -13 -8
right_child=1 -3 8 -5 23 24 12 -9 -10 10 16 20 13 -15 -16 -17 -18 -19 -20 -21 -22 -23 -24 -25 -26 -27 -28 -29 -30 -31
leaf_value=-8.1618718159024995e-05 -0.0055077126419312552 -0.033777783042290975 -0.0069382121115379378 0.026284780499670153 0.0060482315385906081 0.013536539446943465 0.0062275042036246267 0.026562538450926147 -0.020928356519807179 -0.017163535272071522 -0.00034826736175513624 -0.0070605083167136502 0.0032709664210716994 0.023959603112793926 0.023365158331117655 -0.019156209903669993 -0.0072871172757502456 -0.0089804556807388369 0.018115207159893985 0.019752342585579685 0.021768779937727419 0.0043772597527167974 0.0015481679919434003 0.026419257398836285 -0.007908428595898874 -0.012499396523441699 0.0092007597019425191 0.0015802772681933329 0.014129129632331367 0.0099561712214274681
leaf_weight=85459.416949361563 22970.597063601017 15490.634376943111 54307.635307922959 10942.063552930951 4350.1328655034304 1826.7281565517187 88457.278508841991 2094.932364538312 9141.9475464969873 19687.604225426912 56414.247784137726 38207.351015970111 44984.771750837564 4566.7852458655834 1958.283646479249 19918.391244232655 42880.657946482301 7146.4654673486948 4617.9550779312849 1807.4999392181635 1184.8942365646362 87508.365311533213 77351.404341638088 3717.9374634623528 33578.359850391746 50015.97532132268 41839.967778936028 12364.682786300778 1640.9665895700455 99201.353877946734
leaf_count=174048 64009 93933 134645 7841 7755 2640 147770 1713 39874 73923 128109 91725 79126 4083 1597 71192 121836 22113 5398 2349 1341 154283 146727 2864 83220 153215 65415 23966 2596 150509
internal_value=-9.51027e-05 -0.00903797 0.00290509 0.00401557 -0.00730919 0.00362017 0.00425379 -0.00816972 -0.00586419 -0.00851559 -0.00563457 0.00109755 0.00615162 0.00396611 -0.00390367 -0.0122033 -0.00334568 0.00343043 0.00259099 -0.00469006 -0.00536395 0.00217448 0.00397169 0.0154777 -0.00679496 -0.0103011 0.00612993 -0.00535842 -0.00618126 0.00819943
internal_weight=945635 237541 708094 628514 222050 617572 582167 213982 79580 211887 118983 218619 363548 175889 70438.1 92905 99294.9 171323 177586 68479.8 41033.2 172968 164176 8068.07 35405.1 72986.6 86824.7 66672.3 39848.3 187659
internal_count=2059815 718549 1341266 1138835 624616 1130994 1045134 613997 202431 612284 323868 429391 615743 317464 162557 288416 249945 313381 333729 160960 95662 328331 291268 10619 85860 217224 144541 158611 94321 298279
is_linear=0
shrinkage=0.03


Tree=34
num_leaves=31
num_cat=0
split_feature=87 97 40 40 97 92 92 18 97 87 40 92 39 78 87 24 87 92 39 34 87 89 39 40 40 39 92 97 87 97
split_gain=32921.8 22875 7872.6 6653.18 5986.39 5236.05 3823.01 3366.52 2950.37 2710.98 2531.03 2278.48 2003.12 1823.8 1644.87 1638.99 1627.15 3024.04 1504.26 1388.37 1117.23 1056.29 1132.98 986.821 971.587 912.937 903.393 1422.51 899.34 867.645
threshold=1.7999919056892397 1.3749957084655764 125.50000000000001 201.50000000000003 2.9998425245285039 0.85713458061218273 1.1052591800689699 10.500000000000002 1.8292622566223147 0.94117397069931041 201.50000000000003 0.9999932348728181 169.50000000000003 0.57142770290374767 1.9999839067459109 4.5000000000000009 1.1111055016517641 1.3999965190887453 154.50000000000003 4.5000000000000009 0.83333018422126781 -0.41568067669868464 192.50000000000003 142.50000000000003 201.50000000000003 109.50000000000001 0.81080934405326854 1.7906786799430849 1.2158356308937075 1.1739061474800112
decision_type=2 2 10 10 2 2 2 2 2 2 8 2 10 2 2 2 2 2 10 2 2 2 10 10 10 10 2 2 2 2
left_child=1 3 4 5 6 12 9 -2 16 11 13 18 19 -7 -9 -10 -8 28 20 23 26 -15 -23 -1 -4 -17 -3 -28 -18 -21
right_child=7 2 24 -5 -6 10 8 14 15 -11 -12 -13 -14 21 -16 25 17 -19 -20 29 -22 22 -24 -25 -26 -27 27 -29 -30 -31
leaf_value=-0.0043017438505382408 -0.037884739286252675 -0.011246374695552324 0.010483377688084865 0.026082321646800848 -0.037528125988909415 0.003193866332932044 0.0062528884571529924 0.00086402127126615675 -0.034284469142847641 -0.018394652001761987 -0.0038846137286809262 0.0036250621185606557 0.018117493836424952 0.0094474388301120996 -0.04091881659193887 -0.0080747637252006153 -0.0062945054488215656 0.0031139685023818639 0.024360840420552036 0.0024824553900943108 -0.017793071134882397 0.0053577327463551665 0.025897185989956377 0.009380745085292512 0.027859151828030702 0.01857169988684252 0.0062658869607001757 -0.011696650247574729 -0.018936714584099387 -0.0051048276810308386
leaf_weight=83854.562170594931 21795.11666688323 35809.887994915247 7900.2645759433508 12096.618139624596 5806.5123186707497 130896.36584201455 27418.886808812618 3435.5381024628878 2119.3768438994884 31210.388061389327 24170.652372449636 12797.081218078732 5196.6025953143835 130859.96451643109 1105.5044793188572 56197.290514424443 12032.689686521888 31337.121878132224 1099.0881855487823 100193.46112255752 15522.726872518659 140145.19031913579 2441.0768937170506 5009.9788666814566 4593.037595808506 1163.1731705367565 7988.9011854380369 7845.8143720030785 8764.7694594860077 15669.289126828313
leaf_count=191531 135293 106366 13264 8377 35900 238624 54075 7833 11706 103915 54436 29376 5970 200534 6176 163596 29034 65071 1019 186061 50726 240356 1854 8517 3205 1629 17791 25433 25547 36032
internal_value=6.75214e-05 0.00101443 -0.00633285 0.00405953 -0.00746325 0.00364146 -0.00676567 -0.0329915 -0.00343982 -0.0108828 0.00554296 -0.00798689 -0.000240187 0.00610668 -0.00944272 -0.00849272 0.000339271 -0.00277205 -0.0101641 -0.000707885 -0.0107361 0.00750068 0.00571295 -0.00352842 0.0169057 -0.00752813 -0.00860893 -0.00263775 -0.0116354 0.00145565
internal_weight=946477 920141 269607 650534 257114 638437 251307 26336.2 139033 112274 428513 81063.5 209924 404343 4541.04 59479.8 79553.5 52134.6 68266.4 204727 67167.3 273446 142586 88864.5 12493.3 57360.5 51644.6 15834.7 20797.5 115863
internal_count=2059247 1909945 737653 1172292 721184 1163915 685284 149302 350658 334626 735804 230711 428111 681368 14009 176931 173727 119652 201335 422141 200316 442744 242210 200048 16469 165225 149590 43224 54581 222093
is_linear=0
shrinkage=0.03


Tree=35
num_leaves=31
num_cat=0
split_feature=87 40 30 98 30 24 18 30 24 24 38 40 98 87 24 30 18 24 24 30 18 33 98 30 24 30 18 24 24 18
split_gain=31534.4 12780 12617.4 4491.1 4411.61 8268.85 3270.81 2794.46 7003.91 2086.22 2227.42 1887.01 1671.91 1569.08 1514.68 3978.36 1417.13 1342.9 1301.64 1857.59 1218.76 1080.21 1048.33 1215.18 4846.39 1520.09 1011.55 1000.21 952.44 922.07
threshold=1.7999919056892397 164.50000000000003 27.500000000000004 2.9995950460433964 83.500000000000014 45.500000000000007 10.500000000000002 55.500000000000007 31.500000000000004 2.5000000000000004 150.50000000000003 201.50000000000003 1.2901815772056582 1.9999839067459109 22.500000000000004 39.500000000000007 24.500000000000004 37.500000000000007 53.500000000000007 61.500000000000007 35.500000000000007 1.0000000180025095e-35 0.86234769225120556 139.50000000000003 73.500000000000014 119.50000000000001 19.500000000000004 13.500000000000002 26.500000000000004 20.500000000000004
decision_type=2 10 2 2 2 2 2 2 2 2 10 10 2 2 2 2 2 2 2 2 2 2 2 2 2 2 2 2 2 2
left_child=1 2 3 9 5 7 -2 8 14 -1 12 -3 27 -8 -4 26 -10 -18 19 -7 -21 -14 -6 24 -24 -26 -16 -11 -28 -17
right_child=6 11 4 -5 22 18 13 -9 16 10 -12 -13 21 -15 15 29 17 -19 -20 20 -22 -23 23 -25 25 -27 28 -29 -30 -31
leaf_value=-0.041841774681376016 -0.037594458739485734 0.012009976037922358 0.0046154803722469858 -0.026039402993500702 0.0023793465530468415 -0.020321524176810001 0.00069821824932743382 0.0053567380625143277 -0.016747317136834295 -0.00099896100884603223 0.015673354163698892 0.026312799063936864 -0.018908931688092642 -0.040451963714087651 -0.012323045023439227 0.0019994642998730624 0.00049763894070974926 -0.012873530075959061 -0.018275636609256581 -0.0081333514930987342 0.0069304658755022621 -0.0070958015370678404 0.0077083631612757299 0.013542512682331241 -0.026621797661538361 -0.0034859691510682224 0.0084671221114338072 -0.0085928958381522712 -0.0076781582287157018 0.010261247289635971
leaf_weight=1361.6337596774101 21330.997280925512 16729.101673424244 121651.63023306429 9617.880620315671 57201.568877652287 7753.286116823554 3405.4107900261879 142471.84155227244 19043.130693420768 78911.492126151919 4634.2630343288183 16581.925506576896 7488.2429828643799 1084.1441176831722 21864.550325781107 43659.32184676826 13785.313144057989 13242.020647019148 16230.997891783714 14920.566029325128 7127.7306694239378 98318.643286436796 121617.8401427865 22709.941638231277 4536.911941409111 5836.5499319583178 5004.4482527971268 19441.473096877337 9500.3703572750092 16837.665424227715
leaf_count=6969 135430 24430 222852 50432 100173 27173 7818 246615 54068 178645 6820 11530 25464 6180 58371 82310 33117 40580 55950 35050 13960 268737 195476 30010 16339 11568 10536 48749 26859 28538
internal_value=-1.46953e-05 0.000905218 0.000218223 -0.00601324 0.00227777 0.000606653 -0.0326987 0.0019697 0.000145623 -0.00509434 -0.00485071 0.0191413 -0.00531808 -0.00937412 0.00238699 -0.000412077 -0.0104819 -0.00605823 -0.0114422 -0.00771068 -0.00326168 -0.00793526 0.00585057 0.0071336 0.00602903 -0.0136364 -0.00825078 -0.0025015 -0.00210373 0.00430153
internal_weight=943901 918080 884769 219774 664996 453093 25820.6 407060 264588 210156 208794 33311 204160 4489.55 218518 96866.4 46070.5 27027.3 46032.6 29801.6 22048.3 105807 211903 154701 131991 10373.5 36369.4 98353 14504.8 60497
internal_count=2060749 1911321 1875361 585816 1289545 935979 149428 803846 557231 535384 528415 35960 521595 13998 429466 206614 127765 73697 132133 76183 49010 294201 353566 253393 223383 27907 95766 227394 37395 110848
is_linear=0
shrinkage=0.03


Tree=36
num_leaves=31
num_cat=0
split_feature=97 30 97 40 30 39 92 92 40 97 18 92 97 39 30 40 92 30 89 40 32 63 30 97 29 92 98 92 92 39
split_gain=24743.9 9027.64 8613.02 7804.77 5224.66 4653.19 2912.88 2514.27 2488.97 2396.48 2392.4 2360.59 3595.91 1814.94 1530.23 1461.53 1420.31 2527.86 1406.12 1394.33 1101.12 1053.54 1023.4 1721.85 1000.2 929.43 926.765 892.813 888 809.878
threshold=1.69999235868454 11.500000000000002 2.8333215713500981 164.50000000000003 75.500000000000014 169.50000000000003 1.7999865412712099 1.0909023880958559 152.50000000000003 1.1320725679397585 1.5000000000000002 1.0434752106666567 1.1999675631523135 192.50000000000003 27.500000000000004 164.50000000000003 1.3070695400238039 18.500000000000004 -0.8543218970298766 201.50000000000003 348.50000000000006 0.12499998882412912 18.500000000000004 2.9999362230300908 187.50257873535159 2.2499620914459233 0.96428108215332042 1.3070695400238039 2.5714037418365483 154.50000000000003
decision_type=2 2 2 10 2 10 2 2 10 2 2 2 2 10 2 10 2 2 2 10 2 2 2 2 2 2 2 2 2 10
left_child=1 6 8 4 5 7 10 9 13 21 -1 12 26 16 25 29 24 28 -11 -5 -14 -3 -4 -24 -2 -9 -6 -16 -18 -12
right_child=2 3 22 19 11 -7 -8 14 -10 18 15 -13 20 -15 27 -17 17 -19 -20 -21 -22 -23 23 -25 -26 -27 -28 -29 -30 -31
leaf_value=-0.036554357063672709 -0.010549933297577948 -0.0029436192410022015 -0.03663800744945573 0.011858308631609263 0.002757205819641147 0.01828737722094426 -0.035536196404926348 -0.0012182741221781384 0.015468169013725244 -0.0015787541219362225 -0.010307918257620487 0.0088681847961899589 -0.0023523963645055651 0.027317489105198187 0.0015767324311207157 0.016125330384018585 -0.012638350011996423 -0.0010589635836678103 -0.0085255159107141872 0.025274609198039272 -0.015602181680206332 0.0019197559475045015 0.016108946658119769 -0.037205283376226576 -0.018339281586190304 -0.020587982764167033 0.008041218902563315 0.0063852908911889474 -0.036589362730452123 0.013785553991093295
leaf_weight=2684.4926740527153 49887.758571505547 63206.368790358305 12447.165061593056 14870.809539407492 66966.748360410333 12496.964990109205 4477.4929421693087 45965.258347406983 3607.6265021264553 45672.140860781074 23786.2459923774 109883.123929739 13937.946409121156 1159.456063747406 67881.785666793585 2245.8246515095234 20262.122557580471 32080.345477983356 61599.215392634273 13220.004105299711 9477.2556885927916 109524.0206759125 945.47318364679813 1239.8807975649834 21203.385960608721 2323.4047505557537 53960.262316435575 71220.712638407946 1484.1589638739824 1308.6861590594053
leaf_count=17922 156006 138965 83910 22110 118088 14514 27209 105380 4539 105061 72198 166712 31765 897 129211 2831 68470 79687 157671 9543 26388 210073 2945 7599 73432 8862 84560 122571 9032 1825
internal_value=-7.77682e-05 0.00199275 -0.0115068 0.00267232 0.00207822 0.000236087 -0.0130124 -0.000247323 -0.00904187 -0.0020473 -0.00963214 0.00555523 0.00303231 -0.00974555 0.00244215 -0.00696395 -0.0100939 -0.00641381 -0.00556869 0.0181857 -0.00772396 0.000139991 -0.0333112 -0.0142025 -0.0128777 -0.00215838 0.00511599 0.00403929 -0.0143051 -0.00904148
internal_weight=941026 796709 144317 762206 734115 479890 34502.7 467393 129685 280002 30025.2 254225 144342 126077 187391 27340.8 124918 53826.6 107271 28090.8 23415.2 172730 14632.5 2185.35 71091.1 48288.7 120927 139102 21746.3 25094.9
internal_count=2059976 1573459 486517 1451474 1419821 992308 121985 977794 392063 611770 94776 427513 260801 387524 366024 76854 386627 157189 262732 31653 58153 349038 94454 10544 229438 114242 202648 251782 77502 74023
is_linear=0
shrinkage=0.03


Tree=37
num_leaves=31
num_cat=0
split_feature=87 97 40 97 40 92 92 18 87 92 24 0 97 39 24 39 24 39 87 97 87 92 24 65 87 92 97 89 68 97
split_gain=29931.9 18973.3 6219.87 5978.25 5642.25 4661.78 3459.46 3061.3 2824.04 2706.12 2680.08 2292.61 1924.29 1860.09 1739.01 1724.35 1484.54 1475.49 1468.47 1414.87 1410.4 1271.18 1307.77 1141.05 1139.5 1704.92 1113.4 948.146 844.37 835.8
threshold=1.7999919056892397 1.3999969363212588 201.50000000000003 2.9998425245285039 152.50000000000003 0.85713458061218273 1.1999974250793459 10.500000000000002 1.0333682894706728 1.0434752106666567 4.5000000000000009 3.5000000000000004 1.8749922513961794 169.50000000000003 51.500000000000007 192.50000000000003 4.5000000000000009 131.50000000000003 1.9999839067459109 1.1739061474800112 0.83333018422126781 1.9285621643066408 2.5000000000000004 0.16666664928197863 1.1111055016517641 1.3333277702331545 1.7906786799430849 -1.3658475279808042 0.26386627554893499 1.1999675631523135
decision_type=2 2 10 2 10 2 2 2 2 2 2 2 2 10 2 10 2 10 2 2 2 2 2 2 2 2 2 2 2 2
left_child=1 2 5 4 6 13 8 -2 9 14 -8 15 24 19 17 16 21 27 -9 23 -21 22 -7 -1 -12 -26 -11 -3 -18 -13
right_child=7 3 -4 -5 -6 11 10 18 -10 26 12 29 -14 -15 -16 -17 28 -19 -20 20 -22 -23 -24 -25 25 -27 -28 -29 -30 -31
leaf_value=-0.0014706890436825115 -0.037179518838069504 -0.0042485233188179318 0.024953305240582979 -0.036824388995425311 0.01894530369544941 -0.042888181992322853 -0.029152585934119041 8.3923471761841088e-05 -0.019365893682290029 0.006483757162033657 0.0097045472178602429 0.0085311801499551587 -0.0061666858891515327 0.017293838591146898 -0.020556862193498171 0.022110740834453701 0.0011651954148675953 0.020835368091327796 -0.040073642299483223 -0.0032772368469806191 -0.018179598926046314 -0.047798558401390814 -0.00078652258760395291 0.0036995400004605642 -0.011537811801578051 0.0027429345151773381 -0.0058763083572477837 -0.011535521089487313 0.004815257654883629 0.0041121061137590759
leaf_weight=115397.16188965738 20550.82078962028 24873.097957879305 12066.26890039444 5527.9441031813622 8306.2020754218102 751.09965534508228 3194.4556410610676 3377.8186824470758 21521.07800295949 14458.858109727502 13729.076444521546 147263.78659574687 43327.960877463222 5189.1786036342382 12258.105885893106 4163.4169229865074 109082.60908071697 1509.4727995544672 1062.0543341934681 27302.163930237293 7213.7372173368931 750.42804025113583 4787.005035161972 57564.81716427207 9386.578171223402 37573.466567710042 11971.993120223284 45562.263045504689 119572.95323528349 52243.855981603265
leaf_count=240956 135548 68191 8553 36260 9197 3601 16568 7832 71595 29713 24461 221247 123482 5981 45176 3579 212493 1784 6241 62939 20724 3226 11184 105240 24765 78737 35864 140233 211850 92237
internal_value=7.84303e-05 0.000961997 0.0036287 -0.0060241 -0.00533373 0.00323286 -0.00617775 -0.0323018 -0.00942584 -0.0074891 -0.00217295 0.00500014 -0.00133894 -0.000412185 -0.0101173 0.00301855 0.00267836 -0.00833333 -0.00965873 -0.00085665 -0.00640052 -0.011679 -0.0066303 0.000250284 0.00210864 -0.00011526 0.00088499 -0.00896417 0.00307421 0.00737451
internal_weight=941540 916549 663348 253201 247673 651282 239366 24990.7 132155 110634 107212 438615 104017 212667 84202.9 239108 234944 71944.8 4439.87 207478 34515.9 6288.53 5538.1 172962 60689.1 46960 26430.9 70435.4 228656 199508
internal_count=2059457 1909836 1203810 706026 669766 1195257 660569 149621 392556 320961 268013 759417 251445 435840 255384 445933 442354 210208 14073 429859 83663 18011 14785 346196 127963 103502 65577 208424 424343 313484
is_linear=0
shrinkage=0.03


Tree=38
num_leaves=31
num_cat=0
split_feature=87 97 40 39 97 39 92 18 40 97 97 87 24 92 38 87 92 31 87 92 87 87 30 92 40 87 92 87 92 87
split_gain=28245.9 18597.9 7507.64 4936.72 4866.05 3950.76 3514.95 3230.13 2909.83 2407.51 2177.04 2364.38 1856.82 2129.72 1684.1 1640.48 1927.43 1559.72 1486.58 1481.64 3990.67 1382.9 1356.31 1294.27 960.963 938.632 1272.16 885.774 1252.92 864.905
threshold=1.7999919056892397 1.6199955940246584 201.50000000000003 inf 2.9998425245285039 192.50000000000003 0.91800588369369518 10.500000000000002 179.50000000000003 1.280690670013428 1.1739061474800112 0.86956349015235912 4.5000000000000009 1.3070695400238039 173.50000000000003 0.99999713897705089 1.0132490396499636 13.500000000000002 1.9999839067459109 1.1999974250793459 0.99999827146530162 0.83333018422126781 23.500000000000004 0.7894708812236787 201.50000000000003 1.1538441777229311 1.4454341530799868 0.92637640237808239 1.0292097330093386 1.1428497433662417
decision_type=2 2 10 8 2 10 2 2 10 2 2 2 2 2 10 2 2 2 2 2 2 2 2 2 8 2 2 2 2 2
left_child=1 2 3 5 8 6 10 -2 12 17 24 23 -3 15 -5 16 21 -8 -9 20 27 -14 -15 -12 -1 -21 -27 -11 -29 -24
right_child=7 4 -4 14 -6 -7 9 18 -10 19 11 -13 13 22 -16 -17 -18 -19 -20 25 -22 -23 29 -25 -26 26 -28 28 -30 -31
leaf_value=0.0022760461634273475 -0.036919776632110206 -0.027440430463000182 0.024821775085502876 -0.0052472730820216276 -0.036569562258083839 0.022864568828824185 0.0043728844303754849 0.001040319765804101 0.019934815564957364 0.010197154854369029 -0.0051283547824134629 -0.016083634383182915 -0.0082326639428061676 -0.0080040674669840644 0.0216389467767669 -0.017201709953173393 -0.00041212342123477051 0.0088191026511867457 -0.039627210178660027 0.01014343698979806 -0.011757367568310723 -0.02023233001845437 0.0095870142166500534 0.0058012867387645895 -0.0066067185837012793 -0.0058275409514992587 0.0061792216387572636 -0.009540008150639925 0.007241195508422147 -0.001807246516996018
leaf_weight=174373.58640429378 20039.369529977441 4344.0789668560028 13661.231444165111 79958.21662722528 5357.8503395020962 9100.6740524917841 189336.03153644502 3405.8381779938936 3376.4237284809351 13808.824450105429 30606.200553491712 13202.633831694722 30913.865164205432 26811.782091885805 2133.8273392319679 23986.804727241397 20473.706242784858 113687.50941880047 1040.5946246832609 17208.195986971259 24143.899617522955 12011.384795963764 8160.1053700447083 14287.147121191025 11677.050931334496 12958.026971891522 20449.165989622474 7126.7762788683176 9086.4540473520756 22435.585527941585
leaf_count=327386 135293 21725 9713 193069 35970 7675 330163 7796 3319 24632 75109 38341 93617 78989 2583 81139 54670 167836 6245 27620 64162 43999 17085 28871 27139 28552 37031 19255 16418 54768
internal_value=-5.41087e-06 0.000846149 0.00279998 0.0023945 -0.00851932 0.00325618 0.00298177 -0.0317905 -0.00752924 0.0046861 0.00013482 -0.00493376 -0.00815361 -0.00757126 -0.00454332 -0.0105198 -0.00798715 0.00604148 -0.00861189 0.000766009 -0.00268202 -0.0115983 -0.00308081 -0.001649 0.00171789 0.00445551 0.00152132 0.00461939 -0.000137908 0.00123597
internal_weight=939163 914677 756805 743144 157872 661052 651952 24485.8 152514 407805 244147 58096 149137 144793 82092 87385.8 63399 303024 4446.43 104781 54166 42925.2 57407.5 44893.3 186051 50615.4 33407.2 30022.1 16213.2 30595.7
internal_count=2060170 1910836 1425555 1415842 485281 1220190 1212515 149334 449311 715669 496846 142321 445992 424267 195652 273425 192286 497999 14041 217670 124467 137616 150842 103980 354525 93203 65583 60305 35673 71853
is_linear=0
shrinkage=0.03


Tree=39
num_leaves=31
num_cat=0
split_feature=87 97 40 97 40 0 92 12 30 87 92 97 87 39 87 39 92 87 24 31 92 87 97 87 92 87 97 97 92 38
split_gain=27470.7 17180.6 5591.31 5568.64 4931.04 4652.86 3223.34 2727.66 2435.31 2282.63 1988.59 2108.69 2376.91 1969.61 1609.59 1577.74 1500.99 4068.43 1468.8 1453.83 1442.98 1255.07 1013.24 1010.05 1351.89 984.799 927.503 925.696 923.828 901.806
threshold=1.7999919056892397 1.3999969363212588 201.50000000000003 2.9998425245285039 125.50000000000001 1.5000000000000002 1.1249905228614809 9.5000000000000018 16.500000000000004 0.99999535083770763 1.071426570415497 1.1538341641426089 0.98076099157333385 169.50000000000003 1.9999839067459109 131.50000000000003 1.3333277702331545 1.0960043072700503 3.5000000000000004 1.5000000000000002 0.9999932348728181 0.79999899864196788 1.7906786799430849 1.0960043072700503 1.1999974250793459 1.0714268684387209 1.8749922513961794 1.2352842688560488 0.91800588369369518 173.50000000000003
decision_type=2 2 10 2 10 2 2 2 2 2 2 2 2 10 2 10 2 2 2 2 2 2 2 2 2 2 2 2 2 10
left_child=1 2 5 4 6 13 9 -2 18 15 11 25 28 19 -9 20 17 22 -8 29 21 -3 -10 -12 27 -7 -22 -25 -13 -1
right_child=7 3 -4 -5 -6 10 8 14 16 -11 23 12 -14 -15 -16 -17 -18 -19 -20 -21 26 -23 -24 24 -26 -27 -28 -29 -30 -31
leaf_value=-0.0045254253329145705 -0.03664053694391374 -0.007517071661307384 0.02393679357652069 -0.036328522936771968 0.014508517578306384 0.0057592099876068404 -0.03753381967319868 1.0071779686783212e-05 0.0073585226187807308 -0.019371738812223576 0.010881204137951231 -0.0020671280429402613 -0.011570197348040993 0.014185193378275354 -0.039092895644245208 0.020311296538265061 0.0024899131265774992 -0.016770124114626681 -0.0089767687740673757 0.00092848189612806747 0.0038922562432501069 -0.016082846853017033 -0.0044446932272678473 0.0028391963550055957 0.0078358155553662021 -0.00046455435207966766 -0.0099952867283168087 -0.011484542923837117 0.006944165340857145 0.019148588550963221
leaf_weight=77774.274974510074 19269.696055576205 45140.250153303146 11723.237196683884 5241.5879308879375 10969.236256062984 146637.70551915467 1715.1798352748156 3362.1227323114872 15197.885335043073 18776.344792082906 51764.14961913228 22785.691538646817 16199.359914541245 8161.6336944699287 1299.1255436688662 1735.4840646535158 57623.144423276186 16199.249035149813 25288.902378633618 151590.99973669648 12105.921979516745 23405.739361941814 11468.591755658388 31471.106697171926 92656.325870782137 27107.998579487205 6710.8864765763283 4641.9227485954762 18564.79576832056 1456.2315576970577
leaf_count=183686 133366 133252 8553 36017 15051 244554 10841 7814 28610 65801 74787 49894 39160 10158 7992 2043 126831 48050 78477 298022 27292 79420 32351 53690 146929 51093 21475 10860 31523 1810
internal_value=5.46747e-05 0.000885655 0.00342003 -0.00578839 -0.00513566 0.00304973 -0.00605232 -0.0316613 -0.00282226 -0.00986858 0.00498197 0.00313979 -0.00183686 -0.000280157 -0.0110087 -0.00786201 -0.000672125 -0.00492194 -0.010817 -0.000792823 -0.0084262 -0.0104458 0.00228272 0.00734152 0.00591713 0.00478823 -0.001066 0.000992703 0.00198 -0.00408558
internal_weight=938045 914114 662535 251578 246337 650812 235368 23930.9 127493 107875 411829 231296 57549.8 238983 4661.25 89098.3 100489 42865.7 27004.1 230822 87362.8 68546 26666.5 180534 128769 173746 18816.8 36113 41350.5 79230.5
internal_count=2059402 1910230 1204719 705511 669494 1196166 654443 149172 325160 329283 702490 416224 120577 493676 15806 263482 235842 109011 89318 483518 261439 212672 60961 286266 211479 295647 48767 64550 81417 185496
is_linear=0
shrinkage=0.03


Tree=40
num_leaves=31
num_cat=0
split_feature=87 97 97 0 92 18 24 87 92 97 92 87 97 87 92 97 24 92 98 87 92 38 87 92 87 97 97 33 92 87
split_gain=26011.6 16594 5435.32 3630.02 3348.78 3114.61 2874.97 2805.59 2549.37 2129.49 1937.16 1853.23 1591.79 2295.43 1371.94 1214.79 1127.98 1111.16 1099.97 994.356 1074.57 934.212 923.73 2422.59 883.938 873.203 824.644 810.976 763.203 840.03
threshold=1.7999919056892397 1.3749957084655764 2.9998425245285039 1.5000000000000002 1.1999974250793459 10.500000000000002 4.5000000000000009 0.99999827146530162 0.9999932348728181 1.8749922513961794 1.0434752106666567 0.79999899864196788 1.1320725679397585 0.98076099157333385 2.5714037418365483 1.8749922513961794 3.5000000000000004 0.7894708812236787 0.83783727884292614 1.0714268684387209 1.1999974250793459 inf 1.1538441777229311 1.4454341530799868 1.2564764618873598 1.1739061474800112 1.7906786799430849 1.0000000180025095e-35 0.85713458061218273 0.86956349015235912
decision_type=2 2 2 2 2 2 2 2 2 2 2 2 2 2 2 2 2 2 2 2 2 8 2 2 2 2 2 2 2 2
left_child=1 3 4 21 7 -2 -6 8 11 22 12 16 18 28 -7 -10 -3 -18 -5 -12 25 27 -8 24 -24 -21 -19 -1 -14 -30
right_child=5 2 -4 10 6 14 9 -9 15 -11 19 -13 13 -15 -16 -17 17 26 -20 20 -22 -23 23 -25 -26 -27 -28 -29 29 -31
leaf_value=0.018882383423720697 -0.036431940437387608 -0.041336580664676659 -0.036093953060412791 0.001665845204586777 -0.029189535674119454 0.0032202856986261207 0.0080231797802171097 -0.016200584183083705 0.0048338862379966535 -0.0054956283756223872 0.010737601325587669 -0.015137313603652041 -0.0030172968609182859 -0.012452155808052872 -0.032410102565187213 -0.0068302391651161899 -0.0078923748233048537 0.0083253898397969359 0.0068124732025074608 0.0044126608957974272 0.007849282218485281 -0.010326298896755957 -0.0029931207335467387 0.0052676532529640193 -0.01764502956362762 -0.0052965611141333226 -0.0055288402724411496 0.00058970597873537979 0.01394241223367066 0.001847857736557648
leaf_weight=2182.0028331875801 19096.70364664495 758.54914896190166 5122.8298431485891 65076.195350289345 3181.8797730952501 2977.6115406900644 21906.307896435261 29784.496443659067 23269.133114024997 44231.606432169676 52730.744581401348 27584.856044083834 16109.788801729679 12803.526404574513 1422.161053404212 12249.882136508822 35058.75582049787 8134.1198344826698 87832.772359520197 41726.730303198099 93678.478619039059 7024.4643704891205 8596.5503883212805 31740.847532078624 6507.0775362998247 10398.797864764929 7335.2480742037296 231285.48630830646 7250.1003152132034 17905.190060421824
leaf_count=2460 135161 4030 36048 118588 16944 6290 39563 97123 49205 124974 75944 91222 35463 31193 7734 37337 101220 17158 142484 68598 146972 19123 19468 62999 18499 21510 21841 465425 10964 33653
internal_value=-4.07464e-05 0.000762983 -0.00555131 0.0033578 -0.00494758 -0.0311929 -0.00115669 -0.00800138 -0.00586405 -0.000362182 0.00508957 -0.00886889 0.00305835 -0.00136559 -0.00839125 0.000809555 -0.00549279 -0.00493855 0.00462264 0.00720664 0.00592835 0.000437558 0.00294112 0.000562138 -0.00932057 0.00247443 0.00175735 0.000762273 0.00207866 0.00534198
internal_weight=934963 911466 265462 646004 260339 23496.5 116164 144175 114391 112982 405512 78871.5 206978 54068.6 4399.77 35519 51286.7 50528.1 152909 198535 145804 240492 68750.8 46844.5 15103.6 52125.5 15469.4 233467 41265.1 25155.3
internal_count=2059193 1910008 737631 1172377 701583 149185 282447 419136 322013 265503 685369 235471 372345 111273 14024 86542 144249 140219 261072 313024 237080 487008 140529 100966 37967 90108 38999 467885 80080 44617
is_linear=0
shrinkage=0.03


Tree=41
num_leaves=31
num_cat=0
split_feature=87 97 40 97 30 18 92 97 87 39 40 39 24 92 92 24 87 92 97 24 87 92 87 24 87 31 30 87 38 33
split_gain=24890.4 15879.4 6865.76 4531.15 4235.87 3248.32 2935.32 2992.77 3333.28 2856.36 2580.73 2094.49 1774.19 2040.87 1660.52 1550.83 1508.24 1967.96 2557.34 1415.58 1410.33 1444.21 1398.98 1337.35 1286.12 1269.15 1176.96 1018.08 929.142 934.122
threshold=1.7999919056892397 1.6199955940246584 179.50000000000003 2.9998425245285039 27.500000000000004 10.500000000000002 1.0434752106666567 1.1538341641426089 0.95346185564994823 154.50000000000003 179.50000000000003 169.50000000000003 4.5000000000000009 1.3070695400238039 0.83027687668800365 17.500000000000004 1.0588207244873049 1.1739111542701723 1.2115353345870974 2.5000000000000004 1.0333682894706728 1.0909023880958559 1.9999839067459109 41.500000000000007 0.85713735222816478 18.500000000000004 21.500000000000004 0.79999899864196788 inf 1.0000000180025095e-35
decision_type=2 2 10 2 2 2 2 2 2 10 10 10 2 2 2 2 2 2 2 2 2 2 2 2 2 2 2 2 8 2
left_child=1 2 4 10 9 -2 7 25 14 15 11 12 -3 20 27 19 -8 18 -18 -1 21 23 -7 -14 -16 -6 -15 -9 29 -21
right_child=5 3 -4 -5 6 22 16 8 -10 -11 -12 -13 13 26 24 -17 17 -19 -20 28 -22 -23 -24 -25 -26 -27 -28 -29 -30 -31
leaf_value=-0.040792259232299143 -0.03620230014576975 -0.027392885526820926 0.019464368849587025 -0.035872507626953654 0.0019011279478391532 0.0015860162366000629 0.009549092536720696 -0.0020712215968166576 -0.012834108549437154 0.014094523047553308 0.019187080953308826 0.02336240955330687 -0.0082198375837122944 -0.0081336744481457571 0.012194114193451448 -0.016184242897208188 0.0028300830089110396 0.0062553672426625762 -0.012951437408756998 0.023956990763312213 -0.0178124992840052 -0.00064715126395666837 -0.038745713875111436 -0.019859611831875772 0.00039409432361089405 0.0069759807908793695 0.00063496885234442396 -0.015184235449415577 -0.012330254575198143 -0.0021336190442798196
leaf_weight=857.19187387824059 18680.941974103451 4095.4134172648191 21077.705001473427 5026.6470756530762 184525.4012195915 3423.4691826701164 65793.887237936258 25498.128851503134 23998.862751424313 8674.5295557081699 3301.4175032824278 1927.1859370917082 39571.746524527669 23478.984938308597 12776.30312743783 8314.4161294698715 44949.82662525773 134595.34713618457 11611.608045905828 1228.6613546162844 17921.617478728294 16570.760213568807 979.63230871409178 11462.695406571031 23731.181664302945 58375.792153432965 33290.871524006128 6719.3818445652723 8135.5297443270683 113966.62022840977
leaf_count=4342 135392 21579 20136 36222 342936 7798 101936 58573 64003 11529 3290 1752 120983 71017 21843 24121 76422 221328 29563 1334 61763 44319 6228 45050 50630 91959 79343 19000 23568 262171
internal_value=7.89587e-06 0.000787349 0.00259124 -0.00790422 0.00210603 -0.030743 0.00321858 0.00137099 -0.00321366 -0.00256361 -0.00697238 -0.00755717 -0.00796735 -0.00740449 0.000148574 -0.00365612 0.00563159 0.00428238 -0.000413169 -0.00281489 -0.0103312 -0.00834328 -0.00752189 -0.010841 0.00452809 0.00312123 -0.00299317 -0.00481384 -0.00254437 -0.00185123
internal_weight=934562 911478 754830 156647 733753 23084 592576 335625 92723.9 141177 151621 148319 146392 142297 68725 132502 256951 191157 56561.4 124188 85526.8 67605.2 4403.1 51034.4 36507.5 242901 56769.9 32217.5 123331 115195
internal_count=2060130 1910712 1425394 485318 1405258 149418 1078193 648944 214049 327065 449096 445806 444054 422475 150046 315536 429249 327313 105985 291415 272115 210352 14026 166033 72473 434895 150360 77573 287073 263505
is_linear=0
shrinkage=0.03


Tree=42
num_leaves=31
num_cat=0
split_feature=87 97 97 31 39 39 24 24 24 87 97 77 51 93 93 89 24 2 97 34 38 78 93 33 51 31 39 98 24 97
split_gain=24057.7 14598.7 5071.35 3400.24 4160.54 3085.57 2660.27 2238.3 2085.59 1650.46 1404.93 1287.29 1097.12 955.107 926.575 845.657 773.357 868.902 851.297 670.062 617.875 569.408 546.708 495.536 492.113 656.234 486.297 480.658 664.473 477.681
threshold=1.7999919056892397 1.3999969363212588 2.9998425245285039 7.5000000000000009 169.50000000000003 141.50000000000003 12.500000000000002 3.5000000000000004 71.500000000000014 1.9999099969863894 1.7368384003639223 0.46365800499916082 11.027670860290529 1.0603442788124087 1.3646629452705386 -0.36030787229537958 43.500000000000007 5.5000000000000009 2.3854792118072514 32.500000000000007 inf 0.77283343672752391 0.76691690087318432 27.500000000000004 9.1570639610290545 2.5000000000000004 192.50000000000003 1.6590567827224734 38.500000000000007 1.1999675631523135
decision_type=2 2 2 2 10 10 2 2 2 2 2 2 2 2 2 2 2 2 2 2 8 2 2 2 2 2 10 2 2 2
left_child=1 3 5 4 11 7 -2 -3 10 -8 14 -1 22 19 15 27 17 23 -18 -14 24 -15 -5 -12 25 -13 -6 28 -9 -21
right_child=6 2 -4 12 26 -7 9 8 -10 -11 16 20 13 21 -16 -17 18 -19 -20 29 -22 -23 -24 -25 -26 -27 -28 -29 -30 -31
leaf_value=-0.0023489962455779789 -0.035643911367149748 -0.030299655994740049 -0.035657206224006657 0.0055939065897285352 0.010057162759736334 0.018185362417577195 0.0021620931596631854 0.00011849902051369307 -0.024096357946324511 -0.038845527031756817 -0.0089863914936780219 0.0010899319243107847 0.00070362355042612548 0.0036094388797371117 0.0013948936600130569 -0.0075106955246318991 -0.015402712895318136 -0.0016874437142214405 0.011761063613605951 0.0064109898276064944 -0.0097058812528633409 0.0081892180476913681 0.010742411516675626 -0.0015240442063240039 -0.00013068094760524857 0.0049833832737166727 0.021537217456168663 0.0025442946901338211 -0.0093569381977211263 -0.0023021522044936412
leaf_weight=105110.32978542149 18246.364727430046 3175.4455402344465 4890.8069217652082 32789.138451740146 5522.128350764513 5098.6251537948847 3118.4838291406631 15846.845625221729 5028.5064110159874 1211.3541086316109 57086.405377238989 89025.667970076203 72431.149871662259 39386.009202823043 39520.546249568462 37537.167824044824 13900.027041301131 28649.025085166097 1107.7118943482637 42386.453728720546 4228.7535227835178 64558.838973194361 43019.394909664989 9325.8149412721395 76916.483435675502 69281.806805983186 8545.7720315605402 17120.627312839031 11469.709195613861 6525.1865441501141
leaf_count=230013 135179 17804 36105 56293 8497 5884 6912 36964 19591 7316 175520 178530 134252 66236 83831 102802 49799 77036 2591 67020 10889 97414 63017 25298 149321 122273 7330 40653 32696 13492
internal_value=-5.29817e-05 0.000706702 -0.0054704 0.0030453 0.00107176 -0.0048646 -0.0306304 -0.00535623 -0.00501892 -0.00943642 -0.0046026 0.000418385 0.00539572 0.00434456 -0.00237784 -0.00419661 -0.00705742 -0.00605589 -0.0133848 0.00253601 0.00163325 0.00645491 0.00851761 -0.00793928 0.00183791 0.00279428 0.0170516 -0.00139499 -0.00386399 0.00524812
internal_weight=932061 909484 249757 659727 358631 244866 22576.2 239768 236592 4329.84 231564 344563 301096 225288 121495 81974.3 110069 95061.2 15007.7 121343 239453 103945 75808.5 66412.2 235224 158307 14067.9 44437.2 27316.6 48911.6
internal_count=2060558 1911151 706574 1204577 706853 670469 149407 664585 646781 14228 627190 691026 497724 378414 296946 213115 330244 277854 52390 214764 461013 163650 119310 200818 450124 300803 15827 110313 69660 80512
is_linear=0
shrinkage=0.03


Tree=43
num_leaves=31
num_cat=0
split_feature=30 97 97 40 40 24 0 39 40 97 24 39 34 39 93 98 97 38 51 18 93 30 98 97 97 98 33 26 40 100
split_gain=16820.9 8728.15 6127.52 4945.88 3906.07 3696.94 3474.89 2386.76 2252.09 2024.29 1935.19 1782.97 1540.86 1398 1371.04 1248.25 1201.04 1154.24 919.554 849.062 866.64 756.143 751.182 737.457 709.453 712 702.971 688.45 667.604 631.944
threshold=13.500000000000002 1.3269196152687075 2.8333215713500981 125.50000000000001 201.50000000000003 2.5000000000000004 2.5000000000000004 192.50000000000003 201.50000000000003 2.9999362230300908 71.500000000000014 192.50000000000003 4.5000000000000009 192.50000000000003 1.3646629452705386 1.2083310484886172 1.1320725679397585 173.50000000000003 15.30145311355591 1.5000000000000002 2.4999718666076665 111.50000000000001 0.83783727884292614 1.8292622566223147 1.6199955940246584 1.5382492542266848 10.500000000000002 187.50000000000003 69.500000000000014 -0.77194765210151661
decision_type=2 2 2 10 10 2 2 10 10 2 2 10 2 10 2 2 2 10 2 2 2 2 2 2 2 2 2 2 8 2
left_child=2 4 5 7 6 -1 11 9 13 10 14 12 -2 17 18 16 22 19 26 -7 -21 -17 -8 28 25 -20 -3 -18 -16 -24
right_child=1 3 -4 -5 -6 8 15 -9 -10 -11 -12 -13 -14 -15 23 21 27 -19 24 20 -22 -23 29 -25 -26 -27 -28 -29 -30 -31
leaf_value=-0.037115870859378758 -0.0019712942047425122 -0.0073172576726925126 -0.035139051281871093 0.016241053120972588 0.022465926222789562 -0.034800689899004686 0.0027165427254838585 0.027297087762951797 0.019745577479369919 -0.035592649514883772 -0.020605150900523114 0.018658045387246729 0.0023872464305562413 0.017512962200728722 0.0029273637530690252 0.0065910658688018318 0.0012905536039288545 0.017687258424855776 -0.0093609882368217729 -0.008918974872551836 -0.021560684858450408 0.012864045691964024 0.0084985756818046904 -0.0045809370315248272 -0.012427762088915235 -4.0519234480988333e-05 -0.0018627448407169814 -0.0086605428589323196 -0.0060313449198699867 0.003232288602169002
leaf_weight=4193.5510953888297 134058.00169744343 32742.23049248755 9672.8535405695438 11014.995674528182 9368.565153837204 1246.1106580719352 68015.125684067607 2113.0016098916531 2487.9964320361614 1859.9048767015338 6382.2563693225384 4874.728689879179 160230.33857804537 1701.6272463798523 43270.915385052562 61731.137048237026 28494.617840275168 1322.3907065093517 18235.459186419845 59586.951354153454 5310.5411958694458 24070.145809084177 65343.721242129803 29051.770760387182 24789.888662546873 12378.281489834189 60655.248384580016 7996.3721536546946 9032.3628837913275 29934.868758253753
leaf_count=30759 292898 91642 77374 14212 7325 9728 118195 1518 2514 13610 23240 4698 297794 1979 87519 101264 52234 2146 47121 188838 26372 32160 97600 81408 80431 28467 156706 16966 21602 51398
internal_value=3.02213e-06 0.00128539 -0.0126744 -0.0033986 0.00326846 -0.00980106 0.00296013 -0.00429934 -0.00819259 -0.00458166 -0.00433483 0.000700494 0.000401789 -0.00920295 -0.0038819 0.00532698 0.00402651 -0.00988177 -0.0055938 -0.0104381 -0.00995977 0.00835344 0.00512597 -0.000750176 -0.00865557 -0.00559486 -0.00377608 -0.000893607 0.00137855 0.00684503
internal_weight=931166 845644 85522 251526 594118 75849.2 584749 240511 71655.6 238398 236538 299163 294288 69167.6 230156 285586 199785 67466 148801 66143.6 64897.5 85801.3 163294 81355 55403.6 30613.7 93397.5 36491 52303.3 95278.6
internal_count=2059718 1720008 339710 647476 1072532 262336 1065207 633264 231577 631746 618136 595390 590692 229063 594896 469817 336393 227084 404367 224938 215210 133424 267193 190529 156019 75588 248348 69200 109121 148998
is_linear=0
shrinkage=0.03


Tree=44
num_leaves=31
num_cat=0
split_feature=87 97 40 97 40 0 92 87 18 30 39 92 98 39 24 97 87 92 87 97 87 97 87 30 92 31 92 30 98 92
split_gain=22986.3 12310.9 5595.41 4731.05 4586.93 3351.83 3210.67 2666.24 2621.7 2581.97 1753.29 1609.23 1561.17 1543.87 1507.66 1453.96 1393.55 2688.59 1596.64 1376 1269.43 1205.88 1130.55 1026.42 1011.24 980.551 955.327 1153.1 900.842 832.059
threshold=1.7999919056892397 1.3269196152687075 142.50000000000003 2.9998425245285039 179.50000000000003 1.5000000000000002 1.1249905228614809 0.99999713897705089 10.500000000000002 21.500000000000004 131.50000000000003 0.9999932348728181 1.1578919887542727 192.50000000000003 3.5000000000000004 1.1320725679397585 1.0444650053977969 1.3999965190887453 1.2158356308937075 1.8292622566223147 0.83333018422126781 1.8749922513961794 1.9999839067459109 87.500000000000014 1.2499961256980898 1.5000000000000002 0.7894708812236787 7.5000000000000009 0.74999848008155834 1.0909023880958559
decision_type=2 2 10 2 10 2 2 2 2 2 10 2 2 10 2 2 2 2 2 2 2 2 2 2 2 2 2 2 2 2
left_child=1 4 3 6 5 13 7 10 -2 14 11 20 15 25 -8 28 -11 18 19 24 26 -13 -10 -14 -18 -1 -3 -28 -7 -17
right_child=8 2 -4 -5 -6 12 9 -9 22 16 -12 21 23 -15 -16 29 17 -19 -20 -21 -22 -23 -24 -25 -26 -27 27 -29 -30 -31
leaf_value=-0.0034768733092513486 -0.035681078487860424 -0.0089914248667915947 0.016279338633810984 -0.035240999424522246 0.018386112387595816 0.0012648049268225079 -0.036522911152436527 -0.017685975919046939 -0.00097159044671097869 0.0075654855533583594 0.019398963996570474 0.0044708735068955917 0.0046480166473622823 0.017412736964141758 -0.0067158770558266093 -0.00632095278854023 -0.006159209094513533 0.0042026977653455474 -0.018276339297476959 -0.015173323564234453 -0.014161458726735061 -0.010448010446525952 -0.038109127457147167 0.010107124587363167 0.0065041303884553802 0.00078413638000681752 -0.029851582563212541 0.0010443133167475169 0.0053938098824394213 0.0024083292929231981
leaf_weight=74050.609549552202 17515.771851710975 37799.340234845877 11295.47225497663 4631.9530683159828 17061.416480138898 72843.916122615337 1566.2590576186776 21916.251582682133 3292.8203192055225 22158.76336735487 2333.0366603285074 16747.130411729217 70035.754588291049 4309.6078467220068 42041.680874615908 21363.433707311749 11434.275331526995 43131.416340380907 8391.0058240294456 6894.4051175117493 26514.884378433228 6855.6760572493076 931.16897911578417 55685.384893849492 11229.272619009018 141365.82095265388 1136.0816223472357 18229.548532068729 137046.27989192307 18169.594433382154
leaf_count=171969 135285 112526 13779 35933 16743 132340 10866 74978 7809 45149 2819 36158 122601 4193 122793 46497 28017 88970 24398 22876 87706 22554 6232 80379 20378 277203 5561 47028 223948 31817
internal_value=-9.81831e-05 0.000633427 -0.00440833 -0.0052351 0.00305831 0.00261809 -0.00473333 -0.00813721 -0.0305685 -0.00168377 -0.00622518 -0.00678593 0.00434144 -0.000324366 -0.0078027 0.00296705 0.000901867 -0.000920675 -0.00674286 -0.00345856 -0.00873687 0.000132354 -0.00929949 0.00706723 0.00011539 -0.000680796 -0.00621671 -0.000797117 0.00396107 -0.00230974
internal_weight=927978 906238 294306 283011 611932 594870 278379 131532 21739.8 146847 109616 107283 375144 219726 43607.9 249423 103239 81080.4 37949 29558 83679.9 23602.8 4223.99 125721 22663.5 215416 57165 19365.6 209890 39533
internal_count=2059505 1910179 802489 788710 1107690 1090947 752777 389330 149326 363447 314352 311533 637582 453365 133659 434602 229788 184639 95669 71271 252821 58712 14041 202980 48395 449172 165115 52589 356288 78314
is_linear=0
shrinkage=0.03


Tree=45
num_leaves=31
num_cat=0
split_feature=87 97 40 97 40 0 92 12 87 39 24 92 24 34 87 30 97 87 92 92 97 87 39 39 38 98 40 98 32 87
split_gain=21993.5 12297.7 4902.97 4702.75 4320.17 3530.28 2656.94 2564.09 2397.36 2152.65 2071.46 1754.79 1735.91 1419.1 1358.66 1309.91 1263.22 1221.91 1798.29 1111.67 1629.55 1672.59 1054.37 940.903 988.264 937.3 910.195 855.683 856.936 855.443
threshold=1.7999919056892397 1.3999969363212588 164.50000000000003 2.9998425245285039 125.50000000000001 2.5000000000000004 1.1999837756156924 9.5000000000000018 1.0333682894706728 192.50000000000003 4.5000000000000009 1.0434752106666567 47.500000000000007 4.5000000000000009 1.9999839067459109 27.500000000000004 1.8749922513961794 1.1111055016517641 1.4999848008155825 1.0909023880958559 1.1320725679397585 1.0588207244873049 154.50000000000003 115.50000000000001 173.50000000000003 0.9138857126235963 201.50000000000003 1.2352917194366457 222.50000000000003 1.0960043072700503
decision_type=2 2 10 2 10 2 2 2 2 10 2 2 2 2 2 2 2 2 2 2 2 2 10 10 10 2 10 2 2 2
left_child=1 2 5 4 6 9 8 -2 11 13 -8 12 22 23 -9 -12 -13 -17 -19 20 25 27 -3 24 -1 -7 -4 28 -22 -21
right_child=7 3 26 -5 -6 19 10 14 -10 -11 15 16 -14 -15 -16 17 -18 18 -20 29 21 -23 -24 -25 -26 -27 -28 -29 -30 -31
leaf_value=-0.0032661591893989499 -0.035460337392337775 -0.0070228199439292885 0.010721628187250868 -0.035066464351679566 0.013941383787958209 0.0022502006486827889 -0.027312734404433863 -0.0001718993307062645 -0.018157988372965669 0.018592075607853073 -0.0048598147226939928 0.0059583888664126641 -0.0179272222555628 0.0018554556602821391 -0.037625483087588486 0.008333378637710772 -0.0085504169404009445 -0.0075999757136622961 0.0050658013783451581 0.010799758213928819 0.0018317751269857484 -0.017519928563200039 0.022166091169660875 0.0038088135584667024 0.020206923327500327 0.0075057287617926113 0.022295647468730924 0.0041252818337767731 -0.01051578946039235 0.0053137713129500575
leaf_weight=138236.78023599088 16821.760108880699 66184.855497285724 13646.609669417143 4564.2961749807 11021.8256085217 58395.353132113814 2779.7395118176937 3347.2912282496691 18705.834820225835 5622.6554295122623 47632.718819648027 14990.467044666409 14650.736125797033 165245.19515921175 1158.7320826351643 18021.503078296781 8416.2729696780443 19510.822865650058 20849.251541361213 35138.541669607162 10431.879984766245 5176.5382192581892 1113.8702742010355 21045.884644582868 1613.6696469634771 64064.846053063869 11172.109188765287 25267.000670090318 9791.6892524957657 94307.155763342977
leaf_count=313298 133346 198026 20013 36256 15113 102249 16235 7823 65387 5251 132192 32119 55118 310195 7990 35805 27196 49659 42457 49409 20340 13536 1053 40092 1909 98828 8544 46560 22188 152380
internal_value=1.83056e-05 0.00072624 0.00287013 -0.00496161 -0.00439535 0.00235807 -0.00526441 -0.0300801 -0.00826498 0.000220715 -0.00184185 -0.00650538 -0.00857413 -9.71266e-05 -0.00992686 -0.00116897 0.000738667 0.00184297 -0.00105781 0.00470145 0.0031285 -0.001396 -0.00653327 -0.00210247 -0.00299246 0.0050004 0.0159454 0.000445695 -0.00415105 0.0068044
internal_weight=928926 907598 659156 248442 243878 634337 232856 21327.8 124062 331764 108794 105356 81949.5 326142 4506.02 106014 23406.7 58381.6 40360.1 302573 173127 50667.1 67298.7 160896 139850 122460 24818.7 45490.6 20223.6 129446
internal_count=2060567 1911408 1204792 706616 670360 1176235 655247 149159 378899 670745 276348 313512 254197 665494 15813 260113 59315 127921 92116 505490 303701 102624 199079 355299 315207 201077 28557 89088 42528 201789
is_linear=0
shrinkage=0.03


Tree=46
num_leaves=31
num_cat=0
split_feature=87 97 40 97 39 39 12 40 40 97 0 38 98 26 24 39 87 24 40 20 24 34 51 98 51 97 26 38 63 33
split_gain=20783.7 12086.2 5835.96 3867.52 3683.33 3380.03 2708.52 2504.78 2041.34 2002.42 2072.78 1829.15 1617.98 1874.55 1428.83 1407.34 1385.9 1075.49 1060.2 910.834 762.724 760.532 759.01 751.383 744.475 697.047 779.961 693.384 597.562 539.921
threshold=1.7999919056892397 1.6595696806907656 164.50000000000003 2.9998425245285039 inf 192.50000000000003 9.5000000000000018 164.50000000000003 179.50000000000003 1.3269196152687075 4.5000000000000009 173.50000000000003 1.6590567827224734 123.50000000000001 3.5000000000000004 192.50000000000003 1.9999839067459109 53.500000000000007 201.50000000000003 104.50000000000001 67.500000000000014 8.5000000000000018 8.6795945167541522 1.1079540848731997 13.303158283233644 1.1162755489349367 268.50000000000006 134.50000000000003 0.18312438577413562 3.5000000000000004
decision_type=2 2 10 2 8 10 2 8 10 2 2 10 2 2 2 10 2 2 10 2 2 2 2 2 2 2 2 10 2 2
left_child=1 2 4 8 5 7 -2 9 14 10 21 -6 13 -11 -3 17 -8 19 -4 27 -15 22 -1 25 -23 -12 -27 29 -26 -16
right_child=6 3 18 -5 11 -7 16 -9 -10 12 23 -13 -14 20 15 -17 -18 -19 -20 -21 -22 24 -24 -25 28 26 -28 -29 -30 -31
leaf_value=0.0021457790300584609 -0.035263899951344928 -0.03054145594631956 0.010215486200043158 -0.034884263789810029 -0.0051616742444611135 0.02121597348641463 0.00067015686785704229 -0.0052692769945431204 0.018180104148611785 -0.00072988035091744508 0.0058656762833815034 0.023062214719320056 0.0039838274973649146 -0.0086206269686010303 -0.011257116613390324 0.025587375488763366 -0.037320778569674334 -0.016078843690893799 0.02200552427363053 0.0012219603142997167 -0.023538279354976901 0.0058770007512893132 -0.0021296215744245725 0.0090959085017208677 -0.0034907256932785111 0.0012285302761235483 -0.019872203255314115 0.020685297196134191 0.0028835631095754911 -0.0061193308800366573
leaf_weight=120196.88215486705 16405.861409269273 2273.0616037175059 15071.126087039709 4446.6239749789238 78913.595317289233 8423.0243526399136 3389.385303914547 38882.564784511924 2929.6151312887669 53914.922352731228 56669.285665899515 2102.6896184831858 38014.296376779675 16038.895913735032 23721.746000364423 1188.792058557272 1139.6451748684049 10643.242779746652 12690.387443482876 13453.28158698976 3816.2986294180155 75361.737544700503 54210.553039669991 60859.50195094943 15217.288711830974 9506.0111433416605 1869.6114757806063 786.07625159621239 100884.70755805075 82728.935226202011
leaf_count=231379 133384 14532 22207 36206 194038 7286 7870 91276 2951 120838 88052 2383 80492 41733 78968 913 8027 41501 9829 35581 13252 126688 110278 89153 29707 16748 4613 1280 176864 241562
internal_value=-6.13987e-05 0.000622647 0.00211972 -0.00740721 0.00160943 0.00235706 -0.0295985 0.0021103 -0.00651514 0.00258352 0.0034028 -0.00442364 -0.00104273 -0.00363333 -0.00705448 -0.00664707 -0.0090116 -0.0069427 0.0156169 -0.00613449 -0.0115087 0.00225002 0.000816777 0.00667389 0.00355536 0.0045056 -0.00226822 -0.00705744 0.00204764 -0.00726615
internal_weight=925750 904815 762643 142171 734882 653866 20934.9 645443 137725 606560 494776 81016.3 111784 73770.1 134795 132522 4529.03 131333 27761.5 120690 19855.2 365871 174407 128904 191464 68044.9 11375.6 107237 116102 106451
internal_count=2059591 1910310 1456816 453494 1424780 1228359 149281 1221073 417288 1129797 873482 196421 256315 175823 414337 399805 15897 398892 32036 357391 54985 674916 341657 198566 333259 109413 21361 321810 206571 320530
is_linear=0
shrinkage=0.03


Tree=47
num_leaves=31
num_cat=0
split_feature=87 97 40 97 92 24 97 87 18 40 92 34 39 30 24 39 39 87 40 92 87 87 92 87 97 87 92 92 92 24
split_gain=20193.3 11488.8 5609.36 3799.2 3450.04 3458.69 3355.34 3108.62 2835.48 2196.51 1574.1 1528.1 1505.34 1356.18 1282.77 1227.18 1178.8 1081.55 1068.86 1035.2 2041.55 1482.88 973.659 1414.33 1805.99 905.939 1002.37 800.999 769.477 754.342
threshold=1.7999919056892397 1.6595696806907656 164.50000000000003 2.9998425245285039 1.0132490396499636 3.5000000000000004 1.1739061474800112 0.99999535083770763 10.500000000000002 152.50000000000003 1.4999848008155825 8.5000000000000018 169.50000000000003 71.500000000000014 9.5000000000000018 192.50000000000003 192.50000000000003 1.9999839067459109 201.50000000000003 0.83027687668800365 0.86956349015235912 0.79999899864196788 1.3070695400238039 1.1111055016517641 1.1320725679397585 0.99999535083770763 1.3636317253112795 0.54545119404792797 1.1538438200950625 3.5000000000000004
decision_type=2 2 10 2 2 2 2 2 2 10 2 2 10 2 2 10 10 2 10 2 2 2 2 2 2 2 2 2 2 2
left_child=1 2 4 9 6 -6 11 19 -2 10 16 12 27 15 -12 22 29 -10 -4 21 -21 -8 23 -7 -25 26 -24 -1 -26 -3
right_child=8 3 18 -5 5 13 7 -9 17 -11 14 -13 -14 -15 -16 -17 -18 -19 -20 20 -22 -23 25 24 28 -27 -28 -29 -30 -31
leaf_value=-0.0050581628264375431 -0.035110830738516056 -0.029064382776832532 0.0099542887511710459 -0.034708860259139558 -0.042982734371128754 0.0037937402038542931 -0.0034182712007346759 -0.018994861756475658 0.00030119209851920824 0.015631057575600561 -0.014659788642705443 0.0036356862661200006 0.014371403365905507 0.0063252897293937073 0.00076840705112698733 0.020145346324043242 0.026964850023752034 -0.037164364631552885 0.021797193083377429 0.0079158699286839222 -0.0051243678036531366 -0.016567907636224222 0.0050088462142784413 0.00141355249995496 -0.017688836182692562 0.0047242527666982144 -0.040988679812289007 4.175688024480612e-05 -0.0058341993454089349 -0.0088675117954169387
leaf_weight=38519.606094136834 16253.916352041066 1678.4662177488208 15029.196437299252 4341.3779029175639 1394.3712691515684 50202.159181669354 40760.230498984456 12288.820993214846 3354.0721090584993 3985.2951600253582 5726.0508363693953 141266.88052837551 5659.0836266428232 138254.53889898956 31099.487137392163 3459.5228235274553 798.1293468028307 854.10816129297018 12696.933210462332 18678.055135905743 25577.288412094116 9506.2812648117542 869.76048062741756 31780.353274092078 7296.1132901608944 95366.98640280962 809.20011818408966 98700.979581668973 15202.259193107486 94596.724560275674
leaf_count=88032 135186 10583 22166 36244 7026 94574 100295 38077 7786 4671 22301 243859 6852 218663 78126 3067 563 6130 9874 36144 63466 28910 1587 59659 21151 174454 2940 201725 34858 301946
internal_value=2.29953e-05 0.000689244 0.00214789 -0.00713846 0.00164838 0.00383655 -0.000280624 -0.00481314 -0.0294335 -0.00626548 -0.00691943 0.00142337 -0.000764179 0.00402924 -0.0016372 0.00248019 -0.00892254 -0.00744278 0.0153894 -0.00296574 0.00038038 -0.0059107 0.00217497 0.000165148 -0.00319108 0.0043383 -0.0173819 -0.00139039 -0.0096909 -0.00922559
internal_weight=926006 905544 763319 142226 735592 344635 390957 106811 20462.1 137884 133899 284147 142880 343241 36825.5 204986 97073.3 4208.18 27726.1 94521.9 44255.3 50266.5 201527 104481 54278.7 97045.9 1678.96 137221 22498.4 96275.2
internal_count=2060915 1911813 1457379 454434 1425339 617979 807360 266892 149102 418190 413519 540468 296609 610953 100427 392290 313092 13916 32040 228815 99610 129205 389223 210242 115668 178981 4527 289757 56009 312529
is_linear=0
shrinkage=0.03


Tree=48
num_leaves=31
num_cat=0
split_feature=30 40 92 30 24 39 30 24 24 92 30 40 24 30 30 24 24 40 38 24 92 32 30 24 30 30 92 39 98 88
split_gain=14354.6 6393.68 5417.64 4713.8 4148.49 3611.95 3117.94 2535.96 2423.45 2283.09 2003.15 1821.92 1728.44 2509.74 1642.32 3687.04 1510.35 1475.36 1148.82 1097.51 1074.17 1033.9 1019.36 2286.47 917.618 906.052 865.818 799.955 780.994 726.596
threshold=12.500000000000002 152.50000000000003 1.9285621643066408 65.500000000000014 39.500000000000007 169.50000000000003 35.500000000000007 21.500000000000004 2.5000000000000004 1.1739111542701723 25.500000000000004 201.50000000000003 30.500000000000004 49.500000000000007 128.50000000000003 67.500000000000014 12.500000000000002 201.50000000000003 150.50000000000003 5.5000000000000009 1.2499961256980898 121.50000000000001 102.50000000000001 57.500000000000007 18.500000000000004 108.50000000000001 2.2499620914459233 192.50000000000003 0.9138857126235963 1.9999099969863894
decision_type=2 10 2 2 2 10 2 2 2 2 2 10 2 2 2 2 2 10 10 2 2 2 2 2 2 2 2 10 2 2
left_child=2 3 8 4 5 6 7 10 -1 14 16 18 -8 -14 15 21 29 -3 27 -4 -6 -5 23 -23 -18 -17 -21 -10 -16 -2
right_child=1 17 19 9 20 -7 12 -9 11 -11 -12 -13 13 -15 28 25 24 -19 -20 26 -22 22 -24 -25 -26 -27 -28 -29 -30 -31
leaf_value=-0.03738795359754965 -0.00030700092556367229 0.009046804428814061 -0.035664226987735435 0.00860292610675952 -0.014409792761833348 0.016013217732855363 0.0035160809331124848 -0.010356327412063679 -0.0097193788238987451 0.008462206249195978 0.0021580869211366999 0.0214952236218229 -0.010000448338456716 0.0020862856211431805 0.0017033683074210743 -0.020054998418107799 -0.013302391060176522 0.02185121805657645 0.014304092226571408 -0.0064148204024883689 -0.0017903203949948543 0.0014421945648165073 0.0051267299232504344 -0.011829654436279676 -0.0051718831548159408 -0.0061946452972452219 -0.030001645441444531 0.018969705317051343 0.0099843178510285215 -0.011763091299685707
leaf_weight=2503.549597658217 65981.927067652345 22338.022490501404 8961.2731942981482 20542.407703474164 25409.621869921684 11668.541454143822 150034.50944548845 37894.89321424067 49657.575163967907 65802.447334304452 70935.233942836523 1889.1988271772861 24182.593260020018 42796.121172875166 15249.207027465105 7488.0277823954821 18013.141578659415 12735.077972218394 1923.3843381181359 2722.862457498908 7982.4307316318154 105766.48714153469 48759.296866238117 13113.117053836584 40834.201510772109 9828.2772503644228 2894.7076864764094 872.54810528457165 31306.625087201595 5369.7940144240856
leaf_count=18977 150393 35253 77614 34554 83842 13823 275136 114176 174263 100045 141620 1685 69560 80838 25860 28605 61703 10115 3168 10807 20355 195247 78544 37768 107628 21278 21040 912 43736 21725
internal_value=8.59358e-05 0.00116656 -0.0128318 0.000629219 -0.00118348 -0.000453908 -0.000875929 -0.00323938 -0.00864163 0.00348685 -0.00189761 -0.00730403 0.00172736 -0.0022793 0.00218739 0.00103446 -0.00410724 0.0137059 -0.00834908 -0.0291359 -0.011396 0.00225386 0.00147492 -2.35118e-05 -0.0076643 -0.0122045 -0.0186323 -0.00921667 0.00727382 -0.00117222
internal_weight=925457 854032 71425.1 818959 501103 467711 456042 239029 56846.3 317856 201134 54342.7 217013 66978.7 252053 205498 130199 35073.1 52453.5 14578.8 33392.1 188181 167639 118880 58847.3 17316.3 5617.57 50530.1 46555.8 71351.7
internal_count=2060270 1751804 308466 1706436 1140799 1036602 1022779 597245 199005 565637 483069 180028 425534 150398 465592 395996 341449 45368 178343 109461 104197 346113 311559 233015 169331 49883 31847 175175 69596 172118
is_linear=0
shrinkage=0.03


Tree=49
num_leaves=31
num_cat=0
split_feature=87 97 97 92 18 39 24 39 39 89 92 24 92 24 87 97 87 92 97 87 92 92 87 69 92 24 87 3 92 87
split_gain=18970.5 10120.6 3854.48 3358.09 2682.53 1876.49 1761.87 1748.52 1675.92 1659.82 1589.27 1583.2 1511.27 1685.33 1334.08 1321.1 2015.63 1177.24 1326.49 1739.46 1036.74 965.893 1071.41 938.416 919.379 811.842 807.55 768.905 727.396 652.098
threshold=1.7999919056892397 1.5833273530006411 2.9998425245285039 0.89999762177467357 10.500000000000002 141.50000000000003 4.5000000000000009 192.50000000000003 169.50000000000003 -0.44393049180507654 1.1999837756156924 4.5000000000000009 1.9285621643066408 2.5000000000000004 0.99999713897705089 1.1739061474800112 0.86956349015235912 1.1999974250793459 1.1538341641426089 1.0960043072700503 2.5714037418365483 0.9999932348728181 0.76190313696861278 0.17255769670009616 0.74999296665191661 6.5000000000000009 0.66665667295455944 3.5000000000000004 0.7894708812236787 0.92637640237808239
decision_type=2 2 2 2 2 10 2 10 10 2 2 2 2 2 2 2 2 2 2 2 2 2 2 2 2 2 2 2 2 2
left_child=1 3 5 8 -2 10 12 9 15 29 14 -12 13 -5 21 23 24 18 -11 -20 -6 22 25 -1 26 -3 -17 -13 -27 -8
right_child=4 2 -4 6 20 -7 7 -9 -10 17 11 27 -14 -15 -16 16 -18 -19 19 -21 -22 -23 -24 -25 -26 28 -28 -29 -30 -31
leaf_value=-0.0027366542876890989 -0.034848924679027109 -0.020969538365915766 -0.034478272064206103 -0.042842951538291013 0.0023002585121597056 0.017770372128655055 0.010071055042533261 0.021451679683056384 0.01483484646457778 0.0023838006855559702 -0.02821747295056308 -0.0038216521248668205 -0.046733488466446899 0.00015838450248833192 -0.017096148416373937 -0.0016345156118600071 -0.015449051756453483 0.0043466381181754754 -0.00039107036922711935 -0.013313268560216567 -0.029860484604685468 -0.0013523568792934162 -0.015186376670951303 0.001645157084781766 0.0029707013592552944 -0.0071501638130943308 -0.011745939669389307 0.0031817500594049546 0.0044146131496726531 0.0050743835416107016
leaf_weight=64287.018888652325 15585.383679196239 2771.0423162430525 4182.8919832855463 928.35246884822845 2885.4602107107639 3073.4458736479282 27409.280397623777 5021.9614170342684 6200.4010420590639 91867.920045495033 2142.5112338736653 60861.569224894047 891.9063278734684 6073.1316794455051 14490.063951030374 19696.230184525251 12562.620070159435 115416.83135411143 36267.607363238931 12624.331755429506 1290.7514153197408 19042.504590973258 17567.838818639517 139193.33084659278 19999.915830284357 17227.35105381906 11110.154714688659 18348.394109502435 6818.8521480560303 165680.06672149897
leaf_count=135653 135210 11884 36168 4978 6288 3477 43736 4203 7259 162998 13884 164872 4133 14399 55627 47201 37695 203378 75754 33710 7725 53381 64627 265478 42487 53210 30474 43286 17937 278953
internal_value=-7.09721e-05 0.00056653 -0.00611109 0.0020791 -0.0291325 -0.00537603 0.00363742 0.00388173 -0.000558673 0.00368439 -0.00582487 -0.00289097 -0.0103978 -0.00564911 -0.00888657 -0.000917435 -0.0046992 0.00210103 0.00025937 -0.00373178 -0.00773468 -0.00700629 -0.00943029 0.000260647 -0.0020361 -0.005651 -0.0052864 -0.00219897 -0.00386976 0.00578464
internal_weight=921519 901758 166526 735231 19761.6 162344 462181 454288 273050 449266 159270 81352.5 7893.39 7001.48 77917.7 266849 63368.9 256177 140760 48891.9 4176.21 63427.6 44385.1 203480 50806.3 26817.2 30806.4 79210 24046.2 193089
internal_count=2060065 1910842 518353 1392489 149223 482185 826242 802732 566247 798529 478708 222042 23510 19377 256666 558988 157857 475840 272462 109464 14013 201039 147658 401131 120162 83031 77675 208158 71147 322689
is_linear=0
shrinkage=0.03


Tree=50
num_leaves=31
num_cat=0
split_feature=87 40 30 30 24 18 39 39 30 24 98 92 30 24 24 92 87 30 24 18 24 18 40 30 92 18 24 18 30 18
split_gain=18329.4 7036.6 6221.93 3008.7 5490.37 2682.23 2265.51 2232.89 2010.07 4152.16 1766.24 1539.64 1412.05 3324.62 1321.12 1086.16 1026.34 953.992 2943.35 848.091 1498.57 800.963 800.376 780.006 744.325 732.123 712.524 1108.35 794.82 715.786
threshold=1.7999919056892397 201.50000000000003 20.500000000000004 83.500000000000014 47.500000000000007 10.500000000000002 192.50000000000003 154.50000000000003 55.500000000000007 30.500000000000004 2.9995950460433964 1.1379284262657168 35.500000000000007 18.500000000000004 2.5000000000000004 1.2499961256980898 1.9999839067459109 128.50000000000003 71.500000000000014 24.500000000000004 37.500000000000007 35.500000000000007 142.50000000000003 43.500000000000007 1.2301363945007326 21.500000000000004 24.500000000000004 13.500000000000002 25.500000000000004 21.500000000000004
decision_type=2 10 2 2 2 2 10 10 2 2 2 2 2 2 2 2 2 2 2 2 2 2 10 2 2 2 2 2 2 2
left_child=1 2 7 4 6 -2 8 10 9 12 14 17 13 -4 -1 -6 -7 18 -5 23 -21 -22 -16 -11 -10 -14 27 -15 -29 -28
right_child=5 -3 3 11 15 16 -8 -9 24 19 -12 -13 25 26 22 -17 -18 -19 -20 20 21 -23 -24 -25 -26 -27 29 28 -30 -31
leaf_value=-0.038131824232806803 -0.034683977204757119 0.021390706511280708 0.002435343048929766 0.0029864579041309278 -0.013741913199842649 7.1030653039944633e-05 0.019913238518326822 0.011392195739782434 0.0024847853968017124 -0.01938565926547809 -0.020857106404613301 0.0092470000071374018 0.0025873621978064133 -0.011206673117766033 -0.0057436875013019703 0.00066789328763540337 -0.036795227930598855 0.0068314565336949386 -0.015386254265056293 0.0019330084218643719 -0.014323586755018439 0.0066854152808174007 0.0048963862143495676 -0.0082355998783235854 0.007364336556829827 0.010481027904674665 -0.016018773169807106 -0.0089919064863084302 0.0020604937714285183 -0.0024569221594621803
leaf_weight=1085.1456144377589 15171.823666371405 14492.512504041195 99753.303492262959 111186.00040961802 28676.630864337087 3327.6228332519531 5630.1373613625765 6743.0949097722769 113565.22972297668 8669.6939971745014 7065.7201088890433 46954.623225837946 118456.06378684938 14639.90407563746 120061.5389380157 5629.6042537018657 834.04767990112305 44582.764361530542 8423.662877753377 15258.660790078342 12438.376587018371 1867.6598736420274 6704.082346573472 16298.035704448819 37398.704154893756 11595.280534803867 11332.143213704228 8152.0908225849271 20644.101257890463 5077.3258846476674
leaf_count=6805 135014 11539 197582 194495 94466 7813 4940 9288 207868 29501 46756 67243 219304 38247 337550 13085 6241 67137 26241 36949 41407 4987 12403 39506 59017 20004 36400 26153 46540 15108
internal_value=5.01582e-05 0.000669693 0.000331002 0.00142522 0.000228549 -0.0288372 0.00102411 -0.00543247 0.000808532 -0.000457407 -0.00627492 0.00445748 0.00097248 -0.000918326 -0.0054659 -0.0113783 -0.00745805 0.00308684 0.00169018 -0.00804986 -0.00460694 -0.0115753 -0.0051803 -0.0121197 0.00369443 0.00329266 -0.00650732 -0.00449173 -0.00107247 -0.0118306
internal_weight=921716 902382 887890 746230 535083 19333.5 500777 141660 495147 344183 134916 211147 289650 159599 127851 34306.2 4161.67 164192 119610 54532.4 29564.7 14306 126766 24967.7 150964 130051 59845.6 43436.1 28796.2 16409.5
internal_count=2059589 1910521 1898982 1486180 1131064 149068 1023513 412802 1018573 751688 403514 355116 599338 360030 356758 107551 14054 287873 220736 152350 83343 46394 349953 69007 266885 239308 162448 110940 72693 51508
is_linear=0
shrinkage=0.03


Tree=51
num_leaves=31
num_cat=0
split_feature=87 40 30 39 100 18 98 92 39 92 87 92 24 38 87 30 98 24 87 92 87 30 98 33 24 39 40 87 92 30
split_gain=17596.1 6583.77 6028.24 2841.64 3345.22 2654.47 1975.41 1769.32 1712.6 1627.8 1563.77 1478.74 1398.65 1113.52 983.789 893.444 832.825 1157.42 782.045 826.143 772.59 794.613 728.164 692.166 629.593 604.755 588.359 588.289 701.357 546.638
threshold=1.7999919056892397 201.50000000000003 20.500000000000004 192.50000000000003 -0.77194765210151661 10.500000000000002 2.9995950460433964 1.1999974250793459 192.50000000000003 1.071426570415497 1.0588207244873049 0.9999774992465974 2.5000000000000004 173.50000000000003 1.9999839067459109 61.500000000000007 1.7971687912940981 12.500000000000002 0.92637640237808239 0.86841949820518505 0.92637640237808239 93.500000000000014 1.5762676000595095 2.5000000000000004 37.500000000000007 24.500000000000004 201.50000000000003 1.1111055016517641 1.2857018709182741 35.500000000000007
decision_type=2 10 2 10 2 2 2 2 10 2 2 2 2 10 2 2 2 2 2 2 2 2 2 2 2 10 8 2 2 2
left_child=1 2 6 4 9 -2 8 10 12 26 11 18 -1 16 -7 24 17 23 19 25 -13 -22 -12 -14 29 -6 -4 -11 -29 -9
right_child=5 -3 3 -5 7 14 -8 15 -10 27 22 20 13 -15 -16 -17 -18 -19 -20 -21 21 -23 -24 -25 -26 -27 -28 28 -30 -31
leaf_value=-0.038359404941100975 -0.034526290574950602 0.02085681640406602 0.002193039306856577 0.021093017248333228 -0.0049635512232886403 1.8397766319553173e-05 -0.020956803524802864 -0.00069485916526819424 0.016498972675220158 0.0095016165747911479 -0.0049638487927642777 0.0077686258991789886 -0.0063627984461568409 0.018280495256860551 -0.036534894865238983 0.0063146922146541072 -0.0086939565765505305 -0.012139858712486042 -0.0069204590275265135 0.0031423207758585528 -0.0018019224903457988 0.0060944978326542085 -0.014120693950069069 -0.00014678419117860366 -0.0067581540524713083 -7.0941644194718359e-05 -0.0065441610888938217 0.0018243938695469007 0.0076695715770616372 0.0039731655758186157
leaf_weight=1113.043729417026 14839.059690982103 14152.453267499804 209326.8032886982 6467.3267457336187 52431.443685740232 3317.1283751577139 6994.7854393422604 48296.30013614893 3349.1484015882015 36416.618768036366 46322.584205985069 19359.046473838389 23632.199391596019 1823.4166536331177 808.08144909888506 34729.733076378703 41621.234761402011 12058.867512561381 29973.557668596506 26738.278948232532 35386.423864513636 16945.166178554296 9396.1707914620638 50645.441461183131 9158.8780694976449 40137.296257607639 7155.2277571856976 35816.66285456717 38173.504788547754 42369.114282839
leaf_count=7010 135423 11457 383156 5468 126777 7806 46816 111230 3377 54153 101022 38414 66577 2378 6189 57266 131727 35880 74425 59657 85080 28453 29835 119093 25489 88782 16297 62174 59642 78764
internal_value=-3.17688e-05 0.000571133 0.000246579 0.00132445 0.00115068 -0.0286143 -0.00543528 -0.000649924 -0.00462353 0.00341583 -0.00202211 -0.000889344 -0.00516642 -0.00487588 -0.0072837 0.00217165 -0.00520867 -0.00352685 -0.00258995 -0.00150101 0.00265153 0.00075632 -0.00651253 -0.00212565 0.000729272 -0.00284262 0.00190368 0.00637993 0.00484133 0.00148696
internal_weight=918955 899991 885838 744600 738133 18964.3 141238 411244 134243 326889 276690 220971 130894 129781 4125.21 134554 127958 86336.5 149281 119307 71690.6 52331.6 55718.8 74277.6 99824.3 92568.7 216482 110407 73990.2 90665.4
internal_count=2059817 1910399 1898942 1486084 1480616 149418 412858 905194 366042 575422 632445 501588 362665 355655 13995 272749 353277 221550 349641 275216 151947 113533 130857 185670 215483 215559 399453 175969 121816 189994
is_linear=0
shrinkage=0.03


Tree=52
num_leaves=31
num_cat=0
split_feature=87 40 30 39 18 92 30 24 98 30 24 38 65 30 24 24 30 87 30 24 18 24 30 30 39 40 24 18 18 98
split_gain=16978.3 6485.3 5673.12 2822.71 2572.91 2240.55 2601.48 3901.78 2160.07 1564.56 4432.2 1483.97 1317.62 1175.33 1057.14 1045.21 4000.52 934.987 892.668 867.012 815.077 1065.4 1118.94 806.881 759.737 746.093 711.39 707.495 702.03 634.964
threshold=1.7999919056892397 201.50000000000003 27.500000000000004 123.50000000000001 10.500000000000002 1.2857018709182741 105.50000000000001 61.500000000000007 2.9995950460433964 71.500000000000014 39.500000000000007 173.50000000000003 0.077422574162483229 61.500000000000007 17.500000000000004 23.500000000000004 41.500000000000007 1.9999839067459109 15.500000000000002 2.5000000000000004 25.500000000000004 32.500000000000007 51.500000000000007 65.500000000000014 192.50000000000003 133.50000000000003 28.500000000000004 18.500000000000004 21.500000000000004 0.83783727884292614
decision_type=2 10 2 10 2 2 2 2 2 2 2 10 2 2 2 2 2 2 2 2 2 2 2 2 10 10 2 2 2 2
left_child=1 2 3 8 -2 6 7 9 11 10 15 12 19 -12 18 -4 26 -6 -14 -1 21 27 -23 -7 -5 -21 28 -18 -17 -8
right_child=4 -3 5 24 17 23 29 -9 -10 -11 13 -13 14 -15 -16 16 20 -19 -20 25 -22 22 -24 -25 -26 -27 -28 -29 -30 -31
leaf_value=-0.036932688293859983 -0.034369919239757692 0.020659837568633977 0.0028280306936244583 0.0036770324779825071 -0.00033331552029588248 0.0038191050401992417 0.00088686499157247583 -0.014777453884198549 -0.020709104163649183 0.0030350302047839886 -0.015667620337155162 0.021244511502416678 -0.0046920953414228963 -0.0052251337756046862 -0.0093243061064552241 -0.0083515413024164015 -0.0001472408867602139 -0.036216976508617944 0.0019294247068804872 -0.0072946358293551486 0.0081787620695859889 -0.014818935741925622 -0.00093262775338622342 0.0093020536691511471 0.017559086718037444 0.0037865907618265453 -0.015538741074610542 0.0061196365768426833 0.011949594998933217 0.0062464510726074739
leaf_weight=839.56863176077604 14428.361847124994 14225.231356978416 104999.22527594864 11598.074507370591 3311.9192952811718 90815.474290050566 26225.527581632137 15974.780846014619 7464.103455118835 131070.91241176426 19007.505680903792 2008.5603980645537 29417.938316047192 19851.206311836839 14749.947665661573 17255.252776145935 35110.346164226532 794.28322238475084 48515.624918118119 94812.048639021814 14771.876571491361 6759.951848462224 22747.560960188508 32921.28898589313 5101.6569511964917 5791.1410839855671 13705.872768498957 30101.538203969598 1664.8587080985308 82483.312026977539
leaf_count=5642 135111 11559 198102 22668 7837 173610 45715 54180 50509 231015 66359 2510 83654 50946 43715 45289 67216 6245 102728 269594 27606 19875 44052 48237 4919 11295 45429 52157 3694 128585
internal_value=-6.86808e-06 0.000578751 0.000255793 -0.00391682 -0.028413 0.00163719 0.000805157 -0.000236549 -0.00488952 0.000321116 -0.000922876 -0.00428544 -0.00455176 -0.0103384 -0.0019654 0.000558426 -0.00111857 -0.00741637 -0.000570593 -0.00691394 0.00162937 0.000606452 -0.00412176 0.00527916 0.00793384 -0.00665613 -0.0103359 0.00274651 -0.00655443 0.00495388
internal_weight=918525 899990 885765 220299 18534.6 665466 541730 433021 203599 417046 285975 196135 194126 38858.7 92683.5 247116 142117 4106.2 77933.6 101443 109491 94719.4 29507.5 123737 16699.7 100603 32626 65211.9 18920.1 108709
internal_count=2060053 1910860 1899301 597234 149193 1302067 1080220 905920 569647 851740 620725 519138 516628 117305 230097 503420 305318 14082 186382 286531 210906 183300 63927 221847 27587 280889 94412 119373 48983 174300
is_linear=0
shrinkage=0.03


Tree=53
num_leaves=31
num_cat=0
split_feature=87 40 30 18 39 92 30 24 98 40 51 38 31 33 24 34 39 87 87 92 30 24 30 26 30 98 34 24 24 24
split_gain=16163.2 6127.3 5593.38 2719.36 2590.78 2323.65 2477.55 3026.26 1885.39 1715.92 1485.12 1466.99 1454 1274.5 1172.09 1152.17 1281.3 981.748 964.564 922.326 1030.7 894.969 1344.76 853.258 816.914 695.048 646.17 633.01 620.18 539.728
threshold=1.7999919056892397 142.50000000000003 29.500000000000004 10.500000000000002 154.50000000000003 1.1999974250793459 119.50000000000001 67.500000000000014 2.9995950460433964 201.50000000000003 12.39949941635132 173.50000000000003 14.500000000000002 3.5000000000000004 18.500000000000004 10.500000000000002 169.50000000000003 1.1111055016517641 1.9999839067459109 1.3999965190887453 71.500000000000014 26.500000000000004 49.500000000000007 123.50000000000001 16.500000000000004 0.78260689973831188 3.5000000000000004 2.5000000000000004 47.500000000000007 10.500000000000002
decision_type=2 10 2 2 10 2 2 2 2 10 2 10 2 2 2 2 10 2 2 2 2 2 2 2 2 2 2 2 2 2
left_child=1 2 4 -2 8 6 7 10 11 -3 15 13 21 27 24 16 26 -7 -5 20 28 -12 -23 -24 29 -8 -4 -1 -19 -15
right_child=3 9 5 18 -6 17 25 -9 -10 -11 12 -13 -14 14 -16 -17 -18 19 -20 -21 -22 22 23 -25 -26 -27 -28 -29 -30 -31
leaf_value=-0.035594564769653128 -0.034221281605458662 0.0074445247710194923 -0.0021482132470058177 0.00064966518090685016 0.011511746795816 0.0095122982723673637 -0.00092213083937571516 -0.015222139026697825 -0.019388897484232059 0.020077342473232992 0.00056142652801825668 0.022991592505538665 0.001423268405701942 -0.0028875453518312773 -0.0086280358398276597 0.0051877653744908736 0.015982650802553594 -0.0015720804913588039 -0.036014794242774047 0.0060370328610463283 0.0054452761716732431 -0.013935731270232289 -0.001267353676751669 -0.0081210443568888162 7.9535410129865457e-05 0.0072657971566534064 0.0018674789701482507 -0.0077059045567683523 -0.019912421645251931 -0.010402060198657246
leaf_weight=723.43370855599642 14060.936447799206 31413.557668939233 73349.98417750746 3330.9718066900969 9303.762340337038 30582.865853451192 11255.04227373004 12036.126402899623 7510.114423327148 13994.783930554986 28076.410424545407 1762.7862819284201 70682.764949336648 29684.662215359509 26248.042887285352 61990.279983140528 4536.9612991213799 33197.095599770546 780.88227946311235 63381.278976537287 25450.404082730412 14480.925024546683 42797.305856540799 26442.608586341143 82445.920684978366 54430.77620100975 70905.705067045987 58784.645910181105 1727.0409117490053 12107.053088247776
leaf_count=5170 135132 50940 164392 7764 12664 52487 20198 40029 51129 11586 55252 2133 132564 81216 77488 110684 5181 67182 6270 111439 39675 44900 87034 65205 181527 81120 142123 173641 5711 38069
internal_value=4.28789e-05 0.000609209 3.80459e-05 -0.0279525 -0.0039778 0.00150601 0.000459081 -0.00041696 -0.00463603 0.0113451 3.69159e-05 -0.00411102 -0.00194436 -0.0043407 -0.00287034 0.00175218 0.000320337 0.00470038 -0.00645391 0.0035099 0.0008558 -0.00407339 -0.00562748 -0.00388636 -0.0016527 0.00586297 -0.000174403 -0.00805679 -0.00248991 -0.00506843
internal_weight=917475 899302 853894 18172.8 228570 625324 470985 405299 219267 45408.3 393263 211757 182480 209994 150486 210783 148793 154339 4111.85 123756 60374.5 111797 83720.8 69239.9 124238 65685.8 144256 59508.1 34924.1 41791.7
internal_count=2059905 1910739 1848213 149166 623037 1225176 948682 847364 610373 62526 807335 559244 384955 557111 378300 422380 311696 276494 14034 224007 112568 252391 197139 152239 300812 101318 306515 178811 72893 119285
is_linear=0
shrinkage=0.03


Tree=54
num_leaves=31
num_cat=0
split_feature=87 97 97 39 92 24 12 97 87 89 92 92 87 92 92 65 24 24 87 39 100 87 24 92 87 97 87 97 92 87
split_gain=15446 8169.31 3446.51 2657.55 2578.52 3270.96 2570.55 2347.37 2864.73 1515.29 1359.97 1258.06 1251.73 1186.26 1113.02 1048.65 957.68 909.261 882.82 864.25 825.559 706.29 1066.19 835.106 969.639 786.785 703.914 699.562 697.52 792.371
threshold=1.7999919056892397 1.6595696806907656 2.9998425245285039 192.50000000000003 1.0132490396499636 3.5000000000000004 9.5000000000000018 1.1739061474800112 0.95346185564994823 -0.44393049180507654 1.4999848008155825 0.85713458061218273 0.79999899864196788 2.5714037418365483 0.74999296665191661 0.18237250298261645 55.500000000000007 5.5000000000000009 0.86956349015235912 192.50000000000003 -0.77194765210151661 1.1538441777229311 6.5000000000000009 1.1999974250793459 0.99999713897705089 2.062482595443726 0.66665667295455944 2.2499577999114995 0.54545119404792797 1.0333682894706728
decision_type=2 2 2 10 2 2 2 2 2 2 2 2 2 2 2 2 2 2 2 10 2 2 2 2 2 2 2 2 2 2
left_child=1 3 10 4 7 -6 -2 15 11 -7 16 12 14 -8 26 28 19 -12 -13 21 -11 22 -3 24 -24 -25 -9 -19 -1 -30
right_child=6 2 -4 -5 5 9 13 8 -10 20 17 18 -14 -15 -16 -17 -18 27 -20 -21 -22 -23 23 25 -26 -27 -28 -29 29 -31
leaf_value=-0.0032202749139343756 -0.034059417325479242 -0.01801983253011431 -0.034014297797086104 0.017995783564680335 -0.042488415824455547 0.0061005485501877087 0.0028920881339038339 -0.0016654504223116212 -0.013367967537598315 0.004403829882164134 -0.021645959308770658 0.0083216630105302693 -0.013776062524611762 -0.030956694169661906 0.0062198769124856348 0.0039667105219133971 -0.016614910197443718 0.0035194728456079834 -0.0015559460676132398 0.023542901243369274 0.00056630580169551501 -0.01333787609224696 -0.0048368580206366741 0.0069239130212748997 -0.017119118570973736 -0.0056668914398642625 -0.011049852576547463 -0.0052718785485721693 0.0021174760644937533 -0.0033198721870334202
leaf_weight=44232.971015065908 13517.365842692554 5638.6806034222245 3859.7836245372891 8957.2012733817101 1369.4568863511086 136549.3612164706 3025.5130053311586 21647.75619366765 22488.735680833459 82267.68174816668 1727.1984082534909 16003.831405192614 9931.5713237822056 1324.669613070786 11081.148081615567 92578.993100509048 8840.1194559335709 23794.115840151906 16548.175981506705 847.81652012467384 130432.5504463017 11939.146199300885 45800.203537762165 9647.5834541022778 6607.8805460780859 8283.5582684129477 10760.542451411486 12361.894199475646 123415.52648887038 29960.667279362679
leaf_count=96499 133569 26173 36111 8329 7458 224963 6827 52858 66749 136988 8857 29982 29204 9049 22687 160256 36536 56152 38256 656 258944 39277 141312 21111 25628 24452 30020 37214 231055 62434
internal_value=-7.23898e-06 0.000542858 -0.00613279 0.00176985 0.0015754 0.0034519 -0.027611 -7.50985e-05 -0.00384015 0.00363446 -0.0053336 -0.00134534 -0.00417761 -0.00750967 -0.00198031 0.00133231 -0.00720578 -0.00050873 0.0033024 -0.00626519 0.00205085 -0.00655793 -0.0054893 -0.00447997 -0.00639141 0.00110757 -0.00478625 0.000512419 9.78249e-05 0.00105504
internal_weight=915442 897574 139348 758226 749269 350619 17867.5 398650 108462 349250 135488 85973 53421 4350.18 43489.4 290188 97605 37883.2 32552 88764.9 212700 87917.1 75977.9 70339.2 52408.1 17931.1 32408.3 36156 197609 153376
internal_count=2059606 1910161 453479 1456682 1448353 628353 149445 820000 269756 620895 417368 203007 134769 15876 105565 550244 315145 102223 68238 278609 395932 277953 238676 212503 166940 45563 82878 93366 389988 293489
is_linear=0
shrinkage=0.03


Tree=55
num_leaves=31
num_cat=0
split_feature=87 97 97 40 40 77 39 92 30 87 30 92 87 87 92 92 87 87 97 40 89 87 97 39 87 97 87 33 92 92
split_gain=14854.2 8166.24 3761.28 3261.92 3015.48 2465.9 1847.19 1801.28 1640.95 1627.11 1501.81 1495.07 1460.07 1272.81 2339.44 954.155 933.827 933.131 1355.29 924.938 878.12 824.267 956.444 809.847 642.881 626.326 746.864 621.118 755.453 611.924
threshold=1.7999919056892397 1.3999969363212588 2.9998425245285039 179.50000000000003 142.50000000000003 0.53571277856826793 192.50000000000003 1.1249905228614809 15.500000000000002 0.99999535083770763 20.500000000000004 0.94736504554748546 1.9999099969863894 1.0588207244873049 1.3636317253112795 0.9999932348728181 0.79999899864196788 0.98076099157333385 1.0312456488609316 179.50000000000003 -0.44393049180507654 1.1957367062568667 1.8292622566223147 192.50000000000003 0.9999774992465974 1.8749922513961794 0.79999899864196788 6.5000000000000009 0.86841949820518505 0.62499824166297924
decision_type=2 2 2 10 10 2 10 2 2 2 2 2 2 2 2 2 2 2 2 8 2 2 2 10 2 2 2 2 2 2
left_child=1 3 4 5 6 -1 7 9 24 15 -2 17 -12 -10 21 16 27 29 -19 20 -13 22 -15 -22 -9 -17 -27 -3 -29 -7
right_child=10 2 -4 -5 -6 11 -8 8 13 -11 12 19 -14 14 -16 25 -18 18 -20 -21 23 -23 -24 -25 -26 26 -28 28 -30 -31
leaf_value=-0.0013988607731922245 -0.032263450471541541 -0.0096719615193280768 -0.033871555391359033 0.015258619579227077 0.013626774915722095 -0.0012371548942865834 0.022838998637168893 -0.026672299137366212 0.0052704745394699425 -0.015827740307457112 0.0013743011334336303 0.0065319404188378723 -0.036136038908625115 -0.0018600729041523191 0.0012490645368450418 0.0040990730919183531 -0.012522867296328472 -0.00056282251754396736 -0.014961876989859268 -0.0031674799454336419 0.0028844843438322085 -0.01786011435043066 -0.017044635974581817 0.019955848909817827 -0.0080053203498337971 0.011241773002676505 -0.012951947661453071 -0.0045070723336035259 0.0086735926965634345 0.0030804649952700922
leaf_weight=154921.62928238511 13388.846254207194 16321.1056561023 3766.6382273510098 16850.73193103075 8658.1332535892725 40660.070131033659 2201.5015424340963 1788.7935916855931 25092.873201474547 17798.6994830966 2721.8472704514861 124681.37649208307 1400.6785500347614 12878.010664179921 50625.607828453183 12280.952775090933 22446.322778940201 29519.284240230918 7327.9809541255236 14293.955227792263 154837.07280150056 7941.8526582270861 5240.898946210742 2522.7370119690895 21021.731730617583 1472.8265828043222 4992.1606932580471 23556.25091971457 4673.4313246458769 107939.3839417398
leaf_count=325980 133122 54893 36155 17760 10936 84286 1799 10404 55846 66016 6446 194368 10099 30321 115114 27873 79904 58558 19920 31335 270964 24787 18709 2172 72228 3769 17773 68986 11236 198330
internal_value=-4.16828e-05 0.000493225 -0.00420504 0.00223843 -0.00373468 0.00189338 -0.00438842 -0.00465314 -0.00222242 -0.00757699 -0.0273901 0.00295204 -0.0114832 -0.000591798 -0.00251089 -0.005861 -0.00753456 0.000839356 -0.00343299 0.00427402 0.00465136 -0.00981033 -0.00626616 0.00316067 -0.00949126 0.000121885 -0.00742256 -0.00501677 -0.00232041 0.00189906
internal_weight=913823 896312 242758 653554 238991 636703 230333 228132 124590 103542 17511.4 481782 4122.53 101779 76686.4 85743.1 66997.1 185447 36847.3 296335 282041 26060.8 18118.9 157360 22810.5 18745.9 6464.99 44550.8 28229.7 148599
internal_count=2060089 1910422 706749 1203673 670594 1185913 659658 657859 327409 330450 149667 859933 16545 244777 188931 264434 215019 361094 78478 498839 467504 73817 49030 273136 82632 49415 21542 135115 80222 282616
is_linear=0
shrinkage=0.03


Tree=56
num_leaves=31
num_cat=0
split_feature=87 40 30 18 92 30 24 40 87 30 24 96 38 24 92 87 92 87 69 92 87 92 87 38 24 18 30 24 92 24
split_gain=14313 5779.47 5375.87 2700.77 2222.75 1925.52 2292.85 1595.6 1492.44 1251.87 2861.56 1205.12 1035.62 1031.75 1036.4 1068.69 1103.58 887.821 869.415 856.572 850.693 1067.87 935.84 832.323 758.838 1082.1 702.849 788.612 701.087 697.007
threshold=1.7999919056892397 142.50000000000003 35.500000000000007 10.500000000000002 1.0909023880958559 12.500000000000002 24.500000000000004 201.50000000000003 1.0444650053977969 105.50000000000001 57.500000000000007 1.6983077526092532 134.50000000000003 2.5000000000000004 1.9285621643066408 1.4999831318855288 2.2499620914459233 1.9999839067459109 0.088235292583704009 1.4999848008155825 0.99999535083770763 0.85713458061218273 0.85713735222816478 150.50000000000003 16.500000000000004 13.500000000000002 20.500000000000004 12.500000000000002 1.2301363945007326 30.500000000000004
decision_type=2 10 2 2 2 2 2 10 2 2 2 2 10 2 2 2 2 2 2 2 2 2 2 10 2 2 2 2 2 2
left_child=1 2 5 -2 9 13 12 -3 -6 10 20 19 18 -1 23 -16 -17 -5 -7 -10 21 29 -23 -15 26 -26 27 -20 -13 -4
right_child=3 7 4 17 8 6 -8 -9 11 -11 -12 28 -14 14 15 16 -18 -19 24 -21 -22 22 -24 -25 25 -27 -28 -29 -30 -31
leaf_value=-0.035966758250116818 -0.033820403574007334 0.0072573723563611886 0.0019015986321161394 0.00078917226194533531 0.0092515154684885432 -0.0059724726736973526 -0.011922791476953295 0.01954465454966656 0.0032978847288242922 0.0034253546371289523 -0.011976895890764859 -0.0060436978883478976 0.01253980706273641 -0.007241872321387832 -0.038014988549441416 0.0085504821845067466 -0.027197552334928821 -0.035474111711602328 0.0004935042398761674 0.009712008665223518 -0.0028511555675974805 0.010005201880468157 0.0019858720704077977 0.015168824188397162 -0.0081309927531376218 0.0001258039946393235 0.0028319384128679052 -0.0072621028133382538 0.001380754738270114 -0.0028291531590059729
leaf_weight=1188.9739216119051 13036.424061231315 31438.343220308423 51721.612015157938 3345.1893420666456 40423.867807015777 34490.142029553652 19991.214579157531 13646.817451417446 98269.50336112082 81810.66181127727 19169.94035358727 16341.102340832353 4734.777127340436 44943.546135812998 1960.7047772929072 1512.9746815115213 1562.4917970597744 722.26692702621222 39928.649046212435 23147.378503978252 66408.631205752492 17817.058346219361 49337.72008498013 1524.4741183444858 25917.49857199192 31796.993557468057 61534.299368157983 16728.33514495194 38092.99904435128 61145.642824187875
leaf_count=9320 135237 50897 99254 7851 69375 88814 64908 11475 169859 136496 61889 37476 7394 151191 13606 4289 9696 6161 91283 35406 138644 32371 99460 2249 65797 80730 119127 50931 75192 134194
internal_value=-3.84233e-07 0.000518508 -3.58419e-05 -0.0271696 0.00166745 -0.00337162 -0.00220959 0.0109836 0.00405493 0.000181017 -0.000818491 0.00285944 -0.00130595 -0.00855392 -0.00790738 -0.0208119 -0.0096697 -0.00579224 -0.0016187 0.0045221 5.04277e-05 0.001121 0.00411585 -0.00650044 -0.000764471 -0.00358356 0.000612502 -0.00179814 -0.000849465 -0.000661325
internal_weight=913690 896586 851501 17103.9 563686 287815 235122 45085.2 216275 347411 265601 175851 215131 52693.2 51504.2 5036.17 3075.47 4067.46 210396 121417 246431 180022 67154.8 46468 175906 57714.5 118191 56657 54434.1 112867
internal_count=2060572 1911323 1848951 149249 1089616 759335 568984 62372 387308 702308 565812 317933 504076 190351 181031 27591 13985 14012 496682 205265 503923 365279 131831 153440 407868 146527 261341 142214 112668 233448
is_linear=0
shrinkage=0.03


Tree=57
num_leaves=31
num_cat=0
split_feature=87 97 40 97 18 72 39 31 40 24 51 39 24 18 24 18 39 24 18 87 40 40 24 32 97 24 98 97 98 26
split_gain=13827.1 6934.69 3827.26 3339.61 2658.53 2622.3 1967.76 1687.72 1543.56 1267.76 1194.21 1187.18 1030.54 960.276 965.297 912.551 901.683 868.612 1324.29 860.482 833.323 884.168 784.92 908.934 747.585 1113.35 957.57 742.195 579.565 758.828
threshold=1.7999919056892397 1.6199955940246584 201.50000000000003 2.9998425245285039 10.500000000000002 0.47222100198268896 169.50000000000003 8.5000000000000018 201.50000000000003 3.5000000000000004 12.39949941635132 192.50000000000003 53.500000000000007 37.500000000000007 43.500000000000007 29.500000000000004 17.500000000000004 33.500000000000007 22.500000000000004 1.9999839067459109 125.50000000000001 66.500000000000014 25.500000000000004 53.500000000000007 1.2558117508888247 73.500000000000014 1.1320738792419436 1.1162755489349367 1.4829397201538088 157.50000000000003
decision_type=2 2 10 2 2 2 10 2 10 2 2 10 2 2 2 2 10 2 2 2 10 8 2 2 2 2 2 2 2 2
left_child=1 2 5 8 -2 16 7 20 9 -3 -9 12 13 14 15 17 -1 18 22 -6 21 -7 23 -11 26 28 27 -12 29 -26
right_child=4 3 -4 -5 19 6 -8 10 -10 11 24 -13 -14 -15 -16 -17 -18 -19 -20 -21 -22 -23 -24 -25 25 -27 -28 -29 -30 -31
leaf_value=-0.0050066779483000394 -0.033696478020168591 -0.02871755045700804 0.018878869858091899 -0.033691836199754896 0.00073185787759662258 0.0010968914694380718 0.015963221710728049 0.0071372276681010201 0.020712925255694466 -0.0061811622667589773 0.0028267392356756153 0.023138439916088598 -0.013521207884201338 0.0088007253798950795 -0.015313358796070186 0.0048377270883924592 -0.00019839709140771528 -0.013525424238788216 0.0048886801403698948 -0.035237965714537439 0.0064773091279722488 -0.0027691165885921224 -0.013790874776274241 0.0015631962516852213 0.00081354792519685356 -0.019097515493244857 0.0068042491308114069 -0.0048886076772381663 0.0041140431857284009 -0.011738954310653957
leaf_weight=60365.709879532456 12734.640677884221 1988.389491699636 11450.051583945751 3638.5863025039434 3328.0157937258482 218920.98669304699 9318.5856995582581 71461.371081590652 2105.4509761333466 58870.088162153959 91125.721363529563 1345.1534037142992 11644.441548332572 4895.0502373576164 7273.4288487285376 9511.8383054435253 83832.172207355499 9454.4121808111668 13036.840259850025 709.61710851639509 20056.783907845616 70329.060124434531 8907.6889987885952 17741.901950612664 13513.327564060688 2817.3152231127024 53921.69210010767 12778.505979716778 18991.267800599337 6359.4592150002718
leaf_count=144613 135560 14680 9717 36173 7805 432849 10442 114688 1761 185472 151827 1069 46775 11283 26998 22961 174508 31642 30869 6204 33972 156345 29372 45937 27214 8966 82034 25024 37402 16419
internal_value=-8.34016e-06 0.000497319 0.00168327 -0.00537809 -0.0269795 0.00141445 0.00230135 0.00208141 -0.00467169 -0.00504394 0.0038099 -0.00471005 -0.00497833 -0.00420933 -0.00472097 -0.00406292 -0.00221171 -0.00484749 -0.00401245 -0.00573239 0.000567016 0.000156773 -0.00537019 -0.00438777 0.00261749 -0.00095562 0.00356114 0.00187712 0.00036866 -0.00321112
internal_weight=912428 895655 745242 150413 16772.3 733792 589594 580275 146775 144669 270969 142681 141336 129691 124796 117523 144198 108011 98556.5 4037.63 309307 289250 85519.7 76612 199507 41681.4 157826 103904 38864.1 19872.8
internal_count=2060581 1911012 1426020 484992 149569 1416303 1097182 1086740 448819 447058 463574 432378 431309 384534 373251 346253 319121 323292 291650 14009 623166 589194 260781 231409 348886 90001 258885 176851 81035 43633
is_linear=0
shrinkage=0.03


Tree=58
num_leaves=31
num_cat=0
split_feature=87 97 97 12 39 31 24 24 39 38 97 24 87 39 30 98 77 98 26 98 38 100 3 82 30 69 98 0 93 89
split_gain=13230.2 6454.24 3201.8 2474.19 2405.78 2232.62 1334.98 1309.35 1108.27 1084.78 1029.05 1431.9 1009.01 942.111 951 913.83 834.967 606.233 709.639 540.928 539.477 524.022 516.049 495.178 492.259 476.031 471.26 461.024 414.529 397.546
threshold=1.7999919056892397 1.6595696806907656 2.9998425245285039 9.5000000000000018 192.50000000000003 8.5000000000000018 4.5000000000000009 47.500000000000007 17.500000000000004 134.50000000000003 1.2352842688560488 71.500000000000014 1.9999839067459109 192.50000000000003 57.500000000000007 1.1079540848731997 0.53571277856826793 1.4829397201538088 166.50000000000003 2.4444322586059575 134.50000000000003 -0.87437105178832997 3.5000000000000004 0.61224293708801281 105.50000000000001 0.17255769670009616 1.5762676000595095 4.5000000000000009 1.0864861011505129 -0.73234781622886647
decision_type=2 2 2 2 10 2 2 2 10 10 2 2 2 10 2 2 2 2 2 2 10 2 2 2 2 2 2 2 2 2
left_child=1 4 6 -2 5 8 -3 13 9 16 15 17 -5 14 20 21 -1 18 -12 -9 22 -7 -8 -10 -20 -18 -13 -17 -25 -19
right_child=3 2 -4 12 -6 10 7 19 23 -11 11 26 -14 -15 -16 27 25 29 24 -21 -22 -23 -24 28 -26 -27 -28 -29 -30 -31
leaf_value=-0.0050669822694431729 -0.033548484028885266 -0.022643234294365728 -0.033559105143451028 0.00070132945865539436 0.017171159148353744 0.0039899089938033871 -0.0048457241875558294 -0.014269504005091848 -0.00087841909318216638 0.012122314262551274 0.0013456945931297707 -0.021332948408380219 -0.035000554277439401 0.022489935388519466 0.015617825864882775 0.004715910514260453 -0.0028530954009289185 0.0084109082429230462 -0.011676324803430898 0.0040754680820862454 0.020202682875055424 -0.00012731750639625544 0.00084837907425070955 0.0011749696288774108 0.0071837621810673562 0.00062882653130164707 -0.0026750674926909134 0.0094279104707163611 0.0041927454119054042 0.0012743093375248281
leaf_weight=54335.612556621432 12165.034996002913 3621.2834719568491 3537.6366859301925 3349.0162335038185 8786.8048481196165 121921.48772920668 94291.528057560325 13989.629841163754 61321.78665471077 5081.217153146863 23894.073410481215 3446.795579507947 884.71271780133247 1258.6291022598743 2297.3273727446795 37434.140498355031 57721.932677060366 13283.951703682542 7470.9299074411392 1604.4900133609772 816.92269377410412 36044.039015948772 16883.535952344537 115587.39564163983 1479.8103172332048 91061.436777293682 1888.3993089348078 37456.945276081562 63456.314024731517 14902.758398294449
leaf_count=133294 133326 22131 36104 7840 8318 200495 284086 55769 130232 8452 47490 10902 8000 1001 4062 61475 126537 25241 19530 4461 1200 64129 45038 232905 2358 184629 5094 51800 114386 30369
internal_value=3.8137e-06 0.000493428 -0.00546513 -0.0266824 0.00158276 0.00139914 -0.00472277 -0.00422455 6.02833e-05 -0.00154187 0.00340607 0.000110583 -0.0068887 -0.00312207 -0.00340801 0.00434523 -0.00188486 0.00141525 -0.00135437 -0.0123792 -0.00380101 0.00305056 -0.003981 0.00144805 -0.00854916 -0.00072222 -0.0147636 0.00707452 0.00224487 0.00464125
internal_weight=911276 894877 138301 16398.8 756576 747789 134763 131142 448566 208200 299223 66366.7 4233.73 115548 114289 232857 203119 61031.5 32844.8 15594.1 111992 157966 111175 240365 8950.74 148783 5335.19 74891.1 179044 28186.7
internal_count=2060654 1911488 453852 149166 1457636 1449318 417748 395617 930435 452912 518883 140984 15840 335387 334386 377899 444460 124988 69378 60230 330324 264624 329124 477523 21888 311166 15996 113275 347291 55610
is_linear=0
shrinkage=0.03


Tree=59
num_leaves=31
num_cat=0
split_feature=92 97 97 40 40 40 0 39 92 30 98 18 14 97 18 39 92 88 30 98 14 18 90 38 92 56 39 89 98 97
split_gain=8873.66 6205.29 3369.97 3037.73 2701.1 2306.83 1959.08 1921.91 1910.38 1764.08 1477.38 1213.36 1100.7 999.757 842.719 825.333 782.74 1177.98 837.137 721.527 702.138 670.657 668.606 690.543 655.273 573.278 558.383 550.228 544.661 1031.1
threshold=2.5714037418365483 1.3269196152687075 2.9998425245285039 142.50000000000003 inf 201.50000000000003 1.5000000000000002 192.50000000000003 1.1249905228614809 16.500000000000004 1.1320738792419436 1.5000000000000002 35.500000000000007 1.1320725679397585 2.5000000000000004 inf 1.4454341530799868 0.94117397069931041 61.500000000000007 0.78260689973831188 26.500000000000004 1.5000000000000002 -0.5148097276687621 134.50000000000003 1.0909023880958559 20.307782173156742 192.50000000000003 -0.56337755918502797 1.6153795719146731 1.6595696806907656
decision_type=2 2 2 10 8 10 2 10 2 2 2 2 2 2 2 8 2 2 2 2 2 2 2 10 2 2 10 2 2 2
left_child=1 4 3 7 5 6 11 8 12 14 13 -1 22 19 -10 26 17 -11 -19 -8 -15 -6 25 -24 -22 -3 -13 -12 -14 -30
right_child=-2 2 -4 -5 21 -7 10 -9 9 16 27 15 28 20 -16 -17 -18 18 -20 -21 24 -23 23 -25 -26 -27 -28 -29 29 -31
leaf_value=-0.032986196537161595 -0.033099600169346322 0.0020146857862553659 -0.033432809382451086 0.012682923086700108 -0.032325924541348021 0.017423543072419334 0.00080248563105467122 0.021791922406881197 -0.033293400335677209 0.0042975091358961465 0.0081614646734007607 0.00066466285563391463 -0.015998665714346345 0.0013505441924151064 -0.0071063122229101158 -0.0042852327414316261 0.0031708359886684083 -0.0068720046637005703 0.0015230076299937634 0.0044743679297593328 -0.012986325061314984 -0.0047417000952643552 -0.007432543884780575 0.021048901656857483 -0.00068641688358531225 -0.0052469405827764871 0.012742258606378431 0.0042901594481062596 -0.00052035325696840346 -0.015035130237959816
leaf_weight=985.76423304527998 7198.6898088082671 17931.032681763172 3289.7753667384386 10699.524823322892 789.26592011004686 9204.4891922995448 81473.931803502142 2637.9990467503667 1134.4340033605695 20033.744381070137 62753.486190706491 159003.44508209825 13421.321322113276 18765.55654566735 27485.734513506293 32860.039274767041 46301.879462040961 34889.658127970994 15400.182579830289 117819.26128596812 8341.2361279428005 42069.260828465223 55480.247169807553 758.1224073767662 7307.3469714745879 21494.6170739308 3501.6076133996248 69967.80765529722 8595.2999874800444 9017.943791218102
leaf_count=10616 79965 47604 34380 13995 9335 8703 148591 2226 11820 44454 96171 317234 44348 35935 97407 83320 100329 92703 32175 192536 19539 105307 172963 1159 12868 61948 3907 118488 22771 37453
internal_value=2.99247e-05 0.000294638 -0.00333445 -0.00298504 0.00199797 0.00254232 0.00229832 -0.00359645 -0.00384431 -0.00149556 0.00359394 -0.000119696 -0.00653624 0.00215813 -0.00816683 4.95001e-05 0.000142706 -0.00185139 -0.00430163 0.00297348 -0.00256259 -0.00526452 -0.00494178 -0.00704125 -0.0072509 -0.00194496 0.000926443 0.00612155 -0.0114448 -0.00796051
internal_weight=910613 903414 288572 285282 614842 571984 562779 274582 271944 145246 366429 196351 126699 233707 28620.2 195365 116625 70323.6 50289.8 199293 34414.1 42858.5 95664 56238.4 15648.6 39425.6 162505 132721 31034.6 17613.2
internal_count=2060250 1980285 817735 783355 1162550 1047908 1039205 769360 767134 378888 624128 415077 388246 409469 109227 404461 269661 169332 124878 341127 68342 114642 283674 174122 32407 109552 321141 214659 104572 60224
is_linear=0
shrinkage=0.03


Tree=60
num_leaves=31
num_cat=0
split_feature=87 97 40 97 92 12 39 97 40 94 92 87 24 92 87 92 40 87 92 92 87 97 98 92 87 39 34 100 87 92
split_gain=12382.8 6160.8 3550.15 3040.93 2456.61 2425.57 1601.14 1651.84 1339.35 1279.83 1163.57 2628.26 1069.08 1046.37 1281.52 1017.03 892.672 877.763 1564.52 731.128 906.184 825.599 723.211 699.918 1505.68 661.12 734.632 619.354 618.12 1008.31
threshold=1.7999919056892397 1.6199955940246584 152.50000000000003 2.9998425245285039 0.72413626313209545 9.5000000000000018 192.50000000000003 1.2558117508888247 201.50000000000003 -1.3277354240417478 1.1052591800689699 0.95346185564994823 3.5000000000000004 1.1999837756156924 0.99999713897705089 2.5714037418365483 201.50000000000003 1.1111055016517641 1.3070695400238039 0.96189993619918834 0.88888442516326915 1.0975589752197268 1.0056811571121218 0.86841949820518505 0.79999899864196788 141.50000000000003 3.5000000000000004 -0.72708776593208302 1.0333682894706728 1.0132490396499636
decision_type=2 2 10 2 2 2 10 2 10 2 2 2 2 2 2 2 10 2 2 2 2 2 2 2 2 10 2 2 2 2
left_child=1 2 4 8 25 -2 7 9 12 22 11 23 -3 14 -14 -7 -4 -12 -19 20 -11 -22 -6 24 -9 26 -1 -21 29 -13
right_child=5 3 16 -5 6 15 -8 10 -10 19 17 28 13 -15 -16 -17 -18 18 -20 27 21 -23 -24 -25 -26 -27 -28 -29 -30 -31
leaf_value=-0.0055248941954338 -0.033370030688883133 -0.026957650760018662 0.0076346738488153381 -0.03330608543006023 0.0031648821864709341 0.0027803837735176236 0.017893605842987281 0.0038293097046129781 0.019554263397537706 0.0031873414412290201 0.0057829214956941748 -0.013680471130972111 -0.0052972875195892557 -0.0020527837173481512 -0.016117352640014942 -0.029540775313160017 0.018081307834233781 -0.0086357223510434428 0.0025300943115798562 0.0042614522238613468 -0.0019638297137526068 -0.013106306409319854 0.007269708870361543 0.0042591508906755643 -0.014504893106016615 0.0076489199850824398 -0.0010054111004688491 0.00078009787093705782 -0.015944407261115665 0.00097482199029209882
leaf_weight=55824.733176127076 11626.222511611879 1917.5655306875706 21806.632946565747 3349.4248625636101 89826.636719226837 2972.7143742069602 5609.5370787978172 9865.6971505880356 2038.8105707466602 26906.381716087461 28988.473076529801 9221.0863259285688 55803.106654033065 74144.540823355317 11955.953530877829 1220.648447394371 11140.622718468308 15791.426120907068 39509.133408039808 89919.03791052103 35649.558906286955 7174.8033813089132 67833.514019325376 25353.569852367043 6789.6222088783979 5546.8212370276451 77029.382230818272 94148.028831660748 11732.396391317248 7779.696428835392
leaf_count=137136 133218 14645 34219 36034 156233 6798 5192 22075 1774 49853 51633 29516 181148 202427 49293 9068 9704 38577 76632 144747 71306 17842 107366 52820 20985 8752 157423 179913 36864 16975
internal_value=-3.12359e-05 0.000435304 0.00155186 -0.00512748 0.00110528 -0.0263242 0.00197292 0.00181464 -0.00447593 0.00280899 -0.000824429 -0.00366088 -0.00481926 -0.00451634 -0.00721066 -0.00672357 0.0111759 0.00155645 -0.000660345 0.00149008 -0.00112576 -0.00383589 0.00493169 0.0011219 -0.00365315 -0.002481 -0.00290502 0.00248106 -0.0106494 -0.00698082
internal_weight=908476 892656 743447 149209 710500 15819.6 572099 566489 145860 411458 155031 70742.1 143821 141904 67759.1 4193.36 32947.3 84289 55300.6 253798 69730.7 42824.4 157660 42008.9 16655.3 138401 132854 184067 28733.2 17000.8
internal_count=2060168 1911084 1425763 485321 1381840 149084 1078529 1073337 449287 727260 346077 179235 447513 432868 230441 15866 43923 166842 115209 463661 139001 89148 263599 95880 43060 303311 294559 324660 83355 46491
is_linear=0
shrinkage=0.03


Tree=61
num_leaves=31
num_cat=0
split_feature=87 97 40 97 18 39 34 51 40 92 97 87 92 92 24 39 24 18 24 87 87 92 87 30 51 39 31 38 92 92
split_gain=12046.5 6134.86 3451.09 2877.48 2450.83 2054.9 2302.36 1416.24 1275.62 1096.59 1742.19 1349.92 1092.53 1060.72 990.544 974.088 808.237 1564.54 1235.11 754.393 752.986 748.306 1467.03 821.218 732.739 774.618 725.486 725.102 723.111 702.52
threshold=1.7999919056892397 1.6595696806907656 164.50000000000003 2.9998425245285039 10.500000000000002 192.50000000000003 8.5000000000000018 11.027670860290529 179.50000000000003 1.1538438200950625 1.2352842688560488 1.0444650053977969 1.0588193535804751 0.72413626313209545 3.5000000000000004 192.50000000000003 3.5000000000000004 2.5000000000000004 2.5000000000000004 1.9999839067459109 0.92637640237808239 1.2499961256980898 0.99999713897705089 33.500000000000007 9.1570639610290545 70.500000000000014 22.500000000000004 150.50000000000003 1.3636317253112795 1.0434752106666567
decision_type=2 2 10 2 2 10 2 2 10 2 2 2 2 2 2 10 2 2 2 2 2 2 2 2 2 8 2 10 2 2
left_child=1 2 5 8 -2 6 13 -8 14 10 26 12 20 -1 -3 21 17 18 -15 -6 -12 22 29 -23 25 -18 -9 -27 -26 -16
right_child=4 3 -4 -5 19 -7 7 9 -10 -11 11 -13 -14 16 15 -17 24 -19 -20 -21 -22 23 -24 -25 28 27 -28 -29 -30 -31
leaf_value=-0.003541313195840703 -0.033282251074769016 -0.026852496463623907 0.012195242172727282 -0.033185345127229621 0.00010728265797954648 0.016623861708950707 0.0057039584001417854 0.0001258742709561667 0.015171904880307297 0.0045704691751304307 -0.0017691741975526386 -0.017818235209796408 0.0074629008531658251 -0.037410217134986802 -0.0070453926782400207 0.022596704458001583 0.003807891923288946 -0.046344102807819303 0.0072747674497974195 -0.034679349154958163 -0.012425455308337061 -0.0051832649851227966 -0.01568907413904394 0.0022737148861736098 -0.0036255950673737469 -0.00062164278669501127 0.0044709680479316947 0.013865416471615865 0.0025586973505420606 0.00073601771755463805
leaf_weight=93090.491847485304 11517.85187458992 1855.9468025788665 25955.056049868464 3267.9542646855116 3281.6100379526615 7542.2833096981049 97054.267227187753 93970.350487738848 2806.1042669564486 73309.213105931878 15761.178676649928 6532.3369142860174 7140.2975935637951 697.59251818805933 39196.468115761876 1130.8532862514257 74308.959910854697 949.16634334623814 2464.5516906380653 656.74835227429867 9592.4874626249075 39521.56605066359 14646.796306893229 20007.443009644747 61591.214888840914 103062.3870704025 54704.866944849491 3186.1487548500299 23493.149963259697 14226.526418402791
leaf_count=216510 135163 14578 32083 36113 7848 7244 164480 170174 2987 119699 37883 19496 12545 4411 134298 899 141716 4410 5786 6232 28166 119240 58006 47521 134258 222408 86590 4704 44052 40213
internal_value=-6.52026e-05 0.000390548 0.00145004 -0.00545757 -0.0263062 0.00106686 0.000903646 0.00261024 -0.0047734 0.00145952 0.00024414 -0.00539548 -0.00288868 -0.000780521 -0.00520425 -0.00488802 0.000172406 -0.0129949 -0.00275624 -0.00583954 -0.00580756 -0.0051351 -0.0072833 -0.00267708 0.000377158 0.00145871 0.00172503 -0.000184682 -0.00191781 -0.00497371
internal_weight=906522 891066 754406 136660 15456.2 728451 720909 358065 133392 261011 187702 39026.3 32494 362844 130586 128730 269753 4111.31 3162.14 3938.36 25353.7 127599 68069.8 59529 265642 180557 148675 106249 85084.4 53423
internal_count=2059713 1910470 1456615 453855 149243 1424532 1417288 639033 417742 474553 354854 98090 78594 778255 414755 400177 561745 14607 10197 14080 66049 399278 232517 166761 547138 368828 256764 227112 178310 174511
is_linear=0
shrinkage=0.03


Tree=62
num_leaves=31
num_cat=0
split_feature=87 40 30 24 18 30 92 24 24 30 98 40 51 34 26 38 87 87 24 30 18 24 92 18 92 24 30 18 98 61
split_gain=11326.1 4433.96 3720.53 2950.81 2683.57 2489.7 1439.21 1334 1258.94 3036.75 1151.13 1073.96 1013.59 936.135 871.243 866.691 851.482 788.888 739.052 950.382 724.484 1106.84 663.754 641.442 606.536 603.278 734.044 596.091 584.547 577.582
threshold=1.7999919056892397 152.50000000000003 59.500000000000007 36.500000000000007 10.500000000000002 20.500000000000004 1.1249905228614809 2.5000000000000004 21.500000000000004 39.500000000000007 2.9999164342880253 201.50000000000003 12.39949941635132 23.500000000000004 135.50000000000003 173.50000000000003 1.0960043072700503 1.9999839067459109 13.500000000000002 13.500000000000002 25.500000000000004 32.500000000000007 1.7999865412712099 12.500000000000002 1.3333277702331545 16.500000000000004 29.500000000000004 18.500000000000004 1.7971687912940981 16.787351608276371
decision_type=2 10 2 2 2 2 2 2 2 2 2 10 2 2 2 10 2 2 2 2 2 2 2 2 2 2 2 2 2 2
left_child=1 2 3 5 -2 7 12 -1 23 22 15 -3 -4 14 -14 18 -8 -6 19 28 21 27 -10 25 -18 -7 -27 -11 -9 -5
right_child=4 11 6 29 17 8 16 10 9 20 -12 -13 13 -15 -16 -17 24 -19 -20 -21 -22 -23 -24 -25 -26 26 -28 -29 -30 -31
leaf_value=-0.035979410574540759 -0.033172222246055691 0.006858070953562524 0.0033982326700418581 -0.0052300204662193194 0.0013589166128418911 0.0022022355494179611 0.0094048363300730416 -0.0033172883802286071 -0.0080431773545654346 -0.00042669232294672947 -0.020417235560318148 0.017626989968300002 -0.00017244859270472299 0.0016408055036932674 -0.0071619093340176123 0.015113642354954035 0.0013722502829222917 -0.034503441214691205 -0.009492658246500035 -8.0534370466521906e-05 0.0091162895310833939 -0.0074439889670152495 0.0051922308613136219 0.0048062397562773579 0.0070205554169871778 -0.0090744739555252366 0.00040536877720839196 0.0047593249677501939 -0.0095675716691435517 -0.013643962629151915
leaf_weight=1185.069789648056 11209.987733013928 23624.906910225749 103036.14994882047 11674.852737613022 3358.2032762020826 86266.230316251516 31673.851414054632 34325.188531376421 53075.89357803762 43680.730711340904 3835.639726229012 12898.613658621907 37664.962284147739 83183.601608231664 27951.270499303937 2130.0596938207746 45210.137508645654 640.34126771241426 19325.519390635192 49517.992436945438 9981.720594137907 13140.801545664668 3630.9607627317309 53397.409188598394 27522.065450891852 10549.804801955819 24136.672233879566 36688.271469965577 22179.068176470697 19939.26198117435
leaf_count=9825 135164 37429 189512 34956 7878 166401 49356 97606 151797 83989 31903 11525 73303 151633 66605 2771 78969 6212 60520 115112 18787 32208 9849 105293 42256 27630 46562 65484 83981 65826
internal_value=-2.93236e-06 0.000435313 -2.12459e-06 -0.00167486 -0.0256569 -0.00107422 0.00233931 -0.00455437 0.000304281 -0.0016155 -0.00426533 0.0106688 0.00111136 -0.00047242 -0.0031511 -0.00377621 0.00530043 -0.00452735 -0.00409957 -0.00311492 0.00144206 0.000621096 -0.00719418 0.00206822 0.00351093 0.000858868 -0.00248147 0.00194131 -0.00577317 -0.010542
internal_weight=906635 891427 854903 498661 15208.5 467047 356242 132499 334548 160198 131313 36523.5 251836 148800 65616.2 127478 104406 3998.54 125348 106022 103492 93509.8 56706.9 174350 72732.2 120953 34686.5 80369 56504.3 31614.1
internal_count=2060342 1911088 1862134 1210500 149254 1109718 651634 401718 708000 362114 391893 48954 481053 291541 139908 359990 170581 14090 357219 296699 200468 181681 161646 345886 121225 240593 74192 149473 181587 100782
is_linear=0
shrinkage=0.03


Tree=63
num_leaves=31
num_cat=0
split_feature=92 97 40 97 40 39 39 92 40 89 39 97 26 98 92 30 18 51 33 77 92 91 2 97 78 97 88 18 39 69
split_gain=7612.41 4681.99 2997.03 2765.25 2702.03 1931.38 1596.96 1538.83 1171.91 1096.35 893.753 877.307 753.761 821.128 720.296 1046.08 707.923 630.577 550.477 493.241 491.332 575.044 461.273 456.386 434.958 429.683 414.175 386.947 385.487 384.673
threshold=2.5714037418365483 1.6199955940246584 201.50000000000003 2.9998425245285039 201.50000000000003 inf 192.50000000000003 0.96189993619918834 201.50000000000003 -0.44393049180507654 141.50000000000003 1.1162755489349367 97.500000000000014 1.4829397201538088 1.4999848008155825 12.500000000000002 1.5000000000000002 15.30145311355591 8.5000000000000018 0.84065631031990062 0.62499824166297924 0.79878208041191112 9.5000000000000018 2.2499577999114995 1.0293288826942446 2.2499577999114995 0.85714265704154979 34.500000000000007 169.50000000000003 0.21177207678556445
decision_type=2 2 10 2 8 8 10 2 10 2 10 2 2 2 2 2 2 2 2 2 2 2 2 2 2 2 2 2 10 2
left_child=1 2 4 8 5 6 7 11 10 24 14 20 -13 26 17 -16 -6 18 -3 -11 -1 29 -7 -20 -9 -17 -14 -26 -18 -22
right_child=-2 3 -4 -5 16 22 -8 9 -10 19 -12 12 13 -15 15 25 28 -19 23 -21 21 -23 -24 -25 27 -27 -28 -29 -30 -31
leaf_value=-0.0011283697525503534 -0.032198930828379151 -0.0072758858324654318 0.016803226410449641 -0.033023422478204216 -0.031991138010229209 -0.0043111320268439503 0.016139368958689573 0.003598718871099341 0.018456014305205017 -0.00070837993990702751 0.014019657236881269 -0.0001976156619298482 -0.0059947696397206901 0.0015526000009395947 -0.011186119287982601 0.0034706906427740937 -0.005295274626657907 -0.0092730102047107101 -0.003270117004098059 0.0026178944871731585 0.0010048669755118836 -0.00052673054338094483 0.0038277058209440495 0.0059410994932736268 0.0048204283413207693 -0.0041890798584821422 -0.014409263927551067 0.009381864565175627 0.0091822165172887917 0.0052442722559739282
leaf_weight=55318.158869341016 6556.3197119012475 30902.871402665973 10848.816510632634 3008.7167050912976 859.93967168033123 58342.571304738522 7072.927493058145 88293.314960196614 2031.8941018283367 57939.643677547574 2318.8682482987642 48267.917554110289 13674.852849081159 8832.5653455704451 7605.3596232607961 22168.589337021112 55498.390481732786 34941.708171777427 31639.343549787998 130399.08794022352 30131.444405853748 43805.792856000364 7005.6680794581771 5696.076176032424 38938.379739940166 9357.3537616431713 8596.4000729471445 29461.104533284903 1688.5254313722253 53439.730725161731
leaf_count=112843 79902 108733 10410 34462 11394 152381 7206 152336 1841 117291 2916 109482 32612 20993 34848 51339 146126 117729 97860 235982 56530 82407 13509 15821 65696 27435 23151 43315 2485 91434
internal_value=-3.96353e-05 0.00019585 0.00116454 -0.00464752 0.000934065 0.00146482 0.00198654 0.00182113 -0.00406098 0.0031374 -0.00437982 8.80542e-05 -0.00254499 -0.00618526 -0.00468156 -0.00121505 -0.00527749 -0.00599575 -0.00431539 0.00159465 0.00123213 0.00225728 -0.0034377 -0.00186238 0.00499129 0.00119595 -0.00925266 0.0067873 -0.00486475 0.00371637
internal_weight=904642 898086 748415 149671 737566 679520 614171 607098 146662 345032 144630 262067 79371.7 31103.8 142311 39131.3 58046.9 103180 68238.3 188339 182695 127377 65348.2 37335.4 156693 31525.9 22271.3 68399.5 57186.9 83571.2
internal_count=2060469 1980567 1487583 492984 1477173 1317168 1151278 1144072 458522 614620 456681 529452 186238 76756 453765 113622 160005 340143 222414 353273 343214 230371 165890 113681 261347 78774 55763 109011 148611 147964
is_linear=0
shrinkage=0.03


Tree=64
num_leaves=31
num_cat=0
split_feature=92 97 40 97 77 92 97 24 24 24 92 14 40 97 40 24 90 95 39 39 18 39 18 98 39 63 92 97 40 32
split_gain=7421.91 4766.24 3240.07 2528.26 2477.67 1487.31 1810.01 1388.98 1375.41 1126.39 1038.57 1015.69 912.173 906.955 870.54 806.966 783.179 748.879 734.324 732.667 721.258 704.525 695.683 664.295 653.707 650.293 642.495 598.958 552.831 551.029
threshold=2.5714037418365483 1.7368384003639223 201.50000000000003 2.9998425245285039 0.53571277856826793 1.0434752106666567 1.1739061474800112 2.5000000000000004 5.5000000000000009 3.5000000000000004 1.9285621643066408 35.500000000000007 179.50000000000003 2.8333215713500981 201.50000000000003 53.500000000000007 -0.46715462207794184 -0.92027482390403736 192.50000000000003 192.50000000000003 2.5000000000000004 123.50000000000001 39.500000000000007 1.4999937415122988 123.50000000000001 0.20970761775970462 1.3999965190887453 1.2352842688560488 142.50000000000003 18.500000000000004
decision_type=2 2 10 2 2 2 2 2 2 2 2 2 10 2 8 2 2 2 10 10 2 10 2 2 10 2 2 2 10 2
left_child=1 2 4 9 7 6 17 -1 10 -3 20 21 13 15 16 22 -10 -6 26 25 -7 28 24 -13 29 -9 27 -18 -8 -11
right_child=-2 3 -4 -5 5 8 11 19 14 12 -12 23 -14 -15 -16 -17 18 -19 -20 -21 -22 -23 -24 -25 -26 -27 -28 -29 -30 -31
leaf_value=-0.035994089648789286 -0.03215591002204659 -0.027366869435796217 0.016848056667147369 -0.032915114688038996 0.0038232359283991105 -0.034475302411107134 -0.0022031587214803726 -0.0040327618521164453 0.006374274060179738 -0.0099103653082755778 -0.041009887389837844 -0.011906873712102398 0.014803085722742672 0.024496486266387733 -0.0031563005914472704 -0.014502230378562842 0.0029023634414455223 0.00023323553513987294 0.018812564089609012 0.012665172949539482 -0.00030883848066103433 0.016831170747655028 0.01210668233922082 -0.0024601257545475591 0.013679954518903612 -0.00047071190240104605 0.00531900430047531 -0.0016357324825308983 0.015732116617232832 -0.0039718841586972222
leaf_weight=1068.9572136700153 6414.4190240427852 1938.4871691614389 11442.152535907924 2938.307172127068 92130.898827269673 641.28817109018564 57775.391574054956 92266.248466715217 85430.577119708061 17164.780785061419 900.85678607970476 16461.302292048931 2161.360622510314 923.44766514003277 16140.294637657702 7544.7852995246649 77934.950905919075 120921.00724619627 2541.9051783978939 2991.9172113090754 3497.3634409159422 1880.7665310949087 2245.3411275148392 11309.199831411242 1689.1051991209388 92232.192688085139 54559.854315087199 39391.4135479182 1569.4725854247808 77822.175646476448
leaf_count=10569 80150 16005 10944 34563 156209 6524 144655 229724 138211 65242 6884 44197 2332 2778 38316 32347 132039 234905 2316 3412 9056 2503 4843 31041 2371 196853 98508 85335 2154 235484
internal_value=-5.08753e-05 0.000179286 0.00101502 -0.00553926 0.000779816 0.00174651 0.000284955 -0.00220937 0.00331719 -0.004812 -0.0121847 -0.00330779 -0.00440797 -0.0047973 0.0036011 -0.00505594 0.00402103 0.00178589 0.00286786 -0.00201294 -0.00574331 -0.0011484 -0.00433268 -0.00806434 -0.00471691 -0.00225231 0.00262991 0.00137871 -0.00172369 -0.00504687
internal_weight=903930 897516 783088 114428 771646 583087 302048 188559 281039 111489 5039.51 88996.1 109551 107390 275999 106466 259859 213052 174428 187490 4138.65 61225.6 98921.4 27770.5 96676.1 184498 171886 117326 59344.9 94987
internal_count=2060470 1980320 1584355 395965 1573411 1132853 615664 440558 517189 361402 22464 224550 345397 343065 494725 340287 456409 391114 318198 429989 15580 149312 307940 75238 303097 426577 315882 217374 146809 300726
is_linear=0
shrinkage=0.03


Tree=65
num_leaves=31
num_cat=0
split_feature=87 97 97 40 18 40 92 39 92 87 92 24 24 94 30 39 39 69 24 18 92 87 97 87 92 87 92 87 89 38
split_gain=10991.3 4572.33 3057.66 2445.55 2213.57 1939.63 1758.63 1647.88 1573.78 1952.47 2358.38 1592.36 1189.19 1051.82 901.151 749.008 742.551 702.563 679.56 1098.67 715.07 953.641 881.727 672.843 1263.18 654.479 1166.69 644.631 613.995 644.073
threshold=1.7999919056892397 1.3269196152687075 2.9998425245285039 133.50000000000003 10.500000000000002 164.50000000000003 0.83027687668800365 192.50000000000003 1.3070695400238039 1.0333682894706728 1.0434752106666567 5.5000000000000009 53.500000000000007 -1.3277354240417478 35.500000000000007 169.50000000000003 141.50000000000003 0.16666664928197863 3.5000000000000004 2.5000000000000004 1.0909023880958559 1.0714268684387209 1.0645115375518801 1.3133904933929446 1.9285621643066408 1.2380926012992861 1.5789417624473574 1.9999839067459109 -1.5345449447631834 134.50000000000003
decision_type=2 2 2 10 2 10 2 10 2 2 2 2 2 2 2 10 10 2 2 2 2 2 2 2 2 2 2 2 2 10
left_child=1 5 3 7 -2 6 16 8 9 10 12 23 28 -8 -13 18 17 -1 19 -15 21 -20 -23 -10 -25 -16 -27 -6 -3 -30
right_child=4 2 -4 -5 27 -7 13 -9 11 -11 -12 14 -14 15 25 -17 -18 -19 20 -21 -22 22 -24 24 -26 26 -28 -29 29 -31
leaf_value=-0.0041119323642628 -0.032985575381455405 -0.00054051547775310063 -0.032809235558946687 0.011065761733073805 -0.00087554584361053585 0.010895318655727704 0.0047657230924410968 0.020892914504954528 -0.037633963005839752 -0.010354106347818718 0.0033965924583880753 -0.0016030799716220585 -0.01398103060276687 -0.0028857671161024809 0.008557584835472979 0.011587499713313158 0.0084750234771882715 2.2833230877510316e-05 0.0012866005859343234 -0.04583026422780144 0.0029414796738717408 -0.0023208906849038714 -0.015348492062458927 0.0090160401293680522 -0.036111595087108393 -0.0089337104545835436 0.0074483746221306957 -0.034203528019115137 -0.0063762679287733461 0.022559757277193331
leaf_weight=53148.800148531795 10596.057853847742 27672.564547985792 2980.9861048907042 11674.439225196838 3210.8347344696522 20930.700662173331 144045.53625401855 2564.6018893271685 1216.593594647944 43371.38111166656 37104.609921187162 53042.522876158357 12887.280025810003 2319.3552680462599 18061.286852583289 6522.125729739666 7366.8674813956022 121507.00808960199 84947.298161625862 678.58027492463589 135928.7067412585 21793.144082173705 5936.4133205860853 1315.3337939977646 942.13043684512377 6995.9874677360058 8825.2461502999067 604.05760056525469 54747.672385178506 682.0571299046278
leaf_count=118878 135408 76371 36105 16192 7834 26769 239333 2165 9572 132753 89347 141112 48901 7290 33439 8187 11428 245070 153500 3086 236431 43213 15409 4522 7161 16876 16000 6208 170840 1006
internal_value=3.10296e-05 0.000452516 -0.00268705 -0.00236531 -0.0259408 0.00192647 0.00160477 -0.00294806 -0.00317872 -0.00482749 -0.00302525 4.01467e-05 -0.00550779 0.00271209 0.000838145 0.00156579 -0.000841823 -0.00123573 0.0013051 -0.0128455 0.00147676 -0.000290415 -0.00511892 -0.0198172 -0.00996926 0.00465853 0.000202251 -0.00630362 -0.00419073 -0.0060122
internal_weight=903620 889209 284085 281104 14411 605125 584194 269429 266865 176466 133094 90399.1 95989.6 402171 86925 258126 182023 174656 251603 2997.94 248606 112677 27729.6 3474.06 2257.46 33882.5 15821.2 3814.89 83102.3 55429.7
internal_count=2060406 1910956 802362 766257 149450 1108594 1081825 750065 747900 519218 386465 228682 297118 706449 207427 467116 375376 363948 458929 10376 448553 212122 58622 21255 11683 66315 32876 14042 248217 171846
is_linear=0
shrinkage=0.03


Tree=66
num_leaves=31
num_cat=0
split_feature=87 97 40 97 12 77 39 69 24 90 39 87 24 40 38 97 40 40 93 39 68 12 20 100 88 38 97 40 97 99
split_gain=10286.5 4633.45 2804.04 2549.84 2242.07 1818.31 1428.35 1628.51 973.204 860.535 835.568 824.01 757.434 715.547 658.381 659.303 637.485 614.274 578.953 572.237 685.388 548.334 538.955 494.486 570.715 494.001 470.543 468.368 438.079 425.314
threshold=1.7999919056892397 1.69999235868454 152.50000000000003 2.9998425245285039 9.5000000000000018 0.53571277856826793 154.50000000000003 0.17255769670009616 3.5000000000000004 -0.70199698209762562 192.50000000000003 1.9999839067459109 47.500000000000007 201.50000000000003 134.50000000000003 1.2352842688560488 201.50000000000003 66.500000000000014 1.3646629452705386 192.50000000000003 0.24734012782573703 11.500000000000002 104.50000000000001 -1.0455460548400877 1.0841803550720217 134.50000000000003 2.3854792118072514 107.50000000000001 1.2352842688560488 -0.66268199682235707
decision_type=2 2 10 2 2 2 10 2 2 2 10 2 2 10 10 2 10 8 2 10 2 2 2 2 2 10 2 10 2 2
left_child=1 2 5 8 -2 19 7 14 -3 -9 12 -6 16 -4 15 21 22 18 23 20 -1 -7 25 -11 -25 -10 -14 -19 -26 -20
right_child=4 3 13 -5 11 6 -8 9 10 17 -12 -13 26 -15 -16 -17 -18 27 29 -21 -22 -23 -24 24 28 -27 -28 -29 -30 -31
leaf_value=-0.0039019808901292999 -0.032865215148579319 -0.026197447017657697 0.0067417942289968958 -0.032705935609853048 0.0002941408572447631 -0.0020829006723448169 0.012392200808352349 0.0055106836954105518 -0.0045235801408550803 0.0038564832309300697 0.021190667173925037 -0.034054323755607352 -0.012271408210506271 0.016177953883742782 0.013647531556842363 -0.0041715467004690473 0.016791337141417846 -0.0022898812849629028 0.0068713527695112315 0.012201050856343107 -0.0001215819459044402 0.0022173011531571385 0.0032503796293222218 0.0019324309687535008 -0.00034209815791754573 0.019518933743406162 0.013010229970996153 0.0036771290118233586 -0.0073106765131076496 0.0021619588511280568
leaf_weight=84906.193958379328 10132.383544325829 1782.2620869353414 21970.100641354918 2896.3056517466903 3253.5582029670477 54386.99049705267 11069.979306340218 72553.994502544403 92839.913119718432 60724.451566338539 1155.6841878145933 759.00080876797438 12654.734005510807 10805.657277666032 2678.8881472051144 49163.475751422346 1373.3665376901627 46642.137769252062 40273.646302595735 2579.5838012546301 87772.216608740389 52361.898530974984 9276.4869176894426 82742.452035807073 26041.129286810756 756.23050621151924 683.2938147187233 15844.641305141151 11778.592900842428 30236.362927362323
leaf_count=200812 133435 14784 34682 36040 7826 113133 14391 126711 288979 104063 941 8047 51714 10012 4170 119229 1289 100887 63635 2799 183045 87550 24482 162575 47361 1216 1593 28587 30419 56079
internal_value=3.4386e-06 0.00040804 0.00127878 -0.00498519 -0.0253602 0.000894127 0.00173334 0.00151657 -0.0043137 0.00256612 -0.00398088 -0.00633976 -0.00423184 0.00986072 -0.00104353 -0.00129767 -0.00336921 0.00188605 0.00254672 -0.00177054 -0.00198065 2.64317e-05 -0.00364157 0.00164926 0.000537074 -0.00432519 -0.0109587 -0.000776147 -0.00251511 0.00485304
internal_weight=902096 887951 764532 123418 14144.9 731757 556499 545429 120522 386837 118740 4012.56 117584 32775.8 158591 155912 104246 314283 251797 175258 172678 106749 102873 181287 120562 93596.1 13338 62486.8 37819.7 70510
internal_count=2060486 1911178 1490140 421038 149308 1445446 1058790 1044399 384998 720317 370214 15873 369273 44694 324082 319912 315966 593606 464132 386656 383857 200683 314677 344418 240355 290195 53307 129474 77780 119714
is_linear=0
shrinkage=0.03


Tree=67
num_leaves=31
num_cat=0
split_feature=87 97 40 97 12 92 40 87 92 97 87 87 92 97 97 87 24 92 92 40 87 87 40 61 92 87 87 97 39 95
split_gain=9890.5 4334.14 2789.51 2455.93 2240.92 2099.7 1528.92 1451.54 1323.89 2262.2 1298.55 1234 1304.75 1314.62 1008.21 1882.7 972.419 971.54 924.752 813.838 797.064 766.657 735.997 726.428 697.377 817.162 585.748 562.831 556.945 535.878
threshold=1.7999919056892397 1.7368384003639223 142.50000000000003 2.9998425245285039 9.5000000000000018 0.83027687668800365 66.500000000000014 0.86956349015235912 1.071426570415497 1.1999675631523135 0.99999827146530162 1.0960043072700503 1.3999965190887453 1.3269196152687075 1.0645115375518801 0.79999899864196788 3.5000000000000004 0.9999774992465974 0.74999296665191661 201.50000000000003 1.9999839067459109 1.0714268684387209 201.50000000000003 22.763094902038578 1.1999837756156924 0.88888442516326915 0.73684036731719982 0.99999290704727184 154.50000000000003 -0.55584219098091114
decision_type=2 2 10 2 2 2 8 2 2 2 2 2 2 2 2 2 2 2 2 10 2 2 10 2 2 2 2 2 10 2
left_child=1 2 5 16 -2 14 7 -7 9 21 17 29 13 -13 -1 18 -3 -11 26 -4 -6 -9 23 -18 25 -25 -16 -23 -8 -10
right_child=4 3 19 -5 20 6 28 8 11 10 -12 12 -14 -15 15 -17 22 -19 -20 -21 -22 27 -24 24 -26 -27 -28 -29 -30 -31
leaf_value=-0.00018141042813900413 -0.032772280449280086 -0.026473191145131209 0.0063047830517470342 -0.032605832381916486 0.0002993327308806065 0.0086479056089925118 -0.0018466361329010062 0.0035534479821135545 0.0089318494802023071 -0.0066679919653188438 -0.013007057255275246 0.0017520489018959971 0.0056144683188739551 -0.006933891899353917 -0.0027402549529834943 -0.013808963316924721 -0.0023905773807516547 0.0040721265827362088 0.0050278888176934497 0.015916261316071618 -0.033898770191749285 0.000340626884040482 0.017620866696728524 -0.0062588209188711901 -0.0038679041309047494 -0.019187772847557596 -0.012620028123962488 -0.0096046073957414685 0.0096016369532400912 0.003403662796212206
leaf_weight=133236.24761155248 9861.2582241781056 1742.3921308740973 29484.839860364795 2823.6855628713965 3265.0543742030859 33099.954732567072 101745.94635106623 91469.96696126461 44090.060178816319 17995.011557072401 14548.47112506628 74913.497029051185 59081.331985734403 19812.910303592682 40714.340658411384 15567.479494482279 67315.010964393616 13069.334319353104 12839.657135382295 10854.30270896107 735.17305544018745 19928.164028972387 1379.0287260711193 10157.212996646762 21491.967752113938 7782.7129651010036 6210.8166655600071 6872.2432555705309 3954.1710234880447 24629.497871220112
leaf_count=267230 133401 14677 47791 36103 7806 58493 221738 151605 67969 50287 44854 128570 102034 49519 101104 45588 209227 26447 26317 10144 7993 36728 1246 34119 61353 33343 17558 15121 5640 44743
internal_value=2.53479e-05 0.000418658 0.00121889 -0.00507767 -0.0251016 0.00079653 0.0018078 0.00262026 0.00210351 5.72714e-05 -0.00561691 0.00361035 0.00211659 -6.57767e-05 -0.00174995 -0.00452336 -0.00436438 -0.00214972 -0.00210085 0.00889761 -0.00612306 0.00224619 -0.00400327 -0.00428588 -0.00751853 -0.0118828 -0.00405272 -0.00221482 -0.00141663 0.00695208
internal_weight=900672 886810 774118 112692 13861.5 733779 525211 419510 386410 163883 45612.8 222527 153808 94726.4 208569 75332.3 109868 31064.3 59764.8 40339.1 4000.23 118270 108126 106747 39431.9 17939.9 46925.2 26800.4 105700 68719.6
internal_count=2058748 1909548 1519480 390068 149200 1461545 1003748 776370 717877 325042 121588 392835 280123 178089 457797 190567 353965 76734 144979 57935 15799 203454 339288 338042 128815 67462 118662 51849 227378 112712
is_linear=0
shrinkage=0.03


Tree=68
num_leaves=31
num_cat=0
split_feature=87 97 97 18 40 40 0 92 87 92 24 24 39 63 30 87 97 98 97 26 69 87 92 92 39 89 26 87 40 24
split_gain=9221.04 4194.5 2690.66 2581.16 1927.08 1687.46 1656.33 1424 1584.08 1679.19 1450.05 1288.82 1103.02 964.784 929.724 1016.91 915.207 890.23 813.357 893.571 760.985 713.222 1259.34 674.095 644.403 568.43 539.081 527.346 516.054 493.922
threshold=1.7999919056892397 1.3999969363212588 2.9998425245285039 10.500000000000002 201.50000000000003 125.50000000000001 3.5000000000000004 1.3070695400238039 1.0588207244873049 1.0588193535804751 41.500000000000007 3.5000000000000004 192.50000000000003 0.26768259704113012 21.500000000000004 0.99999123811721813 1.9999649524688723 1.1842096447944643 1.1538341641426089 268.50000000000006 0.11907437071204187 1.1538441777229311 1.5789417624473574 2.5714037418365483 115.50000000000001 -0.44393049180507654 65.500000000000014 1.2564764618873598 201.50000000000003 8.5000000000000018
decision_type=2 2 2 2 10 10 2 2 2 2 2 2 10 2 2 2 2 2 2 2 2 2 2 2 10 2 2 2 8 2
left_child=1 4 5 -2 6 7 12 8 9 10 -3 -9 13 24 15 -13 -11 18 -8 -20 -15 -16 27 -5 -1 -19 -12 -23 -22 -7
right_child=3 2 -4 23 -6 29 17 11 -10 16 26 14 -14 20 21 -17 -18 25 19 -21 28 22 -24 -25 -26 -27 -28 -29 -30 -31
leaf_value=-0.0018458385196918987 -0.032700546211316704 -0.0035372782345946645 -0.032507924645943098 0.0038405300503599788 0.015403342356479364 -0.0051208036462926428 0.003065136142486873 -0.03346003162082082 -0.011496512089825496 0.0052755672607948294 0.0039513458678047076 -0.038536626065829575 0.013192663215090368 -0.002038936583491132 0.0086342583035539811 -0.0030326926483411234 -0.0054612324889436329 0.0082350591386424841 -0.0010016547694166778 -0.019509999093071433 0.0030721485941194874 -0.00021955417846363298 0.0058138925158948826 -0.024315289413109283 0.0031195908639674915 0.0032120382822827822 -0.014159974102488411 -0.010634480082392279 -0.0032826637871249142 0.012278561604398185
leaf_weight=192315.97222095728 9764.8317837268114 61993.746528074145 2740.4776459783316 2838.2260894402862 8952.4613908827305 1767.861172683537 110627.81652233005 1006.8524611517787 27633.23984529078 24006.643135994673 1596.3798320293427 725.68581952154636 5885.3119082599878 40287.695261672139 13724.940759271383 27930.873983487487 10150.906119257212 45657.828493490815 18856.009791135788 2661.9598987400532 146952.33624812961 9116.190943479538 19837.508981361985 1025.7737702876329 26781.940735682845 36534.112556964159 18872.960831344128 8395.3881906718016 12461.143666476011 8376.31350928545
leaf_count=408924 135399 189768 36003 6195 8486 3788 179585 10789 90449 53617 4855 3519 6173 81973 27353 84622 33059 69002 35894 6934 266190 20814 40912 7789 50300 61711 73507 22107 28336 11339
internal_value=-3.12372e-05 0.000345787 -0.00306115 -0.0245018 0.00159655 -0.00271522 0.00140265 -0.00325511 -0.00504044 -0.00350897 -0.0058254 -6.48054e-05 0.000317542 0.000135988 0.000365201 -0.00395803 0.00208349 0.00355243 0.00202714 -0.00330729 0.00164412 0.00279147 0.000640911 -0.0037207 -0.00123865 0.00600366 -0.012745 -0.00521911 0.00257505 0.0092422
internal_weight=899479 885851 237876 13628.8 647975 235135 639022 224991 144254 116621 82463.1 80737.4 424684 418799 79730.6 28656.6 34157.5 214338 132146 21518 199701 51074 37349.1 3864 219098 82191.9 20469.3 17511.6 159413 10144.2
internal_count=2059392 1910009 706501 149383 1203508 670498 1195022 655371 445255 354806 268130 210116 841896 835723 199327 88141 86676 353126 222413 42828 376499 111186 83833 13984 459224 130713 78362 42921 294526 15127
is_linear=0
shrinkage=0.03


Tree=69
num_leaves=31
num_cat=0
split_feature=87 97 18 97 39 92 87 24 97 92 24 97 87 92 87 92 24 87 92 24 98 56 87 92 0 87 87 87 87 92
split_gain=8765.88 3851.46 2680.68 2306.18 1765.1 1711.29 1334.83 1909.99 1264.5 2864.83 1196.51 1126.19 2071.82 1136.86 1075.13 1112.92 972.984 1004.61 2357.82 968.508 818.404 782.174 703.335 684.174 683.646 678.684 669.625 651.536 608.113 748.939
threshold=1.7999919056892397 1.7906786799430849 10.500000000000002 2.9998425245285039 192.50000000000003 0.93103229999542247 0.95346185564994823 7.5000000000000009 1.1538341641426089 1.1052591800689699 5.5000000000000009 1.1739061474800112 0.86956349015235912 0.7894708812236787 1.0333682894706728 1.0132490396499636 4.5000000000000009 1.1538441777229311 1.3636317253112795 3.5000000000000004 0.96428108215332042 20.307782173156742 1.9999839067459109 1.1999837756156924 5.5000000000000009 0.79999899864196788 1.2158356308937075 0.73684036731719982 0.99999713897705089 0.54545119404792797
decision_type=2 2 2 2 10 2 2 2 2 2 2 2 2 2 2 2 2 2 2 2 2 2 2 2 2 2 2 2 2 2
left_child=1 4 -2 19 5 11 7 10 20 14 -7 28 13 27 15 -10 -11 -18 26 -3 -8 -21 -4 25 -22 -23 -19 -13 29 -1
right_child=2 3 22 -5 -6 6 8 -9 9 16 -12 12 -14 -15 -16 -17 17 18 -20 21 24 23 -24 -25 -26 -27 -28 -29 -30 -31
leaf_value=-0.0019580504314377586 -0.032606452794125614 -0.026802711594505486 0.0022293384777806024 -0.03241687988060489 0.01468229354057678 -0.051430302901415141 0.0013882999782354379 0.007363298185607858 -0.0099827016948840167 -0.023461796466543453 -0.0039831419644520173 -0.0017943108235251304 -0.012022126535024552 0.0047847148480462476 -0.012260802425187607 0.0024652199330974355 0.0050474166380839076 -0.0020395154730245427 0.0034305139138547159 -0.0018566816798069633 0.0035195223799389485 -0.0049521222233056784 -0.033639395923244102 -0.0038666818370445893 0.0090065378626163518 -0.017767815397121026 -0.011702979019579491 -0.010464161212508821 -0.0039395873098029008 0.0021265679923784986
leaf_weight=56545.351015001535 9477.5612372234464 1675.0343647226691 3339.9686761945486 2681.6705638766289 8562.6251025944948 759.77073611319065 119267.79676000774 57301.962321221828 11345.648646458983 1336.7077027112246 1247.0733052194118 35171.326459482312 20276.592727079988 20578.908680528402 19053.47306163609 14975.131993174553 58988.376250252128 11453.170579388738 55104.904982641339 60967.794111073017 73230.125621661544 6542.3663450330496 556.61026888713241 20513.243667215109 28356.666636362672 8661.3891783952713 14794.317096441984 10009.086930528283 25753.015012294054 141365.20059812069
leaf_count=120224 135114 14747 7804 36185 8612 3250 212994 99479 32918 6485 3047 89592 63085 44760 55566 30928 106216 24586 104216 188862 124920 21455 6224 59084 38600 36519 38557 29242 54280 262322
internal_value=7.86529e-05 0.000442585 -0.0240096 -0.00507007 0.00115183 0.00100233 0.00214862 0.0063532 0.001537 -0.000277996 -0.0222764 -0.000727 -0.00364343 -0.00105702 -0.00683676 -0.002904 0.00182321 0.00206735 -9.41916e-05 -0.00431805 0.00307409 -0.00392305 -0.00303998 -0.00744725 0.00505262 -0.0122668 -0.00749106 -0.00371877 0.000395078 0.000959465
internal_weight=899893 886519 13374.1 101041 785477 776915 467215 59308.8 407906 187052 2006.84 309699 86035.9 65759.3 45374.3 26320.8 141677 140341 81352.4 98359.8 220855 96684.8 3896.58 35717 101587 15203.8 26247.5 45180.4 223664 197911
internal_count=2059873 1910731 149142 356852 1553879 1545267 881762 105776 775986 399472 6297 663505 226679 163594 119412 63846 280060 273575 167359 320667 376514 305920 14028 117058 163520 57974 63143 118834 436826 382546
is_linear=0
shrinkage=0.03


Tree=70
num_leaves=31
num_cat=0
split_feature=87 40 97 18 97 92 92 87 92 24 95 39 87 92 87 40 87 92 30 98 30 92 97 92 87 92 97 24 17 97
split_gain=8291.38 3543.87 3544.84 2708.01 2526.18 1733.05 1500.84 2160.35 1369.55 1253.3 1042.64 916.262 853.01 1880.82 920.218 815.377 785.017 818.761 1083.9 773.799 696.672 650.499 646.001 636.594 919.752 931.164 627.244 659.608 618.706 611.718
threshold=1.7999919056892397 152.50000000000003 1.3269196152687075 10.500000000000002 2.9998425245285039 0.72413626313209545 1.1249905228614809 0.96662816405296337 0.9999932348728181 4.5000000000000009 -0.60345482826232899 192.50000000000003 1.0833312869071963 1.3999965190887453 1.2380926012992861 201.50000000000003 0.79999899864196788 0.7894708812236787 7.5000000000000009 1.1842096447944643 53.500000000000007 2.5714037418365483 2.1428411006927495 1.2301363945007326 0.99999123811721813 1.3636317253112795 1.1320725679397585 69.500000000000014 30.585141181945804 1.8292622566223147
decision_type=2 10 2 2 2 2 2 2 2 2 2 10 2 2 2 10 2 2 2 2 2 2 2 2 2 2 2 2 2 2
left_child=1 2 5 -2 6 -1 7 8 16 -8 19 23 20 14 29 -3 17 -4 -19 26 -11 -5 -15 -12 25 -25 -7 -28 -9 -14
right_child=3 15 4 21 -6 10 9 28 -10 12 11 -13 13 22 -16 -17 -18 18 -20 -21 -22 -23 -24 24 -26 -27 27 -29 -30 -31
leaf_value=-0.001932699595729559 -0.03252300863451122 0.00627627160535499 -0.0050263060960809552 0.0045282626678959841 -0.032310452008546986 0.0030563158912175195 -0.022646101340885644 -0.0077786143109586378 0.004530779734695985 0.00073749795867366871 -0.0012688878827295334 0.014306733396199254 -0.0016377195474630677 0.0030102569648726971 -0.015161016033269538 0.015827718628484522 -0.0091114639084157942 -0.027271727480241873 0.0049448201675262628 0.0058437671973559629 0.0091565650466308539 -0.023400764549210511 -0.0039617403597132809 0.0026370695784244868 0.0028566670145738224 -0.043261416179238975 -0.00031214976921756812 -0.016306971320889221 -0.016284655391161921 -0.012211193661485133
leaf_weight=121776.3304092139 9239.3078401684761 23649.283399790525 36657.434226006269 2896.8416829481721 2584.5987486019731 154386.52568154037 2249.8939770013094 15988.537093326449 18581.49387396872 26474.093665122986 115986.49116107821 4156.8875688463449 19794.58950792253 50664.248857587576 9496.1740138828754 12210.468756347895 23473.349922031164 980.33009231835604 15582.21108622849 77333.743663266301 13267.835422575474 990.91535129025578 15636.578681409359 794.6578556895256 69268.488323569298 772.24981582164764 28738.506717652082 2504.3349483013153 14947.338638871908 6538.8386743962765
leaf_count=258634 135318 37474 111291 6272 35920 260123 17140 54209 44470 66537 232265 4209 45630 110164 29568 11540 78778 5728 39523 125423 24762 7707 48099 1503 123632 4313 55192 5989 55907 23242
internal_value=-5.10408e-05 0.000300472 -8.99813e-05 -0.0237002 -0.00290596 0.00124498 -0.00262246 -0.00501086 -0.0027731 -0.000530487 0.00209748 0.000410301 -0.000176622 -0.00162771 -0.00716373 0.00953561 -0.00454343 -0.00252597 0.00300734 0.00332269 0.00355139 -0.00267365 0.00136526 9.95996e-05 0.0023401 -0.0202441 0.00227188 -0.00160386 -0.0118964 -0.00427049
internal_weight=897623 884496 848636 13127.1 272918 575718 270333 126211 95274.8 144122 453942 190979 141872 102130 35829.6 35859.8 76693.3 53220 16562.5 262963 39741.9 3887.76 66300.8 186822 70835.4 1566.91 185629 31242.8 30935.9 26333.4
internal_count=2060562 1911265 1862251 149297 790968 1071283 755048 389906 279790 365142 812649 365922 348002 256703 98440 49014 235320 156542 45251 446727 91299 13979 158263 361713 129448 5816 321304 61181 110116 68872
is_linear=0
shrinkage=0.03


Tree=71
num_leaves=31
num_cat=0
split_feature=87 97 18 97 40 40 3 92 87 24 92 39 100 87 87 92 24 92 24 87 98 90 87 97 92 92 87 87 87 97
split_gain=8008.37 3337.04 2587.3 2536.2 1895.74 1525.28 1516.3 1379.78 1855.33 1162.75 1095.92 995.21 966.801 903.815 896.412 1979.76 1081.54 714.007 796.935 747.008 701.022 624.583 614.46 582.512 568.203 565.487 878.096 643.756 550.033 503.577
threshold=1.7999919056892397 1.3269196152687075 10.500000000000002 2.9998425245285039 142.50000000000003 201.50000000000003 2.5000000000000004 1.1379284262657168 0.99999535083770763 3.5000000000000004 0.9999932348728181 169.50000000000003 -0.82043972611427296 0.85713735222816478 1.1111055016517641 1.3999965190887453 14.500000000000002 0.83027687668800365 6.5000000000000009 0.66665667295455944 1.1578919887542727 -0.87314853072166432 1.2158356308937075 1.1162755489349367 0.66666167974472057 1.4999493956565859 1.0714268684387209 0.86956349015235912 0.76190313696861278 2.2499577999114995
decision_type=2 2 2 2 10 10 2 2 2 2 2 10 2 2 2 2 2 2 2 2 2 2 2 2 2 2 2 2 2 2
left_child=1 5 -2 4 7 6 11 8 10 -9 13 12 -1 17 16 22 25 19 28 -3 23 -14 -16 -8 -23 27 -27 -11 -19 -17
right_child=2 3 -4 -5 -6 -7 20 9 -10 14 -12 -13 21 -15 15 29 -18 18 -20 -21 -22 24 -24 -25 -26 26 -28 -29 -30 -31
leaf_value=0.0016632795603620796 -0.032439466104066526 -0.0017353325848444596 -0.0029824559778851736 -0.032239813719732051 0.01047010684891672 0.014423621029464219 0.0031532937474238079 -0.033188079956109666 -0.012134753835544377 -0.028561988802497044 0.0024512518358698306 0.0095688194695434867 0.0032302688752865881 -0.01021198651212879 -0.004992980815433961 0.002161391297950599 0.0055440445467264867 -0.038082883585694442 0.0039887593525900645 -0.0098064327010298317 0.0060666438302797356 -0.0048726492580346012 -0.013994084028650771 -0.0027728570807072769 -0.00096601810371035261 -0.043840989094164638 -0.0022431474313726386 0.00097632289793726215 0.00087337267432633292 -0.0046105141789836044
leaf_weight=190354.41246776283 8983.9579904973507 25248.033836439252 3829.1689803004265 2534.5810831189156 10202.251408435404 8060.4891345053911 87599.679791674018 957.97991698980331 25621.417124077678 726.95440830290318 24301.343918919563 10215.424237474799 24753.246450901031 20726.900106459856 17032.535123184323 52409.40891815722 34849.31132081151 694.65497189760208 16143.903100669384 17448.655145555735 67050.337529540062 42959.319443851709 11412.208163499832 17977.446680545807 152112.1355908066 814.86075648665428 1013.3616058975458 5971.8415342718363 598.48883807659149 12159.130972474813
leaf_count=344278 135236 74535 13979 36113 13635 7889 144159 10886 90909 2836 60311 13396 44865 73513 44870 119058 74904 4732 42083 55627 105048 102558 34895 34821 311103 4052 2760 16229 1851 38434
internal_value=-0.0001264 0.000215952 -0.0236547 -0.00248352 -0.00221025 0.00147737 0.00130093 -0.00269348 -0.00489863 -0.000593311 -0.00313366 0.000328784 9.82074e-05 -0.00481231 -0.000359538 -0.00202033 0.00320104 -0.00294837 0.0021652 -0.00503676 0.00366804 -0.00125708 -0.00861157 0.00214387 -0.00182676 -0.00636522 -0.0210576 -0.00230466 -0.0203146 0.000885117
internal_weight=894763 881950 12813.1 280868 278333 601082 593022 268131 130783 137348 105162 420395 410179 80860.6 136390 93013.3 43376.3 60133.7 17437 42696.7 172627 219825 28444.7 105577 195071 8527.02 1828.22 6698.8 1293.14 64568.5
internal_count=2059565 1910350 149215 802233 766120 1108117 1100228 752485 403561 348924 312652 816200 802804 252341 338038 237257 100781 178828 48666 130162 284028 458526 79765 178980 413661 25877 6812 19065 6583 157492
is_linear=0
shrinkage=0.03


Tree=72
num_leaves=31
num_cat=0
split_feature=92 30 40 97 97 92 51 3 18 92 18 98 39 94 39 97 38 40 86 92 30 40 68 46 92 38 30 52 88 92
split_gain=5852.87 3351.62 2507.86 2056.63 1795.95 1455.06 1413.66 1353.33 927.475 925.221 1207.89 795.276 772.635 807.481 727.886 711.608 578.884 574.067 563.795 555.719 541.767 509.602 508.133 545.233 506.09 488.511 488.27 498.427 481.298 695.272
threshold=2.5714037418365483 13.500000000000002 164.50000000000003 1.3749957084655764 2.8333215713500981 1.3333277702331545 16.358696937561039 1.5000000000000002 1.5000000000000002 1.9285621643066408 4.5000000000000009 1.1320738792419436 123.50000000000001 -1.2723951339721677 154.50000000000003 1.1320725679397585 173.50000000000003 201.50000000000003 1.5241003036499026 1.1999837756156924 57.500000000000007 201.50000000000003 0.22222221642732623 9.2279305458068865 0.74999296665191661 150.50000000000003 75.500000000000014 6.3452510833740243 0.92205563187599193 0.93103229999542247
decision_type=2 2 10 2 2 2 2 2 2 2 2 2 10 2 10 2 10 10 2 2 2 10 2 2 2 10 2 2 2 2
left_child=1 4 3 7 8 6 14 12 -1 17 -11 15 13 24 28 22 19 25 -8 -15 -7 -4 -9 -24 -3 -10 -13 -28 29 -5
right_child=-2 2 21 5 -6 20 18 11 9 10 -12 26 -14 16 -16 -17 -18 -19 -20 -21 -22 -23 23 -25 -26 -27 27 -29 -30 -31
leaf_value=-0.03158237426126171 -0.031208649067938916 -0.00079624157758230495 0.0066045537759949697 -0.0031409745378008242 -0.03230303277147982 0.00057124015978580317 -0.0053963951723023677 0.00038427482610282611 -0.0047098224652620474 -0.037514302278258034 -0.0073650322539010014 0.0025383884770997333 0.0054568394189854095 -0.002856176563270107 0.018042774584250472 -0.0035576485414085218 0.019386800952760248 0.01311400373792871 -0.011924954005086967 0.00094217336067399841 0.008888378964001277 0.015463532008351794 0.009285602410881345 0.0028005830870593356 0.0026228020180787668 0.0098540942720037866 0.0097564543099940802 0.0043049452426214422 -0.0045432182304022345 0.0038358175220910232
leaf_weight=1163.0698289461434 5332.8266565576196 61944.469055235386 14039.488438010216 28829.813211791217 2267.980740211904 60174.884236469865 33529.301558643579 51213.439726762474 54309.600794054568 1674.3906634673476 4112.7116771489382 37201.258827522397 23900.998343527317 117840.84248507023 1662.3134254217148 19825.62794829905 1155.6971517950296 1768.2224918976426 18500.364118821919 49099.82231926918 7964.4065107405186 10060.480921797454 15526.453447237611 46901.905889622867 104972.36548798531 2136.793973647058 28890.313889876008 31705.59970767796 36019.905884750187 23167.828355669975
leaf_count=19246 80250 127299 21703 86690 32435 148419 102436 91282 178614 17049 16528 67943 41683 251822 1720 40129 1392 1904 59989 96609 13420 9760 22919 77826 189031 3802 41381 50429 106031 60179
internal_value=6.75752e-05 0.000255348 0.000781555 0.000494196 -0.006174 -0.00205653 -0.00378859 0.00140119 -0.00525497 -0.00476682 -0.0161873 0.00319075 0.000247983 -0.000123938 -0.00150564 0.00168443 -0.00159151 -0.00362634 -0.00772147 -0.00173904 0.00154571 0.0103125 0.00259942 0.00441592 0.00135402 -0.00415521 0.00524572 0.00690642 -0.00187885 -3.21478e-05
internal_weight=896893 891560 824128 800028 67432.8 209849 141710 590179 65164.8 64001.7 5787.1 231265 358914 335013 89679.9 133467 168096 58214.6 52029.7 166941 68139.3 24100 113642 62428.4 166917 56446.4 97797.2 60595.9 88017.5 51997.6
internal_count=2059920 1979670 1710092 1678629 269578 578884 417045 1099745 237143 217897 33577 391909 707836 666153 254620 232156 349823 184320 162425 348431 161839 31463 192027 100745 316330 182416 159753 91810 252900 146869
is_linear=0
shrinkage=0.03


Tree=73
num_leaves=31
num_cat=0
split_feature=87 24 97 97 40 40 92 92 87 92 87 40 92 30 90 92 87 97 30 87 92 87 97 87 92 87 51 11 98 95
split_gain=7586.38 4072.45 3377.5 2582.7 1564.03 1560.7 1539.48 1250.13 1449.35 1210.22 1364.75 1007.28 974.738 984.593 800.493 819.374 965.5 1040.89 729.589 765.682 621.639 617.824 781.03 614.469 896.393 673.288 605.91 580.086 561.787 526.908
threshold=1.9999099969863894 2.5000000000000004 1.3999969363212588 2.9998425245285039 152.50000000000003 118.50000000000001 0.74999296665191661 1.3333277702331545 1.0960043072700503 1.0434752106666567 0.79999899864196788 66.500000000000014 0.7894708812236787 7.5000000000000009 -0.68413794040679921 1.1999974250793459 1.1111055016517641 1.04761677980423 25.500000000000004 0.99999535083770763 1.1538438200950625 0.99999123811721813 1.8292622566223147 1.1538441777229311 1.5789417624473574 1.2564764618873598 11.027670860290529 35.319068908691413 1.0056811571121218 -0.46715462207794184
decision_type=2 2 2 2 10 10 2 2 2 2 2 8 2 2 2 2 2 2 2 2 2 2 2 2 2 2 2 2 2 2
left_child=1 -1 4 5 6 7 -3 8 9 10 12 14 -4 -14 28 16 26 -18 19 -9 -19 29 -23 -20 25 -25 -16 -12 -8 -11
right_child=-2 2 3 -5 -6 -7 11 18 -10 21 27 -13 13 -15 15 -17 17 20 23 -21 -22 22 -24 24 -26 -27 -28 -29 -30 -31
leaf_value=-0.034448563621049741 -0.032612725424459553 -0.0016549207862553261 -0.0053237720412116704 -0.032386428987560834 0.0083599071084073315 0.0085568752658826616 0.0022273850287528748 -0.025911376298435897 -0.011595611969329336 0.0084229102328685079 -0.0077928112151616803 -0.00073102526517498077 -0.025671886039429697 0.005862590502794857 0.0044627723463908434 0.0041791044057548059 -0.00012523573856603929 -0.014556377583532553 0.0093154266586881543 -0.0021385763232780858 -0.0013917607345479671 0.0010956681555794837 -0.010206883399715035 0.0014845256626478431 0.0056299903836581761 -0.011537755187484672 0.0003084039467287219 -0.016809015640873875 0.0064612775696832681 -0.0011966688414779463
leaf_weight=3023.0255204290152 6368.1404652558267 139311.94479235262 29344.997537687421 2597.3328914865851 28068.175910528749 11088.856671981514 48181.916548907757 1245.5024494081736 22396.476728633046 12108.438132092357 25952.109947934747 101375.05363905802 929.02450641989708 14665.198213741183 50167.843973487616 83383.61404107511 30761.175217259675 9202.3415742069483 10106.516651213169 33660.501921884716 4973.8825757354498 16696.681684985757 8184.75726737082 7542.4394510537386 16124.633780434728 6763.3858352005482 85305.264345571399 8555.7761130779982 68114.276278540492 8866.6760544478893
leaf_count=44709 94344 304017 93349 37372 40179 17325 82856 5200 74021 27446 91067 207389 5653 37868 88968 138628 57234 23216 19537 100910 9502 40053 29538 16543 32551 17868 154625 34687 109744 23960
internal_value=-3.68544e-05 0.000197303 0.000316333 -0.00274997 0.00143559 -0.0024186 0.00112225 -0.00296473 -0.00456937 -0.00331187 -0.00555134 0.00192586 -0.00210418 0.00395345 0.00263448 0.00172013 0.000583285 -0.00322637 0.000177164 -0.00300118 -0.0099459 0.000568771 -0.00262752 0.00291414 0.000783427 -0.00467955 0.00184726 -0.0100367 0.00470785 0.00435922
internal_weight=895066 888698 885675 236829 648845 234232 620777 223143 147700 125304 79447.1 481465 44939.2 15594.2 380090 263794 180411 44937.4 75443 34906 14176.2 45856.6 24881.4 40537 30430.5 14305.8 135473 34507.9 116296 20975.1
internal_count=2060359 1966015 1921306 704948 1216358 667576 1176179 650251 457642 383621 262624 872162 136870 43521 664773 472173 333545 89952 192609 106110 32718 120997 69591 86499 66962 34411 243593 125754 192600 51406
is_linear=0
shrinkage=0.03


Tree=74
num_leaves=31
num_cat=0
split_feature=87 24 40 30 39 38 51 24 30 34 40 34 26 39 24 18 18 40 87 98 40 93 93 78 30 24 33 69 38 63
split_gain=7357.01 3949.48 3012 2347.1 1751.74 1755.03 1578.27 1160.64 1094.07 1067.65 1035.65 927.044 890.974 890.351 777.303 1345.06 626.014 557.101 510.344 598.037 471.075 461.7 458.133 442.109 431.763 931.184 428.885 410.471 391.14 389.27
threshold=1.9999099969863894 2.5000000000000004 125.50000000000001 35.500000000000007 154.50000000000003 173.50000000000003 12.39949941635132 24.500000000000004 15.500000000000002 24.500000000000004 201.50000000000003 11.500000000000002 97.500000000000014 192.50000000000003 16.500000000000004 13.500000000000002 20.500000000000004 63.500000000000007 1.7999919056892397 0.3214270174503327 81.500000000000014 1.2999970912933352 1.7192332148551943 1.071427643299103 83.500000000000014 45.500000000000007 1.0000000180025095e-35 0.071428570896387114 134.50000000000003 0.33333332836627966
decision_type=2 2 10 2 10 10 2 2 2 2 10 2 2 10 2 2 2 8 2 2 8 2 2 2 2 2 2 2 10 2
left_child=1 -1 3 4 5 7 11 8 18 12 -4 13 20 22 17 -16 -9 26 19 -3 29 24 27 -11 25 -14 -10 28 -5 -8
right_child=-2 2 10 6 -6 -7 9 16 14 23 -12 -13 21 -15 15 -17 -18 -19 -20 -21 -22 -23 -24 -25 -26 -27 -28 -29 -30 -31
leaf_value=-0.0343508589965957 -0.032525557084563131 0.0053410165315629582 0.0049386361755552419 -0.0031989215061019888 0.0097260998564485373 0.025061066042894306 -0.0011400836892288748 -0.015226035713396735 -0.013444104127790447 0.00021373882919537753 0.014887179346156366 0.0054942301454799529 -0.0041523859948814799 0.018165708851935962 -0.0084944897397396645 0.00011475609022998753 -0.0043974906664256313 -0.0020879436917409272 -0.028803196475758224 -0.0060035982026819716 -0.0057970194029466375 -0.0008096267541926734 0.0065119539189875848 0.0039191703920461738 -0.0032235804309677534 -0.015738039804396167 0.0026818800619462574 0.0015413397986270871 0.014372146187776515 0.0028556859859022597
leaf_weight=2938.1744708865881 6184.7042476050556 4445.399094697088 46739.408536884934 27000.985692575574 10393.146358415484 1997.2614424601197 46157.558984212577 10162.824980512261 1502.6946251429617 68750.018276587129 11787.951556451619 78595.052486255765 16733.137290090322 2838.7493053078651 29533.378740698099 36507.854787021875 9140.544269323349 46097.624355778098 822.15294612944126 66990.088082194328 11090.151841543615 24884.367551699281 13825.03008261323 50079.640960454941 29692.32993914187 9960.1755559742451 59533.542440403253 127456.67289765924 1170.8518033325672 41793.149098388851
leaf_count=44652 94154 11853 80789 59581 14688 2321 94184 35056 4384 128965 11613 134610 39210 2560 78010 96274 29731 105916 10738 237232 23832 50999 23571 86227 59619 36005 125223 258063 1654 78340
internal_value=2.81552e-05 0.000255453 0.000371029 -9.441e-05 -0.00234568 -0.00281675 0.00103992 -0.00302895 -0.00247137 -0.000431796 0.00694677 0.00279458 -0.00188667 0.00156258 -0.00117726 -0.00373667 -0.0101084 0.000400855 -0.00557169 -0.00529633 2.37549e-05 -0.00421426 0.00128232 0.00177575 -0.00571599 -0.00848393 0.00228059 0.000816981 -0.00245897 0.000758877
internal_weight=894805 888620 885682 827154 277127 266733 550028 264736 245433 299141 58527.4 250887 180311 172292 173175 66041.2 19303.4 107134 72257.6 71435.5 99040.9 81270 169454 118830 56385.6 26693.3 61036.2 155629 28171.8 87950.7
internal_count=2060054 1965900 1921248 1828846 751426 736738 1077420 734417 669630 597381 92402 480039 382189 345429 409807 174284 64787 235523 259823 249085 196356 185833 342869 215192 134834 75215 129607 319298 61235 172524
is_linear=0
shrinkage=0.03


Tree=75
num_leaves=31
num_cat=0
split_feature=24 97 39 97 0 18 24 24 38 33 56 68 38 98 69 97 26 24 18 97 82 18 18 39 100 94 24 98 30 24
split_gain=5056.52 3986.83 2284.14 2344.08 1343.13 1203.57 2539.55 1129.18 919.548 912.638 885.054 766.551 730.49 675.972 656.251 582.895 893.293 544.554 878.291 743.562 515.668 500.895 484.057 454.639 408.496 404.568 404.504 400.361 375.004 837.699
threshold=3.5000000000000004 2.9998425245285039 192.50000000000003 1.3999969363212588 3.5000000000000004 2.5000000000000004 2.5000000000000004 71.500000000000014 173.50000000000003 4.5000000000000009 19.099018096923832 0.19999999552965167 123.50000000000001 1.1842096447944643 0.11907437071204187 1.1538341641426089 268.50000000000006 32.500000000000007 24.500000000000004 2.062482595443726 0.61224293708801281 24.500000000000004 48.500000000000007 45.500000000000007 -0.82043972611427296 -1.3850182890892027 29.500000000000004 0.83783727884292614 55.500000000000007 51.500000000000007
decision_type=2 2 10 2 2 2 2 2 10 2 2 2 10 2 2 2 2 2 2 2 2 2 2 10 2 2 2 2 2 2
left_child=5 2 3 4 11 6 -1 8 9 -5 22 12 20 15 -13 24 -17 19 -19 21 -2 26 -11 -22 27 -15 -12 -6 -20 -30
right_child=1 -3 -4 7 13 -7 -8 -9 -10 10 17 14 -14 25 -16 16 -18 18 28 -21 23 -23 -24 -25 -26 -27 -28 -29 29 -31
leaf_value=-0.033798374490321505 -0.0045528513131045077 -0.032124700924347584 0.015099254758939333 -0.0061319159595321906 0.0012746372565968613 -0.040634894479502297 0.001076727347683252 -0.017385367983570942 0.027137952042963487 0.00047359613378063274 0.00076141568571001718 -0.0017300860369537808 0.009289126464627746 0.0082857845728505439 0.0020437200940326347 -0.00045434139149173723 -0.018967994870390355 -0.022584139864869929 -0.0088285772710745957 -0.0083251848527450406 -0.0019336791063413474 0.013416139708771969 0.018735406517180909 0.0019231312327935026 -0.00012356753331960971 0.0037710391623736708 -0.01091827179749323 0.0056630434688812207 0.0029680842797406345 -0.008138584867739997
leaf_weight=3581.9730527885258 42474.946898758411 3391.2671187408268 9355.0508218593895 43134.714696757495 31977.292161852121 2249.5538221336901 3926.454461183399 4405.094029173255 945.22272640839219 93564.412898484617 31505.410860709846 52575.440338913351 5616.6902442015707 26371.801146164536 196118.86459739506 19135.909801475704 2653.4377274811268 2664.9590368270874 13507.481476716697 10442.644991502166 88956.933969855309 2585.1208265498281 1304.8499402999878 39798.854309838265 33501.741287253797 55518.447214782238 2895.5325827002525 45126.621282473207 12181.756236836314 12229.564785480499
leaf_count=58863 101837 54838 9713 146862 54003 21422 19195 19573 1112 252784 78199 108992 10647 40112 372100 36235 6932 10166 43170 34309 198603 4301 2623 77742 58946 91707 8756 67836 26882 41720
internal_value=7.60259e-06 0.000244931 0.000370323 0.000211818 0.00114759 -0.0214476 -0.0156064 -0.00237586 -0.00208303 -0.00220763 -0.00128147 0.00017217 -0.00133766 0.00308444 0.00124584 0.00175884 -0.0027242 -0.00344788 -0.00599807 -0.00126413 -0.00168729 0.000732908 0.000728669 -0.000741412 0.00264233 0.00522663 -0.000227438 0.00384384 -0.0048211 -0.00259823
internal_weight=893698 883940 880549 871194 639827 9757.98 7508.43 231367 226962 226016 182882 425542 176847 214285 248694 132395 21789.3 88012.5 40583.8 47428.7 171231 36986.1 94869.3 128756 110606 81890.2 34400.9 77103.9 37918.8 24411.3
internal_count=2060180 1960700 1905862 1896149 1225692 99480 78058 670457 650884 649772 502910 869921 388829 355771 481092 223952 43167 247503 121938 125565 378182 91256 255407 276345 180785 131819 86955 121839 111772 68602
is_linear=0
shrinkage=0.03


Tree=76
num_leaves=31
num_cat=0
split_feature=87 24 97 97 40 92 87 92 97 87 92 87 87 97 92 31 18 94 24 92 97 30 24 18 39 18 32 20 24 18
split_gain=7044.8 3683.03 3048.88 2173.8 2090.07 1644.21 1153.97 1854.74 2398.8 1320.12 1412.12 1030.25 781.426 1329.89 944.312 708.861 669.94 598.214 548.839 1004.51 691.567 644.338 542.518 788.923 511.117 504.996 498.047 470.697 470.642 1423.47
threshold=1.9999099969863894 2.5000000000000004 1.7368384003639223 2.9998425245285039 164.50000000000003 0.85713458061218273 0.9999774992465974 1.1538438200950625 1.1320725679397585 1.0960043072700503 1.0292097330093386 0.66666367650032055 0.79999279975891124 1.04761677980423 0.69230568408966076 14.500000000000002 49.500000000000007 -1.5882335305213926 43.500000000000007 1.2499961256980898 2.2499577999114995 49.500000000000007 7.5000000000000009 6.5000000000000009 115.50000000000001 46.500000000000007 323.50000000000006 11.500000000000002 4.5000000000000009 3.5000000000000004
decision_type=2 2 2 2 10 2 2 2 2 2 2 2 2 2 2 2 2 2 2 2 2 2 2 2 10 2 2 2 2 2
left_child=1 -1 4 18 5 12 11 8 16 10 26 27 14 -14 -3 28 -8 -13 21 20 -20 22 23 -4 -24 -21 -10 -7 29 -9
right_child=-2 2 3 -5 -6 6 7 15 9 -11 -12 17 13 -15 -16 -17 -18 -19 19 25 -22 -23 24 -25 -26 -27 -28 -29 -30 -31
leaf_value=-0.034162528528090257 -0.032429937358790899 -0.0013968298604831583 -0.0077541003966603806 -0.032190970417943894 0.0095235264216691849 -0.040579056816828427 0.00027276751727832248 0.0019534852619194965 -0.0081673530026797354 -0.01385164733604626 0.00051716435526972626 0.0069049004339129683 -0.0012538074752750856 -0.0093339816803230339 0.0043081188760713332 0.0065285018232069851 0.0080489177165961635 0.0027359508774759214 -0.016163559018343571 -0.0023784230010304437 0.012315336182311487 0.011251417673640825 -0.0028037832093447987 -0.043311606612233967 0.013731908303089558 0.021830879797541936 -0.021604457738130432 -0.0040753239531737956 0.0021167358972367578 -0.045761946124733811
leaf_weight=2774.2391278631985 5965.8253762573004 106627.1123649776 9022.5219154879451 2440.280919060111 25053.325189940631 631.70985293388367 102748.66050231084 2275.5323535650969 12186.976670145988 15849.858851268888 26429.976721465588 50240.599213853478 63547.047646179795 25749.652079045773 34559.836795389652 36037.128272861242 11023.086208567023 80868.313717201352 9874.9336565881968 3588.0206368565559 817.58352780342102 2823.6141231060028 79695.627724081278 580.561512991786 1699.0876128673553 968.21750308573246 3117.1970141679049 630.39200140535831 174015.39697383344 726.89654321223497
leaf_count=44553 94345 236055 39523 37259 33057 2549 189871 6239 34864 46922 54852 87886 134402 70774 69142 54312 15131 154525 45641 9871 2353 5956 241029 2810 2421 1851 10007 1475 326337 3544
internal_value=6.45376e-06 0.00022544 0.000334151 -0.00430251 0.0010037 0.000717816 0.00165758 0.000825602 -0.0014979 -0.00648602 -0.0036834 0.0040732 -0.00138925 -0.00358538 4.37411e-08 0.00269431 0.00102746 0.00433429 -0.00367276 -0.00894834 -0.013967 -0.0028136 -0.00325241 -0.0099893 -0.00245532 0.00283907 -0.0109289 -0.0226942 0.0019131 -0.00982493
internal_weight=892569 886603 883829 111510 772319 747265 516782 384411 171356 57584 41734.2 132371 230484 89296.7 141187 213055 113772 131109 109070 15248.8 10692.5 93821.4 90997.8 9603.08 81394.7 4556.24 15304.2 1262.1 177018 3002.43
internal_count=2059556 1965211 1920658 388714 1531944 1498887 988514 742079 351647 146645 99723 246435 510373 205176 305197 390432 205002 242411 351455 59716 47994 291739 285783 42333 243450 11722 44871 4024 336120 9783
is_linear=0
shrinkage=0.03


Tree=77
num_leaves=31
num_cat=0
split_feature=87 24 97 97 40 39 77 69 51 34 63 93 63 24 18 40 97 38 38 48 94 40 32 24 30 24 30 48 24 18
split_gain=6784.73 3559.75 2827.02 2113.07 2052.01 1534.61 1552.78 1303.73 825.263 900.864 738.665 578.825 578.057 569.548 561.931 498.399 483.462 445.488 443.482 439.71 437.802 436.449 434.774 491.046 595.664 500.093 597.837 422.926 402.96 454.626
threshold=1.9999099969863894 2.5000000000000004 1.7368384003639223 2.9998425245285039 201.50000000000003 192.50000000000003 0.53571277856826793 0.17255769670009616 12.39949941635132 4.5000000000000009 0.33333325386047369 1.0864861011505129 0.39999996125698095 47.500000000000007 35.500000000000007 201.50000000000003 2.2499577999114995 150.50000000000003 150.50000000000003 0.41666664183139807 -1.7435589432716367 125.50000000000001 18.500000000000004 38.500000000000007 41.500000000000007 30.500000000000004 33.500000000000007 0.54545453190803539 24.500000000000004 21.500000000000004
decision_type=2 2 2 2 10 10 2 2 2 2 2 2 2 2 2 10 2 10 10 2 2 10 2 2 2 2 2 2 2 2
left_child=1 -1 4 13 5 6 12 11 9 -9 19 21 18 14 15 17 -15 22 20 -10 -3 -8 -4 24 25 26 28 -12 -24 -30
right_child=-2 2 3 -5 -6 -7 7 8 10 -11 27 -13 -14 16 -16 -17 -18 -19 -20 -21 -22 -23 23 -25 -26 -27 -28 -29 29 -31
leaf_value=-0.034110997765636267 -0.032353402866382115 -0.00053802058931043124 -0.0078699855943214179 -0.032104516333413706 0.014283564777395001 0.013896355405970437 -0.0029005966663207014 0.0013204520923238911 0.0002063827540749936 0.0056006770808919538 0.0047188081709053017 0.0011310986533578928 0.00058892921555501391 -0.01215070813261389 0.0099486664850816694 0.014810821563623401 0.0072748220246843746 0.020052729762037355 0.0096939208864235821 -0.0049656471328115136 -0.0044712878920715902 0.0061002064764308162 -0.0014145287314531537 -0.010265596953397403 0.008071025156023915 -0.0096069462155376588 0.008699091911116244 0.00087457744380940651 -0.015297409903962157 -0.0010248553812842631
leaf_weight=2698.0971004851162 5791.241142898798 36837.16003427282 18028.684511192143 2369.9651864804327 10181.554349891841 7875.4059351012111 88958.83151910454 76549.700583156198 101049.06001906842 104934.08973878622 55009.516597490758 74338.276438675821 60401.605755422264 10068.479903876781 2977.126474916935 1336.445377022028 1288.5428419411182 697.06363448500633 2408.7931164577603 17311.14205051586 82554.022717740387 5109.6030420809984 41660.748137928545 6939.4561329334974 4979.4835796654224 8159.6955736577511 4580.3462878018618 48439.960436563939 4348.0420368909836 3724.2026813924313
leaf_count=44495 94131 78576 70899 37228 10165 8182 195067 161127 191799 180236 95847 142139 125719 43734 6751 1332 3497 1019 4115 36833 203164 8607 124424 24735 11141 27191 10049 91196 15926 10632
internal_value=-4.36833e-05 0.000168275 0.000273776 -0.00419883 0.000917901 0.000738891 0.000601081 0.00136969 0.00229542 0.00379563 0.00106773 -0.000847214 -0.00181051 -0.00358511 -0.00284272 -0.00324792 -0.00993782 -0.00351023 -0.00300031 -0.00055078 -0.003258 -0.0024105 -0.00369225 -0.00267794 -0.00189452 -0.00269116 -0.00164902 0.00291927 -0.00260518 -0.00873145
internal_weight=891606 885815 883117 111158 771959 761777 753902 571700 403293 181484 221810 168407 182202 108788 97431.3 94454.2 11357 93117.7 121800 118360 119391 94068.4 92420.7 74392 67452.5 62473 54313.3 103449 49733 8072.24
internal_count=2059956 1965825 1921330 388558 1532772 1522607 1514425 1102851 757038 341363 415675 345813 411574 351330 304099 297348 47231 296016 285855 228632 281740 203674 294997 224098 199363 188222 161031 187043 150982 26558
is_linear=0
shrinkage=0.03


Tree=78
num_leaves=31
num_cat=0
split_feature=87 24 97 40 97 92 87 92 87 92 36 40 87 92 92 87 87 40 92 98 18 87 97 26 56 87 97 92 100 32
split_gain=6598.57 3449.57 2713.81 2417.76 2098.36 1518.55 2580.81 1535.44 1542.29 1339.05 1076.57 954.503 942.99 1457.42 868.521 977.534 957.626 868.356 763.547 613.585 665.756 604.082 583.061 568.185 530.165 519.209 831.352 518.977 504.506 498.432
threshold=1.9999099969863894 2.5000000000000004 2.9998425245285039 125.50000000000001 1.2352842688560488 1.1999974250793459 1.0333682894706728 1.0132490396499636 0.90097919106483471 0.72413626313209545 3.5000000000000004 201.50000000000003 1.1538441777229311 1.4999493956565859 0.86841949820518505 0.66666367650032055 0.73684036731719982 66.500000000000014 0.93103229999542247 1.0056811571121218 33.500000000000007 1.2564764618873598 2.062482595443726 65.500000000000014 17.945706367492679 0.79999899864196788 1.8292622566223147 1.9285621643066408 -0.98266410827636708 109.50000000000001
decision_type=2 2 2 10 2 2 2 2 2 2 2 10 2 2 2 2 2 8 2 2 2 2 2 2 2 2 2 2 2 2
left_child=1 -1 3 4 9 6 7 8 14 -3 12 27 22 21 16 18 -6 19 -16 28 -21 -14 -7 -10 -8 -17 -27 -5 -11 -30
right_child=-2 2 -4 11 5 10 24 -9 23 17 -12 -13 13 -15 15 25 -18 -19 -20 20 -22 -23 -24 -25 -26 26 -28 -29 29 -31
leaf_value=-0.033985186182129437 -0.032274189170565196 -0.0017267879576381513 -0.032026223353862612 0.0050182902898200524 -0.0012875196075417805 0.0078619988134165288 -0.0073636385158893456 0.0028225296731501591 -0.0045869262775539961 0.0031611137237304902 -0.0048818588775045163 0.014041984069149418 -0.0021679767262413026 0.0029198611024115529 0.0052642363636551384 0.009919031795093949 -0.0092606967261132118 -0.00086645033515146057 -0.039689985171420257 0.0023309209787308995 0.006431968543175297 -0.011707259279265726 -0.0011037795252456023 -0.013814486897930047 -0.014737586895453144 0.0042517700549531681 -0.014551830937828355 -0.011381168726889247 0.0025538307577050714 -0.0021216641134599009
leaf_weight=2630.1208832487464 5650.6642495244741 109888.63370039687 2312.0803164802492 44731.876323476434 43570.422862991691 28020.352937445045 18151.791962221265 43488.383283793926 9736.9627159237862 81768.246745590121 26625.766507528722 11472.737360753119 14755.668671354651 47987.894411355257 566.84924846887589 9143.2960891127586 19666.805381283164 75117.912195816636 814.36138171702623 79967.282047163695 64283.924383297563 10032.958673045039 8503.049279242754 15769.744447976351 17115.401730686426 11190.72550560534 2588.5750186145306 1788.3946111351252 35489.313222218305 48595.723238140345
leaf_count=44562 94405 234845 37314 76529 123367 50277 55482 103199 30507 136323 77067 11571 34034 109652 1483 20697 60998 156664 5465 141383 94799 26937 24487 55231 55725 25657 10620 4316 67621 89808
internal_value=-1.57415e-05 0.00019077 0.000293318 0.000378878 -3.84527e-05 -0.00190046 -0.00361942 -0.00196699 -0.00380965 0.00119409 0.000525322 0.00629819 0.00184318 -0.000131181 -0.00191714 0.00290129 -0.00376933 0.00202735 -0.021429 0.00272834 0.00415914 -0.00603524 0.00577521 -0.0102983 -0.0109486 0.00438472 0.000703361 0.00438322 0.00148355 -0.000148165
internal_weight=891426 885775 883145 880833 822840 327729 191803 156536 113048 495111 135926 57993 109300 72776.5 87541 24303.8 63237.2 385222 1381.21 310104 144251 24788.6 36523.4 25506.7 35267.2 22922.6 13779.3 46520.3 165853 84085
internal_count=2061025 1966620 1922058 1884744 1792328 870885 548431 437224 334025 921443 322454 92416 245387 170623 248287 63922 184365 686598 6948 529934 236182 60971 74764 85738 111207 56974 36277 80845 293752 157429
is_linear=0
shrinkage=0.03


Tree=79
num_leaves=31
num_cat=0
split_feature=87 24 97 97 92 87 97 24 18 77 24 18 24 30 24 30 38 24 87 92 97 64 92 87 97 97 87 39 100 66
split_gain=6414.11 3344.24 2641.42 2011.17 1409.93 1112.62 1269.61 854.203 917.889 851.718 722.699 859.42 724.266 786.949 704.906 676.75 654.419 651.799 644.169 1079.09 892.488 631.411 576.858 1139.79 1060.8 636.811 806.593 501.7 485.06 468.074
threshold=1.9999099969863894 2.5000000000000004 2.9998425245285039 1.5833273530006411 0.96189993619918834 0.99999713897705089 1.04761677980423 47.500000000000007 35.500000000000007 0.85714170336723339 5.5000000000000009 4.5000000000000009 39.500000000000007 43.500000000000007 30.500000000000004 33.500000000000007 173.50000000000003 4.5000000000000009 1.0714268684387209 1.1999974250793459 1.2115353345870974 0.31402961909770971 0.72413626313209545 0.85713735222816478 1.1162755489349367 0.93333053588867199 0.73684036731719982 192.50000000000003 -0.75259393453598011 13.172803878784181
decision_type=2 2 2 2 2 2 2 2 2 2 2 2 2 2 2 2 10 2 2 2 2 2 2 2 2 2 2 10 2 2
left_child=1 -1 3 4 5 22 -7 8 10 -6 11 17 13 14 15 16 27 -5 -11 20 -20 -9 25 -24 -25 -3 -27 -12 -21 -23
right_child=-2 2 -4 7 9 6 -8 21 -10 18 12 -13 -14 -15 -16 -17 -18 -19 19 28 -22 29 23 24 -26 26 -28 -29 -30 -31
leaf_value=-0.033899219861799945 -0.032198860384037513 0.00071473135076351364 -0.03195273356401223 -0.017907239297791127 0.00040753685762509329 -0.0024103999349805515 -0.015825842253589288 -0.013960678761434753 0.012353974919659861 0.005176557167257941 -0.0024049933118384555 -0.042717229941246083 -0.0098308387151974947 0.0069484318643300604 -0.0087070799058965032 0.0064395445622359715 0.026958405253171572 0.0052700742358184494 0.00069553075556205604 0.0067206873657681791 -0.0086387473408015888 0.011522365217918865 0.0046856591028339584 0.0016285234155380931 -0.0055193083057495851 -0.0016523579724211459 -0.010046711890030856 0.019022864371080903 0.0023569802216316642 -0.0061410277363064883
leaf_weight=2559.6961949728429 5510.9629950858653 75971.933624625206 2258.2693623006344 2574.4494949579239 144232.14670139551 30792.483584243804 7981.4609539210796 9781.8011572659016 3943.6782573163509 99530.265399985015 84683.103949964046 741.84128966927528 9452.8575295507908 9744.748426169157 12275.8446867764 9672.0314295962453 680.57399997860193 1873.1153090447187 46986.621864452958 37075.254240676761 11448.589513085783 1621.8792286962271 60935.464853845537 57700.331095606089 27612.381268694997 51023.938350327313 12891.992250367999 975.15609536319971 60116.711957789958 7599.8924800753593
leaf_count=44567 94655 150545 37435 16633 280971 67822 23699 40569 8020 165429 254933 3765 32691 20447 40539 20595 652 6206 83547 56042 29667 4939 114066 103874 69550 115987 33705 852 109106 28988
internal_value=7.08077e-06 0.000208412 0.000308144 0.000391664 0.00105649 -0.000411007 -0.00517865 -0.00270233 -0.00187268 0.00225028 -0.00229736 -0.0132503 -0.00184949 -0.00120873 -0.00194394 -0.00107758 -0.00192098 -0.0081661 0.00329181 0.00208592 -0.00113557 -0.00865849 0.000235367 0.00155265 -0.000685701 -0.00114184 -0.00334813 -0.00215667 0.00402262 -0.00301627
internal_weight=890249 884739 882179 879921 724300 324910 38773.9 155621 136617 399390 132674 5189.41 127484 118031 108287 96010.9 86338.8 4447.56 255157 155627 58435.2 19003.6 286136 146248 85312.7 139888 63915.9 85658.3 97192 9221.77
internal_count=2060496 1965841 1921274 1883839 1404010 679248 91521 479829 405333 724762 397313 26604 370709 338018 317571 277032 256437 22839 443791 278362 113214 74496 587727 287490 173424 300237 149692 255785 165148 33927
is_linear=0
shrinkage=0.03


Tree=80
num_leaves=31
num_cat=0
split_feature=87 24 97 40 97 40 39 92 87 92 24 18 40 92 87 92 97 87 18 97 92 26 87 92 87 24 24 18 24 33
split_gain=6172.17 3234.32 2543.18 2399.35 2156.66 1601.37 1221.65 1028.21 1629.16 950.995 1021.56 930.161 911.563 866.854 734.982 630.697 846.299 741.087 621.315 610.592 610.475 518.828 510.296 500.689 1412.07 534.268 495.513 580.415 603.071 587.054
threshold=1.9999099969863894 2.5000000000000004 2.9998425245285039 125.50000000000001 1.3269196152687075 66.500000000000014 192.50000000000003 1.1999974250793459 1.0333682894706728 1.0588193535804751 47.500000000000007 38.500000000000007 201.50000000000003 0.89999762177467357 0.94117397069931041 1.0909023880958559 1.1538341641426089 1.1111055016517641 33.500000000000007 2.062482595443726 1.0132490396499636 85.500000000000014 1.1111055016517641 1.5789417624473574 1.2158356308937075 6.5000000000000009 39.500000000000007 24.500000000000004 31.500000000000004 6.5000000000000009
decision_type=2 2 2 10 2 8 10 2 2 2 2 2 10 2 2 2 2 2 2 2 2 2 2 2 2 2 2 2 2 2
left_child=1 -1 3 4 5 13 7 8 9 10 18 19 -5 -3 -15 16 -16 20 26 23 -18 -12 -17 24 -9 -25 27 28 29 -6
right_child=-2 2 -4 12 6 -7 -8 11 -10 -11 21 -13 -14 14 15 22 17 -19 -20 -21 -22 -23 -24 25 -26 -27 -28 -29 -30 -31
leaf_value=-0.033807707044356018 -0.032119940669575096 9.3561757234523248e-05 -0.031872395593185124 0.004409458233579933 -0.0058627708170821179 -0.0020051744114550013 0.018994746314902111 0.0025792437783977466 -0.011125853906214804 0.0024327231648146623 0.0046604763219500779 0.0082847698175179674 0.013880617230323085 0.007067730671560306 0.0018781910351117351 0.0065247946044109644 -0.0091897229375663796 -0.021946901512420191 0.015823389708570865 -0.0050480472661337834 0.0018389384728639505 -0.012078797780375926 0.0024955622996635186 -0.01379267369808952 -0.0077113936445512886 0.0044064357937010547 -0.010186776410764235 0.0059087096729479281 -0.012956058545530823 0.0003275131571493456
leaf_weight=2490.2850802913308 5331.1927918083966 157023.09430823475 2186.6991863064468 46624.491084177047 23284.57987075299 122886.27735215425 2389.3027082383633 29339.073287695646 24843.565070211887 25647.918173849583 1841.3773462921381 10235.88468106091 11370.026349499822 33237.496106997132 81366.422350842506 39036.868310555816 8063.5127125531435 2056.3106189221144 1599.7193358391523 27189.466447636485 10226.314278513193 16626.310917273164 102801.99630339444 1517.534211166203 20279.489371165633 26236.569418802857 7656.0561204403639 7186.3521917462349 5094.0832663327456 33759.435513317585
leaf_count=44604 94182 311663 37291 80902 79474 267648 2118 62963 86969 63724 5528 19853 11523 52422 138113 58611 18790 6052 3397 88966 17922 63748 174673 6525 54387 54750 25195 17309 17251 93064
internal_value=2.19236e-06 0.000196614 0.000293432 0.000374136 -4.23008e-05 0.00101772 -0.00227135 -0.00246647 -0.004123 -0.00270347 -0.00406109 -0.000337133 0.00627046 0.00187407 0.00288408 0.00231261 0.000509648 -0.00495978 -0.00256754 -0.00118258 -0.00302804 -0.0104065 0.00360525 0.000176736 -0.00162803 0.00340213 -0.00295373 -0.00215222 -0.00308608 -0.00220044
internal_weight=889428 884097 881606 879420 821425 556698 264727 262337 147539 122696 97047.9 114798 57994.5 433812 276789 243551 101713 20346.1 78580.2 104562 18289.8 18467.7 141839 77372.7 49618.6 27754.1 76980.5 69324.5 62138.1 57044
internal_count=2059617 1965435 1920831 1883540 1791115 1045894 745221 743103 455659 368690 304966 287444 92425 778246 466583 414161 180877 42764 235690 267591 36712 69276 233284 178625 117350 61275 232293 207098 189789 172538
is_linear=0
shrinkage=0.03


Tree=81
num_leaves=31
num_cat=0
split_feature=87 24 97 40 97 92 92 87 87 36 87 92 87 97 94 69 92 24 87 92 97 87 18 87 92 24 87 97 26 38
split_gain=5994.98 3144.35 2457.25 2241.22 1864.03 1213.72 1127.5 1513.53 827.094 776.565 809.415 835.976 886.566 818.139 759.073 598.749 583.513 797.382 528.467 569.39 680.235 714.732 525.067 474.585 885.256 561.049 490.527 420.8 417.714 413.903
threshold=1.9999099969863894 2.5000000000000004 2.9998425245285039 201.50000000000003 1.3499949574470522 0.91800588369369518 1.1052591800689699 0.99999535083770763 1.0714268684387209 4.5000000000000009 0.9999774992465974 1.3070695400238039 1.1666649580001833 1.9999649524688723 -0.62105828523635853 0.12593525648117068 0.9999932348728181 38.500000000000007 0.94117397069931041 1.071426570415497 1.1320725679397585 1.1111055016517641 23.500000000000004 1.1538441777229311 1.4999493956565859 9.5000000000000018 1.2564764618873598 0.97032096982002269 85.500000000000014 23.500000000000004
decision_type=2 2 2 10 2 2 2 2 2 2 2 2 2 2 2 2 2 2 2 2 2 2 2 2 2 2 2 2 2 10
left_child=1 -1 3 4 5 8 7 16 15 10 -8 12 13 -12 18 29 17 22 -7 20 -20 -22 -6 25 26 -13 -25 -10 -19 -3
right_child=-2 2 -4 -5 6 14 9 -9 27 -11 11 23 -14 -15 -16 -17 -18 28 19 -21 21 -23 -24 24 -26 -27 -28 -29 -30 -31
leaf_value=-0.033718997362091108 -0.032052441390291203 -0.0058425629665537718 -0.03179716996734222 0.013638255628281533 -0.0030943351661803617 0.0076177763274353416 0.0083202302746610279 -0.012251239785329231 -0.004698251583626409 -0.0052080296874267009 0.00097915514425235377 -0.01467575777539004 -0.012652068131162099 -0.013125061190961112 0.00066143509046159225 0.00077647984547435085 0.0019895275703447307 0.00015911044424353509 0.0024909504142748636 0.0043328010206446169 -0.0023108121800204783 -0.023034410659980704 0.006427985687082082 -0.001230749236532663 0.002450373022031732 0.0077103151318544897 -0.012926776066554924 -0.017208300820335282 -0.011459649109851817 -0.00043595718032253262
leaf_weight=2435.229560829699 5202.7466794773936 23319.752551928163 2124.3036118969321 11267.798688799143 51938.42486000061 23998.249425560236 11498.708681151271 17696.435177579522 14968.896475378424 23431.411282248795 23085.204518213868 1059.8836781829596 7941.356485158205 4387.770318582654 158336.52372914925 181716.13223348558 19077.489707037807 3417.731722638011 56252.858466885984 101352.41958653927 16201.963720962405 1631.1792376488447 5773.8752331137657 7326.1531009525061 46024.179574526846 15388.167875900865 5754.7499005049467 2874.0513258874416 15006.158885940909 28077.536780461669
leaf_count=44850 94433 52862 37244 11509 160657 36828 24337 68157 38452 71521 54500 3758 25513 16478 298746 356815 48542 10398 93559 162178 32312 4857 14352 17083 109380 31074 16406 8502 56423 59202
internal_value=-5.58223e-06 0.000183885 0.000278369 0.000356626 0.000183811 0.00109054 -0.00194878 -0.00419936 -0.000508901 -0.000206724 0.000750868 -3.48448e-05 -0.00383685 -0.00128137 0.00221242 -3.21655e-05 -0.00270058 -0.003876 0.00344358 0.00287179 0.00087244 -0.00423006 -0.00213977 0.00174783 0.000492773 0.00625172 -0.00638812 -0.00673032 -0.00930647 -0.00289034
internal_weight=888567 883365 880929 878805 867537 608730 258808 112910 250956 145898 122466 110967 35414.3 27473 357773 233113 95213.7 76136.2 199437 175438 74086 17833.1 57712.3 75553.1 59105.1 16448.1 13080.9 17842.9 18423.9 51397.3
internal_count=2060928 1966495 1921645 1884401 1872892 1144313 728579 358529 515833 370050 298529 274192 96491 70978 628480 468879 290372 241830 329734 292906 130728 37169 175009 177701 142869 34832 33489 46954 66821 112064
is_linear=0
shrinkage=0.03


Tree=82
num_leaves=31
num_cat=0
split_feature=87 24 97 40 39 100 89 38 78 69 93 97 98 15 30 97 33 68 69 79 43 32 39 69 78 87 49 51 22 71
split_gain=5795.42 3020.31 2388.65 2016.85 1684.43 1804.3 1352.11 1392.88 648.716 644.821 629.076 511.636 637.626 598.457 495.298 455.568 423.136 412.82 385.782 378.922 374.432 361.964 347.385 325.308 314.215 296.352 300.116 277.659 306.249 296.429
threshold=1.9999099969863894 2.5000000000000004 2.9998425245285039 201.50000000000003 192.50000000000003 -0.77194765210151661 -0.6633809208869933 173.50000000000003 1.1622274518013003 0.2629514634609223 1.2999970912933352 1.2352842688560488 0.86234769225120556 28.500000000000004 69.500000000000014 1.7368384003639223 1.0000000180025095e-35 0.28571428358554846 0.22859146445989612 -3.4073085784912105 0.99999925494194042 1.0000000180025095e-35 154.50000000000003 0.28262665867805487 0.37815101444721227 1.7999919056892397 1.9999985098838808 8.6795945167541522 4.5000000000000009 1.5243238806724551
decision_type=2 2 2 10 10 2 2 10 2 2 2 2 2 2 2 2 2 2 2 2 2 2 10 2 2 2 2 2 2 2
left_child=1 -1 3 4 5 10 9 8 15 27 11 12 17 23 -11 21 -10 -3 -19 -14 -20 -8 25 -13 -12 26 -23 29 -29 -7
right_child=-2 2 -4 -5 -6 6 7 -9 16 14 24 13 19 -15 -16 -17 -18 18 20 -21 -22 22 -24 -25 -26 -27 -28 28 -30 -31
leaf_value=-0.033622577065125253 -0.031981019119332571 -0.001835841350746774 -0.031724432114022927 0.013076047244466621 0.013479046138291951 0.00010858693970907243 0.014752790995372238 0.017876337939647841 -0.0093000584224342542 0.001340295286617696 0.00055370829174051519 -0.0041420423439050445 0.00012091856996311513 -0.01472726086196411 0.0060220737912329431 -0.0059937478048199067 -0.00018482873575713924 -0.0005902989010322067 0.0044801237610531119 0.004356265639412292 -0.0098501298590857999 -0.0030465339838544165 0.0044020222543795272 0.0018995129487133983 0.0053943524507497585 -0.017813540594075306 0.0047422223664676851 -0.0072149408096727555 -0.0010699478558155852 0.010638902989730902
leaf_weight=2349.2086700797081 5044.027308549732 52442.266118895262 2071.8312664218247 11083.957408815622 8504.2201655209064 44065.552582532167 1057.6254466064274 3088.89943125844 4749.7105298303068 66065.822778083384 15500.367391057312 15469.161170706153 24873.626538082957 3125.1767235845327 29372.30400724709 44085.505200691521 117364.74485675618 34957.83787580952 35048.050868533552 80662.383710037917 1703.1104382053018 164026.71148049831 5985.5991256311536 16619.099516034126 54572.446886260062 1178.0859233662486 4559.4266956299543 10216.283168174326 25470.401082411408 2524.8884323462844
leaf_count=44488 94161 100048 37353 11515 8955 102851 2322 3958 16054 157970 28834 38559 43760 8934 53980 150775 272062 66008 60175 132357 3583 378995 10453 37342 86545 9627 9244 25988 57995 4676
internal_value=2.07307e-05 0.0002043 0.000295318 0.000371564 0.000208903 7.71834e-05 -0.00102245 -0.00211461 -0.00229567 0.00110452 0.00179668 0.00112785 0.00164409 -0.00223851 0.00278213 -0.00326564 -0.000540836 0.00018665 0.00166584 0.00335825 0.00381104 -0.00258481 -0.00269081 -0.00101378 0.00432405 -0.00294138 -0.00283535 -0.000841653 -0.00283217 0.000683579
internal_weight=887838 882794 880445 878373 867289 858785 523812 346096 343007 177715 334974 264901 229687 35213.4 95438.1 220893 122114 124151 71709 105536 36751.2 176807 175750 32088.3 70072.8 169764 168586 82277.1 35686.7 46590.4
internal_count=2059567 1965406 1920918 1883565 1872050 1863095 1256950 853490 849532 403460 606145 490766 405931 84835 211950 561416 288116 229814 129766 176117 63758 410641 408319 75901 115379 397866 388239 191510 83983 107527
is_linear=0
shrinkage=0.03


Tree=83
num_leaves=31
num_cat=0
split_feature=87 18 97 40 100 39 89 38 69 39 38 37 78 93 97 98 32 68 61 97 97 93 78 90 3 78 98 55 61 18
split_gain=5644.06 2524.23 2322.37 1802.61 1760.48 1999.04 1217.07 1064.01 696.167 622.492 560.072 750.693 555.68 506.435 431.534 614.819 466.968 440.774 412.461 487.625 370.537 478.363 395.768 351.453 350.355 335.065 313.063 312.177 310.849 327.7
threshold=1.9999099969863894 1.5000000000000002 2.9998425245285039 201.50000000000003 -0.82043972611427296 192.50000000000003 -0.3323869109153747 173.50000000000003 0.2629514634609223 154.50000000000003 173.50000000000003 116.50000000000001 1.7142814397811892 1.2999970912933352 1.1320725679397585 0.86234769225120556 348.50000000000006 0.36849236488342291 24.126373291015629 1.5833273530006411 1.0812362432479861 1.4444408416748049 0.53571343421936046 -0.87314853072166432 1.5000000000000002 0.37815101444721227 1.2083310484886172 0.74999985098838817 16.259942054748539 22.500000000000004
decision_type=2 2 2 10 2 10 2 10 2 10 8 8 2 2 2 2 2 2 2 2 2 2 2 2 2 2 2 2 2 2
left_child=1 -1 3 4 13 6 8 9 -6 10 12 -12 20 14 15 17 -16 -3 23 -20 -8 27 -23 -10 -17 -15 -18 28 29 -22
right_child=-2 2 -4 -5 5 -7 7 -9 18 -11 11 -13 -14 25 16 24 26 -19 19 -21 21 22 -24 -25 -26 -27 -28 -29 -30 -31
leaf_value=-0.031488960602059801 -0.031913849496798395 -0.00096970868498698294 -0.031654930932346038 0.01246516537581817 -0.0011753409659753218 0.0136048501157427 -0.0012771180748679138 0.015385276499131554 0.0074273063764330634 0.0051556496549142973 -0.0096609171079150447 0.014939742605672424 0.00019098738393958178 0.00041925003481655586 0.00030402623632972228 0.0020804472024428533 -0.012868352636223638 0.0027176532629010603 0.0019063719249943489 -0.0039037929946072391 -0.0054975822954214174 -0.0045797939575829135 0.00045696969844909353 0.0024432665062766451 0.0061419376677166685 0.0056190432420537466 -0.0014919319729386213 0.013810798798936217 -0.007803876216905853 -0.0001380134739249965
leaf_weight=2228.1845604218543 4914.8246137946844 62688.17399944365 2017.0624518059194 11011.083761893213 109251.21328801662 8575.9872396439314 70484.835709668696 3031.4589430466294 17053.767096072435 9437.1118548586965 15869.325872518122 1183.1484955400229 60869.370322570205 14401.820743225515 45328.31552504003 36647.839033186436 4411.8790494799614 54544.834411762655 49664.259042330086 17587.515808716416 38871.651002071798 25371.787505131215 31399.650186046958 50242.598186653107 40005.730763316154 49475.99357099086 4290.5317149907351 740.90494147315621 32801.985549651086 13951.651109710336
leaf_count=47244 94372 117300 37388 11546 251618 8892 148517 4095 34806 15902 56871 3377 143595 26828 97201 64637 10450 96231 95728 55970 114037 69563 71128 108904 60017 77915 9028 1846 90762 34663
internal_value=8.0378e-05 0.000259089 0.000340079 0.000414201 0.000261076 -0.000750214 -0.000975431 -0.00224166 0.000603589 -0.00242021 -0.00266577 -0.00793855 -0.00233765 0.00206562 0.00145168 0.00211236 -0.000919043 0.000746076 0.00204802 0.000386203 -0.00305811 -0.00393482 -0.00179484 0.00370812 0.0042012 0.0044472 -0.00727574 -0.00534076 -0.00550967 -0.0040826
internal_weight=888354 883440 881211 879194 868183 556388 547812 304013 243799 300981 291544 17052.5 274492 311795 247917 193887 54030.7 117233 134548 67251.8 213622 143138 56771.4 67296.4 76653.6 63877.8 8702.41 86366.2 85625.3 52823.3
internal_count=2060431 1966059 1918815 1881427 1869881 1310274 1301382 754356 547026 750261 734359 60248 674111 559607 454864 338185 116679 213531 295408 151698 530516 381999 140691 143710 124654 104743 19478 241308 239462 148700
is_linear=0
shrinkage=0.03


Tree=84
num_leaves=31
num_cat=0
split_feature=87 18 39 100 69 92 89 92 56 87 78 87 92 87 18 98 39 54 77 98 72 87 33 92 63 39 30 34 39 98
split_gain=5458.46 2436.18 1738.57 1640.36 1028.37 859.224 837.917 506.537 489.599 450.718 447.189 396.9 447.701 566.422 390.877 389.701 385.894 366.34 324.138 313.343 297.679 287.643 359.281 323.691 277.037 271.873 271.767 254.325 278.857 263.863
threshold=1.9999099969863894 1.5000000000000002 192.50000000000003 -0.82043972611427296 0.25277811288833624 1.1052591800689699 -0.6633809208869933 0.9999774992465974 19.099018096923832 0.99999535083770763 1.0293288826942446 1.0960043072700503 0.83027687668800365 0.86956349015235912 39.500000000000007 2.9995950460433964 45.500000000000007 0.36853255331516271 1.0529510974884035 2.4444322586059575 0.99999889731407177 0.94117397069931041 4.5000000000000009 1.1538438200950625 0.22222220152616504 115.50000000000001 11.500000000000002 2.5000000000000004 45.500000000000007 1.6590567827224734
decision_type=2 2 10 2 2 2 2 2 2 2 2 2 2 2 2 2 10 2 2 2 2 2 2 2 2 10 2 2 10 2
left_child=1 -1 3 5 7 11 8 9 27 16 17 12 25 -14 -7 18 -5 26 21 -19 -15 22 -9 -23 -10 -3 -8 28 -6 -29
right_child=-2 2 -4 4 6 14 10 15 24 -11 -12 -13 13 20 -16 -17 -18 19 -20 -21 -22 23 -24 -25 -26 -27 -28 29 -30 -31
leaf_value=-0.031428435701843317 -0.031849115413123449 -0.00052301323421572268 0.013352106464016631 -0.0038758550115129656 -0.0059079370193317474 0.0035807455938808709 -0.0068700302874527327 -0.0064208065926522617 -0.0013948745947849576 -0.0088769642347438556 0.0010248479369225738 -0.0024387437562404355 0.0081895094020112413 0.00027391838600066037 0.0093410989248044283 -0.013591044715177853 0.00058373030613801096 -0.0030168676831998789 0.00053292587599214423 -0.011811924102755039 0.0037487315524878163 -0.0057815347800927279 0.0066880567175918058 -0.0014708328011508178 0.0025680238614247948 0.0074377552972145558 0.0010933078412690928 0.0043646015416222341 0.0064376220504045291 0.0099852035397946411
leaf_weight=2163.9622575342655 4783.6379265896976 86477.491598911583 9064.2547716833651 82786.052820384502 3619.3390488438308 78052.648210048676 4338.0651819035411 2631.919209163636 27002.012097492814 12893.206134557724 68297.295869540423 28053.165412209928 14609.164688915014 49782.046882376075 12263.216184072196 2167.9049742668867 22124.121814798564 56489.567222654819 79184.485240656883 3880.9664597809315 40015.723719127476 22282.577527567744 6470.1496150195599 52848.846648678184 38478.665196169168 4021.3882761895657 33526.807018566877 24645.472287684679 2987.4033360742033 10841.013888806105
leaf_count=47169 94402 171180 9483 218718 10185 130509 16774 7581 63445 33550 155935 54711 23908 91110 16787 25414 50490 133433 178166 17627 67007 55714 13221 125477 85392 7052 75829 46700 6904 26157
internal_value=4.36145e-05 0.000217307 0.000295853 0.000159641 -0.000816425 0.00189656 0.000493674 -0.00208356 0.00255718 -0.00358713 -0.000839422 0.000896438 0.00137668 0.00271511 0.00436479 -0.00101356 -0.00293546 -0.00213548 -0.000845062 -0.00358599 0.00182286 -0.00214027 0.00289178 -0.0027505 0.000933932 -0.000167705 0.000177827 0.00508068 -0.000323003 0.00608634
internal_weight=886783 881999 879835 870771 557496 313275 274107 283389 107574 117803 166533 222959 194906 104407 90315.9 165586 104910 98235.4 163418 60370.5 89797.8 84233.5 9102.07 75131.4 65480.7 90498.9 37864.9 42093.2 6606.74 35486.5
internal_count=2060030 1965628 1918459 1908976 1346712 562264 638381 708331 238783 302758 399598 414968 360257 182025 147296 405573 269208 243663 380159 151060 158117 201993 20802 181191 148837 178232 92603 89946 17089 72857
is_linear=0
shrinkage=0.03


Tree=85
num_leaves=31
num_cat=0
split_feature=87 24 97 40 39 33 38 51 97 34 3 24 30 24 40 33 63 37 40 77 98 44 30 24 98 30 98 30 30 24
split_gain=5233.3 2830.6 2202.14 1917.33 1629.71 1580.55 1461.86 1383.48 952.213 906.798 663.058 656.01 686.8 868.431 575.842 556.98 552.484 504.028 498.715 388.424 372.239 367.487 362.285 466.863 407.657 372.069 355.577 355.277 347.877 528.293
threshold=1.9999099969863894 2.5000000000000004 2.9998425245285039 142.50000000000003 169.50000000000003 8.5000000000000018 173.50000000000003 14.775785446166994 1.280690670013428 4.5000000000000009 3.5000000000000004 55.500000000000007 65.500000000000014 39.500000000000007 201.50000000000003 1.0000000180025095e-35 0.29039938747882849 116.50000000000001 35.500000000000007 1.0714225769042971 1.8947233557701113 0.35037313401699072 53.500000000000007 30.500000000000004 1.7454537749290469 41.500000000000007 1.2352917194366457 29.500000000000004 90.500000000000014 67.500000000000014
decision_type=2 2 2 10 10 2 10 2 2 2 2 2 2 2 10 2 2 8 8 2 2 2 2 2 2 2 2 2 2 2
left_child=1 -1 3 4 5 6 15 9 10 -7 16 12 13 22 -5 17 -9 -3 19 -17 -15 -11 23 27 -25 -26 -12 -10 -13 -30
right_child=-2 2 -4 14 -6 7 -8 8 11 21 26 28 -14 20 -16 18 -18 -19 -20 -21 -22 -23 -24 24 25 -27 -28 -29 29 -31
leaf_value=-0.033628930571783795 -0.03178417222823271 -0.00989591154340725 -0.031566387502047703 0.0044216166939009399 0.010469294325746521 -0.00020673537500043296 0.021028756797617437 -0.0041430211858053193 -0.0040800469568227776 0.0021375599957113695 0.00095895119748698389 -0.012925744345300392 0.003610526275337686 -0.015101681717362182 0.012449678486033235 -0.0026890030489097492 0.00013236667944810585 0.011342179090438824 -0.0040975005391050172 0.0019729709680270891 -0.0047682084612431144 0.0048676277496363506 0.0051486612872504046 -0.014000730343836957 -0.010302320864510382 0.0034245164539967259 0.0053185365865719442 0.001815879738107828 0.0029913689858033282 -0.011289257067508338
leaf_weight=2215.1972753331065 4641.0322399027646 14929.310355771333 1942.8672720976174 30663.735256180167 12983.626455195248 133744.5247143358 2261.0137130841613 40005.776849396527 17940.066804409027 150320.31006995961 56880.390738490969 8694.2886129468679 14567.816062867641 7201.9953030943871 10901.364035435021 36012.368518169969 84906.102590709925 1061.8876539580524 85079.777985461056 29035.162118300796 5593.3216933906078 62984.431960072368 5806.5339833796024 5366.1160397678614 3338.6046642512083 3758.6631037294865 23905.26674548164 18837.410140410066 4390.6800236403942 4934.8643325269222
leaf_count=44551 94216 54064 37317 51368 16605 304829 2733 79149 50831 290058 96062 34924 28255 25383 11566 93873 153752 2938 237678 68660 18282 114553 10239 16522 11400 8931 36696 40626 8281 16075
internal_value=-7.96586e-05 8.82161e-05 0.000174044 0.000245151 -6.8127e-05 -0.000234908 -0.00282638 0.000433203 -0.00103683 0.00172988 0.000132346 -0.00343103 -0.00229608 -0.00356509 0.00653213 -0.00315357 -0.00123736 -0.0084732 -0.00258588 -0.000608078 -0.010599 0.00294407 -0.00192686 -0.00276296 -0.00777601 -0.00304349 0.00224999 -0.00106081 -0.00861324 -0.0045736
internal_weight=884905 880263 878048 876105 834540 821557 168380 653177 306128 347049 205698 100430 82410.5 67842.7 41565.1 166119 124912 15991.2 150127 65047.5 12795.3 213305 55047.4 49240.9 12463.4 7097.27 80785.7 36777.5 18019.8 9325.54
internal_count=2060417 1966201 1921650 1884333 1821399 1804794 459946 1344848 635408 709440 365659 269749 210469 182214 62934 457213 232901 57002 400211 162533 43665 404611 138549 128310 36853 20331 132758 91457 59280 24356
is_linear=0
shrinkage=0.03


Tree=86
num_leaves=31
num_cat=0
split_feature=87 24 97 40 97 24 39 38 0 33 46 51 30 24 39 63 38 40 30 98 31 24 30 24 39 41 24 39 20 98
split_gain=5109.81 2778.02 2158.08 1897.84 1514.52 1039.78 976.713 1191.04 937.625 898.633 835.937 800.744 629.641 637.734 590.608 851.256 584.059 580.288 529.083 510.283 485.83 478.302 547.535 686.327 403.592 416.388 398.479 498.393 390.889 388.033
threshold=1.9999099969863894 2.5000000000000004 2.9998425245285039 142.50000000000003 1.3269196152687075 73.500000000000014 131.50000000000003 173.50000000000003 3.5000000000000004 3.5000000000000004 10.92337226867676 19.275892257690433 75.500000000000014 47.500000000000007 141.50000000000003 0.19999998062849048 123.50000000000001 201.50000000000003 55.500000000000007 1.6590567827224734 31.500000000000004 55.500000000000007 63.500000000000007 41.500000000000007 5.5000000000000009 7.4030003547668466 37.500000000000007 64.500000000000014 81.500000000000014 2.2499240636825566
decision_type=2 2 2 10 2 2 10 10 2 2 2 2 2 2 10 2 10 10 2 2 2 2 2 2 8 2 2 8 2 2
left_child=1 -1 3 4 8 6 7 9 14 -6 24 12 13 18 15 16 -3 -5 26 -14 -12 22 23 -13 25 -10 27 -11 -29 -25
right_child=-2 2 -4 17 5 -7 -8 -9 10 11 20 21 19 -15 -16 -17 -18 -19 -20 -21 -22 -23 -24 29 -26 -27 -28 28 -30 -31
leaf_value=-0.03360726915940275 -0.031721368331960445 -0.0022296499421148408 -0.031507678859708774 0.004491484322818054 -0.0063050583596096733 -0.016253835689988973 0.010702810929581166 0.031627260528567458 0.012747693934651373 0.0014740163096034265 -0.00034422918206092719 -0.002747015989846468 0.0016830570052056831 -0.0078948649951389102 0.0057045138252827619 0.0010685741255629085 0.0079069494424678279 0.01253570501575877 0.0060630801833797057 0.014158443029614746 0.0043610151524870102 -0.0099797535809817723 0.003486565911071176 -0.01677483946174654 0.0036111834936595794 0.0044425770019090463 -0.0066513011653211319 -0.003865333002499932 0.0098474321787938475 6.0086285190870811e-05
leaf_weight=2160.846863143146 4513.5973987169564 149059.59863103554 1896.3101890645921 30661.028768979013 36796.676793314517 4394.1615530997515 5688.5046070367098 933.31114141643047 10177.587802454829 65775.904275089502 79500.6776342839 49985.834688492119 7570.9907163232565 9739.7780735045671 15903.622563250363 204688.8917789273 5278.3421200439334 10956.651109494269 11953.106363177299 4822.1391429901123 26256.693066865206 9551.9135987460613 10476.869352281094 5263.7206025719643 65989.73796518147 11700.862610384822 8915.6085982322693 31060.867408908904 1971.8192415684462 1606.8055688589811
leaf_count=44678 94278 328104 37393 51190 128969 18772 8177 901 13233 168677 138361 133063 17258 36022 25910 388101 10184 11584 23083 9473 39968 32952 21426 20757 107786 18251 29588 91238 4558 4882
internal_value=4.64302e-05 0.00020995 0.000293886 0.000363392 5.17106e-05 -0.00181429 -0.001571 -0.00184409 0.000926422 -0.00196883 0.00262159 -0.00123872 9.80201e-05 -0.000520956 5.08909e-05 -0.000199848 -0.001882 0.00661428 8.03787e-05 0.00655219 0.000824559 -0.00370365 -0.00281062 -0.00397182 0.0047838 0.00831413 -0.000584466 -3.58131e-05 -0.00304131 -0.0128489
internal_weight=885252 880739 878578 876682 835064 266508 262114 256425 568556 255492 193626 218695 141810 129417 374930 359027 154338 41617.7 119677 12393.1 105757 76885.1 67333.2 56856.4 87868.2 21878.5 107724 98808.6 33032.7 6870.53
internal_count=2058817 1964539 1919861 1882468 1819694 749796 731024 722847 1069898 721946 317599 592977 379897 353166 752299 726389 338288 62774 317144 26731 178329 213080 180128 158702 139270 31484 294061 264473 95796 25639
is_linear=0
shrinkage=0.03


Tree=87
num_leaves=31
num_cat=0
split_feature=87 24 97 40 97 39 24 18 24 98 38 30 24 30 24 30 30 26 97 68 24 51 24 18 24 18 3 18 18 18
split_gain=4901.57 2641.81 2057.74 1683.93 1522.06 1047.37 951.32 1169.9 936.068 929.211 877.457 850.931 1275.09 916.461 1155.54 730.28 702.653 669.873 638.792 642.999 600.837 554.035 527.89 755.672 467.497 824.684 416.972 406.752 400.287 394.124
threshold=1.9999099969863894 2.5000000000000004 2.9998425245285039 201.50000000000003 1.280690670013428 192.50000000000003 61.500000000000007 39.500000000000007 51.500000000000007 1.1578919887542727 173.50000000000003 61.500000000000007 41.500000000000007 41.500000000000007 28.500000000000004 29.500000000000004 87.500000000000014 102.50000000000001 1.1162755489349367 0.28571428358554846 69.500000000000014 13.762328147888185 3.5000000000000004 2.5000000000000004 34.500000000000007 24.500000000000004 2.5000000000000004 23.500000000000004 29.500000000000004 33.500000000000007
decision_type=2 2 2 10 2 10 2 2 2 2 10 2 2 2 2 2 2 2 2 2 2 2 2 2 2 2 2 2 2 2
left_child=1 -1 3 4 9 6 7 8 10 18 11 12 13 14 15 22 -11 -8 19 21 -20 -3 23 -6 -15 -26 -21 -16 -27 -14
right_child=-2 2 -4 -5 5 -7 17 -9 -10 16 -12 -13 29 24 27 -17 -18 -19 20 26 -22 -23 -24 -25 25 28 -28 -29 -30 -31
leaf_value=-0.033457255574991442 -0.031658233059647919 0.00053517523018411443 -0.031442102616714596 0.011970998849289441 0.0061053713221222066 0.016390857863649022 0.01018731556181105 0.0067306232954702852 -0.011055071019643915 0.0015448336437678155 0.023386809906340338 0.003744683569353922 -0.015207246273271333 0.0048184382003588723 -0.014266194689561605 0.0020359026689087682 0.0059116989847177222 -0.010102084932857051 -0.0019532900793154369 0.0012864051673865781 -0.015769212618615094 -0.0030997383843143918 -0.0026842068039664027 -0.035915017760349721 -0.01444951293846832 -0.0018240793604222512 0.0049255856718388481 -0.0052979090926411794 0.0078731602284801399 -0.0038259583731343962
leaf_weight=2092.9982311092317 4390.5346665009856 135632.13463590294 1834.2504040487111 10773.307321719825 615.15758945047855 2845.1984071582556 1585.1476736664772 15060.705138117075 9582.097184419632 99304.255365148187 1247.3557722792029 23945.275364264846 8420.9786550104618 25449.92899005115 9132.9128607064486 34410.417416915298 49785.41093672812 17151.404225975275 55833.377596408129 127799.30778749287 2965.1425559967756 52265.726233679801 119566.57650478184 987.79908622801304 3514.9546252787113 11260.544278204441 36398.283091198653 9128.3355196118355 5782.287651091814 4078.2011364251375
leaf_count=44633 94337 270484 37190 11596 2782 2716 4058 33037 32620 189260 1416 45968 32476 47901 32362 75177 74126 59789 113244 236480 6849 98564 353397 9131 11287 28446 56697 28254 12464 13566
internal_value=-0.000111402 4.69878e-05 0.000127768 0.000194701 4.75443e-05 -0.00166226 -0.00183403 -0.00139905 -0.00185789 0.00097506 -0.00151486 -0.00163787 -0.00219286 -0.00166239 -0.00265879 -0.00182015 0.00300366 -0.00837653 0.00023889 0.000722304 -0.00265514 -0.000476136 -0.00291537 -0.0199126 0.00210205 -0.00126217 0.00209362 -0.00979388 0.00147137 -0.0115058
internal_weight=882840 878449 876356 874522 863749 303765 300920 282184 267123 559984 257541 256293 232348 219849 173841 155580 149090 18736.6 410894 352095 58798.5 187898 121170 1602.96 46007.7 20557.8 164198 18261.2 17042.8 12499.2
internal_count=2060307 1965970 1921337 1884147 1872551 826847 824131 760284 727247 1045704 694627 693211 647243 601201 501103 440487 263386 63847 782318 662225 120093 369048 365310 11913 100098 52197 293177 60616 40910 46042
is_linear=0
shrinkage=0.03


Tree=88
num_leaves=31
num_cat=0
split_feature=87 24 97 40 97 69 38 63 52 39 39 37 69 0 51 3 56 51 93 40 39 68 32 24 18 0 24 46 50 40
split_gain=4796.8 2561.29 2015.29 1691.42 1468.13 1131.73 841.459 756.164 871.204 751.52 637.938 602.04 800.084 575.54 550.676 505.226 423.285 394.023 391.658 426.914 358.712 357.403 341.241 441.172 351.429 343.842 328.251 279.009 589.287 315.834
threshold=1.9999099969863894 2.5000000000000004 2.9998425245285039 201.50000000000003 1.8292622566223147 0.17255769670009616 134.50000000000003 0.20970761775970462 8.2753710746765154 169.50000000000003 123.50000000000001 130.50000000000003 0.034516798332333572 4.5000000000000009 11.027670860290529 4.5000000000000009 26.156033515930179 9.1570639610290545 1.0864861011505129 125.50000000000001 9.5000000000000018 0.26386627554893499 47.500000000000007 53.500000000000007 39.500000000000007 4.5000000000000009 37.500000000000007 8.8193674087524432 0.080128200352191939 72.500000000000014
decision_type=2 2 2 10 2 2 10 2 2 10 10 8 2 2 2 2 2 2 2 10 8 2 2 2 2 2 2 2 2 8
left_child=1 -1 3 4 5 6 9 10 15 11 13 12 -3 17 -15 27 22 20 19 -14 -7 -20 25 24 26 -6 -24 28 -9 -29
right_child=-2 2 -4 -5 16 7 -8 8 -10 -11 -12 -13 18 14 -16 -17 -18 -19 21 -21 -22 -23 23 -25 -26 -27 -28 29 -30 -31
leaf_value=-0.033328078775927666 -0.031600872658141078 -0.0062350339312065226 -0.031374152717966404 0.012103057020025999 -0.0050046085767409621 0.0074733186887382874 0.0085409677933972715 0.003152704952131085 0.00056984060205917699 0.0097124773968751826 0.0054572075712326041 0.021847328608023721 -0.0026585003477952126 0.0060563294744909327 0.00010245176848477854 0.0083901671708402296 -0.0068618781662997917 -0.0031879326025179831 -0.0024115578524441261 0.0050966134965944789 -0.0005098831584114885 0.0018891369325227619 0.002427132746529568 -0.011040511371237884 0.016356902968604418 0.0099327251856762243 -0.0058352298917516473 0.0024345684072911949 0.0097056429469086006 -0.0043718237569445101
leaf_weight=2028.6210830099881 4275.9057256430387 31575.102827124298 1789.244107156992 10810.050361789763 30758.155706588179 5286.6524348147213 7829.3165730983019 80901.45793999359 127284.25609061122 5290.1794158890843 18907.590198352933 952.82417142018676 109196.88265187666 21837.492724716663 38799.751923471689 19790.071183793247 24710.962912499905 57093.835702706128 25478.996686611325 6767.3543009348214 111516.01962724328 54675.803989499807 19226.500552985817 2835.8168540596962 1317.6195987164974 1434.2240718156099 5562.9706471115351 33928.005161643028 14566.679901584983 7470.2994140386581
leaf_count=44511 94521 83402 37361 11582 109691 9237 13054 158526 246515 6839 32143 1936 246857 37529 73531 31606 83981 122380 56234 11866 249374 102967 53665 12894 2698 3648 19337 63230 23705 15796
internal_value=2.27787e-05 0.000177218 0.000255426 0.000320759 0.000173237 0.000583514 -0.00112104 0.0013504 0.00241354 -0.00144511 0.000159228 -0.00170409 -0.00180455 -0.000268313 0.00224793 0.00391129 -0.00354975 -0.00114588 -0.00109068 -0.00220513 -0.000147335 0.000521804 -0.00220917 0.000154872 0.00137846 -0.00433337 0.000569778 0.00326254 0.00415439 0.00120484
internal_weight=883899 879623 877594 875805 864995 779149 241766 537382 283941 233937 253441 228647 227694 234534 60637.2 156657 85846.3 173897 196119 115964 116803 80154.8 61135.3 28942.9 26107.1 32192.4 24789.5 136866 95468.1 41398.3
internal_count=2060616 1966095 1921584 1884223 1872641 1586727 523155 1063572 539378 510101 524194 503262 501326 492051 111060 292863 285914 380991 417924 258723 258611 159201 201933 88594 75700 113339 73002 261257 182231 79026
is_linear=0
shrinkage=0.03


Tree=89
num_leaves=31
num_cat=0
split_feature=92 24 18 97 92 78 89 97 38 92 92 30 24 18 24 98 32 20 97 92 97 24 30 38 88 38 59 66 92 91
split_gain=3560.89 1933.71 1823.42 1710.92 1665.19 1148.7 921.886 812.895 837.835 743.397 683.253 609.803 602.636 483.755 517.802 397.074 386.396 372.535 355.546 477.25 349.361 376.001 331.837 316.567 307.567 289.426 299.328 287.479 281.049 309.848
threshold=2.5714037418365483 3.5000000000000004 2.5000000000000004 2.9998425245285039 1.4454341530799868 1.1191232204437258 -0.6633809208869933 1.1538341641426089 173.50000000000003 0.89999762177467357 1.1538438200950625 85.500000000000014 51.500000000000007 35.500000000000007 43.500000000000007 0.86234769225120556 323.50000000000006 51.500000000000007 1.7906786799430849 1.0292097330093386 1.3749957084655764 30.500000000000004 59.500000000000007 inf 0.39999639987945562 47.500000000000007 0.12848753482103351 15.968884468078615 1.2301363945007326 2.9999905824661259
decision_type=2 2 2 2 2 2 2 2 10 2 2 2 2 2 2 2 2 2 2 2 2 2 2 8 2 10 2 2 2 2
left_child=1 2 4 5 -1 6 18 28 10 20 16 12 13 14 23 -13 -9 -14 19 25 -7 -22 -12 -11 -20 26 -3 -19 29 -8
right_child=-2 3 -4 -5 -6 9 7 8 -10 11 22 15 17 -15 -16 -17 -18 27 24 -21 21 -23 -24 -25 -26 -27 -28 -29 -30 -31
leaf_value=0.0041649881555377456 -0.02987807296426245 -0.0037649232753118487 -0.042767618212492191 -0.031103210769930979 -0.034254710931282566 0.00035185852727344597 -0.00050809172924897318 -0.0046006101042463934 0.019844848225788046 0.0023736042806490648 -0.0023684737660180258 0.00061428843274967848 0.014389877106461302 0.012132484727538764 -0.0059896048539874571 0.0065836317983328342 -0.011631342460451537 0.0016784828742290258 0.0060188816447272527 0.0035107247604390947 -0.0012224119059160447 -0.010631147140567098 0.0022962166157128329 -0.0077071494392098039 -0.0042343798233697274 0.0069687031316157692 0.00061897639234897159 -0.01445756927210934 0.0021585363282610459 -0.0085213590629161645
leaf_weight=3554.9980409033597 3566.0041518807411 16461.333636187017 1687.4006510488689 1548.5443362183869 1399.2398445978761 85198.187124248594 142527.99045620114 68981.177647590637 1402.792062971741 142262.84439427033 65587.344600889832 12847.521921001375 594.43833594024181 4156.137362152338 7325.4328043237329 45767.51277577877 7828.0857428759336 1328.5493509024382 3079.3507849425077 65142.750105537474 11614.502724461257 5682.6757538765669 17339.158654928207 2840.9623527862132 17541.98735460639 5556.8393982127309 93744.700715005398 3877.5100567489862 37439.255267363042 4459.4659862965345
leaf_count=13688 79986 36277 12483 34488 25750 170140 288496 197234 1568 300305 174390 21512 1462 7749 18236 70990 22254 4322 9276 114548 34443 20234 31480 10339 57875 10784 190457 14898 74311 10255
internal_value=-4.41362e-05 7.76045e-05 -0.0160242 0.00020059 -0.0067801 0.000256984 -0.000580972 -0.00152138 -0.00307787 0.00167407 -0.00328164 0.00265338 0.00170622 0.00205832 0.00178208 0.0052759 -0.00531999 -0.0077731 0.00103157 0.00145706 -0.000437626 -0.00432219 -0.00139281 0.0021752 -0.00269893 0.000300999 -3.64054e-05 -0.0103491 -0.000161247 -0.000752333
internal_weight=882345 878779 6641.64 872137 4954.24 870589 547092 345565 161139 323496 159736 221001 162386 156585 152429 58615 76809.3 5800.5 201527 180906 102495 17297.2 82926.5 145104 20621.3 115763 110206 5206.06 184427 146987
internal_count=2060230 1980244 51921 1928323 39438 1893835 1219205 799988 426926 674630 425358 449813 357311 336629 328880 92502 219488 20682 419217 352066 224817 54677 205870 310644 67151 237518 226734 19220 373062 298751
is_linear=0
shrinkage=0.03


Tree=90
num_leaves=31
num_cat=0
split_feature=87 24 40 40 39 69 68 52 38 100 92 39 1 92 87 40 24 33 51 38 72 47 92 3 79 37 86 34 0 51
split_gain=4571.67 2408.32 1757.66 1571.79 1019.12 995.702 811.809 947.018 742.149 682.201 647.705 641.186 546.343 501 613.613 496.976 457.433 454.611 576.568 479.778 443.821 438.956 325.575 319.865 316.075 312.21 311.244 301.395 292.129 316.991
threshold=1.9999099969863894 2.5000000000000004 125.50000000000001 66.500000000000014 192.50000000000003 0.2629514634609223 0.137970045208931 9.2020964622497576 134.50000000000003 -0.82043972611427296 1.9285621643066408 154.50000000000003 1.5000000000000002 1.3636317253112795 1.199993968009949 201.50000000000003 9.5000000000000018 10.500000000000002 12.39949941635132 150.50000000000003 0.96153447031974804 6.0559689998626718 1.1249905228614809 10.500000000000002 -0.2113118842244148 106.50000000000001 1.0487878322601321 15.500000000000002 5.5000000000000009 12.844141483306887
decision_type=2 2 10 8 10 2 2 2 10 2 2 10 2 2 2 10 2 2 2 10 2 2 2 2 2 8 2 2 2 2
left_child=1 -1 3 4 5 8 21 12 9 22 15 17 28 14 20 -4 -12 19 -19 25 -11 23 -3 -7 26 -5 -9 -20 29 -8
right_child=-2 2 10 11 -6 6 7 24 -10 13 16 -13 -14 -15 -16 -17 -18 18 27 -21 -22 -23 -24 -25 -26 -27 -28 -29 -30 -31
leaf_value=-0.033203085742524403 -0.031534533703556605 5.0830911067277193e-06 0.0045975309131855453 -0.0052431813400909168 0.014250462551788764 -0.00034153481529453539 0.0044713375941500917 0.0023282703336104092 0.012452275843695999 -0.0041455529261696586 -0.025064364903392224 0.0072291460820952417 0.010086486981815076 0.00097875891676449584 -0.0085197231251346022 0.011963617456429414 0.0020892268866382789 0.00033988105213421171 -0.0064410576491356957 0.011834683228911862 -0.0006936622487302411 -0.0051942733674069184 0.0038987899167046928 0.0046959491439784694 0.0058249294691058891 0.010997512000250991 -0.0016627742223313318 -0.0013706384950335335 0.0082214198545532292 0.0011059839796394107
leaf_weight=1925.0176418144256 4099.7115042172372 72999.754263035953 44417.076211310923 73234.98762344569 4841.5922129265964 91735.751126006246 63964.629291117191 26367.350891347975 3728.3593296296895 58673.946734935045 1019.9500715322793 5782.3671414703131 13146.973658371717 39569.749581724405 15225.615346387029 10120.628950051963 1199.6416689828038 58654.671715080738 24237.174357227981 1535.6005024537444 78189.918087888509 15053.948525927961 26266.726348310709 12924.938171587884 8271.706156808883 1062.9974636174738 52707.023301109672 18696.602348424494 11292.052802857012 41573.819199915975
leaf_count=44537 94297 137933 76270 228887 4910 208303 126157 51952 5819 151954 3034 8740 21301 97264 38402 10928 2056 128088 59150 2657 185015 34255 42948 24670 15824 2971 110828 37042 18813 85148
internal_value=-5.59817e-06 0.000142266 0.000216258 -0.000137295 0.000567473 0.000462152 0.00157576 0.00266845 -0.000811665 -0.000982493 0.00532082 -0.00258577 0.00429169 -0.00202792 -0.0028102 0.00596835 -0.0105008 -0.00290643 -0.00159389 -0.00466384 -0.00217389 -0.000407962 0.00103597 0.000281341 0.000252528 -0.00500793 -0.000331708 -0.00423468 0.00363798 0.00314611
internal_weight=882520 878421 876496 819738 636534 631692 337038 217324 294654 290926 56757.3 183204 129977 191659 152089 54537.7 2219.59 177422 101588 75833.6 136864 119715 99266.5 104661 87346.1 74298 79074.4 42933.8 116831 105538
internal_count=2060153 1965856 1921319 1829031 1361496 1356586 697251 430023 659335 653516 92288 467535 251419 472635 375371 87198 5090 458795 224280 234515 336969 267228 180881 232973 178604 231858 162780 96192 230118 211305
is_linear=0
shrinkage=0.03


Tree=91
num_leaves=31
num_cat=0
split_feature=87 24 97 39 89 100 38 92 87 39 92 87 18 97 24 97 29 87 97 97 92 92 92 92 87 87 45 87 30 24
split_gain=4433.53 2346.22 1892.01 1282.37 1218.17 965.411 943.399 763.766 980.469 799.092 734.136 1185.36 790.586 662.219 698.951 648.173 619.876 605.799 837.865 593.584 800.946 575.789 568.945 545.776 1167.11 462.563 444.501 439.198 382.108 395.177
threshold=1.9999099969863894 2.5000000000000004 2.9998425245285039 192.50000000000003 -0.50199756026267994 -0.82043972611427296 173.50000000000003 1.0132490396499636 0.9999774992465974 45.500000000000007 1.3070695400238039 0.99999123811721813 12.500000000000002 1.3999969363212588 41.500000000000007 1.3269196152687075 253.6093444824219 0.99999535083770763 1.1320725679397585 1.69999235868454 1.3070695400238039 1.1538438200950625 0.86841949820518505 2.2499620914459233 1.5999855995178225 1.6666597127914431 0.26785708963871008 0.91366323828697216 49.500000000000007 34.500000000000007
decision_type=2 2 2 10 2 2 10 2 2 10 2 2 2 2 2 2 2 2 2 2 2 2 2 2 2 2 2 2 2 2
left_child=1 -1 3 4 7 21 10 9 -9 13 15 12 -12 17 28 25 26 22 -19 -10 -21 -6 -3 -13 -25 -7 -17 -24 29 -15
right_child=-2 2 -4 -5 5 6 -8 8 19 -11 11 23 -14 14 -16 16 -18 18 -20 20 -22 -23 27 24 -26 -27 -28 -29 -30 -31
leaf_value=-0.03313473068343973 -0.031479337115121998 -0.00025519475685212642 -0.031253874604505051 0.011699470934878045 -3.1779833210537399e-05 -0.0014751144490902405 0.014349532944387327 0.0082001312326825393 0.002874323493587504 0.0046650699662795919 -0.046394361316078783 0.0010766731422438868 0.0013142305779170035 -0.0011186270752756879 -0.011114422991355082 -0.0046058926686717901 -0.010743466016470525 -0.0015046354124290671 -0.016902712195201647 -0.010635761845967776 0.001817057401522929 0.0038205392393320472 0.0075047928464084821 -0.042883632516837376 -0.0029901914422121355 -0.021247780234557912 0.0033872614163257858 0.0012432913097354214 0.011242703630470549 -0.014397255669961192
leaf_weight=1878.8910329472274 3980.0719517953694 78661.770889729261 1692.5284555032849 8787.4072571918368 119080.33456290141 146290.92567534 3251.2502634450793 27912.050532080233 108066.92782767117 32115.575224347413 792.04039792716503 99522.94132778421 506.52376977354288 17143.696559309959 9715.186202943325 59437.28853418678 13835.776128195226 18602.7962956056 3817.5286904200912 7321.6656232327223 12659.051383793354 49386.810332588851 18617.906106986105 752.07082533836365 4573.4002474248409 1052.7785004340112 6984.078218229115 21983.27013579756 1931.8442421257496 2266.7730237096548
leaf_count=44572 94215 153567 37397 9687 230951 309148 4289 51600 187297 65690 4002 225649 1211 50160 39785 189787 46231 33848 10634 28514 33091 82293 29433 3420 12727 11779 19151 38598 3990 8336
internal_value=3.2647e-05 0.000176103 0.000248242 0.000309886 0.000194084 -0.000756386 -0.00168334 0.00152556 0.00310731 0.000321172 -0.00184038 0.000219925 -0.0280473 -0.000486883 -0.00445274 -0.00280118 -0.00497014 0.000382953 -0.00413921 0.00199606 -0.00275218 0.00109786 0.00123363 0.000575301 -0.00876337 -0.00161926 -0.00376466 0.00411682 -0.00141272 -0.00268254
internal_weight=882621 878641 876762 875070 866282 505466 336999 360816 155960 204856 333748 106147 1298.56 172741 31057.5 227601 80257.1 141683 22420.3 128048 19980.7 168467 119263 104848 5325.47 147344 66421.4 40601.2 21342.3 19410.5
internal_count=2061052 1966837 1922265 1884868 1875181 1140638 827394 734543 300502 434041 823105 247009 5213 368351 102271 576096 255169 266080 44482 248902 61605 313244 221598 241796 16147 320927 208938 68031 62486 58496
is_linear=0
shrinkage=0.03


Tree=92
num_leaves=31
num_cat=0
split_feature=92 24 18 40 92 97 39 69 38 30 24 30 32 92 91 92 24 18 24 30 97 97 30 40 18 97 24 39 24 18
split_gain=3266.84 1645.45 1855.49 1691.5 1604.11 1555.61 1241.42 1302.46 998.034 850.919 1042.8 962.147 930.798 772.494 751.36 639.517 611.527 606.683 718.491 688.687 567.515 559.708 537.554 488.366 484.79 483.781 475.008 454.891 446.966 426.273
threshold=2.5714037418365483 3.5000000000000004 2.5000000000000004 133.50000000000003 1.4454341530799868 2.9998425245285039 192.50000000000003 0.18813606351614001 173.50000000000003 63.500000000000007 32.500000000000007 35.500000000000007 133.50000000000003 1.2301363945007326 0.87890583276748668 0.89999762177467357 21.500000000000004 24.500000000000004 41.500000000000007 51.500000000000007 1.4318137764930727 2.3854792118072514 21.500000000000004 201.50000000000003 19.500000000000004 1.2558117508888247 26.500000000000004 45.500000000000007 61.500000000000007 38.500000000000007
decision_type=2 2 2 10 2 2 10 2 10 2 2 2 2 2 2 2 2 2 2 2 2 2 2 10 2 2 2 10 2 2
left_child=1 2 4 5 -1 6 7 8 15 10 11 16 -11 14 -14 27 22 19 -19 -12 -16 -20 -9 -5 26 -17 -13 -3 -27 -15
right_child=-2 3 -4 23 -6 -7 -8 9 -10 12 17 24 13 29 20 25 -18 18 21 -21 -22 -23 -24 -25 -26 28 -28 -29 -30 -31
leaf_value=0.004844248941434765 -0.029629934746618656 -0.0053082863843120351 -0.042311032842914972 0.0040678517692870819 -0.033967552916724514 -0.030974676127958248 0.012389961359045021 -0.0021501061903185263 0.017099817064142233 0.0064899109993292762 -0.016966846722991917 0.0026044696752974524 0.0023417648929104306 0.0034143269229366339 -0.0010011743409243652 0.00049009826213537938 -0.0057272258729358276 0.0014668673540899492 -0.0094829833982884911 -0.0040268991264126022 -0.010786266038385289 0.014654850383733726 0.0016184152703799244 0.01142659662619501 0.0059840848778879444 -0.00207181603300942 -0.0030809523544582155 -0.00087308878076595997 -0.011183282233025924 0.011667202985880195
leaf_weight=3566.0306370481849 3325.4294396862388 68566.107001099735 1641.9804074093699 37628.215467806906 1288.7401443887502 1449.4065014086664 7103.2417531721294 70725.670543137938 2458.4931967705488 36229.748637415469 6261.7977617606521 62048.544232677668 87445.390213027596 17844.758486017585 67874.04198922962 96337.15512663126 21963.781525477767 19836.920123875141 11631.413167014718 9054.3218579888344 5770.0894924551249 916.25296951830387 65685.664522141218 10346.812072407454 28063.285963736475 76046.251592203975 16788.893064752221 29892.32485890761 5157.1160655766726 8229.3192820101976
leaf_count=13630 79969 178665 12480 66113 25755 34314 7851 212309 3154 61742 21479 111921 159070 28127 121786 182926 65894 47122 42911 18827 21683 2027 137147 11661 50266 209291 34887 67908 18002 11776
internal_value=-4.07219e-05 7.20388e-05 -0.0149466 0.000184357 -0.00555576 -0.000134759 -7.96232e-05 -0.000188628 -0.00185321 0.000675579 -0.000333941 0.000400471 0.00208983 0.0012375 0.000461774 -0.00202326 -0.00108386 -0.00441665 -0.00208742 -0.00933246 -0.00177057 -0.00769988 -0.000335492 0.00565902 0.00259932 -0.000947665 0.00139325 -0.0039622 -0.00265308 0.00602599
internal_weight=881177 877852 6496.75 871355 4854.77 823380 821931 814827 278457 536370 312977 265276 223393 187164 161090 275999 158375 47700.7 32384.6 15316.1 73644.1 12547.7 136411 47975 106901 177541 78837.4 98458.4 81203.4 26074.1
internal_count=2060693 1980724 51865 1928859 39385 1851085 1816771 1808920 659946 1148974 744790 612424 404184 342442 302539 656792 415350 132366 92060 40306 143469 44938 349456 77774 197074 410219 146808 246573 227293 39903
is_linear=0
shrinkage=0.03


Tree=93
num_leaves=31
num_cat=0
split_feature=92 97 40 97 40 92 97 24 98 30 39 90 31 24 97 24 92 24 24 92 72 39 40 79 63 3 98 26 51 40
split_gain=3189.91 1713.89 1258.66 1172.37 1126.21 1201.76 1202.12 899.455 673.825 683.543 559.523 634.56 531.272 518.352 573.346 518.182 676.282 477.005 434.02 455.981 432.358 431.9 419.649 393.527 393.2 392.977 381.459 406.032 363.421 358.641
threshold=2.5714037418365483 1.8749922513961794 142.50000000000003 2.9998425245285039 66.500000000000014 1.2301363945007326 1.2115353345870974 73.500000000000014 0.96428108215332042 128.50000000000003 123.50000000000001 -0.68413794040679921 10.500000000000002 4.5000000000000009 2.8333215713500981 3.5000000000000004 1.4454341530799868 4.5000000000000009 5.5000000000000009 1.9285621643066408 1.3333286643028261 154.50000000000003 112.50000000000001 -3.7364615201950069 0.30312806367874151 24.500000000000004 1.6590567827224734 81.500000000000014 10.544662952423097 201.50000000000003
decision_type=2 2 10 2 8 2 2 2 2 2 10 2 2 2 2 2 2 2 2 2 2 10 10 2 2 2 2 2 2 10
left_child=1 2 4 13 5 6 8 10 24 -10 11 26 18 -3 23 16 -6 -4 19 -7 -13 22 -17 -15 28 -25 27 -8 -1 -19
right_child=-2 3 17 -5 15 12 7 -9 9 -11 -12 20 -14 14 -16 21 -18 29 -20 -21 -22 -23 -24 25 -26 -27 -28 -29 -30 -31
leaf_value=1.9232582292237622e-05 -0.029614610762351088 -0.018394153737027207 -0.0084127641936285694 -0.030934403447272399 -0.0048893543128432828 -0.0039790134298642536 0.0022953090472656945 -0.013166206140066831 0.0017748834768304262 0.0071981218325773179 0.011568171488595489 -0.0047267339118661393 0.0067299766407416849 -0.0086687095492150451 0.020594311632766506 -0.0025082012744152117 -0.034435069766946894 0.0048387419306742544 0.0026074876224253061 -0.039731389138997 0.00080161375043625389 0.0063598663249042568 0.0014982876233089297 -0.002844566051468309 0.0015884263245389528 0.017402488283917762 0.0043837030372624345 -0.0040007926807688341 -0.0038934726516989585 0.011648750321449705
leaf_weight=62493.741073314101 3236.7156660538167 2060.2308993972838 2014.7934996690601 1421.7501241713762 2453.7290556840599 1430.5694419648498 17236.15252122283 6310.321594029665 112197.47184179351 25696.443870142102 2825.3633230254054 62410.792546123266 33026.489454265684 11195.964346993715 880.33719834685326 143115.48197409883 958.77254444919527 28461.596615172923 96524.361004441977 396.04314827732742 15987.048987396061 5949.2268860824406 28143.516482651234 60974.540921922773 74909.104429915547 855.45943516865373 16760.167635887861 19773.878983095288 32442.662659931928 9222.8147502280772
leaf_count=124379 79825 20417 6606 34537 10710 6829 38722 21320 200535 36058 4141 170281 50220 38754 2736 352376 16159 47534 186467 3700 40887 9625 56628 199180 134252 2175 42931 49469 62387 10241
internal_value=2.11973e-05 0.000131105 0.000543167 -0.00413157 0.000271441 0.000915226 0.000176803 -0.00211371 0.0012286 0.0027864 -0.00159518 -0.00187828 0.00343872 -0.00362193 -0.00320527 -0.00179722 -0.0133428 0.00574946 0.00233236 -0.0120771 -0.00359946 -0.00157341 -0.0018497 -0.00349774 -3.63277e-05 -0.0025589 0.000631644 -0.00106894 -0.0013184 0.00651071
internal_weight=881366 878129 800741 77388.3 761041 580421 449043 141304 307739 137894 134993 132168 131377 75966.5 73906.3 180621 3412.5 39699.2 98351 1826.61 78397.8 177208 171259 73026 169846 61830 53770.2 37010 94936.4 37684.4
internal_count=2060081 1980256 1682457 297799 1618076 1172578 925362 367751 557611 236593 346431 342290 247216 263262 242845 445498 26869 64381 196996 10529 211168 418629 409004 240109 321018 201355 131122 88191 186766 57775
is_linear=0
shrinkage=0.03


Tree=94
num_leaves=31
num_cat=0
split_feature=87 24 97 40 77 51 31 65 38 40 33 37 16 100 26 97 24 98 98 97 24 63 51 0 30 32 46 3 30 24
split_gain=4172.26 2144.7 1710.57 1296.82 1233.01 874.875 835.539 815.204 590.382 535.223 496.006 618.759 453.558 443.261 475.51 367.818 563.564 442.643 386.625 398.134 665.201 341.285 327.319 323.13 313.396 312.249 279.307 309.434 266.842 665.265
threshold=1.9999099969863894 2.5000000000000004 2.9998425245285039 179.50000000000003 0.53571277856826793 12.39949941635132 9.5000000000000018 0.18237250298261645 173.50000000000003 179.50000000000003 1.0000000180025095e-35 116.50000000000001 9.5000000000000018 -1.0455460548400877 50.500000000000007 1.5449989438056948 49.500000000000007 2.0769110918045048 1.5762676000595095 1.2558117508888247 67.500000000000014 0.33333325386047369 16.358696937561039 4.5000000000000009 18.500000000000004 41.500000000000007 8.8193674087524432 3.5000000000000004 81.500000000000014 47.500000000000007
decision_type=2 2 2 10 2 2 2 2 10 8 2 8 2 2 2 2 2 2 2 2 2 2 2 2 2 2 2 2 2 2
left_child=1 -1 3 4 21 6 8 12 10 15 11 -6 13 -7 -15 18 -17 -18 19 -9 -21 22 24 -12 25 -3 -8 -28 29 -16
right_child=-2 2 -4 -5 5 7 26 9 -10 -11 23 -13 -14 14 28 16 17 -19 -20 20 -22 -23 -24 -25 -26 -27 27 -29 -30 -31
leaf_value=-0.032988383799345961 -0.031399714850405679 -0.0053900279387938772 -0.031077578501306997 0.0081140715818531425 -0.0084852214028925919 0.0015893954184967082 0.0064428194443256108 0.0022451244640655115 0.017102090638362346 -0.0067763720824634147 0.00079537705618728432 0.022099013150721943 -0.011942003873671647 0.00045395245626398355 -0.0036529672018666272 0.00049411372553759584 -0.016995381592952608 0.0019829922349365392 0.0067074577249602758 -0.00066735191507278019 -0.019831300316176342 -0.00034121135867312544 -0.0065896110532114669 0.0038061215469290979 -0.0011180999717279013 0.003738848983641073 -0.0023520326743889986 0.0054180891236414435 -0.0017995327857665826 -0.013364737693915163
leaf_weight=1734.3930681981146 3769.2331923115999 33730.379546631128 1549.3995125442743 18548.901082128286 7784.2022203803062 29883.08446586132 40753.669872060418 100352.52193799242 2044.8075562864542 7382.9930128008127 221709.13581484929 625.4617929123342 3958.8770371824503 34899.37973209098 40171.569472596049 17346.508858848363 3411.9923206418753 1626.3352697193623 14466.198427282274 15884.944233871996 1796.7672508656979 78673.506957549602 18064.254750967026 37494.857025295496 74861.305769771338 3732.4323304072022 8199.7817504107952 10498.285303607583 37200.388896927238 7526.8080674409866
leaf_count=44560 94326 111355 37261 23638 26405 51833 66567 166628 2371 19938 492128 1316 9597 77345 93775 47803 15611 5630 25880 33765 5861 177222 44148 74466 166285 9627 15949 17686 72051 28087
internal_value=1.21555e-05 0.000148041 0.000214538 0.00027081 0.000100284 0.00074923 0.00183166 -0.000378477 0.00112171 0.00110435 0.000998335 -0.00616351 -0.00194452 -0.00167854 -0.00249384 0.00148083 -0.00207466 -0.0108857 0.00208173 0.00151376 -0.00263495 -0.00190179 -0.00284321 0.00123115 -0.00223964 -0.00447901 0.00505035 0.00201174 -0.00370541 -0.00519044
internal_weight=879682 875913 874179 872629 854080 645019 329110 315908 269658 162268 267614 8409.66 153640 149681 119798 154885 22384.8 5038.33 132500 118034 17681.7 209062 130388 259204 112324 37462.8 59451.7 18698.1 84898.8 47698.4
internal_count=2059114 1964788 1920228 1882967 1859329 1350692 696888 653804 596686 321116 594315 27721 332688 323091 271258 301178 69044 21241 232134 206254 39626 508637 331415 566594 287267 120982 100202 33635 193913 121862
is_linear=0
shrinkage=0.03


Tree=95
num_leaves=31
num_cat=0
split_feature=92 30 40 69 38 51 92 18 18 63 69 92 74 63 76 18 78 92 59 18 38 83 29 52 92 51 46 40 43 92
split_gain=2846.04 1415.97 1361.82 1037.49 803.508 746.472 738.846 922.196 672.616 648.47 641.627 640.641 516.112 515.312 455.677 449.241 410.704 369.28 391.143 355.253 331.807 306.926 316.199 296.793 288.29 299.787 286.561 285.903 283.882 279.507
threshold=2.5714037418365483 12.500000000000002 152.50000000000003 0.2373076602816582 134.50000000000003 17.465909004211429 1.9285621643066408 4.5000000000000009 1.5000000000000002 0.20970761775970462 0.071428570896387114 2.2499620914459233 -3.2603669166564937 0.15384615212678912 2.5437291860580449 33.500000000000007 1.6666646003723147 0.62499824166297924 0.15384615212678912 23.500000000000004 150.50000000000003 1.3455142974853518 93.681201934814467 7.8483734130859384 1.3636317253112795 9.5931410789489764 8.3771190643310565 201.50000000000003 0.59999993443489086 1.7142792940139773
decision_type=2 2 10 2 10 2 2 2 2 2 2 2 2 2 2 2 2 2 2 2 10 2 2 2 2 2 2 10 2 2
left_child=1 6 3 4 10 9 8 -8 -1 15 24 -9 -12 16 -15 -5 -7 -14 -19 29 -10 26 -23 -21 25 -3 -17 -4 -16 -11
right_child=-2 2 27 5 -6 13 7 11 20 19 12 -13 17 14 28 21 -18 18 -20 23 -22 22 -24 -25 -26 -27 -28 -29 -30 -31
leaf_value=-0.030818501565237584 -0.028560718503111565 -0.0033807937379129811 0.0046946718527746539 7.6433232518864343e-05 0.009676746823031759 -0.0048488153023240436 -0.036373295897535469 0.0023617982288690136 -0.0036583556669099442 0.0021308387948247138 -0.0053905459766508037 -0.024678835019522061 -0.0033247755166288793 -0.0003663262522760503 0.0068119054727196239 0.0048076323828276177 0.0026446975647797313 0.0014634704140487297 -0.0011286188563628284 0.0076118479131033175 0.0087580871536182409 0.016926549469371395 0.0033237866480418524 0.001088116364772211 0.00021550766192619927 -0.0081057069529731525 -0.0018112692225600361 0.011105664641206469 0.00046568004003560699 0.010890581942126077
leaf_weight=783.50432524643838 3125.1264555640519 47304.660314232111 21226.445764962584 129006.0140622817 6044.9076207373291 33262.812644604594 1386.5838119182736 2174.850743573159 45885.080334834754 63040.063414949924 18945.031994648278 1214.3307627476752 30647.186843331903 116408.4647215344 14509.463830016553 17690.170717116445 8191.8113347999752 107448.15035923943 102217.2496780958 29717.949367903173 2003.7452321015298 3024.1337666139007 3133.0964341387153 7964.6624425537884 13640.379462834448 16244.512579191476 8805.0347846113145 8898.506758775562 11265.750324357301 3440.0448988974094
leaf_count=18605 80027 115016 34774 285099 10122 76601 20289 9846 176920 128103 43505 10855 71510 240485 26094 34191 16594 227050 223007 51523 3632 4539 5946 15288 32601 39406 18232 10010 23226 6993
internal_value=-7.3873e-05 2.8459e-05 0.000336132 9.79101e-05 -0.00114595 0.00104575 -0.00470217 -0.0159391 -0.0035935 0.00206187 -0.00134096 -0.0074147 -0.000625985 -0.000425172 0.000433027 0.000872276 -0.00336747 -0.000249953 0.000199773 0.00390757 -0.00313539 0.00401459 0.010038 0.00623429 -0.00374159 -0.00459075 0.00260829 0.0065945 0.00404063 0.00258725
internal_weight=878650 875525 822077 791952 342492 449459 53448.1 4775.77 48672.3 265821 336447 3389.18 259258 183638 142184 161658 41454.6 240313 209665 104163 47888.8 32652.4 6157.23 37682.6 77189.6 63549.2 26495.2 30125 25775.2 66480.1
internal_count=2060089 1980062 1739915 1695131 762217 932914 240147 40990 199157 549914 752095 20701 565072 383000 289805 348007 93195 521567 450057 201907 180552 62908 10485 66811 187023 154422 52423 44784 49320 135096
is_linear=0
shrinkage=0.03


Tree=96
num_leaves=31
num_cat=0
split_feature=92 24 97 92 40 39 40 92 97 88 92 89 93 88 36 40 93 88 39 92 97 92 79 92 92 11 37 33 51 38
split_gain=2853.41 1737.93 1445.63 1283.28 1237.57 1064.44 1057.68 990.62 1549.65 793.676 978.349 606.727 556.68 604.977 505.727 436.357 433.795 417.001 370.888 357.532 345.49 348.095 362.364 333.221 331.954 346.631 318.256 342.51 437.858 357.746
threshold=2.5714037418365483 3.5000000000000004 2.9998425245285039 1.4454341530799868 125.50000000000001 192.50000000000003 66.500000000000014 1.3333277702331545 1.3269196152687075 0.79999598860740673 0.86841949820518505 -0.6633809208869933 1.0363631844520571 0.9629613757133485 5.5000000000000009 201.50000000000003 1.3646629452705386 1.1641783118247988 25.500000000000004 1.9999864697456362 1.1162755489349367 0.54545119404792797 -3.2452926635742183 0.85713458061218273 0.9999774992465974 7.6748983860015878 116.50000000000001 20.500000000000004 9.1570639610290545 28.500000000000004
decision_type=2 2 2 2 10 10 8 2 2 2 2 2 2 2 2 10 2 2 8 2 2 2 2 2 2 2 8 2 2 10
left_child=1 3 4 -1 5 6 7 8 11 10 18 23 24 -14 -9 19 -15 -18 -10 -6 21 -13 -23 -3 25 -11 27 29 -29 -8
right_child=-2 2 -4 -5 15 -7 26 14 9 12 -12 20 13 16 -16 -17 17 -19 -20 -21 -22 22 -24 -25 -26 -27 -28 28 -30 -31
leaf_value=-0.006523973309091954 -0.028952202374319721 0.00049060939309186443 -0.030819999462360075 -0.036029998673951555 0.0037669585629845916 0.011695058900446786 -0.00471370015553421 0.0036690460804823409 -0.0092879342212092326 -0.0077981055791385171 0.003850950474227175 -0.0035374546848773846 0.0040114215900004949 -0.0072993893152369458 -0.0030431189037477377 0.010255712641516085 0.0060766025039429936 -0.0036061865141198473 -0.0017396536682930293 -0.012969824535589234 -0.0021143898217835188 -0.0016013007915725 0.0019399608573509104 0.0032917070511597974 -0.0051207193261999266 -0.018110461665887284 0.014136776369885735 0.0020500747315757022 -0.0027853442267370345 -0.0011909059893129778
leaf_weight=4266.8212854862213 3036.9216131549329 61065.721045553684 1330.4204147420824 1913.0396594777703 44066.165862012655 6863.9578320868313 66248.286777881905 100169.22134721838 8568.9807908385992 7449.0806588083506 28142.515430927277 16600.125048790127 9173.7472237050533 23430.358819250017 11220.46026343666 9996.7625735737383 5058.7632079869509 18888.501012764871 18468.300853818655 1160.284962117672 59970.724572621286 34632.455989856273 104230.6628125757 102193.61193870008 13798.996916536242 4883.5486442744732 1048.1612820252776 30481.227593228221 37650.841891448945 42665.229447778314
leaf_count=19534 80043 116998 34350 32298 77780 7744 193277 203936 28509 25735 75247 37651 22293 73959 31149 11632 11533 52360 55983 3668 121761 64251 188783 166355 43876 20235 2514 62857 80042 113891
internal_value=-1.84589e-05 8.25494e-05 0.000195404 -0.0157446 0.000243645 -5.16313e-05 -0.00015195 0.000426804 -0.000126553 -0.00284965 -6.31284e-05 0.000864884 -0.00470881 -0.00303368 0.00299249 0.00458865 -0.00439894 -0.00155737 -0.00413704 0.00333203 -0.000180473 0.000565722 0.00105667 0.00224417 -0.00832887 -0.0119044 -0.00219241 -0.00229067 -0.000622086 -0.00333417
internal_weight=878674 875637 869457 6179.86 868127 812903 806040 627946 516556 137863 55179.8 378693 82683 56551.4 111390 55223.2 47377.6 23947.3 27037.3 45226.5 215434 155463 138863 163259 26131.6 12332.6 178094 177046 68132.1 108914
internal_count=2060244 1980201 1928369 51832 1894019 1800939 1793195 1340614 1105529 409730 159739 695799 249991 160145 235085 93080 137852 63893 84492 81448 412446 290685 253034 283353 89846 45970 452581 450067 142899 307168
is_linear=0
shrinkage=0.03


Tree=97
num_leaves=31
num_cat=0
split_feature=87 97 97 40 78 69 68 92 87 97 87 92 61 26 92 87 97 92 56 39 90 92 6 38 97 29 26 40 40 32
split_gain=3917.43 1593.67 1217.78 1041.37 914.826 631.422 683.118 507.075 590.581 900.766 494.909 603.511 473.88 522.292 445.859 672.504 441.213 438.978 418.959 404.133 436.887 396.905 380.267 363.533 336.423 334.536 327.6 326.486 310.982 310.937
threshold=1.9999099969863894 2.9998425245285039 1.7368384003639223 inf 1.0293288826942446 0.11907437071204187 0.33333325386047369 0.99999737739562999 0.94117397069931041 1.0812362432479861 1.0588207244873049 1.3070695400238039 22.763094902038578 18.500000000000004 1.2499961256980898 0.91366323828697216 2.8333215713500981 0.86841949820518505 11.25112295150757 192.50000000000003 -0.70199698209762562 1.0132490396499636 2.5000000000000004 134.50000000000003 2.062482595443726 129.58592224121097 71.500000000000014 201.50000000000003 164.50000000000003 1.0000000180025095e-35
decision_type=2 2 2 8 2 2 2 2 2 2 2 2 2 2 2 2 2 2 2 10 2 2 2 10 2 2 2 10 10 2
left_child=1 2 3 4 5 23 19 8 17 -10 22 28 13 16 15 21 -4 26 29 20 -7 -14 -9 -1 -16 -8 -6 -22 -12 -5
right_child=-2 -3 12 18 7 6 25 10 9 -11 11 -13 14 -15 24 -17 -18 -19 -20 -21 27 -23 -24 -25 -26 -27 -28 -29 -30 -31
leaf_value=-0.0028302328177356897 -0.031327885002252198 -0.030955505220858104 -0.0046448561747984137 0.017792373256211053 0.0028468415752889685 0.0027162192953659363 0.0046452893236973488 -0.0054461411488339355 0.00059774068593714121 -0.0090935577018291455 -0.00017696329533366936 0.0047000652213415577 -0.0067642912166143302 0.00029250525176732832 0.0018506577244283347 -0.015006261705206895 -0.02756259146168916 0.0058512087476379317 -0.0064510023632374427 0.011484811896454226 -0.0013295238508235527 0.0067844538357787736 0.0066236619691672658 0.006503922217041728 -0.006091130897286706 0.0013077736532893006 -0.0012575101466593274 0.01045464707009891 0.013321868427277736 -0.0016459094799008409
leaf_weight=75664.867166129872 3553.1414333898574 1460.0614368021488 17310.968935485929 735.52135749720037 40952.004665337503 30345.353258058429 39209.15186595358 2466.2904809564352 33154.333768010139 11648.712824545801 56002.010992094874 49926.038806259632 8939.2502173781395 50125.793193217367 9482.1749928407371 8417.2099075317383 771.85992662981153 23079.698777399957 22047.654583154246 2499.7386572677642 171489.77541826107 2468.4778166413307 44283.814114458859 3932.7024435997009 9688.2105799838901 86998.209288410842 30539.127445243299 2122.6043270118535 1559.2848108559847 37766.373091733083
leaf_count=170348 94005 37377 65102 1872 81559 56454 74790 5754 62179 32491 105641 86209 32865 152715 24340 36992 21178 41192 55725 2837 359781 6680 71846 7114 31197 163344 63088 2465 1781 110978
internal_value=2.02628e-05 0.00014826 0.00020095 0.000619872 0.000943776 3.23193e-05 0.000606647 0.00222347 0.000911755 -0.00192491 0.00340851 0.00228705 -0.00279357 -0.00128476 -0.00543068 -0.0085831 -0.00565246 0.00225575 -0.0031552 -0.000456265 -0.000603729 -0.00382578 0.00598487 -0.00236754 -0.00216508 0.00234522 0.00109371 -0.00118426 0.000193208 -0.00126553
internal_weight=878640 875087 873627 766423 705874 412262 332665 293611 139374 44803 154237 107487 107204 68208.6 38995.3 19824.9 18082.8 94570.8 60549.5 206457 203958 11407.7 46750.1 79597.6 19170.4 126207 71491.1 173612 57561.3 38501.9
internal_count=2059899 1965894 1928517 1557448 1388873 837133 659671 551740 280509 94670 271231 193631 371069 238995 132074 76537 86280 185839 168575 421537 418700 39545 77600 177462 55537 238134 144647 362246 107422 112850
is_linear=0
shrinkage=0.03


Tree=98
num_leaves=31
num_cat=0
split_feature=92 97 24 40 40 78 90 92 97 92 24 92 38 40 24 97 98 97 8 98 0 51 33 37 97 24 38 92 66 30
split_gain=2724.85 1356.93 1308.7 1167.09 1068.38 962.988 669.018 650.879 1046.11 514.357 509.68 483.214 465.756 445.546 414.609 366.081 414.82 382.939 549.784 445.574 359.639 353.126 548.791 384.251 350.366 367.311 338.305 330.437 326.02 322.023
threshold=2.5714037418365483 2.9998425245285039 2.5000000000000004 125.50000000000001 75.500000000000014 1.0293288826942446 -0.68413794040679921 1.3999965190887453 1.1999675631523135 0.89999762177467357 7.5000000000000009 1.7142792940139773 134.50000000000003 201.50000000000003 71.500000000000014 1.8749922513961794 1.6590567827224734 1.2558117508888247 41.500000000000007 0.74999848008155834 1.0000000180025095e-35 9.5931410789489764 10.500000000000002 85.500000000000014 1.3499949574470522 30.500000000000004 173.50000000000003 0.83027687668800365 49.535583496093757 35.500000000000007
decision_type=2 2 2 10 8 2 2 2 2 2 2 2 10 10 2 2 2 2 2 2 2 2 2 8 2 2 10 2 2 2
left_child=1 2 -1 4 5 6 -4 8 -8 24 11 -5 14 -12 27 16 17 19 -19 -11 -9 22 23 26 -7 29 -6 -10 -24 -26
right_child=-2 -3 3 10 21 9 7 20 12 15 13 -13 -14 -15 -16 -17 -18 18 -20 -21 -22 -23 28 -25 25 -27 -28 -29 -30 -31
leaf_value=-0.034182291041070532 -0.028889525449643943 -0.030719808857047233 0.0012748561108457438 0.00050443807624947121 -0.0038681214350163111 0.00073123785201425746 -0.00042535215120932673 -0.0043607098643612041 -0.0085197556857943349 -0.00052379330212158463 0.0042574672562125234 -0.020223828152182551 0.017999979575155017 0.011849185288782206 -0.015906824785852057 -0.0013145507691891918 0.0064287415671889911 0.0012893750457556091 -0.0091712850952803959 0.0042848951050315689 0.0029966326710857282 -0.004291018922632484 0.0021003220633833007 0.012532090992506241 -0.0026904544144283025 -0.0099351139003267652 0.011595214851889314 -0.0035932772291162162 -0.0056083933718757062 0.014028402436650969
leaf_weight=977.42897629924119 2904.5074416268617 1262.4359522257 125166.3118500337 7860.3150017932057 58127.463522359729 66375.173896115273 130003.35456729308 7060.8626327496022 15226.019847720861 21621.65690600127 38876.908977847546 1141.6281882859766 782.59831874072552 8469.3731044605374 2991.8325657770038 18917.572375588119 27913.679631169885 31798.810080513358 5250.9243606701493 87521.880731554702 38477.012613689527 52879.460069024935 40696.367850910872 1352.1346722040325 7391.8956738561392 6185.7411021739244 1282.9375937040895 62852.410892985761 5599.6907925009727 1185.4962193667889
leaf_count=20174 79923 34494 261635 16953 185268 128875 251017 22584 48277 40553 65508 4932 1033 9187 10784 60707 60718 69927 13734 139558 81058 130045 88579 3693 22872 21946 1971 168156 13162 2289
internal_value=2.00367e-05 0.000116631 0.000161875 0.000201109 -8.70635e-05 0.000448436 -0.000524072 -0.00139889 -0.00209829 0.00180539 0.00437617 -0.00216333 -0.0047546 0.00561991 -0.00497864 0.00264779 0.00307842 0.00243793 -0.000197325 0.00333236 0.00185443 -0.00228566 -0.00129454 -0.00316897 -0.0001988 -0.00437559 -0.00353041 -0.00455592 0.0011659 -0.000352454
internal_weight=878154 875249 873987 873010 816661 656723 382560 257394 211856 274163 56348.2 9001.94 81852.9 47346.3 81070.3 193025 174107 146193 37049.7 109144 45537.9 159938 107059 60762.5 81138.3 14763.1 59410.4 78078.4 46296.1 8577.39
internal_count=2059612 1979689 1945195 1925021 1828441 1405723 844544 582909 479267 561179 96580 21885 228250 74695 227217 385197 324490 263772 83661 180111 103642 422718 292673 190932 175982 47107 187239 216433 101741 25161
is_linear=0
shrinkage=0.03


Tree=99
num_leaves=31
num_cat=0
split_feature=92 97 18 39 78 90 30 100 98 38 38 69 37 92 74 69 33 63 11 12 46 29 92 27 52 30 39 94 65 46
split_gain=2650.32 1316.67 1166.18 1026.62 1004.44 691.729 669.55 667.317 568.506 498.711 393.274 360.805 402.922 359.234 359.543 342.917 338.388 337.634 340.088 318.681 316.123 311.686 294.709 274.924 272.932 313.605 268.367 263.996 249.983 255.471
threshold=2.5714037418365483 2.9998425245285039 1.5000000000000002 192.50000000000003 1.0293288826942446 -0.78628814220428456 83.500000000000014 -0.78734746575355519 0.86234769225120556 inf 134.50000000000003 0.24648873507976535 130.50000000000003 1.3070695400238039 -0.13540852069854734 0.13399098813533786 1.0000000180025095e-35 0.3914563655853272 212.77070617675784 15.500000000000002 11.770621776580812 129.58592224121097 1.0588193535804751 33.500000000000007 4.8601610660552987 16.500000000000004 47.500000000000007 -0.13313711434602735 0.071858860552310957 8.3771190643310565
decision_type=2 2 2 10 2 2 2 2 2 8 10 2 8 2 2 2 2 2 2 2 2 2 2 2 2 2 10 2 2 2
left_child=1 2 -1 4 5 15 9 23 -8 13 11 12 16 14 19 -4 -9 24 -19 -6 -10 -18 -21 -7 25 -13 -17 -15 -16 -30
right_child=-2 -3 3 -5 6 7 8 10 20 -11 -12 17 -14 27 28 26 21 18 -20 22 -22 -23 -24 -25 -26 -27 -28 -29 29 -31
leaf_value=-0.031296366578093544 -0.028857370038786693 -0.030669190041130497 -0.0032154094746641433 0.010516180852981638 -0.0013613977863442791 0.0011994927194224612 -0.00031606211966326946 -0.0086075886521974013 0.007467747647225775 -0.0087528955968405181 0.0059275001470795383 -0.0048710958982788278 0.013930143986060376 0.0044176506371777224 -0.00073761729818347247 0.0022274755936268565 -0.0022101220178053446 0.0028218683893208728 -0.0080913791940839131 -0.02016273695214774 0.0032484438220704353 -0.0056737363494907883 -0.0051408224167926878 -0.0014676755504256112 -0.0043089941478043209 2.2232041286360459e-05 0.010273922317561617 0.00071938749077846728 0.0030115017114698138 -0.0002652629553606595
leaf_weight=1040.0496342908591 2832.6263058483601 1229.3525011092424 10097.514864370227 8557.6552594453096 25420.593493942171 106962.96324629895 25061.312756568193 10700.0162889231 27232.995027571917 5070.4959960635751 5357.7457909714431 14693.36936865747 1186.501228056848 34801.269436832517 67435.159236229956 59869.726428359747 95981.124175211415 25776.97253466025 2834.930232796818 1551.1816516667604 38785.134665608406 30919.510791795328 4758.0003354921937 51518.373637892306 30865.172412274405 59271.957341983914 3960.8955927863717 34684.61317929998 52860.900014769286 35981.084525346756
leaf_count=22884 79977 34588 22656 10080 55159 204602 43875 43563 42093 19767 10835 52047 3579 67799 157426 121317 247154 60479 7188 6752 65320 76715 12754 95670 75755 135247 7137 86374 110676 79767
internal_value=1.22558e-05 0.00010643 0.000150458 0.000188673 8.60984e-05 -0.000765845 0.00131468 -0.00122077 0.00353073 0.000545754 -0.00210747 -0.00226603 -0.00333689 0.000729526 4.82278e-05 0.00191716 -0.00348778 -0.00115194 0.00173566 -0.00286229 0.00499067 -0.0030548 -0.00888617 0.000332386 -0.00194025 -0.000950892 0.00272985 0.00257236 0.000639456 0.00168465
internal_weight=877299 874467 873237 872197 863640 509997 353643 436069 91079.4 262563 277587 272230 138787 257493 188007 73928.1 137601 133442 28611.9 31729.8 66018.1 126901 6309.18 158481 104830 73965.3 63830.6 69485.9 156277 88842
internal_count=2059235 1979258 1944670 1921786 1911706 1163944 747762 1012834 151288 596474 712562 701727 371011 576707 422534 151110 367432 330716 67667 74665 107413 323869 19506 300272 263049 187294 128454 154173 347869 190443
is_linear=0
shrinkage=0.03


Tree=100
num_leaves=31
num_cat=0
split_feature=24 97 72 39 39 44 65 89 39 39 51 83 68 100 16 97 19 97 30 24 39 46 39 63 64 68 6 93 37 30
split_gain=2211.2 1883.58 1178.72 710.667 646.694 620.339 609.546 513.792 506.289 402.496 382.819 377.594 364.149 358.879 345.97 323.266 313.374 310.467 308.238 466.669 287.466 279.165 303.634 279.127 275.432 272.274 245.96 237.162 228.213 226.314
threshold=2.5000000000000004 2.9998425245285039 0.89898863434791576 169.50000000000003 45.500000000000007 1.1507575511932375 0.11111110076308252 -0.41568067669868464 64.500000000000014 115.50000000000001 12.39949941635132 1.4285697340965273 0.12862394750118258 -0.68768265843391407 4.5000000000000009 1.5833273530006411 2.5000000000000004 1.6595696806907656 128.50000000000003 75.500000000000014 47.500000000000007 8.8193674087524432 8.5000000000000018 0.20970761775970462 0.13517320156097415 0.12862394750118258 1.0000000180025095e-35 1.6086940765380862 106.50000000000001 15.500000000000002
decision_type=2 2 2 10 10 2 2 2 10 10 2 2 2 2 2 2 2 2 2 2 10 2 8 2 2 2 2 2 8 2
left_child=-1 2 4 5 6 7 11 10 -6 -10 16 15 -12 27 -8 -2 20 23 19 -14 -4 22 -15 -16 -18 -7 -11 -9 -24 -29
right_child=1 -3 3 -5 8 25 14 13 9 26 12 -13 18 21 17 -17 24 -19 -20 -21 -22 -23 28 -25 -26 -27 -28 29 -30 -31
leaf_value=-0.032397336178213207 -0.0034063321302059955 -0.03079500403628661 -3.4591686664895234e-05 0.0099527434015008603 0.0044176074056008329 0.0016216688379624817 0.0002896968775945201 0.00014728449558512317 -0.0026948921012142231 -0.0023833089045195229 -0.0052199075572711955 -0.00018951074955116196 0.00046989623438456588 0.0060796484919688294 -0.0081852033819381966 -0.0074174401153294803 -0.00051427692943163412 -0.0091111060484487597 0.0048406738079925073 -0.017317115641397821 0.0044698954717660219 -0.0034764021561091568 -0.0011816259680807065 -0.00098169438862001873 0.0055503544541084136 0.0069460952171053391 0.0047932104053724466 -0.0092100313082368324 0.015348973946189835 0.0043345772971566188
leaf_weight=1881.6941601857543 73064.199145251885 1765.422168046236 40776.233221068978 7771.5683968104422 27100.420449601486 15167.827555328608 101776.9488811139 110881.24530938081 32553.9127335269 6097.7109618969262 9611.8761496692896 23870.015105990693 84718.682610746473 5850.2585389092565 5509.1310893148184 24051.01376285404 8005.0273023247719 6050.849487753585 15063.134600892663 1328.6637973189354 18531.876698747277 43516.788420563564 72639.169916193932 38980.177855329588 42515.012486480176 20123.580786438659 14462.121255261824 1156.1660034395754 739.56399766728282 20249.475648688152
leaf_count=58716 176745 54752 86912 10458 56771 32972 224993 219951 78110 13508 21554 64052 173598 12645 11908 88729 16476 21104 22338 5525 36982 109476 203180 74716 77431 37212 26235 4924 2052 35709
internal_value=-8.31805e-05 -1.28637e-05 5.01499e-05 0.00096067 -0.00128566 0.000823496 -0.00198076 0.000538623 0.00108258 -0.00062009 0.0015989 -0.00357027 0.000353961 -0.000378348 -0.000717916 -0.00440102 0.00285368 -0.00274634 0.000884758 0.000191285 0.00137395 -0.00154652 -0.000485916 -0.00187699 0.00458958 0.00465993 0.00266452 0.000705641 -0.00101088 0.00359509
internal_weight=875810 873928 872163 518646 353517 510875 273302 475583 80214.2 53113.7 220551 120985 110722 255033 152317 97115.2 109828 50540.2 101110 86047.3 59308.1 122746 79229 44489.3 50520 35291.4 20559.8 132287 73378.7 21405.6
internal_count=2059734 2001018 1946266 1109395 836871 1098937 662247 1028753 174624 117853 440816 329526 223015 587937 332721 265474 217801 107728 201461 179123 123894 327353 217877 86624 93907 70184 39743 260584 205232 40633
is_linear=0
shrinkage=0.03


Tree=101
num_leaves=31
num_cat=0
split_feature=87 18 97 40 3 97 46 76 92 87 92 97 87 97 92 87 97 92 87 87 92 97 87 92 92 92 12 38 92 87
split_gain=3680.83 1731.32 1410.32 1017.09 973.789 828.823 568.884 577.075 563.189 792.309 803.977 1006.47 503.01 734.245 559.663 480.935 473.247 738.01 483.121 469.872 640.917 538.469 605.947 415.455 404.312 373.431 740.819 360.617 338.832 316.953
threshold=1.9999099969863894 1.5000000000000002 2.9998425245285039 201.50000000000003 3.5000000000000004 1.69999235868454 11.348569869995119 2.9283059835433964 0.72413626313209545 0.86956349015235912 0.96189993619918834 1.04761677980423 0.66665667295455944 0.95121777057647716 0.49999436736106878 1.0178617835044863 1.2115353345870974 1.0909023880958559 1.0588207244873049 0.9999774992465974 1.1538438200950625 1.1538341641426089 1.0714268684387209 1.1249905228614809 1.2499961256980898 1.2499961256980898 6.5000000000000009 49.500000000000007 2.2499620914459233 0.95346185564994823
decision_type=2 2 2 10 2 2 2 2 2 2 2 2 2 2 2 2 2 2 2 2 2 2 2 2 2 2 2 10 2 2
left_child=1 -1 3 4 5 8 -6 16 12 23 11 -11 14 -14 -3 -13 -8 29 -19 25 21 -21 -23 -10 -20 -12 -27 -7 -22 -18
right_child=-2 2 -4 -5 6 27 7 -9 9 10 19 15 13 -15 -16 -17 17 18 24 20 28 22 -24 -25 -26 26 -28 -29 -30 -31
leaf_value=-0.031052656334204988 -0.031256039213510334 -0.0018942292024004678 -0.030752170065426649 0.0097397339432122552 0.0040465976416765026 -0.003530070435650322 0.0011518398915938528 0.0040294944087352694 0.003721885279805688 -8.8076792000956437e-05 0.0045972979667952456 -0.0052469895209045969 -0.0011644469048163043 -0.0078606194510904941 0.0036153229495958974 -0.015454983544057584 -0.0043804534277920529 0.0074876745480826727 -0.010634441296633766 -0.00010330144412411556 0.0016207063899939633 -0.0014138961573104275 -0.010146017729541329 -0.014755227819662368 0.0001438268713307122 -0.035641076543535495 0.0091478700287755607 0.0038206810108585483 -0.010104908021572377 -0.01451114979889428
leaf_weight=1577.2891222834587 3351.123320762068 47003.490068301558 1302.0870397947729 10040.587287530303 75669.141251768917 86808.384821038693 52505.456469580531 33815.276400525123 70575.255238614976 53499.396341860294 34029.972068503499 26018.37625746429 40484.081833273172 23161.619405433536 25621.797807842493 4935.1190933436155 5335.8388680368662 5481.1387750804424 4317.6850177794695 60135.086967721581 154066.4341943711 17162.501828655601 12251.723533764482 1093.1857489943504 11269.802847299725 598.62680988758802 704.509411200881 6436.8406442198902 2230.6796096712351 5837.4483419805765
leaf_count=47229 94091 106183 37287 11481 143821 295646 86032 64401 138766 102627 61152 66747 83192 60382 52774 15772 15479 10732 11903 109359 289995 39476 35663 2753 23955 5378 1033 20642 5533 20745
internal_value=3.14635e-05 0.000152144 0.000209273 0.000256259 0.000145449 -0.00039906 0.00201465 0.000717359 2.74286e-05 0.000552202 -1.32166e-05 -0.00257974 -0.00165643 -0.00360299 4.99704e-05 -0.00688345 -0.000604864 -0.00346457 -0.000157163 0.000757773 0.000292714 -0.0017307 -0.00505545 0.00343601 -0.00285152 0.00399165 -0.0116547 -0.00302193 0.00145209 -0.00968967
internal_weight=877320 873969 872392 871089 861049 666817 194232 118563 573572 437301 365632 84452.9 136271 63645.7 72625.3 30953.5 84747.4 32241.9 21068.6 281180 245846 89549.3 29414.2 71668.4 15587.5 35333.1 1303.14 93245.2 156297 11173.3
internal_count=2060229 1966138 1918909 1881622 1870141 1493073 377068 233247 1176785 874254 732735 185146 302531 143574 158957 82519 168846 82814 46590 547589 480026 184498 75139 141519 35858 67563 6411 316288 295528 36224
is_linear=0
shrinkage=0.03


Tree=102
num_leaves=31
num_cat=0
split_feature=87 24 97 40 39 69 38 18 24 97 68 26 51 98 97 36 98 37 97 24 52 18 40 65 78 20 98 78 97 79
split_gain=3594.55 1783.03 1376.77 1103.49 950.931 902.522 1071.99 801.254 975.798 1078.16 654.971 652.13 567.557 511.882 758.4 491.084 489.043 410.629 423.227 438.882 405.184 366.657 365.256 341.258 326.794 307.333 305.912 299.197 295.057 294.27
threshold=1.9999099969863894 2.5000000000000004 2.9998425245285039 142.50000000000003 192.50000000000003 0.096169792115688338 134.50000000000003 38.500000000000007 61.500000000000007 1.1999675631523135 0.33333325386047369 129.50000000000003 14.775785446166994 1.3499909043312075 1.4318137764930727 12.500000000000002 1.1578919887542727 130.50000000000003 1.2558117508888247 43.500000000000007 5.7031104564666757 45.500000000000007 201.50000000000003 0.17521929740905764 1.6666646003723147 117.50000000000001 1.8421009182929995 0.63706544041633617 1.69999235868454 -3.7364615201950069
decision_type=2 2 2 10 10 2 10 2 2 2 2 2 2 2 2 2 2 8 2 2 2 2 10 2 2 2 2 2 2 2
left_child=1 -1 3 4 5 6 17 10 21 16 12 -11 15 -13 -15 23 27 18 -3 25 -12 -9 -5 -7 -14 -20 -16 -10 -22 -25
right_child=-2 2 -4 22 -6 7 -8 8 9 11 20 13 24 14 26 -17 -18 -19 19 -21 28 -23 -24 29 -26 -27 -28 -29 -30 -31
leaf_value=-0.032687192701416588 -0.031205094537865442 -0.0015801585219796517 -0.030705452738140331 0.0035246813934666976 0.010987045264259695 5.2440669614425668e-05 0.010442254708306814 0.0060111571726744932 -0.0039712999722542009 0.0076078716727725464 0.002465210625583073 -0.014118599578899963 -0.0035679188091981102 0.0036577372761067671 -0.016261217536610986 -0.0038372866729866517 0.0073504476933481831 0.014933100199151202 -0.0045343186210657976 -0.011260356551765613 0.00055797958252926192 0.01701053796566971 0.010104798181652672 -0.0076986407571078292 0.00043217059896732366 0.0062277110954234646 -0.0034966713246584505 0.002725019149898917 -0.0039016066825747382 0.0051330918677770804
leaf_weight=1457.8119323253632 3264.5309706516564 72165.170477263629 1267.5763207562268 30473.599913313985 7142.6536139249802 197221.41020962596 5664.751337453723 31557.144805327058 7823.8431579321623 3354.6691830903292 117838.40191789344 5814.5394501686096 81523.433249060065 6732.4998846650124 3740.6835156679153 27141.080128885806 17453.606293171644 1134.0069506429136 38704.692068144679 8768.9022486060858 103132.55104870349 2974.9872193336487 10111.183182060719 1736.7826703339815 23725.489917740226 2528.0534531027079 3093.4379829242826 25609.508848920465 15317.740429800004 19321.217918422073
leaf_count=44524 94443 151524 37316 51342 7988 444354 9248 57657 14284 7808 243814 16504 182775 12726 16584 74761 24292 2833 120689 29001 200385 4563 11557 3983 49327 5545 12683 40304 50440 36932
internal_value=0.000120028 0.000237673 0.000293396 0.000339171 0.000103273 8.67369e-06 -0.00229605 0.000436327 0.00280886 0.000856661 -9.25494e-07 -0.00457213 -0.000823533 -0.00668602 -0.00348439 -3.31077e-05 0.00328304 -0.00288288 -0.00305067 -0.00517152 0.00121985 0.00696807 0.0051682 0.000440216 -0.0026663 -0.00387178 -0.0105105 0.00115656 -1.9286e-05 0.00406848
internal_weight=877796 874531 873074 871806 831221 824079 128966 695113 108155 73622.8 586958 22735.8 350669 19381.2 13566.6 245420 50887 123301 122167 50001.6 236289 34532.1 40584.8 218279 105249 41232.7 6834.12 33433.4 118450 21058
internal_count=2060186 1965743 1921219 1883903 1821004 1813016 318840 1494176 207405 145185 1286771 66305 792132 58497 41993 560030 78880 309592 306759 155235 494639 62220 62899 485269 232102 126234 29267 54588 250825 40915
is_linear=0
shrinkage=0.03


Tree=103
num_leaves=31
num_cat=0
split_feature=87 24 92 87 40 69 30 24 32 98 92 100 51 30 24 61 30 95 40 98 98 24 30 65 86 72 78 24 83 29
split_gain=3452.62 1738.03 1372.09 1684.59 1179.22 944.185 563.248 817.717 755.49 599.78 556.62 518.363 500.694 473.474 681.937 446.887 446.459 416.777 389.346 389.305 380.227 362.561 351.943 345.273 339.581 333.707 296.917 296.485 296.474 283.357
threshold=1.9999099969863894 3.5000000000000004 1.4454341530799868 0.98076099157333385 125.50000000000001 0.2629514634609223 63.500000000000007 35.500000000000007 121.50000000000001 1.0840323567390444 0.59999188780784618 -1.1382564306259153 13.303158283233644 35.500000000000007 21.500000000000004 16.259942054748539 21.500000000000004 -0.92027482390403736 201.50000000000003 2.2499240636825566 2.0769110918045048 15.500000000000002 45.500000000000007 0.12352614849805833 0.74087518453598034 0.99999871850013744 0.34285683929920202 41.500000000000007 1.0273969173431399 211.12355041503909
decision_type=2 2 2 2 10 2 2 2 2 2 2 2 2 2 2 2 2 2 10 2 2 2 2 2 2 2 2 2 2 2
left_child=1 2 3 -1 5 10 7 13 -8 17 -3 -12 25 14 16 -9 21 26 -6 22 -15 -7 -17 -14 -11 -13 -10 -24 -19 -25
right_child=-2 4 -4 -5 18 6 8 15 9 24 11 12 23 20 -16 19 -18 28 -20 -21 -22 -23 27 29 -26 -27 -28 -29 -30 -31
leaf_value=-0.043336499247667387 -0.031158482585057528 -0.0042326537305602497 -0.034977840479685322 0.0037880936563679207 0.0033413744248500716 -0.0007052930004756761 0.0069481710887312103 0.00070342072952305108 -0.0040790726894333815 0.006021735540725992 0.0022671072462000139 -0.0011964861459133904 -0.0048516796973491899 0.0018236336803305771 -0.0060523736302000447 -0.022933042287807785 0.0023469816578063187 -0.005374841867350438 0.0099619787659374764 0.0026708840695479842 0.011364436445874881 -0.0084812600349216255 -0.0042488914153506986 0.0012352352281066068 0.0018133174809834656 0.001418974001236961 0.0028858061937906765 -0.013526433264854417 -5.7677750602943275e-05 -0.0026748119985484549
leaf_weight=831.07840710133314 3162.6348136607558 44731.985040118918 2127.1724843271077 3438.2833575196564 45162.600254654884 48301.555247547105 26178.33131685853 8111.1520282663405 6588.7760918363929 27225.4775621593 46564.647505369037 109118.20969497412 41513.720818759874 89359.636348478496 17710.476252581924 1613.1125661283731 50282.115546062589 18554.035764172673 9706.6358192525804 2665.437452852726 3905.6277611553669 6056.0167470220476 7507.0588864386082 24139.723191279918 47141.417016245425 73434.43798837997 33119.209234505892 5295.2765109539032 19187.830917537212 53892.560702541843
leaf_count=5891 94139 114439 51121 13626 78303 142988 44169 22273 12824 49164 81311 274891 100414 167587 55746 6816 101520 35895 11126 7928 7802 21661 17843 54159 90801 169648 54498 20634 33348 118032
internal_value=3.12991e-05 0.000144942 -0.0154111 -0.00554452 0.000260055 -2.75521e-05 0.00096378 1.78688e-05 0.00224335 0.00143127 -0.0010829 -0.000678585 -0.00113275 0.000615584 -0.000611803 -0.00509433 0.000310005 -0.000416481 0.00451579 -0.0078451 0.00222552 -0.00157442 -0.00979053 -0.00264182 0.00335521 -0.000144339 0.00172865 -0.00810136 -0.00267308 -0.00146521
internal_weight=876626 873464 6396.53 4269.36 867067 812198 418803 240807 177995 151817 393395 348663 302099 215615 122350 25192 104640 77449.9 54869.2 17080.9 93265.3 54357.6 14415.4 119546 74366.9 182553 39708 12802.3 37741.9 78032.3
internal_count=2060597 1966458 70638 19517 1895820 1806391 893497 572798 320699 276530 912894 798455 717144 497304 321915 75494 266169 136565 89429 53221 175389 164649 45293 272605 139965 444539 67322 38477 69243 172191
is_linear=0
shrinkage=0.03


Tree=104
num_leaves=31
num_cat=0
split_feature=87 24 97 39 69 68 52 0 100 54 92 87 87 72 97 98 97 24 20 30 24 44 11 12 30 51 97 24 92 87
split_gain=3362.6 1653.24 1322.85 942.086 874.655 632.194 716.668 723.023 541.142 485.364 403.478 971.441 669.779 361.414 355.91 611.984 354.862 346.135 453.016 338.421 314.894 303.387 372.157 303.022 302.602 342.351 298.482 334.322 288.318 562.094
threshold=1.9999099969863894 2.5000000000000004 2.9998425245285039 192.50000000000003 0.25277811288833624 0.137970045208931 10.255023479461672 4.5000000000000009 -0.82043972611427296 0.33333332836627966 1.3636317253112795 0.99999535083770763 1.199993968009949 1.2249981164932253 1.3499949574470522 1.4829397201538088 1.4999926686286928 45.500000000000007 104.50000000000001 71.500000000000014 67.500000000000014 1.4999997019767763 54.957866668701179 3.5000000000000004 29.500000000000004 15.30145311355591 1.1320725679397585 73.500000000000014 2.2499620914459233 1.6666597127914431
decision_type=2 2 2 10 2 2 2 2 2 2 2 2 2 2 2 2 2 2 2 2 2 2 2 2 2 2 2 2 2 2
left_child=1 -1 3 4 8 9 7 24 -3 -6 12 23 13 14 15 -10 -14 18 -16 -19 -21 22 -11 -12 -7 -26 -8 -28 -13 -30
right_child=-2 2 -4 -5 5 6 26 -9 10 21 11 28 16 -15 17 -17 -18 19 -20 20 -22 -23 -24 -25 25 -27 27 -29 29 -31
leaf_value=-0.032533435163514778 -0.031116228107603769 0.00075200597203741132 -0.030652489837873671 0.010223639873050352 0.0017817372646573263 -9.3532291015912077e-05 0.001418451727818671 0.0066318545834115243 -0.0022000040509161786 -0.0015935074039292647 -0.045158980319272984 0.0015481687030675206 -0.0055296702717381758 0.00045649950334775076 -0.0040559779191014604 0.0053948713508035397 -0.016696248862683238 -0.015286404589207119 0.0068951578205217415 -0.00063615141411861185 -0.013501551616187006 0.0024364421307297873 -0.007488758507448335 -0.011574221878699021 0.0040957787679398562 0.00053114616032551634 -0.0013136748008659501 -0.014554910531954396 -0.025554343754313775 0.0018595558674716513
leaf_weight=1371.9070190675557 3089.6288665663451 125902.94599066302 1229.9379675481468 8391.2349425926805 56164.242341473699 43208.029799234122 54499.273712340742 38520.785210222006 76651.538338333368 80751.915878366679 484.85167544335127 55820.701306797564 22149.849067986012 54450.054929949343 36312.453986607492 10887.694616444409 2885.4245816469193 4533.7875727489591 3732.4966266751289 5120.2336861789227 2554.0661838501692 14033.442383412272 10927.131342295557 499.72254743427038 70954.072388075292 36842.490157239139 49002.082825183868 1758.7767889201641 1040.1461406946182 1837.2789062410593
leaf_count=44538 94426 232584 37319 9622 125754 106346 94113 65716 161315 183102 2559 127540 56739 129085 114003 20510 10906 19908 9210 13307 11347 29183 25273 1538 128913 73298 117571 5545 4050 4963
internal_value=2.47407e-05 0.000135723 0.000187917 0.000232225 0.000134674 0.00103469 0.00186181 0.00296408 -0.000880497 -0.000471567 -0.00161729 0.000569476 -0.00221248 -0.00161684 -0.00242437 -0.00125437 -0.00682897 -0.00438322 -0.00303232 -0.00880227 -0.00494182 -0.00166884 -0.00229764 -0.0286828 0.00202768 0.00287779 -0.000123063 -0.00177801 0.00106974 -0.00815815
internal_weight=875608 872519 871147 869917 861525 456662 294786 189525 404863 161877 278960 59682.7 219278 194242 139792 87539.2 25035.3 52253 40045 12208.1 7674.3 105712 91679 984.574 151005 107797 105260 50760.9 58698.1 2877.43
internal_count=2060283 1965857 1921319 1884000 1874378 954814 591502 374273 919564 363312 686980 140650 546330 478685 349600 181825 67645 167775 123213 44562 24654 237558 208375 4097 308557 202211 217229 123116 136553 9013
is_linear=0
shrinkage=0.03


Tree=105
num_leaves=31
num_cat=0
split_feature=87 18 97 40 40 97 92 87 97 92 92 26 97 87 92 92 92 92 87 92 97 87 92 87 92 87 92 87 30 87
split_gain=3237.65 1580.83 1277.92 949.656 1027.56 900.869 792.408 1317.68 1043.17 972.531 784.644 576.621 693.684 800.809 1033.27 571.621 545.865 544.482 536.243 515.692 563.39 513.696 504.195 438.416 449.376 788.117 565.495 897.806 461.045 557.181
threshold=1.9999099969863894 1.5000000000000002 2.9998425245285039 125.50000000000001 66.500000000000014 1.6595696806907656 1.2301363945007326 1.0714268684387209 1.1162755489349367 1.0434752106666567 1.0909023880958559 68.500000000000014 1.1320725679397585 0.92637640237808239 0.88684234023094188 0.54545119404792797 1.0132490396499636 1.7142792940139773 1.2380926012992861 1.4999493956565859 1.2352842688560488 1.1666649580001833 1.9285621643066408 1.3333273530006411 1.2499961256980898 0.99999713897705089 0.9999774992465974 0.76190313696861278 29.500000000000004 1.1249968409538271
decision_type=2 2 2 10 8 2 2 2 2 2 2 2 2 2 2 2 2 2 2 2 2 2 2 2 2 2 2 2 2 2
left_child=1 -1 3 4 5 6 7 9 -9 11 -10 15 -13 14 -14 -3 -15 23 -8 20 -20 -12 -5 24 25 26 27 -7 -26 -30
right_child=-2 2 -4 22 -6 17 18 8 10 -11 21 12 13 16 -16 -17 -18 -19 19 -21 -22 -23 -24 -25 28 -27 -28 -29 29 -31
leaf_value=-0.030969727118189166 -0.031070553007105022 -0.0015392989527846122 -0.030606227475874648 0.0045304716469114137 -0.0020944935279295289 -0.00053269109021818282 0.0055959568364104704 -0.00062099434137232422 -0.015035782903902367 0.0047119210962030394 -0.0011305879133901762 0.00077654620466327583 -0.0044091211258491352 -0.010925144497792626 0.006355777425624232 0.0032782806528088566 -0.00039804180917274245 0.003293903847635836 0.00093063455377730684 0.0036688751750648925 -0.0085812838596210361 -0.011140725658254772 -0.01008589061298999 -0.012171964866647884 -0.0044122668294838512 -0.011319941457923283 0.002155767038947706 -0.012980267349197029 0.0099057554354597156 -0.0014456738775894097
leaf_weight=1455.0456893257797 2996.953868271783 29672.353748396039 1197.0248764734715 53381.035585790873 181143.09779146314 13492.575229048729 47358.589350286871 62198.252781145275 8667.2497954368591 59005.018168412149 14466.016747325659 100121.78485916555 22458.521578535438 15444.996577098966 12460.374404847622 87488.957945674658 6216.7434476464987 13520.985815074295 20627.232415109873 38892.473488256335 7673.1893003731966 6758.3256800621748 2193.6062504649162 4613.9903555363417 10230.682595744729 11232.486364759505 15351.36611315608 8482.4182556718588 7180.2156699150801 8459.7683293670416
leaf_count=47159 94283 66526 37369 86734 449733 45061 77151 113086 27025 98160 29126 175159 57454 44351 23568 173648 13661 37255 35263 68905 18232 17613 5053 14630 33030 49285 45993 37911 15350 22416
internal_value=-4.63182e-05 6.10868e-05 0.000113696 0.000156726 -0.000102603 0.000468291 0.000937432 0.000340445 -0.0028352 0.00121912 -0.00743902 0.000466294 -0.000723975 -0.00337855 -0.000566361 0.00205812 -0.00790711 -0.0022657 0.00315167 0.00142774 -0.0016526 -0.00432554 0.00395012 -0.0032173 -0.00265907 -0.00435997 -0.00226058 -0.00534493 0.000534395 0.00377169
internal_weight=874441 871444 869989 868792 813218 632075 539510 424959 92089.8 332869 29891.6 273864 156702 56580.6 34918.9 117161 21661.7 92564.5 114551 67192.9 28300.4 21224.3 55574.6 79043.5 74429.5 48558.8 37326.4 21975 25870.7 15640
internal_count=2060190 1965907 1918748 1881379 1789592 1339859 1038928 839377 186850 652527 73764 554367 314193 139034 81022 240174 58012 300931 199551 122400 53495 46739 91787 263676 249046 178250 128965 82972 70796 37766
is_linear=0
shrinkage=0.03


Tree=106
num_leaves=31
num_cat=0
split_feature=87 24 97 40 40 97 89 39 24 18 24 24 69 93 100 97 8 30 24 30 24 30 18 24 30 18 63 18 38 40
split_gain=3150.3 1592.83 1246.79 910.8 875.454 803.028 558.69 487.731 481.71 481.683 438.423 434.206 415.159 404.42 393.055 374.434 374.263 367.252 500.978 432.413 535.454 457.548 389.143 379.347 377.756 368.745 356.114 344.673 339.66 339.387
threshold=1.9999099969863894 2.5000000000000004 2.9998425245285039 125.50000000000001 72.500000000000014 1.6595696806907656 -0.6633809208869933 192.50000000000003 53.500000000000007 37.500000000000007 43.500000000000007 7.5000000000000009 0.28262665867805487 1.3646629452705386 -0.91325122117996205 2.2499577999114995 6.5000000000000009 49.500000000000007 37.500000000000007 37.500000000000007 30.500000000000004 33.500000000000007 26.500000000000004 24.500000000000004 29.500000000000004 20.500000000000004 0.20970761775970462 33.500000000000007 134.50000000000003 201.50000000000003
decision_type=2 2 2 10 8 2 2 10 2 2 2 2 2 2 2 2 2 2 2 2 2 2 2 2 2 2 2 2 10 10
left_child=1 -1 3 4 5 6 12 13 9 10 17 -5 -3 14 -8 16 -10 18 19 20 21 23 -22 24 -7 -25 -14 -20 -16 -13
right_child=-2 2 -4 11 -6 8 7 -9 15 -11 -12 29 26 -15 28 -17 -18 -19 27 -21 22 -23 -24 25 -26 -27 -28 -29 -30 -31
leaf_value=-0.032549065844038987 -0.031025909004678293 0.00065724785100210214 -0.030559280622311998 -0.0021866008600507189 -0.0019796151305849436 -0.0016731698908483846 0.00078192228742955281 0.010515733868667545 0.01525297502612429 0.0083456623648129075 -0.010159940787339023 0.0038997260445848476 0.0014104871347032347 0.0016428140262981701 -0.0019143721443720611 0.013297769156487777 -0.012180909086492057 0.0076606709498314362 -0.015031182178429301 0.004850279884883027 -0.019407242938845836 0.0085960555100755252 -0.00077078159759287623 -0.016176004617543732 0.011059437222689719 -0.0024352559700946174 0.0047119349920394012 0.006088824798430841 0.0094967342277700647 0.010626638312889299
leaf_weight=1320.5896424781531 2911.338586686179 101742.96294686943 1166.1646104864776 8788.6505455747247 165897.14246726036 40112.069195240736 97041.996057841927 3993.0958645418286 458.93178613483906 4297.8720256984234 5425.4827154278755 38753.037342086434 52378.677260830998 95079.143659267575 134200.38564775139 621.07571236789227 7574.5864733532071 3847.4312953203917 3869.7263176292181 9251.3516400009394 2638.0363951176405 3870.9219862669706 1627.5289105027914 3122.1470158994198 2192.8655031472445 4008.6912001222372 67091.266487523913 835.27751122415066 2369.8987730778754 8169.5470227599144
leaf_count=44639 94362 195480 37459 18769 416550 128987 179205 4479 1675 10191 22587 64633 97791 174506 298667 1671 37025 8436 15413 22758 10912 8705 4729 12212 4583 12107 116599 2152 3888 9117
internal_value=2.22055e-05 0.000126605 0.000176927 0.000218863 -3.52979e-05 0.000462788 0.000897407 0.00012045 -0.00210458 -0.00141772 -0.00193898 0.00392905 0.00206576 -6.46886e-06 -0.000677803 -0.00883949 -0.0105797 -0.0013447 -0.0018311 -0.0011632 -0.00213087 -0.00131016 -0.0123333 -0.002089 -0.00100826 -0.00847988 0.00326497 -0.0112719 -0.00171499 0.00507496
internal_weight=874658 871747 870426 869260 813549 647651 553897 332685 93754 85099.4 80801.5 55711.2 221213 328691 233612 8654.59 8033.52 75376 71528.6 66823.6 57572.3 53306.7 4265.57 49435.8 42304.9 7130.84 119470 4705 136570 46922.6
internal_count=2060287 1965925 1921286 1883827 1791308 1374758 1070615 660745 304143 263772 253581 92519 409870 656266 481760 40371 38700 230994 222558 204993 182235 166594 15641 157889 133570 24319 214390 17565 302555 73750
is_linear=0
shrinkage=0.03


Tree=107
num_leaves=31
num_cat=0
split_feature=87 24 97 39 40 40 92 87 97 92 97 87 92 18 97 87 92 51 92 92 87 94 92 68 49 37 87 92 87 92
split_gain=3058.18 1543.76 1209.77 905.949 830.569 804.194 804.021 1181.45 1333.97 1239.57 934.041 1153.17 875.263 672.56 557.413 536.921 547.174 445.424 409.448 386.658 560.688 359.632 407.942 388.91 337.257 335.721 333.697 403.05 342.062 455.905
threshold=1.9999099969863894 2.5000000000000004 2.9998425245285039 192.50000000000003 125.50000000000001 72.500000000000014 1.2499961256980898 1.0588207244873049 1.1538341641426089 1.0434752106666567 1.3749957084655764 0.83333018422126781 0.86841949820518505 35.500000000000007 2.062482595443726 1.2564764618873598 1.1538438200950625 6.9822576045989999 1.9285621643066408 0.88684234023094188 0.99999713897705089 -1.9055994749069212 0.74999296665191661 0.46666665375232702 0.9396423101425172 85.500000000000014 0.73684036731719982 0.7894708812236787 0.59999728202819835 0.69230568408966076
decision_type=2 2 2 10 10 8 2 2 2 2 2 2 2 2 2 2 2 2 2 2 2 2 2 2 2 8 2 2 2 2
left_child=1 -1 3 4 5 6 7 9 -9 10 21 12 26 14 -8 16 17 -10 -6 -13 -21 22 -3 -23 -25 -7 27 28 -12 -30
right_child=-2 2 -4 -5 18 25 13 8 15 -11 11 19 -14 -15 -16 -17 -18 -19 -20 20 -22 23 -24 24 -26 -27 -28 -29 29 -31
leaf_value=-0.032473774394799711 -0.030982395505632643 2.2490316392146538e-05 -0.030512051462538499 0.010132021210476195 0.0043162135068956289 -0.002058421214919746 0.0023655737869096114 -0.00053330261435375768 -0.0029571895615424348 0.0042877675035051088 0.00082436730336900473 -0.015115357716864876 0.0085435685422611245 0.0077310960801517756 -0.0033417378802693973 -0.017969767382871586 -0.0021439766922534595 -0.01276386710343775 -0.0090299426752501622 -0.0039927063420830394 -0.017111504528364612 -0.0011986937157191303 0.0039116706313386575 0.0015232871563951944 0.012158002418945109 0.01247370516248163 -0.008475030137944756 0.0098160675302544215 -0.015178329998582197 9.4216556115298597e-06
leaf_weight=1280.255127588287 2821.6077238768339 45524.73837082088 1129.8608741126955 8299.8473171442747 51888.107432149351 162660.78702711314 114078.03219075501 80206.30229524523 6181.6319925636053 69318.933687075973 11813.592604190111 5730.7435670942068 8340.5349121913314 18294.268577575684 17786.676417503506 3797.0449062585831 16657.571727007627 12873.861867532134 2136.4731427431107 16803.177587524056 3537.7056343406439 105875.32922530174 51977.56743824482 35231.701827377081 2886.1024604588747 1423.7993619702756 6473.8152093589306 2819.8433016091585 3498.651963442564 3597.4191194027662
leaf_count=44570 94074 91091 37320 9531 85464 410682 219377 147497 18112 136171 35654 23705 21214 30821 56484 12417 38915 40259 4876 58365 16898 211613 89346 64474 4498 3539 22318 7083 12655 10888
internal_value=8.92776e-05 0.000190513 0.000239278 0.000279929 0.000184769 -5.62379e-05 0.000421947 -0.000163317 -0.00275645 0.000668109 -0.000157183 -0.00342171 1.78227e-05 0.00234381 0.00159535 -0.00726693 -0.00611958 -0.009589 0.00378528 -0.00823913 -0.00628891 0.000689465 0.00209615 -0.000263207 0.00233445 -0.00193082 -0.00250775 -0.00072378 -0.00230421 -0.00750037
internal_weight=874946 872124 870844 869714 861414 807390 643305 493146 119716 373430 304111 62615.5 36543.9 150159 131865 39510.1 35713.1 19055.5 54024.6 26071.6 20340.9 241495 97502.3 143993 38117.8 164085 28203.3 21729.5 18909.7 7096.07
internal_count=2059911 1965837 1921267 1883947 1874416 1784076 1369855 1063173 257200 805973 669802 208780 109812 306682 275861 109703 97286 58371 90340 98968 75263 461022 180437 280585 68972 414221 88598 66280 59197 23543
is_linear=0
shrinkage=0.03


Tree=108
num_leaves=31
num_cat=0
split_feature=87 18 97 78 97 40 92 87 97 92 18 18 39 32 24 18 24 65 39 65 22 92 87 97 97 92 27 87 92 24
split_gain=2952.74 1500.08 1164.07 933.983 690.896 531.902 526.948 888.016 1280.38 727.734 574.831 511.156 410.231 407.529 402.188 840.128 1180.32 395.47 371.023 412.531 410.939 357.596 395.931 407.666 328.78 598.673 317.843 300.783 296.298 296.082
threshold=1.9999099969863894 1.5000000000000002 2.9998425245285039 1.1622274518013003 1.8749922513961794 201.50000000000003 1.1538438200950625 1.0333682894706728 1.1538341641426089 1.0132490396499636 37.500000000000007 33.500000000000007 123.50000000000001 180.50000000000003 4.5000000000000009 3.5000000000000004 3.5000000000000004 0.024540800601243976 45.500000000000007 0.17521929740905764 1.5000000000000002 1.3999965190887453 1.199993968009949 1.1162755489349367 1.2115353345870974 1.1379284262657168 5.5000000000000009 1.0588207244873049 0.54545119404792797 4.5000000000000009
decision_type=2 2 2 2 2 10 2 2 2 2 2 2 10 2 2 2 2 2 10 2 2 2 2 2 2 2 2 2 2 2
left_child=1 -1 3 4 5 6 7 9 -9 18 14 12 17 -13 15 16 -8 -5 19 -3 28 22 -19 -24 -15 27 -21 -26 -20 -6
right_child=-2 2 -4 11 29 -7 10 8 -10 -11 -12 13 -14 24 -16 -17 -18 21 20 26 -22 -23 23 -25 25 -27 -28 -29 -30 -31
leaf_value=-0.030913908708687109 -0.030940512434629364 -0.0026372396844300179 -0.030462843742013333 -0.001814029791006643 -0.017537740352902561 0.0087346874432637379 -0.036445075892702163 -0.001471503213683484 -0.010154999771248348 0.0036894497363742229 0.0062747762616279148 0.0090608036888263615 0.0062700238956911484 0.0044177924610962083 0.00074632933846118129 -0.045105166040510951 0.012396032794094273 0.0012969732545210473 -0.002667652422123488 0.0077848198260019857 0.007754062594037014 0.0040817624595528837 -0.0002216001703074964 -0.0085500191138758834 -0.0033327821241437901 0.0062648326083437778 -0.00021330968173789331 -0.01983984255688892 0.0020242877183742707 -0.0035166975715676435
leaf_weight=1379.7101964857429 2743.6334014683962 105062.83511462808 1095.1862383987755 47849.940085366368 1376.4855301901698 5908.6487124487758 621.27981023490429 58961.065440163016 20613.636449843645 38674.729036077857 17654.934290647507 11296.068080671132 12138.656797099859 36461.746997922659 127997.98127444088 504.56689005345106 1437.8648014068604 128953.5146651119 18925.266768679023 4780.3709798082709 7679.8562166690826 32869.291135871783 16627.04267154634 7738.2411399930716 9476.6857517659664 6919.1543942987919 65311.972988694906 1091.8958470746875 33572.246516667306 48023.805663406849
leaf_count=47336 94133 250773 37257 121960 14240 6955 6043 111812 62188 71322 27831 22486 19293 55272 250319 2574 3251 265848 42140 9868 14365 65157 29913 20179 27282 12720 133797 3859 68977 160848
internal_value=1.98524e-05 0.000118085 0.000168028 0.000207354 -0.000528181 -0.000198566 -0.000304098 -0.000933512 -0.00372293 -0.000123222 0.00119734 0.00152311 0.000897238 0.00388358 0.000509896 -0.0112088 -0.00254901 0.00061806 -0.000750059 -0.00144823 0.00128189 0.00124323 0.000634237 -0.00287149 0.0027966 -0.000584746 0.000334236 -0.00507247 0.000332479 -0.00391432
internal_weight=873748 871005 869625 868530 557108 507707 501799 353582 79574.7 274007 148217 311422 246177 65245.6 130562 2563.71 2059.14 234038 235333 175155 60177.4 186188 153319 24365.3 53949.5 17487.7 70092.3 10568.6 52497.5 49400.3
internal_count=2059998 1965865 1918529 1881272 1237303 1062215 1055260 765242 174000 591242 290018 643969 522350 121619 262187 11868 9294 503057 519920 394438 125482 381097 315940 50092 99133 43861 143665 31141 111117 175088
is_linear=0
shrinkage=0.03


Tree=109
num_leaves=31
num_cat=0
split_feature=87 24 39 90 100 38 40 92 78 92 87 33 30 39 92 87 24 18 51 18 87 92 30 92 40 92 87 77 38 92
split_gain=2861.41 1443.75 816.562 830.628 841.659 670.482 637.814 526.254 516.756 490.457 690.771 466.41 393.726 354.746 375.091 349.032 314.209 865.533 350.158 292.172 273.725 306.71 277.598 273.49 272.559 268.099 619.076 261.757 255.296 255.196
threshold=1.9999099969863894 2.5000000000000004 192.50000000000003 -0.70199698209762562 -0.84881529211997975 173.50000000000003 201.50000000000003 1.2857018709182741 1.6666646003723147 1.1052591800689699 0.99999123811721813 1.5000000000000002 93.500000000000014 47.500000000000007 1.0132490396499636 0.99999123811721813 4.5000000000000009 3.5000000000000004 17.465909004211429 45.500000000000007 0.95346185564994823 0.83027687668800365 139.50000000000003 0.9999774992465974 125.50000000000001 2.2499620914459233 1.5999855995178225 0.85714071989059459 47.500000000000007 1.7999865412712099
decision_type=2 2 10 2 2 10 10 2 2 2 2 2 2 10 2 2 2 2 2 2 2 2 2 2 10 2 2 2 10 2
left_child=1 -1 3 13 7 6 8 24 9 10 23 -10 16 14 20 -16 17 -11 25 -13 21 -3 -22 28 -5 29 -27 -17 -6 -18
right_child=-2 2 -4 4 5 -7 -8 -9 11 12 -12 19 -14 -15 15 27 18 -19 -20 -21 22 -23 -24 -25 -26 26 -28 -29 -30 -31
leaf_value=-0.03232886316508865 -0.030901246514184771 -8.5874283826538808e-05 0.00956503075614803 0.00025541284952904314 -0.0029147385227232597 0.012699598094637944 0.0086380408042742371 0.0044637296003393603 -0.0061989830620102996 -0.00029746277418125406 -0.0056360078858859169 0.00092583902862007129 0.003885271689797438 0.0084762480685225926 0.0086957317287497966 -0.0021811624374739229 -0.00010692098244314237 -0.039676797753593354 -0.0026731997409838505 0.011624191860796844 -0.0054780975284126334 0.0040332371046379331 0.0050612725745150505 0.001403455508441658 0.0047906363086789427 -0.039088517336275462 -0.0024494362458032208 0.004257053997883598 0.00075637200724928489 0.0046814643060709904
leaf_weight=1213.0480218995363 2666.040637716651 42744.318022927269 8203.2549563646317 193152.46753016114 95599.096085077152 3155.1000754572451 5921.1557653434575 36053.089590109885 8340.7471655774862 1722.4097843766212 55883.771799575537 94959.334611229599 15708.910042852163 7788.8281040266156 11411.295372134075 7825.9924257285893 85397.563668848947 689.32715673558414 62949.707838043571 2334.6647740118206 10447.068617619574 26245.649534415454 2847.8256035894156 21753.699174273759 12691.365194119513 482.16931124590337 2410.7344523239881 20639.343911344185 20739.298328028992 11328.033664863557
leaf_count=44593 94050 91210 9590 363539 253217 4287 7094 58596 29580 8025 148662 220051 24530 14409 20919 16834 204688 6067 150264 4198 24088 52349 4171 51518 20247 3909 9874 37715 52315 29459
internal_value=1.49334e-05 0.000110311 0.000156314 6.64749e-05 -0.000326292 -0.00104184 -0.00113152 0.00112127 -0.00125232 -0.0017748 -0.00282232 0.000600811 -0.000650063 0.00227641 0.0018798 0.00426698 -0.00108232 -0.0117867 -0.000922091 0.00118489 0.000722174 0.00148186 -0.00321631 -0.00168301 0.000535472 0.000184763 -0.00878264 0.0024867 -0.00226028 0.000454723
internal_weight=873305 870639 869426 861223 731273 489376 486221 241897 480299 374665 193976 105635 180689 129950 122161 39876.6 164980 2411.74 162568 97294 82284.9 68990 13294.9 138092 205844 99618.5 2892.9 28465.3 116338 96725.6
internal_count=2060048 1965998 1921405 1911815 1650120 1207738 1203451 442382 1196357 942528 505712 253829 436816 261695 247286 75468 412286 14092 398194 224249 171818 143559 28259 357050 383786 247930 13783 54549 305532 234147
is_linear=0
shrinkage=0.03


Tree=110
num_leaves=31
num_cat=0
split_feature=87 18 40 30 51 24 92 87 87 18 65 92 38 32 92 87 26 34 39 100 92 40 18 24 92 24 87 30 40 87
split_gain=2784.71 1421.87 754.579 802.874 1008.35 803.87 765.635 845.77 775.427 588.147 570.223 560.766 514.534 471.114 489.296 523.253 463.878 541.813 411.524 386.679 377.306 362.898 357.927 729.381 430.983 982.729 479.261 422.794 360.373 348.383
threshold=1.9999099969863894 1.5000000000000002 152.50000000000003 31.500000000000004 12.39949941635132 21.500000000000004 1.1538438200950625 1.0444650053977969 1.0588207244873049 18.500000000000004 0.1353641748428345 1.0292097330093386 inf 38.500000000000007 0.69230568408966076 0.86956349015235912 36.500000000000007 32.500000000000007 169.50000000000003 -0.82043972611427296 1.3999965190887453 25.500000000000004 13.500000000000002 16.500000000000004 2.2499620914459233 7.5000000000000009 1.6666597127914431 23.500000000000004 66.500000000000014 1.199993968009949
decision_type=2 2 10 2 2 2 2 2 2 2 2 2 8 2 2 2 2 2 10 2 2 8 2 2 2 2 2 2 8 2
left_child=1 -1 3 5 10 12 7 11 -8 -7 13 16 22 -5 -15 -16 -6 -18 -17 -10 29 -11 23 24 28 -26 -27 -24 -3 -21
right_child=-2 2 -4 4 6 9 8 -9 19 21 -12 -13 -14 14 15 18 17 -19 -20 20 -22 -23 27 -25 25 26 -28 -29 -30 -31
leaf_value=-0.030847428765162627 -0.030864794987428671 0.0012771762513770605 0.0046456867296414761 0.0067729284035068565 0.0049405987809716251 -0.011802151126652973 0.0078838435621007719 -0.0050193005590649618 0.0032363435406355134 -0.0068196029594467869 0.0041248570967087391 0.0029831241537980604 -0.0066141371025923278 -0.0024741920918943572 0.0049899534624337867 0.0002989990281729807 -0.0034418725339975986 0.0008223889618221295 0.010779626801386107 -0.00055933712674041832 0.001724843522346046 0.0055048508597307418 -0.0018414648370629007 -0.0064274915884299511 -0.043981181984273025 -0.023049598218477008 0.0046041105727729903 0.0065994008436682985 -0.001546722566568575 -0.0068499723747064735
leaf_weight=1313.7867734357715 2601.1608759667724 80708.386292522773 32344.627096634358 12210.961252260953 9430.0627570524812 11183.149067878723 14718.231138516217 50544.801676690578 29919.080552101135 4865.1962624378502 74577.810270451009 31994.233878906816 13590.691991375759 35603.809221610427 29899.671797163785 124486.41438789293 77477.698230676353 40995.907188132405 3445.7304390817881 19739.836414039135 26429.002096384764 3821.672477548942 9231.379422429949 20012.221587464213 633.88942723348737 760.43211212567985 2017.4187038727105 12628.761634871364 81949.695587897673 13220.728567734361
leaf_count=47199 94370 200867 48953 23120 17475 38288 25692 108943 47763 17797 134823 62011 58758 77484 59412 249436 179528 76964 4236 41010 50746 11991 33796 54298 4770 4215 6549 26659 222578 29362
internal_value=1.05044e-05 0.00010355 0.000151082 -2.28995e-05 0.000569401 -0.00148195 -0.000596707 -0.00163741 0.00150852 -0.00725935 0.00187796 -0.000567884 -0.00096315 0.00106281 0.000701681 0.00141832 -0.00145647 -0.0019664 0.000582926 0.000456321 -0.000944808 -0.00139743 -0.000593212 -0.00101989 -0.000367554 -0.0108886 -0.0030767 0.00303646 -0.000145564 -0.00308518
internal_weight=872356 869755 868442 836097 594694 241403 314470 210443 104027 19870 280224 159898 221533 205647 193436 157832 127904 118474 127932 89308.6 59389.6 8686.87 207942 186082 166070 3411.74 2777.85 21860.1 162658 32960.6
internal_count=2059093 1964723 1917524 1868571 1188005 680566 639494 444921 194573 68076 548511 335978 612490 413688 390568 313084 273967 256492 253672 168881 121118 29788 553732 493277 438979 15534 10764 60455 423445 70372
is_linear=0
shrinkage=0.03


Tree=111
num_leaves=31
num_cat=0
split_feature=87 24 39 72 69 63 52 38 63 38 39 48 30 51 30 40 78 36 98 92 87 88 98 30 24 26 93 30 99 32
split_gain=2696.74 1386.74 800.05 795.805 530.824 525.556 504.933 378.065 374.063 372.692 327.308 324.68 321.967 307.491 421.064 305.344 365.895 291.072 352.846 284.807 342.953 278.744 274.251 273.236 387.96 265.409 260.007 251.908 243.001 234.307
threshold=1.9999099969863894 2.5000000000000004 192.50000000000003 0.89898863434791576 0.21177207678556445 0.15384615212678912 8.2753710746765154 173.50000000000003 0.29039938747882849 134.50000000000003 45.500000000000007 0.49999992549419409 25.500000000000004 12.39949941635132 81.500000000000014 inf 0.40816283226013189 12.500000000000002 1.2901815772056582 1.1249905228614809 1.0178617835044863 0.79999598860740673 1.1320738792419436 71.500000000000014 37.500000000000007 8.5000000000000018 1.0603442788124087 35.500000000000007 -0.63000407814979542 199.50000000000003
decision_type=2 2 10 2 2 2 2 10 2 10 10 2 2 2 2 8 2 2 2 2 2 2 2 2 2 2 2 2 2 2
left_child=1 -1 3 8 7 13 12 15 9 10 17 23 -7 14 -6 19 -17 -3 -19 20 -5 -13 -16 24 27 -18 -23 -10 -12 -25
right_child=-2 2 -4 4 5 6 -8 -9 11 -11 28 21 -14 -15 22 16 25 18 -20 -21 -22 26 -24 29 -26 -27 -28 -29 -30 -31
leaf_value=-0.03235618649541433 -0.030820102373994612 -0.0022362085069914826 0.0094330457394939723 -0.00016137962594224542 -8.5646506633434979e-05 -0.00014591659645811364 0.00081561958091673113 0.014668318710218843 -0.00075212590983349975 0.0064153171347865433 -0.00084104266029924135 0.0019811367845110894 0.004547712329572135 -0.0021984985105667743 0.0021424004052215798 0.0057327339536201788 -0.018918625309947451 -0.0030651187192401227 -0.010261936617833289 0.0013547142531653356 -0.0040919402303204342 -0.0070554340414537408 0.0098352985234300538 0.0086270212098222901 -0.007305886890681481 -0.0048189772916849413 -0.0015667634761446099 0.002754934960858151 0.0056175807311211858 0.0019627438876912728
leaf_weight=1164.5161404982209 2529.0983434654772 113212.5139031671 8213.5942108407617 81437.587358610705 64260.454448208213 15326.156586894765 87474.002352789044 1459.6386658996344 43958.715811885893 4673.3807684872299 45605.585443038493 11727.955611202866 92705.727545045316 38991.266930887476 10654.567095689476 2801.9939269088209 1295.3785345219076 16533.854448640719 9750.0755604412407 67843.339614931494 26454.049659706652 11498.232397120446 6849.4999838322401 6529.6908899843693 5821.6936392188072 14365.210155375302 23906.027349438518 31716.309592787176 5903.5676449704915 17327.89150262624
leaf_count=44634 94595 279760 9642 179721 152022 40638 176184 1833 112856 8695 98768 24723 167608 85139 17837 7915 6673 46252 40797 142339 59530 26791 10832 10073 17385 42756 51964 58829 12697 30704
internal_value=-8.67188e-06 8.16595e-05 0.000125908 3.68095e-05 0.000789367 0.00154917 0.00251022 -0.000438815 -0.00106968 -0.00193766 -0.00214269 4.42652e-05 0.00388194 -6.94534e-06 0.00103843 -0.000553862 -0.00422178 -0.00289723 -0.00574057 -0.000168077 -0.0011257 -0.00202489 0.00516049 0.000970151 0.000143224 -0.00600788 -0.00335229 0.000718065 -9.89138e-05 0.00379242
internal_weight=871992 869462 868298 860084 511919 316262 195506 195657 348165 195679 191006 152487 108032 120756 81764.5 194198 18462.6 139496 26283.9 175735 107892 47132.2 17504.1 105354 81496.7 15660.6 35404.3 75675 51509.2 23857.6
internal_count=2060192 1965597 1920963 1911321 1091027 650260 384430 440767 820294 486969 478274 333325 208246 265830 180691 438934 57344 366809 87049 381590 239251 103478 28669 229847 189070 49429 78755 171685 111465 40777
is_linear=0
shrinkage=0.03


Tree=112
num_leaves=31
num_cat=0
split_feature=87 18 40 39 94 92 87 38 87 92 87 92 87 40 87 100 34 98 100 92 98 76 100 79 24 18 24 51 92 87
split_gain=2603.09 1354.44 764.589 746.647 894.24 805.387 1074.81 775.046 670.088 596.296 659.777 516.007 572.475 491.031 472.549 449.076 423.356 393.693 371.925 338.557 555.074 329.53 323.728 304.132 301.098 443.967 300.057 296.216 294.341 1933.88
threshold=1.9999099969863894 1.5000000000000002 201.50000000000003 141.50000000000003 -0.3637822419404983 1.0132490396499636 0.9999774992465974 173.50000000000003 0.9999774992465974 1.2499961256980898 1.1111055016517641 0.86841949820518505 0.90097919106483471 45.500000000000007 1.2380926012992861 -0.75259393453598011 11.500000000000002 1.7454537749290469 -1.3800049424171446 1.4999493956565859 1.5382492542266848 3.9285376071929936 -0.91325122117996205 -0.30030485987663263 31.500000000000004 21.500000000000004 4.5000000000000009 8.6795945167541522 1.4999493956565859 1.0333682894706728
decision_type=2 2 10 10 2 2 2 10 2 2 2 2 2 10 2 2 2 2 2 2 2 2 2 2 2 2 2 2 2 2
left_child=1 -1 3 4 5 8 -7 18 11 10 -8 13 -13 24 16 -10 -11 -12 -6 20 -16 28 -14 -17 25 -3 -5 -24 -20 -30
right_child=-2 2 -4 26 7 6 9 -9 15 14 17 12 22 -15 19 23 -18 -19 21 -21 -22 -23 27 -25 -26 -27 -28 -29 29 -31
leaf_value=-0.030793888587818018 -0.030781506390111103 -0.00072049919015518911 0.0084985433188593997 -0.00899187136259064 0.0027513314053720338 0.0067263097729452284 0.0015201796559581552 0.015120011193617463 -0.0014675942804650574 0.0024418363738738509 -0.0022541564640616153 0.0052847113291410236 0.0028838598310443322 0.0016205280444649313 0.00032652202333073105 -0.010374478494100442 0.0084476076705135694 -0.013314361306942576 -0.002787266228746141 0.0030501980009538421 -0.012190281316471294 0.001871444071876133 0.0036622206057703851 -0.003047487331794687 -0.0034213889523235764 0.01549981273722064 0.0059169481681118378 -0.0043678090172248286 -0.043320646441932842 0.00027628335503959429
leaf_weight=1258.3192765731364 2449.3769814427942 49009.547771923244 9648.2135359086096 1263.8553670477122 16345.886715449393 34714.446665029973 72969.546284914017 2485.3684751652181 42302.400191575289 23135.60389020294 48192.497785210609 32774.457354702055 18825.299247220159 54135.879287516698 16999.483712777495 10686.986600659788 19455.91294981353 3063.2166934832931 188010.99637797102 27302.451841721311 3904.5667272955179 19262.014898616821 5425.5848278701305 9778.253444172442 55283.242818687111 1547.261358005926 23475.554166324437 17183.372141726315 909.888921122998 60056.028253993019
leaf_count=47159 94273 114430 11533 3050 29039 67517 143833 3285 82224 50775 94969 67216 32199 110653 30298 30140 31093 10955 482804 56697 10914 43090 12299 24130 123797 2957 36264 42497 7280 162710
internal_value=-2.364e-05 6.37202e-05 0.000109154 1.46749e-05 -0.000137781 0.00057417 0.00182971 -0.00149355 -0.000481794 0.00103862 -0.000312063 0.000256067 0.00232334 -0.000703057 0.00288623 -0.00323394 0.00518797 -0.00292009 -0.00163969 0.000851286 -0.00202085 -0.00190746 -2.05265e-05 -0.00688005 -0.00189162 -0.000218153 0.00514866 -0.00243927 -0.00219994 -0.000388375
internal_weight=871856 869406 868148 858500 833760 546690 249738 287070 296952 215023 124225 234185 74208.7 159976 90798 62767.6 42591.5 51255.7 284585 48206.5 20904.1 268239 41434.3 20465.2 105840 50556.8 24739.4 22609 248977 60965.9
internal_count=2060080 1965807 1918648 1907115 1867801 1139593 497051 728208 642542 429534 249757 506048 154211 351837 179777 136494 81868 105924 724923 97909 41212 695884 86995 54270 241184 117387 39314 54796 652794 169990
is_linear=0
shrinkage=0.03


Tree=113
num_leaves=31
num_cat=0
split_feature=87 18 97 69 40 38 97 92 87 77 87 46 39 92 92 87 35 68 48 92 63 54 54 87 97 92 87 92 87 63
split_gain=2530.39 1311.82 1114.82 780.183 571.568 625.055 616.468 625.848 761.102 568.089 471.074 470.034 1128.95 469.636 413.41 776.874 421.777 363.591 378.361 317.701 314.753 297.893 278.907 272.142 348.842 270.969 581.756 399.034 470.666 270.507
threshold=1.9999099969863894 1.5000000000000002 2.9998425245285039 0.2629514634609223 125.50000000000001 173.50000000000003 1.2115353345870974 1.3636317253112795 1.199993968009949 0.59832853078842174 0.99999535083770763 8.8193674087524432 9.5000000000000018 1.4454341530799868 1.1249905228614809 0.99999535083770763 81.515895843505874 0.14339289814233783 0.41666664183139807 0.54545119404792797 0.3914563655853272 0.3154104351997376 0.36853255331516271 1.0960043072700503 1.5449989438056948 0.96189993619918834 0.86956349015235912 0.7894708812236787 0.73684036731719982 0.39999996125698095
decision_type=2 2 2 2 10 10 2 2 2 2 2 2 8 2 2 2 2 2 2 2 2 2 2 2 2 2 2 2 2 2
left_child=1 -1 3 4 5 6 19 8 14 21 13 12 -11 -9 15 25 -17 -13 29 -3 -20 -5 -14 -16 -25 26 27 28 -8 -19
right_child=-2 2 -4 9 -6 -7 7 10 -10 11 -12 17 22 -15 23 16 -18 18 20 -21 -22 -23 -24 24 -26 -27 -28 -29 -30 -31
leaf_value=-0.030741526941121047 -0.030745663189474359 -0.0031924755516144739 -0.030405354017904198 0.0010620074657891633 0.003230862202564513 0.012178003397303117 -0.0026902264203287592 0.007130890207259032 -0.012094525807754259 0.0087140244690653065 0.00087426469651895615 -0.0022014685883563105 0.003133461021029931 -0.037807245795245498 0.0018804602363292121 -0.0035380368714232942 -0.014270640234807518 0.0019747174744463762 -0.0035725954513617037 0.00025983325069028153 0.0010055566957139779 -0.0021621522385034324 0.00053019419229416291 0.00036571868338371595 -0.010825293713637055 0.00030535679624617691 -0.010813009676236995 0.0018812015789530586 -0.013535557075957444 0.0072134365931774301
leaf_weight=1222.0871391007677 2385.2949429750443 27291.878236696124 1056.0615700613707 42994.436736840755 29814.058836169541 3156.5380738470703 20793.40210083127 324.51318229734898 8979.7876728177071 24313.413988228887 44253.605959124863 35588.203933406621 69356.988541603088 542.51386847160757 20853.663962483406 5125.051369279623 9295.5320379734039 54367.154315646738 19717.181288141757 197267.58129687607 42857.108032148331 64400.967464268208 79485.784214671701 6364.1622493118048 4114.771268799901 18432.435588605702 9051.4168051555753 13107.447830468416 4340.1263832002878 10588.234789105132
leaf_count=47173 94469 62065 37389 97281 50262 4171 63601 759 27997 41327 110212 76464 140668 6876 48461 16931 32498 104348 42894 371971 85531 150281 168858 12640 14398 50913 31863 35250 14912 18174
internal_value=-1.79405e-05 6.71034e-05 0.000111196 0.000149077 -0.000772562 -0.00107619 -0.00118405 -0.0025727 -0.00370136 0.001028 0.000440766 0.00163464 0.00272315 -0.0212061 -0.00302323 -0.00416527 -0.0104665 0.000478939 0.00122716 -0.000159991 -0.000437701 -0.000871442 0.00174351 -0.00010121 -0.00404092 -0.00277997 -0.00398212 -0.00236048 -0.0045723 0.00283063
internal_weight=871441 869056 867834 866778 423108 393294 390138 165578 120458 443669 45120.6 336274 173156 867.027 111478 80145.4 14420.6 163118 127530 224559 62574.3 107395 148843 31332.6 10478.9 65724.8 47292.4 38241 25133.5 64955.4
internal_count=2060637 1966168 1918995 1881606 955780 905518 901347 467311 349464 925826 117847 678264 350853 7635 321467 245968 49429 327411 250947 434036 128425 247562 309526 75499 27038 196539 145626 113763 78513 122522
is_linear=0
shrinkage=0.03


Tree=114
num_leaves=31
num_cat=0
split_feature=87 24 97 78 46 48 97 24 92 87 97 65 18 18 24 69 38 54 92 24 86 46 43 87 18 18 24 18 20 92
split_gain=2435 1301.59 1076.64 762.165 670.351 1190.76 470.823 766.352 458.394 394.598 655.106 378.251 378.016 355.02 402.04 338.451 484.745 426.364 297.153 296.639 294.794 289.769 443.106 353.52 287.902 283.231 296.189 550.91 274.179 268.433
threshold=1.9999099969863894 2.5000000000000004 2.9998425245285039 1.1622274518013003 8.3771190643310565 0.041960092261433608 1.280690670013428 67.500000000000014 0.91800588369369518 0.88888442516326915 1.1162755489349367 0.23836579918861392 39.500000000000007 45.500000000000007 55.500000000000007 0.11907437071204187 134.50000000000003 0.22222220152616504 0.97674265503883373 5.5000000000000009 1.9999957680702212 8.8193674087524432 0.07692307606339456 0.83333018422126781 38.500000000000007 3.5000000000000004 3.5000000000000004 2.5000000000000004 7.5000000000000009 1.1739111542701723
decision_type=2 2 2 2 2 2 2 2 2 2 2 2 2 2 2 2 10 2 2 2 2 2 2 2 2 2 2 2 2 2
left_child=1 -1 3 4 5 15 11 13 9 -5 -11 28 19 14 24 16 18 -17 20 25 -3 22 -21 -23 -8 26 27 -10 -6 -14
right_child=-2 2 -4 8 6 -7 7 -9 12 10 -12 -13 29 -15 -16 17 -18 -19 -20 21 -22 23 -24 -25 -26 -27 -28 -29 -30 -31
leaf_value=-0.032366787891459158 -0.030706929738408731 -0.0039631593971601372 -0.030361171713069669 0.00084201601656223109 0.0097569685569349474 0.0057759935330836728 -0.0036752567967867841 -0.016542374004923491 0.0048863906044874028 -0.00096910072894602819 -0.011785417449914033 0.00097298588382803593 0.0036396839742332244 0.0073054849486742339 -0.012033100207157322 0.0014724410822046083 0.0066668319741322694 -0.00096649880008734521 -0.0007902946232237173 0.0021151606160031062 -0.02124925897323611 0.013502808017356309 0.0086755083031932589 3.022527614668361e-05 0.0055518927187006243 -0.01494374334490726 0.0095781575769575671 -0.039290234120095503 -0.00279396522644573 0.010292839810580172
leaf_weight=1096.949133769609 2310.8432574886829 40368.525131937116 1027.2178336456418 74764.340161457658 1586.0924622528255 30748.642779603601 44219.455406378955 4250.8150268569589 687.25072680041194 24592.694081861526 6319.9036593586206 49495.719906389713 26010.938067376614 2661.0904348045588 4925.4589056521654 120836.16838504747 5482.0000952854753 138342.90884390473 43417.854137156159 81409.383680254221 889.18502732366323 1775.7324607819319 10440.743016377091 73474.068838715553 3250.6771396324039 1868.6579310074449 1388.8197895511985 379.60929835215211 64811.998961295933 6904.1582323089242
leaf_count=44547 94215 105622 37416 161713 2754 57013 118187 17650 2758 49509 20366 84672 48345 5768 17192 268656 9215 312958 108635 169014 2746 3226 17846 148549 6575 6523 3264 3189 121345 10699
internal_value=-8.50892e-05 -2.80585e-06 3.89198e-05 7.57092e-05 -0.000589553 0.000118157 -0.00212471 -0.00429826 0.00126726 -0.000336821 -0.00318663 -0.00101187 0.00209678 -0.00334725 -0.00389087 -0.000380149 -0.00196317 0.000170626 -0.00252332 0.00153101 -0.00434582 0.00173203 0.00286261 0.000351652 -0.00304132 -0.00620913 0.000504531 -0.0112663 -0.00249131 0.00504063
internal_weight=869738 867427 866330 865303 555287 380085 175201 59307.5 310016 105677 30912.6 115894 204339 55056.7 52395.6 349337 90157.6 259179 84675.6 171424 41257.7 167100 91850.1 75249.8 47470.1 4324.34 2455.68 1066.86 66398.1 32915.1
internal_count=2060167 1965952 1921405 1883989 1238988 864845 374143 165372 645001 231588 69875 208771 413413 147722 141954 807832 226218 581614 217003 354369 108368 338635 186860 151775 124762 15734 9211 5947 124099 59044
is_linear=0
shrinkage=0.03


Tree=115
num_leaves=31
num_cat=0
split_feature=92 24 18 92 97 92 97 90 51 69 61 97 16 63 51 92 38 18 71 32 98 97 24 97 24 12 92 12 24 98
split_gain=1811.46 946.61 1896.47 1083.01 735.319 846.065 764.629 533.44 489.322 481.882 408.987 361.614 360.685 396.27 389.498 440.761 347.609 325.828 313.524 313.88 297.232 290.462 300.666 289.33 273.531 417.211 258.466 280.702 515.909 256.196
threshold=2.5714037418365483 3.5000000000000004 2.5000000000000004 1.4454341530799868 1.8749922513961794 0.96189993619918834 2.9998425245285039 -0.68413794040679921 17.465909004211429 0.20302660018205645 27.267057418823246 2.8333215713500981 11.500000000000002 0.3914563655853272 8.6795945167541522 0.83027687668800365 30.500000000000004 19.500000000000004 1.8069744706153872 12.500000000000002 1.0056811571121218 1.280690670013428 59.500000000000007 1.1320725679397585 22.500000000000004 9.5000000000000018 2.2499620914459233 6.5000000000000009 7.5000000000000009 1.9999946355819704
decision_type=2 2 2 2 2 2 2 2 2 2 2 2 2 2 2 2 10 2 2 2 2 2 2 2 2 2 2 2 2 2
left_child=1 2 3 -1 5 9 10 20 17 16 11 -6 13 14 15 -11 23 24 19 -10 -7 -21 -23 -3 25 26 -9 28 -28 -16
right_child=-2 4 -4 -5 6 7 -8 8 18 12 -12 -13 -14 -15 29 -17 -18 -19 -20 21 -22 22 -24 -25 -26 -27 27 -29 -30 -31
leaf_value=0.0055459371998287602 -0.028038737085745915 -0.0019895740942398282 -0.041230417970813373 -0.03281508231120684 -0.0011752758883528925 0.00067632359139393702 -0.030141582974521002 0.00082103205186418447 0.014134679984816864 -0.00041645015844644651 -0.0057650706237001303 0.021370524819770049 -0.0059769935861456102 0.0026053514824403434 -0.002586932029185981 0.0042706021036449668 -0.00013692414994199761 0.0031124244181796683 0.0017175247501569132 -0.00050259193605122507 0.0042151781596677851 -0.0028536826498328305 -0.011667105265242837 -0.0057194073174344591 -0.0027801253384451244 0.0071731823536380504 -0.046021595907363835 0.0027752014271028129 0.0032901522730288831 0.011556571133586045
leaf_weight=3427.6022326685488 2047.2823998210952 52298.240810424089 1467.2251048237085 799.94899384491146 51774.866464687511 30189.887866944075 881.31597352214158 83692.524649392813 1132.5023941937834 66822.145785689354 22060.195739492774 628.30566743016243 8182.3560872711241 55381.788523837924 56422.500963579863 24721.783207492903 49422.943947579712 83850.653049431741 38573.458356322721 70683.597823550925 73089.56683947891 30911.184751275927 3910.6751871332526 29163.687343135476 17696.409244116396 9688.1042329631746 412.42847144417465 615.359724259004 337.44999507628381 1157.2408309578896
leaf_count=13638 80094 108200 12394 25768 171380 52000 34456 199586 2997 149441 76337 1913 17926 110339 122586 49243 113421 149959 73776 126496 135087 73375 12900 84284 36876 16587 3905 1689 1022 3108
internal_value=1.04639e-05 7.71586e-05 -0.0120924 -0.00183318 0.000157676 0.000428308 -0.0026734 0.00129205 0.000720614 -0.000689889 -0.00234029 -0.000896905 0.0001915 0.000438865 -0.00036597 0.000849962 -0.00212196 0.00169726 -0.000599643 -0.00143798 0.00318106 -0.00160779 -0.0038496 -0.00332594 0.000641576 0.00128113 0.00060849 -0.0122446 -0.024322 -0.00229876
internal_weight=871443 869396 5694.78 4227.55 863701 788356 75344.7 444784 341504 343573 74463.4 52403.2 212688 204505 149124 91543.9 130885 196293 145211 106638 103279 105505 34821.9 81461.9 112442 94745.9 85057.8 1365.24 749.878 57579.7
internal_count=2060783 1980689 51800 39406 1928889 1644803 284086 886255 699168 758548 249630 173293 452643 434717 324378 198684 305905 409624 289544 215768 187087 212771 86275 192484 259665 222789 206202 6616 4927 125694
is_linear=0
shrinkage=0.03


Tree=116
num_leaves=31
num_cat=0
split_feature=87 24 97 97 72 92 87 92 97 87 97 92 24 51 24 63 24 51 98 92 2 38 87 92 98 40 69 39 48 87
split_gain=2334.95 1214.89 1013.97 842.5 595.5 533.617 693.909 802.694 706.647 645.348 849.935 623.81 439.775 405.695 400.307 375.893 369.651 351.962 475.198 341.352 340.672 309.146 302.414 500.435 282.587 279.04 271.673 268.246 260.677 256.8
threshold=1.9999099969863894 2.5000000000000004 2.9998425245285039 1.7368384003639223 0.91608282923698436 0.93103229999542247 1.0960043072700503 1.3070695400238039 1.1538341641426089 0.86956349015235912 1.0975589752197268 0.74999296665191661 61.500000000000007 12.39949941635132 6.5000000000000009 0.39999996125698095 39.500000000000007 9.5931410789489764 1.2083310484886172 1.1999974250793459 18.500000000000004 49.500000000000007 1.199993968009949 1.1052591800689699 1.4999937415122988 inf 0.071428570896387114 115.50000000000001 0.49999992549419409 1.2380926012992861
decision_type=2 2 2 2 2 2 2 2 2 2 2 2 2 2 2 2 2 2 2 2 2 10 2 2 2 8 2 10 2 2
left_child=1 -1 3 4 15 9 13 8 -8 11 -11 16 20 14 -7 17 -6 -3 -19 25 21 27 23 -10 -16 -15 -17 -5 -28 -9
right_child=-2 2 -4 12 5 6 7 29 22 10 -12 -13 -14 19 24 26 -18 18 -20 -21 -22 -23 -24 -25 -26 -27 28 -29 -30 -31
leaf_value=-0.032187275162417511 -0.03066716244317198 -0.0003773455637464438 -0.030272178755486896 -0.0032769330335877204 0.00056255491095468717 -0.0060678602666184127 0.00030288008485950712 0.0058808985236385603 -0.013914557267121789 -0.00063361549120403613 -0.0088930148127394307 0.0043614337317182724 -0.012913280150541759 0.0016673304348945885 0.0047750295020361566 -0.0033150759398152875 -0.0052069885156481952 -0.0050094101756861286 -0.00018580365400246713 0.0079485519657272897 0.0034267863228386189 0.0041378350085828691 -0.010591349029869215 -0.00060920240010938593 0.0099179974534315922 -0.012046624711721812 0.0026633416098106725 0.0098102353432295286 -0.00058969365056475123 0.0017322756449245301
leaf_weight=1033.1198640940711 2218.0410225782543 135932.64667251334 971.12563936971128 85359.196248728782 52085.187613680959 2597.3110843524337 50621.113375134766 17759.013204708695 3218.6520888060331 44791.956082578748 14939.373455427587 36545.788611203432 3461.4143220260739 68180.080383554101 42198.335419729352 12185.000459305942 12346.516226865351 42769.848044011742 32226.041453994811 7966.9990083351731 9216.1446939818561 5705.1638174578547 8306.1954969540238 11872.844884216785 12476.159124843776 1342.1998118162155 58985.295433491468 1414.3544550314546 35503.645044375211 55005.471309907734
leaf_count=44533 94175 304530 37472 286839 110242 6909 90319 28735 10341 87892 43464 69591 18429 124937 70417 26881 27232 87403 69223 11918 26202 18037 22914 24536 22829 3523 115913 2244 69964 101609
internal_value=-6.40053e-05 1.49907e-05 5.41505e-05 8.88962e-05 0.00043721 0.0011489 0.00193617 0.000508973 -0.00169042 -0.000230379 -0.00270166 0.0012317 -0.00242761 0.00349037 0.00540477 -0.000553808 -0.000544288 -0.00128773 -0.00293729 0.00207443 -0.00206824 -0.00261648 -0.00599953 -0.00346157 0.0059518 0.00139918 0.000897358 -0.00306141 0.00144117 0.00274613
internal_weight=869234 867016 865983 865012 759856 442253 281544 146783 74018.8 160709 59731.3 100977 105156 134761 57271.8 317602 64431.7 210929 74995.9 77489.3 101695 92478.7 23397.7 15091.5 54674.5 69522.3 106674 86773.6 94488.9 72764.5
internal_count=2059253 1965078 1920545 1883073 1531322 857408 518987 278454 148110 338421 131356 207065 351751 240533 100155 673914 137474 461156 156626 140378 333322 307120 57791 34877 93246 128460 212758 289083 185877 130344
is_linear=0
shrinkage=0.03


Tree=117
num_leaves=31
num_cat=0
split_feature=87 18 97 72 92 87 97 87 24 92 92 97 97 97 87 92 87 11 92 97 57 87 97 92 87 92 97 63 97 52
split_gain=2286.85 1239.29 991.379 657.367 469.019 717.528 757.105 644.82 829.113 665.667 626.256 609.001 446.689 409.261 758.23 552.304 519.073 429.331 384.119 362.621 311.672 309.2 582.701 308.186 341.116 426.449 435.834 294.958 306.859 433.12
threshold=1.9999099969863894 1.5000000000000002 2.9998425245285039 0.89898863434791576 1.071426570415497 1.0178617835044863 1.0975589752197268 1.0960043072700503 6.5000000000000009 1.3999965190887453 1.4454341530799868 1.6199955940246584 1.9999649524688723 1.3749957084655764 0.79999899864196788 0.83027687668800365 0.66666367650032055 35.319068908691413 0.88684234023094188 1.8749922513961794 2.1334213018417363 1.2158356308937075 1.1162755489349367 0.66666167974472057 0.83333018422126781 0.86841949820518505 1.0112344026565554 0.20970761775970462 1.6595696806907656 26.619827270507816
decision_type=2 2 2 2 2 2 2 2 2 2 2 2 2 2 2 2 2 2 2 2 2 2 2 2 2 2 2 2 2 2
left_child=1 -1 3 27 5 13 -7 8 10 11 -6 21 -10 23 15 16 -15 18 -16 -20 -8 -9 -23 -5 -25 26 -26 -3 -29 -30
right_child=-2 2 -4 4 7 6 20 9 12 -11 -12 -13 -14 14 17 -17 -18 -19 19 -21 -22 22 -24 24 25 -27 -28 28 29 -31
leaf_value=-0.030689020292212734 -0.030627399167876563 -0.0016520095092261826 -0.030229734107347053 -0.00055771297972138272 -0.0034539828325155582 -0.00076196574863180724 -0.0033748291133896017 0.0016795604868563522 0.0056774169129397267 0.0029216041635215218 -0.044004415678620457 -0.0083685803823823311 -0.0015233565223859177 0.0029382397482891334 -0.011014941307181447 0.0088076066889812427 -0.0081497097139251358 -0.012367551038207809 0.0020846059987172506 -0.010101554319941685 -0.012061171450546413 0.00058303726799990114 -0.0075986563443068648 0.0047904683069247798 0.00097509291757143473 0.0026766241884244486 -0.0067073811610822692 0.00056914298847789949 -0.0017220648361793694 -0.015159753261239306
leaf_weight=1148.6528109461069 2153.4727384131402 167513.13510342315 940.924565481022 46970.392751179636 984.06871496140957 40260.161335848272 6247.9525174871087 41670.642595998943 61494.783706352115 76391.752376329154 509.13777960278094 8856.7970268726349 8863.018540084362 10802.757749632001 4123.8293853402138 7571.9646003581583 5836.217505812645 6019.3507683426142 10239.55475281924 2776.8088055476546 9235.0560374036431 23569.392889693379 11713.070949859917 35381.736670695245 19377.638250760734 66413.590342268348 10092.016496166587 159510.6507371217 22297.748508824036 2371.1595410257578
leaf_count=47299 94217 409396 37297 96648 2715 74169 17905 73036 106449 158462 4655 31334 27645 31197 15955 18845 19483 24393 29112 11668 28285 41227 27566 62404 35651 113237 23450 314314 72609 9206
internal_value=0.000106688 0.000183537 0.000225097 0.000258841 0.000941166 0.000115713 -0.00293154 0.00193333 0.00429882 0.000885077 -0.0176793 -0.000928188 0.00477016 0.000868829 -0.0016092 0.00210229 -0.000956038 -0.00548764 -0.00305993 -0.000526603 -0.00856479 -6.98961e-05 -0.00213589 0.00152753 0.00227366 0.00134414 -0.00165857 -0.000741095 8.74799e-05 -0.00302492
internal_weight=871337 869184 868035 867094 515402 281349 55743.2 234053 71851 162202 1493.21 85809.9 70357.8 225606 47370.5 24210.9 16639 23159.5 17140.2 13016.4 15483 76953.1 35282.5 178235 131265 95883.2 29469.7 351693 184180 24668.9
internal_count=2059829 1965612 1918313 1881016 1075491 602402 120359 473089 141464 331625 7370 173163 134094 482043 150653 69525 50680 81128 56735 40780 46190 141829 68793 331390 234742 172338 59101 805525 396129 81815
is_linear=0
shrinkage=0.03


Tree=118
num_leaves=31
num_cat=0
split_feature=87 97 38 40 40 97 61 69 63 52 48 46 48 31 38 2 97 33 39 100 37 63 97 46 61 3 76 100 14 73
split_gain=2191.65 939.909 708.536 643.457 694.92 596.915 637.764 497.724 460.444 479.751 315.308 315.282 864.306 332.362 296.373 336.606 286.625 276.328 318.604 261.664 253.338 250.764 243.099 235.96 234.456 240.43 218.958 214.721 214.136 200.638
threshold=1.9999099969863894 2.9998425245285039 inf 125.50000000000001 66.500000000000014 1.7368384003639223 20.820253372192386 0.32259589433670049 0.23263126611709598 5.7031104564666757 0.33333329856395727 8.3771190643310565 0.041960092261433608 29.500000000000004 47.500000000000007 14.500000000000002 0.91303813457489025 1.0000000180025095e-35 169.50000000000003 -0.51404106616973866 130.50000000000003 0.39999996125698095 1.1999675631523135 7.9127395153045663 16.259942054748539 7.5000000000000009 2.0203458070755009 -2.0635671615600581 1.5000000000000002 1.1475407481193545
decision_type=2 2 8 10 8 2 2 2 2 2 2 2 2 2 10 2 2 2 10 2 8 2 2 2 2 2 2 2 2 2
left_child=1 2 3 4 5 7 26 11 10 -10 24 12 17 21 15 -6 -5 -1 27 -8 -4 -13 -15 -12 25 -9 -7 -19 -11 -30
right_child=-2 -3 20 16 14 6 19 8 9 28 23 13 -14 22 -16 -17 -18 18 -20 -21 -22 -23 -24 -25 -26 -27 -28 -29 29 -31
leaf_value=0.013540277842162598 -0.030594292326332442 -0.030179240263284626 -0.0070771663364605662 0.0005682938357877271 -0.0027882861081141813 -0.0003995873257176129 -0.011940513106552975 0.0015761124730523544 0.0059856320758101119 0.013075661654834432 0.0069343065835757306 -0.0037162601342479317 0.0064567677588029167 0.0042679151898556899 0.00091076751019650835 0.0022625822069084968 0.0050610679720479567 0.0072954483411303839 0.0076950323057054636 -0.0041722920854189664 0.0074762356427435272 -0.00066753275973852077 -0.0065399076391043356 -0.0063264759325419931 -8.717200406511356e-05 0.0066453791877968222 0.0066648777785664219 -0.00048999915063330907 3.281093273354179e-05 0.0035134456194181366
leaf_weight=1323.7012142818421 2092.1477015735582 907.63935478590429 15581.390595125966 20825.006925784983 128819.14517811127 36715.211783941835 4523.5785197019577 47464.358572655357 37796.658678065054 1438.6913467282429 1387.3710872679949 41216.001739794388 20863.656914334744 13514.749078258872 31087.484185644425 13065.706881175749 33084.214611723088 3232.7181436493993 4549.8192309178412 28105.321149758995 1140.3029682962224 59081.930932851508 2155.6592635735869 8604.3716993927956 72373.427522062324 10222.723592513241 4404.215279256925 160897.78496650327 36744.448664815165 25058.400289134122
leaf_count=1654 94149 37073 73373 39882 324898 117373 17528 95859 65530 2528 2385 86073 35168 20433 85210 26331 52776 5066 6144 95624 8431 116544 5300 19010 141356 16819 12705 339250 70140 44266
internal_value=-7.20901e-05 2.33663e-06 3.46926e-05 0.00015527 -5.99375e-05 0.000408031 -0.00212546 0.000749093 0.00176907 0.00331243 0.000655334 -5.24e-05 0.000697166 -0.00128599 -0.0017417 -0.00232292 0.00332637 -1.03547e-05 -0.000118285 -0.00525591 -0.00607698 -0.00192085 0.00277472 -0.00447502 0.00105009 0.00247643 0.000359945 -0.000335787 0.00171338 0.00144474
internal_weight=868278 866186 865278 848556 794647 621675 73748.3 547926 241090 101038 140052 306836 190868 115968 172972 141885 53909.2 170004 168680 32628.9 16721.7 100298 15670.4 9991.74 130061 57687.1 41119.4 164131 63241.5 61802.8
internal_count=2058878 1964729 1927656 1845852 1753194 1316755 243230 1073525 457893 182464 275429 615632 387282 228350 436439 351229 92658 352114 350460 113152 81804 202617 25733 21395 254034 112678 130078 344316 116934 114406
is_linear=0
shrinkage=0.03


Tree=119
num_leaves=31
num_cat=0
split_feature=87 18 78 97 97 46 11 44 18 49 40 12 90 92 87 97 92 93 40 40 92 66 97 24 61 92 97 40 90 24
split_gain=2137 1181 873.053 617.759 479.294 447.037 940.927 432.122 412.344 321.03 343.037 304.871 312.787 376.388 332.083 610.704 289.544 309.824 281.464 273.625 310.178 352.165 411.994 325.555 269.556 267.435 259.735 256.981 256.168 249.101
threshold=1.9999099969863894 1.5000000000000002 1.1622274518013003 1.8749922513961794 2.9998425245285039 8.8193674087524432 4.5929138660430917 1.4999997019767763 41.500000000000007 0.99999970197677623 125.50000000000001 2.5000000000000004 -0.75203868746757496 1.1379284262657168 1.0333682894706728 1.1999675631523135 0.54545119404792797 0.59999188780784618 inf 54.500000000000007 1.3333277702331545 29.611760139465336 1.8292622566223147 11.500000000000002 43.720916748046882 0.72413626313209545 1.6199955940246584 12.500000000000002 -0.92392447590827931 4.5000000000000009
decision_type=2 2 2 2 2 2 2 2 2 2 10 2 2 2 2 2 2 2 8 8 2 2 2 2 2 2 2 8 2 2
left_child=1 -1 3 5 24 6 16 11 9 10 19 -7 26 14 18 -16 -3 25 -14 20 21 -4 -23 -22 28 27 -13 -18 -5 -19
right_child=-2 2 8 4 -6 7 -8 -9 -10 -11 -12 12 13 -15 15 -17 17 29 -20 -21 23 22 -24 -25 -26 -27 -28 -29 -30 -31
leaf_value=-0.030630328675611981 -0.030562905129730391 -0.0022942002142802985 0.0015637756322969092 0.0052869014446908953 -0.029839968114654839 0.0090145925952663727 0.0054813523642740494 0.0043619831643743577 0.0045816153676085563 0.0045848796239985638 0.004649404973725531 0.0017483119377265563 -0.0024260425497941536 -0.0008434680883366365 -0.0046029957034871135 -0.016432864978693562 -0.0079261515298982097 -0.00701118721521681 -0.016734406238902981 -0.0011813782547243276 -0.0035773037781774808 -0.00098528836755694123 -0.013265146774833191 0.0046121160966785405 -0.0085958030012459954 0.0035434740311182339 -0.011816631411434585 0.00081845384805753687 -0.0032334816666888529 -0.00020189280076027399
leaf_weight=1108.51275244914 2038.575891287066 49401.208019219339 83252.303160192445 3448.4866810813546 609.59174300357699 2193.6819695010781 28754.080122947693 10119.985026553273 31912.16061591357 20599.698747089133 18321.503683891147 22140.77646728605 47873.554268926382 51493.055486410856 18332.193665623665 4988.6259792894125 3516.3631523400545 4935.9397491998971 1250.9473001360893 70269.527562333271 5052.1416860427707 47198.97326091677 2574.4083462785929 31674.132207844406 7803.5921648144722 39672.558244034648 1327.7593066692352 20881.114027693868 37857.504034487531 198534.79708789289
leaf_count=47225 94300 114666 174090 10518 25604 4514 50672 18618 58186 40793 29257 40062 102047 97839 34991 17252 8569 17406 3774 170391 15676 95236 10249 61744 28362 85006 5219 46027 136456 415553
internal_value=-3.30481e-05 3.94317e-05 7.93971e-05 -0.000633393 -0.00382346 -0.000319439 0.000287031 -0.00163194 0.00135228 0.000982531 0.000694955 -0.00203794 -0.00220362 -0.0028049 -0.00419844 -0.00714547 -0.000184532 0.000205159 -0.00279706 0.000392739 0.00104441 0.000370397 -0.00162551 0.00348423 -0.0034885 0.00202413 0.000971452 -0.00044735 -0.00251993 -0.00036775
internal_weight=869138 867099 865991 555136 49719.2 505417 345696 159721 310855 278943 258343 149601 147407 123938 72445.3 23320.8 316942 267541 49124.5 240021 169752 133026 49773.4 36726.3 49109.6 64070 23468.5 24397.5 41306 203471
internal_count=2060302 1966002 1918777 1263155 200940 1062215 737899 324316 655622 597436 556643 305698 301184 255903 158064 52243 687227 572561 105821 527386 356995 279575 105485 77420 175336 139602 45281 54596 146974 432959
is_linear=0
shrinkage=0.03


Tree=120
num_leaves=31
num_cat=0
split_feature=87 24 40 69 38 92 97 24 30 54 24 3 63 17 30 24 51 63 10 8 59 69 30 98 92 24 97 24 34 98
split_gain=2082.09 1142.66 666.598 639.948 673.224 457.599 544.314 554.94 506.981 452.988 443.115 383.309 419.308 416.114 376.428 427.299 369.577 362.177 358.777 344.621 314.607 351.083 300.866 299.255 268.977 266.788 262.451 252.807 292.157 247.149
threshold=1.9999099969863894 2.5000000000000004 142.50000000000003 0.2629514634609223 134.50000000000003 0.59999188780784618 1.2558117508888247 45.500000000000007 75.500000000000014 0.35388937592506414 61.500000000000007 6.5000000000000009 0.26768259704113012 150.9065856933594 53.500000000000007 31.500000000000004 12.39949941635132 0.16666664928197863 3.5000000000000004 17.500000000000004 0.24999997764825824 0.21177207678556445 39.500000000000007 1.4444372057914736 1.9285621643066408 8.5000000000000018 0.97032096982002269 37.500000000000007 5.5000000000000009 1.1320738792419436
decision_type=2 2 10 2 10 2 2 2 2 2 2 2 2 2 2 2 2 2 2 2 2 2 2 2 2 2 2 2 2 2
left_child=1 -1 3 4 5 27 20 14 -9 -5 -10 12 18 -14 15 19 -13 -18 22 -8 21 29 -11 -12 26 -6 -4 28 -3 -7
right_child=-2 2 24 9 25 6 7 8 10 11 23 16 13 -15 -16 -17 17 -19 -20 -21 -22 -23 -24 -25 -26 -27 -28 -29 -30 -31
leaf_value=-0.032045535407361436 -0.030528158099643571 -0.0046991909513097764 0.0016610708926398812 0.0020527784605030644 0.0015108552649453441 -0.00054710704618262079 -0.0018587738421862576 -0.011223116149907508 0.0018706328898967033 -0.0034931310901158827 -0.01579653451294856 0.0052618652540932795 0.0027100371678640293 -0.0019825513737773063 0.0032817736666024967 -0.0065665570481328378 -0.0026039531918763581 0.002520718359694283 -0.010237528647903806 0.0034739625428633751 -0.0023289325563936739 0.0041623982099897152 -0.0002874541475129491 -0.0034697650366110602 -0.0076147887994523229 0.012816098157397964 0.0066887366966194173 -0.011682636089154187 0.0012092189837917245 0.0020923316750394972
leaf_weight=972.74335210118443 1979.34179012198 30905.656745856628 16677.922825369984 159268.77642240562 3319.8786366358399 103987.65388133377 72395.617555039003 10317.191913345829 8756.0369049310684 41594.024823250249 2791.5047419816256 20784.142955228686 48978.411174008623 26030.822551842779 14579.159402742982 14856.300744496286 20254.936775090173 31984.425496986136 4336.0441596359015 12821.436375485733 34572.154938530177 24104.737345829606 71846.526749132201 4838.4607843980193 1712.0476767700166 4325.5807538237423 21281.42856278643 3466.0186953991652 9947.9000992868096 46052.047766339034
leaf_count=44748 94315 85806 28464 339311 6947 202538 229416 40366 17348 116600 9290 38969 102769 56040 28278 48057 43666 60229 10495 32570 68157 41149 145984 16168 3649 6061 30847 8666 20092 83370
internal_value=5.11483e-05 0.000121601 0.000158439 -2.38062e-05 -0.000881832 -0.00105293 -0.000689214 -0.00212651 -0.00601981 0.000787715 -0.00273394 2.9611e-05 -0.000671537 0.00108145 -0.00121885 -0.00187505 0.00188036 0.000533477 -0.00178797 -0.0010558 0.000284323 0.00080333 -0.00146325 -0.00800915 0.00395619 0.00792379 0.00448181 -0.00392422 -0.0032606 0.000263193
internal_weight=869739 867760 866787 827115 402037 394392 350072 141356 26703.2 425078 16386 265809 192786 75009.2 114653 100073 73023.5 52239.4 117777 85217.1 208717 174144 113441 7629.97 39671.4 7645.46 37959.4 44319.6 40853.6 150040
internal_count=2060365 1966050 1921302 1858342 944279 931271 816707 421493 83172 914063 42806 574752 431888 158809 338321 310043 142864 103895 273079 261986 395214 327057 262584 25458 62960 13008 59311 114564 105898 285908
is_linear=0
shrinkage=0.03


Tree=121
num_leaves=31
num_cat=0
split_feature=87 18 97 97 40 39 89 38 56 98 83 37 39 23 56 32 24 40 93 62 78 36 98 33 15 14 39 97 98 97
split_gain=1994.04 1129.8 625.282 760.165 527.594 513.321 544.969 588.031 486.314 346.058 312.402 309.588 305.196 407.245 303.633 373.52 362.499 302.847 298.532 299.807 287.811 282.221 263.174 255.821 253.717 230.954 228.75 224.094 332.219 270.621
threshold=1.9999099969863894 1.5000000000000002 1.8749922513961794 2.9998425245285039 142.50000000000003 123.50000000000001 -0.30608482658863062 173.50000000000003 16.271880149841312 1.4829397201538088 0.83313485980033886 159.50000000000003 45.500000000000007 5.6315090656280526 19.695053100585941 53.500000000000007 26.500000000000004 142.50000000000003 1.3646629452705386 9.2589449882507342 2.2315304279327397 15.500000000000002 1.7971687912940981 1.5000000000000002 3.5000000000000004 6.5000000000000009 23.500000000000004 1.1162755489349367 1.3199960589408877 1.6595696806907656
decision_type=2 2 2 2 10 10 2 10 2 2 2 8 10 2 2 2 2 8 2 2 2 2 2 2 2 2 8 2 2 2
left_child=1 -1 4 14 5 6 8 10 9 12 11 -8 13 -3 15 22 -17 18 19 -10 -19 -7 -4 -12 -18 -24 -26 -21 -29 -30
right_child=-2 2 3 -5 -6 21 7 -9 17 -11 23 -13 -14 -15 -16 16 24 20 -20 27 -22 -23 25 -25 26 -27 -28 28 29 -31
leaf_value=-0.030581715400821979 -0.030490744087585286 -0.016835983477019218 0.0029053483897122884 -0.030113087768074222 0.0037388180719903283 0.0048708571253371141 -0.0022144397708183544 0.015323468455763581 -0.0013786526459500989 0.0054267879678331814 -0.004569731913743662 0.012674589956264172 0.0054350775604317591 0.0010060984378933741 -0.0046928321574907263 0.008116564260209614 -0.0090345091868268938 -0.006787068696626956 0.002700393747343462 0.0022072519371569635 0.0064240942011161185 -0.0044561994957411921 -0.0082261974726272388 2.0371991175889414e-06 -0.0018247049945789603 -0.0019832186769948254 0.007896425359688871 -0.0036621134236356312 0.0029807663344070972 -0.0053726128850791069
leaf_weight=1066.0590371750295 1915.0240732179955 1148.8052217140794 5559.4370702374727 871.03898759745061 37893.086639277637 27738.423523996025 139470.65471557528 1980.6377915963531 100844.60548480973 25563.472851913422 11645.673152882606 1248.7045296765864 14800.753409650177 77228.232283979654 28232.213271144778 6693.3965724017471 2509.0116710960865 9668.0214829705656 37188.790323298424 55606.500336520374 1736.2264321185648 3247.2817648425698 8626.6785816922784 197691.44631572068 6059.5487595498562 13963.904783716425 3376.6332135945559 18888.658945739269 21044.930805850774 4164.7200853228569
leaf_count=47247 94110 2977 19370 37326 59890 46357 326271 2437 209668 56376 34725 2641 26887 142492 97652 17690 8984 25047 65876 93557 3795 7017 41161 414384 19917 46077 9572 40771 44780 15118
internal_value=-7.071e-05 -2.71924e-06 3.56874e-05 -0.00256479 0.000285943 0.000111605 -5.11718e-05 -0.00089492 0.000756236 0.00233603 -0.000987554 -0.00208054 0.00148709 0.000740351 -0.00223699 -0.000753772 0.00253873 3.18197e-06 0.000232438 -0.00022543 -0.00476803 0.00389114 -0.00293405 -0.000252708 -0.000595101 -0.0043724 0.00166324 0.000941018 -0.000655939 0.00159759
internal_weight=867673 865758 864691 75891.9 788800 750907 719921 352037 367884 118741 350056 140719 93177.8 78377 75020.8 46788.6 18638.6 249142 237738 200549 11404.2 30985.7 28150 209337 11945.2 22590.6 9436.18 99704.8 44098.3 25209.7
internal_count=2060172 1966062 1918815 297749 1621066 1561176 1507802 780458 727344 228732 778021 328912 172356 145469 260423 162771 56163 498612 469770 403894 28842 53374 106608 449109 38473 87238 29489 194226 100669 59898
is_linear=0
shrinkage=0.03


Tree=122
num_leaves=31
num_cat=0
split_feature=92 39 90 100 40 92 24 46 7 18 97 39 44 38 9 97 92 97 98 32 97 98 69 97 24 98 18 92 97 40
split_gain=1500.48 639.84 675.026 652.844 537.451 503.336 1526.12 524.285 959.429 437.253 429.236 416.967 410.718 375.159 366.609 360.389 354.732 300.154 346.193 298.827 296.838 416.883 292.041 288.143 561.658 308.078 273.804 265.941 343.829 262.427
threshold=2.5714037418365483 192.50000000000003 -0.70199698209762562 -0.84881529211997975 201.50000000000003 1.3636317253112795 3.5000000000000004 8.3771190643310565 1.0000000180025095e-35 35.500000000000007 2.2499577999114995 47.500000000000007 1.4999997019767763 134.50000000000003 2.5000000000000004 2.9998425245285039 1.1379284262657168 1.0975589752197268 0.86234769225120556 323.50000000000006 1.7368384003639223 1.1079540848731997 0.044592645019292838 1.280690670013428 73.500000000000014 1.6590567827224734 36.500000000000007 1.071426570415497 1.5449989438056948 142.50000000000003
decision_type=2 10 2 2 10 2 2 2 2 2 2 10 2 10 2 2 2 2 2 2 2 2 2 2 2 2 2 2 2 10
left_child=1 2 11 16 5 7 -7 8 13 10 -8 14 20 22 -1 -12 17 18 -4 26 21 -9 -5 -23 25 -25 29 28 -16 -19
right_child=-2 -3 3 4 -6 6 9 12 -10 -11 15 -13 -14 -15 27 -17 -18 19 -20 -21 -22 23 -24 24 -26 -27 -28 -29 -30 -31
leaf_value=-0.00020073795215966447 -0.027095455573674886 0.0084798264640227623 -0.00027327980192879878 -0.0043430639093826008 0.0078238504424447894 -0.033371963783230631 0.001214206675430202 -0.0056939954303894076 0.0051453929957954812 0.0085746197372063467 -0.0035504516889904632 0.0086672240131438448 0.0039141387074832232 0.0062473302830995869 0.0027773330491878542 -0.029456510055534266 0.0027731346830027182 -0.0026508446896683201 0.0028876316766427604 -0.0074135975178096641 -0.0078561156626691924 0.00013312827168849084 -0.0011896193620111184 -0.005299849653594692 -0.022006585889538618 0.00068689081974716393 0.0053313650902306027 0.0062452949897258778 -0.0057397336593668861 0.012669514597468819
leaf_weight=57675.333760684356 1816.5287369964644 8008.5230649430305 86618.70858360827 30916.640321249142 6094.1203936245292 1157.7499084277079 94245.356094224378 36771.782286148518 21835.864660860971 6376.1696976944804 12864.876893244684 7832.7684137392789 6825.8325196057558 5538.0614427831024 41758.831418178976 482.78753703832626 65701.396082215011 26039.523045213893 48704.160159762949 7654.1716140583158 13360.003849208355 35741.479518745095 181723.72404480539 19361.377825506032 1429.3045620918274 12868.409991322085 5391.1475462317467 17516.681123090908 4732.192299451679 1027.0768182352185
leaf_count=124116 80098 10287 164697 94921 7981 30142 223843 77995 44165 11663 43834 14404 14437 10331 73563 22740 114474 60382 81451 16808 53331 64165 468834 51529 6055 32221 10150 30959 18788 1289
internal_value=-7.40016e-06 5.00276e-05 -2.8829e-05 -0.000383537 -0.00101498 -0.00112717 0.000603064 -0.00167087 -0.000847319 0.000953993 0.00050087 0.00196671 -0.00323482 -0.0014475 0.00153404 -0.00453015 0.000893267 0.000189009 0.000864625 -0.00208956 -0.00364364 -0.00311219 -0.00164848 -0.00174298 -0.00373406 -0.00291058 -0.00083026 0.00309677 0.00190831 -0.00206057
internal_weight=868071 866254 858246 728730 487594 481499 115127 366372 240014 113969 107593 129516 126358 218178 121683 13347.7 241136 175435 135323 40111.9 119532 106172 212640 69400.6 33659.1 32229.8 32457.7 64007.7 46491 27066.6
internal_count=2059653 1979555 1969268 1707438 1258187 1250206 332222 917984 618251 302080 290417 261830 299733 574086 247426 66574 449251 334777 246148 88629 285296 231965 563755 153970 89805 83750 71821 123310 92351 61671
is_linear=0
shrinkage=0.03


Tree=123
num_leaves=31
num_cat=0
split_feature=92 24 92 69 68 51 8 39 98 52 97 92 76 39 6 97 24 59 20 92 92 78 24 88 76 95 43 19 64 67
split_gain=1386.34 718.052 1256.14 634.355 493.405 448.201 476.814 383.055 344.961 329.59 322.059 434.829 320.374 319.397 303.218 279.433 486.712 413.899 357.062 346.107 304.063 268.497 240.804 240.454 240.387 256.889 232.698 271.377 232.288 248.819
threshold=2.5714037418365483 3.5000000000000004 1.4454341530799868 0.18813606351614001 0.24734012782573703 12.39949941635132 32.500000000000007 169.50000000000003 0.96428108215332042 5.7031104564666757 1.1739061474800112 1.1999837756156924 2.3126003742218022 192.50000000000003 2.5000000000000004 1.2558117508888247 45.500000000000007 0.21249999850988391 85.500000000000014 0.96189993619918834 1.0132490396499636 1.78571093082428 13.500000000000002 0.92205563187599193 2.9283059835433964 -1.1768201589584348 0.99999958276748668 12.500000000000002 0.37364593148231512 5.4694387912750253
decision_type=2 2 2 2 2 2 2 10 2 2 2 2 2 10 2 2 2 2 2 2 2 2 2 2 2 2 2 2 2 2
left_child=1 2 -1 7 5 6 13 15 24 -6 -10 23 26 14 -5 17 18 19 -17 -3 -18 -22 -2 28 25 -7 27 -11 -12 -30
right_child=22 3 -4 4 9 8 -8 -9 10 12 11 -13 -14 -15 -16 16 20 -19 -20 -21 21 -23 -24 -25 -26 -27 -28 -29 29 -31
leaf_value=-0.0024749068163435542 -0.033175724671679591 -0.0012137023235776045 -0.035668738980586527 -0.0012646349548968499 0.0029874771099558874 0.0016127661835382845 0.0061849148537494987 0.0058243825326053942 0.0019171194860085157 -0.00036301732232278618 -0.0077787877832243618 0.0010848673914831612 0.0037694310179841274 0.0095637853500528409 0.0013106439892663882 -0.0021246470312146926 -0.011790333624832273 -0.0043036980278386488 0.0031576397006476699 0.0015920825352305568 -0.0052064037437360901 0.010514728279771996 -0.0083520486286084369 -0.0071915540676519814 0.0010063305118551459 -0.0064998430710025493 -0.0068543809812579605 0.0032747459523534837 0.0062128446204828677 -0.003717792476040782
leaf_weight=4212.1448384709656 1265.7096343711019 78824.721148505807 1337.9361028578132 67692.796515030786 114666.62748095766 4136.8536984808743 14235.224972130731 7435.1729247570038 32551.783325891942 88146.77554869093 3748.1216852068901 23365.838269209489 26976.037760708481 3396.2571544479579 104867.16155984625 79410.32389186509 6692.2344745993614 20815.117106281221 13452.021571245044 79409.62717558071 10665.242507994175 1057.58606775105 507.05557125154883 14183.012337427586 6894.5898250099272 23012.150494972244 4108.5428969506174 23323.255484238267 4374.5700140669942 4679.6573895532638
leaf_count=19438 74478 168861 32512 177314 234351 7204 25975 10797 54775 190900 11542 53138 53804 4121 224725 245973 26294 46104 32934 147952 30086 2359 5527 41956 12772 47909 9299 42666 10917 13360
internal_value=0.000106086 0.000160534 -0.0105762 0.000229898 0.000820987 9.20148e-06 0.000907818 -0.000890396 -0.00145213 0.00179023 -0.000407706 -0.00191086 0.000826923 0.000480236 0.00030037 -0.00106275 -0.0022432 -0.000328942 -0.00135894 0.000194399 -0.00669597 -0.00377261 -0.0262479 -0.00450365 -0.00399379 -0.0052634 0.000139609 0.000398575 -0.0015193 0.00108334
internal_weight=869444 867671 5550.08 862121 564359 307138 190191 297762 116947 257221 82903 50351.2 142555 175956 172560 290327 111277 179049 92862.3 158234 18415.1 11722.8 1772.77 26985.4 34043.6 27149 115579 111470 12802.3 9054.23
internal_count=2060043 1980038 51950 1928088 1216728 685708 432135 711360 253573 531020 185688 130913 296669 406160 402039 700563 337646 362917 278907 316813 58739 32445 80005 77775 67885 55113 242865 233566 35819 24277
is_linear=0
shrinkage=0.03


Tree=124
num_leaves=31
num_cat=0
split_feature=87 18 90 100 92 24 87 97 87 24 92 87 40 97 32 65 18 92 87 87 87 97 92 87 57 92 87 92 87 24
split_gain=1906.96 1067.87 570.699 539.415 551.933 1605.9 841.64 736.368 535.325 1507.32 494.211 1475.09 468.06 476.109 761.859 463.906 440.284 415.273 955.001 767.99 653.906 541.541 388.981 466.671 363.197 362.803 362.868 362.459 1443.45 1279.77
threshold=1.9999099969863894 1.5000000000000002 -0.70199698209762562 -1.1382564306259153 1.1249905228614809 3.5000000000000004 1.0960043072700503 1.0812362432479861 0.85713735222816478 12.500000000000002 2.2499620914459233 1.5999855995178225 142.50000000000003 1.1320725679397585 323.50000000000006 0.031249999068677429 45.500000000000007 0.94736504554748546 0.86956349015235912 0.70588049292564403 0.86956349015235912 1.69999235868454 0.74999850988388073 0.66665667295455944 12.458767890930178 2.5714037418365483 1.6666597127914431 1.7999865412712099 1.3333273530006411 12.500000000000002
decision_type=2 2 2 2 2 2 2 2 2 2 2 2 10 2 2 2 2 2 2 2 2 2 2 2 2 2 2 2 2 2
left_child=1 -1 -3 -4 6 -6 12 -8 9 -7 16 -12 13 -5 17 -9 27 18 22 -19 -21 -22 23 -15 -23 26 -13 -10 29 -29
right_child=-2 2 3 4 5 8 7 15 10 -11 11 25 -14 14 -16 -17 -18 19 -20 20 21 24 -24 -25 -26 -27 -28 28 -30 -31
leaf_value=-0.030521313438888514 -0.030449794925227744 0.001930857640067615 0.0016432575560890149 0.00011452839978821646 -0.03622105822851427 -0.048766133839212411 -0.0027137790409543648 -0.0022965162493077725 0.0002566585169220593 0.0094454114061733874 -0.042483511875847382 -0.012372740944328282 0.0044978362451998568 -0.00060294146510129164 -0.0086589722749448976 -0.014748991846698103 0.0072039441422468639 -0.027129723156100554 -0.0093060136552270915 0.008067607090039973 0.0012013669609950209 -0.0051354535819829322 0.0019305548055799419 -0.0075193284751135479 -0.024474503608954125 -0.02013016141693132 0.0066102462956670865 -0.050219444616794451 0.0059853987203151464 -0.0023751366403705894
leaf_weight=1006.4842810081318 1827.7856006911024 129623.06095016375 116646.15355761722 150114.19844768941 1050.8188544232398 704.38362144492567 31280.557641774416 3787.4552036598325 222439.50231662765 883.08424555324018 909.72591589577496 1208.6820894423872 14267.929062303156 25196.20195543021 15166.239124191925 9365.2024174332619 9577.2495762258768 861.46150790527463 16518.998353086412 9723.6035641711205 30262.476367786527 7041.6630299091339 22723.934847151861 13459.10498932004 981.42690007388592 788.62420713715255 3435.9827034659684 760.62031381763518 24904.906990485266 1421.6803563628346
leaf_count=47189 94478 262006 207056 295203 16846 4921 64441 11684 483610 2431 7120 5616 22558 77324 42789 30084 16715 6836 54488 23067 67794 29237 59678 40911 5051 5854 8720 5339 57103 5038
internal_value=-5.63311e-06 5.93159e-05 9.55989e-05 -0.000227895 -0.000580636 0.000444149 -0.00136388 -0.00522142 0.000591133 -0.0166693 0.000695605 -0.0075645 -0.000804014 -0.00106332 -0.00230889 -0.0111721 0.000898385 -0.00154794 -0.00290768 0.000619748 0.00112877 -0.000636824 -0.00118323 -0.00301375 -0.00755608 -0.00158345 0.00163843 0.00065581 0.00393102 -0.0193554
internal_weight=867939 866111 865105 735482 618836 268085 350750 44433.2 267034 1587.47 265447 6343.01 306317 292049 141935 13152.7 259104 126769 77898.2 48870.6 48009.2 38285.6 61379.2 38655.3 8023.09 5433.29 4644.66 249527 27087.2 2182.3
internal_count=2061187 1966709 1919520 1657514 1450458 619313 831145 106209 602467 7352 595115 27310 724936 702378 407175 41768 567805 364386 232401 131985 125149 102082 177913 118235 34288 20190 14336 551090 67480 10377
is_linear=0
shrinkage=0.03


Tree=125
num_leaves=31
num_cat=0
split_feature=87 18 78 100 90 44 39 74 18 40 40 26 92 87 97 92 98 38 40 46 92 87 97 92 87 38 87 97 97 40
split_gain=1852.99 1040.06 652.009 477.686 529.906 414.32 399.454 354.366 348.617 404.087 326.685 327.818 319.068 374.796 303.008 425.275 375.276 295.529 303.855 284.356 262.358 772.876 918.775 415.159 1222.12 427.185 373.318 463.051 368.11 366.786
threshold=1.9999099969863894 1.5000000000000002 1.1622274518013003 -1.1382564306259153 -0.87314853072166432 1.4999997019767763 192.50000000000003 -3.4419807195663448 41.500000000000007 118.50000000000001 72.500000000000014 71.500000000000014 0.83027687668800365 0.85713735222816478 1.2115353345870974 1.1739111542701723 1.2631551623344424 173.50000000000003 179.50000000000003 8.8193674087524432 1.1538438200950625 1.0333682894706728 1.0812362432479861 0.94736504554748546 0.70588049292564403 47.500000000000007 0.86956349015235912 1.6595696806907656 2.062482595443726 41.500000000000007
decision_type=2 2 2 2 2 2 10 2 2 10 8 2 2 2 2 2 2 10 10 2 2 2 2 2 2 10 2 2 2 8
left_child=1 -1 3 -3 -5 6 7 -6 9 10 11 -4 -13 -14 16 -16 -10 18 20 -15 21 23 -23 25 -25 -9 -26 -28 -22 -29
right_child=-2 2 8 4 5 -7 -8 17 14 -11 -12 12 13 19 15 -17 -18 -19 -20 -21 28 22 -24 24 26 -27 27 29 -30 -31
leaf_value=-0.030477919697097972 -0.030421747114093099 0.0015422513417477023 0.0021672506489369197 0.001799108709249115 -0.0045236198384320594 0.003325186486877595 0.006891386925033968 -0.0030699101808205273 0.0040162749543683285 0.0047392164677604138 -0.0015531181257711385 -0.0034966211875123018 0.0091798377992904235 0.0025916099663152239 -0.0037311682793169597 0.0093051132733684531 0.013388326237646088 0.0097907488869812317 0.0046021198976182462 -0.0014614812124244792 0.00021952659842470069 -0.0020184812176274594 -0.010494844555980935 -0.033575950077779991 0.0076028469710690211 0.0014804098592235053 0.0017732147257785704 -0.012269990944889753 -0.0045522970612636984 0.0031741367312196271
leaf_weight=981.75306848250329 1777.1231173612177 86362.035758696496 111940.73264581524 57965.939002450556 33431.38282251358 16951.399573357776 5065.8154867980629 94410.451991641894 16074.738009475172 22306.97217095457 53522.762734451331 21028.376564620063 4393.3307729288936 25794.412261134014 7655.5278216358274 3167.4716614410281 5047.7415353655815 2132.0404286552221 7507.893425276503 39269.941829813644 110569.22618117556 28004.187399327755 19533.219689421356 883.53971833176911 7927.2901892382652 23100.385340694338 38254.768865443766 4088.01531342417 16734.023683294654 2076.6439230963588
leaf_count=47263 94444 153964 239534 123331 79434 35468 6321 241887 24213 36190 135353 46720 8448 50663 22682 5660 5900 3096 10501 80505 236126 55648 59154 6336 18147 56367 74252 17830 77545 7504
internal_value=9.44263e-06 7.25785e-05 0.000107948 -0.000507745 -0.000885575 -0.00126459 -0.00146236 -0.00157159 0.00120948 0.000868546 0.000530858 0.00108197 -0.000260813 0.000719555 0.00417671 9.41713e-05 0.00626651 -0.00129352 -0.001361 0.000145648 -0.00149081 -0.00212203 -0.00550439 -0.00117979 0.00101791 -0.0021753 0.00161441 0.000542741 -0.000408347 -0.007074
internal_weight=867959 866182 865200 554998 468636 410670 393719 388653 310202 278257 255950 202427 90486.1 69457.7 31945.5 10823 21122.5 355222 353090 65064.4 345582 218279 47537.4 170741 53230.3 117511 52346.7 44419.4 127303 6164.66
internal_count=2060486 1966042 1918779 1262911 1108947 985616 950148 943827 655868 597413 561223 425870 186336 139616 58455 28342 30113 864393 861297 131168 850796 537125 114802 422323 124069 298254 117733 99586 313671 25334
is_linear=0
shrinkage=0.03


Tree=126
num_leaves=31
num_cat=0
split_feature=87 18 51 34 34 26 39 92 87 40 38 92 97 98 87 33 87 97 32 98 92 87 92 97 87 92 97 44 98 98
split_gain=1785.23 1004.73 634.159 875.272 623.457 639.413 616.57 542.877 733.405 486.569 425.553 399.237 468.739 434.49 397.731 388.911 344.654 342.876 338.728 333.919 308.253 413.179 307.216 682.876 372.911 507.793 342.527 304.926 287.636 273.642
threshold=1.9999099969863894 1.5000000000000002 12.39949941635132 5.5000000000000009 21.500000000000004 53.500000000000007 192.50000000000003 0.86841949820518505 0.88888442516326915 60.500000000000007 134.50000000000003 1.2301363945007326 1.1320725679397585 1.2352917194366457 1.1428497433662417 3.5000000000000004 1.0333682894706728 2.8333215713500981 584.50000000000011 1.0056811571121218 1.0132490396499636 0.90097919106483471 1.1739111542701723 1.7906786799430849 1.2380926012992861 1.4999941587448122 1.2558117508888247 0.99999958276748668 0.86234769225120556 0.22641477733850482
decision_type=2 2 2 2 2 2 10 2 2 8 10 2 2 2 2 2 2 2 2 2 2 2 2 2 2 2 2 2 2 2
left_child=1 -1 3 6 5 9 10 -7 -9 27 15 12 28 18 -13 17 20 29 -14 -5 21 -15 23 -10 -24 26 -26 -4 -6 -3
right_child=-2 2 4 19 11 7 -8 8 22 -11 -12 14 13 16 -16 -17 -18 -19 -20 -21 -22 -23 24 -25 25 -27 -28 -29 -30 -31
leaf_value=-0.030426469297246676 -0.03038350822337155 0.0058263933567730946 0.00077450607236281875 0.0012204043090374285 -0.00094306549483388338 -0.0070044354915993695 0.0080882827743790336 0.0066317870024287361 -0.0035663308339271269 -0.0027509953512232341 0.0062811749183246182 0.011087666612640237 -0.0053080642554675546 0.003438213789364672 0.0020364108906767444 6.9663117319083837e-05 -0.0057877643980753712 -0.02355766758064131 -0.019899852761940989 0.003880949446577677 0.005814303124653435 -0.0083454358144275272 0.0011876460364429449 -0.017717972344276904 -0.0048845590683941195 0.000135668589998977 -0.016449639080796417 0.0067285271913502072 0.0028155579527625895 -0.002731957830543513
leaf_weight=951.59287263918668 1716.6381898541003 3528.7280597109348 56201.839607796632 84889.121397560462 29274.623708106577 25919.438044093549 8010.8249327763915 7873.4227371700108 50220.910276919603 35965.638585736975 8496.2456623129547 5911.7771357521415 10536.164910174906 6066.7648215517402 16636.722882673144 231117.57332204375 7888.6570782437921 669.21151115652174 1643.154703900218 84969.813622893766 8746.6639366094023 4763.5012060105801 27360.518158968538 3250.6853487193584 6511.0744829028845 11926.96687418595 3570.7856634780765 8959.4016545563936 48932.392356716096 64527.697211908177
leaf_count=47068 94141 9156 126384 150813 51868 65356 9670 17181 112455 86376 15368 8788 22797 14627 28376 540129 20445 23615 4481 166857 17551 15403 56762 17009 12222 26120 10604 17561 77342 193378
internal_value=2.79113e-06 6.37728e-05 9.80429e-05 0.000814662 -0.000823323 -0.00175932 -0.000118065 -0.0030976 -0.00218187 4.90967e-05 -0.000331781 0.000761766 6.1745e-05 -0.00259483 0.0044172 -0.000519569 -0.000501871 -0.00250054 -0.00730609 0.00255161 0.00163185 -0.00175045 -0.00285779 -0.00443295 -0.00115064 -0.00405595 -0.00900513 0.00159497 0.00140874 -0.00228663
internal_weight=867039 865322 864370 486209 378161 237761 316350 136634 110714 101127 308339 140400 117852 39644.9 22548.5 299843 27465.6 68725.6 12179.3 169859 19576.9 10830.3 102841 53471.6 49369.3 22008.8 10081.9 65161.2 78207 68056.4
internal_count=2059903 1965762 1918694 1108986 809708 548030 791316 317709 252353 230321 781646 261678 224514 95304 37164 766278 68026 226149 27278 317670 47581 30030 235172 129464 105708 48946 22826 143945 129210 202534
is_linear=0
shrinkage=0.03


Tree=127
num_leaves=31
num_cat=0
split_feature=87 18 3 46 39 24 18 24 40 38 39 34 61 92 87 97 87 92 97 87 67 63 37 92 31 87 69 54 94 40
split_gain=1730.88 971.434 597.112 706.04 1421.51 506.818 1899.47 693.524 479.211 477.166 506.473 439.906 446.793 346.665 575.352 478.186 469.509 435.01 556.135 708.933 363.993 342.623 331.667 312.616 347.842 288.429 287.82 427.396 283.459 266.402
threshold=1.9999099969863894 1.5000000000000002 3.5000000000000004 8.3771190643310565 12.500000000000002 3.5000000000000004 2.5000000000000004 2.5000000000000004 125.50000000000001 134.50000000000003 169.50000000000003 4.5000000000000009 14.663824558258058 1.2857018709182741 1.1111055016517641 1.1538341641426089 1.2380926012992861 1.071426570415497 1.1739061474800112 0.95346185564994823 4.0150954723358163 0.37499995529651647 47.500000000000007 0.91800588369369518 11.500000000000002 0.86956349015235912 0.088235292583704009 0.25728428363800054 -0.3637822419404983 inf
decision_type=2 2 2 2 8 2 2 2 10 10 10 2 2 2 2 2 2 2 2 2 2 2 8 2 2 2 2 2 2 8
left_child=1 -1 3 4 -3 6 7 -6 9 10 11 22 -13 14 17 -16 -15 18 -4 23 -21 -5 26 24 -20 -25 -7 -28 -19 -23
right_child=-2 2 13 21 5 8 -8 -9 -10 -11 -12 12 -14 16 15 -17 -18 28 19 20 -22 29 -24 25 -26 -27 27 -29 -30 -31
leaf_value=-0.030376549293997777 -0.030355504540405361 0.0062344629509373806 0.0023314666258855187 -0.0036608784107052326 -0.033187071597076061 -0.0034047107871926314 -0.040854953776631744 0.0068419593711101815 0.0031838282532021117 0.0072465089304185309 0.0065164937424154494 0.0029907526474865043 -0.00048539965491870642 0.0077097692200763668 -0.00029860078959929089 -0.0084905659237570728 0.001375055131953799 0.0061514863171494762 0.0017709749792464613 -0.00079923857063486387 -0.012253489581403591 -0.00055200921445980843 0.0055886837498460538 0.013954285273776264 -0.0099964512572695893 0.001645595020399261 0.00015074701399806075 -0.002951772004190078 -0.0010345700465784334 -0.006506492636459563
leaf_weight=925.89472641330212 1672.865869470872 32791.718933360651 59063.085529506207 68883.594643387944 427.15330745652318 64523.846931601875 1281.5060419365764 3005.5888265371323 36201.530390769243 7175.3521657045931 8920.4593951161951 46218.344039578922 118704.57090008445 17223.298583200201 19811.136522047222 9463.7207401171327 27075.76270546671 25467.630882851779 6010.2638512514532 3690.0237006992102 7721.388733305037 100609.17717459798 5736.6882142079994 2425.695062937215 3599.3352037295699 5744.1972285807133 103379.6831307197 65120.951314189471 6121.5924862604588 7230.0210022944957
leaf_count=47281 94259 61131 96863 157746 10177 184410 11639 7772 60885 11884 12310 87594 246751 31049 33780 25375 54978 44597 16330 10610 25976 210484 14415 4683 10937 14087 263291 174665 12891 21518
internal_value=-5.0218e-05 9.12203e-06 4.24012e-05 -0.000381373 0.000201335 -0.000228347 -0.0099935 0.00169756 -0.000126955 -0.000412612 -0.000546152 -0.000702535 0.000489009 0.00151071 0.000818219 -0.00295082 0.00384033 0.00173924 0.00065748 -0.00272884 -0.00855749 -0.00200839 -0.00152556 0.00101758 -0.0026482 0.00532528 -0.00170117 -0.0010485 0.00475915 -0.000952357
internal_weight=866226 864553 863627 670210 493487 460696 4714.25 3432.74 455981 419780 412605 403684 164923 193417 149118 29274.9 44299.1 119843 88254 29190.9 11411.4 176723 238761 17779.5 9609.6 8169.89 233024 168501 31589.2 107839
internal_count=2060368 1966109 1918828 1536672 1146924 1085793 29588 17949 1056205 995320 983436 971126 334345 382156 296129 59155 86027 236974 179486 82623 36586 389748 636781 46037 27267 18770 622366 437956 57488 232002
is_linear=0
shrinkage=0.03


Tree=128
num_leaves=31
num_cat=0
split_feature=87 18 78 18 97 32 90 39 38 40 38 40 30 32 32 97 67 16 40 51 39 12 63 69 51 65 29 37 95 30
split_gain=1682.51 944.005 575.192 378.652 366.696 453.218 480.683 414.485 522.686 356.448 315.337 297.735 297.273 295.61 294.664 326.447 394.847 292.283 269.544 322.761 267.027 260.202 278.902 325.304 292.574 246.37 263.106 236.432 224.767 224.122
threshold=1.9999099969863894 1.5000000000000002 1.1622274518013003 39.500000000000007 1.1538341641426089 323.50000000000006 -0.58546647429466236 141.50000000000003 150.50000000000003 125.50000000000001 inf 179.50000000000003 59.500000000000007 109.50000000000001 222.50000000000003 1.2115353345870974 9.6262063980102557 35.500000000000007 12.500000000000002 13.303158283233644 169.50000000000003 27.500000000000004 0.42857141792774206 0.088235292583704009 11.505200386047365 0.046693313866853721 176.72525024414065 3.5000000000000004 -1.1516258120536802 9.5000000000000018
decision_type=2 2 2 2 2 2 2 10 10 10 8 10 2 2 2 2 2 2 10 2 10 2 2 2 2 2 2 10 2 2
left_child=1 -1 4 9 21 6 29 8 11 10 20 12 18 -14 -5 -16 -17 -7 19 -8 -4 22 24 -24 -3 27 -27 -20 -26 -6
right_child=-2 2 3 14 5 17 7 -9 -10 -11 -12 -13 13 -15 15 16 -18 -19 25 -21 -22 -23 23 -25 28 26 -28 -29 -30 -31
leaf_value=-0.030329621711058258 -0.030325839661422813 0.00028471984319270854 0.00041048867285235486 0.0095556484587490716 -0.010178600865613681 -0.00457952295701593 0.00012087665159403742 0.0063464127773614175 0.016794824213039322 0.0046097055099943553 -0.0077930901537432533 0.0067968467872489549 0.0066153953019157438 -0.0011663296024525818 0.0046338942602638239 0.0023740227069025638 -0.01053011102837457 -0.022608042470918469 -0.002416874460306188 -0.004547974914985751 0.0083114502687668124 0.0060204531533994956 -0.0026060176705325214 0.0022474699411204435 0.0017494785082500092 -0.0010711501286636408 -0.0063753118153815512 -0.0084685542250827056 -0.0029214324798743996 0.0013164906303807914
leaf_weight=900.81545499619097 1626.4680758835748 127228.26061878353 243104.94901965652 6756.7939622551203 1539.483851429075 23905.293032912537 35600.324674376287 5366.7830839473754 1284.7235079538077 19466.420483255759 4140.2350970823318 3171.7253555934876 5250.6194664463401 26380.484475746751 22486.343918792903 6289.5914137326181 3205.9180092681199 819.44324297457933 8393.4283085921779 21277.840354887769 3891.8269470818341 6765.4965330958366 14850.206231378019 75742.833731215447 11074.311953417957 24779.625278772786 12734.132090209052 19010.831210399978 56584.860125232488 72583.626183759421
leaf_count=47235 94270 253661 530636 13174 8107 60522 121346 8102 1893 31021 17196 4219 10305 59399 33258 15463 9688 2644 24336 63497 5096 9514 29303 133601 18639 65927 35694 67651 107157 178075
internal_value=-2.80896e-05 2.96069e-05 6.19728e-05 0.00109832 -0.000516359 -0.00133107 -0.000928216 -0.00183782 -0.00211678 0.000701043 0.000397727 -0.00227406 -0.00246244 0.000128765 0.00387161 0.00266553 -0.00199571 -0.00519483 -0.0031353 -0.0016267 0.000535644 0.000214348 7.63388e-05 0.00145148 -0.000562974 -0.00445615 -0.0028741 -0.00661815 -0.00215662 0.00107506
internal_weight=866214 864587 863686 309342 554344 262098 237374 163251 157884 270603 251137 156599 153427 31631.1 38738.6 31981.9 9495.51 24724.7 121796 56878.2 246997 292246 285480 90593 194887 64918 37513.8 27404.3 67659.2 74123.1
internal_count=2060629 1966359 1919124 655532 1263592 711717 648551 462369 454267 583949 552928 452374 448155 69704 71583 58409 25151 63166 378451 184843 535732 551875 542361 162904 379457 193608 101621 91987 125796 186182
is_linear=0
shrinkage=0.03


Tree=129
num_leaves=31
num_cat=0
split_feature=87 24 18 24 92 87 24 92 87 97 97 92 92 97 87 97 92 98 92 87 97 18 32 87 97 97 87 92 24 92
split_gain=1636.72 717.194 1793.13 1076.65 678.851 901.168 1063.29 1001.5 807.717 1368.47 591.304 1298.53 572.129 566.682 550.603 648.693 542.932 526.266 499.249 1158.26 722.552 518.614 485.276 452.577 397.57 486.997 473.03 1329.09 618.432 383.968
threshold=1.9999099969863894 3.5000000000000004 2.5000000000000004 2.5000000000000004 0.93103229999542247 0.94117397069931041 7.5000000000000009 1.1739111542701723 0.86956349015235912 1.0312456488609316 1.1320725679397585 1.0132490396499636 0.72413626313209545 1.69999235868454 0.66665667295455944 1.0812362432479861 0.59999188780784618 0.96428108215332042 1.2499961256980898 1.0960043072700503 1.8292622566223147 39.500000000000007 323.50000000000006 0.73684036731719982 2.062482595443726 2.9998425245285039 1.2380926012992861 1.4999493956565859 6.5000000000000009 1.2857018709182741
decision_type=2 2 2 2 2 2 2 2 2 2 2 2 2 2 2 2 2 2 2 2 2 2 2 2 2 2 2 2 2 2
left_child=1 2 3 -1 8 6 7 -6 12 -10 17 22 14 23 16 -16 -3 -7 19 20 -13 24 -12 -14 26 -26 28 -28 -20 -8
right_child=-2 4 -4 -5 5 10 29 -9 9 -11 11 18 13 -15 15 -17 -18 -19 21 -21 -22 -23 -24 -25 25 -27 27 -29 -30 -31
leaf_value=-0.031907785888078827 -0.0302948844708587 -0.00066989783590845522 -0.040590643372177618 0.0064652367328452698 -0.0032282244816049842 0.00016944221433465406 0.0052175417460897629 -0.047830609476405585 -0.0007103738271495802 -0.0079150579066636084 -0.0052605279742373246 0.0018462883108688241 0.00741826294861124 -0.0042148962324635164 -0.0013036220898062518 -0.0085799557165596538 0.0057740441019532357 0.0032023464560986632 -0.016585924383625328 -0.0063617362126578633 -0.0076109537496340009 0.0080718962662808605 -0.01605774845656488 0.0017397397439775329 -0.0020745767940206061 -0.029718317566458832 -0.0076254114609410383 0.0022627251223220537 0.0044389236825088992 -0.011790281758836313
leaf_weight=795.82927633915097 1582.9017141014338 71679.346628408879 1342.9308244176209 3383.1857119891793 1535.2813843563199 115962.67852204293 59708.230927716941 624.71251450665295 71680.738101504743 35450.837573267519 15509.332745790482 56330.545058652759 16582.460929080844 11040.294735530391 36147.782292366028 15853.230649001896 14058.134290065616 92597.902556449175 1277.7922579497099 31847.35883757472 8328.0375496298075 8997.0292286425829 4935.9702683240175 52900.749180659652 25296.431285835803 567.05081116966903 16244.477927714586 49348.147146970034 42996.891743302345 1200.7423567548394
leaf_count=44563 94401 168739 12468 13639 4889 206612 123350 4328 148710 101063 47657 115022 31396 42545 72046 46091 31302 150674 4827 87005 34052 15730 16661 105362 80996 26155 40198 103653 80737 4815
internal_value=-8.10712e-06 4.80655e-05 -0.0107094 -0.000959488 0.00011749 0.000776354 0.0041431 -0.0164486 -0.000962346 -0.0030955 0.000324647 -0.000625065 8.4879e-05 0.00209342 -0.00108947 -0.00352436 0.000387797 0.00151619 -9.55259e-06 -0.00168068 0.000626217 0.00110485 -0.00788037 0.00309669 0.00064191 -0.00270315 0.00142971 -0.00018772 0.00382492 0.00487849
internal_weight=865807 864224 5521.95 4179.01 858702 533309 63069 2159.99 325394 107132 470240 261679 218262 80523.5 137738 52001 85737.5 208561 241234 96505.9 64658.6 144728 20445.3 69483.2 135731 25863.5 109867 65592.6 44274.7 60909
internal_count=2059686 1965285 70670 58202 1894615 1147361 137382 9217 747254 249773 1009979 652693 497481 179303 318178 118137 200041 357286 588375 236079 149074 352296 64318 136758 336566 107151 229415 143851 85564 128165
is_linear=0
shrinkage=0.03


Tree=130
num_leaves=31
num_cat=0
split_feature=87 38 40 72 51 51 44 34 37 18 51 33 33 38 58 92 87 92 39 51 24 92 87 92 87 93 39 87 68 66
split_gain=1586.07 726.738 579.906 550.909 389.272 380.93 429.256 462.607 355.228 352.519 306.877 285.81 353.047 331.805 290.647 306.336 381.258 271.013 250.979 250.81 233.043 240.26 361.177 248.288 282.543 231.409 238.208 222.549 229.296 220.393
threshold=1.9999099969863894 inf 201.50000000000003 0.99999797344207775 18.672888755798343 12.39949941635132 0.79999986290931713 30.500000000000004 130.50000000000003 19.500000000000004 43.782159805297859 1.0000000180025095e-35 5.5000000000000009 47.500000000000007 0.33333332836627966 0.66666167974472057 0.79999279975891124 1.1538438200950625 131.50000000000003 8.1511249542236346 28.500000000000004 0.85713458061218273 1.1111055016517641 1.0909023880958559 0.92637640237808239 0.43453086912631994 24.500000000000004 1.0333682894706728 0.060654466971755035 47.220956802368171
decision_type=2 8 10 2 2 2 2 2 8 2 2 2 2 10 2 2 2 2 10 2 2 2 2 2 2 2 8 2 2 2
left_child=1 2 3 4 11 9 7 17 -3 -5 -6 -1 18 14 15 -14 -17 27 -13 25 -11 -22 23 24 -23 -18 -27 28 -7 -12
right_child=-2 8 -4 5 10 6 -8 -9 -10 20 29 12 13 -15 -16 16 19 -19 -20 -21 21 22 -24 -25 -26 26 -28 -29 -30 -31
leaf_value=0.010893640114381523 -0.030262353811036098 -0.0074173753240918076 0.0076464031739591938 0.00072316752757615034 -0.0030621187403502381 -0.013320461307811773 0.00318039082110617 0.0019195610931374428 0.0095138694573656188 0.0086816340430438555 0.0019821794461482431 -0.0027871555883690678 -0.003456050831251869 0.0039016864142175445 0.0016111595140011145 0.0044325180121510257 0.0060574921763675319 1.1373058439861561e-05 0.0035353327595454595 -0.0027967373438093027 -0.00035501436433167113 0.00788755087397181 0.00034461404489732591 0.0087320304915464875 0.0017540385672125986 0.0041016511741762416 -0.00083266265584902523 -0.0057069252440928231 -0.001426777226609122 -0.0019249278611436814
leaf_weight=2122.4366461392492 1534.6752068288624 15222.845299963839 9257.8158262837678 106392.34222569969 84184.494091971777 1489.1143014878035 31613.314367625862 45172.566837100312 1186.3908976707608 6667.6633580047637 23944.732928844169 55225.830317977816 28917.786532208323 22105.064571692608 74007.847883173265 15115.765416877344 5760.0995185142383 48992.573131619021 6277.4012476773933 33953.249449310824 16673.122610781342 10020.067998301238 19922.118058569729 12793.480773868039 20736.810432687402 10151.211641872302 65550.175012480468 18678.676334705204 44194.818762520328 28362.688017026521
leaf_count=3431 94324 79047 11789 247657 190793 4146 62733 79791 8730 13397 49227 178353 68738 46709 150226 33686 11938 103950 11975 75037 35565 18544 38081 22000 40778 19890 148290 43513 100838 67157
internal_value=1.17901e-05 6.622e-05 0.000187251 0.000104766 -0.000600305 0.000942863 -1.04392e-05 -0.00064707 -0.00618315 0.00188095 -0.00194105 -2.68853e-05 -0.00010067 0.000390461 5.76904e-05 -0.000663463 -4.43573e-05 -0.00167004 -0.0021409 -0.000631356 0.00329935 0.00284952 0.00369114 0.00522115 0.00375606 0.000271642 -0.000170085 -0.00294953 -0.00182012 -0.0001363
internal_weight=866227 864693 848283 839025 455679 383347 190141 158528 16409.2 193206 136492 319187 317064 255561 233456 159448 130531 113355 61503.2 115415 86813.3 80145.6 63472.5 43550.4 30756.9 81461.5 75701.4 64362.6 45683.9 52307.4
internal_count=2060333 1966009 1878232 1866443 1055450 810993 394971 332238 87777 416022 307177 748273 744842 554514 507805 357579 288841 252447 190328 255155 168365 154968 119403 81322 59322 180118 168180 148497 104984 116384
is_linear=0
shrinkage=0.03


Tree=131
num_leaves=31
num_cat=0
split_feature=92 24 18 92 40 92 88 83 46 31 39 31 89 38 92 100 55 92 24 18 88 92 24 92 18 76 38 69 79 24
split_gain=1222.92 611.554 1803.81 837.56 571.345 537.239 545.619 546.909 421.579 463.177 384.638 369.797 359.666 411.79 297.223 296.121 299.658 295.935 284.052 264.438 265.737 238.409 313.327 384.274 258.513 238.378 232.461 224.309 226.114 217.489
threshold=2.5714037418365483 3.5000000000000004 2.5000000000000004 1.4454341530799868 179.50000000000003 0.86841949820518505 0.92205563187599193 0.80357018113136303 8.8193674087524432 7.5000000000000009 115.50000000000001 16.500000000000004 -1.4477254748344419 45.500000000000007 1.3636317253112795 -1.1693210601806638 0.74999985098838817 1.2857018709182741 15.500000000000002 10.500000000000002 0.53001716732978832 1.4999493956565859 7.5000000000000009 1.9999864697456362 5.5000000000000009 3.3790640830993657 150.50000000000003 0.8079214096069337 -3.4902720451354976 6.5000000000000009
decision_type=2 2 2 2 10 2 2 2 2 2 10 2 2 10 2 2 2 2 2 2 2 2 2 2 2 2 10 2 2 2
left_child=1 2 3 -1 5 10 19 21 9 26 12 14 13 -3 25 -14 27 -11 -2 -7 -21 -8 23 24 -23 -10 -9 28 -17 -25
right_child=18 4 -4 -5 -6 6 7 8 11 17 -12 -13 15 -15 -16 16 -18 -19 -20 20 -22 22 -24 29 -26 -27 -28 -29 -30 -31
leaf_value=0.0058512469491732591 -0.03311619641265845 -0.00054347061085581103 -0.040323168524223081 -0.032223734988369251 0.0055674901382245122 -0.00092967849972927508 -0.0023467779507856828 0.00076974199679758729 -0.003886004627526298 0.003521431317947037 0.003487673918537779 0.0016198953109202942 0.00021238275961239143 0.0063885459126931518 0.00073306957863552213 -0.0064267429422905026 0.0053533116079515306 0.010561516404982403 -0.0020367998963156642 0.0059950755577400745 0.0019957728059115452 0.00060751736469290881 0.0017031283978551058 -0.039476061571776168 -0.021160280659507841 0.00035801221032844151 0.012257708654382918 0.0015510154072084284 -0.0029127309703107247 -0.0083497239894585809
leaf_weight=3373.9700397625566 1214.4907669052482 75505.28711027652 1312.5401045531034 594.04552069213241 16831.53471870441 23772.05851842463 102898.44970898516 105440.27501604799 45623.779199223965 23599.014125248417 15196.390901537612 51015.975974822417 34482.576002109796 8569.7693989723921 33425.904818299226 19934.025799203664 3803.7778504732996 6954.3701891433448 340.36905382014811 17092.553205695003 118957.44989986159 3302.2774579357356 29303.993094581179 424.82156385201961 556.56952244229615 16112.755595229566 1589.6137747261673 8407.7788760699332 95311.228181447834 394.90918025933206
leaf_count=13678 76463 166232 12479 25842 23667 66466 231486 256272 105313 40536 28310 89251 67665 17681 76176 49819 9050 9789 3525 35896 249266 13502 69937 5901 2676 34431 2529 20270 253945 2240
internal_value=-1.28624e-05 3.52914e-05 -0.0101235 1.80834e-05 9.8011e-05 -1.14954e-05 0.000496944 -7.00216e-05 0.000681281 0.00187307 -0.00114131 -0.000440532 -0.0014275 0.000164461 -0.00154522 -0.00225393 -0.0029211 0.00512971 -0.026425 0.00198899 0.00249903 -0.00162738 0.000551026 -0.00664163 -0.00262502 -0.00277859 0.00094262 -0.00317646 -0.00352156 -0.0250368
internal_weight=865343 863788 5280.56 3968.02 858507 841676 580465 420643 283762 137583 261211 146178 246014 84075.1 95162.4 161939 127457 30553.4 1554.86 159822 136050 136881 33982.6 4678.58 3858.85 61736.5 107030 123653 115245 819.731
internal_count=2060293 1980305 51999 39520 1928306 1904639 1291667 940039 614297 309126 612972 305171 584662 183913 215920 400749 333084 50325 79988 351628 285162 325742 94256 24319 16178 139744 258801 324034 303764 8141
is_linear=0
shrinkage=0.03


Tree=132
num_leaves=31
num_cat=0
split_feature=87 92 72 39 69 63 52 97 92 87 97 43 63 71 92 40 83 97 32 73 97 16 59 63 52 2 39 51 98 63
split_gain=1520.87 624.891 492.348 403.735 422.116 356.997 362.067 281.271 274.087 468.397 353.503 253.903 301.84 302.041 286.785 239.535 238.572 232.864 229.011 222.507 218.426 209.286 207.569 236.402 204.22 344.474 217.203 328.129 197.92 252.948
threshold=1.9999099969863894 2.5714037418365483 0.89898863434791576 169.50000000000003 0.21177207678556445 0.15384615212678912 12.909906387329103 1.1162755489349367 1.1249905228614809 1.0833312869071963 1.0112344026565554 0.77777770161628734 0.31830878555774694 1.2539075016975405 1.2499961256980898 inf 0.83313485980033886 1.3269196152687075 80.500000000000014 0.79999831318855297 1.6595696806907656 35.500000000000007 0.17865769565105441 0.37499995529651647 3.2332725524902348 32.500000000000007 11.500000000000002 7.5888311862945566 1.2352917194366457 0.42857141792774206
decision_type=2 2 2 10 2 2 2 2 2 2 2 2 2 2 2 8 2 2 2 2 2 2 2 2 2 2 8 2 2 2
left_child=1 2 11 4 8 24 -7 -8 9 17 -11 12 16 -14 20 -10 -1 22 -19 -12 -13 28 -4 -24 25 26 27 -6 29 -9
right_child=-2 -3 3 -5 5 6 7 21 15 10 19 14 13 -15 -16 -17 -18 18 -20 -21 -22 -23 23 -25 -26 -27 -28 -29 -30 -31
leaf_value=-0.00223631177855479 -0.030225396832657007 -0.023313896195862775 0.0010586110502506054 0.0076855584085266148 0.011388379856111505 0.0029757882440666667 0.0021855200386121207 -0.012278582243496783 0.0015032018044755136 -0.0029746352161167181 -0.026024771239575372 -0.0050859743185063385 0.0002665027207288162 0.0067706708117240954 0.0012888760696064708 -0.0038397697573557196 -0.00017188162372114719 -7.3430663359790811e-05 -0.0057858536499190644 -0.0096363411047491569 -0.018521750923605754 -0.014119261302063089 -0.006292362278467108 0.00068193768268563337 -0.0022798596704455645 0.0094131536149588309 -0.00039293957750130809 0.0010796486638893113 1.4961822402031801e-05 -0.00071297064667254575
leaf_weight=105823.92367566656 1471.423622011207 1005.0674627758563 57555.300030685961 7351.2368204733357 3629.7851942293346 131903.25582672469 31605.461379884742 3012.2966081211343 67623.602588547394 10471.00562226586 889.62986063957214 14112.583103336394 119380.92340338882 6771.4446067623794 6745.27864164114 8481.4795777620748 96150.068051331677 11787.377127319574 13589.355523841456 4494.1193425431848 1164.7902798335999 1181.7400598227978 8402.69719851017 9092.6904751136899 27250.111597357318 3869.6896536331624 72782.355534799397 11667.872332589701 22582.6744883582 3885.1250554528087
leaf_count=284140 94371 30263 109033 9919 5929 256683 52770 7295 142303 22899 3181 29986 266366 12226 13733 29708 225912 37835 46748 13093 5226 3308 18092 16805 59789 6607 167794 23725 55890 7891
internal_value=4.32317e-05 9.54629e-05 0.000123257 0.000715092 0.000613476 0.00129253 0.00208583 0.000200234 -0.000492624 -0.0014086 -0.00619722 -0.00074401 -0.000534599 0.000616643 -0.00386082 0.000906906 -0.00125365 -0.000651518 -0.00313461 -0.0124307 -0.00613323 -0.00184624 0.000188695 -0.00267104 1.61279e-07 0.000676215 0.000290318 0.00353735 -0.00134502 -0.00578489
internal_weight=865734 864263 863258 513109 505758 313370 194171 62267.3 192387 116282 15854.8 350149 328126 126152 22022.7 76105.1 201974 100427 25376.7 5383.75 15277.4 30661.8 75050.7 17495.4 119200 91949.7 88080 15297.7 29480.1 6897.42
internal_count=2059520 1965149 1934886 1097297 1087378 647681 383837 127154 439697 267686 39173 837589 788644 278592 48945 172011 510052 228513 84583 16274 35212 74384 143930 34897 263844 204055 197448 29654 71076 15186
is_linear=0
shrinkage=0.03


Tree=133
num_leaves=31
num_cat=0
split_feature=87 97 97 92 87 92 97 87 92 92 97 32 87 87 92 87 92 97 98 56 87 97 92 87 92 87 92 93 97 18
split_gain=1464.9 606.684 677.024 600.88 613.916 1015.8 1260.06 749.291 730.819 584.301 770.058 574.781 709.837 525.891 1055.53 1964.7 579.292 588.398 491.097 436.336 431.815 811.137 394.501 1105.25 387.355 519.586 375.067 364.839 361.973 322.774
threshold=1.9999099969863894 1.8749922513961794 2.9998425245285039 0.69230568408966076 0.86956349015235912 0.97674265503883373 1.1162755489349367 0.9999774992465974 1.1379284262657168 1.1379284262657168 1.1739061474800112 348.50000000000006 1.1111055016517641 1.1111055016517641 1.4999493956565859 1.0333682894706728 1.3999965190887453 1.5833273530006411 1.3199960589408877 15.232444763183596 0.66665667295455944 1.0312456488609316 2.2499620914459233 1.5999855995178225 0.86841949820518505 0.95346185564994823 0.59999188780784618 0.59999188780784618 1.3499949574470522 51.500000000000007
decision_type=2 2 2 2 2 2 2 2 2 2 2 2 2 2 2 2 2 2 2 2 2 2 2 2 2 2 2 2 2 2
left_child=1 3 -3 20 8 6 -6 -7 -5 10 29 12 27 14 -11 -16 17 -15 -13 -14 26 -22 -18 -24 -8 -26 -1 -12 -20 -9
right_child=-2 2 -4 4 5 7 24 9 -10 13 11 18 19 16 15 -17 22 -19 28 -21 21 -23 23 -25 25 -27 -28 -29 -30 -31
leaf_value=-0.00092497261764206296 -0.030195235949061441 -0.0022667012990686664 -0.029954742277785898 0.0030140099355446528 -0.00014818932701237645 0.0043965571760896252 -0.011490682137066917 -0.00023412364706060942 -0.021673056371784155 0.0050746558768377274 0.012401103492320004 -0.023280131246380998 -0.0041720236889117831 -0.00028434140269959906 -0.053742642037436922 0.003888967613339222 0.0026515593240658509 -0.0086163186501557777 0.00095371743146927858 -0.018259168111061218 -0.0014376067745279022 -0.0095758921783848112 -0.050243146929176204 -0.00099036099932996603 -0.0011234745874989158 -0.0092919425455804689 0.0051487639645222258 -0.0014335246041453501 -0.015938360944426411 0.0058583705633519978
leaf_weight=67513.941560968757 1427.4618078721687 74469.623196099885 783.5549807921052 102372.62042722851 90909.010129336268 50078.604428304359 10585.676855370402 76692.04705574736 1070.9787450730801 47230.708788834512 1845.8022728562355 2445.6436266154051 4298.2703130468726 89650.173379212618 779.19696185737848 1587.3362974748015 93380.375716197304 8317.7049193233252 2537.8981051594019 3672.1309323683381 43069.341922959313 14797.658287771046 452.56424522399902 3106.5569696808234 15740.759825780988 12622.396222956479 10564.529115900397 21288.553356409073 2052.1602747961879 8695.4360133111477
leaf_count=153521 94113 274138 37195 208812 172760 94809 35145 141772 3134 81202 4139 7271 13820 166635 3697 2857 185570 27028 4622 13357 93355 42525 2104 16895 39774 40534 21618 54915 8863 12218
internal_value=-4.03791e-05 1.02205e-05 -0.00256288 0.000256208 0.000634817 0.000234626 -0.00208288 0.000954469 0.00275428 0.000485886 -0.00119572 -0.0047386 -0.00298282 0.00133549 0.00409295 -0.015378 0.000633466 -0.00099336 -0.0124705 -0.0106917 -0.0015578 -0.00352131 0.00227742 -0.00749892 -0.00659619 -0.00476266 -0.000102048 -0.000319954 -0.00663491 0.000387532
internal_weight=864039 862611 75253.2 787358 651413 547969 129858 418111 103444 368033 123528 38140.5 31104.8 244505 49597.2 2366.53 194907 97967.9 7035.7 7970.4 135945 57867 96939.5 3559.12 38948.8 28363.2 78078.5 23134.4 4590.06 85387.5
internal_count=2058398 1964285 311333 1652952 1341933 1129987 288213 841774 211946 746965 260977 106987 86231 485988 87756 6554 398232 193663 20756 27177 311019 135880 204569 18999 115453 80308 175139 59054 13485 153990
is_linear=0
shrinkage=0.03


Tree=134
num_leaves=31
num_cat=0
split_feature=87 92 40 39 44 100 90 92 87 92 87 97 92 87 87 97 12 39 87 97 19 87 68 78 61 20 92 87 97 92
split_gain=1435.37 613.992 501.499 480.496 487.517 419.313 549.463 434.694 1504.65 1126.14 799.552 443.512 428.903 826.133 534.374 752.35 507.812 420.516 418.802 380.735 309.216 306.9 306.598 297.499 294.826 294.818 289.763 300.033 289.177 328.07
threshold=1.9999099969863894 2.5714037418365483 201.50000000000003 192.50000000000003 1.1507575511932375 -0.87437105178832997 -0.87314853072166432 1.3333277702331545 0.99999535083770763 1.4454341530799868 1.1428497433662417 1.1538341641426089 1.0909023880958559 0.79999899864196788 0.99999123811721813 1.8292622566223147 4.5000000000000009 47.500000000000007 0.99999123811721813 1.2352842688560488 12.500000000000002 1.3333273530006411 0.12123728916049005 0.50420132279396068 15.178324222564699 40.500000000000007 0.91800588369369518 0.94117397069931041 1.1320725679397585 1.0132490396499636
decision_type=2 2 10 10 2 2 2 2 2 2 2 2 2 2 2 2 2 10 2 2 2 2 2 2 2 2 2 2 2 2
left_child=1 2 3 4 5 22 17 10 9 -9 12 -12 18 16 -15 23 -14 20 -8 -20 -7 24 -1 -16 -13 -21 -24 -28 -29 -30
right_child=-2 -3 -4 -5 -6 6 7 8 -10 -11 11 21 13 14 15 -17 -18 -19 19 25 -22 -23 26 -25 -26 -27 27 28 29 -31
leaf_value=-0.0019198986066979215 -0.030165408305604127 -0.023355485219766783 0.007071728158216997 0.0077158765982582346 0.0029705007365207186 0.00063512952568239248 -0.0008410412086817539 1.0628155983778244e-05 0.0010699361690305815 -0.04091324332591495 -0.0025280816150360782 -0.0023693523657007738 -0.045277219356247442 0.0060646028618401805 -0.0028917271229073455 -0.0092174497085140035 0.00059739352327962047 0.010194516621310263 -0.0021205934925145804 -0.0026271833583108302 0.0090163869257443956 -0.016292345020639504 -2.3523309875295059e-05 0.0029515646596122635 -0.0094522653354211401 -0.011178048226982153 0.006315382490963568 0.0024839501170363723 -0.0091413048663789645 0.00027632344813937563
leaf_weight=32416.238701280206 1389.8268178477883 980.71632840298116 9317.7782385703176 7335.6808926099911 47403.043807707727 54269.293041199446 177335.44405530952 1091.0551755428314 115544.00659047533 1338.914733460173 36367.524363152683 9265.8528400883079 530.48400090634823 17767.975745974109 10423.579652749002 6843.6246494203806 357.8164493534714 5124.0998100303113 30765.877280697227 5901.5079959481955 4254.1216060500592 3258.8572722226381 100428.99025640264 31477.273336775601 12357.616273663938 9467.7370282188058 13686.023168258369 89316.213987269439 3793.1382255852222 26217.444837749004
leaf_count=63166 94439 30173 11909 9120 95852 123066 454749 3601 289215 18144 84575 26590 3878 39940 22391 26354 1280 9810 60038 19301 8033 10684 196352 58042 35857 36780 21859 146046 10114 49642
internal_value=8.0495e-05 0.000129809 0.000157018 8.14394e-05 1.51389e-05 -0.000160135 -0.000644984 -0.000999176 0.000576812 -0.0226884 -0.0015272 -0.00464191 -0.000871045 0.00122632 0.00161392 -1.023e-05 -0.0271922 0.00197054 -0.00150368 -0.00404929 0.00124724 -0.00772692 0.000813235 0.00149726 -0.00642217 -0.00790235 0.0011929 0.0021112 0.00162803 -0.000919297
internal_weight=866028 864638 863657 854339 847004 799601 533743 470095 117974 2429.97 352121 61249.9 290871 67400.8 66512.5 48744.5 888.3 63647.5 223471 46135.1 58523.4 24882.3 265858 41900.9 21623.5 15369.2 233442 133013 119327 30010.6
internal_count=2061000 1966561 1936388 1924479 1915359 1819507 1332328 1191419 310960 21745 880459 157706 722753 151885 146727 106787 5158 140909 570868 116119 131099 73131 487179 80433 62447 56081 424013 227661 205802 59756
is_linear=0
shrinkage=0.03


Tree=135
num_leaves=31
num_cat=0
split_feature=87 24 18 24 39 65 51 46 48 86 3 38 39 39 76 39 26 18 26 66 15 46 45 18 37 22 38 82 98 69
split_gain=1375.88 527.456 1831.11 1051.33 473.643 450.222 673.345 518.576 772.609 491.136 477.209 399.547 448.91 652.282 379.324 359.156 308.012 336.485 303.223 300.246 298.466 296.148 277.217 255.659 242.798 216.104 211.279 210.016 198.645 236.239
threshold=1.9999099969863894 3.5000000000000004 2.5000000000000004 2.5000000000000004 192.50000000000003 0.1353641748428345 9.5931410789489764 8.3771190643310565 0.041960092261433608 0.098888654261827483 3.5000000000000004 173.50000000000003 45.500000000000007 67.500000000000014 3.2237824201583867 115.50000000000001 47.500000000000007 26.500000000000004 142.50000000000003 31.447640419006351 19.500000000000004 7.4306051731109628 0.73214271664619457 50.500000000000007 130.50000000000003 1.5000000000000002 30.500000000000004 0.95237857103347789 0.72580486536026012 0.062499998137354858
decision_type=2 2 2 2 10 2 2 2 2 2 2 10 10 10 2 10 2 2 2 2 2 2 2 2 8 2 10 2 2 2
left_child=1 2 3 -1 5 6 9 8 -7 11 20 12 18 25 -12 -15 17 -8 24 -20 -9 -11 23 -18 26 28 27 -3 -14 -30
right_child=-2 4 -4 -5 -6 7 16 10 -10 21 14 -13 13 15 -16 -17 22 -19 19 -21 -22 -23 -24 -25 -26 -27 -28 -29 29 -31
leaf_value=-0.031806281189519614 -0.030133107173024972 -0.0043971441281242711 -0.040206466193054465 0.0073372129800335683 0.0075174013250116573 0.0010262548463449818 -0.001113934578717882 -0.00085029505745699342 0.0063345027837200321 0.0047333181017212116 0.00049923698183593722 0.01087853702975581 -0.001177008489559171 -0.0021390302099645207 0.0052031590979608518 0.001805964156442364 -0.003491556942779328 0.0077223840714421566 0.004928224953231258 -0.0061085246836571514 -0.0053088900372709608 -0.0016578251797911008 -0.018207842699680298 0.0029232440542276438 0.010720277562377895 0.0071877830856603188 -0.00039664919331316442 -0.001563582421913248 -0.0037684785624075567 0.0048368285301899948
leaf_weight=730.42150625679642 1346.1627436326817 43036.04674021434 1290.9689088687301 3467.4231678210199 7570.5502077527344 116289.24632708356 36447.930474039167 104515.10042115767 31308.600393736735 29534.07357300818 85898.792460747063 2829.2825355697423 9712.2361244987696 56316.379379348829 18788.27868327219 32880.253802917898 92140.603012762032 4320.1189066879451 11112.896945403889 2752.3488091938198 15501.387408657931 8363.0167685886845 1086.7665499206632 5938.0856741461903 1337.2091714497656 11670.903659367934 47490.502803160809 52017.943004325964 3243.8707776451483 24118.280883155763
leaf_count=44784 94307 126555 12505 13656 9275 252550 84143 225245 56322 57965 168254 3747 19299 124560 34819 62030 209265 8025 24169 6409 34603 17725 3113 11982 3444 22244 126761 143155 8052 50838
internal_value=-5.04744e-05 -2.78103e-06 -0.009256 0.000407755 5.67517e-05 -9.97812e-06 -0.000620846 0.0007716 0.00215295 0.00010663 -0.000135859 -0.000301861 -0.000409568 0.000840385 0.00134429 -0.000684721 -0.00236954 -0.000174238 -0.00150256 0.00273171 -0.00142696 0.00332281 -0.00327184 -0.00310266 -0.00191092 0.00363024 -0.0020309 -0.00284714 0.00250706 0.00381463
internal_weight=863056 861710 5488.81 4197.84 856221 848650 476349 372301 147598 336415 224704 298518 295689 137942 104687 89196.6 139934 40768 157747 13865.2 120016 37897.1 99165.5 98078.7 143882 48745.3 142544 95054 37074.4 27362.2
internal_count=2059801 1965494 70945 58440 1894549 1885274 1113481 771793 308872 796953 462921 721263 717516 287023 203073 186590 316528 92168 430493 30578 259848 75690 224360 221247 399915 100433 396471 269710 78189 58890
is_linear=0
shrinkage=0.03


Tree=136
num_leaves=31
num_cat=0
split_feature=87 24 18 24 78 18 92 87 97 18 92 87 97 97 87 97 92 92 73 53 24 30 24 18 30 97 53 87 98 32
split_gain=1344.16 611.411 1629.89 943.475 500.041 456.858 424.387 788.025 1081.92 596.396 390.209 920.146 594.674 367.42 366.958 742.135 374.164 333.912 570.442 322.964 309.636 307.889 305.96 530.398 374.223 298.487 294.25 293.623 292.117 312.998
threshold=1.9999099969863894 3.5000000000000004 2.5000000000000004 2.5000000000000004 1.6666646003723147 35.500000000000007 1.1052591800689699 1.0178617835044863 1.1162755489349367 39.500000000000007 0.83027687668800365 0.86956349015235912 1.3499949574470522 2.062482595443726 0.79999279975891124 1.0312456488609316 0.74999296665191661 1.0132490396499636 0.6666659712791444 0.19999996572732928 55.500000000000007 87.500000000000014 45.500000000000007 30.500000000000004 83.500000000000014 1.9999649524688723 0.79999986290931713 0.66666367650032055 1.2352917194366457 35.500000000000007
decision_type=2 2 2 2 2 2 2 2 2 2 2 2 2 2 2 2 2 2 2 2 2 2 2 2 2 2 2 2 2 2
left_child=1 2 3 -1 6 -6 7 10 -9 13 14 27 28 22 16 -16 26 18 19 -14 -11 -22 23 -8 -24 -19 -3 -12 29 -13
right_child=-2 4 -4 -5 5 -7 9 8 -10 20 11 12 17 -15 15 -17 -18 25 -20 -21 21 -23 24 -25 -26 -27 -28 -29 -30 -31
leaf_value=-0.031780769893971349 -0.030104513851865692 -0.0014774534845480147 -0.039705958433173531 0.0057815773476814379 0.001015537289906134 0.0058433123440566215 0.00052677684454819989 -0.001255414468193277 -0.0086712959950701798 0.0099931743487715313 -0.00643831624152432 0.009045152538294448 0.0041657574469443053 -0.0032534489731380271 -0.0007856438409546677 -0.0085474248981689295 0.0040978230084572232 0.0016482964801865373 -0.012898175853899295 -0.0091111957865838526 -0.0052140911965218055 0.0043435316441880869 -0.0080198932416670563 0.00648637428834697 9.8503967781852611e-05 -0.012337021326982322 0.0035348270428248014 0.0053631569929582252 0.0035956631973971072 -0.00079607733039465029
leaf_weight=710.09782690461725 1309.4588080514222 90123.507593737915 1249.7613029032946 3405.617093430832 163727.71308193356 19753.864610968158 171898.02132036537 61990.714528299868 24769.624974936247 7287.7550987787545 1978.1065353155136 3034.0031067058444 4157.724581874907 25002.178902035579 34501.161617577076 16319.505600951612 15574.850925158709 9113.5379073545337 7900.6152404248714 2704.4664671048522 3538.246219612658 20634.998217515647 7781.6645438894629 14560.852913282812 14810.833344377577 1596.613214880228 11917.846089566126 38969.495423568413 23259.567116975784 61084.762415237725
leaf_count=44547 94309 216506 12482 13644 356710 35277 350797 121600 76221 12296 7105 5536 13599 103755 69494 47095 33931 23559 33091 10458 12143 32008 20562 24151 24245 6877 25295 81983 40347 110813
internal_value=3.77025e-05 8.41157e-05 -0.00999256 -0.000821527 0.000147362 0.00153588 -0.00023038 -0.000836671 -0.00337412 0.000703538 -0.000153309 0.000939137 -0.0004588 0.000182094 -0.00115081 -0.00328048 -0.000230199 -0.00449029 -0.00741275 -0.00107811 0.00458023 0.00294143 0.00059325 0.000992816 -0.00270238 -0.00045567 -0.00089147 0.00479018 0.000717237 -0.00032773
internal_weight=864667 863358 5365.48 4115.71 857992 183482 674511 408996 86760.3 265515 322236 153799 112851 234054 168437 50820.7 117616 25473 14762.8 6862.19 31461 24173.2 209051 186459 22592.5 10710.2 102041 40947.6 87378.3 64118.8
internal_count=2060436 1966127 70673 58191 1895454 391987 1503467 923510 197821 579957 725689 333368 244280 523510 392321 116589 275732 87584 57148 24057 56447 44151 419755 374948 44807 30436 241801 89088 156696 116349
is_linear=0
shrinkage=0.03


Tree=137
num_leaves=31
num_cat=0
split_feature=87 92 69 63 52 38 56 30 46 64 18 98 92 86 24 18 24 69 69 18 59 87 97 33 29 92 83 65 52 24
split_gain=1299.26 570.841 504.404 511.837 571.135 392.758 391.635 390.128 388.289 324.79 315.982 347.877 290.124 385.615 306.646 470.16 599.016 252.789 248.761 296.581 236.729 261.063 405.447 261.023 248.093 247.496 234.543 233.936 410.991 221.233
threshold=1.9999099969863894 2.5714037418365483 0.17255769670009616 0.20970761775970462 5.7031104564666757 134.50000000000003 16.808980941772464 9.5000000000000018 55.764059066772468 0.17647058516740802 19.500000000000004 1.3799989223480227 1.1052591800689699 1.9999957680702212 4.5000000000000009 3.5000000000000004 3.5000000000000004 0.053595365956425674 0.32259589433670049 24.500000000000004 0.069057226181030287 1.0178617835044863 1.0812362432479861 16.500000000000004 176.72525024414065 1.0292097330093386 1.105989992618561 0.33333332836627966 29.50228309631348 13.500000000000002
decision_type=2 2 2 2 2 10 2 2 2 2 2 2 2 2 2 2 2 2 2 2 2 2 2 2 2 2 2 2 2 2
left_child=1 2 5 6 7 12 10 -5 9 -6 -4 -12 13 17 15 16 -14 -1 -9 -20 23 -22 -23 24 -19 -24 -8 28 -11 -3
right_child=-2 29 3 4 8 -7 26 18 -10 27 11 -13 14 -15 -16 -17 -18 20 19 -21 21 22 25 -25 -26 -27 -28 -29 -30 -31
leaf_value=-0.0037685464000640611 -0.030074519760505711 -0.035649038072420251 -0.00048246732402836809 -0.0083179563590293527 0.0061703838142108062 0.005356202030302985 -0.0029953278076219315 0.0018599928094719712 0.0034604926147701167 -0.00089663189005681346 0.0004935076125038814 0.0049353569389253551 -0.032564652367363424 -0.0083424149251908417 0.00028083932517882724 -0.039396446666407195 0.0092392372263523162 0.00033650731900300532 0.0030370994341379185 0.0073993263415029313 -0.00095051645366901391 -0.0017957111981074345 -0.020034100223859409 0.0057780578372023514 -0.014046003952153097 -0.0067473328312904384 -0.0001072464214809487 0.00095730832466371727 -0.0073551075665710336 -0.0064723853620533064
leaf_weight=37710.05069761537 1268.7659240784124 523.20822736062109 109096.12632567901 2745.7654935242608 6446.0957302153111 8518.6615725699812 60965.862646870315 72899.640847008675 28210.84682369139 75352.974981813692 43395.705511167645 25001.250733254477 424.94159611780196 8125.3650736194104 101108.35599685647 413.47086772322655 987.5428821220994 21255.961237018928 44574.027778738178 20487.759446499869 66931.781060529873 10473.793202305213 2066.9885862544179 8494.0176463089883 1117.1179014015943 3275.8915322199464 43260.754777130671 48170.324690310284 10031.906173671596 429.50338613521308
leaf_count=106530 94149 27195 272782 12911 11623 15642 138807 146898 55765 160681 80117 59021 14124 21043 231674 4233 2799 51589 88631 35004 156048 20436 7543 15320 3272 9179 91558 97484 24593 2897
internal_value=2.4919e-05 6.98928e-05 9.58234e-05 0.000587427 0.00143075 -0.000975962 -0.000337349 0.00284099 0.000250899 -0.00039625 0.000519792 0.00211811 -0.00118194 -0.00198337 5.96689e-05 -0.0120575 -0.0036164 -0.00164086 0.00306425 0.0044126 -0.000934126 -0.00177038 -0.00523426 0.00130741 -0.000393534 -0.0119431 -0.00179684 -0.000714067 -0.00165699 -0.0228991
internal_weight=863764 862496 861543 590639 308919 270904 281720 140707 168212 140001 177493 68397 262385 159451 102934 1825.96 1412.48 151326 137961 65061.8 113616 82748.5 15816.7 30867.1 22373.1 5342.88 104227 133555 85384.9 952.712
internal_count=2059548 1965399 1935307 1275875 633590 659432 642285 283444 350146 294381 411920 139138 643790 390960 252830 21156 16923 369917 270533 123635 263387 193206 37158 70181 54861 16722 230365 282758 185274 30092
is_linear=0
shrinkage=0.03


Tree=138
num_leaves=31
num_cat=0
split_feature=87 24 92 87 40 69 64 38 39 76 46 69 59 58 94 39 30 92 87 90 97 56 66 15 92 87 97 63 17 87
split_gain=1264.96 560.022 1092.65 1420.81 586.561 511.138 513.309 473.951 380.568 367.104 353.414 338.268 473.092 339.935 329.998 349.458 328.395 280.397 539.411 406.278 405.195 269.036 259.547 258.61 331.992 310.768 496.961 251.676 244.844 238.392
threshold=1.9999099969863894 3.5000000000000004 1.4454341530799868 0.98076099157333385 179.50000000000003 0.18813606351614001 0.19355965405702594 134.50000000000003 169.50000000000003 3.0728454589843754 7.9127395153045663 0.071428570896387114 0.095238093286752715 0.31923833489418035 -1.5882335305213926 192.50000000000003 15.500000000000002 1.1379284262657168 1.1111055016517641 -0.24821844696998593 1.1999675631523135 20.948465347290043 16.522450447082523 3.5000000000000004 0.96189993619918834 0.91366323828697216 1.4318137764930727 0.29039938747882849 15.170600891113283 0.79999279975891124
decision_type=2 2 2 2 10 2 2 10 10 2 2 2 2 2 2 10 2 2 2 2 2 2 2 2 2 2 2 2 2 2
left_child=1 2 3 -1 5 7 -7 8 11 14 -11 -3 -13 -14 16 17 -8 18 23 -19 -20 -15 -18 -16 29 -26 -27 -24 -12 -25
right_child=-2 4 -4 -5 -6 6 9 -9 -10 10 28 12 13 21 15 -17 22 19 20 -21 -22 -23 27 24 25 26 -28 -29 -30 -31
leaf_value=-0.040889531814235283 -0.030046294048373945 -0.0028798671131164753 -0.034270288627930051 0.0058636087432646401 0.0057002482032487093 0.0036375386567286663 -0.0043233462436976606 0.0064484880891577338 0.006802440577147028 0.0096701067369319178 -0.0044467185959361083 0.0016479245781678056 -0.0034162261159647708 0.0015971018923143078 0.0013890284865356432 0.010329787482294055 0.0036804208318760396 0.0024026581387089161 -0.0042519015449931901 -0.0011050966812058258 -0.015946998471128942 -0.0019224932117535886 -0.00034858153762879 -0.00014471271234784021 0.0060688899205282917 0.00052425533169960436 -0.0080240302671759408 0.0023892738837908872 0.0025952772951648153 -0.0045939673625499285
leaf_weight=685.0538128465414 1233.3698775595985 85295.740749776363 1218.2842156300321 3417.075004754588 16926.165665986016 45851.181991589256 9481.212957393378 7554.2944882251322 5286.398619145155 5818.1713779699057 4965.885126600042 58191.825236101635 54455.906603856012 35589.054639139213 34954.507158460096 2600.4487542305142 35487.140523359179 52388.634573694319 16536.907209165394 68616.645357985981 3165.8500296324492 43313.110257410444 73721.665401281789 15343.954803554341 6773.5957342553884 39586.517102748156 7219.8267700746655 51182.114846633747 40954.569501260296 36900.057149410248
leaf_count=5922 94141 229001 51434 13727 22831 89688 31606 12527 7238 10153 11450 128198 136734 75424 84950 2931 71451 102599 35676 164327 12057 97872 154496 34912 13709 69056 28772 99308 83130 84940
internal_value=7.02648e-05 0.000113977 -0.0095708 -0.00210465 0.000174242 6.29229e-05 0.000598842 -0.000957412 -0.00115615 0.000323193 0.00271694 -0.0013086 -0.000608705 -0.0015935 5.02648e-05 -0.000575191 0.0010962 -0.000676661 -0.00149877 0.000413714 -0.00614534 -0.000334967 0.00141706 -0.000847675 -0.0015866 7.27785e-05 -0.000797172 0.000773519 0.00183214 -0.00328779
internal_weight=864715 863482 5320.41 4102.13 858161 841235 551549 289686 282132 505698 51738.6 276846 191550 133358 453959 284087 169872 281486 160481 121005 19702.8 78902.2 160391 140778 105824 53579.9 46806.3 124904 45920.5 52244
internal_count=2060260 1966119 71083 19649 1895036 1872205 1185211 686994 674467 1095523 104733 667229 438228 310030 990790 633929 356861 630998 364072 266926 47733 173296 325255 316339 231389 111537 97828 253804 94580 119852
is_linear=0
shrinkage=0.03


Tree=139
num_leaves=31
num_cat=0
split_feature=87 92 78 18 46 39 39 99 65 46 92 87 97 87 69 46 98 39 39 63 48 46 34 92 93 30 20 12 87 30
split_gain=1224.84 487.706 451.796 420.027 315.45 766.237 296.433 567.607 292.552 346.516 322.718 342.588 290.693 295.741 280.602 263.842 283.454 260.2 256.519 347.795 254.921 357.928 243.194 236.522 402.497 255.036 242.116 233.421 232.877 232.242
threshold=1.9999099969863894 2.5714037418365483 1.1622274518013003 33.500000000000007 8.3771190643310565 12.500000000000002 45.500000000000007 -1.4701688289642332 0.17521929740905764 60.435647964477546 1.0909023880958559 1.0333682894706728 1.3999969363212588 0.99999827146530162 0.096169792115688338 9.2279305458068865 2.3333196640014653 67.500000000000014 123.50000000000001 0.15384615212678912 0.7065996825695039 7.4306051731109628 4.5000000000000009 0.74999850988388073 0.59999188780784618 43.500000000000007 124.50000000000001 11.500000000000002 0.76190313696861278 90.500000000000014
decision_type=2 2 2 2 2 8 10 2 2 2 2 2 2 2 2 2 2 10 10 2 2 2 2 2 2 2 2 2 2 2
left_child=1 2 4 18 5 -1 23 17 -6 10 12 -12 13 -10 29 -16 -17 -8 19 -4 -21 -22 -19 -7 -25 26 -26 -3 -27 -5
right_child=-2 27 3 14 8 6 7 -9 9 -11 11 -13 -14 -15 15 16 -18 22 -20 20 21 -23 -24 24 25 28 -28 -29 -30 -31
leaf_value=0.0047815399479972289 -0.030015762183426237 -0.035476743890090784 -0.0013380946847244423 -0.011321532839009276 -0.0029822658545633203 -0.0024475311168355657 0.0024612296064221231 0.0047575304688051382 -0.00012846332426191161 0.0036872772367267247 0.0071905304304105272 -0.00038984242502323167 -0.0086092373170793234 -0.0054283048451565022 0.0068454385812729999 0.0020399013669964634 0.017420542900092487 -0.0022756468031569529 0.0047574389938648673 0.0017844719715457884 0.0074636416461758533 -0.0021528048830970412 0.0023426591314844756 0.0033100527461354815 -0.0023307564669444877 0.01059623325086366 0.012085954635198664 -0.005630901956624231 7.2538527593585061e-05 0.00079025192170610224
leaf_weight=28712.451224071905 1199.2568841716275 480.69905495410785 82373.630588588305 1891.6633904874325 69329.818673972972 65382.994593665004 23061.126563995145 26900.827680041082 28314.400237262249 15365.095146506093 6323.3314668359235 34807.632763414644 6721.4586368873715 14223.479694290087 18326.02101973258 37848.5181081146 1090.5524848327041 47614.326506300829 11803.950514360331 113805.932019745 3887.208238161169 32121.329573055729 13062.224592954852 23593.700082904659 74602.163511762396 1923.6332530677319 1043.8053091950715 462.74538290314376 71926.603186123073 5586.2053771242499
leaf_count=54053 94192 27192 206069 6285 156909 169903 47080 54096 52417 30240 11956 70455 26629 28118 32317 71128 2575 110291 19661 232216 7213 71368 24532 63543 225635 3379 2909 3122 144571 9860
internal_value=3.15765e-05 7.40463e-05 9.7897e-05 0.00101717 -0.000415428 7.23847e-05 -0.000315169 0.00096814 -0.00146799 -0.000474902 -0.00118307 0.000778466 -0.00282059 -0.0019023 0.0031649 0.00387851 0.00247938 -0.000250052 0.000447062 0.00022754 0.00108845 -0.00111112 -0.00128099 -0.000910585 -0.000329804 -0.000904617 -0.00212868 -0.0212586 0.000349452 -0.00229567
internal_weight=863787 862588 861644 308735 552909 377824 349111 110639 175085 105755 90390.3 41131 49259.3 42537.9 64743 57265.1 38939.1 83737.7 243992 232188 149814 36008.5 60676.6 238473 173090 149496 75646 943.444 73850.2 7477.87
internal_count=2059914 1965722 1935408 658692 1276716 899992 845939 235999 376724 219815 189575 82411 107164 80535 122165 106020 73703 181903 536527 516866 310797 78581 134823 609940 440037 376494 228544 30314 147950 16145
is_linear=0
shrinkage=0.03


Tree=140
num_leaves=31
num_cat=0
split_feature=97 24 92 40 92 44 88 97 24 98 92 30 24 98 39 97 100 78 39 30 24 21 24 20 30 92 30 98 97 32
split_gain=899.03 631.111 1163.54 505.521 570.071 515.93 472.077 530.491 645.05 456.21 427.459 395.367 479.287 423.194 383.225 374.805 369.971 367.735 351.356 318.618 334.7 313.531 308.071 445.195 432.323 276.731 274.51 266.517 404.231 307.682
threshold=2.9998425245285039 3.5000000000000004 1.4454341530799868 142.50000000000003 0.85713458061218273 1.4999997019767763 0.88235178589820873 1.1538341641426089 77.500000000000014 0.86234769225120556 1.4999493956565859 81.500000000000014 47.500000000000007 1.1842096447944643 45.500000000000007 1.0645115375518801 -0.51404106616973866 0.89285629987716686 154.50000000000003 51.500000000000007 31.500000000000004 18.500000000000004 36.500000000000007 48.500000000000007 63.500000000000007 1.1538438200950625 35.500000000000007 1.8947233557701113 1.3999969363212588 199.50000000000003
decision_type=2 2 2 10 2 2 2 2 2 2 2 2 2 2 10 2 2 2 10 2 2 2 2 2 2 2 2 2 2 2
left_child=1 2 -1 4 14 6 -6 9 10 21 11 12 18 -13 15 -3 -16 -11 19 20 -9 -8 23 -17 -24 27 -12 28 -15 -30
right_child=-2 3 -4 -5 5 -7 7 8 -10 17 26 13 -14 25 16 22 -18 -19 -20 -21 -22 -23 24 -25 -26 -27 -28 -29 29 -31
leaf_value=-0.0019933269602202546 -0.029938085686101817 -0.00083814943723894498 -0.033541838811723679 0.0034315956287086636 0.0017840491059202277 0.0047515662690585129 0.00019920719904159364 -0.0024096237724346944 -0.014630561249970466 0.00024843853657751589 -0.00039534020889214479 -0.0052458660028366537 -0.0078240675553866885 0.0014432324838554601 -0.00047393661554048972 -0.0037472384889437726 0.0052059772514793786 0.0035913135577153752 0.011781940847413757 0.00025333883789146133 -0.0077811675386616364 -0.0040952945453119737 -0.01278521347912296 0.0034910351490783239 -0.0037443876659872845 0.0062440966097207359 0.0037571541239940789 0.015203637822851692 0.0077073400564457257 -0.01709041072701779
leaf_weight=4100.0438865553588 882.94060245528817 92797.672506452538 1396.6264441343956 38602.65487733297 135144.05572001915 23783.06678791251 62181.293218870182 57277.562059664167 3186.3828867375851 55107.860338824801 44125.357439429965 7706.9723759368062 14754.38263271749 10964.47187499702 58979.368141600862 42693.108848020434 12489.732793658972 64014.918329497334 1608.4205765426159 31229.283061005175 12757.971600830555 20272.874468548223 7077.589176364243 9298.8369942158461 14537.626886479557 11409.205725938082 21195.027650386095 948.90923415124416 564.26420882344246 2030.9160476848483
leaf_count=19648 54879 194555 79797 64133 294163 47359 127183 154700 11135 101847 137413 15872 52992 20028 131410 126861 26144 105290 1981 62458 43112 37200 25120 22958 34847 17415 38293 2299 1377 8010
internal_value=-1.87871e-05 1.25444e-05 -0.0101019 7.76709e-05 -8.06594e-05 0.000426373 0.000241357 -0.000253525 -0.00127298 0.000857905 -0.00107512 -0.00195092 -0.00277087 0.000917428 -0.00131743 -0.00210649 0.000519847 0.00204515 -0.00204475 -0.00226664 -0.00339007 -0.000857412 -0.00370485 -0.00245182 -0.00671376 0.00275279 0.00095279 2.49282e-06 -0.00108211 -0.011681
internal_weight=863119 862236 5496.67 856740 818137 580263 556480 421336 219759 201577 216573 151252 117628 33624.7 237874 166405 71469.1 119123 102873 101265 70035.5 82454.2 73607.2 51991.9 21615.2 25917.8 65320.4 14508.6 13559.7 2595.18
internal_count=2060479 2005600 99445 1906155 1842022 1280127 1232768 938605 567085 371520 555950 380244 315243 65001 561895 404341 157554 207137 262251 260270 197812 164383 209786 149819 59967 49129 175706 31714 29415 9387
is_linear=0
shrinkage=0.03


Tree=141
num_leaves=31
num_cat=0
split_feature=87 24 18 24 40 39 44 46 39 38 31 97 24 81 98 71 40 39 39 2 97 97 98 11 88 27 12 59 27 14
split_gain=1179.02 506.262 1561.72 836.538 507.044 436.776 437.157 455.047 1231.07 422.491 407.936 480.27 399.819 319.09 309.685 240.977 239.021 236.04 540.839 326.966 250.16 419.592 230.31 229.997 227.419 223.152 284.902 216.634 257.483 216.593
threshold=1.9999099969863894 3.5000000000000004 2.5000000000000004 2.5000000000000004 201.50000000000003 192.50000000000003 1.1507575511932375 8.3771190643310565 12.500000000000002 173.50000000000003 21.500000000000004 1.1999675631523135 73.500000000000014 1.0683056712150576 1.2901815772056582 1.4674905538558962 27.500000000000004 45.500000000000007 64.500000000000014 40.500000000000007 1.9379744529724123 2.9998425245285039 2.9995950460433964 10.299708843231203 0.98782926797866832 57.500000000000007 26.500000000000004 0.457686796784401 77.500000000000014 7.5000000000000009
decision_type=2 2 2 2 10 10 2 2 8 10 2 2 2 2 2 2 10 10 10 2 2 2 2 2 2 2 2 2 2 2
left_child=1 2 3 -1 5 6 7 8 -3 17 13 14 -13 -9 16 -8 25 19 -19 20 -10 22 27 -15 -24 -12 -27 -22 -29 -25
right_child=-2 4 -4 -5 -6 -7 15 10 9 -11 11 12 -14 23 -16 -17 -18 18 -20 -21 21 -23 24 29 -26 26 -28 28 -30 -31
leaf_value=-0.031459011055090524 -0.029980098899634173 0.005113451752504829 -0.039195957262493537 0.0056824250887658051 0.0072831192963949626 0.0075264084905838323 0.0012912006180264834 -0.0036768200249293571 -0.00039201553094299146 0.011650073333470278 0.0031561851540633421 -0.0016695017071099651 -0.01472254482781476 -0.0072683323978472531 0.007548231006089888 0.005797378207190112 0.0047194360707524929 0.0032486848474478631 -0.00049386521953367934 0.0085119535728557082 -0.0020416536365152381 -0.029480068001029335 -0.0053325103111960936 0.0024461005395684347 0.017626993827811882 -0.0037987681394240796 0.0039531077381024559 -0.010310098197653682 0.010538363823590257 -0.0012229197063277403
leaf_weight=629.12381153460592 1152.1196879367344 45710.584796663374 1181.4187813978642 3407.8398581556976 8943.4910178408027 7067.8420536983758 30840.133200266398 56253.005766225979 274748.24140688777 2743.4377127904445 12541.728684931993 12670.180338991806 2516.089557737112 5144.5026550358161 8183.0887598842382 16332.733418623917 12948.988003894687 54440.847652556375 96014.602494180202 3494.9368250481784 25151.639513395727 515.85319990385324 638.76691385358572 16199.199396640062 941.47227255254984 16807.377707213163 5698.6334967166185 5548.5606124773622 573.48386899381876 135154.68444220722
leaf_count=44595 94121 84907 12543 13626 11156 8614 64693 130465 619929 3549 19725 28578 9042 12388 11266 30694 19967 113901 204140 6477 87193 27447 2902 36851 3544 29936 8340 20108 1663 298023
internal_value=8.76933e-05 0.000128526 -0.00916945 -0.00023228 0.000185301 0.000110351 4.79086e-05 -0.00011869 0.000416865 -4.52078e-05 -0.00108098 0.000881563 -0.00384867 -0.00173932 0.00216113 0.00285318 0.00123991 -0.000115147 0.000860592 -0.000586287 -0.000690033 -0.00314203 -0.00271081 -0.00104251 0.00839561 -4.76161e-05 -0.00183419 -0.00327701 -0.00832916 -0.000829958
internal_weight=864195 863042 5218.38 4036.96 857824 848881 841813 794640 510522 464812 284117 71366.1 15186.3 212751 56179.8 47172.9 47996.7 462068 150455 311613 308118 33369.8 32853.9 156498 1580.24 35047.7 22506 31273.7 6122.04 151354
internal_count=2060383 1966262 70764 58221 1895498 1884342 1875728 1780341 1175760 1090853 604581 126854 37620 477727 89234 95387 77968 1087304 318041 769263 762786 142857 115410 347262 6446 58001 38276 108964 21771 334874
is_linear=0
shrinkage=0.03


Tree=142
num_leaves=31
num_cat=0
split_feature=87 72 92 87 24 87 97 92 97 87 92 87 92 97 16 92 64 87 87 92 97 87 87 63 83 92 87 92 97 92
split_gain=1138.52 513.158 343.53 550.648 534.546 508.083 562.191 398.284 664.888 553.699 636.217 1258.56 539.229 450.776 373.741 362.633 362.156 330.852 326.905 491.126 323.511 321.591 305.496 303.282 305.385 270.259 992.404 330.908 264.609 267.872
threshold=1.9999099969863894 0.91608282923698436 0.83027687668800365 0.86956349015235912 6.5000000000000009 0.73684036731719982 0.93333053588867199 1.071426570415497 1.1162755489349367 1.0960043072700503 1.4999493956565859 1.0178617835044863 1.4999493956565859 1.5833273530006411 7.5000000000000009 0.66666167974472057 0.29272302985191351 0.85713735222816478 0.55363833904266369 0.49999436736106878 1.8292622566223147 1.1538441777229311 1.0178617835044863 0.31830878555774694 1.4732131361961367 2.2499620914459233 1.5999855995178225 2.5714037418365483 2.062482595443726 1.2499961256980898
decision_type=2 2 2 2 2 2 2 2 2 2 2 2 2 2 2 2 2 2 2 2 2 2 2 2 2 2 2 2 2 2
left_child=1 23 5 4 -4 15 -7 8 21 10 28 -12 13 -11 22 18 -15 -8 19 -3 -6 -5 -10 24 -1 -14 -27 -28 29 -9
right_child=-2 2 3 7 20 6 17 9 14 12 11 -13 25 16 -16 -17 -18 -19 -20 -21 -22 -23 -24 -25 -26 26 27 -29 -30 -31
leaf_value=-0.002108148447745044 -0.029953550123553729 -0.00040088864894535401 -0.016931319043180737 0.0019015979478696444 0.0068803267849573526 1.1822569335098402e-06 -0.0036034964337979796 0.0039416491143152519 -0.00057153697102155655 -0.00010662810067494971 -0.047857574837026885 0.0042225975278177928 0.0031602867574283696 -0.01121442111979907 -0.0088690301695029967 0.0051195715805631876 -0.00098045332608060571 -0.010674997274879201 -0.0027781667901677042 0.0097848744210684221 -0.00097211093582686065 -0.0036388225257149649 -0.0064242983063051567 0.00019603444913103904 0.00082910074463365545 -0.043493234801031282 0.0048422246180229002 -0.021326376465096757 -0.0017494879047427931 0.0091688617340912708
leaf_weight=173616.86278466973 1122.1364491749555 15367.22954717651 970.27968300320208 67597.347069807351 26084.032791316509 30060.219070045277 17804.446071758866 47092.950619190931 30954.510908506811 80718.970666161738 612.97697832342237 1218.9888418521732 59520.978675677441 6379.9901609644294 8859.2920574322343 15368.228037685156 6065.8646906092763 8954.0191313177347 22257.030120559037 5873.809178346768 5759.1537629701197 10937.89242977649 10818.569678410888 148922.95115204435 39004.007249004673 501.91438052523881 2895.1270083449781 491.19276188360527 5880.3252495424822 10863.314107138664
leaf_count=452562 94320 34638 4625 112852 46634 59991 42989 85739 79788 150143 4769 3274 130529 22403 25873 33507 18322 25086 50244 12576 20242 23625 33413 328719 100097 4025 8325 11987 20409 18815
internal_value=-2.08991e-05 1.8786e-05 0.000641458 0.00107297 0.00478839 -0.00079166 -0.00281485 0.000725784 -0.000598949 0.00149571 0.00380746 -0.0135321 0.00052577 -0.000926633 -0.0032789 0.00116145 -0.00623616 -0.00597599 -0.000238698 0.00242235 0.00546042 0.00112923 -0.00208966 -0.000842174 -0.0015693 0.00265935 -0.00498587 0.000943485 0.00430915 0.00492426
internal_weight=862575 861452 499909 384224 32813.5 115685 56818.7 351410 129168 222243 65668.6 1831.97 156574 93164.8 50632.4 58866.3 12445.9 26758.5 43498.1 21241 31843.2 78535.2 41773.1 361544 212621 63409.2 3888.23 3386.32 63836.6 57956.3
internal_count=2060521 1966201 1084823 825792 71501 259031 128066 754291 275551 478740 133006 8043 345734 190868 139074 130965 40725 68075 97458 47214 66876 136477 113201 881378 552659 154866 24337 20312 124963 104554
is_linear=0
shrinkage=0.03


Tree=143
num_leaves=31
num_cat=0
split_feature=87 24 18 24 92 87 24 87 97 97 98 92 87 61 92 87 92 97 97 87 92 87 92 32 92 97 12 24 18 92
split_gain=1101.62 501.543 1435.76 778.603 445.182 1026.78 1996.86 912.694 921.671 584.642 533.185 493.181 1499.42 473.877 374.095 776.196 599.695 860.291 505.068 840.366 567.979 435.119 468.915 423.27 407.894 405.476 365.959 383.387 1056.98 350.251
threshold=1.9999099969863894 3.5000000000000004 2.5000000000000004 2.5000000000000004 1.3070695400238039 0.99999123811721813 15.500000000000002 1.199993968009949 1.1162755489349367 1.7368384003639223 1.8421009182929995 2.2499620914459233 1.5999855995178225 24.126373291015629 0.83027687668800365 0.91366323828697216 1.0434752106666567 1.0975589752197268 0.89189010858535778 0.79999899864196788 0.69230568408966076 0.55363833904266369 0.49999436736106878 323.50000000000006 1.1739111542701723 1.0812362432479861 2.5000000000000004 5.5000000000000009 4.5000000000000009 2.5714037418365483
decision_type=2 2 2 2 2 2 2 2 2 2 2 2 2 2 2 2 2 2 2 2 2 2 2 2 2 2 2 2 2 2
left_child=1 2 3 -1 7 6 -6 9 -9 10 14 26 -13 -11 18 24 17 -17 -3 20 21 22 -20 -19 -16 -21 -7 28 -28 -14
right_child=-2 4 -4 -5 5 11 -8 8 -10 13 -12 12 29 -15 15 16 -18 23 19 25 -22 -23 -24 -25 -26 -27 27 -29 -30 -31
leaf_value=-0.031422080358983098 -0.029922924743991761 0.00081737608613010736 -0.03873728539634335 0.0048585935166272727 -0.047206634871013356 0.013275640213867079 0.0083518133926897501 -0.0014912217579889464 -0.0094401845018522012 -0.00084426597930558755 0.0046163789835684983 -0.042235376531854614 0.0023587088385370499 -0.0066819559998416737 0.0039046898561362568 0.0004339571580822604 0.0014344092689501219 -0.0029492534568907138 -0.001972654130586133 -0.0032786382837101087 0.0027914403856552309 -0.004761594606291511 0.0070372320672124795 -0.009388960900056394 -0.013800925308818721 -0.010460430039071912 -0.00053588112348884858 0.0019750808005701177 -0.049457063750117033 -0.019837340495006388
leaf_weight=610.91516303224489 1089.4725537709892 90959.412532240152 1139.0014532096684 3388.5133734177798 1102.1853234376758 2515.9387207329273 1199.475163012743 48662.291505424306 17963.140524625778 35702.898944277316 25168.453817464411 887.9759852476418 4764.8964101308957 19255.095963576809 68031.445636302233 79233.502365209162 131885.50950215757 33520.699294060469 19322.192997910082 15129.584715843201 28197.035194680095 31739.443873800337 7089.7523983716965 12651.119118735194 1172.3894762322307 13315.422804050148 2164.1598943741992 162566.77673995588 467.03132918104529 718.62589485291392
leaf_count=44786 94304 179437 12439 13621 8846 5990 3193 100598 51900 132629 60615 7260 14460 77078 125606 139394 237129 86633 46546 31280 57632 77331 14279 33036 2898 40465 8290 342998 3271 5858
internal_value=-4.84855e-05 -9.96819e-06 -0.0093363 -0.000812077 4.62734e-05 0.00138898 -0.0184307 -0.000302559 -0.00363656 6.02829e-05 0.00035138 0.00165311 -0.00652662 -0.00289125 0.000149535 0.000780896 2.21928e-05 -0.00146299 -0.000852308 -0.00217523 -0.000701436 -0.00239547 0.000449362 -0.00471704 0.00360084 -0.0066455 0.0019646 0.00179075 -0.00952688 -0.000611644
internal_weight=861614 860525 5138.43 3999.43 855386 176387 2301.66 678999 66625.4 612374 557416 174085 6371.5 54958 532248 326495 257291 125405 205753 114793 86348.4 58151.4 26411.9 46171.8 69203.8 28445 167714 165198 2631.19 5483.52
internal_count=2059802 1965498 70846 58407 1894652 400166 12039 1494486 152498 1341988 1132281 388127 27578 209707 1071666 624696 496192 259063 446970 267533 195788 138156 60825 119669 128504 71745 360549 354559 11561 20318
is_linear=0
shrinkage=0.03


Tree=144
num_leaves=31
num_cat=0
split_feature=92 78 39 97 39 63 48 69 37 11 92 39 18 26 24 97 18 24 97 92 61 90 68 24 92 95 26 24 97 18
split_gain=812.207 411.591 391.056 467.923 446.719 314.034 400.859 345.038 310.581 294.024 278.56 258.553 253.65 364.18 356.478 447.28 325.549 268.811 247.133 503.502 240.295 292.602 240.225 237.512 236.662 236.543 229.755 225.085 308.084 278.011
threshold=2.5714037418365483 1.1622274518013003 45.500000000000007 1.7906786799430849 64.500000000000014 0.39999996125698095 0.4999998956918717 0.11907437071204187 130.50000000000003 7.6748983860015878 0.74999850988388073 115.50000000000001 33.500000000000007 149.50000000000003 38.500000000000007 1.69999235868454 20.500000000000004 26.500000000000004 1.2352842688560488 1.0909023880958559 16.259942054748539 -1.3650145530700681 0.99999925494194042 13.500000000000002 0.62499824166297924 -1.1516258120536802 586.50000000000011 24.500000000000004 1.04761677980423 15.500000000000002
decision_type=2 2 10 2 10 2 2 2 8 2 2 10 2 2 2 2 2 2 2 2 2 2 2 2 2 2 2 2 2 2
left_child=1 2 3 5 22 6 8 -7 10 -8 -1 -6 14 -14 16 24 27 -18 -15 -20 21 -5 -4 -2 -16 -12 -9 -3 -29 -30
right_child=23 12 4 20 11 7 9 26 -10 -11 25 -13 13 18 15 -17 17 -19 19 -21 -22 -23 -24 -25 -26 -27 -28 28 29 -31
leaf_value=-0.0029257014408108242 -0.033329294647432929 0.00099621981624040297 0.004223308364332698 0.019622201483965158 -0.0015815074704366777 -0.0019912473463198164 0.0073194827787865305 0.0016477348233369738 0.013417099663645168 -0.0063503907848311272 0.0023964915428261653 0.0020991811060532719 0.005917476061628504 0.0025944855490174818 -0.0095705132696544196 -0.015589860070348731 0.011277460773834302 0.0026517292417189029 -0.0081498892179095554 0.0034967804280888917 -0.0055410886935856529 -0.0019629226818226732 -0.0098034438705352674 -0.0060745253575308494 -0.00064030047501966597 -0.00073696708553508666 -0.0096791383856109463 0.00067991199713155566 -0.017553183269006251 -0.0037041847606188939
leaf_weight=45370.392344312742 810.87989359721541 127706.84225559887 37169.65997574525 556.99666337296367 45413.48813905241 33578.488554252312 1523.0504422695376 108903.74657368753 1366.1912056710571 17640.811642646324 25238.124313760549 27597.600547400303 20699.169129621238 29845.624182544649 2867.0059088990092 2060.4259979575872 3531.9122557397932 38870.939519170672 6647.2594567984343 6678.8507726211101 25422.067519306205 27891.787863303442 1113.8929413110018 456.27374922856688 35725.916646275669 153141.917943554 1616.2714264243841 19486.51384793967 1437.7974129766226 12645.479866631329
leaf_count=116319 74452 314280 77699 1393 108007 71811 2685 212425 3600 39750 47295 54213 37258 46621 6688 8905 7044 75962 23323 14403 96993 123220 3182 5599 69442 343848 3572 35225 4506 31076
internal_value=5.07351e-05 8.63016e-05 -0.000402919 -0.000802926 0.00118644 -0.00043941 -0.00109457 0.000671231 -0.000739749 -0.00525748 -0.00082738 -0.000190043 0.000964927 0.00264792 0.000524796 -0.00203946 0.00103676 0.00337518 0.00107828 -0.00231626 -0.00342254 -0.00152682 0.00381028 -0.0237623 -0.00130833 -0.00029341 0.00148037 0.000421599 -0.00176368 -0.00514095
internal_weight=863015 861748 553544 442250 111295 388379 244280 144099 225117 19163.9 223750 73011.1 308204 63870.9 244333 40653.3 203679 42402.9 43171.7 13326.1 53870.9 28448.8 38283.6 1267.15 38592.9 178380 110520 161277 33569.8 14083.3
internal_count=2060796 1980745 1306012 1062911 243101 841305 553497 287808 511062 42435 507462 162220 674733 121605 553128 85035 468093 83006 84347 37726 221606 124613 80881 80051 76130 391143 215997 385087 70807 35582
is_linear=0
shrinkage=0.03


Tree=145
num_leaves=31
num_cat=0
split_feature=87 69 63 51 18 92 24 78 28 38 98 75 26 24 97 53 39 56 43 5 76 18 39 100 24 8 97 87 92 97
split_gain=1060.81 521.882 401.909 492.196 423.349 414.908 358.674 311.179 290.517 285.778 267.215 247.49 245.988 342.745 272.462 244.179 239.385 225.158 219.193 493.108 251.422 208.5 261.594 316.681 235.234 221.531 226.516 207.913 290.943 373.04
threshold=1.9999099969863894 0.096169792115688338 0.42857141792774206 15.30145311355591 12.500000000000002 2.2499620914459233 7.5000000000000009 1.4285607337951662 33.500000000000007 134.50000000000003 0.86234769225120556 -0.78082361817359913 89.500000000000014 15.500000000000002 2.3854792118072514 0.37557339668273931 169.50000000000003 9.1027841567993182 0.74999985098838817 7.6523172855377206 2.5437291860580449 36.500000000000007 47.500000000000007 -0.40068037807941431 51.500000000000007 5.5000000000000009 1.1538341641426089 1.1111055016517641 1.1999974250793459 0.98984354734420787
decision_type=2 2 2 2 2 2 2 2 2 10 2 2 2 2 2 2 10 2 2 2 2 2 10 2 2 2 2 2 2 2
left_child=1 9 3 4 5 12 -7 8 -5 16 17 -4 13 14 -3 -9 -1 -6 20 -20 27 22 -12 -24 -23 -26 -27 -13 29 -29
right_child=-2 2 11 7 10 6 -8 15 -10 -11 21 18 -14 -15 -16 -17 -18 -19 19 -21 -22 24 23 -25 25 26 -28 28 -30 -31
leaf_value=-0.002212763723540409 -0.029888723908982121 0.00039106807873175961 -0.0023467657226828721 -0.0025690125518257672 0.0015569896648783717 -0.041529978699830203 -0.0076579830913697982 0.0018314414157797427 0.0024325517389930116 0.0040977896131385279 0.00062078807915238229 0.0027239107320439445 0.0098453237852011571 -0.0036304053492126451 -0.0089996756945639519 -0.0030277154293077836 0.0061778597394434743 -0.0024607659923748487 0.0099793590901628149 -0.00091660247709984062 0.0064949218355918308 0.010843591682879612 0.0025198079126638471 0.010912075976594392 0.014041384493306042 0.005406914939210682 6.984453436851537e-05 0.00051324337284566182 0.0019419592566327442 -0.0095555286062834581
leaf_weight=126094.5584406713 1048.7672359603457 90891.072293336503 14435.467209180817 120229.80131636141 24618.619187919423 365.44508126936853 1090.0865640006959 37939.837340964936 11431.422924961895 7266.2722431216389 89972.132327962667 93156.202129915357 1973.910662682727 28933.064387317747 2848.4051247658208 12311.453691692092 3117.5187888061628 25574.60464557074 4055.9068070147187 45085.818927683402 11811.704783923458 4071.5296661183238 26361.085982486606 4765.7199342455715 1580.2996710166335 13431.655401833355 15295.996338933706 8626.0103651229292 28111.098098070826 5353.4016302190721
leaf_count=353256 94436 227037 30850 270007 45104 9902 4615 76044 21725 13921 204293 193088 3688 65732 21575 27460 4327 48039 6944 95781 21661 7154 53506 8723 2838 19405 37380 17325 60635 14468
internal_value=-1.91888e-05 1.78968e-05 0.000338551 -0.000113978 0.000573642 -0.000794877 -0.01661 -0.00136799 -0.00213445 -0.00168369 0.00141271 0.00144206 -0.000607565 -0.000777339 0.000103858 0.000640228 -0.0020094 -0.000490314 0.00172104 -1.36116e-05 0.00230062 0.00202705 0.00144126 0.0038109 0.0040884 0.00317437 0.00256723 0.0019334 0.000183357 -0.00335073
internal_weight=861849 860800 724322 513686 331774 126102 1455.53 181913 131661 136478 205672 210636 124646 122673 93739.5 50251.3 129212 50193.2 196200 49141.7 147058 155478 121099 31126.8 34379.5 30308 28727.7 135247 42090.5 13979.4
internal_count=2060919 1966483 1594979 1154227 758991 332549 14517 395236 291732 371504 426442 440752 318032 314344 248612 103504 357583 93143 409902 102725 307177 333299 266522 62229 66777 59623 56785 285516 92428 31793
is_linear=0
shrinkage=0.03


Tree=146
num_leaves=31
num_cat=0
split_feature=87 44 51 34 65 92 24 92 38 60 92 87 97 87 92 97 39 92 87 97 92 12 97 71 97 87 92 87 87 92
split_gain=1028.77 415.319 412.764 511.664 478.601 356.234 858.793 321.128 309.166 298.01 296.813 593.947 698.75 348.053 427.704 414.868 285.399 283.503 454.889 404.362 289.485 283.067 282.094 275.275 269.311 512.138 272.626 259.453 252.913 249.513
threshold=1.9999099969863894 1.2499999403953554 12.39949941635132 5.5000000000000009 0.11410487815737726 2.2499620914459233 7.5000000000000009 1.2857018709182741 inf 0.11483515799045564 1.1538438200950625 1.0444650053977969 1.0645115375518801 1.2564764618873598 1.7142792940139773 1.3269196152687075 192.50000000000003 0.94736504554748546 0.91366323828697216 1.280690670013428 1.0434752106666567 10.500000000000002 1.8749922513961794 1.4674905538558962 1.0812362432479861 0.85713735222816478 0.72413626313209545 0.73684036731719982 1.6666597127914431 1.3333277702331545
decision_type=2 2 2 2 2 2 2 2 8 2 2 2 2 2 2 2 10 2 2 2 2 2 2 2 2 2 2 2 2 2
left_child=1 2 3 5 9 8 -7 -5 16 22 11 17 -13 21 15 -15 -1 24 -19 -20 -21 -12 -4 -3 -6 26 -26 -28 -8 -23
right_child=-2 23 4 7 10 6 28 -9 -10 -11 13 12 -14 14 -16 -17 -18 18 19 20 -22 29 -24 -25 25 -27 27 -29 -30 -31
leaf_value=-6.2039917314105921e-05 -0.029858282520666701 0.0012040161242746277 -0.0012276874880945332 0.0013237994916260069 0.00032396776811831427 -0.040420951120127994 -0.016967141106802607 0.0052668345205011359 -0.0042121468164296356 -0.006125658100735969 -0.0012584310989686152 -0.0011066855325550431 -0.0092014178600444401 -0.00069361427251992108 0.00354169761266253 -0.0086646184394104913 0.0059930842980218174 0.0072435565189117139 0.002005807112903327 -0.0094845136993116485 -0.00020741080786746931 0.0023618114260452361 -0.0078113439452523461 0.0063055939619129997 -0.0046869746906997153 -0.0081612009895244957 0.0091094071267209357 -0.00037405772683600275 0.0037416169154787684 0.0074740408126534683
leaf_weight=277772.08867569733 1016.8538257381879 28091.822663618717 59166.065484620631 138845.46622096375 44171.642005719244 649.05667635565624 724.7963454099372 21448.024353045505 15845.742412644904 19233.301515951753 12561.810024048202 25472.235151005909 15386.267545133829 19817.672968234401 12856.486094336491 8336.1662934683263 7166.9079117970541 10426.945923939347 33612.643729232252 5462.3129377216101 6761.9450970292091 28891.665548548102 6482.7233879650012 14388.060092799831 8118.3497585169971 12103.471567854285 3621.578773163259 9040.8007539510727 1829.7866084687412 12229.254596624523
leaf_count=691707 94372 59566 125081 266383 80559 27294 4327 36826 71281 46146 30448 46410 43016 35498 32380 22735 9410 20559 54367 21459 17967 53624 24927 26982 22328 35694 8123 21941 6555 22029
internal_value=6.62443e-06 4.26083e-05 -0.000107612 0.000480609 -0.000879603 -0.000242596 -0.0101624 0.00185199 -0.000136272 -0.00284323 -0.000259524 -0.000994429 -0.00415797 0.00109218 -0.00098849 -0.00305825 9.06711e-05 -2.44217e-05 0.00159424 0.000306538 -0.00436153 0.00268146 -0.00188 0.00293409 -0.00120643 -0.00326107 -0.000401951 0.0023484 -0.00222012 0.00388507
internal_weight=861532 860515 818035 464282 353753 303988 3203.64 160293 300785 84882.1 268871 174178 40858.5 94693.1 41010.3 28153.8 284939 133320 56263.8 45836.9 12224.3 53682.7 65648.8 42479.9 77055.8 32884.2 20780.7 12662.4 2554.58 41120.9
internal_count=2059994 1965622 1879074 1113783 765291 810574 38176 303209 772398 196154 569137 372423 89426 196714 90613 58233 701117 282997 114352 93793 39426 106101 150008 86548 168645 88086 52392 30064 10882 75653
is_linear=0
shrinkage=0.03


Tree=147
num_leaves=31
num_cat=0
split_feature=87 69 59 68 48 69 59 69 59 44 38 14 40 64 53 39 97 29 58 78 97 6 68 98 71 2 29 69 89 22
split_gain=998.166 440.593 410.515 521.298 387.838 376.035 330.996 354.195 280.795 298.557 266.813 255.482 351.186 254.578 243.435 242.258 231.476 304.444 245.691 234.818 230.197 220.242 209.749 217.368 207.187 205.869 225.988 193.905 197.34 189.116
threshold=1.9999099969863894 0.2629514634609223 0.35578218102455145 0.26386627554893499 0.41666664183139807 0.42625577747821813 0.24143268913030627 0.11907437071204187 0.49999982118606573 1.4999997019767763 134.50000000000003 55.500000000000007 33.500000000000007 0.55778253078460704 0.34782607853412634 154.50000000000003 1.3999969363212588 253.6093444824219 0.15227743238210681 3.2142676115036015 1.1162755489349367 3.5000000000000004 0.53869181871414196 0.96428108215332042 1.5795108079910281 28.500000000000004 176.72525024414065 0.38346844911575323 -1.2898591756820676 15.500000000000002
decision_type=2 2 2 2 2 2 2 2 2 2 10 2 10 2 2 10 2 2 2 2 2 2 2 2 2 2 2 2 2 2
left_child=1 6 13 5 21 14 7 10 -7 -10 15 -8 -13 27 -4 25 22 18 19 -18 -12 -5 23 -9 -11 26 -1 28 -3 -19
right_child=-2 2 3 4 -6 8 11 16 9 24 20 12 -14 -15 -16 -17 17 29 -20 -21 -22 -23 -24 -25 -26 -27 -28 -29 -30 -31
leaf_value=-0.0015021765660512448 -0.029829424549117148 0.003884689370880805 -0.0026297755762130486 0.0012943218392561422 -0.00031784378149712445 0.0026184410685870609 -0.0017696675537870331 -0.0010324470125810808 -0.0013607793739269522 0.00080315129711956115 -0.00028695470748262556 -0.0097236749763135091 0.0039409644224880089 -0.004529137218081276 -0.011158107249898961 0.0051713867884446299 -0.0036115005874559742 -0.0078239233166023381 0.0023660026711502433 0.012100846300996925 0.010168055673047309 0.0049361587489171578 0.0031819579342505827 0.001899894210724572 0.0078970718089897245 0.0020020907992382903 -0.0047746318053574349 0.0041920821083612555 0.00082721327325437641 0.0015664175366209656
leaf_weight=124775.14672383759 987.50616932334378 25598.53050049115 41521.024942733813 26587.716716834344 45560.526654814836 27546.900793991983 61573.093673489988 42257.563027761877 103432.75490445457 13274.606881103478 4397.9624300622381 8112.7924611456692 2125.7131786067039 5079.1746904025786 3231.1755581344478 4755.8211858374998 14359.416335226502 8102.3073539859615 20134.563483524602 890.8774263295345 3309.4229148221202 34164.95078709349 38617.794451391324 49244.011784554459 5123.0808649081737 12534.335710335057 22392.109702233225 35824.949125062674 73592.833572588395 2524.1301259603351
leaf_count=353115 94164 50773 96322 60443 96473 57493 143595 86153 237202 28749 9552 19040 3853 13411 8180 7099 48540 27102 57943 3105 5464 62748 68465 92107 9200 25389 52349 73064 160653 8149
internal_value=1.3727e-05 4.86614e-05 0.000711497 8.61074e-05 0.00177455 -0.000838641 -0.00064641 -0.000263987 -0.000115807 -0.000734372 -0.00123156 -0.00250062 -0.00688448 0.00205248 -0.00325024 -0.00148739 0.000681829 -0.00114675 0.000191411 -0.00267898 0.00421695 0.0033433 0.00132851 0.000545741 0.00278498 -0.0016863 -0.00200068 0.0023007 0.00161689 -0.00559465
internal_weight=861633 860645 440538 300443 106313 194130 420107 348295 149377 121830 172165 71811.6 10238.5 140095 44752.2 164457 176131 46011.3 35384.9 15250.3 7707.39 60752.7 130119 91501.6 18397.7 159702 147167 135016 99191.4 10626.4
internal_count=2059895 1965731 954711 656810 219664 437146 1011020 844532 332644 275151 452968 166488 22893 297901 104502 437952 391564 144839 109588 51645 15016 123191 246725 178260 37949 430853 405464 284490 211426 35251
is_linear=0
shrinkage=0.03


Tree=148
num_leaves=31
num_cat=0
split_feature=87 72 18 24 97 24 24 26 97 98 90 74 15 92 87 87 92 87 92 97 87 92 92 87 92 97 24 92 87 87
split_gain=970.245 497.444 326.812 529.696 723.847 523.991 478.995 399.731 301.99 241.697 225.653 234.409 291.834 283.351 508.031 223.678 704.452 883.65 522.226 346.008 549.529 342.963 322.551 363.732 487.027 424.608 303.344 291.543 288.15 285.374
threshold=1.9999099969863894 0.91608282923698436 42.500000000000007 61.500000000000007 1.1999675631523135 79.500000000000014 61.500000000000007 129.50000000000003 1.0312456488609316 1.1578919887542727 -0.75203868746757496 -2.9273008108139034 57.500000000000007 2.2499620914459233 1.6666597127914431 1.0833312869071963 1.4999493956565859 1.0178617835044863 1.4999493956565859 1.1320725679397585 1.2564764618873598 1.2301363945007326 0.94736504554748546 0.83333018422126781 0.66666167974472057 1.5449989438056948 21.500000000000004 0.93103229999542247 0.66665667295455944 0.66666367650032055
decision_type=2 2 2 2 2 2 2 2 2 2 2 2 2 2 2 2 2 2 2 2 2 2 2 2 2 2 2 2 2 2
left_child=1 10 6 -4 9 7 15 -6 -8 -5 -1 12 -12 -13 -15 16 22 -18 19 27 21 -21 23 24 28 -25 -22 -17 -3 -26
right_child=-2 2 3 4 5 -7 8 -9 -10 -11 11 13 -14 14 -16 18 17 -19 -20 20 26 -23 -24 25 29 -27 -28 -29 -30 -31
leaf_value=0.0010979352010037486 -0.029798455542512606 0.0010965475126949612 0.0099509683761971075 0.0021640383898585145 0.010816352799386267 -0.016277405432313961 -0.0014726426605255183 -0.0033178133536361145 -0.012910914860369268 0.0071479425661201213 -0.0028279836361095414 -0.00065466143242977738 -0.020291753103314502 -0.032259169022751243 -0.0014616639387627724 -0.0049640064491266204 -0.047025805710543302 0.0020345743245189889 0.0019447289623339917 -0.0048918083694451022 -0.0028229580729180644 0.0010871894667762235 0.0026256708968561211 -0.00078408566387101102 0.0088951357163203695 -0.011372192933445338 -0.01253584943285576 0.00071366852799502442 -0.0037816047411059601 0.0026885632853028574
leaf_weight=50918.5101106558 958.28392624342814 33191.955146512017 7966.7410131618381 23817.442298516631 2082.6660026460886 2433.1905195489526 4569.7177017182112 12532.620143346488 3797.8618789091706 13855.237106688321 38447.258225586265 269031.77312858729 861.63037229049951 694.19435929786414 1489.4070952367038 9442.4359813071787 594.5973871583119 711.16369850747287 62694.852284219116 15229.435827881098 4668.6256988137029 19891.450380772352 94886.17180818785 56313.549473799765 8100.5963010173291 3608.6970074772835 7654.6358983293176 58204.894671136048 16201.228828564286 37471.038077190518
leaf_count=106843 94166 73970 13369 37341 4411 9808 7975 36083 10792 18956 88836 657506 2452 4949 20801 22616 4737 2009 155198 42705 13544 42015 199346 115831 18313 15815 20325 104814 36493 78496
internal_value=6.10794e-05 9.49899e-05 0.000707991 0.00273338 0.00167934 -0.00344704 0.00041749 -0.00129168 -0.00668263 0.00399984 -0.00075286 -0.0010564 -0.0032209 -0.000742467 -0.0114565 0.000556326 0.00113281 -0.0206782 -0.000257857 -0.00145782 -0.0034214 -0.00150679 0.00124848 0.000404568 0.00155927 -0.00142531 -0.00886669 -8.00729e-05 -0.000504396 0.00379523
internal_weight=862322 861364 499921 62687.9 54721.2 17048.5 437233 14615.3 8367.58 37672.7 361443 310524 39308.9 271215 2183.6 428865 251079 1305.76 177786 115091 47444.1 35120.9 249773 154887 94964.8 59922.2 12323.3 67647.3 49393.2 45571.6
internal_count=2060515 1966349 1084962 119968 106599 50302 964994 40494 18767 56297 881387 774544 91288 683256 25750 946227 545010 6746 401217 246019 118589 84720 538264 338918 207272 131646 33869 127430 110463 96809
is_linear=0
shrinkage=0.03


Tree=149
num_leaves=31
num_cat=0
split_feature=87 69 59 18 92 87 97 24 18 24 87 26 87 92 97 92 24 87 92 44 63 59 43 92 88 97 74 98 24 24
split_gain=943.028 480.061 492.164 370.939 331.739 504.91 610.408 421.968 1002.5 1255.25 419.808 450.944 363.712 520.802 640.946 458.464 909.1 303.933 313.556 289.259 309.417 288.017 294.192 274.644 305.376 355.436 364.419 340.632 269.453 265.928
threshold=1.9999099969863894 0.32259589433670049 0.4255319088697434 29.500000000000004 1.071426570415497 0.99999535083770763 1.0812362432479861 4.5000000000000009 3.5000000000000004 3.5000000000000004 0.79999899864196788 24.500000000000004 1.0444650053977969 1.3999965190887453 1.5833273530006411 1.3999965190887453 16.500000000000004 1.1249968409538271 1.1538438200950625 1.4999997019767763 0.26768259704113012 0.99999997019767772 0.66666659712791454 0.62499824166297924 0.44444221258163458 1.4318137764930727 -0.21390835195779798 1.5382492542266848 47.500000000000007 15.500000000000002
decision_type=2 2 2 2 2 2 2 2 2 2 2 2 2 2 2 2 2 2 2 2 2 2 2 2 2 2 2 2 2 2
left_child=1 4 3 -3 5 23 -7 8 9 -6 11 -9 15 14 -14 -12 -17 18 -16 20 -4 22 -22 29 -25 27 28 -26 -27 -1
right_child=-2 2 19 -5 7 6 -8 10 -10 -11 12 -13 13 -15 17 16 -18 -19 -20 -21 21 -23 -24 24 25 26 -28 -29 -30 -31
leaf_value=-7.8016321714281578e-05 -0.029771342537919576 0.0014311363100599937 -0.0010932516830951177 0.0051177930114637768 -0.033647699478491326 -0.0015008743294560485 -0.0076393202562895553 -0.037191706211445921 -0.042743761778783834 0.012405990853672453 0.0037644496519865563 0.0029674992628865421 -0.00046023093277102969 0.0018873964477244512 -0.016712980676499796 -0.047433158837714345 0.0066228755588198431 -0.01173353055255422 0.00065115529253484069 0.0030841901526945932 0.0028807836157666721 -0.0050637166370925742 -0.0023473367524967413 0.00389989893227518 1.8353313207656061e-05 -0.0054279726613884298 -0.0017477469313906778 0.0064051554796465821 -0.020328353619523801 -0.0038916934821395942
leaf_weight=30775.577251881361 933.93921178439632 87932.410563434009 137198.58987415535 34077.917652254924 746.05086583830416 45449.253785261884 21454.905810117722 527.57993063237518 661.47339158691466 1728.5332018882036 38523.383655821905 460.55181726440787 83774.130737990141 75772.910809007473 1132.8633485585451 452.27035754360259 677.57748567871749 7167.4156733304262 4967.1758617386222 26138.988107107114 52903.590621091425 5763.2778043667786 11841.169904584065 17681.396466512233 101315.0828223452 3042.4985943902284 23783.614432845265 8097.7404474020004 1703.4143789932132 35348.286289952695
leaf_count=77415 94368 194775 313208 62519 37652 95246 64896 3258 6137 4181 80279 1611 158205 174229 5746 3416 1959 27086 14204 53251 107772 13771 26024 42864 197302 10157 82305 15648 8836 82324
internal_value=4.00877e-05 7.31115e-05 0.000917109 0.0024615 -0.00052135 -0.00118721 -0.00347105 0.000366065 -0.0105234 -0.00163697 0.000527022 -0.0187866 0.000618604 2.39102e-05 -0.00143124 0.00320905 -0.0154641 -0.00755255 -0.00261769 0.000111172 -0.000263231 0.00135172 0.00192418 -0.000497892 0.000190363 -0.00028562 -0.00326661 0.00049213 -0.0108389 -0.00211728
internal_weight=862034 861100 355856 122010 505244 288652 66904.2 216592 3136.06 2474.58 213456 988.132 212468 172814 97041.6 39653.2 1129.85 13267.5 6100.04 233846 207707 70508 64744.8 221748 155624 137942 28529.5 109413 4745.91 66123.9
internal_count=2060644 1966276 771320 257294 1194956 676993 160142 517963 47970 41833 469993 4869 465124 379470 205241 85654 5375 47036 19950 514026 460775 147567 133796 516851 357112 314248 101298 212950 18993 159739
is_linear=0
shrinkage=0.03


Tree=150
num_leaves=31
num_cat=0
split_feature=87 40 100 74 92 87 92 87 92 87 97 24 92 24 97 93 18 32 92 87 24 88 24 87 87 97 87 92 87 24
split_gain=912.099 444.312 418.432 398.35 360.384 1202.84 833.606 829.849 803.741 574.546 635.663 554.345 461.001 1163.22 601.77 480.145 479.827 414.44 377.689 851.077 688.422 541.994 463.13 298.117 295.094 517.148 282.66 280.812 1091.61 278.259
threshold=1.9999099969863894 201.50000000000003 -1.1382564306259153 -3.3523994684219356 0.86841949820518505 0.66666367650032055 0.93103229999542247 0.92637640237808239 1.2499961256980898 0.83333018422126781 1.0812362432479861 13.500000000000002 1.0292097330093386 3.5000000000000004 1.1320725679397585 0.59999188780784618 45.500000000000007 323.50000000000006 0.69230568408966076 0.55363833904266369 11.500000000000002 0.39999639987945562 26.500000000000004 0.66665667295455944 0.70588049292564403 1.6199955940246584 0.99999535083770763 2.2499620914459233 1.5999855995178225 11.500000000000002
decision_type=2 10 2 2 2 2 2 2 2 2 2 2 2 2 2 2 2 2 2 2 2 2 2 2 2 2 2 2 2 2
left_child=1 2 -1 -4 9 6 -6 8 -7 18 -11 -10 14 -14 -9 -16 27 26 22 20 -20 -21 23 -5 -23 -26 -17 -15 -29 -30
right_child=-2 -3 3 4 5 7 -8 12 11 10 -12 -13 13 16 15 17 -18 -19 19 21 -22 24 -24 -25 25 -27 -28 28 29 -31
leaf_value=0.0015192495421264636 -0.029739360923952997 0.0066205457061339519 -0.0028694281038585921 0.0011007074082228898 0.00044873436278388231 0.0039459843741197305 -0.042624774399611577 -8.6796293123296428e-05 -0.04751528309002593 -0.0016847278610725269 -0.0086405513175963206 -0.0040577725422029642 -0.032468520485081379 0.00032978647330652976 0.0039988667604433509 -0.0014080098776455767 0.0046189665782407794 -0.013599355326725645 -0.046890373898193047 0.0099133509172808845 0.0037282638983958051 0.0053462323063903656 -0.0047498176638192677 -0.0035759229686564893 0.0011150631761891114 -0.010935790186046256 -0.0084718672138069159 -0.03859458835568802 -0.010412477755940701 0.0046271594882395161
leaf_weight=134164.05767549342 905.88121945643798 9150.7980329184793 50683.58275417611 52654.263703104109 682.62412517890334 65962.478790496476 970.5670083835721 51015.14739366807 430.10702606290579 40449.811726817861 16696.377642385662 649.61404556594789 944.03652124805376 286171.46515135281 4220.9260070547462 10655.359567537904 23915.718961495906 6288.3576377183199 552.41442868858576 7595.6368746198714 413.90636353753507 10961.938922729343 25094.2638082169 15972.256011784077 24760.232049681246 3661.0774123594165 9772.5950782969594 793.33987176138908 1739.4317697696388 2967.1490993555635
leaf_count=238173 94322 12168 118519 130184 2043 144268 8363 98713 3115 92116 52862 2250 49578 633861 12492 31102 44345 20838 4084 16418 1218 25871 60216 38991 50550 14641 33103 6774 8753 9669
internal_value=2.04986e-05 5.25374e-05 -1.82557e-05 -0.000306116 -0.000110962 0.000344291 -0.0250464 0.000435531 0.00352302 -0.00118066 -0.00371932 -0.0219184 -8.40694e-05 0.000435162 -0.00208915 -0.00538883 0.00053564 -0.00687388 -0.000156224 0.00200899 -0.0255728 0.00258697 -0.00126408 1.15356e-05 0.00116965 -0.00044386 -0.00479229 0.000200532 -0.00650164 -0.000951645
internal_weight=860895 859990 850839 716675 665991 467179 1653.19 465526 67042.2 198812 57146.2 1079.72 398484 316531 81952.4 30937.2 315587 26716.3 141666 47945.2 966.321 46978.9 93720.8 68626.5 39383.2 28421.3 20428 291671 5499.92 4706.58
internal_count=2059600 1965278 1953110 1714937 1596418 1109267 10406 1098861 149633 487151 144978 5365 949228 752980 196248 97535 703402 85043 342173 112782 5302 107480 229391 169175 91062 65191 64205 659057 25196 18422
is_linear=0
shrinkage=0.03


Tree=151
num_leaves=31
num_cat=0
split_feature=87 40 69 54 68 44 38 55 92 59 69 15 33 30 48 79 54 27 8 100 37 53 25 17 65 12 79 93 92 83
split_gain=879.53 339.882 337.334 440.893 506.625 311.138 284.557 284.523 284.351 364.195 366.422 278.221 275.728 253.293 319.286 253.185 252.591 249.172 229.375 235.819 223.977 214.242 202.459 228.082 201.256 225.561 209.275 199.633 323.892 192.529
threshold=1.9999099969863894 201.50000000000003 0.2629514634609223 0.35388937592506414 0.26386627554893499 0.4999998956918717 47.500000000000007 0.24568962305784228 0.83027687668800365 0.24999997764825824 0.096169792115688338 15.500000000000002 1.0000000180025095e-35 53.500000000000007 0.41666664183139807 -4.9952321052551261 0.12499998882412912 3.5000000000000004 27.500000000000004 -0.22043351829051969 58.500000000000007 0.4705882221460343 13.500000000000002 274.18449401855474 0.16666664928197863 4.5000000000000009 -3.3263493776321407 0.56470546126365673 0.72413626313209545 0.74999916553497326
decision_type=2 10 2 2 2 2 10 2 2 2 2 2 2 2 2 2 2 2 2 2 8 2 2 2 2 2 2 2 2 2
left_child=1 2 6 18 5 7 8 27 24 10 20 -11 -8 15 -15 21 -12 -14 -4 -20 -10 -6 -17 -24 26 -26 -1 28 -5 -29
right_child=-2 -3 3 4 13 -7 12 -9 9 11 16 -13 17 14 -16 22 -18 -19 19 -21 -22 -23 23 -25 25 -27 -28 29 -30 -31
leaf_value=-0.0089582762728719761 -0.0297104002948546 0.0057617257282452728 0.001229432292158783 -0.0030785375027258931 -0.015299672289908993 5.6209900043260878e-05 0.0098662560984998041 -0.0064885686266438029 -0.001950748112312611 -0.0018048326828076252 0.002489119152753069 -0.0076477678860010735 -0.00020543536415291655 0.0053092527301129523 0.00039934495285017863 0.0011159005541707401 -0.00010467654275319762 0.004930268567231934 0.0033467087296505139 0.01288742384038009 0.011801160388544573 -0.0022430157648629244 -0.022219935570345028 0.00053255688400467307 0.0032619436649245627 -0.0026349816336030873 -0.0028704357036529109 -0.0048038431884018648 0.0055588287250902188 -0.001237725149506777
leaf_weight=5562.2397355418652 879.68316094158217 8994.797590084374 138234.63748698495 7760.9856431428343 1596.9949580146931 85886.346636124887 3108.5186032913625 13494.317838123068 74302.375304249581 34969.745419315062 52400.308349120431 9268.2963553247973 47151.07656118134 25671.877886533737 22243.65924282372 42533.446416967548 95071.087580434047 10352.47774475161 23394.904820129275 2574.5045480206609 1061.7509445841424 3793.0704933879897 703.6359996907413 875.200992686674 9977.5170735269785 14011.294156411663 57480.919917961583 21626.336340254638 7830.3619744218886 36825.935432160273
leaf_count=14778 94109 12218 308029 18691 4753 182717 5120 32475 208220 80411 110580 20808 119271 43205 41169 98617 212872 21644 41860 5679 10146 9505 2368 2364 21612 30440 148306 56607 17269 83791
internal_value=-6.38361e-05 -3.27759e-05 -9.42452e-05 0.000489338 -0.000254297 -0.00122671 -0.000706429 -0.00248515 -0.00103155 -0.000546165 -5.24633e-05 -0.00303189 0.00119269 0.0014767 0.00303106 -2.8457e-05 0.000817177 0.000720548 0.00171579 0.00430173 -0.00175393 -0.00615376 0.000722442 -0.00975859 -0.00252057 -0.000181636 -0.00341023 -0.00175398 0.00126093 -0.00255832
internal_weight=859638 858759 849764 435046 270842 173424 414718 87537.9 354106 267074 222836 44238 60612.1 97417.9 47915.5 49502.3 147471 57503.6 164204 25969.4 75364.1 5390.07 44112.3 1578.84 87032 23988.8 63043.2 74043.6 15591.3 58452.3
internal_count=2059634 1965525 1953307 949099 593531 391550 1004208 208833 858173 643037 541818 101219 146035 201981 84374 117607 323452 140915 355568 47539 218366 14258 103349 4732 215136 52052 163084 176358 35960 140398
is_linear=0
shrinkage=0.03


Tree=152
num_leaves=31
num_cat=0
split_feature=87 97 97 92 87 92 97 87 92 92 97 87 32 87 97 92 24 87 92 92 87 87 92 87 92 87 97 92 18 97
split_gain=864.426 439.446 612.663 433.894 690.501 745.157 842.296 554.944 553.276 513.213 688.854 510.698 464.024 427.154 620.733 443.753 374.29 1640.37 2284.53 352.92 436.62 347.358 334.518 709.413 1345.41 562.177 322.75 320.022 318.272 280.953
threshold=1.9999099969863894 1.8749922513961794 2.9998425245285039 0.69230568408966076 0.86956349015235912 0.97674265503883373 1.0975589752197268 0.9999774992465974 1.1379284262657168 1.2301363945007326 1.2352842688560488 1.1249968409538271 323.50000000000006 0.66665667295455944 0.93333053588867199 0.59999188780784618 5.5000000000000009 1.3133904933929446 1.9285621643066408 0.86841949820518505 0.95346185564994823 1.199993968009949 0.83027687668800365 0.66666367650032055 0.93103229999542247 0.70588049292564403 1.0645115375518801 1.0909023880958559 37.500000000000007 1.5449989438056948
decision_type=2 2 2 2 2 2 2 2 2 2 2 2 2 2 2 2 2 2 2 2 2 2 2 2 2 2 2 2 2 2
left_child=1 3 -3 13 8 6 -6 -7 22 10 21 12 -12 15 -15 -1 17 -11 -19 -8 -21 -9 25 24 -24 -5 -23 -14 -18 -27
right_child=-2 2 -4 4 5 7 19 9 -10 16 11 -13 27 14 -16 -17 28 18 -20 20 -22 26 23 -25 -26 29 -28 -29 -30 -31
leaf_value=-0.00066895752378258292 -0.029681503946460911 -0.0018150391812527301 -0.029774913905582723 0.0069493639430028 -9.9838058395363552e-05 0.0038098145252387669 -0.0098300916481363892 0.001313927602417834 -0.018351897081986868 -0.049579238815848539 -0.00021179531372293901 -0.0085352599031137937 -0.015434061356858346 -0.00086215164553223793 -0.0073557068758432756 0.0059025916352024267 0.0014452842380164592 0.010891216563435278 -0.040757567765605185 -0.00038483847890133989 -0.0076053717173015963 -0.00091896993972509554 0.0038923825906999887 0.0058352655737843066 -0.046319035399323055 0.00062150472255609172 -0.0090190126587542142 -0.0027094217187938604 0.0062928501688977023 -0.0081695737525588931
leaf_weight=67590.188970498741 857.05841022636741 73989.837399856187 692.23211537115276 13284.247283607721 88021.569659149274 49825.956039186567 11186.975532658398 102359.53446640074 1072.3466365560889 665.61813730746508 30873.850411988795 13845.943970017135 3340.5577096045017 37299.792394502088 20532.883443340659 10693.462224192917 162920.70454587042 3681.6182676386088 953.45476314192638 16931.770852789283 13567.375912897289 26323.008631387725 1570.6285421848297 44217.961572989821 670.11846099793911 39471.435955964029 5303.8992446213961 3801.4771749079227 13158.632584683597 3547.3985806107521
leaf_count=153748 94503 274122 37318 27072 167436 94919 36829 172402 3063 3381 78268 44676 12711 80578 55462 21625 307285 17290 16774 41734 42669 54714 3317 82402 3866 78642 12267 8454 19883 13746
internal_value=8.65162e-05 0.000116823 -0.0020821 0.000325613 0.000647875 0.000221921 -0.00176382 0.000839559 0.00289036 0.000436366 -0.000671546 -0.00360654 -0.00180788 -0.00121457 -0.00316937 0.000229987 0.00157152 -0.00626854 0.000137372 -0.00527564 -0.00359973 0.000464862 0.00311555 0.00499941 -0.0114008 0.00155986 -0.00228221 -0.00868762 0.00180822 -0.00010688
internal_weight=862252 861394 74682.1 786712 650596 546762 129708 417054 103834 367228 185848 51861.8 38015.9 136116 57832.7 78283.7 181380 5300.69 4635.07 41686.1 30499.1 133986 102762 46458.7 2240.75 56303.1 31626.9 7142.03 176079 43018.8
internal_count=2061156 1966653 311440 1655213 1343800 1131692 288668 843024 212108 748105 383492 144109 99433 311413 136040 175373 364613 37445 34064 121232 84403 239383 209045 89585 7183 119460 66981 21165 327168 92388
is_linear=0
shrinkage=0.03


Tree=153
num_leaves=31
num_cat=0
split_feature=92 46 39 79 43 65 39 38 69 54 69 83 95 92 97 87 6 98 46 92 32 33 66 41 12 97 28 41 41 63
split_gain=672.984 380.167 1389.75 425.434 421.179 362.426 298.975 273.395 323.967 316.061 302.295 263.852 260.085 252.562 509.928 379.331 367.132 276.706 245.361 243.273 225.1 218.937 232.949 214.33 205.428 231.351 204.973 194.601 300.551 194.021
threshold=2.5714037418365483 8.3771190643310565 12.500000000000002 -0.64737752079963673 0.83333322405815136 0.14048793911933902 192.50000000000003 173.50000000000003 0.080010063946247115 0.23095065355300906 0.28262665867805487 0.80357018113136303 -1.0397207736968992 1.0434752106666567 1.3499949574470522 1.1111055016517641 10.500000000000002 1.5762676000595095 38.38115310668946 1.2499961256980898 1.0000000180025095e-35 21.500000000000004 18.797018051147464 7.8375518321990976 11.500000000000002 2.2499577999114995 13.500000000000002 7.4030003547668466 3.9322738647460942 0.41666664183139807
decision_type=2 2 8 2 2 2 10 10 2 2 2 2 2 2 2 2 2 2 2 2 2 2 2 2 2 2 2 2 2 2
left_child=1 2 23 5 29 27 7 8 20 21 -11 12 -12 14 17 19 -16 18 -7 -15 -4 -10 -23 -1 -2 -26 -21 28 -3 -5
right_child=24 3 6 4 -6 13 -8 -9 9 10 11 -13 -14 15 16 -17 -18 -19 -20 26 -22 22 -24 -25 25 -27 -28 -29 -30 -31
leaf_value=0.0059781604887419321 -0.033395420611646368 -0.0031250742340186242 0.011703862768144557 0.0012554802220259111 -0.0018964832802688934 -0.002596245989294063 0.0059643686276502897 0.0088423709044098495 0.00030960902811043094 -0.0026608521399061414 0.0015134913630514481 0.0013622179332028069 -0.0023845039127035968 0.0015142654125635724 -0.0059880710417827398 -0.0013996146017221773 -0.022514024796345674 0.0083458419107485301 0.0019409393420170378 0.0025571547431804628 -0.0019671336780614349 0.0044014698351127011 0.0010322738081942871 -0.00039015383497187502 0.012252282001419749 -0.027836090892955752 0.013790232650712825 -0.0066829463700086422 0.010271353192480284 0.0049498346627604986
leaf_weight=44504.410029920749 662.61631389567629 37137.076626231894 1078.5681990548037 45623.199243816547 32746.554641160183 44571.307259992696 7542.3999027237296 3074.70612613298 132358.0597524289 48993.300250370521 22089.043674655259 71394.553389011882 50809.774968148675 30772.110313536599 9664.9108013678342 52147.978328783996 1368.7904564365745 2663.8981657428667 14108.624286000617 2936.2916428353637 83548.965696750674 29729.989012574311 48753.366201273166 5322.605640554335 249.29053545743227 232.15306050796062 2913.9915075823665 14264.189507802017 1551.7740292549133 17772.278063145932
leaf_count=82145 72980 86114 4075 93331 75367 84480 10405 5280 345916 124715 45800 159757 130616 60159 34903 110462 7755 4574 25215 6562 245749 58014 94719 10604 1300 5924 4485 33270 2594 33527
internal_value=1.64181e-05 4.72916e-05 0.000521512 -0.000792166 0.000865536 -0.00153657 4.4725e-05 -4.62938e-05 -0.000102571 0.000250897 -0.000625312 6.61078e-05 -0.00120328 -0.000828804 -0.00214384 0.000243635 -0.00807523 -0.0010747 -0.00150506 0.00258301 -0.00179017 0.00105414 0.00230934 0.005298 -0.0227787 -0.00741765 0.00818021 -0.00368933 -0.00258273 0.00229239
internal_weight=860587 859443 549200 310243 96142 214101 499373 491830 488756 404128 193287 144293 72898.8 161148 72377.5 88770.4 11033.7 61343.8 58679.9 36622.4 84627.5 210841 78483.4 49827 1144.06 481.444 5850.28 52953 38688.9 63395.5
internal_count=2060797 1980593 1317795 662798 202225 460573 1225046 1214641 1209361 959537 460888 336173 176416 338595 156927 181668 42658 114269 109695 71206 249824 498649 152733 92749 80204 7224 11047 121978 88708 126858
is_linear=0
shrinkage=0.03


Tree=154
num_leaves=31
num_cat=0
split_feature=24 87 87 40 39 38 69 93 90 100 59 69 29 66 56 39 28 27 98 30 24 30 24 30 12 32 74 10 98 97
split_gain=519.306 792.649 1062.06 507.499 366.974 465.938 457.159 307.07 302.188 259.705 231.376 323.377 211.351 208.188 207.39 215.05 246.057 214.551 260.63 366.489 429.881 292.145 321.177 285.527 255.05 231.983 217.412 207.17 217.521 202.719
threshold=3.5000000000000004 1.3133904933929446 0.98076099157333385 125.50000000000001 154.50000000000003 173.50000000000003 0.18813606351614001 2.1666585206985478 -0.70199698209762562 -1.1693210601806638 0.15384615212678912 0.071428570896387114 176.72525024414065 68.234531402587905 16.808980941772464 70.500000000000014 75.500000000000014 12.500000000000002 0.96428108215332042 105.50000000000001 61.500000000000007 65.500000000000014 30.500000000000004 49.500000000000007 13.500000000000002 282.50000000000006 -0.52952411770820607 6.5000000000000009 1.9545414447784426 0.57692191004753124
decision_type=2 2 2 10 10 10 2 2 2 2 2 2 2 2 2 8 2 2 2 2 2 2 2 2 2 2 2 2 2 2
left_child=1 2 -1 4 5 6 10 -5 13 -10 11 12 -2 -8 15 16 -11 -16 26 20 21 22 24 -24 -20 -21 -19 28 -23 -6
right_child=3 -3 -4 7 29 -7 8 -9 9 14 -12 -13 -14 -15 17 -17 -18 18 19 25 -22 27 23 -25 -26 -27 -28 -29 -30 -31
leaf_value=-0.03934622312571457 -0.0017365479489144656 -0.032593548192490385 0.002898831375468351 0.00335382327515588 -0.0060356485355152452 0.014272713845344355 0.0021734128165835837 -0.0068118834866112742 0.0014657828877367761 0.0013447954551253493 -0.0028463697349281458 0.00020523007127753155 -0.0066899584919250703 -0.0029343767895207216 0.00079502024480338179 -0.0010128141367306115 -0.012714103537020153 -0.0072040111704075429 -0.0018443893858436236 0.008692952526976756 -0.011182528485251133 0.0013364706701161837 -0.010028311072317334 -0.003008210880919899 0.0057113148390824688 0.00093567053498730206 -0.0021667942305961321 -0.0047321688100220929 0.014322768514876684 0.0055238864395217736
leaf_weight=611.83119216561317 72355.258827185724 1045.9585821102373 3502.5878950050101 50761.068429582287 1497.742679593619 1953.3906788933091 85186.184774992988 2804.6443755808286 74410.191191942897 97076.710034935735 68011.979028819595 115230.04468624759 8667.6994232013822 7825.6080128513277 39254.9520365512 67892.797870008741 1113.631278952118 12301.142947229557 28121.892386217602 4409.0182278901339 4193.5077136456966 26297.052825126797 7838.4769977126271 15581.099545173347 4671.3901018248871 16045.475726157427 20685.266715273727 4972.1166837327182 1194.8840532004833 13873.59620855283
leaf_count=5890 211596 75110 18575 86276 3506 2638 170319 8148 134757 217267 166664 273696 21183 17586 100883 197716 2717 25319 69525 6314 16921 48559 27732 40299 10543 26996 40251 9962 2208 21371
internal_value=-6.4705e-05 -0.00953447 -0.00354313 -7.27635e-06 -0.000196439 -0.000286347 -0.000323017 0.00281921 0.000194104 -0.000144124 -0.00133869 -0.000815959 -0.00226798 0.00174313 -0.00048485 0.000285239 0.00118279 -0.00117404 -0.00170237 -0.00101888 -0.00181954 -0.00137435 -0.00268258 -0.00536437 -0.000765257 0.00261463 -0.00404848 0.000891174 0.0019109 0.00439118
internal_weight=859387 5160.38 4114.42 854227 800661 785290 783336 53565.7 519071 426060 264265 196253 81023 93011.8 351649 166083 98190.3 185566 146311 113325 92870.4 88676.9 56212.9 23419.6 32793.3 20454.5 32986.4 32464.1 27491.9 15371.3
internal_count=2060527 99575 24465 1960952 1866528 1841651 1839013 94424 1165874 977969 673139 506475 232779 187905 843212 417700 219984 425512 324629 259059 225749 208828 148099 68031 80068 33310 65570 60729 50767 24877
is_linear=0
shrinkage=0.03


Tree=155
num_leaves=31
num_cat=0
split_feature=92 92 87 87 92 24 87 97 92 87 97 92 87 93 97 92 46 98 87 30 18 32 97 92 24 18 24 24 21 24
split_gain=568.271 433.772 2140.84 883.448 538.371 727.246 433.535 900.267 748.268 538.885 391.576 414.628 400.43 339.601 338.596 699.682 543.959 454.549 422.143 407.622 399.926 384.825 435.528 398.647 366.359 445.058 508.393 371.768 329.321 326.481
threshold=2.5714037418365483 0.93103229999542247 0.66666367650032055 0.94117397069931041 1.2499961256980898 15.500000000000002 0.76190313696861278 1.0975589752197268 0.62499824166297924 0.99999713897705089 1.6199955940246584 0.72413626313209545 0.85713735222816478 0.39999930560588842 1.2352842688560488 1.1538438200950625 7.9127395153045663 1.1320738792419436 1.1111055016517641 139.50000000000003 38.500000000000007 378.50000000000006 1.7906786799430849 1.071426570415497 4.5000000000000009 3.5000000000000004 3.5000000000000004 43.500000000000007 18.500000000000004 15.500000000000002
decision_type=2 2 2 2 2 2 2 2 2 2 2 2 2 2 2 2 2 2 2 2 2 2 2 2 2 2 2 2 2 2
left_child=1 6 -3 4 -4 -6 8 -8 29 10 11 -9 -13 -12 17 16 -16 28 21 -19 24 22 -18 -23 25 26 -17 -26 -5 -1
right_child=-2 2 3 14 5 -7 7 9 -10 -11 13 12 -14 -15 15 20 18 19 -20 -21 -22 23 -24 -25 27 -27 -28 -29 -30 -31
leaf_value=0.00077397450151658333 -0.021179419953138944 -0.043253597558240507 0.0044681802643349398 0.00097177478372011236 -0.035905307626798541 0.0028207017722702466 -0.00037191216102893125 -0.011251204380005091 0.0030817657013215618 -0.015686286587139893 0.0071884023659581284 0.0013724163917351625 -0.0046896009502555075 -0.012420243749646582 -0.00085634801295151979 -0.031785731213934021 -0.0012383944248736442 0.0020223403390119792 -0.01698310084752374 0.0090624719571787016 0.0048668351519729628 -0.019469155577869948 -0.015317679043052694 -0.002051860552315442 0.00040742569251915226 -0.036788897287847379 0.0081674278967159234 -0.0056101518149027094 -0.0017265138955069638 -0.0028408831412259014
leaf_weight=38944.321072963998 1119.432176922448 982.48974080290645 60531.287734816782 117833.71240345202 686.36133232712746 1135.1913505066186 119332.10889608413 4935.3400079607964 56092.801105523482 3907.9216832444072 880.9545535966754 17372.616922557354 22477.75447499007 7148.6518144607544 28348.011143058538 392.88146991701797 14234.197836399078 76859.254350128584 3255.6280319616199 8173.9913240820169 15497.698493560776 3031.6818697527051 2277.3015201017261 1939.5212397798896 126176.07224920858 507.62609374336898 919.70795457158238 9949.9640325009823 62169.953593604267 53166.53788328357
leaf_count=96287 80061 8683 127427 246834 4091 3130 242231 15478 128450 14332 3150 37585 60399 32218 85289 16418 38128 139454 12976 10508 30907 13124 12466 5014 331211 6833 5769 24495 107373 120979
internal_value=-7.17562e-06 2.09028e-05 0.000545732 0.000627946 0.00398331 -0.0120027 -0.000844843 -0.00185121 0.000350735 -0.00496206 -0.00416292 -0.00306633 -0.00204752 -0.0102564 0.000184134 -0.000726477 -0.00369446 0.00089373 -0.00694337 0.00270106 0.00030069 -0.00540751 -0.00319642 -0.0127092 -0.000212929 -0.013509 -0.00408884 -3.31812e-05 3.97473e-05 -0.00131269
internal_weight=860281 859162 534903 533920 62352.8 1821.55 324259 176055 148204 56723.2 52815.3 44785.7 39850.4 8029.61 471567 206530 53086.3 265037 24738.3 85033.2 153444 21482.7 16511.5 4971.2 137946 1820.22 1312.59 136126 180004 92110.9
internal_count=2061300 1981239 1230130 1221447 134648 7221 751109 405393 345716 163162 148830 113462 97984 35368 1086799 582630 166997 504169 81708 149962 415633 68732 50594 18138 384726 29020 22187 355706 354207 217266
is_linear=0
shrinkage=0.03


Tree=156
num_leaves=31
num_cat=0
split_feature=92 83 48 90 44 46 39 63 39 18 92 24 43 46 68 37 30 87 18 38 24 92 65 79 54 92 87 92 92 87
split_gain=597.082 392.734 341.766 322.829 338.323 411.41 619.172 354.706 313.523 309.551 322.217 274.722 269.461 265.474 343.319 259.497 269.699 263.201 241.062 218.264 217.083 207.448 218.078 429.628 210.469 204.032 306.686 198.689 197.924 1041.39
threshold=2.5714037418365483 1.105989992618561 0.4999998956918717 -0.78628814220428456 1.9999985098838808 8.3771190643310565 12.500000000000002 0.39999996125698095 47.500000000000007 42.500000000000007 1.2857018709182741 14.500000000000002 0.07692307606339456 9.2279305458068865 0.53869181871414196 130.50000000000003 18.500000000000004 1.7999919056892397 29.500000000000004 114.50000000000001 61.500000000000007 1.5789417624473574 0.11111110076308252 -2.9194185733795162 0.13333333283662799 0.97674265503883373 0.95346185564994823 1.071426570415497 1.9285621643066408 1.4999831318855288
decision_type=2 2 2 2 2 2 8 2 8 2 2 2 2 2 2 8 2 2 2 10 2 2 2 2 2 2 2 2 2 2
left_child=1 3 9 8 5 6 -5 25 18 20 -11 -2 -6 -4 -15 16 17 28 -1 21 -3 22 23 -18 -23 -7 -27 -20 -8 -30
right_child=11 2 13 4 12 7 15 -9 -10 10 -12 -13 -14 14 -16 -17 19 -19 27 -21 -22 24 -24 -25 -26 26 -28 -29 29 -31
leaf_value=-0.00086850299812092743 -0.032158439378199358 0.0011064668474595649 0.0032686952272816473 0.0046125663431053369 0.0003789029788598838 -0.0067277924901017932 -0.0019680866243066853 -0.00069143437100811051 0.0087326993634974787 0.0036219798210541305 0.017635359062223306 -0.00062462252450896699 0.0095628685816059288 -0.0042679128498221853 0.00019270798292280388 0.010293396682802635 -0.0053259504839356679 -0.022456443395214926 0.001232337524690075 0.0059593326361421029 -0.0059385343968584581 0.0071968918917280182 0.00086787184101910341 -0.00065392456514897532 0.0001488366466273679 0.0055655388469806055 -0.0035836053758247664 0.0063514628421836245 -0.036541557820545946 0.00086015993471443822
leaf_weight=36872.149329809472 736.59634709730744 250288.04199886927 11211.491913596634 21144.105147828814 6910.1129112564959 17070.260243366472 53085.656629826874 58340.091668221634 4789.2503450652584 22831.267646789551 1561.1599072497338 371.55967694707215 4906.302605045028 27342.921389354859 35904.302220277954 1894.1181280906312 20864.954592963681 576.32584513816983 25249.680997574702 4874.297205443494 3979.7762053459883 6102.9877347070724 55260.191025420092 116738.92922904436 10110.807588293217 3541.67081528157 44797.052336682566 9337.9534410946071 906.35839156620204 2417.8180150426924
leaf_count=79772 75383 575697 22454 39868 15428 41719 172398 123823 8684 42784 2147 4425 8746 62488 78713 6433 49961 29001 52320 8698 8886 12497 113400 260169 22563 7255 98261 16513 9527 9695
internal_value=2.68387e-05 5.54851e-05 0.000823213 -0.000480517 -0.00079985 -0.000941531 -0.000330632 -0.00239249 0.00131815 0.00130564 0.00453257 -0.0217838 0.0042019 -0.000982124 -0.00173644 -0.000714032 -0.000791739 -0.00262536 0.000818924 -0.000303154 0.000995741 -0.00044971 -0.00072379 -0.00136302 0.00280737 -0.00390903 -0.00291124 0.00261727 -0.00241486 -0.00949521
internal_weight=860018 858910 353119 505791 429542 417726 293977 123749 76249 278660 24392.4 1108.16 11816.4 74458.7 63247.2 272832 270938 56986.2 71459.8 213952 254268 209078 192864 137604 16213.8 65409 48338.7 34587.6 56409.8 3324.18
internal_count=2059708 1979900 793169 1186731 1029442 1005268 734210 271058 157289 629514 44931 79808 24174 163655 141201 694342 687909 220621 148605 467288 584583 458590 423530 310130 35060 147235 105516 68833 191620 19222
is_linear=0
shrinkage=0.03


Tree=157
num_leaves=31
num_cat=0
split_feature=24 18 24 40 78 98 30 24 30 24 32 18 98 64 18 24 30 18 24 30 30 18 38 32 55 40 75 18 86 15
split_gain=407.094 1274.93 747.589 376.455 343.916 284.581 296.715 334.996 273.413 917.031 631.73 609.609 538.785 431.28 353.174 290.501 687.381 606.443 377.74 995.958 546.517 392.092 341.032 330.557 322.758 295.658 289.093 272.576 266.909 257.34
threshold=3.5000000000000004 2.5000000000000004 2.5000000000000004 201.50000000000003 1.6666646003723147 0.86234769225120556 67.500000000000014 39.500000000000007 75.500000000000014 45.500000000000007 171.50000000000003 35.500000000000007 1.0056811571121218 0.30306154489517217 46.500000000000007 36.500000000000007 49.500000000000007 24.500000000000004 26.500000000000004 49.500000000000007 27.500000000000004 21.500000000000004 43.500000000000007 99.500000000000014 0.74999985098838817 112.50000000000001 -0.42872510850429529 28.500000000000004 1.2405490279197695 39.500000000000007
decision_type=2 2 2 10 2 2 2 2 2 2 2 2 2 2 2 2 2 2 2 2 2 2 10 2 2 8 2 2 2 2
left_child=1 2 -1 4 8 -6 7 -7 9 11 -10 15 29 -11 -15 17 -17 18 20 25 22 -22 24 -18 -2 26 -20 -25 -14 -12
right_child=3 -3 -4 -5 5 6 -8 -9 10 13 12 -13 28 14 -16 16 23 -19 19 -21 21 -23 -24 27 -26 -27 -28 -29 -30 -31
leaf_value=-0.031252572731356551 -0.0024542399301490923 -0.037438510807501789 0.0047123523072651078 0.0062409460837776808 -0.0006340798331645486 0.0015340581115816188 0.004462171564272744 -0.0061539586409789975 0.0045483872636836557 -0.011073562536763766 -0.0014037446402472885 0.01373234482301345 0.002443456957571164 -0.0040113531044170935 0.017610061532100034 -0.011313423361571134 0.0047463849919168232 0.0043737660786909603 -0.0147164109592232 0.00030597653448534857 0.0010078133687062892 0.011450239969884429 0.0011077178621184112 -0.0048655217811891995 0.007635540656650671 0.0013122743200935756 -0.0063986120955298103 0.00088145543837682308 -0.00080309621182616197 -0.0068855619217075515
leaf_weight=592.27690172661096 108347.10398375476 1057.7077469504438 3438.2415165584534 8701.3172830808908 56222.975017431658 87623.219672051724 31324.145107761025 5396.660186400637 30531.027314512059 10681.688406256959 67094.937294315547 2690.2127883806825 65585.908184302971 9930.2688103411347 710.11498684622347 7188.9615143612027 6858.6904922127724 23681.044539328665 4565.6311071589589 45702.463851334527 137515.78921194607 3294.4271479239687 37834.867427246179 18241.310327805579 2911.5147695252672 3586.5611287392676 21448.378722804599 12511.105940721929 34910.262710224837 8690.6954466179013
leaf_count=58785 363065 21537 19224 11789 116117 223101 53047 17754 51750 42307 121055 5522 120886 33940 2073 28190 13861 49960 14279 83659 269435 5781 103864 40591 7341 9222 60472 26051 68244 16513
internal_value=-1.05103e-05 -0.00845431 -0.000700843 4.00085e-05 -2.39852e-05 0.00113694 0.00193769 0.0010868 -0.000339466 -0.000748507 0.000565773 -0.000451524 -0.000124431 -0.00682045 -0.00253806 -0.000540137 -0.00282718 -0.000276537 -0.000578299 -0.00247108 -8.65099e-05 0.00125372 -0.00135228 -0.00119997 -0.00218888 -0.00675608 -0.00786862 -0.00252841 0.00131574 -0.00203402
internal_weight=858870 5088.23 4030.52 853781 845080 180567 124344 93019.9 664513 457700 206813 436378 176282 21322.1 10640.4 433688 44800.1 388888 365207 75303 289904 140810 149093 37611.1 111259 29600.6 26014 30752.4 100496 75785.6
internal_count=2059415 99546 78009 1959869 1948080 410019 293902 240855 1538061 1159613 378448 1081293 326698 78320 36013 1075771 108693 967078 917118 167632 749486 275216 474270 80503 370406 83973 74751 66642 189130 137568
is_linear=0
shrinkage=0.03


Tree=158
num_leaves=31
num_cat=0
split_feature=92 40 18 24 97 24 14 51 33 87 92 87 97 92 26 97 87 92 40 98 97 98 97 24 87 92 97 27 31 92
split_gain=527.514 356.817 355.535 520.227 479.772 553.529 353.768 330.897 429.585 481.508 419.714 452.057 517.862 345.106 392.818 364.564 429.673 306.062 359.32 297.093 306.506 292.838 318.948 291.046 275.302 384.315 508.151 331.148 273.581 268.945
threshold=2.5714037418365483 201.50000000000003 47.500000000000007 65.500000000000014 1.1999675631523135 77.500000000000014 33.500000000000007 12.39949941635132 6.5000000000000009 1.7999919056892397 1.3070695400238039 1.0444650053977969 1.4999926686286928 1.0292097330093386 30.500000000000004 1.6595696806907656 0.83333018422126781 0.86841949820518505 25.500000000000004 1.6590567827224734 1.4318137764930727 1.3199960589408877 1.3749957084655764 13.500000000000002 1.2810230851173403 1.7142792940139773 1.3269196152687075 3.5000000000000004 13.500000000000002 1.1249905228614809
decision_type=2 10 2 2 2 2 2 2 2 2 2 2 2 2 2 2 2 2 8 2 2 2 2 2 2 2 2 2 2 2
left_child=1 2 7 -4 -5 6 -6 8 9 -1 11 13 29 14 -9 19 17 18 -17 20 -16 -8 -23 -2 28 26 -26 -28 -12 -13
right_child=23 -3 3 4 5 -7 21 10 -10 -11 24 12 -14 -15 15 16 -18 -19 -20 -21 -22 22 -24 -25 25 -27 27 -29 -30 -31
leaf_value=-0.00096167601957166911 -0.033437368827022064 0.0060048924082531062 0.013784342509298603 0.0037883304152369576 0.019916913003720366 -0.012615179325978654 -0.011915982106050388 0.0031132347956657502 0.00092950137424240823 -0.021961141563766946 0.0016236680608101013 -0.004131815311163395 -0.0096471922519298994 0.0020257479282080955 -0.0014212304686428039 -0.020815724470413081 -0.016259957160007325 0.0089301528040772113 0.00085528241099874693 0.0047706810019246797 -0.0088423838777993667 0.0092258492839682616 -0.0041327737749070389 -0.0019495600024359903 0.00024448635012698099 0.0029115052841487562 0.0087854246921077947 -0.010029560999739368 0.0080384404742878026 -0.00073484491761031728
leaf_weight=123960.01522333082 635.30400401772931 8979.8185252789408 3428.7057252582163 29125.159532859921 784.52967077493668 3873.3855316340923 1704.3447132334113 16258.818106798455 339020.6544047608 970.63078030897304 26308.356804024428 39904.830988286063 9743.998116761446 37588.778968564235 92604.789522007108 1117.5878824684769 3325.3612644374371 1502.6969345770776 1740.8718923144042 6543.3074145615101 5276.5471968352795 2952.0334402471781 3488.4184832200408 447.01920419186354 18571.292632544413 18373.115589776076 915.9915681835264 8748.1471428284422 7731.2422620598227 44218.453902791254
leaf_count=364773 74662 12380 5555 43551 1496 15266 4407 36487 723574 43073 58919 84814 38736 77024 181860 5171 17870 4420 6347 16102 19066 4584 13524 5564 34411 48790 2478 23660 11563 80757
internal_value=3.61765e-05 6.27971e-05 -1.34109e-07 0.0025835 0.0016614 -0.00317556 0.000938229 -0.00014587 0.000375357 -0.00112832 -0.000856106 -0.00144291 -0.00310655 -0.000501687 -0.00124196 -0.00187401 -0.00817116 -0.00195742 -0.00770331 -0.00140901 -0.00182301 -0.00093416 0.00199987 -0.0207037 0.00103431 -0.000463678 -0.00266045 -0.00823177 0.00308449 -0.00234684
internal_weight=859844 858762 849782 45356.6 41927.9 12802.7 8929.33 804425 463951 124931 340474 259826 93867.3 165959 128370 112111 7686.52 4361.16 2858.46 104425 97881.3 8144.8 6440.45 1082.32 80648.1 46608.5 28235.4 9664.14 34039.6 84123.3
internal_count=2060884 1980658 1968278 88383 82828 39277 24011 1879895 1131420 407846 748475 568654 204307 364347 287323 250836 33808 15938 11518 217028 200926 22515 18108 80226 179821 109339 60549 26138 70482 165571
is_linear=0
shrinkage=0.03


Tree=159
num_leaves=31
num_cat=0
split_feature=30 18 87 46 39 65 16 24 18 97 98 40 24 32 40 40 98 97 24 30 32 30 93 18 39 27 24 18 28 40
split_gain=395.576 631.747 630.891 497.209 1114.6 322.757 396.028 320.069 743.906 740.359 396.028 327.786 323.087 472.495 361.713 310.258 304.452 361.321 301.147 681.706 385.671 390.784 362.841 356.273 285.149 306.321 311.28 410.239 326.99 275.062
threshold=25.500000000000004 1.5000000000000002 1.9999099969863894 8.3771190643310565 9.5000000000000018 0.22287581861019137 9.5000000000000018 12.500000000000002 10.500000000000002 2.5384352207183842 2.9995950460433964 142.50000000000003 16.500000000000004 64.500000000000014 54.500000000000007 72.500000000000014 0.86234769225120556 1.3499949574470522 22.500000000000004 41.500000000000007 109.50000000000001 51.500000000000007 2.1666585206985478 14.500000000000002 131.50000000000003 69.500000000000014 31.500000000000004 21.500000000000004 3.5000000000000004 102.50000000000001
decision_type=2 2 2 2 8 2 2 2 2 2 2 10 2 2 8 8 2 2 2 2 2 2 2 2 10 2 2 2 2 8
left_child=1 -1 7 4 -2 6 16 9 11 10 15 -9 -10 -14 -15 -3 -5 -18 23 22 21 -21 24 -6 25 26 27 28 -20 -30
right_child=3 2 -4 5 18 -7 -8 8 12 -11 -12 -13 13 14 -16 -17 17 -19 19 20 -22 -23 -24 -25 -26 -27 -28 -29 29 -31
leaf_value=-0.030088438414201373 0.0059451038121751103 0.0018481435661600433 -0.029446854921881045 -0.0035541900899133182 0.0010417405774171586 0.00060637383045630551 -0.0075431038539160817 -0.0075487655724659382 0.0029973809135829558 -0.014729964203641014 0.015880989070262377 0.0087108840474387824 -0.0051401130495035046 -0.00084425574651368065 0.015958135918056813 -0.0012201725386815283 0.00081645364815816578 -0.0026740686384779276 -0.0086236320368418672 -0.00032255847910785763 -0.00016398207018045603 0.0049576030721492073 0.011942152476724347 0.0054401075627495236 0.013094597439222574 0.011146087885157143 -0.012286651036836665 0.0034509859521388666 -0.0036212915500247549 0.010952098681460952
leaf_weight=657.28440560027957 38292.558793717995 51776.48225014843 682.11372488224879 34619.685787559487 93124.633501461241 121525.36632581754 9007.9851677645929 23383.452283836901 16992.900979316793 3011.6417362932116 1426.6748356129974 1155.5574862733483 15604.375056245364 3027.0475627686828 1840.7587143694982 69378.301191681996 79196.983127884567 40233.028399732895 14295.218992962502 21114.905171787366 147405.08327822294 31308.430992612615 1237.5394251355901 20147.473883039318 793.21923923492432 1019.7368470933288 4994.5936872810125 5171.4106399808079 6491.0533705810085 1399.9170566536486
leaf_count=46544 66956 132998 88689 67995 182883 237032 20622 66932 48017 43322 5937 1623 53755 10850 4971 187248 141115 117116 42214 46756 295010 56515 2846 36431 1060 2657 19121 13976 17189 2858
internal_value=4.66543e-05 -0.00116592 -0.00106176 0.000387915 0.00108817 -0.000563857 -0.00143599 -0.000955425 -0.00271866 -8.46402e-05 0.000277518 -0.00677662 -5.85608e-05 -0.00259559 0.00554886 9.11859e-05 -0.00107794 -0.000359668 0.000554193 -5.77957e-05 0.00062208 0.00283156 -0.0038935 0.00182489 -0.00447375 -0.00489893 -0.00541124 -0.00414795 -0.00592072 -0.00101471
internal_weight=860315 188937 188279 671379 386796 284583 163058 187597 62004.1 125593 122581 24539 37465.1 20472.2 4867.81 121155 154050 119430 348503 235231 199828 52423.3 35402.7 113272 34165.1 33371.9 32352.2 27357.6 22186.2 7890.97
internal_count=2061238 690886 644342 1370352 786472 583880 346848 555653 186148 369505 326183 68555 117593 69576 15821 320246 326226 258231 719516 500202 398281 103271 101921 219314 99075 98015 95358 76237 62261 20047
is_linear=0
shrinkage=0.03


Tree=160
num_leaves=31
num_cat=0
split_feature=92 92 87 87 87 97 92 12 92 97 18 67 87 92 87 98 97 95 87 92 87 97 92 87 97 92 14 87 83 93
split_gain=599.412 381.397 2004.4 672.263 538.156 916.524 465.665 629.764 359.422 877.859 534.309 530.124 577.636 506.757 347.445 358.664 333.223 317.844 304.299 286.33 372.129 518.874 385.121 338.275 750.458 306.349 281.037 278.413 263.406 262.011
threshold=2.5714037418365483 0.93103229999542247 0.66666367650032055 0.94117397069931041 0.88888442516326915 1.0975589752197268 1.2499961256980898 6.5000000000000009 1.1538438200950625 1.2115353345870974 38.500000000000007 1.2623552680015566 1.0960043072700503 1.0434752106666567 1.1111055016517641 1.1320738792419436 1.7906786799430849 -0.41333928704261774 1.0333682894706728 0.74999850988388073 0.66666367650032055 1.0812362432479861 0.62499824166297924 0.76190313696861278 1.5833273530006411 0.66666167974472057 20.500000000000004 1.0714268684387209 1.3186790347099306 0.72580567002296459
decision_type=2 2 2 2 2 2 2 2 2 2 2 2 2 2 2 2 2 2 2 2 2 2 2 2 2 2 2 2 2 2
left_child=1 4 -3 6 19 27 17 -8 9 14 -10 -11 13 26 15 -5 18 -4 -15 20 22 -22 -1 -21 -25 -23 -13 -6 -20 -26
right_child=-2 2 3 8 5 -7 7 -9 10 11 -12 12 -14 16 -16 -17 -18 -19 28 23 21 25 -24 24 29 -27 -28 -29 -30 -31
leaf_value=-0.00044722586244591854 -0.022631929382306543 -0.042634355026215771 0.0055579419661329612 0.00024453668182040651 1.6486862116360588e-05 -0.0079652537989750583 -0.03423400671042183 0.0020237050201404702 0.00048288843871845989 0.0010569798771940891 0.0049506807121294334 -0.00056363102199906477 -0.013062797104919628 0.0036700688787594947 -0.0016842882913689484 0.0041895330022861735 -0.010382864180346325 0.00095857450475113142 -0.0077508347366917456 0.0051332617956994214 -0.00058899762905703678 -0.012350729735042792 0.0043877582991660898 0.0016689947664223182 -0.0030834568445486754 -0.0041250830076183121 -0.010523842561433487 -0.0042955316124276069 0.006166987182431239 -0.01589651330984072
leaf_weight=82953.500062935054 1031.1599198668264 946.53469703998417 39771.027055873536 61719.993886604905 55196.002633407712 22452.124523632228 660.64582198020071 1170.523331861943 251289.49873935245 14525.826234042645 26625.900208499283 3307.1331893727183 7604.2317414954305 11046.305979520082 43236.774556430988 31221.599434807897 2862.3358787149191 20498.430608763359 5094.7290535718203 18199.310227200389 38944.734881184995 5801.3198727071285 18033.035372465849 45373.886620588601 2753.981993727386 13706.122261434793 11144.982852846384 17809.37067516055 1592.2824470251799 3009.2836317196488
leaf_count=195345 80266 8667 78242 106697 107038 71875 3905 3336 618039 43779 46480 9797 27950 21726 90903 48675 13889 49220 14048 40484 76036 18005 43922 87589 10886 37790 41360 48965 3506 13073
internal_value=8.45564e-06 3.61744e-05 0.000528723 0.000606917 -0.000775503 -0.00266736 0.00354041 -0.0112858 0.000220229 -0.000772989 0.000911254 -0.00389187 -0.00557698 -0.00394628 0.000536927 0.00157038 -0.000922274 0.00399447 0.000614736 1.40454e-05 -0.000685849 -0.00259045 0.000416849 0.00162318 0.000372453 -0.00658145 -0.00824854 -0.0010363 -0.00442828 -0.00980562
internal_weight=859583 858551 534319 533372 324233 95457.5 62100.6 1831.17 471272 193356 277915 57177.8 42652 35047.8 136178 92941.6 20595.7 60269.5 17733.3 228775 159439 58452.2 100987 69336.5 51137.2 19507.4 14452.1 73005.4 6687.01 5763.27
internal_count=2061493 1981227 1230219 1221552 751008 227878 134703 7241 1086849 422330 664519 176055 132276 104326 246275 155372 53169 127462 39280 523130 371098 131831 239267 152032 111548 55795 51157 156003 17554 23959
is_linear=0
shrinkage=0.03


Tree=161
num_leaves=31
num_cat=0
split_feature=92 46 39 3 83 76 63 63 69 46 31 56 95 88 44 37 38 18 32 92 97 70 63 16 69 55 18 38 54 63
split_gain=551.264 372.345 1060.17 382.997 354.212 249.943 276.942 247.006 224.215 222.516 224 221.122 249.921 220.037 218.676 214.98 288.113 207.244 248.318 222.082 361.194 227.954 205.085 250.642 219.2 202.244 199.993 192.838 185.304 182.904
threshold=2.5714037418365483 8.8193674087524432 12.500000000000002 3.5000000000000004 0.80357018113136303 2.9283059835433964 0.1053953990340233 0.28012739121913915 0.2629514634609223 7.4306051731109628 9.5000000000000018 15.232444763183596 -1.0397207736968992 1.9999099969863894 1.7499999403953554 98.500000000000014 1.0000000180025095e-35 41.500000000000007 509.50000000000006 1.0909023880958559 1.1739061474800112 0.32013072073459631 0.39999996125698095 5.5000000000000009 0.11111110821366312 0.18350167572498324 12.500000000000002 39.500000000000007 0.33333332836627966 0.20970761775970462
decision_type=2 2 8 2 2 2 2 2 2 2 2 2 2 2 2 8 10 2 2 2 2 2 2 2 2 2 2 10 2 2
left_child=1 2 9 14 7 6 -5 11 27 -1 -11 12 -4 15 22 16 -14 18 -8 20 -19 -22 23 -3 -24 -26 -2 -6 -10 -30
right_child=26 3 4 5 8 -7 17 -9 28 10 -12 -13 13 -15 -16 -17 -18 19 -20 -21 21 -23 24 -25 25 -27 -28 -29 29 -31
leaf_value=0.0057406810524812104 -0.033184822610966162 -0.0023761526098286137 0.0033635987639096029 -0.0051081969430802013 -0.00060026533045594093 0.0025515696613883508 -0.00037716939100268483 0.00050392614463069547 0.0032171438638639647 -0.0022398148115397045 0.0045639381113980679 -0.0035078737016219627 -0.0067291403678243905 0.0061701019507368416 0.0047893365773681645 0.0076080069955703359 -0.0012273833451168128 0.0025716014327329222 -0.007775056921219649 0.0052838785333332106 -0.0026216899297961832 -0.016070087886978057 -0.0037705857812688733 -0.0073714771512997952 0.0026148001017810268 -0.0010931153595357412 -0.0062887856024076011 0.0018440246397096209 -0.00010787024290628615 0.0039978563432928518
leaf_weight=37862.133289386984 575.61214820109308 59816.841887074523 11492.346959071234 9958.9143160460517 103876.19373858068 36102.951188099571 47095.138117997907 90851.96294021653 50516.458497225307 7564.2311550299637 10215.194100402296 36482.513729238883 9435.5015567070805 3424.3719200626947 4496.958900783211 2242.5362490005791 91321.025221562013 15631.488202176988 4451.4918329566717 11968.189442850649 4356.0813090652227 1518.8747817352414 20353.037585611921 10639.735343472101 17003.290222650394 59538.427344621159 446.75248578283936 40303.134745613206 47021.940562482458 12304.525290663354
leaf_count=69567 73623 138214 23315 22819 260402 71782 95851 208353 109480 17623 17511 87340 40418 21816 9287 7879 235969 24036 9024 20429 13378 5839 48259 25153 33756 132067 6204 96191 109363 24997
internal_value=2.55882e-05 5.20804e-05 0.00051387 -0.00079381 7.60456e-05 0.000427529 -0.000380208 -0.000737158 0.000861163 0.00444103 0.00167003 -0.00146741 -0.000835619 -0.00128963 -0.00172537 -0.00153879 -0.00174384 0.000174673 -0.00101881 0.00201199 0.000187992 -0.00614128 -0.00190098 -0.00313238 -0.00100511 -0.000268956 -0.021778 8.31597e-05 0.00188217 0.000744733
internal_weight=858868 857845 554914 302931 499273 131083 94980.2 245250 254022 55641.6 17779.4 154398 117916 106423 171848 102999 100757 85021.3 51546.6 33474.6 21506.4 5874.96 167351 70456.6 96894.8 76541.7 1022.36 144179 109843 59326.5
internal_count=2059945 1980118 1330224 649894 1225523 263158 191376 625090 600433 104701 35134 416737 329397 306082 386736 284266 276387 168557 104875 63682 43253 19217 377449 163367 214082 165823 79827 356593 243840 134360
is_linear=0
shrinkage=0.03


Tree=162
num_leaves=31
num_cat=0
split_feature=92 18 24 97 63 56 40 10 24 98 97 24 39 39 56 98 87 18 37 20 98 97 98 97 92 15 56 79 98 26
split_gain=442.189 329.03 392.339 680.277 343.127 387.154 326.401 321.352 301.552 298.586 276.806 412.708 265.04 332.03 368.66 410.801 263.846 453.334 265.176 262.369 320.665 456.698 229.246 263.371 237.562 226.474 222.593 221.6 221.394 216.079
threshold=2.5714037418365483 47.500000000000007 71.500000000000014 1.1999675631523135 0.29039938747882849 16.271880149841312 1.5000000000000002 15.500000000000002 14.500000000000002 1.1079540848731997 1.6595696806907656 53.500000000000007 192.50000000000003 67.500000000000014 9.1027841567993182 1.3499909043312075 1.7999919056892397 10.500000000000002 51.500000000000007 85.500000000000014 1.4117534756660464 1.3749957084655764 1.1320738792419436 1.9999649524688723 1.7999865412712099 53.500000000000007 19.695053100585941 -4.2623004913330069 1.6590567827224734 97.500000000000014
decision_type=2 2 2 2 2 2 10 2 2 2 2 2 10 8 2 2 2 2 8 2 2 2 2 2 2 2 2 2 2 2
left_child=1 4 -3 9 5 12 -6 10 -2 -4 27 -12 13 14 -1 -16 18 -18 -15 -5 -21 -22 25 24 -24 26 -7 29 -29 -8
right_child=8 2 3 19 6 22 7 -9 -10 -11 11 -13 -14 16 15 -17 17 -19 -20 20 21 -23 23 -25 -26 -27 -28 28 -30 -31
leaf_value=0.0033339702403325784 -0.031595933131976658 0.0071587444486066474 0.00025803952603544822 0.010211582156426568 -0.0014863337430112281 -0.0071314149446976526 0.0011882127507420637 -0.0086355597719531257 0.0021605140800079565 0.0068410362238427282 -0.00078160229500455459 -0.017110697488887428 0.0055313706852954557 -0.001040334861848138 -0.0023005513256280246 0.0028703622660667281 -0.029995201122468663 0.003450565533468388 0.0057655835934283953 -0.016122151310429499 0.0071506446870990671 -0.01124287028528724 -0.0006173446388962364 -0.0054500200753600332 0.0078558809332734281 -0.012273220440672966 -0.0021742022279150099 0.0014749926788181667 0.0049082904102722598 -0.0031080342559480986
leaf_weight=41761.145153862424 649.45118675776757 11879.672511186451 13334.042080670595 754.7769979685545 59570.580682710744 9540.9425441334024 25569.77405210305 3099.8191086226143 365.92865589819849 11574.546876437962 33733.594886323437 1433.1704691573977 7381.3665829282254 185318.52797828801 36656.121151644737 22175.479840678629 726.2758333501406 706.15771932341158 5279.9845497608185 2840.4998591169715 2085.7650123685598 2855.7104236781597 69797.718398089986 9970.889867273625 3090.6842731670476 2389.176463894546 55627.82633491233 201811.97786816442 18435.256963818334 17891.145054088905
leaf_count=85971 75850 21229 21709 1853 151522 20294 50026 6959 4412 15948 109402 8242 10277 488008 72365 53760 47102 1715 14379 9170 3735 14879 159546 36934 5966 5082 109720 380807 38147 36209
internal_value=-3.0297e-05 -6.63307e-06 0.00248036 0.000815327 -0.000145518 -0.000698028 0.000542814 0.000943176 -0.0196238 0.00332007 0.00104309 -0.00145642 -7.52107e-05 -0.000217004 0.00117908 -0.000351158 -0.000948372 -0.0136867 -0.000851211 -0.0064837 -0.008125 -0.00348156 -0.00194005 -0.000882186 -0.000255998 -0.00323687 -0.00290192 0.0013765 0.00176279 -0.000580999
internal_weight=858308 857293 45325 33445.3 811968 450422 361545 301975 1015.38 24908.6 298875 35166.8 300005 292624 100593 58831.6 192031 1432.43 190599 8536.75 7781.98 4941.48 150417 82859.3 72888.4 67557.9 65168.8 263708 220247 43460.9
internal_count=2061218 1980956 88523 67294 1892433 1111119 781314 629792 80262 37657 622833 117644 773577 763300 212096 126125 551204 48817 502387 29637 27784 18614 337542 202446 165512 135096 130014 505189 418954 86235
is_linear=0
shrinkage=0.03


Tree=163
num_leaves=31
num_cat=0
split_feature=92 92 87 12 87 97 87 92 87 92 87 97 30 67 38 87 97 92 66 98 32 87 97 87 87 92 97 44 100 97
split_gain=507.346 333.45 917.307 810.805 796.755 782.739 547.363 489.826 1227.18 837.977 761.926 561.337 402.167 384.886 376.88 377.836 714.555 386.297 373.749 288.732 280.931 286.436 286.939 280.436 386.504 275.684 263.284 258.147 255.044 250.17
threshold=2.5714037418365483 1.1052591800689699 0.79999899864196788 5.5000000000000009 0.99999123811721813 1.0975589752197268 0.98076099157333385 0.86841949820518505 0.66666367650032055 0.93103229999542247 0.83333018422126781 1.7906786799430849 85.500000000000014 1.1355249285697939 47.500000000000007 0.79999279975891124 1.2558117508888247 0.62499824166297924 9.8917465209960955 1.0840323567390444 323.50000000000006 1.0960043072700503 1.7906786799430849 1.3699225783348086 1.7999919056892397 0.9999774992465974 2.062482595443726 1.2499999403953554 -1.0939611196517942 1.7368384003639223
decision_type=2 2 2 2 2 2 2 2 2 2 2 2 2 2 10 2 2 2 2 2 2 2 2 2 2 2 2 2 2 2
left_child=1 4 3 -3 7 23 -4 14 9 -9 -10 -12 26 -7 15 17 -17 -1 -13 28 21 22 25 -6 -25 -15 27 -8 -14 -19
right_child=-2 2 6 -5 5 13 12 8 10 -11 11 18 19 20 -16 16 -18 29 -20 -21 -22 -23 -24 24 -26 -27 -28 -29 -30 -31
leaf_value=-0.0014035314798605579 -0.021157045468591641 -0.047972312651209138 0.0058542100519680586 0.0077014801648316294 -0.00023899683805607083 -0.00042206002278518171 0.00028403127923757622 0.00053902283600671048 0.0073107403509748816 -0.042211125371400225 0.0018015561994096821 0.0034049333475450918 0.0041147191939861832 -0.0077131246166889942 0.0022823654537359166 -0.0013181463087466941 -0.009396845813711148 0.0026220947281702465 -0.010829166179944807 0.0050625880471888611 -0.010947509291840529 -0.010360161673440567 -0.016379671886383267 -0.004409855373037997 -0.030383778638295656 -0.00019154907166871234 -0.0025096854685314209 0.0046745845468087813 -0.0024860769759772155 -0.0031315973454438977
leaf_weight=74458.336113011464 988.47440605377778 623.3254469614476 19355.969371441752 363.5462151132524 95608.566520765424 11669.309950523078 221985.41702441731 730.55370073020458 22047.819605393335 926.88770364038646 97261.267940960824 2367.943812020123 9498.0920086205006 6327.553080946207 39901.827711250633 57756.070064090192 11862.894303411245 50768.335215829313 5473.1938995569944 29007.143841933459 10070.006312415004 7094.7983934283257 1419.073354832828 5843.9056528806686 546.92313392367214 14193.130679890513 28932.552978252526 12724.514239633922 11779.383589275181 7835.5168320145458
leaf_count=175955 80167 4554 41084 1125 174761 33957 512103 2150 45518 8719 190395 8884 14093 20000 89379 115831 42780 103610 24775 43697 28498 23652 8165 12723 18548 33181 125625 24995 20300 30457
internal_value=0.000108963 0.000133943 0.000874318 -0.0277175 -0.000338225 -0.00216173 0.000960638 0.000411957 0.00190696 -0.0235863 0.00224293 0.00117864 0.000658559 -0.00520453 -0.000381957 -0.000906656 -0.00269704 3.03483e-05 -0.00653289 0.00311666 -0.00663073 -0.00512704 -0.00342688 -0.00064634 -0.00672054 -0.00251608 0.000189523 0.000522438 0.000461562 0.001852
internal_weight=859422 858434 334270 986.872 524164 152773 333283 371391 128808 1657.44 127150 105102 313927 50773.9 242583 202681 69619 133062 7841.14 50284.6 39104.6 29034.6 21939.8 101999 6390.83 20520.7 263642 234710 21277.5 58603.9
internal_count=2059681 1979514 787576 5679 1191938 353485 781897 838453 280441 10869 269572 224054 740813 147453 558012 468633 158611 310022 33659 78090 113496 84998 61346 206032 31271 53181 662723 537098 34393 134067
is_linear=0
shrinkage=0.03


Tree=164
num_leaves=31
num_cat=0
split_feature=92 72 63 48 92 93 36 92 97 63 98 46 59 69 32 39 92 93 24 16 97 69 30 24 90 98 97 30 37 96
split_gain=451.719 413.648 237.235 301.293 325.181 346.848 374.104 324.007 266.156 334.553 273.237 264.318 263.236 253.429 251.662 236.443 235.38 267.016 234.971 223.528 326.316 209.883 196.99 260.728 266.661 249.982 259.358 189.08 179.705 178.983
threshold=2.5714037418365483 0.99999871850013744 0.59999993443489086 0.4999998956918717 0.66666167974472057 0.72580567002296459 5.5000000000000009 1.4454341530799868 1.6595696806907656 0.20970761775970462 2.4444322586059575 7.4306051731109628 0.15384615212678912 0.096169792115688338 249.50000000000003 5.5000000000000009 1.0132490396499636 0.72580567002296459 13.500000000000002 12.500000000000002 1.1739061474800112 0.062499998137354858 83.500000000000014 43.500000000000007 -0.70199698209762562 1.2631551623344424 1.4999926686286928 73.500000000000014 10.500000000000002 1.0748202800750735
decision_type=2 2 2 2 2 2 2 2 2 2 2 2 2 2 2 10 2 2 2 2 2 2 2 2 2 2 2 2 10 2
left_child=1 2 3 4 -1 -6 7 8 9 14 29 27 -8 -4 -7 -12 19 -18 -2 -3 -21 -13 23 -19 -25 -24 -27 -5 -23 -10
right_child=18 16 13 11 5 6 12 -9 10 -11 15 21 -14 -15 -16 -17 17 22 -20 20 -22 28 25 24 -26 26 -28 -29 -30 -31
leaf_value=-0.0026888637541908427 -0.03292708287227826 2.8412749073068051e-05 -0.0022390193171719498 0.0076598078606319479 0.0015135106062847731 -0.00058817854398005758 -0.00058449321960727253 0.0023070906226274517 -0.001871135767424609 0.0013579409171904616 0.012236167229965872 -0.017898715320317168 -0.0048576828148227677 0.0014783181961806591 -0.0045480354490213242 -0.0040479363176730574 0.0054270148416924509 0.00085470380242378557 -0.0033593296251379864 -0.0019342460348033804 -0.017468543424193728 -0.0043977546882494811 0.00094651322359126904 0.0062693456987843697 -0.0055453360151701322 0.0064218849911212433 -0.0048273771583582509 -0.0062690219183946898 0.0049503427026745478 -0.0086890961138467934
leaf_weight=64491.589164785109 551.8405069517903 158639.16550846957 21305.997031923383 3008.4731167876162 69666.135714843869 47695.703207281418 22064.81446939474 35898.560819996521 5675.1840800270438 54779.068516070023 1496.6224034167826 971.2883338611573 31492.758482869249 73017.392712466884 20703.764863391407 1688.7537850802764 13399.037624274846 110793.49771899963 427.90069069806486 5353.2257336918265 1557.5309558287263 34176.037749588955 31717.099320886657 2028.1284376345575 10764.845554066822 17641.919855363667 2045.0967958942056 1217.4159879758954 1940.5616521635093 8933.9078723788261
leaf_count=161601 74467 353229 51033 6061 170292 97749 78259 87662 19072 100910 4765 2864 94173 159500 41344 5664 30245 259515 5534 9170 5897 78942 50882 5170 31343 26388 6926 2444 4304 34162
internal_value=-0.000185114 -0.000161522 -0.000716836 -0.00103177 -0.000756522 -0.000341103 -0.000901895 -0.000236606 -0.00088459 -0.000388835 -0.00431206 -0.00345923 -0.00309808 0.00063834 -0.00178776 0.00363162 0.000623303 0.00134848 -0.0203389 -0.000201983 -0.00547564 -0.00426926 0.0010356 0.000386287 -0.00366544 0.00259593 0.00524959 0.00363649 -0.00389302 -0.00604671
internal_weight=855143 854164 500224 405901 364587 300095 230429 176872 140973 123179 17794.5 41313.8 53557.6 94323.4 68399.5 3185.38 353940 188390 979.741 165550 6910.76 37087.9 174991 123586 12793 51404.1 19687 4225.89 36116.6 14609.1
internal_count=2059567 1979566 1200801 990268 895653 734052 563760 391328 303666 240003 63663 94615 172432 210533 139093 10429 778765 410469 80001 368296 15067 86110 380224 296028 36513 84196 33314 8505 83246 53234
is_linear=0
shrinkage=0.03


Tree=165
num_leaves=31
num_cat=0
split_feature=92 72 24 40 40 26 92 87 30 24 30 30 24 18 18 87 92 32 26 20 22 30 24 26 65 68 24 30 18 14
split_gain=409.83 323.556 264.692 254.422 329.783 302.058 445.187 448.138 377.883 411.578 377.498 348.841 417.372 436.626 337.512 318.032 380.162 306.839 302.977 341.52 300.984 293.617 546.396 281.592 275.467 274.877 271.762 423.191 237.962 235.436
threshold=2.5714037418365483 0.89898863434791576 13.500000000000002 118.50000000000001 66.500000000000014 74.500000000000014 0.83027687668800365 0.79999899864196788 47.500000000000007 22.500000000000004 31.500000000000004 83.500000000000014 43.500000000000007 30.500000000000004 16.500000000000004 1.1249968409538271 1.0132490396499636 323.50000000000006 42.500000000000007 44.500000000000007 7.5000000000000009 139.50000000000003 73.500000000000014 123.50000000000001 0.041666666045784957 0.23398034274578097 18.500000000000004 25.500000000000004 18.500000000000004 43.500000000000007
decision_type=2 2 2 10 8 2 2 2 2 2 2 2 2 2 2 2 2 2 2 2 2 2 2 2 2 2 2 2 2 2
left_child=1 -1 -2 4 5 8 -7 -8 9 14 28 12 13 -9 26 16 29 -13 24 20 -20 22 -19 -6 -12 -10 -3 -28 -11 -14
right_child=2 3 -4 -5 23 6 7 11 25 10 18 17 15 -15 -16 -17 -18 21 19 -21 -22 -23 -24 -25 -26 -27 27 -29 -30 -31
leaf_value=-0.00072617057588617961 -0.032806031792005093 0.0019451775400791795 -0.0014861002911804658 0.0030028326378049872 -0.0019734975121434911 -0.0032958466318285268 0.011471236431999687 -0.00093752085203123599 0.0014387037611198028 -0.017137426609569205 -0.0041734408327183097 0.0035288792275663581 -0.0025994542539949646 0.0074913206579170473 0.0086015218537012321 -0.010231939208729519 0.0012197413744330773 0.00010242905755302434 -0.0098354314380349715 0.0022824061902103131 0.0064759970304544461 0.0031825320348158798 -0.0095015079955447761 0.0031315119597678919 0.0067541222943882052 0.0053836274255066093 -0.013664390665723645 -0.00029512242328429795 -0.0036933574842682938 -0.014584078268663987
leaf_weight=347399.83889737679 544.26502299238928 62558.254282591864 429.8196029625833 33121.004715568386 79244.569884345401 33028.212620896287 3266.3302107639611 38988.425092821941 31489.241902350448 2325.6923409588635 3096.2318898402154 37803.229197088629 3060.0709296166897 6425.051764504984 5719.1702885599807 6659.6046272981912 9781.5246435198933 42503.866344965994 7306.0484834332019 5025.2548093665391 1168.2671150490642 20430.770938113332 6076.1394035071135 11066.258713023737 6215.3234116155654 32123.846326842904 2528.5528559200466 13008.877927022055 2422.9156901240349 2847.754000775516
leaf_count=859387 74694 156178 5596 58504 218809 74747 6218 84101 57948 9089 7625 63113 9767 12563 12379 19112 29224 73852 20176 11752 2518 30693 19023 22414 12473 52827 9106 26261 8219 12758
internal_value=-4.26193e-05 -2.02801e-05 -0.0192939 0.000461235 0.00028433 0.000666289 -9.83487e-05 0.000495781 0.00158763 0.000533819 -0.00264532 0.000289139 -0.0013943 0.000257756 0.00157956 -0.00474855 -0.00241097 0.00135717 -0.00103962 -0.00390873 -0.00757679 0.000166859 -0.0011022 -0.0013474 0.00311939 0.00343191 0.00106325 -0.0024856 -0.010322 -0.00840613
internal_weight=857664 856690 974.085 509290 476169 385859 210871 177843 174988 111375 27559.7 174576 67762.4 45413.5 83814.9 22349 15689.3 106814 22811.1 13499.6 8474.32 69010.8 48580 90310.8 9311.56 63613.1 78095.7 15537.4 4748.61 5907.82
internal_count=2061126 1980836 80290 1121449 1062945 821722 435171 360424 386551 275776 71852 354206 167525 96664 203924 70861 51749 186681 54544 34446 22694 123568 92875 241223 20098 110775 191545 35367 17308 22525
is_linear=0
shrinkage=0.03


Tree=166
num_leaves=31
num_cat=0
split_feature=78 98 30 97 97 32 18 56 46 98 14 98 93 100 98 90 88 32 21 87 18 88 44 44 26 86 38 63 87 30
split_gain=342.219 299.705 371.508 289.017 393.344 262.117 383.043 253.161 232.503 220.502 280.971 222.834 241.974 219.516 214.644 213.208 200.467 196.759 194.52 228.453 293.201 210.393 210.874 187.628 221.249 217.472 208.626 182.376 178.175 177.673
threshold=1.1622274518013003 0.86234769225120556 83.500000000000014 1.9379744529724123 2.9998425245285039 348.50000000000006 37.500000000000007 19.695053100585941 11.348569869995119 1.7971687912940981 4.5000000000000009 2.9995950460433964 0.53571298718452465 -1.1382564306259153 1.0056811571121218 -0.1145043335855007 0.9014078974723817 301.50000000000006 9.5000000000000018 1.7999919056892397 10.500000000000002 1.8928556442260744 0.37176078557968145 1.1507575511932375 6.5000000000000009 1.2405490279197695 49.500000000000007 0.044862773269414909 1.1428497433662417 139.50000000000003
decision_type=2 2 2 2 2 2 2 2 2 2 2 2 2 2 2 2 2 2 2 2 2 2 2 2 2 2 10 2 2 2
left_child=3 -2 23 5 7 6 13 9 14 28 -11 12 -12 -1 -7 -10 -15 -4 19 21 -21 22 -18 24 25 -3 -26 -8 -5 -19
right_child=1 2 17 4 -6 8 27 -9 15 10 11 -13 -14 16 -16 -17 18 29 -20 20 -22 -23 -24 -25 26 -27 -28 -29 -30 -31
leaf_value=0.0014720023126077518 -0.00062031381155684619 -0.011560899670237493 0.00591335737303371 0.0096503526076901058 -0.029314572628353595 -0.0025125770711425664 -0.0041873708245829099 -0.0055120106584464323 -0.002903825109819346 -0.0090178925403063062 0.014385596635593112 0.01660897308569715 -0.0017320697190097616 0.00038226888282644336 0.0022476562432468647 -0.013246484201241488 -0.00098710983253502888 0.00097482747966546929 -0.0021933228182708753 -0.029548096646060382 0.00031993714559136157 0.0044212851874266944 0.0034259080264411384 0.0050309197560617176 0.00041423113970721323 0.0092996064422206214 0.0048731158716296252 0.0039001511487047258 -0.0034051662066726749 0.0065630361121303861
leaf_weight=63568.779837366426 86265.179200068582 2356.2991730156355 21118.425178591162 2949.7289369925857 475.80207045120187 16244.963127247989 2721.7027202472091 15260.956111645792 37426.480864964426 4032.7772414924111 862.0472262725234 656.32751100952737 16915.916233950062 147448.58444168256 17895.61213103123 1866.4701899942011 88686.568949077278 24325.24999814108 82049.828895300394 524.46546484390274 646.72925231140107 8455.223745688796 10928.359101127833 8849.3311819804367 147473.86146384547 538.8419116481673 10070.679210484726 30053.098898492754 1364.7038940580096 6469.2122829183936
leaf_count=118039 178183 24039 32980 10599 34928 30286 6333 57288 74046 32191 2428 6651 58191 345489 34381 4414 205155 43965 176291 43221 1744 19868 21902 20856 368864 3778 23493 60594 11513 8861
internal_value=7.76072e-05 0.000879425 0.0014643 -0.000369808 -0.00274527 -0.000171089 0.000108757 -0.00243079 -0.00182872 -0.000672202 -0.00186595 -0.000293282 -0.000935243 -0.000145375 -1.753e-05 -0.0034016 -0.000448965 0.00368399 -0.00108966 -0.000260461 -0.0133266 -0.000116418 -0.000502385 0.000783274 0.00054839 -0.00764119 0.000699838 0.0032264 0.00552409 0.00215228
internal_weight=858502 307467 221202 551035 42518.3 508517 435083 42042.5 73433.5 26781.5 22467.1 18434.3 17778 402309 34140.6 39293 338740 51912.9 191291 109241 1171.19 108070 99614.9 169289 160440 2895.14 157545 32774.8 4314.43 30794.5
internal_count=2060571 705019 526836 1355552 213789 1141763 998636 178861 143127 121573 99461 67270 60619 931709 64667 78460 813670 85806 468181 291890 44965 246925 227057 441030 420174 27817 392357 66927 22112 52826
is_linear=0
shrinkage=0.03


Tree=167
num_leaves=31
num_cat=0
split_feature=92 69 64 68 86 15 64 43 93 0 24 38 98 33 63 98 79 44 39 87 92 97 98 2 69 29 18 24 30 18
split_gain=387.629 327.908 319.639 345.14 291.74 287.243 310.154 284.662 275.361 272.457 257.29 251.622 281.947 256.224 243.842 316.414 278.788 225.653 215.614 214.772 277.49 212.426 213.025 210.223 210.693 291.097 245.803 253.955 456.154 284.968
threshold=2.5714037418365483 0.2629514634609223 0.32562595605850225 0.137970045208931 1.9999991059303286 14.500000000000002 0.25015963613986975 0.66666659712791454 1.666654169559479 1.0000000180025095e-35 13.500000000000002 inf 0.3214270174503327 1.0000000180025095e-35 0.42857141792774206 0.86234769225120556 -0.30030485987663263 0.4545454233884812 169.50000000000003 1.2564764618873598 1.3333277702331545 1.3749957084655764 1.2901815772056582 39.500000000000007 0.11111110821366312 176.72525024414065 32.500000000000007 35.500000000000007 65.500000000000014 24.500000000000004
decision_type=2 2 2 2 2 2 2 2 2 2 2 8 2 2 2 2 2 2 10 2 2 2 2 2 2 2 2 2 2 2
left_child=1 5 -3 -4 7 11 -7 9 -6 -5 -2 13 -13 -1 15 -11 19 -9 23 20 21 22 -17 24 25 -15 27 29 -29 -26
right_child=10 2 3 4 8 6 -8 17 -10 14 -12 12 -14 18 -16 16 -18 -19 -20 -21 -22 -23 -24 -25 26 -27 -28 28 -30 -31
leaf_value=0.0081511116654764213 -0.032708160496592434 0.0020931418468995325 -0.0010696418764467928 -0.0011162194958138989 -0.011197528260169839 -0.0016643033648577723 -0.0082729357822989222 -0.0052302340338032608 0.0010190228852108481 -0.001416861971064858 -0.0014789799555157551 0.0063144052066871556 -0.0055604255817499493 -0.00080351607000045974 0.0042948338313098071 0.00092269428451451465 0.0052488678043572604 0.00044709767727230923 0.0046922447714365266 -0.0029591645724079672 0.0084559436663063092 -0.0019659025123039508 0.0057117021652558818 0.0050745908376458454 -2.7938567904785985e-05 -0.0047274732114802815 0.0027588140983011117 -0.0079812422092542523 -0.00036152417903284389 0.0063335373850444774
leaf_weight=3277.8818788249046 521.46002788073383 98544.766206971835 128980.73506251303 29233.216521787457 3410.8821135014296 30476.8216994619 8072.864126900211 10448.107485458255 3212.1223289389163 27444.332403498702 426.38411978632212 2050.497796759475 13864.564573790878 109749.07038767496 33701.861965066288 26399.128447599709 21400.996798871551 15820.163027252536 7756.1852296502329 9120.8659517946653 5394.7693823352456 13199.098821698688 12220.188481874764 6276.5718563888222 148676.68973392481 20119.880688981619 27614.062809115276 10036.564851075411 23823.997483935207 6599.7468686364591
leaf_count=5489 74552 209500 309752 73207 9001 65321 17972 23394 7974 51753 5562 9470 69851 273643 65740 45270 43290 33655 11914 20569 9861 41428 19660 11912 361182 47465 55681 30431 43492 12845
internal_value=-5.71311e-06 1.57176e-05 0.000588921 0.000152826 0.000900111 -0.000585071 -0.00305182 0.00110111 -0.00528734 0.00153108 -0.0189807 -0.000334579 -0.00402447 -0.000173004 0.00205097 0.00139378 0.00227309 -0.0018133 -0.000249108 0.00131174 0.0019934 0.00131759 0.00244024 -0.000357972 -0.000456631 -0.00141207 0.000115907 -0.00027021 -0.00262345 0.000243225
internal_weight=857874 856927 438531 339986 211006 418395 38549.7 204383 6623 178114 947.844 379846 15915.1 363931 148881 115179 87735 26268.3 360653 66334.1 57213.2 51818.4 38619.3 352897 346620 129869 216751 189137 33860.6 155276
internal_count=2060836 1980722 964054 754554 444802 1016668 83293 427827 16975 370778 80114 933375 79321 854054 297571 231831 180078 57049 848565 136788 116219 106358 64930 836651 824739 321108 503631 447950 73923 374027
is_linear=0
shrinkage=0.03


Tree=168
num_leaves=31
num_cat=0
split_feature=24 92 87 40 30 32 24 97 98 97 24 97 32 92 20 24 30 30 24 20 32 26 30 97 95 64 66 98 24 30
split_gain=493.457 817.904 897.101 378.169 271.598 1037.57 801.742 495.031 414.847 701.704 616.207 570.377 454.068 390.219 351.907 563.957 638.495 400.258 395.796 368.38 366.253 345.664 339.437 335.18 310.85 314.119 308.584 307.677 328.296 299.812
threshold=3.5000000000000004 1.4454341530799868 0.98076099157333385 201.50000000000003 51.500000000000007 115.50000000000001 32.500000000000007 2.2499577999114995 1.2352917194366457 1.3999969363212588 51.500000000000007 1.1320725679397585 584.50000000000011 1.1999974250793459 54.500000000000007 23.500000000000004 37.500000000000007 29.500000000000004 16.500000000000004 40.500000000000007 60.500000000000007 42.500000000000007 71.500000000000014 2.5384352207183842 -1.1055089831352232 0.55778253078460704 15.968884468078615 1.8421009182929995 41.500000000000007 61.500000000000007
decision_type=2 2 2 10 2 2 2 2 2 2 2 2 2 2 2 2 2 2 2 2 2 2 2 2 2 2 2 2 2 2
left_child=1 2 -1 4 6 -6 14 26 11 -10 22 24 -13 -12 15 17 21 18 23 -20 -18 -17 27 -2 -7 -26 -8 28 -11 -30
right_child=3 -3 -4 -5 5 8 7 -9 9 10 13 12 -14 -15 -16 16 20 -19 19 -21 -22 -23 -24 -25 25 -27 -28 -29 29 -31
leaf_value=-0.03817387266566253 0.00012758627410155171 -0.033246765415161653 0.0029407694209925396 0.0063395731765809966 0.0041743209156715495 0.0018952644764175187 -0.0023388878536045321 0.0037243845444142106 0.0030652532751066575 0.0029933161882321631 -0.0079312948270057766 -0.0030780543110428631 -0.014979277758055748 0.0016369050693662854 0.0026699194279229338 -0.0025976418739375169 0.0044932638639057594 0.0016191725639066294 -0.0048540365724348486 0.0042424371449275517 -0.002524407044285879 -0.010816070027978023 0.011006796882138363 -0.0083356992292134627 -0.00021414266371981623 -0.0042125267651330241 -0.0096021226075915841 0.005290790998576338 -0.016369377409499879 -0.0021374071815081354
leaf_weight=539.00509371981025 170956.05208180007 1006.5685012401082 3266.211508302018 8728.3937067203224 62719.110973759089 52282.466595128179 8017.7895486634225 4506.3937212657183 78699.697156023234 4429.2850854322314 15054.764238700271 37092.016714423895 3111.1050713136792 5137.3609333131462 37091.932579895947 7617.7236310085282 8785.9794728942215 104257.66597353434 29395.297160795424 4622.8169876616448 27882.897160173394 11691.905309982598 3120.0301303565502 4297.9172702399082 115983.7609859081 20845.133244950324 15400.304066602141 6533.9065592512488 2237.2240381911397 3268.0317375957966
leaf_count=5901 477127 80119 13625 11824 114889 87188 25627 13521 133501 8572 66899 78028 8185 12031 92333 23011 16702 196916 87976 13371 58261 39636 4615 58951 204725 38648 55009 15523 9422 8286
internal_value=8.01614e-05 -0.00948003 -0.00305222 0.000134263 7.00199e-05 0.000623342 -0.000452731 -0.00536811 -1.72228e-05 0.00142408 -0.00182264 -0.00076196 -0.00400602 -0.0054977 -0.000114905 -0.000394581 -0.00316772 0.000100714 -0.000655852 -0.00361612 -0.000841418 -0.00757991 0.00196741 -8.08943e-05 -7.19568e-05 -0.000823801 -0.00711948 0.00024358 -0.00307991 -0.00795931
internal_weight=858579 4811.79 3805.22 853767 845039 410514 434525 27924.5 347795 118480 39780.6 229314 40203.1 20192.1 406600 369508 55978.5 313530 209272 34018.1 36668.9 19309.6 19588.5 175254 189111 136829 23418.1 16468.4 9934.54 5505.26
internal_count=2060422 99645 19526 1960777 1948953 790512 1158441 94157 675623 258849 125348 416774 86213 78930 1064284 971951 137610 834341 637425 101347 74963 62647 46418 536078 330561 243373 80636 41803 26280 17708
is_linear=0
shrinkage=0.03


Tree=169
num_leaves=31
num_cat=0
split_feature=92 40 92 93 98 97 32 68 97 98 24 18 92 92 88 88 40 32 100 36 39 40 40 70 97 98 83 73 93 66
split_gain=393.612 312.362 286.317 347.899 349.44 488.57 550.561 340.161 300.775 298.809 295.82 975.201 569.602 384.691 650.404 287.376 279.546 247.369 242.277 241.204 232.142 228.618 228.023 225.146 222.341 403.071 332.506 310.65 321.587 225.687
threshold=2.5714037418365483 201.50000000000003 0.83027687668800365 0.56470546126365673 0.72580486536026012 1.1538341641426089 696.50000000000011 0.31594070792198187 0.89189010858535778 1.2352917194366457 5.5000000000000009 4.5000000000000009 1.9285621643066408 1.4454341530799868 0.94117397069931041 0.27272671461105352 85.500000000000014 457.50000000000006 -1.4046682715415952 5.5000000000000009 154.50000000000003 1.0000000180025095e-35 133.50000000000003 0.35693399608135229 1.3999969363212588 1.1842096447944643 1.6005244851112368 1.999988377094269 1.402596175670624 13.737683773040773
decision_type=2 10 2 2 2 2 2 2 2 2 2 2 2 2 2 2 8 2 2 2 10 8 10 2 2 2 2 2 2 2
left_child=1 2 8 -4 7 18 10 -5 -1 -8 11 12 -7 14 -12 -10 19 -9 -6 -15 24 -2 -17 -11 25 29 27 28 -26 -16
right_child=21 -3 3 4 5 6 9 17 15 23 13 -13 -14 16 20 22 -18 -19 -20 -21 -22 -23 -24 -25 26 -27 -28 -29 -30 -31
leaf_value=0.00042695213833939709 0.026794013159365672 0.0056701244529533592 0.0029482590685306668 -0.0036725429608375523 0.0053347022195303906 0.0019991206920419269 -0.023261957717796999 0.0014689757704967963 0.0013236504549506219 -0.0023246579376537692 0.0014780053414172609 -0.040267487546476327 -0.033280331191231229 0.0035076109315648175 0.0011742574298961284 -0.00266004447034543 -0.0013122388534339349 -0.0085495871164573915 0.0012798747443043166 -0.0032468424157714192 0.0094400348990421792 -0.023766726194292473 0.0046122656780620379 -0.020622280215008493 -0.0067606264764303887 0.00069696011090806566 0.0018010539315557455 0.0044092320552541857 -0.0020463647835786141 -0.0059692007743785153
leaf_weight=93807.092077749781 72.185514049138874 8907.1591418720782 43566.288103130646 39128.635787612293 14222.903219627682 3661.0743389236741 1186.1786380708218 26320.83578046225 22330.914792957716 3001.0255226045847 78843.947235219181 680.51041838619858 443.84964760625735 50689.198150577024 5236.9371310845017 108654.15478244424 19294.654952278826 2402.1194627173245 193173.71815932216 5235.3672390393913 1574.0788672603667 849.27232130453922 4006.4264923930168 740.24049249850214 30678.834697536193 46641.320275874808 9762.7167422734201 3531.6974684782326 22659.750375378877 16493.261239255778
leaf_count=196130 2309 12440 109809 91502 21731 25433 3533 52741 58693 7777 196387 6572 12813 119478 10990 278332 58343 4751 347090 17619 2021 77808 6769 2690 108815 89558 28698 9867 63753 35728
internal_value=6.64453e-05 8.77443e-05 2.89739e-05 0.000364076 0.000168389 0.000438618 -0.000334675 -0.00185334 -0.000877825 -0.0102596 -0.000168453 -0.00755102 -0.00195838 -4.63872e-05 -0.000691332 -0.00178446 0.00180038 0.000625751 0.00155844 0.00287436 -0.00194368 -0.0193208 -0.00240065 -0.0060354 -0.00207778 -0.000875502 -0.0033108 -0.00418866 -0.00475939 -0.00424814
internal_weight=857796 856875 847968 619169 575603 507751 300355 67851.6 228799 4927.44 295427 4785.43 4104.92 290642 215423 134991 75219.2 28723 207397 55924.6 136579 921.458 112661 3741.27 135005 68371.5 66633 56870.3 53338.6 21730.2
internal_count=2060180 1980063 1967623 1427699 1317890 1168896 800075 148994 539924 14000 786075 44818 38246 741257 545817 343794 195440 57492 368821 137097 349430 80117 285101 10467 347409 136276 211133 182435 172568 46718
is_linear=0
shrinkage=0.03


Tree=170
num_leaves=31
num_cat=0
split_feature=83 48 46 2 44 59 69 63 11 46 43 63 94 97 100 58 54 69 84 68 26 69 69 59 76 0 97 29 32 21
split_gain=370.784 329.227 308.391 261.15 235.904 262.984 276.603 300.638 258.963 253.617 420.995 342.814 235.688 209.298 259.119 190.602 189.174 268.657 198.116 181.171 179.6 176.278 170.594 236.188 182.63 170.197 163.475 243.251 182.376 233.898
threshold=1.105989992618561 0.4999998956918717 7.4306051731109628 45.500000000000007 1.4999997019767763 0.97228622436523449 0.37073659896850591 0.12499998882412912 104.39573669433595 8.3771190643310565 0.19047618657350543 0.37499995529651647 -0.74792161583900441 1.5833273530006411 -0.4676834493875503 0.41942317783832556 0.49999995529651647 0.65874895453453075 -0.15744594484567639 0.060654466971755035 1.0000000180025095e-35 0.062499998137354858 0.32259589433670049 0.4255319088697434 3.2237824201583867 4.5000000000000009 1.3269196152687075 269.96746826171881 323.50000000000006 22.500000000000004
decision_type=2 2 2 2 2 2 2 2 2 2 2 2 2 2 2 2 2 2 2 2 2 2 2 2 2 2 2 2 2 2
left_child=4 3 -3 22 5 6 9 16 -7 10 20 -11 -9 21 -15 -4 -8 18 -18 -6 -1 -13 -2 -24 -25 -5 -17 -28 29 -29
right_child=1 2 15 25 19 8 7 12 -10 11 -12 13 -14 14 -16 26 17 -19 -20 -21 -22 -23 23 24 -26 -27 27 28 -30 -31
leaf_value=0.0089526763633354378 0.00029732123805178002 0.0050518875028249871 -0.0053302122265438947 0.015139863631580267 -0.0029139434855172154 -0.00303308134852519 0.00033187470737251984 0.0025608467216878877 -0.016514404754461892 -0.0049509956246685033 0.0057618170978591546 -0.0069220615123978561 -0.00087036585993637927 -0.016167439292716714 -0.0027547297229995799 6.2310734048229222e-06 -0.011333129818803222 0.00055046001946954068 -0.0034137128316747856 0.0040587974704492935 -0.00085258338859214345 0.00023509276069345173 0.0037526553220835817 0.00027853899356721857 0.0043554212634371861 0.0041701075547542366 -0.000135164050873095 -0.010215162344973092 -0.021445067813821148 0.0015450382824524101
leaf_weight=1673.9572451449931 149270.68667023163 6685.2029836704023 10864.558852851391 1438.5540552781895 4229.5648263820913 21871.880188894691 26321.850604846841 64303.887569095474 1343.9867603501771 30974.534458597889 9192.2496478885878 3309.0846152368467 25015.61653799261 1615.4160400740802 6311.1666568219662 40913.171194261173 4512.4651720384136 8661.3140880088322 7700.339493694948 15950.936556612374 226227.91127997916 44438.703880193178 38463.776364899939 66772.441171837272 11589.065445724875 10304.21997135086 8515.180966363987 4172.3679219740443 748.85069512808695 2382.2929374270607
leaf_count=13750 382729 13433 25738 2491 11099 60851 67655 129793 3653 72924 16884 7325 57529 6586 22534 77697 11790 20210 20014 31524 588320 83341 83165 153876 23852 19274 28508 13795 2955 6552
internal_value=-5.82719e-05 0.000688538 -0.00108536 0.00116284 -0.000580396 -0.000713081 -0.000555849 0.000576644 -0.00382707 -0.0010334 -0.000525698 -0.00242217 0.00159989 -0.00101399 -0.00552201 -0.00169364 -0.00135973 -0.00349109 -0.00635357 0.00259597 -0.000779784 -0.000263613 0.000969391 0.00182791 0.000882436 0.00553742 -0.000995575 -0.00358336 -0.00759228 -0.00594922
internal_weight=855775 352120 74281.6 277839 503655 483474 460258 136515 23215.9 323743 237094 86648.9 89319.5 55674.4 7926.58 67596.4 47196 20874.1 12212.8 20180.5 227902 47747.8 266096 116825 78361.5 11742.8 56731.9 15818.7 7303.51 6554.66
internal_count=2059847 834065 168678 665387 1225782 1183159 1118655 306991 64504 811664 618954 192710 187322 119786 29120 155245 119669 52014 31804 42623 602070 90666 643622 260893 177728 21765 129507 51810 23302 20347
is_linear=0
shrinkage=0.03


Tree=171
num_leaves=31
num_cat=0
split_feature=24 18 92 56 40 78 34 46 98 50 68 69 18 97 32 39 92 87 92 97 87 97 24 97 91 34 92 24 38 63
split_gain=347.448 1142.21 676.569 330.849 399.888 323.471 317.506 320.69 378.233 306.605 296.769 407.946 341.394 272.356 261.615 249.817 244.086 448.738 352.538 472.281 328.937 315.976 461.964 300.441 252.584 228.007 221.745 275.606 218.895 215.701
threshold=3.5000000000000004 2.5000000000000004 1.4454341530799868 17.360190391540531 inf 2.8571214675903325 4.5000000000000009 8.3771190643310565 0.99082499742507946 0.080128200352191939 0.137970045208931 0.37073659896850591 46.500000000000007 1.7368384003639223 29.500000000000004 192.50000000000003 1.0292097330093386 1.0333682894706728 1.3636317253112795 1.69999235868454 1.0178617835044863 1.4318137764930727 24.500000000000004 1.0645115375518801 2.0510051250457768 63.500000000000007 0.86841949820518505 26.500000000000004 173.50000000000003 0.29039938747882849
decision_type=2 2 2 2 8 2 2 2 2 2 2 2 2 2 2 10 2 2 2 2 2 2 2 2 2 2 2 2 10 2
left_child=1 2 -1 6 10 13 15 9 -9 -8 -5 16 -13 14 -6 28 20 24 19 -19 21 26 -23 -22 -18 -11 27 -12 -2 -29
right_child=3 -3 -4 4 5 -7 7 8 -10 25 11 12 -14 -15 -16 -17 17 18 -20 -21 23 22 -24 -25 -26 -27 -28 29 -30 -31
leaf_value=0.0045196223476599339 -0.00018525985860298925 -0.03690425846415428 -0.031182437863838303 -0.0021461695323207568 0.00056316288470466063 0.0063348037750436091 0.0017609808895345412 -0.0031079350639242605 0.0016324724427377898 0.0061339557995232592 0.0013680937550570324 0.0011053873604115571 0.0070062573852910683 -2.8902768866722763e-05 -0.0097373637353871442 0.0055788272929582512 0.0054491154215507527 -0.0014617997616620123 0.0018266068424232116 -0.013025092520982629 -0.0033319456887928966 0.0019013770595819835 -0.0095692706044310221 -0.01340985278777506 -0.0024178338994221174 -0.0039837645447595889 0.0017430526819759325 -0.0084079442789169092 0.0083036413799388777 -0.0020263252900843483
leaf_weight=3332.369175195694 257573.97505110945 955.11931330198422 537.10829504393041 60905.785614856053 2739.1090156349819 2269.5212029034737 93770.352097907802 23101.478953109123 43910.779108604183 25675.483098192839 17218.174838230014 98289.657548552612 9675.9910816028714 5706.5066392964218 11623.06564261578 7156.2133982316591 19518.031165137887 46649.447975660674 30830.360238355584 3392.1535560488701 10004.779717143625 5062.1343905255198 8363.7088081296533 3618.2785947322845 4511.2799433609471 2160.7679190211929 29954.207059979439 6163.9851968511939 2743.181596851442 20895.316476725042
leaf_count=13651 708335 21567 64380 138542 8260 6482 181563 44033 92229 44845 34055 201527 16638 24472 30270 9742 37405 89552 67991 14898 19742 15228 34707 12192 10487 4245 53307 14023 4197 42045
internal_value=0.000124962 -0.00788644 -0.000570913 0.000170432 -0.000462339 -0.00435996 0.00072176 0.00166427 -2.15223e-06 0.00258241 -0.000229977 0.000141641 0.00163543 -0.0055745 -0.00777483 5.70388e-05 -0.000640653 0.000373571 -0.000696157 -0.00225053 -0.001691 -0.00101632 -0.00524794 -0.00602437 0.00397139 0.00534628 -0.000249769 -0.00159811 -9.51741e-05 -0.00348517
internal_weight=858308 4824.6 3869.48 853484 397391 22338.2 456092 188619 67012.3 121607 375053 314148 107966 20068.7 14362.2 267473 206182 104901 80872 50041.6 101281 87657.5 13425.8 13623.1 24029.3 27836.3 74231.7 44277.5 260317 27059.3
internal_count=2060610 99598 78031 1961012 871823 69484 1089189 366915 136262 230653 802339 663797 218165 63002 38530 722274 445632 220333 172441 104450 225299 193365 49935 31934 47892 49090 143430 90123 712532 56068
is_linear=0
shrinkage=0.03


Tree=172
num_leaves=31
num_cat=0
split_feature=92 69 54 44 68 69 18 63 92 24 18 24 18 24 24 38 86 64 16 40 78 98 53 30 24 26 18 42 92 24
split_gain=417.255 276.186 400.897 341.821 408.909 285.458 297.84 272.77 227.258 301.878 548.29 558.428 309.918 388.305 768.373 311.702 236.356 219.033 214.128 264.435 208.494 206.181 198.736 197.424 316.126 309.188 202.8 196.797 195.245 192.853
threshold=2.5714037418365483 0.17255769670009616 0.23095065355300906 0.33333329856395727 0.22222221642732623 0.32259589433670049 35.500000000000007 0.49896682798862463 1.0588193535804751 4.5000000000000009 3.5000000000000004 3.5000000000000004 4.5000000000000009 6.5000000000000009 5.5000000000000009 150.50000000000003 1.9999957680702212 0.16666666418313983 6.5000000000000009 31.500000000000004 1.4285692572593691 1.5382492542266848 0.28571425378322607 51.500000000000007 31.500000000000004 149.50000000000003 18.500000000000004 29.412939071655277 1.2301363945007326 13.500000000000002
decision_type=2 2 2 2 2 2 2 2 2 2 2 2 2 2 2 10 2 2 2 8 2 2 2 2 2 2 2 2 2 2
left_child=1 8 23 5 20 -4 7 27 16 10 11 -10 21 14 -14 17 -1 -15 19 -6 -5 -11 -20 24 26 -26 -3 -7 -8 -2
right_child=29 2 3 4 18 6 28 -9 9 12 -12 -13 13 15 -16 -17 -18 -19 22 -21 -22 -23 -24 -25 25 -27 -28 -29 -30 -31
leaf_value=-0.0012424176703095839 -0.03259781995343046 0.00079916875215761555 -0.0024691576539170989 -0.0014288941240900223 0.0052120501071527443 -0.0013076653639213635 0.0019872627678422204 0.0023471870723549676 -0.032881926709372726 0.0042959330693096804 -0.0408741484668129 0.007156634523601998 -0.044518042991352237 0.0006830286733857595 -0.002019684271870683 0.011845633809130864 -0.0068822210921594034 -0.003281966051271513 0.0054834978134922019 0.0010270484533689793 0.0012574336165524767 0.019133658035524914 -0.00033868843188471313 0.0028676023122499307 -0.0092928879786436675 0.0093368456513648491 0.0056883439973053436 -0.01500368646650313 0.010254728413544261 -0.0045620178047040792
leaf_weight=141580.386036437 486.28816689085215 92423.258749742992 72075.881475767586 71520.191514767241 31775.063913110178 88535.216821427923 17333.814886711538 20952.327738514636 400.21569043537602 3084.5547287939116 419.37712365854532 1216.4051818442531 495.16483299154788 95526.781540807337 1499.2715703435242 2074.4852188704535 7000.8736021490768 14413.330351597629 6213.7974366107956 23751.018263333943 40831.94410807034 1149.0060516679659 34348.630269438494 70144.627164496109 4649.6552909947932 951.09514575637877 8304.4297004556283 934.62427047546953 3002.1156265717 404.91082357475534
leaf_count=351426 74339 230791 170449 156756 60400 212179 34546 46788 18452 11779 4546 6477 4272 218735 6210 2742 18412 31176 11047 51223 88471 4439 68551 127082 15349 2827 18333 2482 4797 5571
internal_value=5.0468e-05 7.20495e-05 0.00043638 -7.68709e-05 0.000776259 -0.000953573 -0.000117909 -0.000732487 -0.000724377 0.00024502 -0.0111518 -0.00303613 0.000443113 0.000146449 -0.0129081 0.00038115 -0.00150905 0.000162709 0.00221286 0.00342295 -0.000452557 0.00839398 0.000555481 0.0016324 0.000817148 -0.0061073 0.0012033 -0.00145406 0.00321663 -0.0202396
internal_weight=857499 856608 587748 411275 208441 202834 130758 110422 268860 120279 2036 1616.62 118243 114009 1994.44 112015 148581 109940 96088.5 55526.1 112352 4233.56 40562.4 176473 106328 5600.75 100728 89469.8 20335.9 891.199
internal_count=2060647 1980737 1302071 907689 436448 471241 300792 261449 678666 308828 29475 24929 279353 263135 10482 252653 369838 249911 191221 111623 245227 16218 79598 394382 267300 18176 249124 214661 39343 79910
is_linear=0
shrinkage=0.03


Tree=173
num_leaves=31
num_cat=0
split_feature=18 24 97 24 30 92 18 24 30 18 24 30 18 24 26 32 87 97 97 56 26 87 24 30 18 24 30 18 24 30
split_gain=332.824 419.138 480.559 366.221 428.853 303.199 277.172 445.361 634.588 500.402 391.597 727.272 476.819 274.615 259.229 256.24 256.229 255.6 451.897 335.199 362.182 385.84 264.016 782.778 544.083 370.757 701.205 327.949 361.773 395.395
threshold=48.500000000000007 71.500000000000014 1.1999675631523135 67.500000000000014 123.50000000000001 2.5714037418365483 42.500000000000007 55.500000000000007 93.500000000000014 35.500000000000007 43.500000000000007 79.500000000000014 29.500000000000004 13.500000000000002 135.50000000000003 348.50000000000006 0.88888442516326915 2.062482595443726 2.9998425245285039 14.216483592987062 65.500000000000014 0.88888442516326915 35.500000000000007 61.500000000000007 21.500000000000004 26.500000000000004 43.500000000000007 14.500000000000002 18.500000000000004 37.500000000000007
decision_type=2 2 2 2 2 2 2 2 2 2 2 2 2 2 2 2 2 2 2 2 2 2 2 2 2 2 2 2 2 2
left_child=3 -2 -3 5 -5 6 7 9 -9 10 12 -12 17 -7 -4 -10 -11 22 19 20 -19 -22 24 -24 25 27 -27 28 -1 -30
right_child=1 2 14 4 -6 13 -8 8 15 16 11 -13 -14 -15 -16 -17 -18 18 -20 -21 21 -23 23 -25 -26 26 -28 -29 29 -31
leaf_value=0.00050365908018402017 0.0088475498352724256 0.0033833201577515705 0.011235597588040575 -0.011068713238221294 -0.0010329255633179223 -0.032435430011221539 0.0030295643448032417 -0.0097828500420833568 0.0018246818269393541 0.0095744790248029118 -0.0063957209837252399 -4.2810965323506052e-05 0.0042925736426495274 0.00042625903561646373 -0.0068662377230171434 -0.0034294279501904572 0.0025106522134711031 -0.001310559586553631 -0.029414793397827581 -0.0052870993771401793 0.023223535465722655 0.0024052073868643768 -0.0066154795603398696 0.00044786580227139584 0.003263169684322725 -0.0075864815034616612 -0.00033576381760220858 0.0022225777858710331 -0.0049919881113398004 7.7759650693938969e-05
leaf_weight=237318.19352153596 8039.3015559725463 22937.774123176932 770.5723138153553 5765.5441621989012 11364.499188505113 473.59705974510871 26788.409327123314 9688.6346367523074 15102.78431661427 5515.1934631671757 24221.034217875451 49001.320233445615 24286.672086404637 425.77979541243985 7308.7898510172963 18648.402846492827 28179.650576712564 18099.00980245648 528.07561951689422 15868.08533402998 1150.8109492883086 2555.6052573039196 19729.360471978784 49539.297309704125 53664.842807065696 15415.306269334629 54007.418623466976 74306.996755810454 24902.872849624604 31148.21060858015
leaf_count=608021 13863 34484 1816 18662 19348 74484 51574 34716 25307 10596 72433 86031 47687 5542 26122 34387 54214 74048 32646 55446 2773 7212 58269 88210 100341 48023 102368 146506 65648 59022
internal_value=4.72443e-05 0.00275204 0.00116747 -8.20117e-05 -0.00441969 1.09115e-05 3.07066e-05 -7.33114e-05 -0.00302362 0.000102465 -7.05017e-05 -0.00214545 0.000173619 -0.0172073 -0.00511629 -0.00107866 0.00367186 6.26297e-06 -0.00236736 -0.00197282 0.00044165 0.00895907 0.000168254 -0.00156527 0.000412986 6.29208e-05 -0.00194751 0.000442604 -8.36268e-06 -0.00217565
internal_weight=856752 39056.4 31017.1 817696 17130 800566 799666 772878 43439.8 729438 695743 73222.4 622521 899.377 8079.36 33751.2 33694.8 598234 38201.6 37673.5 21805.4 3706.42 560032 69268.7 490764 437099 69422.7 367676 293369 56051.1
internal_count=2059799 76285 62422 1983514 38010 1945504 1865478 1813904 94410 1719494 1654684 158464 1496220 80026 27938 59694 64810 1448533 172125 139479 84033 9985 1276408 146479 1129929 1029588 150391 879197 732691 124670
is_linear=0
shrinkage=0.03


Tree=174
num_leaves=31
num_cat=0
split_feature=71 46 41 1 11 65 39 39 39 97 97 98 34 77 46 56 40 24 98 92 16 31 21 72 97 97 10 70 92 92
split_gain=284.173 730.92 399.894 887.565 339.051 321.805 308.965 663.492 371.889 327.687 442.813 339.739 320.375 287.739 254.959 249.779 247.519 231.366 244.395 244.026 218.76 229.616 203.889 198.985 197.417 178.925 176.711 182.277 174.263 171.026
threshold=1.4674905538558962 7.9127395153045663 8.6698107719421404 1.0000000180025095e-35 15.980784416198732 0.2105263099074364 45.500000000000007 67.500000000000014 123.50000000000001 1.9379744529724123 2.9998425245285039 1.8947233557701113 4.5000000000000009 0.85713902115821849 83.760513305664077 19.695053100585941 112.50000000000001 6.5000000000000009 0.74999848008155834 1.7142792940139773 7.5000000000000009 16.500000000000004 43.500000000000007 1.0384604632854464 1.3269196152687075 2.062482595443726 10.500000000000002 0.19155305624008181 1.1052591800689699 1.0909023880958559
decision_type=2 2 2 2 2 2 10 10 10 2 2 2 2 2 2 2 10 2 2 2 2 2 2 2 2 2 2 2 2 2
left_child=2 -2 3 6 -3 13 9 -8 12 11 15 20 16 -4 29 -11 25 19 -19 -10 21 -1 -13 -15 28 -9 27 -5 -23 -7
right_child=1 4 5 26 -6 14 7 8 17 10 -12 22 -14 23 -16 -17 -18 18 -20 -21 -22 24 -24 -25 -26 -27 -28 -29 -30 -31
leaf_value=-0.00065198445424533675 0.0064463025445720456 -0.0032198699044157586 -0.013458104632218318 0.0036311400026685873 0.0010441522005269471 -0.0033307936817232684 0.0033311159989220462 -0.003553485215966021 -0.0014258692046904627 -0.0011536078694471903 -0.029421311649954901 0.0017978900153158336 0.0016109838950484159 -0.0012293821176540252 0.0068984575201537701 -0.0060998578644196359 0.0029851239038503467 -0.00051690969418926181 0.0050480298406663958 -0.020950715556788371 -0.004069789641854421 0.0014521344131977944 0.009274654310911349 -0.0074633653091634366 -0.0073881104828645979 -0.017396595289660085 -0.0025902551878820889 0.0096251523837845594 0.0071551825672943273 0.00036287743694746243
leaf_weight=320355.61439708038 20903.930233984254 19663.81071501947 3308.1020603049546 8038.0341036322061 113869.79861628497 23506.807994537055 64399.560993259307 43607.027858459158 4391.7188455038704 29497.656399737112 545.58770164987072 28130.312747452874 17690.618589257356 10851.469411754282 3432.8109390020836 13334.165513077052 5374.9264732708689 11426.248645783402 18734.978775902418 643.74302346631885 15276.912694874452 25508.191092195921 3699.0909298197366 8002.051800022833 1896.3408214449883 838.41121393605135 1870.9279522704892 10665.02387464419 5931.0235435534269 21670.38119682367
leaf_count=755480 38563 45756 8725 15114 240503 50689 135471 111583 11649 146194 45873 85509 34383 23113 6246 50733 11039 21826 30720 5755 31586 43543 8755 18600 5560 3453 3851 18078 8245 43362
internal_value=6.77483e-05 0.00123284 -0.000188366 5.11883e-05 0.000415855 -0.00232654 -0.000155181 0.000944348 -0.000552556 -0.000568868 -0.00304513 -0.00030073 -0.00185582 -0.00532092 -0.000959756 -0.00269558 -0.00308699 0.00194688 0.00294087 -0.00399497 -0.000557314 -0.000405379 0.00267209 -0.00388039 0.00196348 -0.00382233 0.00617689 0.00705573 0.00253188 -0.00155965
internal_weight=857065 154438 702628 631856 133534 70771.6 611282 167107 102708 444175 43377.4 400797 67511 22161.6 48610 42831.8 49820.4 35196.7 30161.2 5035.46 368968 353691 31829.4 18853.5 33335.6 44445.4 20574 18703.1 31439.2 45177.2
internal_count=2059957 324822 1735135 1584400 286259 150735 1547357 365879 230408 1181478 242800 938678 160458 50438 100297 196927 126075 69950 52546 17404 844414 812828 94264 41713 57348 115036 37043 33192 51788 94051
is_linear=0
shrinkage=0.03


Tree=175
num_leaves=31
num_cat=0
split_feature=92 24 87 97 78 98 97 93 67 87 18 46 11 26 97 92 98 40 100 86 87 46 61 98 82 38 92 40 87 92
split_gain=364.275 1365.34 1013.52 276.298 267.099 344.095 328.277 266.117 242.519 240.944 417.708 243.268 513.554 381.616 288.533 399.546 390.318 307.956 272.512 269.146 254.845 251.948 250.68 242.052 233.778 225.328 220.044 216.077 209.376 257.825
threshold=2.2499620914459233 7.5000000000000009 1.5999855995178225 2.5384352207183842 1.1622274518013003 0.86234769225120556 1.1320725679397585 2.1666585206985478 57.34453201293946 1.7999919056892397 10.500000000000002 8.8193674087524432 4.5929138660430917 28.500000000000004 1.5833273530006411 1.2499961256980898 1.5382492542266848 inf -0.80924385786056507 1.0487878322601321 0.99999827146530162 34.69090652465821 16.259942054748539 0.99082499742507946 1.2857084870338442 47.500000000000007 1.1249905228614809 17.500000000000004 0.92637640237808239 0.94736504554748546
decision_type=2 2 2 2 2 2 2 2 2 2 2 2 2 2 2 2 2 8 2 2 2 2 2 2 2 10 2 10 2 2
left_child=4 -2 -3 -4 9 -6 24 8 -8 11 -11 12 25 -13 16 22 17 18 21 -18 -17 26 -16 -20 -7 -1 -15 -21 29 -24
right_child=1 2 3 -5 5 6 7 -9 -10 10 -12 13 -14 14 15 20 19 -19 23 27 -22 -23 28 -25 -26 -27 -28 -29 -30 -31
leaf_value=-0.0005048652506934731 -0.040335305537598135 -0.039311530192518478 0.0058101392518573837 -0.014049205801791056 -0.00080405068759609004 0.004119166298219395 0.00036046903994700218 0.0057076036646597954 -0.012292478672033119 -0.029934099298705875 0.00069909057662437821 0.0032940826344198502 0.003894090936074721 -0.0029009149054412381 0.00028541448490243494 0.015367478090975007 0.007182660930174836 -0.012414181118082034 -0.0071121923324863213 -0.0032849839238385786 -0.0021273897690406163 0.0025082665442131228 -0.012910940714899228 -0.0020901061767559458 0.00065763768359687223 0.0015882241873512815 0.0019062112325697364 0.0053004920223232235 -0.015176857706130004 0.0033714796677356096
leaf_weight=289138.99749207124 926.51216659205966 548.99246691353619 4306.7852042368613 718.6530090328306 85554.837697816081 53258.685884112027 129378.22210552078 8472.3604581798427 1357.8675667438656 653.15035953046754 987.33434754982591 15371.672088123858 30442.687932373025 30896.171771124005 2100.1869416600093 789.32518300227821 7656.8815649747849 2389.0865824893117 11271.545160472393 7093.350050650537 10104.433334116824 20013.210846051574 1924.584681186825 36879.903435945511 26204.502017614432 55092.095936013386 11840.741766624153 4173.7090399637818 5054.6160246133804 1579.4009205261245
leaf_count=692939 73782 4395 15624 14864 174448 85708 324833 23659 4215 41339 2323 34241 57729 58367 7985 1749 14247 6114 24109 15536 27936 33818 8812 74688 51175 126829 18980 7997 25538 4879
internal_value=4.24309e-05 -0.00702108 -0.00135961 0.00292576 9.66382e-05 0.000808822 0.00143987 0.000561506 0.000227191 -0.000300597 -0.011711 -0.000265747 0.00016058 -0.00121005 -0.00166068 -0.00487782 -0.00113559 -0.00180183 -0.00157102 0.00285062 -0.000833932 -0.000268081 -0.00900155 -0.00326817 0.00297811 -0.000169806 -0.00156878 -0.000100869 -0.0112758 -0.00559425
internal_weight=856181 6500.94 5574.43 5025.44 849680 304226 218672 139208 130736 545453 1640.48 543813 374674 169139 153767 21552.5 132215 113291 110902 18923.9 10893.8 62750.1 10658.8 48151.4 79463.2 344231 42736.9 11267.1 8558.6 3503.99
internal_count=2058858 108665 34883 30488 1950193 664038 489590 352707 329048 1286155 43662 1242493 877497 364996 330755 76899 253856 216076 209962 37780 29685 111165 47214 98797 136883 819768 77347 23533 39229 13691
is_linear=0
shrinkage=0.03


Tree=176
num_leaves=31
num_cat=0
split_feature=16 24 18 24 66 19 94 51 39 38 2 44 54 18 39 39 63 37 71 40 98 63 66 69 57 24 63 30 68 98
split_gain=312.914 304.523 1146.47 601.686 292.722 279.51 266.131 279.302 306 296.452 263.707 266.954 214.191 208.917 232.202 306.191 295.924 207.271 191.239 186.179 189.345 185.154 263.874 237.695 183.774 210.626 188.395 195.951 208.953 201.536
threshold=28.500000000000004 3.5000000000000004 2.5000000000000004 2.5000000000000004 43.155807495117195 20.500000000000004 -1.9055994749069212 61.162912368774421 115.50000000000001 173.50000000000003 32.500000000000007 1.4999997019767763 0.8764738440513612 29.500000000000004 45.500000000000007 70.500000000000014 0.31830878555774694 106.50000000000001 1.7494468092918398 18.500000000000004 1.2083310484886172 0.39999996125698095 19.933738708496097 0.071428570896387114 9.3653540611267108 43.500000000000007 0.031249999068677429 83.500000000000014 0.49999995529651647 1.058815121650696
decision_type=2 2 2 2 2 2 2 2 10 10 2 2 2 2 10 10 2 8 2 8 2 2 2 2 2 2 2 2 2 2
left_child=1 2 3 -1 6 -2 13 8 9 10 11 12 17 14 16 -16 -3 21 -13 20 -12 22 -8 -23 25 -15 -27 28 -28 -29
right_child=5 4 -4 -5 -6 -7 7 -9 -10 -11 19 18 -14 24 15 -17 -18 -19 -20 -21 -22 23 -24 -25 -26 26 27 29 -30 -31
leaf_value=-0.031174791266180089 -0.013174300601371309 -0.0026480106740977283 -0.036845827252887313 0.0042861734954458179 -0.0010157656303015708 -0.0011244942313100015 -0.00039507134575235821 0.0039050292786931727 0.0026640988454631137 0.010419122022116633 -0.0028083566600986478 0.00080935898558016212 -0.0031585425349225935 0.0087414623304557359 0.0034664265339484153 -0.0010327856850504632 0.0011962121002419912 0.010984627772743857 0.0074487156722238381 0.0068699555718963476 0.0033452651844297254 -0.0034051978441182258 -0.0025340657800196151 0.00089138975241773795 0.0076924420011836988 -0.0083702828122623977 -0.00028634190859636233 0.00079024239047970903 -0.015236447637711472 0.0062284355178977421
leaf_weight=472.73678241786547 3007.3161865379661 30191.992576049175 937.71154179167934 3396.9614776135422 169578.12496839114 4060.446093397215 173536.14908131352 16039.722828015685 33088.68210359267 2278.7944147789385 7153.3639888246544 11471.633466604399 30082.255399894668 4081.8226345069706 44862.743863431737 19528.777012650156 44647.807998548262 1382.6224454964977 5903.6925680842251 6658.2929270907771 12060.598215847742 13020.64767224947 74043.299350691261 104036.97367951204 6761.9547209516168 1623.4327575359493 6285.0273741874844 13190.291395232081 951.59749581664801 11454.280059717596
leaf_count=58851 7304 67875 21631 19295 381892 7940 487609 30797 60689 3358 12654 26334 78145 7510 93969 45846 93769 3871 11131 12722 26123 31822 166248 224111 11443 3968 18478 22381 3397 19116
internal_value=2.93864e-06 5.53597e-05 -0.00745803 -0.00018389 9.83359e-05 -0.00627437 0.000378525 1.39997e-05 -0.000117629 -0.000326159 -0.000382364 -0.000566258 -0.000725966 0.00135289 0.00078149 0.002102 -0.000354924 -0.000525877 0.00307121 0.0025547 0.00105373 -0.000570122 -0.00103493 0.000412968 0.00314563 0.00232399 0.00153741 0.00204685 -0.00228882 0.0033208
internal_weight=855790 848722 4807.41 3869.7 843915 7067.76 674336 490757 474717 441628 439350 413477 396102 183580 139231 64391.5 74839.8 366020 17375.3 25872.3 19214 364637 247579 117058 44348.4 37586.5 33504.6 31881.2 7236.62 24644.6
internal_count=2060279 2045035 99777 78146 1945258 15244 1563366 1175614 1144817 1084128 1080770 1029271 991806 387752 301459 139815 161644 913661 37465 51499 38777 909790 653857 255933 86293 74850 67340 63372 21875 41497
is_linear=0
shrinkage=0.03


Tree=177
num_leaves=31
num_cat=0
split_feature=69 64 59 68 64 59 63 24 18 92 92 87 40 87 24 87 92 87 92 97 87 97 66 67 92 24 87 92 53 40
split_gain=365.336 394.919 348.403 245.238 258.587 241.195 359.578 237.158 680.596 372.942 257.873 561.928 309.232 212.695 986.426 218.238 792.558 1305.83 390.181 697.185 259.038 253.219 233.773 258.712 208.22 848.651 653.528 333.071 205.714 203.09
threshold=0.38346844911575323 0.55778253078460704 0.38213971257209783 0.29999999701976782 0.23638265579938891 0.4255319088697434 0.23263126611709598 3.5000000000000004 2.5000000000000004 1.4454341530799868 1.1249905228614809 1.0714268684387209 31.500000000000004 0.85713735222816478 12.500000000000002 1.0960043072700503 1.4999493956565859 1.0178617835044863 1.4999493956565859 1.5449989438056948 1.3333273530006411 1.1320725679397585 94.204967498779311 24.954914093017582 2.2499620914459233 7.5000000000000009 1.5999855995178225 2.5714037418365483 0.99999925494194042 152.50000000000003
decision_type=2 2 2 2 2 2 2 2 2 2 2 2 10 2 2 2 2 2 2 2 2 2 2 2 2 2 2 2 2 10
left_child=2 5 7 4 -4 -2 -7 8 9 -1 11 29 -13 14 -12 16 22 -18 19 20 -17 -22 -15 -24 -20 -26 -27 -28 -14 -9
right_child=1 -3 3 -5 -6 6 -8 10 -10 -11 13 12 28 15 -16 18 17 -19 24 -21 21 -23 23 -25 25 26 27 -29 -30 -31
leaf_value=0.0032102572081155753 0.0034694119028002173 -0.00015736333515868422 0.0069771443770374969 -0.00044336454898022442 -0.0050498928914469677 -0.0011584054934235262 0.0031472538550601625 -0.00030330130575624911 -0.036348581111869602 -0.030238354038818947 -0.045364934440641096 -0.0057603308156758638 6.9781069780396374e-05 0.0040174839724672548 0.0096314683046980522 0.0011347640602333967 -0.045612294707963609 0.0033251050955564049 0.0023862546779458943 -0.0074454400960371515 -0.00091542221769743922 -0.0093851095379081598 -0.016676382519065183 0.0046320758946091787 -0.0410184880556645 -0.0369223342130744 0.0086841749962479255 -0.020854910623381007 -0.013776819630866237 0.0040926116633615058
leaf_weight=2166.2798745017499 61038.662006236147 151574.57074415754 1682.6579978372902 25111.7522692075 30113.094736125553 36701.734106174437 33256.972405059496 265969.51713877451 607.87719308957458 327.76467346888967 458.80445575714111 27329.094968892634 17156.16997768078 40685.244193221442 744.5184028679505 50870.212771423161 776.71347275096923 1271.3459915928543 61957.659188924823 13222.169400781393 11540.492653470486 4366.3540516551584 1040.132656307891 979.99142558220774 485.35917523363605 353.70134719181806 2748.2801336087286 372.97729715076275 1003.2327548228204 9787.5198779460043
leaf_count=9186 129707 351900 4481 55839 75361 89126 69659 615275 15073 46911 3628 70461 40418 82315 2053 91149 7013 3609 154719 43923 23738 11223 2920 1997 17996 2968 8585 10972 2611 14949
internal_value=2.51019e-06 0.000885286 -0.000432744 -0.00266008 -0.00440943 0.00209156 0.000888734 -0.000187112 -0.00843063 -0.00139111 -0.000136951 -0.000656699 -0.00374519 0.000733216 -0.0117365 0.000813134 0.00264531 -0.0154957 0.000250914 -0.00115715 8.98129e-05 -0.00324918 0.00352216 -0.00639527 0.0019596 -0.00469366 0.000585643 0.00504407 -0.000709502 -0.00014699
internal_weight=855701 282572 573129 56907.5 31795.8 130997 69958.7 516221 3101.92 2494.04 513119 321246 45488.5 191874 1203.32 190671 44753.4 2048.06 145917 79999.2 66777.1 15906.8 42705.4 2020.12 65918 3960.32 3474.96 3121.26 18159.4 275757
internal_count=2059765 640392 1419373 135681 79842 288492 158785 1283692 71170 56097 1212522 743714 113490 468808 5681 463127 97854 10622 365273 170033 126110 34961 87232 4917 195240 40521 22525 19557 43029 630224
is_linear=0
shrinkage=0.03


Tree=178
num_leaves=31
num_cat=0
split_feature=69 63 66 59 40 52 30 93 26 15 30 32 97 98 43 68 98 38 69 31 66 38 39 0 51 40 26 69 59 41
split_gain=320.745 393.57 343.539 286.328 266.134 263.194 375.177 250.241 240.756 239.664 231.435 230.548 221.205 248.576 229.432 248.6 217.177 216.76 329.922 215.708 192.935 192.066 188.71 185.937 185.854 223.198 247 177.512 242.169 176.165
threshold=0.16666664928197863 0.20970761775970462 21.705315589904789 0.15384615212678912 inf 12.909906387329103 9.5000000000000018 0.62068819999694835 85.500000000000014 1.5000000000000002 69.500000000000014 171.50000000000003 1.8292622566223147 1.8947233557701113 0.28571425378322607 0.12862394750118258 1.4829397201538088 23.500000000000004 0.096169792115688338 12.500000000000002 41.36012268066407 9.5000000000000018 47.500000000000007 6.5000000000000009 14.775785446166994 inf 22.500000000000004 0.38346844911575323 0.32513827085495001 6.9461054801940927
decision_type=2 2 2 2 8 2 2 2 2 2 2 2 2 2 2 2 2 10 2 2 2 10 10 2 2 8 2 2 2 2
left_child=3 2 7 17 12 6 -3 8 -2 -7 24 -12 13 14 15 -4 -13 18 20 -10 -1 -15 23 27 -8 -26 -27 28 -9 -16
right_child=1 5 4 -5 -6 9 10 22 19 -11 11 16 -14 21 29 -17 -18 -19 -20 -21 -22 -23 -24 -25 25 26 -28 -29 -30 -31
leaf_value=-0.0017126219935861904 0.0014409455080344855 -0.0081505497854721196 -0.0021703703475728676 -0.0028805803114381663 -0.0074705287665362118 0.0069531985520146292 0.0020320178888752253 -0.0010172500518999066 0.0094781499766962238 -0.00038218240125210582 0.0062897122119618468 0.0016483590597858072 -0.0059801791478216997 0.0079083615381647029 0.006701864035346998 0.0008892377641614936 0.0079165094248616896 0.00090835854509367956 0.00072695227803717727 -0.0030181208842479275 -0.0059102498266558751 -0.006835398087745091 0.0021168478298945444 0.0041125751896016654 0.00034284979899579108 0.0037873043803359633 -0.012382063371137803 7.9554165671640365e-05 -0.0061407124190114145 -0.0065389380979387129
leaf_weight=63730.863595079165 34460.607952752151 3351.7856171899475 49974.380508837523 48776.844955592649 6399.596232379321 4161.7984724482521 93176.788135191659 25308.936748991953 6667.9453483251855 96808.208839545026 17913.617922358215 45532.243825305253 8105.949153163936 4552.0899655874819 980.13512255717069 45776.806130877463 5568.2241291776299 79122.877683871659 52946.514637307264 1516.9838523343205 11645.553376021096 946.47953497711569 25756.378951873165 6432.3442277093418 45226.243825768353 1245.7307071273681 2606.9055293705314 45888.079452615464 12344.304820046527 9785.7553090334404
leaf_count=224110 89463 21558 104641 120850 20508 11630 198290 75026 13773 211130 28536 76516 31158 9939 1622 90541 11305 197822 120975 3114 29100 2717 53671 12184 101849 3578 8074 126276 38546 21772
internal_value=7.57177e-05 0.000454892 -0.000353448 -0.000812888 -0.00151887 0.00118459 0.00177877 0.000577644 0.00254152 -7.85143e-05 0.00193706 0.00336244 -0.0012006 -0.00085372 -0.00117516 -0.00070775 0.00233421 -0.000326479 -0.00108789 0.0071604 -0.00236255 0.00535491 -0.00014634 -0.00079454 0.00124517 -0.000248888 -0.00716122 -0.00117326 -0.0026993 -0.00532329
internal_weight=856711 600488 284897 256223 126521 315592 214622 158376 42645.5 100970 211270 69014.1 120122 112016 106517 95751.2 51100.5 207446 128323 8184.93 75376.4 5498.57 115730 89973.7 142256 49078.9 3852.64 83541.3 37653.2 10765.9
internal_count=2060274 1367417 694951 692857 282898 672466 449706 412053 106350 222760 428148 116357 262390 231232 218576 195182 87821 572007 374185 16887 253210 12656 305703 252032 311791 113501 11652 239848 113572 23394
is_linear=0
shrinkage=0.03


Tree=179
num_leaves=31
num_cat=0
split_feature=30 24 32 98 97 97 24 18 24 30 18 66 24 30 18 87 18 87 63 24 30 26 100 24 18 97 24 54 30 98
split_gain=261.445 962.102 786.505 640.735 443.209 437.94 638.656 402.493 507.689 516.065 502.636 455.198 386.052 697.451 463.132 387.47 807.394 384.393 379.054 373.746 474.823 351.032 326.645 313.13 300.636 300.773 330.106 293.748 283.032 281.422
threshold=63.500000000000007 39.500000000000007 115.50000000000001 1.2352917194366457 2.3854792118072514 1.5833273530006411 53.500000000000007 29.500000000000004 32.500000000000007 49.500000000000007 21.500000000000004 15.425179958343508 24.500000000000004 39.500000000000007 14.500000000000002 1.7999919056892397 10.500000000000002 0.76190313696861278 0.30312806367874151 16.500000000000004 20.500000000000004 42.500000000000007 -0.40951371192932123 26.500000000000004 12.500000000000002 2.5384352207183842 6.5000000000000009 0.16132975369691852 119.50000000000001 1.6590567827224734
decision_type=2 2 2 2 2 2 2 2 2 2 2 2 2 2 2 2 2 2 2 2 2 2 2 2 2 2 2 2 2 2
left_child=1 7 -2 18 -3 28 -7 8 10 11 12 -10 14 -14 15 19 -17 27 -4 21 -21 24 -8 -12 25 -1 -27 -16 29 -5
right_child=2 4 3 5 -6 6 22 -9 9 -11 23 -13 13 -15 17 16 -18 -19 -20 20 -22 -23 -24 -25 -26 26 -28 -29 -30 -31
leaf_value=5.6493316533276772e-05 0.0054593089970488276 -0.0070972559477549216 -0.0019531585763566221 0.0012622636850729641 0.0087774634938678903 0.0082372126151904809 -0.01478628029737253 0.007365363442243051 -0.00070648898140508341 -0.000858841022133077 0.010401212978151077 -0.0120807155860711 -0.0072254163143543656 -0.00041366114961471803 0.012869849765806499 -0.030139631079320911 0.0015830985515223816 0.0014989137563323443 0.00067712122649005385 -0.012306797509616335 -0.0014011301948765871 0.0045426574808661952 -0.0025345603784372693 0.0024170758506715348 0.0059151439915805159 -0.03236892702684252 -0.0051538010811484347 0.0030473911409186209 0.0067374439746842258 0.0061393869661384255
leaf_weight=194700.12861714698 28710.726464104839 23809.73945672065 104537.19754046528 54832.508988367394 1678.790605686605 3093.8683884888887 3406.1214622557163 6439.9847357016988 4875.8083965182304 24390.172957971692 5344.3942211144604 9027.3735971767455 18324.090498296544 51539.46573696658 5186.0494588334113 1172.6047381258104 1825.482808129862 49779.570682059042 93307.917223198339 3757.6272913366556 73803.995543323457 17646.44387765089 4596.1067518219352 25264.269504120573 7773.8589222431183 455.08023996884003 2655.8233639220707 5819.9347514333203 15197.304798647761 13199.412737116218
leaf_count=480412 49179 87399 194175 104570 4324 6103 17625 14908 15116 49318 12606 32618 58490 99382 10705 135040 8591 111049 161136 14424 159077 39642 20738 53551 17987 20768 21429 13253 22002 24517
internal_value=4.60201e-05 -0.000359879 0.000723091 0.000257335 -0.00604561 0.00229172 -0.0033024 -7.53723e-05 -0.000170861 -0.00349022 0.000102602 -0.00809855 -0.000159263 -0.00220183 0.000232253 -0.000246088 -0.0109417 0.00262218 -0.00071272 -0.000138761 -0.00193251 0.000484594 -0.00777333 0.00381702 0.000135861 -9.18365e-05 -0.00931632 0.00769071 0.00303814 0.00221004
internal_weight=856152 535271 320881 292170 25488.5 94325.3 11096.1 509782 503342 38293.4 465049 13903.2 434440 69863.6 364577 303791 2998.09 60785.6 197845 300793 77561.6 223231 8002.23 30608.7 205585 197811 3110.9 11006 83229.2 68031.9
internal_count=2060134 1460089 600045 550866 91723 195555 44466 1368366 1353458 97052 1256406 47734 1190249 157872 1032377 897370 143631 135007 355311 753739 173501 580238 38363 66157 540596 522609 42197 23958 151089 129087
is_linear=0
shrinkage=0.03


Tree=180
num_leaves=31
num_cat=0
split_feature=69 39 63 48 46 50 18 24 30 39 63 66 27 15 67 27 58 87 61 92 51 3 37 24 30 24 20 24 97 97
split_gain=351.307 289.775 407.631 429.573 291.632 265.723 245.536 306.66 287.043 256.364 265.079 220.999 274.844 223.073 215.344 200.704 199.288 230.398 198.765 198.129 196.714 196.547 192.101 191.997 188.068 246.427 184.45 207.442 179.162 177.865
threshold=0.096169792115688338 115.50000000000001 0.15384615212678912 0.4999998956918717 6.9062023162841806 0.79999986290931713 10.500000000000002 12.500000000000002 29.500000000000004 43.500000000000007 0.41666664183139807 18.797018051147464 25.500000000000004 9.5000000000000018 1.1355249285697939 63.500000000000007 0.59999999403953563 1.0333682894706728 18.449913978576664 1.1538438200950625 17.465909004211429 1.5000000000000002 116.50000000000001 3.5000000000000004 111.50000000000001 61.500000000000007 99.500000000000014 49.500000000000007 1.1739061474800112 2.2499577999114995
decision_type=2 10 2 2 2 2 2 2 2 10 2 2 2 2 2 2 2 2 2 2 2 2 8 2 2 2 2 2 2 2
left_child=22 2 11 6 -5 16 7 29 14 10 18 12 23 15 -9 -14 17 26 -8 28 -15 -12 -1 -2 25 -20 -6 -28 -19 -4
right_child=1 -3 3 4 5 -7 9 8 -10 -11 21 -13 13 20 -16 -17 -18 19 24 -21 -22 -23 -24 -25 -26 -27 27 -29 -30 -31
leaf_value=-0.0014898233176088291 -0.012048196246180944 0.0031496552890313014 0.0016657811328935656 0.0043086041275141977 -0.0029753751117272075 0.0032986566903340951 0.0022347732439442704 0.0047026339091133717 0.00017289689496928232 0.0045189192598020485 0.0017344730268601812 -0.0018978007539760622 0.0040027586656197628 0.001546368019939949 -0.007527866226173705 0.015991980721328299 -0.00038951293564391299 -0.0063222953875395902 -0.00030912893063521222 -0.0031298602552090175 -0.0054048068645566518 0.0049888674889114956 0.0099585855711875563 -0.00083909638569198964 0.0023746258248070842 -0.0075794218983407744 0.0088933987901022721 -0.00053728155797225566 -0.01665180451105364 -0.0079823449732904176
leaf_weight=134081.60762361716 1378.2106759815942 30480.754267063923 39761.311259885319 9381.8317260285839 17177.143779966049 10838.866538146976 50491.117777709151 1450.3405327033252 13336.182601214387 25757.230996011291 48920.70599548961 103015.39341444848 9604.0968072842807 28478.893162184395 11250.426585871726 1431.1140764104202 56795.111212677089 6423.3579800520092 82077.310782513581 16548.085047281347 4184.8670006063767 25370.131114306161 1312.5111929199193 84507.622268218547 22917.173418082297 4402.118819899857 2882.8177568688989 7575.2907549068332 1978.9919333681464 1777.7359622053336
leaf_count=391763 30440 61385 102752 18392 38634 26097 100489 3335 25357 50059 100320 233315 21210 62305 29369 2611 124065 12681 175876 36988 9722 46186 11096 248856 36624 15549 5340 15972 7283 16136
internal_value=2.45255e-05 0.000288111 0.000161563 0.000681806 -0.000780072 -0.00117784 0.00126031 -0.000350638 -0.00290205 0.0016791 0.00136639 -0.000860807 -3.62666e-05 0.00190015 -0.00612603 0.00558371 -0.00162195 -0.00295239 0.000678218 -0.00504114 0.000653024 0.00284688 -0.00137739 -0.00102173 -4.04742e-05 -0.00068088 -0.00106428 0.00207433 -0.00878895 0.00124923
internal_weight=855588 720194 689713 457113 129601 120220 327512 67576 26036.9 259936 234179 232600 129585 43699 12700.8 11035.2 109381 52585.7 159888 24950.4 32663.8 74290.8 135394 85885.8 109397 86479.4 27635.3 10458.1 8402.35 41539
internal_count=2060207 1657348 1595963 987504 285452 267060 702052 176949 58061 525103 475044 608459 375144 95848 32704 23821 240963 116898 328538 56952 72027 146506 402859 279296 228049 191425 59946 21312 19964 118888
is_linear=0
shrinkage=0.03


Tree=181
num_leaves=31
num_cat=0
split_feature=24 18 24 40 18 24 24 97 26 46 50 44 39 99 39 11 87 78 33 39 30 24 73 99 18 63 87 17 66 24
split_gain=322.553 1008.18 527.277 354.818 274.715 406.687 396.127 559.956 300.529 279.754 622.989 378.301 283.958 626.044 281.57 257.567 237.86 277.211 217.662 192.713 190.874 197.643 190.473 290.477 180.286 174.363 171.877 176.092 169.936 168.703
threshold=3.5000000000000004 2.5000000000000004 2.5000000000000004 201.50000000000003 46.500000000000007 69.500000000000014 67.500000000000014 1.1739061474800112 129.50000000000003 8.3771190643310565 0.087121207267045989 1.4999997019767763 47.500000000000007 -1.4701688289642332 64.500000000000014 13.895949840545656 0.91366323828697216 0.37815101444721227 11.500000000000002 115.50000000000001 105.50000000000001 77.500000000000014 0.9999990463256837 -0.30116376280784601 52.500000000000007 0.15384615212678912 0.96662816405296337 231.4081954956055 10.633844852447512 14.500000000000002
decision_type=2 2 2 10 2 2 2 2 2 2 2 2 10 2 10 2 2 2 2 10 2 2 2 2 2 2 2 2 2 2
left_child=1 2 -1 4 5 9 -6 -8 -9 10 12 15 -2 14 -14 -11 29 -18 -15 25 22 24 26 -24 -22 -16 -10 -28 -12 -17
right_child=3 -3 -4 -5 6 -7 7 8 20 11 28 -13 13 18 19 16 17 -19 -20 -21 21 -23 23 -25 -26 -27 27 -29 -30 -31
leaf_value=-0.031113957236757164 -0.00056118422399883136 -0.036478936930492027 0.0030522382334646886 0.0060285409022313068 0.0081335976584496605 -0.0090419290196281053 0.0032566954289044697 0.009007035151513831 -0.0053459934012537232 -0.0040788340505385516 0.00022862845197743828 0.0038282369973082946 0.0027938555935380395 0.0021230088696007898 -0.0029019448199223675 0.0063199409337750924 -0.0043788237159407819 -0.00093509213450652029 0.0069344359886043348 0.0012625906623627092 -0.0030993636747437703 -0.0090512439195803585 -0.01383752236424615 0.010133326327239109 0.0088919227453760578 0.00025853125339799757 -0.03547617463878832 -0.010653665805398274 0.0046557518832033859 0.00033753305262917358
leaf_weight=442.62627334264107 319964.51433266536 877.23157827206887 3333.7370919198729 8705.6857246626168 8143.7274379041046 4624.2708676978946 29520.739019364119 1401.8783888071775 592.18662670999765 25097.333351530833 10082.309138956945 14230.632853087038 25449.943272014149 16440.144904654007 39925.216403684346 4613.6295495480299 24504.219378998503 148119.11703585018 17472.895632288186 29373.93916121521 3990.5271572172642 3219.8114869520068 1176.4838567897677 716.16900093853474 1550.2572164833546 25890.249131656019 644.63476270437241 457.93048836290836 34536.064244911075 50285.068601837382
leaf_count=58755 833137 21442 19199 11870 14187 11032 44495 3086 3245 59303 23762 28301 50725 35193 92587 10335 60034 319673 31834 59510 8450 9528 6219 3241 2401 60987 3882 2566 63000 108778
internal_value=-3.31008e-05 -0.00789281 -0.00109519 1.00773e-05 -5.22893e-05 -0.000190495 0.00207218 0.00092816 -0.00406863 -0.00013819 0.000267596 -0.000927574 -5.1145e-05 0.00100471 -7.85971e-06 -0.00119576 -0.000877407 -0.00142439 0.00460461 -0.000757359 -0.00556529 -0.00316514 -0.0113765 -0.00475598 0.000275595 -0.00165899 -0.0186284 -0.0255401 0.00365592 0.000842407
internal_weight=855383 4653.59 3776.36 850730 842024 790610 51414.3 43270.6 13749.9 785985 519135 266850 474517 154552 120639 252619 227522 172623 33913 95189.4 12348 8760.6 3587.4 1892.65 5540.78 65815.5 1694.75 1102.57 44618.4 54898.7
internal_count=2060757 99396 77954 1961361 1949491 1848191 101300 87113 42618 1837159 1250735 586424 1163973 330836 263809 558123 498820 379707 67027 213084 39532 20379 19153 9460 10851 153574 9693 6448 86762 119113
is_linear=0
shrinkage=0.03


Tree=182
num_leaves=31
num_cat=0
split_feature=92 92 87 97 87 92 24 92 97 87 87 24 18 24 92 97 87 92 35 97 36 97 92 87 92 87 97 87 92 97
split_gain=320.003 302.279 546.341 503.039 353.97 637.147 1251.02 557.88 794.613 441.638 383.756 360.907 1455.86 987.718 361.466 587.569 389.737 346.127 357.566 346.942 486.522 346.467 345.237 904.05 1107.13 457.164 606.946 288.728 284.19 338.676
threshold=2.5714037418365483 0.54545119404792797 0.59999728202819835 0.89189010858535778 0.86956349015235912 1.1739111542701723 14.500000000000002 0.96189993619918834 1.0312456488609316 0.99999713897705089 0.9999774992465974 4.5000000000000009 3.5000000000000004 3.5000000000000004 1.3070695400238039 1.2352842688560488 1.199993968009949 1.1538438200950625 81.515895843505874 2.062482595443726 5.5000000000000009 1.7906786799430849 0.85713458061218273 0.66666367650032055 0.93103229999542247 0.70588049292564403 1.5449989438056948 1.1111055016517641 0.72413626313209545 0.99999290704727184
decision_type=2 2 2 2 2 2 2 2 2 2 2 2 2 2 2 2 2 2 2 2 2 2 2 2 2 2 2 2 2 2
left_child=1 2 -1 -4 5 22 -7 8 -6 -10 -9 12 13 -12 15 27 17 18 -17 -19 -21 -20 25 24 -24 -3 28 -13 29 -27
right_child=-2 4 3 -5 7 6 -8 10 9 -11 11 14 -14 -15 -16 16 -18 19 21 20 -22 -23 23 -25 -26 26 -28 -29 -30 -31
leaf_value=-0.00025149247475172797 -0.018357336986210584 0.002849193572232781 -0.0034477418113470258 -0.014560683441256134 -8.3435019711054285e-05 -0.046320568956360907 0.010172327302712154 0.0024317816211344881 -0.0036482277533435433 -0.011167903219869444 -0.032467331859575309 0.0015984834314081789 -0.042222277710476118 0.0093201089375017018 0.0010922902234763001 0.00049505467935603929 -0.0079316195541866419 0.0012380872328877413 -0.0048700148282000344 -0.014334581766749638 0.013081279317597718 -0.016624715361156613 0.0031291591199174066 0.0046217385073992184 -0.041546265557642507 0.00023438590267633487 -0.0097462065961441968 -0.00093179123316752084 0.0016570207140904649 -0.006699453218804885
leaf_weight=55074.638282951899 838.20053220819682 51369.240704664029 16598.688403888606 4692.7995128110051 78057.103756006807 701.74593173433095 678.53653595224023 64328.46034124447 40289.49214707315 8506.7505801022053 619.33682958199643 80318.573015339673 896.61801813449711 2478.8329043891281 169339.57869544299 10614.586455836892 11495.156190722249 30187.110786654055 21211.940811872482 2797.3620553091168 717.60373239964247 2511.9348870292306 1173.0197396622971 44353.301125684753 845.83044585119933 16977.554734759033 6286.055162742734 82011.506341045722 38427.298762820661 10097.048209816217
leaf_count=129266 80136 121335 39705 14306 157355 5361 1851 143703 109453 27810 27548 133169 8922 12912 395757 32914 36971 66379 62701 11243 2427 15480 3211 93890 8722 32523 25664 158184 75153 26271
internal_value=-4.74581e-05 -2.90502e-05 -0.00182984 -0.00590848 0.000147914 0.0013537 -0.0188004 -0.000191973 -0.001961 -0.00496319 0.000276063 -5.80318e-05 -0.00900916 0.000811962 2.93607e-05 -0.000714866 -0.00282694 -0.00196245 -0.00408132 0.00019756 -0.00869511 -0.00612758 0.00151999 0.00372569 -0.0158123 0.000689016 -0.000857103 0.000320195 -1.32373e-06 -0.00235452
internal_weight=854496 853658 76366.1 21291.5 777292 170910 1380.28 606382 126853 48796.2 479529 415200 3994.79 3098.17 411205 241866 79535.7 68040.5 34338.5 33702.1 3514.97 23723.9 169529 46372.2 2018.85 123157 71788 162330 65501.9 27074.6
internal_count=2060322 1980186 183277 54011 1796909 393981 7212 1402928 294618 137263 1108310 964607 49382 40460 915225 519468 228115 191144 111095 80049 13670 78181 386769 105823 11933 280946 159611 291353 133947 58794
is_linear=0
shrinkage=0.03


Tree=183
num_leaves=31
num_cat=0
split_feature=76 41 1 65 39 39 43 39 41 46 65 66 87 97 60 18 26 30 78 98 24 24 18 57 21 66 65 92 87 22
split_gain=285.475 325.174 1095.53 367.411 315.18 486.778 302.203 271.188 264.878 218.671 211.89 373.988 357.819 286.283 269.79 263.612 224.22 248.986 260.928 220.802 206.712 199.416 206.254 199.03 252.958 209.445 198.213 194.392 352.168 194.073
threshold=2.6742420196533208 8.6698107719421404 1.0000000180025095e-35 0.2105263099074364 45.500000000000007 67.500000000000014 0.83333322405815136 115.50000000000001 6.9461054801940927 7.4306051731109628 0.11111110076308252 15.425179958343508 1.7999919056892397 1.8292622566223147 0.12613636255264285 12.500000000000002 135.50000000000003 49.500000000000007 0.89285629987716686 1.6590567827224734 29.500000000000004 8.5000000000000018 5.5000000000000009 2.9813572168350224 1.5000000000000002 30.509541511535648 0.063966173678636565 1.0909023880958559 1.1111055016517641 8.5000000000000018
decision_type=2 2 2 2 10 10 2 10 2 2 2 2 2 2 2 2 2 2 2 2 2 2 2 2 2 2 2 2 2 2
left_child=1 2 4 26 10 -6 -2 -7 -4 -8 11 12 16 14 19 -14 -1 -18 -19 -13 -15 22 -9 -12 25 -25 -3 -5 -29 -28
right_child=6 3 8 27 5 7 9 21 -10 -11 23 13 15 20 -16 -17 17 18 -20 -21 -22 -23 -24 24 -26 -27 29 28 -30 -31
leaf_value=-0.00046008661865889144 0.0029521368055824239 -0.016127288873995518 0.0075365743749434364 -0.0017176753062795739 0.003037679195591917 -0.0015508179451641766 0.0063117657556055369 -0.00010360471300931165 0.0019947974764905167 -0.0014959000346439215 0.0019721366371210944 -0.0021834540973984917 -0.024904851850518789 -0.0038251105849051838 -0.0072911240635242375 0.0050793489099772412 0.012695315257600703 -0.0028450277478863206 0.0063129893383861912 0.0027303284630382685 -0.013254603498390654 0.0027641160763492729 -0.011426610772425402 -0.0013147903683818024 -0.00050821950460474283 0.012639216296702564 -0.0018163331027231512 0.0052257526709745851 -0.00090633619072469807 -0.0060446033944964502
leaf_weight=134653.64939156035 59055.414436069084 1118.8212203457952 20826.681792452699 41308.515798146836 64225.346359917196 61602.670016698772 3608.478242128389 8100.4591278126463 12396.775791775901 29273.541916113347 43393.864928109106 63363.573775991332 876.09443708718754 4885.615580586018 8165.4663188206032 365.60024998662993 2236.9965939912945 5547.0530931223184 5616.3928659092635 9441.0562034947798 3671.2088039517403 31314.382792843506 1743.0469196347985 1601.0087651812937 156625.12831170834 2415.460533907637 25631.050763557665 13085.494014325552 23608.436523674289 15794.12818443682
leaf_count=390685 120614 3090 36113 87103 135428 146826 7219 24662 24052 70017 92801 130550 91036 18750 20226 2657 6061 13147 11032 22531 15374 54625 4229 6601 352601 7420 56410 23292 49428 35971
internal_value=8.98985e-05 -0.000100265 0.000167783 -0.00152999 -0.000121309 0.000989283 0.00166904 -0.000291306 0.0054712 -0.00063577 -0.0005401 -0.0011466 -0.000227188 -0.00267943 -0.00212674 -0.0161358 -9.16041e-05 0.00360624 0.00176547 -0.00154568 -0.0078922 0.00159369 -0.00212774 0.000169851 -0.000317183 0.00709804 -0.0037719 -0.000306555 0.0012821 -0.00343058
internal_weight=855551 763614 643068 120546 609844 166986 91937.4 102761 33223.5 32882 442858 238823 149296 89526.9 80970.1 1241.69 148054 13400.4 11163.4 72804.6 8556.82 41157.9 9843.51 204035 160642 4016.47 42544 78002.4 36693.9 41425.2
internal_count=2060551 1862701 1607407 255294 1547242 365770 197850 230342 60165 77236 1181472 722049 514618 207431 173307 93693 420925 30240 24179 153081 34124 83516 28891 459423 366622 14021 95471 159823 72720 92381
is_linear=0
shrinkage=0.03


Tree=184
num_leaves=31
num_cat=0
split_feature=18 24 24 30 98 30 20 30 24 8 18 18 98 92 24 30 18 24 30 66 40 38 12 24 30 18 24 30 24 30
split_gain=266.644 781.418 684.168 537.517 680.813 530.73 409.45 489.694 606.981 404.547 396.339 334.77 315.662 302.762 280.886 1149.81 483.199 419.911 767.913 309.188 287.179 311.62 283.203 278.674 276.073 274.365 440.067 705.606 265.559 251.811
threshold=33.500000000000007 51.500000000000007 43.500000000000007 81.500000000000014 1.4117534756660464 75.500000000000014 89.500000000000014 111.50000000000001 59.500000000000007 4.5000000000000009 26.500000000000004 45.500000000000007 0.78260689973831188 2.5714037418365483 31.500000000000004 51.500000000000007 18.500000000000004 22.500000000000004 31.500000000000004 17.670854568481449 75.500000000000014 inf 8.5000000000000018 65.500000000000014 47.500000000000007 14.500000000000002 16.500000000000004 25.500000000000004 26.500000000000004 37.500000000000007
decision_type=2 2 2 2 2 2 2 2 2 2 2 2 2 2 2 2 2 2 2 2 8 8 2 2 2 2 2 2 2 2
left_child=2 -2 10 9 6 -4 -5 8 -8 -3 13 -11 -9 14 16 19 17 20 -19 -16 21 25 28 -13 -20 26 -1 -28 -18 -21
right_child=1 3 5 4 -6 -7 7 12 -10 11 -12 23 -14 -15 15 -17 22 18 24 29 -22 -23 -24 -25 -26 -27 27 -29 -30 -31
leaf_value=0.0017500475079209104 0.0051232864508933152 0.016283145877912481 -0.0082852032608787731 0.0031372484389687897 0.0048663946200304979 -0.0016700088136781645 -0.0015024841151025942 -0.0057644993955301834 -0.012206861501232028 -0.0091439360182870404 0.0024604830326553384 0.0111402658698061 0.00074136596288782656 -0.018417039996999729 -0.0036742527104311777 -2.0529221708602221e-05 0.011391958116998183 -0.011516396845180391 -0.0034109241841480862 -0.023867035351342471 -0.00083407299270761473 -0.0057445936433091465 0.0014574418435386856 -0.0089287960655774264 0.0005212878575253122 0.0040197244833205005 -0.0094884765264327351 1.3355488772301124e-05 0.0029587651409559634 -0.009987955854742752
leaf_weight=107696.08838023525 34329.634301635437 704.45941385813057 14805.79466438666 22685.985391132534 27628.976601660252 41438.008070960641 13027.511887282133 7651.4771735668182 7505.4058261066675 10439.26808886975 55477.406485083047 1507.8013153728098 53648.2252484411 799.61283296276815 7054.4466622471809 71610.983962688595 5446.6559335654601 7369.1895119817927 29999.688831924461 1345.669468678534 143714.37504760083 6035.7510073375888 55590.788471241482 1032.3834235072136 34568.892042052932 26071.340361076407 8595.0622856076807 38321.541697076522 8776.2978326827288 9286.1164264883846
leaf_count=275799 65238 2068 48590 37988 57469 76238 23409 14557 20982 44557 112150 4215 88198 79864 21998 132877 11196 27660 68389 6516 414126 29041 115703 6251 63377 55674 28984 76247 18772 30549
internal_value=2.73972e-05 0.00105255 -0.000246649 9.37025e-05 0.000680087 -0.00341374 -0.000427262 -0.00141596 -0.00542333 -0.00556183 4.1799e-05 -0.00677069 -7.23166e-05 -0.000196919 -0.000170316 -0.00171308 0.000121503 -0.000278279 -0.00235501 -0.00855839 0.000173954 0.000949817 0.00242507 0.00297775 -0.00130618 0.00117406 0.000693751 -0.00173067 0.0061997 -0.0117862
internal_weight=854165 180161 674004 145831 132148 56243.8 104519 81832.6 20532.9 13683.9 617760 12979.5 61299.7 562283 561483 89297.2 472186 402372 71937.8 17686.2 330434 186720 69813.7 2540.18 64568.6 180684 154613 46916.6 14223 10631.8
internal_count=2058682 364932 1693750 299694 242603 124828 185134 147146 44391 57091 1568922 55023 102755 1456772 1376908 191940 1184968 1039297 159426 59063 879871 465745 145671 10466 131766 436704 381030 105231 29968 37065
is_linear=0
shrinkage=0.03


Tree=185
num_leaves=31
num_cat=0
split_feature=87 92 87 92 97 40 87 92 87 24 92 97 92 24 87 88 87 97 92 87 24 87 97 67 24 30 93 20 97 92
split_gain=278.528 768.245 2374.9 742.214 747.394 508.507 564.103 480.917 945.533 646.322 394.724 394.262 356.767 1343.74 1014.7 300.834 287.249 551.286 428.35 570.976 1010.58 564.572 404.481 382.816 374.48 441.533 338.831 272.98 265.797 298.929
threshold=1.1111055016517641 1.4454341530799868 0.99999827146530162 1.3999965190887453 1.0975589752197268 118.50000000000001 1.2380926012992861 1.071426570415497 0.79999899864196788 10.500000000000002 1.0909023880958559 1.4999926686286928 2.2499620914459233 7.5000000000000009 1.5999855995178225 1.5384562015533449 0.99999535083770763 1.0975589752197268 0.83027687668800365 0.66665667295455944 13.500000000000002 0.85713735222816478 1.8749922513961794 1.931002736091614 30.500000000000004 41.500000000000007 0.62068819999694835 9.5000000000000018 1.2999967932701113 0.96189993619918834
decision_type=2 2 2 2 2 10 2 2 2 2 2 2 2 2 2 2 2 2 2 2 2 2 2 2 2 2 2 2 2 2
left_child=1 7 -3 4 -2 6 10 16 9 -9 -6 -12 -5 -14 -15 -13 18 -18 24 20 -20 -21 26 -19 -1 -26 -23 -24 -28 -30
right_child=3 2 -4 12 5 -7 -8 8 -10 -11 11 15 13 14 -16 -17 17 23 19 21 -22 22 27 -25 25 -27 28 -29 29 -31
leaf_value=0.00041743582832008306 -0.00034618376617600314 -0.042993704670918086 0.0021773475334826912 0.0014127093730927991 -0.010455627231764129 0.007296959003580193 -0.0091874541058113417 -0.046290557397976662 0.0025762232853740125 -0.0056657099263514935 -4.2390158797536141e-05 -0.0082237992984242319 -0.040218476373362649 -0.039050053889944279 0.0038537247166327126 0.0071021057613943617 0.00034666036821359784 0.00065653314907670535 -0.04171742552995672 0.0047891368771498808 0.01125521501500731 0.004776359217307566 0.010315920652619708 -0.0071527938286809652 -0.014441547624691213 -0.0017784033981179542 0.0012041636477109299 -0.011232723410765132 -0.0068269528840543617 0.00039006848638927118
leaf_weight=148650.47000849433 96035.456676020287 1472.1081387847662 3509.8146228641272 116435.67822132772 5767.4617411494255 3142.6055362569168 20189.312818897888 558.06071285996586 112440.03301529028 920.01509732101113 26944.154652677476 10697.397536866367 863.06497693923302 530.3273459635675 5017.0470053106546 1276.2467768266797 47991.489977948368 7858.7213499471545 706.07524564955384 41401.121334593743 573.0968547957018 18246.502526000142 598.98954496532679 20047.050248362124 2553.4940869882703 67309.835584014654 68174.289484903216 3765.906635209918 8886.9150175824761 12291.135509349406
leaf_count=348605 199704 20850 9390 297788 20231 4802 59040 4344 228827 3044 50739 37103 73632 4432 30464 3734 83513 22165 7586 88865 1513 36819 2668 60501 10092 146700 120042 18004 32820 31958
internal_value=3.16701e-05 0.00041654 -0.0112888 -0.000730207 -0.00205052 -0.00445611 -0.00502751 0.000520521 0.00226121 -0.0214172 -0.00314474 -0.00205648 0.00103302 -0.00584633 -0.000373411 -0.00658112 7.88559e-05 -0.00160331 0.000421063 0.00162918 -0.0181766 0.00179672 0.000689555 -0.00495466 -0.000434004 -0.00224524 0.00105334 -0.00824206 0.000292173 -0.00264198
internal_weight=854854 567955 4981.92 286899 164053 68017.2 64874.6 562973 113918 1478.08 44685.3 38917.8 122846 6410.44 5547.37 11973.6 449055 75897.3 373158 154644 1279.17 153365 111964 27905.8 218514 69863.3 107599 4364.9 89352.3 21178.1
internal_count=2059975 1278306 30240 781669 375353 175649 170847 1248066 236215 7388 111807 91576 406316 108528 34896 40837 1011851 166179 845672 340275 9099 331176 242311 82666 505397 156792 221639 20672 184820 64778
is_linear=0
shrinkage=0.03


Tree=186
num_leaves=31
num_cat=0
split_feature=87 18 46 39 44 11 100 78 98 61 97 98 65 98 97 24 29 72 24 34 88 46 90 9 26 66 18 39 63 98
split_gain=272.724 856.64 237.856 753.34 336.172 311.724 288.379 326.396 376.306 270.964 317.129 289.995 293.553 280.612 359.683 271.596 242.798 266.531 235.889 231.628 229.452 203.431 254.073 197.974 187.396 178.594 177.21 174.445 176.26 193.965
threshold=1.7999919056892397 10.500000000000002 7.9127395153045663 12.500000000000002 1.4999997019767763 13.895949840545656 -1.0939611196517942 2.6190458536148076 0.96428108215332042 19.025499343872074 1.4999926686286928 1.9545414447784426 0.11111110076308252 1.5762676000595095 1.280690670013428 49.500000000000007 176.72525024414065 0.87301433086395275 67.500000000000014 23.500000000000004 1.9999099969863894 51.735607147216804 -0.44004383683204645 2.5000000000000004 24.500000000000004 82.426818847656264 43.500000000000007 192.50000000000003 0.15384615212678912 1.0000000180025095e-35
decision_type=2 2 2 8 2 2 2 2 2 2 2 2 2 2 2 2 2 2 2 2 2 2 2 2 2 2 2 10 2 2
left_child=2 -2 3 -1 5 -4 -7 8 -8 -10 13 15 -13 14 21 19 -14 -18 26 24 27 22 -11 -19 -12 -15 -16 28 29 -5
right_child=1 -3 4 20 -6 6 7 -9 9 10 11 12 16 25 18 -17 17 23 -20 -21 -22 -23 -24 -25 -26 -27 -28 -29 -30 -31
leaf_value=0.0042151808040150887 -0.030084739481314526 0.00078276886574345835 -0.0037886029773908643 0.0059105223210279409 0.0036009352024710234 0.0015534073510433352 -0.0038996514043894526 0.0031275560323438347 0.0013967473956637505 0.0007763847010564094 0.0043596929957613736 -0.0098072103887465699 0.0093210639937199805 0.004320262158061622 -0.0051999755939129127 -0.012986702061298186 -0.0083637221225665408 -0.011376869968046975 -0.017416612414901344 0.0047134815273285387 0.0045996710952033466 0.0028764203967911522 -0.0038834087748383064 0.0036770115784263337 -0.0077910153160799401 -0.0071320692242656906 0.0072111902412434203 0.0047096838810368035 0.00052180341459892739 -0.00073907289427256433
leaf_weight=42914.369320117403 1100.9116352899 2905.9508846167009 29532.501272261608 3991.9833113271743 15968.962845722213 48411.676925562322 40902.12446175795 15936.252104471903 41910.37716813013 24849.288230955601 1298.5011364053935 2814.0411650585011 2447.3768243016675 13551.920100545511 12582.272796677426 4485.1445451900363 3187.7858713478781 869.66172377485782 1314.0139245390892 2086.3248634338379 9852.8158262139186 14803.018635893241 18249.533239942044 6767.6764551787637 8833.5372976064682 1329.1588223353028 1110.7727338075638 6897.4529938921332 224887.57515199576 248174.69507808378
leaf_count=79866 135532 13981 67554 10792 31049 82460 81006 34419 91012 41780 3490 10627 7814 25018 30104 21957 11563 3321 4860 5281 25817 24884 34874 20769 27855 3012 1930 9115 492382 626173
internal_value=-1.67358e-05 -0.00780558 2.0165e-05 0.000403554 -0.000636731 -0.000864597 -0.000541813 -0.00100438 -0.00132841 -0.00068077 -0.00140297 -0.00391942 -0.00104229 -0.000462385 -0.00122879 -0.00668572 0.000828012 -0.00110577 -0.00536441 -0.00435529 7.21455e-05 -0.000155428 -0.00119762 0.00193759 -0.00622828 0.00328916 -0.00418414 -2.02171e-05 -8.87986e-05 -0.000633345
internal_weight=853968 4006.86 849961 536719 313242 297273 267740 219329 203393 162490 120580 32790 16086.5 87790 72908.9 16703.5 13272.5 10825.1 15007.1 12218.4 493805 57901.8 43098.8 7637.34 10132 14881.1 13693 483952 477054 252167
internal_count=2060297 149513 1910784 1244145 666639 635590 568036 485576 451157 370151 279139 112677 54094 166462 138432 58583 43467 35653 36894 36626 1164279 101538 76654 24090 31345 28030 32034 1138462 1129347 636965
is_linear=0
shrinkage=0.03


Tree=187
num_leaves=31
num_cat=0
split_feature=24 18 92 40 40 66 92 87 24 87 97 92 87 97 92 67 24 97 87 92 87 36 98 92 18 92 96 87 97 98
split_gain=281.759 935.054 506.421 304.765 334.026 328.418 326.552 543.897 784.16 447.867 541.541 433.948 524.884 476.297 446.973 415.478 389.914 363.169 574.969 547.876 362.314 348.338 346.735 289.145 256.385 254.568 346.344 306.889 293.153 343.414
threshold=3.5000000000000004 2.5000000000000004 1.4454341530799868 125.50000000000001 85.500000000000014 11.342655658721926 1.7142792940139773 1.2564764618873598 16.500000000000004 1.2810230851173403 1.3499949574470522 1.2301363945007326 1.0588207244873049 1.2115353345870974 1.0434752106666567 2.8808938264846806 14.500000000000002 1.3749957084655764 0.79999279975891124 0.74999850988388073 0.59999728202819835 5.5000000000000009 1.4444372057914736 1.4999848008155825 21.500000000000004 0.88684234023094188 0.90100643038749706 0.99999827146530162 1.7906786799430849 1.8421009182929995
decision_type=2 2 2 10 8 2 2 2 2 2 2 2 2 2 2 2 2 2 2 2 2 2 2 2 2 2 2 2 2 2
left_child=1 2 -1 4 6 -6 9 8 -8 11 -11 12 14 -14 17 -15 -12 22 19 20 -19 -13 -2 -18 -24 26 -20 28 29 -27
right_child=3 -3 -4 -5 5 -7 7 -9 -10 10 16 21 13 15 -16 -17 23 18 25 -21 -22 -23 24 -25 -26 27 -28 -29 -30 -31
leaf_value=0.0030819330200186697 0.00016964574333593193 -0.035962482350959515 -0.030865510231770792 0.0022651479142304122 0.0004503952183663901 -0.0026278809143270654 -0.048573762405303561 0.0040184386064675733 0.0017773932586003455 -0.00070571464961983565 0.0015634281882093131 0.0029202545762961898 -0.00071443087438023396 -0.00093521870965573893 0.0027139978117929663 -0.0086255565978583873 -0.014738193281564067 0.0010996122994495461 -0.0021035407429083677 0.0060441445651861336 -0.0071440805559582011 -0.0040116536836230449 0.00054471675391942634 -0.0057014277353903417 0.0069887887093857976 -0.0021827050054211232 -0.014391989589970509 -0.013279620761122268 -0.0078681382365194674 0.0090931230807462914
leaf_weight=3308.0088944640011 231158.17015454173 821.75237669819035 428.85340666258708 53097.058161880355 50310.12681037304 82046.693117471412 418.09861113503575 29474.369614967378 759.84924467280507 53440.949275132269 3887.3469458203763 76191.615181972273 71152.859178476036 10770.41770016402 66658.288940486498 15309.074601456523 5211.9742518132553 12052.086544058286 3510.0711262598634 11445.532751286402 7947.3313379138708 7117.8794462792575 10146.256128296256 8268.5885614715517 12273.89543954283 11303.517753228545 5018.6042356714606 2430.1530607417226 5549.7047482952476 3075.3939896225929
leaf_count=13654 445398 21473 64588 94565 169457 211093 3099 94700 2585 111649 12399 152154 128578 32420 135112 49439 17080 38859 13213 31242 28147 20076 22409 20066 21248 35746 22340 13696 25324 8739
internal_value=2.49041e-05 -0.00739719 -0.000957551 6.48812e-05 -8.17693e-05 -0.00145791 0.000192339 0.00321552 -0.0166067 4.60608e-05 -0.00220229 0.00032885 -1.82087e-05 -0.00198619 0.000482043 -0.00545272 -0.00680115 1.09507e-05 -0.00204027 0.000815342 -0.00218012 0.00232718 0.000515286 -0.00921196 0.0040756 -0.00494608 -0.0093513 -0.00325887 -0.00202482 0.000238275
internal_weight=854585 4558.61 3736.86 850026 796929 132357 664572 30652.3 1177.95 633920 70808.9 563111 479801 97232.4 382569 26079.5 17367.9 315911 62332.4 31445 19999.4 83309.5 253578 13480.6 22420.2 30887.4 8528.68 22358.8 19928.6 14378.9
internal_count=2060548 99715 78242 1960833 1866268 380550 1485718 100384 5684 1385334 161194 1224140 1051910 210437 841473 81859 49545 706361 217306 98248 67006 172230 489055 37146 43657 119058 35553 83505 69809 44485
is_linear=0
shrinkage=0.03


Tree=188
num_leaves=31
num_cat=0
split_feature=40 76 41 41 1 31 41 43 15 52 5 92 40 97 65 39 99 38 65 67 39 97 60 55 92 65 60 72 97 56
split_gain=251.645 244.362 292.725 290.03 1034.38 320.677 262.218 262.181 237.012 245.05 226.198 225.585 220.113 215.589 199.194 198.351 520.686 299.853 271.682 311.69 254.881 218.059 247.871 219.057 200.248 194.73 327.012 192.963 190.993 186.363
threshold=201.50000000000003 3.3790640830993657 6.9461054801940927 8.6698107719421404 1.0000000180025095e-35 27.500000000000004 6.9461054801940927 0.88888880610466015 60.500000000000007 3.2332725524902348 23.140885353088382 1.2301363945007326 17.500000000000004 1.69999235868454 0.12352614849805833 47.500000000000007 -1.7654969692230222 150.50000000000003 0.11111110076308252 3.0563035011291508 70.500000000000014 1.8292622566223147 0.13397435098886493 0.19999996572732928 1.4454341530799868 0.071858860552310957 0.091750837862491622 0.66666537523269664 1.1538341641426089 4.9845643043518075
decision_type=10 2 2 2 2 2 2 2 2 2 2 2 10 2 2 10 2 10 2 2 10 2 2 2 2 2 2 2 2 2
left_child=1 3 -3 4 8 11 10 14 15 -10 -6 13 -7 -5 -4 17 20 18 19 25 -17 22 24 -24 -21 26 -1 -9 -19 -27
right_child=-2 2 7 5 6 12 -8 27 9 -11 -12 -13 -14 -15 -16 16 -18 28 -20 21 -22 -23 23 -25 -26 29 -28 -29 -30 -31
leaf_value=-0.00090112110991364292 0.0050681064777747895 0.0075299052122277284 4.7735852821474419e-05 -0.0028371091016584737 0.0081667865917187214 -0.0006203131375735341 0.0017736336675344801 -0.010778226548021784 0.00015628841913982965 -0.012986949702950987 -0.0027727951793827094 -0.00034493705576141845 0.0043390510684482089 -0.0093048518590753675 0.0042995006633508234 0.0019296973510017506 0.0038044088315235367 0.0017872395562545744 0.00025613825070693952 -0.0027987306138428309 -0.0011212731985305181 -0.0099623560898795573 -0.0053277444783857066 -0.020334571261958284 0.003972282168169282 -0.011360665054538342 -0.0093262134605304799 -0.00071735742642225304 0.015453414697009475 0.0018686403951985375
leaf_weight=151983.15096383938 8762.0341074222233 6867.5354662456084 17378.816403903766 61863.997696316801 19382.760953315301 25405.627448014915 12819.107914287131 1846.652839328628 2468.6132608221378 2623.2307830718346 1855.0025732947979 34796.902621703222 11770.662887336686 5000.3375236466527 23078.323166875867 34968.182615730446 38300.188183190068 2034.0553995552473 202115.29542278289 34018.27158987429 83332.303036336205 4171.5884053998161 3146.5639328723773 1205.4134436594322 4426.5313349496573 969.66706821415573 4242.917105993256 21269.223423013231 1670.0902036081534 30518.627201443305
leaf_count=521335 13127 13093 37820 130002 33300 45928 24944 5080 5450 6825 3730 74787 19276 24176 47275 73610 78044 5572 456134 72620 194196 17379 7509 3739 7881 2764 11079 51558 3306 68565
internal_value=1.59856e-05 -3.6487e-05 0.00165501 -0.00019025 8.08486e-05 -0.00143245 0.00516571 0.0010182 -0.000206885 -0.0066392 0.00720956 -0.00230421 0.000951397 -0.00332343 0.00247403 -0.000151813 0.000765171 -0.000477825 -0.000550072 -0.00124436 -0.00021927 -0.00342953 -0.00278839 -0.00955835 -0.00201746 -0.000697303 -0.0011311 -0.00152971 0.00799882 0.0014543
internal_weight=854292 845530 70440.6 775089 636252 138838 34056.9 63573 602195 5091.84 21237.8 101661 37176.3 66864.3 40457.1 597103 156601 440502 436798 234683 118300 46968.4 42796.8 4351.98 38444.8 187714 156226 23115.9 3704.15 31488.3
internal_count=2060104 2046977 154826 1892151 1597982 294169 61974 141733 1536008 12275 37030 228965 65204 154178 85095 1523733 345850 1177883 1169005 712871 267806 109128 91749 11248 80501 603743 532414 56638 8878 71329
is_linear=0
shrinkage=0.03


Tree=189
num_leaves=31
num_cat=0
split_feature=92 87 24 87 92 24 87 97 97 92 87 87 97 92 87 14 92 87 92 30 92 87 97 96 97 25 92 87 93 92
split_gain=253.376 626.751 907.514 614.863 825.604 1171.72 408.401 503.722 310.837 664.868 607.246 451.702 566.28 448.74 470.911 398.279 379.644 377.103 572.771 568.143 765.165 435.232 353.167 344.762 326.833 326.137 408.358 345.806 305.709 292.649
threshold=0.69230568408966076 0.55363833904266369 11.500000000000002 0.73684036731719982 0.97674265503883373 11.500000000000002 0.66665667295455944 1.0975589752197268 1.1162755489349367 0.93103229999542247 0.94117397069931041 0.85713735222816478 1.7368384003639223 1.1999974250793459 1.0960043072700503 9.5000000000000018 1.0132490396499636 1.1249968409538271 1.4999493956565859 12.500000000000002 1.4454341530799868 1.2158356308937075 1.8749922513961794 2.6124353408813481 1.7368384003639223 4.5000000000000009 1.2499961256980898 0.91366323828697216 0.31989820301532751 0.7894708812236787
decision_type=2 2 2 2 2 2 2 2 2 2 2 2 2 2 2 2 2 2 2 2 2 2 2 2 2 2 2 2 2 2
left_child=6 2 -2 4 -3 -6 -1 -8 -5 11 25 12 29 14 15 -12 -17 19 21 20 -15 -19 -18 -24 -23 26 -11 -28 -13 -10
right_child=1 3 -4 8 5 -7 7 -9 9 10 13 28 -14 17 -16 16 22 18 -20 -21 -22 24 23 -25 -26 -27 27 -29 -30 -31
leaf_value=0.00012675524753473532 -0.048524942207530744 0.0056915694973959114 0.0072499550497575147 0.0007208120029311263 -0.041499810336713405 0.0082800558966066862 -0.0017501253977927789 -0.0087524228028160612 -0.0039119215409428804 0.001929328664704414 0.0045719496049486464 0.0070837043699210041 -0.011454636742577651 0.0056719135402255542 -0.0056227980812599103 -0.0058592964336135426 0.00020595384279391082 -1.5300929118812438e-05 0.0011978834847415614 0.0037467445976576441 -0.033716493230550322 -0.0043315894264346049 -0.0029458175709926116 -0.021182060972210801 -0.014248393094015427 0.0062920309141441541 -0.031295733973037483 -0.00066469903438849003 -0.0070469381852777367 0.0033181714979253767
leaf_weight=83291.442227916792 551.34319103136659 27756.989507940598 477.34453960508108 313958.53198219498 805.31141895055771 867.21999339479953 45974.828135279007 11558.61921684444 7466.279552936554 26424.939068886451 10173.733059935272 1438.6296344920993 3848.9935926795006 896.1187125146389 25952.199204528704 15781.527843743563 47260.770073078573 23276.263666763902 77014.966395469382 37416.322799059562 850.09273870568722 21562.991274186876 2940.3282748162746 1352.2405759692192 3461.2041559070349 18070.31252431497 607.31132102292031 705.80229562241584 26254.429621137679 15392.987465552986
leaf_count=196610 4131 61901 1313 612982 8688 2335 102016 36146 20271 63992 26466 4031 16559 2871 78223 49237 101738 49948 282965 76635 15857 51201 13485 6968 13303 37018 3949 2079 84799 32659
internal_value=-5.33718e-05 0.000176441 -0.0229989 0.000210592 0.00445476 -0.0158957 -0.00121607 -0.00315946 2.73521e-05 -0.000564041 -3.308e-05 -0.0036251 -0.000840336 -0.00057886 -0.00212664 -0.000954879 -0.00179105 0.000394876 -0.000408247 0.00296367 -0.0136679 -0.00296865 -0.000543882 -0.00876217 -0.00571351 0.00315811 0.00111342 -0.0150884 -0.00630828 0.000955328
internal_weight=853390 712565 1028.69 711536 29429.5 1672.53 140825 57533.4 682107 368148 313747 54401.3 26708.3 267939 103461 77508.6 67334.9 164478 125315 39162.5 1746.21 48300.5 51553.3 4292.57 25024.2 45808.4 27738.1 1313.11 27693.1 22859.3
internal_count=2060376 1725604 5444 1720160 72924 11023 334772 138162 1647236 1034254 875935 158319 69489 768897 276117 197894 171428 492780 397417 95363 18728 114452 122191 20453 64504 107038 70020 6028 88830 52930
is_linear=0
shrinkage=0.03


Tree=190
num_leaves=31
num_cat=0
split_feature=87 92 97 92 87 87 39 87 20 44 97 97 59 93 38 33 92 92 12 69 10 87 92 92 87 92 97 17 87 84
split_gain=263.122 511.812 660.781 402.449 1140 482.203 285.623 282.515 348.758 270.375 255.918 356.25 261.832 276.944 253.092 320.024 246.735 246.058 622.162 236.309 249.244 233.517 499.031 462.507 1673.25 440.599 345.566 258.195 230.479 289.078
threshold=0.9999774992465974 1.0434752106666567 1.0312456488609316 0.96189993619918834 0.70588049292564403 0.66666367650032055 123.50000000000001 1.5999855995178225 11.500000000000002 1.2499999403953554 1.9999649524688723 2.9998425245285039 0.75495097041130077 2.1666585206985478 47.500000000000007 6.5000000000000009 0.83027687668800365 1.3333277702331545 8.5000000000000018 0.16666664928197863 12.500000000000002 1.1249968409538271 1.3636317253112795 1.4999493956565859 1.0333682894706728 1.2499961256980898 1.4999926686286928 172.4202575683594 1.0960043072700503 -1.0000000180025095e-35
decision_type=2 2 2 2 2 2 10 2 2 2 2 2 2 2 10 2 2 2 2 2 2 2 2 2 2 2 2 2 2 2
left_child=3 2 7 14 5 -5 16 -2 -9 10 21 12 13 -12 19 -16 -4 -6 -19 -1 -21 23 26 25 -25 -3 27 -23 -18 -30
right_child=1 9 6 4 17 -7 -8 8 -10 -11 11 -13 -14 -15 15 -17 28 18 -20 20 -22 22 -24 24 -26 -27 -28 -29 29 -31
leaf_value=-0.001786914742946732 -0.00029407916350428215 0.0007026769494693038 -0.014192400303665056 -0.040635867606888296 0.0030064455353531034 0.0088070939817842652 0.012944342494794285 -0.030406565926779153 0.0067399138689199943 0.0035264285988532255 -0.0029782845283162314 -0.029135422979086285 -0.011726001912435075 0.0039866694036107576 -1.9403716490664434e-05 0.0054586133687483974 -0.0038195661773918494 -0.038948035100142449 0.0069624758859994024 0.00038800135426398139 -0.011036331120940737 -0.00055335799250357432 0.0010279386627400167 -0.048287263405939203 0.0032636187541386767 0.0057397425896109269 -0.0071357295679847412 -0.0046797402309717131 -0.017960931112688358 -0.0052725142337287628
leaf_weight=67302.015702215955 72407.769116841257 81168.872138671577 2797.6717702373862 755.27047841716558 81951.904810061678 222.09006408788264 741.38716363161802 589.9554005805403 352.87734658736736 19564.669550387422 23796.975503155263 429.3677966312971 2403.2645977316424 6532.8383291839855 22400.036536898464 16773.489328199998 29999.395048089325 419.77777596749365 658.60764130391181 187155.78890582919 1714.6631524786353 71659.870061107911 104404.77623429988 752.76591540127993 2116.3989954888821 19338.182271659374 10320.939183391631 16840.084091712721 2518.7098045945168 4518.46940010041
leaf_count=169165 138856 160759 9781 8454 174019 691 1052 18253 1095 42389 86466 42186 12532 47188 55300 32383 82260 11751 1889 411542 4161 143734 268217 4230 3891 32677 37390 32593 8978 14442
internal_value=1.52246e-05 -0.000456612 -0.00220854 0.000603849 0.00243573 -0.0294494 -0.00527943 -0.000508828 -0.0166524 9.89326e-05 -9.86291e-05 -0.0026013 -0.00223567 -0.00147644 8.26621e-05 0.00232779 -0.00562493 0.00281806 -0.0112927 -0.000260814 0.000283128 0.000172215 -0.000418279 0.00133291 -0.0105021 0.00167279 -0.00194611 -0.00133942 -0.00497045 -0.00985192
internal_weight=852609 473255 113926 379354 84007.7 977.361 40575.6 73350.6 942.833 359329 339764 33162.4 32733.1 30329.8 295346 39173.5 39834.2 83030.3 1078.39 256172 188870 306602 203226 103376 2869.16 100507 98820.9 88500 37036.6 7037.18
internal_count=2058324 1188969 274717 869355 196804 9145 116513 158204 19348 914252 871863 188372 146186 133654 672551 87683 115461 187659 13640 584868 415703 683491 481934 201557 8121 193436 213717 176327 105680 23420
is_linear=0
shrinkage=0.03


Tree=191
num_leaves=31
num_cat=0
split_feature=40 40 92 24 92 87 92 98 93 32 30 24 30 92 87 92 87 18 87 30 92 98 30 94 32 92 14 24 68 2
split_gain=237.189 347.422 317.344 420.393 313.787 574.837 512.906 317.116 302.56 292.328 305.205 300.995 593.667 314.898 462.151 407.021 288.268 274.397 264.609 262.255 257.196 256.605 348.217 241.848 236.735 209.332 206.847 329.106 215.295 206.158
threshold=125.50000000000001 85.500000000000014 1.9285621643066408 8.5000000000000018 1.3070695400238039 1.0714268684387209 1.071426570415497 1.7971687912940981 0.21428531408309939 348.50000000000006 105.50000000000001 43.500000000000007 75.500000000000014 0.59999188780784618 0.79999899864196788 0.9999932348728181 0.59999728202819835 38.500000000000007 1.538458585739136 11.500000000000002 0.28571335971355444 1.1079540848731997 53.500000000000007 -0.6637321114540099 109.50000000000001 0.69230568408966076 35.500000000000007 47.500000000000007 0.66666659712791454 13.500000000000002
decision_type=10 8 2 2 2 2 2 2 2 2 2 2 2 2 2 2 2 2 2 2 2 2 2 2 2 2 2 2 2 2
left_child=1 4 -2 18 5 6 9 -7 -3 10 11 13 26 16 15 19 20 -6 -4 -15 -1 -16 25 -8 -24 -23 28 -28 -13 -10
right_child=2 8 3 -5 17 7 23 -9 29 -11 -12 12 -14 14 21 -17 -18 -19 -20 -21 -22 22 24 -25 -26 -27 27 -29 -30 -31
leaf_value=-0.0042352977189262361 0.0023832353481062075 0.0029777148894914608 -0.051221371603238842 9.4238293254773629e-05 0.0011304734640957509 -0.0014914604278438461 0.0043562697475078875 -0.0073192379378199442 -0.0023551503880675506 -0.0018620571977118697 0.0039995375769301487 -0.0027881324477618684 7.6053311652658512e-05 -0.0071378840383183725 0.0013122614544621727 0.015543262724079597 -0.0043976748617564881 0.0071094814224739369 -0.013126537080810761 0.0032156087170964773 0.0015264548371184859 -0.018971493382861204 0.008965317202798662 0.00059977080909704415 -0.00038808449762169225 -0.0034213128569068429 -0.0021802017957068941 -0.017158463800092224 -0.02075738079620542 0.0020816197913413668
leaf_weight=9124.5051780967042 51631.042470457498 12146.660041078227 255.78240428492427 1434.3174144399818 119969.81455040828 125068.08156117704 38301.095912114717 8990.9819209668785 112259.8103025353 66636.228024721146 19193.258001916111 7568.172919459641 33836.653476506472 2272.7377302525565 50313.832037217915 2332.2127751670778 18497.637491978705 7311.5586087889969 455.23756993713323 56497.137859804556 29338.114240593277 785.37004528194666 3391.7430774271488 25828.202264551073 8504.6423754617572 25137.465977624059 2090.221151009202 3594.5132796987891 632.92158480733633 10274.140249404591
leaf_count=21906 91920 42385 1482 3070 307917 264822 72957 32303 383968 134848 31180 25273 70462 10789 97424 4343 44208 12495 7186 123254 68804 2654 5597 57064 16502 73969 6671 19044 2525 24814
internal_value=-1.60295e-05 -0.000145707 0.0019122 -0.00934133 0.000135628 -0.000181324 0.000383696 -0.00188335 -0.0015351 -8.08397e-05 0.000353863 7.79989e-05 -0.00206849 0.000574942 0.0012992 0.00330376 -0.0013224 0.00147499 -0.0278572 0.00281293 0.000158101 -9.09828e-05 -0.00195753 0.00284399 0.00228921 -0.00390669 -0.00728687 -0.0116781 -0.00422204 -0.00198286
internal_weight=853674 799898 53776.4 2145.34 665217 537936 403877 134059 134681 339747 273111 253918 47722.5 206195 149235 61102.1 56960.3 127281 711.02 58769.9 38462.6 88133.1 37819.2 64129.3 11896.4 25922.8 13885.8 5684.73 8201.09 122534
internal_count=2061836 1958178 103658 11738 1507011 1186599 889474 297125 451167 759453 624605 593425 123975 469450 334532 138386 134918 320412 8668 134043 90710 196146 98722 130021 22099 76623 53513 25715 27798 408782
is_linear=0
shrinkage=0.03


Tree=192
num_leaves=31
num_cat=0
split_feature=92 24 87 76 51 92 87 18 51 32 97 58 63 88 26 99 37 39 38 26 48 21 69 64 34 18 11 18 56 67
split_gain=421.787 1169.34 842.922 277.044 318.248 256.881 251.493 507.117 237.837 233.707 222.146 250.184 210.759 231.667 246.292 383.997 227.187 222.747 237.923 210.741 232.543 210.471 208.391 341.079 254.972 227.121 215.783 203.355 276.818 197.248
threshold=2.2499620914459233 7.5000000000000009 1.5999855995178225 2.9283059835433964 17.465909004211429 2.5714037418365483 1.7999919056892397 10.500000000000002 56.255456924438484 10.500000000000002 1.5449989438056948 0.7999999225139619 0.20970761775970462 1.9999099969863894 102.50000000000001 -0.63000407814979542 58.500000000000007 115.50000000000001 123.50000000000001 6.5000000000000009 0.79999986290931713 7.5000000000000009 0.32259589433670049 0.67506346106529247 117.50000000000001 20.500000000000004 41.828260421752937 33.500000000000007 8.4839024543762225 3.6056610345840459
decision_type=2 2 2 2 2 2 2 2 2 2 2 2 2 2 2 2 8 10 10 2 2 2 2 2 2 2 2 2 2 2
left_child=3 -2 -3 4 6 21 12 -8 9 -6 -10 -12 13 14 16 -16 17 18 27 -5 -21 -4 -14 24 25 26 -24 -1 -29 -30
right_child=1 2 5 19 8 -7 7 -9 10 -11 11 -13 22 -15 15 -17 -18 -19 -20 20 -22 -23 23 -25 -26 -27 -28 28 29 -31
leaf_value=-0.0017394557450409584 -0.040225603566337191 -0.037798783086214024 0.010007260068516663 0.013148773196370448 0.01106012990839771 -0.016004005837817248 -0.029915299625048547 0.0031931121572769589 0.001504772882214632 -0.0017043880962166811 -0.0017539597403038738 -0.016896678222035 0.00035127483594930072 0.0051676739758940073 -0.00058083679140250402 0.0043608158626684997 0.0059638807968120967 0.0012367735210596191 0.0048439010440891909 0.0024313432573134929 -0.0011450085155002337 -0.0034490433766639393 0.002556605669751421 -0.0020478442952077446 -0.011017262903331493 0.006025475922256069 -0.010029001471867924 0.0094005135798292325 0.0015604540791649584 -0.013023407796882918
leaf_weight=180726.79730383912 844.59577669249848 530.76931125018746 2350.2748586460948 1386.405723341275 1280.4042593259364 643.36392361018807 721.57438524486497 941.61366671323776 45789.949492967222 183544.84460986848 8915.1987327383831 1084.4931954215281 152760.4702261053 6902.27059327811 36448.275966137648 23111.18005086109 4337.2455793553963 35411.373010350391 5407.7939638318494 58663.143506478984 22676.04967625672 1858.4633487183601 30364.075614911504 12817.790011485107 1065.212887942791 21900.799386538565 1258.1893167048693 3531.3099975064397 3838.8732787240297 1045.4089979976416
leaf_count=482671 73617 4474 7496 3839 4433 16668 52487 2074 87753 402917 30635 4542 328184 17924 72838 53101 11380 64643 10866 117496 51632 6182 63345 28243 2309 38563 3029 6442 7586 2508
internal_value=-7.24393e-05 -0.00783881 -0.00262709 -1.50818e-05 -0.000193839 0.0013597 0.00022185 -0.0113558 -0.00109661 -0.00161477 0.000619952 -0.00342668 0.000259249 -0.000257036 -0.000384797 0.00133752 -0.000822692 -0.000951199 -0.00134953 0.00163373 0.00143428 0.00407712 0.000964484 0.00235367 0.00338755 0.00367824 0.00204983 -0.0015271 0.00302652 -0.00160139
internal_weight=852158 6227.47 5382.87 845931 763205 4852.1 522590 1663.19 240615 184825 55789.6 9999.69 520927 300761 293858 59559.5 234299 229962 194550 82725.6 81339.2 4208.74 220167 67406.1 54588.3 53523.1 31622.3 189142 8415.59 4884.28
internal_count=2059877 108437 34820 1951440 1778473 30346 1248193 54561 530280 407350 122930 35177 1193632 729959 712035 125939 586096 574716 510073 172967 169128 13678 463673 135489 107246 104937 66374 499207 16536 10094
is_linear=0
shrinkage=0.03


Tree=193
num_leaves=31
num_cat=0
split_feature=18 24 24 18 30 24 30 18 97 24 32 67 24 30 97 97 18 24 30 18 24 30 18 24 30 56 87 24 46 40
split_gain=292.111 427.619 383.102 468.438 416.269 394.832 529.135 480.909 351.368 378.352 338.135 315.657 281.855 532.536 305.086 491.294 352.689 283.497 655.136 426.981 361.667 717.939 314.813 272.365 293.415 390.495 254.116 252.898 279.092 241.851
threshold=47.500000000000007 65.500000000000014 61.500000000000007 38.500000000000007 93.500000000000014 49.500000000000007 87.500000000000014 32.500000000000007 1.1999675631523135 77.500000000000014 199.50000000000003 3.2313210964202885 43.500000000000007 75.500000000000014 2.062482595443726 2.9998425245285039 26.500000000000004 32.500000000000007 51.500000000000007 19.500000000000004 22.500000000000004 39.500000000000007 15.500000000000002 37.500000000000007 49.500000000000007 10.723172187805178 1.4999831318855288 26.500000000000004 8.3771190643310565 47.500000000000007
decision_type=2 2 2 2 2 2 2 2 2 2 2 2 2 2 2 2 2 2 2 2 2 2 2 2 2 2 2 2 2 8
left_child=2 -2 3 5 -4 7 11 12 -3 -10 -6 -7 14 -14 16 29 17 19 -19 20 22 26 -1 -18 25 -25 -22 -21 -29 -16
right_child=1 8 4 -5 10 6 -8 -9 9 -11 -12 -13 13 -15 15 -17 23 18 -20 27 21 -23 -24 24 -26 -27 -28 28 -30 -31
leaf_value=0.0002318028068280258 0.012591721787382278 0.0033973122697902661 -0.011374322838714325 0.0033818616349123223 0.0071499451791885871 -0.0019144091341962498 -0.0006611293858082406 0.0039028912993121171 0.00078821886764200981 -0.01058150139566931 -0.0027710726995298497 -0.010709505501260142 -0.00828773305995994 -0.00021884293698178065 -0.0038732948301691788 -0.029456409876206902 0.0060473554981212178 -0.0077944401213856105 -0.00038273975274729158 0.0067496456670209561 -0.0054019680125879828 -6.856285031192734e-05 0.0041632750618009048 0.0093692355620725708 0.0019205884042638494 -0.018838391763001023 -0.018713457002209204 0.0037099610639243987 -0.0012651345428409185 0.00092063402831488606
leaf_weight=288163.60429373186 3418.8387760035694 28971.609004683793 4617.0378023013473 36992.88527383469 3403.5460729598999 6068.3286585584283 38125.058504737914 28910.024013470858 8809.3049063384533 3736.2973641902208 31964.807095490396 9322.8131160736084 10571.498080454767 24142.439705070108 24400.872902188217 576.08641885407269 15247.521217841655 12910.950477128848 63173.044816484675 11638.906860820018 22149.920988544822 64992.500607503578 19556.47552192118 633.84495015442371 30661.262857671827 1364.708682321012 1355.3408487932757 25881.254800834693 16672.328797362745 15461.085145908524
leaf_count=744970 5524 43438 22212 70913 5304 18191 67194 56276 24253 15240 59604 31111 33747 43005 92350 53572 25875 44885 118562 19828 66323 122871 36031 2062 56420 6232 3932 48952 33390 87781
internal_value=7.10063e-05 0.00242474 -5.97956e-05 8.91086e-05 -0.00292204 -7.73888e-05 -0.00255773 0.000118327 0.00158185 -0.00260933 -0.00181286 -0.00724881 -5.023e-05 -0.00267943 9.82976e-05 -0.00241968 0.000275642 5.13568e-05 -0.00164217 0.000337491 -4.16923e-06 -0.00169408 0.000481913 0.00273945 0.00119237 -0.0098881 -0.00618478 0.00283455 0.00176106 -0.00201437
internal_weight=853894 44936.1 808958 768973 39985.4 731980 53516.2 678464 41517.2 12545.6 35368.4 15391.1 649554 34713.9 614840 40438 574402 526494 76084 450410 396218 88497.8 307720 47907.3 32659.8 1998.55 23505.3 54192.5 42553.6 39862
internal_count=2060048 88455 1971593 1884473 87120 1813560 116496 1697064 82931 39493 64908 49302 1640788 76752 1564036 233703 1330333 1239744 163447 1076297 974127 193126 781001 90589 64714 8294 70255 102170 82342 180131
is_linear=0
shrinkage=0.03


Tree=194
num_leaves=31
num_cat=0
split_feature=92 87 18 92 79 69 92 93 87 92 63 97 41 16 43 79 63 78 88 34 39 21 92 48 6 62 91 65 35 18
split_gain=258.774 1124.88 624.508 287.629 242.544 250.651 236.367 324.657 284.319 242.871 231.97 311.389 272.422 488.253 336.332 335.645 261.71 252.258 270.409 229.025 225.504 217.415 201.058 193.15 190.737 189.353 225.088 187.405 187.405 185.873
threshold=2.2499620914459233 1.5999855995178225 6.5000000000000009 2.5714037418365483 -3.3263493776321407 0.096169792115688338 0.54545119404792797 0.59999188780784618 0.66665667295455944 0.94736504554748546 0.15384615212678912 1.7368384003639223 8.6698107719421404 1.5000000000000002 0.22222220152616504 -0.64737752079963673 0.37499995529651647 1.4285607337951662 0.59999728202819835 14.500000000000002 192.50000000000003 8.5000000000000018 1.2857018709182741 0.54545453190803539 10.500000000000002 0.84983277320861828 2.9999505281448369 0.24999999254941943 266.52368164062506 17.500000000000004
decision_type=2 2 2 2 2 2 2 2 2 2 2 2 2 2 2 2 2 2 2 2 10 2 2 2 2 2 2 2 2 2
left_child=4 -2 -3 -4 5 22 8 9 -6 -8 20 12 13 27 -14 16 -16 18 -13 -10 -9 -7 -1 -18 28 -20 -27 -12 -19 -23
right_child=1 2 3 -5 6 21 7 10 19 -11 11 17 14 -15 15 -17 23 24 25 -21 -22 29 -24 -25 -26 26 -28 -29 -30 -31
leaf_value=-0.0068705880787709788 -0.0390600955791333 -0.036462096742462924 0.004293598802985521 -0.016869211800830088 -0.00040606218712194723 0.0014418065103102388 0.0012004034101011465 -0.00074356462592090077 -0.0066302056202928493 0.0045505109454988986 0.0012119697351410641 0.0081651722441264413 0.0041546395672113377 0.0050307062424616508 -0.0046789578990267802 0.0013505094663602301 0.0021683401781743823 0.0026268549860647698 -0.014343685533977473 0.0056462345762163567 0.005749922952740124 -0.0037679271616324864 0.0011918184302553581 -0.0019813401876754809 0.011930400082968079 -0.0052002398504575756 0.0061412524095188588 -0.004893978841200043 -0.0065388205112417528 -0.000673736610058988
leaf_weight=10558.646467971615 789.22813763516024 398.63025527470745 4551.2201206320897 641.81749273394234 57541.068134960718 35895.085010078503 82049.619537461549 201971.85227546259 11997.915421895683 25528.163375220727 81883.114061157685 1492.9928961265832 16496.340306494851 36006.179516564822 20326.042525286786 53390.82268388127 15225.354213791899 7168.5006014979444 1760.7473270646296 1527.9315893305466 4910.9400368877687 21175.444586812519 3770.7327480860986 29865.699037945829 1370.4960114452988 15528.292089790339 1735.5686819055118 4768.9093116081785 2765.706031548325 99568.183383885771
leaf_count=26968 7297 68065 14511 18980 135608 83440 189398 524575 32244 69695 163426 4773 28154 61124 41770 102602 27092 23495 6931 2608 6872 49992 8412 58762 4057 57621 6144 12388 9786 213436
internal_value=8.5886e-06 -0.00600073 -0.00121203 0.00162336 5.40392e-05 -0.000955272 0.000309586 0.000502078 -0.00132675 0.00199608 0.000178411 0.000726198 0.00107163 0.00209544 0.000143332 -0.000414238 -0.00185453 -0.00207287 -0.00405413 -0.00523712 -0.000588883 -0.00060754 -0.00475029 -0.000579827 0.00152384 -0.00502063 -0.00405427 0.000874876 6.7099e-05 -0.00121692
internal_weight=852661 6380.9 5591.67 5193.04 846280 170968 675312 604245 71066.9 107578 496668 289785 257962 122658 135304 118808 65417.1 31822.3 20517.6 13525.8 206883 156639 14329.4 45091.1 11304.7 19024.6 17263.9 86652 9934.21 120744
internal_count=2060226 108853 101556 33491 1951373 382248 1569125 1398665 170460 259093 1139572 608125 495318 236938 258380 230226 127624 112807 75469 34852 531447 346868 35380 85854 37338 70696 63765 175814 33281 263428
is_linear=0
shrinkage=0.03


Tree=195
num_leaves=31
num_cat=0
split_feature=18 24 97 24 14 15 92 93 87 97 92 30 24 40 24 20 24 69 69 40 92 24 44 87 87 92 63 27 18 18
split_gain=255.855 377.36 270.01 335.584 251.99 239.746 294.078 377.656 308.17 534.425 323.516 279.653 657.515 268.549 264.939 251.301 258.158 248.766 247.485 229.95 266.519 530.284 249.249 247.869 242.211 413.98 228.687 226.719 225.554 219.21
threshold=47.500000000000007 65.500000000000014 1.1999675631523135 77.500000000000014 33.500000000000007 21.500000000000004 0.74999850988388073 0.56470546126365673 0.70588049292564403 0.89189010858535778 0.62499824166297924 71.500000000000014 47.500000000000007 112.50000000000001 37.500000000000007 110.50000000000001 39.500000000000007 0.25277811288833624 0.088235292583704009 66.500000000000014 2.2499620914459233 7.5000000000000009 0.9999997913837434 0.83333018422126781 0.66666367650032055 0.86841949820518505 0.66666650772094738 15.500000000000002 32.500000000000007 11.500000000000002
decision_type=2 2 2 2 2 2 2 2 2 2 2 2 2 10 2 2 2 2 2 8 2 2 2 2 2 2 2 2 2 2
left_child=5 -2 -3 4 -4 6 8 -8 10 -10 14 12 15 -11 26 16 19 -7 -13 22 24 -22 23 29 25 -21 -1 -25 -18 -9
right_child=1 2 3 -5 -6 17 7 11 9 13 -12 18 -14 -15 -16 -17 28 -19 -20 20 21 -23 -24 27 -26 -27 -28 -29 -30 -31
leaf_value=-0.001092176445969599 0.011730898988699928 0.0029674145087620696 0.017328092597070202 -0.0098111113196869947 -0.00066495258457070349 -0.0058492284313164753 0.0027525086390712532 -0.0029201997749593754 -0.00032502091718648245 -0.0062873241182978476 0.0030065880130135418 -0.001708430879086697 -0.0097059542683543398 0.0061761664999416665 -0.0061267147330704118 0.0042910136948581716 -0.0061835392705589338 -0.0010326833064362548 0.0019254724361572378 -0.00064550467924986976 -0.038922154210315349 -0.0033831595633848056 0.0046643492398269308 0.00058273701779289612 -0.00082970816546477455 -0.033584579524033993 0.0032849178508247926 -0.0017748090088294296 0.0024091562908975643 0.005211282920937697
leaf_weight=65236.505003040656 3404.4175344519317 28786.949706286192 746.92710518836975 3736.2745447456837 8076.09524243325 10886.727036294527 53979.36342421337 3737.8084893906489 40478.219372502994 28389.07296539098 24457.077203345485 20134.099675005302 6577.3900746554136 1630.5965382456779 7911.0419670045376 11102.634935663198 11461.35365831852 83951.882366978214 103506.2799639795 907.80872281268239 475.00498935556971 1616.2179678664543 12085.513083546888 123264.36113193189 111452.67352102022 533.11909406911582 12839.878352738917 52260.429659582092 3603.0243218019605 14555.429633843713
leaf_count=158151 5576 43537 1481 15221 22630 24762 142000 11445 91531 77001 58556 38968 30100 2711 18648 26108 34001 177668 178884 2523 48087 10756 25847 317573 305810 4777 27392 117840 8813 31543
internal_value=-4.74499e-05 0.00216004 0.00136669 -0.00230119 0.000894023 -0.000169907 1.87976e-05 0.000374573 -0.00102569 -0.00257503 -3.64526e-05 0.000105525 -0.000323873 -0.00560668 -0.000902471 -0.000145515 -0.000292381 -0.0015867 0.00133353 -0.000112073 -0.00118662 -0.0117478 0.000488055 0.000227188 -0.000988942 -0.0131253 -0.000371694 -0.000119317 -0.00412791 0.00354842
internal_weight=851784 44750.7 41346.2 12559.3 8823.02 807034 712195 531253 180942 70497.9 110445 477273 353633 30019.7 85987.4 347055 335953 94838.6 123640 320888 114985 2091.22 205904 193818 112894 1440.93 78076.4 175525 15064.4 18293.2
internal_count=2059940 88445 82869 39332 24111 1971495 1769065 1335075 433990 171243 262747 1193075 975223 79712 204191 945123 919015 202430 217852 876201 371953 58843 504248 478401 313110 7300 185543 435413 42814 42988
is_linear=0
shrinkage=0.03


Tree=196
num_leaves=31
num_cat=0
split_feature=44 83 18 10 59 69 51 63 63 87 69 18 71 69 59 84 59 30 92 81 55 30 59 88 27 18 98 90 97 87
split_gain=247.426 224.107 232.43 274.965 226.42 205.045 228.879 386.85 223.841 208.967 198.242 234.768 192.839 184.875 175.335 175.16 166.975 164.453 178.005 164.387 180.588 164.778 161.036 157.408 171.502 157.154 156.391 317.233 195.305 151.009
threshold=1.4999997019767763 1.105989992618561 48.500000000000007 7.5000000000000009 0.8096006214618684 0.42625577747821813 13.303158283233644 0.37499995529651647 0.12499998882412912 1.7999919056892397 0.18057877570390704 36.500000000000007 1.6921201348304751 0.034516798332333572 0.34149673581123358 -1.4099559187889097 0.20016556233167651 157.50000000000003 1.1379284262657168 2.1428555250167851 0.28571425378322607 20.500000000000004 0.53196728229522716 1.2241594195365908 28.500000000000004 10.500000000000002 1.8421009182929995 -0.78628814220428456 1.4318137764930727 1.0178617835044863
decision_type=2 2 2 2 2 2 2 2 2 2 2 2 2 2 2 2 2 2 2 2 2 2 2 2 2 2 2 2 2 2
left_child=1 4 3 10 5 6 9 17 22 15 16 14 -2 -9 -12 -1 -3 18 26 20 21 -18 -7 24 -13 -11 28 -28 -8 -20
right_child=12 2 -4 -5 -6 8 7 13 -10 25 11 23 -14 -15 -16 -17 19 -19 29 -21 -22 -23 -24 -25 -26 -27 27 -29 -30 -31
leaf_value=0.0020383569755254827 0.00098511512941487633 -0.0001677666094684621 0.0043396083949274657 -0.0037214352675310675 -0.0029079523701993431 0.00080184553496702048 -0.0051743428748746685 -0.010308433660190306 0.0019341810064187083 -0.029021989980913439 0.0016480434723465502 0.01188144888190374 0.0060588888655884552 -0.00018903703232297096 -0.00023799129506250861 -0.00040986396109151443 0.0027085577878002208 0.0057767501114434393 0.0062478466445643347 -0.01406542031138183 0.005472379860374031 -0.007152175404039644 -0.0033950766444582562 0.0082341488481364258 0.0014860476520955365 -0.0034897771377634802 0.020779449075686796 -0.004095879100217267 -0.013498184041263671 -0.0026007915732688736
leaf_weight=30646.097963460721 22123.028015037649 98057.419374811696 13125.632401961833 14800.700536332442 34834.47893773031 17830.422769222641 26371.976572695188 1638.2927264232421 60565.53395727172 366.3887387997238 84277.679193148389 1555.303497036919 9683.2255261313403 80601.530193340732 93631.435216056532 184765.77150427504 2024.3716609093826 1597.0598359107971 1890.4027278097346 1278.2619147915393 1939.651895056013 6056.0500358093996 15249.192359635839 5639.5290014110506 15418.382482009009 509.30301590193994 584.45361823961139 1931.5604263655841 2799.3677564263344 19067.441181734321
leaf_count=64266 49248 265416 24133 31864 90881 46587 56136 4602 126930 49127 193968 2475 18688 177990 221815 451705 6642 2274 3903 3620 4219 14077 38746 9016 30651 2785 1745 8019 12947 43817
internal_value=-6.25868e-05 -0.000163426 0.000428864 0.000270508 -0.000579174 -0.000397334 -0.000728593 -0.00169046 0.00085044 -0.000121538 0.000461403 0.00102172 0.00253263 -0.000393082 0.000655531 -6.14049e-05 -0.000566034 -0.00365661 -0.00394487 -0.00401617 -0.00270872 -0.0046812 -0.00113375 0.0038996 0.00245144 -0.0145819 -0.00536313 0.0018008 -0.00598182 -0.00179745
internal_weight=850860 819054 337804 324679 481249 446415 352770 136482 93645.1 216288 309878 200522 31806.3 82239.8 177909 215412 109356 54242.3 52645.2 11298.3 10020.1 8080.42 33079.6 22613.2 16973.7 875.692 31687.4 2516.01 29171.3 20957.8
internal_count=2058292 1990356 807896 783763 1182460 1091579 879316 311433 212263 567883 751899 457925 67936 182592 415783 515971 293974 128841 126567 28558 24938 20719 85333 42142 33126 51912 78847 9764 69083 47720
is_linear=0
shrinkage=0.03


Tree=197
num_leaves=31
num_cat=0
split_feature=74 63 69 67 24 16 30 24 92 83 87 18 43 37 18 24 18 21 69 54 92 41 28 71 54 92 87 57 54 44
split_gain=287.587 295.773 240.462 256.702 233.976 223.051 220.376 317.316 280.8 215.671 208.892 201.069 192.36 187.493 185.803 218.175 200.403 185.688 178.235 247.097 178.228 177.798 276.585 235.225 190.392 186.192 176.797 180.623 168.605 165.931
threshold=-2.9273008108139034 0.20970761775970462 0.096169792115688338 3.8098050355911259 10.500000000000002 57.500000000000007 43.500000000000007 30.500000000000004 1.1379284262657168 1.2857120633125307 1.0333682894706728 29.500000000000004 0.66666650772094738 130.50000000000003 20.500000000000004 22.500000000000004 16.500000000000004 21.500000000000004 0.2373076602816582 0.38243331015110021 1.0132490396499636 7.8375518321990976 9.5000000000000018 0.7392345964908601 0.15101126581430438 0.54545119404792797 1.2158356308937075 7.1635668277740487 0.12499998882412912 0.43333332240581518
decision_type=2 2 2 2 2 2 2 2 2 2 2 2 2 8 2 2 2 2 2 2 2 2 2 2 2 2 2 2 2 2
left_child=4 9 -3 -4 -1 6 7 14 10 13 20 -9 -12 21 15 16 -5 -14 28 -20 -8 22 23 24 25 -2 -10 -28 -6 -23
right_child=1 2 3 5 18 -7 8 11 26 -11 12 -13 17 -15 -16 -17 -18 -19 19 -21 -22 29 -24 -25 -26 -27 27 -29 -30 -31
leaf_value=0.0057205934887836121 -0.0029266729425242834 -0.00098210082769974519 0.002507042969089263 -0.0001881492832605938 -0.00089012492787184669 -0.01174012161968674 0.00058921018462842231 -0.011378047196468266 0.0047522516464472671 0.00063915167095806777 -0.00025655153975546888 0.0057476619944443049 -0.001554321853938804 0.0084800666731984099 0.0060295632128311424 -0.0043095285064866018 0.0070889159932982452 -0.011153614964700329 0.0017346478840305258 -0.0027058352208661298 0.0040413273725545774 -0.0060840583557306063 0.0036038991318171234 0.0066966410170263739 -0.0019266964879333043 0.00053117235833359815 0.0049700306345612892 -0.0011029356987952144 -0.005871980617257298 -0.0014920364123357124
leaf_weight=3599.1001989297802 17086.053863488603 61224.279914559331 83324.401473486214 69593.176020374638 9601.7140181811992 1293.2750344271772 71915.868673220277 3569.4919908866286 28496.585975063965 117456.28233450814 20677.00131582655 732.16297105699778 4006.2323027970269 1877.7160604624078 4185.2341530751437 11288.377437275834 3561.1506157144904 3305.3445653133094 18337.521184471436 29234.175500081154 16542.19073202461 10925.458170664264 12721.414668731624 3540.1155479514273 110602.21478794899 77538.91219417681 6777.6560528292321 12521.370299681555 16852.017979637487 20118.532525571878
leaf_count=13185 45087 142644 182069 177447 21694 3062 141098 13811 47738 324731 39835 2177 7919 13389 10223 29577 7783 7775 38021 66109 29872 26034 25113 6357 283109 237279 10647 22639 40760 43499
internal_value=1.16765e-05 0.00018609 0.000749083 0.00105923 -0.00172899 0.00059232 0.000655246 -0.000512186 0.00131577 -0.000424067 0.000520845 -0.00845006 -0.00173724 -0.000914946 -0.000125093 -0.000431492 0.000167939 -0.00591246 -0.00209263 -0.000994147 0.00123554 -0.000985469 -0.000687298 -0.000949106 -0.00108163 -9.36835e-05 0.00325145 0.00103278 -0.00406579 -0.003111
internal_weight=852505 774880 403014 341790 77624.5 258465 257172 92929.6 164242 371867 116447 4301.65 27988.6 254410 88627.9 84442.7 73154.3 7311.58 74025.4 47571.7 88458.1 252533 221489 208767 205227 94625 47795.6 19299 26453.7 31044
internal_count=2060683 1880914 876316 733672 179769 551603 548541 241018 307523 1004598 226499 15988 55529 679867 225030 214807 185230 15694 166584 104130 170970 666478 596945 571832 565475 282366 81024 33286 62454 69533
is_linear=0
shrinkage=0.03


Tree=198
num_leaves=31
num_cat=0
split_feature=92 24 87 12 83 18 88 92 87 97 40 18 92 60 68 16 69 18 21 65 35 98 24 26 37 97 40 92 24 64
split_gain=323.557 1088.03 787.06 289.784 284.107 224.249 197.8 237.772 300.415 365.295 265.778 233.52 207.106 190.16 188.679 187.646 191.927 172.283 172.652 165.252 171.902 161.694 156.684 272.917 155.178 153.539 153.265 150.975 240.193 158.251
threshold=2.2499620914459233 7.5000000000000009 1.5999855995178225 6.5000000000000009 1.105989992618561 47.500000000000007 0.94117397069931041 1.1249905228614809 1.0333682894706728 1.04761677980423 125.50000000000001 45.500000000000007 0.49999436736106878 0.091750837862491622 0.33333332836627966 8.5000000000000018 0.17255769670009616 33.500000000000007 14.500000000000002 0.18878407031297686 363.75172424316412 1.1320738792419436 30.500000000000004 93.500000000000014 1.0000000180025095e-35 1.6595696806907656 20.500000000000004 2.5714037418365483 14.500000000000002 0.11111110076308252
decision_type=2 2 2 2 2 2 2 2 2 2 8 2 2 2 2 2 2 2 2 2 2 2 2 2 10 2 10 2 2 2
left_child=4 -2 -3 -4 6 15 12 8 25 -10 21 14 22 -12 -9 16 -6 -18 -19 -17 -21 -11 23 -1 -7 -8 -22 29 -29 -5
right_child=1 2 3 27 5 24 7 11 9 10 13 -13 -14 -15 -16 19 17 18 -20 20 26 -23 -24 -25 -26 -27 -28 28 -30 -31
leaf_value=-0.0018428390177456281 -0.039552209160228793 -0.036613604378923317 0.021440846282025503 0.011878308200417421 -0.0003766560133084622 0.00553838490198793 -0.00045555478595836262 -0.0013781792206121375 -0.0018864227252746901 -0.012921259081247674 0.011740727658924876 0.0053237148078018022 0.00053497498449281552 -0.0079996682488829018 0.00090919940820256015 -0.008845262322051033 0.00086799770030080684 0.011489891735676345 0.0027122614679109839 0.0097578032215433902 -0.0036015002635604166 -0.0063943728117298567 -0.0072158999296668179 0.011844765820697848 -0.0021829230485770662 -0.005452466877320282 0.001997016949697263 -0.032400337753094553 0.0036935544188319317 -0.0022593315751487236
leaf_weight=27971.098700016737 779.37743735208642 514.55909720528871 570.07697917893529 939.54279227927327 102368.74618120654 12923.311580371112 70633.629347093403 81001.39447465702 29184.617582838517 5355.1735081318766 1031.6798455324024 6564.500114666298 199969.34908783413 735.96817796491086 54127.448574774899 2828.8289997996762 176962.31738681858 2171.3093327470124 25783.688577050343 1205.9115157853812 13746.136408488732 9627.1679548323154 4480.2019323483109 1355.6388672739267 2848.7872963193804 5985.2288746908307 6453.418373497203 307.92504676943645 328.49482814292423 2751.5547946002334
leaf_count=69008 73665 4399 1738 2794 254082 23150 147458 204684 64386 14308 2761 11408 468512 2237 116632 6564 394089 3453 49882 2417 28701 30090 10744 2557 6025 27058 11969 12280 4376 9283
internal_value=-5.87166e-05 -0.00688065 -0.00204748 0.00171831 -8.58761e-06 0.000650003 -0.000467858 -0.00103017 -0.00199769 -0.00391547 -0.00744435 -0.000193187 0.000167784 0.00352418 -0.000461944 0.000483596 0.000684071 0.00121395 0.00340176 -0.00205686 -0.00115232 -0.00874141 -0.0020032 -0.00120248 0.00414275 -0.000847219 -0.00181266 -0.000966486 -0.0142252 0.00138393
internal_weight=851507 6191.53 5412.15 4897.59 845316 347292 498023 264247 122553 45934.6 16750 141693 233776 1767.65 135129 331520 307286 204917 27955 24234.3 21405.5 14982.3 33806.9 29326.7 15772.1 76618.9 20199.6 4327.52 636.42 3691.1
internal_count=2060710 108535 34870 30471 1952175 780332 1171843 621022 288298 113782 49396 332724 550821 4998 321316 751157 701506 447424 53335 49651 43087 44398 82309 71565 29175 174516 40670 28733 16656 12077
is_linear=0
shrinkage=0.03


Tree=199
num_leaves=31
num_cat=0
split_feature=92 24 87 46 39 26 98 68 30 24 65 18 24 18 30 16 26 34 38 66 12 26 44 92 87 26 17 66 28 24
split_gain=245.879 1110.95 773.034 258.599 752.961 284.189 311.79 317.39 261.42 365.252 257.565 257.343 262.498 275.419 268.635 255.716 243.561 232.079 218.021 218.261 217.775 213.769 207.441 223.226 223.665 201.292 197.382 195.117 191.337 189.826
threshold=2.2499620914459233 7.5000000000000009 1.5999855995178225 8.8193674087524432 9.5000000000000018 6.5000000000000009 0.93852436542510997 0.38461537659168249 115.50000000000001 63.500000000000007 0.11111110076308252 43.500000000000007 55.500000000000007 35.500000000000007 90.500000000000014 6.5000000000000009 102.50000000000001 36.500000000000007 inf 43.155807495117195 6.5000000000000009 1.0000000180025095e-35 1.7499999403953554 1.7999865412712099 1.2810230851173403 89.500000000000014 32.812845230102546 15.425179958343508 67.500000000000014 47.500000000000007
decision_type=2 2 2 2 8 2 2 2 2 2 2 2 2 2 2 2 2 2 8 2 2 2 2 2 2 2 2 2 2 2
left_child=3 -2 -3 4 28 -5 7 15 9 10 27 12 13 22 -14 -7 -11 -17 19 -6 -4 -20 23 24 29 -25 -9 -8 -1 -12
right_child=1 2 20 5 18 6 8 26 -10 16 11 -13 14 -15 -16 17 -18 -19 21 -21 -22 -23 -24 25 -26 -27 -28 -29 -30 -31
leaf_value=0.0044867194296009426 -0.039295279816861386 -0.035512511525000318 0.019358544605031336 0.0093373378779843894 0.00056017309206846241 -0.0029245269514641893 0.0017385595389321322 -0.0052341473224562984 0.0023103554485193059 0.0128302143742644 0.00051590750158172875 0.0076156122522047787 -0.011815596708203282 0.0044492535632574947 -0.0013364762565713339 -0.016737298625908045 -0.0072927579657709046 -0.0055975228591861638 0.0083427443277098931 -0.0010783766441927367 0.00022216402231145039 -0.004421019837179168 0.0063398771892241882 0.0073859839623478694 -0.0037754083797896876 -0.0072865337285913838 0.00063348815791163904 -0.0037756273216581087 -0.0070924332037470015 -0.0042073248886345992
leaf_weight=44700.407954434864 762.98029878700618 511.17581516550854 589.25732040870935 2540.978616632754 395963.99816932133 34317.193020758219 7370.1825688211247 6123.5935178743675 33983.451168254018 556.5112057775259 72970.067600798793 4224.541438953951 3096.554360255599 14074.865802982822 7521.375930942595 2352.9432215737179 9379.2629525065422 5920.2636663913727 1269.8197880296502 89727.288579106098 4408.2744515542872 14167.703394691227 4426.2933917120099 5442.1872767757159 16841.890456874855 978.18242475762963 32199.95726866601 26501.226411933079 1305.0695152431726 8535.7333769574761
leaf_count=82402 73694 4428 1782 7189 940109 67904 17057 13093 54138 1289 162861 7968 12641 26687 13430 5490 35638 11093 4901 206728 28706 72022 8817 12823 37426 2502 57768 65835 2862 20621
internal_value=5.13234e-05 -0.00585736 -0.00110066 9.52384e-05 0.00048309 -0.000613621 -0.000699433 -0.00228746 -0.00010413 -0.000555374 -0.000231939 0.000343091 0.000112518 0.000502637 -0.00440902 -0.00406913 -0.00614214 -0.00879846 0.000145814 0.000257433 0.0025467 -0.0033617 -6.79267e-06 -0.000276089 -0.0006303 0.00513485 -0.000306323 -0.00257546 0.00415531 2.0354e-05
internal_weight=852763 6271.69 5508.71 846492 547134 299357 296816 80914 215902 181919 171983 138112 133887 123269 10617.9 42590.4 9935.77 8273.21 501129 485691 4997.53 15437.5 109194 104768 98347.7 6420.37 38323.6 33871.4 46005.5 81505.8
internal_count=2059904 108610 34916 1951294 1309024 642270 635081 155348 479733 425595 388668 305776 297808 271737 26071 84487 36927 16583 1223760 1146837 30488 76923 245050 236233 220908 15325 70861 82892 85264 183482
is_linear=0
shrinkage=0.03


end of trees

feature_importances:
Column_92=768
Column_87=677
Column_97=639
Column_24=626
Column_30=368
Column_40=346
Column_18=304
Column_39=304
Column_98=194
Column_38=143
Column_69=93
Column_63=75
Column_51=67
Column_32=65
Column_26=58
Column_93=58
Column_100=54
Column_46=52
Column_34=43
Column_78=43
Column_12=41
Column_88=39
Column_33=38
Column_31=37
Column_0=36
Column_68=36
Column_65=35
Column_44=31
Column_37=28
Column_89=28
Column_90=28
Column_59=27
Column_66=27
Column_56=25
Column_20=21
Column_72=21
Column_48=19
Column_54=19
Column_3=18
Column_83=18
Column_52=17
Column_61=17
Column_14=16
Column_16=16
Column_43=16
Column_64=16
Column_76=15
Column_79=15
Column_94=15
Column_11=14
Column_29=14
Column_67=14
Column_77=14
Column_15=13
Column_41=13
Column_95=13
Column_27=12
Column_2=11
Column_36=11
Column_86=11
Column_21=10
Column_71=10
Column_6=8
Column_74=8
Column_8=7
Column_17=7
Column_53=7
Column_55=7
Column_99=7
Column_10=6
Column_22=6
Column_28=6
Column_58=6
Column_57=5
Column_60=5
Column_70=5
Column_73=5
Column_91=5
Column_1=4
Column_19=4
Column_35=4
Column_50=4
Column_82=4
Column_96=4
Column_49=3
Column_84=3
Column_5=2
Column_9=2
Column_25=2
Column_45=2
Column_62=2
Column_75=2
Column_81=2
Column_7=1
Column_23=1
Column_42=1
Column_47=1

parameters:
[boosting: gbdt]
[objective: binary]
[metric: auc]
[tree_learner: serial]
[device_type: cpu]
[data_sample_strategy: bagging]
[data: ]
[valid: ]
[num_iterations: 200]
[learning_rate: 0.03]
[num_leaves: 31]
[num_threads: 12]
[seed: 42]
[deterministic: 0]
[force_col_wise: 0]
[force_row_wise: 1]
[histogram_pool_size: -1]
[max_depth: -1]
[min_data_in_leaf: 2000]
[min_sum_hessian_in_leaf: 0.001]
[bagging_fraction: 0.8]
[pos_bagging_fraction: 1]
[neg_bagging_fraction: 1]
[bagging_freq: 1]
[bagging_seed: 400]
[bagging_by_query: 0]
[feature_fraction: 0.8]
[feature_fraction_bynode: 1]
[feature_fraction_seed: 30056]
[extra_trees: 0]
[extra_seed: 12879]
[early_stopping_round: 0]
[early_stopping_min_delta: 0]
[first_metric_only: 0]
[max_delta_step: 0]
[lambda_l1: 0]
[lambda_l2: 20]
[linear_lambda: 0]
[min_gain_to_split: 0]
[drop_rate: 0.1]
[max_drop: 50]
[skip_drop: 0.5]
[xgboost_dart_mode: 0]
[uniform_drop: 0]
[drop_seed: 17869]
[top_rate: 0.2]
[other_rate: 0.1]
[min_data_per_group: 100]
[max_cat_threshold: 32]
[cat_l2: 10]
[cat_smooth: 10]
[max_cat_to_onehot: 4]
[top_k: 20]
[monotone_constraints: ]
[monotone_constraints_method: basic]
[monotone_penalty: 0]
[feature_contri: ]
[forcedsplits_filename: ]
[refit_decay_rate: 0.9]
[cegb_tradeoff: 1]
[cegb_penalty_split: 0]
[cegb_penalty_feature_lazy: ]
[cegb_penalty_feature_coupled: ]
[path_smooth: 0]
[interaction_constraints: ]
[verbosity: -1]
[saved_feature_importance_type: 0]
[use_quantized_grad: 0]
[num_grad_quant_bins: 4]
[quant_train_renew_leaf: 0]
[stochastic_rounding: 1]
[linear_tree: 0]
[max_bin: 63]
[max_bin_by_feature: ]
[min_data_in_bin: 3]
[bin_construct_sample_cnt: 200000]
[data_random_seed: 175]
[is_enable_sparse: 1]
[enable_bundle: 1]
[use_missing: 1]
[zero_as_missing: 0]
[feature_pre_filter: 1]
[pre_partition: 0]
[two_round: 0]
[header: 0]
[label_column: ]
[weight_column: ]
[group_column: ]
[ignore_column: ]
[categorical_feature: ]
[forcedbins_filename: ]
[precise_float_parser: 0]
[parser_config_file: ]
[objective_seed: 16083]
[num_class: 1]
[is_unbalance: 0]
[scale_pos_weight: 1]
[sigmoid: 1]
[boost_from_average: 1]
[reg_sqrt: 0]
[alpha: 0.9]
[fair_c: 1]
[poisson_max_delta_step: 0.7]
[tweedie_variance_power: 1.5]
[lambdarank_truncation_level: 30]
[lambdarank_norm: 1]
[label_gain: ]
[lambdarank_position_bias_regularization: 0]
[eval_at: ]
[multi_error_top_k: 1]
[auc_mu_weights: ]
[num_machines: 1]
[local_listen_port: 12400]
[time_out: 120]
[machine_list_filename: ]
[machines: ]
[gpu_platform_id: -1]
[gpu_device_id: -1]
[gpu_device_id_list: ]
[gpu_use_dp: 0]
[num_gpu: 1]

end of parameters

pandas_categorical:null
