tree
version=v4
num_class=1
num_tree_per_iteration=1
label_index=0
max_feature_idx=100
objective=binary sigmoid:1
feature_names=Column_0 Column_1 Column_2 Column_3 Column_4 Column_5 Column_6 Column_7 Column_8 Column_9 Column_10 Column_11 Column_12 Column_13 Column_14 Column_15 Column_16 Column_17 Column_18 Column_19 Column_20 Column_21 Column_22 Column_23 Column_24 Column_25 Column_26 Column_27 Column_28 Column_29 Column_30 Column_31 Column_32 Column_33 Column_34 Column_35 Column_36 Column_37 Column_38 Column_39 Column_40 Column_41 Column_42 Column_43 Column_44 Column_45 Column_46 Column_47 Column_48 Column_49 Column_50 Column_51 Column_52 Column_53 Column_54 Column_55 Column_56 Column_57 Column_58 Column_59 Column_60 Column_61 Column_62 Column_63 Column_64 Column_65 Column_66 Column_67 Column_68 Column_69 Column_70 Column_71 Column_72 Column_73 Column_74 Column_75 Column_76 Column_77 Column_78 Column_79 Column_80 Column_81 Column_82 Column_83 Column_84 Column_85 Column_86 Column_87 Column_88 Column_89 Column_90 Column_91 Column_92 Column_93 Column_94 Column_95 Column_96 Column_97 Column_98 Column_99 Column_100
feature_infos=[0:7] [0:7] [0:1262] [0:301] [0:81] [0:12368.0361328125] [0:14] [0:13] [0:1891] [0:407] [0:112] [0:19534.392578125] [1:30] [0:27] [0:2706] [0:821] [0:223] [0:19561.998046875] [1:60] [0:52] [0:3898] [0:1381] [0:429] [0:24517.7421875] [1:90] [0:76] [0:5040] [0:1797] [0:634] [0:37929.24609375] [1:180] [0:145] [0:9231] [0:3140] [0:970] [0:73271.109375] [0:29] [0:246] [0:286] [0:286] [0:288] [0:6184.01513671875] [0:4122.67724609375] [0:0.99999994039535522] [0:63000000] [0:0.99999988079071045] [0:8109.8662109375] [0:3906.877685546875] [0:1] [0:63000000] [0:0.99999994039535522] [0:8109.8662109375] [0:2016.5985107421875] [0:1] [0:110000000] [0:0.99999994039535522] [0:7664.36328125] [0:1465.327880859375] [0:1] [0:217000000] [0:0.99999988079071045] [0:5851.8193359375] [0:1185.2889404296875] [0:1] [0:335000000] [0:0.99999994039535522] [0:5594.361328125] [0:1356.5089111328125] [0:1] [0:570000000] [0:0.99999982118606567] [0:2] [0:1.9999959468841553] [0:1.9999997615814209] [-9.0009613037109375:0] [-1.9459100961685181:0] [0:4.2857141494750977] [0:4.2856960296630859] [0:4.2857131958007812] [-9.5242071151733398:0] [-2.8332133293151855:0] [0:2.1428570747375488] [0:2.1428523063659668] [0:2.1428568363189697] [-8.5381097793579102:0] [-2.4849066734313965:0] [0:2] [0.086956292390823364:1.9999958276748657] [0:1.9999997615814209] [-9.1861782073974609:0] [-2.7080502510070801:0] [0:3] [0.066666536033153534:2.999990701675415] [0:2.9999995231628418] [-9.9289407730102539:0] [-3.3322045803070068:0] [0:3] [0.038461450487375259:2.9999899864196777] [0:2.9999995231628418] [-9.3275251388549805:0] [-3.5835189819335938:0]
tree_sizes=3503 3568 3569 3584 3575 3577 3572 3568 3583 3566 3586 3579 3587 3583 3588 3571 3576 3565 3580 3590 3568 3588 3582 3584 3592 3581 3592 3568 3594 3604 3575 3593 3595 3584 3608 3602 3587 3572 3599 3609 3599 3588 3586 3601 3604 3604 3586 3609 3615 3587 3596 3611 3598 3603 3604 3601 3598 3591 3593 3612 3603 3594 3603 3606 3593 3608 3599 3601 3592 3621 3613 3609 3597 3614 3620 3614 3613 3603 3624 3602 3605 3615 3618 3607 3610 3615 3603 3624 3599 3604 3606 3598 3628 3625 3617 3602 3604 3614 3606 3627 3621 3622 3612 3634 3625 3616 3605 3621 3621 3633 3617 3634 3628 3609 3623 3622 3625 3622 3637 3610 3628 3624 3629 3634 3601 3620 3643 3615 3624 3610 3605 3608 3616 3612 3622 3629 3623 3628 3619 3624 3614 3615 3611 3635 3620 3620 3637 3625 3585 3615 3621 3620 3613 3605 3630 3626 3616 3612 3622 3621 3631 3624 3612 3607 3628 3630 3642 3603 3597 3623 3621 3589 3620 3627 3613 3614 3634 3611 3620 3599 3624 3628 3615 3628 3621 3611 3610 3593 3626 3611 3616 3622 3579 3630 3621 3620 3607 3637 3629 3627

Tree=0
num_leaves=31
num_cat=0
split_feature=97 87 97 30 39 39 30 92 92 18 30 97 97 87 92 24 97 92 24 24 87 87 92 97 39 0 92 34 24 97
split_gain=180173 76415.4 38263 20628.3 15142.6 12203.1 11409 10592.9 10057.8 9339.07 7540.47 6580.5 6111.22 5220.15 4749.18 4724.63 4115.25 3436.63 3106.49 2797.95 2652.11 2637.58 2365.04 2053.22 1845.38 1844.37 1600.3 1433.65 1397.41 2445.51
threshold=1.4705843329429629 1.7999919056892397 2.833312034606934 49.500000000000007 189.50000000000003 167.50000000000003 11.500000000000002 0.96428340673446666 1.1999837756156924 10.500000000000002 18.500000000000004 1.838701665401459 1.2105234861373904 1.7999919056892397 1.071426570415497 54.500000000000007 1.2352842688560488 1.1371448040008547 28.500000000000004 2.5000000000000004 0.99999827146530162 0.99999123811721813 1.0285694003105166 1.838701665401459 189.50000000000003 3.5000000000000004 1.0434752106666567 24.500000000000004 18.500000000000004 2.9999362230300908
decision_type=2 2 2 2 10 10 2 2 2 2 2 2 2 2 2 2 2 2 2 2 2 2 2 2 8 2 2 2 2 2
left_child=1 3 5 4 10 6 13 12 15 -3 19 -10 27 -2 18 21 25 20 24 -1 -18 22 -8 -24 -12 -9 -22 -5 -4 -30
right_child=2 9 28 7 -6 -7 8 16 11 -11 14 -13 -14 -15 -16 -17 17 -19 -20 -21 26 -23 23 -25 -26 -27 -28 -29 29 -31
leaf_value=-0.058733195097475904 -0.029007874873741332 -0.059927444593365485 -0.059943809420842945 0.0079116483563812703 0.041941203214637027 0.034612124912192579 -0.019267365403348752 0.01528550342424809 -0.00068990273812018742 0.0078481480617925356 0.0038320885265180843 -0.016783161742612046 -0.0064676394298510348 -0.0597982970662089 0.0098563765224321843 -0.036449286890763738 0.011267052369684533 0.016828230670420673 -0.014573004316394852 -0.0067458574841393788 -0.02580769711695181 -0.028945814063416397 0.0063240002731755401 -0.017200626813710741 -0.0059251728541710284 0.02154003592487545 -0.0014130803396687943 0.014247528828843635 -0.0055372913799430134 -0.059376643493893426
leaf_weight=927.25 30560.784217834473 16514.5 21328.25 98419.32124042511 8759.6644763946533 3919.6790361404419 52240.486144065857 63471.518292427063 46989.482912063599 2052.6021738052368 108500.54176902771 44528.059998512268 23583.22238445282 5928.75 88569.365388870239 17407.193137168884 12570.25532245636 30767.494698524475 10657.1910572052 58448.814744949341 3409.4134311676025 19603.18759059906 6861.290340423584 6470.3635015487671 20768.120210647583 129694.69759464264 8233.1304931640625 47814.158598899841 1261.2556638717651 1905
leaf_count=3709 91947 66058 85313 179747 6431 3787 140868 100934 98758 3748 212329 116531 53930 23715 156243 56531 21601 47402 27143 134175 9923 58947 12876 17029 47132 180287 17495 77622 2850 7620
internal_value=2.01199e-05 0.00761865 -0.0214879 0.00918042 0.00312971 -0.0177581 -0.0186513 0.0134743 -0.0157549 -0.0524344 0.00194588 -0.00852207 0.00769962 -0.0340407 0.00442097 -0.0222047 0.0174252 0.0101779 0.000979581 -0.00757722 0.00172029 -0.0192857 -0.0163898 -0.00510207 0.00226383 0.0194867 -0.00858883 0.00998496 -0.0571535 -0.0380995
internal_weight=992165 733161 259004 714594 296631 234509 230590 417963 194100 18567.1 287871 91517.5 169817 36489.5 228495 102583 248147 54980.3 139926 59376.1 24212.8 85175.3 65572.1 13331.7 129269 193166 11642.5 146233 24494.5 3166.26
internal_count=2062681 1345909 716772 1276103 587162 620989 617202 688941 501540 69806 580731 215289 311299 115662 442847 286251 377642 96421 286604 137884 49019 229720 170773 29905 259461 281221 27418 257369 95783 10470
is_linear=0
shrinkage=1


Tree=1
num_leaves=31
num_cat=0
split_feature=97 87 97 40 30 40 30 12 0 97 30 24 97 87 24 93 38 93 24 40 38 40 97 12 24 40 93 30 30 24
split_gain=167918 71872.3 36483.9 26597.2 24793.7 23176.5 9785.52 8182.57 7189.83 6060.14 5923 5643.68 5276.52 4732.57 3664.99 3121.94 2784.89 2276.16 2113 2012.4 1971.67 1926.89 1868.03 1703.03 1693.19 1608.57 1579.86 1616.66 1549.65 3657.52
threshold=1.4705843329429629 1.7999919056892397 2.833312034606934 201.50000000000003 39.500000000000007 153.50000000000003 11.500000000000002 9.5000000000000018 3.5000000000000004 1.2352842688560488 16.500000000000004 56.500000000000007 1.6666417121887209 1.7999919056892397 24.500000000000004 1.1931808590888979 174.50000000000003 1.1641779541969302 2.5000000000000004 201.50000000000003 150.50000000000003 201.50000000000003 1.2810719609260561 18.500000000000004 66.500000000000014 165.50000000000003 1.4423058032989504 20.500000000000004 27.500000000000004 15.500000000000002
decision_type=2 2 2 10 2 10 2 2 2 2 2 2 2 2 2 2 10 2 2 8 10 10 2 2 2 10 2 2 2 2
left_child=1 3 5 4 10 6 13 -3 22 23 16 12 17 20 19 24 18 -8 -1 25 -2 -7 -6 -10 -11 28 -14 -28 29 -12
right_child=2 7 -4 -5 8 21 11 -9 9 15 14 -13 26 -15 -16 -17 -18 -19 -20 -21 -22 -23 -24 -25 -26 -27 27 -29 -30 -31
leaf_value=-0.057040373423749645 -0.029721966664160854 -0.058183903994699665 -0.055607611820253956 0.04752527544609024 0.0091701265038309828 0.015873094319852114 -0.012736584763159862 0.0043310107889452569 0.014931214010964493 0.0032836374883576051 0.0033735013101422393 -0.032086621660399578 -0.021070496816813108 -0.058085431259539563 -0.018225116595184294 0.013994608396919114 0.028987652338185999 -0.0010586779248184597 -0.010569178896908523 -0.0054595628481222281 0.017970587583868988 0.045308198078689958 0.0011943755919360431 0.020765832475318338 -0.015073522800045366 0.019645381055018552 -0.022344375766872242 -0.0095632604687990747 0.0066890500349008663 -0.01668557355670745
leaf_weight=880.2465922832489 29224.370854586363 16370.547706514597 24445.795593351126 15645.761908426881 220281.64021807909 3596.2375944256783 32675.157699361444 2126.1375328600407 83144.859521612525 20806.420293092728 51417.914630278945 18189.941369563341 71229.012280017138 5802.8443131446838 7617.6124796420336 25464.648423314095 1563.3538925349712 27796.276221081614 43067.885422438383 21633.029197871685 789.03948876261711 4586.1087127774954 30039.400244519114 99070.986472085118 5756.3431942164898 5923.5648635923862 13114.754856526852 27872.416561588645 71472.155346140265 9708.2547422796488
leaf_count=3524 89400 65541 95768 8603 391425 5679 81772 4115 131893 41017 101161 57102 197335 23232 20292 41248 1768 58871 104351 48688 1179 2909 61258 138301 14777 8547 36832 66824 132895 25350
internal_value=2.68127e-06 0.00735178 -0.0207407 0.00886591 0.00799783 -0.0171073 -0.0188984 -0.0510011 0.0117493 0.0155271 -0.000525476 -0.0161953 -0.0145179 -0.0332871 0.00207858 0.00649339 -0.0101217 -0.00737085 -0.0115255 0.00304646 -0.028457 0.0324414 0.00821318 0.0181054 -0.00070284 0.00437545 -0.0183674 -0.0136618 0.00369043 0.000183239
internal_weight=991313 731991 259322 713494 697848 234876 226694 18496.7 484564 234243 213284 190878 172688 35816.3 167773 52027.4 45511.5 60471.4 43948.1 160155 30013.4 8182.35 250321 182216 26562.8 138522 112216 40987.2 132598 61126.2
internal_count=2061657 1344754 716903 1275098 1266495 621135 612547 69656 819919 367236 446576 498736 441634 113811 336933 97042 109643 140643 107875 316641 90579 8588 452683 270194 55794 267953 300991 103656 259406 126511
is_linear=0
shrinkage=0.03


Tree=2
num_leaves=31
num_cat=0
split_feature=97 87 97 40 30 40 39 92 39 30 18 92 97 97 30 87 87 97 92 24 31 92 87 30 87 24 40 92 92 97
split_gain=160100 67305 33841.1 25455.7 22818.5 21577.2 12553.7 12113.7 10176.3 9868.9 8927.65 8451.27 7029.54 5315.65 5179.17 3882.93 3552.14 3382.98 2983.46 2893.04 2857.86 2604.97 2784.55 2583.79 2158.93 1970.34 1831.74 1736.4 1731.6 1764.26
threshold=1.4705843329429629 1.7999919056892397 2.833312034606934 201.50000000000003 35.500000000000007 153.50000000000003 189.50000000000003 0.98017880320549022 167.50000000000003 11.500000000000002 10.500000000000002 1.1999837756156924 1.2105234861373904 1.7072894573211672 16.500000000000004 1.7999919056892397 0.91547426581382763 1.2810719609260561 0.9999932348728181 19.500000000000004 11.500000000000002 1.1371448040008547 0.99999827146530162 98.500000000000014 0.88888442516326915 2.5000000000000004 201.50000000000003 1.071426570415497 0.9999774992465974 1.6666417121887209
decision_type=2 2 2 10 2 10 10 2 10 2 2 2 2 2 2 2 2 2 2 2 2 2 2 2 2 2 10 2 2 2
left_child=1 3 5 4 6 8 14 12 9 15 -3 16 23 -13 25 -2 18 20 -11 27 -9 22 -19 -6 -14 -1 -7 -16 -18 -30
right_child=2 10 -4 -5 7 26 -8 17 -10 11 -12 13 24 -15 19 -17 28 21 -20 -21 -22 -23 -24 -25 -26 -27 -28 -29 29 -31
leaf_value=-0.055539137687957436 -0.029462299767768641 -0.056600020448228261 -0.053892717151132204 0.046190702826381498 0.0061175638845880559 0.015059954058604549 0.039854604112301233 0.013501539619341833 0.033698019106402473 -0.021014266576637065 0.008871048251599253 0.00012309976148891258 -0.00062105569541949035 -0.015283342340146562 -0.001206515510933846 -0.056467877793857833 -0.040668547011299599 0.01053261714990634 -0.0037596696106121197 -0.01152444151478494 0.0201935179213108 0.013404741283480773 -0.012593622560059853 0.013863052376049092 -0.015707058620962944 -0.010856738320857906 0.043857455573602218 0.0062292550922707071 -0.017757804898792716 -0.031767409970724282
leaf_weight=888.59897229075432 29148.507333323359 16481.73305529356 24432.799245163798 15849.852946579456 142536.46104447544 3583.5059823840857 6418.0234046727419 118690.98337841034 3291.7115816473961 46295.041138276458 2109.0465451180935 31385.619876846671 23962.038119837642 56308.546186000109 70180.452070742846 5758.9692387580872 9183.7478164434433 9617.6252707540989 11212.130487278104 16772.403038322926 111719.44296607375 31638.487781688571 9100.0911825150251 53259.414443016052 13244.612561970949 42505.859440892935 4532.2052953094244 47297.67715638876 14051.792087361217 19394.103954344988
leaf_count=3566 89798 66156 95802 8694 266197 5700 4869 192434 3207 129197 3757 65364 50358 146318 148472 23116 31525 16643 24985 41042 156439 51555 22654 85722 34263 103848 2891 88422 37784 61034
internal_value=-1.50145e-05 0.00715094 -0.0203074 0.00861942 0.00776476 -0.0167985 -0.00129853 0.0110117 -0.0185249 -0.0192996 -0.049171 -0.016574 0.00595424 -0.00977063 -0.00278964 -0.0339474 -0.022529 0.0152081 -0.0176526 0.000123131 0.0167478 0.00815918 -0.00071223 0.00822565 -0.00599684 -0.0117969 0.0312102 0.00178774 -0.0290957 -0.0258956
internal_weight=990851 732273 258579 713682 697832 234146 184063 513769 226030 222738 18590.8 187831 233003 87694.2 177645 34907.5 100137 280767 57507.2 134251 230410 50356.2 18717.7 195796 37206.7 43394.5 8115.71 117478 42629.6 33445.9
internal_count=2061812 1345091 716721 1275178 1266484 620919 390219 876265 612328 609121 69913 496207 436540 211682 385350 112914 284525 439725 154182 277936 348873 90852 39297 351919 84621 107414 8591 236894 130343 98818
is_linear=0
shrinkage=0.03


Tree=3
num_leaves=31
num_cat=0
split_feature=97 87 97 40 30 40 39 39 30 92 97 18 30 92 97 92 87 87 92 31 97 97 87 92 97 87 40 40 38 30
split_gain=148339 63780.1 32552.9 22998.1 21704.6 20261.9 12981.5 9286.96 9283.31 9061.03 8173.25 7951.52 7753.08 7636.37 4814.74 3810.28 3758.27 3222.76 2838.13 2537.77 2243.47 2173.7 2048.84 1871.64 2070.39 1917.37 1688.83 1611.44 1558.49 1539.81
threshold=1.4705843329429629 1.7999919056892397 2.833312034606934 201.50000000000003 49.500000000000007 153.50000000000003 189.50000000000003 167.50000000000003 11.500000000000002 1.012742340564728 1.2105234861373904 10.500000000000002 18.500000000000004 1.1999837756156924 1.7072894573211672 0.9999774992465974 1.7999919056892397 0.91547426581382763 0.9999932348728181 16.500000000000004 1.1194007396698 1.2999967932701113 0.94117507338523876 1.0285694003105166 1.7072894573211672 1.0312786102294924 120.50000000000001 201.50000000000003 174.50000000000003 27.500000000000004
decision_type=2 2 2 10 2 10 10 10 2 2 2 2 2 2 2 2 2 2 2 2 2 2 2 2 2 2 10 10 10 2
left_child=1 3 5 4 6 7 12 8 16 10 19 -3 26 17 29 20 -2 18 -10 -6 -14 -11 -12 -19 25 -25 28 -7 -1 -15
right_child=2 11 -4 -5 9 27 -8 -9 13 21 22 -13 15 14 -16 -17 -18 23 -20 -21 -22 -23 -24 24 -26 -27 -28 -29 -30 -31
leaf_value=-0.012744259335658582 -0.028376825989973823 -0.055133616535452276 -0.052626561785975925 0.044500294492011622 0.0071927392238737538 0.015522642047742848 0.038624439518337821 0.032510578563999602 -0.020214786141916706 0.017616654343198149 -0.0022480979209412023 0.0075691145926112006 0.0014979778142421114 -0.0098172760306257916 -0.014696862477884291 0.0066356245479408608 -0.055007746492401678 -0.036333211472524711 -0.0034052310070187188 0.014662791558202912 -0.0076410645826093396 0.0088940653444088812 -0.019872719433335545 -0.0024569177238395528 -0.031161031626553874 -0.025141060928351232 0.0035464043034317285 0.042488963742862262 0.025064805594227663 0.0044828360532322585
leaf_weight=47823.744500309229 29245.283809989691 16412.632083967328 24312.41376902163 15403.352797240019 113310.49806393683 3667.7613057792187 8037.038576066494 3232.6282793432474 46309.111006766558 174784.92224180698 22080.812391191721 2041.8759846389294 80124.159159347415 9881.0806506425142 56360.703092619777 105704.44720824063 5721.1611893922091 15106.442615389824 11242.684308663011 64136.194969415665 34597.188957989216 30223.851472362876 8102.0882988125086 6218.205406203866 14164.157662257552 7271.4943491518497 7239.1427026689053 4445.1529362946749 983.82755494117737 21456.999062374234
leaf_count=120139 89973 66151 95807 8657 206398 5725 6173 3172 129036 256741 47587 3706 162156 23726 146254 195275 23059 50286 24965 100747 80604 53513 22091 13751 44766 21474 14397 2854 1234 41689
internal_value=-7.08142e-05 0.00683787 -0.0195965 0.0082645 0.00746262 -0.0161653 0.00108762 -0.0178366 -0.0185694 0.0118579 0.00743933 -0.0481953 -6.28862e-06 -0.0159264 -0.00945685 0.00252711 -0.0327631 -0.0215795 -0.0169334 0.00989406 -0.00125899 0.0163317 -0.00698916 -0.0278219 -0.0231495 -0.0147037 -0.00996721 0.0303659 -0.0119722 -2.94589e-05
internal_weight=989641 731006 258635 712551 697148 234323 284510 226210 222977 412638 207630 18454.5 276473 188011 87698.8 220426 34966.4 100312 57551.8 177447 114721 205009 30182.9 42760.3 27653.9 13489.7 56046.7 8112.91 48807.6 31338.1
internal_count=2062106 1345569 716537 1275712 1267055 620730 579978 612151 608979 687077 376823 69857 573805 495947 211669 438035 113032 284278 154001 307145 242760 310254 69678 130277 79991 35225 135770 8579 121373 65415
is_linear=0
shrinkage=0.03


Tree=4
num_leaves=31
num_cat=0
split_feature=97 87 97 40 30 40 39 92 39 30 18 92 97 97 30 97 87 87 31 24 40 92 87 34 92 24 40 87 87 38
split_gain=140750 60392.3 31261.7 22467.3 20950.5 19400.6 11149.7 10746.2 9021.21 7985.67 7650.88 6668.02 6015.15 5646.06 4624.11 3330.48 3203.19 2805.59 2674.21 2550.55 2506.02 2293.77 3157.56 2053.59 1778.34 1777.77 1754.05 1714.15 1643.7 1635.47
threshold=1.4705843329429629 1.7999919056892397 2.833312034606934 201.50000000000003 35.500000000000007 134.50000000000003 167.50000000000003 0.96428340673446666 167.50000000000003 9.5000000000000018 10.500000000000002 1.1249905228614809 1.7072894573211672 1.2105234861373904 16.500000000000004 1.2810719609260561 0.91547426581382763 1.7999919056892397 15.500000000000002 21.500000000000004 201.50000000000003 1.1538428664207461 0.97056105732917797 16.500000000000004 0.9999932348728181 2.5000000000000004 127.50000000000001 1.999972999095917 0.97056105732917797 174.50000000000003
decision_type=2 2 2 10 2 10 10 2 10 2 2 2 2 2 2 2 2 2 2 2 10 2 2 2 2 2 10 2 2 10
left_child=1 3 5 4 6 8 14 13 9 17 -3 16 -13 23 25 18 24 -2 -9 26 -7 22 -17 -6 -11 -1 -16 -14 -15 -27
right_child=2 10 -4 -5 7 20 -8 15 -10 11 -12 12 27 28 19 21 -18 -19 -20 -21 -22 -23 -24 -25 -26 29 -28 -29 -30 -31
leaf_value=-0.053858933737593734 -0.028818098659942098 -0.053783111654605975 -0.051372048673379377 0.043686853531415326 0.0049588509252202293 0.011456078856105051 0.030069105248007759 0.013323973424025743 0.032111348666856818 -0.020195637827020003 0.0075349574769674405 -0.0015314278447241608 -0.015761418306034825 -0.0036545024763565913 -0.00038529478190472304 0.014251150959710777 -0.029877727723656371 -0.053643625033399034 0.019858219341519417 -0.015731132239075227 0.0417843284856095 0.012901262572879997 -0.0086502217923820467 0.011396938171871559 -0.0057786124336360097 -0.011593419213468159 0.011000269949338295 -0.055611796443495363 -0.026823367681811431 0.028905319235385831
leaf_weight=858.85283575952053 20357.857634305954 16282.137538105249 24187.995913252234 15687.049786001444 110717.70112858713 5306.87528167665 9654.0101058483124 153537.81009414792 3250.5142842382193 48997.690370768309 2057.9912583827972 38690.827846512198 67113.397865638137 31252.65336599946 109210.75312712789 8827.8568215221167 31058.036617204547 5166.5047405362129 89334.439218044281 8898.1868903487921 4572.4264682978392 29451.852734521031 13959.210060447454 74706.919965863228 9158.9072437137365 40891.091905936599 13686.218593627214 969.19307991862297 3003.6384858340025 899.01958966255188
leaf_count=3463 63542 65990 95849 8640 209723 9063 10060 245706 3138 137646 3723 83189 177977 69037 227724 14117 97720 20939 123067 23127 2872 47846 32910 124958 21095 101781 23395 3896 8956 992
internal_value=0.000106282 0.00682254 -0.0189109 0.00820269 0.00740499 -0.0155606 -0.00128063 0.010511 -0.0173696 -0.0180985 -0.0469017 -0.0160398 -0.0109783 0.00548655 -0.00301882 0.0142507 -0.0220937 -0.0338812 0.0157289 -0.000239784 0.0255489 0.00737468 0.000226635 0.00755368 -0.0179279 -0.0116026 0.000884223 -0.0163449 -0.00570045 -0.0107088
internal_weight=991748 732917 258830 714577 698890 234642 184098 514792 224763 221512 18340.1 195988 106773 219681 174444 295111 89214.6 25524.4 242872 131795 9879.3 52238.9 22787.1 185425 58156.6 42649 122897 68082.6 34256.3 41790.1
internal_count=2062141 1345215 716926 1275502 1266862 621077 390542 876320 609142 606004 69713 521523 265062 412674 380482 463646 256461 84481 368773 274246 11935 94873 47027 334681 158741 106236 251119 181873 77993 102773
is_linear=0
shrinkage=0.03


Tree=5
num_leaves=31
num_cat=0
split_feature=30 87 100 40 40 39 98 39 98 40 30 87 30 24 30 24 24 87 98 38 30 30 24 30 24 40 24 24 30 30
split_gain=110903 34574.6 28529.2 22378.9 18773.4 17309.9 11869 9586.58 8050.81 6891.96 6809.94 6473.03 5715.57 6452.5 4662.34 5058.18 4362.51 4485.5 3690.05 2664.55 2472.29 2290.85 3354.53 2205.69 2515.99 2181.04 2114.59 1823.58 7896.75 1817.98
threshold=16.500000000000004 1.7999919056892397 -0.73020118474960316 180.50000000000003 153.50000000000003 189.50000000000003 1.7999730110168459 167.50000000000003 2.5714197158813481 201.50000000000003 75.500000000000014 1.9999099969863894 69.500000000000014 40.500000000000007 45.500000000000007 29.500000000000004 42.500000000000007 1.9999099969863894 2.9999736547470097 174.50000000000003 9.5000000000000018 33.500000000000007 17.500000000000004 39.500000000000007 24.500000000000004 201.50000000000003 10.500000000000002 52.500000000000007 89.500000000000014 110.50000000000001
decision_type=2 2 2 10 10 10 2 10 2 10 2 2 2 2 2 2 2 2 2 10 2 2 2 2 2 10 2 2 2 2
left_child=1 4 9 5 7 6 11 8 19 10 16 12 13 14 15 21 17 23 -8 20 -1 22 -4 24 -2 -6 -22 -14 -29 -30
right_child=2 -3 3 -5 25 -7 18 -9 -10 -11 -12 -13 27 -15 -16 -17 -18 -19 -20 -21 26 -23 -24 -25 -26 -27 -28 28 29 -31
leaf_value=-0.026497274030867154 0.0043315590687034488 -0.052632256201078642 -0.0014499977640109274 0.036696167296318215 0.00939464272547769 0.038298232316250298 -0.010508990699343908 0.02678355259821695 -0.03948381263459156 0.042769725540832026 0.014183066012330018 -0.052880447366253462 0.010609343353203148 -0.019558602668710602 0.0057889854310312827 -0.024400542023858284 -0.013613556396960061 -0.05226079955670531 -0.045804813604323855 0.026531724043334037 -0.01128533888514658 0.0031130460578518413 -0.01370788027293781 0.0097827892843078031 -0.020338227370997979 0.039500867713208508 -0.024058936525876842 -0.021798108734064004 0.00079216771415733058 0.01339199361831642
leaf_weight=24415.749771744013 55015.863998368382 30586.398538634181 74440.276486888528 13978.977245792747 4057.5795320719481 9471.0472090244293 103424.03833693266 3749.1170401275158 19135.933696225286 5822.3064746856689 174198.65232641995 2048.5350580960512 48029.550228655338 17671.389591276646 68659.128582820296 9808.8524140417576 9721.2158946990967 1122.0302834808826 2718.5247464329004 1182.2268412262201 39691.823443025351 49365.01583853364 27504.515627026558 116759.8937419802 3970.7073020637035 4664.6812281906605 16549.970057353377 9757.1030685007572 17738.142819270492 24587.531861916184
leaf_count=74472 106306 124426 158372 10901 7225 7090 256895 4203 67958 3166 272193 8342 81070 48902 127753 28769 24685 4572 10429 1431 99558 96957 70484 201393 11079 3095 48579 27769 36058 38981
internal_value=-1.39935e-06 -0.0243335 0.00414259 -0.000676618 -0.016696 -0.00180112 -0.00263607 -0.0202187 -0.0219688 0.0104416 0.00991751 3.16913e-05 0.000346581 -0.00210046 -0.000756226 -0.00354578 0.00593412 0.00700994 -0.0114214 -0.0178647 -0.0185219 -0.00219079 -0.00475919 0.00739424 0.00266457 0.025549 -0.0150514 0.00639417 0.00250445 0.00811444
internal_weight=989847 144033 845813 479203 113447 465224 455753 104725 100976 366611 360788 349610 347562 247449 229778 161119 186590 176868 106143 81839.8 80657.5 151310 101945 175746 58986.6 8722.26 56241.8 100112 52082.8 42325.7
internal_count=2063113 430947 1632166 1008772 306521 997871 990781 296201 291998 623394 620228 723457 715115 531237 482335 354582 348035 323350 267324 224040 222609 325813 228856 318778 117385 10320 148137 183878 102808 75039
is_linear=0
shrinkage=0.03


Tree=6
num_leaves=31
num_cat=0
split_feature=97 87 97 0 39 87 39 34 18 92 30 97 92 97 24 92 24 92 97 39 87 92 97 30 31 24 24 97 92 97
split_gain=125605 54501.4 28090.4 15516.8 11092.3 8948.85 9064.08 7226.96 6566.7 5796.27 7729.5 5709.21 5192.43 3788.64 3583.66 3517.67 2880.63 2381.93 2829.84 2059.55 1998.04 2090.9 2048.05 1745.69 1657.34 1370 1337.81 2368.21 1277.33 1267.01
threshold=1.4705843329429629 1.7999919056892397 2.833312034606934 2.5000000000000004 189.50000000000003 1.9999099969863894 167.50000000000003 1.5000000000000002 10.500000000000002 1.1999837756156924 16.500000000000004 1.2810719609260561 1.1052591800689699 1.838701665401459 54.500000000000007 0.93387818336486828 5.5000000000000009 0.9999932348728181 1.1999675631523135 151.50000000000003 0.99999123811721813 0.9999932348728181 1.7999514341354372 11.500000000000002 13.500000000000002 68.500000000000014 18.500000000000004 2.9999362230300908 0.96428340673446666 1.8888836503028872
decision_type=2 2 2 2 10 2 10 2 2 2 2 2 2 2 2 2 2 2 2 10 2 2 2 2 2 2 2 2 2 2
left_child=1 3 5 4 7 6 9 19 -3 14 16 15 25 -12 20 -5 -11 18 -9 23 21 -2 -23 -1 -17 -13 -4 -28 -25 -18
right_child=2 8 26 11 -6 -7 -8 17 -10 10 13 12 -14 -15 -16 24 29 -19 -20 -21 -22 22 -24 28 -26 -27 27 -29 -30 -31
leaf_value=-0.015233660526267453 -0.017747866757625679 -0.051442593788171988 -0.051742922712398491 0.0083240154706051856 0.036607381007291967 -0.052558820157218251 0.032080005892067817 0.0048920549542861647 0.0058152783306701268 -0.042340901471351174 0.0015085058048959284 -0.0033558837380420468 0.011626595266692574 -0.011803147007983125 -0.031858382932683317 0.013465298214503527 -0.0094469493796709905 0.0090633688838840272 -0.0053228250036836114 0.011883465918519916 -0.025439104977821238 0.003906885160885336 -0.015245925793717141 -0.0068610055949634161 0.018806308535932993 -0.022481371968405404 0.0021871755174212972 -0.051303685699384795 0.00083609409832934771 -0.023812207476488
leaf_weight=13769.734973654151 60354.609323635697 16067.238600760698 20774.168431773782 71798.318942755461 8831.7298874855042 5506.4421515315771 3774.1919644623995 139282.73710794747 2025.8645591288805 5511.5416880697012 41559.786491855979 21746.859990388155 33203.872036322951 35807.558567926288 17331.833705350757 109782.58313272893 9104.7519215792418 93882.324021980166 29576.414235621691 6646.9195728600025 20557.730228841305 9149.1965304613113 11108.58548642695 46838.560410171747 100464.10416290164 3971.5609735101461 1226.1145406663418 1871.8146143853664 33111.306192234159 14198.42255179584
leaf_count=36229 167107 66070 85239 126423 6649 22528 3444 263306 3765 20142 85356 47717 55030 91043 56537 173065 22395 163565 66951 11083 62319 18347 29589 107931 139082 11214 2778 7677 67518 42276
internal_value=8.6002e-06 0.00635867 -0.0179938 0.00766416 0.00342621 -0.014828 -0.0139141 0.00261719 -0.0450322 -0.0146895 -0.00959622 0.0122866 0.00379181 -0.00465392 -0.0192508 0.0140609 -0.0228538 0.00523293 0.00310246 -0.00423003 -0.0170851 -0.0149489 -0.00660046 -0.00537515 0.016019 -0.00632451 -0.048982 -0.0302546 -0.00367383 -0.0182125
internal_weight=988837 731000 257837 712907 371940 233965 228458 363108 18093.1 224684 106182 340967 58922.3 77367.3 118502 282045 28814.7 262741 168859 100367 101170 80612.4 20257.8 93719.6 210247 25718.4 23872.1 3097.93 79949.9 23303.2
internal_count=2062375 1345598 716777 1275763 723232 621083 598555 716583 69835 595111 261212 552531 113961 176399 333899 438570 84813 493822 330257 222761 277362 215043 47936 211678 312147 58931 95694 10455 175449 64671
is_linear=0
shrinkage=0.03


Tree=7
num_leaves=31
num_cat=0
split_feature=97 87 97 6 39 39 87 39 18 97 97 38 24 93 34 24 24 24 0 24 30 30 93 97 98 24 97 24 98 24
split_gain=119487 51414.9 26744.8 15002.7 11045.9 8661.17 7955.05 7732.62 6495.65 5667.79 4472.39 3567.3 3175.86 3282.15 3167.07 2556.95 2422.85 2248.89 2187.86 1966.87 1409.37 1383.4 1297.73 1327.19 1256.14 1254.76 2178.8 1228.23 1170.07 1113.8
threshold=1.4705843329429629 1.7999919056892397 2.833312034606934 5.5000000000000009 189.50000000000003 151.50000000000003 1.9999099969863894 189.50000000000003 10.500000000000002 1.2999967932701113 1.7072894573211672 174.50000000000003 2.5000000000000004 1.2999970912933352 6.5000000000000009 54.500000000000007 64.500000000000014 8.5000000000000018 5.5000000000000009 62.500000000000007 18.500000000000004 13.500000000000002 1.4423058032989504 2.0720701217651372 1.4157282114028933 18.500000000000004 2.9999362230300908 7.5000000000000009 1.3235265016555788 11.500000000000002
decision_type=2 2 2 2 10 10 2 8 2 2 2 10 2 2 2 2 2 2 2 2 2 2 2 2 2 2 2 2 2 2
left_child=1 3 5 4 7 6 10 14 -3 18 12 21 -2 19 20 17 28 -12 -5 -14 29 -9 -19 -24 -18 -4 -27 -15 -11 -1
right_child=2 8 25 9 -6 -7 -8 11 -10 16 15 -13 13 27 -16 -17 24 22 -20 -21 -22 -23 23 -25 -26 26 -28 -29 -30 -31
leaf_value=-0.0023251443092118605 -0.050861509625338669 -0.050364936079272372 -0.05064544852708025 0.0123351958989766 0.035725372269742081 0.026788468537949171 -0.051291393468830826 -0.016088979173518359 0.0065267977305932421 -0.0017968563544054044 -0.026806063272426472 0.030754653122853037 -0.011144196650581356 -0.021296591813429432 0.0077388452013005243 -0.032359960219636684 -0.029643165488386632 -0.017645103728212763 0.018293138915887755 -0.031288257182695817 0.0031021775591969333 -0.005496756366355029 -0.0054696664019517694 -0.016548606026099803 -0.0027790697541769903 0.0011133399540710868 -0.050214957714108943 0.00089597478270319025 0.0090863735347800362 -0.022880699951356991
leaf_weight=26000.642806619406 1605.5264989733696 15917.866814300418 20595.36741040647 181513.50089564919 9420.6743749082088 4466.9732086211443 5382.6506956368685 14478.362586334348 2032.2184924930334 13185.439898818731 17181.730428516865 2197.4768138676882 52484.236877083778 2410.1469188332558 161725.11033010483 10223.765219599009 2729.5584511607885 66426.704206138849 80095.261905267835 4747.3291561305523 140469.99717988074 47492.805551677942 20489.735787734389 18565.930886849761 3651.6082137078047 1235.7325787693262 1848.3324848264456 29353.566141545773 27239.371128931642 2591.4271683990955
leaf_count=56879 6619 66056 85256 290657 7120 4867 22208 38695 3719 27830 53768 2270 133466 7031 288599 33809 8370 184026 111545 15524 273535 107082 47943 50557 7936 2840 7647 61123 47624 7408
internal_value=5.53931e-06 0.00619365 -0.0175873 0.00745694 0.00365565 -0.0145018 -0.0153099 0.00288894 -0.0439238 0.0124404 -0.0144388 -0.00664031 -0.00929579 -0.00853466 0.00473778 -0.0179433 0.00282431 -0.0167367 0.0141606 -0.0128255 0.00186638 -0.00797582 -0.0150917 -0.010742 -0.014327 -0.0479545 -0.0297739 -0.00080028 0.00553744 -0.00420288
internal_weight=987759 730741 257018 712791 404376 233338 228871 394956 17950.1 308415 223489 64168.6 90600.8 88995.3 330787 132888 46806 122664 261609 57231.6 169062 61971.2 105482 39055.7 6381.17 23679.4 3084.07 31763.7 40424.8 28592.1
internal_count=2062009 1345325 716684 1275550 781588 620941 616074 774468 69775 493962 593866 148047 223763 217144 626421 370103 91760 336294 402202 148990 337822 145777 282526 98500 16306 95743 10487 68154 75454 64287
is_linear=0
shrinkage=0.03


Tree=8
num_leaves=31
num_cat=0
split_feature=30 100 39 92 98 92 92 39 30 98 24 98 92 30 18 30 38 30 24 24 39 89 30 24 24 92 92 24 88 30
split_gain=95437.9 28130.5 19305 15275.6 11755 7049.76 6557.5 5667.45 4944.19 4587.6 4406.3 3054.42 2965.83 2860.71 2555.91 2482.5 2312.81 2133.26 4054.37 2054.83 1774.13 1564.41 1467.85 3234.54 1459.02 1431.54 1411.77 1308.6 1296.56 1272.79
threshold=13.500000000000002 -0.73020118474960316 167.50000000000003 1.9411687254905703 1.7999730110168459 1.012742340564728 0.89999762177467357 139.50000000000003 33.500000000000007 2.9999164342880253 2.5000000000000004 2.9995950460433964 1.1999837756156924 61.500000000000007 1.5000000000000002 71.500000000000014 174.50000000000003 98.500000000000014 58.500000000000007 36.500000000000007 189.50000000000003 -0.66292124986648548 89.500000000000014 54.500000000000007 4.5000000000000009 1.0909023880958559 1.3043456673622134 5.5000000000000009 1.9955539107322695 125.50000000000001
decision_type=2 2 10 2 2 2 2 10 2 2 2 2 2 2 2 2 10 2 2 2 10 2 2 2 2 2 2 2 2 2
left_child=3 6 4 7 5 17 -2 10 24 12 -1 14 -6 19 -12 -14 -16 18 21 28 -4 -3 23 26 -7 29 -10 -5 -8 -15
right_child=1 2 20 27 9 8 13 -9 22 -11 11 -13 15 25 16 -17 -18 -19 -20 -21 -22 -23 -24 -25 -26 -27 -28 -29 -30 -31
leaf_value=-0.050559796474191038 0.0043164509377797491 -0.00065148947588922342 0.01582778556385861 -0.050127469223997995 -0.014693618324206108 -0.037616821166749304 0.0098409477567362475 0.014625660702265198 0.0037736317765785098 -0.040725256931032933 -0.048928068819792767 -0.039447251937020124 -0.0065649908636241407 0.009842111440402538 -0.017408844447154993 0.01800700236368679 0.026920825213125926 0.0061389566545935444 -0.032383536572510523 -0.013965161909022993 0.036388165265356612 -0.0066954568109233326 0.012959924713228082 -0.019665460848509356 -0.0024632267066151789 0.018189893218967721 0.011084376700357664 -0.036562592468311381 -0.0091942223803324393 0.017437178243698375
leaf_weight=4475.4099105149508 135418.29467141628 64694.517333269119 5630.7829843014479 18802.70217846334 52570.082308366895 1062.9617493599653 70147.119050100446 4054.2485596388578 58989.878055676818 4369.6869561225176 2273.6634654998779 6485.2743819802999 57525.420041739941 58912.775460109115 58851.694120541215 3935.6710003018379 1061.5569870620966 16846.79540361464 4728.5082966983318 3675.3665188401937 11761.062164455652 95347.442718878388 32030.621753022075 4346.3127699047327 56908.250808879733 68506.193738341331 39838.873827531934 10201.587630197406 3360.2733083367348 30051.761988595128
leaf_count=18565 256884 136446 8489 78453 140872 3801 119958 6294 113071 16686 9538 24323 136422 99268 164460 5930 1251 30637 15500 9463 8566 220599 50398 12397 124151 95158 66373 36772 8472 42129
internal_value=3.64002e-05 0.00327644 -0.0012883 -0.0268255 -0.00238425 0.000219088 0.00957414 -0.019843 0.00420833 -0.0106237 -0.0217569 -0.0198656 -0.00946324 0.0126077 -0.0178115 -0.00498617 -0.0166147 -0.00402406 -0.00506378 0.00787311 0.0297574 -0.00425266 0.00735068 0.00560712 -0.00312055 0.0149271 0.00672231 -0.0453848 0.00896852 0.012411
internal_weight=986865 880659 510587 106206 493195 374794 370072 77201.8 193177 118401 73147.6 68672.2 114031 234653 62186.9 61461.1 59913.3 181617 164770 77182.8 17391.8 160042 135206 103175 57971.2 157471 98828.8 29004.3 73507.4 88964.5
internal_count=2061326 1721670 1090338 339656 1073283 773373 631332 224431 370191 299910 218137 199572 283224 374448 175249 142352 165711 403182 372545 137893 17055 357045 242239 191841 127952 236555 179444 115225 128430 141397
is_linear=0
shrinkage=0.03


Tree=9
num_leaves=31
num_cat=0
split_feature=97 87 97 40 30 40 92 87 97 12 30 92 30 97 24 87 92 24 92 24 92 38 87 40 92 87 30 97 24 30
split_gain=107246 47498 24729.6 20235.7 17290.4 16905.3 7312.97 6919.25 6565.17 5720.25 4929.8 4884.21 6528.5 3837.53 3566.22 3066.87 2535.73 2253.52 2121.61 2090.99 1984.03 1957.67 1935.8 1834.87 1684.23 1866.23 1452.93 1408.74 1396.54 1732.46
threshold=1.4705843329429629 1.7999919056892397 2.833312034606934 180.50000000000003 49.500000000000007 153.50000000000003 1.0285694003105166 1.9999099969863894 1.1739092469215395 9.5000000000000018 20.500000000000004 1.1371448040008547 16.500000000000004 1.7499803304672243 28.500000000000004 0.90097919106483471 1.071426570415497 3.5000000000000004 0.83027687668800365 2.5000000000000004 0.9999932348728181 134.50000000000003 0.97056105732917797 201.50000000000003 1.4482725262641909 1.1087425947189333 121.50000000000001 1.8888836503028872 12.500000000000002 13.500000000000002
decision_type=2 2 2 10 2 10 2 2 2 2 2 2 2 2 2 2 2 2 2 2 2 10 2 10 2 2 2 2 2 2
left_child=1 3 5 4 10 7 8 11 18 -3 19 15 17 -14 16 20 -12 -13 -6 -1 -2 28 -10 -5 25 -15 -8 -22 29 -21
right_child=2 9 -4 23 6 -7 26 -9 22 -11 14 12 13 24 -16 -17 -18 -19 -20 21 27 -23 -24 -25 -26 -27 -28 -29 -30 -31
leaf_value=-0.051477385136999662 -0.017209011708947442 -0.048799774917565486 -0.046149207859904021 0.0222080372788955 0.0051069663413926356 0.02881765952203693 0.013306491396719685 -0.049388584789552117 -0.00083913708505640484 0.0035746598369368592 0.0010447328172404383 -0.05009940002109689 0.0011888769826045593 -0.010427567257000869 -0.011840938633980082 -0.025727351669773729 0.00803587044770856 -0.019816401180054819 0.011737341004393075 -0.011814422354806396 0.0096102560083060461 0.01394987698470378 -0.01647471999658924 0.040928823411047047 -0.0056301316209137822 -0.027069599033999397 0.020500194751748645 -0.014170765877087189 -0.020737645824448842 -0.0014133054896806865
leaf_weight=893.69901110231876 55522.575284302235 15629.102622523904 23224.805895105004 6896.0971232652664 75045.088562354445 8107.0470999032259 159504.56094396114 5196.8477386832237 33607.022890686989 2129.579636245966 117277.51347893476 2398.7546284198761 37678.445641860366 15799.195250838995 13992.796235918999 39485.92013207078 77568.778729483485 27360.292340293527 103261.59201265872 24349.85059222579 4584.9855758994818 4229.8763440549374 9025.1910320371389 15482.76026456058 22781.481402128935 9868.7196523696184 30118.532238155603 4349.2526488006115 6080.9137215912342 35290.44187566638
leaf_count=3662 155625 65964 95688 8942 138865 8603 246830 21834 70247 4125 237680 9988 77994 40287 34403 122716 136919 79464 165976 62140 8355 6715 23504 8726 53971 30329 38695 11559 16872 75657
internal_value=5.37716e-05 0.00591326 -0.0166395 0.00712144 0.00621058 -0.013696 0.0101294 -0.0152301 0.00641916 -0.0425222 0.000457716 -0.0144182 -0.0101802 -0.00599198 0.00277753 -0.0191403 0.00382846 -0.0222894 0.00894766 -0.00637959 -0.0150983 -0.00578887 -0.00415535 0.035185 -0.0115746 -0.0168421 0.0144511 -0.00197231 -0.00706313 -0.0056624
internal_weight=986742 730383 256358 712625 690246 233134 410562 225026 220939 17758.7 279684 219830 115887 86127.8 208839 103943 194846 29759 178307 70844.8 64456.8 69951.1 42632.2 22378.9 48449.4 25667.9 189623 8934.24 65721.2 59640.3
internal_count=2062335 1345922 716413 1275833 1258165 620725 684117 612122 398592 70089 574048 590288 292033 202581 409002 298255 374599 89452 304841 165046 175539 161384 93751 17668 124587 70616 285525 19914 154669 137797
is_linear=0
shrinkage=0.03


Tree=10
num_leaves=31
num_cat=0
split_feature=97 87 97 40 40 30 92 39 39 30 92 18 97 87 40 30 97 97 87 92 87 24 87 92 18 87 97 92 95 30
split_gain=103681 45361.9 23693.8 19250.2 15646.1 15642.3 8864.68 8525.98 7076.96 6376.71 8013.34 5348.77 4615.13 4067.83 3251.87 3059.55 3055.49 2671.48 2615.35 2918.67 2966.47 2513.95 2294.83 2192.53 2118.62 1992.72 1825.11 1610.2 1562.39 1382.22
threshold=1.4705843329429629 1.7999919056892397 2.833312034606934 201.50000000000003 153.50000000000003 33.500000000000007 0.96428340673446666 167.50000000000003 167.50000000000003 16.500000000000004 1.2314536571502688 10.500000000000002 1.1351310014724734 1.7999919056892397 120.50000000000001 16.500000000000004 1.7999514341354372 1.2810719609260561 0.99999827146530162 0.9999774992465974 0.79999887943267833 17.500000000000004 0.97056105732917797 1.2314536571502688 32.500000000000007 0.97056105732917797 1.6666417121887209 1.0434752106666567 -0.84404051303863514 25.500000000000004
decision_type=2 2 2 10 10 2 2 10 10 2 2 2 2 2 10 2 2 2 2 2 2 2 2 2 2 2 2 2 2 2
left_child=1 3 4 5 8 7 12 14 9 13 18 -3 28 -2 15 -1 -12 24 19 20 -11 29 -14 25 -8 -19 -21 -27 -7 -17
right_child=2 11 -4 -5 -6 6 17 -9 -10 10 16 -13 22 -15 -16 21 -18 23 -20 26 -22 -23 -24 -25 -26 27 -28 -29 -30 -31
leaf_value=-0.012344510762956305 -0.021477463528047649 -0.04791868171042106 -0.04550863664874185 0.040028757695239961 0.027565690713321253 0.0091757813040630777 0.011159960069765896 0.026497315996451113 0.028698505283654398 -0.013531715234517547 0.0019936871676995024 0.0044155649711082835 -0.0014486281923802168 -0.047133592349052497 0.0079888388450399788 -0.0032502423606288874 -0.01077825851524079 0.012212483684625438 -0.026619699791336642 0.0036766428769164695 -0.029234313524284263 -0.011899066019495055 -0.022989462768710268 0.013148666809613676 0.016822007027434062 -0.019812934097385538 -0.013011194219886646 0.00013797801261258478 0.0034334838942908182 0.0046032394787755126
leaf_weight=37013.384299993515 51080.040837541223 15464.950682848692 22933.682996958494 15475.710105374455 8022.3102794885635 97290.696761399508 146959.16321435571 9094.4601218253374 3264.9661722928286 26631.245256096125 31952.864243656397 1979.0324908047915 48592.585389971733 6243.7904717624187 19958.845528781414 48713.838064879179 35652.96769297123 9703.847931265831 24808.371711552143 8922.1754806786776 18308.701039612293 19763.715253740549 4880.3506855666637 22896.160827428102 100203.60453748703 4614.7950124591589 17341.872329816222 16975.007676452398 75975.243965372443 34391.426412954926
leaf_count=95460 153282 66027 95711 8719 8636 166128 237337 9558 3183 71604 65266 3727 102855 26372 36193 106262 91196 15852 77758 18346 59289 48911 13936 35956 140130 12764 46212 34389 145182 65634
internal_value=3.11667e-05 0.0057855 -0.0164295 0.00695615 -0.0135541 0.00622072 0.00876251 -0.00172497 -0.0150277 -0.0156764 -0.0126569 -0.0419831 0.00428099 -0.0242874 -0.00333384 -0.00495031 -0.00474299 0.0121339 -0.0182273 -0.0152966 -0.0199392 -0.00228791 -0.00342247 0.00609826 0.0134566 0.000934684 -0.00734368 -0.0041409 0.00665853 8.72383e-08
internal_weight=985110 729947 255163 712503 232229 697027 528091 168936 224207 220942 163618 17444 226739 57323.8 159841 139882 67605.8 301353 96012.4 71204 44939.9 102869 53472.9 54189.8 247163 31293.7 26264 21589.8 173266 83105.3
internal_count=2061875 1345020 716855 1275266 621144 1266547 904529 362018 612508 609325 429671 69754 428101 179654 352460 316267 156462 476428 273209 195451 130893 220807 116791 98961 377467 63005 64558 47153 311310 171896
is_linear=0
shrinkage=0.03


Tree=11
num_leaves=31
num_cat=0
split_feature=30 40 30 92 24 30 40 30 24 24 30 24 24 30 24 38 30 92 24 98 88 40 18 98 92 24 30 92 24 38
split_gain=81000.4 26725 27505.5 13755.9 12031.6 13437.1 9987.16 5886.02 17894.4 5830.43 6996.28 6498.2 4414.58 3991.54 3879.76 4032.13 3488.18 3397.03 3098.38 2181.2 2158.83 2031.91 1956.86 1851.27 1415.53 1356.68 5433.45 1314.07 1255.31 1210.08
threshold=13.500000000000002 180.50000000000003 59.500000000000007 1.9411687254905703 36.500000000000007 35.500000000000007 180.50000000000003 107.50000000000001 58.500000000000007 23.500000000000004 25.500000000000004 13.500000000000002 31.500000000000004 92.500000000000014 2.5000000000000004 174.50000000000003 49.500000000000007 1.0588193535804751 66.500000000000014 2.9995950460433964 1.9955539107322695 201.50000000000003 1.5000000000000002 2.9995950460433964 1.0285694003105166 48.500000000000007 81.500000000000014 1.071426570415497 5.5000000000000009 174.50000000000003
decision_type=2 10 2 2 2 2 10 2 2 2 2 2 2 2 2 10 2 2 2 2 2 10 2 2 2 2 2 2 2 10
left_child=3 2 4 6 5 9 14 8 17 10 11 20 27 -10 -1 19 -14 25 -15 22 29 -3 -16 -13 -9 -4 -27 -7 -5 -2
right_child=1 21 7 28 -6 12 -8 24 13 -11 -12 23 16 18 15 -17 -18 -19 -20 -21 -22 -23 -24 -25 -26 26 -28 -29 -30 -31
leaf_value=-0.04812674698136514 -0.002011110805093605 0.02070156602685095 0.0069769893609634929 -0.047621540459875641 -0.019495462910552298 0.0043102366265518801 0.027677152867127738 0.010802052894432652 -0.027042240897424619 -0.018855928690413401 0.002418707395347012 -0.015128688268271339 -0.015619236447666168 0.0044909975647492639 -0.046348711719178072 0.025690413175699645 0.0042513978706369077 0.012379299044442914 -0.02459292466315641 -0.037109352652339493 -0.017313521922122203 0.039627138705956029 -0.017475407046004556 -0.03943499034864275 0.017583641818772502 -0.018766225939619796 0.0076915677289476642 0.0098669830465637747 -0.034184028217222252 0.027785260220100222
leaf_weight=4414.0750825852156 72998.597301453352 7408.4400331377983 96550.056984961033 18186.049929812551 35694.31423188746 85628.960709124804 4002.1538480818272 61909.797106742859 15089.447072461247 27824.146623834968 85983.367574557662 52267.189738348126 15548.532572090626 9949.7314576804638 2181.5181246399879 1743.7433056235313 16236.128475055099 107019.1641356051 4906.6286334842443 6298.8650342226028 8672.2282177656889 16982.27590534091 57827.205465689301 2971.174152508378 50373.363524571061 9831.1832320988178 23996.206150025129 69364.328350573778 9993.7250512987375 1227.6916852295399
leaf_count=18853 158851 9770 172023 78393 101775 163029 4290 99998 48078 79463 172005 140172 41920 18537 9485 2036 30733 168862 14832 24223 25264 9525 165480 11768 68495 27407 41833 117146 36767 1315
internal_value=-2.27994e-05 0.00294961 0.00206491 -0.0249696 -0.0027511 -0.00138795 -0.0183585 0.00808327 0.00566165 -0.00590829 -0.00429932 -0.0084807 0.00470949 -0.0161844 -0.0209079 -0.0191287 -0.0054727 0.0084185 -0.00513474 -0.0203148 -0.00316786 0.0339004 -0.0185401 -0.0164499 0.0138471 0.00516591 -4.35053e-06 0.00679801 -0.0428837 -0.00151093
internal_weight=983080 878433 854042 104647 474417 438722 76467.6 379626 267342 251944 224120 138137 186778 29945.8 72465.4 68051.3 31784.7 237397 14856.4 66307.6 82898.5 24390.7 60008.7 55238.4 112283 130377 33827.4 154993 28179.8 74226.3
internal_count=2062328 1722801 1703506 339527 1043441 941666 224367 660065 491572 588838 509375 337370 352828 81447 220077 201224 72653 410125 33369 199188 185430 19295 174965 151940 168493 241263 69240 280175 115160 160166
is_linear=0
shrinkage=0.03


Tree=12
num_leaves=31
num_cat=0
split_feature=30 40 30 87 39 24 30 40 87 24 30 24 98 24 30 92 100 39 40 30 24 24 38 92 30 24 24 30 30 24
split_gain=75923.9 24794 24839.6 19059.5 14087.7 12439 14547.8 9984.58 9086.55 5902.44 6409.05 5574.55 5282.45 4979.38 7770.01 4833.92 4191.58 3669.46 1980.49 1833.84 6618.47 1827.95 1863.26 1782.74 1721.72 3196.74 1548.42 1998.77 1495.56 4269.3
threshold=13.500000000000002 180.50000000000003 67.500000000000014 1.7999919056892397 189.50000000000003 40.500000000000007 35.500000000000007 180.50000000000003 1.9999099969863894 19.500000000000004 21.500000000000004 12.500000000000002 2.9995950460433964 32.500000000000007 51.500000000000007 1.071426570415497 -0.73020118474960316 189.50000000000003 201.50000000000003 110.50000000000001 62.500000000000007 2.5000000000000004 174.50000000000003 1.071426570415497 29.500000000000004 25.500000000000004 48.500000000000007 57.500000000000007 117.50000000000001 68.500000000000014
decision_type=2 10 2 2 10 2 2 10 2 2 2 2 2 2 2 2 2 10 10 2 2 2 10 2 2 2 2 2 2 2
left_child=3 2 4 7 5 6 8 12 9 10 11 -2 17 23 -15 16 28 21 -3 20 -18 -1 -23 -8 -11 -26 27 -7 29 -4
right_child=1 18 15 -5 -6 26 13 -9 -10 24 -12 -13 -14 14 -16 -17 19 -19 -20 -21 -22 22 -24 -25 25 -27 -28 -29 -30 -31
leaf_value=-0.04866950890955863 -0.0028058851322079283 0.019854832129018778 0.0075679497527715873 -0.046310395773768033 0.034276469867726304 -0.023453163856017516 0.0036953857939197587 0.028743205310343054 -0.047924884957793346 -0.019471207703239873 0.0022653194122055271 -0.018509635656108539 -0.039508341255754316 -0.017278123356173361 0.0048897374165552754 0.013377444701732818 0.0018640463930215652 0.026912108266951975 0.038592925660789701 0.008164660398980058 -0.026670535407327542 -0.017149955648419868 0.022538959301085387 0.0096629169279438161 -0.0011720260804855128 -0.020380085334407771 -0.028529478132168287 -0.006338809014872172 0.013288690036579141 -0.03575901446578509
leaf_weight=1612.6686276197433 51593.870970100164 7395.4088950157166 87031.360366269946 26255.432581245899 9481.5895213335752 12784.012465551496 100930.55371753871 4095.0243310928345 4646.3996190428734 27044.24184012413 97425.385659039021 33578.747978836298 10034.366003796458 23021.155293434858 37197.633479833603 120906.24496930838 39160.764642223716 1719.9969809800386 16709.450904712081 16323.188541889191 8975.7371973991394 59411.806004539132 1067.554536357522 81425.757167637348 18698.924272745848 13359.505194813013 11667.796371668577 11841.882201343775 44476.241899490356 2076.6005087196827
leaf_count=6793 114949 9826 151500 115018 7143 38820 193690 4031 19900 78297 195013 95802 40303 63976 69389 184812 77563 1716 9494 27711 28515 170212 1379 137285 40551 39178 37764 27528 66955 6919
internal_value=-1.47214e-06 0.00287285 0.00202519 -0.0242106 -0.00192723 -0.00258208 -0.00132382 -0.0167561 -0.00645867 -0.00565763 -0.00298973 -0.00899988 -0.0192863 0.00389097 -0.00358778 0.00865084 0.00576417 -0.016095 0.0328653 -0.000518765 -0.0034655 -0.0172946 -0.0164422 0.00636078 -0.0138963 -0.00918419 -0.0195224 -0.0152352 0.00879557 0.00655045
internal_weight=981949 877752 853648 104197 534697 525216 488922 77941.4 246347 241701 182598 85172.6 73846.4 242575 60218.8 318950 198044 63812 24104.9 64459.7 48136.5 62092 60479.4 182356 59102.7 32058.4 36293.7 24625.9 133584 89108
internal_count=2062032 1722580 1703260 339452 1159285 1152142 1048030 224434 583690 563790 405764 210751 220403 464340 133365 543975 359163 180100 19320 133789 106078 178384 171591 330975 158026 79729 104112 66348 225374 158419
is_linear=0
shrinkage=0.03


Tree=13
num_leaves=31
num_cat=0
split_feature=30 40 100 92 39 40 30 24 30 24 30 39 92 24 30 30 24 92 24 24 30 24 38 92 30 40 24 40 24 30
split_gain=73049.8 20129.7 20497.8 16926.5 13603 12353.4 7238.3 8925.79 6784.73 6731.03 6743.93 6152.89 5454.56 4647.13 4041.42 2420.79 3340.57 2339.6 2200.56 2139.27 1952.38 3309.98 1936.18 1914.03 1849.87 1785.81 1722.57 1668.13 1612.87 1624.19
threshold=16.500000000000004 180.50000000000003 -0.73020118474960316 1.9411687254905703 189.50000000000003 153.50000000000003 81.500000000000014 50.500000000000007 55.500000000000007 33.500000000000007 35.500000000000007 139.50000000000003 0.89999762177467357 17.500000000000004 7.5000000000000009 101.50000000000001 56.500000000000007 1.071426570415497 5.5000000000000009 44.500000000000007 29.500000000000004 25.500000000000004 174.50000000000003 2.2499620914459233 21.500000000000004 201.50000000000003 13.500000000000002 201.50000000000003 10.500000000000002 11.500000000000002
decision_type=2 10 2 2 10 10 2 2 2 2 2 10 2 2 2 2 2 2 2 2 2 2 10 2 2 10 2 10 2 2
left_child=3 2 12 5 6 11 7 8 9 10 13 14 -2 24 -1 16 -14 -8 -5 -10 -15 -22 28 -20 26 -7 -4 -3 29 -16
right_child=1 27 4 18 -6 25 17 -9 19 -11 -12 -13 15 20 22 -17 -18 -19 23 -21 21 -23 -24 -25 -26 -27 -28 -29 -30 -31
leaf_value=-0.030456319468815531 0.003143610916969279 0.019469011887551541 -0.0029403464242213065 -0.046222877826015675 0.034057516812272301 0.0065109814886057131 0.0014941286350017308 -0.023874698034248354 0.007721086549893879 -0.017785659575038949 0.0034619864856120417 0.014685205183500827 0.0094836127461099679 -0.017296846282192337 -0.018585855625384177 0.015210022822723301 -0.015095121646176907 0.012088863084757354 -0.016871985309307641 -0.0052796440550467606 4.2274440717776335e-05 -0.020214911496096881 0.02640303413837515 -0.040002862938944721 0.0010975418259392944 0.034475176269586467 -0.015784833648738495 0.037614619820718058 -0.023557094475800972 -0.0080281093653033278
leaf_weight=21576.775483414531 130146.38111251593 6684.6995076984167 27659.643758699298 18181.116504490376 9452.4636594206095 4014.0663214027882 42463.030907928944 19218.584174111485 59387.33372014761 32751.111600011587 86403.995197445154 5116.8591399043798 145819.86854085326 38386.163703247905 27161.738148063421 76120.858320310712 5135.2037987858057 33593.040878787637 5724.163939088583 14078.667985022068 20256.789508923888 11294.2618457973 954.02097998559475 7482.2122054100037 53853.269924119115 4216.580886349082 14221.563981845975 14857.213527724147 19728.808441460133 25441.014574438334
leaf_count=77167 249805 8810 61750 80368 7029 7700 84360 59428 104159 92969 167284 7958 244723 108898 81593 108436 13315 52954 17100 32137 43001 33324 1126 30092 110363 3098 39257 8481 61253 63767
internal_value=6.08759e-05 0.00339412 0.0026419 -0.0200365 -0.00152366 -0.0144055 -0.00226665 -0.00396774 -0.00289867 -0.00499526 -0.00333217 -0.0173144 0.00804095 -0.00687557 -0.0190432 0.0108473 0.0086456 0.00617564 -0.039428 0.00522893 -0.012753 -0.00721736 -0.0156756 -0.0300177 -0.00258014 0.0208859 -0.00730739 0.0320071 -0.0162377 -0.0134847
internal_weight=981382 841784 820242 139597 463020 108210 453567 377511 358293 284827 252076 99979.2 357222 165672 94862.4 227076 150955 76056.1 31387.5 73466 69937.2 31551.1 73285.6 13206.4 95734.5 8230.65 41881.2 21541.9 72331.6 52602.8
internal_count=2061705 1630483 1613192 431222 996913 303662 989884 852570 793142 656846 563877 292864 616279 396593 284906 366474 258038 137314 127560 136296 185223 76325 207739 47192 211370 10798 101007 17291 206613 145360
is_linear=0
shrinkage=0.03


Tree=14
num_leaves=31
num_cat=0
split_feature=97 30 97 40 40 92 88 40 24 92 97 30 97 24 24 97 38 34 18 24 92 92 40 24 95 40 97 30 92 92
split_gain=82109.8 21879.3 20791.9 13003.5 11883.5 9899.05 8612.89 5316.02 5142.02 5048.31 4616.01 4412.29 3505.39 2822.06 2774.01 2767.27 1973.57 1812.02 1809.33 1770.36 1688.81 1623.82 1414.34 1284.27 1247.51 1200.79 1182.27 1136.19 1396.61 1127.07
threshold=1.4705843329429629 18.500000000000004 2.833312034606934 153.50000000000003 201.50000000000003 0.89999762177467357 1.9955539107322695 201.50000000000003 6.5000000000000009 1.1371448040008547 1.8888836503028872 61.500000000000007 1.1351310014724734 54.500000000000007 2.5000000000000004 1.3269196152687075 134.50000000000003 6.5000000000000009 2.5000000000000004 70.500000000000014 1.9411687254905703 1.666654169559479 201.50000000000003 36.500000000000007 -0.70232173800468434 201.50000000000003 1.6249949336051943 27.500000000000004 1.3999965190887453 1.1538428664207461
decision_type=2 2 2 10 10 2 2 10 2 2 2 2 2 2 2 2 10 2 2 2 2 2 8 2 2 10 2 2 2 2
left_child=1 6 3 8 5 12 7 14 20 13 27 22 17 26 -1 24 -16 -3 -8 -17 -2 -20 23 -7 -13 -5 -10 -11 -29 -26
right_child=2 4 -4 25 -6 11 18 -9 9 10 -12 15 -14 -15 16 19 -18 -19 21 -21 -22 -23 -24 -25 29 -27 -28 28 -30 -31
leaf_value=-0.046440202898295091 -0.0226619345593158 -5.4153952830355071e-05 -0.042591856106064564 0.012714762189053293 0.03659845496904747 0.0066873225548666803 -0.03932597632454609 0.033944722107653515 -0.0096849392684886203 -0.0075934981351771279 -0.014445929451569165 0.014828736506163296 -0.0054950287636458253 -0.029046218188556065 -0.0075210286106293864 0.0046087237176852406 0.01507445781802174 0.0060678968474604487 -0.0078485902522478033 -0.022519532106679056 -0.042646284457842826 -0.036486168204125549 -0.0035969286187914752 -0.0095284273009284583 0.0074307049424150382 0.036206143800320716 -0.017397305318228522 -0.0036720332069997406 0.0079724174648657473 0.013795385423961757
leaf_weight=1547.3675997406244 12966.895222455263 78698.609938085079 22013.430803075433 3620.2235091328621 11853.053368449211 151476.20930415392 8492.5558253377676 2975.5373479872942 26808.132964849472 21040.185104683042 48833.678304463625 117574.4493586719 52587.952198192477 14945.867078945041 49637.816505268216 20308.174425885081 3722.6640705317259 97299.646679222584 4591.3035884946585 2403.1754721105099 5445.6857005059719 2907.8121438622475 14425.768771454692 4510.1248948127031 56031.816390499473 4330.9408504068851 54341.760062709451 22701.949394762516 15638.673349186778 45409.762524560094
leaf_count=6779 41916 160804 96010 5737 6771 271103 35536 2053 69482 51867 136359 169681 119274 50512 121191 37910 5751 174938 11861 6839 23247 11553 31156 10679 95138 2831 157921 51806 28890 66613
internal_value=-1.70499e-05 0.00510668 -0.0147466 -0.0120858 0.00685845 0.00630715 -0.0103653 -0.00497666 -0.0134322 -0.0120615 -0.00761546 0.0090841 0.00129997 -0.0170657 -0.00709746 0.0116904 -0.00593961 0.00333069 -0.0298396 0.00172089 -0.0286123 -0.0190204 0.00538618 0.00621731 0.0127239 0.0255691 -0.0148525 -0.00199524 0.00107928 0.010282
internal_weight=979141 726454 252687 230674 652579 640726 73875.1 57883.4 222723 204310 108214 412139 228586 96095.8 54907.8 241727 53360.5 175998 15991.7 22711.3 18412.6 7499.12 170412 155986 219016 7951.16 81149.9 59380.8 38340.6 101442
internal_count=2062208 1345630 716578 620568 1150906 1144135 194724 135774 612000 546837 268922 689119 455016 277915 133721 376181 126942 335742 58950 44749 65163 23414 312938 281782 331432 8568 227403 132563 80696 161751
is_linear=0
shrinkage=0.03


Tree=15
num_leaves=31
num_cat=0
split_feature=97 97 18 40 40 34 88 24 97 97 0 24 24 0 40 24 93 38 40 98 40 24 24 97 40 24 26 18 18 12
split_gain=76190.7 20082.4 19338.5 13232.1 12228.1 10908.2 6945.54 5112.15 3933.85 3598.67 3387.36 3067.2 2602.4 2595.9 2114.32 1943.21 1863.59 1653.77 1536.2 1486.78 1480.77 1342.18 1126.72 1882.27 1048.47 1040.14 1022 1014.5 986.771 1330.62
threshold=1.4705843329429629 2.833312034606934 3.5000000000000004 201.50000000000003 134.50000000000003 6.5000000000000009 1.9955539107322695 5.5000000000000009 1.2558100223541262 1.6666417121887209 3.5000000000000004 2.5000000000000004 54.500000000000007 1.5000000000000002 134.50000000000003 70.500000000000014 1.2432425022125246 174.50000000000003 201.50000000000003 1.3529375791549685 153.50000000000003 62.500000000000007 21.500000000000004 2.9999362230300908 153.50000000000003 8.5000000000000018 115.50000000000001 11.500000000000002 1.5000000000000002 1.5000000000000002
decision_type=2 2 2 10 10 2 2 2 2 2 2 2 2 2 10 2 2 10 10 2 10 2 2 2 8 2 2 2 2 2
left_child=2 4 6 5 7 13 11 -2 10 16 -7 -1 25 17 -13 19 21 20 -6 26 24 -9 -3 -24 -4 -11 -10 -18 -8 -30
right_child=1 22 3 -5 18 8 28 9 15 12 -12 14 -14 -15 -16 -17 27 -19 -20 -21 -22 -23 23 -25 -26 -27 -28 -29 29 -31
leaf_value=-0.046275887251017028 -0.031202275519174167 -0.044098741877989213 -0.0018869939966625032 0.035572804832930689 0.010685520536413171 0.0070711539531397695 -0.044608223256609757 -0.0087794307950770228 0.002207784301879445 -0.022586537705929902 0.013130571803871303 -0.0078732459736994796 -0.028478251077796529 0.0038900428568255851 0.016003760439473168 -0.017337919659322795 -0.010413393447012595 0.026312862607407308 0.034914610051701787 0.0072886197290669696 0.011455762438958707 -0.027585516586581347 0.012389919458588122 -0.044830639792389319 -0.0092764749559899762 -0.012702324449346609 -0.010268122419149489 0.0027334668803738848 -0.0047861322911080433 -0.033523995833471432
leaf_weight=1621.3645736277103 13155.081534028053 19551.893990695477 112799.79632917047 13390.466868042946 5281.840182825923 173855.16872140765 4653.2806701660156 40269.646704703569 16988.274983882904 10486.190017983317 159100.85267329216 19899.174092069268 11464.094618469477 131948.24051053822 3990.369248226285 4365.1759195178747 6997.8420746922493 1818.299385741353 4268.911090195179 35852.86641125381 6659.7296898066998 3719.1627703011036 886.99548588693142 1198.514096647501 20391.563441812992 113938.08284187317 9037.2759600281715 21345.609898731112 1864.7264599651098 6619.0738009512424
leaf_count=7176 48876 88375 240625 7882 9100 304532 21100 103122 33321 34114 236445 49273 38807 248715 5929 11561 18268 1957 2872 64001 10993 12419 1962 5328 49778 310711 21489 43411 4452 25876
internal_value=-4.23209e-05 -0.0142313 0.00490185 0.00606489 -0.0116396 0.00547658 -0.0157406 -0.0130739 0.00863893 -0.0119257 0.00996722 -0.00660388 -0.0148032 0.000862516 -0.00387492 0.00196161 -0.00651734 -0.00195742 0.0215656 0.00332824 -0.00232869 -0.0103813 -0.0418557 -0.0206074 -0.00301954 -0.0135388 -0.00212899 -0.000517475 -0.0334463 -0.0272336
internal_weight=977420 252564 724856 686208 230926 672817 38648 221376 399200 208221 332956 25510.9 135888 273618 23889.5 66243.6 72332.3 141669 9550.75 61878.4 139851 43988.8 21637.4 2085.51 133191 124424 26025.6 28343.5 13137.1 8483.8
internal_count=2062470 717365 1345105 1231299 621700 1223417 113806 609728 671349 560852 540977 62378 383632 552068 55202 130372 177220 303353 11972 118811 301396 115541 95665 7290 290403 344825 54810 61679 51428 30328
is_linear=0
shrinkage=0.03


Tree=16
num_leaves=31
num_cat=0
split_feature=97 87 97 40 40 30 39 39 92 87 18 92 30 39 97 24 40 87 92 97 38 24 87 97 97 92 87 40 30 24
split_gain=73554.7 35934.8 19218.5 14296.6 12116.2 11529.5 8482.03 5812.12 5649.91 5237.14 4890.51 3906.94 6186.31 3775.63 3522.35 2705.69 2804.03 2416.12 2754.51 2084.68 2051.91 1945.28 1870.74 1524.81 1473.09 1667.07 2356.89 1471.62 1461.61 2144.94
threshold=1.4705843329429629 1.7999919056892397 2.833312034606934 201.50000000000003 134.50000000000003 49.500000000000007 189.50000000000003 167.50000000000003 0.98017880320549022 1.9999099969863894 10.500000000000002 1.2499972581863406 21.500000000000004 189.50000000000003 1.2105234861373904 29.500000000000004 201.50000000000003 0.99999827146530162 0.9999932348728181 1.7499803304672243 174.50000000000003 5.5000000000000009 0.85713735222816478 1.7499803304672243 1.2352842688560488 1.1371448040008547 0.99999827146530162 201.50000000000003 27.500000000000004 14.500000000000002
decision_type=2 2 2 10 10 2 10 10 2 2 2 2 2 8 2 2 8 2 2 2 10 2 2 2 2 2 2 10 2 2
left_child=1 3 4 5 7 6 13 9 14 11 -3 17 21 15 -7 16 28 18 22 -20 -15 -13 -2 -14 -10 26 -26 -6 29 -1
right_child=2 10 -4 -5 27 8 -8 -9 24 -11 -12 12 23 20 -16 -17 -18 -19 19 -21 -22 -23 -24 -25 25 -27 -28 -29 -30 -31
leaf_value=0.00235099840330192 -0.014385660261462005 -0.044819710961504944 -0.041222570144410386 0.035014338999985531 0.010844302741939392 0.0061790538450504882 0.031282777924095367 0.027207507671476561 0.012859566198459529 -0.04481566381378576 0.0048064463985390861 -0.035324904793188464 0.004322334755221393 -0.0080682855735326534 -0.0057621403845829365 -0.014086847389946389 -0.0069530838371795762 -0.023708656158600162 0.00257881922668353 -0.013120379638137131 0.024385955371128306 -0.014893851093088233 -0.02603660125701257 -0.0059702717015591451 0.010848247683098987 0.01171475131305242 -0.0087243592507039239 0.034479827814278767 0.0054889581124438281 -0.012486015639865794
leaf_weight=51009.491054296494 47619.11657987535 14590.931963920593 21362.512332588434 14784.596264794469 5327.0509981662035 154975.40538279712 7845.768505141139 3182.867062330246 177436.5963665396 4689.9339134395123 2032.1160979568958 4887.8592776060104 23052.187048792839 56791.869433552027 25938.741974622011 9545.3220889568329 26121.888840869069 29579.424117133021 13038.555912822485 18253.398465692997 1790.1502092927694 29554.775621339679 16831.128985732794 29521.145741060376 10837.523098751903 30099.882994815707 11280.008724093437 4292.8603980988264 119687.32561518252 10568.998827978969
leaf_count=103279 135715 66118 95857 8691 9092 273721 6179 3190 262745 21283 3738 19225 45042 137123 59337 24399 60973 93110 27916 51025 2097 84099 55529 73136 17759 47011 26276 2851 219750 26480
internal_value=-2.59675e-05 0.00481933 -0.0140164 0.00584243 -0.0114842 0.00521991 0.000565117 -0.0129244 0.00843231 -0.0135154 -0.0387546 -0.0128199 -0.00793344 -0.000311829 0.00446653 0.00151329 0.0022326 -0.016211 -0.0138901 -0.00658146 -0.00706856 -0.0178121 -0.0174354 -0.00145728 0.0115558 0.00712223 0.000867295 0.0214412 0.00355695 -0.000198774
internal_weight=976529 725337 251193 708714 229830 693929 283361 220210 410568 217028 16623 212338 87016 275515 180914 216933 207388 125322 95742.2 31292 58582 34442.6 64450.2 52573.3 229654 52217.4 22117.5 9619.91 181266 61578.5
internal_count=2062746 1345676 717070 1275820 621213 1267129 580280 609270 686849 606080 69856 584797 221502 574101 333058 434881 410482 363295 270185 78941 139220 103324 191244 118178 353791 91046 44035 11943 349509 129759
is_linear=0
shrinkage=0.03


Tree=17
num_leaves=31
num_cat=0
split_feature=97 87 97 40 0 40 39 39 18 87 30 97 97 24 24 12 93 24 30 30 68 93 40 24 93 40 24 97 40 24
split_gain=68033.2 33761.9 18854.8 13675 11684.8 11229.4 7188.27 5571.42 5189.25 5174.17 4930.32 3533.63 2919.87 2036.12 1902.28 1855.37 1841.23 1720 1813.6 1698.27 1501.95 1493.86 1421.28 1285.6 1231.53 1212.35 1181.38 1888.63 1179.21 999.486
threshold=1.4705843329429629 1.7999919056892397 2.833312034606934 180.50000000000003 2.5000000000000004 134.50000000000003 189.50000000000003 167.50000000000003 10.500000000000002 1.9999099969863894 27.500000000000004 1.2810719609260561 1.6666417121887209 2.5000000000000004 54.500000000000007 14.500000000000002 1.1931808590888979 15.500000000000002 13.500000000000002 16.500000000000004 0.11271057650446893 1.2432425022125246 201.50000000000003 66.500000000000014 1.4423058032989504 201.50000000000003 21.500000000000004 2.9999362230300908 180.50000000000003 62.500000000000007
decision_type=2 2 2 10 2 10 10 10 2 2 2 2 2 2 2 2 2 2 2 2 2 2 10 2 2 10 2 2 8 2
left_child=1 3 5 4 6 7 10 9 -3 12 17 15 13 -2 19 -6 23 18 -1 -14 -12 29 -7 -13 -21 -5 -4 -28 -22 -15
right_child=2 8 26 25 11 22 -8 -9 -10 -11 20 16 14 21 -16 -17 -18 -19 -20 24 28 -23 -24 -25 -26 -27 27 -29 -30 -31
leaf_value=-0.010350707173351879 -0.043310399744598556 -0.04416897947853482 -0.042885733144331924 0.01879534851185749 0.007242842952983484 0.010464284099130928 0.030117395204338728 0.027128977834037657 0.0062189303657282455 -0.044145260047590583 -0.0013489395821181247 -0.00035996400683661531 -0.019085577996823592 -0.0087337460553298767 -0.026478562594465498 0.012330757605044471 0.0078002651926032986 -0.016226916007364065 -0.001090210487833201 -0.014054156954023964 0.0048379143348679134 -0.0012658285455911301 0.033766054560113494 -0.018082646099330801 -0.0066866916745952068 0.034240068950523173 0.01382908346775277 -0.043551775088853578 -0.0063420644223347563 -0.024917416533127019
leaf_weight=25703.514720380306 1373.9728967249393 14362.64646871388 19030.007454067469 6805.0635541975498 103616.82371066511 5309.7116559147835 7534.6552206724882 3161.1377741098404 2103.9803600460291 4643.0201113671064 55536.432800158858 25719.316465839744 37293.530467912555 41104.569137006998 11446.000327140093 171404.87709471583 27943.948255553842 10559.376482129097 73205.38652586937 58049.138914063573 172645.88882489502 28050.990123987198 4253.7990116626024 4279.728867828846 31589.886848345399 14534.207363635302 897.83615557849407 1170.9822866618633 8913.2673752903938 3736.741383343935
leaf_count=67373 6364 66109 88714 8974 178695 9078 6138 3104 3764 21408 115059 53238 116010 106913 38772 255952 48294 28130 156403 163448 317242 62280 2836 11708 78703 8637 1983 5358 19945 12397
internal_value=4.72025e-05 0.00470914 -0.0134095 0.00569669 0.00496162 -0.0109175 0.00116773 -0.0122986 -0.0377311 -0.0128747 0.000536629 0.00899601 -0.0121878 -0.00738611 -0.0147634 0.0104145 0.00226197 -0.00472889 -0.00349835 -0.013703 0.00296794 -0.00669726 0.0208776 -0.00289868 -0.0114598 0.029337 -0.0405397 -0.0187554 0.00428842 -0.0100929
internal_weight=975980 724869 251111 708402 687063 230012 354099 220449 16466.6 217288 346564 332965 212645 74266.3 138379 275022 57943 109468 98908.9 126933 237096 72892.3 9563.51 29999 89639 21339.3 21098.8 2068.82 181559 44841.3
internal_count=2063029 1345661 717368 1275788 1258177 621313 710290 609399 69873 606295 704152 547887 584887 187954 396933 434647 113240 251906 223776 358161 452246 181590 11914 64946 242151 17611 96055 7341 337187 119310
is_linear=0
shrinkage=0.03


Tree=18
num_leaves=31
num_cat=0
split_feature=97 87 97 40 40 6 39 39 87 92 24 97 39 92 97 12 40 24 87 38 89 39 87 92 40 28 92 24 97 92
split_gain=64660.4 32988.4 18664.5 12687 11291.4 10197.8 6222.51 5665.83 5078.25 4758.14 4357.52 4172.27 4147.9 4138.02 5084.42 4104.29 2329.84 2302.46 1923.22 1905.95 1447.98 1685.84 1437.63 1535.06 1408.14 1382.46 1206.38 1165.85 2067.07 1124.99
threshold=1.4347742199897768 1.7999919056892397 2.833312034606934 201.50000000000003 134.50000000000003 3.5000000000000004 189.50000000000003 151.50000000000003 1.9999099969863894 1.1371448040008547 6.5000000000000009 1.7072894573211672 189.50000000000003 1.012742340564728 1.1739092469215395 9.5000000000000018 201.50000000000003 66.500000000000014 0.92856994271278392 174.50000000000003 -0.2803738117218017 189.50000000000003 0.99999123811721813 0.9999932348728181 201.50000000000003 14.500000000000002 0.88684234023094188 18.500000000000004 2.9999362230300908 0.59999188780784618
decision_type=2 2 2 10 10 2 10 10 2 2 2 2 8 2 2 2 8 2 2 10 2 10 2 2 10 2 2 2 2 2
left_child=1 3 4 5 7 6 12 8 9 17 -11 -12 16 14 25 -3 29 22 26 -14 -15 -22 23 -2 -6 -7 -16 -4 -29 -1
right_child=2 15 27 -5 24 13 -8 -9 -10 10 11 -13 19 20 18 -17 -18 -19 -20 -21 21 -23 -24 -25 -26 -27 -28 28 -30 -31
leaf_value=-0.00089796851044241172 -0.015449053546370713 -0.043529801090731284 -0.042793474569785418 0.03362556737404776 0.010519995756487932 0.0050837179513282217 0.028838975854589218 0.024138922685969188 -0.04357886928199705 -0.028596759416338918 0.0014021470477045912 -0.010581453110857682 -0.0087894080281685147 0.012858214096310962 -0.0053152908654414419 0.0021782483423954612 -0.0073542026517663022 -0.032501409984060127 -0.013971743102499412 0.023442431076849506 0.0076656215817870526 0.034830287486944167 -0.022505683995206083 -0.005474382149849126 0.032941112768045351 0.011498859262958246 0.0082877285402714398 0.0087265956494751683 -0.043107786845651551 0.0042967642547866993
leaf_weight=52330.710344836116 64162.145954608917 14022.382617756724 17905.618294268847 14330.610504090786 5718.6103036254644 87200.620747148991 6799.6939063519239 3892.6575694978237 4554.6706762611866 8163.0047754347324 42901.580369472504 66922.231683969498 50606.624394714832 125790.14101414382 15058.239316537976 2020.6100130826235 22700.22445204854 7261.9715492576361 13898.233052060008 1688.0347755551338 110624.46729363501 2076.9349002987146 18768.121093839407 17757.173040032387 4529.4441158622503 46313.329114958644 9585.3698430657387 1166.6905640661716 1662.7956099361181 132496.1364928484
leaf_count=108696 187122 65632 85355 8552 9669 156240 5669 4337 21332 30127 89024 180706 124484 186838 33941 3938 53741 26177 35335 1989 185648 1386 59525 43999 3036 71265 16892 2798 7743 250415
internal_value=-1.20137e-05 0.00472443 -0.0126401 0.00571155 -0.0103218 0.00511985 0.000551406 -0.0116699 -0.0122767 -0.0116419 -0.00747559 -0.00590078 -0.00019106 0.00808655 0.00453977 -0.0377773 0.00171186 -0.0161933 -0.00505683 -0.00774042 0.0106447 0.00817232 -0.0150109 -0.0132888 0.0204746 0.00731039 -2.1835e-05 -0.0399557 -0.0218235 0.00282602
internal_weight=972909 707542 265367 691499 244632 677169 266621 234384 230491 225936 117987 109824 259822 410547 172056 16043 207527 107949 38541.8 52294.7 238492 112701 100687 81919.3 10248.1 133514 24643.6 20735.1 2829.49 184827
internal_count=2061611 1310661 750950 1241091 655054 1232539 544994 642349 638012 616680 299857 269730 539325 687545 313673 69570 412852 316823 86168 126473 373872 187034 290646 231121 12705 227505 50833 95896 10541 359111
is_linear=0
shrinkage=0.03


Tree=19
num_leaves=31
num_cat=0
split_feature=30 40 30 92 24 40 30 39 24 30 24 39 92 30 24 30 24 24 30 92 40 92 92 92 24 18 24 30 40 24
split_gain=54631.5 15751.2 15099.5 13887.9 10752.1 8945.41 8292.11 8332.61 6511.22 5871.95 4831.45 4728.95 4015.02 3883.04 10797.1 3494.47 2103.48 2049.28 2738.97 1800.82 1758.95 1735.03 1593.56 1412.32 1408.4 1294.77 1268.73 1986.59 1170.03 1146.42
threshold=16.500000000000004 180.50000000000003 69.500000000000014 1.9411687254905703 40.500000000000007 134.50000000000003 43.500000000000007 167.50000000000003 25.500000000000004 27.500000000000004 15.500000000000002 167.50000000000003 1.1371448040008547 110.50000000000001 64.500000000000014 7.5000000000000009 5.5000000000000009 54.500000000000007 89.500000000000014 2.2499620914459233 201.50000000000003 1.0909023880958559 1.3043456673622134 1.3333277702331545 10.500000000000002 1.5000000000000002 48.500000000000007 59.500000000000007 201.50000000000003 33.500000000000007
decision_type=2 10 2 2 2 10 2 10 2 2 2 10 2 2 2 2 2 2 2 2 10 2 2 2 2 2 2 2 10 2
left_child=3 2 4 5 6 11 7 8 9 10 -2 15 13 14 17 -1 -5 -4 -19 -18 -7 29 26 -10 25 -17 27 -6 -3 -8
right_child=1 28 12 16 22 20 21 -9 23 -11 -12 -13 -14 -15 -16 24 19 18 -20 -21 -22 -23 -24 -25 -26 -27 -28 -29 -30 -31
leaf_value=-0.027621517058428618 -0.0016025114940618709 0.018060986282867751 0.0069188326420869797 -0.042973913514041347 -0.022311246563405631 0.0041159727266537128 0.0049862620260454175 0.024659276229371023 -0.017074452565098507 0.0031315900338191025 -0.013946417546472849 0.019731232221710335 0.013444334363611797 0.010564257632845183 -0.024368705276743178 -0.041895143070765271 -0.013788287052737916 -0.017043419078599388 0.0040355127504048188 -0.036739102734355877 0.029745554794080486 0.0090827304249564058 -0.0017251931953415778 -0.0053696592393480489 -0.020449833547698693 -0.010278798416650093 -0.025901536767685689 -0.0046217963130032128 0.03332953498744174 -0.0022951387756390777
leaf_weight=20468.803065881133 76281.29785425961 6709.8612785935402 103438.29762780666 16652.924772381783 11977.206404939294 6082.8955444842577 71546.796657323837 9713.2862989157438 33636.620965451002 119781.99342416227 45580.678391098976 3308.8549050092697 77244.17577907443 85756.516305550933 12293.314261600375 1175.3841575086117 5556.0912994742393 8032.9396950006485 17818.202830314636 6980.2188858687878 3979.6773846298456 74278.558547154069 6356.2616035193205 12842.128672301769 19521.774427980185 51326.939282774925 12141.455698922276 10934.382747918367 14381.06204752624 26715.264324188232
leaf_count=76978 167248 8847 178235 80375 37195 12526 131096 10122 95877 233777 127165 4182 113296 132363 39480 5652 16941 22946 32334 29943 3123 124070 14734 31831 61161 140005 40259 24577 8562 57393
internal_value=5.34325e-05 0.00290894 0.00224728 -0.0176512 -0.000900274 -0.0125953 0.000390174 -0.0026415 -0.00356352 -0.00158513 -0.0062211 -0.0154218 0.00753576 0.00552717 0.00247515 -0.0166833 -0.035967 0.00503093 -0.00252263 -0.0266055 0.0142912 0.00562309 -0.0155518 -0.0138441 -0.013568 -0.0110023 -0.0180567 -0.0138805 0.0284937 0.00300655
internal_weight=972514 837460 816369 135054 511786 105864 470377 297836 288123 241644 121862 95801.8 304583 227339 141583 92492.9 29189.2 129289 25851.1 12536.3 10062.6 172541 41409.3 46478.7 72024.1 52502.3 35053 22911.6 21090.9 98262.1
internal_count=2062293 1631407 1613998 430886 1095344 303627 978579 666020 655898 528190 294413 287978 518654 405358 272995 283796 127259 233515 55280 46884 15649 312559 116765 127708 206818 145657 102031 61772 17409 188489
is_linear=0
shrinkage=0.03


Tree=20
num_leaves=31
num_cat=0
split_feature=97 97 24 40 0 40 24 92 97 40 92 24 18 92 97 34 38 92 90 24 92 40 88 18 40 24 97 24 95 92
split_gain=58364.7 17615.1 15798.9 11162.3 10317.7 10217.1 4281.4 5345.46 3881.9 3567.33 3079.91 2544.6 2529.6 2388.12 3498.02 2182.14 1635.95 1557.21 1483.94 1389.78 1254.21 1181.2 1160.36 1111.93 1028.42 1027.77 1866.18 965.047 950.938 919.021
threshold=1.4347742199897768 2.833312034606934 4.5000000000000009 201.50000000000003 2.5000000000000004 134.50000000000003 6.5000000000000009 1.1249905228614809 1.8888836503028872 201.50000000000003 1.4482725262641909 54.500000000000007 1.5000000000000002 1.0285694003105166 1.1739092469215395 5.5000000000000009 174.50000000000003 1.9411687254905703 -0.41208770871162409 3.5000000000000004 0.72497111558914196 201.50000000000003 1.8791514635086062 3.5000000000000004 59.500000000000007 18.500000000000004 2.9999362230300908 8.5000000000000018 -0.80870303511619557 1.2499972581863406
decision_type=2 2 2 10 2 10 2 2 2 8 2 2 2 2 2 2 10 2 2 2 2 10 2 2 8 2 2 2 2 2
left_child=2 5 10 4 9 6 17 11 24 15 12 -8 -1 14 28 16 20 -2 -15 -12 -4 27 -22 -21 29 -3 -27 -7 -6 -9
right_child=1 25 3 -5 13 21 7 8 -10 -11 19 -13 -14 18 -16 -17 -18 -19 -20 23 22 -23 -24 -25 -26 26 -28 -29 -30 -31
leaf_value=-0.041941525729630065 -0.019762712188205394 -0.041848285827576888 -0.004143356424828464 0.032166772727491251 0.010154747794608896 -0.013155868538884169 -0.01308289650515761 -0.0050282901710073805 -0.012072609133857777 -0.0076588450178211752 -0.043513120092479644 -0.026332392975080214 -0.0023949340969466005 0.014038454614646437 -0.0031733076111345429 0.0047247940850699312 0.025459056002255055 -0.039704890623920318 0.0085293665273995702 -0.010492175806336809 0.0023521350521135448 0.031355675474838814 -0.0091688458103497406 -0.051704242138003918 -0.007985620073363172 0.0074661246058855971 -0.042391550763820868 0.016887639948682177 0.0043331839150518364 0.003554982360399213
leaf_weight=1801.5049850642681 12446.051399677992 17304.458476230502 58951.942274838686 13492.444637492299 70758.920874044299 1200.2910093963146 82666.274020969868 16140.911882385612 49552.895378261805 37872.906655177474 6023.6558612585068 15506.40787345171 7262.8965344727039 72924.581323236227 32127.303245559335 147992.96513226628 2166.17038205266 4956.535285487771 111377.62938819826 2729.850237429142 91973.682134360075 4349.1758994162083 8584.0094410330057 737.1203543394804 14888.528770878911 1140.8129214793444 1618.715113312006 4586.9980654418468 39334.148008018732 36755.902808055282
leaf_count=8745 41637 85191 131844 8331 111478 3096 233982 38786 139634 92152 28967 53549 16558 103644 69734 270992 2292 22879 181460 8157 180446 2997 23393 3121 37111 2789 7696 6638 70578 74604
internal_value=-6.24065e-05 -0.0121219 0.00443147 0.0051689 0.00462755 -0.00988969 -0.0111733 -0.0100156 -0.00569242 0.00102981 -0.0228702 -0.0151806 -0.0103297 0.00845659 0.0055347 0.00209287 -0.00031659 -0.0254816 0.0107105 -0.0348007 -0.000669776 0.0195684 0.00136703 -0.0195007 -0.00102614 -0.0391257 -0.0218745 0.0106327 0.00807598 0.000934976
internal_weight=969226 263114 706112 687557 674064 243050 232914 215511 117338 347542 18555 98172.7 9064.4 326523 142220 309669 161676 17402.6 184302 9490.63 159510 10136.5 100558 3466.97 67785.3 20064 2759.53 5787.29 110093 52896.8
internal_count=2062481 750589 1311892 1246344 1238013 654913 642182 577666 290135 701119 65548 287531 25303 536894 251790 608967 337975 64516 285104 40245 335683 12731 203839 11278 150501 95676 10485 9734 182056 113390
is_linear=0
shrinkage=0.03


Tree=21
num_leaves=31
num_cat=0
split_feature=97 87 97 40 92 40 87 39 30 18 39 34 92 30 39 97 92 87 97 87 24 24 31 92 87 97 97 40 87 97
split_gain=54622.6 29022.3 16886.2 11238.5 8679.19 8577.32 5042.9 4622.43 4582.17 4503.38 3943.34 3865.76 3323.85 4313.55 2562.93 2460.82 2601.78 2744.18 2325.02 2213.29 2130.61 1917.83 1826.34 1538.25 1839.67 1631.71 1493.27 1484.83 1427.46 1385.92
threshold=1.4705843329429629 1.7999919056892397 2.833312034606934 201.50000000000003 0.89999762177467357 153.50000000000003 1.9999099969863894 151.50000000000003 31.500000000000004 10.500000000000002 167.50000000000003 6.5000000000000009 1.1999837756156924 21.500000000000004 151.50000000000003 1.2352842688560488 1.1371448040008547 0.99999535083770763 1.1538414955139162 0.99999827146530162 4.5000000000000009 3.5000000000000004 15.500000000000002 0.9999932348728181 0.83333018422126781 1.838701665401459 1.7072894573211672 120.50000000000001 0.90097919106483471 1.0666649341583254
decision_type=2 2 2 10 2 10 2 10 2 2 10 2 2 2 10 2 2 2 2 2 2 2 2 2 2 2 2 10 2 2
left_child=1 3 5 4 10 6 7 12 14 -3 11 27 19 21 20 22 17 -17 -13 23 -6 -14 -10 24 -2 -25 -15 29 -20 -1
right_child=2 9 -4 -5 8 -7 -8 -9 15 -11 -12 18 13 26 -16 16 -18 -19 28 -21 -22 -23 -24 25 -26 -27 -28 -29 -30 -31
leaf_value=-0.0027248527113779863 -0.011517055829346489 -0.042472373501152572 -0.038771178399018245 0.031593476056607867 -0.018975332775740327 0.021344424942312722 -0.042457133222922105 0.023624394216735189 0.0080573698912417731 0.0050410798292012567 0.023234889785175308 0.005281911861315612 -0.042871301127607141 0.0035884052205801334 0.018928548806014862 0.0056797381670258386 0.0089332137833109428 -0.010359244917158351 -0.0021023635843024813 -0.023108894793320102 0.00031389890376913755 -0.013247076608913604 0.013149648059534898 0.00070672642917280772 -0.02259138885275179 -0.014217871021772259 -0.005869690560506311 0.0063483309986808716 -0.023056834635626081 -0.0096321313092900436
leaf_weight=74266.33424705267 44772.871177658439 13588.782454699278 19745.257468193769 14066.741587206721 5587.378801420331 7643.4392010420561 4459.9176083505154 3539.197972536087 173904.93400578201 2063.6042113304138 6486.691303178668 101857.27877937257 2067.616176918149 25269.837980553508 6151.409054890275 20916.967787250876 45051.11206844449 17712.172014817595 21158.972111791372 21315.023976832628 63687.352789059281 35539.114110127091 99903.734014734626 14110.384610489011 19378.862961098552 12352.209872081876 36994.392340585589 11051.973475277424 3376.3794635981321 40347.436245247722
leaf_count=161246 127670 65924 95903 8685 16824 8541 21736 3905 286279 3735 7054 182456 9801 49912 7844 38546 73656 42627 45474 70382 132641 102953 142381 32200 64167 36373 93312 20436 9743 99658
internal_value=-2.43314e-06 0.00416897 -0.012172 0.00506579 0.00452523 -0.0098596 -0.0109466 -0.0102901 0.00712256 -0.0362098 0.000175964 -0.000419251 -0.0108589 -0.00687816 0.00040309 0.00854019 0.00403648 -0.00167599 0.00328504 -0.014409 -0.00124691 -0.0148977 0.0099162 -0.0123579 -0.0148684 -0.00626525 -0.00203122 -0.0041449 -0.0050024 -0.00515768
internal_weight=968367 721179 247188 705527 691460 227443 219799 215340 432915 15652.4 258545 252058 211800 99871 75426.1 357489 83680.3 38629.1 126393 111929 69274.7 37606.7 273809 90614.3 64151.7 26462.6 62264.2 125666 24535.4 114614
internal_count=2062064 1345209 716855 1275550 1266865 620952 612411 590675 740798 69659 526067 519013 586770 255978 157309 583489 154829 81173 237673 330792 149465 112754 428660 260410 191837 68573 143224 281340 55217 260904
is_linear=0
shrinkage=0.03


Tree=22
num_leaves=31
num_cat=0
split_feature=97 87 97 40 30 39 40 92 97 12 39 87 87 92 30 30 24 97 92 87 92 92 87 31 92 87 24 39 38 24
split_gain=51833.6 32090.1 13521.2 12617 10380.1 7034.62 6462.61 6365.19 6898.04 4156.32 3155 2886.68 2856.97 2546.08 2915.2 2177.35 2632.98 2014.67 1850.12 1730.55 1693.85 1537.33 2655.1 1496.52 1444.39 1436.62 1297.54 1263.01 1318.91 1251.93
threshold=1.6249949336051943 1.7999919056892397 2.833312034606934 180.50000000000003 33.500000000000007 189.50000000000003 134.50000000000003 1.012742340564728 1.2105234861373904 9.5000000000000018 189.50000000000003 1.9999099969863894 0.92856994271278392 1.3043456673622134 21.500000000000004 13.500000000000002 20.500000000000004 1.3770461678504946 0.81080934405326854 0.99999713897705089 1.0909023880958559 1.2499972581863406 1.0084735453128817 10.500000000000002 0.86841949820518505 0.79999887943267833 2.5000000000000004 189.50000000000003 174.50000000000003 50.500000000000007
decision_type=2 2 2 10 2 10 10 2 2 2 10 2 2 2 2 2 2 2 2 2 2 2 2 2 2 2 2 8 10 2
left_child=1 3 6 4 5 15 10 8 18 -3 11 13 24 19 -15 26 27 23 -6 20 29 22 -19 -9 25 -10 -1 -17 -29 -2
right_child=2 9 -4 -5 7 -7 -8 17 12 -11 -12 -13 -14 14 -16 16 -18 21 -20 -21 -22 -23 -24 -25 -26 -27 -28 28 -30 -31
leaf_value=-0.044324340107859253 -0.014079255268194871 -0.042017644894885312 -0.038312342195523812 0.026395367423376379 0.0017933564808457635 0.028794553854460399 0.019091652222644948 0.0075704296224261697 -0.0026717730088659125 3.1344918154967545e-05 0.030254248462159256 -0.041584296668706354 -0.017746231432016597 -0.015412420480183776 -0.0019334463832286629 0.00072643718695232908 -0.015477340079422103 0.0089805465325326784 0.0072614111824517765 -0.022736477653452655 -0.0037529020062562531 0.0089603697182538741 -0.011403194667521929 0.012405920365654837 0.004550967938025007 -0.018501520303183482 -0.0095270194653456139 -0.006886286090352709 0.026794140422372142 -0.028307444017637757
leaf_weight=976.41247160732746 46009.320918694139 15582.025858938694 19402.028740942478 22266.906657829881 102827.01515001059 6219.9412885606289 5855.9134412109852 118170.47945924103 18434.346051245928 2447.4787196069956 1486.4005147665739 3186.1458106487989 15872.452067375183 25944.68457390368 32552.761400029063 105159.4274841845 12126.097346886992 10312.700057402253 121509.0155788362 24648.165688022971 13121.410199776292 20065.454478189349 12951.901668801904 112670.00656476617 15252.451659604907 7150.2710403949022 31936.558149203658 33940.703811377287 1060.3247894495726 6343.2606201469898
leaf_count=4400 136533 77026 95877 19156 197659 4927 7329 195771 41676 4957 1204 15901 44930 78814 76508 217331 32980 18805 204777 80232 33459 34141 33351 163431 30369 20215 85303 81014 1161 22974
internal_value=-8.68058e-05 0.00322433 -0.0146788 0.0041524 0.00348836 -0.00253573 -0.0117932 0.00556527 0.0023924 -0.0363158 -0.0129753 -0.0134026 -0.00695394 -0.0127929 -0.00791484 -0.00359096 -0.00207804 0.0088173 0.00475545 -0.0159567 -0.0133982 0.00287993 -0.00236757 0.00993144 -0.00275258 -0.00710679 -0.0105856 -0.00091675 -0.00585125 -0.0158134
internal_weight=965482 786932 178550 768902 746636 191419 159148 555216 281046 18029.5 153292 151806 56709.5 148620 58497.4 185200 152287 274171 224336 90122.2 65474 43330.1 23264.6 230840 40837.1 25584.6 32913 140160 35001 52352.6
internal_count=2062211 1513380 548831 1431397 1412241 427116 452954 985125 539626 81983 445625 444421 137190 428520 155322 422189 332486 445499 402436 273198 192966 86297 52156 359202 92260 61891 89703 299506 82175 159507
is_linear=0
shrinkage=0.03


Tree=23
num_leaves=31
num_cat=0
split_feature=97 87 97 40 30 40 39 18 97 0 39 87 24 24 34 39 24 38 24 68 30 24 24 30 24 30 18 30 24 39
split_gain=49440.9 30141.6 13650.6 11966.1 9706.5 6311.05 6266.86 4889.24 4614.57 3614.99 3150.74 2971.82 2325.12 2077.92 1944.27 1861.57 1820.74 1819.05 1710.45 1554.96 1299.45 1260.24 1184.5 1170.28 1075.96 1811.38 1091 1074.21 1091.93 1059.88
threshold=1.5882226824760439 1.7999919056892397 2.833312034606934 180.50000000000003 33.500000000000007 134.50000000000003 167.50000000000003 10.500000000000002 1.3269196152687075 3.5000000000000004 189.50000000000003 1.9999099969863894 66.500000000000014 54.500000000000007 1.5000000000000002 189.50000000000003 20.500000000000004 174.50000000000003 7.5000000000000009 0.14430424571037295 61.500000000000007 2.5000000000000004 44.500000000000007 51.500000000000007 35.500000000000007 37.500000000000007 30.500000000000004 21.500000000000004 13.500000000000002 151.50000000000003
decision_type=2 2 2 10 2 10 10 2 2 2 10 2 2 2 2 10 2 10 2 2 2 2 2 2 2 2 2 2 2 10
left_child=1 3 5 4 6 10 14 -3 9 15 11 13 29 18 17 19 27 21 -2 -6 22 -1 23 24 25 -20 -26 28 -16 -10
right_child=2 7 -4 -5 8 -7 -8 -9 12 -11 -12 -13 -14 -15 16 -17 -18 -19 20 -21 -22 -23 -24 -25 26 -27 -28 -29 -30 -31
leaf_value=-0.043540482150451004 -0.021155703697426791 -0.041547676566389455 -0.037717235725474814 0.02611539461286122 0.00035819473753708576 0.018339288446524847 0.02197195908049979 0.0049048440134989244 7.2359210528030437e-05 0.0097571944491304501 0.029887995750530114 -0.04119178440126111 -0.018370915887029333 -0.022988486051185131 -0.0016640577038147721 0.029195530798401825 -0.014901173945523309 0.023491033212265491 -0.010722593078938972 0.0055923948125641615 0.0045282108419760353 -0.0072107680318285973 -0.021043720492690061 0.0047861474948704616 -0.02486680947063662 0.0017759747133428059 -0.0061368329564008587 0.0031926308958048701 -0.018450534065980968 0.029905383491975728
leaf_weight=849.67548140883446 13308.711508721113 15300.612722992897 19101.225058272481 21892.869525298476 70001.032389372587 6340.0207897424698 9077.901117041707 2347.754323810339 73743.835367918015 205032.36405609548 1573.3359224200249 3174.7085375934839 6352.7194226831198 14021.056893974543 29613.300002261996 2685.4796295017004 7405.4490418285131 1710.45020160079 90382.914439916611 189001.06690618396 5397.3879325985909 79174.772608652711 8892.4007709622383 4809.4729515165091 8342.7800559699535 11791.941545948386 4231.5543899536133 53945.508896321058 3933.9294105321169 1067.5839726924896
leaf_count=3892 45788 76993 95987 18737 137695 8010 9829 4301 155235 318129 1265 16104 18635 48174 66348 2206 19907 2055 251975 333518 11462 194818 28461 10290 27444 26201 11122 105056 11177 937
internal_value=-1.51371e-05 0.00336416 -0.0136666 0.0042699 0.00361727 -0.0109958 -0.00230975 -0.0353696 0.0056263 0.0067744 -0.0121188 -0.0125245 -0.00097569 -0.0119548 -0.00356003 0.00443682 -0.000638651 -0.00695091 -0.0109005 0.00417787 -0.00987781 -0.00760729 -0.0104837 -0.00969494 -0.0103026 -0.00928008 -0.0185835 0.000571669 -0.00364235 0.000505965
internal_weight=964504 773136 191368 755488 733595 172266 185711 17648.4 547884 466720 165926 164353 81164.1 161178 176633 261688 94898.2 81734.9 147157 259002 133848 80024.4 128451 119559 114749 102175 12574.3 87492.7 33547.2 74811.4
internal_count=2061751 1479468 582283 1398174 1379437 486296 413082 81294 966355 791548 478286 477021 174807 460917 403253 473419 202488 200765 412743 471213 366955 198710 355493 327032 316742 278176 38566 182581 77525 156172
is_linear=0
shrinkage=0.03


Tree=24
num_leaves=31
num_cat=0
split_feature=97 87 97 40 30 39 40 92 97 12 87 39 92 30 40 87 92 30 87 92 95 87 92 97 92 92 87 30 97 87
split_gain=47552.5 28796.9 12943.9 11160.2 8390.61 6028.56 5594.55 5292.72 6093.64 4474.85 3197.77 3260.87 2510.48 3122.01 2346.64 2333.44 1956.52 1946.43 1749.64 1560.28 1549.93 1507.23 1349.75 3058.09 1269.29 1259.93 1247.34 1163.93 1921.93 1149.14
threshold=1.5882226824760439 1.7999919056892397 2.833312034606934 201.50000000000003 35.500000000000007 189.50000000000003 180.50000000000003 1.0434752106666567 1.2105234861373904 9.5000000000000018 1.9999099969863894 167.50000000000003 1.2857018709182741 21.500000000000004 127.50000000000001 0.97056105732917797 0.7894708812236787 13.500000000000002 0.99999713897705089 1.0909023880958559 -0.80870303511619557 1.0312786102294924 1.199997663497925 1.2810719609260561 1.071426570415497 0.89999762177467357 0.88888442516326915 18.500000000000004 2.9999362230300908 0.90097919106483471
decision_type=2 2 2 10 2 10 10 2 2 2 2 10 2 2 10 2 2 2 2 2 2 2 2 2 2 2 2 2 2 2
left_child=1 3 6 4 5 14 10 8 16 -3 11 12 18 -14 17 25 -6 -1 19 26 -18 -9 23 -23 -19 -10 -2 -4 -29 -27
right_child=2 9 27 -5 7 -7 -8 21 15 -11 -12 -13 13 -15 -16 -17 20 24 -20 -21 -22 22 -24 -25 -26 29 -28 28 -30 -31
leaf_value=-0.010584639137713242 -0.011948856960983233 -0.041035301664561957 -0.040121087559135751 0.030016879147654094 0.0016298543280226347 0.02688937717647466 0.024282183877678502 0.014059962032442396 -0.0064910958374892963 0.0026481338102881881 -0.041108654430258081 0.025296394073994262 -0.014839225801084594 -0.0016298845868771394 0.0072903616556984465 -0.016861282209426422 0.0097922045853107119 -0.0043293434586152658 -0.021554745018537137 -0.0030628115629000234 0.0036252108798717451 0.0074051127488171786 0.010046842468510408 -0.0087469946067858344 0.0013490870586184641 0.011167416345781027 -0.022290941435256031 0.010468479927816401 -0.040505020424784897 -0.003534313523533476
leaf_weight=29407.294424444437 43597.926142200828 14934.499569296837 16140.761567413807 14702.976580888033 90235.120378047228 6493.111912727356 3961.3698002249002 43346.837189525366 28208.403479278088 2454.5818582624197 3247.4589705318213 2165.2967584580183 27541.023468255997 38749.344714134932 20035.056706041098 12866.742325350642 87774.363606393337 92025.581557974219 24942.899327844381 13353.615111425519 63057.029837891459 68925.71365070343 108598.89169558883 12438.008780017495 57584.387259826064 9124.0649218708277 13869.31594067812 1158.6235012114048 1523.7717277407646 10022.283074870706
leaf_count=81185 127492 76673 85452 9359 173243 5357 3695 63020 67519 4751 16683 2070 83845 90450 36121 35873 137587 210319 81639 33773 113926 110753 169186 29783 116769 15634 46754 2943 7752 22575
internal_value=-3.6219e-05 0.00327363 -0.0134699 0.0041533 0.00363872 -0.00151251 -0.0108742 0.00561928 0.0029922 -0.0348731 -0.0117086 -0.0111223 -0.0116119 -0.00712066 -0.00244159 -0.00554265 0.00512459 -0.00353145 -0.0147188 -0.0123058 0.00721483 0.00901127 0.00785786 0.00493441 -0.00214385 -0.00246144 -0.0144517 -0.0370734 -0.0185732 0.00347604
internal_weight=962486 772235 190251 754846 740143 205545 171428 534597 301288 17389.1 167467 164219 162054 66290.4 199052 60221.5 241067 179017 95763.8 70820.9 150831 233309 189963 81363.7 149610 47354.8 57467.2 18823.2 2682.4 19146.3
internal_count=2062181 1479633 582548 1398209 1388850 449751 486401 939099 566357 81424 482706 466023 463953 174295 444394 141601 424756 408273 289658 208019 251513 372742 309722 140536 327088 105728 174246 96147 10695 38209
is_linear=0
shrinkage=0.03


Tree=25
num_leaves=31
num_cat=0
split_feature=97 87 97 0 87 18 24 24 97 97 98 0 24 24 18 24 38 100 93 93 61 24 97 97 93 30 98 88 93 31
split_gain=44568.7 24360.2 15074.1 6312.98 5344.7 4080.37 3251.47 2647.59 2603.83 2220.1 2096.95 1955.49 1853.56 1681.89 1620.68 1846.86 1608.11 1471.96 1370.87 1332.63 1249.64 1119.1 1846.91 1094.82 775.117 742.108 703.487 694.812 792.584 690.529
threshold=1.4347742199897768 1.7999919056892397 2.833312034606934 1.5000000000000002 1.9999099969863894 10.500000000000002 66.500000000000014 4.5000000000000009 1.6666417121887209 1.1999675631523135 1.4157282114028933 4.5000000000000009 66.500000000000014 3.5000000000000004 2.5000000000000004 2.5000000000000004 174.50000000000003 -0.77164906263351429 1.4423058032989504 1.2432425022125246 21.442685127258304 18.500000000000004 2.9999362230300908 2.0720701217651372 1.1379284262657168 11.500000000000002 1.1111089587211611 0.96153762936592113 0.85714229941368114 5.5000000000000009
decision_type=2 2 2 2 2 2 2 2 2 2 2 2 2 2 2 2 10 2 2 2 2 2 2 2 2 2 2 2 2 2
left_child=1 3 4 13 6 -3 7 -2 19 11 12 29 24 14 15 -1 17 -15 20 27 -10 -4 -23 -20 -11 -19 -13 28 -9 -5
right_child=2 5 21 9 -6 -7 -8 8 18 10 -12 26 -14 16 -16 -17 -18 25 23 -21 -22 22 -24 -25 -26 -27 -28 -29 -30 -31
leaf_value=-0.045779078991560397 -0.0259249673895251 -0.040566396896314055 -0.03972334326217021 0.0042775668815495209 -0.041378605451566471 0.0054143325280546573 -0.026586023447806219 -0.0063871474581340794 -0.0086551233226665504 -0.0012696302463287234 0.008251716370934449 0.0095918410006179452 -0.016420961597788122 0.0039366265947778567 -0.052922944325527042 0.0044689832219393143 0.024651015601226015 -0.0077610669779291704 -0.0013842513039901616 0.0018674030510866873 -0.01606440225695346 0.010589924707713996 -0.040061526371742429 -0.010367995663996023 0.0055239676991884262 -0.00014335760085771139 0.01448556556959114 -0.011358519532134922 0.0031623393577917473 0.007866351712146849
leaf_weight=854.932249173522 6639.2628028988838 12640.475079059601 15799.684841066599 76125.059186205268 4365.2296868562698 2008.0733451545238 8117.1672609299421 26542.878644526005 51166.179198786616 36624.521307617426 47626.992404982448 69289.632889509201 5623.439480304718 98990.476636826992 893.42583282291889 2647.302334189415 2619.6618320047855 12568.900574997067 27646.98868650198 34880.650463104248 34275.572795450687 1125.4796072840691 1485.3306312710047 21853.627705186605 25709.750867560506 134259.49434192479 43008.000540882349 14227.630869999528 11072.706764563918 132212.96966512501
leaf_count=3873 25542 66054 85337 138147 22642 3589 29321 68155 143199 75718 81145 105323 14435 183625 3674 5579 2613 32245 65896 72189 104333 2824 7701 61925 44706 277059 58333 38769 23509 215655
internal_value=7.43585e-05 0.00399149 -0.0105598 0.00480574 -0.00855751 -0.0342644 -0.00794806 -0.00728314 -0.0067225 0.00699179 0.00342637 0.00827679 4.31703e-05 0.00103384 -0.017319 -0.00798739 0.00135992 0.00110973 -0.00932885 -0.00266579 -0.0116305 -0.0367101 -0.018312 -0.005353 0.00153326 -0.000796422 0.0114683 -0.00571531 -0.00357593 0.00655557
internal_weight=962901 703703 259198 689055 240788 14648.5 236423 228305 221666 436220 115585 320636 67957.7 252834 4395.66 3502.23 248439 245819 134942 86723.9 85441.8 18410.5 2610.81 49500.6 62334.3 146828 112298 51843.2 37615.6 208338
internal_count=2063115 1311773 751342 1242130 655480 69643 632838 603517 577975 733462 216004 517458 134859 508668 13126 9452 495542 492929 375353 202622 247532 95862 10525 127821 120424 309304 163656 130433 91664 353802
is_linear=0
shrinkage=0.03


Tree=26
num_leaves=31
num_cat=0
split_feature=30 92 30 24 39 30 24 30 24 39 24 92 38 30 24 24 98 18 24 30 92 24 18 92 92 98 24 30 18 34
split_gain=38468.5 11700.7 9045.12 9719.1 7990.42 5647.43 7636.94 4706.47 4848.9 4397.06 3450.44 3222.48 2344.72 2274.45 7922.03 1851.24 1774.69 1659.05 1404.46 1508.67 1374.49 1195.47 1490.12 1052.52 1003.47 969.477 959.439 1311.72 924.915 913.641
threshold=16.500000000000004 1.9411687254905703 73.500000000000014 44.500000000000007 189.50000000000003 49.500000000000007 28.500000000000004 29.500000000000004 16.500000000000004 139.50000000000003 2.5000000000000004 1.1249905228614809 134.50000000000003 121.50000000000001 68.500000000000014 5.5000000000000009 2.9995950460433964 1.5000000000000002 35.500000000000007 61.500000000000007 2.5714037418365483 24.500000000000004 19.500000000000004 1.3043456673622134 1.3333277702331545 2.9999164342880253 33.500000000000007 37.500000000000007 24.500000000000004 6.5000000000000009
decision_type=2 2 2 2 10 2 2 2 2 10 2 2 10 2 2 2 2 2 2 2 2 2 2 2 2 2 2 2 2 2
left_child=1 9 3 4 5 6 7 8 -2 10 -1 13 16 14 -4 -3 17 -12 28 -20 -17 29 -23 -5 26 -10 27 -8 -7 -9
right_child=2 15 11 23 -6 18 24 21 25 -11 12 -13 -14 -15 -16 20 -18 -19 19 -21 -22 22 -24 -25 -26 -27 -28 -29 -30 -31
leaf_value=-0.040996361166854664 0.00032006693980342376 -0.040187177985889895 0.0047214833828316798 -0.018304809753074244 0.028872024627914064 0.0062204355712473956 -0.021839508054567049 0.0031774669974524569 -0.010178079659132354 0.013749334973970241 -0.039043425422906133 0.012035541525649023 0.015302388878194892 0.0097757999858688032 -0.02227077725030565 -0.017666364477629922 -0.02774012389609741 -0.010238003225401443 -0.0050777580459488653 0.0055496937591210027 -0.040579083423656029 -0.0059718286562643452 0.0070745097187218759 -0.0016693645003760717 -0.0048558334774583328 -0.03245795292900857 -0.020533312146851473 -0.0056643726221949874 0.014626444921869099 0.0084856820419822229
leaf_weight=3602.0264158695936 101159.40633606911 14662.377561375499 132990.73483379185 27115.870516121387 9120.4027271568775 92425.361691996455 6568.0970004945993 73269.019431978464 49948.879665732384 6211.0672489851713 1822.4718828350306 75327.082068324089 2907.7047165036201 57986.694202452898 10543.274871379137 8480.6565935015678 6000.7912135124207 82756.218996882439 20407.586646690965 29197.874547198415 3282.4040806591511 21060.372835740447 12562.562338188291 3921.9333653301001 11583.730157658458 1807.0308594852686 15952.892256170511 14389.139694347978 13500.764242127538 48525.405897602439
leaf_count=18789 214853 80189 236748 83368 7036 158161 21155 140252 134240 9575 10015 110330 4974 87669 33708 29810 26894 233523 47655 51287 17413 47693 24358 9256 28769 8634 50255 33839 19803 82038
internal_value=-5.99991e-05 -0.0152503 0.00231632 9.85537e-05 0.00106952 0.000573502 -0.00150593 0.000234915 -0.00350151 -0.0106894 -0.0122553 0.00674206 -0.0111394 0.0047624 0.00273594 -0.0330578 -0.0119914 -0.0108678 0.00534379 0.0011773 -0.024118 0.00391117 -0.00109601 -0.0162052 -0.0125701 -0.0109682 -0.0149871 -0.0107497 0.00729438 0.00529342
internal_weight=959090 129726 829364 552516 521479 512358 356827 308333 152915 103300 97089.2 276848 93487.2 201521 143534 26425.4 90579.5 84578.7 155532 49605.5 11763.1 155417 33622.9 31037.8 48493.9 51755.9 36910.1 20957.2 105926 121794
internal_count=2062289 431182 1631107 1162652 1070028 1062992 786086 652068 357727 303770 294195 468455 275406 358125 270456 127412 270432 243538 276906 98942 47223 294341 72051 92624 134018 142874 105249 54994 177964 222290
is_linear=0
shrinkage=0.03


Tree=27
num_leaves=31
num_cat=0
split_feature=97 87 97 40 39 34 97 0 40 18 87 39 40 93 38 24 24 30 34 40 93 98 30 24 18 24 30 24 30 24
split_gain=40937 25715.8 11697 11194.9 7694.13 6338.09 5800.34 5228.47 5032.87 4258.47 2589.74 2593.58 2480.17 2197.06 2026.57 1638.93 1557.69 1390.78 1192.56 1104.5 1059.69 974.592 921.879 1240.77 962.713 1022.83 930.345 990.943 1190.04 895.314
threshold=1.6249949336051943 1.7999919056892397 2.833312034606934 180.50000000000003 inf 1.0000000180025095e-35 1.2810719609260561 3.5000000000000004 134.50000000000003 10.500000000000002 1.9999099969863894 121.50000000000001 180.50000000000003 1.2727246880531313 174.50000000000003 66.500000000000014 54.500000000000007 16.500000000000004 6.5000000000000009 201.50000000000003 1.4423058032989504 1.1111089587211611 89.500000000000014 54.500000000000007 35.500000000000007 48.500000000000007 55.500000000000007 33.500000000000007 45.500000000000007 20.500000000000004
decision_type=2 2 2 10 8 2 2 2 10 2 2 10 8 2 10 2 2 2 2 10 2 2 2 2 2 2 2 2 2 2
left_child=1 3 8 4 5 -1 7 12 10 -3 11 16 18 15 -6 22 17 -2 -7 -5 -19 -9 23 24 25 26 27 28 -8 -4
right_child=2 9 29 19 14 6 13 21 -10 -11 -12 -13 -14 -15 -16 -17 -18 20 -20 -21 -22 -23 -24 -25 -26 -27 -28 -29 -30 -31
leaf_value=0.02533382003824778 -0.015538010688288131 -0.040044976467336735 -0.038725582960936575 0.015079544924472063 -0.0065022327701738398 0.0013804097371880003 -0.005044650506352789 0.0073206799511675632 0.017116349488955789 0.0034195583465997958 -0.039571009647773638 0.017129607927096415 -0.0065841051147744155 0.0033305098909902501 0.023276162907594673 -0.018526888218259759 -0.021843886819882707 -0.011079843568243937 0.0052366095489182161 0.029524267366424942 -0.0044356092060166136 0.011685944221830936 0.0087968299161230046 -0.017249733894484157 0.01011463812958884 -0.019739941708050681 0.0034673869125899088 -0.014642488734576761 0.010258153725855005 -0.01725022077760599
leaf_weight=12389.854511424899 38114.175235778093 14371.690380483866 15706.42005187273 7155.6231614202261 78445.365764722228 126079.32802970707 37610.15418368578 110968.37168797851 5665.8995932489634 2358.1559806615114 2913.0426576733589 2858.1536050587893 23254.45709143579 51534.835477143526 2092.9957408308983 6825.6580897420645 12331.312343209982 61616.805806919932 168868.80184079707 14691.716304063797 33324.546597585082 78884.274234831333 5324.5162697285414 5934.7522692382336 4689.1583317816257 3466.9551668614149 15110.055446833372 8061.8563940525055 5187.5754924714565 2018.0901703387499
leaf_count=11447 122657 77495 87757 9690 189876 249300 89971 177566 7355 4409 15953 4091 54146 99638 2461 20529 43563 177062 296574 9410 83055 115193 9224 17392 8120 10199 29916 22594 8841 8196
internal_value=-7.6762e-05 0.00285098 -0.0132141 0.00365437 0.00303306 0.00409491 0.00369043 0.00519571 -0.0106003 -0.0339217 -0.0116414 -0.0110873 0.00284465 -0.00162985 -0.00572278 -0.00440223 -0.0116443 -0.0106959 0.00358843 0.0248113 -0.00874913 0.0091355 -0.00326903 -0.00407348 -0.00301418 -0.00390344 -0.00306544 -0.00500691 -0.00318585 -0.0363026
internal_weight=957855 783306 174548 766576 744729 664191 651801 508055 156824 16729.8 151158 148245 318203 143746 80538.4 92210.7 145387 133056 294948 21847.3 94941.4 189853 85385 80060.5 74125.8 69436.6 65969.6 50859.6 42797.7 17724.5
internal_count=2063680 1513991 549689 1432087 1412987 1220650 1209203 892779 453736 81904 446381 430428 600020 316424 192337 216786 426337 382774 545874 19100 260117 292759 196257 187033 169641 161521 151322 121406 98812 95953
is_linear=0
shrinkage=0.03


Tree=28
num_leaves=31
num_cat=0
split_feature=30 40 30 39 92 24 30 92 40 92 24 30 24 30 24 30 24 38 24 39 30 92 24 30 18 40 30 24 24 40
split_gain=35490.6 13600.7 12441.3 8096.22 6785.31 6010.93 7715.46 3893.8 3045.47 2429.38 2527.44 2527.24 2420.33 6472.57 2336.61 2214.96 7795.02 2146 1708.88 1150.11 1117.51 1085.75 1080 1436.3 1412.89 1058.17 1054.53 3096.7 1039.55 1018.66
threshold=11.500000000000002 180.50000000000003 61.500000000000007 189.50000000000003 1.9411687254905703 36.500000000000007 27.500000000000004 1.0588193535804751 180.50000000000003 2.5714037418365483 15.500000000000002 18.500000000000004 24.500000000000004 43.500000000000007 2.5000000000000004 107.50000000000001 58.500000000000007 134.50000000000003 10.500000000000002 114.50000000000001 92.500000000000014 1.3636317253112795 29.500000000000004 31.500000000000004 19.500000000000004 201.50000000000003 98.500000000000014 54.500000000000007 70.500000000000014 180.50000000000003
decision_type=2 10 2 10 2 2 2 2 10 2 2 2 2 2 2 2 2 10 2 10 2 2 2 2 2 10 2 2 2 8
left_child=4 2 3 5 8 6 9 15 14 10 11 18 29 22 -1 16 -4 19 -2 -16 -18 -7 23 -14 -25 -3 27 -9 -22 -8
right_child=1 25 7 -5 -6 21 12 26 -10 -11 -12 -13 13 -15 17 -17 20 -19 -20 -21 28 -23 -24 24 -26 -27 -28 -29 -30 -31
leaf_value=-0.040197374786073471 -0.0037963479230780518 0.015186549366268705 0.003143333342420937 0.026343992872259421 -0.035309311228955011 -0.015650950004283137 0.0048032637263303504 0.0092689385149656179 0.017557108206159879 -0.036043117762714509 -0.011950023359182146 0.00074535702379400505 -0.019397342447613517 0.0038559228443608936 -0.016912821170740111 0.0069833682607905604 -0.026405123267934431 0.014230867180153942 -0.013511401486831408 0.0073707878099732796 -0.0052972274723709807 -0.0017181586645742041 -0.0159601242485371 -0.0094741831155243632 0.0055919876309817665 0.028887302180680471 0.012425413221786053 -0.0066192036600768748 -0.029912124969507299 -0.0041527585196339707
leaf_weight=3397.0940850228071 39926.832234784961 7671.4551278054714 121136.20618207753 8896.6908168643713 19601.293483570218 34340.691386267543 142542.54389257729 82726.500646844506 2506.4245401322842 2440.7355341762304 47067.684439778328 58738.331631273031 6238.3441107571125 76646.368586361408 42308.298540920019 71278.385125502944 8302.6045555919409 2218.9178926348686 27539.046778962016 1820.595695361495 6709.9450779855251 5904.0271526426077 18254.811156690121 13392.559043675661 9602.6559196859598 15444.569160878658 53167.605081677437 12726.024771511555 1990.664905205369 12410.997828662395
leaf_count=18357 99168 10432 224817 7515 104763 101560 263519 129884 3186 11802 133894 123704 19669 142050 144785 115889 29953 3830 81817 3684 14791 14247 54543 32683 20014 10259 74834 32517 7459 27461
internal_value=1.22218e-05 0.00165851 0.00104923 -0.0019887 -0.0202619 -0.00249892 -0.00151526 0.00532502 -0.0146058 -0.00643938 -0.00601826 -0.00380448 0.00158517 -0.00153604 -0.0162327 0.00268903 0.000472509 -0.0144597 -0.00776479 -0.0159081 -0.0185366 -0.0136088 -0.0102367 -0.00665418 -0.00318325 0.0243575 0.00903849 0.00714974 -0.0109847 0.00408549
internal_weight=956949 885096 861980 503942 71852.6 495046 454801 358038 52251.3 175713 173272 126204 279088 124135 49744.9 209418 138139 46347.8 67465.9 44128.9 17003.2 40244.7 47488.4 29233.6 22995.2 23116 148620 95452.5 8700.61 154954
internal_count=2063086 1784481 1763790 1133646 278605 1126131 1010324 630144 173842 450385 438583 304689 559939 268959 170656 392909 277020 152299 180985 148469 52203 115807 126909 72366 52697 20691 237235 162401 22250 290980
is_linear=0
shrinkage=0.03


Tree=29
num_leaves=31
num_cat=0
split_feature=87 97 40 40 97 92 18 40 92 97 87 39 34 39 87 34 24 92 97 87 97 92 87 61 39 39 24 87 92 24
split_gain=37928.5 29737.9 8589.03 8098.18 6777.79 6652.06 3745.93 3655.63 3478.82 3399.12 2516.54 2413.12 2892.86 2366.31 2183.84 1962.53 1940.83 1607.96 1431.81 1399.21 1287.73 1976.96 1981.19 1245.91 1184.29 1065.64 1118.59 1074.09 3087.14 1009.16
threshold=1.7999919056892397 1.4347742199897768 201.50000000000003 134.50000000000003 2.9998425245285039 0.81080934405326854 10.500000000000002 201.50000000000003 1.1371448040008547 1.8888836503028872 0.91547426581382763 189.50000000000003 6.5000000000000009 167.50000000000003 1.9999839067459109 1.5000000000000002 7.5000000000000009 0.9999932348728181 1.0666649341583254 0.76190313696861278 1.1999675631523135 1.071426570415497 0.90097919106483471 18.979244232177738 121.50000000000001 189.50000000000003 5.5000000000000009 1.1087425947189333 1.3636317253112795 4.5000000000000009
decision_type=2 2 10 10 2 2 2 8 2 2 2 10 2 10 2 2 2 2 2 2 2 2 2 2 10 10 2 2 2 2
left_child=1 2 5 4 8 13 -2 11 10 25 17 12 29 15 -8 -1 -11 24 -17 -20 -14 22 -22 -12 -3 26 -10 -28 -29 -7
right_child=6 3 -4 -5 -6 7 14 -9 9 16 23 -13 20 -15 -16 18 -18 -19 19 -21 21 -23 -24 -25 -26 -27 27 28 -30 -31
leaf_value=-0.0071407886112289098 -0.039079105388651864 -0.011372825384696399 0.028306244187006752 0.019023245122432229 -0.038974965463129015 -0.012842061002822267 0.0022628505784492367 -0.0049180495700797255 -0.020830476311330771 -0.026758563757634708 -0.01270893781578419 0.026407319075322833 0.0088650834265711024 0.01923035897892288 -0.043762365374737891 0.0019983534105674347 -0.0084465610404184949 0.0020372004825037395 -0.00095340930585942872 -0.013471174203429146 0.0088266965041247005 0.008413455347031985 -0.0072503146498010852 -0.023625681852796773 0.017503583926568912 0.029074876249724647 0.0061151230806204444 -0.013918500665856209 0.0028823343930592027 0.0030599476336417623
leaf_weight=44193.834154158831 23609.287382051349 57006.981595829129 13033.595163360238 9529.8449629098177 6650.1457410603762 3659.0428231656551 3519.5294419229031 28088.324614867568 2391.2849004268646 5877.7902196198702 18115.717449083924 5254.3882956057787 223321.67878313363 5002.8070530742407 1239.1429672688246 99944.392499431968 45079.651312693954 10469.887210845947 25560.253575176001 11704.512693181634 10618.189249321818 42935.361036702991 19605.988506272435 19781.012111321092 1290.4432383179665 1074.2792385816574 18298.472839012742 14457.166949987411 30735.92706091702 152257.70449015498
leaf_count=107009 134637 169615 8537 11567 37305 10476 7783 64295 8891 24579 56103 4321 346669 5747 6405 191445 126685 24096 54120 29706 18452 68978 45042 68545 1881 793 36876 39736 64721 287087
internal_value=-3.02205e-05 0.00101696 0.0042039 -0.0080524 -0.00916984 0.0037357 -0.0341872 0.00558446 -0.00828387 -0.00473142 -0.0122094 0.00622924 0.00599372 -0.00108192 -0.00985496 -0.00164416 -0.0105685 -0.00878433 0.000127034 -0.00489024 0.00773336 0.00427727 -0.00160013 -0.0184166 -0.0107278 -0.000287323 -0.000774778 -1.3098e-05 -0.00249599 0.00268516
internal_weight=954307 925939 685180 240759 231229 672146 28368 485741 224579 117915 106664 457652 452398 186406 4758.67 181403 50957.4 68767.3 137209 37264.8 296481 73159.5 30224.2 37896.7 58297.4 66957.1 65882.9 63491.6 45193.1 155917
internal_count=2062102 1913277 1241884 671393 659826 1233347 148825 845320 622521 302281 320240 781025 776704 388027 14188 382280 151264 195592 275271 83826 479141 132472 63494 124648 171496 151017 150224 141333 104457 297563
is_linear=0
shrinkage=0.03


Tree=30
num_leaves=31
num_cat=0
split_feature=97 39 97 40 40 92 97 40 88 39 38 88 40 97 39 6 39 31 92 92 0 31 40 51 97 88 39 92 92 32
split_gain=33231.1 11139.2 10887 8212.89 5291.16 4543.98 5842.1 4508.27 3816.23 2466.08 2130.96 1944.62 1883.37 1668.07 1584.95 1668.78 1531.32 1339.94 1318.56 1686.22 1909.99 1306.36 1280.33 1244.57 1140.19 1071.71 1010 967.718 955.346 923.771
threshold=1.6249949336051943 inf 2.833312034606934 180.50000000000003 180.50000000000003 1.012742340564728 1.1351310014724734 180.50000000000003 1.9955539107322695 189.50000000000003 174.50000000000003 1.9955539107322695 201.50000000000003 1.3770461678504946 189.50000000000003 5.5000000000000009 139.50000000000003 11.500000000000002 2.5714037418365483 1.3043456673622134 1.5000000000000002 1.0000000180025095e-35 114.50000000000001 15.303615570068361 1.3269196152687075 1.9955539107322695 151.50000000000003 1.9411687254905703 1.2314536571502688 54.500000000000007
decision_type=2 8 2 10 8 2 2 10 2 10 10 2 10 2 10 2 10 2 2 2 2 2 10 2 2 2 10 2 2 2
left_child=1 3 7 4 5 6 14 9 10 18 12 13 29 17 15 -1 22 21 19 23 -21 -7 24 -2 -8 26 -6 -13 -15 -3
right_child=2 8 -4 -5 25 11 16 -9 -10 -11 -12 27 -14 28 -16 -17 -18 -19 -20 20 -22 -23 -24 -25 -26 -27 -28 -29 -30 -31
leaf_value=0.0020572817789376845 -0.010361418616181185 -0.0092305530608125397 -0.034778091945939331 0.023579513718022041 -0.0070052567607799127 0.023659340586831487 -0.002988128269287277 0.023330078018015624 -0.023966341888055274 0.027395980775516308 0.023184289221197633 -0.001211604562045302 0.02384026416149616 -0.0022849374351966286 0.024181741758741309 0.0075078008105499564 0.019540661851126313 0.010772604438758602 -0.033665289447483086 -0.01448840430451493 -0.0027853626819896275 0.0058044207388341512 0.01180374351784841 -0.017915075563938832 -0.0098599131257486733 -0.024550971116343266 0.012930896419988949 -0.024009325395693726 0.0059374781451445816 -0.0025237658469819319
leaf_weight=150291.09327581525 60040.302641347051 45485.960641756654 16835.319734349847 18673.772861480713 35244.04374293983 3770.5903944820166 49687.942189440131 3680.4423781037331 10727.157907277346 1536.6718973517418 2335.5799712538719 6009.9120861887932 1866.7558146566153 23309.399959996343 3499.4559887349606 76179.51378044486 2276.5776307880878 102324.70579192042 2177.3526092469692 17964.738878428936 41584.81219740212 139681.99061840773 3775.1098501235247 29271.375062152743 38638.548743754625 2912.9871698617935 2427.583917081356 2304.9026713371277 27945.66228890419 31158.897379800677
leaf_count=290238 179766 121448 95805 17063 84295 3595 106340 3444 47464 1268 2732 15049 1554 53171 3139 122683 2812 148878 10911 57756 105099 239108 6443 95326 103298 12712 3610 9505 50880 67233
internal_value=2.21028e-05 0.0026594 -0.0118693 0.00396605 0.00341894 0.00409567 0.00162284 -0.00939697 -0.00716977 -0.0101894 -0.00493575 0.00672209 -0.00577796 0.00712275 0.00420205 0.00389121 -0.00466143 0.00814936 -0.0105753 -0.0102331 -0.00631958 0.00627696 -0.00526377 -0.0128405 -0.00599575 -0.00707781 -0.00571438 -0.00757368 0.00219872 -0.00650537
internal_weight=953619 780528 173091 688954 670280 629695 324348 156256 91574.4 152575 80847.2 305347 78511.6 297032 229970 226471 94378.2 245777 151039 148861 59549.6 143453 92101.6 89311.7 88326.5 40584.6 37671.6 8314.81 51255.1 76644.9
internal_count=2062625 1513250 549375 1272819 1255756 1155139 634953 453570 240431 450126 192967 520186 190235 495632 416060 412921 218893 391581 448858 437947 162855 242703 216081 275092 209638 100617 87905 24554 104051 188681
is_linear=0
shrinkage=0.03


Tree=31
num_leaves=31
num_cat=0
split_feature=97 30 97 40 18 92 40 40 97 39 97 39 95 92 92 39 30 92 30 18 40 31 39 95 12 51 30 97 40 92
split_gain=32137.2 11419.3 10742.2 6939.86 5650.24 5425.04 4550.3 3910.38 2943.11 2735.45 2728.48 2351.24 2337.55 2321.12 2309.91 1796.24 1763.9 2125.12 1880.46 1428.22 1187.98 1128.9 1093.48 1295.8 1061.21 1028.31 1025.54 1607.12 963.883 836.604
threshold=1.6249949336051943 18.500000000000004 2.833312034606934 180.50000000000003 1.5000000000000002 0.88684234023094188 134.50000000000003 201.50000000000003 1.1194007396698 189.50000000000003 1.3269196152687075 189.50000000000003 -0.70232173800468434 1.9411687254905703 1.1538428664207461 189.50000000000003 9.5000000000000018 1.3636317253112795 25.500000000000004 4.5000000000000009 120.50000000000001 5.5000000000000009 189.50000000000003 -0.84404051303863514 21.500000000000004 18.610900878906254 18.500000000000004 2.9999362230300908 120.50000000000001 2.2499620914459233
decision_type=2 2 2 10 2 2 10 10 2 10 2 10 2 2 2 10 2 2 2 2 10 2 10 2 2 2 2 2 10 2
left_child=1 4 6 5 -1 8 11 9 22 13 12 16 -7 20 24 21 -2 25 -19 -15 -6 -14 23 -3 -12 -18 -4 -28 -10 -21
right_child=2 3 26 -5 7 10 -8 -9 28 -11 14 -13 15 19 -16 -17 17 18 -20 29 -22 -23 -24 -25 -26 -27 27 -29 -30 -31
leaf_value=-0.03798792507225391 -0.019766106867509358 0.0042122639792680364 -0.037837854229156746 0.023069302504605409 -0.0081374514581014634 0.0094522124839143407 0.016921312444919061 0.024887794301602789 -0.0065617211499846102 0.021356268862783634 -0.0023001512771284845 0.027429879119055131 0.0020226205329323659 -0.040085709733592947 0.0050574745205257043 0.025679535074241863 -0.0099861841519328174 -0.010302756907456335 0.0019147944942322929 0.0027962789706644092 0.0043723047269647475 0.0064127872566420814 0.022958061928600844 -0.0011795428588756854 -0.014995956195909847 -0.017070969669263868 0.010091699479520707 -0.038349558693531023 0.013653720016693583 -0.031795425206761062
leaf_weight=5182.9823178648949 16746.599325582385 79888.65212367475 13997.432977378368 16631.717338591814 60213.044166430831 146602.07112441957 5754.7549991905689 3568.8188323229551 60592.330729186535 2894.9259124696255 34477.174730196595 1459.4777686595917 107335.87487325072 3145.4652013033628 50554.551134765148 3537.1278087645769 59590.206014692783 22543.195467084646 22779.431600376964 1674.0986686646938 7693.5629003793001 103623.46238951385 2147.4630590677261 80542.461428970098 7137.9622415602207 26799.173958361149 1107.0853736847639 1351.8211394101381 2181.5988509356976 985.41778104007244
leaf_count=31241 64087 143854 85074 14862 163433 224454 7342 2996 145827 3014 79533 1177 204440 17896 92785 2960 176511 66060 51565 3937 15847 169475 1960 165909 20871 86572 2968 7661 3533 4076
internal_value=7.62683e-05 0.00266364 -0.0116565 0.00393505 -0.0076907 0.00346544 -0.00921704 -0.00572313 -0.000338688 -0.0071553 0.00535669 -0.0102225 0.00653257 -0.00828055 0.000749436 0.00453638 -0.0105963 -0.00942758 -0.004164 -0.0264585 -0.00671927 0.00417948 0.00179171 0.00150556 -0.00448393 -0.0121874 -0.0346936 -0.0166342 -0.00585504 -0.0101625
internal_weight=952740 780611 172129 695252 85358.3 678621 155673 80175.3 225353 76606.5 453268 149918 361099 73711.6 92169.7 214496 148459 131712 45322.6 5804.98 67906.6 210959 162579 160431 41615.1 86389.4 16456.3 2458.91 62773.9 2659.52
internal_count=2061920 1512903 549017 1270463 242440 1255601 453314 211199 461083 208203 794518 445972 601329 205189 193189 376875 444795 380708 117625 25909 179280 373915 311723 309763 100404 263083 95703 10629 149360 8013
is_linear=0
shrinkage=0.03


Tree=32
num_leaves=31
num_cat=0
split_feature=87 100 39 98 30 18 92 92 38 87 30 24 24 89 30 24 30 24 39 98 30 24 92 30 24 24 30 24 30 24
split_gain=34677 12962.2 10482 7598.41 4358.97 3553.33 3498.98 2903.93 2110.21 1988.96 1898.81 1709.94 1488.86 1451.59 1309.97 1863.98 1062.47 1298.82 896.902 809.875 786.812 1588.1 931.36 772.711 1819.23 742.037 859.609 1514.48 880.557 1075.88
threshold=1.7999919056892397 -0.73020118474960316 167.50000000000003 2.9995950460433964 18.500000000000004 10.500000000000002 1.1052591800689699 0.96428340673446666 174.50000000000003 1.9999839067459109 71.500000000000014 2.5000000000000004 44.500000000000007 -0.94261199235916127 49.500000000000007 31.500000000000004 33.500000000000007 19.500000000000004 189.50000000000003 1.5833273530006411 9.5000000000000018 10.500000000000002 1.7999940514564516 98.500000000000014 56.500000000000007 17.500000000000004 95.500000000000014 56.500000000000007 41.500000000000007 35.500000000000007
decision_type=2 2 10 2 2 2 2 2 10 2 2 2 2 2 2 2 2 2 10 2 2 2 2 2 2 2 2 2 2 2
left_child=1 7 3 4 8 -2 13 -1 11 -7 12 -3 14 25 15 16 17 -8 -4 -15 22 -22 -13 24 -9 -6 27 28 -27 -30
right_child=5 2 18 -5 6 9 10 23 -10 -11 -12 20 -14 19 -16 -17 -18 -19 -20 -21 21 -23 -24 -25 -26 26 -28 -29 29 -31
leaf_value=0.0025611646271248806 -0.038368630558149576 -0.04166846211258942 0.010934163392747444 -0.027346871078829653 0.0061675466029287558 0.0020026112529857756 0.0018479864065573664 0.0071364192424217474 0.024854047293296631 -0.042789572513009827 0.0081331699492729181 -0.010373448212236562 -0.01087402930816238 -0.003882408609371466 0.0066409525878966718 -0.011271783269717226 0.0053004386951876958 -0.0076534743321814971 0.025072465941740056 -0.009307618493436769 -0.0027208099392722154 -0.011578750686471002 -0.029666775584023735 0.010616515128404433 -0.016529296883273575 -0.0065225774972328971 0.0060273721319092748 -0.019246740402665465 0.0067243704227077164 -0.0032441608238188749
leaf_weight=170943.39183840156 22438.215653866529 1332.8914993554354 6083.1704786121845 10941.432971328497 13818.787420377135 3468.6138354688883 40319.833632335067 125503.27369962633 1754.6039333939552 1180.41175994277 39306.072706341743 22683.485901534557 9312.9799786508083 112971.26885123551 33874.40039101243 11970.93374080956 36500.682195156813 19049.73871858418 12286.709574714303 31724.145697951317 46589.38854841888 29909.009305626154 2489.8533209264278 64350.005449086428 2974.7456905245781 20416.233429566026 11880.777636036277 4626.6859615594149 17397.524460226297 22099.129663392901
leaf_count=321527 134513 6799 9293 54968 26244 7739 82796 208587 2072 6384 64248 69312 26663 249195 58376 33682 66478 50449 10262 89274 113612 86695 10429 92520 8318 52708 20787 15886 31220 51212
internal_value=1.83549e-05 0.00100041 -0.00186646 -0.00262356 -0.00211218 -0.0334254 -0.000761745 0.00540842 -0.00759306 -0.00950493 0.00226138 -0.00815049 0.000732335 -0.00321094 0.00149649 -0.000120394 0.0012741 -0.00120227 0.0204076 -0.005073 -0.00770297 -0.00618617 -0.0123038 0.007932 0.00658598 -0.00022474 -0.00138194 -0.00274733 -0.00146719 0.00114797
internal_weight=950198 923111 559340 540970 530028 27087.2 425269 363771 104759 4649.03 190335 103005 151029 234935 141716 107841 95870.3 59369.6 18369.9 144695 101672 76498.4 25173.3 192828 128478 90239.1 76420.4 64539.6 59912.9 39496.7
internal_count=2062248 1913612 1282660 1263105 1208137 148636 919218 630952 288919 14123 382692 286847 318444 536526 291781 233405 199723 133245 19555 338469 280048 200307 79741 309425 216905 198057 171813 151026 135140 82432
is_linear=0
shrinkage=0.03


Tree=33
num_leaves=31
num_cat=0
split_feature=97 97 39 40 40 0 39 39 88 33 92 40 97 92 97 38 38 12 40 40 88 98 32 34 95 95 61 39 88 6
split_gain=28700.5 11777.3 8159.09 6218.32 5806.31 4608.99 3324.85 3083.82 2493.72 2356.33 3307.92 2076.89 1757.15 1637.93 2340.07 1628.2 1497.02 1463.57 1453.09 980.851 963.676 935.804 1138.37 869.169 840.253 828.376 804.669 782.168 763.879 698.962
threshold=1.4347742199897768 2.833312034606934 inf 134.50000000000003 201.50000000000003 2.5000000000000004 139.50000000000003 189.50000000000003 1.9955539107322695 5.5000000000000009 1.1052591800689699 201.50000000000003 1.7499803304672243 1.0588193535804751 1.2105234861373904 174.50000000000003 174.50000000000003 8.5000000000000018 201.50000000000003 201.50000000000003 1.9955539107322695 1.4157282114028933 327.50000000000006 5.5000000000000009 -0.75259393453598011 -0.70232173800468434 11.963721275329592 189.50000000000003 1.9955539107322695 2.5000000000000004
decision_type=2 2 8 10 10 2 10 10 2 2 2 8 2 2 2 10 10 2 10 10 2 2 2 2 2 2 2 10 2 2
left_child=2 3 4 6 5 7 9 11 15 16 17 23 -12 14 25 18 20 -11 29 -5 -2 22 -16 -1 -15 -7 -19 -26 -13 -4
right_child=1 -3 8 19 -6 13 -8 -9 -10 10 12 28 -14 24 21 -17 -18 26 -20 -21 -22 -23 -24 -25 27 -27 -28 -29 -30 -31
leaf_value=-0.00049778686157467169 -0.013264312911594377 -0.033799239974773042 -0.0081738612230481261 0.0081310330376671101 0.026111401943319332 0.0075426628507415504 0.017967785095114222 0.020535536918971007 -0.021320868476583991 -0.0068211482895858015 0.0011562659343666811 -0.0057552877678788633 -0.0070497759486382421 0.011430264442367492 -0.003458210526357391 0.021661622443003136 0.030186046198197047 -0.0068290127826382933 0.023089520011640829 0.027404118718139792 -0.026611091657313235 0.0034491521072690596 -0.020999857193652448 0.0029760201754849215 0.0065215798521493507 0.0023502738443170993 -0.017443786057055009 0.029434342540466608 -0.024170847092055664 -0.0016615648457855997
leaf_weight=115754.45567591488 48246.469040185213 15876.156119734049 40859.3925267905 5639.8454986363649 10643.044122576714 86671.04319049418 4291.2973780930042 7158.4206661432981 8699.7265567183495 31838.001398816705 44693.524485573173 25047.527895539999 49457.58757430315 56656.05012114346 13176.616691797972 2091.310860529542 661.54585598409176 8010.1789769530296 1585.6632923781872 4119.3402101546526 5424.7170029878616 10381.547682076693 4440.3291014432907 147296.828398332 97014.82411454618 40639.953594207764 33266.347889572382 1341.4933329671621 2189.2356913983822 23299.260825395584
leaf_count=244648 151498 95813 106098 9667 7678 137784 5527 7331 38742 89482 96226 59124 138669 80897 29214 2416 1004 23240 1327 2990 26584 20444 12466 272897 157818 73186 109223 946 10083 48594
internal_value=-0.000121596 -0.00880474 0.00302129 -0.00711808 0.00416488 0.00377971 -0.00813141 0.00111115 -0.00621763 -0.00863841 -0.00687382 0.000630768 -0.00315495 0.00633732 0.00415901 -0.00427497 -0.0140662 -0.0116605 -0.00510634 0.0163056 -0.0146227 -0.00369136 -0.00789836 0.00144747 0.00851898 0.00588579 -0.0153882 0.00684001 -0.00725214 -0.00581017
internal_weight=946472 251525 694947 235649 618411 607768 225890 297446 76535.4 221598 167266 290288 94151.1 310322 155309 67835.6 54332.7 73114.5 65744.3 9759.19 53671.2 27998.5 17616.9 263051 155012 127311 41276.5 98356.3 27236.8 64158.7
internal_count=2061616 749923 1311693 654110 1114516 1106838 641453 594083 197177 635926 456840 586752 234895 512755 273094 158435 179086 221945 156019 12657 178082 62124 41680 517545 239661 210970 132463 158764 69207 154692
is_linear=0
shrinkage=0.03


Tree=34
num_leaves=31
num_cat=0
split_feature=87 97 40 40 97 92 18 39 92 30 24 87 92 39 34 39 87 34 24 24 97 40 51 92 24 92 97 87 97 87
split_gain=32326.3 22260.3 7052.58 6809.52 6176.87 5029.52 3777.68 3477.12 3248.96 3938.78 2557.17 2462.73 2431.69 2304.55 2331.48 2048.9 1997.19 1932.47 1778.33 1747.36 1614.4 1199.09 1066.82 1048.02 1194.37 993.535 1635.95 1115.19 932.745 1047.81
threshold=1.7999919056892397 1.4058226346969607 134.50000000000003 201.50000000000003 2.9998425245285039 0.85713458061218273 10.500000000000002 151.50000000000003 1.2314536571502688 21.500000000000004 4.5000000000000009 0.99999123811721813 0.9999774992465974 189.50000000000003 6.5000000000000009 151.50000000000003 1.9999839067459109 4.5000000000000009 46.500000000000007 5.5000000000000009 1.7499803304672243 114.50000000000001 13.799578666687013 1.9411687254905703 2.5000000000000004 1.0909023880958559 1.1739092469215395 0.99999827146530162 1.0666649341583254 0.85713735222816478
decision_type=2 2 10 10 2 2 2 10 2 2 2 2 2 10 2 10 2 2 2 2 2 10 2 2 2 2 2 2 2 2
left_child=1 3 4 5 7 15 -2 8 11 19 23 12 18 14 -12 17 -8 21 -3 -10 -14 -1 -16 24 -7 26 -24 -28 -19 -30
right_child=6 2 -4 -5 -6 10 16 -9 9 -11 13 -13 20 -15 22 -17 -18 28 -20 -21 -22 -23 25 -25 -26 -27 27 -29 29 -31
leaf_value=-0.0054824160042300099 -0.037931368433593911 -0.0086461905690872597 0.017869014931914892 0.026168507776377165 -0.037526930748676302 -0.042952919750178488 0.0031242415564789621 0.020936422904230773 -0.029264658242121308 0.0013195331174057135 0.0023527128496467218 -0.01660132009738019 0.0069113800812152289 0.025743387739028723 0.0095676793428195999 0.015126834491540064 -0.042233041138397841 0.0032349830043190806 -0.02173542331376346 -0.0087261400868304442 -0.0071904918179796851 0.0059110276231490455 0.0056231509583341433 -0.047859964129072188 -0.0035240797668399642 0.0079381675400783062 0.00083982835059776722 -0.013923421330019167 -0.00022402592972195745 -0.014448732380927937
leaf_weight=77700.312097474933 21688.892043963075 55708.743855133653 10206.504419863224 12110.596810013056 6019.4478838741779 790.05473434925079 3517.9473705142736 3980.3028920143843 4236.8456840068102 63528.331196159124 152076.74070233107 39401.707719445229 13923.823435619473 5022.9836258739233 94261.583107039332 7446.4415212124586 1141.3604021519423 86594.951279476285 11222.839485034347 30387.68114759028 15329.065977334976 9292.8323499560356 75011.647213980556 698.25035923719406 4754.0118834674358 88596.119422525167 14717.585509493947 6680.5594172477722 25780.158680677414 5669.1825528591871
leaf_count=182079 134518 163192 12477 8388 37227 3837 7738 4360 20272 140172 290741 124835 28746 3973 145241 9937 6358 158776 39570 88478 44842 17435 122698 3005 11650 137568 28924 16467 53089 14497
internal_value=8.16974e-05 0.0010192 -0.00653976 0.00389633 -0.00756326 0.0034838 -0.0326697 -0.00680143 -0.00727553 -0.00311759 0.00530505 -0.0102846 -0.00769409 0.00557799 0.00534199 -0.000310049 -0.00811966 -0.000872098 -0.0108468 -0.0112548 -0.000478131 -0.00426426 0.00696953 -0.0137319 -0.00927707 0.00564486 0.00353622 -0.003778 0.00162807 -0.00279578
internal_weight=947498 921149 253945 667204 243739 655093 26348.2 237719 233739 98152.9 442610 135586 96184.5 436367 431344 212484 4659.31 205037 66931.6 34624.5 29252.9 86993.1 279267 6242.32 5544.07 185006 96409.8 21398.1 118044 31449.3
internal_count=2061090 1912476 704171 1208305 691694 1199917 148614 654467 650107 248922 764104 401185 276350 745612 741639 435813 14096 425876 202762 108750 73588 199514 450898 18492 15487 305657 168089 45391 226362 67586
is_linear=0
shrinkage=0.03


Tree=35
num_leaves=31
num_cat=0
split_feature=87 40 30 100 98 18 38 0 87 30 24 30 24 30 24 24 40 40 40 24 30 30 24 24 30 32 24 30 98 18
split_gain=31222.5 11835 12664.1 6002.84 3823.04 3404.82 2082.14 1906.05 1787.79 1618.35 4128.62 2452.16 4491.63 1631.38 3398.32 1578.06 1131.98 1082.92 1034.95 847.278 1874.44 797.394 1417.33 795.604 1760.77 776.759 818.909 1274.39 775.068 772.828
threshold=1.7999919056892397 180.50000000000003 18.500000000000004 -0.73020118474960316 2.9995950460433964 10.500000000000002 174.50000000000003 4.5000000000000009 1.9999839067459109 85.500000000000014 48.500000000000007 55.500000000000007 31.500000000000004 33.500000000000007 17.500000000000004 2.5000000000000004 201.50000000000003 180.50000000000003 127.50000000000001 10.500000000000002 11.500000000000002 45.500000000000007 40.500000000000007 76.500000000000014 121.50000000000001 105.50000000000001 23.500000000000004 25.500000000000004 1.4157282114028933 29.500000000000004
decision_type=2 10 2 2 2 2 10 2 2 2 2 2 2 2 2 2 10 8 10 2 2 2 2 2 2 2 2 2 2 2
left_child=1 2 4 7 6 -2 15 17 -7 10 11 12 13 14 -5 -1 -3 -4 19 20 -17 29 -23 -11 -25 26 27 -16 -13 -14
right_child=5 16 3 9 -6 8 -8 -9 -10 23 -12 28 21 -15 25 18 -18 -19 -20 -21 -22 22 -24 24 -26 -27 -28 -29 -30 -31
leaf_value=-0.040367856944311629 -0.037640358579941434 0.012388708880662316 0.0036982391922292992 0.0018744559709891219 -0.028033939056423089 0.0016096111612981254 0.020286311170711589 0.0082075483819237186 -0.041799785346364755 0.0049075833262058497 -0.012493246893025287 0.0021817547937091502 -0.019306818709007315 0.0028939037934488576 -0.01305898206578995 -0.01104715847817357 0.026230668149153192 -0.0059438820716415488 0.004193008171552136 -0.012378685084918562 -0.0013029345016049539 -0.0022257844396238384 -0.018339491778813992 -0.027280059849852722 0.0042481060094497194 0.0022515716528476305 -0.015272557409095517 -0.0016405253911521505 0.0087159180357505982 -0.0045736945971594596
leaf_weight=1307.878538787365 21199.163353011012 8034.5101837962866 236453.5888210535 73975.703354611993 8553.2536208331585 3467.1176959276199 2400.8484014868736 98396.15004645288 1112.2727669626474 57712.568919956684 27934.205910593271 50155.541477113962 13522.649176567793 91290.551933139563 15858.54536947608 37195.813554957509 16056.045020595193 10951.958738818765 6450.2534708976746 30434.512768149376 34009.890460804105 15563.584454551339 7163.2633748948574 2288.4536570161581 5139.0309420377016 6005.3264220058918 14129.99621899426 19739.377818703651 24226.022545546293 4217.0608617067337
leaf_count=6936 134462 11162 426274 151631 46141 7777 2907 153232 6311 101148 84294 92414 43813 175778 48304 116423 11246 24580 13051 90418 79520 35675 23405 8656 8703 14666 44017 45113 42418 12110
internal_value=-2.62825e-05 0.000887281 0.000328575 0.00173511 -0.00872426 -0.032576 -0.00724221 0.00467604 -0.00906987 -0.000636003 -0.00141582 -0.000493761 -0.00186104 -0.00017812 -0.00234036 -0.00784995 0.0216283 0.00327096 -0.00744909 -0.0081886 -0.00639471 -0.0110473 -0.00731631 0.00371806 -0.00551309 -0.00793341 -0.0091638 -0.00673182 0.0043117 -0.0158136
internal_weight=944945 919167 895076 774724 120352 25778.6 111799 345802 4579.39 428922 363782 335848 261466 221000 129709 109398 24090.6 247406 108090 101640 71205.7 40466.6 22726.8 65140.1 7427.48 55733.2 49727.9 35597.9 74381.6 17739.7
internal_count=2062585 1914035 1891627 1536231 355396 148550 309255 604086 14088 932145 813638 729344 594512 479509 303731 306348 22408 450854 299412 286361 195943 115003 59080 118507 17359 152100 137434 93417 134832 55923
is_linear=0
shrinkage=0.03


Tree=36
num_leaves=31
num_cat=0
split_feature=97 30 97 40 92 97 18 40 89 39 92 40 100 39 39 30 97 39 39 40 31 97 30 92 30 56 92 90 95 38
split_gain=24974.1 9141.12 8777.43 6949.05 4575.55 3788.32 3569.66 2751.06 2582.33 2776.62 2443.42 2018.81 1924.81 1501.14 1355.56 1213.05 1753.75 1135.36 1111.99 1127.16 1106.55 1094.85 1093.89 1291.27 1451.3 1246.55 950.049 945.388 880.793 834.483
threshold=1.6666417121887209 13.500000000000002 2.833312034606934 180.50000000000003 0.96428340673446666 1.1194007396698 1.5000000000000002 134.50000000000003 -0.38841819763183588 189.50000000000003 1.9411687254905703 180.50000000000003 -0.75287973880767811 189.50000000000003 inf 18.500000000000004 2.9999362230300908 139.50000000000003 139.50000000000003 134.50000000000003 1.0000000180025095e-35 1.3770461678504946 9.5000000000000018 1.3999965190887453 25.500000000000004 19.102125167846683 1.1538428664207461 -0.68304583430290211 -1.0397207736968992 174.50000000000003
decision_type=2 2 2 10 2 2 2 10 2 10 2 10 2 10 8 2 2 10 10 10 2 2 2 2 2 2 2 2 2 10
left_child=1 6 7 4 5 14 -1 13 21 12 11 17 -10 22 20 -4 -17 29 19 27 -3 -6 -2 25 -25 -24 -23 -7 -22 -8
right_child=2 3 15 -5 8 18 10 -9 9 -11 -12 -13 -14 -15 -16 16 -18 -19 -20 -21 28 26 23 24 -26 -27 -28 -29 -30 -31
leaf_value=-0.036604336220339644 -0.017433792853759535 0.019233485242898876 -0.036593818994801415 0.021001362316429014 0.0084171254159375927 -0.0029034203204310982 -0.0097953750501655178 0.013623821009123314 0.0052449623831147011 0.025069048235961428 -0.030523238830176918 0.019662908948457559 -0.00040627551014863552 0.02383247927101682 -0.0053260848294099722 0.014514897548925387 -0.037121917495724459 0.011412131698677956 0.017070347849046711 0.015621969888101576 0.0047419333253407008 -0.0032163978204759057 -0.0077020541411135512 -0.0098851409676385324 0.001788636868004456 -0.015201076012063405 0.0069976101707974201 -0.0089067649125461317 0.00065483217573676601 0.021120810085575686
leaf_weight=4321.1791506707668 15066.206835106015 3570.413492128253 12596.587154895067 18623.404962688684 143723.05938187242 44844.350110590458 33139.573339104652 4769.1113810241222 93447.705593258142 4762.3875541687012 3936.6355647742748 2600.9254614710808 129247.0851867497 1185.5839821398258 20761.184806972742 1100.3773080259562 1240.6966042220592 2608.13397154212 1972.9521603882313 2188.2045047879219 83647.062813535333 15003.739141121507 45516.239756941795 20069.327147781849 18319.8392149508 35621.941351518035 18019.08970579505 49900.493606328964 109663.22103124857 786.63226419687271
leaf_count=29098 59712 3800 85113 17603 222899 103119 99793 6500 159706 3920 20978 2750 264954 1053 48803 2899 7636 4146 2554 3334 147398 36965 134811 60195 42111 115550 32520 126834 214090 985
internal_value=-7.21207e-05 0.00209917 -0.0110578 0.00291796 0.00245014 -0.000250915 -0.0106705 -0.00873122 0.00456535 0.00245126 -0.00805292 -0.00577818 0.00196537 -0.00951831 0.00196149 -0.032908 -0.0129337 -0.00759913 -0.00511871 -0.00557377 0.00273043 0.00728541 -0.00981558 -0.00885257 -0.00431622 -0.0109973 0.00235779 -0.00606649 0.00242366 -0.00906651
internal_weight=942253 786767 155486 739374 720751 316548 47393.1 140548 404203 227457 43071.9 39135.3 222695 135779 217642 14937.7 2341.07 36534.3 98906 96933 196881 176746 134594 119527 38389.2 81138.2 33022.8 94744.8 193310 33926.2
internal_count=2061829 1546249 515580 1388499 1370896 649932 157750 419932 720964 428580 128652 107674 424660 413432 414091 95648 10535 104924 235841 233287 365288 292384 412379 352667 102306 250361 69485 229953 361488 100778
is_linear=0
shrinkage=0.03


Tree=37
num_leaves=31
num_cat=0
split_feature=87 97 40 97 92 97 24 40 18 87 24 92 39 31 87 39 87 92 87 39 97 97 34 92 87 92 51 87 87 97
split_gain=29226.9 19852.5 7581.5 5327.32 4922.31 4243.58 4068.37 3705.83 3468.24 2591.46 2042.67 2338.91 1899.11 1991.8 1764.5 1592.99 1450.46 1627.6 1451.25 1376.4 1292.28 1281.35 1179.05 1139.7 1439.09 1102.88 976.608 903.951 836.217 835.98
threshold=1.7999919056892397 1.5882226824760439 201.50000000000003 2.9998425245285039 0.99999737739562999 1.1194007396698 3.5000000000000004 180.50000000000003 10.500000000000002 0.99999123811721813 5.5000000000000009 1.3636317253112795 189.50000000000003 5.5000000000000009 1.9999839067459109 inf 0.99999713897705089 1.0909023880958559 0.88888442516326915 189.50000000000003 2.142847061157227 2.0720701217651372 17.500000000000004 0.88684234023094188 0.85713735222816478 0.74999296665191661 13.799578666687013 0.90097919106483471 0.70588049292564403 1.3269196152687075
decision_type=2 2 10 2 2 2 2 10 2 2 2 2 10 2 2 8 2 2 2 10 2 2 2 2 2 2 2 2 2 2
left_child=1 2 4 7 5 15 -6 10 -2 23 -3 16 13 -8 -10 19 17 18 -12 22 -13 -19 -1 24 25 28 -15 -25 -7 -28
right_child=8 3 -4 -5 6 9 12 -9 14 -11 11 20 -14 26 -16 -17 -18 21 -20 -21 -22 -23 -24 27 -26 -27 29 -29 -30 -31
leaf_value=0.0014167902848560051 -0.037226285752457851 -0.023628474421056478 0.025435292414093681 -0.0368248787196577 -0.043537268778043037 -0.0035851129083899523 0.0024067739549075797 0.022108079169226032 0.0022598473704588669 -0.016198220149173104 -0.0071273764766233792 0.001388821625545035 0.024834828713784781 0.010083651182880486 -0.041292460015907445 -0.0041967003288476629 -0.01510664785919391 0.0088255944127848818 -0.018716534867250563 0.021213650958316697 -0.0085011098324749724 -0.0088481061611134539 0.0060448836839544183 0.0067783007052969581 -0.013962920847287952 0.0027636805954857511 0.006692387172416386 -0.0031562888080903188 -0.014438282005150885 0.00072259367841214764
leaf_weight=151096.7556360364 20422.454098418355 7187.8629674762487 13334.554896727204 5683.1100423187017 1518.4312033355236 29671.702102214098 144498.98746855557 3742.6848761290312 3470.4790994226933 14801.894873604178 40910.155738174915 33636.473777681589 4430.3180375993252 63822.505578070879 1082.6389556974173 29255.124921128154 32925.96334002912 8618.7437778264284 12760.443632423878 3750.2829266637564 18369.181998148561 6427.6540537923574 73703.006534770131 16503.854812011123 12950.395801588893 20133.414091512561 117516.46767044067 16431.174018159509 8130.7478801012039 25740.090513214469
leaf_count=292642 134563 31771 9323 37285 7435 70649 278239 3466 7716 41582 121075 78394 3551 96243 6350 68726 105799 18282 45062 3443 54390 19210 122158 30738 35450 41593 184630 37130 22248 52158
internal_value=5.5743e-05 0.000927644 0.00303401 -0.00831659 0.00262634 0.000231966 0.00514715 -0.00732781 -0.0319512 -0.00446336 -0.00801545 -0.00728208 0.00535723 0.00511039 -0.0082313 0.00239259 -0.00992929 -0.00744487 -0.0098887 0.00323633 -0.00210638 0.00127386 0.00293456 -0.00278751 -0.00492958 -0.00290623 0.00699655 0.00182306 -0.00592587 0.00562
internal_weight=942528 917552 747290 170262 733955 376428 357527 164579 24975.6 118623 160836 153649 356008 351578 4553.12 257805 101643 68717 53670.6 228550 52005.7 15046.4 224800 103821 70886.3 57935.9 207079 32935 37802.4 143257
internal_count=2061301 1912672 1397938 514734 1388615 766359 622256 477449 148629 279390 473983 442212 614821 611270 14066 486969 309428 203629 166137 418243 132784 37492 414800 237808 169940 134490 333031 67868 92897 236788
is_linear=0
shrinkage=0.03


Tree=38
num_leaves=31
num_cat=0
split_feature=87 97 40 97 0 40 39 18 40 24 92 97 87 24 39 92 30 87 63 87 87 92 87 92 69 92 92 97 87 95
split_gain=28092 18025.3 6747.04 5367.34 4838.12 3679.73 3474.97 3356.98 2155.12 2151.18 1961.24 3055.47 1926.35 1921.36 1877.3 1805.72 1913.23 1684.04 1519.33 1347.89 1169.35 1033.91 1058.07 1084.03 1009.58 989.328 966.551 1655.38 920.48 832.03
threshold=1.7999919056892397 1.5483803749084475 201.50000000000003 2.9998425245285039 2.5000000000000004 134.50000000000003 189.50000000000003 10.500000000000002 201.50000000000003 66.500000000000014 1.0588193535804751 1.1739092469215395 0.99999535083770763 4.5000000000000009 189.50000000000003 1.3999965190887453 25.500000000000004 1.9999839067459109 0.33333325386047369 1.1428542733192446 1.0312786102294924 1.1999837756156924 0.88888442516326915 0.88684234023094188 0.19567168503999713 0.9999774992465974 1.199997663497925 1.2999967932701113 0.70588049292564403 -0.85085660219192494
decision_type=2 2 10 2 2 10 10 2 8 2 2 2 2 2 10 2 2 2 2 2 2 2 2 2 2 2 2 2 2 2
left_child=1 2 4 5 6 9 8 -2 18 13 11 29 -13 -3 15 19 -17 -9 -1 21 -12 22 23 28 -20 -24 27 -22 -15 -6
right_child=7 3 -4 -5 10 -7 -8 17 -10 -11 20 12 -14 14 -16 16 -18 -19 24 -21 26 -23 25 -25 -26 -27 -28 -29 -30 -31
leaf_value=-0.0010762106724582386 -0.036969394229626577 -0.026508966263941947 0.024601610757502258 -0.036571830308700204 0.0073894700347069148 0.015553667522688186 0.02075830732152226 0.0018905505483248145 -0.006432672115129324 -0.026063726822490575 0.013157846184178318 -0.00015945409214093492 -0.014234496349887672 -0.0059976319367149441 0.026300302470754027 -0.0075402921024099274 0.0042122002563010448 -0.040888937601101183 1.524279639409772e-05 -0.017765194980073049 0.0053674146191011515 -0.0016049104803519116 -0.023572486823725668 -5.1095205983178517e-05 0.0052858974796923912 -0.010590808266082791 0.0082659636314217477 -0.0090855591226618303 -0.01707541043535259 0.0023734998658192143
leaf_weight=189487.68052439392 19979.865403562784 4348.8267928957939 12714.838709309697 5542.4677786082029 71241.632080823183 6459.6346239000559 7247.9859861731529 3462.985819324851 43813.543197393417 5410.9950516223907 26557.25492040813 33807.353946939111 11788.281506195664 20478.18561014533 1551.1064946651459 26061.125064536929 23864.236849486828 1067.8331854045391 56031.137766495347 13264.102260485291 50324.428921252489 20616.777855619788 6848.753386259079 16144.234007611871 78558.08046348393 23287.506261557341 90618.855052486062 8290.859535753727 10079.553014457226 51153.838270559907
leaf_count=397940 134695 21423 9145 37215 112136 8181 6684 7736 109798 21957 37432 72247 31585 60549 1223 76667 51547 6385 112035 41991 80379 52652 25816 42834 142577 72950 141553 20006 33596 91060
internal_value=-3.68222e-06 0.000845135 0.00295584 -0.00754897 0.00257234 -0.00664337 0.000216346 -0.031686 -0.000189467 -0.00747894 0.00514306 0.00282462 -0.00380306 -0.00687206 -0.00634235 -0.00666077 -0.00192318 -0.0083272 0.000654927 -0.0087963 0.00735804 -0.00757219 -0.00917246 -0.00634007 0.00309199 -0.0135547 0.0063243 0.00332071 -0.00966045 0.00529383
internal_weight=940104 915593 731636 183958 718921 178415 375138 24510.7 367890 171955 343783 167991 45595.6 166544 162196 160644 49925.4 4530.82 324077 110719 175791 97455 76838.2 46702 134589 30136.3 149234 58615.3 30557.7 122395
internal_count=2061994 1913178 1364577 548601 1355432 511386 769034 148816 762350 503205 586398 307028 103832 481248 459825 458602 128214 14121 652552 330388 279370 288397 235745 136979 254612 98766 241938 100385 94145 203196
is_linear=0
shrinkage=0.03


Tree=39
num_leaves=31
num_cat=0
split_feature=87 97 97 40 40 92 39 12 92 30 87 24 87 39 90 24 92 87 39 34 92 87 92 77 97 87 92 87 92 24
split_gain=26753.4 17063.7 5875.08 5558.41 5311.69 4744.83 3288.23 3271.82 3001.77 2672.71 2500.75 2422.78 2024.85 1831.34 1988.08 1745.95 1658.75 1690.59 1654.41 1692.38 1312.41 2324.48 1267.31 1035.87 1009.83 1190.1 968.317 968.832 921.337 1009.26
threshold=1.7999919056892397 1.3770461678504946 2.9998425245285039 134.50000000000003 201.50000000000003 0.85713458061218273 151.50000000000003 9.5000000000000018 1.1371448040008547 29.500000000000004 0.99999123811721813 4.5000000000000009 1.9999839067459109 189.50000000000003 -0.41208770871162409 3.5000000000000004 0.9999932348728181 0.83333018422126781 167.50000000000003 1.5000000000000002 1.5999960303306582 1.1087425947189333 1.3333277702331545 0.48534730076789862 1.0666649341583254 0.86956349015235912 1.2499972581863406 1.1342321634292605 1.9411687254905703 2.5000000000000004
decision_type=2 2 2 10 10 2 10 2 2 2 2 2 2 10 2 2 2 2 10 2 2 2 2 2 2 2 2 2 2 2
left_child=1 4 3 6 5 18 8 -2 10 15 16 28 -9 14 -13 -10 17 -3 19 -1 21 -11 -23 -16 -21 -26 27 -25 29 -7
right_child=7 2 -4 -5 -6 11 -8 12 9 20 -12 13 -14 -15 23 -17 -18 -19 -20 24 -22 22 -24 26 25 -27 -28 -29 -30 -31
leaf_value=-0.0060148625445011379 -0.036684424997358682 -0.0065670695536341611 -0.036331035576597066 0.016155254777783352 0.024033307821792305 -0.041538786709860949 0.020221266841071263 0.0027828881000131868 -0.037343148499293287 0.005749332066073639 -0.018074250876554482 0.007539162957754632 -0.040170516772528399 0.023871039196088621 -0.0010057050538872011 -0.00678097782038672 8.3916883149711064e-05 -0.016549158709452044 0.016033852067730055 0.0019375204129711747 0.0097216838900032396 -0.014193637294310023 -0.0015773584611539538 0.004473023308975527 -0.0014814872597420869 -0.016230417167594068 0.0070004603793971699 -0.00089244763057445722 -0.04619165908999219 -0.0043044344317705657
leaf_weight=46496.007269829512 19213.488739445806 51817.651900961995 5428.8040592819452 10843.067916914821 11144.167539045215 743.9029057174921 4287.6748780459166 3545.4621483236551 1714.7510926127434 25222.664492696524 24978.272254660726 168566.72473520041 1347.9471331238747 4671.7870511412621 41475.154495581985 57052.334671363235 20791.275838956237 21662.923108592629 5250.204964235425 115437.69321064651 12744.718591123819 11911.158129543066 17955.404329031706 91782.08962649107 35078.712196931243 5708.9013500511646 72001.853238835931 45193.090964853764 681.84167414903641 4649.1542824953794
leaf_count=112736 132812 149973 37311 13530 8122 3817 4704 7785 10835 53655 84282 267450 8235 3822 84449 161929 51566 72540 6247 218638 23546 33340 39694 159289 74521 15337 119223 87232 3022 11634
internal_value=7.20447e-05 0.000893989 -0.00549845 -0.00485436 0.00351862 0.00315939 -0.0057663 -0.0311104 -0.00622114 -0.00300317 -0.0096364 0.00495942 -0.00916448 0.00522936 0.00502039 -0.00768515 -0.00739734 -0.00951361 -0.000560431 -0.000991739 0.00105407 -0.000953955 -0.00661502 0.00332467 0.000503829 -0.00355279 0.00418412 0.00270289 -0.0138229 -0.00957493
internal_weight=939399 915292 266411 260982 648881 637737 250139 24106.9 245851 126601 119250 429766 4893.41 423691 419019 58767.1 94271.9 73480.6 207972 202721 67833.9 55089.2 29866.6 250452 156225 40787.6 208977 136975 6074.9 5393.06
internal_count=2061276 1912444 736905 699594 1175539 1167417 686064 148832 681360 322999 358361 739938 16020 721465 717643 172764 274079 222513 427479 421232 150235 126689 73034 450193 308496 89858 365744 246521 18473 15451
is_linear=0
shrinkage=0.03


Tree=40
num_leaves=31
num_cat=0
split_feature=87 97 97 92 18 92 87 24 97 24 89 87 24 97 87 38 87 92 92 24 92 24 97 87 33 18 92 61 92 3
split_gain=26032.2 16052.8 5667.3 3869.09 3189.5 2938.85 2904.49 2828.67 2040.4 2029.19 1535.61 1518.5 1346.1 1331.76 1596.48 1222.31 1200.59 2191.47 1068.7 1198.4 1027.02 1006.73 1006.32 1151.47 903.836 897.874 884.396 791.22 728.529 713.236
threshold=1.7999919056892397 1.3770461678504946 2.9998425245285039 0.88684234023094188 10.500000000000002 1.1538428664207461 0.99999827146530162 6.5000000000000009 1.8888836503028872 4.5000000000000009 -0.63120782375335682 1.9999839067459109 50.500000000000007 1.0666649341583254 0.88888442516326915 134.50000000000003 1.0666649341583254 1.3043456673622134 1.9411687254905703 2.5000000000000004 1.071426570415497 3.5000000000000004 1.1538414955139162 0.99999827146530162 9.5000000000000018 5.5000000000000009 0.99999737739562999 18.979244232177738 0.72497111558914196 4.5000000000000009
decision_type=2 2 2 2 2 2 2 2 2 2 2 2 2 2 2 10 2 2 2 2 2 2 2 2 2 2 2 2 2 2
left_child=1 3 5 13 -2 6 12 21 16 18 -11 -6 15 28 -15 24 -9 -18 19 -5 22 -7 -12 -24 -3 -23 -14 -8 -1 -22
right_child=4 2 -4 9 11 7 27 8 -10 10 20 -13 26 14 -16 -17 17 -19 -20 -21 29 25 23 -25 -26 -27 -28 -29 -30 -31
leaf_value=6.9403668977758469e-05 -0.036483532875553282 -0.0086124255196368543 -0.036098265624008863 -0.042175541473946407 0.0012980750353389513 -0.03854898353289711 -0.011654373740826807 0.010163017072629484 -0.0054884895509696397 0.007862669399568735 0.0032171114290010278 -0.040132478229231529 -0.019580764646005229 -0.0012246636768407464 -0.013661138482243495 0.026674540735666174 -0.0092473486719321617 0.0038901172232041854 -0.046155609203619198 -0.0018900667149697602 0.0043219849711639176 -0.0091187515459386897 0.00095699462242821809 -0.013315813052747379 -0.002597049675009535 -0.046163482665302742 -0.0034272341738877418 -0.023245328424650942 0.0040584539125228993 0.0089617339063194478
leaf_weight=101253.82051828504 19083.570782110095 37988.364958077669 5291.9487185180187 746.44096502661705 3445.8057972639799 1794.0587268620729 9717.4913719892502 14865.136401042342 45784.783983379602 143378.86191798747 71802.512560039759 1014.9772970378399 9824.9647528678179 55462.701989039779 11140.299805521965 1086.2273751497269 15117.077961057425 46612.380241006613 695.4707682877779 5017.2923215776682 126730.74339146912 5590.3991404920816 14401.907322928309 7843.4574459046125 55091.572852954268 640.99907590448856 4434.0265012681484 11847.268820479512 69460.459634363651 39018.070230275393
leaf_count=203177 134819 113538 37240 3890 7805 11347 30636 26665 128771 225231 126496 6314 35083 118679 29338 1315 39091 93155 3121 11953 221422 19049 28147 19578 143899 2898 12184 42372 125779 58050
internal_value=-1.63931e-05 0.000787431 -0.00542099 0.00333716 -0.0311489 -0.00479482 -0.00798665 -0.0016124 -0.000479525 0.00510295 0.00537039 -0.00826582 -0.0059846 0.000289048 -0.00330832 -0.00468183 0.00251526 0.000670898 -0.0115553 -0.0072351 0.00399442 -0.0188434 0.00148993 -0.00408287 -0.00505341 -0.0130649 -0.0145694 -0.0180379 0.00169276 0.00541515
internal_weight=936183 912639 265687 646952 23544.4 260395 129990 130405 122379 409635 403176 4460.78 108425 237317 66603 94166.2 76594.6 61729.5 6459.2 5763.73 259797 8025.46 94047.9 22245.4 93079.9 6231.4 14259 21564.8 170714 165749
internal_count=2061042 1912104 737243 1174861 148938 700003 379027 320976 287682 697888 678924 14119 306019 476973 148017 258752 158911 132246 18964 15843 453693 33294 174221 47725 257437 21947 47267 73008 328956 279472
is_linear=0
shrinkage=0.03


Tree=41
num_leaves=31
num_cat=0
split_feature=87 97 40 97 92 18 40 24 97 97 92 87 87 87 92 24 24 92 87 95 92 87 87 39 30 34 92 87 87 92
split_gain=25107.2 15500.3 6896.79 4552.54 4468.76 3073.59 2774.76 2644.02 2589.31 2573.64 2452.78 4363.38 2440.05 1701.32 1910.09 1671.86 1654.64 1553.85 1472.16 1437.81 1384.7 1593.09 1322.28 1321.16 1295.8 1235.87 1194.42 1295.9 1179.11 1840.17
threshold=1.7999919056892397 1.6666417121887209 201.50000000000003 2.9998425245285039 0.88684234023094188 10.500000000000002 180.50000000000003 5.5000000000000009 1.1999675631523135 1.1351310014724734 1.1538428664207461 0.99999123811721813 0.83333018422126781 0.99150994420051586 1.9411687254905703 4.5000000000000009 2.5000000000000004 1.3999965190887453 1.9999839067459109 -0.70232173800468434 1.012742340564728 0.88888442516326915 0.99999713897705089 189.50000000000003 21.500000000000004 6.5000000000000009 1.0434752106666567 1.0666649341583254 1.1999977231025698 1.3636317253112795
decision_type=2 2 10 2 2 2 10 2 2 2 2 2 2 2 2 2 2 2 2 2 2 2 2 10 2 2 2 2 2 2
left_child=1 2 4 6 9 -2 15 13 19 23 11 20 -11 -6 16 -3 -15 22 -7 -9 21 -10 -17 25 -19 -1 -13 -28 -12 -30
right_child=5 3 -4 -5 7 18 -8 8 10 12 28 26 -14 14 -16 17 -18 24 -20 -21 -22 -23 -24 -25 -26 -27 27 -29 29 -31
leaf_value=-0.002014036617203791 -0.036251488080166844 -0.026338541910685114 0.023942590046735452 -0.035873860926555104 -0.051809075905550728 0.0010544794815668017 0.021012479852399346 0.0084022211945341038 0.00785564708269142 -0.0026162783385842801 0.0077703287195156692 -0.016026023257416429 -0.015024463067429114 -0.040625612100977287 -0.045740737089692278 -0.0069827824046482679 0.00074148966001300943 -0.0084228385885014041 -0.039782026698953948 0.0041401174526078067 0.010760533740883855 -0.0065720068492123741 -0.01481352835350834 0.020739484581947912 0.0020795353295633267 0.0029087694851750588 0.00090807751052160196 -0.012661814059105396 -0.0091750059784761646 0.0044627382154291111
leaf_weight=90237.6138972193 18623.482732795179 4263.0401843637228 13199.58060438931 5170.2770750075579 799.94190382957458 3421.2690698951483 3038.8340249508619 119003.21195988357 12514.407943755388 56400.469871684909 50217.490625560284 15509.9647795856 19077.061943620443 939.4328039586544 1021.853618144989 59012.464700236917 9353.3488293886185 19021.35357324779 1014.445680886507 177636.60203312337 17167.255086541176 15270.524972259998 28958.034559115767 2926.1764755994081 23760.688526272774 93366.461027160287 13497.018653318286 11910.000946298242 11642.467285066843 37638.914473205805
leaf_count=195194 134740 21659 9647 37267 3343 7748 2869 179092 23802 133370 84840 45473 54672 5068 4702 178988 21959 58514 6444 308125 28266 38236 95440 2666 54877 169137 27749 31238 27347 69511
internal_value=-8.00248e-06 0.000773515 0.00246056 -0.00828748 0.00208493 -0.03091 -0.0072493 0.00376428 0.00411232 -0.00108223 0.0013306 -0.00238382 -0.00575562 -0.0100673 -0.00703 -0.00788841 -0.00310559 -0.00728293 -0.00842145 0.0058504 0.00406741 -7.27766e-05 -0.00956328 0.000809218 -0.00259169 0.000489356 -0.00946979 -0.00545801 0.00453603 0.00123848
internal_weight=935614 912554 769330 143225 756130 23059.2 138054 494122 482008 262008 185368 85869.2 75477.5 12114.6 11314.6 135016 10292.8 130753 4435.71 296640 44952.2 27784.9 87970.5 186530 42782 183604 40917 25407 99498.9 49281.4
internal_count=2061983 1913051 1463437 449614 1453790 148932 412347 898751 863679 555039 376462 194764 188042 35072 31729 409478 27027 387819 14192 487217 90304 62038 274428 366997 113391 364331 104460 58987 181698 96858
is_linear=0
shrinkage=0.03


Tree=42
num_leaves=31
num_cat=0
split_feature=87 97 97 39 31 39 24 0 24 24 87 38 97 98 34 97 24 98 98 26 30 51 51 33 97 93 61 24 8 65
split_gain=23813.9 14873.5 5193.79 3442.94 3184.39 3140.83 2840.81 2434.78 2165.94 2068.5 1768.22 1307.79 1163.88 1100.52 942.59 817.258 1219.92 1214.99 1031.66 1293.76 803.557 709.488 702.116 617.042 604.686 521.155 530.172 519.455 508.265 496.375
threshold=1.7999919056892397 1.4058226346969607 2.9998425245285039 inf 1.0000000180025095e-35 151.50000000000003 12.500000000000002 3.5000000000000004 68.500000000000014 5.5000000000000009 1.9999099969863894 134.50000000000003 1.6666417121887209 1.6666417121887209 6.5000000000000009 1.2105234861373904 80.500000000000014 1.0869558453559878 1.3529375791549685 141.50000000000003 49.500000000000007 19.244854927062992 13.799578666687013 6.5000000000000009 2.0720701217651372 1.3674660325050356 11.428414821624758 46.500000000000007 9.5000000000000018 0.22222221642732623
decision_type=2 2 2 8 2 10 2 2 2 2 2 10 2 2 2 2 2 2 2 2 2 2 2 2 2 2 2 2 2 2
left_child=1 3 5 4 -1 8 -2 14 9 24 -8 28 13 27 -6 17 18 -9 19 -17 -15 23 -16 -14 -3 26 -25 -11 -5 -24
right_child=6 2 -4 11 7 -7 10 15 -10 12 -12 -13 21 20 22 16 -18 -19 -20 -21 -22 -23 29 25 -26 -27 -28 -29 -30 -31
leaf_value=0.019676839970582023 -0.035646172777746885 -0.012817056272271712 -0.03565958325548528 -0.0057263476503784773 0.00033093843000813736 0.019311488985726166 0.0028439765362231824 0.0049024418895716555 -0.022086513817884526 -0.003076806868398509 -0.039572916241997026 0.012070635178545243 -0.0081429401794637386 -0.0013508216266657307 0.0053088139873820423 0.0041669965800679503 -0.028296310605141609 0.010135428920240786 0.0074735856376672511 -0.01062919339127359 0.0076700484817255887 -0.0097121791688699454 -0.00033294676487198203 -0.00057815998651705497 -0.028550540665145396 0.00087576912338219052 -0.0079902470801171046 -0.010373030595245173 0.0012751192003542073 0.003748008046345759
leaf_weight=11100.228347748518 18250.256795249879 6132.5947939753532 5036.8704116046429 52061.747014522552 168236.35871759057 4694.2009531855583 3219.1224514991045 99393.005151063204 6797.7981057167053 48455.389777868986 1198.3907510116696 4594.6182448267937 31559.746702492237 22708.73862195015 91697.293895512819 14346.385085210204 1103.5651692599058 66819.121238335967 25466.630872964859 8425.422747567296 14576.390643909574 37248.002117782831 52970.249548465014 14308.103468567133 3468.4699802398682 20765.916549324989 22093.36013071239 10715.853169217706 11360.588848724961 54318.469797417521
leaf_count=11046 134884 22544 37190 127145 339459 5151 6913 160410 26186 116003 7248 7518 96119 53613 158952 25376 3316 95812 41968 19566 28839 111833 100307 39483 18375 51815 67051 30126 22124 96014
internal_value=-6.50958e-05 0.000691424 -0.00556543 0.00304116 0.0037734 -0.00494011 -0.0304247 0.00346982 -0.00541835 -0.00492816 -0.00878945 -0.00335149 -0.00433864 -0.00185807 0.001984 0.00600067 0.0026089 0.00700713 0.00332736 -0.00131202 0.00217805 -0.00623736 0.00338145 -0.00477676 -0.0185485 -0.00291623 -0.00507874 -0.0044012 -0.0044722 0.00173349
internal_weight=933123 910455 248561 661894 593877 243525 22667.8 582777 238830 232033 4417.51 68017 222432 96456.4 367222 215554 49342 166212 48238.4 22771.8 37285.1 125975 198986 88727.1 9601.06 57167.4 36401.5 59171.2 63422.3 107289
internal_count=2062386 1913341 704328 1209013 1052226 667138 149045 1041180 661987 635801 14161 156787 594882 228581 694732 346448 90226 256222 86910 44942 82452 366301 355273 254468 40919 158349 106534 146129 149269 196321
is_linear=0
shrinkage=0.03


Tree=43
num_leaves=31
num_cat=0
split_feature=30 97 40 97 40 0 24 97 39 39 24 34 40 38 97 98 30 51 24 98 97 26 40 30 24 40 18 93 39 24
split_gain=17804.5 9552.06 5267.75 4730.55 4283.28 3628.58 3006.1 2632.14 2536.4 2505.28 2334.24 2049.16 1463.64 1254.22 1186.39 1345.64 1010.74 918.91 805.448 803.461 799.143 998.083 764.686 738.977 1108.63 731.735 670.411 637.588 622.395 604.571
threshold=11.500000000000002 1.3499949574470522 134.50000000000003 2.833312034606934 201.50000000000003 3.5000000000000004 2.5000000000000004 2.9999362230300908 189.50000000000003 151.50000000000003 70.500000000000014 5.5000000000000009 201.50000000000003 174.50000000000003 1.6666417121887209 1.6666417121887209 49.500000000000007 19.244854927062992 3.5000000000000004 1.0869558453559878 1.1351310014724734 76.500000000000014 120.50000000000001 25.500000000000004 13.500000000000002 201.50000000000003 1.5000000000000002 2.7999874353408818 114.50000000000001 46.500000000000007
decision_type=2 2 10 2 10 2 2 2 10 10 2 2 10 10 2 2 2 2 2 2 2 2 10 2 2 8 2 2 10 2
left_child=3 4 7 6 5 8 -1 9 11 10 14 18 13 26 15 29 -17 -16 -2 20 -7 -22 23 24 -20 -13 -8 28 -28 -3
right_child=1 2 -4 -5 -6 19 12 -9 -10 -11 -12 25 -14 -15 17 16 -18 -19 22 -21 21 -23 -24 -25 -26 -27 27 -29 -30 -31
leaf_value=-0.036764889181996392 -0.024197673480925067 -0.0031184846055872331 0.017541684707939063 -0.035076331107381273 0.022675548637078907 0.005247219278019067 -0.034660524090964859 -0.035512072798723364 0.01960771914463828 0.019838842777744357 -0.022437265873923008 0.0032607565101213289 0.017811122094718624 0.01665654445787796 -0.0046266648100160663 -0.0019198193284922038 0.0076415511651309791 -0.010498220561513978 -0.0029956540316940588 0.0079212907292584046 0.0076484277111558713 -0.0080897567865658923 0.0042815257535567461 -0.00052592738232351555 -0.014829385537227239 -0.0052474068497680056 -0.011129277088810582 -0.025500745148605057 0.0046517594495078937 -0.0096628515614517671
leaf_weight=4041.9690300002694 1373.1561050862074 59946.510525375605 9953.0321809127927 9325.4425695985556 9905.4172333925962 94009.817954942584 1102.7014730349183 2451.6534740924835 6553.4183952063322 3760.5758377760649 6531.4159448444843 197487.10353868455 1639.9266043007374 1429.2412035018206 75455.992297381163 22712.132343634963 17680.139448955655 35198.323769554496 47552.04770629108 101160.89101938158 5819.9199523180723 9551.4545188397169 19706.887478679419 108567.40743298829 8364.6496782451868 9519.337219581008 40611.412674613297 2611.9792160019279 2370.5241719707847 16114.730415180326
leaf_count=30039 6327 140515 11856 74965 7699 150892 8684 18209 6349 4089 24747 354272 1828 2251 215947 53593 34297 108043 114650 156434 9430 20283 37820 220178 22936 21274 140628 14915 5135 43268
internal_value=1.20397e-05 0.00112926 -0.00382289 -0.0153681 0.00312597 0.00280761 -0.0119407 -0.00471084 0.00112653 -0.00438979 -0.00478143 0.00081703 -0.00991055 -0.0108622 -0.00427173 -0.00215755 0.00226701 -0.00649592 -0.00147215 0.00599402 0.00421047 -0.00212876 -0.00130012 -0.0019693 -0.00477055 0.00286903 -0.0117112 -0.0111412 -0.0102572 -0.00450718
internal_weight=932509 869376 249805 63133.2 619572 609666 53807.8 239851 399124 237400 233639 392571 49765.8 48125.9 227108 116454 40392.3 110654 185564 210542 109381 15371.4 184191 164484 55916.7 207006 46696.6 45593.9 42981.9 76061.2
internal_count=2061553 1783108 654564 278445 1128544 1120845 203480 642708 783806 624499 620410 777457 173441 171613 595663 271673 87890 323990 401911 337039 180605 29713 395584 357764 137586 375546 169362 160678 145763 183783
is_linear=0
shrinkage=0.03


Tree=44
num_leaves=31
num_cat=0
split_feature=87 97 40 97 92 18 40 39 40 97 92 87 39 24 39 31 87 97 87 24 92 30 87 92 97 92 87 87 87 92
split_gain=21898.2 13195.1 6022.95 4514.74 3788.47 3483.37 3199.35 2339.58 2411.8 2051.99 2205.39 3338.3 1812.32 1675.24 1534.03 1523.81 1481.04 1465.28 1442.68 1422.44 1187.41 1608.08 1224.72 1222.55 1057.12 963.636 1454.68 957.459 947.282 1979.98
threshold=1.7999919056892397 1.5483803749084475 180.50000000000003 2.9998425245285039 0.74999296665191661 10.500000000000002 134.50000000000003 189.50000000000003 180.50000000000003 1.1999675631523135 1.0909023880958559 0.99999123811721813 121.50000000000001 66.500000000000014 151.50000000000003 15.500000000000002 1.9999839067459109 0.97058436274528515 0.76190313696861278 4.5000000000000009 1.3333277702331545 18.500000000000004 1.0312786102294924 1.0285694003105166 1.8888836503028872 1.012742340564728 0.85713735222816478 0.79999887943267833 1.0784602761268618 1.199997663497925
decision_type=2 2 10 2 2 2 10 10 8 2 2 2 10 2 10 2 2 2 2 2 2 2 2 2 2 2 2 2 2 2
left_child=1 2 4 6 14 -2 12 8 9 15 11 25 13 19 17 -6 -7 -1 -19 -3 22 -22 23 27 -25 26 -11 -21 -12 -30
right_child=5 3 -4 -5 7 16 -8 -9 -10 10 28 -13 -14 -15 -16 -17 -18 18 -20 20 21 -23 -24 24 -26 -27 -28 -29 29 -31
leaf_value=-0.00036745249275677624 -0.035730550854779525 -0.024144739931968015 0.018987042377481549 -0.035259303285697499 0.0033457919857321555 0.0028144818203122185 0.014803539103786538 0.02133250923674735 -0.0048491851910625536 0.0050780190620344006 0.0084086805743791727 -0.01309860496867855 0.014674546251062879 -0.02385705653189827 0.012954201084577129 0.0075974588089560962 -0.039024310011411087 -0.0042209516288574059 -0.016139344542501283 -0.0058454134932565396 -0.010222170628403204 0.0006942211929067165 -0.013957888676016781 0.0055595481124421746 -0.0066295203646033231 0.0099088620509612743 -0.0061613445338338391 -0.014507611268694199 -0.0097021339198147313 0.0041704023675672806
leaf_weight=86286.502902269363 17507.2669512555 4022.4916744679213 19150.636183142662 4815.043136164546 241115.32073637843 3557.092380553484 6469.8822495192289 6237.3904828578234 34034.132386893034 19235.544735476375 27207.143426805735 21806.45247246325 3491.1288629919291 5191.0166018605232 5716.5255495458841 110726.76769682765 948.09295804798603 48010.146629601717 11278.141580998898 32333.921004951 17510.646896839142 39524.083666011691 24213.151787221432 12105.89306153357 13550.16610391438 8867.6564003229141 22424.877259343863 17835.21509476006 11225.397459372878 52425.98156490922
leaf_count=176718 134958 21319 18646 37319 429979 7846 8227 5528 81417 38433 44753 58809 5110 21875 7879 167152 6362 112157 31806 97268 56551 92843 78376 27791 41204 14307 54640 61255 26445 94361
internal_value=-0.000130494 0.000587498 0.00239507 -0.00665722 0.00194486 -0.0296821 -0.00587191 0.00309143 0.00288344 0.00339459 0.000614048 -0.00329406 -0.00666146 -0.00711111 -0.00226341 0.00468417 -0.00612384 -0.00286268 -0.00649281 -0.00656861 -0.00611548 -0.00265971 -0.0080848 -0.00620616 -0.000878219 0.000940807 -0.000971934 -0.00892939 0.00372542 0.0017216
internal_weight=928824 906811 725749 181063 706598 22012.5 176248 555307 549069 515035 163193 72334.5 169778 166287 151291 351842 4505.19 145575 59288.3 161096 157073 57034.7 100038 75825.2 25656.1 50528.1 41660.4 50169.1 90858.5 63651.4
internal_count=2061334 1912168 1363030 549138 1344384 149166 511819 1015824 1010296 928879 331748 166189 503592 498482 328560 597131 14208 320681 143963 476607 455288 149394 305894 227518 68995 107380 93073 158523 165559 120806
is_linear=0
shrinkage=0.03


Tree=45
num_leaves=31
num_cat=0
split_feature=87 97 40 97 92 12 40 40 97 92 87 87 39 24 24 39 97 92 30 87 87 3 92 87 94 87 92 92 87 92
split_gain=21121.7 12877.1 5706.06 4403.58 3697.94 3206.96 2663.46 2400.39 1782.78 1872.53 3121.58 1726.04 1725.11 1661.02 1636.13 1431.27 1371.51 1336.31 1408.21 1298.03 1278.88 1234.39 1185.1 1193.64 1063.56 1021.91 924.476 912.541 909.48 1773.13
threshold=1.7999919056892397 1.5483803749084475 201.50000000000003 2.9998425245285039 0.83027687668800365 9.5000000000000018 153.50000000000003 201.50000000000003 1.1739092469215395 1.071426570415497 0.99999123811721813 1.9999839067459109 151.50000000000003 70.500000000000014 4.5000000000000009 189.50000000000003 1.1194007396698 1.3043456673622134 29.500000000000004 1.0312786102294924 0.79999887943267833 3.5000000000000004 1.0909023880958559 0.79999887943267833 -1.3870111107826231 0.85713735222816478 0.93387818336486828 0.86841949820518505 1.1087425947189333 1.1999837756156924
decision_type=2 2 10 2 2 2 10 8 2 2 2 2 10 2 2 10 2 2 2 2 2 2 2 2 2 2 2 2 2 2
left_child=1 2 4 6 12 -2 13 8 21 10 25 -7 16 14 -3 17 24 19 -19 22 -18 -6 23 27 -1 -10 -27 -16 -11 -30
right_child=5 3 -4 -5 7 11 -8 -9 9 28 -12 -13 -14 -15 15 -17 20 18 -20 -21 -22 -23 -24 -25 -26 26 -28 -29 29 -31
leaf_value=0.0020460309396461472 -0.035497282582183674 -0.024618308985579186 0.022747795636881469 -0.035068939402314855 0.0041443937080545756 0.0031264070589307113 0.015604311572889499 -0.0044931913400714325 0.0091516090847676198 0.0074821676683588219 -0.012153546785590177 -0.03835014635608576 0.01324273551482435 -0.027166755881175383 -0.0070762143760008432 0.023561450602271224 -0.0033837217728978184 -0.0061202781862574693 0.0029797292964473974 -0.014305692768344458 -0.01454389680085133 0.0082607967386490316 0.00072308803311276978 -0.013083988465258156 -0.0030985615107147909 -0.0082507274745831482 0.0028679985507252871 0.0046858805783686012 -0.010828731106527104 0.0037565681788284976
leaf_weight=82096.897103652358 16780.712333738804 4086.386922635138 12283.611666128039 4697.0965448096395 212109.17324480414 3526.974784091115 5112.0667526125908 31493.407681822777 12898.550157427788 41486.890595719218 20409.499913796782 1192.566067956388 7149.1963086873293 3357.6820586919785 26482.278453424573 1498.0001533031464 43078.617618829012 36299.778839066625 26434.511700466275 22014.063752174377 11752.303941190243 94943.562112316489 17880.559112772346 24900.372185602784 64611.144133284688 10228.386391490698 19586.143413007259 7634.7504017800093 8659.2208145707846 55283.436969324946
leaf_count=155956 132867 21796 9263 37315 367048 7734 5936 74805 23092 68852 54127 8211 9661 14966 81120 1254 102001 105060 58461 72872 33391 141333 46527 84097 140268 25711 38502 19668 20817 99667
internal_value=1.69996e-05 0.000712835 0.00249074 -0.00646213 0.00214248 -0.029358 -0.00569346 0.00352573 0.00405689 0.00157758 -0.00250848 -0.00747178 -0.00121873 -0.00633345 -0.00591196 -0.00544045 -0.00173299 -0.00571209 -0.00228606 -0.00788413 -0.00578019 0.00541768 -0.00604255 -0.00809189 -0.000219793 0.00210374 -0.000949445 -0.00444288 0.00402399 0.00177863
internal_weight=929968 908468 728070 180398 715786 21500.3 175700 507098 475605 168552 63122.6 4719.54 208688 170588 167231 163144 201539 161646 62734.3 98912 54830.9 307053 76898 59017.4 146708 42713.1 29814.5 34117 105430 63942.7
internal_count=2062378 1913566 1364494 549072 1355231 148812 511757 913954 839149 330768 141432 15945 441277 505821 490855 469059 431616 467805 163521 304284 135392 508381 231412 184885 296224 87305 64213 100788 189336 120484
is_linear=0
shrinkage=0.03


Tree=46
num_leaves=31
num_cat=0
split_feature=87 97 40 97 40 0 12 39 24 24 87 39 0 38 97 98 39 34 30 69 63 38 69 24 30 26 40 98 30 51
split_gain=20188.3 11868.2 5171.5 4575.9 4098.48 3218.47 3142.11 2896.25 2139.85 1906.16 1653.96 1548.68 1372.22 1358.07 1317.37 1498.19 1227.01 1055.82 1003.14 900.972 831.366 734.922 702.261 648.328 864.653 654.952 629.011 623.01 617.111 572.52
threshold=1.7999919056892397 1.3269196152687075 143.50000000000003 2.9998425245285039 201.50000000000003 1.5000000000000002 9.5000000000000018 189.50000000000003 70.500000000000014 5.5000000000000009 1.9999839067459109 189.50000000000003 5.5000000000000009 174.50000000000003 1.7072894573211672 1.6666417121887209 189.50000000000003 1.5000000000000002 51.500000000000007 0.17166539281606677 0.39999996125698095 174.50000000000003 0.10258639976382257 44.500000000000007 63.500000000000007 64.500000000000014 201.50000000000003 1.9636315703392031 75.500000000000014 14.300186634063722
decision_type=2 2 10 2 10 2 2 10 2 2 2 10 2 10 2 2 10 2 2 2 2 10 2 2 2 2 10 2 2 2
left_child=1 4 3 7 5 11 -2 8 9 -3 27 17 16 14 15 22 19 21 -17 -7 29 -1 -11 24 -24 -25 -4 -8 -27 -21
right_child=6 2 26 -5 -6 12 10 -9 -10 13 -12 -13 -14 -15 -16 18 -18 -19 -20 20 -22 -23 23 25 -26 28 -28 -29 -30 -31
leaf_value=-0.0041650567854064789 -0.035308635610688963 -0.017801245359022669 0.0095598771284477538 -0.034874005270848406 0.021904872758154736 0.00062444145713870622 0.011504793124216314 0.024794074527905947 -0.021448702448480472 -0.010286726157937368 -0.038088426214484904 0.01672036820428403 0.0078910000039227775 0.035119515086290791 -0.0066428300383100276 -0.0014674913289532642 0.023725610261093516 0.00083297992206112826 0.0071795120885602814 0.0047407947352774279 0.0071423500238604037 0.016028335367821025 -0.0027929866782608996 0.0085774330139614056 0.011988300682629681 -0.01692533648591947 0.024100920294133164 -0.014983319773863378 -0.0052936837216529999 0.0010303373118925913
leaf_weight=66496.48690444231 16347.312079481781 9407.1953445002437 6298.1365734189749 4565.573270201683 10107.318053051829 84871.262607455254 2383.009621411562 2953.548828125 6899.8123174458742 15922.03661903739 1173.3067334443331 4738.8682383000851 77730.832527622581 773.79302562773228 111436.10170513391 31700.490125447512 2635.7962898761034 149227.85121540725 19478.106623992324 82643.814848512411 63933.987065434456 1643.2932271957397 56394.961760878563 1863.4440544396639 3782.0994063168764 6978.3706346452236 4697.7828922122717 1177.8374154418707 9997.9483853876591 68415.963428765535
leaf_count=158357 132676 41580 9767 37220 7819 157836 3838 2353 26184 42701 8243 4776 115980 763 335465 75959 2128 292362 38637 143221 102703 2126 133379 3785 5786 21575 3557 3986 23986 122643
internal_value=-7.36765e-05 0.000602225 -0.00436163 -0.00514861 0.00297826 0.00265995 -0.0290814 -0.00465723 -0.00497574 -0.00454965 -0.00752029 -0.000209316 0.00433591 -0.00406574 -0.00418618 -0.00231197 0.00342193 -0.000579907 0.001825 0.00324189 0.00427501 -0.0036735 -0.004542 -0.00338212 -0.00186032 -0.00823587 0.0158047 0.00270845 -0.0100893 0.00306066
internal_weight=926676 905595 293149 282153 612445 602338 21081.5 277588 274634 267735 4734.15 222106 380232 258327 257554 146117 302501 217368 51178.6 299865 214994 68139.8 94938.9 79016.8 60177.1 18839.8 10995.9 3560.85 16976.3 151060
internal_count=2061391 1912648 802697 789373 1109951 1102132 148743 752153 749800 723616 16067 457621 644511 682036 681273 345808 528531 452845 114596 526403 368567 160483 231212 188511 139165 49346 13324 7824 45561 265864
is_linear=0
shrinkage=0.03


Tree=47
num_leaves=31
num_cat=0
split_feature=87 97 40 97 92 18 97 24 87 40 39 90 95 39 87 92 24 92 87 30 100 92 87 87 87 92 92 97 87 92
split_gain=19168.8 11506.4 5551.57 3886.64 3654.42 3649.16 3500.29 3207.38 2569.45 2085.42 1569.27 1744.16 1543.19 1665.1 1420.83 1380.85 1265.03 1255.17 1606.96 1165.33 1033.93 963.6 1076.83 883.569 864.233 1120.13 792.381 1533.62 742.565 1057.88
threshold=1.7999919056892397 1.6666417121887209 201.50000000000003 2.9998425245285039 1.012742340564728 10.500000000000002 1.2105234861373904 3.5000000000000004 0.90097919106483471 180.50000000000003 189.50000000000003 -0.3653151392936706 -0.85085660219192494 189.50000000000003 1.9999839067459109 0.85713458061218273 4.5000000000000009 1.3043456673622134 0.99999713897705089 21.500000000000004 -0.88617068529129017 1.0909023880958559 0.79999887943267833 0.9999774992465974 0.76190313696861278 0.74999296665191661 1.199997663497925 1.2105234861373904 1.090906620025635 1.4999971985816958
decision_type=2 2 10 2 2 2 2 2 2 10 10 2 2 10 2 2 2 2 2 2 2 2 2 2 2 2 2 2 2 2
left_child=1 2 4 9 6 -2 12 -6 15 16 11 23 -1 -14 -7 24 -3 18 21 -19 -13 22 -18 -9 25 -8 27 -25 -21 -30
right_child=5 3 -4 -5 7 14 8 10 -10 -11 -12 20 13 -15 -16 -17 17 19 -20 28 -22 -23 -24 26 -26 -27 -28 -29 29 -31
leaf_value=0.0037461951176959211 -0.035152982579407077 -0.023380779013474656 0.021964670585066522 -0.034710834282353491 -0.041239331729083652 0.0038820505186634162 -0.0049093988185035355 0.011678530579234557 -0.01266646049469838 0.018753386967497163 0.021974193066174229 0.0051939658182958547 -0.0010174853121040805 0.018399174827184249 -0.038109141584358963 0.0048872124864124643 -0.0045535721265760601 -0.0080832820223178548 -0.016084484719575857 0.011308612623897431 0.0005400171076458001 0.0011620487052938697 -0.01420780079582301 0.0060861265685592915 -0.011372943663493009 0.0089429288978142372 0.0080712348619992064 -0.003408754623091538 -0.0088564544176332749 0.0036790588622498039
leaf_weight=135438.35460543633 16213.520703837276 4038.9315996840596 12432.723716914654 4468.9579357132316 1386.0171162635088 3597.3866241425276 26766.786849156022 23548.371098607779 29094.806423291564 2899.391601011157 4377.9966103732586 63760.220944494009 165168.96426764131 4053.002083465457 887.43311581015587 18887.952772900462 26829.428514540195 21911.071264669299 20160.735518187284 5174.5850695520639 131642.7979029119 12423.005703419447 16989.650548234582 52809.015092387795 12761.087374657393 6516.2898860871792 55581.402596279979 21542.786578416824 9811.4260630607605 15771.048809975386
leaf_count=238014 134620 21814 9608 37320 7432 7789 68156 35196 84703 2873 3683 106189 341127 3883 6342 38617 80791 68417 72066 10870 260856 32804 60132 81668 35650 12681 88217 48465 26959 35788
internal_value=-2.82542e-06 0.000649451 0.00209734 -0.00724239 0.00176888 -0.0285349 -0.000201828 0.0039842 -0.00526106 -0.00633487 0.00416395 0.00393921 0.00135984 -0.000550321 -0.00455925 -0.00193997 -0.00688407 -0.00636431 -0.00882024 -0.00279962 0.00205898 -0.00621149 -0.00830151 0.00633243 -0.00474147 -0.00219359 0.00536188 0.00333489 0.000967219 -0.00113174
internal_weight=926945 906247 765769 140478 753336 20698.3 398687 354649 94026.9 136009 353263 348885 304660 169222 4484.82 64932.1 133110 129071 76402.8 52668.1 195403 56242.1 43819.1 153482 46044.2 33283.1 129933 74351.8 30757.1 25582.5
internal_count=2062730 1913979 1464145 449834 1454537 148751 822831 631706 239807 412514 624274 620591 583024 345010 14131 155104 409641 387827 245793 142034 367045 173727 140923 253546 116487 80837 218350 130133 73617 62747
is_linear=0
shrinkage=0.03


Tree=48
num_leaves=31
num_cat=0
split_feature=30 40 92 30 24 39 30 24 30 24 40 92 24 38 24 100 40 32 92 92 39 32 24 98 51 92 92 98 30 24
split_gain=14352.5 6098.58 5857.03 4487.78 4217.23 3506.17 3289.53 2572.28 2819.53 2499.45 2251.41 2079.19 1906.66 1482.63 1193.05 1182.02 1024.74 920.369 915.499 911.462 844.724 765.354 759.273 860.449 724.476 692.79 632.552 630.635 720.313 623.144
threshold=13.500000000000002 165.50000000000003 1.9411687254905703 67.500000000000014 40.500000000000007 167.50000000000003 43.500000000000007 25.500000000000004 25.500000000000004 2.5000000000000004 120.50000000000001 1.1052591800689699 13.500000000000002 150.50000000000003 5.5000000000000009 -0.84903699159622181 201.50000000000003 69.500000000000014 2.2499620914459233 1.3043456673622134 114.50000000000001 69.500000000000014 35.500000000000007 1.1111089587211611 14.300186634063722 2.5714037418365483 1.3636317253112795 1.4157282114028933 51.500000000000007 20.500000000000004
decision_type=2 10 2 2 2 10 2 2 2 2 10 2 2 10 2 2 10 2 2 2 10 2 2 2 2 2 2 2 2 2
left_child=2 3 9 4 5 6 7 8 12 -1 13 15 18 20 -4 -5 -3 -8 -2 -6 -11 -14 23 -19 -17 -16 -9 -24 -29 -10
right_child=1 16 14 11 19 -7 17 26 29 10 -12 -13 21 -15 25 24 -18 22 -20 -21 -22 -23 27 -25 -26 -27 -28 28 -30 -31
leaf_value=-0.036962466675092225 -0.00085466582183284841 0.0099372093616619146 -0.035520821938920068 0.004014678233276503 -0.013261806249470083 0.015741020204070678 0.0085868618841774408 -0.011168961098257124 0.0030584723377050688 -0.01055638573263718 0.0098533407797505614 0.0073262459705362376 -0.010452887073202697 0.016801912742246211 -0.012985872650539727 0.0025296423954586432 0.021909903664455176 0.00093954471008145875 -0.020349201188157025 -3.7126268680256947e-05 0.0064756960967480076 -0.00031769105707401185 -0.0075823422038147643 0.0063420765100836388 -0.0027698010134507359 -0.035213167129145663 -0.0028568560578515821 -0.0083613112427187147 0.0075294549982891168 -0.0012766285900295655
leaf_weight=2559.5207178071141 72085.779983177781 13789.71778280288 9046.161959990859 116711.14481894672 28644.542259894311 12077.961826242507 22029.839525789022 33305.599567562342 93592.183741360903 51360.294356673956 6512.3900046870112 95558.483305677772 44335.836934514344 1952.9993390887976 4989.9002033099532 40652.034865111113 12144.899940505624 69201.09793317318 2215.4040976837277 5608.1968829035759 2748.771665379405 7901.456343151629 12351.360047474504 43018.897326692939 54078.881397798657 1692.3260197341442 10968.721325263381 3851.0413036048412 7605.9672404378653 43794.049755573273
leaf_count=19476 167892 21021 78587 197771 90615 14367 37491 98918 180480 184260 11648 149931 134209 3127 22258 79510 9541 128544 8813 13566 5703 22109 27968 74356 115577 14386 28379 11138 13883 96549
internal_value=8.43538e-05 0.00123924 -0.0119888 0.000785821 -0.000932187 -0.00020381 -0.000617504 -0.002422 -0.00129914 -0.00801624 -0.0068208 0.00365419 -0.00452975 -0.00876056 -0.0284087 0.00199412 0.0155565 0.00290097 -0.00144124 -0.0110978 -0.00968907 -0.00892054 0.00197901 0.00301134 -0.000495588 -0.0187034 -0.0091119 -0.00288528 0.00218283 0.00167661
internal_weight=926385 845523 80862.4 819588 512588 478335 466257 308199 263925 65134 62574.5 307001 126538 56062.1 15728.4 211442 25934.6 158058 74301.2 34252.7 54109.1 52237.3 136028 112220 94730.9 6682.23 44274.3 23808.4 11457 137386
internal_count=2062073 1722628 339445 1692066 1149277 1045096 1030729 737349 610052 224214 204738 542789 333023 193090 115231 392858 30562 293380 176705 104181 189963 156318 255889 202900 195087 36644 127297 52989 25021 277029
is_linear=0
shrinkage=0.03


Tree=49
num_leaves=31
num_cat=0
split_feature=87 97 97 92 24 18 97 87 24 24 39 90 39 87 34 39 97 39 92 87 87 18 24 18 24 32 92 92 87 92
split_gain=18617.7 9765.35 3913 3623.44 3332 3037.91 2586.59 2324.72 1360.43 1489.67 1335.18 1506.93 1248.96 1224.17 1108.03 1205.94 1017.63 972.983 1022.5 1337.89 1247.41 877.625 866.859 852.159 856.816 1247.71 748.76 731.12 1183.76 716.68
threshold=1.7999919056892397 1.6249949336051943 2.9998425245285039 1.012742340564728 3.5000000000000004 10.500000000000002 1.1194007396698 0.99999123811721813 54.500000000000007 4.5000000000000009 189.50000000000003 -0.5148097276687621 121.50000000000001 1.9999839067459109 31.500000000000004 189.50000000000003 1.3269196152687075 167.50000000000003 0.81080934405326854 0.76190313696861278 0.85713735222816478 36.500000000000007 40.500000000000007 30.500000000000004 32.500000000000007 77.500000000000014 0.59999188780784618 1.3636317253112795 1.1087425947189333 1.0434752106666567
decision_type=2 2 2 2 2 2 2 2 2 2 10 2 10 2 2 10 2 10 2 2 2 2 2 2 2 2 2 2 2 2
left_child=1 3 8 6 -5 -2 14 17 9 -3 11 -6 21 -7 15 -1 -13 18 19 26 -20 22 23 24 25 -11 -8 28 -18 -10
right_child=5 2 -4 4 10 13 7 -9 29 12 -12 16 -14 -15 -16 -17 27 -19 20 -21 -22 -23 -24 -25 -26 -27 -28 -29 -30 -31
leaf_value=0.00060512958088856971 -0.034887778134089345 -0.022503030443924685 -0.034490460415066211 -0.041696736871793046 0.007402118100638142 0.0016615483489711884 -0.0064920979595349355 -0.01346701084157652 -0.024101294746532196 -0.0055921729070647032 0.020818181828054526 0.0040337345497982752 0.01501103836393502 -0.03786110961024991 0.0061854209454460171 0.017776656500344577 0.0015099120874776091 0.018973034601727334 0.0065629540954836221 -0.012991959219356827 -0.0027584578860871223 0.0057387425655758655 -0.013174655524767208 0.0088540653362863073 -0.012645860022620536 0.0032261948750357209 0.0016673860101513106 0.0033472899394728132 -0.0098478991351750693 -0.0088147864941948324
leaf_weight=222268.73533816636 15584.979308366776 4077.461541198194 4297.69736263901 1397.1766613870859 95323.07662679255 3448.0931252688169 19781.569015085697 17893.396500125527 4922.579121619463 78076.321563377976 4382.8473718166351 192025.99258306623 2978.5613019913435 866.22907017916441 42177.819930806756 3722.9105970412493 19225.429754897952 1968.0147662013769 20394.554388314486 14302.7829657197 35179.822854086757 7005.5144912153482 11052.940316647291 4201.7526846528053 11435.847264513373 17702.392853423953 20692.771348267794 25727.821050316095 14452.370769709349 6338.2259251773357
leaf_count=434146 135011 22194 37116 7724 152098 7746 50652 50443 21927 232131 3778 328424 4140 6367 66940 3570 39928 2030 39184 40274 80242 16979 37047 9220 36524 43342 45078 49528 36462 21665
internal_value=-3.80158e-05 0.000594809 -0.00633681 0.00199886 0.00421408 -0.0287266 3.84636e-05 -0.00343029 -0.00551357 -0.00468544 0.00439912 0.0041904 -0.00413362 -0.00641189 0.00172289 0.000889556 0.00297228 -0.00182925 -0.00220361 -0.00511156 0.000663422 -0.00457629 -0.00516718 -0.00437058 -0.00489041 -0.00396198 -0.00232175 -0.00045903 -0.00336709 -0.0155281
internal_weight=922906 903006 152089 750917 352535 19899.3 398382 130213 147792 136531 351138 346755 132453 4314.32 268169 225992 251432 112320 110352 54777.1 55574.4 129475 122469 111416 107215 95778.7 40474.3 59405.6 33677.8 11260.8
internal_count=2061910 1912786 482285 1430501 617942 149124 812559 307903 445169 401577 610218 606440 379383 14113 504656 437716 454342 257460 255430 136004 119426 375243 358264 321217 311997 275473 95730 125918 76390 43592
is_linear=0
shrinkage=0.03


Tree=50
num_leaves=31
num_cat=0
split_feature=87 40 30 18 39 30 24 98 39 30 24 40 24 30 30 24 98 30 87 24 92 24 98 92 18 32 24 30 26 18
split_gain=17784.7 7220.56 6146.49 3132.04 2822.18 2707.17 4712.83 2328.62 2159.36 2089.79 4311.25 1499.49 1467.11 1361.23 1302.35 2699.65 1255.92 1239.68 1209.06 1174.86 1096.76 944.637 939.167 919.275 881.847 806.704 758.567 1016.77 754.759 733.451
threshold=1.7999919056892397 201.50000000000003 23.500000000000004 10.500000000000002 139.50000000000003 98.500000000000014 52.500000000000007 2.9995950460433964 189.50000000000003 61.500000000000007 31.500000000000004 120.50000000000001 66.500000000000014 79.500000000000014 33.500000000000007 22.500000000000004 1.6666417121887209 51.500000000000007 1.9999839067459109 40.500000000000007 1.1249905228614809 2.5000000000000004 1.4157282114028933 1.1999837756156924 23.500000000000004 105.50000000000001 15.500000000000002 16.500000000000004 61.500000000000007 19.500000000000004
decision_type=2 10 2 2 10 2 2 2 10 2 2 10 2 2 2 2 2 2 2 2 2 2 2 2 2 2 2 2 2 2
left_child=1 2 4 -2 7 6 8 11 9 10 14 21 13 -8 15 -4 -15 -12 -5 22 -7 -1 -19 -11 -16 29 27 -23 -28 -17
right_child=3 -3 5 18 -6 20 12 -9 -10 23 17 -13 -14 16 24 25 -18 19 -20 -21 -22 26 -24 -25 -26 -27 28 -29 -30 -31
leaf_value=-0.036192261941239631 -0.034721867114589501 0.021753172780006939 0.0013735834864792352 0.0021951101177944713 0.010394013540760109 0.0038808604555535531 -0.014711567782977379 -0.022139397542279879 0.019974469747369855 0.0025831318583515572 -0.010596732109276901 0.0045481209508698656 -0.023535120138965526 -0.006004925268398572 0.0026481745930106142 -0.017779287895078006 0.012122089135516106 -0.0038436436960385127 -0.037478293176959096 -0.010500459893403449 0.010304848653551095 -0.0068290687901583491 0.0078830247138368514 0.0075632765147076774 0.012389699867623507 0.0026140909177199728 -0.013336412749834908 -0.0011288037455982215 0.0019890743511239159 -0.0056159019469018082
leaf_weight=896.95421203970909 15154.734788507223 14351.082459077239 85123.496564030647 3464.595565199852 10415.828575253487 110377.52038367093 12799.721337124705 7383.7808951810002 5539.0804159343243 126345.03879059851 35827.695208005607 13722.671423077583 5610.1424667239189 16931.880092054605 167544.70065318048 11093.974003180861 4296.2170576751232 15364.162105932832 843.08841482549906 12086.502598881721 30536.774834439158 75723.579643294215 10216.826009124517 45325.439109131694 8785.0348036438227 3600.7721631228924 17826.186195231974 44846.669351026416 3445.7980657219887 7497.1022390350699
leaf_count=6075 134653 11263 175640 7714 15633 185434 44519 49667 4980 227941 108028 26821 23941 37657 312060 35812 7694 32025 6367 36496 42138 227699 18265 69727 15061 9565 55952 100966 9172 22486
internal_value=4.66415e-05 0.00065813 0.000317175 -0.0283124 -0.00473454 0.00154866 0.000633874 -0.00569743 0.00137438 0.0011788 -0.000128769 -0.00491876 -0.00934434 -0.00699227 0.00154913 -0.00105648 -0.00232836 -0.00660308 -0.00570698 -0.00280087 0.00527423 -0.0058294 0.000842386 0.00389875 0.00313486 -0.0103705 -0.00563232 -0.00470937 -0.0108543 -0.0128855
internal_weight=922977 903515 889164 19462.4 174261 714902 573988 163846 534350 528811 357140 156462 39638 34027.8 283645 107315 21228.1 73495.2 4307.68 37667.5 140914 142739 25581 171670 176330 22191.8 141842 120570 21272 18591.1
internal_count=2061451 1912717 1901454 148734 491985 1409469 1181897 476352 1068086 1063106 765438 426685 113811 89870 570624 243503 45351 194814 14081 86786 227572 399864 50290 297668 327121 67863 393789 328665 65124 58298
is_linear=0
shrinkage=0.03


Tree=51
num_leaves=31
num_cat=0
split_feature=87 40 30 18 39 100 39 92 98 38 89 92 87 87 92 24 98 87 30 40 69 40 40 30 24 30 24 100 30 24
split_gain=17054.7 6912 6393.81 3053.05 2600.03 2448.12 2855.31 2137.61 1946.95 1715.51 1577.6 1313.48 1157.82 1031.06 1283.72 1006.77 827.134 804.501 748.482 724.857 685.63 681.719 587.481 595.048 913.384 599.443 1127.09 567.364 510.502 954.01
threshold=1.7999919056892397 180.50000000000003 21.500000000000004 10.500000000000002 139.50000000000003 -0.84903699159622181 167.50000000000003 1.1538428664207461 2.9995950460433964 174.50000000000003 -0.8957308530807494 0.89999762177467357 1.9999839067459109 1.1087425947189333 1.3999965190887453 2.5000000000000004 1.7999730110168459 1.2307649850845339 69.500000000000014 127.50000000000001 0.26151126623153692 201.50000000000003 134.50000000000003 130.50000000000003 70.500000000000014 83.500000000000014 44.500000000000007 -0.30881980061531061 53.500000000000007 31.500000000000004
decision_type=2 10 2 2 10 2 10 2 2 10 2 2 2 2 2 2 2 2 2 10 2 10 10 2 2 2 2 2 2 2
left_child=1 2 4 -2 8 11 7 10 9 15 20 -4 -5 18 16 -1 17 -15 -9 -17 -7 -3 23 24 25 26 28 -16 29 -12
right_child=3 21 5 12 -6 6 -8 13 -10 -11 22 -13 -14 14 27 19 -18 -19 -20 -21 -22 -23 -24 -25 -26 -27 -28 -29 -30 -31
leaf_value=-0.036267327145364806 -0.034564900929867186 0.010054138586727952 0.00091975642957011297 0.0018685048801371142 0.010406683652675266 -0.0017832392945647563 0.015825412129876069 0.0035312078485159812 -0.021820189621571194 0.024308044249491623 -0.003856290954000276 0.0051478784618391249 -0.037247271482715921 0.0025324609165914471 0.0064928511998277073 -0.006415273128359612 -0.010878619459964446 -0.0053930400984948789 0.011971474321155728 0.0031274423353942911 0.0029202074984919077 0.021119650788826601 0.0065732787197390289 0.0032888255048207009 -0.016656938104403881 -0.00023495599701428839 -0.012595389965674678 0.0009013489836875 -0.00040943711346316033 -0.013477847337259161
leaf_weight=968.03730952739716 14769.117391034961 7859.97404076159 107948.67469064891 3467.7497020810843 8655.5658649131656 52280.912713393569 9933.6773933172226 29184.357779480517 7088.0374673455954 1673.4903301000595 65457.770824052393 170697.10749803483 826.9858794733882 26728.058851137757 32979.787696093321 122375.80876325816 8837.5911378413439 20237.180839955807 13988.109176725149 7597.8011727184057 59752.182161964476 14110.849955767393 4683.2875524759293 9034.4456086158752 5460.7203066945076 28043.394282311201 15699.602281168103 32350.921474322677 26824.703521639109 10793.354601696134
leaf_count=6597 134558 11055 206993 7730 13086 117389 11319 63490 48510 2028 153985 280642 6383 48828 56970 349680 24914 42433 20808 15496 125653 11322 8218 14746 18054 53440 49149 71027 52936 34209
internal_value=-3.31347e-05 0.000561123 0.000145635 -0.0280979 -0.0055322 0.00129822 -6.46023e-05 -0.000422148 -0.00652107 -0.0057002 -0.00202531 0.00351007 -0.00580129 0.00229055 0.000871394 -0.00608737 -0.00246974 -0.000883456 0.00627018 -0.00585704 0.000725389 0.0171738 -0.00388164 -0.00418594 -0.00462978 -0.00418024 -0.00511154 0.00372513 -0.00396945 -0.0052214
internal_weight=920309 901245 879275 19063.9 148359 730916 452270 442336 139703 132615 278030 278646 4294.74 164306 121134 130942 55802.8 46965.2 43172.5 129974 112033 21970.8 165997 161314 152280 146819 118775 65330.7 103076 76251.1
internal_count=2061648 1912977 1890600 148671 435397 1455203 967568 956249 422311 373801 627779 487635 14113 328470 244172 371773 116175 91261 84298 365176 243042 22377 384737 376519 361773 343719 290279 127997 241130 188194
is_linear=0
shrinkage=0.03


Tree=52
num_leaves=31
num_cat=0
split_feature=87 40 30 18 30 24 39 92 30 24 98 38 39 30 24 87 24 30 40 92 18 24 30 24 30 24 40 98 32 24
split_gain=16068.6 6442.3 5822.43 3375.94 2621.17 3900.56 2513.58 2173.55 2055.22 3852.69 1923.55 1696.05 1343.76 1212.39 2834.19 1212.08 1075.23 1184.56 959.792 925.987 798.259 766.128 764.034 788.899 731.127 869.837 694.789 681.41 673.542 643.978
threshold=1.7999919056892397 180.50000000000003 21.500000000000004 10.500000000000002 98.500000000000014 54.500000000000007 121.50000000000001 1.3043456673622134 61.500000000000007 33.500000000000007 2.9995950460433964 174.50000000000003 167.50000000000003 37.500000000000007 20.500000000000004 1.9999839067459109 66.500000000000014 87.500000000000014 120.50000000000001 1.1249905228614809 44.500000000000007 2.5000000000000004 43.500000000000007 22.500000000000004 51.500000000000007 44.500000000000007 201.50000000000003 1.3846009969711306 85.500000000000014 26.500000000000004
decision_type=2 10 2 2 2 2 10 2 2 2 2 10 10 2 2 2 2 2 10 2 2 2 2 2 2 2 10 2 2 2
left_child=1 2 6 -2 5 7 10 8 9 12 11 18 13 14 -4 -5 17 20 21 -6 -7 -1 23 -9 -11 27 -3 -26 -10 -16
right_child=3 26 4 15 19 16 -8 22 28 24 -12 -13 -14 -15 29 -17 -18 -19 -20 -21 -22 -23 -24 -25 25 -27 -28 -29 -30 -31
leaf_value=-0.035429196354977939 -0.034406103875316785 0.0095016908835044486 0.0007014352221837339 0.003228395511326667 0.0036653427322686739 -0.016532946682505937 0.0083417088287520685 0.0044388335232933831 0.010036505876946487 -0.01394224067779608 -0.0216918467708683 0.024180697545659744 0.014197097288908478 0.001784504270980563 -0.0068505808490210169 -0.036960030513501933 -0.021959374567008756 8.1137850320888957e-05 0.0034970681625994351 0.0096025236536477019 0.0014789170593555796 -0.0064618750792078683 0.0069345530248846989 -0.0026706197071632259 -0.008235202813446087 -0.015916926094911674 0.020696398935847658 0.0031297497614122547 0.0022054978555637451 -0.015578646888153878
leaf_weight=808.5304392427206 14461.528960220516 7863.2882934808731 78361.697640970349 3574.9109743386507 109718.94785295427 11494.034907355905 11273.051493488252 44969.696519546211 10604.067586869001 19698.165617741644 6993.2261173427105 1684.073219820857 5800.6709170639515 115155.61005416512 27384.980328209698 812.02835935354233 5557.699702963233 10859.883338242769 8984.7159201949835 30136.816248178482 2737.9265258982778 118631.15590737015 58725.034752182662 20408.545649722219 10368.171885609627 6260.7318071126938 13907.337454259396 8730.0075390636921 142566.0158791393 10555.393232889473
leaf_count=5810 135246 11178 162565 7810 184869 39177 19058 84469 16865 64852 48705 2015 6919 219314 73358 6417 23810 21630 18731 42040 8048 341493 96565 51283 24331 22060 11304 19061 257707 35131
internal_value=-2.21808e-05 0.000552077 0.000152378 -0.0274214 0.00125344 0.000378383 -0.00526497 0.000949281 -4.88851e-05 -0.0015669 -0.00638482 -0.00555887 -3.93743e-05 -0.000397357 -0.00255765 -0.00434451 -0.0100387 -0.00738295 -0.00595256 0.00494591 -0.0130706 -0.00666386 0.00445134 0.0022194 -0.00960685 -0.00623089 0.0166654 -0.00304231 0.00274888 -0.00928575
internal_weight=919088 900239 878469 18848.5 730094 590238 148375 559589 435486 282315 137102 130108 237258 231458 116302 4386.94 30649.5 25091.8 128424 139856 14232 119440 124103 65378.2 45057.1 25358.9 21770.6 19098.2 153170 37940.4
internal_count=2061821 1912348 1889866 149473 1454054 1227145 435812 1134480 902163 627591 416754 368049 497287 490368 271054 14227 92665 68855 366034 226909 47225 347303 232317 135752 130304 65452 22482 43392 274572 108489
is_linear=0
shrinkage=0.03


Tree=53
num_leaves=31
num_cat=0
split_feature=87 40 30 18 39 30 24 98 30 24 38 39 30 24 40 30 24 87 18 24 92 92 98 40 92 61 32 24 30 66
split_gain=16192.8 6137.96 5668.49 2722.69 2434.64 2326.02 3994.65 2167.67 1898.55 4406.92 1612.61 1203.48 1152.74 1120.81 1103.59 1091.38 2259.36 1003.85 977.006 967.751 954.715 913.528 821.343 769.992 758.362 706.405 674.643 654.688 1155.23 681.164
threshold=1.7999919056892397 165.50000000000003 23.500000000000004 10.500000000000002 139.50000000000003 98.500000000000014 52.500000000000007 2.9995950460433964 57.500000000000007 31.500000000000004 174.50000000000003 189.50000000000003 83.500000000000014 66.500000000000014 201.50000000000003 35.500000000000007 23.500000000000004 1.9999839067459109 19.500000000000004 2.5000000000000004 1.1249905228614809 1.2499972581863406 1.4498255252838137 120.50000000000001 1.3999965190887453 12.4768443107605 85.500000000000014 40.500000000000007 47.500000000000007 11.923834323883058
decision_type=2 10 2 2 10 2 2 2 2 2 10 10 2 2 10 2 2 2 2 2 2 2 2 10 2 2 2 2 2 2
left_child=1 2 4 -2 7 6 8 10 9 11 19 15 25 22 -3 16 -4 -5 -18 -1 -7 26 -14 -21 27 -8 -10 28 -11 -29
right_child=3 14 5 17 -6 20 12 -9 21 24 -12 -13 13 -15 -16 -17 18 -19 -20 23 -22 -23 -24 -25 -26 -27 -28 29 -30 -31
leaf_value=-0.035777042765155635 -0.034264357871677947 0.0085522233373815631 0.00098872215101947995 0.00044481149352372062 0.0099071247385546079 0.0034907166089349125 -0.0023152486618217261 -0.021930971831374196 0.00899278230453502 -0.013074952426014417 0.023601705359548877 0.017859762609875582 -0.0058749472703304795 -0.019591357297540121 0.020263388483426042 0.0029094987940699387 -0.015307218620519604 -0.036707380418799868 -0.0028788853830502164 -0.005629176343788617 0.0095207196322001347 0.0074619812656128402 0.0074266275086594113 0.0033941181222819738 0.00018263940027534538 -0.017302372258770304 0.0018488685170946488 -0.0019072009108146086 -0.0022701942747816884 -0.019092135334201496
leaf_weight=910.63642124831676 14046.331558808684 15233.369320236146 100073.17195422947 3405.8756911456585 9525.9654679596424 109373.77140530944 3530.6986256539822 7052.1145885139704 12938.979764476418 16585.404094167054 1742.1014824360609 3898.927126288414 11441.175870135427 3476.1408248245716 13874.137621417642 141350.74635073543 12091.002307370305 790.13521972298622 10762.944681875408 139574.05241718888 30142.772871479392 40898.064673915505 6554.8276806622744 9051.1890745013952 8953.7146025374532 14391.471219949424 145527.8533115685 2660.8720422312617 19229.648375764489 9499.275329940021
leaf_count=6500 134705 23335 208314 7773 14464 184663 10724 49868 21216 53538 2075 3656 24741 14270 11422 261596 38184 6378 31383 391801 41985 63324 11902 18563 21329 51967 267127 8006 42698 34242
internal_value=3.02646e-05 0.000597523 0.000144615 -0.0279366 -0.00480857 0.00132675 0.000468545 -0.00569508 0.0011607 -0.000252788 -0.00493541 0.00135663 -0.00874232 -0.00404795 0.0141444 0.00111183 -0.000955405 -0.00669213 -0.0094618 -0.00527098 0.00479469 0.00346549 -0.00102714 -0.00507928 -0.00783215 -0.0143558 0.00243324 -0.00932742 -0.00727822 -0.0153411
internal_weight=918587 900345 871238 18242.3 167856 703381 563865 158330 524471 325106 151278 268177 39394.3 21472.1 29107.5 264278 122927 4196.01 22853.9 149536 139517 199365 17996 148625 56928.9 17922.2 158467 47975.2 35815.1 12160.1
internal_count=2061749 1912893 1878136 148856 483271 1394865 1168217 468807 1054613 702946 418939 543133 113604 50913 34757 539477 277881 14151 69567 416864 226648 351667 36643 410364 159813 62691 288343 138484 96236 42248
is_linear=0
shrinkage=0.03


Tree=54
num_leaves=31
num_cat=0
split_feature=87 97 97 12 92 39 24 89 39 24 92 87 30 87 100 92 87 87 92 33 87 92 65 39 98 87 97 92 24 87
split_gain=15149.3 7921.87 4100.46 2792.74 2443.12 2164.35 1877.91 1495.86 1582.37 1311.42 1326.85 2089.63 1468.77 1262.77 1170.1 1049.84 1602.08 1072.7 905.365 815.033 797.29 1581.49 736.87 856.113 694.723 647.978 622.171 610.662 1210.74 1113.86
threshold=1.7999919056892397 1.3770461678504946 2.9998425245285039 9.5000000000000018 0.74999296665191661 129.50000000000003 66.500000000000014 -0.5963851511478423 167.50000000000003 4.5000000000000009 1.2314536571502688 1.0560781955718996 31.500000000000004 1.9999839067459109 -0.88617068529129017 0.88684234023094188 0.79999887943267833 0.88888442516326915 1.1052591800689699 9.5000000000000018 1.1342321634292605 1.5999960303306582 0.19999998062849048 151.50000000000003 1.1111089587211611 1.3090156912803652 1.6666417121887209 1.2499972581863406 5.5000000000000009 1.3090156912803652
decision_type=2 2 2 2 2 10 2 2 10 2 2 2 2 2 2 2 2 2 2 2 2 2 2 10 2 2 2 2 2 2
left_child=1 4 5 -2 22 6 9 24 14 -3 11 15 -12 -5 -9 16 -11 19 26 -17 -14 25 23 -1 -6 -22 -19 -16 29 -29
right_child=3 2 -4 13 7 -7 -8 8 -10 10 12 -13 20 -15 27 17 -18 18 -20 -21 21 -23 -24 -25 -26 -27 -28 28 -30 -31
leaf_value=-0.0028829067464870889 -0.034099064916470287 -0.017961137175478838 -0.034013982647604524 0.0017796445578770932 0.0038279930282372368 0.014060800278378921 -0.017603252325243235 0.0038939048871764075 0.014264073355235067 -0.0040810815561476551 -0.0038303393169696778 -0.01400894216150836 0.0089970828918383428 -0.036228781035049895 -0.0011936646138916891 -0.0033872480260301037 -0.01780942481108571 -0.0032194601649892353 0.0019185213020842912 0.0085501698680219354 -0.0015492511323396186 0.0096380749901626931 0.0027756757872277075 0.0092539775710729494 0.0074807092650379346 -0.014691559182604251 -0.01288077730300363 -0.044302498502713734 0.0036603562881900552 -0.0047111349671158567
leaf_weight=105345.3996669054 13460.718600340188 5392.7147967517376 3985.2011693716049 3498.9923521876335 107904.83254382014 6199.6001972556114 8615.211147621274 122408.9890229553 9207.2769385278225 41148.88366560638 53548.983635514975 19685.530456498265 15500.698769822717 994.25134819000959 115745.25846427679 7887.5174710601568 9383.7857383489609 14025.348165988922 15399.096448510885 14749.998093396425 16136.090463712811 11405.651199191809 33844.317567870021 5484.7093008756638 82943.609763726592 4251.9384760409594 10487.008018478751 842.10882790386677 54426.575421988964 2500.0289068222046
leaf_count=231061 132742 27947 37357 7781 181873 8401 33630 207356 10925 118677 147185 64175 30275 8291 231761 22296 32944 36751 37579 33252 36349 20561 64115 7913 132797 11186 38600 4627 96163 6865
internal_value=-8.01055e-08 0.000545467 -0.00389507 -0.0272707 0.00233244 -0.00341953 -0.00385828 0.00333297 0.00202978 -0.0033614 -0.00302286 -0.00499308 -0.000428464 -0.00675402 0.00164819 -0.00342138 -0.00663644 -0.000822672 -0.00378085 0.00439153 0.00342329 0.000701899 -0.00109764 -0.00228072 0.0054161 -0.0043018 -0.00735995 6.36371e-05 0.00258231 -0.0148911
internal_weight=916410 898456 257803 17954 640653 253818 247618 495979 305130 239003 233611 132767 100843 4493.24 295923 113082 50532.7 62549 39911.5 22637.5 47294.4 31793.7 144674 110830 190848 20388 24512.4 173514 57768.7 3342.14
internal_count=2061435 1912621 737165 148814 1175456 699808 691407 872367 557697 657777 629830 384274 245556 16072 546772 320099 151621 168478 112930 55548 98371 68096 303089 238974 314670 47535 75351 339416 107655 11492
is_linear=0
shrinkage=0.03


Tree=55
num_leaves=31
num_cat=0
split_feature=87 97 40 97 39 31 40 40 92 97 87 30 87 38 38 92 87 95 30 92 87 92 87 30 87 92 97 92 92 87
split_gain=14666.5 7196.2 3854.96 3729.32 2627.69 2531.71 2269.11 1951.17 1861.74 2090.61 2393.06 1709.88 1778.72 1456.46 1133.97 1032.84 1306.03 1014.08 1007.53 1157.6 1265.82 1561.09 1447.84 1040.57 931.887 1082.72 1150.62 875.133 746.192 946.69
threshold=1.7999919056892397 1.5483803749084475 165.50000000000003 2.9998425245285039 inf 1.0000000180025095e-35 165.50000000000003 201.50000000000003 1.071426570415497 1.1351310014724734 0.99999827146530162 18.500000000000004 1.9999099969863894 174.50000000000003 174.50000000000003 0.93387818336486828 0.85713735222816478 -0.85085660219192494 7.5000000000000009 1.3999965190887453 1.0560781955718996 1.0909023880958559 0.88888442516326915 25.500000000000004 1.0784602761268618 1.199997663497925 1.1999675631523135 0.81080934405326854 0.88684234023094188 0.70588049292564403
decision_type=2 2 10 2 8 2 8 10 2 2 2 2 2 10 10 2 2 2 2 2 2 2 2 2 2 2 2 2 2 2
left_child=1 2 4 7 5 -1 8 14 9 17 15 -2 -13 -6 18 16 27 -7 -3 20 21 22 28 -21 -10 26 -26 -11 29 -20
right_child=11 3 -4 -5 13 6 -8 -9 24 10 -12 12 -14 -15 -16 -17 -18 -19 19 23 -22 -23 -24 -25 25 -27 -28 -29 -30 -31
leaf_value=0.016825112664203494 -0.032951456243306178 -0.014757260795533727 0.01358860025742682 -0.033869512365696457 -0.0046159598395312043 0.004260337235989349 -0.0056226180986876356 0.021675983386694329 0.0077513116558659495 -0.0026167052489371396 -0.012722240839223841 0.00167067511994073 -0.036356731754592655 0.021066580424658924 0.02820274901605305 0.0039410642489804762 -0.0099066042077495496 0.00045711643004487117 -0.0025440833608981646 -0.0048090790705549117 -0.01158090577705464 0.0023003753586951616 -0.0140153180480999 0.0039280954366314744 0.0020218702883001544 0.0048880049134648936 -0.0089979718047645246 0.007438248193418733 0.0021127696236578931 -0.013939695016501037
leaf_weight=10268.890364319086 12711.127652078867 8715.2725478485227 24273.462200984359 3895.5548093542457 72065.296190097928 129579.96181102097 34765.539875671268 2552.4163153320551 56678.478521540761 30035.502538517118 17577.432570561767 3104.169912211597 1699.2253117710352 2024.1355869024992 920.72770541161299 29755.30721797049 17031.850824952126 122973.58723579347 19190.927034124732 24573.588045120239 27395.105554625392 24053.805093586445 17451.674459248781 24458.711822152138 38244.433340549469 114342.01678904891 10953.051651358604 10496.095641925931 13366.390670150518 9958.8398472815752
leaf_count=10684 129067 40744 29526 37477 177877 219846 82759 2073 88706 69846 46325 7317 12324 2325 1067 56013 44385 234587 56735 71800 88078 61763 66223 52719 64949 190831 25701 19311 36196 34685
internal_value=-1.88691e-05 0.000511941 0.00184106 -0.00491655 0.00143144 0.00206693 0.00181894 -0.00425938 0.00226697 0.000930089 -0.00262956 -0.0271918 -0.0118767 -0.00390881 -0.00465109 -0.000595436 -0.00294097 0.00240865 -0.00483322 -0.00429239 -0.00598257 -0.00415492 -0.00674412 -0.000450902 0.00443666 0.00328708 -0.000434185 -1.0482e-05 -0.00375431 -0.00644421
internal_weight=915113 897598 721065 176533 696792 622702 612433 172637 577668 357450 104896 17514.5 4803.4 74089.4 170085 87318.8 57563.4 252554 169164 160449 111417 84021.6 59967.8 49032.3 220218 163540 49197.5 40531.6 42516.2 29149.8
internal_count=2061939 1913231 1363671 549560 1334145 1153943 1143259 512083 1060500 690313 235880 148708 19641 180202 510010 189555 133542 454433 508943 468199 343680 255602 193839 124519 370187 281481 90650 89157 127616 91420
is_linear=0
shrinkage=0.03


Tree=56
num_leaves=31
num_cat=0
split_feature=87 40 30 18 30 24 30 24 30 24 24 38 92 92 24 87 92 87 24 30 92 78 32 24 30 18 24 30 32 18
split_gain=14003.6 5770.94 4981.9 2937.25 2477.52 3662.88 1684.71 3782.55 1417.69 2481.38 1368.14 1471.97 1193.09 1030.22 1344.76 986.151 953.102 903.579 872.042 1357.96 816.221 803.162 722.565 754 853.641 771.992 716.549 775.252 697.263 673.076
threshold=1.7999919056892397 180.50000000000003 16.500000000000004 10.500000000000002 95.500000000000014 54.500000000000007 55.500000000000007 31.500000000000004 33.500000000000007 17.500000000000004 2.5000000000000004 174.50000000000003 1.2499972581863406 1.7999940514564516 5.5000000000000009 1.9999839067459109 1.0909023880958559 1.3333273530006411 46.500000000000007 73.500000000000014 1.3999965190887453 0.88850149512290966 105.50000000000001 21.500000000000004 23.500000000000004 14.500000000000002 10.500000000000002 9.5000000000000018 85.500000000000014 20.500000000000004
decision_type=2 10 2 2 2 2 2 2 2 2 2 10 2 2 2 2 2 2 2 2 2 2 2 2 2 2 2 2 2 2
left_child=1 2 10 -2 5 6 7 8 9 -4 -1 13 18 26 -15 -5 -7 -16 28 -20 -9 -6 23 24 -11 -26 27 -12 -8 -10
right_child=3 -3 4 15 21 16 12 20 29 22 11 -13 -14 14 17 -17 -18 -19 19 -21 -22 -23 -24 -25 25 -27 -28 -29 -30 -31
leaf_value=-0.036297995923046875 -0.033851157020542887 0.015876809804885404 0.0012362822980942947 0.0018128899362668499 0.0019333629087492546 -0.015232505271222319 0.0091044887526549791 -0.010047685354305285 0.0018050945637565112 -0.011469881981332716 -0.0082094616824290312 0.01874588318924322 0.0070260881518693198 -0.038593795768501679 -0.038969663746004461 -0.035940059329026261 -0.0032852065881521413 -0.0066789926477808488 -0.012120860215519412 0.0010383605646254316 0.00033714211629446252 0.006316631190025024 0.0031077228579757337 -0.011248555267994877 -0.0052607412210429428 0.006347211042698005 -0.010875429681413548 -0.0013227461706153086 0.0019133652255588739 0.0073748459470611288
leaf_weight=1341.4651151970029 12985.220238640904 21468.031402572989 121627.34122427553 3460.8873255848885 68158.569205179811 16636.824805349112 13457.564870089293 41514.632550626993 132912.69585309923 9983.625570833683 23771.401909582317 2096.1862976327538 45182.288283318281 1861.0125709399581 860.02641087025404 738.88768608868122 9422.3983210921288 6997.048678278923 9840.7683797627687 24819.860567048192 8146.3658927604556 84024.699291333556 6813.0295853763819 23999.217115581036 13684.677488103509 8247.0211553871632 17144.250610411167 38573.651849985123 122084.82193033397 22875.359037682414
leaf_count=10275 134527 22511 255440 7721 118122 58085 21694 124556 249791 33205 88118 2517 71051 12584 5279 6410 25489 26348 29933 45731 19688 132034 16966 74723 32263 17563 57798 98237 221342 42436
internal_value=3.1501e-06 0.000517052 0.000140311 -0.0268065 0.000918326 8.99311e-05 0.000564294 -0.000612298 0.000517062 -0.0012633 -0.00643757 -0.005991 0.00269355 -0.00657634 -0.0157892 -0.00496804 -0.0109185 -0.0103035 0.00154274 -0.00270261 -0.00834471 0.004354 -0.00610878 -0.00723249 -0.0042074 -0.000893973 -0.00544632 -0.00395036 0.00262859 0.00262378
internal_weight=914730 897545 876077 17185 783432 631248 605189 389804 340143 184355 92645 91303.6 215385 89207.4 9718.09 4199.78 26059.2 7857.08 170203 34660.6 49661 152183 62727.6 55914.5 31915.3 21931.7 79489.3 62345.1 135542 155788
internal_count=2062437 1913779 1891268 148658 1590112 1339956 1256382 866631 722387 430160 301156 290881 389751 288364 44211 14131 83574 31627 318700 75664 144244 250156 174720 157754 83031 49826 244153 186355 243036 292227
is_linear=0
shrinkage=0.03


Tree=57
num_leaves=31
num_cat=0
split_feature=87 97 40 97 18 0 39 40 97 24 98 24 98 87 97 24 18 24 2 34 38 26 98 40 97 100 8 38 98 32
split_gain=13397.3 6222.44 3973.49 3445.93 2997.2 2417.7 1419.78 1419.54 1259.44 1671.74 1472.01 1186.65 1009.07 977.368 950.351 919.719 866.397 840.336 856.187 830.795 1010.36 785.998 735.553 728.016 688.078 636.018 587.479 576.976 561.492 548.72
threshold=1.7999919056892397 1.6666417121887209 165.50000000000003 2.9998425245285039 10.500000000000002 1.5000000000000002 189.50000000000003 180.50000000000003 1.2810719609260561 70.500000000000014 1.1111089587211611 4.5000000000000009 1.4157282114028933 1.9999839067459109 1.1194007396698 50.500000000000007 35.500000000000007 37.500000000000007 3.5000000000000004 1.5000000000000002 150.50000000000003 73.500000000000014 1.6666417121887209 201.50000000000003 2.142847061157227 -0.91440039873123158 21.500000000000004 123.50000000000001 0.66521698236465465 419.50000000000006
decision_type=2 2 10 2 2 2 10 10 2 2 2 2 2 2 2 2 2 2 2 2 10 2 2 10 2 2 2 10 2 2
left_child=1 2 5 7 -2 6 19 11 10 12 14 -3 21 -6 25 16 17 18 27 20 -1 -10 26 -4 -17 28 -11 -13 -7 -16
right_child=4 3 23 -5 13 8 -8 -9 9 22 -12 15 -14 -15 29 24 -18 -19 -20 -21 -22 -23 -24 -25 -26 -27 -28 -29 -30 -31
leaf_value=-0.0045024033945036731 -0.033725229847161808 -0.021833117562043942 0.0086746461234054328 -0.033688865076988324 0.0021047328730760982 0.0008770264182598696 0.01475950701684489 0.016538733198473821 0.00093378037501276937 0.00024901548235823202 0.0059680759081384756 -0.0059118528909354083 0.0029684206803938132 -0.035761205201752522 -0.001387066273657955 -0.014830263909545225 0.0084066440967590708 -0.011743727882933746 0.00018556999996892281 -0.0002156120055294181 0.011953163365002736 -0.0068705379597591848 0.0009719341093625554 0.018923180366231775 0.0056773969113996922 0.0005882775043331744 -0.028136421133591195 0.020222735733673676 0.0054628102305959931 -0.013443836360299317
leaf_weight=82160.424048706889 12651.396164596081 3643.8094420135021 13974.597445160151 3734.5520050004125 3499.8200966715813 33960.348388180137 4957.9610391259193 2794.7422308176756 24460.608752757311 815.60898357629776 126965.95851880312 58123.10820427537 67568.177338436246 723.39671435952187 28657.00294432044 11127.989041894674 5101.4819403141737 11888.962578430772 38408.937059238553 172292.096927315 3482.345619276166 22087.648334130645 1670.7664003372192 11345.080508455634 1685.8423584550619 75648.520675972104 3330.3697180896997 751.27818837761879 82234.208399891853 3835.2349880486727
leaf_count=207198 134580 21919 21176 37196 7766 60528 5149 2877 51485 2262 204552 180966 140032 6396 55478 44701 11908 40204 103857 353210 5616 54542 4534 9625 4922 137497 11981 1226 130524 8556
internal_value=3.70304e-05 0.000535674 0.00159813 -0.00534216 -0.0264299 0.00119495 -0.00110997 -0.00454441 0.00248081 -0.000173549 0.00338696 -0.00499759 0.000627304 -0.00451933 0.00192573 -0.00451152 -0.00365555 -0.00422063 -0.00329901 -0.00141613 -0.00383066 -0.00277081 -0.0158335 0.0132781 -0.0121275 0.00272932 -0.022578 -0.0055716 0.0041229 -0.00281759
internal_weight=913582 896708 759447 137261 16874.6 734127 262893 133526 471234 119933 351301 130731 114116 4223.22 224335 127088 114274 109172 97283.3 257935 85642.8 46548.3 5816.75 25319.7 12813.8 191843 4145.98 58874.4 116195 32492.2
internal_count=2062463 1913721 1463945 449776 148742 1433144 571173 412580 861971 264836 597135 409703 246059 14162 392583 387784 338161 326253 286049 566024 212814 106027 18777 30801 49623 328549 14243 182192 191052 64034
is_linear=0
shrinkage=0.03


Tree=58
num_leaves=31
num_cat=0
split_feature=87 97 97 12 39 3 89 24 100 87 39 38 24 97 24 98 98 24 39 36 93 61 33 38 26 98 24 94 98 69
split_gain=13137 6305.35 3315.56 2568.58 2393.28 2302.62 1510.05 1287.41 1236.49 1079.47 1004.81 919.58 824.019 759.641 1320.87 754.455 746.11 660.763 691.154 593.507 588.693 532.099 771.416 540.875 519.703 487.44 450.757 444.583 430.054 423.361
threshold=1.7999919056892397 1.6666417121887209 2.9998425245285039 9.5000000000000018 189.50000000000003 3.5000000000000004 -1.0397759675979612 3.5000000000000004 -0.95430809259414662 1.9999839067459109 189.50000000000003 174.50000000000003 72.500000000000014 1.2105234861373904 74.500000000000014 1.6666417121887209 1.1111089587211611 3.5000000000000004 151.50000000000003 5.5000000000000009 1.7999757528305056 21.442685127258304 5.5000000000000009 123.50000000000001 88.500000000000014 1.4999967217445376 2.5000000000000004 -0.92854905128478993 1.9636315703392031 0.14285712689161303
decision_type=2 2 2 2 10 2 2 2 2 2 10 10 2 2 2 2 2 2 10 2 2 2 2 10 2 2 2 2 2 2
left_child=1 4 7 -2 5 6 29 -3 -8 28 12 17 21 16 15 24 -7 26 19 20 -19 22 23 -9 -15 -16 -10 -18 -5 -1
right_child=3 2 -4 9 -6 13 8 10 11 -11 -12 -13 -14 14 25 -17 27 18 -20 -21 -22 -23 -24 -25 -26 -27 -28 -29 -30 -31
leaf_value=0.00012029773493753008 -0.033581875412400528 -0.027951084707869979 -0.033557836459109792 0.0086954198095564195 0.016768992604327147 0.0038218586347015387 0.0018765636906081409 -0.0075169647168552203 -0.037527087711241615 -0.035416451709228344 0.021461642467856906 0.01580055336701916 -0.025466603268952021 0.0050827647507618312 -0.026181973455025334 0.0081147742297808748 0.011653237445544359 -0.0017188275109918428 0.0066393686122581327 -0.0043003374893641 0.0033806207510244908 -0.0066542709832050021 -0.00047084246659480854 0.016346730592733304 -0.0023713170551352197 -0.0042373551538103515 -0.0096238904832137116 0.0057960411936492122 -0.013497811951726562 0.0036256745951001586
leaf_weight=40557.132258951664 12153.341300174594 2083.972090959549 3654.3342826515436 2261.0082163065672 9173.2055171132088 71992.787657409906 128112.65674945712 26451.417422324419 620.14568693935871 906.86425952613354 1330.0664429217577 2658.0643104314804 1655.5241163223982 13174.016948744655 1926.3278066962957 16148.474944725633 23085.439641386271 164512.88665989041 8647.274036899209 71425.397557646036 23235.185541525483 51182.978384703398 49498.723875284195 865.03001353144646 23235.613856136799 1729.7073327749968 2946.8003360778093 23711.55896525085 1178.9304477423429 131710.21699227393
leaf_count=80033 132982 14932 37361 3798 8933 117568 234878 87685 4269 8269 1143 3376 8467 24395 6228 29643 31248 346112 14304 171941 43862 158949 140158 1639 50359 4654 9243 36969 3958 245118
internal_value=-2.85527e-06 0.000486265 -0.00544352 -0.0265118 0.0015551 0.00136843 0.000450522 -0.00466651 -0.0005562 -0.00668106 -0.00429184 -0.00169354 -0.0045593 0.00438095 0.00150703 0.00272203 0.00574048 -0.00186603 -0.00169459 -0.00197314 -0.00108744 -0.00428495 -0.00270492 -0.00674987 0.000327087 -0.0158793 -0.0146573 0.0086892 0.00105533 0.00280051
internal_weight=911825 895325 136722 16500.1 758603 749430 574426 133068 402158 4346.8 130984 274046 129654 175004 56214.1 52558.1 118790 271388 267821 259173 187748 127998 76815.2 27316.4 36409.6 3656.04 3566.95 46797 3439.94 172267
internal_count=2062474 1913467 450334 149007 1463133 1454200 1153136 412973 827985 16025 398041 593107 396898 301064 115279 104397 185785 589731 576219 561915 389974 388431 229482 89324 74754 10882 13512 68217 7756 325151
is_linear=0
shrinkage=0.03


Tree=59
num_leaves=31
num_cat=0
split_feature=30 40 97 92 97 0 92 51 97 30 18 39 92 90 39 34 69 39 92 97 98 14 92 18 92 97 97 18 40 12
split_gain=8819.51 4875.79 4613.75 3469.13 2380.71 2297.53 1659.18 1273.82 1249.33 1075.35 998.408 984.072 971.254 1062.71 951.573 755.861 712.824 690.957 600.245 984.072 1043.32 771.708 569.549 534.037 603.565 509.369 508.87 506.099 502.459 498.697
threshold=9.5000000000000018 201.50000000000003 1.4058226346969607 1.9411687254905703 2.9999362230300908 1.5000000000000002 1.2499972581863406 15.303615570068361 2.833312034606934 29.500000000000004 1.5000000000000002 151.50000000000003 0.85713458061218273 -0.70267128944396962 189.50000000000003 1.5000000000000002 0.11799497529864313 189.50000000000003 1.1538428664207461 1.1351310014724734 1.3529375791549685 50.500000000000007 2.5714037418365483 45.500000000000007 1.5999960303306582 2.142847061157227 1.0666649341583254 43.500000000000007 134.50000000000003 22.500000000000004
decision_type=2 10 2 2 2 2 2 2 2 2 2 10 2 2 10 2 2 10 2 2 2 2 2 2 2 2 2 2 10 2
left_child=3 2 5 8 6 14 7 11 10 22 -1 16 26 -14 15 -2 -4 18 19 -15 21 -21 25 24 -11 -8 -7 -20 -18 -9
right_child=1 -3 4 -5 -6 12 9 29 -10 23 -12 -13 13 17 -16 -17 28 -19 27 20 -22 -23 -24 -25 -26 -27 -28 -29 -30 -31
leaf_value=-0.032614476829861939 -0.0036506820486413372 0.019157641832937531 -0.0082455113980327149 -0.030540120245168795 -0.033596056191166256 0.001642918114933374 -0.00058944914196844148 -0.0080322495391069917 -0.033383563027220634 0.00037076753118126551 -0.0061792168872581849 0.019280711366295802 0.0076585165453056762 0.0032520587635320049 0.012919055927642064 0.00013761111422416866 -0.0022248457706361821 0.019510789247545797 0.0039548320390577476 -0.0020278952235751914 0.003520431880888639 -0.012261682558468776 -0.02479361556894721 0.018885479645930833 0.0080844154919282648 -0.0077912073761504906 -0.0035821538783567409 0.011868482077416561 0.016077250034655339 -0.017483729361526593
leaf_weight=1334.647056736052 67768.728450201452 12617.185212664306 20832.438489407301 8855.911944180727 2299.5174814537168 53106.217638857663 29547.075228765607 40310.327642649412 1770.5716046020389 31317.853155627847 25928.477444820106 1728.650903865695 52011.278693512082 110089.56405095756 4487.8028745725751 157614.51699902117 58395.347007259727 2240.9995323717594 110921.4216344431 20816.568305373192 19997.864247396588 9719.2164038717747 1061.8674771040678 1875.3622541576624 12867.086855128407 12593.869176708162 24496.314928889275 7770.7832018733025 1362.1640395671129 5744.1825020164251
leaf_count=15944 168656 10989 64666 92509 23638 97590 74851 124178 18213 69718 90671 1786 79338 183946 5173 318023 168162 2065 189280 42476 36624 22325 5777 3337 24109 39736 54303 10081 1828 22124
internal_value=4.36563e-05 0.000658371 0.000386835 -0.0141223 -0.00336226 0.00167318 -0.00303975 -0.00522372 -0.00909688 0.000101581 -0.0074963 -0.00298727 0.00301602 0.00371925 -0.000728807 -0.00100168 -0.00346958 0.00299107 0.00285714 0.00166133 -0.00180406 -0.00529109 -0.00329754 0.00328988 0.0026197 -0.00274438 -6.94627e-06 0.00447485 -0.00180241 -0.00921817
internal_weight=911484 873594 860977 37889.6 219936 641041 217636 128373 29033.7 89263.1 27263.1 82318.6 411170 333568 229871 225383 80589.9 281556 279315 160623 50533.6 30535.8 43202.8 46060.3 44184.9 42140.9 77602.5 118692 59757.5 46054.5
internal_count=2062116 1844779 1833790 217337 623910 1209880 600272 382744 124828 217528 106615 236442 718028 566135 491852 486679 234656 486797 484732 285371 101425 64801 120364 97164 93827 114587 151893 199361 169990 146302
is_linear=0
shrinkage=0.03


Tree=60
num_leaves=31
num_cat=0
split_feature=87 97 97 40 12 40 92 39 92 87 24 92 40 24 30 95 87 39 97 87 92 87 87 89 39 97 87 92 92 78
split_gain=12488.3 5266.2 3633.37 3059.75 2395.71 2321.45 2248.85 1885.57 1740.63 2104.18 1961.3 1516.74 1492.24 1485.15 1192 1059.68 978.598 924.5 853.993 764.83 1024.11 1231.23 968.615 740.636 795.717 679.217 761.712 678.668 671.922 659.325
threshold=1.7999919056892397 1.3269196152687075 2.9998425245285039 143.50000000000003 9.5000000000000018 201.50000000000003 0.81080934405326854 189.50000000000003 1.2314536571502688 1.0560781955718996 5.5000000000000009 1.0434752106666567 201.50000000000003 66.500000000000014 45.500000000000007 -0.80870303511619557 1.9999839067459109 167.50000000000003 1.7499803304672243 0.88888442516326915 0.88684234023094188 0.66666367650032055 0.70588049292564403 -1.2199997305870054 167.50000000000003 0.95121777057647716 0.83333018422126781 0.94736656546592724 0.93387818336486828 0.91836711764335643
decision_type=2 2 2 10 2 10 2 10 2 2 2 2 8 2 2 2 2 10 2 2 2 2 2 2 10 2 2 2 2 2
left_child=1 5 3 7 -2 6 23 8 9 11 -10 13 15 19 -12 -8 -6 29 -13 20 22 27 -3 -1 25 -25 -27 -22 -21 -17
right_child=4 2 -4 -5 16 -7 12 -9 10 -11 14 18 -14 -15 -16 17 -18 -19 -20 28 21 -23 -24 24 -26 26 -28 -29 -30 -31
leaf_value=0.0016277292869948897 -0.033410022178189322 -0.0023516836566366858 -0.033310466514537798 0.013402031292957505 0.00036883273249691266 0.01737351416254207 0.0053663834277402041 0.021293451091191094 -0.022254600598303104 -0.013391019645473689 -0.0017068468401176596 0.0052099853930816639 -0.0043903131789843767 -0.020872142795300232 0.0053741875273158749 0.0003590692876357588 -0.035135130542158367 0.013029849840735163 -0.0042283365958026347 -0.016359861311713318 0.0036620975626037388 0.0052047359920118106 -0.01082653669816366 -0.0012070789644541044 0.010278923770459886 -0.0039582667971626209 -0.014146597888395181 -0.04033467901971452 -0.0058280814059433195 0.0035087923595616779
leaf_weight=60128.358203470707 11624.914361260831 33463.425669103861 3470.2288809716702 10451.545394897461 3364.5163568109274 8743.4021018743515 154991.071870327 2797.6045795977116 3578.2152907699347 24858.668379306793 76797.914055556059 21342.612877234817 23258.203353255987 5537.7419853955507 29635.371493905783 123238.23316738009 861.69924413412809 6876.1207602620125 14454.735913649201 8408.6964537501335 489.21953998506069 16309.933854356408 19039.185532644391 69538.320861712098 4207.0790069550276 30860.995697364211 8392.7224932014942 853.19780571013689 15549.929605439305 116209.65128663182
leaf_count=115766 132763 96303 37371 13168 7703 7794 248022 2405 21420 80228 198195 43991 54263 23161 56765 232153 8204 8324 45804 29906 1304 39849 59621 145394 5485 70264 22703 5064 48340 200290
internal_value=-8.4538e-06 0.000460099 -0.00288752 -0.00251289 -0.0263867 0.00204462 0.00181981 -0.00312286 -0.0033771 -0.00537115 -0.000470954 -0.00389752 0.00299484 -0.00579993 0.000265441 0.00342305 -0.0070016 0.00219993 0.00139862 -0.00490882 -0.00332668 0.00292195 -0.0054279 -0.00106183 -0.00249302 -0.00298872 -0.0061427 -0.0244825 -0.00953496 0.00188787
internal_weight=909334 893482 287038 283568 15851.1 606444 597701 273116 270319 160307 110012 135449 424573 99651.3 106433 401315 4226.22 246324 35797.3 94113.6 70155 17652.4 52502.6 173127 112999 108792 39253.7 1342.42 23958.6 239448
internal_count=2062023 1913353 802895 765524 148670 1110458 1102664 752356 749951 473571 276380 393343 743052 303548 254960 688789 15907 440767 89795 280387 202141 46217 155924 359612 243846 238361 92967 6368 78246 432443
is_linear=0
shrinkage=0.03


Tree=61
num_leaves=31
num_cat=0
split_feature=87 97 40 97 18 92 24 97 87 92 40 87 87 39 24 97 92 87 87 92 92 87 24 18 24 95 24 92 39 87
split_gain=11868.8 5439.99 3285.15 2992.25 2632.49 2417.14 2435.22 2317.04 2248.42 1378.22 1371.93 1240.42 1019.44 1003.39 995.701 939.411 1687.79 1596.51 922.524 1318.85 902.672 816.93 810.343 796.704 752.371 750.856 704.556 700.451 682.694 677.417
threshold=1.7999919056892397 1.7072894573211672 201.50000000000003 2.9998425245285039 10.500000000000002 1.012742340564728 3.5000000000000004 1.1194007396698 0.90097919106483471 0.81080934405326854 201.50000000000003 0.9999774992465974 0.76190313696861278 189.50000000000003 3.5000000000000004 1.1999675631523135 1.199997663497925 1.090906620025635 1.1999977231025698 1.3999965190887453 0.72497111558914196 1.9999839067459109 50.500000000000007 35.500000000000007 11.500000000000002 -1.1436148285865781 10.500000000000002 0.66666167974472057 189.50000000000003 0.99999827146530162
decision_type=2 2 10 2 2 2 2 2 2 2 10 2 2 10 2 2 2 2 2 2 2 2 2 2 2 2 2 2 10 2
left_child=1 2 5 10 -2 7 -7 20 9 12 14 24 27 15 -3 -13 17 -17 26 -20 -1 -6 23 28 -8 -22 -18 -9 -16 -10
right_child=4 3 -4 -5 21 6 11 8 29 -11 -12 13 -14 -15 22 16 18 -19 19 -21 25 -23 -24 -25 -26 -27 -28 -29 -30 -31
leaf_value=-0.0010126077762300757 -0.033318336020662309 -0.026234043659982404 0.017572729414502459 -0.033191001865522506 0.00077430257808459716 -0.039379579477301516 -0.0095229191759578398 -0.0044322233435906445 -0.0069426274050160075 0.0036910128826615081 0.02101293609818174 0.0036297524067414422 -0.011511431509629548 0.017677626782146232 -0.0046979492750550819 -1.6625841642907682e-05 -0.0084916187315272826 -0.011701811660780584 -0.008236269360513377 0.0029820147172527501 0.0063363833034161951 -0.035114816336876555 -0.012411778001410523 0.0080309643864252857 0.0094078643617013322 0.0014348849686624747 0.0075589589368194043 0.0036472291033705214 0.019655850450924252 -0.015264291538893061
leaf_weight=105467.43933717906 11510.359042748809 1943.6815784648061 11040.000282987952 3378.7611612230539 3407.4704177081585 1202.4098558202386 1986.205290466547 28981.554939523339 32578.318969234824 34948.357239186764 1827.5243317335844 186569.90433773398 12329.685498893261 3827.294758901 100084.53683842719 28045.822773978114 2638.0173090994358 16822.58853058517 12664.185705661774 36760.284313037992 36601.79196023941 665.49580952525139 11049.954513132572 4807.3644466847181 33635.795725509524 121362.01258616149 33838.188309207559 14460.676946118474 1027.4545930474997 12087.349694445729
leaf_count=216649 134644 14691 9794 37365 7750 7493 4767 73872 85196 72203 1509 312405 34889 3564 308164 60708 7128 45302 29356 70921 57892 6417 43939 11327 52655 226234 55858 31182 936 36749
internal_value=-5.50077e-05 0.000398735 0.00134072 -0.005428 -0.0259938 0.00110347 0.0028929 -0.00050283 -0.00369222 -0.000978848 -0.00464573 0.00303756 -0.0039054 0.00244812 -0.00504353 0.00226334 0.000313599 -0.00440103 0.00277664 0.00010535 0.00113646 -0.00523267 -0.00468698 -0.00387891 0.00834757 0.00257127 0.00639414 -0.00174236 -0.00444664 -0.00920045
internal_weight=907550 891967 767848 124119 15583.3 756808 357991 398817 135386 90720.3 120741 356788 55771.9 321166 118913 317339 130769 44868.4 85900.7 49424.5 263431 4072.97 116969 105919 35622 157964 36476.2 43442.2 101112 44665.7
internal_count=2061559 1912748 1494817 417931 148811 1485023 650157 834866 334091 212146 380566 642664 139943 585242 379057 581678 269273 106010 163263 100277 500775 14167 364366 320427 57422 284126 62986 105054 309100 121945
is_linear=0
shrinkage=0.03


Tree=62
num_leaves=31
num_cat=0
split_feature=87 40 30 18 92 24 87 92 100 38 69 98 87 40 51 68 30 30 24 92 87 24 30 92 87 63 18 30 30 92
split_gain=10875.4 4460.91 3488.4 3089.19 1876.66 1510.6 1440.57 1584.86 1480.83 1408.01 1281.85 1070.46 893.069 875.215 828.722 812 757.969 716.659 909.173 642.285 770.347 628.593 979.69 661.118 706.766 575.811 570.268 555.954 535.751 478.352
threshold=1.7999919056892397 201.50000000000003 21.500000000000004 10.500000000000002 1.0434752106666567 2.5000000000000004 1.0560781955718996 1.3999965190887453 -0.91950619220733631 174.50000000000003 0.17166539281606677 2.9995950460433964 1.9999839067459109 134.50000000000003 14.300186634063722 0.13888888806104663 121.50000000000001 117.50000000000001 66.500000000000014 1.1999837756156924 1.2307649850845339 10.500000000000002 11.500000000000002 1.7430564165115359 1.4117609858512881 0.4169947504997254 8.5000000000000018 43.500000000000007 101.50000000000001 1.9999889731407168
decision_type=2 10 2 2 2 2 2 2 2 10 2 2 2 10 2 2 2 2 2 2 2 2 2 2 2 2 2 2 2 2
left_child=1 2 5 -2 10 -1 -6 8 -8 11 -4 13 -5 21 25 -16 19 18 -17 -10 -21 22 23 -7 -25 28 -23 -9 -12 -24
right_child=3 -3 4 12 6 9 7 27 16 -11 14 -13 -14 -15 15 17 -18 -19 -20 20 -22 26 29 24 -26 -27 -28 -29 -30 -31
leaf_value=-0.03626077447131406 -0.033210686934951911 0.017977624733154705 -0.0030289198713584543 0.0030189674428343898 0.0059948958365162496 -0.0047291132605294861 0.0039241350681463935 0.0026247362211691467 -0.0058127172318840018 0.017288649128162092 0.00050140976624371883 -0.016700755687581077 -0.034874666212936146 0.0051126122796743929 -0.0064428278169024866 -0.00061953541184001917 0.0073977162428847379 0.0055015711280847661 -0.019409183612128802 0.0015161991324813945 -0.0053356877565974145 -0.011219234419236309 0.0011345340410026897 -0.038801578513620899 -0.010374577656353631 0.0059643615802670762 -0.0045191048887416544 0.0073976155207535364 0.0060745348463487076 -0.014278068310225591
leaf_weight=1274.899989336729 11176.005642719567 12863.923191443086 115078.93159926683 3533.1510795652866 87502.53209322691 30854.014535352588 52461.714726939797 49411.07930611074 40026.116769090295 2798.9666077643633 107684.27920493484 5823.7671686559916 644.59380439668894 9657.2364046499133 21262.210313141346 79492.869674116373 6933.2349064648151 17602.953348234296 2367.3361327201128 40744.821369558573 23137.136497318745 17562.972235053778 41395.686684191227 1022.3113966062665 3320.7923664972186 29446.230124399066 32837.925007365644 39573.152732267976 18120.10636511445 1875.2890222370625
leaf_count=10504 134257 11361 253926 7736 164203 98111 85607 101510 91704 3377 229006 45457 6374 17575 49278 165840 9896 27293 8859 80605 49112 49945 93544 5917 13004 53583 96687 63226 29100 5553
internal_value=2.18268e-05 0.000452933 0.00019614 -0.0249957 0.00104772 -0.00399664 0.0026785 0.00152787 -0.000227433 -0.00371221 -0.000369347 -0.00412176 -0.00296603 -0.00359059 0.000739804 -0.00112436 -0.00219274 1.3637e-05 -0.00116753 -0.00283396 -0.00096635 -0.00424349 -0.00256323 -0.00627846 -0.0172131 0.00218936 -0.00685739 0.00474852 0.00130497 0.000460291
internal_weight=907486 892132 879269 15353.8 730845 148424 339790 252287 163303 147149 391055 144350 4177.74 138526 275976 120725 110841 99463.2 81860.2 103908 63882 128869 78468.1 35197.1 4343.1 155251 50400.9 88984.2 125804 43271
internal_count=2062150 1913783 1902422 148367 1462748 439674 645863 481660 316924 429170 816885 425793 14110 380336 562959 251270 231317 201992 174699 221421 129717 362761 216129 117032 18921 311689 146632 164736 258106 99097
is_linear=0
shrinkage=0.03


Tree=63
num_leaves=31
num_cat=0
split_feature=30 40 97 92 0 97 92 51 98 97 30 97 39 18 92 39 94 40 69 89 70 51 92 18 14 14 39 99 92 97
split_gain=7357.84 4084.36 3970.35 3272.47 2306.59 2140.9 1692.5 1311.48 1168.16 1159.54 1067.74 1053.66 1028.99 902.097 877.787 833.181 779.862 770.302 678.832 642.695 616.484 627.023 610.374 551.153 546.895 527.722 490.213 489.504 556.593 629.465
threshold=9.5000000000000018 165.50000000000003 1.3770461678504946 1.9411687254905703 1.5000000000000002 2.9999362230300908 1.2314536571502688 17.420713424682621 1.1111089587211611 2.833312034606934 29.500000000000004 1.0666649341583254 151.50000000000003 1.5000000000000002 1.0588193535804751 189.50000000000003 -0.97536751627922047 201.50000000000003 0.14285712689161303 -0.8957308530807494 0.20295303314924243 12.834558963775637 1.5999960303306582 39.500000000000007 52.500000000000007 75.500000000000014 151.50000000000003 -0.56143021583557118 1.1052591800689699 1.1739092469215395
decision_type=2 10 2 2 2 2 2 2 2 2 2 2 10 2 2 10 2 10 2 2 2 2 2 2 2 2 10 2 2 2
left_child=3 2 4 9 15 6 7 12 11 13 -8 20 18 -1 24 16 -2 -3 -4 -10 21 -6 23 -12 -13 -9 27 28 29 -21
right_child=1 17 5 -5 8 -7 10 25 19 -11 22 14 -14 -15 -16 -17 -18 -19 -20 26 -22 -23 -24 -25 -26 -27 -28 -29 -30 -31
leaf_value=-0.032183346173069706 0.00052698851446188882 0.0074316748844371026 -0.0075966655628170801 -0.030034466286894865 0.0032120820344452967 -0.033225500757765064 -0.0032886157393154213 -0.0079545267708305938 0.0073938612944924372 -0.032956088281650808 -0.00045796144161751529 -0.0035121464508514424 0.019479745535839563 -0.0057325810493514965 0.0016027826011317874 0.012392570817121779 -0.00310594033458263 0.017725342906667458 -0.001817847885227553 0.0051187535016951492 0.0053584504819472519 -0.0011966468064778511 0.0084817195202253129 0.0095419311474285572 -0.013390309463404377 -0.016769628642971456 0.017469075480284951 0.00037422870850668046 0.0073602003500911929 -0.0033348644558063552
leaf_weight=1196.9494457021356 103125.34303171188 14535.750127717853 26129.936994463205 8108.9984730109572 71918.818516947329 2100.7647550776601 45819.724633023143 35085.77291919291 53960.708622768521 1617.710684850812 32565.22821135819 24111.240846842527 1761.7617709040642 25619.493513718247 30682.146997883916 4028.3037360236049 109772.24390734732 11956.41395444423 60967.321353271604 20771.672178067267 51325.914539717138 48666.064766719937 13480.199434146285 5831.5400615036488 6367.4926765263081 7414.6984822750092 2158.5257286354899 38153.232824891806 33568.261449337006 12795.06869712472
leaf_count=15943 206978 23404 80930 92525 126930 23535 128712 108146 85824 18232 72644 50741 1845 90732 53515 4714 256612 10920 173987 33458 81258 89143 24758 11520 14497 27513 2462 72285 51231 27321
internal_value=-6.13668e-05 0.000493276 0.000128455 -0.0132447 0.00139472 -0.00322062 -0.00294255 -0.00516623 0.00276109 -0.00843879 4.77695e-05 0.00140234 -0.00309195 -0.00693631 -0.00197895 -0.00109005 -0.0013463 0.0120873 -0.00355289 0.00472271 0.0026054 0.00143289 0.00299472 0.00106496 -0.00558328 -0.00949959 0.00338011 0.00308801 0.0046297 0.00189631
internal_weight=905597 869054 842562 36543.2 611405 231157 229056 131359 394479 28434.2 97696.7 233072 88859 26816.4 61160.9 216926 212898 26492.2 87097.3 161407 171911 120585 51877 38396.8 30478.7 42500.5 107447 105288 67135 33566.7
internal_count=2062315 1844883 1810559 217432 1156969 653590 630055 392421 688665 124907 237634 416084 256762 106675 118753 468304 463590 34324 254917 272581 297331 216073 108922 84164 65238 135659 186757 184295 112010 60779
is_linear=0
shrinkage=0.03


Tree=64
num_leaves=31
num_cat=0
split_feature=92 97 97 40 3 18 39 34 40 51 24 24 100 39 18 24 18 38 92 97 32 98 24 32 38 24 18 92 40 40
split_gain=7161.28 4535.05 2861.13 2503.46 2484.64 2101.39 1693.24 1695.27 1359.65 1264.7 1075.27 1177.63 862.657 801.963 836.681 879.775 819.926 798.03 746.967 938.517 940.64 706.064 676.114 895.38 643.241 639.4 1019.12 1076.13 707.276 725.006
threshold=2.5714037418365483 1.5483803749084475 2.9998425245285039 201.50000000000003 3.5000000000000004 1.5000000000000002 151.50000000000003 5.5000000000000009 201.50000000000003 13.799578666687013 54.500000000000007 5.5000000000000009 -0.35474815964698786 167.50000000000003 37.500000000000007 42.500000000000007 30.500000000000004 174.50000000000003 1.1249905228614809 1.1739092469215395 419.50000000000006 1.4999967217445376 34.500000000000007 69.500000000000014 134.50000000000003 3.5000000000000004 2.5000000000000004 1.4482725262641909 120.50000000000001 71.500000000000014
decision_type=2 2 2 10 2 2 10 2 10 2 2 2 2 10 2 2 2 10 2 2 2 2 2 2 10 2 2 2 10 8
left_child=1 3 8 4 5 -1 7 17 10 -9 11 -3 -12 14 15 16 22 25 19 -6 -21 -22 23 24 -13 26 27 -7 29 -27
right_child=-2 2 -4 -5 18 6 -8 9 -10 -11 12 13 -14 -15 -16 -17 -18 -19 -20 20 21 -23 -24 -25 -26 28 -28 -29 -30 -31
leaf_value=-0.032630611813740558 -0.031150357319676098 -0.01596519104706114 -0.032923221932058482 0.016121540792631821 0.0044395162416865095 0.004778827251460842 0.0091525867310192199 0.0036093406289750226 0.018683675898880963 -0.00040983727855490747 -0.019184411844134663 -0.0044607940876646461 -0.0039655520379909218 0.016097339940373292 0.0076799177332062827 -0.011297916735465176 0.0073517205252256381 0.01656258947841523 0.0068528885491844702 0.0010845447912773204 -0.019170218189990772 0.0011168784611991353 -0.010315573601519145 0.0018551090829973318 0.024279243946197147 -0.0012622999226592712 -0.043333030026261758 -0.034363424047865278 0.003306089711327322 -0.005004874106403304
leaf_weight=1741.9718782529235 6578.5494252517819 6249.7551514878869 3031.2081755250692 10043.350578270853 75580.653847493231 2262.1687827855349 18292.999074600637 131335.05272500962 2407.1364519298077 151990.15379686654 7148.2808452546597 80410.864447645843 6320.9319229573011 1997.323982656002 6358.6125286370516 11707.511134624481 6875.2860207855701 2057.0251023098826 62613.423937112093 21341.57200114429 4237.76198156178 2419.1535286456347 11158.309876300395 29981.180830307305 687.47448296099901 149941.21235049516 823.59444833546877 855.25529899448156 21255.45599591732 67574.931661710143
leaf_count=22010 80263 35796 35669 9893 121881 5769 27236 233897 2151 288294 30660 244730 23008 2142 14535 39787 15385 2758 97353 45531 11683 5176 36389 75551 1041 326103 4092 8216 41545 173757
internal_value=-1.1413e-05 0.000217215 -0.00412654 0.00126271 0.00105335 7.90586e-05 0.000184533 -0.000126452 -0.00361319 0.00145337 -0.00393315 -0.00322751 -0.0120589 -0.0026918 -0.00294893 -0.00342989 -0.00271481 -0.00195509 0.00426634 0.00270176 -0.00198906 -0.0118165 -0.00328211 -0.00257385 -0.00421124 -0.00211339 -0.0140686 -0.00611032 -0.0019149 -0.00242534
internal_weight=905278 898700 174334 724366 714322 548130 546388 528095 171303 283325 168896 155426 13469.2 149177 147179 140821 129113 244770 166193 103579 27998.5 6656.92 122238 111080 81098.3 242713 3941.02 3117.42 238772 217516
internal_count=2062301 1982038 556844 1425194 1415301 1133677 1111667 1084431 521175 522191 519024 465356 53668 429560 427418 412883 373096 562240 281624 184271 62390 16859 357711 321322 245771 559482 18077 13985 541405 499860
is_linear=0
shrinkage=0.03


Tree=65
num_leaves=31
num_cat=0
split_feature=87 97 18 40 97 92 97 87 24 87 92 97 40 87 92 92 87 92 24 87 89 51 87 39 39 33 98 24 89 92
split_gain=10069.9 4444.48 2964.79 2866.94 2760.03 2361.01 1984.99 2478.06 1366.54 1423.63 1438.82 1579.48 1117.09 1108.76 1504.58 1051.6 1386.08 1003.34 984.165 930.639 916.554 836.395 821.895 688.864 682.652 675.152 599.788 599.176 544.878 519.848
threshold=1.7999919056892397 1.7072894573211672 10.500000000000002 180.50000000000003 2.9998425245285039 1.0434752106666567 1.1351310014724734 0.99999123811721813 4.5000000000000009 1.0666649341583254 1.199997663497925 1.1538414955139162 201.50000000000003 1.3090156912803652 1.9411687254905703 0.74999296665191661 0.85713735222816478 0.89999762177467357 3.5000000000000004 0.66666367650032055 -0.36014829576015467 16.867581367492679 1.9999839067459109 189.50000000000003 189.50000000000003 6.5000000000000009 1.009301543235779 54.500000000000007 -0.38841819763183588 0.59999188780784618
decision_type=2 2 2 10 2 2 2 2 2 2 2 2 10 2 2 2 2 2 2 2 2 2 2 10 10 2 2 2 2 2
left_child=1 3 -2 5 12 6 20 15 13 28 11 -11 18 -7 -15 19 -17 -18 -3 29 26 24 -4 -22 25 -20 -1 -23 -10 -8
right_child=2 4 22 -5 -6 8 7 -9 9 10 -12 -13 -14 14 -16 16 17 -19 21 -21 23 27 -24 -25 -26 -27 -28 -29 -30 -31
leaf_value=0.0012745956514122886 -0.033014248189417797 -0.02606403475670252 0.0025430979206589061 0.013242199569145994 -0.032819169917591567 -0.041850665137124821 -0.0050451806460532645 -0.012358946206452309 0.0085757243559495804 0.0014611553221911464 0.0035526576741679804 -0.007802322484051008 0.019516623937412152 0.010298804631407874 -0.041389330903000836 0.0051088199550226639 -0.010150834759611229 -8.2100615780675545e-05 -0.006188601885731327 -0.011828971642905641 -0.0010735286731202486 -0.0065125627412681653 -0.034590155099215175 0.012999487039010705 0.020819685853215805 -0.00049952144630845379 0.0053909663788501982 -0.018650335533627251 0.003698242518041535 0.0039761752438361017
leaf_weight=95716.555353701115 10558.813060306013 1853.6792082041502 3536.4199308604002 17588.647037804127 3077.8801272213459 1014.162865370512 18515.748826935887 23212.104905277491 47869.384116724133 52951.908301994205 160195.4983304441 24084.453847840428 1751.1656753867865 1731.300209864974 693.59955266863108 32791.627815932035 12704.75554060936 29690.838481649756 30977.587556913495 13817.419399693608 138608.39239363372 32866.103285431862 611.93683680146933 3182.7949309200048 1102.6399903297424 47619.455386415124 47743.820112660527 4109.3967319279909 36280.495701134205 8315.9146901667118
leaf_count=173479 134680 14795 7863 19627 37263 6418 48651 67517 75441 91851 284154 59414 1505 3763 3707 67510 36016 65921 103955 39988 285405 101596 6387 3428 957 139241 79026 18601 65534 18548
internal_value=1.9431e-05 0.000426528 -0.0245849 0.00127689 -0.00485809 0.000995609 -0.000477997 -0.0034167 0.00292043 0.00312212 0.00193263 -0.00143623 -0.00413725 -0.0158365 -0.00470331 -0.00162297 0.000478977 -0.00310278 -0.00448995 -0.00550919 0.00095464 -0.00414279 -0.00307423 -0.000755842 -0.00241165 -0.00274277 0.00264509 -0.00787089 0.00647422 -0.00224832
internal_weight=904775 890067 14707.2 766709 123358 749121 424300 139048 324821 321382 237232 77036.4 120280 3439.06 2424.9 115836 75187.2 42395.6 118529 40649.1 285252 116675 4148.36 141791 79699.7 78597 143460 36975.5 84149.9 26831.7
internal_count=2062241 1913311 148930 1495398 417913 1475771 885489 344151 590282 576394 435419 151265 380650 13888 7470 276634 169447 101937 379145 107187 541338 364350 14250 288833 244153 243196 252505 120197 140975 67199
is_linear=0
shrinkage=0.03


Tree=66
num_leaves=31
num_cat=0
split_feature=87 97 97 12 40 77 39 90 24 93 40 24 87 97 39 88 67 100 51 39 94 38 38 40 100 69 24 12 69 70
split_gain=9997.33 4519.93 2822.36 2488.57 2366.98 1819.17 1389.99 1476.2 1195.16 1067.95 1049.56 946.859 896.029 749.635 743.602 702.548 634.078 611.377 593.108 552.149 625.88 518.96 586.002 459.5 441.2 427.753 402.301 516.328 375.884 365.7
threshold=1.7999919056892397 1.5483803749084475 2.9998425245285039 9.5000000000000018 165.50000000000003 0.59832853078842174 167.50000000000003 -0.70267128944396962 54.500000000000007 1.1379284262657168 201.50000000000003 5.5000000000000009 1.9999839067459109 1.1194007396698 189.50000000000003 1.0399989485740664 1.0147153139114382 -0.75287973880767811 20.537911415100101 189.50000000000003 -2.0672055482864375 134.50000000000003 5.5000000000000009 201.50000000000003 -0.84903699159622181 0.21876078099012378 70.500000000000014 25.500000000000004 0.11799497529864313 0.24999997764825824
decision_type=2 2 2 2 10 2 10 2 2 2 10 2 2 2 10 2 2 2 2 10 2 10 8 10 2 2 2 2 2 2
left_child=1 4 8 -2 5 19 7 -7 10 13 11 -3 -5 24 18 -15 -10 -11 21 20 -1 22 -13 -6 -9 -19 27 -18 -24 -22
right_child=3 2 -4 12 23 6 -8 9 16 17 -12 14 -14 15 -16 -17 26 25 -20 -21 29 -23 28 -25 -26 -27 -28 -29 -30 -31
leaf_value=0.00080439218883125545 -0.032893844218631368 -0.014863287533635392 -0.032718363734703347 0.0012494417508723322 0.0072240246165770402 0.0053927047513668237 0.014408486719656033 0.0023797079169315073 0.0030981703381527809 0.0048093263200680407 0.017659247387990847 0.0011366793047953487 -0.034327150732232664 -0.0010759499931202435 0.018878319202576859 -0.0077627820522514854 -0.015225827270553821 -0.00092352018828159143 -0.00588888226399179 0.01174619969391112 -0.0037061818898420852 0.021391318581976529 -0.0066016925701369274 0.015814886332869389 -0.00085739027906808578 0.0029766904744544854 -0.025251561139282074 0.00357169144410392 -0.0018627779605210686 0.001103653915628424
leaf_weight=58364.146049551666 10130.671371713281 5826.8445090726018 3001.2450756803155 3420.7454231381416 13180.533822461963 86518.331350401044 8002.2124934047461 90195.116228401661 2084.0506369769573 79058.664243072271 2221.1358161270618 38960.500174894929 762.61981528997421 67375.827621743083 1423.2058622539043 17880.206622809172 7054.1545830518007 44303.157568730414 39783.114519894123 2762.4220139682293 98278.233246400952 856.68571618199348 22945.614427909255 9813.9516920298338 65323.930314220488 58983.992460288107 2590.1591172367334 1607.2005018442869 43854.100946187973 16625.00278942287
leaf_count=118219 133153 31922 37318 7762 20404 146613 9244 156946 7003 127051 2024 104292 8226 146730 1297 43694 29009 88309 117497 3090 224502 1290 72141 9200 130247 107613 13461 4324 127657 32087
internal_value=-1.36111e-05 0.000387186 -0.00397668 -0.0248681 0.00143586 0.00112179 0.00201767 0.00182256 -0.00346307 0.00109233 -0.00272469 -0.00302161 -0.00536858 -0.000219313 -0.0025529 -0.00247983 -0.0120766 0.0028241 -0.00276379 -0.00151261 -0.00172533 -0.0015968 -0.00178702 0.0109011 0.00102007 0.00130391 -0.0148878 -0.0117376 -0.00349208 -0.00301019
internal_weight=903188 888874 172208 14314 716666 693671 517641 509639 169207 423121 155871 153650 4183.37 240775 147823 85256 13335.6 182346 146400 176030 173267 106617 105760 22994.5 155519 103287 11251.5 8661.36 66799.7 114903
internal_count=2062325 1913184 549235 149141 1363949 1334345 956447 947203 511917 800590 458120 456096 15988 477617 424174 190424 53797 322973 422877 377898 374808 305380 304090 29604 287193 195922 46794 33333 199798 256589
is_linear=0
shrinkage=0.03


Tree=67
num_leaves=31
num_cat=0
split_feature=87 97 40 97 12 92 97 87 89 92 39 40 87 87 24 87 24 92 78 87 65 39 39 97 87 92 97 87 92 97
split_gain=9488.55 4088.77 2699.58 2595.4 2535.56 2082.04 1720.33 2173.62 1229.48 1177.45 1088.46 960.619 897.564 855.973 784.2 742.004 735.525 725.495 719.571 679.133 647.981 579.311 571.691 567.69 563.381 562.907 887.055 747.761 738.32 551.717
threshold=1.7999919056892397 1.7072894573211672 165.50000000000003 2.9998425245285039 9.5000000000000018 0.96428340673446666 1.0666649341583254 0.90097919106483471 -0.5963851511478423 0.83027687668800365 189.50000000000003 201.50000000000003 1.9999839067459109 0.76190313696861278 3.5000000000000004 0.9999774992465974 56.500000000000007 0.59999188780784618 0.84309101104736339 0.55555415153503429 0.24999995529651645 189.50000000000003 167.50000000000003 2.142847061157227 0.99999535083770763 1.2314536571502688 1.1999675631523135 1.1999977231025698 1.0588193535804751 2.833312034606934
decision_type=2 2 10 2 2 2 2 2 2 2 10 10 2 2 2 2 2 2 2 2 2 10 10 2 2 2 2 2 2 2
left_child=1 2 5 11 -2 6 20 9 15 13 18 14 -6 17 -3 -7 21 19 -10 -8 22 29 -1 -18 -9 26 -17 28 -28 -16
right_child=4 3 -4 -5 12 8 7 24 10 -11 -12 -13 -14 -15 16 25 23 -19 -20 -21 -22 -23 -24 -25 -26 -27 27 -29 -30 -31
leaf_value=-0.00030875383568892842 -0.03280177117054231 -0.023869979759857319 0.011006723771971863 -0.032617909132363329 0.0016902807894620621 0.0084934983325596885 -0.0020720895407950143 -0.007801012418991708 -0.00081284699100645408 0.0037964774222525931 0.015776265079222581 0.018335725772370588 -0.03416823702488328 -0.0091201304268235389 -0.0038923102197185944 0.0040508101535399613 -0.016955378094812915 0.001943507262101694 0.0023147501111141274 -0.013245378522548236 0.0043481001501453672 0.018606843183409581 0.010696260758337598 0.0091279942540590901 -0.016508760092639886 0.0062811030880040352 -0.011003971226613781 -0.026303582233230042 0.0015370127604310583 0.017688647937372588
leaf_weight=158198.6093634069 9837.8249493762851 1807.2990306466818 24322.131543464959 2911.3816886916757 3424.297403126955 32759.900773853064 17120.826300993562 22522.960213631392 125355.20767077804 27978.137304827571 4444.2676687389612 1682.5263971835375 748.94148526340723 17994.391500726342 107226.60119332373 48423.576224476099 5895.5972674190998 26290.022792011499 140270.10382286459 6842.2033399194479 37766.550390839577 1040.6059816330671 4345.5985137075186 847.35813824832439 9544.9461574703455 38183.636026665568 5775.2049663513899 1169.5689275115728 15578.986248835921 1057.4462538957596
leaf_count=315147 132780 14732 31083 37193 7728 53257 42343 58927 256107 56573 4398 1501 8291 48164 330806 76769 27082 57790 259477 19782 65080 965 5582 2547 29019 62418 16735 3727 31720 2834
internal_value=-2.55529e-05 0.000361485 0.00117637 -0.00472732 -0.0245032 0.000853231 -0.000927789 -0.00363983 0.00227385 -0.00138474 0.00108577 -0.00404281 -0.00487727 -0.00350928 -0.00436529 0.00453474 -0.00405752 -0.00149734 0.000838809 -0.0052708 0.000809385 -0.00346285 -1.32564e-05 -0.0136603 -0.0104015 0.00334502 0.00176351 -0.00315317 -0.0018618 -0.00367833
internal_weight=901367 887356 764887 122469 14011.1 740565 328604 128293 411960 96225.6 270070 119557 4173.24 68247.4 117875 141891 116068 50253.1 265625 23963 200311 109325 162544 6742.96 32067.9 109131 70947.3 22523.8 21354.2 108284
internal_count=2060557 1911758 1494098 417660 148799 1463015 698407 312598 764608 224652 519982 380467 16019 168079 378966 244626 364234 119915 515584 62125 385809 334605 320729 29629 87946 191369 128951 52182 48455 333640
is_linear=0
shrinkage=0.03


Tree=68
num_leaves=31
num_cat=0
split_feature=87 97 97 18 40 40 39 98 92 87 87 92 24 40 92 87 68 24 87 87 97 69 39 35 18 87 97 92 87 92
split_gain=9532.83 3921.26 2880.56 2327.62 2284.25 1810.84 1584.5 1544.25 1543.13 1765.89 1205.63 1503.4 1424.93 1164.87 1076.39 1124.22 1075.66 1026.14 1019.68 995.015 919.325 893.591 888.528 751.979 694.361 637.859 632.598 589.881 578.673 1823.51
threshold=1.7999919056892397 1.3269196152687075 2.9998425245285039 10.500000000000002 134.50000000000003 inf 151.50000000000003 1.1111089587211611 1.0434752106666567 0.90097919106483471 0.99150994420051586 1.2499972581863406 5.5000000000000009 201.50000000000003 0.88684234023094188 0.70588049292564403 0.19999999552965167 9.5000000000000018 1.1087425947189333 0.66666367650032055 1.8888836503028872 0.14285712689161303 167.50000000000003 56.840709686279304 37.500000000000007 1.9999839067459109 1.6666417121887209 0.74999296665191661 1.3090156912803652 1.5999960303306582
decision_type=2 2 2 2 10 8 10 2 2 2 2 2 2 10 2 2 2 2 2 2 2 2 10 2 2 2 2 2 2 2
left_child=1 5 4 -2 6 7 8 13 9 14 17 18 -13 16 15 27 22 -10 26 -16 28 -18 -1 -11 -9 -5 -12 -3 -14 -30
right_child=3 2 -4 25 -6 -7 -8 24 10 23 11 12 20 -15 19 -17 21 -19 -20 -21 -22 -23 -24 -25 -26 -27 -28 -29 29 -31
leaf_value=-0.0016296998325376298 -0.032727115077969313 -0.0041490003778234322 -0.032522069020117415 -0.00028397234443542713 0.010940443672060958 -0.0044277873811195186 0.014709712221856174 0.0032666093533618213 -0.024658495805905289 -0.0050640634532328373 0.00012111420381273765 -0.019842763402799321 0.0050825184662182145 0.01468008198453814 -0.023326317752220837 -0.01133020057246336 -0.00092789871101641667 0.0065012964153888363 -0.013497812019514254 0.0042228461075906063 -0.003531564123504592 0.0033593486616566521 0.0095310678126358621 -0.015522780768319542 0.0073590466446156813 -0.034098215895557817 -0.0092953600053673098 0.0065109173595087914 -0.011131033296384058 0.0052810560843698073
leaf_weight=142389.21665371954 9734.2386859022081 26933.891935959458 2837.3581557869911 3356.8536116778851 11324.548531368375 40156.729118451476 4551.6974731758237 138984.30309046805 975.54959915578365 9005.5534676760435 16045.793980613351 3238.1258204206824 34905.008309751749 5534.9129393473268 1240.4668284729123 20055.562752813101 60413.02997481823 21594.400923579931 14633.490457266569 18485.619997739792 35158.488448679447 158589.68432322145 6703.150806620717 19935.011054351926 51027.156183868647 570.44643863290548 10683.71932965517 5632.9174883514643 9682.8118903785944 16356.853091940284
leaf_count=284526 134695 81203 37234 7765 15517 95999 5426 250215 3704 30485 36327 20971 67931 5373 6231 65055 115003 48140 47027 46626 104762 274127 8702 72980 76376 6376 38881 14277 25803 33468
internal_value=-2.356e-05 0.000359712 -0.0025522 -0.0248744 -0.00224668 0.0017259 -0.00280237 0.00216446 -0.00310475 -0.00601333 -0.00129986 -0.00233245 -0.00033105 0.00104454 -0.00350625 -0.00574606 0.000838716 0.00513383 -0.00713673 0.00246856 0.000330375 0.00217671 -0.0011267 -0.012274 0.00436628 -0.00534343 -0.00364676 -0.00230234 0.00255872 -0.000825615
internal_weight=900737 887075 283277 13661.5 280440 603798 269115 563641 264563 101289 163274 140704 99341.3 373630 72348.5 52622.4 368095 22570 41363 19726.1 96103.2 219003 149092 28940.6 190011 3927.3 26729.5 32566.8 60944.7 26039.7
internal_count=2061205 1912369 802048 148836 764814 1110321 749297 1014322 743871 316857 427014 375170 252935 687731 213392 160535 682358 51844 122235 52857 231964 389130 293228 103465 326591 14141 75208 95480 127202 59271
is_linear=0
shrinkage=0.03


Tree=69
num_leaves=31
num_cat=0
split_feature=87 97 18 97 92 90 39 100 24 92 87 87 92 87 56 97 39 65 24 18 24 92 87 87 92 87 97 97 92 87
split_gain=8736.57 3499.83 2733.29 2587.67 1711.79 1340.08 1283.09 1073.76 892.886 848.727 967.593 951.003 859.579 1138.63 716.933 656.811 610.845 657.41 610.616 1336.74 1054.84 745.758 1219.05 786.57 708.77 694.578 656.675 642.333 817.132 889.25
threshold=1.7999919056892397 1.6249949336051943 10.500000000000002 2.9998425245285039 0.72497111558914196 -0.70267128944396962 189.50000000000003 -0.88617068529129017 3.5000000000000004 1.3999965190887453 0.99999713897705089 1.1428542733192446 1.1371448040008547 0.88888442516326915 7.0075020790100107 2.5384352207183842 151.50000000000003 0.091431554406881346 3.5000000000000004 2.5000000000000004 2.5000000000000004 1.3043456673622134 1.1169613003730776 0.99999535083770763 1.1052591800689699 0.85713735222816478 1.1999675631523135 1.1538414955139162 0.93387818336486828 0.99999827146530162
decision_type=2 2 2 2 2 2 10 2 2 2 2 2 2 2 2 2 10 2 2 2 2 2 2 2 2 2 2 2 2 2
left_child=1 4 -2 8 16 -6 7 -7 -3 11 -11 12 13 -10 -15 -4 17 -1 19 20 -9 22 24 -23 25 -20 -24 -27 -29 -30
right_child=2 3 15 -5 5 6 -8 18 9 10 -12 -13 -14 14 -16 -17 -18 -19 21 -21 -22 23 26 -25 -26 27 -28 28 29 -31
leaf_value=-0.0041297969647064144 -0.032639519636813684 -0.024188465377836001 0.0019785752072718041 -0.032428610604683383 0.0054542095995276964 0.0030442478379371571 0.014778447001480418 -0.037078345840210247 -0.0025854947087165523 -0.029186921805513345 0.00096420109517431985 -0.013308918711272084 0.0010188601711635594 -0.0014538800975425295 -0.014695543030124473 -0.031496184684568107 0.0085983536452304381 -2.3485534736310739e-05 0.0035035645829048436 -0.04454782641484107 0.0065781000070820918 -0.02009133061985105 -0.0020017179113543059 0.0031228791538353757 0.0044505514154622103 0.00069701784579485903 -0.0085443890320557776 -0.010672788462155096 0.0022432930580873751 -0.008245245790638114
leaf_weight=67729.735806167126 9470.5835827812552 1789.3790443688631 3434.0223203673959 2768.3555185198784 86167.620375692844 186853.330429703 6360.6955898851156 604.26812721788883 38869.647440955043 958.41759397089481 45706.282086893916 10089.690640717745 25585.717616274953 4892.0117907375097 14889.844865858555 602.87014973908663 5048.4731998294592 72788.586541056633 32929.03232909739 843.69119757413864 2446.3212240636349 1315.2529565095901 43227.218024879694 82171.914026394486 37032.934221744537 52450.56592297554 20278.018480822444 12578.764782741666 19735.174235895276 11497.104341283441
leaf_count=158529 134663 14881 8101 37336 146328 321577 6470 4642 121324 4013 121410 34784 70110 16478 61851 6066 7251 149164 66661 4294 5891 3693 85631 149896 64287 97299 51369 36903 40894 29920
internal_value=8.33808e-05 0.000448036 -0.0238442 -0.00380517 0.00128235 0.00199414 0.00140972 0.00124041 -0.00324573 -0.00297654 0.000332707 -0.00461339 -0.00356895 -0.00556997 -0.0114257 -0.00315118 -0.00163423 -0.00200303 0.000177391 -0.0115982 -0.00225466 0.000324531 -0.000557973 0.00275244 0.000792869 -0.000256145 -0.00409291 -0.00154272 -0.00422323 -0.00162051
internal_weight=901116 887608 13507.5 145549 742059 596492 510324 503964 142781 140992 46664.7 94326.9 84237.2 58651.5 19781.9 4036.89 145567 140518 317110 3894.28 3050.59 313216 229729 83487.2 166224 129191 63505.2 96261.6 43811 31232.3
internal_count=2061716 1912886 148830 482187 1430699 1115755 969427 962957 444851 429970 125423 304547 269763 199653 78329 14167 314944 307693 641380 14827 10533 626553 472964 153589 335964 271677 137000 205016 107717 70814
is_linear=0
shrinkage=0.03


Tree=70
num_leaves=31
num_cat=0
split_feature=87 40 97 97 18 92 24 39 40 33 92 87 92 87 87 38 98 97 14 78 92 68 24 30 24 97 63 39 92 97
split_gain=8412.7 3443.26 3499.03 2661.7 2618.49 1846.58 1612.08 1328.62 1119.26 1117.8 1258.12 1473.83 1291.26 1545.35 1127.78 1067.03 1017.13 796.457 703.161 665.014 587.773 582.118 581.374 569.572 516.273 498.969 465.656 500.423 455.982 445.219
threshold=1.7999919056892397 201.50000000000003 1.3269196152687075 2.9998425245285039 10.500000000000002 0.74999296665191661 66.500000000000014 189.50000000000003 201.50000000000003 6.5000000000000009 1.3043456673622134 1.1087425947189333 0.9999774992465974 0.88888442516326915 0.99999123811721813 174.50000000000003 1.1111089587211611 1.1739092469215395 23.500000000000004 0.63829755783081066 0.89999762177467357 0.19999999552965167 42.500000000000007 53.500000000000007 3.5000000000000004 2.3854792118072514 0.33333325386047369 151.50000000000003 1.0434752106666567 1.8888836503028872
decision_type=2 10 2 2 2 2 2 10 8 2 2 2 2 2 2 10 2 2 2 2 2 2 2 2 2 2 2 10 2 2
left_child=1 2 5 6 -2 26 7 9 16 15 11 12 13 20 -14 24 17 21 -19 -18 22 -7 -11 -12 -4 -6 27 -1 -8 -16
right_child=4 -3 3 -5 25 8 28 -9 -10 10 23 -13 14 -15 29 -17 19 18 -20 -21 -22 -23 -24 -25 -26 -27 -28 -29 -30 -31
leaf_value=-0.0036573884307075644 -0.032551266074541223 0.016140097833343556 -0.020152434830448901 -0.032325462169724643 0.0016820162292169052 0.00021028488263522612 -0.020130727241991168 0.018380495042463186 -0.0038700158015197352 -0.0018123311973182136 0.00090247441213576237 -0.010731916831250212 0.0060843116271367681 -0.01416616421624943 -0.00064678339047682097 0.024253311526769638 0.0018925140473021345 0.00045609157692881483 -0.0098369783950944967 0.0059141799630764713 0.0057928371759565092 0.0032077433633954989 -0.011501917962532686 0.0077835616347778401 -0.005507449958589092 -0.025241844580078457 0.00052526028603468308 0.0061186973796164799 -0.007028638278854628 -0.010349351871107878
leaf_weight=78785.777396917343 9231.4281641468406 12162.607087537646 2226.148149676621 2682.1868115440011 3242.2177560403943 95609.826852858067 5446.2519306391478 2837.9429470822215 25067.814448699355 30498.181335642934 53030.66900421679 17976.382748872042 27515.854449510574 12083.537387222052 22228.996146380901 1046.3522021025419 56734.97725789994 15243.9622906968 9800.0180318206549 106529.39210435748 7153.1495304331183 149460.06980577856 6802.1236300170422 13585.586283832788 63808.165979117155 745.22099364176393 52717.857796564698 4994.4439698159695 4305.2233775258064 5245.3507317751646
leaf_count=177531 134897 11375 17024 37236 7516 176590 23928 2633 58383 84489 124896 53829 61693 43134 54752 1350 103019 30515 21712 170890 17296 251926 22280 23369 197692 6648 104991 7650 14148 19011
internal_value=-5.37716e-05 0.000301088 8.01602e-05 -0.00269516 -0.0237916 0.00137924 -0.00240467 -0.00196495 0.0022912 -0.00218571 -0.00104206 -0.00276526 -0.00147947 -0.00466228 0.00179337 -0.00552801 0.00264774 0.00151764 -0.00357635 0.00451704 -0.00207368 0.00203845 -0.00358455 0.0023077 -0.00600711 -0.0034507 -0.00168359 -0.00307328 -0.0143725 -0.00250536
internal_weight=898798 885579 873416 278472 13218.9 594944 275790 266038 458446 263200 196120 129504 111527 56537 54990.2 67080.7 433378 270114 25044 163264 44453.5 245070 37300.3 66616.3 66034.3 3987.44 136498 83780.2 9751.48 27474.3
internal_count=2062403 1913342 1901967 798760 149061 1103207 761524 723448 813035 720815 504749 356484 302655 167199 135456 216066 754652 480743 52227 273909 124065 428516 106769 148265 214716 14164 290172 185181 38076 73763
is_linear=0
shrinkage=0.03


Tree=71
num_leaves=31
num_cat=0
split_feature=87 24 97 40 97 77 24 39 18 92 87 87 40 97 92 87 87 92 97 92 87 97 92 97 18 0 98 92 87 51
split_gain=7993.03 4104.9 3351.35 3279.37 2929.97 1715.39 1520.19 1236.93 1137 1004.24 1889.58 1591.35 993.224 939.714 866.973 1176.96 1160.29 851.849 775.797 966.483 728.494 1181.93 746.076 665.406 658.926 603.297 579.896 568.751 954.817 537.78
threshold=1.9999099969863894 2.5000000000000004 2.9998425245285039 143.50000000000003 1.3269196152687075 0.65109765529632579 66.500000000000014 189.50000000000003 44.500000000000007 1.4482725262641909 0.99999713897705089 1.2307649850845339 201.50000000000003 2.142847061157227 1.012742340564728 1.0084735453128817 0.83333018422126781 1.071426570415497 1.7499803304672243 1.2499972581863406 1.0312786102294924 1.0666649341583254 0.91885957121849071 2.0720701217651372 43.500000000000007 3.5000000000000004 1.5428553223609927 0.74999296665191661 0.66665667295455944 14.787027835845949
decision_type=2 2 2 10 2 2 2 10 2 2 2 2 10 2 2 2 2 2 2 2 2 2 2 2 2 2 2 2 2 2
left_child=1 -1 3 4 5 -3 7 8 9 11 -11 14 -5 25 16 23 27 20 19 -17 22 -22 -7 -16 -19 -12 -8 28 -6 -24
right_child=-2 2 -4 12 6 17 26 -9 -10 10 13 -13 -14 -15 15 18 -18 24 -20 -21 21 -23 29 -25 -26 -27 -28 -29 -30 -31
leaf_value=-0.034073250388295083 -0.032794401927836808 -0.0014705137724911751 -0.032487269261732177 0.005629078003920227 -0.002214659336377039 0.00061377515799794307 -0.023505676364506303 0.018624510433109354 0.0098908244579989247 -0.043617984689382189 0.00070636412014676213 -0.01350592489666967 0.015880026024897364 -0.0050741201577947136 0.0052711247461194495 -0.0059302345593343266 -0.0097846171872262716 0.0031880211131256825 -0.0095957512267521045 0.0046753424555337156 0.0003674281224805796 -0.010390500781298819 0.0073268401618985868 -0.0038242233968024909 0.0091119345501415993 0.0078078550120729579 -0.0083910208085354356 0.00069353381375564607 -0.014160580096570254 0.0019703012833766011
leaf_weight=3126.7259016633034 6665.8487194851041 160076.20707548782 2785.1104939095676 29589.080228108913 23321.860839053988 130872.31056943536 3753.995905533433 2523.9548689648509 6583.1500247567892 839.64385543763638 28993.721102707088 14100.189756974578 11943.508956745267 16080.59903524071 28969.119571551681 17983.877758607268 31050.13021196425 141061.5084310621 15357.412968456745 13537.346028313041 41562.425224147737 11780.611120998859 31869.379735976458 9632.5495005995035 19189.866904184222 17110.348430380225 5884.826469540596 26020.834837183356 8102.5285182148218 35855.740872144699
leaf_count=44589 94456 338240 38456 49476 69319 254410 14865 2302 14309 4127 71697 41942 11359 53375 63231 48116 104463 237546 52401 25125 78384 27649 50595 30129 26108 31697 23166 72158 26782 60953
internal_value=-0.000115106 0.000130506 0.000251919 0.000355841 -5.01205e-05 0.00116501 -0.00262698 -0.00219298 -0.00239831 -0.00272126 0.000556009 -0.00381942 0.00858316 0.0011663 -0.0030329 -0.000877752 -0.00511395 0.00218855 -0.00407133 -0.00137541 0.00110072 -0.00201142 0.00193675 0.00300069 0.00389845 0.00334414 -0.0143142 -0.00258685 -0.00530187 0.00449234
internal_weight=896224 889559 886432 883647 842114 572268 269846 260207 257683 251100 63024.3 188076 41532.6 62184.7 173976 85480.3 88495.4 412192 46878.6 31521.2 251940 53343 198597 38601.7 160251 46104.1 9638.82 57445.2 31424.4 67725.1
internal_count=2061425 1966969 1922380 1883924 1823089 1073885 749204 711173 708871 694562 160896 533666 60835 156769 491724 219002 272722 735645 125642 73241 471991 106033 365958 93360 263654 103394 38031 168259 96101 111548
is_linear=0
shrinkage=0.03


Tree=72
num_leaves=31
num_cat=0
split_feature=92 40 40 97 97 98 92 100 88 30 97 78 39 92 12 30 18 92 93 61 63 30 89 18 92 39 88 38 97 98
split_gain=5526.35 3011.55 2714.82 2419.84 1475.62 1410 1307.84 1065.14 1004.1 887.041 790.669 786.417 754.332 644.965 551.654 537.033 536.329 533.573 524.406 544.421 522.594 514.085 502.358 473.333 548.615 459.04 447.53 447.5 437.535 535.752
threshold=2.5714037418365483 inf 201.50000000000003 1.3770461678504946 2.9998425245285039 1.0869558453559878 1.2314536571502688 -0.91950619220733631 0.77777668833732616 29.500000000000004 2.9998425245285039 0.37815101444721227 189.50000000000003 0.86841949820518505 10.500000000000002 125.50000000000001 1.5000000000000002 1.2499972581863406 1.3674660325050356 11.963721275329592 0.39999996125698095 9.5000000000000018 -0.5963851511478423 45.500000000000007 1.5999960303306582 139.50000000000003 1.0597647428512575 134.50000000000003 1.7499803304672243 1.9636315703392031
decision_type=2 8 10 2 2 2 2 2 2 2 2 2 10 2 2 2 2 2 2 2 2 2 2 2 2 10 2 10 2 2
left_child=1 2 3 5 6 7 8 20 13 21 16 -7 -9 14 -5 17 -3 22 19 -10 -1 -8 -13 24 26 -24 -11 -18 29 -21
right_child=-2 10 -4 4 -6 11 9 12 18 23 -12 15 -14 -15 -16 -17 27 -19 -20 28 -22 -23 25 -25 -26 -27 -28 -29 -30 -31
leaf_value=0.00083177125834220074 -0.029806708869735302 -0.03118210818913731 0.015011779611287036 -0.002251597809753605 -0.032024839787640806 0.00043433908193592316 -0.012904747217157893 -0.0014163547063427684 -0.0028682193945528955 0.0059449102318125131 -0.031684418542116115 0.0048426173297767211 0.011590026797262719 0.0027556738534533763 -0.014461680426386276 0.0089972924619917769 -0.0049897921761710203 0.0068608801804035781 -0.0015452195928358837 -0.0087602285655627894 0.0041953558286644326 -0.001390370484428489 0.00019420750003868069 0.016994257942458027 0.008216216854292413 0.014921015902108578 -0.0014104994471155516 0.0086732053188143775 -0.014702497535758797 0.0079228415706523864
leaf_weight=108269.64511007816 5512.7549588494003 670.55597050860524 11944.290083736181 24643.360412076116 1456.9371467605233 57127.22561391443 3854.2622639574111 182569.6349141784 14605.799286052585 10858.69682572782 980.49196103960276 53046.499155297875 4083.5620366856456 24185.758539430797 3832.810265019536 20993.550723001361 79306.91445050016 39190.836518056691 15699.855684965849 25026.312363237143 67477.013562239707 35242.201880760491 52079.918108902872 2220.123774394393 12638.533292740583 1957.261902205646 23568.057987555861 2200.1955143325031 11093.139318101108 1845.9569378346205
leaf_count=196751 80598 11145 12229 71492 20956 115760 20462 381071 43657 22344 14728 90632 4901 65553 13866 29116 237567 62778 43692 76883 114540 94208 100264 3942 23003 2450 52941 4573 44884 4783
internal_value=8.34355e-05 0.000268688 0.000827215 0.000614418 -0.00214265 0.00160477 -0.00193161 0.000447533 -0.00395861 0.000842205 -0.00516724 0.00347351 -0.00113059 -0.000845582 -0.00390404 0.00451131 -0.00484322 0.00386633 -0.00635895 -0.00779538 0.00212353 -0.00253151 0.0027693 0.00351841 0.00287579 0.000732945 0.000911608 -0.00461894 -0.00968842 -0.00760917
internal_weight=898182 892669 809511 797567 210772 586795 209315 362400 120933 88381.9 83158.2 224395 186653 52661.9 28476.2 167268 82177.7 146275 68271.1 52571.2 175747 39096.5 107084 49285.4 47065.3 54037.2 34426.8 81507.1 37965.4 26872.3
internal_count=2061769 1981171 1713158 1700929 602666 1098263 581710 697263 364810 216900 268013 401000 385972 150911 85358 285240 253285 256124 213899 170207 311291 114670 193346 102230 98288 102714 75285 242140 126550 81666
is_linear=0
shrinkage=0.03


Tree=73
num_leaves=31
num_cat=0
split_feature=87 97 18 40 97 39 34 51 38 92 97 87 87 40 24 51 69 77 92 87 31 92 87 92 87 92 92 97 33 40
split_gain=7682.36 3029.03 2503.21 2241.1 2217.33 1609.77 1728.43 1356.67 1035.58 875.994 1390.53 1206.09 925.634 767.617 713.71 669.363 638.127 595.631 591.797 638.992 587.001 545.719 585.33 541.554 610.208 508.258 499.888 897.322 490.186 479.269
threshold=1.7999919056892397 1.7072894573211672 10.500000000000002 165.50000000000003 2.9998425245285039 189.50000000000003 6.5000000000000009 13.799578666687013 150.50000000000003 1.071426570415497 1.1739092469215395 0.95651987195014965 1.0434762239456179 201.50000000000003 3.5000000000000004 16.867581367492679 0.10258639976382257 0.80994763970375072 1.4482725262641909 1.090906620025635 27.500000000000004 1.1371448040008547 0.92856994271278392 0.83027687668800365 0.90097919106483471 0.91885957121849071 1.2499972581863406 1.3770461678504946 6.5000000000000009 201.50000000000003
decision_type=2 2 2 10 2 10 2 2 10 2 2 2 2 10 2 2 2 2 2 2 2 2 2 2 2 2 2 2 2 10
left_child=1 3 -2 5 13 6 8 23 16 10 20 25 -11 14 -3 28 -1 -18 19 21 -9 22 -17 -8 -25 -12 27 -14 -16 -5
right_child=2 4 -4 29 -6 -7 7 9 -10 12 11 -13 26 -15 15 18 17 -19 -20 -21 -22 -23 -24 24 -26 -27 -28 -29 -30 -31
leaf_value=-0.0035593646086885733 -0.032364923252578684 -0.023068651240987142 -0.0034516595125256471 0.0063553760656272522 -0.032084687728074296 0.014254818996804417 0.0014740832757190983 -0.00056720795629249356 0.012547891392793152 0.0082500484694393167 -0.0053385622848923916 -0.0130421301148599 0.00039621323941841887 0.016964438342601494 -0.0048878082832858084 -0.0058974249059742471 -0.0022666762192846846 0.00081747873309430809 -0.001616969319703623 -0.018329408269177346 0.0045763869673169895 0.00022380839169206578 -0.01999216552166308 0.010804865680752503 0.0043089338754619053 0.0033363401898003687 0.0033705458073669857 -0.013336132081123464 -4.8183607733412344e-05 0.014963375856667233
leaf_weight=83882.081674359739 8617.5716742910445 1687.4214752987027 3924.5779738053679 13705.234620168805 2478.9696386121213 7778.4287649542093 50998.144606754184 78095.170610889792 4902.5974544510245 20470.841235294938 15890.811097130179 13702.216699764132 38576.532613158226 1603.4108691215515 31170.500748381019 7887.5891573280096 98534.800250127912 131607.04308175296 12645.278144806623 5768.3014427423477 26806.961465865374 6357.215810418129 3995.5149868279696 15161.747442916036 91802.629649750888 9819.2386268228292 45570.598301410675 4797.1903740167618 47552.556722551584 10170.744037114084
leaf_count=195463 134700 14712 14199 21306 37290 8023 98306 143541 7681 31714 40909 40144 65686 1482 104535 27286 226277 274458 34808 21386 41759 18079 19009 23991 155554 19896 76181 14220 139770 9791
internal_value=-4.21137e-05 0.000289139 -0.0233375 0.000989475 -0.00411691 0.000696832 0.000552103 0.00183635 -0.0011057 0.00047743 -0.00105739 -0.00586019 0.00250162 -0.00352736 -0.00381088 -0.00352528 -0.00131965 -0.000503079 -0.00687305 -0.00963776 0.000747821 -0.00687206 -0.0106622 0.0040188 0.00523155 -0.00202541 0.00117704 -0.00112805 -0.00196519 0.0100317
internal_weight=895962 883420 12542.1 762273 121147 738397 730619 411692 318927 253730 144314 39412.3 109415 118668 117064 115377 314024 230142 36653.9 24008.6 104902 18240.3 11883.1 157963 106964 25710 88944.3 43373.7 78723.1 23876
internal_count=2062156 1913257 148899 1494900 418357 1463803 1455780 751901 703879 474050 286249 100949 187801 381067 379585 364873 696198 500735 120568 85760 185300 64374 46295 277851 179545 60805 156087 79906 244305 31097
is_linear=0
shrinkage=0.03


Tree=74
num_leaves=31
num_cat=0
split_feature=87 24 40 30 69 39 38 51 68 39 40 30 30 24 98 26 24 30 24 63 93 78 39 18 30 30 24 51 30 65
split_gain=7456.44 3862.35 2800.91 2435.77 1339.04 1293.86 1038.01 996.529 1108.04 897.107 835.293 718.809 632.489 1154.32 610.892 534.036 1043.05 614.837 522.778 521.989 505.676 489.435 481.577 468.077 436.277 390.05 822.466 382.16 448.687 468.283
threshold=1.9999099969863894 2.5000000000000004 143.50000000000003 23.500000000000004 0.17166539281606677 139.50000000000003 134.50000000000003 14.787027835845949 0.15384615212678912 151.50000000000003 201.50000000000003 69.500000000000014 92.500000000000014 48.500000000000007 2.9995950460433964 49.500000000000007 15.500000000000002 16.500000000000004 10.500000000000002 0.4169947504997254 1.1931808590888979 0.91836711764335643 45.500000000000007 10.500000000000002 9.5000000000000018 53.500000000000007 29.500000000000004 9.6260924339294451 85.500000000000014 0.049999998882412917
decision_type=2 2 10 2 2 10 10 2 2 10 10 2 2 2 2 2 2 2 2 2 2 2 10 2 2 2 2 2 2 2
left_child=1 -1 3 5 9 6 14 11 -9 20 -4 19 13 25 15 16 17 18 24 21 27 22 -6 -18 -3 26 -10 28 29 -5
right_child=-2 2 10 4 7 -7 -8 8 12 -11 -12 -13 -14 -15 -16 -17 23 -19 -20 -21 -22 -23 -24 -25 -26 -27 -28 -29 -30 -31
leaf_value=-0.033962572764489919 -0.032604314858626859 -0.0073342974593933099 0.0053466930892983738 -0.0048270088927265739 -0.0027026547923303377 0.0080219798360411411 0.01266156479864004 -0.0035976782330732083 0.0014187556509780012 0.010388176641412131 0.014841148771233412 0.0052095411914713534 0.0040516188257328752 -0.0079099303075107884 -0.014438983183545346 0.0025537610287795802 -0.021206973659574489 -0.00073277758005784431 -0.010176745590864573 0.0052184604986701064 0.00050444124831529129 0.0030508781322515967 0.0021914494198605303 -0.0088818394618997848 -0.0018988065237536607 0.0029907028652122482 -0.0068663898689134183 -0.0046714839783782731 0.0035854457930670687 0.00047950582712256534
leaf_weight=2934.6783941686153 6229.2748798504472 21067.600588217378 29510.071675688028 33301.402505084872 42907.45820043236 8544.8618868812919 3286.0215277895331 52330.476237617433 47288.690550006926 5743.0656944066286 11629.366697788239 85041.049799367785 54732.11181563139 14038.277110420167 5182.2768002748489 10454.133900396526 3656.5022766590118 44210.448145397007 15149.029823087156 32421.159686967731 66118.766859322786 57313.072519212961 31261.934421077371 11579.586696460843 35997.214771427214 56199.86614344269 13947.280841976404 53108.46184836328 13590.181135997176 27165.462138861418
leaf_count=44521 94192 83704 49455 80546 100122 13706 6109 114469 94724 7763 11473 144003 88889 40861 47922 28076 12127 100938 51171 60619 132210 116963 62067 37529 99031 98012 40339 119022 23721 57599
internal_value=5.08955e-05 0.000280257 0.000394343 2.23777e-05 0.000797567 -0.00332162 -0.0039663 0.00164414 0.000258413 -0.00127591 0.00803651 0.0029718 0.00134238 0.00021409 -0.00433892 -0.00396863 -0.00448683 -0.00351958 -0.00522503 0.00181026 -0.00162352 0.00096919 -0.000639786 -0.0118637 -0.00390739 0.00118642 -0.000469919 -0.00272985 -0.00133656 -0.00244362
internal_weight=895940 889711 886776 845636 686509 159128 150583 487481 238537 199027 41139.4 248945 186206 131474 147297 142115 131660 116424 72213.8 163904 193284 131482 74169.4 15236.1 57064.8 117436 61236 127166 74057 60466.9
internal_count=2061883 1967691 1923170 1862242 1381929 480313 466607 961068 477294 420861 60928 483774 362825 273936 460498 412576 384500 334844 233906 339771 413098 279152 162189 49656 182735 233075 135063 280888 161866 138145
is_linear=0
shrinkage=0.03


Tree=75
num_leaves=31
num_cat=0
split_feature=24 97 97 24 34 39 39 18 24 30 61 24 77 78 98 91 30 24 30 24 18 30 24 24 18 18 24 38 100 39
split_gain=4630.1 4060.97 2218.39 1500.01 1381.01 1270.27 1202.85 1186.61 2666.49 808.445 690.012 899.262 682.466 648.943 475.841 442.997 432.649 611.619 635.723 766.084 856.47 654.783 571.464 472.752 869.82 461.876 462.934 408.644 403.604 389.494
threshold=3.5000000000000004 2.9998425245285039 1.3269196152687075 72.500000000000014 15.500000000000002 189.50000000000003 189.50000000000003 2.5000000000000004 2.5000000000000004 18.500000000000004 24.181472778320316 18.500000000000004 0.68120205402374279 0.98900929093360912 1.3235265016555788 0.29758109152317053 29.500000000000004 24.500000000000004 37.500000000000007 44.500000000000007 31.500000000000004 87.500000000000014 39.500000000000007 54.500000000000007 34.500000000000007 24.500000000000004 30.500000000000004 174.50000000000003 -0.84903699159622181 18.500000000000004
decision_type=2 2 2 2 2 10 10 2 2 2 2 2 2 2 2 2 2 2 2 2 2 2 2 2 2 2 2 10 2 10
left_child=7 2 4 6 5 12 9 8 -1 27 -11 -12 29 15 28 -6 -13 -18 -19 20 22 23 25 24 -21 26 -20 -4 -14 -2
right_child=1 -3 3 -5 13 -7 -8 -9 -10 10 11 16 14 -15 -16 -17 17 18 19 21 -22 -23 -24 -25 -26 -27 -28 -29 -30 -31
leaf_value=-0.03342866566016589 -0.0035543799125064765 -0.032070877651964924 -0.0050311884520036045 -0.018159295678420135 0.0054899880536184442 0.013207711045521381 0.017462337537435729 -0.039601004127807288 0.0021400292609980655 0.00060126802677978517 0.005327805752186777 -0.0098940642405020499 0.0020722261715760059 0.0051426009245413313 0.0039296317778525665 0.00081619567544503413 0.0055584498788093387 -0.012179660691908786 0.0012056335907628716 -0.016000263157323329 0.011219077105162727 0.0026663325470935614 -0.011789745607388808 -0.016100534994199237 0.00046430421770234841 0.0042954894521786179 -0.012017570034179047 0.018273330302818733 -0.00061649924318529174 -0.00027203594137420499
leaf_weight=3586.2879599370062 54689.983412414789 3467.4648286029696 61040.17898740992 4962.3053834885359 23033.738349627703 6770.75904038921 2943.0003564804792 2235.0324442870915 3997.169514760375 121242.11579664797 10541.070533335209 9789.6594647020102 83411.957249674946 97901.10239636898 42615.362742360681 87671.713000744581 6539.3071094229817 7619.7937916964293 5295.1563658192754 4755.9651889950037 5256.980008110404 4981.0143305659294 4459.6007281392813 6481.6092475056648 7301.8841682821512 10800.855187550187 4307.47809907794 665.63703391328454 126308.26887719706 80290.082382880151
leaf_count=58838 129739 56803 208876 21283 37648 7532 2842 21411 19548 302604 23088 31115 150884 154112 78935 151576 12576 24605 10633 16218 10083 10593 13994 25978 17712 23337 12876 992 258692 166922
internal_value=1.06893e-05 0.000238176 0.000365966 -0.00184575 0.00138978 0.000344914 -0.00154902 -0.0204562 -0.0147244 -0.00175669 -0.000867075 -0.00288677 0.000119386 0.00336346 0.0010404 0.00178946 -0.00400387 -0.00315071 -0.00408189 -0.00292747 0.000241297 -0.00698211 -0.00208696 -0.00957444 -0.00604554 4.32458e-05 -0.00473858 -0.00477396 0.000452982 -0.00160228
internal_weight=894963 885144 881677 278984 602693 394086 274021 9818.49 7583.46 271078 209372 88130.4 387316 208607 252336 110705 77589.3 67799.6 61260.3 53640.5 30120.1 23520.5 24863.1 18539.5 12057.8 20403.5 9602.63 61705.8 209720 134980
internal_count=2062045 1962248 1905445 769405 1136040 792704 748122 99797 78386 745280 535412 232808 785172 343336 488511 189224 209720 178605 166029 141424 70923 70501 60840 59908 33930 46846 23509 209868 409576 296661
is_linear=0
shrinkage=0.03


Tree=76
num_leaves=31
num_cat=0
split_feature=87 24 97 40 97 24 92 39 38 33 40 92 87 92 87 87 98 92 18 24 100 94 97 97 39 87 92 87 78 87
split_gain=7120.19 3606.98 2925.69 2628.49 2236.56 1596.11 1565.47 1353.13 1159.79 1343.99 1035.87 894.656 1654.66 1269.73 1220.29 899.857 822.325 770.442 669.601 662.629 552.552 519.635 452.704 407.64 401.296 392.444 894.517 457.636 385.434 378.507
threshold=1.9999099969863894 2.5000000000000004 2.9998425245285039 201.50000000000003 1.2558100223541262 70.500000000000014 0.74999296665191661 139.50000000000003 174.50000000000003 11.500000000000002 201.50000000000003 1.012742340564728 0.99999123811721813 1.2499972581863406 0.88888442516326915 1.1087425947189333 1.1351335048675539 0.89999762177467357 39.500000000000007 40.500000000000007 -0.91440039873123158 -0.79500663280487049 1.7072894573211672 2.142847061157227 167.50000000000003 1.1999977231025698 1.5999960303306582 1.3684178590774538 0.98900929093360912 1.3333273530006411
decision_type=2 2 2 10 2 2 2 10 10 2 8 2 2 2 2 2 2 2 2 2 2 2 2 2 10 2 2 2 2 2
left_child=1 -1 3 4 6 7 29 8 9 -6 16 14 -13 15 17 22 20 19 23 -11 -8 -18 -14 25 28 -15 27 -27 -22 -3
right_child=-2 2 -4 -5 5 -7 10 -9 -10 11 -12 12 13 18 -16 -17 21 -19 -20 -21 24 -23 -24 -25 -26 26 -28 -29 -30 -31
leaf_value=-0.033766910179533184 -0.032507253475341197 -0.0013426022555162753 -0.032125201496831568 0.014644547322920328 -0.0044954599567948381 -0.014759045642490008 0.0029804578578746682 0.011758903946473342 0.028663259361783492 -2.3349648466440676e-06 -0.0040560810799262813 0.00829684475177302 0.00062205781189331297 0.0053654259792727437 -0.0093382034411402751 -0.011277759632903752 0.006517136773848603 0.0069002039308776559 0.01100906727635469 -0.0090782929578151848 -0.0015909856942304516 0.0025901204787292008 -0.0086412461886852619 -0.0048327654455816013 0.0089401830127054365 -0.001783262881958847 0.0051487151593652978 -0.012814631382026135 0.0017889002041395811 -0.02010028312723354
leaf_weight=2784.5870985686779 6010.5374014042318 129703.20336523652 2475.9780785031617 11487.725102558732 109391.40728644282 8269.6540181040764 145403.58428975195 6836.511958450079 1106.9644535407424 25935.929443970323 21972.480468995869 23454.710273206234 19773.740054443479 19615.142989978194 20211.770120248199 12947.904739618301 64915.523993317038 9918.920456469059 6612.5277637988329 10023.362458437681 66821.574639122933 56978.925566844642 6227.6383057534695 9224.08718778193 4611.9258123710752 13326.831307455897 16159.351033039391 4520.6509609520435 55626.042618002743 955.59118998795748
leaf_count=44559 94442 273025 38469 11357 329812 31024 242834 9239 1202 67655 52623 47688 42923 37297 65421 38001 100900 22300 11605 30801 132094 99491 23446 27156 6181 28745 31130 11717 99886 8319
internal_value=-1.96072e-05 0.000201192 0.000308891 0.000400663 0.000212369 -0.00176467 0.00138186 -0.00142293 -0.00171583 -0.00182711 0.00228093 -0.000352235 0.00107559 -0.00048801 -0.0032005 -0.00482235 0.0026342 -0.000493627 0.00194318 -0.00253583 0.00171769 0.0046822 -0.00160155 0.00098609 0.000272361 0.00198848 3.86516e-05 -0.00458865 -5.55149e-05 -0.00148284
internal_weight=893305 887294 884510 882034 870546 323557 546989 315287 308451 307344 416330 197953 131863 108408 66090 38949.3 394358 45878.2 69458.6 35959.3 272463 121894 26001.4 62846.1 127060 53622 34006.8 17847.5 122448 130659
internal_count=2061342 1966900 1922341 1883872 1872515 857162 1015353 826138 816899 815697 734009 485885 299708 252020 186177 104370 681386 120756 147650 98456 480995 200391 66369 136045 238161 108889 71592 40462 231980 281344
is_linear=0
shrinkage=0.03


Tree=77
num_leaves=31
num_cat=0
split_feature=87 97 40 18 97 24 98 39 33 38 100 30 51 39 24 30 18 24 40 65 40 89 0 18 24 79 98 24 97 24
split_gain=6943.65 2621.41 2377.69 2235.95 2037.3 1490.53 1296.56 1080.24 1092.35 981.811 903.391 870.877 841.7 797.273 687.766 845.301 718.297 547.751 517.209 542.375 496.048 463.275 458.453 456.613 592.168 439.943 437.258 501.517 414.939 383.911
threshold=1.7999919056892397 2.9998425245285039 165.50000000000003 10.500000000000002 1.2810719609260561 72.500000000000014 1.188676178455353 189.50000000000003 6.5000000000000009 174.50000000000003 -0.73020118474960316 61.500000000000007 17.996397972106937 167.50000000000003 44.500000000000007 87.500000000000014 31.500000000000004 3.5000000000000004 165.50000000000003 0.19999998062849048 201.50000000000003 -0.85314694046974171 2.5000000000000004 2.5000000000000004 2.5000000000000004 -3.3483473062515254 1.4999967217445376 58.500000000000007 2.5384352207183842 36.500000000000007
decision_type=2 2 10 2 2 2 2 10 2 10 2 2 2 10 2 2 2 2 8 2 10 2 2 2 2 2 2 2 2 2
left_child=1 2 4 -2 6 7 10 8 9 17 18 -8 22 21 16 -16 29 23 19 25 -4 -12 -10 24 -6 -1 27 -17 -5 -14
right_child=3 -3 20 28 5 -7 11 -9 12 -11 13 -13 14 -15 15 26 -18 -19 -20 -21 -22 -23 -24 -25 -26 -27 -28 -29 -30 -31
leaf_value=-0.0027478536430992689 -0.032131278480135472 -0.031825349829911947 0.005666260250226653 -6.5860681622939457e-05 -0.031825770325848726 -0.01686863076058745 0.0011282641547530365 0.01680526455247484 -0.001010675600517834 0.023182581492681147 0.00087833983517761219 0.00599880457243412 -0.001214109033077636 0.0080809141131760968 -0.010399720260952117 0.0099999717133929002 0.0090236737073110633 -0.0049917603374670756 -0.0053403539736156334 0.0036311557071270657 0.014029915621515154 -0.0027648303857649029 0.0024838032637092104 -0.035503268595582629 0.010737807397017326 0.0014485484651127571 0.0080896864576461575 -0.014654982884800362 -0.027828219853041441 -0.0080119951256804583
leaf_weight=27466.825314819813 7843.769735943526 2260.9234741516411 14740.53597548604 3284.4110813960433 494.31302282959223 5833.0263900607824 60972.333274662495 2828.6881103813648 66887.660437166691 1073.8241380676627 42906.966316826642 72132.585671961308 47036.347328804433 7702.5244923233986 19050.370758801699 1092.2741107493639 5526.3961851149797 66832.256172291934 9519.955644890666 89603.376281537116 11300.997698396444 117175.60737926513 68244.675540357828 960.80883929133415 670.69765974581242 123546.21174405515 4087.1733131855726 2226.453725323081 548.38878266140819 8872.6733394414186
leaf_count=51179 134563 37335 23153 8083 6322 23681 121772 2724 176100 1346 81564 111416 116881 10414 61433 1633 10667 207831 21313 147927 11266 254218 162241 8538 2709 220390 7498 6172 6110 25325
internal_value=-1.05653e-05 0.000294275 0.000377634 -0.0229732 0.000104832 -0.00187674 0.00118988 -0.00158007 -0.00175867 -0.00502665 0.000368557 0.00376823 -0.000732127 -0.00133438 -0.00301701 -0.00705914 -0.00127459 -0.00547252 0.00151086 0.00178235 0.00930374 -0.00178836 0.000754216 -0.0203995 -0.00755422 0.000685028 0.00153876 -0.00652914 -0.00416188 -0.0022954
internal_weight=892723 881046 878786 11676.6 852744 301718 551026 295885 293056 70031.9 417921 133105 223024 167785 87891.7 26456.3 61435.4 68958.1 250136 240616 26041.5 160083 135132 2125.82 1165.01 151013 7405.9 3318.73 3832.8 55909
internal_count=2061804 1913048 1875713 148756 1841294 821101 1020193 797420 794696 226746 787005 233188 567950 346196 229609 76736 152873 225400 440809 419496 34419 335782 338341 17569 9031 271569 15303 7805 14193 142206
is_linear=0
shrinkage=0.03


Tree=78
num_leaves=31
num_cat=0
split_feature=87 24 97 40 97 92 92 87 92 30 87 87 92 89 40 87 26 92 92 87 92 87 92 94 39 87 87 97 24 92
split_gain=6674.69 3396.93 2761.75 2518.75 2204.67 1577.36 1427.71 1681.42 1062.85 1053.08 1019.65 895.189 1277.97 748.796 730.913 701.565 694.076 569.921 557.545 864.97 980.298 605.54 663.793 543.686 672.577 502.791 501.809 463.995 462.468 454.678
threshold=1.9999099969863894 2.5000000000000004 2.9998425245285039 143.50000000000003 1.2810719609260561 0.85713458061218273 1.1371448040008547 0.99999827146530162 0.9999932348728181 29.500000000000004 0.85713735222816478 1.0666649341583254 1.3043456673622134 -0.77071070671081532 201.50000000000003 0.85713735222816478 12.500000000000002 1.071426570415497 0.85713458061218273 0.66666367650032055 0.94736656546592724 0.66665667295455944 0.72497111558914196 -1.893484830856323 151.50000000000003 1.2307649850845339 1.1169613003730776 2.142847061157227 20.500000000000004 0.59999188780784618
decision_type=2 2 2 10 2 2 2 2 2 2 2 2 2 2 10 2 2 2 2 2 2 2 2 2 10 2 2 2 2 2
left_child=1 -1 3 4 5 23 7 8 10 15 18 -11 25 -7 -5 -8 -12 26 21 20 -20 29 -23 -3 -25 -13 -15 28 -17 -6
right_child=-2 2 -4 14 6 13 9 -9 -10 11 16 12 -14 17 -16 27 -18 -19 19 -21 -22 22 -24 24 -26 -27 -28 -29 -30 -31
leaf_value=-0.033636592500586503 -0.032355270199695932 0.00068995863499906685 -0.031974681739928415 0.0051939805295834352 -0.0038283426310386491 0.0043798515176472902 -0.029239555288626821 -0.011244449334250785 0.0021893581641155048 0.0073379001247217178 0.0064005516274190793 -0.0038710338368316498 0.003173918850801294 0.00076715564241574901 0.014184293782487969 1.595152863722141e-05 -0.010862740738581157 0.0026561993056614186 0.0048064147353918283 0.0050843009019750111 -0.040265405252485981 -0.014193674794419388 -0.0036317236659749162 -0.0031978412806127707 0.0073465993988170285 -0.016860230864554456 -0.0044625490391264925 -0.0066758377879915605 -0.010666772490823768 0.0040236041483767363
leaf_weight=2640.8232913948596 5681.2296612337232 84766.43815716356 2358.143677085638 29508.400778587908 17616.264371469617 111882.46672226489 877.06302186846733 24760.046399995685 30392.160622313619 22442.27859005332 2287.5049029886723 16446.485957875848 44950.426425561309 83799.095493242145 11243.381872594357 41535.388795897365 23568.780559837818 142170.27150763571 875.47138096392155 14012.143520057201 834.4786027520895 8316.9275435209274 15031.252064108849 93272.361902624369 5762.9947285428643 3189.9604352414608 20544.42228500545 17434.710013560951 3978.2840070277452 10623.228822335601
leaf_count=44558 94269 167384 38666 49404 52667 180207 3432 85076 74408 44576 7726 41438 88656 152834 11288 109246 80600 245195 2310 34601 5528 27134 43877 209432 8727 9486 47227 61946 12209 28786
internal_value=1.22842e-06 0.000209168 0.000310981 0.000398012 4.51276e-05 0.00118584 -0.00202216 -0.00411202 -0.00268115 3.28418e-05 -0.00427011 0.00217918 0.000384936 0.00234458 0.00768014 -0.00289356 -0.00933169 0.00142057 -0.00232357 0.00261984 -0.0174005 -0.00383058 -0.00740296 -0.00107359 -0.00258289 -0.00599615 -0.00026319 -0.00251731 -0.000922085 -0.000873813
internal_weight=892803 887122 884481 882123 841371 542198 299173 148318 123558 150855 93166.1 87029.2 64586.9 358396 40751.8 63825.4 25856.3 246514 67309.8 15722.1 1709.95 51587.7 23348.2 183802 99035.4 19636.4 104344 62948.4 45513.7 28239.5
internal_count=2062893 1968624 1924066 1885400 1824708 1011006 813702 442713 357637 370989 283229 184156 139580 625463 60692 186833 88326 445256 194903 42439 7838 152464 71011 385543 218159 50924 200061 183401 121455 81453
is_linear=0
shrinkage=0.03


Tree=79
num_leaves=31
num_cat=0
split_feature=87 24 97 39 97 92 24 18 72 38 78 98 30 98 97 24 30 24 30 92 63 87 24 86 24 30 18 24 56 92
split_gain=6473.19 3291.71 2661.54 1807.09 1827.54 1336.31 1171.96 810.51 773.429 731.213 706.573 558.309 560.026 527.821 549.255 497.744 507.692 753.62 903.053 482.507 480.471 477.867 464.756 460.03 449.595 679.845 384.372 449.494 375.761 372.439
threshold=1.9999099969863894 2.5000000000000004 2.9998425245285039 189.50000000000003 1.3269196152687075 0.72497111558914196 66.500000000000014 44.500000000000007 0.89898863434791576 174.50000000000003 1.0285704731941225 1.622949540615082 95.500000000000014 1.1111089587211611 1.1194007396698 56.500000000000007 67.500000000000014 40.500000000000007 45.500000000000007 0.93387818336486828 0.33333325386047369 0.83333018422126781 66.500000000000014 1.4761043787002566 29.500000000000004 29.500000000000004 32.500000000000007 44.500000000000007 20.985197067260746 0.83027687668800365
decision_type=2 2 2 10 2 2 2 2 2 10 2 2 2 2 2 2 2 2 2 2 2 2 2 2 2 2 2 2 2 2
left_child=1 -1 3 4 5 20 7 9 -7 10 15 -8 -13 14 -10 16 17 18 24 21 -3 29 -16 -20 25 -6 -19 -28 -26 -12
right_child=-2 2 -4 -5 6 8 11 -9 13 -11 19 12 -14 -15 22 -17 -18 26 23 -21 -22 -23 -24 -25 28 -27 27 -29 -30 -31
leaf_value=-0.03352635113624506 -0.032284233114926578 -0.0030819027174689485 -0.031899445388792809 0.013303863207360881 -0.0041491076287582277 0.00030561869327598188 -0.019696129753041955 0.0089740403624157562 0.0025527982505665703 0.022232691259871144 -0.0034146168638763377 -0.01419758148970343 0.0060443989426675468 0.0044323259232923479 -0.00069250117348181657 -0.01232128019093804 0.0036725608602772592 -0.014431748885192948 0.0070609457407449219 0.0012578145390968337 0.00069982943028870095 -0.010697369039840782 -0.013502478011085256 -0.0043758641622631466 -0.004304866664016577 0.0018540377893317183 0.0069705418527335307 -0.0092660662192005847 -0.01451499097535724 0.0068707470111696329
leaf_weight=2577.9669335000217 5538.0817609466612 75818.027682300657 2285.4608690068126 9605.3800701797009 71958.650445327163 172426.28316808119 4551.1165514439344 6568.2693943679333 153518.72322196886 1125.7597489655018 13990.31460095942 2718.7767514437437 2217.2979860603809 114140.76948073879 26688.274799473584 5049.0998705625534 10265.565771251917 7404.8005324602127 12146.194817081094 79482.40517514199 50273.991317652166 6260.8509774208069 2798.4924435243011 4263.1384583711624 7714.9301625043154 22206.549931496382 2093.1240954101086 5608.1838202625513 5609.886791780591 4074.9118109494448
leaf_count=44701 94291 170348 38506 10285 221764 330812 18242 14371 264923 1348 41083 13765 6078 189863 52091 17897 20170 25400 23415 200529 99917 21664 6392 9494 23182 48929 4706 19164 19001 9989
internal_value=-9.75776e-06 0.00019283 0.000292048 0.00037632 0.000233449 0.00116769 -0.00178782 -0.00141756 0.00190399 -0.0016815 -0.00178751 -0.0121376 -0.00511713 0.00283141 0.00183254 -0.0030747 -0.00276032 -0.00323585 -0.00246363 0.000126227 -0.00157422 -0.00356909 -0.00191658 0.00408796 -0.00346436 -0.00273332 -0.00955793 -0.00484652 -0.00861875 -0.00108955
internal_weight=890981 885443 882865 880580 870974 595665 275310 265823 469573 259254 258129 9487.19 4936.07 297146 183005 154320 149271 139005 123899 103808 126092 24326.1 29486.8 16409.3 107490 94165.2 15106.1 7701.31 13324.8 18065.2
internal_count=2062320 1968029 1923328 1884822 1874537 1114346 760191 722106 844081 707735 706387 38085 19843 513269 323406 433122 415225 395055 345785 273265 270265 72736 58483 32909 312876 270693 49270 23870 42183 51072
is_linear=0
shrinkage=0.03


Tree=80
num_leaves=31
num_cat=0
split_feature=87 24 97 40 97 24 40 39 31 92 87 92 24 87 97 87 92 92 46 39 66 39 24 53 92 87 24 24 87 92
split_gain=6276.95 3195.47 2578.64 2095.55 1859.64 1354.51 1180.99 1073.08 950.676 885.811 1115.42 1223.88 1123.36 1076.34 899.871 751.086 1486.53 645.496 736.886 896.635 612.758 592.852 510.189 491.224 479.345 916.254 574.407 503.654 501.22 588.412
threshold=1.9999099969863894 2.5000000000000004 2.9998425245285039 201.50000000000003 1.2810719609260561 74.500000000000014 201.50000000000003 189.50000000000003 24.500000000000004 0.9999932348728181 0.9999774992465974 1.1739096045494082 9.5000000000000018 0.85713735222816478 1.8888836503028872 1.1999977231025698 1.4482725262641909 1.199997663497925 8.7577090263366717 7.5000000000000009 12.533740520477297 7.5000000000000009 5.5000000000000009 0.27272726595401769 0.72497111558914196 0.66665667295455944 6.5000000000000009 3.5000000000000004 0.73684036731719982 0.88684234023094188
decision_type=2 2 2 10 2 2 8 10 2 2 2 2 2 2 2 2 2 2 2 8 2 10 2 2 2 2 2 2 2 2
left_child=1 -1 3 4 6 7 8 9 17 13 12 23 -11 24 15 -13 -17 18 19 -3 -15 -21 -19 -12 25 -6 27 -26 -28 -30
right_child=-2 2 -4 -5 5 -7 -8 -9 -10 10 11 14 -14 20 -16 16 -18 22 -20 21 -22 -23 -24 -25 26 -27 28 -29 29 -31
leaf_value=-0.033484563823721253 -0.032204811959909541 0.0083587985626603321 -0.0318197214307466 0.013376493819117633 -0.0015913555663022048 -0.018063875278007381 -0.0039200303785414461 0.016370262960316538 0.0049640292052884807 -0.025768997415097878 -0.0036657919508579747 0.0044678719792837192 0.005246220204798274 -0.0022304743663779793 -0.0039022795801635216 -0.008771397856220324 0.0023984740184679028 -0.010804586640152783 -0.0015446902360295803 -0.0026509204199481936 -0.011745133712629223 0.0015771764549675459 0.0036453529823923521 -0.011165863584715842 -0.037414197586162989 -0.013079564852105425 0.0063264518577045101 -0.0057895501036369377 -0.0054370505865798556 0.004973953449322035
leaf_weight=2506.1389904804528 5389.9500363990664 15705.174789592624 2223.1259408220649 11017.131879530847 24654.502678856254 4445.5570650696754 37212.422520726919 3001.3444302678108 66394.316499084234 1063.9726017564535 19413.661671772599 40717.069235995412 34974.989573135972 8795.7984815984964 41237.565045006573 15402.329750284553 35173.372009627521 2232.8153370022774 107051.73643759266 34881.987201105803 19876.466045022011 206101.38624379784 94060.589155241847 13221.485075607896 573.45423731207848 8352.3927562832832 12442.944146931171 1961.5480908453465 12302.106560021639 8076.8223143815994
leaf_count=44562 94442 24089 38556 11353 71084 18779 92382 2904 101638 4046 57220 80713 78273 28901 130531 40153 74924 6161 200303 84027 68929 383961 155777 42116 4395 27150 30909 7039 36700 19429
internal_value=1.15041e-05 0.000208419 0.00030485 0.000386695 0.00022177 -0.00166228 0.00124359 -0.00141905 0.00160874 -0.00159916 -0.000463609 -0.00150708 0.00431678 -0.00395313 -0.000225239 0.0014362 -0.00100532 0.00112429 0.000546014 0.00141799 -0.00882991 0.000964996 0.00330812 -0.00670928 -0.0019058 -0.00450461 0.00052146 -0.0131804 0.00158711 -0.00131001
internal_weight=890464 885074 882568 880345 869328 305687 563640 301242 526428 298240 201204 165165 36039 97036 132530 91292.8 50575.7 460034 363740 256689 28672.3 240983 96293.4 32635.1 68363.8 33006.9 35356.9 2535 32821.9 20378.9
internal_count=2061446 1967004 1922442 1883886 1872533 824195 1048338 805416 955956 802512 507976 425657 82319 294536 326321 195790 115077 854318 692380 492077 97830 467988 161938 99336 196706 98234 98472 11434 87038 56129
is_linear=0
shrinkage=0.03


Tree=81
num_leaves=31
num_cat=0
split_feature=87 24 97 40 97 40 24 92 38 92 87 97 87 92 89 95 61 87 38 69 24 92 87 92 87 32 87 92 92 40
split_gain=6061.61 3064.36 2480.45 2293.29 1867.67 1420.23 1208.31 973.819 863.518 865.937 1015.28 914.009 1072.69 1441.6 730.974 698.103 629.488 599.095 492.346 591.035 490.262 594.985 487.267 1192.91 566.054 476.408 439.934 716.138 471.719 425.594
threshold=1.9999099969863894 2.5000000000000004 2.9998425245285039 165.50000000000003 1.3269196152687075 165.50000000000003 74.500000000000014 0.98017880320549022 174.50000000000003 0.9999774992465974 0.83333018422126781 1.9459388256073 0.9999774992465974 1.1538428664207461 -1.2199997305870054 -0.70232173800468434 11.963721275329592 1.0560781955718996 150.50000000000003 0.17166539281606677 4.5000000000000009 0.88684234023094188 1.1087425947189333 1.3999965190887453 1.2307649850845339 24.500000000000004 1.3333133459091189 1.666654169559479 1.7430564165115359 201.50000000000003
decision_type=2 2 2 10 2 8 2 2 10 2 2 2 2 2 2 2 2 2 10 2 2 2 2 2 2 2 2 2 2 10
left_child=1 -1 3 4 5 7 8 14 9 10 20 12 -11 17 -3 -9 -12 -14 19 -16 -6 -22 -15 24 -24 -13 28 -28 -25 -5
right_child=-2 2 -4 29 6 -7 -8 15 -10 11 16 25 13 22 18 -17 -18 -19 -20 -21 21 -23 23 26 -26 -27 27 -29 -30 -31
leaf_value=-0.033348636911492188 -0.032132286529542635 0.0023479619271809921 -0.031751672701880937 0.0057919414034417532 -0.020279777285674084 -0.0044435102244746484 -0.0190581954983624 0.0047233221912053262 0.022240326486941055 0.0063200888236249093 -0.0023482581788551813 -0.0092567688788839086 -0.0026526673455555976 0.0052062960558661928 -0.0037031536492611833 0.0015609865143529781 -0.012495971496059492 -0.012390641720679805 0.014170175252900721 3.4840810465838848e-05 -0.0028883852578360653 0.0068112595588433848 -0.0019027668454618552 0.0081591441766153631 -0.011298320330797274 -0.0025117093634495187 -0.0062645535072122106 0.00408312055779937 -0.010991023215459335 0.013578329941586569
leaf_weight=2429.3771104253829 5242.5927229821682 89493.552360996604 2154.0240044333041 14834.377517331392 1292.3010258302093 39867.435667231679 3664.5654232352972 96948.423135623336 1322.5944250673056 23831.894995316863 7959.2501722574234 12490.029936574399 11638.888106584549 19693.183000549674 55421.949191272259 178535.98806729913 17876.591201722622 11122.866047099233 1891.7908511683345 121493.78859812766 47135.020472705364 6453.7326311916113 15488.451979666948 15242.987545013428 9188.1937348693609 38313.882098026574 9231.4492301493883 17210.38808400929 1235.5459676384926 11056.895246595144
leaf_count=44482 94424 163810 38363 23336 7547 100029 16845 150166 1488 49238 26379 49278 33898 39716 121388 318294 65330 39062 2720 239550 139672 15304 37064 28368 26898 115348 22811 36739 3909 11316
internal_value=-3.06334e-05 0.000160357 0.000253399 0.000332465 6.5701e-05 0.00102058 -0.00199537 0.00142133 -0.00175953 -0.0018808 -0.00447247 -0.00074776 0.000552404 -0.000697517 0.00013487 0.00267414 -0.009374 -0.00741797 -0.000972926 -0.00113644 -0.00216245 -0.00171814 0.0010562 -0.000154035 -0.00540746 -0.00417296 0.00286748 0.000468507 0.0067117 0.00912504
internal_weight=889762 884519 882090 879936 854045 583653 270392 543785 266727 265405 80716.9 184688 133884 110052 268301 275484 25835.8 22761.8 178808 176916 54881.1 53588.8 87290.2 67597 24676.6 50803.9 42920.4 26441.8 16478.5 25891.3
internal_count=2062772 1968348 1923866 1885503 1850851 1095957 754894 995928 738049 736561 254232 482329 317703 268465 527468 468460 91709 72960 363658 360938 162523 154976 195505 155789 63962 164626 91827 59550 32277 34652
is_linear=0
shrinkage=0.03


Tree=82
num_leaves=31
num_cat=0
split_feature=87 24 97 40 3 39 94 38 46 69 100 40 90 30 24 32 93 97 33 26 97 68 51 24 97 78 30 39 39 41
split_gain=5864.66 2962.58 2413.97 2239.65 1687.75 1632.42 1388.9 1332.84 912.189 834.144 648.882 618.904 546.27 512.614 818.744 674.374 486.041 629.485 426.559 673.89 396.275 361.951 422.537 329.273 322.174 314.113 304.667 295.661 295.184 582.221
threshold=1.9999099969863894 2.5000000000000004 2.9998425245285039 143.50000000000003 3.5000000000000004 151.50000000000003 -1.0209215879440305 174.50000000000003 12.587089538574221 0.095238093286752715 -0.91440039873123158 201.50000000000003 -0.70267128944396962 39.500000000000007 29.500000000000004 69.500000000000014 1.2727246880531313 1.2105234861373904 1.0000000180025095e-35 1.0000000180025095e-35 2.2499577999114995 0.13888888806104663 9.6260924339294451 70.500000000000014 1.1538414955139162 0.77142822742462169 79.500000000000014 189.50000000000003 5.5000000000000009 7.3529813289642343
decision_type=2 2 2 10 2 10 2 10 2 2 2 10 2 2 2 2 2 2 2 2 2 2 2 2 2 2 2 10 8 2
left_child=1 -1 3 4 5 6 9 10 28 24 -8 -5 -10 14 -11 -15 17 -14 19 -12 -16 -17 26 -19 -3 -20 -23 -7 29 -6
right_child=-2 2 -4 11 8 27 7 -9 12 13 18 -13 16 15 20 21 -18 23 25 -21 -22 22 -24 -25 -26 -27 -28 -29 -30 -31
leaf_value=-0.033244385329685495 -0.032065841205118586 -0.0011196008532158087 -0.031679643921090433 0.0049610343728135773 0.012295358272238802 0.0048737841279846315 0.00017603556753324564 0.020316770691460043 0.005380565173165818 -0.00010411089144065997 0.013114568901501211 0.013308516457789648 1.5495581810198052e-05 0.0077283233732912673 -0.018855553274229955 -0.0014157692765256412 0.0021005396925648273 -0.005456266921880803 -0.0037980322174304038 -0.0096441053215696113 0.00413713924817854 0.0027712142704042243 0.00067388555180196463 -0.01782172387745825 -0.0065080158312564428 -0.0015991852760820541 0.0078748295739833416 0.012731848022934438 0.0033670093304240391 0.0040494726896465926
leaf_weight=2361.5385673455894 5088.5234584733844 22169.329061254859 2104.4270961508155 29524.436598904431 12029.433156076819 10030.764455728233 64341.222264878452 2297.4398743957281 18441.440472304821 90265.641488857567 1252.2685762569308 10967.188099391758 33798.48850716278 17007.03810442239 3138.5421048253775 31768.837022967637 41879.214118037373 13423.341574802995 139152.43643500656 15070.709835603833 849.74179571866989 36218.21267157793 70477.322819203138 2253.9826726168394 18167.728426545858 100915.84863845259 14845.136586219072 7591.7191516682506 49495.542755853385 21473.19693916291
leaf_count=44422 94137 42526 38561 49500 18999 17348 120511 2774 33625 216369 3356 11320 58142 30570 11713 66208 79092 36710 356773 53539 2308 68604 137044 8626 49833 240832 22888 8242 97177 39639
internal_value=-1.47667e-05 0.000170593 0.00026092 0.000338122 5.21221e-06 -0.000730396 -0.000983228 -0.00235392 0.00246817 0.000468995 -0.00251757 0.00722741 0.000673772 0.00108174 -0.000693273 0.00206401 -0.000277338 -0.00229015 -0.00319349 -0.00788419 -0.0139605 0.00143473 0.00217991 -0.00725453 -0.00354855 -0.00287393 0.00425744 0.00826961 0.0048412 0.0070158
internal_weight=888401 883312 880951 878846 838355 645560 627937 323030 192795 304908 320732 40491.6 109796 264570 94253.9 170317 91355 49475.8 256391 16323 3988.28 153310 121541 15677.3 40337.1 240068 51063.3 17622.5 82998.2 33502.6
internal_count=2061388 1967251 1922829 1884268 1823448 1451438 1425848 777785 372010 648063 775011 60820 216195 555704 230390 325314 182570 103478 654500 56895 14021 294744 228536 45336 92359 597605 91492 25590 155815 58638
is_linear=0
shrinkage=0.03


Tree=83
num_leaves=31
num_cat=0
split_feature=87 18 97 40 97 77 69 61 40 40 39 46 18 38 38 39 68 38 93 88 93 88 20 98 97 68 48 69 98 97
split_gain=5721.59 2484.61 2338.16 2008.95 1586.4 1247.39 866.695 668.489 641.122 624.309 617.547 544.222 573.497 520.131 463.1 417.114 392.497 415.617 387.174 714.414 411.577 490.149 366.488 366.502 351.118 346.959 427.176 341.719 333.499 362.154
threshold=1.9999099969863894 1.5000000000000002 2.9998425245285039 143.50000000000003 1.5483803749084475 0.65109765529632579 0.1797055006027222 21.442685127258304 201.50000000000003 143.50000000000003 151.50000000000003 12.587089538574221 30.500000000000004 inf 134.50000000000003 189.50000000000003 0.17394839227199557 134.50000000000003 1.4423058032989504 1.0597647428512575 1.1641779541969302 0.81893137097358715 21.500000000000004 2.0154790878295903 1.7999514341354372 0.14430424571037295 0.39999993145465856 0.17166539281606677 1.9636315703392031 1.1194007396698
decision_type=2 2 2 10 2 2 2 2 10 8 10 2 2 8 10 10 2 10 2 2 2 2 2 2 2 2 2 2 2 2
left_child=1 -1 3 4 5 15 10 13 -5 11 28 12 -8 14 22 16 17 -3 19 20 21 -9 -6 -24 -25 -13 -27 -18 29 -7
right_child=-2 2 -4 8 7 6 9 18 -10 -11 -12 25 -14 -15 -16 -17 27 -19 -20 -21 -22 -23 23 24 -26 26 -28 -29 -30 -31
leaf_value=-0.031469404527280649 -0.031989221557316795 -0.0036349839545262914 -0.03160353931715032 0.0046121794466528797 -0.0034238722268160509 0.00032946549162844708 0.0026296557071418532 -0.0033520914437209165 0.013090434202097385 -0.0032664332388269136 0.010002755776159632 -0.0019849317909624922 0.0062617995009847695 -0.0089081910603673823 0.018027286115185261 0.010248802088888502 -0.0027127137937777573 0.0094799783369865446 -0.0016952395455576638 -0.013808824800384411 0.0032816460330270516 -0.011913179680460415 -0.0016721065930428373 0.0098208457362339557 0.0014884744032333699 0.0039627470458949206 0.00018884967205810206 0.00076677148209749015 0.0094587021228685741 -0.0027409559495385196
leaf_weight=2197.1365972645581 4962.6733830235898 70584.194556169212 2038.9597648605704 29484.197672143579 28555.036019675434 85415.264083854854 130562.90215409547 20174.309927299619 11032.837357468903 16750.596109271049 4987.1519619673491 24883.695398695767 55883.935148656368 6905.1429755836725 1194.1197956502438 2734.0600824356079 38358.182057641447 2225.1187783628702 22341.117466986179 9525.9635635837913 5156.9706212282181 8573.7579222247005 29611.661327302456 5553.5699924528599 24879.494947191328 50383.938065774739 58125.882777385414 75117.853248298168 2825.5088392496109 58059.109158180654
leaf_count=46650 94529 167332 38462 49336 96065 158651 242567 65490 11342 39124 6705 47672 89809 30805 1960 3132 82137 4054 61502 35646 13671 32850 86821 12301 71493 84216 106686 148864 5620 126763
internal_value=6.81721e-05 0.000248833 0.000328565 0.000403278 8.82562e-05 0.000727236 0.00152882 -0.00257366 0.00692614 0.00237649 -0.000357182 0.00267221 0.00371888 -0.000986242 -0.000375196 -0.00134168 -0.00151288 -0.00323169 -0.0049065 -0.00655685 -0.00451239 -0.00591184 -0.000627232 0.000703443 0.00301446 0.00120892 0.00194158 -0.000409666 -0.000711656 -0.000913237
internal_weight=889084 884122 881925 879886 839369 676897 487878 162471 40517 336591 151287 319840 186447 96699 89793.9 189019 186285 72809.3 65772.1 43431 33905 28748.1 88599.8 60044.7 30433.1 133394 108510 113476 146300 143474
internal_count=2062255 1967726 1921076 1882614 1821936 1313332 907813 508604 60678 610074 297739 570950 332376 299445 268640 405519 402387 171386 209159 147657 112011 98340 266680 170615 83794 238574 190902 231001 291034 285414
is_linear=0
shrinkage=0.03


Tree=84
num_leaves=31
num_cat=0
split_feature=87 18 39 33 79 43 68 41 34 30 92 20 87 30 92 92 69 78 92 87 87 92 14 2 78 63 41 100 16 92
split_gain=5497.81 2403.77 1656.25 1732.31 1096.01 763.872 992.237 715.036 648.612 594.404 665.222 575.075 508.022 491.674 541.56 464.059 392.379 381.788 361.338 369.043 355.047 348.679 344.344 338.556 338.376 333.747 328.501 320.998 317.439 316.243
threshold=1.9999099969863894 1.5000000000000002 189.50000000000003 10.500000000000002 -3.1005657911300655 0.66666659712791454 0.16666664928197863 7.3529813289642343 10.500000000000002 9.5000000000000018 1.9411687254905703 2.5000000000000004 1.5384562015533449 125.50000000000001 1.2314536571502688 2.2499620914459233 0.35776492953300482 0.80357030034065258 1.2499972581863406 1.090906620025635 1.2307649850845339 1.0588193535804751 46.500000000000007 7.5000000000000009 1.714278042316437 0.62499997019767772 8.1938185691833514 -0.80870303511619557 17.500000000000004 1.071426570415497
decision_type=2 2 10 2 2 2 2 2 2 2 2 2 2 2 2 2 2 2 2 2 2 2 2 2 2 2 2 2 2 2
left_child=1 -1 3 9 8 6 17 -7 -5 10 -3 -11 -12 14 16 -14 25 -6 19 21 -16 22 -10 -24 -13 26 -8 -9 -18 -29
right_child=-2 2 -4 4 5 7 13 27 18 11 12 24 15 -15 20 -17 28 -19 -20 -21 -22 -23 23 -25 -26 -27 -28 29 -30 -31
leaf_value=-0.031408573830140452 -0.031927215553128684 -0.0050162941257126323 0.012636528379035212 -0.003688180132957733 -0.0010447005120347559 0.0068377715868063772 0.0013930598615392305 0.00011232210836810137 0.00090205824735202663 0.0050347354177106866 -0.035759174061654291 -0.0027653916998860543 0.01214241693693814 0.0078294222403946651 0.008926290675690467 -0.02687748581212725 0.0045830266636173681 0.00175448265460018 0.0037371408879436057 -0.0044846811335578192 0.0035548890996341151 0.004254377639824663 -0.0093519871789486207 -0.0012501720456106827 0.00025257550489113292 0.0047123271396546131 -0.0029052264641527422 -0.0070374578763478584 -0.0063727678553015324 -0.0014933388303258164
leaf_weight=2145.2352242842317 4811.5510673560202 22836.058980319649 9573.5399183705449 59605.07167802006 80562.61350973323 8986.7388644106686 56552.242255598307 30763.758993595839 40129.389444254339 10936.739568829536 1156.4120717011392 139279.67635009438 545.19423262774944 21249.707060754299 19865.806167885661 515.36152190715075 56476.325051326305 96195.226308643818 20839.138467662036 18027.304536364973 25101.738744236529 15785.345092508942 6755.6696187257767 14765.892071716487 43992.096435014158 17905.238190907985 22294.746286030859 17034.817925572395 2467.9872137233615 20289.848219376057
leaf_count=46851 94177 95880 10320 139780 179561 15761 112152 54799 79685 24158 11576 350624 1828 29897 33590 5138 107346 196546 36901 36166 45519 28922 16002 30280 104074 32542 49442 42971 5943 43409
internal_value=-1.27659e-05 0.00016193 0.000239561 0.000103 0.000879105 0.00162721 0.00215576 -0.00110653 -0.00114412 -0.00220349 -0.00655073 -0.00164207 -0.0221701 0.00349139 0.00303128 -0.00696526 0.0021932 0.000478698 0.000160117 -0.000621345 0.00593079 0.000278972 -0.000739956 -0.00379967 -0.00204102 0.00101732 0.000177249 -0.00215677 0.0041223 -0.00402606
internal_weight=887446 882635 880490 870916 651655 475747 398672 77075.2 175908 219262 25053 194209 2216.97 221914 200664 1060.56 155697 176758 116303 95463.6 44967.5 77436.3 61651 21521.6 183272 96752.2 78847 68088.4 58944.3 37324.7
internal_count=2061840 1967663 1920812 1910492 1317214 949478 792538 156940 367736 593278 114422 478856 18542 416431 386534 6966 307425 376107 227956 191055 79109 154889 125967 46282 454698 194136 161594 141179 113289 86380
is_linear=0
shrinkage=0.03


Tree=85
num_leaves=31
num_cat=0
split_feature=87 24 97 40 97 40 51 3 39 94 63 69 38 33 38 40 51 24 30 63 69 93 61 39 97 90 32 43 20 24
split_gain=5295.96 2766.58 2243.2 2014.33 1401.11 1044.03 949.106 887.541 849.181 861.913 716.72 585.607 582.287 646.604 568.818 492.433 487.52 471.36 463.738 428.426 412.14 425.08 389.796 358.924 348.352 345.758 343.578 333.713 322.735 458.49
threshold=1.9999099969863894 2.5000000000000004 2.9998425245285039 153.50000000000003 1.5483803749084475 153.50000000000003 17.420713424682621 3.5000000000000004 151.50000000000003 -1.893484830856323 0.31045190989971166 0.095238093286752715 174.50000000000003 6.5000000000000009 174.50000000000003 201.50000000000003 14.787027835845949 70.500000000000014 25.500000000000004 0.37499995529651647 0.28011217713356024 1.2432425022125246 11.428414821624758 47.500000000000007 1.0666649341583254 -0.87225329875946034 39.500000000000007 0.66666659712791454 232.50000000000003 44.500000000000007
decision_type=2 2 2 10 2 8 2 2 10 2 2 2 10 2 10 10 2 2 2 2 2 2 2 10 2 2 2 2 2 2
left_child=1 -1 3 4 5 7 12 8 9 11 14 24 13 -6 -11 -5 -9 28 -13 23 21 -12 26 -20 -3 -18 -15 -28 29 -8
right_child=-2 2 -4 15 6 -7 17 16 -10 10 20 18 -14 22 -16 -17 25 -19 19 -21 -22 -23 -24 -25 -26 -27 27 -29 -30 -31
leaf_value=-0.033201102884215843 -0.031850743139775969 0.00055447649380259076 -0.031533001631336426 0.0049613838599342009 -0.0042577205177140587 -0.0035344572297750327 -0.0044929232840412621 0.0050346673739249245 0.0075942883125154608 -0.0024383694133579287 -0.0020976613355789251 -0.0020249949175440399 0.024364666260178747 -0.001892192746646064 0.016702217605256559 0.012786731416025082 0.0068433646515089538 -0.02291352208407783 6.9282623979352297e-05 0.0053705212108592359 0.0030798026311712749 0.0022983817252518399 -0.0014522792454115447 0.0042033733692800317 -0.0068136228153320528 0.00097287744829232853 0.0057868739911797014 -0.01222552676252019 0.0058562267162608284 -0.011928849553145281
leaf_weight=2220.662015542388 4676.3021247312427 13309.973402734846 1983.2464929893613 22131.759981952608 39095.599690862 51752.315450906754 38591.286355420947 58047.653157565743 13734.559543319046 161888.12168299407 54348.692646089941 18067.432790465653 790.14334680885077 9085.3059767261147 1389.8015528917313 10770.309501245618 10033.746102705598 1408.4191878587008 46437.642028644681 47211.7667266801 43853.092992417514 31112.997507657856 39092.546025626361 31855.4344522506 10177.276767134666 88754.876666873693 21534.872748523951 948.9378377199173 2169.102093949914 9250.3932461440563
leaf_count=44577 94258 24787 38659 36297 135613 131898 115768 96378 20061 350487 108774 42429 885 27276 1681 11297 15909 8437 88313 80783 78869 54944 116220 57986 23572 156414 55257 3059 6241 35115
internal_value=-7.75231e-05 9.18375e-05 0.000176717 0.000249156 -3.4836e-05 0.000560882 -0.00254292 0.000897282 0.000249228 2.94339e-05 -0.000952167 0.00174854 -0.000976293 -0.00116313 -0.00227342 0.00752918 0.00285306 -0.00590936 0.00246695 0.00311382 0.000716195 -0.000497084 0.000549764 0.00175198 -0.00264128 0.00157039 0.00302828 0.00501646 -0.00542152 -0.00593508
internal_weight=885724 881048 878827 876844 843942 681975 161967 630223 473387 459652 292593 167060 110547 109757 163278 32902.1 156836 51419.2 143572 125505 129315 85461.7 70661.7 78293.1 23487.3 98788.6 31569.1 22483.8 50010.8 47841.7
internal_count=2062244 1967986 1923409 1884750 1837156 1333285 503871 1201387 932686 912625 594755 317870 338310 337425 352168 47594 268701 165561 269511 227082 242587 163718 201812 146299 48359 172323 85592 58316 157124 150883
is_linear=0
shrinkage=0.03


Tree=86
num_leaves=31
num_cat=0
split_feature=87 24 97 40 77 39 69 30 24 38 51 40 97 63 32 97 97 24 30 32 98 97 24 98 30 32 91 24 67 89
split_gain=5161.46 2710.52 2185.94 1818.23 1490.83 1026.57 1036.45 789.902 1026.25 635.089 545.799 530.23 510.01 489.057 475.377 456.239 432.352 608.172 404.141 397.687 395.463 595.257 630.64 449.293 375.469 475.087 361.735 355.285 491.883 347.196
threshold=1.9999099969863894 2.5000000000000004 2.9998425245285039 201.50000000000003 0.65109765529632579 189.50000000000003 0.14285712689161303 95.500000000000014 54.500000000000007 150.50000000000003 18.610900878906254 201.50000000000003 1.9459388256073 0.07692307606339456 163.50000000000003 1.838701665401459 1.1739092469215395 76.500000000000014 69.500000000000014 268.50000000000006 1.7999730110168459 1.2105234861373904 70.500000000000014 0.74999877810478222 57.500000000000007 100.50000000000001 0.83524826169013988 31.500000000000004 1.9387169480323794 -0.73347258567810047
decision_type=2 2 2 10 2 10 2 2 2 10 2 8 2 2 2 2 2 2 2 2 2 2 2 2 2 2 2 2 2 2
left_child=1 -1 3 4 12 6 9 8 10 16 13 15 29 -8 18 -12 -6 -18 -10 -9 21 23 -23 -21 27 -26 -25 -15 -29 -3
right_child=-2 2 -4 -5 5 -7 7 19 14 -11 11 -13 -14 24 -16 -17 17 -19 -20 20 -22 22 -24 26 25 -27 -28 28 -30 -31
leaf_value=-0.033165039039645489 -0.031791872300965661 0.00032710576013822212 -0.031466854914002564 0.012646760235077218 -1.726086990112723e-05 0.013986736252828078 0.0001648868694819068 0.006969122115605862 -0.014641025341470633 0.013278380873701191 0.0008059548077031368 -0.0080530006403036047 -0.0062580721251713862 0.0027751356032821267 -0.0090195329864625959 -0.0054462012625951317 -0.0029342949795803982 -0.025114534613578581 0.0079926446401908727 -0.0020782581883548919 0.016513575512952731 0.0022582387849309567 -0.013121065735495738 0.0072013958892397662 0.011492401542206529 0.0038957582590161697 0.0023714214507870655 0.0069244083072219379 -0.0059392376398994902 -0.0021658091618042309
leaf_weight=2162.9964833818376 4535.8172681517899 75396.289551943541 1924.5945724993944 10714.386202774942 76409.405152179301 5417.5294117256999 73943.285154428333 27402.710272207856 901.95746336877346 2621.0477923452854 102627.80425868183 7509.2555261142552 20653.560595318675 81974.069691002369 13084.780782900751 11682.044541463256 67075.943468384445 1111.8122271299362 3074.3559483960271 11070.381743252277 1822.4265110343695 5459.9890552312136 4254.4691665619612 25207.49126060307 8919.9457138478756 43572.290272682905 31301.218673884869 3646.2484286278486 9888.3212839514017 150893.74087332934
leaf_count=44575 94022 158027 38581 11299 144694 5600 168166 42139 4053 3851 198863 20845 74217 171405 44477 36919 177895 4426 7810 19608 3077 9677 12574 36239 13302 74337 49655 8653 27757 353929
internal_value=5.78152e-05 0.000222376 0.000305233 0.000375623 0.000223674 0.00100883 0.00089397 0.00158543 0.0009152 -0.00130098 0.00127176 -0.000341724 -0.00174746 0.00215731 -0.00626221 0.000166167 -0.00156706 -0.00330321 0.00281101 0.00385519 0.00277516 0.00244705 -0.00449028 0.00344532 0.00315259 0.00519053 0.00452777 0.00203168 -0.00246863 -0.00133525
internal_weight=886260 881724 879561 877637 866922 619979 614561 467343 360824 147218 343763 121819 246944 221944 17061.1 114310 144597 68187.8 3976.31 106519 79116 77293.5 9714.46 67579.1 148001 52492.2 56508.7 95508.6 13534.6 226290
internal_count=2060672 1966650 1922075 1883494 1872195 1286022 1280422 949556 776587 330866 720247 256627 586173 463620 56340 235782 327015 182321 11863 172969 130830 127753 22251 105502 295454 87639 85894 207815 36410 511956
is_linear=0
shrinkage=0.03


Tree=87
num_leaves=31
num_cat=0
split_feature=87 24 97 40 97 39 92 87 30 92 87 92 98 69 97 24 40 18 100 40 92 87 87 18 97 40 87 92 92 77
split_gain=4975.87 2606.8 2091.05 1805.99 1580.85 1361.16 1278.17 2146.1 1099.51 1036.48 917.51 1138.12 774.313 685.037 608.364 648.985 585.446 550.169 537.235 481.362 453.951 732.865 723.323 448.428 426.379 423.125 412.831 535.231 412.103 381.121
threshold=1.9999099969863894 2.5000000000000004 2.9998425245285039 143.50000000000003 1.1739092469215395 151.50000000000003 1.071426570415497 0.99999123811721813 47.500000000000007 0.74999296665191661 1.0434762239456179 1.2314536571502688 0.81204551458358776 0.14285712689161303 2.0720701217651372 31.500000000000004 143.50000000000003 24.500000000000004 -0.88617068529129017 201.50000000000003 0.88684234023094188 0.88888442516326915 0.76190313696861278 18.500000000000004 1.6249949336051943 86.500000000000014 1.1999977231025698 1.5999960303306582 0.74999296665191661 1.071425259113312
decision_type=2 2 2 10 2 10 2 2 2 2 2 2 2 2 2 2 8 2 2 10 2 2 2 2 2 10 2 2 2 2
left_child=1 -1 3 4 9 6 7 13 14 -3 -10 -12 -11 -6 15 17 18 25 -14 -5 22 23 28 -22 -23 -8 -13 -28 -15 -9
right_child=-2 2 -4 19 5 -7 8 29 10 12 11 26 16 20 -16 -17 -18 -19 -20 -21 21 24 -24 -25 -26 -27 27 -29 -30 -31
leaf_value=-0.033114928480892848 -0.031728077992203278 -0.0013706459032922483 -0.031404864952591621 0.0044531473787452688 -0.0057212562935882137 0.012068098841417541 0.00018485833970017471 -0.014314401564405381 0.0074118545883092215 -6.7445691141930635e-06 -0.0050356370116503108 0.006707400716205022 0.0050012135169430648 -0.0019291956170958027 -0.0056905327502739722 -0.010230868502498471 -0.0040279359782641969 0.016416819277999234 0.0019554222921648536 0.01192309544419521 -0.00017806552227829576 0.00015575880482769587 -0.007114507677974404 0.009476803851079298 -0.0095084153758923928 -0.0073871284569631103 -0.0027250033718953905 0.0085304876777952936 0.0053054441794974953 -0.0072920667395609158
leaf_weight=2107.4374754726887 4436.1945726722479 115439.88717355207 1867.9530370272696 29246.179646760225 36115.701905101538 6487.7856318354607 77074.546890221536 15933.563040502369 23984.519370466471 121680.26821113378 21565.37578086555 19040.513269066811 94008.042928624898 28844.221804127097 30293.312679558992 6099.6308759152889 10237.572782091796 1753.3836113214493 117040.95467078686 10574.772098429501 6852.8339848145843 17776.548034787178 20695.824248097837 11734.979772090912 5323.647516682744 7248.1442977562547 13506.776811540127 5269.2115351855755 9371.969942510128 12474.657486915588
leaf_count=44563 94548 248142 38494 49299 109660 8186 184404 53531 44756 228857 52647 32970 146387 80347 102106 19461 24093 2907 204584 11405 18774 39678 61783 24087 22388 18090 27097 8206 22541 38177
internal_value=-0.000107004 5.31835e-05 0.00013359 0.000201583 -9.58569e-05 -0.00153362 -0.00177214 -0.00373807 -0.000194828 0.00108799 0.00246236 0.000461424 0.00191558 -0.00217823 -0.00200372 -0.000791089 0.00297253 -0.000119934 0.00331246 0.00644184 -0.000905395 0.00148984 -0.00260027 0.00592094 -0.00207774 -0.000467606 0.0035972 0.000439404 -0.000153157 -0.011238
internal_weight=884086 879650 877543 875675 835854 377447 370959 165124 205835 458407 83366.4 59381.9 342967 136716 122469 92175.7 221287 86076.1 211049 39821 100600 41688 58912 18587.8 23100.2 84322.7 37816.5 18776 38216.2 28408.2
internal_count=2062168 1967620 1923057 1884563 1823859 971796 963610 470966 492644 852063 165676 120920 603921 379258 326968 224862 375064 205401 350971 60704 269598 104927 164671 42861 62066 202494 68273 35303 102888 91708
is_linear=0
shrinkage=0.03


Tree=88
num_leaves=31
num_cat=0
split_feature=87 24 97 40 97 0 24 39 18 38 69 98 97 40 40 0 52 70 51 24 18 24 51 63 98 97 64 20 52 18
split_gain=4854.6 2539.54 2038.63 1782.06 1382.97 1015.36 1003.67 941.195 734.638 740.406 799.17 694.327 624.028 593.474 541.633 495.153 712.13 412.264 497.419 374.27 453.377 526.304 366.152 341.943 340.033 723.831 338.067 315.419 312.449 395.874
threshold=1.9999099969863894 2.5000000000000004 2.9998425245285039 134.50000000000003 1.2558100223541262 6.5000000000000009 70.500000000000014 139.50000000000003 48.500000000000007 174.50000000000003 0.14285712689161303 1.1111089587211611 1.0666649341583254 68.500000000000014 201.50000000000003 1.5000000000000002 4.0925493240356454 0.19999996572732928 7.6244525909423837 60.500000000000007 39.500000000000007 46.500000000000007 5.5496156215667733 0.13333333283662799 1.5428553223609927 1.5483803749084475 0.39999999105930334 94.500000000000014 3.8662049770355229 37.500000000000007
decision_type=2 2 2 10 2 2 2 10 2 10 2 2 2 8 10 2 2 2 2 2 2 2 2 2 2 2 2 2 2 2
left_child=1 -1 3 4 5 11 7 8 9 10 -6 12 17 28 -5 -12 23 18 22 20 21 27 -3 -17 -8 -26 -25 -18 29 -13
right_child=-2 2 -4 14 6 -7 24 -9 -10 -11 15 13 -14 -15 -16 16 19 -19 -20 -21 -22 -23 -24 26 25 -27 -28 -29 -30 -31
leaf_value=-0.033047695143539398 -0.03167395162306149 0.0006086289814143331 -0.031338613628136877 0.0042575400293818283 -0.0044289179233620232 0.0064444429636318053 -0.018319394046211343 0.010437501586968042 0.01173356721080129 0.02470078269985667 -0.0029308238316375092 0.0036240671398150488 -0.0026929433638818653 -0.0017115402820967493 0.011968299391399709 0.00010428688185285267 -0.0023184387598099987 0.0024805798444652079 -0.0020844227566710026 -0.01047140410170071 0.0064449745767191906 -0.009123103939238323 0.0080219732478403385 0.0021095482220488022 0.0061119147525371294 -0.018666965215660136 0.008053867614617417 0.0039240236140209023 0.0016756693239899448 0.0097957968446537209
leaf_weight=2045.4128458015621 4307.4096587635577 126112.5657255128 1814.0869196690619 37073.945373490453 76410.327536560595 28573.649972423911 3915.3626344576478 6005.8631969466805 3687.0412081629038 932.6119896993041 70214.444944165647 49247.071847528219 67033.950457215309 25819.212316781282 10524.982470184565 40679.223451144993 38057.829719036818 72262.049728833139 75923.631530370563 4532.9812828600407 5756.9925361871719 8768.3555569052696 6275.8384061679244 26782.268803738058 2156.118319734931 2054.9834349602461 12686.425107911229 8989.2096371203661 54872.458669345826 11544.240341380239
leaf_count=44457 94309 256743 38490 63576 225397 41302 14287 8367 7512 1048 205665 88332 136104 55890 11328 103131 96004 125163 143610 14873 12098 25886 9799 64503 5094 11788 27690 19553 94448 16018
internal_value=2.3173e-05 0.000178907 0.000257 0.000323077 -9.92883e-07 0.000949532 -0.00157992 -0.0013009 -0.00153856 -0.0017059 -0.00179167 0.000628258 -9.2906e-05 0.00239984 0.00596684 -0.000860433 0.000133801 0.000528435 -0.000148924 -0.00217087 -0.00155658 -0.0023839 0.000961215 0.00203474 -0.0119717 -0.00601106 0.00402334 -0.00112454 0.00331775 0.00479891
internal_weight=885061 880753 878708 876894 829295 517665 311630 303504 297498 293811 292878 489091 347608 141483 47598.9 216468 146253 280574 208312 66105.4 61572.4 55815.4 132388 80147.9 8126.46 4211.1 39468.7 47047 115664 60791.3
internal_count=2062465 1968156 1923699 1885209 1810305 967409 842896 811727 803360 795848 794800 926107 671419 254688 74904 569403 363738 535315 410152 168414 153541 141443 266542 195324 31169 16882 92193 115557 198798 104350
is_linear=0
shrinkage=0.03


Tree=89
num_leaves=31
num_cat=0
split_feature=92 97 24 18 92 77 92 97 24 100 18 86 30 98 24 38 98 92 24 18 88 92 24 30 18 63 46 32 30 93
split_gain=3199.71 1719.63 1704.11 1685.45 1649.68 1289.22 984.7 1332.17 798.937 762.351 613.123 585.403 508.96 675.867 467.079 431.389 430.768 416.78 502.508 400.524 424.151 648.287 439.661 743.028 378.484 374.516 389.633 370.385 369.035 410.885
threshold=2.5714037418365483 2.9998425245285039 3.5000000000000004 2.5000000000000004 1.4482725262641909 0.65109765529632579 1.071426570415497 1.1194007396698 66.500000000000014 -0.88617068529129017 41.500000000000007 1.2364486455917361 95.500000000000014 1.188676178455353 13.500000000000002 134.50000000000003 1.0370353460311892 2.2499620914459233 9.5000000000000018 44.500000000000007 0.59999921917915355 0.74999296665191661 48.500000000000007 83.500000000000014 50.500000000000007 0.3914353102445603 12.587089538574221 181.50000000000003 63.500000000000007 1.2727246880531313
decision_type=2 2 2 2 2 2 2 2 2 2 2 2 2 2 2 10 2 2 2 2 2 2 2 2 2 2 2 2 2 2
left_child=1 2 3 4 -1 15 7 10 19 16 25 17 -10 -14 -2 -4 -8 24 -19 20 21 -9 28 -24 -11 26 -7 -25 29 -22
right_child=14 -3 5 -5 -6 6 9 8 12 11 -12 -13 13 -15 -16 -17 -18 18 -20 -21 22 -23 23 27 -26 -27 -28 -29 -30 -31
leaf_value=0.0044299109093527498 -0.033194253985124031 -0.031086987429279494 -0.0018131057041896842 -0.041325050775515661 -0.033698674645216704 0.00049746329755627938 0.0027496432210682518 -0.0033185351952336999 -0.021861146332533291 0.0025232031029575764 0.0051992709361109819 -0.00053749857141278154 -0.017119255826046946 -0.0020891499635539599 -0.0072662811737902655 0.0076035958023298522 0.0073370746830029327 -0.029385628868561033 0.0019742442397489564 0.009905852319771067 -0.0040703988670987177 0.0050503146129319372 -0.013087182365767192 0.0090497213812913337 0.011856788970476139 0.0025017873594380675 -0.0039838124595349749 -0.0044151187796023809 0.0033816381578407662 0.0028489966002759231
leaf_weight=3604.1279315315187 2942.8614259958267 1576.5887994728982 242522.73883609846 1632.0508949235082 1403.0573591142893 82448.409621044993 41152.04513887316 16408.600574478507 2323.9895919337869 120147.7341430895 31581.492236584425 91388.450656291097 3839.2784792929888 8930.0755139440298 809.34217665344477 4439.513398617506 33392.676853835583 782.28921024873853 1072.0271027088165 2607.7846857905388 43398.959024526179 16881.650103963912 9405.8310422152281 2288.9695723950863 4023.6231115832925 61271.269192758948 22133.024398766458 9013.5399621874094 10227.433138415217 9379.9709292948246
leaf_count=14054 74869 35653 578529 12386 25903 159818 68725 44309 13660 261151 47307 200091 9993 21441 5527 8038 51915 4989 2846 5048 119854 39049 33821 3847 7113 108456 42948 19030 18720 22981
internal_value=-9.90178e-05 1.92638e-05 7.58462e-05 -0.0150425 -0.00634562 0.000191421 0.000917438 -0.000199811 -0.00249976 0.00218838 0.0013695 0.00129051 -0.00899922 -0.00662786 -0.0276698 -0.00164322 0.00480602 0.00261597 -0.0114281 -0.00167826 -0.00193809 0.000925834 -0.00307692 -0.00686723 0.00282751 0.000639703 -0.000451509 -0.00167707 -0.00182938 -0.00284006
internal_weight=883029 879277 877701 6639.24 5007.19 871061 624099 332140 134706 291959 197434 217414 15093.3 12769.4 3752.2 246962 74544.7 126026 1854.32 119613 117005 33290.3 83714.7 20708.3 124171 165853 104581 11302.5 63006.4 52778.9
internal_count=2062071 1981675 1946022 52343 39957 1893679 1307112 710282 351753 596830 358529 476190 45094 31434 80396 586567 120640 276099 7835 306659 301611 83358 218253 56698 268264 311222 202766 22877 161555 142835
is_linear=0
shrinkage=0.03


Tree=90
num_leaves=31
num_cat=0
split_feature=87 24 40 40 69 78 38 39 63 39 92 87 37 92 38 66 51 36 40 99 63 72 44 99 26 20 38 12 63 78
split_gain=4619.84 2361.75 1445.3 1285.91 1148.06 1014.12 821.995 781.892 868.84 540.555 510.727 644.887 503.628 494.831 389.691 487.956 375.542 365.032 324.177 323.393 399.767 321.84 317.192 315.642 313.694 309.768 299.193 293.819 288.763 257.119
threshold=1.9999099969863894 2.5000000000000004 201.50000000000003 201.50000000000003 0.14285712689161303 0.88850149512290966 150.50000000000003 47.500000000000007 0.31045190989971166 167.50000000000003 0.93387818336486828 0.9999774992465974 94.500000000000014 1.012742340564728 inf 18.755561828613285 15.303615570068361 14.500000000000002 114.50000000000001 -1.5934846997261045 0.4705882221460343 0.99999871850013744 0.99999958276748668 -0.59418261051177967 18.500000000000004 41.500000000000007 49.500000000000007 15.500000000000002 0.2414379492402077 1.6483488082885744
decision_type=2 2 10 8 2 2 10 10 2 10 2 2 8 2 8 2 2 2 10 2 2 2 2 2 2 2 10 2 2 2
left_child=1 -1 3 4 6 7 9 8 22 13 29 24 14 18 15 25 27 23 -3 20 -9 28 -6 -15 -12 26 -5 -13 -18 -7
right_child=-2 2 -4 12 5 10 -8 19 -10 -11 11 16 -14 17 -16 -17 21 -19 -20 -21 -22 -23 -24 -25 -26 -27 -28 -29 -30 -31
leaf_value=-0.032844833044525623 -0.031593882026404937 -0.0042218109181191964 0.011386152765274871 -0.004031165009921317 -0.0028988495412621659 -0.0012216044703442128 0.010607940658266642 0.00080592116563974879 0.0011904047244817911 0.0087785923995399202 -0.004874492928846094 0.0025483795173362332 0.016173196418691072 0.0015611210953078638 -0.011709006428325537 -0.0061045049060570464 -0.0056986569789477031 -0.015671311655133861 0.0022255367129564727 0.0071692199751645412 0.0092174753481083921 0.0024288366434709828 0.0012359636715954566 -0.002001119057362697 0.0075771195086763244 0.004616586332658849 0.0020814593075302065 0.0064821856467604973 0.00069333071251165062 0.0019728047114738003
leaf_weight=1927.6750686299056 4124.5805787555873 83645.008678723127 10303.352135635912 25354.473356913775 123216.28996454924 39958.786001410335 4851.2400895059109 40929.252014260739 112189.84185253829 4170.3068942949176 1910.1094784364104 46000.39004708454 1131.2191010080278 42412.828281648457 5241.1516112573445 31125.459759887308 9825.1898235157132 1395.7620170228183 7649.2979419156909 13189.715975470841 5787.3341631963849 52010.914295747876 19303.061191845685 47368.269241631031 34220.261544864625 6966.3009173423052 10050.97799321264 27213.627796761692 17962.231146596372 52385.564724829048
leaf_count=44410 94384 205871 11351 81149 288015 84734 7161 84123 229057 5442 5022 93049 2959 78671 24350 87888 21711 5033 15374 24658 10790 99133 39916 119622 62843 17439 28032 46926 35286 107618
internal_value=5.15758e-06 0.000154029 0.000227245 9.44451e-05 0.0004623 0.00111148 -0.00155846 -5.8962e-05 -0.000784306 -0.00187579 0.00241959 0.0033124 -0.00353219 -0.00212023 -0.00381933 -0.00325367 0.00246058 -0.000556748 -0.00368124 0.00302428 0.00185146 0.00103658 -0.00233873 -0.000318334 0.00691651 -0.00115762 -0.0022957 0.00401194 -0.00156925 0.000590571
internal_weight=883820 879696 877768 867465 787595 596103 191493 314615 254709 186641 281487 189143 79869.6 182471 78738.4 73497.2 153012 91176.9 91294.3 59906.3 46716.6 79798.3 142519 89781.1 36130.4 42371.8 35405.5 73214 27787.4 92344.4
internal_count=2062017 1967633 1923223 1911872 1670055 1232881 437174 676559 556988 430013 556322 363970 241817 424571 238858 214508 296105 203326 221245 119571 94913 156130 327931 198293 67865 126620 109181 139975 56997 192352
is_linear=0
shrinkage=0.03


Tree=91
num_leaves=31
num_cat=0
split_feature=87 24 97 39 97 92 87 92 24 92 90 97 87 97 87 92 32 24 87 87 63 87 24 97 18 29 87 92 24 92
split_gain=4480.37 2307.66 1919.01 1295.6 1274.66 1273.64 1031.52 1129.14 1788.98 1111.71 985.309 959.476 1303.8 902.963 740.394 608.765 611.166 563.784 518.793 499.492 427.69 425.408 416.124 583.835 523.252 455.111 410.473 784.134 1208.18 647.844
threshold=1.9999099969863894 2.5000000000000004 2.9998425245285039 189.50000000000003 1.838701665401459 1.0434752106666567 1.0666649341583254 1.3999965190887453 15.500000000000002 1.3043456673622134 -0.80765148997306813 1.1194007396698 0.99999123811721813 1.2999967932701113 1.5999855995178225 0.88684234023094188 286.50000000000006 33.500000000000007 0.70588049292564403 1.1999891996383669 0.39999996125698095 1.1999977231025698 5.5000000000000009 2.833312034606934 2.5000000000000004 121.55362701416017 1.2727243900299074 1.666654169559479 15.500000000000002 1.4482725262641909
decision_type=2 2 2 10 2 2 2 2 2 2 2 2 2 2 2 2 2 2 2 2 2 2 2 2 2 2 2 2 2 2
left_child=1 -1 3 4 5 10 7 -7 -9 13 -3 14 15 19 20 17 18 -13 -17 -8 -12 -15 24 25 -6 -24 27 -11 -29 -28
right_child=-2 2 -4 -5 22 6 9 8 -10 26 11 12 -14 21 -16 16 -18 -19 -20 -21 -22 -23 23 -25 -26 -27 29 28 -30 -31
leaf_value=-0.032800529856138495 -0.031539878883047975 0.0023730112564158139 -0.031231210793019548 0.0115373831870519 0.017415957726683882 0.0051745181452980456 0.0021591502128647869 -0.053004711736732261 0.0064293339103642516 0.0061262759446624902 -0.0008239484233242806 -0.0018410331210320979 -0.0097986780690087084 -0.0036640604575122714 -0.023192668861925801 -0.018586033321183238 -0.0061742749782573011 -0.0080669471500109564 0.0039136167069986879 -0.0021772020191905342 0.001978232536371674 -0.012183149314712892 -0.0015499737541048875 0.018737086125627935 -0.018411529018602508 -0.0062863127150187001 -0.0030089395129228188 -0.03707387405386698 0.0083557754857905911 0.0031199641972198453
leaf_weight=1887.6415095087141 4011.263927269727 85306.642034091055 1721.3089004009962 9107.4141906872392 405.07644912600517 87882.785091079772 54709.016736768186 762.05662959069014 1083.5833942070603 42035.027614109218 156291.78601419181 44596.925437703729 22965.152133144438 19904.189666509628 1219.6830754801631 933.85951971262693 7987.6620146632195 18519.445178449154 28250.663274109364 42430.103623196483 71397.913240455091 7173.2558164522052 52747.920810833573 1088.1931549161673 2826.3759528025985 27920.939334183931 20295.803312666714 957.38862415403128 1130.2114060893655 65787.740836426616
leaf_count=44621 94353 166212 38593 10189 1746 154136 90507 3377 1784 70555 312291 118265 69114 51965 13797 3329 19963 51801 62159 80227 130092 22307 165014 2907 17677 93637 40426 3333 1784 126685
internal_value=1.48379e-05 0.000159497 0.00023115 0.000293704 0.000175278 0.000554697 0.00192 0.00468529 -0.0184159 0.000944458 -0.000519403 -0.00122015 -0.00335393 -0.00108579 -7.10401e-05 -0.00187648 0.00116881 -0.0036698 0.00318143 0.000264985 5.48435e-05 -0.00592823 -0.00331347 -0.00289409 -0.0138409 -0.00319046 0.00288118 0.0052334 -0.0126327 0.0016746
internal_weight=883337 879326 877438 875717 866609 781621 344151 89728.4 1845.64 254423 437470 352163 123254 124217 228909 100289 37172.2 63116.4 29184.5 97139.1 227690 27077.4 84988.5 81757.1 3231.45 80668.9 130206 44122.6 2087.6 86083.5
internal_count=2062846 1968493 1923872 1885279 1875090 1594109 647086 159297 5161 487789 947023 780811 324631 245006 456180 255517 85451 170066 65488 170734 442383 74272 280981 261558 19423 258651 242783 75672 5117 167111
is_linear=0
shrinkage=0.03


Tree=92
num_leaves=31
num_cat=0
split_feature=92 24 97 18 92 40 39 30 24 92 97 32 98 97 30 92 24 92 24 24 20 98 89 97 24 24 30 32 24 30
split_gain=2868.96 1636.12 1630.41 1561.8 1468.05 1426.99 1311.89 1174.72 1800.49 946.511 881.551 971.599 853.475 1009.71 810.659 735.039 945.727 721.347 673.569 614.863 685.227 590.858 572.874 530.279 527.67 480.389 883.899 560.253 479.481 619.668
threshold=2.5714037418365483 3.5000000000000004 2.9998425245285039 2.5000000000000004 1.4482725262641909 165.50000000000003 189.50000000000003 67.500000000000014 40.500000000000007 1.1739096045494082 1.1739092469215395 201.50000000000003 1.4157282114028933 1.7499803304672243 18.500000000000004 1.9999889731407168 6.5000000000000009 1.4482725262641909 64.500000000000014 10.500000000000002 25.500000000000004 1.1111089587211611 -0.69826123118400563 2.3854792118072514 13.500000000000002 17.500000000000004 33.500000000000007 95.500000000000014 28.500000000000004 47.500000000000007
decision_type=2 2 2 2 2 10 10 2 2 2 2 2 2 2 2 2 2 2 2 2 2 2 2 2 2 2 2 2 2 2
left_child=1 3 5 4 -1 6 7 8 14 10 21 -12 18 -14 15 19 -17 22 -13 -3 -21 -9 -16 -10 -2 -24 27 -27 -28 -30
right_child=24 2 -4 -5 -6 -7 -8 9 23 -11 11 12 13 -15 17 16 -18 -19 -20 20 -22 -23 25 -25 -26 26 28 -29 29 -31
leaf_value=0.003527209098337235 -0.033181096528076381 -0.00072854088353266398 -0.030972881461295333 -0.040852300363765297 -0.033460021171224402 0.0073950309026375059 0.012070638971905171 0.00063052303202716252 -0.0086290392003946746 0.0048118696964053083 0.0032110016723421808 -0.005199883910325255 0.001465779126363854 -0.021078986958499687 0.0011758432645860076 -0.038704728377275552 -0.0071068216397429732 0.0028997123372718633 -0.016326598218450561 -0.0085732667698835419 0.0025534702453047795 0.0045829332212333988 0.00061275409320580762 0.0093267668196254597 -0.0054795857591048349 -0.0086662042220892535 0.00054873054443284233 0.0032405154734833339 -0.0085229551697395579 -0.0012139316593449375
leaf_weight=3550.8989522457123 2727.8665141109377 66498.049820374697 1487.3678062483668 1563.9374264031649 1304.9825582392514 24460.739425495267 8070.3561361320317 131049.01819973066 30741.496798656881 60066.466458320618 18198.221997477114 13182.090537279844 18384.178380869329 1960.3330963477492 124409.168864429 1080.4913193248212 3843.1399737857282 69972.549500245601 7799.035615645349 21666.998730935156 6456.4576310031116 45970.186527833343 72268.144877560437 1539.2164675295353 810.29205751046538 25452.707796823233 63440.976591851562 4123.2043642923236 14809.595429841429 35293.860555097461
leaf_count=14056 75228 205973 35671 12305 26126 34844 9101 227824 100238 94646 39770 29651 44345 11264 261912 10851 15362 141774 22711 71281 19407 71484 153268 3681 5525 76226 121927 10482 45279 70332
internal_value=-1.95035e-05 8.93639e-05 0.000200594 -0.0149765 -0.00650931 0.000254554 4.79958e-05 -6.80451e-05 -0.000899164 0.0014495 0.000595343 -0.00256241 -0.00510512 -0.000725132 -0.000463549 -0.00289158 -0.0141695 0.000126404 -0.00934748 -0.00230187 -0.00601884 0.00165733 -0.000444824 -0.00776762 -0.0269035 -0.00138095 -0.00238761 -0.00700521 -0.0011838 -0.00337687
internal_weight=882182 878644 872224 6419.82 4855.88 870737 846276 838206 541596 296610 236543 59523.9 41325.6 20344.5 509315 99545.1 4923.63 409770 20981.1 94621.5 28123.5 177019 339798 32280.7 3538.16 215388 143120 29575.9 113544 50103.5
internal_count=2062544 1981791 1929304 52487 40182 1893633 1858789 1849688 1307993 541695 447049 147741 107971 55609 1204074 322874 26213 881200 52362 296661 90688 299308 739426 103919 80753 477514 324246 86708 237538 115611
is_linear=0
shrinkage=0.03


Tree=93
num_leaves=31
num_cat=0
split_feature=92 97 24 40 92 39 33 38 51 92 97 30 24 90 24 34 98 37 33 25 98 63 26 24 97 72 54 90 24 30
split_gain=3014.82 1576.58 1494.35 1453.62 1392.36 1207.02 1262.58 1114.76 971.409 670.517 915.458 653.145 633.398 604.114 597.571 516.733 481.845 445.005 490.697 418.524 396.197 377.928 459.791 351.863 347.516 346.954 342.62 338.948 329.89 484.197
threshold=2.5714037418365483 2.9998425245285039 3.5000000000000004 165.50000000000003 1.4482725262641909 151.50000000000003 11.500000000000002 174.50000000000003 13.799578666687013 1.0909023880958559 1.1739092469215395 73.500000000000014 74.500000000000014 -0.35403640568256373 40.500000000000007 24.500000000000004 1.0370353460311892 128.50000000000003 1.0000000180025095e-35 4.5000000000000009 2.338370800018311 0.2299732640385628 121.50000000000001 13.500000000000002 1.7999514341354372 0.99999475479125988 0.16666666418313983 -0.87225329875946034 44.500000000000007 87.500000000000014
decision_type=2 2 2 10 2 10 2 10 2 2 2 2 2 2 2 2 2 8 2 2 2 2 2 2 2 2 2 2 2 2
left_child=1 2 4 5 -1 6 7 17 11 10 15 14 28 24 21 -10 -13 18 -4 25 -16 22 -8 -2 -11 26 -20 -17 -12 -30
right_child=23 -3 3 -5 -6 -7 8 -9 9 13 12 16 -14 -15 20 27 -18 -19 19 -21 -22 -23 -24 -25 -26 -27 -28 -29 29 -31
leaf_value=-0.0048200357521073715 -0.033160967152627924 -0.030918576055270236 -0.0077077264824210691 0.0075106109043641721 -0.035062002754378235 0.0075683710459018656 -0.00021329706433029488 0.019047293500301619 -0.00221513210543021 0.0038532725148435381 -0.0018046684439050596 0.0019090034388991337 -0.016285949391055297 -0.00092002481649210957 -0.005551972717027235 0.0061243985748271768 0.0061498637293606702 0.014073955135078515 -0.0017394898745304471 -0.0097266150634802481 0.0097831245790508288 0.0030557102280517972 0.0076192881228666631 -0.0096462586636518726 -0.0025841972744254224 -0.00026346335189304765 -0.005422533150714802 0.00054586763512262822 -0.010171123904506916 -0.001623954438143892
leaf_weight=4429.8704924359918 2650.6870738379657 1446.2158874832094 14500.59012522921 24583.477705832571 1968.9630611538887 19085.058921769261 104081.27303013206 2211.1378767900169 59903.257792610675 59315.601369425654 28049.46297544241 52088.019253086299 4072.4726751148701 71133.719266783446 17190.780777238309 12542.750272855163 44918.374647520483 1468.9782012850046 74797.60245975107 6077.9376836754382 1644.5825415253639 74432.05863680318 7192.5239512138069 755.4710172880441 8632.9211382567883 81434.916614882648 32658.350832082331 44635.679984096438 14152.432154342532 10315.926880165935
leaf_count=19841 75088 35692 51400 34904 32553 28623 229811 2731 115996 100301 72929 88984 15100 144550 49489 19192 77775 3702 197930 17349 4069 144407 14403 5509 26433 207262 98524 75752 48726 22904
internal_value=5.46337e-05 0.000164111 0.000216041 0.000322302 -0.0142059 0.00011338 -5.87467e-05 -0.00204806 0.000631547 -0.000539849 -0.00178283 0.00184643 -0.00491502 0.00101229 0.000884746 -0.000268336 0.00387358 -0.00227098 -0.00238693 -0.00199046 -0.00420405 0.00140128 0.000294264 -0.0280323 0.00303487 -0.00174053 -0.00285965 0.0017713 -0.0040274 -0.00657188
internal_weight=882371 878965 877519 871120 6398.83 846536 827451 213150 614302 312754 173672 301548 56590.3 139082 204541 117082 97006.4 210938 209469 194969 18835.4 185706 111274 3406.16 67948.5 188891 107456 57178.4 52517.8 24468.4
internal_count=2061929 1981332 1945640 1893246 52394 1858342 1829719 578898 1250821 641883 370599 608938 159659 271284 442179 210940 166759 576167 572465 521065 53558 388621 244214 80597 126734 503716 296454 94944 144559 71630
is_linear=0
shrinkage=0.03


Tree=94
num_leaves=31
num_cat=0
split_feature=87 24 97 40 72 97 48 46 24 30 24 32 98 26 98 40 2 37 63 91 98 97 98 24 30 24 32 98 69 51
split_gain=4198.53 2089.02 1745.34 1303.07 1115.9 668.939 605.716 574.481 528.58 503.502 1108.58 466.039 496.338 457.946 447.466 422.461 410.527 408.49 406.449 403.498 378.011 505.976 604.705 402.768 371.423 611.452 534.195 349.007 332.204 331.438
threshold=1.9999099969863894 2.5000000000000004 2.9998425245285039 201.50000000000003 0.99999475479125988 1.3269196152687075 0.77777770161628734 7.8974504470825204 72.500000000000014 77.500000000000014 44.500000000000007 268.50000000000006 1.6666417121887209 70.500000000000014 1.3235265016555788 201.50000000000003 12.500000000000002 83.500000000000014 0.35714285075664526 1.1255940198898318 0.74999877810478222 1.1999675631523135 1.2115372419357302 76.500000000000014 41.500000000000007 23.500000000000004 100.50000000000001 2.0869528055191044 0.39646273851394659 17.420713424682621
decision_type=2 2 2 10 2 2 2 2 2 2 2 2 2 2 2 8 2 8 2 2 2 2 2 2 2 2 2 2 2 2
left_child=1 -1 3 4 5 14 9 -8 -7 10 16 12 -11 -12 15 18 17 24 19 -3 -13 -22 -23 -24 25 -6 -26 -15 -20 -27
right_child=-2 2 -4 -5 6 8 7 -9 -10 11 13 20 -14 27 -16 -17 -18 -19 28 -21 21 22 23 -25 26 29 -28 -29 -30 -31
leaf_value=-0.032617769287086443 -0.031455803688823517 -0.00043111754400004793 -0.031072746829385583 0.010922643401624825 0.00056472689495865199 -0.0025357397823948338 0.0061797960889588008 -0.0030327703607718596 -0.021308299882718883 0.0046419909159477329 0.0066435974202379011 -0.0030143522642405423 0.016812797446400459 -0.010187124784331853 0.0026517263976065645 -0.0048203109952053074 0.0041653735118236408 0.017837993876473904 0.00043102067867074027 -0.0044074746810108647 0.0040435181755699434 -0.013704061687191925 0.0030688437491864277 -0.010471153896658999 0.0051430690128169126 -0.0029523156448822813 0.00030782706288730923 0.00047458049276144216 0.0051517595399987459 -0.012067445331224499
leaf_weight=1726.173506308347 3776.0364215578884 108232.23818629608 1580.3454770296812 10223.303921543062 98326.222639959306 129851.57874128222 7003.5307708382607 45953.724425058812 1344.5253873318434 45171.63362981379 2188.8098495900631 12656.669389680028 3215.8928288444877 12951.885973185301 43651.642778906971 20011.660810261965 39886.951241638511 1244.2148661762476 67055.362517423928 29136.006401367486 53798.385685518384 3147.0414841324091 11769.938319168985 2355.7579184323549 34095.272044822574 13338.799593374133 51776.118123866618 3509.0354934483767 16753.150377079844 4902.8863591849804
leaf_count=44472 94351 217994 38463 11374 233364 374519 13017 100568 6721 74475 5349 23162 5689 42196 83096 52687 78316 2520 124666 57862 82948 8350 24637 8608 61377 36665 98909 10910 28348 15334
internal_value=2.64961e-05 0.000162783 0.000228186 0.000285523 0.000159311 -0.000959009 0.00119948 -0.00181255 -0.00273134 0.00160405 0.000843027 0.00311416 0.00545749 -0.00620239 -0.000142545 -0.000648446 0.00138295 0.000837714 -0.000270581 -0.00127503 0.00175893 0.00260959 -0.00185608 0.000799151 0.000731476 -0.000371456 0.00222841 -0.00791651 0.00137569 -0.00541276
internal_weight=880635 876859 875133 873552 863329 416036 447293 52957.3 131196 394336 262220 132115 48387.5 18649.7 284840 241188 243570 203684 221177 137368 83727.8 71071.1 17272.7 14125.7 202439 116568 85871.4 16460.9 83808.5 18241.7
internal_count=2060947 1966596 1922124 1883661 1872287 945893 926394 113585 381240 812809 584940 227869 80164 58455 564653 481557 526485 448169 428870 275856 147705 124543 41595 33245 445649 285363 160286 53106 153014 51999
is_linear=0
shrinkage=0.03


Tree=95
num_leaves=31
num_cat=0
split_feature=92 40 40 30 92 18 94 78 92 69 78 51 51 20 18 30 30 86 38 69 63 66 30 16 63 66 92 82 88 40
split_gain=2686.71 1336.78 1055.92 1030.96 979.116 792.48 739.704 558.417 534.018 511.546 471.56 464.539 388.688 438.497 377.092 359.518 310.498 301.615 296.342 305.259 339.336 304.262 291.684 289.307 290.154 295.836 261.274 331.293 283.665 352.658
threshold=2.5714037418365483 inf 201.50000000000003 13.500000000000002 1.071426570415497 39.500000000000007 -1.6565646529197691 1.5918357372283938 1.9999889731407168 0.14963311702013019 1.5918357372283938 17.420713424682621 18.610900878906254 37.500000000000007 12.500000000000002 107.50000000000001 45.500000000000007 1.9999981522560122 76.500000000000014 0.15714285522699359 0.31045190989971166 14.834712505340578 75.500000000000014 8.5000000000000018 0.37499995529651647 15.3845272064209 1.3043456673622134 0.53571128845214855 0.85714229941368114 134.50000000000003
decision_type=2 8 10 2 2 2 2 2 2 2 2 2 2 2 2 2 2 2 10 2 2 2 2 2 2 2 2 2 2 10
left_child=1 2 3 8 6 7 9 17 -1 -5 18 -7 13 -3 -2 23 -15 26 19 -8 21 -21 -13 24 25 -11 28 -28 -6 -30
right_child=14 12 -4 4 5 11 10 -9 -10 15 -12 22 -14 16 -16 -17 -18 -19 -20 20 -22 -23 -24 -25 -26 -27 27 -29 29 -31
leaf_value=-0.0038537728148956654 -0.032922506045680942 -0.0037689872182603093 0.010040327661472916 -0.0018247024666387666 0.0029405623776264361 0.008881221478498208 -0.0045831767703025297 0.003644324106937334 -0.020747279884924391 0.0037877094074494897 0.00092294636932990261 -0.0071714662526717503 -0.0081368200897781514 0.0064453586144471069 -0.0092224985588091161 0.0056289915233496846 -0.0037977270130180167 -0.0031867295595656504 0.0029046290255808796 -0.00045476932526557977 0.00022074223216759836 -0.0042847618643839652 0.0038124275937624873 -0.011111195872306936 0.0034401076236098946 -0.00057738893132319941 -0.0038447510347561203 0.0025258655734457063 -0.0015119822671462422 0.0080351565982289836
leaf_weight=33294.764717869461 2454.758163549006 54796.047658894211 10160.785444036126 43484.048174198717 19840.288744617254 20092.606510527432 45948.448511831462 64300.221684139222 1755.4501646813005 17952.974482752383 56739.469449654222 2382.1549070179462 14111.857659347355 7235.2295773550868 825.35938471928239 19886.635832414031 4191.7333995811641 18695.870713341981 9688.4717669487 28904.510767977685 49417.068700771779 52717.89582144469 23229.074407935143 1651.0550001338124 43191.615124609321 62777.758497413248 8041.2764660939574 83099.481097780168 75266.682598240674 3631.312979824841
leaf_count=128588 74263 195330 12246 95782 40080 33939 109642 124102 13892 37609 118473 8214 43925 19106 6290 30793 9599 41248 20196 65932 100877 118093 39457 4549 84090 136744 19783 168449 155178 5483
internal_value=-3.31594e-05 6.8566e-05 0.000440761 0.000316411 0.000551195 0.00181311 -0.000378675 0.00120055 -0.00471121 0.00102969 -0.00147187 0.00546833 -0.00361922 -0.00265437 -0.027051 0.00188313 0.00268783 0.000446894 -0.00219979 -0.0024795 -0.00174127 -0.00292891 0.00278599 0.0012891 0.00145608 0.000394023 0.000804966 0.00196307 -0.000264209 -0.00107065
internal_weight=879765 876485 796150 785989 750939 318579 432360 272875 35050.2 188944 243416 45703.8 80334.9 66223 3280.12 145460 11427 208575 186676 176988 131039 81622.4 25611.2 125573 123922 80730.7 189879 91140.8 98738.3 78898
internal_count=2061952 1981399 1713439 1701193 1558713 635933 922780 554323 142480 389567 533213 81610 267960 224035 80553 293785 28705 430221 414740 394544 284902 184025 47671 262992 258443 174353 388973 188232 200741 160661
is_linear=0
shrinkage=0.03


Tree=96
num_leaves=31
num_cat=0
split_feature=92 97 24 40 39 72 30 24 32 38 33 51 40 92 92 32 97 65 30 24 32 30 63 24 24 92 24 40 30 92
split_gain=2736.71 1468.35 1305.65 1245.98 1176.9 1105.99 741.384 957.445 572.429 568.738 687.559 511.207 478.078 479.348 442.96 478.878 500.359 413.022 392.199 1103.94 656.665 385.013 363.69 359.096 340.949 314.048 329.5 313.863 313.195 314.173
threshold=2.5714037418365483 2.9998425245285039 2.5000000000000004 143.50000000000003 189.50000000000003 0.99999475479125988 98.500000000000014 52.500000000000007 163.50000000000003 150.50000000000003 11.500000000000002 19.244854927062992 78.500000000000014 1.4482725262641909 1.1538428664207461 268.50000000000006 1.2105234861373904 0.24999995529651645 49.500000000000007 31.500000000000004 85.500000000000014 69.500000000000014 0.2414379492402077 5.5000000000000009 13.500000000000002 0.89999762177467357 62.500000000000007 201.50000000000003 9.5000000000000018 1.9411687254905703
decision_type=2 2 2 10 10 2 2 2 2 10 2 2 8 2 2 2 2 2 2 2 2 2 2 2 2 2 2 10 2 2
left_child=1 2 -1 4 5 9 7 12 21 10 28 22 13 18 15 -8 -17 -13 19 -7 -20 -9 -12 -5 -2 -10 -27 -25 29 -4
right_child=24 -3 3 23 -6 6 14 8 25 -11 11 17 -14 -15 -16 16 -18 -19 20 -21 -22 -23 -24 27 -26 26 -28 -29 -30 -31
leaf_value=-0.03360681007163218 -0.033074331596119479 -0.030811005401330374 -0.0060712375426049889 -0.0042116387464029639 0.01143632327717105 0.0004528569376145766 0.0072733517858326081 -0.011617366949248092 -0.015881811320212918 0.011188421431841976 -0.00082551744662747709 -0.0038068772950589982 -0.001577194186242987 0.0041928460236580973 0.0081113253959257531 0.0021538248192402016 -0.0066321360775512877 0.00023231937710520973 0.0079396777297311549 -0.0093760669312786711 0.0010072992791940829 0.0085087560381505948 0.0019512284717582852 0.0046040090944402994 -0.009556814746044081 -0.0031907790208857726 -0.013416427229524505 0.011045442944005609 -0.0027377675284257657 -0.022117455930662767
leaf_weight=1011.7529924027622 2444.9000165499747 1363.3647023700178 13995.313416264951 3208.7581187989563 7884.5517177954316 83583.144962146878 14349.906046673656 1111.710058927536 3785.658561617136 3215.2545443810523 97495.8801938463 62205.186304263771 68350.377959469333 41604.418830716982 14541.74908696115 51127.107849419117 6565.1990345567465 35941.561273090541 13951.85324338451 11707.008971959352 102705.37439644709 3495.3229614421725 75163.026570631191 26899.472455345094 742.52786163240671 9898.4513795077801 3965.8379413112998 9126.1964839547873 106875.69728738628 1176.4492990989238
leaf_count=20313 75137 35716 61383 8403 9140 192113 22002 4729 12643 5699 215000 138228 170555 88983 19929 82338 16866 73210 23694 39318 192536 7908 147301 44958 5518 24979 17730 10181 282402 13158
internal_value=-2.88379e-05 7.24034e-05 0.00012123 0.000161045 -8.46002e-05 -0.000194739 0.000857375 0.000233033 -0.00578178 -0.00133895 -0.00144204 -0.000599393 0.000649243 0.0012495 0.00333842 0.00237302 0.00115206 -0.00232797 0.000671397 -0.000756404 0.00183761 0.00362296 0.00038336 0.00538444 -0.0276896 -0.00823794 -0.00613091 0.00624101 -0.00331135 -0.00734297
internal_weight=879493 876306 874942 873930 834696 826811 430743 344159 22257 396068 392853 270806 321902 253552 86584 72042.2 57692.3 98146.7 211947 95290.2 116657 4607.03 172659 39234.4 3187.43 17649.9 13864.3 36025.7 122047 15171.8
internal_count=2062070 1981415 1945699 1925386 1861844 1852704 916323 775188 67989 936381 930682 573739 707199 536644 141135 121206 99204 211438 447661 231431 216230 12637 362301 63542 80655 55352 42709 55139 356943 74541
is_linear=0
shrinkage=0.03


Tree=97
num_leaves=31
num_cat=0
split_feature=87 97 40 40 92 97 87 92 87 87 97 87 92 87 92 87 97 87 87 0 38 40 98 87 92 97 33 91 97 97
split_gain=3966.35 1624.44 1221.4 1310.42 978.045 1459.45 1996.35 846.736 864.323 860.848 798.941 888.58 608.276 867.232 607.597 749.18 878.767 589.319 582.66 512.821 476.738 462.962 452.063 447.443 773.788 640.524 429.919 576.518 428.557 411.826
threshold=1.9999099969863894 2.9998425245285039 120.50000000000001 74.500000000000014 1.071426570415497 1.1351310014724734 0.99999827146530162 0.93387818336486828 0.88888442516326915 0.90097919106483471 1.9459388256073 0.99150994420051586 0.74999296665191661 0.66665667295455944 1.3043456673622134 1.1169613003730776 1.1739092469215395 1.7999919056892397 0.79999887943267833 2.5000000000000004 134.50000000000003 201.50000000000003 0.94029745459556591 1.3333273530006411 1.5999960303306582 1.4999752640724184 22.500000000000004 0.75573256611824047 1.9459388256073 1.5882226824760439
decision_type=2 2 10 8 2 2 2 2 2 2 2 2 2 2 2 2 2 2 2 2 10 10 2 2 2 2 2 2 2 2
left_child=1 2 3 4 5 22 7 8 12 28 11 -6 13 -7 15 -13 -17 20 -14 -19 26 -4 -1 -16 25 -25 -5 -28 -9 -11
right_child=-2 -3 21 17 10 6 -8 9 -10 29 -12 14 18 -15 23 16 -18 19 -20 -21 -22 -23 -24 24 -26 -27 27 -29 -30 -31
leaf_value=-8.2785632455663444e-05 -0.031385724885252403 -0.030957597877877465 0.0031220471607580074 -0.0037820826444936459 0.0089619798288687741 -0.0011358657996234382 -0.011441314783708006 0.0098425478087070927 -0.0097920764374273984 0.00069912020677173039 -0.002465002854117711 0.0028972088007451864 0.0043869972967793451 -0.011040818887513562 0.0055734183863173619 0.0008398153037839709 -0.0063996485939276249 -0.028849623103638353 -0.0035180308269794872 0.0081188619011661172 0.0088993352318299697 0.010148594427835304 0.0026687655352430869 -0.00031151503299025403 0.0050239793688821232 -0.014162874680794845 0.0023030146971323977 -0.0041778810811827754 -0.0020552366857600917 -0.0080766032201246198
leaf_weight=138321.27236961201 3585.938028389588 1488.9416711218655 50945.375881444663 99521.320605106652 17261.78292760253 22992.15422539413 20858.248044148088 13044.3179294765 14708.073584645987 20779.619841918349 34597.200419105589 62608.580858796835 19843.605797216296 12149.098773732781 52371.778001971543 43452.193945676088 23096.576522320509 1333.3338272403926 14511.336014777422 440.02179706096649 3276.1390279084444 10104.707338651642 87859.678678009659 19104.579776898026 27033.53825343959 3545.5999295711517 29703.338718924671 21119.164404407144 3434.9402365982533 6242.3193742632866
leaf_count=263623 94579 38506 94745 278270 28256 62772 65886 24269 46366 43546 110539 115487 47283 36711 92511 74187 58805 35387 39207 881 5965 11922 153072 35880 50606 10335 59087 45832 11416 25810
internal_value=1.32511e-05 0.000142535 0.000196208 -0.000111072 0.000474259 -0.000531113 -0.00284096 -0.00143468 -0.00319022 0.00196338 0.00180516 0.00239989 -0.0017906 -0.00456456 0.00190924 0.000542036 -0.0016739 -0.00258866 0.00104785 -0.0196884 -0.00238873 0.00428799 0.000986192 0.00363908 0.00159867 -0.00249035 -0.00263585 -0.000390689 0.00736309 -0.00133263
internal_weight=879335 875749 874260 813210 657816 374745 148564 127705 84204.3 43501.2 283072 248475 69496.2 35141.3 231213 129157 66548.8 155393 34354.9 1773.36 153620 61050.1 226181 102055 49683.7 22650.2 150344 50822.5 16479.3 27021.9
internal_count=2061741 1967162 1928656 1821989 1396567 819961 403266 337380 232339 105041 576606 466067 185973 99483 437811 248479 132992 425422 86490 36268 389154 106667 416695 189332 96821 46215 383189 104919 35685 69356
is_linear=0
shrinkage=0.03


Tree=98
num_leaves=31
num_cat=0
split_feature=92 97 24 92 40 69 78 38 30 24 94 92 24 97 64 97 24 30 97 98 40 92 97 30 92 51 66 92 8 92
split_gain=2413.59 1385.67 1262 1362.55 1131.35 1099.47 968.256 884.453 585.442 591.491 557.287 473.252 459.598 406.121 392.55 379.141 483.81 406.708 368.807 364.559 356.353 365.982 347.561 327.414 309.54 295.649 282.793 282.087 274.668 274.341
threshold=2.5714037418365483 2.9998425245285039 3.5000000000000004 1.4482725262641909 143.50000000000003 0.14285712689161303 0.88850149512290966 134.50000000000003 107.50000000000001 62.500000000000007 -1.0680069923400877 1.012742340564728 13.500000000000002 1.4347742199897768 0.14075160026550296 1.1351310014724734 29.500000000000004 43.500000000000007 1.6249949336051943 1.5833273530006411 82.500000000000014 1.3636317253112795 1.1351310014724734 95.500000000000014 1.199997663497925 14.300186634063722 24.352598190307621 0.49999436736106878 21.500000000000004 1.2499972581863406
decision_type=2 2 2 2 10 2 2 10 2 2 2 2 2 2 2 2 2 2 2 2 8 2 2 2 2 2 2 2 2 2
left_child=1 2 3 -1 5 7 10 11 9 20 18 15 -2 -13 -12 -4 -17 -18 24 28 21 25 -6 -21 -7 27 -22 -8 -11 -16
right_child=12 -3 4 -5 22 6 8 -9 -10 19 14 13 -14 -15 29 16 17 -19 -20 23 26 -23 -24 -25 -26 -27 -28 -29 -30 -31
leaf_value=-0.004151425087009203 -0.033003027695577093 -0.030711629631343131 -0.0022005748228048389 -0.034941358235132225 0.0029720989266397886 0.00079655781284455483 -0.0033883310297082225 0.0086701190949739961 0.0050313332429487425 -0.0017902570784993487 0.0030796311697423996 0.00063721791141916749 -0.005984279747417001 -0.0033569811670022178 -0.0030059373121338467 -0.0031822985131720661 -0.022708224153801557 -0.0081585362645399343 -0.0028825476454476515 -0.0076725371893893966 0.0011826927531244909 0.0047282142632546617 0.0088107648174594426 0.013897629293751853 0.0049472797563792446 6.7746432957580389e-05 -0.003692692266114858 0.0031560886248184388 -0.022175774007460396 -0.00029896605251901307
leaf_weight=4351.8246556445956 2318.3229435048997 1290.4818938132375 60647.970847658813 1824.6295088306069 23147.309792399406 123502.34817565605 6392.4241313636303 6907.680524546653 45657.39738959074 862.26316160708666 14272.302777552977 64771.459458345547 761.25139992497861 35425.781844519079 102897.1881464012 23145.621687889099 1956.5848806351423 14405.074182637036 21401.396249199286 1936.7201892063022 25181.336013199762 38437.232476128265 15218.572565302253 916.47277144342661 18588.445300504565 73274.199242688715 18600.226772177964 78976.23545338586 1925.2450671046972 50103.652168415487
leaf_count=19734 74961 35773 130433 32418 39611 244900 14554 11931 69879 2477 31138 124899 5515 108666 242901 69822 7916 42128 70159 8800 60207 76604 21492 2186 31860 152682 44036 159315 7297 117167
internal_value=2.03595e-05 0.00011386 0.000160037 -0.0133307 0.000256278 2.34599e-05 0.00065321 -0.00186915 0.00191163 0.00133344 -0.000458385 -0.00223335 -0.0264059 -0.000775361 -0.0016757 -0.0036915 -0.00597795 -0.00992404 0.000787132 -0.00825252 0.0015586 0.00210244 0.0052915 -0.000695483 0.00134018 0.00146573 -0.000889314 0.00266536 -0.0159276 -0.00211963
internal_weight=879098 876018 874728 6176.45 868551 830185 622925 207260 292160 246502 330765 200352 3079.57 100197 167273 100155 39507.3 16361.7 163492 5640.7 240862 197080 38365.9 2853.19 142091 158643 43781.6 85368.7 2787.51 153001
internal_count=2061461 1980985 1945212 52152 1893060 1831957 1336162 495795 598037 528158 738125 483864 80476 233565 391206 250299 119866 50044 346919 20760 507398 403155 61103 10986 276760 326551 104243 173869 9774 360068
is_linear=0
shrinkage=0.03


Tree=99
num_leaves=31
num_cat=0
split_feature=92 97 18 39 100 89 38 97 98 71 41 92 97 14 92 37 33 52 8 92 97 69 88 92 18 98 93 100 11 97
split_gain=2386.26 1333.43 1136.54 1021.87 1124.54 1071.9 716.598 602.914 1076.13 507.23 511.883 479.598 499.083 530.03 473.301 400.937 678.273 408.532 422.607 433.616 360.24 396.4 359.955 373.875 359.022 355.909 320.472 355.996 317.946 307.222
threshold=2.5714037418365483 2.9998425245285039 1.5000000000000002 189.50000000000003 -0.91950619220733631 -0.41570729017257685 174.50000000000003 1.6666417121887209 1.4999967217445376 1.9309184551239016 8.1938185691833514 1.0588193535804751 1.1194007396698 50.500000000000007 1.4999971985816958 128.50000000000003 1.0000000180025095e-35 1.9949862957000735 7.5000000000000009 2.2499620914459233 1.1999675631523135 0.095238093286752715 0.81893137097358715 1.0285694003105166 12.500000000000002 0.62857064604759227 1.4039901494979861 -0.33335696160793299 103.46918106079103 1.5483803749084475
decision_type=2 2 2 10 2 2 10 2 2 2 2 2 2 2 2 8 2 2 2 2 2 2 2 2 2 2 2 2 2 2
left_child=1 2 -1 4 11 7 9 8 20 15 -11 12 -4 -14 22 16 -7 18 19 -18 -6 -22 23 -9 -2 -13 27 -24 -23 -19
right_child=24 -3 3 -5 5 6 -8 14 -10 10 -12 25 13 -15 -16 -17 17 29 -20 -21 21 28 26 -25 -26 -27 -28 -29 -30 -31
leaf_value=-0.03122601268160333 -0.032830041037221522 -0.030660662099894757 0.0015441226179641317 0.010208760568434309 0.0012595341863887739 -0.0084569197762257367 0.012606252709301085 -0.0034987876203482963 0.0052167142354245079 0.0085208340097076164 -0.0002925266272251145 -0.00078184269677191495 -0.00082424080242699503 -0.011355586447497965 0.0050063966908258841 0.012067596669142627 -0.0019642472779228056 -0.0025785244604383307 0.0011590448472987181 -0.021479064768606941 -0.0094724523714892934 -5.2394265707663744e-05 -0.014061377152465143 0.0049185149907885421 -0.0090402138929736864 0.0044668408000125273 -0.00098138570950358412 -0.0045897236181228224 -0.0077743318885984446 -0.0062203404475728594
leaf_weight=1020.0816000662744 2206.9549982883036 1248.8529694750905 136971.02158934623 8981.3270778357983 113168.90515390038 15874.863269312307 3081.3497919254005 13572.84715898335 52001.506346531212 6927.949332954362 40514.588981965557 13932.573929723352 21653.740661628544 5348.285977691412 7020.1513157635927 1707.4421801194549 112704.36833807826 84466.88565034233 50339.681330947205 1014.3982833921909 5296.1037158332765 45677.697237003595 6220.4689386859536 7279.8784449435771 793.5018934737891 70090.185690863058 7444.0737096555531 8421.2165072336793 5342.326927550137 27689.497543888167
leaf_count=22705 74181 35631 243997 10726 201359 63029 4509 46994 104641 13272 91902 27366 48853 13230 17472 5177 305753 176736 115129 5494 13768 99821 25365 20452 6279 113612 21671 29270 13009 89648
internal_value=-2.08642e-05 7.10211e-05 0.000115646 0.000152994 4.82007e-05 -0.000638751 -0.00175005 0.000770933 0.00144243 -0.00188042 0.000997521 0.00175379 0.00080922 -0.00291704 -0.00220546 -0.00234519 -0.00243026 -0.0020833 -0.00112914 -0.00214207 0.00028392 -0.00167635 -0.00338633 -0.000558333 -0.0266401 0.00359653 -0.00605352 -0.00862741 -0.000863691 -0.00347858
internal_weight=878013 875012 873763 872743 863762 615766 344321 271445 221487 341240 47442.5 247996 163973 27002 49958.6 293797 292090 276215 164058 113719 169485 56316.1 42938.5 20852.7 3000.46 84022.8 22085.8 14641.7 51020 112156
internal_count=2061051 1980591 1944960 1922255 1911529 1464471 870649 593822 432598 866140 105174 447058 306080 62083 161224 760966 755789 692760 426376 311247 327957 126598 143752 67446 80460 140978 76306 54635 112830 266384
is_linear=0
shrinkage=0.03


Tree=100
num_leaves=31
num_cat=0
split_feature=24 97 30 24 51 30 24 26 65 39 26 26 24 18 18 24 18 24 18 30 26 24 18 97 26 33 48 97 30 0
split_gain=2154.06 1932.82 1018.13 1406.73 890.166 849.7 762.891 725.477 698.442 607.61 546.375 708.908 537.085 2179.46 508.598 913.871 438.496 703.066 402.156 399.856 403.773 769.013 538.227 495.725 377.043 365.644 361.428 346.525 342.301 337.928
threshold=2.5000000000000004 2.9998425245285039 55.500000000000007 31.500000000000004 14.300186634063722 33.500000000000007 23.500000000000004 88.500000000000014 0.19444444030523303 189.50000000000003 52.500000000000007 149.50000000000003 3.5000000000000004 2.5000000000000004 19.500000000000004 25.500000000000004 26.500000000000004 39.500000000000007 21.500000000000004 23.500000000000004 52.500000000000007 15.500000000000002 10.500000000000002 1.8888836503028872 141.50000000000003 15.500000000000002 0.55699855089187633 1.5483803749084475 49.500000000000007 4.5000000000000009
decision_type=2 2 2 2 2 2 2 2 2 10 2 2 2 2 2 2 2 2 2 2 2 2 2 2 2 2 2 2 2 2
left_child=-1 2 3 5 29 6 9 18 24 12 -5 16 13 -2 15 -7 25 -18 -8 20 21 23 -23 -14 -6 -12 -10 -26 -17 -4
right_child=1 -3 4 10 8 14 7 -9 26 -11 11 -13 19 -15 -16 28 17 -19 -20 -21 -22 22 -24 -25 27 -27 -28 -29 -30 -31
leaf_value=-0.032128685321995289 0.002745965669595383 -0.030807264893240524 0.0017823826056520575 0.0014145275338362747 -0.00029143703592459454 0.0018175733958886039 -0.013869597336186378 0.0041449772480592851 0.002871368345013039 0.0087233993649839352 -0.019946331178484693 0.00046157209281203528 -0.00067115431621927026 -0.03849815422138389 0.0048362733678733571 -0.0069533166836316732 0.0011389064035478066 -0.012539219876418138 -0.0019526206294133096 0.00060779874020596304 0.0041581965490896612 -0.018174176247926596 -0.0053677179162769061 -0.005501684057354044 -0.003009920859442045 -0.0098999035680253037 -0.00087873927995217507 -0.011619575891940848 0.00055850295508361907 0.0045512644030728704
leaf_weight=1868.6338887996972 3537.2688596658409 1815.5925806090236 116333.80693368614 7973.2133573144674 60928.267774872482 101466.09299803153 9855.1436842344701 3739.7326773777604 68375.992004401982 5680.7103811353445 4286.3989940732718 8608.4089888110757 110739.2139404919 1689.0808890592307 30969.589264120907 17164.876992970705 7348.6331540867686 6241.0722135305405 3445.0006613843143 90902.263997271657 9351.4542282763869 3839.4917981363833 12719.156956892461 23092.517112258822 42237.921764247119 13925.131738532335 34937.516065273434 4657.5169939100742 7997.5971992686391 60215.869199834764
leaf_count=58818 19218 56769 214755 20529 115694 186381 34129 10192 122633 7440 14830 25200 306492 21221 58679 40395 18852 23232 9987 195242 25989 12883 41000 91415 82231 40657 66221 19432 14588 106421
internal_value=-0.000124458 -5.53041e-05 9.41052e-06 -0.000907347 0.00115526 -0.00036889 -0.00136474 -0.00751155 -0.000159288 -0.000963736 -0.00575957 -0.00717509 -0.00117947 -0.0106795 0.00139145 0.000548323 -0.00924128 -0.00515197 -0.0107904 -0.000980542 -0.00188436 -0.0022606 -0.00835552 -0.00150535 -0.0018481 -0.0122838 0.00160327 -0.0038696 -0.00456723 0.00272717
internal_weight=875943 874075 872259 484572 387687 436189 278591 17039.9 211137 261551 48382.9 40409.6 255870 5226.35 157598 126629 31801.2 13589.7 13300.1 250644 159742 150390 16558.6 133832 107824 18211.5 103314 46895.4 25162.5 176550
internal_count=2061525 2002707 1945938 1218551 727387 1075251 775208 54308 406211 720900 143300 122771 713460 40439 300043 241364 97571 42084 44116 673021 477779 451790 53883 397907 217357 55487 188854 101663 54983 321176
is_linear=0
shrinkage=0.03


Tree=101
num_leaves=31
num_cat=0
split_feature=87 18 97 69 38 78 92 87 92 97 18 87 97 97 92 87 40 30 40 14 86 77 92 63 51 92 87 97 87 44
split_gain=3682.3 1681.37 1442.16 1000.46 885.353 782.586 483.079 580.834 513.925 836.46 557.623 484.315 655.179 471.948 526.272 647.013 461.57 435.908 397.953 393.427 347.642 339.693 331.862 325.726 320.006 303.592 381.428 369.272 296.844 293.671
threshold=1.9999099969863894 1.5000000000000002 2.9998425245285039 0.14963311702013019 134.50000000000003 0.73469340801239025 0.98017880320549022 1.0084735453128817 1.1538428664207461 1.1538414955139162 39.500000000000007 0.94117507338523876 1.0499929189682009 1.1538414955139162 1.1999837756156924 1.0560781955718996 127.50000000000001 9.5000000000000018 153.50000000000003 8.5000000000000018 0.9690394699573518 0.85714071989059459 0.91885957121849071 0.58079874515533458 11.510334491729738 1.4482725262641909 1.3333273530006411 0.99141335487365734 1.1342321634292605 0.99999925494194042
decision_type=2 2 2 2 10 2 2 2 2 2 2 2 2 2 2 2 10 2 10 2 2 2 2 2 2 2 2 2 2 2
left_child=1 -1 3 4 13 18 11 19 9 -9 25 -7 -13 22 15 16 24 28 20 -8 21 -5 -3 29 -15 26 -10 -28 -16 -22
right_child=-2 2 -4 5 -6 6 7 8 10 -11 -12 12 -14 14 17 -17 -18 -19 -20 -21 23 -23 -24 -25 -26 -27 27 -29 -30 -31
leaf_value=-0.031009784159924766 -0.031304950897920868 -0.0021737267381479099 -0.03076153619667343 -0.00049276663386204082 0.0079573048364357975 0.0015493002048763878 -0.00056728890015179847 0.0020077622915247394 0.0020037137459772364 -0.0063013187275987219 0.0090932700714729912 0.0001849033678527408 -0.0085074071688089614 -0.0028206990528989234 -0.031736765789347955 -0.012365099540275804 0.0091771295465415941 5.8869082718490642e-05 0.0051966263710139706 0.0067678644860266106 -0.0035120664309353841 0.0023905866187359042 0.0010442885959393937 0.00140698588843628 -0.0080038329766150499 0.0041260496494301821 0.0011607066118645415 -0.0099949575256482424 -0.0072437470132102758 0.0014098980621979318
leaf_weight=1536.361082021147 3343.7022629454732 54288.074375875294 1331.9226710908115 132844.50160403177 8677.9781040102243 94021.749086618423 7828.2103162929416 33976.131506837904 44023.256987124681 16032.857840813696 12053.306070916355 24999.523173250258 11325.782336808741 37056.093322534114 526.53980489820242 9113.9734099283814 2365.1312956139445 42054.572576485574 11549.856581836939 41186.7612885423 68915.218636889011 50826.642899617553 61488.743801556528 21602.197326783091 15088.781451098621 43633.537303227931 5433.4012884646654 5224.7556692883372 2522.2173530757427 12950.111693102866
leaf_count=46650 94152 115260 38516 306998 14218 196022 19371 55619 83864 44280 19157 45804 31714 109640 6226 28819 3639 97375 17560 75838 156187 105241 111549 45890 44205 88106 9220 12371 12441 26119
internal_value=2.34697e-05 0.000143972 0.000199511 0.000247528 -0.00143417 0.000861785 0.00184659 0.00273906 0.00186514 -0.000657579 0.00300812 0.000412696 -0.00252844 -0.00179787 -0.00321706 -0.00497396 -0.00373409 -0.000737616 -0.000258413 0.00559661 -0.000478183 0.000305307 -0.000464763 -0.00186879 -0.004323 0.00226039 0.000770707 -0.00431641 -0.0116531 -0.00273332
internal_weight=877822 874478 872942 871610 233182 638428 339739 209392 160377 50009 110368 130347 36325.3 224504 108727 63624 54510 45103.3 298689 49015 287139 183671 115777 103468 52144.9 98315 54681.4 10658.2 3048.76 81865.3
internal_count=2062051 1967899 1921249 1882733 543372 1339361 681366 407826 312617 99899 212718 273540 77518 529154 302345 186303 157484 116042 657995 95209 640435 412239 226809 228196 153845 193561 105455 21591 18667 182306
is_linear=0
shrinkage=0.03


Tree=102
num_leaves=31
num_cat=0
split_feature=87 24 97 40 39 69 68 40 38 51 97 52 18 97 90 2 24 26 78 71 41 64 37 38 24 18 18 24 24 18
split_gain=3609.24 1737.1 1405.76 1024.95 982.19 889.613 731.2 733.33 662.237 638.846 632.351 573.233 534.901 451.857 382.588 371.627 350.031 327.99 327.927 324.416 342.513 319.144 282.265 289.276 310.206 475.536 396.473 436.457 384.123 668.824
threshold=1.9999099969863894 2.5000000000000004 2.9998425245285039 180.50000000000003 189.50000000000003 0.17166539281606677 0.12283513322472574 180.50000000000003 150.50000000000003 15.303615570068361 1.5882226824760439 2.4883038997650151 17.500000000000004 1.1538414955139162 -0.60345482826232899 12.500000000000002 76.500000000000014 30.500000000000004 0.73469340801239025 1.9309184551239016 8.1938185691833514 0.19681695848703387 66.500000000000014 89.500000000000014 30.500000000000004 25.500000000000004 18.500000000000004 21.500000000000004 40.500000000000007 32.500000000000007
decision_type=2 2 2 10 10 2 2 8 10 2 2 2 2 2 2 2 2 2 2 2 2 2 8 8 2 2 2 2 2 2
left_child=1 -1 3 4 5 8 11 9 13 12 14 15 -8 21 -11 -7 22 -14 -19 -16 -21 -3 23 24 26 -26 27 -15 -27 -30
right_child=-2 2 -4 -5 -6 6 7 -9 -10 10 -12 -13 17 16 19 -17 -18 18 -20 20 -22 -23 -24 -25 25 28 -28 -29 29 -31
leaf_value=-0.032353222077475957 -0.031268107051608304 6.4242901632479275e-05 -0.030715966147768722 0.0075563752143936206 0.010523775768516716 -0.00065633311813105349 0.0013781316907293571 -0.0031900984208885416 0.0095635694380898015 0.0032335866460118396 -0.0034793159126519689 -0.0043574388277207504 0.011356352920796942 -0.00079895175458442175 -0.0006131683496865978 0.0039264480730562259 -0.016814183500164274 0.0019174708443476433 0.0056996283692101399 0.016007399088175823 0.0022304629139636828 -0.0053458875916030362 0.014639634457321081 -0.0069401343029170835 -0.010298771585763299 0.0025905886655908125 0.003721939528580959 -0.0083612892888293815 -0.012861650302476359 -0.0019608757140276117
leaf_weight=1450.2600479517132 3266.7159160356969 123925.9284093976 1294.62327667512 17293.482255000621 8168.4808952510357 117727.60207138211 85829.041207965463 28859.415920399129 4880.5282198116183 60612.926344133914 28957.129199881107 34650.563334405422 6147.294373691082 38462.93872686848 87561.657500181347 18396.277565639466 1580.7086698338389 34386.417376987636 51668.545497909188 1709.219740152359 26967.723663989455 10637.122358899564 820.57594120502472 13547.093732170761 8990.8494199514389 9509.0836610049009 13265.826050266623 8343.3746502846479 6454.4540904611349 23328.200882710516
leaf_count=44517 94317 244620 38485 22552 9339 279698 178732 78496 7916 105776 92843 78819 10364 107721 165079 35704 5773 67689 91282 2243 48598 23536 2428 48336 26182 20672 28846 23696 19462 58298
internal_value=0.000110557 0.00022836 0.000283165 0.000329855 0.000183582 8.36409e-05 0.000737229 0.00142037 -0.00136221 0.00176716 0.000628748 -0.000913648 0.00308298 -0.00156892 0.00130171 -3.65135e-05 -0.00287285 0.00466934 0.00418913 0.000293941 0.00306219 -0.000364155 -0.00269057 -0.00280961 -0.002292 -0.00408197 -0.00085245 -0.00214996 -0.00265491 -0.00433032
internal_weight=878694 875427 873977 872682 855389 847220 583474 412699 263747 383840 205809 170774 178031 258866 176852 136124 124303 92202.3 86055 116239 28676.9 134563 122722 121902 108355 48282.6 60072.1 46806.3 39291.7 29782.7
internal_count=2062019 1967702 1923185 1884700 1862148 1852809 1235323 841102 617486 762606 414539 394221 348067 609570 321696 315402 341414 169335 158971 215920 50841 268156 335641 333213 284877 124614 160263 131417 98432 77760
is_linear=0
shrinkage=0.03


Tree=103
num_leaves=31
num_cat=0
split_feature=87 24 40 78 94 30 92 24 100 87 92 32 92 92 24 92 87 87 92 87 12 92 87 92 24 19 98 34 61 92
split_gain=3475.77 1671.5 977.523 968.569 706.44 704.515 661.503 661.069 444.324 438.727 384.742 380.422 378.055 327.844 617.533 748.941 1271.7 514.206 371.937 367.832 344.473 334.615 320.767 684.219 419.313 282.378 280.361 277.115 360.723 297.067
threshold=1.9999099969863894 2.5000000000000004 201.50000000000003 0.98900929093360912 -1.893484830856323 107.50000000000001 1.1739096045494082 62.500000000000007 -0.91440039873123158 1.0666649341583254 0.86841949820518505 1.0000000180025095e-35 1.1371448040008547 1.3043456673622134 5.5000000000000009 1.9411687254905703 1.3090156912803652 1.1087425947189333 1.012742340564728 0.99999535083770763 4.5000000000000009 0.9999774992465974 1.2307649850845339 1.4482725262641909 5.5000000000000009 8.5000000000000018 0.81204551458358776 6.5000000000000009 18.979244232177738 1.3999965190887453
decision_type=2 2 10 2 2 2 2 2 2 2 2 2 2 2 2 2 2 2 2 2 2 2 2 2 2 2 2 2 2 2
left_child=1 -1 3 4 27 6 7 9 12 10 -5 -10 -6 17 15 16 -15 18 19 -13 21 -19 24 -24 -8 -16 -7 28 -3 -30
right_child=-2 2 -4 5 8 26 22 -9 11 -11 -12 13 -14 14 25 -17 -18 20 -20 -21 -22 -23 23 -25 -26 -27 -28 -29 29 -31
leaf_value=-0.032279439206424711 -0.031213310975166816 0.0019890203776006306 0.0096446881952684423 -0.00061544542445992245 -0.00091896069251165243 0.00035718600848646647 -0.013877945358627169 -0.010645497116367942 0.012523346602422577 -0.0027820052743448803 0.0023931685631654268 -0.0025466164853261797 0.0034760927146804538 -0.043478371908523945 -0.00037030134405949668 -0.038150671892510715 0.0073133840366162916 -0.0086880550935459905 9.4083623886858503e-05 -0.0090504142907634026 -0.0075785914658230381 0.0033544524594840779 -0.0030427802036261343 0.0034325133066615081 0.0047438432840080959 0.0071762570113217761 0.0057823087721697308 0.0021946419901350957 -0.0030470435577362571 0.0053282972525455627
leaf_weight=1405.7799413409084 3166.3678425755352 33049.438331725076 9792.9513094611466 85082.247589686885 58321.410697452724 10976.222088590264 1093.4903008192778 5363.789187438786 1570.3249376099557 40149.882494326681 69474.899939328432 93330.10131591931 25213.084917068481 562.50636538118124 62192.815680956468 794.50452027283609 1844.2463639825583 3179.8173405379057 48719.744687670842 8527.9142340496182 28785.123147808015 5896.702928006649 22590.186807096004 41893.129514573142 50249.189419157803 4787.3052233438939 39183.321894943714 78691.786823567003 37693.439015446231 4221.6893202047795
leaf_count=44428 94251 75891 11401 190502 110885 18437 4720 21175 4339 88350 146995 242708 41732 4225 152916 7735 5190 14594 111154 22465 68776 14312 46496 93932 101183 8555 59166 151318 94606 10034
internal_value=6.25303e-05 0.000176466 0.000229454 0.000122447 -0.000739527 0.00129364 0.000769054 -0.000275518 -0.00149543 1.12177e-05 0.00073709 -0.00210655 0.000408106 -0.00219634 -0.000445937 -0.0132763 -0.00481816 -0.00284814 -0.00206181 -0.00309281 -0.00597269 -0.000874278 0.00257312 0.00116381 0.00434199 0.000171059 0.00459577 0.000951392 -0.000353909 -0.00220134
internal_weight=877803 874637 873231 863438 497382 366056 315897 200071 343726 194707 154557 260191 83534.5 258621 70181.4 3201.26 2406.75 188439 150578 101858 37861.6 9076.52 115826 64483.3 51342.7 66980.1 50159.5 153656 74964.6 41915.1
internal_count=2062471 1968220 1923792 1912391 1141435 770956 693353 447022 809586 425847 337497 656969 152617 652630 178621 17150 9415 474009 376327 265173 97682 28906 246331 140428 105903 161471 77603 331849 180531 104640
is_linear=0
shrinkage=0.03


Tree=104
num_leaves=31
num_cat=0
split_feature=87 24 97 39 72 69 90 51 63 68 100 92 87 97 15 92 59 69 93 39 34 37 90 92 30 16 30 24 92 2
split_gain=3356.22 1617.9 1353.99 898.747 878.163 553.278 510.879 483.195 530.945 529.555 427.211 399.113 579.893 387.456 350.787 343.544 320.644 446.005 319.039 316.855 332.967 312.187 304.78 313.633 285.299 278.873 292.055 268.93 769.72 266.977
threshold=1.9999099969863894 2.5000000000000004 2.9998425245285039 189.50000000000003 0.89898863434791576 0.1797055006027222 -0.5148097276687621 12.834558963775637 0.08704672753810884 0.13888888806104663 -0.95430809259414662 1.3043456673622134 0.99999535083770763 1.6249949336051943 55.500000000000007 0.49999436736106878 0.14285714179277423 0.10258639976382257 0.99999123811721813 47.500000000000007 11.500000000000002 47.500000000000007 -0.70267128944396962 0.7894708812236787 16.500000000000004 15.500000000000002 81.500000000000014 5.5000000000000009 1.9411687254905703 14.500000000000002
decision_type=2 2 2 10 2 2 2 2 2 2 2 2 2 2 2 2 2 2 2 10 2 8 2 2 2 2 2 2 2 2
left_child=1 -1 3 4 6 16 19 8 29 18 -8 14 24 22 -12 -10 17 21 -9 20 -3 -6 23 -11 -13 26 -17 28 -14 -7
right_child=-2 2 -4 -5 5 7 10 9 15 13 11 12 27 -15 -16 25 -18 -19 -20 -21 -22 -23 -24 -25 -26 -27 -28 -29 -30 -31
leaf_value=-0.032218246355017494 -0.031166156266700655 -0.0021015565825483365 -0.030670065317184726 0.0097493159500770185 -0.0012931829805000483 -7.0355553283429163e-05 0.00025477809090063732 -0.0065795719790968793 -0.002265415018337511 -0.0015795573216067906 -0.0034022962075124191 -0.034970022226092252 0.00044627573397966366 -0.0026711290266678294 -0.019915791314688572 0.003952371821973613 -0.0027463175597153568 0.002784403472478113 -0.00064038871231468443 0.004240302191688459 0.0014424293769804114 0.014768962734411091 0.0011710648482258204 0.0066061099371300227 -0.0050474680911388372 -0.0047405693042121425 0.0079844323450888911 0.00066511756086335501 -0.037923704015662904 0.0054287885839314123
leaf_weight=1370.8738157339394 3078.4982669651508 42071.157208960503 1259.890866253525 8776.8122859597206 77395.160400625318 58130.960205294192 62957.749084271491 12769.407809570432 7015.8994533121586 5348.4579167664051 120061.97601022199 609.42323084920645 1803.8344485610723 19254.04771271348 1149.9504019618034 68733.978696953505 43515.067503873259 41261.930214952677 22406.109505262226 17984.333234362304 55063.816164389253 1084.6859803162515 103473.168998193 19699.584478013217 541.16845194995403 2766.9786824136972 21169.345150202513 45704.577721893787 616.37478117644787 9183.4809746257961
leaf_count=44619 94324 100416 38570 10251 179382 131912 121631 30694 15367 10689 313640 2891 5543 62007 3365 139172 96667 84180 46087 37259 106832 2617 188404 31549 1363 5673 31867 102532 5383 17222
internal_value=1.29886e-06 0.000111895 0.00016347 0.000208797 0.000111407 0.00090063 -0.00105059 0.00157339 0.00274007 0.000508242 -0.00185707 -0.00263687 -0.000360094 0.00129574 -0.00356222 0.00412988 -0.000541488 0.000260088 -0.00279894 0.000584869 -9.26606e-05 -0.00106748 0.00189034 0.00485838 -0.021223 0.00461445 0.00490336 0.000147315 -0.00955646 0.000681264
internal_weight=876259 873180 871809 870549 861773 513208 348564 349951 167001 182951 233445 170487 49275.4 147775 121212 99686.2 163257 119742 35175.5 115119 97135 78479.8 128521 25048 1150.59 92670.3 89903.3 48124.8 2420.21 67314.4
internal_count=2062108 1967784 1923165 1884595 1874344 1073489 800855 710643 341213 369430 556348 434717 117712 292649 317005 192079 362846 266179 76781 244507 207248 181999 230642 42238 4254 176712 171039 113458 10926 149134
is_linear=0
shrinkage=0.03


Tree=105
num_leaves=31
num_cat=0
split_feature=87 18 97 40 77 51 97 92 34 63 48 92 87 92 87 92 97 38 69 16 97 88 83 54 92 58 18 18 97 87
split_gain=3251.93 1542.65 1303.59 992.857 803.034 648.157 721.102 664.384 470.601 436.054 581.994 385.451 578.524 436.142 561.375 511.458 378.824 377.876 370.64 339.87 323.493 347.115 297.857 288.486 284.325 264.68 264.18 262.806 262.421 459.345
threshold=1.9999099969863894 1.5000000000000002 2.9998425245285039 201.50000000000003 0.59832853078842174 13.799578666687013 1.6666417121887209 0.72497111558914196 12.500000000000002 0.2414379492402077 0.71428564190864574 1.4482725262641909 1.090906620025635 1.1739096045494082 0.91547426581382763 1.012742340564728 1.999972999095917 174.50000000000003 0.095238093286752715 23.500000000000004 1.0319222211837771 0.77777668833732616 1.5126030445098879 0.11315139010548593 1.0434752106666567 0.83333322405815136 9.5000000000000018 42.500000000000007 0.99141335487365734 0.59999847412109386
decision_type=2 2 2 10 2 2 2 2 2 2 2 2 2 2 2 2 2 10 2 2 2 2 2 2 2 2 2 2 2 2
left_child=1 -1 3 4 20 7 9 28 17 24 -11 12 13 14 15 -8 -15 18 -9 -10 -3 26 -14 -20 -7 -13 -22 -26 -6 -30
right_child=-2 2 -4 -5 5 6 11 8 19 10 -12 25 22 16 -16 -17 -18 -19 23 -21 21 -23 -24 -25 27 -27 -28 -29 29 -31
leaf_value=-0.030926682870082271 -0.031121004034859887 -0.00021033783177026589 -0.030616505810807482 0.0096272233904124704 0.00040393757187059536 -0.0035589158641759376 -0.0057012594861806879 -0.00087263997591476938 0.0047865105207059097 0.002124496516365538 -0.0016819062409913735 0.0012679022099644178 -0.017569009721445508 0.011917031730074686 -0.013729340524872936 0.013190324299966232 -0.0044736745349679306 0.014961923294027627 0.0040933070051837519 -0.0064403174762607757 -0.0035183515147202181 -0.0038517538087555121 -0.00031868160603728884 0.00126456118825366 -0.0013615887917174036 -0.012899217639646915 0.0010041905994660801 0.0040156171577978199 0.00033250698926767135 -0.0074438596721889232
leaf_weight=1421.7783360984176 2996.9288750793785 98516.36828211695 1219.2394087333232 9866.6179800853133 34200.261997669935 38290.164021715522 5215.5570930466056 52757.636059343815 61842.287439912558 120766.93412606791 51577.046884812415 11577.792364925146 5074.632947973907 2477.678326100111 5752.1208683848381 1691.488449126482 2563.8905595690012 1822.7410350739956 44077.943543640897 2509.1799526438117 18065.391669364646 72270.783016005531 1095.2769305631518 122939.51870826818 32659.035993032157 1302.1721238624305 32523.055574648082 10891.625923588872 13731.481872752309 13591.448868021369
leaf_count=46632 94482 202181 38452 11332 67302 81355 19486 126428 105387 217829 102024 30296 19720 5404 27703 4102 8058 2172 92836 5345 58330 193996 3516 264538 60735 4540 78773 17997 34548 36558
internal_value=-2.81994e-05 7.93372e-05 0.000130667 0.000174477 6.57786e-05 0.000605676 -0.000438969 0.00148032 0.00208878 0.000129065 0.000985299 -0.0043657 -0.00662097 -0.00385515 -0.00682392 -0.00105011 0.0035968 0.0014327 0.00131914 0.00434689 -0.0014911 -0.0025179 -0.0145177 0.0020115 -0.00167383 -0.00018218 -0.000611584 -1.55723e-05 -0.00134745 -0.00353836
internal_weight=875288 872291 870869 869650 859784 638408 290935 347472 285949 254185 172344 36750.6 23870.6 17700.7 12659.2 6907.05 5041.57 221598 219775 64351.5 221376 122859 6169.91 167017 81840.8 12880 50588.4 43550.7 61523.2 27322.9
internal_count=2062057 1967575 1920943 1882491 1871159 1337879 602765 735114 596706 479940 319853 122825 87989 64753 51291 23588 13462 485974 483802 110732 533280 331099 23236 357374 160087 34836 137103 78732 138408 71106
is_linear=0
shrinkage=0.03


Tree=106
num_leaves=31
num_cat=0
split_feature=87 24 97 40 39 30 24 18 24 30 18 30 24 32 18 32 30 65 51 18 18 32 24 66 24 18 38 18 24 93
split_gain=3161.61 1552.46 1268.01 1034.98 901.228 910.395 1360.3 761.732 809.594 1098.6 809.187 769.455 716.723 700.381 689.914 649.926 581.706 551.067 668.155 507.916 491.422 483.573 471.735 443.233 436.159 548.764 434.444 427.458 461.667 424.18
threshold=1.9999099969863894 2.5000000000000004 2.9998425245285039 143.50000000000003 189.50000000000003 67.500000000000014 42.500000000000007 31.500000000000004 33.500000000000007 35.500000000000007 24.500000000000004 45.500000000000007 23.500000000000004 163.50000000000003 25.500000000000004 100.50000000000001 25.500000000000004 0.23809523135423663 12.834558963775637 34.500000000000007 17.500000000000004 90.500000000000014 50.500000000000007 9.8692598342895526 25.500000000000004 18.500000000000004 174.50000000000003 19.500000000000004 28.500000000000004 0.27272634208202368
decision_type=2 2 2 10 10 2 2 2 2 2 2 2 2 2 2 2 2 2 2 2 2 2 2 2 2 2 10 2 2 2
left_child=1 -1 3 4 5 6 7 8 9 12 24 -10 16 -7 21 27 26 18 -15 29 -18 -13 -21 -17 -11 -26 -3 -14 -29 -8
right_child=-2 2 -4 -5 -6 13 19 -9 11 10 -12 14 15 17 -16 23 20 -19 -20 22 -22 -23 -24 -25 25 -27 -28 28 -30 -31
leaf_value=-0.032244435217438021 -0.031078502832927336 -0.0021218472000742151 -0.030569891869873984 0.0050038151654339894 0.010300530324509345 0.004352649484968202 0.011600157272206563 0.010141057695569241 -0.011973091046141133 0.0024108667121028209 0.0096021470984712139 0.0024346269100940831 -0.013466823923801882 0.0017398042715656501 0.0016694916557875548 0.015814126824434532 0.00055953030387577733 0.0027374345534493818 -0.0020723206172451551 0.0037028557101914245 0.010443402017299918 -0.0085183219077710568 -0.0090866963084956232 -0.003050013301260486 -0.0038688839155009676 0.001415247082396821 0.01246655043282127 0.0010226839362181789 -0.0133523151959716 -0.012818548627562395
leaf_weight=1311.6922511085868 2912.7707737013698 167209.12507056072 1185.8969498611987 38775.913155913353 7541.6329631395638 53154.832195043564 658.43486447632313 5946.7303008139133 9428.1043566912413 95515.312185965478 10613.108277484775 4613.9454497694969 9612.0622252225876 73862.072132058442 19165.669023901224 1623.0307571142912 72971.714596353471 72270.97940980643 94041.451820902526 5087.0331185162067 4807.0361460894346 16823.116333141923 5261.9649139121175 3512.9121639877558 29059.729072898626 45134.851190552115 1837.998777654022 5468.4868239015341 3157.65445061028 12974.900189131498
leaf_count=44563 94367 484464 38481 60678 8633 92595 1577 12268 34750 171667 18419 9509 33005 133982 41152 3691 150264 125874 185152 13307 9921 39247 21723 10216 60713 87789 2565 15059 11170 45320
internal_value=1.77462e-05 0.000122253 0.000171718 0.000214317 -9.18934e-06 -0.000103818 -0.000845399 -0.00051468 -0.000641673 -0.000239531 0.00157379 -0.00426138 -0.00144971 0.00123729 -0.00246568 -0.00646836 -0.000973968 0.000547501 -0.00039533 -0.00782386 0.00117292 -0.00616082 -0.002805 0.00294954 0.00107065 -0.000654869 -0.00196178 -0.0091208 -0.00425809 -0.011624
internal_weight=875540 872627 871316 870130 831354 823812 530483 506501 500554 450523 180323 50030.8 270200 293329 40602.7 23374.1 246826 240175 167904 23982.3 77778.8 21437.1 10349 5135.94 169710 74194.6 169047 18238.2 8626.14 13633.3
internal_count=2062121 1967754 1923191 1884710 1824032 1815399 1277796 1195869 1183601 1058943 338588 124658 720355 537603 89908 73141 647214 445008 319134 81927 160185 48756 35030 13907 320169 148502 487029 59234 26229 46897
is_linear=0
shrinkage=0.03


Tree=107
num_leaves=31
num_cat=0
split_feature=87 24 97 40 39 92 87 87 92 97 92 18 97 97 87 87 92 87 92 87 87 97 87 97 83 87 87 97 92 97
split_gain=3063.52 1501.64 1231.67 1017.9 873.036 861.085 978.673 1133.12 1037.56 1653.69 982.666 777.684 702.858 652.354 1410.67 650.815 625.972 692.94 517.951 1180.9 1158.3 881.11 446.185 565.069 431.242 423.415 413.333 538.148 405.153 511.442
threshold=1.9999099969863894 2.5000000000000004 2.9998425245285039 134.50000000000003 139.50000000000003 0.88684234023094188 0.9999774992465974 0.66666367650032055 1.1538428664207461 1.1538414955139162 0.94736656546592724 39.500000000000007 2.0720701217651372 0.97058436274528515 0.83333018422126781 1.0560781955718996 0.66666167974472057 0.55555415153503429 1.4482725262641909 1.1342321634292605 1.0666649341583254 1.6249949336051943 1.2727243900299074 1.1739092469215395 1.813183665275574 1.1342321634292605 0.70588049292564403 1.4347742199897768 0.81080934405326854 1.0666649341583254
decision_type=2 2 2 10 10 2 2 2 2 2 2 2 2 2 2 2 2 2 2 2 2 2 2 2 2 2 2 2 2 2
left_child=1 -1 3 4 5 13 7 10 9 25 -7 12 18 -3 16 -11 17 -15 19 -10 -20 22 -21 -24 -23 -8 -18 -28 -16 -30
right_child=-2 2 -4 -5 -6 6 8 -9 11 15 -12 -13 -14 14 28 -17 26 -19 20 21 -22 24 23 -25 -26 -27 27 -29 29 -31
leaf_value=-0.032133355492966087 -0.031034085401677583 5.1394348117749114e-05 -0.030526770445523061 0.0045913327765780164 0.0058350629807536938 0.007247331659158072 0.0014343484658569724 0.003144074891331331 0.0040699670119843691 -0.0033328293896469833 -0.040592185141262664 0.0063399528547491641 -0.0041840235024080295 -0.00041659944304085484 -0.012165142314988912 -0.0098456330063402264 0.0048881897760208312 -0.0075355015295637999 -0.026839326446001097 0.001011370207462973 0.0033707295514117872 -0.013426215240580876 -0.0012597424538055408 -0.0099514153959589687 0.0091449342822974775 -0.0026198613001536994 0.0015994044106699187 -0.0068200425330961481 0.00099588817155868816 -0.0086085223036729205
leaf_weight=1272.4919148311019 2819.2275661937892 119979.4947488904 1150.4684235546738 46384.845465112478 22615.761496994644 622.42174643278122 73221.806179046631 126855.52927677333 40214.408040121198 31324.078978560865 976.81554125249386 22628.607680097222 25469.512556511909 28053.779425635934 13422.614714220166 24721.965000316501 17676.085063591599 21905.503059193492 1138.8181558400393 39791.864494174719 80800.232473887503 7826.3249840587378 24099.302028149366 9325.2079362720251 829.82937850058079 33902.511811096221 24234.769125208259 9492.2425457462668 7250.6177671700716 15957.255782157183
leaf_count=44514 94034 245100 38356 74964 35975 1554 123187 266634 76008 87220 6656 38705 87203 74965 39909 75437 43495 60237 4173 71698 162820 27307 44868 23263 2376 70297 48329 32668 13088 46721
internal_value=7.77958e-05 0.000178959 0.000226855 0.000268189 2.48234e-05 -0.000139219 0.000537986 0.00282623 -0.000169893 -0.00203372 -0.0221135 0.00103641 0.000512962 -0.00156655 -0.00297309 -0.00620812 -0.00114906 -0.00353977 0.00109966 -0.000138729 0.00294441 -0.00220646 -0.00113492 -0.00368916 -0.0112463 0.00015103 0.00117498 -0.00077283 -0.00801711 -0.00560963
internal_weight=875964 873145 871873 870722 824337 801722 543749 128455 415294 163170 1599.24 252124 229496 257972 137993 56046 101362 49959.3 204026 122087 81939.1 81872.5 73216.4 33424.5 8656.15 107124 51403.1 33727 36630.5 23207.9
internal_count=2061761 1967727 1923213 1884857 1809893 1773918 1169406 274844 894562 356141 8210 538421 499716 604512 359412 162657 259694 135202 412513 245520 166993 169512 139829 68131 29683 193484 124492 80997 99718 59809
is_linear=0
shrinkage=0.03


Tree=108
num_leaves=31
num_cat=0
split_feature=87 18 97 77 92 97 87 18 40 24 18 24 91 40 92 87 92 39 63 38 30 90 92 87 97 87 17 78 66 92
split_gain=2959.68 1451.44 1192.86 849.416 632.031 628.967 1292.82 619.275 528.813 497.891 696.024 766.591 502.261 447.575 560.734 555.62 704.852 447.106 473.969 491.629 475.388 432.398 399.336 679.2 812.467 398.463 390.114 325.68 316.31 307.693
threshold=1.9999099969863894 1.5000000000000002 2.9998425245285039 0.85714071989059459 1.0588193535804751 1.0833311080932619 0.99999827146530162 46.500000000000007 165.50000000000003 4.5000000000000009 3.5000000000000004 3.5000000000000004 0.91586637496948253 120.50000000000001 0.93387818336486828 0.85713735222816478 0.83027687668800365 47.500000000000007 0.31045190989971166 150.50000000000003 18.500000000000004 -0.70267128944396962 1.4482725262641909 1.0084735453128817 1.5483803749084475 0.92856994271278392 37.65379714965821 0.61224293708801281 18.196090698242191 0.49999436736106878
decision_type=2 2 2 2 2 2 2 2 10 2 2 2 2 10 2 2 2 10 2 10 2 2 2 2 2 2 2 2 2 2
left_child=1 -1 3 8 5 29 13 9 17 10 11 -6 -11 14 15 16 -7 18 19 27 -20 -19 23 -14 -25 -16 -17 -3 -8 -5
right_child=-2 2 -4 4 7 6 28 -9 -10 12 -12 -13 22 -15 25 26 -18 21 20 -21 -22 -23 -24 24 -26 -27 -28 -29 -30 -31
leaf_value=-0.030862201386067087 -0.030990175766389308 -0.0038942709487479561 -0.030481002012290113 -0.0028146888820226091 -0.035322306733442298 -0.0027476643793805438 -0.0038589838983650615 0.0072186945294521205 0.0053045395856849541 0.0031493229126579878 -0.04448096713805328 0.011726837956107818 0.0053444565085871594 0.0090526965707518822 0.0059348928710869766 -0.0030423432893288949 0.0062918443371784358 0.010880911992559266 -0.0060400861194314171 0.011687228178108675 0.00024805858683547377 0.00036903958721135917 0.0029100591189118374 -0.00070830284387358262 -0.010048463177198135 -0.00072008150669287702 -0.011927950762277133 -0.000510241887091572 -0.012188020349097476 0.001713408779550704
leaf_weight=1340.4968864899129 2744.4903346300125 109228.44366178848 1122.8371765650809 15036.51681573689 432.46190584823489 33220.853985235095 6485.550234541297 19211.239182002842 11788.739488005638 114569.9283554554 469.94482700526714 982.4692901968956 13154.888844780624 4323.1986147612333 15171.495550546795 10299.315253786743 10109.169943057001 3682.830897230655 11962.635222587734 2033.0334491617978 111551.62224975973 72078.944473870099 37065.281276740134 55322.397645846009 9859.3349896892905 17331.169216558337 7831.5733590424061 33435.890583559871 11273.266363844275 131280.76974097639
leaf_count=46679 94272 291630 38549 31818 5440 89433 17972 32949 17261 227599 2677 2426 25232 6673 33098 28399 22589 6691 38802 3380 230918 154627 74242 98990 32574 42524 23613 74235 33848 232680
internal_value=1.76987e-06 0.00010006 0.000148457 0.000188725 0.000969371 -6.03058e-05 -0.00170951 0.00204529 -0.000937882 0.00161604 -0.0136594 -0.00294523 0.00174242 -0.000362827 -0.000797863 -0.00248291 -0.00063676 -0.00115212 -0.00172694 -0.00289198 -0.000361842 0.000882766 0.000345356 -0.000868576 -0.00212374 0.00238805 -0.00688936 -0.00310135 -0.009154 0.00124775
internal_weight=874401 871656 870316 869193 513431 262363 116046 251068 355762 231857 1884.88 1414.93 229972 98286.8 93963.6 61460.9 43330 343973 268212 144697 123514 75761.8 115402 78336.6 65181.7 32502.7 18130.9 142664 17758.8 146317
internal_count=2061820 1967548 1920869 1882320 1064776 562647 298149 502129 817544 469180 10543 7866 458637 246329 239656 164034 112022 800283 638965 369245 269720 161318 231038 156796 131564 75622 52012 365865 51820 264498
is_linear=0
shrinkage=0.03


Tree=109
num_leaves=31
num_cat=0
split_feature=87 24 39 90 40 38 92 40 87 92 96 24 87 100 100 87 92 87 87 92 12 24 30 66 92 87 72 40 34 92
split_gain=2880.32 1429.08 885.098 892.633 791.577 796.353 739.07 812.507 798.484 1061.53 541.824 460.71 434.398 414.923 382.232 357.501 416.949 1095.53 591.62 534.368 380.981 363.965 383.886 332.865 323.198 410.54 363.724 323.031 449.297 332.663
threshold=1.9999099969863894 2.5000000000000004 139.50000000000003 -0.70267128944396962 127.50000000000001 174.50000000000003 1.0434752106666567 86.500000000000014 1.1087425947189333 1.4482725262641909 1.4905141592025759 9.5000000000000018 1.5999855995178225 -1.4123401641845701 -0.35474815964698786 0.99999827146530162 0.88684234023094188 0.66666367650032055 0.86956349015235912 0.94736656546592724 1.5000000000000002 26.500000000000004 43.500000000000007 21.739890098571781 1.2499972581863406 1.0312786102294924 0.66666537523269664 45.500000000000007 23.500000000000004 0.74999296665191661
decision_type=2 2 10 2 10 10 2 8 2 2 2 2 2 2 2 2 2 2 2 2 2 2 2 2 2 2 2 10 2 2
left_child=1 -1 3 27 5 6 12 8 11 10 -10 -8 13 -5 -11 16 21 19 -19 -18 -20 -15 -23 -4 25 -13 -26 28 -3 -30
right_child=-2 2 23 4 -6 -7 7 -9 9 14 -12 24 -14 15 -16 -17 17 18 20 -21 -22 22 -24 -25 26 -27 -28 -29 29 -31
leaf_value=-0.032090761145785608 -0.030951178385210262 -0.00020691534367128678 0.0075592195716508194 0.0014566965152526994 0.0035177952596978971 0.017189136989502918 -0.0088772297729751183 -0.0030541088422088572 -0.00062868724643045911 0.0048501748839955283 -0.0050996748680466313 0.0047019906533144725 -0.021865778053634089 -0.0012589043478240839 0.00046581142974457906 -0.0041680414499877302 4.4084872414906498e-05 0.0055134935103619883 0.011118667953532927 -0.039163481083765002 -0.0012156524017887403 -0.010707835002283993 -0.0033313789533819245 -9.5779471694869964e-05 -0.0017514970259304701 0.00035682801705669038 0.0092737588378368607 0.0050194125029040595 -0.0025873991806971155 0.0049721386929908072
leaf_weight=1217.4461489897221 2672.4484024774283 59394.197003126144 19610.369653346017 34105.743056431413 43218.82888514176 2219.5590399950743 2792.6502464134246 55493.962402066216 73669.5047609061 34562.43834348768 36456.767661213875 40907.085277333856 942.07318172603846 99693.58914517425 37099.050880456343 57160.362496256828 471.25411866605282 18074.968695197254 2330.3288971930742 910.51451336592436 54896.035057745874 7152.6754017937928 55805.987777762115 6911.9246606603265 3327.6049839928746 37508.455583430827 13974.750425597653 29860.107744345441 6133.1290858890861 35485.903368791565
leaf_count=44544 94355 133823 28660 62490 73434 2769 10625 155328 143380 60838 84163 81509 11862 256521 104107 131096 1580 39434 6806 7258 124478 23686 124914 13437 8571 75921 27273 54820 12404 61819
internal_value=3.00343e-05 0.000125758 0.000171569 1.86225e-06 -0.000416299 -0.000670336 -0.00073025 0.000261784 0.000918442 -0.000260308 -0.00210944 0.00309327 -0.00173495 -0.00167627 0.00258116 -0.00203673 -0.0015274 0.000296203 0.000785172 -0.0259818 -0.000709674 -0.00238708 -0.00417255 0.0055657 0.00344431 0.00262419 0.0071538 0.002279 0.00146809 0.00385743
internal_weight=874060 871387 870170 843648 712774 669555 667336 335792 280298 181788 110126 98510.5 331544 330601 71661.5 296496 239335 76683.1 75301.3 1381.77 57226.4 162652 62958.7 26522.3 95717.9 78415.5 17302.4 130873 101013 41619
internal_count=2061905 1967550 1923006 1880909 1618043 1544609 1541840 751715 596387 392488 227543 203899 790125 778263 164945 715773 584677 179556 170718 8838 131284 405121 148600 42097 193274 157430 35844 262866 208046 74223
is_linear=0
shrinkage=0.03


Tree=110
num_leaves=31
num_cat=0
split_feature=87 24 40 40 92 87 24 79 24 30 92 87 92 99 63 30 18 33 51 37 38 87 92 87 87 100 39 91 40 87
split_gain=2784.8 1377.41 819.362 837.337 819.378 863.863 889.287 673.188 589.415 677.803 501.635 582.609 456.147 544.151 438.048 404.1 366.881 332.543 583.524 348.744 370.763 323.125 313.485 366.79 283.954 281.608 275.866 273.397 268.249 265.161
threshold=1.9999099969863894 2.5000000000000004 134.50000000000003 78.500000000000014 0.85713458061218273 0.88888442516326915 7.5000000000000009 -3.1005657911300655 25.500000000000004 41.500000000000007 0.98017880320549022 0.9999774992465974 1.3043456673622134 -0.9046882390975951 0.31045190989971166 33.500000000000007 31.500000000000004 14.500000000000002 8.184793949127199 112.50000000000001 47.500000000000007 1.3684178590774538 1.7430564165115359 1.4999831318855288 1.1342321634292605 -0.9830564260482787 65.500000000000014 0.52546134591102611 201.50000000000003 0.99999123811721813
decision_type=2 2 10 8 2 2 2 2 2 2 2 2 2 2 2 2 2 2 2 8 10 2 2 2 2 2 10 2 10 2
left_child=1 -1 3 4 8 6 -6 14 15 -10 -9 -12 13 21 -7 29 -14 19 26 20 -5 -13 28 -24 -18 -20 -19 -11 -4 -3
right_child=-2 2 22 17 5 7 -8 10 9 27 11 12 16 -15 -16 -17 24 18 25 -21 -22 -23 23 -25 -26 -27 -28 -29 -30 -31
leaf_value=-0.031954755326245976 -0.030906575330817594 -0.00046700051123095283 0.0035524679199299262 -0.0047636827630049144 -0.021959466593638868 -0.0032196546317959348 0.0055984989809516987 -0.0012944878241350521 -0.011362975169919578 -0.00091152495431087027 0.0056763169073176124 0.0025617648369964932 0.0022131831582182506 -0.0016128886933895214 0.00043107852364114433 0.003243007981582348 0.014764390253558283 0.003985927267944795 0.00093955875704018331 0.013488894801114079 -0.0003622940165966451 -0.0059454485728568174 -0.017202399038239825 0.002735267171244908 0.0049335063019796789 -0.0047080647613967413 -0.0019931622039194657 -0.0044219560717339099 0.009462506948923359 -0.0082883181423856148
leaf_weight=1184.3026617933065 2593.6153867337853 48938.569337619469 33650.936858866364 60476.422309765592 1059.9120175298303 56349.660024980083 44833.642049761489 54167.705760195851 7919.9733529966325 54400.650502331555 31874.458401026204 70430.87919332087 79198.99897694774 69364.351239189506 62234.118911102414 30435.65520747751 3588.7989606074989 24703.115211723372 11188.026730298996 1081.045519772917 24086.657845400274 4242.6573880016804 1279.4962819628417 2288.4323754496872 10040.072850834578 27353.1079828199 9643.7776452191174 31538.327072389424 8697.9389809295535 4219.3690998144448
leaf_count=44683 94280 126936 57688 191296 5330 124994 94472 116558 25853 113414 61714 125207 177988 157950 129819 56848 5883 51288 20028 2908 64256 9081 3231 3752 17811 64105 20262 70408 10201 12684
internal_value=1.39461e-05 0.000106783 0.000151198 -6.63488e-05 0.000400834 0.00103632 0.00495276 0.000628995 -0.00134449 -0.00297593 0.00133888 0.00186973 0.00135705 0.00030006 -0.00130396 0.000487564 0.00299672 -0.00202538 -0.000535753 -0.00329272 -0.00351039 0.00207696 0.00405053 -0.00447062 0.00754005 -0.00306899 0.00230696 -0.00220053 0.00477021 -0.0010907
internal_weight=873065 870471 869287 823370 664838 487385 45893.6 441492 177453 93859 322908 268740 236866 144038 118584 83593.6 92827.9 158532 72888 85644.1 84563.1 74673.5 45916.8 3567.93 13628.9 38541.1 34346.9 85939 42348.9 53157.9
internal_count=2060928 1966648 1921965 1847093 1432950 1026807 99802 927005 406143 209675 672192 555634 493920 292238 254813 196468 201682 414143 155683 258460 255552 134288 74872 6983 23694 84133 71550 183822 67889 139620
is_linear=0
shrinkage=0.03


Tree=111
num_leaves=31
num_cat=0
split_feature=87 24 40 40 92 87 30 78 24 30 30 24 14 92 87 92 87 98 56 38 33 91 91 98 37 33 66 32 24 63
split_gain=2708.25 1332.78 808.392 844.509 664.327 688.478 1039.22 699.62 574.716 588.293 508.504 698.962 383.089 382.971 551.276 569.24 510.88 429.903 357.228 348.593 385.237 385.806 338.58 338.094 332.917 368.845 329.938 322.849 292.209 284.347
threshold=1.9999099969863894 2.5000000000000004 120.50000000000001 71.500000000000014 0.74999296665191661 0.79999887943267833 14.500000000000002 0.88850149512290966 26.500000000000004 43.500000000000007 104.50000000000001 60.500000000000007 2.5000000000000004 0.96428340673446666 0.99999713897705089 1.3043456673622134 1.1342321634292605 1.4999967217445376 12.246406078338625 134.50000000000003 22.500000000000004 0.71827045083045971 0.56200000643730175 2.5714197158813481 128.50000000000003 1.0000000180025095e-35 14.834712505340578 191.50000000000003 46.500000000000007 0.21932654082775119
decision_type=2 2 10 8 2 2 2 2 2 2 2 2 2 2 2 2 2 2 2 10 2 2 2 2 8 2 2 2 2 2
left_child=1 -1 3 4 8 6 -6 12 -3 -10 11 18 -7 17 -15 16 -16 -14 -9 20 24 -22 28 -17 25 -5 -13 -28 -11 -4
right_child=-2 2 29 19 5 7 -8 10 9 22 -12 26 13 14 15 23 -18 -19 -20 -21 21 -23 -24 -25 -26 -27 27 -29 -30 -31
leaf_value=-0.031954651481369729 -0.03087001912424928 0.00013607042239973503 0.0013658508651508651 -0.010269467785746739 -0.015317121512293847 0.0048863257700892402 0.0060009067495467704 0.0029878707119294803 -0.013911049023495574 0.00028583550089693766 0.0041371334767508726 0.0035649965305218807 -0.0019829003542593737 0.0030765532249214375 -0.00079975537181768729 0.0019140075004373635 -0.0056073794047434488 -0.0097071244343665541 0.00027990495497290504 0.0077080548181828233 0.0019854031387294226 -0.0030939942968623364 -0.0074569671337278908 -0.0066736046840166043 0.013617426913651708 -0.0030030362256364949 0.0031760919477918539 -0.014608361714809703 -0.0065763998980940515 0.0055061713189177592
leaf_weight=1145.0481000207365 2526.9059680420905 62323.65286686644 28737.407869912684 6713.6054673157632 2167.2876668367535 10934.155565313995 35097.248856225982 69412.283168703318 5055.7786502260715 22618.570112064481 56862.347262613475 1733.0762570500374 49863.454865068197 37253.013575742021 53712.643043518066 54117.704351402819 31581.909096717834 7437.8660572245717 118974.57201375999 3219.9296797234565 31247.499370213598 23608.428605897352 11514.431607186794 4446.9624690301716 1016.0097735263407 95826.026373613626 1124.4061934873462 4850.4352928772569 7395.12705694139 31087.475902188569
leaf_count=44487 94501 147730 52649 30540 10451 26788 73421 145649 16569 45285 88952 5354 103680 79315 112785 108805 69863 25454 248503 6042 62818 50889 26646 21434 2749 271048 3657 19429 16985 49570
internal_value=2.05273e-05 0.000110844 0.000153784 -9.47708e-05 0.000388821 0.000820219 0.00475351 0.000528242 -0.00174825 -0.00426821 0.00163978 0.000915266 -0.000599428 -0.000851405 -0.000174984 -0.0010173 -0.00258077 -0.00298856 0.00127788 -0.00203478 -0.00223377 -0.000200956 -0.00308812 0.00125987 -0.00331035 -0.0034807 -0.0079277 -0.0112621 -0.00140822 0.00351845
internal_weight=873605 871078 869933 810108 648477 539569 37264.5 502305 108908 46583.9 252957 196095 249348 238414 181112 143859 85294.6 57301.3 188387 161631 158412 54855.9 41528.1 58564.7 103556 102540 7707.92 5974.84 30013.7 59824.9
internal_count=2062048 1967547 1923060 1820841 1396755 1143540 83872 1059668 253215 105485 511544 422592 548124 521336 392202 312887 182648 129134 394152 424086 418044 113707 88916 130239 304337 301588 28440 23086 62270 102219
is_linear=0
shrinkage=0.03


Tree=112
num_leaves=31
num_cat=0
split_feature=87 18 40 39 100 90 92 87 87 24 18 24 18 92 87 24 24 92 63 38 92 87 75 40 92 61 78 87 92 98
split_gain=2615.38 1329.61 757.238 703.489 761.958 621.202 654.789 939.654 702.429 619.059 671.514 1016.67 539.594 520.343 1522.75 485.886 402.984 381.689 420.283 369.388 343.342 440.746 330.927 322.194 308.938 308.279 290.616 302.21 435.423 288.489
threshold=1.9999099969863894 1.5000000000000002 120.50000000000001 151.50000000000003 -0.91950619220733631 -0.70267128944396962 1.1538428664207461 0.85713735222816478 1.0434762239456179 4.5000000000000009 3.5000000000000004 3.5000000000000004 41.500000000000007 0.98017880320549022 0.66666367650032055 40.500000000000007 4.5000000000000009 1.0588193535804751 0.45018158853054052 174.50000000000003 0.59999188780784618 0.70588049292564403 -0.23722898960113523 201.50000000000003 1.4482725262641909 15.114973545074465 1.714278042316437 1.2727243900299074 1.4999971985816958 0.72727155685424816
decision_type=2 2 10 10 2 2 2 2 2 2 2 2 2 2 2 2 2 2 2 10 2 2 2 10 2 2 2 2 2 2
left_child=1 -1 3 4 17 -6 8 -8 13 10 11 -9 26 15 -15 19 24 18 -3 20 -7 -22 -10 -18 -4 -14 -11 -28 -29 -19
right_child=-2 2 16 -5 5 6 7 9 22 12 -12 -13 25 14 -16 -17 23 29 -20 -21 21 -23 -24 -25 -26 -27 27 28 -30 -31
leaf_value=-0.030771226387292721 -0.0308276295484082 -0.00075611630441872019 -0.00062009166576999601 0.0059391747990053465 0.001532129121312143 -0.0037630346657759241 -0.03117636988342028 -0.03200902332397898 -0.0082679304533837365 -0.00061077774853765196 -0.037610401221428301 0.0099859552801562761 0.014178819116030361 -0.038610618026883169 0.0014581948430223593 -0.005439406048740692 0.0029433829660828175 -0.00034641791253404753 0.0025819679613425022 0.018008591870980879 0.0033972661285623282 -0.0017204504806597573 -0.0035119554557779186 0.0091117846038344958 -0.022313877839891395 0.0035631545973793281 0.0049557651748676143 -0.0059603175112843288 0.003340363603390586 0.0039942734529523558
leaf_weight=1234.1813627891243 2448.5501867700368 101152.94784266502 1708.6617251597345 16970.892636118457 85544.405592169613 41700.244468135759 842.13138743489981 784.62579414062202 19396.252626121044 143925.24111929908 744.05453706160188 1442.9250750094652 3373.6375218182802 845.46820139139891 62311.318369401619 34828.579628668725 48207.080943349749 18058.84662412852 51067.641834370792 854.44602208212018 20398.879271840677 58623.286752849817 41109.654769331217 9042.7880113720894 884.01525378599763 9047.5397938657552 19409.672589167953 7524.8378754556179 11318.559673670679 58099.95341264084
leaf_count=46682 94189 194453 3513 25469 188319 113874 5426 14521 47591 346194 7303 4476 5417 7052 144503 89053 84157 31952 91719 970 54988 146686 100302 10579 3559 17040 42267 17635 28032 94012
internal_value=8.02345e-06 9.54693e-05 0.000140003 -0.000100802 -0.000230307 -0.000822261 -0.00124323 7.52966e-05 -0.00217728 0.000211647 -0.0133316 -0.00495943 0.000419806 -0.00138833 0.000909748 -0.00231629 0.00339586 0.00123158 0.000363951 -0.00142086 -0.00156133 -0.000398831 -0.0050388 0.00392054 -0.00813113 0.00646457 7.00131e-06 0.00233047 -0.00037611 0.00296518
internal_weight=872901 870453 869219 809376 792405 564026 478481 198413 280068 197571 2971.61 2227.55 194599 219562 63156.8 156405 59842.5 228379 152221 121577 120722 79022.2 60505.9 57249.9 2592.68 12421.2 182178 38253.1 18843.4 76158.8
internal_count=2061933 1967744 1921062 1819254 1793785 1381649 1193330 488311 705019 482885 26300 18997 456585 557126 151555 405571 101808 412136 286172 316518 315548 201674 147893 94736 7072 22457 434128 87934 45667 125964
is_linear=0
shrinkage=0.03


Tree=113
num_leaves=31
num_cat=0
split_feature=87 18 97 97 69 68 40 61 51 38 92 71 43 97 87 66 33 92 40 18 87 40 92 26 32 30 63 15 39 98
split_gain=2530.25 1287.12 1145.49 801.644 687.087 537.708 679.835 607.924 541.499 474.115 477.252 424.566 374.147 324.468 605.343 321.96 431.491 314.542 309.517 301.118 297.435 282.205 278.631 314.035 269.486 266.656 266.496 260.531 257.188 254.343
threshold=1.9999099969863894 1.5000000000000002 2.9998425245285039 1.8888836503028872 0.17166539281606677 0.12283513322472574 inf 16.712386131286625 13.799578666687013 134.50000000000003 0.9999932348728181 1.6802091002464297 0.37499995529651647 1.1538414955139162 0.99999123811721813 21.739890098571781 6.5000000000000009 1.3999965190887453 114.50000000000001 17.500000000000004 0.99999827146530162 17.500000000000004 0.9999774992465974 18.500000000000004 90.500000000000014 117.50000000000001 0.49949887394905096 13.500000000000002 189.50000000000003 1.5428553223609927
decision_type=2 2 2 2 2 2 8 2 2 10 2 2 2 2 2 2 2 2 10 2 2 8 2 2 2 2 2 2 10 2
left_child=1 -1 3 4 9 7 8 28 19 10 13 25 -13 -3 18 16 22 20 -15 24 -17 -18 -5 -24 26 27 -7 -10 -6 -23
right_child=-2 2 -4 15 5 6 -8 -9 11 -11 -12 12 -14 14 -16 17 21 -19 -20 -21 -22 29 23 -25 -26 -27 -28 -29 -30 -31
leaf_value=-0.030720991051772822 -0.030783222646838419 -0.0013907793478365432 -0.030428426265864925 0.0010133619268823133 0.00066649099269999658 0.0015278555845608963 -0.0032945122637234947 -0.0029141308295561326 0.000631111447128423 0.0062008682927913918 0.00020277697334434612 0.0063578595144043503 0.00137774297367377 -0.0042830351286378314 -0.016621164858124059 -0.005300528246814545 -0.0021826300476463292 -0.0014023682089776485 0.0074884031073698988 0.0046458570377440177 -0.013935473626728565 0.018294917256890801 -0.011568653998867825 -0.0025383918592422816 -0.0012458725641866072 0.0030884778587911546 0.0056448137707128462 -0.0021724366944961232 0.0088105675445675959 0.0029471754436128797
leaf_weight=1199.3005822720006 2377.2058250010014 79175.759733498096 1083.0592831000686 5606.7048355825245 97193.848033744842 41496.87349184975 23647.543694645166 57125.140237897635 77458.133220616728 8220.2826622240245 120963.90597633645 20555.323631115258 39963.083353538066 32271.039713867009 3498.4807119145989 12346.320034187287 11809.319188196212 11316.723956201226 2125.8677687197924 75715.159145623446 5071.5040721073747 1028.8915865235031 6699.8741385191679 7187.6369108129293 17804.547611266375 22610.470058359206 21471.427562449127 48492.198399722576 3600.1143460348248 13463.832777148113
leaf_count=46646 94374 163805 38570 21770 212081 84625 60217 122866 154142 13802 246774 34926 76270 94301 13066 43563 36337 33694 3701 133095 20487 2646 33990 23219 33598 35312 40792 100297 4247 39255
internal_value=-4.33867e-06 8.04482e-05 0.000123663 0.000162489 0.000441958 0.00103423 0.00163327 -0.000442202 0.00195219 -0.00087394 -0.00111876 0.000953149 0.0030708 -0.00248404 -0.00476629 -0.00281181 -0.00124899 -0.00529999 -0.00355158 0.0032867 -0.00782784 0.00125787 -0.00462913 -0.00690531 0.00201181 9.01958e-05 0.00293304 -0.000448458 0.000959068 0.00406048
internal_weight=872580 870202 869003 867920 793389 547134 389215 157919 365567 246255 238035 209079 60518.4 117071 37895.4 74530.8 45796.3 28734.5 34396.9 156488 17417.8 26302 19494.2 13887.5 80772.8 148561 62968.3 125950 100794 14492.7
internal_count=2062468 1968094 1921448 1882878 1627917 1092468 753274 339194 693057 535449 521647 400947 111196 274873 111068 254961 157217 97744 98002 292110 64050 78238 78979 57209 159015 289751 125417 254439 216328 41901
is_linear=0
shrinkage=0.03


Tree=114
num_leaves=31
num_cat=0
split_feature=87 24 18 97 24 92 87 97 87 87 97 92 87 97 87 92 21 65 66 97 87 92 97 92 97 51 87 18 61 18
split_gain=2445.88 1254.27 1388.76 1103.22 1098.56 654.927 736.692 1460.87 718.424 766.945 539.5 517.857 760.286 676.365 527.523 498.261 483.164 460.233 446.617 445.648 445.553 1033.62 1020.47 419.642 504.271 419.453 405.428 404.486 390.606 389.337
threshold=1.9999099969863894 3.5000000000000004 2.5000000000000004 2.9998425245285039 2.5000000000000004 1.071426570415497 1.0084735453128817 1.0999972224235537 0.79999887943267833 0.9999774992465974 1.5483803749084475 0.88684234023094188 0.90097919106483471 1.6249949336051943 0.66666367650032055 1.3043456673622134 4.5000000000000009 0.024540800601243976 11.923834323883058 2.0720701217651372 0.70588049292564403 0.59999188780784618 1.3499949574470522 0.72497111558914196 0.84615090489387523 13.799578666687013 1.0434762239456179 35.500000000000007 11.428414821624758 43.500000000000007
decision_type=2 2 2 2 2 2 2 2 2 2 2 2 2 2 2 2 2 2 2 2 2 2 2 2 2 2 2 2 2 2
left_child=1 2 4 5 -1 6 11 -8 16 19 29 20 14 25 -13 18 -7 -15 -12 -10 21 -3 23 24 -22 -14 -20 -17 -24 -11
right_child=-2 3 -4 -5 -6 8 7 -9 9 10 15 12 13 17 -16 27 -18 -19 26 -21 22 -23 28 -25 -26 -27 -28 -29 -30 -31
leaf_value=-0.031860466466343655 -0.03075528507332137 -0.0014847929815948572 -0.039975428883040419 -0.030381625676798221 0.0026422736905973385 -0.036395156464912377 -0.00074561111286165728 -0.0093688050453330039 0.0078972866217520178 0.0011316084314115067 0.0011213937118374662 -0.016382496003204527 0.0029845487152158267 0.0055289679393911882 0.0051443902577581668 -0.00051245438289801925 -0.0033469220142462544 -0.012080232911665876 -0.001113329072440568 -0.002050879989487085 -0.00035396555628628595 0.0043916916233091774 -0.0021611174698294368 0.00044474409400237561 -0.0067657609631932708 -0.0012903998439253413 -0.010708268915069218 0.0082071573928971641 -0.010730675831034337 0.005356730233471857
leaf_weight=1074.0248351907358 2314.7212420292199 78064.4065438658 1373.2185773067176 1048.2836547158659 3437.7145906090736 736.11452066153288 66546.479379616678 24061.395640522242 21804.325806207955 230974.96819057316 8000.4439188018441 1029.8757261112332 38447.449660979211 1675.9337243810296 44064.360122174025 59019.55175242573 850.46101158857346 6372.6679812148213 6032.7920337617397 4968.0956405475736 24918.428563646972 41106.927897952497 7134.2107309252024 78568.901475474238 19803.64542850852 44597.305831827223 11562.832223214209 5190.5468254759908 14604.560621768236 21434.425710462034
leaf_count=44588 94311 182522 12414 38410 14040 2982 130618 72453 36906 417990 25037 3443 71352 5830 89933 161878 2188 29592 18804 15004 50476 92129 23261 152507 47146 87649 43021 10593 52448 32441
internal_value=-9.06221e-05 -8.18892e-06 -0.0137875 8.61335e-05 -0.00567551 0.000123908 -0.000594656 -0.00303711 0.00107596 0.00116305 0.00078032 -4.18051e-05 0.00146081 -0.000116496 0.00464571 -0.00121644 -0.0189423 -0.00840891 -0.00475392 0.00605108 -0.000816409 0.000542637 -0.00193306 -0.000875814 -0.00319497 0.000689026 -0.00742357 0.000194748 -0.0079229 0.0014908
internal_weight=870819 868504 5884.96 862619 4511.74 861571 490997 90607.9 370575 368988 342216 400389 136188 91093.4 45094.2 89806.2 1586.58 8048.6 25596.1 26772.4 264201 119171 145030 123291 44722.1 83044.8 17595.6 64210.1 21738.8 252409
internal_count=2061966 1967655 71042 1896613 58628 1858203 1091359 203071 766844 761674 709764 888288 287799 194423 93376 259333 5170 35422 86862 51910 600489 274651 325838 250129 97622 159001 61825 172471 75709 450431
is_linear=0
shrinkage=0.03


Tree=115
num_leaves=31
num_cat=0
split_feature=92 97 24 18 92 39 69 63 38 79 24 48 0 41 39 11 39 79 30 97 24 48 22 68 97 69 59 92 51 92
split_gain=1442.72 935.799 893.944 1575.02 969.395 750.543 750.695 682.328 628.064 557.426 504.49 494.662 439.121 541.628 414.986 362.41 356.769 353.966 342.426 317.15 416.274 310.44 308.348 289.23 261.004 259.592 286.64 258.093 333.7 256.232
threshold=2.5714037418365483 2.9998425245285039 3.5000000000000004 2.5000000000000004 1.4482725262641909 189.50000000000003 0.14963311702013019 0.31045190989971166 174.50000000000003 -3.756658554077148 13.500000000000002 0.62499997019767772 4.5000000000000009 8.1938185691833514 3.5000000000000004 49.038705825805671 47.500000000000007 -3.0201514959335323 31.500000000000004 1.1999675631523135 66.500000000000014 0.24999999254941943 1.5000000000000002 0.74999985098838817 1.4058226346969607 0.22727272659540179 0.25645187497138983 1.1999837756156924 10.573057174682619 0.72497111558914196
decision_type=2 2 2 2 2 10 2 2 10 2 2 2 2 2 8 2 10 2 2 2 2 2 2 2 2 2 2 2 2 2
left_child=1 2 3 4 -1 6 8 9 19 -8 -2 17 16 14 -14 24 29 18 -9 23 27 -15 -18 -4 -13 26 -20 28 -21 -11
right_child=10 -3 5 -5 -6 -7 7 11 -10 12 -12 15 13 21 -16 -17 22 -19 25 20 -22 -23 -24 -25 -26 -27 -28 -29 -30 -31
leaf_value=0.0041495725276628299 -0.033564860030788443 -0.030147174525024887 -0.0012454107732753925 -0.039810562323122613 -0.03232001053168173 0.0090522802022147946 -0.0030251280367447906 -0.0032718205006723681 0.012731885953592917 -0.0033797537612550083 -0.0030348093588857313 0.0036133068701241222 0.012168770765903383 0.0017236597691285924 0.0034956646547865669 -0.0019817882020323405 0.00081139062631655542 0.0037253157648712734 0.00048546505245485483 -0.002369442156517253 -0.012834626722070424 -0.0037082978577344604 0.0080957026701798194 0.0025582775192846455 -0.0025703967968984409 0.0035205023965530166 -0.011639874090808118 -0.00071894085830581037 -0.0076501947080041509 -0.00051728668901829516
leaf_weight=3434.8335736244917 1527.6908786352724 902.62104367092252 103004.55003109202 1351.0101186111569 789.88204122148454 8438.5980611313134 53687.12848008424 13847.178828420117 2771.796271532774 35537.182300783694 717.09193272516131 26010.820472490042 5931.3277246914804 28834.218606239185 30177.540483426303 43280.349064137787 71533.866825750098 111603.13981572166 10366.058893054724 38044.90811830014 3606.3110950291157 14074.410676367581 5623.273321442306 21779.360197518021 8024.8971576150507 32710.599360641092 2091.8375825360417 42013.94732814841 15020.064245775342 135056.00925977714
leaf_count=14001 75022 35738 214386 12458 26086 10361 119852 38187 3777 88590 5627 46533 9048 55483 57013 92078 152628 220662 20518 112268 13127 29644 10446 40838 23344 60134 4881 109549 44884 315394
internal_value=-1.20062e-05 5.02754e-05 8.23473e-05 -0.0118698 -0.00278919 0.000159835 7.18219e-05 0.000605323 -0.00140991 -0.000192719 -0.023925 0.00182983 0.000272796 0.00221982 0.00492628 -0.00016077 -0.000348319 0.00273179 0.000852328 -0.00158645 -0.00285714 -5.8968e-05 0.00134424 -0.000581224 0.00215467 0.00211755 -0.00156593 -0.00247607 -0.00386648 -0.00111391
internal_weight=871793 869548 868645 5575.73 4224.72 863069 854631 628390 226241 380455 2244.78 247935 326768 79017.5 36108.9 77316.1 247750 170619 59015.7 223469 98685.2 42908.6 77157.1 124784 34035.7 45168.5 12457.9 95078.9 53065 170593
internal_count=2062557 1981908 1946170 52545 40087 1893625 1883264 1344435 538829 838098 80649 506337 718246 151188 66061 161955 567058 344382 123720 535052 279828 85127 163074 255224 69877 85533 25399 266701 157152 403984
is_linear=0
shrinkage=0.03


Tree=116
num_leaves=31
num_cat=0
split_feature=87 24 97 40 40 78 97 92 87 92 97 87 92 92 87 87 92 24 92 67 92 24 24 97 97 40 24 87 97 2
split_gain=2350.87 1161.68 1042.46 791.408 739.468 640.625 560.812 651.731 597.392 629.788 1213.14 881.84 1169.22 498.708 592.761 493.265 454.013 430.51 378.232 377.224 366.5 422.123 365.878 345.365 342.732 335.842 359.968 312.194 381.472 291.774
threshold=1.9999099969863894 2.5000000000000004 2.9998425245285039 120.50000000000001 71.500000000000014 1.5918357372283938 1.7499803304672243 0.74999296665191661 0.88888442516326915 1.1371448040008547 1.1351310014724734 1.0560781955718996 1.012742340564728 1.3636317253112795 0.99999713897705089 1.1342321634292605 1.4482725262641909 26.500000000000004 0.91885957121849071 0.90015864372253429 0.88684234023094188 70.500000000000014 12.500000000000002 1.2558100223541262 2.142847061157227 16.500000000000004 24.500000000000004 0.76190313696861278 1.4347742199897768 3.5000000000000004
decision_type=2 2 2 10 8 2 2 2 2 2 2 2 2 2 2 2 2 2 2 2 2 2 2 2 2 10 2 2 2 2
left_child=1 -1 3 4 5 6 7 17 18 10 -10 12 20 14 25 -11 -17 -3 27 -16 -12 -22 -20 -19 -15 26 -8 -9 -29 -25
right_child=-2 2 -4 -5 -6 -7 13 8 9 15 11 -13 -14 24 19 16 -18 23 22 -21 21 -23 -24 29 -26 -27 -28 28 -30 -31
leaf_value=-0.031749083354740679 -0.030704421956079458 -0.00033612851588672965 -0.030298719004458637 0.003454650791553313 -0.0019408033960415377 0.0021073588356127458 0.00089390984225488934 0.0068883348476189892 0.00091989619240940939 0.0044481472221770046 -0.014256708734539603 -0.010835414392973723 0.0022995941223011127 0.0039562998443422627 -0.0012985463954365958 -0.0011511330524145514 0.0030825666185220787 -0.0034412752129186837 -0.0041981709496560814 -0.013698295610092521 -0.0029256285479613811 -0.013638737923813378 0.0097536728775461934 -0.0078030662925175813 -0.0033604770816343999 0.00034155622373788512 -0.010908254602905157 0.0018923173054336254 -0.0084232982529773345 -0.023659362110304533
leaf_weight=1012.3813021965325 2221.9699592366815 42460.227996584028 994.57004834525287 59911.259593021125 160501.33724306151 142826.6034286879 3613.302027720958 9509.793785482645 111018.66457879171 41959.864759042859 4898.7772446647286 14267.345810197294 24442.220502153039 12454.273279741406 2950.3409256562591 56962.33376249671 37979.476437918842 27013.921849995852 1951.4303284287453 8810.0622956007719 16204.993997365236 4145.7955567911267 12220.362175121903 4742.3504299372435 10687.965031847358 15362.29502511397 6493.2546788826585 27450.200976446271 3635.8581223487854 1334.6613660231233
leaf_count=44579 94588 97323 38559 102103 408237 292012 11436 17957 192936 70466 16661 41616 49070 31024 10219 108222 68219 55644 4654 37049 42077 13236 19845 14170 33894 50838 25562 51436 12609 4892
internal_value=-2.40703e-05 5.519e-05 9.30674e-05 0.000128678 -0.000118658 0.000334531 -0.000169357 0.000200976 0.000723808 0.000216262 -0.000976139 -0.00426649 -0.00237684 -0.00288107 -0.00502991 0.00174022 0.000542762 -0.00233583 0.00361294 -0.010595 -0.00690198 -0.00511932 0.00782932 -0.00489997 0.00057715 -0.00245388 -0.00669531 0.00213789 0.000681152 -0.0113517
internal_weight=870038 867816 866804 865809 805898 645396 502570 442198 366647 311879 174978 63959.1 49691.8 60371.5 37229.3 136902 94941.8 75551.2 54767.6 11760.4 25249.6 20350.8 14171.8 33090.9 23142.2 25468.9 10106.6 40595.9 31086.1 6077.01
internal_count=2061133 1966545 1921966 1883407 1781304 1373067 1081055 881033 709004 602503 355596 162660 121044 200022 135104 246907 176441 172029 106501 47268 71974 55313 24499 74706 64918 87836 36998 82002 64045 19062
is_linear=0
shrinkage=0.03


Tree=117
num_leaves=31
num_cat=0
split_feature=87 18 97 78 97 44 98 97 24 89 18 18 98 24 30 18 63 97 30 24 98 24 18 24 32 18 38 24 69 29
split_gain=2291.78 1206.47 1015.56 702.926 649.916 562.67 485.371 437.945 934.255 428.803 418.848 412.624 396.346 389.785 439.885 403.584 343.274 335.37 324.432 684.997 320.794 345.215 511.638 344.277 440.299 423.271 386.795 302.413 299.214 317.565
threshold=1.9999099969863894 1.5000000000000002 2.9998425245285039 1.5306115150451662 1.6666417121887209 0.99999925494194042 1.6666417121887209 1.1739092469215395 66.500000000000014 -0.33326512575149531 17.500000000000004 42.500000000000007 1.0869558453559878 50.500000000000007 57.500000000000007 40.500000000000007 0.53585714101791393 1.3770461678504946 89.500000000000014 52.500000000000007 1.1111089587211611 7.5000000000000009 6.5000000000000009 36.500000000000007 65.500000000000014 34.500000000000007 30.500000000000004 30.500000000000004 0.062791101634502425 87.385360717773452
decision_type=2 2 2 2 2 2 2 2 2 2 2 2 2 2 2 2 2 2 2 2 2 2 2 2 2 2 10 2 2 2
left_child=1 -1 3 4 5 6 7 11 18 -8 -5 16 -10 14 20 -15 -3 -14 19 -9 -6 22 -22 24 26 -25 -23 -12 -17 -30
right_child=-2 2 -4 10 13 -7 9 8 12 -11 27 -13 17 15 -16 28 -18 -19 -20 -21 21 23 -24 25 -26 -27 -28 -29 29 -31
leaf_value=-0.030666430250340659 -0.030669215459032579 -0.00081860278546023275 -0.030254460094145827 0.00042978400372517458 0.0068464904165890421 0.0032899527803917617 0.0056404029082731053 -0.0011382217068716127 -0.026802099123969487 -4.8275436597748285e-05 0.0063194107103170458 0.0031138954648050033 -0.0049524796830259024 -0.017882146867698925 0.0099948720250483594 -0.02638945323456876 0.001585193001353277 -0.018844283293171678 0.0031636675738432951 -0.0110140030644839 -0.0071243569163178559 -0.0043923910109889752 -0.042238466777551741 -0.010295641163518991 0.0023037225365153185 0.0025549301857737102 0.0030993480403812943 0.0022803691720852605 0.011030141238383823 -0.0058167402153465261
leaf_weight=1121.8717869287357 2156.9698026021942 217854.30770443752 964.96118356473744 107817.98493926786 3309.8100961428136 46567.851928669959 23279.130087003112 110943.42336764932 1220.8511760085821 24429.029336821288 20977.951526843011 37541.528665147722 6086.3425558283925 2766.5777767449617 2692.8940168768167 493.22517361491919 70835.934302251786 2096.2662515863776 13764.662795118988 6683.5279826745391 6016.6517978142947 33521.594199746847 379.68722496181726 8480.3933638110757 21311.211815603077 3156.6080113649368 7594.3540228009224 81456.715783670545 1228.5384277626872 5198.1261968463659
leaf_count=46711 94411 425877 38487 242458 11087 83869 47705 251243 4037 57206 38887 57849 13074 13241 5807 2606 127526 9197 23514 20517 33130 106781 1945 31475 57203 8548 22914 157297 3809 23276
internal_value=7.32515e-05 0.000150192 0.000190696 0.000225251 -0.000257628 0.000132787 -0.000152957 -0.000447432 -0.0018457 0.00272871 0.00173507 0.000156108 -0.0109703 -0.00253635 -0.00189592 -0.00823726 -0.000228714 -0.00854863 -0.00119109 -0.00170114 -0.00228045 -0.00265751 -0.0093339 -0.00207856 -0.0011944 -0.00681144 -0.00300779 0.00310861 -0.0043408 -0.00257202
internal_weight=871949 869792 868670 867705 657453 561303 514735 467027 140795 47708.2 210253 326232 9403.46 96149.7 86463.2 9686.47 288690 8182.61 131392 117627 83770.3 80460.5 6396.34 74064.2 62427.2 11637 41115.9 102435 6919.89 6426.66
internal_count=2061687 1967276 1920565 1882078 1443436 1121614 1037745 932834 321582 104911 438642 611252 26308 321822 278890 42932 553403 22271 295274 271760 273083 261996 35075 226921 186898 40023 129695 196184 29691 27085
is_linear=0
shrinkage=0.03


Tree=118
num_leaves=31
num_cat=0
split_feature=87 97 78 40 97 48 46 65 89 39 38 63 39 20 65 40 37 33 93 69 3 39 69 97 79 51 91 74 83 46
split_gain=2193.45 975.543 769.908 515.195 484.31 424.783 475.877 467 415.541 340.758 413.147 344.928 336.931 335.087 301.431 271.053 264.316 250.278 249.222 245.679 242.641 242.535 272.227 241.435 237.836 220.771 262.784 207.188 225.979 192.953
threshold=1.9999099969863894 2.9998425245285039 1.1180118322372439 201.50000000000003 1.8888836503028872 0.66666650772094738 7.8974504470825204 0.28653529286384588 -0.77071070671081532 121.50000000000001 134.50000000000003 0.39999996125698095 47.500000000000007 5.5000000000000009 0.096998207271099104 180.50000000000003 49.500000000000007 6.5000000000000009 0.56666633486747753 0.11111110076308252 3.5000000000000004 167.50000000000003 0.13333333283662799 1.4347742199897768 -3.1005657911300655 117.41150283813478 2.9999967813491826 -3.3793826103210445 0.38960959017276769 14.453194618225099
decision_type=2 2 2 10 2 2 2 2 2 10 10 2 10 2 2 10 8 2 2 2 2 10 2 2 2 2 2 2 2 2
left_child=1 2 3 4 8 7 -7 15 12 10 11 16 14 -13 20 21 17 -10 -6 23 -1 22 -4 -15 25 26 -19 -16 -29 -24
right_child=-2 -3 5 -5 18 6 -8 -9 9 -11 -12 13 -14 19 27 -17 -18 24 -20 -21 -22 -23 29 -25 -26 -27 -28 28 -30 -31
leaf_value=-0.0032759575379209464 -0.030631287484053013 -0.030214855090383377 -0.00083994998792010411 0.0080223292567162229 0.0013609880725299977 0.0067284725024320848 -0.0024638846060291821 0.0053515243653827274 -0.0045044197728752317 0.0024233503183648058 0.0087320178789699072 0.0065200988694705158 0.0041373708857873181 -0.0018418374531501776 -0.0030634512942781149 0.0083189718672952752 0.0048196253230245447 -0.0036338338398625839 -0.0045728413673744774 0.00047838059816270815 0.004897277778330265 0.0078904797820437307 0.0021612911618996847 -0.010532273824909953 -0.0010164106494183617 0.0022345758096097863 -0.014138401474273329 -0.001024313737017964 0.0021770191455377048 -3.1402240871032825e-05
leaf_weight=28589.924653470516 2087.3784146150574 939.86737145856023 56462.558501493186 6088.1706620790064 7566.4227934619412 5729.708359695971 42795.511726931669 27822.760009949096 38584.021486965939 23022.863567061722 3585.0605516573414 6664.1833542818204 22775.216961171478 17549.312077688053 10535.375398490578 4768.7885323604569 4740.8205633824691 44675.812781374902 40011.803563541733 62901.51615920011 3672.8293801173568 4636.9194314824417 129199.78500592615 3424.5925067355856 109027.56863697991 5445.7258942415938 2234.6918463548645 26756.173034466803 76695.645286865532 50131.332466278225
leaf_count=62698 94108 38539 137234 7767 32012 10586 93403 50497 121032 43416 7846 16417 45024 35107 22077 6247 17062 96312 146390 124985 6636 6282 270247 11090 234192 10937 5695 57364 146656 102842
internal_value=-6.19249e-05 1.23754e-05 4.58743e-05 -0.000641445 -0.000739698 0.00120983 -0.00137615 0.00166952 -0.000459518 -0.00109203 -0.00136301 -0.00148617 0.000744893 5.56844e-05 0.000216095 0.00125132 -0.00216805 -0.00233418 -0.003629 -0.000459367 -0.00234305 0.00111045 0.000976467 -0.00326948 -0.00181482 -0.00347641 -0.00414006 0.000940716 0.00134901 0.0015484
internal_weight=869122 867035 866095 544548 538460 321547 48525.2 273022 490881 321856 298833 295248 169025 90539.6 146250 245199 204709 199968 47578.2 83875.4 32262.8 240431 235794 20973.9 161384 52356.2 46910.5 113987 103452 179331
internal_count=2060700 1966592 1928053 1250715 1242948 677338 103989 573349 1064546 724091 680675 672829 340455 187599 295431 522852 485230 468168 178402 171182 69334 516605 510323 46197 347136 112944 102007 226097 204020 373089
is_linear=0
shrinkage=0.03


Tree=119
num_leaves=31
num_cat=0
split_feature=87 18 97 40 97 98 69 68 86 92 51 34 61 38 78 68 87 24 97 18 66 26 92 87 97 77 24 97 18 97
split_gain=2134.68 1156.64 950.509 663.215 635.358 571.467 564.341 548.953 437.46 432.527 534.446 396.01 392.885 373.751 372.002 404.503 363.107 502.577 360.41 346.523 297.494 559.892 333.459 423.457 316.367 274.491 269.769 257.382 254.616 397.423
threshold=1.9999099969863894 1.5000000000000002 2.9998425245285039 201.50000000000003 1.8888836503028872 1.9636315703392031 0.35776492953300482 0.12283513322472574 0.57578247785568248 0.72497111558914196 14.787027835845949 7.5000000000000009 11.963721275329592 45.500000000000007 1.1960126757621767 0.16666664928197863 0.79999887943267833 5.5000000000000009 1.5483803749084475 17.500000000000004 21.739890098571781 22.500000000000004 1.3999965190887453 1.0312786102294924 2.833312034606934 1.4285688400268557 60.500000000000007 1.6249949336051943 35.500000000000007 1.7999514341354372
decision_type=2 2 2 10 2 2 2 2 2 2 2 2 2 10 2 2 2 2 2 2 2 2 2 2 2 2 2 2 2 2
left_child=1 -1 3 4 5 6 9 12 19 13 11 16 -8 27 15 -12 17 -11 -17 -9 21 25 23 -22 -23 -6 -20 -3 -7 -30
right_child=-2 2 -4 -5 20 28 7 8 -10 10 14 -13 -14 -15 -16 18 -18 -19 26 -21 22 24 -24 -25 -26 -27 -28 -29 29 -31
leaf_value=-0.030610181297234078 -0.030594705188053004 -0.0031577007577207887 -0.030170388652780784 0.0080205918591966015 -0.0084841768086123624 0.0028017019331760726 0.0013870643658001568 0.0019475169368584901 0.0010198604580311033 -0.010442958070586645 -0.0082388327551079273 0.0027149995380778653 -0.0024897630484845622 0.00068915518754900432 0.00051548540996878287 -0.0013283566132217669 -0.00051981031618594678 0.0058693869647904887 -0.0063783480597392039 0.0063136635132068769 -0.0049619271024009129 0.00072002420247047538 -0.0010169032658471507 -0.015881536749226238 0.021330612941259083 0.0006850890106178207 -0.025848825609050653 -0.013044996528184966 0.013354609407305667 -0.0067311026715665429
leaf_weight=1086.8532036133111 2032.3236550120637 66185.121427968144 914.04036415740848 9412.7736447304487 10596.028533335775 32841.57735362649 44396.17866146937 33036.805304020643 110972.11456909776 1890.918344207108 10094.671941448003 70351.778704896569 50004.786739666015 26358.39850564301 55558.636751610786 80796.139536377043 136812.94297093526 15473.514757171273 6517.366412550211 32438.743372119963 12917.009871933609 29846.032060220838 11173.15421138145 4242.4403769522905 665.73079858720303 4058.9435465671122 694.47941186279058 2440.220247387886 4723.0621853768826 1077.3237178400159
leaf_count=46676 94280 149470 38604 11357 47782 84041 93797 66593 211011 6032 23399 124004 105056 58995 106923 154824 298530 31554 20291 55261 46480 90240 33490 17557 1705 17057 4068 9225 9686 4156
internal_value=-3.48129e-05 3.74781e-05 7.66256e-05 0.000109262 2.2099e-05 0.000272565 8.77751e-05 0.00117979 0.00216759 -0.000537324 -8.2726e-05 0.00085021 -0.000666608 -0.00234697 -0.00144586 -0.00255651 -9.4283e-07 0.00408307 -0.00190302 0.00411192 -0.00264436 -0.0011318 -0.00505311 -0.007677 0.0011834 -0.00594712 -0.0083196 -0.00351298 0.00382867 0.00961372
internal_weight=869610 867578 866491 865577 856164 782665 744023 270849 176448 473174 378190 224529 94401 94983.7 153661 98102.7 154177 17364.4 88008 65475.5 73499.3 45166.7 28332.6 17159.5 30511.8 14655 7211.85 68625.3 38642 5800.39
internal_count=2062144 1967864 1921188 1882584 1871227 1616916 1519033 531718 332865 987315 769625 460120 198853 217690 309505 202582 336116 37586 179183 121854 254311 156784 97527 64037 91945 64839 24359 158695 97883 13842
is_linear=0
shrinkage=0.03


Tree=120
num_leaves=31
num_cat=0
split_feature=87 24 97 97 92 87 87 12 92 97 24 87 92 87 40 97 87 92 87 92 87 92 97 87 87 87 56 24 26 87
split_gain=2089.34 1100.85 650.583 787.866 714.267 953.939 1173.17 789.927 738.476 687.761 649.517 1489.68 2193.19 574.148 507.93 485.371 1307.79 482.371 994.294 443.674 430.334 909.967 544.961 444.25 408.253 395.807 395.695 391.692 380.983 358.963
threshold=1.9999099969863894 2.5000000000000004 1.838701665401459 2.9998425245285039 0.96428340673446666 0.73684036731719982 0.9999774992465974 2.5000000000000004 1.199997663497925 1.1999675631523135 5.5000000000000009 1.3090156912803652 1.9411687254905703 1.0666649341583254 120.50000000000001 1.0666649341583254 0.90097919106483471 0.81080934405326854 0.76190313696861278 0.69230568408966076 1.1999977231025698 1.5999960303306582 1.1739092469215395 1.3684178590774538 0.59999847412109386 1.0784602761268618 20.336164474487308 76.500000000000014 22.500000000000004 0.83333018422126781
decision_type=2 2 2 2 2 2 2 2 2 2 2 2 2 2 10 2 2 2 2 2 2 2 2 2 2 2 2 2 2 2
left_child=1 -1 4 26 14 7 -7 -6 9 25 11 -10 -13 27 15 -3 17 18 19 24 -12 22 -22 -24 -17 -8 28 -11 -4 -19
right_child=-2 2 3 -5 5 6 8 -9 10 13 20 12 -14 -15 -16 16 -18 29 -20 -21 21 -23 23 -25 -26 -27 -28 -29 -30 -31
leaf_value=-0.031737985493943216 -0.030563505579854194 7.8816265100783135e-05 -0.0041073963091614457 -0.030127403307349296 -0.045765085596908693 0.0049605390157836573 0.0024066264978989857 0.0026369317536657937 -0.050222146178705074 0.00021183610862307304 0.0042011153528045192 0.0095539417065216448 -0.042931496989365978 -0.006805546535599667 0.0035233194511315197 0.00058318968203658803 -0.0075577965799333655 0.0055011399955548915 -0.0089105841828916958 0.004730836600090888 0.0013894837483522068 0.0046445537696198158 -0.0013858862562680584 -0.0089498308452017807 -0.0059188014621166908 -0.0010038107517122393 -0.0047128435418888615 -0.013574031529522405 0.0013113467050036556 -0.00072790654664079562
leaf_weight=953.80592888966203 1979.1394854625687 186917.55237432942 17264.274921193719 886.99335728026927 688.54434182494879 67475.649867072701 55461.416385702789 527.16512453556061 656.29694693535566 28268.256417199969 65238.404176339507 3195.833108574152 902.02875640243292 25472.107324965298 25163.97861244157 24551.099248751998 32139.211469531059 16424.263148799539 14841.209672980011 12827.993847846985 44702.935006335378 43645.924660056829 22923.141734138131 10039.115316145122 13431.258045911789 68350.088945988566 30917.220377616584 1965.1137979626656 35980.231347449124 16857.660739317536
leaf_count=44577 94465 370600 67776 38550 3734 121493 90547 1048 3115 67461 112737 7298 5902 73265 43968 62168 93498 33666 43215 28803 76576 78342 47088 25351 37420 129439 105886 7034 107801 39373
internal_value=7.06182e-05 0.000141116 0.000176888 -0.00231474 0.000447695 0.00124847 0.00132262 -0.0250737 0.00066042 -0.000721572 0.0019572 -0.00897022 -0.00215165 -0.00348927 -0.000577949 -0.000902701 -0.0023022 -0.000593705 -0.00208501 -8.86076e-05 0.00223662 0.00117964 -0.000768257 -0.00369362 -0.00171794 0.000524038 -0.00201453 -0.000692601 -0.000446537 0.00234752
internal_weight=870648 868669 867715 85048.7 782666 439512 438296 1215.71 370821 179517 191304 4754.16 4097.86 55705.5 343154 317990 131073 98933.5 65651.6 50810.4 186550 121311 77665.2 32962.3 37982.4 123812 84161.7 30233.4 53244.5 33281.9
internal_count=2062196 1967731 1923154 320013 1603141 850430 845648 4782 724155 367746 356409 16315 13200 147760 752711 708743 338143 244645 171606 128391 340094 227357 149015 72439 99588 219986 281463 74495 175577 73039
is_linear=0
shrinkage=0.03


Tree=121
num_leaves=31
num_cat=0
split_feature=87 18 97 97 40 39 98 40 97 98 24 97 98 24 68 97 32 18 98 44 97 18 24 18 24 18 24 18 18 24
split_gain=2002.04 1104.32 750.738 736.046 591.207 565.766 562.834 557.468 439.852 669.083 872.692 655.693 640.065 542.423 478.151 429.242 410.968 380.927 334.291 330.905 321.169 320.269 392.111 767.575 462.111 503.786 390.679 402.355 363.189 436.775
threshold=1.9999099969863894 1.5000000000000002 1.8888836503028872 2.9998425245285039 134.50000000000003 167.50000000000003 2.2499577999114995 71.500000000000014 1.1351310014724734 1.4157282114028933 64.500000000000014 1.4347742199897768 1.1111089587211611 66.500000000000014 0.19999999552965167 1.2352842688560488 305.50000000000006 21.500000000000004 1.1612852811813357 0.57142850756645214 1.0999972224235537 45.500000000000007 26.500000000000004 21.500000000000004 32.500000000000007 25.500000000000004 42.500000000000007 31.500000000000004 34.500000000000007 54.500000000000007
decision_type=2 2 2 2 10 10 2 8 2 2 2 2 2 2 2 2 2 2 2 2 2 2 2 2 2 2 2 2 2 2
left_child=1 -1 4 -4 5 6 7 8 12 10 19 17 14 21 -3 18 -17 -11 -12 -10 -6 22 -13 -24 -25 -26 27 -27 -28 -30
right_child=-2 2 3 -5 20 -7 -8 -9 9 11 15 13 -14 -15 -16 16 -18 -19 -20 -21 -22 -23 23 24 25 26 28 -29 29 -31
leaf_value=-0.030554604488864021 -0.03052919047979168 -0.0013611807926254087 -0.0025320784782000521 -0.030085912781581164 0.0016052876025598093 0.0066101215486636666 0.0066609199065881817 -0.001750292829139132 -0.0021158578608572497 -4.9075879828193957e-05 -0.012109475016829987 0.0021164059254006442 0.0035095504533675195 -0.012409547998636432 0.0013761338307273618 -0.0044733962514042457 -0.021946184663573915 0.0051054393491553511 0.0009811420371964336 0.0018383972033489794 0.0068639586457052149 0.012193224520166501 -0.015243178388914926 0.0064849103446822228 -0.014117559187708593 -0.00010165676415353787 -0.010585956276352148 0.014150199494437504 0.0040273762946922429 -0.0078030548348276647
leaf_weight=1045.0688126999885 1920.8198020132259 94018.639043759555 74074.912428230047 863.15338970161974 26669.555702295154 11751.150264821947 11158.196234710515 150071.2334494181 94847.440157234669 19714.302146431059 3113.3837441951036 26008.740326594561 73381.883675500751 3542.0014394298196 147522.34576255083 1850.7267861515284 3556.1383281648159 37328.275506347418 3986.8207419216633 23814.650020156056 17187.816968664527 1750.9914986044168 3891.6671877354383 5807.5374136418104 3121.2268509864807 7160.1054790318012 5357.2161306217313 2353.7933193445206 6433.7113764435053 4953.4153346642852
leaf_count=46823 94310 182889 255247 38597 45661 16094 28713 349579 213885 41879 6829 66650 122105 17621 258321 5441 12691 63784 6713 48056 25773 3444 13810 11346 11418 17980 19476 3660 14481 18721
internal_value=-9.38182e-05 -2.56344e-05 1.19428e-05 -0.00285739 0.000284067 8.51431e-05 -1.93914e-05 -0.000122588 0.000303379 -0.000613442 -0.00211734 0.000934758 0.0010562 -0.00100259 0.000310623 -0.00964818 -0.0160039 0.00332461 -0.00477688 -0.00132209 0.00366836 -0.000394561 -0.000736841 -0.00263593 -0.0012337 -0.00276284 -0.00140342 0.00344662 -0.00415998 -0.00112354
internal_weight=868257 866336 865291 74938.1 790353 746496 734744 723586 573515 258592 131169 127423 314923 70380.4 241541 12507.1 5406.87 57042.6 7100.2 118662 43857.4 66838.4 65087.4 39078.7 35187 29379.5 26258.2 9513.9 16744.3 11387.1
internal_count=2061997 1967687 1920864 293844 1627020 1555586 1539492 1510779 1161200 597885 293615 304270 563315 198607 441210 31674 18132 105663 13542 261941 71434 180986 177542 110892 97082 85736 74318 21640 52678 33202
is_linear=0
shrinkage=0.03


Tree=122
num_leaves=31
num_cat=0
split_feature=24 97 77 39 69 94 37 38 71 46 39 92 39 46 2 97 65 38 10 63 3 97 92 44 97 98 66 24 97 78
split_gain=1232.19 1104.67 740.327 531.416 590.933 536.402 391.396 352.24 352.055 530.218 342.266 314.228 310.822 284.182 303.759 268.024 260.343 276.481 258.219 277.57 327.717 230.691 354.759 228.491 226.202 236.542 225.534 224.029 344.661 222.422
threshold=2.5000000000000004 2.9998425245285039 0.65109765529632579 189.50000000000003 0.095238093286752715 -1.5137842893600462 38.500000000000007 150.50000000000003 1.6802091002464297 7.4054245948791513 47.500000000000007 0.83027687668800365 56.500000000000007 17.710385322570804 19.500000000000004 0.97058436274528515 0.22222221642732623 134.50000000000003 12.500000000000002 0.2414379492402077 8.5000000000000018 1.0999972224235537 1.071426570415497 0.53390803933143627 1.0319222211837771 1.0370353460311892 39.912624359130866 46.500000000000007 1.2105234861373904 1.5918357372283938
decision_type=2 2 2 10 2 2 8 10 2 2 10 2 10 2 2 2 2 10 2 2 2 2 2 2 2 2 2 2 2 2
left_child=-1 2 10 4 6 11 7 21 13 -10 16 15 -12 14 24 -6 17 -2 19 23 -21 -4 29 -15 25 -7 -13 -17 -29 -23
right_child=1 -3 3 -5 5 8 -8 -9 9 -11 12 26 -14 18 -16 27 -18 -19 -20 20 -22 22 -24 -25 -26 -27 -28 28 -30 -31
leaf_value=-0.031468529409106619 -0.002762431073683679 -0.030117972770093676 -0.00049505918938701362 0.010219662334162008 0.0024558275423934013 0.00040904049630536361 0.013651362805428112 0.0094318200103590266 0.0090279319311225119 0.0010926797901423886 0.0051453872137597438 0.0038799535271459872 -0.0003619988847522318 -0.0066900154329789701 0.0036785192833407748 -0.0002432518382190591 4.934289080692195e-05 0.0069037158661519908 -0.0085919621953435745 -0.0011032571727522605 0.0062841008079059504 -0.0090695499029354049 -0.0014520850553859286 -0.0005786779832562467 -0.0010622918360402951 0.0054578028569439632 0.0011274640202649973 -0.001243930133449384 -0.016058933578273354 -0.0024956812410245189
leaf_weight=1097.2346269758418 137510.20289169159 1070.4952753502876 37908.499109576456 5159.107168908231 30407.257528981194 43177.450507981703 1455.0174847431481 2369.4796414170414 8321.7336877258494 82917.50406869594 11225.32494436577 90817.657719950192 51267.147497342899 13309.684176499955 21131.101609138772 24768.503031238914 44894.390426262282 2697.2509173396975 4842.9439631393179 40910.200026110746 6206.821888698265 12713.235836319625 28187.948501569219 9388.0192689588293 92915.711545898579 10335.919063785113 38029.580005809665 3871.5369059816003 2209.2069459706545 7311.68197222054
leaf_count=58969 367650 56923 76389 6292 55221 87976 4114 3995 14876 171742 23388 174141 117258 31395 39677 58802 101076 5675 10685 86423 10654 38851 76020 19546 230539 18955 77875 7267 7684 21398
internal_value=1.68214e-05 5.73774e-05 9.53615e-05 0.000650179 0.000569377 0.000955295 -0.00167671 -0.00193177 0.000230222 0.00181826 -0.00129091 0.00222697 0.000628605 -0.000368063 0.000317877 0.000457839 -0.00193895 -0.00257552 -0.00190725 -0.00144121 -0.000127852 -0.00224653 -0.00362289 -0.00416503 -0.000167531 0.00138587 0.00306785 -0.00151184 -0.0066614 -0.00667412
internal_weight=868428 867331 866260 618666 613507 523561 89945.9 88490.8 333457 91239.2 247594 190104 62492.5 242218 167560 61256.5 185102 140207 74657.7 69814.7 47117 86121.4 48212.9 22697.7 146429 53513.4 128847 30849.2 6080.74 20024.9
internal_count=2061456 2002487 1945564 1330517 1324225 1103458 220767 216653 722468 186618 615047 380990 140646 535850 377147 128974 474401 373325 158703 148018 97077 212658 136269 50941 337470 106931 252016 73753 14951 60249
is_linear=0
shrinkage=0.03


Tree=123
num_leaves=31
num_cat=0
split_feature=92 69 94 66 39 39 78 24 16 83 92 97 59 24 65 98 97 92 24 32 70 51 24 66 92 92 6 16 65 65
split_gain=1344.72 745.297 508.095 441.716 435.088 424.628 361.013 349.823 303.984 307.392 316.557 298.934 287.611 284.183 263.081 242.879 234.479 225.396 450.915 252.199 209.164 209.105 205.676 205.488 198.645 195.601 306.083 240.227 236.982 230.933
threshold=2.5714037418365483 0.14963311702013019 -0.92854905128478993 33.604274749755866 151.50000000000003 129.50000000000003 1.0285704731941225 13.500000000000002 30.500000000000004 0.67296329140663158 0.59999188780784618 1.1538414955139162 0.18749999254941943 76.500000000000014 0.077350426465272917 1.1111089587211611 1.838701665401459 1.1999837756156924 5.5000000000000009 3.5000000000000004 0.44680850207805639 44.077531814575202 6.5000000000000009 21.117223739624027 1.9411687254905703 1.3043456673622134 1.5000000000000002 13.500000000000002 0.21676706522703174 0.40651482343673712
decision_type=2 2 2 2 10 10 2 2 2 2 2 2 2 2 2 2 2 2 2 2 2 2 2 2 2 2 2 2 2 2
left_child=1 5 3 8 6 11 12 -2 9 -3 -11 15 -4 17 -5 -1 -16 19 24 -13 -12 -21 -6 -7 -19 27 -27 28 -14 -29
right_child=7 2 4 14 22 23 -8 -9 -10 10 20 13 25 -15 16 -17 -18 18 -20 21 -22 -23 -24 -25 -26 26 -28 29 -30 -31
leaf_value=-0.0013001752791660915 -0.033829213345958412 0.00063987191398199076 0.0012364631540387804 -0.003126951043999314 -0.0041183398673058057 0.0061196353013410866 0.00078268674083981549 -0.0065794116039693557 -0.0093503308323021131 -0.001236742915554006 0.0037694007037424432 0.011572911088640912 -0.0030542866436970417 -0.01662013576499876 0.0010310996635637931 0.0020729730967298065 -0.0048356251615407266 -0.0099879899021037225 -0.00038489764226627335 -0.0035057620164264517 -0.0036009148231987424 -0.010047072380224112 0.0071175608842916705 -0.0023419664796694708 -0.034086607509749386 -0.0074454966519865414 0.00067275034411050892 -0.011490053696852822 0.00076170174864660059 -0.00033229868756426206
leaf_weight=87913.141085076146 1279.0965788178146 63222.102577330545 31385.700390073471 20109.592109324411 1706.9917800175026 9749.1932849138975 122716.80490087066 646.38767114467919 1983.6272513493896 13525.027999034151 131556.66478522401 928.63555819354951 69693.244302712381 1299.4305228739977 91509.406185231172 24563.079747007228 6551.8079898012802 1185.237445153296 42644.86645299755 55458.994467299432 3544.1375212175772 4765.8607292789966 9902.4632740244269 3499.210263106972 410.39788628462702 4687.3514926126227 37279.456472182646 5061.4870236124843 18533.828394386917 2488.1070619467646
leaf_count=190914 74913 137878 79772 45095 4558 15779 273229 5529 4417 29599 254393 3724 171679 4989 181292 48230 24511 12780 113310 166049 7826 14592 14531 7578 8095 22721 87330 12135 39510 4909
internal_value=7.05731e-05 0.000126418 0.000658096 0.00146907 -0.000229209 -0.00132718 -0.000455931 -0.0248431 0.00228248 0.00239227 0.00313752 -0.00164255 -0.00135463 -0.00277998 -2.93685e-06 -0.000563294 0.000638217 -0.00260622 -0.000974465 -0.00378598 0.00357555 -0.00402657 0.00546125 0.00388457 -0.0165314 -0.00194512 -0.000237107 -0.00269333 -0.00225267 -0.0078234
internal_weight=869801 867876 635458 332002 303455 232418 291846 1925.48 213832 211848 148626 219170 169129 106693 118171 112476 98061.2 105394 44240.5 61153.5 135101 60224.9 11609.5 13248.4 1595.64 137743 41966.8 95776.7 88227.1 7549.59
internal_count=2061867 1981425 1395385 685011 710374 586040 691285 80442 434113 429696 291818 562683 418056 323539 250898 239144 205803 318550 134185 184365 262219 180641 19089 23357 20875 338284 110051 228233 211189 17044
is_linear=0
shrinkage=0.03


Tree=124
num_leaves=31
num_cat=0
split_feature=87 18 89 38 100 92 24 87 24 61 34 34 18 87 97 92 93 97 98 26 97 97 46 40 89 87 92 98 28 92
split_gain=1914.63 1054.27 572.72 479.49 501.053 401.777 1094.74 560.265 738.227 378.73 494.701 467.621 377.217 365.864 447.668 386.767 337.543 336.027 562.156 353.752 335.869 383.919 323.91 312.53 295.597 274.029 305.312 266.599 265.878 263.687
threshold=1.9999099969863894 1.5000000000000002 -0.5963851511478423 174.50000000000003 -0.9830564260482787 1.1538428664207461 3.5000000000000004 0.88888442516326915 9.5000000000000018 17.825691223144535 99.500000000000014 25.500000000000004 39.500000000000007 1.0084735453128817 1.1739092469215395 0.72497111558914196 0.56666633486747753 1.7499803304672243 1.7079508900642397 121.50000000000001 2.142847061157227 2.9998425245285039 10.40070962905884 inf -4.2532501220703116 0.66665667295455944 0.59999188780784618 0.83999547362327587 2.5000000000000004 1.3636317253112795
decision_type=2 2 2 10 2 2 2 2 2 2 2 2 2 2 2 2 2 2 2 2 2 2 2 8 2 2 2 2 2 2
left_child=1 -1 9 4 -4 13 -7 8 -8 10 27 17 20 15 -15 25 -17 18 19 23 -9 -22 -13 -11 -25 26 -6 -3 -29 -19
right_child=-2 2 3 -5 5 6 7 12 -10 11 -12 22 -14 14 -16 16 -18 29 -20 -21 21 -23 -24 24 -26 -27 -28 28 -30 -31
leaf_value=-0.030504747029872631 -0.030484960472518516 0.00015932297987272497 0.00099925730870355093 0.00980146573990609 -0.002674156542560981 -0.033944978489595372 -0.047216312704291809 0.00038502781998426113 -0.0026134927594097575 0.00075217487057203589 -0.010701448504446277 0.0057561850112390527 0.0054622735994971977 -0.0021813214742369773 -0.0077356905575802458 0.0037270581917316493 -0.00089017019752564257 -0.0059200811774788214 0.00554334463668631 -0.0034924364743422901 -0.0032575370567760769 -0.029578688330920557 0.0011289585497422047 0.0041586675953108089 -0.010171303981134047 -0.0056977167196223481 0.0054552195685033736 0.00073843817976604396 0.0046796993786564134 0.0015245997369947545
leaf_weight=992.48451635427773 1827.2058590305969 25257.245865589008 136721.10042730719 4027.1915522795171 26913.019061716273 832.67492049187422 496.11881097964942 142674.6067257002 953.509806195274 89338.932383209467 2460.1758700534701 19823.636654797941 11793.146710893139 40729.883979551494 19220.903806068003 17090.877750476822 85202.569859074429 15950.920397229493 15089.879396211356 28886.448780916631 16742.437054984272 494.53399285115302 43421.403177479282 1793.8598084039986 4558.6709001623094 23386.789021626115 4897.8074912913144 20608.280268964358 61088.534573269077 5840.8448966341093
leaf_count=46774 94214 46822 252939 5496 72627 15392 3820 302603 3171 171981 5404 32783 21394 81314 61924 44120 209145 59185 33328 60802 56523 23169 80151 3918 12198 60590 12051 49401 121342 18493
internal_value=2.51396e-05 9.01198e-05 0.000125875 -0.000485319 -0.000564125 -0.00111022 -3.57054e-05 0.000131261 -0.0183131 0.00109934 0.00254663 0.000394459 0.000289094 -0.00196991 -0.0039641 -0.00121039 -0.00011816 -0.000462118 7.86831e-05 -0.000584024 -9.3053e-05 -0.0040461 0.00258069 0.000294486 -0.00612438 -0.00323376 -0.00141986 0.0028533 0.00368593 -0.00392512
internal_weight=869116 867288 866296 532177 528150 391429 173987 173154 1449.63 334119 109414 224705 171705 217442 59950.8 157491 102293 161460 139668 124578 159912 17237 63245 95691.5 6352.53 55197.6 31810.8 106954 81696.8 21791.8
internal_count=2063074 1968860 1922086 1226278 1220782 967843 426072 410680 6991 695808 222969 472839 403689 541771 143238 398533 253265 359905 282227 248899 382295 79692 112934 188097 16116 145268 84678 217565 170743 77678
is_linear=0
shrinkage=0.03


Tree=125
num_leaves=31
num_cat=0
split_feature=87 18 40 69 38 78 97 90 59 39 44 40 39 92 87 37 86 33 66 38 92 87 97 63 92 87 2 39 97 46
split_gain=1862.76 1017.15 687.577 579.173 671.515 565.941 512.405 431.56 547.467 405.844 396.618 348.519 323.67 307.869 313.658 306.208 289.982 282.062 394.444 310.906 281.477 355.636 484.06 335.255 275.837 432.385 268.558 261.739 249.456 247.213
threshold=1.9999099969863894 1.5000000000000002 201.50000000000003 0.095238093286752715 134.50000000000003 1.4285692572593691 1.7499803304672243 -0.70267128944396962 0.14285714179277423 139.50000000000003 0.99999958276748668 201.50000000000003 49.500000000000007 0.89999762177467357 0.90097919106483471 128.50000000000003 1.9999981522560122 6.5000000000000009 21.117223739624027 47.500000000000007 1.1052591800689699 1.0434762239456179 1.0833311080932619 0.49949887394905096 1.3999965190887453 1.090906620025635 28.500000000000004 47.500000000000007 2.0720701217651372 16.542390823364261
decision_type=2 2 10 2 10 2 2 2 2 10 2 8 10 2 2 8 2 2 2 10 2 2 2 2 2 2 2 10 2 2
left_child=1 -1 3 4 9 6 7 13 -9 15 16 -7 17 27 -15 -3 20 19 -19 -8 21 23 -23 29 25 -20 -13 -5 -26 -10
right_child=-2 2 -4 5 -6 11 12 8 10 -11 -12 26 -14 14 -16 -17 -18 18 24 -21 -22 22 -24 -25 28 -27 -28 -29 -30 -31
leaf_value=-0.030449497018468458 -0.030459092623459298 -0.0027729918215739103 0.0081668934753139077 -0.0004697986207370631 0.006988585363893499 0.0021328076988084868 -0.010023467361592242 0.0020442449551394165 -0.0010508770055051764 0.0062702465137039962 0.0023022083841263852 -0.0033554951954156845 0.0038670436235143579 0.010018063251956323 0.0028504795673255619 0.01266604437315654 -0.0049531774204209615 0.0003170739871508138 -0.0053637224494867937 0.0065789041909882504 0.00034426660349671823 -0.0021484595067053913 -0.010224243161505138 0.0020512672823219556 0.0045805865239486035 -0.019094195174977197 0.014894943383689329 0.0087082992264129397 -0.0059525210813467615 -0.0048608698488201846
leaf_weight=961.28972856048495 1781.7258211290464 121562.59073906671 9411.6600228697062 35625.308888956904 7405.9344782158732 177060.48332769983 8595.510947865434 76579.655064556748 82686.70050804317 4776.3406131453812 33324.381183326244 15242.191370193847 6030.9608796807006 6484.1950163394213 35641.997150674462 1147.851842654869 17015.468686889857 22993.421841697767 12134.496211668476 1136.811900193803 99087.197998806834 23014.418215766549 9400.6243954151869 26141.796763688326 3943.8059872835875 2475.5666479617357 742.29771590605378 3014.5247572511435 4114.6441469211131 18800.327989399433
leaf_count=46654 94366 319997 11399 72799 12211 354488 45137 155990 181002 7157 62155 45189 18104 10201 62798 3615 37121 76487 45947 4883 187909 43996 26639 52499 9240 10758 1495 5283 15360 41423
internal_value=1.31302e-05 7.64859e-05 0.00011109 2.23464e-05 -0.00178178 0.000359788 -0.000148228 0.000190744 -0.000226504 -0.00229228 -0.000788504 0.00174978 -0.00272356 0.00218469 0.00395797 -0.00262653 -0.00116162 -0.00344224 -0.00245178 -0.00807466 -0.00091229 -0.0016902 -0.00449536 -0.000977157 -0.00525813 -0.00771317 -0.00249042 0.000250374 -0.000799039 -0.00175749
internal_weight=868334 866552 865591 856180 134893 721287 528242 466817 386051 127487 309471 193045 61425.2 80766 42126.2 122710 276147 55394.3 45661.9 9732.32 259131 160044 32415 127629 22668.5 14610.1 15984.5 38639.8 8058.45 101487
internal_count=2062302 1967936 1921282 1909883 342980 1566903 1165731 939815 788734 330769 632744 401172 225916 151081 72999 323612 570589 207812 157792 50020 533468 345559 70635 274924 81305 56705 46684 78082 24600 222425
is_linear=0
shrinkage=0.03


Tree=126
num_leaves=31
num_cat=0
split_feature=87 18 3 15 69 63 38 39 18 43 51 100 63 46 63 39 40 97 92 87 12 87 40 97 20 92 33 17 92 92
split_gain=1804.57 994.533 541.82 540.925 526.943 474.015 470.042 436.632 386.091 372.464 357.799 348.623 412.831 323.158 427.517 345.492 312.936 308.691 287.021 685.872 638.798 623.932 363.783 342.988 323.695 261.721 259.776 308.915 420.297 272.641
threshold=1.9999099969863894 1.5000000000000002 7.5000000000000009 23.500000000000004 0.31116706132888799 0.11270166188478471 174.50000000000003 151.50000000000003 20.500000000000004 0.66666659712791454 9.6260924339294451 -0.82021072506904591 0.58079874515533458 8.7577090263366717 0.28571425378322607 9.5000000000000018 143.50000000000003 2.142847061157227 1.3043456673622134 0.99999123811721813 6.5000000000000009 1.1806501150131228 94.500000000000014 1.1351310014724734 1.0000000180025095e-35 0.88684234023094188 1.0000000180025095e-35 54.277742385864265 0.96428340673446666 0.49999436736106878
decision_type=2 2 2 2 2 2 10 10 2 2 2 2 2 2 2 10 10 2 2 2 2 2 10 2 2 2 2 2 2 2
left_child=1 -1 3 4 6 -6 7 11 17 13 -10 12 25 15 -15 -4 18 -7 21 20 -20 24 -21 -23 -13 -3 -26 29 -29 -28
right_child=-2 2 9 -5 5 8 -8 -9 10 -11 -12 16 -14 14 -16 -17 -18 -19 19 22 -22 23 -24 -25 26 -27 27 28 -30 -31
leaf_value=-0.030410788115780116 -0.030421185004132593 -0.0026883565116514454 0.0096909923802446195 -0.0032104971412853503 -0.00065013739603118003 0.0011949360077996847 0.0096406354574390205 0.0048037530054708165 0.0074729322127449014 -0.0044134398308182153 0.0025270950941018847 0.012331964284634307 0.0026247435453342722 -0.0001468851748818864 0.0050802091306089269 0.0024182332804441021 0.0029313493514986719 -0.0070191383991796237 -0.038514796441890563 0.0010560205316196812 0.0037869591277223998 -0.0039157643050680485 -0.0073683261667333326 -0.011274802153331152 -0.0067402430273596822 0.00053694257940649522 -0.0041108026207297135 -0.0073587198619457558 -0.0012633006134760447 -0.00019397376280269081
leaf_weight=941.40530121140182 1728.7316462341696 37770.818627581 11018.92579979822 48407.076612127945 89754.055743020028 99889.550623502582 4015.5577069818974 12849.046987421811 17281.073829611763 6883.0880701113492 55235.72509983927 1474.9310936834663 49603.644897196442 40075.506914110854 21690.884349377826 12614.591824514791 14342.370059868321 4274.8851174386218 768.7729532904923 64513.141371332109 536.50812864862382 15262.9325940907 4948.5562419556081 9112.4122318923473 8701.5727919526398 56478.881161555648 18523.481029236689 16765.55362780951 25901.919499224052 116361.12473908439
leaf_count=46859 94427 78175 19293 104895 214381 207633 5481 19595 30617 14423 108048 3662 87875 80785 37978 24377 23922 20613 11578 168882 1837 33819 12065 28706 32576 101526 49929 45246 60436 292077
internal_value=2.32935e-05 8.47689e-05 0.000118658 -0.000140818 6.44019e-05 0.00112514 -0.000552784 -0.00064338 0.00202695 0.00229106 0.00370745 -0.000802276 0.000410019 0.00283234 0.0016898 0.00581442 -0.00138902 0.00085655 -0.00160827 4.61444e-05 -0.0213328 -0.00216021 0.000453909 -0.00667383 -0.00157349 -0.000755901 -0.00168492 -0.00143644 -0.00366073 -0.000732395
internal_weight=867727 865998 865057 772774 724367 266435 457931 453916 176681 92283 72516.8 441067 143853 85399.9 61766.4 23633.5 297213 104164 282871 70767 1305.28 212104 69461.7 24375.3 187729 94249.7 186254 177552 42667.5 134885
internal_count=2061716 1967289 1920430 1743574 1638679 581292 1057387 1051906 366911 176856 138665 1032311 267576 162433 118763 43670 764735 228246 740813 194362 13415 546451 180947 62525 483926 179701 480264 447688 105682 342006
is_linear=0
shrinkage=0.03


Tree=127
num_leaves=31
num_cat=0
split_feature=87 18 97 98 97 39 94 92 87 97 87 18 69 63 92 18 39 24 97 39 24 18 24 97 38 97 87 92 32 92
split_gain=1735.9 958.003 589.29 783.924 695.856 449.418 503.184 528.72 574.902 902.928 449.852 398.033 356.364 365.784 341.012 333.263 321.87 312.074 319.563 313.831 308.58 746.158 765.144 307.014 294.815 290.046 463.024 339.647 310.226 274.558
threshold=1.9999099969863894 1.5000000000000002 1.838701665401459 2.0154790878295903 2.9998425245285039 139.50000000000003 -1.3870111107826231 1.1538428664207461 1.0434762239456179 1.0833311080932619 0.91547426581382763 39.500000000000007 0.31116706132888799 0.12499998882412912 0.9999774992465974 9.5000000000000018 45.500000000000007 4.5000000000000009 2.833312034606934 45.500000000000007 4.5000000000000009 3.5000000000000004 3.5000000000000004 2.3854792118072514 134.50000000000003 1.0666649341583254 0.86956349015235912 0.7894708812236787 14.500000000000002 1.0588193535804751
decision_type=2 2 2 2 2 10 2 2 2 2 2 2 2 2 2 2 10 2 2 8 2 2 2 2 10 2 2 2 2 2
left_child=1 -1 3 5 17 6 12 8 14 -10 -9 20 -3 -14 24 -15 -17 23 19 -19 21 22 -12 -4 25 -8 27 -27 -28 -11
right_child=-2 2 4 -5 -6 -7 7 10 9 29 11 -13 13 15 -16 16 -18 18 -20 -21 -22 -23 -24 -25 -26 26 28 -29 -30 -31
leaf_value=-0.030357758217099892 -0.03038634045542056 -1.7679704070085014e-05 -0.0061976466195321697 0.005244898805064002 -0.029959543810347485 0.0041312189677577132 -0.00041474197405136072 -0.01862806987677542 -0.0014414669147989978 -0.013196602747205828 -0.034615039910432861 0.0055771367491011638 -0.00041949376467278489 -0.0006360879889545306 0.0013837280154386524 0.0031589838303435992 0.0089435293193154616 -0.0034575595872555075 0.014490612817536507 0.0004033426368739795 0.00053447280865583861 -0.042974247184522023 0.0094162913653246128 -0.03358275474034883 0.008727195806022844 -0.0032918230606021424 0.0071192377284918324 0.002447956442302866 -0.0072595085453742393 -0.0062816574685231113
leaf_weight=913.88266179990023 1674.154391862452 161424.47675917298 1230.2264270316809 27820.178011627868 792.95587258506566 24287.01510309428 82787.306166701019 1056.3561666086316 46536.25178219378 8032.9604220241308 453.94214626215398 14439.438497893512 38180.074176050723 18027.390466634184 53577.245527856052 69397.159126758575 9882.6330539882183 50620.275173962116 1050.1479064673185 30270.170490399003 141495.01276332885 479.26313582062721 1398.021216981113 513.69585471600294 2519.5250053033233 24378.115278281271 1421.0183399692178 14954.556082203984 22515.175298132002 14654.984525747597
leaf_count=46893 94222 327193 8488 66985 38607 39217 168649 2835 88694 25972 6229 22303 77393 39039 103225 126202 16654 167863 2889 97862 270368 2594 3362 10140 4300 67319 4415 33318 62233 36701
internal_value=-4.86253e-05 1.07852e-05 4.36016e-05 0.00030148 -0.0023361 0.00011844 -1.56134e-05 -0.000670632 -0.00147597 -0.00383518 0.000701129 0.00083248 0.000934536 0.00206888 -0.000667791 0.00304511 0.00388213 -0.00206726 -0.00179803 -0.00201302 0.000355431 -0.0104237 -0.00163092 -0.0145536 -0.00140767 -0.00158367 -0.00311259 -0.00110938 -0.00640066 -0.00873945
internal_weight=866784 865109 864196 779718 84477.5 751898 727611 430699 271377 69224.2 159322 158266 296912 135487 202153 97307.2 79279.8 83684.5 81940.6 80890.4 143826 2331.23 1851.96 1743.92 148576 146056 63268.9 39332.7 23936.2 22687.9
internal_count=2062164 1967942 1921049 1595200 325849 1528215 1488998 902517 594826 151367 307691 304856 586481 259288 443459 181895 142856 287242 268614 265725 282553 12185 9591 18628 340234 335934 167285 100637 66648 62673
is_linear=0
shrinkage=0.03


Tree=128
num_leaves=31
num_cat=0
split_feature=87 18 40 78 97 97 66 90 18 33 38 51 65 71 46 46 39 38 69 18 37 64 39 18 32 40 47 28 95 97
split_gain=1688.92 926.22 600.664 503.727 560.306 506.944 440.727 383.642 345.813 344.773 338.064 324.421 446.141 337.162 289.037 276.722 268.309 314.242 283.323 287.606 276.461 298.132 256.13 241.848 211.053 248.86 210.354 207.084 206.717 200.989
threshold=1.9999099969863894 1.5000000000000002 180.50000000000003 1.5918357372283938 1.6666417121887209 2.9998425245285039 21.739890098571781 -0.70267128944396962 17.500000000000004 6.5000000000000009 45.500000000000007 13.799578666687013 0.099999997764825835 1.6215817928314211 12.587089538574221 7.8974504470825204 151.50000000000003 150.50000000000003 0.74782344698905956 31.500000000000004 78.500000000000014 0.79999986290931713 47.500000000000007 36.500000000000007 100.50000000000001 65.500000000000014 7.8248891830444345 48.500000000000007 -0.70232173800468434 2.5384352207183842
decision_type=2 2 10 2 2 2 2 2 2 2 10 2 2 2 2 2 10 10 2 2 8 2 10 2 2 8 2 2 2 2
left_child=1 -1 3 4 7 6 9 22 -5 10 29 12 16 24 -10 -15 17 18 19 20 21 -9 23 27 25 -13 -11 -3 -28 -6
right_child=-2 2 -4 8 5 -7 -8 11 14 26 -12 13 -14 15 -16 -17 -18 -19 -20 -21 -22 -23 -24 -25 -26 -27 28 -29 -30 -31
leaf_value=-0.030307774001344868 -0.030355535024769606 0.00038369157872697663 0.0057004732213488249 8.2134858103715956e-05 -0.0044392520546944125 -0.029701004692126255 -0.0048347806831959576 -0.001801011893546845 0.0041481465011070215 0.0018576450246560478 0.0037184436853120758 0.0012265843812311887 0.0021213630915426782 0.010348293488904758 0.00077348757141662919 0.00034269072027314016 0.0036148302866244497 0.009469071669596367 0.0031387811687684287 0.0019529942063237801 0.010735623453916128 -0.012515476658933213 0.008275710673607245 0.0034684126242487618 -0.0027391544523757854 -0.00358436384593438 -0.018695961839659086 -0.012772482163320522 -0.0013428278915824652 -0.014673857963503687
leaf_weight=885.18616355676204 1630.2480091219768 52954.056942343712 16613.511312935501 102040.0678410586 14855.310011904687 596.17150863353163 39237.830390790477 136629.84903137386 50337.816696908325 31866.31926175952 4365.5617950484157 30654.014992929995 80005.169847644866 2623.6902771443129 41824.650398099795 42193.152772061527 12962.930009003729 2595.4730637297034 13654.35873830691 20565.292736418545 1535.3794108685106 2358.6586756706238 5028.6313055455685 30177.683071598411 108603.86931195855 14116.803936880082 859.35220935195684 1079.1291602998972 2089.091215768829 1941.5029532257468
leaf_count=46732 94302 101957 22632 240450 56404 29793 135966 312513 96458 94609 14488 62429 153243 3985 83228 79494 20443 4171 28051 38276 3527 6252 8525 52404 214041 32442 3844 2509 6308 12963
internal_value=-3.4922e-05 2.29064e-05 5.46682e-05 -5.61053e-05 -0.000454742 -0.00257383 -0.00239778 -9.06334e-05 0.00128533 -0.000688421 -0.00370641 -0.000434044 0.000241941 -0.00135593 0.00261718 0.000932798 -0.000548329 -0.000853017 -0.0010074 -0.00135918 -0.00184412 -0.00198461 0.00171193 0.0013181 -0.00202474 -0.000291291 0.00114716 0.000116313 -0.00649245 -0.00563829
internal_weight=866881 865251 864365 847752 653549 95811.1 95215 557738 194203 55977.1 21162.4 468499 270307 198192 92162.5 44816.8 190302 177339 174744 161089 140524 138989 89239.5 84210.9 153375 44770.8 34814.8 54033.2 2948.44 16796.8
internal_count=2062439 1968137 1921405 1898773 1478637 354375 324582 1124262 420136 188616 83855 958867 566476 392391 179686 83479 413233 392790 388619 360568 322292 318765 165395 156870 308912 94871 104761 104466 10152 69367
is_linear=0
shrinkage=0.03


Tree=129
num_leaves=31
num_cat=0
split_feature=87 24 18 24 92 97 87 92 92 97 97 97 87 40 98 87 23 92 87 87 97 87 97 87 87 92 24 92 97 24
split_gain=1641.83 674.905 1516.85 998.643 643.908 704.106 807.512 2240.77 991.17 645.984 533.089 508.862 1425.94 606.315 449.657 424.308 488.889 400.214 766.634 583.899 557.224 376.91 375.826 371.693 362.894 626.917 797.335 573.344 716.622 374.438
threshold=1.9999099969863894 3.5000000000000004 2.5000000000000004 2.5000000000000004 1.0434752106666567 2.0720701217651372 1.0312786102294924 1.3999965190887453 1.3043456673622134 1.3499949574470522 2.9998425245285039 1.0666649341583254 0.99999123811721813 127.50000000000001 0.96609947085380565 1.1999977231025698 85.368732452392592 0.89999762177467357 0.79999887943267833 0.88888442516326915 1.5483803749084475 1.1428542733192446 1.9459388256073 0.79999887943267833 1.3333133459091189 1.7430564165115359 14.500000000000002 1.5999960303306582 1.1739092469215395 6.5000000000000009
decision_type=2 2 2 2 2 2 2 2 2 2 2 2 2 10 2 2 2 2 2 2 2 2 2 2 2 2 2 2 2 2
left_child=1 2 3 -1 11 6 7 23 9 21 -7 14 13 17 -3 16 -11 18 -13 22 -21 -8 -19 -6 25 -10 -27 28 -26 -29
right_child=-2 4 -4 -5 5 10 8 -9 24 15 -12 12 -14 -15 -16 -17 -18 19 -20 20 -22 -23 -24 -25 27 26 -28 29 -30 -31
leaf_value=-0.031598053260155259 -0.030323754936480839 -0.00049310378925653388 -0.039199905107299281 0.0054571316328867296 -0.009735372007608269 -0.0025214933279690513 0.0018243746095245729 -0.035715337932393294 0.00470470563653245 0.0011650628274676876 -0.029764013410489867 -0.00053492456029556438 -0.0074473985448935366 0.0076191063518557638 0.0024023987097212345 -0.011648645926161995 -0.0069607875919415561 0.0066602459794016548 -0.006088854157445151 0.00040243616821710457 -0.009330047482478088 -0.0015453529670813022 -0.0033044981738848053 0.0053990163812338513 0.0018615910080372689 -0.032718480929468767 0.0057574433399996917 -0.006325697603734322 -0.0066481466201757603 0.0041580065269909089
leaf_weight=791.49926876462996 1583.4204306015745 181257.60108413361 1248.6520853862166 3365.9521564822644 1475.9845039695501 34945.846911929548 56783.059021778405 1215.2137309908867 61904.408474318683 12922.375426404178 638.90291804075241 80446.100322313607 33063.88325959444 7598.7521004341543 65767.734786182642 6344.3593437373638 13727.796007461846 18143.327824927866 30965.39604511857 28203.516731530428 6497.6981522664428 62994.326389715075 4179.7333771865815 65773.061036914587 21761.343895666301 907.60136650502682 1004.7378466576338 3286.1057269275188 15049.476101994514 42628.679259315133
leaf_count=44533 94384 357719 12409 13843 3786 113855 93714 4878 111328 35333 32417 219781 96405 11791 118724 21705 42778 35398 88642 56598 28662 117063 15152 120240 37674 3249 1751 10148 37179 80414
internal_value=5.38141e-06 6.1607e-05 -0.0104855 -0.00171497 0.00012819 0.00100135 0.00139127 0.00433001 0.000718822 -0.000971925 -0.00302706 -0.000643981 -0.00173303 -0.000658994 0.000277923 -0.00468742 -0.00302273 -0.00103331 -0.00207938 0.00101048 -0.00142427 5.21771e-05 0.00479318 0.00506405 0.00248133 0.00418076 -0.012653 0.00116966 -0.00161919 0.00340526
internal_weight=866477 864893 5406.1 4157.45 859487 403363 367779 68464.3 299314 152772 35584.7 456124 209098 176035 247025 32994.5 26650.2 168436 111411 57024.3 34701.2 119777 22323.1 67249 146542 63816.7 1912.34 82725.6 36810.8 45914.8
internal_count=2061553 1967169 70785 58376 1896384 867512 721240 128904 592336 310593 146272 1028872 552429 456024 476443 99816 78111 444233 308423 135810 85260 210777 50550 124026 281743 116328 5000 165415 74853 90562
is_linear=0
shrinkage=0.03


Tree=130
num_leaves=31
num_cat=0
split_feature=87 69 63 48 38 33 92 24 87 92 87 92 96 46 81 18 37 47 44 46 24 87 24 11 87 33 15 26 66 63
split_gain=1596.83 660.442 544.078 474.187 420.392 453.853 436.655 598.785 982.298 1402.86 512.389 593.062 442.47 411.46 419.448 405.688 367.614 354.29 336.573 342.451 331.311 314.17 1095.46 309.713 296.124 355.927 290.32 344.87 274.767 264.005
threshold=1.9999099969863894 0.35776492953300482 0.26923076808452612 0.44444443285465246 inf 1.0000000180025095e-35 1.199997663497925 5.5000000000000009 1.3090156912803652 1.9411687254905703 1.0434762239456179 0.93387818336486828 1.3926489949226382 7.8974504470825204 0.20311972498893741 35.500000000000007 128.50000000000003 6.3473143577575692 0.66666650772094738 8.7577090263366717 5.5000000000000009 0.73684036731719982 11.500000000000002 5.6935076713562021 0.88888442516326915 6.5000000000000009 15.500000000000002 121.50000000000001 27.246755599975589 0.4169947504997254
decision_type=2 2 2 2 8 2 2 2 2 2 2 2 2 2 2 2 8 2 2 2 2 2 2 2 2 2 2 2 2 2
left_child=1 4 18 20 5 -1 10 8 -8 -10 11 13 -12 14 28 -9 -6 -5 19 23 -4 22 -13 26 25 -23 27 -3 -7 -30
right_child=-2 2 3 17 16 6 7 15 9 -11 12 21 -14 -15 -16 -17 -18 -19 -20 -21 -22 24 -24 -25 -26 -27 -28 -29 29 -31
leaf_value=0.010283813603990576 -0.030293486046290882 0.00024099836087858868 -0.0096296041211618878 0.0056578104324970027 -0.006438193864514846 3.4399433841588963e-05 -0.043292859905063805 0.00066783476309796423 0.0090735304071302997 -0.040079815637759454 -0.0016344612097975576 -0.044467401108140098 -0.006267908007083588 -0.0039089425417304846 0.0066740934637560473 0.005650435746736183 0.010334647723677886 -0.00093677159364017422 0.0020668641238730796 -0.0029711021195453894 0.0048713054398191171 -0.0017741242431923111 0.0076240699198830541 0.0066174919730663528 0.00096425598371314069 0.0078814628030644956 -0.0037473068872023768 0.0095559892107061634 -0.0047736628505558355 -0.00027768008324163915
leaf_weight=3560.5201276745647 1536.8589477865025 75163.895255780779 1432.3451331174001 9344.2762539368123 15559.447892180644 90902.047584883869 675.18996561039239 129160.87409790605 2055.9226591112092 678.54343935009092 67887.317218733951 560.82864281721413 25514.436024928465 43192.143942221999 6826.6418726313859 16577.96960609965 1254.2854753471911 33768.098953774199 66336.625729147345 37679.123862677254 63756.81341150403 4699.9097084729001 957.7441689837724 6666.4594589155167 81854.534938059747 12691.556364728138 15981.468657297082 3735.9269769731909 26470.529583429918 21135.463927324861
leaf_count=5695 94258 182641 6993 17290 79133 213747 6884 284230 8190 9836 145007 3944 63742 99079 12780 29224 8890 72547 136641 82613 122099 13153 2535 11948 172691 23986 36436 6857 62205 46943
internal_value=6.18999e-05 0.000116464 0.00121528 0.00293589 -0.000508097 -0.000361313 -0.000432963 0.000943892 -0.0114467 -0.00332607 -0.000969591 -0.000345772 -0.00290124 -0.00133878 -0.000574515 0.00123531 -0.00517617 0.000494514 0.000308576 -0.000529362 0.00454983 0.001512 -0.0119419 0.000377049 0.00172023 0.00527307 -6.27138e-05 0.000684376 -0.000932689 -0.00277855
internal_weight=867618 866081 313865 108302 552216 535402 531842 149148 3409.66 2734.47 382693 289291 93401.8 188527 145335 145739 16813.7 43112.4 205563 139227 65189.2 100765 1518.57 101548 99246 17391.5 94881.3 78899.8 138508 47606
internal_count=2062217 1967959 676065 218929 1291894 1203871 1198176 338364 24910 18026 859812 651063 208749 434754 335675 313454 88023 89837 457136 320495 129092 216309 6479 237882 209830 37139 225934 189498 322895 109148
is_linear=0
shrinkage=0.03


Tree=131
num_leaves=31
num_cat=0
split_feature=24 92 72 48 46 40 24 65 92 18 38 61 66 34 24 40 68 46 38 24 18 40 71 39 83 92 99 58 83 44
split_gain=1003.82 639.956 568.896 497.788 478.847 447.249 431.693 404.75 349.496 377.149 319.847 307.952 295.601 306.079 270.761 258.966 256.826 239.965 239.806 237.836 582.258 236.873 222.646 221.747 220.363 219.698 215.827 321.826 214.143 213.52
threshold=2.5000000000000004 2.5714037418365483 0.96153447031974804 0.66666650772094738 7.8974504470825204 120.50000000000001 13.500000000000002 0.27812938392162329 1.1538428664207461 50.500000000000007 inf 17.825691223144535 23.662130355834964 13.500000000000002 29.500000000000004 68.500000000000014 0.13888888806104663 8.3414168357849139 134.50000000000003 4.5000000000000009 3.5000000000000004 68.500000000000014 1.4547309875488283 151.50000000000003 0.77921918034553539 1.7999940514564516 -1.0224281549453733 0.58349543809890758 2.1428089141845708 1.9999985098838808
decision_type=2 2 2 2 2 10 2 2 2 2 8 2 2 2 2 8 2 2 10 2 2 8 2 10 2 2 2 2 2 2
left_child=-1 2 5 7 -5 10 -3 8 11 19 12 -4 18 14 15 -14 -13 -15 21 20 -10 23 -9 -2 -21 -7 27 -6 -17 -18
right_child=1 6 3 4 26 25 -8 22 9 -11 -12 16 13 17 -16 28 29 -19 -20 24 -22 -23 -24 -25 -26 -27 -28 -29 -30 -31
leaf_value=-0.031307908545426241 0.00013467520472334668 -0.036313576275312211 0.0011711472148110242 0.0050126659574672343 -0.0052191141139499618 0.003401685670546857 -0.0025992242354710721 0.0021470749383454288 0.000849203359722479 0.015747115941294489 -0.0069221834700728428 -0.0033872938236642175 -0.00050915159217709805 0.0023378386449162967 -0.0052583174915653242 -0.0056840724092063971 -0.000393047561786118 -0.0015863662481343096 0.0073877648273888872 7.6588685239625031e-05 -0.041649749468930505 -0.0021816535845531541 0.0063791352667059518 0.0074523128172757358 0.0028001288295286288 -0.0088516315786108784 -0.0038887883349284363 0.0023467318016315913 0.0053455708648298943 0.0093533588481394345
leaf_weight=900.75458045769483 125863.89722783025 705.86272905766964 122834.10030633025 8610.3663290934637 7611.3126758197322 26930.415027594194 652.29311827290803 30202.027940408327 1145.5488620139658 1761.990615349263 8318.5663122246042 29656.367212295532 41494.67657075543 20592.435747985728 31966.312790930271 17735.490301000886 87916.520242344588 43861.470192779787 3712.3353890208527 38062.596844402142 368.19525512866676 44648.760789541528 17783.139686178416 3820.74949336797 89845.824570927769 1365.7400561952963 38873.865335890092 14997.332389924675 1723.8305512387305 2050.6268472503871
leaf_count=58811 293853 36764 272554 16624 15820 48161 5587 59890 9412 2623 38861 67763 98722 38289 78103 50650 187246 88652 7092 88861 3414 131865 31853 5413 191202 4189 94296 27334 4540 3684
internal_value=-4.88996e-07 3.28313e-05 6.54216e-05 0.000735102 -0.00160564 -0.000819689 -0.020394 0.00112429 0.000791082 0.00203831 -0.00111817 0.000116142 -0.000973822 -0.00192102 -0.00302273 -0.00184897 -0.000967194 -0.000332282 -0.000136479 0.00184927 -0.00989634 -0.000297533 0.00371747 0.000351382 0.0019898 0.00280443 -0.00253383 -0.000202709 -0.00470251 -0.000168868
internal_weight=866013 865113 863754 491720 70092.9 372035 1358.16 421627 373642 131184 343739 242458 335420 157374 92920.3 60954 119624 64453.9 178046 129422 1513.74 174333 47985.2 129685 127908 28296.2 61482.5 22608.6 19459.3 89967.1
internal_count=2062128 2003317 1960966 1072576 154074 888390 42351 918502 826759 295512 836040 531247 797179 358956 232015 153912 258693 126941 438223 292889 12826 431131 91743 299266 280063 52350 137450 43154 55190 190930
is_linear=0
shrinkage=0.03


Tree=132
num_leaves=31
num_cat=0
split_feature=87 92 40 40 92 87 92 97 87 97 92 98 29 87 92 97 0 97 32 97 92 87 97 92 87 97 87 92 97 87
split_gain=1529.16 558.111 475.544 617.876 577.077 804.249 709.374 698.85 671.03 1045.04 696.779 440.689 430.712 397.437 661.57 712.142 584.588 493.103 386.251 643.484 379.862 378.744 884.137 443.054 496.726 587.229 381.096 419.987 370.841 364.126
threshold=1.9999099969863894 2.5714037418365483 120.50000000000001 78.500000000000014 1.2499972581863406 1.1169613003730776 0.86841949820518505 1.1999675631523135 0.94117507338523876 1.3269196152687075 1.0434752106666567 1.4498255252838137 23.357898712158207 1.2307649850845339 1.5999960303306582 1.4347742199897768 1.5000000000000002 2.2499577999114995 201.50000000000003 1.1739092469215395 1.0434752106666567 0.83333018422126781 1.0833311080932619 0.59999188780784618 0.66665667295455944 1.4347742199897768 0.49999436736106878 0.49999436736106878 1.9459388256073 0.99999123811721813
decision_type=2 2 10 8 2 2 2 2 2 2 2 2 2 2 2 2 2 2 2 2 2 2 2 2 2 2 2 2 2 2
left_child=1 2 3 4 5 6 21 -7 28 11 12 18 -11 16 15 -15 29 -16 -10 -20 -21 23 -23 26 -25 -26 27 -1 -8 -6
right_child=-2 -3 -4 -5 13 7 8 -9 9 10 -12 -13 -14 14 17 -17 -18 -19 19 20 -22 22 -24 24 25 -27 -28 -29 -30 -31
leaf_value=-0.00078415177551011963 -0.030256100802968956 -0.020820647790515331 0.0027179340802757405 -0.0018510480314111288 -0.016424704321084501 -0.0013730634178839847 0.00441830469948942 -0.0080244880884246719 0.0033420937420868802 0.0015175735588931543 -0.0011620721829797528 0.0067430674288801035 -0.012108211493427976 0.00046785467536572566 0.0048064894559425248 -0.0077295630410126829 0.005335095119401799 -0.0046222875155273171 0.00090618276950944624 -0.013945517441086191 -0.002337390306498645 -0.00079226100003942663 -0.0093244294736422664 0.0064188967997622186 0.0015661119651691536 -0.0061112197525950897 -0.0045002421418221406 0.012142860688751362 -0.0020029509227341108 -0.00017167005515496413
leaf_weight=22753.553677167743 1476.5950818089768 1126.7129348656163 59163.029260219075 143711.23119296134 1385.4721121508628 59327.049362525344 69670.789560832083 18681.955319561064 42174.755684815347 2590.1103066727519 29366.889772191644 13809.074171692133 10659.534632593393 37753.532929858193 35979.908523973078 12741.229858728126 47718.440945798531 5779.2970826867968 60464.491131871939 4316.5976299494505 6138.4923499673605 39110.618379101157 15152.705833241343 14001.87472579442 48229.784143693745 10993.336457170546 30009.054256558418 2491.4217724595219 9146.6065825633705 10577.949868553318
leaf_count=54035 94207 29912 104283 399260 8220 113271 134075 55729 72680 8863 82337 21557 45003 67622 69886 36209 92876 27648 98704 11176 11035 76049 46999 32565 93508 37826 69946 5986 32976 26902
internal_value=4.2332e-05 9.47496e-05 0.000122509 -6.83655e-05 0.000319246 -0.000165015 0.000342265 -0.00296763 0.00138617 0.000322694 -0.00374089 0.0016877 -0.0094463 0.00194166 0.000707252 -0.00160282 0.00384888 0.0035 0.00106934 -0.000282788 -0.00714752 -0.00107634 -0.00317738 -0.000188604 0.00134159 0.000139419 -0.00221623 0.000500215 0.00367281 -0.00207819
internal_weight=866502 865026 863899 804736 661025 509089 431080 78009 248337 169520 42616.5 126903 13249.6 151936 92254 50494.8 59681.9 41759.2 113094 70919.6 10455.1 182742 54263.3 128479 73225 59223.1 55254 25245 78817.4 11963.4
internal_count=2061345 1967138 1937226 1832943 1433683 1104320 935320 169000 518406 351355 136203 215152 53866 329363 201365 103831 127998 97534 193595 120915 22211 416914 123048 293866 163899 131334 129967 60021 167051 35122
is_linear=0
shrinkage=0.03


Tree=133
num_leaves=31
num_cat=0
split_feature=87 69 63 79 52 97 18 29 39 69 39 3 63 100 90 97 17 98 41 5 76 51 97 25 98 0 40 50 26 97
split_gain=1478.59 556.866 498.255 566.186 550.04 356.944 318.253 369.162 289.99 287.582 284.637 304.936 279.184 278.478 314.514 259.296 374.075 277.896 257.45 573.302 313.757 249.227 245.956 298.41 253.842 239.153 217.075 216.537 212.498 212.186
threshold=1.9999099969863894 0.14285712689161303 0.2299732640385628 -3.756658554077148 5.1023957729339608 1.1999675631523135 17.500000000000004 29.507073402404789 129.50000000000003 0.35776492953300482 189.50000000000003 11.500000000000002 0.4705882221460343 -0.33335696160793299 -0.70267128944396962 1.4999752640724184 97.95255279541017 1.3846009969711306 7.3529813289642343 5.2962670326232919 2.2151067256927495 8.184793949127199 1.6249949336051943 9.5000000000000018 1.3529375791549685 5.5000000000000009 127.50000000000001 0.10555554181337358 331.50000000000006 1.1351310014724734
decision_type=2 2 2 2 2 2 2 2 10 2 10 2 2 2 2 2 2 2 2 2 2 2 2 2 2 2 10 2 2 2
left_child=1 8 3 -3 6 -6 12 -8 15 21 11 18 -4 22 -15 17 -17 26 19 25 -20 -9 24 27 28 -5 29 -24 -7 -1
right_child=-2 2 4 10 5 13 7 9 -10 -11 -12 -13 -14 14 -16 16 -18 -19 20 -21 -22 -23 23 -25 -26 -27 -28 -29 -30 -31
leaf_value=-0.0011490259254449949 -0.030225515395555454 -0.0037981911098958023 -0.00059711723764169884 -0.0004242949417120996 0.0013110239891133092 -0.0036486447564814009 0.015339714904728921 0.0055400587815649582 0.003151954922043058 0.0066944072760623035 0.0077255494563596922 0.0029928939467145938 0.0031008324867531738 0.010260433290179064 -4.803510469168508e-05 -0.0025942095661131083 -0.011489652091991445 0.0017431296686855806 -0.0058658227759089115 0.0099243189717239822 -0.00033669903674194692 0.00084399823594878156 -0.012225677636241737 -0.013671537464754436 0.0003497771743320977 0.004207348375467674 0.0028232941708159231 0.0010733037402302333 -0.018474094684288466 -0.0040652613002377155
leaf_weight=87777.264639696106 1436.0391552057117 38091.662481788546 35277.583215613849 196697.67677100934 108502.51735070907 16242.218998557888 2544.9167209267616 15247.36901547946 12505.3528795233 20403.808721372858 4315.0089156804606 27221.262600390241 38315.299795376137 3016.409024503082 21702.726924213581 44993.372425074689 4682.4457773752511 28253.135387697257 15714.463522504084 5151.548325327225 22374.022530103102 30498.179261907935 1507.6260728966445 3697.4436962381005 23510.110646488145 10552.697220458649 9461.4067591447383 3943.8738668784499 901.31983233988285 30167.05679564178
leaf_count=185574 94323 87854 78757 477466 188892 35997 3992 28167 21754 35876 5506 52345 83356 7865 65773 176645 17364 63478 35585 8720 47774 60521 5423 15556 49811 19899 17841 11551 2678 73883
internal_value=-1.95315e-05 3.14148e-05 0.000474075 -0.000366184 0.00130089 0.000213155 0.00269982 0.00416813 -0.00128005 0.00373382 9.75928e-05 -2.14762e-05 0.0013285 -0.00138525 0.00121716 -0.00155025 -0.00343698 -0.000947766 -0.000349266 5.80957e-05 -0.00261977 0.00241097 -0.0026769 -0.00711587 -0.00167493 -0.000188079 -0.00154467 -0.00263581 -0.00444871 -0.00189549
internal_weight=864706 863270 645430 320118 325311 183024 142287 68694.3 217840 66149.4 282027 277712 73592.9 74521.7 24719.1 205335 49675.8 155659 250490 212402 38088.5 45745.5 49802.6 9148.94 40653.6 207250 127406 5451.5 17143.5 117944
internal_count=2060226 1965903 1409364 735149 674215 383546 290669 128556 556539 124564 647295 641789 162113 194654 73638 534785 194009 340776 589444 506085 83359 88688 121016 32530 88486 497365 277298 16974 38675 259457
is_linear=0
shrinkage=0.03


Tree=134
num_leaves=31
num_cat=0
split_feature=87 97 97 98 92 87 97 92 97 87 39 6 87 92 97 32 92 92 92 87 92 97 11 92 92 87 46 39 32 40
split_gain=1440 500.593 639.613 618.689 481.512 765.863 940.011 563.897 454.505 732.889 536.151 421.931 620.396 468.545 419.625 425.089 405.82 399.965 388.115 387.82 696.9 851.67 382.009 375.842 366.39 363.677 334.527 500.577 308.494 457.901
threshold=1.9999099969863894 1.8888836503028872 2.9998425245285039 1.9636315703392031 1.199997663497925 1.0666649341583254 1.0999972224235537 1.012742340564728 1.2558100223541262 0.90097919106483471 43.500000000000007 1.5000000000000002 0.99999123811721813 1.2857018709182741 1.6249949336051943 419.50000000000006 1.9999889731407168 1.071426570415497 0.59999188780784618 1.2727243900299074 1.4482725262641909 1.1538414955139162 51.899932861328132 0.88684234023094188 0.85713458061218273 0.73684036731719982 7.8974504470825204 9.5000000000000018 22.500000000000004 45.500000000000007
decision_type=2 2 2 2 2 2 2 2 2 2 8 2 2 2 2 2 2 2 2 2 2 2 2 2 2 2 2 8 2 8
left_child=1 3 28 4 5 7 -7 8 18 24 14 12 13 -6 15 23 -14 -8 -1 -13 21 -21 -19 -11 25 -10 27 -20 -3 -30
right_child=-2 2 -4 -5 11 6 17 -9 9 10 -12 19 16 -15 -16 -17 -18 22 26 20 -22 -23 -24 -25 -26 -27 -28 -29 29 -31
leaf_value=-0.0015798430339174778 -0.030194593615102478 -0.0054926650914355005 -0.029834363982705135 0.0039869565470527987 -0.0033373314993641991 -0.00064286439256331783 -0.010988716589549714 0.0023991749648314465 -0.00012955749544519521 -0.016665582521025724 0.00059071412624691385 0.0033525244711105477 -0.00038676777456547214 -0.041414947539966447 -0.021964615920854635 -0.020803369998721389 -0.024635896581615354 -0.0021157542112751311 0.0085139864039950885 0.00026917702361389372 0.0024946050510724449 -0.010646808581511629 -0.010232295345381618 -0.0027555618862387071 0.0030842308107646701 -0.0061421315699632046 -0.00055999698708942322 0.0013901807454119678 -0.0026307766993337077 0.0033084900111662601
leaf_weight=72117.480258814991 1394.8495047017932 17179.702155672014 729.27845359966159 39272.113973943517 534.37704031169415 85325.118339935318 11472.788173377514 89911.478232495487 27794.32319252193 2179.6532066315413 5874.9710358530283 83080.355763733387 12593.245632965118 628.26223625428975 2262.0229920521379 1943.2990400195122 633.39809489715844 19541.836620934308 9583.5461718887091 19912.430763229728 53335.36271590367 9481.6214333996177 7108.1479391530156 8575.4007035940886 17561.988039776683 13408.730873696506 78715.682822614908 117656.02268201858 40172.492900592275 16451.219655487686
leaf_count=155628 94333 89794 38664 101199 1191 169711 36141 164424 74537 8347 18193 142844 37148 6339 13015 7701 11166 46799 14395 34731 98008 23788 17901 24780 40424 42650 144247 225544 129797 49331
internal_value=4.61469e-05 9.56063e-05 -0.00225437 0.000317225 0.000125282 -0.000301389 -0.00239319 0.000275629 -0.000258289 -0.00225678 -0.00708827 0.00147724 -0.00344731 -0.024266 -0.0101006 -0.00795597 -0.00158345 -0.00630831 0.000313916 0.00190497 0.000450806 -0.00325683 -0.00428667 -0.00560031 -0.000541935 -0.00208826 0.000977125 0.00192799 -0.00197383 -0.000904648
internal_weight=866431 865036 74532.7 790504 751232 571032 123448 447585 357673 79600.4 20835.3 180199 14389.3 1162.64 14960.4 12698.4 13226.6 38122.8 278073 165810 82729.4 29394.1 26650 10755.1 58765 41203.1 205955 127240 73803.4 56623.7
internal_count=2062770 1968437 307586 1660851 1559652 1204437 270552 933885 769461 229647 72036 355215 55844 7530 53843 40828 48314 100841 539814 299371 156527 58519 64700 33127 157611 117187 384186 239939 268922 179128
is_linear=0
shrinkage=0.03


Tree=135
num_leaves=31
num_cat=0
split_feature=87 24 18 24 39 69 86 38 59 59 69 8 37 90 28 100 98 66 63 48 59 69 34 33 30 32 3 59 33 94
split_gain=1387.1 600.23 1463.29 911.513 508.601 503.357 519.098 507.766 468.145 360.203 681.02 348.936 273.717 271.137 354.362 360.797 294.02 269.252 276.993 259.43 239.522 257.858 312.433 232.404 315.769 304.084 254.267 229.35 272.957 223.756
threshold=1.9999099969863894 3.5000000000000004 2.5000000000000004 2.5000000000000004 189.50000000000003 0.31116706132888799 1.9999957680702212 174.50000000000003 0.36849236488342291 0.24141208827495578 0.14285712689161303 18.500000000000004 128.50000000000003 -0.80765148997306813 15.500000000000002 -0.35474815964698786 0.83999547362327587 18.755561828613285 0.4705882221460343 0.66384169459342968 0.19794310629367831 0.2105263099074364 11.500000000000002 181.50000000000003 83.500000000000014 172.50000000000003 3.5000000000000004 0.14285714179277423 1.0000000180025095e-35 -0.23061038553714749
decision_type=2 2 2 2 10 2 2 10 2 2 2 2 8 2 2 2 2 2 2 2 2 2 2 2 2 2 2 2 2 2
left_child=1 2 3 -1 5 7 8 9 11 10 12 -7 27 14 16 -16 -10 -11 -19 23 -12 -22 -23 24 -15 -26 -25 28 -3 -21
right_child=-2 4 -4 -5 -6 6 -8 -9 13 17 20 -13 -14 19 15 -17 -18 18 -20 29 21 22 -24 26 25 -27 -28 -29 -30 -31
leaf_value=-0.031432406722875041 -0.030163327121010386 -0.0050397255822369289 -0.038811695779316063 0.0050761479789790285 0.0075854817410026375 0.0019997647610715749 -0.0028084552112374317 0.012036389613458593 -0.0051222124763234131 -0.00036037420914493065 0.0020133466968888592 0.006420549640732332 0.01317425471493959 0.0002194399766625094 0.0045211088930243865 0.019454880928385376 0.0020946299352732106 -0.0047440199175140087 -0.00093290817216333587 -0.0044195682622498837 -0.0028926554296717462 -0.0017559047328593196 0.0047071731354643388 -0.0088699793847154592 0.0080474528559073416 0.0014603196553888713 -0.00089991535707001488 -0.0040831166277595617 -0.00072489706671132999 0.0050432929472992404
leaf_weight=729.84462065808475 1353.2564045917243 14361.076468343846 1203.8584276102483 3415.8992480356246 8017.0498260334134 65132.698556307703 31984.861098475754 2810.4481647331268 6468.1723899245262 46731.631774852984 109753.7632778883 21326.915322201326 1134.7666994994506 123357.40144397132 16773.627275258303 1577.8817428257316 23403.697591584176 44676.664421393536 27882.079049782827 17414.997425274923 22266.52442379389 13471.259235484526 13419.551679773256 4208.4034167546779 9673.5395873561502 18088.883378185332 24381.35674659349 26338.370235009119 160154.20055280905 2564.9711275128648
leaf_count=44588 94311 53851 12450 13996 9861 138745 73844 3614 12807 108752 231816 37545 2851 287699 29945 3575 50214 100813 59470 39113 51802 33401 23884 9225 14948 31702 46068 61334 373820 5606
internal_value=-3.64141e-05 1.15407e-05 -0.00998739 -0.00147111 7.41607e-05 3.08469e-06 0.000841621 -0.000632957 0.00119092 -0.000707606 -0.000235175 0.00309147 -0.00139102 0.00052791 0.00254631 0.00582491 0.000529581 -0.00213661 -0.00328019 4.02765e-05 0.00123398 -0.000506215 0.00147052 0.000400947 0.000870234 0.00375968 -0.00207849 -0.00147461 -0.00108051 -0.00320092
internal_weight=864078 862724 5349.6 4145.74 857375 849358 366357 483000 334373 480190 360900 86459.6 201988 247913 48223.4 18351.5 29871.9 119290 72558.7 199690 158911 49157.3 26890.8 179710 151120 27762.4 28589.8 200854 174515 19980
internal_count=2061650 1967339 71034 58584 1896305 1886444 781036 1105408 707192 1101794 832759 176290 491856 530902 96541 33520 63021 269035 160283 434361 340903 109087 57285 389642 334349 46650 55293 489005 427671 44719
is_linear=0
shrinkage=0.03


Tree=136
num_leaves=31
num_cat=0
split_feature=87 24 18 24 40 3 15 92 87 97 92 93 38 98 32 92 87 87 18 97 24 87 97 87 87 92 97 22 87 24
split_gain=1348.99 520.239 1465.44 899.797 530.324 477.981 549.707 427.931 471.818 455.11 900.487 539.432 407.08 393.283 411.287 384.978 1205.58 744.547 588.95 479.547 419.416 348.721 553.288 348.011 347.543 370.181 351.568 408.316 306.366 302.722
threshold=1.9999099969863894 3.5000000000000004 2.5000000000000004 2.5000000000000004 201.50000000000003 7.5000000000000009 24.500000000000004 0.62499824166297924 0.73684036731719982 1.0666649341583254 0.88684234023094188 0.59999188780784618 inf 0.81204551458358776 54.500000000000007 1.1739096045494082 0.99999535083770763 0.86956349015235912 31.500000000000004 1.9459388256073 14.500000000000002 0.59999847412109386 0.97058436274528515 0.88888442516326915 1.1999977231025698 0.9999774992465974 1.4058226346969607 1.5000000000000002 0.88888442516326915 39.500000000000007
decision_type=2 2 2 2 10 2 2 2 2 2 2 2 8 2 2 2 2 2 2 2 2 2 2 2 2 2 2 2 2 2
left_child=1 2 3 -1 5 6 7 21 -9 13 23 -12 15 14 -10 16 19 20 29 28 -17 -3 -23 -11 25 -18 -27 -28 -13 -19
right_child=-2 4 -4 -5 -6 -7 -8 8 9 10 11 12 -14 -15 -16 17 24 18 -20 -21 -22 22 -24 -25 -26 26 27 -29 -30 -31
leaf_value=-0.031295075949633315 -0.030133407034194766 -0.00035294508521342466 -0.038598162943447437 0.0054623393714532632 0.007396748264599665 0.0020725900678227314 -0.0034726640802670251 0.0032913693550690147 0.0030704207520869096 -0.0029543690363119323 0.004630666834086564 0.0053981893326503346 -0.0083825640084850498 0.0023515363887611032 -0.0011108610902444923 -0.046270107834474355 -0.010810174100188599 0.00040320511316993437 0.0053958663227738866 -0.0059028236291565148 -0.0047425306505736887 -0.0017934932280795847 -0.0094600844322439131 -0.0088702152656662172 -0.012580759712728559 -0.0012565834702713071 0.00025636520842317996 -0.011106236882058184 0.00064874443032254575 -0.0077031065253684583
leaf_weight=704.10668136738241 1315.038217689842 62872.503200931475 1172.3670850209892 3459.8633686061949 8862.4141530115157 91784.893267097883 44010.445360600017 43667.30587640591 27648.086650907993 30479.779149368405 20556.324696851894 18640.868439666927 5621.1333849485964 112352.37938602082 90161.876306096092 445.81133770663291 6390.9247260168195 122886.6735832952 22475.149990793318 7284.1259432751685 422.48758195526898 31513.611498927698 11573.892419680953 12671.469624757767 4760.3263619244099 29252.677915617824 4313.6478221192956 8342.5062315687537 35453.312435872853 4270.854096442461
leaf_count=44491 94229 149295 12396 14026 11003 176793 96105 104626 56232 81525 51022 35896 24338 196020 166681 3309 20030 303482 42090 26015 1497 71580 33609 40164 14394 56332 14351 32669 78112 9933
internal_value=-3.09875e-07 4.62474e-05 -0.00927424 -0.000873041 0.000104383 2.81643e-05 -0.000219418 -1.88143e-05 0.000287769 5.52859e-05 -0.000651578 -5.19723e-05 -0.00040806 0.00108184 -0.000129227 -0.000238248 -0.00154955 0.000758917 0.000921364 0.00131328 -0.0266258 -0.001778 -0.00385628 -0.00469488 -0.00486043 -0.00409463 -0.00306587 -0.00723918 0.00228679 0.000129769
internal_weight=865367 864052 5336.34 4163.97 858715 849853 758068 714058 608098 564430 334268 291117 270560 230162 117810 264939 114438 150501 149633 61378.3 868.299 105960 43087.5 43151.2 53060.1 48299.8 41908.8 12656.2 54094.2 127158
internal_count=2062245 1968016 70913 58517 1897103 1886100 1709307 1613202 1358718 1254092 835159 713470 662448 418933 222913 638110 277799 360311 355505 140023 4806 254484 105189 121689 137776 123382 103352 47020 114008 313415
is_linear=0
shrinkage=0.03


Tree=137
num_leaves=31
num_cat=0
split_feature=87 44 46 46 92 24 18 24 38 30 32 24 18 33 100 87 92 92 87 20 97 65 97 37 69 95 8 98 84 88
split_gain=1307.84 476.433 485.627 1262.41 503.745 463.928 1293.54 793.546 418.537 396.022 612.173 351.689 382.763 340.862 338.118 352.014 602.745 524.985 346.898 333.503 324.01 319.302 307.321 316.238 292.121 287.226 285.804 283.106 283.821 271.853
threshold=1.9999099969863894 0.53390803933143627 7.8974504470825204 5.1116273403167733 0.86841949820518505 3.5000000000000004 2.5000000000000004 2.5000000000000004 47.500000000000007 49.500000000000007 85.500000000000014 24.500000000000004 16.500000000000004 1.0000000180025095e-35 -0.9830564260482787 1.1999891996383669 1.4999718666076662 1.199997663497925 1.0560781955718996 29.500000000000004 1.3770461678504946 0.19999998062849048 2.5384352207183842 128.50000000000003 0.14285712689161303 -0.39556378126144404 35.500000000000007 1.0869558453559878 -4.1675055027008048 1.9999099969863894
decision_type=2 2 2 2 2 2 2 2 10 2 2 2 2 2 2 2 2 2 2 2 2 2 2 8 2 2 2 2 2 2
left_child=1 2 3 5 -4 6 7 -1 9 11 -11 19 -13 -10 -6 17 -17 18 24 22 -20 27 23 29 -16 -22 -14 -12 -29 -7
right_child=-2 -3 4 -5 14 8 -8 -9 13 10 21 12 26 -15 15 16 -18 -19 20 -21 25 -23 -24 -25 -26 -27 -28 28 -30 -31
leaf_value=-0.031196348671698741 -0.030101365673073349 0.0015585733755679649 -0.0045162731481446991 0.006756341411375614 0.0016346087202729412 -0.0015269510963089497 -0.038422243054009715 0.0048359400518508486 0.011464541805384591 0.0063150246179554809 -0.0017701903449309593 -0.0098713827815231862 -0.003020505458092718 0.0015865759037466569 -0.0044683697522283107 -0.0073060519214459638 -0.00024688185364502306 0.0034331247719528234 -0.0031827404519463886 0.0018079700806390019 -0.016818192010574228 0.0037634234254134633 -0.011276382001392776 0.013215902298067799 0.00065755600092488843 0.0035080329118842581 0.0093126818002767647 -0.0044768863170015433 0.002158587864960575 0.005347843138383589
leaf_weight=640.61443318426609 1276.1025908421725 155784.68980674678 39107.833707978949 25510.979366339743 40976.367836876772 135598.91360370815 1050.6305423229933 3268.5859234035015 3263.4857249911875 16047.954944588244 65314.043723892421 7464.1358680725098 31119.14490656741 74462.096139416099 12822.09693948552 21336.744170399383 22206.741407011636 23621.504417646676 16839.240883626044 38980.342010742985 3115.722922950983 18551.710581019521 2716.1696677180007 1350.6444302536547 45291.532072572969 773.95192568004131 1768.9894619043916 6706.3479251153767 42213.536012899131 5362.927278727293
leaf_count=41482 94226 321502 90531 46502 67689 335054 11360 13167 4109 28225 123430 19784 87501 171544 31376 48642 51669 47641 32047 93868 13327 32488 28721 3005 98841 2675 4413 15768 86965 13835
internal_value=1.15612e-05 5.67712e-05 -0.000273954 0.000264704 -0.00142078 -9.88476e-05 -0.00920541 -0.00119753 1.72248e-06 -0.000415413 0.0007844 -0.00121133 -0.00374699 0.00200417 -0.000772939 -0.00144874 -0.00370771 -0.000488219 -0.00166364 -0.000654923 -0.00499354 0.00011514 -0.00131705 -0.00112541 -0.000474568 -0.0127765 -0.00235187 -0.0004779 0.00124748 -0.00126468
internal_weight=864544 863268 707483 481391 226092 455880 4959.83 3909.2 450920 373195 148834 224361 40352.3 77725.6 186984 146008 43543.5 102464 78842.5 184009 20728.9 132786 145029 142312 58113.6 3889.67 32888.1 114234 48919.9 140962
internal_count=2061387 1967161 1645659 1161221 484438 1114719 66009 54649 1048710 873057 286876 586181 111698 175653 393907 326218 100311 225907 178266 474483 48049 258651 380615 351894 130217 16002 91914 226163 102733 348889
is_linear=0
shrinkage=0.03


Tree=138
num_leaves=31
num_cat=0
split_feature=87 97 97 98 40 69 68 10 66 59 69 3 67 52 24 40 68 32 98 72 63 46 30 56 22 97 84 38 39 24
split_gain=1277.05 554.763 606.68 530.962 490.772 456.564 508.035 353.923 351.929 332.597 394.504 321.482 315.324 308.445 291.631 346.185 324.183 312.803 291.421 305.045 283.047 327.294 390.861 273.103 362.056 264.55 261.067 260.312 264.491 242.31
threshold=1.9999099969863894 1.8888836503028872 2.9998425245285039 2.0154790878295903 inf 0.17166539281606677 0.19444444030523303 7.5000000000000009 18.755561828613285 0.14285714179277423 0.087510127574205412 7.5000000000000009 1.2640765309333803 3.0410128831863408 11.500000000000002 45.500000000000007 0.77777770161628734 73.500000000000014 0.81204551458358776 0.99999871850013744 0.4705882221460343 15.974316120147707 63.500000000000007 20.985197067260746 14.500000000000002 2.5384352207183842 -1.4076759219169614 107.50000000000001 167.50000000000003 36.500000000000007
decision_type=2 2 2 2 8 2 2 2 2 2 2 2 2 2 2 10 2 2 2 2 2 2 2 2 2 2 2 10 10 2
left_child=1 3 14 4 5 9 13 11 -6 10 27 12 -8 18 25 16 23 -17 -7 -20 21 22 29 -16 -25 -3 -26 28 -1 -14
right_child=-2 2 -4 -5 8 6 7 -9 -10 -11 -12 -13 20 -15 15 17 -18 -19 19 -21 -22 -23 -24 24 26 -27 -28 -29 -30 -31
leaf_value=-0.0022525918330941756 -0.030076517247763224 -0.0040363399256196251 -0.029780830452299026 0.0041468889499166909 -0.00050911893349297132 -0.0013642241887505441 0.007837620172030187 -0.001827276363119726 -0.0052333205787474957 -0.0028225193726559355 0.0015974904623162725 0.0056108980356433542 0.00054116030713044895 -0.0020246434204741698 0.00041842364343850361 5.1945605922143133e-05 -0.011131908866202727 0.012291158478787267 6.4781611334438677e-06 0.0033066227540844702 0.0028201629298378736 -0.0016272416507199991 0.0039710996767635476 -0.0059144419381564417 0.019169461435052781 -0.01468677831389904 -0.0011201122426102435 0.0034667904636535561 0.0088437887357824627 -0.0075023995755060255
leaf_weight=76545.079068616964 1243.9544656770304 12892.835663584992 700.27219819463789 31528.761555720121 34294.500912575051 50063.394540389068 7386.6481900843792 22860.269061252475 24196.861117352266 53204.726390900556 70055.43341424223 21124.476552665234 51467.570180210751 60049.458955089562 28490.310405880213 4997.1283196359873 3292.6965146437287 2992.3436140865088 58588.754909808747 44224.726630074903 92421.080076309852 39572.518975437619 37950.861818414181 15915.39014531672 896.03912121802568 2494.8376664482057 1508.7757859304547 8787.2451858501881 1964.0084321228787 3586.7952270805836
leaf_count=176651 94416 53578 38422 80920 104762 104350 13447 43184 64753 114804 140124 34769 103971 123416 86870 14471 11972 7673 124984 85302 172215 79150 63799 54749 2464 31818 5335 16697 2511 10463
internal_value=5.64486e-05 0.000100525 -0.00237961 0.000333501 0.000174851 0.000395508 0.000898149 0.0017466 -0.00246456 -0.000772517 -7.90867e-05 0.00206899 0.00174657 -0.000203168 -0.00211044 -0.00113681 -0.00206189 0.00465521 0.000512472 0.00142639 0.00154592 0.000657348 0.00162955 -0.00141942 -0.00427484 -0.00577994 0.00653558 -0.0014246 -0.00197282 1.45877e-05
internal_weight=865298 864054 74180.6 789873 758344 699853 489297 276370 58491.4 210556 157352 253510 232385 212926 73480.4 58092.7 50103.2 7989.47 152877 102813 224999 132578 93005.2 46810.5 18320.2 15387.7 2404.81 87296.3 78509.1 55054.4
internal_count=2062040 1967624 307352 1660272 1579352 1409837 959050 520998 169515 450787 335983 477814 443045 438052 268930 183534 161390 22144 314636 210286 429598 257383 178233 149418 62548 85396 7799 195859 179162 114434
is_linear=0
shrinkage=0.03


Tree=139
num_leaves=31
num_cat=0
split_feature=87 40 92 69 63 59 70 69 12 52 3 18 97 87 92 87 92 31 92 83 30 98 63 69 59 69 39 92 87 57
split_gain=1233.82 502.765 442.141 426.633 585 492.106 457.301 401.256 350.096 302.269 353.959 335.517 302.023 307.674 346.355 349.128 401.451 315.994 287.185 216.154 215.673 212.236 307.203 217.947 210.138 255.237 209.812 311.281 444.683 208.041
threshold=1.9999099969863894 201.50000000000003 2.5714037418365483 0.21876078099012378 0.2414379492402077 0.18749999254941943 0.12535714358091357 0.14963311702013019 12.500000000000002 3.0410128831863408 7.5000000000000009 41.500000000000007 1.3770461678504946 0.83333018422126781 1.071426570415497 1.0434762239456179 1.4482725262641909 11.500000000000002 1.3999965190887453 1.5126030445098879 53.500000000000007 1.1351335048675539 0.58079874515533458 0.33333332836627966 0.1251398175954819 0.095238093286752715 47.500000000000007 1.1538428664207461 1.0560781955718996 14.12358617782593
decision_type=2 10 2 2 2 2 2 2 2 2 2 2 2 2 2 2 2 2 2 2 2 2 2 2 2 2 10 2 2 2
left_child=1 2 3 5 9 7 29 24 -4 11 -11 26 21 -14 -15 17 19 -16 -7 -17 -18 22 23 -8 25 -1 27 28 -5 -6
right_child=-2 -3 8 4 6 18 12 -9 -10 10 -12 -13 13 14 15 16 20 -19 -20 -21 -22 -23 -24 -25 -26 -27 -28 -29 -30 -31
leaf_value=-0.0010991256236246305 -0.030042512097022269 0.0070246695187403821 -0.034017232817961852 -0.0010149091028236652 0.0055296903400995244 -0.0037154599937769153 -0.002746915558288199 0.0019298063666690574 -8.7837053567582722e-05 -0.0033531104470443246 0.00070657882280652931 0.0043626964128728966 0.003492625510303075 -0.0075370661558073161 -0.00060808889438687501 -0.008874381638497221 -3.7846572810099791e-05 0.012232883313844298 0.0012907066948096486 0.0029051770254417053 0.013828137645712342 0.0033490481060799906 0.003385425172497509 0.00099194129068554951 -0.0028762778517879193 0.0014610358237622562 0.0012899398488436008 0.0011882716275019305 -0.0074089575003325817 -0.0015014446004350285
leaf_weight=124195.20940988604 1206.0545972138643 9244.8574524810538 595.77883047377691 58459.671925859526 33217.284539877437 64151.183834935538 21104.121730705723 62161.547060304321 492.88218891993165 52629.451770234853 30532.177000959404 16699.162964178249 10711.145081456751 8612.67149053514 3837.6118055479601 8380.5077315866947 9841.4495325628668 3110.0157593339682 12277.677113930695 1672.7759196087718 1104.9595204666257 50786.827068377286 30984.453669101 41774.478474146686 36676.26292859111 48802.958430192433 63631.970317150466 41601.590209683403 11740.184468455613 4265.9834991889074
leaf_count=325264 94372 12167 27330 141893 65542 148706 39861 133548 2446 121390 60987 32037 31212 31848 11628 25277 28846 6080 29053 4349 1534 87386 54438 73558 86899 108768 131235 103779 30749 9571
internal_value=3.10513e-05 7.37601e-05 -1.64418e-06 2.2964e-05 0.000580298 -0.0007847 0.0016991 -0.000186666 -0.0189347 -0.000352065 -0.00186281 0.000301965 0.0011069 -0.00097461 -0.00228459 -0.000661675 -0.00259036 0.00515862 -0.00291113 -0.00691249 0.00138449 0.00178717 0.000941541 -0.000263416 -0.000814255 -0.000376816 -8.50214e-05 -0.000867673 -0.00208605 0.0047291
internal_weight=864503 863297 854052 852963 504698 348265 229404 271836 1088.66 275294 83161.6 192133 191921 47271.1 36560 27947.3 20999.7 6947.63 76428.9 10053.3 10946.4 144650 93863.1 62878.6 209674 172998 175433 111801 70199.9 37483.3
internal_count=2061753 1967381 1955214 1925438 1093200 832238 471130 654479 29776 622070 182377 439693 396017 140774 109562 77714 60006 17708 177759 29626 30380 255243 167857 113419 520931 434032 407656 276421 172642 75113
is_linear=0
shrinkage=0.03


Tree=140
num_leaves=31
num_cat=0
split_feature=92 24 90 78 97 56 92 24 30 92 15 24 69 92 66 83 39 28 100 30 20 98 51 97 98 97 32 98 37 24
split_gain=703.793 508.215 437.88 422.616 331.108 457.462 380.413 331.089 325.468 317.778 561.215 459.612 369.887 369.539 332.103 288.099 282.583 363.124 281.918 266.272 288.471 262.851 258.652 253.933 272.156 242.675 329.508 241.783 234.311 230.45
threshold=2.5714037418365483 13.500000000000002 -0.70267128944396962 1.5306115150451662 1.5483803749084475 20.985197067260746 1.4482725262641909 5.5000000000000009 5.5000000000000009 1.0588193535804751 15.500000000000002 4.5000000000000009 0.38271604478359228 1.9411687254905703 39.912624359130866 1.5126030445098879 47.500000000000007 14.500000000000002 -0.35474815964698786 113.50000000000001 3.5000000000000004 0.81204551458358776 67.086242675781264 1.1194007396698 1.5428553223609927 1.3269196152687075 286.50000000000006 1.1111089587211611 14.500000000000002 13.500000000000002
decision_type=2 2 2 2 2 2 2 2 2 2 2 2 2 2 2 2 10 2 2 2 2 2 2 2 2 2 2 2 8 2
left_child=2 -2 16 4 9 7 15 8 -6 10 12 13 29 -11 21 28 17 -1 25 20 -13 -12 -14 -23 -25 -19 -27 -9 -7 -4
right_child=1 -3 3 -5 5 6 -8 27 -10 11 14 19 22 -15 -16 -17 -18 18 -20 -21 -22 23 -24 24 -26 26 -28 -29 -30 -31
leaf_value=-2.9668836298533115e-05 -0.034395594055190666 0.00031926805259000304 0.00077431722788895365 0.0010133572385758675 -0.0033782818653215821 -0.0091067467832431637 -0.00049976525490471745 0.0071106881983604856 -0.023941961016746109 -0.0068759206478815806 -0.0088878519796026668 0.0074401064199451864 0.0011924304662679476 -0.037955326283705702 -0.0093860180310951693 0.0028775831158391091 0.0072235587433936146 0.0036533735684176356 0.011209303994311522 0.0040264640454624884 0.0001692852793959595 0.00083461905215976467 0.0097741167193002697 -0.0077887744093238934 0.0035418571093205902 0.0024477933562516963 -0.010546423114720458 -0.0007311187042779592 0.0012907833462652294 -0.0018377639225581278
leaf_weight=73912.331181024201 900.96695290692151 644.98087866324931 41500.230559116229 180375.18266117759 2077.5505295731127 19964.868188367225 11958.295283569954 3730.7191035691649 1025.3882602192461 1786.0820993129164 5302.5325193814933 5039.0370312482119 52395.053220305592 410.70585364010185 8807.85772854276 2376.7318850792944 7664.0866227569059 36884.987663082778 3737.7513864990324 20122.340372145176 167985.63522598706 15799.909385180101 3344.6776821073145 8175.3521485030651 2473.8387469872832 4863.4902346804738 2724.2044523358345 62569.631989453919 2156.48809450306 113511.38609972689
leaf_count=157312 75037 5553 105825 409198 24174 74833 37203 10786 5755 18275 10941 13064 111205 7277 19693 7838 14405 59011 9629 30102 319594 26581 5958 20207 5571 13015 9759 206091 7828 240595
internal_value=5.59559e-07 -0.0200932 3.70333e-05 -0.000247406 -0.00065902 -0.00216739 -0.00488747 -0.000737577 -0.0102835 -0.000301447 -0.0010069 0.000606136 -0.000384806 -0.0129765 -0.0042376 -0.0070271 0.00164302 0.00129167 0.00331661 0.000761947 0.00038187 -0.00280443 0.0017107 -0.00157902 -0.00515493 0.00264852 -0.00223297 -0.000287849 -0.0080929 -0.00113844
internal_weight=864222 1545.95 862676 732889 552514 105860 36456.4 69403.3 3102.94 446655 251311 195344 210751 2196.79 40559.5 24498.1 129787 122123 48210.4 193147 173025 31751.6 55739.7 26449.1 10649.2 44472.7 7587.69 66300.4 22121.4 155012
internal_count=2062315 80590 1981725 1718594 1309396 374508 127702 246806 29929 934888 546576 388312 463583 25552 82993 90499 263131 248726 91414 362760 332658 63300 117163 52359 25778 81785 22774 216877 82661 346420
is_linear=0
shrinkage=0.03


Tree=141
num_leaves=31
num_cat=0
split_feature=87 24 18 24 39 40 97 98 24 97 18 24 97 98 97 61 18 14 35 100 24 18 30 24 30 38 68 68 97 24
split_gain=1192.38 530.244 1320.95 785.851 490.769 446.738 395.495 766.997 687.383 651.856 476.536 604.148 471.043 451.593 376.081 348.67 377.317 323.013 318.465 307.679 301.048 633.605 377.376 366.502 355.915 289.457 279.817 269.984 269.967 437.481
threshold=1.9999099969863894 3.5000000000000004 2.5000000000000004 2.5000000000000004 189.50000000000003 180.50000000000003 1.3269196152687075 1.3235265016555788 74.500000000000014 2.9998425245285039 50.500000000000007 66.500000000000014 1.0666649341583254 0.86511582136154186 2.833312034606934 24.181472778320316 44.500000000000007 93.500000000000014 112.6099319458008 -0.33335696160793299 44.500000000000007 30.500000000000004 87.500000000000014 36.500000000000007 51.500000000000007 174.50000000000003 0.49999995529651647 0.88571426272392284 1.1538414955139162 74.500000000000014
decision_type=2 2 2 2 10 10 2 2 2 2 2 2 2 2 2 2 2 2 2 2 2 2 2 2 2 10 2 2 2 2
left_child=1 2 3 -1 5 6 7 12 9 10 11 14 13 26 15 16 25 -14 -10 -13 21 23 -22 -17 -25 27 -3 -8 -19 -30
right_child=-2 4 -4 -5 -6 -7 8 -9 18 -11 -12 19 17 -15 -16 20 -18 28 -20 -21 22 -23 -24 24 -26 -27 -28 -29 29 -31
leaf_value=-0.031150500227748696 -0.030010221852107655 -0.00087859172550383059 -0.03810855809595684 0.004380612439282533 0.0075710226051968858 0.0052171544377972775 0.00011908970290844052 0.0029898254159690107 0.0095747822050778371 -0.029726184876520834 0.012561871276786049 -0.017680772238006393 -0.0010050726013983457 0.0019942577565794806 0.01705692776380156 -0.0013892298013322795 0.010501667819312154 -0.0026426931965130248 -0.017917506708777155 0.0022963509834038848 -0.0072729251375995077 0.0074246879963654989 0.0039708480822870113 -0.015976576149324583 -0.002467138108730798 0.016867221467862254 0.0017043348879662273 -0.0063265886800714767 -0.0065865651838506248 -0.028417753307068548
leaf_weight=649.52467491477728 1161.5733083435334 156880.34394891746 1109.5646640732884 3413.036733083427 8044.0950833372772 15268.244675224647 146489.77882096916 92167.785834949464 422.60776370018721 676.81784858368337 2406.3441322892904 2799.4424708783627 132588.15467196703 131020.24344290607 1058.7698822915554 60270.763457745314 3099.2363728880882 7416.1592984497547 2918.6304446309805 914.73511772602797 16447.184552028775 6834.8783275783062 3196.9578219950199 3197.34215888381 3881.2699374705553 886.19524602591991 49686.942579567432 6071.665958084166 3384.1911578029394 1081.3281827718019
leaf_count=44538 94498 311473 12347 13951 9905 20987 408590 166915 1719 38478 5750 12828 263722 229351 2824 166690 6519 12747 15124 3990 55171 14121 5965 13432 9578 1066 90539 19369 6854 3167
internal_value=0.000106045 0.000147214 -0.00941104 -0.0014249 0.000204975 0.000135177 4.22174e-05 0.000482665 -0.000924651 -0.000749141 -0.000670691 -0.000796465 3.19958e-06 0.000616674 -0.000618519 -0.00069462 0.000172134 -0.00143021 -0.0144039 -0.0127748 -0.00214047 -0.00126528 -0.0054409 -0.00214912 -0.00859704 -3.78364e-05 -0.000257199 -0.000138232 -0.00616473 -0.0119761
internal_weight=865444 864282 5172.13 4062.56 859110 851066 835798 574225 261573 258231 257555 255148 482057 337588 251434 250375 156547 144470 3341.24 3714.18 93828.4 74184.3 19644.1 67349.4 7078.61 153448 206567 152561 11881.7 4465.52
internal_count=2062208 1967710 70836 58489 1896874 1886969 1865982 1084768 781214 764371 725893 720143 917853 631363 703325 700501 435544 286490 16843 16818 264957 203821 61136 189700 23010 429025 402012 427959 22768 10021
is_linear=0
shrinkage=0.03


Tree=142
num_leaves=31
num_cat=0
split_feature=87 24 18 24 46 46 39 46 99 65 38 8 11 16 92 87 93 88 11 21 84 66 92 87 88 52 3 24 46 15
split_gain=1144.62 508.622 1279.9 762.036 455.347 1567.99 549.565 510.484 510.452 443.146 407.224 419.387 312.877 275.461 276.392 349.004 319.09 301.916 259.829 249.755 233.645 233.59 233.467 702.37 268.077 231.911 281.091 222.502 217.156 216.483
threshold=1.9999099969863894 3.5000000000000004 2.5000000000000004 2.5000000000000004 8.7577090263366717 4.1648156642913827 45.500000000000007 7.4054245948791513 -1.5255680084228513 0.26013697683811193 174.50000000000003 28.500000000000004 10.228926181793215 13.500000000000002 0.93387818336486828 1.1342321634292605 1.1931808590888979 1.9955539107322695 43.966318130493171 5.5000000000000009 -0.29299956560134882 11.272584438323976 2.2499620914459233 1.5999855995178225 1.9999099969863894 14.456505775451662 4.5000000000000009 11.500000000000002 5.7600588798522958 16.500000000000004
decision_type=2 2 2 2 2 2 10 2 2 2 10 2 2 2 2 2 2 2 2 2 2 2 2 2 2 2 2 2 2 2
left_child=1 2 3 -1 5 6 10 18 -8 12 11 22 -6 14 -14 16 -16 20 28 -9 -17 -10 24 -24 29 26 -11 -25 -7 -3
right_child=-2 4 -4 -5 9 7 8 19 21 25 -12 -13 13 -15 15 17 -18 -19 -20 -21 -22 -23 23 27 -26 -27 -28 -29 -30 -31
leaf_value=-0.031188832123915294 -0.029976766456271165 -0.00082139888494838875 -0.03799606196339312 0.004071260379375735 -0.0079080082555110891 0.0051701521567180031 0.00056010359403984688 -0.0081025693101697601 0.0070404540951078155 0.00062165563339785363 0.011895400350101662 0.0030157007901010805 -0.0031813045769056307 -0.0081478361181257144 -0.000853299039402764 -0.0048646729397004446 0.0029593027899234162 0.010106079307680567 -0.0038216024220551308 0.0027635101580357024 -0.0010810855231097062 0.002444409663173107 -0.041576450526390717 -0.013176029279374215 0.0055647748705300766 -0.00048512362747350101 0.0055584802779670575 0.0053966931477268422 0.01021457548514355 -0.0039352596146898849
leaf_weight=636.38220230257139 1124.5244621215388 273725.41747078206 1083.1728833634406 3438.2385342307389 6881.9197502862662 12520.954787116498 126727.20981392078 2141.7130863349885 17476.474421752617 28818.633639111184 2307.0694513944909 25238.785257564858 48551.653442699462 5294.5892595136538 47427.939923185855 24404.555315800942 33834.278311167844 1714.4400776633993 1665.8407411286607 15959.165946683846 36890.359060658142 23161.766351859085 486.99917517509311 997.05934204347432 5599.2462405841798 56503.011556033045 16208.417257320136 1334.6604982241988 20160.66294418741 21668.547591946088
leaf_count=44583 94310 673943 12363 13932 16408 23418 263344 5311 28690 58727 2973 52091 111586 12094 102945 52699 66598 3584 3458 30599 78554 51833 4559 5927 15832 115981 28213 4264 34333 49245
internal_value=4.58693e-06 4.43541e-05 -0.00932996 -0.00156117 0.000100943 0.000616423 9.7427e-05 0.00554956 0.00149858 -0.000825922 -0.000610329 -0.000698728 -0.00162862 -0.00140972 -0.00122387 -0.000564791 0.000734451 -0.0022401 0.00769719 0.0014703 -0.00258862 0.00442343 -0.00100748 -0.00957099 -0.000926652 0.000794804 0.00240045 -0.00258964 0.0082863 -0.00105007
internal_weight=863984 862859 5157.79 4074.62 857701 551172 498723 52448.3 167365 306530 331358 329051 205000 198118 192823 144272 81262.2 63009.4 34347.5 18100.9 61294.9 40638.2 303812 2818.72 300993 101530 45027.1 2331.72 32681.6 295394
internal_count=2062397 1968087 70878 58515 1897209 1249820 1152701 97119 343867 647389 808834 805861 444468 428060 415966 304380 169543 134837 61209 35910 131253 80523 753770 14750 739020 202921 86940 10191 57751 723188
is_linear=0
shrinkage=0.03


Tree=143
num_leaves=31
num_cat=0
split_feature=87 40 92 87 24 87 92 24 97 92 87 97 87 97 56 92 97 87 97 24 18 24 87 92 97 87 87 97 92 92
split_gain=1107.17 415.842 409.511 550.291 889.044 696.147 1323.68 1241.25 508.084 514.757 839.876 721.055 529.878 685.919 491.029 486.926 723.766 583.985 441.805 421.899 1134.19 719.294 478.184 738.756 588.833 413.102 364.829 458.846 440.751 364.693
threshold=1.9999099969863894 201.50000000000003 0.72497111558914196 0.55555415153503429 11.500000000000002 0.73684036731719982 0.98017880320549022 11.500000000000002 2.0720701217651372 0.98017880320549022 0.9999774992465974 1.4999940395355227 0.94117507338523876 1.0499929189682009 11.754791259765627 1.1739096045494082 1.1538414955139162 1.0560781955718996 2.9998425245285039 4.5000000000000009 3.5000000000000004 3.5000000000000004 1.1169613003730776 1.4482725262641909 1.5483803749084475 0.90097919106483471 0.66666367650032055 0.97058436274528515 0.59999188780784618 1.4999718666076662
decision_type=2 10 2 2 2 2 2 2 2 2 2 2 2 2 2 2 2 2 2 2 2 2 2 2 2 2 2 2 2 2
left_child=1 2 26 4 -4 6 -5 -8 9 11 -11 12 -7 -14 -13 16 -12 -18 -10 20 21 -17 29 24 -24 -16 28 -28 -1 -21
right_child=-2 -3 3 5 -6 8 7 -9 18 10 15 14 13 -15 25 19 17 -19 -20 22 -22 -23 23 -25 -26 -27 27 -29 -30 -31
leaf_value=-0.0012804884282183598 -0.029947923027827214 0.0064342178179125952 -0.046685639300181173 0.007333494352016621 0.011859374604456159 0.0010883491240988004 -0.041687219954748042 0.0075946474856703307 -0.0028354807639094305 0.004061392271926984 0.00059733859094119267 -0.00035474541613046917 -0.00039007218886063713 -0.0065685615708451607 -0.0064274371875733694 -0.032349836893412601 -0.00075324974151960147 -0.0069055577410114801 -0.029521208000213049 0.0048612404222404182 -0.042022395546250174 0.0088158113746376419 -0.00017654834775274444 0.0026859667732596639 -0.0069158846879258887 -0.018578894849574694 -0.0013395453262137263 -0.0067361643103575541 0.003955940857295729 -0.0070841881161433484
leaf_weight=73931.649126351811 1091.8066866593435 8950.5260009053163 542.79559945687652 22128.465388825163 387.48557662963867 96160.891966201365 982.56013872660697 840.13555332552642 38333.270289568696 63454.232808247209 95314.697226610035 6929.7334965541959 53616.265353782102 23137.357225395739 7604.5467014312744 459.03782197833061 28915.491041876376 26704.252230152488 546.91039951331913 40838.176769122481 726.16913389414549 1866.1926179081202 82579.706917971373 87020.397129438818 13568.239393904805 3772.6595743596554 40511.978197369725 21806.402989991009 17964.859283233061 2420.1859697327018
leaf_count=176996 94139 11959 4072 49580 1043 184788 8576 2426 147553 128236 169559 24271 104474 60744 28126 22808 73850 78804 31920 73672 4380 4514 150789 168686 42292 20751 87142 59090 40666 5732
internal_value=-2.98437e-05 8.74367e-06 -5.8823e-05 0.000249956 -0.0225638 0.000281011 0.00530488 -0.0191358 0.000102323 0.000306169 0.000866752 -0.000995021 -0.00039526 -0.0022538 -0.00665333 0.000333689 -0.000989666 -0.00370853 -0.00322584 0.00120411 -0.00984056 0.000482478 0.00135381 0.000683614 -0.00112883 -0.0104824 -0.00145796 -0.00322948 -0.00025618 0.00418996
internal_weight=863107 862015 853065 698850 930.281 697920 23951.2 1822.7 673968 635088 443867 191221 172915 76753.6 18306.9 380413 150934 55619.7 38880.2 229478 3051.4 2325.23 226427 183168 96147.9 11377.2 154215 62318.4 91896.5 43258.4
internal_count=2061638 1967499 1955540 1591646 5115 1586531 60582 11002 1525949 1346476 923322 423154 350006 165218 73148 795086 322213 152654 179473 472873 31702 27322 441171 361767 193081 48877 363894 146232 217662 79404
is_linear=0
shrinkage=0.03


Tree=144
num_leaves=31
num_cat=0
split_feature=92 24 24 18 92 39 63 48 69 38 72 11 33 49 2 97 24 18 70 33 66 21 11 97 66 53 69 100 92 63
split_gain=706.024 437.718 413.844 1262.03 621.651 449.983 397.266 545.167 455.6 339.332 369.114 314.018 308.785 303.514 285.082 270.746 287.62 253.943 305.331 252.16 291.146 239.225 232.19 223.018 220.684 219.897 212.872 229.571 256.944 205.987
threshold=2.5714037418365483 14.500000000000002 3.5000000000000004 2.5000000000000004 1.4482725262641909 189.50000000000003 0.2414379492402077 0.62499997019767772 0.35776492953300482 47.500000000000007 0.99999707937240612 7.6308279037475595 1.0000000180025095e-35 0.99999925494194042 30.500000000000004 1.4058226346969607 54.500000000000007 36.500000000000007 0.23105625808238986 6.5000000000000009 17.082083702087406 53.500000000000007 91.65256500244142 2.5384352207183842 9.1207294464111346 0.24999999254941943 0.31116706132888799 -1.7824134230613706 1.0909023880958559 0.62499997019767772
decision_type=2 2 2 2 2 10 2 2 2 10 2 2 2 2 2 2 2 2 2 2 2 2 2 2 2 2 2 2 2 2
left_child=2 -2 3 4 -1 6 9 8 14 10 19 24 -11 -12 29 21 -17 18 25 23 -21 -13 -19 -4 -9 -10 27 -22 -29 -8
right_child=1 -3 5 -5 -6 -7 7 11 17 12 13 15 -14 -15 -16 16 -18 22 -20 20 26 -23 -24 -25 -26 -27 -28 28 -30 -31
leaf_value=0.0039326774861006431 -0.032592335463996487 0.0018160323017166367 -0.0038294288705080348 -0.037648770461600395 -0.031425975437938972 0.0071895256544434382 -0.00034036410033628779 -0.007622918465868345 0.0062907721981823629 0.012253789518300131 -0.00045804157363457464 -0.000198078777908347 0.0011736429078557998 0.0030675616103352744 0.0044326818887151492 -0.0031112949044197129 -0.014473303476928047 0.010225213014936141 0.00037558714784855738 0.0001433765147914611 0.0059717413787335298 -0.0070008841262469501 0.0031276273170877888 -0.016896094554323633 0.0073576237574793993 0.0018472429016341001 -0.001465135712138295 -0.007610236271629287 -0.0016714801982638141 0.0017203789133376131
leaf_weight=3407.1402810290456 944.18984103994444 504.98982203751802 29290.022763232701 1036.8456482794136 494.72406834922731 8015.5504424506798 139907.08315345552 1022.3597404491156 21060.529286790639 2354.7877581631765 155639.23922379129 81241.31517851539 48558.531149083748 25569.00718063768 16223.481749050319 24629.860934860073 2165.7169652655721 7824.6439544335008 36090.826514235698 65603.059844549745 1725.4470634534955 4915.0579772479832 8858.5649076141417 1207.1176221035421 5948.4737572409213 19153.154260030948 59785.393405855633 16562.245006624609 10867.945853310637 63431.51113058906
leaf_count=13955 76198 4388 96928 12337 26046 10392 305636 2966 41241 3174 352191 153396 122558 52570 29298 74712 9706 12529 76738 155349 2845 9554 16008 15066 10960 40058 132135 41054 23439 139226
internal_value=3.82753e-05 -0.0207407 7.36647e-05 -0.00856812 -0.000687905 0.000123626 5.67982e-05 0.000693899 0.00135366 -0.000603686 -0.000922712 -0.00102553 0.00169072 3.97149e-05 0.00060814 -0.00140719 -0.00403972 0.00311345 0.00237922 -0.00186511 -0.00137279 -0.000587701 0.00646475 -0.00435736 0.00514502 0.00417636 -0.0024909 -0.00459186 -0.00526021 0.000302591
internal_weight=864039 1449.18 862590 4938.71 3901.86 857651 849635 432473 312550 417163 366249 119923 50913.3 181208 219562 112952 26795.6 92987.7 76304.5 185041 154544 86156.4 16683.2 30497.1 6970.83 40213.7 88941 29155.6 27430.2 203339
internal_count=2062653 80586 1982067 52338 40001 1929729 1919337 922028 660734 997309 871577 261294 125732 404761 474160 247368 84418 186574 158037 466816 354822 162950 28537 111994 13926 81299 199473 67338 64493 444862
is_linear=0
shrinkage=0.03


Tree=145
num_leaves=31
num_cat=0
split_feature=87 69 59 92 24 87 92 87 97 92 97 38 18 66 68 67 52 97 24 20 92 87 97 92 32 92 87 97 83 87
split_gain=1062.94 505.689 524.949 351.994 678.224 1092.3 1576.58 446.658 367.809 361.069 362.697 340.296 330.912 304.106 303.121 416.589 351.734 290.433 413.753 289.257 275.432 575.961 277.432 271.937 308.963 256.409 292.894 300.088 248.724 274.398
threshold=1.9999099969863894 0.31116706132888799 0.36849236488342291 1.2314536571502688 5.5000000000000009 1.3090156912803652 1.9411687254905703 1.0666649341583254 1.1351310014724734 1.0285694003105166 1.999972999095917 45.500000000000007 24.500000000000004 11.923834323883058 0.11271057650446893 3.2444115877151494 3.0410128831863408 1.6249949336051943 46.500000000000007 131.50000000000003 0.74999296665191661 0.79999887943267833 1.0666649341583254 0.93387818336486828 353.50000000000006 1.0909023880958559 1.2499961256980898 1.3499949574470522 0.51724115014076244 1.2307649850845339
decision_type=2 2 2 2 2 2 2 2 2 2 2 10 2 2 2 2 2 2 2 2 2 2 2 2 2 2 2 2 2 2
left_child=1 3 12 7 5 -5 -7 9 -9 11 -11 17 -3 -10 16 -16 -4 20 19 -19 -1 -22 -23 -24 -25 -15 27 -27 -6 -30
right_child=-2 2 14 4 28 6 -8 8 13 10 -12 -13 -14 25 15 -17 -18 18 -20 -21 21 22 23 24 -26 26 -28 -29 29 -31
leaf_value=-0.0027454897795906727 -0.029910316630385212 0.0015183436283853853 -0.00024885046574018373 -0.041349643289278745 -0.0017934446184336521 0.0082519164838430834 -0.038088390238568089 -0.0017263567937524441 -0.00089171340186007986 0.0024595257623772045 -0.0059639130314716165 0.0014014579244176096 0.0052473132745035388 -0.014299000273387891 0.0042036228921831682 0.00027911737804795053 -0.0048135137981424854 -0.0040428210332366906 -0.015367905217512218 0.014079508950934924 0.0047019461989824297 0.00035935563188767636 -0.0056480811586458284 0.0018026257919380496 -0.0059600575929174074 -0.00016876705174973794 -0.019522400505983587 -0.010186430855107377 0.003651062819455196 0.00050049313947375261
leaf_weight=62664.528825215995 1048.6970718814991 63637.732080772053 70465.251023049466 833.92481281142682 21596.754713807255 2602.468338411767 863.50794416572899 54243.269397215918 6924.4468025937676 49094.866807103157 5056.9428030587733 41590.830608136021 32283.087199974805 4706.8430711627007 28819.005597561598 156182.25369252125 19349.814238274004 17404.082137527876 2913.7276169508696 811.15296249184757 17679.63219011575 45612.318545244634 19112.39440421015 14261.790464639664 6797.5144434049726 6301.9219627901912 1280.7526739388704 4678.1808386668563 41060.94206090644 63105.855801316909
leaf_count=143989 94252 143358 170733 12894 54934 13499 27409 111591 20296 94619 19811 95205 59036 16184 58809 326797 45796 67526 15984 2335 33845 81571 49758 30636 15671 11435 4199 16523 85761 138277
internal_value=-9.79944e-06 2.7273e-05 0.000863661 -0.000604009 0.0007341 -0.0109541 -0.00344552 -0.00108595 -0.00309355 -0.000531472 0.001671 -0.00105274 0.0027742 -0.00619351 0.000196662 0.000890855 -0.00123312 -0.00159792 -0.00490925 -0.00322125 -0.00117623 -0.000225431 -0.0012418 -0.00305907 -0.000706288 -0.00835355 -0.00605157 -0.00444765 0.0011354 0.00174286
internal_weight=862984 861936 370737 491199 130063 4299.9 3465.98 361135 78135.4 283000 54151.8 228848 95920.8 23892.1 274816 185001 89815.1 187257 21129 18215.2 166128 103464 85784 40171.7 21059.3 16967.7 12260.9 10980.1 125764 104167
internal_count=2062733 1968481 804529 1163952 332774 53802 40908 831178 180228 650950 114430 536520 202394 68637 602135 385606 216529 441315 85845 69861 355470 211481 177636 96065 46307 48341 32157 27958 278972 224038
is_linear=0
shrinkage=0.03


Tree=146
num_leaves=31
num_cat=0
split_feature=87 24 92 87 39 94 3 34 16 38 65 46 92 93 97 24 92 92 87 98 20 68 24 26 24 40 100 61 92 40
split_gain=1032.81 484.702 784.22 1019.58 427.098 481.186 491.206 408.855 374.936 355.936 305.823 343.521 294.171 398.818 300.679 327.622 412.365 336.314 667.707 281.026 294.874 335.32 272.015 270.727 264.142 253.487 230.414 228.107 343.709 223.454
threshold=1.9999099969863894 3.5000000000000004 1.4482725262641909 0.99150994420051586 189.50000000000003 -1.7321708798408506 4.5000000000000009 25.500000000000004 16.500000000000004 134.50000000000003 0.27812938392162329 8.7577090263366717 0.81080934405326854 0.59999188780784618 1.3770461678504946 7.5000000000000009 2.2499620914459233 1.4482725262641909 1.1999891996383669 1.3529375791549685 7.5000000000000009 0.19999999552965167 13.500000000000002 49.500000000000007 66.500000000000014 65.500000000000014 -1.601034343242645 24.886126518249515 1.4999718666076662 1.0000000180025095e-35
decision_type=2 2 2 2 10 2 2 2 2 10 2 2 2 2 2 2 2 2 2 2 2 2 2 2 2 8 2 2 2 10
left_child=1 2 3 -1 5 7 9 27 10 12 11 -8 22 -14 19 16 -16 18 24 20 -15 -22 23 -7 -17 -5 -24 -3 29 -29
right_child=-2 4 -4 25 -6 6 8 -9 -10 -11 -12 -13 13 14 15 17 -18 -19 -20 -21 21 -23 26 -25 -26 -27 -28 28 -30 -31
leaf_value=-0.038701618832874166 -0.029879981959645013 0.0014888852355510115 -0.032822449548152235 0.01772179350160984 0.0070258985227894923 -0.00078808290851206577 0.0040156075154187754 0.0039100805726170534 -0.0027525399724164616 0.0054288326432687375 0.0050186680385125842 -0.00018699303808752699 0.0029271257941457214 0.0033494977076610308 -0.0067485244270673612 -0.0014551194137386136 -0.038442910915034698 0.00051891588066494787 -0.010439961726617606 0.0020125365156100144 -0.0030669885633784885 -0.00014217133770479874 0.0043434061247208553 0.017410603236610329 -0.013490339862301141 -0.0014118676024917629 -0.0041183587156816345 -0.00450232408296966 0.0059624186033203561 -0.00029045126743731177
leaf_weight=597.8880530372262 1019.9130543475039 122548.26766751148 995.16434204671532 800.39552666991949 7895.9114252775908 34462.404950655065 24811.2945603095 38699.092115277424 18453.036902840249 7748.4035062026232 22084.504947197624 59323.868037112057 26099.508096386679 14117.948369696736 6338.9433010611683 53746.483502306975 373.90650284010917 36429.664861664176 9460.7870531082153 39536.083461754024 54584.568973734975 99678.972230672836 3030.1816362738609 731.73695092834532 1673.4051084816456 2581.7048105206341 58895.199977630749 12836.06799370423 7219.8451121039689 95942.146789873019
leaf_count=5886 94549 260123 51070 2452 9853 99000 48601 66657 37332 13606 39480 120997 61634 29225 33421 158729 4324 103691 30057 73769 109627 178840 5397 1578 8506 11551 143450 34187 15547 208706
internal_value=-6.40745e-07 3.54174e-05 -0.00928257 -0.00326192 8.97442e-05 2.5059e-05 -0.000472403 0.00105061 0.00119256 -0.000936905 0.00187831 0.00105301 -0.00104946 -0.000635649 -0.000930132 -0.00221395 -0.00862286 -0.00178768 -0.00308256 -0.000262977 -0.000797445 -0.00117735 -0.00250642 -0.000400032 -0.00182326 0.0031938 -0.00370303 0.00058643 -0.000367077 -0.000788198
internal_weight=862717 861697 4975.15 3979.99 856722 848826 571581 277245 124673 446908 106220 84135.2 439160 342040 315941 108023 6712.85 101310 64880.7 207918 168381 154264 97119.5 35194.1 55419.9 3382.1 61925.4 238546 115998 108778
internal_count=2061845 1967296 70959 19889 1896337 1886484 1301264 585220 246410 1054854 209078 169598 1041248 791823 730189 338728 37745 300983 197292 391461 317692 288467 249425 100578 167235 14003 148847 518563 258440 242893
is_linear=0
shrinkage=0.03


Tree=147
num_leaves=31
num_cat=0
split_feature=87 24 18 24 39 71 46 94 100 66 69 97 98 90 72 31 38 8 35 44 17 27 98 39 19 32 91 98 98 68
split_gain=1001.27 439.165 1103.22 642.905 431.201 389.758 1207.34 468.971 339.573 342.386 310.304 308.278 320.728 290.915 286.276 286.144 277.157 273.688 259.104 318.663 240.868 237.14 214.817 213.243 208.408 207.559 206.401 202.912 199.084 261.26
threshold=1.9999099969863894 3.5000000000000004 2.5000000000000004 2.5000000000000004 189.50000000000003 1.6802091002464297 7.4054245948791513 -1.7321708798408506 -1.0285679101943968 23.662130355834964 0.079854510724544539 1.838701665401459 1.4881096482276919 -0.61711242794990528 0.99999707937240612 42.500000000000007 134.50000000000003 9.5000000000000018 68.61890029907228 0.49752463400363928 23.081549644470218 4.5000000000000009 1.0370353460311892 139.50000000000003 5.5000000000000009 95.500000000000014 0.83524826169013988 2.1599935293197636 0.86511582136154186 0.12988352030515674
decision_type=2 2 2 2 10 2 2 2 2 2 2 2 2 2 2 2 10 2 2 2 2 2 2 10 2 2 2 2 2 2
left_child=1 2 3 -1 5 7 -7 10 22 16 -3 12 15 -11 -12 -8 17 23 19 -14 -19 -15 25 -10 -22 -9 -13 -20 29 -16
right_child=-2 4 -4 -5 -6 6 11 8 9 13 14 26 18 21 28 -17 -18 20 27 -21 24 -23 -24 -25 -26 -27 -28 -29 -30 -31
leaf_value=-0.030859305884258767 -0.02985016452189717 -0.0024583556853425385 -0.037000881638708585 0.0032657794187127935 0.0070190795741439287 0.0086705991652487047 -0.00033623575160388741 0.0026023261605304655 -0.0018011735059275617 0.00033304666318636952 0.00018917977402094018 -0.013242439892009471 -0.015029833817090606 5.1259087215622499e-05 -0.0045287737102938149 0.0086310473905929653 0.0056174566207969016 0.0023128851766730887 0.0040298538732541815 0.0057750151175650953 -0.0030638165430212803 -0.0037567113628923583 0.0034279289310287374 0.0038956935681819386 0.00075166327096595992 -0.0012371723582628494 -0.0024896520140520999 0.014453738174349346 0.0033053235900450044 0.0019038750269579348
leaf_weight=562.03675171500072 990.66108476789668 24136.691614444368 981.80781141668558 3378.004261136055 7962.6039872895926 18136.468928491697 86452.394132824615 18433.715212685987 134640.8502854621 27265.55995781254 127959.70413269661 1992.1490737274289 1359.3053301163018 17587.548068352044 7386.6974563989788 3305.7897956892848 6368.6449713660404 39739.126854525879 20474.096772763878 1259.4932248406112 21380.810211420991 90185.347357815132 22198.748677713796 6166.7481377609074 32361.293960711919 40422.997304838151 8044.1360802454874 1816.0726302228868 64853.30231142696 24391.002309908159
leaf_count=44478 94473 56691 12459 13957 9942 31442 162821 34188 379700 58760 279426 7848 3947 42150 14902 4535 11133 92798 44218 2849 49297 209392 38189 10719 66402 72766 28924 3518 135981 43835
internal_value=-7.33807e-06 2.76832e-05 -0.00888977 -0.00173335 7.91466e-05 1.38421e-05 0.00144281 -0.000275517 -0.000846291 -0.00122623 0.000772611 0.0003904 0.000831956 -0.00243513 0.00112003 -4.12195e-06 -0.000547737 -0.00071579 0.0038423 -0.00505595 0.000542559 -0.00313539 0.000914604 -0.00155116 -0.000766866 -3.41794e-05 -0.00464611 0.00489133 0.00235238 0.000406704
internal_weight=862194 861203 4921.85 3940.04 856281 848319 142840 705479 456751 375696 248727 124703 114667 135038 224591 89758.2 240657 234289 24909 2618.8 93481.2 107773 81055.5 140808 53742.1 58856.7 10036.3 22290.2 96631 31777.7
internal_count=2061740 1967267 70894 58435 1896373 1886431 290102 1596329 1065494 920351 530835 258660 221888 310302 474144 167356 610049 598916 54532 6796 208497 251542 145143 390419 115699 106954 36772 47736 194718 58737
is_linear=0
shrinkage=0.03


Tree=148
num_leaves=31
num_cat=0
split_feature=87 77 46 11 10 100 43 63 41 41 63 10 63 92 87 6 87 6 38 20 79 98 97 37 38 16 28 31 92 24
split_gain=975.119 474.545 500.978 1111.48 302.408 290.59 292.315 288.993 286.099 302.33 264.027 261.437 236.187 232.367 659.006 227.256 212.271 226.902 225.378 227.642 211.729 203.106 208.105 200.611 236.413 200.79 421.9 267.805 212.419 225.133
threshold=1.9999099969863894 0.85714071989059459 8.3414168357849139 5.6935076713562021 10.500000000000002 -0.91950619220733631 0.66666659712791454 0.4705882221460343 7.3529813289642343 4.8223359584808358 0.31045190989971166 6.5000000000000009 0.31045190989971166 2.2499620914459233 1.5999855995178225 4.5000000000000009 1.7999919056892397 1.5000000000000002 45.500000000000007 43.500000000000007 -2.9411203861236568 0.66521698236465465 1.1194007396698 128.50000000000003 inf 4.5000000000000009 16.500000000000004 15.500000000000002 1.1538428664207461 4.5000000000000009
decision_type=2 2 2 2 2 2 2 2 2 2 2 2 2 2 2 2 2 2 10 2 2 2 2 8 8 2 2 2 2 2
left_child=1 12 3 13 8 7 10 21 9 -5 -7 -8 16 23 -15 -16 18 -18 -1 -20 -12 -4 -23 24 25 26 28 -27 -3 -30
right_child=-2 2 5 4 -6 6 11 -9 -10 -11 20 -13 -14 14 15 -17 17 -19 19 -21 -22 22 -24 -25 -26 27 -28 -29 29 -31
leaf_value=-0.0017653953876005648 -0.029819239748851763 0.00038687666115367014 -0.0051055905715726071 0.0055437214004867355 -0.0076364741772786682 -0.0015724562533539481 -0.0021763188218465097 0.0038224189478628166 0.0020873221754981858 0.012717948585704681 -0.0014474433411943385 -0.0086952100865749678 0.00017288420941321303 -0.045392762897495283 -0.018321325622652054 0.0046643117216495378 -0.030250851238271689 -0.0027553244127526007 0.00030420649104425729 0.010678444373770477 0.0025939680761840628 0.0019493874176185952 -0.0035887775403891458 0.014442176207514789 -0.0046986599245647026 -0.0099319630938179988 0.0096924199918256414 0.0024040814222075213 -0.010683295352694633 0.0025063116794346095
leaf_weight=171816.61096586846 961.47003394551575 154465.75161742326 6505.6329131098464 9895.5237183035351 1183.6273246575147 64074.684768403415 36788.930842670146 25364.769546596799 6227.1902952077799 11462.822387535591 17238.325438145548 6503.6715101860464 147223.51839871891 348.0797919742763 510.53016619291157 1413.3387769348919 452.26777385361493 641.56004788540304 30945.395677663386 2008.5140001382679 36010.121565205045 26373.211438626051 7925.1506841182709 972.72383349016309 6524.1186589919962 3376.6953934114426 5155.106714034453 2955.6439141854644 1163.2512416229583 76878.167300692759
leaf_count=430994 94439 339225 12473 18012 2566 143822 87079 40745 12004 18060 39461 15745 328977 2952 10062 4536 28902 1742 74972 3813 73720 42124 16070 2381 26403 8617 8520 5155 8384 160428
internal_value=6.654e-05 0.00010055 0.000686477 0.0015294 0.00711571 -0.000363692 -0.00105293 0.00130915 0.00775376 0.00940236 -0.000275308 -0.00315919 -0.000744621 0.000895566 -0.00861391 -0.00156105 -0.00140073 -0.014463 -0.00132955 0.000942601 0.00128557 -0.000254262 0.000668366 0.000982151 0.00092874 0.00107958 0.00122018 -0.00418463 0.00103152 0.00230703
internal_weight=863366 862405 509317 282533 28769.2 226784 160616 66168.8 27585.5 21358.3 117323 43292.6 353088 253763 2271.95 1923.87 205864 1093.83 204771 32953.9 53248.4 40804 34298.4 251491 250519 243995 237662 6332.34 232507 78041.4
internal_count=2062383 1967944 1098544 627305 50642 471239 359827 111412 48076 36072 257003 102824 869400 576663 17550 14598 540423 30644 509779 78785 113181 70667 58194 559113 556732 530329 516557 13772 508037 168812
is_linear=0
shrinkage=0.03


Tree=149
num_leaves=31
num_cat=0
split_feature=87 94 39 92 24 18 24 87 24 18 87 97 69 63 18 38 97 87 92 87 97 92 70 92 87 92 87 24 51 97
split_gain=941.14 428.61 405.693 420.97 600.39 736.777 949.805 502.955 535.257 390.862 354.273 880.464 341.571 320.158 463.19 312.765 299.51 369.792 422.062 598.162 588.456 332.71 298.491 289.474 510.99 745.402 386.796 374.26 281.905 368.845
threshold=1.9999099969863894 -1.6565646529197691 139.50000000000003 1.071426570415497 4.5000000000000009 3.5000000000000004 3.5000000000000004 0.79999887943267833 10.500000000000002 48.500000000000007 1.0084735453128817 1.0666649341583254 0.31116706132888799 0.14285712689161303 17.500000000000004 37.500000000000007 1.999972999095917 1.0312786102294924 1.4482725262641909 1.2307649850845339 1.1538414955139162 1.1739096045494082 0.12535714358091357 0.86841949820518505 0.66666367650032055 0.94736656546592724 0.83333018422126781 32.500000000000007 13.799578666687013 1.5882226824760439
decision_type=2 2 10 2 2 2 2 2 2 2 2 2 2 2 2 10 2 2 2 2 2 2 2 2 2 2 2 2 2 2
left_child=1 12 3 10 5 6 -5 8 -6 15 23 -12 -1 -14 -15 16 17 -9 19 21 -21 -19 -16 27 25 -25 -26 -3 -28 -30
right_child=-2 2 -4 4 7 -7 -8 9 -10 -11 11 -13 13 14 22 -17 -18 18 -20 20 -22 -23 -24 24 26 -27 28 -29 29 -31
leaf_value=9.5422325463516105e-05 -0.029787221558852411 -0.00073772118159571578 0.003301819192118876 -0.031751638624377243 -0.045380500285291642 -0.039113639003392833 0.0077800391853976893 0.0035611559483687163 -0.0024137129641790709 0.0061345692191555135 -0.00099597214055714895 -0.0090608925223911695 0.00014973968665235314 0.00094138515138766227 0.0097832098742745184 0.0044187882900395608 -0.0028332315188452123 -0.0020262854338596393 0.00185596014338128 -0.001360198102074976 -0.0086673296331803099 0.0019170629176869375 0.0039997605266572315 0.0091258865863802878 0.005624079877448002 -0.039026249277920783 0.0022330162513503398 -0.0044251348023956185 -0.00061705402702507013 -0.0092233112293663051
leaf_weight=158776.87524295133 930.34387422911823 83379.75896467641 25572.136633014772 781.68478256417438 422.32717153988779 711.00518752541393 1704.7171187326312 28668.866512008011 642.18031211476773 10585.621284836903 39060.121224623173 17689.247438669205 45611.116952205542 40026.327952517197 10615.170391226187 15311.86006547045 29492.752367694862 31308.327893897891 65500.001999564469 27782.975431069732 15414.371481202543 49955.274007432163 33080.66413266398 482.63422370702028 12156.201584717259 679.45870410744101 29519.647521831095 35230.167320597917 47123.339614056051 4933.3874868601561
leaf_count=344604 93933 212055 44102 47571 3397 7548 4864 53667 2145 18882 83403 53590 97247 87977 18247 33442 117558 65878 128138 50997 41006 92716 61525 1408 26469 6908 65693 82965 91745 22829
internal_value=5.07092e-05 8.35949e-05 -0.000390238 -0.000562472 0.000256534 -0.0126278 -0.00480228 0.0004072 -0.0199827 0.000487863 -0.00140576 -0.00351218 0.00102775 0.00217213 0.00327362 0.000260512 3.56589e-06 0.000386469 -9.29789e-05 -0.00111878 -0.00397045 0.000397689 0.00540859 -0.000845603 0.000389356 -0.0192119 0.000636418 -0.00183354 -0.000108021 -0.00143589
internal_weight=863149 862218 574108 548536 278282 3197.41 2486.4 275085 1064.51 274020 270254 56749.4 288110 129333 83722.2 263434 248123 218630 189961 124461 43197.3 81263.6 43695.8 213505 94894.7 1162.09 93732.6 118610 81576.4 52056.7
internal_count=2062509 1968576 1358976 1314874 667809 59983 52435 607826 5542 602284 647065 136993 609600 264996 167749 583402 549960 432402 378735 250597 92003 158594 79772 510072 215052 8316 206736 295020 180267 114574
is_linear=0
shrinkage=0.03


Tree=150
num_leaves=31
num_cat=0
split_feature=87 77 48 63 66 92 97 24 48 93 18 99 18 69 87 24 98 39 94 38 92 58 38 51 32 0 26 24 63 30
split_gain=911.706 437.997 483.352 413.526 346.808 385.223 304.76 448.093 329.185 295.9 294.892 294.35 288.276 282.511 271.662 271.433 270.675 269.73 236.025 246.029 229.837 222.924 218.396 214.605 202.781 215.466 201.13 199.515 197.995 200.678
threshold=1.9999099969863894 0.65109765529632579 0.71428564190864574 0.31045190989971166 19.334230422973636 0.72497111558914196 1.1351310014724734 76.500000000000014 0.23809523135423663 1.0909023880958559 50.500000000000007 -0.7603241205215453 39.500000000000007 0.054916601628065116 1.7999919056892397 56.500000000000007 1.0621109604835512 151.50000000000003 -0.79500663280487049 174.50000000000003 1.9999889731407168 0.33333325386047369 47.500000000000007 6.9821574687957773 252.50000000000003 4.5000000000000009 157.50000000000003 54.500000000000007 0.19999996572732928 18.500000000000004
decision_type=2 2 2 2 2 2 2 2 2 2 2 2 2 2 2 2 2 10 2 10 2 2 10 2 2 2 2 2 2 2
left_child=1 14 3 4 12 9 8 10 16 -6 24 21 17 -5 22 -14 -7 18 -3 27 -16 -4 28 -13 25 -8 -25 -20 -1 -30
right_child=-2 2 11 13 5 6 7 -9 -10 -11 -12 23 15 -15 20 -17 -18 -19 19 -21 -22 -23 -24 26 -26 -27 -28 -29 29 -31
leaf_value=-0.0024081254036559868 -0.029759146188525768 0.0022483599254647297 -0.0064742968039893274 -0.00232570611178293 -0.005668896268678566 0.00072008299907885343 -0.0020286295763711328 -0.013155808751228411 -0.0026266242056023031 0.010515728610710623 0.0085753215334631212 0.0061383216754882664 0.013100488687627292 0.0022272628236939766 -0.029265527250237292 0.0030646682488350984 0.005040268771982187 0.0057242437209665022 -0.00045512502901321383 0.012421735561005738 -0.00084137903412602271 0.00071718731199957471 0.0010831017676494286 -0.003022811875950646 -0.0046801202336349537 0.0019303544735256152 -0.0086911551864047795 -0.010912968280757914 -0.0038741739857322843 -6.9553885102738446e-05
leaf_weight=92480.395536555909 906.69400543067604 40880.169424110092 4283.2821557112038 13177.081574892625 18299.081711793318 41796.11743648909 37454.229387187865 2902.3618687689304 17225.12857991457 1058.3632695358247 2669.3026788756251 1931.0096068861894 2778.4846412539482 174464.05752672162 545.84888956323266 18395.33730494976 18964.722326811869 8855.8624290861189 96098.971453208476 1296.5912408479489 469.8240702804178 39362.625738398172 38554.795874374919 30466.753829511348 14696.28249928914 18452.040990290232 6906.5781549606472 1650.4593162313104 14227.773306750692 100416.14917616453
leaf_count=252580 94201 83317 9440 30293 42544 73184 94133 9854 31031 1956 5350 4194 4623 348933 16769 36295 29087 12816 260677 1862 16794 73757 91696 76286 35357 41662 18030 4262 48412 212020
internal_value=-1.87516e-05 1.32666e-05 0.000442199 0.000774838 0.000156085 -0.000787314 -0.000286155 -0.00163558 0.00103201 -0.00477407 -0.00117579 -0.0016873 0.00111923 0.00190732 -0.00105437 0.00439271 0.00206972 0.000652843 0.000331105 -0.000460516 -0.0163874 8.7939e-06 -0.00098965 -0.00356979 -0.00154678 -0.000721731 -0.00407441 -0.000633898 -0.00137555 -0.000542316
internal_weight=861666 860760 614065 531115 343474 173518 154160 76174.2 77986 19357.4 73271.9 82950.2 169956 187641 246695 21173.8 60760.8 148782 139926 99046 1015.67 43645.9 245679 39304.3 70602.6 55906.3 37373.3 97749.4 207124 114644
internal_count=2061415 1967214 1328943 1147236 768010 364158 319658 186356 133302 44500 176502 181707 403852 379226 638271 40918 102271 362934 350118 266801 33563 83197 604708 98510 171152 135795 94316 264939 513012 260432
is_linear=0
shrinkage=0.03


Tree=151
num_leaves=31
num_cat=0
split_feature=87 40 3 15 40 40 92 26 33 87 30 92 98 87 92 100 27 92 87 98 26 10 66 87 70 30 59 20 18 87
split_gain=882.211 406.587 424.143 531.109 392.698 505.316 441.99 359.387 345.507 326.838 415.899 396.61 392.921 341.017 439.228 317.291 308.548 273.095 523.068 266.085 263.359 252.503 252.373 249.478 244.281 242.919 242.321 225.32 222.003 227.455
threshold=1.9999099969863894 120.50000000000001 7.5000000000000009 16.500000000000004 68.500000000000014 47.500000000000007 0.69230568408966076 32.500000000000007 24.500000000000004 0.79999887943267833 14.500000000000002 0.96428340673446666 1.4999967217445376 0.9999774992465974 1.2499972581863406 -0.60456594824790943 28.500000000000004 1.7999940514564516 1.4999831318855288 0.99418526887893688 20.500000000000004 14.500000000000002 10.598414421081545 1.2307649850845339 0.2779421359300614 65.500000000000014 0.14285714179277423 27.500000000000004 23.500000000000004 1.1342321634292605
decision_type=2 10 2 2 8 10 2 2 2 2 2 2 2 2 2 2 2 2 2 2 2 2 2 2 2 2 2 2 2 2
left_child=1 2 3 4 5 6 7 -1 -9 10 -8 12 -11 -13 15 23 26 19 -19 -3 -14 -4 -18 27 -23 -22 -6 -15 -16 -30
right_child=-2 17 21 -5 16 -7 9 8 -10 11 -12 13 20 14 28 -17 22 18 -20 -21 25 24 -24 -25 -26 -27 -28 -29 29 -31
leaf_value=0.00050476592628580729 -0.029726990387074732 0.00092726681363744989 0.002231995926858374 -0.0026019243566880283 -0.00046471838023714519 0.0027604518401707951 -0.0089252040131423908 -0.0077923202808992545 -0.0019443271574661465 -0.0010619527407489762 0.0038501246637414619 0.0033071316724766512 0.0084154738001457827 0.0048016954201756685 0.00065169772111274961 -0.0035847283251576358 0.01276273505824342 -0.025824823698416197 0.0011373025808630514 0.0050811582283131033 -0.012468145548649785 -0.015790653434286941 0.0011912487155066771 -0.0044320084697282861 -0.00111865393400471 -0.00089496903200051196 -0.0029694687451001325 -0.00017427948639170906 0.0082265222256305108 0.002126456226122642
leaf_weight=23377.868771382608 880.26336025027558 29422.58132400969 82092.078725457191 89077.993787868414 62814.05955900019 65006.728587676305 2438.3632210856304 14850.130657369271 23450.891528531909 69193.469750583172 34411.849677948281 36351.483180168085 814.11337430030107 10419.999310985208 70262.256881763693 35154.78035896644 1982.9741338808089 858.1568517126143 2460.3887492539361 26269.773545149248 5980.8173182159662 1208.498396422714 11115.834843390621 9423.8672054186463 6077.5830092709512 2246.675651691854 77842.666858408134 37996.194115117192 7638.2606366612017 19613.169683435932
leaf_count=56195 94301 54759 158698 193721 199764 142307 11492 39305 50134 144242 74580 77920 2202 18860 170257 91126 3884 2827 6391 43039 22120 2985 23027 19196 11981 6899 217026 70585 13941 37767
internal_value=-4.48369e-05 -1.37595e-05 -0.000190866 -0.000435585 -0.000125457 0.000306191 -8.9204e-05 -0.00242626 -0.0042146 0.000332463 0.0030004 1.00463e-05 -0.00183157 0.000645253 0.000137038 -0.00133788 -0.00144094 0.00238903 -0.00594789 0.00288775 -0.00770594 0.00175679 0.00295979 2.8499e-05 -0.00358877 -0.0093177 -0.00185113 0.000898177 0.0015436 0.00384101
internal_weight=860734 859854 800843 711464 622386 468631 403624 61678.9 38301 341945 36850.2 305095 78235.1 226860 190509 92994.8 153756 59010.9 3318.55 55692.4 9041.61 89378.2 13098.8 57840.1 7286.08 8227.49 140657 48416.2 97513.7 27251.4
internal_count=2061531 1967230 1860214 1686550 1492829 1049128 906821 145634 89439 761187 86072 675115 175463 499652 421732 199767 443701 107016 9218 97798 31221 173664 26911 108641 14966 29019 416790 89445 221965 51708
is_linear=0
shrinkage=0.03


Tree=152
num_leaves=31
num_cat=0
split_feature=87 30 32 24 18 97 24 66 92 87 30 24 18 92 87 97 99 87 92 30 32 87 97 30 24 20 24 18 92 87
split_gain=862.204 386.098 1087.16 868.636 580.054 690.547 543.374 512.526 470.582 525.197 435.346 525.465 361.22 358.779 737.26 553.866 369.858 359.905 546.213 358.58 360.209 351.404 346.925 301.816 629.386 372.94 374.722 614.833 423.253 1429.43
threshold=1.9999099969863894 55.500000000000007 81.500000000000014 28.500000000000004 17.500000000000004 2.5384352207183842 23.500000000000004 12.533740520477297 1.5999960303306582 1.3090156912803652 37.500000000000007 40.500000000000007 21.500000000000004 1.0588193535804751 1.0312786102294924 1.5483803749084475 -0.096156012266874299 0.91547426581382763 0.91885957121849071 37.500000000000007 105.50000000000001 0.83333018422126781 2.833312034606934 27.500000000000004 18.500000000000004 29.500000000000004 13.500000000000002 11.500000000000002 1.9999889731407168 1.5999855995178225
decision_type=2 2 2 2 2 2 2 2 2 2 2 2 2 2 2 2 2 2 2 2 2 2 2 2 2 2 2 2 2 2
left_child=1 3 -3 4 5 6 23 -5 9 10 -9 12 -12 15 -15 -4 17 18 -17 20 -8 -6 -7 24 25 26 28 -28 -1 -30
right_child=-2 2 13 7 21 22 19 8 -10 -11 11 -13 -14 14 -16 16 -18 -19 -20 -21 -22 -23 -24 -25 -26 -27 27 -29 29 -31
leaf_value=0.00045546454075741957 -0.029698008984470056 0.0076641653985117363 -6.3820943307861939e-05 0.00090226134341014181 0.0081751359109453817 -0.0078805476897379385 -0.012066144275337256 -0.012706873929409277 0.0052949394030711886 -0.016769773715753271 -0.0061560246454610426 -0.011041938379112354 0.00014328689841040728 0.0058164133775273933 0.00051027160064433892 -0.014057496113637498 0.0050856655683762077 -0.018082493624942818 0.010223064248819995 -0.0018997114113060416 0.0037156419965076099 0.0018386304404879373 -0.029802247288063868 0.0012806005676157986 -0.0068981225259138563 0.0040288712531753217 -0.0064628269624703158 0.0023510380981256944 -0.032692127931353281 0.0023566824205356754
leaf_weight=128065.95962997107 855.91163616906852 19623.435792893171 205855.51443840936 17948.346077488735 9931.2231995370239 4653.5398094952106 7203.7667035907507 5587.681992072612 3755.8905265107751 3561.887584656477 13203.501057438552 7417.4661280047148 21532.470391156152 29228.864050799981 121343.66481257882 2024.0674245208502 1570.1706382632256 3291.9336729496717 1390.0500020012259 18979.419400915504 1577.8649915382266 37880.48678897135 741.40335387736559 128125.01429063082 13259.243488494307 17494.793146192096 21137.475083328784 10725.473408691585 1499.6318630352616 3361.4744601976126
leaf_count=354657 94207 33055 388824 47917 21810 18630 23459 21695 8569 9927 32010 30184 55253 49508 216457 9505 6465 19850 4049 37635 3928 84436 52922 241541 42343 42371 57953 27392 7405 18974
internal_value=5.12113e-05 8.14398e-05 0.000789241 -0.000488089 5.53947e-05 -0.000360441 -0.000196614 -0.00349949 -0.0049342 -0.00568485 -0.00485115 -0.00380429 -0.00225331 0.000418926 0.00154093 -0.000370109 -0.00796994 -0.0110328 -0.00416976 -0.004223 -0.00922851 0.00315769 -0.0109921 0.000148968 -0.00059256 -0.000133192 -0.000575489 -0.00349635 0.00012507 -0.00854539
internal_weight=862828 861972 384328 477644 404637 356825 351430 73007.2 55058.9 51303 47741.1 42153.4 34736 364704 150573 214132 8276.22 6706.05 3414.12 27761.1 8781.63 47811.7 5394.94 323669 195544 182285 164790 31862.9 132927 4861.11
internal_count=2062931 1968724 727713 1241011 1035456 929210 857658 205555 157638 149069 139142 117447 87263 694658 265965 428693 39869 33404 13554 65022 27387 106246 71552 792636 551095 508752 466381 85345 381036 26379
is_linear=0
shrinkage=0.03


Tree=153
num_leaves=31
num_cat=0
split_feature=92 69 59 69 63 12 30 10 92 97 87 100 27 3 38 97 98 8 87 97 51 98 97 40 79 86 84 87 30 40
split_gain=595.235 456.066 430.699 524.792 434.763 357.544 350.976 363.233 342.495 336.662 327.466 301.133 323.129 286.309 275.678 270.711 407.747 299.905 268.407 260.218 249.779 308.022 290.865 246.915 246.294 244.26 243.309 241.397 219.808 218.541
threshold=2.5714037418365483 0.14285712689161303 0.18749999254941943 0.21876078099012378 0.31045190989971166 11.500000000000002 18.500000000000004 12.500000000000002 1.1249905228614809 2.5384352207183842 1.0434762239456179 -0.33335696160793299 63.500000000000007 4.5000000000000009 174.50000000000003 1.7072894573211672 1.622949540615082 8.5000000000000018 1.1169613003730776 1.1194007396698 13.799578666687013 0.89096388220787059 1.0319222211837771 inf -4.0030791759490958 1.9999869465827944 -0.29299956560134882 0.79999887943267833 83.500000000000014 15.500000000000002
decision_type=2 2 2 2 2 2 2 2 2 2 2 2 2 2 10 2 2 2 2 2 2 2 2 8 2 2 2 2 2 10
left_child=1 14 -3 26 8 -2 9 11 10 -6 15 23 -13 -10 24 16 20 -18 -15 25 21 -5 -23 -8 -1 -12 -4 -17 -24 -29
right_child=5 2 3 4 6 -7 7 -9 13 -11 19 12 -14 18 -16 27 17 -19 -20 -21 -22 22 28 -25 -26 -27 -28 29 -30 -31
leaf_value=-0.0046162577876680613 -0.03474815182680728 0.0020556769701837148 -0.0047272922148420635 -0.0016432273263836704 -0.001620644472092645 -0.0035753688427969388 0.0022162875295817278 -0.004401121702850167 -8.1797427996853917e-05 -0.022232072894228062 -0.00076887015044565122 0.005026369682581083 0.02160842613820662 0.0067015823621468613 0.0068543754086780916 -0.00084630067577915109 0.00026897176722144979 0.0093104733707892861 0.0014025276253221124 -0.0079616455301219496 -0.002311906466102547 0.0059704950564973937 -0.0010935073448541431 -0.0041312861238895675 -0.00098488884035157756 -0.0089563537929693536 -0.00092255663954288441 -0.013437020179592158 0.0045196330508351376 -0.0023888074551725227
leaf_weight=18383.643169413786 682.38689061440527 120082.01444102405 26135.272132386919 34684.527107439935 14987.537538898177 636.17243616236374 116631.1440694239 7312.2924273805693 72509.61708344752 729.1528018899262 20362.143923186697 16839.190608805045 1111.4969401806593 12598.016693938524 3779.2434480357915 7963.2893110420555 6376.556870393455 6829.9716888666153 27081.652608710807 9421.5789907872677 47049.560212947428 12665.588949710131 21338.017317570746 5771.097085586749 194380.92689943034 3890.0649345768616 35905.596404162701 3680.6338854506612 8873.5143624618649 2872.3911309689283
leaf_count=44083 73288 268398 60209 70708 48897 7179 214637 15181 176354 7689 39353 38993 2404 22872 6354 28722 16006 14993 53733 28515 96492 21514 49778 13796 505342 8742 85340 16858 15338 10849
internal_value=3.64307e-06 3.47468e-05 0.000435389 6.3743e-05 0.000411971 -0.0199862 0.00165574 0.0021094 -0.000269553 -0.00260392 -0.00105911 0.00244918 0.00607603 0.00103948 -0.00115614 -0.000467086 -5.63805e-05 0.00495194 0.00308747 -0.00373546 -0.000587881 0.000458254 0.00215818 0.00191638 -0.00129906 -0.00208844 -0.00252634 -0.00436088 0.000557043 -0.00861625
internal_weight=861564 860246 643702 523620 461579 1318.56 163382 147665 298197 15716.7 186008 140353 17950.7 112189 216544 152334 137818 13206.5 39679.7 33673.8 124611 77561.6 42877.1 122402 212765 24252.2 62040.9 14516.3 30211.5 6553.03
internal_count=2062617 1982150 1426371 1157973 1012424 80467 341597 285011 670827 56586 417868 269830 41397 252959 555779 341258 284829 30999 76605 76610 253830 157338 86630 228433 549425 48095 145549 56429 65116 27707
is_linear=0
shrinkage=0.03


Tree=154
num_leaves=31
num_cat=0
split_feature=24 87 87 40 69 59 69 59 69 59 38 24 30 37 38 59 89 44 15 3 28 100 65 17 30 3 42 77 83 78
split_gain=496.058 664.159 831.605 439.226 368.949 557.835 413.331 426.902 441.225 340.653 267.278 262.178 376.065 244.888 253.52 262.931 230.59 234.179 256.606 228.589 210.171 274.294 201.087 251.416 190.263 182.246 180.194 176.474 176.212 168.226
threshold=3.5000000000000004 1.3090156912803652 0.99150994420051586 201.50000000000003 0.14285712689161303 0.18749999254941943 0.28950069844722753 0.35522720217704779 0.40914593636989599 0.45468235015869146 174.50000000000003 44.500000000000007 81.500000000000014 49.500000000000007 174.50000000000003 0.13636363297700885 -1.2199997305870054 0.99999958276748668 37.500000000000007 2.5000000000000004 15.500000000000002 -0.35474815964698786 0.24999995529651645 97.95255279541017 16.500000000000004 7.5000000000000009 16.550414085388187 0.92502108216285717 1.02754682302475 1.5918357372283938
decision_type=2 2 2 10 2 2 2 2 2 2 10 2 2 8 8 2 2 2 2 2 2 2 2 2 2 2 2 2 2 2
left_child=1 2 -1 4 10 -6 22 19 11 25 13 26 -13 14 15 29 20 18 -18 -8 -11 -22 23 28 -24 -10 -9 -14 -7 -2
right_child=3 -3 -4 -5 5 6 7 8 9 16 -12 12 27 -15 -16 -17 17 -19 -20 -21 21 -23 24 -25 -26 -27 -28 -29 -30 -31
leaf_value=-0.037680965802957871 -0.001102398472783478 -0.031774985751352028 0.0014442547032755529 0.0067206511249547638 0.0021572166494516353 -0.0027042957898936485 0.0012055611262676805 -0.00051369331800459929 0.0022701829600595522 0.00064925182201498819 0.0073210218211221386 -0.014672188322358779 -0.0080975584702450282 0.0082905163435154413 -0.0053936204673204619 -0.0033252722610897078 -0.00067944326388156315 0.0014467692962767151 -0.0046034178611470862 0.0045624416356812936 0.0036558261272849543 0.018790744279457323 -0.0090186679780990767 -0.0050165033264627824 0.0010120042513875047 0.0081625698668922001 -0.0063710771321885415 -0.00099927024095972268 -4.0323108110086597e-05 0.0012564081398992344
leaf_weight=549.2521253824234 118774.04641517391 950.17110627144575 3455.9861124642193 8648.7035597744398 117874.60732259322 45833.524073227774 56495.158458099235 42582.090805798303 28289.68008165108 40106.444904643111 3279.798499493394 3227.7979411128908 4694.8940261602402 2356.8518713703379 13328.341070246883 38784.224556350149 82542.787297673989 35266.427724613808 18312.188562365714 26969.302674194798 10759.971351072192 1180.3009870760143 1773.6741944416426 21527.910295973066 33264.17361652106 5659.0905990400352 5297.81301993737 9531.4196044877172 43592.714918456972 35278.492730983067
leaf_count=5879 287617 74809 19181 11518 258990 112433 124478 99059 59877 86828 4946 11047 9911 7289 59335 94923 198365 75046 40465 50813 19320 2530 7511 50217 65587 9830 12789 17480 101714 82563
internal_value=-5.28527e-05 -0.0094981 -0.00408169 2.09604e-06 -6.66979e-05 0.000295068 -0.00012964 0.000402586 -0.000145879 0.000491609 -0.00115086 -0.00231264 -0.00545812 -0.0012848 -0.00139505 -0.00111815 -7.54413e-06 -0.000656936 -0.00139269 0.00229108 0.00169045 0.00518084 -0.00148171 -0.00210729 0.00049938 0.00325664 -0.00116419 -0.00334989 -0.00140599 -0.000562132
internal_weight=860188 4955.41 4005.24 855232 846584 634782 516907 370915 287451 222117 211802 65334 17454.1 208522 206165 192837 188168 136121 100855 83464.5 52046.7 11940.3 145992 110954 35037.8 33948.8 47879.9 14226.3 89426.2 154053
internal_count=2062350 99869 25060 1962481 1950963 1414290 1155300 817838 642547 492261 536673 150286 38438 531727 524438 465103 422554 313876 238830 175291 108678 21850 337462 264364 73098 69707 111848 27391 214147 370180
is_linear=0
shrinkage=0.03


Tree=155
num_leaves=31
num_cat=0
split_feature=92 24 92 97 98 97 97 24 98 97 32 98 87 98 32 92 87 24 92 87 92 87 93 30 87 92 87 87 97 30
split_gain=456.466 496.89 385.158 361.412 606.941 463.146 414.127 950.52 646.034 328.716 355.656 339.234 329.897 321.896 314.168 302.485 896.999 397.262 319.128 563.808 375.085 462.826 296.695 285.457 284.267 286.909 286.267 278.255 434.502 253.1
threshold=2.5714037418365483 13.500000000000002 0.49999436736106878 1.8888836503028872 1.8482762575149538 2.9998425245285039 1.2558100223541262 68.500000000000014 1.3235265016555788 1.0666649341583254 595.50000000000011 0.86511582136154186 1.7999919056892397 0.83999547362327587 85.500000000000014 1.5999960303306582 1.3333133459091189 7.5000000000000009 1.3333277702331545 1.0666649341583254 0.74999296665191661 0.70588049292564403 1.4039901494979861 41.500000000000007 0.73684036731719982 0.86841949820518505 0.88888442516326915 0.49999436736106878 0.91303813457489025 77.500000000000014
decision_type=2 2 2 2 2 2 2 2 2 2 2 2 2 2 2 2 2 2 2 2 2 2 2 2 2 2 2 2 2 2
left_child=2 -2 27 4 6 -5 8 13 9 11 -11 12 14 22 -4 16 18 -17 19 20 21 -15 -8 -14 -22 26 -26 -1 -29 -6
right_child=1 -3 3 5 29 -7 7 -9 -10 10 -12 -13 23 15 -16 17 -18 -19 -20 -21 24 -23 -24 -25 25 -27 -28 28 -30 -31
leaf_value=-0.00071910193030696827 -0.034932198527009552 0.0017201074040732675 0.0015516454055207176 -0.0016995437508820624 0.0026468647920695741 -0.029381550590005402 0.0063406162734034252 -0.011726007772579986 0.0033777729556757072 -0.00079912042037464347 -0.007593491758376176 0.0018301121958845855 -0.028588028804770179 -0.0010387862164397252 -0.0010343719382742221 -0.012301753301992473 -0.010151300854123064 0.0042289169792570488 0.0028947204892567774 -0.005108299858825 0.0070399792159019483 -0.012043372793171631 -0.010365393961782862 0.004065089480527766 -0.0014236588193370647 0.00099475233723515322 -0.01200386443181304 -0.0025427505107029681 -0.011971812960466208 0.0092367633175545506
leaf_weight=36245.095235336572 683.61453431565315 628.40349462488666 66456.171338193119 70111.997254782822 49814.682284521405 528.30767419748008 8868.1693764757365 7303.3246356323361 62801.634617925622 111235.42969414778 7375.4526767581701 126388.87150492892 655.9166932720691 11331.009461075068 116144.09279828891 1411.4655451457947 9907.1300120032392 15277.087616838515 18113.998853422701 27930.447666741908 5744.9997472986579 4921.6160247474909 1054.0430432609282 367.45261081680655 9366.2300430908799 58189.736485905945 3034.3726343140006 17499.100290907547 5862.5987661108375 5848.8711999505758
leaf_count=87115 74928 5529 132963 249591 131300 34600 22801 27545 112885 216464 14366 224929 31580 30963 211869 7953 28414 29402 34016 75429 12277 17502 3280 1326 26748 135132 11802 40698 16900 12785
internal_value=-6.67202e-05 -0.017615 -3.95329e-05 0.000133791 0.000332202 -0.00191483 8.34652e-05 -0.00113699 0.000536618 0.000120196 -0.00122282 0.000634078 -0.000189266 -0.000694169 -9.3141e-05 -0.00100952 -0.00143984 0.00281775 -0.000815916 -0.00137401 -0.000246656 -0.0043819 0.00454864 -0.0170104 0.000634699 0.000111559 -0.00402775 -0.00236555 -0.00491718 0.00334237
internal_weight=861101 1312.02 859789 800183 729542 70640.3 673879 182454 491425 428623 118611 310013 183624 175150 182600 165228 148540 16688.6 138632 120518 92588 16252.6 9922.21 1023.37 76335.3 70590.3 12400.6 59606.8 23361.7 55663.6
internal_count=2063092 80457 1982635 1837922 1553731 284191 1409646 463264 946382 833497 230830 602667 377738 435719 344832 409638 372283 37355 343869 309853 234424 48465 26081 32906 185959 173682 38550 144713 57598 144085
is_linear=0
shrinkage=0.03


Tree=156
num_leaves=31
num_cat=0
split_feature=92 24 69 59 69 63 48 98 32 30 24 92 17 79 96 48 68 66 98 87 96 30 17 63 93 9 38 39 69 59
split_gain=449.554 470.634 413.786 433.14 412.061 372.991 366.095 283.707 354.551 309.488 360.158 397.017 357.607 270.899 268.96 252.11 242.9 238.978 234.562 226.789 217.563 213.072 289.32 201.784 214.89 209.908 200.136 204.614 212.975 408.552
threshold=2.5714037418365483 13.500000000000002 0.14963311702013019 0.18749999254941943 0.22727272659540179 0.31045190989971166 0.49999998509883886 0.89096388220787059 85.500000000000014 87.500000000000014 50.500000000000007 1.1052591800689699 116.5895347595215 -4.0030791759490958 2.6963728666305546 0.38095237314701086 0.15384615212678912 21.117223739624027 1.188676178455353 1.090906620025635 2.9999967813491826 33.500000000000007 21.360403060913089 0.45018158853054052 1.2999970912933352 10.500000000000002 134.50000000000003 139.50000000000003 0.095238093286752715 0.13636363297700885
decision_type=2 2 2 2 2 2 2 2 2 2 2 2 2 2 2 2 2 2 2 2 2 2 2 2 2 2 10 10 2 2
left_child=2 -2 13 -4 17 7 21 8 -6 10 20 14 18 -1 -12 16 -14 -5 -11 -13 -9 22 -7 24 -8 -25 27 28 -15 -30
right_child=1 -3 3 4 5 6 23 9 -10 12 11 19 15 26 -16 -17 -18 -19 -20 -21 -22 -23 -24 25 -26 -27 -28 -29 29 -31
leaf_value=-0.0043830982062429535 -0.034721455726864296 0.0012464858946620973 0.0021444481552749901 -0.00016206481980761688 0.00076767451879066178 0.0032014162709120475 -0.0061938803729400067 0.00027906011276342688 -0.0032504743787822111 0.0019950261942096562 -0.012200726049229411 0.0085539641087564126 -0.0032395031885153768 -0.0019416212505424955 0.0051192482946776988 -0.0088798220343630756 0.0032306789016088547 -0.0037108843964708798 0.0072767919272223999 -0.004510024192034898 -0.0071712904984360453 0.0036183034194805265 -0.0026644556669264707 0.0016446862135532086 0.0022535439845275357 -0.0034395648668109962 0.0038308590434208232 0.0038652520938206548 0.0018495179301769957 -0.0025388278246528842
leaf_weight=20012.660076075234 665.07255204673856 624.568311822135 110386.95802211063 31487.476941729896 32089.320808324963 17104.490188359283 8903.1083763930947 138966.26545825554 51407.617577054538 16196.264971457422 6069.4702694043517 2124.6236785538495 8581.1069604828954 113992.60153635172 918.88822884857655 2774.3569132387638 13273.490579009056 37302.953669778537 14218.612923189998 2684.587516611442 3599.422636538744 68654.798389124684 13540.538805216085 36611.357678742614 3880.1810150952078 9110.2659389046021 8291.7577473027632 7714.653679034207 47397.206803448498 31945.082285480108
leaf_count=47989 74725 5603 246160 75275 71768 43244 20503 339554 98906 27016 23991 5466 17249 321947 3441 6004 22390 85296 23609 7727 11382 122738 38901 77937 8015 18883 16655 12795 108408 77957
internal_value=1.39757e-05 -0.0175493 4.07444e-05 0.000438005 7.53385e-05 0.000405448 0.00158113 -0.000228024 -0.00170642 0.000361562 -0.00032719 -0.00536001 0.0022925 -0.00105021 -0.00991524 -0.000394731 0.000689553 -0.002087 0.00446735 0.00127294 8.99781e-05 0.00269007 0.000609527 -0.00030135 -0.00363027 0.000630562 -0.000731208 -0.00091972 -0.00111104 8.24716e-05
internal_weight=860530 1289.64 859240 629886 519499 450709 157805 292904 83496.9 209407 154363 11797.6 55043.8 229354 6988.36 24629 21854.6 68790.4 30414.9 4809.21 142566 99299.8 30645 58504.9 12783.3 45721.6 209341 201050 193335 79342.3
internal_count=2061534 80328 1981206 1395455 1149295 988724 330221 658503 170674 487829 391561 40625 96268 585751 27432 45643 39639 160571 50625 13193 350936 204883 82145 125338 28518 96820 537762 521107 508312 186365
is_linear=0
shrinkage=0.03


Tree=157
num_leaves=31
num_cat=0
split_feature=30 24 18 98 30 40 40 24 30 18 26 32 93 24 30 32 18 24 30 18 98 30 24 18 32 43 19 98 61 24
split_gain=397.268 791.628 446.686 377.297 374.546 352.622 492.011 417.415 1227.3 793.239 418.991 407.617 369.726 367.471 1106.89 552.619 536.505 543.608 517.208 478.76 437.086 398.202 480.34 310.543 293.97 289.036 316.877 283.082 279.99 276.39
threshold=125.50000000000001 68.500000000000014 44.500000000000007 1.6666417121887209 98.500000000000014 120.50000000000001 78.500000000000014 46.500000000000007 81.500000000000014 31.500000000000004 88.500000000000014 286.50000000000006 0.40540467202663427 25.500000000000004 49.500000000000007 73.500000000000014 16.500000000000004 32.500000000000007 37.500000000000007 24.500000000000004 1.188676178455353 29.500000000000004 19.500000000000004 14.500000000000002 419.50000000000006 0.37499995529651647 9.5000000000000018 0.66521698236465465 10.26995372772217 39.500000000000007
decision_type=2 2 2 2 2 10 8 2 2 2 2 2 2 2 2 2 2 2 2 2 2 2 2 2 2 2 2 2 2 2
left_child=1 2 5 24 -5 6 7 9 10 13 -9 -10 -8 21 16 -16 -15 18 28 -20 -17 22 -1 -24 -3 26 -12 -2 -18 -22
right_child=27 3 -4 4 -6 -7 12 8 11 -11 25 -13 -14 14 15 20 17 -19 19 -21 29 -23 23 -25 -26 -27 -28 -29 -30 -31
leaf_value=0.00053892352959024391 -0.0047159673566317421 -0.0054769010099440995 0.0051500702080241453 -0.0089984333396551947 0.010041440825531 0.0021053323436553539 0.0013398437530876045 0.00088525772457211842 0.0024417420070036171 0.005845455654404739 -0.0083932577621890405 -0.0016898392519272363 -0.0026339791383373501 -0.01185878996005006 0.0066139442098914168 -0.0011077056225822699 0.001169566551640687 -0.0076488933678171061 5.6084840085501244e-06 0.012779753369411661 0.0041025402763912701 0.0023176009055785778 -0.010916705904132715 -0.0020102672694245157 -0.016640714472903349 -0.014656603516580364 0.0035552148009561518 0.0031450676876885611 -0.0087691249518694631 -0.00093215634980858852
leaf_weight=108793.30165834492 4479.3507361114025 4183.936601229012 14580.424906341359 1886.2823017165065 1795.40714340657 57928.701628071722 25739.354485787917 4942.4654791429639 39604.154448792338 23353.809935029596 15034.576380617917 46943.147314459085 115921.07001267001 7353.5671540927142 12581.288838230073 94258.752262801863 3604.6410248256288 16387.795091085136 17812.651952700689 3080.136111093685 30535.443837415427 108867.77232988318 5369.7172206006944 10209.395094090607 4350.9891813024879 5609.8686247244477 2291.8477429077029 49534.206189930439 8672.8544725989923 14446.789974182844
leaf_count=338413 8297 12613 29304 11253 4238 113133 78648 13358 67852 44654 50183 85735 388906 20251 21043 174923 10752 57782 37926 5408 52155 201805 17719 33840 15023 20373 6742 76771 30140 32033
internal_value=1.39243e-06 -0.000165519 -4.88065e-05 -0.00773786 0.00029061 -0.0001462 -0.000327049 6.02454e-05 -0.0015629 0.000459434 -0.0070347 0.000200905 -0.00191186 0.000174586 -0.000739784 0.000597862 -0.00430716 -0.00318229 -0.000972287 0.00189927 5.33999e-05 0.000992877 -0.000166889 -0.00509015 -0.0111937 -0.00874064 -0.0068105 0.00249165 -0.00585399 0.00248587
internal_weight=860154 806140 793924 12216.6 3681.69 779343 721414 579754 114426 465328 27878.8 86547.3 141660 441974 208734 151822 56911.6 49558.1 33170.3 20892.8 139241 233240 124372 15579.1 8534.93 22936.3 17326.4 54013.6 12277.5 44982.2
internal_count=2061273 1976205 1933078 43127 15491 1903774 1790641 1323087 244243 1078844 90656 153587 467554 1034190 442413 280154 162259 142008 84226 43334 259111 591777 389972 51559 27636 77298 56925 85068 40892 84188
is_linear=0
shrinkage=0.03


Tree=158
num_leaves=31
num_cat=0
split_feature=92 24 77 46 39 39 41 41 48 58 39 39 3 84 68 92 24 87 37 92 65 59 65 16 79 28 31 8 24 21
split_gain=506.994 396.303 358.33 382.8 1075.48 329.147 296.771 312.627 286.515 407.217 279.325 265.429 261.407 261.167 257.154 242.752 615.445 340.508 239.835 225.217 215.614 229.577 212.354 187.656 186.944 230.427 205.459 184.43 214.432 184.228
threshold=2.5714037418365483 13.500000000000002 0.65109765529632579 8.7577090263366717 9.5000000000000018 189.50000000000003 7.3529813289642343 5.406846523284913 0.77777770161628734 0.56280338764190685 47.500000000000007 65.500000000000014 14.500000000000002 -0.19078843295574185 0.097674418240785613 2.2499620914459233 7.5000000000000009 1.6666597127914431 3.5000000000000004 0.54545119404792797 0.19999998062849048 0.18749999254941943 0.24999999254941943 10.500000000000002 -4.5603346824645987 11.500000000000002 15.500000000000002 5.5000000000000009 46.500000000000007 22.500000000000004
decision_type=2 2 2 2 8 10 2 2 2 2 10 10 2 2 2 2 2 2 8 2 2 2 2 2 2 2 2 2 2 2
left_child=2 -2 10 4 6 15 7 -4 9 12 20 -12 13 14 -5 18 -17 -18 19 -6 21 27 -15 -9 26 -26 -21 -1 -29 -10
right_child=1 -3 3 8 5 -7 -8 23 29 -11 11 -13 -14 22 -16 16 17 -19 -20 24 -22 -23 -24 -25 25 -27 -28 28 -30 -31
leaf_value=-0.001971787380438478 -0.03474065783193029 -0.0013552254401242203 0.0044723008576494049 -0.0090685015317061111 -0.0038751170982791977 0.0081868096724182406 0.0013410707109927967 0.011796083063721296 -0.0014596415602141531 0.0032187194451678957 0.0036955498383112661 -0.00050787727455731449 0.0023763650816545508 -0.00025240700665909641 -0.0017098831626150529 -0.04362428305549361 -0.020573961858598003 0.0062694695481770252 0.0017750035143462683 -0.0054407304223541009 9.0810894508960724e-05 -0.0033349723720095211 0.0046882448573076869 -0.00028141085905312752 0.00014003227523582591 0.004466951772992808 0.0022444335822164579 0.0031698098785672632 -0.0044284973502766826 -0.0058043133267141195
leaf_weight=40258.554737322964 650.83589015901089 615.11771948123351 16849.937622714322 4524.573694460094 13261.657645892352 4905.5381680601276 10530.149098738097 12006.06618217146 51590.340305165388 32229.084186855238 19795.329082942102 42545.73187220376 24830.695130120963 56615.66964759212 72271.346851805691 371.04966364102438 604.3259570337832 1315.5449033929035 86882.383685416542 10235.842917026486 54332.42472386267 69482.654589045793 9065.7441358300857 1280.1782989269122 177369.75820796937 11794.86370049417 4493.3121490366757 15703.055946764071 4226.6058805193752 10572.869608191773
leaf_count=137349 74907 5550 31695 11066 31661 6320 20767 19554 117359 62093 43353 99239 46976 121589 150628 5390 3364 4196 209199 24961 123915 187866 17463 2454 403657 21748 7927 36747 10182 23567
internal_value=3.05785e-05 -0.0187923 5.87247e-05 0.000446745 0.0010929 0.000493246 0.00567981 0.00719395 -0.000422142 0.000131961 -0.000907725 0.000827606 -0.000462965 -0.000958062 -0.00214568 0.000369515 -0.00931705 -0.00230515 0.000443111 -8.98845e-05 -0.00149569 -0.00216035 0.000430751 0.0106337 0.00015667 0.00041027 -0.00309641 -0.000803673 0.00155557 -0.00220022
internal_weight=861211 1265.95 859945 613601 351901 311234 40666.3 30136.2 261700 199537 246344 62341.1 167308 142477 76795.9 306329 2290.92 1919.87 304038 217155 184003 129671 65681.4 13286.2 203894 189165 14729.2 60188.2 19929.7 62163.2
internal_count=2062742 80457 1982285 1343634 792893 718423 74470 53703 550741 409815 638651 142592 347722 300746 161694 712103 12950 7560 699153 489954 496059 372144 139052 22008 458293 425405 32888 184278 46929 140926
is_linear=0
shrinkage=0.03


Tree=159
num_leaves=31
num_cat=0
split_feature=78 18 24 18 24 40 44 46 39 39 39 40 38 68 97 98 24 18 31 97 24 37 65 70 24 20 97 97 97 66
split_gain=466.423 460.563 317.634 741.686 458.744 322.97 286.963 324.837 719.4 281.629 366.257 273.418 257.408 255.657 233.256 331.813 329.794 273.044 259.065 253.534 449.429 225.675 228.429 264.738 218.823 283.002 319.669 242.083 222.904 217.145
threshold=1.5306115150451662 16.500000000000004 3.5000000000000004 2.5000000000000004 2.5000000000000004 201.50000000000003 0.99999958276748668 8.3414168357849139 12.500000000000002 45.500000000000007 65.500000000000014 62.500000000000007 174.50000000000003 0.1052631549537182 1.4058226346969607 1.4498255252838137 70.500000000000014 49.500000000000007 18.500000000000004 1.1739092469215395 70.500000000000014 70.500000000000014 0.1052631549537182 0.09090908989310266 19.500000000000004 29.500000000000004 1.999972999095917 0.97058436274528515 1.6666417121887209 9.8692598342895526
decision_type=2 2 2 2 2 10 2 2 8 10 10 8 10 2 2 2 2 2 2 2 2 8 2 2 2 2 2 2 2 2
left_child=2 24 3 4 -1 6 7 8 -4 12 -11 -6 21 -9 15 19 17 18 -16 -15 -21 22 -10 -24 25 26 28 -26 -2 -3
right_child=1 29 5 -5 11 -7 -8 13 9 10 -12 -13 -14 14 16 -17 -18 -19 -20 20 -22 -23 23 -25 27 -27 -28 -29 -30 -31
leaf_value=-0.030582999131031272 -0.0001618347064039856 0.0063363434310437965 0.0042636083470597615 -0.03627539075349058 0.018495317415124737 0.0063881712115662972 0.0018782981149410552 -0.0054447180980093839 -0.0019487030569255079 0.0030006078311641152 -0.00048915787145356593 -0.0033984823332652101 0.010687511116279943 -0.00054603454291399461 -0.0021877872579581267 0.0029363876526683429 -0.015956522710002349 0.01517003994222243 -0.010309224373841418 -0.0027486952881812369 -0.017560652178046091 0.0082067850854908586 0.004838675442292913 -0.0005639368101512664 3.9133427086639281e-05 0.0049961728480604839 -0.0075150430942351985 -0.005925088018852739 0.0059456427675357009 0.0021401603255972223
leaf_weight=432.34192335559055 53941.464149586391 12544.032285401132 31847.400732595008 705.34344095364213 662.4239156441763 6398.5651040095836 47115.28582300432 14056.718434677925 142938.48236591509 42456.652709928807 74595.67859551264 2055.0576639953069 1662.4349876306951 95638.554996566381 36498.110965390224 19834.822757646441 1726.5536686703563 740.77411766164005 3897.1131693925709 22964.33405063767 1986.1048379540443 2309.4033685484901 8931.7167925271206 92632.452285718638 13632.139560893178 11242.619350506458 4890.1918968027458 11101.65690474771 5953.7034378382377 95742.855104587507
leaf_count=43398 136366 25460 61343 14777 2731 8548 97715 34122 405356 90626 162925 12430 2360 169893 114574 35336 10242 1621 12738 47355 5639 7130 17788 213567 25391 27305 42506 27930 20258 185627
internal_value=3.61504e-05 0.0012692 -0.000359172 -0.00892258 -0.0026072 -0.00030797 -0.000374923 -0.000553487 -5.93725e-05 -0.000436235 0.000776929 0.00203457 -0.00100775 -0.00154834 -0.00124895 -0.000657465 -0.00318554 -0.00264203 -0.00297601 -0.00124898 -0.00394088 -0.00108739 -0.00117584 -8.79633e-05 -0.000190592 0.000606911 -0.000156093 -0.00264051 0.000447043 0.00262733
internal_weight=861135 209049 652086 3855.17 3149.82 648231 641833 594717 397374 365527 117052 2717.48 248474 197343 183286 140424 42862.6 41136 40395.2 120589 24950.4 246812 244503 101564 100762 76028 64785.4 24733.8 59895.2 108287
internal_count=2063057 490843 1572214 73336 58559 1498878 1490330 1392615 961095 899752 253551 15161 646201 431520 397398 258223 139175 128933 127312 222887 52994 643841 636711 231355 279756 226435 199130 53321 156624 211087
is_linear=0
shrinkage=0.03


Tree=160
num_leaves=31
num_cat=0
split_feature=92 18 92 78 87 93 97 92 87 97 87 97 93 100 99 92 87 92 97 87 32 98 18 48 18 65 40 92 87 92
split_gain=412.229 407.937 378.432 355.715 293.648 266.458 283.538 307.49 259.886 255.769 255.192 330.968 248.903 243.465 334.82 238.214 261.557 500.362 714.398 369.859 240.433 263.073 238.156 239.175 236.831 227.953 226.58 273.722 388.158 222.811
threshold=2.5714037418365483 12.500000000000002 0.49999436736106878 1.1180118322372439 0.55555415153503429 0.56666633486747753 1.7999514341354372 1.4999718666076662 1.1428542733192446 2.3854792118072514 0.49999436736106878 0.58064264059066784 1.4423058032989504 -0.28399202227592463 -0.83001324534416188 0.62499824166297924 0.86956349015235912 0.98017880320549022 1.1351310014724734 0.97056105732917797 419.50000000000006 1.4999967217445376 43.500000000000007 0.66666659712791454 6.5000000000000009 0.1602469086647034 78.500000000000014 0.85713458061218273 0.66665667295455944 0.89999762177467357
decision_type=2 2 2 2 2 2 2 2 2 2 2 2 2 2 2 2 2 2 2 2 2 2 2 2 2 2 8 2 2 2
left_child=2 -2 10 5 -5 29 15 8 12 24 -1 25 13 14 -8 -7 26 18 -18 -19 -20 -22 -6 -24 -9 -12 27 28 -17 -4
right_child=1 -3 3 4 22 6 7 9 -10 -11 11 -13 -14 -15 -16 16 17 19 20 -21 21 -23 23 -25 -26 -27 -28 -29 -30 -31
leaf_value=-0.00069290917417532977 -0.034360048339544612 -0.00041878197412376805 0.00031834511649855997 0.0085301530524431474 0.00063080175983803088 -0.0048844572437934724 -0.0019153261437836805 -0.010135290792969246 -0.011446785408102038 -0.0050922670865914434 -0.0030204747586194294 -0.0073668874263644966 0.0020287077466623889 -0.0026050034622378598 -0.014874924769775541 0.011873125360204483 -0.00091461091765723346 0.0039669203526271268 -0.0065959134480438105 -0.00024222361274133788 -0.023720220397808477 -0.00090878952056104535 0.0044557829462914126 -0.005301243686473397 0.0039136984828937451 0.0079740432177870506 -0.0018364785089279225 0.0060893012145989186 -0.00029181107073183684 0.0038025633648803283
leaf_weight=36201.775757423602 604.32777657965198 652.04312546784058 62111.860160101205 4589.3827296607196 271401.38711444195 9953.5813105078414 3124.719041088596 1169.4275832530111 4232.382009036839 5468.5382315148599 5994.9860684368759 15047.101708933711 5817.4731260947883 13679.779985968955 4214.9002479910851 2612.3530208468437 48289.468010425568 20584.133431889117 15915.207168012857 213193.16422343068 1563.2460029870272 640.79575554281473 24828.94776551798 2470.698795132339 11792.632616123185 2344.3480135928839 12033.97112179175 14830.324683297426 22862.689639925957 22485.05358041171
leaf_count=87037 74459 6298 146706 10521 599765 24796 11169 7624 16256 34743 15142 38057 23046 53528 18693 4802 93928 36313 48921 450398 5246 2150 45968 5547 31282 4597 27375 27060 49606 62251
internal_value=8.99829e-06 -0.0170275 3.42983e-05 0.000206141 0.00101562 -0.000288283 -0.000603197 -0.00273247 -0.00455265 0.000337484 -0.00227168 -0.00471291 -0.00345768 -0.00497661 -0.00937779 -0.00031229 -0.000182925 -0.000524165 -0.00282178 0.0001287 -0.00789794 -0.0171559 0.000899605 0.00356951 0.00263255 8.19802e-05 0.00177367 0.00285193 0.000963985 0.0012451
internal_weight=860711 1256.37 859454 799866 303290 496576 411979 49499.9 31069.3 18430.6 59588.2 23386.4 26836.9 21019.4 7339.62 362479 352525 300186 66408.7 233777 18119.2 2204.04 298701 27299.6 12962.1 8339.33 52339.3 40305.4 25475 84596.9
internal_count=2063284 80757 1982527 1837694 661801 1175893 966936 196341 122692 73649 144833 57796 106436 83390 29862 770595 745799 636956 150245 486711 56317 7396 651280 51515 38906 19739 108843 81468 54408 208957
is_linear=0
shrinkage=0.03


Tree=161
num_leaves=31
num_cat=0
split_feature=92 78 69 63 70 54 46 39 44 18 11 69 38 39 66 17 65 92 90 97 87 62 18 15 65 32 83 72 22 37
split_gain=537.298 424.153 294.915 396.828 317.65 310.04 279.562 494.071 337.159 270.551 251.169 249.352 251.033 248 287.551 202.95 368.823 201.105 207.187 245.144 287.768 198.655 195.064 417.669 215.337 279.092 190.697 199.012 185.611 176.592
threshold=2.5714037418365483 1.5306115150451662 0.17166539281606677 0.4705882221460343 0.44680850207805639 0.12499998882412912 8.7577090263366717 9.5000000000000018 0.59999993443489086 12.500000000000002 10.228926181793215 0.062791101634502425 174.50000000000003 45.500000000000007 32.560260772705085 116.5895347595215 0.27812938392162329 1.3043456673622134 -0.19741335511207578 1.5882226824760439 0.85713735222816478 2.8354587554931645 19.500000000000004 15.500000000000002 0.11378020420670511 54.500000000000007 0.61224293708801281 0.84523674845695507 1.5000000000000002 49.500000000000007
decision_type=2 2 2 2 2 2 2 8 2 2 2 2 10 10 2 2 2 2 2 2 2 2 2 2 2 2 2 2 2 8
left_child=1 2 5 6 21 11 7 -4 10 -2 -8 12 29 22 28 -12 -17 18 19 -10 -21 -5 -9 24 25 -24 27 -27 -15 -1
right_child=9 -3 3 4 -6 -7 8 13 17 -11 15 -13 -14 14 -16 16 -18 -19 -20 20 -22 -23 23 -25 -26 26 -28 -29 -30 -31
leaf_value=-0.0026974925988016169 -0.034097750183790347 0.0012616114260527304 0.0050665503060968705 0.0067374039911925181 -0.0031093594934233316 -0.003024257109415862 -0.012721083415987938 -0.0019471681974470897 0.0014722133523692826 -0.0057213002461227059 -0.00086025344525335128 0.00059584500479017565 0.0069181242858578412 0.0020173623827517626 -0.0014861900947908068 -0.0061031738218033336 0.00024382450015714537 0.0046021925193834501 -0.0057002807930068072 0.010179602317755226 -0.013496226046566428 0.0019255337864753398 0.0079629377662281797 -0.0028406863356729753 0.0046082654494278537 -0.011238798889614092 0.00098791487780331821 -0.001017703430525665 0.0081865681938444804 0.0062376510624978093
leaf_weight=54925.051432870794 584.22277312539518 208754.67445155419 17851.996996605303 8522.8707109508105 10571.439667787403 61200.471210891847 2168.2486836840399 71873.566490451805 26075.946909874678 624.87187111889943 37827.067149706185 82660.125377217308 2723.2906746682711 42294.596867302433 22106.050834391266 24665.416002915241 12366.297138614114 8973.3369240681641 5608.8523517688736 581.6081146961078 2016.0712727028877 80846.617785088718 3647.3888110034168 24384.521123885177 17704.394417359494 2772.971805293113 14654.496734404005 4451.4960058871657 4881.8296802910045 2047.0814088154584
leaf_count=161285 74214 465115 32805 17358 24995 149025 5607 202171 47074 6314 82095 193361 4549 88555 50394 57186 24637 17345 13066 1757 9059 170720 8535 54260 34283 7310 30607 9859 9012 9232
internal_value=5.67511e-05 8.51047e-05 -0.000292536 0.000138634 0.00180406 -0.00123897 -0.000341238 0.000279219 -0.00151009 -0.0197643 -0.00270009 -0.000471128 -0.00194827 -0.000130591 0.00133631 -0.00240652 -0.00398468 0.000609271 -0.000437939 0.000594684 -0.00815805 0.00238583 -0.00085927 0.000297377 0.00206791 0.000303763 -0.000979186 -0.00496107 0.00265895 -0.00237437
internal_weight=860367 859158 650403 446847 99940.9 203556 346906 226623 120283 1209.09 77027 142356 59695.4 208771 69282.5 74858.8 37031.7 43255.8 34282.5 28673.6 2597.68 89369.5 139489 67615.3 43230.7 25526.4 21879 7224.47 47176.4 56972.1
internal_count=2061785 1981257 1516142 998690 213073 517452 785617 527791 257826 80528 169525 368427 175066 494986 147961 163918 81823 88301 70956 57890 10816 188078 347025 144854 90594 56311 47776 17169 97567 170517
is_linear=0
shrinkage=0.03


Tree=162
num_leaves=31
num_cat=0
split_feature=24 18 92 78 18 40 92 87 92 87 92 97 87 97 18 24 18 92 87 24 39 92 87 97 26 18 15 97 87 92
split_gain=414.341 995.291 637.741 356.698 304.161 276.628 262.027 446.619 924.801 1291.6 512.461 705.898 430.188 812.479 389.165 298.863 830.233 479.316 261.873 974.076 257.758 251.578 461.548 399.563 245.888 246.731 239.366 228.654 261.798 276.901
threshold=3.5000000000000004 2.5000000000000004 1.4482725262641909 1.5306115150451662 17.500000000000004 201.50000000000003 1.0434752106666567 1.0666649341583254 1.4482725262641909 0.99999713897705089 1.4482725262641909 1.7072894573211672 1.0084735453128817 0.99141335487365734 12.500000000000002 5.5000000000000009 4.5000000000000009 1.9999889731407168 0.79999279975891124 13.500000000000002 22.500000000000004 0.88684234023094188 0.86956349015235912 1.3499949574470522 8.5000000000000018 43.500000000000007 10.500000000000002 2.2499577999114995 1.3333133459091189 1.5999960303306582
decision_type=2 2 2 2 2 10 2 2 2 2 2 2 2 2 2 2 2 2 2 2 8 2 2 2 2 2 2 2 2 2
left_child=1 2 -1 5 -5 6 12 8 18 -10 11 24 21 -14 20 16 17 -12 19 -8 -13 26 -23 -24 -9 -26 -2 28 -17 -30
right_child=3 -3 -4 4 -6 -7 7 10 9 -11 15 14 13 -15 -16 27 -18 -19 -20 -21 -22 22 23 -25 25 -27 -28 -29 29 -31
leaf_value=0.0029444358909552272 -0.00072070677782249553 -0.036286582384412541 -0.030736087899807182 -2.9808773151981852e-05 0.0022669244770293314 0.0059085032513326793 -0.046088505127498416 0.0066569509309696477 -0.045413459108883746 0.0080336544695511491 0.0036584617851392045 -0.015261679817071126 -0.00043680604898395749 -0.0080713735075428079 -0.01100784826819933 0.0052587127660795804 -0.042372603288352011 -0.035146096736527681 0.002737617834551208 0.012272933565952668 0.0076482246003012587 0.0046375741897457436 0.00075729030543466897 -0.0047555387454541178 -0.0015933462386726546 0.002929445301262071 -0.0038387275778629971 -0.0025898249282537721 -0.002268819374356162 0.0026861717589270265
leaf_weight=3372.0528723560274 167634.84673437197 931.36193577037193 574.78695921762846 106345.20394492405 101333.46878927667 6298.5650943885557 424.46511897724122 3730.5326870633289 844.26689264923334 759.27787762600929 2425.9967040400952 556.19099289178848 31562.709593472071 20804.19701365754 10012.002980194986 20216.664677284658 496.62818161654286 304.5013227420859 81184.386654514819 596.52801233623177 1881.4043464362621 21330.326343290508 57102.432552494109 14904.141411244869 108949.81963376049 12038.258365117013 25517.162671294063 9404.3591425283812 14519.358635639772 33617.632062518504
leaf_count=13865 396830 21539 64334 266949 197877 8534 3290 8724 7145 2191 10914 2426 68733 57866 37897 37498 6868 10120 168116 1574 6542 46550 102178 55550 215515 19969 58569 53976 32801 78109
internal_value=-4.06106e-05 -0.00874105 -0.00209077 9.24498e-06 0.00109096 -0.000337931 -0.000399509 0.000243112 0.00210428 -0.0203191 -0.000472029 -0.00158919 -0.000972144 -0.00347177 -0.00839498 0.00142008 -0.00749809 -0.000893064 0.00254652 -0.0124094 0.00233917 -0.00051503 0.000763732 -0.000384776 -0.000908584 -0.00114292 -0.00113298 0.00179203 0.00239549 0.0011913
internal_weight=859674 4878.2 3946.84 854795 207679 647117 640818 301962 83808.9 1603.54 218153 137168 338856 52366.9 12449.6 80985.1 3227.13 2730.5 82205.4 1020.99 2437.6 286489 93336.9 72006.6 124719 120988 193152 77758 68353.7 48137
internal_count=2063049 99738 78199 1963311 464826 1498485 1489951 703675 182316 9336 521359 291073 786276 126599 46865 230286 27902 21034 172980 4864 8968 659677 204278 157728 244208 235484 455399 202384 148408 110910
is_linear=0
shrinkage=0.03


Tree=163
num_leaves=31
num_cat=0
split_feature=30 92 12 16 69 63 79 40 48 38 92 98 46 93 66 96 37 39 70 30 69 63 39 27 46 97 34 46 46 44
split_gain=367.638 359.044 383.572 340.424 305.557 420.976 350.855 339.896 321.039 300.057 274.06 266.462 254.158 301.498 252.167 246.443 226.472 223.578 219.978 230.641 259.014 261.267 211.071 197.994 198.883 199.736 197.583 196.607 191.18 185.524
threshold=135.50000000000003 2.5714037418365483 11.500000000000002 15.500000000000002 0.095238093286752715 0.31045190989971166 -3.756658554077148 inf 0.71428564190864574 114.50000000000001 1.2499972581863406 0.66521698236465465 7.4054245948791513 0.93103229999542247 19.334230422973636 1.8119091391563418 128.50000000000003 139.50000000000003 0.07692307606339456 31.500000000000004 0.3701451867818833 0.62499997019767772 189.50000000000003 1.0000000180025095e-35 7.4054245948791513 1.1999675631523135 51.500000000000007 22.724026679992679 5.1116273403167733 1.7499996423721316
decision_type=2 2 2 2 2 2 2 8 2 10 2 2 2 2 2 2 8 10 2 2 2 2 10 2 2 2 2 2 2 2
left_child=1 3 -3 4 9 6 29 8 18 16 26 -2 -10 15 -9 -14 17 23 -7 -20 21 -21 -8 -1 28 -26 -5 -12 -25 -6
right_child=11 2 -4 10 5 7 22 14 12 -11 27 -13 13 -15 -16 -17 -18 -19 19 20 -22 -23 -24 24 25 -27 -28 -29 -30 -31
leaf_value=-0.0047258511526928745 -0.0060568441779587871 -0.034047224468338723 -0.00064868682076384522 -0.013054456355792636 -0.0029991508561841834 0.0056128303721345602 7.2953663517162537e-06 0.0021443186544431725 0.005540473460422953 0.0036403896254951552 0.0068524477079378371 0.0038983028930555021 -0.0018284326406889609 0.00094117132205064145 -0.0045254371327888834 -0.0092399239589953872 0.011232001724226384 0.0048354041534534832 -1.4781795415754421e-05 0.00067164480214424479 0.0046511254957949102 0.0042002284397575293 0.006184741871584222 -0.00098808244244977012 -0.0013268150481801906 -0.0070372141351974357 -0.0042576094072139586 -0.0045094031396634097 0.0070838992207036865 0.004951632235494492
leaf_weight=20004.345622542314 2599.1514695510268 555.89102033851668 670.71198314335197 2860.6403352776542 48299.774632487912 15804.513832651079 343145.0008569886 7747.9307894185185 6204.8281190111302 10562.314837235957 3081.6184760509059 32124.457715421915 18562.532425115351 34818.261820692569 14862.22651992226 5145.8304395801388 1200.3244365020655 4436.089744169265 42059.009003531653 65605.146621140651 37297.297585202381 26505.093680943362 5031.2522697141394 70110.671193829272 12132.938256042078 10101.035446129274 11571.976049149409 2437.8356574806385 2724.2088985606097 2776.4007222619839
leaf_count=88462 4911 73217 7224 8277 113285 31129 810893 24062 11541 21857 5232 48390 38412 72802 46944 14837 4399 6988 108602 128559 65037 47194 6897 177552 23168 30425 25335 5127 5167 5619
internal_value=0.00012699 -1.20418e-07 -0.0160882 2.41859e-05 0.000120157 0.000378111 -0.000243762 0.00128219 0.00159836 -0.00120387 -0.00384482 0.00315008 -0.000222876 -0.000835574 -0.00224 -0.00344351 -0.00162828 -0.00175931 0.00222784 0.00191522 0.00254239 0.0016877 9.69115e-05 -0.00201433 -0.0014429 -0.00392508 -0.00601686 0.00183598 -0.000684308 -0.00256519
internal_weight=861039 826316 1226.6 825089 805137 673865 399252 274613 252003 131272 19952.1 34723.6 64731.5 58526.6 22610.2 23708.4 120710 119509 187271 171467 129408 92110.2 348176 115073 95068.9 22234 14432.6 5519.45 72834.9 51076.2
internal_count=2061544 2008243 80441 1927802 1883831 1525813 936694 589119 518113 358018 43971 53301 137592 126051 71006 53249 336161 331762 380521 349392 240790 175753 817790 324774 236312 53593 33612 10359 182719 118904
is_linear=0
shrinkage=0.03


Tree=164
num_leaves=31
num_cat=0
split_feature=92 83 92 24 48 63 51 90 63 69 92 97 10 46 93 100 32 31 100 30 24 44 66 48 51 28 100 24 92 39
split_gain=443.289 362.724 346.417 331.201 295.096 339.697 277.942 291.508 222.215 286.13 221.848 547.425 207.769 201.311 219.881 200.77 198.036 286.763 197.074 190.597 270.296 186.327 178.742 174.108 173.797 172.95 182.508 172.578 198.238 194.906
threshold=2.5714037418365483 0.99999848008155834 0.49999436736106878 13.500000000000002 0.57203903794288646 0.2414379492402077 15.794430732727053 -0.84177294373512257 0.45018158853054052 0.062791101634502425 1.1999837756156924 1.5882226824760439 12.500000000000002 6.8957250118255624 0.93103229999542247 -0.51352104544639576 419.50000000000006 32.500000000000007 -0.80870303511619557 107.50000000000001 54.500000000000007 0.53390803933143627 25.745915412902836 0.38095237314701086 26.218986511230472 15.500000000000002 -0.40138344466686243 3.5000000000000004 1.4482725262641909 139.50000000000003
decision_type=2 2 2 2 2 2 2 2 2 2 2 2 2 2 2 2 2 2 2 2 2 2 2 2 2 2 2 2 2 10
left_child=1 6 -3 -2 5 27 8 25 -1 -10 11 16 13 -6 -15 -13 -9 22 -16 20 -7 -12 -18 -21 -24 -8 -27 28 -4 -29
right_child=3 2 4 -5 12 19 7 10 9 -11 21 15 -14 14 18 -17 17 -19 -20 23 -22 -23 24 -25 -26 26 -28 29 -30 -31
leaf_value=-0.00063473370003186349 -0.034290861351209838 -0.0029976600677086591 -0.0042968163118613295 -0.0025199569697544506 0.0049847749225555831 0.0021734029400843043 -0.0012284879000892266 -0.0016230160589863448 -0.003615239778290555 0.002202138613397576 -0.0016949443699287468 -0.020107717309445237 -0.0077064894863710914 -0.0033025766132243101 0.0031662535274688624 -0.0082019059467018218 -0.0033108216826132162 -0.00058317926492325214 -0.0012116880527348925 0.0072037104969055058 -0.0040761592684826538 0.0026627486466677562 -0.020482931978637157 0.0010865857322316763 -0.0087428104272780725 0.0028750007326299454 0.015674890373018321 0.00013387216502083263 -0.031548101918322698 0.0042736164782987114
leaf_weight=214767.47291371785 574.91369949956425 24112.266143090092 1210.7737130001187 593.18584287259728 5321.865751335863 106574.79812669288 10227.152832280844 62748.328129369766 8828.4989182665013 54377.88146470394 35251.147161389235 1588.7014051377773 3905.7325101061724 24780.920830712188 13974.24435544014 6504.4462051643059 3754.1380996219814 6940.5892827361822 27300.850412570406 12112.662255063653 6596.8939193710685 11761.063173607923 1500.0515707433224 6407.1096424311399 4777.7377988994122 9432.0674061775208 1104.2696649376303 178718.17226815736 282.46747017838061 10837.71044836659
leaf_count=541988 74943 58319 6203 5591 10473 223289 22587 131013 21669 118351 82051 7746 8785 56747 23440 28402 7464 12020 67006 17369 18613 23759 3865 10459 10451 17479 2714 418832 11788 18017
internal_value=-0.000158868 -0.00013344 0.000492511 -0.0184709 0.000704086 0.0010986 -0.000742888 -0.00175807 -0.000174574 0.0013887 -0.00226764 -0.00315789 -0.000987039 -0.000617301 -0.00107001 -0.0105828 -0.00240165 -0.005275 0.000271339 0.00227076 0.00180845 -0.00060411 -0.00851342 0.00509088 -0.0116042 0.00154974 0.00424366 0.000290466 -0.00980061 0.000370985
internal_weight=856868 855700 422136 1168.1 398024 322741 433564 155590 277974 63206.4 134826 87814 75283.6 71377.9 66056 8093.15 79720.8 16972.5 41275.1 131691 113172 47012.2 10031.9 18519.8 6277.79 20763.5 10536.3 191049 1493.24 189556
internal_count=2061433 1980899 949340 80534 891021 724570 1031559 349551 682008 140020 306771 200961 166451 157666 147193 36148 164813 33800 90446 269730 241902 105810 21780 27828 14316 42780 20193 454840 17991 436849
is_linear=0
shrinkage=0.03


Tree=165
num_leaves=31
num_cat=0
split_feature=94 40 92 87 39 44 71 41 30 24 98 14 87 87 24 38 18 24 18 24 30 30 24 30 68 40 98 30 24 88
split_gain=386.448 379.589 422.973 422.932 307.115 306.195 290.136 456.062 259.375 631.373 305.35 298.335 279.016 237.554 779.629 232.822 225.987 405.927 231.119 393.471 458.38 223.037 370.649 296.341 259.342 235.079 222.201 220.529 212.664 210.672
threshold=-0.97536751627922047 45.500000000000007 1.3636317253112795 1.3333133459091189 189.50000000000003 0.99999925494194042 1.8585292696952822 7.3529813289642343 107.50000000000001 60.500000000000007 0.81204551458358776 40.500000000000007 1.2307649850845339 1.7999919056892397 11.500000000000002 47.500000000000007 40.500000000000007 54.500000000000007 33.500000000000007 40.500000000000007 73.500000000000014 55.500000000000007 21.500000000000004 39.500000000000007 0.84070181846618663 41.500000000000007 1.1111089587211611 87.500000000000014 33.500000000000007 1.9955539107322695
decision_type=2 10 2 2 10 2 2 2 2 2 2 2 2 2 2 10 2 2 2 2 2 2 2 2 2 8 2 2 2 2
left_child=1 2 5 -4 6 8 13 -8 9 12 -10 -11 16 15 -15 29 17 18 19 21 -21 22 25 24 28 -1 -13 -19 -24 -2
right_child=4 -3 3 -5 -6 -7 7 -9 10 11 -12 26 -14 14 -16 -17 -18 27 -20 20 -22 -23 23 -25 -26 -27 -28 -29 -30 -31
leaf_value=0.0027990970599830987 -0.0013993209013034543 0.0021774644814498778 0.0072076592227431329 -0.00039532179547631933 0.0052484293096532698 0.0029573460025235712 0.0081821070324641209 0.00022903410634946483 -0.003071811590913322 0.0020647011392718063 0.0026524248388139497 -0.0281872037423282 -0.0047002181525934109 -0.03025454430140093 0.00079959981082186929 0.0009560790468287751 0.006365061017361613 -0.01456674465997719 0.0034283591207190348 -0.0086936486252017602 -0.0009447577733745538 0.002189668283867081 -0.00407610760435203 -0.00081699697620985477 -0.021594771021874466 -0.0017968655158250189 -0.0099188778254059272 -0.0035539840274252175 -0.018795826479884935 0.0035717437347001402
leaf_weight=29510.804164581932 311211.97483761702 109006.23454794707 14361.524490133859 12142.557937477715 7887.1756205116399 24493.859244257212 7187.7196508201305 65117.005631434033 10722.052060544491 1769.5225592404604 38259.895291283727 651.87805431336164 14319.100511715747 1042.1310864370316 2306.958163050469 48386.834450842813 4379.9679396990687 2546.8816464468837 14275.495878046378 10449.938280366361 20001.517254501581 35868.488899379969 12255.179088801146 25577.361166015267 906.24530088156462 15140.510939780623 6310.6371871307492 4566.6316536664963 934.69211003184319 7848.0447354572825
leaf_count=65275 757275 215958 30106 28814 11723 48279 13865 147369 19251 5206 61776 2316 33473 115746 12341 115623 9048 10019 28884 31844 36145 62082 36436 56596 3399 42299 25189 8822 4089 23756
internal_value=-6.59295e-06 0.000661844 0.000110007 0.00372676 -0.000611986 -0.000241447 -0.000716533 0.00102168 -0.000557023 -0.00103736 0.00139866 -0.00891636 -0.000675755 -0.00105552 -0.00898571 -0.000982755 -0.000348603 -0.000520253 -0.000217166 -0.000563035 -0.00360788 0.000208861 -0.000634017 -0.00274338 -0.00623268 0.00124058 -0.0117051 -0.00752672 -0.00514609 -0.00127683
internal_weight=859439 408451 299445 26504.1 450988 272941 443101 72304.7 248447 199465 48981.9 8732.04 190733 370796 3349.09 367447 176414 172034 164920 150645 30451.5 120193 84324.8 39673.5 14096.1 44651.3 6962.52 7113.51 13189.9 319060
internal_count=2063004 865306 649348 58920 1197698 590428 1185975 161234 542149 461122 81027 32711 428411 1024741 128087 896654 394938 385890 367049 338165 67989 270176 208094 100520 43924 107574 27505 18841 40525 781031
is_linear=0
shrinkage=0.03


Tree=166
num_leaves=31
num_cat=0
split_feature=44 46 46 87 18 11 47 88 93 8 15 18 69 38 20 97 26 32 69 100 63 98 97 97 26 87 95 40 63 69
split_gain=365.193 304.534 993.387 443.367 704.043 299.576 264.289 253.956 256.992 255.931 237.492 252.326 344.215 298.158 276.042 233.644 321.732 250.425 229.534 218.821 282.56 230.837 272.454 269.503 289.045 268.173 227.661 308.214 217.3 216.676
threshold=0.99999925494194042 8.3414168357849139 5.1116273403167733 1.7999919056892397 10.500000000000002 10.228926181793215 3.8388751745224003 1.9955539107322695 2.9998875856399541 31.500000000000004 15.500000000000002 19.500000000000004 0.31116706132888799 47.500000000000007 25.500000000000004 2.5384352207183842 22.500000000000004 1.0000000180025095e-35 0.034691197797656066 -0.9830564260482787 0.4705882221460343 1.4881096482276919 1.4999752640724184 1.1739092469215395 331.50000000000006 1.1087425947189333 -0.92061978578567494 21.500000000000004 0.07692307606339456 0.2105263099074364
decision_type=2 2 2 2 2 2 2 2 2 2 2 2 2 10 2 2 2 2 2 2 2 2 2 2 2 2 2 8 2 2
left_child=1 2 3 7 -5 -3 -4 9 -9 10 11 13 14 15 -13 17 -17 -1 -19 20 -7 23 25 -21 -25 -23 27 -24 -14 -28
right_child=-2 5 6 4 -6 19 -8 8 -10 -11 -12 12 28 -15 -16 16 -18 18 -20 21 -22 22 26 24 -26 -27 29 -29 -30 -31
leaf_value=0.012141222458652604 0.0021216078529140031 -0.0061592425058560512 0.0063574798952938201 -0.030157336024929156 0.00091286666885603189 -0.00092344137961292768 -0.00038933311016913153 0.0057620117560511419 -0.0089679662391059373 0.0027042572432874443 -0.0032123304127731006 0.007145639721697343 -1.236507303763306e-05 0.0011608901213344637 -0.00051063894209226173 -0.017312386788477522 0.00030034424089329747 -0.0044372484373188595 -0.00077692813654540039 -0.0010119613927591629 0.0031435919489142322 0.0046330010497000794 -0.012276871489511385 -0.0032136289330818835 -0.012426486139866114 -0.0012234069477996639 -0.0036776660859104845 0.001159687138735474 0.0048713040260928535 0.0011475855233491527
leaf_weight=1283.0794630032033 70489.166521487525 9535.957343547605 29046.09354198887 1115.9099362085108 1552.1326448088512 36477.415617933962 6368.0817164361943 10813.994522748049 1164.4457311965525 27485.652872133069 23488.38030316215 4474.6998205296695 11797.367997479625 68375.868711409159 74250.493586823344 1853.9822409055196 1858.4639804610051 16638.125014536083 207524.94669123553 84327.397367828991 26546.829483985901 17918.879878330976 3657.9383393898606 40385.11557745561 3300.7162950858474 11568.184656108962 12713.274103341857 2633.3233249895275 26869.811424596235 24455.249088066397
leaf_count=3014 149765 23127 53521 114984 7098 64694 13763 26266 6054 55401 53184 8684 25724 157409 163143 28332 13004 55290 479052 155442 43898 33141 16026 94329 10067 23453 44669 8900 51141 79835
internal_value=5.2973e-05 -0.000131775 0.000297222 -6.02181e-05 -0.01221 -0.000940986 0.00514475 8.12312e-06 0.00431752 -0.000102853 -0.000278955 -0.000112755 0.00106492 -0.000577446 -7.37556e-05 -0.00109618 -0.00854103 -0.000972841 -0.00104898 -0.000752034 0.000790113 -0.00123571 0.000111228 -0.00200314 -0.00391508 0.00233618 -0.00139876 -0.0066669 0.00338206 -0.000503954
internal_weight=859971 789482 515962 480547 2668.04 273520 35414.2 477879 11978.4 465901 438415 414927 117392 297534 78725.2 229159 3712.45 225446 224163 263984 63024.2 200960 72946.8 128013 43685.8 29487.1 43459.8 6291.26 38667.2 37168.5
internal_count=2062410 1912645 1315064 1247780 122082 597581 67284 1125698 32320 1093378 1037977 984793 248692 736101 171827 578692 41336 537356 534342 574454 108592 465862 206024 259838 104396 56594 149430 24926 76865 124504
is_linear=0
shrinkage=0.03


Tree=167
num_leaves=31
num_cat=0
split_feature=92 77 24 87 18 92 87 24 87 92 97 87 92 97 92 26 87 97 32 92 24 87 87 24 96 97 92 93 92 93
split_gain=421.254 351.606 316.588 302.952 274.941 267.057 485.452 421.548 771.58 1170.58 349.059 343.131 559.405 357.424 342.355 313.13 280.657 426.245 640.022 378.985 302.765 230.466 242.674 478.187 234.222 229.452 226.142 224.53 219.04 215.362
threshold=2.5714037418365483 0.85714071989059459 13.500000000000002 1.7999919056892397 10.500000000000002 1.2499972581863406 1.1087425947189333 5.5000000000000009 1.3090156912803652 1.9411687254905703 1.0666649341583254 1.2727243900299074 1.666654169559479 1.4705843329429629 1.0285694003105166 4.5000000000000009 0.94117507338523876 1.1194007396698 383.50000000000006 0.74999296665191661 48.500000000000007 1.0312786102294924 0.79999887943267833 15.500000000000002 1.5392765402793886 2.142847061157227 0.98017880320549022 1.1379284262657168 0.94736656546592724 1.8749842047691347
decision_type=2 2 2 2 2 2 2 2 2 2 2 2 2 2 2 2 2 2 2 2 2 2 2 2 2 2 2 2 2 2
left_child=1 3 -2 -1 -5 6 14 8 -7 -10 -8 -9 13 -13 15 -3 19 28 -19 20 27 22 23 -16 -23 -14 -20 -17 -18 -12
right_child=2 5 -4 4 -6 7 10 11 9 -11 29 12 25 -15 21 16 17 18 26 -21 -22 24 -24 -25 -26 -27 -28 -29 -30 -31
leaf_value=-0.00064523592299319812 -0.034122036591258231 0.0087961087494275152 -0.0026062284773590602 -0.029824983228227086 -0.0034705166664490573 -0.042816813690878724 -0.00045485239906942475 0.0036170847333285268 0.0091120708554696256 -0.038524081964227741 -0.0053349855078592794 -0.00036099089770093252 0.0047596821796717145 -0.0073749194012442268 -0.028839592830008483 -0.00089595686880765109 -0.0022401500521661019 -0.0024188114751912139 -0.023242242670003608 0.0019659791675580968 -0.0078110296489427083 0.0021988366197948695 0.0040192285450696523 0.0078625270443503717 -0.002802609248640067 -0.0023925398859583765 -0.0097071930838247885 0.0075817599014377634 0.0018618462508071081 0.0076796639683278205
leaf_weight=350195.91170563828 546.29360791132785 3580.2052941173315 588.6489069769159 583.74610589351505 884.09911386389285 495.62368765100837 44426.353265471756 59793.558458313346 1893.1400104039349 593.13377182465047 26077.936054491438 30274.059189627878 24866.756442630198 8321.1159548219293 577.55506699997932 56570.656821507961 22659.858264736831 16388.651897028089 1800.1616935506463 82140.907951575704 5514.2700688093901 25042.006062954664 45931.295501315035 672.42112948745489 12676.734736092389 4805.7945751328953 2995.1196380108595 2938.702115604654 24215.281307935715 1179.7280248701572
leaf_count=833875 74906 8579 5459 36577 2272 6200 87802 121025 10108 12647 67161 57102 51900 23898 3010 127983 44114 48934 6839 174882 12984 44972 89042 1530 30388 21283 9173 6191 39359 2453
internal_value=1.69112e-06 2.606e-05 -0.0181043 -0.000702666 -0.0142114 0.000532092 0.000125029 0.00169797 -0.00941575 -0.0024689 -0.00209521 0.00195819 0.000504574 -0.00187623 0.000649182 2.1703e-05 -0.000125061 -0.0017178 -0.00524725 0.000611665 -0.00109925 0.00226593 0.00366303 -0.0092829 0.000517327 0.00360047 -0.0148637 -0.000474902 -0.000121205 -0.00476649
internal_weight=859230 858095 1134.94 351664 1467.85 506431 375388 131043 2981.9 2486.27 71684 128061 68267.7 38595.2 303704 218804 215224 68059.1 21183.9 147165 65023.6 84900 47181.3 1249.98 37718.7 29672.6 4795.28 59509.4 46875.1 27257.7
internal_count=2062648 1982283 80365 872724 38849 1109559 805396 304163 28955 22755 157416 275208 154183 81000 647980 479038 470459 148419 64946 322040 147158 168942 93582 4540 75360 73183 16012 134174 83473 69614
is_linear=0
shrinkage=0.03


Tree=168
num_leaves=31
num_cat=0
split_feature=24 92 87 92 87 24 87 97 87 92 97 92 87 12 92 92 46 11 87 97 92 24 24 92 78 87 97 92 12 87
split_gain=374.674 712.61 844.09 389.52 680.341 1100.92 544.066 942.039 419.979 711.897 617.481 506.236 2715.91 441.996 339.42 310.239 291.091 633.445 291.061 520.159 284.728 478.652 274.549 1186.83 273.602 265.287 384.556 282.427 261.228 887.885
threshold=3.5000000000000004 1.4482725262641909 0.99150994420051586 1.0909023880958559 0.79999887943267833 15.500000000000002 1.0084735453128817 1.0499929189682009 1.1342321634292605 1.4482725262641909 1.6249949336051943 1.4482725262641909 0.99999713897705089 8.5000000000000018 0.9999932348728181 0.9999774992465974 7.8974504470825204 4.6108782291412362 1.2307649850845339 1.1739092469215395 1.4999971985816958 20.500000000000004 5.5000000000000009 1.9999889731407168 2.5714250802993779 0.94117507338523876 1.2810719609260561 0.86841949820518505 2.5000000000000004 1.454539477825165
decision_type=2 2 2 2 2 2 2 2 2 2 2 2 2 2 2 2 2 2 2 2 2 2 2 2 2 2 2 2 2 2
left_child=1 2 -1 6 5 -5 14 -8 11 10 18 -6 -13 -12 16 -9 17 -2 24 -20 -14 -22 23 28 -10 27 -27 -18 -11 -30
right_child=3 -3 -4 4 8 -7 7 15 9 22 13 12 20 -15 -16 -17 25 -19 19 -21 21 -23 -24 -25 -26 26 -28 -29 29 -31
leaf_value=-0.037509565817117237 -6.2933472719027729e-05 -0.032157658141013505 0.00299914466188979 -0.047947677145209915 0.0028314838036974368 0.010161496354573071 -0.00021626917302851063 -0.011398374804609984 0.00051966376860618506 0.0081524558312866327 0.000792492772885964 -0.047182201789184842 0.0088573189128144016 -0.011510122734321273 0.0022753948089003248 -0.0047446938132464176 -0.0020595115448176814 0.0065916648367319256 -0.00031901850326085022 -0.0066888276056202853 -0.026277607953893126 0.0065496589809335851 0.002314352454499654 -0.039665492129727725 0.010190634750214332 -0.0028476532441407587 -0.013849188552757123 0.0018858491514765496 -0.044828391949638377 0.0040079698864925635
leaf_weight=517.49623299390078 237564.81749248412 890.90176699263975 3322.3472457099706 631.10276092588902 117808.9432142349 523.47161597106606 65150.869502202608 8214.2627666220069 44943.675779104233 2267.4368336480111 3788.2803222462535 1147.2118142386898 3251.7313265688717 8544.8337291330099 55935.574386853725 27253.849216492847 48933.955270152539 13591.418430556543 41729.507697111927 15928.263199138455 639.07775134593248 1000.8613430708647 102921.14887320553 730.67862381017767 2776.8556970953941 20452.179305747151 3308.1001822426915 24484.659961985424 410.34788732137531 1501.0046168258414
leaf_count=5871 553621 79780 13945 4874 238135 1405 132427 26640 81078 9545 13238 9706 6585 30632 114410 72706 109932 24939 80141 38863 3440 2856 264939 22944 4258 39135 15050 51767 3203 6202
internal_value=0.000102004 -0.00829965 -0.00262629 0.00014866 0.000916912 -0.0218772 -0.000384752 -0.00235851 0.000993484 0.00022268 -0.00139037 0.00239695 -0.00606144 -0.00773605 0.000106588 -0.00629121 -0.000241789 0.000297679 -0.00064637 -0.00208042 0.0037352 -0.00640547 0.00198347 -0.0049343 0.00108645 -0.0016358 -0.00438974 -0.000743603 0.0012986 -0.00683234
internal_weight=860165 4730.75 3839.84 855434 350544 1154.57 504890 100619 349390 225542 117711 123848 6038.88 12333.1 404271 35468.1 348335 251156 105378 57657.8 4891.67 1639.94 107831 4909.47 47720.5 97178.9 23760.3 73418.6 4178.79 1911.35
internal_count=2062267 99596 19816 1962671 822044 6279 1140627 231773 815765 555043 248210 260722 22587 43870 908854 99346 794444 578560 204340 119004 12881 6296 306833 41894 85336 215884 54185 161699 18950 9405
is_linear=0
shrinkage=0.03


Tree=169
num_leaves=31
num_cat=0
split_feature=83 92 97 98 63 69 52 83 30 24 18 40 70 30 92 92 93 89 39 99 31 93 92 24 97 100 93 86 88 98
split_gain=341.597 377.043 284.015 421.962 233.311 267.807 246.202 229.56 229.059 255.716 223.663 238.234 260.292 231.932 253.523 206.999 213.469 201.061 197.416 352.441 197.777 195.495 249.765 296.61 207.446 200.534 197.174 180.787 178.977 174.592
threshold=1.0714275240898135 0.49999436736106878 1.8888836503028872 2.0154790878295903 0.33333325386047369 0.22727272659540179 8.6522679328918475 2.1428089141845708 141.50000000000003 76.500000000000014 52.500000000000007 10.500000000000002 0.40609529614448553 27.500000000000004 1.4999971985816958 1.1249905228614809 1.5555516481399538 -4.032625436782836 47.500000000000007 -1.750201344490051 10.500000000000002 0.6734684705734254 1.4999718666076662 12.500000000000002 2.2499577999114995 -0.28399202227592463 1.7999757528305056 1.9999957680702212 0.84210327267646801 1.8482762575149538
decision_type=2 2 2 2 2 2 2 2 2 2 2 10 2 2 2 2 2 2 10 2 2 2 2 2 2 2 2 2 2 2
left_child=2 7 3 4 18 -6 17 -2 9 10 11 12 15 -13 -15 16 -3 -7 -1 20 -20 -4 25 -24 -25 -23 -26 -17 -11 -18
right_child=1 8 21 -5 5 6 -8 -9 -10 28 -12 13 -14 14 -16 27 29 -19 19 -21 -22 22 23 24 26 -27 -28 -29 -30 -31
leaf_value=-0.001508200740008481 -0.0060424503280433021 -0.0012138829235422892 0.0011312650324382231 0.0042975669990513114 -0.00071714873361840628 -0.0022014161918846899 -1.8243190155595322e-05 0.00016504316913717106 0.0053566788337666687 0.0042561059483382712 0.014964498799360033 -0.00034689560981478136 -0.0073484585004594755 0.00187844173705465 0.0069744512464394778 0.0020247690174239213 0.0018356890368297688 0.004017181637062427 -0.0010265702105020644 0.0045146200388081819 0.010695269440741889 -0.010677211245825463 -0.0079309820928292057 0.0061979546556237925 0.0037033721257870777 -0.0040574070429420361 -0.0080395470643918783 -0.0020394204180738461 -0.014467986760135235 0.014776061006466522
leaf_weight=189242.56449254486 11351.603498977609 75710.811479601078 8973.5745674737263 17627.721374757122 90593.755601595389 5339.2434610240161 41149.51132456772 10143.304573729634 10406.718791596591 629.07137859612703 995.96486114896834 40678.023450157372 4175.450961493887 123160.34904376604 9445.4748764876276 61731.753632513108 3500.889344682917 37204.515048636822 53170.419474958209 14527.307608110597 1307.8915059831925 5819.7187110874802 3767.0855084608775 5058.6460532927886 2479.8569314489141 14143.76741044037 2635.5861560679041 11703.431066628778 1610.454376809299 1265.5891861123964
leaf_count=446115 28673 175803 43910 47852 191267 11168 82782 23800 15054 1816 1728 121504 13367 238129 15943 175895 7166 70392 119839 26560 1863 23166 43788 12233 9157 57593 13443 32772 5686 3572
internal_value=4.38407e-05 0.000737471 -0.000471788 -0.000249509 -0.000435012 0.000413094 0.0016364 -0.00311574 0.000977699 0.000841196 0.000909522 0.000866378 2.41911e-05 0.00163462 0.00224243 0.000225131 -0.000825731 0.00323608 -0.00100737 0.000366154 -0.000741336 -0.00280421 -0.00384587 -0.000762823 0.00190163 -0.00599595 -0.00235458 0.00137668 -0.00921737 0.00531898
internal_weight=859550 366509 493041 450163 432535 174287 83693.3 21494.9 345014 334607 332368 331372 158088 173284 132606 153912 80477.3 42543.8 258248 69005.6 54478.3 42878.2 33904.7 13941.2 10174.1 19963.5 5115.44 73435.2 2239.53 4766.48
internal_count=2062036 860908 1201128 997838 949986 355609 164342 52473 808435 793381 785879 784151 408575 375576 254072 395208 186541 81560 594377 148262 121702 203290 159380 78621 34833 80759 22600 208667 7502 10738
is_linear=0
shrinkage=0.03


Tree=170
num_leaves=31
num_cat=0
split_feature=40 78 18 39 39 34 38 16 65 98 66 67 28 35 28 99 97 61 97 40 32 18 98 97 32 39 40 40 93 55
split_gain=301.291 290.259 363.618 313.344 447.342 324.277 320.846 320.686 305.039 290.232 264.94 248.043 236.773 225.866 214.39 196.463 256.224 190.557 299.074 278.687 250.723 275.272 258.024 259.31 230.548 225.814 256.422 221.725 199.134 194.271
threshold=201.50000000000003 1.5918357372283938 17.500000000000004 45.500000000000007 65.500000000000014 15.500000000000002 150.50000000000003 7.5000000000000009 0.23809523135423663 1.4498255252838137 11.272584438323976 7.0449020862579355 1.5000000000000002 7.1053476333618173 32.500000000000007 -0.13284950703382489 1.7499803304672243 20.78973484039307 1.5882226824760439 65.500000000000014 134.50000000000003 23.500000000000004 1.0869558453559878 1.0666649341583254 8.5000000000000018 1.0000000180025095e-35 47.500000000000007 35.500000000000007 2.1666585206985478 0.39999993145465856
decision_type=10 2 2 10 10 2 10 2 2 2 2 2 2 2 2 2 2 2 2 10 2 2 2 2 2 8 10 10 2 2
left_child=1 3 -3 5 10 6 17 9 14 -7 12 -10 -5 -6 -9 16 -13 19 20 25 21 -19 23 -22 -21 -1 27 -27 29 -20
right_child=-2 2 -4 4 13 7 -8 8 11 -11 -12 15 -14 -15 -16 -17 -18 18 28 24 22 -23 -24 -25 -26 26 -28 -29 -30 -31
leaf_value=0.006818194452223 0.0054783746247762145 -0.00032874798034477997 0.0022662214919251995 0.0025557851176741635 0.0035482269368867685 0.00056765871426817571 0.0085074765984827754 -0.0037133980048242666 0.0064406172979909002 0.0046634657624971612 0.0022892908021757748 -0.00073589653903267916 0.013262340736560562 -0.001066388335950657 -0.01572964004346937 0.0082569740301468627 -0.011445385692980561 -0.0011469054512337417 -0.0062212360007240855 -0.016165023307952674 -0.0037866366238881221 0.0042500964725422424 -0.0010579975365436439 -0.011780509813041599 -0.002743658298998248 -0.00045905555463484135 0.0033126241686985314 -0.0046447163764333993 0.002236154976564124 0.0036599608683911592
leaf_weight=3940.9296704430599 8734.3739036247134 102598.53513993463 92308.478879522532 3389.9426030251198 11078.322605657158 102015.51343500218 2956.569962148089 16983.885933279991 4614.4572418127209 18357.111051442102 37617.905120467767 45259.262845986057 4127.7545664869249 68238.427750278264 1433.8394587431103 2037.8783262071665 2084.3049601227976 54371.214203636162 26988.135991166811 1173.292328157695 14317.409993358888 10062.159019483253 21630.910636012908 4899.5971982018091 34147.657804762945 129602.00751748937 14857.496071357746 12468.380165548064 3265.6946943271905 1905.1789186412934
leaf_count=8231 12913 284628 180399 8120 20337 182053 6768 36040 7920 41854 80563 84728 7459 159098 3767 5312 8975 120026 98157 8493 28159 18718 44531 11757 86468 410428 37282 35102 16346 7043
internal_value=-5.86118e-05 -0.000115721 0.000900343 -0.000418631 0.00093577 -0.000737065 -0.00129898 0.000244012 -0.00133329 0.00119295 0.00331937 -0.000195587 0.00845404 -0.000421124 -0.00466492 -0.000818065 -0.00121202 -0.00138638 -0.00224294 -0.000786162 -0.00146897 -0.000303032 -0.00330706 -0.0058349 -0.00319839 -0.000256194 -0.000434699 -0.000827 -0.00477425 -0.0055676
internal_weight=857467 848732 194907 653825 124452 529373 336587 192786 72413.6 120373 45135.6 53995.9 7517.7 79316.8 18417.7 49381.4 47343.6 333630 137440 196190 105281 64433.4 40847.9 19217 35321 160869 156928 142070 32159 28893.3
internal_count=2061675 2048762 465027 1583735 275577 1308158 937509 370649 146742 223907 96142 106935 15579 179435 39807 99015 93703 930741 344737 586004 223191 138744 84447 39916 94961 491043 482812 445530 121546 105200
is_linear=0
shrinkage=0.03


Tree=171
num_leaves=31
num_cat=0
split_feature=92 69 59 69 68 40 24 10 3 59 86 18 19 56 59 10 24 93 66 83 92 93 50 3 37 38 2 59 97 98
split_gain=443.959 383.154 433.181 359.816 379.039 345.084 279.523 278.242 383.656 266.927 249.794 254.247 241.366 240.633 219.912 260.964 219.543 217.328 214.598 211.838 212.325 211.449 209.833 195.809 194.364 219.734 191.774 186.527 181.506 268.411
threshold=2.5714037418365483 0.14963311702013019 0.18749999254941943 0.31116706132888799 0.12283513322472574 inf 13.500000000000002 7.5000000000000009 7.5000000000000009 0.14285714179277423 0.57578247785568248 17.500000000000004 13.500000000000002 12.715133666992189 0.24141208827495578 12.500000000000002 23.500000000000004 0.43902398645877844 137.7758483886719 2.1428089141845708 1.3043456673622134 1.1931808590888979 0.080128200352191939 4.5000000000000009 128.50000000000003 inf 61.500000000000007 0.40747082233428961 1.6666417121887209 1.6666417121887209
decision_type=2 2 2 2 2 8 2 2 2 2 2 2 2 2 2 2 2 2 2 2 2 2 2 2 8 8 2 2 2 2
left_child=1 9 26 14 13 7 -2 8 10 24 11 -6 -9 23 18 19 -13 -7 -4 20 28 -19 -22 -5 25 -1 -3 -25 29 -16
right_child=6 2 3 4 5 17 -8 12 -10 -11 -12 16 -14 -15 15 -17 -18 21 -20 -21 22 -23 -24 27 -26 -27 -28 -29 -30 -31
leaf_value=-0.00023010508560964845 -0.034144470952546364 0.0020636289320556866 0.00078670892789582387 -0.00037776026370468167 0.00098992131432268718 0.0048658676248509725 -0.0041353377430119543 -0.0054689711419463327 0.0052261438674946229 -0.0031445163122306758 0.0005361449596819961 0.016612252947537723 0.00130971440164349 -0.0022639417751857591 -0.0026349594872401749 -0.013031591066790764 0.0041739091289989894 -0.0088415021044065886 -0.011505122308536097 0.0037254843525902116 -0.0024488117010570271 -0.00080061156857046871 0.0033168035766108573 0.010922166706564429 0.011022766768259303 -0.0040138349379582995 0.012752528073578752 0.0019896496909267009 -0.0069228734178363276 0.0047249890441674871
leaf_weight=172360.59985347046 525.51058836118318 109071.5073255836 56782.296308346558 52432.379381449427 33202.268123829272 2510.4516215547919 585.49486028309911 8643.5868353559636 28789.112953701988 40203.646928536706 101476.6297554085 1309.6179144307971 10391.953994521871 50254.133270453662 68227.630553678609 1800.5067529119551 34221.679846733809 5880.7723496649414 1287.7746798996814 6367.1659926087596 10547.698089213111 5881.3932882924564 12266.627680700272 2526.9074831344187 1299.1350850653835 14997.143189123366 1512.7545569739304 12181.649277083576 7955.9076360063627 4753.3228330155835
leaf_count=408367 74891 244155 124883 136011 70775 6744 5500 18595 50801 98033 212660 2164 19496 114343 142770 4356 63252 18182 3583 16073 29346 19949 24865 4343 4658 74858 2259 25335 30715 10512
internal_value=0.000100851 0.000125575 0.00050734 0.00014451 0.000694863 0.00139694 -0.0186826 0.00169283 0.0020243 -0.000925747 0.00148219 0.00287835 -0.00177084 -0.000694437 -0.000987631 -0.00176477 0.00464145 -0.00311934 0.000510255 -0.00157822 -0.00190436 -0.00482903 0.000651389 0.000480641 -0.000452633 -0.000533372 0.00221213 0.00353699 -0.00262476 -0.00215444
internal_weight=860247 859136 630276 519691 349703 232307 1111.01 218035 198999 228861 170210 68733.6 19035.5 117395 169989 111919 35531.3 14272.6 58070.1 110118 103751 11762.2 22814.3 67140.9 188657 187358 110584 14708.6 80936.9 72981
internal_count=2062474 1982083 1396167 1149753 762650 482618 80391 437743 399652 585916 348851 136191 38091 280032 387103 258637 65416 44875 128466 254281 238208 38131 54211 165689 487883 483225 246414 29678 183997 153282
is_linear=0
shrinkage=0.03


Tree=172
num_leaves=31
num_cat=0
split_feature=18 24 30 24 24 30 18 98 24 30 18 24 30 18 58 24 30 24 30 18 97 68 26 97 24 20 30 97 20 32
split_gain=374.358 441.522 684.048 402.134 401.767 472.386 385.944 367.631 364.149 584.399 517.758 488.571 642.26 588.853 369.734 368.692 427.825 306.452 893.147 483.484 626.991 429.316 299.637 298.173 288.06 459.386 351.466 311.56 278.331 278.212
threshold=42.500000000000007 62.500000000000007 121.50000000000001 68.500000000000014 60.500000000000007 107.50000000000001 38.500000000000007 1.622949540615082 52.500000000000007 95.500000000000014 33.500000000000007 40.500000000000007 61.500000000000007 26.500000000000004 0.24999995529651645 44.500000000000007 57.500000000000007 29.500000000000004 47.500000000000007 20.500000000000004 2.833312034606934 0.38461537659168249 166.50000000000003 1.5483803749084475 25.500000000000004 33.500000000000007 37.500000000000007 2.142847061157227 47.500000000000007 81.500000000000014
decision_type=2 2 2 2 2 2 2 2 2 2 2 2 2 2 2 2 2 2 2 2 2 2 2 2 2 2 2 2 2 2
left_child=4 -2 3 -3 6 -6 8 -5 10 -10 11 13 14 17 -13 -12 -17 19 21 20 24 22 -19 -9 25 27 28 -1 -26 -20
right_child=1 2 -4 7 5 -7 -8 23 9 -11 15 12 -14 -15 -16 16 -18 18 29 -21 -22 -23 -24 -25 26 -27 -28 -29 -30 -31
leaf_value=-1.4728863777622656e-05 0.0068481425202390929 0.00031102090656471085 0.0029375729235141621 -0.012674091133509967 -0.012032117735601316 -0.0013814396341872539 0.0036093399596296848 0.0087319635388737448 -0.0088825394280290845 -0.0002784382066278735 0.0097351090411883865 -0.0038709696905794323 -0.001323713036282495 0.0037898348569234386 -0.014682416901194872 -0.011893715180205001 0.0030589796943146846 -0.0053039915473334668 0.0044102692757669506 0.0042297474751939951 -0.023589886892930605 -0.013423213211950035 0.013000545317072582 -0.0081216693867784909 -0.011936803077919047 0.0024961049453782872 -0.0010798515770444228 -0.0044248697285089005 0.00075688915741972738 -0.00088050654377608512
leaf_weight=295179.75639950763 13812.264343528077 11280.456932373345 48461.706890068948 5916.0594536960125 5376.4420800209045 12288.93175175041 24945.51630420424 1666.2046911343932 11077.178840063512 19750.791548773646 7010.664306037128 6030.7976531535387 68550.569514479488 36041.491956003942 5405.9234701357782 1837.4975905716419 23679.636533893645 13319.031194249168 10109.795330908149 25019.366724404972 996.84096725936979 6698.1551097109914 837.73511519469321 2128.7991930395365 5306.4334347639233 67757.328491769964 34784.450362019241 15137.49545402173 2192.1879534665495 76461.82431954518
leaf_count=763658 24883 26406 75745 21418 17535 21466 47933 3846 33122 34265 12718 21045 129566 71417 21581 7337 42564 41880 17733 52340 87953 23461 2192 12837 18448 145596 67289 65496 6659 144069
internal_value=4.21416e-05 0.00195348 0.000978378 -0.00354317 -0.000163046 -0.00463291 -5.87729e-05 -0.00801168 -0.00018367 -0.00337384 -4.35545e-05 -0.000223095 -0.00242298 7.52986e-05 -0.00899805 0.0036515 0.00197376 -0.000166573 -0.00160495 0.00017965 -6.10279e-05 -0.00717504 -0.004204 -0.000715061 -4.11159e-06 0.000258563 -0.00235184 -0.00023013 -0.00823372 -0.000261776
internal_weight=859061 83265.5 69453.2 20991.5 775796 17665.4 758130 9711.06 733185 30828 702357 669829 79987.3 589842 11436.7 32527.8 25517.1 553800 107427 446374 421354 20854.9 14156.8 3795 420358 378075 42283.1 310317 7498.62 86571.6
internal_count=2062458 165135 140252 64507 1897323 39001 1858322 38101 1810389 67387 1743002 1680383 172192 1508191 42626 62619 49901 1436774 229335 1207439 1155099 67533 44072 16683 1067146 974750 92396 829154 25107 161802
is_linear=0
shrinkage=0.03


Tree=173
num_leaves=31
num_cat=0
split_feature=92 40 24 30 24 18 24 18 24 30 18 24 83 30 98 32 56 24 30 66 18 33 30 32 97 24 30 20 40 32
split_gain=367.22 336.46 318.744 285.063 714.001 514.151 575.275 487.281 467.234 624.344 530.17 398.673 383.308 381.79 376.581 371.201 376.683 341.396 661.267 453.091 384.017 350.578 328.31 322.192 321.731 322.053 670.087 369.738 417.278 364.552
threshold=2.5714037418365483 201.50000000000003 13.500000000000002 110.50000000000001 60.500000000000007 39.500000000000007 54.500000000000007 33.500000000000007 40.500000000000007 65.500000000000014 24.500000000000004 44.500000000000007 1.714278042316437 59.500000000000007 0.66521698236465465 191.50000000000003 15.235818386077883 29.500000000000004 47.500000000000007 13.67702102661133 19.500000000000004 6.5000000000000009 87.500000000000014 286.50000000000006 2.5384352207183842 23.500000000000004 35.500000000000007 35.500000000000007 65.500000000000014 105.50000000000001
decision_type=2 10 2 2 2 2 2 2 2 2 2 2 2 2 2 2 2 2 2 2 2 2 2 2 2 2 2 2 8 2
left_child=1 3 -2 4 5 6 7 8 10 12 17 -9 -10 -13 -5 -6 -17 20 19 21 24 -19 -8 -16 25 27 29 28 -1 -27
right_child=2 -3 -4 14 15 -7 22 11 9 -11 -12 13 -14 -15 23 16 -18 18 -20 -21 -22 -23 -24 -25 -26 26 -28 -29 -30 -31
leaf_value=0.00095258523831034101 -0.034104210316220053 0.0058687079520168325 -0.0019077399335751975 -0.004505476212112342 0.0028793329616308874 0.0047806299683501811 -0.012703980730693733 0.0095443233096442447 -0.0090915058244699608 -0.0010949049462263885 0.0026439479436218462 -0.0087553892459735477 0.0083676567172975766 0.0027122344663388586 0.0063150162058698946 -0.00075556252980068942 -0.010430427989688438 -0.016622486255251721 -0.00071792884688859522 -0.010770436434482014 0.0031406167097143933 0.0037865239954730629 -0.003044993325667628 0.0013237973475014617 -0.0072480563874457197 -0.011375418798572885 -0.0006638799962607921 0.002835254758692984 -0.0013272618000430281 0.0036310920023372526
leaf_weight=153339.01648988994 508.07442096155137 8789.9011710113846 586.73792470153421 8391.3528358861804 3743.575229100883 19204.176104890183 4569.2328990027308 7131.4007377270609 14618.736117783934 63931.047768231481 62392.078626168892 2834.1698303297162 1211.1793131753802 30952.951056055725 13940.051902920008 5177.2600092366338 12060.963143706322 907.25749395601451 66518.776420399547 11325.338008165359 33451.380425401963 4117.690309561789 10281.910557165742 70145.400209054351 5732.1603875546716 8911.7669272636995 51090.421309567057 43793.597648452502 136599.66416820511 1731.0293334126472
leaf_count=367292 75154 12256 5551 15705 11519 38750 17612 13017 51064 118871 125828 11199 3238 56578 20674 16032 44304 3447 125864 38275 69251 11470 19582 115725 58735 31345 99022 92485 387127 4658
internal_value=1.37727e-05 3.61579e-05 -0.0171931 -2.44287e-05 -0.000216853 -6.09315e-05 -0.000191021 -6.70803e-05 -0.000264167 -0.0024167 3.19649e-05 0.00310885 -0.0077468 0.00174568 0.00154757 -0.00567094 -0.00752896 -0.000283026 -0.00204744 -0.00744887 5.34507e-05 5.03749e-05 -0.00602985 0.00215257 -0.000204097 -0.000101636 -0.0020918 0.000266605 -0.000121543 -0.00893241
internal_weight=857988 856893 1094.81 848104 755627 734645 715441 700590 659671 79761 579910 40918.5 15829.9 33787.1 92476.8 20981.8 17238.2 517518 82869.1 16350.3 434649 5024.95 14851.1 84085.5 401198 395465 61733.2 333732 289939 10642.8
internal_count=2061630 1980925 80705 1968669 1816565 1744710 1705960 1668766 1587972 173173 1414799 80794 54302 67777 152104 71855 60336 1288971 179056 53192 1109915 14917 37194 136399 1040664 981929 135025 846904 754419 36003
is_linear=0
shrinkage=0.03


Tree=174
num_leaves=31
num_cat=0
split_feature=92 78 24 30 24 26 39 99 98 97 24 18 46 77 97 98 16 28 82 40 18 97 70 48 28 27 24 30 46 89
split_gain=341.561 330.059 320.887 277.257 441.941 359.773 268.466 384.507 264.136 350.694 353.732 259.753 253.849 216.748 213.417 279.152 228.521 220.579 237.21 198.718 195.836 190.967 190.314 189.465 245.552 239.424 227.817 201.737 193.667 182.873
threshold=2.5714037418365483 0.98900929093360912 13.500000000000002 98.500000000000014 52.500000000000007 110.50000000000001 47.500000000000007 -1.5934846997261045 1.4498255252838137 1.2105234861373904 64.500000000000014 35.500000000000007 14.965880393981935 1.0714273452758791 1.838701665401459 2.0154790878295903 7.5000000000000009 14.500000000000002 2.1428089141845708 180.50000000000003 34.500000000000007 0.81817623972892772 0.18530782312154773 0.77777770161628734 14.500000000000002 31.500000000000004 46.500000000000007 81.500000000000014 7.8974504470825204 -0.2803738117218017
decision_type=2 2 2 2 2 2 10 2 2 2 2 2 2 2 2 2 2 2 2 10 2 2 2 2 2 2 2 2 2 2
left_child=1 6 -2 4 11 -6 14 -8 9 21 -11 19 20 -12 15 16 17 18 -1 23 -7 -5 -19 24 -3 28 -26 -28 -25 -18
right_child=2 3 -4 8 5 12 7 -9 -10 10 13 -13 -14 -15 -16 -17 29 22 -20 -21 -22 -23 -24 25 26 -27 27 -29 -30 -31
leaf_value=-0.00081724211668154803 -0.033935712657845979 0.0003996879189731855 -0.0014499822204377983 -0.0037788177114292227 0.0046584960992688169 -0.016070672076785582 -5.5369240433262761e-05 0.0043482347413245602 0.0081928910944708971 0.0051177019204441251 -0.021810434413681724 0.0060099358673130748 -0.011294256039531193 -0.0047278281945632335 -0.0027595652867692332 0.0035925988895021653 -0.0014508867400924539 0.0055831270262009808 0.0060325232425275065 0.0058264206728455671 -0.0010024147133913012 0.0030714576324828145 0.00051356165175614271 0.0051482778769240531 0.0051843341776435844 -0.0091380904335751616 -0.013025532239075755 0.0025546431765028741 -0.001732230457035089 -0.0056986523048396867
leaf_weight=254860.93846418941 494.13635620009154 213133.21231001522 589.07981835398823 3939.6313842199743 3137.1008257046342 865.45943085849285 76390.666615716647 23264.99428129755 6696.9682387635112 1517.6624758541584 1273.0738809928298 7933.3434664923698 5804.0532112829387 1413.543623611331 43163.181910773739 14201.797262800392 30305.338706344366 9102.0569601655006 4613.0479018120095 6167.1074566333555 6322.1441312283278 49300.971519745886 24756.553784234449 4211.8796056206338 17298.219326399267 3442.0316535653546 1220.1830335408449 1871.474471077323 28320.880567614455 13042.494118952192
leaf_count=581394 74960 495557 5505 7321 7309 2573 172748 47012 11112 2318 4083 15014 20863 3582 184169 38479 58928 16215 11986 8953 19336 76251 47852 8333 31004 8094 3745 2999 66612 27488
internal_value=6.61812e-05 8.76395e-05 -0.0166157 0.000773171 0.000390006 -0.00443739 -0.000417624 0.000973335 0.00256297 0.00190401 -0.00641784 0.000664843 -0.00663757 -0.0129239 -0.000769434 -0.000524478 -0.000698347 -0.000397803 -0.000695008 0.000510592 -0.00285634 0.00256333 0.00187888 0.000388523 0.000700754 -0.00163753 0.00384429 -0.00363858 -0.000838824 -0.00273099
internal_weight=858653 857570 1083.22 363869 299727 16128.8 493701 99655.7 64141.9 57444.9 4204.28 283598 12991.7 2686.62 394045 350882 336680 293333 259474 275665 7187.6 53240.6 33858.6 269498 233523 35974.8 20389.9 3091.66 32532.8 43347.8
internal_count=2061795 1981330 80465 795059 690392 50081 1186271 219760 104667 93555 9983 640311 42772 7665 966511 782342 743863 657447 593380 625297 21909 83572 64067 616344 533305 83039 37748 6744 74945 86416
is_linear=0
shrinkage=0.03


Tree=175
num_leaves=31
num_cat=0
split_feature=24 18 92 72 87 46 46 41 40 11 41 37 30 32 24 97 39 18 24 26 98 87 33 63 48 63 48 97 30 32
split_gain=339.393 951.159 548.89 316.668 287.355 280.459 598.072 291.466 240.64 240.586 212.176 205.116 210.907 513.169 420.641 283.074 275.12 240.968 356.868 274.121 206.138 205.852 202.177 200.444 307.814 291.125 296.166 259.819 198.674 466.336
threshold=3.5000000000000004 2.5000000000000004 1.4482725262641909 0.96153447031974804 1.7999919056892397 8.7577090263366717 4.1648156642913827 7.3529813289642343 16.500000000000004 10.228926181793215 5.406846523284913 128.50000000000003 47.500000000000007 85.500000000000014 16.500000000000004 2.5384352207183842 151.50000000000003 14.500000000000002 25.500000000000004 166.50000000000003 1.9636315703392031 0.85713735222816478 14.500000000000002 0.11270166188478471 0.23809523135423663 0.31045190989971166 0.66666650772094738 1.2810719609260561 27.500000000000004 73.500000000000014
decision_type=2 2 2 2 2 2 2 2 10 2 2 8 2 2 2 2 10 2 2 2 2 2 2 2 2 2 2 2 2 2
left_child=1 2 -1 4 8 6 11 10 -2 -7 -8 12 14 -14 15 -5 17 28 21 22 -15 -19 -20 -11 -25 -26 -27 -28 29 -16
right_child=3 -3 -4 5 -6 9 7 -9 -10 23 -12 -13 13 20 16 -17 -18 18 19 -21 -22 -23 -24 24 25 26 27 -29 -30 -31
leaf_value=0.0029096957336812745 -0.0013385126489091578 -0.036084208240308453 -0.030568945310933102 0.0016098940410352134 -0.013262257985979405 -0.0068258184769851259 0.0041567616024996241 0.00012744023233020809 0.0002060087712947326 -0.003214413573293157 0.0098213878065964554 0.014227556238998702 0.0067601232324809111 0.00056977382122356884 -0.012021682501473771 -0.010875410730523999 0.008824044640746858 0.0066433927723627715 -0.0086828352026584003 0.011282565100302675 0.0082169008185164222 7.552522212445077e-05 -0.0020569013716725351 0.0028225038527006771 -0.0028485100137065514 0.0019831879539955783 0.00020426916132616204 -0.0043546855268916957 -0.0027961058279313178 0.0083424785942643517
leaf_weight=3331.5037382654846 171274.33426394686 861.40410949406214 487.54145285440609 80178.335758052533 1579.8400599290617 4937.1737728232983 13470.243267266545 8197.0715663812589 193155.6597329611 17184.270443087211 10717.73419245542 984.67599597806111 15146.435098579619 94168.308731027879 6013.2623889995739 1648.5923242685385 2090.721926135011 6207.6947066728026 6566.9142186669633 1028.6172656035051 3263.3488169685006 13839.740271821152 11225.335891223978 32203.491411521565 33867.694992030505 50932.287836484611 35670.362831463339 16413.17278515338 19631.417293107137 1201.2163049941882
leaf_count=13847 413850 21455 64312 203818 37897 11926 25488 16666 428429 39428 17989 2279 26198 178726 19839 25367 2783 14016 21087 2858 8256 32865 31007 62115 75603 101951 65508 50694 41439 2970
internal_value=4.67249e-05 -0.00799241 -0.00150119 9.10328e-05 -0.00057564 0.000592298 0.00117143 0.00501719 -0.000519917 -0.000302987 0.00667281 0.000697884 0.000645994 0.00162678 -9.20329e-05 0.00135575 -0.0018391 -0.00218094 -0.000670453 -0.00363532 0.000827538 0.00211386 -0.00450946 -0.000129384 0.00018449 -0.000436456 0.000356935 -0.00123352 -0.00436574 -0.00861734
internal_weight=857478 4680.45 3819.05 852798 366010 486788 295580 32385 364430 191208 24188 263195 262210 112578 149632 81826.9 67804.9 65714.2 38868.3 18820.9 97431.7 20047.4 17792.3 186271 169087 136884 103016 52083.5 26845.9 7214.48
internal_count=2060666 99614 78159 1961052 880176 1080876 673651 60143 842279 407225 43477 613508 611229 213180 398049 229185 168864 166081 101833 54952 186982 46881 52094 395299 355871 293756 218153 116202 64248 22809
is_linear=0
shrinkage=0.03


Tree=176
num_leaves=31
num_cat=0
split_feature=63 48 48 2 0 46 44 52 24 18 24 71 98 40 46 30 24 63 66 38 63 69 18 99 98 90 67 29 63 16
split_gain=306.822 382.072 362.598 402.988 356.724 318.239 296.327 328.122 256.392 764.436 436.423 254.368 246.12 245.089 229.886 228.921 436.507 222.927 222.781 225.565 361.755 252.53 271.871 220.686 215.945 204.997 200.045 196.659 192.265 211.793
threshold=0.58079874515533458 0.79999986290931713 0.55699855089187633 12.500000000000002 2.5000000000000004 7.4054245948791513 0.99999925494194042 3.0410128831863408 3.5000000000000004 2.5000000000000004 2.5000000000000004 1.200336277484894 1.3529375791549685 65.500000000000014 7.8974504470825204 135.50000000000003 74.500000000000014 0.12499998882412912 59.173885345458991 47.500000000000007 0.07692307606339456 0.27083332836627966 17.500000000000004 -0.5275040566921233 1.4157282114028933 -0.87225329875946034 1.3947041630744936 877.85955810546886 0.20694681257009509 2.5000000000000004
decision_type=2 2 2 2 2 2 2 2 2 2 2 2 2 8 2 2 2 2 2 10 2 2 2 2 2 2 2 2 2 2
left_child=2 11 3 6 -5 -3 7 8 9 10 -1 -2 15 -12 -4 16 -6 -8 19 20 -10 -22 -23 27 -16 -14 -19 -7 29 -9
right_child=1 5 14 4 12 23 17 28 18 -11 13 -13 25 -15 24 -17 -18 26 -20 -21 21 22 -24 -25 -26 -27 -28 -29 -30 -31
leaf_value=-0.030464396372290564 0.0015069195345950703 0.0054884844470947849 0.0023751003324297892 0.0082916735972238999 -0.00064617723157946692 0.0007812970231208116 -0.00052160809445346166 -0.0020940003582193534 -0.0015121008517544688 -0.035966574407698501 0.017369169221716135 0.0053589676824689165 0.0075851267943652977 -0.0026494216232108587 -0.0044700979995664792 0.0027778265457274625 -0.017023088495622073 0.012084185666554221 -0.0026667108107374291 0.0017457215018608829 -0.00065763799638040351 -5.842790177596716e-05 0.003715122351774334 -0.0044034599186148606 -0.0003461672753553836 0.0018796568987621757 0.0026821029829868204 -0.0053591115569118679 -0.0013879932946103068 -0.0071929122591198862
leaf_weight=395.5722300526686 91638.10001139529 6302.9029451806564 7575.8477239273489 6374.3771529144142 52210.755749657052 28263.851599108195 23706.078841978917 17258.105408385862 124114.02235022397 694.97999386116862 716.08865002403036 18540.130373881431 6427.5460576359183 2166.7925742901862 37165.828751379624 18297.167628906667 1487.1313088312745 2186.2915382173378 30316.630261481972 56238.873896881705 60873.843294423306 31639.37313522934 37586.508763545658 17271.527876119362 16503.007684662938 47116.903395598521 26921.089186683996 5608.3719184286892 68952.039577243384 12757.985141117591
leaf_count=52118 206035 12601 15290 13763 93805 56490 56420 42996 358399 16979 3012 34898 14166 13514 78089 27985 4786 3884 70711 136942 137511 72004 72138 51822 45552 114559 54219 11684 158273 31466
internal_value=-2.92273e-05 0.0011219 -0.000309028 -9.42535e-05 0.0013795 -0.000861445 -0.000485831 -0.000738693 -0.000301532 -0.00785891 -0.00171858 0.00215597 0.00102726 0.00240847 -0.0025121 -0.00011837 -0.0011059 0.00163806 -0.000212956 2.68173e-05 -0.000353558 0.000751745 0.00199092 -0.00164584 -0.0032026 0.00256713 0.00339612 -0.00023796 -0.00226112 -0.00426458
internal_weight=857308 167625 689683 628438 131914 57446.7 496524 443711 344743 3973.43 3278.45 110178 125540 2882.88 61244.7 71995.1 53697.9 52813.5 340769 310453 254214 130100 69225.9 51143.8 53668.8 53544.4 29107.4 33872.2 98968.1 30016.1
internal_count=2062111 373530 1688581 1549650 269064 132597 1280586 1166063 933328 85623 68644 240933 255301 16526 138931 126576 98591 114523 847705 776994 640052 281653 144142 119996 123641 128725 58103 68174 232735 74462
is_linear=0
shrinkage=0.03


Tree=177
num_leaves=31
num_cat=0
split_feature=24 18 92 40 69 66 64 100 63 34 18 93 24 24 98 97 67 80 97 88 92 51 33 59 20 59 39 68 18 16
split_gain=330.765 872.562 501.154 335.994 304.982 361.815 318.237 282.864 281.758 271.82 236.052 229.279 223.531 223.264 209.668 201.359 286.17 298.049 197.466 275.345 241.212 237.706 198.658 209.789 197.449 195.22 191.578 219.58 232.976 260.548
threshold=3.5000000000000004 2.5000000000000004 1.4482725262641909 201.50000000000003 0.3701451867818833 25.745915412902836 0.37499995529651647 -1.7824134230613706 0.19999996572732928 139.50000000000003 37.500000000000007 1.5555516481399538 48.500000000000007 60.500000000000007 1.3846009969711306 1.3770461678504946 1.0147153139114382 -1.3681105375289915 1.0666649341583254 1.1612886190414431 1.3636317253112795 10.099110603332521 24.500000000000004 0.34125806391239172 81.500000000000014 0.39721170067787176 47.500000000000007 0.15384615212678912 38.500000000000007 16.500000000000004
decision_type=2 2 2 10 2 2 2 2 2 2 2 2 2 2 2 2 2 2 2 2 2 2 2 2 2 2 10 2 2 2
left_child=1 2 -1 4 5 9 24 -7 14 10 12 18 -2 -12 -9 -15 -17 -18 -10 20 -20 -21 -23 -24 -6 -16 27 -8 -29 -30
right_child=3 -3 -4 -5 6 7 26 8 11 -11 13 -13 -14 15 25 16 17 -19 19 21 -22 22 23 -25 -26 -27 -28 28 29 -31
leaf_value=0.0022595535342714206 0.00015872177649724624 -0.035661801643358353 -0.030430191645610959 0.0059486801060350857 0.0023294258542324343 0.0041852260926639852 -0.0010924767974284585 -0.0048259094329332272 -0.00025291137056335385 -0.010718636734130255 0.005568429695481397 0.0015596636046960931 -0.0034048732935335912 0.0019285130413345198 0.00020036983753982899 0.0069575983289505844 0.0043234840385317367 -0.017123563346805471 -0.0021507143833967395 0.0014498764149071149 0.0051341707949207702 -0.012328560383951838 -0.0023741958319212597 -0.017204924386827438 0.0080820560993269223 -0.014333468665583805 0.002380709055481696 0.00022812934398888031 0.0054492941038292208 -0.0016233350707657761
leaf_weight=3326.1179628670216 270051.3201988244 821.18148940126412 463.08692292869091 8495.5642841064837 29732.980994063197 7885.5507664741017 91038.987564367941 35225.937524340581 63473.520787251182 2027.4862825665623 13425.860184093937 26582.536825131625 16808.887051463127 21377.022983461618 14550.860426590545 1158.8197257220745 823.15138676017523 1924.4152391701937 54922.229962421581 2972.9743335093372 4400.9009555401281 5339.1017491086386 5800.3820756338537 989.54586742445827 6542.7273236059118 862.17489115521312 36543.680974067654 105553.33127002371 17184.92347288318 6432.7763648815453
leaf_count=13846 684355 21456 64112 11559 61669 13537 224009 77786 117860 4433 25333 61344 37369 35818 38549 4043 3170 9221 139171 7166 9886 16245 12980 2776 10425 2678 76715 230401 30855 12831
internal_value=-2.40197e-05 -0.00802044 -0.00187433 1.94317e-05 -4.04167e-05 -0.000456532 0.000741443 -0.00138856 -0.00159325 0.000177977 0.00024649 -0.000990589 -5.03138e-05 0.00244488 -0.00354959 0.000783145 -0.00546258 -0.0107134 -0.00148235 -0.00253053 -0.00160874 -0.00614459 -0.0080054 -0.00457977 0.00337086 -0.000630146 0.00036971 3.57999e-05 0.000831049 0.00352317
internal_weight=856738 4610.39 3789.2 852128 843632 550603 293029 223006 215120 327597 325569 164481 286860 38709.3 50639 25283.4 3906.39 2747.57 137899 74425.1 59323.1 15102 12129 6789.93 36275.7 15413 256754 220210 129171 23617.7
internal_count=2061598 99414 77958 1962184 1950625 1303720 646905 499978 486441 803742 799309 367428 721724 77585 119013 52252 16434 12391 306084 188224 149057 39167 32001 15756 72094 41227 574811 498096 274087 43686
is_linear=0
shrinkage=0.03


Tree=178
num_leaves=31
num_cat=0
split_feature=69 59 59 18 69 59 69 21 8 30 32 30 98 30 16 26 34 87 97 32 41 64 30 98 83 63 91 83 69 38
split_gain=278.13 310.155 303.8 258.765 246.05 383.94 331.265 231.893 229.49 198.744 521.674 266.138 240.001 239.469 265.229 195.938 195.506 194.357 192.391 229.278 211.101 187.935 200.491 183.41 178.79 178.45 178.25 176.057 170.693 181.937
threshold=0.39646273851394659 0.36849236488342291 0.45468235015869146 37.500000000000007 0.14963311702013019 0.19794310629367831 0.28950069844722753 35.500000000000007 20.500000000000004 39.500000000000007 110.50000000000001 57.500000000000007 1.0869558453559878 87.500000000000014 16.500000000000004 121.50000000000001 71.500000000000014 1.2499961256980898 1.0833311080932619 419.50000000000006 26.548395156860355 0.22857142239809039 16.500000000000004 1.0370353460311892 0.83162936568260204 0.2414379492402077 2.4859780073165898 0.99999848008155834 0.22727272659540179 35.500000000000007
decision_type=2 2 2 2 2 2 2 2 2 2 2 2 2 2 2 2 2 2 2 2 2 2 2 2 2 2 2 2 2 10
left_child=1 4 3 26 -1 23 21 -3 17 -4 11 -11 18 15 -15 25 -16 -8 20 -20 -12 24 -23 -6 -7 -14 -2 -10 -24 -30
right_child=2 7 9 -5 5 6 8 -9 27 10 12 -13 13 14 16 -17 -18 -19 19 -21 -22 22 28 -25 -26 -27 -28 -29 29 -31
leaf_value=-0.00078471216677938882 0.0022649464297701391 -0.0013392889197274395 -0.001149560416501344 0.0068161895890549397 0.00058611694056481605 -0.0022285858562009712 0.0010126667182261686 -0.0057319687014091925 -0.00029595012477950586 0.0015425186532210268 -0.0020685041254775555 0.0062500119064969172 -0.0013697169435510589 0.004974592520025565 -0.014157300831208024 -0.0042702247464702098 0.00063934208054835823 -0.0045017258150811352 -0.0041680757462389112 -0.019226122001172203 0.0040167532052544459 -0.0084822991053872462 -0.0041902759868340409 0.0030413642946874576 0.0016803506208346629 0.0057378563427621168 -0.0033404769164011141 0.0056687050425425949 -0.0011690988897183324 0.010153357965448057
leaf_weight=227172.7357333852 57510.815727314912 59404.912545155734 62804.201306679519 10671.662223961204 50232.857001217781 16792.780997564085 35704.365052096546 13209.917002553819 6289.9222899163142 25222.525862742681 28704.393770373892 18917.521380169317 8329.8360962551087 17539.757710203528 1117.3640108257532 9582.3139877263457 2733.7597845569253 6836.4327988687437 8141.9175518378615 1008.0996479615569 6227.1638436689973 4360.8849639352411 19599.306470543845 60207.234949766193 28165.634004656458 5115.7800312470645 5585.3386723848525 15220.559317160165 44287.516393247759 1295.299889289774
leaf_count=620290 128849 142313 193098 18861 106805 42009 78821 29140 12899 51922 51798 32455 17711 29878 2720 28137 4921 20943 16661 2541 9741 22941 41765 140055 63163 9026 14792 28343 97080 2398
internal_value=6.09586e-05 -0.000304278 0.000859712 0.00249982 -4.59881e-05 0.000534725 -0.000325271 -0.00213975 0.00140216 0.000240484 0.000898734 0.00356197 -0.000430075 0.00112601 0.00341001 -0.000996731 -0.00370471 0.000124788 -0.00199787 -0.0058654 -0.000982022 -0.00129166 -0.00226867 0.00192492 0.00021995 0.00133907 0.00176785 0.00392591 -0.00185048 -0.000843043
internal_weight=857993 588780 269212 73767.8 516166 288993 178553 72614.8 64051.3 195445 132640 44140 88500.4 44418.8 21390.9 23027.9 3851.12 42540.8 44081.6 9150.02 34931.6 114501 69543 110440 44958.4 13445.6 63096.2 21510.5 65182.1 45582.8
internal_count=2062076 1448965 613111 162502 1277512 657222 410362 171453 141006 450609 257511 84377 173134 92393 37519 54874 7641 99764 80741 19202 61539 269356 164184 246860 105172 26737 143641 41242 141243 99478
is_linear=0
shrinkage=0.03


Tree=179
num_leaves=31
num_cat=0
split_feature=24 18 24 78 98 97 98 90 97 24 40 24 24 63 18 30 20 24 18 18 24 18 24 30 24 67 97 14 12 0
split_gain=279.899 884.491 475.288 243.38 287.298 242.444 367.773 408.553 299.391 684.555 303.788 264.405 263.4 318.067 278.951 257.602 254.328 233.041 306.797 276.776 299.664 321.431 495.483 225.42 332.991 288.992 223.425 222.891 223.272 222.568
threshold=3.5000000000000004 2.5000000000000004 2.5000000000000004 1.5918357372283938 1.009301543235779 1.838701665401459 1.4881096482276919 -0.78560835123062123 1.1739092469215395 64.500000000000014 134.50000000000003 80.500000000000014 46.500000000000007 0.49949887394905096 36.500000000000007 107.50000000000001 207.50000000000003 5.5000000000000009 4.5000000000000009 5.5000000000000009 7.5000000000000009 6.5000000000000009 6.5000000000000009 73.500000000000014 44.500000000000007 7.0449020862579355 0.99141335487365734 42.500000000000007 19.500000000000004 6.5000000000000009
decision_type=2 2 2 2 2 2 2 2 2 2 10 2 2 2 2 2 2 2 2 2 2 2 2 2 2 2 2 2 2 2
left_child=1 2 -1 5 26 6 8 -8 29 10 -10 15 14 16 17 -11 27 18 -7 -19 21 22 -21 24 -9 -25 -5 28 -14 -2
right_child=3 -3 -4 4 -6 12 7 23 9 11 -12 -13 13 -15 -16 -17 -18 19 -20 20 -22 -23 -24 25 -26 -27 -28 -29 -30 -31
leaf_value=-0.030452385082651516 -8.3085741958684943e-05 -0.035524219778406481 0.0026164099831155049 0.00069553044398243901 0.0019992721487653272 -0.0056851454355675672 0.0055274693072743424 0.00055440056554458125 -0.0013193441381489626 -0.014676065751898294 0.0059808465871379595 -0.022575346036180739 -0.011184888324193449 -0.021879947852009151 0.011850018540049212 -0.0036922339998441416 0.0051345979648828987 0.010046336698428839 -0.037066362803395717 -0.037223784610465223 -0.0012893311999120163 -0.039361504676925264 0.0072936567599397152 0.0063834330091867043 -0.0067606504368131638 -0.00074568924660886355 -0.0027092474669925598 -0.01390530726780129 0.010754892844251542 0.003572785053353371
leaf_weight=422.10855889995582 331022.42371558747 802.13937984546646 3376.8123015235178 57771.168240084546 113549.85551571217 1260.1738889003173 18920.330278679729 74652.350778245367 111179.00505163148 2884.408263258636 5358.8620882264804 1161.6722773760557 784.78273933380842 1125.6451730281115 1403.8309260234237 5739.2216964736581 1710.2879407610744 1860.6318575977348 344.41927091404796 305.98068871535361 49875.048830402549 351.00283499527723 710.9479633839801 12552.524482995272 6034.7986740916967 8623.899266935885 24765.384489547461 2617.0814163293689 847.39434568211436 15677.997408635914
leaf_count=58673 642400 21458 19557 112451 276188 13335 42223 185219 263229 11505 8413 4320 3568 5813 3479 12108 6949 7559 7250 5947 185101 5445 2937 24983 21018 19472 53626 11676 2793 23293
internal_value=5.30254e-05 -0.00731037 -0.00119819 9.29096e-05 0.00102038 -0.000183921 4.11068e-06 0.00148146 -0.000373169 -0.0016234 -0.000982684 -0.00923647 -0.00195013 -0.0073924 -0.00126055 -0.00739153 -0.00459195 -0.00160118 -0.0127944 -0.00125827 -0.0016725 -0.0154231 -0.00656067 0.000729011 5.74938e-06 0.0034822 -0.000326494 -0.00851251 0.000198119 8.24314e-05
internal_weight=857692 4601.06 3798.92 853091 196086 657005 593807 120784 473024 126323 116538 9785.3 63197.2 7085.19 56112 8623.63 5959.55 54708.2 1604.59 53103.6 51243 1367.93 1016.93 101864 80687.1 21176.4 82536.6 4249.26 1632.18 346700
internal_count=2061988 99688 78230 1962300 442265 1520035 1258183 292915 965268 299575 271642 27933 261852 30799 231053 23613 24986 227574 20585 206989 199430 14329 8884 250692 206237 44455 166077 18037 6361 665693
is_linear=0
shrinkage=0.03


Tree=180
num_leaves=31
num_cat=0
split_feature=24 18 92 16 70 19 99 40 46 46 92 87 92 97 97 92 87 24 24 87 18 92 39 39 31 97 40 8 92 97
split_gain=279.88 861.275 482.65 267.427 356.695 345.707 294.56 252.23 241.383 1249.03 243.276 465.471 298.047 286.267 260.059 238.538 991.262 409.517 386.181 274.69 285.48 231.431 228.693 406.903 252.624 254.056 223.667 221.702 218.809 215.793
threshold=3.5000000000000004 2.5000000000000004 1.4482725262641909 15.500000000000002 0.23105625808238986 10.500000000000002 -0.096156012266874299 201.50000000000003 7.8974504470825204 4.1648156642913827 0.98017880320549022 1.0312786102294924 1.1739096045494082 2.142847061157227 2.0720701217651372 2.2499620914459233 1.6666597127914431 11.500000000000002 7.5000000000000009 1.7999919056892397 10.500000000000002 2.5714037418365483 47.500000000000007 65.500000000000014 1.0000000180025095e-35 0.68181586265563976 65.500000000000014 2.5000000000000004 0.49999436736106878 1.4058226346969607
decision_type=2 2 2 2 2 2 2 10 2 2 2 2 2 2 2 2 2 2 2 2 2 2 10 10 2 2 8 2 2 2
left_child=1 2 26 5 -5 7 -7 8 9 15 27 13 29 -12 -14 19 17 -17 -18 22 -21 -20 -2 -24 -25 -26 -1 -10 -27 -13
right_child=3 -3 -4 4 -6 6 -8 -9 10 -11 11 12 14 -15 -16 16 18 -19 21 20 -22 -23 23 24 25 28 -28 -29 -30 -31
leaf_value=0.016105132339269246 -0.00042185850882060099 -0.035506752054676398 -0.030263465402154105 -0.011772813364261656 -0.001538424678400017 0.0023237149576796831 0.015980512393596474 0.0052700174381738003 0.0025193242246097512 0.0057498850170503079 0.003266364356672386 -0.0023919320370191623 0.00045181828771584945 -0.0075774953442025606 -0.0053342116210337012 -0.045280379154288383 -0.037257323508757302 -0.010557780952203367 0.010834732916089267 -0.029701943559447372 -0.0021349711300941258 -0.012023224042509889 0.0031409866258159756 0.0045736199258586989 0.0022267859278717952 -0.0066162780413434779 -0.0018308918221583814 -0.0026088615651164776 -0.00091570624022329781 -0.0093293470842450814
leaf_weight=810.09337830916047 326044.78501181956 786.89157421747223 437.24943239451386 3507.964758052025 23422.636956344126 40762.446304593235 1453.6385529702529 8114.9407300564926 8400.6810825904831 35614.471595562762 38485.151316262782 34952.333195307292 79750.510156926699 2304.5554879084229 7642.7938752849586 655.87444292847067 178.45237820222974 586.75523705407977 1957.2396966158412 546.55584274511784 846.87891815975308 481.65599348838441 51992.473104105331 9396.3942015236244 22166.528477713466 6661.2968370616436 2528.618642071262 76984.845828010701 65292.399752706289 4547.1775974109769
leaf_count=2406 792138 21399 64358 8341 47278 76739 3346 11264 18796 66655 75054 66186 159481 9159 35947 6169 16826 2882 5961 32954 2020 10310 108594 12754 42458 16945 11493 174891 139479 19789
internal_value=2.17729e-05 -0.00737216 -0.00135287 6.15079e-05 -0.0028793 0.000157477 0.00280131 1.49749e-05 -4.01498e-05 0.000328228 -0.000800577 -0.000136765 -0.00103294 0.00265029 -5.52912e-05 -6.86367e-05 -0.00747744 -0.0293117 0.00303242 -9.11433e-06 -0.013215 0.00625945 2.96458e-05 0.000976215 -0.000111464 -0.000580067 0.00259103 -0.00210385 -0.00144514 -0.00319488
internal_weight=857314 4562.85 3775.96 852751 26930.6 825821 42216.1 783605 775490 522422 253068 167683 126893 40789.7 87393.3 486807 3859.98 1242.63 2617.35 482947 1393.43 2438.9 481554 155509 103517 94120.2 3338.71 85385.5 71953.7 39499.5
internal_count=2062072 99656 78257 1962416 55619 1906797 80085 1826712 1815448 1256145 559303 365616 281403 84213 195428 1189490 42148 9051 33097 1147342 34974 16271 1112368 320230 211636 198882 13899 193687 156424 85975
is_linear=0
shrinkage=0.03


Tree=181
num_leaves=31
num_cat=0
split_feature=24 18 24 46 39 11 46 44 63 11 48 81 39 87 24 88 14 8 40 40 97 24 43 96 85 88 97 66 59 33
split_gain=304.029 789.537 413.773 324.192 1056.45 396.43 285.747 277.594 300.112 259.601 251.967 216.793 215.193 214.192 467.998 277.567 198.957 198.862 204.993 202.802 192.201 225.833 292.238 221.489 191.867 181.805 274.151 257.347 236.216 279.418
threshold=3.5000000000000004 2.5000000000000004 2.5000000000000004 8.7577090263366717 9.5000000000000018 10.228926181793215 7.4054245948791513 0.57142850756645214 0.13333333283662799 54.827960968017585 0.4999998956918717 1.7046419978141787 189.50000000000003 1.7999919056892397 12.500000000000002 1.9955539107322695 9.5000000000000018 31.500000000000004 201.50000000000003 27.500000000000004 1.4058226346969607 48.500000000000007 0.99999958276748668 2.7983112335205083 -0.21539145708084104 0.77777668833732616 0.93312770128250133 34.656785964965827 1.1666665673255923 13.500000000000002
decision_type=2 2 2 2 8 2 2 2 2 2 2 2 10 2 2 2 2 2 10 10 2 2 2 2 2 2 2 2 2 2
left_child=1 2 -1 4 6 -5 9 8 16 -2 -10 -9 13 15 -15 17 -7 18 25 -19 -12 22 -22 -23 -13 27 -27 28 29 -6
right_child=3 -3 -4 5 12 7 -8 11 10 -11 20 24 -14 14 -16 -17 -18 19 -20 -21 21 23 -24 -25 -26 26 -28 -29 -30 -31
leaf_value=-0.030223087219377942 0.0069725487117903318 -0.035238106900469385 0.0014216173931868761 -0.0073127801318195905 -0.00010307088546175642 0.0072263660127640985 0.0013541568167933259 -0.00055810743055933771 0.00037722533435608863 -0.0071178438588111901 -0.0010754427630504091 0.0059921736699690576 0.0050935037924719154 -0.029681674423452598 -4.3632763018592181e-06 0.0045863903777010927 -0.0054034162695247327 0.00097021780407353377 0.0055882470473052432 0.007058977640674766 -0.0019263331149004701 -0.013224392152963966 -0.017321881746119483 0.0081253115039497358 0.0012532481454622282 0.00067621240357488655 -0.001419036707309801 -0.0014997855128839146 -0.0050673761264277712 0.0026878007062719417
leaf_weight=397.66381734446622 30261.128756867955 758.8388741791714 3379.4686596482061 8040.8616135222837 61649.562440047506 1177.3528462855611 14657.347191562178 42548.39864631719 90872.440997947939 1208.8867386081256 79990.776897531003 10539.947256916435 7548.5675709608477 676.08780300454237 1528.0360967204906 11767.710911224596 18670.613610242959 20688.046308587305 5378.7819496095181 6444.3302829167806 18992.222407337278 3525.0048608332872 1159.1984268091619 485.28620261512697 28342.792066977825 80336.739929869771 186995.2375719524 45790.761596593075 5342.5507676531561 67762.723898381926
leaf_count=58804 54641 21434 19662 19774 169957 2571 29415 87936 190223 2674 152021 19474 10448 53779 7776 29139 45085 43403 6983 11670 59934 15294 4202 1618 61826 154515 469758 105127 13878 139574
internal_value=-4.70644e-06 -0.00773384 -0.00205164 3.66049e-05 0.000472597 -0.00074847 0.00481642 -0.000569851 -0.0011351 0.0064271 -0.000777179 0.000921594 7.32072e-05 -3.65241e-06 -0.00929256 3.83239e-05 -0.00464772 -7.32729e-05 -0.000222654 0.00242052 -0.00178427 -0.00412811 -0.00282825 -0.0106134 0.00254025 -0.000292686 -0.000789384 0.000442774 0.001103 0.00135847
internal_weight=856917 4535.97 3777.13 852381 548036 304345 46127.4 296304 214873 31470 195025 81431.1 501909 494361 2204.12 492156 19848 480389 453256 27132.4 104152 24161.7 20151.4 4010.29 38882.7 447878 267332 180546 134755 129412
internal_count=2062595 99900 78466 1962695 1302737 659958 86730 640184 470948 57315 423292 169236 1216007 1205559 61555 1144004 47656 1114865 1059792 55073 233069 81048 64136 16912 81300 1052809 624273 428536 323409 309531
is_linear=0
shrinkage=0.03


Tree=182
num_leaves=31
num_cat=0
split_feature=40 92 87 92 87 40 92 97 87 87 92 92 97 87 92 14 14 18 87 93 19 24 12 97 98 88 97 93 98 73
split_gain=328.455 324.823 555.638 948.335 400.486 353.266 373.038 700.704 601.511 475.974 401.541 366.454 742.186 402.056 539.24 396.345 362.759 327.438 322.32 318.188 312.701 312.192 310.86 300.3 469.581 292.111 284.129 283.895 292.615 280.54
threshold=134.50000000000003 0.59999188780784618 0.70588049292564403 0.98017880320549022 0.49999436736106878 86.500000000000014 0.83027687668800365 0.97058436274528515 0.88888442516326915 0.99999535083770763 1.1739096045494082 1.2499972581863406 1.1739092469215395 1.1087425947189333 1.012742340564728 50.500000000000007 14.500000000000002 42.500000000000007 0.85713735222816478 0.37044388055801397 9.5000000000000018 80.500000000000014 3.5000000000000004 1.5483803749084475 1.0869558453559878 0.49999436736106878 2.142847061157227 2.2999948263168339 0.74999877810478222 0.66666433215141307
decision_type=10 2 2 2 2 8 2 2 2 2 2 2 2 2 2 2 2 2 2 2 2 2 2 2 2 2 2 2 2 2
left_child=1 4 3 -3 -1 6 7 -4 10 25 -8 12 17 14 15 23 -15 -10 -12 -7 26 -16 -5 -14 -25 -9 -13 28 -2 -19
right_child=27 2 5 22 -6 19 8 9 11 -11 18 20 13 16 21 -17 -18 29 -20 -21 -22 -23 -24 24 -26 -27 -28 -29 -30 -31
leaf_value=0.00041030930006761998 -0.0006370495681638108 0.004137578491014946 0.00096925623419261381 -0.038089922086215831 -0.0037188931104382415 0.0047429676439893253 0.0039567737462113889 0.0017499917611418479 -5.3658408278585819e-05 -0.022127197770591703 -0.03183928115001565 0.0013768980851085815 -0.00033332311012501193 0.00016560130190139007 0.00032695222796234858 -0.0098205015775899868 -0.0083249764943950089 -0.0026492121734946767 -0.0013712388568346762 -0.0021771992707242719 0.0064126957437930501 -0.01710558092049581 0.0043070439716427792 0.020595468794005201 -0.011400233701695779 -0.005248416087863552 -0.0028807163818257444 -0.009270346699992698 0.0046536962466514412 0.0040241904033024162
leaf_weight=37418.661189480685 13888.679840296973 39222.209433911368 40460.39793274831 626.19007659237832 48560.361421344802 6342.1263639274985 49399.779642766342 6481.3977686464787 138989.18976885919 1337.8585738390684 477.35089710447937 127506.5122832635 15249.598991945386 6233.4769554240629 60645.211562283337 9705.8381916731596 16533.393565450795 6730.2830669730902 845.89275419712067 99873.671023843577 9904.5694140982814 918.88806777447462 200.04283182416111 433.49745500832796 4772.0181409865618 30983.355032376945 15842.35666773445 1764.0483481471892 29114.778019350953 35543.209646612406
leaf_count=92534 29071 93743 78060 7646 120244 27018 103765 15608 251976 4663 3185 270952 38385 18666 145661 36112 48806 11679 2549 340038 16838 3712 882 1449 22657 81932 86379 8476 46711 52753
internal_value=-4.08151e-05 -0.000178888 2.78236e-05 0.00346163 -0.00192216 -0.000172967 0.000118807 -0.00179295 0.000422093 -0.00467219 0.00351812 7.22035e-05 -0.000544732 -0.00243546 -0.00154905 -0.00483392 -0.00600219 0.000649655 -0.0126728 -0.00176318 0.00126271 6.12886e-05 -0.0279658 -0.00246054 -0.00866711 -0.0040374 0.000906027 0.00246018 0.00294546 0.00296098
internal_weight=856005 811237 725258 40048.4 85979 685210 578994 79263 499731 38802.6 50723 449008 295755 114492 91725.1 30161 22766.9 181263 1323.24 106216 153253 61564.1 826.233 20455.1 5205.52 37464.8 143349 44767.5 43003.5 42273.5
internal_count=2062150 1977892 1765114 102271 212778 1662843 1295787 180263 1115524 102203 109499 1006025 631856 315448 247976 98603 67472 316408 5734 367056 374169 149373 8528 62491 24106 97540 357331 84258 75782 64432
is_linear=0
shrinkage=0.03


Tree=183
num_leaves=31
num_cat=0
split_feature=92 24 44 63 96 97 98 24 30 66 69 64 69 39 8 100 34 37 87 92 15 92 48 100 3 34 48 30 69 33
split_gain=271.582 323.582 263.014 239.661 282.468 308.937 296.149 277.208 263.193 244.795 255.782 278.795 308.802 244.741 302.918 299.919 255.343 248.639 237.121 614.517 228.272 218.831 218.24 216.817 215.216 238.155 193.933 192.744 226.19 184.188
threshold=2.5714037418365483 13.500000000000002 0.99999958276748668 0.58079874515533458 0.68892294168472301 1.7999514341354372 2.1599935293197636 46.500000000000007 158.50000000000003 24.352598190307621 0.2105263099074364 0.24794513732194903 0.28950069844722753 45.500000000000007 4.5000000000000009 -0.35474815964698786 121.50000000000001 66.500000000000014 1.0084735453128817 1.012742340564728 37.500000000000007 1.2499972581863406 0.99999925494194042 -1.1382564306259153 18.500000000000004 84.500000000000014 0.41666664183139807 29.500000000000004 0.04545454494655133 30.500000000000004
decision_type=2 2 2 2 2 2 2 2 2 2 2 2 2 10 2 2 2 8 2 2 2 2 2 2 2 2 2 2 2 2
left_child=2 -2 3 8 -5 6 22 -7 9 13 23 -12 -13 14 17 27 18 -1 19 -16 -14 -20 -6 -11 25 26 -22 -15 -29 -21
right_child=1 -3 -4 4 5 7 -8 -9 -10 10 11 12 20 15 16 -17 -18 -19 21 29 24 -23 -24 -25 -26 -27 -28 28 -30 -31
leaf_value=-0.0018474063424163258 -0.033806548146378221 -0.00061580842794355085 0.0019271672426839162 0.0029404709584882681 0.001120399527923734 -0.0028722928203481126 0.011259381699511418 -0.019171633277118447 0.0056847583018843307 0.00071850070319441747 0.0023244438164019433 -0.0042428637895933928 1.5801560541780158e-05 -0.0016145742226500155 0.00012922201371007481 0.0053244812339881542 -0.0123915796942617 0.0073781113886398552 -0.0019108543001835254 0.0026767045477270684 -0.0062544928329355647 0.00091940815697941171 -0.0025335983575900025 -0.003318438270865131 0.0017677584345587507 0.0037375011130869524 -0.020306042217916362 -0.0058133371862677348 0.0024532292632360158 0.0084194674199081134
leaf_weight=101520.39858669555 447.09059505257756 610.82433452364057 62775.997760031372 45590.642949393019 82763.164942804724 12579.45430399524 2323.4992875643075 996.19621467776597 6409.4069688096642 14766.218031750992 26787.602518651169 22437.515080344398 119605.20174215175 22095.234825817868 55546.218652727082 15322.024498624261 1366.7371796984226 2679.7753010727465 47330.030864194967 8352.3916344838217 9371.1625343519263 51124.493651866913 17870.607967052609 63153.527465027291 4686.5511757526547 1974.7513403743505 962.96681148558855 3201.8448539590463 39670.7817540369 12701.786493430845
leaf_count=327235 74983 5560 129861 89841 168517 48733 5482 5216 9131 27186 55403 51945 259007 57839 126552 27620 3116 11504 104033 21190 21699 120895 37916 152173 9005 3237 2725 7149 75298 22330
internal_value=3.92551e-05 -0.0150097 5.82049e-05 -8.97566e-05 0.000939009 0.000155616 0.00071675 -0.0040948 -0.000354072 -0.000416214 -0.0011109 -0.000505811 -0.000982758 9.14762e-05 -0.000326416 0.00155177 0.000431084 -0.00160878 0.000532601 0.00178414 -0.000446722 -0.000441295 0.000471146 -0.00255343 -0.00369792 -0.00577844 -0.00760055 0.00066065 0.00183344 0.00614596
internal_weight=857024 1057.91 855966 793190 162124 116533 102957 13575.7 631067 624657 263745 185826 159038 360912 280622 80289.9 176422 104200 175055 76600.4 136601 98454.5 100634 77919.7 16995.4 12308.9 10334.1 64967.9 42872.6 21054.2
internal_count=2062381 80543 1981838 1851977 355705 265864 211915 53949 1496272 1487141 582380 403021 347618 904761 736855 167906 398116 338739 395000 170072 295673 224928 206433 179359 36666 27661 24424 140286 82447 43520
is_linear=0
shrinkage=0.03


Tree=184
num_leaves=31
num_cat=0
split_feature=92 24 18 24 18 40 20 100 78 98 88 73 61 65 18 24 22 51 4 92 38 85 63 22 21 18 18 92 40 38
split_gain=257.294 635.006 1007.13 862.142 445.038 329.008 253.549 232.224 233.872 216.587 208.299 230.343 209.451 247.441 193.887 223.114 192.672 189.798 188.708 175.125 189.326 171.157 166.136 164.443 200.28 161.309 196.232 188.707 203.328 204.419
threshold=1.0909023880958559 4.5000000000000009 3.5000000000000004 3.5000000000000004 50.500000000000007 25.500000000000004 3.5000000000000004 -0.91950619220733631 0.98900929093360912 0.69512081146240245 0.44444321095943456 0.99889758229255687 17.825691223144535 0.24999995529651645 20.500000000000004 16.500000000000004 7.5000000000000009 8.184793949127199 5.5000000000000009 0.54545119404792797 68.500000000000014 -1.3540251255035398 0.58079874515533458 11.500000000000002 23.500000000000004 5.5000000000000009 33.500000000000007 1.666654169559479 2.5000000000000004 3.5000000000000004
decision_type=2 2 2 2 2 10 2 2 2 2 2 2 2 2 2 2 2 2 2 2 10 2 2 2 2 2 2 2 10 8
left_child=5 2 3 -2 6 10 -3 9 21 -8 -1 -12 -13 16 15 -15 -14 -18 25 -7 22 23 -21 24 -9 -10 27 28 29 -27
right_child=1 4 -4 -5 -6 19 7 8 18 -11 11 12 13 14 -16 -17 17 -19 -20 20 -22 -23 -24 -25 -26 26 -28 -29 -30 -31
leaf_value=0.0010437734563814331 -0.031656240789116823 0.005912791942579548 -0.040791432036008331 0.0058033293179022855 0.008341685496853924 -0.0011401839193200479 -0.001188326517769137 -0.0051046937212753515 0.006307925681130754 0.002913970634709699 -0.0023859963903325155 0.00096402952045963094 -0.0015466260395162134 0.0050793531409285214 0.0027531517726238418 -0.0088603810955204965 0.0075785150989109758 -0.0065752759175396799 -0.0045220912040557079 8.1735234060830223e-05 0.0045226721389921253 -0.00054349042346941024 0.0023588958597944602 0.0018465535982234828 -0.020626530672338196 -0.0005386750453617047 0.0037667459498109497 0.0031036388470726539 0.00071026485193180044 -0.0070292000008742653
leaf_weight=34431.794762872159 711.96578296076041 7885.95764503791 810.41945268516429 2243.8207707554102 6804.0263003092259 51827.468285099603 14749.588090625359 2694.2752135612536 5503.7471494833007 53771.692737587029 119336.12859335728 49793.856500366703 36576.484993379563 1535.6467816643417 16051.505728116259 3074.3076795935631 894.93766833841801 13242.333869067952 5209.0079669023398 131366.03144521546 11716.327477023005 137347.45755136944 36924.684756711125 1661.3385290743317 1027.0390651361085 11792.355363897979 19599.428706413135 18958.282372939633 51064.968293430284 6919.2955209370703
leaf_count=89319 79868 25036 14513 12801 11724 119222 27461 6677 21219 88923 289747 111587 83335 3648 30625 7318 1534 31059 11510 291532 26252 348028 74884 3458 3058 25970 37259 57545 106456 18969
internal_value=-4.6654e-06 0.000622456 -0.0115967 -0.00337174 0.000756516 -0.000436251 0.000603424 0.000476311 6.92829e-05 0.00203084 -0.00113814 -0.00145057 -0.000529061 -0.00157067 0.00119586 -0.00421496 -0.00269782 -0.00566985 0.00105103 0.00039616 0.00083858 -0.0007496 0.000581588 -0.00598736 -0.0094759 0.0013068 0.00105161 0.000451185 -0.000270169 -0.00294372
internal_weight=855526 348755 3766.21 2955.79 344988 506772 338184 330298 261777 68521.3 274937 240505 121169 71375.2 20661.5 4609.95 50713.8 14137.3 119047 231835 180007 142730 168291 5382.65 3721.31 113838 108334 88734.9 69776.6 18711.7
internal_count=2060537 900475 107182 92669 793293 1160062 781569 756533 640149 116384 648172 558853 269106 157519 41591 10966 115928 32593 278928 511890 392668 361221 366416 13193 9735 267418 246199 208940 151395 44939
is_linear=0
shrinkage=0.03


Tree=185
num_leaves=31
num_cat=0
split_feature=30 24 92 24 87 92 87 97 87 87 24 92 87 24 87 97 92 92 87 92 24 92 97 66 87 92 97 92 24 97
split_gain=282.001 680.696 266.706 971.92 1347.34 1716.11 748.151 653.721 416.288 496.731 478.906 377.887 558.473 991.5 434.349 519.86 487.376 368.023 352.092 916.077 1049.2 353.052 415.514 377.379 319.218 574.831 502.999 388.992 921.764 339.422
threshold=121.50000000000001 70.500000000000014 1.2499972581863406 5.5000000000000009 1.3090156912803652 1.9411687254905703 1.0666649341583254 0.99141335487365734 0.92856994271278392 0.91547426581382763 18.500000000000004 0.72497111558914196 0.55555415153503429 11.500000000000002 0.66665667295455944 0.95121777057647716 0.59999188780784618 1.071426570415497 0.73684036731719982 0.98017880320549022 11.500000000000002 0.96428340673446666 1.4999940395355227 11.272584438323976 1.2307649850845339 1.4999718666076662 1.1739092469215395 1.666654169559479 15.500000000000002 2.2499577999114995
decision_type=2 2 2 2 2 2 2 2 2 2 2 2 2 2 2 2 2 2 2 2 2 2 2 2 2 2 2 2 2 2
left_child=1 2 6 4 -4 -6 11 -8 9 10 -5 14 13 -13 16 -16 -1 -9 19 -14 -21 22 -20 -24 27 26 -26 -10 -29 -27
right_child=-2 -3 3 8 5 -7 7 17 24 -11 -12 12 18 -15 15 -17 -18 -19 21 20 -22 -23 23 -25 25 29 -28 28 -30 -31
leaf_value=-0.00058960383681156412 0.0019747309310069404 -0.0095076919578150915 -0.041363391546731028 -0.050263183309089757 0.0053767488995457918 -0.036983722799404678 -0.00013612096156784698 -0.0080029411141032611 0.0033023638781594067 0.0078143708814442294 -0.0034331300355475648 -0.047933569302991273 0.0060455375517094239 0.01312921276326834 -0.00064629321963644449 -0.0060810394823483807 0.0055160462145773083 -0.003038088321571967 0.00017971061848504738 -0.041750348700384694 0.0061613496389630752 0.0017166447986741861 0.0020812206856074939 -0.0076547676222990897 0.00030785449285372781 0.0024489629479580101 -0.006510774835644456 -0.036743876646498246 0.0049779199581521391 -0.0038349776864347773
leaf_weight=69748.041762228124 62749.060904324055 6862.5222756043077 1061.2400850704871 439.9043551729992 3753.5778705244884 1095.4102910867659 64850.060864979401 18038.483319055289 71267.3035954386 491.91505430359393 348.65926601737738 538.33067359682173 22023.226839056239 406.66358625330031 39770.124904207885 26312.50794891268 14133.48277777154 52716.841012964025 118941.11416631192 781.56500566750765 835.83858686499298 134119.92736321408 5060.7763913422823 12191.577123805881 23426.885453258641 77574.926503316034 16639.778952167369 719.81763962097466 1328.2548933271319 8574.7696785053704
leaf_count=166629 100189 29932 18368 3368 25286 82578 139621 53091 147593 1232 1220 4146 49814 1066 81005 71285 31455 125032 240419 8630 2399 288741 17162 49873 42527 171224 42214 4461 4106 57199
internal_value=3.89634e-05 -0.000114054 -3.19233e-05 0.000893348 -0.0110765 -0.0043053 -0.00036146 -0.00231203 0.00124671 -0.0156724 -0.0301546 0.0002332 0.000856697 -0.0219287 -0.000992834 -0.00281146 0.000440228 -0.00430574 0.000931434 0.00444074 -0.0172178 0.000624217 -0.000451673 -0.00479973 0.00135685 0.000442159 -0.00252577 0.00293098 -0.0098992 0.00182276
internal_weight=856803 794054 787191 206722 5910.23 4848.99 580469 135605 200812 1280.48 788.564 444863 294899 944.994 149964 66082.6 83881.5 70755.3 293954 23640.6 1617.4 270313 136193 17252.4 199532 126216 40066.7 73315.4 2048.07 86149.7
internal_count=2061865 1961676 1931744 601376 126232 107864 1330368 317744 475144 5820 4588 1012624 662250 5212 350374 152290 198084 178123 657038 60843 11029 596195 307454 67035 469324 313164 84741 156160 8567 228423
is_linear=0
shrinkage=0.03


Tree=186
num_leaves=31
num_cat=0
split_feature=72 87 48 98 18 83 27 97 78 63 48 46 24 18 56 8 63 38 26 66 26 18 24 18 24 32 35 26 98 87
split_gain=292.421 394.632 306.748 272.23 254.429 253.949 241.769 233.297 334.605 223.755 223.228 227.36 197.442 315.52 198.02 195.335 192.156 214.185 207.047 229.071 185.649 184.004 175.339 176.318 224.822 322.644 233.058 175.124 171.124 202.301
threshold=0.96153447031974804 1.7999919056892397 0.62499997019767772 1.267207205295563 10.500000000000002 2.1428089141845708 31.500000000000004 1.4347742199897768 2.770484566688538 0.33333332836627966 0.24999999254941943 7.4054245948791513 74.500000000000014 49.500000000000007 16.834662437438968 27.500000000000004 0.2414379492402077 17.500000000000004 40.500000000000007 28.873313903808597 1.0000000180025095e-35 13.500000000000002 54.500000000000007 36.500000000000007 40.500000000000007 181.50000000000003 16.594159126281742 105.50000000000001 1.6666417121887209 1.1169613003730776
decision_type=2 2 2 2 2 2 2 2 2 2 2 2 2 2 2 2 2 10 2 2 2 2 2 2 2 2 2 2 2 2
left_child=1 5 3 9 -3 16 -4 21 12 10 20 -12 13 22 -14 -10 17 -1 -19 -20 -2 -5 23 24 25 -9 -26 -24 -23 -30
right_child=2 4 6 7 -6 -7 -8 8 15 -11 11 -13 14 -15 -16 -17 -18 18 19 -21 -22 28 27 -25 26 -27 -28 -29 29 -31
leaf_value=-0.0022691704486768648 0.011111470579335377 -0.029743995086222084 -0.00035744483035213167 0.00025823649528805819 -0.0061872758912909611 0.00301628263213725 -0.0042917150756162014 5.9613430017122713e-05 0.0039687267067000662 0.0015019223577740068 0.0056570411363969422 -0.0045070656094755171 0.003569325169812748 0.013927747228953126 -0.021443242969330808 0.015464647225137013 -7.8979097465196847e-05 -0.00112365233617112 0.0046781433678998747 -0.0035586238568443502 -0.00017246081417622981 0.0029653037767923716 0.0079966341332424057 0.0058117338865407596 0.0083159086764138784 0.010489915459933835 -0.0068986002566472837 -0.0070390726848852175 0.010118920517746797 0.0013376979998632893
leaf_weight=112615.61928010965 1304.063718860154 626.52679074730258 59333.955108084949 17977.640930336085 1180.6435491552111 16545.897943485528 18404.192433677148 55028.917164748535 8891.9886439354159 73865.832380133215 2203.6604022460524 18298.346291122492 449.13879729807377 1453.8935110680759 735.60864742100239 1550.4456714051776 174315.59515136061 46443.869281503838 12958.982293239329 3951.5464833471924 146948.3539455937 48167.344984550029 788.65538690239191 4896.3139675334096 1029.2528964877129 2785.2234225585125 6734.2494760751724 5156.6314745694399 7035.122231990099 3559.1569356098771
leaf_count=280232 7299 72962 135950 43321 5962 40864 39979 182291 44611 135791 3567 36463 2195 3986 5092 4512 382667 123875 28681 9268 304988 83703 2472 11176 2902 6076 23046 21156 10945 6081
internal_value=-4.53636e-05 -0.000682677 0.000437463 0.000765908 -0.0145903 -0.00061337 -0.00128973 0.00170102 0.000660123 0.000125099 -0.000477659 -0.00341013 -7.09673e-06 0.00017931 -0.0120591 0.00570189 -0.000784981 -0.00148426 -8.87572e-05 0.0027515 -7.17193e-05 0.00291451 -8.58331e-05 0.000332101 -7.86791e-05 0.000565552 -0.00486534 -0.00502443 0.00372681 0.00717694
internal_weight=855237 368639 486598 408860 1807.17 366832 77738.1 166240 89500.3 242620 168754 20502 79057.9 77873.1 1184.75 10442.4 350286 175970 63354.4 16910.5 148252 76739.3 76419.2 70474 65577.6 57814.1 7763.5 5945.29 58761.6 10594.3
internal_count=2062113 944511 1117602 941673 78924 865587 175929 453565 309515 488108 352317 40030 260392 253105 7287 49123 824723 442056 161824 37949 312287 144050 249119 225491 214315 188367 25948 23628 100729 17026
is_linear=0
shrinkage=0.03


Tree=187
num_leaves=31
num_cat=0
split_feature=77 37 98 30 24 97 18 30 24 18 32 32 87 18 24 43 67 97 98 98 97 24 63 18 30 30 66 74 67 98
split_gain=257.966 292.406 377.274 429.69 575.93 383.289 345.696 344.627 374.978 351.561 335.801 326.777 252.997 285.686 246.502 255.683 237.774 231.715 655.35 235.562 288.955 322.315 221.451 198.6 201.849 192.348 273.706 189.924 185.221 180.584
threshold=0.59832853078842174 3.5000000000000004 1.0621109604835512 89.500000000000014 48.500000000000007 1.0666649341583254 34.500000000000007 63.500000000000007 39.500000000000007 32.500000000000007 463.50000000000006 286.50000000000006 1.7999919056892397 10.500000000000002 54.500000000000007 0.17647058516740802 3.2444115877151494 1.3499949574470522 1.6666417121887209 1.2954505681991579 1.1538414955139162 64.500000000000014 0.53585714101791393 50.500000000000007 77.500000000000014 51.500000000000007 10.598414421081545 -0.17924652248620984 20.09155368804932 1.5428553223609927
decision_type=2 10 2 2 2 2 2 2 2 2 2 2 2 2 2 2 2 2 2 2 2 2 2 2 2 2 2 2 2 2
left_child=12 2 5 4 7 22 27 8 -4 25 28 -5 -1 -14 -8 23 -17 19 -19 20 -13 -22 -2 24 -16 26 -10 -6 -7 -26
right_child=1 -3 3 11 6 10 14 -9 9 -11 -12 17 13 -15 15 16 -18 18 -20 -21 21 -23 -24 -25 29 -27 -28 -29 -30 -31
leaf_value=-0.00076391789228476259 -0.00086123045435366888 0.0016286271225557831 0.00047218110190660616 0.0058230759072095814 -0.018312330205112522 -0.0018510069516009041 0.0012123669207548006 0.0032037429490516405 0.003049425241260078 0.0015459091785381325 -0.010469248386108096 0.0019564321639501882 -0.02965104180041301 0.0013320990729608856 -0.0085541383584548519 0.0021552582390989873 -0.013582463249105987 -0.013831734371579521 0.0064607087237939839 0.0045801202333647416 0.001531158078500389 -0.012418737639635949 0.0018095748229682922 0.012883854155148769 -0.0054093605533342085 -0.0050909495237680888 -0.019111445816029339 -0.0065712015435239633 -0.009121662926545572 0.0076724703107710034
leaf_weight=219959.78529053461 118965.37396739365 129206.23887444637 147799.79421510932 21376.39287340641 1891.9507990404963 40569.602126073325 10115.580058151856 37991.647650238127 628.53358900174499 5136.5514657571912 5198.1743644103408 20310.961677588522 559.64090484182816 494.85925843589939 3318.333543382585 1091.9926052689552 4029.8371372818947 3018.3819692507386 2692.9427394941449 19914.847333833575 2927.6731546670198 3008.7559664696455 36495.522260631667 747.71634120680392 1764.1006529927254 5750.1149390041828 2369.0960306450725 3643.4712632223964 3401.6813962900778 2011.9208035394549
leaf_count=551134 225757 316763 399160 34547 6426 89452 24211 62914 2194 14188 11492 31749 64793 2095 15501 3858 18567 11622 7390 31131 5027 7266 63628 3073 5581 16922 11190 11044 7846 5826
internal_value=4.78466e-05 0.000354934 2.97568e-05 0.000704443 6.28873e-05 -0.000964424 -0.003916 0.000633424 2.91426e-05 -0.00468094 -0.00327252 0.00270335 -0.000834928 -0.015357 -0.00229652 -0.00503212 -0.0102318 0.00141601 -0.0042745 0.0021216 0.000254162 -0.00555702 -0.000234088 -0.00161871 -0.00317914 -0.00833245 -0.0144754 -0.0106357 -0.00241737 0.00156453
internal_weight=856391 635377 506171 301541 228291 204630 28614.9 199676 161684 13884.3 49169.5 73250 221014 1054.5 23079.5 12963.9 5121.83 51873.6 5711.32 46162.2 26247.4 5936.43 155461 7842.07 7094.35 8747.74 2997.63 5535.42 43971.3 3776.02
internal_count=2062347 1444325 1127562 729387 600655 398175 94087 506568 443654 44494 108790 128732 618022 66888 76617 52406 22425 94185 19012 75173 44042 12293 289385 29981 26908 30306 13384 17470 97298 11407
is_linear=0
shrinkage=0.03


Tree=188
num_leaves=31
num_cat=0
split_feature=44 40 40 40 30 92 46 97 97 97 97 39 22 24 92 24 97 26 68 41 92 44 26 30 24 46 88 69 39 34
split_gain=280.199 248.423 422.905 297.021 273.179 253.53 276.122 364.344 252.012 382.204 243.487 234.571 259.987 206.022 202.524 303.487 249.03 195.065 209.248 192.915 215.326 195.964 185.167 178.332 198.621 173.198 170.623 175.371 161.843 197.564
threshold=0.99999925494194042 47.500000000000007 71.500000000000014 120.50000000000001 27.500000000000004 1.1739096045494082 10.40070962905884 1.5882226824760439 2.0720701217651372 2.9998425245285039 0.91303813457489025 4.5000000000000009 37.500000000000007 62.500000000000007 1.7430564165115359 8.5000000000000018 1.0999972224235537 96.500000000000014 0.081124953925609603 47.710842132568366 0.74999296665191661 0.41666664183139807 64.500000000000014 85.500000000000014 46.500000000000007 6.8957250118255624 1.9955539107322695 0.04545454494655133 139.50000000000003 4.5000000000000009
decision_type=2 10 10 10 2 2 2 2 2 2 2 8 2 2 2 2 2 2 2 2 2 2 2 2 2 2 2 2 10 2
left_child=1 5 17 4 10 6 11 19 23 -10 -4 12 25 -9 16 -16 -5 -3 -19 -8 -21 -22 -12 24 -7 -1 28 -28 29 -13
right_child=-2 2 3 14 -6 8 7 13 9 -11 22 26 -14 -15 15 -17 -18 18 -20 20 21 -23 -24 -25 -26 -27 27 -29 -30 -31
leaf_value=0.0077391831324115689 0.0018464657654486546 0.0016214834789346647 -0.0004730304790376953 0.00032522114067315536 -0.00024765080959337089 0.00072364762864892188 -0.0020338171435292113 -0.0053393729427801632 -0.0018443762865867006 -0.029175570761729993 -0.0072579049373423009 -0.0017308680054027921 -0.01053908359113353 -0.016291525677034735 -0.016847372961275947 0.00060309847920079498 0.0046891308167018838 0.012269694613733782 0.0037601883604474516 -0.0095570241611929643 -0.00027366605675271878 0.0064908351573699369 0.0091176161655459019 0.0032329801818030963 -0.0044151443049797101 0.001521198407346274 0.020417331038369166 0.0028589684238046181 0.003438094193196236 2.8991280214083583e-05
leaf_weight=6500.6099056620151 70088.929723854992 56252.430112115806 10041.168014805298 31784.960171901155 52517.330882129958 132266.95636876288 99660.564243192784 9841.7283366369084 24482.201741182245 449.46494442899711 14009.800544978352 111143.14625447337 1183.5035016909242 1824.8978391587734 1298.2245635143481 2802.5994552569464 18672.175132792443 3055.3436476411298 17132.631308503449 1467.2812941931188 9851.6208707531914 6309.7742717703804 633.75291856005788 24546.593794647604 7114.5840480849147 10596.267869204283 602.04429662041366 2946.8091318784282 8296.9186617722735 118727.83261482697
leaf_count=11349 149683 129634 31791 61599 105199 323916 200087 39625 121133 45591 45522 308340 2787 12785 10510 5391 31069 5753 33294 3620 18909 10681 1610 37633 17850 21139 3391 12027 13790 246239
internal_value=2.92144e-05 -0.000132873 0.000755576 -0.000274314 -0.00147155 -0.000453019 -0.000890892 -0.00202576 0.000448772 -0.00236009 -0.00407313 -0.000327899 0.00294692 -0.00707746 0.00141976 -0.00497627 0.00194135 0.0025304 0.00505893 -0.00152215 0.00136951 0.00237211 -0.00653773 0.000876205 0.000460748 0.00389169 -0.000575788 0.00593538 -0.000673299 -0.000821981
internal_weight=856102 786013 208200 131760 77202.1 577813 388953 128956 188860 24931.7 24684.7 259997 18280.4 11666.6 54558 4100.82 50457.1 76440.4 20188 117289 17628.7 16161.4 14643.6 163928 139382 17096.9 241717 3548.85 238168 229871
internal_count=2061947 1912264 461372 292691 184122 1450892 904769 285707 546123 166724 78923 619062 35275 52410 108569 15901 92668 168681 39047 233297 33210 29590 47132 379399 341766 32488 583787 15418 568369 554579
is_linear=0
shrinkage=0.03


Tree=189
num_leaves=31
num_cat=0
split_feature=16 19 17 51 70 46 34 92 87 97 71 92 92 24 87 92 92 97 93 60 88 44 66 33 65 40 92 87 97 92
split_gain=254.14 284.052 325.1 416.22 266.617 253.834 253.109 245.483 309.11 301.113 243.838 240.085 235.583 256.974 223.228 1194.71 354.021 616.106 235.734 245.345 226.485 221.889 221.419 250.536 218.01 216.572 214.365 240.248 231.31 375.48
threshold=15.500000000000002 9.5000000000000018 97.95255279541017 67.086242675781264 0.23105625808238986 12.587089538574221 26.500000000000004 0.49999436736106878 0.49999436736106878 0.58064264059066784 1.6802091002464297 0.37499682605266577 2.5714037418365483 13.500000000000002 0.70588049292564403 0.98017880320549022 0.72497111558914196 0.84615090489387523 0.56666633486747753 0.11483515799045564 0.33333194255828863 0.41666664183139807 12.533740520477297 76.500000000000014 0.16666664928197863 45.500000000000007 0.89999762177467357 0.91547426581382763 1.2105234861373904 1.071426570415497
decision_type=2 2 2 2 2 2 2 2 2 2 2 2 2 2 2 2 2 2 2 2 2 2 2 2 2 10 2 2 2 2
left_child=1 2 6 10 -2 -3 7 8 -1 -10 24 -11 14 -14 15 -9 17 -16 19 -18 -19 -5 23 -8 -4 -13 -7 -28 -29 -30
right_child=4 5 3 21 -6 26 22 12 9 11 -12 25 13 -15 16 -17 18 20 -20 -21 -22 -23 -24 -25 -26 -27 27 28 29 -31
leaf_value=-4.5089383658939634e-05 -0.01052117221129528 0.005318321200121514 -0.0061748344129315463 -0.00039824541836835009 -0.0017035718358926293 -0.0039644512882644365 0.0064089689153717568 0.002590815018380932 6.2767347587603818e-05 -0.017446023774242283 -0.0002814331194427339 -0.00948374530002862 -0.03338185706272101 0.0005110807398314187 0.0009895817158897017 -0.032316584284986655 0.0035137635384324432 0.0036596326723461539 8.7093522082048113e-05 -0.0011385100541673357 -0.0076527418020678898 0.0043372453162817031 0.0037055265941006842 -0.01230392213258725 -0.0023717489022133764 -0.001322773152672798 0.009703598221366053 0.0030102301032714635 -0.011418110152806315 0.0010418398310056936
leaf_weight=34368.57461099606 3541.8915458661504 16204.213861721568 20217.283338534646 28731.390207614284 23211.251546491403 6830.5220782831311 1018.2431388758123 57564.119089368731 7800.7778081493452 1812.5844443812966 28875.498019669671 6375.0042698159814 370.93804514082149 413.89161818241701 20045.721137090586 876.21563012991101 37347.764588015852 1747.0774053186178 405381.15637231572 14022.325713559054 16860.068127267063 12883.377404966275 27527.797687959857 1686.3445820732741 41298.296979682054 5409.7147213667631 3162.3032033424824 19024.778086699545 3022.6253872215748 7638.1629540855065
leaf_count=83028 8358 29197 48539 67426 47255 15005 1698 137521 18837 5455 61370 17292 70954 3890 42331 8942 95675 4148 972845 33216 45479 27047 45212 3689 92241 12404 5566 29063 11670 16873
internal_value=-1.18269e-06 9.17761e-05 -5.76373e-05 -0.00141318 -0.00287794 0.00215685 0.000221716 8.89615e-05 -0.00180799 -0.0046368 -0.002556 -0.00732907 0.000279754 -0.0159394 0.000303312 0.00205656 9.64158e-05 -0.00265962 0.000329754 0.0022439 -0.0065878 0.00106918 0.00290022 -0.00526342 -0.00362325 -0.00574608 0.000863711 0.0018695 0.00102899 -0.00250566
internal_weight=855270 828517 772634 132006 26753.1 55882.6 640628 610396 55766.7 21398.1 90391.1 13597.3 554629 784.83 553844 58440.3 495404 38652.9 456751 51370.1 18607.1 41614.8 30232.4 2704.59 61515.6 11784.7 39678.4 32847.9 29685.6 10660.8
internal_count=2062226 2006613 1899239 296623 55613 107374 1602616 1552017 137016 53988 202150 35151 1415001 74844 1340157 146463 1193694 91958 1101736 128891 49627 94473 50599 5387 140780 29696 78177 63172 57606 28543
is_linear=0
shrinkage=0.03


Tree=190
num_leaves=31
num_cat=0
split_feature=69 59 69 86 16 18 15 92 3 13 92 65 87 67 97 39 32 16 87 59 84 54 26 73 69 98 18 68 48 9
split_gain=283.303 358.803 265.811 278.152 230.632 288.998 317.78 304.738 244.405 240.727 213.765 208.961 282.871 213.404 199.711 252.393 205.927 196.245 195.4 193.255 189.393 184.69 203.179 183.177 183.128 182.971 172.94 162.335 183.75 158.185
threshold=0.14963311702013019 0.18749999254941943 0.21876078099012378 1.9999970793724062 16.500000000000004 20.500000000000004 11.500000000000002 0.74999850988388073 2.5000000000000004 7.5000000000000009 1.3636317253112795 0.23076922446489337 0.91547426581382763 6.6940865516662607 2.142847061157227 45.500000000000007 95.500000000000014 7.5000000000000009 0.79999887943267833 0.13636363297700885 -0.29299956560134882 0.22505410760641101 52.500000000000007 1.3333319425582888 0.11799497529864313 1.3235265016555788 12.500000000000002 0.18312438577413562 0.24999995529651645 26.500000000000004
decision_type=2 2 2 2 2 2 2 2 2 2 2 2 2 2 2 10 2 2 2 2 2 2 2 2 2 2 2 2 2 2
left_child=19 25 20 4 5 14 -7 -8 18 -6 -11 17 -13 -14 -4 16 -16 27 -9 24 -3 -20 -23 -5 -1 -2 -26 29 -29 -10
right_child=1 2 3 23 9 6 7 8 11 10 -12 12 13 -15 15 -17 -18 -19 21 -21 -22 22 -24 -25 26 -27 -28 28 -30 -31
leaf_value=-0.00086435008288521817 0.0010568726034914644 -0.0038814395852110064 -1.4428613141540222e-05 -0.0038494191768134994 -0.0085554633056008841 0.0029546432691486091 -0.0063270166289957318 0.008243648625262244 -0.00059458318469059938 -0.0020791648728574409 0.0095353490071171595 0.0092416004491165087 0.0083640053827985957 0.0010530698267560499 -0.007201424961765731 0.0079838053532778792 0.017200474168973079 -0.0033823227268341663 0.0064014312643223183 -0.0026169451293573086 -0.00043478998260896467 0.0048438450743577633 -0.0032170277822471186 0.00082084108115381684 -0.0016347402304714063 0.0036927829233069131 0.0034297067565347977 0.0065302811650295584 -0.00069821568075390666 0.0041890387585038907
leaf_weight=153276.01357814285 75280.779466703883 24952.797103442485 181142.46026098041 23420.148657111335 4789.2961851013824 74052.248141085263 5590.7889340892434 1807.1567493397743 32890.977553541306 13191.757997781038 1578.9048119615763 6255.651886895299 4229.9411984365433 23313.529624106362 8175.1054867096245 1266.7034628421534 304.9680906618014 9561.0978001300246 2269.8796262885444 47046.458417438786 33741.117581415689 3104.3095520595089 28519.186325222254 11146.616979160812 8968.0529312160797 34588.989783764235 18684.972963827662 9211.313406130299 4810.8624300751835 7651.891494860407
leaf_count=444381 163881 58064 413556 63114 11044 147680 13084 3638 68444 26589 2583 10730 6938 44368 60459 4570 1028 20443 4133 117693 82459 6008 63431 27967 25975 89473 37951 16018 9782 14675
internal_value=1.11435e-06 0.000330476 -4.29204e-07 0.000243042 0.000454178 0.000608201 0.00136711 0.000522366 0.000809842 -0.0027257 -0.000826421 0.00158444 0.00349256 0.00218109 -0.000239737 -0.00441845 -0.00628546 0.00057795 -0.00131456 -0.000904458 -0.0019009 -0.00182875 -0.00242317 -0.00234381 -0.000458925 0.00188723 0.00178728 0.00127287 0.0040528 0.000309878
internal_weight=854824 626848 516979 458285 423718 404158 213269 139217 133626 19560 14770.7 97925.3 33799.1 27543.5 190889 9746.78 8480.07 64126.1 35700.5 227975 58693.9 33893.4 31623.5 34566.8 180929 109870 27653 54565 14022.2 40542.9
internal_count=2060159 1434159 1180805 1040282 949201 908985 429372 281692 268608 40216 29172 191398 62036 51306 479613 66057 61487 129362 77210 626000 140523 73572 69439 91081 508307 253354 63926 108919 25800 83119
is_linear=0
shrinkage=0.03


Tree=191
num_leaves=31
num_cat=0
split_feature=92 93 87 78 92 30 87 86 98 24 100 32 98 24 88 92 100 79 10 63 87 92 87 30 92 98 48 92 18 60
split_gain=228.909 528.572 404.204 331.39 297.05 255.545 242.552 238.042 229.104 222.71 322.272 241.111 229.08 211.781 209.534 195.835 193.196 191.79 191.75 216.831 201.87 218.819 199.41 324.64 217.696 242.595 186.076 181.283 175.594 174.343
threshold=0.74999296665191661 0.59999188780784618 0.66666367650032055 0.95237961411476146 0.49999436736106878 98.500000000000014 0.42857004702091223 1.999997675418854 0.81204551458358776 62.500000000000007 -0.33335696160793299 191.50000000000003 1.0621109604835512 27.500000000000004 0.99998748302459728 0.54545119404792797 -1.0452567934989927 -4.6605250835418692 8.5000000000000018 0.25056053698062902 0.79999887943267833 1.0909023880958559 1.0784602761268618 21.500000000000004 1.3999965190887453 1.2400490641593935 0.55699855089187633 0.37499682605266577 29.500000000000004 0.14285712689161303
decision_type=2 2 2 2 2 2 2 2 2 2 2 2 2 2 2 2 2 2 2 2 2 2 2 2 2 2 2 2 2 2
left_child=2 26 4 7 6 9 27 18 28 12 11 -11 -5 -9 16 -10 -8 -17 19 -3 -21 -22 23 -23 25 -24 -2 -1 -4 -15
right_child=1 3 8 5 -6 -7 14 13 15 10 -12 -13 -14 29 -16 17 -18 -19 -20 20 21 22 24 -25 -26 -27 -28 -29 -30 -31
leaf_value=-0.000590685835564556 0.0031971545944146089 -0.0011486121081666178 -0.00071995871726536552 -0.00099048154127552817 0.0020711450545700815 0.0024152253248437045 -0.00053287756147125671 -0.0011939451386975576 -0.013721224765865713 0.0051809564656214602 0.0051349566444067801 -0.018882455968280497 0.0010227818862052348 -0.0047429155814758331 0.0041238523854816283 -0.01328419324088668 -0.0062098387168222748 -0.0033788985285195553 -0.0049725873000389742 0.0047189939633655734 -0.0011826655689039537 -0.008712134956833888 0.00092629349346971086 0.0050956379977258135 0.0026024183775650266 -0.0045917062812632341 -0.001324055496749876 0.0052599135398150284 -0.0098352841688036721 -0.014123647564444237
leaf_weight=20680.115434589796 63968.209794950671 154612.20770874643 37450.610872108489 77801.970414757263 43860.145262104459 59554.290890209377 8296.3946466594934 13624.495839141076 1965.5772431958467 462.68233643472195 1209.2663794830441 1798.1285809203982 146834.91487115284 7683.3664071261883 3035.71314137429 1857.4154213294387 15429.865813702345 28777.410142099485 8385.0399792545941 9428.3051398182288 58358.160333613865 1660.1748869218864 17340.41966934409 17622.913001477718 21685.014314369997 12200.320076126605 9384.3987606650917 6172.9445379497483 1984.0714858546853 2318.6661955839954
leaf_count=48724 164014 427407 86422 160258 105259 96833 16654 39728 5815 1656 5089 9345 383225 18084 6651 5202 40266 73034 18148 21124 127357 6768 31016 32996 54711 30541 21569 15490 4361 5878
internal_value=-3.16846e-05 0.000212279 -0.0010188 -7.59306e-05 0.000240604 0.000665622 -0.0012571 -0.000732451 -0.00272258 0.000208663 -0.00731151 -0.0139556 0.000325471 -0.00363088 -0.00327726 -0.00458265 -0.00422689 -0.00398774 -0.000504939 -0.000376713 0.000486301 0.00017594 0.00130044 0.00389906 0.000321085 -0.0013542 0.00261853 0.000757156 -0.00118333 -0.0069414
internal_weight=855443 685933 169510 612580 97475.2 287661 53615 324919 72035.1 228107 3470.08 2260.81 224637 23626.5 26762 32600.4 23726.3 30634.8 301293 292908 138295 128867 70508.8 19283.1 51225.8 29540.7 73352.6 26853.1 39434.7 10002
internal_count=2063625 1655747 407878 1470164 233044 656406 127785 813758 174834 559573 16090 11001 543483 63690 63571 84051 56920 78236 750068 731920 304513 283389 156032 39764 116268 61557 185583 64214 90783 23962
is_linear=0
shrinkage=0.03


Tree=192
num_leaves=31
num_cat=0
split_feature=92 24 48 63 40 51 26 3 10 97 80 92 24 68 88 92 24 87 87 18 40 51 87 98 82 30 0 16 3 19
split_gain=275.788 265.633 220.428 337.873 274.943 255.337 361.605 244.987 258.304 203.528 230.133 259.848 341.412 264.551 236.217 202.654 774.206 336.434 274.331 346.018 198.197 195.979 193.728 238.432 204.934 193.267 209.384 193.173 252.785 238.302
threshold=2.5714037418365483 13.500000000000002 0.79999986290931713 0.31045190989971166 inf 12.401172637939455 187.50000000000003 16.500000000000004 5.5000000000000009 1.8888836503028872 -1.441001772880554 1.4999718666076662 29.500000000000004 0.51526805758476268 1.0597647428512575 2.2499620914459233 7.5000000000000009 1.6666597127914431 1.7999919056892397 10.500000000000002 45.500000000000007 49.466890335083015 1.3333133459091189 2.0154790878295903 1.2857120633125307 35.500000000000007 4.5000000000000009 15.500000000000002 7.5000000000000009 17.500000000000004
decision_type=2 2 2 2 8 2 2 2 2 2 2 2 2 2 2 2 2 2 2 2 8 2 2 2 2 2 2 2 2 2
left_child=2 -2 3 5 9 6 15 8 21 22 -11 12 -12 14 -14 18 -17 -18 -1 -20 -8 -7 23 27 -25 26 -13 28 -5 -29
right_child=1 -3 -4 4 -6 7 20 -9 -10 10 11 25 13 -15 -16 16 17 -19 19 -21 -22 -23 -24 24 -26 -27 -28 29 -30 -31
leaf_value=-5.3182698541702746e-05 -0.033661680123620814 -0.0024070195795695749 -0.001447107360313107 0.0015268333453436181 -0.0023551356350664655 -0.002144501317471226 0.0023523679349831705 0.0021784011574060833 -0.0072671498348288663 0.0098536257352636099 -0.0013941569545358812 -0.0036930566343831095 -0.00021048911012410394 -0.022803162821697219 -0.019611146703795213 -0.044196790385611209 -0.017991602528663098 0.0071639790806706342 -0.02979017363901337 0.0014730335840905467 0.0094415126878312286 0.00059988195476715436 -0.00091883746619869091 0.009561524348974608 -0.0043128781810750404 0.014106311270938816 0.014162089715953566 -0.0060301640475375331 0.0061566868686876077 0.0020642379209518265
leaf_weight=303713.90386360651 408.72736717644148 578.10325428843498 91179.630981910042 182335.80976569932 20987.195755280554 97301.287779103499 20515.980156353675 15525.600768206641 7332.2368795955554 1330.734710556455 6159.664222788997 3255.2946408777498 1689.4491928517818 1449.0255793463439 828.85356428660452 432.2887532771565 687.88870907202363 1456.8461533058435 610.80040664714761 640.19234432745725 4278.4808639585972 30829.875742969103 27845.404835201334 5699.0849153865129 1138.8180830013007 1011.3157926797867 701.28745190240443 6505.1777029559016 11252.812417306006 6553.397421553731
leaf_count=731627 75010 5526 207548 353462 65786 217305 41900 29892 16907 4060 21987 13175 6118 6593 3571 6967 3906 4655 44328 1402 7767 68657 60206 13214 3072 1998 1901 13376 18162 11626
internal_value=-7.17857e-05 -0.0157637 -5.32681e-05 0.000113535 0.000945297 -0.000366178 9.86114e-05 -0.00138909 -0.00179822 0.00121419 -0.00201536 -0.00307336 -0.00582642 -0.0126664 -0.00670007 -0.000182462 -0.00852733 -0.000995945 -0.000111391 -0.0140199 0.00358228 -0.00148418 0.00143415 0.00174111 0.00724497 0.00253958 -0.000472997 0.00155831 0.00179656 -0.00197107
internal_weight=854235 986.831 853248 762069 278743 483325 332336 150989 135463 257756 16425.6 15094.9 10127 3967.33 2518.3 307542 2577.02 2144.73 304965 1250.99 24794.5 128131 241331 213485 6837.9 4967.9 3956.58 206647 193589 13058.6
internal_count=2061704 80536 1981168 1773620 598307 1175313 842552 332761 302869 532521 59403 55343 38269 16282 9689 792885 15528 8561 777357 45730 49667 285962 473118 412912 16286 17074 15076 396626 371624 25002
is_linear=0
shrinkage=0.03


Tree=193
num_leaves=31
num_cat=0
split_feature=63 100 39 40 18 24 30 24 0 46 30 32 17 68 30 24 47 69 95 18 24 24 26 30 67 68 18 24 30 24
split_gain=297.188 257.416 212.261 194.202 202.697 287.662 318.772 280.123 262.742 251.852 265.771 228.566 192.041 200.157 209.69 300.297 187.163 182.775 181.381 169.244 370.764 360.145 394.551 305.392 373.369 273.5 219.077 356.981 539.9 292.752
threshold=0.58079874515533458 -0.95430809259414662 189.50000000000003 180.50000000000003 41.500000000000007 58.500000000000007 101.50000000000001 56.500000000000007 2.5000000000000004 17.124201774597172 87.500000000000014 201.50000000000003 64.86096572875978 0.80239734053611766 51.500000000000007 24.500000000000004 3.384455800056458 0.095238093286752715 -0.80870303511619557 33.500000000000007 44.500000000000007 40.500000000000007 127.50000000000001 57.500000000000007 0.4481301754713059 0.028571427799761299 24.500000000000004 26.500000000000004 41.500000000000007 35.500000000000007
decision_type=2 2 10 10 2 2 2 2 2 2 2 2 2 2 2 2 2 2 2 2 2 2 2 2 2 2 2 2 2 2
left_child=2 17 3 4 5 19 -7 -6 -9 -10 -11 -12 -3 -14 15 -15 -8 -2 -13 21 -21 22 26 24 -23 -24 27 -1 -29 -28
right_child=1 12 -4 -5 7 6 16 8 9 10 11 18 13 14 -16 -17 -18 -19 -20 20 -22 23 25 -25 -26 -27 29 28 -30 -31
leaf_value=-0.00016690264995056339 -0.0010363299460064972 0.0015808259920393878 0.0047452786701252681 0.0036240976905904786 0.0082673483658377359 -0.010670015055912195 0.0013383345931143123 -0.012204162370398886 0.0024438775053211709 -0.012123022085424991 0.010189716735501824 0.00079962026302244802 0.00020993123488399049 -0.0037631589377860389 8.4675438091416491e-06 -0.017397857065175163 -0.0059078567623019312 0.0037570677349356321 -0.0042641369007087419 0.0080719327566925528 0.00032758294345122517 0.0063624222510624334 0.011261403992677887 -0.0018994707913496606 -0.011930764960640581 0.0021838000353360072 0.0045385159595045374 -0.0076069643862933228 -0.0012908252530823663 -0.00062757908889548848
leaf_weight=295449.10170346464 8548.0205635586753 61488.364338480053 7771.7771122615086 11520.373832011828 4637.0379554163665 4969.886747866869 7506.1583764702082 1377.4443269893527 41797.526956647635 1840.8109271898866 1697.3169849738479 16999.892439439893 39654.214205155266 5512.3368332782993 6416.2910755444318 1962.7671961914748 5574.9825056940317 43811.578683630098 10153.099979057908 6235.8345605321229 50311.96968806535 1213.6429234296083 3478.4785121954046 62959.369440194219 5508.525580720976 20558.278958308045 17754.065224965103 14618.95785185229 72594.47231833078 22196.980879031122
leaf_count=868105 16605 154298 11717 19012 8395 16794 12659 3734 82630 9806 2807 31510 88737 17679 13358 6675 10596 75922 20454 11792 102881 4059 7534 124717 23265 42694 35948 48086 143021 46378
internal_value=9.74044e-05 0.00123109 -0.000178164 -0.000234493 -0.000301002 -0.000491278 -0.00421802 0.00113105 0.000680948 0.000929092 -0.00113411 -0.000425041 0.000437207 -0.000876152 -0.00397232 -0.00738015 -0.00175419 0.00297442 -0.00109557 -0.000373708 0.00118415 -0.000544361 -0.000231364 -0.00254999 -0.00861898 0.00350574 -0.000444073 -0.000664794 -0.00235106 0.00166933
internal_weight=856120 167394 688726 680954 669434 590931 18051 78503.1 73866.1 72488.6 30691.1 28850.3 115034 53545.6 13891.4 7475.1 13081.1 52359.6 27153 572880 56547.8 516332 446650 69681.5 6722.17 24036.8 422614 382663 87213.4 39951
internal_count=2061868 373274 1688594 1676877 1657865 1498529 40049 159336 150941 147207 64577 54771 280747 126449 37712 24354 23255 92527 51964 1458480 114673 1343807 1191766 152041 27324 50228 1141538 1059212 191107 82326
is_linear=0
shrinkage=0.03


Tree=194
num_leaves=31
num_cat=0
split_feature=92 87 18 87 30 88 40 18 92 32 97 100 88 92 87 12 87 97 15 69 59 87 12 40 92 87 91 69 59 26
split_gain=268.11 1299.05 664.414 314.7 560.266 319.659 242.494 238.606 441.044 318.708 415.36 276.892 297.116 235.204 586.431 493.824 580.932 407.51 251.154 294.768 277.192 233.026 356.641 218.964 217.94 216.086 211.28 207.99 260.028 223.461
threshold=2.2499620914459233 1.5999855995178225 6.5000000000000009 1.7999919056892397 27.500000000000004 1.9955539107322695 201.50000000000003 39.500000000000007 1.1249905228614809 172.50000000000003 1.2352842688560488 -0.40138344466686243 0.79999598860740673 1.4999971985816958 1.3333273530006411 3.5000000000000004 1.454539477825165 0.99141335487365734 20.500000000000004 0.14285712689161303 0.14285714179277423 1.1169613003730776 10.500000000000002 120.50000000000001 1.012742340564728 1.0666649341583254 2.9999870061874394 0.22727272659540179 0.22222220152616504 115.50000000000001
decision_type=2 2 2 2 2 2 10 2 2 2 2 2 2 2 2 2 2 2 2 2 2 2 2 10 2 2 2 2 2 2
left_child=3 -2 -3 5 -5 6 7 13 9 -9 -11 12 -12 14 18 16 -15 -16 19 -1 -21 22 -17 -19 -14 -10 -23 28 -22 -29
right_child=1 2 -4 4 -6 -7 -8 8 25 10 11 -13 24 15 17 21 -18 23 -20 20 27 26 -24 -25 -26 -27 -28 29 -30 -31
leaf_value=-0.0011153137778475788 -0.040222670147415908 -0.037814139475957964 0.0019714475912162343 -0.025526673305925091 0.0024753995216790074 0.0044428830539177747 0.0051756834383054687 0.0069053736358860316 0.0079382757109789093 0.00082185508172575802 0.00027019355842843631 0.0020340498394968015 -0.014983051031961094 -0.038737163725864367 -0.0010135120468860582 -0.031331077015117136 -0.0029308821683526696 -0.0075610261994213104 -0.0021399975629152555 0.0024074164685427162 0.00033820202023519206 0.0028714236693688504 0.0044141001291378625 0.0070914916762790962 -0.0056871422988551117 0.0025417256281747148 -0.0018173637543534124 0.00016900460592000373 -0.0033240203658371904 0.0027946597388694944
leaf_weight=153426.04407989793 848.45448157936335 386.47809386928566 5331.0460527450778 1170.5571789911482 1391.4523614123464 14777.679084985051 8031.1290198881179 5693.1929256916046 9991.3937217071652 56268.741871133447 4032.0039493516088 4494.1362737398595 3812.4346258565784 554.1074990183115 22239.620421126485 454.9430037913844 1420.709691723343 19547.117541834712 54172.636293550953 55099.339592424221 38080.553611274809 53517.290977324359 524.17911981232464 947.91260841488838 5672.691680714488 20151.730315716937 10301.655690405518 236863.59178183693 32181.626291424036 33250.217543291859
leaf_count=380533 7387 67768 33974 57168 5982 37333 10684 13063 17490 92335 12054 17545 15940 7974 41535 2765 6407 48809 114185 115788 86830 118439 1732 1492 17222 36787 24670 526195 75387 66589
internal_value=-6.39981e-06 -0.00603599 -0.000840312 4.04241e-05 -0.0104171 7.23576e-05 -5.4939e-06 -5.61968e-05 0.00124334 7.74192e-05 -0.000447627 -0.00441011 -0.00655249 -0.000257046 -0.000432315 0.00143772 -0.0132653 -0.00382751 -0.000191607 7.5584e-07 0.000433773 0.00188978 -0.0124894 -0.00687708 -0.00944719 0.00433457 0.00211423 0.000114162 -0.00133965 0.000492398
internal_weight=854635 6565.98 5717.52 848069 2562.01 845507 830729 822698 110116 79973.2 74280 18011.3 13517.1 712582 645809 66772.9 1974.82 42734.7 603074 548901 395475 64798.1 979.122 20495 9485.13 30143.1 63818.9 340376 70262.2 270114
internal_count=2062062 109129 101742 1952933 63150 1889783 1852450 1841766 222436 168159 155096 62761 45216 1619330 1457343 161987 14381 91836 1365507 1251322 870789 147606 4497 50301 33162 54277 143109 755001 162217 592784
is_linear=0
shrinkage=0.03


Tree=195
num_leaves=31
num_cat=0
split_feature=30 24 18 18 24 92 87 87 26 100 92 24 18 30 26 92 87 97 20 24 18 30 26 41 39 87 92 68 40 26
split_gain=239.291 685.017 429.5 388.945 593.861 347.241 414.116 412.058 333.497 323.666 318.199 299.904 307.457 298.505 288.302 275.791 512.603 442.306 271.082 313.786 397.133 338.056 270.671 246.952 400.396 246.767 235.145 234.089 233.066 281.102
threshold=55.500000000000007 31.500000000000004 20.500000000000004 17.500000000000004 23.500000000000004 1.2499972581863406 1.1087425947189333 1.1342321634292605 149.50000000000003 -1.601034343242645 2.5714037418365483 25.500000000000004 23.500000000000004 51.500000000000007 26.500000000000004 1.012742340564728 0.97056105732917797 1.5483803749084475 33.500000000000007 37.500000000000007 29.500000000000004 41.500000000000007 52.500000000000007 7.7844059467315683 5.5000000000000009 0.91547426581382763 0.91885957121849071 0.36860768496990209 65.500000000000014 70.500000000000014
decision_type=2 2 2 2 2 2 2 2 2 2 2 2 2 2 2 2 2 2 2 2 2 2 2 2 8 2 2 2 8 2
left_child=1 3 22 4 10 7 -7 14 18 -9 28 -5 -13 -6 -2 17 -17 23 -4 20 21 -20 -3 24 -16 26 -19 -10 -1 -30
right_child=5 2 8 11 13 6 -8 9 27 -11 -12 12 -14 -15 15 16 -18 25 19 -21 -22 -23 -24 -25 -26 -27 -28 -29 29 -31
leaf_value=0.00066114497778977169 0.0067706660465902159 0.00036721676279844145 0.0019205970113524565 0.0044870641581531527 -0.0056626942260544835 0.0086410006253672521 0.0015646667273768791 0.0049816014455270645 0.0064375984132419859 -0.003759288255853433 -0.019514795431636787 -0.00094547207443422467 0.0052823406153234267 0.0022996279672947819 0.0067926486569110812 0.0062856198650687615 0.00064828391529609471 -0.0090433607494938371 -0.011935350755153187 -0.0093505126584662555 0.0093288916948121633 -0.0017278794878766233 -0.014733453193704617 -0.001726036034080846 0.00020957998862464823 -0.016479367302261263 0.0062989452684316374 -0.0047041471996309711 -0.0011963182328453951 0.0056574805868951378
leaf_weight=171809.94204781135 6464.0426462739706 1375.692823510617 5514.8134589903057 25884.797070262488 27085.28752847109 8823.9898926075548 47079.676204761956 4272.6276553412899 5163.5690449588001 34241.966980114579 741.37413777050097 33284.251733420417 9059.4722981560044 5011.4365977272391 8990.7325702607632 17482.185700066388 85148.376267492771 2613.9727427363396 4013.3242627233267 10771.535666577518 2108.7975810561329 10611.665049973875 4746.0909207081422 54614.839838989079 107754.37970066071 2124.8442650772631 1347.853854700923 2506.0448137652129 148011.83300526999 5569.4638249129057
leaf_count=432359 10606 3404 15344 58595 67873 13137 78842 6737 15468 67041 78098 76553 20561 8979 14382 29079 163104 12117 15624 40498 5108 26001 14620 106662 207699 14469 4432 8782 433835 11748
internal_value=-5.88968e-05 -0.000509375 -0.00395349 -0.000131153 -0.000526569 0.000500734 0.00268431 0.000125057 -0.00283567 -0.00278753 -0.000143259 0.0019445 0.000388838 -0.00441884 0.000516711 0.0003719 0.00160959 -0.000344049 -0.00414424 -0.00536075 -0.00278445 -0.00454144 -0.0113499 -6.13118e-05 0.00071763 -0.00827777 -0.00381833 0.00279427 -9.79265e-05 -0.000947068
internal_weight=854229 473269 46811.5 426458 358229 380959 55903.7 325056 40689.7 38514.6 326133 68228.5 42343.7 32096.7 286541 280077 102631 177447 33020.1 27505.3 16733.8 14625 6121.78 171360 116745 6086.67 3961.83 7669.61 325391 153581
internal_count=2061757 1333450 144849 1188601 1032892 728307 91979 636328 126825 73778 956040 155709 97114 76852 562550 551944 192183 359761 102575 87231 46733 41625 18024 328743 222081 31018 16549 24250 877942 445583
is_linear=0
shrinkage=0.03


Tree=196
num_leaves=31
num_cat=0
split_feature=83 97 98 97 98 18 97 32 98 97 18 30 26 97 6 92 82 98 89 51 84 87 98 20 81 16 87 87 66 87
split_gain=209.082 252.043 292.518 271.018 346.355 250.953 232.517 302.918 260.391 285.616 240.257 230.579 228.319 256.721 323.541 224.884 357.59 222.336 208.909 206.967 243.087 197.508 198.105 193.744 192.943 186.252 182.004 182.001 179.176 174.905
threshold=1.2857125401496889 1.8888836503028872 1.4881096482276919 1.4347742199897768 2.0154790878295903 50.500000000000007 1.0666649341583254 353.50000000000006 0.94029745459556591 1.2352842688560488 44.500000000000007 25.500000000000004 76.500000000000014 1.6666417121887209 4.5000000000000009 1.4999718666076662 0.84782299399375927 0.69512081146240245 -1.0397759675979612 52.940969467163093 -3.7794390916824336 1.1428542733192446 1.8482762575149538 131.50000000000003 1.8688528537750246 14.500000000000002 1.0560781955718996 1.1169613003730776 34.656785964965827 1.3333273530006411
decision_type=2 2 2 2 2 2 2 2 2 2 2 2 2 2 2 2 2 2 2 2 2 2 2 2 2 2 2 2 2 2
left_child=1 2 6 11 12 15 10 -8 28 -10 19 -4 -5 -14 -15 16 23 -2 -6 20 -1 -18 -23 -3 26 -22 -17 -13 -9 -19
right_child=17 5 3 4 18 -7 7 8 9 -11 -12 27 13 14 -16 24 21 29 -20 -21 25 22 -24 -25 -26 -27 -28 -29 -30 -31
leaf_value=-0.0045237923278938748 -0.0011192269480868916 -0.0019561485042836322 -0.0011652564989497441 0.00047359189467798002 0.0087121118062667372 0.01294838234103972 -0.00079535955785222485 -0.0076858028163530557 -0.0011211890653404803 -0.0084850498087464983 0.0033293163863540214 0.0053266355747612825 -0.00135583826160026 0.0039803814483232985 -0.011689465016668187 -0.022319302336227708 -0.0060028267960744227 0.0014582110116019007 0.001422361740285489 0.0028454943132291423 -5.1849383645302461e-05 0.00019365224624916491 -0.020964061836015846 0.010157441622817691 0.0083655120834906713 -0.0067485017564353385 -0.00061060335863407993 0.00093980498329678344 -0.023130206640787417 -0.0010067365346748747
leaf_weight=12345.438775758375 49821.777149364469 14606.297305406071 10061.687735314597 26479.209521068376 5061.4360392950475 924.90202132239938 157453.724712122 2600.7569875121117 17823.341095998883 6441.864134721458 19149.563002377748 26618.807164214551 14016.118480557576 1494.9911956321448 5561.7065863441676 335.98843025974929 13789.64196959231 181998.67969926586 11683.536098418641 18743.048838374554 188706.57798812911 526.63830461353064 1609.6652917787433 1273.5295883174986 2190.9148617780302 3793.4471575375646 14794.05290139711 12522.934712521033 912.29747968912125 30192.852824706351
leaf_count=24790 114659 61892 29105 74375 12318 3846 353095 5611 30908 19133 29007 46786 38450 4942 24544 3031 54168 410245 34577 33348 389994 1959 6737 4128 8317 7175 88989 22278 2469 119311
internal_value=-2.14988e-05 -0.000333994 -0.000145678 0.00120819 -7.43367e-05 -0.00237037 -0.000504772 -0.0013052 -0.00419242 -0.00308151 0.000106083 0.00288349 -0.00138102 -0.00370968 -0.00836787 -0.00266392 -0.00416102 0.000683963 0.00363357 -0.000170248 -0.000446435 -0.00733449 -0.0157949 -0.000973109 8.67606e-05 -0.000184502 -0.00112151 0.00392432 -0.0118048 0.00110741
internal_weight=853535 591522 541470 113500 64297 50051.6 427970 185232 27778.3 24265.2 242738 49203.4 47552 21072.8 7056.7 49126.7 31805.8 262013 16745 223589 204845 15925.9 2136.3 15879.8 17321 192500 15130 39141.7 3513.05 212192
internal_count=2060187 1415972 1182905 287375 189206 233067 895530 411216 58121 50041 484314 98169 142311 67936 29486 229221 128884 644215 46895 455307 421959 62864 8696 66020 100337 397169 92020 69064 8080 529556
is_linear=0
shrinkage=0.03


Tree=197
num_leaves=31
num_cat=0
split_feature=69 59 59 14 34 67 32 60 18 98 51 3 24 30 18 70 77 59 32 92 18 72 61 53 92 83 28 69 99 92
split_gain=255.085 262.661 251.392 279.624 259.166 255.26 221.212 215.316 199.851 185.282 181.587 192.144 199.209 298.035 217.896 196.122 193.022 178.282 176.543 175.913 175.332 171.395 185.422 184.167 169.159 162.649 226.855 161.253 205.265 194.148
threshold=0.39646273851394659 0.45468235015869146 0.35522720217704779 23.500000000000004 11.500000000000002 4.2572710514068612 419.50000000000006 0.23076922446489337 37.500000000000007 0.74999877810478222 10.099110603332521 14.500000000000002 42.500000000000007 83.500000000000014 26.500000000000004 0.16666664928197863 0.3362631499767304 0.42372880876064306 85.500000000000014 0.89999762177467357 38.500000000000007 1.1547600626945498 17.277680397033695 0.23529411107301715 1.0909023880958559 0.29900318384170538 6.5000000000000009 0.04545454494655133 -1.1506250500679014 2.2499620914459233
decision_type=2 2 2 2 2 2 2 2 2 2 2 2 2 2 2 2 2 2 2 2 2 2 2 2 2 2 2 2 2 2
left_child=2 20 4 21 5 27 8 -8 -3 -10 -6 12 14 15 -12 -14 -15 -5 -11 -17 -2 -4 23 -23 25 26 -7 28 -1 -30
right_child=1 6 3 17 10 24 7 -9 9 18 11 -13 13 16 -16 19 -18 -19 -20 -21 -22 22 -24 -25 -26 -27 -28 -29 29 -31
leaf_value=-0.0054962394805373009 0.0016647291521309534 -7.8452418159638579e-06 -0.001928243459133086 -0.0025278943581360648 0.0027740626432238694 -0.0017279124322004326 -0.0085649938134094161 -0.00073238207958698876 -0.0075639571839072727 0.012802161351837317 0.0004896983368883293 0.0057343856783798799 0.00039952861738741616 -0.011312991674275427 0.0054925032622335657 -0.015295046612541614 0.00023220171391431251 -0.0073878377342089189 0.0027194957156610796 -0.0052437705908019681 0.0059940907624516059 0.0018279712863054594 -0.0013249823955289442 0.010878407519530207 -0.00056624949668919228 -0.0044093633409705646 0.011835341052709909 0.00020068948518209737 -0.00052671409150465223 -0.018510720864114396
leaf_weight=10045.672371549183 63770.841026767972 153746.23553093139 33624.041668779915 18840.799263232504 34662.097996888217 10056.665345950983 4901.0965023813769 8831.6710527017713 1453.5597712025046 1654.5567860677838 35940.563858926645 5588.5449787536636 3961.31943121925 1314.6018620282412 10001.640849602874 2051.7144954204559 55559.660682186484 10635.837604292436 23944.891751747578 6613.4674786906689 9686.0141840074211 6694.3581685411045 9580.9115588933928 2886.9430451126536 35756.739953865996 32850.411424470134 1227.2255250308663 214420.54436831048 43710.594353353605 527.05251450557262
leaf_count=23359 145199 368856 84762 41371 61316 25616 10563 16196 2864 3280 68862 9715 10598 2944 17673 6999 100299 23608 48654 20093 17298 16696 21905 5636 97202 84099 2698 545782 143681 34698
internal_value=-5.78568e-05 0.000708929 -0.000408205 -0.00194573 -0.000157327 -0.000611832 0.000131719 -0.00353616 0.000410676 0.00278744 0.000860248 0.000311784 4.83304e-05 -0.000964796 0.00158073 -0.00513033 -3.8539e-05 -0.00428529 0.00338065 -0.00765342 0.00223707 -0.000638151 0.00162523 0.00457194 -0.00210042 -0.00334255 -0.000234455 -0.000169122 -0.00162943 -0.000749246
internal_weight=854540 267989 586551 82262.9 504289 348595 194532 13732.8 180799 27053 155694 121032 115443 69500.8 45942.2 12626.5 56874.3 29476.6 25599.4 8665.18 73456.9 52786.3 19162.2 9581.3 79891 44134.3 11283.9 268704 54283.3 44237.6
internal_count=2062522 612910 1449612 193978 1255634 957135 450413 26759 423654 54798 298499 237183 227468 140933 86535 37690 103243 64979 51934 27092 162497 128999 44237 22332 209615 112413 28314 747520 201738 178379
is_linear=0
shrinkage=0.03


Tree=198
num_leaves=31
num_cat=0
split_feature=66 69 59 59 32 69 18 34 32 39 38 97 61 24 97 24 87 68 69 80 6 99 24 93 78 65 83 92 34 97
split_gain=242.245 329.968 342.976 307.466 286.231 281.02 265.525 316.107 278.753 240.169 258.682 237.796 259.062 208.527 247.615 204.389 200.09 198.772 236.136 212.935 197.025 194.321 224.775 193.396 192.904 189.84 186.961 261.34 186.708 179.771
threshold=25.03658485412598 0.28950069844722753 0.39721170067787176 0.22222220152616504 14.500000000000002 0.2105263099074364 37.500000000000007 91.500000000000014 172.50000000000003 47.500000000000007 174.50000000000003 1.6666417121887209 40.013601303100593 40.500000000000007 1.4058226346969607 50.500000000000007 1.3684178590774538 0.15384615212678912 0.74782344698905956 -0.83698821067810047 3.5000000000000004 -1.4026591777801511 5.5000000000000009 1.9714247584342959 0.3061219602823258 0.083333332091569914 0.97402486205101024 0.54545119404792797 45.500000000000007 1.2558100223541262
decision_type=2 2 2 2 2 2 2 2 2 10 10 2 2 2 2 2 2 2 2 2 2 2 2 2 2 2 2 2 2 2
left_child=6 3 16 5 -5 13 7 9 -8 10 26 12 -6 25 20 -10 23 18 19 -4 -15 -11 -23 -3 -17 -2 -1 -28 -22 -26
right_child=1 2 17 4 11 -7 8 -9 15 21 -12 -13 -14 14 -16 24 -18 -19 -20 -21 28 22 -24 -25 29 -27 27 -29 -30 -31
leaf_value=-0.0010322855691655267 -0.0021691331707828642 0.0021616374861046996 -0.0091896032268020938 0.013352367771683785 -0.0051437992705719894 0.0024393997928009292 0.0073670314920321247 -0.010579598510585059 0.010196486116742724 0.00070166620016749747 0.0094570584986729076 -0.009674767668431148 -0.00066447301557988889 -0.014208237206163328 -0.0082591924699082896 -0.0057909592959020408 -0.0032496985002374423 0.00016663064487187597 0.00042730860094731111 -0.0026811613545786174 -0.0024631262288941679 -0.0078462494472487394 0.004609549570357435 0.011444792411558246 0.0026175148297541474 0.00099989799854534106 -0.0038285330717242627 0.00075992005595099891 0.0043656867926949276 -0.0014185195136746463
leaf_weight=157358.58874960488 30117.68105579121 58457.839544456452 5775.1847892436199 874.91955847502686 25098.541397372494 20635.975823111017 8104.2352625764906 2460.8959154505283 2269.2513020299375 66071.120430235052 2446.6622561127879 5471.532592792064 21636.782524380367 1132.1226284503937 6910.7361244540662 3457.9777416642755 6006.9405910804635 82814.870248884545 16964.824269980541 20773.181274357717 27728.172149091959 1367.7092529736692 22116.677934665233 2073.5481046885252 36369.480883032084 39046.969895917224 12049.036227180623 150254.08011253097 4122.6216482892632 13646.490404874086
leaf_count=457105 71146 117823 14404 3657 54092 42534 17079 5350 3731 146581 4818 21364 44564 2830 26905 8097 17542 179264 37076 47607 52863 5075 40907 3911 57117 90659 32107 408715 6377 41241
internal_value=-7.34269e-05 -0.000643484 0.000222087 -0.00155676 -0.00347964 -0.000769347 0.000374594 9.69133e-05 0.00217508 0.000161248 -0.000220852 -0.00376673 -0.0030712 -0.00137684 -0.00310354 0.00141788 0.00196493 -0.000696051 -0.00233724 -0.00410282 -0.00201896 0.0015353 0.00387808 0.00248331 0.00104167 -0.000380282 -0.000295513 0.000418853 -0.00157705 0.00151619
internal_weight=853615 375642 192866 182776 53081.8 129694 477972 414125 63847.4 411664 322108 52206.9 46735.3 109058 39893.7 55743.2 66538.3 126328 43513.2 26548.4 32982.9 89555.5 23484.4 60531.4 53473.9 69164.7 319662 162303 31850.8 50016
internal_count=2062541 834618 417627 416991 123677 293314 1227923 1100658 127265 1095308 902745 120020 98656 250780 88975 110186 139276 278351 99087 62011 62070 192563 45982 121734 106455 161805 897927 440822 59240 98358
is_linear=0
shrinkage=0.03


Tree=199
num_leaves=31
num_cat=0
split_feature=40 94 92 87 87 97 18 92 87 24 92 92 30 24 26 87 92 87 92 98 97 97 80 92 97 39 59 34 87 99
split_gain=279.891 318.917 276.221 471.464 400.846 453.792 268.929 367.148 684.832 279.446 387.403 268.541 263.274 262.762 261.428 251.224 614.956 847.099 350.01 248.924 245.759 244.636 294.906 234.302 221.027 209.532 220.803 206.174 190.276 216.325
threshold=17.500000000000004 -0.92854905128478993 1.1249905228614809 0.85713735222816478 1.0312786102294924 1.0999972224235537 12.500000000000002 1.7999940514564516 1.4117609858512881 7.5000000000000009 1.9999889731407168 1.7430564165115359 121.50000000000001 15.500000000000002 58.500000000000007 1.0560781955718996 1.4482725262641909 0.99999713897705089 1.3043456673622134 1.3846009969711306 1.3269196152687075 2.2499577999114995 -0.83698821067810047 1.1739096045494082 2.9998425245285039 29.500000000000004 0.43837578594684606 10.500000000000002 1.2307649850845339 -0.13284950703382489
decision_type=10 2 2 2 2 2 2 2 2 2 2 2 2 2 2 2 2 2 2 2 2 2 2 2 2 10 2 2 2 2
left_child=2 -2 4 23 -1 -6 7 13 -9 10 -10 -8 15 -3 -7 16 -5 -18 20 -16 -17 22 27 -4 25 26 -23 -20 29 -22
right_child=1 6 3 12 5 14 11 8 9 -11 -12 -13 -14 -15 19 18 17 -19 21 -21 28 24 -24 -25 -26 -27 -28 -29 -30 -31
leaf_value=-0.00045646370027521027 0.0014415591088045468 -8.5986068611626105e-05 -0.0045483447426810479 0.0038823453852814263 -0.0014353133655849266 -0.0014901141220513775 0.0004440074679628048 -0.038487268443334881 0.0053362402976845531 -0.0010498896395406342 -0.029619274655016778 0.0070523552053551024 0.0059937028598011002 -0.0040582220251277751 -0.012770243065193868 -0.00081892225132014463 -0.039369988443274197 0.013965564778215429 -0.0053464164687401618 -0.0046480604572784346 -0.0064634966455520866 0.0016483567457997938 0.0023817838326495137 -0.037637728139713895 -0.028506300277855535 -0.015367573411656616 -0.0088444280282921565 0.00064309986364808876 -0.012253870596472339 0.0016870963694663025
leaf_weight=194885.18436346482 209605.13509599213 71921.577772136079 359.35058488603681 25837.690561393276 39465.508058603387 5482.6423926306888 103630.03708284069 602.66556186415255 431.05143053899519 3798.9398970943876 794.10377555224113 5826.8586319223978 7536.5864571109414 18913.461975658312 7807.7530226409435 36672.722351170145 672.27984038507566 423.88064681459218 8330.4397799029248 6059.1897623836994 8724.6912423670292 6540.2506542160409 65596.640880501247 411.07377711404115 288.88021454785485 1036.4655806432711 2470.5929221176775 13581.07082624652 2866.4546602070332 4397.4707291647792
leaf_count=457787 433005 190848 1127 54772 81929 16741 219022 4361 3393 12069 17198 12697 10394 44096 21478 67896 13282 1140 20483 21078 25511 46646 178907 3488 34371 3949 15590 24894 10405 13183
internal_value=5.96492e-05 0.000617841 -0.000468159 0.000410833 -0.00111169 -0.00328193 -0.000220682 -0.00137542 -0.00879804 -0.00509818 -0.0174326 0.000797022 0.000509573 -0.000913787 -0.00704291 0.000275991 0.00294327 -0.0188647 -0.000201662 -0.00923304 -0.0021732 0.00085968 0.0013754 -0.0227094 -0.00350076 -0.0027266 -0.00124177 -0.00163683 -0.00527459 -0.00373368
internal_weight=854971 415524 439447 185747 253700 58815.1 205919 96461.8 5626.76 5024.1 1225.16 109457 184976 90835 19349.6 177440 26933.9 1096.16 150506 13866.9 52661.3 97844.3 87508.2 770.424 10336.2 10047.3 9010.84 21911.5 15988.6 13122.2
internal_count=2061740 936689 1125051 526038 599013 141226 503684 271965 37021 32660 20591 231719 521423 234944 59297 511029 69194 14422 441835 42556 116995 324840 224284 4615 100556 66185 62236 45377 49099 38694
is_linear=0
shrinkage=0.03


end of trees

feature_importances:
Column_92=709
Column_24=676
Column_87=646
Column_97=623
Column_30=379
Column_40=349
Column_18=297
Column_39=276
Column_98=187
Column_38=137
Column_69=107
Column_32=86
Column_63=84
Column_100=65
Column_51=64
Column_93=57
Column_46=55
Column_26=53
Column_34=53
Column_66=49
Column_78=45
Column_33=41
Column_59=41
Column_68=39
Column_88=38
Column_0=37
Column_12=35
Column_48=33
Column_65=33
Column_90=29
Column_3=28
Column_89=28
Column_20=26
Column_37=26
Column_61=26
Column_31=25
Column_44=23
Column_16=22
Column_77=22
Column_83=22
Column_94=21
Column_95=20
Column_41=17
Column_99=17
Column_8=16
Column_70=16
Column_11=15
Column_14=15
Column_15=15
Column_72=15
Column_28=14
Column_67=14
Column_79=13
Column_86=12
Column_91=12
Column_2=11
Column_10=11
Column_52=11
Column_56=11
Column_6=10
Column_17=10
Column_71=10
Column_19=8
Column_43=8
Column_96=8
Column_22=7
Column_64=7
Column_84=7
Column_21=6
Column_27=6
Column_29=5
Column_35=5
Column_58=5
Column_47=4
Column_54=4
Column_80=4
Column_82=4
Column_53=3
Column_60=3
Column_73=3
Column_81=3
Column_9=2
Column_25=2
Column_36=2
Column_50=2
Column_74=2
Column_85=2
Column_4=1
Column_5=1
Column_13=1
Column_23=1
Column_42=1
Column_49=1
Column_55=1
Column_57=1
Column_62=1
Column_75=1
Column_76=1

parameters:
[boosting: gbdt]
[objective: binary]
[metric: auc]
[tree_learner: serial]
[device_type: cpu]
[data_sample_strategy: bagging]
[data: ]
[valid: ]
[num_iterations: 200]
[learning_rate: 0.03]
[num_leaves: 31]
[num_threads: 12]
[seed: 42]
[deterministic: 0]
[force_col_wise: 0]
[force_row_wise: 1]
[histogram_pool_size: -1]
[max_depth: -1]
[min_data_in_leaf: 2000]
[min_sum_hessian_in_leaf: 0.001]
[bagging_fraction: 0.8]
[pos_bagging_fraction: 1]
[neg_bagging_fraction: 1]
[bagging_freq: 1]
[bagging_seed: 400]
[bagging_by_query: 0]
[feature_fraction: 0.8]
[feature_fraction_bynode: 1]
[feature_fraction_seed: 30056]
[extra_trees: 0]
[extra_seed: 12879]
[early_stopping_round: 0]
[early_stopping_min_delta: 0]
[first_metric_only: 0]
[max_delta_step: 0]
[lambda_l1: 0]
[lambda_l2: 20]
[linear_lambda: 0]
[min_gain_to_split: 0]
[drop_rate: 0.1]
[max_drop: 50]
[skip_drop: 0.5]
[xgboost_dart_mode: 0]
[uniform_drop: 0]
[drop_seed: 17869]
[top_rate: 0.2]
[other_rate: 0.1]
[min_data_per_group: 100]
[max_cat_threshold: 32]
[cat_l2: 10]
[cat_smooth: 10]
[max_cat_to_onehot: 4]
[top_k: 20]
[monotone_constraints: ]
[monotone_constraints_method: basic]
[monotone_penalty: 0]
[feature_contri: ]
[forcedsplits_filename: ]
[refit_decay_rate: 0.9]
[cegb_tradeoff: 1]
[cegb_penalty_split: 0]
[cegb_penalty_feature_lazy: ]
[cegb_penalty_feature_coupled: ]
[path_smooth: 0]
[interaction_constraints: ]
[verbosity: -1]
[saved_feature_importance_type: 0]
[use_quantized_grad: 0]
[num_grad_quant_bins: 4]
[quant_train_renew_leaf: 0]
[stochastic_rounding: 1]
[linear_tree: 0]
[max_bin: 63]
[max_bin_by_feature: ]
[min_data_in_bin: 3]
[bin_construct_sample_cnt: 200000]
[data_random_seed: 175]
[is_enable_sparse: 1]
[enable_bundle: 1]
[use_missing: 1]
[zero_as_missing: 0]
[feature_pre_filter: 1]
[pre_partition: 0]
[two_round: 0]
[header: 0]
[label_column: ]
[weight_column: ]
[group_column: ]
[ignore_column: ]
[categorical_feature: ]
[forcedbins_filename: ]
[precise_float_parser: 0]
[parser_config_file: ]
[objective_seed: 16083]
[num_class: 1]
[is_unbalance: 0]
[scale_pos_weight: 1]
[sigmoid: 1]
[boost_from_average: 1]
[reg_sqrt: 0]
[alpha: 0.9]
[fair_c: 1]
[poisson_max_delta_step: 0.7]
[tweedie_variance_power: 1.5]
[lambdarank_truncation_level: 30]
[lambdarank_norm: 1]
[label_gain: ]
[lambdarank_position_bias_regularization: 0]
[eval_at: ]
[multi_error_top_k: 1]
[auc_mu_weights: ]
[num_machines: 1]
[local_listen_port: 12400]
[time_out: 120]
[machine_list_filename: ]
[machines: ]
[gpu_platform_id: -1]
[gpu_device_id: -1]
[gpu_device_id_list: ]
[gpu_use_dp: 0]
[num_gpu: 1]

end of parameters

pandas_categorical:null
