catalog_id,namespace,experiment_id,title,kind,original_path,source_ref,source_commit,source_files,commands,model,features,validation,score,submission,seed,preprocessing,postprocessing,external_data,reproducibility,notes,preserved_document
team_a_current__exp_001_s1_b0_baseline,team_a_current,exp_001_s1_b0_baseline,exp_001 — S1-B0: воспроизводимый бейзлайн,experiment card,experiments/exp_001_s1_b0_baseline.md,working tree,cdf74c77108e3b731f9ecb4f4e8f7b198cbded66,src/config.py | src/data.py | src/features.py | src/validation.py | src/train.py | src/models.py,python -m src.train --exp S1-B0 --L 0 --min-history 90 --train-blocks 1 --cutoffs recent3,LightGBM,window aggregates,## Протокол валидации (общий для ВСЕХ экспериментов Strategy 1),"CV mean 1.76879, std 0.01448",None documented,"bagging 0.8/1, lambda_l2 5, max_bin 63, 600 раундов, seed 42 (config.SEED)",See preserved experiment card and frozen implementation,None documented,Competition train.parquet and sample_submit.csv; additional artifacts are listed in the card,FULL when required data/artifacts are present; otherwise PARTIAL as stated in the card,,README.md
team_a_current__exp_002_s1_e01_panel_rule,team_a_current,exp_002_s1_e01_panel_rule,exp_002 — S1-E01: переприменение 3-блочного правила панели на обучении,experiment card,experiments/exp_002_s1_e01_panel_rule.md,working tree,cdf74c77108e3b731f9ecb4f4e8f7b198cbded66,src/config.py | src/data.py | src/features.py | src/validation.py | src/train.py | src/models.py,python -m src.train --exp S1-E01 --L 0 --min-history 90 --cutoffs recent3,Unknown / not recoverable from repository history,recency,Панель валидации в обоих случаях 3-блочная.,| **CV mean** | **1.76879** | **1.76981** | **+0.00102** |,None documented,Seed from src/config.py unless the preserved card explicitly states otherwise,See preserved experiment card and frozen implementation,"Причина: разница уровня 0.198 — это **маргинальная**, а не **условная** разница.",Competition train.parquet and sample_submit.csv; additional artifacts are listed in the card,FULL when required data/artifacts are present; otherwise PARTIAL as stated in the card,,README.md
team_a_current__exp_003_s1_e02_dense_cutoffs,team_a_current,exp_003_s1_e02_dense_cutoffs,exp_003 — S1-E02: плотная сетка cutoff'ов,experiment card,experiments/exp_003_s1_e02_dense_cutoffs.md,working tree,cdf74c77108e3b731f9ecb4f4e8f7b198cbded66,src/config.py | src/data.py | src/features.py | src/validation.py | src/train.py | src/models.py,python -m src.train --exp S1-E02 --L 0 --min-history 90 --train-blocks 1 --cutoffs all,LightGBM,See preserved experiment card and implementation,`cutoffs: recent3 → all` (18–24 cutoff'а в зависимости от фолда вместо 3).,Ожидание стратегии: −0.005…−0.012 RMSLE.,None documented,"LightGBM как в B0, 600 раундов, seed 42",See preserved experiment card and frozen implementation,None documented,Competition train.parquet and sample_submit.csv; additional artifacts are listed in the card,FULL when required data/artifacts are present; otherwise PARTIAL as stated in the card,,README.md
team_a_current__exp_004_s1_e03_history_depth,team_a_current,exp_004_s1_e03_history_depth,exp_004 — S1-E03: фиксированная глубина истории `L`,experiment card,experiments/exp_004_s1_e03_history_depth.md,working tree,cdf74c77108e3b731f9ecb4f4e8f7b198cbded66,src/config.py | src/data.py | src/features.py | src/validation.py | src/train.py | src/models.py,"python -m src.train --exp S1-E03a --L 180 --min-history  90 --train-blocks 1 --cutoffs all
python -m src.train --exp S1-E03b --L 180 --min-history 180 --train-blocks 1 --cutoffs all
python -m src.train --exp S1-E03c --L  90 --min-history  90 --train-blocks 1 --cutoffs all
python -m src.train --exp S1-E03d --L 270 --min-history  90 --train-blocks 1 --cutoffs all
python -m src.train --exp S1-E04  --L 0   --min-history  90 --train-blocks 1 --cutoffs all --drop long --folds 2 | python -m src.train --exp S1-E03a --L 180 --min-history  90 --train-blocks 1 --cutoffs all | python -m src.train --exp S1-E03b --L 180 --min-history 180 --train-blocks 1 --cutoffs all | python -m src.train --exp S1-E03c --L  90 --min-history  90 --train-blocks 1 --cutoffs all | python -m src.train --exp S1-E03d --L 270 --min-history  90 --train-blocks 1 --cutoffs all | python -m src.train --exp S1-E04  --L 0   --min-history  90 --train-blocks 1 --cutoffs all --drop long --folds 2",Unknown / not recoverable from repository history,See preserved experiment card and implementation,| эксперимент | L | min_history | cutoff'ов | признаков | CV mean | CV std | bias | CV после сдвига |,4. `L = 90` («минимум смещения») — провал: +0.0375 к RMSLE. Правило «выбирать L по,None documented,Seed from src/config.py unless the preserved card explicitly states otherwise,See preserved experiment card and frozen implementation,None documented,Competition train.parquet and sample_submit.csv; additional artifacts are listed in the card,FULL when required data/artifacts are present; otherwise PARTIAL as stated in the card,,README.md
team_a_current__exp_005_s1_e10_normalized_long,team_a_current,exp_005_s1_e10_normalized_long,"exp_005 — S1-E10: длинные окна, нормированные на доступную глубину истории",experiment card,experiments/exp_005_s1_e10_normalized_long.md,working tree,cdf74c77108e3b731f9ecb4f4e8f7b198cbded66,src/config.py | src/data.py | src/features.py | src/validation.py | src/train.py | src/models.py,"python -m src.features --L 0 --min-history 90 --norm-long
python -m src.train --exp S1-E10 --L 0 --min-history 90 --train-blocks 1 --cutoffs all --norm-long | python -m src.features --L 0 --min-history 90 --norm-long | python -m src.train --exp S1-E10 --L 0 --min-history 90 --train-blocks 1 --cutoffs all --norm-long",Unknown / not recoverable from repository history,"gap/burst features, 227 tabular features",| фолд | E02 (uncapped) | E10 (нормированные) | Δ | bias E02 → E10 |,| **CV mean** | **1.76182** | **1.75988** | **−0.00194** | −0.0950 → **−0.0545** |,None documented,Seed from src/config.py unless the preserved card explicitly states otherwise,See preserved experiment card and frozen implementation,"до `L = 180`, где то же снижение смещения стоило +0.0061. Уровень прогноза на тесте",Competition train.parquet and sample_submit.csv; additional artifacts are listed in the card,FULL when required data/artifacts are present; otherwise PARTIAL as stated in the card,,README.md
team_a_current__exp_006_s1_best_submission,team_a_current,exp_006_s1_best_submission,exp_006 — S1-BEST: итоговая конфигурация и сабмит,experiment card,experiments/exp_006_s1_best_submission.md,working tree,cdf74c77108e3b731f9ecb4f4e8f7b198cbded66,src/config.py | src/data.py | src/features.py | src/validation.py | src/blend.py | src/predict.py | src/submit.py,"python -m src.predict --exp S1-NORM --variant S1-NORM --L 0 --norm-long --min-history 90 --train-blocks 1
python -m src.predict --exp S1-UNC  --variant S1-UNC  --L 0             --min-history 90 --train-blocks 1
python -m src.predict --exp S1-CAP  --variant S1-CAP  --L 180           --min-history 90 --train-blocks 1
python -m src.submit --z S1-NORM S1-UNC S1-CAP --weights 0.45 0.45 0.10 \
                     --level 2.339 --out submission_strategy_1.csv | python -m src.predict --exp S1-NORM --variant S1-NORM --L 0 --norm-long --min-history 90 --train-blocks 1 | python -m src.predict --exp S1-UNC  --variant S1-UNC  --L 0             --min-history 90 --train-blocks 1 | python -m src.predict --exp S1-CAP  --variant S1-CAP  --L 180           --min-history 90 --train-blocks 1 | python -m src.submit --z S1-NORM S1-UNC S1-CAP --weights 0.45 0.45 0.10 \","LightGBM, CatBoost, calibration diagnostic",227 tabular features,"панель     обучение — 1-блочная, валидация и тест — 3-блочная (правило организатора)","CV mean 1.75886, std 0.01162** (B0: 1.76879, std 0.01448)",level 2.339 --out submission_strategy_1.csv,"feature_fraction 0.7, bagging 0.8/1, lambda_l2 5, max_bin 63, seed 42",See preserved experiment card and frozen implementation,level 2.339 --out submission_strategy_1.csv,Competition train.parquet and sample_submit.csv; additional artifacts are listed in the card,FULL when required data/artifacts are present; otherwise PARTIAL as stated in the card,,README.md
team_a_current__exp_007_radical_minimalism,team_a_current,exp_007_radical_minimalism,exp_007 — radical feature minimalism,experiment card,experiments/exp_007_radical_minimalism.md,working tree,cdf74c77108e3b731f9ecb4f4e8f7b198cbded66,src/config.py | src/data.py | src/features.py | src/validation.py | src/final_experiments.py,"python src/final_experiments.py`; cutoff'ы 2025-04-03..2025-10-16, шаг 7,","LightGBM, calibration diagnostic",recency,CV по фолдам: 1.78521 / 1.77760 / 1.76795 / 1.76262.,"CV mean: **1.77335 ± 0.00870** (текущий лучший: S1-BEST, 1.75886 ± 0.01162).",Файл: `submissions/experimental_submission_1.csv`.,"min leaf 800, lambda_l2 20, seed 42 из `config.py`, уровень test 2.3293.",See preserved experiment card and frozen implementation,"min leaf 800, lambda_l2 20, seed 42 из `config.py`, уровень test 2.3293.",Competition train.parquet and sample_submit.csv; additional artifacts are listed in the card,FULL when required data/artifacts are present; otherwise PARTIAL as stated in the card,,README.md
team_a_current__exp_008_cohort_similarity,team_a_current,exp_008_cohort_similarity,exp_008 — hierarchical rank-cohort similarity,experiment card,experiments/exp_008_cohort_similarity.md,working tree,cdf74c77108e3b731f9ecb4f4e8f7b198cbded66,src/config.py | src/data.py | src/features.py | src/validation.py | src/final_experiments.py,"python src/final_experiments.py`; признаки `w180_days_buy`, `w30_days_buy`,","blend, calibration diagnostic",recency,Чистый similarity CV по фолдам: 1.86578 / 1.86318 / 1.84892 / 1.82889;,дала полезной декорреляции ошибок: 50% rank-cohort сигнала ухудшили LB на 0.01694.,Файл: `submissions/experimental_submission_2.csv`.,cutoff'ы и seed из `config.py`; итоговый уровень test 2.3293.,See preserved experiment card and frozen implementation,cutoff'ы и seed из `config.py`; итоговый уровень test 2.3293.,Competition train.parquet and sample_submit.csv; additional artifacts are listed in the card,FULL when required data/artifacts are present; otherwise PARTIAL as stated in the card,,README.md
team_a_current__exp_013_s1_e11_two_part,team_a_current,exp_013_s1_e11_two_part,exp_013 — S1-E11: двухчастная модель на нормированных длинных окнах,experiment card,experiments/exp_013_s1_e11_two_part.md,working tree,cdf74c77108e3b731f9ecb4f4e8f7b198cbded66,src/config.py | src/data.py | src/features.py | src/validation.py | src/models.py | src/train.py,,"LightGBM, calibration diagnostic",227 tabular features,CV по фолдам: 1.77344 / 1.76548 / 1.75209 / 1.74469.,"CV mean: **1.75893 ± 0.01121**; bias −0.05520, оптимальный сдвиг −0.055,","принятой смеси `S1-BEST`, поэтому в состав сабмита не входила и на leaderboard не","LightGBM 600 раундов, параметры по умолчанию из config.LGB_PARAMS, seed из config.py",See preserved experiment card and frozen implementation,"после закрытия вопроса об уровне. `eda_findings.md` (`e08`) до этого показал, что",Competition train.parquet and sample_submit.csv; additional artifacts are listed in the card,FULL when required data/artifacts are present; otherwise PARTIAL as stated in the card,,README.md
team_a_current__exp_014_s1_dist_head,team_a_current,exp_014_s1_dist_head,exp_014 — E0 / S1-DIST: голова распределения вместо L2,experiment card,experiments/exp_014_s1_dist_head.md,working tree,cdf74c77108e3b731f9ecb4f4e8f7b198cbded66,src/config.py | src/data.py | src/features.py | src/validation.py | src/models.py | src/train.py | src/predict.py | src/test_pipeline.py,"model=dist (multiclass, 16 бинов z, центроиды по train), norm_long=True, L=None
min_history=90, cutoffs=all шаг 7 (18/20/22/24 обучающих cutoff'а на фолд)
train_blocks=1, panel_blocks=3, 250 раундов, LGB_PARAMS из config.py, seed 42
227 признаков

# 4 фолда двумя процессами
LGB_THREADS=6 python -m src.train --exp S1-DIST-A --model dist --L 0 --norm-long \
  --rounds 250 --snap 100 150 200 --train-blocks 1 --val 2025-10-16 2025-09-04 --no-log
LGB_THREADS=6 python -m src.train --exp S1-DIST-B --model dist --L 0 --norm-long \
  --rounds 250 --snap 100 150 200 --train-blocks 1 --val 2025-10-02 2025-09-18 --no-log
python -m src.merge_oof --out S1-DIST --parts S1-DIST-A S1-DIST-B --ref S1-E10

# тестовые предсказания и сабмит
python -m src.predict --exp S1-DIST --variant S1-DIST --L 0 --norm-long \
  --min-history 90 --step 7 --train-blocks 1 --rounds 250 --blend dist
python -m src.submit --z S1-NORM S1-UNC S1-CAP S1-DIST --weights 0.15 0.30 0.10 0.45 \
  --level 2.3293 --out submission_dist_head.csv | python -m src.merge_oof --out S1-DIST --parts S1-DIST-A S1-DIST-B --ref S1-E10 | python -m src.predict --exp S1-DIST --variant S1-DIST --L 0 --norm-long \ | python -m src.submit --z S1-NORM S1-UNC S1-CAP S1-DIST --weights 0.15 0.30 0.10 0.45 \","LightGBM, distribution head, blend, calibration diagnostic",227 tabular features,Замер `N12` (`research/strategy_NN_1.md` §1.4) показал на одном фолде,"CV mean 1.75834 ± 0.01045, bias −0.0515, оптимальный сдвиг −0.050.","Сабмиты кончились, `S1-DIST-MIX` остаётся лучшим результатом проекта —","train_blocks=1, panel_blocks=3, 250 раундов, LGB_PARAMS из config.py, seed 42",See preserved experiment card and frozen implementation,level 2.3293 --out submission_dist_head.csv,Competition train.parquet and sample_submit.csv; additional artifacts are listed in the card,FULL when required data/artifacts are present; otherwise PARTIAL as stated in the card,,README.md
team_a_current__exp_015_last_fold_only,team_a_current,exp_015_last_fold_only,"exp_015 — S1-DIST-F4: модель, обученная только на выборке последнего фолда",experiment card,experiments/exp_015_last_fold_only.md,working tree,cdf74c77108e3b731f9ecb4f4e8f7b198cbded66,src/config.py | src/data.py | src/features.py | src/validation.py | src/predict.py | src/test_pipeline.py,"python -m src.predict --exp S1-DIST-F4 --variant S1-DIST-F4 --L 0 --norm-long \
  --min-history 90 --step 7 --train-blocks 1 --rounds 250 --blend dist \
  --train-for-fold 2025-10-16
python -m src.submit --z S1-DIST-F4 --level 2.3293 --out submission_experimental_f4.csv
python -m src.submit --z S1-NORM S1-UNC S1-CAP S1-DIST-F4 --weights 0.15 0.30 0.10 0.45 \
  --level 2.3293 --out submission_experimental_f4_mix.csv | python -m src.predict --exp S1-DIST-F4 --variant S1-DIST-F4 --L 0 --norm-long \ | python -m src.submit --z S1-DIST-F4 --level 2.3293 --out submission_experimental_f4.csv | python -m src.submit --z S1-NORM S1-UNC S1-CAP S1-DIST-F4 --weights 0.15 0.30 0.10 0.45 \","blend, calibration diagnostic",See preserved experiment card and implementation,"# exp_015 — S1-DIST-F4: модель, обученная только на выборке последнего фолда","самый низкий** — модель фолда `2025-10-16` (RMSLE 1.74491, калиброванный 1.74427),",level 2.3293 --out submission_experimental_f4_mix.csv,Seed from src/config.py unless the preserved card explicitly states otherwise,See preserved experiment card and frozen implementation,level 2.3293 --out submission_experimental_f4_mix.csv,Competition train.parquet and sample_submit.csv; additional artifacts are listed in the card,FULL when required data/artifacts are present; otherwise PARTIAL as stated in the card,,README.md
team_a_current__exp_016_validator_calibration,team_a_current,exp_016_validator_calibration,exp_016 — калибровка валидатора по leaderboard: единая схема wCV,experiment card,experiments/exp_016_validator_calibration.md,working tree,cdf74c77108e3b731f9ecb4f4e8f7b198cbded66,src/config.py | src/data.py | src/features.py | src/validation.py | src/report.py | src/cv_lb.py | src/test_validation.py,,"blend, calibration diagnostic",See preserved experiment card and implementation,# exp_016 — калибровка валидатора по leaderboard: единая схема wCV,"Уровень сабмита влияет на LB отдельно от модели: `MSE(L) = C + (L*−L)²`, `L* = 2.3293`",Проверить это дальше нечем: сабмиты кончились.,Seed from src/config.py unless the preserved card explicitly states otherwise,See preserved experiment card and frozen implementation,ошибка уровня на тесте равна нулю по построению и не должна попадать в сравнение,Competition train.parquet and sample_submit.csv; additional artifacts are listed in the card,FULL when required data/artifacts are present; otherwise PARTIAL as stated in the card,,README.md
team_a_current__exp_017_capacity_curve,team_a_current,exp_017_capacity_curve,exp_017 — S_05 A: кривая по раундам для `direct` (ёмкость оценщика),experiment card,experiments/exp_017_capacity_curve.md,working tree,cdf74c77108e3b731f9ecb4f4e8f7b198cbded66,src/config.py | src/data.py | src/features.py | src/validation.py | src/tune.py | src/train.py,"model=direct, L=None, norm_long=True, min_history=90, cutoffs=all шаг 7,
train_blocks=1, panel_blocks=3, LGB_PARAMS из config.py, seed=42, 227 признаков

LGB_THREADS=6 python -m src.train --exp S1-ROUNDS-A --model direct --L 0 --norm-long \
  --min-history 90 --train-blocks 1 --cutoffs all --rounds 1600 \
  --snap 300 450 600 800 1000 1200 1400 --snap-save --val 2025-10-16 2025-09-04 --no-log
LGB_THREADS=6 python -m src.train --exp S1-ROUNDS-B ... --val 2025-10-02 2025-09-18 --no-log
LGB_THREADS=6 python -m src.train --exp S1-ROUNDSL-A --model direct --L 0 --norm-long \
  --min-history 90 --train-blocks 1 --cutoffs all --rounds 300 \
  --snap 25 50 75 100 125 150 200 250 --snap-save --val 2025-10-16 2025-09-04 --no-log
LGB_THREADS=6 python -m src.train --exp S1-ROUNDSL-B ... --val 2025-10-02 2025-09-18 --no-log
for k in ...: python -m src.merge_oof --out S1-ROUNDS-R$k --parts <A-R$k> <B-R$k> \
  --ref S1-E10 --model direct --no-log
# строка журнала: S1-ROUNDS = точка 300 раундов (боевой выбор)","ensemble, calibration diagnostic",227 tabular features,ось: зависимость `RMSLE_cal(rounds)` по всем четырём фолдам. Срез по префиксу,"Опорная модель — `S1-E10` (600 раундов), **wCV 1.75170**.","LB: не отправлялось, сабмиты кончились (`STATE.md`).","train_blocks=1, panel_blocks=3, LGB_PARAMS из config.py, seed=42, 227 признаков",See preserved experiment card and frozen implementation,None documented,Competition train.parquet and sample_submit.csv; additional artifacts are listed in the card,FULL when required data/artifacts are present; otherwise PARTIAL as stated in the card,,README.md
team_a_current__exp_018_seed_average,team_a_current,exp_018_seed_average,exp_018 — S_05 B: дисперсия по сидам и усреднение,experiment card,experiments/exp_018_seed_average.md,working tree,cdf74c77108e3b731f9ecb4f4e8f7b198cbded66,src/config.py | src/data.py | src/features.py | src/validation.py | src/seedavg.py | src/train.py,"model=direct, L=None, norm_long=True, min_history=90, cutoffs=all шаг 7,
train_blocks=1, panel_blocks=3, rounds=300, LGB_PARAMS из config.py, 227 признаков
seeds = 42 (config.SEED), 43, 44, 45, 46

# каждый сид — 4 фолда двумя процессами (сид 42 = полный прогон из exp_017)
for s in 43 44 45 46; do
  LGB_THREADS=6 python -m src.train --exp S1-SEED$s-A --seed $s --model direct --L 0 \
    --norm-long --min-history 90 --train-blocks 1 --cutoffs all --rounds 300 \
    --val 2025-10-16 2025-09-04 --no-log
  LGB_THREADS=6 python -m src.train --exp S1-SEED$s-B --seed $s ... --val 2025-10-02 2025-09-18 --no-log
  python -m src.merge_oof --out S1-SEED$s --parts S1-SEED$s-A S1-SEED$s-B \
    --ref S1-ROUNDS-R300 --model direct --no-log
done
python -m src.merge_oof --out S1-SEED42 --parts S1-ROUNDSL-A S1-ROUNDSL-B --ref S1-E10 --no-log
python -m src.seedavg --out S1-SEEDAVG5 --exps S1-SEED42 S1-SEED43 S1-SEED44 S1-SEED45 S1-SEED46 \
  --ref S1-SEED42 --stats --model direct --n-features 227
python -m src.seedavg --out S1-SEEDAVG3 --exps S1-SEED42 S1-SEED43 S1-SEED44 \
  --ref S1-SEED42 --no-log | python -m src.merge_oof --out S1-SEED$s --parts S1-SEED$s-A S1-SEED$s-B \ | python -m src.merge_oof --out S1-SEED42 --parts S1-ROUNDSL-A S1-ROUNDSL-B --ref S1-E10 --no-log | python -m src.seedavg --out S1-SEEDAVG5 --exps S1-SEED42 S1-SEED43 S1-SEED44 S1-SEED45 S1-SEED46 \ | python -m src.seedavg --out S1-SEEDAVG3 --exps S1-SEED42 S1-SEED43 S1-SEED44 \","LightGBM, ensemble",227 tabular features,| сид | 09-04 | 09-18 | 10-02 | 10-16 | wCV |,"Он требовал закрыть тему, если разброс `wCV` по сидам < 0.0003; фактический","LB: не отправлялось, сабмиты кончились (`STATE.md`).",раундов повторил `S1-E10` на 4 фолдах из 4). `src/seedavg.py`: усреднение,See preserved experiment card and frozen implementation,в лог-пространстве равными весами + статистика разброса и кривая усреднения.,Competition train.parquet and sample_submit.csv; additional artifacts are listed in the card,FULL when required data/artifacts are present; otherwise PARTIAL as stated in the card,,README.md
team_a_current__exp_019_gap_axis,team_a_current,exp_019_gap_axis,exp_019 — STRATEGY_01 gap-axis validation,experiment card,experiments/exp_019_gap_axis.md,working tree,cdf74c77108e3b731f9ecb4f4e8f7b198cbded66,src/config.py | src/data.py | src/features.py | src/validation.py | src/gapval.py,,Unknown / not recoverable from repository history,gap/burst features,# exp_019 — STRATEGY_01 gap-axis validation,`E10`: stress wCV 1.751415 → 1.756366 (**+0.004951**).,None documented,"k=5, gaps={30,60,90,120}, actual={35,63,91,126}, seed=config.SEED",See preserved experiment card and frozen implementation,None documented,Competition train.parquet and sample_submit.csv; additional artifacts are listed in the card,FULL when required data/artifacts are present; otherwise PARTIAL as stated in the card,,README.md
team_a_current__exp_020_train_blocks_zero,team_a_current,exp_020_train_blocks_zero,exp_020 — STRATEGY_02A: `train_blocks=0`,experiment card,experiments/exp_020_train_blocks_zero.md,working tree,cdf74c77108e3b731f9ecb4f4e8f7b198cbded66,src/config.py | src/data.py | src/features.py | src/validation.py | src/sampleval.py,,Unknown / not recoverable from repository history,See preserved experiment card and implementation,"Seed 42: Δ = −0.000049 wCV, 3/4 fold, но последний хуже на +0.000134.","Seed 42: Δ = −0.000049 wCV, 3/4 fold, но последний хуже на +0.000134.",None documented,"VAL_FOLDS_S1, seeds={config.SEED=42,43,44}, log-space avg3",See preserved experiment card and frozen implementation,"VAL_FOLDS_S1, seeds={config.SEED=42,43,44}, log-space avg3",Competition train.parquet and sample_submit.csv; additional artifacts are listed in the card,FULL when required data/artifacts are present; otherwise PARTIAL as stated in the card,,README.md
team_a_current__exp_021_personal_time,team_a_current,exp_021_personal_time,exp_021 — STRATEGY_08: личное время пользователя как представление,experiment card,experiments/exp_021_personal_time.md,working tree,cdf74c77108e3b731f9ecb4f4e8f7b198cbded66,src/config.py | src/data.py | src/features.py | src/validation.py | src/ptime.py | src/ptime_eval.py | src/ptime_imp.py | src/smoke.py,,Unknown / not recoverable from repository history,"personal-time features, calendar features, gap/burst features, window aggregates, 227 tabular features","+0.001 AUC ≈ −0.0006…−0.0019 wCV, то есть нужно +0.003…+0.008 AUC.",0.54% gain на `buygap_*`. Диагностика (`research/rmsle_diagnostics`) ставит цель,"LB: не отправлялось, сабмиты кончились (`STATE.md`).","seeds 42/43/44 (усреднение в лог-пространстве), 4 фолда VAL_FOLDS_S1",See preserved experiment card and frozen implementation,"seeds 42/43/44 (усреднение в лог-пространстве), 4 фолда VAL_FOLDS_S1",Competition train.parquet and sample_submit.csv; additional artifacts are listed in the card,FULL when required data/artifacts are present; otherwise PARTIAL as stated in the card,,README.md
team_a_current__exp_022_dense_temporal_grid,team_a_current,exp_022_dense_temporal_grid,exp_022 — STRATEGY_02B: dense temporal grid при равном объёме,experiment card,experiments/exp_022_dense_temporal_grid.md,working tree,cdf74c77108e3b731f9ecb4f4e8f7b198cbded66,src/config.py | src/data.py | src/features.py | src/validation.py | src/densityval.py,,dilated TCN,227 tabular features,по минимуму последнего fold; dense minimum wCV на 150 также хуже baseline.,"wCV: **1.752339** против **1.751076**, Δ **+0.001263**.",None documented,"panel_blocks=3, train_blocks=1, VAL_FOLDS_S1, seed=config.SEED=42,",See preserved experiment card and frozen implementation,None documented,Competition train.parquet and sample_submit.csv; additional artifacts are listed in the card,FULL when required data/artifacts are present; otherwise PARTIAL as stated in the card,,README.md
team_a_current__exp_023_holiday_yoy,team_a_current,exp_023_holiday_yoy,exp_023 — HOLIDAY-YOY: персональная сезонность 14.02–15.03,experiment card,experiments/exp_023_holiday_yoy.md,working tree,cdf74c77108e3b731f9ecb4f4e8f7b198cbded66,src/config.py | src/data.py | src/features.py | src/validation.py | src/holiday_yoy.py,"base=S1-DIST-MIX; weights=0.15/0.30/0.10/0.45; level=2.3293
feature source=2025-01-15..2025-04-14; test cutoff=2026-02-13
shrinkage reliability=support/(support+median_positive_support)
beta_m=max(slope_yoy_m-slope_placebo_m, 0); correction=mean_m(beta_m*hy_m)
correction centered within holiday-history; no-history=0; seed=config.SEED
python src/holiday_yoy.py --stage diagnostic
python src/holiday_yoy.py --stage fast | python src/holiday_yoy.py --stage diagnostic | python src/holiday_yoy.py --stage fast",Unknown / not recoverable from repository history,"holiday/YoY features, Search/Catalog decomposition, window aggregates, 227 tabular features","колонок были включены в дорогой DIST-retrain, остановленный после двух фолдов.",| **wCV 1:2:4:8** | **1.749484** | **1.749577** | **+0.000093** | **−0.000003** |,"Создан `submissions/submission_HOLIDAY-YOY.csv`: 250 000 строк, SHA-256",correction centered within holiday-history; no-history=0; seed=config.SEED,See preserved experiment card and frozen implementation,"`41C551A62A663D29382D3D82274F075F223FFE8E0989ECEF4C71EFD53E9456AA`, уровень",Competition train.parquet and sample_submit.csv; additional artifacts are listed in the card,FULL when required data/artifacts are present; otherwise PARTIAL as stated in the card,,README.md
team_a_current__exp_024_multihorizon_hazard,team_a_current,exp_024_multihorizon_hazard,exp_024 — MHZ: multi-horizon hazard + count supervision,experiment card,experiments/exp_024_multihorizon_hazard.md,working tree,cdf74c77108e3b731f9ecb4f4e8f7b198cbded66,src/config.py | src/data.py | src/features.py | src/validation.py | src/mhz.py | src/test_mhz.py | research/strategies/results/MHZ/analyze.py,bash research/strategies/results/MHZ/run.sh,"LightGBM, calibration diagnostic","gap/burst features, window aggregates, 227 tabular features","признаки, панели, коридор, фолды и метрика не менялись.","Диагностика (`research/rmsle_diagnostics` §4) показывает, что 74.0% остаточной",Сабмит не создавался.,"`2025-04-03..2025-10-16` шаг 7, `LGB_PARAMS` и `SEED = 42` из `config.py`,",See preserved experiment card and frozen implementation,"смеси на 0.0094 — на уровне, который проект уже классифицировал как шум.",Competition train.parquet and sample_submit.csv; additional artifacts are listed in the card,FULL when required data/artifacts are present; otherwise PARTIAL as stated in the card,,README.md
team_a_current__exp_025_sequence_encoder,team_a_current,exp_025_sequence_encoder,exp_025 — SEQ-01: энкодер сырой дневной последовательности (dilated TCN),experiment card,experiments/exp_025_sequence_encoder.md,working tree,cdf74c77108e3b731f9ecb4f4e8f7b198cbded66,src/config.py | src/data.py | src/features.py | src/validation.py | src/seq.py | src/test_seq.py | src/blend.py,"bash research/strategies/results/SEQ/run.sh` — полный прогон (панель, тесты,","dilated TCN, sequence model, blend","history-depth features, window aggregates, 227 tabular features","`exp_021` закрыл новые **функции** от тех же событий (личное время: −0.000006 wCV),","`exp_021` закрыл новые **функции** от тех же событий (личное время: −0.000006 wCV),","четырёх фолдах, к нулю. Для планирования следующего сабмита этого направления","bf16, **4 эпохи**, seed 42 из `config.py`.",See preserved experiment card and frozen implementation,"уровень `L* = 2.3293` (не трогался), страховка `S1-CAP` сохранена.",Competition train.parquet and sample_submit.csv; additional artifacts are listed in the card,FULL when required data/artifacts are present; otherwise PARTIAL as stated in the card,,README.md
team_a_current__exp_026_seq_seed_averaging,team_a_current,exp_026_seq_seed_averaging,exp_026 — SEQ-02: усреднение сидов TCN и диагностика по глубине истории,experiment card,experiments/exp_026_seq_seed_averaging.md,working tree,cdf74c77108e3b731f9ecb4f4e8f7b198cbded66,src/config.py | src/data.py | src/features.py | src/validation.py | src/seq.py | src/seedavg.py | src/test_seq.py,bash research/strategies/results/SEQ2/run.sh`.,"event Transformer / ETX, dilated TCN, sequence model, calibration diagnostic","history-depth features, 227 tabular features","Архитектура, представление, таргет и схема валидации **не меняются**. Ни",| RMSLE_cal | 1.81087 | 1.79371 | 1.78334 | 1.77684 | 1.77405 | **1.77273** | 1.77207 | 1.77086 | **1.77013** |,сабмита — −0.00060.,"четвёртый сид (насыщение измерено), плотная позиционная супервизия (её гейт",See preserved experiment card and frozen implementation,"том числе по уровню (mean z 2.4161 против 2.5165). Уровень снимает якорь `L*`,",Competition train.parquet and sample_submit.csv; additional artifacts are listed in the card,FULL when required data/artifacts are present; otherwise PARTIAL as stated in the card,,README.md
team_a_current__exp_027_depth_support,team_a_current,exp_027_depth_support,exp_027 — SEQ-DEPTH: почему `SEQAVG3-MIX` провалился на LB,experiment card,experiments/exp_027_depth_support.md,working tree,cdf74c77108e3b731f9ecb4f4e8f7b198cbded66,src/config.py | src/data.py | src/features.py | src/validation.py | src/seq.py | research/strategies/results/SEQ3/stress.py | research/strategies/results/SEQ4/crossdepth.py | src/test_seq.py,"bash research/strategies/results/SEQ3/run.sh` — ~40 минут, inference-only.","sequence model, calibration diagnostic",history-depth features,"Локально при этом всё было в плюс: wCV 1.74774 против 1.74834, 4/4 фолда, честный",`submission_SEQAVG3_mix.csv` -> LB **1.6553135958569027** против **1.650176372731295,"сабмиту, 4/4 фолда. Его утопила глубина, а не он сам.",единственном доступном тестовом прогнозе с обрезкой (сид 42) LOFO даёт,See preserved experiment card and frozen implementation,"`z(α) = (1−α)·z_clip + α·z_full` в лог-пространстве, `α` подбирается",Competition train.parquet and sample_submit.csv; additional artifacts are listed in the card,FULL when required data/artifacts are present; otherwise PARTIAL as stated in the card,,README.md
team_a_current__exp_028_fresh_dist_mix,team_a_current,exp_028_fresh_dist_mix,exp_028 — FRESH-DIST-MIX: аудит максимально свежей supervision,experiment card,experiments/exp_028_fresh_dist_mix.md,working tree,cdf74c77108e3b731f9ecb4f4e8f7b198cbded66,src/config.py | src/data.py | src/features.py | src/validation.py | src/dist_pact.py | src/train.py | src/predict.py | research/eda/e08_baseline.py,,"distribution head, blend","calendar features, freshness/conditional features, gap/burst features",## Validation / diagnostics,`1.77114 -> 1.82485` (`+0.054 RMSLE`) и получила bias около `+0.366`.,LB-сабмитов. Безопасное использование этих 13 cutoff'ов — отдельная гипотеза,"train panel, данные строго до `2026-02-13`; seed/model params не применялись.",See preserved experiment card and frozen implementation,"`0.15/0.30/0.10/0.45`, log-space blend и уровень `L*=2.3293`. Ожидание — убрать",Competition train.parquet and sample_submit.csv; additional artifacts are listed in the card,FULL when required data/artifacts are present; otherwise PARTIAL as stated in the card,,README.md
team_a_current__exp_029_seq_avail_aug,team_a_current,exp_029_seq_avail_aug,exp_029 — SEQ-AVAIL-AUG: train-time augmentation канала `avail`,experiment card,experiments/exp_029_seq_avail_aug.md,working tree,cdf74c77108e3b731f9ecb4f4e8f7b198cbded66,src/config.py | src/data.py | src/features.py | src/validation.py | src/seq.py | src/test_seq.py,"python -m pytest src/test_seq.py -q
python -m src.seq fold --val 2025-10-16 --epochs 4 --seed 42 --exp SEQ-03A-BASE-S42 --aug none
python -m src.seq fold --val 2025-10-16 --epochs 4 --seed 42 --exp SEQ-03A-B-S42 --aug avail_bnd --aug-p 0.5 --aug-full 0.5
python -m src.seq fold --val 2025-10-16 --epochs 4 --seed 42 --exp SEQ-03A-A25-S42 --aug avail_drop --aug-p 0.25
python -m src.seq availprobe --ckpt <EXP>-V1016
python -m src.seq availcurve --ckpt <EXP>-V1016 --shifts 0 13 26 38 51 64 76
python -m src.seq depth --ckpt <EXP>-V1016 --depths 212 230 247 254 261 275 289 | python -m pytest src/test_seq.py -q` — **63 passed**. Отдельно проверено: | python -m pytest src/test_seq.py -q | python -m src.seq fold --val 2025-10-16 --epochs 4 --seed 42 --exp SEQ-03A-BASE-S42 --aug none | python -m src.seq fold --val 2025-10-16 --epochs 4 --seed 42 --exp SEQ-03A-B-S42 --aug avail_bnd --aug-p 0.5 --aug-full 0.5 | python -m src.seq fold --val 2025-10-16 --epochs 4 --seed 42 --exp SEQ-03A-A25-S42 --aug avail_drop --aug-p 0.25 | python -m src.seq availprobe --ckpt <EXP>-V1016 | python -m src.seq availcurve --ckpt <EXP>-V1016 --shifts 0 13 26 38 51 64 76 | python -m src.seq depth --ckpt <EXP>-V1016 --depths 212 230 247 254 261 275 289","dilated TCN, sequence model, ensemble","calendar features, history-depth features, 227 tabular features",Validation/test не аугментируются. Проверены две точки:,ключевой сегмент `rec_buy 15–60` на +0.00309 RMSLE / −0.00263 AUC; `A25`,single-fold diagnostics уже отрицательны. Ни один из двух последних сабмитов,python -m src.seq fold --val 2025-10-16 --epochs 4 --seed 42 --exp SEQ-03A-A25-S42 --aug avail_drop --aug-p 0.25,See preserved experiment card and frozen implementation,дают 1.43× (`B`) и 1.34× (`A25`) этого уровня. Но изменение вредное. `B` портит,Competition train.parquet and sample_submit.csv; additional artifacts are listed in the card,FULL when required data/artifacts are present; otherwise PARTIAL as stated in the card,,README.md
team_a_current__exp_030_seq_depth_curriculum,team_a_current,exp_030_seq_depth_curriculum,exp_030 — SEQ-D3A: depth curriculum (случайная обрезка реальных дней),experiment card,experiments/exp_030_seq_depth_curriculum.md,working tree,cdf74c77108e3b731f9ecb4f4e8f7b198cbded66,src/config.py | src/data.py | src/features.py | src/validation.py | src/seq.py | src/test_seq.py | research/strategies/results/SEQ5/analyze.py | research/strategies/results/SEQ5/depth_table.py,"python -m pytest src/test_seq.py -q
bash research/strategies/results/SEQ5/run.sh          # 7 фолдовых прогонов
bash research/strategies/results/SEQ5/diag.sh         # depth / crossdepth / availprobe
PYTHONPATH=. python research/strategies/results/SEQ5/analyze.py
PYTHONPATH=. python research/strategies/results/SEQ5/depth_table.py | python -m pytest src/test_seq.py -q` — **82 passed** (было 63). Отдельно проверено: | python -m pytest src/test_seq.py -q | bash research/strategies/results/SEQ5/run.sh          # 7 фолдовых прогонов | bash research/strategies/results/SEQ5/diag.sh         # depth / crossdepth / availprobe","dilated TCN, sequence model, calibration diagnostic","calendar features, history-depth features, 227 tabular features","Вычисления:** 4 фолда, **seed 42** (3 сида НЕ запускались), ~7.9 ч GPU","wCV (1:2:4:8) 1.75361 → 1.75284, ΔwCV = −0.00077**, лучше на **2 фолдах из 4**.",3. LOFO/смесь/сабмит — **не считались и не готовились**: при 2/4 и одном сиде,"17 каналов, seed 42 (из `config.py`), train-панель 1-блочная, val 3-блочная,",See preserved experiment card and frozen implementation,Калиброванная и сырая Var совпадают до 5-го знака — это не артефакт уровня.,Competition train.parquet and sample_submit.csv; additional artifacts are listed in the card,FULL when required data/artifacts are present; otherwise PARTIAL as stated in the card,,README.md
team_a_current__exp_030b_seq_d3a_seed43,team_a_current,exp_030b_seq_d3a_seed43,exp_030b — SEQ-D3A-S43: разделяющий замер провала фолда 09-18,experiment card,experiments/exp_030b_seq_d3a_seed43.md,working tree,cdf74c77108e3b731f9ecb4f4e8f7b198cbded66,src/config.py | src/data.py | src/features.py | src/validation.py | src/seq.py | src/test_seq.py | research/strategies/results/SEQ6/seed_pair.py | research/strategies/results/SEQ6/truncation_noise.py,"python -m pytest src/test_seq.py -q
bash research/strategies/results/SEQ6/run.sh
bash research/strategies/results/SEQ6/diag.sh
PYTHONPATH=. python research/strategies/results/SEQ6/seed_pair.py
PYTHONPATH=. python research/strategies/results/SEQ6/truncation_noise.py | python -m pytest src/test_seq.py -q | bash research/strategies/results/SEQ6/run.sh | bash research/strategies/results/SEQ6/diag.sh","dilated TCN, sequence model, blend, calibration diagnostic",history-depth features,# exp_030b — SEQ-D3A-S43: разделяющий замер провала фолда 09-18,`exp_030` дал ΔwCV −0.00077 при 2 фолдах из 4. Единственный крупный проигрыш —,"дисперсию, что для одиночного сабмита плохо.",по сиду и воспроизводит опубликованные числа `exp_030` по контрасту приёма,See preserved experiment card and frozen implementation,"+0.078 → −0.186), и это ломало не только уровень: со своим сдвигом сегмент",Competition train.parquet and sample_submit.csv; additional artifacts are listed in the card,FULL when required data/artifacts are present; otherwise PARTIAL as stated in the card,,README.md
team_a_current__exp_030c_seq_d3a_multiseed,team_a_current,exp_030c_seq_d3a_multiseed,exp_030c — SEQ-D3A-MS: подтверждение depth curriculum на 3 сидах × 4 фолдах,experiment card,experiments/exp_030c_seq_d3a_multiseed.md,working tree,cdf74c77108e3b731f9ecb4f4e8f7b198cbded66,src/config.py | src/data.py | src/features.py | src/validation.py | src/seq.py | research/strategies/results/SEQ7/multiseed.py,"bash run_g1.sh   # A10 #1: сид 43, 4 фолда парно  (research/strategies/results/SEQ7)
bash run_g2.sh   # A10 #2: сид 44, 4 фолда парно
PYTHONPATH=. python research/strategies/results/SEQ7/multiseed.py | bash run_g1.sh   # A10 #1: сид 43, 4 фолда парно  (research/strategies/results/SEQ7) | bash run_g2.sh   # A10 #2: сид 44, 4 фолда парно","dilated TCN, sequence model","freshness/conditional features, history-depth features",# exp_030c — SEQ-D3A-MS: подтверждение depth curriculum на 3 сидах × 4 фолдах,"`exp_030` дал ΔwCV −0.00077 при 2 фолдах из 4 на ОДНОМ сиде, и это в принципе",Сабмит не готовился.** Политика теста прежняя: `--depth-clip 289`.,PYTHONPATH=. python research/strategies/results/SEQ7/multiseed.py,See preserved experiment card and frozen implementation,"Совпадение до 1e-5 при том, что абсолютные уровни разъезжаются на 0.001–0.0015.",Competition train.parquet and sample_submit.csv; additional artifacts are listed in the card,FULL when required data/artifacts are present; otherwise PARTIAL as stated in the card,,README.md
team_a_current__exp_032_s04_cond_fresh_pilot,team_a_current,exp_032_s04_cond_fresh_pilot,exp_032 — S04-SEQ: conditional intensity head на CLEAN+EXTRA (пилот + 4 фолда),experiment card,experiments/exp_032_s04_cond_fresh_pilot.md,working tree,cdf74c77108e3b731f9ecb4f4e8f7b198cbded66,src/config.py | src/data.py | src/features.py | src/validation.py | src/seq_cond.py | src/seq.py | src/test_seq_cond.py,"python -m pytest src/test_seq_cond.py -q
python -m src.seq_cond audit
python -m src.seq_cond pilot --ckpt SEQ-D3A-BASE-S42-V1016 --head-seeds 42 43 44 | python -m pytest src/test_seq_cond.py -q` — **23 passed**. Проверено отдельно: | python -m pytest src/test_seq_cond.py -q | python -m src.seq_cond audit | python -m src.seq_cond pilot --ckpt SEQ-D3A-BASE-S42-V1016 --head-seeds 42 43 44","dilated TCN, sequence model, calibration diagnostic","freshness/conditional features, history-depth features",# exp_032 — S04-SEQ: conditional intensity head на CLEAN+EXTRA (пилот + 4 фолда),Главный контраст `FRESH − CLEAN` = −0.00145** калиброванного RMSLE и,Сабмит и смесь не готовились.** Метрика на группе A и переобученный,python -m src.seq_cond pilot --ckpt SEQ-D3A-BASE-S42-V1016 --head-seeds 42 43 44,See preserved experiment card and frozen implementation,уровень перестанет быть безобидным.,Competition train.parquet and sample_submit.csv; additional artifacts are listed in the card,FULL when required data/artifacts are present; otherwise PARTIAL as stated in the card,,README.md
team_a_current__exp_032_s04_conditional_fresh_seq,team_a_current,EXP_032_S04_conditional_fresh_seq,EXP-032 — S04: Conditional Fresh Supervision for SEQ,experiment card,experiments/EXP_032_S04_conditional_fresh_seq.md,working tree,cdf74c77108e3b731f9ecb4f4e8f7b198cbded66,src/config.py | src/data.py | src/features.py | src/validation.py | src/seq_cond.py | src/seq.py | src/dist_pact.py,,"dilated TCN, sequence model, ensemble, blend, calibration diagnostic","freshness/conditional features, history-depth features",validation;,Unknown / not recoverable from repository history,None documented,пороге 0.03. Дальше — 4 фолда × 3 сида головы (пункт 2 лестницы выше).,See preserved experiment card and frozen implementation,калибровки уровня.,Competition train.parquet and sample_submit.csv; additional artifacts are listed in the card,FULL when required data/artifacts are present; otherwise PARTIAL as stated in the card,,README.md
team_a_current__exp_032b_prod_extensive,team_a_current,exp_032b_prod_extensive,exp_032b — EXP-032B: боевой экстенсив под свежий conditional интенсив,experiment card,experiments/exp_032b_prod_extensive.md,working tree,cdf74c77108e3b731f9ecb4f4e8f7b198cbded66,src/config.py | src/data.py | src/features.py | src/validation.py | src/seq_cond.py | src/seq.py | src/dist_pact.py | src/test_seq_cond.py | research/strategies/results/SEQ8/prod_folds.py | research/strategies/results/SEQ8/mix_diversity.py,"python -m src.dist_pact                                   # боевой p0, 4 фолда
python -m src.seq_cond prod --ckpt SEQ-D3A-BASE-S42-V1016 --head-seeds 42 43 44
python -m src.seq_cond prod --ckpt SEQ-D3A-BASE-S42-V1002 --head-seeds 42 43 44
python -m src.seq_cond prod --ckpt SEQ-D3A-BASE-S42-V0918 --head-seeds 42 43 44
python -m src.seq_cond prod --ckpt SEQ-D3A-BASE-S42-V0904 --head-seeds 42 43 44
PYTHONPATH=. python research/strategies/results/SEQ8/prod_folds.py
PYTHONPATH=. python research/strategies/results/SEQ8/mix_diversity.py
python -m pytest src/test_seq_cond.py -q          # 31 passed | python -m src.dist_pact                                   # боевой p0, 4 фолда | python -m src.seq_cond prod --ckpt SEQ-D3A-BASE-S42-V1016 --head-seeds 42 43 44 | python -m src.seq_cond prod --ckpt SEQ-D3A-BASE-S42-V1002 --head-seeds 42 43 44 | python -m src.seq_cond prod --ckpt SEQ-D3A-BASE-S42-V0918 --head-seeds 42 43 44 | python -m src.seq_cond prod --ckpt SEQ-D3A-BASE-S42-V0904 --head-seeds 42 43 44 | python -m pytest src/test_seq_cond.py -q          # 31 passed","LightGBM, dilated TCN, sequence model, calibration diagnostic","freshness/conditional features, history-depth features",Вычисления:** боевая голова `S1-DIST` переобучена на 4 фолдах на локальном,"пересборка стоит **+0.00088 wCV(A)**, и `COND-FRESH` обгоняет одноголовую базу",Сабмит не готовился и не планируется.,вариантов и все `P`; `artifacts/S04PROD_S42-V*_mu.npz` — кэш голов по сидам,See preserved experiment card and frozen implementation,"SEQ-члене, а разнообразие — на уровне 0.04, а не 0.015.",Competition train.parquet and sample_submit.csv; additional artifacts are listed in the card,FULL when required data/artifacts are present; otherwise PARTIAL as stated in the card,,README.md
team_a_current__exp_035_mix9_seq_slot,team_a_current,exp_035_mix9_seq_slot,exp_035 — MIX9: выбор SEQ-члена смеси и сборка `SEQ-AVG3-CLIP-MIX`,experiment card,experiments/exp_035_mix9_seq_slot.md,working tree,cdf74c77108e3b731f9ecb4f4e8f7b198cbded66,src/config.py | src/data.py | src/features.py | src/validation.py | research/strategies/results/MIX9/lofo_mix.py | research/strategies/results/MIX9/verify_submission.py | research/strategies/results/MIX9/build_d3a_avg3.py | research/strategies/results/MIX9/seed_noise.py,"PYTHONPATH=. python research/strategies/results/MIX9/build_d3a_avg3.py
PYTHONPATH=. python research/strategies/results/MIX9/lofo_mix.py
PYTHONPATH=. python research/strategies/results/MIX9/seed_noise.py
HOST=root@<a10> bash research/strategies/results/MIX9/push_pull.sh push
HOST=root@<a10> bash research/strategies/results/MIX9/push_pull.sh run    # ~1 ч
HOST=root@<a10> bash research/strategies/results/MIX9/push_pull.sh pull
bash research/strategies/results/MIX9/make_submission.sh | bash research/strategies/results/MIX9/make_submission.sh","dilated TCN, sequence model",history-depth features,"`SEQ-D3A` подтверждён как приём (`exp_030c`: ΔwCV −0.00095, 3 сида × 4 фолда),","`SEQ-D3A` подтверждён как приём (`exp_030c`: ΔwCV −0.00095, 3 сида × 4 фолда),","`submissions/submission_SEQAVG3_clip289_mix.csv`, `SEQ-AVG3-CLIP-MIX` —",PYTHONPATH=. python research/strategies/results/MIX9/seed_noise.py,See preserved experiment card and frozen implementation,"что `SEQ-AVG3` в OOF. `delta = −0.11639`, уровень **2.329318**, 250 000 строк в",Competition train.parquet and sample_submit.csv; additional artifacts are listed in the card,FULL when required data/artifacts are present; otherwise PARTIAL as stated in the card,,README.md
team_a_current__exp_036_etx_sparse_event_transformer,team_a_current,exp_036_etx_sparse_event_transformer,"exp_036 — ETX-01: Sparse Event Transformer (`STRATEGY_13`, вариант B)",experiment card,experiments/exp_036_etx_sparse_event_transformer.md,working tree,cdf74c77108e3b731f9ecb4f4e8f7b198cbded66,src/config.py | src/data.py | src/features.py | src/validation.py | src/etx.py | research/strategies/results/ETX1/lofo_etx.py | src/test_etx.py,python -m src.etx fold --val 2025-10-16 --exp ETX-01-S42 --curve,"event Transformer / ETX, dilated TCN, sequence model, calibration diagnostic","calendar features, history-depth features","Прогон:** гейт на фолде `2025-10-16` (116 мин), затем полная схема S1 —","> подтвердила (**wCV 1.74953**, ΔwCV −0.00331, 3/4 включая 10-16). Но главный вывод —","Все компоненты сабмита лежат на диске, сборка — одна команда","`batch=512 chunk=128 lr=1.5e-3 wd=1e-2 epochs=4 warmup=500 seed=42` (из `config.py`),",See preserved experiment card and frozen implementation,"это прямое указание, что `depth` в query-токене несёт уровень хуже, чем канал",Competition train.parquet and sample_submit.csv; additional artifacts are listed in the card,FULL when required data/artifacts are present; otherwise PARTIAL as stated in the card,,README.md
team_a_current__exp_037_etx_avg3_strongest,team_a_current,exp_037_etx_avg3_strongest,"exp_037 — EXP-037: снятие блокера ETX, `ETX-AVG3` и сборка `STRONGEST_CURRENT`",experiment card,experiments/exp_037_etx_avg3_strongest.md,working tree,cdf74c77108e3b731f9ecb4f4e8f7b198cbded66,src/config.py | src/data.py | src/features.py | src/validation.py | src/etx.py | research/strategies/results/ETX2/depth_fix.py | research/strategies/results/ETX2/lofo2.py | src/test_etx.py,"bash research/strategies/results/ETX2/run_a10.sh          # на сервере
bash research/strategies/results/ETX2/run_local.sh        # локально
HOST=root@<a10> bash research/strategies/results/ETX2/pull_a10.sh
bash research/strategies/results/ETX2/run_all.sh          # весь анализ
ALPHA=0.5 OUT=submission_STRONGEST_CURRENT.csv bash research/strategies/results/ETX2/make_submission.sh | python -m src.etx fold --val <дата> --exp ETX-01-S4{3,4} --seed {43,44} --curve [--compile] | python -m src.etx predict --exp ETX-01-S4{3,4} --seed {43,44} --depth-clip 289 --compile | python research/strategies/results/ETX2/depth_fix.py --mode test --ckpt <…>-TEST --dow-shift -1 | bash research/strategies/results/ETX2/run_a10.sh          # на сервере | bash research/strategies/results/ETX2/run_local.sh        # локально | bash research/strategies/results/ETX2/run_all.sh          # весь анализ","dilated TCN, sequence model, blend, calibration diagnostic","calendar features, history-depth features","все 4 фолда сида 43, фолд 10-16 сида 44; локальная RTX 4060 Ti (eager,","> **Итог в одну строку.** Отправлено, **LB 1.6496571** — новый чемпион (было 1.6501764).",ALPHA=0.5 OUT=submission_STRONGEST_CURRENT.csv bash research/strategies/results/ETX2/make_submission.sh,"те швы, которые добавил этот эксперимент, потому что они сидят в горячем пути всех",See preserved experiment card and frozen implementation,| | уровни сидов 42/43/44 | разброс | попарный `Var(z_i − z_j)` |,Competition train.parquet and sample_submit.csv; additional artifacts are listed in the card,FULL when required data/artifacts are present; otherwise PARTIAL as stated in the card,,README.md
team_a_current__exp_038_fnl_future_funnel,team_a_current,exp_038_fnl_future_funnel,exp_038 — FNL: future-funnel supervision (Search/Cart) для энкодера SEQ-D3A,experiment card,experiments/exp_038_fnl_future_funnel.md,working tree,cdf74c77108e3b731f9ecb4f4e8f7b198cbded66,src/config.py | src/data.py | src/features.py | src/validation.py | src/fnl.py | src/test_fnl.py | src/seq.py | research/strategies/results/FNL1/analyze.py,"python -m src.fnl build
python -m pytest src/test_fnl.py -q
bash research/strategies/results/FNL1/run.sh
bash research/strategies/results/FNL1/run_makeup.sh      # добор + контроль шума
PYTHONIOENCODING=utf-8 python research/strategies/results/FNL1/analyze.py | python -m src.fnl build | python -m pytest src/test_fnl.py -q | bash research/strategies/results/FNL1/run.sh | bash research/strategies/results/FNL1/run_makeup.sh      # добор + контроль шума","dilated TCN, sequence model, calibration diagnostic","funnel features, history-depth features","Фолд `2025-10-16`, сид 42, 24 обучающих cutoff'а `2025-04-03..2025-09-11`,","Но: в RMSLE это даёт максимум −0.0032 при шуме сегмента 0.0015, сегмент весит 4.8%",Сабмит не создавался. 4 фолда и мульти-сид не запускались: гейт не пройден.,Сабмит не создавался. 4 фолда и мульти-сид не запускались: гейт не пройден.,See preserved experiment card and frozen implementation,контроля 0.00029. Двигается перераспределение УРОВНЯ между нулевыми и,Competition train.parquet and sample_submit.csv; additional artifacts are listed in the card,FULL when required data/artifacts are present; otherwise PARTIAL as stated in the card,,README.md
team_a_current__exp_039_block4_saf,team_a_current,exp_039_block4_saf,exp_039 — BLOCK4-SAF: selection-aware block-to-block residual correction,experiment card,experiments/exp_039_block4_saf.md,working tree,cdf74c77108e3b731f9ecb4f4e8f7b198cbded66,src/config.py | src/data.py | src/features.py | src/validation.py | src/block4_saf.py | src/test_block4_saf.py | src/test_pipeline.py | src/test_validation.py,"python -m pytest src/test_block4_saf.py src/test_pipeline.py src/test_validation.py -q
python src/block4_saf.py | python -m pytest src/test_block4_saf.py src/test_pipeline.py src/test_validation.py -q | python src/block4_saf.py","LightGBM, calibration diagnostic","calendar features, freshness/conditional features, window aggregates",Все числа — пофолдовый optimal log-shift после winsor 0.5/99.5% и вычитания,| **wCV** | **1.747510** | **1.747749** | **+0.000240** | range 0.0 |,"validation,test_regime,summary}.json` и плоские CSV diagnostics. Сабмита нет.","Следовательно, отрицательный вывод не является одним неудачным seed.",See preserved experiment card and frozen implementation,"результат не объясняется уровнем. `corr(delta, ly-z_STRONGEST)` по fold:",Competition train.parquet and sample_submit.csv; additional artifacts are listed in the card,FULL when required data/artifacts are present; otherwise PARTIAL as stated in the card,,README.md
team_a_current__exp_040_fresh_contrast_moe,team_a_current,exp_040_fresh_contrast_moe,exp_040 — FRESH-CONTRAST-MOE: incremental COND-FRESH residual,experiment card,experiments/exp_040_fresh_contrast_moe.md,working tree,cdf74c77108e3b731f9ecb4f4e8f7b198cbded66,src/config.py | src/data.py | src/features.py | src/validation.py | src/fresh_contrast.py | src/test_fresh_contrast.py | src/test_seq_cond.py | src/test_pipeline.py | src/test_validation.py,"python -m pytest src/test_fresh_contrast.py src/test_seq_cond.py \
  src/test_pipeline.py src/test_validation.py -q
# 60 passed

python src/fresh_contrast.py | python -m pytest src/test_fresh_contrast.py src/test_seq_cond.py \ | python src/fresh_contrast.py","dilated TCN, sequence model, ensemble",freshness/conditional features,"исходная сторона `EXTRA-B -> validation-A`: 887 996 positive строк,",| **wCV** | **1.747510** | **1.747285** | **−0.000225** | **4/4** |,11. Submission: **нет**.,Seed from src/config.py unless the preserved card explicitly states otherwise,See preserved experiment card and frozen implementation,"4/4, поэтому это не только сдвиг уровня (уровень обнулён preprocessing и fold",Competition train.parquet and sample_submit.csv; additional artifacts are listed in the card,FULL when required data/artifacts are present; otherwise PARTIAL as stated in the card,,README.md
team_a_current__exp_041_ridge15,team_a_current,exp_041_ridge15,exp_041 — RIDGE15: линейный член с фиксированным весом 15%,experiment card,experiments/exp_041_ridge15.md,working tree,cdf74c77108e3b731f9ecb4f4e8f7b198cbded66,src/config.py | src/data.py | src/features.py | src/validation.py | src/ridge15.py,python src/ridge15.py`; seed 42 из `src/config.py`; 227 `S1-E10` features;,"Ridge, blend",227 tabular features,| **wCV** | **1.760114** |,| **wCV** | **1.760114** |,"`Var(control−STRONGEST)` = **1.029×**. Файл `submission_RIDGE15.csv`: 250,000",`python src/ridge15.py`; seed 42 из `src/config.py`; 227 `S1-E10` features;,See preserved experiment card and frozen implementation,None documented,Competition train.parquet and sample_submit.csv; additional artifacts are listed in the card,FULL when required data/artifacts are present; otherwise PARTIAL as stated in the card,,README.md
team_a_current__exp_042_zero2d_shrink,team_a_current,exp_042_zero2d_shrink,exp_042 — ZERO2D-SHRINK: soft negative correction по amount × p0,experiment card,experiments/exp_042_zero2d_shrink.md,working tree,cdf74c77108e3b731f9ecb4f4e8f7b198cbded66,src/config.py | src/data.py | src/features.py | src/validation.py | src/zero2d_shrink.py | src/test_zero2d_shrink.py,"python -m pytest src/test_zero2d_shrink.py -q
# 10 passed
python src/zero2d_shrink.py | python -m pytest src/test_zero2d_shrink.py -q | python src/zero2d_shrink.py",sequence model,227 tabular features,| **wCV 1:2:4:8** | **1.747509863** |,| **wCV 1:2:4:8** | **1.747509863** |,"Сохранён `submissions/submission_ZERO2D_SHRINK.csv`: 250,000 строк в порядке","production recipe (`6,065,972 × 227`, 250 rounds, seed 42). Она не воспроизвела",See preserved experiment card and frozen implementation,"eta=0, log-space application, порядок sample submission и финальный уровень",Competition train.parquet and sample_submit.csv; additional artifacts are listed in the card,FULL when required data/artifacts are present; otherwise PARTIAL as stated in the card,,README.md
team_a_current__exp_043_det_pair,team_a_current,exp_043_det_pair,exp_043 — DET-PAIR: deterministic continuation SEQ-D3A,experiment card,experiments/exp_043_det_pair.md,working tree,cdf74c77108e3b731f9ecb4f4e8f7b198cbded66,src/config.py | src/data.py | src/features.py | src/validation.py | src/det_pair.py | src/test_det_pair.py | src/seq.py | src/test_seq.py | src/test_fnl.py | src/test_validation.py,"python -m pytest src/test_det_pair.py -q
# 5 passed

python -m pytest src/test_seq.py src/test_fnl.py src/test_validation.py -q -m ""not slow""
# 130 passed, 1 deselected

python src/det_pair.py
# repeat artifacts уже завершены: plan/run1/run2 переиспользуются и compare даёт PASS | python -m pytest src/test_det_pair.py -q | python -m pytest src/test_seq.py src/test_fnl.py src/test_validation.py -q -m ""not slow"" | python src/det_pair.py","dilated TCN, sequence model","freshness/conditional features, history-depth features","`src/validation.py`, `src/config.py` не изменялись","`|ΔRMSLE_cal| = 0.00033`, `Var(Δz) = 0.02041`. Известный механизм — три CPU",None documented,эффекты всё равно надо мерить парно на одном plan и подтверждать по фолдам/сидам.,See preserved experiment card and frozen implementation,None documented,Competition train.parquet and sample_submit.csv; additional artifacts are listed in the card,FULL when required data/artifacts are present; otherwise PARTIAL as stated in the card,,README.md
team_a_current__exp_044_fresh_conditional_ft,team_a_current,exp_044_fresh_conditional_ft,exp_044 — fresh conditional supervision при paired fine-tune SEQ-01,experiment card,experiments/exp_044_fresh_conditional_ft.md,working tree,cdf74c77108e3b731f9ecb4f4e8f7b198cbded66,src/config.py | src/data.py | src/features.py | src/validation.py | src/fresh_cond_ft.py | src/test_fresh_cond_ft.py,,"dilated TCN, sequence model","freshness/conditional features, history-depth features, 227 tabular features","Если физически свежие positive-only cutoff'ы несут полезный условный сигнал, то при одинаковом объёме conditional-supervision они должны перестроить encoder plain `SEQ-01` полезнее, чем старые CLEAN-positive доноры. Проверяем только разность `FT-FRESH − FT-VOL` на заново обученных детерминированных baseline seeds 42/43/44 и одном фолде 2025-10-16.",Unknown / not recoverable from repository history,LB/test/full-fold/LOFO/submission: **не запускались**.,"Итог: `artifacts/FRESH_COND_FT_EXP044/analysis.json`, `seed_summary.csv`, `segment_summary.csv`.",See preserved experiment card and frozen implementation,None documented,Competition train.parquet and sample_submit.csv; additional artifacts are listed in the card,FULL when required data/artifacts are present; otherwise PARTIAL as stated in the card,,README.md
team_a_current__exp_045_buyctrl_det,team_a_current,exp_045_buyctrl_det,exp_045 — BUYCTRL-DET: настоящая `buy30` supervision против shuffle-control,experiment card,experiments/exp_045_buyctrl_det.md,working tree,cdf74c77108e3b731f9ecb4f4e8f7b198cbded66,src/config.py | src/data.py | src/features.py | src/validation.py | src/buyctrl_det.py | src/test_buyctrl_det.py | src/test_seq.py | src/test_fnl.py | src/test_det_pair.py | src/test_fresh_cond_ft.py | src/test_validation.py,"python -m pytest src/test_buyctrl_det.py src/test_seq.py src/test_fnl.py \
  src/test_det_pair.py src/test_fresh_cond_ft.py src/test_validation.py -q -m ""not slow""
# 166 passed, 1 deselected

python src/buyctrl_det.py
# completed artifacts are verified/reused; analysis must reproduce exactly | python -m pytest src/test_buyctrl_det.py src/test_seq.py src/test_fnl.py \ | python src/buyctrl_det.py","dilated TCN, sequence model","freshness/conditional features, history-depth features, 227 tabular features","Фолд:** `2025-10-16`, стандартная полная 3-блочная val-панель, 197 379 строк",Unknown / not recoverable from repository history,Leaderboard/submission:** не запускались и не создавались,"seed/segment/decomposition: `seed_summary.csv`, `segment_summary.csv`,",See preserved experiment card and frozen implementation,Полные seed-level segment и zero/positive таблицы:,Competition train.parquet and sample_submit.csv; additional artifacts are listed in the card,FULL when required data/artifacts are present; otherwise PARTIAL as stated in the card,,README.md
team_a_current__exp_046_tabular_backbone_refresh,team_a_current,exp_046_tabular_backbone_refresh,exp_046 — TABULAR-BACKBONE-REFRESH: rounds × AVG3 для production UNC/CAP,experiment card,experiments/exp_046_tabular_backbone_refresh.md,working tree,cdf74c77108e3b731f9ecb4f4e8f7b198cbded66,src/config.py | src/data.py | src/features.py | src/validation.py | src/tabular_backbone_refresh.py | src/test_tabular_backbone_refresh.py | src/test_pipeline.py | src/test_validation.py,"python src/tabular_backbone_refresh.py
python src/tabular_backbone_refresh.py --analysis-only
python -m pytest src/test_tabular_backbone_refresh.py src/test_pipeline.py src/test_validation.py -q
# 30 passed | python src/tabular_backbone_refresh.py | python src/tabular_backbone_refresh.py --analysis-only | python -m pytest src/test_tabular_backbone_refresh.py src/test_pipeline.py src/test_validation.py -q","LightGBM, sequence model, ensemble, blend, calibration diagnostic","freshness/conditional features, 227 tabular features",| **wCV 1:2:4:8** | **1.747509863** | **1.747509862520** |,| **wCV 1:2:4:8** | **1.747509863** | **1.747509862520** |,None documented,"`seed_variance_diagnostics.csv`, `ensemble_folds.csv`,",See preserved experiment card and frozen implementation,"Исторические raw OOF выровнены по `(cutoff,user_id)` и смешаны в log-space:",Competition train.parquet and sample_submit.csv; additional artifacts are listed in the card,FULL when required data/artifacts are present; otherwise PARTIAL as stated in the card,,README.md
team_a_current__exp_047_btyd_day_bgnbd_residual,team_a_current,exp_047_btyd_day_bgnbd_residual,exp_047 — BTYD-DAY-BGNBD-RESIDUAL,experiment card,experiments/exp_047_btyd_day_bgnbd_residual.md,working tree,cdf74c77108e3b731f9ecb4f4e8f7b198cbded66,src/config.py | src/data.py | src/features.py | src/validation.py | src/btyd_day_bgnbd.py | src/test_btyd_day_bgnbd.py | src/test_validation.py,,"sequence model, BG/NBD, BTYD, blend, calibration diagnostic",recency,Глобальная группа пользователя: `splitmix64(user_id) & 1`. Для каждого fold выполнен two-sided donor/recipient cross-fit; validation target и строки после cutoff не участвовали в BG/NBD или monetary fit.,Baseline wCV 1:2:4:8 = **1.747509863** на 770 616 строках.,None documented,Seed `42` взят только из `src/config.py`.,See preserved experiment card and frozen implementation,"BG/NBD даёт реальную неуровневую residual direction: все outer folds и residual-alignment checks имеют правильный знак. Но честная nested оценка **−0.000269** не достигает заранее заданной границы `−0.0003`; full-OOF curve переоценивает эффект. Почти вырожденный `P(alive)≈0.994` и систематическое занижение будущего count (`≈1.52` против `1.91..2.01`) показывают, что classic common-origin dropout/count process недостаточно описывает динамику этой панели.",Competition train.parquet and sample_submit.csv; additional artifacts are listed in the card,FULL when required data/artifacts are present; otherwise PARTIAL as stated in the card,,README.md
team_a_current__exp_048_selection_mismatch_cv,team_a_current,exp_048_selection_mismatch_cv,exp_048 — SELECTION-MISMATCH / SELECTION-MATCHED CV,experiment card,experiments/exp_048_selection_mismatch_cv.md,working tree,cdf74c77108e3b731f9ecb4f4e8f7b198cbded66,src/config.py | src/data.py | src/features.py | src/validation.py | src/selection_mismatch_cv.py,,"sequence model, BTYD","freshness/conditional features, Search/Catalog decomposition","`1.766883357 / 1.760509577 / 1.748629224 / 1.741278566`, wCV","`1.766883357 / 1.760509577 / 1.748629224 / 1.741278566`, wCV",None documented,Shuffle uses 100 fixed seed-42 permutations inside,See preserved experiment card and frozen implementation,shape comparisons rather than global-level wins.,Competition train.parquet and sample_submit.csv; additional artifacts are listed in the card,FULL when required data/artifacts are present; otherwise PARTIAL as stated in the card,,README.md
team_a_current__exp_049_selection_mismatch_production_followup,team_a_current,exp_049_selection_mismatch_production_followup,exp_049 — corrected EXP-048 same-fold analysis / production audit,experiment card,experiments/exp_049_selection_mismatch_production_followup.md,working tree,cdf74c77108e3b731f9ecb4f4e8f7b198cbded66,src/config.py | src/data.py | src/features.py | src/validation.py | src/selection_mismatch_followup.py | src/test_selection_mismatch_cv.py | src/test_fresh_contrast.py | src/test_btyd_day_bgnbd.py | src/test_validation.py,"printed real value  = matched candidate effect
shuffle interval    = distribution of (matched - standard) selection shift
outside boolean     = comparison of that selection shift with its interval | python src/selection_mismatch_followup.py
python -m pytest src/test_selection_mismatch_cv.py src/test_fresh_contrast.py \
  src/test_btyd_day_bgnbd.py src/test_validation.py -q
# 53 passed | python src/selection_mismatch_followup.py | python -m pytest src/test_selection_mismatch_cv.py src/test_fresh_contrast.py \","BG/NBD, BTYD, ensemble",freshness/conditional features,Validation-only evidence проходит **PREFERRED**:,Unknown / not recoverable from repository history,"REJECT**. `submission_BTYD05_FRESH1.csv` не создан, submission slot не",Seed from src/config.py unless the preserved card explicitly states otherwise,See preserved experiment card and frozen implementation,user-level OOF FRESH correction на test означало бы выдумать новый recipe.,Competition train.parquet and sample_submit.csv; additional artifacts are listed in the card,FULL when required data/artifacts are present; otherwise PARTIAL as stated in the card,,README.md
team_a_current__exp_050_btyd05_production_resolution,team_a_current,exp_050_btyd05_production_resolution,exp_050 — BTYD05 production resolution,experiment card,experiments/exp_050_btyd05_production_resolution.md,working tree,cdf74c77108e3b731f9ecb4f4e8f7b198cbded66,src/config.py | src/data.py | src/features.py | src/validation.py | src/btyd05_production.py,,"dilated TCN, sequence model, BTYD","freshness/conditional features, history-depth features, 227 tabular features",## VALIDATION STATUS,Unknown / not recoverable from repository history,submissions/submission_STRONGEST_CURRENT.csv,"остановлен; D3A/seed rescue, fold averaging и OOF→test carry не запускались.",See preserved experiment card and frozen implementation,None documented,Competition train.parquet and sample_submit.csv; additional artifacts are listed in the card,FULL when required data/artifacts are present; otherwise PARTIAL as stated in the card,,README.md
team_a_current__exp_051_btyd_stable_production,team_a_current,exp_051_btyd_stable_production,exp_051 — BTYD stable fit + production,experiment card,experiments/exp_051_btyd_stable_production.md,working tree,cdf74c77108e3b731f9ecb4f4e8f7b198cbded66,src/config.py | src/data.py | src/features.py | src/validation.py | src/btyd_exp051.py | src/btyd_stable_fit.py | src/test_btyd_stable_fit.py | src/test_btyd_day_bgnbd.py | src/test_validation.py,,"dilated TCN, sequence model, BG/NBD, BTYD","freshness/conditional features, history-depth features, 227 tabular features",## BTYD OOF REVALIDATION,Unknown / not recoverable from repository history,"`submissions/submission_BTYD05.csv`: 250,000 строк, exact schema/order,",Seed from src/config.py unless the preserved card explicitly states otherwise,See preserved experiment card and frozen implementation,Final mean `log1p` после штатного level shift: `2.32930000017`.,Competition train.parquet and sample_submit.csv; additional artifacts are listed in the card,FULL when required data/artifacts are present; otherwise PARTIAL as stated in the card,,README.md
team_a_current__exp_052_channel_shapley_split,team_a_current,exp_052_channel_shapley_split,exp_052 — CHANNEL-SHAPLEY-SPLIT,experiment card,experiments/exp_052_channel_shapley_split.md,working tree,cdf74c77108e3b731f9ecb4f4e8f7b198cbded66,src/config.py | src/data.py | src/features.py | src/validation.py | src/channel_shapley_split.py | src/test_channel_shapley_split.py | src/test_pipeline.py | src/test_validation.py,"python src/channel_shapley_split.py
python src/channel_shapley_split.py --analysis-only
python -m pytest src/test_channel_shapley_split.py src/test_pipeline.py src/test_validation.py -q | python src/channel_shapley_split.py | python src/channel_shapley_split.py --analysis-only | python -m pytest src/test_channel_shapley_split.py src/test_pipeline.py src/test_validation.py -q",LightGBM,"Search/Catalog decomposition, channel Shapley, 227 tabular features","Raw OOF reconstruction: `PASS_EXACT`; calibrated folds `1.766883357 / 1.760509577 / 1.748629224 / 1.741278566`, wCV `1.747509863`.","Raw OOF reconstruction: `PASS_EXACT`; calibrated folds `1.766883357 / 1.760509577 / 1.748629224 / 1.741278566`, wCV `1.747509863`.",None documented,"REJECT.** Pre-flight подтвердил наличие composition signal, но pilot causal control его не перенёс: REAL хуже SHUF, обе честные directions выбрали `alpha=0`, residual alignment имеет отрицательный знак, а вся positive alpha curve ухудшает метрику. `PROMOTE_TO_FULL_FOLDS = NO`; full folds, test inference, public LB и submission не запускались. Не спасать bins, seeds, rounds, alpha grid, targets или segment gates.",See preserved experiment card and frozen implementation,None documented,Competition train.parquet and sample_submit.csv; additional artifacts are listed in the card,FULL when required data/artifacts are present; otherwise PARTIAL as stated in the card,,README.md
team_a_current__exp_053_residual_signal_discovery,team_a_current,exp_053_residual_signal_discovery,exp_053 — RESIDUAL SIGNAL DISCOVERY,experiment card,experiments/exp_053_residual_signal_discovery.md,working tree,cdf74c77108e3b731f9ecb4f4e8f7b198cbded66,src/config.py | src/data.py | src/features.py | src/validation.py | src/residual_signal_discovery.py,,"LightGBM, ensemble","gap/burst features, 227 tabular features","Alignment/reconstruction: PASS, 770616 строк; folds 188518/191025/193694/197379; exact `(cutoff,user_id)`; `STRONGEST_CURRENT` 1.766883357 / 1.760509577 / 1.748629224 / 1.741278566, wCV 1.747509863.","В residual `STRONGEST_CURRENT` может оставаться cutoff-safe сигнал, достаточный для улучшения RMSLE не менее чем на 0.001. Проверяем это без новых base-моделей: через semantic ETX/SEQ gate и прямую residual correction, обученные только на сохранённых OOF и существующих признаках.",None documented,"Artifact-only; 227 existing cutoff-safe state columns + 34 fixed disagreement columns; LightGBM CPU `num_leaves=31`, `min_data_in_leaf=2000`, `learning_rate=0.03`, 200 rounds, no early stopping, `feature_fraction=0.8`, `bagging_fraction=0.8`, `bagging_freq=1`, `lambda_l2=20`, `max_bin=63`, row-wise, seed 42 from `config.py`. Donor folds 09-04/09-18/10-02, untouched recipient 10-16, `splitmix64(user_id)&1`; residual scales 0/.25/.50/1 chosen donor-only. Full LOFO not run because late gate failed.",See preserved experiment card and frozen implementation,None documented,Competition train.parquet and sample_submit.csv; additional artifacts are listed in the card,FULL when required data/artifacts are present; otherwise PARTIAL as stated in the card,,README.md
team_a_current__exp_054_burst_gap_etx,team_a_current,exp_054_burst_gap_etx,exp_054 — BURST-GAP-ETX: activity episodes and inactivity transitions,experiment card,experiments/exp_054_burst_gap_etx.md,working tree,cdf74c77108e3b731f9ecb4f4e8f7b198cbded66,src/config.py | src/data.py | src/features.py | src/validation.py | src/burst_gap_etx.py,,"LightGBM, dilated TCN","calendar features, occurrence features, gap/burst features","Exact baseline audit: PASS; `STRONGEST_CURRENT` fold 10-16 = **1.741278566**, wCV **1.747509863**.","Exact baseline audit: PASS; `STRONGEST_CURRENT` fold 10-16 = **1.741278566**, wCV **1.747509863**.",None documented,"Фолды 2025-09-04/09-18/10-02/10-16; fixed burst threshold 3; base EXP-053 COMBINED 261 колонка + 12 episode summaries; LightGBM leaves 31, min leaf 2000, lr .03, 200 rounds, feature/bagging .8, L2 20, max_bin 63; scales 0/.25/.50/1; split `splitmix64(user_id)&1`; seed 42 из `config.py`. Полный отчёт: `research/strategies/results/BURST_GAP_EXP054/REPORT.md`.",See preserved experiment card and frozen implementation,None documented,Competition train.parquet and sample_submit.csv; additional artifacts are listed in the card,FULL when required data/artifacts are present; otherwise PARTIAL as stated in the card,,README.md
team_a_current__exp_055_landmark_memory_etx,team_a_current,exp_055_landmark_memory_etx,exp_055 — retrospective landmark outcome memory,experiment card,experiments/exp_055_landmark_memory_etx.md,working tree,cdf74c77108e3b731f9ecb4f4e8f7b198cbded66,src/config.py | src/data.py | src/features.py | src/validation.py | src/landmark_memory_etx.py,,"LightGBM, sequence model","recency, 227 tabular features",SHUFFLED outcome; shared feature/config/validation code не менялся.,wCV `1.7475098625`; максимум расхождения с registered values `4.48e-10`.,GPU/full folds/test inference/public LB/submission: **не запускались**.,"lr .03, feature/bagging .8, lambda_l2 20, max_bin 63, seed 42.",See preserved experiment card and frozen implementation,None documented,Competition train.parquet and sample_submit.csv; additional artifacts are listed in the card,FULL when required data/artifacts are present; otherwise PARTIAL as stated in the card,,README.md
team_a_current__exp_056_late_unlabeled_etx,team_a_current,exp_056_late_unlabeled_etx,exp_056 — LATE-UNLABELED-ETX-ADAPT,experiment card,experiments/exp_056_late_unlabeled_etx.md,working tree,cdf74c77108e3b731f9ecb4f4e8f7b198cbded66,src/config.py | src/data.py | src/features.py | src/validation.py | src/late_unlabeled_etx.py | src/test_late_unlabeled_etx.py,,calibration diagnostic,"calendar features, history-depth features, 227 tabular features","Starting checkpoint: `model_ETX-01-S42-V0904.pt`, SHA256 `558fd1554076ec03ea976aa31808697003e98591c03b7ddb9403a2a9fbc1ad53`; validation checkpoint `2025-09-04`, seed 42 из `config.py`.",Unknown / not recoverable from repository history,None documented,"ETX `d_model=128`, 5 blocks, 8 heads, head dim 16, FFN 384, dropout 0.10; batch/chunk 512/128; AdamW `lr=1.5e-3`, `wd=1e-2`, warmup 500, `lambda_ssl=0.25`, SmoothL1 с fixed per-channel constant normalization, grad clip 1.0, bf16/TF32/eager, workers=1, deterministic CUDA, seed 42. На 8 GB GPU два loss terms накоплены отдельными backward до общего clip/optimizer step, чтобы не держать две ETX graphs одновременно; batch/objective/RNG contract не менялся.",See preserved experiment card and frozen implementation,"`Var(z_late−z_control)=0.00017742`; `corr(correction, CONTROL residual)=+0.001432`; calibrated mean correction `≈0`, поэтому различие не является только level shift, но residual alignment практически нулевая.",Competition train.parquet and sample_submit.csv; additional artifacts are listed in the card,FULL when required data/artifacts are present; otherwise PARTIAL as stated in the card,,README.md
team_a_current__exp_057_production_state_reweight,team_a_current,exp_057_production_state_reweight,EXP-057 — PRODUCTION-STATE-REWEIGHT,experiment card,experiments/exp_057_production_state_reweight.md,working tree,cdf74c77108e3b731f9ecb4f4e8f7b198cbded66,src/config.py | src/data.py | src/features.py | src/validation.py | src/production_state_reweight.py | src/test_production_state_reweight.py | src/test_pipeline.py | src/test_validation.py,,"LightGBM, ensemble","calendar features, recency, history-depth features","Source: **4,955,174** legal UNC rows, 24 cutoff'а `2025-04-03…2025-09-11`; target: **197,379** validation states на `2025-10-16`, без target.","A `UNIFORM`: exact old UNC, RMSLE_cal **1.745131674**.",None documented,"Domain model: LightGBM binary, 31 leaves, min leaf 2000, lr .03, 200 rounds, feature/bagging .8, L2 20, seed 42; equal source/target class mass; two-sided user cross-fit.",See preserved experiment card and frozen implementation,None documented,Competition train.parquet and sample_submit.csv; additional artifacts are listed in the card,FULL when required data/artifacts are present; otherwise PARTIAL as stated in the card,,README.md
team_a_current__exp_058_dataset_fingerprint,team_a_current,exp_058_dataset_fingerprint,exp_058 — DATASET-FINGERPRINT / USER-IDENTITY AUDIT,experiment card,experiments/exp_058_dataset_fingerprint.md,working tree,cdf74c77108e3b731f9ecb4f4e8f7b198cbded66,src/config.py | src/data.py | src/features.py | src/validation.py | src/dataset_fingerprint.py | src/test_dataset_fingerprint.py | src/test_pipeline.py | src/test_validation.py,"python src/dataset_fingerprint.py
python src/dataset_fingerprint.py --analysis-only
python -m pytest src/test_dataset_fingerprint.py src/test_pipeline.py src/test_validation.py -q | python src/dataset_fingerprint.py | python src/dataset_fingerprint.py --analysis-only | python -m pytest src/test_dataset_fingerprint.py src/test_pipeline.py src/test_validation.py -q","LightGBM, CatBoost, calibration diagnostic","calendar features, gap/burst features, dataset/user fingerprint, 227 tabular features","manual target против production target: max abs `5.46e-12`, в `log1p` `1.78e-15`; сохранённый OOF float32 совпал бит-в-бит на всех 4 фолдах;","zero RMSLE `−0.000122291`, но positive RMSLE `+0.000206437` — механизм не согласован с общим улучшением;",Test inference / submission: **не запускались и не создавались**.,"параметры и seed — точный `UNC` из `EXP-046`, seed **42** из `src/config.py`;",See preserved experiment card and frozen implementation,None documented,Competition train.parquet and sample_submit.csv; additional artifacts are listed in the card,FULL when required data/artifacts are present; otherwise PARTIAL as stated in the card,,README.md
team_a_current__exp_059_seq65_temporal_heavy,team_a_current,exp_059_seq65_temporal_heavy,exp_059 — SEQ65_TEMPORAL_HEAVY,experiment card,experiments/exp_059_seq65_temporal_heavy.md,working tree,cdf74c77108e3b731f9ecb4f4e8f7b198cbded66,src/config.py | src/data.py | src/features.py | src/validation.py | research/strategies/results/SEQ65_TEMPORAL_HEAVY/build_submission.py,,sequence model,See preserved experiment card and implementation,Информационный fixed-recipe OOF: wCV `1.747272` против `1.747510` у,Информационный fixed-recipe OOF: wCV `1.747272` против `1.747510` у,"Создан `submissions/submission_SEQ65_TEMPORAL_HEAVY.csv`, 250 000 строк,",Без обучения и без seed. Воспроизведение одной командой на чистом наборе production,See preserved experiment card and frozen implementation,Level policy в точности как у чемпиона: shift `−0.12473150` доводит среднее z,Competition train.parquet and sample_submit.csv; additional artifacts are listed in the card,FULL when required data/artifacts are present; otherwise PARTIAL as stated in the card,,README.md
team_a_current__exp_060_level_minus_006,team_a_current,exp_060_level_minus_006,exp_060 — LEVEL_MINUS_006,experiment card,experiments/exp_060_level_minus_006.md,working tree,cdf74c77108e3b731f9ecb4f4e8f7b198cbded66,src/config.py | src/data.py | src/features.py | src/validation.py | src/submit.py,,"BTYD, blend, calibration diagnostic","freshness/conditional features, 227 tabular features",CV по фолдам: не запускался; диагностический artifact-only experiment.,Unknown / not recoverable from repository history,Output: `submissions/submission_LEVEL_MINUS_006.csv`,Обучение и seed не используются. Единственный параметр — заранее фиксированный,See preserved experiment card and frozen implementation,`SHIFT = 0.06` в log-space.,Competition train.parquet and sample_submit.csv; additional artifacts are listed in the card,FULL when required data/artifacts are present; otherwise PARTIAL as stated in the card,,README.md
team_a_current__exp_061_open_funnel,team_a_current,exp_061_open_funnel,exp_061 — OPEN-FUNNEL unresolved intent preflight,experiment card,experiments/exp_061_open_funnel.md,working tree,cdf74c77108e3b731f9ecb4f4e8f7b198cbded66,src/config.py | src/data.py | src/features.py | src/validation.py | src/open_funnel.py,"python src/open_funnel.py
folds=2025-09-04/09-18/10-02/10-16; weights=1:2:4:8
seed=config.SEED=42; split=splitmix64(user_id); scales=0/.25/.50/.75/1
probe=LightGBM L1, leaves=15, min_data=1000, rounds=120, lambda_l2=50, threads=4
aligned OOF SHA256=40aa9719d4fd903467eceb5f7be5e5d19ce6a67e12856f523946e5fdcda0ed0a
summary SHA256=6351e453f43e9808f20d31c852cdd2229ac6628ab3bee654a187ad275a3f57d0 | python src/open_funnel.py","LightGBM, ensemble",funnel features,Exact base fold RMSLE: `1.766883356 / 1.760509577 / 1.748629224 / 1.741278566`; wCV `1.747509862`.,Exact base fold RMSLE: `1.766883356 / 1.760509577 / 1.748629224 / 1.741278566`; wCV `1.747509862`.,None documented,seed=config.SEED=42; split=splitmix64(user_id); scales=0/.25/.50/.75/1,See preserved experiment card and frozen implementation,None documented,Competition train.parquet and sample_submit.csv; additional artifacts are listed in the card,FULL when required data/artifacts are present; otherwise PARTIAL as stated in the card,,README.md
team_a_current__exp_062_platform_detrend,team_a_current,exp_062_platform_detrend,exp_062 — PLATFORM-DETREND,experiment card,experiments/exp_062_platform_detrend.md,working tree,cdf74c77108e3b731f9ecb4f4e8f7b198cbded66,src/config.py | src/data.py | src/features.py | src/validation.py | src/platform_detrend.py,,LightGBM,window aggregates,CV по фолдам REAL: 1.766883356 / 1.760509577 / 1.748629224 / 1.741278566; дельты к базе `0 / 0 / 0 / 0`.,"wCV REAL / PLACEBO / CONTROL_ONLY: 1.747509862 / 1.747509862 / 1.747509862; `Delta wCV = 0`, REAL−PLACEBO `0`.",None documented,"CPU preflight, seed 42 из `src/config.py`; exact aligned exp_037 OOF (SHA256 `40aa9719...0ed0a`); 10 новых признаков, 11 fixed controls, LightGBM residual 120 rounds, `num_leaves=15`, `min_data_in_leaf=1000`, `lambda_l2=50`, scales `0/0.25/0.5/0.75/1`, splitmix64 user 4-way + two-sided scale; cutoff 2025-09-04/09-18/10-02/10-16. Полный frozen protocol: `research/strategies/results/PLATFORM_DETREND_EXP062/HYPOTHESIS_CARD.md`; results SHA256 `15154f3f...ba7e`.",See preserved experiment card and frozen implementation,None documented,Competition train.parquet and sample_submit.csv; additional artifacts are listed in the card,FULL when required data/artifacts are present; otherwise PARTIAL as stated in the card,,README.md
team_a_current__exp_063_occurrence_revisit,team_a_current,exp_063_occurrence_revisit,exp_063 — OCCURRENCE-REVISIT,experiment card,experiments/exp_063_occurrence_revisit.md,working tree,cdf74c77108e3b731f9ecb4f4e8f7b198cbded66,src/config.py | src/data.py | src/features.py | src/validation.py | src/occurrence_revisit.py,,Unknown / not recoverable from repository history,occurrence features,"Nested E11 дельты: `+0.0000677 / +0.0000641 / −0.0000096 / 0`; wCV **+0.0000105**, 1/4, latest `0`.","Nested E11 дельты: `+0.0000677 / +0.0000641 / −0.0000096 / 0`; wCV **+0.0000105**, 1/4, latest `0`.",None documented,"Seed/model training отсутствуют; exact 770,616-row aligned OOF SHA256 `40aa9719...0ed0a`; `oof_S1-E11.npz` SHA256 `39f566b4...0c44`, `oof_S1-E10.npz` `b4e43277...0f5c`; canonical folds 2025-09-04/09-18/10-02/10-16 and weights 1:2:4:8. Runner `python src/occurrence_revisit.py`; frozen protocol and results in `research/strategies/results/OCCURRENCE_REVISIT_EXP063/`.",See preserved experiment card and frozen implementation,Только log-space member `z(alpha)=(1-alpha)·z_exp037+alpha·z_E11` на заранее фиксированной сетке `0/.025/.05/.075/.10/.15/.20`; модели и признаки не переобучались.,Competition train.parquet and sample_submit.csv; additional artifacts are listed in the card,FULL when required data/artifacts are present; otherwise PARTIAL as stated in the card,,README.md
team_a_current__exp_064_event_order,team_a_current,exp_064_event_order,exp_064 — EVENT-ORDER,experiment card,experiments/exp_064_event_order.md,working tree,cdf74c77108e3b731f9ecb4f4e8f7b198cbded66,src/config.py | src/data.py | src/features.py | src/validation.py | src/event_order.py,,LightGBM,"funnel features, window aggregates","REAL / SHUFFLED / CONTROL_ONLY по всем folds: exact base scores; `Delta wCV = 0 / 0 / 0`, 0/4, latest `0`.",Unknown / not recoverable from repository history,None documented,"CPU, seed 42 из `src/config.py`; exact aligned exp_037 SHA256 `40aa9719...0ed0a`; 15 event-order features + 11 fixed controls; LightGBM residual 120 rounds, leaves 15, min leaf 1000, L2 50; 4-way cross-user + two-sided scale `0/.25/.5/.75/1`; canonical cutoffs, weights 1:2:4:8. Runtime 62.95s; summary SHA256 `4ad55d3c...1f3d`.",See preserved experiment card and frozen implementation,None documented,Competition train.parquet and sample_submit.csv; additional artifacts are listed in the card,FULL when required data/artifacts are present; otherwise PARTIAL as stated in the card,,README.md
team_a_current__exp_065_final_integration,team_a_current,exp_065_final_integration,exp_065 — FINAL-INTEGRATION,experiment card,experiments/exp_065_final_integration.md,working tree,cdf74c77108e3b731f9ecb4f4e8f7b198cbded66,src/config.py | src/data.py | src/features.py | src/validation.py | src/final_integration.py,,"sequence model, BTYD, blend",occurrence features,"Candidate A rebuilt из 9 component arrays byte-identical зарегистрированному exp_037: SHA256 `abc2218b...e04bda`, wCV reference 1.747509862, mean log1p on disk 2.329321370.","Candidate A rebuilt из 9 component arrays byte-identical зарегистрированному exp_037: SHA256 `abc2218b...e04bda`, wCV reference 1.747509862, mean log1p on disk 2.329321370.",None documented,Seed from src/config.py unless the preserved card explicitly states otherwise,See preserved experiment card and frozen implementation,"Training NONE. A recipe `.10 CAP + .20 UNC + .25 DIST + .075×3 SEQ clip289 + .075×3 ETX DCW`, fixed level 2.3293. B recipe `.95 strong + .05 BTYD`, без изменений exp_051. Запуск `python src/final_integration.py`; manifest SHA256 `442ba96c...ae5e9`; independent ETX/test and disk-recipe verifier PASS; focused tests 11 passed.",Competition train.parquet and sample_submit.csv; additional artifacts are listed in the card,FULL when required data/artifacts are present; otherwise PARTIAL as stated in the card,,README.md
team_a_current__exp_066_latest_delta_compatibility,team_a_current,exp_066_latest_delta_compatibility,exp_066 — LATEST-DELTA-COMPATIBILITY,experiment card,experiments/exp_066_latest_delta_compatibility.md,working tree,cdf74c77108e3b731f9ecb4f4e8f7b198cbded66,src/config.py | src/data.py | src/features.py | src/validation.py | src/authoritative_latest_audit.py,,BTYD,freshness/conditional features,Unknown / not recoverable from repository history,Unknown / not recoverable from repository history,None documented,Training/model/seed отсутствуют. Выполнен только read-only inventory canonical,See preserved experiment card and frozen implementation,None documented,Competition train.parquet and sample_submit.csv; additional artifacts are listed in the card,FULL when required data/artifacts are present; otherwise PARTIAL as stated in the card,,README.md
team_a_current__exp_067_authoritative_latest_integration,team_a_current,exp_067_authoritative_latest_integration,exp_067 — AUTHORITATIVE-LATEST-INTEGRATION,experiment card,experiments/exp_067_authoritative_latest_integration.md,working tree,cdf74c77108e3b731f9ecb4f4e8f7b198cbded66,src/config.py | src/data.py | src/features.py | src/validation.py | src/authoritative_latest_audit.py | src/test_authoritative_latest_audit.py,python src/authoritative_latest_audit.py --prefix AUTHORITATIVE_LATEST_AUDIT_20260825_160144_V2`.,blend,See preserved experiment card and implementation,`occ_raw_X3` в bundle отсутствует. Summary validation CSV не использовались,Public LB `1.64921756224069` найден только в README/text provenance и там,LB upload/new submission: **NO**.,Training/model/seed отсутствуют. Runner:,See preserved experiment card and frozen implementation,"как surrogate; `oof_latest_canonical.npz`, project wCV, сегменты и level audit",Competition train.parquet and sample_submit.csv; additional artifacts are listed in the card,FULL when required data/artifacts are present; otherwise PARTIAL as stated in the card,,README.md
team_a_current__exp_068_recency_ridge_predictions,team_a_current,exp_068_recency_ridge_predictions,exp_068 — RECENCY-RIDGE-ON-PREDICTIONS,experiment card,experiments/exp_068_recency_ridge_predictions.md,working tree,cdf74c77108e3b731f9ecb4f4e8f7b198cbded66,src/config.py | src/data.py | src/features.py | src/validation.py | src/recency_ridge_predictions.py,python src/recency_ridge_predictions.py`; seed/model training отсутствуют;,"Ridge, two-part / hurdle, blend","recency, 227 tabular features","fit_intercept=True)`, веса фолдов `1:2:4:8`, correction clip `[-2,2]`,",Unknown / not recoverable from repository history,"Nested LOFO, coefficients, controls, segments, test-regime и submission:",`python src/recency_ridge_predictions.py`; seed/model training отсутствуют;,See preserved experiment card and frozen implementation,"сохранены, но coefficients, standardizer state, row-level targets/members и",Competition train.parquet and sample_submit.csv; additional artifacts are listed in the card,FULL when required data/artifacts are present; otherwise PARTIAL as stated in the card,,README.md
team_a_current__exp_069_team_b_b2_ensemble,team_a_current,exp_069_team_b_b2_ensemble,exp_069 — TEAM-B-B2 ensemble,experiment card,experiments/exp_069_team_b_b2_ensemble.md,working tree,cdf74c77108e3b731f9ecb4f4e8f7b198cbded66,src/config.py | src/data.py | src/features.py | src/validation.py | src/team_b_b2_ensemble.py,,"CatBoost, ensemble, blend",See preserved experiment card and implementation,Наш replay: **1.747509863**; по фолдам `1.766883 / 1.760510 / 1.748629 / 1.741279`.,"PREPARED по запросу, но REJECT как новый чемпион:** LOFO подтверждает неслучайность optimum веса на этих фолдах, однако выигрыш `0.000151` ниже project gate `0.0005` и ожидаемого public noise `0.00025`. `STRONGEST-CURRENT` остаётся research/private-safe anchor; соседние веса, поздние загрязнённые cutoff'ы и public-LB tuning не продолжать.","LB: не отправляли. Submission создан: `submissions/submission_TEAM_B_B2_OPTIMAL_ENSEMBLE.csv`, SHA256 `9b2cc1b4cd3de6394f1e891904f58ab6e5c5f8c7b3505d83d797bd706bad899f`.","Pinned `features.py/train.py/predict.py` из team SHA `88dc691…`; exact 4 модели команды (LGBM classifier, positive LGBM, all-user LGBM, CatBoost), seed **42** только из `config.py`, 260 features. S1 validation dates 09-04/09-18/10-02/10-16; team feature cutoff = `V+1`, latest safe single train snapshot starts `V-29` and its target ends on `V`. Production team model: cutoff `2025-10-17` (history through clean `2025-10-16`), test feature cutoff `2026-02-14` (history through `2026-02-13`). Training",See preserved experiment card and frozen implementation,"Pinned `features.py/train.py/predict.py` из team SHA `88dc691…`; exact 4 модели команды (LGBM classifier, positive LGBM, all-user LGBM, CatBoost), seed **42** только из `config.py`, 260 features. S1 validation dates 09-04/09-18/10-02/10-16; team feature cutoff = `V+1`, latest safe single train snapshot starts `V-29` and its target ends on `V`. Production team model: cutoff `2025-10-17` (history through clean `2025-10-16`), test feature cutoff `2026-02-14` (history through `2026-02-13`). Training",Competition train.parquet and sample_submit.csv; additional artifacts are listed in the card,FULL when required data/artifacts are present; otherwise PARTIAL as stated in the card,,README.md
team_a_current__exp_070_team_b_tabular_slot,team_a_current,exp_070_team_b_tabular_slot,exp_070 — TEAM-B tabular slot replacement,experiment card,experiments/exp_070_team_b_tabular_slot.md,working tree,cdf74c77108e3b731f9ecb4f4e8f7b198cbded66,src/config.py | src/data.py | src/features.py | src/validation.py | src/final_team_b_ensemble.py,,sequence model,See preserved experiment card and implementation,"Её wCV: **1.747127499**, дельта **−0.000382364**, лучше 4/4; по фолдам `1.766770 / 1.760047 / 1.748265 / 1.740873`.","Её wCV: **1.747127499**, дельта **−0.000382364**, лучше 4/4; по фолдам `1.766770 / 1.760047 / 1.748265 / 1.740873`.",LB/submission: не запускали и не создавали.,"Canonical S1 09-04/09-18/10-02/10-16, веса фолдов 1:2:4:8, per-fold log calibration; seed/training NONE. Вес `alpha∈[0,1]` минимизирован непрерывно только по OOF, затем проверен LOFO. Компоненты и team predictions выровнены по `(cutoff,user_id)` с exact key и target parity.",See preserved experiment card and frozen implementation,"Production regime коррекции: `Var(Δz)` OOF `0.0013873`, TEST `0.0014176`, ratio **1.022 PASS**; mean сдвиг убирается штатной production level calibration.",Competition train.parquet and sample_submit.csv; additional artifacts are listed in the card,FULL when required data/artifacts are present; otherwise PARTIAL as stated in the card,,README.md
team_a_current__exp_071_final_team_b_ensemble,team_a_current,exp_071_final_team_b_ensemble,exp_071 — финальный ансамбль STRONGEST-CURRENT + team-b-B2,experiment card,experiments/exp_071_final_team_b_ensemble.md,working tree,cdf74c77108e3b731f9ecb4f4e8f7b198cbded66,src/config.py | src/data.py | src/features.py | src/validation.py | src/final_team_b_ensemble.py,,"sequence model, ensemble, blend, calibration diagnostic",See preserved experiment card and implementation,"Вес выбирать без LB: непрерывный optimum на канонической S1 wCV, с обязательной",Unknown / not recoverable from repository history,"Submission: `submissions/submission_FINAL_CAP_UNC_DIST_SEQ_ETX_TEAM_B.csv`,",Seed from src/config.py unless the preserved card explicitly states otherwise,See preserved experiment card and frozen implementation,"веса фолдов 1:2:4:8, пофолдовая log-калибровка; production level `2.3293`.",Competition train.parquet and sample_submit.csv; additional artifacts are listed in the card,FULL when required data/artifacts are present; otherwise PARTIAL as stated in the card,,README.md
team_a_current__exp_032_s04_conditional_fresh_seq__1d1214ae,team_a_current,EXP_032_S04_conditional_fresh_seq,EXP-032 — S04: Conditional Fresh Supervision for SEQ,experiment design/card,experiments/EXP_032_S04_conditional_fresh_seq.md,working tree,cdf74c77108e3b731f9ecb4f4e8f7b198cbded66,src/config.py | src/data.py | src/features.py | src/validation.py | src/seq_cond.py | src/seq.py | src/dist_pact.py,,"dilated TCN, sequence model, ensemble, blend, calibration diagnostic","freshness/conditional features, history-depth features",validation;,Unknown / not recoverable from repository history,None documented,пороге 0.03. Дальше — 4 фолда × 3 сида головы (пункт 2 лестницы выше).,See preserved experiment card and frozen implementation,калибровки уровня.,Competition train.parquet and sample_submit.csv; additional artifacts are listed in the card,FULL when required data/artifacts are present,Alternative preserved card for EXP-032; kept because it contains additional implementation detail.,README.md
team_a_run__s1_b0,team_a_run,S1-B0,Logged run — S1-B0,logged run / arm,experiments/log.csv,working tree,cdf74c77108e3b731f9ecb4f4e8f7b198cbded66,src/train.py | src/predict.py | src/features.py | src/models.py,,Unknown / not recoverable from repository history,calendar features,wcv:** 1.75743,wcv:** 1.75743,None documented,Seed from src/config.py unless the preserved card explicitly states otherwise,See preserved experiment card and frozen implementation,None documented,Competition train.parquet and sample_submit.csv; additional artifacts are listed in the card,PARTIAL: exact parameters are preserved in the log row; model artifacts may be external/ignored,Run-level entry; a numbered experiment card may document the wider experiment family.,README.md
team_a_run__s1_e01,team_a_run,S1-E01,Logged run — S1-E01,logged run / arm,experiments/log.csv,working tree,cdf74c77108e3b731f9ecb4f4e8f7b198cbded66,src/train.py | src/predict.py | src/features.py | src/models.py,,Unknown / not recoverable from repository history,calendar features,wcv:** 1.75816,wcv:** 1.75816,None documented,Seed from src/config.py unless the preserved card explicitly states otherwise,See preserved experiment card and frozen implementation,None documented,Competition train.parquet and sample_submit.csv; additional artifacts are listed in the card,PARTIAL: exact parameters are preserved in the log row; model artifacts may be external/ignored,Run-level entry; a numbered experiment card may document the wider experiment family.,README.md
team_a_run__s1_e02,team_a_run,S1-E02,Logged run — S1-E02,logged run / arm,experiments/log.csv,working tree,cdf74c77108e3b731f9ecb4f4e8f7b198cbded66,src/train.py | src/predict.py | src/features.py | src/models.py,,Unknown / not recoverable from repository history,calendar features,wcv:** 1.75151,wcv:** 1.75151,None documented,Seed from src/config.py unless the preserved card explicitly states otherwise,See preserved experiment card and frozen implementation,None documented,Competition train.parquet and sample_submit.csv; additional artifacts are listed in the card,PARTIAL: exact parameters are preserved in the log row; model artifacts may be external/ignored,Run-level entry; a numbered experiment card may document the wider experiment family.,README.md
team_a_run__s1_e03a,team_a_run,S1-E03a,Logged run — S1-E03a,logged run / arm,experiments/log.csv,working tree,cdf74c77108e3b731f9ecb4f4e8f7b198cbded66,src/train.py | src/predict.py | src/features.py | src/models.py,,Unknown / not recoverable from repository history,calendar features,wcv:** 1.76064,wcv:** 1.76064,None documented,Seed from src/config.py unless the preserved card explicitly states otherwise,See preserved experiment card and frozen implementation,None documented,Competition train.parquet and sample_submit.csv; additional artifacts are listed in the card,PARTIAL: exact parameters are preserved in the log row; model artifacts may be external/ignored,Run-level entry; a numbered experiment card may document the wider experiment family.,README.md
team_a_run__s1_e03b,team_a_run,S1-E03b,Logged run — S1-E03b,logged run / arm,experiments/log.csv,working tree,cdf74c77108e3b731f9ecb4f4e8f7b198cbded66,src/train.py | src/predict.py | src/features.py | src/models.py,,Unknown / not recoverable from repository history,calendar features,wcv:** 1.76208,wcv:** 1.76208,None documented,Seed from src/config.py unless the preserved card explicitly states otherwise,See preserved experiment card and frozen implementation,None documented,Competition train.parquet and sample_submit.csv; additional artifacts are listed in the card,PARTIAL: exact parameters are preserved in the log row; model artifacts may be external/ignored,Run-level entry; a numbered experiment card may document the wider experiment family.,README.md
team_a_run__s1_e04,team_a_run,S1-E04,Logged run — S1-E04,logged run / arm,experiments/log.csv,working tree,cdf74c77108e3b731f9ecb4f4e8f7b198cbded66,src/train.py | src/predict.py | src/features.py | src/models.py,,Unknown / not recoverable from repository history,calendar features,wcv:** Unknown / not recoverable from repository history,Unknown / not recoverable from repository history,None documented,Seed from src/config.py unless the preserved card explicitly states otherwise,See preserved experiment card and frozen implementation,None documented,Competition train.parquet and sample_submit.csv; additional artifacts are listed in the card,PARTIAL: exact parameters are preserved in the log row; model artifacts may be external/ignored,Run-level entry; a numbered experiment card may document the wider experiment family.,README.md
team_a_run__s1_e03c,team_a_run,S1-E03c,Logged run — S1-E03c,logged run / arm,experiments/log.csv,working tree,cdf74c77108e3b731f9ecb4f4e8f7b198cbded66,src/train.py | src/predict.py | src/features.py | src/models.py,,Unknown / not recoverable from repository history,calendar features,wcv:** 1.79323,wcv:** 1.79323,None documented,Seed from src/config.py unless the preserved card explicitly states otherwise,See preserved experiment card and frozen implementation,None documented,Competition train.parquet and sample_submit.csv; additional artifacts are listed in the card,PARTIAL: exact parameters are preserved in the log row; model artifacts may be external/ignored,Run-level entry; a numbered experiment card may document the wider experiment family.,README.md
team_a_run__s1_e10,team_a_run,S1-E10,Logged run — S1-E10,logged run / arm,experiments/log.csv,working tree,cdf74c77108e3b731f9ecb4f4e8f7b198cbded66,src/train.py | src/predict.py | src/features.py | src/models.py,,Unknown / not recoverable from repository history,"calendar features, 227 tabular features",wcv:** 1.75170,wcv:** 1.75170,None documented,Seed from src/config.py unless the preserved card explicitly states otherwise,See preserved experiment card and frozen implementation,None documented,Competition train.parquet and sample_submit.csv; additional artifacts are listed in the card,PARTIAL: exact parameters are preserved in the log row; model artifacts may be external/ignored,Run-level entry; a numbered experiment card may document the wider experiment family.,README.md
team_a_run__exp_min,team_a_run,EXP-MIN,Logged run — EXP-MIN,logged run / arm,experiments/log.csv,working tree,cdf74c77108e3b731f9ecb4f4e8f7b198cbded66,src/train.py | src/predict.py | src/features.py | src/models.py,,Unknown / not recoverable from repository history,See preserved experiment card and implementation,wcv:** Unknown / not recoverable from repository history,conclusion:** LB 1.6674246 против 1.6512803 у submission_strategy_1.csv (+0.01614); файл submissions/experimental_submission_1.csv,conclusion:** LB 1.6674246 против 1.6512803 у submission_strategy_1.csv (+0.01614); файл submissions/experimental_submission_1.csv,Seed from src/config.py unless the preserved card explicitly states otherwise,See preserved experiment card and frozen implementation,None documented,Competition train.parquet and sample_submit.csv; additional artifacts are listed in the card,PARTIAL: exact parameters are preserved in the log row; model artifacts may be external/ignored,Run-level entry; a numbered experiment card may document the wider experiment family.,README.md
team_a_run__exp_sim,team_a_run,EXP-SIM,Logged run — EXP-SIM,logged run / arm,experiments/log.csv,working tree,cdf74c77108e3b731f9ecb4f4e8f7b198cbded66,src/train.py | src/predict.py | src/features.py | src/models.py,,"blend, calibration diagnostic",See preserved experiment card and implementation,wcv:** Unknown / not recoverable from repository history,"conclusion:** строка описывает чистую similarity; сабмит = смесь 0.50 с S1-BEST: калиброванный OOF 1.77210 (+0.01494), LB 1.6682180 (+0.01694); файл submissions/experimental_submission_2.csv","conclusion:** строка описывает чистую similarity; сабмит = смесь 0.50 с S1-BEST: калиброванный OOF 1.77210 (+0.01494), LB 1.6682180 (+0.01694); файл submissions/experimental_submission_2.csv",Seed from src/config.py unless the preserved card explicitly states otherwise,See preserved experiment card and frozen implementation,None documented,Competition train.parquet and sample_submit.csv; additional artifacts are listed in the card,PARTIAL: exact parameters are preserved in the log row; model artifacts may be external/ignored,Run-level entry; a numbered experiment card may document the wider experiment family.,README.md
team_a_run__s1_e11,team_a_run,S1-E11,Logged run — S1-E11,logged run / arm,experiments/log.csv,working tree,cdf74c77108e3b731f9ecb4f4e8f7b198cbded66,src/train.py | src/predict.py | src/features.py | src/models.py,,calibration diagnostic,"calendar features, 227 tabular features",wcv:** 1.75070,"conclusion:** −0.00095 CV к S1-E10; калиброванный OOF 1.75792 против 1.75716 у S1-BEST; сабмита нет, на LB не отправлялся; детали exp_013","conclusion:** −0.00095 CV к S1-E10; калиброванный OOF 1.75792 против 1.75716 у S1-BEST; сабмита нет, на LB не отправлялся; детали exp_013",Seed from src/config.py unless the preserved card explicitly states otherwise,See preserved experiment card and frozen implementation,None documented,Competition train.parquet and sample_submit.csv; additional artifacts are listed in the card,PARTIAL: exact parameters are preserved in the log row; model artifacts may be external/ignored,Run-level entry; a numbered experiment card may document the wider experiment family.,README.md
team_a_run__s1_dist,team_a_run,S1-DIST,Logged run — S1-DIST,logged run / arm,experiments/log.csv,working tree,cdf74c77108e3b731f9ecb4f4e8f7b198cbded66,src/train.py | src/predict.py | src/features.py | src/models.py,,"distribution head, calibration diagnostic",227 tabular features,"conclusion:** E0. Голова распределения лучше S1-E10 на 4 фолдах из 4: калиброванный OOF 1.75744 против 1.75889 (-0.00145). Пре-регистрированный порог >=0.003 на >=3 фолдах НЕ выполнен: эталон N12 (-0.00396) снимался на базе из 3 cutoff'ов, на плотной сетке остаётся -0.0007..-0.0019. Var(z-z_E10)=0.01320 при пороге разнообразия 0.10 — та же функция, а не новый класс. Смесь 0.15/0.30/0.10/0.45 с S1-E10/S1-E02/S1-E03a: OOF 1.75645 против 1.75716 у S1-BEST, лучше на 4 фолдах из 4. Сабмит submissions",verdict:** ПРИНЯТО; LB 1.6507774106,"conclusion:** E0. Голова распределения лучше S1-E10 на 4 фолдах из 4: калиброванный OOF 1.75744 против 1.75889 (-0.00145). Пре-регистрированный порог >=0.003 на >=3 фолдах НЕ выполнен: эталон N12 (-0.00396) снимался на базе из 3 cutoff'ов, на плотной сетке остаётся -0.0007..-0.0019. Var(z-z_E10)=0.01320 при пороге разнообразия 0.10 — та же функция, а не новый класс. Смесь 0.15/0.30/0.10/0.45 с S1-E10/S1-E02/S1-E03a: OOF 1.75645 против 1.75716 у S1-BEST, лучше на 4 фолдах из 4. Сабмит submissions",Seed from src/config.py unless the preserved card explicitly states otherwise,See preserved experiment card and frozen implementation,None documented,Competition train.parquet and sample_submit.csv; additional artifacts are listed in the card,PARTIAL: exact parameters are preserved in the log row; model artifacts may be external/ignored,Run-level entry; a numbered experiment card may document the wider experiment family.,README.md
team_a_run__s1_dist_f4,team_a_run,S1-DIST-F4,Logged run — S1-DIST-F4,logged run / arm,experiments/log.csv,working tree,cdf74c77108e3b731f9ecb4f4e8f7b198cbded66,src/train.py | src/predict.py | src/features.py | src/models.py,,calibration diagnostic,227 tabular features,"description:** S1-DIST, обученная только на обучающей выборке фолда 2025-10-16 (24 cutoff'а вместо 29)","conclusion:** Только тестовая модель, отдельной CV нет: обучена на той же выборке, что и фолд 2025-10-16, поэтому её единственный валидационный скор — 1.74491 (калибр. 1.74427) на этом фолде. 1.744 — свойство ФОЛДА, а не модели. Отправлены оба сабмита (чистая модель и контрольная смесь), лучший дал LB 1.6512012383165489 — хуже S1-DIST-MIX на +0.00042. Отказ от пяти самых свежих cutoff'ов стоит примерно 0.0004 на LB, обе закономерности проекта (плотная сетка, свежие cutoff'ы) устояли. Ключевое: э","conclusion:** Только тестовая модель, отдельной CV нет: обучена на той же выборке, что и фолд 2025-10-16, поэтому её единственный валидационный скор — 1.74491 (калибр. 1.74427) на этом фолде. 1.744 — свойство ФОЛДА, а не модели. Отправлены оба сабмита (чистая модель и контрольная смесь), лучший дал LB 1.6512012383165489 — хуже S1-DIST-MIX на +0.00042. Отказ от пяти самых свежих cutoff'ов стоит примерно 0.0004 на LB, обе закономерности проекта (плотная сетка, свежие cutoff'ы) устояли. Ключевое: э",Seed from src/config.py unless the preserved card explicitly states otherwise,See preserved experiment card and frozen implementation,None documented,Competition train.parquet and sample_submit.csv; additional artifacts are listed in the card,PARTIAL: exact parameters are preserved in the log row; model artifacts may be external/ignored,Run-level entry; a numbered experiment card may document the wider experiment family.,README.md
team_a_run__s1_val_w,team_a_run,S1-VAL-W,Logged run — S1-VAL-W,logged run / arm,experiments/log.csv,working tree,cdf74c77108e3b731f9ecb4f4e8f7b198cbded66,src/train.py | src/predict.py | src/features.py | src/models.py,,calibration diagnostic,See preserved experiment card and implementation,"description:** exp_016: калибровка валидатора по LB — единая схема wCV (веса фолдов 1:2:4:8, калиброванные пофолдовые RMSLE)","conclusion:** Не модель, а схема валидации. По 5 сабмитам с известным LB: Spearman = 1.0 у ВСЕХ локальных метрик (порядок ничего не различает), различает устойчивость коэффициента переноса dLB/dлокальная. wCV 1:2:4:8: перенос 1.000 +- 0.057 против 1.007 +- 0.151 у равных весов и 0.999 +- 0.240 у OOF cal. Асимметрия переноса 0.64x из STATE.md оказалась артефактом OOF cal: на wCV тот же замер даёт 0.975. Парный шум public LB = 0.00025, а не 0.0058 (непарный) — прежний порог 0.01 завышен в 20 раз. ","conclusion:** Не модель, а схема валидации. По 5 сабмитам с известным LB: Spearman = 1.0 у ВСЕХ локальных метрик (порядок ничего не различает), различает устойчивость коэффициента переноса dLB/dлокальная. wCV 1:2:4:8: перенос 1.000 +- 0.057 против 1.007 +- 0.151 у равных весов и 0.999 +- 0.240 у OOF cal. Асимметрия переноса 0.64x из STATE.md оказалась артефактом OOF cal: на wCV тот же замер даёт 0.975. Парный шум public LB = 0.00025, а не 0.0058 (непарный) — прежний порог 0.01 завышен в 20 раз. ",Seed from src/config.py unless the preserved card explicitly states otherwise,See preserved experiment card and frozen implementation,None documented,Competition train.parquet and sample_submit.csv; additional artifacts are listed in the card,PARTIAL: exact parameters are preserved in the log row; model artifacts may be external/ignored,Run-level entry; a numbered experiment card may document the wider experiment family.,README.md
team_a_run__s1_mix_e11,team_a_run,S1-MIX-E11,Logged run — S1-MIX-E11,logged run / arm,experiments/log.csv,working tree,cdf74c77108e3b731f9ecb4f4e8f7b198cbded66,src/train.py | src/predict.py | src/features.py | src/models.py,,blend,See preserved experiment card and implementation,"params:** {""level"": 2.3293, ""selection"": ""\u043f\u0435\u0440\u0435\u0431\u043e\u0440 \u043f\u043e wCV, \u0448\u0430\u0433 0.05, 10626 \u043a\u043e\u043c\u0431\u0438\u043d\u0430\u0446\u0438\u0439"", ""weights"": {""S1-DIST"": 0.3, ""S1-E02"": 0.35, ""S1-E03a"": 0.0, ""S1-E10"": 0.1, ""S1-E11"": 0.25}}","params:** {""level"": 2.3293, ""selection"": ""\u043f\u0435\u0440\u0435\u0431\u043e\u0440 \u043f\u043e wCV, \u0448\u0430\u0433 0.05, 10626 \u043a\u043e\u043c\u0431\u0438\u043d\u0430\u0446\u0438\u0439"", ""weights"": {""S1-DIST"": 0.3, ""S1-E02"": 0.35, ""S1-E03a"": 0.0, ""S1-E10"": 0.1, ""S1-E11"": 0.25}}","conclusion:** Последний сабмит проекта, отправлен вопреки вердикту exp_016 §7. wCV 1.74911 против 1.74948 у S1-DIST-MIX (-0.00038; LOFO-честно -0.00036), лучше на 4 фолдах из 4. LB 1.6510029 против 1.6507774 — НА +0.00023 ХУЖЕ. Промах прогноза +0.00060 = 2.4 парных SE, прогноз отвергается; сама дельта LB t=+0.9, то есть кандидат не «хуже», а «не лучше». Коэффициент переноса -0.60 (к S1-DIST-MIX) и 0.288 (к S1-BEST) против ~1.0 на крупных дельтах. Первая инверсия порядка в проекте: Spearman(wCV, ",Seed from src/config.py unless the preserved card explicitly states otherwise,See preserved experiment card and frozen implementation,"description:** Смесь 0.10 S1-E10 + 0.35 S1-E02 + 0.30 S1-DIST + 0.25 S1-E11 (S1-E03a обнулён), --level 2.3293",Competition train.parquet and sample_submit.csv; additional artifacts are listed in the card,PARTIAL: exact parameters are preserved in the log row; model artifacts may be external/ignored,Run-level entry; a numbered experiment card may document the wider experiment family.,README.md
team_a_run__s1_seedavg5,team_a_run,S1-SEEDAVG5,Logged run — S1-SEEDAVG5,logged run / arm,experiments/log.csv,working tree,cdf74c77108e3b731f9ecb4f4e8f7b198cbded66,src/train.py | src/predict.py | src/features.py | src/models.py,,Unknown / not recoverable from repository history,227 tabular features,"conclusion:** S_05 вариант B. Пять сидов (42..46) боевой конфигурации direct при 300 раундах. Разброс wCV между сидами: std 0.00010, range 0.00023 — МЕНЬШЕ порога закрытия направления 0.0003 из стратегии, но само правило оказалось мисспецифицировано: усреднение всё равно дало -0.00071 к сиду 42 и -0.00077 к среднему сиду, на 4 фолдах из 4. Разброс скора по сидам мал потому, что скор уже усредняет 190k строк; убирает же усреднение дисперсию ПРЕДСКАЗАНИЙ: Var(z_i - z_j) = 0.00712 в среднем по 10 п","conclusion:** S_05 вариант B. Пять сидов (42..46) боевой конфигурации direct при 300 раундах. Разброс wCV между сидами: std 0.00010, range 0.00023 — МЕНЬШЕ порога закрытия направления 0.0003 из стратегии, но само правило оказалось мисспецифицировано: усреднение всё равно дало -0.00071 к сиду 42 и -0.00077 к среднему сиду, на 4 фолдах из 4. Разброс скора по сидам мал потому, что скор уже усредняет 190k строк; убирает же усреднение дисперсию ПРЕДСКАЗАНИЙ: Var(z_i - z_j) = 0.00712 в среднем по 10 п",None documented,"conclusion:** S_05 вариант B. Пять сидов (42..46) боевой конфигурации direct при 300 раундах. Разброс wCV между сидами: std 0.00010, range 0.00023 — МЕНЬШЕ порога закрытия направления 0.0003 из стратегии, но само правило оказалось мисспецифицировано: усреднение всё равно дало -0.00071 к сиду 42 и -0.00077 к среднему сиду, на 4 фолдах из 4. Разброс скора по сидам мал потому, что скор уже усредняет 190k строк; убирает же усреднение дисперсию ПРЕДСКАЗАНИЙ: Var(z_i - z_j) = 0.00712 в среднем по 10 п",See preserved experiment card and frozen implementation,"params:** {""rounds"": 300, ""seeds"": [42,43,44,45,46], ""avg"": ""log-space equal weights""}",Competition train.parquet and sample_submit.csv; additional artifacts are listed in the card,PARTIAL: exact parameters are preserved in the log row; model artifacts may be external/ignored,Run-level entry; a numbered experiment card may document the wider experiment family.,README.md
team_a_run__s1_rounds,team_a_run,S1-ROUNDS,Logged run — S1-ROUNDS,logged run / arm,experiments/log.csv,working tree,cdf74c77108e3b731f9ecb4f4e8f7b198cbded66,src/train.py | src/predict.py | src/features.py | src/models.py,,Unknown / not recoverable from repository history,227 tabular features,"params:** {""rounds"": 300, ""curve"": ""25..1600, 16 точек"", ""argmin_wcv"": 200, ""argmin_fold_10-16"": 300}","conclusion:** S_05 вариант A. Кривая RMSLE_cal(rounds) для direct на 4 фолдах, 16 точек 25..1600, снята срезами по префиксу деревьев (--snap-save) за 28 мин. 600 раундов оказались ПЕРЕОБУЧЕНИЕМ, а не недобором: wCV 1.75170 (600) против 1.75103 (200, argmin), 1.75108 (300) и 1.75457 (1600). Правый край сетки стратегии стоит +0.00287 wCV — больше суммы всех выигрышей E0 и смеси с головой. Рекомендация strategy_1_results.md §9 п.2 «поднять раунды» опровергнута. Дельта -0.00062 к S1-E10 на 4 фолдах ",None documented,Seed from src/config.py unless the preserved card explicitly states otherwise,See preserved experiment card and frozen implementation,None documented,Competition train.parquet and sample_submit.csv; additional artifacts are listed in the card,PARTIAL: exact parameters are preserved in the log row; model artifacts may be external/ignored,Run-level entry; a numbered experiment card may document the wider experiment family.,README.md
team_a_run__s1_sample_a,team_a_run,S1-SAMPLE-A,Logged run — S1-SAMPLE-A,logged run / arm,experiments/log.csv,working tree,cdf74c77108e3b731f9ecb4f4e8f7b198cbded66,src/train.py | src/predict.py | src/features.py | src/models.py,,Unknown / not recoverable from repository history,227 tabular features,conclusion:** Avg3 wCV 1.750569 vs capacity-matched baseline 1.750456: +0.000113; 2/4 folds and the latest fold is worse by +0.000194. Training rows +9.23% without a quality gain. Exclude from pipeline; details in exp_020.,conclusion:** Avg3 wCV 1.750569 vs capacity-matched baseline 1.750456: +0.000113; 2/4 folds and the latest fold is worse by +0.000194. Training rows +9.23% without a quality gain. Exclude from pipeline; details in exp_020.,None documented,"params:** {""baseline_rounds"": 300, ""only_change"": ""train sample panel"", ""rounds"": 200, ""seeds"": [42, 43, 44], ""train_blocks"": 0}",See preserved experiment card and frozen implementation,None documented,Competition train.parquet and sample_submit.csv; additional artifacts are listed in the card,PARTIAL: exact parameters are preserved in the log row; model artifacts may be external/ignored,Run-level entry; a numbered experiment card may document the wider experiment family.,README.md
team_a_run__s1_gapaxis,team_a_run,S1-GAPAXIS,Logged run — S1-GAPAXIS,logged run / arm,experiments/log.csv,working tree,cdf74c77108e3b731f9ecb4f4e8f7b198cbded66,src/train.py | src/predict.py | src/features.py | src/models.py,,Unknown / not recoverable from repository history,"gap/burst features, 227 tabular features",model:** validation,wcv:** 1.75637,None documented,"params:** {""actual_gaps"": [35, 63, 91, 126], ""capacity"": ""per probe and gap"", ""k11_control"": true, ""n_cutoffs"": 5, ""requested_gaps"": [30, 60, 90, 120], ""seed"": 42}",See preserved experiment card and frozen implementation,None documented,Competition train.parquet and sample_submit.csv; additional artifacts are listed in the card,PARTIAL: exact parameters are preserved in the log row; model artifacts may be external/ignored,Run-level entry; a numbered experiment card may document the wider experiment family.,README.md
team_a_run__pt_od_avg3,team_a_run,PT-OD-AVG3,Logged run — PT-OD-AVG3,logged run / arm,experiments/log.csv,working tree,cdf74c77108e3b731f9ecb4f4e8f7b198cbded66,src/train.py | src/predict.py | src/features.py | src/models.py,,Unknown / not recoverable from repository history,gap/burst features,"conclusion:** Вариант A. wCV 1.750566 против 1.750456 у S1-SEEDAVG3: +0.000110, 0 фолдов из 4. AUC(y>0) 0.84323 против 0.84326. Обобщение rec_over_buygap на весь личный распределительный профиль (od_rank, квантили, отклонение от ожидаемого момента) не добавляет ничего. Детали exp_021","conclusion:** Вариант A. wCV 1.750566 против 1.750456 у S1-SEEDAVG3: +0.000110, 0 фолдов из 4. AUC(y>0) 0.84323 против 0.84326. Обобщение rec_over_buygap на весь личный распределительный профиль (od_rank, квантили, отклонение от ожидаемого момента) не добавляет ничего. Детали exp_021",None documented,"conclusion:** Вариант A. wCV 1.750566 против 1.750456 у S1-SEEDAVG3: +0.000110, 0 фолдов из 4. AUC(y>0) 0.84323 против 0.84326. Обобщение rec_over_buygap на весь личный распределительный профиль (od_rank, квантили, отклонение от ожидаемого момента) не добавляет ничего. Детали exp_021",See preserved experiment card and frozen implementation,None documented,Competition train.parquet and sample_submit.csv; additional artifacts are listed in the card,PARTIAL: exact parameters are preserved in the log row; model artifacts may be external/ignored,Run-level entry; a numbered experiment card may document the wider experiment family.,README.md
team_a_run__pt_full_avg3,team_a_run,PT-FULL-AVG3,Logged run — PT-FULL-AVG3,logged run / arm,experiments/log.csv,working tree,cdf74c77108e3b731f9ecb4f4e8f7b198cbded66,src/train.py | src/predict.py | src/features.py | src/models.py,,Unknown / not recoverable from repository history,"personal-time features, gap/burst features","conclusion:** КЛЮЧЕВОЙ вариант. wCV 1.750451 против 1.750456: -0.000006 при пороге exp_016 §6 -0.0005 (промах в 83 раза), 2 фолда из 4, последний фолд ХУЖЕ базы (1.74398 против 1.74391). AUC(y>0) 0.84326 -> 0.84326: -0.0000004 при требуемых по обменному курсу диагностики +0.003..+0.008. Целевые сегменты не улучшились: rec_buy 15-60 RMSLE +0.00012/AUC -0.00002, полоса 2-15 покупательных дней +0.00004/-0.00004, их пересечение +0.00025/-0.00012. Разнообразия нет: Var(z-z_база)=0.00270 против пола с","conclusion:** КЛЮЧЕВОЙ вариант. wCV 1.750451 против 1.750456: -0.000006 при пороге exp_016 §6 -0.0005 (промах в 83 раза), 2 фолда из 4, последний фолд ХУЖЕ базы (1.74398 против 1.74391). AUC(y>0) 0.84326 -> 0.84326: -0.0000004 при требуемых по обменному курсу диагностики +0.003..+0.008. Целевые сегменты не улучшились: rec_buy 15-60 RMSLE +0.00012/AUC -0.00002, полоса 2-15 покупательных дней +0.00004/-0.00004, их пересечение +0.00025/-0.00012. Разнообразия нет: Var(z-z_база)=0.00270 против пола с",None documented,"conclusion:** КЛЮЧЕВОЙ вариант. wCV 1.750451 против 1.750456: -0.000006 при пороге exp_016 §6 -0.0005 (промах в 83 раза), 2 фолда из 4, последний фолд ХУЖЕ базы (1.74398 против 1.74391). AUC(y>0) 0.84326 -> 0.84326: -0.0000004 при требуемых по обменному курсу диагностики +0.003..+0.008. Целевые сегменты не улучшились: rec_buy 15-60 RMSLE +0.00012/AUC -0.00002, полоса 2-15 покупательных дней +0.00004/-0.00004, их пересечение +0.00025/-0.00012. Разнообразия нет: Var(z-z_база)=0.00270 против пола с",See preserved experiment card and frozen implementation,None documented,Competition train.parquet and sample_submit.csv; additional artifacts are listed in the card,PARTIAL: exact parameters are preserved in the log row; model artifacts may be external/ignored,Run-level entry; a numbered experiment card may document the wider experiment family.,README.md
team_a_run__pt_shuf_avg3,team_a_run,PT-SHUF-AVG3,Logged run — PT-SHUF-AVG3,logged run / arm,experiments/log.csv,working tree,cdf74c77108e3b731f9ecb4f4e8f7b198cbded66,src/train.py | src/predict.py | src/features.py | src/models.py,,Unknown / not recoverable from repository history,personal-time features,"conclusion:** Контрольный вариант C. rho и весь профиль интервалов переставлены между пользователями фиксированной перестановкой при сохранении маргинального распределения (mean(rho) совпал до 4-го знака, rho совпала лишь у 0.19%). wCV 1.750428 — НЕ ХУЖЕ настоящего личного времени (1.750451) и лучше базы на 3 фолдах из 4 против 2 у B. По отдельным сидам среднее -0.000025 против +0.000021 у B. Сработал критерий закрытия направления «B ~ C»: выигрыша нет, а то, что есть, не связано с тем, ЧЕЙ это ","conclusion:** Контрольный вариант C. rho и весь профиль интервалов переставлены между пользователями фиксированной перестановкой при сохранении маргинального распределения (mean(rho) совпал до 4-го знака, rho совпала лишь у 0.19%). wCV 1.750428 — НЕ ХУЖЕ настоящего личного времени (1.750451) и лучше базы на 3 фолдах из 4 против 2 у B. По отдельным сидам среднее -0.000025 против +0.000021 у B. Сработал критерий закрытия направления «B ~ C»: выигрыша нет, а то, что есть, не связано с тем, ЧЕЙ это ",None documented,"conclusion:** Контрольный вариант C. rho и весь профиль интервалов переставлены между пользователями фиксированной перестановкой при сохранении маргинального распределения (mean(rho) совпал до 4-го знака, rho совпала лишь у 0.19%). wCV 1.750428 — НЕ ХУЖЕ настоящего личного времени (1.750451) и лучше базы на 3 фолдах из 4 против 2 у B. По отдельным сидам среднее -0.000025 против +0.000021 у B. Сработал критерий закрытия направления «B ~ C»: выигрыша нет, а то, что есть, не связано с тем, ЧЕЙ это ",See preserved experiment card and frozen implementation,None documented,Competition train.parquet and sample_submit.csv; additional artifacts are listed in the card,PARTIAL: exact parameters are preserved in the log row; model artifacts may be external/ignored,Run-level entry; a numbered experiment card may document the wider experiment family.,README.md
team_a_run__s1_sample_b,team_a_run,S1-SAMPLE-B,Logged run — S1-SAMPLE-B,logged run / arm,experiments/log.csv,working tree,cdf74c77108e3b731f9ecb4f4e8f7b198cbded66,src/train.py | src/predict.py | src/features.py | src/models.py,,dilated TCN,227 tabular features,"conclusion:** Capacity-matched dense wCV 1.752339 vs baseline 1.751076: +0.001263, 0/4 folds. Weighted AUC -0.000416; rec_buy 15-60 RMSLE/AUC +0.001557/-0.001208; 2-15 purchase days +0.001512/-0.000935. Train rows within +/-1% each fold. Dense supervision gate for HDN/TCN failed; details exp_022.","conclusion:** Capacity-matched dense wCV 1.752339 vs baseline 1.751076: +0.001263, 0/4 folds. Weighted AUC -0.000416; rec_buy 15-60 RMSLE/AUC +0.001557/-0.001208; 2-15 purchase days +0.001512/-0.000935. Train rows within +/-1% each fold. Dense supervision gate for HDN/TCN failed; details exp_022.",None documented,"params:** {""baseline_rounds"": 300, ""dense_rounds"": 200, ""dense_step"": 3, ""row_frac"": 0.422, ""seed"": 42}",See preserved experiment card and frozen implementation,None documented,Competition train.parquet and sample_submit.csv; additional artifacts are listed in the card,PARTIAL: exact parameters are preserved in the log row; model artifacts may be external/ignored,Run-level entry; a numbered experiment card may document the wider experiment family.,README.md
team_a_run__holiday_yoy,team_a_run,HOLIDAY-YOY,Logged run — HOLIDAY-YOY,logged run / arm,experiments/log.csv,working tree,cdf74c77108e3b731f9ecb4f4e8f7b198cbded66,src/train.py | src/predict.py | src/features.py | src/models.py,,Unknown / not recoverable from repository history,holiday/YoY features,"conclusion:** wCV +0.000093, 0/4, AUC -0.000003: ordinary CV neutral. YoY diagnostic purchase Pearson 0.03996 vs placebo 0.01281, OOS R2 0.001683 vs 0.000077; one high-risk submission allowed. File submissions/submission_HOLIDAY-YOY.csv; L*=2.3293; E03a kept.","conclusion:** wCV +0.000093, 0/4, AUC -0.000003: ordinary CV neutral. YoY diagnostic purchase Pearson 0.03996 vs placebo 0.01281, OOS R2 0.001683 vs 0.000077; one high-risk submission allowed. File submissions/submission_HOLIDAY-YOY.csv; L*=2.3293; E03a kept.","conclusion:** wCV +0.000093, 0/4, AUC -0.000003: ordinary CV neutral. YoY diagnostic purchase Pearson 0.03996 vs placebo 0.01281, OOS R2 0.001683 vs 0.000077; one high-risk submission allowed. File submissions/submission_HOLIDAY-YOY.csv; L*=2.3293; E03a kept.","params:** {""base"": ""S1-DIST-MIX"", ""beta"": ""crossfit_yoy_slope-placebo_slope"", ""level"": 2.3293, ""seed"": 42, ""shrinkage"": ""support/(support+median_positive)"", ""weights"": [0.15, 0.3, 0.1, 0.45]}",See preserved experiment card and frozen implementation,model:** postprocess,Competition train.parquet and sample_submit.csv; additional artifacts are listed in the card,PARTIAL: exact parameters are preserved in the log row; model artifacts may be external/ignored,Run-level entry; a numbered experiment card may document the wider experiment family.,README.md
team_a_run__mhz_base,team_a_run,MHZ-BASE,Logged run — MHZ-BASE,logged run / arm,experiments/log.csv,working tree,cdf74c77108e3b731f9ecb4f4e8f7b198cbded66,src/train.py | src/predict.py | src/features.py | src/models.py,,Unknown / not recoverable from repository history,See preserved experiment card and implementation,wcv:** 1.75191,wcv:** 1.75191,None documented,Seed from src/config.py unless the preserved card explicitly states otherwise,See preserved experiment card and frozen implementation,None documented,Competition train.parquet and sample_submit.csv; additional artifacts are listed in the card,PARTIAL: exact parameters are preserved in the log row; model artifacts may be external/ignored,Run-level entry; a numbered experiment card may document the wider experiment family.,README.md
team_a_run__mhz_self,team_a_run,MHZ-SELF,Logged run — MHZ-SELF,logged run / arm,experiments/log.csv,working tree,cdf74c77108e3b731f9ecb4f4e8f7b198cbded66,src/train.py | src/predict.py | src/features.py | src/models.py,,Unknown / not recoverable from repository history,See preserved experiment card and implementation,wcv:** 1.75235,wcv:** 1.75235,None documented,Seed from src/config.py unless the preserved card explicitly states otherwise,See preserved experiment card and frozen implementation,None documented,Competition train.parquet and sample_submit.csv; additional artifacts are listed in the card,PARTIAL: exact parameters are preserved in the log row; model artifacts may be external/ignored,Run-level entry; a numbered experiment card may document the wider experiment family.,README.md
team_a_run__mhz_p30,team_a_run,MHZ-P30,Logged run — MHZ-P30,logged run / arm,experiments/log.csv,working tree,cdf74c77108e3b731f9ecb4f4e8f7b198cbded66,src/train.py | src/predict.py | src/features.py | src/models.py,,Unknown / not recoverable from repository history,See preserved experiment card and implementation,wcv:** 1.75267,wcv:** 1.75267,None documented,Seed from src/config.py unless the preserved card explicitly states otherwise,See preserved experiment card and frozen implementation,None documented,Competition train.parquet and sample_submit.csv; additional artifacts are listed in the card,PARTIAL: exact parameters are preserved in the log row; model artifacts may be external/ignored,Run-level entry; a numbered experiment card may document the wider experiment family.,README.md
team_a_run__mhz_full,team_a_run,MHZ-FULL,Logged run — MHZ-FULL,logged run / arm,experiments/log.csv,working tree,cdf74c77108e3b731f9ecb4f4e8f7b198cbded66,src/train.py | src/predict.py | src/features.py | src/models.py,,Unknown / not recoverable from repository history,See preserved experiment card and implementation,wcv:** 1.75234,wcv:** 1.75234,None documented,Seed from src/config.py unless the preserved card explicitly states otherwise,See preserved experiment card and frozen implementation,None documented,Competition train.parquet and sample_submit.csv; additional artifacts are listed in the card,PARTIAL: exact parameters are preserved in the log row; model artifacts may be external/ignored,Run-level entry; a numbered experiment card may document the wider experiment family.,README.md
team_a_run__seq_01,team_a_run,SEQ-01,Logged run — SEQ-01,logged run / arm,experiments/log.csv,working tree,cdf74c77108e3b731f9ecb4f4e8f7b198cbded66,src/train.py | src/predict.py | src/features.py | src/models.py,,"dilated TCN, sequence model",See preserved experiment card and implementation,"conclusion:** Одиночная wCV 1.75270 (+0.00322 к S1-DIST-MIX, +0.00162 к лучшему табличному S1-ROUNDS), AUC(y>0) 0.84205 (-0.00129) — ранжирование НЕ улучшилось, ни один целевой сегмент не выигран. Главный результат — разнообразие: Var(z-z_mix)=0.03749 = 5.27x пола сидов 0.00712, corr остатков 0.99393 против потолка 0.99885. КОНТРОЛЬ: лучшая табличная модель S1-ROUNDS против той же смеси даёт Var 0.00685 (0.96x пола) и corr 0.99889, то есть ещё один GBDT неотличим от переcида. Подстановка в слот ","conclusion:** Одиночная wCV 1.75270 (+0.00322 к S1-DIST-MIX, +0.00162 к лучшему табличному S1-ROUNDS), AUC(y>0) 0.84205 (-0.00129) — ранжирование НЕ улучшилось, ни один целевой сегмент не выигран. Главный результат — разнообразие: Var(z-z_mix)=0.03749 = 5.27x пола сидов 0.00712, corr остатков 0.99393 против потолка 0.99885. КОНТРОЛЬ: лучшая табличная модель S1-ROUNDS против той же смеси даёт Var 0.00685 (0.96x пола) и corr 0.99889, то есть ещё один GBDT неотличим от переcида. Подстановка в слот ",None documented,"conclusion:** Одиночная wCV 1.75270 (+0.00322 к S1-DIST-MIX, +0.00162 к лучшему табличному S1-ROUNDS), AUC(y>0) 0.84205 (-0.00129) — ранжирование НЕ улучшилось, ни один целевой сегмент не выигран. Главный результат — разнообразие: Var(z-z_mix)=0.03749 = 5.27x пола сидов 0.00712, corr остатков 0.99393 против потолка 0.99885. КОНТРОЛЬ: лучшая табличная модель S1-ROUNDS против той же смеси даёт Var 0.00685 (0.96x пола) и corr 0.99889, то есть ещё один GBDT неотличим от переcида. Подстановка в слот ",See preserved experiment card and frozen implementation,None documented,Competition train.parquet and sample_submit.csv; additional artifacts are listed in the card,PARTIAL: exact parameters are preserved in the log row; model artifacts may be external/ignored,Run-level entry; a numbered experiment card may document the wider experiment family.,README.md
team_a_run__seq_avg2,team_a_run,SEQ-AVG2,Logged run — SEQ-AVG2,logged run / arm,experiments/log.csv,working tree,cdf74c77108e3b731f9ecb4f4e8f7b198cbded66,src/train.py | src/predict.py | src/features.py | src/models.py,,"dilated TCN, sequence model",history-depth features,"conclusion:** exp_026 этап 2: SEQ-AVG2 = mean(сид42, сид43) в лог-пространстве. Одиночная wCV 1.75016 (+0.00068 к S1-DIST-MIX против +0.00322 у одного сида), впервые лучше лучшей одиночной табличной S1-ROUNDS на -0.00092, 4/4. AUC(y>0) 0.84265 всё ещё ниже смеси (-0.00069) — ранжирование не улучшилось. Var(z-z_mix) 0.03054 = 4.29x пола сидов. Честный LOFO при S1-E03a=0.10: -0.00160 (в выборке -0.00164), 4/4 включая 10-16 (-0.00134). Гейт этапа 2 пройден, запущен сид 44. Детали exp_026","conclusion:** exp_026 этап 2: SEQ-AVG2 = mean(сид42, сид43) в лог-пространстве. Одиночная wCV 1.75016 (+0.00068 к S1-DIST-MIX против +0.00322 у одного сида), впервые лучше лучшей одиночной табличной S1-ROUNDS на -0.00092, 4/4. AUC(y>0) 0.84265 всё ещё ниже смеси (-0.00069) — ранжирование не улучшилось. Var(z-z_mix) 0.03054 = 4.29x пола сидов. Честный LOFO при S1-E03a=0.10: -0.00160 (в выборке -0.00164), 4/4 включая 10-16 (-0.00134). Гейт этапа 2 пройден, запущен сид 44. Детали exp_026",None documented,"conclusion:** exp_026 этап 2: SEQ-AVG2 = mean(сид42, сид43) в лог-пространстве. Одиночная wCV 1.75016 (+0.00068 к S1-DIST-MIX против +0.00322 у одного сида), впервые лучше лучшей одиночной табличной S1-ROUNDS на -0.00092, 4/4. AUC(y>0) 0.84265 всё ещё ниже смеси (-0.00069) — ранжирование не улучшилось. Var(z-z_mix) 0.03054 = 4.29x пола сидов. Честный LOFO при S1-E03a=0.10: -0.00160 (в выборке -0.00164), 4/4 включая 10-16 (-0.00134). Гейт этапа 2 пройден, запущен сид 44. Детали exp_026",See preserved experiment card and frozen implementation,"conclusion:** exp_026 этап 2: SEQ-AVG2 = mean(сид42, сид43) в лог-пространстве. Одиночная wCV 1.75016 (+0.00068 к S1-DIST-MIX против +0.00322 у одного сида), впервые лучше лучшей одиночной табличной S1-ROUNDS на -0.00092, 4/4. AUC(y>0) 0.84265 всё ещё ниже смеси (-0.00069) — ранжирование не улучшилось. Var(z-z_mix) 0.03054 = 4.29x пола сидов. Честный LOFO при S1-E03a=0.10: -0.00160 (в выборке -0.00164), 4/4 включая 10-16 (-0.00134). Гейт этапа 2 пройден, запущен сид 44. Детали exp_026",Competition train.parquet and sample_submit.csv; additional artifacts are listed in the card,PARTIAL: exact parameters are preserved in the log row; model artifacts may be external/ignored,Run-level entry; a numbered experiment card may document the wider experiment family.,README.md
team_a_run__seq_avg3,team_a_run,SEQ-AVG3,Logged run — SEQ-AVG3,logged run / arm,experiments/log.csv,working tree,cdf74c77108e3b731f9ecb4f4e8f7b198cbded66,src/train.py | src/predict.py | src/features.py | src/models.py,,"dilated TCN, sequence model, calibration diagnostic","history-depth features, 227 tabular features","conclusion:** exp_026 этап 3: SEQ-AVG3 = mean(42,43,44). Одиночная wCV 1.74963 — ПАРИТЕТ со всей боевой смесью 1.74948 (+0.00015 при поле разрешения 0.0005) без единого из 227 признаков; против S1-ROUNDS -0.00144, 4/4, оба проблемных сегмента в минусе (rec_buy 15-60 -0.00231, полоса 2-15 -0.00172). AUC(y>0) 0.84277 по-прежнему ниже смеси (-0.00057): усреднение снимало шум, а не добавляло сигнал. РАЗЛОЖЕНИЕ РАЗНООБРАЗИЯ: Var(z-z_mix) 0.0371(k=1) -> 0.03054(k=2) -> 0.02844(k=3), предел C=Cov между","conclusion:** exp_026 этап 3: SEQ-AVG3 = mean(42,43,44). Одиночная wCV 1.74963 — ПАРИТЕТ со всей боевой смесью 1.74948 (+0.00015 при поле разрешения 0.0005) без единого из 227 признаков; против S1-ROUNDS -0.00144, 4/4, оба проблемных сегмента в минусе (rec_buy 15-60 -0.00231, полоса 2-15 -0.00172). AUC(y>0) 0.84277 по-прежнему ниже смеси (-0.00057): усреднение снимало шум, а не добавляло сигнал. РАЗЛОЖЕНИЕ РАЗНООБРАЗИЯ: Var(z-z_mix) 0.0371(k=1) -> 0.03054(k=2) -> 0.02844(k=3), предел C=Cov между","conclusion:** exp_026 этап 3: SEQ-AVG3 = mean(42,43,44). Одиночная wCV 1.74963 — ПАРИТЕТ со всей боевой смесью 1.74948 (+0.00015 при поле разрешения 0.0005) без единого из 227 признаков; против S1-ROUNDS -0.00144, 4/4, оба проблемных сегмента в минусе (rec_buy 15-60 -0.00231, полоса 2-15 -0.00172). AUC(y>0) 0.84277 по-прежнему ниже смеси (-0.00057): усреднение снимало шум, а не добавляло сигнал. РАЗЛОЖЕНИЕ РАЗНООБРАЗИЯ: Var(z-z_mix) 0.0371(k=1) -> 0.03054(k=2) -> 0.02844(k=3), предел C=Cov между","conclusion:** exp_026 этап 3: SEQ-AVG3 = mean(42,43,44). Одиночная wCV 1.74963 — ПАРИТЕТ со всей боевой смесью 1.74948 (+0.00015 при поле разрешения 0.0005) без единого из 227 признаков; против S1-ROUNDS -0.00144, 4/4, оба проблемных сегмента в минусе (rec_buy 15-60 -0.00231, полоса 2-15 -0.00172). AUC(y>0) 0.84277 по-прежнему ниже смеси (-0.00057): усреднение снимало шум, а не добавляло сигнал. РАЗЛОЖЕНИЕ РАЗНООБРАЗИЯ: Var(z-z_mix) 0.0371(k=1) -> 0.03054(k=2) -> 0.02844(k=3), предел C=Cov между",See preserved experiment card and frozen implementation,None documented,Competition train.parquet and sample_submit.csv; additional artifacts are listed in the card,PARTIAL: exact parameters are preserved in the log row; model artifacts may be external/ignored,Run-level entry; a numbered experiment card may document the wider experiment family.,README.md
team_a_run__seq_depth,team_a_run,SEQ-DEPTH,Logged run — SEQ-DEPTH,logged run / arm,experiments/log.csv,working tree,cdf74c77108e3b731f9ecb4f4e8f7b198cbded66,src/train.py | src/predict.py | src/features.py | src/models.py,,"dilated TCN, sequence model",history-depth features,"description:** exp_027: разбор провала SEQAVG3-MIX на LB. Кросс-фолдовый стресс по глубине (ранняя модель -> поздняя панель, +49/+63/+77) и замер цены ухода канала avail из прожитого режима. Inference-only.","conclusion:** ПРИЧИНА ПРОВАЛА НАЙДЕНА. Разложение тестового прогноза по точному пути (без допущений): глубина Var(dz)=0.00809 при старой доле SEQ 0.30 и 0.01819 при новой 0.45, усреднение 0.00128, веса 0.00175, итого 0.01323. Ось глубины в 6.3 раза больше усреднения и в 4.6 раза больше весов; усреднение и веса вместе объясняют <15% провала даже по верхней оценке. Факт LB +0.0051372 ПРЕВЫШАЕТ верхнюю оценку чистого шума +0.00401 (128%), то есть перестройка сдвинула прогнозы систематически против ","conclusion:** ПРИЧИНА ПРОВАЛА НАЙДЕНА. Разложение тестового прогноза по точному пути (без допущений): глубина Var(dz)=0.00809 при старой доле SEQ 0.30 и 0.01819 при новой 0.45, усреднение 0.00128, веса 0.00175, итого 0.01323. Ось глубины в 6.3 раза больше усреднения и в 4.6 раза больше весов; усреднение и веса вместе объясняют <15% провала даже по верхней оценке. Факт LB +0.0051372 ПРЕВЫШАЕТ верхнюю оценку чистого шума +0.00401 (128%), то есть перестройка сдвинула прогнозы систематически против ","conclusion:** ПРИЧИНА ПРОВАЛА НАЙДЕНА. Разложение тестового прогноза по точному пути (без допущений): глубина Var(dz)=0.00809 при старой доле SEQ 0.30 и 0.01819 при новой 0.45, усреднение 0.00128, веса 0.00175, итого 0.01323. Ось глубины в 6.3 раза больше усреднения и в 4.6 раза больше весов; усреднение и веса вместе объясняют <15% провала даже по верхней оценке. Факт LB +0.0051372 ПРЕВЫШАЕТ верхнюю оценку чистого шума +0.00401 (128%), то есть перестройка сдвинула прогнозы систематически против ",See preserved experiment card and frozen implementation,None documented,Competition train.parquet and sample_submit.csv; additional artifacts are listed in the card,PARTIAL: exact parameters are preserved in the log row; model artifacts may be external/ignored,Run-level entry; a numbered experiment card may document the wider experiment family.,README.md
team_a_run__fresh_dist_mix,team_a_run,FRESH-DIST-MIX,Logged run — FRESH-DIST-MIX,logged run / arm,experiments/log.csv,working tree,cdf74c77108e3b731f9ecb4f4e8f7b198cbded66,src/train.py | src/predict.py | src/features.py | src/models.py,,Unknown / not recoverable from repository history,freshness/conditional features,"conclusion:** Все 13 поздних target-окон физически наблюдаемы, train вырос бы с 6,065,972 до 9,184,968 строк (+51.4%), но T>=2025-10-17 запрещены: 250k пользователей отобраны по гарантированной активности в 2025-11-16..2026-02-13. На 2026-01-14 P(any activity next30)=1.0 по конструкции; e08 уже дал около +0.054 RMSLE и bias +0.366 на clean holdout. По стоп-правилу обучение, late pseudo-validation на загрязнённых targets, test diagnostics и submission не выполнялись. Детали exp_028.","conclusion:** Все 13 поздних target-окон физически наблюдаемы, train вырос бы с 6,065,972 до 9,184,968 строк (+51.4%), но T>=2025-10-17 запрещены: 250k пользователей отобраны по гарантированной активности в 2025-11-16..2026-02-13. На 2026-01-14 P(any activity next30)=1.0 по конструкции; e08 уже дал около +0.054 RMSLE и bias +0.366 на clean holdout. По стоп-правилу обучение, late pseudo-validation на загрязнённых targets, test diagnostics и submission не выполнялись. Детали exp_028.",None documented,Seed from src/config.py unless the preserved card explicitly states otherwise,See preserved experiment card and frozen implementation,None documented,Competition train.parquet and sample_submit.csv; additional artifacts are listed in the card,PARTIAL: exact parameters are preserved in the log row; model artifacts may be external/ignored,Run-level entry; a numbered experiment card may document the wider experiment family.,README.md
team_a_run__seq_avail_aug,team_a_run,SEQ-AVAIL-AUG,Logged run — SEQ-AVAIL-AUG,logged run / arm,experiments/log.csv,working tree,cdf74c77108e3b731f9ecb4f4e8f7b198cbded66,src/train.py | src/predict.py | src/features.py | src/models.py,,"dilated TCN, sequence model","history-depth features, 227 tabular features",wcv:** Unknown / not recoverable from repository history,"conclusion:** OOD устранён, но gate провален. BASE/B/A25 RMSLE_cal 1.74808/1.74986/1.74913; AUC 0.84248/0.84123/0.84190. availprobe +0.00651 -> -0.00020/-0.00001, край availcurve стал плоским. Var(z_aug-z_base)=0.03236/0.03044 при seed-pair 0.02270; corr остатков 0.99471/0.99502. Cross-depth 212->289 (+77 дней): gain -0.00308 у BASE сжался до -0.00165/-0.00206, optimum 275 -> 261/254. Инвариантность куплена частичным игнорированием длинной истории. STOP: без 4 folds, 3 seeds, LOFO и LB-submit; p",None documented,"conclusion:** OOD устранён, но gate провален. BASE/B/A25 RMSLE_cal 1.74808/1.74986/1.74913; AUC 0.84248/0.84123/0.84190. availprobe +0.00651 -> -0.00020/-0.00001, край availcurve стал плоским. Var(z_aug-z_base)=0.03236/0.03044 при seed-pair 0.02270; corr остатков 0.99471/0.99502. Cross-depth 212->289 (+77 дней): gain -0.00308 у BASE сжался до -0.00165/-0.00206, optimum 275 -> 261/254. Инвариантность куплена частичным игнорированием длинной истории. STOP: без 4 folds, 3 seeds, LOFO и LB-submit; p",See preserved experiment card and frozen implementation,None documented,Competition train.parquet and sample_submit.csv; additional artifacts are listed in the card,PARTIAL: exact parameters are preserved in the log row; model artifacts may be external/ignored,Run-level entry; a numbered experiment card may document the wider experiment family.,README.md
team_a_run__seq_d3a,team_a_run,SEQ-D3A,Logged run — SEQ-D3A,logged run / arm,experiments/log.csv,working tree,cdf74c77108e3b731f9ecb4f4e8f7b198cbded66,src/train.py | src/predict.py | src/features.py | src/models.py,,"dilated TCN, sequence model",history-depth features,"description:** exp_030 SEQ-D3A: depth curriculum (случайная обрезка РЕАЛЬНЫХ дней), 4 фолда, seed 42","conclusion:** exp_030 EXP-030. Один флаг --depth-aug 0.5: с p=0.5 вход обрезается до D~U{90,120,150,180,220,254,289} РЕАЛЬНЫХ дней; вход curriculum побитово равен боевому --depth-clip D (тест). wCV 1.75361 -> 1.75284, ΔwCV -0.00077, но лучше только на 2 фолдах из 4: 09-04 +0.00013, 09-18 +0.00355, 10-02 -0.00129, 10-16 -0.00171. AUC(y>0) склеенного 0.84052 -> 0.84042 (плоско; +0.00083/+0.00047 на двух поздних, -0.00137 на 09-18). Var(z-z_BASE)=0.02776 = 3.90x пола сидов, corr остатков 0.9944..0.","conclusion:** exp_030 EXP-030. Один флаг --depth-aug 0.5: с p=0.5 вход обрезается до D~U{90,120,150,180,220,254,289} РЕАЛЬНЫХ дней; вход curriculum побитово равен боевому --depth-clip D (тест). wCV 1.75361 -> 1.75284, ΔwCV -0.00077, но лучше только на 2 фолдах из 4: 09-04 +0.00013, 09-18 +0.00355, 10-02 -0.00129, 10-16 -0.00171. AUC(y>0) склеенного 0.84052 -> 0.84042 (плоско; +0.00083/+0.00047 на двух поздних, -0.00137 на 09-18). Var(z-z_BASE)=0.02776 = 3.90x пола сидов, corr остатков 0.9944..0.","conclusion:** exp_030 EXP-030. Один флаг --depth-aug 0.5: с p=0.5 вход обрезается до D~U{90,120,150,180,220,254,289} РЕАЛЬНЫХ дней; вход curriculum побитово равен боевому --depth-clip D (тест). wCV 1.75361 -> 1.75284, ΔwCV -0.00077, но лучше только на 2 фолдах из 4: 09-04 +0.00013, 09-18 +0.00355, 10-02 -0.00129, 10-16 -0.00171. AUC(y>0) склеенного 0.84052 -> 0.84042 (плоско; +0.00083/+0.00047 на двух поздних, -0.00137 на 09-18). Var(z-z_BASE)=0.02776 = 3.90x пола сидов, corr остатков 0.9944..0.",See preserved experiment card and frozen implementation,None documented,Competition train.parquet and sample_submit.csv; additional artifacts are listed in the card,PARTIAL: exact parameters are preserved in the log row; model artifacts may be external/ignored,Run-level entry; a numbered experiment card may document the wider experiment family.,README.md
team_a_run__seq_d3a_s43,team_a_run,SEQ-D3A-S43,Logged run — SEQ-D3A-S43,logged run / arm,experiments/log.csv,working tree,cdf74c77108e3b731f9ecb4f4e8f7b198cbded66,src/train.py | src/predict.py | src/features.py | src/models.py,,"dilated TCN, sequence model, blend",history-depth features,"description:** exp_030b SEQ-D3A-S43: разделяющий замер провала фолда 09-18, seed 43, 1 фолд, BASE + D3A","conclusion:** exp_030b Разделяющий замер пункта 1 плана exp_030: фолд 2025-09-18, seed 43, BASE и D3A, всё остальное как в exp_030 (только --seed 43). ПРОВАЛ +0.00355 НЕ ВОСПРОИЗВЁЛСЯ: приём дал -0.00035 (BASE 1.76402 -> D3A 1.76367), ΔAUC -0.00137 -> -0.00007. Обе history-poor группы вернулись к нулю: 'никогда не покупал' +0.04677 (AUC -0.06367) -> -0.00115 (+0.01032); w180_days_buy 0-1 +0.02015 (-0.02466) -> +0.00024 (+0.00156). Целевые сегменты лучше на ОБОИХ сидах: rec_buy 15-60 -0.00050/-0.","conclusion:** exp_030b Разделяющий замер пункта 1 плана exp_030: фолд 2025-09-18, seed 43, BASE и D3A, всё остальное как в exp_030 (только --seed 43). ПРОВАЛ +0.00355 НЕ ВОСПРОИЗВЁЛСЯ: приём дал -0.00035 (BASE 1.76402 -> D3A 1.76367), ΔAUC -0.00137 -> -0.00007. Обе history-poor группы вернулись к нулю: 'никогда не покупал' +0.04677 (AUC -0.06367) -> -0.00115 (+0.01032); w180_days_buy 0-1 +0.02015 (-0.02466) -> +0.00024 (+0.00156). Целевые сегменты лучше на ОБОИХ сидах: rec_buy 15-60 -0.00050/-0.","conclusion:** exp_030b Разделяющий замер пункта 1 плана exp_030: фолд 2025-09-18, seed 43, BASE и D3A, всё остальное как в exp_030 (только --seed 43). ПРОВАЛ +0.00355 НЕ ВОСПРОИЗВЁЛСЯ: приём дал -0.00035 (BASE 1.76402 -> D3A 1.76367), ΔAUC -0.00137 -> -0.00007. Обе history-poor группы вернулись к нулю: 'никогда не покупал' +0.04677 (AUC -0.06367) -> -0.00115 (+0.01032); w180_days_buy 0-1 +0.02015 (-0.02466) -> +0.00024 (+0.00156). Целевые сегменты лучше на ОБОИХ сидах: rec_buy 15-60 -0.00050/-0.",See preserved experiment card and frozen implementation,"conclusion:** exp_030b Разделяющий замер пункта 1 плана exp_030: фолд 2025-09-18, seed 43, BASE и D3A, всё остальное как в exp_030 (только --seed 43). ПРОВАЛ +0.00355 НЕ ВОСПРОИЗВЁЛСЯ: приём дал -0.00035 (BASE 1.76402 -> D3A 1.76367), ΔAUC -0.00137 -> -0.00007. Обе history-poor группы вернулись к нулю: 'никогда не покупал' +0.04677 (AUC -0.06367) -> -0.00115 (+0.01032); w180_days_buy 0-1 +0.02015 (-0.02466) -> +0.00024 (+0.00156). Целевые сегменты лучше на ОБОИХ сидах: rec_buy 15-60 -0.00050/-0.",Competition train.parquet and sample_submit.csv; additional artifacts are listed in the card,PARTIAL: exact parameters are preserved in the log row; model artifacts may be external/ignored,Run-level entry; a numbered experiment card may document the wider experiment family.,README.md
team_a_run__seq_d3a_g1_s43,team_a_run,SEQ-D3A-G1-S43,Logged run — SEQ-D3A-G1-S43,logged run / arm,experiments/log.csv,working tree,cdf74c77108e3b731f9ecb4f4e8f7b198cbded66,src/train.py | src/predict.py | src/features.py | src/models.py,,"dilated TCN, sequence model",history-depth features,"description:** exp_030c SEQ-D3A на сиде 43: 4 фолда парно BASE/D3A, арендованная A10 #1, --compile",wcv:** 1.75048,None documented,"params:** {""arch"": ""dilated causal TCN"", ""blocks"": 8, ""hidden"": 64, ""kernel"": 3, ""dropout"": 0.1, ""batch"": 1024, ""lr"": 0.003, ""wd"": 0.01, ""epochs"": 4, ""precision"": ""bf16"", ""seq_len"": 365, ""channels"": 17, ""depth_aug"": 0.5, ""depth_grid"": [90, 120, 150, 180, 220, 254, 289], ""compile"": true, ""seed"": 43, ""base"": ""SEQ-D3A-G1-BASE-S43 (same machine, same regime)""}",See preserved experiment card and frozen implementation,None documented,Competition train.parquet and sample_submit.csv; additional artifacts are listed in the card,PARTIAL: exact parameters are preserved in the log row; model artifacts may be external/ignored,Run-level entry; a numbered experiment card may document the wider experiment family.,README.md
team_a_run__seq_d3a_g2_s44,team_a_run,SEQ-D3A-G2-S44,Logged run — SEQ-D3A-G2-S44,logged run / arm,experiments/log.csv,working tree,cdf74c77108e3b731f9ecb4f4e8f7b198cbded66,src/train.py | src/predict.py | src/features.py | src/models.py,,"dilated TCN, sequence model",history-depth features,"description:** exp_030c SEQ-D3A на сиде 44: 4 фолда парно BASE/D3A, арендованная A10 #2, --compile",wcv:** 1.75163,None documented,"params:** {""arch"": ""dilated causal TCN"", ""blocks"": 8, ""hidden"": 64, ""kernel"": 3, ""dropout"": 0.1, ""batch"": 1024, ""lr"": 0.003, ""wd"": 0.01, ""epochs"": 4, ""precision"": ""bf16"", ""seq_len"": 365, ""channels"": 17, ""depth_aug"": 0.5, ""depth_grid"": [90, 120, 150, 180, 220, 254, 289], ""compile"": true, ""seed"": 44, ""base"": ""SEQ-D3A-G2-BASE-S44 (same machine, same regime)""}",See preserved experiment card and frozen implementation,None documented,Competition train.parquet and sample_submit.csv; additional artifacts are listed in the card,PARTIAL: exact parameters are preserved in the log row; model artifacts may be external/ignored,Run-level entry; a numbered experiment card may document the wider experiment family.,README.md
team_a_run__seq_d3a_ms,team_a_run,SEQ-D3A-MS,Logged run — SEQ-D3A-MS,logged run / arm,experiments/log.csv,working tree,cdf74c77108e3b731f9ecb4f4e8f7b198cbded66,src/train.py | src/predict.py | src/features.py | src/models.py,,"dilated TCN, sequence model",history-depth features,"description:** exp_030c SEQ-D3A-MS: сводка 3 сида x 4 фолда, единица анализа - пофолдовая парная дельта","params:** {""arch"": ""dilated causal TCN"", ""blocks"": 8, ""hidden"": 64, ""kernel"": 3, ""dropout"": 0.1, ""batch"": 1024, ""lr"": 0.003, ""wd"": 0.01, ""epochs"": 4, ""precision"": ""bf16"", ""seq_len"": 365, ""channels"": 17, ""depth_aug"": 0.5, ""depth_grid"": [90, 120, 150, 180, 220, 254, 289], ""compile"": true, ""seeds"": [42, 43, 44], ""envs"": ""42 локально eager, 43/44 A10 compile"", ""note"": ""wCV между средами не усредняется, усредняются только дельты""}",None documented,"conclusion:** ΔwCV -0.00095 (sd 0.00016, se 0.00009) по 3 сидам; гейт >=3/4 включая 10-16 пройден (3/4); порог отправки -0.0020 не взят; sd(D3A)/sd(BASE) 11.4x только на 09-18",See preserved experiment card and frozen implementation,None documented,Competition train.parquet and sample_submit.csv; additional artifacts are listed in the card,PARTIAL: exact parameters are preserved in the log row; model artifacts may be external/ignored,Run-level entry; a numbered experiment card may document the wider experiment family.,README.md
team_a_run__s04_seq_fresh,team_a_run,S04-SEQ-FRESH,Logged run — S04-SEQ-FRESH,logged run / arm,experiments/log.csv,working tree,cdf74c77108e3b731f9ecb4f4e8f7b198cbded66,src/train.py | src/predict.py | src/features.py | src/models.py,,"dilated TCN, sequence model","freshness/conditional features, history-depth features","description:** exp_032 S04-SEQ: conditional intensity head на CLEAN+EXTRA поверх замороженного энкодера, 4 фолда x 3 сида головы, метрика на группе A","conclusion:** FRESH-CLEAN -0.00128 wCV(группа A) на 4/4 фолдах, 3/3 сида головы; контроль объёма -0.00008; отравление интенсива +0.006 (на 09-04 -0.124 = уровень модели, форма общая)",None documented,"conclusion:** FRESH-CLEAN -0.00128 wCV(группа A) на 4/4 фолдах, 3/3 сида головы; контроль объёма -0.00008; отравление интенсива +0.006 (на 09-04 -0.124 = уровень модели, форма общая)",See preserved experiment card and frozen implementation,"conclusion:** FRESH-CLEAN -0.00128 wCV(группа A) на 4/4 фолдах, 3/3 сида головы; контроль объёма -0.00008; отравление интенсива +0.006 (на 09-04 -0.124 = уровень модели, форма общая)",Competition train.parquet and sample_submit.csv; additional artifacts are listed in the card,PARTIAL: exact parameters are preserved in the log row; model artifacts may be external/ignored,Run-level entry; a numbered experiment card may document the wider experiment family.,README.md
team_a_run__s04_prod_fresh,team_a_run,S04-PROD-FRESH,Logged run — S04-PROD-FRESH,logged run / arm,experiments/log.csv,working tree,cdf74c77108e3b731f9ecb4f4e8f7b198cbded66,src/train.py | src/predict.py | src/features.py | src/models.py,,"dilated TCN, sequence model","freshness/conditional features, history-depth features, 227 tabular features","description:** exp_032b EXP-032B: боевой экстенсив 1-p0 из S1-DIST вместо переобученной головы P(y>0); тот же mu_FRESH из exp_032, 4 фолда x 3 сида головы, метрика на группе A",wcv:** 1.74514,None documented,"params:** {""P_prod"": ""S1-DIST 1-p0 (exp_014 \u043a\u043e\u043d\u0444\u0438\u0433, 250 \u0440\u0430\u0443\u043d\u0434\u043e\u0432)"", ""encoder"": ""SEQ-D3A-BASE-S42-V* \u0437\u0430\u043c\u043e\u0440\u043e\u0436\u0435\u043d"", ""extra_depth_clip"": 289, ""head_seeds"": [42, 43, 44], ""metric_group"": ""A (splitmix64 & 1 == 0)""}",See preserved experiment card and frozen implementation,None documented,Competition train.parquet and sample_submit.csv; additional artifacts are listed in the card,PARTIAL: exact parameters are preserved in the log row; model artifacts may be external/ignored,Run-level entry; a numbered experiment card may document the wider experiment family.,README.md
team_a_run__seq_avg3_clip_mix,team_a_run,SEQ-AVG3-CLIP-MIX,Logged run — SEQ-AVG3-CLIP-MIX,logged run / arm,experiments/log.csv,working tree,cdf74c77108e3b731f9ecb4f4e8f7b198cbded66,src/train.py | src/predict.py | src/features.py | src/models.py,,"sequence model, blend",history-depth features,"description:** exp_035 MIX9: смесь CAP/E02/DIST/SEQ-AVG3 = 0.10/0.20/0.25/0.45, тест при --depth-clip 289. Честный LOFO -0.00055 к отправленному SEQ-01-MIX (1.74834), 4/4 фолда включая 10-16. Альтернатива SEQ-D3A-AVG3 дала -0.00061 при sd разности 0.00027 - неразрешимо, взят SEQ-AVG3. Сабмит собран и проверен, НЕ отправлен.",conclusion:** полоса «в разработку» (-0.0020..-0.0005); при переносе 0.57 ожидание LB ~1.64986 = ~1.3 парной SE,"description:** exp_035 MIX9: смесь CAP/E02/DIST/SEQ-AVG3 = 0.10/0.20/0.25/0.45, тест при --depth-clip 289. Честный LOFO -0.00055 к отправленному SEQ-01-MIX (1.74834), 4/4 фолда включая 10-16. Альтернатива SEQ-D3A-AVG3 дала -0.00061 при sd разности 0.00027 - неразрешимо, взят SEQ-AVG3. Сабмит собран и проверен, НЕ отправлен.",Seed from src/config.py unless the preserved card explicitly states otherwise,See preserved experiment card and frozen implementation,None documented,Competition train.parquet and sample_submit.csv; additional artifacts are listed in the card,PARTIAL: exact parameters are preserved in the log row; model artifacts may be external/ignored,Run-level entry; a numbered experiment card may document the wider experiment family.,README.md
team_a_run__etx_01_s42,team_a_run,ETX-01-S42,Logged run — ETX-01-S42,logged run / arm,experiments/log.csv,working tree,cdf74c77108e3b731f9ecb4f4e8f7b198cbded66,src/train.py | src/predict.py | src/features.py | src/models.py,,"event Transformer / ETX, sequence model, calibration diagnostic","calendar features, history-depth features","description:** exp_036 ETX-01: sparse event transformer (токен = реальный день лога, <=192 события + query, causal SDPA, ALiBi в календарном времени); быстрый gate на фолде 2025-10-16, seed 42","conclusion:** exp_036 гейт STRATEGY_13 вариант B на фолде 2025-10-16, сид 42, 1,115,433 параметров. Калибр. RMSLE 1.74306 против 1.74637 у SEQ-D3A-S42 (Δ -0.00331) и 1.74808 у SEQ-D3A-BASE-S42 без depth-curriculum. AUC(y>0) 0.84360 (Δ +0.00065). Var(z-z_SEQ)=0.03286, Var(z-z_DIST_MIX)=0.02373, corr остатков с SEQ 0.99460, с DIST-MIX 0.99609. tau_h разошлись 1.0..4552.2 д. 116 мин, пик VRAM 4.12 ГБ, 2,901 примеров/с на RTX 4060 Ti.",None documented,"conclusion:** exp_036 гейт STRATEGY_13 вариант B на фолде 2025-10-16, сид 42, 1,115,433 параметров. Калибр. RMSLE 1.74306 против 1.74637 у SEQ-D3A-S42 (Δ -0.00331) и 1.74808 у SEQ-D3A-BASE-S42 без depth-curriculum. AUC(y>0) 0.84360 (Δ +0.00065). Var(z-z_SEQ)=0.03286, Var(z-z_DIST_MIX)=0.02373, corr остатков с SEQ 0.99460, с DIST-MIX 0.99609. tau_h разошлись 1.0..4552.2 д. 116 мин, пик VRAM 4.12 ГБ, 2,901 примеров/с на RTX 4060 Ti.",See preserved experiment card and frozen implementation,None documented,Competition train.parquet and sample_submit.csv; additional artifacts are listed in the card,PARTIAL: exact parameters are preserved in the log row; model artifacts may be external/ignored,Run-level entry; a numbered experiment card may document the wider experiment family.,README.md
team_a_run__etx_01_s42_4f,team_a_run,ETX-01-S42-4F,Logged run — ETX-01-S42-4F,logged run / arm,experiments/log.csv,working tree,cdf74c77108e3b731f9ecb4f4e8f7b198cbded66,src/train.py | src/predict.py | src/features.py | src/models.py,,"event Transformer / ETX, dilated TCN, sequence model",See preserved experiment card and implementation,"description:** exp_036 ETX-01 полная схема S1: sparse event transformer, 4 фолда, seed 42; + честный LOFO слота SEQ","conclusion:** exp_036 ПОЛНАЯ схема S1, 4 фолда, seed 42. wCV 1.74953 против 1.75284 у SEQ-D3A-S42 того же сида (ΔwCV -0.00331, 3/4 включая 10-16) и паритет с трёхсидовыми SEQ-D3A-AVG3 1.74941 / SEQ-AVG3 1.74963 ОДНОЙ моделью. Пофолдовые дельты к SEQ-D3A-S42: +0.00005 / -0.00463 / -0.00350 / -0.00331 — ранний фолд 09-04 ноль, что согласуется с механизмом (выигрыш ETX в ДЛИННОЙ истории: обрезка до 180д стоит +0.01259 против +0.00841 у TCN). ЧЕСТНЫЙ LOFO слота SEQ: как ЗАМЕНА -0.00035 на 2/4 (ГЕЙТ ",None documented,"conclusion:** exp_036 ПОЛНАЯ схема S1, 4 фолда, seed 42. wCV 1.74953 против 1.75284 у SEQ-D3A-S42 того же сида (ΔwCV -0.00331, 3/4 включая 10-16) и паритет с трёхсидовыми SEQ-D3A-AVG3 1.74941 / SEQ-AVG3 1.74963 ОДНОЙ моделью. Пофолдовые дельты к SEQ-D3A-S42: +0.00005 / -0.00463 / -0.00350 / -0.00331 — ранний фолд 09-04 ноль, что согласуется с механизмом (выигрыш ETX в ДЛИННОЙ истории: обрезка до 180д стоит +0.01259 против +0.00841 у TCN). ЧЕСТНЫЙ LOFO слота SEQ: как ЗАМЕНА -0.00035 на 2/4 (ГЕЙТ ",See preserved experiment card and frozen implementation,None documented,Competition train.parquet and sample_submit.csv; additional artifacts are listed in the card,PARTIAL: exact parameters are preserved in the log row; model artifacts may be external/ignored,Run-level entry; a numbered experiment card may document the wider experiment family.,README.md
team_a_run__etx_avg3,team_a_run,ETX-AVG3,Logged run — ETX-AVG3,logged run / arm,experiments/log.csv,working tree,cdf74c77108e3b731f9ecb4f4e8f7b198cbded66,src/train.py | src/predict.py | src/features.py | src/models.py,,"event Transformer / ETX, dilated TCN, sequence model",See preserved experiment card and implementation,"description:** exp_037 EXP-037: ETX-AVG3 = лог-среднее сидов 42/43/44 ETX-01, 4 фолда каждый; архитектура не менялась, отличие только --seed","params:** {""arch"": ""sparse event transformer (causal SDPA + time-ALiBi)"", ""seeds"": [42, 43, 44], ""batch"": 512, ""blocks"": 5, ""d_model"": 128, ""dropout"": 0.1, ""epochs"": 4, ""ffn"": 384, ""head_dim"": 16, ""heads"": 8, ""lr"": 0.0015, ""n_tok"": 192, ""params_n"": 1115433, ""precision"": ""bf16"", ""warmup"": 500, ""wd"": 0.01, ""wcv_per_seed"": [1.74953, 1.74935, 1.74943], ""seed_sd_wcv"": 9e-05, ""env"": ""сиды 43/44 A10 --compile, сид 42 локально eager""}",None documented,"conclusion:** exp_037 ЭТАП 1. ETX-AVG3 wCV 1.74861 — лучший одиночный sequence-член проекта (SEQ-D3A-AVG3 1.74941, SEQ-AVG3 1.74963, ETX-01-S42 1.74953). AUC(y>0) 0.84135 — НИЖЕ, чем у SEQ-AVG3 0.84159: ETX выигрывает величиной, не ранжированием. Сид-шум ETX по wCV sd=0.00009 (1.74953/1.74935/1.74943) против 0.00250 у TCN — на порядок стабильнее. Попарное расхождение сидов на OOF 0.0086..0.0097 (у TCN 0.008). УСРЕДНЕНИЕ СИДОВ НА OOF НИЧЕГО НЕ КУПИЛО В СМЕСИ: LOFO -0.00091 (1 сид) -> -0.00094 (2)",See preserved experiment card and frozen implementation,None documented,Competition train.parquet and sample_submit.csv; additional artifacts are listed in the card,PARTIAL: exact parameters are preserved in the log row; model artifacts may be external/ignored,Run-level entry; a numbered experiment card may document the wider experiment family.,README.md
team_a_run__strongest_current,team_a_run,STRONGEST-CURRENT,Logged run — STRONGEST-CURRENT,logged run / arm,experiments/log.csv,working tree,cdf74c77108e3b731f9ecb4f4e8f7b198cbded66,src/train.py | src/predict.py | src/features.py | src/models.py,,"sequence model, blend","history-depth features, 227 tabular features",cutoffs:** 4 фолда S1,"verdict:** ОТПРАВЛЕН, LB 1.6496571 — новый чемпион",None documented,Seed from src/config.py unless the preserved card explicitly states otherwise,See preserved experiment card and frozen implementation,None documented,Competition train.parquet and sample_submit.csv; additional artifacts are listed in the card,PARTIAL: exact parameters are preserved in the log row; model artifacts may be external/ignored,Run-level entry; a numbered experiment card may document the wider experiment family.,README.md
team_a_run__fnl_base_s42,team_a_run,FNL-BASE-S42,Logged run — FNL-BASE-S42,logged run / arm,experiments/log.csv,working tree,cdf74c77108e3b731f9ecb4f4e8f7b198cbded66,src/train.py | src/predict.py | src/features.py | src/models.py,,"dilated TCN, sequence model","funnel features, history-depth features","description:** EXP-038 FNL: future funnel supervision (Search/Cart) поверх SEQ-D3A, фолд 10-16, сид 42 | арка BASE, lambda 0.0",Unknown / not recoverable from repository history,None documented,"params:** {""arm"": ""BASE"", ""depth_aug"": 0.5, ""epochs"": 4, ""heads"": null, ""lam"": 0.0, ""loss"": ""MSE(z30)+lam*s_z*mean(L_m/s_m)"", ""s_z"": 5.4899, ""seed"": 42}",See preserved experiment card and frozen implementation,None documented,Competition train.parquet and sample_submit.csv; additional artifacts are listed in the card,PARTIAL: exact parameters are preserved in the log row; model artifacts may be external/ignored,Run-level entry; a numbered experiment card may document the wider experiment family.,README.md
team_a_run__fnl_funnel_l30_s42,team_a_run,FNL-FUNNEL-L30-S42,Logged run — FNL-FUNNEL-L30-S42,logged run / arm,experiments/log.csv,working tree,cdf74c77108e3b731f9ecb4f4e8f7b198cbded66,src/train.py | src/predict.py | src/features.py | src/models.py,,"dilated TCN, sequence model","funnel features, history-depth features","description:** EXP-038 FNL: future funnel supervision (Search/Cart) поверх SEQ-D3A, фолд 10-16, сид 42 | арка FUNNEL, lambda 0.3",Unknown / not recoverable from repository history,None documented,"params:** {""arm"": ""FUNNEL"", ""depth_aug"": 0.5, ""epochs"": 4, ""heads"": null, ""lam"": 0.3, ""loss"": ""MSE(z30)+lam*s_z*mean(L_m/s_m)"", ""s_z"": 5.4899, ""seed"": 42}",See preserved experiment card and frozen implementation,None documented,Competition train.parquet and sample_submit.csv; additional artifacts are listed in the card,PARTIAL: exact parameters are preserved in the log row; model artifacts may be external/ignored,Run-level entry; a numbered experiment card may document the wider experiment family.,README.md
team_a_run__fnl_buyctrl_l30_s42,team_a_run,FNL-BUYCTRL-L30-S42,Logged run — FNL-BUYCTRL-L30-S42,logged run / arm,experiments/log.csv,working tree,cdf74c77108e3b731f9ecb4f4e8f7b198cbded66,src/train.py | src/predict.py | src/features.py | src/models.py,,"dilated TCN, sequence model","funnel features, history-depth features","description:** EXP-038 FNL: future funnel supervision (Search/Cart) поверх SEQ-D3A, фолд 10-16, сид 42 | арка BUYCTRL, lambda 0.3",Unknown / not recoverable from repository history,None documented,"params:** {""arm"": ""BUYCTRL"", ""depth_aug"": 0.5, ""epochs"": 4, ""heads"": null, ""lam"": 0.3, ""loss"": ""MSE(z30)+lam*s_z*mean(L_m/s_m)"", ""s_z"": 5.4899, ""seed"": 42}",See preserved experiment card and frozen implementation,None documented,Competition train.parquet and sample_submit.csv; additional artifacts are listed in the card,PARTIAL: exact parameters are preserved in the log row; model artifacts may be external/ignored,Run-level entry; a numbered experiment card may document the wider experiment family.,README.md
team_a_run__fnl_cart_l30_s42,team_a_run,FNL-CART-L30-S42,Logged run — FNL-CART-L30-S42,logged run / arm,experiments/log.csv,working tree,cdf74c77108e3b731f9ecb4f4e8f7b198cbded66,src/train.py | src/predict.py | src/features.py | src/models.py,,"dilated TCN, sequence model","funnel features, history-depth features","description:** EXP-038 FNL: future funnel supervision (Search/Cart) поверх SEQ-D3A, фолд 10-16, сид 42 | арка CART, lambda 0.3",Unknown / not recoverable from repository history,None documented,"params:** {""arm"": ""CART"", ""depth_aug"": 0.5, ""epochs"": 4, ""heads"": null, ""lam"": 0.3, ""loss"": ""MSE(z30)+lam*s_z*mean(L_m/s_m)"", ""s_z"": 5.4899, ""seed"": 42}",See preserved experiment card and frozen implementation,None documented,Competition train.parquet and sample_submit.csv; additional artifacts are listed in the card,PARTIAL: exact parameters are preserved in the log row; model artifacts may be external/ignored,Run-level entry; a numbered experiment card may document the wider experiment family.,README.md
team_a_run__fnl_funnel_l10_s42,team_a_run,FNL-FUNNEL-L10-S42,Logged run — FNL-FUNNEL-L10-S42,logged run / arm,experiments/log.csv,working tree,cdf74c77108e3b731f9ecb4f4e8f7b198cbded66,src/train.py | src/predict.py | src/features.py | src/models.py,,"dilated TCN, sequence model","funnel features, history-depth features","description:** EXP-038 FNL: future funnel supervision (Search/Cart) поверх SEQ-D3A, фолд 10-16, сид 42 | арка FUNNEL, lambda 0.1",Unknown / not recoverable from repository history,None documented,"params:** {""arm"": ""FUNNEL"", ""depth_aug"": 0.5, ""epochs"": 4, ""heads"": null, ""lam"": 0.1, ""loss"": ""MSE(z30)+lam*s_z*mean(L_m/s_m)"", ""s_z"": 5.4899, ""seed"": 42}",See preserved experiment card and frozen implementation,None documented,Competition train.parquet and sample_submit.csv; additional artifacts are listed in the card,PARTIAL: exact parameters are preserved in the log row; model artifacts may be external/ignored,Run-level entry; a numbered experiment card may document the wider experiment family.,README.md
team_a_run__fnl_buyctrl_l10_s42,team_a_run,FNL-BUYCTRL-L10-S42,Logged run — FNL-BUYCTRL-L10-S42,logged run / arm,experiments/log.csv,working tree,cdf74c77108e3b731f9ecb4f4e8f7b198cbded66,src/train.py | src/predict.py | src/features.py | src/models.py,,"dilated TCN, sequence model","funnel features, history-depth features","description:** EXP-038 FNL: future funnel supervision (Search/Cart) поверх SEQ-D3A, фолд 10-16, сид 42 | арка BUYCTRL, lambda 0.1",Unknown / not recoverable from repository history,None documented,"params:** {""arm"": ""BUYCTRL"", ""depth_aug"": 0.5, ""epochs"": 4, ""heads"": null, ""lam"": 0.1, ""loss"": ""MSE(z30)+lam*s_z*mean(L_m/s_m)"", ""s_z"": 5.4899, ""seed"": 42}",See preserved experiment card and frozen implementation,None documented,Competition train.parquet and sample_submit.csv; additional artifacts are listed in the card,PARTIAL: exact parameters are preserved in the log row; model artifacts may be external/ignored,Run-level entry; a numbered experiment card may document the wider experiment family.,README.md
team_a_run__fnl_cart_l10_s42,team_a_run,FNL-CART-L10-S42,Logged run — FNL-CART-L10-S42,logged run / arm,experiments/log.csv,working tree,cdf74c77108e3b731f9ecb4f4e8f7b198cbded66,src/train.py | src/predict.py | src/features.py | src/models.py,,"dilated TCN, sequence model","funnel features, history-depth features","description:** EXP-038 FNL: future funnel supervision (Search/Cart) поверх SEQ-D3A, фолд 10-16, сид 42 | арка CART, lambda 0.1",Unknown / not recoverable from repository history,None documented,"params:** {""arm"": ""CART"", ""depth_aug"": 0.5, ""epochs"": 4, ""heads"": null, ""lam"": 0.1, ""loss"": ""MSE(z30)+lam*s_z*mean(L_m/s_m)"", ""s_z"": 5.4899, ""seed"": 42}",See preserved experiment card and frozen implementation,None documented,Competition train.parquet and sample_submit.csv; additional artifacts are listed in the card,PARTIAL: exact parameters are preserved in the log row; model artifacts may be external/ignored,Run-level entry; a numbered experiment card may document the wider experiment family.,README.md
team_a_run__fnl_baser2_s42,team_a_run,FNL-BASER2-S42,Logged run — FNL-BASER2-S42,logged run / arm,experiments/log.csv,working tree,cdf74c77108e3b731f9ecb4f4e8f7b198cbded66,src/train.py | src/predict.py | src/features.py | src/models.py,,"dilated TCN, sequence model","funnel features, history-depth features","description:** EXP-038 FNL: future funnel supervision (Search/Cart) поверх SEQ-D3A, фолд 10-16, сид 42 | арка BASE-R2, lambda 0.0",Unknown / not recoverable from repository history,None documented,verdict:** КОНТРОЛЬ ШУМА: повтор BASE тем же сидом; цена прогона 0.00033,See preserved experiment card and frozen implementation,None documented,Competition train.parquet and sample_submit.csv; additional artifacts are listed in the card,PARTIAL: exact parameters are preserved in the log row; model artifacts may be external/ignored,Run-level entry; a numbered experiment card may document the wider experiment family.,README.md
team_a_run__block4_saf,team_a_run,BLOCK4-SAF,Logged run — BLOCK4-SAF,logged run / arm,experiments/log.csv,working tree,cdf74c77108e3b731f9ecb4f4e8f7b198cbded66,src/train.py | src/predict.py | src/features.py | src/models.py,,Unknown / not recoverable from repository history,See preserved experiment card and implementation,wcv:** 1.74775,wcv:** 1.74775,None documented,"params:** {""L"": 180, ""alphas"": [0.25, 0.5, 0.75, 1.0, 1.25], ""bagging_fraction"": 0.8, ""base"": ""STRONGEST_CURRENT"", ""conditional_population"": ""opposite splitmix64 group from P_V"", ""feature_fraction"": 0.8, ""lambda_l2"": 10, ""learning_rate"": 0.03, ""max_bin"": 63, ""min_data_in_leaf"": 500, ""num_leaves"": 63, ""q_population"": ""active in previous 2 blocks; clean only"", ""rounds"": 200, ""seeds"": [42, 43, 44], ""winsor"": [0.005, 0.995]}",See preserved experiment card and frozen implementation,None documented,Competition train.parquet and sample_submit.csv; additional artifacts are listed in the card,PARTIAL: exact parameters are preserved in the log row; model artifacts may be external/ignored,Run-level entry; a numbered experiment card may document the wider experiment family.,README.md
team_a_run__fresh_contrast_moe,team_a_run,FRESH-CONTRAST-MOE,Logged run — FRESH-CONTRAST-MOE,logged run / arm,experiments/log.csv,working tree,cdf74c77108e3b731f9ecb4f4e8f7b198cbded66,src/train.py | src/predict.py | src/features.py | src/models.py,,dilated TCN,freshness/conditional features,"conclusion:** Nested LOFO FRESH -0.000225, 4/4; 10-16 -0.000253; selected GLOBAL alpha=1 on all folds. VOL +0.000008; FRESH-VOL -0.000233; A/B -0.000249/-0.000201; HIGH16 -0.000027 2/4. Validation gate failed; test inference and submission skipped. Details exp_040",wcv:** 1.74728,None documented,"params:** {""alphas"": [0.0, 0.25, 0.5, 0.75, 1.0], ""base"": ""STRONGEST_CURRENT"", ""contrasts"": [""FRESH"", ""VOL""], ""head_seed"": 42, ""preprocess"": ""donor-fold 0.5/99.5 winsor; gate; center"", ""split"": ""splitmix64(user_id)&1"", ""variants"": [""GLOBAL"", ""HIGH16""]}",See preserved experiment card and frozen implementation,None documented,Competition train.parquet and sample_submit.csv; additional artifacts are listed in the card,PARTIAL: exact parameters are preserved in the log row; model artifacts may be external/ignored,Run-level entry; a numbered experiment card may document the wider experiment family.,README.md
team_a_run__ridge15,team_a_run,RIDGE15,Logged run — RIDGE15,logged run / arm,experiments/log.csv,working tree,cdf74c77108e3b731f9ecb4f4e8f7b198cbded66,src/train.py | src/predict.py | src/features.py | src/models.py,,"sequence model, Ridge, blend",227 tabular features,"params:** {""diversity_var_unc_dist_strongest"": [0.06024684, 0.04869617, 0.04482285], ""features"": ""S1-E10"", ""lambda_grid"": [1e-05, 0.0001, 0.001, 0.01, 0.1, 1.0], ""lofo_lambda"": [0.001, 0.001, 0.001, 0.001], ""main_weights"": {""ETX-AVG3"": 0.225, ""RIDGE15"": 0.15, ""S1-DIST"": 0.25, ""S1-E02"": 0.05, ""S1-E03a"": 0.1, ""SEQ-AVG3"": 0.225}, ""ridge_target"": ""log1p(GMV30)"", ""standalone_auc"": 0.8405019199, ""standalone_wcv"": 1.7601138327}","params:** {""diversity_var_unc_dist_strongest"": [0.06024684, 0.04869617, 0.04482285], ""features"": ""S1-E10"", ""lambda_grid"": [1e-05, 0.0001, 0.001, 0.01, 0.1, 1.0], ""lofo_lambda"": [0.001, 0.001, 0.001, 0.001], ""main_weights"": {""ETX-AVG3"": 0.225, ""RIDGE15"": 0.15, ""S1-DIST"": 0.25, ""S1-E02"": 0.05, ""S1-E03a"": 0.1, ""SEQ-AVG3"": 0.225}, ""ridge_target"": ""log1p(GMV30)"", ""standalone_auc"": 0.8405019199, ""standalone_wcv"": 1.7601138327}",None documented,Seed from src/config.py unless the preserved card explicitly states otherwise,See preserved experiment card and frozen implementation,None documented,Competition train.parquet and sample_submit.csv; additional artifacts are listed in the card,PARTIAL: exact parameters are preserved in the log row; model artifacts may be external/ignored,Run-level entry; a numbered experiment card may document the wider experiment family.,README.md
team_a_run__zero2d_shrink,team_a_run,ZERO2D-SHRINK,Logged run — ZERO2D-SHRINK,logged run / arm,experiments/log.csv,working tree,cdf74c77108e3b731f9ecb4f4e8f7b198cbded66,src/train.py | src/predict.py | src/features.py | src/models.py,,Unknown / not recoverable from repository history,See preserved experiment card and implementation,wcv:** 1.747485,"conclusion:** Honest ZERO2D -0.000024756, 2/4, 10-16 -0.000029746, eta=1 all; AMOUNT-ONLY -0.000034321; shuffled-p0 -0.000026348; zero error worsened while positives improved. Explicit post-REJECT LB probe prepared: test regime PASS, Var ratio 1.0438, SHA256 9f1cf32671fb18291659b61da232244d370f7c9af2e0cf9d8aebf9eba406d461; local verdict remains REJECT. Details exp_042",None documented,"params:** {""amount_edges"": [1, 3, 10, 30, 50, 100], ""base"": ""STRONGEST_CURRENT"", ""eta_grid"": [0.25, 0.5, 0.75, 1.0], ""min_cell_rows"": 500, ""p0_bins"": 5, ""shrinkage"": 20000, ""shuffle_seed"": 42}",See preserved experiment card and frozen implementation,None documented,Competition train.parquet and sample_submit.csv; additional artifacts are listed in the card,PARTIAL: exact parameters are preserved in the log row; model artifacts may be external/ignored,Run-level entry; a numbered experiment card may document the wider experiment family.,README.md
team_a_run__fresh_cond_ft,team_a_run,FRESH-COND-FT,Logged run — FRESH-COND-FT,logged run / arm,experiments/log.csv,working tree,cdf74c77108e3b731f9ecb4f4e8f7b198cbded66,src/train.py | src/predict.py | src/features.py | src/models.py,,"dilated TCN, sequence model","freshness/conditional features, history-depth features",wcv:** Unknown / not recoverable from repository history,Unknown / not recoverable from repository history,None documented,"params:** {""baseline"": ""DETSEQ01 seeds 42/43/44"", ""depth_aug"": 0.0, ""direct_head"": ""frozen"", ""encoder_lr"": 3e-05, ""conditional_head_lr"": 0.001, ""lambda_cond"": 0.25, ""fine_tune_epochs"": 1, ""conditional_batch"": ""128 common + 128 added"", ""extra_depth_clip"": 289, ""deterministic"": true}",See preserved experiment card and frozen implementation,None documented,Competition train.parquet and sample_submit.csv; additional artifacts are listed in the card,PARTIAL: exact parameters are preserved in the log row; model artifacts may be external/ignored,Run-level entry; a numbered experiment card may document the wider experiment family.,README.md
team_a_run__buyctrl_det,team_a_run,BUYCTRL-DET,Logged run — BUYCTRL-DET,logged run / arm,experiments/log.csv,working tree,cdf74c77108e3b731f9ecb4f4e8f7b198cbded66,src/train.py | src/predict.py | src/features.py | src/models.py,,"dilated TCN, sequence model",history-depth features,wcv:** Unknown / not recoverable from repository history,"conclusion:** BUYTRUE-BUYSHUF mean +0.000436113, median +0.000219994, sd 0.000743770, better 1/3; BUYTRUE-BASE +0.000038615. Aux learns strongly (AUC 0.845890 vs 0.536505; BCE 0.469958 vs 0.668484), direct RMSLE does not transfer. Other folds/test/LB/submission skipped. Details exp_045",None documented,description:** exp_045 deterministic plain SEQ-01 with true buy30 BCE versus cutoff-wise shuffled-label control; seeds 42/43/44,See preserved experiment card and frozen implementation,None documented,Competition train.parquet and sample_submit.csv; additional artifacts are listed in the card,PARTIAL: exact parameters are preserved in the log row; model artifacts may be external/ignored,Run-level entry; a numbered experiment card may document the wider experiment family.,README.md
team_a_run__tbr_refresh,team_a_run,TBR-REFRESH,Logged run — TBR-REFRESH,logged run / arm,experiments/log.csv,working tree,cdf74c77108e3b731f9ecb4f4e8f7b198cbded66,src/train.py | src/predict.py | src/features.py | src/models.py,,"sequence model, blend",freshness/conditional features,wcv:** 1.747507416,wcv:** 1.747507416,None documented,"params:** {""components"": [""UNC"", ""CAP""], ""rounds"": [200, 250, 300, 600], ""primary_round"": 300, ""seeds"": [42, 43, 44], ""weights"": {""CAP"": 0.1, ""UNC"": 0.2, ""S1-DIST"": 0.25, ""ETX-AVG3"": 0.225, ""SEQ-AVG3"": 0.225}, ""replay"": ""bitwise"", ""early_stopping"": false}",See preserved experiment card and frozen implementation,None documented,Competition train.parquet and sample_submit.csv; additional artifacts are listed in the card,PARTIAL: exact parameters are preserved in the log row; model artifacts may be external/ignored,Run-level entry; a numbered experiment card may document the wider experiment family.,README.md
team_a_run__btyd_day_bgnbd_residual,team_a_run,BTYD-DAY-BGNBD-RESIDUAL,Logged run — BTYD-DAY-BGNBD-RESIDUAL,logged run / arm,experiments/log.csv,working tree,cdf74c77108e3b731f9ecb4f4e8f7b198cbded66,src/train.py | src/predict.py | src/features.py | src/models.py,,"BG/NBD, BTYD, blend",See preserved experiment card and implementation,wcv:** 1.747240678,wcv:** 1.747240678,None documented,"params:** {""origin"": ""2024-12-31"", ""event"": ""gmv>0 purchase day"", ""split"": ""splitmix64(user_id)&1"", ""horizon"": 30, ""count_cap"": 30, ""K"": 3.0, ""starts"": 3, ""blend_grid"": [0.0, 0.025, 0.05, 0.1, 0.15], ""seed"": 42}",See preserved experiment card and frozen implementation,None documented,Competition train.parquet and sample_submit.csv; additional artifacts are listed in the card,PARTIAL: exact parameters are preserved in the log row; model artifacts may be external/ignored,Run-level entry; a numbered experiment card may document the wider experiment family.,README.md
team_a_run__selmatch_exp048,team_a_run,SELMATCH_EXP048,Logged run — SELMATCH_EXP048,logged run / arm,experiments/log.csv,working tree,cdf74c77108e3b731f9ecb4f4e8f7b198cbded66,src/train.py | src/predict.py | src/features.py | src/models.py,,BTYD,freshness/conditional features,wcv:** 1.747509863,wcv:** 1.747509863,None documented,"params:** {""base"": ""STRONGEST_CURRENT"", ""eligible_folds"": [""2025-09-04"", ""2025-09-18"", ""2025-10-02""], ""match_variable"": ""future_blocks_active k=0/1/2/3"", ""reference_landmarks"": 16, ""bootstrap"": 500, ""shuffle"": 100, ""seed"": 42}",See preserved experiment card and frozen implementation,None documented,Competition train.parquet and sample_submit.csv; additional artifacts are listed in the card,PARTIAL: exact parameters are preserved in the log row; model artifacts may be external/ignored,Run-level entry; a numbered experiment card may document the wider experiment family.,README.md
team_a_run__selmatch_exp049,team_a_run,SELMATCH_EXP049,Logged run — SELMATCH_EXP049,logged run / arm,experiments/log.csv,working tree,cdf74c77108e3b731f9ecb4f4e8f7b198cbded66,src/train.py | src/predict.py | src/features.py | src/models.py,,BTYD,freshness/conditional features,"conclusion:** Corrected same-fold C delta -0.000551306, 3/3; A -0.000546668, 3/3; bootstrap P=1.0 with calibration refit; signal shuffle PASS. Selection-shuffle contradiction traced to mixed estimands. Validation PREFERRED, but exact BTYD/FRESH test artifacts and registered production recipe are absent; production audit FAIL, no submission. Details exp_049",wcv:** 1.740877030,None documented,"params:** {""base"": ""STRONGEST_CURRENT"", ""candidate"": ""BTYD05_FRESH1"", ""folds"": [""2025-09-04"", ""2025-09-18"", ""2025-10-02""], ""fold_weights"": [1, 2, 4], ""match"": ""k>0 renormalized reference"", ""bootstrap"": 500, ""signal_shuffle"": 200, ""selection_shuffle"": 100, ""seed"": 42}",See preserved experiment card and frozen implementation,None documented,Competition train.parquet and sample_submit.csv; additional artifacts are listed in the card,PARTIAL: exact parameters are preserved in the log row; model artifacts may be external/ignored,Run-level entry; a numbered experiment card may document the wider experiment family.,README.md
team_a_run__btyd05_prod,team_a_run,BTYD05-PROD,Logged run — BTYD05-PROD,logged run / arm,experiments/log.csv,working tree,cdf74c77108e3b731f9ecb4f4e8f7b198cbded66,src/train.py | src/predict.py | src/features.py | src/models.py,,"sequence model, BTYD","freshness/conditional features, 227 tabular features",wcv:** Unknown / not recoverable from repository history,Unknown / not recoverable from repository history,None documented,conclusion:** FRESH parity FAIL: exact SEQ-D3A-BASE seed-42 TEST encoder absent. Exact BTYD donor-0 MLE fails unchanged stability gates: NLL spread 1.624e-5>1e-6; log-param spread 1.1888>0.10; max gradient 0.002274>0.001. Fail-fast before scoring/support composition; no submission. Details exp_050,See preserved experiment card and frozen implementation,None documented,Competition train.parquet and sample_submit.csv; additional artifacts are listed in the card,PARTIAL: exact parameters are preserved in the log row; model artifacts may be external/ignored,Run-level entry; a numbered experiment card may document the wider experiment family.,README.md
team_a_run__btyd_stable,team_a_run,BTYD-STABLE,Logged run — BTYD-STABLE,logged run / arm,experiments/log.csv,working tree,cdf74c77108e3b731f9ecb4f4e8f7b198cbded66,src/train.py | src/predict.py | src/features.py | src/models.py,,"BG/NBD, BTYD",freshness/conditional features,wcv:** 1.747240681,wcv:** 1.747240681,conclusion:** Optimizer convergence blocker resolved without model/gate change. New nested LOFO -0.000269182 4/4; fixed 0.05 delta -0.000320983 4/4; residual alignment 4/4; OOF/test predictive stability and support PASS. submission_BTYD05.csv created; FRESH retraining stopped after one honest candidate. Details exp_051,"params:** {""candidate"": ""BTYD05"", ""cutoff"": ""2026-02-13"", ""split"": ""splitmix64(user_id)&1"", ""origin"": ""2024-12-31"", ""K"": 3.0, ""starts"": 3, ""weight"": 0.05, ""optimizer"": ""analytic-jac-lbfgsb-bfgs-v1"", ""seed"": 42}",See preserved experiment card and frozen implementation,None documented,Competition train.parquet and sample_submit.csv; additional artifacts are listed in the card,PARTIAL: exact parameters are preserved in the log row; model artifacts may be external/ignored,Run-level entry; a numbered experiment card may document the wider experiment family.,README.md
team_a_run__channel_shapley_split,team_a_run,CHANNEL-SHAPLEY-SPLIT,Logged run — CHANNEL-SHAPLEY-SPLIT,logged run / arm,experiments/log.csv,working tree,cdf74c77108e3b731f9ecb4f4e8f7b198cbded66,src/train.py | src/predict.py | src/features.py | src/models.py,,Unknown / not recoverable from repository history,"Search/Catalog decomposition, channel Shapley, 227 tabular features",wcv:** Unknown / not recoverable from repository history,Unknown / not recoverable from repository history,None documented,"params:** {""rounds"":300,""early_stopping"":false,""pilot_fold"":""2025-10-16"",""search_seed"":42,""catalog_seed"":43,""shuffle"":""train-cutoff x stable-z-decile"",""alpha_grid"":[0,0.25,0.5,1]}",See preserved experiment card and frozen implementation,None documented,Competition train.parquet and sample_submit.csv; additional artifacts are listed in the card,PARTIAL: exact parameters are preserved in the log row; model artifacts may be external/ignored,Run-level entry; a numbered experiment card may document the wider experiment family.,README.md
team_a_run__resdisc_053,team_a_run,RESDISC_053,Logged run — RESDISC_053,logged run / arm,experiments/log.csv,working tree,cdf74c77108e3b731f9ecb4f4e8f7b198cbded66,src/train.py | src/predict.py | src/features.py | src/models.py,,ensemble,See preserved experiment card and implementation,wcv:** 1.747509863,wcv:** 1.747509863,None documented,conclusion:** Exact artifact audit PASS. ETX-vs-SEQ oracle 0.020172 is below seed-null 0.031483 (semantic excess -0.011311). Winner AUC 0.526759 but bounded gate late delta only -0.000006419; residual donor scales 0/0 and delta ~0; full LOFO/test/LB/submission not run. Details exp_053,See preserved experiment card and frozen implementation,None documented,Competition train.parquet and sample_submit.csv; additional artifacts are listed in the card,PARTIAL: exact parameters are preserved in the log row; model artifacts may be external/ignored,Run-level entry; a numbered experiment card may document the wider experiment family.,README.md
team_a_run__burst_gap_etx,team_a_run,BURST-GAP-ETX,Logged run — BURST-GAP-ETX,logged run / arm,experiments/log.csv,working tree,cdf74c77108e3b731f9ecb4f4e8f7b198cbded66,src/train.py | src/predict.py | src/features.py | src/models.py,,Unknown / not recoverable from repository history,gap/burst features,wcv:** 1.747509863,wcv:** 1.747509863,None documented,"params:** {""rounds"":200,""num_leaves"":31,""min_data_in_leaf"":2000,""learning_rate"":0.03,""lambda_l2"":20,""max_bin"":63,""burst_threshold"":3,""episode_features"":12,""scales"":[0,0.25,0.5,1],""split"":""splitmix64(user_id)&1"",""seed"":42}",See preserved experiment card and frozen implementation,None documented,Competition train.parquet and sample_submit.csv; additional artifacts are listed in the card,PARTIAL: exact parameters are preserved in the log row; model artifacts may be external/ignored,Run-level entry; a numbered experiment card may document the wider experiment family.,README.md
team_a_run__landmark_memory_055,team_a_run,LANDMARK-MEMORY-055,Logged run — LANDMARK-MEMORY-055,logged run / arm,experiments/log.csv,working tree,cdf74c77108e3b731f9ecb4f4e8f7b198cbded66,src/train.py | src/predict.py | src/features.py | src/models.py,,Unknown / not recoverable from repository history,See preserved experiment card and implementation,wcv:** 1.747509863,wcv:** 1.747509863,None documented,"params:** {""rounds"":200,""num_leaves"":31,""min_data_in_leaf"":2000,""learning_rate"":0.03,""lambda_l2"":20,""max_bin"":63,""lags"":[30,45,60,75,90,105,120,135,150,165,180,195,210,225,240,255],""memory_summaries"":8,""scales"":[0,0.25,0.5,1],""shuffle"":""cutoff x lag x donor-only past30-GMV decile x side"",""split"":""splitmix64(user_id)&1"",""seed"":42}",See preserved experiment card and frozen implementation,None documented,Competition train.parquet and sample_submit.csv; additional artifacts are listed in the card,PARTIAL: exact parameters are preserved in the log row; model artifacts may be external/ignored,Run-level entry; a numbered experiment card may document the wider experiment family.,README.md
team_a_run__fingerprint_exp058,team_a_run,FINGERPRINT_EXP058,Logged run — FINGERPRINT_EXP058,logged run / arm,experiments/log.csv,working tree,cdf74c77108e3b731f9ecb4f4e8f7b198cbded66,src/train.py | src/predict.py | src/features.py | src/models.py,,Unknown / not recoverable from repository history,dataset/user fingerprint,wcv:** Unknown / not recoverable from repository history,"conclusion:** Integrity/BASE/marginal/test-metadata audits PASS. REAL-PERM standalone -0.000129771, but fixed UNC slot REAL-PERM +0.000071048 and REAL-STRONGEST -0.000022517; hash halves +0.0000688/+0.0000733 vs PERM; AUC +0.0001097; positive RMSLE worse. Full folds/test/LB not run. Details exp_058",None documented,"params:** {""base"":""historical UNC exact replay"",""rounds"":600,""seed"":42,""fingerprints_before"":30,""fingerprints_after"":15,""permutation"":""fixed user bijection within exact row-incidence signature"",""slot_weight"":0.20}",See preserved experiment card and frozen implementation,None documented,Competition train.parquet and sample_submit.csv; additional artifacts are listed in the card,PARTIAL: exact parameters are preserved in the log row; model artifacts may be external/ignored,Run-level entry; a numbered experiment card may document the wider experiment family.,README.md
team_a_run__late_ssl_exp056,team_a_run,LATE_SSL_EXP056,Logged run — LATE_SSL_EXP056,logged run / arm,experiments/log.csv,working tree,cdf74c77108e3b731f9ecb4f4e8f7b198cbded66,src/train.py | src/predict.py | src/features.py | src/models.py,,Unknown / not recoverable from repository history,history-depth features,wcv:** Unknown / not recoverable from repository history,Unknown / not recoverable from repository history,None documented,"params:** {""checkpoint"":""ETX-01-S42-V0904"",""n_tok"":192,""depth_cap"":212,""query_weekday"":""Thursday"",""batch"":512,""steps"":4094,""mask_rate"":0.15,""lambda_ssl"":0.25,""seed"":42,""deterministic"":true}",See preserved experiment card and frozen implementation,None documented,Competition train.parquet and sample_submit.csv; additional artifacts are listed in the card,PARTIAL: exact parameters are preserved in the log row; model artifacts may be external/ignored,Run-level entry; a numbered experiment card may document the wider experiment family.,README.md
team_a_run__state_reweight_exp057,team_a_run,STATE_REWEIGHT_EXP057,Logged run — STATE_REWEIGHT_EXP057,logged run / arm,experiments/log.csv,working tree,cdf74c77108e3b731f9ecb4f4e8f7b198cbded66,src/train.py | src/predict.py | src/features.py | src/models.py,,Unknown / not recoverable from repository history,See preserved experiment card and implementation,wcv:** Unknown / not recoverable from repository history,Unknown / not recoverable from repository history,None documented,"params:** {""base"":""historical S1-E02 exact replay"",""domain_features"":101,""domain_rounds"":200,""odds_clip"":[0.25,4.0],""user_total_cap"":""2x median"",""arms"":[""UNIFORM"",""SHUFFLED"",""STATE_MATCH""],""unc_rounds"":600,""slot_weight"":0.20,""seed"":42,""threads"":4}",See preserved experiment card and frozen implementation,None documented,Competition train.parquet and sample_submit.csv; additional artifacts are listed in the card,PARTIAL: exact parameters are preserved in the log row; model artifacts may be external/ignored,Run-level entry; a numbered experiment card may document the wider experiment family.,README.md
team_a_run__level_minus_006_exp060,team_a_run,LEVEL_MINUS_006_EXP060,Logged run — LEVEL_MINUS_006_EXP060,logged run / arm,experiments/log.csv,working tree,cdf74c77108e3b731f9ecb4f4e8f7b198cbded66,src/train.py | src/predict.py | src/features.py | src/models.py,,Unknown / not recoverable from repository history,See preserved experiment card and implementation,wcv:** Unknown / not recoverable from repository history,Unknown / not recoverable from repository history,None documented,Seed from src/config.py unless the preserved card explicitly states otherwise,See preserved experiment card and frozen implementation,description:** exp_060 fixed public production-level diagnostic: STRONGEST_CURRENT with the only change z - 0.06,Competition train.parquet and sample_submit.csv; additional artifacts are listed in the card,PARTIAL: exact parameters are preserved in the log row; model artifacts may be external/ignored,Run-level entry; a numbered experiment card may document the wider experiment family.,README.md
team_a_run__open_funnel_exp061,team_a_run,OPEN_FUNNEL_EXP061,Logged run — OPEN_FUNNEL_EXP061,logged run / arm,experiments/log.csv,working tree,cdf74c77108e3b731f9ecb4f4e8f7b198cbded66,src/train.py | src/predict.py | src/features.py | src/models.py,,Unknown / not recoverable from repository history,funnel features,conclusion:** Leakage/alignment/shuffle audits PASS; raw residual corr up to |0.0223| but REAL SHUFFLED and CONTROL_ONLY all selected scale 0 on every fold and both halves. Delta wCV 0; late 0; REAL-SHUFFLED 0. Full model/test/LB/submission not run. Details exp_061,conclusion:** Leakage/alignment/shuffle audits PASS; raw residual corr up to |0.0223| but REAL SHUFFLED and CONTROL_ONLY all selected scale 0 on every fold and both halves. Delta wCV 0; late 0; REAL-SHUFFLED 0. Full model/test/LB/submission not run. Details exp_061,None documented,"params:** {""base"":""STRONGEST_CURRENT"",""new_features"":14,""rounds"":120,""num_leaves"":15,""min_data_in_leaf"":1000,""lambda_l2"":50,""scales"":[0,0.25,0.5,0.75,1],""shuffle"":""joint within 392-396 baseline-state strata"",""split"":""splitmix64(user_id) 4-way + two-sided scale"",""seed"":42}",See preserved experiment card and frozen implementation,None documented,Competition train.parquet and sample_submit.csv; additional artifacts are listed in the card,PARTIAL: exact parameters are preserved in the log row; model artifacts may be external/ignored,Run-level entry; a numbered experiment card may document the wider experiment family.,README.md
team_a_run__platform_detrend_exp062,team_a_run,PLATFORM_DETREND_EXP062,Logged run — PLATFORM_DETREND_EXP062,logged run / arm,experiments/log.csv,working tree,cdf74c77108e3b731f9ecb4f4e8f7b198cbded66,src/train.py | src/predict.py | src/features.py | src/models.py,,Unknown / not recoverable from repository history,See preserved experiment card and implementation,conclusion:** Leakage/current-panel/alignment/factor-marginal audits PASS; placebo changes 95.56% date alignments with marginal max diff <=1.4e-15. REAL PLACEBO CONTROL all select scale 0 on every fold and both user halves; Delta wCV=0; REAL-PLACEBO=0. Full model/test/LB not run. Details exp_062,conclusion:** Leakage/current-panel/alignment/factor-marginal audits PASS; placebo changes 95.56% date alignments with marginal max diff <=1.4e-15. REAL PLACEBO CONTROL all select scale 0 on every fold and both user halves; Delta wCV=0; REAL-PLACEBO=0. Full model/test/LB not run. Details exp_062,None documented,"params:** {""base"":""STRONGEST_CURRENT"",""new_features"":10,""controls"":11,""rounds"":120,""num_leaves"":15,""min_data_in_leaf"":1000,""lambda_l2"":50,""scales"":[0,0.25,0.5,0.75,1],""placebo"":""joint daily factors shuffled within fixed 28-day blocks"",""split"":""splitmix64(user_id) 4-way + two-sided scale"",""seed"":42,""threads"":4}",See preserved experiment card and frozen implementation,None documented,Competition train.parquet and sample_submit.csv; additional artifacts are listed in the card,PARTIAL: exact parameters are preserved in the log row; model artifacts may be external/ignored,Run-level entry; a numbered experiment card may document the wider experiment family.,README.md
team_a_run__occurrence_revisit_exp063,team_a_run,OCCURRENCE_REVISIT_EXP063,Logged run — OCCURRENCE_REVISIT_EXP063,logged run / arm,experiments/log.csv,working tree,cdf74c77108e3b731f9ecb4f4e8f7b198cbded66,src/train.py | src/predict.py | src/features.py | src/models.py,,Unknown / not recoverable from repository history,"occurrence features, 227 tabular features",wcv:** 1.747520360,wcv:** 1.747520360,None documented,Seed from src/config.py unless the preserved card explicitly states otherwise,See preserved experiment card and frozen implementation,None documented,Competition train.parquet and sample_submit.csv; additional artifacts are listed in the card,PARTIAL: exact parameters are preserved in the log row; model artifacts may be external/ignored,Run-level entry; a numbered experiment card may document the wider experiment family.,README.md
team_a_run__event_order_exp064,team_a_run,EVENT_ORDER_EXP064,Logged run — EVENT_ORDER_EXP064,logged run / arm,experiments/log.csv,working tree,cdf74c77108e3b731f9ecb4f4e8f7b198cbded66,src/train.py | src/predict.py | src/features.py | src/models.py,,Unknown / not recoverable from repository history,See preserved experiment card and implementation,conclusion:** Cutoff/alignment/finiteness/state-multiset tests and exact transition-count parity PASS; shuffle changes 97.62-97.77% feature rows. REAL SHUFFLED CONTROL all select scale 0 on all folds and both halves; Delta wCV=0. Full model/test/LB not run. Details exp_064,conclusion:** Cutoff/alignment/finiteness/state-multiset tests and exact transition-count parity PASS; shuffle changes 97.62-97.77% feature rows. REAL SHUFFLED CONTROL all select scale 0 on all folds and both halves; Delta wCV=0. Full model/test/LB not run. Details exp_064,None documented,"params:** {""base"":""STRONGEST_CURRENT"",""new_features"":15,""controls"":11,""rounds"":120,""num_leaves"":15,""min_data_in_leaf"":1000,""lambda_l2"":50,""scales"":[0,0.25,0.5,0.75,1],""placebo"":""complete 3-bit daily state permuted within user over fixed dates"",""split"":""splitmix64(user_id) 4-way + two-sided scale"",""seed"":42,""threads"":4}",See preserved experiment card and frozen implementation,None documented,Competition train.parquet and sample_submit.csv; additional artifacts are listed in the card,PARTIAL: exact parameters are preserved in the log row; model artifacts may be external/ignored,Run-level entry; a numbered experiment card may document the wider experiment family.,README.md
team_a_run__final_integration_exp065,team_a_run,FINAL_INTEGRATION_EXP065,Logged run — FINAL_INTEGRATION_EXP065,logged run / arm,experiments/log.csv,working tree,cdf74c77108e3b731f9ecb4f4e8f7b198cbded66,src/train.py | src/predict.py | src/features.py | src/models.py,,"BTYD, blend",See preserved experiment card and implementation,wcv:** 1.747509862,"params:** {""candidate_A"":""exact exp_037"",""candidate_B"":""exp_051 BTYD05 hedge"",""level"":2.3293,""training"":""NONE"",""leaderboard_upload"":false}",None documented,Seed from src/config.py unless the preserved card explicitly states otherwise,See preserved experiment card and frozen implementation,None documented,Competition train.parquet and sample_submit.csv; additional artifacts are listed in the card,PARTIAL: exact parameters are preserved in the log row; model artifacts may be external/ignored,Run-level entry; a numbered experiment card may document the wider experiment family.,README.md
team_a_run__latest_delta_compat_exp066,team_a_run,LATEST_DELTA_COMPAT_EXP066,Logged run — LATEST_DELTA_COMPAT_EXP066,logged run / arm,experiments/log.csv,working tree,cdf74c77108e3b731f9ecb4f4e8f7b198cbded66,src/train.py | src/predict.py | src/features.py | src/models.py,,BTYD,freshness/conditional features,wcv:** Unknown / not recoverable from repository history,Unknown / not recoverable from repository history,None documented,Seed from src/config.py unless the preserved card explicitly states otherwise,See preserved experiment card and frozen implementation,None documented,Competition train.parquet and sample_submit.csv; additional artifacts are listed in the card,PARTIAL: exact parameters are preserved in the log row; model artifacts may be external/ignored,Run-level entry; a numbered experiment card may document the wider experiment family.,README.md
team_a_run__authoritative_latest_exp067,team_a_run,AUTHORITATIVE_LATEST_EXP067,Logged run — AUTHORITATIVE_LATEST_EXP067,logged run / arm,experiments/log.csv,working tree,cdf74c77108e3b731f9ecb4f4e8f7b198cbded66,src/train.py | src/predict.py | src/features.py | src/models.py,,blend,See preserved experiment card and implementation,wcv:** Unknown / not recoverable from repository history,"conclusion:** TEST reconstruction PASS max log error 8.88e-16; source SHA 7ef5b2c5...e722, rebuilt SHA a9dc2dab...a1. LB 1.6492175622 is EXTERNALLY_REPORTED only; CAP_LINEAGE UNKNOWN; canonical OOF missing for B/X3, so latest is not CV/LOFO/private-safe anchor. Details exp_067",None documented,Seed from src/config.py unless the preserved card explicitly states otherwise,See preserved experiment card and frozen implementation,None documented,Competition train.parquet and sample_submit.csv; additional artifacts are listed in the card,PARTIAL: exact parameters are preserved in the log row; model artifacts may be external/ignored,Run-level entry; a numbered experiment card may document the wider experiment family.,README.md
team_a_run__recency_ridge_pred_exp068,team_a_run,RECENCY_RIDGE_PRED_EXP068,Logged run — RECENCY_RIDGE_PRED_EXP068,logged run / arm,experiments/log.csv,working tree,cdf74c77108e3b731f9ecb4f4e8f7b198cbded66,src/train.py | src/predict.py | src/features.py | src/models.py,,"Ridge, two-part / hurdle",recency,wcv:** Unknown / not recoverable from repository history,Unknown / not recoverable from repository history,None documented,Seed from src/config.py unless the preserved card explicitly states otherwise,See preserved experiment card and frozen implementation,None documented,Competition train.parquet and sample_submit.csv; additional artifacts are listed in the card,PARTIAL: exact parameters are preserved in the log row; model artifacts may be external/ignored,Run-level entry; a numbered experiment card may document the wider experiment family.,README.md
team_b_b2__exp_001_baseline_lgbm50,team_b_b2,exp_001_baseline_lgbm50,exp_001 — baseline LightGBM 50 features,git-history experiment card,git:88dc69163b1f:experiments/exp_001_baseline_lgbm50.md,88dc69163b1f39aaac55ddfbfc9986e2203cfbdf,30a276391f860890b6236058e0cfc76b9b503d83,src/__init__.py | src/config.py | src/ensemble.py | src/features.py | src/predict.py | src/train.py | src/validation.py,,LightGBM,window aggregates,"Реализован baseline-пайплайн: 50 признаков из `PLAN.md`, 2-fold out-of-time validation, LightGBM и 3 сабмита.","CV mean: `1.717017` (лучший на момент: `exp_001`, `1.717017`).","Реализован baseline-пайплайн: 50 признаков из `PLAN.md`, 2-fold out-of-time validation, LightGBM и 3 сабмита.","LightGBM: `objective=regression`, `learning_rate=0.05`, `num_leaves=63`, `feature_fraction=0.8`, `bagging_fraction=0.8`, `bagging_freq=1`, `min_data_in_leaf=100`, `lambda_l2=1.0`, `seed=42`. Cutoff: fold1 train `2025-12-15`, val `2026-01-14`; fold2 train `2025-11-15`, val `2025-12-15`; target window 30 дней; train target = `log1p(y)`, prediction = `expm1`, clip below zero.",See preserved experiment card and frozen implementation,None documented,Competition train.parquet and sample_submit.csv; additional artifacts are listed in the card,FULL from the frozen commit when the card contains a command; PARTIAL when the card explicitly says the experimental code was rolled back,Frozen implementation is copied from the commit that introduced this card.,README.md
team_b_b2__exp_002_sply,team_b_b2,exp_002_sply,exp_002 — G1 SPLY,git-history experiment card,git:88dc69163b1f:experiments/exp_002_sply.md,88dc69163b1f39aaac55ddfbfc9986e2203cfbdf,30a276391f860890b6236058e0cfc76b9b503d83,src/__init__.py | src/config.py | src/ensemble.py | src/features.py | src/predict.py | src/train.py | src/validation.py,,LightGBM,calendar features,"CV по фолдам: fold1 `1.690596`, fold2 `1.743426`, fold3 `1.732506`","CV mean: `1.717011` (лучший на момент: exp_001, `1.717017`)",None documented,"LightGBM baseline, параметры из `src/train.py`, folds 1–2 для решения, fold3 справочно, seed из `src/config.py`.",See preserved experiment card and frozen implementation,None documented,Competition train.parquet and sample_submit.csv; additional artifacts are listed in the card,FULL from the frozen commit when the card contains a command; PARTIAL when the card explicitly says the experimental code was rolled back,Frozen implementation is copied from the commit that introduced this card.,README.md
team_b_b2__exp_003_calendar,team_b_b2,exp_003_calendar,exp_003 — G2 calendar cutoff features,git-history experiment card,git:88dc69163b1f:experiments/exp_003_calendar.md,88dc69163b1f39aaac55ddfbfc9986e2203cfbdf,30a276391f860890b6236058e0cfc76b9b503d83,src/__init__.py | src/config.py | src/ensemble.py | src/features.py | src/predict.py | src/train.py | src/validation.py,,LightGBM,"holiday/YoY features, calendar features","CV по фолдам: fold1 `1.690608`, fold2 `1.743426`, fold3 `1.732506`","CV mean: `1.717017` (лучший на момент: exp_001, `1.717017`)",None documented,"LightGBM baseline, параметры из `src/train.py`, folds 1–2 для решения, fold3 справочно, seed из `src/config.py`.",See preserved experiment card and frozen implementation,None documented,Competition train.parquet and sample_submit.csv; additional artifacts are listed in the card,FULL from the frozen commit when the card contains a command; PARTIAL when the card explicitly says the experimental code was rolled back,Frozen implementation is copied from the commit that introduced this card.,README.md
team_b_b2__exp_004_ewm,team_b_b2,exp_004_ewm,exp_004 — G3 EWM aggregates,git-history experiment card,git:88dc69163b1f:experiments/exp_004_ewm.md,88dc69163b1f39aaac55ddfbfc9986e2203cfbdf,30a276391f860890b6236058e0cfc76b9b503d83,src/__init__.py | src/config.py | src/ensemble.py | src/features.py | src/predict.py | src/train.py | src/validation.py,,LightGBM,EWM aggregates,"CV по фолдам: fold1 `1.689885`, fold2 `1.743566`, fold3 `1.732749`","CV mean: `1.716725` (лучший на момент: exp_001, `1.717017`)",None documented,"LightGBM baseline, параметры из `src/train.py`, folds 1–2 для решения, fold3 справочно, seed из `src/config.py`.",See preserved experiment card and frozen implementation,None documented,Competition train.parquet and sample_submit.csv; additional artifacts are listed in the card,FULL from the frozen commit when the card contains a command; PARTIAL when the card explicitly says the experimental code was rolled back,Frozen implementation is copied from the commit that introduced this card.,README.md
team_b_b2__exp_005_multicutoff,team_b_b2,exp_005_multicutoff,exp_005 — G4 multi-cutoff training 8x14d,git-history experiment card,git:88dc69163b1f:experiments/exp_005_multicutoff.md,88dc69163b1f39aaac55ddfbfc9986e2203cfbdf,30a276391f860890b6236058e0cfc76b9b503d83,src/__init__.py | src/config.py | src/ensemble.py | src/features.py | src/predict.py | src/train.py | src/validation.py,,LightGBM,See preserved experiment card and implementation,"Учить LightGBM не на одном cutoff, а на сетке из 8 cutoff'ов с шагом 14 дней, объединённых в один train. Последний обучающий cutoff равен прежнему train cutoff фолда, поэтому target последнего train окна заканчивается не позже val cutoff.","CV mean: `1.717040` (лучший на момент: exp_001, `1.717017`)",None documented,"LightGBM baseline, параметры из `src/train.py`, 8 cutoff'ов с шагом 14 дней, folds 1–2 для решения, fold3 справочно, seed из `src/config.py`.",See preserved experiment card and frozen implementation,None documented,Competition train.parquet and sample_submit.csv; additional artifacts are listed in the card,FULL from the frozen commit when the card contains a command; PARTIAL when the card explicitly says the experimental code was rolled back,Frozen implementation is copied from the commit that introduced this card.,README.md
team_b_b2__exp_006_hurdle,team_b_b2,exp_006_hurdle,exp_006 — G6 hurdle,git-history experiment card,git:88dc69163b1f:experiments/exp_006_hurdle.md,88dc69163b1f39aaac55ddfbfc9986e2203cfbdf,30a276391f860890b6236058e0cfc76b9b503d83,src/__init__.py | src/config.py | src/ensemble.py | src/features.py | src/predict.py | src/train.py | src/validation.py,,"LightGBM, two-part / hurdle",See preserved experiment card and implementation,"CV по фолдам: fold1 `2.055990`, fold2 `2.035534`, fold3 `1.965917`","CV mean: `2.045762` (лучший на момент: exp_001, `1.717017`)",None documented,"LightGBM classifier + LightGBM regressor, параметры из `src/train.py`, folds 1–2 для решения, fold3 справочно, seed из `src/config.py`.",See preserved experiment card and frozen implementation,None documented,Competition train.parquet and sample_submit.csv; additional artifacts are listed in the card,FULL from the frozen commit when the card contains a command; PARTIAL when the card explicitly says the experimental code was rolled back,Frozen implementation is copied from the commit that introduced this card.,README.md
team_b_b2__exp_007_tweedie,team_b_b2,exp_007_tweedie,exp_007 — G7 tweedie raw target loss,git-history experiment card,git:88dc69163b1f:experiments/exp_007_tweedie.md,88dc69163b1f39aaac55ddfbfc9986e2203cfbdf,30a276391f860890b6236058e0cfc76b9b503d83,src/__init__.py | src/config.py | src/ensemble.py | src/features.py | src/predict.py | src/train.py | src/validation.py,,LightGBM,See preserved experiment card and implementation,"CV по фолдам: fold1 `2.394555`, fold2 `2.388086`, fold3 `2.331039`","CV mean: `2.391320` (лучший на момент: exp_001, `1.717017`)",None documented,"LightGBM Tweedie, `tweedie_variance_power=1.5`, folds 1–2 для решения, fold3 справочно, seed из `src/config.py`.",See preserved experiment card and frozen implementation,None documented,Competition train.parquet and sample_submit.csv; additional artifacts are listed in the card,FULL from the frozen commit when the card contains a command; PARTIAL when the card explicitly says the experimental code was rolled back,Frozen implementation is copied from the commit that introduced this card.,README.md
team_b_b2__exp_008_huber,team_b_b2,exp_008_huber,exp_008 — G7 huber log target loss,git-history experiment card,git:88dc69163b1f:experiments/exp_008_huber.md,88dc69163b1f39aaac55ddfbfc9986e2203cfbdf,30a276391f860890b6236058e0cfc76b9b503d83,src/__init__.py | src/config.py | src/ensemble.py | src/features.py | src/predict.py | src/train.py | src/validation.py,,LightGBM,See preserved experiment card and implementation,"CV по фолдам: fold1 `1.703652`, fold2 `1.761199`, fold3 `1.758791`","CV mean: `1.732425` (лучший на момент: exp_001, `1.717017`)",None documented,"LightGBM Huber, `alpha=0.9`, folds 1–2 для решения, fold3 справочно, seed из `src/config.py`.",See preserved experiment card and frozen implementation,None documented,Competition train.parquet and sample_submit.csv; additional artifacts are listed in the card,FULL from the frozen commit when the card contains a command; PARTIAL when the card explicitly says the experimental code was rolled back,Frozen implementation is copied from the commit that introduced this card.,README.md
team_b_b2__exp_009_search_catalog,team_b_b2,exp_009_search_catalog,exp_009 — G8 search/catalog split features,git-history experiment card,git:88dc69163b1f:experiments/exp_009_search_catalog.md,88dc69163b1f39aaac55ddfbfc9986e2203cfbdf,30a276391f860890b6236058e0cfc76b9b503d83,src/__init__.py | src/config.py | src/ensemble.py | src/features.py | src/predict.py | src/train.py | src/validation.py,,LightGBM,Search/Catalog decomposition,"CV по фолдам: fold1 `1.690353`, fold2 `1.743251`, fold3 `1.732910`","CV mean: `1.716802` (лучший на момент: exp_001, `1.717017`)",None documented,"LightGBM baseline, параметры из `src/train.py`, folds 1–2 для решения, fold3 справочно, seed из `src/config.py`.",See preserved experiment card and frozen implementation,None documented,Competition train.parquet and sample_submit.csv; additional artifacts are listed in the card,FULL from the frozen commit when the card contains a command; PARTIAL when the card explicitly says the experimental code was rolled back,Frozen implementation is copied from the commit that introduced this card.,README.md
team_b_b2__exp_010_aov_intensity,team_b_b2,exp_010_aov_intensity,exp_010 — G9 AOV and intensity features,git-history experiment card,git:88dc69163b1f:experiments/exp_010_aov_intensity.md,88dc69163b1f39aaac55ddfbfc9986e2203cfbdf,30a276391f860890b6236058e0cfc76b9b503d83,src/__init__.py | src/config.py | src/ensemble.py | src/features.py | src/predict.py | src/train.py | src/validation.py,,LightGBM,See preserved experiment card and implementation,"CV по фолдам: fold1 `1.690339`, fold2 `1.743583`, fold3 `1.732744`","CV mean: `1.716961` (лучший на момент: exp_001, `1.717017`)",None documented,"LightGBM baseline, параметры из `src/train.py`, folds 1–2 для решения, fold3 справочно, seed из `src/config.py`.",See preserved experiment card and frozen implementation,None documented,Competition train.parquet and sample_submit.csv; additional artifacts are listed in the card,FULL from the frozen commit when the card contains a command; PARTIAL when the card explicitly says the experimental code was rolled back,Frozen implementation is copied from the commit that introduced this card.,README.md
team_b_b2__exp_011_trends,team_b_b2,exp_011_trends,exp_011 — G10 simple trend ratios,git-history experiment card,git:88dc69163b1f:experiments/exp_011_trends.md,88dc69163b1f39aaac55ddfbfc9986e2203cfbdf,30a276391f860890b6236058e0cfc76b9b503d83,src/__init__.py | src/config.py | src/ensemble.py | src/features.py | src/predict.py | src/train.py | src/validation.py,,LightGBM,See preserved experiment card and implementation,"CV по фолдам: fold1 `1.690822`, fold2 `1.743369`, fold3 `1.732566`","CV mean: `1.717095` (лучший на момент: exp_001, `1.717017`)",None documented,"LightGBM baseline, параметры из `src/train.py`, folds 1–2 для решения, fold3 справочно, seed из `src/config.py`.",See preserved experiment card and frozen implementation,None documented,Competition train.parquet and sample_submit.csv; additional artifacts are listed in the card,FULL from the frozen commit when the card contains a command; PARTIAL when the card explicitly says the experimental code was rolled back,Frozen implementation is copied from the commit that introduced this card.,README.md
team_b_b2__exp_012_clip_target,team_b_b2,exp_012_clip_target,exp_012 — G11 clipped train target p999,git-history experiment card,git:88dc69163b1f:experiments/exp_012_clip_target.md,88dc69163b1f39aaac55ddfbfc9986e2203cfbdf,30a276391f860890b6236058e0cfc76b9b503d83,src/__init__.py | src/config.py | src/ensemble.py | src/features.py | src/predict.py | src/train.py | src/validation.py,,LightGBM,See preserved experiment card and implementation,"Учить модель на таргете, клипнутом по 99.9 перцентилю train-фолда, чтобы уменьшить влияние китов. Предсказания при этом не клипуются сверх обычного `clip(min=0)`.","CV mean: `1.716910` (лучший на момент: exp_001, `1.717017`)",None documented,"LightGBM baseline, target clip по train q0.999, folds 1–2 для решения, fold3 справочно, seed из `src/config.py`.",See preserved experiment card and frozen implementation,None documented,Competition train.parquet and sample_submit.csv; additional artifacts are listed in the card,FULL from the frozen commit when the card contains a command; PARTIAL when the card explicitly says the experimental code was rolled back,Frozen implementation is copied from the commit that introduced this card.,README.md
team_b_b2__exp_013_seed_bagging,team_b_b2,exp_013_seed_bagging,exp_013 — G12 seed bagging,git-history experiment card,git:88dc69163b1f:experiments/exp_013_seed_bagging.md,88dc69163b1f39aaac55ddfbfc9986e2203cfbdf,30a276391f860890b6236058e0cfc76b9b503d83,src/__init__.py | src/config.py | src/ensemble.py | src/features.py | src/predict.py | src/train.py | src/validation.py,,LightGBM,See preserved experiment card and implementation,"CV по фолдам: fold1 `1.689997`, fold2 `1.742736`, fold3 `1.731774`","CV mean: `1.716366` (лучший на момент: exp_001, `1.717017`)",None documented,"LightGBM baseline, 5 сидов, log-average, folds 1–2 для решения, fold3 справочно, seed из `src/config.py` плюс соседние seed для bagging.",See preserved experiment card and frozen implementation,None documented,Competition train.parquet and sample_submit.csv; additional artifacts are listed in the card,FULL from the frozen commit when the card contains a command; PARTIAL when the card explicitly says the experimental code was rolled back,Frozen implementation is copied from the commit that introduced this card.,README.md
team_b_b2__exp_014_second_lgbm_blend,team_b_b2,exp_014_second_lgbm_blend,exp_014 — G13 second LGBM log blend,git-history experiment card,git:88dc69163b1f:experiments/exp_014_second_lgbm_blend.md,88dc69163b1f39aaac55ddfbfc9986e2203cfbdf,30a276391f860890b6236058e0cfc76b9b503d83,src/__init__.py | src/config.py | src/ensemble.py | src/features.py | src/predict.py | src/train.py | src/validation.py,,"LightGBM, blend",See preserved experiment card and implementation,"CV по фолдам: fold1 `1.690181`, fold2 `1.742846`, fold3 `1.731949`","CV mean: `1.716513` (лучший на момент: exp_001, `1.717017`)",None documented,"Baseline LightGBM + second LightGBM (`num_leaves=31`, `feature_fraction=0.6`), log-space blend, folds 1–2 для решения, fold3 справочно, seed из `src/config.py`.",See preserved experiment card and frozen implementation,"Baseline LightGBM + second LightGBM (`num_leaves=31`, `feature_fraction=0.6`), log-space blend, folds 1–2 для решения, fold3 справочно, seed из `src/config.py`.",Competition train.parquet and sample_submit.csv; additional artifacts are listed in the card,FULL from the frozen commit when the card contains a command; PARTIAL when the card explicitly says the experimental code was rolled back,Frozen implementation is copied from the commit that introduced this card.,README.md
team_b_b2__exp_015_calibration_shift,team_b_b2,exp_015_calibration_shift,exp_015 — G14 fixed calibration log shift,git-history experiment card,git:88dc69163b1f:experiments/exp_015_calibration_shift.md,88dc69163b1f39aaac55ddfbfc9986e2203cfbdf,30a276391f860890b6236058e0cfc76b9b503d83,src/__init__.py | src/config.py | src/ensemble.py | src/features.py | src/predict.py | src/train.py | src/validation.py,,"LightGBM, calibration diagnostic",See preserved experiment card and implementation,"В `predict_gmv` добавлен фиксированный `CALIBRATION_DELTA = -0.17`; признаки, параметры модели и validation cutoffs не менялись.","CV mean: `1.708737` (лучший до этого: exp_001, `1.717017`)","Локально accept по fold1–2: улучшение mean `0.008279`, оба основных фолда лучше baseline. После LB-пробы submit-калибровка rejected: local +`0.008` → LB −`0.009`. Причина: нетрансферабельность глобального `δ` через сезонность. Новое правило: глобальные калибровочные константы подбираются per-fold; в сабмит константа идёт только если её знак и порядок подтверждены на фолде, имитирующем конфигурацию сабмита (сейчас fold2), иначе сабмит без калибровки.","LightGBM baseline, `CALIBRATION_DELTA = -0.17`, folds 1–2 для решения, fold3 справочно, seed из `src/config.py`.",See preserved experiment card and frozen implementation,None documented,Competition train.parquet and sample_submit.csv; additional artifacts are listed in the card,FULL from the frozen commit when the card contains a command; PARTIAL when the card explicitly says the experimental code was rolled back,Frozen implementation is copied from the commit that introduced this card.,README.md
team_b_b2__exp_016_num_leaves31,team_b_b2,exp_016_num_leaves31,exp_016 — G15 num_leaves 31,git-history experiment card,git:88dc69163b1f:experiments/exp_016_num_leaves31.md,88dc69163b1f39aaac55ddfbfc9986e2203cfbdf,427abcc36b2e94a1c58345458f90df36c122f2a4,src/__init__.py | src/config.py | src/ensemble.py | src/features.py | src/predict.py | src/temporal_ensemble.py | src/train.py | src/validation.py,,LightGBM,See preserved experiment card and implementation,Уменьшить `num_leaves` с 63 до 31 при accepted calibration delta `-0.17`. Более простые деревья могут лучше обобщать на сезонно нестабильных фолдах.,"CV mean: `1.708734` (лучший на момент: exp_015, `1.708737`)",None documented,"LightGBM, `num_leaves=31`, `CALIBRATION_DELTA=-0.17`, folds 1–2 для решения, fold3 справочно, seed из `src/config.py`.",See preserved experiment card and frozen implementation,None documented,Competition train.parquet and sample_submit.csv; additional artifacts are listed in the card,PARTIAL: card metrics survive; runnable source uses a documented later branch-head fallback,Frozen implementation is copied from the commit that introduced this card. The card-introduction commit contained syntactically incomplete WIP source; the frozen implementation uses the nearest surviving branch-head version for: src/train.py. Exact provenance is in implementation/SOURCE_PROVENANCE.json.,README.md
team_b_b2__exp_017_min_leaf50,team_b_b2,exp_017_min_leaf50,exp_017 — G15 min_data_in_leaf 50,git-history experiment card,git:88dc69163b1f:experiments/exp_017_min_leaf50.md,88dc69163b1f39aaac55ddfbfc9986e2203cfbdf,427abcc36b2e94a1c58345458f90df36c122f2a4,src/__init__.py | src/config.py | src/ensemble.py | src/features.py | src/predict.py | src/temporal_ensemble.py | src/train.py | src/validation.py,,LightGBM,See preserved experiment card and implementation,"CV по фолдам: fold1 `1.675182`, fold2 `1.742082`, fold3 `1.746053`","CV mean: `1.708632` (лучший на момент: exp_015, `1.708737`)",None documented,"LightGBM, `min_data_in_leaf=50`, `CALIBRATION_DELTA=-0.17`, folds 1–2 для решения, fold3 справочно, seed из `src/config.py`.",See preserved experiment card and frozen implementation,None documented,Competition train.parquet and sample_submit.csv; additional artifacts are listed in the card,PARTIAL: card metrics survive; runnable source uses a documented later branch-head fallback,Frozen implementation is copied from the commit that introduced this card. The card-introduction commit contained syntactically incomplete WIP source; the frozen implementation uses the nearest surviving branch-head version for: src/train.py. Exact provenance is in implementation/SOURCE_PROVENANCE.json.,README.md
team_b_b2__exp_018_min_leaf300,team_b_b2,exp_018_min_leaf300,exp_018 — G15 min_data_in_leaf 300,git-history experiment card,git:88dc69163b1f:experiments/exp_018_min_leaf300.md,88dc69163b1f39aaac55ddfbfc9986e2203cfbdf,427abcc36b2e94a1c58345458f90df36c122f2a4,src/__init__.py | src/config.py | src/ensemble.py | src/features.py | src/predict.py | src/temporal_ensemble.py | src/train.py | src/validation.py,,LightGBM,See preserved experiment card and implementation,"CV по фолдам: fold1 `1.675569`, fold2 `1.741998`, fold3 `1.745498`","CV mean: `1.708783` (лучший на момент: exp_015, `1.708737`)",None documented,"LightGBM, `min_data_in_leaf=300`, `CALIBRATION_DELTA=-0.17`, folds 1–2 для решения, fold3 справочно, seed из `src/config.py`.",See preserved experiment card and frozen implementation,None documented,Competition train.parquet and sample_submit.csv; additional artifacts are listed in the card,PARTIAL: card metrics survive; runnable source uses a documented later branch-head fallback,Frozen implementation is copied from the commit that introduced this card. The card-introduction commit contained syntactically incomplete WIP source; the frozen implementation uses the nearest surviving branch-head version for: src/train.py. Exact provenance is in implementation/SOURCE_PROVENANCE.json.,README.md
team_b_b2__exp_019_num_leaves127,team_b_b2,exp_019_num_leaves127,exp_019 — G15 num_leaves 127,git-history experiment card,git:88dc69163b1f:experiments/exp_019_num_leaves127.md,88dc69163b1f39aaac55ddfbfc9986e2203cfbdf,427abcc36b2e94a1c58345458f90df36c122f2a4,src/__init__.py | src/config.py | src/ensemble.py | src/features.py | src/predict.py | src/temporal_ensemble.py | src/train.py | src/validation.py,,LightGBM,See preserved experiment card and implementation,"CV по фолдам: fold1 `1.676099`, fold2 `1.742363`, fold3 `1.746190`","CV mean: `1.709231` (лучший на момент: exp_015, `1.708737`)",None documented,"LightGBM, `num_leaves=127`, `CALIBRATION_DELTA=-0.17`, folds 1–2 для решения, fold3 справочно, seed из `src/config.py`.",See preserved experiment card and frozen implementation,None documented,Competition train.parquet and sample_submit.csv; additional artifacts are listed in the card,PARTIAL: card metrics survive; runnable source uses a documented later branch-head fallback,Frozen implementation is copied from the commit that introduced this card. The card-introduction commit contained syntactically incomplete WIP source; the frozen implementation uses the nearest surviving branch-head version for: src/train.py. Exact provenance is in implementation/SOURCE_PROVENANCE.json.,README.md
team_b_b2__exp_020_lr003,team_b_b2,exp_020_lr003,exp_020 — G15 learning_rate 0.03,git-history experiment card,git:88dc69163b1f:experiments/exp_020_lr003.md,88dc69163b1f39aaac55ddfbfc9986e2203cfbdf,427abcc36b2e94a1c58345458f90df36c122f2a4,src/__init__.py | src/config.py | src/ensemble.py | src/features.py | src/predict.py | src/temporal_ensemble.py | src/train.py | src/validation.py,,LightGBM,See preserved experiment card and implementation,"CV по фолдам: fold1 `1.675434`, fold2 `1.741833`, fold3 `1.745412`","CV mean: `1.708634` (лучший на момент: exp_015, `1.708737`)",None documented,"LightGBM, `learning_rate=0.03`, `CALIBRATION_DELTA=-0.17`, folds 1–2 для решения, fold3 справочно, seed из `src/config.py`.",See preserved experiment card and frozen implementation,None documented,Competition train.parquet and sample_submit.csv; additional artifacts are listed in the card,PARTIAL: card metrics survive; runnable source uses a documented later branch-head fallback,Frozen implementation is copied from the commit that introduced this card. The card-introduction commit contained syntactically incomplete WIP source; the frozen implementation uses the nearest surviving branch-head version for: src/train.py. Exact provenance is in implementation/SOURCE_PROVENANCE.json.,README.md
team_b_b2__exp_021_g15_combo,team_b_b2,exp_021_g15_combo,exp_021 — G15 lr003 leaves31 minleaf50,git-history experiment card,git:88dc69163b1f:experiments/exp_021_g15_combo.md,88dc69163b1f39aaac55ddfbfc9986e2203cfbdf,427abcc36b2e94a1c58345458f90df36c122f2a4,src/__init__.py | src/config.py | src/ensemble.py | src/features.py | src/predict.py | src/temporal_ensemble.py | src/train.py | src/validation.py,,LightGBM,See preserved experiment card and implementation,"CV по фолдам: fold1 `1.674992`, fold2 `1.741626`, fold3 `1.745317`","CV mean: `1.708309` (лучший на момент: exp_015, `1.708737`)",None documented,"LightGBM, `learning_rate=0.03`, `num_leaves=31`, `min_data_in_leaf=50`, `CALIBRATION_DELTA=-0.17`, folds 1–2 для решения, fold3 справочно, seed из `src/config.py`.",See preserved experiment card and frozen implementation,None documented,Competition train.parquet and sample_submit.csv; additional artifacts are listed in the card,PARTIAL: card metrics survive; runnable source uses a documented later branch-head fallback,Frozen implementation is copied from the commit that introduced this card. The card-introduction commit contained syntactically incomplete WIP source; the frozen implementation uses the nearest surviving branch-head version for: src/train.py. Exact provenance is in implementation/SOURCE_PROVENANCE.json.,README.md
team_b_b2__exp_022_classifier_feature,team_b_b2,exp_022_classifier_feature,exp_022 — G6 classifier probability feature boosting,git-history experiment card,git:88dc69163b1f:experiments/exp_022_classifier_feature.md,88dc69163b1f39aaac55ddfbfc9986e2203cfbdf,427abcc36b2e94a1c58345458f90df36c122f2a4,src/__init__.py | src/config.py | src/ensemble.py | src/features.py | src/predict.py | src/temporal_ensemble.py | src/train.py | src/validation.py,,LightGBM,See preserved experiment card and implementation,"CV по фолдам: fold1 `1.677786`, fold2 `1.745313`, fold3 `1.749852`","CV mean: `1.711550` (лучший на момент: exp_015, `1.708737`)",None documented,"LightGBM classifier + baseline LightGBM regressor, `CALIBRATION_DELTA=-0.17`, folds 1–2 для решения, fold3 справочно, seed из `src/config.py`.",See preserved experiment card and frozen implementation,None documented,Competition train.parquet and sample_submit.csv; additional artifacts are listed in the card,PARTIAL: card metrics survive; runnable source uses a documented later branch-head fallback,Frozen implementation is copied from the commit that introduced this card. The card-introduction commit contained syntactically incomplete WIP source; the frozen implementation uses the nearest surviving branch-head version for: src/train.py. Exact provenance is in implementation/SOURCE_PROVENANCE.json.,README.md
team_b_b2__exp_023_catboost_blend,team_b_b2,exp_023_catboost_blend,exp_023 — G13 CatBoost blend diagnostic,git-history experiment card,git:88dc69163b1f:experiments/exp_023_catboost_blend.md,88dc69163b1f39aaac55ddfbfc9986e2203cfbdf,427abcc36b2e94a1c58345458f90df36c122f2a4,src/__init__.py | src/config.py | src/ensemble.py | src/features.py | src/predict.py | src/temporal_ensemble.py | src/train.py | src/validation.py,,"LightGBM, CatBoost, blend",history-depth features,"CV по фолдам для best blend: fold1 `1.674957`, fold2 `1.740600`, fold3 не прогоняли","CV mean: `1.707779` (лучший на момент: exp_015, `1.708737`)",None documented,"CatBoostRegressor `depth=6`, `learning_rate=0.05`, `iterations=2000`, early stopping 200; LightGBM exp_015; folds 1–2, seed из `src/config.py`.",See preserved experiment card and frozen implementation,None documented,Competition train.parquet and sample_submit.csv; additional artifacts are listed in the card,PARTIAL: card metrics survive; runnable source uses a documented later branch-head fallback,Frozen implementation is copied from the commit that introduced this card. The card-introduction commit contained syntactically incomplete WIP source; the frozen implementation uses the nearest surviving branch-head version for: src/train.py. Exact provenance is in implementation/SOURCE_PROVENANCE.json.,README.md
team_b_b2__exp_024_post_g14_diagnostics,team_b_b2,exp_024_post_g14_diagnostics,exp_024 — post-G14 extra diagnostics,git-history experiment card,git:88dc69163b1f:experiments/exp_024_post_g14_diagnostics.md,88dc69163b1f39aaac55ddfbfc9986e2203cfbdf,427abcc36b2e94a1c58345458f90df36c122f2a4,src/__init__.py | src/config.py | src/ensemble.py | src/features.py | src/predict.py | src/temporal_ensemble.py | src/train.py | src/validation.py,,"LightGBM, XGBoost, blend",history-depth features,Unknown / not recoverable from repository history,Unknown / not recoverable from repository history,None documented,"Accepted LightGBM exp_015; XGBoost `max_depth=6`, `learning_rate=0.05`, `n_estimators=2000`, hist tree method; folds 1–2, seed из `src/config.py`.",See preserved experiment card and frozen implementation,None documented,Competition train.parquet and sample_submit.csv; additional artifacts are listed in the card,PARTIAL: card metrics survive; runnable source uses a documented later branch-head fallback,Frozen implementation is copied from the commit that introduced this card. The card-introduction commit contained syntactically incomplete WIP source; the frozen implementation uses the nearest surviving branch-head version for: src/train.py. Exact provenance is in implementation/SOURCE_PROVENANCE.json.,README.md
team_b_b2__exp_025_funnel,team_b_b2,exp_025_funnel,exp_025 — backlog funnel conversion features,git-history experiment card,git:88dc69163b1f:experiments/exp_025_funnel.md,88dc69163b1f39aaac55ddfbfc9986e2203cfbdf,427abcc36b2e94a1c58345458f90df36c122f2a4,src/__init__.py | src/config.py | src/ensemble.py | src/features.py | src/predict.py | src/temporal_ensemble.py | src/train.py | src/validation.py,,LightGBM,funnel features,"CV по фолдам: fold1 `1.675062`, fold2 `1.742066`, fold3 `1.745565`","CV mean: `1.708564` (лучший на момент: exp_015, `1.708737`)",None documented,"LightGBM exp_015, `CALIBRATION_DELTA=-0.17`, новые `funnel_*` признаки, folds 1–2 для решения, fold3 справочно, seed из `src/config.py`.",See preserved experiment card and frozen implementation,None documented,Competition train.parquet and sample_submit.csv; additional artifacts are listed in the card,PARTIAL: card metrics survive; runnable source uses a documented later branch-head fallback,Frozen implementation is copied from the commit that introduced this card. The card-introduction commit contained syntactically incomplete WIP source; the frozen implementation uses the nearest surviving branch-head version for: src/train.py. Exact provenance is in implementation/SOURCE_PROVENANCE.json.,README.md
team_b_b2__exp_026_activity_trend,team_b_b2,exp_026_activity_trend,exp_026 — backlog activity trend last7/prev7,git-history experiment card,git:88dc69163b1f:experiments/exp_026_activity_trend.md,88dc69163b1f39aaac55ddfbfc9986e2203cfbdf,427abcc36b2e94a1c58345458f90df36c122f2a4,src/__init__.py | src/config.py | src/ensemble.py | src/features.py | src/predict.py | src/temporal_ensemble.py | src/train.py | src/validation.py,,LightGBM,See preserved experiment card and implementation,"CV по фолдам: fold1 `1.675181`, fold2 `1.741882`, fold3 `1.745876`","CV mean: `1.708532` (лучший на момент: exp_015, `1.708737`)",None documented,"LightGBM exp_015, `CALIBRATION_DELTA=-0.17`, новые `act_*` признаки, folds 1–2 для решения, fold3 справочно, seed из `src/config.py`.",See preserved experiment card and frozen implementation,None documented,Competition train.parquet and sample_submit.csv; additional artifacts are listed in the card,PARTIAL: card metrics survive; runnable source uses a documented later branch-head fallback,Frozen implementation is copied from the commit that introduced this card. The card-introduction commit contained syntactically incomplete WIP source; the frozen implementation uses the nearest surviving branch-head version for: src/train.py. Exact provenance is in implementation/SOURCE_PROVENANCE.json.,README.md
team_b_b2__exp_028_hurdle_log_threshold,team_b_b2,exp_028_hurdle_log_threshold,exp_028 — G6 log-space hurdle with threshold,git-history experiment card,git:88dc69163b1f:experiments/exp_028_hurdle_log_threshold.md,88dc69163b1f39aaac55ddfbfc9986e2203cfbdf,427abcc36b2e94a1c58345458f90df36c122f2a4,src/__init__.py | src/config.py | src/ensemble.py | src/features.py | src/predict.py | src/temporal_ensemble.py | src/train.py | src/validation.py,,"LightGBM, two-part / hurdle",See preserved experiment card and implementation,"CV по фолдам с единым порогом `0.08`: fold1 `1.689540`, fold2 `1.742963`, fold3 `1.732212`","CV mean: `1.716251` (baseline exp_001 `1.717017`, локальный exp_015 `1.708737`)",None documented,"LightGBM classifier + LightGBM positive-regressor, baseline 50 features, folds 1–2 для решения, fold3 справочно, threshold grid `0.00..0.80` step `0.01`, seed из `src/config.py`.",See preserved experiment card and frozen implementation,# exp_028 — G6 log-space hurdle with threshold,Competition train.parquet and sample_submit.csv; additional artifacts are listed in the card,PARTIAL: card metrics survive; runnable source uses a documented later branch-head fallback,Frozen implementation is copied from the commit that introduced this card. The card-introduction commit contained syntactically incomplete WIP source; the frozen implementation uses the nearest surviving branch-head version for: src/train.py. Exact provenance is in implementation/SOURCE_PROVENANCE.json.,README.md
team_b_b2__exp_029_variance_predictability_hurdle,team_b_b2,exp_029_variance_predictability_hurdle,exp_029 — variance predictability for hurdle,git-history experiment card,git:88dc69163b1f:experiments/exp_029_variance_predictability_hurdle.md,88dc69163b1f39aaac55ddfbfc9986e2203cfbdf,427abcc36b2e94a1c58345458f90df36c122f2a4,src/__init__.py | src/config.py | src/ensemble.py | src/features.py | src/predict.py | src/temporal_ensemble.py | src/train.py | src/validation.py,,"LightGBM, two-part / hurdle",gap/burst features,"CV по фолдам с лучшим общим порогом `0.06`: fold1 `1.689357`, fold2 `1.742964`, fold3 `1.732228`","CV mean: `1.716161` (exp_028 `1.716251`, baseline exp_001 `1.717017`, локальный exp_015 `1.708737`)",None documented,"LightGBM classifier + LightGBM positive-regressor, baseline 50 features + `var_predictability`, folds 1–2 для решения, fold3 справочно, threshold grid `0.00..0.80` step `0.01`, seed из `src/config.py`.",See preserved experiment card and frozen implementation,None documented,Competition train.parquet and sample_submit.csv; additional artifacts are listed in the card,PARTIAL: card metrics survive; runnable source uses a documented later branch-head fallback,Frozen implementation is copied from the commit that introduced this card. The card-introduction commit contained syntactically incomplete WIP source; the frozen implementation uses the nearest surviving branch-head version for: src/train.py. Exact provenance is in implementation/SOURCE_PROVENANCE.json.,README.md
team_b_b2__exp_030_submit_season_yoy_coefficient,team_b_b2,exp_030_submit_season_yoy_coefficient,exp_030 — submit seasonality coefficient diagnostic,git-history experiment card,git:88dc69163b1f:experiments/exp_030_submit_season_yoy_coefficient.md,88dc69163b1f39aaac55ddfbfc9986e2203cfbdf,427abcc36b2e94a1c58345458f90df36c122f2a4,src/__init__.py | src/config.py | src/ensemble.py | src/features.py | src/predict.py | src/temporal_ensemble.py | src/train.py | src/validation.py,,"two-part / hurdle, calibration diagnostic",227 tabular features,"Для боевого окна `2026-02-14..2026-03-15` нельзя использовать отрицательную калибровку, подобранную на январской валидации. Можно оценить сезонный множитель по прошлому году: отношение GMV окна `2025-02-14..2025-03-15` к GMV окна `2025-01-14..2025-02-12`, потому что submit-модель учится на label-окне `2026-01-14..2026-02-12`, а предсказывает `2026-02-14..2026-03-15`.",Unknown / not recoverable from repository history,None documented,Seed from src/config.py unless the preserved card explicitly states otherwise,See preserved experiment card and frozen implementation,None documented,Competition train.parquet and sample_submit.csv; additional artifacts are listed in the card,PARTIAL: card metrics survive; runnable source uses a documented later branch-head fallback,Frozen implementation is copied from the commit that introduced this card. The card-introduction commit contained syntactically incomplete WIP source; the frozen implementation uses the nearest surviving branch-head version for: src/train.py. Exact provenance is in implementation/SOURCE_PROVENANCE.json.,README.md
team_b_b2__exp_031_multicutoff,team_b_b2,exp_031_multicutoff,exp_031 — G4 recheck: multi-cutoff 8x14d на δ=0,git-history experiment card,git:88dc69163b1f:experiments/exp_031_multicutoff.md,88dc69163b1f39aaac55ddfbfc9986e2203cfbdf,427abcc36b2e94a1c58345458f90df36c122f2a4,src/__init__.py | src/config.py | src/ensemble.py | src/features.py | src/predict.py | src/temporal_ensemble.py | src/train.py | src/validation.py,,Unknown / not recoverable from repository history,See preserved experiment card and implementation,"CV mean(1,2): `1.717040` против baseline `1.717017` → Δ = −0.000023","CV mean(1,2): `1.717040` против baseline `1.717017` → Δ = −0.000023",None documented,Seed from src/config.py unless the preserved card explicitly states otherwise,See preserved experiment card and frozen implementation,None documented,Competition train.parquet and sample_submit.csv; additional artifacts are listed in the card,PARTIAL: card metrics survive; runnable source uses a documented later branch-head fallback,Frozen implementation is copied from the commit that introduced this card. The card-introduction commit contained syntactically incomplete WIP source; the frozen implementation uses the nearest surviving branch-head version for: src/train.py. Exact provenance is in implementation/SOURCE_PROVENANCE.json.,README.md
team_b_b2__exp_032_delta_model,team_b_b2,exp_032_delta_model,exp_032 — C: delta-modeling (поправка к naive30),git-history experiment card,git:88dc69163b1f:experiments/exp_032_delta_model.md,88dc69163b1f39aaac55ddfbfc9986e2203cfbdf,427abcc36b2e94a1c58345458f90df36c122f2a4,src/__init__.py | src/config.py | src/ensemble.py | src/features.py | src/predict.py | src/temporal_ensemble.py | src/train.py | src/validation.py,,Unknown / not recoverable from repository history,See preserved experiment card and implementation,"CV mean(1,2): `1.720406` против baseline `1.717017` → Δ = −0.003389","CV mean(1,2): `1.720406` против baseline `1.717017` → Δ = −0.003389",None documented,Seed from src/config.py unless the preserved card explicitly states otherwise,See preserved experiment card and frozen implementation,None documented,Competition train.parquet and sample_submit.csv; additional artifacts are listed in the card,PARTIAL: card metrics survive; runnable source uses a documented later branch-head fallback,Frozen implementation is copied from the commit that introduced this card. The card-introduction commit contained syntactically incomplete WIP source; the frozen implementation uses the nearest surviving branch-head version for: src/train.py. Exact provenance is in implementation/SOURCE_PROVENANCE.json.,README.md
team_b_b2__exp_033_spring_submit,team_b_b2,exp_033_spring_submit,exp_033 — submit-кандидат: multi-cutoff с весенними cutoff'ами 2025,git-history experiment card,git:88dc69163b1f:experiments/exp_033_spring_submit.md,88dc69163b1f39aaac55ddfbfc9986e2203cfbdf,427abcc36b2e94a1c58345458f90df36c122f2a4,src/__init__.py | src/config.py | src/ensemble.py | src/features.py | src/predict.py | src/temporal_ensemble.py | src/train.py | src/validation.py,,two-part / hurdle,See preserved experiment card and implementation,Тест-окно 2026-02-14..03-15 — «весеннее» (y=0 ≈ 60% против 44–46% на зимних фолдах). Ни один фолд не имитирует тест. Единственный способ дать модели весенние таргеты — обучающие cutoff'ы февраля–марта 2025.,Unknown / not recoverable from repository history,None documented,Seed from src/config.py unless the preserved card explicitly states otherwise,See preserved experiment card and frozen implementation,None documented,Competition train.parquet and sample_submit.csv; additional artifacts are listed in the card,PARTIAL: card metrics survive; runnable source uses a documented later branch-head fallback,Frozen implementation is copied from the commit that introduced this card. The card-introduction commit contained syntactically incomplete WIP source; the frozen implementation uses the nearest surviving branch-head version for: src/train.py. Exact provenance is in implementation/SOURCE_PROVENANCE.json.,README.md
team_b_b2__exp_034_temporal_ensemble,team_b_b2,exp_034_temporal_ensemble,exp_034 — A1 temporal ensemble,git-history experiment card,git:88dc69163b1f:experiments/exp_034_temporal_ensemble.md,88dc69163b1f39aaac55ddfbfc9986e2203cfbdf,427abcc36b2e94a1c58345458f90df36c122f2a4,src/__init__.py | src/config.py | src/ensemble.py | src/features.py | src/predict.py | src/temporal_ensemble.py | src/train.py | src/validation.py,,"LightGBM, ensemble",See preserved experiment card and implementation,"CV temporal по фолдам: fold1 `1.700107`, fold2 `1.742105`, fold3 `1.731667`.","CV mean(1,2): temporal `1.721106`, central `1.716842`, разница `+0.004264`.",None documented,"LightGBM из `src/train.py`, seed из `src/config.py` (`42`), `CALIBRATION_DELTA=0.0`. Cutoff'ы: fold1 `2025-11-17,2025-12-01,2025-12-15`; fold2 `2025-10-18,2025-11-01,2025-11-15`; fold3 `2025-09-18,2025-10-02,2025-10-16`.",See preserved experiment card and frozen implementation,None documented,Competition train.parquet and sample_submit.csv; additional artifacts are listed in the card,PARTIAL: card metrics survive; runnable source uses a documented later branch-head fallback,Frozen implementation is copied from the commit that introduced this card. The card-introduction commit contained syntactically incomplete WIP source; the frozen implementation uses the nearest surviving branch-head version for: src/train.py. Exact provenance is in implementation/SOURCE_PROVENANCE.json.,README.md
team_b_strategy__exp_001_baseline,team_b_strategy,exp_001_baseline,exp_001 — baseline,git-history experiment card,git:824f41575bc2:experiments/exp_001_baseline.md,824f41575bc2fa4ae11b8f6f9dfd907571276d37,68b543d7b654257812ba4bbb58547fd8a832fb00,src/__init__.py | src/config.py | src/ensemble.py | src/features.py | src/predict.py | src/train.py | src/validation.py,,Unknown / not recoverable from repository history,window aggregates,CV по фолдам: validation cutoff 2026-01-15,"CV mean: RMSE 244.596747, MAE 65.626454, RMSLE 1.711195","Модель: `HistGradientBoostingRegressor(loss=""squared_error"", learning_rate=0.05, max_leaf_nodes=31, max_iter=250, l2_regularization=0.05)`. Train cutoffs: 2025-10-01, 2025-11-01, 2025-12-01. Validation cutoff: 2026-01-15. Test cutoff для сабмита: 2026-02-14. Seed: 42 из `config.py`.","Модель: `HistGradientBoostingRegressor(loss=""squared_error"", learning_rate=0.05, max_leaf_nodes=31, max_iter=250, l2_regularization=0.05)`. Train cutoffs: 2025-10-01, 2025-11-01, 2025-12-01. Validation cutoff: 2026-01-15. Test cutoff для сабмита: 2026-02-14. Seed: 42 из `config.py`.",See preserved experiment card and frozen implementation,None documented,Competition train.parquet and sample_submit.csv; additional artifacts are listed in the card,FULL from the frozen commit when the card contains a command; PARTIAL when the card explicitly says the experimental code was rolled back,Frozen implementation is copied from the commit that introduced this card.,README.md
team_b_strategy__exp_002_conversions,team_b_strategy,exp_002_conversions,exp_002 — conversions,git-history experiment card,git:824f41575bc2:experiments/exp_002_conversions.md,824f41575bc2fa4ae11b8f6f9dfd907571276d37,68b543d7b654257812ba4bbb58547fd8a832fb00,src/__init__.py | src/config.py | src/ensemble.py | src/features.py | src/predict.py | src/train.py | src/validation.py,,Unknown / not recoverable from repository history,window aggregates,CV по фолдам: validation cutoff 2026-01-15,"CV mean: RMSE 243.974514, MAE 65.601427, RMSLE 1.710919","Модель: `HistGradientBoostingRegressor(loss=""squared_error"", learning_rate=0.05, max_leaf_nodes=31, max_iter=250, l2_regularization=0.05)`. Train cutoffs: 2025-10-01, 2025-11-01, 2025-12-01. Validation cutoff: 2026-01-15. Test cutoff для сабмита: 2026-02-14. Seed: 42 из `config.py`. Сабмит: `submissions/exp_002_conversions_hgbr.csv`.","Модель: `HistGradientBoostingRegressor(loss=""squared_error"", learning_rate=0.05, max_leaf_nodes=31, max_iter=250, l2_regularization=0.05)`. Train cutoffs: 2025-10-01, 2025-11-01, 2025-12-01. Validation cutoff: 2026-01-15. Test cutoff для сабмита: 2026-02-14. Seed: 42 из `config.py`. Сабмит: `submissions/exp_002_conversions_hgbr.csv`.",See preserved experiment card and frozen implementation,None documented,Competition train.parquet and sample_submit.csv; additional artifacts are listed in the card,FULL from the frozen commit when the card contains a command; PARTIAL when the card explicitly says the experimental code was rolled back,Frozen implementation is copied from the commit that introduced this card.,README.md
team_b_strategy__exp_003_trends,team_b_strategy,exp_003_trends,exp_003 — trends,git-history experiment card,git:824f41575bc2:experiments/exp_003_trends.md,824f41575bc2fa4ae11b8f6f9dfd907571276d37,68b543d7b654257812ba4bbb58547fd8a832fb00,src/__init__.py | src/config.py | src/ensemble.py | src/features.py | src/predict.py | src/train.py | src/validation.py,,Unknown / not recoverable from repository history,window aggregates,CV по фолдам: validation cutoff 2026-01-15,"CV mean: RMSE 244.595270, MAE 65.603401, RMSLE 1.711856","Провал: RMSLE ухудшился с baseline 1.711195 до 1.711856. В текущей модели такие trend-фичи добавляют шум сильнее, чем полезный сигнал; в default-сабмит их отправлять не стоит.","Модель: `HistGradientBoostingRegressor(loss=""squared_error"", learning_rate=0.05, max_leaf_nodes=31, max_iter=250, l2_regularization=0.05)`. Feature set: `trends`. Train cutoffs: 2025-10-01, 2025-11-01, 2025-12-01. Validation cutoff: 2026-01-15. Seed: 42 из `config.py`.",See preserved experiment card and frozen implementation,None documented,Competition train.parquet and sample_submit.csv; additional artifacts are listed in the card,FULL from the frozen commit when the card contains a command; PARTIAL when the card explicitly says the experimental code was rolled back,Frozen implementation is copied from the commit that introduced this card.,README.md
team_b_strategy__exp_004_recency,team_b_strategy,exp_004_recency,exp_004 — recency,git-history experiment card,git:824f41575bc2:experiments/exp_004_recency.md,824f41575bc2fa4ae11b8f6f9dfd907571276d37,68b543d7b654257812ba4bbb58547fd8a832fb00,src/__init__.py | src/config.py | src/ensemble.py | src/features.py | src/predict.py | src/train.py | src/validation.py,,Unknown / not recoverable from repository history,"recency, window aggregates",CV по фолдам: validation cutoff 2026-01-15,"CV mean: RMSE 244.749083, MAE 65.600258, RMSLE 1.710617",None documented,"Модель: `HistGradientBoostingRegressor(loss=""squared_error"", learning_rate=0.05, max_leaf_nodes=31, max_iter=250, l2_regularization=0.05)`. Feature set: `recency`. Train cutoffs: 2025-10-01, 2025-11-01, 2025-12-01. Validation cutoff: 2026-01-15. Seed: 42 из `config.py`.",See preserved experiment card and frozen implementation,None documented,Competition train.parquet and sample_submit.csv; additional artifacts are listed in the card,FULL from the frozen commit when the card contains a command; PARTIAL when the card explicitly says the experimental code was rolled back,Frozen implementation is copied from the commit that introduced this card.,README.md
team_b_strategy__exp_005_scale_calibration,team_b_strategy,exp_005_scale_calibration,exp_005 — scale calibration,git-history experiment card,git:824f41575bc2:experiments/exp_005_scale_calibration.md,824f41575bc2fa4ae11b8f6f9dfd907571276d37,68b543d7b654257812ba4bbb58547fd8a832fb00,src/__init__.py | src/config.py | src/ensemble.py | src/features.py | src/predict.py | src/train.py | src/validation.py,,calibration diagnostic,See preserved experiment card and implementation,CV по фолдам: validation cutoff 2026-01-15,"CV mean: лучший scale 0.65, RMSLE 1.672748",None documented,"Модель: HGBR baseline. Feature set: `baseline`. Проверенные scale: 0.45–0.90 и грубая сетка 0.7–2.0. Train cutoffs: 2025-10-01, 2025-11-01, 2025-12-01. Validation cutoff: 2026-01-15. Seed: 42 из `config.py`.",See preserved experiment card and frozen implementation,"Так как метрика RMSLE штрафует относительные ошибки в log-space, модель с `log1p`-таргетом может выигрывать от простой пост-калибровки масштаба. Проверяем множители прогноза на чистом baseline.",Competition train.parquet and sample_submit.csv; additional artifacts are listed in the card,FULL from the frozen commit when the card contains a command; PARTIAL when the card explicitly says the experimental code was rolled back,Frozen implementation is copied from the commit that introduced this card.,README.md
team_b_strategy__exp_006_lightgbm,team_b_strategy,exp_006_lightgbm,exp_006 — lightgbm,git-history experiment card,git:824f41575bc2:experiments/exp_006_lightgbm.md,824f41575bc2fa4ae11b8f6f9dfd907571276d37,68b543d7b654257812ba4bbb58547fd8a832fb00,src/__init__.py | src/config.py | src/ensemble.py | src/features.py | src/predict.py | src/train.py | src/validation.py,,LightGBM,window aggregates,CV по фолдам: validation cutoff 2026-01-15,"CV mean: RMSE 243.895440, MAE 65.516312, RMSLE 1.710143",None documented,"Модель: `LGBMRegressor(objective=""regression"", n_estimators=600, learning_rate=0.03, num_leaves=31, subsample=0.8, colsample_bytree=0.8, reg_lambda=0.05)`. Feature set: `baseline`. Train cutoffs: 2025-10-01, 2025-11-01, 2025-12-01. Validation cutoff: 2026-01-15. Seed: 42 из `config.py`.",See preserved experiment card and frozen implementation,None documented,Competition train.parquet and sample_submit.csv; additional artifacts are listed in the card,FULL from the frozen commit when the card contains a command; PARTIAL when the card explicitly says the experimental code was rolled back,Frozen implementation is copied from the commit that introduced this card.,README.md
team_b_strategy__exp_007_multi_cutoff_cv,team_b_strategy,exp_007_multi_cutoff_cv,exp_007 — multi-cutoff CV,git-history experiment card,git:824f41575bc2:experiments/exp_007_multi_cutoff_cv.md,824f41575bc2fa4ae11b8f6f9dfd907571276d37,68b543d7b654257812ba4bbb58547fd8a832fb00,src/__init__.py | src/config.py | src/ensemble.py | src/features.py | src/predict.py | src/train.py | src/validation.py,,Unknown / not recoverable from repository history,See preserved experiment card and implementation,"Один validation cutoff может быть случайно оптимистичным или пессимистичным. Multi-cutoff CV нужен не для сабмита напрямую, а чтобы оценивать устойчивость идей во времени.",CV по фолдам: 2025-10-01 RMSLE 1.724390; 2025-11-01 RMSLE 1.726790; 2025-12-01 RMSLE 1.754997; 2026-01-15 RMSLE 1.711195,"Один validation cutoff может быть случайно оптимистичным или пессимистичным. Multi-cutoff CV нужен не для сабмита напрямую, а чтобы оценивать устойчивость идей во времени.",Модель: HGBR baseline. Feature set: `baseline`. Фолды: train 2025-07/08/09 → val 2025-10-01; train 2025-08/09/10 → val 2025-11-01; train 2025-09/10/11 → val 2025-12-01; train 2025-10/11/12 → val 2026-01-15. Seed: 42 из `config.py`.,See preserved experiment card and frozen implementation,None documented,Competition train.parquet and sample_submit.csv; additional artifacts are listed in the card,FULL from the frozen commit when the card contains a command; PARTIAL when the card explicitly says the experimental code was rolled back,Frozen implementation is copied from the commit that introduced this card.,README.md
team_b_strategy__exp_008_recency_lightgbm_scale,team_b_strategy,exp_008_recency_lightgbm_scale,exp_008 — recency lightgbm scale,git-history experiment card,git:824f41575bc2:experiments/exp_008_recency_lightgbm_scale.md,824f41575bc2fa4ae11b8f6f9dfd907571276d37,68b543d7b654257812ba4bbb58547fd8a832fb00,src/__init__.py | src/config.py | src/ensemble.py | src/features.py | src/predict.py | src/train.py | src/validation.py,,"LightGBM, calibration diagnostic",recency,CV по фолдам: validation cutoff 2026-01-15,"CV mean: RMSE 254.269612, MAE 65.909651, RMSLE 1.671639","Успех: лучший текущий CV, заметно лучше baseline 1.711195 и exp_002 1.710919. Сабмит собран в `submissions/exp_008_recency_lightgbm_scale064.csv`.","Модель: LightGBM из exp_006. Feature set: `recency`. Scale grid для кандидатов показал лучший вариант `recency + lightgbm + 0.64`. Train cutoffs: 2025-10-01, 2025-11-01, 2025-12-01. Validation cutoff: 2026-01-15. Test cutoff: 2026-02-14. Seed: 42 из `config.py`.",See preserved experiment card and frozen implementation,None documented,Competition train.parquet and sample_submit.csv; additional artifacts are listed in the card,FULL from the frozen commit when the card contains a command; PARTIAL when the card explicitly says the experimental code was rolled back,Frozen implementation is copied from the commit that introduced this card.,README.md
team_b_strategy__exp_009_long_buy_ensemble,team_b_strategy,exp_009_long_buy_ensemble,exp_009 — long buy ensemble,git-history experiment card,git:824f41575bc2:experiments/exp_009_long_buy_ensemble.md,824f41575bc2fa4ae11b8f6f9dfd907571276d37,68b543d7b654257812ba4bbb58547fd8a832fb00,src/__init__.py | src/config.py | src/ensemble.py | src/features.py | src/predict.py | src/train.py | src/validation.py,,"LightGBM, ensemble",recency,CV по фолдам: validation cutoff 2026-01-15,CV mean: `long_buy + LightGBM + scale 0.62` RMSLE 1.671832; log-ensemble 50/50 RMSLE 1.670716,"Добавлен feature set `long_buy`: recency + окна 90/180/365 для покупочных дней, заказов, GMV, log-GMV mean/std, tenure, first_buy_age и buy-rate/aov признаки. Сабмит строится как log-space ансамбль `recency LightGBM scale 0.64` и `long_buy LightGBM scale 0.62` с весами 0.5/0.5.","Модели: два `LGBMRegressor` из exp_006. Train cutoffs: 2025-10-01, 2025-11-01, 2025-12-01. Validation cutoff: 2026-01-15. Test cutoff: 2026-02-14. Seed: 42 из `config.py`. Веса ансамбля: 0.5 recency, 0.5 long_buy; смешивание в `log1p(pred)` пространстве.",See preserved experiment card and frozen implementation,"Успех локально: long_buy сам по себе чуть хуже exp_008, но в log-space ансамбле улучшает CV с 1.671639 до 1.670716. Файл для отправки: `submissions/exp_009_recency_long_buy_lgbm_logens.csv`.",Competition train.parquet and sample_submit.csv; additional artifacts are listed in the card,FULL from the frozen commit when the card contains a command; PARTIAL when the card explicitly says the experimental code was rolled back,Frozen implementation is copied from the commit that introduced this card.,README.md
team_b_strategy__exp_010_ensemble_tuning,team_b_strategy,exp_010_ensemble_tuning,exp_010 — ensemble tuning,git-history experiment card,git:824f41575bc2:experiments/exp_010_ensemble_tuning.md,824f41575bc2fa4ae11b8f6f9dfd907571276d37,68b543d7b654257812ba4bbb58547fd8a832fb00,src/__init__.py | src/config.py | src/ensemble.py | src/features.py | src/predict.py | src/train.py | src/validation.py,,"LightGBM, ensemble",recency,CV по фолдам: validation cutoff 2026-01-15,"После LB 1.656853 на exp_009 стоит не менять модель резко, а подобрать близкие веса ансамбля и общий scale. Локальный CV вокруг optimum плоский, поэтому небольшое смещение может улучшить public LB.",None documented,"Модели: два `LGBMRegressor` из exp_009. Train cutoffs: 2025-10-01, 2025-11-01, 2025-12-01. Validation cutoff: 2026-01-15. Seed: 42 из `config.py`.",See preserved experiment card and frozen implementation,Используется тот же ансамбль exp_009: `recency LightGBM scale 0.64` + `long_buy LightGBM scale 0.62` в log-space. Проверены веса `w_recency` 0.30..0.70 и global scale 0.94..1.06.,Competition train.parquet and sample_submit.csv; additional artifacts are listed in the card,FULL from the frozen commit when the card contains a command; PARTIAL when the card explicitly says the experimental code was rolled back,Frozen implementation is copied from the commit that introduced this card.,README.md
team_b_strategy__exp_011_dense_clean_ensemble,team_b_strategy,exp_011_dense_clean_ensemble,exp_011 — dense clean-cutoff ensemble,git-history experiment card,git:824f41575bc2:experiments/exp_011_dense_clean_ensemble.md,824f41575bc2fa4ae11b8f6f9dfd907571276d37,0366bd9b40b8ca784dbe3e2ccdb744dcc22f5b4a,src/__init__.py | src/config.py | src/dense_ensemble.py | src/ensemble.py | src/features.py | src/predict.py | src/train.py | src/validation.py,,"LightGBM, ensemble",recency,"Добавлен отдельный скрипт `src/dense_ensemble.py`: weekly train-cutoff grid, clean validation cutoff, log-space ансамбль recency + long_buy, multi-scale submit за один fit.",CV mean: `1.733432` при `global_scale=1.0`; лучший из сетки `1.712473` при `global_scale=1.4`. Сравнивать напрямую с exp_009 нельзя: это другой validation regime.,"Успех по LB: лучший вариант `scale=1.2` дал `1.6549097093483665` и стал новым лучшим сабмитом. Clean validation из этого эксперимента переоценивала `scale=1.4`, поэтому для дальнейшего scale-тюнинга лучше использовать validation-схему из `main` — см. exp_012.","LightGBM `n_estimators=600`, `learning_rate=0.03`, `num_leaves=31`, `subsample=0.8`, `colsample_bytree=0.8`, `reg_lambda=0.05`, seed из `config.py`. CV: `python src/dense_ensemble.py cv --folds 1 --recent-train-cutoffs 8 --components both --scale-grid 0.9,1.0,1.1,1.2,1.3,1.4`. Submit: `python src/dense_ensemble.py submit --recent-train-cutoffs 8 --components both --scale-grid 1.0,1.2,1.4 --output exp_011_dense8_logens.csv`.",See preserved experiment card and frozen implementation,"Добавлен отдельный скрипт `src/dense_ensemble.py`: weekly train-cutoff grid, clean validation cutoff, log-space ансамбль recency + long_buy, multi-scale submit за один fit.",Competition train.parquet and sample_submit.csv; additional artifacts are listed in the card,FULL from the frozen commit when the card contains a command; PARTIAL when the card explicitly says the experimental code was rolled back,Frozen implementation is copied from the commit that introduced this card.,README.md
team_b_strategy__exp_012_lb_validation_alignment,team_b_strategy,exp_012_lb_validation_alignment,exp_012 — LB validation alignment,git-history experiment card,git:824f41575bc2:experiments/exp_012_lb_validation_alignment.md,824f41575bc2fa4ae11b8f6f9dfd907571276d37,18c3bdd2a8a04de8ed0650a749659448c98ece5d,src/__init__.py | src/config.py | src/dense_ensemble.py | src/ensemble.py | src/features.py | src/predict.py | src/train.py | src/validation.py,,"LightGBM, ensemble",recency,# exp_012 — LB validation alignment,"Успех: validation правильно выбрала `scale=1.2`, как и LB. Абсолютные значения CV выше LB примерно на `0.05`, но локальное ранжирование scale-кандидатов совпало, поэтому для подбора scale лучше использовать эту схему, а не dense clean-cutoff CV из exp_011.",None documented,"Модель: exp_011 log-space ensemble `recency + long_buy`, component scales `0.64/0.62`, `recency_weight=0.5`, LightGBM с seed из `config.py`. Для каждого fold обучение на одном `train_cutoff` из `main:src/validation.py`, прогноз на соответствующий `val_cutoff`, затем global scale `1.0/1.2/1.4`.",See preserved experiment card and frozen implementation,"Модель: exp_011 log-space ensemble `recency + long_buy`, component scales `0.64/0.62`, `recency_weight=0.5`, LightGBM с seed из `config.py`. Для каждого fold обучение на одном `train_cutoff` из `main:src/validation.py`, прогноз на соответствующий `val_cutoff`, затем global scale `1.0/1.2/1.4`.",Competition train.parquet and sample_submit.csv; additional artifacts are listed in the card,FULL from the frozen commit when the card contains a command; PARTIAL when the card explicitly says the experimental code was rolled back,Frozen implementation is copied from the commit that introduced this card.,README.md
team_b_strategy__exp_013_scale_grid_main_validation,team_b_strategy,exp_013_scale_grid_main_validation,exp_013 — scale grid on main validation,git-history experiment card,git:824f41575bc2:experiments/exp_013_scale_grid_main_validation.md,824f41575bc2fa4ae11b8f6f9dfd907571276d37,18c3bdd2a8a04de8ed0650a749659448c98ece5d,src/__init__.py | src/config.py | src/dense_ensemble.py | src/ensemble.py | src/features.py | src/predict.py | src/train.py | src/validation.py,,ensemble,recency,# exp_013 — scale grid on main validation,"После LB exp_011 лучший scale был `1.2`, но validation из `main` показала, что минимум может быть чуть выше. Проверяем плотную сетку `1.10..1.35` на двух single-cutoff фолдах из `main`.",None documented,"Модель: exp_011 log-space ensemble `recency + long_buy`, component scales `0.64/0.62`, `recency_weight=0.5`, dense8 train cutoffs для submit `2025-08-28..2025-10-16`, seed из `config.py`.",See preserved experiment card and frozen implementation,"Модель: exp_011 log-space ensemble `recency + long_buy`, component scales `0.64/0.62`, `recency_weight=0.5`, dense8 train cutoffs для submit `2025-08-28..2025-10-16`, seed из `config.py`.",Competition train.parquet and sample_submit.csv; additional artifacts are listed in the card,FULL from the frozen commit when the card contains a command; PARTIAL when the card explicitly says the experimental code was rolled back,Frozen implementation is copied from the commit that introduced this card.,README.md
team_b_strategy__exp_014_classifier_gate,team_b_strategy,exp_014_classifier_gate,exp_014 — classifier zero gate,git-history experiment card,git:824f41575bc2:experiments/exp_014_classifier_gate.md,824f41575bc2fa4ae11b8f6f9dfd907571276d37,fbf1dc24eadaaa0d2a1e2bdc425270015b272123,src/__init__.py | src/classifier_gate.py | src/config.py | src/dense_ensemble.py | src/dist_head_ensemble.py | src/ensemble.py | src/features.py | src/post_order_ensemble.py | src/predict.py | src/train.py | src/validation.py | src/weight_grid.py,,"LightGBM, ensemble",recency,"CV по фолдам: `2025-12-15 -> 2026-01-14`, `2025-11-15 -> 2025-12-15`.",База без gate: mean RMSLE `1.709007`.,None documented,"Base model: exp_011 log-space ensemble `recency + long_buy`, component scales `0.64/0.62`, `global_scale=1.20`, `recency_weight=0.5`. Classifier: LightGBM binary, `n_estimators=400`, `learning_rate=0.03`, `num_leaves=31`, seed из `config.py`, feature set `long_buy`.",See preserved experiment card and frozen implementation,"Base model: exp_011 log-space ensemble `recency + long_buy`, component scales `0.64/0.62`, `global_scale=1.20`, `recency_weight=0.5`. Classifier: LightGBM binary, `n_estimators=400`, `learning_rate=0.03`, `num_leaves=31`, seed из `config.py`, feature set `long_buy`.",Competition train.parquet and sample_submit.csv; additional artifacts are listed in the card,FULL from the frozen commit when the card contains a command; PARTIAL when the card explicitly says the experimental code was rolled back,Frozen implementation is copied from the commit that introduced this card.,README.md
team_b_strategy__exp_015_ensemble_weight_grid,team_b_strategy,exp_015_ensemble_weight_grid,exp_015 — ensemble weight grid,git-history experiment card,git:824f41575bc2:experiments/exp_015_ensemble_weight_grid.md,824f41575bc2fa4ae11b8f6f9dfd907571276d37,fbf1dc24eadaaa0d2a1e2bdc425270015b272123,src/__init__.py | src/classifier_gate.py | src/config.py | src/dense_ensemble.py | src/dist_head_ensemble.py | src/ensemble.py | src/features.py | src/post_order_ensemble.py | src/predict.py | src/train.py | src/validation.py | src/weight_grid.py,,"LightGBM, ensemble, blend",recency,"Добавлен `src/weight_grid.py`: компоненты `recency` и `long_buy` обучаются один раз на фолд, затем перебирается `recency_weight` в log-space при fixed `global_scale=1.20`.",best `w_rec=0.5`: mean RMSLE `1.709007`,None documented,"Base components: LightGBM `recency` with component scale `0.64`, LightGBM `long_buy` with component scale `0.62`, log-space blend, global scale `1.20`, seed из `config.py`. Submit-кандидат на потом: `submissions/exp_015_dense8_logens_wrec0525_scale120.csv`.",See preserved experiment card and frozen implementation,"Base components: LightGBM `recency` with component scale `0.64`, LightGBM `long_buy` with component scale `0.62`, log-space blend, global scale `1.20`, seed из `config.py`. Submit-кандидат на потом: `submissions/exp_015_dense8_logens_wrec0525_scale120.csv`.",Competition train.parquet and sample_submit.csv; additional artifacts are listed in the card,FULL from the frozen commit when the card contains a command; PARTIAL when the card explicitly says the experimental code was rolled back,Frozen implementation is copied from the commit that introduced this card.,README.md
team_b_strategy__exp_016_post_order_activity,team_b_strategy,exp_016_post_order_activity,exp_016 — post-order activity features,git-history experiment card,git:824f41575bc2:experiments/exp_016_post_order_activity.md,824f41575bc2fa4ae11b8f6f9dfd907571276d37,fbf1dc24eadaaa0d2a1e2bdc425270015b272123,src/__init__.py | src/classifier_gate.py | src/config.py | src/dense_ensemble.py | src/dist_head_ensemble.py | src/ensemble.py | src/features.py | src/post_order_ensemble.py | src/predict.py | src/train.py | src/validation.py | src/weight_grid.py,,"LightGBM, blend",recency,"CV по фолдам: `2025-12-15 -> 2026-01-14`, `2025-11-15 -> 2025-12-15`.","Baseline exp_011-like `recency + long_buy`, `w_rec=0.5`, `scale=1.20`: mean RMSLE `1.709007`.",None documented,"Модель: LightGBM `recency` + LightGBM `long_buy_post_order`, log-space blend `0.5/0.5`, component scales `0.64/0.62`, global scale `1.20`, dense8 train cutoffs для submit `2025-08-28..2025-10-16`, seed из `config.py`.",See preserved experiment card and frozen implementation,"Модель: LightGBM `recency` + LightGBM `long_buy_post_order`, log-space blend `0.5/0.5`, component scales `0.64/0.62`, global scale `1.20`, dense8 train cutoffs для submit `2025-08-28..2025-10-16`, seed из `config.py`.",Competition train.parquet and sample_submit.csv; additional artifacts are listed in the card,FULL from the frozen commit when the card contains a command; PARTIAL when the card explicitly says the experimental code was rolled back,Frozen implementation is copied from the commit that introduced this card.,README.md
team_b_strategy__exp_017_dist_head_post_order,team_b_strategy,exp_017_dist_head_post_order,exp_017 — dist head on post-order features,git-history experiment card,git:824f41575bc2:experiments/exp_017_dist_head_post_order.md,824f41575bc2fa4ae11b8f6f9dfd907571276d37,fbf1dc24eadaaa0d2a1e2bdc425270015b272123,src/__init__.py | src/classifier_gate.py | src/config.py | src/dense_ensemble.py | src/dist_head_ensemble.py | src/ensemble.py | src/features.py | src/post_order_ensemble.py | src/predict.py | src/train.py | src/validation.py | src/weight_grid.py,,"LightGBM, distribution head, ensemble, blend",recency,"CV по фолдам: `2025-12-15 -> 2026-01-14`, `2025-11-15 -> 2025-12-15`.",Baseline exp_016 `recency + long_buy_post_order direct`: mean RMSLE `1.708883`.,None documented,"Recency component: LightGBM direct, feature set `recency`, component scale `0.64`. Dist component: LightGBM multiclass, feature set `long_buy_post_order`, 16 bins, 250 rounds, learning rate `0.05`, component scale `0.62`. Log-space blend `w_rec=0.5`, global scale `1.20`, dense8 train cutoffs `2025-08-28..2025-10-16`, seed из `config.py`.",See preserved experiment card and frozen implementation,"Recency component: LightGBM direct, feature set `recency`, component scale `0.64`. Dist component: LightGBM multiclass, feature set `long_buy_post_order`, 16 bins, 250 rounds, learning rate `0.05`, component scale `0.62`. Log-space blend `w_rec=0.5`, global scale `1.20`, dense8 train cutoffs `2025-08-28..2025-10-16`, seed из `config.py`.",Competition train.parquet and sample_submit.csv; additional artifacts are listed in the card,FULL from the frozen commit when the card contains a command; PARTIAL when the card explicitly says the experimental code was rolled back,Frozen implementation is copied from the commit that introduced this card.,README.md
team_b_strategy__exp_018_catboost_blend,team_b_strategy,exp_018_catboost_blend,exp_018 — CatBoost blend поверх dist-head,git-history experiment card,git:824f41575bc2:experiments/exp_018_catboost_blend.md,824f41575bc2fa4ae11b8f6f9dfd907571276d37,adc03ee1ea639bcde0b4e10cfca61936b1aaac1d,src/__init__.py | src/behavior_feature_eval.py | src/catboost_blend.py | src/classifier_gate.py | src/config.py | src/dense_ensemble.py | src/dist_head_ensemble.py | src/ensemble.py | src/features.py | src/post_order_ensemble.py | src/predict.py | src/train.py | src/validation.py | src/weight_grid.py,,"LightGBM, CatBoost, blend","recency, history-depth features","CV по фолдам: fold1 `1.672166 -> 1.671958`, fold2 `1.744423 -> 1.743885` при `cat_weight=0.20`","CV mean: `1.707921` (лучший на момент: exp_017, `1.708295`)",None documented,"Команда CV: `python src/catboost_blend.py cv`. Команда submit: `python src/catboost_blend.py submit --cat-weight 0.20 --output exp_018_catboost_blend_wcat020_scale120.csv`. Веса: recency `0.50`, dist-head `0.30`, CatBoost `0.20`; global scale `1.20`; component scales `0.64/0.62/0.62`; CatBoost CPU `iterations=800`, `depth=6`, `learning_rate=0.05`, `l2_leaf_reg=3.0`, seed из `config.py`.",See preserved experiment card and frozen implementation,Добавлен CPU CatBoostRegressor на `long_buy_post_order` и log-space blend с exp_017-компонентами.,Competition train.parquet and sample_submit.csv; additional artifacts are listed in the card,FULL from the frozen commit when the card contains a command; PARTIAL when the card explicitly says the experimental code was rolled back,Frozen implementation is copied from the commit that introduced this card.,README.md
team_b_strategy__exp_019_behavior_v1_dist,team_b_strategy,exp_019_behavior_v1_dist,exp_019 — behavior_v1 фичи в dist-head,git-history experiment card,git:824f41575bc2:experiments/exp_019_behavior_v1_dist.md,824f41575bc2fa4ae11b8f6f9dfd907571276d37,adc03ee1ea639bcde0b4e10cfca61936b1aaac1d,src/__init__.py | src/behavior_feature_eval.py | src/catboost_blend.py | src/classifier_gate.py | src/config.py | src/dense_ensemble.py | src/dist_head_ensemble.py | src/ensemble.py | src/features.py | src/post_order_ensemble.py | src/predict.py | src/train.py | src/validation.py | src/weight_grid.py,,ensemble,"calendar features, recency","CV по фолдам: fold1 `1.672166 -> 1.671527`, fold2 `1.744423 -> 1.743872`","CV mean: `1.707699` (лучший на момент: exp_017, `1.708295`; exp_018 local `1.707921`)",None documented,"CV: `python src/dist_head_ensemble.py cv --dist-feature-set behavior_v1 --weight-grid 0.5`. Submit: `python src/dist_head_ensemble.py submit --dist-feature-set behavior_v1 --recency-weight 0.5 --output exp_019_behavior_v1_dist_wrec050_scale120.csv`. Веса: recency `0.50`, dist-head `0.50`, global scale `1.20`; component scales `0.64/0.62`; dist-head `16` bins, `250` rounds, `learning_rate=0.05`, `num_leaves=31`, seed из `config.py`.",See preserved experiment card and frozen implementation,None documented,Competition train.parquet and sample_submit.csv; additional artifacts are listed in the card,FULL from the frozen commit when the card contains a command; PARTIAL when the card explicitly says the experimental code was rolled back,Frozen implementation is copied from the commit that introduced this card.,README.md
team_b_strategy__exp_020_behavior_v1_slim,team_b_strategy,exp_020_behavior_v1_slim,exp_020 — behavior_v1_slim,git-history experiment card,git:824f41575bc2:experiments/exp_020_behavior_v1_slim.md,824f41575bc2fa4ae11b8f6f9dfd907571276d37,adc03ee1ea639bcde0b4e10cfca61936b1aaac1d,src/__init__.py | src/behavior_feature_eval.py | src/catboost_blend.py | src/classifier_gate.py | src/config.py | src/dense_ensemble.py | src/dist_head_ensemble.py | src/ensemble.py | src/features.py | src/post_order_ensemble.py | src/predict.py | src/train.py | src/validation.py | src/weight_grid.py,,ensemble,recency,CV по фолдам: fold1 `1.671527 -> 1.671674` против full behavior; fold2 `1.743872 -> 1.743918`,"CV mean: `1.707796` (full exp019 `1.707699`, exp017 `1.708295`)",None documented,Seed from src/config.py unless the preserved card explicitly states otherwise,See preserved experiment card and frozen implementation,None documented,Competition train.parquet and sample_submit.csv; additional artifacts are listed in the card,FULL from the frozen commit when the card contains a command; PARTIAL when the card explicitly says the experimental code was rolled back,Frozen implementation is copied from the commit that introduced this card.,README.md
team_b_strategy__exp_021_submission_level_blends,team_b_strategy,exp_021_submission_level_blends,exp_021 — submission-level blends around exp019,git-history experiment card,git:824f41575bc2:experiments/exp_021_submission_level_blends.md,824f41575bc2fa4ae11b8f6f9dfd907571276d37,824f41575bc2fa4ae11b8f6f9dfd907571276d37,src/__init__.py | src/behavior_feature_eval.py | src/cat_xgb_blend.py | src/catboost_blend.py | src/classifier_gate.py | src/config.py | src/dense_ensemble.py | src/dist_head_ensemble.py | src/ensemble.py | src/features.py | src/model_blend_grid.py | src/post_order_ensemble.py | src/predict.py | src/shap_behavior_v1.py | src/submission_blend.py | src/train.py | src/validation.py | src/weight_grid.py | src/xgboost_blend.py,"python src/submission_blend.py stats --files \
  exp_017_dist_post_order_wrec050_scale120.csv \
  exp_018_catboost_blend_wcat020_scale120.csv \
  exp_019_behavior_v1_dist_wrec050_scale120.csv \
  exp_020_behavior_v1_slim_dist_wrec050_scale120.csv \
  exp_011_dense8_logens_scale120.csv

python src/submission_blend.py blend --files exp019 exp018 --weights 0.9 0.1 --out exp_021_blend_e19_e18_9010.csv
python src/submission_blend.py blend --files exp019 exp018 --weights 0.8 0.2 --out exp_021_blend_e19_e18_8020.csv
python src/submission_blend.py blend --files exp019 exp011 --weights 0.95 0.05 --out exp_021_blend_e19_e11_9505.csv
python src/submission_blend.py blend --files exp019 exp018 exp011 --weights 0.85 0.10 0.05 --out exp_021_blend_e19_e18_e11_851005.csv | python src/submission_blend.py stats --files \ | python src/submission_blend.py blend --files exp019 exp018 --weights 0.9 0.1 --out exp_021_blend_e19_e18_9010.csv | python src/submission_blend.py blend --files exp019 exp018 --weights 0.8 0.2 --out exp_021_blend_e19_e18_8020.csv | python src/submission_blend.py blend --files exp019 exp011 --weights 0.95 0.05 --out exp_021_blend_e19_e11_9505.csv | python src/submission_blend.py blend --files exp019 exp018 exp011 --weights 0.85 0.10 0.05 --out exp_021_blend_e19_e18_e11_851005.csv","CatBoost, ensemble, blend",See preserved experiment card and implementation,"CV по фолдам: не считали, это submission-level эксперимент без OOF.","CV mean: нет; лучший на момент — `exp_019`, mean RMSLE 1.707699.",python src/submission_blend.py blend --files exp019 exp018 exp011 --weights 0.85 0.10 0.05 --out exp_021_blend_e19_e18_e11_851005.csv,Seed from src/config.py unless the preserved card explicitly states otherwise,See preserved experiment card and frozen implementation,сохраняет уровень `mean(log1p)` как у exp019.,Competition train.parquet and sample_submit.csv; additional artifacts are listed in the card,FULL from the frozen commit when the card contains a command; PARTIAL when the card explicitly says the experimental code was rolled back,Frozen implementation is copied from the commit that introduced this card.,README.md
team_b_strategy__exp_022_model_level_weight_grid,team_b_strategy,exp_022_model_level_weight_grid,exp_022 — model-level weight grid,git-history experiment card,git:824f41575bc2:experiments/exp_022_model_level_weight_grid.md,824f41575bc2fa4ae11b8f6f9dfd907571276d37,824f41575bc2fa4ae11b8f6f9dfd907571276d37,src/__init__.py | src/behavior_feature_eval.py | src/cat_xgb_blend.py | src/catboost_blend.py | src/classifier_gate.py | src/config.py | src/dense_ensemble.py | src/dist_head_ensemble.py | src/ensemble.py | src/features.py | src/model_blend_grid.py | src/post_order_ensemble.py | src/predict.py | src/shap_behavior_v1.py | src/submission_blend.py | src/train.py | src/validation.py | src/weight_grid.py | src/xgboost_blend.py,,"LightGBM, blend",recency,Если обучить сильные компоненты на validation folds и подобрать веса в `log1p`,"fold 1 best: `(0.25, 0.25, 0.50)`, RMSLE `1.671141`, bias `-0.0008`",None documented,seed: config.SEED,See preserved experiment card and frozen implementation,"веса ансамбля, а не случайный сдвиг уровня.",Competition train.parquet and sample_submit.csv; additional artifacts are listed in the card,FULL from the frozen commit when the card contains a command; PARTIAL when the card explicitly says the experimental code was rolled back,Frozen implementation is copied from the commit that introduced this card.,README.md
team_b_strategy__exp_023_xgboost_blend,team_b_strategy,exp_023_xgboost_blend,exp_023 — XGBoost component in model-level blend,git-history experiment card,git:824f41575bc2:experiments/exp_023_xgboost_blend.md,824f41575bc2fa4ae11b8f6f9dfd907571276d37,824f41575bc2fa4ae11b8f6f9dfd907571276d37,src/__init__.py | src/behavior_feature_eval.py | src/cat_xgb_blend.py | src/catboost_blend.py | src/classifier_gate.py | src/config.py | src/dense_ensemble.py | src/dist_head_ensemble.py | src/ensemble.py | src/features.py | src/model_blend_grid.py | src/post_order_ensemble.py | src/predict.py | src/shap_behavior_v1.py | src/submission_blend.py | src/train.py | src/validation.py | src/weight_grid.py | src/xgboost_blend.py,,"LightGBM, XGBoost, blend","recency, history-depth features",CV по фолдам:,"fold 1 best: `(0.15, 0.20, 0.35, 0.30)`, RMSLE `1.670792`, bias `-0.0034`",None documented,seed=config.SEED,See preserved experiment card and frozen implementation,проверить модельное разнообразие без просадки уровня.,Competition train.parquet and sample_submit.csv; additional artifacts are listed in the card,FULL from the frozen commit when the card contains a command; PARTIAL when the card explicitly says the experimental code was rolled back,Frozen implementation is copied from the commit that introduced this card.,README.md
team_b_strategy__exp_024_cat_xgb_blend,team_b_strategy,exp_024_cat_xgb_blend,exp_024 — CatBoost + XGBoost blend,git-history experiment card,git:824f41575bc2:experiments/exp_024_cat_xgb_blend.md,824f41575bc2fa4ae11b8f6f9dfd907571276d37,824f41575bc2fa4ae11b8f6f9dfd907571276d37,src/__init__.py | src/behavior_feature_eval.py | src/cat_xgb_blend.py | src/catboost_blend.py | src/classifier_gate.py | src/config.py | src/dense_ensemble.py | src/dist_head_ensemble.py | src/ensemble.py | src/features.py | src/model_blend_grid.py | src/post_order_ensemble.py | src/predict.py | src/shap_behavior_v1.py | src/submission_blend.py | src/train.py | src/validation.py | src/weight_grid.py | src/xgboost_blend.py,,"LightGBM, CatBoost, XGBoost, blend","recency, history-depth features",таргет `log1p(y)`. Веса подбирались по validation grid.,"fold 1 best: `(0.15, 0.15, 0.30, 0.20, 0.20)`, RMSLE `1.670680`, bias `-0.0034`",None documented,"task_type=CPU, seed=config.SEED",See preserved experiment card and frozen implementation,потому что обычный submit сильно ниже по уровню.,Competition train.parquet and sample_submit.csv; additional artifacts are listed in the card,FULL from the frozen commit when the card contains a command; PARTIAL when the card explicitly says the experimental code was rolled back,Frozen implementation is copied from the commit that introduced this card.,README.md
strategy_2__exp_009_s2_aggregation,strategy_2,exp_009_s2_aggregation,exp_009 — S2-E00: корректность структурной агрегации,git-history experiment card,git:3c1d86d836c7:experiments/exp_009_s2_aggregation.md,3c1d86d836c7b73519abe99f94686431852187cc,2e1d89d7904ee161939d9c6eed44fe16d4e4c549,src/__init__.py | src/config.py | src/ensemble.py | src/features.py | src/predict.py | src/strategy_2.py | src/strategy_2_analysis.py | src/train.py | src/validation.py,python src/strategy_2.py aggregation --samples 10000`; seed из `src/config.py`.,Unknown / not recoverable from repository history,See preserved experiment card and implementation,Unknown / not recoverable from repository history,Unknown / not recoverable from repository history,None documented,`python src/strategy_2.py aggregation --samples 10000`; seed из `src/config.py`.,See preserved experiment card and frozen implementation,None documented,Competition train.parquet and sample_submit.csv; additional artifacts are listed in the card,FULL from the frozen commit when the card contains a command; PARTIAL when the card explicitly says the experimental code was rolled back,Frozen implementation is copied from the commit that introduced this card.,README.md
strategy_2__exp_010_s2_count_hurdle,strategy_2,exp_010_s2_count_hurdle,exp_010 — S2-E01: распределение числа покупательных дней,git-history experiment card,git:3c1d86d836c7:experiments/exp_010_s2_count_hurdle.md,3c1d86d836c7b73519abe99f94686431852187cc,2e1d89d7904ee161939d9c6eed44fe16d4e4c549,src/__init__.py | src/config.py | src/ensemble.py | src/features.py | src/predict.py | src/strategy_2.py | src/strategy_2_analysis.py | src/train.py | src/validation.py,,"LightGBM, two-part / hurdle",See preserved experiment card and implementation,"LightGBM 600 rounds, 24 train-cutoff'а, 1-block train / 3-block validation,",Offset практически нейтрален. Hurdle принят: он дал −0.00830 RMSLE и устранил,None documented,"seed из `src/config.py`. Команды: `count-screen`, затем `cv --hurdle --ks 3`.",See preserved experiment card and frozen implementation,None documented,Competition train.parquet and sample_submit.csv; additional artifacts are listed in the card,FULL from the frozen commit when the card contains a command; PARTIAL when the card explicitly says the experimental code was rolled back,Frozen implementation is copied from the commit that introduced this card.,README.md
strategy_2__exp_011_s2_k_calibration,strategy_2,exp_011_s2_k_calibration,exp_011 — S2-E02: сила EB-усадки и sigma ablation,git-history experiment card,git:3c1d86d836c7:experiments/exp_011_s2_k_calibration.md,3c1d86d836c7b73519abe99f94686431852187cc,2e1d89d7904ee161939d9c6eed44fe16d4e4c549,src/__init__.py | src/config.py | src/ensemble.py | src/features.py | src/predict.py | src/strategy_2.py | src/strategy_2_analysis.py | src/train.py | src/validation.py,,two-part / hurdle,See preserved experiment card and implementation,на двух out-of-time фолдах. `sigma_scale` разрешено выбирать только внутри train.,Unknown / not recoverable from repository history,None documented,seed из `src/config.py`.,See preserved experiment card and frozen implementation,None documented,Competition train.parquet and sample_submit.csv; additional artifacts are listed in the card,FULL from the frozen commit when the card contains a command; PARTIAL when the card explicitly says the experimental code was rolled back,Frozen implementation is copied from the commit that introduced this card.,README.md
strategy_2__exp_012_s2_best_submission,strategy_2,exp_012_s2_best_submission,exp_012 — S2-BEST: полный CV и финальный submission,git-history experiment card,git:3c1d86d836c7:experiments/exp_012_s2_best_submission.md,3c1d86d836c7b73519abe99f94686431852187cc,2e1d89d7904ee161939d9c6eed44fe16d4e4c549,src/__init__.py | src/config.py | src/ensemble.py | src/features.py | src/predict.py | src/strategy_2.py | src/strategy_2_analysis.py | src/train.py | src/validation.py,,"LightGBM, two-part / hurdle, blend, calibration diagnostic",calendar features,Подтверждённая структурная конфигурация стабильна на четырёх фолдах и либо улучшит,CV mean: **1.76831 ± 0.00967**; OOF 1.76817; mean bias −0.0442.,"Сабмит: `submissions/submission_strategy_2.csv`. Проверки: 250k строк,",seed из `src/config.py`.,See preserved experiment card and frozen implementation,"калибровка `sigma=0.9, mu_shift=-0.1`; calendar `alpha=0.5`; level 2.3293;",Competition train.parquet and sample_submit.csv; additional artifacts are listed in the card,FULL from the frozen commit when the card contains a command; PARTIAL when the card explicitly says the experimental code was rolled back,Frozen implementation is copied from the commit that introduced this card.,README.md
renewal_branch__exp_027_next_purchase_clock,renewal_branch,exp_027_next_purchase_clock,exp_027 — RENEWAL-01 / Next-Purchase Clock,git-history experiment card,git:bbae4b0c7a14:experiments/exp_027_next_purchase_clock.md,bbae4b0c7a14f3aa42aedff05d8d02c2c8fffdba,c9c6ddbe49f31916ba16854dfc6fd9423189a504,src/__init__.py | src/adversarial.py | src/anchor.py | src/blend.py | src/calibrate.py | src/calval.py | src/config.py | src/cv_lb.py | src/data.py | src/densityval.py | src/drift.py | src/ensemble.py | src/error_analysis.py | src/features.py | src/final_experiments.py | src/gapval.py | src/holiday_yoy.py | src/merge_oof.py | src/mhz.py | src/models.py | src/predict.py | src/ptime.py | src/ptime_eval.py | src/ptime_imp.py | src/renewal.py | src/renewal_eval.py | src/report.py | src/sampleval.py | src/seasonal.py | src/seedavg.py | src/seq.py | src/smoke.py | src/submit.py | src/test_calval.py | src/test_dist.py | src/test_mhz.py | src/test_pipeline.py | src/test_renewal.py | src/test_seq.py | src/test_validation.py | src/tracking.py | src/train.py | src/tune.py | src/validation.py,,"LightGBM, sequence model, Ridge, ensemble, calibration diagnostic","recency, Search/Catalog decomposition, gap/burst features, EWM aggregates, 227 tabular features","val/test b3, `T+30≤V`, фолды 09-04/09-18/10-02/10-16, wCV 1:2:4:8.","честный wCV **−0.000416**. Знак 4/4 устойчив, но проект требует ≤−0.0005 даже",None documented,"min leaf 500, L2 10, seeds 42/43/44 от `config.SEED`, 88 timing-only features.",See preserved experiment card and frozen implementation,существующей two-part головы; сырой GMV и log-space не перемножались.,Competition train.parquet and sample_submit.csv; additional artifacts are listed in the card,FULL from the frozen commit when the card contains a command; PARTIAL when the card explicitly says the experimental code was rolled back,Frozen implementation is copied from the commit that introduced this card.,README.md
domain_branch__exp_028_domain_shift,domain_branch,exp_028_domain_shift,exp_028 — DOMAIN-01 / Test-Like Validation,git-history experiment card,git:c219dabe3169:experiments/exp_028_domain_shift.md,c219dabe316982bb9de23e15c4f24d3e9eb16ae0,c219dabe316982bb9de23e15c4f24d3e9eb16ae0,src/__init__.py | src/adversarial.py | src/anchor.py | src/blend.py | src/calibrate.py | src/calval.py | src/config.py | src/cv_lb.py | src/data.py | src/densityval.py | src/domain01.py | src/drift.py | src/ensemble.py | src/error_analysis.py | src/features.py | src/final_experiments.py | src/gapval.py | src/holiday_yoy.py | src/merge_oof.py | src/mhz.py | src/models.py | src/predict.py | src/ptime.py | src/ptime_eval.py | src/ptime_imp.py | src/renewal.py | src/renewal_eval.py | src/report.py | src/sampleval.py | src/seasonal.py | src/seedavg.py | src/seq.py | src/smoke.py | src/submit.py | src/test_calval.py | src/test_dist.py | src/test_domain01.py | src/test_mhz.py | src/test_pipeline.py | src/test_renewal.py | src/test_seq.py | src/test_validation.py | src/tracking.py | src/train.py | src/tune.py | src/validation.py,python src/domain01.py diagnose ...`; `python src/domain01.py adapt --resume ...`.,"LightGBM, sequence model, ensemble","calendar features, gap/burst features, history-depth features, dataset/user fingerprint, 227 tabular features",# exp_028 — DOMAIN-01 / Test-Like Validation,"recipe: ordinary wCV **1.751164 vs 1.751076 (+0.000087)**, weighted wCV",LB/submission: не отправлялись и candidate CSV не создавался — gates не пройдены.,"ablations 80 rounds, seed `config.SEED`.  Adaptation: direct, 300 rounds,",See preserved experiment card and frozen implementation,None documented,Competition train.parquet and sample_submit.csv; additional artifacts are listed in the card,FULL from the frozen commit when the card contains a command; PARTIAL when the card explicitly says the experimental code was rolled back,Frozen implementation is copied from the commit that introduced this card.,README.md
calendar_branch__exp_029_calendar_placebo,calendar_branch,exp_029_calendar_placebo,exp_029 — CALENDAR-PLACEBO-01,git-history experiment card,git:96271398780a:experiments/exp_029_calendar_placebo.md,96271398780a33b5423a9971128d4bd946051f0f,96271398780a33b5423a9971128d4bd946051f0f,src/__init__.py | src/adversarial.py | src/anchor.py | src/blend.py | src/calendar_placebo.py | src/calibrate.py | src/calval.py | src/config.py | src/cv_lb.py | src/data.py | src/densityval.py | src/domain01.py | src/drift.py | src/ensemble.py | src/error_analysis.py | src/features.py | src/final_experiments.py | src/gapval.py | src/holiday_yoy.py | src/merge_oof.py | src/mhz.py | src/models.py | src/predict.py | src/ptime.py | src/ptime_eval.py | src/ptime_imp.py | src/renewal.py | src/renewal_eval.py | src/report.py | src/sampleval.py | src/seasonal.py | src/seedavg.py | src/seq.py | src/smoke.py | src/submit.py | src/test_calendar_placebo.py | src/test_calval.py | src/test_dist.py | src/test_domain01.py | src/test_mhz.py | src/test_pipeline.py | src/test_renewal.py | src/test_seq.py | src/test_validation.py | src/tracking.py | src/train.py | src/tune.py | src/validation.py,python src/calendar_placebo.py run --baseline-artifacts <path> --resume`.,"LightGBM, sequence model","calendar features, gap/burst features, history-depth features, dataset/user fingerprint",Unknown / not recoverable from repository history,"Error score: Spearman с squared error **0.029/0.050/0.057/0.050**, RMSLE по",LB/submission: не создавались.,"LightGBM 31 leaves/80 rounds, balanced prior, seed `config.SEED`; standardized",See preserved experiment card and frozen implementation,None documented,Competition train.parquet and sample_submit.csv; additional artifacts are listed in the card,FULL from the frozen commit when the card contains a command; PARTIAL when the card explicitly says the experimental code was rolled back,Frozen implementation is copied from the commit that introduced this card.,README.md
global_regime_branch__exp_057_global_regime_occ,global_regime_branch,exp_057_global_regime_occ,EXP-057 — GLOBAL-REGIME-OCC-RANK,git-history experiment card,git:4003b6874f39:experiments/exp_057_global_regime_occ.md,4003b6874f397fe48577b26118ae1d560a703419,4003b6874f397fe48577b26118ae1d560a703419,src/__init__.py | src/adversarial.py | src/anchor.py | src/blend.py | src/calibrate.py | src/calval.py | src/config.py | src/cv_lb.py | src/data.py | src/densityval.py | src/drift.py | src/ensemble.py | src/error_analysis.py | src/features.py | src/final_experiments.py | src/gapval.py | src/global_regime_occ.py | src/holiday_yoy.py | src/merge_oof.py | src/mhz.py | src/models.py | src/predict.py | src/ptime.py | src/ptime_eval.py | src/ptime_imp.py | src/report.py | src/sampleval.py | src/seasonal.py | src/seedavg.py | src/seq.py | src/smoke.py | src/submit.py | src/test_calval.py | src/test_dist.py | src/test_global_regime_occ.py | src/test_mhz.py | src/test_pipeline.py | src/test_seq.py | src/test_validation.py | src/tracking.py | src/train.py | src/tune.py | src/validation.py,"python src/global_regime_occ.py --stage global-state      # ~4 мин
python src/global_regime_occ.py --stage support-audit     # секунды
python src/global_regime_occ.py --stage hurdle            # ~60 мин (4 фолда x 2 LightGBM)
python src/global_regime_occ.py --stage occ --arm BASE     # ~8 мин
python src/global_regime_occ.py --stage occ --arm GLOBAL   # ~20 мин
python src/global_regime_occ.py --stage occ --arm PLACEBO  # ~20 мин
python src/global_regime_occ.py --stage evaluate          # ~3 мин
pytest src/test_global_regime_occ.py                      # 41 тест, 11 с | python src/global_regime_occ.py --stage global-state      # ~4 мин | python src/global_regime_occ.py --stage support-audit     # секунды | python src/global_regime_occ.py --stage hurdle            # ~60 мин (4 фолда x 2 LightGBM) | python src/global_regime_occ.py --stage occ --arm BASE     # ~8 мин | python src/global_regime_occ.py --stage occ --arm GLOBAL   # ~20 мин | python src/global_regime_occ.py --stage occ --arm PLACEBO  # ~20 мин | python src/global_regime_occ.py --stage evaluate          # ~3 мин | pytest src/test_global_regime_occ.py                      # 41 тест, 11 с","LightGBM, sequence model, Ridge, two-part / hurdle, ensemble, blend, calibration diagnostic","recency, occurrence features, gap/burst features, dataset/user fingerprint, 227 tabular features","| `friend` OOF, 4 фолда | `0.10·S1-E03a + 0.20·S1-E02 + 0.25·S1-DIST + 0.225·ETX-AVG3 + 0.225·SEQ-AVG3` | wCV_cal **1.7475098627** (`STATE.md`: 1.74751) |","| `friend` OOF, 4 фолда | `0.10·S1-E03a + 0.20·S1-E02 + 0.25·S1-DIST + 0.225·ETX-AVG3 + 0.225·SEQ-AVG3` | wCV_cal **1.7475098627** (`STATE.md`: 1.74751) |","детерминированный повтор (SHA256 блока совпадает при повторном построении), схему сабмита,","seeds, overlay, downstream, калибровка.",See preserved experiment card and frozen implementation,на 10-16). Placebo эту корреляцию держит на уровне BASE. То есть реальные global-признаки,Competition train.parquet and sample_submit.csv; additional artifacts are listed in the card,FULL from the frozen commit when the card contains a command; PARTIAL when the card explicitly says the experimental code was rolled back,Frozen implementation is copied from the commit that introduced this card.,README.md
team_b_b2__exp_015_grid,team_b_b2,exp_015_grid,Historical index-only run — exp_015_grid,git-history index-only run,git:88dc69163b1f:experiments.md,88dc69163b1f39aaac55ddfbfc9986e2203cfbdf,88dc69163b1f39aaac55ddfbfc9986e2203cfbdf,src/__init__.py | src/config.py | src/ensemble.py | src/features.py | src/predict.py | src/temporal_ensemble.py | src/train.py | src/validation.py,,Unknown / not recoverable from repository history,See preserved experiment card and implementation,Unknown / not recoverable from repository history,Unknown / not recoverable from repository history,None documented,Seed from src/config.py unless the preserved card explicitly states otherwise,See preserved experiment card and frozen implementation,None documented,Competition train.parquet and sample_submit.csv; additional artifacts are listed in the card,PARTIAL: metrics and nearest source snapshot survive; exact rolled-back code is not recoverable,Recovered because this run existed only as a row in experiments.md.,README.md
team_b_b2__exp_027,team_b_b2,exp_027,Historical index-only run — exp_027,git-history index-only run,git:88dc69163b1f:experiments.md,88dc69163b1f39aaac55ddfbfc9986e2203cfbdf,88dc69163b1f39aaac55ddfbfc9986e2203cfbdf,src/__init__.py | src/config.py | src/ensemble.py | src/features.py | src/predict.py | src/temporal_ensemble.py | src/train.py | src/validation.py,,Unknown / not recoverable from repository history,See preserved experiment card and implementation,Unknown / not recoverable from repository history,Unknown / not recoverable from repository history,None documented,Seed from src/config.py unless the preserved card explicitly states otherwise,See preserved experiment card and frozen implementation,None documented,Competition train.parquet and sample_submit.csv; additional artifacts are listed in the card,PARTIAL: metrics and nearest source snapshot survive; exact rolled-back code is not recoverable,Recovered because this run existed only as a row in experiments.md.,README.md
eda__e01_schema,eda,e01_schema,e01_schema,EDA experiment/script,research/eda/e01_schema.py,working tree,cdf74c77108e3b731f9ecb4f4e8f7b198cbded66,research/eda/e01_schema.py,,Unknown / not recoverable from repository history,See preserved experiment card and implementation,Unknown / not recoverable from repository history,Unknown / not recoverable from repository history,None documented,Seed from src/config.py unless the preserved card explicitly states otherwise,See preserved experiment card and frozen implementation,None documented,Competition train.parquet and sample_submit.csv; additional artifacts are listed in the card,FULL when the inputs/checkpoints named by the preserved runner are available,,README.md
eda__e02_structure,eda,e02_structure,"what do ""zero"" rows look like — is `cat` ever >0 while search==0?",EDA experiment/script,research/eda/e02_structure.py,working tree,cdf74c77108e3b731f9ecb4f4e8f7b198cbded66,research/eda/e02_structure.py,,Unknown / not recoverable from repository history,calendar features,Unknown / not recoverable from repository history,Unknown / not recoverable from repository history,None documented,Seed from src/config.py unless the preserved card explicitly states otherwise,See preserved experiment card and frozen implementation,None documented,Competition train.parquet and sample_submit.csv; additional artifacts are listed in the card,FULL when the inputs/checkpoints named by the preserved runner are available,,README.md
eda__e03_submit_forensics,eda,e03_submit_forensics,Every 30-day window ending on a date near the end of history,EDA experiment/script,research/eda/e03_submit_forensics.py,working tree,cdf74c77108e3b731f9ecb4f4e8f7b198cbded66,research/eda/e03_submit_forensics.py,,Unknown / not recoverable from repository history,See preserved experiment card and implementation,Unknown / not recoverable from repository history,"f""close={100*close:6.2f}% rlog={r_log:6.4f} RMSLE={rmsle:7.4f}"")",None documented,Seed from src/config.py unless the preserved card explicitly states otherwise,See preserved experiment card and frozen implementation,None documented,Competition train.parquet and sample_submit.csv; additional artifacts are listed in the card,FULL when the inputs/checkpoints named by the preserved runner are available,,README.md
eda__e04_hidden_structure,eda,e04_hidden_structure,bucket user_id into deciles and look at stats,EDA experiment/script,research/eda/e04_hidden_structure.py,working tree,cdf74c77108e3b731f9ecb4f4e8f7b198cbded66,research/eda/e04_hidden_structure.py,,Unknown / not recoverable from repository history,"holiday/YoY features, gap/burst features",Unknown / not recoverable from repository history,Unknown / not recoverable from repository history,None documented,Seed from src/config.py unless the preserved card explicitly states otherwise,See preserved experiment card and frozen implementation,"print(""B. USER-LEVEL SPAN: cohorts / first & last activity"")",Competition train.parquet and sample_submit.csv; additional artifacts are listed in the card,FULL when the inputs/checkpoints named by the preserved runner are available,,README.md
eda__e05_selection_seasonality,eda,e05_selection_seasonality,secular growth: same-window YoY,EDA experiment/script,research/eda/e05_selection_seasonality.py,working tree,cdf74c77108e3b731f9ecb4f4e8f7b198cbded66,research/eda/e05_selection_seasonality.py,,Unknown / not recoverable from repository history,See preserved experiment card and implementation,Unknown / not recoverable from repository history,"anchor[c] = dict(persist=rmsle(y, p30), persist116=rmsle(y, p30 * 1.1628),",None documented,Seed from src/config.py unless the preserved card explicitly states otherwise,See preserved experiment card and frozen implementation,None documented,Competition train.parquet and sample_submit.csv; additional artifacts are listed in the card,FULL when the inputs/checkpoints named by the preserved runner are available,,README.md
eda__e06_panel_logseason,eda,e06_panel_logseason,"is there any extra rule, e.g. min #active days or min gmv?",EDA experiment/script,research/eda/e06_panel_logseason.py,working tree,cdf74c77108e3b731f9ecb4f4e8f7b198cbded66,research/eda/e06_panel_logseason.py,,Unknown / not recoverable from repository history,gap/burst features,Unknown / not recoverable from repository history,Unknown / not recoverable from repository history,None documented,Seed from src/config.py unless the preserved card explicitly states otherwise,See preserved experiment card and frozen implementation,"print(f""  => at the YoY analogue the log-level RISES by {yoy['dm'][0]:+.4f} vs the trailing window,"")",Competition train.parquet and sample_submit.csv; additional artifacts are listed in the card,FULL when the inputs/checkpoints named by the preserved runner are available,,README.md
eda__e07_blocks_anchor,eda,e07_blocks_anchor,e07_blocks_anchor,EDA experiment/script,research/eda/e07_blocks_anchor.py,working tree,cdf74c77108e3b731f9ecb4f4e8f7b198cbded66,research/eda/e07_blocks_anchor.py,,Unknown / not recoverable from repository history,holiday/YoY features,Unknown / not recoverable from repository history,Unknown / not recoverable from repository history,None documented,Seed from src/config.py unless the preserved card explicitly states otherwise,See preserved experiment card and frozen implementation,"f""(=> mean predicted GMV level expm1 ~ {np.expm1(m_x_test+dm):.3f})"")",Competition train.parquet and sample_submit.csv; additional artifacts are listed in the card,FULL when the inputs/checkpoints named by the preserved runner are available,,README.md
eda__e08_baseline,eda,e08_baseline,Cutoffs.  Target of T must NOT overlap the guaranteed window [2025-11-16..2026-02-13],EDA experiment/script,research/eda/e08_baseline.py,working tree,cdf74c77108e3b731f9ecb4f4e8f7b198cbded66,research/eda/e08_baseline.py,,"LightGBM, blend",See preserved experiment card and implementation,"print(""EXP 1: naive baselines on the CLEAN validation cutoff"", VAL_CUT)",Unknown / not recoverable from repository history,None documented,"lambda_l2=5.0, verbose=-1, seed=SEED, num_threads=12)",See preserved experiment card and frozen implementation,"report(f""best constant (log-space {best[1]:.3f})"", np.expm1(np.full(len(yv), best[1])), yv)",Competition train.parquet and sample_submit.csv; additional artifacts are listed in the card,FULL when the inputs/checkpoints named by the preserved runner are available,,README.md
eda__e09a_calib,eda,e09a_calib,e09a_calib,EDA experiment/script,research/eda/e09a_calib.py,working tree,cdf74c77108e3b731f9ecb4f4e8f7b198cbded66,research/eda/e09a_calib.py,,LightGBM,gap/burst features,Unknown / not recoverable from repository history,"print(f""    {nm:8s} n={msk.sum():7,} ({100*msk.mean():5.1f}%)  RMSLE={np.sqrt(e2[msk].mean()):.4f}""",None documented,"lambda_l2=5.0, verbose=-1, seed=SEED, num_threads=10, force_row_wise=True)",See preserved experiment card and frozen implementation,None documented,Competition train.parquet and sample_submit.csv; additional artifacts are listed in the card,FULL when the inputs/checkpoints named by the preserved runner are available,,README.md
eda__e09b_season,eda,e09b_season,e09b_season,EDA experiment/script,research/eda/e09b_season.py,working tree,cdf74c77108e3b731f9ecb4f4e8f7b198cbded66,research/eda/e09b_season.py,,Unknown / not recoverable from repository history,calendar features,Unknown / not recoverable from repository history,Unknown / not recoverable from repository history,None documented,Seed from src/config.py unless the preserved card explicitly states otherwise,See preserved experiment card and frozen implementation,"print(""PLATFORM-LEVEL DAILY CALENDAR FACTOR for the target window (from 2025)"")",Competition train.parquet and sample_submit.csv; additional artifacts are listed in the card,FULL when the inputs/checkpoints named by the preserved runner are available,,README.md
eda__e12_calib_adv,eda,e12_calib_adv,e12_calib_adv,EDA experiment/script,research/eda/e12_calib_adv.py,working tree,cdf74c77108e3b731f9ecb4f4e8f7b198cbded66,research/eda/e12_calib_adv.py,,LightGBM,gap/burst features,"""""""Stage 11 (memory-lean): offset calibration, error anatomy, adversarial validation, test level.""""""","print(f""    {nm:8s} n={msk.sum():7,} ({100*msk.mean():5.1f}%) RMSLE={np.sqrt(e2[msk].mean()):.4f}""",None documented,idx = np.random.RandomState(SEED).permutation(len(X)),See preserved experiment card and frozen implementation,"print(""E. FEATURE-LEVEL SHIFT clean-val -> TEST"")",Competition train.parquet and sample_submit.csv; additional artifacts are listed in the card,FULL when the inputs/checkpoints named by the preserved runner are available,,README.md
eda__e13_capped,eda,e13_capped,e13_capped,EDA experiment/script,research/eda/e13_capped.py,working tree,cdf74c77108e3b731f9ecb4f4e8f7b198cbded66,research/eda/e13_capped.py,,LightGBM,"gap/burst features, history-depth features","print(""ADVERSARIAL VALIDATION WITH CAPPED FEATURES"")",Unknown / not recoverable from repository history,None documented,idx = np.random.RandomState(SEED).permutation(len(X)),See preserved experiment card and frozen implementation,None documented,Competition train.parquet and sample_submit.csv; additional artifacts are listed in the card,FULL when the inputs/checkpoints named by the preserved runner are available,,README.md
eda__e14_struct_seq,eda,e14_struct_seq,e14_struct_seq,EDA experiment/script,research/eda/e14_struct_seq.py,working tree,cdf74c77108e3b731f9ecb4f4e8f7b198cbded66,research/eda/e14_struct_seq.py,,"LightGBM, blend",See preserved experiment card and implementation,Unknown / not recoverable from repository history,Unknown / not recoverable from repository history,None documented,"bagging_fraction=0.8, bagging_freq=1, lambda_l2=5.0, verbose=-1, seed=SEED,",See preserved experiment card and frozen implementation,None documented,Competition train.parquet and sample_submit.csv; additional artifacts are listed in the card,FULL when the inputs/checkpoints named by the preserved runner are available,,README.md
eda__e15_seq,eda,e15_seq,e15_seq,EDA experiment/script,research/eda/e15_seq.py,working tree,cdf74c77108e3b731f9ecb4f4e8f7b198cbded66,research/eda/e15_seq.py,,"LightGBM, blend",See preserved experiment card and implementation,Unknown / not recoverable from repository history,Unknown / not recoverable from repository history,None documented,"lambda_l2=5.0, verbose=-1, seed=SEED, num_threads=10, max_bin=63, force_row_wise=True)",See preserved experiment card and frozen implementation,None documented,Competition train.parquet and sample_submit.csv; additional artifacts are listed in the card,FULL when the inputs/checkpoints named by the preserved runner are available,,README.md
teammate_research__continue_best_bas_12h_v2,teammate_research,continue_best_bas_12h_v2,!/usr/bin/env python3,teammate research runner,пайплайн сокомандника/research_scripts/continue_best_bas_12h_v2.py,working tree,cdf74c77108e3b731f9ecb4f4e8f7b198cbded66,пайплайн сокомандника/research_scripts/continue_best_bas_12h_v2.py,python continue_best_bas_12h_v2.py --max-hours 11.25,"LightGBM, sequence model, two-part / hurdle, blend","recency, occurrence features, history-depth features",error scores for validation fold i are learned only from folds < i;,Unknown / not recoverable from repository history,"lines.append(""\n=== 6. Три итоговых сабмита ==="")","model=make_ranker(seed,threads,240);model.fit(Xtr,ytr,group=grp)",See preserved experiment card and frozen implementation,None documented,Competition train.parquet and sample_submit.csv; additional artifacts are listed in the card,FULL when the inputs/checkpoints named by the preserved runner are available,,README.md
teammate_research__continue_best_bas_final6h,teammate_research,continue_best_bas_final6h,-----------------------------------------------------------------------------,teammate research runner,пайплайн сокомандника/research_scripts/continue_best_bas_final6h.py,working tree,cdf74c77108e3b731f9ecb4f4e8f7b198cbded66,пайплайн сокомандника/research_scripts/continue_best_bas_final6h.py,,"LightGBM, Ridge, two-part / hurdle, ensemble, blend","recency, freshness/conditional features, occurrence features, history-depth features",Validation,Unknown / not recoverable from repository history,"for p in subs.glob(""submission_final6h_*.csv""):zf.write(p,arcname=f""submissions/{p.name}"")","max_bin=127,random_state=seed,n_jobs=max(2,min(10,os.cpu_count() or 8)),verbosity=-1)",See preserved experiment card and frozen implementation,# Candidate-level Ridge over already cross-fitted candidate predictions.,Competition train.parquet and sample_submit.csv; additional artifacts are listed in the card,FULL when the inputs/checkpoints named by the preserved runner are available,,README.md
teammate_research__continue_fixedstack_combo_10h,teammate_research,continue_fixedstack_combo_10h,!/usr/bin/env python3,teammate research runner,пайплайн сокомандника/research_scripts/continue_fixedstack_combo_10h.py,working tree,cdf74c77108e3b731f9ecb4f4e8f7b198cbded66,пайплайн сокомандника/research_scripts/continue_fixedstack_combo_10h.py,python continue_fixedstack_combo_10h.py --max-hours 9.5,"LightGBM, Ridge, two-part / hurdle, blend","recency, freshness/conditional features",E-CUP 2026 / Track 3 — continuation after fixedstack validation (9–10h).,Unknown / not recoverable from repository history,"path=subs/f""submission_combo10h_candidate_{i}_{r['name']}.csv"";df.to_csv(path,index=False)",for r in seeds:,See preserved experiment card and frozen implementation,# Candidate-level nonnegative stack.  Uses only already cross-fitted candidate predictions.,Competition train.parquet and sample_submit.csv; additional artifacts are listed in the card,FULL when the inputs/checkpoints named by the preserved runner are available,,README.md
teammate_research__make_last20,teammate_research,make_last20,Public-LB calibrated final blend in z=log1p space.,teammate research runner,пайплайн сокомандника/research_scripts/make_last20.py,working tree,cdf74c77108e3b731f9ecb4f4e8f7b198cbded66,пайплайн сокомандника/research_scripts/make_last20.py,,"ensemble, blend",occurrence features,Unknown / not recoverable from repository history,Unknown / not recoverable from repository history,"""submission_extra90_3_*.csv"",",Seed from src/config.py unless the preserved card explicitly states otherwise,See preserved experiment card and frozen implementation,None documented,Competition train.parquet and sample_submit.csv; additional artifacts are listed in the card,FULL when the inputs/checkpoints named by the preserved runner are available,,README.md
teammate_research__materialize_final6h_extra90m,teammate_research,materialize_final6h_extra90m,materialize_final6h_extra90m,teammate research runner,пайплайн сокомандника/research_scripts/materialize_final6h_extra90m.py,working tree,cdf74c77108e3b731f9ecb4f4e8f7b198cbded66,пайплайн сокомандника/research_scripts/materialize_final6h_extra90m.py,,"Ridge, blend",occurrence features,"rows.sort(key=lambda r:(r[""delta""],r[""latest_delta""]));save_csv(results/""ALL_EXTRA90_VALIDATION.csv"",rows)",Unknown / not recoverable from repository history,"for p in subs.glob(""submission_extra90_*.csv""):zf.write(p,arcname=f""submissions/{p.name}"")",Seed from src/config.py unless the preserved card explicitly states otherwise,See preserved experiment card and frozen implementation,None documented,Competition train.parquet and sample_submit.csv; additional artifacts are listed in the card,FULL when the inputs/checkpoints named by the preserved runner are available,,README.md
teammate_research__run_best_bas_fixedstack_14h_v2,teammate_research,run_best_bas_fixedstack_14h_v2,!/usr/bin/env python3,teammate research runner,пайплайн сокомандника/research_scripts/run_best_bas_fixedstack_14h_v2.py,working tree,cdf74c77108e3b731f9ecb4f4e8f7b198cbded66,пайплайн сокомандника/research_scripts/run_best_bas_fixedstack_14h_v2.py,,"LightGBM, Ridge, two-part / hurdle, ensemble, blend","recency, freshness/conditional features, occurrence features, gap/burst features","E. Emit 5-7 candidate submissions, selected for validation quality + temporal","Phase12 RMSLE-effective q*=clip(z/mu,0,1);","path=subs/f""submission_fixedstack_candidate_{i}_{r['name']}.csv"";df.to_csv(path,index=False)",for r in seed_rows:,See preserved experiment card and frozen implementation,"# Caruana-style selection with replacement, optimized on log-space MSE.",Competition train.parquet and sample_submit.csv; additional artifacts are listed in the card,FULL when the inputs/checkpoints named by the preserved runner are available,,README.md
teammate_research__run_best_bas_research_23h,teammate_research,run_best_bas_research_23h,!/usr/bin/env python3,teammate research runner,пайплайн сокомандника/research_scripts/run_best_bas_research_23h.py,working tree,cdf74c77108e3b731f9ecb4f4e8f7b198cbded66,пайплайн сокомандника/research_scripts/run_best_bas_research_23h.py,python run_best_bas_research_23h.py,"LightGBM, dilated TCN, sequence model, two-part / hurdle, blend","recency, occurrence features, gap/burst features, history-depth features","about *new* signal.  It reuses the teammate's exact validation protocol, then","3) temporal occurrence and RMSLE-effective-q models.  q*=clip(z_true/mu,0,1)","path=ctx.submissions/f""submission_best_bas_{k}_{lab.lower()}_{s['name']}.csv""","""Global blend validation uses the one-seed structural proxy; final blend retains the stronger exact friend AVG3 base."",",See preserved experiment card and frozen implementation,"""All final candidates are shifted to teammate-proven level 2.3293 before expm1."",",Competition train.parquet and sample_submit.csv; additional artifacts are listed in the card,FULL when the inputs/checkpoints named by the preserved runner are available,,README.md
teammate_review_bundle__extra90_review_bundle_20260823_222555_extracted,teammate_review_bundle,extra90_REVIEW_BUNDLE_20260823_222555_extracted,extra90_REVIEW_BUNDLE_20260823_222555_extracted,completed teammate review run,пайплайн сокомандника/review_bundles/extra90_REVIEW_BUNDLE_20260823_222555_extracted/results/RUN_MANIFEST.json,working tree,cdf74c77108e3b731f9ecb4f4e8f7b198cbded66,,,"Ridge, blend",227 tabular features,Unknown / not recoverable from repository history,Unknown / not recoverable from repository history,"""file"": ""C:\\Users\\Dimentiy\\repoVScode\\Ozon-ecup\\src\\DL\\best_bas\\_best_bas_extra90m\\submissions\\submission_extra90_4_hier_trust_bias_ridge_recentpow1p7_s075.csv"",",Seed from src/config.py unless the preserved card explicitly states otherwise,See preserved experiment card and frozen implementation,None documented,Competition train.parquet and sample_submit.csv; additional artifacts are listed in the card,FULL when the inputs/checkpoints named by the preserved runner are available,,README.md
teammate_review_bundle__final6h_review_bundle_20260823_204823_extracted,teammate_review_bundle,final6h_REVIEW_BUNDLE_20260823_204823_extracted,final6h_REVIEW_BUNDLE_20260823_204823_extracted,completed teammate review run,пайплайн сокомандника/review_bundles/final6h_REVIEW_BUNDLE_20260823_204823_extracted/results/RUN_MANIFEST.json,working tree,cdf74c77108e3b731f9ecb4f4e8f7b198cbded66,,,"Ridge, two-part / hurdle, blend",occurrence features,Unknown / not recoverable from repository history,Unknown / not recoverable from repository history,"""file"": ""C:\\Users\\Dimentiy\\repoVScode\\Ozon-ecup\\src\\DL\\best_bas\\_best_bas_final6h\\submissions\\submission_final6h_B_metaocc_l31_risk__blend_ridge_recentpow1p7_s075__greedy35_finalizable_pr85.csv"",",Seed from src/config.py unless the preserved card explicitly states otherwise,See preserved experiment card and frozen implementation,None documented,Competition train.parquet and sample_submit.csv; additional artifacts are listed in the card,FULL when the inputs/checkpoints named by the preserved runner are available,,README.md
teammate_review_bundle__fixedstack_combo10h_review_bundle_20260823_054654_extracted,teammate_review_bundle,fixedstack_combo10h_REVIEW_BUNDLE_20260823_054654_extracted,fixedstack_combo10h_REVIEW_BUNDLE_20260823_054654_extracted,completed teammate review run,пайплайн сокомандника/review_bundles/fixedstack_combo10h_REVIEW_BUNDLE_20260823_054654_extracted/results/RUN_MANIFEST.json,working tree,cdf74c77108e3b731f9ecb4f4e8f7b198cbded66,,,"Ridge, two-part / hurdle",See preserved experiment card and implementation,Unknown / not recoverable from repository history,Unknown / not recoverable from repository history,"""file"": ""C:\\Users\\Dimentiy\\repoVScode\\Ozon-ecup\\src\\DL\\best_bas\\_best_bas_combo_10h\\submissions\\submission_combo10h_candidate_4_ridge_core_plus_recent_dist_s075__slotbeta875.csv"",",Seed from src/config.py unless the preserved card explicitly states otherwise,See preserved experiment card and frozen implementation,None documented,Competition train.parquet and sample_submit.csv; additional artifacts are listed in the card,FULL when the inputs/checkpoints named by the preserved runner are available,,README.md
teammate_final__rebuild_latest,teammate_final,rebuild_latest,Public-LB calibrated final blend in z=log1p space.,authoritative latest submission rebuild,пайплайн сокомандника/latest/rebuild_latest.py,working tree,cdf74c77108e3b731f9ecb4f4e8f7b198cbded66,пайплайн сокомандника/latest/rebuild_latest.py,,"ensemble, blend",occurrence features,Unknown / not recoverable from repository history,Unknown / not recoverable from repository history,None documented,Seed from src/config.py unless the preserved card explicitly states otherwise,See preserved experiment card and frozen implementation,None documented,Competition train.parquet and sample_submit.csv; additional artifacts are listed in the card,FULL when the inputs/checkpoints named by the preserved runner are available,,README.md
teammate_final__build_submission,teammate_final,build_submission,build_submission,STRONGEST_CURRENT rebuild,пайплайн сокомандника/friend_original/submission_STRONGEST_CURRENT/pipeline/build_submission.py,working tree,cdf74c77108e3b731f9ecb4f4e8f7b198cbded66,пайплайн сокомандника/friend_original/submission_STRONGEST_CURRENT/pipeline/build_submission.py,,sequence model,See preserved experiment card and implementation,Unknown / not recoverable from repository history,Unknown / not recoverable from repository history,"print(f""OK: {OUTPUT.relative_to(ROOT)} побитово совпадает с отправленным сабмитом"")",Seed from src/config.py unless the preserved card explicitly states otherwise,See preserved experiment card and frozen implementation,delta = LEVEL - float(z_mix.mean()),Competition train.parquet and sample_submit.csv; additional artifacts are listed in the card,FULL when the inputs/checkpoints named by the preserved runner are available,,README.md
team_b_final__team_b_b2_ensemble,team_b_final,team_b_b2_ensemble,team_b_b2_ensemble,team-B B2 integration pipeline,src/team_b_b2_ensemble.py,working tree,cdf74c77108e3b731f9ecb4f4e8f7b198cbded66,src/team_b_b2_ensemble.py,python src/team_b_b2_ensemble.py,"sequence model, ensemble, blend",See preserved experiment card and implementation,from src.validation import calibrate,Unknown / not recoverable from repository history,"f""regime test/oof={regime_ratio:.3f}, submission={SUBMISSION_PATH.name}"",","""seed"": int(SEED),",See preserved experiment card and frozen implementation,production_delta = PRODUCTION_LOG_LEVEL - float(raw_z.mean()),Competition train.parquet and sample_submit.csv; additional artifacts are listed in the card,FULL when the inputs/checkpoints named by the preserved runner are available,,README.md
team_a_final__final_team_b_ensemble,team_a_final,final_team_b_ensemble,final_team_b_ensemble,requested final partial-slot ensemble,src/final_team_b_ensemble.py,working tree,cdf74c77108e3b731f9ecb4f4e8f7b198cbded66,src/final_team_b_ensemble.py,python src/final_team_b_ensemble.py,"sequence model, ensemble, blend",See preserved experiment card and implementation,from src.validation import calibrate,Unknown / not recoverable from repository history,"""submission"": submission_metrics,",Seed from src/config.py unless the preserved card explicitly states otherwise,See preserved experiment card and frozen implementation,level_shift = TARGET_LOG_LEVEL - float(z_candidate_test.mean()),Competition train.parquet and sample_submit.csv; additional artifacts are listed in the card,FULL when the inputs/checkpoints named by the preserved runner are available,,README.md
teammate_candidate__bias_p_cand_pband_stack,teammate_candidate,bias_p_cand_pband_stack,Teammate candidate — bias_p_cand_pband_stack,completed teammate candidate/subrun,пайплайн сокомандника/review_bundles/extra90_REVIEW_BUNDLE_20260823_222555_extracted/results/ALL_EXTRA90_VALIDATION.csv | пайплайн сокомандника/review_bundles/extra90_REVIEW_BUNDLE_20260823_222555_extracted/results/combo_validation_extra90.csv | пайплайн сокомандника/review_bundles/extra90_REVIEW_BUNDLE_20260823_222555_extracted/results/STABLE_BRANCH_VALIDATION.csv | пайплайн сокомандника/review_bundles/final6h_REVIEW_BUNDLE_20260823_204823_extracted/results/ALL_FINAL6H_VALIDATION.csv | пайплайн сокомандника/review_bundles/final6h_REVIEW_BUNDLE_20260823_204823_extracted/results/combo_validation_final6h_base.csv | пайплайн сокомандника/review_bundles/final6h_REVIEW_BUNDLE_20260823_204823_extracted/results/STABLE_BRANCH_VALIDATION.csv | пайплайн сокомандника/review_bundles/fixedstack_combo10h_REVIEW_BUNDLE_20260823_054654_extracted/results/ALL_VALIDATION.csv | пайплайн сокомандника/review_bundles/fixedstack_combo10h_REVIEW_BUNDLE_20260823_054654_extracted/results/combo_validation_after_recent_hurdle_fast12.csv | пайплайн сокомандника/review_bundles/fixedstack_combo10h_REVIEW_BUNDLE_20260823_054654_extracted/results/combo_validation_after_recent_hurdle_stable18.csv | пайплайн сокомандника/review_bundles/fixedstack_combo10h_REVIEW_BUNDLE_20260823_054654_extracted/results/combo_validation_existing.csv | пайплайн сокомандника/review_bundles/fixedstack_combo10h_REVIEW_BUNDLE_20260823_054654_extracted/results/combo_validation_final.csv | пайплайн сокомандника/review_bundles/fixedstack_combo10h_REVIEW_BUNDLE_20260823_054654_extracted/results/combo_validation_final_reload.csv | пайплайн сокомандника/review_bundles/fixedstack_combo10h_REVIEW_BUNDLE_20260823_054654_extracted/results/SHORTLIST_VALIDATION.csv,external teammate review bundles,NOT_IN_GIT_HISTORY,пайплайн сокомандника/research_scripts/continue_fixedstack_combo_10h.py | пайплайн сокомандника/research_scripts/continue_best_bas_final6h.py | пайплайн сокомандника/research_scripts/materialize_final6h_extra90m.py | пайплайн сокомандника/research_scripts/run_best_bas_fixedstack_14h_v2.py,,two-part / hurdle,See preserved experiment card and implementation,Source: `пайплайн сокомандника/review_bundles/extra90_REVIEW_BUNDLE_20260823_222555_extracted/results/ALL_EXTRA90_VALIDATION.csv`,| wcv | 1.748171364580743 |,None documented,Seed from src/config.py unless the preserved card explicitly states otherwise,See preserved experiment card and frozen implementation,None documented,Competition train.parquet and sample_submit.csv; additional artifacts are listed in the card,PARTIAL: exact result rows and runner code survive; checkpoint bank and raw data are external,Recovered from 13 result-table row(s); no score or parameter was inferred.,README.md
teammate_candidate__bias_p_ridge_recentpow1p7_s075,teammate_candidate,bias_p_ridge_recentpow1p7_s075,Teammate candidate — bias_p_ridge_recentpow1p7_s075,completed teammate candidate/subrun,пайплайн сокомандника/review_bundles/extra90_REVIEW_BUNDLE_20260823_222555_extracted/results/ALL_EXTRA90_VALIDATION.csv | пайплайн сокомандника/review_bundles/extra90_REVIEW_BUNDLE_20260823_222555_extracted/results/combo_validation_extra90.csv | пайплайн сокомандника/review_bundles/extra90_REVIEW_BUNDLE_20260823_222555_extracted/results/STABLE_BRANCH_VALIDATION.csv | пайплайн сокомандника/review_bundles/final6h_REVIEW_BUNDLE_20260823_204823_extracted/results/ALL_FINAL6H_VALIDATION.csv | пайплайн сокомандника/review_bundles/final6h_REVIEW_BUNDLE_20260823_204823_extracted/results/combo_validation_final6h_base.csv | пайплайн сокомандника/review_bundles/final6h_REVIEW_BUNDLE_20260823_204823_extracted/results/STABLE_BRANCH_VALIDATION.csv | пайплайн сокомандника/review_bundles/fixedstack_combo10h_REVIEW_BUNDLE_20260823_054654_extracted/results/ALL_VALIDATION.csv | пайплайн сокомандника/review_bundles/fixedstack_combo10h_REVIEW_BUNDLE_20260823_054654_extracted/results/combo_validation_after_recent_hurdle_fast12.csv | пайплайн сокомандника/review_bundles/fixedstack_combo10h_REVIEW_BUNDLE_20260823_054654_extracted/results/combo_validation_after_recent_hurdle_stable18.csv | пайплайн сокомандника/review_bundles/fixedstack_combo10h_REVIEW_BUNDLE_20260823_054654_extracted/results/combo_validation_existing.csv | пайплайн сокомандника/review_bundles/fixedstack_combo10h_REVIEW_BUNDLE_20260823_054654_extracted/results/combo_validation_final.csv | пайплайн сокомандника/review_bundles/fixedstack_combo10h_REVIEW_BUNDLE_20260823_054654_extracted/results/combo_validation_final_reload.csv | пайплайн сокомандника/review_bundles/fixedstack_combo10h_REVIEW_BUNDLE_20260823_054654_extracted/results/SHORTLIST_VALIDATION.csv,external teammate review bundles,NOT_IN_GIT_HISTORY,пайплайн сокомандника/research_scripts/continue_fixedstack_combo_10h.py | пайплайн сокомандника/research_scripts/continue_best_bas_final6h.py | пайплайн сокомандника/research_scripts/materialize_final6h_extra90m.py | пайплайн сокомандника/research_scripts/run_best_bas_fixedstack_14h_v2.py,,"Ridge, two-part / hurdle",227 tabular features,Source: `пайплайн сокомандника/review_bundles/extra90_REVIEW_BUNDLE_20260823_222555_extracted/results/ALL_EXTRA90_VALIDATION.csv`,| wcv | 1.7481992525836516 |,None documented,Seed from src/config.py unless the preserved card explicitly states otherwise,See preserved experiment card and frozen implementation,None documented,Competition train.parquet and sample_submit.csv; additional artifacts are listed in the card,PARTIAL: exact result rows and runner code survive; checkpoint bank and raw data are external,Recovered from 13 result-table row(s); no score or parameter was inferred.,README.md
teammate_candidate__bias_p_spread_cand_pband_stack,teammate_candidate,bias_p_spread_cand_pband_stack,Teammate candidate — bias_p_spread_cand_pband_stack,completed teammate candidate/subrun,пайплайн сокомандника/review_bundles/extra90_REVIEW_BUNDLE_20260823_222555_extracted/results/ALL_EXTRA90_VALIDATION.csv | пайплайн сокомандника/review_bundles/extra90_REVIEW_BUNDLE_20260823_222555_extracted/results/combo_validation_extra90.csv | пайплайн сокомандника/review_bundles/extra90_REVIEW_BUNDLE_20260823_222555_extracted/results/STABLE_BRANCH_VALIDATION.csv | пайплайн сокомандника/review_bundles/final6h_REVIEW_BUNDLE_20260823_204823_extracted/results/ALL_FINAL6H_VALIDATION.csv | пайплайн сокомандника/review_bundles/final6h_REVIEW_BUNDLE_20260823_204823_extracted/results/combo_validation_final6h_base.csv | пайплайн сокомандника/review_bundles/final6h_REVIEW_BUNDLE_20260823_204823_extracted/results/FAMILY_BEST.csv | пайплайн сокомандника/review_bundles/final6h_REVIEW_BUNDLE_20260823_204823_extracted/results/STABLE_BRANCH_VALIDATION.csv | пайплайн сокомандника/review_bundles/fixedstack_combo10h_REVIEW_BUNDLE_20260823_054654_extracted/results/ALL_VALIDATION.csv | пайплайн сокомандника/review_bundles/fixedstack_combo10h_REVIEW_BUNDLE_20260823_054654_extracted/results/combo_validation_after_recent_hurdle_fast12.csv | пайплайн сокомандника/review_bundles/fixedstack_combo10h_REVIEW_BUNDLE_20260823_054654_extracted/results/combo_validation_after_recent_hurdle_stable18.csv | пайплайн сокомандника/review_bundles/fixedstack_combo10h_REVIEW_BUNDLE_20260823_054654_extracted/results/combo_validation_existing.csv | пайплайн сокомандника/review_bundles/fixedstack_combo10h_REVIEW_BUNDLE_20260823_054654_extracted/results/combo_validation_final.csv | пайплайн сокомандника/review_bundles/fixedstack_combo10h_REVIEW_BUNDLE_20260823_054654_extracted/results/combo_validation_final_reload.csv | пайплайн сокомандника/review_bundles/fixedstack_combo10h_REVIEW_BUNDLE_20260823_054654_extracted/results/SHORTLIST_VALIDATION.csv,external teammate review bundles,NOT_IN_GIT_HISTORY,пайплайн сокомандника/research_scripts/continue_fixedstack_combo_10h.py | пайплайн сокомандника/research_scripts/continue_best_bas_final6h.py | пайплайн сокомандника/research_scripts/materialize_final6h_extra90m.py | пайплайн сокомандника/research_scripts/run_best_bas_fixedstack_14h_v2.py,,two-part / hurdle,See preserved experiment card and implementation,Source: `пайплайн сокомандника/review_bundles/extra90_REVIEW_BUNDLE_20260823_222555_extracted/results/ALL_EXTRA90_VALIDATION.csv`,| wcv | 1.748168500786178 |,None documented,Seed from src/config.py unless the preserved card explicitly states otherwise,See preserved experiment card and frozen implementation,None documented,Competition train.parquet and sample_submit.csv; additional artifacts are listed in the card,PARTIAL: exact result rows and runner code survive; checkpoint bank and raw data are external,Recovered from 14 result-table row(s); no score or parameter was inferred.,README.md
teammate_candidate__bias_p_spread_ridge_recentpow1p7_s075,teammate_candidate,bias_p_spread_ridge_recentpow1p7_s075,Teammate candidate — bias_p_spread_ridge_recentpow1p7_s075,completed teammate candidate/subrun,пайплайн сокомандника/review_bundles/extra90_REVIEW_BUNDLE_20260823_222555_extracted/results/ALL_EXTRA90_VALIDATION.csv | пайплайн сокомандника/review_bundles/extra90_REVIEW_BUNDLE_20260823_222555_extracted/results/combo_validation_extra90.csv | пайплайн сокомандника/review_bundles/extra90_REVIEW_BUNDLE_20260823_222555_extracted/results/STABLE_BRANCH_VALIDATION.csv | пайплайн сокомандника/review_bundles/final6h_REVIEW_BUNDLE_20260823_204823_extracted/results/ALL_FINAL6H_VALIDATION.csv | пайплайн сокомандника/review_bundles/final6h_REVIEW_BUNDLE_20260823_204823_extracted/results/combo_validation_final6h_base.csv | пайплайн сокомандника/review_bundles/final6h_REVIEW_BUNDLE_20260823_204823_extracted/results/STABLE_BRANCH_VALIDATION.csv | пайплайн сокомандника/review_bundles/fixedstack_combo10h_REVIEW_BUNDLE_20260823_054654_extracted/results/ALL_VALIDATION.csv | пайплайн сокомандника/review_bundles/fixedstack_combo10h_REVIEW_BUNDLE_20260823_054654_extracted/results/combo_validation_after_recent_hurdle_fast12.csv | пайплайн сокомандника/review_bundles/fixedstack_combo10h_REVIEW_BUNDLE_20260823_054654_extracted/results/combo_validation_after_recent_hurdle_stable18.csv | пайплайн сокомандника/review_bundles/fixedstack_combo10h_REVIEW_BUNDLE_20260823_054654_extracted/results/combo_validation_existing.csv | пайплайн сокомандника/review_bundles/fixedstack_combo10h_REVIEW_BUNDLE_20260823_054654_extracted/results/combo_validation_final.csv | пайплайн сокомандника/review_bundles/fixedstack_combo10h_REVIEW_BUNDLE_20260823_054654_extracted/results/combo_validation_final_reload.csv | пайплайн сокомандника/review_bundles/fixedstack_combo10h_REVIEW_BUNDLE_20260823_054654_extracted/results/SHORTLIST_VALIDATION.csv,external teammate review bundles,NOT_IN_GIT_HISTORY,пайплайн сокомандника/research_scripts/continue_fixedstack_combo_10h.py | пайплайн сокомандника/research_scripts/continue_best_bas_final6h.py | пайплайн сокомандника/research_scripts/materialize_final6h_extra90m.py | пайплайн сокомандника/research_scripts/run_best_bas_fixedstack_14h_v2.py,,"Ridge, two-part / hurdle",See preserved experiment card and implementation,Source: `пайплайн сокомандника/review_bundles/extra90_REVIEW_BUNDLE_20260823_222555_extracted/results/ALL_EXTRA90_VALIDATION.csv`,| wcv | 1.7481933570267671 |,None documented,Seed from src/config.py unless the preserved card explicitly states otherwise,See preserved experiment card and frozen implementation,None documented,Competition train.parquet and sample_submit.csv; additional artifacts are listed in the card,PARTIAL: exact result rows and runner code survive; checkpoint bank and raw data are external,Recovered from 13 result-table row(s); no score or parameter was inferred.,README.md
teammate_candidate__blend_ridge_recentpow1p7_s075_greedy35_finalizable_pr70,teammate_candidate,blend_ridge_recentpow1p7_s075__greedy35_finalizable_pr70,Teammate candidate — blend_ridge_recentpow1p7_s075__greedy35_finalizable_pr70,completed teammate candidate/subrun,пайплайн сокомандника/review_bundles/extra90_REVIEW_BUNDLE_20260823_222555_extracted/results/ALL_EXTRA90_VALIDATION.csv | пайплайн сокомандника/review_bundles/extra90_REVIEW_BUNDLE_20260823_222555_extracted/results/combo_validation_extra90.csv | пайплайн сокомандника/review_bundles/extra90_REVIEW_BUNDLE_20260823_222555_extracted/results/STABLE_BRANCH_VALIDATION.csv | пайплайн сокомандника/review_bundles/final6h_REVIEW_BUNDLE_20260823_204823_extracted/results/ALL_FINAL6H_VALIDATION.csv | пайплайн сокомандника/review_bundles/final6h_REVIEW_BUNDLE_20260823_204823_extracted/results/combo_validation_final6h_base.csv | пайплайн сокомандника/review_bundles/final6h_REVIEW_BUNDLE_20260823_204823_extracted/results/STABLE_BRANCH_VALIDATION.csv | пайплайн сокомандника/review_bundles/fixedstack_combo10h_REVIEW_BUNDLE_20260823_054654_extracted/results/ALL_VALIDATION.csv | пайплайн сокомандника/review_bundles/fixedstack_combo10h_REVIEW_BUNDLE_20260823_054654_extracted/results/combo_validation_after_recent_hurdle_fast12.csv | пайплайн сокомандника/review_bundles/fixedstack_combo10h_REVIEW_BUNDLE_20260823_054654_extracted/results/combo_validation_after_recent_hurdle_stable18.csv | пайплайн сокомандника/review_bundles/fixedstack_combo10h_REVIEW_BUNDLE_20260823_054654_extracted/results/combo_validation_existing.csv | пайплайн сокомандника/review_bundles/fixedstack_combo10h_REVIEW_BUNDLE_20260823_054654_extracted/results/combo_validation_final.csv | пайплайн сокомандника/review_bundles/fixedstack_combo10h_REVIEW_BUNDLE_20260823_054654_extracted/results/combo_validation_final_reload.csv | пайплайн сокомандника/review_bundles/fixedstack_combo10h_REVIEW_BUNDLE_20260823_054654_extracted/results/SHORTLIST_VALIDATION.csv,external teammate review bundles,NOT_IN_GIT_HISTORY,пайплайн сокомандника/research_scripts/continue_fixedstack_combo_10h.py | пайплайн сокомандника/research_scripts/continue_best_bas_final6h.py | пайплайн сокомандника/research_scripts/materialize_final6h_extra90m.py | пайплайн сокомандника/research_scripts/run_best_bas_fixedstack_14h_v2.py,,"Ridge, two-part / hurdle, blend",See preserved experiment card and implementation,Source: `пайплайн сокомандника/review_bundles/extra90_REVIEW_BUNDLE_20260823_222555_extracted/results/ALL_EXTRA90_VALIDATION.csv`,| wcv | 1.7481674392686297 |,None documented,Seed from src/config.py unless the preserved card explicitly states otherwise,See preserved experiment card and frozen implementation,None documented,Competition train.parquet and sample_submit.csv; additional artifacts are listed in the card,PARTIAL: exact result rows and runner code survive; checkpoint bank and raw data are external,Recovered from 13 result-table row(s); no score or parameter was inferred.,README.md
teammate_candidate__blend_ridge_recentpow1p7_s075_greedy35_finalizable_pr85,teammate_candidate,blend_ridge_recentpow1p7_s075__greedy35_finalizable_pr85,Teammate candidate — blend_ridge_recentpow1p7_s075__greedy35_finalizable_pr85,completed teammate candidate/subrun,пайплайн сокомандника/review_bundles/extra90_REVIEW_BUNDLE_20260823_222555_extracted/results/ALL_EXTRA90_VALIDATION.csv | пайплайн сокомандника/review_bundles/extra90_REVIEW_BUNDLE_20260823_222555_extracted/results/combo_validation_extra90.csv | пайплайн сокомандника/review_bundles/extra90_REVIEW_BUNDLE_20260823_222555_extracted/results/FINAL_FOUR.csv | пайплайн сокомандника/review_bundles/extra90_REVIEW_BUNDLE_20260823_222555_extracted/results/MATERIALIZED_CANDIDATES.csv | пайплайн сокомандника/review_bundles/extra90_REVIEW_BUNDLE_20260823_222555_extracted/results/STABLE_BRANCH_VALIDATION.csv | пайплайн сокомандника/review_bundles/final6h_REVIEW_BUNDLE_20260823_204823_extracted/results/ALL_FINAL6H_VALIDATION.csv | пайплайн сокомандника/review_bundles/final6h_REVIEW_BUNDLE_20260823_204823_extracted/results/combo_validation_final6h_base.csv | пайплайн сокомандника/review_bundles/final6h_REVIEW_BUNDLE_20260823_204823_extracted/results/FAMILY_BEST.csv | пайплайн сокомандника/review_bundles/final6h_REVIEW_BUNDLE_20260823_204823_extracted/results/FINAL_SUBMISSIONS.csv | пайплайн сокомандника/review_bundles/final6h_REVIEW_BUNDLE_20260823_204823_extracted/results/FINAL_TWO_METRICS.csv | пайплайн сокомандника/review_bundles/final6h_REVIEW_BUNDLE_20260823_204823_extracted/results/STABLE_BRANCH_VALIDATION.csv | пайплайн сокомандника/review_bundles/fixedstack_combo10h_REVIEW_BUNDLE_20260823_054654_extracted/results/ALL_VALIDATION.csv | пайплайн сокомандника/review_bundles/fixedstack_combo10h_REVIEW_BUNDLE_20260823_054654_extracted/results/combo_validation_after_recent_hurdle_fast12.csv | пайплайн сокомандника/review_bundles/fixedstack_combo10h_REVIEW_BUNDLE_20260823_054654_extracted/results/combo_validation_after_recent_hurdle_stable18.csv | пайплайн сокомандника/review_bundles/fixedstack_combo10h_REVIEW_BUNDLE_20260823_054654_extracted/results/combo_validation_existing.csv | пайплайн сокомандника/review_bundles/fixedstack_combo10h_REVIEW_BUNDLE_20260823_054654_extracted/results/combo_validation_final.csv | пайплайн сокомандника/review_bundles/fixedstack_combo10h_REVIEW_BUNDLE_20260823_054654_extracted/results/combo_validation_final_reload.csv | пайплайн сокомандника/review_bundles/fixedstack_combo10h_REVIEW_BUNDLE_20260823_054654_extracted/results/SHORTLIST_VALIDATION.csv,external teammate review bundles,NOT_IN_GIT_HISTORY,пайплайн сокомандника/research_scripts/continue_fixedstack_combo_10h.py | пайплайн сокомандника/research_scripts/continue_best_bas_final6h.py | пайплайн сокомандника/research_scripts/materialize_final6h_extra90m.py | пайплайн сокомандника/research_scripts/run_best_bas_fixedstack_14h_v2.py,,"Ridge, two-part / hurdle, blend",See preserved experiment card and implementation,Source: `пайплайн сокомандника/review_bundles/extra90_REVIEW_BUNDLE_20260823_222555_extracted/results/ALL_EXTRA90_VALIDATION.csv`,| wcv | 1.7481529381120562 |,| corr__submission_continue12h_3_diverse_class1_over_guard | 0.7673262674231839 |,Seed from src/config.py unless the preserved card explicitly states otherwise,See preserved experiment card and frozen implementation,None documented,Competition train.parquet and sample_submit.csv; additional artifacts are listed in the card,PARTIAL: exact result rows and runner code survive; checkpoint bank and raw data are external,Recovered from 18 result-table row(s); no score or parameter was inferred.,README.md
teammate_candidate__blend_ridge_recentpow1p7_s075_occ_platt_guard_pr70,teammate_candidate,blend_ridge_recentpow1p7_s075__occ_platt_guard_pr70,Teammate candidate — blend_ridge_recentpow1p7_s075__occ_platt_guard_pr70,completed teammate candidate/subrun,пайплайн сокомандника/review_bundles/extra90_REVIEW_BUNDLE_20260823_222555_extracted/results/ALL_EXTRA90_VALIDATION.csv | пайплайн сокомандника/review_bundles/extra90_REVIEW_BUNDLE_20260823_222555_extracted/results/combo_validation_extra90.csv | пайплайн сокомандника/review_bundles/extra90_REVIEW_BUNDLE_20260823_222555_extracted/results/STABLE_BRANCH_VALIDATION.csv | пайплайн сокомандника/review_bundles/final6h_REVIEW_BUNDLE_20260823_204823_extracted/results/ALL_FINAL6H_VALIDATION.csv | пайплайн сокомандника/review_bundles/final6h_REVIEW_BUNDLE_20260823_204823_extracted/results/combo_validation_final6h_base.csv | пайплайн сокомандника/review_bundles/final6h_REVIEW_BUNDLE_20260823_204823_extracted/results/STABLE_BRANCH_VALIDATION.csv | пайплайн сокомандника/review_bundles/fixedstack_combo10h_REVIEW_BUNDLE_20260823_054654_extracted/results/ALL_VALIDATION.csv | пайплайн сокомандника/review_bundles/fixedstack_combo10h_REVIEW_BUNDLE_20260823_054654_extracted/results/combo_validation_after_recent_hurdle_fast12.csv | пайплайн сокомандника/review_bundles/fixedstack_combo10h_REVIEW_BUNDLE_20260823_054654_extracted/results/combo_validation_after_recent_hurdle_stable18.csv | пайплайн сокомандника/review_bundles/fixedstack_combo10h_REVIEW_BUNDLE_20260823_054654_extracted/results/combo_validation_existing.csv | пайплайн сокомандника/review_bundles/fixedstack_combo10h_REVIEW_BUNDLE_20260823_054654_extracted/results/combo_validation_final.csv | пайплайн сокомандника/review_bundles/fixedstack_combo10h_REVIEW_BUNDLE_20260823_054654_extracted/results/combo_validation_final_reload.csv,external teammate review bundles,NOT_IN_GIT_HISTORY,пайплайн сокомандника/research_scripts/continue_fixedstack_combo_10h.py | пайплайн сокомандника/research_scripts/continue_best_bas_final6h.py | пайплайн сокомандника/research_scripts/materialize_final6h_extra90m.py | пайплайн сокомандника/research_scripts/run_best_bas_fixedstack_14h_v2.py,,"Ridge, two-part / hurdle, blend",See preserved experiment card and implementation,Source: `пайплайн сокомандника/review_bundles/extra90_REVIEW_BUNDLE_20260823_222555_extracted/results/ALL_EXTRA90_VALIDATION.csv`,| wcv | 1.7483408233315214 |,None documented,Seed from src/config.py unless the preserved card explicitly states otherwise,See preserved experiment card and frozen implementation,None documented,Competition train.parquet and sample_submit.csv; additional artifacts are listed in the card,PARTIAL: exact result rows and runner code survive; checkpoint bank and raw data are external,Recovered from 12 result-table row(s); no score or parameter was inferred.,README.md
teammate_candidate__blend_ridge_recentpow1p7_s075_occ_platt_guard_pr85,teammate_candidate,blend_ridge_recentpow1p7_s075__occ_platt_guard_pr85,Teammate candidate — blend_ridge_recentpow1p7_s075__occ_platt_guard_pr85,completed teammate candidate/subrun,пайплайн сокомандника/review_bundles/extra90_REVIEW_BUNDLE_20260823_222555_extracted/results/ALL_EXTRA90_VALIDATION.csv | пайплайн сокомандника/review_bundles/extra90_REVIEW_BUNDLE_20260823_222555_extracted/results/combo_validation_extra90.csv | пайплайн сокомандника/review_bundles/extra90_REVIEW_BUNDLE_20260823_222555_extracted/results/STABLE_BRANCH_VALIDATION.csv | пайплайн сокомандника/review_bundles/final6h_REVIEW_BUNDLE_20260823_204823_extracted/results/ALL_FINAL6H_VALIDATION.csv | пайплайн сокомандника/review_bundles/final6h_REVIEW_BUNDLE_20260823_204823_extracted/results/combo_validation_final6h_base.csv | пайплайн сокомандника/review_bundles/final6h_REVIEW_BUNDLE_20260823_204823_extracted/results/STABLE_BRANCH_VALIDATION.csv | пайплайн сокомандника/review_bundles/fixedstack_combo10h_REVIEW_BUNDLE_20260823_054654_extracted/results/ALL_VALIDATION.csv | пайплайн сокомандника/review_bundles/fixedstack_combo10h_REVIEW_BUNDLE_20260823_054654_extracted/results/combo_validation_after_recent_hurdle_fast12.csv | пайплайн сокомандника/review_bundles/fixedstack_combo10h_REVIEW_BUNDLE_20260823_054654_extracted/results/combo_validation_after_recent_hurdle_stable18.csv | пайплайн сокомандника/review_bundles/fixedstack_combo10h_REVIEW_BUNDLE_20260823_054654_extracted/results/combo_validation_existing.csv | пайплайн сокомандника/review_bundles/fixedstack_combo10h_REVIEW_BUNDLE_20260823_054654_extracted/results/combo_validation_final.csv | пайплайн сокомандника/review_bundles/fixedstack_combo10h_REVIEW_BUNDLE_20260823_054654_extracted/results/combo_validation_final_reload.csv | пайплайн сокомандника/review_bundles/fixedstack_combo10h_REVIEW_BUNDLE_20260823_054654_extracted/results/SHORTLIST_VALIDATION.csv,external teammate review bundles,NOT_IN_GIT_HISTORY,пайплайн сокомандника/research_scripts/continue_fixedstack_combo_10h.py | пайплайн сокомандника/research_scripts/continue_best_bas_final6h.py | пайплайн сокомандника/research_scripts/materialize_final6h_extra90m.py | пайплайн сокомандника/research_scripts/run_best_bas_fixedstack_14h_v2.py,,"Ridge, two-part / hurdle, blend",227 tabular features,Source: `пайплайн сокомандника/review_bundles/extra90_REVIEW_BUNDLE_20260823_222555_extracted/results/ALL_EXTRA90_VALIDATION.csv`,| wcv | 1.7482386069750073 |,None documented,Seed from src/config.py unless the preserved card explicitly states otherwise,See preserved experiment card and frozen implementation,None documented,Competition train.parquet and sample_submit.csv; additional artifacts are listed in the card,PARTIAL: exact result rows and runner code survive; checkpoint bank and raw data are external,Recovered from 13 result-table row(s); no score or parameter was inferred.,README.md
teammate_candidate__blend_ridge_recentpow1p7_s075_pband_finalizable_pr70,teammate_candidate,blend_ridge_recentpow1p7_s075__pband_finalizable_pr70,Teammate candidate — blend_ridge_recentpow1p7_s075__pband_finalizable_pr70,completed teammate candidate/subrun,пайплайн сокомандника/review_bundles/extra90_REVIEW_BUNDLE_20260823_222555_extracted/results/ALL_EXTRA90_VALIDATION.csv | пайплайн сокомандника/review_bundles/extra90_REVIEW_BUNDLE_20260823_222555_extracted/results/combo_validation_extra90.csv | пайплайн сокомандника/review_bundles/extra90_REVIEW_BUNDLE_20260823_222555_extracted/results/STABLE_BRANCH_VALIDATION.csv | пайплайн сокомандника/review_bundles/final6h_REVIEW_BUNDLE_20260823_204823_extracted/results/ALL_FINAL6H_VALIDATION.csv | пайплайн сокомандника/review_bundles/final6h_REVIEW_BUNDLE_20260823_204823_extracted/results/combo_validation_final6h_base.csv | пайплайн сокомандника/review_bundles/final6h_REVIEW_BUNDLE_20260823_204823_extracted/results/STABLE_BRANCH_VALIDATION.csv | пайплайн сокомандника/review_bundles/fixedstack_combo10h_REVIEW_BUNDLE_20260823_054654_extracted/results/ALL_VALIDATION.csv | пайплайн сокомандника/review_bundles/fixedstack_combo10h_REVIEW_BUNDLE_20260823_054654_extracted/results/combo_validation_after_recent_hurdle_fast12.csv | пайплайн сокомандника/review_bundles/fixedstack_combo10h_REVIEW_BUNDLE_20260823_054654_extracted/results/combo_validation_after_recent_hurdle_stable18.csv | пайплайн сокомандника/review_bundles/fixedstack_combo10h_REVIEW_BUNDLE_20260823_054654_extracted/results/combo_validation_existing.csv | пайплайн сокомандника/review_bundles/fixedstack_combo10h_REVIEW_BUNDLE_20260823_054654_extracted/results/combo_validation_final.csv | пайплайн сокомандника/review_bundles/fixedstack_combo10h_REVIEW_BUNDLE_20260823_054654_extracted/results/combo_validation_final_reload.csv | пайплайн сокомандника/review_bundles/fixedstack_combo10h_REVIEW_BUNDLE_20260823_054654_extracted/results/SHORTLIST_VALIDATION.csv,external teammate review bundles,NOT_IN_GIT_HISTORY,пайплайн сокомандника/research_scripts/continue_fixedstack_combo_10h.py | пайплайн сокомандника/research_scripts/continue_best_bas_final6h.py | пайплайн сокомандника/research_scripts/materialize_final6h_extra90m.py | пайплайн сокомандника/research_scripts/run_best_bas_fixedstack_14h_v2.py,,"Ridge, two-part / hurdle, blend",See preserved experiment card and implementation,Source: `пайплайн сокомандника/review_bundles/extra90_REVIEW_BUNDLE_20260823_222555_extracted/results/ALL_EXTRA90_VALIDATION.csv`,| wcv | 1.7482571035550702 |,None documented,Seed from src/config.py unless the preserved card explicitly states otherwise,See preserved experiment card and frozen implementation,None documented,Competition train.parquet and sample_submit.csv; additional artifacts are listed in the card,PARTIAL: exact result rows and runner code survive; checkpoint bank and raw data are external,Recovered from 13 result-table row(s); no score or parameter was inferred.,README.md
teammate_candidate__blend_ridge_recentpow1p7_s075_pband_finalizable_pr85,teammate_candidate,blend_ridge_recentpow1p7_s075__pband_finalizable_pr85,Teammate candidate — blend_ridge_recentpow1p7_s075__pband_finalizable_pr85,completed teammate candidate/subrun,пайплайн сокомандника/review_bundles/extra90_REVIEW_BUNDLE_20260823_222555_extracted/results/ALL_EXTRA90_VALIDATION.csv | пайплайн сокомандника/review_bundles/extra90_REVIEW_BUNDLE_20260823_222555_extracted/results/combo_validation_extra90.csv | пайплайн сокомандника/review_bundles/extra90_REVIEW_BUNDLE_20260823_222555_extracted/results/STABLE_BRANCH_VALIDATION.csv | пайплайн сокомандника/review_bundles/final6h_REVIEW_BUNDLE_20260823_204823_extracted/results/ALL_FINAL6H_VALIDATION.csv | пайплайн сокомандника/review_bundles/final6h_REVIEW_BUNDLE_20260823_204823_extracted/results/combo_validation_final6h_base.csv | пайплайн сокомандника/review_bundles/final6h_REVIEW_BUNDLE_20260823_204823_extracted/results/STABLE_BRANCH_VALIDATION.csv | пайплайн сокомандника/review_bundles/fixedstack_combo10h_REVIEW_BUNDLE_20260823_054654_extracted/results/ALL_VALIDATION.csv | пайплайн сокомандника/review_bundles/fixedstack_combo10h_REVIEW_BUNDLE_20260823_054654_extracted/results/combo_validation_after_recent_hurdle_fast12.csv | пайплайн сокомандника/review_bundles/fixedstack_combo10h_REVIEW_BUNDLE_20260823_054654_extracted/results/combo_validation_after_recent_hurdle_stable18.csv | пайплайн сокомандника/review_bundles/fixedstack_combo10h_REVIEW_BUNDLE_20260823_054654_extracted/results/combo_validation_existing.csv | пайплайн сокомандника/review_bundles/fixedstack_combo10h_REVIEW_BUNDLE_20260823_054654_extracted/results/combo_validation_final.csv | пайплайн сокомандника/review_bundles/fixedstack_combo10h_REVIEW_BUNDLE_20260823_054654_extracted/results/combo_validation_final_reload.csv | пайплайн сокомандника/review_bundles/fixedstack_combo10h_REVIEW_BUNDLE_20260823_054654_extracted/results/SHORTLIST_VALIDATION.csv,external teammate review bundles,NOT_IN_GIT_HISTORY,пайплайн сокомандника/research_scripts/continue_fixedstack_combo_10h.py | пайплайн сокомандника/research_scripts/continue_best_bas_final6h.py | пайплайн сокомандника/research_scripts/materialize_final6h_extra90m.py | пайплайн сокомандника/research_scripts/run_best_bas_fixedstack_14h_v2.py,,"Ridge, two-part / hurdle, blend",See preserved experiment card and implementation,Source: `пайплайн сокомандника/review_bundles/extra90_REVIEW_BUNDLE_20260823_222555_extracted/results/ALL_EXTRA90_VALIDATION.csv`,| wcv | 1.7482007524491654 |,None documented,Seed from src/config.py unless the preserved card explicitly states otherwise,See preserved experiment card and frozen implementation,None documented,Competition train.parquet and sample_submit.csv; additional artifacts are listed in the card,PARTIAL: exact result rows and runner code survive; checkpoint bank and raw data are external,Recovered from 13 result-table row(s); no score or parameter was inferred.,README.md
teammate_candidate__blend_ridge_recentpow1p7_s075_ridge_predonly_finalizable_pr70,teammate_candidate,blend_ridge_recentpow1p7_s075__ridge_predonly_finalizable_pr70,Teammate candidate — blend_ridge_recentpow1p7_s075__ridge_predonly_finalizable_pr70,completed teammate candidate/subrun,пайплайн сокомандника/review_bundles/extra90_REVIEW_BUNDLE_20260823_222555_extracted/results/ALL_EXTRA90_VALIDATION.csv | пайплайн сокомандника/review_bundles/extra90_REVIEW_BUNDLE_20260823_222555_extracted/results/combo_validation_extra90.csv | пайплайн сокомандника/review_bundles/extra90_REVIEW_BUNDLE_20260823_222555_extracted/results/STABLE_BRANCH_VALIDATION.csv | пайплайн сокомандника/review_bundles/final6h_REVIEW_BUNDLE_20260823_204823_extracted/results/ALL_FINAL6H_VALIDATION.csv | пайплайн сокомандника/review_bundles/final6h_REVIEW_BUNDLE_20260823_204823_extracted/results/combo_validation_final6h_base.csv | пайплайн сокомандника/review_bundles/final6h_REVIEW_BUNDLE_20260823_204823_extracted/results/STABLE_BRANCH_VALIDATION.csv | пайплайн сокомандника/review_bundles/fixedstack_combo10h_REVIEW_BUNDLE_20260823_054654_extracted/results/ALL_VALIDATION.csv | пайплайн сокомандника/review_bundles/fixedstack_combo10h_REVIEW_BUNDLE_20260823_054654_extracted/results/combo_validation_after_recent_hurdle_fast12.csv | пайплайн сокомандника/review_bundles/fixedstack_combo10h_REVIEW_BUNDLE_20260823_054654_extracted/results/combo_validation_after_recent_hurdle_stable18.csv | пайплайн сокомандника/review_bundles/fixedstack_combo10h_REVIEW_BUNDLE_20260823_054654_extracted/results/combo_validation_existing.csv | пайплайн сокомандника/review_bundles/fixedstack_combo10h_REVIEW_BUNDLE_20260823_054654_extracted/results/combo_validation_final.csv | пайплайн сокомандника/review_bundles/fixedstack_combo10h_REVIEW_BUNDLE_20260823_054654_extracted/results/combo_validation_final_reload.csv | пайплайн сокомандника/review_bundles/fixedstack_combo10h_REVIEW_BUNDLE_20260823_054654_extracted/results/SHORTLIST_VALIDATION.csv,external teammate review bundles,NOT_IN_GIT_HISTORY,пайплайн сокомандника/research_scripts/continue_fixedstack_combo_10h.py | пайплайн сокомандника/research_scripts/continue_best_bas_final6h.py | пайплайн сокомандника/research_scripts/materialize_final6h_extra90m.py | пайплайн сокомандника/research_scripts/run_best_bas_fixedstack_14h_v2.py,,"Ridge, two-part / hurdle, blend",227 tabular features,Source: `пайплайн сокомандника/review_bundles/extra90_REVIEW_BUNDLE_20260823_222555_extracted/results/ALL_EXTRA90_VALIDATION.csv`,| wcv | 1.7481815881252274 |,None documented,Seed from src/config.py unless the preserved card explicitly states otherwise,See preserved experiment card and frozen implementation,None documented,Competition train.parquet and sample_submit.csv; additional artifacts are listed in the card,PARTIAL: exact result rows and runner code survive; checkpoint bank and raw data are external,Recovered from 13 result-table row(s); no score or parameter was inferred.,README.md
teammate_candidate__blend_ridge_recentpow1p7_s075_ridge_predonly_finalizable_pr85,teammate_candidate,blend_ridge_recentpow1p7_s075__ridge_predonly_finalizable_pr85,Teammate candidate — blend_ridge_recentpow1p7_s075__ridge_predonly_finalizable_pr85,completed teammate candidate/subrun,пайплайн сокомандника/review_bundles/extra90_REVIEW_BUNDLE_20260823_222555_extracted/results/ALL_EXTRA90_VALIDATION.csv | пайплайн сокомандника/review_bundles/extra90_REVIEW_BUNDLE_20260823_222555_extracted/results/combo_validation_extra90.csv | пайплайн сокомандника/review_bundles/extra90_REVIEW_BUNDLE_20260823_222555_extracted/results/STABLE_BRANCH_VALIDATION.csv | пайплайн сокомандника/review_bundles/final6h_REVIEW_BUNDLE_20260823_204823_extracted/results/ALL_FINAL6H_VALIDATION.csv | пайплайн сокомандника/review_bundles/final6h_REVIEW_BUNDLE_20260823_204823_extracted/results/combo_validation_final6h_base.csv | пайплайн сокомандника/review_bundles/final6h_REVIEW_BUNDLE_20260823_204823_extracted/results/STABLE_BRANCH_VALIDATION.csv | пайплайн сокомандника/review_bundles/fixedstack_combo10h_REVIEW_BUNDLE_20260823_054654_extracted/results/ALL_VALIDATION.csv | пайплайн сокомандника/review_bundles/fixedstack_combo10h_REVIEW_BUNDLE_20260823_054654_extracted/results/combo_validation_after_recent_hurdle_fast12.csv | пайплайн сокомандника/review_bundles/fixedstack_combo10h_REVIEW_BUNDLE_20260823_054654_extracted/results/combo_validation_after_recent_hurdle_stable18.csv | пайплайн сокомандника/review_bundles/fixedstack_combo10h_REVIEW_BUNDLE_20260823_054654_extracted/results/combo_validation_existing.csv | пайплайн сокомандника/review_bundles/fixedstack_combo10h_REVIEW_BUNDLE_20260823_054654_extracted/results/combo_validation_final.csv | пайплайн сокомандника/review_bundles/fixedstack_combo10h_REVIEW_BUNDLE_20260823_054654_extracted/results/combo_validation_final_reload.csv | пайплайн сокомандника/review_bundles/fixedstack_combo10h_REVIEW_BUNDLE_20260823_054654_extracted/results/SHORTLIST_VALIDATION.csv,external teammate review bundles,NOT_IN_GIT_HISTORY,пайплайн сокомандника/research_scripts/continue_fixedstack_combo_10h.py | пайплайн сокомандника/research_scripts/continue_best_bas_final6h.py | пайплайн сокомандника/research_scripts/materialize_final6h_extra90m.py | пайплайн сокомандника/research_scripts/run_best_bas_fixedstack_14h_v2.py,,"Ridge, two-part / hurdle, blend",See preserved experiment card and implementation,Source: `пайплайн сокомандника/review_bundles/extra90_REVIEW_BUNDLE_20260823_222555_extracted/results/ALL_EXTRA90_VALIDATION.csv`,| wcv | 1.7481707267571827 |,None documented,Seed from src/config.py unless the preserved card explicitly states otherwise,See preserved experiment card and frozen implementation,None documented,Competition train.parquet and sample_submit.csv; additional artifacts are listed in the card,PARTIAL: exact result rows and runner code survive; checkpoint bank and raw data are external,Recovered from 13 result-table row(s); no score or parameter was inferred.,README.md
teammate_candidate__blend_ridge_recentpow1p7_s075_simplex_finalizable_pr70,teammate_candidate,blend_ridge_recentpow1p7_s075__simplex_finalizable_pr70,Teammate candidate — blend_ridge_recentpow1p7_s075__simplex_finalizable_pr70,completed teammate candidate/subrun,пайплайн сокомандника/review_bundles/extra90_REVIEW_BUNDLE_20260823_222555_extracted/results/ALL_EXTRA90_VALIDATION.csv | пайплайн сокомандника/review_bundles/extra90_REVIEW_BUNDLE_20260823_222555_extracted/results/combo_validation_extra90.csv | пайплайн сокомандника/review_bundles/extra90_REVIEW_BUNDLE_20260823_222555_extracted/results/STABLE_BRANCH_VALIDATION.csv | пайплайн сокомандника/review_bundles/final6h_REVIEW_BUNDLE_20260823_204823_extracted/results/ALL_FINAL6H_VALIDATION.csv | пайплайн сокомандника/review_bundles/final6h_REVIEW_BUNDLE_20260823_204823_extracted/results/combo_validation_final6h_base.csv | пайплайн сокомандника/review_bundles/final6h_REVIEW_BUNDLE_20260823_204823_extracted/results/STABLE_BRANCH_VALIDATION.csv | пайплайн сокомандника/review_bundles/fixedstack_combo10h_REVIEW_BUNDLE_20260823_054654_extracted/results/ALL_VALIDATION.csv | пайплайн сокомандника/review_bundles/fixedstack_combo10h_REVIEW_BUNDLE_20260823_054654_extracted/results/combo_validation_after_recent_hurdle_fast12.csv | пайплайн сокомандника/review_bundles/fixedstack_combo10h_REVIEW_BUNDLE_20260823_054654_extracted/results/combo_validation_after_recent_hurdle_stable18.csv | пайплайн сокомандника/review_bundles/fixedstack_combo10h_REVIEW_BUNDLE_20260823_054654_extracted/results/combo_validation_existing.csv | пайплайн сокомандника/review_bundles/fixedstack_combo10h_REVIEW_BUNDLE_20260823_054654_extracted/results/combo_validation_final.csv | пайплайн сокомандника/review_bundles/fixedstack_combo10h_REVIEW_BUNDLE_20260823_054654_extracted/results/combo_validation_final_reload.csv,external teammate review bundles,NOT_IN_GIT_HISTORY,пайплайн сокомандника/research_scripts/continue_fixedstack_combo_10h.py | пайплайн сокомандника/research_scripts/continue_best_bas_final6h.py | пайплайн сокомандника/research_scripts/materialize_final6h_extra90m.py | пайплайн сокомандника/research_scripts/run_best_bas_fixedstack_14h_v2.py,,"Ridge, two-part / hurdle, blend",See preserved experiment card and implementation,Source: `пайплайн сокомандника/review_bundles/extra90_REVIEW_BUNDLE_20260823_222555_extracted/results/ALL_EXTRA90_VALIDATION.csv`,| wcv | 1.748260495225981 |,None documented,Seed from src/config.py unless the preserved card explicitly states otherwise,See preserved experiment card and frozen implementation,None documented,Competition train.parquet and sample_submit.csv; additional artifacts are listed in the card,PARTIAL: exact result rows and runner code survive; checkpoint bank and raw data are external,Recovered from 12 result-table row(s); no score or parameter was inferred.,README.md
teammate_candidate__blend_ridge_recentpow1p7_s075_simplex_finalizable_pr85,teammate_candidate,blend_ridge_recentpow1p7_s075__simplex_finalizable_pr85,Teammate candidate — blend_ridge_recentpow1p7_s075__simplex_finalizable_pr85,completed teammate candidate/subrun,пайплайн сокомандника/review_bundles/extra90_REVIEW_BUNDLE_20260823_222555_extracted/results/ALL_EXTRA90_VALIDATION.csv | пайплайн сокомандника/review_bundles/extra90_REVIEW_BUNDLE_20260823_222555_extracted/results/combo_validation_extra90.csv | пайплайн сокомандника/review_bundles/extra90_REVIEW_BUNDLE_20260823_222555_extracted/results/STABLE_BRANCH_VALIDATION.csv | пайплайн сокомандника/review_bundles/final6h_REVIEW_BUNDLE_20260823_204823_extracted/results/ALL_FINAL6H_VALIDATION.csv | пайплайн сокомандника/review_bundles/final6h_REVIEW_BUNDLE_20260823_204823_extracted/results/combo_validation_final6h_base.csv | пайплайн сокомандника/review_bundles/final6h_REVIEW_BUNDLE_20260823_204823_extracted/results/STABLE_BRANCH_VALIDATION.csv | пайплайн сокомандника/review_bundles/fixedstack_combo10h_REVIEW_BUNDLE_20260823_054654_extracted/results/ALL_VALIDATION.csv | пайплайн сокомандника/review_bundles/fixedstack_combo10h_REVIEW_BUNDLE_20260823_054654_extracted/results/combo_validation_after_recent_hurdle_fast12.csv | пайплайн сокомандника/review_bundles/fixedstack_combo10h_REVIEW_BUNDLE_20260823_054654_extracted/results/combo_validation_after_recent_hurdle_stable18.csv | пайплайн сокомандника/review_bundles/fixedstack_combo10h_REVIEW_BUNDLE_20260823_054654_extracted/results/combo_validation_existing.csv | пайплайн сокомандника/review_bundles/fixedstack_combo10h_REVIEW_BUNDLE_20260823_054654_extracted/results/combo_validation_final.csv | пайплайн сокомандника/review_bundles/fixedstack_combo10h_REVIEW_BUNDLE_20260823_054654_extracted/results/combo_validation_final_reload.csv | пайплайн сокомандника/review_bundles/fixedstack_combo10h_REVIEW_BUNDLE_20260823_054654_extracted/results/SHORTLIST_VALIDATION.csv,external teammate review bundles,NOT_IN_GIT_HISTORY,пайплайн сокомандника/research_scripts/continue_fixedstack_combo_10h.py | пайплайн сокомандника/research_scripts/continue_best_bas_final6h.py | пайплайн сокомандника/research_scripts/materialize_final6h_extra90m.py | пайплайн сокомандника/research_scripts/run_best_bas_fixedstack_14h_v2.py,,"Ridge, two-part / hurdle, blend",227 tabular features,Source: `пайплайн сокомандника/review_bundles/extra90_REVIEW_BUNDLE_20260823_222555_extracted/results/ALL_EXTRA90_VALIDATION.csv`,| wcv | 1.7482026148410748 |,None documented,Seed from src/config.py unless the preserved card explicitly states otherwise,See preserved experiment card and frozen implementation,None documented,Competition train.parquet and sample_submit.csv; additional artifacts are listed in the card,PARTIAL: exact result rows and runner code survive; checkpoint bank and raw data are external,Recovered from 13 result-table row(s); no score or parameter was inferred.,README.md
teammate_candidate__cand_pband_stack,teammate_candidate,cand_pband_stack,Teammate candidate — cand_pband_stack,completed teammate candidate/subrun,пайплайн сокомандника/review_bundles/extra90_REVIEW_BUNDLE_20260823_222555_extracted/results/ALL_EXTRA90_VALIDATION.csv | пайплайн сокомандника/review_bundles/extra90_REVIEW_BUNDLE_20260823_222555_extracted/results/combo_validation_extra90.csv | пайплайн сокомандника/review_bundles/extra90_REVIEW_BUNDLE_20260823_222555_extracted/results/STABLE_BRANCH_VALIDATION.csv | пайплайн сокомандника/review_bundles/final6h_REVIEW_BUNDLE_20260823_204823_extracted/results/ALL_FINAL6H_VALIDATION.csv | пайплайн сокомандника/review_bundles/final6h_REVIEW_BUNDLE_20260823_204823_extracted/results/combo_validation_final6h_base.csv | пайплайн сокомандника/review_bundles/final6h_REVIEW_BUNDLE_20260823_204823_extracted/results/FAMILY_BEST.csv | пайплайн сокомандника/review_bundles/final6h_REVIEW_BUNDLE_20260823_204823_extracted/results/STABLE_BRANCH_VALIDATION.csv | пайплайн сокомандника/review_bundles/fixedstack_combo10h_REVIEW_BUNDLE_20260823_054654_extracted/results/ALL_VALIDATION.csv | пайплайн сокомандника/review_bundles/fixedstack_combo10h_REVIEW_BUNDLE_20260823_054654_extracted/results/combo_validation_after_recent_hurdle_fast12.csv | пайплайн сокомандника/review_bundles/fixedstack_combo10h_REVIEW_BUNDLE_20260823_054654_extracted/results/combo_validation_after_recent_hurdle_stable18.csv | пайплайн сокомандника/review_bundles/fixedstack_combo10h_REVIEW_BUNDLE_20260823_054654_extracted/results/combo_validation_existing.csv | пайплайн сокомандника/review_bundles/fixedstack_combo10h_REVIEW_BUNDLE_20260823_054654_extracted/results/combo_validation_final.csv | пайплайн сокомандника/review_bundles/fixedstack_combo10h_REVIEW_BUNDLE_20260823_054654_extracted/results/combo_validation_final_reload.csv | пайплайн сокомандника/review_bundles/fixedstack_combo10h_REVIEW_BUNDLE_20260823_054654_extracted/results/SHORTLIST_VALIDATION.csv,external teammate review bundles,NOT_IN_GIT_HISTORY,пайплайн сокомандника/research_scripts/continue_fixedstack_combo_10h.py | пайплайн сокомандника/research_scripts/continue_best_bas_final6h.py | пайплайн сокомандника/research_scripts/materialize_final6h_extra90m.py | пайплайн сокомандника/research_scripts/run_best_bas_fixedstack_14h_v2.py,,two-part / hurdle,See preserved experiment card and implementation,Source: `пайплайн сокомандника/review_bundles/extra90_REVIEW_BUNDLE_20260823_222555_extracted/results/ALL_EXTRA90_VALIDATION.csv`,| wcv | 1.7481751650423416 |,None documented,Seed from src/config.py unless the preserved card explicitly states otherwise,See preserved experiment card and frozen implementation,None documented,Competition train.parquet and sample_submit.csv; additional artifacts are listed in the card,PARTIAL: exact result rows and runner code survive; checkpoint bank and raw data are external,Recovered from 14 result-table row(s); no score or parameter was inferred.,README.md
teammate_candidate__cand_simplex_l0p08,teammate_candidate,cand_simplex_l0p08,Teammate candidate — cand_simplex_l0p08,completed teammate candidate/subrun,пайплайн сокомандника/review_bundles/extra90_REVIEW_BUNDLE_20260823_222555_extracted/results/ALL_EXTRA90_VALIDATION.csv | пайплайн сокомандника/review_bundles/extra90_REVIEW_BUNDLE_20260823_222555_extracted/results/combo_validation_extra90.csv | пайплайн сокомандника/review_bundles/extra90_REVIEW_BUNDLE_20260823_222555_extracted/results/STABLE_BRANCH_VALIDATION.csv | пайплайн сокомандника/review_bundles/final6h_REVIEW_BUNDLE_20260823_204823_extracted/results/ALL_FINAL6H_VALIDATION.csv | пайплайн сокомандника/review_bundles/final6h_REVIEW_BUNDLE_20260823_204823_extracted/results/combo_validation_final6h_base.csv | пайплайн сокомандника/review_bundles/final6h_REVIEW_BUNDLE_20260823_204823_extracted/results/FAMILY_BEST.csv | пайплайн сокомандника/review_bundles/final6h_REVIEW_BUNDLE_20260823_204823_extracted/results/STABLE_BRANCH_VALIDATION.csv | пайплайн сокомандника/review_bundles/fixedstack_combo10h_REVIEW_BUNDLE_20260823_054654_extracted/results/ALL_VALIDATION.csv | пайплайн сокомандника/review_bundles/fixedstack_combo10h_REVIEW_BUNDLE_20260823_054654_extracted/results/combo_validation_after_recent_hurdle_fast12.csv | пайплайн сокомандника/review_bundles/fixedstack_combo10h_REVIEW_BUNDLE_20260823_054654_extracted/results/combo_validation_after_recent_hurdle_stable18.csv | пайплайн сокомандника/review_bundles/fixedstack_combo10h_REVIEW_BUNDLE_20260823_054654_extracted/results/combo_validation_existing.csv | пайплайн сокомандника/review_bundles/fixedstack_combo10h_REVIEW_BUNDLE_20260823_054654_extracted/results/combo_validation_final.csv | пайплайн сокомандника/review_bundles/fixedstack_combo10h_REVIEW_BUNDLE_20260823_054654_extracted/results/combo_validation_final_reload.csv | пайплайн сокомандника/review_bundles/fixedstack_combo10h_REVIEW_BUNDLE_20260823_054654_extracted/results/SHORTLIST_VALIDATION.csv,external teammate review bundles,NOT_IN_GIT_HISTORY,пайплайн сокомандника/research_scripts/continue_fixedstack_combo_10h.py | пайплайн сокомандника/research_scripts/continue_best_bas_final6h.py | пайплайн сокомандника/research_scripts/materialize_final6h_extra90m.py | пайплайн сокомандника/research_scripts/run_best_bas_fixedstack_14h_v2.py,,two-part / hurdle,See preserved experiment card and implementation,Source: `пайплайн сокомандника/review_bundles/extra90_REVIEW_BUNDLE_20260823_222555_extracted/results/ALL_EXTRA90_VALIDATION.csv`,| wcv | 1.7481869695249717 |,None documented,Seed from src/config.py unless the preserved card explicitly states otherwise,See preserved experiment card and frozen implementation,None documented,Competition train.parquet and sample_submit.csv; additional artifacts are listed in the card,PARTIAL: exact result rows and runner code survive; checkpoint bank and raw data are external,Recovered from 14 result-table row(s); no score or parameter was inferred.,README.md
teammate_candidate__cand_simplex_l0p2,teammate_candidate,cand_simplex_l0p2,Teammate candidate — cand_simplex_l0p2,completed teammate candidate/subrun,пайплайн сокомандника/review_bundles/extra90_REVIEW_BUNDLE_20260823_222555_extracted/results/ALL_EXTRA90_VALIDATION.csv | пайплайн сокомандника/review_bundles/extra90_REVIEW_BUNDLE_20260823_222555_extracted/results/combo_validation_extra90.csv | пайплайн сокомандника/review_bundles/extra90_REVIEW_BUNDLE_20260823_222555_extracted/results/STABLE_BRANCH_VALIDATION.csv | пайплайн сокомандника/review_bundles/final6h_REVIEW_BUNDLE_20260823_204823_extracted/results/ALL_FINAL6H_VALIDATION.csv | пайплайн сокомандника/review_bundles/final6h_REVIEW_BUNDLE_20260823_204823_extracted/results/combo_validation_final6h_base.csv | пайплайн сокомандника/review_bundles/final6h_REVIEW_BUNDLE_20260823_204823_extracted/results/STABLE_BRANCH_VALIDATION.csv | пайплайн сокомандника/review_bundles/fixedstack_combo10h_REVIEW_BUNDLE_20260823_054654_extracted/results/ALL_VALIDATION.csv | пайплайн сокомандника/review_bundles/fixedstack_combo10h_REVIEW_BUNDLE_20260823_054654_extracted/results/combo_validation_after_recent_hurdle_fast12.csv | пайплайн сокомандника/review_bundles/fixedstack_combo10h_REVIEW_BUNDLE_20260823_054654_extracted/results/combo_validation_after_recent_hurdle_stable18.csv | пайплайн сокомандника/review_bundles/fixedstack_combo10h_REVIEW_BUNDLE_20260823_054654_extracted/results/combo_validation_existing.csv | пайплайн сокомандника/review_bundles/fixedstack_combo10h_REVIEW_BUNDLE_20260823_054654_extracted/results/combo_validation_final.csv | пайплайн сокомандника/review_bundles/fixedstack_combo10h_REVIEW_BUNDLE_20260823_054654_extracted/results/combo_validation_final_reload.csv | пайплайн сокомандника/review_bundles/fixedstack_combo10h_REVIEW_BUNDLE_20260823_054654_extracted/results/SHORTLIST_VALIDATION.csv,external teammate review bundles,NOT_IN_GIT_HISTORY,пайплайн сокомандника/research_scripts/continue_fixedstack_combo_10h.py | пайплайн сокомандника/research_scripts/continue_best_bas_final6h.py | пайплайн сокомандника/research_scripts/materialize_final6h_extra90m.py | пайплайн сокомандника/research_scripts/run_best_bas_fixedstack_14h_v2.py,,two-part / hurdle,See preserved experiment card and implementation,Source: `пайплайн сокомандника/review_bundles/extra90_REVIEW_BUNDLE_20260823_222555_extracted/results/ALL_EXTRA90_VALIDATION.csv`,| wcv | 1.7481872697357812 |,None documented,Seed from src/config.py unless the preserved card explicitly states otherwise,See preserved experiment card and frozen implementation,None documented,Competition train.parquet and sample_submit.csv; additional artifacts are listed in the card,PARTIAL: exact result rows and runner code survive; checkpoint bank and raw data are external,Recovered from 13 result-table row(s); no score or parameter was inferred.,README.md
teammate_candidate__greedy35_finalizable,teammate_candidate,greedy35_finalizable,Teammate candidate — greedy35_finalizable,completed teammate candidate/subrun,пайплайн сокомандника/review_bundles/extra90_REVIEW_BUNDLE_20260823_222555_extracted/results/ALL_EXTRA90_VALIDATION.csv | пайплайн сокомандника/review_bundles/extra90_REVIEW_BUNDLE_20260823_222555_extracted/results/combo_validation_extra90.csv | пайплайн сокомандника/review_bundles/extra90_REVIEW_BUNDLE_20260823_222555_extracted/results/primitive_validation_extra90.csv | пайплайн сокомандника/review_bundles/extra90_REVIEW_BUNDLE_20260823_222555_extracted/results/STABLE_BRANCH_VALIDATION.csv | пайплайн сокомандника/review_bundles/final6h_REVIEW_BUNDLE_20260823_204823_extracted/results/ALL_FINAL6H_VALIDATION.csv | пайплайн сокомандника/review_bundles/final6h_REVIEW_BUNDLE_20260823_204823_extracted/results/combo_validation_final6h_base.csv | пайплайн сокомандника/review_bundles/final6h_REVIEW_BUNDLE_20260823_204823_extracted/results/FAMILY_BEST.csv | пайплайн сокомандника/review_bundles/final6h_REVIEW_BUNDLE_20260823_204823_extracted/results/primitive_validation_final6h_base.csv | пайплайн сокомандника/review_bundles/final6h_REVIEW_BUNDLE_20260823_204823_extracted/results/STABLE_BRANCH_VALIDATION.csv | пайплайн сокомандника/review_bundles/fixedstack_combo10h_REVIEW_BUNDLE_20260823_054654_extracted/results/ALL_VALIDATION.csv | пайплайн сокомандника/review_bundles/fixedstack_combo10h_REVIEW_BUNDLE_20260823_054654_extracted/results/combo_validation_after_recent_hurdle_fast12.csv | пайплайн сокомандника/review_bundles/fixedstack_combo10h_REVIEW_BUNDLE_20260823_054654_extracted/results/combo_validation_after_recent_hurdle_stable18.csv | пайплайн сокомандника/review_bundles/fixedstack_combo10h_REVIEW_BUNDLE_20260823_054654_extracted/results/combo_validation_existing.csv | пайплайн сокомандника/review_bundles/fixedstack_combo10h_REVIEW_BUNDLE_20260823_054654_extracted/results/combo_validation_final.csv | пайплайн сокомандника/review_bundles/fixedstack_combo10h_REVIEW_BUNDLE_20260823_054654_extracted/results/combo_validation_final_reload.csv | пайплайн сокомандника/review_bundles/fixedstack_combo10h_REVIEW_BUNDLE_20260823_054654_extracted/results/primitive_validation_after_recent_hurdle_fast12.csv | пайплайн сокомандника/review_bundles/fixedstack_combo10h_REVIEW_BUNDLE_20260823_054654_extracted/results/primitive_validation_after_recent_hurdle_stable18.csv | пайплайн сокомандника/review_bundles/fixedstack_combo10h_REVIEW_BUNDLE_20260823_054654_extracted/results/primitive_validation_existing.csv | пайплайн сокомандника/review_bundles/fixedstack_combo10h_REVIEW_BUNDLE_20260823_054654_extracted/results/primitive_validation_final.csv | пайплайн сокомандника/review_bundles/fixedstack_combo10h_REVIEW_BUNDLE_20260823_054654_extracted/results/primitive_validation_final_reload.csv,external teammate review bundles,NOT_IN_GIT_HISTORY,пайплайн сокомандника/research_scripts/continue_fixedstack_combo_10h.py | пайплайн сокомандника/research_scripts/continue_best_bas_final6h.py | пайплайн сокомандника/research_scripts/materialize_final6h_extra90m.py | пайплайн сокомандника/research_scripts/run_best_bas_fixedstack_14h_v2.py,,two-part / hurdle,227 tabular features,Source: `пайплайн сокомандника/review_bundles/extra90_REVIEW_BUNDLE_20260823_222555_extracted/results/ALL_EXTRA90_VALIDATION.csv`,| wcv | 1.7489954315558256 |,None documented,Seed from src/config.py unless the preserved card explicitly states otherwise,See preserved experiment card and frozen implementation,None documented,Competition train.parquet and sample_submit.csv; additional artifacts are listed in the card,PARTIAL: exact result rows and runner code survive; checkpoint bank and raw data are external,Recovered from 20 result-table row(s); no score or parameter was inferred.,README.md
teammate_candidate__hier_trust_bias_ridge_recentpow1p7_s075,teammate_candidate,hier_trust_bias_ridge_recentpow1p7_s075,Teammate candidate — hier_trust_bias_ridge_recentpow1p7_s075,completed teammate candidate/subrun,пайплайн сокомандника/review_bundles/extra90_REVIEW_BUNDLE_20260823_222555_extracted/results/ALL_EXTRA90_VALIDATION.csv | пайплайн сокомандника/review_bundles/extra90_REVIEW_BUNDLE_20260823_222555_extracted/results/combo_validation_extra90.csv | пайплайн сокомандника/review_bundles/extra90_REVIEW_BUNDLE_20260823_222555_extracted/results/FINAL_FOUR.csv | пайплайн сокомандника/review_bundles/extra90_REVIEW_BUNDLE_20260823_222555_extracted/results/MATERIALIZED_CANDIDATES.csv | пайплайн сокомандника/review_bundles/extra90_REVIEW_BUNDLE_20260823_222555_extracted/results/STABLE_BRANCH_VALIDATION.csv | пайплайн сокомандника/review_bundles/final6h_REVIEW_BUNDLE_20260823_204823_extracted/results/ALL_FINAL6H_VALIDATION.csv | пайплайн сокомандника/review_bundles/final6h_REVIEW_BUNDLE_20260823_204823_extracted/results/combo_validation_final6h_base.csv | пайплайн сокомандника/review_bundles/final6h_REVIEW_BUNDLE_20260823_204823_extracted/results/FAMILY_BEST.csv | пайплайн сокомандника/review_bundles/final6h_REVIEW_BUNDLE_20260823_204823_extracted/results/STABLE_BRANCH_VALIDATION.csv | пайплайн сокомандника/review_bundles/fixedstack_combo10h_REVIEW_BUNDLE_20260823_054654_extracted/results/ALL_VALIDATION.csv | пайплайн сокомандника/review_bundles/fixedstack_combo10h_REVIEW_BUNDLE_20260823_054654_extracted/results/combo_validation_after_recent_hurdle_fast12.csv | пайплайн сокомандника/review_bundles/fixedstack_combo10h_REVIEW_BUNDLE_20260823_054654_extracted/results/combo_validation_after_recent_hurdle_stable18.csv | пайплайн сокомандника/review_bundles/fixedstack_combo10h_REVIEW_BUNDLE_20260823_054654_extracted/results/combo_validation_existing.csv | пайплайн сокомандника/review_bundles/fixedstack_combo10h_REVIEW_BUNDLE_20260823_054654_extracted/results/combo_validation_final.csv | пайплайн сокомандника/review_bundles/fixedstack_combo10h_REVIEW_BUNDLE_20260823_054654_extracted/results/combo_validation_final_reload.csv,external teammate review bundles,NOT_IN_GIT_HISTORY,пайплайн сокомандника/research_scripts/continue_fixedstack_combo_10h.py | пайплайн сокомандника/research_scripts/continue_best_bas_final6h.py | пайплайн сокомандника/research_scripts/materialize_final6h_extra90m.py | пайплайн сокомандника/research_scripts/run_best_bas_fixedstack_14h_v2.py,,"Ridge, two-part / hurdle",227 tabular features,Source: `пайплайн сокомандника/review_bundles/extra90_REVIEW_BUNDLE_20260823_222555_extracted/results/ALL_EXTRA90_VALIDATION.csv`,| wcv | 1.7484075480113546 |,| file | C:\Users\Dimentiy\repoVScode\Ozon-ecup\src\DL\best_bas\_best_bas_extra90m\submissions\submission_extra90_4_hier_trust_bias_ridge_recentpow1p7_s075.csv |,Seed from src/config.py unless the preserved card explicitly states otherwise,See preserved experiment card and frozen implementation,None documented,Competition train.parquet and sample_submit.csv; additional artifacts are listed in the card,PARTIAL: exact result rows and runner code survive; checkpoint bank and raw data are external,Recovered from 15 result-table row(s); no score or parameter was inferred.,README.md
teammate_candidate__metaocc_l23_plain_blend_ridge_recentpow1p7_s075_greedy35_finalizable_pr85,teammate_candidate,metaocc_l23_plain__blend_ridge_recentpow1p7_s075__greedy35_finalizable_pr85,Teammate candidate — metaocc_l23_plain__blend_ridge_recentpow1p7_s075__greedy35_finalizable_pr85,completed teammate candidate/subrun,пайплайн сокомандника/review_bundles/final6h_REVIEW_BUNDLE_20260823_204823_extracted/results/ALL_FINAL6H_VALIDATION.csv | пайплайн сокомандника/review_bundles/final6h_REVIEW_BUNDLE_20260823_204823_extracted/results/OCCURRENCE_BRANCH_VALIDATION.csv,external teammate review bundles,NOT_IN_GIT_HISTORY,пайплайн сокомандника/research_scripts/continue_fixedstack_combo_10h.py | пайплайн сокомандника/research_scripts/continue_best_bas_final6h.py | пайплайн сокомандника/research_scripts/materialize_final6h_extra90m.py | пайплайн сокомандника/research_scripts/run_best_bas_fixedstack_14h_v2.py,,"Ridge, blend",occurrence features,Source: `пайплайн сокомандника/review_bundles/final6h_REVIEW_BUNDLE_20260823_204823_extracted/results/ALL_FINAL6H_VALIDATION.csv`,| wcv | 1.7480898092805255 |,None documented,Seed from src/config.py unless the preserved card explicitly states otherwise,See preserved experiment card and frozen implementation,None documented,Competition train.parquet and sample_submit.csv; additional artifacts are listed in the card,PARTIAL: exact result rows and runner code survive; checkpoint bank and raw data are external,Recovered from 2 result-table row(s); no score or parameter was inferred.,README.md
teammate_candidate__metaocc_l23_plain_super_pband_l0p06,teammate_candidate,metaocc_l23_plain__super_pband_l0p06,Teammate candidate — metaocc_l23_plain__super_pband_l0p06,completed teammate candidate/subrun,пайплайн сокомандника/review_bundles/final6h_REVIEW_BUNDLE_20260823_204823_extracted/results/ALL_FINAL6H_VALIDATION.csv | пайплайн сокомандника/review_bundles/final6h_REVIEW_BUNDLE_20260823_204823_extracted/results/OCCURRENCE_BRANCH_VALIDATION.csv,external teammate review bundles,NOT_IN_GIT_HISTORY,пайплайн сокомандника/research_scripts/continue_fixedstack_combo_10h.py | пайплайн сокомандника/research_scripts/continue_best_bas_final6h.py | пайплайн сокомандника/research_scripts/materialize_final6h_extra90m.py | пайплайн сокомандника/research_scripts/run_best_bas_fixedstack_14h_v2.py,,Unknown / not recoverable from repository history,occurrence features,Source: `пайплайн сокомандника/review_bundles/final6h_REVIEW_BUNDLE_20260823_204823_extracted/results/ALL_FINAL6H_VALIDATION.csv`,| wcv | 1.7480969918084228 |,None documented,Seed from src/config.py unless the preserved card explicitly states otherwise,See preserved experiment card and frozen implementation,None documented,Competition train.parquet and sample_submit.csv; additional artifacts are listed in the card,PARTIAL: exact result rows and runner code survive; checkpoint bank and raw data are external,Recovered from 2 result-table row(s); no score or parameter was inferred.,README.md
teammate_candidate__metaocc_l23_plain_super_pband_l0p14,teammate_candidate,metaocc_l23_plain__super_pband_l0p14,Teammate candidate — metaocc_l23_plain__super_pband_l0p14,completed teammate candidate/subrun,пайплайн сокомандника/review_bundles/final6h_REVIEW_BUNDLE_20260823_204823_extracted/results/ALL_FINAL6H_VALIDATION.csv | пайплайн сокомандника/review_bundles/final6h_REVIEW_BUNDLE_20260823_204823_extracted/results/OCCURRENCE_BRANCH_VALIDATION.csv,external teammate review bundles,NOT_IN_GIT_HISTORY,пайплайн сокомандника/research_scripts/continue_fixedstack_combo_10h.py | пайплайн сокомандника/research_scripts/continue_best_bas_final6h.py | пайплайн сокомандника/research_scripts/materialize_final6h_extra90m.py | пайплайн сокомандника/research_scripts/run_best_bas_fixedstack_14h_v2.py,,Unknown / not recoverable from repository history,occurrence features,Source: `пайплайн сокомандника/review_bundles/final6h_REVIEW_BUNDLE_20260823_204823_extracted/results/ALL_FINAL6H_VALIDATION.csv`,| wcv | 1.7480969356818596 |,None documented,Seed from src/config.py unless the preserved card explicitly states otherwise,See preserved experiment card and frozen implementation,None documented,Competition train.parquet and sample_submit.csv; additional artifacts are listed in the card,PARTIAL: exact result rows and runner code survive; checkpoint bank and raw data are external,Recovered from 2 result-table row(s); no score or parameter was inferred.,README.md
teammate_candidate__metaocc_l23_plain_super_pband_l0p28,teammate_candidate,metaocc_l23_plain__super_pband_l0p28,Teammate candidate — metaocc_l23_plain__super_pband_l0p28,completed teammate candidate/subrun,пайплайн сокомандника/review_bundles/final6h_REVIEW_BUNDLE_20260823_204823_extracted/results/ALL_FINAL6H_VALIDATION.csv | пайплайн сокомандника/review_bundles/final6h_REVIEW_BUNDLE_20260823_204823_extracted/results/OCCURRENCE_BRANCH_VALIDATION.csv,external teammate review bundles,NOT_IN_GIT_HISTORY,пайплайн сокомандника/research_scripts/continue_fixedstack_combo_10h.py | пайплайн сокомандника/research_scripts/continue_best_bas_final6h.py | пайплайн сокомандника/research_scripts/materialize_final6h_extra90m.py | пайплайн сокомандника/research_scripts/run_best_bas_fixedstack_14h_v2.py,,Unknown / not recoverable from repository history,occurrence features,Source: `пайплайн сокомандника/review_bundles/final6h_REVIEW_BUNDLE_20260823_204823_extracted/results/ALL_FINAL6H_VALIDATION.csv`,| wcv | 1.7480969146624565 |,None documented,Seed from src/config.py unless the preserved card explicitly states otherwise,See preserved experiment card and frozen implementation,None documented,Competition train.parquet and sample_submit.csv; additional artifacts are listed in the card,PARTIAL: exact result rows and runner code survive; checkpoint bank and raw data are external,Recovered from 2 result-table row(s); no score or parameter was inferred.,README.md
teammate_candidate__metaocc_l23_plain_table_core,teammate_candidate,metaocc_l23_plain__table_core,Teammate candidate — metaocc_l23_plain__table_core,completed teammate candidate/subrun,пайплайн сокомандника/review_bundles/final6h_REVIEW_BUNDLE_20260823_204823_extracted/results/ALL_FINAL6H_VALIDATION.csv | пайплайн сокомандника/review_bundles/final6h_REVIEW_BUNDLE_20260823_204823_extracted/results/OCCURRENCE_BRANCH_VALIDATION.csv,external teammate review bundles,NOT_IN_GIT_HISTORY,пайплайн сокомандника/research_scripts/continue_fixedstack_combo_10h.py | пайплайн сокомандника/research_scripts/continue_best_bas_final6h.py | пайплайн сокомандника/research_scripts/materialize_final6h_extra90m.py | пайплайн сокомандника/research_scripts/run_best_bas_fixedstack_14h_v2.py,,Unknown / not recoverable from repository history,occurrence features,Source: `пайплайн сокомандника/review_bundles/final6h_REVIEW_BUNDLE_20260823_204823_extracted/results/ALL_FINAL6H_VALIDATION.csv`,| wcv | 1.7490705084184464 |,None documented,Seed from src/config.py unless the preserved card explicitly states otherwise,See preserved experiment card and frozen implementation,None documented,Competition train.parquet and sample_submit.csv; additional artifacts are listed in the card,PARTIAL: exact result rows and runner code survive; checkpoint bank and raw data are external,Recovered from 2 result-table row(s); no score or parameter was inferred.,README.md
teammate_candidate__metaocc_l23_risk_blend_ridge_recentpow1p7_s075_greedy35_finalizable_pr85,teammate_candidate,metaocc_l23_risk__blend_ridge_recentpow1p7_s075__greedy35_finalizable_pr85,Teammate candidate — metaocc_l23_risk__blend_ridge_recentpow1p7_s075__greedy35_finalizable_pr85,completed teammate candidate/subrun,пайплайн сокомандника/review_bundles/final6h_REVIEW_BUNDLE_20260823_204823_extracted/results/ALL_FINAL6H_VALIDATION.csv | пайплайн сокомандника/review_bundles/final6h_REVIEW_BUNDLE_20260823_204823_extracted/results/OCCURRENCE_BRANCH_VALIDATION.csv,external teammate review bundles,NOT_IN_GIT_HISTORY,пайплайн сокомандника/research_scripts/continue_fixedstack_combo_10h.py | пайплайн сокомандника/research_scripts/continue_best_bas_final6h.py | пайплайн сокомандника/research_scripts/materialize_final6h_extra90m.py | пайплайн сокомандника/research_scripts/run_best_bas_fixedstack_14h_v2.py,,"Ridge, blend",occurrence features,Source: `пайплайн сокомандника/review_bundles/final6h_REVIEW_BUNDLE_20260823_204823_extracted/results/ALL_FINAL6H_VALIDATION.csv`,| wcv | 1.7480546452654913 |,None documented,Seed from src/config.py unless the preserved card explicitly states otherwise,See preserved experiment card and frozen implementation,None documented,Competition train.parquet and sample_submit.csv; additional artifacts are listed in the card,PARTIAL: exact result rows and runner code survive; checkpoint bank and raw data are external,Recovered from 2 result-table row(s); no score or parameter was inferred.,README.md
teammate_candidate__metaocc_l23_risk_super_pband_l0p06,teammate_candidate,metaocc_l23_risk__super_pband_l0p06,Teammate candidate — metaocc_l23_risk__super_pband_l0p06,completed teammate candidate/subrun,пайплайн сокомандника/review_bundles/final6h_REVIEW_BUNDLE_20260823_204823_extracted/results/ALL_FINAL6H_VALIDATION.csv | пайплайн сокомандника/review_bundles/final6h_REVIEW_BUNDLE_20260823_204823_extracted/results/OCCURRENCE_BRANCH_VALIDATION.csv,external teammate review bundles,NOT_IN_GIT_HISTORY,пайплайн сокомандника/research_scripts/continue_fixedstack_combo_10h.py | пайплайн сокомандника/research_scripts/continue_best_bas_final6h.py | пайплайн сокомандника/research_scripts/materialize_final6h_extra90m.py | пайплайн сокомандника/research_scripts/run_best_bas_fixedstack_14h_v2.py,,Unknown / not recoverable from repository history,occurrence features,Source: `пайплайн сокомандника/review_bundles/final6h_REVIEW_BUNDLE_20260823_204823_extracted/results/ALL_FINAL6H_VALIDATION.csv`,| wcv | 1.7480598031613326 |,None documented,Seed from src/config.py unless the preserved card explicitly states otherwise,See preserved experiment card and frozen implementation,None documented,Competition train.parquet and sample_submit.csv; additional artifacts are listed in the card,PARTIAL: exact result rows and runner code survive; checkpoint bank and raw data are external,Recovered from 2 result-table row(s); no score or parameter was inferred.,README.md
teammate_candidate__metaocc_l23_risk_super_pband_l0p14,teammate_candidate,metaocc_l23_risk__super_pband_l0p14,Teammate candidate — metaocc_l23_risk__super_pband_l0p14,completed teammate candidate/subrun,пайплайн сокомандника/review_bundles/final6h_REVIEW_BUNDLE_20260823_204823_extracted/results/ALL_FINAL6H_VALIDATION.csv | пайплайн сокомандника/review_bundles/final6h_REVIEW_BUNDLE_20260823_204823_extracted/results/OCCURRENCE_BRANCH_VALIDATION.csv,external teammate review bundles,NOT_IN_GIT_HISTORY,пайплайн сокомандника/research_scripts/continue_fixedstack_combo_10h.py | пайплайн сокомандника/research_scripts/continue_best_bas_final6h.py | пайплайн сокомандника/research_scripts/materialize_final6h_extra90m.py | пайплайн сокомандника/research_scripts/run_best_bas_fixedstack_14h_v2.py,,Unknown / not recoverable from repository history,"occurrence features, 227 tabular features",Source: `пайплайн сокомандника/review_bundles/final6h_REVIEW_BUNDLE_20260823_204823_extracted/results/ALL_FINAL6H_VALIDATION.csv`,| wcv | 1.7480598658009627 |,None documented,Seed from src/config.py unless the preserved card explicitly states otherwise,See preserved experiment card and frozen implementation,None documented,Competition train.parquet and sample_submit.csv; additional artifacts are listed in the card,PARTIAL: exact result rows and runner code survive; checkpoint bank and raw data are external,Recovered from 2 result-table row(s); no score or parameter was inferred.,README.md
teammate_candidate__metaocc_l23_risk_super_pband_l0p28,teammate_candidate,metaocc_l23_risk__super_pband_l0p28,Teammate candidate — metaocc_l23_risk__super_pband_l0p28,completed teammate candidate/subrun,пайплайн сокомандника/review_bundles/final6h_REVIEW_BUNDLE_20260823_204823_extracted/results/ALL_FINAL6H_VALIDATION.csv | пайплайн сокомандника/review_bundles/final6h_REVIEW_BUNDLE_20260823_204823_extracted/results/OCCURRENCE_BRANCH_VALIDATION.csv,external teammate review bundles,NOT_IN_GIT_HISTORY,пайплайн сокомандника/research_scripts/continue_fixedstack_combo_10h.py | пайплайн сокомандника/research_scripts/continue_best_bas_final6h.py | пайплайн сокомандника/research_scripts/materialize_final6h_extra90m.py | пайплайн сокомандника/research_scripts/run_best_bas_fixedstack_14h_v2.py,,Unknown / not recoverable from repository history,occurrence features,Source: `пайплайн сокомандника/review_bundles/final6h_REVIEW_BUNDLE_20260823_204823_extracted/results/ALL_FINAL6H_VALIDATION.csv`,| wcv | 1.7480598895059696 |,None documented,Seed from src/config.py unless the preserved card explicitly states otherwise,See preserved experiment card and frozen implementation,None documented,Competition train.parquet and sample_submit.csv; additional artifacts are listed in the card,PARTIAL: exact result rows and runner code survive; checkpoint bank and raw data are external,Recovered from 2 result-table row(s); no score or parameter was inferred.,README.md
teammate_candidate__metaocc_l23_risk_table_core,teammate_candidate,metaocc_l23_risk__table_core,Teammate candidate — metaocc_l23_risk__table_core,completed teammate candidate/subrun,пайплайн сокомандника/review_bundles/final6h_REVIEW_BUNDLE_20260823_204823_extracted/results/ALL_FINAL6H_VALIDATION.csv | пайплайн сокомандника/review_bundles/final6h_REVIEW_BUNDLE_20260823_204823_extracted/results/OCCURRENCE_BRANCH_VALIDATION.csv,external teammate review bundles,NOT_IN_GIT_HISTORY,пайплайн сокомандника/research_scripts/continue_fixedstack_combo_10h.py | пайплайн сокомандника/research_scripts/continue_best_bas_final6h.py | пайплайн сокомандника/research_scripts/materialize_final6h_extra90m.py | пайплайн сокомандника/research_scripts/run_best_bas_fixedstack_14h_v2.py,,Unknown / not recoverable from repository history,occurrence features,Source: `пайплайн сокомандника/review_bundles/final6h_REVIEW_BUNDLE_20260823_204823_extracted/results/ALL_FINAL6H_VALIDATION.csv`,| wcv | 1.7492353595447308 |,None documented,Seed from src/config.py unless the preserved card explicitly states otherwise,See preserved experiment card and frozen implementation,None documented,Competition train.parquet and sample_submit.csv; additional artifacts are listed in the card,PARTIAL: exact result rows and runner code survive; checkpoint bank and raw data are external,Recovered from 2 result-table row(s); no score or parameter was inferred.,README.md
teammate_candidate__metaocc_l31_plain_blend_ridge_recentpow1p7_s075_greedy35_finalizable_pr85,teammate_candidate,metaocc_l31_plain__blend_ridge_recentpow1p7_s075__greedy35_finalizable_pr85,Teammate candidate — metaocc_l31_plain__blend_ridge_recentpow1p7_s075__greedy35_finalizable_pr85,completed teammate candidate/subrun,пайплайн сокомандника/review_bundles/final6h_REVIEW_BUNDLE_20260823_204823_extracted/results/ALL_FINAL6H_VALIDATION.csv | пайплайн сокомандника/review_bundles/final6h_REVIEW_BUNDLE_20260823_204823_extracted/results/FAMILY_BEST.csv | пайплайн сокомандника/review_bundles/final6h_REVIEW_BUNDLE_20260823_204823_extracted/results/OCCURRENCE_BRANCH_VALIDATION.csv,external teammate review bundles,NOT_IN_GIT_HISTORY,пайплайн сокомандника/research_scripts/continue_fixedstack_combo_10h.py | пайплайн сокомандника/research_scripts/continue_best_bas_final6h.py | пайплайн сокомандника/research_scripts/materialize_final6h_extra90m.py | пайплайн сокомандника/research_scripts/run_best_bas_fixedstack_14h_v2.py,,"Ridge, blend",occurrence features,Source: `пайплайн сокомандника/review_bundles/final6h_REVIEW_BUNDLE_20260823_204823_extracted/results/ALL_FINAL6H_VALIDATION.csv`,| wcv | 1.7480653509088204 |,None documented,Seed from src/config.py unless the preserved card explicitly states otherwise,See preserved experiment card and frozen implementation,None documented,Competition train.parquet and sample_submit.csv; additional artifacts are listed in the card,PARTIAL: exact result rows and runner code survive; checkpoint bank and raw data are external,Recovered from 3 result-table row(s); no score or parameter was inferred.,README.md
teammate_candidate__metaocc_l31_plain_super_pband_l0p06,teammate_candidate,metaocc_l31_plain__super_pband_l0p06,Teammate candidate — metaocc_l31_plain__super_pband_l0p06,completed teammate candidate/subrun,пайплайн сокомандника/review_bundles/final6h_REVIEW_BUNDLE_20260823_204823_extracted/results/ALL_FINAL6H_VALIDATION.csv | пайплайн сокомандника/review_bundles/final6h_REVIEW_BUNDLE_20260823_204823_extracted/results/OCCURRENCE_BRANCH_VALIDATION.csv,external teammate review bundles,NOT_IN_GIT_HISTORY,пайплайн сокомандника/research_scripts/continue_fixedstack_combo_10h.py | пайплайн сокомандника/research_scripts/continue_best_bas_final6h.py | пайплайн сокомандника/research_scripts/materialize_final6h_extra90m.py | пайплайн сокомандника/research_scripts/run_best_bas_fixedstack_14h_v2.py,,Unknown / not recoverable from repository history,"occurrence features, 227 tabular features",Source: `пайплайн сокомандника/review_bundles/final6h_REVIEW_BUNDLE_20260823_204823_extracted/results/ALL_FINAL6H_VALIDATION.csv`,| wcv | 1.7480725697146924 |,None documented,Seed from src/config.py unless the preserved card explicitly states otherwise,See preserved experiment card and frozen implementation,None documented,Competition train.parquet and sample_submit.csv; additional artifacts are listed in the card,PARTIAL: exact result rows and runner code survive; checkpoint bank and raw data are external,Recovered from 2 result-table row(s); no score or parameter was inferred.,README.md
teammate_candidate__metaocc_l31_plain_super_pband_l0p14,teammate_candidate,metaocc_l31_plain__super_pband_l0p14,Teammate candidate — metaocc_l31_plain__super_pband_l0p14,completed teammate candidate/subrun,пайплайн сокомандника/review_bundles/final6h_REVIEW_BUNDLE_20260823_204823_extracted/results/ALL_FINAL6H_VALIDATION.csv | пайплайн сокомандника/review_bundles/final6h_REVIEW_BUNDLE_20260823_204823_extracted/results/OCCURRENCE_BRANCH_VALIDATION.csv,external teammate review bundles,NOT_IN_GIT_HISTORY,пайплайн сокомандника/research_scripts/continue_fixedstack_combo_10h.py | пайплайн сокомандника/research_scripts/continue_best_bas_final6h.py | пайплайн сокомандника/research_scripts/materialize_final6h_extra90m.py | пайплайн сокомандника/research_scripts/run_best_bas_fixedstack_14h_v2.py,,Unknown / not recoverable from repository history,occurrence features,Source: `пайплайн сокомандника/review_bundles/final6h_REVIEW_BUNDLE_20260823_204823_extracted/results/ALL_FINAL6H_VALIDATION.csv`,| wcv | 1.7480725096443843 |,None documented,Seed from src/config.py unless the preserved card explicitly states otherwise,See preserved experiment card and frozen implementation,None documented,Competition train.parquet and sample_submit.csv; additional artifacts are listed in the card,PARTIAL: exact result rows and runner code survive; checkpoint bank and raw data are external,Recovered from 2 result-table row(s); no score or parameter was inferred.,README.md
teammate_candidate__metaocc_l31_plain_super_pband_l0p28,teammate_candidate,metaocc_l31_plain__super_pband_l0p28,Teammate candidate — metaocc_l31_plain__super_pband_l0p28,completed teammate candidate/subrun,пайплайн сокомандника/review_bundles/final6h_REVIEW_BUNDLE_20260823_204823_extracted/results/ALL_FINAL6H_VALIDATION.csv | пайплайн сокомандника/review_bundles/final6h_REVIEW_BUNDLE_20260823_204823_extracted/results/OCCURRENCE_BRANCH_VALIDATION.csv,external teammate review bundles,NOT_IN_GIT_HISTORY,пайплайн сокомандника/research_scripts/continue_fixedstack_combo_10h.py | пайплайн сокомандника/research_scripts/continue_best_bas_final6h.py | пайплайн сокомандника/research_scripts/materialize_final6h_extra90m.py | пайплайн сокомандника/research_scripts/run_best_bas_fixedstack_14h_v2.py,,Unknown / not recoverable from repository history,occurrence features,Source: `пайплайн сокомандника/review_bundles/final6h_REVIEW_BUNDLE_20260823_204823_extracted/results/ALL_FINAL6H_VALIDATION.csv`,| wcv | 1.7480724871399114 |,None documented,Seed from src/config.py unless the preserved card explicitly states otherwise,See preserved experiment card and frozen implementation,None documented,Competition train.parquet and sample_submit.csv; additional artifacts are listed in the card,PARTIAL: exact result rows and runner code survive; checkpoint bank and raw data are external,Recovered from 2 result-table row(s); no score or parameter was inferred.,README.md
teammate_candidate__metaocc_l31_plain_table_core,teammate_candidate,metaocc_l31_plain__table_core,Teammate candidate — metaocc_l31_plain__table_core,completed teammate candidate/subrun,пайплайн сокомандника/review_bundles/final6h_REVIEW_BUNDLE_20260823_204823_extracted/results/ALL_FINAL6H_VALIDATION.csv | пайплайн сокомандника/review_bundles/final6h_REVIEW_BUNDLE_20260823_204823_extracted/results/OCCURRENCE_BRANCH_VALIDATION.csv,external teammate review bundles,NOT_IN_GIT_HISTORY,пайплайн сокомандника/research_scripts/continue_fixedstack_combo_10h.py | пайплайн сокомандника/research_scripts/continue_best_bas_final6h.py | пайплайн сокомандника/research_scripts/materialize_final6h_extra90m.py | пайплайн сокомандника/research_scripts/run_best_bas_fixedstack_14h_v2.py,,Unknown / not recoverable from repository history,"occurrence features, 227 tabular features",Source: `пайплайн сокомандника/review_bundles/final6h_REVIEW_BUNDLE_20260823_204823_extracted/results/ALL_FINAL6H_VALIDATION.csv`,| wcv | 1.749055879854158 |,None documented,Seed from src/config.py unless the preserved card explicitly states otherwise,See preserved experiment card and frozen implementation,None documented,Competition train.parquet and sample_submit.csv; additional artifacts are listed in the card,PARTIAL: exact result rows and runner code survive; checkpoint bank and raw data are external,Recovered from 2 result-table row(s); no score or parameter was inferred.,README.md
teammate_candidate__metaocc_l31_risk_blend_ridge_recentpow1p7_s075_greedy35_finalizable_pr85,teammate_candidate,metaocc_l31_risk__blend_ridge_recentpow1p7_s075__greedy35_finalizable_pr85,Teammate candidate — metaocc_l31_risk__blend_ridge_recentpow1p7_s075__greedy35_finalizable_pr85,completed teammate candidate/subrun,пайплайн сокомандника/review_bundles/final6h_REVIEW_BUNDLE_20260823_204823_extracted/results/ALL_FINAL6H_VALIDATION.csv | пайплайн сокомандника/review_bundles/final6h_REVIEW_BUNDLE_20260823_204823_extracted/results/FAMILY_BEST.csv | пайплайн сокомандника/review_bundles/final6h_REVIEW_BUNDLE_20260823_204823_extracted/results/FINAL_SUBMISSIONS.csv | пайплайн сокомандника/review_bundles/final6h_REVIEW_BUNDLE_20260823_204823_extracted/results/FINAL_TWO_METRICS.csv | пайплайн сокомандника/review_bundles/final6h_REVIEW_BUNDLE_20260823_204823_extracted/results/OCCURRENCE_BRANCH_VALIDATION.csv,external teammate review bundles,NOT_IN_GIT_HISTORY,пайплайн сокомандника/research_scripts/continue_fixedstack_combo_10h.py | пайплайн сокомандника/research_scripts/continue_best_bas_final6h.py | пайплайн сокомандника/research_scripts/materialize_final6h_extra90m.py | пайплайн сокомандника/research_scripts/run_best_bas_fixedstack_14h_v2.py,,"Ridge, two-part / hurdle, blend",occurrence features,Source: `пайплайн сокомандника/review_bundles/final6h_REVIEW_BUNDLE_20260823_204823_extracted/results/ALL_FINAL6H_VALIDATION.csv`,| wcv | 1.748037158176102 |,| corr__submission_continue12h_3_diverse_class1_over_guard | 0.7683524738505613 |,Seed from src/config.py unless the preserved card explicitly states otherwise,See preserved experiment card and frozen implementation,None documented,Competition train.parquet and sample_submit.csv; additional artifacts are listed in the card,PARTIAL: exact result rows and runner code survive; checkpoint bank and raw data are external,Recovered from 5 result-table row(s); no score or parameter was inferred.,README.md
teammate_candidate__metaocc_l31_risk_super_pband_l0p06,teammate_candidate,metaocc_l31_risk__super_pband_l0p06,Teammate candidate — metaocc_l31_risk__super_pband_l0p06,completed teammate candidate/subrun,пайплайн сокомандника/review_bundles/final6h_REVIEW_BUNDLE_20260823_204823_extracted/results/ALL_FINAL6H_VALIDATION.csv | пайплайн сокомандника/review_bundles/final6h_REVIEW_BUNDLE_20260823_204823_extracted/results/OCCURRENCE_BRANCH_VALIDATION.csv,external teammate review bundles,NOT_IN_GIT_HISTORY,пайплайн сокомандника/research_scripts/continue_fixedstack_combo_10h.py | пайплайн сокомандника/research_scripts/continue_best_bas_final6h.py | пайплайн сокомандника/research_scripts/materialize_final6h_extra90m.py | пайплайн сокомандника/research_scripts/run_best_bas_fixedstack_14h_v2.py,,Unknown / not recoverable from repository history,occurrence features,Source: `пайплайн сокомандника/review_bundles/final6h_REVIEW_BUNDLE_20260823_204823_extracted/results/ALL_FINAL6H_VALIDATION.csv`,| wcv | 1.7480423303391768 |,None documented,Seed from src/config.py unless the preserved card explicitly states otherwise,See preserved experiment card and frozen implementation,None documented,Competition train.parquet and sample_submit.csv; additional artifacts are listed in the card,PARTIAL: exact result rows and runner code survive; checkpoint bank and raw data are external,Recovered from 2 result-table row(s); no score or parameter was inferred.,README.md
teammate_candidate__metaocc_l31_risk_super_pband_l0p14,teammate_candidate,metaocc_l31_risk__super_pband_l0p14,Teammate candidate — metaocc_l31_risk__super_pband_l0p14,completed teammate candidate/subrun,пайплайн сокомандника/review_bundles/final6h_REVIEW_BUNDLE_20260823_204823_extracted/results/ALL_FINAL6H_VALIDATION.csv | пайплайн сокомандника/review_bundles/final6h_REVIEW_BUNDLE_20260823_204823_extracted/results/OCCURRENCE_BRANCH_VALIDATION.csv,external teammate review bundles,NOT_IN_GIT_HISTORY,пайплайн сокомандника/research_scripts/continue_fixedstack_combo_10h.py | пайплайн сокомандника/research_scripts/continue_best_bas_final6h.py | пайплайн сокомандника/research_scripts/materialize_final6h_extra90m.py | пайплайн сокомандника/research_scripts/run_best_bas_fixedstack_14h_v2.py,,Unknown / not recoverable from repository history,"occurrence features, 227 tabular features",Source: `пайплайн сокомандника/review_bundles/final6h_REVIEW_BUNDLE_20260823_204823_extracted/results/ALL_FINAL6H_VALIDATION.csv`,| wcv | 1.7480423911596736 |,None documented,Seed from src/config.py unless the preserved card explicitly states otherwise,See preserved experiment card and frozen implementation,None documented,Competition train.parquet and sample_submit.csv; additional artifacts are listed in the card,PARTIAL: exact result rows and runner code survive; checkpoint bank and raw data are external,Recovered from 2 result-table row(s); no score or parameter was inferred.,README.md
teammate_candidate__metaocc_l31_risk_super_pband_l0p28,teammate_candidate,metaocc_l31_risk__super_pband_l0p28,Teammate candidate — metaocc_l31_risk__super_pband_l0p28,completed teammate candidate/subrun,пайплайн сокомандника/review_bundles/final6h_REVIEW_BUNDLE_20260823_204823_extracted/results/ALL_FINAL6H_VALIDATION.csv | пайплайн сокомандника/review_bundles/final6h_REVIEW_BUNDLE_20260823_204823_extracted/results/OCCURRENCE_BRANCH_VALIDATION.csv,external teammate review bundles,NOT_IN_GIT_HISTORY,пайплайн сокомандника/research_scripts/continue_fixedstack_combo_10h.py | пайплайн сокомандника/research_scripts/continue_best_bas_final6h.py | пайплайн сокомандника/research_scripts/materialize_final6h_extra90m.py | пайплайн сокомандника/research_scripts/run_best_bas_fixedstack_14h_v2.py,,Unknown / not recoverable from repository history,occurrence features,Source: `пайплайн сокомандника/review_bundles/final6h_REVIEW_BUNDLE_20260823_204823_extracted/results/ALL_FINAL6H_VALIDATION.csv`,| wcv | 1.7480424141794833 |,None documented,Seed from src/config.py unless the preserved card explicitly states otherwise,See preserved experiment card and frozen implementation,None documented,Competition train.parquet and sample_submit.csv; additional artifacts are listed in the card,PARTIAL: exact result rows and runner code survive; checkpoint bank and raw data are external,Recovered from 2 result-table row(s); no score or parameter was inferred.,README.md
teammate_candidate__metaocc_l31_risk_table_core,teammate_candidate,metaocc_l31_risk__table_core,Teammate candidate — metaocc_l31_risk__table_core,completed teammate candidate/subrun,пайплайн сокомандника/review_bundles/final6h_REVIEW_BUNDLE_20260823_204823_extracted/results/ALL_FINAL6H_VALIDATION.csv | пайплайн сокомандника/review_bundles/final6h_REVIEW_BUNDLE_20260823_204823_extracted/results/OCCURRENCE_BRANCH_VALIDATION.csv,external teammate review bundles,NOT_IN_GIT_HISTORY,пайплайн сокомандника/research_scripts/continue_fixedstack_combo_10h.py | пайплайн сокомандника/research_scripts/continue_best_bas_final6h.py | пайплайн сокомандника/research_scripts/materialize_final6h_extra90m.py | пайплайн сокомандника/research_scripts/run_best_bas_fixedstack_14h_v2.py,,Unknown / not recoverable from repository history,occurrence features,Source: `пайплайн сокомандника/review_bundles/final6h_REVIEW_BUNDLE_20260823_204823_extracted/results/ALL_FINAL6H_VALIDATION.csv`,| wcv | 1.7492173961776103 |,None documented,Seed from src/config.py unless the preserved card explicitly states otherwise,See preserved experiment card and frozen implementation,None documented,Competition train.parquet and sample_submit.csv; additional artifacts are listed in the card,PARTIAL: exact result rows and runner code survive; checkpoint bank and raw data are external,Recovered from 2 result-table row(s); no score or parameter was inferred.,README.md
teammate_candidate__multiscale_direct,teammate_candidate,multiscale_direct,Teammate candidate — multiscale_direct,completed teammate candidate/subrun,пайплайн сокомандника/review_bundles/extra90_REVIEW_BUNDLE_20260823_222555_extracted/results/ALL_EXTRA90_VALIDATION.csv | пайплайн сокомандника/review_bundles/extra90_REVIEW_BUNDLE_20260823_222555_extracted/results/combo_validation_extra90.csv | пайплайн сокомандника/review_bundles/extra90_REVIEW_BUNDLE_20260823_222555_extracted/results/primitive_validation_extra90.csv | пайплайн сокомандника/review_bundles/extra90_REVIEW_BUNDLE_20260823_222555_extracted/results/STABLE_BRANCH_VALIDATION.csv | пайплайн сокомандника/review_bundles/final6h_REVIEW_BUNDLE_20260823_204823_extracted/results/ALL_FINAL6H_VALIDATION.csv | пайплайн сокомандника/review_bundles/final6h_REVIEW_BUNDLE_20260823_204823_extracted/results/combo_validation_final6h_base.csv | пайплайн сокомандника/review_bundles/final6h_REVIEW_BUNDLE_20260823_204823_extracted/results/primitive_validation_final6h_base.csv | пайплайн сокомандника/review_bundles/final6h_REVIEW_BUNDLE_20260823_204823_extracted/results/STABLE_BRANCH_VALIDATION.csv | пайплайн сокомандника/review_bundles/fixedstack_combo10h_REVIEW_BUNDLE_20260823_054654_extracted/results/ALL_VALIDATION.csv | пайплайн сокомандника/review_bundles/fixedstack_combo10h_REVIEW_BUNDLE_20260823_054654_extracted/results/combo_validation_after_recent_hurdle_fast12.csv | пайплайн сокомандника/review_bundles/fixedstack_combo10h_REVIEW_BUNDLE_20260823_054654_extracted/results/combo_validation_after_recent_hurdle_stable18.csv | пайплайн сокомандника/review_bundles/fixedstack_combo10h_REVIEW_BUNDLE_20260823_054654_extracted/results/combo_validation_existing.csv | пайплайн сокомандника/review_bundles/fixedstack_combo10h_REVIEW_BUNDLE_20260823_054654_extracted/results/combo_validation_final.csv | пайплайн сокомандника/review_bundles/fixedstack_combo10h_REVIEW_BUNDLE_20260823_054654_extracted/results/combo_validation_final_reload.csv | пайплайн сокомандника/review_bundles/fixedstack_combo10h_REVIEW_BUNDLE_20260823_054654_extracted/results/primitive_validation_after_recent_hurdle_fast12.csv | пайплайн сокомандника/review_bundles/fixedstack_combo10h_REVIEW_BUNDLE_20260823_054654_extracted/results/primitive_validation_after_recent_hurdle_stable18.csv | пайплайн сокомандника/review_bundles/fixedstack_combo10h_REVIEW_BUNDLE_20260823_054654_extracted/results/primitive_validation_existing.csv | пайплайн сокомандника/review_bundles/fixedstack_combo10h_REVIEW_BUNDLE_20260823_054654_extracted/results/primitive_validation_final.csv | пайплайн сокомандника/review_bundles/fixedstack_combo10h_REVIEW_BUNDLE_20260823_054654_extracted/results/primitive_validation_final_reload.csv,external teammate review bundles,NOT_IN_GIT_HISTORY,пайплайн сокомандника/research_scripts/continue_fixedstack_combo_10h.py | пайплайн сокомандника/research_scripts/continue_best_bas_final6h.py | пайплайн сокомандника/research_scripts/materialize_final6h_extra90m.py | пайплайн сокомандника/research_scripts/run_best_bas_fixedstack_14h_v2.py,,two-part / hurdle,See preserved experiment card and implementation,Source: `пайплайн сокомандника/review_bundles/extra90_REVIEW_BUNDLE_20260823_222555_extracted/results/ALL_EXTRA90_VALIDATION.csv`,| wcv | 1.760047439180695 |,None documented,Seed from src/config.py unless the preserved card explicitly states otherwise,See preserved experiment card and frozen implementation,None documented,Competition train.parquet and sample_submit.csv; additional artifacts are listed in the card,PARTIAL: exact result rows and runner code survive; checkpoint bank and raw data are external,Recovered from 19 result-table row(s); no score or parameter was inferred.,README.md
teammate_candidate__occ_occ_r10_fast_adapt_blend_ridge_recentpow1p7_s075_greedy35_finalizable_pr85,teammate_candidate,occ_occ_r10_fast_adapt__blend_ridge_recentpow1p7_s075__greedy35_finalizable_pr85,Teammate candidate — occ_occ_r10_fast_adapt__blend_ridge_recentpow1p7_s075__greedy35_finalizable_pr85,completed teammate candidate/subrun,пайплайн сокомандника/review_bundles/final6h_REVIEW_BUNDLE_20260823_204823_extracted/results/ALL_FINAL6H_VALIDATION.csv | пайплайн сокомандника/review_bundles/final6h_REVIEW_BUNDLE_20260823_204823_extracted/results/FAMILY_BEST.csv | пайплайн сокомандника/review_bundles/final6h_REVIEW_BUNDLE_20260823_204823_extracted/results/OCCURRENCE_BRANCH_VALIDATION.csv,external teammate review bundles,NOT_IN_GIT_HISTORY,пайплайн сокомандника/research_scripts/continue_fixedstack_combo_10h.py | пайплайн сокомандника/research_scripts/continue_best_bas_final6h.py | пайплайн сокомандника/research_scripts/materialize_final6h_extra90m.py | пайплайн сокомандника/research_scripts/run_best_bas_fixedstack_14h_v2.py,,"Ridge, blend","occurrence features, 227 tabular features",Source: `пайплайн сокомандника/review_bundles/final6h_REVIEW_BUNDLE_20260823_204823_extracted/results/ALL_FINAL6H_VALIDATION.csv`,| wcv | 1.7481791013308823 |,None documented,Seed from src/config.py unless the preserved card explicitly states otherwise,See preserved experiment card and frozen implementation,None documented,Competition train.parquet and sample_submit.csv; additional artifacts are listed in the card,PARTIAL: exact result rows and runner code survive; checkpoint bank and raw data are external,Recovered from 3 result-table row(s); no score or parameter was inferred.,README.md
teammate_candidate__occ_occ_r10_fast_adapt_super_pband_l0p06,teammate_candidate,occ_occ_r10_fast_adapt__super_pband_l0p06,Teammate candidate — occ_occ_r10_fast_adapt__super_pband_l0p06,completed teammate candidate/subrun,пайплайн сокомандника/review_bundles/final6h_REVIEW_BUNDLE_20260823_204823_extracted/results/ALL_FINAL6H_VALIDATION.csv | пайплайн сокомандника/review_bundles/final6h_REVIEW_BUNDLE_20260823_204823_extracted/results/OCCURRENCE_BRANCH_VALIDATION.csv,external teammate review bundles,NOT_IN_GIT_HISTORY,пайплайн сокомандника/research_scripts/continue_fixedstack_combo_10h.py | пайплайн сокомандника/research_scripts/continue_best_bas_final6h.py | пайплайн сокомандника/research_scripts/materialize_final6h_extra90m.py | пайплайн сокомандника/research_scripts/run_best_bas_fixedstack_14h_v2.py,,Unknown / not recoverable from repository history,occurrence features,Source: `пайплайн сокомандника/review_bundles/final6h_REVIEW_BUNDLE_20260823_204823_extracted/results/ALL_FINAL6H_VALIDATION.csv`,| wcv | 1.7481832901856391 |,None documented,Seed from src/config.py unless the preserved card explicitly states otherwise,See preserved experiment card and frozen implementation,None documented,Competition train.parquet and sample_submit.csv; additional artifacts are listed in the card,PARTIAL: exact result rows and runner code survive; checkpoint bank and raw data are external,Recovered from 2 result-table row(s); no score or parameter was inferred.,README.md
teammate_candidate__occ_occ_r10_fast_adapt_super_pband_l0p14,teammate_candidate,occ_occ_r10_fast_adapt__super_pband_l0p14,Teammate candidate — occ_occ_r10_fast_adapt__super_pband_l0p14,completed teammate candidate/subrun,пайплайн сокомандника/review_bundles/final6h_REVIEW_BUNDLE_20260823_204823_extracted/results/ALL_FINAL6H_VALIDATION.csv | пайплайн сокомандника/review_bundles/final6h_REVIEW_BUNDLE_20260823_204823_extracted/results/OCCURRENCE_BRANCH_VALIDATION.csv,external teammate review bundles,NOT_IN_GIT_HISTORY,пайплайн сокомандника/research_scripts/continue_fixedstack_combo_10h.py | пайплайн сокомандника/research_scripts/continue_best_bas_final6h.py | пайплайн сокомандника/research_scripts/materialize_final6h_extra90m.py | пайплайн сокомандника/research_scripts/run_best_bas_fixedstack_14h_v2.py,,Unknown / not recoverable from repository history,occurrence features,Source: `пайплайн сокомандника/review_bundles/final6h_REVIEW_BUNDLE_20260823_204823_extracted/results/ALL_FINAL6H_VALIDATION.csv`,| wcv | 1.7481833780123661 |,None documented,Seed from src/config.py unless the preserved card explicitly states otherwise,See preserved experiment card and frozen implementation,None documented,Competition train.parquet and sample_submit.csv; additional artifacts are listed in the card,PARTIAL: exact result rows and runner code survive; checkpoint bank and raw data are external,Recovered from 2 result-table row(s); no score or parameter was inferred.,README.md
teammate_candidate__occ_occ_r10_fast_adapt_super_pband_l0p28,teammate_candidate,occ_occ_r10_fast_adapt__super_pband_l0p28,Teammate candidate — occ_occ_r10_fast_adapt__super_pband_l0p28,completed teammate candidate/subrun,пайплайн сокомандника/review_bundles/final6h_REVIEW_BUNDLE_20260823_204823_extracted/results/ALL_FINAL6H_VALIDATION.csv | пайплайн сокомандника/review_bundles/final6h_REVIEW_BUNDLE_20260823_204823_extracted/results/OCCURRENCE_BRANCH_VALIDATION.csv,external teammate review bundles,NOT_IN_GIT_HISTORY,пайплайн сокомандника/research_scripts/continue_fixedstack_combo_10h.py | пайплайн сокомандника/research_scripts/continue_best_bas_final6h.py | пайплайн сокомандника/research_scripts/materialize_final6h_extra90m.py | пайплайн сокомандника/research_scripts/run_best_bas_fixedstack_14h_v2.py,,Unknown / not recoverable from repository history,occurrence features,Source: `пайплайн сокомандника/review_bundles/final6h_REVIEW_BUNDLE_20260823_204823_extracted/results/ALL_FINAL6H_VALIDATION.csv`,| wcv | 1.7481834112008996 |,None documented,Seed from src/config.py unless the preserved card explicitly states otherwise,See preserved experiment card and frozen implementation,None documented,Competition train.parquet and sample_submit.csv; additional artifacts are listed in the card,PARTIAL: exact result rows and runner code survive; checkpoint bank and raw data are external,Recovered from 2 result-table row(s); no score or parameter was inferred.,README.md
teammate_candidate__occ_occ_r10_fast_adapt_table_core,teammate_candidate,occ_occ_r10_fast_adapt__table_core,Teammate candidate — occ_occ_r10_fast_adapt__table_core,completed teammate candidate/subrun,пайплайн сокомандника/review_bundles/final6h_REVIEW_BUNDLE_20260823_204823_extracted/results/ALL_FINAL6H_VALIDATION.csv | пайплайн сокомандника/review_bundles/final6h_REVIEW_BUNDLE_20260823_204823_extracted/results/OCCURRENCE_BRANCH_VALIDATION.csv,external teammate review bundles,NOT_IN_GIT_HISTORY,пайплайн сокомандника/research_scripts/continue_fixedstack_combo_10h.py | пайплайн сокомандника/research_scripts/continue_best_bas_final6h.py | пайплайн сокомандника/research_scripts/materialize_final6h_extra90m.py | пайплайн сокомандника/research_scripts/run_best_bas_fixedstack_14h_v2.py,,Unknown / not recoverable from repository history,occurrence features,Source: `пайплайн сокомандника/review_bundles/final6h_REVIEW_BUNDLE_20260823_204823_extracted/results/ALL_FINAL6H_VALIDATION.csv`,| wcv | 1.7496529312046991 |,None documented,Seed from src/config.py unless the preserved card explicitly states otherwise,See preserved experiment card and frozen implementation,None documented,Competition train.parquet and sample_submit.csv; additional artifacts are listed in the card,PARTIAL: exact result rows and runner code survive; checkpoint bank and raw data are external,Recovered from 2 result-table row(s); no score or parameter was inferred.,README.md
teammate_candidate__occ_occ_r10_fast_fixed_blend_ridge_recentpow1p7_s075_greedy35_finalizable_pr85,teammate_candidate,occ_occ_r10_fast_fixed__blend_ridge_recentpow1p7_s075__greedy35_finalizable_pr85,Teammate candidate — occ_occ_r10_fast_fixed__blend_ridge_recentpow1p7_s075__greedy35_finalizable_pr85,completed teammate candidate/subrun,пайплайн сокомандника/review_bundles/final6h_REVIEW_BUNDLE_20260823_204823_extracted/results/ALL_FINAL6H_VALIDATION.csv | пайплайн сокомандника/review_bundles/final6h_REVIEW_BUNDLE_20260823_204823_extracted/results/OCCURRENCE_BRANCH_VALIDATION.csv,external teammate review bundles,NOT_IN_GIT_HISTORY,пайплайн сокомандника/research_scripts/continue_fixedstack_combo_10h.py | пайплайн сокомандника/research_scripts/continue_best_bas_final6h.py | пайплайн сокомандника/research_scripts/materialize_final6h_extra90m.py | пайплайн сокомандника/research_scripts/run_best_bas_fixedstack_14h_v2.py,,"Ridge, blend",occurrence features,Source: `пайплайн сокомандника/review_bundles/final6h_REVIEW_BUNDLE_20260823_204823_extracted/results/ALL_FINAL6H_VALIDATION.csv`,| wcv | 1.7484175389059515 |,None documented,Seed from src/config.py unless the preserved card explicitly states otherwise,See preserved experiment card and frozen implementation,None documented,Competition train.parquet and sample_submit.csv; additional artifacts are listed in the card,PARTIAL: exact result rows and runner code survive; checkpoint bank and raw data are external,Recovered from 2 result-table row(s); no score or parameter was inferred.,README.md
teammate_candidate__occ_occ_r10_fast_fixed_super_pband_l0p06,teammate_candidate,occ_occ_r10_fast_fixed__super_pband_l0p06,Teammate candidate — occ_occ_r10_fast_fixed__super_pband_l0p06,completed teammate candidate/subrun,пайплайн сокомандника/review_bundles/final6h_REVIEW_BUNDLE_20260823_204823_extracted/results/ALL_FINAL6H_VALIDATION.csv | пайплайн сокомандника/review_bundles/final6h_REVIEW_BUNDLE_20260823_204823_extracted/results/OCCURRENCE_BRANCH_VALIDATION.csv,external teammate review bundles,NOT_IN_GIT_HISTORY,пайплайн сокомандника/research_scripts/continue_fixedstack_combo_10h.py | пайплайн сокомандника/research_scripts/continue_best_bas_final6h.py | пайплайн сокомандника/research_scripts/materialize_final6h_extra90m.py | пайплайн сокомандника/research_scripts/run_best_bas_fixedstack_14h_v2.py,,Unknown / not recoverable from repository history,occurrence features,Source: `пайплайн сокомандника/review_bundles/final6h_REVIEW_BUNDLE_20260823_204823_extracted/results/ALL_FINAL6H_VALIDATION.csv`,| wcv | 1.7484214650576428 |,None documented,Seed from src/config.py unless the preserved card explicitly states otherwise,See preserved experiment card and frozen implementation,None documented,Competition train.parquet and sample_submit.csv; additional artifacts are listed in the card,PARTIAL: exact result rows and runner code survive; checkpoint bank and raw data are external,Recovered from 2 result-table row(s); no score or parameter was inferred.,README.md
teammate_candidate__occ_occ_r10_fast_fixed_super_pband_l0p14,teammate_candidate,occ_occ_r10_fast_fixed__super_pband_l0p14,Teammate candidate — occ_occ_r10_fast_fixed__super_pband_l0p14,completed teammate candidate/subrun,пайплайн сокомандника/review_bundles/final6h_REVIEW_BUNDLE_20260823_204823_extracted/results/ALL_FINAL6H_VALIDATION.csv | пайплайн сокомандника/review_bundles/final6h_REVIEW_BUNDLE_20260823_204823_extracted/results/OCCURRENCE_BRANCH_VALIDATION.csv,external teammate review bundles,NOT_IN_GIT_HISTORY,пайплайн сокомандника/research_scripts/continue_fixedstack_combo_10h.py | пайплайн сокомандника/research_scripts/continue_best_bas_final6h.py | пайплайн сокомандника/research_scripts/materialize_final6h_extra90m.py | пайплайн сокомандника/research_scripts/run_best_bas_fixedstack_14h_v2.py,,Unknown / not recoverable from repository history,occurrence features,Source: `пайплайн сокомандника/review_bundles/final6h_REVIEW_BUNDLE_20260823_204823_extracted/results/ALL_FINAL6H_VALIDATION.csv`,| wcv | 1.748421553905575 |,None documented,Seed from src/config.py unless the preserved card explicitly states otherwise,See preserved experiment card and frozen implementation,None documented,Competition train.parquet and sample_submit.csv; additional artifacts are listed in the card,PARTIAL: exact result rows and runner code survive; checkpoint bank and raw data are external,Recovered from 2 result-table row(s); no score or parameter was inferred.,README.md
teammate_candidate__occ_occ_r10_fast_fixed_super_pband_l0p28,teammate_candidate,occ_occ_r10_fast_fixed__super_pband_l0p28,Teammate candidate — occ_occ_r10_fast_fixed__super_pband_l0p28,completed teammate candidate/subrun,пайплайн сокомандника/review_bundles/final6h_REVIEW_BUNDLE_20260823_204823_extracted/results/ALL_FINAL6H_VALIDATION.csv | пайплайн сокомандника/review_bundles/final6h_REVIEW_BUNDLE_20260823_204823_extracted/results/OCCURRENCE_BRANCH_VALIDATION.csv,external teammate review bundles,NOT_IN_GIT_HISTORY,пайплайн сокомандника/research_scripts/continue_fixedstack_combo_10h.py | пайплайн сокомандника/research_scripts/continue_best_bas_final6h.py | пайплайн сокомандника/research_scripts/materialize_final6h_extra90m.py | пайплайн сокомандника/research_scripts/run_best_bas_fixedstack_14h_v2.py,,Unknown / not recoverable from repository history,occurrence features,Source: `пайплайн сокомандника/review_bundles/final6h_REVIEW_BUNDLE_20260823_204823_extracted/results/ALL_FINAL6H_VALIDATION.csv`,| wcv | 1.7484215875019666 |,None documented,Seed from src/config.py unless the preserved card explicitly states otherwise,See preserved experiment card and frozen implementation,None documented,Competition train.parquet and sample_submit.csv; additional artifacts are listed in the card,PARTIAL: exact result rows and runner code survive; checkpoint bank and raw data are external,Recovered from 2 result-table row(s); no score or parameter was inferred.,README.md
teammate_candidate__occ_occ_r10_fast_fixed_table_core,teammate_candidate,occ_occ_r10_fast_fixed__table_core,Teammate candidate — occ_occ_r10_fast_fixed__table_core,completed teammate candidate/subrun,пайплайн сокомандника/review_bundles/final6h_REVIEW_BUNDLE_20260823_204823_extracted/results/ALL_FINAL6H_VALIDATION.csv | пайплайн сокомандника/review_bundles/final6h_REVIEW_BUNDLE_20260823_204823_extracted/results/OCCURRENCE_BRANCH_VALIDATION.csv,external teammate review bundles,NOT_IN_GIT_HISTORY,пайплайн сокомандника/research_scripts/continue_fixedstack_combo_10h.py | пайплайн сокомандника/research_scripts/continue_best_bas_final6h.py | пайплайн сокомандника/research_scripts/materialize_final6h_extra90m.py | пайплайн сокомандника/research_scripts/run_best_bas_fixedstack_14h_v2.py,,Unknown / not recoverable from repository history,occurrence features,Source: `пайплайн сокомандника/review_bundles/final6h_REVIEW_BUNDLE_20260823_204823_extracted/results/ALL_FINAL6H_VALIDATION.csv`,| wcv | 1.7497890525433917 |,None documented,Seed from src/config.py unless the preserved card explicitly states otherwise,See preserved experiment card and frozen implementation,None documented,Competition train.parquet and sample_submit.csv; additional artifacts are listed in the card,PARTIAL: exact result rows and runner code survive; checkpoint bank and raw data are external,Recovered from 2 result-table row(s); no score or parameter was inferred.,README.md
teammate_candidate__occ_occ_r12_wide_adapt_blend_ridge_recentpow1p7_s075_greedy35_finalizable_pr85,teammate_candidate,occ_occ_r12_wide_adapt__blend_ridge_recentpow1p7_s075__greedy35_finalizable_pr85,Teammate candidate — occ_occ_r12_wide_adapt__blend_ridge_recentpow1p7_s075__greedy35_finalizable_pr85,completed teammate candidate/subrun,пайплайн сокомандника/review_bundles/final6h_REVIEW_BUNDLE_20260823_204823_extracted/results/ALL_FINAL6H_VALIDATION.csv | пайплайн сокомандника/review_bundles/final6h_REVIEW_BUNDLE_20260823_204823_extracted/results/OCCURRENCE_BRANCH_VALIDATION.csv,external teammate review bundles,NOT_IN_GIT_HISTORY,пайплайн сокомандника/research_scripts/continue_fixedstack_combo_10h.py | пайплайн сокомандника/research_scripts/continue_best_bas_final6h.py | пайплайн сокомандника/research_scripts/materialize_final6h_extra90m.py | пайплайн сокомандника/research_scripts/run_best_bas_fixedstack_14h_v2.py,,"Ridge, blend","occurrence features, 227 tabular features",Source: `пайплайн сокомандника/review_bundles/final6h_REVIEW_BUNDLE_20260823_204823_extracted/results/ALL_FINAL6H_VALIDATION.csv`,| wcv | 1.7483283097874291 |,None documented,Seed from src/config.py unless the preserved card explicitly states otherwise,See preserved experiment card and frozen implementation,None documented,Competition train.parquet and sample_submit.csv; additional artifacts are listed in the card,PARTIAL: exact result rows and runner code survive; checkpoint bank and raw data are external,Recovered from 2 result-table row(s); no score or parameter was inferred.,README.md
teammate_candidate__occ_occ_r12_wide_adapt_super_pband_l0p06,teammate_candidate,occ_occ_r12_wide_adapt__super_pband_l0p06,Teammate candidate — occ_occ_r12_wide_adapt__super_pband_l0p06,completed teammate candidate/subrun,пайплайн сокомандника/review_bundles/final6h_REVIEW_BUNDLE_20260823_204823_extracted/results/ALL_FINAL6H_VALIDATION.csv | пайплайн сокомандника/review_bundles/final6h_REVIEW_BUNDLE_20260823_204823_extracted/results/OCCURRENCE_BRANCH_VALIDATION.csv,external teammate review bundles,NOT_IN_GIT_HISTORY,пайплайн сокомандника/research_scripts/continue_fixedstack_combo_10h.py | пайплайн сокомандника/research_scripts/continue_best_bas_final6h.py | пайплайн сокомандника/research_scripts/materialize_final6h_extra90m.py | пайплайн сокомандника/research_scripts/run_best_bas_fixedstack_14h_v2.py,,Unknown / not recoverable from repository history,occurrence features,Source: `пайплайн сокомандника/review_bundles/final6h_REVIEW_BUNDLE_20260823_204823_extracted/results/ALL_FINAL6H_VALIDATION.csv`,| wcv | 1.748332387865427 |,None documented,Seed from src/config.py unless the preserved card explicitly states otherwise,See preserved experiment card and frozen implementation,None documented,Competition train.parquet and sample_submit.csv; additional artifacts are listed in the card,PARTIAL: exact result rows and runner code survive; checkpoint bank and raw data are external,Recovered from 2 result-table row(s); no score or parameter was inferred.,README.md
teammate_candidate__occ_occ_r12_wide_adapt_super_pband_l0p14,teammate_candidate,occ_occ_r12_wide_adapt__super_pband_l0p14,Teammate candidate — occ_occ_r12_wide_adapt__super_pband_l0p14,completed teammate candidate/subrun,пайплайн сокомандника/review_bundles/final6h_REVIEW_BUNDLE_20260823_204823_extracted/results/ALL_FINAL6H_VALIDATION.csv | пайплайн сокомандника/review_bundles/final6h_REVIEW_BUNDLE_20260823_204823_extracted/results/OCCURRENCE_BRANCH_VALIDATION.csv,external teammate review bundles,NOT_IN_GIT_HISTORY,пайплайн сокомандника/research_scripts/continue_fixedstack_combo_10h.py | пайплайн сокомандника/research_scripts/continue_best_bas_final6h.py | пайплайн сокомандника/research_scripts/materialize_final6h_extra90m.py | пайплайн сокомандника/research_scripts/run_best_bas_fixedstack_14h_v2.py,,Unknown / not recoverable from repository history,occurrence features,Source: `пайплайн сокомандника/review_bundles/final6h_REVIEW_BUNDLE_20260823_204823_extracted/results/ALL_FINAL6H_VALIDATION.csv`,| wcv | 1.7483324883734028 |,None documented,Seed from src/config.py unless the preserved card explicitly states otherwise,See preserved experiment card and frozen implementation,None documented,Competition train.parquet and sample_submit.csv; additional artifacts are listed in the card,PARTIAL: exact result rows and runner code survive; checkpoint bank and raw data are external,Recovered from 2 result-table row(s); no score or parameter was inferred.,README.md
teammate_candidate__occ_occ_r12_wide_adapt_super_pband_l0p28,teammate_candidate,occ_occ_r12_wide_adapt__super_pband_l0p28,Teammate candidate — occ_occ_r12_wide_adapt__super_pband_l0p28,completed teammate candidate/subrun,пайплайн сокомандника/review_bundles/final6h_REVIEW_BUNDLE_20260823_204823_extracted/results/ALL_FINAL6H_VALIDATION.csv | пайплайн сокомандника/review_bundles/final6h_REVIEW_BUNDLE_20260823_204823_extracted/results/OCCURRENCE_BRANCH_VALIDATION.csv,external teammate review bundles,NOT_IN_GIT_HISTORY,пайплайн сокомандника/research_scripts/continue_fixedstack_combo_10h.py | пайплайн сокомандника/research_scripts/continue_best_bas_final6h.py | пайплайн сокомандника/research_scripts/materialize_final6h_extra90m.py | пайплайн сокомандника/research_scripts/run_best_bas_fixedstack_14h_v2.py,,Unknown / not recoverable from repository history,"occurrence features, 227 tabular features",Source: `пайплайн сокомандника/review_bundles/final6h_REVIEW_BUNDLE_20260823_204823_extracted/results/ALL_FINAL6H_VALIDATION.csv`,| wcv | 1.748332526330837 |,None documented,Seed from src/config.py unless the preserved card explicitly states otherwise,See preserved experiment card and frozen implementation,None documented,Competition train.parquet and sample_submit.csv; additional artifacts are listed in the card,PARTIAL: exact result rows and runner code survive; checkpoint bank and raw data are external,Recovered from 2 result-table row(s); no score or parameter was inferred.,README.md
teammate_candidate__occ_occ_r12_wide_adapt_table_core,teammate_candidate,occ_occ_r12_wide_adapt__table_core,Teammate candidate — occ_occ_r12_wide_adapt__table_core,completed teammate candidate/subrun,пайплайн сокомандника/review_bundles/final6h_REVIEW_BUNDLE_20260823_204823_extracted/results/ALL_FINAL6H_VALIDATION.csv | пайплайн сокомандника/review_bundles/final6h_REVIEW_BUNDLE_20260823_204823_extracted/results/OCCURRENCE_BRANCH_VALIDATION.csv,external teammate review bundles,NOT_IN_GIT_HISTORY,пайплайн сокомандника/research_scripts/continue_fixedstack_combo_10h.py | пайплайн сокомандника/research_scripts/continue_best_bas_final6h.py | пайплайн сокомандника/research_scripts/materialize_final6h_extra90m.py | пайплайн сокомандника/research_scripts/run_best_bas_fixedstack_14h_v2.py,,Unknown / not recoverable from repository history,occurrence features,Source: `пайплайн сокомандника/review_bundles/final6h_REVIEW_BUNDLE_20260823_204823_extracted/results/ALL_FINAL6H_VALIDATION.csv`,| wcv | 1.7498353335422694 |,None documented,Seed from src/config.py unless the preserved card explicitly states otherwise,See preserved experiment card and frozen implementation,None documented,Competition train.parquet and sample_submit.csv; additional artifacts are listed in the card,PARTIAL: exact result rows and runner code survive; checkpoint bank and raw data are external,Recovered from 2 result-table row(s); no score or parameter was inferred.,README.md
teammate_candidate__occ_occ_r12_wide_fixed_blend_ridge_recentpow1p7_s075_greedy35_finalizable_pr85,teammate_candidate,occ_occ_r12_wide_fixed__blend_ridge_recentpow1p7_s075__greedy35_finalizable_pr85,Teammate candidate — occ_occ_r12_wide_fixed__blend_ridge_recentpow1p7_s075__greedy35_finalizable_pr85,completed teammate candidate/subrun,пайплайн сокомандника/review_bundles/final6h_REVIEW_BUNDLE_20260823_204823_extracted/results/ALL_FINAL6H_VALIDATION.csv | пайплайн сокомандника/review_bundles/final6h_REVIEW_BUNDLE_20260823_204823_extracted/results/OCCURRENCE_BRANCH_VALIDATION.csv,external teammate review bundles,NOT_IN_GIT_HISTORY,пайплайн сокомандника/research_scripts/continue_fixedstack_combo_10h.py | пайплайн сокомандника/research_scripts/continue_best_bas_final6h.py | пайплайн сокомандника/research_scripts/materialize_final6h_extra90m.py | пайплайн сокомандника/research_scripts/run_best_bas_fixedstack_14h_v2.py,,"Ridge, blend",occurrence features,Source: `пайплайн сокомандника/review_bundles/final6h_REVIEW_BUNDLE_20260823_204823_extracted/results/ALL_FINAL6H_VALIDATION.csv`,| wcv | 1.7486881443120235 |,None documented,Seed from src/config.py unless the preserved card explicitly states otherwise,See preserved experiment card and frozen implementation,None documented,Competition train.parquet and sample_submit.csv; additional artifacts are listed in the card,PARTIAL: exact result rows and runner code survive; checkpoint bank and raw data are external,Recovered from 2 result-table row(s); no score or parameter was inferred.,README.md
teammate_candidate__occ_occ_r12_wide_fixed_super_pband_l0p06,teammate_candidate,occ_occ_r12_wide_fixed__super_pband_l0p06,Teammate candidate — occ_occ_r12_wide_fixed__super_pband_l0p06,completed teammate candidate/subrun,пайплайн сокомандника/review_bundles/final6h_REVIEW_BUNDLE_20260823_204823_extracted/results/ALL_FINAL6H_VALIDATION.csv | пайплайн сокомандника/review_bundles/final6h_REVIEW_BUNDLE_20260823_204823_extracted/results/OCCURRENCE_BRANCH_VALIDATION.csv,external teammate review bundles,NOT_IN_GIT_HISTORY,пайплайн сокомандника/research_scripts/continue_fixedstack_combo_10h.py | пайплайн сокомандника/research_scripts/continue_best_bas_final6h.py | пайплайн сокомандника/research_scripts/materialize_final6h_extra90m.py | пайплайн сокомандника/research_scripts/run_best_bas_fixedstack_14h_v2.py,,Unknown / not recoverable from repository history,occurrence features,Source: `пайплайн сокомандника/review_bundles/final6h_REVIEW_BUNDLE_20260823_204823_extracted/results/ALL_FINAL6H_VALIDATION.csv`,| wcv | 1.748692202640288 |,None documented,Seed from src/config.py unless the preserved card explicitly states otherwise,See preserved experiment card and frozen implementation,None documented,Competition train.parquet and sample_submit.csv; additional artifacts are listed in the card,PARTIAL: exact result rows and runner code survive; checkpoint bank and raw data are external,Recovered from 2 result-table row(s); no score or parameter was inferred.,README.md
teammate_candidate__occ_occ_r12_wide_fixed_super_pband_l0p14,teammate_candidate,occ_occ_r12_wide_fixed__super_pband_l0p14,Teammate candidate — occ_occ_r12_wide_fixed__super_pband_l0p14,completed teammate candidate/subrun,пайплайн сокомандника/review_bundles/final6h_REVIEW_BUNDLE_20260823_204823_extracted/results/ALL_FINAL6H_VALIDATION.csv | пайплайн сокомандника/review_bundles/final6h_REVIEW_BUNDLE_20260823_204823_extracted/results/OCCURRENCE_BRANCH_VALIDATION.csv,external teammate review bundles,NOT_IN_GIT_HISTORY,пайплайн сокомандника/research_scripts/continue_fixedstack_combo_10h.py | пайплайн сокомандника/research_scripts/continue_best_bas_final6h.py | пайплайн сокомандника/research_scripts/materialize_final6h_extra90m.py | пайплайн сокомандника/research_scripts/run_best_bas_fixedstack_14h_v2.py,,Unknown / not recoverable from repository history,occurrence features,Source: `пайплайн сокомандника/review_bundles/final6h_REVIEW_BUNDLE_20260823_204823_extracted/results/ALL_FINAL6H_VALIDATION.csv`,| wcv | 1.7486922935889182 |,None documented,Seed from src/config.py unless the preserved card explicitly states otherwise,See preserved experiment card and frozen implementation,None documented,Competition train.parquet and sample_submit.csv; additional artifacts are listed in the card,PARTIAL: exact result rows and runner code survive; checkpoint bank and raw data are external,Recovered from 2 result-table row(s); no score or parameter was inferred.,README.md
teammate_candidate__occ_occ_r12_wide_fixed_super_pband_l0p28,teammate_candidate,occ_occ_r12_wide_fixed__super_pband_l0p28,Teammate candidate — occ_occ_r12_wide_fixed__super_pband_l0p28,completed teammate candidate/subrun,пайплайн сокомандника/review_bundles/final6h_REVIEW_BUNDLE_20260823_204823_extracted/results/ALL_FINAL6H_VALIDATION.csv | пайплайн сокомандника/review_bundles/final6h_REVIEW_BUNDLE_20260823_204823_extracted/results/OCCURRENCE_BRANCH_VALIDATION.csv,external teammate review bundles,NOT_IN_GIT_HISTORY,пайплайн сокомандника/research_scripts/continue_fixedstack_combo_10h.py | пайплайн сокомандника/research_scripts/continue_best_bas_final6h.py | пайплайн сокомандника/research_scripts/materialize_final6h_extra90m.py | пайплайн сокомандника/research_scripts/run_best_bas_fixedstack_14h_v2.py,,Unknown / not recoverable from repository history,occurrence features,Source: `пайплайн сокомандника/review_bundles/final6h_REVIEW_BUNDLE_20260823_204823_extracted/results/ALL_FINAL6H_VALIDATION.csv`,| wcv | 1.7486923279749953 |,None documented,Seed from src/config.py unless the preserved card explicitly states otherwise,See preserved experiment card and frozen implementation,None documented,Competition train.parquet and sample_submit.csv; additional artifacts are listed in the card,PARTIAL: exact result rows and runner code survive; checkpoint bank and raw data are external,Recovered from 2 result-table row(s); no score or parameter was inferred.,README.md
teammate_candidate__occ_occ_r12_wide_fixed_table_core,teammate_candidate,occ_occ_r12_wide_fixed__table_core,Teammate candidate — occ_occ_r12_wide_fixed__table_core,completed teammate candidate/subrun,пайплайн сокомандника/review_bundles/final6h_REVIEW_BUNDLE_20260823_204823_extracted/results/ALL_FINAL6H_VALIDATION.csv | пайплайн сокомандника/review_bundles/final6h_REVIEW_BUNDLE_20260823_204823_extracted/results/OCCURRENCE_BRANCH_VALIDATION.csv,external teammate review bundles,NOT_IN_GIT_HISTORY,пайплайн сокомандника/research_scripts/continue_fixedstack_combo_10h.py | пайплайн сокомандника/research_scripts/continue_best_bas_final6h.py | пайплайн сокомандника/research_scripts/materialize_final6h_extra90m.py | пайплайн сокомандника/research_scripts/run_best_bas_fixedstack_14h_v2.py,,Unknown / not recoverable from repository history,"occurrence features, 227 tabular features",Source: `пайплайн сокомандника/review_bundles/final6h_REVIEW_BUNDLE_20260823_204823_extracted/results/ALL_FINAL6H_VALIDATION.csv`,| wcv | 1.7500792119499793 |,None documented,Seed from src/config.py unless the preserved card explicitly states otherwise,See preserved experiment card and frozen implementation,None documented,Competition train.parquet and sample_submit.csv; additional artifacts are listed in the card,PARTIAL: exact result rows and runner code survive; checkpoint bank and raw data are external,Recovered from 2 result-table row(s); no score or parameter was inferred.,README.md
teammate_candidate__occ_occ_r14_multiscale_adapt_blend_ridge_recentpow1p7_s075_greedy35_finalizable_pr85,teammate_candidate,occ_occ_r14_multiscale_adapt__blend_ridge_recentpow1p7_s075__greedy35_finalizable_pr85,Teammate candidate — occ_occ_r14_multiscale_adapt__blend_ridge_recentpow1p7_s075__greedy35_finalizable_pr85,completed teammate candidate/subrun,пайплайн сокомандника/review_bundles/final6h_REVIEW_BUNDLE_20260823_204823_extracted/results/ALL_FINAL6H_VALIDATION.csv | пайплайн сокомандника/review_bundles/final6h_REVIEW_BUNDLE_20260823_204823_extracted/results/OCCURRENCE_BRANCH_VALIDATION.csv,external teammate review bundles,NOT_IN_GIT_HISTORY,пайплайн сокомандника/research_scripts/continue_fixedstack_combo_10h.py | пайплайн сокомандника/research_scripts/continue_best_bas_final6h.py | пайплайн сокомандника/research_scripts/materialize_final6h_extra90m.py | пайплайн сокомандника/research_scripts/run_best_bas_fixedstack_14h_v2.py,,"Ridge, blend",occurrence features,Source: `пайплайн сокомандника/review_bundles/final6h_REVIEW_BUNDLE_20260823_204823_extracted/results/ALL_FINAL6H_VALIDATION.csv`,| wcv | 1.7483811719951627 |,None documented,Seed from src/config.py unless the preserved card explicitly states otherwise,See preserved experiment card and frozen implementation,None documented,Competition train.parquet and sample_submit.csv; additional artifacts are listed in the card,PARTIAL: exact result rows and runner code survive; checkpoint bank and raw data are external,Recovered from 2 result-table row(s); no score or parameter was inferred.,README.md
teammate_candidate__occ_occ_r14_multiscale_adapt_super_pband_l0p06,teammate_candidate,occ_occ_r14_multiscale_adapt__super_pband_l0p06,Teammate candidate — occ_occ_r14_multiscale_adapt__super_pband_l0p06,completed teammate candidate/subrun,пайплайн сокомандника/review_bundles/final6h_REVIEW_BUNDLE_20260823_204823_extracted/results/ALL_FINAL6H_VALIDATION.csv | пайплайн сокомандника/review_bundles/final6h_REVIEW_BUNDLE_20260823_204823_extracted/results/OCCURRENCE_BRANCH_VALIDATION.csv,external teammate review bundles,NOT_IN_GIT_HISTORY,пайплайн сокомандника/research_scripts/continue_fixedstack_combo_10h.py | пайплайн сокомандника/research_scripts/continue_best_bas_final6h.py | пайплайн сокомандника/research_scripts/materialize_final6h_extra90m.py | пайплайн сокомандника/research_scripts/run_best_bas_fixedstack_14h_v2.py,,Unknown / not recoverable from repository history,"occurrence features, 227 tabular features",Source: `пайплайн сокомандника/review_bundles/final6h_REVIEW_BUNDLE_20260823_204823_extracted/results/ALL_FINAL6H_VALIDATION.csv`,| wcv | 1.7483837189448275 |,None documented,Seed from src/config.py unless the preserved card explicitly states otherwise,See preserved experiment card and frozen implementation,None documented,Competition train.parquet and sample_submit.csv; additional artifacts are listed in the card,PARTIAL: exact result rows and runner code survive; checkpoint bank and raw data are external,Recovered from 2 result-table row(s); no score or parameter was inferred.,README.md
teammate_candidate__occ_occ_r14_multiscale_adapt_super_pband_l0p14,teammate_candidate,occ_occ_r14_multiscale_adapt__super_pband_l0p14,Teammate candidate — occ_occ_r14_multiscale_adapt__super_pband_l0p14,completed teammate candidate/subrun,пайплайн сокомандника/review_bundles/final6h_REVIEW_BUNDLE_20260823_204823_extracted/results/ALL_FINAL6H_VALIDATION.csv | пайплайн сокомандника/review_bundles/final6h_REVIEW_BUNDLE_20260823_204823_extracted/results/OCCURRENCE_BRANCH_VALIDATION.csv,external teammate review bundles,NOT_IN_GIT_HISTORY,пайплайн сокомандника/research_scripts/continue_fixedstack_combo_10h.py | пайплайн сокомандника/research_scripts/continue_best_bas_final6h.py | пайплайн сокомандника/research_scripts/materialize_final6h_extra90m.py | пайплайн сокомандника/research_scripts/run_best_bas_fixedstack_14h_v2.py,,Unknown / not recoverable from repository history,occurrence features,Source: `пайплайн сокомандника/review_bundles/final6h_REVIEW_BUNDLE_20260823_204823_extracted/results/ALL_FINAL6H_VALIDATION.csv`,| wcv | 1.7483839107796646 |,None documented,Seed from src/config.py unless the preserved card explicitly states otherwise,See preserved experiment card and frozen implementation,None documented,Competition train.parquet and sample_submit.csv; additional artifacts are listed in the card,PARTIAL: exact result rows and runner code survive; checkpoint bank and raw data are external,Recovered from 2 result-table row(s); no score or parameter was inferred.,README.md
teammate_candidate__occ_occ_r14_multiscale_adapt_super_pband_l0p28,teammate_candidate,occ_occ_r14_multiscale_adapt__super_pband_l0p28,Teammate candidate — occ_occ_r14_multiscale_adapt__super_pband_l0p28,completed teammate candidate/subrun,пайплайн сокомандника/review_bundles/final6h_REVIEW_BUNDLE_20260823_204823_extracted/results/ALL_FINAL6H_VALIDATION.csv | пайплайн сокомандника/review_bundles/final6h_REVIEW_BUNDLE_20260823_204823_extracted/results/OCCURRENCE_BRANCH_VALIDATION.csv,external teammate review bundles,NOT_IN_GIT_HISTORY,пайплайн сокомандника/research_scripts/continue_fixedstack_combo_10h.py | пайплайн сокомандника/research_scripts/continue_best_bas_final6h.py | пайплайн сокомандника/research_scripts/materialize_final6h_extra90m.py | пайплайн сокомандника/research_scripts/run_best_bas_fixedstack_14h_v2.py,,Unknown / not recoverable from repository history,occurrence features,Source: `пайплайн сокомандника/review_bundles/final6h_REVIEW_BUNDLE_20260823_204823_extracted/results/ALL_FINAL6H_VALIDATION.csv`,| wcv | 1.7483839831385635 |,None documented,Seed from src/config.py unless the preserved card explicitly states otherwise,See preserved experiment card and frozen implementation,None documented,Competition train.parquet and sample_submit.csv; additional artifacts are listed in the card,PARTIAL: exact result rows and runner code survive; checkpoint bank and raw data are external,Recovered from 2 result-table row(s); no score or parameter was inferred.,README.md
teammate_candidate__occ_occ_r14_multiscale_adapt_table_core,teammate_candidate,occ_occ_r14_multiscale_adapt__table_core,Teammate candidate — occ_occ_r14_multiscale_adapt__table_core,completed teammate candidate/subrun,пайплайн сокомандника/review_bundles/final6h_REVIEW_BUNDLE_20260823_204823_extracted/results/ALL_FINAL6H_VALIDATION.csv | пайплайн сокомандника/review_bundles/final6h_REVIEW_BUNDLE_20260823_204823_extracted/results/OCCURRENCE_BRANCH_VALIDATION.csv,external teammate review bundles,NOT_IN_GIT_HISTORY,пайплайн сокомандника/research_scripts/continue_fixedstack_combo_10h.py | пайплайн сокомандника/research_scripts/continue_best_bas_final6h.py | пайплайн сокомандника/research_scripts/materialize_final6h_extra90m.py | пайплайн сокомандника/research_scripts/run_best_bas_fixedstack_14h_v2.py,,Unknown / not recoverable from repository history,occurrence features,Source: `пайплайн сокомандника/review_bundles/final6h_REVIEW_BUNDLE_20260823_204823_extracted/results/ALL_FINAL6H_VALIDATION.csv`,| wcv | 1.7503932164009712 |,None documented,Seed from src/config.py unless the preserved card explicitly states otherwise,See preserved experiment card and frozen implementation,None documented,Competition train.parquet and sample_submit.csv; additional artifacts are listed in the card,PARTIAL: exact result rows and runner code survive; checkpoint bank and raw data are external,Recovered from 2 result-table row(s); no score or parameter was inferred.,README.md
teammate_candidate__occ_occ_r14_multiscale_fixed_blend_ridge_recentpow1p7_s075_greedy35_finalizable_pr85,teammate_candidate,occ_occ_r14_multiscale_fixed__blend_ridge_recentpow1p7_s075__greedy35_finalizable_pr85,Teammate candidate — occ_occ_r14_multiscale_fixed__blend_ridge_recentpow1p7_s075__greedy35_finalizable_pr85,completed teammate candidate/subrun,пайплайн сокомандника/review_bundles/final6h_REVIEW_BUNDLE_20260823_204823_extracted/results/ALL_FINAL6H_VALIDATION.csv | пайплайн сокомандника/review_bundles/final6h_REVIEW_BUNDLE_20260823_204823_extracted/results/OCCURRENCE_BRANCH_VALIDATION.csv,external teammate review bundles,NOT_IN_GIT_HISTORY,пайплайн сокомандника/research_scripts/continue_fixedstack_combo_10h.py | пайплайн сокомандника/research_scripts/continue_best_bas_final6h.py | пайплайн сокомандника/research_scripts/materialize_final6h_extra90m.py | пайплайн сокомандника/research_scripts/run_best_bas_fixedstack_14h_v2.py,,"Ridge, blend",occurrence features,Source: `пайплайн сокомандника/review_bundles/final6h_REVIEW_BUNDLE_20260823_204823_extracted/results/ALL_FINAL6H_VALIDATION.csv`,| wcv | 1.7489700507624906 |,None documented,Seed from src/config.py unless the preserved card explicitly states otherwise,See preserved experiment card and frozen implementation,None documented,Competition train.parquet and sample_submit.csv; additional artifacts are listed in the card,PARTIAL: exact result rows and runner code survive; checkpoint bank and raw data are external,Recovered from 2 result-table row(s); no score or parameter was inferred.,README.md
teammate_candidate__occ_occ_r14_multiscale_fixed_super_pband_l0p06,teammate_candidate,occ_occ_r14_multiscale_fixed__super_pband_l0p06,Teammate candidate — occ_occ_r14_multiscale_fixed__super_pband_l0p06,completed teammate candidate/subrun,пайплайн сокомандника/review_bundles/final6h_REVIEW_BUNDLE_20260823_204823_extracted/results/ALL_FINAL6H_VALIDATION.csv | пайплайн сокомандника/review_bundles/final6h_REVIEW_BUNDLE_20260823_204823_extracted/results/OCCURRENCE_BRANCH_VALIDATION.csv,external teammate review bundles,NOT_IN_GIT_HISTORY,пайплайн сокомандника/research_scripts/continue_fixedstack_combo_10h.py | пайплайн сокомандника/research_scripts/continue_best_bas_final6h.py | пайплайн сокомандника/research_scripts/materialize_final6h_extra90m.py | пайплайн сокомандника/research_scripts/run_best_bas_fixedstack_14h_v2.py,,Unknown / not recoverable from repository history,occurrence features,Source: `пайплайн сокомандника/review_bundles/final6h_REVIEW_BUNDLE_20260823_204823_extracted/results/ALL_FINAL6H_VALIDATION.csv`,| wcv | 1.748974652606566 |,None documented,Seed from src/config.py unless the preserved card explicitly states otherwise,See preserved experiment card and frozen implementation,None documented,Competition train.parquet and sample_submit.csv; additional artifacts are listed in the card,PARTIAL: exact result rows and runner code survive; checkpoint bank and raw data are external,Recovered from 2 result-table row(s); no score or parameter was inferred.,README.md
teammate_candidate__occ_occ_r14_multiscale_fixed_super_pband_l0p14,teammate_candidate,occ_occ_r14_multiscale_fixed__super_pband_l0p14,Teammate candidate — occ_occ_r14_multiscale_fixed__super_pband_l0p14,completed teammate candidate/subrun,пайплайн сокомандника/review_bundles/final6h_REVIEW_BUNDLE_20260823_204823_extracted/results/ALL_FINAL6H_VALIDATION.csv | пайплайн сокомандника/review_bundles/final6h_REVIEW_BUNDLE_20260823_204823_extracted/results/OCCURRENCE_BRANCH_VALIDATION.csv,external teammate review bundles,NOT_IN_GIT_HISTORY,пайплайн сокомандника/research_scripts/continue_fixedstack_combo_10h.py | пайплайн сокомандника/research_scripts/continue_best_bas_final6h.py | пайплайн сокомандника/research_scripts/materialize_final6h_extra90m.py | пайплайн сокомандника/research_scripts/run_best_bas_fixedstack_14h_v2.py,,Unknown / not recoverable from repository history,occurrence features,Source: `пайплайн сокомандника/review_bundles/final6h_REVIEW_BUNDLE_20260823_204823_extracted/results/ALL_FINAL6H_VALIDATION.csv`,| wcv | 1.7489747764036443 |,None documented,Seed from src/config.py unless the preserved card explicitly states otherwise,See preserved experiment card and frozen implementation,None documented,Competition train.parquet and sample_submit.csv; additional artifacts are listed in the card,PARTIAL: exact result rows and runner code survive; checkpoint bank and raw data are external,Recovered from 2 result-table row(s); no score or parameter was inferred.,README.md
teammate_candidate__occ_occ_r14_multiscale_fixed_super_pband_l0p28,teammate_candidate,occ_occ_r14_multiscale_fixed__super_pband_l0p28,Teammate candidate — occ_occ_r14_multiscale_fixed__super_pband_l0p28,completed teammate candidate/subrun,пайплайн сокомандника/review_bundles/final6h_REVIEW_BUNDLE_20260823_204823_extracted/results/ALL_FINAL6H_VALIDATION.csv | пайплайн сокомандника/review_bundles/final6h_REVIEW_BUNDLE_20260823_204823_extracted/results/OCCURRENCE_BRANCH_VALIDATION.csv,external teammate review bundles,NOT_IN_GIT_HISTORY,пайплайн сокомандника/research_scripts/continue_fixedstack_combo_10h.py | пайплайн сокомандника/research_scripts/continue_best_bas_final6h.py | пайплайн сокомандника/research_scripts/materialize_final6h_extra90m.py | пайплайн сокомандника/research_scripts/run_best_bas_fixedstack_14h_v2.py,,Unknown / not recoverable from repository history,occurrence features,Source: `пайплайн сокомандника/review_bundles/final6h_REVIEW_BUNDLE_20260823_204823_extracted/results/ALL_FINAL6H_VALIDATION.csv`,| wcv | 1.7489748231593467 |,None documented,Seed from src/config.py unless the preserved card explicitly states otherwise,See preserved experiment card and frozen implementation,None documented,Competition train.parquet and sample_submit.csv; additional artifacts are listed in the card,PARTIAL: exact result rows and runner code survive; checkpoint bank and raw data are external,Recovered from 2 result-table row(s); no score or parameter was inferred.,README.md
teammate_candidate__occ_occ_r14_multiscale_fixed_table_core,teammate_candidate,occ_occ_r14_multiscale_fixed__table_core,Teammate candidate — occ_occ_r14_multiscale_fixed__table_core,completed teammate candidate/subrun,пайплайн сокомандника/review_bundles/final6h_REVIEW_BUNDLE_20260823_204823_extracted/results/ALL_FINAL6H_VALIDATION.csv | пайплайн сокомандника/review_bundles/final6h_REVIEW_BUNDLE_20260823_204823_extracted/results/OCCURRENCE_BRANCH_VALIDATION.csv,external teammate review bundles,NOT_IN_GIT_HISTORY,пайплайн сокомандника/research_scripts/continue_fixedstack_combo_10h.py | пайплайн сокомандника/research_scripts/continue_best_bas_final6h.py | пайплайн сокомандника/research_scripts/materialize_final6h_extra90m.py | пайплайн сокомандника/research_scripts/run_best_bas_fixedstack_14h_v2.py,,Unknown / not recoverable from repository history,occurrence features,Source: `пайплайн сокомандника/review_bundles/final6h_REVIEW_BUNDLE_20260823_204823_extracted/results/ALL_FINAL6H_VALIDATION.csv`,| wcv | 1.7506208239371757 |,None documented,Seed from src/config.py unless the preserved card explicitly states otherwise,See preserved experiment card and frozen implementation,None documented,Competition train.parquet and sample_submit.csv; additional artifacts are listed in the card,PARTIAL: exact result rows and runner code survive; checkpoint bank and raw data are external,Recovered from 2 result-table row(s); no score or parameter was inferred.,README.md
teammate_candidate__occ_occ_r16_bal_adapt_blend_ridge_recentpow1p7_s075_greedy35_finalizable_pr85,teammate_candidate,occ_occ_r16_bal_adapt__blend_ridge_recentpow1p7_s075__greedy35_finalizable_pr85,Teammate candidate — occ_occ_r16_bal_adapt__blend_ridge_recentpow1p7_s075__greedy35_finalizable_pr85,completed teammate candidate/subrun,пайплайн сокомандника/review_bundles/final6h_REVIEW_BUNDLE_20260823_204823_extracted/results/ALL_FINAL6H_VALIDATION.csv | пайплайн сокомандника/review_bundles/final6h_REVIEW_BUNDLE_20260823_204823_extracted/results/OCCURRENCE_BRANCH_VALIDATION.csv,external teammate review bundles,NOT_IN_GIT_HISTORY,пайплайн сокомандника/research_scripts/continue_fixedstack_combo_10h.py | пайплайн сокомандника/research_scripts/continue_best_bas_final6h.py | пайплайн сокомандника/research_scripts/materialize_final6h_extra90m.py | пайплайн сокомандника/research_scripts/run_best_bas_fixedstack_14h_v2.py,,"Ridge, blend",occurrence features,Source: `пайплайн сокомандника/review_bundles/final6h_REVIEW_BUNDLE_20260823_204823_extracted/results/ALL_FINAL6H_VALIDATION.csv`,| wcv | 1.748294061561065 |,None documented,Seed from src/config.py unless the preserved card explicitly states otherwise,See preserved experiment card and frozen implementation,None documented,Competition train.parquet and sample_submit.csv; additional artifacts are listed in the card,PARTIAL: exact result rows and runner code survive; checkpoint bank and raw data are external,Recovered from 2 result-table row(s); no score or parameter was inferred.,README.md
teammate_candidate__occ_occ_r16_bal_adapt_super_pband_l0p06,teammate_candidate,occ_occ_r16_bal_adapt__super_pband_l0p06,Teammate candidate — occ_occ_r16_bal_adapt__super_pband_l0p06,completed teammate candidate/subrun,пайплайн сокомандника/review_bundles/final6h_REVIEW_BUNDLE_20260823_204823_extracted/results/ALL_FINAL6H_VALIDATION.csv | пайплайн сокомандника/review_bundles/final6h_REVIEW_BUNDLE_20260823_204823_extracted/results/OCCURRENCE_BRANCH_VALIDATION.csv,external teammate review bundles,NOT_IN_GIT_HISTORY,пайплайн сокомандника/research_scripts/continue_fixedstack_combo_10h.py | пайплайн сокомандника/research_scripts/continue_best_bas_final6h.py | пайплайн сокомандника/research_scripts/materialize_final6h_extra90m.py | пайплайн сокомандника/research_scripts/run_best_bas_fixedstack_14h_v2.py,,Unknown / not recoverable from repository history,occurrence features,Source: `пайплайн сокомандника/review_bundles/final6h_REVIEW_BUNDLE_20260823_204823_extracted/results/ALL_FINAL6H_VALIDATION.csv`,| wcv | 1.7482979594473496 |,None documented,Seed from src/config.py unless the preserved card explicitly states otherwise,See preserved experiment card and frozen implementation,None documented,Competition train.parquet and sample_submit.csv; additional artifacts are listed in the card,PARTIAL: exact result rows and runner code survive; checkpoint bank and raw data are external,Recovered from 2 result-table row(s); no score or parameter was inferred.,README.md
teammate_candidate__occ_occ_r16_bal_adapt_super_pband_l0p14,teammate_candidate,occ_occ_r16_bal_adapt__super_pband_l0p14,Teammate candidate — occ_occ_r16_bal_adapt__super_pband_l0p14,completed teammate candidate/subrun,пайплайн сокомандника/review_bundles/final6h_REVIEW_BUNDLE_20260823_204823_extracted/results/ALL_FINAL6H_VALIDATION.csv | пайплайн сокомандника/review_bundles/final6h_REVIEW_BUNDLE_20260823_204823_extracted/results/OCCURRENCE_BRANCH_VALIDATION.csv,external teammate review bundles,NOT_IN_GIT_HISTORY,пайплайн сокомандника/research_scripts/continue_fixedstack_combo_10h.py | пайплайн сокомандника/research_scripts/continue_best_bas_final6h.py | пайплайн сокомандника/research_scripts/materialize_final6h_extra90m.py | пайплайн сокомандника/research_scripts/run_best_bas_fixedstack_14h_v2.py,,Unknown / not recoverable from repository history,occurrence features,Source: `пайплайн сокомандника/review_bundles/final6h_REVIEW_BUNDLE_20260823_204823_extracted/results/ALL_FINAL6H_VALIDATION.csv`,| wcv | 1.7482980725359212 |,None documented,Seed from src/config.py unless the preserved card explicitly states otherwise,See preserved experiment card and frozen implementation,None documented,Competition train.parquet and sample_submit.csv; additional artifacts are listed in the card,PARTIAL: exact result rows and runner code survive; checkpoint bank and raw data are external,Recovered from 2 result-table row(s); no score or parameter was inferred.,README.md
teammate_candidate__occ_occ_r16_bal_adapt_super_pband_l0p28,teammate_candidate,occ_occ_r16_bal_adapt__super_pband_l0p28,Teammate candidate — occ_occ_r16_bal_adapt__super_pband_l0p28,completed teammate candidate/subrun,пайплайн сокомандника/review_bundles/final6h_REVIEW_BUNDLE_20260823_204823_extracted/results/ALL_FINAL6H_VALIDATION.csv | пайплайн сокомандника/review_bundles/final6h_REVIEW_BUNDLE_20260823_204823_extracted/results/OCCURRENCE_BRANCH_VALIDATION.csv,external teammate review bundles,NOT_IN_GIT_HISTORY,пайплайн сокомандника/research_scripts/continue_fixedstack_combo_10h.py | пайплайн сокомандника/research_scripts/continue_best_bas_final6h.py | пайплайн сокомандника/research_scripts/materialize_final6h_extra90m.py | пайплайн сокомандника/research_scripts/run_best_bas_fixedstack_14h_v2.py,,Unknown / not recoverable from repository history,occurrence features,Source: `пайплайн сокомандника/review_bundles/final6h_REVIEW_BUNDLE_20260823_204823_extracted/results/ALL_FINAL6H_VALIDATION.csv`,| wcv | 1.7482981152304455 |,None documented,Seed from src/config.py unless the preserved card explicitly states otherwise,See preserved experiment card and frozen implementation,None documented,Competition train.parquet and sample_submit.csv; additional artifacts are listed in the card,PARTIAL: exact result rows and runner code survive; checkpoint bank and raw data are external,Recovered from 2 result-table row(s); no score or parameter was inferred.,README.md
teammate_candidate__occ_occ_r16_bal_adapt_table_core,teammate_candidate,occ_occ_r16_bal_adapt__table_core,Teammate candidate — occ_occ_r16_bal_adapt__table_core,completed teammate candidate/subrun,пайплайн сокомандника/review_bundles/final6h_REVIEW_BUNDLE_20260823_204823_extracted/results/ALL_FINAL6H_VALIDATION.csv | пайплайн сокомандника/review_bundles/final6h_REVIEW_BUNDLE_20260823_204823_extracted/results/OCCURRENCE_BRANCH_VALIDATION.csv,external teammate review bundles,NOT_IN_GIT_HISTORY,пайплайн сокомандника/research_scripts/continue_fixedstack_combo_10h.py | пайплайн сокомандника/research_scripts/continue_best_bas_final6h.py | пайплайн сокомандника/research_scripts/materialize_final6h_extra90m.py | пайплайн сокомандника/research_scripts/run_best_bas_fixedstack_14h_v2.py,,Unknown / not recoverable from repository history,occurrence features,Source: `пайплайн сокомандника/review_bundles/final6h_REVIEW_BUNDLE_20260823_204823_extracted/results/ALL_FINAL6H_VALIDATION.csv`,| wcv | 1.74980754702804 |,None documented,Seed from src/config.py unless the preserved card explicitly states otherwise,See preserved experiment card and frozen implementation,None documented,Competition train.parquet and sample_submit.csv; additional artifacts are listed in the card,PARTIAL: exact result rows and runner code survive; checkpoint bank and raw data are external,Recovered from 2 result-table row(s); no score or parameter was inferred.,README.md
teammate_candidate__occ_occ_r16_bal_fixed_blend_ridge_recentpow1p7_s075_greedy35_finalizable_pr85,teammate_candidate,occ_occ_r16_bal_fixed__blend_ridge_recentpow1p7_s075__greedy35_finalizable_pr85,Teammate candidate — occ_occ_r16_bal_fixed__blend_ridge_recentpow1p7_s075__greedy35_finalizable_pr85,completed teammate candidate/subrun,пайплайн сокомандника/review_bundles/final6h_REVIEW_BUNDLE_20260823_204823_extracted/results/ALL_FINAL6H_VALIDATION.csv | пайплайн сокомандника/review_bundles/final6h_REVIEW_BUNDLE_20260823_204823_extracted/results/OCCURRENCE_BRANCH_VALIDATION.csv,external teammate review bundles,NOT_IN_GIT_HISTORY,пайплайн сокомандника/research_scripts/continue_fixedstack_combo_10h.py | пайплайн сокомандника/research_scripts/continue_best_bas_final6h.py | пайплайн сокомандника/research_scripts/materialize_final6h_extra90m.py | пайплайн сокомандника/research_scripts/run_best_bas_fixedstack_14h_v2.py,,"Ridge, blend",occurrence features,Source: `пайплайн сокомандника/review_bundles/final6h_REVIEW_BUNDLE_20260823_204823_extracted/results/ALL_FINAL6H_VALIDATION.csv`,| wcv | 1.7485858542758475 |,None documented,Seed from src/config.py unless the preserved card explicitly states otherwise,See preserved experiment card and frozen implementation,None documented,Competition train.parquet and sample_submit.csv; additional artifacts are listed in the card,PARTIAL: exact result rows and runner code survive; checkpoint bank and raw data are external,Recovered from 2 result-table row(s); no score or parameter was inferred.,README.md
teammate_candidate__occ_occ_r16_bal_fixed_super_pband_l0p06,teammate_candidate,occ_occ_r16_bal_fixed__super_pband_l0p06,Teammate candidate — occ_occ_r16_bal_fixed__super_pband_l0p06,completed teammate candidate/subrun,пайплайн сокомандника/review_bundles/final6h_REVIEW_BUNDLE_20260823_204823_extracted/results/ALL_FINAL6H_VALIDATION.csv | пайплайн сокомандника/review_bundles/final6h_REVIEW_BUNDLE_20260823_204823_extracted/results/OCCURRENCE_BRANCH_VALIDATION.csv,external teammate review bundles,NOT_IN_GIT_HISTORY,пайплайн сокомандника/research_scripts/continue_fixedstack_combo_10h.py | пайплайн сокомандника/research_scripts/continue_best_bas_final6h.py | пайплайн сокомандника/research_scripts/materialize_final6h_extra90m.py | пайплайн сокомандника/research_scripts/run_best_bas_fixedstack_14h_v2.py,,Unknown / not recoverable from repository history,occurrence features,Source: `пайплайн сокомандника/review_bundles/final6h_REVIEW_BUNDLE_20260823_204823_extracted/results/ALL_FINAL6H_VALIDATION.csv`,| wcv | 1.748589327919988 |,None documented,Seed from src/config.py unless the preserved card explicitly states otherwise,See preserved experiment card and frozen implementation,None documented,Competition train.parquet and sample_submit.csv; additional artifacts are listed in the card,PARTIAL: exact result rows and runner code survive; checkpoint bank and raw data are external,Recovered from 2 result-table row(s); no score or parameter was inferred.,README.md
teammate_candidate__occ_occ_r16_bal_fixed_super_pband_l0p14,teammate_candidate,occ_occ_r16_bal_fixed__super_pband_l0p14,Teammate candidate — occ_occ_r16_bal_fixed__super_pband_l0p14,completed teammate candidate/subrun,пайплайн сокомандника/review_bundles/final6h_REVIEW_BUNDLE_20260823_204823_extracted/results/ALL_FINAL6H_VALIDATION.csv | пайплайн сокомандника/review_bundles/final6h_REVIEW_BUNDLE_20260823_204823_extracted/results/OCCURRENCE_BRANCH_VALIDATION.csv,external teammate review bundles,NOT_IN_GIT_HISTORY,пайплайн сокомандника/research_scripts/continue_fixedstack_combo_10h.py | пайплайн сокомандника/research_scripts/continue_best_bas_final6h.py | пайплайн сокомандника/research_scripts/materialize_final6h_extra90m.py | пайплайн сокомандника/research_scripts/run_best_bas_fixedstack_14h_v2.py,,Unknown / not recoverable from repository history,occurrence features,Source: `пайплайн сокомандника/review_bundles/final6h_REVIEW_BUNDLE_20260823_204823_extracted/results/ALL_FINAL6H_VALIDATION.csv`,| wcv | 1.7485894574700758 |,None documented,Seed from src/config.py unless the preserved card explicitly states otherwise,See preserved experiment card and frozen implementation,None documented,Competition train.parquet and sample_submit.csv; additional artifacts are listed in the card,PARTIAL: exact result rows and runner code survive; checkpoint bank and raw data are external,Recovered from 2 result-table row(s); no score or parameter was inferred.,README.md
teammate_candidate__occ_occ_r16_bal_fixed_super_pband_l0p28,teammate_candidate,occ_occ_r16_bal_fixed__super_pband_l0p28,Teammate candidate — occ_occ_r16_bal_fixed__super_pband_l0p28,completed teammate candidate/subrun,пайплайн сокомандника/review_bundles/final6h_REVIEW_BUNDLE_20260823_204823_extracted/results/ALL_FINAL6H_VALIDATION.csv | пайплайн сокомандника/review_bundles/final6h_REVIEW_BUNDLE_20260823_204823_extracted/results/OCCURRENCE_BRANCH_VALIDATION.csv,external teammate review bundles,NOT_IN_GIT_HISTORY,пайплайн сокомандника/research_scripts/continue_fixedstack_combo_10h.py | пайплайн сокомандника/research_scripts/continue_best_bas_final6h.py | пайплайн сокомандника/research_scripts/materialize_final6h_extra90m.py | пайплайн сокомандника/research_scripts/run_best_bas_fixedstack_14h_v2.py,,Unknown / not recoverable from repository history,occurrence features,Source: `пайплайн сокомандника/review_bundles/final6h_REVIEW_BUNDLE_20260823_204823_extracted/results/ALL_FINAL6H_VALIDATION.csv`,| wcv | 1.7485895063888273 |,None documented,Seed from src/config.py unless the preserved card explicitly states otherwise,See preserved experiment card and frozen implementation,None documented,Competition train.parquet and sample_submit.csv; additional artifacts are listed in the card,PARTIAL: exact result rows and runner code survive; checkpoint bank and raw data are external,Recovered from 2 result-table row(s); no score or parameter was inferred.,README.md
teammate_candidate__occ_occ_r16_bal_fixed_table_core,teammate_candidate,occ_occ_r16_bal_fixed__table_core,Teammate candidate — occ_occ_r16_bal_fixed__table_core,completed teammate candidate/subrun,пайплайн сокомандника/review_bundles/final6h_REVIEW_BUNDLE_20260823_204823_extracted/results/ALL_FINAL6H_VALIDATION.csv | пайплайн сокомандника/review_bundles/final6h_REVIEW_BUNDLE_20260823_204823_extracted/results/OCCURRENCE_BRANCH_VALIDATION.csv,external teammate review bundles,NOT_IN_GIT_HISTORY,пайплайн сокомандника/research_scripts/continue_fixedstack_combo_10h.py | пайплайн сокомандника/research_scripts/continue_best_bas_final6h.py | пайплайн сокомандника/research_scripts/materialize_final6h_extra90m.py | пайплайн сокомандника/research_scripts/run_best_bas_fixedstack_14h_v2.py,,Unknown / not recoverable from repository history,occurrence features,Source: `пайплайн сокомандника/review_bundles/final6h_REVIEW_BUNDLE_20260823_204823_extracted/results/ALL_FINAL6H_VALIDATION.csv`,| wcv | 1.7500376705053058 |,None documented,Seed from src/config.py unless the preserved card explicitly states otherwise,See preserved experiment card and frozen implementation,None documented,Competition train.parquet and sample_submit.csv; additional artifacts are listed in the card,PARTIAL: exact result rows and runner code survive; checkpoint bank and raw data are external,Recovered from 2 result-table row(s); no score or parameter was inferred.,README.md
teammate_candidate__occ_occ_r18_wide_adapt_blend_ridge_recentpow1p7_s075_greedy35_finalizable_pr85,teammate_candidate,occ_occ_r18_wide_adapt__blend_ridge_recentpow1p7_s075__greedy35_finalizable_pr85,Teammate candidate — occ_occ_r18_wide_adapt__blend_ridge_recentpow1p7_s075__greedy35_finalizable_pr85,completed teammate candidate/subrun,пайплайн сокомандника/review_bundles/final6h_REVIEW_BUNDLE_20260823_204823_extracted/results/ALL_FINAL6H_VALIDATION.csv | пайплайн сокомандника/review_bundles/final6h_REVIEW_BUNDLE_20260823_204823_extracted/results/OCCURRENCE_BRANCH_VALIDATION.csv,external teammate review bundles,NOT_IN_GIT_HISTORY,пайплайн сокомандника/research_scripts/continue_fixedstack_combo_10h.py | пайплайн сокомандника/research_scripts/continue_best_bas_final6h.py | пайплайн сокомандника/research_scripts/materialize_final6h_extra90m.py | пайплайн сокомандника/research_scripts/run_best_bas_fixedstack_14h_v2.py,,"Ridge, blend",occurrence features,Source: `пайплайн сокомандника/review_bundles/final6h_REVIEW_BUNDLE_20260823_204823_extracted/results/ALL_FINAL6H_VALIDATION.csv`,| wcv | 1.7482754036841948 |,None documented,Seed from src/config.py unless the preserved card explicitly states otherwise,See preserved experiment card and frozen implementation,None documented,Competition train.parquet and sample_submit.csv; additional artifacts are listed in the card,PARTIAL: exact result rows and runner code survive; checkpoint bank and raw data are external,Recovered from 2 result-table row(s); no score or parameter was inferred.,README.md
teammate_candidate__occ_occ_r18_wide_adapt_super_pband_l0p06,teammate_candidate,occ_occ_r18_wide_adapt__super_pband_l0p06,Teammate candidate — occ_occ_r18_wide_adapt__super_pband_l0p06,completed teammate candidate/subrun,пайплайн сокомандника/review_bundles/final6h_REVIEW_BUNDLE_20260823_204823_extracted/results/ALL_FINAL6H_VALIDATION.csv | пайплайн сокомандника/review_bundles/final6h_REVIEW_BUNDLE_20260823_204823_extracted/results/OCCURRENCE_BRANCH_VALIDATION.csv,external teammate review bundles,NOT_IN_GIT_HISTORY,пайплайн сокомандника/research_scripts/continue_fixedstack_combo_10h.py | пайплайн сокомандника/research_scripts/continue_best_bas_final6h.py | пайплайн сокомандника/research_scripts/materialize_final6h_extra90m.py | пайплайн сокомандника/research_scripts/run_best_bas_fixedstack_14h_v2.py,,Unknown / not recoverable from repository history,occurrence features,Source: `пайплайн сокомандника/review_bundles/final6h_REVIEW_BUNDLE_20260823_204823_extracted/results/ALL_FINAL6H_VALIDATION.csv`,| wcv | 1.7482793141857522 |,None documented,Seed from src/config.py unless the preserved card explicitly states otherwise,See preserved experiment card and frozen implementation,None documented,Competition train.parquet and sample_submit.csv; additional artifacts are listed in the card,PARTIAL: exact result rows and runner code survive; checkpoint bank and raw data are external,Recovered from 2 result-table row(s); no score or parameter was inferred.,README.md
teammate_candidate__occ_occ_r18_wide_adapt_super_pband_l0p14,teammate_candidate,occ_occ_r18_wide_adapt__super_pband_l0p14,Teammate candidate — occ_occ_r18_wide_adapt__super_pband_l0p14,completed teammate candidate/subrun,пайплайн сокомандника/review_bundles/final6h_REVIEW_BUNDLE_20260823_204823_extracted/results/ALL_FINAL6H_VALIDATION.csv | пайплайн сокомандника/review_bundles/final6h_REVIEW_BUNDLE_20260823_204823_extracted/results/OCCURRENCE_BRANCH_VALIDATION.csv,external teammate review bundles,NOT_IN_GIT_HISTORY,пайплайн сокомандника/research_scripts/continue_fixedstack_combo_10h.py | пайплайн сокомандника/research_scripts/continue_best_bas_final6h.py | пайплайн сокомандника/research_scripts/materialize_final6h_extra90m.py | пайплайн сокомандника/research_scripts/run_best_bas_fixedstack_14h_v2.py,,Unknown / not recoverable from repository history,occurrence features,Source: `пайплайн сокомандника/review_bundles/final6h_REVIEW_BUNDLE_20260823_204823_extracted/results/ALL_FINAL6H_VALIDATION.csv`,| wcv | 1.7482794272772635 |,None documented,Seed from src/config.py unless the preserved card explicitly states otherwise,See preserved experiment card and frozen implementation,None documented,Competition train.parquet and sample_submit.csv; additional artifacts are listed in the card,PARTIAL: exact result rows and runner code survive; checkpoint bank and raw data are external,Recovered from 2 result-table row(s); no score or parameter was inferred.,README.md
teammate_candidate__occ_occ_r18_wide_adapt_super_pband_l0p28,teammate_candidate,occ_occ_r18_wide_adapt__super_pband_l0p28,Teammate candidate — occ_occ_r18_wide_adapt__super_pband_l0p28,completed teammate candidate/subrun,пайплайн сокомандника/review_bundles/final6h_REVIEW_BUNDLE_20260823_204823_extracted/results/ALL_FINAL6H_VALIDATION.csv | пайплайн сокомандника/review_bundles/final6h_REVIEW_BUNDLE_20260823_204823_extracted/results/OCCURRENCE_BRANCH_VALIDATION.csv,external teammate review bundles,NOT_IN_GIT_HISTORY,пайплайн сокомандника/research_scripts/continue_fixedstack_combo_10h.py | пайплайн сокомандника/research_scripts/continue_best_bas_final6h.py | пайплайн сокомандника/research_scripts/materialize_final6h_extra90m.py | пайплайн сокомандника/research_scripts/run_best_bas_fixedstack_14h_v2.py,,Unknown / not recoverable from repository history,occurrence features,Source: `пайплайн сокомандника/review_bundles/final6h_REVIEW_BUNDLE_20260823_204823_extracted/results/ALL_FINAL6H_VALIDATION.csv`,| wcv | 1.7482794699732191 |,None documented,Seed from src/config.py unless the preserved card explicitly states otherwise,See preserved experiment card and frozen implementation,None documented,Competition train.parquet and sample_submit.csv; additional artifacts are listed in the card,PARTIAL: exact result rows and runner code survive; checkpoint bank and raw data are external,Recovered from 2 result-table row(s); no score or parameter was inferred.,README.md
teammate_candidate__occ_occ_r18_wide_adapt_table_core,teammate_candidate,occ_occ_r18_wide_adapt__table_core,Teammate candidate — occ_occ_r18_wide_adapt__table_core,completed teammate candidate/subrun,пайплайн сокомандника/review_bundles/final6h_REVIEW_BUNDLE_20260823_204823_extracted/results/ALL_FINAL6H_VALIDATION.csv | пайплайн сокомандника/review_bundles/final6h_REVIEW_BUNDLE_20260823_204823_extracted/results/OCCURRENCE_BRANCH_VALIDATION.csv,external teammate review bundles,NOT_IN_GIT_HISTORY,пайплайн сокомандника/research_scripts/continue_fixedstack_combo_10h.py | пайплайн сокомандника/research_scripts/continue_best_bas_final6h.py | пайплайн сокомандника/research_scripts/materialize_final6h_extra90m.py | пайплайн сокомандника/research_scripts/run_best_bas_fixedstack_14h_v2.py,,Unknown / not recoverable from repository history,occurrence features,Source: `пайплайн сокомандника/review_bundles/final6h_REVIEW_BUNDLE_20260823_204823_extracted/results/ALL_FINAL6H_VALIDATION.csv`,| wcv | 1.7498433765409114 |,None documented,Seed from src/config.py unless the preserved card explicitly states otherwise,See preserved experiment card and frozen implementation,None documented,Competition train.parquet and sample_submit.csv; additional artifacts are listed in the card,PARTIAL: exact result rows and runner code survive; checkpoint bank and raw data are external,Recovered from 2 result-table row(s); no score or parameter was inferred.,README.md
teammate_candidate__occ_occ_r18_wide_fixed_blend_ridge_recentpow1p7_s075_greedy35_finalizable_pr85,teammate_candidate,occ_occ_r18_wide_fixed__blend_ridge_recentpow1p7_s075__greedy35_finalizable_pr85,Teammate candidate — occ_occ_r18_wide_fixed__blend_ridge_recentpow1p7_s075__greedy35_finalizable_pr85,completed teammate candidate/subrun,пайплайн сокомандника/review_bundles/final6h_REVIEW_BUNDLE_20260823_204823_extracted/results/ALL_FINAL6H_VALIDATION.csv | пайплайн сокомандника/review_bundles/final6h_REVIEW_BUNDLE_20260823_204823_extracted/results/OCCURRENCE_BRANCH_VALIDATION.csv,external teammate review bundles,NOT_IN_GIT_HISTORY,пайплайн сокомандника/research_scripts/continue_fixedstack_combo_10h.py | пайплайн сокомандника/research_scripts/continue_best_bas_final6h.py | пайплайн сокомандника/research_scripts/materialize_final6h_extra90m.py | пайплайн сокомандника/research_scripts/run_best_bas_fixedstack_14h_v2.py,,"Ridge, blend",occurrence features,Source: `пайплайн сокомандника/review_bundles/final6h_REVIEW_BUNDLE_20260823_204823_extracted/results/ALL_FINAL6H_VALIDATION.csv`,| wcv | 1.7486145932027668 |,None documented,Seed from src/config.py unless the preserved card explicitly states otherwise,See preserved experiment card and frozen implementation,None documented,Competition train.parquet and sample_submit.csv; additional artifacts are listed in the card,PARTIAL: exact result rows and runner code survive; checkpoint bank and raw data are external,Recovered from 2 result-table row(s); no score or parameter was inferred.,README.md
teammate_candidate__occ_occ_r18_wide_fixed_super_pband_l0p06,teammate_candidate,occ_occ_r18_wide_fixed__super_pband_l0p06,Teammate candidate — occ_occ_r18_wide_fixed__super_pband_l0p06,completed teammate candidate/subrun,пайплайн сокомандника/review_bundles/final6h_REVIEW_BUNDLE_20260823_204823_extracted/results/ALL_FINAL6H_VALIDATION.csv | пайплайн сокомандника/review_bundles/final6h_REVIEW_BUNDLE_20260823_204823_extracted/results/OCCURRENCE_BRANCH_VALIDATION.csv,external teammate review bundles,NOT_IN_GIT_HISTORY,пайплайн сокомандника/research_scripts/continue_fixedstack_combo_10h.py | пайплайн сокомандника/research_scripts/continue_best_bas_final6h.py | пайплайн сокомандника/research_scripts/materialize_final6h_extra90m.py | пайплайн сокомандника/research_scripts/run_best_bas_fixedstack_14h_v2.py,,Unknown / not recoverable from repository history,occurrence features,Source: `пайплайн сокомандника/review_bundles/final6h_REVIEW_BUNDLE_20260823_204823_extracted/results/ALL_FINAL6H_VALIDATION.csv`,| wcv | 1.7486178893508366 |,None documented,Seed from src/config.py unless the preserved card explicitly states otherwise,See preserved experiment card and frozen implementation,None documented,Competition train.parquet and sample_submit.csv; additional artifacts are listed in the card,PARTIAL: exact result rows and runner code survive; checkpoint bank and raw data are external,Recovered from 2 result-table row(s); no score or parameter was inferred.,README.md
teammate_candidate__occ_occ_r18_wide_fixed_super_pband_l0p14,teammate_candidate,occ_occ_r18_wide_fixed__super_pband_l0p14,Teammate candidate — occ_occ_r18_wide_fixed__super_pband_l0p14,completed teammate candidate/subrun,пайплайн сокомандника/review_bundles/final6h_REVIEW_BUNDLE_20260823_204823_extracted/results/ALL_FINAL6H_VALIDATION.csv | пайплайн сокомандника/review_bundles/final6h_REVIEW_BUNDLE_20260823_204823_extracted/results/OCCURRENCE_BRANCH_VALIDATION.csv,external teammate review bundles,NOT_IN_GIT_HISTORY,пайплайн сокомандника/research_scripts/continue_fixedstack_combo_10h.py | пайплайн сокомандника/research_scripts/continue_best_bas_final6h.py | пайплайн сокомандника/research_scripts/materialize_final6h_extra90m.py | пайплайн сокомандника/research_scripts/run_best_bas_fixedstack_14h_v2.py,,Unknown / not recoverable from repository history,occurrence features,Source: `пайплайн сокомандника/review_bundles/final6h_REVIEW_BUNDLE_20260823_204823_extracted/results/ALL_FINAL6H_VALIDATION.csv`,| wcv | 1.7486180309351746 |,None documented,Seed from src/config.py unless the preserved card explicitly states otherwise,See preserved experiment card and frozen implementation,None documented,Competition train.parquet and sample_submit.csv; additional artifacts are listed in the card,PARTIAL: exact result rows and runner code survive; checkpoint bank and raw data are external,Recovered from 2 result-table row(s); no score or parameter was inferred.,README.md
teammate_candidate__occ_occ_r18_wide_fixed_super_pband_l0p28,teammate_candidate,occ_occ_r18_wide_fixed__super_pband_l0p28,Teammate candidate — occ_occ_r18_wide_fixed__super_pband_l0p28,completed teammate candidate/subrun,пайплайн сокомандника/review_bundles/final6h_REVIEW_BUNDLE_20260823_204823_extracted/results/ALL_FINAL6H_VALIDATION.csv | пайплайн сокомандника/review_bundles/final6h_REVIEW_BUNDLE_20260823_204823_extracted/results/OCCURRENCE_BRANCH_VALIDATION.csv,external teammate review bundles,NOT_IN_GIT_HISTORY,пайплайн сокомандника/research_scripts/continue_fixedstack_combo_10h.py | пайплайн сокомандника/research_scripts/continue_best_bas_final6h.py | пайплайн сокомандника/research_scripts/materialize_final6h_extra90m.py | пайплайн сокомандника/research_scripts/run_best_bas_fixedstack_14h_v2.py,,Unknown / not recoverable from repository history,occurrence features,Source: `пайплайн сокомандника/review_bundles/final6h_REVIEW_BUNDLE_20260823_204823_extracted/results/ALL_FINAL6H_VALIDATION.csv`,| wcv | 1.7486180843837849 |,None documented,Seed from src/config.py unless the preserved card explicitly states otherwise,See preserved experiment card and frozen implementation,None documented,Competition train.parquet and sample_submit.csv; additional artifacts are listed in the card,PARTIAL: exact result rows and runner code survive; checkpoint bank and raw data are external,Recovered from 2 result-table row(s); no score or parameter was inferred.,README.md
teammate_candidate__occ_occ_r18_wide_fixed_table_core,teammate_candidate,occ_occ_r18_wide_fixed__table_core,Teammate candidate — occ_occ_r18_wide_fixed__table_core,completed teammate candidate/subrun,пайплайн сокомандника/review_bundles/final6h_REVIEW_BUNDLE_20260823_204823_extracted/results/ALL_FINAL6H_VALIDATION.csv | пайплайн сокомандника/review_bundles/final6h_REVIEW_BUNDLE_20260823_204823_extracted/results/OCCURRENCE_BRANCH_VALIDATION.csv,external teammate review bundles,NOT_IN_GIT_HISTORY,пайплайн сокомандника/research_scripts/continue_fixedstack_combo_10h.py | пайплайн сокомандника/research_scripts/continue_best_bas_final6h.py | пайплайн сокомандника/research_scripts/materialize_final6h_extra90m.py | пайплайн сокомандника/research_scripts/run_best_bas_fixedstack_14h_v2.py,,Unknown / not recoverable from repository history,occurrence features,Source: `пайплайн сокомандника/review_bundles/final6h_REVIEW_BUNDLE_20260823_204823_extracted/results/ALL_FINAL6H_VALIDATION.csv`,| wcv | 1.7500974476336741 |,None documented,Seed from src/config.py unless the preserved card explicitly states otherwise,See preserved experiment card and frozen implementation,None documented,Competition train.parquet and sample_submit.csv; additional artifacts are listed in the card,PARTIAL: exact result rows and runner code survive; checkpoint bank and raw data are external,Recovered from 2 result-table row(s); no score or parameter was inferred.,README.md
teammate_candidate__occ_occ_r20_shallow_adapt_blend_ridge_recentpow1p7_s075_greedy35_finalizable_pr85,teammate_candidate,occ_occ_r20_shallow_adapt__blend_ridge_recentpow1p7_s075__greedy35_finalizable_pr85,Teammate candidate — occ_occ_r20_shallow_adapt__blend_ridge_recentpow1p7_s075__greedy35_finalizable_pr85,completed teammate candidate/subrun,пайплайн сокомандника/review_bundles/final6h_REVIEW_BUNDLE_20260823_204823_extracted/results/ALL_FINAL6H_VALIDATION.csv | пайплайн сокомандника/review_bundles/final6h_REVIEW_BUNDLE_20260823_204823_extracted/results/OCCURRENCE_BRANCH_VALIDATION.csv,external teammate review bundles,NOT_IN_GIT_HISTORY,пайплайн сокомандника/research_scripts/continue_fixedstack_combo_10h.py | пайплайн сокомандника/research_scripts/continue_best_bas_final6h.py | пайплайн сокомандника/research_scripts/materialize_final6h_extra90m.py | пайплайн сокомандника/research_scripts/run_best_bas_fixedstack_14h_v2.py,,"Ridge, blend",occurrence features,Source: `пайплайн сокомандника/review_bundles/final6h_REVIEW_BUNDLE_20260823_204823_extracted/results/ALL_FINAL6H_VALIDATION.csv`,| wcv | 1.748244896111739 |,None documented,Seed from src/config.py unless the preserved card explicitly states otherwise,See preserved experiment card and frozen implementation,None documented,Competition train.parquet and sample_submit.csv; additional artifacts are listed in the card,PARTIAL: exact result rows and runner code survive; checkpoint bank and raw data are external,Recovered from 2 result-table row(s); no score or parameter was inferred.,README.md
teammate_candidate__occ_occ_r20_shallow_adapt_super_pband_l0p06,teammate_candidate,occ_occ_r20_shallow_adapt__super_pband_l0p06,Teammate candidate — occ_occ_r20_shallow_adapt__super_pband_l0p06,completed teammate candidate/subrun,пайплайн сокомандника/review_bundles/final6h_REVIEW_BUNDLE_20260823_204823_extracted/results/ALL_FINAL6H_VALIDATION.csv | пайплайн сокомандника/review_bundles/final6h_REVIEW_BUNDLE_20260823_204823_extracted/results/OCCURRENCE_BRANCH_VALIDATION.csv,external teammate review bundles,NOT_IN_GIT_HISTORY,пайплайн сокомандника/research_scripts/continue_fixedstack_combo_10h.py | пайплайн сокомандника/research_scripts/continue_best_bas_final6h.py | пайплайн сокомандника/research_scripts/materialize_final6h_extra90m.py | пайплайн сокомандника/research_scripts/run_best_bas_fixedstack_14h_v2.py,,Unknown / not recoverable from repository history,occurrence features,Source: `пайплайн сокомандника/review_bundles/final6h_REVIEW_BUNDLE_20260823_204823_extracted/results/ALL_FINAL6H_VALIDATION.csv`,| wcv | 1.7482487947688479 |,None documented,Seed from src/config.py unless the preserved card explicitly states otherwise,See preserved experiment card and frozen implementation,None documented,Competition train.parquet and sample_submit.csv; additional artifacts are listed in the card,PARTIAL: exact result rows and runner code survive; checkpoint bank and raw data are external,Recovered from 2 result-table row(s); no score or parameter was inferred.,README.md
teammate_candidate__occ_occ_r20_shallow_adapt_super_pband_l0p14,teammate_candidate,occ_occ_r20_shallow_adapt__super_pband_l0p14,Teammate candidate — occ_occ_r20_shallow_adapt__super_pband_l0p14,completed teammate candidate/subrun,пайплайн сокомандника/review_bundles/final6h_REVIEW_BUNDLE_20260823_204823_extracted/results/ALL_FINAL6H_VALIDATION.csv | пайплайн сокомандника/review_bundles/final6h_REVIEW_BUNDLE_20260823_204823_extracted/results/OCCURRENCE_BRANCH_VALIDATION.csv,external teammate review bundles,NOT_IN_GIT_HISTORY,пайплайн сокомандника/research_scripts/continue_fixedstack_combo_10h.py | пайплайн сокомандника/research_scripts/continue_best_bas_final6h.py | пайплайн сокомандника/research_scripts/materialize_final6h_extra90m.py | пайплайн сокомандника/research_scripts/run_best_bas_fixedstack_14h_v2.py,,Unknown / not recoverable from repository history,occurrence features,Source: `пайплайн сокомандника/review_bundles/final6h_REVIEW_BUNDLE_20260823_204823_extracted/results/ALL_FINAL6H_VALIDATION.csv`,| wcv | 1.7482489188281074 |,None documented,Seed from src/config.py unless the preserved card explicitly states otherwise,See preserved experiment card and frozen implementation,None documented,Competition train.parquet and sample_submit.csv; additional artifacts are listed in the card,PARTIAL: exact result rows and runner code survive; checkpoint bank and raw data are external,Recovered from 2 result-table row(s); no score or parameter was inferred.,README.md
teammate_candidate__occ_occ_r20_shallow_adapt_super_pband_l0p28,teammate_candidate,occ_occ_r20_shallow_adapt__super_pband_l0p28,Teammate candidate — occ_occ_r20_shallow_adapt__super_pband_l0p28,completed teammate candidate/subrun,пайплайн сокомандника/review_bundles/final6h_REVIEW_BUNDLE_20260823_204823_extracted/results/ALL_FINAL6H_VALIDATION.csv | пайплайн сокомандника/review_bundles/final6h_REVIEW_BUNDLE_20260823_204823_extracted/results/OCCURRENCE_BRANCH_VALIDATION.csv,external teammate review bundles,NOT_IN_GIT_HISTORY,пайплайн сокомандника/research_scripts/continue_fixedstack_combo_10h.py | пайплайн сокомандника/research_scripts/continue_best_bas_final6h.py | пайплайн сокомандника/research_scripts/materialize_final6h_extra90m.py | пайплайн сокомандника/research_scripts/run_best_bas_fixedstack_14h_v2.py,,Unknown / not recoverable from repository history,occurrence features,Source: `пайплайн сокомандника/review_bundles/final6h_REVIEW_BUNDLE_20260823_204823_extracted/results/ALL_FINAL6H_VALIDATION.csv`,| wcv | 1.7482489656548987 |,None documented,Seed from src/config.py unless the preserved card explicitly states otherwise,See preserved experiment card and frozen implementation,None documented,Competition train.parquet and sample_submit.csv; additional artifacts are listed in the card,PARTIAL: exact result rows and runner code survive; checkpoint bank and raw data are external,Recovered from 2 result-table row(s); no score or parameter was inferred.,README.md
teammate_candidate__occ_occ_r20_shallow_adapt_table_core,teammate_candidate,occ_occ_r20_shallow_adapt__table_core,Teammate candidate — occ_occ_r20_shallow_adapt__table_core,completed teammate candidate/subrun,пайплайн сокомандника/review_bundles/final6h_REVIEW_BUNDLE_20260823_204823_extracted/results/ALL_FINAL6H_VALIDATION.csv | пайплайн сокомандника/review_bundles/final6h_REVIEW_BUNDLE_20260823_204823_extracted/results/OCCURRENCE_BRANCH_VALIDATION.csv,external teammate review bundles,NOT_IN_GIT_HISTORY,пайплайн сокомандника/research_scripts/continue_fixedstack_combo_10h.py | пайплайн сокомандника/research_scripts/continue_best_bas_final6h.py | пайплайн сокомандника/research_scripts/materialize_final6h_extra90m.py | пайплайн сокомандника/research_scripts/run_best_bas_fixedstack_14h_v2.py,,Unknown / not recoverable from repository history,"occurrence features, 227 tabular features",Source: `пайплайн сокомандника/review_bundles/final6h_REVIEW_BUNDLE_20260823_204823_extracted/results/ALL_FINAL6H_VALIDATION.csv`,| wcv | 1.7498169576113456 |,None documented,Seed from src/config.py unless the preserved card explicitly states otherwise,See preserved experiment card and frozen implementation,None documented,Competition train.parquet and sample_submit.csv; additional artifacts are listed in the card,PARTIAL: exact result rows and runner code survive; checkpoint bank and raw data are external,Recovered from 2 result-table row(s); no score or parameter was inferred.,README.md
teammate_candidate__occ_occ_r20_shallow_fixed_blend_ridge_recentpow1p7_s075_greedy35_finalizable_pr85,teammate_candidate,occ_occ_r20_shallow_fixed__blend_ridge_recentpow1p7_s075__greedy35_finalizable_pr85,Teammate candidate — occ_occ_r20_shallow_fixed__blend_ridge_recentpow1p7_s075__greedy35_finalizable_pr85,completed teammate candidate/subrun,пайплайн сокомандника/review_bundles/final6h_REVIEW_BUNDLE_20260823_204823_extracted/results/ALL_FINAL6H_VALIDATION.csv | пайплайн сокомандника/review_bundles/final6h_REVIEW_BUNDLE_20260823_204823_extracted/results/OCCURRENCE_BRANCH_VALIDATION.csv,external teammate review bundles,NOT_IN_GIT_HISTORY,пайплайн сокомандника/research_scripts/continue_fixedstack_combo_10h.py | пайплайн сокомандника/research_scripts/continue_best_bas_final6h.py | пайплайн сокомандника/research_scripts/materialize_final6h_extra90m.py | пайплайн сокомандника/research_scripts/run_best_bas_fixedstack_14h_v2.py,,"Ridge, blend","occurrence features, 227 tabular features",Source: `пайплайн сокомандника/review_bundles/final6h_REVIEW_BUNDLE_20260823_204823_extracted/results/ALL_FINAL6H_VALIDATION.csv`,| wcv | 1.748500410861284 |,None documented,Seed from src/config.py unless the preserved card explicitly states otherwise,See preserved experiment card and frozen implementation,None documented,Competition train.parquet and sample_submit.csv; additional artifacts are listed in the card,PARTIAL: exact result rows and runner code survive; checkpoint bank and raw data are external,Recovered from 2 result-table row(s); no score or parameter was inferred.,README.md
teammate_candidate__occ_occ_r20_shallow_fixed_super_pband_l0p06,teammate_candidate,occ_occ_r20_shallow_fixed__super_pband_l0p06,Teammate candidate — occ_occ_r20_shallow_fixed__super_pband_l0p06,completed teammate candidate/subrun,пайплайн сокомандника/review_bundles/final6h_REVIEW_BUNDLE_20260823_204823_extracted/results/ALL_FINAL6H_VALIDATION.csv | пайплайн сокомандника/review_bundles/final6h_REVIEW_BUNDLE_20260823_204823_extracted/results/OCCURRENCE_BRANCH_VALIDATION.csv,external teammate review bundles,NOT_IN_GIT_HISTORY,пайплайн сокомандника/research_scripts/continue_fixedstack_combo_10h.py | пайплайн сокомандника/research_scripts/continue_best_bas_final6h.py | пайплайн сокомандника/research_scripts/materialize_final6h_extra90m.py | пайплайн сокомандника/research_scripts/run_best_bas_fixedstack_14h_v2.py,,Unknown / not recoverable from repository history,"occurrence features, 227 tabular features",Source: `пайплайн сокомандника/review_bundles/final6h_REVIEW_BUNDLE_20260823_204823_extracted/results/ALL_FINAL6H_VALIDATION.csv`,| wcv | 1.748503732276408 |,None documented,Seed from src/config.py unless the preserved card explicitly states otherwise,See preserved experiment card and frozen implementation,None documented,Competition train.parquet and sample_submit.csv; additional artifacts are listed in the card,PARTIAL: exact result rows and runner code survive; checkpoint bank and raw data are external,Recovered from 2 result-table row(s); no score or parameter was inferred.,README.md
teammate_candidate__occ_occ_r20_shallow_fixed_super_pband_l0p14,teammate_candidate,occ_occ_r20_shallow_fixed__super_pband_l0p14,Teammate candidate — occ_occ_r20_shallow_fixed__super_pband_l0p14,completed teammate candidate/subrun,пайплайн сокомандника/review_bundles/final6h_REVIEW_BUNDLE_20260823_204823_extracted/results/ALL_FINAL6H_VALIDATION.csv | пайплайн сокомандника/review_bundles/final6h_REVIEW_BUNDLE_20260823_204823_extracted/results/OCCURRENCE_BRANCH_VALIDATION.csv,external teammate review bundles,NOT_IN_GIT_HISTORY,пайплайн сокомандника/research_scripts/continue_fixedstack_combo_10h.py | пайплайн сокомандника/research_scripts/continue_best_bas_final6h.py | пайплайн сокомандника/research_scripts/materialize_final6h_extra90m.py | пайплайн сокомандника/research_scripts/run_best_bas_fixedstack_14h_v2.py,,Unknown / not recoverable from repository history,occurrence features,Source: `пайплайн сокомандника/review_bundles/final6h_REVIEW_BUNDLE_20260823_204823_extracted/results/ALL_FINAL6H_VALIDATION.csv`,| wcv | 1.748503879616069 |,None documented,Seed from src/config.py unless the preserved card explicitly states otherwise,See preserved experiment card and frozen implementation,None documented,Competition train.parquet and sample_submit.csv; additional artifacts are listed in the card,PARTIAL: exact result rows and runner code survive; checkpoint bank and raw data are external,Recovered from 2 result-table row(s); no score or parameter was inferred.,README.md
teammate_candidate__occ_occ_r20_shallow_fixed_super_pband_l0p28,teammate_candidate,occ_occ_r20_shallow_fixed__super_pband_l0p28,Teammate candidate — occ_occ_r20_shallow_fixed__super_pband_l0p28,completed teammate candidate/subrun,пайплайн сокомандника/review_bundles/final6h_REVIEW_BUNDLE_20260823_204823_extracted/results/ALL_FINAL6H_VALIDATION.csv | пайплайн сокомандника/review_bundles/final6h_REVIEW_BUNDLE_20260823_204823_extracted/results/OCCURRENCE_BRANCH_VALIDATION.csv,external teammate review bundles,NOT_IN_GIT_HISTORY,пайплайн сокомандника/research_scripts/continue_fixedstack_combo_10h.py | пайплайн сокомандника/research_scripts/continue_best_bas_final6h.py | пайплайн сокомандника/research_scripts/materialize_final6h_extra90m.py | пайплайн сокомандника/research_scripts/run_best_bas_fixedstack_14h_v2.py,,Unknown / not recoverable from repository history,occurrence features,Source: `пайплайн сокомандника/review_bundles/final6h_REVIEW_BUNDLE_20260823_204823_extracted/results/ALL_FINAL6H_VALIDATION.csv`,| wcv | 1.7485039352303948 |,None documented,Seed from src/config.py unless the preserved card explicitly states otherwise,See preserved experiment card and frozen implementation,None documented,Competition train.parquet and sample_submit.csv; additional artifacts are listed in the card,PARTIAL: exact result rows and runner code survive; checkpoint bank and raw data are external,Recovered from 2 result-table row(s); no score or parameter was inferred.,README.md
teammate_candidate__occ_occ_r20_shallow_fixed_table_core,teammate_candidate,occ_occ_r20_shallow_fixed__table_core,Teammate candidate — occ_occ_r20_shallow_fixed__table_core,completed teammate candidate/subrun,пайплайн сокомандника/review_bundles/final6h_REVIEW_BUNDLE_20260823_204823_extracted/results/ALL_FINAL6H_VALIDATION.csv | пайплайн сокомандника/review_bundles/final6h_REVIEW_BUNDLE_20260823_204823_extracted/results/OCCURRENCE_BRANCH_VALIDATION.csv,external teammate review bundles,NOT_IN_GIT_HISTORY,пайплайн сокомандника/research_scripts/continue_fixedstack_combo_10h.py | пайплайн сокомандника/research_scripts/continue_best_bas_final6h.py | пайплайн сокомандника/research_scripts/materialize_final6h_extra90m.py | пайплайн сокомандника/research_scripts/run_best_bas_fixedstack_14h_v2.py,,Unknown / not recoverable from repository history,occurrence features,Source: `пайплайн сокомандника/review_bundles/final6h_REVIEW_BUNDLE_20260823_204823_extracted/results/ALL_FINAL6H_VALIDATION.csv`,| wcv | 1.7500137467287575 |,None documented,Seed from src/config.py unless the preserved card explicitly states otherwise,See preserved experiment card and frozen implementation,None documented,Competition train.parquet and sample_submit.csv; additional artifacts are listed in the card,PARTIAL: exact result rows and runner code survive; checkpoint bank and raw data are external,Recovered from 2 result-table row(s); no score or parameter was inferred.,README.md
teammate_candidate__occ_occ_r22_stable_adapt_blend_ridge_recentpow1p7_s075_greedy35_finalizable_pr85,teammate_candidate,occ_occ_r22_stable_adapt__blend_ridge_recentpow1p7_s075__greedy35_finalizable_pr85,Teammate candidate — occ_occ_r22_stable_adapt__blend_ridge_recentpow1p7_s075__greedy35_finalizable_pr85,completed teammate candidate/subrun,пайплайн сокомандника/review_bundles/final6h_REVIEW_BUNDLE_20260823_204823_extracted/results/ALL_FINAL6H_VALIDATION.csv | пайплайн сокомандника/review_bundles/final6h_REVIEW_BUNDLE_20260823_204823_extracted/results/OCCURRENCE_BRANCH_VALIDATION.csv,external teammate review bundles,NOT_IN_GIT_HISTORY,пайплайн сокомандника/research_scripts/continue_fixedstack_combo_10h.py | пайплайн сокомандника/research_scripts/continue_best_bas_final6h.py | пайплайн сокомандника/research_scripts/materialize_final6h_extra90m.py | пайплайн сокомандника/research_scripts/run_best_bas_fixedstack_14h_v2.py,,"Ridge, blend",occurrence features,Source: `пайплайн сокомандника/review_bundles/final6h_REVIEW_BUNDLE_20260823_204823_extracted/results/ALL_FINAL6H_VALIDATION.csv`,| wcv | 1.7482570407780222 |,None documented,Seed from src/config.py unless the preserved card explicitly states otherwise,See preserved experiment card and frozen implementation,None documented,Competition train.parquet and sample_submit.csv; additional artifacts are listed in the card,PARTIAL: exact result rows and runner code survive; checkpoint bank and raw data are external,Recovered from 2 result-table row(s); no score or parameter was inferred.,README.md
teammate_candidate__occ_occ_r22_stable_adapt_super_pband_l0p06,teammate_candidate,occ_occ_r22_stable_adapt__super_pband_l0p06,Teammate candidate — occ_occ_r22_stable_adapt__super_pband_l0p06,completed teammate candidate/subrun,пайплайн сокомандника/review_bundles/final6h_REVIEW_BUNDLE_20260823_204823_extracted/results/ALL_FINAL6H_VALIDATION.csv | пайплайн сокомандника/review_bundles/final6h_REVIEW_BUNDLE_20260823_204823_extracted/results/OCCURRENCE_BRANCH_VALIDATION.csv,external teammate review bundles,NOT_IN_GIT_HISTORY,пайплайн сокомандника/research_scripts/continue_fixedstack_combo_10h.py | пайплайн сокомандника/research_scripts/continue_best_bas_final6h.py | пайплайн сокомандника/research_scripts/materialize_final6h_extra90m.py | пайплайн сокомандника/research_scripts/run_best_bas_fixedstack_14h_v2.py,,Unknown / not recoverable from repository history,occurrence features,Source: `пайплайн сокомандника/review_bundles/final6h_REVIEW_BUNDLE_20260823_204823_extracted/results/ALL_FINAL6H_VALIDATION.csv`,| wcv | 1.748261022575114 |,None documented,Seed from src/config.py unless the preserved card explicitly states otherwise,See preserved experiment card and frozen implementation,None documented,Competition train.parquet and sample_submit.csv; additional artifacts are listed in the card,PARTIAL: exact result rows and runner code survive; checkpoint bank and raw data are external,Recovered from 2 result-table row(s); no score or parameter was inferred.,README.md
teammate_candidate__occ_occ_r22_stable_adapt_super_pband_l0p14,teammate_candidate,occ_occ_r22_stable_adapt__super_pband_l0p14,Teammate candidate — occ_occ_r22_stable_adapt__super_pband_l0p14,completed teammate candidate/subrun,пайплайн сокомандника/review_bundles/final6h_REVIEW_BUNDLE_20260823_204823_extracted/results/ALL_FINAL6H_VALIDATION.csv | пайплайн сокомандника/review_bundles/final6h_REVIEW_BUNDLE_20260823_204823_extracted/results/OCCURRENCE_BRANCH_VALIDATION.csv,external teammate review bundles,NOT_IN_GIT_HISTORY,пайплайн сокомандника/research_scripts/continue_fixedstack_combo_10h.py | пайплайн сокомандника/research_scripts/continue_best_bas_final6h.py | пайплайн сокомандника/research_scripts/materialize_final6h_extra90m.py | пайплайн сокомандника/research_scripts/run_best_bas_fixedstack_14h_v2.py,,Unknown / not recoverable from repository history,occurrence features,Source: `пайплайн сокомандника/review_bundles/final6h_REVIEW_BUNDLE_20260823_204823_extracted/results/ALL_FINAL6H_VALIDATION.csv`,| wcv | 1.748261144122175 |,None documented,Seed from src/config.py unless the preserved card explicitly states otherwise,See preserved experiment card and frozen implementation,None documented,Competition train.parquet and sample_submit.csv; additional artifacts are listed in the card,PARTIAL: exact result rows and runner code survive; checkpoint bank and raw data are external,Recovered from 2 result-table row(s); no score or parameter was inferred.,README.md
teammate_candidate__occ_occ_r22_stable_adapt_super_pband_l0p28,teammate_candidate,occ_occ_r22_stable_adapt__super_pband_l0p28,Teammate candidate — occ_occ_r22_stable_adapt__super_pband_l0p28,completed teammate candidate/subrun,пайплайн сокомандника/review_bundles/final6h_REVIEW_BUNDLE_20260823_204823_extracted/results/ALL_FINAL6H_VALIDATION.csv | пайплайн сокомандника/review_bundles/final6h_REVIEW_BUNDLE_20260823_204823_extracted/results/OCCURRENCE_BRANCH_VALIDATION.csv,external teammate review bundles,NOT_IN_GIT_HISTORY,пайплайн сокомандника/research_scripts/continue_fixedstack_combo_10h.py | пайплайн сокомандника/research_scripts/continue_best_bas_final6h.py | пайплайн сокомандника/research_scripts/materialize_final6h_extra90m.py | пайплайн сокомандника/research_scripts/run_best_bas_fixedstack_14h_v2.py,,Unknown / not recoverable from repository history,"occurrence features, 227 tabular features",Source: `пайплайн сокомандника/review_bundles/final6h_REVIEW_BUNDLE_20260823_204823_extracted/results/ALL_FINAL6H_VALIDATION.csv`,| wcv | 1.7482611900032687 |,None documented,Seed from src/config.py unless the preserved card explicitly states otherwise,See preserved experiment card and frozen implementation,None documented,Competition train.parquet and sample_submit.csv; additional artifacts are listed in the card,PARTIAL: exact result rows and runner code survive; checkpoint bank and raw data are external,Recovered from 2 result-table row(s); no score or parameter was inferred.,README.md
teammate_candidate__occ_occ_r22_stable_adapt_table_core,teammate_candidate,occ_occ_r22_stable_adapt__table_core,Teammate candidate — occ_occ_r22_stable_adapt__table_core,completed teammate candidate/subrun,пайплайн сокомандника/review_bundles/final6h_REVIEW_BUNDLE_20260823_204823_extracted/results/ALL_FINAL6H_VALIDATION.csv | пайплайн сокомандника/review_bundles/final6h_REVIEW_BUNDLE_20260823_204823_extracted/results/OCCURRENCE_BRANCH_VALIDATION.csv,external teammate review bundles,NOT_IN_GIT_HISTORY,пайплайн сокомандника/research_scripts/continue_fixedstack_combo_10h.py | пайплайн сокомандника/research_scripts/continue_best_bas_final6h.py | пайплайн сокомандника/research_scripts/materialize_final6h_extra90m.py | пайплайн сокомандника/research_scripts/run_best_bas_fixedstack_14h_v2.py,,Unknown / not recoverable from repository history,occurrence features,Source: `пайплайн сокомандника/review_bundles/final6h_REVIEW_BUNDLE_20260823_204823_extracted/results/ALL_FINAL6H_VALIDATION.csv`,| wcv | 1.7498327698523852 |,None documented,Seed from src/config.py unless the preserved card explicitly states otherwise,See preserved experiment card and frozen implementation,None documented,Competition train.parquet and sample_submit.csv; additional artifacts are listed in the card,PARTIAL: exact result rows and runner code survive; checkpoint bank and raw data are external,Recovered from 2 result-table row(s); no score or parameter was inferred.,README.md
teammate_candidate__occ_occ_r22_stable_fixed_blend_ridge_recentpow1p7_s075_greedy35_finalizable_pr85,teammate_candidate,occ_occ_r22_stable_fixed__blend_ridge_recentpow1p7_s075__greedy35_finalizable_pr85,Teammate candidate — occ_occ_r22_stable_fixed__blend_ridge_recentpow1p7_s075__greedy35_finalizable_pr85,completed teammate candidate/subrun,пайплайн сокомандника/review_bundles/final6h_REVIEW_BUNDLE_20260823_204823_extracted/results/ALL_FINAL6H_VALIDATION.csv | пайплайн сокомандника/review_bundles/final6h_REVIEW_BUNDLE_20260823_204823_extracted/results/OCCURRENCE_BRANCH_VALIDATION.csv,external teammate review bundles,NOT_IN_GIT_HISTORY,пайплайн сокомандника/research_scripts/continue_fixedstack_combo_10h.py | пайплайн сокомандника/research_scripts/continue_best_bas_final6h.py | пайплайн сокомандника/research_scripts/materialize_final6h_extra90m.py | пайплайн сокомандника/research_scripts/run_best_bas_fixedstack_14h_v2.py,,"Ridge, blend",occurrence features,Source: `пайплайн сокомандника/review_bundles/final6h_REVIEW_BUNDLE_20260823_204823_extracted/results/ALL_FINAL6H_VALIDATION.csv`,| wcv | 1.7484803131289088 |,None documented,Seed from src/config.py unless the preserved card explicitly states otherwise,See preserved experiment card and frozen implementation,None documented,Competition train.parquet and sample_submit.csv; additional artifacts are listed in the card,PARTIAL: exact result rows and runner code survive; checkpoint bank and raw data are external,Recovered from 2 result-table row(s); no score or parameter was inferred.,README.md
teammate_candidate__occ_occ_r22_stable_fixed_super_pband_l0p06,teammate_candidate,occ_occ_r22_stable_fixed__super_pband_l0p06,Teammate candidate — occ_occ_r22_stable_fixed__super_pband_l0p06,completed teammate candidate/subrun,пайплайн сокомандника/review_bundles/final6h_REVIEW_BUNDLE_20260823_204823_extracted/results/ALL_FINAL6H_VALIDATION.csv | пайплайн сокомандника/review_bundles/final6h_REVIEW_BUNDLE_20260823_204823_extracted/results/OCCURRENCE_BRANCH_VALIDATION.csv,external teammate review bundles,NOT_IN_GIT_HISTORY,пайплайн сокомандника/research_scripts/continue_fixedstack_combo_10h.py | пайплайн сокомандника/research_scripts/continue_best_bas_final6h.py | пайплайн сокомандника/research_scripts/materialize_final6h_extra90m.py | пайплайн сокомандника/research_scripts/run_best_bas_fixedstack_14h_v2.py,,Unknown / not recoverable from repository history,occurrence features,Source: `пайплайн сокомандника/review_bundles/final6h_REVIEW_BUNDLE_20260823_204823_extracted/results/ALL_FINAL6H_VALIDATION.csv`,| wcv | 1.748483489543302 |,None documented,Seed from src/config.py unless the preserved card explicitly states otherwise,See preserved experiment card and frozen implementation,None documented,Competition train.parquet and sample_submit.csv; additional artifacts are listed in the card,PARTIAL: exact result rows and runner code survive; checkpoint bank and raw data are external,Recovered from 2 result-table row(s); no score or parameter was inferred.,README.md
teammate_candidate__occ_occ_r22_stable_fixed_super_pband_l0p14,teammate_candidate,occ_occ_r22_stable_fixed__super_pband_l0p14,Teammate candidate — occ_occ_r22_stable_fixed__super_pband_l0p14,completed teammate candidate/subrun,пайплайн сокомандника/review_bundles/final6h_REVIEW_BUNDLE_20260823_204823_extracted/results/ALL_FINAL6H_VALIDATION.csv | пайплайн сокомандника/review_bundles/final6h_REVIEW_BUNDLE_20260823_204823_extracted/results/OCCURRENCE_BRANCH_VALIDATION.csv,external teammate review bundles,NOT_IN_GIT_HISTORY,пайплайн сокомандника/research_scripts/continue_fixedstack_combo_10h.py | пайплайн сокомандника/research_scripts/continue_best_bas_final6h.py | пайплайн сокомандника/research_scripts/materialize_final6h_extra90m.py | пайплайн сокомандника/research_scripts/run_best_bas_fixedstack_14h_v2.py,,Unknown / not recoverable from repository history,occurrence features,Source: `пайплайн сокомандника/review_bundles/final6h_REVIEW_BUNDLE_20260823_204823_extracted/results/ALL_FINAL6H_VALIDATION.csv`,| wcv | 1.7484836468318004 |,None documented,Seed from src/config.py unless the preserved card explicitly states otherwise,See preserved experiment card and frozen implementation,None documented,Competition train.parquet and sample_submit.csv; additional artifacts are listed in the card,PARTIAL: exact result rows and runner code survive; checkpoint bank and raw data are external,Recovered from 2 result-table row(s); no score or parameter was inferred.,README.md
teammate_candidate__occ_occ_r22_stable_fixed_super_pband_l0p28,teammate_candidate,occ_occ_r22_stable_fixed__super_pband_l0p28,Teammate candidate — occ_occ_r22_stable_fixed__super_pband_l0p28,completed teammate candidate/subrun,пайплайн сокомандника/review_bundles/final6h_REVIEW_BUNDLE_20260823_204823_extracted/results/ALL_FINAL6H_VALIDATION.csv | пайплайн сокомандника/review_bundles/final6h_REVIEW_BUNDLE_20260823_204823_extracted/results/OCCURRENCE_BRANCH_VALIDATION.csv,external teammate review bundles,NOT_IN_GIT_HISTORY,пайплайн сокомандника/research_scripts/continue_fixedstack_combo_10h.py | пайплайн сокомандника/research_scripts/continue_best_bas_final6h.py | пайплайн сокомандника/research_scripts/materialize_final6h_extra90m.py | пайплайн сокомандника/research_scripts/run_best_bas_fixedstack_14h_v2.py,,Unknown / not recoverable from repository history,occurrence features,Source: `пайплайн сокомандника/review_bundles/final6h_REVIEW_BUNDLE_20260823_204823_extracted/results/ALL_FINAL6H_VALIDATION.csv`,| wcv | 1.7484837061926843 |,None documented,Seed from src/config.py unless the preserved card explicitly states otherwise,See preserved experiment card and frozen implementation,None documented,Competition train.parquet and sample_submit.csv; additional artifacts are listed in the card,PARTIAL: exact result rows and runner code survive; checkpoint bank and raw data are external,Recovered from 2 result-table row(s); no score or parameter was inferred.,README.md
teammate_candidate__occ_occ_r22_stable_fixed_table_core,teammate_candidate,occ_occ_r22_stable_fixed__table_core,Teammate candidate — occ_occ_r22_stable_fixed__table_core,completed teammate candidate/subrun,пайплайн сокомандника/review_bundles/final6h_REVIEW_BUNDLE_20260823_204823_extracted/results/ALL_FINAL6H_VALIDATION.csv | пайплайн сокомандника/review_bundles/final6h_REVIEW_BUNDLE_20260823_204823_extracted/results/OCCURRENCE_BRANCH_VALIDATION.csv,external teammate review bundles,NOT_IN_GIT_HISTORY,пайплайн сокомандника/research_scripts/continue_fixedstack_combo_10h.py | пайплайн сокомандника/research_scripts/continue_best_bas_final6h.py | пайплайн сокомандника/research_scripts/materialize_final6h_extra90m.py | пайплайн сокомандника/research_scripts/run_best_bas_fixedstack_14h_v2.py,,Unknown / not recoverable from repository history,occurrence features,Source: `пайплайн сокомандника/review_bundles/final6h_REVIEW_BUNDLE_20260823_204823_extracted/results/ALL_FINAL6H_VALIDATION.csv`,| wcv | 1.7499925031463213 |,None documented,Seed from src/config.py unless the preserved card explicitly states otherwise,See preserved experiment card and frozen implementation,None documented,Competition train.parquet and sample_submit.csv; additional artifacts are listed in the card,PARTIAL: exact result rows and runner code survive; checkpoint bank and raw data are external,Recovered from 2 result-table row(s); no score or parameter was inferred.,README.md
teammate_candidate__occ_occ_r24_multiscale_adapt_blend_ridge_recentpow1p7_s075_greedy35_finalizable_pr85,teammate_candidate,occ_occ_r24_multiscale_adapt__blend_ridge_recentpow1p7_s075__greedy35_finalizable_pr85,Teammate candidate — occ_occ_r24_multiscale_adapt__blend_ridge_recentpow1p7_s075__greedy35_finalizable_pr85,completed teammate candidate/subrun,пайплайн сокомандника/review_bundles/final6h_REVIEW_BUNDLE_20260823_204823_extracted/results/ALL_FINAL6H_VALIDATION.csv | пайплайн сокомандника/review_bundles/final6h_REVIEW_BUNDLE_20260823_204823_extracted/results/OCCURRENCE_BRANCH_VALIDATION.csv,external teammate review bundles,NOT_IN_GIT_HISTORY,пайплайн сокомандника/research_scripts/continue_fixedstack_combo_10h.py | пайплайн сокомандника/research_scripts/continue_best_bas_final6h.py | пайплайн сокомандника/research_scripts/materialize_final6h_extra90m.py | пайплайн сокомандника/research_scripts/run_best_bas_fixedstack_14h_v2.py,,"Ridge, blend",occurrence features,Source: `пайплайн сокомандника/review_bundles/final6h_REVIEW_BUNDLE_20260823_204823_extracted/results/ALL_FINAL6H_VALIDATION.csv`,| wcv | 1.7483921433385943 |,None documented,Seed from src/config.py unless the preserved card explicitly states otherwise,See preserved experiment card and frozen implementation,None documented,Competition train.parquet and sample_submit.csv; additional artifacts are listed in the card,PARTIAL: exact result rows and runner code survive; checkpoint bank and raw data are external,Recovered from 2 result-table row(s); no score or parameter was inferred.,README.md
teammate_candidate__occ_occ_r24_multiscale_adapt_super_pband_l0p06,teammate_candidate,occ_occ_r24_multiscale_adapt__super_pband_l0p06,Teammate candidate — occ_occ_r24_multiscale_adapt__super_pband_l0p06,completed teammate candidate/subrun,пайплайн сокомандника/review_bundles/final6h_REVIEW_BUNDLE_20260823_204823_extracted/results/ALL_FINAL6H_VALIDATION.csv | пайплайн сокомандника/review_bundles/final6h_REVIEW_BUNDLE_20260823_204823_extracted/results/OCCURRENCE_BRANCH_VALIDATION.csv,external teammate review bundles,NOT_IN_GIT_HISTORY,пайплайн сокомандника/research_scripts/continue_fixedstack_combo_10h.py | пайплайн сокомандника/research_scripts/continue_best_bas_final6h.py | пайплайн сокомандника/research_scripts/materialize_final6h_extra90m.py | пайплайн сокомандника/research_scripts/run_best_bas_fixedstack_14h_v2.py,,Unknown / not recoverable from repository history,occurrence features,Source: `пайплайн сокомандника/review_bundles/final6h_REVIEW_BUNDLE_20260823_204823_extracted/results/ALL_FINAL6H_VALIDATION.csv`,| wcv | 1.7483957104214767 |,None documented,Seed from src/config.py unless the preserved card explicitly states otherwise,See preserved experiment card and frozen implementation,None documented,Competition train.parquet and sample_submit.csv; additional artifacts are listed in the card,PARTIAL: exact result rows and runner code survive; checkpoint bank and raw data are external,Recovered from 2 result-table row(s); no score or parameter was inferred.,README.md
teammate_candidate__occ_occ_r24_multiscale_adapt_super_pband_l0p14,teammate_candidate,occ_occ_r24_multiscale_adapt__super_pband_l0p14,Teammate candidate — occ_occ_r24_multiscale_adapt__super_pband_l0p14,completed teammate candidate/subrun,пайплайн сокомандника/review_bundles/final6h_REVIEW_BUNDLE_20260823_204823_extracted/results/ALL_FINAL6H_VALIDATION.csv | пайплайн сокомандника/review_bundles/final6h_REVIEW_BUNDLE_20260823_204823_extracted/results/OCCURRENCE_BRANCH_VALIDATION.csv,external teammate review bundles,NOT_IN_GIT_HISTORY,пайплайн сокомандника/research_scripts/continue_fixedstack_combo_10h.py | пайплайн сокомандника/research_scripts/continue_best_bas_final6h.py | пайплайн сокомандника/research_scripts/materialize_final6h_extra90m.py | пайплайн сокомандника/research_scripts/run_best_bas_fixedstack_14h_v2.py,,Unknown / not recoverable from repository history,occurrence features,Source: `пайплайн сокомандника/review_bundles/final6h_REVIEW_BUNDLE_20260823_204823_extracted/results/ALL_FINAL6H_VALIDATION.csv`,| wcv | 1.7483958514042357 |,None documented,Seed from src/config.py unless the preserved card explicitly states otherwise,See preserved experiment card and frozen implementation,None documented,Competition train.parquet and sample_submit.csv; additional artifacts are listed in the card,PARTIAL: exact result rows and runner code survive; checkpoint bank and raw data are external,Recovered from 2 result-table row(s); no score or parameter was inferred.,README.md
teammate_candidate__occ_occ_r24_multiscale_adapt_super_pband_l0p28,teammate_candidate,occ_occ_r24_multiscale_adapt__super_pband_l0p28,Teammate candidate — occ_occ_r24_multiscale_adapt__super_pband_l0p28,completed teammate candidate/subrun,пайплайн сокомандника/review_bundles/final6h_REVIEW_BUNDLE_20260823_204823_extracted/results/ALL_FINAL6H_VALIDATION.csv | пайплайн сокомандника/review_bundles/final6h_REVIEW_BUNDLE_20260823_204823_extracted/results/OCCURRENCE_BRANCH_VALIDATION.csv,external teammate review bundles,NOT_IN_GIT_HISTORY,пайплайн сокомандника/research_scripts/continue_fixedstack_combo_10h.py | пайплайн сокомандника/research_scripts/continue_best_bas_final6h.py | пайплайн сокомандника/research_scripts/materialize_final6h_extra90m.py | пайплайн сокомандника/research_scripts/run_best_bas_fixedstack_14h_v2.py,,Unknown / not recoverable from repository history,occurrence features,Source: `пайплайн сокомандника/review_bundles/final6h_REVIEW_BUNDLE_20260823_204823_extracted/results/ALL_FINAL6H_VALIDATION.csv`,| wcv | 1.748395904604782 |,None documented,Seed from src/config.py unless the preserved card explicitly states otherwise,See preserved experiment card and frozen implementation,None documented,Competition train.parquet and sample_submit.csv; additional artifacts are listed in the card,PARTIAL: exact result rows and runner code survive; checkpoint bank and raw data are external,Recovered from 2 result-table row(s); no score or parameter was inferred.,README.md
teammate_candidate__occ_occ_r24_multiscale_adapt_table_core,teammate_candidate,occ_occ_r24_multiscale_adapt__table_core,Teammate candidate — occ_occ_r24_multiscale_adapt__table_core,completed teammate candidate/subrun,пайплайн сокомандника/review_bundles/final6h_REVIEW_BUNDLE_20260823_204823_extracted/results/ALL_FINAL6H_VALIDATION.csv | пайплайн сокомандника/review_bundles/final6h_REVIEW_BUNDLE_20260823_204823_extracted/results/OCCURRENCE_BRANCH_VALIDATION.csv,external teammate review bundles,NOT_IN_GIT_HISTORY,пайплайн сокомандника/research_scripts/continue_fixedstack_combo_10h.py | пайплайн сокомандника/research_scripts/continue_best_bas_final6h.py | пайплайн сокомандника/research_scripts/materialize_final6h_extra90m.py | пайплайн сокомандника/research_scripts/run_best_bas_fixedstack_14h_v2.py,,Unknown / not recoverable from repository history,occurrence features,Source: `пайплайн сокомандника/review_bundles/final6h_REVIEW_BUNDLE_20260823_204823_extracted/results/ALL_FINAL6H_VALIDATION.csv`,| wcv | 1.750310548676825 |,None documented,Seed from src/config.py unless the preserved card explicitly states otherwise,See preserved experiment card and frozen implementation,None documented,Competition train.parquet and sample_submit.csv; additional artifacts are listed in the card,PARTIAL: exact result rows and runner code survive; checkpoint bank and raw data are external,Recovered from 2 result-table row(s); no score or parameter was inferred.,README.md
teammate_candidate__occ_occ_r24_multiscale_fixed_blend_ridge_recentpow1p7_s075_greedy35_finalizable_pr85,teammate_candidate,occ_occ_r24_multiscale_fixed__blend_ridge_recentpow1p7_s075__greedy35_finalizable_pr85,Teammate candidate — occ_occ_r24_multiscale_fixed__blend_ridge_recentpow1p7_s075__greedy35_finalizable_pr85,completed teammate candidate/subrun,пайплайн сокомандника/review_bundles/final6h_REVIEW_BUNDLE_20260823_204823_extracted/results/ALL_FINAL6H_VALIDATION.csv | пайплайн сокомандника/review_bundles/final6h_REVIEW_BUNDLE_20260823_204823_extracted/results/OCCURRENCE_BRANCH_VALIDATION.csv,external teammate review bundles,NOT_IN_GIT_HISTORY,пайплайн сокомандника/research_scripts/continue_fixedstack_combo_10h.py | пайплайн сокомандника/research_scripts/continue_best_bas_final6h.py | пайплайн сокомандника/research_scripts/materialize_final6h_extra90m.py | пайплайн сокомандника/research_scripts/run_best_bas_fixedstack_14h_v2.py,,"Ridge, blend",occurrence features,Source: `пайплайн сокомандника/review_bundles/final6h_REVIEW_BUNDLE_20260823_204823_extracted/results/ALL_FINAL6H_VALIDATION.csv`,| wcv | 1.7488959816293146 |,None documented,Seed from src/config.py unless the preserved card explicitly states otherwise,See preserved experiment card and frozen implementation,None documented,Competition train.parquet and sample_submit.csv; additional artifacts are listed in the card,PARTIAL: exact result rows and runner code survive; checkpoint bank and raw data are external,Recovered from 2 result-table row(s); no score or parameter was inferred.,README.md
teammate_candidate__occ_occ_r24_multiscale_fixed_super_pband_l0p06,teammate_candidate,occ_occ_r24_multiscale_fixed__super_pband_l0p06,Teammate candidate — occ_occ_r24_multiscale_fixed__super_pband_l0p06,completed teammate candidate/subrun,пайплайн сокомандника/review_bundles/final6h_REVIEW_BUNDLE_20260823_204823_extracted/results/ALL_FINAL6H_VALIDATION.csv | пайплайн сокомандника/review_bundles/final6h_REVIEW_BUNDLE_20260823_204823_extracted/results/OCCURRENCE_BRANCH_VALIDATION.csv,external teammate review bundles,NOT_IN_GIT_HISTORY,пайплайн сокомандника/research_scripts/continue_fixedstack_combo_10h.py | пайплайн сокомандника/research_scripts/continue_best_bas_final6h.py | пайплайн сокомандника/research_scripts/materialize_final6h_extra90m.py | пайплайн сокомандника/research_scripts/run_best_bas_fixedstack_14h_v2.py,,Unknown / not recoverable from repository history,occurrence features,Source: `пайплайн сокомандника/review_bundles/final6h_REVIEW_BUNDLE_20260823_204823_extracted/results/ALL_FINAL6H_VALIDATION.csv`,| wcv | 1.7489004036636264 |,None documented,Seed from src/config.py unless the preserved card explicitly states otherwise,See preserved experiment card and frozen implementation,None documented,Competition train.parquet and sample_submit.csv; additional artifacts are listed in the card,PARTIAL: exact result rows and runner code survive; checkpoint bank and raw data are external,Recovered from 2 result-table row(s); no score or parameter was inferred.,README.md
teammate_candidate__occ_occ_r24_multiscale_fixed_super_pband_l0p14,teammate_candidate,occ_occ_r24_multiscale_fixed__super_pband_l0p14,Teammate candidate — occ_occ_r24_multiscale_fixed__super_pband_l0p14,completed teammate candidate/subrun,пайплайн сокомандника/review_bundles/final6h_REVIEW_BUNDLE_20260823_204823_extracted/results/ALL_FINAL6H_VALIDATION.csv | пайплайн сокомандника/review_bundles/final6h_REVIEW_BUNDLE_20260823_204823_extracted/results/OCCURRENCE_BRANCH_VALIDATION.csv,external teammate review bundles,NOT_IN_GIT_HISTORY,пайплайн сокомандника/research_scripts/continue_fixedstack_combo_10h.py | пайплайн сокомандника/research_scripts/continue_best_bas_final6h.py | пайплайн сокомандника/research_scripts/materialize_final6h_extra90m.py | пайплайн сокомандника/research_scripts/run_best_bas_fixedstack_14h_v2.py,,Unknown / not recoverable from repository history,"occurrence features, 227 tabular features",Source: `пайплайн сокомандника/review_bundles/final6h_REVIEW_BUNDLE_20260823_204823_extracted/results/ALL_FINAL6H_VALIDATION.csv`,| wcv | 1.7489005651342369 |,None documented,Seed from src/config.py unless the preserved card explicitly states otherwise,See preserved experiment card and frozen implementation,None documented,Competition train.parquet and sample_submit.csv; additional artifacts are listed in the card,PARTIAL: exact result rows and runner code survive; checkpoint bank and raw data are external,Recovered from 2 result-table row(s); no score or parameter was inferred.,README.md
teammate_candidate__occ_occ_r24_multiscale_fixed_super_pband_l0p28,teammate_candidate,occ_occ_r24_multiscale_fixed__super_pband_l0p28,Teammate candidate — occ_occ_r24_multiscale_fixed__super_pband_l0p28,completed teammate candidate/subrun,пайплайн сокомандника/review_bundles/final6h_REVIEW_BUNDLE_20260823_204823_extracted/results/ALL_FINAL6H_VALIDATION.csv | пайплайн сокомандника/review_bundles/final6h_REVIEW_BUNDLE_20260823_204823_extracted/results/OCCURRENCE_BRANCH_VALIDATION.csv,external teammate review bundles,NOT_IN_GIT_HISTORY,пайплайн сокомандника/research_scripts/continue_fixedstack_combo_10h.py | пайплайн сокомандника/research_scripts/continue_best_bas_final6h.py | пайплайн сокомандника/research_scripts/materialize_final6h_extra90m.py | пайплайн сокомандника/research_scripts/run_best_bas_fixedstack_14h_v2.py,,Unknown / not recoverable from repository history,occurrence features,Source: `пайплайн сокомандника/review_bundles/final6h_REVIEW_BUNDLE_20260823_204823_extracted/results/ALL_FINAL6H_VALIDATION.csv`,| wcv | 1.7489006260764877 |,None documented,Seed from src/config.py unless the preserved card explicitly states otherwise,See preserved experiment card and frozen implementation,None documented,Competition train.parquet and sample_submit.csv; additional artifacts are listed in the card,PARTIAL: exact result rows and runner code survive; checkpoint bank and raw data are external,Recovered from 2 result-table row(s); no score or parameter was inferred.,README.md
teammate_candidate__occ_occ_r24_multiscale_fixed_table_core,teammate_candidate,occ_occ_r24_multiscale_fixed__table_core,Teammate candidate — occ_occ_r24_multiscale_fixed__table_core,completed teammate candidate/subrun,пайплайн сокомандника/review_bundles/final6h_REVIEW_BUNDLE_20260823_204823_extracted/results/ALL_FINAL6H_VALIDATION.csv | пайплайн сокомандника/review_bundles/final6h_REVIEW_BUNDLE_20260823_204823_extracted/results/OCCURRENCE_BRANCH_VALIDATION.csv,external teammate review bundles,NOT_IN_GIT_HISTORY,пайплайн сокомандника/research_scripts/continue_fixedstack_combo_10h.py | пайплайн сокомандника/research_scripts/continue_best_bas_final6h.py | пайплайн сокомандника/research_scripts/materialize_final6h_extra90m.py | пайплайн сокомандника/research_scripts/run_best_bas_fixedstack_14h_v2.py,,Unknown / not recoverable from repository history,occurrence features,Source: `пайплайн сокомандника/review_bundles/final6h_REVIEW_BUNDLE_20260823_204823_extracted/results/ALL_FINAL6H_VALIDATION.csv`,| wcv | 1.750597968346239 |,None documented,Seed from src/config.py unless the preserved card explicitly states otherwise,See preserved experiment card and frozen implementation,None documented,Competition train.parquet and sample_submit.csv; additional artifacts are listed in the card,PARTIAL: exact result rows and runner code survive; checkpoint bank and raw data are external,Recovered from 2 result-table row(s); no score or parameter was inferred.,README.md
teammate_candidate__occ_platt_guard,teammate_candidate,occ_platt_guard,Teammate candidate — occ_platt_guard,completed teammate candidate/subrun,пайплайн сокомандника/review_bundles/extra90_REVIEW_BUNDLE_20260823_222555_extracted/results/ALL_EXTRA90_VALIDATION.csv | пайплайн сокомандника/review_bundles/extra90_REVIEW_BUNDLE_20260823_222555_extracted/results/combo_validation_extra90.csv | пайплайн сокомандника/review_bundles/extra90_REVIEW_BUNDLE_20260823_222555_extracted/results/primitive_validation_extra90.csv | пайплайн сокомандника/review_bundles/extra90_REVIEW_BUNDLE_20260823_222555_extracted/results/STABLE_BRANCH_VALIDATION.csv | пайплайн сокомандника/review_bundles/final6h_REVIEW_BUNDLE_20260823_204823_extracted/results/ALL_FINAL6H_VALIDATION.csv | пайплайн сокомандника/review_bundles/final6h_REVIEW_BUNDLE_20260823_204823_extracted/results/combo_validation_final6h_base.csv | пайплайн сокомандника/review_bundles/final6h_REVIEW_BUNDLE_20260823_204823_extracted/results/FAMILY_BEST.csv | пайплайн сокомандника/review_bundles/final6h_REVIEW_BUNDLE_20260823_204823_extracted/results/primitive_validation_final6h_base.csv | пайплайн сокомандника/review_bundles/final6h_REVIEW_BUNDLE_20260823_204823_extracted/results/STABLE_BRANCH_VALIDATION.csv | пайплайн сокомандника/review_bundles/fixedstack_combo10h_REVIEW_BUNDLE_20260823_054654_extracted/results/ALL_VALIDATION.csv | пайплайн сокомандника/review_bundles/fixedstack_combo10h_REVIEW_BUNDLE_20260823_054654_extracted/results/combo_validation_after_recent_hurdle_fast12.csv | пайплайн сокомандника/review_bundles/fixedstack_combo10h_REVIEW_BUNDLE_20260823_054654_extracted/results/combo_validation_after_recent_hurdle_stable18.csv | пайплайн сокомандника/review_bundles/fixedstack_combo10h_REVIEW_BUNDLE_20260823_054654_extracted/results/combo_validation_existing.csv | пайплайн сокомандника/review_bundles/fixedstack_combo10h_REVIEW_BUNDLE_20260823_054654_extracted/results/combo_validation_final.csv | пайплайн сокомандника/review_bundles/fixedstack_combo10h_REVIEW_BUNDLE_20260823_054654_extracted/results/combo_validation_final_reload.csv | пайплайн сокомандника/review_bundles/fixedstack_combo10h_REVIEW_BUNDLE_20260823_054654_extracted/results/FINAL_CANDIDATE_METRICS.csv | пайплайн сокомандника/review_bundles/fixedstack_combo10h_REVIEW_BUNDLE_20260823_054654_extracted/results/primitive_validation_after_recent_hurdle_fast12.csv | пайплайн сокомандника/review_bundles/fixedstack_combo10h_REVIEW_BUNDLE_20260823_054654_extracted/results/primitive_validation_after_recent_hurdle_stable18.csv | пайплайн сокомандника/review_bundles/fixedstack_combo10h_REVIEW_BUNDLE_20260823_054654_extracted/results/primitive_validation_existing.csv | пайплайн сокомандника/review_bundles/fixedstack_combo10h_REVIEW_BUNDLE_20260823_054654_extracted/results/primitive_validation_final.csv | пайплайн сокомандника/review_bundles/fixedstack_combo10h_REVIEW_BUNDLE_20260823_054654_extracted/results/primitive_validation_final_reload.csv,external teammate review bundles,NOT_IN_GIT_HISTORY,пайплайн сокомандника/research_scripts/continue_fixedstack_combo_10h.py | пайплайн сокомандника/research_scripts/continue_best_bas_final6h.py | пайплайн сокомандника/research_scripts/materialize_final6h_extra90m.py | пайплайн сокомандника/research_scripts/run_best_bas_fixedstack_14h_v2.py,,two-part / hurdle,227 tabular features,Source: `пайплайн сокомандника/review_bundles/extra90_REVIEW_BUNDLE_20260823_222555_extracted/results/ALL_EXTRA90_VALIDATION.csv`,| wcv | 1.7496542041565257 |,None documented,Seed from src/config.py unless the preserved card explicitly states otherwise,See preserved experiment card and frozen implementation,None documented,Competition train.parquet and sample_submit.csv; additional artifacts are listed in the card,PARTIAL: exact result rows and runner code survive; checkpoint bank and raw data are external,Recovered from 21 result-table row(s); no score or parameter was inferred.,README.md
teammate_candidate__occ_r10_fast,teammate_candidate,occ_r10_fast,Teammate candidate — occ_r10_fast,completed teammate candidate/subrun,пайплайн сокомандника/review_bundles/final6h_REVIEW_BUNDLE_20260823_204823_extracted/results/runtime.csv | пайплайн сокомандника/review_bundles/final6h_REVIEW_BUNDLE_20260823_204823_extracted/results/runtime.csv | пайплайн сокомандника/review_bundles/final6h_REVIEW_BUNDLE_20260823_204823_extracted/results/runtime.csv | пайплайн сокомандника/review_bundles/final6h_REVIEW_BUNDLE_20260823_204823_extracted/results/runtime.csv | пайплайн сокомандника/review_bundles/final6h_REVIEW_BUNDLE_20260823_204823_extracted/results/runtime.csv,external teammate review bundles,NOT_IN_GIT_HISTORY,пайплайн сокомандника/research_scripts/continue_fixedstack_combo_10h.py | пайплайн сокомандника/research_scripts/continue_best_bas_final6h.py | пайплайн сокомандника/research_scripts/materialize_final6h_extra90m.py | пайплайн сокомандника/research_scripts/run_best_bas_fixedstack_14h_v2.py,,Unknown / not recoverable from repository history,See preserved experiment card and implementation,Unknown / not recoverable from repository history,Unknown / not recoverable from repository history,None documented,Seed from src/config.py unless the preserved card explicitly states otherwise,See preserved experiment card and frozen implementation,None documented,Competition train.parquet and sample_submit.csv; additional artifacts are listed in the card,PARTIAL: exact result rows and runner code survive; checkpoint bank and raw data are external,Recovered from 5 result-table row(s); no score or parameter was inferred.,README.md
teammate_candidate__occ_r12_wide,teammate_candidate,occ_r12_wide,Teammate candidate — occ_r12_wide,completed teammate candidate/subrun,пайплайн сокомандника/review_bundles/final6h_REVIEW_BUNDLE_20260823_204823_extracted/results/runtime.csv | пайплайн сокомандника/review_bundles/final6h_REVIEW_BUNDLE_20260823_204823_extracted/results/runtime.csv | пайплайн сокомандника/review_bundles/final6h_REVIEW_BUNDLE_20260823_204823_extracted/results/runtime.csv | пайплайн сокомандника/review_bundles/final6h_REVIEW_BUNDLE_20260823_204823_extracted/results/runtime.csv | пайплайн сокомандника/review_bundles/final6h_REVIEW_BUNDLE_20260823_204823_extracted/results/runtime.csv,external teammate review bundles,NOT_IN_GIT_HISTORY,пайплайн сокомандника/research_scripts/continue_fixedstack_combo_10h.py | пайплайн сокомандника/research_scripts/continue_best_bas_final6h.py | пайплайн сокомандника/research_scripts/materialize_final6h_extra90m.py | пайплайн сокомандника/research_scripts/run_best_bas_fixedstack_14h_v2.py,,Unknown / not recoverable from repository history,See preserved experiment card and implementation,Unknown / not recoverable from repository history,Unknown / not recoverable from repository history,None documented,Seed from src/config.py unless the preserved card explicitly states otherwise,See preserved experiment card and frozen implementation,None documented,Competition train.parquet and sample_submit.csv; additional artifacts are listed in the card,PARTIAL: exact result rows and runner code survive; checkpoint bank and raw data are external,Recovered from 5 result-table row(s); no score or parameter was inferred.,README.md
teammate_candidate__occ_r14_multiscale,teammate_candidate,occ_r14_multiscale,Teammate candidate — occ_r14_multiscale,completed teammate candidate/subrun,пайплайн сокомандника/review_bundles/final6h_REVIEW_BUNDLE_20260823_204823_extracted/results/runtime.csv | пайплайн сокомандника/review_bundles/final6h_REVIEW_BUNDLE_20260823_204823_extracted/results/runtime.csv | пайплайн сокомандника/review_bundles/final6h_REVIEW_BUNDLE_20260823_204823_extracted/results/runtime.csv | пайплайн сокомандника/review_bundles/final6h_REVIEW_BUNDLE_20260823_204823_extracted/results/runtime.csv | пайплайн сокомандника/review_bundles/final6h_REVIEW_BUNDLE_20260823_204823_extracted/results/runtime.csv,external teammate review bundles,NOT_IN_GIT_HISTORY,пайплайн сокомандника/research_scripts/continue_fixedstack_combo_10h.py | пайплайн сокомандника/research_scripts/continue_best_bas_final6h.py | пайплайн сокомандника/research_scripts/materialize_final6h_extra90m.py | пайплайн сокомандника/research_scripts/run_best_bas_fixedstack_14h_v2.py,,Unknown / not recoverable from repository history,See preserved experiment card and implementation,Unknown / not recoverable from repository history,Unknown / not recoverable from repository history,None documented,Seed from src/config.py unless the preserved card explicitly states otherwise,See preserved experiment card and frozen implementation,None documented,Competition train.parquet and sample_submit.csv; additional artifacts are listed in the card,PARTIAL: exact result rows and runner code survive; checkpoint bank and raw data are external,Recovered from 5 result-table row(s); no score or parameter was inferred.,README.md
teammate_candidate__occ_r16_bal,teammate_candidate,occ_r16_bal,Teammate candidate — occ_r16_bal,completed teammate candidate/subrun,пайплайн сокомандника/review_bundles/final6h_REVIEW_BUNDLE_20260823_204823_extracted/results/runtime.csv | пайплайн сокомандника/review_bundles/final6h_REVIEW_BUNDLE_20260823_204823_extracted/results/runtime.csv | пайплайн сокомандника/review_bundles/final6h_REVIEW_BUNDLE_20260823_204823_extracted/results/runtime.csv | пайплайн сокомандника/review_bundles/final6h_REVIEW_BUNDLE_20260823_204823_extracted/results/runtime.csv | пайплайн сокомандника/review_bundles/final6h_REVIEW_BUNDLE_20260823_204823_extracted/results/runtime.csv,external teammate review bundles,NOT_IN_GIT_HISTORY,пайплайн сокомандника/research_scripts/continue_fixedstack_combo_10h.py | пайплайн сокомандника/research_scripts/continue_best_bas_final6h.py | пайплайн сокомандника/research_scripts/materialize_final6h_extra90m.py | пайплайн сокомандника/research_scripts/run_best_bas_fixedstack_14h_v2.py,,Unknown / not recoverable from repository history,See preserved experiment card and implementation,Unknown / not recoverable from repository history,Unknown / not recoverable from repository history,None documented,Seed from src/config.py unless the preserved card explicitly states otherwise,See preserved experiment card and frozen implementation,None documented,Competition train.parquet and sample_submit.csv; additional artifacts are listed in the card,PARTIAL: exact result rows and runner code survive; checkpoint bank and raw data are external,Recovered from 5 result-table row(s); no score or parameter was inferred.,README.md
teammate_candidate__occ_r18_wide,teammate_candidate,occ_r18_wide,Teammate candidate — occ_r18_wide,completed teammate candidate/subrun,пайплайн сокомандника/review_bundles/final6h_REVIEW_BUNDLE_20260823_204823_extracted/results/runtime.csv | пайплайн сокомандника/review_bundles/final6h_REVIEW_BUNDLE_20260823_204823_extracted/results/runtime.csv | пайплайн сокомандника/review_bundles/final6h_REVIEW_BUNDLE_20260823_204823_extracted/results/runtime.csv | пайплайн сокомандника/review_bundles/final6h_REVIEW_BUNDLE_20260823_204823_extracted/results/runtime.csv | пайплайн сокомандника/review_bundles/final6h_REVIEW_BUNDLE_20260823_204823_extracted/results/runtime.csv,external teammate review bundles,NOT_IN_GIT_HISTORY,пайплайн сокомандника/research_scripts/continue_fixedstack_combo_10h.py | пайплайн сокомандника/research_scripts/continue_best_bas_final6h.py | пайплайн сокомандника/research_scripts/materialize_final6h_extra90m.py | пайплайн сокомандника/research_scripts/run_best_bas_fixedstack_14h_v2.py,,Unknown / not recoverable from repository history,See preserved experiment card and implementation,Unknown / not recoverable from repository history,Unknown / not recoverable from repository history,None documented,Seed from src/config.py unless the preserved card explicitly states otherwise,See preserved experiment card and frozen implementation,None documented,Competition train.parquet and sample_submit.csv; additional artifacts are listed in the card,PARTIAL: exact result rows and runner code survive; checkpoint bank and raw data are external,Recovered from 5 result-table row(s); no score or parameter was inferred.,README.md
teammate_candidate__occ_r20_shallow,teammate_candidate,occ_r20_shallow,Teammate candidate — occ_r20_shallow,completed teammate candidate/subrun,пайплайн сокомандника/review_bundles/final6h_REVIEW_BUNDLE_20260823_204823_extracted/results/runtime.csv | пайплайн сокомандника/review_bundles/final6h_REVIEW_BUNDLE_20260823_204823_extracted/results/runtime.csv | пайплайн сокомандника/review_bundles/final6h_REVIEW_BUNDLE_20260823_204823_extracted/results/runtime.csv | пайплайн сокомандника/review_bundles/final6h_REVIEW_BUNDLE_20260823_204823_extracted/results/runtime.csv | пайплайн сокомандника/review_bundles/final6h_REVIEW_BUNDLE_20260823_204823_extracted/results/runtime.csv,external teammate review bundles,NOT_IN_GIT_HISTORY,пайплайн сокомандника/research_scripts/continue_fixedstack_combo_10h.py | пайплайн сокомандника/research_scripts/continue_best_bas_final6h.py | пайплайн сокомандника/research_scripts/materialize_final6h_extra90m.py | пайплайн сокомандника/research_scripts/run_best_bas_fixedstack_14h_v2.py,,Unknown / not recoverable from repository history,227 tabular features,Unknown / not recoverable from repository history,Unknown / not recoverable from repository history,None documented,Seed from src/config.py unless the preserved card explicitly states otherwise,See preserved experiment card and frozen implementation,None documented,Competition train.parquet and sample_submit.csv; additional artifacts are listed in the card,PARTIAL: exact result rows and runner code survive; checkpoint bank and raw data are external,Recovered from 5 result-table row(s); no score or parameter was inferred.,README.md
teammate_candidate__occ_r22_stable,teammate_candidate,occ_r22_stable,Teammate candidate — occ_r22_stable,completed teammate candidate/subrun,пайплайн сокомандника/review_bundles/final6h_REVIEW_BUNDLE_20260823_204823_extracted/results/runtime.csv | пайплайн сокомандника/review_bundles/final6h_REVIEW_BUNDLE_20260823_204823_extracted/results/runtime.csv | пайплайн сокомандника/review_bundles/final6h_REVIEW_BUNDLE_20260823_204823_extracted/results/runtime.csv | пайплайн сокомандника/review_bundles/final6h_REVIEW_BUNDLE_20260823_204823_extracted/results/runtime.csv | пайплайн сокомандника/review_bundles/final6h_REVIEW_BUNDLE_20260823_204823_extracted/results/runtime.csv,external teammate review bundles,NOT_IN_GIT_HISTORY,пайплайн сокомандника/research_scripts/continue_fixedstack_combo_10h.py | пайплайн сокомандника/research_scripts/continue_best_bas_final6h.py | пайплайн сокомандника/research_scripts/materialize_final6h_extra90m.py | пайплайн сокомандника/research_scripts/run_best_bas_fixedstack_14h_v2.py,,Unknown / not recoverable from repository history,See preserved experiment card and implementation,Unknown / not recoverable from repository history,Unknown / not recoverable from repository history,None documented,Seed from src/config.py unless the preserved card explicitly states otherwise,See preserved experiment card and frozen implementation,None documented,Competition train.parquet and sample_submit.csv; additional artifacts are listed in the card,PARTIAL: exact result rows and runner code survive; checkpoint bank and raw data are external,Recovered from 5 result-table row(s); no score or parameter was inferred.,README.md
teammate_candidate__occ_r24_multiscale,teammate_candidate,occ_r24_multiscale,Teammate candidate — occ_r24_multiscale,completed teammate candidate/subrun,пайплайн сокомандника/review_bundles/final6h_REVIEW_BUNDLE_20260823_204823_extracted/results/runtime.csv | пайплайн сокомандника/review_bundles/final6h_REVIEW_BUNDLE_20260823_204823_extracted/results/runtime.csv | пайплайн сокомандника/review_bundles/final6h_REVIEW_BUNDLE_20260823_204823_extracted/results/runtime.csv | пайплайн сокомандника/review_bundles/final6h_REVIEW_BUNDLE_20260823_204823_extracted/results/runtime.csv | пайплайн сокомандника/review_bundles/final6h_REVIEW_BUNDLE_20260823_204823_extracted/results/runtime.csv,external teammate review bundles,NOT_IN_GIT_HISTORY,пайплайн сокомандника/research_scripts/continue_fixedstack_combo_10h.py | пайплайн сокомандника/research_scripts/continue_best_bas_final6h.py | пайплайн сокомандника/research_scripts/materialize_final6h_extra90m.py | пайплайн сокомандника/research_scripts/run_best_bas_fixedstack_14h_v2.py,,Unknown / not recoverable from repository history,See preserved experiment card and implementation,Unknown / not recoverable from repository history,Unknown / not recoverable from repository history,None documented,Seed from src/config.py unless the preserved card explicitly states otherwise,See preserved experiment card and frozen implementation,None documented,Competition train.parquet and sample_submit.csv; additional artifacts are listed in the card,PARTIAL: exact result rows and runner code survive; checkpoint bank and raw data are external,Recovered from 5 result-table row(s); no score or parameter was inferred.,README.md
teammate_candidate__pband_finalizable,teammate_candidate,pband_finalizable,Teammate candidate — pband_finalizable,completed teammate candidate/subrun,пайплайн сокомандника/review_bundles/extra90_REVIEW_BUNDLE_20260823_222555_extracted/results/ALL_EXTRA90_VALIDATION.csv | пайплайн сокомандника/review_bundles/extra90_REVIEW_BUNDLE_20260823_222555_extracted/results/combo_validation_extra90.csv | пайплайн сокомандника/review_bundles/extra90_REVIEW_BUNDLE_20260823_222555_extracted/results/primitive_validation_extra90.csv | пайплайн сокомандника/review_bundles/extra90_REVIEW_BUNDLE_20260823_222555_extracted/results/STABLE_BRANCH_VALIDATION.csv | пайплайн сокомандника/review_bundles/final6h_REVIEW_BUNDLE_20260823_204823_extracted/results/ALL_FINAL6H_VALIDATION.csv | пайплайн сокомандника/review_bundles/final6h_REVIEW_BUNDLE_20260823_204823_extracted/results/combo_validation_final6h_base.csv | пайплайн сокомандника/review_bundles/final6h_REVIEW_BUNDLE_20260823_204823_extracted/results/FAMILY_BEST.csv | пайплайн сокомандника/review_bundles/final6h_REVIEW_BUNDLE_20260823_204823_extracted/results/primitive_validation_final6h_base.csv | пайплайн сокомандника/review_bundles/final6h_REVIEW_BUNDLE_20260823_204823_extracted/results/STABLE_BRANCH_VALIDATION.csv | пайплайн сокомандника/review_bundles/fixedstack_combo10h_REVIEW_BUNDLE_20260823_054654_extracted/results/ALL_VALIDATION.csv | пайплайн сокомандника/review_bundles/fixedstack_combo10h_REVIEW_BUNDLE_20260823_054654_extracted/results/combo_validation_after_recent_hurdle_fast12.csv | пайплайн сокомандника/review_bundles/fixedstack_combo10h_REVIEW_BUNDLE_20260823_054654_extracted/results/combo_validation_after_recent_hurdle_stable18.csv | пайплайн сокомандника/review_bundles/fixedstack_combo10h_REVIEW_BUNDLE_20260823_054654_extracted/results/combo_validation_existing.csv | пайплайн сокомандника/review_bundles/fixedstack_combo10h_REVIEW_BUNDLE_20260823_054654_extracted/results/combo_validation_final.csv | пайплайн сокомандника/review_bundles/fixedstack_combo10h_REVIEW_BUNDLE_20260823_054654_extracted/results/combo_validation_final_reload.csv | пайплайн сокомандника/review_bundles/fixedstack_combo10h_REVIEW_BUNDLE_20260823_054654_extracted/results/primitive_validation_after_recent_hurdle_fast12.csv | пайплайн сокомандника/review_bundles/fixedstack_combo10h_REVIEW_BUNDLE_20260823_054654_extracted/results/primitive_validation_after_recent_hurdle_stable18.csv | пайплайн сокомандника/review_bundles/fixedstack_combo10h_REVIEW_BUNDLE_20260823_054654_extracted/results/primitive_validation_existing.csv | пайплайн сокомандника/review_bundles/fixedstack_combo10h_REVIEW_BUNDLE_20260823_054654_extracted/results/primitive_validation_final.csv | пайплайн сокомандника/review_bundles/fixedstack_combo10h_REVIEW_BUNDLE_20260823_054654_extracted/results/primitive_validation_final_reload.csv,external teammate review bundles,NOT_IN_GIT_HISTORY,пайплайн сокомандника/research_scripts/continue_fixedstack_combo_10h.py | пайплайн сокомандника/research_scripts/continue_best_bas_final6h.py | пайплайн сокомандника/research_scripts/materialize_final6h_extra90m.py | пайплайн сокомандника/research_scripts/run_best_bas_fixedstack_14h_v2.py,,two-part / hurdle,See preserved experiment card and implementation,Source: `пайплайн сокомандника/review_bundles/extra90_REVIEW_BUNDLE_20260823_222555_extracted/results/ALL_EXTRA90_VALIDATION.csv`,| wcv | 1.749222402036825 |,None documented,Seed from src/config.py unless the preserved card explicitly states otherwise,See preserved experiment card and frozen implementation,None documented,Competition train.parquet and sample_submit.csv; additional artifacts are listed in the card,PARTIAL: exact result rows and runner code survive; checkpoint bank and raw data are external,Recovered from 20 result-table row(s); no score or parameter was inferred.,README.md
teammate_candidate__recent_direct,teammate_candidate,recent_direct,Teammate candidate — recent_direct,completed teammate candidate/subrun,пайплайн сокомандника/review_bundles/extra90_REVIEW_BUNDLE_20260823_222555_extracted/results/ALL_EXTRA90_VALIDATION.csv | пайплайн сокомандника/review_bundles/extra90_REVIEW_BUNDLE_20260823_222555_extracted/results/combo_validation_extra90.csv | пайплайн сокомандника/review_bundles/extra90_REVIEW_BUNDLE_20260823_222555_extracted/results/primitive_validation_extra90.csv | пайплайн сокомандника/review_bundles/extra90_REVIEW_BUNDLE_20260823_222555_extracted/results/STABLE_BRANCH_VALIDATION.csv | пайплайн сокомандника/review_bundles/final6h_REVIEW_BUNDLE_20260823_204823_extracted/results/ALL_FINAL6H_VALIDATION.csv | пайплайн сокомандника/review_bundles/final6h_REVIEW_BUNDLE_20260823_204823_extracted/results/combo_validation_final6h_base.csv | пайплайн сокомандника/review_bundles/final6h_REVIEW_BUNDLE_20260823_204823_extracted/results/primitive_validation_final6h_base.csv | пайплайн сокомандника/review_bundles/final6h_REVIEW_BUNDLE_20260823_204823_extracted/results/STABLE_BRANCH_VALIDATION.csv | пайплайн сокомандника/review_bundles/fixedstack_combo10h_REVIEW_BUNDLE_20260823_054654_extracted/results/ALL_VALIDATION.csv | пайплайн сокомандника/review_bundles/fixedstack_combo10h_REVIEW_BUNDLE_20260823_054654_extracted/results/combo_validation_after_recent_hurdle_fast12.csv | пайплайн сокомандника/review_bundles/fixedstack_combo10h_REVIEW_BUNDLE_20260823_054654_extracted/results/combo_validation_after_recent_hurdle_stable18.csv | пайплайн сокомандника/review_bundles/fixedstack_combo10h_REVIEW_BUNDLE_20260823_054654_extracted/results/combo_validation_existing.csv | пайплайн сокомандника/review_bundles/fixedstack_combo10h_REVIEW_BUNDLE_20260823_054654_extracted/results/combo_validation_final.csv | пайплайн сокомандника/review_bundles/fixedstack_combo10h_REVIEW_BUNDLE_20260823_054654_extracted/results/combo_validation_final_reload.csv | пайплайн сокомандника/review_bundles/fixedstack_combo10h_REVIEW_BUNDLE_20260823_054654_extracted/results/primitive_validation_after_recent_hurdle_fast12.csv | пайплайн сокомандника/review_bundles/fixedstack_combo10h_REVIEW_BUNDLE_20260823_054654_extracted/results/primitive_validation_after_recent_hurdle_stable18.csv | пайплайн сокомандника/review_bundles/fixedstack_combo10h_REVIEW_BUNDLE_20260823_054654_extracted/results/primitive_validation_existing.csv | пайплайн сокомандника/review_bundles/fixedstack_combo10h_REVIEW_BUNDLE_20260823_054654_extracted/results/primitive_validation_final.csv | пайплайн сокомандника/review_bundles/fixedstack_combo10h_REVIEW_BUNDLE_20260823_054654_extracted/results/primitive_validation_final_reload.csv,external teammate review bundles,NOT_IN_GIT_HISTORY,пайплайн сокомандника/research_scripts/continue_fixedstack_combo_10h.py | пайплайн сокомандника/research_scripts/continue_best_bas_final6h.py | пайплайн сокомандника/research_scripts/materialize_final6h_extra90m.py | пайплайн сокомандника/research_scripts/run_best_bas_fixedstack_14h_v2.py,,two-part / hurdle,See preserved experiment card and implementation,Source: `пайплайн сокомандника/review_bundles/extra90_REVIEW_BUNDLE_20260823_222555_extracted/results/ALL_EXTRA90_VALIDATION.csv`,| wcv | 1.7509298521950905 |,None documented,Seed from src/config.py unless the preserved card explicitly states otherwise,See preserved experiment card and frozen implementation,None documented,Competition train.parquet and sample_submit.csv; additional artifacts are listed in the card,PARTIAL: exact result rows and runner code survive; checkpoint bank and raw data are external,Recovered from 19 result-table row(s); no score or parameter was inferred.,README.md
teammate_candidate__recent_dist,teammate_candidate,recent_dist,Teammate candidate — recent_dist,completed teammate candidate/subrun,пайплайн сокомандника/review_bundles/extra90_REVIEW_BUNDLE_20260823_222555_extracted/results/ALL_EXTRA90_VALIDATION.csv | пайплайн сокомандника/review_bundles/extra90_REVIEW_BUNDLE_20260823_222555_extracted/results/combo_validation_extra90.csv | пайплайн сокомандника/review_bundles/extra90_REVIEW_BUNDLE_20260823_222555_extracted/results/primitive_validation_extra90.csv | пайплайн сокомандника/review_bundles/extra90_REVIEW_BUNDLE_20260823_222555_extracted/results/STABLE_BRANCH_VALIDATION.csv | пайплайн сокомандника/review_bundles/final6h_REVIEW_BUNDLE_20260823_204823_extracted/results/ALL_FINAL6H_VALIDATION.csv | пайплайн сокомандника/review_bundles/final6h_REVIEW_BUNDLE_20260823_204823_extracted/results/combo_validation_final6h_base.csv | пайплайн сокомандника/review_bundles/final6h_REVIEW_BUNDLE_20260823_204823_extracted/results/primitive_validation_final6h_base.csv | пайплайн сокомандника/review_bundles/final6h_REVIEW_BUNDLE_20260823_204823_extracted/results/STABLE_BRANCH_VALIDATION.csv | пайплайн сокомандника/review_bundles/fixedstack_combo10h_REVIEW_BUNDLE_20260823_054654_extracted/results/ALL_VALIDATION.csv | пайплайн сокомандника/review_bundles/fixedstack_combo10h_REVIEW_BUNDLE_20260823_054654_extracted/results/combo_validation_after_recent_hurdle_fast12.csv | пайплайн сокомандника/review_bundles/fixedstack_combo10h_REVIEW_BUNDLE_20260823_054654_extracted/results/combo_validation_after_recent_hurdle_stable18.csv | пайплайн сокомандника/review_bundles/fixedstack_combo10h_REVIEW_BUNDLE_20260823_054654_extracted/results/combo_validation_existing.csv | пайплайн сокомандника/review_bundles/fixedstack_combo10h_REVIEW_BUNDLE_20260823_054654_extracted/results/combo_validation_final.csv | пайплайн сокомандника/review_bundles/fixedstack_combo10h_REVIEW_BUNDLE_20260823_054654_extracted/results/combo_validation_final_reload.csv | пайплайн сокомандника/review_bundles/fixedstack_combo10h_REVIEW_BUNDLE_20260823_054654_extracted/results/primitive_validation_after_recent_hurdle_fast12.csv | пайплайн сокомандника/review_bundles/fixedstack_combo10h_REVIEW_BUNDLE_20260823_054654_extracted/results/primitive_validation_after_recent_hurdle_stable18.csv | пайплайн сокомандника/review_bundles/fixedstack_combo10h_REVIEW_BUNDLE_20260823_054654_extracted/results/primitive_validation_existing.csv | пайплайн сокомандника/review_bundles/fixedstack_combo10h_REVIEW_BUNDLE_20260823_054654_extracted/results/primitive_validation_final.csv | пайплайн сокомандника/review_bundles/fixedstack_combo10h_REVIEW_BUNDLE_20260823_054654_extracted/results/primitive_validation_final_reload.csv,external teammate review bundles,NOT_IN_GIT_HISTORY,пайплайн сокомандника/research_scripts/continue_fixedstack_combo_10h.py | пайплайн сокомандника/research_scripts/continue_best_bas_final6h.py | пайплайн сокомандника/research_scripts/materialize_final6h_extra90m.py | пайплайн сокомандника/research_scripts/run_best_bas_fixedstack_14h_v2.py,,two-part / hurdle,See preserved experiment card and implementation,Source: `пайплайн сокомандника/review_bundles/extra90_REVIEW_BUNDLE_20260823_222555_extracted/results/ALL_EXTRA90_VALIDATION.csv`,| wcv | 1.7500901905888837 |,None documented,Seed from src/config.py unless the preserved card explicitly states otherwise,See preserved experiment card and frozen implementation,None documented,Competition train.parquet and sample_submit.csv; additional artifacts are listed in the card,PARTIAL: exact result rows and runner code survive; checkpoint bank and raw data are external,Recovered from 19 result-table row(s); no score or parameter was inferred.,README.md
teammate_candidate__recent_hurdle_fast12,teammate_candidate,recent_hurdle_fast12,Teammate candidate — recent_hurdle_fast12,completed teammate candidate/subrun,пайплайн сокомандника/review_bundles/extra90_REVIEW_BUNDLE_20260823_222555_extracted/results/ALL_EXTRA90_VALIDATION.csv | пайплайн сокомандника/review_bundles/extra90_REVIEW_BUNDLE_20260823_222555_extracted/results/combo_validation_extra90.csv | пайплайн сокомандника/review_bundles/extra90_REVIEW_BUNDLE_20260823_222555_extracted/results/primitive_validation_extra90.csv | пайплайн сокомандника/review_bundles/extra90_REVIEW_BUNDLE_20260823_222555_extracted/results/STABLE_BRANCH_VALIDATION.csv | пайплайн сокомандника/review_bundles/final6h_REVIEW_BUNDLE_20260823_204823_extracted/results/ALL_FINAL6H_VALIDATION.csv | пайплайн сокомандника/review_bundles/final6h_REVIEW_BUNDLE_20260823_204823_extracted/results/combo_validation_final6h_base.csv | пайплайн сокомандника/review_bundles/final6h_REVIEW_BUNDLE_20260823_204823_extracted/results/FAMILY_BEST.csv | пайплайн сокомандника/review_bundles/final6h_REVIEW_BUNDLE_20260823_204823_extracted/results/primitive_validation_final6h_base.csv | пайплайн сокомандника/review_bundles/final6h_REVIEW_BUNDLE_20260823_204823_extracted/results/STABLE_BRANCH_VALIDATION.csv | пайплайн сокомандника/review_bundles/fixedstack_combo10h_REVIEW_BUNDLE_20260823_054654_extracted/results/ALL_VALIDATION.csv | пайплайн сокомандника/review_bundles/fixedstack_combo10h_REVIEW_BUNDLE_20260823_054654_extracted/results/combo_validation_after_recent_hurdle_fast12.csv | пайплайн сокомандника/review_bundles/fixedstack_combo10h_REVIEW_BUNDLE_20260823_054654_extracted/results/combo_validation_after_recent_hurdle_stable18.csv | пайплайн сокомандника/review_bundles/fixedstack_combo10h_REVIEW_BUNDLE_20260823_054654_extracted/results/combo_validation_final.csv | пайплайн сокомандника/review_bundles/fixedstack_combo10h_REVIEW_BUNDLE_20260823_054654_extracted/results/combo_validation_final_reload.csv | пайплайн сокомандника/review_bundles/fixedstack_combo10h_REVIEW_BUNDLE_20260823_054654_extracted/results/FINAL_CANDIDATE_METRICS.csv | пайплайн сокомандника/review_bundles/fixedstack_combo10h_REVIEW_BUNDLE_20260823_054654_extracted/results/primitive_validation_after_recent_hurdle_fast12.csv | пайплайн сокомандника/review_bundles/fixedstack_combo10h_REVIEW_BUNDLE_20260823_054654_extracted/results/primitive_validation_after_recent_hurdle_stable18.csv | пайплайн сокомандника/review_bundles/fixedstack_combo10h_REVIEW_BUNDLE_20260823_054654_extracted/results/primitive_validation_final.csv | пайплайн сокомандника/review_bundles/fixedstack_combo10h_REVIEW_BUNDLE_20260823_054654_extracted/results/primitive_validation_final_reload.csv | пайплайн сокомандника/review_bundles/fixedstack_combo10h_REVIEW_BUNDLE_20260823_054654_extracted/results/runtime.csv,external teammate review bundles,NOT_IN_GIT_HISTORY,пайплайн сокомандника/research_scripts/continue_fixedstack_combo_10h.py | пайплайн сокомандника/research_scripts/continue_best_bas_final6h.py | пайплайн сокомандника/research_scripts/materialize_final6h_extra90m.py | пайплайн сокомандника/research_scripts/run_best_bas_fixedstack_14h_v2.py,,two-part / hurdle,See preserved experiment card and implementation,Source: `пайплайн сокомандника/review_bundles/extra90_REVIEW_BUNDLE_20260823_222555_extracted/results/ALL_EXTRA90_VALIDATION.csv`,| wcv | 1.7495038216483034 |,None documented,Seed from src/config.py unless the preserved card explicitly states otherwise,See preserved experiment card and frozen implementation,None documented,Competition train.parquet and sample_submit.csv; additional artifacts are listed in the card,PARTIAL: exact result rows and runner code survive; checkpoint bank and raw data are external,Recovered from 20 result-table row(s); no score or parameter was inferred.,README.md
teammate_candidate__recent_hurdle_stable18,teammate_candidate,recent_hurdle_stable18,Teammate candidate — recent_hurdle_stable18,completed teammate candidate/subrun,пайплайн сокомандника/review_bundles/extra90_REVIEW_BUNDLE_20260823_222555_extracted/results/ALL_EXTRA90_VALIDATION.csv | пайплайн сокомандника/review_bundles/extra90_REVIEW_BUNDLE_20260823_222555_extracted/results/combo_validation_extra90.csv | пайплайн сокомандника/review_bundles/extra90_REVIEW_BUNDLE_20260823_222555_extracted/results/primitive_validation_extra90.csv | пайплайн сокомандника/review_bundles/extra90_REVIEW_BUNDLE_20260823_222555_extracted/results/STABLE_BRANCH_VALIDATION.csv | пайплайн сокомандника/review_bundles/final6h_REVIEW_BUNDLE_20260823_204823_extracted/results/ALL_FINAL6H_VALIDATION.csv | пайплайн сокомандника/review_bundles/final6h_REVIEW_BUNDLE_20260823_204823_extracted/results/combo_validation_final6h_base.csv | пайплайн сокомандника/review_bundles/final6h_REVIEW_BUNDLE_20260823_204823_extracted/results/primitive_validation_final6h_base.csv | пайплайн сокомандника/review_bundles/final6h_REVIEW_BUNDLE_20260823_204823_extracted/results/runtime.csv | пайплайн сокомандника/review_bundles/final6h_REVIEW_BUNDLE_20260823_204823_extracted/results/STABLE_BRANCH_VALIDATION.csv | пайплайн сокомандника/review_bundles/fixedstack_combo10h_REVIEW_BUNDLE_20260823_054654_extracted/results/ALL_VALIDATION.csv | пайплайн сокомандника/review_bundles/fixedstack_combo10h_REVIEW_BUNDLE_20260823_054654_extracted/results/combo_validation_after_recent_hurdle_stable18.csv | пайплайн сокомандника/review_bundles/fixedstack_combo10h_REVIEW_BUNDLE_20260823_054654_extracted/results/combo_validation_final.csv | пайплайн сокомандника/review_bundles/fixedstack_combo10h_REVIEW_BUNDLE_20260823_054654_extracted/results/combo_validation_final_reload.csv | пайплайн сокомандника/review_bundles/fixedstack_combo10h_REVIEW_BUNDLE_20260823_054654_extracted/results/primitive_validation_after_recent_hurdle_stable18.csv | пайплайн сокомандника/review_bundles/fixedstack_combo10h_REVIEW_BUNDLE_20260823_054654_extracted/results/primitive_validation_final.csv | пайплайн сокомандника/review_bundles/fixedstack_combo10h_REVIEW_BUNDLE_20260823_054654_extracted/results/primitive_validation_final_reload.csv | пайплайн сокомандника/review_bundles/fixedstack_combo10h_REVIEW_BUNDLE_20260823_054654_extracted/results/runtime.csv,external teammate review bundles,NOT_IN_GIT_HISTORY,пайплайн сокомандника/research_scripts/continue_fixedstack_combo_10h.py | пайплайн сокомандника/research_scripts/continue_best_bas_final6h.py | пайплайн сокомандника/research_scripts/materialize_final6h_extra90m.py | пайплайн сокомандника/research_scripts/run_best_bas_fixedstack_14h_v2.py,,two-part / hurdle,See preserved experiment card and implementation,Source: `пайплайн сокомандника/review_bundles/extra90_REVIEW_BUNDLE_20260823_222555_extracted/results/ALL_EXTRA90_VALIDATION.csv`,| wcv | 1.749590662380298 |,None documented,Seed from src/config.py unless the preserved card explicitly states otherwise,See preserved experiment card and frozen implementation,None documented,Competition train.parquet and sample_submit.csv; additional artifacts are listed in the card,PARTIAL: exact result rows and runner code survive; checkpoint bank and raw data are external,Recovered from 17 result-table row(s); no score or parameter was inferred.,README.md
teammate_candidate__ridge_all_s075,teammate_candidate,ridge_all_s075,Teammate candidate — ridge_all_s075,completed teammate candidate/subrun,пайплайн сокомандника/review_bundles/extra90_REVIEW_BUNDLE_20260823_222555_extracted/results/ALL_EXTRA90_VALIDATION.csv | пайплайн сокомандника/review_bundles/extra90_REVIEW_BUNDLE_20260823_222555_extracted/results/combo_validation_extra90.csv | пайплайн сокомандника/review_bundles/extra90_REVIEW_BUNDLE_20260823_222555_extracted/results/primitive_validation_extra90.csv | пайплайн сокомандника/review_bundles/extra90_REVIEW_BUNDLE_20260823_222555_extracted/results/STABLE_BRANCH_VALIDATION.csv | пайплайн сокомандника/review_bundles/final6h_REVIEW_BUNDLE_20260823_204823_extracted/results/ALL_FINAL6H_VALIDATION.csv | пайплайн сокомандника/review_bundles/final6h_REVIEW_BUNDLE_20260823_204823_extracted/results/combo_validation_final6h_base.csv | пайплайн сокомандника/review_bundles/final6h_REVIEW_BUNDLE_20260823_204823_extracted/results/FAMILY_BEST.csv | пайплайн сокомандника/review_bundles/final6h_REVIEW_BUNDLE_20260823_204823_extracted/results/primitive_validation_final6h_base.csv | пайплайн сокомандника/review_bundles/final6h_REVIEW_BUNDLE_20260823_204823_extracted/results/STABLE_BRANCH_VALIDATION.csv | пайплайн сокомандника/review_bundles/fixedstack_combo10h_REVIEW_BUNDLE_20260823_054654_extracted/results/ALL_VALIDATION.csv | пайплайн сокомандника/review_bundles/fixedstack_combo10h_REVIEW_BUNDLE_20260823_054654_extracted/results/combo_validation_after_recent_hurdle_fast12.csv | пайплайн сокомандника/review_bundles/fixedstack_combo10h_REVIEW_BUNDLE_20260823_054654_extracted/results/combo_validation_after_recent_hurdle_stable18.csv | пайплайн сокомандника/review_bundles/fixedstack_combo10h_REVIEW_BUNDLE_20260823_054654_extracted/results/combo_validation_existing.csv | пайплайн сокомандника/review_bundles/fixedstack_combo10h_REVIEW_BUNDLE_20260823_054654_extracted/results/combo_validation_final.csv | пайплайн сокомандника/review_bundles/fixedstack_combo10h_REVIEW_BUNDLE_20260823_054654_extracted/results/combo_validation_final_reload.csv | пайплайн сокомандника/review_bundles/fixedstack_combo10h_REVIEW_BUNDLE_20260823_054654_extracted/results/primitive_validation_after_recent_hurdle_fast12.csv | пайплайн сокомандника/review_bundles/fixedstack_combo10h_REVIEW_BUNDLE_20260823_054654_extracted/results/primitive_validation_after_recent_hurdle_stable18.csv | пайплайн сокомандника/review_bundles/fixedstack_combo10h_REVIEW_BUNDLE_20260823_054654_extracted/results/primitive_validation_existing.csv | пайплайн сокомандника/review_bundles/fixedstack_combo10h_REVIEW_BUNDLE_20260823_054654_extracted/results/primitive_validation_final.csv | пайплайн сокомандника/review_bundles/fixedstack_combo10h_REVIEW_BUNDLE_20260823_054654_extracted/results/primitive_validation_final_reload.csv | пайплайн сокомандника/review_bundles/fixedstack_combo10h_REVIEW_BUNDLE_20260823_054654_extracted/results/SHORTLIST_VALIDATION.csv,external teammate review bundles,NOT_IN_GIT_HISTORY,пайплайн сокомандника/research_scripts/continue_fixedstack_combo_10h.py | пайплайн сокомандника/research_scripts/continue_best_bas_final6h.py | пайплайн сокомандника/research_scripts/materialize_final6h_extra90m.py | пайплайн сокомандника/research_scripts/run_best_bas_fixedstack_14h_v2.py,,"Ridge, two-part / hurdle",See preserved experiment card and implementation,Source: `пайплайн сокомандника/review_bundles/extra90_REVIEW_BUNDLE_20260823_222555_extracted/results/ALL_EXTRA90_VALIDATION.csv`,| wcv | 1.7482553756178343 |,None documented,Seed from src/config.py unless the preserved card explicitly states otherwise,See preserved experiment card and frozen implementation,None documented,Competition train.parquet and sample_submit.csv; additional artifacts are listed in the card,PARTIAL: exact result rows and runner code survive; checkpoint bank and raw data are external,Recovered from 21 result-table row(s); no score or parameter was inferred.,README.md
teammate_candidate__ridge_all_s55,teammate_candidate,ridge_all_s55,Teammate candidate — ridge_all_s55,completed teammate candidate/subrun,пайплайн сокомандника/review_bundles/extra90_REVIEW_BUNDLE_20260823_222555_extracted/results/ALL_EXTRA90_VALIDATION.csv | пайплайн сокомандника/review_bundles/extra90_REVIEW_BUNDLE_20260823_222555_extracted/results/combo_validation_extra90.csv | пайплайн сокомандника/review_bundles/extra90_REVIEW_BUNDLE_20260823_222555_extracted/results/primitive_validation_extra90.csv | пайплайн сокомандника/review_bundles/extra90_REVIEW_BUNDLE_20260823_222555_extracted/results/STABLE_BRANCH_VALIDATION.csv | пайплайн сокомандника/review_bundles/final6h_REVIEW_BUNDLE_20260823_204823_extracted/results/ALL_FINAL6H_VALIDATION.csv | пайплайн сокомандника/review_bundles/final6h_REVIEW_BUNDLE_20260823_204823_extracted/results/combo_validation_final6h_base.csv | пайплайн сокомандника/review_bundles/final6h_REVIEW_BUNDLE_20260823_204823_extracted/results/primitive_validation_final6h_base.csv | пайплайн сокомандника/review_bundles/final6h_REVIEW_BUNDLE_20260823_204823_extracted/results/STABLE_BRANCH_VALIDATION.csv | пайплайн сокомандника/review_bundles/fixedstack_combo10h_REVIEW_BUNDLE_20260823_054654_extracted/results/ALL_VALIDATION.csv | пайплайн сокомандника/review_bundles/fixedstack_combo10h_REVIEW_BUNDLE_20260823_054654_extracted/results/combo_validation_after_recent_hurdle_fast12.csv | пайплайн сокомандника/review_bundles/fixedstack_combo10h_REVIEW_BUNDLE_20260823_054654_extracted/results/combo_validation_after_recent_hurdle_stable18.csv | пайплайн сокомандника/review_bundles/fixedstack_combo10h_REVIEW_BUNDLE_20260823_054654_extracted/results/combo_validation_existing.csv | пайплайн сокомандника/review_bundles/fixedstack_combo10h_REVIEW_BUNDLE_20260823_054654_extracted/results/combo_validation_final.csv | пайплайн сокомандника/review_bundles/fixedstack_combo10h_REVIEW_BUNDLE_20260823_054654_extracted/results/combo_validation_final_reload.csv | пайплайн сокомандника/review_bundles/fixedstack_combo10h_REVIEW_BUNDLE_20260823_054654_extracted/results/primitive_validation_after_recent_hurdle_fast12.csv | пайплайн сокомандника/review_bundles/fixedstack_combo10h_REVIEW_BUNDLE_20260823_054654_extracted/results/primitive_validation_after_recent_hurdle_stable18.csv | пайплайн сокомандника/review_bundles/fixedstack_combo10h_REVIEW_BUNDLE_20260823_054654_extracted/results/primitive_validation_existing.csv | пайплайн сокомандника/review_bundles/fixedstack_combo10h_REVIEW_BUNDLE_20260823_054654_extracted/results/primitive_validation_final.csv | пайплайн сокомандника/review_bundles/fixedstack_combo10h_REVIEW_BUNDLE_20260823_054654_extracted/results/primitive_validation_final_reload.csv,external teammate review bundles,NOT_IN_GIT_HISTORY,пайплайн сокомандника/research_scripts/continue_fixedstack_combo_10h.py | пайплайн сокомандника/research_scripts/continue_best_bas_final6h.py | пайплайн сокомандника/research_scripts/materialize_final6h_extra90m.py | пайплайн сокомандника/research_scripts/run_best_bas_fixedstack_14h_v2.py,,"Ridge, two-part / hurdle",See preserved experiment card and implementation,Source: `пайплайн сокомандника/review_bundles/extra90_REVIEW_BUNDLE_20260823_222555_extracted/results/ALL_EXTRA90_VALIDATION.csv`,| wcv | 1.7483984994712467 |,None documented,Seed from src/config.py unless the preserved card explicitly states otherwise,See preserved experiment card and frozen implementation,None documented,Competition train.parquet and sample_submit.csv; additional artifacts are listed in the card,PARTIAL: exact result rows and runner code survive; checkpoint bank and raw data are external,Recovered from 19 result-table row(s); no score or parameter was inferred.,README.md
teammate_candidate__ridge_all_s65,teammate_candidate,ridge_all_s65,Teammate candidate — ridge_all_s65,completed teammate candidate/subrun,пайплайн сокомандника/review_bundles/extra90_REVIEW_BUNDLE_20260823_222555_extracted/results/ALL_EXTRA90_VALIDATION.csv | пайплайн сокомандника/review_bundles/extra90_REVIEW_BUNDLE_20260823_222555_extracted/results/combo_validation_extra90.csv | пайплайн сокомандника/review_bundles/extra90_REVIEW_BUNDLE_20260823_222555_extracted/results/primitive_validation_extra90.csv | пайплайн сокомандника/review_bundles/extra90_REVIEW_BUNDLE_20260823_222555_extracted/results/STABLE_BRANCH_VALIDATION.csv | пайплайн сокомандника/review_bundles/final6h_REVIEW_BUNDLE_20260823_204823_extracted/results/ALL_FINAL6H_VALIDATION.csv | пайплайн сокомандника/review_bundles/final6h_REVIEW_BUNDLE_20260823_204823_extracted/results/combo_validation_final6h_base.csv | пайплайн сокомандника/review_bundles/final6h_REVIEW_BUNDLE_20260823_204823_extracted/results/primitive_validation_final6h_base.csv | пайплайн сокомандника/review_bundles/final6h_REVIEW_BUNDLE_20260823_204823_extracted/results/STABLE_BRANCH_VALIDATION.csv | пайплайн сокомандника/review_bundles/fixedstack_combo10h_REVIEW_BUNDLE_20260823_054654_extracted/results/ALL_VALIDATION.csv | пайплайн сокомандника/review_bundles/fixedstack_combo10h_REVIEW_BUNDLE_20260823_054654_extracted/results/combo_validation_after_recent_hurdle_fast12.csv | пайплайн сокомандника/review_bundles/fixedstack_combo10h_REVIEW_BUNDLE_20260823_054654_extracted/results/combo_validation_after_recent_hurdle_stable18.csv | пайплайн сокомандника/review_bundles/fixedstack_combo10h_REVIEW_BUNDLE_20260823_054654_extracted/results/combo_validation_existing.csv | пайплайн сокомандника/review_bundles/fixedstack_combo10h_REVIEW_BUNDLE_20260823_054654_extracted/results/combo_validation_final.csv | пайплайн сокомандника/review_bundles/fixedstack_combo10h_REVIEW_BUNDLE_20260823_054654_extracted/results/combo_validation_final_reload.csv | пайплайн сокомандника/review_bundles/fixedstack_combo10h_REVIEW_BUNDLE_20260823_054654_extracted/results/primitive_validation_after_recent_hurdle_fast12.csv | пайплайн сокомандника/review_bundles/fixedstack_combo10h_REVIEW_BUNDLE_20260823_054654_extracted/results/primitive_validation_after_recent_hurdle_stable18.csv | пайплайн сокомандника/review_bundles/fixedstack_combo10h_REVIEW_BUNDLE_20260823_054654_extracted/results/primitive_validation_existing.csv | пайплайн сокомандника/review_bundles/fixedstack_combo10h_REVIEW_BUNDLE_20260823_054654_extracted/results/primitive_validation_final.csv | пайплайн сокомандника/review_bundles/fixedstack_combo10h_REVIEW_BUNDLE_20260823_054654_extracted/results/primitive_validation_final_reload.csv,external teammate review bundles,NOT_IN_GIT_HISTORY,пайплайн сокомандника/research_scripts/continue_fixedstack_combo_10h.py | пайплайн сокомандника/research_scripts/continue_best_bas_final6h.py | пайплайн сокомандника/research_scripts/materialize_final6h_extra90m.py | пайплайн сокомандника/research_scripts/run_best_bas_fixedstack_14h_v2.py,,"Ridge, two-part / hurdle",227 tabular features,Source: `пайплайн сокомандника/review_bundles/extra90_REVIEW_BUNDLE_20260823_222555_extracted/results/ALL_EXTRA90_VALIDATION.csv`,| wcv | 1.7483024351871654 |,None documented,Seed from src/config.py unless the preserved card explicitly states otherwise,See preserved experiment card and frozen implementation,None documented,Competition train.parquet and sample_submit.csv; additional artifacts are listed in the card,PARTIAL: exact result rows and runner code survive; checkpoint bank and raw data are external,Recovered from 19 result-table row(s); no score or parameter was inferred.,README.md
teammate_candidate__ridge_all_s75,teammate_candidate,ridge_all_s75,Teammate candidate — ridge_all_s75,completed teammate candidate/subrun,пайплайн сокомандника/review_bundles/extra90_REVIEW_BUNDLE_20260823_222555_extracted/results/ALL_EXTRA90_VALIDATION.csv | пайплайн сокомандника/review_bundles/extra90_REVIEW_BUNDLE_20260823_222555_extracted/results/combo_validation_extra90.csv | пайплайн сокомандника/review_bundles/extra90_REVIEW_BUNDLE_20260823_222555_extracted/results/primitive_validation_extra90.csv | пайплайн сокомандника/review_bundles/extra90_REVIEW_BUNDLE_20260823_222555_extracted/results/STABLE_BRANCH_VALIDATION.csv | пайплайн сокомандника/review_bundles/final6h_REVIEW_BUNDLE_20260823_204823_extracted/results/ALL_FINAL6H_VALIDATION.csv | пайплайн сокомандника/review_bundles/final6h_REVIEW_BUNDLE_20260823_204823_extracted/results/combo_validation_final6h_base.csv | пайплайн сокомандника/review_bundles/final6h_REVIEW_BUNDLE_20260823_204823_extracted/results/FAMILY_BEST.csv | пайплайн сокомандника/review_bundles/final6h_REVIEW_BUNDLE_20260823_204823_extracted/results/primitive_validation_final6h_base.csv | пайплайн сокомандника/review_bundles/final6h_REVIEW_BUNDLE_20260823_204823_extracted/results/STABLE_BRANCH_VALIDATION.csv | пайплайн сокомандника/review_bundles/fixedstack_combo10h_REVIEW_BUNDLE_20260823_054654_extracted/results/ALL_VALIDATION.csv | пайплайн сокомандника/review_bundles/fixedstack_combo10h_REVIEW_BUNDLE_20260823_054654_extracted/results/combo_validation_after_recent_hurdle_fast12.csv | пайплайн сокомандника/review_bundles/fixedstack_combo10h_REVIEW_BUNDLE_20260823_054654_extracted/results/combo_validation_after_recent_hurdle_stable18.csv | пайплайн сокомандника/review_bundles/fixedstack_combo10h_REVIEW_BUNDLE_20260823_054654_extracted/results/combo_validation_existing.csv | пайплайн сокомандника/review_bundles/fixedstack_combo10h_REVIEW_BUNDLE_20260823_054654_extracted/results/combo_validation_final.csv | пайплайн сокомандника/review_bundles/fixedstack_combo10h_REVIEW_BUNDLE_20260823_054654_extracted/results/combo_validation_final_reload.csv | пайплайн сокомандника/review_bundles/fixedstack_combo10h_REVIEW_BUNDLE_20260823_054654_extracted/results/primitive_validation_after_recent_hurdle_fast12.csv | пайплайн сокомандника/review_bundles/fixedstack_combo10h_REVIEW_BUNDLE_20260823_054654_extracted/results/primitive_validation_after_recent_hurdle_stable18.csv | пайплайн сокомандника/review_bundles/fixedstack_combo10h_REVIEW_BUNDLE_20260823_054654_extracted/results/primitive_validation_existing.csv | пайплайн сокомандника/review_bundles/fixedstack_combo10h_REVIEW_BUNDLE_20260823_054654_extracted/results/primitive_validation_final.csv | пайплайн сокомандника/review_bundles/fixedstack_combo10h_REVIEW_BUNDLE_20260823_054654_extracted/results/primitive_validation_final_reload.csv | пайплайн сокомандника/review_bundles/fixedstack_combo10h_REVIEW_BUNDLE_20260823_054654_extracted/results/SHORTLIST_VALIDATION.csv,external teammate review bundles,NOT_IN_GIT_HISTORY,пайплайн сокомандника/research_scripts/continue_fixedstack_combo_10h.py | пайплайн сокомандника/research_scripts/continue_best_bas_final6h.py | пайплайн сокомандника/research_scripts/materialize_final6h_extra90m.py | пайплайн сокомандника/research_scripts/run_best_bas_fixedstack_14h_v2.py,,"Ridge, two-part / hurdle",See preserved experiment card and implementation,Source: `пайплайн сокомандника/review_bundles/extra90_REVIEW_BUNDLE_20260823_222555_extracted/results/ALL_EXTRA90_VALIDATION.csv`,| wcv | 1.7482553756178343 |,None documented,Seed from src/config.py unless the preserved card explicitly states otherwise,See preserved experiment card and frozen implementation,None documented,Competition train.parquet and sample_submit.csv; additional artifacts are listed in the card,PARTIAL: exact result rows and runner code survive; checkpoint bank and raw data are external,Recovered from 21 result-table row(s); no score or parameter was inferred.,README.md
teammate_candidate__ridge_all_s85,teammate_candidate,ridge_all_s85,Teammate candidate — ridge_all_s85,completed teammate candidate/subrun,пайплайн сокомандника/review_bundles/extra90_REVIEW_BUNDLE_20260823_222555_extracted/results/ALL_EXTRA90_VALIDATION.csv | пайплайн сокомандника/review_bundles/extra90_REVIEW_BUNDLE_20260823_222555_extracted/results/combo_validation_extra90.csv | пайплайн сокомандника/review_bundles/extra90_REVIEW_BUNDLE_20260823_222555_extracted/results/primitive_validation_extra90.csv | пайплайн сокомандника/review_bundles/extra90_REVIEW_BUNDLE_20260823_222555_extracted/results/STABLE_BRANCH_VALIDATION.csv | пайплайн сокомандника/review_bundles/final6h_REVIEW_BUNDLE_20260823_204823_extracted/results/ALL_FINAL6H_VALIDATION.csv | пайплайн сокомандника/review_bundles/final6h_REVIEW_BUNDLE_20260823_204823_extracted/results/combo_validation_final6h_base.csv | пайплайн сокомандника/review_bundles/final6h_REVIEW_BUNDLE_20260823_204823_extracted/results/primitive_validation_final6h_base.csv | пайплайн сокомандника/review_bundles/final6h_REVIEW_BUNDLE_20260823_204823_extracted/results/STABLE_BRANCH_VALIDATION.csv | пайплайн сокомандника/review_bundles/fixedstack_combo10h_REVIEW_BUNDLE_20260823_054654_extracted/results/ALL_VALIDATION.csv | пайплайн сокомандника/review_bundles/fixedstack_combo10h_REVIEW_BUNDLE_20260823_054654_extracted/results/combo_validation_after_recent_hurdle_fast12.csv | пайплайн сокомандника/review_bundles/fixedstack_combo10h_REVIEW_BUNDLE_20260823_054654_extracted/results/combo_validation_after_recent_hurdle_stable18.csv | пайплайн сокомандника/review_bundles/fixedstack_combo10h_REVIEW_BUNDLE_20260823_054654_extracted/results/combo_validation_existing.csv | пайплайн сокомандника/review_bundles/fixedstack_combo10h_REVIEW_BUNDLE_20260823_054654_extracted/results/combo_validation_final.csv | пайплайн сокомандника/review_bundles/fixedstack_combo10h_REVIEW_BUNDLE_20260823_054654_extracted/results/combo_validation_final_reload.csv | пайплайн сокомандника/review_bundles/fixedstack_combo10h_REVIEW_BUNDLE_20260823_054654_extracted/results/primitive_validation_after_recent_hurdle_fast12.csv | пайплайн сокомандника/review_bundles/fixedstack_combo10h_REVIEW_BUNDLE_20260823_054654_extracted/results/primitive_validation_after_recent_hurdle_stable18.csv | пайплайн сокомандника/review_bundles/fixedstack_combo10h_REVIEW_BUNDLE_20260823_054654_extracted/results/primitive_validation_existing.csv | пайплайн сокомандника/review_bundles/fixedstack_combo10h_REVIEW_BUNDLE_20260823_054654_extracted/results/primitive_validation_final.csv | пайплайн сокомандника/review_bundles/fixedstack_combo10h_REVIEW_BUNDLE_20260823_054654_extracted/results/primitive_validation_final_reload.csv,external teammate review bundles,NOT_IN_GIT_HISTORY,пайплайн сокомандника/research_scripts/continue_fixedstack_combo_10h.py | пайплайн сокомандника/research_scripts/continue_best_bas_final6h.py | пайплайн сокомандника/research_scripts/materialize_final6h_extra90m.py | пайплайн сокомандника/research_scripts/run_best_bas_fixedstack_14h_v2.py,,"Ridge, two-part / hurdle",227 tabular features,Source: `пайплайн сокомандника/review_bundles/extra90_REVIEW_BUNDLE_20260823_222555_extracted/results/ALL_EXTRA90_VALIDATION.csv`,| wcv | 1.74825734286749 |,None documented,Seed from src/config.py unless the preserved card explicitly states otherwise,See preserved experiment card and frozen implementation,None documented,Competition train.parquet and sample_submit.csv; additional artifacts are listed in the card,PARTIAL: exact result rows and runner code survive; checkpoint bank and raw data are external,Recovered from 19 result-table row(s); no score or parameter was inferred.,README.md
teammate_candidate__ridge_all_s95,teammate_candidate,ridge_all_s95,Teammate candidate — ridge_all_s95,completed teammate candidate/subrun,пайплайн сокомандника/review_bundles/extra90_REVIEW_BUNDLE_20260823_222555_extracted/results/ALL_EXTRA90_VALIDATION.csv | пайплайн сокомандника/review_bundles/extra90_REVIEW_BUNDLE_20260823_222555_extracted/results/combo_validation_extra90.csv | пайплайн сокомандника/review_bundles/extra90_REVIEW_BUNDLE_20260823_222555_extracted/results/primitive_validation_extra90.csv | пайплайн сокомандника/review_bundles/extra90_REVIEW_BUNDLE_20260823_222555_extracted/results/STABLE_BRANCH_VALIDATION.csv | пайплайн сокомандника/review_bundles/final6h_REVIEW_BUNDLE_20260823_204823_extracted/results/ALL_FINAL6H_VALIDATION.csv | пайплайн сокомандника/review_bundles/final6h_REVIEW_BUNDLE_20260823_204823_extracted/results/combo_validation_final6h_base.csv | пайплайн сокомандника/review_bundles/final6h_REVIEW_BUNDLE_20260823_204823_extracted/results/primitive_validation_final6h_base.csv | пайплайн сокомандника/review_bundles/final6h_REVIEW_BUNDLE_20260823_204823_extracted/results/STABLE_BRANCH_VALIDATION.csv | пайплайн сокомандника/review_bundles/fixedstack_combo10h_REVIEW_BUNDLE_20260823_054654_extracted/results/ALL_VALIDATION.csv | пайплайн сокомандника/review_bundles/fixedstack_combo10h_REVIEW_BUNDLE_20260823_054654_extracted/results/combo_validation_after_recent_hurdle_fast12.csv | пайплайн сокомандника/review_bundles/fixedstack_combo10h_REVIEW_BUNDLE_20260823_054654_extracted/results/combo_validation_after_recent_hurdle_stable18.csv | пайплайн сокомандника/review_bundles/fixedstack_combo10h_REVIEW_BUNDLE_20260823_054654_extracted/results/combo_validation_existing.csv | пайплайн сокомандника/review_bundles/fixedstack_combo10h_REVIEW_BUNDLE_20260823_054654_extracted/results/combo_validation_final.csv | пайплайн сокомандника/review_bundles/fixedstack_combo10h_REVIEW_BUNDLE_20260823_054654_extracted/results/combo_validation_final_reload.csv | пайплайн сокомандника/review_bundles/fixedstack_combo10h_REVIEW_BUNDLE_20260823_054654_extracted/results/primitive_validation_after_recent_hurdle_fast12.csv | пайплайн сокомандника/review_bundles/fixedstack_combo10h_REVIEW_BUNDLE_20260823_054654_extracted/results/primitive_validation_after_recent_hurdle_stable18.csv | пайплайн сокомандника/review_bundles/fixedstack_combo10h_REVIEW_BUNDLE_20260823_054654_extracted/results/primitive_validation_existing.csv | пайплайн сокомандника/review_bundles/fixedstack_combo10h_REVIEW_BUNDLE_20260823_054654_extracted/results/primitive_validation_final.csv | пайплайн сокомандника/review_bundles/fixedstack_combo10h_REVIEW_BUNDLE_20260823_054654_extracted/results/primitive_validation_final_reload.csv,external teammate review bundles,NOT_IN_GIT_HISTORY,пайплайн сокомандника/research_scripts/continue_fixedstack_combo_10h.py | пайплайн сокомандника/research_scripts/continue_best_bas_final6h.py | пайплайн сокомандника/research_scripts/materialize_final6h_extra90m.py | пайплайн сокомандника/research_scripts/run_best_bas_fixedstack_14h_v2.py,,"Ridge, two-part / hurdle",227 tabular features,Source: `пайплайн сокомандника/review_bundles/extra90_REVIEW_BUNDLE_20260823_222555_extracted/results/ALL_EXTRA90_VALIDATION.csv`,| wcv | 1.7483082027845493 |,None documented,Seed from src/config.py unless the preserved card explicitly states otherwise,See preserved experiment card and frozen implementation,None documented,Competition train.parquet and sample_submit.csv; additional artifacts are listed in the card,PARTIAL: exact result rows and runner code survive; checkpoint bank and raw data are external,Recovered from 19 result-table row(s); no score or parameter was inferred.,README.md
teammate_candidate__ridge_core_plus_multiscale_direct_s075,teammate_candidate,ridge_core_plus_multiscale_direct_s075,Teammate candidate — ridge_core_plus_multiscale_direct_s075,completed teammate candidate/subrun,пайплайн сокомандника/review_bundles/extra90_REVIEW_BUNDLE_20260823_222555_extracted/results/ALL_EXTRA90_VALIDATION.csv | пайплайн сокомандника/review_bundles/extra90_REVIEW_BUNDLE_20260823_222555_extracted/results/combo_validation_extra90.csv | пайплайн сокомандника/review_bundles/extra90_REVIEW_BUNDLE_20260823_222555_extracted/results/primitive_validation_extra90.csv | пайплайн сокомандника/review_bundles/extra90_REVIEW_BUNDLE_20260823_222555_extracted/results/STABLE_BRANCH_VALIDATION.csv | пайплайн сокомандника/review_bundles/final6h_REVIEW_BUNDLE_20260823_204823_extracted/results/ALL_FINAL6H_VALIDATION.csv | пайплайн сокомандника/review_bundles/final6h_REVIEW_BUNDLE_20260823_204823_extracted/results/combo_validation_final6h_base.csv | пайплайн сокомандника/review_bundles/final6h_REVIEW_BUNDLE_20260823_204823_extracted/results/primitive_validation_final6h_base.csv | пайплайн сокомандника/review_bundles/final6h_REVIEW_BUNDLE_20260823_204823_extracted/results/STABLE_BRANCH_VALIDATION.csv | пайплайн сокомандника/review_bundles/fixedstack_combo10h_REVIEW_BUNDLE_20260823_054654_extracted/results/ALL_VALIDATION.csv | пайплайн сокомандника/review_bundles/fixedstack_combo10h_REVIEW_BUNDLE_20260823_054654_extracted/results/combo_validation_after_recent_hurdle_fast12.csv | пайплайн сокомандника/review_bundles/fixedstack_combo10h_REVIEW_BUNDLE_20260823_054654_extracted/results/combo_validation_after_recent_hurdle_stable18.csv | пайплайн сокомандника/review_bundles/fixedstack_combo10h_REVIEW_BUNDLE_20260823_054654_extracted/results/combo_validation_existing.csv | пайплайн сокомандника/review_bundles/fixedstack_combo10h_REVIEW_BUNDLE_20260823_054654_extracted/results/combo_validation_final.csv | пайплайн сокомандника/review_bundles/fixedstack_combo10h_REVIEW_BUNDLE_20260823_054654_extracted/results/combo_validation_final_reload.csv | пайплайн сокомандника/review_bundles/fixedstack_combo10h_REVIEW_BUNDLE_20260823_054654_extracted/results/FINAL_CANDIDATE_METRICS.csv | пайплайн сокомандника/review_bundles/fixedstack_combo10h_REVIEW_BUNDLE_20260823_054654_extracted/results/primitive_validation_after_recent_hurdle_fast12.csv | пайплайн сокомандника/review_bundles/fixedstack_combo10h_REVIEW_BUNDLE_20260823_054654_extracted/results/primitive_validation_after_recent_hurdle_stable18.csv | пайплайн сокомандника/review_bundles/fixedstack_combo10h_REVIEW_BUNDLE_20260823_054654_extracted/results/primitive_validation_existing.csv | пайплайн сокомандника/review_bundles/fixedstack_combo10h_REVIEW_BUNDLE_20260823_054654_extracted/results/primitive_validation_final.csv | пайплайн сокомандника/review_bundles/fixedstack_combo10h_REVIEW_BUNDLE_20260823_054654_extracted/results/primitive_validation_final_reload.csv,external teammate review bundles,NOT_IN_GIT_HISTORY,пайплайн сокомандника/research_scripts/continue_fixedstack_combo_10h.py | пайплайн сокомандника/research_scripts/continue_best_bas_final6h.py | пайплайн сокомандника/research_scripts/materialize_final6h_extra90m.py | пайплайн сокомандника/research_scripts/run_best_bas_fixedstack_14h_v2.py,,"Ridge, two-part / hurdle",See preserved experiment card and implementation,Source: `пайплайн сокомандника/review_bundles/extra90_REVIEW_BUNDLE_20260823_222555_extracted/results/ALL_EXTRA90_VALIDATION.csv`,| wcv | 1.7483788595948475 |,None documented,Seed from src/config.py unless the preserved card explicitly states otherwise,See preserved experiment card and frozen implementation,None documented,Competition train.parquet and sample_submit.csv; additional artifacts are listed in the card,PARTIAL: exact result rows and runner code survive; checkpoint bank and raw data are external,Recovered from 20 result-table row(s); no score or parameter was inferred.,README.md
teammate_candidate__ridge_core_plus_recent_direct_s075,teammate_candidate,ridge_core_plus_recent_direct_s075,Teammate candidate — ridge_core_plus_recent_direct_s075,completed teammate candidate/subrun,пайплайн сокомандника/review_bundles/extra90_REVIEW_BUNDLE_20260823_222555_extracted/results/ALL_EXTRA90_VALIDATION.csv | пайплайн сокомандника/review_bundles/extra90_REVIEW_BUNDLE_20260823_222555_extracted/results/combo_validation_extra90.csv | пайплайн сокомандника/review_bundles/extra90_REVIEW_BUNDLE_20260823_222555_extracted/results/primitive_validation_extra90.csv | пайплайн сокомандника/review_bundles/extra90_REVIEW_BUNDLE_20260823_222555_extracted/results/STABLE_BRANCH_VALIDATION.csv | пайплайн сокомандника/review_bundles/final6h_REVIEW_BUNDLE_20260823_204823_extracted/results/ALL_FINAL6H_VALIDATION.csv | пайплайн сокомандника/review_bundles/final6h_REVIEW_BUNDLE_20260823_204823_extracted/results/combo_validation_final6h_base.csv | пайплайн сокомандника/review_bundles/final6h_REVIEW_BUNDLE_20260823_204823_extracted/results/primitive_validation_final6h_base.csv | пайплайн сокомандника/review_bundles/final6h_REVIEW_BUNDLE_20260823_204823_extracted/results/STABLE_BRANCH_VALIDATION.csv | пайплайн сокомандника/review_bundles/fixedstack_combo10h_REVIEW_BUNDLE_20260823_054654_extracted/results/ALL_VALIDATION.csv | пайплайн сокомандника/review_bundles/fixedstack_combo10h_REVIEW_BUNDLE_20260823_054654_extracted/results/combo_validation_after_recent_hurdle_fast12.csv | пайплайн сокомандника/review_bundles/fixedstack_combo10h_REVIEW_BUNDLE_20260823_054654_extracted/results/combo_validation_after_recent_hurdle_stable18.csv | пайплайн сокомандника/review_bundles/fixedstack_combo10h_REVIEW_BUNDLE_20260823_054654_extracted/results/combo_validation_existing.csv | пайплайн сокомандника/review_bundles/fixedstack_combo10h_REVIEW_BUNDLE_20260823_054654_extracted/results/combo_validation_final.csv | пайплайн сокомандника/review_bundles/fixedstack_combo10h_REVIEW_BUNDLE_20260823_054654_extracted/results/combo_validation_final_reload.csv | пайплайн сокомандника/review_bundles/fixedstack_combo10h_REVIEW_BUNDLE_20260823_054654_extracted/results/FINAL_CANDIDATE_METRICS.csv | пайплайн сокомандника/review_bundles/fixedstack_combo10h_REVIEW_BUNDLE_20260823_054654_extracted/results/primitive_validation_after_recent_hurdle_fast12.csv | пайплайн сокомандника/review_bundles/fixedstack_combo10h_REVIEW_BUNDLE_20260823_054654_extracted/results/primitive_validation_after_recent_hurdle_stable18.csv | пайплайн сокомандника/review_bundles/fixedstack_combo10h_REVIEW_BUNDLE_20260823_054654_extracted/results/primitive_validation_existing.csv | пайплайн сокомандника/review_bundles/fixedstack_combo10h_REVIEW_BUNDLE_20260823_054654_extracted/results/primitive_validation_final.csv | пайплайн сокомандника/review_bundles/fixedstack_combo10h_REVIEW_BUNDLE_20260823_054654_extracted/results/primitive_validation_final_reload.csv,external teammate review bundles,NOT_IN_GIT_HISTORY,пайплайн сокомандника/research_scripts/continue_fixedstack_combo_10h.py | пайплайн сокомандника/research_scripts/continue_best_bas_final6h.py | пайплайн сокомандника/research_scripts/materialize_final6h_extra90m.py | пайплайн сокомандника/research_scripts/run_best_bas_fixedstack_14h_v2.py,,"Ridge, two-part / hurdle",See preserved experiment card and implementation,Source: `пайплайн сокомандника/review_bundles/extra90_REVIEW_BUNDLE_20260823_222555_extracted/results/ALL_EXTRA90_VALIDATION.csv`,| wcv | 1.748375380522078 |,None documented,Seed from src/config.py unless the preserved card explicitly states otherwise,See preserved experiment card and frozen implementation,None documented,Competition train.parquet and sample_submit.csv; additional artifacts are listed in the card,PARTIAL: exact result rows and runner code survive; checkpoint bank and raw data are external,Recovered from 20 result-table row(s); no score or parameter was inferred.,README.md
teammate_candidate__ridge_core_plus_recent_direct_s075_slotbeta750,teammate_candidate,ridge_core_plus_recent_direct_s075__slotbeta750,Teammate candidate — ridge_core_plus_recent_direct_s075__slotbeta750,completed teammate candidate/subrun,пайплайн сокомандника/review_bundles/fixedstack_combo10h_REVIEW_BUNDLE_20260823_054654_extracted/results/FINAL_CANDIDATE_METRICS.csv,external teammate review bundles,NOT_IN_GIT_HISTORY,пайплайн сокомандника/research_scripts/continue_fixedstack_combo_10h.py | пайплайн сокомандника/research_scripts/continue_best_bas_final6h.py | пайплайн сокомандника/research_scripts/materialize_final6h_extra90m.py | пайплайн сокомандника/research_scripts/run_best_bas_fixedstack_14h_v2.py,,Ridge,See preserved experiment card and implementation,| wcv | 1.7484870741011025 |,| wcv | 1.7484870741011025 |,None documented,Seed from src/config.py unless the preserved card explicitly states otherwise,See preserved experiment card and frozen implementation,None documented,Competition train.parquet and sample_submit.csv; additional artifacts are listed in the card,PARTIAL: exact result rows and runner code survive; checkpoint bank and raw data are external,Recovered from 1 result-table row(s); no score or parameter was inferred.,README.md
teammate_candidate__ridge_core_plus_recent_direct_s075_slotbeta875,teammate_candidate,ridge_core_plus_recent_direct_s075__slotbeta875,Teammate candidate — ridge_core_plus_recent_direct_s075__slotbeta875,completed teammate candidate/subrun,пайплайн сокомандника/review_bundles/fixedstack_combo10h_REVIEW_BUNDLE_20260823_054654_extracted/results/FINAL_CANDIDATE_METRICS.csv,external teammate review bundles,NOT_IN_GIT_HISTORY,пайплайн сокомандника/research_scripts/continue_fixedstack_combo_10h.py | пайплайн сокомандника/research_scripts/continue_best_bas_final6h.py | пайплайн сокомандника/research_scripts/materialize_final6h_extra90m.py | пайплайн сокомандника/research_scripts/run_best_bas_fixedstack_14h_v2.py,,Ridge,See preserved experiment card and implementation,| wcv | 1.7484107925600434 |,| wcv | 1.7484107925600434 |,None documented,Seed from src/config.py unless the preserved card explicitly states otherwise,See preserved experiment card and frozen implementation,None documented,Competition train.parquet and sample_submit.csv; additional artifacts are listed in the card,PARTIAL: exact result rows and runner code survive; checkpoint bank and raw data are external,Recovered from 1 result-table row(s); no score or parameter was inferred.,README.md
teammate_candidate__ridge_core_plus_recent_dist_s075,teammate_candidate,ridge_core_plus_recent_dist_s075,Teammate candidate — ridge_core_plus_recent_dist_s075,completed teammate candidate/subrun,пайплайн сокомандника/review_bundles/extra90_REVIEW_BUNDLE_20260823_222555_extracted/results/ALL_EXTRA90_VALIDATION.csv | пайплайн сокомандника/review_bundles/extra90_REVIEW_BUNDLE_20260823_222555_extracted/results/combo_validation_extra90.csv | пайплайн сокомандника/review_bundles/extra90_REVIEW_BUNDLE_20260823_222555_extracted/results/primitive_validation_extra90.csv | пайплайн сокомандника/review_bundles/extra90_REVIEW_BUNDLE_20260823_222555_extracted/results/STABLE_BRANCH_VALIDATION.csv | пайплайн сокомандника/review_bundles/final6h_REVIEW_BUNDLE_20260823_204823_extracted/results/ALL_FINAL6H_VALIDATION.csv | пайплайн сокомандника/review_bundles/final6h_REVIEW_BUNDLE_20260823_204823_extracted/results/combo_validation_final6h_base.csv | пайплайн сокомандника/review_bundles/final6h_REVIEW_BUNDLE_20260823_204823_extracted/results/primitive_validation_final6h_base.csv | пайплайн сокомандника/review_bundles/final6h_REVIEW_BUNDLE_20260823_204823_extracted/results/STABLE_BRANCH_VALIDATION.csv | пайплайн сокомандника/review_bundles/fixedstack_combo10h_REVIEW_BUNDLE_20260823_054654_extracted/results/ALL_VALIDATION.csv | пайплайн сокомандника/review_bundles/fixedstack_combo10h_REVIEW_BUNDLE_20260823_054654_extracted/results/combo_validation_after_recent_hurdle_fast12.csv | пайплайн сокомандника/review_bundles/fixedstack_combo10h_REVIEW_BUNDLE_20260823_054654_extracted/results/combo_validation_after_recent_hurdle_stable18.csv | пайплайн сокомандника/review_bundles/fixedstack_combo10h_REVIEW_BUNDLE_20260823_054654_extracted/results/combo_validation_existing.csv | пайплайн сокомандника/review_bundles/fixedstack_combo10h_REVIEW_BUNDLE_20260823_054654_extracted/results/combo_validation_final.csv | пайплайн сокомандника/review_bundles/fixedstack_combo10h_REVIEW_BUNDLE_20260823_054654_extracted/results/combo_validation_final_reload.csv | пайплайн сокомандника/review_bundles/fixedstack_combo10h_REVIEW_BUNDLE_20260823_054654_extracted/results/FINAL_CANDIDATE_METRICS.csv | пайплайн сокомандника/review_bundles/fixedstack_combo10h_REVIEW_BUNDLE_20260823_054654_extracted/results/FINAL_SELECTION.csv | пайплайн сокомандника/review_bundles/fixedstack_combo10h_REVIEW_BUNDLE_20260823_054654_extracted/results/primitive_validation_after_recent_hurdle_fast12.csv | пайплайн сокомандника/review_bundles/fixedstack_combo10h_REVIEW_BUNDLE_20260823_054654_extracted/results/primitive_validation_after_recent_hurdle_stable18.csv | пайплайн сокомандника/review_bundles/fixedstack_combo10h_REVIEW_BUNDLE_20260823_054654_extracted/results/primitive_validation_existing.csv | пайплайн сокомандника/review_bundles/fixedstack_combo10h_REVIEW_BUNDLE_20260823_054654_extracted/results/primitive_validation_final.csv | пайплайн сокомандника/review_bundles/fixedstack_combo10h_REVIEW_BUNDLE_20260823_054654_extracted/results/primitive_validation_final_reload.csv,external teammate review bundles,NOT_IN_GIT_HISTORY,пайплайн сокомандника/research_scripts/continue_fixedstack_combo_10h.py | пайплайн сокомандника/research_scripts/continue_best_bas_final6h.py | пайплайн сокомандника/research_scripts/materialize_final6h_extra90m.py | пайплайн сокомандника/research_scripts/run_best_bas_fixedstack_14h_v2.py,,"Ridge, two-part / hurdle",See preserved experiment card and implementation,Source: `пайплайн сокомандника/review_bundles/extra90_REVIEW_BUNDLE_20260823_222555_extracted/results/ALL_EXTRA90_VALIDATION.csv`,| wcv | 1.7483423355191225 |,| file | C:\Users\Dimentiy\repoVScode\Ozon-ecup\src\DL\best_bas\_best_bas_combo_10h\submissions\submission_combo10h_candidate_2_ridge_core_plus_recent_dist_s075.csv |,Seed from src/config.py unless the preserved card explicitly states otherwise,See preserved experiment card and frozen implementation,None documented,Competition train.parquet and sample_submit.csv; additional artifacts are listed in the card,PARTIAL: exact result rows and runner code survive; checkpoint bank and raw data are external,Recovered from 21 result-table row(s); no score or parameter was inferred.,README.md
teammate_candidate__ridge_core_plus_recent_dist_s075_slotbeta750,teammate_candidate,ridge_core_plus_recent_dist_s075__slotbeta750,Teammate candidate — ridge_core_plus_recent_dist_s075__slotbeta750,completed teammate candidate/subrun,пайплайн сокомандника/review_bundles/fixedstack_combo10h_REVIEW_BUNDLE_20260823_054654_extracted/results/FINAL_CANDIDATE_METRICS.csv,external teammate review bundles,NOT_IN_GIT_HISTORY,пайплайн сокомандника/research_scripts/continue_fixedstack_combo_10h.py | пайплайн сокомандника/research_scripts/continue_best_bas_final6h.py | пайплайн сокомандника/research_scripts/materialize_final6h_extra90m.py | пайплайн сокомандника/research_scripts/run_best_bas_fixedstack_14h_v2.py,,Ridge,See preserved experiment card and implementation,| wcv | 1.7484576710662523 |,| wcv | 1.7484576710662523 |,None documented,Seed from src/config.py unless the preserved card explicitly states otherwise,See preserved experiment card and frozen implementation,None documented,Competition train.parquet and sample_submit.csv; additional artifacts are listed in the card,PARTIAL: exact result rows and runner code survive; checkpoint bank and raw data are external,Recovered from 1 result-table row(s); no score or parameter was inferred.,README.md
teammate_candidate__ridge_core_plus_recent_dist_s075_slotbeta875,teammate_candidate,ridge_core_plus_recent_dist_s075__slotbeta875,Teammate candidate — ridge_core_plus_recent_dist_s075__slotbeta875,completed teammate candidate/subrun,пайплайн сокомандника/review_bundles/fixedstack_combo10h_REVIEW_BUNDLE_20260823_054654_extracted/results/FINAL_CANDIDATE_METRICS.csv | пайплайн сокомандника/review_bundles/fixedstack_combo10h_REVIEW_BUNDLE_20260823_054654_extracted/results/FINAL_SELECTION.csv,external teammate review bundles,NOT_IN_GIT_HISTORY,пайплайн сокомандника/research_scripts/continue_fixedstack_combo_10h.py | пайплайн сокомандника/research_scripts/continue_best_bas_final6h.py | пайплайн сокомандника/research_scripts/materialize_final6h_extra90m.py | пайплайн сокомандника/research_scripts/run_best_bas_fixedstack_14h_v2.py,,Ridge,227 tabular features,| wcv | 1.7483791828797743 |,| wcv | 1.7483791828797743 |,| file | C:\Users\Dimentiy\repoVScode\Ozon-ecup\src\DL\best_bas\_best_bas_combo_10h\submissions\submission_combo10h_candidate_4_ridge_core_plus_recent_dist_s075__slotbeta875.csv |,Seed from src/config.py unless the preserved card explicitly states otherwise,See preserved experiment card and frozen implementation,None documented,Competition train.parquet and sample_submit.csv; additional artifacts are listed in the card,PARTIAL: exact result rows and runner code survive; checkpoint bank and raw data are external,Recovered from 2 result-table row(s); no score or parameter was inferred.,README.md
teammate_candidate__ridge_core_plus_recent_hurdle_fast12_s075,teammate_candidate,ridge_core_plus_recent_hurdle_fast12_s075,Teammate candidate — ridge_core_plus_recent_hurdle_fast12_s075,completed teammate candidate/subrun,пайплайн сокомандника/review_bundles/extra90_REVIEW_BUNDLE_20260823_222555_extracted/results/ALL_EXTRA90_VALIDATION.csv | пайплайн сокомандника/review_bundles/extra90_REVIEW_BUNDLE_20260823_222555_extracted/results/combo_validation_extra90.csv | пайплайн сокомандника/review_bundles/extra90_REVIEW_BUNDLE_20260823_222555_extracted/results/primitive_validation_extra90.csv | пайплайн сокомандника/review_bundles/extra90_REVIEW_BUNDLE_20260823_222555_extracted/results/STABLE_BRANCH_VALIDATION.csv | пайплайн сокомандника/review_bundles/final6h_REVIEW_BUNDLE_20260823_204823_extracted/results/ALL_FINAL6H_VALIDATION.csv | пайплайн сокомандника/review_bundles/final6h_REVIEW_BUNDLE_20260823_204823_extracted/results/combo_validation_final6h_base.csv | пайплайн сокомандника/review_bundles/final6h_REVIEW_BUNDLE_20260823_204823_extracted/results/primitive_validation_final6h_base.csv | пайплайн сокомандника/review_bundles/final6h_REVIEW_BUNDLE_20260823_204823_extracted/results/STABLE_BRANCH_VALIDATION.csv | пайплайн сокомандника/review_bundles/fixedstack_combo10h_REVIEW_BUNDLE_20260823_054654_extracted/results/ALL_VALIDATION.csv | пайплайн сокомандника/review_bundles/fixedstack_combo10h_REVIEW_BUNDLE_20260823_054654_extracted/results/combo_validation_after_recent_hurdle_fast12.csv | пайплайн сокомандника/review_bundles/fixedstack_combo10h_REVIEW_BUNDLE_20260823_054654_extracted/results/combo_validation_after_recent_hurdle_stable18.csv | пайплайн сокомандника/review_bundles/fixedstack_combo10h_REVIEW_BUNDLE_20260823_054654_extracted/results/combo_validation_final.csv | пайплайн сокомандника/review_bundles/fixedstack_combo10h_REVIEW_BUNDLE_20260823_054654_extracted/results/combo_validation_final_reload.csv | пайплайн сокомандника/review_bundles/fixedstack_combo10h_REVIEW_BUNDLE_20260823_054654_extracted/results/FINAL_CANDIDATE_METRICS.csv | пайплайн сокомандника/review_bundles/fixedstack_combo10h_REVIEW_BUNDLE_20260823_054654_extracted/results/primitive_validation_after_recent_hurdle_fast12.csv | пайплайн сокомандника/review_bundles/fixedstack_combo10h_REVIEW_BUNDLE_20260823_054654_extracted/results/primitive_validation_after_recent_hurdle_stable18.csv | пайплайн сокомандника/review_bundles/fixedstack_combo10h_REVIEW_BUNDLE_20260823_054654_extracted/results/primitive_validation_final.csv | пайплайн сокомандника/review_bundles/fixedstack_combo10h_REVIEW_BUNDLE_20260823_054654_extracted/results/primitive_validation_final_reload.csv,external teammate review bundles,NOT_IN_GIT_HISTORY,пайплайн сокомандника/research_scripts/continue_fixedstack_combo_10h.py | пайплайн сокомандника/research_scripts/continue_best_bas_final6h.py | пайплайн сокомандника/research_scripts/materialize_final6h_extra90m.py | пайплайн сокомандника/research_scripts/run_best_bas_fixedstack_14h_v2.py,,"Ridge, two-part / hurdle",See preserved experiment card and implementation,Source: `пайплайн сокомандника/review_bundles/extra90_REVIEW_BUNDLE_20260823_222555_extracted/results/ALL_EXTRA90_VALIDATION.csv`,| wcv | 1.7482578748400925 |,None documented,Seed from src/config.py unless the preserved card explicitly states otherwise,See preserved experiment card and frozen implementation,None documented,Competition train.parquet and sample_submit.csv; additional artifacts are listed in the card,PARTIAL: exact result rows and runner code survive; checkpoint bank and raw data are external,Recovered from 18 result-table row(s); no score or parameter was inferred.,README.md
teammate_candidate__ridge_core_plus_recent_hurdle_fast12_s075_slotbeta750,teammate_candidate,ridge_core_plus_recent_hurdle_fast12_s075__slotbeta750,Teammate candidate — ridge_core_plus_recent_hurdle_fast12_s075__slotbeta750,completed teammate candidate/subrun,пайплайн сокомандника/review_bundles/fixedstack_combo10h_REVIEW_BUNDLE_20260823_054654_extracted/results/FINAL_CANDIDATE_METRICS.csv,external teammate review bundles,NOT_IN_GIT_HISTORY,пайплайн сокомандника/research_scripts/continue_fixedstack_combo_10h.py | пайплайн сокомандника/research_scripts/continue_best_bas_final6h.py | пайплайн сокомандника/research_scripts/materialize_final6h_extra90m.py | пайплайн сокомандника/research_scripts/run_best_bas_fixedstack_14h_v2.py,,"Ridge, two-part / hurdle",227 tabular features,| wcv | 1.7483896625244009 |,| wcv | 1.7483896625244009 |,None documented,Seed from src/config.py unless the preserved card explicitly states otherwise,See preserved experiment card and frozen implementation,None documented,Competition train.parquet and sample_submit.csv; additional artifacts are listed in the card,PARTIAL: exact result rows and runner code survive; checkpoint bank and raw data are external,Recovered from 1 result-table row(s); no score or parameter was inferred.,README.md
teammate_candidate__ridge_core_plus_recent_hurdle_fast12_s075_slotbeta875,teammate_candidate,ridge_core_plus_recent_hurdle_fast12_s075__slotbeta875,Teammate candidate — ridge_core_plus_recent_hurdle_fast12_s075__slotbeta875,completed teammate candidate/subrun,пайплайн сокомандника/review_bundles/fixedstack_combo10h_REVIEW_BUNDLE_20260823_054654_extracted/results/FINAL_CANDIDATE_METRICS.csv,external teammate review bundles,NOT_IN_GIT_HISTORY,пайплайн сокомандника/research_scripts/continue_fixedstack_combo_10h.py | пайплайн сокомандника/research_scripts/continue_best_bas_final6h.py | пайплайн сокомандника/research_scripts/materialize_final6h_extra90m.py | пайплайн сокомандника/research_scripts/run_best_bas_fixedstack_14h_v2.py,,"Ridge, two-part / hurdle",227 tabular features,| wcv | 1.7483025495257658 |,| wcv | 1.7483025495257658 |,None documented,Seed from src/config.py unless the preserved card explicitly states otherwise,See preserved experiment card and frozen implementation,None documented,Competition train.parquet and sample_submit.csv; additional artifacts are listed in the card,PARTIAL: exact result rows and runner code survive; checkpoint bank and raw data are external,Recovered from 1 result-table row(s); no score or parameter was inferred.,README.md
teammate_candidate__ridge_core_plus_recent_hurdle_stable18_s075,teammate_candidate,ridge_core_plus_recent_hurdle_stable18_s075,Teammate candidate — ridge_core_plus_recent_hurdle_stable18_s075,completed teammate candidate/subrun,пайплайн сокомандника/review_bundles/extra90_REVIEW_BUNDLE_20260823_222555_extracted/results/ALL_EXTRA90_VALIDATION.csv | пайплайн сокомандника/review_bundles/extra90_REVIEW_BUNDLE_20260823_222555_extracted/results/combo_validation_extra90.csv | пайплайн сокомандника/review_bundles/extra90_REVIEW_BUNDLE_20260823_222555_extracted/results/primitive_validation_extra90.csv | пайплайн сокомандника/review_bundles/extra90_REVIEW_BUNDLE_20260823_222555_extracted/results/STABLE_BRANCH_VALIDATION.csv | пайплайн сокомандника/review_bundles/final6h_REVIEW_BUNDLE_20260823_204823_extracted/results/ALL_FINAL6H_VALIDATION.csv | пайплайн сокомандника/review_bundles/final6h_REVIEW_BUNDLE_20260823_204823_extracted/results/combo_validation_final6h_base.csv | пайплайн сокомандника/review_bundles/final6h_REVIEW_BUNDLE_20260823_204823_extracted/results/primitive_validation_final6h_base.csv | пайплайн сокомандника/review_bundles/final6h_REVIEW_BUNDLE_20260823_204823_extracted/results/STABLE_BRANCH_VALIDATION.csv | пайплайн сокомандника/review_bundles/fixedstack_combo10h_REVIEW_BUNDLE_20260823_054654_extracted/results/ALL_VALIDATION.csv | пайплайн сокомандника/review_bundles/fixedstack_combo10h_REVIEW_BUNDLE_20260823_054654_extracted/results/combo_validation_after_recent_hurdle_stable18.csv | пайплайн сокомандника/review_bundles/fixedstack_combo10h_REVIEW_BUNDLE_20260823_054654_extracted/results/combo_validation_final.csv | пайплайн сокомандника/review_bundles/fixedstack_combo10h_REVIEW_BUNDLE_20260823_054654_extracted/results/combo_validation_final_reload.csv | пайплайн сокомандника/review_bundles/fixedstack_combo10h_REVIEW_BUNDLE_20260823_054654_extracted/results/primitive_validation_after_recent_hurdle_stable18.csv | пайплайн сокомандника/review_bundles/fixedstack_combo10h_REVIEW_BUNDLE_20260823_054654_extracted/results/primitive_validation_final.csv | пайплайн сокомандника/review_bundles/fixedstack_combo10h_REVIEW_BUNDLE_20260823_054654_extracted/results/primitive_validation_final_reload.csv,external teammate review bundles,NOT_IN_GIT_HISTORY,пайплайн сокомандника/research_scripts/continue_fixedstack_combo_10h.py | пайплайн сокомандника/research_scripts/continue_best_bas_final6h.py | пайплайн сокомандника/research_scripts/materialize_final6h_extra90m.py | пайплайн сокомандника/research_scripts/run_best_bas_fixedstack_14h_v2.py,,"Ridge, two-part / hurdle",See preserved experiment card and implementation,Source: `пайплайн сокомандника/review_bundles/extra90_REVIEW_BUNDLE_20260823_222555_extracted/results/ALL_EXTRA90_VALIDATION.csv`,| wcv | 1.7483263584949975 |,None documented,Seed from src/config.py unless the preserved card explicitly states otherwise,See preserved experiment card and frozen implementation,None documented,Competition train.parquet and sample_submit.csv; additional artifacts are listed in the card,PARTIAL: exact result rows and runner code survive; checkpoint bank and raw data are external,Recovered from 15 result-table row(s); no score or parameter was inferred.,README.md
teammate_candidate__ridge_core_s075,teammate_candidate,ridge_core_s075,Teammate candidate — ridge_core_s075,completed teammate candidate/subrun,пайплайн сокомандника/review_bundles/extra90_REVIEW_BUNDLE_20260823_222555_extracted/results/ALL_EXTRA90_VALIDATION.csv | пайплайн сокомандника/review_bundles/extra90_REVIEW_BUNDLE_20260823_222555_extracted/results/combo_validation_extra90.csv | пайплайн сокомандника/review_bundles/extra90_REVIEW_BUNDLE_20260823_222555_extracted/results/primitive_validation_extra90.csv | пайплайн сокомандника/review_bundles/extra90_REVIEW_BUNDLE_20260823_222555_extracted/results/STABLE_BRANCH_VALIDATION.csv | пайплайн сокомандника/review_bundles/final6h_REVIEW_BUNDLE_20260823_204823_extracted/results/ALL_FINAL6H_VALIDATION.csv | пайплайн сокомандника/review_bundles/final6h_REVIEW_BUNDLE_20260823_204823_extracted/results/combo_validation_final6h_base.csv | пайплайн сокомандника/review_bundles/final6h_REVIEW_BUNDLE_20260823_204823_extracted/results/primitive_validation_final6h_base.csv | пайплайн сокомандника/review_bundles/final6h_REVIEW_BUNDLE_20260823_204823_extracted/results/STABLE_BRANCH_VALIDATION.csv | пайплайн сокомандника/review_bundles/fixedstack_combo10h_REVIEW_BUNDLE_20260823_054654_extracted/results/ALL_VALIDATION.csv | пайплайн сокомандника/review_bundles/fixedstack_combo10h_REVIEW_BUNDLE_20260823_054654_extracted/results/combo_validation_after_recent_hurdle_fast12.csv | пайплайн сокомандника/review_bundles/fixedstack_combo10h_REVIEW_BUNDLE_20260823_054654_extracted/results/combo_validation_after_recent_hurdle_stable18.csv | пайплайн сокомандника/review_bundles/fixedstack_combo10h_REVIEW_BUNDLE_20260823_054654_extracted/results/combo_validation_existing.csv | пайплайн сокомандника/review_bundles/fixedstack_combo10h_REVIEW_BUNDLE_20260823_054654_extracted/results/combo_validation_final.csv | пайплайн сокомандника/review_bundles/fixedstack_combo10h_REVIEW_BUNDLE_20260823_054654_extracted/results/combo_validation_final_reload.csv | пайплайн сокомандника/review_bundles/fixedstack_combo10h_REVIEW_BUNDLE_20260823_054654_extracted/results/FINAL_CANDIDATE_METRICS.csv | пайплайн сокомандника/review_bundles/fixedstack_combo10h_REVIEW_BUNDLE_20260823_054654_extracted/results/primitive_validation_after_recent_hurdle_fast12.csv | пайплайн сокомандника/review_bundles/fixedstack_combo10h_REVIEW_BUNDLE_20260823_054654_extracted/results/primitive_validation_after_recent_hurdle_stable18.csv | пайплайн сокомандника/review_bundles/fixedstack_combo10h_REVIEW_BUNDLE_20260823_054654_extracted/results/primitive_validation_existing.csv | пайплайн сокомандника/review_bundles/fixedstack_combo10h_REVIEW_BUNDLE_20260823_054654_extracted/results/primitive_validation_final.csv | пайплайн сокомандника/review_bundles/fixedstack_combo10h_REVIEW_BUNDLE_20260823_054654_extracted/results/primitive_validation_final_reload.csv,external teammate review bundles,NOT_IN_GIT_HISTORY,пайплайн сокомандника/research_scripts/continue_fixedstack_combo_10h.py | пайплайн сокомандника/research_scripts/continue_best_bas_final6h.py | пайплайн сокомандника/research_scripts/materialize_final6h_extra90m.py | пайплайн сокомандника/research_scripts/run_best_bas_fixedstack_14h_v2.py,,"Ridge, two-part / hurdle",See preserved experiment card and implementation,Source: `пайплайн сокомандника/review_bundles/extra90_REVIEW_BUNDLE_20260823_222555_extracted/results/ALL_EXTRA90_VALIDATION.csv`,| wcv | 1.7483770554180584 |,None documented,Seed from src/config.py unless the preserved card explicitly states otherwise,See preserved experiment card and frozen implementation,None documented,Competition train.parquet and sample_submit.csv; additional artifacts are listed in the card,PARTIAL: exact result rows and runner code survive; checkpoint bank and raw data are external,Recovered from 20 result-table row(s); no score or parameter was inferred.,README.md
teammate_candidate__ridge_drop_multiscale_direct_s075,teammate_candidate,ridge_drop_multiscale_direct_s075,Teammate candidate — ridge_drop_multiscale_direct_s075,completed teammate candidate/subrun,пайплайн сокомандника/review_bundles/extra90_REVIEW_BUNDLE_20260823_222555_extracted/results/ALL_EXTRA90_VALIDATION.csv | пайплайн сокомандника/review_bundles/extra90_REVIEW_BUNDLE_20260823_222555_extracted/results/combo_validation_extra90.csv | пайплайн сокомандника/review_bundles/extra90_REVIEW_BUNDLE_20260823_222555_extracted/results/primitive_validation_extra90.csv | пайплайн сокомандника/review_bundles/extra90_REVIEW_BUNDLE_20260823_222555_extracted/results/STABLE_BRANCH_VALIDATION.csv | пайплайн сокомандника/review_bundles/final6h_REVIEW_BUNDLE_20260823_204823_extracted/results/ALL_FINAL6H_VALIDATION.csv | пайплайн сокомандника/review_bundles/final6h_REVIEW_BUNDLE_20260823_204823_extracted/results/combo_validation_final6h_base.csv | пайплайн сокомандника/review_bundles/final6h_REVIEW_BUNDLE_20260823_204823_extracted/results/primitive_validation_final6h_base.csv | пайплайн сокомандника/review_bundles/final6h_REVIEW_BUNDLE_20260823_204823_extracted/results/STABLE_BRANCH_VALIDATION.csv | пайплайн сокомандника/review_bundles/fixedstack_combo10h_REVIEW_BUNDLE_20260823_054654_extracted/results/ALL_VALIDATION.csv | пайплайн сокомандника/review_bundles/fixedstack_combo10h_REVIEW_BUNDLE_20260823_054654_extracted/results/combo_validation_after_recent_hurdle_fast12.csv | пайплайн сокомандника/review_bundles/fixedstack_combo10h_REVIEW_BUNDLE_20260823_054654_extracted/results/combo_validation_after_recent_hurdle_stable18.csv | пайплайн сокомандника/review_bundles/fixedstack_combo10h_REVIEW_BUNDLE_20260823_054654_extracted/results/combo_validation_existing.csv | пайплайн сокомандника/review_bundles/fixedstack_combo10h_REVIEW_BUNDLE_20260823_054654_extracted/results/combo_validation_final.csv | пайплайн сокомандника/review_bundles/fixedstack_combo10h_REVIEW_BUNDLE_20260823_054654_extracted/results/combo_validation_final_reload.csv | пайплайн сокомандника/review_bundles/fixedstack_combo10h_REVIEW_BUNDLE_20260823_054654_extracted/results/primitive_validation_after_recent_hurdle_fast12.csv | пайплайн сокомандника/review_bundles/fixedstack_combo10h_REVIEW_BUNDLE_20260823_054654_extracted/results/primitive_validation_after_recent_hurdle_stable18.csv | пайплайн сокомандника/review_bundles/fixedstack_combo10h_REVIEW_BUNDLE_20260823_054654_extracted/results/primitive_validation_existing.csv | пайплайн сокомандника/review_bundles/fixedstack_combo10h_REVIEW_BUNDLE_20260823_054654_extracted/results/primitive_validation_final.csv | пайплайн сокомандника/review_bundles/fixedstack_combo10h_REVIEW_BUNDLE_20260823_054654_extracted/results/primitive_validation_final_reload.csv,external teammate review bundles,NOT_IN_GIT_HISTORY,пайплайн сокомандника/research_scripts/continue_fixedstack_combo_10h.py | пайплайн сокомандника/research_scripts/continue_best_bas_final6h.py | пайплайн сокомандника/research_scripts/materialize_final6h_extra90m.py | пайплайн сокомандника/research_scripts/run_best_bas_fixedstack_14h_v2.py,,"Ridge, two-part / hurdle",See preserved experiment card and implementation,Source: `пайплайн сокомандника/review_bundles/extra90_REVIEW_BUNDLE_20260823_222555_extracted/results/ALL_EXTRA90_VALIDATION.csv`,| wcv | 1.7482607225672138 |,None documented,Seed from src/config.py unless the preserved card explicitly states otherwise,See preserved experiment card and frozen implementation,None documented,Competition train.parquet and sample_submit.csv; additional artifacts are listed in the card,PARTIAL: exact result rows and runner code survive; checkpoint bank and raw data are external,Recovered from 19 result-table row(s); no score or parameter was inferred.,README.md
teammate_candidate__ridge_drop_recent_direct_s075,teammate_candidate,ridge_drop_recent_direct_s075,Teammate candidate — ridge_drop_recent_direct_s075,completed teammate candidate/subrun,пайплайн сокомандника/review_bundles/extra90_REVIEW_BUNDLE_20260823_222555_extracted/results/ALL_EXTRA90_VALIDATION.csv | пайплайн сокомандника/review_bundles/extra90_REVIEW_BUNDLE_20260823_222555_extracted/results/combo_validation_extra90.csv | пайплайн сокомандника/review_bundles/extra90_REVIEW_BUNDLE_20260823_222555_extracted/results/primitive_validation_extra90.csv | пайплайн сокомандника/review_bundles/extra90_REVIEW_BUNDLE_20260823_222555_extracted/results/STABLE_BRANCH_VALIDATION.csv | пайплайн сокомандника/review_bundles/final6h_REVIEW_BUNDLE_20260823_204823_extracted/results/ALL_FINAL6H_VALIDATION.csv | пайплайн сокомандника/review_bundles/final6h_REVIEW_BUNDLE_20260823_204823_extracted/results/combo_validation_final6h_base.csv | пайплайн сокомандника/review_bundles/final6h_REVIEW_BUNDLE_20260823_204823_extracted/results/primitive_validation_final6h_base.csv | пайплайн сокомандника/review_bundles/final6h_REVIEW_BUNDLE_20260823_204823_extracted/results/STABLE_BRANCH_VALIDATION.csv | пайплайн сокомандника/review_bundles/fixedstack_combo10h_REVIEW_BUNDLE_20260823_054654_extracted/results/ALL_VALIDATION.csv | пайплайн сокомандника/review_bundles/fixedstack_combo10h_REVIEW_BUNDLE_20260823_054654_extracted/results/combo_validation_after_recent_hurdle_fast12.csv | пайплайн сокомандника/review_bundles/fixedstack_combo10h_REVIEW_BUNDLE_20260823_054654_extracted/results/combo_validation_after_recent_hurdle_stable18.csv | пайплайн сокомандника/review_bundles/fixedstack_combo10h_REVIEW_BUNDLE_20260823_054654_extracted/results/combo_validation_existing.csv | пайплайн сокомандника/review_bundles/fixedstack_combo10h_REVIEW_BUNDLE_20260823_054654_extracted/results/combo_validation_final.csv | пайплайн сокомандника/review_bundles/fixedstack_combo10h_REVIEW_BUNDLE_20260823_054654_extracted/results/combo_validation_final_reload.csv | пайплайн сокомандника/review_bundles/fixedstack_combo10h_REVIEW_BUNDLE_20260823_054654_extracted/results/primitive_validation_after_recent_hurdle_fast12.csv | пайплайн сокомандника/review_bundles/fixedstack_combo10h_REVIEW_BUNDLE_20260823_054654_extracted/results/primitive_validation_after_recent_hurdle_stable18.csv | пайплайн сокомандника/review_bundles/fixedstack_combo10h_REVIEW_BUNDLE_20260823_054654_extracted/results/primitive_validation_existing.csv | пайплайн сокомандника/review_bundles/fixedstack_combo10h_REVIEW_BUNDLE_20260823_054654_extracted/results/primitive_validation_final.csv | пайплайн сокомандника/review_bundles/fixedstack_combo10h_REVIEW_BUNDLE_20260823_054654_extracted/results/primitive_validation_final_reload.csv,external teammate review bundles,NOT_IN_GIT_HISTORY,пайплайн сокомандника/research_scripts/continue_fixedstack_combo_10h.py | пайплайн сокомандника/research_scripts/continue_best_bas_final6h.py | пайплайн сокомандника/research_scripts/materialize_final6h_extra90m.py | пайплайн сокомандника/research_scripts/run_best_bas_fixedstack_14h_v2.py,,"Ridge, two-part / hurdle",See preserved experiment card and implementation,Source: `пайплайн сокомандника/review_bundles/extra90_REVIEW_BUNDLE_20260823_222555_extracted/results/ALL_EXTRA90_VALIDATION.csv`,| wcv | 1.748266298902999 |,None documented,Seed from src/config.py unless the preserved card explicitly states otherwise,See preserved experiment card and frozen implementation,None documented,Competition train.parquet and sample_submit.csv; additional artifacts are listed in the card,PARTIAL: exact result rows and runner code survive; checkpoint bank and raw data are external,Recovered from 19 result-table row(s); no score or parameter was inferred.,README.md
teammate_candidate__ridge_drop_recent_dist_s075,teammate_candidate,ridge_drop_recent_dist_s075,Teammate candidate — ridge_drop_recent_dist_s075,completed teammate candidate/subrun,пайплайн сокомандника/review_bundles/extra90_REVIEW_BUNDLE_20260823_222555_extracted/results/ALL_EXTRA90_VALIDATION.csv | пайплайн сокомандника/review_bundles/extra90_REVIEW_BUNDLE_20260823_222555_extracted/results/combo_validation_extra90.csv | пайплайн сокомандника/review_bundles/extra90_REVIEW_BUNDLE_20260823_222555_extracted/results/primitive_validation_extra90.csv | пайплайн сокомандника/review_bundles/extra90_REVIEW_BUNDLE_20260823_222555_extracted/results/STABLE_BRANCH_VALIDATION.csv | пайплайн сокомандника/review_bundles/final6h_REVIEW_BUNDLE_20260823_204823_extracted/results/ALL_FINAL6H_VALIDATION.csv | пайплайн сокомандника/review_bundles/final6h_REVIEW_BUNDLE_20260823_204823_extracted/results/combo_validation_final6h_base.csv | пайплайн сокомандника/review_bundles/final6h_REVIEW_BUNDLE_20260823_204823_extracted/results/primitive_validation_final6h_base.csv | пайплайн сокомандника/review_bundles/final6h_REVIEW_BUNDLE_20260823_204823_extracted/results/STABLE_BRANCH_VALIDATION.csv | пайплайн сокомандника/review_bundles/fixedstack_combo10h_REVIEW_BUNDLE_20260823_054654_extracted/results/ALL_VALIDATION.csv | пайплайн сокомандника/review_bundles/fixedstack_combo10h_REVIEW_BUNDLE_20260823_054654_extracted/results/combo_validation_after_recent_hurdle_fast12.csv | пайплайн сокомандника/review_bundles/fixedstack_combo10h_REVIEW_BUNDLE_20260823_054654_extracted/results/combo_validation_after_recent_hurdle_stable18.csv | пайплайн сокомандника/review_bundles/fixedstack_combo10h_REVIEW_BUNDLE_20260823_054654_extracted/results/combo_validation_existing.csv | пайплайн сокомандника/review_bundles/fixedstack_combo10h_REVIEW_BUNDLE_20260823_054654_extracted/results/combo_validation_final.csv | пайплайн сокомандника/review_bundles/fixedstack_combo10h_REVIEW_BUNDLE_20260823_054654_extracted/results/combo_validation_final_reload.csv | пайплайн сокомандника/review_bundles/fixedstack_combo10h_REVIEW_BUNDLE_20260823_054654_extracted/results/primitive_validation_after_recent_hurdle_fast12.csv | пайплайн сокомандника/review_bundles/fixedstack_combo10h_REVIEW_BUNDLE_20260823_054654_extracted/results/primitive_validation_after_recent_hurdle_stable18.csv | пайплайн сокомандника/review_bundles/fixedstack_combo10h_REVIEW_BUNDLE_20260823_054654_extracted/results/primitive_validation_existing.csv | пайплайн сокомандника/review_bundles/fixedstack_combo10h_REVIEW_BUNDLE_20260823_054654_extracted/results/primitive_validation_final.csv | пайплайн сокомандника/review_bundles/fixedstack_combo10h_REVIEW_BUNDLE_20260823_054654_extracted/results/primitive_validation_final_reload.csv | пайплайн сокомандника/review_bundles/fixedstack_combo10h_REVIEW_BUNDLE_20260823_054654_extracted/results/SHORTLIST_VALIDATION.csv,external teammate review bundles,NOT_IN_GIT_HISTORY,пайплайн сокомандника/research_scripts/continue_fixedstack_combo_10h.py | пайплайн сокомандника/research_scripts/continue_best_bas_final6h.py | пайплайн сокомандника/research_scripts/materialize_final6h_extra90m.py | пайплайн сокомандника/research_scripts/run_best_bas_fixedstack_14h_v2.py,,"Ridge, two-part / hurdle",See preserved experiment card and implementation,Source: `пайплайн сокомандника/review_bundles/extra90_REVIEW_BUNDLE_20260823_222555_extracted/results/ALL_EXTRA90_VALIDATION.csv`,| wcv | 1.7482559921525223 |,None documented,Seed from src/config.py unless the preserved card explicitly states otherwise,See preserved experiment card and frozen implementation,None documented,Competition train.parquet and sample_submit.csv; additional artifacts are listed in the card,PARTIAL: exact result rows and runner code survive; checkpoint bank and raw data are external,Recovered from 20 result-table row(s); no score or parameter was inferred.,README.md
teammate_candidate__ridge_drop_recent_hurdle_fast12_s075,teammate_candidate,ridge_drop_recent_hurdle_fast12_s075,Teammate candidate — ridge_drop_recent_hurdle_fast12_s075,completed teammate candidate/subrun,пайплайн сокомандника/review_bundles/extra90_REVIEW_BUNDLE_20260823_222555_extracted/results/ALL_EXTRA90_VALIDATION.csv | пайплайн сокомандника/review_bundles/extra90_REVIEW_BUNDLE_20260823_222555_extracted/results/combo_validation_extra90.csv | пайплайн сокомандника/review_bundles/extra90_REVIEW_BUNDLE_20260823_222555_extracted/results/primitive_validation_extra90.csv | пайплайн сокомандника/review_bundles/extra90_REVIEW_BUNDLE_20260823_222555_extracted/results/STABLE_BRANCH_VALIDATION.csv | пайплайн сокомандника/review_bundles/final6h_REVIEW_BUNDLE_20260823_204823_extracted/results/ALL_FINAL6H_VALIDATION.csv | пайплайн сокомандника/review_bundles/final6h_REVIEW_BUNDLE_20260823_204823_extracted/results/combo_validation_final6h_base.csv | пайплайн сокомандника/review_bundles/final6h_REVIEW_BUNDLE_20260823_204823_extracted/results/primitive_validation_final6h_base.csv | пайплайн сокомандника/review_bundles/final6h_REVIEW_BUNDLE_20260823_204823_extracted/results/STABLE_BRANCH_VALIDATION.csv | пайплайн сокомандника/review_bundles/fixedstack_combo10h_REVIEW_BUNDLE_20260823_054654_extracted/results/ALL_VALIDATION.csv | пайплайн сокомандника/review_bundles/fixedstack_combo10h_REVIEW_BUNDLE_20260823_054654_extracted/results/combo_validation_after_recent_hurdle_fast12.csv | пайплайн сокомандника/review_bundles/fixedstack_combo10h_REVIEW_BUNDLE_20260823_054654_extracted/results/combo_validation_after_recent_hurdle_stable18.csv | пайплайн сокомандника/review_bundles/fixedstack_combo10h_REVIEW_BUNDLE_20260823_054654_extracted/results/combo_validation_final.csv | пайплайн сокомандника/review_bundles/fixedstack_combo10h_REVIEW_BUNDLE_20260823_054654_extracted/results/combo_validation_final_reload.csv | пайплайн сокомандника/review_bundles/fixedstack_combo10h_REVIEW_BUNDLE_20260823_054654_extracted/results/primitive_validation_after_recent_hurdle_fast12.csv | пайплайн сокомандника/review_bundles/fixedstack_combo10h_REVIEW_BUNDLE_20260823_054654_extracted/results/primitive_validation_after_recent_hurdle_stable18.csv | пайплайн сокомандника/review_bundles/fixedstack_combo10h_REVIEW_BUNDLE_20260823_054654_extracted/results/primitive_validation_final.csv | пайплайн сокомандника/review_bundles/fixedstack_combo10h_REVIEW_BUNDLE_20260823_054654_extracted/results/primitive_validation_final_reload.csv,external teammate review bundles,NOT_IN_GIT_HISTORY,пайплайн сокомандника/research_scripts/continue_fixedstack_combo_10h.py | пайплайн сокомандника/research_scripts/continue_best_bas_final6h.py | пайплайн сокомандника/research_scripts/materialize_final6h_extra90m.py | пайплайн сокомандника/research_scripts/run_best_bas_fixedstack_14h_v2.py,,"Ridge, two-part / hurdle",227 tabular features,Source: `пайплайн сокомандника/review_bundles/extra90_REVIEW_BUNDLE_20260823_222555_extracted/results/ALL_EXTRA90_VALIDATION.csv`,| wcv | 1.7483107325233276 |,None documented,Seed from src/config.py unless the preserved card explicitly states otherwise,See preserved experiment card and frozen implementation,None documented,Competition train.parquet and sample_submit.csv; additional artifacts are listed in the card,PARTIAL: exact result rows and runner code survive; checkpoint bank and raw data are external,Recovered from 17 result-table row(s); no score or parameter was inferred.,README.md
teammate_candidate__ridge_drop_recent_hurdle_stable18_s075,teammate_candidate,ridge_drop_recent_hurdle_stable18_s075,Teammate candidate — ridge_drop_recent_hurdle_stable18_s075,completed teammate candidate/subrun,пайплайн сокомандника/review_bundles/extra90_REVIEW_BUNDLE_20260823_222555_extracted/results/ALL_EXTRA90_VALIDATION.csv | пайплайн сокомандника/review_bundles/extra90_REVIEW_BUNDLE_20260823_222555_extracted/results/combo_validation_extra90.csv | пайплайн сокомандника/review_bundles/extra90_REVIEW_BUNDLE_20260823_222555_extracted/results/primitive_validation_extra90.csv | пайплайн сокомандника/review_bundles/extra90_REVIEW_BUNDLE_20260823_222555_extracted/results/STABLE_BRANCH_VALIDATION.csv | пайплайн сокомандника/review_bundles/final6h_REVIEW_BUNDLE_20260823_204823_extracted/results/ALL_FINAL6H_VALIDATION.csv | пайплайн сокомандника/review_bundles/final6h_REVIEW_BUNDLE_20260823_204823_extracted/results/combo_validation_final6h_base.csv | пайплайн сокомандника/review_bundles/final6h_REVIEW_BUNDLE_20260823_204823_extracted/results/primitive_validation_final6h_base.csv | пайплайн сокомандника/review_bundles/final6h_REVIEW_BUNDLE_20260823_204823_extracted/results/STABLE_BRANCH_VALIDATION.csv | пайплайн сокомандника/review_bundles/fixedstack_combo10h_REVIEW_BUNDLE_20260823_054654_extracted/results/ALL_VALIDATION.csv | пайплайн сокомандника/review_bundles/fixedstack_combo10h_REVIEW_BUNDLE_20260823_054654_extracted/results/combo_validation_after_recent_hurdle_stable18.csv | пайплайн сокомандника/review_bundles/fixedstack_combo10h_REVIEW_BUNDLE_20260823_054654_extracted/results/combo_validation_final.csv | пайплайн сокомандника/review_bundles/fixedstack_combo10h_REVIEW_BUNDLE_20260823_054654_extracted/results/combo_validation_final_reload.csv | пайплайн сокомандника/review_bundles/fixedstack_combo10h_REVIEW_BUNDLE_20260823_054654_extracted/results/FINAL_CANDIDATE_METRICS.csv | пайплайн сокомандника/review_bundles/fixedstack_combo10h_REVIEW_BUNDLE_20260823_054654_extracted/results/FINAL_SELECTION.csv | пайплайн сокомандника/review_bundles/fixedstack_combo10h_REVIEW_BUNDLE_20260823_054654_extracted/results/primitive_validation_after_recent_hurdle_stable18.csv | пайплайн сокомандника/review_bundles/fixedstack_combo10h_REVIEW_BUNDLE_20260823_054654_extracted/results/primitive_validation_final.csv | пайплайн сокомандника/review_bundles/fixedstack_combo10h_REVIEW_BUNDLE_20260823_054654_extracted/results/primitive_validation_final_reload.csv | пайплайн сокомандника/review_bundles/fixedstack_combo10h_REVIEW_BUNDLE_20260823_054654_extracted/results/SHORTLIST_VALIDATION.csv,external teammate review bundles,NOT_IN_GIT_HISTORY,пайплайн сокомандника/research_scripts/continue_fixedstack_combo_10h.py | пайплайн сокомандника/research_scripts/continue_best_bas_final6h.py | пайплайн сокомандника/research_scripts/materialize_final6h_extra90m.py | пайплайн сокомандника/research_scripts/run_best_bas_fixedstack_14h_v2.py,,"Ridge, two-part / hurdle",See preserved experiment card and implementation,Source: `пайплайн сокомандника/review_bundles/extra90_REVIEW_BUNDLE_20260823_222555_extracted/results/ALL_EXTRA90_VALIDATION.csv`,| wcv | 1.7482567583377555 |,| file | C:\Users\Dimentiy\repoVScode\Ozon-ecup\src\DL\best_bas\_best_bas_combo_10h\submissions\submission_combo10h_candidate_1_ridge_drop_recent_hurdle_stable18_s075.csv |,Seed from src/config.py unless the preserved card explicitly states otherwise,See preserved experiment card and frozen implementation,None documented,Competition train.parquet and sample_submit.csv; additional artifacts are listed in the card,PARTIAL: exact result rows and runner code survive; checkpoint bank and raw data are external,Recovered from 18 result-table row(s); no score or parameter was inferred.,README.md
teammate_candidate__ridge_drop_recent_hurdle_stable18_s075_slotbeta750,teammate_candidate,ridge_drop_recent_hurdle_stable18_s075__slotbeta750,Teammate candidate — ridge_drop_recent_hurdle_stable18_s075__slotbeta750,completed teammate candidate/subrun,пайплайн сокомандника/review_bundles/fixedstack_combo10h_REVIEW_BUNDLE_20260823_054654_extracted/results/FINAL_CANDIDATE_METRICS.csv,external teammate review bundles,NOT_IN_GIT_HISTORY,пайплайн сокомандника/research_scripts/continue_fixedstack_combo_10h.py | пайплайн сокомандника/research_scripts/continue_best_bas_final6h.py | пайплайн сокомандника/research_scripts/materialize_final6h_extra90m.py | пайплайн сокомандника/research_scripts/run_best_bas_fixedstack_14h_v2.py,,"Ridge, two-part / hurdle",See preserved experiment card and implementation,| wcv | 1.7483859421644192 |,| wcv | 1.7483859421644192 |,None documented,Seed from src/config.py unless the preserved card explicitly states otherwise,See preserved experiment card and frozen implementation,None documented,Competition train.parquet and sample_submit.csv; additional artifacts are listed in the card,PARTIAL: exact result rows and runner code survive; checkpoint bank and raw data are external,Recovered from 1 result-table row(s); no score or parameter was inferred.,README.md
teammate_candidate__ridge_drop_recent_hurdle_stable18_s075_slotbeta875,teammate_candidate,ridge_drop_recent_hurdle_stable18_s075__slotbeta875,Teammate candidate — ridge_drop_recent_hurdle_stable18_s075__slotbeta875,completed teammate candidate/subrun,пайплайн сокомандника/review_bundles/fixedstack_combo10h_REVIEW_BUNDLE_20260823_054654_extracted/results/FINAL_CANDIDATE_METRICS.csv | пайплайн сокомандника/review_bundles/fixedstack_combo10h_REVIEW_BUNDLE_20260823_054654_extracted/results/FINAL_SELECTION.csv,external teammate review bundles,NOT_IN_GIT_HISTORY,пайплайн сокомандника/research_scripts/continue_fixedstack_combo_10h.py | пайплайн сокомандника/research_scripts/continue_best_bas_final6h.py | пайплайн сокомандника/research_scripts/materialize_final6h_extra90m.py | пайплайн сокомандника/research_scripts/run_best_bas_fixedstack_14h_v2.py,,"Ridge, two-part / hurdle",227 tabular features,| wcv | 1.7482998991040963 |,| wcv | 1.7482998991040963 |,| file | C:\Users\Dimentiy\repoVScode\Ozon-ecup\src\DL\best_bas\_best_bas_combo_10h\submissions\submission_combo10h_candidate_3_ridge_drop_recent_hurdle_stable18_s075__slotbeta875.csv |,Seed from src/config.py unless the preserved card explicitly states otherwise,See preserved experiment card and frozen implementation,None documented,Competition train.parquet and sample_submit.csv; additional artifacts are listed in the card,PARTIAL: exact result rows and runner code survive; checkpoint bank and raw data are external,Recovered from 2 result-table row(s); no score or parameter was inferred.,README.md
teammate_candidate__ridge_predonly_finalizable,teammate_candidate,ridge_predonly_finalizable,Teammate candidate — ridge_predonly_finalizable,completed teammate candidate/subrun,пайплайн сокомандника/review_bundles/extra90_REVIEW_BUNDLE_20260823_222555_extracted/results/ALL_EXTRA90_VALIDATION.csv | пайплайн сокомандника/review_bundles/extra90_REVIEW_BUNDLE_20260823_222555_extracted/results/combo_validation_extra90.csv | пайплайн сокомандника/review_bundles/extra90_REVIEW_BUNDLE_20260823_222555_extracted/results/primitive_validation_extra90.csv | пайплайн сокомандника/review_bundles/extra90_REVIEW_BUNDLE_20260823_222555_extracted/results/STABLE_BRANCH_VALIDATION.csv | пайплайн сокомандника/review_bundles/final6h_REVIEW_BUNDLE_20260823_204823_extracted/results/ALL_FINAL6H_VALIDATION.csv | пайплайн сокомандника/review_bundles/final6h_REVIEW_BUNDLE_20260823_204823_extracted/results/combo_validation_final6h_base.csv | пайплайн сокомандника/review_bundles/final6h_REVIEW_BUNDLE_20260823_204823_extracted/results/FAMILY_BEST.csv | пайплайн сокомандника/review_bundles/final6h_REVIEW_BUNDLE_20260823_204823_extracted/results/primitive_validation_final6h_base.csv | пайплайн сокомандника/review_bundles/final6h_REVIEW_BUNDLE_20260823_204823_extracted/results/STABLE_BRANCH_VALIDATION.csv | пайплайн сокомандника/review_bundles/fixedstack_combo10h_REVIEW_BUNDLE_20260823_054654_extracted/results/ALL_VALIDATION.csv | пайплайн сокомандника/review_bundles/fixedstack_combo10h_REVIEW_BUNDLE_20260823_054654_extracted/results/combo_validation_after_recent_hurdle_fast12.csv | пайплайн сокомандника/review_bundles/fixedstack_combo10h_REVIEW_BUNDLE_20260823_054654_extracted/results/combo_validation_after_recent_hurdle_stable18.csv | пайплайн сокомандника/review_bundles/fixedstack_combo10h_REVIEW_BUNDLE_20260823_054654_extracted/results/combo_validation_existing.csv | пайплайн сокомандника/review_bundles/fixedstack_combo10h_REVIEW_BUNDLE_20260823_054654_extracted/results/combo_validation_final.csv | пайплайн сокомандника/review_bundles/fixedstack_combo10h_REVIEW_BUNDLE_20260823_054654_extracted/results/combo_validation_final_reload.csv | пайплайн сокомандника/review_bundles/fixedstack_combo10h_REVIEW_BUNDLE_20260823_054654_extracted/results/primitive_validation_after_recent_hurdle_fast12.csv | пайплайн сокомандника/review_bundles/fixedstack_combo10h_REVIEW_BUNDLE_20260823_054654_extracted/results/primitive_validation_after_recent_hurdle_stable18.csv | пайплайн сокомандника/review_bundles/fixedstack_combo10h_REVIEW_BUNDLE_20260823_054654_extracted/results/primitive_validation_existing.csv | пайплайн сокомандника/review_bundles/fixedstack_combo10h_REVIEW_BUNDLE_20260823_054654_extracted/results/primitive_validation_final.csv | пайплайн сокомандника/review_bundles/fixedstack_combo10h_REVIEW_BUNDLE_20260823_054654_extracted/results/primitive_validation_final_reload.csv,external teammate review bundles,NOT_IN_GIT_HISTORY,пайплайн сокомандника/research_scripts/continue_fixedstack_combo_10h.py | пайплайн сокомандника/research_scripts/continue_best_bas_final6h.py | пайплайн сокомандника/research_scripts/materialize_final6h_extra90m.py | пайплайн сокомандника/research_scripts/run_best_bas_fixedstack_14h_v2.py,,"Ridge, two-part / hurdle",See preserved experiment card and implementation,Source: `пайплайн сокомандника/review_bundles/extra90_REVIEW_BUNDLE_20260823_222555_extracted/results/ALL_EXTRA90_VALIDATION.csv`,| wcv | 1.748685133520886 |,None documented,Seed from src/config.py unless the preserved card explicitly states otherwise,See preserved experiment card and frozen implementation,None documented,Competition train.parquet and sample_submit.csv; additional artifacts are listed in the card,PARTIAL: exact result rows and runner code survive; checkpoint bank and raw data are external,Recovered from 20 result-table row(s); no score or parameter was inferred.,README.md
teammate_candidate__ridge_recent2_s075,teammate_candidate,ridge_recent2_s075,Teammate candidate — ridge_recent2_s075,completed teammate candidate/subrun,пайплайн сокомандника/review_bundles/extra90_REVIEW_BUNDLE_20260823_222555_extracted/results/ALL_EXTRA90_VALIDATION.csv | пайплайн сокомандника/review_bundles/extra90_REVIEW_BUNDLE_20260823_222555_extracted/results/combo_validation_extra90.csv | пайплайн сокомандника/review_bundles/extra90_REVIEW_BUNDLE_20260823_222555_extracted/results/primitive_validation_extra90.csv | пайплайн сокомандника/review_bundles/extra90_REVIEW_BUNDLE_20260823_222555_extracted/results/STABLE_BRANCH_VALIDATION.csv | пайплайн сокомандника/review_bundles/final6h_REVIEW_BUNDLE_20260823_204823_extracted/results/ALL_FINAL6H_VALIDATION.csv | пайплайн сокомандника/review_bundles/final6h_REVIEW_BUNDLE_20260823_204823_extracted/results/combo_validation_final6h_base.csv | пайплайн сокомандника/review_bundles/final6h_REVIEW_BUNDLE_20260823_204823_extracted/results/primitive_validation_final6h_base.csv | пайплайн сокомандника/review_bundles/final6h_REVIEW_BUNDLE_20260823_204823_extracted/results/STABLE_BRANCH_VALIDATION.csv | пайплайн сокомандника/review_bundles/fixedstack_combo10h_REVIEW_BUNDLE_20260823_054654_extracted/results/ALL_VALIDATION.csv | пайплайн сокомандника/review_bundles/fixedstack_combo10h_REVIEW_BUNDLE_20260823_054654_extracted/results/combo_validation_after_recent_hurdle_fast12.csv | пайплайн сокомандника/review_bundles/fixedstack_combo10h_REVIEW_BUNDLE_20260823_054654_extracted/results/combo_validation_after_recent_hurdle_stable18.csv | пайплайн сокомандника/review_bundles/fixedstack_combo10h_REVIEW_BUNDLE_20260823_054654_extracted/results/combo_validation_existing.csv | пайплайн сокомандника/review_bundles/fixedstack_combo10h_REVIEW_BUNDLE_20260823_054654_extracted/results/combo_validation_final.csv | пайплайн сокомандника/review_bundles/fixedstack_combo10h_REVIEW_BUNDLE_20260823_054654_extracted/results/combo_validation_final_reload.csv | пайплайн сокомандника/review_bundles/fixedstack_combo10h_REVIEW_BUNDLE_20260823_054654_extracted/results/primitive_validation_after_recent_hurdle_fast12.csv | пайплайн сокомандника/review_bundles/fixedstack_combo10h_REVIEW_BUNDLE_20260823_054654_extracted/results/primitive_validation_after_recent_hurdle_stable18.csv | пайплайн сокомандника/review_bundles/fixedstack_combo10h_REVIEW_BUNDLE_20260823_054654_extracted/results/primitive_validation_existing.csv | пайплайн сокомандника/review_bundles/fixedstack_combo10h_REVIEW_BUNDLE_20260823_054654_extracted/results/primitive_validation_final.csv | пайплайн сокомандника/review_bundles/fixedstack_combo10h_REVIEW_BUNDLE_20260823_054654_extracted/results/primitive_validation_final_reload.csv | пайплайн сокомандника/review_bundles/fixedstack_combo10h_REVIEW_BUNDLE_20260823_054654_extracted/results/SHORTLIST_VALIDATION.csv,external teammate review bundles,NOT_IN_GIT_HISTORY,пайплайн сокомандника/research_scripts/continue_fixedstack_combo_10h.py | пайплайн сокомандника/research_scripts/continue_best_bas_final6h.py | пайплайн сокомандника/research_scripts/materialize_final6h_extra90m.py | пайплайн сокомандника/research_scripts/run_best_bas_fixedstack_14h_v2.py,,"Ridge, two-part / hurdle",See preserved experiment card and implementation,Source: `пайплайн сокомандника/review_bundles/extra90_REVIEW_BUNDLE_20260823_222555_extracted/results/ALL_EXTRA90_VALIDATION.csv`,| wcv | 1.7482091449420565 |,None documented,Seed from src/config.py unless the preserved card explicitly states otherwise,See preserved experiment card and frozen implementation,None documented,Competition train.parquet and sample_submit.csv; additional artifacts are listed in the card,PARTIAL: exact result rows and runner code survive; checkpoint bank and raw data are external,Recovered from 20 result-table row(s); no score or parameter was inferred.,README.md
teammate_candidate__ridge_recentpow1p35_s075,teammate_candidate,ridge_recentpow1p35_s075,Teammate candidate — ridge_recentpow1p35_s075,completed teammate candidate/subrun,пайплайн сокомандника/review_bundles/extra90_REVIEW_BUNDLE_20260823_222555_extracted/results/ALL_EXTRA90_VALIDATION.csv | пайплайн сокомандника/review_bundles/extra90_REVIEW_BUNDLE_20260823_222555_extracted/results/combo_validation_extra90.csv | пайплайн сокомандника/review_bundles/extra90_REVIEW_BUNDLE_20260823_222555_extracted/results/primitive_validation_extra90.csv | пайплайн сокомандника/review_bundles/extra90_REVIEW_BUNDLE_20260823_222555_extracted/results/STABLE_BRANCH_VALIDATION.csv | пайплайн сокомандника/review_bundles/final6h_REVIEW_BUNDLE_20260823_204823_extracted/results/ALL_FINAL6H_VALIDATION.csv | пайплайн сокомандника/review_bundles/final6h_REVIEW_BUNDLE_20260823_204823_extracted/results/combo_validation_final6h_base.csv | пайплайн сокомандника/review_bundles/final6h_REVIEW_BUNDLE_20260823_204823_extracted/results/primitive_validation_final6h_base.csv | пайплайн сокомандника/review_bundles/final6h_REVIEW_BUNDLE_20260823_204823_extracted/results/STABLE_BRANCH_VALIDATION.csv | пайплайн сокомандника/review_bundles/fixedstack_combo10h_REVIEW_BUNDLE_20260823_054654_extracted/results/ALL_VALIDATION.csv | пайплайн сокомандника/review_bundles/fixedstack_combo10h_REVIEW_BUNDLE_20260823_054654_extracted/results/combo_validation_after_recent_hurdle_fast12.csv | пайплайн сокомандника/review_bundles/fixedstack_combo10h_REVIEW_BUNDLE_20260823_054654_extracted/results/combo_validation_after_recent_hurdle_stable18.csv | пайплайн сокомандника/review_bundles/fixedstack_combo10h_REVIEW_BUNDLE_20260823_054654_extracted/results/combo_validation_existing.csv | пайплайн сокомандника/review_bundles/fixedstack_combo10h_REVIEW_BUNDLE_20260823_054654_extracted/results/combo_validation_final.csv | пайплайн сокомандника/review_bundles/fixedstack_combo10h_REVIEW_BUNDLE_20260823_054654_extracted/results/combo_validation_final_reload.csv | пайплайн сокомандника/review_bundles/fixedstack_combo10h_REVIEW_BUNDLE_20260823_054654_extracted/results/primitive_validation_after_recent_hurdle_fast12.csv | пайплайн сокомандника/review_bundles/fixedstack_combo10h_REVIEW_BUNDLE_20260823_054654_extracted/results/primitive_validation_after_recent_hurdle_stable18.csv | пайплайн сокомандника/review_bundles/fixedstack_combo10h_REVIEW_BUNDLE_20260823_054654_extracted/results/primitive_validation_existing.csv | пайплайн сокомандника/review_bundles/fixedstack_combo10h_REVIEW_BUNDLE_20260823_054654_extracted/results/primitive_validation_final.csv | пайплайн сокомандника/review_bundles/fixedstack_combo10h_REVIEW_BUNDLE_20260823_054654_extracted/results/primitive_validation_final_reload.csv | пайплайн сокомандника/review_bundles/fixedstack_combo10h_REVIEW_BUNDLE_20260823_054654_extracted/results/SHORTLIST_VALIDATION.csv,external teammate review bundles,NOT_IN_GIT_HISTORY,пайплайн сокомандника/research_scripts/continue_fixedstack_combo_10h.py | пайплайн сокомандника/research_scripts/continue_best_bas_final6h.py | пайплайн сокомандника/research_scripts/materialize_final6h_extra90m.py | пайплайн сокомандника/research_scripts/run_best_bas_fixedstack_14h_v2.py,,"Ridge, two-part / hurdle",See preserved experiment card and implementation,Source: `пайплайн сокомандника/review_bundles/extra90_REVIEW_BUNDLE_20260823_222555_extracted/results/ALL_EXTRA90_VALIDATION.csv`,| wcv | 1.748219012732546 |,None documented,Seed from src/config.py unless the preserved card explicitly states otherwise,See preserved experiment card and frozen implementation,None documented,Competition train.parquet and sample_submit.csv; additional artifacts are listed in the card,PARTIAL: exact result rows and runner code survive; checkpoint bank and raw data are external,Recovered from 20 result-table row(s); no score or parameter was inferred.,README.md
teammate_candidate__ridge_recentpow1p7_s075,teammate_candidate,ridge_recentpow1p7_s075,Teammate candidate — ridge_recentpow1p7_s075,completed teammate candidate/subrun,пайплайн сокомандника/review_bundles/extra90_REVIEW_BUNDLE_20260823_222555_extracted/results/ALL_EXTRA90_VALIDATION.csv | пайплайн сокомандника/review_bundles/extra90_REVIEW_BUNDLE_20260823_222555_extracted/results/combo_validation_extra90.csv | пайплайн сокомандника/review_bundles/extra90_REVIEW_BUNDLE_20260823_222555_extracted/results/primitive_validation_extra90.csv | пайплайн сокомандника/review_bundles/extra90_REVIEW_BUNDLE_20260823_222555_extracted/results/STABLE_BRANCH_VALIDATION.csv | пайплайн сокомандника/review_bundles/final6h_REVIEW_BUNDLE_20260823_204823_extracted/results/ALL_FINAL6H_VALIDATION.csv | пайплайн сокомандника/review_bundles/final6h_REVIEW_BUNDLE_20260823_204823_extracted/results/combo_validation_final6h_base.csv | пайплайн сокомандника/review_bundles/final6h_REVIEW_BUNDLE_20260823_204823_extracted/results/FAMILY_BEST.csv | пайплайн сокомандника/review_bundles/final6h_REVIEW_BUNDLE_20260823_204823_extracted/results/primitive_validation_final6h_base.csv | пайплайн сокомандника/review_bundles/final6h_REVIEW_BUNDLE_20260823_204823_extracted/results/STABLE_BRANCH_VALIDATION.csv | пайплайн сокомандника/review_bundles/fixedstack_combo10h_REVIEW_BUNDLE_20260823_054654_extracted/results/ALL_VALIDATION.csv | пайплайн сокомандника/review_bundles/fixedstack_combo10h_REVIEW_BUNDLE_20260823_054654_extracted/results/combo_validation_after_recent_hurdle_fast12.csv | пайплайн сокомандника/review_bundles/fixedstack_combo10h_REVIEW_BUNDLE_20260823_054654_extracted/results/combo_validation_after_recent_hurdle_stable18.csv | пайплайн сокомандника/review_bundles/fixedstack_combo10h_REVIEW_BUNDLE_20260823_054654_extracted/results/combo_validation_existing.csv | пайплайн сокомандника/review_bundles/fixedstack_combo10h_REVIEW_BUNDLE_20260823_054654_extracted/results/combo_validation_final.csv | пайплайн сокомандника/review_bundles/fixedstack_combo10h_REVIEW_BUNDLE_20260823_054654_extracted/results/combo_validation_final_reload.csv | пайплайн сокомандника/review_bundles/fixedstack_combo10h_REVIEW_BUNDLE_20260823_054654_extracted/results/primitive_validation_after_recent_hurdle_fast12.csv | пайплайн сокомандника/review_bundles/fixedstack_combo10h_REVIEW_BUNDLE_20260823_054654_extracted/results/primitive_validation_after_recent_hurdle_stable18.csv | пайплайн сокомандника/review_bundles/fixedstack_combo10h_REVIEW_BUNDLE_20260823_054654_extracted/results/primitive_validation_existing.csv | пайплайн сокомандника/review_bundles/fixedstack_combo10h_REVIEW_BUNDLE_20260823_054654_extracted/results/primitive_validation_final.csv | пайплайн сокомандника/review_bundles/fixedstack_combo10h_REVIEW_BUNDLE_20260823_054654_extracted/results/primitive_validation_final_reload.csv | пайплайн сокомандника/review_bundles/fixedstack_combo10h_REVIEW_BUNDLE_20260823_054654_extracted/results/SHORTLIST_VALIDATION.csv,external teammate review bundles,NOT_IN_GIT_HISTORY,пайплайн сокомандника/research_scripts/continue_fixedstack_combo_10h.py | пайплайн сокомандника/research_scripts/continue_best_bas_final6h.py | пайплайн сокомандника/research_scripts/materialize_final6h_extra90m.py | пайплайн сокомандника/research_scripts/run_best_bas_fixedstack_14h_v2.py,,"Ridge, two-part / hurdle",227 tabular features,Source: `пайплайн сокомандника/review_bundles/extra90_REVIEW_BUNDLE_20260823_222555_extracted/results/ALL_EXTRA90_VALIDATION.csv`,| wcv | 1.748193216058904 |,None documented,Seed from src/config.py unless the preserved card explicitly states otherwise,See preserved experiment card and frozen implementation,None documented,Competition train.parquet and sample_submit.csv; additional artifacts are listed in the card,PARTIAL: exact result rows and runner code survive; checkpoint bank and raw data are external,Recovered from 21 result-table row(s); no score or parameter was inferred.,README.md
teammate_candidate__simplex_finalizable,teammate_candidate,simplex_finalizable,Teammate candidate — simplex_finalizable,completed teammate candidate/subrun,пайплайн сокомандника/review_bundles/extra90_REVIEW_BUNDLE_20260823_222555_extracted/results/ALL_EXTRA90_VALIDATION.csv | пайплайн сокомандника/review_bundles/extra90_REVIEW_BUNDLE_20260823_222555_extracted/results/combo_validation_extra90.csv | пайплайн сокомандника/review_bundles/extra90_REVIEW_BUNDLE_20260823_222555_extracted/results/primitive_validation_extra90.csv | пайплайн сокомандника/review_bundles/extra90_REVIEW_BUNDLE_20260823_222555_extracted/results/STABLE_BRANCH_VALIDATION.csv | пайплайн сокомандника/review_bundles/final6h_REVIEW_BUNDLE_20260823_204823_extracted/results/ALL_FINAL6H_VALIDATION.csv | пайплайн сокомандника/review_bundles/final6h_REVIEW_BUNDLE_20260823_204823_extracted/results/combo_validation_final6h_base.csv | пайплайн сокомандника/review_bundles/final6h_REVIEW_BUNDLE_20260823_204823_extracted/results/FAMILY_BEST.csv | пайплайн сокомандника/review_bundles/final6h_REVIEW_BUNDLE_20260823_204823_extracted/results/primitive_validation_final6h_base.csv | пайплайн сокомандника/review_bundles/final6h_REVIEW_BUNDLE_20260823_204823_extracted/results/STABLE_BRANCH_VALIDATION.csv | пайплайн сокомандника/review_bundles/fixedstack_combo10h_REVIEW_BUNDLE_20260823_054654_extracted/results/ALL_VALIDATION.csv | пайплайн сокомандника/review_bundles/fixedstack_combo10h_REVIEW_BUNDLE_20260823_054654_extracted/results/combo_validation_after_recent_hurdle_fast12.csv | пайплайн сокомандника/review_bundles/fixedstack_combo10h_REVIEW_BUNDLE_20260823_054654_extracted/results/combo_validation_after_recent_hurdle_stable18.csv | пайплайн сокомандника/review_bundles/fixedstack_combo10h_REVIEW_BUNDLE_20260823_054654_extracted/results/combo_validation_existing.csv | пайплайн сокомандника/review_bundles/fixedstack_combo10h_REVIEW_BUNDLE_20260823_054654_extracted/results/combo_validation_final.csv | пайплайн сокомандника/review_bundles/fixedstack_combo10h_REVIEW_BUNDLE_20260823_054654_extracted/results/combo_validation_final_reload.csv | пайплайн сокомандника/review_bundles/fixedstack_combo10h_REVIEW_BUNDLE_20260823_054654_extracted/results/primitive_validation_after_recent_hurdle_fast12.csv | пайплайн сокомандника/review_bundles/fixedstack_combo10h_REVIEW_BUNDLE_20260823_054654_extracted/results/primitive_validation_after_recent_hurdle_stable18.csv | пайплайн сокомандника/review_bundles/fixedstack_combo10h_REVIEW_BUNDLE_20260823_054654_extracted/results/primitive_validation_existing.csv | пайплайн сокомандника/review_bundles/fixedstack_combo10h_REVIEW_BUNDLE_20260823_054654_extracted/results/primitive_validation_final.csv | пайплайн сокомандника/review_bundles/fixedstack_combo10h_REVIEW_BUNDLE_20260823_054654_extracted/results/primitive_validation_final_reload.csv,external teammate review bundles,NOT_IN_GIT_HISTORY,пайплайн сокомандника/research_scripts/continue_fixedstack_combo_10h.py | пайплайн сокомандника/research_scripts/continue_best_bas_final6h.py | пайплайн сокомандника/research_scripts/materialize_final6h_extra90m.py | пайплайн сокомандника/research_scripts/run_best_bas_fixedstack_14h_v2.py,,two-part / hurdle,See preserved experiment card and implementation,Source: `пайплайн сокомандника/review_bundles/extra90_REVIEW_BUNDLE_20260823_222555_extracted/results/ALL_EXTRA90_VALIDATION.csv`,| wcv | 1.7492291208928425 |,None documented,Seed from src/config.py unless the preserved card explicitly states otherwise,See preserved experiment card and frozen implementation,None documented,Competition train.parquet and sample_submit.csv; additional artifacts are listed in the card,PARTIAL: exact result rows and runner code survive; checkpoint bank and raw data are external,Recovered from 20 result-table row(s); no score or parameter was inferred.,README.md
teammate_candidate__super_pband_l0p06,teammate_candidate,super_pband_l0p06,Teammate candidate — super_pband_l0p06,completed teammate candidate/subrun,пайплайн сокомандника/review_bundles/extra90_REVIEW_BUNDLE_20260823_222555_extracted/results/ALL_EXTRA90_VALIDATION.csv | пайплайн сокомандника/review_bundles/extra90_REVIEW_BUNDLE_20260823_222555_extracted/results/STABLE_BRANCH_VALIDATION.csv | пайплайн сокомандника/review_bundles/final6h_REVIEW_BUNDLE_20260823_204823_extracted/results/ALL_FINAL6H_VALIDATION.csv | пайплайн сокомандника/review_bundles/final6h_REVIEW_BUNDLE_20260823_204823_extracted/results/FAMILY_BEST.csv | пайплайн сокомандника/review_bundles/final6h_REVIEW_BUNDLE_20260823_204823_extracted/results/STABLE_BRANCH_VALIDATION.csv,external teammate review bundles,NOT_IN_GIT_HISTORY,пайплайн сокомандника/research_scripts/continue_fixedstack_combo_10h.py | пайплайн сокомандника/research_scripts/continue_best_bas_final6h.py | пайплайн сокомандника/research_scripts/materialize_final6h_extra90m.py | пайплайн сокомандника/research_scripts/run_best_bas_fixedstack_14h_v2.py,,Unknown / not recoverable from repository history,227 tabular features,Source: `пайплайн сокомандника/review_bundles/extra90_REVIEW_BUNDLE_20260823_222555_extracted/results/ALL_EXTRA90_VALIDATION.csv`,| wcv | 1.7481534036791198 |,None documented,Seed from src/config.py unless the preserved card explicitly states otherwise,See preserved experiment card and frozen implementation,None documented,Competition train.parquet and sample_submit.csv; additional artifacts are listed in the card,PARTIAL: exact result rows and runner code survive; checkpoint bank and raw data are external,Recovered from 5 result-table row(s); no score or parameter was inferred.,README.md
teammate_candidate__super_pband_l0p14,teammate_candidate,super_pband_l0p14,Teammate candidate — super_pband_l0p14,completed teammate candidate/subrun,пайплайн сокомандника/review_bundles/extra90_REVIEW_BUNDLE_20260823_222555_extracted/results/ALL_EXTRA90_VALIDATION.csv | пайплайн сокомандника/review_bundles/extra90_REVIEW_BUNDLE_20260823_222555_extracted/results/STABLE_BRANCH_VALIDATION.csv | пайплайн сокомандника/review_bundles/final6h_REVIEW_BUNDLE_20260823_204823_extracted/results/ALL_FINAL6H_VALIDATION.csv | пайплайн сокомандника/review_bundles/final6h_REVIEW_BUNDLE_20260823_204823_extracted/results/STABLE_BRANCH_VALIDATION.csv,external teammate review bundles,NOT_IN_GIT_HISTORY,пайплайн сокомандника/research_scripts/continue_fixedstack_combo_10h.py | пайплайн сокомандника/research_scripts/continue_best_bas_final6h.py | пайплайн сокомандника/research_scripts/materialize_final6h_extra90m.py | пайплайн сокомандника/research_scripts/run_best_bas_fixedstack_14h_v2.py,,Unknown / not recoverable from repository history,See preserved experiment card and implementation,Source: `пайплайн сокомандника/review_bundles/extra90_REVIEW_BUNDLE_20260823_222555_extracted/results/ALL_EXTRA90_VALIDATION.csv`,| wcv | 1.7481536004325886 |,None documented,Seed from src/config.py unless the preserved card explicitly states otherwise,See preserved experiment card and frozen implementation,None documented,Competition train.parquet and sample_submit.csv; additional artifacts are listed in the card,PARTIAL: exact result rows and runner code survive; checkpoint bank and raw data are external,Recovered from 4 result-table row(s); no score or parameter was inferred.,README.md
teammate_candidate__super_pband_l0p28,teammate_candidate,super_pband_l0p28,Teammate candidate — super_pband_l0p28,completed teammate candidate/subrun,пайплайн сокомандника/review_bundles/extra90_REVIEW_BUNDLE_20260823_222555_extracted/results/ALL_EXTRA90_VALIDATION.csv | пайплайн сокомандника/review_bundles/extra90_REVIEW_BUNDLE_20260823_222555_extracted/results/STABLE_BRANCH_VALIDATION.csv | пайплайн сокомандника/review_bundles/final6h_REVIEW_BUNDLE_20260823_204823_extracted/results/ALL_FINAL6H_VALIDATION.csv | пайплайн сокомандника/review_bundles/final6h_REVIEW_BUNDLE_20260823_204823_extracted/results/STABLE_BRANCH_VALIDATION.csv,external teammate review bundles,NOT_IN_GIT_HISTORY,пайплайн сокомандника/research_scripts/continue_fixedstack_combo_10h.py | пайплайн сокомандника/research_scripts/continue_best_bas_final6h.py | пайплайн сокомандника/research_scripts/materialize_final6h_extra90m.py | пайплайн сокомандника/research_scripts/run_best_bas_fixedstack_14h_v2.py,,Unknown / not recoverable from repository history,See preserved experiment card and implementation,Source: `пайплайн сокомандника/review_bundles/extra90_REVIEW_BUNDLE_20260823_222555_extracted/results/ALL_EXTRA90_VALIDATION.csv`,| wcv | 1.74815367464571 |,None documented,Seed from src/config.py unless the preserved card explicitly states otherwise,See preserved experiment card and frozen implementation,None documented,Competition train.parquet and sample_submit.csv; additional artifacts are listed in the card,PARTIAL: exact result rows and runner code survive; checkpoint bank and raw data are external,Recovered from 4 result-table row(s); no score or parameter was inferred.,README.md
teammate_candidate__super_simplex_l0p05,teammate_candidate,super_simplex_l0p05,Teammate candidate — super_simplex_l0p05,completed teammate candidate/subrun,пайплайн сокомандника/review_bundles/extra90_REVIEW_BUNDLE_20260823_222555_extracted/results/ALL_EXTRA90_VALIDATION.csv | пайплайн сокомандника/review_bundles/extra90_REVIEW_BUNDLE_20260823_222555_extracted/results/STABLE_BRANCH_VALIDATION.csv | пайплайн сокомандника/review_bundles/final6h_REVIEW_BUNDLE_20260823_204823_extracted/results/ALL_FINAL6H_VALIDATION.csv | пайплайн сокомандника/review_bundles/final6h_REVIEW_BUNDLE_20260823_204823_extracted/results/FAMILY_BEST.csv | пайплайн сокомандника/review_bundles/final6h_REVIEW_BUNDLE_20260823_204823_extracted/results/STABLE_BRANCH_VALIDATION.csv,external teammate review bundles,NOT_IN_GIT_HISTORY,пайплайн сокомандника/research_scripts/continue_fixedstack_combo_10h.py | пайплайн сокомандника/research_scripts/continue_best_bas_final6h.py | пайплайн сокомандника/research_scripts/materialize_final6h_extra90m.py | пайплайн сокомандника/research_scripts/run_best_bas_fixedstack_14h_v2.py,,Unknown / not recoverable from repository history,See preserved experiment card and implementation,Source: `пайплайн сокомандника/review_bundles/extra90_REVIEW_BUNDLE_20260823_222555_extracted/results/ALL_EXTRA90_VALIDATION.csv`,| wcv | 1.7481538666824699 |,None documented,Seed from src/config.py unless the preserved card explicitly states otherwise,See preserved experiment card and frozen implementation,None documented,Competition train.parquet and sample_submit.csv; additional artifacts are listed in the card,PARTIAL: exact result rows and runner code survive; checkpoint bank and raw data are external,Recovered from 5 result-table row(s); no score or parameter was inferred.,README.md
teammate_candidate__super_simplex_l0p15,teammate_candidate,super_simplex_l0p15,Teammate candidate — super_simplex_l0p15,completed teammate candidate/subrun,пайплайн сокомандника/review_bundles/extra90_REVIEW_BUNDLE_20260823_222555_extracted/results/ALL_EXTRA90_VALIDATION.csv | пайплайн сокомандника/review_bundles/extra90_REVIEW_BUNDLE_20260823_222555_extracted/results/STABLE_BRANCH_VALIDATION.csv | пайплайн сокомандника/review_bundles/final6h_REVIEW_BUNDLE_20260823_204823_extracted/results/ALL_FINAL6H_VALIDATION.csv | пайплайн сокомандника/review_bundles/final6h_REVIEW_BUNDLE_20260823_204823_extracted/results/STABLE_BRANCH_VALIDATION.csv,external teammate review bundles,NOT_IN_GIT_HISTORY,пайплайн сокомандника/research_scripts/continue_fixedstack_combo_10h.py | пайплайн сокомандника/research_scripts/continue_best_bas_final6h.py | пайплайн сокомандника/research_scripts/materialize_final6h_extra90m.py | пайплайн сокомандника/research_scripts/run_best_bas_fixedstack_14h_v2.py,,Unknown / not recoverable from repository history,See preserved experiment card and implementation,Source: `пайплайн сокомандника/review_bundles/extra90_REVIEW_BUNDLE_20260823_222555_extracted/results/ALL_EXTRA90_VALIDATION.csv`,| wcv | 1.748153918931041 |,None documented,Seed from src/config.py unless the preserved card explicitly states otherwise,See preserved experiment card and frozen implementation,None documented,Competition train.parquet and sample_submit.csv; additional artifacts are listed in the card,PARTIAL: exact result rows and runner code survive; checkpoint bank and raw data are external,Recovered from 4 result-table row(s); no score or parameter was inferred.,README.md
teammate_candidate__superridge_a100_s65,teammate_candidate,superridge_a100_s65,Teammate candidate — superridge_a100_s65,completed teammate candidate/subrun,пайплайн сокомандника/review_bundles/extra90_REVIEW_BUNDLE_20260823_222555_extracted/results/ALL_EXTRA90_VALIDATION.csv | пайплайн сокомандника/review_bundles/extra90_REVIEW_BUNDLE_20260823_222555_extracted/results/STABLE_BRANCH_VALIDATION.csv | пайплайн сокомандника/review_bundles/final6h_REVIEW_BUNDLE_20260823_204823_extracted/results/ALL_FINAL6H_VALIDATION.csv | пайплайн сокомандника/review_bundles/final6h_REVIEW_BUNDLE_20260823_204823_extracted/results/STABLE_BRANCH_VALIDATION.csv,external teammate review bundles,NOT_IN_GIT_HISTORY,пайплайн сокомандника/research_scripts/continue_fixedstack_combo_10h.py | пайплайн сокомандника/research_scripts/continue_best_bas_final6h.py | пайплайн сокомандника/research_scripts/materialize_final6h_extra90m.py | пайплайн сокомандника/research_scripts/run_best_bas_fixedstack_14h_v2.py,,"Ridge, blend",See preserved experiment card and implementation,Source: `пайплайн сокомандника/review_bundles/extra90_REVIEW_BUNDLE_20260823_222555_extracted/results/ALL_EXTRA90_VALIDATION.csv`,| wcv | 1.748619824433665 |,None documented,Seed from src/config.py unless the preserved card explicitly states otherwise,See preserved experiment card and frozen implementation,None documented,Competition train.parquet and sample_submit.csv; additional artifacts are listed in the card,PARTIAL: exact result rows and runner code survive; checkpoint bank and raw data are external,Recovered from 4 result-table row(s); no score or parameter was inferred.,README.md
teammate_candidate__superridge_a100_s80,teammate_candidate,superridge_a100_s80,Teammate candidate — superridge_a100_s80,completed teammate candidate/subrun,пайплайн сокомандника/review_bundles/extra90_REVIEW_BUNDLE_20260823_222555_extracted/results/ALL_EXTRA90_VALIDATION.csv | пайплайн сокомандника/review_bundles/extra90_REVIEW_BUNDLE_20260823_222555_extracted/results/STABLE_BRANCH_VALIDATION.csv | пайплайн сокомандника/review_bundles/final6h_REVIEW_BUNDLE_20260823_204823_extracted/results/ALL_FINAL6H_VALIDATION.csv | пайплайн сокомандника/review_bundles/final6h_REVIEW_BUNDLE_20260823_204823_extracted/results/STABLE_BRANCH_VALIDATION.csv,external teammate review bundles,NOT_IN_GIT_HISTORY,пайплайн сокомандника/research_scripts/continue_fixedstack_combo_10h.py | пайплайн сокомандника/research_scripts/continue_best_bas_final6h.py | пайплайн сокомандника/research_scripts/materialize_final6h_extra90m.py | пайплайн сокомандника/research_scripts/run_best_bas_fixedstack_14h_v2.py,,"Ridge, blend",See preserved experiment card and implementation,Source: `пайплайн сокомандника/review_bundles/extra90_REVIEW_BUNDLE_20260823_222555_extracted/results/ALL_EXTRA90_VALIDATION.csv`,| wcv | 1.7485135480531804 |,None documented,Seed from src/config.py unless the preserved card explicitly states otherwise,See preserved experiment card and frozen implementation,None documented,Competition train.parquet and sample_submit.csv; additional artifacts are listed in the card,PARTIAL: exact result rows and runner code survive; checkpoint bank and raw data are external,Recovered from 4 result-table row(s); no score or parameter was inferred.,README.md
teammate_candidate__superridge_a100_s95,teammate_candidate,superridge_a100_s95,Teammate candidate — superridge_a100_s95,completed teammate candidate/subrun,пайплайн сокомандника/review_bundles/extra90_REVIEW_BUNDLE_20260823_222555_extracted/results/ALL_EXTRA90_VALIDATION.csv | пайплайн сокомандника/review_bundles/extra90_REVIEW_BUNDLE_20260823_222555_extracted/results/STABLE_BRANCH_VALIDATION.csv | пайплайн сокомандника/review_bundles/final6h_REVIEW_BUNDLE_20260823_204823_extracted/results/ALL_FINAL6H_VALIDATION.csv | пайплайн сокомандника/review_bundles/final6h_REVIEW_BUNDLE_20260823_204823_extracted/results/STABLE_BRANCH_VALIDATION.csv,external teammate review bundles,NOT_IN_GIT_HISTORY,пайплайн сокомандника/research_scripts/continue_fixedstack_combo_10h.py | пайплайн сокомандника/research_scripts/continue_best_bas_final6h.py | пайплайн сокомандника/research_scripts/materialize_final6h_extra90m.py | пайплайн сокомандника/research_scripts/run_best_bas_fixedstack_14h_v2.py,,"Ridge, blend",See preserved experiment card and implementation,Source: `пайплайн сокомандника/review_bundles/extra90_REVIEW_BUNDLE_20260823_222555_extracted/results/ALL_EXTRA90_VALIDATION.csv`,| wcv | 1.7484699097625997 |,None documented,Seed from src/config.py unless the preserved card explicitly states otherwise,See preserved experiment card and frozen implementation,None documented,Competition train.parquet and sample_submit.csv; additional artifacts are listed in the card,PARTIAL: exact result rows and runner code survive; checkpoint bank and raw data are external,Recovered from 4 result-table row(s); no score or parameter was inferred.,README.md
teammate_candidate__superridge_a20_s65,teammate_candidate,superridge_a20_s65,Teammate candidate — superridge_a20_s65,completed teammate candidate/subrun,пайплайн сокомандника/review_bundles/extra90_REVIEW_BUNDLE_20260823_222555_extracted/results/ALL_EXTRA90_VALIDATION.csv | пайплайн сокомандника/review_bundles/extra90_REVIEW_BUNDLE_20260823_222555_extracted/results/STABLE_BRANCH_VALIDATION.csv | пайплайн сокомандника/review_bundles/final6h_REVIEW_BUNDLE_20260823_204823_extracted/results/ALL_FINAL6H_VALIDATION.csv | пайплайн сокомандника/review_bundles/final6h_REVIEW_BUNDLE_20260823_204823_extracted/results/STABLE_BRANCH_VALIDATION.csv,external teammate review bundles,NOT_IN_GIT_HISTORY,пайплайн сокомандника/research_scripts/continue_fixedstack_combo_10h.py | пайплайн сокомандника/research_scripts/continue_best_bas_final6h.py | пайплайн сокомандника/research_scripts/materialize_final6h_extra90m.py | пайплайн сокомандника/research_scripts/run_best_bas_fixedstack_14h_v2.py,,"Ridge, blend",See preserved experiment card and implementation,Source: `пайплайн сокомандника/review_bundles/extra90_REVIEW_BUNDLE_20260823_222555_extracted/results/ALL_EXTRA90_VALIDATION.csv`,| wcv | 1.7485954830610586 |,None documented,Seed from src/config.py unless the preserved card explicitly states otherwise,See preserved experiment card and frozen implementation,None documented,Competition train.parquet and sample_submit.csv; additional artifacts are listed in the card,PARTIAL: exact result rows and runner code survive; checkpoint bank and raw data are external,Recovered from 4 result-table row(s); no score or parameter was inferred.,README.md
teammate_candidate__superridge_a20_s80,teammate_candidate,superridge_a20_s80,Teammate candidate — superridge_a20_s80,completed teammate candidate/subrun,пайплайн сокомандника/review_bundles/extra90_REVIEW_BUNDLE_20260823_222555_extracted/results/ALL_EXTRA90_VALIDATION.csv | пайплайн сокомандника/review_bundles/extra90_REVIEW_BUNDLE_20260823_222555_extracted/results/STABLE_BRANCH_VALIDATION.csv | пайплайн сокомандника/review_bundles/final6h_REVIEW_BUNDLE_20260823_204823_extracted/results/ALL_FINAL6H_VALIDATION.csv | пайплайн сокомандника/review_bundles/final6h_REVIEW_BUNDLE_20260823_204823_extracted/results/STABLE_BRANCH_VALIDATION.csv,external teammate review bundles,NOT_IN_GIT_HISTORY,пайплайн сокомандника/research_scripts/continue_fixedstack_combo_10h.py | пайплайн сокомандника/research_scripts/continue_best_bas_final6h.py | пайплайн сокомандника/research_scripts/materialize_final6h_extra90m.py | пайплайн сокомандника/research_scripts/run_best_bas_fixedstack_14h_v2.py,,"Ridge, blend",See preserved experiment card and implementation,Source: `пайплайн сокомандника/review_bundles/extra90_REVIEW_BUNDLE_20260823_222555_extracted/results/ALL_EXTRA90_VALIDATION.csv`,| wcv | 1.7484914543821914 |,None documented,Seed from src/config.py unless the preserved card explicitly states otherwise,See preserved experiment card and frozen implementation,None documented,Competition train.parquet and sample_submit.csv; additional artifacts are listed in the card,PARTIAL: exact result rows and runner code survive; checkpoint bank and raw data are external,Recovered from 4 result-table row(s); no score or parameter was inferred.,README.md
teammate_candidate__superridge_a20_s95,teammate_candidate,superridge_a20_s95,Teammate candidate — superridge_a20_s95,completed teammate candidate/subrun,пайплайн сокомандника/review_bundles/extra90_REVIEW_BUNDLE_20260823_222555_extracted/results/ALL_EXTRA90_VALIDATION.csv | пайплайн сокомандника/review_bundles/extra90_REVIEW_BUNDLE_20260823_222555_extracted/results/STABLE_BRANCH_VALIDATION.csv | пайплайн сокомандника/review_bundles/final6h_REVIEW_BUNDLE_20260823_204823_extracted/results/ALL_FINAL6H_VALIDATION.csv | пайплайн сокомандника/review_bundles/final6h_REVIEW_BUNDLE_20260823_204823_extracted/results/FAMILY_BEST.csv | пайплайн сокомандника/review_bundles/final6h_REVIEW_BUNDLE_20260823_204823_extracted/results/STABLE_BRANCH_VALIDATION.csv,external teammate review bundles,NOT_IN_GIT_HISTORY,пайплайн сокомандника/research_scripts/continue_fixedstack_combo_10h.py | пайплайн сокомандника/research_scripts/continue_best_bas_final6h.py | пайплайн сокомандника/research_scripts/materialize_final6h_extra90m.py | пайплайн сокомандника/research_scripts/run_best_bas_fixedstack_14h_v2.py,,"Ridge, blend",See preserved experiment card and implementation,Source: `пайплайн сокомандника/review_bundles/extra90_REVIEW_BUNDLE_20260823_222555_extracted/results/ALL_EXTRA90_VALIDATION.csv`,| wcv | 1.7484530149565842 |,None documented,Seed from src/config.py unless the preserved card explicitly states otherwise,See preserved experiment card and frozen implementation,None documented,Competition train.parquet and sample_submit.csv; additional artifacts are listed in the card,PARTIAL: exact result rows and runner code survive; checkpoint bank and raw data are external,Recovered from 5 result-table row(s); no score or parameter was inferred.,README.md
teammate_candidate__superridge_a400_s65,teammate_candidate,superridge_a400_s65,Teammate candidate — superridge_a400_s65,completed teammate candidate/subrun,пайплайн сокомандника/review_bundles/extra90_REVIEW_BUNDLE_20260823_222555_extracted/results/ALL_EXTRA90_VALIDATION.csv | пайплайн сокомандника/review_bundles/extra90_REVIEW_BUNDLE_20260823_222555_extracted/results/STABLE_BRANCH_VALIDATION.csv | пайплайн сокомандника/review_bundles/final6h_REVIEW_BUNDLE_20260823_204823_extracted/results/ALL_FINAL6H_VALIDATION.csv | пайплайн сокомандника/review_bundles/final6h_REVIEW_BUNDLE_20260823_204823_extracted/results/STABLE_BRANCH_VALIDATION.csv,external teammate review bundles,NOT_IN_GIT_HISTORY,пайплайн сокомандника/research_scripts/continue_fixedstack_combo_10h.py | пайплайн сокомандника/research_scripts/continue_best_bas_final6h.py | пайплайн сокомандника/research_scripts/materialize_final6h_extra90m.py | пайплайн сокомандника/research_scripts/run_best_bas_fixedstack_14h_v2.py,,"Ridge, blend",See preserved experiment card and implementation,Source: `пайплайн сокомандника/review_bundles/extra90_REVIEW_BUNDLE_20260823_222555_extracted/results/ALL_EXTRA90_VALIDATION.csv`,| wcv | 1.748700151423321 |,None documented,Seed from src/config.py unless the preserved card explicitly states otherwise,See preserved experiment card and frozen implementation,None documented,Competition train.parquet and sample_submit.csv; additional artifacts are listed in the card,PARTIAL: exact result rows and runner code survive; checkpoint bank and raw data are external,Recovered from 4 result-table row(s); no score or parameter was inferred.,README.md
teammate_candidate__superridge_a400_s80,teammate_candidate,superridge_a400_s80,Teammate candidate — superridge_a400_s80,completed teammate candidate/subrun,пайплайн сокомандника/review_bundles/extra90_REVIEW_BUNDLE_20260823_222555_extracted/results/ALL_EXTRA90_VALIDATION.csv | пайплайн сокомандника/review_bundles/extra90_REVIEW_BUNDLE_20260823_222555_extracted/results/STABLE_BRANCH_VALIDATION.csv | пайплайн сокомандника/review_bundles/final6h_REVIEW_BUNDLE_20260823_204823_extracted/results/ALL_FINAL6H_VALIDATION.csv | пайплайн сокомандника/review_bundles/final6h_REVIEW_BUNDLE_20260823_204823_extracted/results/STABLE_BRANCH_VALIDATION.csv,external teammate review bundles,NOT_IN_GIT_HISTORY,пайплайн сокомандника/research_scripts/continue_fixedstack_combo_10h.py | пайплайн сокомандника/research_scripts/continue_best_bas_final6h.py | пайплайн сокомандника/research_scripts/materialize_final6h_extra90m.py | пайплайн сокомандника/research_scripts/run_best_bas_fixedstack_14h_v2.py,,"Ridge, blend",See preserved experiment card and implementation,Source: `пайплайн сокомандника/review_bundles/extra90_REVIEW_BUNDLE_20260823_222555_extracted/results/ALL_EXTRA90_VALIDATION.csv`,| wcv | 1.7485916639159782 |,None documented,Seed from src/config.py unless the preserved card explicitly states otherwise,See preserved experiment card and frozen implementation,None documented,Competition train.parquet and sample_submit.csv; additional artifacts are listed in the card,PARTIAL: exact result rows and runner code survive; checkpoint bank and raw data are external,Recovered from 4 result-table row(s); no score or parameter was inferred.,README.md
teammate_candidate__superridge_a400_s95,teammate_candidate,superridge_a400_s95,Teammate candidate — superridge_a400_s95,completed teammate candidate/subrun,пайплайн сокомандника/review_bundles/extra90_REVIEW_BUNDLE_20260823_222555_extracted/results/ALL_EXTRA90_VALIDATION.csv | пайплайн сокомандника/review_bundles/extra90_REVIEW_BUNDLE_20260823_222555_extracted/results/STABLE_BRANCH_VALIDATION.csv | пайплайн сокомандника/review_bundles/final6h_REVIEW_BUNDLE_20260823_204823_extracted/results/ALL_FINAL6H_VALIDATION.csv | пайплайн сокомандника/review_bundles/final6h_REVIEW_BUNDLE_20260823_204823_extracted/results/STABLE_BRANCH_VALIDATION.csv,external teammate review bundles,NOT_IN_GIT_HISTORY,пайплайн сокомандника/research_scripts/continue_fixedstack_combo_10h.py | пайплайн сокомандника/research_scripts/continue_best_bas_final6h.py | пайплайн сокомандника/research_scripts/materialize_final6h_extra90m.py | пайплайн сокомандника/research_scripts/run_best_bas_fixedstack_14h_v2.py,,"Ridge, blend",See preserved experiment card and implementation,Source: `пайплайн сокомандника/review_bundles/extra90_REVIEW_BUNDLE_20260823_222555_extracted/results/ALL_EXTRA90_VALIDATION.csv`,| wcv | 1.748538028333438 |,None documented,Seed from src/config.py unless the preserved card explicitly states otherwise,See preserved experiment card and frozen implementation,None documented,Competition train.parquet and sample_submit.csv; additional artifacts are listed in the card,PARTIAL: exact result rows and runner code survive; checkpoint bank and raw data are external,Recovered from 4 result-table row(s); no score or parameter was inferred.,README.md
teammate_candidate__superridge_recent2_a250_s80,teammate_candidate,superridge_recent2_a250_s80,Teammate candidate — superridge_recent2_a250_s80,completed teammate candidate/subrun,пайплайн сокомандника/review_bundles/extra90_REVIEW_BUNDLE_20260823_222555_extracted/results/ALL_EXTRA90_VALIDATION.csv | пайплайн сокомандника/review_bundles/extra90_REVIEW_BUNDLE_20260823_222555_extracted/results/STABLE_BRANCH_VALIDATION.csv | пайплайн сокомандника/review_bundles/final6h_REVIEW_BUNDLE_20260823_204823_extracted/results/ALL_FINAL6H_VALIDATION.csv | пайплайн сокомандника/review_bundles/final6h_REVIEW_BUNDLE_20260823_204823_extracted/results/STABLE_BRANCH_VALIDATION.csv,external teammate review bundles,NOT_IN_GIT_HISTORY,пайплайн сокомандника/research_scripts/continue_fixedstack_combo_10h.py | пайплайн сокомандника/research_scripts/continue_best_bas_final6h.py | пайплайн сокомандника/research_scripts/materialize_final6h_extra90m.py | пайплайн сокомандника/research_scripts/run_best_bas_fixedstack_14h_v2.py,,"Ridge, blend",227 tabular features,Source: `пайплайн сокомандника/review_bundles/extra90_REVIEW_BUNDLE_20260823_222555_extracted/results/ALL_EXTRA90_VALIDATION.csv`,| wcv | 1.7485093418959134 |,None documented,Seed from src/config.py unless the preserved card explicitly states otherwise,See preserved experiment card and frozen implementation,None documented,Competition train.parquet and sample_submit.csv; additional artifacts are listed in the card,PARTIAL: exact result rows and runner code survive; checkpoint bank and raw data are external,Recovered from 4 result-table row(s); no score or parameter was inferred.,README.md
teammate_candidate__superridge_recent2_a80_s80,teammate_candidate,superridge_recent2_a80_s80,Teammate candidate — superridge_recent2_a80_s80,completed teammate candidate/subrun,пайплайн сокомандника/review_bundles/extra90_REVIEW_BUNDLE_20260823_222555_extracted/results/ALL_EXTRA90_VALIDATION.csv | пайплайн сокомандника/review_bundles/extra90_REVIEW_BUNDLE_20260823_222555_extracted/results/STABLE_BRANCH_VALIDATION.csv | пайплайн сокомандника/review_bundles/final6h_REVIEW_BUNDLE_20260823_204823_extracted/results/ALL_FINAL6H_VALIDATION.csv | пайплайн сокомандника/review_bundles/final6h_REVIEW_BUNDLE_20260823_204823_extracted/results/FAMILY_BEST.csv | пайплайн сокомандника/review_bundles/final6h_REVIEW_BUNDLE_20260823_204823_extracted/results/STABLE_BRANCH_VALIDATION.csv,external teammate review bundles,NOT_IN_GIT_HISTORY,пайплайн сокомандника/research_scripts/continue_fixedstack_combo_10h.py | пайплайн сокомандника/research_scripts/continue_best_bas_final6h.py | пайплайн сокомандника/research_scripts/materialize_final6h_extra90m.py | пайплайн сокомандника/research_scripts/run_best_bas_fixedstack_14h_v2.py,,"Ridge, blend",See preserved experiment card and implementation,Source: `пайплайн сокомандника/review_bundles/extra90_REVIEW_BUNDLE_20260823_222555_extracted/results/ALL_EXTRA90_VALIDATION.csv`,| wcv | 1.7484800096387805 |,None documented,Seed from src/config.py unless the preserved card explicitly states otherwise,See preserved experiment card and frozen implementation,None documented,Competition train.parquet and sample_submit.csv; additional artifacts are listed in the card,PARTIAL: exact result rows and runner code survive; checkpoint bank and raw data are external,Recovered from 5 result-table row(s); no score or parameter was inferred.,README.md
teammate_candidate__trust_p_ridge_recentpow1p7_s075,teammate_candidate,trust_p_ridge_recentpow1p7_s075,Teammate candidate — trust_p_ridge_recentpow1p7_s075,completed teammate candidate/subrun,пайплайн сокомандника/review_bundles/extra90_REVIEW_BUNDLE_20260823_222555_extracted/results/ALL_EXTRA90_VALIDATION.csv | пайплайн сокомандника/review_bundles/extra90_REVIEW_BUNDLE_20260823_222555_extracted/results/combo_validation_extra90.csv | пайплайн сокомандника/review_bundles/extra90_REVIEW_BUNDLE_20260823_222555_extracted/results/STABLE_BRANCH_VALIDATION.csv | пайплайн сокомандника/review_bundles/final6h_REVIEW_BUNDLE_20260823_204823_extracted/results/ALL_FINAL6H_VALIDATION.csv | пайплайн сокомандника/review_bundles/final6h_REVIEW_BUNDLE_20260823_204823_extracted/results/combo_validation_final6h_base.csv | пайплайн сокомандника/review_bundles/final6h_REVIEW_BUNDLE_20260823_204823_extracted/results/FAMILY_BEST.csv | пайплайн сокомандника/review_bundles/final6h_REVIEW_BUNDLE_20260823_204823_extracted/results/STABLE_BRANCH_VALIDATION.csv | пайплайн сокомандника/review_bundles/fixedstack_combo10h_REVIEW_BUNDLE_20260823_054654_extracted/results/ALL_VALIDATION.csv | пайплайн сокомандника/review_bundles/fixedstack_combo10h_REVIEW_BUNDLE_20260823_054654_extracted/results/combo_validation_after_recent_hurdle_fast12.csv | пайплайн сокомандника/review_bundles/fixedstack_combo10h_REVIEW_BUNDLE_20260823_054654_extracted/results/combo_validation_after_recent_hurdle_stable18.csv | пайплайн сокомандника/review_bundles/fixedstack_combo10h_REVIEW_BUNDLE_20260823_054654_extracted/results/combo_validation_existing.csv | пайплайн сокомандника/review_bundles/fixedstack_combo10h_REVIEW_BUNDLE_20260823_054654_extracted/results/combo_validation_final.csv | пайплайн сокомандника/review_bundles/fixedstack_combo10h_REVIEW_BUNDLE_20260823_054654_extracted/results/combo_validation_final_reload.csv,external teammate review bundles,NOT_IN_GIT_HISTORY,пайплайн сокомандника/research_scripts/continue_fixedstack_combo_10h.py | пайплайн сокомандника/research_scripts/continue_best_bas_final6h.py | пайплайн сокомандника/research_scripts/materialize_final6h_extra90m.py | пайплайн сокомандника/research_scripts/run_best_bas_fixedstack_14h_v2.py,,"Ridge, two-part / hurdle",See preserved experiment card and implementation,Source: `пайплайн сокомандника/review_bundles/extra90_REVIEW_BUNDLE_20260823_222555_extracted/results/ALL_EXTRA90_VALIDATION.csv`,| wcv | 1.7483902871893138 |,None documented,Seed from src/config.py unless the preserved card explicitly states otherwise,See preserved experiment card and frozen implementation,None documented,Competition train.parquet and sample_submit.csv; additional artifacts are listed in the card,PARTIAL: exact result rows and runner code survive; checkpoint bank and raw data are external,Recovered from 13 result-table row(s); no score or parameter was inferred.,README.md
teammate_candidate__trust_p_spread_ridge_recentpow1p7_s075,teammate_candidate,trust_p_spread_ridge_recentpow1p7_s075,Teammate candidate — trust_p_spread_ridge_recentpow1p7_s075,completed teammate candidate/subrun,пайплайн сокомандника/review_bundles/extra90_REVIEW_BUNDLE_20260823_222555_extracted/results/ALL_EXTRA90_VALIDATION.csv | пайплайн сокомандника/review_bundles/extra90_REVIEW_BUNDLE_20260823_222555_extracted/results/combo_validation_extra90.csv | пайплайн сокомандника/review_bundles/extra90_REVIEW_BUNDLE_20260823_222555_extracted/results/STABLE_BRANCH_VALIDATION.csv | пайплайн сокомандника/review_bundles/final6h_REVIEW_BUNDLE_20260823_204823_extracted/results/ALL_FINAL6H_VALIDATION.csv | пайплайн сокомандника/review_bundles/final6h_REVIEW_BUNDLE_20260823_204823_extracted/results/combo_validation_final6h_base.csv | пайплайн сокомандника/review_bundles/final6h_REVIEW_BUNDLE_20260823_204823_extracted/results/STABLE_BRANCH_VALIDATION.csv | пайплайн сокомандника/review_bundles/fixedstack_combo10h_REVIEW_BUNDLE_20260823_054654_extracted/results/ALL_VALIDATION.csv | пайплайн сокомандника/review_bundles/fixedstack_combo10h_REVIEW_BUNDLE_20260823_054654_extracted/results/combo_validation_after_recent_hurdle_fast12.csv | пайплайн сокомандника/review_bundles/fixedstack_combo10h_REVIEW_BUNDLE_20260823_054654_extracted/results/combo_validation_after_recent_hurdle_stable18.csv | пайплайн сокомандника/review_bundles/fixedstack_combo10h_REVIEW_BUNDLE_20260823_054654_extracted/results/combo_validation_existing.csv | пайплайн сокомандника/review_bundles/fixedstack_combo10h_REVIEW_BUNDLE_20260823_054654_extracted/results/combo_validation_final.csv | пайплайн сокомандника/review_bundles/fixedstack_combo10h_REVIEW_BUNDLE_20260823_054654_extracted/results/combo_validation_final_reload.csv,external teammate review bundles,NOT_IN_GIT_HISTORY,пайплайн сокомандника/research_scripts/continue_fixedstack_combo_10h.py | пайплайн сокомандника/research_scripts/continue_best_bas_final6h.py | пайплайн сокомандника/research_scripts/materialize_final6h_extra90m.py | пайплайн сокомандника/research_scripts/run_best_bas_fixedstack_14h_v2.py,,"Ridge, two-part / hurdle",See preserved experiment card and implementation,Source: `пайплайн сокомандника/review_bundles/extra90_REVIEW_BUNDLE_20260823_222555_extracted/results/ALL_EXTRA90_VALIDATION.csv`,| wcv | 1.7483908539217363 |,None documented,Seed from src/config.py unless the preserved card explicitly states otherwise,See preserved experiment card and frozen implementation,None documented,Competition train.parquet and sample_submit.csv; additional artifacts are listed in the card,PARTIAL: exact result rows and runner code survive; checkpoint bank and raw data are external,Recovered from 12 result-table row(s); no score or parameter was inferred.,README.md
teammate_candidate__xmeta_all8_p17_l31_plain_blend_ridge_recentpow1p7_s075_greedy35_finalizable_pr85,teammate_candidate,xmeta_all8_p17_l31_plain__blend_ridge_recentpow1p7_s075__greedy35_finalizable_pr85,Teammate candidate — xmeta_all8_p17_l31_plain__blend_ridge_recentpow1p7_s075__greedy35_finalizable_pr85,completed teammate candidate/subrun,пайплайн сокомандника/review_bundles/extra90_REVIEW_BUNDLE_20260823_222555_extracted/results/ALL_EXTRA90_VALIDATION.csv,external teammate review bundles,NOT_IN_GIT_HISTORY,пайплайн сокомандника/research_scripts/continue_fixedstack_combo_10h.py | пайплайн сокомандника/research_scripts/continue_best_bas_final6h.py | пайплайн сокомандника/research_scripts/materialize_final6h_extra90m.py | пайплайн сокомандника/research_scripts/run_best_bas_fixedstack_14h_v2.py,,"Ridge, blend",See preserved experiment card and implementation,Source: `пайплайн сокомандника/review_bundles/extra90_REVIEW_BUNDLE_20260823_222555_extracted/results/ALL_EXTRA90_VALIDATION.csv`,| wcv | 1.7480653509088204 |,None documented,Seed from src/config.py unless the preserved card explicitly states otherwise,See preserved experiment card and frozen implementation,None documented,Competition train.parquet and sample_submit.csv; additional artifacts are listed in the card,PARTIAL: exact result rows and runner code survive; checkpoint bank and raw data are external,Recovered from 1 result-table row(s); no score or parameter was inferred.,README.md
teammate_candidate__xmeta_all8_p17_l31_risk_blend_ridge_recentpow1p7_s075_greedy35_finalizable_pr85,teammate_candidate,xmeta_all8_p17_l31_risk__blend_ridge_recentpow1p7_s075__greedy35_finalizable_pr85,Teammate candidate — xmeta_all8_p17_l31_risk__blend_ridge_recentpow1p7_s075__greedy35_finalizable_pr85,completed teammate candidate/subrun,пайплайн сокомандника/review_bundles/extra90_REVIEW_BUNDLE_20260823_222555_extracted/results/ALL_EXTRA90_VALIDATION.csv | пайплайн сокомандника/review_bundles/extra90_REVIEW_BUNDLE_20260823_222555_extracted/results/MATERIALIZED_CANDIDATES.csv,external teammate review bundles,NOT_IN_GIT_HISTORY,пайплайн сокомандника/research_scripts/continue_fixedstack_combo_10h.py | пайплайн сокомандника/research_scripts/continue_best_bas_final6h.py | пайплайн сокомандника/research_scripts/materialize_final6h_extra90m.py | пайплайн сокомандника/research_scripts/run_best_bas_fixedstack_14h_v2.py,,"Ridge, blend",See preserved experiment card and implementation,Source: `пайплайн сокомандника/review_bundles/extra90_REVIEW_BUNDLE_20260823_222555_extracted/results/ALL_EXTRA90_VALIDATION.csv`,| wcv | 1.748037158176102 |,None documented,Seed from src/config.py unless the preserved card explicitly states otherwise,See preserved experiment card and frozen implementation,None documented,Competition train.parquet and sample_submit.csv; additional artifacts are listed in the card,PARTIAL: exact result rows and runner code survive; checkpoint bank and raw data are external,Recovered from 2 result-table row(s); no score or parameter was inferred.,README.md
teammate_candidate__xmeta_all8_p23_l31_plain_bias_p_spread_cand_pband_stack,teammate_candidate,xmeta_all8_p23_l31_plain__bias_p_spread_cand_pband_stack,Teammate candidate — xmeta_all8_p23_l31_plain__bias_p_spread_cand_pband_stack,completed teammate candidate/subrun,пайплайн сокомандника/review_bundles/extra90_REVIEW_BUNDLE_20260823_222555_extracted/results/ALL_EXTRA90_VALIDATION.csv,external teammate review bundles,NOT_IN_GIT_HISTORY,пайплайн сокомандника/research_scripts/continue_fixedstack_combo_10h.py | пайплайн сокомандника/research_scripts/continue_best_bas_final6h.py | пайплайн сокомандника/research_scripts/materialize_final6h_extra90m.py | пайплайн сокомандника/research_scripts/run_best_bas_fixedstack_14h_v2.py,,Unknown / not recoverable from repository history,See preserved experiment card and implementation,Source: `пайплайн сокомандника/review_bundles/extra90_REVIEW_BUNDLE_20260823_222555_extracted/results/ALL_EXTRA90_VALIDATION.csv`,| wcv | 1.7481868060484316 |,None documented,Seed from src/config.py unless the preserved card explicitly states otherwise,See preserved experiment card and frozen implementation,None documented,Competition train.parquet and sample_submit.csv; additional artifacts are listed in the card,PARTIAL: exact result rows and runner code survive; checkpoint bank and raw data are external,Recovered from 1 result-table row(s); no score or parameter was inferred.,README.md
teammate_candidate__xmeta_all8_p23_l31_plain_blend_ridge_recentpow1p7_s075_greedy35_finalizable_pr85,teammate_candidate,xmeta_all8_p23_l31_plain__blend_ridge_recentpow1p7_s075__greedy35_finalizable_pr85,Teammate candidate — xmeta_all8_p23_l31_plain__blend_ridge_recentpow1p7_s075__greedy35_finalizable_pr85,completed teammate candidate/subrun,пайплайн сокомандника/review_bundles/extra90_REVIEW_BUNDLE_20260823_222555_extracted/results/ALL_EXTRA90_VALIDATION.csv,external teammate review bundles,NOT_IN_GIT_HISTORY,пайплайн сокомандника/research_scripts/continue_fixedstack_combo_10h.py | пайплайн сокомандника/research_scripts/continue_best_bas_final6h.py | пайплайн сокомандника/research_scripts/materialize_final6h_extra90m.py | пайплайн сокомандника/research_scripts/run_best_bas_fixedstack_14h_v2.py,,"Ridge, blend",See preserved experiment card and implementation,Source: `пайплайн сокомандника/review_bundles/extra90_REVIEW_BUNDLE_20260823_222555_extracted/results/ALL_EXTRA90_VALIDATION.csv`,| wcv | 1.7480665224621428 |,None documented,Seed from src/config.py unless the preserved card explicitly states otherwise,See preserved experiment card and frozen implementation,None documented,Competition train.parquet and sample_submit.csv; additional artifacts are listed in the card,PARTIAL: exact result rows and runner code survive; checkpoint bank and raw data are external,Recovered from 1 result-table row(s); no score or parameter was inferred.,README.md
teammate_candidate__xmeta_all8_p23_l31_risk_bias_p_spread_cand_pband_stack,teammate_candidate,xmeta_all8_p23_l31_risk__bias_p_spread_cand_pband_stack,Teammate candidate — xmeta_all8_p23_l31_risk__bias_p_spread_cand_pband_stack,completed teammate candidate/subrun,пайплайн сокомандника/review_bundles/extra90_REVIEW_BUNDLE_20260823_222555_extracted/results/ALL_EXTRA90_VALIDATION.csv,external teammate review bundles,NOT_IN_GIT_HISTORY,пайплайн сокомандника/research_scripts/continue_fixedstack_combo_10h.py | пайплайн сокомандника/research_scripts/continue_best_bas_final6h.py | пайплайн сокомандника/research_scripts/materialize_final6h_extra90m.py | пайплайн сокомандника/research_scripts/run_best_bas_fixedstack_14h_v2.py,,Unknown / not recoverable from repository history,See preserved experiment card and implementation,Source: `пайплайн сокомандника/review_bundles/extra90_REVIEW_BUNDLE_20260823_222555_extracted/results/ALL_EXTRA90_VALIDATION.csv`,| wcv | 1.7480791341691893 |,None documented,Seed from src/config.py unless the preserved card explicitly states otherwise,See preserved experiment card and frozen implementation,None documented,Competition train.parquet and sample_submit.csv; additional artifacts are listed in the card,PARTIAL: exact result rows and runner code survive; checkpoint bank and raw data are external,Recovered from 1 result-table row(s); no score or parameter was inferred.,README.md
teammate_candidate__xmeta_all8_p23_l31_risk_blend_ridge_recentpow1p7_s075_greedy35_finalizable_pr85,teammate_candidate,xmeta_all8_p23_l31_risk__blend_ridge_recentpow1p7_s075__greedy35_finalizable_pr85,Teammate candidate — xmeta_all8_p23_l31_risk__blend_ridge_recentpow1p7_s075__greedy35_finalizable_pr85,completed teammate candidate/subrun,пайплайн сокомандника/review_bundles/extra90_REVIEW_BUNDLE_20260823_222555_extracted/results/ALL_EXTRA90_VALIDATION.csv | пайплайн сокомандника/review_bundles/extra90_REVIEW_BUNDLE_20260823_222555_extracted/results/MATERIALIZED_CANDIDATES.csv,external teammate review bundles,NOT_IN_GIT_HISTORY,пайплайн сокомандника/research_scripts/continue_fixedstack_combo_10h.py | пайплайн сокомандника/research_scripts/continue_best_bas_final6h.py | пайплайн сокомандника/research_scripts/materialize_final6h_extra90m.py | пайплайн сокомандника/research_scripts/run_best_bas_fixedstack_14h_v2.py,,"Ridge, blend",See preserved experiment card and implementation,Source: `пайплайн сокомандника/review_bundles/extra90_REVIEW_BUNDLE_20260823_222555_extracted/results/ALL_EXTRA90_VALIDATION.csv`,| wcv | 1.748020498532981 |,None documented,Seed from src/config.py unless the preserved card explicitly states otherwise,See preserved experiment card and frozen implementation,None documented,Competition train.parquet and sample_submit.csv; additional artifacts are listed in the card,PARTIAL: exact result rows and runner code survive; checkpoint bank and raw data are external,Recovered from 2 result-table row(s); no score or parameter was inferred.,README.md
teammate_candidate__xmeta_div4_p23_l31_plain_bias_p_spread_cand_pband_stack,teammate_candidate,xmeta_div4_p23_l31_plain__bias_p_spread_cand_pband_stack,Teammate candidate — xmeta_div4_p23_l31_plain__bias_p_spread_cand_pband_stack,completed teammate candidate/subrun,пайплайн сокомандника/review_bundles/extra90_REVIEW_BUNDLE_20260823_222555_extracted/results/ALL_EXTRA90_VALIDATION.csv,external teammate review bundles,NOT_IN_GIT_HISTORY,пайплайн сокомандника/research_scripts/continue_fixedstack_combo_10h.py | пайплайн сокомандника/research_scripts/continue_best_bas_final6h.py | пайплайн сокомандника/research_scripts/materialize_final6h_extra90m.py | пайплайн сокомандника/research_scripts/run_best_bas_fixedstack_14h_v2.py,,Unknown / not recoverable from repository history,See preserved experiment card and implementation,Source: `пайплайн сокомандника/review_bundles/extra90_REVIEW_BUNDLE_20260823_222555_extracted/results/ALL_EXTRA90_VALIDATION.csv`,| wcv | 1.7481304105511484 |,None documented,Seed from src/config.py unless the preserved card explicitly states otherwise,See preserved experiment card and frozen implementation,None documented,Competition train.parquet and sample_submit.csv; additional artifacts are listed in the card,PARTIAL: exact result rows and runner code survive; checkpoint bank and raw data are external,Recovered from 1 result-table row(s); no score or parameter was inferred.,README.md
teammate_candidate__xmeta_div4_p23_l31_plain_blend_ridge_recentpow1p7_s075_greedy35_finalizable_pr85,teammate_candidate,xmeta_div4_p23_l31_plain__blend_ridge_recentpow1p7_s075__greedy35_finalizable_pr85,Teammate candidate — xmeta_div4_p23_l31_plain__blend_ridge_recentpow1p7_s075__greedy35_finalizable_pr85,completed teammate candidate/subrun,пайплайн сокомандника/review_bundles/extra90_REVIEW_BUNDLE_20260823_222555_extracted/results/ALL_EXTRA90_VALIDATION.csv,external teammate review bundles,NOT_IN_GIT_HISTORY,пайплайн сокомандника/research_scripts/continue_fixedstack_combo_10h.py | пайплайн сокомандника/research_scripts/continue_best_bas_final6h.py | пайплайн сокомандника/research_scripts/materialize_final6h_extra90m.py | пайплайн сокомандника/research_scripts/run_best_bas_fixedstack_14h_v2.py,,"Ridge, blend",See preserved experiment card and implementation,Source: `пайплайн сокомандника/review_bundles/extra90_REVIEW_BUNDLE_20260823_222555_extracted/results/ALL_EXTRA90_VALIDATION.csv`,| wcv | 1.7480092101532283 |,None documented,Seed from src/config.py unless the preserved card explicitly states otherwise,See preserved experiment card and frozen implementation,None documented,Competition train.parquet and sample_submit.csv; additional artifacts are listed in the card,PARTIAL: exact result rows and runner code survive; checkpoint bank and raw data are external,Recovered from 1 result-table row(s); no score or parameter was inferred.,README.md
teammate_candidate__xmeta_div4_p23_l31_risk_bias_p_spread_cand_pband_stack,teammate_candidate,xmeta_div4_p23_l31_risk__bias_p_spread_cand_pband_stack,Teammate candidate — xmeta_div4_p23_l31_risk__bias_p_spread_cand_pband_stack,completed teammate candidate/subrun,пайплайн сокомандника/review_bundles/extra90_REVIEW_BUNDLE_20260823_222555_extracted/results/ALL_EXTRA90_VALIDATION.csv,external teammate review bundles,NOT_IN_GIT_HISTORY,пайплайн сокомандника/research_scripts/continue_fixedstack_combo_10h.py | пайплайн сокомандника/research_scripts/continue_best_bas_final6h.py | пайплайн сокомандника/research_scripts/materialize_final6h_extra90m.py | пайплайн сокомандника/research_scripts/run_best_bas_fixedstack_14h_v2.py,,Unknown / not recoverable from repository history,227 tabular features,Source: `пайплайн сокомандника/review_bundles/extra90_REVIEW_BUNDLE_20260823_222555_extracted/results/ALL_EXTRA90_VALIDATION.csv`,| wcv | 1.7480364699820863 |,None documented,Seed from src/config.py unless the preserved card explicitly states otherwise,See preserved experiment card and frozen implementation,None documented,Competition train.parquet and sample_submit.csv; additional artifacts are listed in the card,PARTIAL: exact result rows and runner code survive; checkpoint bank and raw data are external,Recovered from 1 result-table row(s); no score or parameter was inferred.,README.md
teammate_candidate__xmeta_div4_p23_l31_risk_blend_ridge_recentpow1p7_s075_greedy35_finalizable_pr85,teammate_candidate,xmeta_div4_p23_l31_risk__blend_ridge_recentpow1p7_s075__greedy35_finalizable_pr85,Teammate candidate — xmeta_div4_p23_l31_risk__blend_ridge_recentpow1p7_s075__greedy35_finalizable_pr85,completed teammate candidate/subrun,пайплайн сокомандника/review_bundles/extra90_REVIEW_BUNDLE_20260823_222555_extracted/results/ALL_EXTRA90_VALIDATION.csv | пайплайн сокомандника/review_bundles/extra90_REVIEW_BUNDLE_20260823_222555_extracted/results/FINAL_FOUR.csv | пайплайн сокомандника/review_bundles/extra90_REVIEW_BUNDLE_20260823_222555_extracted/results/MATERIALIZED_CANDIDATES.csv,external teammate review bundles,NOT_IN_GIT_HISTORY,пайплайн сокомандника/research_scripts/continue_fixedstack_combo_10h.py | пайплайн сокомандника/research_scripts/continue_best_bas_final6h.py | пайплайн сокомандника/research_scripts/materialize_final6h_extra90m.py | пайплайн сокомандника/research_scripts/run_best_bas_fixedstack_14h_v2.py,,"Ridge, blend",See preserved experiment card and implementation,Source: `пайплайн сокомандника/review_bundles/extra90_REVIEW_BUNDLE_20260823_222555_extracted/results/ALL_EXTRA90_VALIDATION.csv`,| wcv | 1.7479830389407023 |,| file | C:\Users\Dimentiy\repoVScode\Ozon-ecup\src\DL\best_bas\_best_bas_extra90m\submissions\submission_extra90_2_xmeta_div4_p23_l31_risk__blend_ridge_recentpow1p7_s075__greedy35_finalizable_pr85.csv |,Seed from src/config.py unless the preserved card explicitly states otherwise,See preserved experiment card and frozen implementation,None documented,Competition train.parquet and sample_submit.csv; additional artifacts are listed in the card,PARTIAL: exact result rows and runner code survive; checkpoint bank and raw data are external,Recovered from 3 result-table row(s); no score or parameter was inferred.,README.md
teammate_candidate__xmeta_fast4_p23_l23_plain_blend_ridge_recentpow1p7_s075_greedy35_finalizable_pr85,teammate_candidate,xmeta_fast4_p23_l23_plain__blend_ridge_recentpow1p7_s075__greedy35_finalizable_pr85,Teammate candidate — xmeta_fast4_p23_l23_plain__blend_ridge_recentpow1p7_s075__greedy35_finalizable_pr85,completed teammate candidate/subrun,пайплайн сокомандника/review_bundles/extra90_REVIEW_BUNDLE_20260823_222555_extracted/results/ALL_EXTRA90_VALIDATION.csv,external teammate review bundles,NOT_IN_GIT_HISTORY,пайплайн сокомандника/research_scripts/continue_fixedstack_combo_10h.py | пайплайн сокомандника/research_scripts/continue_best_bas_final6h.py | пайплайн сокомандника/research_scripts/materialize_final6h_extra90m.py | пайплайн сокомандника/research_scripts/run_best_bas_fixedstack_14h_v2.py,,"Ridge, blend",See preserved experiment card and implementation,Source: `пайплайн сокомандника/review_bundles/extra90_REVIEW_BUNDLE_20260823_222555_extracted/results/ALL_EXTRA90_VALIDATION.csv`,| wcv | 1.7480725784802114 |,None documented,Seed from src/config.py unless the preserved card explicitly states otherwise,See preserved experiment card and frozen implementation,None documented,Competition train.parquet and sample_submit.csv; additional artifacts are listed in the card,PARTIAL: exact result rows and runner code survive; checkpoint bank and raw data are external,Recovered from 1 result-table row(s); no score or parameter was inferred.,README.md
teammate_candidate__xmeta_fast4_p23_l23_risk_blend_ridge_recentpow1p7_s075_greedy35_finalizable_pr85,teammate_candidate,xmeta_fast4_p23_l23_risk__blend_ridge_recentpow1p7_s075__greedy35_finalizable_pr85,Teammate candidate — xmeta_fast4_p23_l23_risk__blend_ridge_recentpow1p7_s075__greedy35_finalizable_pr85,completed teammate candidate/subrun,пайплайн сокомандника/review_bundles/extra90_REVIEW_BUNDLE_20260823_222555_extracted/results/ALL_EXTRA90_VALIDATION.csv | пайплайн сокомандника/review_bundles/extra90_REVIEW_BUNDLE_20260823_222555_extracted/results/MATERIALIZED_CANDIDATES.csv,external teammate review bundles,NOT_IN_GIT_HISTORY,пайплайн сокомандника/research_scripts/continue_fixedstack_combo_10h.py | пайплайн сокомандника/research_scripts/continue_best_bas_final6h.py | пайплайн сокомандника/research_scripts/materialize_final6h_extra90m.py | пайплайн сокомандника/research_scripts/run_best_bas_fixedstack_14h_v2.py,,"Ridge, blend",227 tabular features,Source: `пайплайн сокомандника/review_bundles/extra90_REVIEW_BUNDLE_20260823_222555_extracted/results/ALL_EXTRA90_VALIDATION.csv`,| wcv | 1.7480270379086813 |,None documented,Seed from src/config.py unless the preserved card explicitly states otherwise,See preserved experiment card and frozen implementation,None documented,Competition train.parquet and sample_submit.csv; additional artifacts are listed in the card,PARTIAL: exact result rows and runner code survive; checkpoint bank and raw data are external,Recovered from 2 result-table row(s); no score or parameter was inferred.,README.md
teammate_candidate__xmeta_stable4_p17_l31_plain_blend_ridge_recentpow1p7_s075_greedy35_finalizable_pr85,teammate_candidate,xmeta_stable4_p17_l31_plain__blend_ridge_recentpow1p7_s075__greedy35_finalizable_pr85,Teammate candidate — xmeta_stable4_p17_l31_plain__blend_ridge_recentpow1p7_s075__greedy35_finalizable_pr85,completed teammate candidate/subrun,пайплайн сокомандника/review_bundles/extra90_REVIEW_BUNDLE_20260823_222555_extracted/results/ALL_EXTRA90_VALIDATION.csv,external teammate review bundles,NOT_IN_GIT_HISTORY,пайплайн сокомандника/research_scripts/continue_fixedstack_combo_10h.py | пайплайн сокомандника/research_scripts/continue_best_bas_final6h.py | пайплайн сокомандника/research_scripts/materialize_final6h_extra90m.py | пайплайн сокомандника/research_scripts/run_best_bas_fixedstack_14h_v2.py,,"Ridge, blend",See preserved experiment card and implementation,Source: `пайплайн сокомандника/review_bundles/extra90_REVIEW_BUNDLE_20260823_222555_extracted/results/ALL_EXTRA90_VALIDATION.csv`,| wcv | 1.7481231677525337 |,None documented,Seed from src/config.py unless the preserved card explicitly states otherwise,See preserved experiment card and frozen implementation,None documented,Competition train.parquet and sample_submit.csv; additional artifacts are listed in the card,PARTIAL: exact result rows and runner code survive; checkpoint bank and raw data are external,Recovered from 1 result-table row(s); no score or parameter was inferred.,README.md
teammate_candidate__xmeta_stable4_p17_l31_risk_blend_ridge_recentpow1p7_s075_greedy35_finalizable_pr85,teammate_candidate,xmeta_stable4_p17_l31_risk__blend_ridge_recentpow1p7_s075__greedy35_finalizable_pr85,Teammate candidate — xmeta_stable4_p17_l31_risk__blend_ridge_recentpow1p7_s075__greedy35_finalizable_pr85,completed teammate candidate/subrun,пайплайн сокомандника/review_bundles/extra90_REVIEW_BUNDLE_20260823_222555_extracted/results/ALL_EXTRA90_VALIDATION.csv | пайплайн сокомандника/review_bundles/extra90_REVIEW_BUNDLE_20260823_222555_extracted/results/MATERIALIZED_CANDIDATES.csv,external teammate review bundles,NOT_IN_GIT_HISTORY,пайплайн сокомандника/research_scripts/continue_fixedstack_combo_10h.py | пайплайн сокомандника/research_scripts/continue_best_bas_final6h.py | пайплайн сокомандника/research_scripts/materialize_final6h_extra90m.py | пайплайн сокомандника/research_scripts/run_best_bas_fixedstack_14h_v2.py,,"Ridge, blend",See preserved experiment card and implementation,Source: `пайплайн сокомандника/review_bundles/extra90_REVIEW_BUNDLE_20260823_222555_extracted/results/ALL_EXTRA90_VALIDATION.csv`,| wcv | 1.7480617668417342 |,None documented,Seed from src/config.py unless the preserved card explicitly states otherwise,See preserved experiment card and frozen implementation,None documented,Competition train.parquet and sample_submit.csv; additional artifacts are listed in the card,PARTIAL: exact result rows and runner code survive; checkpoint bank and raw data are external,Recovered from 2 result-table row(s); no score or parameter was inferred.,README.md
teammate_candidate__xraw_occ_r10_fast_adapt_blend_ridge_recentpow1p7_s075_greedy35_finalizable_pr85,teammate_candidate,xraw_occ_r10_fast_adapt__blend_ridge_recentpow1p7_s075__greedy35_finalizable_pr85,Teammate candidate — xraw_occ_r10_fast_adapt__blend_ridge_recentpow1p7_s075__greedy35_finalizable_pr85,completed teammate candidate/subrun,пайплайн сокомандника/review_bundles/extra90_REVIEW_BUNDLE_20260823_222555_extracted/results/ALL_EXTRA90_VALIDATION.csv | пайплайн сокомандника/review_bundles/extra90_REVIEW_BUNDLE_20260823_222555_extracted/results/FINAL_FOUR.csv | пайплайн сокомандника/review_bundles/extra90_REVIEW_BUNDLE_20260823_222555_extracted/results/MATERIALIZED_CANDIDATES.csv,external teammate review bundles,NOT_IN_GIT_HISTORY,пайплайн сокомандника/research_scripts/continue_fixedstack_combo_10h.py | пайплайн сокомандника/research_scripts/continue_best_bas_final6h.py | пайплайн сокомандника/research_scripts/materialize_final6h_extra90m.py | пайплайн сокомандника/research_scripts/run_best_bas_fixedstack_14h_v2.py,,"Ridge, blend",227 tabular features,Source: `пайплайн сокомандника/review_bundles/extra90_REVIEW_BUNDLE_20260823_222555_extracted/results/ALL_EXTRA90_VALIDATION.csv`,| wcv | 1.7481791013308823 |,| file | C:\Users\Dimentiy\repoVScode\Ozon-ecup\src\DL\best_bas\_best_bas_extra90m\submissions\submission_extra90_3_xraw_occ_r10_fast_adapt__blend_ridge_recentpow1p7_s075__greedy35_finalizable_pr85.csv |,Seed from src/config.py unless the preserved card explicitly states otherwise,See preserved experiment card and frozen implementation,None documented,Competition train.parquet and sample_submit.csv; additional artifacts are listed in the card,PARTIAL: exact result rows and runner code survive; checkpoint bank and raw data are external,Recovered from 3 result-table row(s); no score or parameter was inferred.,README.md
teammate_candidate__xraw_occ_r20_shallow_adapt_blend_ridge_recentpow1p7_s075_greedy35_finalizable_pr85,teammate_candidate,xraw_occ_r20_shallow_adapt__blend_ridge_recentpow1p7_s075__greedy35_finalizable_pr85,Teammate candidate — xraw_occ_r20_shallow_adapt__blend_ridge_recentpow1p7_s075__greedy35_finalizable_pr85,completed teammate candidate/subrun,пайплайн сокомандника/review_bundles/extra90_REVIEW_BUNDLE_20260823_222555_extracted/results/ALL_EXTRA90_VALIDATION.csv | пайплайн сокомандника/review_bundles/extra90_REVIEW_BUNDLE_20260823_222555_extracted/results/MATERIALIZED_CANDIDATES.csv,external teammate review bundles,NOT_IN_GIT_HISTORY,пайплайн сокомандника/research_scripts/continue_fixedstack_combo_10h.py | пайплайн сокомандника/research_scripts/continue_best_bas_final6h.py | пайплайн сокомандника/research_scripts/materialize_final6h_extra90m.py | пайплайн сокомандника/research_scripts/run_best_bas_fixedstack_14h_v2.py,,"Ridge, blend",See preserved experiment card and implementation,Source: `пайплайн сокомандника/review_bundles/extra90_REVIEW_BUNDLE_20260823_222555_extracted/results/ALL_EXTRA90_VALIDATION.csv`,| wcv | 1.748244896111739 |,None documented,Seed from src/config.py unless the preserved card explicitly states otherwise,See preserved experiment card and frozen implementation,None documented,Competition train.parquet and sample_submit.csv; additional artifacts are listed in the card,PARTIAL: exact result rows and runner code survive; checkpoint bank and raw data are external,Recovered from 2 result-table row(s); no score or parameter was inferred.,README.md
teammate_candidate__xraw_occ_r22_stable_adapt_blend_ridge_recentpow1p7_s075_greedy35_finalizable_pr85,teammate_candidate,xraw_occ_r22_stable_adapt__blend_ridge_recentpow1p7_s075__greedy35_finalizable_pr85,Teammate candidate — xraw_occ_r22_stable_adapt__blend_ridge_recentpow1p7_s075__greedy35_finalizable_pr85,completed teammate candidate/subrun,пайплайн сокомандника/review_bundles/extra90_REVIEW_BUNDLE_20260823_222555_extracted/results/ALL_EXTRA90_VALIDATION.csv,external teammate review bundles,NOT_IN_GIT_HISTORY,пайплайн сокомандника/research_scripts/continue_fixedstack_combo_10h.py | пайплайн сокомандника/research_scripts/continue_best_bas_final6h.py | пайплайн сокомандника/research_scripts/materialize_final6h_extra90m.py | пайплайн сокомандника/research_scripts/run_best_bas_fixedstack_14h_v2.py,,"Ridge, blend",See preserved experiment card and implementation,Source: `пайплайн сокомандника/review_bundles/extra90_REVIEW_BUNDLE_20260823_222555_extracted/results/ALL_EXTRA90_VALIDATION.csv`,| wcv | 1.7482570407780222 |,None documented,Seed from src/config.py unless the preserved card explicitly states otherwise,See preserved experiment card and frozen implementation,None documented,Competition train.parquet and sample_submit.csv; additional artifacts are listed in the card,PARTIAL: exact result rows and runner code survive; checkpoint bank and raw data are external,Recovered from 1 result-table row(s); no score or parameter was inferred.,README.md
new_direction__claude_cowork_high_upside_review,new_direction,CLAUDE_COWORK_HIGH_UPSIDE_REVIEW,High-upside research review — independent audit and experiment selection,late research direction / experiment package,research/new_directions/CLAUDE_COWORK_HIGH_UPSIDE_REVIEW,origin/team-a late research package,cdf74c77108e3b731f9ecb4f4e8f7b198cbded66,research/new_directions/CLAUDE_COWORK_HIGH_UPSIDE_REVIEW/ANALYSIS.md | research/new_directions/CLAUDE_COWORK_HIGH_UPSIDE_REVIEW/SELECTED_EXPERIMENT.md,,"LightGBM, sequence model, BTYD, Ridge, two-part / hurdle, ensemble, blend","holiday/YoY features, calendar features, recency, freshness/conditional features, funnel features, occurrence features, gap/burst features, 227 tabular features",Parity check of my own evaluator against the registered numbers: EXP-037 wCV reproduces to,`−0.00108` wCV. A single new candidate at `−0.0015…−0.002` would have to be roughly twice the,"`C_lgbm_exp015_regen.csv` and `submission_BTYD05.csv`, reference `last (1).csv`, mean-N metric,","`oof_projection_metrics.json`, `seed_robustness.csv`, `runtime_resources.json`,",See preserved experiment card and frozen implementation,"twice), verify the level shift is `≈0`, then and only then add it to the incumbent TEST geometry",Competition train.parquet and sample_submit.csv; additional artifacts are listed in the card,"PARTIAL: the report survives, but no experiment launcher was recoverable from this package","Directory-level audit unit: 4 files, 0 launcher/helper scripts, 2 preserved report documents. Numeric claims are copied from those reports.",README.md
new_direction__claude_private_objective,new_direction,CLAUDE_PRIVATE_OBJECTIVE,E-CUP — аудит и выбор следующего эксперимента,late research direction / experiment package,research/new_directions/CLAUDE_PRIVATE_OBJECTIVE,origin/team-a late research package,cdf74c77108e3b731f9ecb4f4e8f7b198cbded66,research/new_directions/CLAUDE_PRIVATE_OBJECTIVE/build_private_optimal.py | research/new_directions/CLAUDE_PRIVATE_OBJECTIVE/REPORT.md,,"LightGBM, sequence model, BTYD, Ridge, two-part / hurdle, calibration diagnostic","holiday/YoY features, calendar features, freshness/conditional features, 227 tabular features",| wCV EXP-037 | 1.7475098627 | 1.7475098625 |,"Ноль обучения, один сабмит, ожидаемый Δprivate = −4.69e−05 RMSLE.",второй out-of-sample точки для калибровки τ на ортогональных направлениях — её даёт сабмит №2;,"EXP074 показал утрату чекпоинтов seed-42, EXP071 закрыл ETX-FRESH, и любой результат",See preserved experiment card and frozen implementation,"0.007 < |p_v| < 0.020: уровень среднего существующего направления → реализовать через α*, программу не наращивать.",Competition train.parquet and sample_submit.csv; additional artifacts are listed in the card,FULL when the data/frozen artifacts named by the report are present,"Directory-level audit unit: 2 files, 1 launcher/helper scripts, 1 preserved report documents. Numeric claims are copied from those reports.",README.md
new_direction__claude_private_v2,new_direction,CLAUDE_PRIVATE_V2,Три действия для приватного борда,late research direction / experiment package,research/new_directions/CLAUDE_PRIVATE_V2,origin/team-a late research package,cdf74c77108e3b731f9ecb4f4e8f7b198cbded66,research/new_directions/CLAUDE_PRIVATE_V2/build_private_v2.py | research/new_directions/CLAUDE_PRIVATE_V2/REPORT3.md,,"LightGBM, sequence model, Ridge, calibration diagnostic","calendar features, freshness/conditional features, occurrence features, EWM aggregates","| κ — концентрационный множитель| измерен напрямую на OOF: медиана 1.15, IQR [1.09,1.18], 4 фолда × 12 направлений| FACT предыдущие сессии брали 2.0 (их же признанная верхняя граница)",MSE несмещённо; 2.1e−04 RMSLE,"Пересчитано в этой сессии из Z.npz, scores/submissions.csv (73 файла), 06/07_ALIGNED_*.parquet, четырёх геометрических кандидатов и четырёх ранее не учтённых оценённых сабмитов. Геометрия: 69 уравнений, K = 58, R = 2.7199234, остаток МНК 1.1e−05, tr Cov(p̂) = 0.0051315, κ = 1.15. Ни один существующий артефакт не изменён; всё новое лежит в research/new_directions/CLAUDE_PRIVATE_V2/.",| Повторное тяжёлое обучение SEQ/ETX| ≈ 0| EXP074 показал утрату чекпоинтов seed-42; EXP071 закрыт; и у результата не было бы валидационного канала с ненулевым переносом,See preserved experiment card and frozen implementation,"Уровень усадки подтверждён (реализовано 80% предсказанного), инфляция sd снижена 1.29 → 1.19. FACT",Competition train.parquet and sample_submit.csv; additional artifacts are listed in the card,FULL when the data/frozen artifacts named by the report are present,"Directory-level audit unit: 3 files, 1 launcher/helper scripts, 1 preserved report documents. Numeric claims are copied from those reports.",README.md
new_direction__claude_public_ceiling,new_direction,CLAUDE_PUBLIC_CEILING,Потолок публичного лидерборда,late research direction / experiment package,research/new_directions/CLAUDE_PUBLIC_CEILING,origin/team-a late research package,cdf74c77108e3b731f9ecb4f4e8f7b198cbded66,research/new_directions/CLAUDE_PUBLIC_CEILING/build_public_eb.py | research/new_directions/CLAUDE_PUBLIC_CEILING/REPORT2.md,,"LightGBM, calibration diagnostic","holiday/YoY features, calendar features, freshness/conditional features, 227 tabular features","Обучение оправдано только если ожидаемое a нового направления заметно больше нуля — иначе E[q_P²] = 8.70e−05 достигается любым ортогональным вектором вообще без обучения, и тратить на это часы бессмысленно. Измеренный перенос офлайн→тест τ̂ = 0.076 ± 0.046 означает, что OOF не даёт права ожидать большого a ни для какой модели, отобранной по wCV.","FACT SUBMIT_PRIVATE_OPTIMAL.csv → 1.6468136172663015. Прогноз был 1.6470304 ± 0.000068. Невязка −2.168e−04 RMSLE = −3.19σ. По моему же критерию это выход за 3σ-окно — то есть предыдущая модель провалила собственную калибровку, хоть и в благоприятную сторону.","Все числа пересчитаны в этой сессии из submission_geometry/cache/Z.npz (67×250 000), scores/submissions.csv, SUBMIT_NEXT_BEST.csv, SUBMIT_v2_shrunk.csv и нового факта SUBMIT_PRIVATE_OPTIMAL → 1.6468136172663015. Геометрия воспроизведена независимо: ранг 58, R = 2.7199201, остаток OLS 4.23e−06, ‖p̂‖² = 0.0113332. Файлы существующих экспериментов не изменялись. Предыдущий отчёт (Приватная переоценка E-CUP) остаётся аудиторской записью прогноза, сделанного до этого измерения; его §3 о потолке внутр","| модель| LightGBM regression на log1p(y30), блок config/competition.yaml:lightgbm, 400 раундов, seed 42, deterministic",See preserved experiment card and frozen implementation,"Ожидаемый путь. Сабмит 1 даёт 1.64625. Сабмиты 2–7 доводят примерно до 1.64604. Дальше каждый ортогональный зонд добавляет 2.6e−05 RMSLE и больше, если направление несёт сигнал. Чтобы дойти до 1.64495, нужно ещё 4.28e−03 MSE — при самом благоприятном реалистичном качестве направлений это 3–5 новых взаимно ортогональных моделей уровня лучших за всю историю проекта плюс по зонду на каждую. PREDICTION вероятность достичь 1.64495 в оставшемся бюджете сабмитов — низкая; вероятность достичь 1.6460–1.6",Competition train.parquet and sample_submit.csv; additional artifacts are listed in the card,FULL when the data/frozen artifacts named by the report are present,"Directory-level audit unit: 2 files, 1 launcher/helper scripts, 1 preserved report documents. Numeric claims are copied from those reports.",README.md
new_direction__exp069_btyd05_fresh1_prod,new_direction,EXP069_BTYD05_FRESH1_PROD,EXP069 BTYD05 FRESH1 production report,late research direction / experiment package,research/new_directions/EXP069_BTYD05_FRESH1_PROD,origin/team-a late research package,cdf74c77108e3b731f9ecb4f4e8f7b198cbded66,research/new_directions/EXP069_BTYD05_FRESH1_PROD/finalize_production.py | research/new_directions/EXP069_BTYD05_FRESH1_PROD/report.md | research/new_directions/EXP069_BTYD05_FRESH1_PROD/run_oof_analysis.py | research/new_directions/EXP069_BTYD05_FRESH1_PROD/train_production_fresh.py | research/new_directions/EXP069_BTYD05_FRESH1_PROD/validate_outputs.py,,"sequence model, BTYD, Ridge","freshness/conditional features, 227 tabular features","All 770,616 unique canonical `(fold,user_id)` rows and targets align exactly. EXP-037 reconstructs from CAP/UNC/DIST/SEQ-AVG3/ETX-AVG3 with maximum log error `5.912e-08`; BTYD05 maximum log error is `1.138e-07`. Registered parity passed. EXP-037 wCV is `1.747509862493`.","All 770,616 unique canonical `(fold,user_id)` rows and targets align exactly. EXP-037 reconstructs from CAP/UNC/DIST/SEQ-AVG3/ETX-AVG3 with maximum log error `5.912e-08`; BTYD05 maximum log error is `1.138e-07`. Registered parity passed. EXP-037 wCV is `1.747509862493`.",ADD_TO_SUBMISSION_GEOMETRY,The encoder used only the 29 CLEAN cutoff grid through 2025-10-16. EXTRA comprises only positive-target rows at the 13 preregistered cutoffs and updates only conditional amount heads. Two splitmix donor sides and seeds 42/43/44 were averaged in log space. The encoder checksum was unchanged. Frozen OOF preprocessing parameters were applied to TEST without TEST centering or variance matching. Production regime: **PASS**; schema: **PASS**.,See preserved experiment card and frozen implementation,"No submission was uploaded and no public-LB equation or score was used for evaluation, selection, scaling, or level fitting.",Competition train.parquet and sample_submit.csv; additional artifacts are listed in the card,FULL when the data/frozen artifacts named by the report are present,"Directory-level audit unit: 24 files, 4 launcher/helper scripts, 1 preserved report documents. Numeric claims are copied from those reports.",README.md
new_direction__exp070_count_value_moe,new_direction,EXP070_COUNT_VALUE_MOE,EXP070_COUNT_VALUE_MOE — final report,late research direction / experiment package,research/new_directions/EXP070_COUNT_VALUE_MOE,origin/team-a late research package,cdf74c77108e3b731f9ecb4f4e8f7b198cbded66,research/new_directions/EXP070_COUNT_VALUE_MOE/finalize_runtime_stop.py | research/new_directions/EXP070_COUNT_VALUE_MOE/report.md | research/new_directions/EXP070_COUNT_VALUE_MOE/run_experiment.py,,"LightGBM, Ridge","calendar features, recency, 227 tabular features","This is an operationally conservative rejection: the latest-fold pilot passed, but exact fixed training required about 45 minutes per largest fold pair. The two-hour hard stop was reached before `2025-10-02`; therefore canonical four-fold wCV and honest three-donor LOFO do not exist. No PASS or WEAK_SIGNAL claim is inferred from an incomplete fold set.",The diagnostic three-fold `1:2:8` replacement delta is `-0.000086647` and real-minus-shuffled is `-0.000052609`. This is explicitly **not canonical wCV** and is not a selection result.,None documented,Seed from src/config.py unless the preserved card explicitly states otherwise,See preserved experiment card and frozen implementation,None documented,Competition train.parquet and sample_submit.csv; additional artifacts are listed in the card,FULL when the data/frozen artifacts named by the report are present,"Directory-level audit unit: 24 files, 2 launcher/helper scripts, 1 preserved report documents. Numeric claims are copied from those reports.",README.md
new_direction__exp071_etx_fresh_contrast,new_direction,EXP071_ETX_FRESH_CONTRAST,EXP071_ETX_FRESH_CONTRAST,late research direction / experiment package,research/new_directions/EXP071_ETX_FRESH_CONTRAST,origin/team-a late research package,cdf74c77108e3b731f9ecb4f4e8f7b198cbded66,research/new_directions/EXP071_ETX_FRESH_CONTRAST/report.md | research/new_directions/EXP071_ETX_FRESH_CONTRAST/run_experiment.py,,"dilated TCN, sequence model",freshness/conditional features,## 5. Full fold and wCV metrics,Unknown / not recoverable from repository history,"EXTRA contributes only positive conditional-amount rows from the opposite splitmix64 user side. It never updates the ETX encoder, tokenizer, zero/nonzero probability, EXP-037 components, validation labels, eligibility, or normalization. Production status: `{""status"": ""SKIPPED"", ""reason"": ""REJECT_PILOT"", ""rule"": ""production inference is authorized only after provisional PASS TYPE A/B"", ""public_lb_used"": false, ""submission_uploaded"": false}`. Public LB use and upload are both false.",The OOF raw file is explicitly marked `PILOT_ONLY_SEED42` after a pilot rejection. TEST and candidate artifacts are not fabricated when production is not authorized.,See preserved experiment card and frozen implementation,None documented,Competition train.parquet and sample_submit.csv; additional artifacts are listed in the card,FULL when the data/frozen artifacts named by the report are present,"Directory-level audit unit: 19 files, 1 launcher/helper scripts, 1 preserved report documents. Numeric claims are copied from those reports.",README.md
new_direction__exp072_lwa_tab,new_direction,EXP072_LWA_TAB,EXP072 LWA TAB — final report,late research direction / experiment package,research/new_directions/EXP072_LWA_TAB,origin/team-a late research package,cdf74c77108e3b731f9ecb4f4e8f7b198cbded66,research/new_directions/EXP072_LWA_TAB/report.md | research/new_directions/EXP072_LWA_TAB/run_experiment.py,,Unknown / not recoverable from repository history,"holiday/YoY features, freshness/conditional features","The legal late-window conditional-amount channel does not scale in the preregistered full-capacity tabular form. Full four-fold validation, seed robustness, bootstrap analysis, OOF vector production, and all TEST inference were stopped exactly at the pilot gate.",Unknown / not recoverable from repository history,None documented,"CLOSE_FAMILY.** The single most informative next measurement would be a genuinely different legal late-window data channel with a preregistered matched-row control; another model, seed, round count, or feature manipulation on this same conditional-positive tabular channel is not authorized by this experiment.",See preserved experiment card and frozen implementation,None documented,Competition train.parquet and sample_submit.csv; additional artifacts are listed in the card,FULL when the data/frozen artifacts named by the report are present,"Directory-level audit unit: 19 files, 1 launcher/helper scripts, 1 preserved report documents. Numeric claims are copied from those reports.",README.md
new_direction__exp073_lwa_control_variate,new_direction,EXP073_LWA_CONTROL_VARIATE,EXP073 — LWA FRESH−VOL Control-Variate Correction,late research direction / experiment package,research/new_directions/EXP073_LWA_CONTROL_VARIATE,origin/team-a late research package,cdf74c77108e3b731f9ecb4f4e8f7b198cbded66,research/new_directions/EXP073_LWA_CONTROL_VARIATE/report.md | research/new_directions/EXP073_LWA_CONTROL_VARIATE/run_experiment.py,,Unknown / not recoverable from repository history,freshness/conditional features,## Confirmation and full canonical validation,Unknown / not recoverable from repository history,None documented,"REJECT_HEADROOM**. Failed Stage 0 gate(s): `corr_fresh_vol, theoretical_optimal_gain`. The protocol stops before the untouched confirmation fold, seed 43, full OOF, TEST inference, and submission creation.",See preserved experiment card and frozen implementation,The complete frozen alpha curve is in `stage0_alpha_curve.csv`; row-level parity and correction vectors are in `stage0_design_rows.parquet`.,Competition train.parquet and sample_submit.csv; additional artifacts are listed in the card,FULL when the data/frozen artifacts named by the report are present,"Directory-level audit unit: 7 files, 1 launcher/helper scripts, 1 preserved report documents. Numeric claims are copied from those reports.",README.md
new_direction__exp074_seq_temporal_dist16,new_direction,EXP074_SEQ_TEMPORAL_DIST16,EXP074 — SEQ Temporal DIST16 Head,late research direction / experiment package,research/new_directions/EXP074_SEQ_TEMPORAL_DIST16,origin/team-a late research package,cdf74c77108e3b731f9ecb4f4e8f7b198cbded66,research/new_directions/EXP074_SEQ_TEMPORAL_DIST16/report.md | research/new_directions/EXP074_SEQ_TEMPORAL_DIST16/run_reconnaissance.py | research/new_directions/EXP074_SEQ_TEMPORAL_DIST16/test_reconnaissance.py,python run_reconnaissance.py` completed successfully. Pytest result: **5 passed**.,"LightGBM, dilated TCN, sequence model",See preserved experiment card and implementation,"## Full/nested wCV, seed robustness and bootstrap",Unknown / not recoverable from repository history,None documented,"minimum all seed-42 fold checkpoints and its production checkpoint, plus",See preserved experiment card and frozen implementation,None documented,Competition train.parquet and sample_submit.csv; additional artifacts are listed in the card,FULL when the data/frozen artifacts named by the report are present,"Directory-level audit unit: 7 files, 2 launcher/helper scripts, 1 preserved report documents. Numeric claims are copied from those reports.",README.md
new_direction__exp075_confirmation,new_direction,EXP075_CONFIRMATION,EXP075 — independent confirmatory audit,late research direction / experiment package,research/new_directions/EXP075_CONFIRMATION,origin/team-a late research package,cdf74c77108e3b731f9ecb4f4e8f7b198cbded66,research/new_directions/EXP075_CONFIRMATION/code/a2_cnn.py | research/new_directions/EXP075_CONFIRMATION/code/build_panel.py | research/new_directions/EXP075_CONFIRMATION/code/final_analysis.py | research/new_directions/EXP075_CONFIRMATION/code/frozen_pipeline.py | research/new_directions/EXP075_CONFIRMATION/code/hist_span.py | research/new_directions/EXP075_CONFIRMATION/code/math_required.py | research/new_directions/EXP075_CONFIRMATION/code/post_boot.py | research/new_directions/EXP075_CONFIRMATION/code/run_fold.py | research/new_directions/EXP075_CONFIRMATION/code/scenarios.py | research/new_directions/EXP075_CONFIRMATION/code/survivor_effect.py | research/new_directions/EXP075_CONFIRMATION/code/test_correction.py | research/new_directions/EXP075_CONFIRMATION/REPORT.md,,"LightGBM, CatBoost, BTYD, Ridge, two-part / hurdle","recency, gap/burst features, EWM aggregates","| held-out user not scored by a model trained on his target | training targets end at `cutoff-5`, validation target starts at `cutoff+1`; windows never overlap |",worse* by `+0.00104` RMSLE. The bet is close to symmetric.,None documented,Seed from src/config.py unless the preserved card explicitly states otherwise,See preserved experiment card and frozen implementation,| realised ORTH transfer level | 0.01416 | +0.0006911 | +0.0002099 | 1.6463697 | 0.045674 |,Competition train.parquet and sample_submit.csv; additional artifacts are listed in the card,FULL when the data/frozen artifacts named by the report are present,"Directory-level audit unit: 26 files, 11 launcher/helper scripts, 1 preserved report documents. Numeric claims are copied from those reports.",README.md
new_direction__exp075_out_of_span_residual_signals,new_direction,EXP075_OUT_OF_SPAN_RESIDUAL_SIGNALS,EXP075 — Search for new out-of-span residual signals,late research direction / experiment package,research/new_directions/EXP075_OUT_OF_SPAN_RESIDUAL_SIGNALS,origin/team-a late research package,cdf74c77108e3b731f9ecb4f4e8f7b198cbded66,research/new_directions/EXP075_OUT_OF_SPAN_RESIDUAL_SIGNALS/analyze_joint.py | research/new_directions/EXP075_OUT_OF_SPAN_RESIDUAL_SIGNALS/analyze_joint_all.py | research/new_directions/EXP075_OUT_OF_SPAN_RESIDUAL_SIGNALS/analyze_joint_rho_bootstrap.py | research/new_directions/EXP075_OUT_OF_SPAN_RESIDUAL_SIGNALS/analyze_residual_correlations.py | research/new_directions/EXP075_OUT_OF_SPAN_RESIDUAL_SIGNALS/finalize_artifacts.py | research/new_directions/EXP075_OUT_OF_SPAN_RESIDUAL_SIGNALS/REPORT.md | research/new_directions/EXP075_OUT_OF_SPAN_RESIDUAL_SIGNALS/run_a1_clean_forward.py | research/new_directions/EXP075_OUT_OF_SPAN_RESIDUAL_SIGNALS/run_a2_cnn_pilot.py | research/new_directions/EXP075_OUT_OF_SPAN_RESIDUAL_SIGNALS/run_a2_full.py | research/new_directions/EXP075_OUT_OF_SPAN_RESIDUAL_SIGNALS/run_c_matched.py | research/new_directions/EXP075_OUT_OF_SPAN_RESIDUAL_SIGNALS/train_final_a1_180.py | research/new_directions/EXP075_OUT_OF_SPAN_RESIDUAL_SIGNALS/train_final_and_test_gate.py,,"LightGBM, BTYD, two-part / hurdle, ensemble, blend","calendar features, recency, freshness/conditional features, funnel features, occurrence features",## Validation audit,"A legitimate new residual mechanism was found. A1-365 (tree over an explicitly chronological daily/weekly tensor) reaches weighted clean-forward `rho=0.032954`; A2 (compact residual CNN) reaches `rho=0.030864`. Their correlation is only `0.418802`, and the rolling-forward joint direction reaches `rho=0.037940`, latest-fold `rho=0.034864`, nested `Delta RMSLE=-0.00125067`, bootstrap `P(Delta MSE<0)=1.000`.",Submission: `C:/Users/Admin/Desktop/e-cup-research-clean/submissions/SUBMIT_EXP075_JOINT_A1_365_A2.csv`,"6. **Highest-EV next experiment:** a focused two-branch daily+weekly temporal encoder trained on a strictly cross-fitted *post-A1-365 residual*, with the same four folds and an explicit orthogonality penalty to A1. This directly targets the measured missing conditional component instead of retuning the present blend. Run a cheap latest-plus-one-prior pilot, then at most three seeds only if conditional clean rho is at least `0.015` with positive latest sign. The remaining target is small enough (",See preserved experiment card and frozen implementation,Expected mechanism: the incumbent ensemble captures activity level and aggregate recency well but loses temporal path shape. A1 captures non-linear position-specific trajectory interactions; A2 captures local/dilated motifs. Their modest mutual correlation creates the joint gain.,Competition train.parquet and sample_submit.csv; additional artifacts are listed in the card,FULL when the data/frozen artifacts named by the report are present,"Directory-level audit unit: 45 files, 11 launcher/helper scripts, 1 preserved report documents. Numeric claims are copied from those reports.",README.md
new_direction__exp076_strong_baseline_validation_channel,new_direction,EXP076_STRONG_BASELINE_VALIDATION_CHANNEL,EXP076 — post-mortem EXP075 и strong-baseline validation channel,late research direction / experiment package,research/new_directions/EXP076_STRONG_BASELINE_VALIDATION_CHANNEL,origin/team-a late research package,cdf74c77108e3b731f9ecb4f4e8f7b198cbded66,research/new_directions/EXP076_STRONG_BASELINE_VALIDATION_CHANNEL/code/common.py | research/new_directions/EXP076_STRONG_BASELINE_VALIDATION_CHANNEL/code/s10_alpha_composition.py | research/new_directions/EXP076_STRONG_BASELINE_VALIDATION_CHANNEL/code/s11_matched_baseline.py | research/new_directions/EXP076_STRONG_BASELINE_VALIDATION_CHANNEL/code/s12_sbvc.py | research/new_directions/EXP076_STRONG_BASELINE_VALIDATION_CHANNEL/code/s13_regime.py | research/new_directions/EXP076_STRONG_BASELINE_VALIDATION_CHANNEL/code/s14_headroom.py | research/new_directions/EXP076_STRONG_BASELINE_VALIDATION_CHANNEL/code/s15_checks.py | research/new_directions/EXP076_STRONG_BASELINE_VALIDATION_CHANNEL/code/s16_ceiling.py | research/new_directions/EXP076_STRONG_BASELINE_VALIDATION_CHANNEL/code/s17_staleness.py | research/new_directions/EXP076_STRONG_BASELINE_VALIDATION_CHANNEL/code/s17b.py | research/new_directions/EXP076_STRONG_BASELINE_VALIDATION_CHANNEL/code/s18_decision.py | research/new_directions/EXP076_STRONG_BASELINE_VALIDATION_CHANNEL/code/s19_verify.py | research/new_directions/EXP076_STRONG_BASELINE_VALIDATION_CHANNEL/code/s1_lb_decode.py | research/new_directions/EXP076_STRONG_BASELINE_VALIDATION_CHANNEL/code/s20_level.py | research/new_directions/EXP076_STRONG_BASELINE_VALIDATION_CHANNEL/code/s21_level_exact.py | research/new_directions/EXP076_STRONG_BASELINE_VALIDATION_CHANNEL/code/s22_level_gate.py | research/new_directions/EXP076_STRONG_BASELINE_VALIDATION_CHANNEL/code/s2_align.py | research/new_directions/EXP076_STRONG_BASELINE_VALIDATION_CHANNEL/code/s3_build_matrix.py | research/new_directions/EXP076_STRONG_BASELINE_VALIDATION_CHANNEL/code/s4_ladder.py | research/new_directions/EXP076_STRONG_BASELINE_VALIDATION_CHANNEL/code/s5_channel.py | research/new_directions/EXP076_STRONG_BASELINE_VALIDATION_CHANNEL/code/s6_testspan.py | research/new_directions/EXP076_STRONG_BASELINE_VALIDATION_CHANNEL/code/s6a_span.py | research/new_directions/EXP076_STRONG_BASELINE_VALIDATION_CHANNEL/code/s6b_components.py | research/new_directions/EXP076_STRONG_BASELINE_VALIDATION_CHANNEL/code/s7_significance.py | research/new_directions/EXP076_STRONG_BASELINE_VALIDATION_CHANNEL/code/s8_test_span_sweep.py | research/new_directions/EXP076_STRONG_BASELINE_VALIDATION_CHANNEL/code/s9_family_ablation.py | research/new_directions/EXP076_STRONG_BASELINE_VALIDATION_CHANNEL/code/spanlib.py | research/new_directions/EXP076_STRONG_BASELINE_VALIDATION_CHANNEL/REPORT.md,,"LightGBM, event Transformer / ETX, dilated TCN, sequence model, BG/NBD, BTYD, Ridge, distribution head, ensemble, calibration diagnostic","holiday/YoY features, calendar features, recency, freshness/conditional features, occurrence features, gap/burst features",# EXP076 — post-mortem EXP075 и strong-baseline validation channel,"break-even всего на **1.6 %**, то есть на **+0.08 sigma**. Отсюда `ΔRMSLE =",Leaderboard для настройки чего-либо не использован. Сабмиты не отправлялись.,Seed from src/config.py unless the preserved card explicitly states otherwise,See preserved experiment card and frozen implementation,`s19` (независимая перепроверка) → `s20/s21/s22` (ось уровня).,Competition train.parquet and sample_submit.csv; additional artifacts are listed in the card,FULL when the data/frozen artifacts named by the report are present,"Directory-level audit unit: 50 files, 27 launcher/helper scripts, 1 preserved report documents. Numeric claims are copied from those reports.",README.md
new_direction__exp077_forward_stack,new_direction,EXP077_FORWARD_STACK,EXP077 — Forward Production Stack,late research direction / experiment package,research/new_directions/EXP077_FORWARD_STACK,origin/team-a late research package,cdf74c77108e3b731f9ecb4f4e8f7b198cbded66,research/new_directions/EXP077_FORWARD_STACK/REPORT.md | research/new_directions/EXP077_FORWARD_STACK/run_exp077.py,,"sequence model, BTYD, Ridge, ensemble, blend","holiday/YoY features, recency, freshness/conditional features, gap/burst features","| S1-E02 | TABULAR | `C:\Users\Admin\Desktop\OZON-E-CUP\artifacts\oof_S1-E02.npz` | `C:\Users\Admin\Desktop\OZON-E-CUP\artifacts\ztest_S1-UNC.npy` | 4/4: 2025-09-04,2025-09-18,2025-10-02,2025-10-16 | `C:\Users\Admin\Desktop\e-cup-research-clean\research\new_directions\EXP076_STRONG_BASELINE_VALIDATION_CHANNEL\code\s3_build_matrix.py` |",| 1_fold4_Delta_RMSLE_le_minus_0.0005 | PASS |,None documented,"| S1-SEEDAVG5 | TABULAR | `C:\Users\Admin\Desktop\OZON-E-CUP\artifacts\oof_S1-SEEDAVG5.npz` | `— (excluded from deployable fit)` | 4/4: 2025-09-04,2025-09-18,2025-10-02,2025-10-16 | `C:\Users\Admin\Desktop\OZON-E-CUP\artifacts\report_S1-SEEDAVG5.json` |",See preserved experiment card and frozen implementation,None documented,Competition train.parquet and sample_submit.csv; additional artifacts are listed in the card,FULL when the data/frozen artifacts named by the report are present,"Directory-level audit unit: 11 files, 1 launcher/helper scripts, 1 preserved report documents. Numeric claims are copied from those reports.",README.md
new_direction__exp078_level_forecast,new_direction,EXP078_LEVEL_FORECAST,EXP078 — Forward Global Level Forecast,late research direction / experiment package,research/new_directions/EXP078_LEVEL_FORECAST,origin/team-a late research package,cdf74c77108e3b731f9ecb4f4e8f7b198cbded66,research/new_directions/EXP078_LEVEL_FORECAST/REPORT.md | research/new_directions/EXP078_LEVEL_FORECAST/run_exp078.py,,Ridge,See preserved experiment card and implementation,## Rolling validation,remaining `Delta RMSLE = -0.001508246136`,None documented,Seed from src/config.py unless the preserved card explicitly states otherwise,See preserved experiment card and frozen implementation,"is **NO_GO_LEVEL**.  No residual/temporal search, EXP075 correction, user-level correction, public",Competition train.parquet and sample_submit.csv; additional artifacts are listed in the card,FULL when the data/frozen artifacts named by the report are present,"Directory-level audit unit: 8 files, 1 launcher/helper scripts, 1 preserved report documents. Numeric claims are copied from those reports.",README.md
new_direction__exp079_exp075_a040,new_direction,EXP079_EXP075_A040,EXP079 — EXP075 A040,late research direction / experiment package,research/new_directions/EXP079_EXP075_A040,origin/team-a late research package,cdf74c77108e3b731f9ecb4f4e8f7b198cbded66,research/new_directions/EXP079_EXP075_A040/REPORT.md | research/new_directions/EXP079_EXP075_A040/run_exp079.py,,Unknown / not recoverable from repository history,"recency, gap/burst features",Unknown / not recoverable from repository history,weighted Delta RMSLE = -9.6967654023e-06,None documented,Seed from src/config.py unless the preserved card explicitly states otherwise,See preserved experiment card and frozen implementation,| max abs log-space difference | 2.6207559e-08 |,Competition train.parquet and sample_submit.csv; additional artifacts are listed in the card,FULL when the data/frozen artifacts named by the report are present,"Directory-level audit unit: 5 files, 1 launcher/helper scripts, 1 preserved report documents. Numeric claims are copied from those reports.",README.md
new_direction__exp080_oracle_gap_attribution,new_direction,EXP080_ORACLE_GAP_ATTRIBUTION,EXP080 — Mathematical gap attribution,late research direction / experiment package,research/new_directions/EXP080_ORACLE_GAP_ATTRIBUTION,origin/team-a late research package,cdf74c77108e3b731f9ecb4f4e8f7b198cbded66,research/new_directions/EXP080_ORACLE_GAP_ATTRIBUTION/finalize.py | research/new_directions/EXP080_ORACLE_GAP_ATTRIBUTION/REPORT.md | research/new_directions/EXP080_ORACLE_GAP_ATTRIBUTION/run_observable.py | research/new_directions/EXP080_ORACLE_GAP_ATTRIBUTION/run_oracle.py,,"LightGBM, BTYD, Ridge, two-part / hurdle","recency, freshness/conditional features, gap/burst features, 227 tabular features","На production-like historical proxy средний residual равен `+0.0590`, но по фолдам меняет знак:",current RMSLE                 = 1.646143314225527,None documented,Seed from src/config.py unless the preserved card explicitly states otherwise,See preserved experiment card and frozen implementation,"prediction hashes, fold keys, targets, projection identities и/или сохранённые fold-level моменты,",Competition train.parquet and sample_submit.csv; additional artifacts are listed in the card,FULL when the data/frozen artifacts named by the report are present,"Directory-level audit unit: 23 files, 3 launcher/helper scripts, 1 preserved report documents. Numeric claims are copied from those reports.",README.md
new_direction__exp081_adversarial_bound_falsification,new_direction,EXP081_ADVERSARIAL_BOUND_FALSIFICATION,EXP081 — Adversarial falsification of EXP080 `NO_EVIDENCE`,late research direction / experiment package,research/new_directions/EXP081_ADVERSARIAL_BOUND_FALSIFICATION,origin/team-a late research package,cdf74c77108e3b731f9ecb4f4e8f7b198cbded66,research/new_directions/EXP081_ADVERSARIAL_BOUND_FALSIFICATION/finalize.py | research/new_directions/EXP081_ADVERSARIAL_BOUND_FALSIFICATION/REPORT.md | research/new_directions/EXP081_ADVERSARIAL_BOUND_FALSIFICATION/run_falsification.py | research/new_directions/EXP081_ADVERSARIAL_BOUND_FALSIFICATION/run_purged_tail.py,,"LightGBM, CatBoost, sequence model, Ridge, blend","holiday/YoY features, calendar features, recency, funnel features, gap/burst features, history-depth features, dataset/user fingerprint","Фолды разнесены на 14 дней, а label horizon равен 30 дням. Поэтому residual label предыдущего",current RMSLE                  1.646143314225527,None documented,"38-column EXP080 basis восстановлен из primary `observable_predictions.parquet`, seed arrays,",See preserved experiment card and frozen implementation,The backtest is honest for cohort-level transforms and gives no evidence that TEST ranks/density,Competition train.parquet and sample_submit.csv; additional artifacts are listed in the card,FULL when the data/frozen artifacts named by the report are present,"Directory-level audit unit: 24 files, 3 launcher/helper scripts, 1 preserved report documents. Numeric claims are copied from those reports.",README.md
new_direction__exp082_purged_temporal_residual,new_direction,EXP082_PURGED_TEMPORAL_RESIDUAL,EXP082 — Fully Purged Temporal Residual Validation,late research direction / experiment package,research/new_directions/EXP082_PURGED_TEMPORAL_RESIDUAL,origin/team-a late research package,cdf74c77108e3b731f9ecb4f4e8f7b198cbded66,research/new_directions/EXP082_PURGED_TEMPORAL_RESIDUAL/code/finalize_artifacts.py | research/new_directions/EXP082_PURGED_TEMPORAL_RESIDUAL/code/render_report.py | research/new_directions/EXP082_PURGED_TEMPORAL_RESIDUAL/code/run_components.py | research/new_directions/EXP082_PURGED_TEMPORAL_RESIDUAL/code/run_exp082.py | research/new_directions/EXP082_PURGED_TEMPORAL_RESIDUAL/REPORT.md,,"LightGBM, sequence model","recency, gap/burst features, history-depth features",# EXP082 — Fully Purged Temporal Residual Validation,"Nested ΔMSE: **0.00149662**; nested ΔRMSLE: **0.00042651**. Cluster-bootstrap 95% CI for ΔMSE: **[0.00107916, 0.00192116]**, `P(ΔMSE < 0)=0.0000`.",None documented,Frozen composition: `0.10 CAP + 0.20 UNC + 0.25 DIST + 0.225 SEQ-S42 + 0.225 ETX-S42`. SEQ/ETX use the allowed frozen single-seed approximation; no weights or model settings were tuned.,See preserved experiment card and frozen implementation,None documented,Competition train.parquet and sample_submit.csv; additional artifacts are listed in the card,FULL when the data/frozen artifacts named by the report are present,"Directory-level audit unit: 44 files, 4 launcher/helper scripts, 1 preserved report documents. Numeric claims are copied from those reports.",README.md
new_direction__exp083_information_loss_discovery,new_direction,EXP083_INFORMATION_LOSS_DISCOVERY,EXP083 — Information-loss / target-discovery audit,late research direction / experiment package,research/new_directions/EXP083_INFORMATION_LOSS_DISCOVERY,origin/team-a late research package,cdf74c77108e3b731f9ecb4f4e8f7b198cbded66,research/new_directions/EXP083_INFORMATION_LOSS_DISCOVERY/REPORT.md | research/new_directions/EXP083_INFORMATION_LOSS_DISCOVERY/run_discovery.py | research/new_directions/EXP083_INFORMATION_LOSS_DISCOVERY/run_multihorizon_heads.py,,"LightGBM, BTYD, Ridge","holiday/YoY features, calendar features, recency, funnel features, Search/Catalog decomposition, channel Shapley, gap/burst features, 227 tabular features","Gate A authorized one cheap pilot. For every validation cutoff, one multi-output Ridge was trained on four historical snapshots at lags `63/49/35/21` days. The longest label is `Y14`, and its latest training target ends seven days before validation. `Y30` and production residual were never training targets.",Delta RMSLE                 = +0.000301621,None documented,Seed from src/config.py unless the preserved card explicitly states otherwise,See preserved experiment card and frozen implementation,"The apparent span-only result is level-mediated: once the requested strong baseline conditioning and the production span are both enforced, oracle headroom falls below `0.001`. The purged binned pilot has `rho=0.001280`, `Delta MSE=+0.018947`, CI `[+0.016725,+0.021216]`, `P(gain)=0`. Individual post-span-plus-level correlations are tiny; the strongest weighted ones are about `0.00269` for search cart rate and `0.00250` for search order share.",Competition train.parquet and sample_submit.csv; additional artifacts are listed in the card,FULL when the data/frozen artifacts named by the report are present,"Directory-level audit unit: 17 files, 2 launcher/helper scripts, 1 preserved report documents. Numeric claims are copied from those reports.",README.md
new_direction__exp084_level_probe,new_direction,EXP084_LEVEL_PROBE,EXP084 — One-Shot Global Level Probe,late research direction / experiment package,research/new_directions/EXP084_LEVEL_PROBE,origin/team-a late research package,cdf74c77108e3b731f9ecb4f4e8f7b198cbded66,research/new_directions/EXP084_LEVEL_PROBE/REPORT.md,,Unknown / not recoverable from repository history,gap/burst features,"forward-OOF фолда (`2025-09-04` ... `2025-10-16`), composition-matched","| `>= 0.05` | крупная находка, способная объяснить существенную часть LB gap |",None documented,"С seed `84002026` выполнено 2,000 exact simple-random-without-replacement",See preserved experiment card and frozen implementation,| `0.03 <= |r_bar| < 0.05` | значимый level signal |,Competition train.parquet and sample_submit.csv; additional artifacts are listed in the card,"PARTIAL: the report survives, but no experiment launcher was recoverable from this package","Directory-level audit unit: 1 files, 0 launcher/helper scripts, 1 preserved report documents. Numeric claims are copied from those reports.",README.md
new_direction__exp085_competition_structure_forensic_audit,new_direction,EXP085_COMPETITION_STRUCTURE_FORENSIC_AUDIT,EXP085 — Competition-structure forensic audit,late research direction / experiment package,research/new_directions/EXP085_COMPETITION_STRUCTURE_FORENSIC_AUDIT,origin/team-a late research package,cdf74c77108e3b731f9ecb4f4e8f7b198cbded66,research/new_directions/EXP085_COMPETITION_STRUCTURE_FORENSIC_AUDIT/REPORT.md | research/new_directions/EXP085_COMPETITION_STRUCTURE_FORENSIC_AUDIT/run_calendar_profile.py | research/new_directions/EXP085_COMPETITION_STRUCTURE_FORENSIC_AUDIT/run_forensic_audit.py,,"LightGBM, event Transformer / ETX, BTYD, two-part / hurdle, distribution head, blend, calibration diagnostic","holiday/YoY features, calendar features, recency, funnel features, occurrence features, Search/Catalog decomposition, gap/burst features, dataset/user fingerprint, window aggregates",early validation имеет только 247 дней потенциальной истории против 409 у,current RMSLE                         1.646143314225527,"`production_reconstruction.json`, `submission_geometry_evidence.json`;",`0.001670/0.004854 MSE`; восемь узких seed/scale twin directions дали,See preserved experiment card and frozen implementation,4. **Global correction:** нужен оставшийся log-level error `0.07007`; level/LB,Competition train.parquet and sample_submit.csv; additional artifacts are listed in the card,FULL when the data/frozen artifacts named by the report are present,"Directory-level audit unit: 16 files, 2 launcher/helper scripts, 1 preserved report documents. Numeric claims are copied from those reports.",README.md
new_direction__exp086_occurrence_shock,new_direction,EXP086_OCCURRENCE_SHOCK,EXP086 — Occurrence Shock Residual,late research direction / experiment package,research/new_directions/EXP086_OCCURRENCE_SHOCK,origin/team-a late research package,cdf74c77108e3b731f9ecb4f4e8f7b198cbded66,research/new_directions/EXP086_OCCURRENCE_SHOCK/code/analyze.py | research/new_directions/EXP086_OCCURRENCE_SHOCK/code/run_components.py | research/new_directions/EXP086_OCCURRENCE_SHOCK/REPORT.md,,"LightGBM, BTYD, Ridge, two-part / hurdle, ensemble, blend","recency, funnel features, occurrence features, gap/burst features, 227 tabular features","| 8 raw occurrence heads | frozen `OCC_QUEUE` / `train_occ_child` | `1[GMV30 > 0]` | six 227-column and two 202-column normalized-long cutoff-safe tables | last 10–24 eligible weekly cutoffs, always `train cutoff + 30 <= validation cutoff` | exact source TEST child; not run after NO_GO | YES |","nested `Delta MSE = +0.000240322` и `Delta RMSLE = +0.00006833`, то есть correction ухудшает результат;",None documented,"Bootstrap выполнен как 2,000-replicate Poisson cluster bootstrap по `user_id` сразу через все transitions, seed `20260829`. CI целиком находится на стороне вреда. Expected robust `Delta RMSLE = +0.00006833`, а не improvement.",See preserved experiment card and frozen implementation,Incremental semantics здесь конкретна: “насколько восемь cutoff-capped incidence estimators и их meta learner изменяют вероятность следующего 30-дневного occurrence относительно `p_base` данного пользователя”. Это не global activity level и не повтор прямого GMV30 learner.,Competition train.parquet and sample_submit.csv; additional artifacts are listed in the card,FULL when the data/frozen artifacts named by the report are present,"Directory-level audit unit: 60 files, 2 launcher/helper scripts, 1 preserved report documents. Numeric claims are copied from those reports.",README.md
new_direction__exp087_dynamic_factor_residual,new_direction,EXP087_DYNAMIC_FACTOR_RESIDUAL,EXP087 — Dynamic Factor Residual,late research direction / experiment package,research/new_directions/EXP087_DYNAMIC_FACTOR_RESIDUAL,origin/team-a late research package,cdf74c77108e3b731f9ecb4f4e8f7b198cbded66,research/new_directions/EXP087_DYNAMIC_FACTOR_RESIDUAL/REPORT.md | research/new_directions/EXP087_DYNAMIC_FACTOR_RESIDUAL/run_exp087.py,,Ridge,"calendar features, recency, gap/burst features",Unknown / not recoverable from repository history,Unknown / not recoverable from repository history,None documented,Seed from src/config.py unless the preserved card explicitly states otherwise,See preserved experiment card and frozen implementation,обычный monetary-level predictor.,Competition train.parquet and sample_submit.csv; additional artifacts are listed in the card,FULL when the data/frozen artifacts named by the report are present,"Directory-level audit unit: 10 files, 1 launcher/helper scripts, 1 preserved report documents. Numeric claims are copied from those reports.",README.md
new_direction__exp088_a1_a2_tomography,new_direction,EXP088_A1_A2_TOMOGRAPHY,EXP088 — A1/A2 Residual-Plane Tomography,late research direction / experiment package,research/new_directions/EXP088_A1_A2_TOMOGRAPHY,origin/team-a late research package,cdf74c77108e3b731f9ecb4f4e8f7b198cbded66,research/new_directions/EXP088_A1_A2_TOMOGRAPHY/REPORT.md | research/new_directions/EXP088_A1_A2_TOMOGRAPHY/run_exp088.py,,Unknown / not recoverable from repository history,See preserved experiment card and implementation,Unknown / not recoverable from repository history,Unknown / not recoverable from repository history,None documented,Seed from src/config.py unless the preserved card explicitly states otherwise,See preserved experiment card and frozen implementation,None documented,Competition train.parquet and sample_submit.csv; additional artifacts are listed in the card,FULL when the data/frozen artifacts named by the report are present,"Directory-level audit unit: 3 files, 1 launcher/helper scripts, 1 preserved report documents. Numeric claims are copied from those reports.",README.md
new_direction__exp089_joint_v2_plane_resolution,new_direction,EXP089_JOINT_V2_PLANE_RESOLUTION,EXP089 — JOINT_V2 Plane Resolution,late research direction / experiment package,research/new_directions/EXP089_JOINT_V2_PLANE_RESOLUTION,origin/team-a late research package,cdf74c77108e3b731f9ecb4f4e8f7b198cbded66,research/new_directions/EXP089_JOINT_V2_PLANE_RESOLUTION/REPORT.md | research/new_directions/EXP089_JOINT_V2_PLANE_RESOLUTION/run_exp089.py,,Unknown / not recoverable from repository history,See preserved experiment card and implementation,Unknown / not recoverable from repository history,predicts a diagnostic optimum at RMSLE `1.645894652126`,None documented,Seed from src/config.py unless the preserved card explicitly states otherwise,See preserved experiment card and frozen implementation,The level probe is exactly EXP075 plus a constant in log space; its centered,Competition train.parquet and sample_submit.csv; additional artifacts are listed in the card,FULL when the data/frozen artifacts named by the report are present,"Directory-level audit unit: 9 files, 1 launcher/helper scripts, 1 preserved report documents. Numeric claims are copied from those reports.",README.md
new_direction__exp090_team_b_audit,new_direction,EXP090_TEAM_B_AUDIT,EXP090 — Team-B Solution Audit,late research direction / experiment package,research/new_directions/EXP090_TEAM_B_AUDIT,origin/team-a late research package,cdf74c77108e3b731f9ecb4f4e8f7b198cbded66,research/new_directions/EXP090_TEAM_B_AUDIT/REPORT.md | research/new_directions/EXP090_TEAM_B_AUDIT/reproduce_team_b.py | research/new_directions/EXP090_TEAM_B_AUDIT/run_exp090.py,,"LightGBM, CatBoost, XGBoost, Ridge, distribution head, ensemble, blend","calendar features, recency, freshness/conditional features, occurrence features, dataset/user fingerprint",## Leakage / validation audit,Scale `1.20` and final TEST level also have public-LB lineage. `validation.py`,"1. Best scored Team-B submission: exp019, LB `1.654502353530087`.",Seed from src/config.py unless the preserved card explicitly states otherwise,See preserved experiment card and frozen implementation,No row-level Team-B OOF vectors exist. The saved `exp024` grid contains only,Competition train.parquet and sample_submit.csv; additional artifacts are listed in the card,FULL when the data/frozen artifacts named by the report are present,"Directory-level audit unit: 13 files, 2 launcher/helper scripts, 1 preserved report documents. Numeric claims are copied from those reports.",README.md
new_direction__exp_orth_robust_h12,new_direction,EXP_ORTH_ROBUST_H12,EXP ORTH-ROBUST H12,late research direction / experiment package,research/new_directions/EXP_ORTH_ROBUST_H12,origin/team-a late research package,cdf74c77108e3b731f9ecb4f4e8f7b198cbded66,research/new_directions/EXP_ORTH_ROBUST_H12/REPORT.md,,Unknown / not recoverable from repository history,See preserved experiment card and implementation,## Forward validation,| `Delta RMSLE = LB_h21 - LB_anchor` | `-0.000055980023302` |,"Searched the clean repository, `OZON-E-CUP`, `submission_geometry_research`,","`reason = exact five-member averaged predictions, per-model configs/seeds,",See preserved experiment card and frozen implementation,None documented,Competition train.parquet and sample_submit.csv; additional artifacts are listed in the card,"PARTIAL: the report survives, but no experiment launcher was recoverable from this package","Directory-level audit unit: 1 files, 0 launcher/helper scripts, 1 preserved report documents. Numeric claims are copied from those reports.",README.md
new_direction__exp_orth_robust_h12_interp,new_direction,EXP_ORTH_ROBUST_H12_INTERP,EXP ORTH-ROBUST H12-INTERP,late research direction / experiment package,research/new_directions/EXP_ORTH_ROBUST_H12_INTERP,origin/team-a late research package,cdf74c77108e3b731f9ecb4f4e8f7b198cbded66,research/new_directions/EXP_ORTH_ROBUST_H12_INTERP/build_submission.py | research/new_directions/EXP_ORTH_ROBUST_H12_INTERP/REPORT.md,,Unknown / not recoverable from repository history,227 tabular features,Unknown / not recoverable from repository history,Using baseline RMSLE `1.6463246740442117` and,None documented,Seed from src/config.py unless the preserved card explicitly states otherwise,See preserved experiment card and frozen implementation,None documented,Competition train.parquet and sample_submit.csv; additional artifacts are listed in the card,FULL when the data/frozen artifacts named by the report are present,"Directory-level audit unit: 2 files, 1 launcher/helper scripts, 1 preserved report documents. Numeric claims are copied from those reports.",README.md
new_direction__next_submission_after_exp069,new_direction,NEXT_SUBMISSION_AFTER_EXP069,Next submission after EXP069,late research direction / experiment package,research/new_directions/NEXT_SUBMISSION_AFTER_EXP069,origin/team-a late research package,cdf74c77108e3b731f9ecb4f4e8f7b198cbded66,research/new_directions/NEXT_SUBMISSION_AFTER_EXP069/analysis/01_inventory.py | research/new_directions/NEXT_SUBMISSION_AFTER_EXP069/analysis/02_exp069_oof_parity.py | research/new_directions/NEXT_SUBMISSION_AFTER_EXP069/analysis/03_exp069_bridge_and_decomposition.py | research/new_directions/NEXT_SUBMISSION_AFTER_EXP069/analysis/04_exp069_test_span_and_components.py | research/new_directions/NEXT_SUBMISSION_AFTER_EXP069/analysis/05_exp071_audit.py | research/new_directions/NEXT_SUBMISSION_AFTER_EXP069/analysis/06_exp070_audit.py | research/new_directions/NEXT_SUBMISSION_AFTER_EXP069/analysis/07_exp070_real_vs_shuffled.py | research/new_directions/NEXT_SUBMISSION_AFTER_EXP069/analysis/08_oof_basis_eligibility.py | research/new_directions/NEXT_SUBMISSION_AFTER_EXP069/analysis/09_oof_component_analysis.py | research/new_directions/NEXT_SUBMISSION_AFTER_EXP069/analysis/10_cv_to_lb_transfer.py | research/new_directions/NEXT_SUBMISSION_AFTER_EXP069/analysis/11_external_direction_backtest.py | research/new_directions/NEXT_SUBMISSION_AFTER_EXP069/analysis/12_candidates_and_basis_stability.py | research/new_directions/NEXT_SUBMISSION_AFTER_EXP069/analysis/13_alpha_synthesis_and_score.py | research/new_directions/NEXT_SUBMISSION_AFTER_EXP069/analysis/14_final_verification_and_manifest.py | research/new_directions/NEXT_SUBMISSION_AFTER_EXP069/report.md,,"LightGBM, sequence model, BTYD, blend","holiday/YoY features, recency, freshness/conditional features, 227 tabular features","| **EXP070 COUNT-VALUE MoE** | **COMPUTE_INCOMPLETE**, not a true reject | Everything saved reproduces exactly, but `2025-10-02` was never trained, so canonical four-fold wCV and honest LOFO do not exist. The pilot pass was marginal (`−0.000115` vs a `−0.00010` gate) and **the placebo beats the real model on 2 of 3 completed folds** (`+0.000180`, `+0.000086`, `−0.000116`) — the whole `−0.0000526` 1:2:8 advantage is the single weight-8 latest fold. Bootstrap of that 1:2:8 delta: 95% `[−0.000156, ","| **EXP070 COUNT-VALUE MoE** | **COMPUTE_INCOMPLETE**, not a true reject | Everything saved reproduces exactly, but `2025-10-02` was never trained, so canonical four-fold wCV and honest LOFO do not exist. The pilot pass was marginal (`−0.000115` vs a `−0.00010` gate) and **the placebo beats the real model on 2 of 3 completed folds** (`+0.000180`, `+0.000086`, `−0.000116`) — the whole `−0.0000526` 1:2:8 advantage is the single weight-8 latest fold. Bootstrap of that 1:2:8 delta: 95% `[−0.000156, ",rewrote its own cache `submission_geometry/cache/loo_backtest.csv` in the geometry,(TEST averages 2 donor sides × 3 seeds vs a single-seed cross-fit OOF) but not fully,See preserved experiment card and frozen implementation,"preprocessing, the component decomposition, the candidate choice and the level shift were",Competition train.parquet and sample_submit.csv; additional artifacts are listed in the card,FULL when the data/frozen artifacts named by the report are present,"Directory-level audit unit: 31 files, 14 launcher/helper scripts, 1 preserved report documents. Numeric claims are copied from those reports.",README.md
independent_anniversary__exp_058_exact_anniversary,independent_anniversary,exp_058_exact_anniversary,Reconstructed primary report — exp_058 EXACT-ANNIVERSARY-WINDOW,reconstructed primary experiment report,experiments/exp_058_exact_anniversary.md,LINKED_WORKTREE:exp/058-exact-anniversary,PRIMARY_CARD_NOT_IN_MERGED_GIT; normalized row SHA256=ef7120958e4609afc702dbb778085b8349b7790e2d16659e270e44b681ab21b9,research/reconstruction/evidence/worktree_artifacts/independent_anniversary/src/exact_anniversary.py | research/reconstruction/evidence/worktree_artifacts/independent_anniversary/src/test_exact_anniversary.py,,Ridge,calendar features,"| interpretation_reported | **REJECT.** REAL выглядит полезнее baseline и shuffled, но exact calendar<br>alignment не подтверждён: same-family shifted old window сильнее REAL на обеих<br>половинах. Значит измеренный gain нельзя приписать exact anniversary; он<br>совместим с дополнительной old-history capacity/persistent user level и с<br>разной поддержкой pre-window scale denominators. По preregistered stop-rule<br>окна, Ridge alpha и shrink не тюнились.<br><br>- `ORDINARY TEMPORAL CV: unavailab",Unknown / not recoverable from repository history,"| interpretation_reported | **REJECT.** REAL выглядит полезнее baseline и shuffled, но exact calendar<br>alignment не подтверждён: same-family shifted old window сильнее REAL на обеих<br>половинах. Значит измеренный gain нельзя приписать exact anniversary; он<br>совместим с дополнительной old-history capacity/persistent user level и с<br>разной поддержкой pre-window scale denominators. По preregistered stop-rule<br>окна, Ridge alpha и shrink не тюнились.<br><br>- `ORDINARY TEMPORAL CV: unavailab",Seed from src/config.py unless the preserved card explicitly states otherwise,See preserved experiment card and frozen implementation,"| interpretation_reported | **REJECT.** REAL выглядит полезнее baseline и shuffled, но exact calendar<br>alignment не подтверждён: same-family shifted old window сильнее REAL на обеих<br>половинах. Значит измеренный gain нельзя приписать exact anniversary; он<br>совместим с дополнительной old-history capacity/persistent user level и с<br>разной поддержкой pre-window scale denominators. По preregistered stop-rule<br>окна, Ridge alpha и shrink не тюнились.<br><br>- `ORDINARY TEMPORAL CV: unavailab",Competition train.parquet and sample_submit.csv; additional artifacts are listed in the card,"PARTIAL: normalized report fields, implementation and tests survive; the original Markdown bytes and ignored input artifacts do not",Rejected experiment; no submission was created. No missing field was inferred.,README.md
packaged_final__submit_joint86_teamb14,packaged_final,submit_joint86_teamb14,Reproduce `SUBMIT_JOINT86_TEAMB14.csv`,"packaged final submission; exact outer blend, frozen upstream anchor",reproducibility/SUBMIT_JOINT86_TEAMB14/README.md,origin/team-a final/research package,cdf74c77108e3b731f9ecb4f4e8f7b198cbded66,reproducibility/SUBMIT_JOINT86_TEAMB14/build_submit.py | reproducibility/SUBMIT_JOINT86_TEAMB14/create_manifest.py | scripts/reproduce_final.py | scripts/build_optimized_pair_blends.py | research/OPTIMIZED_PAIR_BLENDS.json,"python scripts/reproduce_final.py --solution SUBMIT_JOINT86_TEAMB14 --from-precomputed | python reproducibility/SUBMIT_JOINT86_TEAMB14/build_submit.py | python scripts/reproduce_final.py --solution SUBMIT_JOINT86_TEAMB14 --from-raw `
  --raw-data data/raw/train.parquet `
  --team-b-python .venv-team-b/Scripts/python.exe | python scripts/reproduce_final.py --solution SUBMIT_JOINT86_TEAMB14 --from-raw ","LightGBM, CatBoost, XGBoost, blend",See preserved experiment card and implementation,"training code, validation reports and the reference submission.",Unknown / not recoverable from repository history,None documented,Seed from src/config.py unless the preserved card explicitly states otherwise,See preserved experiment card and frozen implementation,None documented,Competition train.parquet and sample_submit.csv; additional artifacts are listed in the card,FULL from frozen inputs; raw-to-JOINT_V2 remains explicitly PROVENANCE_INCOMPLETE,Reported leaderboard results and forecasts are kept distinct exactly as in the preserved source.,README.md
packaged_final__submit_strongest55_teamb45,packaged_final,submit_strongest55_teamb45,Воспроизведение `SUBMIT_STRONGEST55_TEAMB45.csv`,"packaged final candidate; exact outer blend, frozen upstream inputs",reproducibility/SUBMIT_STRONGEST55_TEAMB45/README.md,origin/team-a final/research package,cdf74c77108e3b731f9ecb4f4e8f7b198cbded66,reproducibility/SUBMIT_STRONGEST55_TEAMB45/build_submit.py | reproducibility/SUBMIT_STRONGEST55_TEAMB45/verify.py | scripts/reproduce_final.py | scripts/build_optimized_pair_blends.py | research/OPTIMIZED_PAIR_BLENDS.json,"python scripts/reproduce_final.py --solution SUBMIT_STRONGEST55_TEAMB45 --from-precomputed | python -m venv .venv-rebuild
.\.venv-rebuild\Scripts\python.exe -m pip install -r requirements-rebuild.txt
.\.venv-rebuild\Scripts\python.exe verify.py
.\.venv-rebuild\Scripts\python.exe build_submit.py | python verify.py --full-data | $env:ECUP_RAW_DATA_DIR = ""D:\ecup\raw""
$env:ECUP_PROCESSED_DIR = ""D:\ecup\processed""
$env:ECUP_ARTIFACTS_DIR = ""D:\ecup\artifacts""

python -m src.seq build
python -m src.etx build

python -m src.seq predict --exp SEQ-01 --seed 42 --epochs 4 --depth-clip 289
python -m src.seq predict --exp SEQ-C289-S43 --seed 43 --epochs 4 --depth-clip 289
python -m src.seq predict --exp SEQ-C289-S44 --seed 44 --epochs 4 --depth-clip 289

python -m src.etx predict --exp ETX-01-S42 --seed 42 --depth-clip 289
python -m src.etx predict --exp ETX-01-S43 --seed 43 --depth-clip 289
python -m src.etx predict --exp ETX-01-S44 --seed 44 --depth-clip 289

python original\ETX2\depth_fix.py --mode test --ckpt ETX-01-S42-TEST --depth-clip 289 --dow-shift -1 --exp ETX-01-S42-DCW
python original\ETX2\depth_fix.py --mode test --ckpt ETX-01-S43-TEST --depth-clip 289 --dow-shift -1 --exp ETX-01-S43-DCW
python original\ETX2\depth_fix.py --mode test --ckpt ETX-01-S44-TEST --depth-clip 289 --dow-shift -1 --exp ETX-01-S44-DCW | python -m venv .venv-rebuild | python -m src.seq build | python -m src.etx build | python -m src.seq predict --exp SEQ-01 --seed 42 --epochs 4 --depth-clip 289 | python -m src.seq predict --exp SEQ-C289-S43 --seed 43 --epochs 4 --depth-clip 289 | python -m src.seq predict --exp SEQ-C289-S44 --seed 44 --epochs 4 --depth-clip 289 | python -m src.etx predict --exp ETX-01-S42 --seed 42 --depth-clip 289 | python -m src.etx predict --exp ETX-01-S43 --seed 43 --depth-clip 289 | python -m src.etx predict --exp ETX-01-S44 --seed 44 --depth-clip 289 | python original\ETX2\depth_fix.py --mode test --ckpt ETX-01-S42-TEST --depth-clip 289 --dow-shift -1 --exp ETX-01-S42-DCW | python original\ETX2\depth_fix.py --mode test --ckpt ETX-01-S43-TEST --depth-clip 289 --dow-shift -1 --exp ETX-01-S43-DCW | python original\ETX2\depth_fix.py --mode test --ckpt ETX-01-S44-TEST --depth-clip 289 --dow-shift -1 --exp ETX-01-S44-DCW","LightGBM, CatBoost, XGBoost, sequence model","freshness/conditional features, history-depth features",Unknown / not recoverable from repository history,Unknown / not recoverable from repository history,delivery/submission_STRONGEST_CURRENT_training_bundle_v2/pipeline/data/raw,моделей и checkpoint `SEQ-01` seed 42; FP16 ETX зависит от CUDA execution path.,See preserved experiment card and frozen implementation,"финальный retrained CSV, затем сравнивает каждый уровень с production:",Competition train.parquet and sample_submit.csv; additional artifacts are listed in the card,FULL from frozen inputs; raw retraining has the limitations documented by the package,Reported leaderboard results and forecasts are kept distinct exactly as in the preserved source.,README.md
packaged_final__strongest80_teamb20,packaged_final,strongest80_teamb20,strongest80_teamb20,late pair-blend candidate,research/STRONGEST80_TEAMB20.json,origin/team-a final/research package,cdf74c77108e3b731f9ecb4f4e8f7b198cbded66,scripts/build_strongest80_teamb20.py | research/STRONGEST80_TEAMB20.json,,blend,See preserved experiment card and implementation,Unknown / not recoverable from repository history,Unknown / not recoverable from repository history,"""submission_STRONGEST_CURRENT"": 0.8,",Seed from src/config.py unless the preserved card explicitly states otherwise,See preserved experiment card and frozen implementation,None documented,Competition train.parquet and sample_submit.csv; additional artifacts are listed in the card,FULL when the two named source submissions are present,Reported leaderboard results and forecasts are kept distinct exactly as in the preserved source.,README.md
packaged_final__optimized_pair_blends,packaged_final,optimized_pair_blends,optimized_pair_blends,pair-blend search and final-candidate generator,research/OPTIMIZED_PAIR_BLENDS.json,origin/team-a final/research package,cdf74c77108e3b731f9ecb4f4e8f7b198cbded66,scripts/build_optimized_pair_blends.py | research/OPTIMIZED_PAIR_BLENDS.json,,blend,See preserved experiment card and implementation,Unknown / not recoverable from repository history,Unknown / not recoverable from repository history,"""submission_STRONGEST_CURRENT.csv"": 1.6496571902356205,",Seed from src/config.py unless the preserved card explicitly states otherwise,See preserved experiment card and frozen implementation,None documented,Competition train.parquet and sample_submit.csv; additional artifacts are listed in the card,FULL when the named source submissions are present,Reported leaderboard results and forecasts are kept distinct exactly as in the preserved source.,README.md
packaged_final__final_threeway_ensemble,packaged_final,final_threeway_ensemble,final_threeway_ensemble,three-way final-candidate ensemble,research/FINAL_THREEWAY_ENSEMBLE.json,origin/team-a final/research package,cdf74c77108e3b731f9ecb4f4e8f7b198cbded66,scripts/build_final_threeway_ensemble.py | research/FINAL_THREEWAY_ENSEMBLE.json,,"ensemble, blend",See preserved experiment card and implementation,"""team_b_validation"": {","""current_rmsle"": 1.7959069747011052,","""submission_STRONGEST_CURRENT.csv"": 1.6496571902356205,",Seed from src/config.py unless the preserved card explicitly states otherwise,See preserved experiment card and frozen implementation,None documented,Competition train.parquet and sample_submit.csv; additional artifacts are listed in the card,FULL when the three named source submissions are present,Reported leaderboard results and forecasts are kept distinct exactly as in the preserved source.,README.md
packaged_final__submit_orth_final,packaged_final,submit_orth_final,E-CUP: обоснование сабмита SUBMIT_ORTH_FINAL.csv,ORTH final submission lineage,research/SUBMIT_ORTH_FINAL_reasoning.md,origin/team-a final/research package,cdf74c77108e3b731f9ecb4f4e8f7b198cbded66,research/SUBMIT_ORTH_FINAL_reasoning.md,,Ridge,"calendar features, 227 tabular features",на нескольких размеченных валидационных окнах (features cutoff → известный target,"| Новый сабмит команды TEAM_B_B2 как источник нового направления | ортогональная энергия к спану = 0.00014 (порог диверсификации в документе — 0.20–0.30), максимальный возможный выигрыш от него −7.5×10⁻⁶ RMSLE | пренебрежимо мал, но геометрия предсказала его public-скор 1.6498443 против факта 1.6499001 — ещё одно подтверждение точности реконструкции |","`corr(z_final, z_TEAM_EB) = 0.99967` — сабмит остаётся очень близким к чемпиону,","измеряет именно новую информацию, а не переоткрывает то, что уже сидит в пуле.",See preserved experiment card and frozen implementation,уровень и весь «инспанный» контент чемпиона не тронуты;,Competition train.parquet and sample_submit.csv; additional artifacts are listed in the card,PARTIAL: reasoning and a later interpolation launcher survive; the exact ORTH_FINAL generator is absent,Reported leaderboard results and forecasts are kept distinct exactly as in the preserved source.,README.md
packaged_final__submission_geometry,packaged_final,submission_geometry,Team-A experiment history,submission-geometry research lineage,docs/EXPERIMENT_HISTORY.md,origin/team-a final/research package,cdf74c77108e3b731f9ecb4f4e8f7b198cbded66,docs/EXPERIMENT_HISTORY.md,,"sequence model, BTYD, Ridge, two-part / hurdle, ensemble, blend","personal-time features, holiday/YoY features, calendar features, recency, freshness/conditional features, funnel features, occurrence features, channel Shapley, gap/burst features, history-depth features, dataset/user fingerprint",diagnostics. The 1:2:4:8 four-fold wCV protocol became canonical.,Unknown / not recoverable from repository history,None documented,`exp_025/026`: sequence encoder and seed averaging. SEQ was valuable as an,See preserved experiment card and frozen implementation,"EXP076–EXP089 audited validation transport, forward stacking, level effects,",Competition train.parquet and sample_submit.csv; additional artifacts are listed in the card,"PARTIAL: scores and history survive, but the external geometry workspace scripts are not in this repository",Reported leaderboard results and forecasts are kept distinct exactly as in the preserved source.,README.md
