recency_weight,post_order_dist_weight,behavior_dist_weight,xgb_behavior_weight,cat_behavior_weight,rmsle_mean,rmsle_std,bias_mean,pred_log_mean,pred_mean
0.25,0.1,0.2,0.25,0.2,1.7069552944660153,0.05114614948045114,0.062081640135496,2.272689974513866,34.565773421587146
0.2,0.1,0.25,0.25,0.2,1.7069553496417855,0.051236803107515216,0.0629373118108223,2.2718343028385393,34.475442074052765
0.2,0.1,0.2,0.3,0.2,1.7069567767883043,0.051174145372491264,0.06256746102435806,2.2722041536250037,34.55928780442507
0.25,0.05,0.25,0.25,0.2,1.7069581940340197,0.05114634470383806,0.06231581622284854,2.2724557984265132,34.563593990817296
0.2,0.15,0.2,0.25,0.2,1.7069593458117844,0.051235476469118496,0.06270343244086685,2.272068182208495,34.478029015891714
0.25,0.1,0.25,0.2,0.2,1.7069639121857714,0.05120686313556742,0.0624519210067056,2.272319693642656,34.48275323622909
0.2,0.05,0.25,0.3,0.2,1.706964999644962,0.05117398859769278,0.06280192253253158,2.27196969211683,34.55735085480197
0.25,0.05,0.2,0.3,0.2,1.7069670653303932,0.0510844949320318,0.06194617894563215,2.2728254357037296,34.64998923561408
0.2,0.05,0.3,0.25,0.2,1.7069711672235892,0.05123680222311299,0.06317209325155271,2.271599521397809,34.47397951232375
0.25,0.1,0.25,0.25,0.15,1.706971329421275,0.05120668515271726,0.0623516044411605,2.2724200102082013,34.51375120314266
0.25,0.1,0.2,0.3,0.15,1.7069724572177496,0.05114547496248875,0.06198170152692706,2.272789913122435,34.5975360665459
0.2,0.1,0.25,0.3,0.15,1.706973064022713,0.05123575727395663,0.06283741400559517,2.2719342006437664,34.50708361094659
0.25,0.15,0.2,0.2,0.2,1.7069732295325057,0.051205185030091825,0.0622183257506439,2.2725532888987177,34.48558325849046
0.25,0.05,0.3,0.2,0.2,1.7069744059785408,0.05120721335915112,0.06268641669986708,2.2720851979494947,34.48104880002241
0.2,0.15,0.25,0.2,0.2,1.7069754084553563,0.05129699748460754,0.06307392738574125,2.2716976872636208,34.397490853727554
0.25,0.05,0.25,0.3,0.15,1.706976124579517,0.05114540794809109,0.062215909398267266,2.2725557052510945,34.5953812464648
0.2,0.15,0.2,0.3,0.15,1.706976293003453,0.0512346927687067,0.06260350315205687,2.272168111497305,34.5096460299668
0.15,0.15,0.2,0.3,0.2,1.7069787469006004,0.05126105905299222,0.06318996915163311,2.2715816454977285,34.472598318546204
0.2,0.1,0.3,0.2,0.2,1.706979007030169,0.05129847985929932,0.06330812671541097,2.271463487933951,34.395378092145634
0.25,0.15,0.2,0.25,0.15,1.7069798804222551,0.051205268428563655,0.06211797826704846,2.272653636382313,34.516556788662974
0.15,0.1,0.25,0.3,0.2,1.706980074772733,0.05126203301993816,0.06342413448550688,2.271347480163855,34.470253270796675
0.25,0.0,0.3,0.25,0.2,1.706980908329934,0.05114521139254171,0.06255089497516897,2.272220719674193,34.562539975088036
0.25,0.0,0.25,0.3,0.2,1.7069821853869986,0.051083206462614224,0.062180938131963126,2.2725906765173987,34.64846005014917
0.25,0.05,0.3,0.25,0.15,1.7069825912205419,0.05120677371845153,0.06258613202933394,2.272185482620028,34.512071869550375
0.2,0.15,0.25,0.25,0.15,1.7069826099517353,0.05129671004439946,0.06297361999483364,2.271797994654528,34.42834799239916
0.3,0.05,0.2,0.25,0.2,1.7069834957553218,0.05105408355532512,0.061461070060165435,2.2733105445891963,34.65753137915556
0.3,0.05,0.25,0.2,0.2,1.706984669479708,0.05111398863706065,0.06183113753597058,2.272940477113391,34.571965129243964
0.15,0.15,0.25,0.25,0.2,1.706984764880208,0.05132452352704848,0.06356003413331868,2.2712115805160433,34.39123800387361
0.2,0.1,0.3,0.25,0.15,1.7069869759146146,0.05129793087590002,0.06320785093215253,2.271563763717209,34.42626026420172
0.3,0.1,0.2,0.2,0.2,1.7069870903449047,0.0511134426022475,0.06159724501454744,2.2731743696348143,34.57438821581803
0.2,0.05,0.3,0.3,0.15,1.7069896504251714,0.05123549400752228,0.06307222795245915,2.271699386696903,34.505646296701244
0.2,0.2,0.2,0.2,0.2,1.7069916200388127,0.051294188271864744,0.06284062801995827,2.2719309866294033,34.400728369556006
0.3,0.05,0.25,0.25,0.15,1.706992305078347,0.051113920062864616,0.061730813413891195,2.273040801235471,34.60310804121153
0.2,0.0,0.3,0.3,0.2,1.7069930397831028,0.05117250366019395,0.0630372884300221,2.27173432621934,34.556538229202246
0.3,0.0,0.25,0.25,0.2,1.7069932932600453,0.05105314642756688,0.06169554438303826,2.2730760702663235,34.65575913356917
0.15,0.1,0.3,0.25,0.2,1.7069936879395162,0.05132565414803128,0.06379451979197004,2.2709770948573915,34.38936660833843
0.3,0.1,0.2,0.25,0.15,1.7069939589785519,0.05111363552743153,0.06149688968229494,2.2732747249670666,34.60550662127893
0.25,0.1,0.3,0.2,0.15,1.7069952855222037,0.05126691307369397,0.06272247106223205,2.2720491435871297,34.433746388784
0.15,0.2,0.2,0.25,0.2,1.7069956545282423,0.05132206645427397,0.06332645012050175,2.27144516452886,34.39423302305627
0.25,0.15,0.25,0.2,0.15,1.7069962420466003,0.051265340932230084,0.062488525148052254,2.2722830895013093,34.436076706333196
0.25,0.1,0.3,0.15,0.2,1.7069976144059207,0.05126659585825471,0.06282320033769095,2.271948414311671,34.403501567108904
0.2,0.2,0.2,0.25,0.15,1.7069980558099132,0.0512941621039041,0.06274028999683967,2.272031324652522,34.43156113682104
0.25,0.1,0.25,0.3,0.1,1.7069988272451,0.05120609417086501,0.06225210740819431,2.2725195072411672,34.546324527874205
0.25,0.15,0.25,0.15,0.2,1.7069993374740733,0.05126476292043716,0.06258928546196452,2.2721823291873973,34.40585681837523
0.25,0.0,0.3,0.3,0.15,1.7069996082997494,0.05114401214426878,0.06245102095897903,2.2723205936903828,34.59435257002306
0.3,0.05,0.2,0.3,0.15,1.7070008765881721,0.05105351817389573,0.061361123788037375,2.273410490861324,34.689443952949034
0.15,0.05,0.3,0.3,0.2,1.707001218886473,0.051261679862684824,0.0636592036626853,2.2711124109866763,34.469031587325475
0.3,0.0,0.3,0.2,0.2,1.7070020606650504,0.05111320580289046,0.06206593113622638,2.272705683513135,34.57066873912076
0.15,0.15,0.25,0.3,0.15,1.7070022656604082,0.05132336863019088,0.06346014702754421,2.2713114676218176,34.422738083547124
0.2,0.05,0.35,0.2,0.2,1.7070024194412916,0.051298633101823435,0.06354322825339453,2.2712283863959675,34.394388173765506
0.3,0.1,0.25,0.2,0.15,1.7070028760443958,0.05117290034219033,0.06186722275432177,2.27290439189504,34.522542966321154
0.25,0.0,0.35,0.2,0.2,1.7070047145911542,0.051206233426521516,0.06292181519142725,2.2718497994579345,34.48046819166258
0.3,0.1,0.25,0.15,0.2,1.7070057535015808,0.051172212506864795,0.06196799078397919,2.2728036238653826,34.492182932126866
0.25,0.15,0.2,0.3,0.1,1.7070066109877424,0.05120493993151825,0.06201844978597615,2.272753164863386,34.549105811308365
0.2,0.0,0.35,0.25,0.2,1.7070068022409348,0.051235471550407495,0.06340777920818375,2.271363835441178,34.4736396935791
0.3,0.05,0.3,0.2,0.15,1.7070088160564456,0.05117333957498625,0.06210146589726118,2.2726701487521006,34.52062052876012
0.3,0.0,0.2,0.3,0.2,1.7070096075792267,0.05099210587547699,0.061326120055766875,2.273445494593595,34.74477076261074
0.2,0.15,0.25,0.3,0.1,1.7070098933781965,0.05129601034420214,0.06287413311785439,2.271897481531507,34.46077617225902
0.3,0.0,0.3,0.25,0.15,1.7070104648890623,0.051112875447303446,0.06196563920336917,2.2728059754459924,34.60183682737019
0.25,0.05,0.3,0.3,0.1,1.7070108578760232,0.051205920000774854,0.06248666748963605,2.2722849471597257,34.5446702638171
0.3,0.05,0.3,0.15,0.2,1.707010926336364,0.051172912664019785,0.06220220260924991,2.272569412040112,34.49023550971977
0.2,0.05,0.35,0.25,0.15,1.7070111574013236,0.05129782231908253,0.06344298507731172,2.27132862957205,34.42529607271938
0.3,0.0,0.25,0.3,0.15,1.7070114424915284,0.05105231869412546,0.06159563020214032,2.2731759844472217,34.68769641006922
0.15,0.1,0.3,0.3,0.15,1.7070119569373354,0.05132423697041834,0.06369466489708642,2.2710769497522754,34.42089184816582
0.15,0.2,0.2,0.3,0.15,1.707012388724845,0.0513211735952646,0.06322653182513083,2.2715450828242307,34.42570866335874
0.25,0.1,0.3,0.25,0.1,1.7070130381965867,0.05126681862301695,0.06262259628322475,2.272149018366137,34.465557334847574
0.25,0.15,0.25,0.25,0.1,1.707013227298214,0.051265508379181195,0.062388618780752525,2.2723829958686093,34.46786280802107
0.25,0.0,0.35,0.25,0.15,1.7070136695256124,0.05120553186570529,0.06282156341701173,2.2719500512323503,34.51151706147901
0.2,0.15,0.3,0.2,0.15,1.7070140119877597,0.0513577452363723,0.0633447015398867,2.271426913109475,34.35076442288407
0.25,0.05,0.35,0.2,0.15,1.7070141418759035,0.05126715544378247,0.06295731851165298,2.271814296137709,34.43254074873197
0.2,0.1,0.3,0.3,0.1,1.7070150275865152,0.05129696853791351,0.06310839623884323,2.2716632184105183,34.45871341273214
0.25,0.05,0.35,0.15,0.2,1.7070157024995356,0.05126709930880824,0.06305801579493209,2.2717135988544297,34.402270358011734
0.15,0.15,0.3,0.2,0.2,1.707015868472267,0.051387007232282685,0.063931064298961,2.2708405503504006,34.3135939013234
0.2,0.15,0.3,0.15,0.2,1.7070165567463393,0.05135753776708527,0.06344542179812551,2.2713261928512365,34.32065585707468
0.3,0.15,0.2,0.2,0.15,1.7070167461251018,0.05117113260203326,0.061633879483869114,2.2731377351654927,34.52559299398331
0.25,0.2,0.2,0.2,0.15,1.7070170077486568,0.05126244130711861,0.06225547858376923,2.2725161360655926,34.43953370271957
0.15,0.2,0.25,0.2,0.2,1.7070191628789246,0.05138439365627736,0.06369715994672576,2.271074454702636,34.31611550848339
0.3,0.05,0.25,0.3,0.1,1.7070200197433587,0.05111343778872516,0.06163130793760607,2.2731403067117557,34.635830925235126
0.3,0.1,0.25,0.25,0.1,1.707020077810129,0.051173176876721696,0.06176730774372019,2.2730043069056416,34.554473592186326
0.3,0.15,0.2,0.15,0.2,1.7070203890678055,0.05117018414674751,0.06173467789904352,2.2730369367503185,34.49525733797759
0.25,0.2,0.2,0.15,0.2,1.7070208680266057,0.05126160279817487,0.06235626900575153,2.2724153456436103,34.409338145707125
0.3,0.1,0.2,0.3,0.1,1.7070209057978243,0.05111341583955711,0.06139735244332489,2.273374262206037,34.638205102218976
0.2,0.2,0.25,0.2,0.15,1.7070218628287046,0.05135504112898904,0.06311105144745977,2.271660563201902,34.35350312707594
0.15,0.05,0.35,0.25,0.2,1.707022427388753,0.051325456032726306,0.06402990942514042,2.2707417052242214,34.38861704553737
0.15,0.15,0.3,0.25,0.15,1.7070236236681064,0.05138634892033554,0.06383079904571498,2.270940815603647,34.344339259197326
0.2,0.2,0.2,0.3,0.1,1.7070245725661843,0.05129372479654969,0.06264077197984208,2.2721308426695197,34.463965111450975
0.2,0.2,0.25,0.15,0.2,1.7070251734963948,0.05135457298301546,0.06321180247123648,2.2715598121781255,34.323419448609826
0.2,0.1,0.35,0.2,0.15,1.7070259730390083,0.051359120634828045,0.0635792526971437,2.271192361952218,34.3491496099556
0.2,0.0,0.35,0.3,0.15,1.7070260559216144,0.05123390071783471,0.0633079474627154,2.271463667186646,34.50533248095232
0.15,0.2,0.25,0.25,0.15,1.7070261513061569,0.05138399678155433,0.06359686336674764,2.271174751282614,34.346835897449026
0.3,0.05,0.3,0.25,0.1,1.7070267858463541,0.05117335410055407,0.062001582776503694,2.272770031872858,34.55257608155007
0.1,0.15,0.25,0.3,0.2,1.707027415213283,0.05134734179370016,0.06404757730026334,2.2707240373490984,34.387102486220215
0.2,0.1,0.35,0.15,0.2,1.7070277501693987,0.05135917412045582,0.0636799412373723,2.2710916734119895,34.31901552561952
0.2,0.15,0.3,0.25,0.1,1.7070315500953483,0.05135754179751701,0.06324483677796411,2.2715267778713977,34.38243499547866
0.15,0.1,0.35,0.2,0.2,1.707032386851742,0.051388292761256935,0.06416587043915012,2.2706057442102114,34.31219442981657
0.25,0.05,0.35,0.25,0.1,1.7070326636020703,0.051266798837067015,0.06285747634292127,2.2719141383064407,34.464377275537906
0.1,0.2,0.2,0.3,0.2,1.7070329800502706,0.051345238083282514,0.06381370679487652,2.270957907854485,34.38985620738666
0.3,0.15,0.2,0.25,0.1,1.7070331814700208,0.051171670866854424,0.061533933583331146,2.2732376810660306,34.55749940141801
0.35,0.05,0.2,0.2,0.2,1.7070331973717892,0.05101895922135881,0.06097738298279953,2.273794231666562,34.667208956454346
0.25,0.2,0.2,0.25,0.1,1.707033227182243,0.05126287037871018,0.06215554162631398,2.272616073023048,34.47129566450991
0.3,0.0,0.35,0.2,0.15,1.7070345698655944,0.05117244803268522,0.0623366112153898,2.272435003433972,34.51982383210058
0.3,0.0,0.35,0.15,0.2,1.7070359112529685,0.05117228233589742,0.06243731565416022,2.272334298995202,34.48941318873899
0.3,0.1,0.3,0.15,0.15,1.707036876800939,0.05123118295070288,0.06223855396065825,2.2725330606887035,34.44334646089437
0.35,0.0,0.25,0.2,0.2,1.7070376751706984,0.05101837226573908,0.06121157430243396,2.273560040346928,34.665192487177485
0.25,0.15,0.3,0.15,0.15,1.7070376886237175,0.051324431402172646,0.06286007110179459,2.271911543547567,34.359298373091406
0.2,0.2,0.25,0.25,0.1,1.707038634115556,0.05135509948525401,0.06301115539228164,2.27176045925708,34.38514893337293
0.3,0.0,0.3,0.3,0.1,1.7070389489730067,0.051112130329910306,0.06186616653705146,2.2729054481123105,34.63458488599633
0.2,0.05,0.35,0.3,0.1,1.7070399789199682,0.05129659711263513,0.06334356363595095,2.2714280510134106,34.45777498426866
0.35,0.05,0.2,0.25,0.15,1.7070402863348888,0.05101926156710469,0.06087702139811091,2.273894593251251,34.69847638853502
0.15,0.1,0.35,0.25,0.15,1.7070409105070716,0.05138737276225727,0.06406563751118433,2.2707059771381775,34.342965445998445
0.15,0.05,0.35,0.3,0.15,1.70704146626477,0.051323776345945676,0.06393008778732878,2.270841526862033,34.420168196878436
0.1,0.1,0.3,0.3,0.2,1.7070416655118859,0.05134811947990082,0.06428235127304216,2.2704892633763194,34.3854714481032
0.35,0.05,0.25,0.2,0.15,1.7070417598284018,0.051077717490480616,0.06124714129486741,2.2735244733544944,34.61296499035154
0.15,0.0,0.35,0.3,0.2,1.7070421829332796,0.05125999732530768,0.06389517921410004,2.2708764354352615,34.46893174954536
0.15,0.25,0.2,0.2,0.2,1.7070422663872575,0.051380454344433536,0.06346415525126936,2.271307459398092,34.31976131558269
0.25,0.0,0.35,0.3,0.1,1.707042706612677,0.05120441517492687,0.06272213244045277,2.2720494822089092,34.5441413239231
0.3,0.15,0.25,0.15,0.15,1.7070431528960026,0.051229260689863276,0.062004891268851337,2.2727667233805104,34.445920580471494
0.35,0.0,0.2,0.25,0.2,1.7070439443560317,0.05095927699742652,0.06084171966750884,2.273929894981853,34.75337161648791
0.2,0.1,0.35,0.25,0.1,1.7070442795990033,0.05135865514881719,0.06347942024922348,2.2712921944001385,34.3808456809746
0.25,0.1,0.35,0.15,0.15,1.707044326692298,0.0513261571909213,0.0630943368857253,2.2716772777636365,34.357441525034616
0.3,0.1,0.3,0.2,0.1,1.707044332844268,0.05123195438576011,0.062138226451673884,2.272633388197688,34.474520893872835
0.35,0.05,0.25,0.15,0.2,1.7070444166268621,0.051076919941853344,0.06134791548216767,2.273423699167194,34.582460836637686
0.25,0.15,0.3,0.2,0.1,1.7070449279353173,0.051325093457266144,0.06275975210903217,2.27201186254033,34.39033298305547
0.35,0.0,0.25,0.25,0.15,1.7070455317182436,0.05101841298476098,0.06111124422672631,2.2736603704226352,34.69648449963796
0.2,0.0,0.4,0.2,0.2,1.70704564941641,0.051297455040943685,0.06377923458814472,2.270992380061217,34.39451968255645
0.1,0.2,0.25,0.25,0.2,1.7070464439948285,0.05140950811751222,0.06418398679063508,2.2705876278587267,34.31091987359062
0.1,0.15,0.3,0.25,0.2,1.7070484747839705,0.05141176927829878,0.06441817803902428,2.2703534366103373,34.308639114719305
0.15,0.25,0.2,0.25,0.15,1.707048489712443,0.05138031864173014,0.0633638283190574,2.2714077863303044,34.35045739373579
0.35,0.1,0.2,0.2,0.15,1.7070487320590937,0.05107708259045218,0.06101349992180327,2.2737581147275585,34.61560859501312
0.3,0.1,0.3,0.1,0.2,1.707049499816144,0.0512300002079981,0.06233974732150549,2.2724318673278563,34.41373533897147
0.2,0.25,0.2,0.2,0.15,1.7070495218565538,0.051351010617747904,0.06287830034823205,2.2718933143011295,34.35736787642473
0.3,0.15,0.25,0.2,0.1,1.7070498423548002,0.05123029327305331,0.06190453273337537,2.2728670819159866,34.47707026625075
0.25,0.15,0.25,0.3,0.05,1.707050294577635,0.05126526300517595,0.06228953324556108,2.2724820814038007,34.501223854481054
0.3,0.05,0.35,0.15,0.15,1.707050410815223,0.05123177509609381,0.06247311665333943,2.2722984979960223,34.441898348959114
0.25,0.15,0.3,0.1,0.2,1.7070505297832792,0.0513233587715991,0.06296125689229126,2.2718103577570705,34.32982288838957
0.25,0.2,0.25,0.15,0.15,1.7070508597410454,0.05132137653338678,0.06262670479996535,2.2721449098493967,34.362280367844946
0.25,0.1,0.3,0.3,0.05,1.7070508737760406,0.05126631025726385,0.06252354290036499,2.272248071748997,34.498943144282634
0.15,0.15,0.3,0.3,0.1,1.707051462847923,0.051385278015187226,0.06373135593753099,2.271040258711831,34.37665153773943
0.35,0.1,0.2,0.15,0.2,1.7070521549768,0.05107602429038947,0.061114304778220996,2.273657309871141,34.58512887116017
0.25,0.1,0.35,0.2,0.1,1.707052333631983,0.05132655793360023,0.06299404960759358,2.271777565041768,34.38850149618936
0.25,0.0,0.4,0.2,0.15,1.7070528148555668,0.051266065874364865,0.06319307002448293,2.271578544624879,34.43245828278593
0.15,0.2,0.25,0.3,0.1,1.7070532228272741,0.051383188425347434,0.06349738837783248,2.2712742262715295,34.37912330371638
0.3,0.0,0.35,0.25,0.1,1.7070533093078604,0.05117220028468464,0.062236761008308106,2.2725348536410537,34.55180505247908
0.2,0.25,0.2,0.15,0.2,1.707053596736917,0.05135028208896206,0.06297908120838347,2.271792533440978,34.327308486448615
0.25,0.0,0.4,0.15,0.2,1.7070536054761294,0.05126627108929493,0.06329373433729613,2.271477880312066,34.402161656719116
0.35,0.0,0.3,0.2,0.15,1.707054598535454,0.051077022913865774,0.061481683231443984,2.273289931417918,34.611450165891505
0.2,0.0,0.4,0.25,0.15,1.7070551581681173,0.05129638221711663,0.06367902504414746,2.2710925896052143,34.42545403199482
0.25,0.1,0.35,0.1,0.2,1.7070564010667548,0.05132534477466028,0.06319549153121984,2.271576123118142,34.32794063456271
0.35,0.0,0.3,0.15,0.2,1.707056487522867,0.05107648642619081,0.06158242581517204,2.2731891888341895,34.580920971812475
0.3,0.15,0.25,0.1,0.2,1.7070565415968577,0.05122781790633121,0.06210611513215247,2.2726654995172093,34.41633432004981
0.25,0.2,0.25,0.2,0.1,1.7070573330851508,0.05132229962049115,0.06252635506758364,2.272245259581778,34.39329029037698
0.3,0.1,0.25,0.3,0.05,1.7070573601561811,0.05117303986468036,0.061668212635785036,2.273103402013577,34.58798359691624
0.2,0.05,0.4,0.2,0.15,1.707057749729408,0.05135916514057742,0.06381470733103001,2.2709569073183316,34.34865703061412
0.3,0.05,0.35,0.2,0.1,1.7070586351016017,0.051232285096666656,0.06237282114736464,2.2723987935019974,34.473098207160774
0.2,0.05,0.4,0.15,0.2,1.7070587574862963,0.051359479844093905,0.06391536317625723,2.2708562514731048,34.31849676583124
0.35,0.05,0.25,0.25,0.1,1.7070591806140727,0.05107810304009958,0.061147219292407184,2.2736243953569546,34.645044410673535
0.35,0.0,0.2,0.3,0.15,1.7070615457547689,0.05095882064110199,0.060741767373508004,2.2740298472758536,34.785438458352175
0.3,0.05,0.35,0.1,0.2,1.707062266397985,0.051230852706497826,0.06257427860302034,2.272197336046341,34.41226178886001
0.1,0.2,0.25,0.3,0.15,1.7070637337889072,0.051408244247346635,0.06408411208465403,2.2706875025647077,34.34228271768556
0.1,0.25,0.2,0.25,0.2,1.7070642247955077,0.05140592163673251,0.06395069693012467,2.270820917719237,34.3143237772005
0.25,0.2,0.25,0.1,0.2,1.7070644659367127,0.05132004399532556,0.06272792082825895,2.272043693821103,34.332829716391494
0.3,0.05,0.3,0.3,0.05,1.7070648370621087,0.051172954001966635,0.06190252014489506,2.2728690945044665,34.5861109632996
0.15,0.2,0.3,0.2,0.15,1.7070649999536873,0.05144583815655958,0.06396816075566236,2.2708034538936994,34.271614687023884
0.35,0.1,0.2,0.25,0.1,1.7070653858219857,0.051077729985179926,0.060913546723262435,2.273858067926099,34.6476637142323
0.2,0.25,0.2,0.25,0.1,1.7070655279305353,0.051351330501965095,0.06277837399675357,2.271993240652608,34.38898961690921
0.1,0.15,0.3,0.3,0.15,1.7070665321917107,0.051410243219569204,0.06431833525529096,2.270453279394071,34.34002703638096
0.35,0.05,0.2,0.3,0.1,1.7070674518110787,0.051019150619368694,0.060777477090789844,2.2739941375585717,34.73132878226399
0.35,0.1,0.25,0.15,0.15,1.7070676943951986,0.0511344023834996,0.06138429802798573,2.273387316621376,34.53345564883392
0.15,0.2,0.3,0.15,0.2,1.7070677578101545,0.05144574041044532,0.0640688703970671,2.2707027442522945,34.24163847150078
0.35,0.05,0.3,0.15,0.15,1.7070683155271635,0.0511351911089898,0.06161825853170133,2.2731533561176605,34.53128890598168
0.15,0.05,0.4,0.2,0.2,1.7070687217459337,0.05138824805672906,0.0644015808399192,2.2703700338094426,34.31191552304399
0.2,0.15,0.3,0.3,0.05,1.70706917240908,0.05135692519107081,0.06314579441472556,2.271625820234636,34.41567626012452
0.3,0.2,0.2,0.15,0.15,1.7070692353987238,0.05122601060872996,0.061772126474010536,2.2729994881753512,34.44962283370309
0.15,0.1,0.35,0.3,0.1,1.7070695189502014,0.05138603908430979,0.06396622735106638,2.2708053872982954,34.37530338697117
0.25,0.2,0.2,0.3,0.05,1.7070695276791317,0.05126288774921685,0.0620564250052178,2.2727151896441438,34.50463275428794
0.3,0.15,0.2,0.3,0.05,1.7070696964626526,0.05117179668794682,0.06143480706727322,2.273336807582089,34.59098533957044
0.15,0.15,0.35,0.2,0.15,1.7070700679166215,0.051448345657974494,0.06420241703968843,2.2705691976096736,34.269590230647395
0.1,0.1,0.35,0.25,0.2,1.7070703208531157,0.051412702818447883,0.06465327289115486,2.2701183417582067,34.30747955552266
0.2,0.15,0.35,0.15,0.15,1.7070705001664874,0.051417796895725974,0.0637167833650103,2.2710548312843515,34.276818083228164
0.2,0.2,0.3,0.15,0.15,1.707070755845482,0.05141493837529992,0.06348281305660652,2.271288801592755,34.279084128873876
0.25,0.05,0.4,0.15,0.15,1.707070777688291,0.05132655170460296,0.06332950447935626,2.2714421101700055,34.35670804691024
0.15,0.0,0.4,0.25,0.2,1.7070709869666834,0.051323927022378736,0.0642662057081953,2.2705054089411663,34.388988015387476
0.25,0.05,0.35,0.3,0.05,1.70707126902462,0.05126602724640569,0.06275845620319909,2.2720131584461627,34.497788685486405
0.3,0.1,0.3,0.25,0.05,1.7070718704794199,0.05123231358701488,0.062038753786565426,2.2727328608627966,34.507265403234484
0.15,0.15,0.35,0.15,0.2,1.707072058777654,0.05144850874924293,0.06430309523076705,2.2704685194185945,34.23958854200015
0.25,0.0,0.4,0.25,0.1,1.7070721072906874,0.051265446867388834,0.06309326151316985,2.271678353136192,34.46432115712583
0.25,0.15,0.3,0.25,0.05,1.7070722502526432,0.05132534402266175,0.06266028890810982,2.272111325741252,34.42293343600376
0.35,0.0,0.3,0.25,0.1,1.70707278794759,0.05107714633409792,0.06138179342731731,2.2733898212220445,34.64355459984326
0.35,0.0,0.25,0.3,0.1,1.7070734656283864,0.051018039339489854,0.06101173200360166,2.27375988264576,34.7293614013148
0.35,0.1,0.25,0.2,0.1,1.7070746025799282,0.051135544396083886,0.061283932297075294,2.2734876823522865,34.564749185427175
0.15,0.25,0.2,0.3,0.1,1.7070747951538903,0.05137977259575112,0.06326432249217362,2.271507292157188,34.382720687229
0.3,0.2,0.2,0.2,0.1,1.7070751599088783,0.05122730403882145,0.061671737865441445,2.2730998767839203,34.480748417374244
0.2,0.2,0.25,0.3,0.05,1.707075488699016,0.05135474578509049,0.06291208119396496,2.271859533455397,34.4183655448961
0.1,0.05,0.35,0.3,0.2,1.7070757346375531,0.05134756886787876,0.06451803112814414,2.2702535835212174,34.38496141971501
0.35,0.05,0.3,0.2,0.1,1.7070759909127347,0.05113607184881362,0.061517924120533474,2.2732536905288283,34.56260725400366
0.3,0.15,0.25,0.25,0.05,1.7070766125062034,0.05123091472317893,0.06180502850374725,2.2729665861456145,34.50979013464102
0.2,0.05,0.4,0.25,0.1,1.707076826401149,0.05135843737014686,0.06371490824295467,2.271056706406407,34.38037936235126
0.2,0.2,0.3,0.2,0.1,1.7070777810815556,0.05141549104637051,0.06338250421225178,2.2713891104371102,34.309982968869285
0.15,0.05,0.4,0.25,0.15,1.707078015579787,0.051387066135865946,0.06430138126112661,2.2704702333882354,34.34271291676422
0.2,0.15,0.35,0.2,0.1,1.7070782924152166,0.051418088368312395,0.06361650595345902,2.2711551086959028,34.3077422252133
0.25,0.05,0.4,0.2,0.1,1.7070795539424546,0.05132669086947672,0.06322924991515655,2.2715423647342052,34.387794084108734
0.15,0.25,0.25,0.2,0.15,1.7070797428252937,0.05144200306932589,0.0637348052332698,2.271036809416092,34.27476252470932
0.25,0.1,0.35,0.25,0.05,1.707080424421644,0.05132654609470531,0.06289461870535917,2.2718769959440026,34.42112727382875
0.35,0.05,0.3,0.1,0.2,1.7070807176048435,0.0511338983677226,0.061719457942257305,2.2730521567071045,34.50153834621248
0.1,0.25,0.2,0.3,0.15,1.7070807486144055,0.05140491971838703,0.06385079132255367,2.270920823326808,34.34566226068841
0.35,0.1,0.25,0.1,0.2,1.7070808628068346,0.05113284946003964,0.061485528211814966,2.2732860864375466,34.50372998356498
0.25,0.05,0.4,0.1,0.2,1.7070820835041745,0.05132599979398545,0.06343062704889535,2.2713409876004667,34.32718114644361
0.15,0.2,0.3,0.25,0.1,1.707082326093659,0.051445525792603725,0.0638683077063702,2.2709033069429916,34.30314907891731
0.2,0.1,0.35,0.3,0.05,1.7070826711886198,0.05135777540979816,0.06338041081064483,2.271391203838717,34.414112431943565
0.2,0.15,0.35,0.1,0.2,1.707082790496845,0.05141709450432762,0.0638179291623493,2.2709536854870125,34.24744909096989
0.15,0.25,0.25,0.15,0.2,1.7070832659536186,0.05144164475793209,0.06383554537319647,2.270936069276165,34.24481115526417
0.3,0.2,0.2,0.1,0.2,1.707083388059936,0.051224308112040255,0.06187337995369968,2.272898234695662,34.420060891750595
0.3,0.0,0.4,0.15,0.15,1.7070837586826246,0.05123103494756474,0.06270858179135819,2.2720630328580036,34.44157462133704
0.2,0.2,0.3,0.1,0.2,1.7070838123126137,0.051413975900712075,0.06358398973911328,2.2711876249102483,34.24974051509027
0.25,0.25,0.2,0.15,0.15,1.7070838363388727,0.05131699489780783,0.06239423599046501,2.2723773786588968,34.36638978693594
0.25,0.2,0.25,0.25,0.05,1.7070838885035895,0.05132281233571971,0.06242686061132785,2.272344754038034,34.42586619367328
0.2,0.0,0.4,0.3,0.1,1.7070847511649845,0.0512948939254519,0.06357963794903809,2.2711919767003237,34.45795953047353
0.1,0.2,0.3,0.2,0.2,1.707084994420962,0.05147279768766163,0.06455523318745726,2.2702163814619043,34.23563688425187
0.35,0.15,0.2,0.15,0.15,1.7070868805207233,0.05113228483782225,0.061151235991087516,2.2736203786582743,34.53675151247827
0.3,0.05,0.35,0.25,0.05,1.7070869417920211,0.051232381788151544,0.062273381091635605,2.272498233557726,34.50586813691311
0.15,0.15,0.35,0.25,0.1,1.707088161909289,0.05144777134725375,0.06410259601483137,2.27066901863453,34.30115004348316
0.35,0.0,0.35,0.15,0.15,1.7070887476233212,0.05113464873977118,0.061853119723928485,2.2729184949254333,34.53024930907919
0.1,0.1,0.35,0.3,0.15,1.7070891475391483,0.051410914349515585,0.06455346307517607,2.270218151574186,34.33889330205019
0.25,0.25,0.2,0.2,0.1,1.7070895453539134,0.05131817872110872,0.0622938564704123,2.2724777581789493,34.397375663103624
0.2,0.1,0.4,0.15,0.15,1.7070900564243616,0.051419325220883466,0.06395165501759448,2.2708199596317673,34.27567466911323
0.15,0.0,0.4,0.3,0.15,1.7070907974121128,0.05132198461215943,0.06416641839990156,2.27060519624946,34.42056585883348
0.2,0.25,0.25,0.15,0.15,1.7070908197130492,0.05141075186827682,0.0632497418779232,2.2715218727714386,34.282474736573626
0.3,0.15,0.3,0.15,0.1,1.707091587259693,0.051287932372579705,0.062276130673459607,2.272495483975902,34.40034191633198
0.3,0.0,0.35,0.3,0.05,1.7070921309357776,0.051171536859704554,0.062137731945707264,2.2726338827036545,34.585365653236536
0.1,0.2,0.3,0.25,0.15,1.707092538650077,0.051472030139180724,0.06445498012796524,2.2703166345213965,34.26624947383921
0.3,0.0,0.4,0.2,0.1,1.7070927528968596,0.05123128324176139,0.06260831928926125,2.2721632953601008,34.47280061413269
0.35,0.15,0.2,0.2,0.1,1.707093023139604,0.051133687816630705,0.06105083989584048,2.2737207747535213,34.5680208867349
0.3,0.1,0.35,0.15,0.1,1.7070936720285634,0.05128974680622457,0.0625101440594309,2.272261470589931,34.39826713289705
0.1,0.15,0.35,0.2,0.2,1.7070946210001603,0.051475214571928544,0.06478974532829729,2.2699818693210645,34.23382737437254
0.3,0.15,0.3,0.1,0.15,1.707094643175961,0.05128640547066369,0.062376914463960764,2.272394700185401,34.36993958770488
0.3,0.0,0.4,0.1,0.2,1.707094845061261,0.05123037320841891,0.06280971139737113,2.2719619032519907,34.41191201445221
0.15,0.1,0.4,0.2,0.15,1.70709495046925,0.05144952337719875,0.06443757638450287,2.270334038264859,34.26868734333459
0.1,0.25,0.25,0.2,0.2,1.7070951795066431,0.05146905390453119,0.06432162258174823,2.2704499920676136,34.23856809860551
0.3,0.1,0.35,0.1,0.15,1.70709596115365,0.051288480473478865,0.0626108967008765,2.272160717948485,34.367839553261646
0.15,0.1,0.4,0.15,0.2,1.7070961725853728,0.05144994756206321,0.06453822214895033,2.2702333925004115,34.238659523983415
0.15,0.25,0.25,0.25,0.1,1.707096302748767,0.05144195240672193,0.06363492117968028,2.2711366934696815,34.30627222360941
0.35,0.05,0.25,0.3,0.05,1.7070966803519732,0.05107807435490822,0.06104811635738727,2.2737234982919743,34.67870794352643
0.2,0.25,0.25,0.2,0.1,1.7070970796008962,0.05141156546359092,0.0631494025748649,2.271622212074497,34.313348944090066
0.35,0.0,0.35,0.2,0.1,1.7070971918678994,0.05113526791468791,0.061752817611104405,2.273018797038257,34.56159315083225
0.25,0.25,0.2,0.1,0.2,1.7070982058427417,0.051315402775002995,0.062495481371963146,2.2722761332773986,34.33696342963022
0.2,0.1,0.4,0.2,0.1,1.707098617375575,0.05141935523636534,0.06385141003719652,2.2709202046121653,34.30662481347485
0.35,0.0,0.35,0.1,0.2,1.7071003816208603,0.05113361649828413,0.06195428745045417,2.272817327198908,34.50047327402352
0.35,0.15,0.2,0.1,0.2,1.7071008135421057,0.05113047206465504,0.06125249606013239,2.2735191185892294,34.50705019482447
0.3,0.2,0.2,0.25,0.05,1.7071011641242295,0.05122818746253518,0.06157220309254163,2.27319941155682,34.513444391963645
0.2,0.1,0.4,0.1,0.2,1.7071015788409685,0.05141888319773446,0.06405276899978629,2.2707188456495757,34.24627969854345
0.35,0.1,0.25,0.25,0.05,1.7071015898942872,0.05113627455294697,0.06118441999576896,2.273587194653593,34.59761740038021
0.2,0.25,0.2,0.3,0.05,1.70710161630431,0.051351239467162454,0.0626792690286413,2.2720923456207203,34.422182377532245
0.25,0.15,0.35,0.15,0.1,1.7071017139090618,0.05138369368866126,0.06313188534459857,2.271639729304763,34.3164393187671
0.1,0.25,0.25,0.25,0.15,1.707101957589193,0.0514685476959892,0.06422133847041622,2.2705502761789456,34.26915577870122
0.35,0.1,0.2,0.3,0.05,1.7071021176358825,0.05107796423143113,0.0608144120513201,2.2739572025980417,34.681303066757096
0.1,0.15,0.35,0.25,0.15,1.707102933071948,0.051474185440277,0.06468952431884123,2.2700820903305203,34.26446555878992
0.35,0.05,0.3,0.25,0.05,1.7071037462955132,0.05113653964876513,0.06141844369953575,2.273353170949826,34.59550020543158
0.25,0.15,0.35,0.1,0.15,1.7071042199293291,0.05138253701834883,0.06323262960872955,2.2715389850406322,34.28614707821529
0.2,0.25,0.25,0.1,0.2,1.7071046405641042,0.05140952961165735,0.06335094853934597,2.271420666110016,34.253155932933865
0.2,0.2,0.3,0.25,0.05,1.7071048905586297,0.0514156330114022,0.06328305220312158,2.2714885624462404,34.34244370734764
0.2,0.15,0.35,0.25,0.05,1.7071061697817818,0.051417968025911136,0.06351708593910743,2.271254528710254,34.34022819724109
0.25,0.2,0.3,0.15,0.1,1.7071065241673073,0.051380745782240125,0.06289816831482997,2.271873446334532,34.31892290696962
0.05,0.2,0.25,0.3,0.2,1.707107024886406,0.05142991726848523,0.0646722549127754,2.2700993597365864,34.30783715472147
0.15,0.05,0.4,0.3,0.1,1.7071073949205369,0.05138546947579301,0.06420200514236862,2.2705696095069934,34.375077339621384
0.25,0.05,0.4,0.25,0.05,1.7071084148050992,0.05132641638638035,0.06312985237982094,2.2716417622695406,34.42044599198843
0.3,0.15,0.3,0.2,0.05,1.7071086118780985,0.05128904813039451,0.062176214017314546,2.2725954006320475,34.4323072730861
0.35,0.1,0.3,0.15,0.1,1.7071089019794825,0.0511923753527255,0.06165531579101646,2.273116298858345,34.48560089986554
0.3,0.2,0.25,0.15,0.1,1.707109310536587,0.05128478821804421,0.0620430162539678,2.272728598395394,34.40354390742749
0.2,0.0,0.45,0.2,0.15,1.7071093458657287,0.05135787669076512,0.06405106819978545,2.270720546449576,34.34928551429067
0.2,0.0,0.45,0.15,0.2,1.707109582473565,0.05135845286017498,0.06415169034715351,2.270619924302208,34.31909837775123
0.25,0.2,0.3,0.1,0.15,1.7071097963479374,0.05137932867019801,0.06299894345420154,2.2717726711951602,34.28865587653936
0.35,0.0,0.3,0.3,0.05,1.707111057126387,0.05107685445795441,0.06128272329981743,2.2734888913495443,34.677243127687504
0.3,0.1,0.35,0.2,0.05,1.7071114643014869,0.05129060089718602,0.06241025911020959,2.272361355539152,34.43025767948377
0.25,0.0,0.4,0.3,0.05,1.7071114841291184,0.05126441183237257,0.06299427573317451,2.2717773389161873,34.497759035025894
0.4,0.0,0.2,0.2,0.2,1.7071115449005974,0.05092173334049012,0.06035873741365294,2.274412877235709,34.764114794508544
0.35,0.1,0.3,0.1,0.15,1.7071117389136146,0.051190738730114246,0.06175610666171383,2.273015507987648,34.45505935871986
0.1,0.05,0.4,0.25,0.2,1.7071119859433477,0.05141230656508808,0.06488927390707322,2.2698823407422886,34.30743974019292
0.4,0.0,0.25,0.2,0.15,1.70711288781464,0.05097979074431801,0.06062827839344109,2.2741433362559205,34.707409352650146
0.4,0.05,0.2,0.2,0.15,1.7071129600282513,0.05098028959716657,0.06039433736318722,2.274377277286175,34.70964684178248
0.3,0.2,0.25,0.1,0.15,1.70711313155287,0.051283001055908106,0.06214383026346271,2.2726277843858993,34.37316621488657
0.15,0.1,0.4,0.25,0.1,1.7071138139780857,0.05144868688971059,0.06433778842927484,2.2704338262200867,34.30027333500358
0.15,0.3,0.2,0.2,0.15,1.7071142928135827,0.051436842716201144,0.06350234851141079,2.271269266137951,34.27903605094542
0.05,0.15,0.3,0.3,0.2,1.7071143836383889,0.05143182481631852,0.0649067350391408,2.269864879610221,34.30579622261708
0.4,0.0,0.25,0.15,0.2,1.7071153213004109,0.05097888365632099,0.06072905719375443,2.2740425574556076,34.676757069573874
0.25,0.25,0.2,0.25,0.05,1.707115335423624,0.05131895331679881,0.06219433177864331,2.2725772828707185,34.42992775980045
0.3,0.05,0.4,0.15,0.1,1.707115568607192,0.05129022932908017,0.06274505868063374,2.2720265559687283,34.39731769067451
0.2,0.05,0.4,0.3,0.05,1.707115988841439,0.051357294286561994,0.06361593284431932,2.2711556818050425,34.413672462464135
0.4,0.05,0.2,0.15,0.2,1.7071161602670688,0.050979121617241385,0.06049514712276238,2.274276467526599,34.67901904429469
0.25,0.1,0.4,0.15,0.1,1.7071167145334305,0.05138531074178746,0.06336650309391145,2.2714051115554503,34.315080254907606
0.25,0.0,0.45,0.15,0.15,1.7071170454064677,0.05132561286594047,0.06356557655409967,2.2712060380952623,34.35709665320326
0.3,0.05,0.4,0.1,0.15,1.7071170892258514,0.05128922385919709,0.06284577921942702,2.2719258354299345,34.36686421302555
0.3,0.15,0.3,0.05,0.2,1.707117775182311,0.051284466392783966,0.062478540940537064,2.2722930737088247,34.341096266720115
0.35,0.05,0.35,0.15,0.1,1.7071178839575347,0.051193055407434934,0.06188962698756484,2.2728819876617967,34.48393447314483
0.3,0.1,0.35,0.05,0.2,1.707118327227783,0.05128680086472775,0.06271249257201506,2.272059122077347,34.338970911756796
0.25,0.1,0.4,0.1,0.15,1.7071184526752732,0.05138441480060204,0.06346721553043366,2.271304399118928,34.28476216173735
0.15,0.3,0.2,0.15,0.2,1.7071185795124943,0.05143622412788312,0.06360311822134679,2.271168496428015,34.249108932669806
0.4,0.0,0.2,0.25,0.15,1.7071188567461324,0.050922144937956555,0.06025837115994204,2.2745132434894195,34.79553544359341
0.35,0.15,0.2,0.25,0.05,1.7071192439325444,0.051134680049324505,0.06095129673750277,2.2738203179118592,34.600865116535076
0.25,0.15,0.35,0.2,0.05,1.707119290657601,0.051384438857638694,0.06303200973920209,2.2717396049101595,34.34829048103491
0.05,0.25,0.2,0.3,0.2,1.7071194800936196,0.05142668485963742,0.06443867804588255,2.270332936603479,34.31100036642135
0.3,0.1,0.3,0.3,0.0,1.7071194908728469,0.05123225833778155,0.061940102933241814,2.27283151171612,34.54158894283806
0.25,0.15,0.3,0.3,0.0,1.7071196567343427,0.05132518087164683,0.06256164846928147,2.27220996618008,34.457108630460226
0.35,0.15,0.25,0.15,0.1,1.7071197289053455,0.051190364561218386,0.06142190412921744,2.2733497105201446,34.48839547442212
0.15,0.2,0.3,0.3,0.05,1.7071197375651157,0.05144480104845635,0.06376927815512778,2.271002336494234,34.33625028117102
0.35,0.05,0.35,0.1,0.15,1.7071199534702615,0.051191679489261066,0.061990386428987465,2.2727812282203743,34.453367635287094
0.1,0.2,0.3,0.3,0.1,1.7071201678850088,0.05147085079926897,0.0643555503660811,2.270416064283281,34.29842521626316
0.3,0.0,0.4,0.25,0.05,1.7071218302418179,0.05123111717656804,0.06250891291271188,2.2722627017366497,34.505596774478455
0.35,0.15,0.25,0.1,0.15,1.7071233315712748,0.05118846754865086,0.06152272549737625,2.2732488891519855,34.45787861079772
0.25,0.2,0.3,0.2,0.05,1.7071233338596932,0.051381752507755264,0.06279826129851074,2.271973353350851,34.350748952051845
0.2,0.25,0.25,0.25,0.05,1.7071234227657452,0.051411969488259865,0.06304991961344131,2.2717216950359207,34.345785219750454
0.3,0.15,0.25,0.3,0.0,1.7071234645184812,0.05123112281671022,0.06170634553371368,2.273065269115648,34.5440891315361
0.1,0.1,0.4,0.2,0.2,1.7071240629827908,0.051476302358772125,0.06502516136477055,2.2697464532845912,34.2331378428822
0.4,0.05,0.25,0.15,0.15,1.7071244788729296,0.051036799909577296,0.060764922419003,2.274006692230359,34.62494923557986
0.15,0.0,0.45,0.2,0.2,1.7071248769462806,0.05138687105658957,0.06463819832177409,2.270133416327588,34.31275609460597
0.1,0.3,0.2,0.2,0.2,1.7071251725586523,0.05146398554824688,0.06408891149008822,2.270682703159274,34.242623235750045
0.3,0.2,0.25,0.2,0.05,1.7071255691035487,0.05128616535991634,0.061943068888854036,2.2728285457605075,34.43548479086542
0.35,0.0,0.35,0.25,0.05,1.707125716890531,0.051135473090543386,0.061653370117399575,2.273118244531962,34.59451162260258
0.35,0.1,0.3,0.2,0.05,1.707126144060466,0.0511936001128439,0.061555391160095896,2.273216223489266,34.51770977112149
0.15,0.15,0.35,0.3,0.05,1.7071263420896399,0.051446783553883955,0.0640035990767105,2.270768015572651,34.334276622430835
0.25,0.0,0.45,0.2,0.1,1.707126592691343,0.05132549020234366,0.0634653557287832,2.2713062589205784,34.38820949104736
0.25,0.15,0.35,0.05,0.2,1.7071268042544616,0.05138096776490453,0.06333421806663297,2.271437396582729,34.25740976713983
0.2,0.1,0.4,0.25,0.05,1.707127264235635,0.05141897235389164,0.0637520230849038,2.2710195915644578,34.33913682005347
0.25,0.0,0.45,0.1,0.2,1.7071275808620818,0.05132532173712455,0.06366666609171623,2.2711049485576456,34.32754310827695
0.25,0.1,0.35,0.3,0.0,1.7071286002191364,0.05132611945403355,0.06279601116390698,2.271975603485455,34.45532776451337
0.1,0.25,0.25,0.3,0.1,1.7071288197543524,0.05146763082534491,0.06412187712453332,2.2706497375248285,34.301306740522385
0.15,0.2,0.35,0.15,0.15,1.7071289356109158,0.05150669636378461,0.06434045965409196,2.27043115499527,34.199970551170175
0.2,0.0,0.45,0.25,0.1,1.7071291943405136,0.05135688641316874,0.06395130354394318,2.2708203111054184,34.38103489797393
0.2,0.05,0.45,0.15,0.15,1.707129428415117,0.05141952126197808,0.06418743057000698,2.270584184079355,34.275652445580555
0.1,0.0,0.4,0.3,0.2,1.7071296263452083,0.05134568781224913,0.06475461963007856,2.270016995019283,34.38557121470742
0.4,0.05,0.2,0.25,0.1,1.7071298346784503,0.05098104599363966,0.06029437849695052,2.2744772361524115,34.7418549812177
0.15,0.3,0.2,0.25,0.1,1.7071300881333475,0.051437053493796146,0.06340243444990534,2.271369180199456,34.3105217533732
0.25,0.2,0.25,0.3,0.0,1.7071305271572004,0.051322912445396364,0.06232818838739673,2.2724434262619653,34.46001696837122
0.4,0.0,0.25,0.25,0.1,1.7071305300902517,0.05098028517133123,0.06052835103621668,2.274243263613145,34.73964187967512
0.2,0.3,0.2,0.15,0.15,1.7071306880523776,0.051405239703624914,0.0630175679501368,2.271754046699225,34.28699233643141
0.25,0.25,0.25,0.15,0.1,1.707131141539157,0.051376469226419495,0.06266534984952221,2.27210626479984,34.322533039120934
0.1,0.3,0.2,0.25,0.15,1.7071311861667526,0.05146374042040246,0.06398859730107387,2.270783017348288,34.27318666058727
0.1,0.15,0.35,0.3,0.1,1.7071313309865648,0.0514727434143388,0.06459012720801116,2.2701814874413504,34.29666686788683
0.1,0.05,0.4,0.3,0.15,1.7071315836025276,0.05141025547910179,0.06478949813058121,2.2699821165187806,34.338880087867636
0.4,0.05,0.25,0.2,0.1,1.7071316083554984,0.051038051218771786,0.06066455108482027,2.2741070635645415,34.65639075027612
0.4,0.0,0.3,0.15,0.15,1.7071319993746643,0.05103645421339713,0.06099918231443202,2.2737724323349298,34.62318960997508
0.15,0.25,0.25,0.3,0.05,1.707132947061496,0.05144149049262965,0.06353586010434675,2.271235754545015,34.339348878148435
0.1,0.1,0.4,0.25,0.15,1.70713314462118,0.05147501141640728,0.0649249734288706,2.269846641220491,34.26380233708859
0.25,0.2,0.3,0.05,0.2,1.707133145941707,0.0513775000923297,0.06310056226582073,2.271671052383541,34.259943876858635
0.3,0.05,0.4,0.2,0.05,1.7071341301630856,0.05129082148518738,0.0626452064603562,2.2721264081890054,34.4293341750696
0.35,0.1,0.3,0.05,0.2,1.7071346504317009,0.05118868926089565,0.061857739325569705,2.272913875323792,34.42608108889985
0.15,0.0,0.45,0.25,0.15,1.707134942710098,0.05138542699382522,0.06453803314282847,2.2702335815065333,34.343580613689994
0.25,0.1,0.4,0.2,0.05,1.7071350599692685,0.051385794093021256,0.06326665992023361,2.271504954729128,34.346957277730624
0.25,0.25,0.25,0.1,0.15,1.7071351781857622,0.05137479197588116,0.06276615493526094,2.2720054597141006,34.29229060818595
0.3,0.05,0.35,0.3,0.0,1.7071353320525258,0.05123206296024875,0.06217476346880324,2.2725968511805585,34.54021710019272
0.05,0.2,0.3,0.25,0.2,1.7071355315566685,0.05149515002519032,0.06504307206943749,2.2697285425799243,34.23173824724509
0.35,0.05,0.35,0.2,0.05,1.707135894291362,0.05119401838208349,0.06178973436620372,2.272981880283158,34.516068611424345
0.15,0.25,0.3,0.15,0.15,1.7071360827728155,0.05150270606509138,0.06410678354301669,2.270664831106345,34.202646496763094
0.2,0.3,0.2,0.2,0.1,1.70713618423466,0.051406313932952176,0.06291719913944704,2.2718544155099147,34.3178425484964
0.35,0.15,0.25,0.2,0.05,1.7071362043351823,0.051191850817985676,0.061321948488456846,2.273449666160905,34.52047979957143
0.15,0.2,0.35,0.2,0.1,1.7071365158772074,0.05150687863145053,0.06424019376891033,2.2705314208804515,34.23076288381132
0.4,0.1,0.2,0.15,0.15,1.707136766407165,0.05103581583765823,0.06053156172814034,2.2742400529212214,34.6278392483604
0.3,0.2,0.25,0.05,0.2,1.7071370277109936,0.051280802844510504,0.06224548648278483,2.272526128166577,34.344347701157986
0.4,0.05,0.25,0.1,0.2,1.7071374242386708,0.051035137016363905,0.060866157423409506,2.2739054572259523,34.59508033491227
0.3,0.05,0.4,0.05,0.2,1.7071386875644792,0.051287804039449277,0.06294734359940768,2.271824271049954,34.3379697050044
0.2,0.05,0.45,0.2,0.1,1.707138759788078,0.051419289577108195,0.06408721904471881,2.270684395604643,34.306629322221085
0.15,0.05,0.45,0.2,0.15,1.7071396514212471,0.051449369241119786,0.06467364143315635,2.270097973216205,34.26890469834231
0.4,0.0,0.3,0.2,0.1,1.7071398966751015,0.05103744411638492,0.060898842600029424,2.2738727720493324,34.65465600442677
0.15,0.05,0.45,0.15,0.2,1.7071401030130846,0.051450054760141764,0.0647742537688234,2.2699973608805384,34.23885006153555
0.2,0.05,0.45,0.1,0.2,1.7071401811131137,0.05141933987631984,0.06428851178208173,2.27048310286728,34.246230866832946
0.25,0.1,0.4,0.05,0.2,1.7071402699255507,0.05138310518565913,0.06356877275013662,2.271202841899225,34.255998997684486
0.05,0.25,0.25,0.25,0.2,1.7071403907212366,0.05149175933562202,0.0648091740150003,2.2699624406343615,34.23442914128955
0.15,0.2,0.35,0.1,0.2,1.7071414390111963,0.051506103972801545,0.064441595039612,2.27033001960975,34.17072971947419
0.05,0.1,0.35,0.3,0.2,1.7071415600498465,0.051432405214024104,0.06514212072752223,2.2696294939218395,34.304875741731095
0.15,0.15,0.4,0.15,0.15,1.707141599325946,0.05150935761018329,0.06457503681170551,2.2701965778376563,34.198416773977016
0.2,0.2,0.35,0.15,0.1,1.707142014360802,0.05147489809266756,0.06375485409714576,2.2710167605522162,34.238392954046134
0.35,0.05,0.35,0.05,0.2,1.7071420983936765,0.05118988964124191,0.06209198822950235,2.272679626419859,34.42436403072587
0.15,0.25,0.3,0.2,0.1,1.7071428966438769,0.05150314942541466,0.0640064865007266,2.270765128148635,34.23341358143687
0.4,0.1,0.2,0.2,0.1,1.7071431297075736,0.051037328241278865,0.06043115973213742,2.2743404549172244,34.65925653636557
0.4,0.0,0.3,0.1,0.2,1.7071441777580407,0.05103505165206527,0.061100386268208906,2.273671228381153,34.593295777476854
0.2,0.2,0.35,0.1,0.15,1.7071447345111586,0.05147385108861289,0.0638555883876677,2.270916026261694,34.20823217011488
0.2,0.3,0.2,0.1,0.2,1.707145271555269,0.05140375798262888,0.06311880370682332,2.2716528109425385,34.25769780783901
0.3,0.15,0.3,0.25,0.0,1.7071457193767066,0.05128975184253949,0.06207715355770338,2.2726944610916586,34.46584258702213
0.4,0.0,0.2,0.3,0.1,1.7071462432486069,0.05092214259710312,0.06015882146018914,2.2746127931891724,34.8285462493913
0.1,0.2,0.35,0.2,0.15,1.7071464305598563,0.05153483286793507,0.06482681543885427,2.2699447992105073,34.193805700256746
0.35,0.0,0.4,0.15,0.1,1.7071466786075788,0.05119240255228109,0.062124840105028944,2.2726467745443326,34.483394480639674
0.3,0.25,0.2,0.15,0.1,1.7071468381298862,0.05128031664720308,0.0618107988690646,2.272960815780297,34.40787547678964
0.35,0.15,0.25,0.05,0.2,1.707147007905319,0.0511861587988811,0.06162438816014437,2.2731472264892174,34.42892515831558
0.25,0.25,0.25,0.2,0.05,1.7071471857816247,0.05137773723189115,0.0625654124190731,2.2722062022302887,34.3543346791617
0.3,0.2,0.2,0.3,0.0,1.7071472492162116,0.05122865864902648,0.06147348909545047,2.2732981255539113,34.54771969552792
0.35,0.0,0.4,0.1,0.15,1.7071479789847284,0.05119128763829513,0.06222556716177019,2.272546047487592,34.4528016945484
0.1,0.25,0.3,0.2,0.15,1.7071482534060245,0.051531194231772645,0.06459285276439464,2.270178761884967,34.196240512333766
0.1,0.2,0.35,0.15,0.2,1.7071486323202232,0.051535105469295094,0.06492748165287532,2.2698441329964867,34.16393253170911
0.35,0.1,0.25,0.3,0.0,1.7071486575160857,0.05113659064036987,0.06108572807627355,2.2736858865730882,34.63206929743349
0.3,0.1,0.35,0.25,0.0,1.707149340319175,0.05129104185071472,0.06231123092978641,2.2724603837195754,34.46381813020267
0.15,0.25,0.3,0.1,0.2,1.7071493516591214,0.05150185371439576,0.06420794955981535,2.270563665089546,34.17343102175526
0.15,0.15,0.4,0.2,0.1,1.7071499476826402,0.05150927853368566,0.06447480308166642,2.2702968115676954,34.22923505056029
0.2,0.15,0.4,0.15,0.1,1.7071501212093294,0.05147764878994382,0.06398917644128899,2.270782438208073,34.23662385602081
0.35,0.2,0.2,0.15,0.1,1.7071503610079026,0.05118702531926158,0.06118938995566636,2.2735822246936954,34.49232041648808
0.4,0.1,0.2,0.1,0.2,1.707150477030651,0.051033892949801346,0.06063282689262084,2.274138787756741,34.59799472887008
0.05,0.15,0.35,0.25,0.2,1.7071504864939242,0.05149721427543761,0.06527787352541359,2.269493741123948,34.23016819645045
0.1,0.25,0.3,0.15,0.2,1.7071512215267108,0.05153120610521541,0.06469355016714418,2.2700780644822176,34.166392776974575
0.3,0.25,0.2,0.1,0.15,1.7071514225756759,0.05127826954948361,0.06191164218987488,2.2728599724594867,34.37752183921889
0.25,0.05,0.45,0.15,0.1,1.707151529854873,0.051385594853950944,0.06360202405784543,2.2711695905915166,34.31484418828023
0.35,0.05,0.3,0.3,0.0,1.7071515828518917,0.05113659230183261,0.061319784235193575,2.273451830414168,34.629976772054604
0.2,0.15,0.4,0.1,0.15,1.7071520741095179,0.051476862388698696,0.06408987917264564,2.270681735476716,34.2064372596434
0.2,0.2,0.3,0.3,0.0,1.7071520854296973,0.05141536203339609,0.06318442400273994,2.271587190646622,34.37647519002154
0.25,0.05,0.45,0.1,0.15,1.7071524983727613,0.05138495991374133,0.06370270368962072,2.271068910959741,34.28449956960068
0.15,0.1,0.4,0.3,0.05,1.7071527644462137,0.05144743584289362,0.06423882521894853,2.2705327894304133,34.33342614899763
0.15,0.15,0.4,0.1,0.2,1.7071533354579334,0.05150902545736616,0.0646761406363463,2.2700954740130155,34.169149990143936
0.05,0.2,0.3,0.3,0.15,1.7071533800463552,0.05149351524878697,0.06494324312705135,2.26982837152231,34.26299303837453
0.2,0.25,0.3,0.15,0.1,1.707153717397857,0.05147081766023173,0.06352143212448236,2.2712501825248794,34.241286034806635
0.2,0.15,0.35,0.3,0.0,1.7071541334180267,0.05141743363813804,0.06341849031001012,2.2713531243393517,34.37428485298483
0.35,0.2,0.2,0.1,0.15,1.707154727737144,0.051184868246396044,0.0612902409119116,2.27348137373745,34.4618276452383
0.25,0.0,0.45,0.25,0.05,1.7071562252591448,0.05132495284942206,0.06336599265487375,2.271405621994488,34.42088836399675
0.25,0.15,0.35,0.25,0.0,1.7071569525238734,0.05138477164187141,0.06293299187167634,2.2718386227776852,34.3817074552349
0.2,0.25,0.3,0.1,0.15,1.707157203075708,0.051469510334165296,0.06362219702243066,2.271149417626931,34.211150425322735
0.3,0.0,0.45,0.15,0.1,1.7071572808108266,0.05128937786550611,0.06298087714851985,2.271790737500842,34.39749221747081
0.1,0.3,0.2,0.3,0.1,1.7071572828468593,0.05146308578677208,0.06388910541371051,2.2708825092356513,34.305313597441085
0.25,0.05,0.4,0.3,0.0,1.7071573614347573,0.05132572604117481,0.06303127887346638,2.2717403357758954,34.454672685320205
0.05,0.25,0.25,0.3,0.15,1.7071574722037806,0.05149038666475169,0.06470931343284736,2.270062301216514,34.265658932437574
0.3,0.0,0.45,0.1,0.15,1.7071580311799326,0.05128863353724261,0.06308156460624881,2.271690050043113,34.36701216418247
0.3,0.15,0.35,0.1,0.1,1.7071584159250017,0.05134458533869537,0.06264874088054895,2.272122873768813,34.327239855298075
0.4,0.05,0.3,0.15,0.1,1.7071584630704413,0.05109407291272736,0.061035720866030596,2.273735893783331,34.57476098533071
0.4,0.05,0.25,0.25,0.05,1.7071588152218684,0.05103888998657156,0.06056503239706257,2.274206582252299,34.689411738101015
0.15,0.05,0.45,0.25,0.1,1.7071592861412834,0.051448270362069046,0.0645738876192572,2.2701977270301046,34.3005176554293
0.25,0.25,0.25,0.05,0.2,1.7071592912644529,0.051372704403978044,0.06286780323912211,2.2719038114102394,34.26360341085825
0.2,0.2,0.35,0.2,0.05,1.7071593781716488,0.05147553437605453,0.06365498952743853,2.2711166251219232,34.270108898251806
0.25,0.2,0.3,0.25,0.0,1.707160227773144,0.05138234795729022,0.0626992114700875,2.2720724031792745,34.38414089391971
0.4,0.05,0.3,0.1,0.15,1.7071610783460585,0.051092326706187706,0.06113651726223135,2.2736350973871304,34.54407627999227
0.25,0.25,0.2,0.3,0.0,1.7071612077123737,0.05131931644377146,0.06209562885785247,2.2726759857915093,34.4640549599022
0.2,0.3,0.2,0.25,0.05,1.707161762641719,0.05140697975396857,0.06281768624473583,2.271953928404626,34.35025510031239
0.3,0.2,0.25,0.25,0.0,1.7071619095993715,0.051287131573555106,0.061843977216455404,2.2729276374329066,34.46899578619225
0.1,0.1,0.4,0.3,0.1,1.7071623128546978,0.05147330650289168,0.06482561006207255,2.2699460045872892,34.296030027994185
0.3,0.25,0.2,0.2,0.05,1.7071623322267895,0.05128195487514108,0.06171082177011544,2.2730607928792463,34.43979257036846
0.4,0.1,0.25,0.15,0.1,1.7071623914560135,0.05109319640486701,0.06080201051839884,2.273969604130963,34.57714862979272
0.15,0.3,0.25,0.15,0.15,1.7071630370485198,0.05149738893363866,0.06387400637388807,2.2708976082754737,34.206446695746656
0.35,0.1,0.3,0.25,0.0,1.7071634675016134,0.05119441209647386,0.06145632182936378,2.273315292819998,34.551392950700716
0.15,0.2,0.35,0.25,0.05,1.707164182353731,0.05150664989128836,0.06414078639924603,2.2706308282501158,34.26311335432558
0.1,0.2,0.35,0.25,0.1,1.7071643146422035,0.05153414986905774,0.06472700756262983,2.270044607086732,34.22523341320566
0.1,0.15,0.4,0.2,0.15,1.7071644211872206,0.051537142898471555,0.06506168092712072,2.269709933722241,34.19249206817446
0.05,0.3,0.2,0.25,0.2,1.707165060282132,0.0514870445208357,0.06457617725590392,2.2701954373934576,34.23824297854968
0.15,0.0,0.45,0.3,0.1,1.7071650946170154,0.05138356715662024,0.064438692186225,2.270332922463137,34.37597236605962
0.1,0.25,0.3,0.25,0.1,1.7071653702373326,0.05153077308780249,0.0644930131470316,2.27027860150233,34.2276428766869
0.35,0.0,0.4,0.2,0.05,1.7071654588218759,0.05119310346690473,0.06202498051709493,2.272746634132267,34.51555463858718
0.35,0.15,0.2,0.3,0.0,1.7071655440801308,0.05113525931500253,0.06085257345455464,2.273919041194807,34.63529319770099
0.3,0.15,0.35,0.15,0.05,1.7071656955442764,0.05134619540544208,0.06254839917812127,2.2722232154712403,34.358459947684466
0.4,0.1,0.25,0.1,0.15,1.707165773094386,0.05109118967041318,0.060902837696776846,2.273868776952585,34.546488647853145
0.1,0.15,0.4,0.15,0.2,1.7071658548317323,0.05153767647682438,0.06516231497616465,2.2696092996731974,34.16259281315466
0.15,0.3,0.2,0.3,0.05,1.7071659668129424,0.05143685417535178,0.06330334291526829,2.2714682717340935,34.34357465843409
0.35,0.2,0.2,0.2,0.05,1.7071660713660721,0.05118877276916884,0.06108940428188858,2.273682210367473,34.52438088313065
0.4,0.05,0.2,0.3,0.05,1.7071667856003763,0.050981388573213146,0.060195237392510315,2.2745763772568512,34.775652361838155
0.2,0.2,0.35,0.05,0.2,1.707167534141909,0.0514723922347474,0.06395716793073847,2.2708144467186235,34.179622589129835
0.4,0.0,0.3,0.25,0.05,1.7071678721959187,0.05103802040990469,0.06079935611541254,2.2739722585339495,34.68770182809871
0.3,0.1,0.4,0.1,0.1,1.7071680950701231,0.05134655142498417,0.0628830741819415,2.2718885404674203,34.32563807509803
0.2,0.05,0.45,0.25,0.05,1.7071681777766932,0.051418643936863795,0.06398786624801756,2.2707837484013442,34.339168193376544
0.4,0.0,0.25,0.3,0.05,1.7071682495080576,0.050980364711087155,0.060429242004539585,2.2743423726448224,34.77346355795389
0.2,0.15,0.4,0.2,0.05,1.7071682531121248,0.05147802336482076,0.0638893440129138,2.2708822706364478,34.268365588482006
0.35,0.1,0.35,0.1,0.1,1.7071682838920554,0.051248219971031676,0.06202771060177836,2.2727439040475836,34.410141523414026
0.3,0.2,0.3,0.1,0.1,1.707168544796955,0.05134128804012452,0.06241530681418905,2.2723563078351727,34.32996754098998
0.15,0.3,0.25,0.2,0.1,1.7071690861944435,0.05149809311882518,0.06377367914829302,2.270997935501069,34.237189197737365
0.05,0.15,0.35,0.3,0.15,1.7071691036614174,0.05149531717895178,0.06517807726828861,2.2695935373810734,34.261448730897214
0.2,0.0,0.45,0.3,0.05,1.7071691292400173,0.05135547978710522,0.06385236332778454,2.270919251321577,34.41435523855212
0.35,0.0,0.4,0.05,0.2,1.7071693555114944,0.05118975773691671,0.06232713721144578,2.272444477437916,34.42377220488315
0.4,0.1,0.2,0.25,0.05,1.7071695694675333,0.051038429196539795,0.0603316098671276,2.2744400047822344,34.69225344384422
0.15,0.25,0.3,0.25,0.05,1.7071697958153054,0.05150318290440634,0.06390704743386588,2.270864567215496,34.2657389046897
0.2,0.25,0.25,0.3,0.0,1.707169850363133,0.05141196169821889,0.06295125995322048,2.2718203546961413,34.379792401453784
0.1,0.3,0.25,0.2,0.15,1.7071698859542837,0.05152622919601946,0.06435979071396014,2.270411823935402,34.19979847189244
0.2,0.25,0.3,0.2,0.05,1.707170314752515,0.05147171539802913,0.06342153643365833,2.2713500782157032,34.272976929585305
0.25,0.05,0.45,0.2,0.05,1.7071706456381381,0.051385816141350855,0.0635022143620596,2.271269400287302,34.34674784489454
0.3,0.0,0.4,0.3,0.0,1.707170991884614,0.05123053454762361,0.06241032965970472,2.272361284989657,34.53997207264551
0.3,0.15,0.35,0.05,0.15,1.707171214740351,0.051342562151918354,0.06274992709090643,2.272021687558455,34.29757853378722
0.35,0.15,0.3,0.1,0.1,1.7071715170823145,0.05124605675727052,0.06179397957520405,2.2729776350741577,34.412460844703475
0.35,0.15,0.25,0.25,0.0,1.7071727602055593,0.0511929253986928,0.06122284762155483,2.273548767027807,34.55413855634958
0.3,0.05,0.4,0.25,0.0,1.7071727762428912,0.05129099943731986,0.06254621165014052,2.2722254029992213,34.46292061160527
0.1,0.05,0.45,0.2,0.2,1.7071733241652363,0.05147605897651026,0.06526148400280252,2.2695101306465593,34.233567046692286
0.1,0.0,0.45,0.25,0.2,1.70717347386642,0.051410578472903576,0.06512618399774905,2.2696454306516127,34.308518693820595
0.25,0.1,0.4,0.25,0.0,1.7071734913339616,0.051385863976468965,0.0631676751034067,2.271603939545955,34.38040012858977
0.25,0.05,0.45,0.05,0.2,1.7071735467159452,0.05138391023538422,0.06380422876244851,2.2709673858869133,34.25570998004255
0.1,0.3,0.25,0.15,0.2,1.7071736187053979,0.05152598060721041,0.0644605183536906,2.2703110962956714,34.16997554680107
0.35,0.05,0.35,0.25,0.0,1.7071739868183902,0.051194567504991156,0.0616906976398226,2.273080917009539,34.54977703651362
0.15,0.1,0.45,0.15,0.15,1.7071740777246158,0.05151068770736526,0.06481051745955457,2.269961097189807,34.19798356859917
0.2,0.15,0.4,0.05,0.2,1.7071741073268683,0.05147566302980804,0.06419142772410069,2.270580186925261,34.17780183372196
0.35,0.0,0.35,0.3,0.0,1.7071743238676125,0.05113526206656971,0.061554744224160185,2.273216870425202,34.62901374438394
0.4,0.0,0.35,0.15,0.1,1.7071743443786263,0.051093617721567584,0.06127033148553185,2.2735012831638297,34.57350270656846
0.3,0.2,0.3,0.15,0.05,1.7071750582064358,0.05134315890402328,0.06231493425108381,2.272456680398278,34.36116260543636
0.25,0.3,0.2,0.15,0.1,1.707175562285388,0.0513708663417195,0.062433428128181756,2.2723381865211802,34.3272722376023
0.35,0.1,0.35,0.15,0.05,1.7071757812199708,0.051249939325821135,0.06192736103350316,2.2728442536158586,34.4415005180814
0.4,0.05,0.3,0.2,0.05,1.7071759251074,0.051095406576033967,0.06093578990810977,2.2738358247412522,34.60701761609039
0.2,0.1,0.4,0.3,0.0,1.7071759981566963,0.05141817434925212,0.06365346116390258,2.2711181534854594,34.373219550653715
0.3,0.25,0.2,0.05,0.2,1.7071760811248167,0.05127581255637002,0.062013327311222,2.2727582873381396,34.348727654062614
0.3,0.1,0.4,0.15,0.05,1.7071761425592786,0.05134790040466281,0.06278276431534224,2.2719888503340195,34.35688388075452
0.4,0.0,0.35,0.1,0.15,1.7071761916018167,0.051092132362823235,0.06137109616544567,2.273400518483916,34.54279265440311
0.3,0.0,0.45,0.2,0.05,1.7071766133076007,0.05128970783325799,0.06288105870464755,2.2718905559447142,34.4295354177651
0.15,0.3,0.25,0.1,0.2,1.7071770696624495,0.05149627691844524,0.06397520211609486,2.270796412533267,34.17725601332093
0.2,0.1,0.45,0.15,0.1,1.7071780417665925,0.05147906765565109,0.06422440153944842,2.2705472131099134,34.235977058496736
0.35,0.15,0.3,0.15,0.05,1.707178247586853,0.05124803703298432,0.06169359885841552,2.2730780157909463,34.44379475731381
0.15,0.15,0.4,0.25,0.05,1.707178383073655,0.051508787349355344,0.06437542847622812,2.2703961861731337,34.26161146489832
0.3,0.0,0.45,0.05,0.2,1.707178859953395,0.051287473810990455,0.06318309658513677,2.271588518064225,34.33809121249903
0.4,0.1,0.25,0.2,0.05,1.70717908624241,0.05109479168612408,0.06070204824329539,2.2740695664060664,34.609380637491135
0.35,0.2,0.2,0.05,0.2,1.7071791671285177,0.05118230057240518,0.06139193273116095,2.273379681918201,34.43289852748907
0.2,0.1,0.45,0.1,0.15,1.7071792256667955,0.05147854212178709,0.06432507173515045,2.270446542914211,34.20576398147304
0.3,0.1,0.4,0.05,0.15,1.7071801268396398,0.051344788234937454,0.0629842291341649,2.271787385515197,34.29595102362493
0.25,0.3,0.2,0.1,0.15,1.7071803617238461,0.051368929272158075,0.06253426225376502,2.2722373523955968,34.29705382913997
0.2,0.25,0.3,0.05,0.2,1.7071807673090402,0.051467792293307314,0.06372380667330968,2.271047807976052,34.18256615214946
0.25,0.2,0.35,0.1,0.1,1.7071808000424764,0.051438206100689915,0.06327099492721078,2.271500619722151,34.24812175326325
0.35,0.1,0.35,0.05,0.15,1.7071808635359746,0.051246086817583004,0.06212890376518643,2.2726427108841754,34.380345423018284
0.05,0.3,0.2,0.3,0.15,1.707181376402373,0.051485933725173835,0.06447628605464151,2.2702953285947203,34.26944848291859
0.3,0.2,0.3,0.05,0.15,1.7071821089101777,0.05133900517294427,0.06251652337549052,2.2722550912738715,34.30033136536823
0.1,0.15,0.4,0.25,0.1,1.7071830741902385,0.05153619782233558,0.06496190583725636,2.2698097088121054,34.22394588330556
0.1,0.05,0.45,0.25,0.15,1.707183177126237,0.051474506011387894,0.065161330190741,2.269610284458621,34.26425859401651
0.15,0.1,0.45,0.2,0.1,1.7071831958960084,0.05151034705128889,0.06471031690828122,2.270061297741081,34.228828514414786
0.25,0.25,0.25,0.25,0.0,1.7071833132616407,0.05137859509632253,0.062466331695015365,2.2723052829543464,34.38770240241953
0.25,0.15,0.4,0.1,0.1,1.707183584802491,0.0514413064277139,0.06350503218525194,2.2712665824641096,34.24611031398404
0.4,0.05,0.3,0.05,0.2,1.7071837665146734,0.05109016702044495,0.0612381546509051,2.2735334599984567,34.51495940121677
0.35,0.05,0.4,0.1,0.1,1.7071848595846046,0.05124905094194142,0.062262341427621326,2.2725092732217407,34.40894899865569
0.35,0.15,0.3,0.05,0.15,1.707184862670014,0.051243663782450155,0.061895203355108785,2.272876411294253,34.382689912704464
0.15,0.1,0.45,0.1,0.2,1.7071850447784143,0.051510616054637755,0.06491158876872616,2.269860025880636,34.16869020732784
0.2,0.3,0.25,0.15,0.1,1.7071852265383995,0.051465409707833955,0.06328890847859237,2.2714827061707696,34.24530527177817
0.05,0.1,0.4,0.25,0.2,1.7071852592855359,0.05149794990267898,0.0655135808313625,2.2692580338179993,34.22971737713226
0.4,0.15,0.2,0.15,0.1,1.7071861258014775,0.05109099046361635,0.06056919827784957,2.274202416371512,34.580667709163755
0.1,0.3,0.25,0.25,0.1,1.707186237177221,0.05152606966848808,0.06425992037563799,2.270511694273724,34.23117621148765
0.05,0.25,0.3,0.2,0.2,1.7071863885012022,0.05155585375297915,0.06518063775811966,2.269590976891242,34.16145096619877
0.25,0.2,0.35,0.15,0.05,1.7071878645983125,0.051439706848617386,0.06317066271978744,2.2716009519295746,34.27920697285154
0.05,0.05,0.4,0.3,0.2,1.7071885578794848,0.05143165630335149,0.06537841462762906,2.2693932000217325,34.30507436915563
0.2,0.0,0.5,0.15,0.15,1.7071886200028779,0.05141838305071112,0.06442411292612626,2.2703475017232355,34.276750453150626
0.05,0.2,0.35,0.2,0.2,1.707189125576349,0.05155940101757459,0.06541485714286543,2.2693567575064963,34.15923068989603
0.4,0.1,0.25,0.05,0.2,1.7071892267418043,0.051088770549338844,0.0610045053465591,2.2737671093028027,34.51739660122374
0.2,0.3,0.25,0.1,0.15,1.7071894760444222,0.05146384235702331,0.06338970305570268,2.271381911593659,34.215194230434946
0.4,0.15,0.2,0.1,0.15,1.7071902721345915,0.05108872353583646,0.06067005532680403,2.274101559322558,34.55003186151376
0.25,0.3,0.2,0.2,0.05,1.7071908426629392,0.05137239533481795,0.06233346125762895,2.272438153391733,34.359050151909514
0.25,0.15,0.4,0.15,0.05,1.7071914166168907,0.051442546211110315,0.06340473153100801,2.271366883118354,34.2772211930167
0.4,0.0,0.35,0.2,0.05,1.707192575268211,0.05109468947220905,0.061170432846864076,2.2736011818024977,34.605784685731
0.3,0.15,0.35,0.2,0.0,1.707193057856696,0.05134739341414169,0.06244892651643186,2.27232268813293,34.39124300987428
0.35,0.05,0.4,0.15,0.05,1.7071931253938781,0.05125050907955884,0.062162023984501324,2.2726095906648602,34.44033376535334
0.05,0.25,0.3,0.25,0.15,1.7071937245477895,0.05155497714577716,0.06508039858063897,2.269691216068723,34.19193479676018
0.25,0.2,0.35,0.05,0.15,1.7071938152030295,0.05143629295122952,0.06337217264958817,2.2713994419997734,34.21859146495331
0.1,0.0,0.45,0.3,0.15,1.7071938442283479,0.05140826457759792,0.065026443360233,2.269745171289129,34.33998644677804
0.35,0.2,0.25,0.1,0.1,1.7071945553911423,0.051242563499250895,0.061561146160562075,2.2732104684887995,34.415908952550375
0.15,0.3,0.25,0.25,0.05,1.707195219643813,0.051498388576127895,0.06367420942650837,2.2710974052228536,34.26949014022915
0.25,0.15,0.4,0.05,0.15,1.7071958335612676,0.051439653135297796,0.06360617891008813,2.271165435739274,34.21655431754519
0.35,0.05,0.4,0.05,0.15,1.707196671539052,0.05124717793202442,0.062363503065860026,2.272408111583502,34.379127141261264
0.2,0.2,0.35,0.25,0.0,1.7071968282968781,0.051475759067372104,0.06355598376116722,2.271215630888195,34.303386848160976
0.2,0.1,0.45,0.2,0.05,1.7071969434256977,0.05147918028371857,0.06412460229795713,2.2706470123514046,34.26774534769302
0.05,0.2,0.35,0.25,0.15,1.7071972288464818,0.05155826292254394,0.06531464974640833,2.2694569649029535,34.18974005722615
0.3,0.05,0.45,0.1,0.1,1.7071975860401098,0.05134718419837324,0.06311830912922689,2.271653305520135,34.32516055513413
0.25,0.25,0.3,0.1,0.1,1.7071978223619042,0.05143377564973593,0.06303785650682348,2.2717337581425383,34.251258482356675
0.3,0.25,0.2,0.25,0.0,1.707197907213342,0.051283183318432846,0.06161169992804716,2.2731599147213144,34.473280032921096
0.4,0.0,0.35,0.05,0.2,1.707198112513141,0.05109023245797002,0.06147270242633618,2.2732989122230256,34.513650422025734
0.3,0.25,0.25,0.1,0.1,1.707198477918071,0.05133666174271118,0.06218276990967886,2.272588844739683,34.33382327453316
0.2,0.0,0.5,0.1,0.2,1.7071986011453324,0.05141846255613854,0.06452516038671585,2.270246454262646,34.247301607569526
0.2,0.0,0.5,0.2,0.1,1.7071987235507669,0.05141788943748192,0.06432393590702201,2.2704476787423395,34.30775482036051
0.15,0.05,0.45,0.3,0.05,1.7071990085093693,0.051446755872353866,0.06447495927858804,2.2702966553707737,34.333697591059675
0.2,0.1,0.45,0.05,0.2,1.70720049063417,0.05147760254918827,0.064426588386995,2.270345026262367,34.17710214271547
0.35,0.2,0.25,0.15,0.05,1.7072005207065872,0.05124480438459801,0.06146073524857787,2.2733108794007837,34.447218440605965
0.2,0.3,0.25,0.2,0.05,1.7072010590481028,0.05146656862993116,0.06318898266290329,2.2715826319864583,34.2769718249335
0.3,0.2,0.3,0.2,0.0,1.7072016533931451,0.05134461882442244,0.06221543020487208,2.2725561844444897,34.39392074924305
0.35,0.2,0.2,0.25,0.0,1.707201861157414,0.05119010966909637,0.06099027292361914,2.2737813417257424,34.55801600720028
0.4,0.15,0.2,0.2,0.05,1.7072020549165532,0.051092847053889674,0.06046920566464342,2.2743024089847186,34.61287578553195
0.1,0.1,0.45,0.2,0.15,1.7072022291102225,0.051538122243582056,0.06529745176087753,2.2694741628884842,34.19229813300288
0.1,0.2,0.35,0.3,0.05,1.7072022858981089,0.05153305419881037,0.06462802494911712,2.2701435897002447,34.25822426351574
0.1,0.25,0.3,0.3,0.05,1.707202573352843,0.05152994039244442,0.0643939982254691,2.2703776164238927,34.26060845512294
0.1,0.1,0.45,0.15,0.2,1.7072028928536842,0.05153891703159702,0.06539805264284615,2.269373562006516,34.16237210924042
0.35,0.1,0.35,0.2,0.0,1.7072033597639997,0.05125124589589599,0.06182787959106251,2.2729437350582993,34.47442664392466
0.05,0.3,0.25,0.2,0.2,1.7072034618959977,0.051550980803210765,0.06494731982173674,2.2698242948276253,34.16479279218211
0.15,0.0,0.5,0.15,0.2,1.7072038539121035,0.05144882837887763,0.06501119305735403,2.2697604215920077,34.240159277743075
0.3,0.15,0.35,0.0,0.2,1.707204088846766,0.051340126556146545,0.06285196333860443,2.2719196513107573,34.26946999983863
0.25,0.25,0.3,0.15,0.05,1.7072041213231808,0.05143553707888761,0.06293749372048718,2.2718341209288746,34.28231872320892
0.15,0.0,0.5,0.2,0.15,1.7072041746582867,0.05144788130066471,0.06491061517996499,2.2698609994693966,34.270241446795595
0.3,0.25,0.25,0.15,0.05,1.707204226754615,0.05133879309825223,0.06208236743778239,2.2726892472115794,34.36499396412691
0.3,0.1,0.4,0.2,0.0,1.7072042735709099,0.05134883623766276,0.06268332408184762,2.272088290567514,34.38969264789259
0.35,0.0,0.4,0.25,0.0,1.707204321977255,0.05119338947925934,0.06192597748797013,2.2728456371613914,34.54928916304448
0.05,0.1,0.4,0.3,0.15,1.707204646831403,0.051495790287058835,0.06541381833120319,2.2693577963181584,34.26102442699669
0.35,0.15,0.3,0.2,0.0,1.7072050584235745,0.051249605621475146,0.06159408572122871,2.273177528928133,34.4766958790405
0.25,0.3,0.2,0.05,0.2,1.7072052365230972,0.051366583053355834,0.06263593921035149,2.27213567543901,34.268390959521625
0.25,0.0,0.45,0.3,0.0,1.707205944270624,0.0513239985986685,0.06326745434834757,2.2715041603010144,34.45514219522837
0.4,0.05,0.25,0.3,0.0,1.7072061006614914,0.05103931400864366,0.06046633330729545,2.274305281342066,34.724021263307634
0.25,0.0,0.5,0.15,0.1,1.7072061637530804,0.05138454405430351,0.06383845107835451,2.2709331635710073,34.31573007591555
0.25,0.1,0.45,0.1,0.1,1.7072061804567906,0.05144307452026025,0.0637399705787034,2.2710316440706584,34.245222364854726
0.25,0.0,0.5,0.1,0.15,1.7072063608697978,0.05138417037155011,0.06393909690205501,2.2708325177473068,34.2853582296776
0.3,0.05,0.45,0.15,0.05,1.707206403086298,0.05134827181636799,0.06301803209816326,2.2717535825511987,34.35643279015656
0.2,0.15,0.4,0.25,0.0,1.707206472173002,0.05147798524761353,0.0637903709849188,2.270981243664443,34.30166931058227
0.4,0.1,0.3,0.1,0.1,1.7072067341708466,0.05114807990338813,0.06117387170233535,2.273597742947026,34.49879680396708
0.2,0.25,0.3,0.25,0.0,1.7072069974923072,0.05147220267000761,0.06332249901837983,2.2714491156309817,34.30622994704328
0.2,0.3,0.2,0.3,0.0,1.7072074244329647,0.05140723491508164,0.06271899621216681,2.272052618437195,34.38423882208707
0.35,0.2,0.25,0.05,0.15,1.7072086651994287,0.051239911040721016,0.06166239967112386,2.2731092149782377,34.3861626334824
0.3,0.05,0.45,0.05,0.15,1.7072088489901802,0.0513456813056548,0.06321943189213797,2.271552182757224,34.29544715829435
0.45,0.0,0.2,0.2,0.15,1.7072094238911284,0.05088075215392197,0.059776389854723444,2.2749952247946386,34.807777680896876
0.15,0.35,0.2,0.15,0.15,1.7072097947030818,0.05149074731185194,0.06364212637606137,2.2711294882733,34.21137373190162
0.25,0.05,0.45,0.25,0.0,1.7072098480774178,0.05138562290323107,0.06340326371174054,2.271368350937621,34.38021744610188
0.05,0.3,0.25,0.25,0.15,1.7072100324223074,0.05155036544755948,0.0648470498617193,2.2699245647876425,34.195251767309145
0.4,0.05,0.35,0.1,0.1,1.7072103988293261,0.05114910813946701,0.061407901158561984,2.2733637134907996,34.49688540704397
0.1,0.35,0.2,0.2,0.15,1.7072113244674338,0.05151994009306614,0.06412762743421307,2.2706439872151485,34.20448204069966
0.25,0.25,0.3,0.05,0.15,1.70721160217232,0.051431602953455696,0.06313906432046745,2.2716325503288943,34.22175332266515
0.05,0.15,0.4,0.2,0.2,1.7072116768780257,0.05156162038937652,0.06564998022760293,2.269121634421759,34.15813008135205
0.15,0.2,0.35,0.3,0.0,1.7072119361885185,0.051506007902561345,0.06404220453727327,2.2707294101120885,34.297030765959015
0.3,0.1,0.4,0.0,0.2,1.707212234722824,0.05134261153878357,0.063086234687171,2.2716853799621908,34.26781673459051
0.45,0.0,0.2,0.15,0.2,1.7072123988264094,0.050879474719117725,0.05987720299059163,2.27489441165877,34.77699776730178
0.15,0.1,0.45,0.25,0.05,1.7072124018416006,0.05150959321344224,0.06461097616031242,2.2701606384890494,34.26123169794022
0.3,0.25,0.25,0.05,0.15,1.7072128056033014,0.05133411952750914,0.06228401593752797,2.272487598711834,34.30421169365628
0.1,0.05,0.45,0.3,0.1,1.707213117351731,0.05147253802379406,0.06506200168841447,2.2697096129609475,34.296513509792504
0.4,0.05,0.3,0.25,0.0,1.7072134668035313,0.05109632676928491,0.06083671344800812,2.2739349012013537,34.640853201947465
0.45,0.0,0.25,0.15,0.15,1.7072135003542739,0.050936451781426605,0.060146762369423845,2.274624852279938,34.72046850500882
0.35,0.1,0.35,0.0,0.2,1.7072135170099996,0.051243540592844174,0.062230946054516734,2.272540668594845,34.352106189857636
0.4,0.1,0.3,0.15,0.05,1.7072136843703585,0.05115016949728943,0.06107348443641447,2.2736981302129475,34.53027362941552
0.2,0.3,0.25,0.05,0.2,1.7072138030917525,0.0514618654540979,0.06349134195359363,2.271280272695768,34.18663476033335
0.4,0.15,0.2,0.05,0.2,1.7072144895028778,0.051086045340196895,0.060771752393069534,2.273999862256292,34.520964160628914
0.15,0.25,0.35,0.15,0.1,1.7072145776285859,0.05156336236200784,0.06437905419881051,2.270392560450551,34.1640731523583
0.25,0.1,0.45,0.15,0.05,1.707214781220431,0.051444053071763744,0.06363970247642015,2.2711319121729416,34.276359614597624
0.25,0.2,0.35,0.2,0.0,1.7072150131452763,0.05144079630473311,0.06307120056313753,2.271700414086224,34.31185128641843
0.15,0.35,0.2,0.2,0.1,1.7072150807725135,0.05149171203748636,0.06354176991795102,2.271229844731411,34.242092284184736
0.3,0.2,0.3,0.0,0.2,1.7072157474028664,0.05133631102077496,0.06261858947816301,2.2721530251711988,34.27224810370376
0.15,0.2,0.4,0.15,0.1,1.7072157929454126,0.051567245777481396,0.06461308244935116,2.2701585322000106,34.16189336642479
0.1,0.35,0.2,0.15,0.2,1.7072158201411323,0.05151943132458174,0.06422838438247669,2.270543230266885,34.17468333493386
0.4,0.1,0.25,0.25,0.0,1.70721585979951,0.051095974581249974,0.06060293991693744,2.274168674732424,34.643191692463674
0.4,0.0,0.3,0.3,0.0,1.7072159271255767,0.051038180896176205,0.0607006898265543,2.2740709248228077,34.7223361533821
0.3,0.0,0.45,0.25,0.0,1.7072160310236661,0.05128962255529395,0.06278209838175264,2.271989516267609,34.46314871878434
0.4,0.1,0.2,0.3,0.0,1.7072160868788577,0.05103911649207806,0.06023287907082775,2.274538735578534,34.72683902704445
0.15,0.25,0.3,0.3,0.0,1.7072167814366144,0.0515028042546284,0.06380843332016939,2.2709631813291926,34.29963126187758
0.15,0.25,0.35,0.1,0.15,1.70721750908724,0.05156242494794598,0.06447977689709039,2.2702918377522714,34.13403997879375
0.25,0.1,0.45,0.05,0.15,1.7072176610365528,0.051441681378742214,0.0638410853757605,2.2709305292736013,34.21564004963086
0.2,0.05,0.45,0.3,0.0,1.7072176835349642,0.05141758212277918,0.06388933919884954,2.2708822754505125,34.37327792917552
0.15,0.2,0.4,0.1,0.15,1.7072179577838875,0.05156656884733714,0.06471377385070709,2.2700578407986547,34.13183441497157
0.4,0.05,0.35,0.15,0.05,1.7072181164656344,0.051150936680655686,0.061307545335483216,2.273464069313879,34.52838737318517
0.35,0.15,0.3,0.0,0.2,1.7072182812088288,0.051240858843005624,0.061997275742766256,2.2727743389065953,34.35447594273603
0.45,0.05,0.2,0.15,0.15,1.7072188871452862,0.050936602080012994,0.059913101454509565,2.274858513194852,34.72295296827435
0.0,0.25,0.25,0.3,0.2,1.7072189072362407,0.05150976211625083,0.06529817190589182,2.26947344274347,34.23239928937093
0.25,0.15,0.4,0.2,0.0,1.7072193332841652,0.051443373597041916,0.06330530149775271,2.271466313151609,34.30989112570934
0.0,0.2,0.3,0.3,0.2,1.707219376772053,0.05151279849733373,0.06553235938786162,2.2692392552615,34.22994768070703
0.1,0.25,0.35,0.15,0.15,1.7072196369034898,0.05159285806948472,0.06496536995379487,2.269806244695567,34.12684463976174
0.4,0.1,0.3,0.05,0.15,1.7072198584495921,0.05114557695336956,0.061275101189195436,2.2734965134601666,34.46888733953011
0.05,0.15,0.4,0.25,0.15,1.70722054910255,0.051560220586667434,0.06554980563598956,2.2692218090133722,34.188665696227275
0.45,0.0,0.25,0.2,0.1,1.7072208536744324,0.05093781219203316,0.06004638701148801,2.274725227637874,34.75206216495942
0.05,0.25,0.3,0.3,0.1,1.7072211464508447,0.05155368959066038,0.06498098395245311,2.2697906306969085,34.22397829623452
0.35,0.0,0.45,0.1,0.1,1.7072212479701236,0.05124854758244061,0.062497874580527135,2.272273740068835,34.4088817793379
0.35,0.05,0.4,0.2,0.0,1.707221473216783,0.05125155336038249,0.06206257528198034,2.2727090393673812,34.47328568663875
0.1,0.1,0.45,0.25,0.1,1.7072216527348096,0.051536914883804276,0.06519771052908307,2.2695739041202785,34.22377883238814
0.1,0.15,0.4,0.3,0.05,1.707221815171679,0.051534838981140925,0.06486295664657415,2.2699086580027874,34.25696285952635
0.1,0.3,0.25,0.3,0.05,1.7072226737091274,0.05152549973630757,0.06416087423520067,2.270610740414161,34.26411734292924
0.4,0.05,0.35,0.05,0.15,1.7072227565191054,0.05114686515933653,0.06150909975710883,2.273262514892253,34.466950746910925
0.4,0.15,0.25,0.1,0.1,1.7072228754248195,0.05114572063054688,0.06094074047375564,2.273830874175606,34.501838002925936
0.15,0.0,0.5,0.25,0.1,1.707224582320881,0.05144651983037779,0.06481089660720007,2.269960718042162,34.30188218355582
0.15,0.35,0.2,0.1,0.2,1.7072245893067342,0.05148937594450243,0.06374335096041128,2.2710282636889505,34.18220731103375
0.1,0.2,0.4,0.15,0.15,1.7072254103368105,0.051596651306008025,0.06519965390755611,2.2695719607418057,34.12487983012629
0.05,0.2,0.35,0.3,0.1,1.7072254188436897,0.051556712759156964,0.06521526747868367,2.269556347170678,34.2218090326995
0.45,0.05,0.2,0.2,0.1,1.7072254736664383,0.05093822372253476,0.05981269513062104,2.274958919518741,34.754522333430145
0.2,0.05,0.5,0.15,0.1,1.7072257799156942,0.05147915271289727,0.06446053211845082,2.270311082530911,34.236451361734495
0.25,0.0,0.5,0.2,0.05,1.7072260515773943,0.0513845030467531,0.06373867593352722,2.271032938715835,34.34766116830163
0.2,0.05,0.5,0.1,0.15,1.7072261930347201,0.051478888294882924,0.06456116877584228,2.2702104458735195,34.20621110691695
0.25,0.3,0.2,0.25,0.0,1.7072262052066483,0.051373515348467284,0.06223435067999428,2.2725372639693675,34.3923944381845
0.45,0.0,0.25,0.1,0.2,1.707226219948534,0.05093467914952275,0.06024800070633085,2.274523613943031,34.690452504036095
0.15,0.05,0.5,0.15,0.15,1.7072263746767433,0.05151068468179435,0.06504690438706962,2.269724710262292,34.19866981835776
0.45,0.0,0.2,0.25,0.1,1.707226521867799,0.05088161736235516,0.0596764269391572,2.2750951877102046,34.84014319149537
0.35,0.2,0.25,0.2,0.0,1.7072265653826062,0.0512466347060737,0.061361191437974805,2.273410423211387,34.48009531771001
0.25,0.0,0.5,0.05,0.2,1.707226638443695,0.051383380912085025,0.06404058889382314,2.2707310257555386,34.256541612491894
0.15,0.15,0.4,0.3,0.0,1.7072269066469978,0.051507881822720834,0.06427688000260412,2.270494734646758,34.29555482829478
0.25,0.2,0.35,0.0,0.2,1.7072269069328312,0.05143396809516314,0.06347420141414606,2.2712974132352155,34.190610166428826
0.1,0.35,0.2,0.25,0.1,1.7072269117015781,0.05152004192710193,0.06402772737137052,2.270743887277991,34.23583584812843
0.1,0.25,0.35,0.2,0.1,1.7072270079581668,0.0515929312825647,0.06486511727943878,2.269906497369923,34.157509145588676
0.25,0.15,0.4,0.0,0.2,1.7072281597449042,0.05143758702188325,0.06370817721856947,2.2710634374307923,34.18854725378275
0.35,0.05,0.4,0.0,0.2,1.70722855811375,0.05124489077054694,0.062465514415670276,2.2723061002336915,34.35086215768919
0.2,0.0,0.5,0.25,0.05,1.7072289143388395,0.051416980836611406,0.0642246183873092,2.270546996262053,34.340321414126876
0.4,0.15,0.25,0.15,0.05,1.7072290598209272,0.051148070960253034,0.06084032272031026,2.2739312919290517,34.53329034958265
0.3,0.25,0.25,0.2,0.0,1.7072300563646863,0.05134051465120168,0.06198283302695784,2.272788781622404,34.39772794453329
0.35,0.0,0.45,0.15,0.05,1.7072302839462823,0.05124974422135294,0.06239759026382696,2.2723740243855346,34.440293039047205
0.25,0.25,0.3,0.2,0.0,1.7072305033272053,0.05143688834830384,0.0628380004832636,2.271933614166098,34.314938199531184
0.4,0.0,0.35,0.25,0.0,1.7072308866191672,0.051095346693549246,0.06107138932360945,2.2737002253257526,34.639645629796405
0.2,0.2,0.4,0.1,0.1,1.707231333418402,0.05153331805350208,0.0641282188300345,2.2706433958193273,34.17031002319564
0.15,0.25,0.35,0.2,0.05,1.7072317311480503,0.05156388987778354,0.06427920238047546,2.2704924122688865,34.1956580045218
0.35,0.0,0.45,0.05,0.15,1.7072322904633375,0.05124693502306787,0.06259900376089145,2.2721726108884703,34.379033544790815
0.1,0.25,0.35,0.1,0.2,1.7072323504287024,0.05159237557068004,0.06506649334079251,2.2697051213085695,34.09772826439111
0.45,0.05,0.2,0.1,0.2,1.707232372645228,0.050934569299749904,0.06001437023275713,2.2747572444166044,34.692961386031584
0.15,0.3,0.3,0.15,0.1,1.7072331711272541,0.051558150392907606,0.0641459261376307,2.270625688511731,34.167376654540604
0.1,0.2,0.4,0.2,0.1,1.7072335488681611,0.05159646328001851,0.0650994331186856,2.269672181530676,34.15557022703872
0.1,0.3,0.3,0.15,0.15,1.7072336732150395,0.051587736989614205,0.06473198691526916,2.270039627734093,34.129931429962895
0.15,0.2,0.4,0.2,0.05,1.7072337139602107,0.051567511686104156,0.06451326248836442,2.2702583521609974,34.19350393983767
0.4,0.0,0.4,0.1,0.1,1.707233873169887,0.051148803157751464,0.06164283114767288,2.273128783501689,34.49610197409103
0.25,0.3,0.25,0.1,0.1,1.707234647981168,0.051428017300580324,0.0628056149617664,2.2719659996875956,34.25552279670789
0.3,0.05,0.45,0.2,0.0,1.7072353043991852,0.051348945224550635,0.06291862536168447,2.2718529892876775,34.38926807903222
0.2,0.25,0.35,0.1,0.1,1.7072354408143524,0.05152908439913422,0.06389447628927303,2.2708771383600888,34.17273176571668
0.2,0.1,0.45,0.25,0.0,1.7072359330025617,0.05147887914551022,0.06402566312345326,2.2707459515259085,34.30107571084802
0.15,0.05,0.5,0.2,0.1,1.7072362644207526,0.051510082226746204,0.06494673806528506,2.2698248765840767,34.22954218686519
0.2,0.35,0.2,0.15,0.1,1.7072365380265717,0.05145867656973319,0.06305728144758804,2.271714333201774,34.25045334033483
0.15,0.05,0.5,0.1,0.2,1.7072365708106247,0.05151087377466059,0.0651479421997827,2.269623672449579,34.169349225752846
0.05,0.3,0.25,0.3,0.1,1.7072366878484875,0.05154934029141933,0.06474760394053947,2.2700240107088225,34.22727057288091
0.4,0.15,0.25,0.05,0.15,1.7072367645704463,0.051142958053422186,0.061041999961114035,2.2737296146882477,34.47195317446988
0.15,0.15,0.45,0.15,0.1,1.707236820918067,0.05156979853736819,0.064848013162633,2.269923601486729,34.160835458787254
0.15,0.3,0.3,0.1,0.15,1.7072368674769423,0.051556952768742004,0.06424667918110005,2.270524935468262,34.13736862535182
0.2,0.3,0.25,0.25,0.0,1.7072369759269022,0.05146731823914113,0.06308991466340585,2.271681699985956,34.31020071929802
0.45,0.05,0.25,0.15,0.1,1.7072372924028265,0.05099328213328266,0.06018333305583634,2.2745882815935254,34.66986766164253
0.1,0.2,0.4,0.1,0.2,1.7072373572412713,0.05159642892269072,0.06530074598178226,2.2694708686675797,34.095737522887305
0.35,0.25,0.2,0.1,0.1,1.7072373950845199,0.05123774250707541,0.061329208505409794,2.273442406143952,34.4204883463673
0.4,0.15,0.2,0.25,0.0,1.707238061826367,0.051094292367109176,0.0603700665191238,2.274401548130238,34.64666310401476
0.15,0.15,0.45,0.1,0.15,1.707238217380303,0.05156938234798179,0.06494867229058077,2.269822942358781,34.13075006589083
0.0,0.3,0.2,0.3,0.2,1.7072382504104535,0.051505402102863855,0.0650648876420632,2.2697067270072986,34.23597305195982
0.2,0.2,0.4,0.15,0.05,1.7072389522560814,0.051534448679322414,0.06402792904508159,2.2707436856042804,34.2012899712894
0.0,0.15,0.35,0.3,0.2,1.7072396627347382,0.05151450894472835,0.0657674522812901,2.2690041623680717,34.22861624181902
0.05,0.05,0.45,0.25,0.2,1.7072398537499616,0.051497354853548144,0.06575019678427063,2.2690214178650914,34.230384656960055
0.25,0.3,0.25,0.15,0.05,1.707240182989047,0.05143003911144929,0.0627052225475595,2.2720663921018023,34.28655870748359
0.3,0.05,0.45,0.0,0.2,1.7072401887888664,0.051343763836164534,0.06332140588729018,2.2714502087620714,34.267286599450685
0.15,0.2,0.4,0.05,0.2,1.7072402039713044,0.05156547971705587,0.06481531220543846,2.2699563024439233,34.10332315313378
0.45,0.0,0.3,0.15,0.1,1.7072402646857294,0.050993023476696216,0.060417343691171466,2.2743542709581903,34.66788669863115
0.1,0.3,0.3,0.2,0.1,1.7072402784955445,0.05158807119780177,0.06463170335380797,2.270139911295554,34.16057073632395
0.05,0.35,0.2,0.2,0.2,1.7072403420413527,0.051544784506023185,0.06471490141998104,2.2700567132293807,34.16925854136744
0.15,0.35,0.2,0.25,0.05,1.7072404500604077,0.051492269216129274,0.06344227056007012,2.271329344089292,34.27436958085437
0.45,0.05,0.25,0.1,0.15,1.7072404503719816,0.05099116586853917,0.06028416450974383,2.2744874501396177,34.639060576335154
0.15,0.25,0.35,0.05,0.2,1.707240521024429,0.051561076459225044,0.06458134600286058,2.270190268646501,34.10555455979304
0.4,0.1,0.3,0.2,0.0,1.70724071327543,0.051151846698684354,0.060973963906592044,2.27379765074277,34.563322084149064
0.15,0.3,0.25,0.3,0.0,1.707241438549013,0.05149827305096036,0.06357556417240495,2.2711960504769566,34.30335831083219
0.2,0.35,0.2,0.1,0.15,1.7072415496813853,0.05145684950828852,0.06315810479793349,2.271613509851428,34.2203662942613
0.2,0.25,0.35,0.15,0.05,1.7072422930061333,0.05153047587444643,0.06379415522752985,2.270977459421832,34.20368610286899
0.4,0.0,0.4,0.15,0.05,1.7072423599006308,0.0511503703438584,0.06154250774616066,2.273229106903201,34.5276297755607
0.1,0.0,0.5,0.2,0.2,1.7072424084238471,0.05147448248118855,0.06549871630128101,2.2692728983480808,34.235114218312376
0.35,0.25,0.2,0.15,0.05,1.7072425968249294,0.0512402436752919,0.06122876832938906,2.2735428463199727,34.45177403317118
0.45,0.0,0.3,0.1,0.15,1.7072426556606133,0.050991167886402684,0.060518144071545876,2.2742534705778157,34.637054840021435
0.35,0.2,0.25,0.0,0.2,1.707242846989855,0.05123684775110411,0.061764501338273714,2.2730071133110883,34.35797347331483
0.25,0.1,0.45,0.2,0.0,1.7072434676134804,0.05144461814616054,0.06354030563446544,2.2712313090148966,34.3090559782907
0.2,0.2,0.4,0.05,0.15,1.7072437962904026,0.05153177466093676,0.06422935576630917,2.2705422588830526,34.14088136546056
0.35,0.15,0.35,0.1,0.05,1.7072453733933304,0.051303235861952616,0.062066261321207516,2.2727053533281545,34.37073569789733
0.2,0.05,0.5,0.2,0.05,1.7072454530285937,0.05147900317157189,0.06436076713624872,2.270410847513113,34.26824700465566
0.25,0.25,0.3,0.0,0.2,1.7072454576073428,0.05142901969235838,0.06324112270233417,2.2715304919470274,34.19379731108343
0.4,0.0,0.4,0.05,0.15,1.7072454625256361,0.05114682047529452,0.061743997947201645,2.2730276167021604,34.46614152516703
0.4,0.05,0.35,0.2,0.0,1.7072459136600306,0.05115235174841835,0.0612080568173623,2.2735635578319995,34.561460922020245
0.05,0.35,0.2,0.25,0.15,1.7072461487269144,0.05154443014894037,0.0646146016518716,2.2701570129974904,34.199693311456166
0.2,0.05,0.5,0.05,0.2,1.7072466878858452,0.051478208783387644,0.06466265259457171,2.27010896205479,34.177522258016474
0.3,0.0,0.5,0.1,0.1,1.7072468927013964,0.051346481671554714,0.06335444847752836,2.271417166171833,34.32580613840315
0.2,0.15,0.45,0.1,0.1,1.7072470359190135,0.05153622061527179,0.06436286216412435,2.2704087524852374,34.16901127516202
0.1,0.3,0.3,0.1,0.2,1.7072471515715915,0.051586994646749505,0.06483314068519985,2.269938473964162,34.10084039539744
0.3,0.25,0.25,0.0,0.2,1.707247206666323,0.05133116717869155,0.06238611107779812,2.272385503571564,34.27615325511548
0.3,0.15,0.4,0.1,0.05,1.7072478630505397,0.05140235389201574,0.06292159767981276,2.271850016969549,34.28817686055269
0.3,0.3,0.2,0.1,0.1,1.707248211545591,0.05133070877319077,0.06195112842638584,2.272820486222976,34.33880970621257
0.45,0.0,0.25,0.25,0.05,1.7072482824486457,0.05093875941094991,0.05994686360908852,2.2748247510402733,34.78524039740611
0.35,0.15,0.35,0.05,0.1,1.7072483854278908,0.05130075963946348,0.06216704425256436,2.2726045703967976,34.34014572561948
0.25,0.05,0.5,0.1,0.1,1.7072485908733022,0.05144350838355153,0.06397581274691433,2.2707958019024472,34.24545659275014
0.2,0.25,0.35,0.05,0.15,1.7072486694422557,0.051527281282157084,0.06399564396855162,2.27077597068081,34.14332879992051
0.25,0.3,0.25,0.05,0.15,1.7072491907112965,0.051425585384361414,0.06290685198317658,2.271864762666185,34.22604221888102
0.25,0.1,0.45,0.0,0.2,1.7072492198090419,0.051439874328788195,0.06394305236595321,2.2708285622834086,34.18760671057704
0.05,0.15,0.4,0.3,0.1,1.7072495088401949,0.05155840762167073,0.06545045682210282,2.269321157827259,34.22076095865994
0.15,0.3,0.3,0.2,0.05,1.7072495587937504,0.05155893926923761,0.06404604348224763,2.270725571167114,34.198936519809344
0.3,0.2,0.35,0.1,0.05,1.7072496310106176,0.05139916532368937,0.06268781273458957,2.272083801914772,34.290406276295045
0.3,0.15,0.4,0.05,0.1,1.7072503259277918,0.05140024754820409,0.06302234159190889,2.271749273057453,34.257695787487165
0.35,0.1,0.4,0.1,0.05,1.7072505010443928,0.05130528947056109,0.06230034322751021,2.2724712714218516,34.36891561334159
0.1,0.15,0.45,0.15,0.15,1.7072509973408772,0.05159911459743439,0.06543484111167008,2.2693367735376917,34.12403524824111
0.2,0.35,0.2,0.2,0.05,1.7072516072817034,0.05146009638966581,0.06295732648055363,2.271814288168808,34.2820962270237
0.45,0.05,0.2,0.25,0.05,1.7072521347480913,0.0509394332503543,0.05971314022384688,2.275058474425515,34.78767638682339
0.35,0.25,0.2,0.05,0.15,1.707252267409487,0.051234830918458846,0.0614304908825396,2.273341123766822,34.39076611975533
0.35,0.1,0.4,0.05,0.1,1.7072527460357594,0.051303073600077125,0.0624010948853031,2.272370519764059,34.33830004792783
0.3,0.2,0.35,0.05,0.1,1.7072528603041266,0.05139679876373022,0.06278858764560624,2.2719830270037553,34.25995076109224
0.1,0.0,0.5,0.25,0.15,1.707253034500298,0.051472667296688104,0.06539859769170153,2.26937301695766,34.26583358942284
0.4,0.1,0.3,0.0,0.2,1.7072530540658661,0.0511426613982073,0.061377178442299396,2.273394436207062,34.4405391718534
0.3,0.3,0.2,0.15,0.05,1.7072531974262843,0.05133310029886016,0.06185069697547951,2.2729209176738823,34.36995664006015
0.05,0.1,0.45,0.2,0.2,1.7072540462170689,0.05156250979081268,0.06588600960747915,2.2688856050418824,34.158147740625566
0.45,0.1,0.2,0.15,0.1,1.7072541267922774,0.05099221042306566,0.05995022131440053,2.2748213933349613,34.67298140671187
0.45,0.05,0.25,0.2,0.05,1.7072542090026073,0.05099498628400675,0.060083365773080155,2.2746882488762816,34.702251635764526
0.1,0.25,0.35,0.25,0.05,1.7072544661433262,0.05159259433704403,0.06476572433757033,2.2700058903117917,34.18972837745112
0.0,0.25,0.3,0.25,0.2,1.7072548616022925,0.05157579914018091,0.06566920661590214,2.2691024080334596,34.15860848534282
0.05,0.25,0.35,0.2,0.15,1.7072550645591995,0.05161858496395291,0.06545245244727727,2.2693191622020845,34.12174228609907
0.4,0.05,0.35,0.0,0.2,1.707255186393327,0.05114420848428246,0.06161114666249157,2.2731604679868704,34.43857732006337
0.4,0.15,0.25,0.2,0.0,1.7072553219826194,0.05115001000373274,0.06074077120214816,2.2740308434472136,34.56631447425944
0.05,0.0,0.45,0.3,0.2,1.7072553809652944,0.05142957605686171,0.06561561974340036,2.2691559949059616,34.3063912395679
0.2,0.15,0.45,0.15,0.05,1.7072554230987584,0.05153709013191081,0.06426260465446831,2.2705090099948935,34.20001754068933
0.15,0.15,0.45,0.2,0.05,1.7072555110988796,0.05156980260879653,0.06474822610461506,2.2700233885447467,34.19247251727203
0.3,0.0,0.5,0.15,0.05,1.7072564810230872,0.051347307668361306,0.06325420530769388,2.271517409341668,34.35710554842166
0.3,0.0,0.5,0.05,0.15,1.7072573850287858,0.051345239361253854,0.06345553809463023,2.2713160765547316,34.296065750808594
0.05,0.25,0.35,0.15,0.2,1.7072574743228175,0.05161896689045549,0.06555310503094636,2.2692185096184154,34.09199379653243
0.45,0.0,0.3,0.2,0.05,1.7072579491366855,0.05099446587908771,0.06031740803983787,2.2744542066095237,34.7002953765662
0.25,0.05,0.5,0.15,0.05,1.7072579623077924,0.051444225451609676,0.06387557822131629,2.2708960364280455,34.276620953776956
0.45,0.1,0.2,0.1,0.15,1.7072580500866399,0.050989833823344266,0.060051082927500055,2.2747205317218615,34.64219850170922
0.2,0.15,0.45,0.05,0.15,1.707258731252415,0.051534937233820556,0.06446396742748539,2.2703076472218764,34.1395563195787
0.4,0.2,0.2,0.1,0.1,1.7072588188582658,0.05114203261221727,0.060708505505348676,2.274063109144013,34.50601135334743
0.25,0.05,0.5,0.05,0.15,1.7072593014675173,0.051442375670585,0.06407689466065625,2.2706947199887058,34.21584731830487
0.2,0.3,0.3,0.1,0.1,1.707259354276557,0.05152352176962867,0.06366163235380484,2.271109982295557,34.17627845742827
0.35,0.0,0.45,0.2,0.0,1.7072594026487191,0.05125052595638792,0.06229817537163651,2.272473439277725,34.473271577588775
0.15,0.15,0.45,0.05,0.2,1.7072596959752109,0.05156855286024914,0.06505017898635357,2.2697214356630084,34.10221239795346
0.1,0.05,0.5,0.15,0.2,1.7072597502453468,0.05153882516466555,0.06563469750610729,2.2691369171432543,34.163269385416264
0.1,0.05,0.5,0.2,0.15,1.7072598582222716,0.05153776895067163,0.06553413082066539,2.2692374838286966,34.19322288802697
0.1,0.15,0.45,0.2,0.1,1.7072599050803106,0.051598665105300284,0.06533465323226029,2.2694369614171013,34.154752257005924
0.05,0.05,0.45,0.3,0.15,1.7072600134092082,0.05149493253509773,0.06565046914052308,2.269121145508839,34.26171902196339
0.35,0.2,0.3,0.1,0.05,1.7072600524598154,0.05129985040166525,0.06183307823241013,2.2729385364169516,34.373683886124944
0.15,0.3,0.3,0.05,0.2,1.7072606433467472,0.0515553452230955,0.06434827815419797,2.270423336495164,34.10890851656457
0.1,0.1,0.45,0.3,0.05,1.7072611650598728,0.05153529269114904,0.06509879590317014,2.2696728187461916,34.25682281656205
0.15,0.1,0.45,0.3,0.0,1.707261696710904,0.051508423965192916,0.06451246223853335,2.270259152410828,34.29520193872627
0.1,0.2,0.4,0.25,0.05,1.7072617753876225,0.05159586397792759,0.0650000726497646,2.269771541999597,34.18781531725308
0.1,0.15,0.45,0.1,0.2,1.7072621758077062,0.05159915258371899,0.065535900918273,2.2692357137310886,34.09486638836295
0.35,0.15,0.35,0.15,0.0,1.7072624396568439,0.05130529845327201,0.06196632332042262,2.272805291328939,34.40288855886827
0.1,0.35,0.2,0.3,0.05,1.7072625831824717,0.05151973453048189,0.06392865107702272,2.2708429635723393,34.26875332691648
0.0,0.2,0.35,0.25,0.2,1.7072629277186255,0.051578993110244414,0.06590371590499444,2.268867898744367,34.156627204141515
0.3,0.3,0.2,0.05,0.15,1.7072633010958607,0.05132790755883904,0.062052403058105554,2.272719211591256,34.3092222037289
0.35,0.0,0.45,0.0,0.2,1.7072634082795077,0.051244907257812375,0.06270098330652041,2.2720706313428414,34.350742291467384
0.45,0.05,0.25,0.05,0.2,1.7072636785044528,0.050988636604793365,0.060385835703010926,2.2743857789463506,34.60982624750109
0.05,0.1,0.45,0.25,0.15,1.7072636891586899,0.05156084807687477,0.06578586887129778,2.268985745778064,34.188710341998586
0.45,0.0,0.2,0.3,0.05,1.707263694153431,0.05088206812015312,0.05957728111294758,2.2751943335364144,34.87410326236082
0.05,0.3,0.3,0.2,0.15,1.7072637758688982,0.05161381620619844,0.06521878227261024,2.2695528323767515,34.124588409301225
0.35,0.2,0.3,0.05,0.1,1.7072638298469507,0.05129711414592829,0.06193389150704687,2.272837723142315,34.34311888024919
0.4,0.2,0.2,0.15,0.05,1.7072642390636137,0.05114464334583523,0.06060805819746884,2.274163556451893,34.53743984866006
0.15,0.0,0.5,0.3,0.05,1.7072650782394738,0.05144474172303838,0.06471200430694868,2.270059610342413,34.3350901547356
0.45,0.0,0.3,0.05,0.2,1.7072651176514926,0.05098889822085949,0.06061978473511598,2.2741518299142456,34.607795659972716
0.2,0.3,0.3,0.15,0.05,1.7072654414922308,0.05152517381808415,0.06356128098928293,2.271210333660079,34.20720785974855
0.3,0.15,0.4,0.15,0.0,1.7072654807369148,0.051404046201459,0.06282170019776778,2.2719499144515938,34.32021680284937
0.25,0.3,0.25,0.2,0.0,1.7072658000035243,0.05143165192152623,0.0626056992488786,2.272165915400483,34.31915409707578
0.3,0.1,0.45,0.1,0.05,1.7072659047699272,0.05140420956842899,0.06315628323391587,2.271615331415446,34.287072965726985
0.25,0.0,0.5,0.25,0.0,1.707266026702806,0.05138404648087266,0.06363976059315335,2.2711318540562084,34.38115842189865
0.05,0.2,0.4,0.2,0.15,1.7072661655379782,0.05162202636164019,0.0656870253562647,2.2690845892930973,34.12001722947344
0.15,0.05,0.5,0.25,0.05,1.7072662425964973,0.05150906554167017,0.06484743229585943,2.2699241823535026,34.261972992707264
0.3,0.2,0.35,0.15,0.0,1.7072664814036762,0.051401118956646015,0.06258788370976598,2.272183730939596,34.32242072575528
0.0,0.3,0.25,0.25,0.2,1.707266608339277,0.051571279980406594,0.06543560069341159,2.26933601395595,34.16171053019268
0.2,0.35,0.2,0.05,0.2,1.7072666377732242,0.05145461408557003,0.06325977210400291,2.271511842545359,34.191831156742865
0.2,0.2,0.4,0.2,0.0,1.7072666571010537,0.05153516769760189,0.06392851096568442,2.2708431036836774,34.23382534627652
0.05,0.3,0.3,0.15,0.2,1.7072669513537422,0.051613937505906815,0.06531946578907522,2.2694521488602866,34.09486531880219
0.1,0.3,0.3,0.25,0.05,1.7072669699633078,0.051587996391905616,0.06453227900647662,2.270239335642885,34.192764902069314
0.1,0.35,0.25,0.15,0.15,1.7072675154863934,0.05158129029407229,0.0644995027943982,2.270272111854964,34.1341424412832
0.3,0.1,0.45,0.05,0.1,1.7072675995121098,0.05140236373729926,0.0632569951942219,2.27151461945514,34.256565681222355
0.05,0.2,0.4,0.15,0.2,1.7072678078167927,0.05162266915640502,0.06578764603028753,2.2689839686190743,34.090242691804306
0.35,0.25,0.2,0.2,0.0,1.7072678768656324,0.0512423354293195,0.061129194844117274,2.2736424198052445,34.48462739171126
0.35,0.1,0.4,0.15,0.0,1.7072683351959004,0.05130709061959611,0.06220043706640488,2.272571177582957,34.4010940342773
0.15,0.25,0.35,0.25,0.0,1.7072689720051721,0.051564006635760745,0.06418021052912315,2.2705914041202386,34.22880133804209
0.2,0.25,0.35,0.2,0.0,1.7072692303105468,0.051531456865351634,0.0636947053230692,2.2710769093262924,34.23619593954474
0.45,0.1,0.2,0.2,0.05,1.7072702771215265,0.05099417600780664,0.05985022338211432,2.2749213912672475,34.70534137286524
0.4,0.15,0.25,0.0,0.2,1.7072707241169085,0.05113978398731063,0.061144106741156445,2.2736275079082056,34.44362980846985
0.4,0.0,0.4,0.2,0.0,1.7072709269558746,0.05115152300053399,0.06144305228705016,2.2733285623623116,34.560729214657684
0.3,0.25,0.3,0.1,0.05,1.7072712048148366,0.05139464597055982,0.06245492615970627,2.2723166884896555,34.29376310116668
0.35,0.15,0.35,0.0,0.15,1.7072714728088862,0.05129787048927658,0.06226867757576282,2.272502937073599,34.311112449640014
0.15,0.35,0.25,0.15,0.1,1.7072715696391003,0.05155161209404984,0.063913696328602,2.27085791832076,34.17180620141354
0.15,0.2,0.4,0.25,0.0,1.7072717231894348,0.051567365719469904,0.06441430306947882,2.270357311579883,34.22667294605873
0.05,0.35,0.2,0.3,0.1,1.7072720392686132,0.0515436671662914,0.06451512548063909,2.2702564891687227,34.23168817497668
0.0,0.25,0.3,0.3,0.15,1.7072725039144732,0.05157405590105374,0.06556939327206868,2.2692022213772933,34.189734295873926
0.05,0.25,0.35,0.25,0.1,1.7072727414567292,0.051617793504234705,0.06535265947244184,2.2694189551769197,34.15304201919106
0.3,0.15,0.4,0.0,0.15,1.7072728664129326,0.051397727850392996,0.06312393737926736,2.2716476772700944,34.22876742597463
0.2,0.3,0.3,0.05,0.15,1.707273346902746,0.051521459232019784,0.06376282987014359,2.271008784779218,34.14690060865561
0.1,0.35,0.25,0.2,0.1,1.707273356670382,0.05158188523638393,0.06439918931997735,2.270372425329384,34.16475720926108
0.4,0.1,0.35,0.1,0.05,1.707273363689412,0.05120455974238076,0.06144593184057712,2.2733256828087844,34.45485529278163
0.4,0.2,0.2,0.05,0.15,1.7072734711684336,0.05113901076623869,0.06080979412719412,2.2739618205221674,34.47615063638273
0.45,0.05,0.3,0.1,0.1,1.7072741904321904,0.05104735582927685,0.060554980705305184,2.2742166339440564,34.58903712927027
0.35,0.1,0.4,0.0,0.15,1.7072750672169232,0.05130044370514469,0.06250269748682213,2.2722689171625396,34.309241137144255
0.3,0.25,0.3,0.05,0.1,1.7072751988306907,0.05139201950708455,0.06255573114052182,2.27221588350884,34.26333252177384
0.35,0.05,0.45,0.1,0.05,1.7072754392432712,0.05130600913075937,0.06253532630355729,2.2722362883458045,34.36822189813815
0.15,0.35,0.25,0.1,0.15,1.7072760291737803,0.05155015455076125,0.06401447878900535,2.2707571358603564,34.14182271463444
0.4,0.1,0.35,0.05,0.1,1.7072761557569218,0.051201973953306765,0.061546721223744605,2.273224893425617,34.424126970177156
0.3,0.2,0.35,0.0,0.15,1.7072761663296019,0.05139401996374201,0.0628902139021732,2.271881400747189,34.23104803095076
0.2,0.2,0.4,0.0,0.2,1.7072763377186648,0.051529819173543524,0.06433134536402751,2.2704402692853343,34.112998088142554
0.35,0.2,0.3,0.15,0.0,1.7072763524384635,0.051302174142628026,0.06173310939030108,2.273038505259061,34.40581191550445
0.35,0.05,0.45,0.05,0.1,1.7072769154755274,0.05130405391555218,0.06263604573371184,2.27213556891565,34.3375800811295
0.4,0.0,0.4,0.0,0.2,1.7072771248241683,0.051144423034035665,0.06184601366168496,2.272925600987677,34.43774234760308
0.25,0.2,0.4,0.1,0.05,1.7072774801451815,0.051496672774258574,0.06354407865320644,2.2712275359961556,34.21117159065455
0.15,0.1,0.5,0.15,0.1,1.7072776654430208,0.05157101866259461,0.06508384895429797,2.269687765695064,34.160898072843295
0.3,0.3,0.2,0.2,0.0,1.7072782629880858,0.051335083189679206,0.061751133197443187,2.2730204814519186,34.40266717885234
0.15,0.1,0.5,0.1,0.15,1.7072782917417924,0.05157086345388555,0.06518447480617895,2.269587139843183,34.13078554617924
0.2,0.0,0.5,0.3,0.0,1.7072791935245581,0.05141565503496092,0.06412612740235235,2.2706454872470094,34.374459113116
0.0,0.1,0.4,0.3,0.2,1.7072797688959809,0.051514891290789226,0.06600345312479483,2.2687681615245667,34.22840347303465
0.1,0.05,0.5,0.25,0.1,1.7072800542053774,0.05153629911682653,0.06543442454674708,2.2693371901026147,34.224731281181576
0.25,0.2,0.4,0.05,0.1,1.7072801581523878,0.051494675987446996,0.06364481322555826,2.2711268014238035,34.18082114922153
0.05,0.3,0.3,0.25,0.1,1.707280686120729,0.05161328651833501,0.06511895783412003,2.269652656815242,34.1558628607131
0.4,0.15,0.3,0.1,0.05,1.7072811457994073,0.05120230910093034,0.061212450902142335,2.2735591637472194,34.45739551029209
0.0,0.2,0.35,0.3,0.15,1.7072813381058616,0.05157698763207989,0.06580393497032055,2.268967679679041,34.187778681800125
0.45,0.05,0.3,0.15,0.05,1.7072813628875942,0.05104955458187489,0.06045458847940943,2.2743170261699523,34.62066097273966
0.1,0.35,0.25,0.1,0.2,1.7072817569085563,0.0515802883960661,0.06460068604117675,2.2701709286081853,34.10507618767247
0.2,0.25,0.35,0.0,0.2,1.707281975737351,0.0515250672024533,0.06409766378959669,2.270673950859765,34.11547130396231
0.45,0.1,0.2,0.05,0.2,1.7072820426020558,0.05098704532655076,0.060152783803165466,2.2746188308461965,34.612988534022776
0.2,0.1,0.5,0.1,0.1,1.7072825521954713,0.05153779008585508,0.06459840881904921,2.2701732058303126,34.16883405224148
0.45,0.1,0.25,0.1,0.1,1.7072834324563473,0.051046131447266635,0.06032155020361496,2.274450064445747,34.59167189893621
0.0,0.3,0.25,0.3,0.15,1.7072834842551639,0.05156979877325959,0.06533575598658747,2.2694358586627743,34.19281141307198
0.1,0.0,0.5,0.3,0.1,1.7072837484297594,0.05147043606353399,0.06529930520345206,2.2694723094459097,34.298116600134534
0.25,0.3,0.25,0.0,0.2,1.7072838080313448,0.051422744072984944,0.06300893916592742,2.2717626754834344,34.19811104943766
0.2,0.15,0.45,0.2,0.0,1.7072838970952675,0.05153754694441062,0.06416321946782211,2.2706083951815397,34.232579261058525
0.3,0.1,0.45,0.15,0.0,1.7072842913821673,0.05140564028403636,0.06305641831614173,2.2717151963332203,34.3191391553949
0.05,0.2,0.4,0.25,0.1,1.7072846107591146,0.05162097291584936,0.06558726489103361,2.269184349758328,34.151342993629314
0.4,0.15,0.3,0.05,0.1,1.7072847038480192,0.05119946314133825,0.061313270908023076,2.2734583437413387,34.42669218960894
0.45,0.0,0.35,0.1,0.1,1.7072847550449752,0.05104724823305512,0.06078931021872602,2.2739823044306355,34.587533455284785
0.2,0.05,0.5,0.25,0.0,1.707285214736732,0.0514784388152265,0.06426186295802139,2.2705097516913404,34.30160490582368
0.4,0.05,0.4,0.1,0.05,1.7072853890985438,0.05120547752045371,0.06168031221046455,2.273091302438897,34.453444149087915
0.15,0.35,0.2,0.3,0.0,1.7072859037233483,0.05149241658558806,0.06334359525297617,2.2714280193963856,34.30821440189435
0.15,0.3,0.3,0.25,0.0,1.7072860328357158,0.05155931853198475,0.06394702028787336,2.270824594361488,34.2320550159037
0.25,0.25,0.35,0.1,0.05,1.7072861415032845,0.05149235015460277,0.063310589321945,2.271461025327417,34.21381096733934
0.3,0.0,0.5,0.2,0.0,1.707286154272364,0.05134771841733965,0.06315483316373194,2.27161678148563,34.38996820493208
0.2,0.35,0.2,0.25,0.0,1.7072867598021355,0.05146110807680085,0.06285822893847626,2.2719133857108855,34.3153017757688
0.45,0.05,0.3,0.05,0.15,1.7072870906560782,0.05104474310081623,0.06065621440194757,2.274115400247414,34.55898532074992
0.15,0.35,0.25,0.2,0.05,1.7072871930707683,0.05155266206762398,0.06381378383252523,2.2709578308168368,34.203341783285495
0.35,0.25,0.2,0.0,0.2,1.7072872106567532,0.05123150965966537,0.06153262103172019,2.2732389936176416,34.362601351807704
0.3,0.25,0.3,0.15,0.0,1.7072872895209135,0.05139686064102236,0.06235496658931505,2.2724166480600467,34.325752781404155
0.4,0.05,0.4,0.05,0.1,1.7072874134959202,0.05120315222653649,0.06178107003889788,2.272990544610464,34.42269019316966
0.25,0.05,0.5,0.2,0.0,1.7072874200647217,0.05144452798855545,0.0637762156651851,2.2709953989841765,34.30934458920322
0.35,0.2,0.3,0.0,0.15,1.7072876816484959,0.051293966085848006,0.06203555468920885,2.272736059960153,34.3141107139746
0.3,0.0,0.5,0.0,0.2,1.7072879548537103,0.0513435814295521,0.06355747964408431,2.2712141350052777,34.2678783769761
0.25,0.15,0.45,0.1,0.05,1.707288627530732,0.051499663619242714,0.063778468200695,2.270993146448667,34.20965716094782
0.1,0.15,0.45,0.25,0.05,1.707288901581402,0.05159780324616328,0.06523532632997386,2.269536288319388,34.18702402641634
0.3,0.1,0.45,0.0,0.15,1.7072893726506089,0.05140010346488256,0.06335855962759984,2.271413055021762,34.227611135693905
0.25,0.25,0.35,0.05,0.1,1.7072895852983798,0.05149009328034008,0.06341135462469683,2.271360260024665,34.1834860538385
0.4,0.2,0.2,0.2,0.0,1.7072897360060613,0.05114684392533562,0.0605084766916506,2.2742631379577114,34.57044037361599
0.45,0.1,0.25,0.15,0.05,1.707289838494415,0.05104859107029232,0.06022112719152095,2.274550487457841,34.62327120524496
0.25,0.05,0.5,0.0,0.2,1.7072900909361475,0.051440827988294635,0.06417882944567377,2.270592785203688,34.18778716363032
0.2,0.15,0.45,0.0,0.2,1.707290505943438,0.051533240652913835,0.0645659259400515,2.2702056887093103,34.111646755570554
0.25,0.15,0.45,0.05,0.1,1.707290538026493,0.051497927209305155,0.06387917109036634,2.2708924435589957,34.17928054287589
0.4,0.1,0.35,0.15,0.0,1.7072906483500006,0.05120673123527407,0.06134598652622403,2.273425628123138,34.487150744124186
0.0,0.15,0.4,0.25,0.2,1.707290810460388,0.05158085969929727,0.06613913090076506,2.268632483748597,34.15576491821362
0.45,0.05,0.25,0.25,0.0,1.7072912025204199,0.050996277374635746,0.05998425170683386,2.274787362942528,34.736219573998326
0.25,0.35,0.2,0.1,0.1,1.70729127314203,0.0514209333945058,0.06257426866042093,2.272197345988941,34.2609174987319
0.2,0.3,0.3,0.2,0.0,1.7072916128393278,0.05152641653220761,0.06346180030239723,2.2713098143469646,34.2396929353882
0.2,0.1,0.5,0.15,0.05,1.7072917094440963,0.05153839825020979,0.06449818460912238,2.2702734300402394,34.19986737080927
0.05,0.35,0.25,0.2,0.15,1.707292295672172,0.051607722301185405,0.06498601274899429,2.2697856019003675,34.128557722871236
0.45,0.0,0.35,0.15,0.05,1.7072926955518646,0.05104918579281166,0.06068894973690431,2.2740826649124575,34.61918250219462
0.2,0.0,0.55,0.1,0.15,1.7072929801435057,0.05147789903622309,0.06479817334608362,2.269973441303278,34.207777883885875
0.2,0.0,0.55,0.15,0.1,1.7072933396229364,0.05147790210601573,0.06469757125740205,2.2700740433919595,34.238046041563024
0.05,0.1,0.45,0.3,0.1,1.7072934203166383,0.05155877213279144,0.06568655463207707,2.269085060017285,34.22083273005978
0.2,0.1,0.5,0.05,0.15,1.707293478178511,0.051536766985251725,0.06469948145429005,2.2700721331950717,34.139352163289544
0.35,0.05,0.45,0.15,0.0,1.7072940429125756,0.05130754855993856,0.06243545300483344,2.272336161644528,34.40042663855681
0.15,0.15,0.45,0.25,0.0,1.7072942902869386,0.05156939371386273,0.0646493002335542,2.270122314415808,34.22566806038577
0.35,0.25,0.25,0.1,0.05,1.707294534452208,0.05129513529549724,0.061600791945682465,2.2731708227036793,34.37776241279442
0.25,0.2,0.4,0.15,0.0,1.7072948839435997,0.051498256254088,0.0634441915395485,2.2713274231098133,34.24307719604702
0.45,0.0,0.3,0.25,0.0,1.7072957113636535,0.05099549415344506,0.06021832617709899,2.274553288472263,34.73428795734219
0.45,0.0,0.25,0.3,0.0,1.707295787880108,0.05093929124272365,0.05984815911404806,2.2749234555353137,34.82001232986008
0.25,0.35,0.2,0.15,0.05,1.7072960458182846,0.05142321527100331,0.06247384754731522,2.272297767102047,34.29192969429301
0.05,0.35,0.25,0.15,0.2,1.7072962351401388,0.05160758323292783,0.06508672624593115,2.2696848884034306,34.09885941262928
0.1,0.1,0.5,0.15,0.15,1.707296401801149,0.0516002459689845,0.06567093424504522,2.269100680404317,34.12430962013572
0.45,0.0,0.35,0.05,0.15,1.7072968880340997,0.051044895630859,0.060890512748600134,2.273881101900762,34.55745641943433
0.05,0.15,0.45,0.2,0.15,1.7072970826483238,0.05162413831626831,0.06592250342326622,2.2688491112260953,34.119411599436944
0.45,0.1,0.25,0.05,0.15,1.7072970981924924,0.05104325894033403,0.06042281417672135,2.2743488004726404,34.56164475385748
0.15,0.1,0.5,0.2,0.05,1.7072971264933898,0.05157076068333043,0.06498409587171095,2.269787518777651,34.19256240853105
0.4,0.15,0.3,0.15,0.0,1.7072976635784696,0.05120474186360871,0.06111247444455281,2.273659140204809,34.48966606306564
0.05,0.15,0.45,0.15,0.2,1.7072979556492403,0.0516250422035243,0.06602309118491378,2.268748523464448,34.089610335797026
0.0,0.35,0.2,0.25,0.2,1.707298164201986,0.05156543795586195,0.0652028961382436,2.269568718511118,34.165935594699675
0.3,0.3,0.2,0.0,0.2,1.707298462931355,0.05132469739011859,0.062154526439959445,2.2726170882094023,34.28118817478372
0.35,0.05,0.45,0.0,0.15,1.7072984686535886,0.05130168360532097,0.0627376167275766,2.272033997921785,34.30849497811191
0.15,0.0,0.55,0.15,0.15,1.7072984941391924,0.051509346685122845,0.06528420073758823,2.2694874139117736,34.20047487977541
0.45,0.05,0.2,0.3,0.0,1.7072988715953632,0.05094022846115646,0.05961440367202964,2.275157210977332,34.82242424786782
0.15,0.1,0.5,0.05,0.2,1.7072990008719127,0.051570293875496956,0.06528594890954142,2.26948566573982,34.10222087962639
0.4,0.1,0.35,0.0,0.15,1.7072990216020167,0.051198974588314974,0.06164836013807484,2.2731232545112867,34.394959538735286
0.35,0.25,0.25,0.05,0.1,1.70729907552299,0.05129213934108336,0.061701634655892956,2.273069979993469,34.34722177991169
0.3,0.25,0.3,0.0,0.15,1.7072992686138464,0.05138898194465945,0.06265738700475998,2.272114227644602,34.2344549025097
0.1,0.35,0.25,0.25,0.05,1.7072992830115847,0.05158207233659629,0.06429973460992411,2.2704718800394375,34.1969270712391
0.15,0.35,0.25,0.05,0.2,1.707300567181092,0.05154828826733812,0.06411610676875279,2.270655507880609,34.11338741569918
0.1,0.25,0.35,0.3,0.0,1.707302012605418,0.05159184498178529,0.06466715812544788,2.2701044565239137,34.22351109056261
0.25,0.25,0.35,0.15,0.0,1.7073027786039963,0.051494194846789,0.06321067095607624,2.2715609436932853,34.24569114199528
0.25,0.2,0.4,0.0,0.15,1.7073029150049428,0.05149226655760382,0.0637464006991375,2.2710252139502245,34.15201975535517
0.2,0.35,0.25,0.1,0.1,1.7073030700066263,0.051516632400517515,0.06342968516928904,2.271341929480073,34.18095254798899
0.4,0.05,0.4,0.15,0.0,1.707303442242412,0.051207387444535485,0.06158039903946544,2.2731912156098963,34.48576523216562
0.3,0.05,0.5,0.1,0.05,1.7073037600550955,0.05140473035768594,0.06339187197592033,2.2713797426734414,34.28709319314365
0.3,0.05,0.5,0.05,0.1,1.7073046849144893,0.05140314531985636,0.063492551006477,2.2712790636428846,34.25655901346255
0.1,0.1,0.5,0.2,0.1,1.7073060805135134,0.051599534800522553,0.06557078032618113,2.269200834323181,34.15505398950259
0.45,0.1,0.2,0.25,0.0,1.7073065034236978,0.05099572962504328,0.05975107816234271,2.275020536487019,34.7392854672927
0.25,0.35,0.2,0.05,0.15,1.7073065770802973,0.0514182426022998,0.06267553402780557,2.272096080621556,34.2314609906462
0.25,0.15,0.45,0.15,0.0,1.707306799664128,0.051500985624025594,0.06367861336018876,2.271093001289173,34.241588946696076
0.1,0.1,0.5,0.1,0.2,1.707306809981768,0.05160054456170533,0.06577196080274339,2.2689996538466186,34.09511355841559
0.2,0.3,0.3,0.0,0.2,1.7073074162181197,0.05151898689169329,0.06386487907615024,2.2709067355732113,34.11906842035653
0.15,0.0,0.55,0.1,0.2,1.7073079174748955,0.051509796752657204,0.06538520404488302,2.2693864106044788,34.171126374385125
0.4,0.2,0.2,0.0,0.2,1.7073081928520186,0.05113557857430534,0.060911929634791306,2.2738596850145703,34.44785165059143
0.4,0.15,0.3,0.0,0.15,1.7073083347743716,0.05119620471190973,0.061414939938365,2.273356674710997,34.39754987195068
0.2,0.35,0.25,0.15,0.05,1.7073083938934532,0.051518544728903395,0.06332930445279361,2.2714423101965684,34.2118576596982
0.05,0.35,0.25,0.25,0.1,1.70730844092947,0.05160745415406613,0.06488615786774998,2.269885456781612,34.1598076124005
0.45,0.05,0.3,0.2,0.0,1.7073086122388834,0.051051340273492146,0.06035506223897702,2.2744165524103845,34.65386116105876
0.4,0.2,0.25,0.1,0.05,1.7073087316387754,0.05119872778682947,0.06097986726503235,2.2737917473843297,34.46106688466402
0.15,0.0,0.55,0.2,0.1,1.7073091572523724,0.05150848222778334,0.06518406972479052,2.2695875449245713,34.231375451674126
0.4,0.05,0.4,0.0,0.15,1.707309512482261,0.05120041227672328,0.06188267797278657,2.2728889366765754,34.39349711831738
0.0,0.15,0.4,0.3,0.15,1.7073099906311153,0.05157859179131949,0.0660393834476396,2.268732231201722,34.18694283105262
0.35,0.25,0.25,0.15,0.0,1.7073100697263277,0.05129771987808911,0.06150079323756641,2.2732708214117956,34.409866306333406
0.1,0.2,0.4,0.3,0.0,1.7073100910413093,0.05159485115493303,0.0649015395130117,2.26987007513635,34.221623863972006
0.05,0.25,0.35,0.3,0.05,1.7073105063452565,0.051616590226842,0.06525369303668582,2.269517921612676,34.18590154212265
0.25,0.0,0.55,0.1,0.1,1.7073108199951401,0.05144260614010589,0.06421256167848477,2.270559052970877,34.24681216370365
0.15,0.25,0.4,0.1,0.1,1.70731134505751,0.05162258872952362,0.06475263814516641,2.270018976504195,34.098184613156974
0.45,0.15,0.2,0.1,0.1,1.707312477376744,0.05104357735708266,0.06008901662747057,2.274682598021891,34.59543996424067
0.25,0.15,0.45,0.0,0.15,1.7073125281890529,0.05149577705190887,0.06398072745714511,2.2707908871922164,34.15045296759091
0.3,0.3,0.25,0.1,0.05,1.7073125806616116,0.051388798051010015,0.06222293605110529,2.2725486785982563,34.298249722419285
0.2,0.0,0.55,0.05,0.2,1.7073127029779984,0.05147747984418528,0.06489962337121225,2.2698719912781495,34.17906139926889
0.4,0.2,0.25,0.05,0.1,1.7073130540016153,0.05119562199664491,0.06108071698424289,2.273690897665119,34.43038796805792
0.25,0.25,0.35,0.0,0.15,1.7073131070298653,0.05148742489467266,0.063512972320934,2.271258642328428,34.15471029357292
0.1,0.25,0.4,0.15,0.1,1.707313733588303,0.05165410435674201,0.06523822549571312,2.269533389153649,34.09083675519755
0.1,0.3,0.3,0.3,0.0,1.707313748766571,0.05158751031401982,0.06443368085617562,2.2703379337931864,34.22652267458795
0.2,0.0,0.55,0.2,0.05,1.7073137859252623,0.05147749018846444,0.06459784163542981,2.2701737730139318,34.26986986278945
0.05,0.0,0.5,0.25,0.2,1.7073142737948999,0.05149542720606414,0.06598772453756618,2.268783890111796,34.23216937609591
0.0,0.35,0.2,0.3,0.15,1.707314275374761,0.051564218557133015,0.06510302108975208,2.2696685935596097,34.197012259444556
0.25,0.3,0.3,0.1,0.05,1.7073146077562225,0.05148669787484261,0.06307799807867154,2.2716936165706905,34.21757733373981
0.0,0.25,0.35,0.2,0.2,1.7073159038380668,0.05164085494143541,0.06604121077088565,2.268730403878476,34.088351231571835
0.1,0.25,0.4,0.1,0.15,1.707316107480021,0.05165353674011965,0.0653389039165917,2.26943271073277,34.06090163198972
0.05,0.05,0.5,0.2,0.2,1.7073162374798807,0.05156206727543026,0.0661229482282879,2.2686486664210737,34.159282741956105
0.05,0.15,0.45,0.25,0.1,1.7073162979020466,0.051622822687000275,0.06582277654008961,2.268948838109272,34.1507641723486
0.15,0.05,0.5,0.3,0.0,1.707316310356604,0.05150763240336029,0.0647489541180073,2.2700226605313545,34.29597106389235
0.45,0.1,0.25,0.2,0.0,1.707316320519463,0.05105063872204105,0.06012156964124671,2.274650045008115,34.65644697421424
0.4,0.0,0.45,0.1,0.05,1.707317225861475,0.05120506035183134,0.06191559448159767,2.2728560201677643,34.453160498536654
0.3,0.3,0.25,0.05,0.1,1.7073173377271988,0.0513859120130414,0.062323770195136685,2.2724478444542253,34.26784348992045
0.05,0.3,0.3,0.3,0.05,1.707317683440726,0.0516123461507899,0.06501995938941874,2.269751655259943,34.1886972115384
0.2,0.35,0.25,0.05,0.15,1.7073178248949974,0.0515143107633754,0.06353091163951685,2.2712407030098447,34.15159927394339
0.45,0.15,0.2,0.15,0.05,1.707318118610283,0.05104629751358677,0.059988563764734604,2.2747830508846274,34.62701536492397
0.4,0.0,0.45,0.05,0.1,1.7073184808739041,0.051202995862779814,0.062016319799422126,2.2727552948499397,34.42238024595013
0.15,0.25,0.4,0.15,0.05,1.7073187536788517,0.05162361032120948,0.06465236091126347,2.2701192537380983,34.12903758801314
0.25,0.3,0.3,0.05,0.1,1.7073188156402415,0.051484181219322904,0.06317879318327146,2.2715928214660903,34.18727733082082
0.1,0.3,0.35,0.15,0.1,1.707319407491458,0.05164908919100764,0.06500449018081755,2.2697671244685442,34.09342812549143
0.25,0.1,0.5,0.1,0.05,1.707319587555364,0.05150132068976972,0.06401376043092655,2.2707578542184352,34.2092661237244
0.0,0.3,0.3,0.2,0.2,1.707320053905303,0.05163617831740165,0.06580728305301675,2.268964331596345,34.09098324672039
0.45,0.05,0.3,0.0,0.2,1.7073200604172034,0.051041717164343595,0.06075829511452624,2.2740133195348355,34.530499435237566
0.15,0.2,0.45,0.1,0.1,1.70732015663301,0.05162662487298818,0.06498698775952128,2.2697846268898405,34.096474454571016
0.35,0.0,0.5,0.1,0.05,1.7073201918770526,0.0513053928553878,0.06277121324482571,2.272000401404536,34.36865330930493
0.1,0.05,0.5,0.3,0.05,1.7073203395301926,0.051534413407769354,0.06533554565641042,2.2694360689929516,34.25780318242286
0.45,0.0,0.35,0.2,0.0,1.7073207137764497,0.051050709226743256,0.060589455832304795,2.274182158817057,34.65240787849514
0.25,0.1,0.5,0.05,0.1,1.7073207287875183,0.05149984492948149,0.06411443066056965,2.270657183988792,34.17886265033071
0.25,0.0,0.55,0.05,0.15,1.7073207587635495,0.05144173411720491,0.06431360972659883,2.270458004922763,34.217175260953184
0.35,0.0,0.5,0.05,0.1,1.7073208976049763,0.051303698583471224,0.06287189946813343,2.2718997151812284,34.33798455186209
0.25,0.35,0.2,0.2,0.0,1.7073208993763476,0.05142508933299138,0.06237429518384019,2.2723973194655214,34.32450171467763
0.2,0.1,0.5,0.2,0.0,1.7073209542354235,0.05153859263999553,0.0643988334094947,2.270372781239867,34.23245627227247
0.25,0.0,0.55,0.15,0.05,1.7073209638577542,0.051443061488955076,0.06411236178182,2.2706592528675418,34.27800440487515
0.1,0.4,0.2,0.15,0.15,1.7073211599586033,0.05157352033651393,0.06426791592633152,2.2705036987230303,34.1394804127755
0.15,0.3,0.35,0.1,0.1,1.7073223423108848,0.05161722270192866,0.064519189148875,2.2702524255004866,34.10101754502591
0.1,0.3,0.35,0.1,0.15,1.7073225473700517,0.05164826120170858,0.06510519964215811,2.2696664150072037,34.063518751620066
0.15,0.35,0.25,0.25,0.0,1.7073229018291125,0.05155330359902797,0.06371473036013042,2.2710568842892314,34.236436247037986
0.3,0.05,0.5,0.15,0.0,1.707322917256255,0.05140589922467325,0.0632920406696329,2.271479573979729,34.31918641439295
0.05,0.2,0.4,0.3,0.05,1.7073231448098225,0.05161950654121564,0.065488331579862,2.2692832830695,34.18422853854431
0.35,0.25,0.25,0.0,0.15,1.7073236899864521,0.05128873273274337,0.06180332685644041,2.2729682877929216,34.31823823229651
0.0,0.25,0.35,0.25,0.15,1.7073238011595726,0.05163960814790974,0.06594101870984526,2.2688305959395167,34.11873576108103
0.15,0.25,0.4,0.05,0.15,1.7073240191074825,0.05162115515580057,0.06485376370843965,2.269917850940922,34.06887961200627
0.4,0.2,0.25,0.15,0.0,1.7073244841147406,0.05120142150542034,0.06087986064120421,2.2738917540081576,34.493313239168174
0.2,0.1,0.5,0.0,0.2,1.707324484234332,0.051535329607641414,0.06480140799518264,2.269970206654179,34.11141577713051
0.3,0.05,0.5,0.0,0.15,1.707325688872662,0.05140114477974331,0.0635940831766193,2.2711775314727425,34.22757770060313
0.1,0.4,0.2,0.2,0.1,1.7073262387025319,0.05157437573465295,0.06416757349007662,2.2706040411592854,34.17007127128613
0.05,0.05,0.5,0.25,0.15,1.707326652937938,0.051560143463018696,0.06602284242650147,2.2687487722228603,34.18987309590706
0.45,0.15,0.2,0.05,0.15,1.7073269069229116,0.05104044543448514,0.06019031000860631,2.2745813046407557,34.56543695421343
0.0,0.3,0.3,0.25,0.15,1.7073271846264229,0.051635192925292006,0.06570705947416777,2.269064555175194,34.12134229180323
0.1,0.2,0.45,0.15,0.1,1.7073278712212205,0.051657790112751616,0.06547286314999656,2.269298751499365,34.089367115721075
0.3,0.3,0.25,0.15,0.0,1.7073279012647018,0.0513912734570196,0.062122946909376475,2.2726486677399853,34.330215324634594
0.15,0.2,0.45,0.15,0.05,1.7073283329883326,0.05162738547108897,0.06488674253074889,2.269884872118613,34.127353699348376
0.15,0.3,0.35,0.15,0.05,1.7073289849019435,0.051618505035693235,0.06441888090875092,2.270352733740611,34.13184495173557
0.45,0.0,0.35,0.0,0.2,1.707329091375933,0.05104212874728919,0.0609925628576784,2.273779051791683,34.5289452742092
0.1,0.2,0.45,0.1,0.15,1.7073294773617207,0.051657483117361014,0.06557350955325858,2.269198105096103,34.05940558422202
0.15,0.4,0.2,0.15,0.1,1.7073297693857328,0.05154374981127704,0.06368236316603548,2.2710892514833265,34.1773646229403
0.25,0.3,0.3,0.15,0.0,1.7073304797706532,0.05148880350032982,0.06297804945729135,2.2717935651920707,34.24943279654748
0.45,0.1,0.25,0.0,0.2,1.707330832560948,0.05103997432463232,0.06052492466959025,2.2742466899797718,34.533183666593196
0.1,0.25,0.4,0.2,0.05,1.707331446428677,0.051654261799461434,0.06513841975156898,2.269633194897793,34.12232026200658
0.0,0.2,0.4,0.2,0.2,1.7073315667531317,0.05164420494887247,0.06627604216120053,2.2684955724881615,34.0868388496319
0.15,0.2,0.45,0.05,0.15,1.7073320637861997,0.0516254511772849,0.06508808189846005,2.2696835327509017,34.067143170426064
0.5,0.0,0.2,0.15,0.15,1.7073332361882358,0.05083464222694079,0.05929585351280631,2.2754757611365557,34.82216322250652
0.45,0.05,0.35,0.1,0.05,1.70733359637656,0.05110313520620019,0.06082682165864339,2.2739447929907186,34.542824328440474
0.2,0.35,0.25,0.2,0.0,1.707333800842863,0.051520048900412604,0.06322979400245621,2.2715418206469056,34.24431872039356
0.45,0.1,0.3,0.1,0.05,1.7073344793777272,0.05110202027126613,0.060593041379245705,2.274178573270116,34.544957003382784
0.15,0.4,0.2,0.1,0.15,1.7073349904190551,0.05154203265734772,0.06378317413745904,2.2709884405119025,34.14740510990621
0.05,0.0,0.5,0.3,0.15,1.7073352073420183,0.05149274201642567,0.06588803287912048,2.2688835817702415,34.26353188264989
0.15,0.3,0.35,0.05,0.15,1.7073357814675743,0.05161552952923978,0.06462034520626947,2.270151269443092,34.071738225705516
0.1,0.1,0.5,0.25,0.05,1.7073358486788166,0.05159841020038351,0.06547148811204018,2.2693001265373214,34.18735328650805
0.4,0.0,0.45,0.15,0.0,1.7073360491175977,0.051206708422589856,0.06181571447850187,2.27295590017086,34.48550797791885
0.1,0.4,0.2,0.1,0.2,1.70733616270096,0.051572259190099286,0.06436912776650217,2.2704024868828596,34.11043841323162
0.45,0.05,0.35,0.05,0.1,1.707336165810105,0.05110044001384117,0.06092761594129015,2.2738439987080716,34.51195372408722
0.1,0.3,0.35,0.2,0.05,1.707336353436078,0.051649508147622404,0.06490465285736358,2.2698669617919984,34.124885972426235
0.1,0.0,0.55,0.15,0.2,1.7073364309574606,0.05153739903626402,0.06587225277485076,2.268899361874511,34.165284078167424
0.15,0.1,0.5,0.25,0.0,1.7073366772616505,0.051570088672587604,0.06488520469137127,2.2698864099579907,34.2257853805983
0.1,0.0,0.55,0.2,0.15,1.7073373125132567,0.05153608119639852,0.06577172134441378,2.2689998933049482,34.19526579662831
0.4,0.2,0.25,0.0,0.15,1.707337448252782,0.05119210486926641,0.06118241528834134,2.2735891993610204,34.401270268813235
0.35,0.15,0.4,0.05,0.05,1.7073375793122185,0.05135744270508717,0.06243991411058958,2.272331700538772,34.30123452514782
0.45,0.1,0.3,0.05,0.1,1.7073378154206176,0.05109906476335391,0.0606938665703991,2.2740777480789625,34.51411144095175
0.2,0.05,0.55,0.1,0.1,1.707337886197301,0.05153802458729067,0.06483486166903352,2.2699367529803283,34.169777362603114
0.1,0.15,0.45,0.3,0.0,1.7073379879914585,0.05159652678113678,0.06513682743262073,2.269634787216741,34.220859327850505
0.15,0.05,0.55,0.1,0.15,1.7073381848075004,0.05157101029384173,0.06542118433523236,2.2693504303141294,34.13193994553053
0.15,0.05,0.55,0.15,0.1,1.707338330495328,0.051570904298954626,0.0653205927898306,2.269451021859531,34.16208032600545
0.0,0.1,0.45,0.25,0.2,1.7073385136623411,0.05158139684980647,0.06637545429003033,2.2683961603593312,34.15602033767823
0.25,0.1,0.5,0.15,0.0,1.7073385296911576,0.051502380973092135,0.06391393891019703,2.2708576757391645,34.241224868914564
0.1,0.25,0.4,0.05,0.2,1.7073385635790346,0.05165255772364607,0.0654404305221965,2.2693311841271653,34.03251099174729
0.2,0.25,0.4,0.1,0.05,1.7073393568392496,0.05158824841403615,0.06416778986022798,2.270603824789134,34.1378466136386
0.35,0.0,0.5,0.15,0.0,1.7073395667249214,0.05130667030201696,0.06267137385697463,2.272100240792387,34.400885158642424
0.0,0.05,0.45,0.3,0.2,1.7073396991023055,0.05151394350171711,0.06624036480894846,2.2685312498404135,34.22930835087732
0.4,0.0,0.45,0.0,0.15,1.70733981119959,0.05120051566352595,0.06211789586513805,2.2726537187842237,34.39316096551454
0.15,0.0,0.55,0.25,0.05,1.707339909374667,0.051507202517497325,0.06508480008459494,2.269686814564767,34.26383475990599
0.5,0.0,0.2,0.2,0.1,1.7073400484424033,0.05083637286325695,0.05919544442352365,2.275576170225838,34.853888868322514
0.0,0.2,0.4,0.25,0.15,1.7073402324149045,0.05164269654230145,0.06617588264278629,2.2685957320065757,34.11724957025378
0.05,0.4,0.2,0.2,0.15,1.7073406202065733,0.05160030559140107,0.06475414212847075,2.270017472520891,34.133652844664084
0.05,0.25,0.4,0.15,0.15,1.7073414929636759,0.05168120910667899,0.06582551101430756,2.268946103635054,34.055012397236545
0.35,0.0,0.5,0.0,0.15,1.7073416809489497,0.05130158817173105,0.06297343794386157,2.2717981767055004,34.308872668313924
0.25,0.1,0.5,0.0,0.15,1.7073419504218834,0.05149795434412324,0.06421595501192279,2.2705556596374388,34.15000831530052
0.25,0.35,0.2,0.0,0.2,1.7073419544829953,0.051415143612968846,0.06277764921638473,2.2719939654329773,34.20355425402798
0.3,0.3,0.25,0.0,0.15,1.7073421695057003,0.05138261604476906,0.06242545482762951,2.2723461598217325,34.23899049492715
0.2,0.25,0.4,0.05,0.1,1.7073422471637283,0.051586361134816336,0.06426851347631546,2.2705031011730465,34.10762298009766
0.05,0.3,0.35,0.15,0.15,1.7073426074838811,0.051676284854158504,0.06559151912690075,2.269180095522461,34.05738915252666
0.25,0.3,0.3,0.0,0.15,1.7073431004629924,0.05148125421164758,0.06328044024125457,2.271491174408107,34.15852668834502
0.2,0.2,0.45,0.1,0.05,1.7073436121026973,0.0515923735434393,0.06440188476127018,2.270369729888092,34.13592105288711
0.45,0.15,0.2,0.2,0.0,1.707343834833668,0.05104860681384562,0.059888975907817166,2.274882638741545,34.66016744915632
0.0,0.35,0.25,0.2,0.2,1.7073440131730653,0.05163017729046299,0.06557425686199303,2.2691973577873688,34.09473693389869
0.5,0.0,0.25,0.15,0.1,1.7073444253414483,0.050890620334719215,0.05956586995621116,2.2752057446931504,34.76662037161456
0.15,0.4,0.2,0.2,0.05,1.7073446301801702,0.05154506060176968,0.06358242180290041,2.271189192846461,34.20887659242361
0.35,0.2,0.35,0.05,0.05,1.7073446642214554,0.05135390610507917,0.06220641132967786,2.272565203319684,34.30370886048216
0.05,0.35,0.25,0.3,0.05,1.707344672246511,0.05160677649253818,0.06478712850414414,2.2699844861452174,34.1926176120256
0.1,0.35,0.3,0.15,0.1,1.707344889065586,0.051642746719877085,0.06477165503810145,2.26999995961126,34.097143221261064
0.35,0.15,0.4,0.1,0.0,1.7073449034151587,0.051360001228290604,0.06233957410908575,2.2724320405402763,34.33264549192978
0.1,0.35,0.25,0.3,0.0,1.707345295661423,0.051581849329594774,0.06420110563335824,2.2705705090160038,34.23066076692298
0.05,0.4,0.2,0.15,0.2,1.7073453219414236,0.0515999064316381,0.06485488467688016,2.269916729972482,34.103978727719735
0.2,0.2,0.45,0.05,0.1,1.707345735540387,0.051590746512035913,0.06450257695744788,2.270269037691914,34.1056712717185
0.1,0.3,0.35,0.05,0.2,1.7073457685515665,0.051647022956109866,0.06520675676385057,2.269564857885511,34.0351539585008
0.15,0.25,0.4,0.2,0.0,1.7073462492890794,0.05162422113761105,0.06455295656573878,2.270218658083623,34.16144264022704
0.1,0.2,0.45,0.2,0.05,1.7073463526365247,0.051657685820362,0.06537309003157032,2.2693985246177917,34.120877041670205
0.5,0.0,0.2,0.1,0.2,1.7073464938652592,0.050832499834168744,0.05939712443291034,2.2753744902164517,34.79202068242465
0.5,0.0,0.25,0.1,0.15,1.7073473570286017,0.05088839479109863,0.05966670416202269,2.275104910487339,34.735662160267935
0.2,0.05,0.55,0.15,0.05,1.7073478152770272,0.05153837117290403,0.06473467181077974,2.270036942838582,34.20083849789019
0.05,0.1,0.5,0.2,0.15,1.7073478198014367,0.05162491887594424,0.06615888941898751,2.2686127252303745,34.119924231375194
0.05,0.1,0.5,0.15,0.2,1.7073479216973269,0.05162608406264928,0.06625944323814204,2.2685121714112197,34.09009553623241
0.2,0.05,0.55,0.05,0.15,1.707348040984693,0.051537262020284504,0.06493590069416522,2.269835713955197,34.14026787630544
0.15,0.15,0.5,0.1,0.1,1.7073487809369243,0.051629329133526726,0.06522224041109403,2.2695493742382675,34.09588544312378
0.1,0.35,0.3,0.1,0.15,1.7073487931934892,0.05164165862425833,0.06487239458752736,2.269899220061834,34.0672589676856
0.35,0.3,0.2,0.1,0.05,1.7073488156033152,0.05128909285872059,0.06136940077740305,2.2734022138719587,34.38297402423906
0.3,0.2,0.4,0.05,0.05,1.7073492849364276,0.051454180051347574,0.06306168265590828,2.2717099319934535,34.22315032010542
0.05,0.25,0.4,0.2,0.1,1.7073494245102152,0.051680912368519974,0.06572530488563366,2.269046309763728,34.085578866539805
0.05,0.3,0.35,0.2,0.1,1.707349772170807,0.05167624925815016,0.06549128137648363,2.269280333272878,34.08792977767931
0.35,0.1,0.45,0.05,0.05,1.7073503010561473,0.05135964606280219,0.06267431611326235,2.2720972985360994,34.29988721874907
0.35,0.15,0.4,0.0,0.1,1.707350332733745,0.051354470320815714,0.0625411063873973,2.2722305082619645,34.27138032348756
0.0,0.35,0.25,0.25,0.15,1.7073503790062552,0.05162945307089584,0.0654740027647922,2.2692976118845696,34.125071171947376
0.25,0.0,0.55,0.0,0.2,1.7073507770037453,0.05144044609027354,0.064415511393497,2.270356103255865,34.18908772129883
0.45,0.05,0.35,0.15,0.0,1.7073511019180212,0.051105415474902376,0.06072687067593674,2.274044743973425,34.57526659188616
0.1,0.2,0.45,0.05,0.2,1.7073511665274284,0.051656763606374896,0.06567500473430177,2.26909660991506,34.030988538240095
0.25,0.0,0.55,0.2,0.0,1.7073511946543531,0.05144310127798664,0.06401303463433816,2.2707585800150234,34.3107561807155
0.45,0.1,0.3,0.15,0.0,1.7073512174407008,0.05110456193813568,0.0604930589447934,2.2742785557045684,34.57737429706763
0.35,0.2,0.35,0.1,0.0,1.7073512218677012,0.051356725200778684,0.06210604033255307,2.2726655743168087,34.335094433430754
0.1,0.4,0.2,0.25,0.05,1.7073514014858606,0.05157482449063696,0.06406808943661146,2.2707035252127503,34.20221756045005
0.0,0.25,0.35,0.3,0.1,1.707351785925808,0.05163795015458122,0.06584165310896117,2.2689299615404006,34.150676662057435
0.45,0.0,0.4,0.1,0.05,1.707352521630114,0.05110291631905824,0.061061502152877756,2.273710112496484,34.54182197426432
0.2,0.35,0.25,0.0,0.2,1.707352655404647,0.05151158051190429,0.0636329894144847,2.271138625234877,34.12379195297832
0.15,0.35,0.3,0.1,0.1,1.7073531445398504,0.051610528911583714,0.0642866386893588,2.270484975960003,34.104975360937495
0.05,0.25,0.4,0.1,0.2,1.7073536476303137,0.05168109629856611,0.06592658971893273,2.268845024930429,34.02599088895653
0.35,0.3,0.2,0.05,0.1,1.7073541187072592,0.05128583755645715,0.06147027203696953,2.2733013426123923,34.352457206135796
0.2,0.0,0.55,0.25,0.0,1.7073543214202536,0.05147666243226382,0.06449897362562185,2.27027264102374,34.30325622621254
0.45,0.0,0.4,0.05,0.1,1.707354322765204,0.05110048177258802,0.06116226459270213,2.2736093500566597,34.51092569196186
0.5,0.05,0.2,0.15,0.1,1.7073543576370893,0.05089068374560827,0.05933245712131208,2.2754391575280497,34.769329074670964
0.0,0.3,0.3,0.3,0.1,1.7073544018877866,0.051633797471883326,0.06560766179747524,2.2691639528518865,34.153257802121374
0.2,0.3,0.35,0.1,0.05,1.7073549093129134,0.05158279269103019,0.06393459494924847,2.2708370197001133,34.140896821795295
0.3,0.15,0.45,0.05,0.05,1.70735511178486,0.051457519142683296,0.06329578797704905,2.2714758266723125,34.22139278408034
0.45,0.15,0.25,0.1,0.05,1.707355166836639,0.05109957368726899,0.06036015906609005,2.2744114555832717,34.548221930791144
0.05,0.3,0.35,0.1,0.2,1.7073555281200823,0.05167591204549898,0.06569262890195171,2.2690789857474103,34.028393562149155
0.05,0.15,0.45,0.3,0.05,1.7073556027412873,0.0516210930441346,0.0657238774962896,2.2690477371530724,34.18367661692848
0.15,0.3,0.35,0.2,0.0,1.7073557135539332,0.051619377735245976,0.06431944503049891,2.2704521696188626,34.16422454111209
0.05,0.4,0.2,0.25,0.1,1.7073560020976537,0.051600298736784685,0.06465425780162337,2.2701173568477384,34.16487886101244
0.4,0.25,0.2,0.1,0.05,1.7073561174475078,0.05119381809861719,0.060748179133351954,2.2740234355160096,34.465872012055826
0.3,0.2,0.4,0.1,0.0,1.707356393018792,0.0514566293740431,0.06296135150470339,2.2718102631446584,34.254427241706274
0.2,0.25,0.4,0.15,0.0,1.7073565493864082,0.05158972315558096,0.06406791482817376,2.270703699821188,34.16962198296767
0.15,0.2,0.45,0.2,0.0,1.7073565971754674,0.05162773417990721,0.06478737078614083,2.269984243863221,34.15978501677761
0.15,0.25,0.4,0.0,0.2,1.7073567726684384,0.05161931025587077,0.06495574310744523,2.2698158715419163,34.041116712798626
0.05,0.05,0.5,0.3,0.1,1.707357157234727,0.05155780437828435,0.06592356391193732,2.2688480507374242,34.222023475033296
0.15,0.15,0.5,0.15,0.05,1.7073577267603963,0.05162982850398775,0.06512202821229418,2.2696495864370676,34.126791688551506
0.5,0.05,0.2,0.1,0.15,1.7073580552803258,0.05088819771628639,0.05943332178144978,2.275338292867912,34.73839509331455
0.4,0.1,0.4,0.05,0.05,1.7073581218997764,0.051257957796174085,0.06181936860886572,2.272952246040496,34.38305482166247
0.15,0.05,0.55,0.05,0.2,1.7073581225665706,0.051570700874244306,0.06552262488572236,2.269248989763639,34.1033476597542
0.35,0.2,0.35,0.0,0.1,1.7073581832032296,0.05135067426206473,0.06230763408403006,2.2724639805653317,34.2738801427257
0.1,0.0,0.55,0.25,0.1,1.707358282633209,0.05153434871413462,0.06567205115805685,2.269099563491305,34.226802719678275
0.4,0.15,0.35,0.05,0.05,1.7073583105922754,0.051255556738763926,0.0615855682262878,2.273186046423074,34.385120196094405
0.35,0.1,0.45,0.1,0.0,1.7073583932771572,0.05136194371412273,0.06257400808328972,2.2721976065660723,34.331324276061515
0.0,0.1,0.45,0.3,0.15,1.707358465359234,0.05157886633744919,0.06627574141859749,2.2684958732307643,34.187225481168895
0.15,0.05,0.55,0.2,0.05,1.7073585641567144,0.05157038407216854,0.06522087478366623,2.2695507398656956,34.19377275839383
0.2,0.3,0.35,0.05,0.1,1.7073585647939642,0.05158064544584649,0.0640353490329173,2.2707362656164447,34.11069869203246
0.45,0.05,0.35,0.0,0.15,1.7073588072674357,0.05109733063525708,0.06102925898647649,2.2737423556628853,34.48264849402524
0.15,0.35,0.3,0.15,0.05,1.707359022778157,0.051612071718472985,0.06418630041742435,2.2705853142319374,34.13577787103499
0.45,0.15,0.25,0.05,0.1,1.707359267822466,0.05109635820894451,0.06046101425414796,2.274310600395214,34.517400808063556
0.15,0.15,0.5,0.05,0.15,1.7073599193743245,0.05162841557707646,0.06532330217016069,2.2694483124792013,34.06652724534541
0.05,0.2,0.45,0.15,0.15,1.7073601908358742,0.05168480469087165,0.06606040608063601,2.2687112085687255,34.05375580070222
0.15,0.4,0.2,0.05,0.2,1.707360288787663,0.051539907973301845,0.06388483028516512,2.2708867843641967,34.11899415460128
0.1,0.35,0.3,0.2,0.05,1.707361069765501,0.0516434269517782,0.06467178715641753,2.2700998274929445,34.12857613827131
0.4,0.25,0.2,0.05,0.1,1.7073612024765916,0.05119045283351188,0.060849057678046936,2.273922556971315,34.43521693709235
0.45,0.1,0.3,0.0,0.15,1.7073612226190722,0.051095696158488205,0.060795539994774384,2.2739760746545876,34.48483133350716
0.45,0.15,0.2,0.0,0.2,1.7073614041059915,0.051036902528739006,0.0602924494799999,2.274479165169362,34.53700024001331
0.3,0.0,0.55,0.1,0.05,1.7073614328648132,0.05140391437789441,0.06362836683281925,2.2711432478165428,34.28823662605244
0.5,0.0,0.25,0.2,0.05,1.7073615661817598,0.05089243313844419,0.05946589928075774,2.275305715368604,34.79916063933473
0.2,0.2,0.45,0.15,0.0,1.707361572393436,0.05159358692154052,0.06430204171780707,2.270469572931555,34.1677225410337
0.3,0.0,0.55,0.05,0.1,1.707361586060336,0.051402590398139325,0.06372901192908853,2.2710426027202733,34.25767483842219
0.1,0.05,0.55,0.15,0.15,1.7073616276858314,0.05160004357495251,0.06590793633815495,2.268863678311207,34.12570214357062
0.1,0.15,0.5,0.15,0.1,1.7073618243090525,0.05166014448160886,0.06570840565162661,2.269063208997735,34.08901769310699
0.3,0.2,0.4,0.0,0.1,1.7073622557226302,0.05145131756379418,0.06316286705693264,2.2716087475924294,34.19342638622376
0.35,0.1,0.45,0.0,0.1,1.7073622871689036,0.05135693346304421,0.0627754770048119,2.2719961376445497,34.270006937787706
0.1,0.15,0.5,0.1,0.15,1.707362660902929,0.05166009833817612,0.06580901903391068,2.2689625956154513,34.05902906573728
0.25,0.35,0.25,0.1,0.05,1.7073628750853462,0.0514797181635434,0.0628463031278057,2.271925311521556,34.2224732307225
0.3,0.15,0.45,0.1,0.0,1.707362987378159,0.05145970772534406,0.06319548851397427,2.2715761261353875,34.25269574789061
0.3,0.25,0.35,0.05,0.05,1.7073632638635148,0.051449508805018106,0.06282847611433184,2.27194313853503,34.22603423758871
0.05,0.35,0.3,0.15,0.15,1.707363530543871,0.051670034036585814,0.06535842818891369,2.269413186460448,34.06088797660724
0.35,0.3,0.2,0.15,0.0,1.707363587733964,0.05129193795913925,0.06126937315673664,2.273502241492625,34.415054443322234
0.15,0.2,0.45,0.0,0.2,1.7073640512856914,0.05162386503314776,0.06519003043936178,2.26958158421,34.03935396672225
0.4,0.15,0.35,0.1,0.0,1.7073650862859782,0.05125848510974919,0.061485189717356725,2.273286424932005,34.416643773220194
0.2,0.25,0.4,0.0,0.15,1.7073652173931333,0.0515840619655589,0.06437009111542924,2.2704015235339323,34.07894500536652
0.4,0.1,0.4,0.1,0.0,1.7073656646603077,0.05126062546259439,0.06171902138430396,2.273052593265058,34.41460384097445
0.2,0.4,0.2,0.1,0.1,1.7073665842249817,0.05150841864559892,0.06319863321070929,2.2715729814386525,34.186756993575884
0.5,0.0,0.2,0.25,0.05,1.707366933172819,0.050837690752770975,0.059095886128897934,2.275675728520464,34.88720458198507
0.0,0.15,0.45,0.2,0.2,1.7073670464843298,0.05164622625987479,0.06651177971168964,2.2682598349376724,34.086444543544616
0.3,0.15,0.45,0.0,0.1,1.7073673159019573,0.05145491629071092,0.06339694125407802,2.2713746733952838,34.191642787146804
0.15,0.35,0.3,0.05,0.15,1.7073673470381152,0.051608576436841025,0.06438782433464962,2.270383790314712,34.07572115315898
0.2,0.15,0.5,0.1,0.05,1.707367679016704,0.05159516607839081,0.06463688200988993,2.270134732639472,34.13511842870594
0.05,0.1,0.5,0.25,0.1,1.7073678068326212,0.05162334088268351,0.06605919721843034,2.2687124174309314,34.15130441798193
0.25,0.35,0.25,0.05,0.1,1.7073678453803085,0.051476942049984806,0.06294712712821915,2.2718244875211426,34.192197554018634
0.2,0.2,0.45,0.0,0.15,1.7073679397379702,0.05158870646860872,0.06460412373081126,2.2701674909185505,34.0769671120594
0.05,0.2,0.45,0.2,0.1,1.7073688909827285,0.0516842465924415,0.0659602325987485,2.2688113820506133,34.08434883048996
0.0,0.2,0.4,0.3,0.1,1.7073689863416184,0.05164077582446896,0.06607655021223158,2.2686950644371304,34.14921666882031
0.2,0.15,0.5,0.05,0.1,1.7073690338089822,0.0515937995591969,0.06473754180875702,2.2700340728406045,34.104841826235315
0.1,0.25,0.4,0.25,0.0,1.7073692483705152,0.05165400822651423,0.06503947579118075,2.2697321388581813,34.15535892262105
0.15,0.3,0.35,0.0,0.2,1.7073692992123821,0.05161342618057615,0.06472235460134734,2.2700492600480144,34.04400113044038
0.3,0.25,0.35,0.1,0.0,1.7073696061003327,0.0514522185754526,0.06272811425004976,2.2720435003993122,34.25728580867086
0.05,0.35,0.3,0.2,0.1,1.707369930083094,0.05167025934684373,0.06525815981617056,2.2695134548331914,34.091403444932936
0.5,0.0,0.25,0.05,0.2,1.7073703568458733,0.050885755671578284,0.059768377465641676,2.27500323718372,34.70628182917335
0.25,0.05,0.55,0.1,0.05,1.7073703641817188,0.05150164210252522,0.06424995815576695,2.270521656493595,34.209997404713675
0.4,0.1,0.4,0.0,0.1,1.707370655138421,0.05125487561231221,0.06192056722824413,2.272851047421118,34.353066625685436
0.5,0.05,0.2,0.2,0.05,1.7073707316066267,0.05089275811793759,0.05923245547813005,2.275539159171232,34.8018452543502
0.25,0.05,0.55,0.05,0.1,1.7073707343650237,0.0515004272480166,0.06435059472147087,2.270421019927891,34.1795663684868
0.45,0.0,0.4,0.15,0.0,1.7073707962522278,0.05110493488436671,0.06096158362439641,2.2738100310249654,34.57428994546126
0.4,0.25,0.2,0.15,0.0,1.7073711061790116,0.051196772443968974,0.06064814329835122,2.2741234713510106,34.498094833989825
0.45,0.15,0.25,0.15,0.0,1.7073711389993536,0.05110237643271765,0.060260146159149874,2.274511468490212,34.580614959559114
0.2,0.4,0.2,0.15,0.05,1.7073711464111452,0.05151059094348931,0.06309822407098942,2.271673390578372,34.217638425246946
0.1,0.05,0.55,0.1,0.2,1.7073712636952245,0.05160060299356122,0.06600892863766328,2.2687626860116987,34.09647820343295
0.2,0.3,0.35,0.15,0.0,1.7073713357605336,0.05158452854143217,0.06383468894967437,2.2709369256996874,34.17264681707814
0.35,0.25,0.3,0.05,0.05,1.7073715519511514,0.05134903838085333,0.06197380561400512,2.2727978090353567,34.30731223483139
0.05,0.2,0.45,0.1,0.2,1.7073715777070433,0.05168495212901139,0.06616145275904972,2.268610161890312,34.024707758243295
0.4,0.15,0.35,0.0,0.1,1.7073716100333938,0.0512522149469337,0.06168679758958939,2.2730848170597726,34.355157500678104
0.1,0.05,0.55,0.2,0.1,1.7073720791744647,0.05159907053702313,0.06580781745971898,2.2689637971896426,34.15647464932073
0.1,0.35,0.3,0.05,0.2,1.7073727776321932,0.051640161444120175,0.06497398134108612,2.2697976333082757,34.03891949360893
0.1,0.3,0.35,0.25,0.0,1.7073733875719501,0.05164951722393996,0.06480567676419868,2.2699659378851633,34.15789905456806
0.3,0.35,0.2,0.1,0.05,1.7073737547697871,0.05138162389502097,0.06199184083461895,2.272779773814743,34.30386903782502
0.5,0.0,0.3,0.1,0.1,1.7073738796277609,0.0509438831012626,0.05993730467915048,2.2748343099702115,34.68324694039847
0.45,0.0,0.4,0.0,0.15,1.7073761967041583,0.05109763197622677,0.06126387639203723,2.2735077382573246,34.48159480520799
0.5,0.05,0.25,0.1,0.1,1.70737622030848,0.05094379447684981,0.059703573286695066,2.2750680413626667,34.685475523338425
0.0,0.15,0.45,0.25,0.15,1.7073764822579895,0.05164445604581417,0.06641165378752278,2.268359960861839,34.11688218997912
0.0,0.35,0.25,0.3,0.1,1.7073768303895531,0.05162831995604529,0.06537457408089042,2.2693970405684714,34.15696206984699
0.3,0.25,0.35,0.0,0.1,1.7073769995662245,0.05144638700108177,0.06292969073251475,2.2718419239168473,34.19633577630632
0.05,0.3,0.35,0.25,0.05,1.7073770247404356,0.05167580439635233,0.06539190467612532,2.2693797099732365,34.12002199382046
0.05,0.35,0.3,0.1,0.2,1.70737721535113,0.05166940149126712,0.06545956810366782,2.2693120465456937,34.03191771745105
0.35,0.25,0.3,0.1,0.0,1.707377344777591,0.051352117733821465,0.06187340457363866,2.272898210075723,34.33867307873448
0.05,0.25,0.4,0.25,0.05,1.7073774448309655,0.05168020522911436,0.06562596037302204,2.2691456542763397,34.11769686110701
0.4,0.05,0.45,0.05,0.05,1.7073777406687416,0.051259024581634755,0.062054068822899655,2.2727175458264623,34.38211739831901
0.2,0.05,0.55,0.2,0.0,1.7073778325438247,0.05153830293936404,0.06463535572071111,2.270136258928651,34.23345544386778
0.25,0.35,0.25,0.15,0.0,1.7073779836029552,0.0514820844266893,0.06274632522467294,2.272025289424689,34.25430466833261
0.2,0.05,0.55,0.0,0.2,1.7073782764756371,0.0515360841254396,0.06503779435078139,2.2697338202985806,34.11230410367135
0.4,0.2,0.3,0.05,0.05,1.7073783029170206,0.05125182351613165,0.06135266540439677,2.273418949244965,34.38831537852845
0.3,0.35,0.2,0.05,0.1,1.7073792732305582,0.05137847862839149,0.06209270325673888,2.2726789113926227,34.27348659832162
0.35,0.3,0.2,0.0,0.15,1.7073794940916658,0.051282172778230405,0.061571992436463496,2.273199622212898,34.323497822188
0.15,0.4,0.2,0.25,0.0,1.7073795751649787,0.05154596414917586,0.06348333909437032,2.2712882755549915,34.24194779721407
0.3,0.1,0.5,0.05,0.05,1.7073807482941292,0.05145952406315852,0.06353079445932086,2.271240820190041,34.22075995834429
0.1,0.15,0.5,0.2,0.05,1.7073810760111745,0.05165977825036198,0.06560866623218264,2.269162948417179,34.12055482560076
0.5,0.0,0.3,0.15,0.05,1.7073812768682128,0.0509461907908421,0.05983690906995465,2.2749347055794074,34.715021947753016
0.3,0.0,0.55,0.15,0.0,1.70738136235321,0.05140482115698311,0.06352857021255143,2.2712430444368104,34.320357691756406
0.3,0.0,0.55,0.0,0.15,1.7073818189729586,0.05140084988103812,0.06383051090086678,2.270941103748495,34.22866614548681
0.5,0.05,0.2,0.05,0.2,1.7073818201424316,0.0508852991966642,0.05953502503965846,2.2752365896097033,34.70903914268332
0.2,0.4,0.2,0.05,0.15,1.7073820996577527,0.05150583824772205,0.06329988777337059,2.2714717268759914,34.15742778646391
0.2,0.3,0.35,0.0,0.15,1.7073822992375787,0.05157808746034109,0.06413695665367092,2.270634657995691,34.08204635928133
0.35,0.05,0.5,0.05,0.05,1.707382833331343,0.051360514168250576,0.06290961983240417,2.2718619948169576,34.29966542531522
0.5,0.05,0.25,0.15,0.05,1.7073828505166184,0.050946363180341896,0.05960314658586885,2.2751684680634927,34.71722593145142
0.45,0.15,0.25,0.0,0.15,1.7073834390063198,0.05109273074899608,0.060562717213280104,2.2742088974360817,34.488145323658884
0.1,0.15,0.5,0.05,0.2,1.7073835812550358,0.05165963859083208,0.0659104818563383,2.2688611327930235,34.030585026266664
0.4,0.2,0.3,0.1,0.0,1.7073843131781703,0.05125501227028921,0.061252256564890084,2.2735193580844717,34.419814183069875
0.1,0.2,0.45,0.25,0.0,1.7073849239797705,0.05165716940383555,0.06527417932022272,2.2694974353291393,34.153942140432555
0.15,0.35,0.3,0.2,0.0,1.7073849860631023,0.05161320605969346,0.0640868340495988,2.2706847805997628,34.16813277032303
0.1,0.1,0.5,0.3,0.0,1.7073857074471686,0.05159686993518676,0.0653730246466826,2.2693985900026794,34.221216290912935
0.35,0.25,0.3,0.0,0.1,1.707385834767929,0.051345547421118395,0.06207505796122059,2.272696556688141,34.27750843813355
0.4,0.05,0.45,0.1,0.0,1.7073860521553286,0.05126143123735622,0.061953753860096716,2.272817860789265,34.41369256154579
0.4,0.25,0.2,0.0,0.15,1.7073863583141746,0.05118667739089674,0.060950784434815164,2.2738208302145466,34.40612339713928
0.2,0.15,0.5,0.15,0.0,1.7073864087249606,0.051596117855559794,0.06453707200175929,2.2702345426476027,34.16694680973268
0.5,0.0,0.3,0.05,0.15,1.7073865530817034,0.05094116085174015,0.06003854110016782,2.2747330735491937,34.65304894084315
0.15,0.15,0.5,0.2,0.0,1.707386761175183,0.05162991489788818,0.06502269016336593,2.269748924485996,34.159250102030356
0.0,0.4,0.2,0.2,0.2,1.7073877778952642,0.05162285420796381,0.06534213038906733,2.2694294842602947,34.09961482339633
0.3,0.35,0.2,0.15,0.0,1.7073883128350489,0.051384359718277386,0.06189182307397667,2.2728797915753853,34.335811219051486
0.3,0.1,0.5,0.1,0.0,1.7073893930919115,0.051461451629835904,0.06343052768427859,2.271341086965083,34.252089686403195
0.4,0.05,0.45,0.0,0.1,1.7073895059587303,0.05125620233774811,0.06215523578918192,2.27261637886018,34.35210310146956
0.5,0.05,0.25,0.05,0.15,1.7073896599204632,0.05094081228912178,0.0598048402666429,2.274966774382719,34.65530221862675
0.25,0.05,0.55,0.15,0.0,1.7073900780222533,0.05150244043429044,0.0641501710287189,2.2706214436206427,34.241983916863965
0.1,0.4,0.25,0.15,0.1,1.7073901744818545,0.05163507917326145,0.06453971823535687,2.270231896414005,34.10198452739722
0.2,0.35,0.3,0.1,0.05,1.7073902656538498,0.051576008493560116,0.06370229800740024,2.2710693166419613,34.14507387563657
0.2,0.15,0.5,0.0,0.15,1.7073904701301434,0.0515920189333481,0.06483905680775526,2.2699325578416065,34.076110908318604
0.15,0.0,0.55,0.3,0.0,1.7073907516635156,0.05150550533608323,0.06498635887323445,2.269785255776127,34.297861641167216
0.15,0.15,0.5,0.0,0.2,1.7073911389072591,0.05162708847758519,0.06542521896618769,2.269346395683174,34.03871120657285
0.25,0.05,0.55,0.0,0.15,1.7073911856016815,0.05149879651729521,0.06445208612289943,2.2703195285264623,34.15068466613734
0.05,0.4,0.2,0.3,0.05,1.70739146895341,0.051599883560804964,0.06455519858495551,2.2702164160644065,34.197665299978695
0.35,0.05,0.5,0.1,0.0,1.7073916953603312,0.051362550663954634,0.06280934477476263,2.2719622698745994,34.33112930040444
0.25,0.2,0.45,0.05,0.05,1.7073921777608003,0.05155264588240179,0.06391848763957464,2.2708531270097874,34.146580096154885
0.3,0.1,0.5,0.0,0.1,1.7073921839627968,0.05145718114924523,0.06363191568124904,2.2711396989681125,34.1909832770115
0.4,0.2,0.3,0.0,0.1,1.7073923668381072,0.05124822246401161,0.06145392462552235,2.2733176900238394,34.358377616108925
0.25,0.35,0.25,0.0,0.15,1.707392891526724,0.05147375677159697,0.06304880270916224,2.2717228119401995,34.16347154727787
0.25,0.25,0.4,0.05,0.05,1.707393243611521,0.051548171931505314,0.0636846776252884,2.2710869370240734,34.14874844869375
0.0,0.4,0.2,0.25,0.15,1.7073933805294188,0.05162239091460269,0.06524184674889844,2.2695297679004636,34.12992490100093
0.35,0.05,0.5,0.0,0.1,1.7073940503597687,0.05135806166274534,0.06301074840668641,2.2717608662426754,34.26975843858331
0.2,0.35,0.3,0.05,0.1,1.7073946845856236,0.05157360158178122,0.06380308163004988,2.270968533019312,34.114900637025144
0.1,0.4,0.25,0.1,0.15,1.7073948411444417,0.05163373125561014,0.0646404869439916,2.27013112770537,34.07212479651107
0.45,0.2,0.2,0.1,0.05,1.7073956549927236,0.05109579773387451,0.060128172807763614,2.274643441841598,34.552621557545464
0.2,0.4,0.2,0.2,0.0,1.7073957905026087,0.05151235628980782,0.06299868485375626,2.2717729297956053,34.2500761842694
0.0,0.3,0.35,0.2,0.15,1.7073959731090027,0.05169960503923382,0.06607933329747562,2.2686922813518864,34.05334934435633
0.05,0.35,0.3,0.25,0.05,1.7073964165282325,0.05167007655432494,0.0651587519967407,2.269612862652621,34.12347067066975
0.1,0.4,0.2,0.3,0.0,1.7073966494645185,0.051574864331684976,0.06396943072182792,2.270802183927534,34.235928012406376
0.3,0.3,0.3,0.05,0.05,1.7073970447215463,0.05144350753035128,0.0625961663066461,2.2721754483427157,34.23004670044409
0.15,0.1,0.55,0.1,0.1,1.7073972219356088,0.05163069963703978,0.06545839886378757,2.269313215785574,34.09641642909958
0.1,0.35,0.3,0.25,0.0,1.707397337661301,0.051643698466045614,0.064572780020836,2.270198834628526,34.16156447287466
0.05,0.2,0.45,0.25,0.05,1.7073976807114897,0.05168327698446028,0.06586092136877753,2.268910693280584,34.116493419952604
0.05,0.0,0.55,0.2,0.2,1.7073982546543576,0.05156029103008893,0.06636079939521178,2.26841081525415,34.16153462770359
0.5,0.1,0.2,0.1,0.1,1.7073983645308077,0.05094237522853526,0.059470739652787374,2.2753008749965744,34.68883882654269
0.0,0.3,0.35,0.15,0.2,1.7073985879041833,0.051700096005246464,0.06617997056816471,2.268591644081197,34.02372172633688
0.05,0.15,0.5,0.15,0.15,1.707398705010582,0.051687069634683655,0.0662962068977615,2.2684754077516,34.053617931170606
0.5,0.0,0.25,0.25,0.0,1.7073987819037975,0.050893832242513704,0.05936678118178573,2.275404833467576,34.83329009495263
0.15,0.05,0.55,0.25,0.0,1.707398888166554,0.051569448774457474,0.06512201946628027,2.2696495951830817,34.227024078510254
0.1,0.0,0.55,0.3,0.05,1.7073993426576048,0.0515321993394708,0.06557320920486842,2.2691984054444934,34.259903473446116
0.25,0.2,0.45,0.1,0.0,1.707399839416877,0.051554725409049554,0.06381819839862368,2.2709534162507383,34.177752939448155
0.25,0.25,0.4,0.1,0.0,1.7074001383644282,0.05155051207319843,0.06358435697319842,2.2711872576761634,34.179895292605224
0.0,0.25,0.4,0.2,0.15,1.7074001867803912,0.05170417681554136,0.06631361475028563,2.268457999899076,34.05121193879101
0.45,0.2,0.2,0.05,0.1,1.7074005192744866,0.0510923226455521,0.06022905710273174,2.27454255754663,34.521824307963925
0.15,0.35,0.3,0.0,0.2,1.7074016271129104,0.05160621496478799,0.06448986288727032,2.2702817517620915,34.04800939281799
0.0,0.25,0.4,0.15,0.2,1.7074020347254844,0.0517049285494083,0.06641422036075184,2.2683573942886097,34.0215583048248
0.1,0.05,0.55,0.25,0.05,1.70740262072719,0.05159768302864341,0.06570856108485024,2.2690630535645115,34.18880234903068
0.3,0.3,0.3,0.1,0.0,1.7074026227540955,0.051446477439742906,0.06249577468085232,2.2722758399685095,34.26127358097169
0.15,0.4,0.25,0.1,0.1,1.7074037479210016,0.05160250960135385,0.06405498501776274,2.270716629631599,34.11006066627938
0.45,0.1,0.35,0.05,0.05,1.7074041976602286,0.05115445885728683,0.06096594388294463,2.273805670766417,34.47032488151926
0.5,0.1,0.2,0.15,0.05,1.7074042293211527,0.05094520460396579,0.059370282798881124,2.275401331850481,34.72056527097377
0.05,0.4,0.25,0.15,0.15,1.7074042583303668,0.0516624588870498,0.06512623630729797,2.269645378342064,34.065511267079366
0.25,0.2,0.45,0.0,0.1,1.7074045970134981,0.051550152806584475,0.0640196317423789,2.270751982906983,34.116956686754435
0.3,0.35,0.2,0.0,0.15,1.7074048652594132,0.05137492462815686,0.062194415839197825,2.272577198810164,34.24465777688868
0.1,0.4,0.25,0.2,0.05,1.7074055915641062,0.05163602042435599,0.06443982079256894,2.270331793856793,34.13339321371279
0.2,0.35,0.3,0.15,0.0,1.7074059276204046,0.05157800518111375,0.06360236203715397,2.271169252612208,34.17679921107084
0.0,0.15,0.45,0.3,0.1,1.7074060070342023,0.05164227243565648,0.06631235564928883,2.268459259000073,34.14887632058945
0.0,0.05,0.5,0.25,0.2,1.7074060412444232,0.05158060263933722,0.06661268911383345,2.2681589255355283,34.15739264379239
0.25,0.25,0.4,0.0,0.1,1.707406428892505,0.05154541936261007,0.06378585259701364,2.270985762052348,34.119151091900584
0.15,0.1,0.55,0.15,0.05,1.7074069389966695,0.0516309375634113,0.06535822074733533,2.2694133939020267,34.127350433796664
0.5,0.05,0.2,0.25,0.0,1.7074071795429901,0.05089441986724796,0.05913330588423915,2.2756383087651226,34.835950755641775
0.15,0.1,0.55,0.05,0.15,1.7074075898047787,0.05163004646314704,0.06555942726062969,2.269212187388732,34.067030658748905
0.05,0.1,0.5,0.3,0.05,1.7074078841245848,0.05162134781711203,0.0659603336136636,2.268811281035698,34.18424466675958
0.05,0.15,0.5,0.2,0.1,1.7074081755318202,0.0516862499757261,0.06619606711485404,2.2685755475345077,34.0842382656045
0.5,0.0,0.3,0.2,0.0,1.7074087490108818,0.05094808478609693,0.059737378787730444,2.2750342358616313,34.748378316354355
0.15,0.4,0.25,0.15,0.05,1.7074088634617843,0.05160431259481786,0.06395461766521726,2.2708169969841445,34.14083891953837
0.05,0.15,0.5,0.1,0.2,1.7074093222287043,0.05168747754654841,0.06639722056769459,2.2683743940816674,34.0245427099545
0.05,0.0,0.55,0.25,0.15,1.707409444470156,0.051558104948404425,0.06626072963693819,2.2685108850124234,34.192153526597124
0.5,0.05,0.25,0.2,0.0,1.7074095547484722,0.05094851926314952,0.0595035846652765,2.275268029984085,34.750557787921416
0.05,0.4,0.25,0.2,0.1,1.707409894409102,0.051662944849857555,0.0650259382873839,2.269745676361978,34.096002235487134
0.45,0.2,0.2,0.15,0.0,1.7074108628130311,0.05109886122350047,0.06002813038557231,2.2747434842637895,34.58499099136969
0.45,0.05,0.4,0.05,0.05,1.7074109073165782,0.05115572351232099,0.06120004338493312,2.2735715712644287,34.468668085501804
0.25,0.15,0.5,0.05,0.05,1.7074109206361896,0.05155578680774053,0.06415319842876621,2.2706184162205956,34.145535925056336
0.45,0.1,0.35,0.1,0.0,1.7074111939926935,0.05115749638303905,0.06086555946473782,2.273906055184624,34.50199050601631
0.3,0.3,0.3,0.0,0.1,1.7074115436111232,0.05144012674612254,0.06269741025816433,2.2720742043911972,34.20037315370026
0.2,0.1,0.55,0.1,0.05,1.7074115615582006,0.05159662413834502,0.06487278430689258,2.269898830342469,34.13543750928514
0.0,0.35,0.3,0.2,0.15,1.7074115704718342,0.05169370722098569,0.06584595466633125,2.2689256599830303,34.05660797966674
0.2,0.1,0.55,0.05,0.1,1.7074121459135307,0.051595518378212024,0.06497341070447571,2.269798203944886,34.105133383182306
0.5,0.1,0.2,0.05,0.15,1.7074125685972676,0.050939133469931064,0.05957203632031982,2.275199578329042,34.658689684504374
0.2,0.0,0.6,0.1,0.1,1.7074130419700926,0.0515369223649517,0.06507222394382484,2.269699390705537,34.171840685939124
0.0,0.3,0.35,0.25,0.1,1.7074134456274046,0.051698705448039305,0.06597955700825486,2.268792057641107,34.08452518053525
0.5,0.0,0.2,0.3,0.0,1.7074138915999857,0.05083859370164833,0.05899714556777935,2.2757744690815827,34.92211954889629
0.25,0.3,0.35,0.05,0.05,1.7074141142869999,0.051542366973529,0.06345176611398062,2.271319848535381,34.15204280959317
0.0,0.35,0.3,0.15,0.2,1.707414950343396,0.051693937652427205,0.06594662261909989,2.268824992030262,34.0270057327581
0.1,0.1,0.55,0.15,0.1,1.7074155968461597,0.05166116561517111,0.06594485585654031,2.2688267587928213,34.0897874463626
0.1,0.1,0.55,0.1,0.15,1.7074156620621501,0.05166138053641087,0.0660454351866906,2.2687261794626714,34.059771007990484
0.4,0.0,0.5,0.05,0.05,1.7074171707798687,0.051258755094424915,0.0622896714801815,2.27248194316918,34.382306565127564
0.45,0.1,0.35,0.0,0.1,1.7074172747857888,0.051151007275835096,0.061067178345403095,2.2737044363039587,34.44022445074398
0.45,0.15,0.3,0.05,0.05,1.7074172923747168,0.05115186104831366,0.060732742603306855,2.274038872046055,34.47311253051032
0.2,0.4,0.2,0.0,0.2,1.707417689553302,0.051502850452786325,0.06340199332269547,2.2713696213266665,34.12964492789377
0.05,0.05,0.55,0.15,0.2,1.707417709925711,0.0516257928979419,0.06649670528676421,2.2682749093625976,34.091697570479255
0.15,0.0,0.6,0.1,0.15,1.7074179006169818,0.05156982112428535,0.06565880417273995,2.2691128104766216,34.13421282288982
0.4,0.25,0.25,0.05,0.05,1.707418095079046,0.051246760340562574,0.06112065820728585,2.2736509564420757,34.39264273149482
0.35,0.3,0.25,0.05,0.05,1.7074182386977272,0.051342841758079454,0.06174209513951756,2.273029519509844,34.31204716240546
0.05,0.05,0.55,0.2,0.15,1.7074183810010641,0.05162436622227514,0.06639618646929102,2.2683754281800708,34.12155442936025
0.0,0.25,0.4,0.25,0.1,1.7074184270219739,0.05170301532068689,0.06621387069997242,2.2685577439493896,34.08241374074659
0.45,0.05,0.4,0.1,0.0,1.7074186713264625,0.05115850019393064,0.06109969054647202,2.2736719241028895,34.50035920513889
0.05,0.4,0.25,0.1,0.2,1.7074187055337628,0.05166156688724911,0.06522740545482852,2.2695442091945335,34.03656578357789
0.15,0.4,0.25,0.05,0.15,1.7074187120170374,0.05160029813951437,0.06415619936751882,2.270615415281843,34.08083103226915
0.15,0.0,0.6,0.15,0.1,1.7074188201557607,0.05156945372009626,0.0655582479937431,2.2692133666556185,34.16438180409719
0.0,0.4,0.2,0.3,0.1,1.7074190676368026,0.05162151991999058,0.06514238810185025,2.2696292265475115,34.16179193463647
0.2,0.35,0.3,0.0,0.15,1.7074191814490658,0.051570785107541435,0.06390471837158618,2.2708668962777754,34.086273435203026
0.5,0.0,0.3,0.0,0.2,1.707419294084938,0.05093802482746323,0.060140623877294797,2.274630990772067,34.62442178737173
0.25,0.15,0.5,0.1,0.0,1.7074193508946514,0.051557605451679075,0.06405294159862485,2.270718673050737,34.176735484621524
0.0,0.0,0.5,0.3,0.2,1.7074194572996326,0.051511663678873755,0.06647819058453353,2.2682934240648285,34.23133032154965
0.1,0.4,0.25,0.05,0.2,1.7074195870369575,0.05163197545391108,0.06474210246826972,2.2700295121810923,34.04381014556952
0.5,0.05,0.3,0.1,0.05,1.7074200471436956,0.05099898234899744,0.059974847464795644,2.274796767184566,34.6364307057234
0.25,0.3,0.35,0.1,0.0,1.7074202438080657,0.051544967445484494,0.06335141502559405,2.2714201996237677,34.18316434083125
0.1,0.15,0.5,0.25,0.0,1.7074204183857051,0.05165899881305887,0.06550978991367873,2.269261824735683,34.153647249860384
0.0,0.1,0.5,0.2,0.2,1.7074223469381762,0.05164691692986024,0.06674842625898081,2.268023188390381,34.08716722922118
0.2,0.0,0.6,0.05,0.15,1.7074224236780469,0.051536420567167535,0.06517322834842432,2.2695983863009372,34.14230291079852
0.25,0.15,0.5,0.0,0.1,1.7074225720756173,0.05155355351973074,0.06425431073182009,2.2705173039175417,34.11588584682007
0.5,0.05,0.3,0.05,0.1,1.7074231585489126,0.05099591751115271,0.060075676308897874,2.274695938340464,34.6054389358967
0.5,0.05,0.25,0.0,0.2,1.7074231662079624,0.05093741740945072,0.05990695308366445,2.2748646615656973,34.62669986415143
0.45,0.05,0.4,0.0,0.1,1.7074232175975883,0.051152531695115425,0.06130124683070837,2.2734703678186534,34.438542132645196
0.35,0.3,0.25,0.1,0.0,1.707423268320408,0.051346181036942544,0.061641664985980116,2.2731299496633817,34.34338390852598
0.4,0.25,0.25,0.1,0.0,1.7074233415206233,0.05125020914090702,0.061020219968631606,2.27375139468073,34.424117399325084
0.45,0.15,0.3,0.1,0.0,1.7074235226631527,0.05115515909086983,0.060632327561147115,2.2741392870882144,34.504753334272905
0.1,0.3,0.4,0.1,0.1,1.707423623418045,0.051709121254791615,0.06537829481949942,2.269393319829862,34.02968450964345
0.2,0.0,0.6,0.15,0.05,1.7074237446838538,0.051537007162200846,0.0649720695184619,2.2697995451309,34.20293042886808
0.0,0.2,0.45,0.2,0.15,1.7074242153577428,0.05170742046723815,0.06654880134343921,2.268222813305923,34.0501939651209
0.05,0.3,0.35,0.3,0.0,1.707424366339907,0.051674948007321836,0.06529335602914643,2.2694782586202153,34.15367451046404
0.0,0.2,0.45,0.15,0.2,1.7074252946495703,0.05170843318408135,0.06664937428960815,2.2681222403597534,34.020513641660884
0.45,0.2,0.2,0.0,0.15,1.707425452706508,0.051088436717474255,0.06033078877340281,2.274440825875959,34.492592983502576
0.1,0.25,0.45,0.1,0.1,1.7074255463653776,0.051714290052712664,0.06561235190041126,2.2691592627489507,34.02756208536867
0.05,0.25,0.4,0.3,0.0,1.707425555072446,0.0516790854334025,0.06552744449468406,2.2692441701546775,34.151375098377784
0.5,0.0,0.35,0.1,0.05,1.7074260653434647,0.050998960726665016,0.06020892873515904,2.2745626859142027,34.63470538269476
0.3,0.05,0.55,0.05,0.05,1.7074261984097991,0.05146019290922611,0.0637667048269488,2.271004909822413,34.22125065597922
0.4,0.0,0.5,0.1,0.0,1.7074262526807402,0.051260900448341334,0.062189389781483806,2.272582224867878,34.41390860478232
0.0,0.05,0.5,0.3,0.15,1.7074267662494786,0.05157780936431502,0.06651301195370363,2.268258602695658,34.18862583987515
0.25,0.3,0.35,0.0,0.1,1.7074280638377952,0.05153935522377051,0.06355297104806801,2.2712186436012938,34.1224709199308
0.4,0.0,0.5,0.0,0.1,1.7074281663475732,0.05125619310711142,0.06239080585985368,2.2723808087895083,34.35226553580908
0.0,0.35,0.3,0.25,0.1,1.7074282769554618,0.05169306932796308,0.06574614718561644,2.269025467463745,34.08775859535508
0.5,0.0,0.35,0.05,0.1,1.707428409510002,0.050996156357539145,0.06030972637820753,2.274461888271154,34.60368852692257
0.5,0.1,0.2,0.2,0.0,1.707430167168883,0.050947622457172485,0.05927069024620102,2.2755009244031608,34.75387335419634
0.1,0.3,0.4,0.15,0.05,1.7074308246567023,0.05171003403037241,0.06527803184735359,2.269493582802008,34.06041443186642
0.15,0.25,0.45,0.1,0.05,1.7074308625979677,0.051682341953198846,0.06502653712286288,2.269745077526499,34.065814230478
0.25,0.4,0.2,0.1,0.05,1.7074309396896423,0.05147141336342384,0.06261550300219976,2.272156111647162,34.22850170913355
0.2,0.1,0.55,0.15,0.0,1.707431062392618,0.051597314094320876,0.0647730084081084,2.2699986062412534,34.16729358548914
0.45,0.15,0.3,0.0,0.1,1.7074311346234547,0.051148150055733796,0.06083400719439025,2.2739376074549718,34.44303704959995
0.0,0.1,0.5,0.25,0.15,1.707432554631902,0.05164488473115296,0.06664833500910139,2.2681232796402604,34.11763256311474
0.2,0.1,0.55,0.0,0.15,1.7074328124824736,0.05159399744381408,0.06507489299459368,2.269696721654768,34.0763751045788
0.4,0.25,0.25,0.0,0.1,1.7074329217778836,0.05124290039186259,0.06122194642207579,2.273549668227286,34.362729368982784
0.15,0.25,0.45,0.05,0.1,1.7074331961006886,0.05168082416935079,0.06512721697678625,2.2696443976725753,34.035687492610194
0.35,0.3,0.25,0.0,0.1,1.707433283644161,0.051339092040230794,0.06184337621681557,2.272928238432546,34.282267758212996
0.15,0.3,0.4,0.1,0.05,1.7074334971763796,0.05167708346218103,0.06479273566155008,2.2699788789878115,34.068151760846334
0.1,0.25,0.45,0.15,0.05,1.7074335147273811,0.051714941942925675,0.06551212066928946,2.2692594939800723,34.058318236150946
0.5,0.1,0.25,0.1,0.05,1.7074338340614603,0.05099767139428773,0.059741664994117816,2.275029949655244,34.639289655568284
0.15,0.4,0.25,0.2,0.0,1.7074340629475502,0.0516057083190587,0.06385512182732511,2.2709164928220367,34.17316987045472
0.35,0.0,0.55,0.05,0.05,1.7074351800816987,0.05136004512092076,0.06314582810808966,2.2716257865412723,34.30056811489045
0.3,0.05,0.55,0.1,0.0,1.7074356141382718,0.05146185920030117,0.063666471766189,2.271105142883173,34.25260789953384
0.05,0.4,0.25,0.25,0.05,1.7074356163305142,0.051663023900902806,0.06492650039280545,2.2698451142565563,34.12804522910274
0.1,0.1,0.55,0.2,0.05,1.707435620584806,0.051660537259016884,0.0658451512379008,2.2689264634114608,34.121352599980334
0.1,0.1,0.55,0.05,0.2,1.707435811686385,0.051661180792521286,0.06614686468937858,2.268624749959983,34.031299359331264
0.1,0.3,0.4,0.05,0.15,1.7074365056413696,0.05170779732584551,0.06547940739824143,2.2692922072511204,34.00049951667411
0.15,0.3,0.4,0.05,0.1,1.707436596938655,0.05167530555265686,0.06489344667853292,2.2698781679708286,34.03805114781741
0.25,0.4,0.2,0.05,0.1,1.7074366707353161,0.05146837813246035,0.0627163550138361,2.2720552596355255,34.19824980915264
0.15,0.1,0.55,0.2,0.0,1.7074367453270387,0.05163076145235558,0.06525891751712232,2.2695126971322397,34.15983680166073
0.3,0.05,0.55,0.0,0.1,1.7074368638197817,0.051458110219184096,0.06386779303699641,2.2709038216123654,34.19144663926072
0.5,0.05,0.3,0.15,0.0,1.707437007937638,0.05100163273803861,0.05987486067763759,2.274896753971724,34.668999001634006
0.15,0.0,0.6,0.05,0.2,1.7074370650597759,0.051569772095416286,0.06576021018123535,2.2690114044681264,34.10559227013785
0.45,0.0,0.45,0.05,0.05,1.7074374251789064,0.05115565292093147,0.06143504349814699,2.273336571151215,34.46814043842189
0.1,0.25,0.45,0.05,0.15,1.7074376623366607,0.051713225875648555,0.065713433297508,2.2690581813518538,33.99835081773624
0.5,0.1,0.25,0.05,0.1,1.707437711037858,0.05099434643798601,0.059842524124926744,2.2749290905244353,34.60832236515825
0.05,0.15,0.5,0.25,0.05,1.7074377363606184,0.05168501772570726,0.06609679029026339,2.268674824359098,34.11641029380685
0.15,0.1,0.55,0.0,0.2,1.7074380394343893,0.051628978678883435,0.06566131139887865,2.269110303250483,34.03918722560361
0.05,0.05,0.55,0.25,0.1,1.707439141595859,0.051622525701621645,0.06629653008182723,2.2684750845675348,34.15296306099418
0.15,0.0,0.6,0.2,0.05,1.707439828213181,0.0515686710658903,0.06545856619539192,2.26931304845397,34.19610317931631
0.25,0.0,0.6,0.05,0.1,1.7074405587758865,0.05149967238389009,0.06458766641068192,2.27018394823868,34.18139106916577
0.05,0.0,0.55,0.3,0.1,1.7074407236686535,0.05155550257755563,0.06616148802807875,2.268610126621283,34.22433278825367
0.25,0.0,0.6,0.1,0.05,1.7074409614647472,0.05150062609325559,0.0644870645410458,2.270284550108316,34.211850403640554
0.1,0.4,0.25,0.25,0.0,1.707441094760588,0.05163655414820647,0.06434078368050011,2.270430830968862,34.16635760168189
0.1,0.35,0.35,0.1,0.1,1.7074415081609422,0.05170262385152371,0.06514513834730473,2.269626476302057,34.032929761218945
0.05,0.35,0.3,0.3,0.0,1.7074429910285074,0.051669483390774665,0.06506017171966127,2.2697114429297005,34.157098355567385
0.0,0.2,0.45,0.25,0.1,1.7074432250418954,0.05170599688098596,0.06644909060598492,2.268322524043377,34.08142250630015
0.5,0.0,0.35,0.15,0.0,1.7074437942146317,0.05100134958053342,0.060108973715282676,2.2746626409340793,34.66729872336309
0.05,0.3,0.4,0.15,0.1,1.7074439465837368,0.051738227580239826,0.06586461063535043,2.2689070040140114,34.023405002525095
0.35,0.0,0.55,0.1,0.0,1.707444813641593,0.0513618201928436,0.06304558704997021,2.2717260275993914,34.33205956443349
0.25,0.4,0.2,0.15,0.0,1.7074452862814247,0.05147403995164013,0.06251549676930113,2.272256117880061,34.26030977419421
0.2,0.4,0.25,0.1,0.05,1.7074454220200876,0.05156789805798588,0.06347089734506484,2.271300717304297,34.15038047115735
0.35,0.0,0.55,0.0,0.1,1.7074456262189999,0.051357853003494276,0.06324692340740312,2.2715246912419587,34.27063376608077
0.45,0.0,0.45,0.1,0.0,1.7074459585251016,0.05115816844579,0.06133472321890476,2.273436891430457,34.49985775998443
0.5,0.05,0.3,0.0,0.15,1.7074463392008188,0.050992438986044324,0.06017735268600277,2.274594261963359,34.576017366580416
0.05,0.3,0.4,0.1,0.15,1.70744652656761,0.051737769019750184,0.06596527439552524,2.2688063402538363,33.99358992530797
0.05,0.2,0.45,0.3,0.0,1.707446561169586,0.051681893617836795,0.06576243942445559,2.269009175224906,34.15019829463884
0.1,0.0,0.6,0.15,0.15,1.7074466790737972,0.051598505701875304,0.06614585078243307,2.268625763866929,34.12821248263222
0.5,0.1,0.2,0.0,0.2,1.7074468383753656,0.050935480128071725,0.059674178372639775,2.275097436276722,34.630111700302976
0.0,0.4,0.25,0.2,0.15,1.7074469750441845,0.051686485577470624,0.06561347687760999,2.269158137771752,34.06099012627432
0.1,0.2,0.5,0.1,0.1,1.7074472809307681,0.05171812824992857,0.06584731190393267,2.268924302745429,34.0265607045652
0.1,0.35,0.35,0.15,0.05,1.707447943989624,0.05170379726976881,0.06504484463415428,2.2697267700152075,34.063634151996084
0.15,0.2,0.5,0.1,0.05,1.707448038617425,0.0516862691007486,0.06526124076513073,2.269510373884231,34.064599454816005
0.15,0.25,0.45,0.15,0.0,1.707448613750866,0.05168344687873153,0.06492670762377695,2.269844907025585,34.09748948783874
0.45,0.0,0.45,0.0,0.1,1.7074489668698343,0.051152721205948444,0.061536215016041895,2.27323539963332,34.4379883582878
0.25,0.1,0.55,0.05,0.05,1.707449476195232,0.05155759280489355,0.06438881260528939,2.2703828020440726,34.14561459146614
0.15,0.2,0.5,0.05,0.1,1.7074496040933986,0.051685011697942686,0.06536188847784952,2.2694097261715123,34.03444592339922
0.5,0.1,0.25,0.15,0.0,1.7074500283578835,0.05100058299328605,0.05964164742176492,2.275129967227597,34.671833616101615
0.45,0.2,0.25,0.05,0.05,1.7074501876656663,0.05114793228193515,0.06050043749494516,2.2742711771544166,34.477033244123945
0.15,0.3,0.4,0.15,0.0,1.707450481179265,0.05167844964690575,0.06469287445233096,2.2700787401970306,34.09980095507072
0.2,0.4,0.25,0.05,0.1,1.7074506027174827,0.05156523179670019,0.06357170960061609,2.2711999050487455,34.12023154393493
0.3,0.35,0.25,0.05,0.05,1.7074506236912557,0.05143617846412579,0.06236475151774812,2.2724068631316134,34.235190375732486
0.5,0.0,0.35,0.0,0.15,1.7074508237604862,0.050992937228213985,0.06041137210645542,2.2743602425429064,34.57424182190956
0.0,0.3,0.35,0.3,0.05,1.707451006790426,0.05169739493681139,0.0658806086370245,2.2688910060123373,34.117257736800575
0.0,0.4,0.25,0.15,0.2,1.7074511182438132,0.05168645572582931,0.0657141745588925,2.269057440090469,34.03141263575708
0.35,0.2,0.4,0.05,0.0,1.7074511710707072,0.05141028333493977,0.062479962577478565,2.272291652071883,34.26787757627096
0.05,0.25,0.45,0.15,0.1,1.707451196188074,0.05174304539328919,0.06609895640277208,2.2686726582465897,34.021522765322345
0.2,0.0,0.6,0.0,0.2,1.7074518866380552,0.05153550241712461,0.06527508818053684,2.269496526468825,34.114311159548116
0.35,0.15,0.45,0.05,0.0,1.7074524470652384,0.05141370951803515,0.06271381653772501,2.2720577981116366,34.26590164035488
0.05,0.25,0.45,0.1,0.15,1.7074530090486495,0.051742847341978204,0.06619958839508167,2.2685720262542803,33.99168130652116
0.1,0.05,0.55,0.3,0.0,1.7074532534986155,0.05159587882154268,0.0656101342745532,2.269161480374809,34.22269403107095
0.15,0.4,0.25,0.0,0.2,1.70745375258839,0.05159767888792626,0.06425826626155717,2.2705133483878046,34.05314417112896
0.35,0.2,0.4,0.0,0.05,1.7074543546235186,0.05140696866462314,0.0625807428453602,2.2721908718040016,34.237226369777666
0.2,0.0,0.6,0.2,0.0,1.7074545361497826,0.051536676121281426,0.06487278969063781,2.269898824958724,34.23557630976835
0.25,0.35,0.3,0.05,0.05,1.7074547859233342,0.05153523314099071,0.06321975116784162,2.27155186348152,34.15646549765183
0.35,0.15,0.45,0.0,0.05,1.7074548639435747,0.05141065484384504,0.06281456566899268,2.271957048980369,34.23522450254235
0.1,0.35,0.35,0.05,0.15,1.7074551548368655,0.05170104044150052,0.06524628117651199,2.26952533347285,34.003770446493355
0.1,0.45,0.2,0.15,0.1,1.707455259934255,0.051626088906424866,0.06430867827104336,2.270462936378318,34.10795503043328
0.3,0.35,0.25,0.1,0.0,1.7074554391403505,0.051439408186942176,0.06226433105973794,2.272507283589624,34.26639319231356
0.1,0.0,0.6,0.1,0.2,1.7074555409852,0.05159932614820282,0.06624680778470049,2.2685248068646615,34.09895996098144
0.15,0.25,0.45,0.0,0.15,1.7074556112823656,0.05167889415204554,0.0652287526056643,2.2695428620436973,34.00710322636564
0.45,0.2,0.25,0.1,0.0,1.7074556535216399,0.05115149049886904,0.060399992762181665,2.2743716218871803,34.50864986758931
0.15,0.35,0.35,0.1,0.05,1.7074559384131613,0.05167049562610325,0.06455983412957367,2.270211780519788,34.07161391400778
0.1,0.2,0.5,0.15,0.05,1.7074560181598912,0.051718519030482094,0.06574711343982531,2.2690245012095365,34.05734380984629
0.05,0.35,0.35,0.15,0.1,1.7074565073284789,0.05173208167715195,0.06563116725117402,2.269140447398188,34.02640909872795
0.0,0.25,0.4,0.3,0.05,1.707456756780789,0.05170144177668006,0.0661149551612974,2.268656659488064,34.115172220521394
0.05,0.1,0.55,0.15,0.15,1.707457039477915,0.05168800209982365,0.06653291638735936,2.268238698262002,34.054597827650156
0.4,0.15,0.4,0.05,0.0,1.7074575876445146,0.051311235166803956,0.06185889525123378,2.272912719398128,34.347179699041554
0.1,0.0,0.6,0.2,0.1,1.7074579051861738,0.05159727061867305,0.06604576805497375,2.2687258465943883,34.15901392683093
0.1,0.3,0.4,0.2,0.0,1.7074581136969522,0.051710536906926514,0.06517864304653775,2.2695929716028242,34.09269335571293
0.1,0.2,0.5,0.05,0.15,1.7074586288216493,0.05171732407678399,0.0659483611628282,2.2688232534865334,33.99732253647832
0.25,0.1,0.55,0.1,0.0,1.707458676787706,0.05155915031564115,0.06428858921196423,2.2704830254373976,34.17684161321272
0.15,0.3,0.4,0.0,0.15,1.7074597774910176,0.051673116549635946,0.06499501293785936,2.269776601711502,34.00949307660417
0.15,0.35,0.35,0.05,0.1,1.707459802696108,0.05166845786462857,0.0646605753565741,2.2701110392927877,34.041538786814044
0.05,0.35,0.35,0.1,0.15,1.7074598526608773,0.05173136284708495,0.06573186180068347,2.2690397528486783,33.996619748693824
0.25,0.35,0.3,0.1,0.0,1.707460151860067,0.05153809364122728,0.06311937059453032,2.2716522440548315,34.18756237134721
0.25,0.0,0.6,0.0,0.15,1.7074602377093324,0.05149830177333842,0.06468912390026449,2.2700824907490973,34.15248136371167
0.2,0.4,0.25,0.15,0.0,1.7074603211023796,0.05157015529369995,0.06337093237806957,2.271400682271292,34.182081828845725
0.25,0.1,0.55,0.0,0.1,1.7074603580056684,0.051555619581915915,0.06448989215208534,2.2702817224972764,34.11593719869038
0.4,0.15,0.4,0.0,0.05,1.707460552960464,0.05130781098398094,0.06195968291585241,2.2728119317335094,34.316394803348444
0.1,0.45,0.2,0.1,0.15,1.7074606874364104,0.05162448146925118,0.06440947523237761,2.270362139416984,34.07811925782978
0.25,0.0,0.6,0.15,0.0,1.7074614487526043,0.05150116225984924,0.06438731291062672,2.2703843017387353,34.24386551788564
0.05,0.3,0.4,0.2,0.05,1.7074614540436852,0.05173827685876049,0.06576482088930469,2.269006793760057,34.054765497460906
0.2,0.25,0.45,0.05,0.05,1.7074615033932448,0.051645028669226344,0.06454241896182644,2.270229195687535,34.0753981829977
0.1,0.25,0.45,0.2,0.0,1.7074615717677586,0.051715182802271595,0.06541276418379915,2.2693588504655624,34.09062335083003
0.5,0.1,0.25,0.0,0.15,1.7074616563347405,0.0509906088929144,0.05994423030379159,2.27482738434557,34.578925427874964
0.25,0.4,0.2,0.0,0.15,1.7074624764548831,0.051464934952554685,0.06281805830008369,2.271953556349278,34.16954799186712
0.0,0.1,0.5,0.3,0.1,1.7074628519851835,0.05164243807775875,0.06654907231436935,2.2682225423349927,34.14965458678414
0.0,0.4,0.25,0.25,0.1,1.7074629171548372,0.05168610915938395,0.06551363922773445,2.2692579754216275,34.09211623730421
0.05,0.45,0.2,0.15,0.15,1.7074647870553665,0.051653561768193405,0.064894941920971,2.2698766727283908,34.071261920251274
0.45,0.2,0.25,0.0,0.1,1.7074647933369609,0.051143962246871906,0.06060173134858848,2.2741698833007735,34.44698217555619
0.0,0.35,0.3,0.3,0.05,1.7074650711272141,0.051692021671403354,0.06564716709910723,2.2691244475502543,34.1204660739886
0.15,0.05,0.6,0.1,0.1,1.707465483687328,0.051630734637228816,0.06569546623467537,2.2690761484146864,34.09806673277135
0.4,0.1,0.45,0.05,0.0,1.7074657597094545,0.05131352491800357,0.062093046848592515,2.272678567800769,34.3456137287564
0.3,0.35,0.25,0.0,0.1,1.70746588405764,0.05143253905288338,0.06246602394066003,2.2723055907087018,34.20554121961175
0.15,0.2,0.5,0.15,0.0,1.707466558603038,0.05168711253919159,0.06516144402377266,2.2696101706255893,34.096301544451386
0.05,0.1,0.55,0.1,0.2,1.7074668851489436,0.05168867069443765,0.06663389603847003,2.268137718610892,34.02549475587692
0.05,0.1,0.55,0.2,0.1,1.7074672821860835,0.05168692069820853,0.06643281138447543,2.2683388032648866,34.0852462377469
0.5,0.15,0.2,0.1,0.05,1.7074674223268098,0.05099503012099165,0.059509379292486564,2.275262235356875,34.64328453036049
0.4,0.1,0.45,0.0,0.05,1.7074679577279273,0.051310360876265226,0.06219380310119327,2.2725778115481683,34.31480287219402
0.0,0.15,0.5,0.2,0.15,1.707468062779177,0.05170933404735598,0.06678489574131419,2.2679867189080474,34.05029410037132
0.0,0.15,0.5,0.15,0.2,1.7074683715805183,0.05171060794400766,0.06688543499165811,2.2678861796577037,34.020586386346864
0.2,0.25,0.45,0.1,0.0,1.7074689538650403,0.05164699923703169,0.06444214162321149,2.27032947302615,34.10644484006952
0.05,0.3,0.4,0.05,0.2,1.7074691894480556,0.05173689990385882,0.06606678767189123,2.2687048269774706,33.965316395353746
0.4,0.2,0.35,0.05,0.0,1.7074692207746285,0.0513076115316792,0.06162564255615943,2.2731459720932023,34.349875034776886
0.2,0.3,0.4,0.05,0.05,1.7074694596768514,0.05163942077024546,0.06430890303294445,2.2704627116164176,34.077978180680645
0.1,0.3,0.4,0.0,0.2,1.7074694681575955,0.05170606288315239,0.06558137508534312,2.2691902395640184,33.97285361763113
0.05,0.25,0.45,0.2,0.05,1.7074694716293353,0.05174283303088117,0.06599919901140283,2.268772415637959,34.052909619537644
0.25,0.35,0.3,0.0,0.1,1.7074694980081895,0.05153196254018143,0.06332098518074414,2.2714506294686174,34.12691852191024
0.05,0.45,0.2,0.2,0.1,1.7074696613398042,0.051654308111767445,0.0647946152059955,2.269976999443366,34.101729013593896
0.35,0.25,0.35,0.05,0.0,1.7074696994565652,0.05140552433421659,0.06224700702728825,2.2725246076220733,34.270982151400574
0.1,0.25,0.45,0.0,0.2,1.707469859470475,0.05171175004460686,0.0658153703478277,2.268956244301534,33.97067858948975
0.1,0.45,0.2,0.2,0.05,1.7074699150055799,0.051627290902880006,0.06420875224155553,2.2705628624078065,34.13934015291928
0.15,0.2,0.5,0.0,0.15,1.7074712520514161,0.05168334094963107,0.06546339256702893,2.2693082220823326,34.00583489380135
0.3,0.2,0.45,0.05,0.0,1.7074713854753825,0.051511145690276774,0.06333581212542105,2.271435802523941,34.189877774998784
0.5,0.15,0.2,0.05,0.1,1.7074720632268803,0.05099144541133338,0.05961026781734824,2.2751613468320135,34.61234114878957
0.15,0.35,0.35,0.15,0.0,1.7074721569189861,0.05167212282410797,0.06445994223213392,2.270311672417228,34.10323778508616
0.4,0.2,0.35,0.0,0.05,1.707472951696353,0.051303927536264504,0.06172646070173449,2.2730451539476273,34.31911546160569
0.05,0.35,0.35,0.2,0.05,1.7074732484970734,0.0517323923849052,0.06553134619840018,2.269240268450962,34.05774398919481
0.2,0.2,0.5,0.05,0.05,1.7074733548338252,0.05164930475534258,0.06477683544687252,2.2699947792024893,34.073942111772695
0.35,0.1,0.5,0.05,0.0,1.7074735313455984,0.05141580086972334,0.06294857123052511,2.271823043418837,34.265052584483655
0.35,0.25,0.35,0.0,0.05,1.707473647988771,0.0514019499896986,0.06234781750185814,2.2724237971475034,34.24035624295576
0.3,0.2,0.45,0.0,0.05,1.7074740184640675,0.051508200440061436,0.06343655254249403,2.2713350621068678,34.159330515422354
0.2,0.25,0.45,0.0,0.1,1.7074741348533298,0.05164264531504435,0.06464355230721153,2.2701280623421503,34.04589769966235
0.15,0.45,0.2,0.1,0.1,1.7074741486483727,0.05159316713552418,0.06382422671362242,2.270947387935739,34.11627657300336
0.1,0.35,0.35,0.2,0.0,1.7074744666583863,0.05170456194845881,0.06494542458745789,2.269826190061904,34.095887682806804
0.05,0.25,0.45,0.05,0.2,1.707474905658231,0.05174223760157474,0.0663010704754039,2.268470544173958,33.963381364363215
0.2,0.05,0.6,0.05,0.1,1.7074750758808328,0.051595901194027606,0.06521018666868184,2.2695614279806797,34.10654515542096
0.15,0.05,0.6,0.05,0.15,1.7074750790973585,0.0516303420710162,0.0657964602584602,2.2689751543909016,34.06865270357145
0.35,0.1,0.5,0.0,0.05,1.7074751798280472,0.051413006497158305,0.06304928827118728,2.2717223263781747,34.23434885079256
0.2,0.05,0.6,0.1,0.05,1.7074752637919357,0.051596745966015746,0.0651095947045941,2.269662019944768,34.136877535191296
0.1,0.1,0.55,0.25,0.0,1.7074757356603647,0.051659494641136165,0.06574631048539104,2.2690253041639705,34.154473263904364
0.2,0.4,0.25,0.0,0.15,1.707475860226252,0.0515621571794096,0.06367337462421974,2.2710982400251423,34.09162899565102
0.15,0.05,0.6,0.15,0.05,1.7074759737960448,0.05163071092097178,0.06559532328224593,2.269176291367116,34.12902928239286
0.2,0.3,0.4,0.1,0.0,1.7074761438554429,0.051641651835044294,0.06420859455421235,2.2705630200951497,34.108998875276384
0.3,0.25,0.4,0.05,0.0,1.7074770033704667,0.05150658394618081,0.06310225440636041,2.2716693602430014,34.192264249151826
0.4,0.3,0.2,0.05,0.05,1.7074776833043486,0.051240369530333625,0.06088954502918287,2.273882069620179,34.39810513482698
0.05,0.2,0.5,0.15,0.1,1.707478260090853,0.051746533144405076,0.06633420695682091,2.2684374076925407,34.020760714925046
0.15,0.45,0.2,0.15,0.05,1.7074785031280268,0.05159523001110881,0.06372383120960712,2.2710477834397547,34.14703117566573
0.1,0.4,0.3,0.1,0.1,1.7074791967111205,0.05169479996518017,0.06491288050668631,2.2698587341426757,34.037300108320224
0.05,0.2,0.5,0.1,0.15,1.7074793040222864,0.05174659582303591,0.06643480617646813,2.2683368084728937,33.99089219162759
0.05,0.05,0.55,0.3,0.05,1.7074799930482816,0.05162026907566703,0.06619770311853301,2.2685739115308285,34.185932044604144
0.05,0.45,0.2,0.1,0.2,1.7074799949001709,0.0516524106146558,0.06499613941702909,2.2697754752323327,34.04234068971394
0.3,0.25,0.4,0.0,0.05,1.707480402409876,0.051503378838225485,0.0632030256909093,2.2715685889584525,34.16174289684438
0.15,0.0,0.6,0.25,0.0,1.707480927171966,0.05156747232671678,0.06535974794451338,2.269411866704848,34.22938379298391
0.05,0.4,0.25,0.3,0.0,1.7074814252472952,0.051662693764680245,0.06482788959889363,2.269943725050468,34.161648942050064
0.2,0.2,0.5,0.1,0.0,1.707481573305817,0.0516510145673755,0.06467659024851025,2.2700950244008515,34.10501544311744
0.4,0.3,0.2,0.1,0.0,1.7074821675213463,0.05124407802384144,0.060789078301553445,2.273982536347808,34.429556266212344
0.5,0.05,0.35,0.05,0.05,1.707482319528061,0.051050610859084966,0.06034753597540443,2.2744240786739574,34.5593827703677
0.0,0.2,0.45,0.3,0.05,1.707482325033593,0.05170416014343805,0.06635020904431532,2.2684214056050465,34.11420778309441
0.5,0.15,0.2,0.15,0.0,1.7074828516843858,0.0509982025903523,0.05940933189489339,2.275362282754468,34.67580482971821
0.2,0.3,0.4,0.0,0.1,1.7074828565217883,0.051636778058977144,0.06441006699796392,2.270361547651398,34.04850374579469
0.05,0.35,0.35,0.05,0.2,1.7074832799513016,0.05173023462367322,0.06583340536340399,2.268938209285958,33.968372076982455
0.15,0.35,0.35,0.0,0.15,1.7074837467931208,0.05166601017789347,0.06476217136164797,2.270009443287714,34.01300637259847
0.35,0.35,0.2,0.05,0.05,1.707484720674333,0.051335318570393564,0.06151127841030002,2.273260336239062,34.31791667359437
0.1,0.2,0.5,0.2,0.0,1.7074848448609976,0.05171849767562167,0.06564779036569934,2.269123824283662,34.08967594145727
0.1,0.4,0.3,0.15,0.05,1.707484868817145,0.051696233765065464,0.0648125570280238,2.269959057621338,34.06797963463522
0.15,0.15,0.55,0.1,0.05,1.7074850292354609,0.05168886303125465,0.06549684918173337,2.269274765467628,34.0645060440944
0.2,0.2,0.5,0.0,0.1,1.7074852191164396,0.05164718104464537,0.06487793724141944,2.2698936774079423,34.0444149688777
0.3,0.15,0.5,0.05,0.0,1.7074855749920026,0.051514373723810035,0.0635702701399865,2.2712013445093753,34.188617573869564
0.15,0.15,0.55,0.05,0.1,1.7074858248846303,0.05168786624631234,0.06559746374849107,2.269174150900871,34.03432502190212
0.1,0.45,0.2,0.05,0.2,1.7074861929981358,0.05162246737769257,0.06451111868826209,2.2702604959610997,34.04982896817797
0.55,0.0,0.2,0.15,0.1,1.7074868113524637,0.05078640915530139,0.05871590432351703,2.2760557103258447,34.86978191560099
0.05,0.15,0.5,0.3,0.0,1.7074873886469242,0.05168337064110324,0.06599834347390887,2.268773271175453,34.15014274963937
0.3,0.15,0.5,0.0,0.05,1.7074874402036475,0.05151168862915869,0.06367097873614047,2.2711006359132213,34.15804374771933
0.0,0.15,0.5,0.25,0.1,1.7074878436611478,0.05170764819989445,0.0666852194188352,2.268086395230527,34.08155018130343
0.1,0.05,0.6,0.1,0.15,1.7074884848944845,0.051661327978305006,0.0662827611947523,2.2684888534546097,34.06163081023712
0.5,0.1,0.3,0.05,0.05,1.7074885144938756,0.05104914933855662,0.06011403473082777,2.274657579918534,34.56176330736597
0.1,0.15,0.55,0.1,0.1,1.7074888311069094,0.05172063398056299,0.06608317748727255,2.2686884371620892,34.0266790592125
0.05,0.4,0.3,0.15,0.1,1.707488874525657,0.0517246097874866,0.06539862418660047,2.2693729904627613,34.030537206675966
0.1,0.35,0.35,0.0,0.2,1.7074888808488096,0.051699047686515696,0.06534827863753989,2.2694233360118217,33.97615038093183
0.35,0.35,0.2,0.1,0.0,1.707488988691753,0.051338917427207816,0.06141082005245835,2.273360794596903,34.3492299177824
0.1,0.05,0.6,0.15,0.1,1.707489192928867,0.051660851798028665,0.06618221697746329,2.2685893976718985,34.09167580143
0.1,0.0,0.6,0.25,0.05,1.7074892218961484,0.05159562005187716,0.06594654870210759,2.2688250659472544,34.191370930422366
0.5,0.05,0.35,0.1,0.0,1.707489539051898,0.051053757353338496,0.06024714723516045,2.274524467414201,34.59119452673021
0.0,0.3,0.4,0.15,0.15,1.707489850345913,0.05176303422871334,0.06645261353330945,2.268319001116052,33.98876604194764
0.15,0.45,0.2,0.05,0.15,1.7074898726165122,0.05159069701993187,0.06392546890615347,2.2708461457432083,34.087071009397825
0.1,0.2,0.5,0.0,0.2,1.707490058658855,0.05171610713761431,0.06605026668870062,2.2687213479606614,33.96962345336528
0.55,0.0,0.2,0.1,0.15,1.7074902807562657,0.05078381399563134,0.05881677052251599,2.275954844126846,34.838692801338695
0.3,0.0,0.6,0.05,0.05,1.7074914661615679,0.0514595238920354,0.06400352215508076,2.270768092494281,34.222864167651345
0.05,0.4,0.3,0.1,0.15,1.707492983458541,0.05172363094615911,0.06549934857174144,2.2692722660776203,34.00077295924214
0.4,0.3,0.2,0.0,0.1,1.7074932710959625,0.05123625106526611,0.06099086139439547,2.2737807532549663,34.36821567561663
0.0,0.0,0.55,0.25,0.2,1.7074933972390232,0.051578475283062745,0.06685083877658049,2.2679207758727813,34.15988148330223
0.1,0.4,0.3,0.05,0.15,1.7074936060650585,0.051692957363604,0.06501405267921201,2.2697575619701498,34.008165906208966
0.4,0.05,0.5,0.05,0.0,1.7074937408699005,0.05131447877794086,0.06232809978454035,2.2724435148648214,34.34517551952112
0.05,0.45,0.2,0.25,0.05,1.707494620316333,0.05165464876307709,0.06469514825675193,2.27007646639261,34.133748502109555
0.5,0.1,0.3,0.1,0.0,1.7074949673620217,0.05105255649126008,0.06001361506678493,2.274757999582577,34.5935501906798
0.2,0.05,0.6,0.0,0.15,1.707494970785843,0.05159464020690339,0.06531163528794504,2.2694599793614167,34.07775888566295
0.4,0.05,0.5,0.0,0.05,1.7074951698724796,0.051311575190009194,0.06242882366995084,2.272342790979411,34.314338032260096
0.5,0.05,0.35,0.0,0.1,1.7074951716005102,0.05104704971132206,0.06044877404165372,2.274322840607708,34.52914081003225
0.2,0.05,0.6,0.15,0.0,1.7074955375012206,0.051597173898037446,0.06500985401821624,2.2697617606311455,34.16876213626226
0.5,0.0,0.4,0.05,0.05,1.707495929604756,0.051050738287093764,0.06058193627301112,2.2741896783763504,34.55813440866751
0.45,0.1,0.4,0.05,0.0,1.7074962478587605,0.05120943745821026,0.06123904935165836,2.273532565297703,34.43022498792568
0.5,0.15,0.2,0.0,0.15,1.7074967714313023,0.050987449237430635,0.05971200297215318,2.2750596116772086,34.58296837662837
0.2,0.35,0.35,0.05,0.05,1.7074972197593272,0.051632483076201295,0.06407628549484912,2.2706953291545124,34.08168408843447
0.05,0.2,0.5,0.2,0.05,1.7074973052360627,0.05174605894786495,0.06623448299497725,2.2685371316543845,34.05217471123002
0.0,0.05,0.55,0.2,0.2,1.7074974721190825,0.05164627515208889,0.06698598499695829,2.2677856296524035,34.089006289364775
0.0,0.3,0.4,0.2,0.1,1.7074975778315948,0.05176262912302882,0.06635242381649498,2.2684191908328666,34.01921250069118
0.05,0.1,0.55,0.25,0.05,1.7074976158475157,0.051685425650513345,0.06633357011766083,2.2684380445317007,34.117446575041754
0.0,0.35,0.35,0.15,0.15,1.7074978504260923,0.05175697998035682,0.0662189127280457,2.2685527019213163,33.99155590241886
0.15,0.4,0.3,0.1,0.05,1.7074981824107547,0.051662580565756906,0.06432783061069491,2.270443784038667,34.07620304518882
0.1,0.15,0.55,0.15,0.05,1.707498338982185,0.05172076344584485,0.06598301284374819,2.2687886018056136,34.05748987267202
0.0,0.4,0.25,0.3,0.05,1.7074989459119516,0.051685324162076725,0.0654146285176116,2.26935698613175,34.124799455369455
0.45,0.1,0.4,0.0,0.05,1.7074989922367863,0.0512059038853775,0.06133984284585492,2.273431771803507,34.39930252931786
0.05,0.3,0.4,0.25,0.0,1.707499051327252,0.05173791602566529,0.06566589427066893,2.269105720378693,34.08767814168213
0.1,0.15,0.55,0.05,0.15,1.7074994090555609,0.05172009004439421,0.06618419362453065,2.268587421024831,33.99741333670413
0.05,0.2,0.5,0.05,0.2,1.7075004324705767,0.051746245706887045,0.06653625612540215,2.2682353585239596,33.96256525426023
0.35,0.35,0.2,0.0,0.1,1.7075005260619411,0.051331310470074,0.061612587375788896,2.273159027273573,34.28816116966382
0.4,0.25,0.3,0.05,0.0,1.7075006552436918,0.051302656124051695,0.06139328666446664,2.2733783279848954,34.353701837893055
0.45,0.15,0.35,0.05,0.0,1.7075009835490733,0.051206950080234535,0.06100549812764178,2.27376611652172,34.43251169259018
0.55,0.0,0.25,0.1,0.1,1.7075012321716718,0.050838708433072345,0.0590868082325271,2.2756848064168347,34.78331728555165
0.3,0.0,0.6,0.0,0.1,1.707501359466983,0.051457701694955164,0.06410457636923805,2.2706670382801235,34.19303213594766
0.3,0.0,0.6,0.1,0.0,1.7075016545846053,0.051460928664321844,0.06390332386286546,2.2708682907864963,34.25424970624278
0.0,0.25,0.45,0.15,0.15,1.7075016614144778,0.05176776116223193,0.06668721761397056,2.268084397035391,33.987096547414964
0.5,0.1,0.3,0.0,0.1,1.7075021323323132,0.05104532862128485,0.060215303202733494,2.274556311446628,34.53154631819579
0.0,0.45,0.2,0.2,0.15,1.7075021830332646,0.05167794245887901,0.06538189828671159,2.2693897163626504,34.06649856007718
0.0,0.3,0.4,0.1,0.2,1.7075022096858778,0.051763030695574,0.06655367721876249,2.2682179374305993,33.95986168685042
0.3,0.3,0.35,0.05,0.0,1.707502424757992,0.05150069050857315,0.06286959477060061,2.271902019878761,34.19577891081792
0.15,0.4,0.3,0.05,0.1,1.707502809499723,0.05166028324439741,0.06442860111842119,2.2703430135309404,34.04615279594881
0.45,0.25,0.2,0.05,0.05,1.707502879765168,0.051142674859143235,0.06026902683940216,2.27450258780996,34.48208975294507
0.15,0.45,0.2,0.2,0.0,1.7075029403628887,0.051596886842287776,0.06362430689874876,2.271147307750613,34.17933888724644
0.2,0.35,0.35,0.1,0.0,1.7075031393239912,0.051634974361235764,0.06397594685129926,2.2707956677980627,34.11267950230279
0.55,0.0,0.2,0.2,0.05,1.70750341136392,0.05078859204974507,0.05861590056817323,2.2761557140811886,34.90245867621769
0.5,0.0,0.4,0.1,0.0,1.7075039174184805,0.051053623789774995,0.060481579414926934,2.2742900352344346,34.589971717276335
0.15,0.15,0.55,0.15,0.0,1.7075043197711024,0.051689444772956006,0.06539708627299468,2.269374528376367,34.09623576321212
0.45,0.15,0.35,0.0,0.05,1.7075044941581603,0.051203156549374795,0.06110632238314384,2.2736652922662177,34.401614586014595
0.1,0.45,0.2,0.25,0.0,1.7075046550223392,0.051628086590677275,0.06410968619582547,2.2706619284535363,34.17228136360286
0.15,0.05,0.6,0.0,0.2,1.7075047568504855,0.05162953385409276,0.06589831079834307,2.2688733038510187,34.04078128908878
0.0,0.35,0.35,0.2,0.1,1.7075048116744056,0.05175683592871127,0.06611869164778339,2.2686529230015786,34.021976557677846
0.05,0.4,0.3,0.2,0.05,1.707504851064821,0.0517251816944535,0.06529877284968322,2.2694728417996783,34.061847218289245
0.2,0.15,0.55,0.05,0.05,1.7075050179774776,0.051652247130832066,0.06501215499232837,2.2697594596570334,34.07360846561308
0.4,0.25,0.3,0.0,0.05,1.707505150102397,0.051298712660536656,0.06149413438276996,2.273277480266592,34.322966981857476
0.15,0.05,0.6,0.2,0.0,1.707506553772805,0.05163027213257671,0.06549605602394348,2.2692755586254183,34.16154448973213
0.3,0.3,0.35,0.0,0.05,1.7075065881478522,0.05149722585785801,0.06297039599322707,2.271801218656135,34.16528283760468
0.15,0.15,0.55,0.0,0.15,1.7075067037348202,0.05168645503141275,0.06569893536276528,2.2690726792865963,34.00568663164348
0.0,0.45,0.2,0.15,0.2,1.707507087834398,0.05167765259406798,0.06548262476631339,2.2692889898830484,34.03694524298702
0.05,0.0,0.6,0.15,0.2,1.7075073244152876,0.05162416701026836,0.06673488079065737,2.2680367338587044,34.09441618034502
0.45,0.25,0.2,0.1,0.0,1.7075075827817505,0.051146492892479245,0.060168553328058705,2.274603061321303,34.513682800712886
0.05,0.25,0.45,0.25,0.0,1.7075078377547404,0.05174220943056872,0.06590030534941405,2.2688713092999477,34.08584860886492
0.25,0.05,0.6,0.05,0.05,1.7075078484747488,0.05155806208978071,0.06462533312993801,2.2701462815194238,34.14681522735795
0.1,0.05,0.6,0.05,0.2,1.7075078618375614,0.0516613884590569,0.06638415638784756,2.2683874582615142,34.033130909711076
0.5,0.0,0.4,0.0,0.1,1.7075080141894068,0.051047437067237564,0.060683143043057,2.274088471606305,34.52786690036572
0.35,0.3,0.3,0.05,0.0,1.7075080283568065,0.05139943463625641,0.06201494789968587,2.272756666749676,34.27521762099121
0.55,0.0,0.25,0.15,0.05,1.7075080890514882,0.050841385945147505,0.05898637940271034,2.2757852352466514,34.81522297863933
0.0,0.05,0.55,0.25,0.15,1.7075084535830012,0.051643980809121866,0.06688592953161687,2.267885685117745,34.11950009844554
0.05,0.0,0.6,0.2,0.15,1.7075087703728495,0.05162247867389767,0.06663439806500104,2.2681372165843605,34.12430196114241
0.1,0.05,0.6,0.2,0.05,1.707509990497265,0.05165996114900677,0.06608254829189031,2.2686890663574717,34.12326981716587
0.05,0.35,0.35,0.25,0.0,1.707510078545384,0.05173229413479864,0.06543238774108806,2.269339226908274,34.09063114362493
0.0,0.25,0.45,0.2,0.1,1.707510156889822,0.05176709479408919,0.0665870602874683,2.2681845543618935,34.01756952163561
0.1,0.4,0.3,0.2,0.0,1.7075106267157485,0.05169726001288297,0.06471310677984676,2.270058507869515,34.10020854071331
0.0,0.35,0.35,0.1,0.2,1.7075109750790607,0.05175671655324823,0.06632000724691456,2.2684516074024472,33.96267745796325
0.45,0.05,0.45,0.05,0.0,1.7075113181090726,0.051210589940825085,0.061473500137679604,2.2732981145116824,34.42906864994518
0.2,0.35,0.35,0.0,0.1,1.7075113802228854,0.05162958131257827,0.06417747917259464,2.270594135476767,34.052235121530884
0.35,0.3,0.3,0.0,0.05,1.7075127401958512,0.051395600956072617,0.06211578767380943,2.2726558269755524,34.24461641010916
0.0,0.25,0.45,0.1,0.2,1.7075132536043498,0.05176801775963764,0.06678824950858342,2.267983365140778,33.95816566985759
0.45,0.05,0.45,0.0,0.05,1.7075132945659581,0.0512073166607722,0.061574261937783925,2.273197352711578,34.398120195899
0.15,0.4,0.3,0.15,0.0,1.707513637047088,0.05166446851317769,0.0642279090227158,2.270543705626646,34.10780230266313
0.55,0.0,0.2,0.05,0.2,1.7075138151882585,0.05078080578680707,0.05891847474481593,2.275853139904546,34.8091871201251
0.2,0.15,0.55,0.1,0.0,1.7075140061889411,0.05165369594644739,0.06491194296070524,2.2698596716886565,34.10470921189188
0.35,0.05,0.55,0.05,0.0,1.7075144278755385,0.05141655548435509,0.06318422932000067,2.271587385329361,34.26532913682733
0.55,0.0,0.25,0.05,0.15,1.707514442970762,0.05083561687094121,0.05918807675001103,2.275583537899351,34.752993942975735
0.5,0.15,0.25,0.05,0.05,1.707514510699331,0.05104635590375875,0.05988143036925475,2.274890184280107,34.5652780808564
0.0,0.0,0.55,0.3,0.15,1.7075148973792365,0.05157541910358724,0.06675119848872568,2.268020416160636,34.1911435796367
0.25,0.4,0.25,0.05,0.05,1.7075152546793615,0.05152677267953285,0.06298863117820219,2.2717829834711596,34.16201933432957
0.35,0.05,0.55,0.0,0.05,1.7075153062101212,0.051414021702554324,0.06328491329058661,2.271486701358775,34.234598112660024
0.2,0.15,0.55,0.0,0.1,1.7075161132593464,0.05165038333157672,0.0651132242791237,2.269658390370238,34.04405402270277
0.55,0.05,0.2,0.1,0.1,1.7075164735722184,0.050838424900965073,0.0588536729319693,2.2759179417173927,34.78627611442453
0.05,0.4,0.3,0.05,0.2,1.7075171733235552,0.05172224390231959,0.06560092153544761,2.269170693113914,33.97255062227782
0.0,0.45,0.2,0.25,0.1,1.7075173624100541,0.05167782727456536,0.06528203146622902,2.269489583183133,34.09760085130533
0.25,0.05,0.6,0.1,0.0,1.7075178211703181,0.05155935823423471,0.06452514422744127,2.2702464704219203,34.178070485274844
0.25,0.05,0.6,0.0,0.1,1.7075179588050058,0.05155634919140417,0.06472637893672584,2.2700452357126357,34.117109845915124
0.45,0.25,0.2,0.0,0.1,1.7075182471760832,0.05113844616625036,0.060370349110507204,2.2744012655388546,34.45206259589246
0.3,0.1,0.55,0.05,0.0,1.7075195758935595,0.051516266141189294,0.06380563100164571,2.270965983647716,34.188482217264585
0.25,0.4,0.25,0.1,0.0,1.7075198586591078,0.051529892888653187,0.06288822204908806,2.271883392600274,34.19309217239126
0.5,0.15,0.25,0.1,0.0,1.7075201985235529,0.05105002336716429,0.05978098071723292,2.274990633932129,34.59704073607419
0.2,0.45,0.2,0.1,0.05,1.7075203745856773,0.051558463737804316,0.0632403916000408,2.2715312230493208,34.15681981429009
0.3,0.1,0.55,0.0,0.05,1.7075206715715519,0.051513841482768545,0.06390630679797682,2.270865307851385,34.15788113537735
0.55,0.05,0.2,0.15,0.05,1.7075225644200622,0.05084136323283067,0.058753213639989754,2.276018401009372,34.81815778243458
0.25,0.25,0.45,0.05,0.0,1.7075225797234348,0.05160583569252994,0.06395903715854301,2.270812577490819,34.11749055708651
0.3,0.4,0.2,0.05,0.05,1.7075239969670803,0.05142752395347387,0.06213423035914323,2.2726373842902188,34.241468446075416
0.05,0.15,0.55,0.15,0.1,1.7075251423153963,0.051748688996162924,0.06657036504753622,2.268201249601826,34.0211176515442
0.0,0.3,0.4,0.25,0.05,1.7075253947148041,0.051761814535639876,0.06625309711488314,2.2685185175344786,34.05120758986886
0.05,0.15,0.55,0.1,0.15,1.707525415475911,0.051749012606356476,0.06667093046185468,2.268100684187507,33.99122135342039
0.25,0.25,0.45,0.0,0.05,1.707525426016092,0.05160299984313404,0.06405976724594553,2.2707118474034163,34.087069372993184
0.45,0.2,0.3,0.05,0.0,1.7075255213253948,0.05120312990666836,0.060772844251872904,2.2739987703974887,34.435930713224415
0.0,0.4,0.3,0.15,0.15,1.7075256577688809,0.0517496005185975,0.06598611307170033,2.2687855015776615,33.99546819746805
0.15,0.45,0.2,0.0,0.2,1.7075256718684866,0.05158782035155124,0.06402756334692472,2.270744051302437,34.05940864705131
0.2,0.45,0.2,0.05,0.1,1.707526315381093,0.05155553846217453,0.06334123160386063,2.271430383045501,34.12669465346053
0.15,0.4,0.3,0.0,0.15,1.7075275153384977,0.051657577194694784,0.0645302260078382,2.270241388641524,34.017645532518195
0.0,0.15,0.5,0.3,0.05,1.7075277155605761,0.05170554812562033,0.06658637300752823,2.2681852416418335,34.114363155288
0.1,0.15,0.55,0.2,0.0,1.7075279370417544,0.051720479698170174,0.06588372430533274,2.268887890344029,34.089849874640194
0.3,0.4,0.2,0.1,0.0,1.707528051436359,0.05143101314703182,0.06203378197703979,2.272737832672322,34.27264779006347
0.1,0.4,0.3,0.0,0.2,1.7075280937097586,0.05169070661482333,0.0651160790748746,2.269655535574487,33.98057120988132
0.5,0.15,0.25,0.0,0.1,1.7075288926032364,0.05104227599043561,0.05998272837833696,2.2747888862710246,34.53508552100176
0.45,0.2,0.3,0.0,0.05,1.7075297964988359,0.05119907676797985,0.060873698358788975,2.273897916290573,34.4050583484479
0.25,0.2,0.5,0.05,0.0,1.707529876658823,0.051610199565195296,0.06419319990449956,2.270578414744862,34.11581867132119
0.1,0.15,0.55,0.0,0.2,1.707530069650209,0.051719132258013105,0.06628606671208126,2.2684855479372805,33.96968684442847
0.05,0.0,0.6,0.25,0.1,1.7075303063646836,0.051620375479944594,0.06653477865300284,2.268236835996359,34.15573989487135
0.55,0.05,0.2,0.05,0.15,1.7075304494705321,0.0508350736038616,0.05895497142298667,2.275816643226375,34.75597696572095
0.25,0.4,0.25,0.0,0.1,1.7075307275818603,0.05152324357533529,0.06308989340825444,2.2716817212411073,34.13249675333242
0.0,0.1,0.55,0.15,0.2,1.707531269507498,0.05171145100222371,0.06712240545563763,2.267649209193724,34.02177565714453
0.0,0.1,0.55,0.2,0.15,1.7075317330730262,0.051709915747521484,0.06702190096179605,2.2677497136875657,34.05151148934618
0.0,0.4,0.3,0.2,0.1,1.7075318545033458,0.05174971729383599,0.06588586162917132,2.2688857530201902,34.025863732331395
0.0,0.35,0.35,0.25,0.05,1.7075318613946489,0.05175628354924272,0.06601933303805718,2.2687522816113046,34.05394594251703
0.25,0.2,0.5,0.0,0.05,1.7075319557935438,0.05160762373133469,0.064293898434169,2.2704777162151926,34.08537094396827
0.0,0.2,0.5,0.15,0.15,1.7075332875747025,0.05177115881562856,0.0669227274379669,2.267848887211395,33.986545828394554
0.2,0.45,0.2,0.15,0.0,1.707534512362347,0.05156098121507886,0.06314039858846465,2.2716312160608974,34.18849784246386
0.55,0.0,0.25,0.2,0.0,1.7075350178065503,0.05084365022104657,0.05888681476284674,2.275884799886515,34.848715412697885
0.25,0.3,0.4,0.05,0.0,1.7075350892578265,0.05160013929457692,0.063725774438264,2.271045840211098,34.120288382712715
0.05,0.05,0.6,0.15,0.15,1.7075351983352645,0.051687600385428634,0.06677053782992926,2.2680010768194325,34.05669499408221
0.05,0.2,0.5,0.25,0.0,1.7075364418442445,0.05174517241426924,0.0661356234351762,2.2686359912141856,34.085140928488016
0.1,0.45,0.25,0.1,0.1,1.7075366852147165,0.05168565184344717,0.06468151965213309,2.2700900949972285,34.04279831396767
0.55,0.0,0.3,0.1,0.05,1.7075378424299967,0.05089319397088623,0.059357867540141385,2.27541374710922,34.73188237926248
0.25,0.3,0.4,0.0,0.05,1.7075387009752188,0.05159704371925461,0.0638265351298497,2.270945079519512,34.089893087816066
0.0,0.25,0.45,0.25,0.05,1.7075387426048927,0.05176601781808991,0.06648776659087074,2.2682838480584913,34.049591127393164
0.0,0.05,0.55,0.3,0.1,1.707539525285193,0.051641270978799565,0.06678670346266813,2.2679849111866934,34.151550901990035
0.0,0.4,0.3,0.1,0.2,1.7075395459251916,0.05174907745323435,0.06608723749169676,2.268684377157665,33.96661508134958
0.05,0.45,0.2,0.3,0.0,1.7075396651424466,0.051654581438916755,0.06459650803542227,2.2701751066139395,34.16732907240997
0.3,0.4,0.2,0.0,0.1,1.707540017116766,0.05142362628611335,0.06223553041238228,2.2725360842369797,34.211843192835026
0.55,0.0,0.2,0.25,0.0,1.7075400831514171,0.05079036169883116,0.05851674829031728,2.2762548663590447,34.93673026516143
0.1,0.0,0.6,0.3,0.0,1.707540630364623,0.051593551777943246,0.06584815980251424,2.2689234548468473,34.22529229063261
0.55,0.0,0.3,0.05,0.1,1.707540726594113,0.05089002008114018,0.059458698515774344,2.275312916133587,34.70074039784665
0.05,0.4,0.3,0.25,0.0,1.7075409154550458,0.051725345825166316,0.06519978364574275,2.269571831003619,34.09470970964844
0.05,0.45,0.25,0.15,0.1,1.7075410443144214,0.05171581414451158,0.06516697971227714,2.2696046349370844,34.03579196958508
0.4,0.0,0.55,0.05,0.0,1.7075415350904408,0.05131409484473342,0.06256405683980404,2.2722075578095575,34.34586395612501
0.1,0.45,0.25,0.15,0.05,1.7075415952632498,0.05168734574554826,0.06458116736021546,2.2701904472891465,34.0734536111393
0.15,0.1,0.6,0.1,0.05,1.7075418385377168,0.051690121999432376,0.06573336531568952,2.269038249333672,34.06553307980424
0.15,0.1,0.6,0.05,0.1,1.7075418625220637,0.05168938605028343,0.06583394570343826,2.2689376689459237,34.03532384206932
0.4,0.0,0.55,0.0,0.05,1.707542193327766,0.05131145200768397,0.06266474737733008,2.272106867272032,34.3149991380825
0.0,0.2,0.5,0.2,0.1,1.7075425528254158,0.0517702309955505,0.06682260355586167,2.2679490110935,34.01704605778836
0.0,0.2,0.5,0.1,0.2,1.7075441107456335,0.051771675760861745,0.06702372655774758,2.2677478880916144,33.95758778835525
0.05,0.05,0.6,0.1,0.2,1.7075442705233044,0.05168852985299592,0.06687148242202778,2.267900132227334,34.02756337360766
0.55,0.05,0.25,0.1,0.05,1.7075447267059427,0.050893019507126686,0.059124383271374814,2.275647231377987,34.73433558512452
0.2,0.4,0.3,0.05,0.05,1.707544779750818,0.051624217722738064,0.06384456451498233,2.2709270501343797,34.086518381378085
0.05,0.15,0.55,0.2,0.05,1.7075449589250438,0.051747952791135456,0.0664706756186848,2.268300939030677,34.05255959976351
0.05,0.15,0.55,0.05,0.2,1.707545773838391,0.051748922343780264,0.06677234731689796,2.267999267332464,33.962866809995774
0.05,0.45,0.25,0.1,0.15,1.7075459151226078,0.05171457556901163,0.06526773300289346,2.269503881646468,34.00605223152163
0.45,0.0,0.5,0.05,0.0,1.707546198205315,0.051210405530439145,0.06170885303978246,2.2730627616095793,34.42904122885054
0.05,0.05,0.6,0.2,0.1,1.7075462150871052,0.05168625707758747,0.06667046871884641,2.2681011459305154,34.08737227694093
0.45,0.0,0.5,0.0,0.05,1.707547405023789,0.051207392862740314,0.0618095821888307,2.272962032460531,34.398066104248684
0.3,0.35,0.3,0.05,0.0,1.7075476457545693,0.05149346750418602,0.06263783133910117,2.2721337833102604,34.20042416961212
0.55,0.0,0.25,0.0,0.2,1.7075477182997436,0.05083211206872187,0.05929019051154438,2.2754814241378174,34.72424674585113
0.05,0.1,0.55,0.3,0.0,1.7075480416163806,0.05168351471838989,0.06623515965371674,2.268536454995645,34.15120758193311
0.55,0.05,0.25,0.05,0.1,1.7075483770703874,0.05088958534220621,0.05922524483014069,2.275546369819221,34.70321812645102
0.55,0.05,0.2,0.2,0.0,1.70754872620698,0.05084388941093335,0.05865361803569069,2.276117996613671,34.85162635162782
0.2,0.4,0.3,0.1,0.0,1.7075499363572144,0.051626968933265384,0.06374419665844155,2.2710274179909202,34.11748916480555
0.1,0.1,0.6,0.1,0.1,1.707550200975866,0.051721805511873324,0.06631995165903781,2.2684516629903237,34.027916310243725
0.1,0.3,0.45,0.1,0.05,1.7075503827255676,0.05176957186676432,0.06565243016846911,2.2691191844808927,33.99928922021323
0.1,0.05,0.6,0.25,0.0,1.7075508799895045,0.0516586552085956,0.0659837443098723,2.2687878703394895,34.156419661084215
0.1,0.45,0.25,0.05,0.15,1.7075518554933256,0.05168355035868458,0.0647827202836686,2.269988894365693,34.01368869128498
0.4,0.3,0.25,0.05,0.0,1.7075518872242466,0.051296371158865955,0.06116182580907914,2.2736097888402824,34.358662718149205
0.0,0.1,0.55,0.25,0.1,1.707552286949371,0.051707967487320046,0.06692226018638214,2.26784935446298,34.08279593676629
0.2,0.45,0.2,0.0,0.15,1.70755233177759,0.05155220606607402,0.06344292409197783,2.271328690557384,34.09811631701361
0.3,0.35,0.3,0.0,0.05,1.7075525718168316,0.051489743642976385,0.06273866159317776,2.272032953056184,34.169952779962365
0.0,0.45,0.2,0.3,0.05,1.7075526273054764,0.051677304723654546,0.06518299119994819,2.2695886234494136,34.13026059564584
0.1,0.3,0.45,0.05,0.1,1.7075529233398794,0.05176816310025655,0.06575309600121537,2.2690185186481466,33.96928176722914
0.15,0.0,0.65,0.1,0.1,1.707553570372304,0.05162943251972578,0.06593344600406437,2.2688381686452974,34.10083613964667
0.55,0.0,0.3,0.15,0.0,1.7075550283727572,0.05089595283873476,0.059257878012906495,2.275513736636455,34.764605982808064
0.05,0.45,0.25,0.2,0.05,1.7075562578622039,0.05171664700233991,0.06506709908982033,2.2697045155595417,34.06707779734644
0.2,0.1,0.6,0.05,0.05,1.7075564968790835,0.051653854021115456,0.06524838044882553,2.2695232342005363,34.07439621785245
0.25,0.15,0.55,0.05,0.0,1.7075569840560645,0.05161322901083926,0.06442826511881705,2.2703433495305445,34.1152711398041
0.4,0.3,0.25,0.0,0.05,1.707557144370619,0.05129216858807893,0.061262702213564335,2.2735089124357977,34.32795200856816
0.2,0.0,0.65,0.05,0.1,1.7075578278490857,0.05159494635839458,0.06544787308495992,2.269323741564402,34.10907682399086
0.0,0.4,0.3,0.25,0.05,1.7075581386993233,0.051749426923249194,0.06578647218197142,2.2689851424673906,34.057808196757826
0.25,0.15,0.55,0.0,0.05,1.7075582942695102,0.05161091346407558,0.06452893111173363,2.270242683537628,34.08479618541583
0.2,0.0,0.65,0.1,0.05,1.707558789899692,0.051595529931286604,0.06534731661666604,2.2694242980326957,34.13943821442774
0.2,0.4,0.3,0.0,0.1,1.7075597020893398,0.05162105722986723,0.06394578702157805,2.2708258276277835,34.05709433416504
0.1,0.35,0.4,0.1,0.05,1.7075599047973586,0.05176318097854189,0.06541892109286374,2.269352693556498,34.002039803568515
0.1,0.1,0.6,0.05,0.15,1.7075600070818888,0.05172152202636797,0.06642093366266488,2.268350680986697,33.99862235215723
0.15,0.45,0.25,0.1,0.05,1.7075602252984066,0.05165334052287786,0.06409672351909523,2.2706748911302665,34.08192200741266
0.5,0.2,0.2,0.05,0.05,1.707560304374888,0.05104223283634523,0.05964972105629429,2.2751218935930675,34.569929673120185
0.1,0.1,0.6,0.15,0.05,1.7075604813170195,0.05172167347539077,0.06621982191903197,2.26855179273033,34.058755612422736
0.1,0.25,0.5,0.1,0.05,1.7075606701343453,0.0517746327378364,0.06588684142620527,2.2688847732231565,33.99766148468065
0.55,0.05,0.25,0.15,0.0,1.7075611455523538,0.050896039725488625,0.05902436263934807,2.2757472520100137,34.76703477944454
0.15,0.1,0.6,0.15,0.0,1.7075619013807337,0.05169044185338792,0.0656336373435451,2.2691379773058165,34.09729125281416
0.15,0.1,0.6,0.0,0.15,1.7075619703442841,0.05168823461406104,0.0659353838800738,2.268836230769288,34.00665746594221
0.15,0.0,0.65,0.05,0.15,1.7075623913881692,0.051629300767735746,0.06603440461362897,2.2687372100357326,34.07139313873893
0.1,0.25,0.5,0.05,0.1,1.7075624433426175,0.05177348422776949,0.06598747536765215,2.26878413928171,33.967627259197634
0.15,0.3,0.45,0.05,0.05,1.7075630926492544,0.051734670266846174,0.06516758646366871,2.269604028185693,34.00779901491387
0.05,0.3,0.45,0.1,0.1,1.7075632085113457,0.05179921933940896,0.06623895981222705,2.2685326548371347,33.962227282795126
0.1,0.35,0.4,0.05,0.1,1.7075632110397274,0.051761512201160736,0.06551961783729543,2.2692519968120664,33.97205845929538
0.55,0.0,0.3,0.0,0.15,1.7075636779086536,0.05088643194900615,0.05956037641458978,2.275211238234772,34.67117366150866
0.55,0.05,0.2,0.0,0.2,1.7075644889657815,0.050831310158919105,0.05905711468274144,2.2757144999666203,34.72725413990109
0.15,0.0,0.65,0.15,0.05,1.7075648353853718,0.05162914698066887,0.06583333932860413,2.2689382753207576,34.13182804623301
0.5,0.1,0.35,0.05,0.0,1.7075649820546184,0.051103538228618274,0.0603865711170144,2.274385043532347,34.51894938513669
0.5,0.2,0.2,0.1,0.0,1.7075652287478817,0.05104616024760771,0.059549242330701135,2.2752223723186606,34.60166870908871
0.15,0.45,0.25,0.05,0.1,1.7075656134993307,0.051650783952181985,0.06419752240080001,2.2705740922485615,34.051896061023115
0.35,0.35,0.25,0.05,0.0,1.7075661539300129,0.05139201646735698,0.06178378353705227,2.2729878311123093,34.28058674704676
0.2,0.1,0.6,0.1,0.0,1.707566256606672,0.051655041618113476,0.06514820263846133,2.2696234120109002,34.105525147625485
0.1,0.45,0.25,0.2,0.0,1.707566589969895,0.051688633311509274,0.06448168793130127,2.2702899267180605,34.10565862987628
0.2,0.1,0.6,0.0,0.1,1.7075668213014947,0.05165225038255533,0.06534941624367008,2.2694221984056915,34.044813806201745
0.5,0.05,0.4,0.05,0.0,1.7075671459224624,0.051104888493099423,0.060620422409957575,2.274151192239404,34.51707094085127
0.25,0.35,0.35,0.05,0.0,1.707567401320972,0.051593112388489314,0.0634934096386428,2.271278205010719,34.12421421894838
0.1,0.3,0.45,0.15,0.0,1.7075679275261844,0.051770568614793136,0.06555261599323381,2.269218998656128,34.03084227522881
0.15,0.25,0.5,0.05,0.05,1.707568054923516,0.051740080633656774,0.06540170988033256,2.2693699047690292,34.00593024550602
0.05,0.35,0.4,0.1,0.1,1.707568171827882,0.05179291885695792,0.06600519423127249,2.268766420418089,33.964763073853
0.5,0.1,0.35,0.0,0.05,1.7075682696913352,0.051099635344772444,0.06048739993793095,2.2742842147114306,34.48791083699011
0.5,0.05,0.4,0.0,0.05,1.7075696667025215,0.05110124572000746,0.06072122018273096,2.274050394466631,34.48600700661457
0.45,0.25,0.25,0.05,0.0,1.7075698573671196,0.05119797913889833,0.06054108584489404,2.274230528804468,34.44048450851855
0.15,0.3,0.45,0.1,0.0,1.7075703347632856,0.051736532067256064,0.06506732273684945,2.2697042919125123,34.038723382233584
0.05,0.45,0.25,0.05,0.2,1.7075708657487256,0.051712930011062606,0.06536933450535432,2.2694022801440075,33.97785473792549
0.05,0.3,0.45,0.15,0.05,1.7075709717950862,0.05179976283900647,0.0661387443286261,2.2686328703207357,33.99286423063094
0.55,0.1,0.2,0.1,0.05,1.707571412909618,0.05089151381992849,0.058891796653750994,2.2758798179956106,34.737926222746935
0.35,0.35,0.25,0.0,0.05,1.7075716274224408,0.05138792380696007,0.061884651725240714,2.272886962924121,34.25000966778428
0.25,0.35,0.35,0.0,0.05,1.707571776755748,0.051589757394815104,0.06359420000490879,2.2711774146444528,34.09384419019132
0.0,0.2,0.5,0.25,0.05,1.7075719090763828,0.05176889146885647,0.06672334398908064,2.268048270660281,34.04909501959206
0.05,0.0,0.6,0.3,0.05,1.7075719337352142,0.05161785517316262,0.06643598956651253,2.268335625082849,34.18873856949545
0.55,0.05,0.25,0.0,0.15,1.7075720936897465,0.050885738017043707,0.059326952804087174,2.275444661845275,34.67367603498207
0.0,0.45,0.25,0.15,0.15,1.7075732685273035,0.05174089807914681,0.06575421277363236,2.2690174018757294,34.000505483625076
0.0,0.3,0.4,0.3,0.0,1.7075733021448096,0.05176058820147404,0.06615460045368549,2.2686170141956765,34.08475998343674
0.3,0.05,0.6,0.05,0.0,1.7075733922296403,0.051516821150887404,0.06404189760905377,2.2707297170403082,34.18947075537157
0.3,0.05,0.6,0.0,0.05,1.7075737165823275,0.051514657192078595,0.06414253959962402,2.2706290750497375,34.158841699767265
0.45,0.25,0.25,0.0,0.05,1.707574895458141,0.05119366675838484,0.06064196891507234,2.2741296457342894,34.409636310212065
0.15,0.45,0.25,0.15,0.0,1.7075749176713608,0.05165548893779629,0.0639967732153317,2.2707748414340303,34.11349732884028
0.35,0.0,0.6,0.05,0.0,1.7075751407003352,0.05141597156673011,0.06342079381999421,2.2713508208293676,34.26673050600839
0.4,0.15,0.45,0.0,0.0,1.7075751662219982,0.05136298930913937,0.0622335994850991,2.2725380151642627,34.28120728474408
0.05,0.35,0.4,0.15,0.05,1.7075751686032614,0.05179372314163387,0.06590494726515783,2.268866667384204,33.99537382794978
0.35,0.0,0.6,0.0,0.05,1.7075752470997894,0.05141369864842974,0.06352144371398705,2.2712501709353745,34.23597146774469
0.5,0.2,0.2,0.0,0.1,1.7075754486619323,0.05103789411598193,0.05975104775510398,2.275020566894258,34.53976103767603
0.05,0.3,0.45,0.05,0.15,1.7075755302197408,0.051798264408837946,0.06634002681912765,2.268431587830234,33.93313240940229
0.1,0.3,0.45,0.0,0.15,1.7075755463823432,0.051766342923552776,0.06585461890633937,2.268916995743022,33.940813904235824
0.55,0.1,0.2,0.05,0.1,1.7075758278249125,0.050887819749600716,0.05899268789983814,2.2757789267495236,34.70683271232697
0.15,0.3,0.45,0.0,0.1,1.707575933318675,0.05173239648718712,0.06526870744098279,2.2695029072083788,33.978417830726855
0.15,0.25,0.5,0.1,0.0,1.7075760644338716,0.05174168179870187,0.06530147802944253,2.269470136619919,34.03688125150619
0.35,0.2,0.45,0.0,0.0,1.7075761984933697,0.05146284588833742,0.06285488464815092,2.2719167300012106,34.20409730112851
0.1,0.35,0.4,0.15,0.0,1.7075766830455068,0.05176443888928362,0.06531907548033566,2.269452539169026,34.03356684488865
0.2,0.0,0.65,0.0,0.15,1.707576949137231,0.05159394555600755,0.06554928704219476,2.2692223276071672,34.080261905420976
0.05,0.05,0.6,0.25,0.05,1.7075773233604075,0.051684499094891034,0.06657126419386228,2.2682003504554995,34.11960181952081
0.15,0.35,0.4,0.05,0.05,1.7075779370290083,0.051727929371374534,0.0649343635509767,2.269837251098385,34.010791730427826
0.05,0.25,0.5,0.1,0.1,1.7075780556396727,0.0518041905818284,0.06647362836961257,2.268297986279749,33.96081270695049
0.0,0.45,0.25,0.2,0.1,1.7075787024468108,0.051741275435393475,0.0656539319457059,2.269117682703656,34.030876550858856
0.1,0.25,0.5,0.15,0.0,1.7075789831812611,0.051775368105638195,0.06578705973748411,2.268984554911878,34.02924131770314
0.0,0.35,0.35,0.3,0.0,1.7075790007369767,0.051755320570469845,0.06592080390925092,2.268850810740111,34.087472723025016
0.4,0.2,0.4,0.0,0.0,1.7075792055051011,0.05135921645520083,0.06200002691678996,2.2727715877325716,34.28342897940364
0.2,0.0,0.65,0.15,0.0,1.7075798382785974,0.051595695654519165,0.06524761227676779,2.269524002372594,34.171352196813594
0.15,0.25,0.5,0.0,0.1,1.7075801290533863,0.05173806635928358,0.06550279954967819,2.2692688150996836,33.97652240426485
0.1,0.0,0.65,0.1,0.15,1.7075811335825493,0.051659939066873474,0.06652100060656085,2.2682506140428007,34.064608334962784
0.05,0.35,0.4,0.05,0.15,1.7075812591389758,0.05179170429314188,0.06610629218259345,2.2686653224667683,33.9356944737616
0.1,0.0,0.65,0.15,0.1,1.707582616787034,0.051659201452043266,0.06642049259440164,2.26835112205496,34.094682646814775
0.5,0.15,0.3,0.05,0.0,1.7075826209472662,0.051100854195030083,0.06015361788350204,2.2746179967658597,34.521961270456245
0.1,0.25,0.5,0.0,0.15,1.7075842998166313,0.05177192317764787,0.06608896696172284,2.2686826476876387,33.93913262068101
0.15,0.35,0.4,0.1,0.0,1.707584413463698,0.05173005155797074,0.06483406894955612,2.269937545699806,34.04169016582375
0.0,0.15,0.55,0.15,0.15,1.7075847328482983,0.051773225362863814,0.06715914582181792,2.2676124688275436,33.9871127647488
0.05,0.15,0.55,0.25,0.0,1.7075848676968017,0.051746803176761294,0.06637185133600387,2.268399763313358,34.08555395440833
0.35,0.15,0.5,0.0,0.0,1.707585069027525,0.051466420780923734,0.06308905926783015,2.2716825553815316,34.20259321367317
0.25,0.0,0.65,0.05,0.05,1.7075860416186628,0.05155719300045877,0.06486276332132479,2.269908851328037,34.14913743526971
0.05,0.25,0.5,0.15,0.05,1.707586587187528,0.051804473082674045,0.06637344539643486,2.2683981692529267,33.99147656976223
0.1,0.35,0.4,0.0,0.15,1.7075865987872112,0.05175943317193679,0.06562117114290622,2.2691504435064553,33.94361680852455
0.5,0.15,0.3,0.0,0.05,1.7075866737743912,0.05109669155614142,0.06025447684045515,2.274517137808907,34.49094749337362
0.55,0.1,0.2,0.15,0.0,1.7075870662207564,0.05089479504402817,0.05879174588014591,2.275979868769216,34.77060168622046
0.1,0.45,0.25,0.0,0.2,1.7075871029282081,0.051681041953903856,0.0648847747971395,2.269886839852222,33.986118933192245
0.35,0.25,0.4,0.0,0.0,1.707587132239507,0.051457936909168056,0.06262160898376123,2.2721500056656003,34.20672922470164
0.0,0.25,0.45,0.3,0.0,1.7075874197096086,0.05176452797516095,0.06638930356485462,2.2683823110845074,34.0831700466914
0.0,0.45,0.25,0.1,0.2,1.707587918400863,0.05174011565041327,0.06585536618633103,2.2689162484630305,33.97167714458733
0.5,0.0,0.45,0.05,0.0,1.70758911641338,0.051104902903167784,0.06085517409482488,2.2739164405545367,34.51632414066522
0.1,0.4,0.35,0.1,0.05,1.7075892323769224,0.05175546206553408,0.0651863120509295,2.2695853025984323,34.00591526139276
0.05,0.25,0.5,0.05,0.15,1.7075896099054222,0.05180349552651661,0.06657466347379182,2.26819695117557,33.931690939281
0.1,0.1,0.6,0.0,0.2,1.7075898964514953,0.05172082363405924,0.06652277337023871,2.268248841279123,33.970867868884504
0.1,0.2,0.55,0.1,0.05,1.707590771056851,0.05177836172945848,0.06612215735527016,2.2686494572940914,33.997155048433456
0.1,0.1,0.6,0.2,0.0,1.7075908524756878,0.05172112717518496,0.06612056907088482,2.268651045578477,34.09114436472679
0.5,0.0,0.45,0.0,0.05,1.7075908686466112,0.05110152058160139,0.06095593988436998,2.273815674764992,34.485234171890696
0.4,0.1,0.5,0.0,0.0,1.7075909320367142,0.051365426985810606,0.06246807149562361,2.272303543153738,34.28011410631489
0.15,0.45,0.25,0.0,0.15,1.7075910792967524,0.051647819879184834,0.06429917533533702,2.270472439314025,34.02341347576324
0.15,0.0,0.65,0.0,0.2,1.707591295249952,0.05162875235145361,0.06613622058513102,2.2686353940642308,34.0434931291564
0.05,0.1,0.6,0.1,0.15,1.7075913474913371,0.05175009597341405,0.06690796432675827,2.2678636503226035,33.99266803154201
0.15,0.35,0.4,0.0,0.1,1.70759154243565,0.05172539636380237,0.06503551490400072,2.2697360997453613,33.98143659730557
0.05,0.45,0.25,0.25,0.0,1.707591558146559,0.05171707329379068,0.06496808020685907,2.2698035344425027,34.09991642245605
0.1,0.2,0.55,0.05,0.1,1.7075917750481624,0.051777473701738456,0.06622275839912173,2.26854885625024,33.967093358254075
0.05,0.1,0.6,0.15,0.1,1.7075918469848987,0.051749511249662775,0.06680743378009746,2.2679641808692645,34.02259284135
0.55,0.05,0.3,0.05,0.05,1.7075919628320813,0.050943686961858144,0.05949653988921466,2.275275074760147,34.65433064777233
0.0,0.0,0.6,0.2,0.2,1.7075924261595778,0.05164429926144166,0.06722445948679923,2.2675471551625623,34.09196156865319
0.55,0.0,0.35,0.05,0.05,1.7075926696931671,0.05094401135509512,0.05973034276483635,2.2750412718845254,34.65235703814176
0.15,0.2,0.55,0.05,0.05,1.707592827860546,0.05174415858293579,0.06563673620025945,2.269134878449102,34.00518376250854
0.0,0.1,0.55,0.3,0.05,1.70759293247492,0.05170560395111819,0.06682345012962432,2.2679481645197375,34.11563753400119
0.05,0.4,0.35,0.1,0.1,1.707592941625907,0.05178529112264678,0.06577232941539113,2.2689992852339707,33.968422022952126
0.1,0.4,0.35,0.05,0.1,1.7075933024976824,0.051753533542208546,0.06528703875259012,2.2694845758967714,33.975959391663
0.0,0.15,0.55,0.2,0.1,1.7075947696986877,0.051772035920714096,0.06705905646712962,2.2677125581822324,34.017641015721665
0.0,0.15,0.55,0.1,0.2,1.7075947850948108,0.051774002853570845,0.06726011115460162,2.2675115034947604,33.958126895103284
0.25,0.0,0.65,0.0,0.1,1.7075953785767872,0.051555740668313726,0.06496377437537237,2.269807840273989,34.11940336344318
0.25,0.45,0.2,0.05,0.05,1.7075955167257642,0.05151698794793665,0.06275840486190942,2.2720132097874526,34.16870765652726
0.15,0.0,0.65,0.2,0.0,1.7075961907885642,0.051628445360728845,0.06573410922765288,2.269037505421709,34.16437300434601
0.25,0.0,0.65,0.1,0.0,1.7075967882294973,0.05155822756323253,0.06476260999352723,2.2700090046558348,34.18042173069935
0.55,0.05,0.3,0.1,0.0,1.7075986407995507,0.05094720298474615,0.05939611717131732,2.2753754974780445,34.68626773293046
0.05,0.3,0.45,0.2,0.0,1.7075988244399833,0.05179989621146043,0.06603940495461336,2.2687322096947486,34.02504730394355
0.05,0.4,0.35,0.15,0.05,1.7075991736182352,0.05178635595924745,0.06567205196863712,2.269099562680725,33.999007275817895
0.25,0.45,0.2,0.1,0.0,1.7075993603590005,0.05152036752876041,0.06265796808495638,2.2721136465644056,34.199757045733364
0.1,0.0,0.65,0.05,0.2,1.7075997358464985,0.05166025997439418,0.06662236046962433,2.2681492541797375,34.0360795136847
0.55,0.0,0.35,0.1,0.0,1.7076001149295954,0.05094726656945347,0.05962995127746673,2.275141663371895,34.68431905236358
0.55,0.1,0.2,0.0,0.15,1.7076003080100972,0.05088371362669975,0.05909442512003138,2.2756771895293304,34.67731479516875
0.15,0.2,0.55,0.1,0.0,1.7076016065164832,0.05174549888263399,0.06553653725302166,2.26923507739634,34.03616214268794
0.05,0.35,0.4,0.2,0.0,1.7076022538288886,0.0517941184492966,0.06580557585567437,2.268966038793687,34.02753077869282
0.4,0.25,0.35,0.0,0.0,1.707603045985048,0.05135411045022339,0.06176735155040913,2.2730042630989526,34.28678107054273
0.45,0.15,0.4,0.0,0.0,1.7076035203885884,0.05125774650913675,0.0613796660792032,2.2733919485701586,34.36382061190085
0.25,0.1,0.6,0.05,0.0,1.7076039059799806,0.05161492224617169,0.064664235589168,2.2701073790601938,34.11584685434459
0.15,0.2,0.55,0.0,0.1,1.7076041336178456,0.051742404071735915,0.06573779360360765,2.2690338210457544,33.97574862897457
0.0,0.0,0.6,0.25,0.15,1.7076041832917972,0.05164174263256153,0.06712444094845771,2.267647173700904,34.12248466606009
0.1,0.0,0.65,0.2,0.05,1.7076041900283134,0.05165804836084742,0.06632086100669188,2.2684507536426697,34.126306391515
0.0,0.45,0.25,0.25,0.05,1.7076042227314687,0.051741246856364394,0.06555451270688573,2.269217101942476,34.06279684917676
0.25,0.1,0.6,0.0,0.05,1.707604445473888,0.05161286723978542,0.06476486803926051,2.2700067466101013,34.08534396049905
0.0,0.4,0.3,0.3,0.0,1.707604511509318,0.05174872712852713,0.06568791172626454,2.2690837029230972,34.09131024912691
0.1,0.4,0.35,0.15,0.0,1.707605245736719,0.051756980902442205,0.06508643602460618,2.269685178624756,34.03741702429289
0.55,0.0,0.35,0.0,0.1,1.7076052940055155,0.050940340924787046,0.05983158295116331,2.2749400316981987,34.62196971778821
0.55,0.05,0.3,0.0,0.1,1.707605353554151,0.05093975679570986,0.05959781076484094,2.275173803884521,34.6239683238033
0.2,0.3,0.45,0.05,0.0,1.707606034126417,0.05169778213993877,0.06458349583157608,2.270188118817786,34.04869135974057
0.45,0.1,0.45,0.0,0.0,1.707606377735026,0.051260382376620665,0.061613536962677795,2.273158077686684,34.36200858178249
0.0,0.35,0.4,0.15,0.1,1.7076064350564752,0.05181961896245182,0.06649224363328088,2.2682793710160807,33.9595520213401
0.2,0.25,0.5,0.05,0.0,1.7076064407322504,0.05170328097409662,0.06481736456513332,2.2699542500842282,34.04660700769267
0.05,0.4,0.35,0.05,0.15,1.7076067927287544,0.05178381718741714,0.06587345737828776,2.268898157271074,33.93937910448793
0.0,0.3,0.45,0.15,0.1,1.7076067990076917,0.051825567849106316,0.06672629853249101,2.2680453161168708,33.95725607381934
0.05,0.3,0.45,0.0,0.2,1.7076079337390788,0.051796898663593244,0.06644195083116622,2.2683296638181956,33.90557380141599
0.2,0.25,0.5,0.0,0.05,1.7076087309183432,0.05170081429575245,0.06491805138017681,2.269853563269185,34.016281607080316
0.0,0.3,0.45,0.1,0.15,1.7076088155432267,0.05182547837871327,0.0668269143936755,2.2679447002556863,33.92753093216077
0.2,0.3,0.45,0.0,0.05,1.707609090849581,0.05169505557995175,0.06468421394725121,2.270087400702111,34.018392485541284
0.0,0.35,0.4,0.1,0.15,1.7076092180826918,0.05181926908676945,0.06659289101817478,2.2681787236311868,33.92985324140376
0.3,0.25,0.45,0.0,0.0,1.7076094796625885,0.051559954173825896,0.06347739566827082,2.271294218981091,34.13062648486087
0.1,0.2,0.55,0.15,0.0,1.7076098540785414,0.05177883551890457,0.06602240922963576,2.2687492054197262,34.02876245171062
0.05,0.1,0.6,0.05,0.2,1.7076109338042782,0.051750265773851716,0.06700934709657336,2.267762267552788,33.96428524436659
0.55,0.1,0.25,0.05,0.05,1.7076110578047388,0.05094202974315139,0.05926363477655738,2.2755079798728044,34.65743994527588
0.3,0.2,0.5,0.0,0.0,1.7076114570829661,0.051564665446982766,0.06371127432127843,2.2710603403280833,34.12871095798393
0.25,0.45,0.2,0.0,0.1,1.7076117487457965,0.0515132007062629,0.06285969446832906,2.271911920181033,34.13920898716988
0.2,0.45,0.25,0.05,0.05,1.7076121357828593,0.05161462696209273,0.06361373858894814,2.2711578760604136,34.09248403730062
0.05,0.1,0.6,0.2,0.05,1.7076124368631156,0.05174851288118958,0.06670778001822497,2.268063834631137,34.0540635775379
0.15,0.4,0.35,0.05,0.05,1.7076125841063583,0.05171985996100223,0.06470203908070693,2.270069575568655,34.01491053368797
0.3,0.4,0.25,0.05,0.0,1.7076126624985832,0.051484917168497756,0.06240696256116429,2.2723646520881973,34.206202941332236
0.05,0.2,0.55,0.1,0.1,1.7076127172405902,0.051807830731049435,0.06670920245717915,2.2680624121921826,33.960517879173
0.1,0.2,0.55,0.0,0.15,1.7076128630589873,0.051776172032304016,0.06632421774553343,2.268447396903828,33.93857135200854
0.05,0.5,0.2,0.15,0.1,1.7076130128568332,0.051705697110706696,0.06493623242910851,2.2698353822202533,34.04217653293371
0.35,0.1,0.55,0.0,0.0,1.7076137478029176,0.05146865966318332,0.06332413530918468,2.271447479340177,34.202215417830985
0.1,0.5,0.2,0.1,0.1,1.7076139698351036,0.05167518185903503,0.0644510544660244,2.2703205601833374,34.04942764829013
0.0,0.05,0.6,0.15,0.2,1.7076139925328953,0.05171096067398608,0.06736028903133917,2.2674113256180224,34.024081035443864
0.05,0.35,0.4,0.0,0.2,1.7076144273568428,0.051790080073293554,0.06620824661543478,2.268563368033927,33.90816222708992
0.05,0.25,0.5,0.2,0.0,1.707615208924678,0.051804344334138525,0.06627413915602931,2.2684974754933327,34.02368658715112
0.0,0.05,0.6,0.2,0.15,1.707615230386582,0.05170916390205528,0.0672598203857222,2.2675117942636396,34.053845739192255
0.2,0.45,0.25,0.1,0.0,1.7076165310667117,0.05161763778522417,0.0635133424489922,2.2712582722003694,34.12343080745316
0.55,0.1,0.25,0.1,0.0,1.7076169701168042,0.05094580622157309,0.059163181766962225,2.2756084328823993,34.68935275078626
0.1,0.4,0.35,0.0,0.15,1.707617453113747,0.051751195954233914,0.06538862157274283,2.269382993076619,33.94754342004204
0.15,0.05,0.65,0.05,0.1,1.7076177211611845,0.05168956947794794,0.06607133761467132,2.2687002770346902,34.037441904504405
0.35,0.3,0.35,0.0,0.0,1.7076178663530166,0.05145169587419829,0.06238923014528619,2.2723823845040756,34.21049101936421
0.1,0.5,0.2,0.15,0.05,1.707618119472651,0.05167713556526804,0.06435067429102515,2.2704209403583366,34.0800593181893
0.15,0.4,0.35,0.1,0.0,1.707618296551042,0.051722242265671146,0.0646017145811415,2.27016990006822,34.045783713969605
0.3,0.4,0.25,0.0,0.05,1.7076183495739923,0.05148093444660952,0.06250782096169005,2.2722637936876717,34.175755674130635
0.15,0.05,0.65,0.1,0.05,1.7076184707233542,0.0516900443927823,0.06597079246913662,2.268800822180225,34.06768010931957
0.05,0.5,0.2,0.1,0.15,1.7076186438345375,0.05170419909713418,0.06503701371745607,2.2697346009319057,34.01246074414142
0.25,0.4,0.3,0.05,0.0,1.7076195120054614,0.05158475710470412,0.06326194098643967,2.271509673662922,34.12927063120925
0.5,0.2,0.25,0.05,0.0,1.7076200587785881,0.05109683857785935,0.059921560714242705,2.2748500539351193,34.52610890523687
0.45,0.2,0.35,0.0,0.0,1.7076204649934814,0.051253776450003605,0.06114669293848185,2.27362492171088,34.36676383871864
0.05,0.25,0.5,0.0,0.2,1.707621246800838,0.05180238852666263,0.06667655617578938,2.2680950584735724,33.90410544925038
0.0,0.2,0.5,0.3,0.0,1.7076213574797945,0.05176713798207481,0.06662491579443319,2.2681466988549284,34.0827014040579
0.05,0.2,0.55,0.15,0.05,1.7076220188436955,0.05180785203934657,0.06660905304999387,2.268162561599368,33.9912094058196
0.4,0.35,0.2,0.05,0.0,1.7076229129056313,0.05128875895486679,0.06093125855055481,2.273840356098807,34.36476080549022
0.05,0.2,0.55,0.05,0.15,1.707623502190122,0.051807395772854876,0.0668102046733634,2.2679614099759986,33.931368568167585
0.0,0.35,0.4,0.2,0.05,1.7076237400240695,0.05181956049403287,0.06639247170336993,2.268379142945992,33.990793522679716
0.25,0.4,0.3,0.0,0.05,1.7076246494722762,0.05158114301828168,0.06336276012065567,2.271408854528706,34.098925278072116
0.0,0.3,0.45,0.2,0.05,1.7076248713585183,0.05182524782533617,0.06662655869193856,2.268145055957423,33.98852388099387
0.5,0.2,0.25,0.0,0.05,1.7076248751503282,0.05109241655496158,0.06002244891693942,2.2747491657324224,34.495119319332254
0.0,0.15,0.55,0.25,0.05,1.7076248982302469,0.05177043370030026,0.06695983218469514,2.2678117824646664,34.049718199374944
0.55,0.1,0.25,0.0,0.1,1.70762521323464,0.050937840219358765,0.059364935470089364,2.275406679179272,34.62710207162354
0.2,0.35,0.4,0.05,0.0,1.7076254329791045,0.05169095203422339,0.06435052702000377,2.270421087629358,34.051901592940276
0.05,0.4,0.35,0.2,0.0,1.7076254930656132,0.05178701299717824,0.06557264959517672,2.2691989650541853,34.0311388973188
0.0,0.4,0.35,0.15,0.1,1.7076258802016437,0.05181234338394154,0.0662590913283787,2.2685125233209833,33.96297023338073
0.4,0.05,0.55,0.0,0.0,1.7076265069028873,0.05136652756294876,0.06270344552799445,2.2720681691213676,34.28014805574895
0.2,0.2,0.55,0.05,0.0,1.7076266568160303,0.05170744664269127,0.06505213555768741,2.269719479091674,34.045646793233686
0.15,0.4,0.35,0.0,0.1,1.707626952474258,0.05171706802216231,0.06480321990152671,2.269968394747835,33.98558087620895
0.0,0.25,0.5,0.15,0.1,1.7076269760425604,0.051830188081562346,0.06696125832755762,2.267810356321804,33.95608055909595
0.3,0.3,0.4,0.0,0.0,1.7076273056348925,0.051553909965709625,0.06324441565001981,2.271527198999342,34.13366944169776
0.05,0.5,0.2,0.2,0.05,1.7076274650311434,0.05170679065251137,0.06483632349696822,2.2699352911523936,34.073438839574145
0.2,0.05,0.65,0.05,0.05,1.7076277956966637,0.05165412377889689,0.06548551502245359,2.269286099626908,34.076304810778296
0.2,0.45,0.25,0.0,0.1,1.70762781827185,0.0516112080816587,0.06371498906242135,2.27105662558694,34.063084395442985
0.2,0.2,0.55,0.0,0.05,1.707628178692799,0.05170524010769728,0.06515279009225194,2.26961882455711,34.015294187777144
0.0,0.25,0.5,0.1,0.15,1.7076282242687357,0.05183035922633892,0.06706184165802598,2.267709772991336,33.92632837739299
0.05,0.05,0.6,0.3,0.0,1.7076285243153584,0.05168232420379198,0.06647289133939438,2.268298723309967,34.153392372999484
0.4,0.35,0.2,0.0,0.05,1.707628930706748,0.05128429765442828,0.06103216277532697,2.273739451874035,34.33407370841509
0.45,0.05,0.5,0.0,0.0,1.7076290409305872,0.051261682033774215,0.061848307943616954,2.272923306705745,34.36132602224954
0.2,0.35,0.4,0.0,0.05,1.7076292544971783,0.0516879658733424,0.06445127548196994,2.270320339167392,34.021628596324135
0.0,0.4,0.35,0.1,0.15,1.707629427931057,0.051811733332809785,0.06635976925632892,2.268411845393033,33.93329716527317
0.1,0.5,0.2,0.05,0.15,1.7076298993030572,0.05167282181859041,0.06455228269404367,2.2702193319553183,34.020342106200815
0.0,0.3,0.45,0.05,0.2,1.7076309163880106,0.05182497809090311,0.06692838175575644,2.2678432328936053,33.89934460591958
0.1,0.05,0.65,0.1,0.1,1.707631394738538,0.05172164124900692,0.0665576377889443,2.2682139768604177,34.030272082357996
0.0,0.35,0.4,0.05,0.2,1.7076320845309914,0.05181850954572343,0.06669438935325811,2.2680772252961034,33.90169334111121
0.05,0.0,0.65,0.15,0.15,1.7076331858197897,0.05168586293290368,0.06700907487553698,2.267762539773825,34.05990939514799
0.3,0.15,0.55,0.0,0.0,1.7076332418735305,0.051568041863532935,0.06394605396580233,2.2708255606835595,34.12792115994988
0.45,0.3,0.2,0.05,0.0,1.7076339878748983,0.0511915000802504,0.06031022135695485,2.274461393292407,34.44617605856317
0.0,0.0,0.6,0.3,0.1,1.7076360311654069,0.051638769509316326,0.0670252527207913,2.2677463619285705,34.15456516152709
0.0,0.05,0.6,0.25,0.1,1.7076365591012581,0.05170695309639991,0.06716021632144864,2.2676113983279134,34.08515940535908
0.15,0.05,0.65,0.0,0.15,1.7076370559939458,0.05168867804605801,0.06617274136165019,2.2685988732877114,34.00874689027818
0.2,0.05,0.65,0.0,0.1,1.7076373473601063,0.05165278053116514,0.06558651631210899,2.269185098337253,34.04669373425641
0.15,0.15,0.6,0.05,0.05,1.707637415543339,0.05174690235441395,0.06587266816768511,2.2688989464816767,34.00555838026642
0.05,0.45,0.3,0.1,0.1,1.7076375139868785,0.05177633825651013,0.06554036348934078,2.2692312511600212,33.97320655758933
0.2,0.05,0.65,0.1,0.0,1.7076383287601091,0.05165504995400055,0.06538537251776733,2.2693862421315947,34.10746271974927
0.1,0.45,0.3,0.1,0.05,1.7076383615330488,0.051746417247180584,0.06495460122885333,2.2698170134205085,34.01091810765952
0.15,0.05,0.65,0.15,0.0,1.7076393076771899,0.0516901021872148,0.06587110056863055,2.2689005140807312,34.0994675871696
0.45,0.3,0.2,0.0,0.05,1.7076397872535516,0.051186928840196703,0.06041113252294128,2.2743604821264203,34.41535148832025
0.1,0.05,0.65,0.05,0.15,1.7076404270572254,0.051721618407924295,0.06665858461651641,2.268113030032845,34.00094918113186
0.0,0.5,0.2,0.15,0.15,1.7076406788800238,0.05173087503134687,0.06552321037484665,2.2692484042745154,34.00667081683417
0.1,0.15,0.6,0.1,0.05,1.7076406896098537,0.05178075711349058,0.06635838079318312,2.2684132338561787,33.99776883356665
0.05,0.4,0.35,0.0,0.2,1.7076407237473867,0.0517819347839228,0.06597544136759836,2.268796173281763,33.9118727282972
0.1,0.15,0.6,0.05,0.1,1.7076409225351643,0.051780129773869955,0.06645894790476659,2.2683126667445954,33.967678959084
0.05,0.0,0.65,0.1,0.2,1.7076414825410473,0.05168705344426492,0.06710998333660623,2.2676616313127553,34.03074850216605
0.15,0.5,0.2,0.1,0.05,1.7076420632209235,0.05164277785975013,0.06386651159578927,2.2709051030535727,34.08877416409657
0.1,0.5,0.2,0.2,0.0,1.7076423525461792,0.05167868418019278,0.06425116667970854,2.2705204479696532,34.11224115440429
0.0,0.4,0.35,0.2,0.05,1.7076424194891757,0.051812546269528664,0.06615928835939067,2.268612326289971,33.99418617934273
0.1,0.05,0.65,0.15,0.05,1.7076424494120752,0.05172124754401591,0.06645754406675008,2.268314070582612,34.06114067997924
0.05,0.45,0.3,0.15,0.05,1.7076429828954334,0.05177766339259733,0.06544005653924145,2.26933155811012,34.00376697168171
0.1,0.45,0.3,0.05,0.1,1.7076431938067222,0.05174422926208861,0.06505535695708597,2.269716257692276,33.980987109359525
0.35,0.4,0.2,0.05,0.0,1.7076440723483084,0.051383272159870555,0.06155351260779596,2.273218102041566,34.28709281104696
0.05,0.5,0.2,0.05,0.2,1.7076443534269892,0.051702295350899506,0.06513864291853744,2.2696329717308243,33.98428763655219
0.05,0.0,0.65,0.2,0.1,1.7076449785226573,0.051684257574433186,0.06690904280087184,2.26786257184849,34.090616373370615
0.0,0.5,0.2,0.2,0.1,1.7076453516625407,0.051731512703829335,0.0654229011152978,2.2693487135340638,34.03701803722802
0.0,0.25,0.5,0.2,0.05,1.7076458175125482,0.05182960632073004,0.06686155165362195,2.26791006299574,33.987375450453584
0.1,0.0,0.65,0.25,0.0,1.7076458557055494,0.05165647897442815,0.06622209503322729,2.2685495196161343,34.15948638146038
0.3,0.0,0.65,0.0,0.05,1.707646579348634,0.051514134065527926,0.06437968036728403,2.2703919342820775,34.160924936232064
0.4,0.3,0.3,0.0,0.0,1.7076466837956847,0.05134767342298252,0.06153557147870581,2.273236043170656,34.29126593953504
0.15,0.15,0.6,0.1,0.0,1.7076469651315578,0.05174798157842702,0.06577250317991634,2.268999111469445,34.036564897875934
0.3,0.0,0.65,0.05,0.0,1.7076470281532465,0.051516037078889756,0.06427907321718895,2.270492541432173,34.19158271152986
0.15,0.15,0.6,0.0,0.1,1.7076479510595055,0.05174540784439685,0.06597369231964612,2.268797922329716,33.976095291052104
0.15,0.5,0.2,0.05,0.1,1.7076482108570605,0.05163996236906133,0.06396733796619403,2.270804276683168,34.05877198014611
0.0,0.25,0.5,0.05,0.2,1.707649557607196,0.05183011843025429,0.06716327710974146,2.2676083375396203,33.89811504691909
0.0,0.45,0.25,0.3,0.0,1.7076498305375292,0.05174081005648624,0.06545592203970152,2.26931569260966,34.096275029384714
0.55,0.15,0.2,0.05,0.05,1.7076499508311658,0.05093904195903989,0.05903162547282026,2.2757399891765413,34.661687365212316
0.35,0.4,0.2,0.0,0.05,1.7076503058566848,0.051378920892062495,0.06165440834517932,2.2731172063041827,34.25653933404034
0.05,0.2,0.55,0.2,0.0,1.7076514113832972,0.0518074610036549,0.06650978106970729,2.2682618335796545,34.023447215972936
0.05,0.45,0.3,0.05,0.15,1.707652127095418,0.051774605231368315,0.06564152055506978,2.269130094094292,33.94418875981448
0.0,0.4,0.35,0.05,0.2,1.7076530581097666,0.051810714797318316,0.06646129765281272,2.268310316996549,33.90516314163389
0.05,0.1,0.6,0.25,0.0,1.7076531195252458,0.05174710005772289,0.06660899221901251,2.2681626224303493,34.087087004976716
0.1,0.45,0.3,0.15,0.0,1.7076536116433196,0.05174819675483679,0.06485469578797098,2.269916918861391,34.0423952970606
0.05,0.2,0.55,0.0,0.2,1.7076543705042737,0.05180654776872299,0.06691206514976433,2.2678595494995974,33.9037556467952
0.55,0.15,0.2,0.1,0.0,1.7076550990816655,0.050943078525322885,0.05893114308883951,2.2758404715605223,34.69357650407797
0.15,0.5,0.2,0.15,0.0,1.7076559949186865,0.05164518644191428,0.06376653352923567,2.2710050811201263,34.120326193262045
0.0,0.1,0.6,0.15,0.15,1.7076560013625433,0.05177395912146443,0.06739647593932996,2.267375138710032,33.9887967003812
0.0,0.5,0.2,0.1,0.2,1.7076560887048808,0.05172983353351696,0.06562439189456604,2.2691472227547957,33.97786673644218
0.45,0.25,0.3,0.0,0.0,1.7076572076918985,0.05124847431811108,0.06091461552129096,2.273856999128071,34.37084049099745
0.5,0.1,0.4,0.0,0.0,1.7076600713023082,0.05115352526253627,0.060760523713702774,2.274011090935659,34.44795907209439
0.1,0.15,0.6,0.15,0.0,1.7076605443749484,0.05178096914638982,0.06625866733636498,2.268512947312997,34.02940462639052
0.0,0.35,0.4,0.25,0.0,1.7076611353779554,0.0518190928643148,0.06629356434897238,2.2684780503003896,34.02358444030553
0.55,0.05,0.35,0.05,0.0,1.707661209973865,0.050997374456572785,0.05976885949049948,2.2750027551588623,34.60924860025578
0.1,0.15,0.6,0.0,0.15,1.707661240151894,0.05177908771883834,0.06656037403928439,2.2682112406100776,33.939128965108324
0.05,0.5,0.2,0.25,0.0,1.7076620027409046,0.05170747886655011,0.06473727597948309,2.2700343386698787,34.106254363818906
0.35,0.05,0.6,0.0,0.0,1.7076622388497396,0.051469560720833044,0.06356011558296792,2.2712114990663936,34.20296285180392
0.0,0.3,0.45,0.25,0.0,1.7076630349904658,0.051824517495696346,0.06652768400765718,2.2682439306417046,34.02134105667629
0.55,0.05,0.35,0.0,0.05,1.70766427201346,0.05099336246495711,0.059869691345863396,2.2749019233034984,34.578064662772476
0.2,0.4,0.35,0.05,0.0,1.7076646333203913,0.05168279267097279,0.0641184561298429,2.2706531585195187,34.05623993562897
0.55,0.15,0.2,0.0,0.1,1.7076648692857737,0.05093459347092607,0.059132955133974985,2.275638659515387,34.631373433043
0.3,0.35,0.35,0.0,0.0,1.7076649310671583,0.051546534854992734,0.0630123322449625,2.2717592824043993,34.13784201915989
0.0,0.45,0.3,0.15,0.1,1.707665130508989,0.051803743212816965,0.06602683965544776,2.2687447749939142,33.96751302255504
0.0,0.1,0.6,0.1,0.2,1.707665280737058,0.05177499733512362,0.06749740644298408,2.267274208206378,33.95978230780413
0.1,0.5,0.2,0.0,0.2,1.707665904702981,0.05167005611524183,0.06465436452999995,2.2701172501193616,33.99279689062527
0.2,0.15,0.6,0.05,0.0,1.7076666864678327,0.05171027737529119,0.06528781148970286,2.269483803159659,34.04580944945157
0.6,0.0,0.2,0.1,0.1,1.7076667971023207,0.05073172520769229,0.05823781537855055,2.276533799270811,34.88782365432539
0.0,0.1,0.6,0.2,0.1,1.7076668116813327,0.051772507907044255,0.06729642222592136,2.2674751924234404,34.01935376525172
0.0,0.2,0.55,0.15,0.1,1.707666970222232,0.05183347783791412,0.06719712566588609,2.2675744889834757,33.95602411779032
0.15,0.45,0.3,0.05,0.05,1.7076670299596488,0.05171046417169224,0.06447061132329268,2.270301003326069,34.02015805795997
0.05,0.15,0.6,0.1,0.1,1.7076671974302475,0.051810138073240246,0.06694568497886477,2.2678259296704972,33.961341800730466
0.2,0.15,0.6,0.0,0.05,1.707667438228083,0.051708331225958325,0.06538843273683947,2.2693831819125223,34.015428932210014
0.0,0.2,0.55,0.1,0.15,1.7076674482842296,0.05183390978733979,0.06729767543065379,2.267473939218708,33.926244190405896
0.1,0.45,0.3,0.0,0.15,1.7076681054780787,0.05174163342877463,0.06515696842919616,2.2696146462201656,33.95259631559415
0.35,0.35,0.3,0.0,0.0,1.7076683969519713,0.05144412491960799,0.062157746334443154,2.2726138683149184,34.21538522018933
0.05,0.45,0.3,0.2,0.0,1.7076685381783374,0.05177858193694,0.06534062424821507,2.2694309904011467,34.035874027879586
0.2,0.4,0.35,0.0,0.05,1.707669217916969,0.051679547208809774,0.06421923400783358,2.2705523806415284,34.02599219868128
0.0,0.45,0.3,0.1,0.15,1.707669441180899,0.05180287323580046,0.06612754717070501,2.2686440674786565,33.9378650461363
0.1,0.05,0.65,0.0,0.2,1.707669543177377,0.05172117963084237,0.06676038997292144,2.2680112246764406,33.97316609837985
0.5,0.05,0.45,0.0,0.0,1.707669827378723,0.05115502331546033,0.06099469447934758,2.273776920170014,34.4465563808517
0.25,0.25,0.5,0.0,0.0,1.7076701008889688,0.05166016334007605,0.06433472035275711,2.270436894296605,34.05841790690868
0.0,0.5,0.2,0.25,0.05,1.707670109627059,0.05173174568061486,0.06532345310724597,2.269448161542116,34.06891489258467
0.5,0.15,0.35,0.0,0.0,1.707670117861382,0.05115069202908837,0.0605272513986177,2.274244363250744,34.450494035711046
0.55,0.0,0.4,0.05,0.0,1.7076702754591626,0.05099758678495408,0.06000301255149143,2.27476860209787,34.60777828299363
0.25,0.05,0.65,0.0,0.05,1.7076704135303058,0.05161348337886825,0.06500171232947416,2.2697699023198874,34.08701360468558
0.25,0.05,0.65,0.05,0.0,1.7076706465944818,0.05161527761025905,0.06490111445708413,2.269870500192278,34.11754517820646
0.45,0.0,0.55,0.0,0.0,1.7076715139318337,0.05126164356342814,0.062083981718956016,2.2726876329304058,34.3617717009876
0.55,0.1,0.3,0.05,0.0,1.7076719478576337,0.05099582743294021,0.05953560536936453,2.2752360092799973,34.61185376162652
0.15,0.45,0.3,0.1,0.0,1.7076719800801596,0.051713106307468684,0.06437025787854278,2.270401356770819,34.051006628557786
0.55,0.0,0.4,0.0,0.05,1.7076725700148265,0.05099383506449449,0.06010381306498869,2.274667801584373,34.57656892131699
0.6,0.0,0.2,0.15,0.05,1.7076731164866525,0.05073477217704469,0.05813735519357355,2.276634259455788,34.91986476681812
0.1,0.05,0.65,0.2,0.0,1.7076735954598288,0.051720438551147746,0.06635832809574649,2.2684132865536153,34.09355908857584
0.15,0.5,0.2,0.0,0.15,1.7076744348467905,0.051636740631719094,0.06406901812783294,2.270702596521529,34.03031363608198
0.3,0.1,0.6,0.0,0.0,1.7076748380770692,0.05157008161532652,0.06418173730078935,2.2705898773485726,34.12825587102146
0.25,0.3,0.45,0.0,0.0,1.7076750143454178,0.051654316555423616,0.06410113639556592,2.2706704782537956,34.06074564530476
0.0,0.15,0.55,0.3,0.0,1.7076751195991438,0.05176841645337143,0.06686144004816041,2.2679101746012016,34.0833530144299
0.55,0.1,0.3,0.0,0.05,1.7076757757137684,0.050991555531252654,0.05963646765173247,2.2751351469976293,34.58069462857249
0.05,0.0,0.65,0.25,0.05,1.7076768632404922,0.051682236538401316,0.06680987623565837,2.267961738413703,34.122876042790125
0.05,0.05,0.65,0.1,0.15,1.707677104275172,0.05174984434878233,0.0671459112099917,2.26762570343937,33.995231927480745
0.05,0.15,0.6,0.05,0.15,1.7076772111511684,0.051809963413323404,0.0670466532931071,2.2677249613562545,33.93216427025581
0.05,0.15,0.6,0.15,0.05,1.7076772709206467,0.05180989801567271,0.06684557022270954,2.2679260444266522,33.992061766790016
0.5,0.25,0.2,0.05,0.0,1.707677291753751,0.05109149366313816,0.059690397946324136,2.275081216703038,34.531395121032006
0.0,0.05,0.6,0.3,0.05,1.7076779800213142,0.05170432599165586,0.06706144385639101,2.267710170792971,34.11803057721322
0.05,0.05,0.65,0.15,0.1,1.7076783783534701,0.05174899834978381,0.0670454166249761,2.267726198024386,34.025186011663436
0.0,0.4,0.35,0.25,0.0,1.7076790481852981,0.05181234116645207,0.06606034945539907,2.2687112651939625,34.0269516900247
0.6,0.0,0.2,0.05,0.15,1.7076805421655694,0.05072826472434348,0.05833911423773164,2.27643250041163,34.85737058947285
0.0,0.45,0.3,0.2,0.05,1.707680905791584,0.051804207231718115,0.0659270066722415,2.2688446079771203,33.9987041344926
0.4,0.0,0.6,0.0,0.0,1.7076818948489043,0.05136628922443173,0.06293972450895469,2.2718318901404073,34.28130822921253
0.15,0.45,0.3,0.0,0.1,1.7076821595353504,0.05170741361746518,0.06457182072706869,2.270199793922293,33.99085333282022
0.5,0.25,0.2,0.0,0.05,1.7076828700416398,0.05108681264306909,0.05979131452523556,2.274980300124126,34.50042918357009
0.0,0.25,0.5,0.25,0.0,1.7076847510772581,0.0518286131372125,0.06676271078760676,2.2680089038617552,34.020219762679986
0.25,0.2,0.55,0.0,0.0,1.707684993867872,0.051664676490254045,0.06456920503965691,2.2702024096097047,34.057215608106105
0.0,0.2,0.55,0.2,0.05,1.707686582585338,0.0518326341784456,0.06709745326453564,2.267674161384826,33.98734689856414
0.05,0.45,0.3,0.0,0.2,1.7076868190408554,0.05177246495525935,0.06574353326016591,2.269028081389196,33.91670779471803
0.6,0.0,0.25,0.1,0.05,1.7076878375256601,0.05078561679616003,0.05850831268924073,2.276263301960121,34.833428786342616
0.0,0.2,0.55,0.05,0.2,1.707688012179223,0.05183392870078746,0.06739907800736655,2.2673725366419952,33.89800324964942
0.6,0.0,0.25,0.05,0.1,1.707691258699301,0.05078207374873629,0.05860917516989983,2.276162439479462,34.802157120244786
0.25,0.45,0.25,0.05,0.0,1.7076914174240518,0.05157507568569201,0.06303136703569656,2.271740247613665,34.13546069101555
0.0,0.45,0.3,0.05,0.2,1.7076938332425058,0.05180159598477382,0.06622910474139831,2.2685425099079635,33.90975638028132
0.1,0.3,0.5,0.05,0.05,1.707695024568996,0.05182811760324885,0.06602782678446961,2.268743787864892,33.94145491625132
0.05,0.05,0.65,0.05,0.2,1.70769591652987,0.051750274401191516,0.06724725887252858,2.267524355776833,33.96682023281432
0.1,0.35,0.45,0.05,0.05,1.707696949123489,0.051821573874732435,0.06579399535287656,2.2689776192964852,33.94373742766649
0.25,0.45,0.25,0.0,0.05,1.7076973152561208,0.05157120285037174,0.06313221405275748,2.2716394005966043,34.10513945730186
0.3,0.45,0.2,0.05,0.0,1.7076974711398685,0.05147504184567744,0.06217698721094811,2.272594627438414,34.21311866104289
0.0,0.1,0.6,0.25,0.05,1.7076977142850056,0.051770642869610306,0.0671972344141214,2.2675743802352404,34.05146006220157
0.2,0.5,0.2,0.05,0.05,1.7076992839981076,0.05160371316283328,0.06338380653720166,2.27138780811216,34.09958454981212
0.5,0.0,0.5,0.0,0.0,1.7076993899950204,0.05115518417982212,0.06122976616865072,2.2735418484807113,34.44628438979946
0.6,0.0,0.2,0.2,0.0,1.707699504505724,0.05073740639375106,0.05803775817334156,2.27673385647602,34.95349835634465
0.25,0.35,0.4,0.0,0.0,1.7076997302347663,0.05164713805222679,0.06386845091773274,2.270903163731629,34.06420068188989
0.05,0.05,0.65,0.2,0.05,1.7076997433545178,0.051747737683051874,0.06694579969670889,2.267825814952653,34.056686397511974
0.5,0.2,0.3,0.0,0.0,1.7076999631981202,0.05114652572157481,0.060294875399474535,2.274476739249887,34.45416334856317
0.15,0.1,0.65,0.05,0.05,1.7077018221557558,0.05174831032119222,0.06610950888054345,2.2686621057688185,34.00705338096749
0.05,0.5,0.25,0.1,0.1,1.7077018850217813,0.05176606250846709,0.06530929490914983,2.269462319740212,33.97911960071993
0.05,0.35,0.45,0.1,0.05,1.7077021758699418,0.05185406677295812,0.06627956948913383,2.2684920451602277,33.936301410874606
0.55,0.15,0.25,0.05,0.0,1.707702485278305,0.050992947881247586,0.05930324807337728,2.2754683665759847,34.61559592570628
0.1,0.3,0.5,0.1,0.0,1.7077028280271163,0.05182961041248205,0.06592761003031877,2.268844004619043,33.972287463357105
0.2,0.5,0.2,0.1,0.0,1.7077029195785118,0.05160698326720381,0.06328338302224457,2.271488231627117,34.130507888814165
0.3,0.45,0.2,0.0,0.05,1.7077039175848836,0.0514708006308852,0.06227787289352693,2.272493741755835,34.182694991636886
0.1,0.35,0.45,0.1,0.0,1.707703985792583,0.051823327205909535,0.06569374698134722,2.2690778676680146,33.97454336484182
0.6,0.0,0.25,0.15,0.0,1.707704483314362,0.05078874534119193,0.058408290594071266,2.2763633240552905,34.8662875610307
0.05,0.35,0.45,0.05,0.1,1.7077049205528845,0.05185276668042477,0.06638021958681883,2.268391395062543,33.906409518699064
0.05,0.3,0.5,0.1,0.05,1.7077055770184433,0.051860260438004076,0.0665136894311773,2.2682579252181845,33.934259660667564
0.05,0.5,0.25,0.15,0.05,1.707706592523758,0.05176764767231716,0.06520895940971916,2.2695626552396426,34.00965580689606
0.55,0.15,0.25,0.0,0.05,1.7077070773046432,0.05098841644544868,0.05940413988979354,2.2753674747595682,34.58446101273195
0.1,0.5,0.25,0.1,0.05,1.7077072883614886,0.05173604876810318,0.06472378714279459,2.270047827506567,34.01705135471559
0.1,0.3,0.5,0.0,0.1,1.7077073054701077,0.05182621251972302,0.06612890268043703,2.2686427119689245,33.91216277645009
0.05,0.15,0.6,0.0,0.2,1.7077073088898955,0.051809374634312046,0.06714848060045031,2.2676231340489115,33.9045233407945
0.05,0.15,0.6,0.2,0.0,1.7077074360159858,0.051809244546939845,0.06674633365935456,2.268025280990007,34.024328244780264
0.05,0.3,0.5,0.05,0.1,1.7077075549198328,0.05185922048446624,0.06661430788170675,2.2681573067676553,33.90434100989512
0.6,0.05,0.2,0.1,0.05,1.7077076195566496,0.05078524756305518,0.05827542352343773,2.276496191125924,34.836615467650034
0.1,0.1,0.65,0.05,0.1,1.7077098899881988,0.05178145083457642,0.0666960470493263,2.2680755676000355,33.96938342200065
0.1,0.35,0.45,0.0,0.1,1.7077099959224886,0.0518194094175408,0.06589510231956441,2.2688765123297974,33.91447194967677
0.4,0.35,0.25,0.0,0.0,1.7077101150917902,0.05133990760415217,0.06130468512256271,2.273466929526799,34.296886480103844
0.1,0.1,0.65,0.1,0.05,1.7077104300218633,0.05178181730119343,0.06659551493495308,2.2681760997144087,33.9995022270046
0.15,0.1,0.65,0.0,0.1,1.707711585521237,0.05174707602991485,0.0662104987665948,2.268561115882767,33.97756164542808
0.6,0.05,0.2,0.05,0.1,1.707711805909124,0.05078144444894755,0.05837631599120918,2.2763952986581524,34.80536779244931
0.15,0.1,0.65,0.1,0.0,1.7077121445061914,0.05174912827946628,0.06600937893804026,2.2687622357113213,34.03808882622581
0.1,0.5,0.25,0.05,0.1,1.7077128810830966,0.05173360162474246,0.06482457098952721,2.2699470436598346,33.9871446574566
0.1,0.25,0.55,0.05,0.05,1.70771290957732,0.051833330287828674,0.0662625611313441,2.2685090535180175,33.94029482747589
0.15,0.0,0.7,0.05,0.1,1.707713405098552,0.051688415035064134,0.0663096431224337,2.268461971526928,34.04067919253188
0.45,0.3,0.25,0.0,0.0,1.7077137446512585,0.05124184233202794,0.0606834321385894,2.2740881825107726,34.37605331099719
0.6,0.0,0.2,0.0,0.2,1.7077143485214232,0.0507243915624512,0.058441257338584185,2.2763303573107776,34.8284993217608
0.6,0.0,0.25,0.0,0.15,1.7077147438739413,0.05077811700359561,0.05871088352252585,2.2760607311268357,34.77246614061279
0.15,0.0,0.7,0.1,0.05,1.7077149301390313,0.05168862873716587,0.06620913431455833,2.2685624803348032,34.07094714216449
0.0,0.5,0.2,0.3,0.0,1.7077149539349135,0.0517315716684198,0.06522483332014062,2.269546781329221,34.102370026247115
0.15,0.3,0.5,0.05,0.0,1.7077152711956387,0.051793620942498425,0.06544276883807854,2.269328845811283,33.98093658187611
0.2,0.5,0.2,0.0,0.1,1.707715724929197,0.05160003625545772,0.06348508413648513,2.2712865305128767,34.070208834980725
0.0,0.0,0.65,0.15,0.2,1.7077165449057636,0.051709135421943116,0.06759908944061466,2.267172525208747,34.027502561746736
0.0,0.45,0.3,0.25,0.0,1.7077167694208666,0.051804264463017884,0.06582803731320852,2.2689435773361533,34.03144506086595
0.05,0.5,0.25,0.05,0.15,1.707717258371172,0.0517640706946307,0.06541048019187023,2.2693611344574913,33.95012639510162
0.15,0.3,0.5,0.0,0.05,1.7077177694842796,0.05179126321542585,0.06554344225977138,2.2692281723895906,33.95072977192115
0.0,0.0,0.65,0.2,0.15,1.7077185590202615,0.05170707699332595,0.06749865776809916,2.2672729568812624,34.05729691557217
0.05,0.4,0.4,0.1,0.05,1.7077185830216028,0.05184654449752759,0.06604635189815489,2.268725262751207,33.939466378668754
0.1,0.4,0.4,0.05,0.05,1.7077186791943966,0.05181370097807636,0.06556106453936605,2.269210550109996,33.94714418096267
0.2,0.0,0.7,0.05,0.05,1.7077189187237234,0.05165305488926864,0.06572356228553544,2.2690480523638263,34.079334151529466
0.05,0.35,0.45,0.15,0.0,1.7077195171985036,0.05185495573351852,0.066179772454529,2.268591842194833,33.9677362548313
0.25,0.15,0.6,0.0,0.0,1.7077196973473792,0.051667854208270345,0.06480459304715858,2.269967021602203,34.05713737084874
0.1,0.25,0.55,0.1,0.0,1.7077214815861732,0.051834562356774486,0.0661623770243267,2.268609237625035,33.97115471493099
0.15,0.35,0.45,0.05,0.0,1.707721752598154,0.051786988062305014,0.06520919301319328,2.2695624216361683,33.98343442651688
0.1,0.5,0.25,0.15,0.0,1.7077217768397392,0.05173808867218679,0.06462385326363851,2.270147761385723,34.04850464363285
0.05,0.4,0.4,0.05,0.1,1.7077220926949659,0.05184498450085095,0.0661470326611453,2.2686245819882167,33.90960058618475
0.3,0.4,0.3,0.0,0.0,1.707722352055113,0.051537830982782896,0.06278114376116006,2.271990470888202,34.14314690748583
0.6,0.05,0.2,0.15,0.0,1.7077234992121995,0.05078863725894273,0.05817537096356862,2.276596243685793,34.86945043882536
0.2,0.45,0.3,0.05,0.0,1.7077236312129864,0.051673306181628215,0.06388728149137979,2.2708843331579818,34.06170911084443
0.05,0.3,0.5,0.15,0.0,1.707723686003412,0.05186088811762603,0.0664139246177835,2.2683576900315785,33.96572123509008
0.0,0.5,0.25,0.15,0.1,1.7077241820808882,0.05179382068292603,0.06579548698618609,2.2689761276631755,33.9731831926827
0.1,0.25,0.55,0.0,0.1,1.7077244227354589,0.051831684824839935,0.06636360499669891,2.2684080096526626,33.91097539581486
0.1,0.4,0.4,0.1,0.0,1.7077249508037808,0.0518157145924717,0.06546078555374102,2.2693108290956205,33.97792420997417
0.15,0.35,0.45,0.0,0.05,1.7077250167996043,0.05178437058100715,0.06530989748406024,2.2694617171653015,33.95325413308025
0.0,0.2,0.55,0.25,0.0,1.7077262877775108,0.05183137800698196,0.0669986473944133,2.2677729672549485,34.02021925229714
0.0,0.15,0.6,0.1,0.15,1.7077264917085744,0.051836128364002775,0.0675344186832334,2.2672371959661284,33.92727745089901
0.2,0.1,0.65,0.0,0.05,1.7077265136703343,0.0517100859882893,0.06562498231751945,2.269146632331842,34.016685016092715
0.2,0.1,0.65,0.05,0.0,1.707726533874172,0.05171177152957394,0.0655243953936322,2.2692472192557296,34.0470941796912
0.0,0.15,0.6,0.15,0.1,1.7077267857072687,0.0518354354415082,0.06743390354894307,2.267337711100419,33.957085856002934
0.6,0.0,0.3,0.05,0.05,1.7077276303182263,0.05083547267504624,0.058880256754039406,2.2758913578953224,34.75088092553999
0.2,0.0,0.7,0.0,0.1,1.7077276956818594,0.051651972242799354,0.06582452802577099,2.268947086623591,34.049693687258056
0.05,0.35,0.45,0.0,0.15,1.707727748248406,0.051851056047295035,0.06648172815628683,2.2682898864930747,33.87805460037333
0.15,0.25,0.55,0.05,0.0,1.7077285982258794,0.051798921995722357,0.06567724688119192,2.2690943677681696,33.97956293270771
0.05,0.25,0.55,0.1,0.05,1.7077287905406573,0.05186512364613427,0.06674871411219163,2.2680229005371704,33.93333941952123
0.05,0.0,0.65,0.3,0.0,1.7077288411414089,0.0516797975957,0.06671154228270382,2.2680600723666577,34.15669716362417
0.2,0.45,0.3,0.0,0.05,1.7077289771935353,0.051669801736645565,0.0639880878779231,2.2707835267714387,34.0314860481152
0.0,0.5,0.25,0.1,0.15,1.7077292539574485,0.051792691049284884,0.06589622315661581,2.268875391492746,33.94355971911557
0.1,0.1,0.65,0.0,0.15,1.7077294352382884,0.05178066860664891,0.06679743897831192,2.26797417567105,33.940804793402705
0.05,0.3,0.5,0.0,0.15,1.7077296167061715,0.05185776884226495,0.06671578536314549,2.268055829286216,33.875959296300124
0.05,0.25,0.55,0.05,0.1,1.7077299998362196,0.051864344045536685,0.06684929990693433,2.2679223147424272,33.90339332291185
0.2,0.0,0.7,0.1,0.0,1.7077302269922279,0.05165371945877116,0.0656234562029201,2.2691481584464417,34.110521861993725
0.15,0.25,0.55,0.0,0.05,1.7077303288182373,0.051796824273844994,0.06577788827228859,2.268993726377073,33.9493289331099
0.35,0.0,0.65,0.0,0.0,1.707730546293201,0.051469122252255604,0.0637970032531916,2.27097461139617,34.204834930541914
0.1,0.1,0.65,0.15,0.0,1.707731058345315,0.05178176742005439,0.06649583728385022,2.2682757773655116,34.03116725501873
0.05,0.5,0.25,0.2,0.0,1.7077313852329539,0.051768827480345704,0.06510949822385315,2.2696621164255086,34.04173903090861
0.15,0.0,0.7,0.0,0.15,1.707731964932961,0.05168778381293175,0.06641101141649752,2.268360603232864,34.01195486162891
0.1,0.0,0.7,0.1,0.1,1.7077324167496148,0.051720139740925854,0.06679623961929826,2.2679753750300637,34.03374646045232
0.1,0.4,0.4,0.0,0.1,1.7077324900770443,0.05181127741473959,0.06566220164274217,2.2691094130066194,33.91790476392228
0.0,0.35,0.45,0.1,0.1,1.7077331461810896,0.05188141641080262,0.06686681744557021,2.2679047972037916,33.90042602120744
0.6,0.0,0.3,0.1,0.0,1.7077345358785565,0.05083909726921276,0.05877983254034547,2.275991782109016,34.78297237675778
0.05,0.4,0.4,0.15,0.0,1.7077351584012255,0.051847694532843464,0.06594652369400222,2.2688250909553593,33.97087525174015
0.6,0.05,0.2,0.0,0.15,1.7077360553080623,0.050777228728434036,0.058478053866661606,2.2762935607827,34.775700999785656
0.3,0.05,0.65,0.0,0.0,1.707736249826664,0.051570783011329446,0.06441832737587094,2.270353287273491,34.129714346454435
0.15,0.0,0.7,0.15,0.0,1.707736543060025,0.051688424320296224,0.06610947965400671,2.2686621349953553,34.10276480187413
0.1,0.5,0.25,0.0,0.15,1.7077385520161945,0.051730747879257806,0.06492621027325352,2.2698454043761083,33.95877857382309
0.35,0.4,0.25,0.0,0.0,1.7077387201723173,0.05143522628612555,0.061927156079497614,2.272844458569864,34.22141487395093
0.0,0.5,0.25,0.2,0.05,1.7077391950098484,0.051794545595180146,0.0656956249895897,2.269075989659772,34.004350161411374
0.6,0.05,0.25,0.05,0.05,1.7077398219706974,0.05083495252035959,0.05864704923307085,2.276124565416291,34.75358497612484
0.0,0.0,0.65,0.25,0.1,1.7077406644714666,0.051704603529047585,0.06739909161326518,2.2673725230360966,34.088640677773014
0.1,0.0,0.7,0.05,0.15,1.7077406732854894,0.051720377717350434,0.06689715019587306,2.267874464453489,34.00439388270959
0.0,0.35,0.45,0.15,0.05,1.7077407073997917,0.051881851959379104,0.06676661949764617,2.2680049951517156,33.930947622538966
0.6,0.0,0.3,0.0,0.1,1.7077407912434985,0.05083143339306075,0.05898152856572891,2.275790086083633,34.72036940396856
0.0,0.3,0.5,0.1,0.1,1.7077411082391643,0.05188751976548236,0.06710119560556271,2.267670419043799,33.89859717715505
0.05,0.05,0.65,0.25,0.0,1.7077412016866753,0.05174606154218336,0.06684704962097032,2.2679245650283915,34.089739858613456
0.15,0.5,0.25,0.05,0.05,1.7077412706884565,0.05169974425995208,0.06424007887679073,2.2705315357725713,34.026537439684375
0.05,0.1,0.65,0.1,0.1,1.7077415004422634,0.05181111103945949,0.06718307919820243,2.2675885354511593,33.963283935688565
0.25,0.4,0.35,0.0,0.0,1.7077442445974567,0.051638629861395134,0.06363666200277973,2.271134952646582,34.068785364381185
0.1,0.0,0.7,0.15,0.05,1.7077442476756655,0.05171948422125367,0.06669618306278013,2.2680754315865816,34.064645185934104
0.0,0.4,0.4,0.1,0.1,1.7077449933339295,0.051873985260527826,0.066633342484399,2.268138272164963,33.903376529468474
0.15,0.5,0.25,0.1,0.0,1.7077454601308428,0.0517026459209205,0.06413969741754277,2.2706319172318192,34.05736201297623
0.0,0.35,0.45,0.05,0.15,1.7077456704531357,0.05188057033393512,0.06696786837820157,2.26780374627116,33.871443951708
0.05,0.4,0.4,0.0,0.15,1.7077456844235692,0.05184301514074863,0.0662485714060419,2.26852304324332,33.88127190486553
0.6,0.05,0.25,0.1,0.0,1.7077459612627066,0.05083883772390037,0.05854659441719923,2.2762250202321628,34.78565209287144
0.0,0.15,0.6,0.05,0.2,1.7077462841834044,0.05183640718351293,0.06763578739132892,2.267135827258033,33.89900826706426
0.0,0.05,0.65,0.15,0.15,1.707747097382289,0.05177335855813025,0.06763472133200388,2.2671368933173577,33.991597438606696
0.0,0.15,0.6,0.2,0.05,1.7077471707813778,0.05183432974269163,0.06733426655678643,2.2674373480925754,33.98843735750191
0.05,0.25,0.55,0.15,0.0,1.7077476689243118,0.05186548985929252,0.06664898259910856,2.268122632050253,33.96482851182448
0.15,0.4,0.4,0.05,0.0,1.7077480383788939,0.05177902523740783,0.06497651717232311,2.2697950974770387,33.98705836937796
0.0,0.1,0.6,0.3,0.0,1.7077487103355127,0.051768361765764555,0.06709887959514793,2.267672735054214,34.08512429866021
0.55,0.05,0.4,0.0,0.0,1.7077488520807886,0.05104655115240077,0.06014259766038599,2.2746290169889756,34.53590244743556
0.0,0.3,0.5,0.15,0.05,1.70774943711514,0.0518876944183958,0.06700102991738022,2.2677705847319816,33.92914566096729
0.5,0.25,0.25,0.0,0.0,1.707749603485508,0.0511410285443656,0.06006339391438309,2.2747082207349787,34.45896960266507
0.1,0.2,0.6,0.05,0.05,1.7077506082688538,0.05183721018750355,0.06649820103472881,2.268273413614633,33.940255815946045
0.05,0.1,0.65,0.05,0.15,1.7077507409775086,0.05181119685753408,0.06728401256598682,2.267487602083375,33.934077483349405
0.05,0.25,0.55,0.0,0.15,1.7077512938057287,0.05186315163704222,0.06695074536159007,2.267820869287772,33.874984226927836
0.0,0.4,0.4,0.15,0.05,1.7077517886656275,0.05187468150273153,0.06653311330737965,2.2682385013419823,33.933871964939364
0.55,0.1,0.35,0.0,0.0,1.707751998489127,0.051044855590348555,0.05990902461482084,2.274862590034541,34.53802951199421
0.15,0.4,0.4,0.0,0.05,1.7077520667398436,0.05177614827300572,0.06507725173651369,2.269694362912848,33.956903948857956
0.05,0.1,0.65,0.15,0.05,1.7077523476991154,0.05181060946401526,0.06708300020960123,2.2676886144397606,33.99403314275048
0.05,0.5,0.25,0.0,0.2,1.7077527093898717,0.05176167287710476,0.06551252079461434,2.2692590938547474,33.922670414948485
0.55,0.2,0.2,0.05,0.0,1.7077528184377895,0.05098873806822705,0.05907178582318884,2.275699828826173,34.62047777646852
0.0,0.3,0.5,0.05,0.15,1.7077528657104204,0.05188693344262434,0.0672022148651803,2.2675693997841817,33.86958821209991
0.6,0.05,0.25,0.0,0.1,1.7077537482469367,0.05083065371062555,0.05874835114989008,2.2760232634994715,34.723097929369075
0.0,0.5,0.25,0.05,0.2,1.7077544060763872,0.05179115538177245,0.06599780903754993,2.268773805611812,33.91547592426893
0.05,0.45,0.35,0.1,0.05,1.7077547944608091,0.05183769559427507,0.06581403461054491,2.268957580038817,33.94375675096549
0.0,0.05,0.65,0.1,0.2,1.707755601888961,0.05177465765131703,0.06773561593242272,2.2670359987169393,33.9625538042818
0.25,0.0,0.7,0.0,0.05,1.7077562026869353,0.05161276032839437,0.06523946745754672,2.269532147191815,34.08980492126326
0.15,0.5,0.25,0.0,0.1,1.7077571597375698,0.0516964354255899,0.06434131600062676,2.2704302986487352,33.997257137493634
0.25,0.0,0.7,0.05,0.0,1.7077572101940288,0.051614293569373734,0.06513890522849453,2.2696327094208675,34.120365941833725
0.55,0.2,0.2,0.0,0.05,1.7077581730058868,0.050983947489642543,0.05917270630154525,2.2755989083478165,34.58936653664203
0.0,0.4,0.4,0.05,0.15,1.7077582825528494,0.051872879660654556,0.06673442412923025,2.2680371905201318,33.874420739336074
0.0,0.05,0.65,0.2,0.1,1.7077586830891536,0.05177164544198628,0.06753470440671272,2.267236910242649,34.02218413499829
0.05,0.45,0.35,0.05,0.1,1.707759067361891,0.051835875948779024,0.06591474508223238,2.2688568695671294,33.913916428833865
0.1,0.2,0.6,0.1,0.0,1.707759950627802,0.05183818131880606,0.06639805063278859,2.2683735640165734,33.97114380180721
0.1,0.45,0.35,0.05,0.05,1.7077602107877947,0.05180450091949766,0.06532903238383292,2.269442582265529,33.951677477540564
0.2,0.3,0.5,0.0,0.0,1.7077610046908682,0.051752917197098416,0.0649594017177122,2.2698122129316496,33.99166750133635
0.1,0.2,0.6,0.0,0.1,1.7077613518031476,0.0518358245707315,0.06659921188211104,2.2681724027672505,33.91090843431491
0.15,0.2,0.6,0.05,0.0,1.707761737813446,0.051802889469186895,0.06591262971917988,2.2688589849301817,33.97931205263502
0.15,0.2,0.6,0.0,0.05,1.7077626988909511,0.05180105198283057,0.0660132380710754,2.2687583765782864,33.949050161862814
0.55,0.0,0.45,0.0,0.0,1.7077655089281847,0.051046910594345615,0.060377070034148606,2.2743945446152134,34.534909007728245
0.1,0.45,0.35,0.1,0.0,1.7077657190391007,0.05180677455839071,0.06522872376246802,2.2695428908868935,33.98243227027669
0.0,0.35,0.45,0.2,0.0,1.7077683585043988,0.051881878331726215,0.06666729912834302,2.2681043155210188,33.963012778538044
0.0,0.25,0.55,0.1,0.1,1.707768883578897,0.05189229348879774,0.06733647941755283,2.2674351352318087,33.897888369814424
0.2,0.25,0.55,0.0,0.0,1.7077690081015011,0.051758566248395525,0.06519359273307046,2.269578021916291,33.99005195992747
0.1,0.0,0.7,0.0,0.2,1.7077690140837536,0.05172019875584783,0.06699892019841491,2.267772694450947,33.976581566041936
0.05,0.45,0.35,0.15,0.0,1.7077706055691715,0.051839106478000704,0.06571417626271403,2.269057438386648,33.97514038377711
0.6,0.1,0.2,0.05,0.05,1.7077718121902494,0.05083310090908387,0.058414738449034775,2.2763568762003272,34.75742873500992
0.05,0.2,0.6,0.1,0.05,1.7077718205939705,0.051868654691712306,0.06698464626761824,2.2677869683817438,33.93353944940955
0.05,0.2,0.6,0.05,0.1,1.7077722594210067,0.051868135636430925,0.06708519836944116,2.2676864162799206,33.9035651924124
0.2,0.35,0.45,0.0,0.0,1.7077728067158855,0.05174593580642274,0.06472611133764294,2.270045503311719,33.994408467372345
0.25,0.1,0.65,0.0,0.0,1.7077742154799478,0.051669694818853085,0.06504088731485025,2.2697307273345118,34.05818229082565
0.0,0.5,0.25,0.25,0.0,1.7077742951383565,0.05179486494973441,0.06559662624559381,2.269174988403768,34.0370672963146
0.1,0.45,0.35,0.0,0.1,1.707774783966296,0.051801818537850215,0.06543019871428557,2.2693414159350764,33.9224635511129
0.55,0.15,0.3,0.0,0.0,1.7077749442859396,0.05104182599952623,0.05967634864355631,2.2750952660058053,34.5412921267031
0.1,0.0,0.7,0.2,0.0,1.707776170459079,0.05171841241608157,0.0665970051904583,2.2681746094589035,34.09709418237432
0.0,0.45,0.35,0.1,0.1,1.7077766456922205,0.051865228291721605,0.06640076861084232,2.2683708460385192,33.90745080548291
0.6,0.1,0.2,0.1,0.0,1.7077771868104175,0.0508372463495013,0.05831425395171652,2.2764573606976453,34.789472134347776
0.0,0.3,0.5,0.2,0.0,1.7077778567399728,0.051887458754720166,0.06690174240998292,2.2678698722393786,33.96123769479174
0.0,0.25,0.55,0.15,0.05,1.7077779819180523,0.051892207065226494,0.0672363470475319,2.26753526760183,33.928464480262605
0.0,0.35,0.45,0.0,0.2,1.7077782770223702,0.05187931432801465,0.06706977777109802,2.2677018368782638,33.84399563807976
0.0,0.4,0.4,0.2,0.0,1.707778672938062,0.051874969737592834,0.06643376117727406,2.2683378534720875,33.96591106016915
0.0,0.25,0.55,0.05,0.15,1.7077798723615336,0.051891967129488244,0.06743746601624334,2.267334148633118,33.86885186499062
0.05,0.1,0.65,0.0,0.2,1.7077800661043303,0.051810867511428355,0.06738580573112252,2.267385808918239,33.90640794251999
0.0,0.45,0.35,0.15,0.05,1.7077826768765834,0.05186618500485172,0.06630050920924724,2.2684711054401143,33.93792076305084
0.05,0.0,0.7,0.1,0.15,1.7077826901947937,0.0517482563064513,0.06738477492541817,2.267386839723944,33.9989132011666
0.0,0.0,0.65,0.3,0.05,1.7077828626116407,0.0517017127685321,0.06730035801239076,2.267471256636971,34.121542400529435
0.25,0.5,0.2,0.05,0.0,1.70778311369999,0.05156407048563336,0.06280168666456509,2.271969927984797,34.1427879894453
0.05,0.1,0.65,0.2,0.0,1.7077832871531367,0.051809693437537226,0.06698380025242856,2.267787814396933,34.026329189430385
0.05,0.45,0.35,0.0,0.15,1.7077834212746212,0.051833648146458196,0.06601631311467626,2.2687553015346857,33.88561345645928
0.0,0.3,0.5,0.0,0.2,1.7077847063327558,0.051885936042640066,0.06730409315679475,2.2674675214925673,33.842112981357126
0.05,0.0,0.7,0.15,0.1,1.7077847408428897,0.05174714889170564,0.06728431742992025,2.2674872972194415,34.02889734774179
0.05,0.55,0.2,0.1,0.1,1.707786050859797,0.051754466257528414,0.06507912245866443,2.269692492190697,33.986164583453274
0.15,0.05,0.7,0.05,0.05,1.7077860520143604,0.051748380995621575,0.06634726180089823,2.2684243528484638,34.00966851009439
0.6,0.1,0.2,0.0,0.1,1.7077865021321528,0.05082854296922734,0.058516069617395194,2.2762555450319666,34.72696565046292
0.0,0.15,0.6,0.25,0.0,1.7077876493419695,0.05183281046989624,0.06723549689170727,2.2675361177576545,34.02133868347447
0.6,0.0,0.35,0.05,0.0,1.7077896603773821,0.05088845744022953,0.0591523617951637,2.275619252854198,34.703473160433276
0.25,0.5,0.2,0.0,0.05,1.707789770245999,0.051559939263887744,0.06290256069997668,2.271869053949385,34.11249035534017
0.05,0.55,0.2,0.15,0.05,1.707789998613836,0.05175631115793348,0.06497875934178898,2.269792855307573,34.01667717917458
0.45,0.35,0.2,0.0,0.0,1.7077900720532297,0.05123388281027203,0.06045314142757707,2.2743184732217845,34.382405567436656
0.0,0.05,0.65,0.25,0.05,1.7077903616102026,0.05176951748483962,0.06743555428584669,2.2673360603635153,34.05432046182866
0.0,0.45,0.35,0.05,0.15,1.707790698033293,0.051863863420826696,0.06650188003262292,2.268269734616739,33.87852070779044
0.05,0.2,0.6,0.15,0.0,1.7077914701590227,0.051868759274266464,0.0668849491632173,2.2678866654861443,33.96505687392677
0.0,0.4,0.4,0.0,0.2,1.7077916531301578,0.051871365309194964,0.06683636373187829,2.2679352509174837,33.84699882705282
0.6,0.0,0.35,0.0,0.05,1.707792494223293,0.050884336645625965,0.05925319516475436,2.2755184194846074,34.67213984637519
0.05,0.2,0.6,0.0,0.15,1.7077927836295332,0.05186720268265067,0.06718661083079702,2.2675850038185645,33.87512809919524
0.4,0.4,0.2,0.0,0.0,1.7077933360389266,0.05133081532646791,0.06107469122742537,2.2736969234219364,34.303646111639196
0.6,0.05,0.3,0.05,0.0,1.7077934951856402,0.05088804826202554,0.05891880509690628,2.2758528095524557,34.705671773546186
0.15,0.45,0.35,0.05,0.0,1.7077941245326476,0.05176973447533821,0.06474473941695003,2.2700268752324115,33.99181079811076
0.15,0.05,0.7,0.0,0.1,1.7077950412724774,0.051747407119415285,0.06644821637540499,2.2683233982739566,33.980147411018464
0.1,0.55,0.2,0.1,0.05,1.707796008974244,0.05172435899732488,0.06449386863558071,2.270277746013781,34.024318526259044
0.2,0.2,0.6,0.0,0.0,1.7077968210445635,0.051762881177550756,0.06542868686991943,2.2693429277794426,33.9895603060167
0.6,0.05,0.3,0.0,0.05,1.707797095475669,0.05088366739404862,0.059019669191214374,2.2757519454581474,34.67436330086415
0.15,0.05,0.7,0.1,0.0,1.7077971490066832,0.05174893751923549,0.0662471680215393,2.2685244466278225,34.04073369960322
0.1,0.05,0.7,0.05,0.1,1.7077986817305697,0.051781435419213574,0.06693405936382502,2.2678375552855368,33.97220656856842
0.15,0.45,0.35,0.0,0.05,1.7077989153255473,0.05176659831880958,0.06484550314274196,2.26992611150662,33.96168163776354
0.3,0.45,0.25,0.0,0.0,1.7077995647104878,0.051527800597807365,0.06255084883208073,2.272220765817281,34.14958730846298
0.1,0.05,0.7,0.1,0.05,1.7077999966666646,0.05178154084967874,0.06683356334398294,2.2679380513053786,34.0023550763198
0.05,0.0,0.7,0.05,0.2,1.7078007263310584,0.05174894677850053,0.06748608642581111,2.2672855282235505,33.97047190983008
0.05,0.55,0.2,0.05,0.15,1.7078021827031626,0.05175221597617494,0.06518033509438004,2.269591279554982,33.95719547578287
0.1,0.55,0.2,0.05,0.1,1.7078023604560169,0.05172165301877647,0.06459467971425248,2.270176934935109,33.994435594302985
0.2,0.5,0.25,0.05,0.0,1.7078024227393456,0.051662494813410155,0.06365700176155675,2.2711146128878053,34.06831234814629
0.0,0.55,0.2,0.15,0.1,1.7078030310439059,0.05178257816168784,0.06556503202257247,2.269206582626789,33.97998405096737
0.2,0.4,0.4,0.0,0.0,1.7078044101415357,0.05173762398284335,0.0644937194460673,2.2702778952032947,33.998276875370294
0.0,0.1,0.65,0.1,0.15,1.7078053587844926,0.05183701340912147,0.06777207474934199,2.26699953990002,33.92942769953453
0.2,0.05,0.7,0.0,0.05,1.7078054092869301,0.05171050286540014,0.0658624421980798,2.268909172451282,34.01906208134807
0.2,0.05,0.7,0.05,0.0,1.707806203348904,0.05171192759689449,0.06576189066411087,2.269009723985251,34.04950065283343
0.0,0.1,0.65,0.15,0.1,1.7078064267883417,0.05183605936708752,0.0676715953421223,2.2671000193072395,33.95926534007451
0.05,0.0,0.7,0.2,0.05,1.7078068828784532,0.05174562581301446,0.06718473853688112,2.267586876112481,34.06042827017688
0.0,0.25,0.55,0.2,0.0,1.7078071717886052,0.05189170921300052,0.067137093531622,2.2676345211177398,33.9605842360357
0.1,0.15,0.65,0.05,0.05,1.707808124864245,0.051839755701719496,0.06673474948836322,2.2680368651609983,33.94133700349417
0.2,0.5,0.25,0.0,0.05,1.7078085284277316,0.0516587317230808,0.06375783577082372,2.271013778878538,34.03811340845066
0.25,0.45,0.3,0.0,0.0,1.7078085535010827,0.05162879412643789,0.06340576806284104,2.2713658465865207,34.0745025400337
0.0,0.45,0.35,0.2,0.0,1.7078087959728185,0.05186673490834946,0.06620112639272091,2.268570488256641,33.9699345864816
0.0,0.55,0.2,0.1,0.15,1.7078088624066252,0.0517811891605552,0.06566579593851651,2.2691058187108455,33.95038452450768
0.1,0.55,0.2,0.15,0.0,1.7078097374202255,0.05172665900439032,0.06439390727265404,2.2703777073767077,34.05574855400138
0.05,0.5,0.3,0.1,0.05,1.7078108062174835,0.05182752217815584,0.06558261591298375,2.269188998736378,33.94917520268925
0.0,0.25,0.55,0.0,0.2,1.7078109450658756,0.05189122857410145,0.06753931228858967,2.267232302360772,33.841349172828465
0.05,0.55,0.2,0.2,0.0,1.7078140303208897,0.05175775196789371,0.0648792702613763,2.2698923443879853,34.04873727162486
0.15,0.15,0.65,0.05,0.0,1.7078146941783316,0.051805521744886875,0.0661489202793788,2.268622694369983,33.980182984835515
0.15,0.15,0.65,0.0,0.05,1.7078148838817837,0.05180394470302915,0.06624949455448914,2.2685221200948726,33.94989247385688
0.05,0.5,0.3,0.05,0.1,1.7078158406078159,0.05182544315941414,0.06568335516062818,2.2690882594887336,33.91935975258842
0.0,0.2,0.6,0.1,0.1,1.7078164763600765,0.051895735891420505,0.06757267168423242,2.2671989429651296,33.89829844005641
0.6,0.1,0.25,0.05,0.0,1.7078171300612908,0.05088630565417234,0.058686146153247964,2.276085468496114,34.70900892296402
0.0,0.55,0.2,0.2,0.05,1.7078172832504892,0.051783563707932516,0.06546514199061737,2.2693064726587444,34.01112753509578
0.1,0.05,0.7,0.0,0.15,1.70781745259366,0.05178091320924567,0.06703541606224706,2.267736198587115,33.943598632272824
0.3,0.0,0.7,0.0,0.0,1.7078174813756597,0.05157014448209918,0.06465582760149036,2.2701157870478714,34.13229631183542
0.55,0.2,0.25,0.0,0.0,1.7078176856417429,0.051037464567904894,0.0594445678285056,2.2753270468208564,34.545692734182765
0.1,0.15,0.65,0.0,0.1,1.7078180968524723,0.051838630134891324,0.06683572630114587,2.267935888348216,33.91196098663984
0.1,0.15,0.65,0.1,0.0,1.7078182394162131,0.05184046571984441,0.06663463387954693,2.268136980769815,33.97225387264402
0.5,0.3,0.2,0.0,0.0,1.7078190349154467,0.05113420280004136,0.059832805469831385,2.27493880917953,34.46491591778924
0.1,0.05,0.7,0.15,0.0,1.707821400416679,0.05178122891870383,0.06673392266889322,2.2680376919804686,34.0340502110199
0.6,0.1,0.25,0.0,0.05,1.7078214951470558,0.05088166509365004,0.058787040076144326,2.2759845745732177,34.6777247029416
0.1,0.5,0.3,0.05,0.05,1.7078215399450976,0.05179397583236072,0.06509789725777915,2.2696737173915826,33.95734011103962
0.0,0.1,0.65,0.05,0.2,1.7078243778170172,0.05183755230913712,0.06787340856432222,2.2668982060850396,33.901129613905844
0.0,0.45,0.35,0.0,0.2,1.707824830707712,0.05186209100553767,0.06660384897851634,2.2681677656708454,33.85112471096642
0.05,0.5,0.3,0.15,0.0,1.707825854706972,0.05182919366405607,0.06548272842302838,2.2692888862263336,33.98053429557514
0.1,0.5,0.3,0.1,0.0,1.7078262865164797,0.05179650921722108,0.06499755995548151,2.2697740546938805,33.9880703080607
0.0,0.2,0.6,0.15,0.05,1.7078263460096044,0.05189538823254806,0.06747257372040383,2.267299040928958,33.92890294790421
0.0,0.2,0.6,0.05,0.15,1.7078266945270386,0.051895669683012846,0.06767362460525916,2.2670979900441024,33.86923372425997
0.0,0.1,0.65,0.2,0.05,1.707827586441891,0.051834691510043815,0.06757199492856003,2.2671996197208015,33.9906464190638
0.0,0.5,0.3,0.1,0.1,1.7078280992966133,0.05185514761891611,0.06616909404963867,2.268602520599723,33.91265143823236
0.1,0.55,0.2,0.0,0.15,1.7078287888740227,0.05171854171434987,0.06469634599051877,2.270075268658843,33.966093788701116
0.35,0.45,0.2,0.0,0.0,1.707828832158467,0.051425002319013084,0.06169745823203798,2.273074156417324,34.22858355280053
0.0,0.5,0.3,0.15,0.05,1.7078333680472038,0.05185636455992241,0.06606880540332871,2.268702809246033,33.94309657585339
0.05,0.15,0.65,0.05,0.1,1.7078343378988832,0.051870593676090745,0.06732200633069674,2.267449608318665,33.90485581815732
0.05,0.15,0.65,0.1,0.05,1.7078346714474435,0.05187085201614733,0.06722148898934677,2.267550125660015,33.934858976578354
0.0,0.55,0.2,0.05,0.2,1.707834772776057,0.05177939539596749,0.06576740928790281,2.269004205361459,33.92232514789947
0.15,0.55,0.2,0.05,0.05,1.7078353024038875,0.051687702602222586,0.06401044066385575,2.2707611739855063,34.03405233200337
0.05,0.05,0.7,0.1,0.1,1.707835630662292,0.051810748212522094,0.06742138874948855,2.2673502258998735,33.966344206895535
0.1,0.5,0.3,0.0,0.1,1.7078368736541862,0.051791034940417924,0.06519909192883433,2.2695725227205275,33.92815113698107
0.05,0.55,0.2,0.0,0.2,1.7078383909590151,0.051749560968882495,0.06528240279822062,2.269489211851141,33.92976408970278
0.15,0.55,0.2,0.1,0.0,1.7078387327977445,0.05169086346323583,0.06391003209961355,2.270861582549748,34.06485348538156
0.05,0.5,0.3,0.0,0.15,1.7078409548789584,0.051822957220259605,0.06578495161618525,2.2689866630331768,33.891081992865296
0.0,0.05,0.65,0.3,0.0,1.707842134115086,0.05176697244779597,0.06733723807897407,2.267434376570388,34.088015135492775
0.0,0.5,0.3,0.05,0.15,1.707842912960118,0.05185352374970139,0.0662702343373116,2.26850138031205,33.88374647676739
0.05,0.05,0.7,0.05,0.15,1.7078440960035266,0.05181109466587534,0.06752228609360844,2.2672493285557533,33.93710810465574
0.2,0.15,0.65,0.0,0.0,1.707844447702544,0.05176586033037532,0.06566468696172834,2.2691069276876332,33.990191475450935
0.05,0.05,0.7,0.15,0.05,1.7078472536188603,0.05180998498955705,0.06732134667869882,2.2674502679706627,33.99712348204239
0.25,0.05,0.7,0.0,0.0,1.7078485525345897,0.05167019677426056,0.06527809114078154,2.2694935235085802,34.06034993235734
0.05,0.0,0.7,0.25,0.0,1.7078491187208558,0.051743686267490936,0.06708602746077297,2.2676855871885886,34.09351275096832
0.0,0.55,0.2,0.25,0.0,1.7078516214234956,0.05178414495567478,0.06536611490859912,2.2694054997407624,34.043821640020624
0.15,0.55,0.2,0.0,0.1,1.7078519492080255,0.05168413584266959,0.06411170466580307,2.270659909983559,34.00479597934647
0.05,0.15,0.65,0.0,0.15,1.7078540903601753,0.051869920375435793,0.0674233848026684,2.2673482298466934,33.876390086070145
0.05,0.35,0.5,0.05,0.05,1.7078542671462862,0.05191341932768274,0.06665519193811487,2.268116422711247,33.88047350608858
0.05,0.15,0.65,0.15,0.0,1.7078550940233417,0.05187069482631947,0.06712182743330875,2.267649787216053,33.966405573840674
0.2,0.45,0.35,0.0,0.0,1.7078558109751372,0.05172798375268682,0.06426222422921257,2.270509390420149,34.003275231850715
0.0,0.2,0.6,0.2,0.0,1.7078563078948121,0.05189462806108746,0.06737335535599276,2.267398259293369,33.9610512959955
0.1,0.35,0.5,0.05,0.0,1.7078563717069424,0.05188122294145242,0.06606941814661127,2.2687021965027503,33.918764188473915
0.0,0.2,0.6,0.0,0.2,1.7078569973050426,0.051895190188497566,0.06777543791228258,2.266996176737079,33.84170299897954
0.0,0.0,0.7,0.15,0.15,1.707858025347806,0.05177142229569864,0.06787388592130883,2.266897728728053,33.99551523909636
0.0,0.5,0.3,0.2,0.0,1.7078587235959337,0.05185717591818313,0.06596939294961679,2.2688022216997448,33.97508588714278
0.1,0.35,0.5,0.0,0.05,1.7078590750589022,0.05187897384866404,0.06617007646065454,2.2686015381887072,33.888672268263036
0.15,0.5,0.3,0.05,0.0,1.7078600070871106,0.051759117905738665,0.06451385817894462,2.270257756470417,33.9976945955939
0.6,0.15,0.2,0.05,0.0,1.707860561194126,0.05088323186189515,0.05845438306465511,2.2763172315847067,34.713487145678485
0.05,0.35,0.5,0.1,0.0,1.7078618675606942,0.05191480419406003,0.06655499206894389,2.268216622580418,33.91119142538021
0.1,0.3,0.55,0.05,0.0,1.7078628120120998,0.05188765850489223,0.0663036043600107,2.268468010289351,33.91697610653604
0.05,0.4,0.45,0.05,0.05,1.7078630761262354,0.051905743199333144,0.06642165156103119,2.2683499630883306,33.88317105247573
0.1,0.3,0.55,0.0,0.05,1.7078647482835745,0.05188566928521505,0.0664042308873829,2.268367383761979,33.88685700440328
0.05,0.3,0.55,0.05,0.05,1.707865266571654,0.05191976587201348,0.06688963541178228,2.2678819792375795,33.87889879528903
0.15,0.5,0.3,0.0,0.05,1.7078655586062357,0.05175572286781822,0.06461465015744938,2.270156964491912,33.96759011510092
0.6,0.15,0.2,0.0,0.05,1.7078656894457716,0.05087833200461175,0.05855530594095648,2.2762163087084053,34.68222662732417
0.0,0.0,0.7,0.1,0.2,1.7078657529355654,0.05177298240313683,0.06797474351016941,2.266796871139192,33.966441619240896
0.6,0.05,0.35,0.0,0.0,1.7078661001693802,0.05093626574707104,0.05929201085388702,2.2754796037954748,34.62943135746908
0.05,0.35,0.5,0.0,0.1,1.707866751648988,0.05191162306965388,0.06675625237603255,2.2680153622733292,33.85129350030144
0.0,0.1,0.65,0.25,0.0,1.7078688401651183,0.05183290904426465,0.06747326271147536,2.267298351937886,34.023577673261265
0.1,0.4,0.45,0.05,0.0,1.707869738729578,0.05187345697238117,0.06583613427920532,2.2689354803701565,33.92167679996906
0.6,0.0,0.4,0.0,0.0,1.707869855957985,0.05093682282471845,0.059525886345518586,2.275245728303843,34.6277120645922
0.05,0.4,0.45,0.1,0.0,1.7078699103642905,0.051907388482018035,0.06632142032775779,2.2684501943216038,33.91386238329702
0.0,0.0,0.7,0.2,0.1,1.7078703884207342,0.051769447170160916,0.06777390696632235,2.266997707683039,34.026132409513465
0.05,0.05,0.7,0.0,0.2,1.7078726464334175,0.051811024937954246,0.0676240441117022,2.2671475705376594,33.90940932337152
0.1,0.4,0.45,0.0,0.05,1.7078732073648761,0.05187094824567364,0.06593682339613327,2.2688347912532283,33.89161139382922
0.05,0.3,0.55,0.1,0.0,1.7078736349392027,0.05192089011653271,0.06678946793934237,2.267982146710019,33.90964402846852
0.65,0.0,0.2,0.1,0.05,1.707876034431132,0.050676230226103326,0.0576602590935269,2.277111355555835,34.93942476626263
0.05,0.4,0.45,0.0,0.1,1.7078763258796048,0.051903687691895205,0.06652274283758741,2.2682488718117746,33.85401772102591
0.05,0.3,0.55,0.0,0.1,1.7078769839640608,0.05191822909813234,0.06699066404851473,2.267780950600847,33.84969149028455
0.0,0.5,0.3,0.0,0.2,1.7078778058446469,0.05185149357339841,0.0663722317837041,2.268399382865658,33.85637594096906
0.05,0.05,0.7,0.2,0.0,1.7078789692915544,0.05180880630296327,0.06722218455177664,2.267549430097585,34.02945002362864
0.65,0.0,0.2,0.05,0.1,1.7078799896619887,0.05067231843952261,0.05776115129014081,2.277010463359221,34.90801885204315
0.55,0.25,0.2,0.0,0.0,1.7078802187518964,0.051031773580334894,0.059213680582586026,2.275557934066776,34.551234306625275
0.6,0.1,0.3,0.0,0.0,1.7078821443138152,0.050934373730342944,0.059059033363921376,2.2757125812854406,34.632287680254365
0.0,0.35,0.5,0.1,0.05,1.7078827624902693,0.05194315619379006,0.06714179096536088,2.267629823684001,33.87435191549053
0.0,0.15,0.65,0.1,0.1,1.7078838908603384,0.05189784543699013,0.06780977556696688,2.266961839082395,33.89982669107832
0.15,0.35,0.5,0.0,0.0,1.7078841723621923,0.051842930197739244,0.06558532345900137,2.26918629119036,33.92841598151891
0.0,0.35,0.5,0.05,0.1,1.7078849419429332,0.05194222433064698,0.06724239216538197,2.26752922248398,33.84454514116449
0.15,0.3,0.55,0.0,0.0,1.7078852885184985,0.051849714282996694,0.06581922193667755,2.2689523927126842,33.92638620992009
0.1,0.1,0.7,0.05,0.05,1.70788546371591,0.05184096537718801,0.06697220984864583,2.2677994048007157,33.943537974192076
0.0,0.4,0.45,0.1,0.05,1.7078862451895729,0.05193583070924999,0.06690796142374933,2.2678636532256125,33.87680898503392
0.05,0.55,0.25,0.1,0.05,1.7078866143498899,0.05181602649408291,0.06535209442211243,2.2694195202272494,33.95572490821259
0.15,0.1,0.7,0.0,0.05,1.7078868880898246,0.05180550093541282,0.06648666097947364,2.2682849536698884,33.951855349866904
0.15,0.1,0.7,0.05,0.0,1.7078874716664854,0.051806817346070025,0.06638612184971038,2.268385492799651,33.982175236879414
0.1,0.25,0.6,0.05,0.0,1.7078890638126647,0.05189276193258708,0.06653869539527624,2.2682329192540855,33.91631096716674
0.0,0.4,0.45,0.05,0.1,1.7078891907935658,0.05193463881643355,0.06700859403206438,2.2677630206172976,33.84702896300918
0.15,0.0,0.75,0.05,0.05,1.7078901096060695,0.051747113036378474,0.06658593076720742,2.2681856838821544,34.013403973488465
0.1,0.25,0.6,0.0,0.05,1.707890231171113,0.05189103280316975,0.06663928912489281,2.268132325524469,33.88616398692363
0.05,0.45,0.4,0.05,0.05,1.7078916894203422,0.05189673934527903,0.06618901208289385,2.268582602566468,33.88699341488576
0.65,0.0,0.2,0.15,0.0,1.7078921428027507,0.050679728054595925,0.0575602063300964,2.2772114083192654,34.97242363346815
0.05,0.55,0.25,0.05,0.1,1.7078924085114953,0.051813688397910646,0.06545286153562313,2.2693187531137387,33.92593376452467
0.25,0.5,0.25,0.0,0.0,1.7078926530285394,0.05161763310198323,0.06317576783474643,2.2715958468146153,34.08135556799561
0.0,0.15,0.65,0.05,0.15,1.7078933364393545,0.0518980395436809,0.06791069376284131,2.2668609208865202,33.87073306695319
0.0,0.15,0.65,0.15,0.05,1.7078945337150748,0.05189723640705931,0.06770971312902008,2.267061901520342,33.93046039296317
0.1,0.1,0.7,0.0,0.1,1.7078946621882292,0.05184010004108009,0.06707315157892557,2.2676984630704364,33.91413261044035
0.05,0.25,0.6,0.05,0.05,1.7078960785687425,0.051924781115916634,0.06712498452329929,2.2676466301260625,33.878445413787134
0.1,0.1,0.7,0.1,0.0,1.707896352354033,0.051841414129503265,0.06687213015323645,2.2678994844961253,33.97448453772239
0.3,0.5,0.2,0.0,0.0,1.7078965651522797,0.05151644605615755,0.062321446413693415,2.272450168235668,34.157166949468575
0.05,0.45,0.4,0.1,0.0,1.707897759226197,0.0518986448170158,0.06608875049156837,2.2686828641577934,33.917658854060164
0.15,0.0,0.75,0.0,0.1,1.7078983227460895,0.05174639974936549,0.06668684895121135,2.26808476569815,33.98385276759172
0.0,0.3,0.55,0.1,0.05,1.70789909097239,0.05194915273514303,0.06737652548459017,2.2673950891647716,33.873016842221794
0.0,0.55,0.25,0.1,0.1,1.7078993502189692,0.05184374549156334,0.06593831735688238,2.2688332972924794,33.91898151331954
0.0,0.3,0.55,0.05,0.1,1.7079005024334342,0.05194848110241724,0.06747709426450199,2.26729452038486,33.843182633243515
0.0,0.35,0.5,0.15,0.0,1.7079006703988173,0.05194367669960096,0.06704204489266696,2.267729569756695,33.90569919386701
0.65,0.0,0.25,0.05,0.05,1.7079007955399865,0.0507251231086533,0.058031672818474656,2.276739941830887,34.853782868512226
0.05,0.55,0.25,0.15,0.0,1.7079009018516293,0.05181795831609043,0.06525217876859069,2.2695194358807713,33.98706012964898
0.2,0.55,0.2,0.05,0.0,1.7079010039925722,0.05165036092866388,0.06342761592108626,2.2713439987282755,34.07605339744377
0.15,0.0,0.75,0.1,0.0,1.7079019831770168,0.05174740797861738,0.066485874303291,2.2682857403460708,34.044499749842885
0.1,0.55,0.25,0.05,0.05,1.7079026627299903,0.05178212797502766,0.06486765786021631,2.2699039567891455,33.96413537927671
0.0,0.0,0.7,0.25,0.05,1.7079028447659401,0.051767056212344745,0.06767479579321445,2.2670968188561473,34.05829970762149
0.15,0.4,0.45,0.0,0.0,1.7079028605777795,0.05183481514643969,0.06535232568930893,2.269419288960053,33.93157143855193
0.1,0.45,0.4,0.05,0.0,1.7079029089832993,0.05186436246398334,0.06560375062384183,2.26916786402552,33.92571600459307
0.0,0.4,0.45,0.15,0.0,1.7079033860371848,0.05193661240526966,0.06680818338976136,2.2679634312596004,33.908129573359105
0.0,0.55,0.25,0.15,0.05,1.707903858227258,0.051845222397140206,0.06583800042237153,2.2689336142269902,33.94940245738289
0.65,0.0,0.2,0.0,0.15,1.7079040055269554,0.05066799352545819,0.057862888417073766,2.2769087262322882,34.87819942142218
0.0,0.05,0.7,0.1,0.15,1.7079040539142087,0.05183656353332413,0.06801064733590878,2.266760967313453,33.93269493408705
0.2,0.0,0.75,0.0,0.05,1.7079041295023156,0.05170958046742897,0.0661008161142822,2.2686707985350796,34.022560232819785
0.05,0.25,0.6,0.1,0.0,1.7079052167042421,0.051925644555519464,0.06702485050854112,2.2677467641408207,33.909218713828054
0.2,0.0,0.75,0.05,0.0,1.7079056993698298,0.05171074420895598,0.06600030106994392,2.2687713135794176,34.053029000207914
0.05,0.45,0.4,0.0,0.1,1.7079057025958755,0.05189442484511371,0.06629013326152111,2.2684814813878407,33.85786616204904
0.0,0.05,0.7,0.15,0.1,1.7079058979226796,0.05183534824837238,0.06791020478643772,2.266861409862924,33.962562592921415
0.15,0.25,0.6,0.0,0.0,1.7079062131833602,0.05185516563904656,0.06605402350685963,2.268717591142502,33.925480426374456
0.1,0.55,0.25,0.1,0.0,1.7079066492798947,0.05178492080749238,0.06476729280947868,2.270004321839883,33.99484158812619
0.05,0.25,0.6,0.0,0.1,1.7079070269550471,0.05192350403825999,0.06722598036868854,2.2675456342806735,33.849210156677174
0.1,0.45,0.4,0.0,0.05,1.7079071411351467,0.051861594363933214,0.06570446958553444,2.2690671450638273,33.89567647415078
0.65,0.0,0.25,0.1,0.0,1.7079071642827954,0.050729116691041666,0.05793121773984056,2.2768403969095212,34.88600849952024
0.0,0.35,0.5,0.0,0.15,1.7079072057413272,0.051940881677925786,0.06734385387943886,2.267427760769923,33.8162729168384
0.1,0.0,0.75,0.05,0.1,1.7079073022630584,0.05178008221560829,0.06717298875811628,2.2675986258912455,33.97614867881711
0.2,0.55,0.2,0.0,0.05,1.707907867727951,0.051646339549805784,0.06352847668788364,2.271243137961478,34.04587806593253
0.1,0.0,0.75,0.1,0.05,1.7079093941029153,0.05177992646967891,0.06707252996485846,2.2676990846845033,34.00632768713811
0.0,0.45,0.4,0.1,0.05,1.7079095349490796,0.05192717810753799,0.06667503457058266,2.268096580078779,33.880389920994155
0.2,0.1,0.7,0.0,0.0,1.7079118923725507,0.051767502187178606,0.06590159619868663,2.2688700184506754,33.99194487150939
0.0,0.4,0.45,0.0,0.15,1.7079122198359993,0.0519330373007247,0.06711008661631479,2.267661528033047,33.81878356179128
0.0,0.45,0.4,0.05,0.1,1.707913244897585,0.05192572640808823,0.06677569760229107,2.2679959170470707,33.85063599721123
0.65,0.0,0.25,0.0,0.1,1.7079144900040766,0.0507207153921035,0.058132974504811585,2.27663864014455,34.82314275336152
0.0,0.55,0.25,0.05,0.15,1.7079149234264634,0.051841862917405994,0.06603948562237849,2.2687321290269833,33.89010116426807
0.05,0.1,0.7,0.05,0.1,1.7079162396328047,0.051871716736873616,0.06755972721710735,2.2672118874322544,33.90726486018998
0.05,0.1,0.7,0.1,0.05,1.707917347515108,0.05187171421542728,0.06745924573635032,2.2673123689130117,33.93729768692214
0.0,0.3,0.55,0.15,0.0,1.7079177677007849,0.05194941187910336,0.06727681245571815,2.2674948021936436,33.90439159335646
0.6,0.15,0.25,0.0,0.0,1.7079179845502244,0.05093114894372925,0.0588269518375204,2.2759446628118414,34.6362833266615
0.05,0.55,0.25,0.0,0.15,1.7079182813351137,0.051810944647972895,0.06555448557218213,2.2692171290771794,33.89768075473597
0.1,0.55,0.25,0.0,0.1,1.7079187552234418,0.05177892890104889,0.06496888000740375,2.2698027346419583,33.9349708532481
0.0,0.3,0.55,0.0,0.15,1.7079219990647259,0.05194739754293863,0.06757852416666688,2.267193090482695,33.81488300376355
0.0,0.05,0.7,0.05,0.2,1.7079222974301784,0.051837362665149274,0.0681119452002561,2.2666596694491057,33.90436726266753
0.0,0.15,0.65,0.0,0.2,1.7079228672397888,0.05189781930303227,0.06801247312860759,2.266759141520754,33.84317371040548
0.0,0.15,0.65,0.2,0.0,1.7079252694340403,0.051896213808661794,0.06761053110872628,2.2671610835406355,33.96263822935693
0.1,0.0,0.75,0.0,0.15,1.7079252966639888,0.05177982019155733,0.0672743091673289,2.267497305482033,33.94751073608042
0.65,0.05,0.2,0.05,0.05,1.7079258808546984,0.050724408522600614,0.05779905890482717,2.2769725557445346,34.8572232445218
0.0,0.45,0.4,0.15,0.0,1.70792591045955,0.051928220800048025,0.0665752256302714,2.2681963890190904,33.91168457421164
0.2,0.5,0.3,0.0,0.0,1.7079270052510949,0.0517170172592515,0.06403162420134967,2.2707399904480123,34.00940654332999
0.0,0.05,0.7,0.2,0.05,1.7079278340821196,0.051833718137288064,0.0678106421560567,2.266960972493305,33.99397413118648
0.0,0.55,0.25,0.2,0.0,1.707928451834206,0.051846294976435954,0.06573855935697503,2.269033055292387,33.98136798542774
0.65,0.05,0.2,0.1,0.0,1.707931484314034,0.05072866250047779,0.05769857383101784,2.277073040818344,34.8894251044904
0.1,0.0,0.75,0.15,0.0,1.7079315752087636,0.051779352376006185,0.06697292747197592,2.267798687177386,34.038053825562585
0.1,0.2,0.65,0.05,0.0,1.7079351313722917,0.051896531636843456,0.06677469407821968,2.267996920571142,33.916767652721504
0.05,0.1,0.7,0.0,0.15,1.7079352183121848,0.051871303264087884,0.06766107067202243,2.2671105439773394,33.87876982154136
0.0,0.25,0.6,0.1,0.05,1.7079352348427814,0.05195381865584244,0.06761216761788336,2.2671594470314784,33.872802365947265
0.1,0.2,0.65,0.0,0.05,1.7079355279441133,0.051895062791888505,0.06687525396987182,2.26789636067949,33.8865920707758
0.0,0.25,0.6,0.05,0.1,1.7079358764330235,0.05195340743112789,0.06771270293720932,2.2670589117121525,33.842940012721485
0.0,0.45,0.4,0.0,0.15,1.7079370372929048,0.051923866282179515,0.06687722014133435,2.267894394508027,33.82241686589762
0.05,0.1,0.7,0.15,0.0,1.7079385449851316,0.05187129513505601,0.06735962090193892,2.267411993747423,33.96887432312752
0.05,0.5,0.35,0.05,0.05,1.7079401029914547,0.051886409760508546,0.06595727164298948,2.2688143430063725,33.89194305662184
0.65,0.05,0.2,0.0,0.1,1.7079403396261206,0.05071974150103911,0.05790039013302972,2.276871224516332,34.82660711540843
0.15,0.45,0.4,0.0,0.0,1.707941349090762,0.05182537102219253,0.06512022658184402,2.2696513880675178,33.93585475875523
0.25,0.0,0.75,0.0,0.0,1.7079427129317204,0.05166935866039935,0.06551620819297299,2.269255406456389,34.06364032495158
0.05,0.5,0.35,0.1,0.0,1.707945410081432,0.05188857517287394,0.06585698067464807,2.2689146339747137,33.92258327113195
0.15,0.55,0.25,0.05,0.0,1.7079456820904868,0.05174717777825508,0.06428387221662968,2.2704877424327323,34.00471315214277
0.05,0.2,0.65,0.05,0.05,1.7079467074052586,0.05192846349145319,0.06736124216581096,2.2674103724835506,33.87911232239651
0.15,0.2,0.65,0.0,0.0,1.707946950579231,0.0518592826383523,0.06628973090044621,2.2684818837489154,33.92569740620726
0.65,0.0,0.3,0.05,0.0,1.7079472554282262,0.05077751548953496,0.05830321602349864,2.2764683986258634,34.80348234267587
0.05,0.0,0.75,0.1,0.1,1.7079495926687907,0.05180904833528664,0.06766061765088249,2.267110996998479,33.970522993533486
0.0,0.55,0.25,0.0,0.2,1.7079505746546246,0.05183957530402058,0.06614151074917096,2.2686301039001906,33.86275566831813
0.65,0.0,0.3,0.0,0.05,1.707950625580322,0.050773026008454625,0.05840408042480094,2.276367534224561,34.772020507107094
0.15,0.55,0.25,0.0,0.05,1.7079519926484212,0.05174352418952477,0.06438469156064652,2.270386923088715,33.97463280542656
0.0,0.5,0.35,0.1,0.05,1.707952627710499,0.05191720035744677,0.06644300845685991,2.268328606192502,33.88509707267708
0.0,0.25,0.6,0.15,0.0,1.7079546821908091,0.05195381628931839,0.06751248874478533,2.2672591259045767,33.904205399370696
0.05,0.5,0.35,0.0,0.1,1.7079548777872775,0.051883836545764936,0.06605842181164001,2.2687131928377218,33.86284131718985
0.0,0.0,0.7,0.3,0.0,1.707955395562811,0.05176424718752891,0.0675765195307263,2.2671950951186357,34.09202585905582
0.1,0.5,0.35,0.05,0.0,1.7079558784219016,0.05185394141376831,0.06537226538199281,2.2693993492673687,33.93088435144282
0.0,0.25,0.6,0.0,0.15,1.707956603937156,0.05195258317182895,0.06781410005785049,2.2669575145915113,33.81461236835593
0.05,0.2,0.65,0.1,0.0,1.7079566171675955,0.05192906596663291,0.0672611426999532,2.2675104719494086,33.90991446898941
0.05,0.2,0.65,0.0,0.1,1.7079568848477709,0.05192744629846009,0.0674622042002575,2.267309410449104,33.84984843323078
0.0,0.5,0.35,0.05,0.1,1.707957100225356,0.051915489096104446,0.06654370095241213,2.2682279136969496,33.855368622619956
0.05,0.0,0.75,0.05,0.15,1.707957280748937,0.05180965555755431,0.06776147785906739,2.2670101367902946,33.94125648814999
0.1,0.5,0.35,0.0,0.05,1.7079608723493758,0.051850914221911217,0.06547301325453514,2.2692986013948264,33.900870089157905
0.05,0.0,0.75,0.15,0.05,1.7079619933203376,0.05180802335885339,0.06756061368440869,2.267211000964953,34.00133318900853
0.65,0.05,0.25,0.05,0.0,1.7079639856827382,0.05077691066875629,0.05807025375113839,2.2767013608982234,34.80641469965432
0.65,0.05,0.25,0.0,0.05,1.7079681212574183,0.050772161327830315,0.05817114828220449,2.2766004663671575,34.774977152464395
0.0,0.5,0.35,0.15,0.0,1.7079682395776445,0.05191850383131272,0.06634316963930531,2.2684284450100565,33.91636651682609
0.0,0.05,0.7,0.25,0.0,1.7079698648233377,0.05183167240993831,0.06771194866625163,2.26705966598311,34.026936294511145
0.0,0.1,0.7,0.1,0.1,1.707971131509551,0.05189862075013428,0.06804779459671195,2.2667238200526496,33.90247288394791
0.6,0.2,0.2,0.0,0.0,1.7079736170696678,0.05092659365242196,0.058595764570747555,2.276175850078614,34.64142112231262
0.15,0.05,0.75,0.0,0.05,1.7079787159693591,0.05180571932876571,0.06672474097301095,2.268046873676351,33.95493873202065
0.0,0.1,0.7,0.05,0.15,1.707979802476359,0.05189907531171469,0.06814867698703275,2.266622937662329,33.873349628637314
0.15,0.05,0.75,0.05,0.0,1.707980074786079,0.05180677494497479,0.06662423809037166,2.26814737655899,33.98528877718137
0.0,0.5,0.35,0.0,0.15,1.7079816541098176,0.051913370634789124,0.0666452525556922,2.2681263620936694,33.82717523821281
0.05,0.6,0.2,0.1,0.05,1.7079822149343982,0.051803210915700636,0.06512246908149777,2.269649145567864,33.963409554722155
0.0,0.1,0.7,0.15,0.05,1.707982549519143,0.05189775023779036,0.06794776883828813,2.2668238458110737,33.93313660183183
0.1,0.05,0.75,0.05,0.05,1.7079826293454121,0.05184083791610154,0.067210585846605,2.267561028802757,33.94685877095553
0.05,0.0,0.75,0.0,0.2,1.707985054341271,0.051809845609459566,0.06786319969136012,2.2669084149580017,33.91352781205293
0.05,0.6,0.2,0.05,0.1,1.707988767166456,0.051800614058355246,0.0652232631723555,2.269548351477006,33.93364218647159
0.0,0.6,0.2,0.1,0.1,1.7079903945514845,0.05183102429277711,0.06570843741683796,2.269063177232524,33.92644462605337
0.1,0.05,0.75,0.0,0.1,1.7079910522772659,0.05184023296728057,0.06731149141295378,2.267460123236408,33.91742332274054
0.0,0.2,0.65,0.05,0.1,1.70799106821688,0.051957001770803646,0.06794922114530899,2.266822393504053,33.84381631813491
0.0,0.2,0.65,0.1,0.05,1.7079911984216196,0.05195715243420533,0.0678487203576641,2.2669228942916977,33.87370755159576
0.0,0.6,0.2,0.15,0.05,1.707994143490428,0.0518327608792309,0.0656080931284504,2.2691635215209116,33.95684196957335
0.1,0.05,0.75,0.1,0.0,1.707994294020538,0.051841025274238804,0.06711054321950205,2.2676610714298597,33.97783586574135
0.05,0.0,0.75,0.2,0.0,1.707994487137075,0.051806581933540014,0.0674614906492752,2.267310124000087,34.03369117685028
0.05,0.6,0.2,0.15,0.0,1.7079957430618613,0.05180540278775621,0.0650225262211448,2.2697490884282168,33.994721539513975
0.25,0.55,0.2,0.0,0.0,1.7079965392698881,0.051605149153221286,0.06294666037741026,2.2718249542719517,34.08934833371918
0.2,0.05,0.75,0.0,0.0,1.7079991595007382,0.05176780536983653,0.06613941813889679,2.268632196510465,33.9948203610007
0.15,0.5,0.35,0.0,0.0,1.707999633869742,0.05181459984345999,0.06488902442348876,2.269882590225873,33.94126860960675
0.65,0.1,0.2,0.05,0.0,1.7080005126441036,0.050774973779231715,0.057838188311231775,2.27693342633813,34.81048979977789
0.1,0.15,0.7,0.0,0.05,1.7080006429451706,0.05189775778953856,0.06711212857657123,2.2676594860727906,33.888140575393976
0.1,0.15,0.7,0.05,0.0,1.7080010190810166,0.051898966179953286,0.06701160359424985,2.267760011055112,33.91834550930231
0.1,0.6,0.2,0.05,0.05,1.7080035752192302,0.05176895972983956,0.06463831321491753,2.270133301434444,33.9720670981567
0.65,0.1,0.2,0.0,0.05,1.7080054120086823,0.0507699649787072,0.057939112093317036,2.2768325025560445,34.779075986058665
0.0,0.6,0.2,0.05,0.15,1.7080067255425018,0.051828883327910025,0.0658096327940132,2.2689619818553486,33.89758839993176
0.1,0.6,0.2,0.1,0.0,1.7080068033897615,0.05177201169148674,0.06453792132701386,2.270233693322348,34.00274989141538
0.15,0.15,0.7,0.0,0.0,1.7080075050429995,0.051862063795913,0.06652634720391237,2.268245267445449,33.92703639147277
0.05,0.55,0.3,0.05,0.05,1.7080083128396208,0.051874756572725396,0.06572642871228274,2.2690451859370793,33.898022934336
0.0,0.1,0.7,0.0,0.2,1.7080085591987169,0.0518991144934958,0.06825042140369297,2.266521193245669,33.84576101697764
0.0,0.2,0.65,0.0,0.15,1.7080110245910547,0.05195643699425065,0.06805058448502255,2.266721030164339,33.81546002242389
0.0,0.2,0.65,0.15,0.0,1.7080114182364143,0.0519568884327987,0.06774907678378939,2.2670225378655724,33.90513970291503
0.65,0.0,0.35,0.0,0.0,1.7080124155715728,0.05082492128931265,0.05867620895690728,2.2760954056924545,34.72476401058218
0.05,0.55,0.3,0.1,0.0,1.708012858906503,0.05187718165642799,0.06562610932434332,2.2691455053250182,33.928638559855614
0.0,0.1,0.7,0.2,0.0,1.7080140609487144,0.051896465129180815,0.06784862438975736,2.266922990259604,33.965344847679305
0.05,0.6,0.2,0.0,0.15,1.7080153967533342,0.05179761284460093,0.06532491396915074,2.269446700680211,33.905413499542206
0.0,0.55,0.3,0.1,0.05,1.7080155194603623,0.05190589956615056,0.06621188146814339,2.2685597331812186,33.89093327857718
0.05,0.15,0.7,0.05,0.05,1.7080171574815926,0.051930811587167905,0.06759841159426294,2.2671732030550986,33.880898943612124
0.05,0.05,0.75,0.05,0.1,1.7080179691625308,0.051871503553312576,0.06779836483228618,2.2669732498170756,33.91079243559329
0.0,0.6,0.2,0.2,0.0,1.7080179767422081,0.05183409442589604,0.06550862445439365,2.269262990194968,33.988784410823776
0.2,0.55,0.25,0.0,0.0,1.7080179890195724,0.05170472676089659,0.06380191820115311,2.2709696964482085,34.016674329059924
0.05,0.05,0.75,0.1,0.05,1.7080198533953856,0.05187124004916937,0.06769792034720834,2.2670736943021534,33.9408557229275
0.1,0.6,0.2,0.0,0.1,1.7080204247667632,0.05176550282259809,0.06473956199477415,2.270032052654588,33.94292655179744
0.0,0.55,0.3,0.05,0.1,1.7080207527877806,0.051903929009010925,0.06631260249195359,2.2684590121574084,33.861229708742556
0.65,0.05,0.3,0.0,0.0,1.7080215560093577,0.050824167670580886,0.058442928241682734,2.276328686407679,34.72721421263769
0.0,0.0,0.75,0.1,0.15,1.7080225817014423,0.05183477751394057,0.06825014053663447,2.2665214741127273,33.93707960714077
0.05,0.55,0.3,0.0,0.1,1.7080238474764946,0.05187192494277344,0.06582760698213597,2.268944007667226,33.86894617520174
0.0,0.0,0.75,0.15,0.1,1.7080252037769965,0.05183330088720302,0.06814973601220875,2.266621878637153,33.96697809191457
0.05,0.15,0.7,0.0,0.1,1.7080265619942976,0.05193005444237729,0.0676993387666791,2.2670722758826827,33.85160571613014
0.05,0.15,0.7,0.1,0.0,1.708027840780555,0.05193115296332511,0.06749834780096697,2.267273266848395,33.911730742517065
0.1,0.55,0.3,0.05,0.0,1.7080286430336291,0.05184219594664089,0.06514167708549157,2.26962993756387,33.937184885865236
0.05,0.35,0.55,0.05,0.0,1.7080293016695776,0.05197366016129939,0.06693121401104696,2.267840400638315,33.85784558957319
0.05,0.4,0.5,0.05,0.0,1.7080297456961628,0.05196609100241284,0.06669731866060613,2.2680742959887557,33.860049352082996
0.0,0.55,0.3,0.15,0.0,1.708030369352612,0.05190746358522627,0.06611201377803133,2.2686596008713305,33.922178209438215
0.05,0.35,0.55,0.0,0.05,1.7080314404796764,0.051971779003449445,0.0670318239136225,2.2677397907357393,33.82783771030195
0.05,0.4,0.5,0.0,0.05,1.7080326509663162,0.0519639500966354,0.06679796011141348,2.2679736545379483,33.830068654999394
0.1,0.35,0.55,0.0,0.0,1.708033838775516,0.05193812425231331,0.06644609826405334,2.2683255163853087,33.86617708137078
0.1,0.55,0.3,0.0,0.05,1.70803439701767,0.05183890996526602,0.0652424529578699,2.2695291616914917,33.90719531661649
0.05,0.05,0.75,0.0,0.15,1.7080361719697228,0.05187135005812196,0.06789967220861848,2.2668719424407433,33.88226739718715
0.1,0.4,0.5,0.0,0.0,1.7080396074916298,0.05193020603873381,0.06621249134251506,2.2685591233068467,33.86862231986876
0.0,0.0,0.75,0.05,0.2,1.708040047566942,0.05183583700442282,0.06835140135741868,2.2664202132919433,33.908721641107746
0.05,0.05,0.75,0.15,0.0,1.7080418277046596,0.05187055898527273,0.06759833344380883,2.2671732812055527,33.97246328959526
0.0,0.6,0.2,0.0,0.2,1.708043133265315,0.051826338622716885,0.06591168480279408,2.2688599298465677,33.87026755796699
0.0,0.4,0.5,0.05,0.05,1.708045785850337,0.051995990058791824,0.06728381188663657,2.267487802762725,33.822946124873354
0.0,0.55,0.3,0.0,0.15,1.7080460663210568,0.051901552508799555,0.06641418229246931,2.2683574323568925,33.83306158003586
0.1,0.3,0.6,0.0,0.0,1.7080478774905448,0.051944711218933085,0.06668060841934809,2.268091006230014,33.86485620790639
0.0,0.0,0.75,0.2,0.05,1.7080479184352253,0.051831408450863634,0.06805021240746179,2.2667214022418998,33.99842099600622
0.05,0.3,0.6,0.05,0.0,1.7080486680282343,0.0519798987231005,0.06716601438227299,2.267605600267089,33.85676522015281
0.0,0.35,0.55,0.05,0.05,1.7080499021017435,0.052003469545863025,0.06751796543366884,2.267253649215693,33.82095552496352
0.05,0.45,0.45,0.05,0.0,1.7080499958893878,0.051957192948518104,0.0664643259531299,2.268307288696232,33.86337825684093
0.05,0.3,0.6,0.0,0.05,1.7080500385289816,0.05197827751575215,0.06726659172217553,2.2675050229271863,33.8267294677883
0.65,0.1,0.25,0.0,0.0,1.7080504930044458,0.0508220803928357,0.05821054446581897,2.2765610701835426,34.73080535057211
0.15,0.6,0.2,0.05,0.0,1.7080511456029082,0.051733916461489844,0.06405478061217984,2.2707168340371817,34.01287037971939
0.0,0.4,0.5,0.1,0.0,1.708053186345726,0.051997267536875745,0.06718363073586908,2.2675879839134927,33.85355321318216
0.05,0.45,0.45,0.0,0.05,1.7080536658061436,0.051954792520993005,0.06656499796517923,2.2682066166841826,33.83342407934047
0.0,0.35,0.55,0.1,0.0,1.7080580699479109,0.05200448651286425,0.067417816434854,2.2673537982145078,33.85158990852631
0.15,0.6,0.2,0.0,0.05,1.7080582135274058,0.051730004672668604,0.06415562645517658,2.2706159881941854,33.98281365702664
0.0,0.4,0.5,0.0,0.1,1.708058470675476,0.05199430212141711,0.06738485513959858,2.267386759509763,33.79387471770602
0.0,0.45,0.45,0.05,0.05,1.7080614767934397,0.051987182540768145,0.06705056178764646,2.2677210528617153,33.82606025262325
0.0,0.35,0.55,0.0,0.1,1.7080618204542302,0.05200204096350198,0.06761897710936271,2.267152637539999,33.79185680291216
0.1,0.45,0.45,0.0,0.0,1.7080651794546158,0.05192095831679498,0.06597978536920146,2.2687918292801603,33.872193782612904
0.0,0.15,0.7,0.05,0.1,1.7080660821998697,0.0519592627386231,0.06818665221482001,2.2665849624345418,33.84581104783281
0.0,0.15,0.7,0.1,0.05,1.708066986175667,0.051959152713158395,0.06808618706275782,2.266685427586604,33.87573192324436
0.0,0.45,0.45,0.1,0.0,1.7080681117327545,0.05198872033854772,0.06695034952132772,2.267821265128034,33.85664076616895
0.0,0.3,0.6,0.05,0.05,1.7080738297680953,0.0520096193157425,0.0677530248727709,2.267018589776591,33.8200867841387
0.0,0.45,0.45,0.0,0.1,1.7080749262143904,0.051985235469660294,0.06715163565182891,2.2676199789975326,33.797015540611284
0.15,0.55,0.3,0.0,0.0,1.708077710911582,0.051802503750594184,0.06465871782903543,2.2701128968203266,33.947816159534185
0.0,0.05,0.75,0.1,0.1,1.7080782029304782,0.05189806062613271,0.06828673268685592,2.266484881962506,33.90623723469446
0.1,0.25,0.65,0.0,0.0,1.7080817279084504,0.05194996534362638,0.06691602443994293,2.267855590209419,33.86465831319171
0.0,0.3,0.6,0.1,0.0,1.7080827667982965,0.05201037560444947,0.06765290909080379,2.267118705558558,33.850749210952415
0.0,0.3,0.6,0.0,0.1,1.7080849797343596,0.052008450285371995,0.06785400397735741,2.2669176106720044,33.79096009948766
0.0,0.15,0.7,0.0,0.15,1.7080852653920333,0.05195895760165641,0.06828798074236841,2.2664836339069936,33.817425438356125
0.1,0.1,0.75,0.0,0.05,1.708085580672198,0.05189911649183011,0.06734991646800936,2.2674216981813524,33.8908092805001
0.0,0.05,0.75,0.05,0.15,1.7080860972011453,0.05189877575643243,0.06838757815588647,2.2663840364934753,33.87708360030942
0.1,0.1,0.75,0.05,0.0,1.7080867314914143,0.05190006428322605,0.06724942749982388,2.267522187149538,33.92104434275518
0.05,0.25,0.65,0.05,0.0,1.708087849089044,0.05198480513682945,0.06740172250183685,2.267369892147525,33.85680696429064
0.15,0.1,0.75,0.0,0.0,1.7080878810602051,0.05186350777749603,0.0667638758702338,2.268007738779128,33.92949708659968
0.0,0.15,0.7,0.15,0.0,1.7080879803590112,0.05195862697826603,0.06798657996537694,2.266785034683985,33.90719405358159
0.05,0.25,0.65,0.0,0.05,1.708088449389475,0.051983444057811225,0.06750226623531508,2.2672693484140467,33.82674262058659
0.05,0.5,0.4,0.05,0.0,1.708090048103931,0.05194696784547381,0.06623223385270838,2.2685393807966534,33.86783453029403
0.15,0.0,0.8,0.0,0.05,1.70809037217168,0.05180459868853935,0.06696373854553328,2.2678078761038285,33.95914302164201
0.0,0.05,0.75,0.15,0.05,1.708090398107501,0.051896928546095726,0.06818674479810993,2.266584869851252,33.93693181549646
0.0,0.0,0.75,0.25,0.0,1.7080907281198225,0.05182909941806721,0.067951558963385,2.2668200556859768,34.03141507412182
0.15,0.0,0.8,0.05,0.0,1.7080925082502554,0.051805393371961585,0.06686327304750517,2.2679083416018564,33.98952403303758
0.05,0.5,0.4,0.0,0.05,1.708094480884513,0.05194430814513866,0.06633293546479946,2.2684386791845625,33.837906239236695
0.05,0.6,0.25,0.05,0.05,1.7080963149894133,0.051861782039622384,0.06549648208956937,2.2692751325597924,33.90523651036391
0.0,0.5,0.4,0.05,0.05,1.7080969707886493,0.051977048827931284,0.06681821303640656,2.2679534016129552,33.83030005190662
0.0,0.6,0.25,0.1,0.05,1.7080982062161714,0.051893277976140656,0.06598165232038866,2.268789962328973,33.897901878216366
0.65,0.15,0.2,0.0,0.0,1.7080992227347453,0.050818661699472065,0.05797905580476459,2.276792558844597,34.73554010409372
0.1,0.0,0.8,0.05,0.05,1.7080996264874744,0.05183937218587576,0.06744988160189558,2.267321733047466,33.95129989371324
0.05,0.6,0.25,0.1,0.0,1.708100101706274,0.05186446650457181,0.06539613521707399,2.269375479432288,33.93582814955359
0.0,0.5,0.4,0.1,0.0,1.708102841933582,0.05197884673084294,0.06671797066422314,2.2680536439851386,33.86085468261267
0.0,0.6,0.25,0.05,0.1,1.708104198622916,0.0518910484105472,0.0660824009596015,2.2686892136897603,33.86822262781533
0.2,0.0,0.8,0.0,0.0,1.7081062537229368,0.05176676865011592,0.06637815672147585,2.268393457927886,33.9988182719701
0.1,0.0,0.8,0.0,0.1,1.7081072717915347,0.05183902775514536,0.06755074988683885,2.267220864762523,33.92183359791723
0.05,0.1,0.75,0.05,0.05,1.7081074333681525,0.051931824157696545,0.06783649643714718,2.2669351182122144,33.883805157762495
0.1,0.5,0.4,0.0,0.0,1.7081105505442216,0.051910382962054094,0.06574797839720237,2.269023636252159,33.876893809812714
0.0,0.5,0.4,0.0,0.1,1.708111182960101,0.051974842867753,0.06691931657189043,2.2678522980774716,33.80128144447929
0.1,0.0,0.8,0.1,0.0,1.7081120692166696,0.05183929804740016,0.06734987723527874,2.2674217374140833,33.98230838217585
0.7,0.0,0.2,0.05,0.05,1.7081121485692112,0.05061296376107295,0.05718458631572321,2.2775870283336386,34.96114404189673
0.0,0.6,0.25,0.15,0.0,1.7081122957806738,0.05189510228342719,0.06588175673934193,2.26888985791002,33.92912295972944
0.05,0.6,0.25,0.0,0.1,1.708112607707187,0.05185869231503396,0.06559768759388729,2.2691739270554745,33.876184232348834
0.0,0.05,0.75,0.0,0.2,1.7081140776883847,0.051899074503327314,0.06848928658139286,2.2662823280679687,33.849465084567555
0.05,0.1,0.75,0.0,0.1,1.708116062909408,0.05193132719816469,0.06793738766265878,2.266834226986703,33.854481859957275
0.0,0.25,0.65,0.05,0.05,1.708117573173865,0.052014437839802585,0.06798899299976857,2.266782621649593,33.8203387011187
0.7,0.0,0.2,0.1,0.0,1.7081179833203899,0.05061732588543596,0.057084102196532704,2.277687512452829,34.99350860458648
0.05,0.1,0.75,0.1,0.0,1.7081188921721528,0.0519319043268329,0.06773646947494538,2.2670351451744164,33.91466744034829
0.1,0.6,0.25,0.05,0.0,1.7081211988291918,0.051829128312244864,0.06491198459285297,2.2698596300565086,33.94462116206178
0.0,0.05,0.75,0.2,0.0,1.7081226871908353,0.0518953808702162,0.06808763918672267,2.266683975462639,33.9691714168486
0.7,0.0,0.2,0.0,0.1,1.7081263735294732,0.0506081880802992,0.057285916161878614,2.2774856984874834,34.93037094065599
0.0,0.25,0.65,0.1,0.0,1.7081272812661414,0.05201493330850087,0.06788891153002408,2.2668827031193377,33.85102994582098
0.1,0.6,0.25,0.0,0.05,1.7081277111690283,0.05182558386440848,0.06501278757579665,2.269758827073565,33.914655744978404
0.0,0.25,0.65,0.0,0.1,1.7081279527977342,0.05201352853286801,0.06808993850974954,2.266681676139612,33.79118337913742
0.2,0.6,0.2,0.0,0.0,1.7081287583388987,0.051691114630131665,0.06357310538937266,2.271198509259989,34.02508263581649
0.0,0.6,0.25,0.0,0.15,1.7081302699845717,0.05188841418961281,0.06618400811277647,2.2685876065365855,33.84007929721794
0.1,0.2,0.7,0.0,0.0,1.708135394416979,0.05195388518313556,0.06715234931238867,2.267619265336973,33.86558247746276
0.05,0.0,0.8,0.05,0.1,1.708139531249966,0.0518699530325293,0.06803792337139036,2.266733691277971,33.915439116790786
0.05,0.0,0.8,0.1,0.05,1.7081421939174624,0.05186942845136341,0.0679375170547365,2.266834097594625,33.94553368215892
0.7,0.0,0.25,0.05,0.0,1.708143044051277,0.050664761833559724,0.05745557022549019,2.2773160444238716,34.907883631184845
0.05,0.2,0.7,0.0,0.05,1.708146677458466,0.051987277212379716,0.06773885050840778,2.267032764140954,33.827876326186875
0.05,0.2,0.7,0.05,0.0,1.7081468492975593,0.05198837801144659,0.06763834145649517,2.267133273192867,33.85797000605131
0.7,0.0,0.25,0.0,0.05,1.7081469475631934,0.050659904110885175,0.05755646387287938,2.2772151507764824,34.8762886972632
0.05,0.55,0.35,0.05,0.0,1.7081498982475414,0.05193541767702576,0.06600104065905521,2.268770573990307,33.873420885533065
0.0,0.55,0.35,0.05,0.05,1.7081522637505149,0.05196559090013455,0.06658676386985851,2.2681848507795035,33.835668150490996
0.05,0.55,0.35,0.0,0.05,1.708155092135251,0.051932498974995724,0.06610177093429681,2.268669843715065,33.84351787862016
0.05,0.0,0.8,0.0,0.15,1.7081569560309373,0.051870059637982815,0.06813919357121612,2.2666324210781457,33.88688336029092
0.0,0.55,0.35,0.1,0.0,1.708157372834671,0.05196764867114699,0.06648649237636706,2.268285122272995,33.86619756044611
0.0,0.1,0.75,0.05,0.1,1.7081609229751145,0.05196018912516255,0.06842499984803485,2.2663466148013267,33.84892415628269
0.0,0.1,0.75,0.1,0.05,1.708162602757767,0.05195981831083768,0.06832457147071835,2.266447043178643,33.87887546060729
0.05,0.0,0.8,0.15,0.0,1.7081649470820477,0.05186848533805347,0.0678379693306963,2.2669336453186655,33.97717309596818
0.0,0.55,0.35,0.0,0.1,1.7081672368540757,0.05196312631828954,0.06668789616137238,2.2680837184879894,33.80667508761613
0.7,0.05,0.2,0.05,0.0,1.7081726647544389,0.05066396269309774,0.05722320076080756,2.277548413888554,34.91155588243544
0.15,0.6,0.25,0.0,0.0,1.708175576230523,0.051789085003429096,0.06442930573780825,2.2703423089115535,33.955501091045676
0.1,0.55,0.35,0.0,0.0,1.7081757166854035,0.051898481981637976,0.06551706881231789,2.269254545837044,33.88272523247153
0.7,0.05,0.2,0.0,0.05,1.7081773326815437,0.05065884533850763,0.05732412396338371,2.277447490685978,34.87998471650757
0.0,0.1,0.75,0.0,0.15,1.7081793308765625,0.051960143757200906,0.068526292498029,2.266245322151333,33.82050854524318
0.0,0.2,0.7,0.05,0.05,1.7081811367789999,0.05201792375641318,0.06822587297203375,2.2665457416773283,33.82171053624298
0.0,0.1,0.75,0.15,0.0,1.7081843732743534,0.051959030771590024,0.06822500206351467,2.266546612585847,33.910368456219544
0.15,0.05,0.8,0.0,0.0,1.7081880833055318,0.05186361340934801,0.0670023207317314,2.26776929391763,33.93307965562506
0.1,0.05,0.8,0.0,0.05,1.7081903458201815,0.05189913776235482,0.06758862154913081,2.267182993100231,33.89459842347637
0.0,0.2,0.7,0.0,0.1,1.708190744055047,0.05201727431725965,0.06832678383215729,2.2664448308172043,33.79252587596737
0.0,0.2,0.7,0.1,0.0,1.7081916178632244,0.05201815829056133,0.06812582694258906,2.2666457877067727,33.852431399434955
0.1,0.05,0.8,0.05,0.0,1.708192273361325,0.05189982483767452,0.06748816973587246,2.267283444913489,33.92486441623207
0.7,0.0,0.3,0.0,0.0,1.708193171460354,0.050711206723284365,0.057828032522636796,2.2769435821267248,34.82613939290195
0.0,0.65,0.2,0.1,0.05,1.708200684016572,0.051879337963483436,0.06575232005715415,2.2690192945922076,33.90600672590681
0.05,0.65,0.2,0.05,0.05,1.7082041054811705,0.051847488547396736,0.06526743089898668,2.2695041837503753,33.913587767028346
0.0,0.0,0.8,0.1,0.1,1.7082051099865811,0.05189616404242794,0.06852659414821849,2.2662450205011435,33.911120412923324
0.05,0.65,0.2,0.1,0.0,1.7082071345047962,0.05185043208254167,0.06516705745570017,2.2696045571936616,33.94415598757634
0.0,0.65,0.2,0.05,0.1,1.7082074337865767,0.051876849698160615,0.06585309542056472,2.268918519228797,33.87635126881682
0.1,0.15,0.75,0.0,0.0,1.7082088815541054,0.05195646945553792,0.06738958638896886,2.2673820282603927,33.86762824267403
0.0,0.0,0.8,0.05,0.15,1.7082122254087575,0.0518971398274056,0.06862740154216396,2.266144213107198,33.88193562683058
0.0,0.65,0.2,0.15,0.0,1.7082140148828655,0.05188142228104476,0.0656523975449157,2.2691192171044463,33.93720458834475
0.05,0.4,0.55,0.0,0.0,1.7082146623474004,0.05202380041675768,0.06707422809452201,2.2676973865548398,33.80938596468729
0.7,0.05,0.25,0.0,0.0,1.7082152031500217,0.05071025778407603,0.057595344798725634,2.277176269850636,34.82932624188
0.05,0.05,0.8,0.05,0.05,1.708217539849445,0.051931500135167744,0.06807550071027335,2.2666961139390884,33.88783130070582
0.0,0.0,0.8,0.15,0.05,1.7082180844157646,0.05189477033753914,0.06842664535869192,2.26634496929067,33.94184672833164
0.05,0.65,0.2,0.0,0.1,1.7082211545356398,0.051844141070152915,0.06536866279211284,2.269402951857249,33.88455950697006
0.05,0.35,0.6,0.0,0.0,1.7082218175073853,0.05203152214141132,0.06730844783409706,2.267463166815265,33.80764879017369
0.05,0.15,0.75,0.0,0.05,1.7082247272907267,0.05198977573091068,0.06797634796496466,2.2667952666843973,33.83013020180114
0.05,0.05,0.8,0.0,0.1,1.7082253923136714,0.05193126346952543,0.06817635486764595,2.266595259781716,33.8584771752025
0.05,0.15,0.75,0.05,0.0,1.708225673264248,0.051990616126443207,0.06787587470347622,2.266895739945886,33.860253988643784
0.05,0.45,0.5,0.0,0.0,1.7082273134919426,0.05201474902416745,0.06684091190105668,2.267930702748305,33.81224816021249
0.0,0.6,0.3,0.05,0.05,1.708227351633965,0.051952810876188575,0.06635621285714843,2.2684154017922133,33.84216767110644
0.0,0.4,0.55,0.05,0.0,1.7082280705798623,0.05205693161037364,0.06756008264494406,2.267211532004418,33.80213332300741
0.05,0.6,0.3,0.05,0.0,1.7082295422652563,0.05192254456024212,0.06577074500266811,2.2690008696466935,33.88014053342401
0.05,0.05,0.8,0.1,0.0,1.708229776194289,0.051931319017968935,0.06797551177529582,2.266796102874066,33.91872492367355
0.0,0.4,0.55,0.0,0.05,1.70823040866606,0.05205515792255624,0.06766067411426735,2.2671109405350944,33.77223302483928
0.0,0.6,0.3,0.1,0.0,1.7082317003672567,0.051955128256239234,0.06625591320319457,2.268515701446167,33.87267249107847
0.1,0.65,0.2,0.05,0.0,1.7082335418336472,0.05181474088346833,0.06468318708692578,2.270088427562436,33.953197257689425
0.0,0.65,0.2,0.0,0.15,1.7082342611729602,0.05187395809652439,0.06595472910326539,2.268816885546096,33.84823231443188
0.0,0.45,0.5,0.05,0.0,1.7082353964871646,0.052048229817023686,0.06732647734518515,2.2674451373041764,33.80475426799801
0.05,0.6,0.3,0.0,0.05,1.7082354955253796,0.05191936714948357,0.06587150302715705,2.2689001116222047,33.85026224080225
0.0,0.45,0.5,0.0,0.05,1.7082385004061909,0.0520461964982685,0.06742710012926745,2.2673445145200946,33.774881160796745
0.0,0.0,0.8,0.0,0.2,1.7082394274390236,0.05189769825444291,0.06872907289769392,2.266042541751668,33.85428653329947
0.0,0.35,0.6,0.05,0.0,1.7082405539046657,0.05206430444800354,0.06779459333748017,2.266977021311882,33.800636501424265
0.1,0.65,0.2,0.0,0.05,1.7082408108436198,0.05181093831322393,0.06478401631188957,2.2699875983374724,33.92325548824766
0.0,0.35,0.6,0.0,0.05,1.7082421242889667,0.052062790577472144,0.06789515247330713,2.2668764621760547,33.77070832661242
0.0,0.6,0.3,0.0,0.1,1.7082430838740734,0.051950087962446365,0.06645737301275734,2.2683142416366042,33.81319962489425
0.05,0.3,0.65,0.0,0.0,1.7082487833017006,0.05203791264209049,0.0675435736548804,2.2672280409944814,33.80703508727649
0.0,0.0,0.8,0.2,0.0,1.7082511531720526,0.05189296006573718,0.06832757989060045,2.266444034758761,33.97411865605119
0.7,0.1,0.2,0.0,0.0,1.7082570279588571,0.05070797655415735,0.057363553212932406,2.2774080614364296,34.8336584573214
0.05,0.5,0.45,0.0,0.0,1.7082597667019765,0.052004369672355756,0.06660849706478178,2.26816311758458,33.81623739979052
0.1,0.6,0.3,0.0,0.0,1.7082606738338064,0.051885257510076006,0.06528705532856627,2.2694845593207953,33.88969138399793
0.0,0.5,0.45,0.05,0.0,1.7082625273495853,0.05203820073623941,0.06709377515601478,2.267677839493347,33.80850124970287
0.0,0.15,0.75,0.05,0.05,1.7082645252164514,0.052020075882200076,0.068463668320067,2.2663079463292948,33.82420200717546
0.0,0.5,0.45,0.0,0.05,1.7082663952688262,0.05203590799824499,0.06719442826375865,2.267577186385603,33.77865467608899
0.0,0.3,0.65,0.05,0.0,1.7082728508408382,0.05207034682252211,0.06803001205505232,2.2667416025943092,33.80026236034911
0.0,0.15,0.75,0.0,0.1,1.708273358082437,0.052019686426114375,0.06856454344097562,2.2662070712083864,33.794987282004726
0.0,0.3,0.65,0.0,0.05,1.7082736516117047,0.052069092928860444,0.0681305378091035,2.2666410768402585,33.77030559590602
0.0,0.05,0.8,0.05,0.1,1.7082755953594901,0.05195977990659132,0.0686642681376517,2.26610734651171,33.85315605190116
0.0,0.15,0.75,0.1,0.0,1.7082757812823142,0.0520200493965167,0.06836365889419072,2.266407955755171,33.8549533149275
0.0,0.05,0.8,0.1,0.05,1.7082780530534252,0.05195914823319929,0.06856387771226258,2.2662077369370994,33.883138597046624
0.0,0.05,0.8,0.0,0.15,1.7082932257964283,0.05195999440755187,0.06876552380794476,2.266006090841417,33.824709726527004
0.15,0.65,0.2,0.0,0.0,1.7082932258510901,0.05177434597995313,0.0642007874116024,2.2705708272377594,33.96432761590576
0.05,0.25,0.7,0.0,0.0,1.7082955641795383,0.0520429705248753,0.06777960844698305,2.2669920062023787,33.80754377340634
0.0,0.05,0.8,0.15,0.0,1.7083006019402518,0.051958098848832804,0.06846434724824602,2.2663072674011158,33.91466336912528
0.1,0.1,0.8,0.0,0.0,1.708302194048652,0.05195771705162264,0.06762773940034728,2.2671438752490145,33.87079560926707
0.15,0.0,0.85,0.0,0.0,1.7083081166904555,0.05186237968956742,0.06724168601503888,2.267529928634323,33.93778472099888
0.0,0.55,0.4,0.05,0.0,1.7083094589673449,0.05202684618863274,0.0668619741376506,2.267909640511711,33.81337665992129
0.05,0.55,0.4,0.0,0.0,1.7083120178058278,0.0519926642149013,0.06637698173574202,2.26839463291362,33.82135618859866
0.0,0.55,0.4,0.0,0.05,1.7083140890853103,0.0520242942673807,0.06696265660390588,2.267808958045456,33.7835559919993
0.1,0.0,0.85,0.0,0.05,1.7083149433302747,0.05189782064475007,0.06782824812213928,2.2669433665272223,33.89950869828735
0.1,0.0,0.85,0.05,0.0,1.708317649704099,0.05189824691657515,0.06772783464345578,2.2670437800059062,33.92980644930162
0.0,0.65,0.25,0.05,0.05,1.708322230421951,0.051938711010479935,0.06612655889601049,2.2686450557533515,33.84980224418475
0.05,0.1,0.8,0.0,0.05,1.708322603640454,0.05199093854568293,0.06821476240962077,2.266556852239741,33.83350432127282
0.05,0.1,0.8,0.05,0.0,1.7083243258074816,0.051991518444384474,0.06811432608374979,2.2666572885656118,33.86365901151595
0.0,0.25,0.7,0.05,0.0,1.7083249659004374,0.05207505739779503,0.06826634178931945,2.2665052728600426,33.80100992082451
0.0,0.25,0.7,0.0,0.05,1.7083249950970512,0.05207406361202574,0.06836683308164382,2.2664047815677177,33.77102382724718
0.0,0.65,0.25,0.1,0.0,1.7083258204945122,0.05194128771864903,0.06602623201998203,2.2687453826293797,33.88028307190034
0.05,0.65,0.25,0.05,0.0,1.7083289761277598,0.05190835074223143,0.06554134584138072,2.269230268807981,33.88799719561574
0.05,0.65,0.25,0.0,0.05,1.7083356870439244,0.05190491493748142,0.06564213072303282,2.2691294839263287,33.858143081724904
0.0,0.65,0.25,0.0,0.1,1.708338720022251,0.05193573007685753,0.06622774604595838,2.2685438686034036,33.82085872073108
0.05,0.0,0.85,0.05,0.05,1.7083474819758782,0.05192983864266641,0.06831542883281694,2.266456185816545,33.89297816305499
0.05,0.0,0.85,0.0,0.1,1.7083545551840662,0.051929862348744533,0.06841624476154773,2.266355369887814,33.863592427304994
0.05,0.0,0.85,0.1,0.0,1.7083604979747755,0.051929396191034614,0.068215479161855,2.266556135487507,33.923904008345495
0.05,0.2,0.75,0.0,0.0,1.7083621647439202,0.05204669456922649,0.06801655546611007,2.266755059183252,33.80917422753444
0.1,0.65,0.25,0.0,0.0,1.7083654179652694,0.051870711806319886,0.06505793698504814,2.2697136776643134,33.897796113736135
0.0,0.1,0.8,0.05,0.05,1.7083677433366105,0.052020893225442,0.06870238296112752,2.2660692316882343,33.82781328613561
0.0,0.1,0.8,0.0,0.1,1.7083757996648652,0.052020763836244224,0.0688032212167109,2.265968393432651,33.79856774424799
0.0,0.6,0.35,0.05,0.0,1.7083761871977337,0.05201416814020941,0.06663107268661483,2.268140541962747,33.81938337871827
0.75,0.0,0.2,0.05,0.0,1.708377008836292,0.05055019758448461,0.056609420165623314,2.2781621944837385,35.01675924187846
0.0,0.1,0.8,0.1,0.0,1.7083797764427167,0.05202060566646891,0.0686024113400796,2.266169203309282,33.858595889673026
0.75,0.0,0.2,0.0,0.05,1.708381442790277,0.050544972117431,0.05671034130792352,2.2780612733414385,34.98502662794786
0.0,0.6,0.35,0.0,0.05,1.708381577739328,0.05201135729520415,0.066731783570668,2.268039831078694,33.78958801947441
0.05,0.6,0.35,0.0,0.0,1.7083840626805196,0.051979634643911005,0.06614636439723709,2.268625250252125,33.82760752416226
0.0,0.2,0.75,0.0,0.05,1.7083961593694639,0.0520777014436932,0.06860404161907718,2.266167573030285,33.772862474818034
0.0,0.2,0.75,0.05,0.0,1.7083969037649365,0.05207843502134875,0.06850358590249606,2.2662680287468655,33.80287866293767
0.0,0.0,0.85,0.05,0.1,1.70841010444708,0.051958034259118414,0.06890446158323416,2.265867153066128,33.858507596394396
0.75,0.0,0.25,0.0,0.0,1.708412106481724,0.050595680103679284,0.05698135247868241,2.2777902621706794,34.9319170275475
0.0,0.0,0.85,0.1,0.05,1.7084133422355439,0.051957141688947245,0.06880411032808031,2.2659675043212815,33.88852221909262
0.1,0.05,0.85,0.0,0.0,1.7084153368682078,0.05195762704827622,0.06786681247035053,2.2669048021790115,33.87508503448734
0.0,0.0,0.85,0.0,0.15,1.708426955170963,0.05195850869687961,0.06900567913197464,2.265765935517387,33.83002981916128
0.0,0.45,0.55,0.0,0.0,1.7084277626592623,0.05210674774853989,0.06770361862594632,2.2670679960234157,33.7559768620032
0.0,0.4,0.6,0.0,0.0,1.7084280367180797,0.052115603336702614,0.06793754879480507,2.2668340658545567,33.753821919999595
0.0,0.0,0.85,0.15,0.0,1.7084366716126502,0.051955830451695155,0.06870462010286515,2.2660669945464966,33.92007970374223
0.0,0.7,0.2,0.05,0.05,1.7084368961170822,0.05192329369095526,0.06589780121052846,2.2688738134388333,33.85857602256631
0.0,0.7,0.2,0.1,0.0,1.7084397292027536,0.05192612942437982,0.06579744802946452,2.2689741666198975,33.889033420737796
0.05,0.05,0.85,0.0,0.05,1.7084403115107472,0.051990764784119764,0.0684540980433086,2.266317516606053,33.8379992135143
0.05,0.05,0.85,0.05,0.0,1.7084428120042277,0.051991084125729246,0.06835369983752959,2.266417914811832,33.86818562897598
0.75,0.05,0.2,0.0,0.0,1.7084470242944292,0.05059453716783636,0.05674925627673377,2.278022358372628,34.935846978041624
0.0,0.5,0.5,0.0,0.0,1.7084472937358628,0.052096564176991274,0.06747059248833409,2.2673010221610275,33.75925776333558
0.0,0.35,0.65,0.0,0.0,1.7084481203085158,0.052123129431257124,0.06817238543618775,2.266599229213174,33.7527912228917
0.05,0.7,0.2,0.05,0.0,1.7084481958236803,0.051892838598131596,0.06531284245827229,2.2694587721910895,33.89699511954262
0.05,0.15,0.8,0.0,0.0,1.708448589792709,0.052049083741338584,0.06825441834608514,2.2665171963032766,33.81192628650146
0.0,0.7,0.2,0.0,0.1,1.708454141317222,0.05192005507185361,0.06599901450623635,2.2687726001431257,33.82965656405453
0.05,0.7,0.2,0.0,0.05,1.7084556626946192,0.051889144736064895,0.06541365332580096,2.2693579613235606,33.86716468522631
0.0,0.65,0.3,0.05,0.0,1.7084627079395125,0.05200016869693529,0.06640106953109104,2.2683705451182705,33.82652478597038
0.0,0.65,0.3,0.0,0.05,1.708468857151832,0.05199709921073739,0.06650180791532456,2.268269806734037,33.79675417089534
0.05,0.65,0.3,0.0,0.0,1.7084758972374892,0.05196528308506328,0.0659166438615355,2.2688549707878263,33.83499490837738
0.0,0.55,0.45,0.0,0.0,1.7084866256474462,0.05208505429515082,0.0672384682875764,2.267533146361785,33.76366681329343
0.0,0.15,0.8,0.0,0.05,1.7084871492575373,0.05208000543624162,0.06884216713059677,2.265929447518765,33.775821448907635
0.0,0.3,0.7,0.0,0.0,1.7084880179514172,0.05212932469587277,0.06840813134696844,2.2663634833023933,33.75288352383693
0.0,0.15,0.8,0.05,0.0,1.708488669328772,0.052080478739118245,0.06874174814053258,2.266029866508829,33.80586852245354
0.1,0.7,0.2,0.0,0.0,1.708489945069172,0.05185484725194904,0.06482971314414399,2.269941901505218,33.907043802539754
0.0,0.05,0.85,0.05,0.05,1.7084907962596856,0.05202037500194599,0.06894202121515591,2.265829593434206,33.83254499863709
0.0,0.05,0.85,0.0,0.1,1.7084980738472348,0.0520205057290515,0.06904282143956109,2.2657287932098007,33.803267863226026
0.0,0.05,0.85,0.1,0.0,1.7085036085439653,0.05201982635117549,0.06884208864134056,2.265929526008021,33.86335977420506
0.0,0.6,0.4,0.0,0.0,1.7085457541658349,0.05207221992986303,0.06700724426909344,2.2677643703802683,33.769206684953176
0.0,0.25,0.75,0.0,0.0,1.7085477343271676,0.052134187981285905,0.06864478969011523,2.2661268249592466,33.75409803789495
0.1,0.0,0.9,0.0,0.0,1.708548315275482,0.051956198724209195,0.06810681013318387,2.2666648045161777,33.880497432242365
0.05,0.1,0.85,0.0,0.0,1.708554844367141,0.05205013720992488,0.06849320111354174,2.26627841353582,33.815800242855474
0.0,0.7,0.25,0.05,0.0,1.7085690171215466,0.05198485010074327,0.06617196372770029,2.2685996509216615,33.83480477478619
0.0,0.7,0.25,0.0,0.05,1.708575923270147,0.05198152227878134,0.06627272871641154,2.2684988859329502,33.80505837373949
0.05,0.0,0.9,0.0,0.05,1.7085778562117817,0.05198925378567937,0.06869435948091862,2.266077255168443,33.84361586246551
0.05,0.0,0.9,0.05,0.0,1.7085811372496644,0.051989312546308925,0.06859400062231846,2.2661776140270433,33.87383485033583
0.05,0.7,0.25,0.0,0.0,1.7085875174124157,0.051949611793978834,0.06568781926697054,2.2690837953823912,33.843522361450745
0.0,0.1,0.85,0.0,0.05,1.7085979698442177,0.0520809748145914,0.06908121372153775,2.265690400927824,33.7799011138735
0.0,0.1,0.85,0.05,0.0,1.7086002677508523,0.05208118781295179,0.06898083264856325,2.2657907820007983,33.80997988895559
0.0,0.65,0.35,0.0,0.0,1.7086246751164778,0.0520580630543007,0.06677691901257665,2.2679946956367854,33.775880545805144
0.0,0.2,0.8,0.0,0.0,1.708627274317381,0.05213771834097147,0.06888236400716519,2.2658892506421964,33.75643443788064
0.0,0.0,0.9,0.05,0.05,1.7086336894372964,0.05201852065384776,0.06918258782330544,2.2655890268260563,33.83839822372927
0.0,0.0,0.9,0.0,0.1,1.7086401859944864,0.05201891150869382,0.06928334880755038,2.265488265841811,33.80908869305877
0.0,0.0,0.9,0.1,0.0,1.7086472831289836,0.05201771093152854,0.06908269558384617,2.2656889190655156,33.869246072638404
0.8,0.0,0.2,0.0,0.0,1.708669202637238,0.05047834258062923,0.05613616502908414,2.2786354496202774,35.042180187551054
0.05,0.05,0.9,0.0,0.0,1.7086809338090672,0.05204985436487429,0.06873290820506783,2.266038706444294,33.82079684420806
0.0,0.75,0.2,0.05,0.0,1.7086951106954689,0.05196821472694939,0.06594375465965685,2.268827859989705,33.84422776692357
0.0,0.75,0.2,0.0,0.05,1.7087027720610586,0.05196462889760779,0.06604454537802629,2.2687270692713355,33.814505086259246
0.05,0.75,0.2,0.0,0.0,1.708718919158972,0.05193262315389977,0.06545989007639674,2.2693117245729653,33.85319443788454
0.0,0.7,0.3,0.0,0.0,1.7087233843643221,0.0520425857821157,0.06654749142790406,2.268224123221458,33.783692070196565
0.0,0.15,0.85,0.0,0.0,1.7087266430544124,0.05213991504976202,0.06912085823290592,2.2656507564164556,33.7598928517297
0.0,0.05,0.9,0.0,0.05,1.7087286265260244,0.052080609036238554,0.069321185911009,2.265450428738353,33.78510228760176
0.0,0.05,0.9,0.05,0.0,1.7087317045153219,0.052080561741384784,0.06922084398894213,2.2655507706604197,33.81521360548598
0.05,0.0,0.95,0.0,0.0,1.7088268638283965,0.052048234839345946,0.06897354448717752,2.2657980701621843,33.82691729411172
0.0,0.75,0.25,0.0,0.0,1.708841877803902,0.052025790363076245,0.06631896075245658,2.2684526538969054,33.792645453693524
0.0,0.1,0.9,0.0,0.0,1.7088458459799454,0.05214077762598804,0.06936027671257028,2.2654113379367917,33.76447386136229
0.0,0.0,0.95,0.0,0.05,1.7088791250828428,0.05207890781507383,0.06956208865242797,2.2652095259969336,33.791426242469036
0.0,0.0,0.95,0.05,0.0,1.70888298550322,0.05207860028436742,0.06946178716226625,2.2653098274870955,33.82157096969016
0.0,0.8,0.2,0.0,0.0,1.7089801513534573,0.052007679180162615,0.0660913265498202,2.2686802880995414,33.80274542949085
0.0,0.05,0.95,0.0,0.0,1.7089848889142685,0.05214030585789642,0.06960062422192892,2.265170990427433,33.770178503043894
0.0,0.0,1.0,0.0,0.0,1.7091437781382663,0.05213849983532227,0.06984190599075002,2.2649297086586118,33.77700826925751
